2026-05-20T23:53:27.778995Z [PATH] DB root changed: C:\Users\TRL98\Desktop\LAH_MUMT\Logs\Scenario_2026-05-21T085103\SBC3 -> C:\Users\TRL98\Desktop\LAH_MUMT\Logs\Scenario_2026-05-21T085327\SBC3
2026-05-20T23:53:27.779554Z [LOG] Mission planning log rebound: C:\Users\TRL98\Desktop\LAH_MUMT\Logs\Scenario_2026-05-21T085327\SBC3\DSS_Internal\mission_planning_gui_20260520T235327_778337Z.log
2026-05-20T23:53:27.906853Z [MODE] 슬라이더 변경 → 대기모드
2026-05-20T23:53:27.907713Z [0101/POLL] 모드 동기화 code=1
2026-05-21T00:33:58.581176Z [INFO] Latest 0203 ID updated → 1
2026-05-21T00:33:58.588876Z [INFO] Latest 0201 ID updated → 1
2026-05-21T00:33:58.725330Z [MODE] 슬라이더 변경 → 초기 임무 계획
2026-05-21T00:33:58.729466Z [0101/POLL] 모드 동기화 code=2
2026-05-21T00:33:58.821499Z [REPLAN][TIME] 0902_received_ms=0.1 wall_ms=1779323638821 trigger=general_or_unknown replanLevel=1 optionCount=1 forceDirect=0
2026-05-21T00:33:58.822672Z [REPLAN][TIME] 0902_archived_ms=1.4 wall_ms=1779323638822 path=replan_request_832638838759.json
2026-05-21T00:33:58.823235Z [AUTO] 0902 received (planIds=700000001)
2026-05-21T00:33:58.823909Z [REPLAN][TIME] pipeline_scheduled_ms=2.6 wall_ms=1779323638823 delay_ms=100
2026-05-21T00:33:58.824628Z [AUTO] replan pipeline scheduled after 0.1s delay
2026-05-21T00:33:58.931346Z [REPLAN][TIME] scheduled_start_ms=109.8 wall_ms=1779323638930
2026-05-21T00:33:58.960696Z [REPLAN][TIME] 0305_status_1_ms=139.3 wall_ms=1779323638960 reason=초기임무재계획
2026-05-21T00:33:58.961541Z [0305] status=1, reason=초기임무재계획 전송
2026-05-21T00:33:58.965832Z [INFO] Using latest 0201 ID 1 for inputMissionPackageID (fallback)
2026-05-21T00:33:58.966841Z [INFO] Using latest 0203 ID 1 for missionReferencePackageID (fallback)
2026-05-21T00:33:58.967459Z [STEP 0] Replan pipeline start (reason=초기임무재계획)
2026-05-21T00:33:58.969394Z [INFO] UAV params loaded (cruise=40.00, turn_step=15.0)
2026-05-21T00:33:58.970471Z [INFO] Latest input snapshot → 0201:ID=1,ts=832638838505,src=-, 0203:ID=1,ts=832638838538,src=-
2026-05-21T00:33:58.971516Z [STEP 0] Using latest 0201 ID 1 (1.json)
2026-05-21T00:33:58.972888Z [STEP 0] Using latest 0203 ID 1 (1.json)
2026-05-21T00:33:58.974550Z [CHECK] 0201/0203 필수 데이터 확인 시작
2026-05-21T00:33:58.975568Z [OK] 0201 inputMissionList 확인됨 (count=3) → 진행
2026-05-21T00:33:58.976183Z [OK] 0201 availableAircraftList 확인됨 (count=6) → 진행
2026-05-21T00:33:58.977432Z [OK] 0201 inputMissionPackageType=1 확인
2026-05-21T00:33:58.978269Z [OK] 0201 mainSensor=1 확인
2026-05-21T00:33:58.979983Z [CHECK] 0201 기체 수=6 (UAV=3, LAH=3)
2026-05-21T00:33:58.981081Z [CHECK] 0201 임무: total=3 missingID=0 missingDetail=0 missingShape=0 unknownType=0 typeZeroAuto=0 typeZeroInvalid=0 lineOnlyViolation=0 skippedSinglePoint=0
2026-05-21T00:33:58.981887Z [OK] 0203 takeOverInfoList 확인됨 (count=3) → 진행
2026-05-21T00:33:58.982521Z [OK] 0203 handOverInfoList 확인됨 (count=3) → 진행
2026-05-21T00:33:58.983121Z [OK] 0203 flightAreaList 확인됨 (count=1) → 진행
2026-05-21T00:33:58.983688Z [CHECK] 0203 flightAreaList count=1
2026-05-21T00:33:58.984300Z [variant 1] 일반 재계획 모드 적용
2026-05-21T00:33:58.984899Z [REPLAN][TIME] variant_started_ms=158.5 wall_ms=1779323638979 variant=1 option=1 mode=sequential
2026-05-21T00:33:58.985538Z [STEP 1.1] Divide & Pattern start
2026-05-21T00:33:58.989349Z [variant 1] [ENHANCED][1] split start: uavs=[4, 5, 6]
2026-05-21T00:33:59.019308Z [variant 1] [ENHANCED][1] split done: pieces=9
2026-05-21T00:33:59.020825Z [variant 1] [ENHANCED][2] type-decider done: profile=6 changed=9/9
2026-05-21T00:33:59.131902Z [variant 1] [ENHANCED][3] expected-path done: count=9
2026-05-21T00:33:59.144306Z [variant 1] [ENHANCED][4] area-review done: overflow=0 targets=0 pieces=9->9
2026-05-21T00:33:59.217675Z [variant 1] [ENHANCED][5] expected-velocity done: pieces=9 dbRows=7010
2026-05-21T00:33:59.501761Z [variant 1] [ENHANCED][6] 0302 export done: files=6
2026-05-21T00:33:59.502978Z [variant 1] [ENHANCED] total=521.5 ms
2026-05-21T00:33:59.504113Z [TIME] divide_and_pattern (variant=1): 521.7 ms
2026-05-21T00:33:59.505032Z [OK] IMP generated: 6 file(s) (variant=1)
2026-05-21T00:33:59.517164Z [TIME] build_0301+load (variant=1): 15.1 ms
2026-05-21T00:33:59.519227Z [OK] MissionPlan built: MissionPlan_1779323639501.json (variant=1)
2026-05-21T00:33:59.524117Z [TIME] collect_missions (variant=1): 7.1 ms, count=18
2026-05-21T00:33:59.600395Z [TIME] pathID_mapping (variant=1): 75.8 ms
2026-05-21T00:33:59.603290Z [INFO] pathID mapping done for 0302/0303/0304 (variant=1)
2026-05-21T00:34:04.258116Z [INFO] FlightPath build mode (variant=1): 0303=aircraft_parallel workers=2 aircraft=3, 0304=sequential
2026-05-21T00:34:04.259355Z [REPLAN][METRIC] flightpath_build_0303 variant=1 option=1 recon=0 mode=sequential buildMode=aircraft_parallel workers=2 aircraft=3 paths=9 reassignedWaypoints=23 elapsed_ms=4627.921 fallback=- worker_ms=4:3525.457|5:3001.083|6:1442.460
2026-05-21T00:34:04.260759Z [INFO] FlightPath build time: 0303=4627.9 ms, 0304=26.4 ms
2026-05-21T00:34:04.261662Z [INFO] Applied LAH-UAV ETA follow speed plan (variant=1)
2026-05-21T00:34:04.272329Z [OK] FlightPath counts (variant=1): 0303=9 / 0304=9
2026-05-21T00:34:04.273051Z [REPLAN][METRIC] flightpath_counts variant=1 option=1 recon=0 mode=sequential paths0303=9 paths0304=9 pathsTotal=18 waypoints0303=23 waypoints0304=18 waypointsTotal=41 maxWaypointsPerPath=3 emptyPaths=0 formationPaths=0
2026-05-21T00:34:04.313413Z [TIME] build_0302 (variant=1): 37.4 ms, packages=6
2026-05-21T00:34:04.315112Z [INFO] FlightPath individualMissionID synced (variant=1): fixed=18
2026-05-21T00:34:04.321046Z [TIME] write_0302 (variant=1): 7.6 ms, files=6
2026-05-21T00:34:04.461649Z [TIME] write_FlightPath (variant=1): 113.7 ms, files=18
2026-05-21T00:34:04.482991Z [REPLAN][METRIC] flightpath_write variant=1 option=1 recon=0 mode=sequential files0303=9 files0304=9 filesTotal=18 write_ms=113.711
2026-05-21T00:34:04.487123Z [TIME] write_0301 (variant=1): 1.2 ms
2026-05-21T00:34:04.487923Z [OK] Stored variant 1: MissionPlanID=700000001, IMP=6, FlightPath=18
2026-05-21T00:34:04.488656Z [REPLAN][TIME] variant_finished_ms=5666.0 wall_ms=1779323644486 variant=1 option=1 mode=sequential status=success duration_ms=5507.548
2026-05-21T00:34:04.489354Z [TIME] variant_total (variant=1): 5507.5 ms
2026-05-21T00:34:04.491000Z [INFO] Option mapping #1: planID=700000001, optionCode=1(시스템 추천)
2026-05-21T00:34:04.491852Z [OK] Stored mission data: MissionPlan=1, IndividualMission=6, FlightPath=18
2026-05-21T00:34:04.493841Z [REPLAN][TIME] id_tab_update_deferred_ms=5669.0 wall_ms=1779323644489
2026-05-21T00:34:04.494410Z [REPLAN][TIME] pipeline_done_ms=5669.1 wall_ms=1779323644489 plans=1 force_direct=False
2026-05-21T00:34:04.495057Z [REPLAN][TIME] 0301_queued_ms=5669.1 wall_ms=1779323644489 plans=1
2026-05-21T00:34:04.495625Z [STEP 4] 0301 push queued (planIds=700000001)
2026-05-21T00:34:04.519006Z [0301] missionPlanID=700000001 전송
2026-05-21T00:34:04.520017Z [PUSH] 0301 direct batch send
2026-05-21T00:34:04.520847Z [REPLAN][TIME] 0301_sent_ms=5699.8 wall_ms=1779323644520 plans=1
2026-05-21T00:34:04.521687Z [REPLAN][TIME] post_0301_delivery_queued_ms=5700.7 wall_ms=1779323644521 grace_ms=0 timeout_ms=20 force_direct=0 mode=option_or_0901
2026-05-21T00:34:04.522314Z [INFO] Post-0301 apply queued (mode=option_or_0901, grace=0ms, timeout=20ms, plans=1)
2026-05-21T00:34:04.525373Z [REPLAN][TIME] 0305_status_2_ms=5704.4 wall_ms=1779323644525 reason=초기임무재계획
2026-05-21T00:34:04.526157Z [0305] status=2, reason=초기임무재계획, elapsed=5.59s 전송
2026-05-21T00:34:04.526971Z [REPLAN][TIME] post_0301_completion_ready_ms=5705.9 wall_ms=1779323644526 mode=option_or_0901
2026-05-21T00:34:04.527636Z [REPLAN][METRIC] source_artifact_cache entries=8 hits=0 misses=8
2026-05-21T00:34:04.540391Z [INFO] Post-0301 ready (timeout) -> sending 0903
2026-05-21T00:34:04.541209Z [REPLAN][TIME] post_0301_flushed_ms=5720.2 wall_ms=1779323644541 delivery=0903 trigger=timeout plans=1
2026-05-21T00:34:04.541887Z [REPLAN][TIME] id_tab_update_flushed_ms=5720.9 wall_ms=1779323644541
2026-05-21T00:34:04.818664Z [REPLAN][TIME] 0903_sent_ms=5997.6 wall_ms=1779323644818 missionPlanID=700000001
2026-05-21T00:34:04.819490Z [0903] request sent (missionPlanID=700000001)
2026-05-21T00:34:04.977702Z [MODE] 슬라이더 변경 → 대기모드
2026-05-21T00:34:04.978715Z [0101/POLL] 모드 동기화 code=1
2026-05-21T00:42:07.341622Z [MODE] 슬라이더 변경 → 임무 수행
2026-05-21T00:42:07.342578Z [0101/POLL] 모드 동기화 code=3
2026-05-21T00:42:16.019422Z [REPLAN][TIME] 0902_received_ms=0.2 wall_ms=1779324136019 trigger=next_collab_direct replanLevel=3 optionCount=1 forceDirect=0
2026-05-21T00:42:16.020971Z [REPLAN][TIME] 0902_archived_ms=1.8 wall_ms=1779324136020 path=replan_request_832639335619.json
2026-05-21T00:42:16.021519Z [AUTO] 0902 received (planIds=700000002)
2026-05-21T00:42:16.022227Z [REPLAN][TIME] pipeline_scheduled_ms=3.1 wall_ms=1779324136022 delay_ms=100
2026-05-21T00:42:16.022873Z [AUTO] replan pipeline scheduled after 0.1s delay
2026-05-21T00:42:16.131966Z [REPLAN][TIME] scheduled_start_ms=112.8 wall_ms=1779324136131
2026-05-21T00:42:16.134531Z [REPLAN][TIME] 0305_status_1_ms=115.4 wall_ms=1779324136134 reason=_협업 기저 전환으로 인한 재계획
2026-05-21T00:42:16.135197Z [0305] status=1, reason=_협업 기저 전환으로 인한 재계획 전송
2026-05-21T00:42:16.138613Z [INFO] Using latest 0203 ID 1 for missionReferencePackageID (fallback)
2026-05-21T00:42:16.139647Z [STEP 0] Replan pipeline start (reason=_협업 기저 전환으로 인한 재계획)
2026-05-21T00:42:16.156152Z [NEXTCOLLAB] Level-3 next collaborative mission request detected. Using dedicated pipeline.
2026-05-21T00:42:16.211060Z [NEXTCOLLAB] division planner area-division pieces=3
2026-05-21T00:42:16.536210Z [NEXTCOLLAB] division planner final workflow=no_split paths=3
2026-05-21T00:42:18.833979Z [NEXTCOLLAB] LAH 0304 regeneration incomplete; missing pathIDs=[100000004, 200000004, 300000004]
2026-05-21T00:42:18.860639Z [NEXTCOLLAB] stored replanned artifacts -> plan:700000002.json, input:reuse(1.json), imp:6, fp:3 (24.0 ms)
2026-05-21T00:42:18.861767Z [NEXTCOLLAB][TIME] timingMs={'load_source': 3.423, 'prepare_replacements': 2618.176, 'build_artifacts': 56.447, 'write_artifacts': 26.575, 'total': 2704.637}
2026-05-21T00:42:18.862827Z [NEXTCOLLAB] log captured -> C:\Users\TRL98\Desktop\LAH_MUMT\Logs\Scenario_2026-05-21T085327\SBC3\DSS_Internal\NextCollab_2_832639336157.json
2026-05-21T00:42:18.865044Z [NEXTCOLLAB][DELIVERY] direct push start (planIds=700000002)
2026-05-21T00:42:18.866031Z [REPLAN][TIME] pipeline_done_ms=2845.8 wall_ms=1779324138864 plans=1 force_direct=True
2026-05-21T00:42:18.866548Z [REPLAN][TIME] 0301_queued_ms=2845.9 wall_ms=1779324138864 plans=1
2026-05-21T00:42:18.867270Z [STEP 4] 0301 push queued (planIds=700000002)
2026-05-21T00:42:18.867728Z [INFO] Direct delivery -> skip 0901/0701, send 0301+0903 only
2026-05-21T00:42:18.869903Z [0301] missionPlanID=700000002 전송
2026-05-21T00:42:18.870701Z [PUSH] 0301 direct batch send
2026-05-21T00:42:18.871308Z [REPLAN][TIME] 0301_sent_ms=2852.3 wall_ms=1779324138871 plans=1
2026-05-21T00:42:18.871956Z [REPLAN][TIME] post_0301_delivery_queued_ms=2852.9 wall_ms=1779324138871 grace_ms=0 timeout_ms=1200 force_direct=1 mode=direct_0903
2026-05-21T00:42:18.872501Z [INFO] Post-0301 apply queued (mode=direct_0903, grace=0ms, timeout=1200ms, plans=1)
2026-05-21T00:42:18.874911Z [REPLAN][TIME] 0305_status_2_ms=2855.8 wall_ms=1779324138874 reason=_협업 기저 전환으로 인한 재계획
2026-05-21T00:42:18.875655Z [0305] status=2, reason=_협업 기저 전환으로 인한 재계획, elapsed=2.74s 전송
2026-05-21T00:42:18.876347Z [REPLAN][TIME] post_0301_completion_ready_ms=2857.4 wall_ms=1779324138876 mode=direct_0903
2026-05-21T00:42:18.876978Z [INFO] Post-0301 ready (0305_status_2) -> sending 0903
2026-05-21T00:42:18.877561Z [REPLAN][TIME] post_0301_flushed_ms=2858.6 wall_ms=1779324138877 delivery=0903 trigger=0305_status_2 plans=1
2026-05-21T00:42:18.878187Z [REPLAN][TIME] id_tab_update_flushed_ms=2859.2 wall_ms=1779324138878
2026-05-21T00:42:19.011173Z [REPLAN][TIME] id_tab_update_deferred_ms=2846.0 wall_ms=1779324138864
2026-05-21T00:42:19.011745Z [NEXTCOLLAB] Next collaborative mission pipeline complete (planIds=[700000002], log=C:\Users\TRL98\Desktop\LAH_MUMT\Logs\Scenario_2026-05-21T085327\SBC3\DSS_Internal\NextCollab_2_832639336157.json)
2026-05-21T00:42:19.012219Z [REPLAN][METRIC] source_artifact_cache entries=15 hits=0 misses=15
2026-05-21T00:42:19.014932Z [REPLAN][TIME] 0903_sent_ms=2995.9 wall_ms=1779324139014 missionPlanID=700000002
2026-05-21T00:42:19.015639Z [0903] request sent (missionPlanID=700000002)
2026-05-21T00:45:20.887162Z [REPLAN][TIME] 0902_received_ms=0.2 wall_ms=1779324320886 trigger=attack_2_option replanLevel=2 optionCount=2 forceDirect=0
2026-05-21T00:45:20.888565Z [REPLAN][TIME] 0902_archived_ms=1.6 wall_ms=1779324320888 path=replan_request_832639519360.json
2026-05-21T00:45:20.889222Z [AUTO] 0902 received (planIds=700000003, 700000004)
2026-05-21T00:45:20.889986Z [REPLAN][TIME] pipeline_scheduled_ms=3.0 wall_ms=1779324320889 delay_ms=0
2026-05-21T00:45:20.891269Z [REPLAN][TIME] scheduled_start_ms=4.3 wall_ms=1779324320891
2026-05-21T00:45:20.893578Z [REPLAN][TIME] 0305_status_1_ms=6.6 wall_ms=1779324320893 reason=표적54 발견 재계획
2026-05-21T00:45:20.894117Z [0305] status=1, reason=표적54 발견 재계획 전송
2026-05-21T00:45:20.899363Z [INFO] Using latest 0203 ID 1 for missionReferencePackageID (fallback)
2026-05-21T00:45:20.900405Z [STEP 0] Replan pipeline start (reason=표적54 발견 재계획)
2026-05-21T00:45:20.902047Z [REPLAN][TIME] attack_exclusion_parallel_started_ms=12.3 wall_ms=1779324320899 option_index=2 sourcePlanID=700000002
2026-05-21T00:45:20.902485Z [ATTACK-EXCLUDE] parallel generation started (sourcePlanID=700000002, optionIndex=2)
2026-05-21T00:45:20.902878Z [ATTACK] 공격 특화 재계획 요청 감지 → 전용 파이프라인 실행
2026-05-21T00:45:20.908900Z [ATTACK] [TIME] select_manned_aircraft=9ms
2026-05-21T00:45:20.909431Z [ATTACK] STEP1 Selected manned aircraft: aircraft 2 (fuel=1200.0, coord=(37.722660064697266, 128.1003875732422, alt=1200))
2026-05-21T00:45:20.910409Z [ATTACK] [TIME] load_target_entries=1ms
2026-05-21T00:45:20.910885Z [ATTACK] STEP2 UAV tracking summary: watcher 6?’target 54, watcher 4?’target unknown-11, watcher 4?’target unknown-2, watcher 4?’target unknown-4, watcher 4?’target unknown-5, watcher 4?’target unknown-8, watcher 5?’target unknown-1, watcher 5?’target unknown-3, watcher 5?’target unknown-6, watcher 5?’target unknown-9, watcher 6?’target unknown-10, watcher 6?’target unknown-7, watcher 4?’target 53
2026-05-21T00:45:20.911363Z [ATTACK] STEP2.5 Using bundled 0402 targets: target=54 watcher=6
2026-05-21T00:45:20.915232Z [ATTACK] [ATTACK] Selected target id=54 type=4 weaponType=3 (preferred=3, ammo={'type1': 500, 'type2': 7, 'type3': 2})
2026-05-21T00:45:20.924542Z [ATTACK] [TIME] compute_attack_point=9ms
2026-05-21T00:45:20.925190Z [ATTACK] STEP3 Attack plan completed: lat=37.896231, lon=128.153357, alt=1085m
2026-05-21T00:45:20.925769Z [ATTACK] [ATTACK] Using remembered waypoint 104 for watcher 6 while auto-tracking.
2026-05-21T00:45:20.928773Z [ATTACK] [ATTACK] Weapon choice aircraft=2 preferred=3 selected=3 ammo={'type1': 500, 'type2': 7, 'type3': 2}
2026-05-21T00:45:20.929488Z [ATTACK] [ATTACK][ETA] Tracking ETA computed with LAH max attack speed (dist=19853.3m, speed=73.61m/s, +30s) -> 300s
2026-05-21T00:45:20.931889Z [ATTACK] [ATTACK] Using requested missionPlanID 700000003 (sourcePlanID=700000002)
2026-05-21T00:45:20.942748Z [ATTACK] [ATTACK][POINT] Primary target adaptive standoff mode=candidate_within_standoff currentDist=21853.28162973795m candidateDist=1999.9999999993508m standoff=300.0/2000.0m.
2026-05-21T00:45:20.954738Z [ATTACK] [ATTACK][ETA] UAV 4 remaining mission time: 0.0s
2026-05-21T00:45:20.971087Z [ATTACK] [ATTACK][ETA] UAV 5 remaining mission time: 0.0s
2026-05-21T00:45:20.971695Z [ATTACK] [ATTACK][ETA] Non-tracking UAV ETA selected: UAV 4 with 0s remaining
2026-05-21T00:45:20.972225Z [ATTACK] [ATTACK][ETA] All tracking ETAs unified to 0s
2026-05-21T00:45:20.992731Z [ATTACK] [ATTACK][COLLAB] Remaining UAV entry lookahead applied: 9.0s (pathFollow=3, linearFallback=3, currentOnly=0)
2026-05-21T00:45:20.994217Z [ATTACK] [PRIOR] Falling back to first mission for aircraft 2 (current waypoint not found in plan).
2026-05-21T00:45:21.351496Z [ATTACK] [ATTACK][LAH] Using max attack speed 73.61m/s (265.0km/h) for aircraft 2.
2026-05-21T00:45:21.352690Z [ATTACK] [ATTACK][LAH] Inferred current waypoint from position -> 79.
2026-05-21T00:45:21.353985Z [ATTACK] [ATTACK][LAH] Dropped current waypoint from resume path (currentWP=79, nextWP=80).
2026-05-21T00:45:21.635079Z [ATTACK] [ATTACK][LAH] Preserved completed prefix, inserted attack, and reattached 2 follow-up mission(s).
2026-05-21T00:45:21.651294Z [ATTACK] [ATTACK][LAH] Generated attack/resume missions -> IMP:800000014.json PATHS:200000005.json/200000006.json (followUps=2)
2026-05-21T00:45:21.652805Z [ATTACK] [PRIOR] Falling back to first mission for aircraft 1 (current waypoint not found in plan).
2026-05-21T00:45:21.703524Z [ATTACK] [ATTACK][LAH] Inferred current waypoint from position -> 73.
2026-05-21T00:45:21.704724Z [ATTACK] [ATTACK][LAH] Dropped current waypoint from resume path (currentWP=73, nextWP=74).
2026-05-21T00:45:22.024305Z [ATTACK] [ATTACK][LAH] Preserved completed prefix, inserted hold, and reattached 2 follow-up mission(s).
2026-05-21T00:45:22.033662Z [ATTACK] [ATTACK][LAH] Generated hold/resume missions -> IMP:800000015.json PATHS:100000005.json/100000006.json (followUps=2)
2026-05-21T00:45:22.039694Z [ATTACK] [PRIOR] Falling back to first mission for aircraft 3 (current waypoint not found in plan).
2026-05-21T00:45:22.071253Z [ATTACK] [ATTACK][LAH] Inferred current waypoint from position -> 85.
2026-05-21T00:45:22.072086Z [ATTACK] [ATTACK][LAH] Dropped current waypoint from resume path (currentWP=85, nextWP=86).
2026-05-21T00:45:22.412969Z [ATTACK] [ATTACK][LAH] Preserved completed prefix, inserted hold, and reattached 2 follow-up mission(s).
2026-05-21T00:45:22.422659Z [ATTACK] [ATTACK][LAH] Generated hold/resume missions -> IMP:800000016.json PATHS:300000005.json/300000006.json (followUps=2)
2026-05-21T00:45:23.839521Z [ATTACK] [NEXTCOLLAB] division planner area-division pieces=2
2026-05-21T00:45:23.842583Z [ATTACK] [NEXTCOLLAB] division planner final workflow=no_split paths=2
2026-05-21T00:45:23.843385Z [ATTACK] [ATTACK][COLLAB] Collaborative replacement IMP written (aircraft=4, imp=800000019.json, missions=1).
2026-05-21T00:45:23.844239Z [ATTACK] [ATTACK][COLLAB] Collaborative replacement IMP written (aircraft=5, imp=800000020.json, missions=1).
2026-05-21T00:45:23.845185Z [ATTACK] [ATTACK][COLLAB] First sweep searchSpeed boosted (aircraft=4, pathID=400000008, waypointID=146, factor=1.30, old=1108.38, new=1440.89).
2026-05-21T00:45:23.846689Z [ATTACK] [ATTACK][COLLAB] First sweep searchSpeed boosted (aircraft=5, pathID=500000008, waypointID=157, factor=1.30, old=891.80, new=1159.34).
2026-05-21T00:45:23.847418Z [ATTACK] [ATTACK][COLLAB] Collaborative remaining mission replanned (inputMissionID=2, unavailable=[6], remaining=[4, 5], workflow=no_split).
2026-05-21T00:45:23.946651Z [ATTACK] [ATTACK][UAV] Resume trimmed by currentWP (lastRemovedWP=103).
2026-05-21T00:45:23.985916Z [ATTACK] [ATTACK][UAV] Added replan anchor waypoint to done path (anchorWP=159).
2026-05-21T00:45:23.986484Z [ATTACK] [ATTACK][UAV] Resume sweep trim applied (cutPoints=83, rawCutPoints=83, doneSweepPoints=0, pathID=600000004).
2026-05-21T00:45:24.025805Z [ATTACK] [ATTACK][UAV] Resume searchSpeed scaled (factor=1.30, waypoints=1).
2026-05-21T00:45:24.210164Z [ATTACK] [ATTACK][COLLAB] Tracking UAV resume replaced with release transit (aircraft=6, targetFinishEta=94, speed=58.0m/s).
2026-05-21T00:45:24.212131Z [ATTACK] [ATTACK][UAV] Preserved completed prefix, inserted tracking, and reattached 1 follow-up mission(s).
2026-05-21T00:45:24.270471Z [ATTACK] [ATTACK][UAV] Generated tracking/resume missions -> IMP:800000021.json PATHS:600000009.json/600000010.json (followUps=1)
2026-05-21T00:45:24.272970Z [ATTACK] [ATTACK][UAV] Tracking assignment state saved (aircraft=6, sourcePlan=700000002, attackPlan=700000003).
2026-05-21T00:45:24.273912Z [ATTACK] [ATTACK][COLLAB] Aircraft 4 handled by collaborative remaining replan (inputMissionID=2).
2026-05-21T00:45:24.274774Z [ATTACK] [ATTACK][COLLAB] Aircraft 5 handled by collaborative remaining replan (inputMissionID=2).
2026-05-21T00:45:24.279666Z [ATTACK] [ATTACK][PLAN] carried area remaining snapshot -> mission_area_snapshot_700000003.json (sourcePlanID=700000002, planID=700000003)
2026-05-21T00:45:24.280173Z [ATTACK] [ATTACK][PLAN] MissionPlan saved -> 700000003.json (planID=700000003)
2026-05-21T00:45:24.281238Z [ATTACK] [ATTACK][TIME] override_detail={"phases": {"metadata_normalize": {"elapsedMs": 0.008, "attackTargetCount": 1, "selectedMannedCount": 1}, "agent_index": {"elapsedMs": 0.081, "aircraftCount": 6}, "weapon_choice": {"elapsedMs": 2.538, "selectedWeaponType": 3, "ammoAvailable": true}, "initial_tracking_eta": {"elapsedMs": 0.704, "useDetectionTracking": true, "trackingEtaS": 300}, "resolve_source_plan": {"elapsedMs": 0.857, "sourcePlanID": 700000002}, "source_plan_load": {"elapsedMs": 0.384, "sourcePlanID": 700000002, "aircraftCount": 6}, "sweep_progress_load": {"elapsedMs": 0.406, "entries": 12}, "plan_id_resolve": {"elapsedMs": 0.022, "requested": true, "missionPlanID": 700000003}, "source_artifact_cache_build": {"elapsedMs": 0.018, "aircraftEntries": 6}, "done_input_ids_load": {"elapsedMs": 1.034, "count": 1}, "plan_deepcopy": {"elapsedMs": 0.055}, "target_uav_assignment": {"elapsedMs": 0.414, "assignedTargetCount": 1, "usedTrackingUavCount": 1}, "manned_sequence_assignment": {"elapsedMs": 6.443, "aircraftCount": 1, "error": null}, "attack_coordinate_resolution": {"elapsedMs": 2.865, "resolvedCount": 1, "mannedSequenceCount": 1}, "remaining_eta": {"elapsedMs": 28.856, "allUavCount": 3, "trackingUavCount": 1, "computedEtaCount": 1, "adjustedEtaS": 0}, "descriptor_list_build": {"elapsedMs": 0.055, "descriptorCount": 6, "activeMannedCount": 1, "otherLahCount": 2, "otherUavCount": 2}, "collab_tracking_scan": {"elapsedMs": 12.14, "inputCount": 1, "unavailableUavCount": 1}, "collab_agent_state_map": {"elapsedMs": 8.239, "aircraftCount": 6}, "collab_parallel_started": {"elapsedMs": 0.691, "inputCount": 1, "workers": 1}, "collab_parallel_join": {"elapsedMs": 1422.523, "waitReason": "UAV_TRACK", "inputCount": 1}, "descriptor_loop": {"elapsedMs": 3281.491, "descriptorCount": 6, "updateCount": 4}, "final_collab_plan_update": {"elapsedMs": 0.015, "collabInputCount": 1}, "mission_plan_write": {"elapsedMs": 4.803, "missionPlanID": 700000003}, "option_meta_build": {"elapsedMs": 0.053, "targetCount": 1, "collabInputCount": 1}}, "collabRuns": [{"inputMissionID": 2, "unavailableAircraftIDs": [6], "elapsedMs": 2843.953, "status": "ok", "replacementAircraftIDs": [4, 5], "generatedPathCount": 2, "finishEtaS": 94, "workflow": "no_split"}], "descriptorDetails": [{"aircraftID": 2, "label": "manned", "mode": "LAH_ATTACK", "resolveArtifacts": {"elapsedMs": 0.944, "currentWaypointID": null, "sourcePathID": 200000001, "sourceImpID": 800000008}, "loadArtifacts": {"elapsedMs": 0.005, "impLoaded": true, "fpLoaded": true}, "cloneAndLocateMission": {"elapsedMs": 0.106, "missionCount": 3, "targetIndex": 0}, "allocateAndPlanUpdate": {"elapsedMs": 15.433, "newImpID": 800000014}, "builder": {"elapsedMs": 641.981, "builderMode": "LAH_ATTACK"}, "builderDetail": {"allocate_ids": {"elapsedMs": 339.271, "attackPathID": 200000005, "resumePathID": 200000006, "attackIndividualID": 900000024, "resumeIndividualID": 900000025, "entryWaypointID": 111, "attackWaypointID": 113}, "split_lah_resume": {"elapsedMs": 133.755, "resumeWaypointCount": 1, "removedWaypointID": 79}, "clone_followups": {"elapsedMs": 95.165, "followUpMissionCount": 2, "followUpPathCount": 2}, "payload_build": {"elapsedMs": 51.41, "hasResume": true, "followUpMissionCount": 2, "attackSpeedMps": 73.61}, "write_json": {"elapsedMs": 10.163, "fileCount": 5}, "totalMs": 640.654}, "status": "ok", "elapsedMs": 658.61}, {"aircraftID": 1, "label": "lah_hold_1", "mode": "LAH_HOLD_RESUME", "resolveArtifacts": {"elapsedMs": 1.016, "currentWaypointID": null, "sourcePathID": 100000001, "sourceImpID": 800000007}, "loadArtifacts": {"elapsedMs": 0.008, "impLoaded": true, "fpLoaded": true}, "cloneAndLocateMission": {"elapsedMs": 0.153, "missionCount": 3, "targetIndex": 0}, "allocateAndPlanUpdate": {"elapsedMs": 11.845, "newImpID": 800000015}, "builder": {"elapsedMs": 372.288, "builderMode": "LAH_HOLD_RESUME"}, "builderDetail": {"allocate_ids": {"elapsedMs": 31.578, "holdPathID": 100000005, "resumePathID": 100000006, "holdIndividualID": 900000030, "resumeIndividualID": 900000031}, "split_lah_resume": {"elapsedMs": 161.696, "resumeWaypointCount": 1, "removedWaypointID": 73}, "clone_followups": {"elapsedMs": 117.031, "followUpMissionCount": 2, "followUpPathCount": 2}, "payload_build": {"elapsedMs": 164.729, "hasResume": true, "followUpMissionCount": 2}, "write_json": {"elapsedMs": 6.329, "fileCount": 5}, "totalMs": 372.24}, "status": "ok", "elapsedMs": 385.45}, {"aircraftID": 3, "label": "lah_hold_3", "mode": "LAH_HOLD_RESUME", "resolveArtifacts": {"elapsedMs": 2.394, "currentWaypointID": null, "sourcePathID": 300000001, "sourceImpID": 800000009}, "loadArtifacts": {"elapsedMs": 0.005, "impLoaded": true, "fpLoaded": true}, "cloneAndLocateMission": {"elapsedMs": 0.117, "missionCount": 3, "targetIndex": 0}, "allocateAndPlanUpdate": {"elapsedMs": 7.841, "newImpID": 800000016}, "builder": {"elapsedMs": 376.951, "builderMode": "LAH_HOLD_RESUME"}, "builderDetail": {"allocate_ids": {"elapsedMs": 22.433, "holdPathID": 300000005, "resumePathID": 300000006, "holdIndividualID": 900000034, "resumeIndividualID": 900000035}, "split_lah_resume": {"elapsedMs": 151.101, "resumeWaypointCount": 1, "removedWaypointID": 85}, "clone_followups": {"elapsedMs": 133.792, "followUpMissionCount": 2, "followUpPathCount": 2}, "payload_build": {"elapsedMs": 190.554, "hasResume": true, "followUpMissionCount": 2}, "write_json": {"elapsedMs": 8.015, "fileCount": 5}, "totalMs": 376.896}, "status": "ok", "elapsedMs": 387.438}, {"aircraftID": 6, "label": "uav_tracking_6", "mode": "UAV_TRACK", "resolveArtifacts": {"elapsedMs": 0.029, "currentWaypointID": 104, "sourcePathID": 600000004, "sourceImpID": 800000012}, "loadArtifacts": {"elapsedMs": 0.004, "impLoaded": true, "fpLoaded": true}, "cloneAndLocateMission": {"elapsedMs": 0.224, "missionCount": 3, "targetIndex": 1}, "allocateAndPlanUpdate": {"elapsedMs": 8.658, "newImpID": 800000021}, "builder": {"elapsedMs": 414.002, "builderMode": "UAV_TRACK"}, "builderDetail": {"allocate_ids": {"elapsedMs": 84.372, "donePathID": 600000008, "attackPathID": 600000009, "resumePathID": 600000010, "trackingIndividualID": 900000042, "resumeIndividualID": 900000043, "targetWaypointID": 158}, "split_done_resume": {"elapsedMs": 128.024, "sourceSinglePoint": false, "doneWaypointCount": 2, "resumeWaypointCount": 1, "removedWaypointID": 103}, "clone_followups": {"elapsedMs": 78.687, "followUpMissionCount": 1, "followUpPathCount": 1}, "release_resume": {"elapsedMs": 56.729, "releaseWaypointCount": 2, "targetFinishEtaS": 94}, "write_json": {"elapsedMs": 56.657, "fileCount": 5}, "totalMs": 409.804}, "trackingState": {"elapsedMs": 1.696}, "status": "ok", "elapsedMs": 425.273}, {"aircraftID": 4, "label": "uav_resume_4", "mode": "UAV_RESUME", "resolveArtifacts": {"elapsedMs": 0.03, "currentWaypointID": 96, "sourcePathID": 400000004, "sourceImpID": 800000010}, "loadArtifacts": {"elapsedMs": 0.005, "impLoaded": true, "fpLoaded": true}, "cloneAndLocateMission": {"elapsedMs": 0.233, "missionCount": 3, "targetIndex": 1}, "status": "handled_by_collab", "elapsedMs": 0.842}, {"aircraftID": 5, "label": "uav_resume_5", "mode": "UAV_RESUME", "resolveArtifacts": {"elapsedMs": 0.021, "currentWaypointID": 100, "sourcePathID": 500000004, "sourceImpID": 800000011}, "loadArtifacts": {"elapsedMs": 0.003, "impLoaded": true, "fpLoaded": true}, "cloneAndLocateMission": {"elapsedMs": 0.216, "missionCount": 3, "targetIndex": 1}, "status": "handled_by_collab", "elapsedMs": 0.76}], "totalMs": 3350}
2026-05-21T00:45:24.281761Z [ATTACK] [ATTACK][TIME] override_total=3350ms
2026-05-21T00:45:24.282611Z [ATTACK] [TIME] apply_attack_plan_overrides=3357ms
2026-05-21T00:45:24.291536Z [ATTACK] [TIME] timingMs={"read_source": 11.576, "descriptor_build": 4.339, "write_artifacts": 3368.078, "delivery_wait": 8.35}
2026-05-21T00:45:24.292096Z [ATTACK] [TIME] total=3393ms
2026-05-21T00:45:24.296284Z [ATTACK] 분석 로그 저장: C:\Users\TRL98\Desktop\LAH_MUMT\Logs\Scenario_2026-05-21T085327\SBC3\DSS_Internal\log_attack_algorithm_20260521T004524_292695.json
2026-05-21T00:45:24.301700Z [ATTACK] mark target used: targetIDs=54
2026-05-21T00:45:24.327064Z [ATTACK-EXCLUDE] ATTACK-EXCLUDE using requested missionPlanID 700000004 (sourcePlanID=700000002)
2026-05-21T00:45:24.327715Z [ATTACK-EXCLUDE] [PRIOR][UAV] Resume trimmed by currentWP (lastRemovedWP=95).
2026-05-21T00:45:24.328378Z [ATTACK-EXCLUDE] [PRIOR][UAV] Added replan anchor waypoint to done path (anchorWP=107).
2026-05-21T00:45:24.328970Z [ATTACK-EXCLUDE] [PRIOR][UAV] Resume sweep trim applied (cutPoints=14, rawCutPoints=98, doneSweepPoints=84, pathID=400000004).
2026-05-21T00:45:24.329510Z [ATTACK-EXCLUDE] [PRIOR][UAV] Resume searchSpeed scaled (factor=1.30, waypoints=1).
2026-05-21T00:45:24.330179Z [ATTACK-EXCLUDE] [PRIOR][UAV] Generated done/resume mission -> aircraft=4 IMP:800000013.json PATHS:400000005.json/400000006.json
2026-05-21T00:45:24.330814Z [ATTACK-EXCLUDE] [PRIOR][UAV] Resume trimmed by currentWP (lastRemovedWP=99).
2026-05-21T00:45:24.331427Z [ATTACK-EXCLUDE] [PRIOR][UAV] Added replan anchor waypoint to done path (anchorWP=142).
2026-05-21T00:45:24.332030Z [ATTACK-EXCLUDE] [PRIOR][UAV] Resume sweep trim applied (cutPoints=95, rawCutPoints=95, doneSweepPoints=0, pathID=500000004).
2026-05-21T00:45:24.332567Z [ATTACK-EXCLUDE] [PRIOR][UAV] Resume searchSpeed scaled (factor=1.30, waypoints=1).
2026-05-21T00:45:24.333109Z [ATTACK-EXCLUDE] [PRIOR][UAV] Generated done/resume mission -> aircraft=5 IMP:800000017.json PATHS:500000005.json/500000006.json
2026-05-21T00:45:24.333796Z [ATTACK-EXCLUDE] [PRIOR][UAV] Resume trimmed by currentWP (lastRemovedWP=103).
2026-05-21T00:45:24.334292Z [ATTACK-EXCLUDE] [PRIOR][UAV] Added replan anchor waypoint to done path (anchorWP=152).
2026-05-21T00:45:24.334765Z [ATTACK-EXCLUDE] [PRIOR][UAV] Resume sweep trim applied (cutPoints=83, rawCutPoints=83, doneSweepPoints=0, pathID=600000004).
2026-05-21T00:45:24.335246Z [ATTACK-EXCLUDE] [PRIOR][UAV] Resume searchSpeed scaled (factor=1.30, waypoints=1).
2026-05-21T00:45:24.335708Z [ATTACK-EXCLUDE] [PRIOR][UAV] Generated done/resume mission -> aircraft=6 IMP:800000018.json PATHS:600000005.json/600000006.json
2026-05-21T00:45:24.336217Z [ATTACK-EXCLUDE] 공격 배제 MissionPlan 저장 -> 700000004.json (planID=700000004)
2026-05-21T00:45:24.336909Z [ATTACK-EXCLUDE] ATTACK-EXCLUDE carried area remaining snapshot -> mission_area_snapshot_700000004.json (sourcePlanID=700000002, planID=700000004)
2026-05-21T00:45:24.526648Z [ATTACK] 공격 임무 계획 완료 (planIds=700000003)
2026-05-21T00:45:24.527841Z [INFO] UAV params loaded (cruise=40.00, turn_step=15.0)
2026-05-21T00:45:24.528528Z [INFO] Latest input snapshot → 0201:ID=1,ts=832638838505,src=-, 0203:ID=1,ts=832638838538,src=-
2026-05-21T00:45:24.529114Z [STEP 0] Using latest 0201 ID 1 (1.json)
2026-05-21T00:45:24.529798Z [STEP 0] Using latest 0203 ID 1 (1.json)
2026-05-21T00:45:24.530427Z [CHECK] 0201/0203 필수 데이터 확인 시작
2026-05-21T00:45:24.531048Z [OK] 0201 inputMissionList 확인됨 (count=3) → 진행
2026-05-21T00:45:24.531683Z [OK] 0201 availableAircraftList 확인됨 (count=6) → 진행
2026-05-21T00:45:24.532320Z [OK] 0201 inputMissionPackageType=1 확인
2026-05-21T00:45:24.532902Z [OK] 0201 mainSensor=1 확인
2026-05-21T00:45:24.533467Z [CHECK] 0201 기체 수=6 (UAV=3, LAH=3)
2026-05-21T00:45:24.534017Z [CHECK] 0201 임무: total=3 missingID=0 missingDetail=0 missingShape=0 unknownType=0 typeZeroAuto=0 typeZeroInvalid=0 lineOnlyViolation=0 skippedSinglePoint=0
2026-05-21T00:45:24.534547Z [OK] 0203 takeOverInfoList 확인됨 (count=3) → 진행
2026-05-21T00:45:24.534995Z [OK] 0203 handOverInfoList 확인됨 (count=3) → 진행
2026-05-21T00:45:24.535421Z [OK] 0203 flightAreaList 확인됨 (count=1) → 진행
2026-05-21T00:45:24.535967Z [CHECK] 0203 flightAreaList count=1
2026-05-21T00:45:24.536753Z [INFO] 임무 진행영역 스냅샷 적용: sourcePlan=700000002, updated=2, done=0
2026-05-21T00:45:24.537300Z [INFO] 임무 진행영역 재계획 collapse 적용: groups=2, normalized=2, 3
2026-05-21T00:45:24.537891Z [INFO] Filtered completed input missions (removed=1, converted=-, widthAdjusted=-, skippedSinglePoint=-, snapshot=updated=2, done=0, collapse=groups=2, normalized=2,3)
2026-05-21T00:45:24.538587Z [REPLAN][TIME] variant_started_ms=3440.1 wall_ms=1779324324326 variant=1 option=3 mode=attack_exclusion
2026-05-21T00:45:24.539165Z [variant 1] 공격 배제 병렬 결과 병합
2026-05-21T00:45:24.539793Z [REPLAN][TIME] attack_exclusion_parallel_joined_ms=3450.8 wall_ms=1779324324337 variant=1 duration_ms=3247.262 wait_ms=0.012
2026-05-21T00:45:24.540319Z [OK] 공격 배제 variant 저장: MissionPlanID=700000004 (elapsed=3247.3 ms)
2026-05-21T00:45:24.541853Z [INFO] Option mapping #1: planID=700000004, optionCode=3(공격배제)
2026-05-21T00:45:24.542374Z [REPLAN][TIME] variant_finished_ms=3451.0 wall_ms=1779324324337 variant=1 option=3 mode=attack_exclusion status=success duration_ms=3247.262
2026-05-21T00:45:24.542890Z [OK] Stored mission data: MissionPlan=1, IndividualMission=0, FlightPath=0
2026-05-21T00:45:24.543473Z [REPLAN][TIME] id_tab_update_deferred_ms=3451.8 wall_ms=1779324324338
2026-05-21T00:45:24.543946Z [REPLAN][TIME] pipeline_done_ms=3451.9 wall_ms=1779324324338 plans=2 force_direct=False
2026-05-21T00:45:24.544420Z [REPLAN][TIME] 0301_queued_ms=3452.0 wall_ms=1779324324338 plans=2
2026-05-21T00:45:24.544847Z [STEP 4] 0301 push queued (planIds=700000003, 700000004)
2026-05-21T00:45:24.553431Z [0402] delivery suppressed before 0301: Target 정보 변경으로 인한 재계획 중단
2026-05-21T00:45:24.562493Z [0001] notice sent: Target 정보 변경으로 인한 재계획 중단
2026-05-21T00:45:24.563792Z [REPLAN][METRIC] source_artifact_cache entries=27 hits=42 misses=27
2026-05-21T00:45:24.869054Z [REPLAN][TIME] 0902_received_ms=0.3 wall_ms=1779324324868 trigger=attack_2_option replanLevel=2 optionCount=2 forceDirect=0
2026-05-21T00:45:24.870363Z [REPLAN][TIME] 0902_archived_ms=2.0 wall_ms=1779324324870 path=replan_request_832639523618.json
2026-05-21T00:45:24.871049Z [AUTO] 0902 received (planIds=700000005, 700000006)
2026-05-21T00:45:24.871793Z [REPLAN][TIME] pipeline_scheduled_ms=3.4 wall_ms=1779324324871 delay_ms=0
2026-05-21T00:45:24.872949Z [REPLAN][TIME] scheduled_start_ms=4.6 wall_ms=1779324324872
2026-05-21T00:45:24.874857Z [REPLAN][TIME] 0305_status_1_ms=6.5 wall_ms=1779324324874 reason=표적55 등 2개 발견
2026-05-21T00:45:24.875573Z [0305] status=1, reason=표적55 등 2개 발견 전송
2026-05-21T00:45:24.882707Z [INFO] Using latest 0203 ID 1 for missionReferencePackageID (fallback)
2026-05-21T00:45:24.883654Z [STEP 0] Replan pipeline start (reason=표적55 등 2개 발견)
2026-05-21T00:45:24.885880Z [REPLAN][TIME] attack_exclusion_parallel_started_ms=14.1 wall_ms=1779324324882 option_index=2 sourcePlanID=700000002
2026-05-21T00:45:24.886447Z [ATTACK-EXCLUDE] parallel generation started (sourcePlanID=700000002, optionIndex=2)
2026-05-21T00:45:24.886923Z [ATTACK] 공격 특화 재계획 요청 감지 → 전용 파이프라인 실행
2026-05-21T00:45:24.893930Z [ATTACK] [TIME] select_manned_aircraft=11ms
2026-05-21T00:45:24.894570Z [ATTACK] STEP1 Selected manned aircraft: aircraft 3 (fuel=1200.0, coord=(37.720611572265625, 128.11573791503906, alt=1200))
2026-05-21T00:45:24.896006Z [ATTACK] [TIME] load_target_entries=1ms
2026-05-21T00:45:24.896541Z [ATTACK] STEP2 UAV tracking summary: watcher 6?’target 54, watcher 4?’target 55, watcher 4?’target unknown-11, watcher 4?’target unknown-2, watcher 4?’target unknown-4, watcher 4?’target unknown-5, watcher 4?’target unknown-8, watcher 5?’target unknown-1, watcher 5?’target unknown-3, watcher 5?’target unknown-6, watcher 5?’target unknown-9, watcher 6?’target unknown-10, watcher 6?’target unknown-7, watcher 4?’target 53
2026-05-21T00:45:24.897066Z [ATTACK] STEP2.5 Using bundled 0402 targets: target=55 watcher=4, target=54 watcher=6
2026-05-21T00:45:24.902051Z [ATTACK] STEP2.6 Multi-target manned selection: 2, 3
2026-05-21T00:45:24.907768Z [ATTACK] [ATTACK] Selected target id=55 type=1 weaponType=2 (preferred=2, ammo={'type1': 500, 'type2': 7, 'type3': 2})
2026-05-21T00:45:24.917321Z [ATTACK] [TIME] compute_attack_point=9ms
2026-05-21T00:45:24.917970Z [ATTACK] STEP3 Attack plan completed: lat=37.898983, lon=128.165665, alt=983m
2026-05-21T00:45:24.918798Z [ATTACK] [ATTACK] Using remembered waypoint 96 for watcher 4 while auto-tracking.
2026-05-21T00:45:24.923681Z [ATTACK] [ATTACK] Weapon choice aircraft=2 preferred=2 selected=2 ammo={'type1': 500, 'type2': 7, 'type3': 2}
2026-05-21T00:45:24.924276Z [ATTACK] [ATTACK][ETA] Tracking ETA computed with LAH max attack speed (dist=20427.7m, speed=73.61m/s, +30s) -> 308s
2026-05-21T00:45:24.934865Z [ATTACK] [ATTACK] Using requested missionPlanID 700000005 (sourcePlanID=700000002)
2026-05-21T00:45:24.997524Z [ATTACK] [ATTACK][ETA] UAV 5 remaining mission time: 0.0s
2026-05-21T00:45:25.000084Z [ATTACK] [ATTACK][ETA] Non-tracking UAV ETA selected: UAV 5 with 0s remaining
2026-05-21T00:45:25.001478Z [ATTACK] [ATTACK][ETA] All tracking ETAs unified to 0s
2026-05-21T00:45:25.067897Z [ATTACK] [ATTACK][COLLAB] Remaining UAV entry lookahead applied: 9.0s (pathFollow=3, linearFallback=3, currentOnly=0)
2026-05-21T00:45:25.069691Z [ATTACK] [PRIOR] Falling back to first mission for aircraft 2 (current waypoint not found in plan).
2026-05-21T00:45:25.488738Z [ATTACK] [ATTACK][LAH] Using max attack speed 73.61m/s (265.0km/h) for aircraft 2.
2026-05-21T00:45:25.489386Z [ATTACK] [ATTACK][LAH] Inferred current waypoint from position -> 79.
2026-05-21T00:45:25.490165Z [ATTACK] [ATTACK][LAH] Dropped current waypoint from resume path (currentWP=79, nextWP=80).
2026-05-21T00:45:26.105739Z [ATTACK] [ATTACK][LAH] Preserved completed prefix, inserted attack, and reattached 2 follow-up mission(s).
2026-05-21T00:45:26.118772Z [ATTACK] [ATTACK][LAH] Generated attack/resume missions -> IMP:800000023.json PATHS:200000009.json/200000010.json (followUps=2)
2026-05-21T00:45:26.120155Z [ATTACK] [PRIOR] Falling back to first mission for aircraft 3 (current waypoint not found in plan).
2026-05-21T00:45:26.370579Z [ATTACK] [ATTACK][LAH] Using max attack speed 73.61m/s (265.0km/h) for aircraft 3.
2026-05-21T00:45:26.371404Z [ATTACK] [ATTACK][LAH] Inferred current waypoint from position -> 85.
2026-05-21T00:45:26.372013Z [ATTACK] [ATTACK][LAH] Dropped current waypoint from resume path (currentWP=85, nextWP=86).
2026-05-21T00:45:27.144216Z [ATTACK] [ATTACK][LAH] Preserved completed prefix, inserted attack, and reattached 2 follow-up mission(s).
2026-05-21T00:45:27.153711Z [ATTACK] [ATTACK][LAH] Generated attack/resume missions -> IMP:800000025.json PATHS:300000009.json/300000010.json (followUps=2)
2026-05-21T00:45:27.154570Z [ATTACK] [PRIOR] Falling back to first mission for aircraft 1 (current waypoint not found in plan).
2026-05-21T00:45:27.270276Z [ATTACK] [ATTACK][LAH] Inferred current waypoint from position -> 73.
2026-05-21T00:45:27.270888Z [ATTACK] [ATTACK][LAH] Dropped current waypoint from resume path (currentWP=73, nextWP=74).
2026-05-21T00:45:27.580434Z [ATTACK] [ATTACK][LAH] Preserved completed prefix, inserted hold, and reattached 2 follow-up mission(s).
2026-05-21T00:45:27.586400Z [ATTACK] [ATTACK][LAH] Generated hold/resume missions -> IMP:800000027.json PATHS:100000009.json/100000010.json (followUps=2)
2026-05-21T00:45:27.588080Z [ATTACK] [NEXTCOLLAB] division planner area-division pieces=1
2026-05-21T00:45:27.588566Z [ATTACK] [NEXTCOLLAB] division planner final workflow=no_split paths=1
2026-05-21T00:45:27.588964Z [ATTACK] [ATTACK][COLLAB] Collaborative replacement IMP written (aircraft=5, imp=800000028.json, missions=1).
2026-05-21T00:45:27.589348Z [ATTACK] [ATTACK][COLLAB] First sweep searchSpeed boosted (aircraft=5, pathID=500000009, waypointID=209, factor=1.30, old=1173.50, new=1525.55).
2026-05-21T00:45:27.589724Z [ATTACK] [ATTACK][COLLAB] Collaborative remaining mission replanned (inputMissionID=2, unavailable=[4, 6], remaining=[5], workflow=no_split).
2026-05-21T00:45:27.597435Z [ATTACK] [ATTACK][UAV] Tracking target altitude kept for sensor only; flight altitude replaced 683m -> 1868m.
2026-05-21T00:45:27.688375Z [ATTACK] [ATTACK][UAV] Resume trimmed by currentWP (lastRemovedWP=95).
2026-05-21T00:45:27.746013Z [ATTACK] [ATTACK][UAV] Added replan anchor waypoint to done path (anchorWP=219).
2026-05-21T00:45:27.746734Z [ATTACK] [ATTACK][UAV] Resume sweep trim applied (cutPoints=14, rawCutPoints=98, doneSweepPoints=84, pathID=400000004).
2026-05-21T00:45:27.798296Z [ATTACK] [ATTACK][UAV] Resume searchSpeed scaled (factor=1.30, waypoints=1).
2026-05-21T00:45:27.988835Z [ATTACK] [ATTACK][COLLAB] Tracking UAV resume replaced with release transit (aircraft=4, targetFinishEta=96, speed=58.0m/s).
2026-05-21T00:45:27.990409Z [ATTACK] [ATTACK][UAV] Preserved completed prefix, inserted tracking, and reattached 1 follow-up mission(s).
2026-05-21T00:45:28.038522Z [ATTACK] [ATTACK][UAV] Generated tracking/resume missions -> IMP:800000029.json PATHS:400000013.json/400000014.json (followUps=1)
2026-05-21T00:45:28.041011Z [ATTACK] [ATTACK][UAV] Tracking assignment state saved (aircraft=4, sourcePlan=700000002, attackPlan=700000005).
2026-05-21T00:45:28.155335Z [ATTACK] [ATTACK][UAV] Resume trimmed by currentWP (lastRemovedWP=103).
2026-05-21T00:45:28.206458Z [ATTACK] [ATTACK][UAV] Added replan anchor waypoint to done path (anchorWP=229).
2026-05-21T00:45:28.207002Z [ATTACK] [ATTACK][UAV] Resume sweep trim applied (cutPoints=83, rawCutPoints=83, doneSweepPoints=0, pathID=600000004).
2026-05-21T00:45:28.258851Z [ATTACK] [ATTACK][UAV] Resume searchSpeed scaled (factor=1.30, waypoints=1).
2026-05-21T00:45:28.461733Z [ATTACK] [ATTACK][COLLAB] Tracking UAV resume replaced with release transit (aircraft=6, targetFinishEta=96, speed=58.0m/s).
2026-05-21T00:45:28.464199Z [ATTACK] [ATTACK][UAV] Preserved completed prefix, inserted tracking, and reattached 1 follow-up mission(s).
2026-05-21T00:45:28.506918Z [ATTACK] [ATTACK][UAV] Generated tracking/resume missions -> IMP:800000030.json PATHS:600000016.json/600000017.json (followUps=1)
2026-05-21T00:45:28.514999Z [ATTACK] [ATTACK][UAV] Tracking assignment state saved (aircraft=6, sourcePlan=700000002, attackPlan=700000005).
2026-05-21T00:45:28.515958Z [ATTACK] [ATTACK][COLLAB] Aircraft 5 handled by collaborative remaining replan (inputMissionID=2).
2026-05-21T00:45:28.524408Z [ATTACK] [ATTACK][PLAN] carried area remaining snapshot -> mission_area_snapshot_700000005.json (sourcePlanID=700000002, planID=700000005)
2026-05-21T00:45:28.525002Z [ATTACK] [ATTACK][PLAN] MissionPlan saved -> 700000005.json (planID=700000005)
2026-05-21T00:45:28.526175Z [ATTACK] [ATTACK][TIME] override_detail={"phases": {"metadata_normalize": {"elapsedMs": 0.01, "attackTargetCount": 2, "selectedMannedCount": 2}, "agent_index": {"elapsedMs": 0.126, "aircraftCount": 6}, "weapon_choice": {"elapsedMs": 4.189, "selectedWeaponType": 2, "ammoAvailable": true}, "initial_tracking_eta": {"elapsedMs": 0.599, "useDetectionTracking": true, "trackingEtaS": 308}, "resolve_source_plan": {"elapsedMs": 1.246, "sourcePlanID": 700000002}, "source_plan_load": {"elapsedMs": 0.717, "sourcePlanID": 700000002, "aircraftCount": 6}, "sweep_progress_load": {"elapsedMs": 7.696, "entries": 12}, "plan_id_resolve": {"elapsedMs": 0.027, "requested": true, "missionPlanID": 700000005}, "source_artifact_cache_build": {"elapsedMs": 0.019, "aircraftEntries": 6}, "done_input_ids_load": {"elapsedMs": 2.139, "count": 1}, "plan_deepcopy": {"elapsedMs": 0.101}, "target_uav_assignment": {"elapsedMs": 1.116, "assignedTargetCount": 2, "usedTrackingUavCount": 2}, "manned_sequence_assignment": {"elapsedMs": 16.221, "aircraftCount": 2, "error": null}, "attack_coordinate_resolution": {"elapsedMs": 25.89, "resolvedCount": 2, "mannedSequenceCount": 2}, "remaining_eta": {"elapsedMs": 20.019, "allUavCount": 3, "trackingUavCount": 2, "computedEtaCount": 2, "adjustedEtaS": 0}, "descriptor_list_build": {"elapsedMs": 0.048, "descriptorCount": 6, "activeMannedCount": 2, "otherLahCount": 1, "otherUavCount": 1}, "collab_tracking_scan": {"elapsedMs": 42.087, "inputCount": 1, "unavailableUavCount": 2}, "collab_agent_state_map": {"elapsedMs": 22.635, "aircraftCount": 6}, "collab_parallel_started": {"elapsedMs": 0.761, "inputCount": 1, "workers": 1}, "collab_parallel_join": {"elapsedMs": 2.099, "waitReason": "UAV_TRACK", "inputCount": 1}, "descriptor_loop": {"elapsedMs": 3447.34, "descriptorCount": 6, "updateCount": 5}, "final_collab_plan_update": {"elapsedMs": 0.011, "collabInputCount": 1}, "mission_plan_write": {"elapsedMs": 8.389, "missionPlanID": 700000005}, "option_meta_build": {"elapsedMs": 0.067, "targetCount": 2, "collabInputCount": 1}}, "collabRuns": [{"inputMissionID": 2, "unavailableAircraftIDs": [4, 6], "elapsedMs": 2193.052, "status": "ok", "replacementAircraftIDs": [5], "generatedPathCount": 1, "finishEtaS": 96, "workflow": "no_split"}], "descriptorDetails": [{"aircraftID": 2, "label": "manned", "mode": "LAH_ATTACK", "resolveArtifacts": {"elapsedMs": 0.919, "currentWaypointID": null, "sourcePathID": 200000001, "sourceImpID": 800000008}, "loadArtifacts": {"elapsedMs": 0.005, "impLoaded": true, "fpLoaded": true}, "cloneAndLocateMission": {"elapsedMs": 0.141, "missionCount": 3, "targetIndex": 0}, "allocateAndPlanUpdate": {"elapsedMs": 59.251, "newImpID": 800000023}, "builder": {"elapsedMs": 989.935, "builderMode": "LAH_ATTACK"}, "builderDetail": {"allocate_ids": {"elapsedMs": 356.667, "attackPathID": 200000009, "resumePathID": 200000010, "attackIndividualID": 900000047, "resumeIndividualID": 900000048, "entryWaypointID": 174, "attackWaypointID": 175}, "split_lah_resume": {"elapsedMs": 214.228, "resumeWaypointCount": 1, "removedWaypointID": 79}, "clone_followups": {"elapsedMs": 283.659, "followUpMissionCount": 2, "followUpPathCount": 2}, "payload_build": {"elapsedMs": 118.077, "hasResume": true, "followUpMissionCount": 2, "attackSpeedMps": 73.61}, "write_json": {"elapsedMs": 9.605, "fileCount": 5}, "totalMs": 987.92}, "status": "ok", "elapsedMs": 1050.399}, {"aircraftID": 3, "label": "manned", "mode": "LAH_ATTACK", "resolveArtifacts": {"elapsedMs": 1.656, "currentWaypointID": null, "sourcePathID": 300000001, "sourceImpID": 800000009}, "loadArtifacts": {"elapsedMs": 0.007, "impLoaded": true, "fpLoaded": true}, "cloneAndLocateMission": {"elapsedMs": 0.186, "missionCount": 3, "targetIndex": 0}, "allocateAndPlanUpdate": {"elapsedMs": 72.119, "newImpID": 800000025}, "builder": {"elapsedMs": 960.486, "builderMode": "LAH_ATTACK"}, "builderDetail": {"allocate_ids": {"elapsedMs": 173.918, "attackPathID": 300000009, "resumePathID": 300000010, "attackIndividualID": 900000054, "resumeIndividualID": 900000055, "entryWaypointID": 190, "attackWaypointID": 191}, "split_lah_resume": {"elapsedMs": 275.863, "resumeWaypointCount": 1, "removedWaypointID": 85}, "clone_followups": {"elapsedMs": 342.734, "followUpMissionCount": 2, "followUpPathCount": 2}, "payload_build": {"elapsedMs": 153.663, "hasResume": true, "followUpMissionCount": 2, "attackSpeedMps": 73.61}, "write_json": {"elapsedMs": 6.815, "fileCount": 5}, "totalMs": 958.069}, "status": "ok", "elapsedMs": 1034.592}, {"aircraftID": 1, "label": "lah_hold_1", "mode": "LAH_HOLD_RESUME", "resolveArtifacts": {"elapsedMs": 0.643, "currentWaypointID": null, "sourcePathID": 100000001, "sourceImpID": 800000007}, "loadArtifacts": {"elapsedMs": 0.006, "impLoaded": true, "fpLoaded": true}, "cloneAndLocateMission": {"elapsedMs": 0.161, "missionCount": 3, "targetIndex": 0}, "allocateAndPlanUpdate": {"elapsedMs": 75.65, "newImpID": 800000027}, "builder": {"elapsedMs": 356.856, "builderMode": "LAH_HOLD_RESUME"}, "builderDetail": {"allocate_ids": {"elapsedMs": 37.286, "holdPathID": 100000009, "resumePathID": 100000010, "holdIndividualID": 900000060, "resumeIndividualID": 900000061}, "split_lah_resume": {"elapsedMs": 147.972, "resumeWaypointCount": 1, "removedWaypointID": 73}, "clone_followups": {"elapsedMs": 110.293, "followUpMissionCount": 2, "followUpPathCount": 2}, "payload_build": {"elapsedMs": 163.19, "hasResume": true, "followUpMissionCount": 2}, "write_json": {"elapsedMs": 4.561, "fileCount": 5}, "totalMs": 356.81}, "status": "ok", "elapsedMs": 433.447}, {"aircraftID": 4, "label": "uav_tracking_4", "mode": "UAV_TRACK", "resolveArtifacts": {"elapsedMs": 0.022, "currentWaypointID": 96, "sourcePathID": 400000004, "sourceImpID": 800000010}, "loadArtifacts": {"elapsedMs": 0.003, "impLoaded": true, "fpLoaded": true}, "cloneAndLocateMission": {"elapsedMs": 0.162, "missionCount": 3, "targetIndex": 1}, "allocateAndPlanUpdate": {"elapsedMs": 6.907, "newImpID": 800000029}, "builder": {"elapsedMs": 441.884, "builderMode": "UAV_TRACK"}, "builderDetail": {"allocate_ids": {"elapsedMs": 86.432, "donePathID": 400000012, "attackPathID": 400000013, "resumePathID": 400000014, "trackingIndividualID": 900000064, "resumeIndividualID": 900000065, "targetWaypointID": 218}, "split_done_resume": {"elapsedMs": 167.316, "sourceSinglePoint": false, "doneWaypointCount": 3, "resumeWaypointCount": 1, "removedWaypointID": 95}, "clone_followups": {"elapsedMs": 74.014, "followUpMissionCount": 1, "followUpPathCount": 1}, "release_resume": {"elapsedMs": 59.678, "releaseWaypointCount": 2, "targetFinishEtaS": 96}, "write_json": {"elapsedMs": 46.829, "fileCount": 5}, "totalMs": 439.469}, "trackingState": {"elapsedMs": 1.742}, "status": "ok", "elapsedMs": 451.472}, {"aircraftID": 6, "label": "uav_tracking_6", "mode": "UAV_TRACK", "resolveArtifacts": {"elapsedMs": 0.031, "currentWaypointID": 104, "sourcePathID": 600000004, "sourceImpID": 800000012}, "loadArtifacts": {"elapsedMs": 0.005, "impLoaded": true, "fpLoaded": true}, "cloneAndLocateMission": {"elapsedMs": 0.291, "missionCount": 3, "targetIndex": 1}, "allocateAndPlanUpdate": {"elapsedMs": 8.422, "newImpID": 800000030}, "builder": {"elapsedMs": 457.032, "builderMode": "UAV_TRACK"}, "builderDetail": {"allocate_ids": {"elapsedMs": 100.055, "donePathID": 600000015, "attackPathID": 600000016, "resumePathID": 600000017, "trackingIndividualID": 900000067, "resumeIndividualID": 900000068, "targetWaypointID": 228}, "split_done_resume": {"elapsedMs": 153.747, "sourceSinglePoint": false, "doneWaypointCount": 2, "resumeWaypointCount": 1, "removedWaypointID": 103}, "clone_followups": {"elapsedMs": 93.66, "followUpMissionCount": 1, "followUpPathCount": 1}, "release_resume": {"elapsedMs": 59.095, "releaseWaypointCount": 2, "targetFinishEtaS": 96}, "write_json": {"elapsedMs": 41.276, "fileCount": 5}, "totalMs": 453.928}, "trackingState": {"elapsedMs": 7.338}, "status": "ok", "elapsedMs": 473.94}, {"aircraftID": 5, "label": "uav_resume_5", "mode": "UAV_RESUME", "resolveArtifacts": {"elapsedMs": 0.025, "currentWaypointID": 100, "sourcePathID": 500000004, "sourceImpID": 800000011}, "loadArtifacts": {"elapsedMs": 0.003, "impLoaded": true, "fpLoaded": true}, "cloneAndLocateMission": {"elapsedMs": 0.178, "missionCount": 3, "targetIndex": 1}, "status": "handled_by_collab", "elapsedMs": 0.794}], "totalMs": 3600}
2026-05-21T00:45:28.526755Z [ATTACK] [ATTACK][TIME] override_total=3600ms
2026-05-21T00:45:28.527674Z [ATTACK] [TIME] apply_attack_plan_overrides=3609ms
2026-05-21T00:45:28.534774Z [ATTACK] [TIME] timingMs={"read_source": 13.874, "descriptor_build": 11.231, "write_artifacts": 3620.647, "delivery_wait": 6.531}
2026-05-21T00:45:28.535365Z [ATTACK] [TIME] total=3653ms
2026-05-21T00:45:28.541792Z [ATTACK] mark target used: targetIDs=55, 54
2026-05-21T00:45:28.542042Z [ATTACK] 분석 로그 저장: C:\Users\TRL98\Desktop\LAH_MUMT\Logs\Scenario_2026-05-21T085327\SBC3\DSS_Internal\log_attack_algorithm_20260521T004528_536098.json
2026-05-21T00:45:28.566263Z [ATTACK-EXCLUDE] ATTACK-EXCLUDE using requested missionPlanID 700000006 (sourcePlanID=700000002)
2026-05-21T00:45:28.567119Z [ATTACK-EXCLUDE] [PRIOR][UAV] Resume trimmed by currentWP (lastRemovedWP=95).
2026-05-21T00:45:28.568073Z [ATTACK-EXCLUDE] [PRIOR][UAV] Added replan anchor waypoint to done path (anchorWP=169).
2026-05-21T00:45:28.568996Z [ATTACK-EXCLUDE] [PRIOR][UAV] Resume sweep trim applied (cutPoints=14, rawCutPoints=98, doneSweepPoints=84, pathID=400000004).
2026-05-21T00:45:28.570119Z [ATTACK-EXCLUDE] [PRIOR][UAV] Resume searchSpeed scaled (factor=1.30, waypoints=1).
2026-05-21T00:45:28.570783Z [ATTACK-EXCLUDE] [PRIOR][UAV] Generated done/resume mission -> aircraft=4 IMP:800000022.json PATHS:400000009.json/400000010.json
2026-05-21T00:45:28.571260Z [ATTACK-EXCLUDE] [PRIOR][UAV] Resume trimmed by currentWP (lastRemovedWP=99).
2026-05-21T00:45:28.571765Z [ATTACK-EXCLUDE] [PRIOR][UAV] Added replan anchor waypoint to done path (anchorWP=183).
2026-05-21T00:45:28.572252Z [ATTACK-EXCLUDE] [PRIOR][UAV] Resume sweep trim applied (cutPoints=98, rawCutPoints=98, doneSweepPoints=0, pathID=500000004).
2026-05-21T00:45:28.572705Z [ATTACK-EXCLUDE] [PRIOR][UAV] Resume searchSpeed scaled (factor=1.30, waypoints=1).
2026-05-21T00:45:28.573382Z [ATTACK-EXCLUDE] [PRIOR][UAV] Generated done/resume mission -> aircraft=5 IMP:800000024.json PATHS:500000010.json/500000011.json
2026-05-21T00:45:28.573957Z [ATTACK-EXCLUDE] [PRIOR][UAV] Resume trimmed by currentWP (lastRemovedWP=103).
2026-05-21T00:45:28.574480Z [ATTACK-EXCLUDE] [PRIOR][UAV] Added replan anchor waypoint to done path (anchorWP=199).
2026-05-21T00:45:28.575025Z [ATTACK-EXCLUDE] [PRIOR][UAV] Resume sweep trim applied (cutPoints=83, rawCutPoints=83, doneSweepPoints=0, pathID=600000004).
2026-05-21T00:45:28.575565Z [ATTACK-EXCLUDE] [PRIOR][UAV] Resume searchSpeed scaled (factor=1.30, waypoints=1).
2026-05-21T00:45:28.576442Z [ATTACK-EXCLUDE] [PRIOR][UAV] Generated done/resume mission -> aircraft=6 IMP:800000026.json PATHS:600000012.json/600000013.json
2026-05-21T00:45:28.577037Z [ATTACK-EXCLUDE] 공격 배제 MissionPlan 저장 -> 700000006.json (planID=700000006)
2026-05-21T00:45:28.577798Z [ATTACK-EXCLUDE] ATTACK-EXCLUDE carried area remaining snapshot -> mission_area_snapshot_700000006.json (sourcePlanID=700000002, planID=700000006)
2026-05-21T00:45:28.775163Z [ATTACK] 공격 임무 계획 완료 (planIds=700000005)
2026-05-21T00:45:28.777376Z [INFO] UAV params loaded (cruise=40.00, turn_step=15.0)
2026-05-21T00:45:28.778105Z [INFO] Latest input snapshot → 0201:ID=1,ts=832638838505,src=-, 0203:ID=1,ts=832638838538,src=-
2026-05-21T00:45:28.778748Z [STEP 0] Using latest 0201 ID 1 (1.json)
2026-05-21T00:45:28.779405Z [STEP 0] Using latest 0203 ID 1 (1.json)
2026-05-21T00:45:28.779971Z [CHECK] 0201/0203 필수 데이터 확인 시작
2026-05-21T00:45:28.780700Z [OK] 0201 inputMissionList 확인됨 (count=3) → 진행
2026-05-21T00:45:28.781288Z [OK] 0201 availableAircraftList 확인됨 (count=6) → 진행
2026-05-21T00:45:28.781940Z [OK] 0201 inputMissionPackageType=1 확인
2026-05-21T00:45:28.782621Z [OK] 0201 mainSensor=1 확인
2026-05-21T00:45:28.783298Z [CHECK] 0201 기체 수=6 (UAV=3, LAH=3)
2026-05-21T00:45:28.783932Z [CHECK] 0201 임무: total=3 missingID=0 missingDetail=0 missingShape=0 unknownType=0 typeZeroAuto=0 typeZeroInvalid=0 lineOnlyViolation=0 skippedSinglePoint=0
2026-05-21T00:45:28.784529Z [OK] 0203 takeOverInfoList 확인됨 (count=3) → 진행
2026-05-21T00:45:28.785164Z [OK] 0203 handOverInfoList 확인됨 (count=3) → 진행
2026-05-21T00:45:28.785760Z [OK] 0203 flightAreaList 확인됨 (count=1) → 진행
2026-05-21T00:45:28.786422Z [CHECK] 0203 flightAreaList count=1
2026-05-21T00:45:28.786965Z [INFO] 임무 진행영역 스냅샷 적용: sourcePlan=700000002, updated=2, done=0
2026-05-21T00:45:28.787487Z [INFO] 임무 진행영역 재계획 collapse 적용: groups=2, normalized=2, 3
2026-05-21T00:45:28.788018Z [INFO] Filtered completed input missions (removed=1, converted=-, widthAdjusted=-, skippedSinglePoint=-, snapshot=updated=2, done=0, collapse=groups=2, normalized=2,3)
2026-05-21T00:45:28.788527Z [REPLAN][TIME] variant_started_ms=3698.0 wall_ms=1779324328565 variant=1 option=3 mode=attack_exclusion
2026-05-21T00:45:28.789032Z [variant 1] 공격 배제 병렬 결과 병합
2026-05-21T00:45:28.791523Z [REPLAN][TIME] attack_exclusion_parallel_joined_ms=3710.3 wall_ms=1779324328578 variant=1 duration_ms=2277.632 wait_ms=0.011
2026-05-21T00:45:28.792211Z [OK] 공격 배제 variant 저장: MissionPlanID=700000006 (elapsed=2277.6 ms)
2026-05-21T00:45:28.792840Z [INFO] Option mapping #1: planID=700000006, optionCode=3(공격배제)
2026-05-21T00:45:28.793455Z [REPLAN][TIME] variant_finished_ms=3710.4 wall_ms=1779324328578 variant=1 option=3 mode=attack_exclusion status=success duration_ms=2277.632
2026-05-21T00:45:28.794345Z [OK] Stored mission data: MissionPlan=1, IndividualMission=0, FlightPath=0
2026-05-21T00:45:28.794953Z [REPLAN][TIME] id_tab_update_deferred_ms=3711.3 wall_ms=1779324328579
2026-05-21T00:45:28.795551Z [REPLAN][TIME] pipeline_done_ms=3711.3 wall_ms=1779324328579 plans=2 force_direct=False
2026-05-21T00:45:28.796186Z [REPLAN][TIME] 0301_queued_ms=3711.4 wall_ms=1779324328579 plans=2
2026-05-21T00:45:28.796766Z [STEP 4] 0301 push queued (planIds=700000005, 700000006)
2026-05-21T00:45:28.799020Z [0301] missionPlanID=700000005 전송
2026-05-21T00:45:28.800753Z [0301] missionPlanID=700000006 전송
2026-05-21T00:45:28.801700Z [PUSH] 0301 direct batch send
2026-05-21T00:45:28.802458Z [REPLAN][TIME] 0301_sent_ms=3934.3 wall_ms=1779324328802 plans=2
2026-05-21T00:45:28.803480Z [REPLAN][TIME] post_0301_delivery_queued_ms=3935.2 wall_ms=1779324328803 grace_ms=0 timeout_ms=20 force_direct=0 mode=option_or_0901
2026-05-21T00:45:28.804174Z [INFO] Post-0301 apply queued (mode=option_or_0901, grace=0ms, timeout=20ms, plans=2)
2026-05-21T00:45:28.807006Z [REPLAN][TIME] 0305_status_2_ms=3938.9 wall_ms=1779324328806 reason=표적55 등 2개 발견
2026-05-21T00:45:28.807666Z [0305] status=2, reason=표적55 등 2개 발견, elapsed=3.93s 전송
2026-05-21T00:45:28.808375Z [REPLAN][TIME] post_0301_completion_ready_ms=3940.2 wall_ms=1779324328808 mode=option_or_0901
2026-05-21T00:45:28.809020Z [REPLAN][METRIC] source_artifact_cache entries=27 hits=41 misses=28
2026-05-21T00:45:28.833337Z [INFO] Post-0301 ready (timeout) -> sending 0901
2026-05-21T00:45:28.834475Z [REPLAN][TIME] post_0301_flushed_ms=3966.0 wall_ms=1779324328833 delivery=0901 trigger=timeout
2026-05-21T00:45:28.857688Z [REPLAN][TIME] 0901_sent_ms=3989.5 wall_ms=1779324328857 options=2
2026-05-21T00:45:28.858543Z [0901] option request sent (count=2, codes=2(공격특화), 3(공격배제))
2026-05-21T00:45:28.859378Z [REPLAN][TIME] id_tab_update_flushed_ms=3991.3 wall_ms=1779324328859
2026-05-21T00:46:10.139757Z [REPLAN][TIME] 0902_received_ms=0.4 wall_ms=1779324370139 trigger=attack_2_option replanLevel=2 optionCount=2 forceDirect=0
2026-05-21T00:46:10.140711Z [REPLAN][TIME] 0902_archived_ms=1.5 wall_ms=1779324370140 path=replan_request_832639531361.json
2026-05-21T00:46:10.141693Z [AUTO] 0902 received (planIds=700000007, 700000008)
2026-05-21T00:46:10.142373Z [REPLAN][TIME] pipeline_scheduled_ms=3.1 wall_ms=1779324370142 delay_ms=0
2026-05-21T00:46:10.143543Z [REPLAN][TIME] scheduled_start_ms=4.3 wall_ms=1779324370143
2026-05-21T00:46:10.145666Z [REPLAN][TIME] 0305_status_1_ms=6.4 wall_ms=1779324370145 reason=표적56 등 3개 발견
2026-05-21T00:46:10.146248Z [0305] status=1, reason=표적56 등 3개 발견 전송
2026-05-21T00:46:10.153193Z [INFO] Using latest 0203 ID 1 for missionReferencePackageID (fallback)
2026-05-21T00:46:10.154016Z [STEP 0] Replan pipeline start (reason=표적56 등 3개 발견)
2026-05-21T00:46:10.156414Z [REPLAN][TIME] attack_exclusion_parallel_started_ms=13.5 wall_ms=1779324370152 option_index=2 sourcePlanID=700000002
2026-05-21T00:46:10.156927Z [ATTACK-EXCLUDE] parallel generation started (sourcePlanID=700000002, optionIndex=2)
2026-05-21T00:46:10.157395Z [ATTACK] 공격 특화 재계획 요청 감지 → 전용 파이프라인 실행
2026-05-21T00:46:10.162718Z [ATTACK] [TIME] select_manned_aircraft=10ms
2026-05-21T00:46:10.163240Z [ATTACK] STEP1 Selected manned aircraft: aircraft 2 (fuel=1200.0, coord=(37.722660064697266, 128.1003875732422, alt=1200))
2026-05-21T00:46:10.164216Z [ATTACK] [TIME] load_target_entries=1ms
2026-05-21T00:46:10.164741Z [ATTACK] STEP2 UAV tracking summary: watcher 6?’target 54, watcher 4?’target 55, watcher 5?’target 56, watcher 4?’target unknown-2, watcher 4?’target unknown-4, watcher 4?’target unknown-5, watcher 4?’target unknown-8, watcher 5?’target unknown-1, watcher 5?’target unknown-3, watcher 5?’target unknown-6, watcher 5?’target unknown-9, watcher 6?’target unknown-10, watcher 6?’target unknown-7, watcher 4?’target 53
2026-05-21T00:46:10.165274Z [ATTACK] STEP2.5 Using bundled 0402 targets: target=56 watcher=5, target=55 watcher=4, target=54 watcher=6
2026-05-21T00:46:10.169771Z [ATTACK] STEP2.6 Multi-target manned selection: 2, 3
2026-05-21T00:46:10.175542Z [ATTACK] [ATTACK] Selected target id=56 type=4 weaponType=3 (preferred=3, ammo={'type1': 500, 'type2': 7, 'type3': 2})
2026-05-21T00:46:10.184594Z [ATTACK] [TIME] compute_attack_point=8ms
2026-05-21T00:46:10.185457Z [ATTACK] STEP3 Attack plan completed: lat=37.891761, lon=128.183089, alt=994m
2026-05-21T00:46:10.186400Z [ATTACK] [ATTACK] Using remembered waypoint 100 for watcher 5 while auto-tracking.
2026-05-21T00:46:10.190130Z [ATTACK] [ATTACK] Weapon choice aircraft=2 preferred=3 selected=3 ammo={'type1': 500, 'type2': 7, 'type3': 2}
2026-05-21T00:46:10.190778Z [ATTACK] [ATTACK][ETA] Tracking ETA computed with LAH max attack speed (dist=20158.0m, speed=73.61m/s, +30s) -> 304s
2026-05-21T00:46:10.193505Z [ATTACK] [ATTACK] Using requested missionPlanID 700000007 (sourcePlanID=700000002)
2026-05-21T00:46:10.260532Z [ATTACK] [ATTACK][ETA] All UAVs tracking; using average ETA: 306s (from 3 values: [301, 308, 308])
2026-05-21T00:46:10.261347Z [ATTACK] [ATTACK][ETA] All tracking ETAs unified to 306s
2026-05-21T00:46:10.342339Z [ATTACK] [ATTACK][COLLAB] Remaining UAV entry lookahead applied: 9.0s (pathFollow=3, linearFallback=3, currentOnly=0)
2026-05-21T00:46:10.346718Z [ATTACK] [PRIOR] Falling back to first mission for aircraft 2 (current waypoint not found in plan).
2026-05-21T00:46:10.373002Z [ATTACK] [ATTACK][LAH] Inferred current waypoint from position -> 79.
2026-05-21T00:46:10.374304Z [ATTACK] [ATTACK][LAH] Dropped current waypoint from resume path (currentWP=79, nextWP=80).
2026-05-21T00:46:10.810512Z [ATTACK] [ATTACK][LAH] Using max attack speed 73.61m/s (265.0km/h) for aircraft 2.
2026-05-21T00:46:11.689469Z [ATTACK] [ATTACK][LAH] Preserved completed prefix, built sequential attack missions, and reattached 2 follow-up mission(s) for aircraft 2.
2026-05-21T00:46:11.698708Z [ATTACK] [ATTACK][LAH] Generated sequential attack/resume missions -> IMP:800000032.json attacks=2 resume=200000015.json (followUps=2)
2026-05-21T00:46:11.699827Z [ATTACK] [PRIOR] Falling back to first mission for aircraft 3 (current waypoint not found in plan).
2026-05-21T00:46:11.965117Z [ATTACK] [ATTACK][LAH] Using max attack speed 73.61m/s (265.0km/h) for aircraft 3.
2026-05-21T00:46:11.965889Z [ATTACK] [ATTACK][LAH] Inferred current waypoint from position -> 85.
2026-05-21T00:46:11.966463Z [ATTACK] [ATTACK][LAH] Dropped current waypoint from resume path (currentWP=85, nextWP=86).
2026-05-21T00:46:12.611467Z [ATTACK] [ATTACK][LAH] Preserved completed prefix, inserted attack, and reattached 2 follow-up mission(s).
2026-05-21T00:46:12.618750Z [ATTACK] [ATTACK][LAH] Generated attack/resume missions -> IMP:800000035.json PATHS:300000013.json/300000014.json (followUps=2)
2026-05-21T00:46:12.619502Z [ATTACK] [PRIOR] Falling back to first mission for aircraft 1 (current waypoint not found in plan).
2026-05-21T00:46:12.651172Z [ATTACK] [ATTACK][LAH] Inferred current waypoint from position -> 73.
2026-05-21T00:46:12.651790Z [ATTACK] [ATTACK][LAH] Dropped current waypoint from resume path (currentWP=73, nextWP=74).
2026-05-21T00:46:13.073442Z [ATTACK] [ATTACK][LAH] Preserved completed prefix, inserted hold, and reattached 2 follow-up mission(s).
2026-05-21T00:46:13.079799Z [ATTACK] [ATTACK][LAH] Generated hold/resume missions -> IMP:800000036.json PATHS:100000013.json/100000014.json (followUps=2)
2026-05-21T00:46:13.081482Z [ATTACK] [ATTACK][COLLAB] Collaborative replan skipped: no remaining source UAVs for current input.
2026-05-21T00:46:13.088930Z [ATTACK] [ATTACK][UAV] Tracking target altitude kept for sensor only; flight altitude replaced 694m -> 1956m.
2026-05-21T00:46:13.196509Z [ATTACK] [ATTACK][UAV] Resume trimmed by currentWP (lastRemovedWP=99).
2026-05-21T00:46:13.267055Z [ATTACK] [ATTACK][UAV] Added replan anchor waypoint to done path (anchorWP=287).
2026-05-21T00:46:13.267758Z [ATTACK] [ATTACK][UAV] Resume sweep trim applied (cutPoints=100, rawCutPoints=100, doneSweepPoints=0, pathID=500000004).
2026-05-21T00:46:13.344512Z [ATTACK] [ATTACK][UAV] Resume searchSpeed scaled (factor=1.30, waypoints=1).
2026-05-21T00:46:13.528437Z [ATTACK] [ATTACK][UAV] Preserved completed prefix, inserted tracking, and reattached 1 follow-up mission(s).
2026-05-21T00:46:13.581050Z [ATTACK] [ATTACK][UAV] Generated tracking/resume missions -> IMP:800000037.json PATHS:500000017.json/500000018.json (followUps=1)
2026-05-21T00:46:13.584256Z [ATTACK] [ATTACK][UAV] Tracking assignment state saved (aircraft=5, sourcePlan=700000002, attackPlan=700000007).
2026-05-21T00:46:13.592563Z [ATTACK] [ATTACK][UAV] Tracking target altitude kept for sensor only; flight altitude replaced 683m -> 1868m.
2026-05-21T00:46:13.720358Z [ATTACK] [ATTACK][UAV] Resume trimmed by currentWP (lastRemovedWP=95).
2026-05-21T00:46:13.802846Z [ATTACK] [ATTACK][UAV] Added replan anchor waypoint to done path (anchorWP=294).
2026-05-21T00:46:13.803582Z [ATTACK] [ATTACK][UAV] Resume sweep trim applied (cutPoints=14, rawCutPoints=98, doneSweepPoints=84, pathID=400000004).
2026-05-21T00:46:13.885529Z [ATTACK] [ATTACK][UAV] Resume searchSpeed scaled (factor=1.30, waypoints=1).
2026-05-21T00:46:14.063740Z [ATTACK] [ATTACK][UAV] Preserved completed prefix, inserted tracking, and reattached 1 follow-up mission(s).
2026-05-21T00:46:14.117431Z [ATTACK] [ATTACK][UAV] Generated tracking/resume missions -> IMP:800000038.json PATHS:400000020.json/400000021.json (followUps=1)
2026-05-21T00:46:14.119858Z [ATTACK] [ATTACK][UAV] Tracking assignment state saved (aircraft=4, sourcePlan=700000002, attackPlan=700000007).
2026-05-21T00:46:14.259694Z [ATTACK] [ATTACK][UAV] Resume trimmed by currentWP (lastRemovedWP=103).
2026-05-21T00:46:14.343103Z [ATTACK] [ATTACK][UAV] Added replan anchor waypoint to done path (anchorWP=302).
2026-05-21T00:46:14.343814Z [ATTACK] [ATTACK][UAV] Resume sweep trim applied (cutPoints=83, rawCutPoints=83, doneSweepPoints=0, pathID=600000004).
2026-05-21T00:46:14.426652Z [ATTACK] [ATTACK][UAV] Resume searchSpeed scaled (factor=1.30, waypoints=1).
2026-05-21T00:46:14.644418Z [ATTACK] [ATTACK][UAV] Preserved completed prefix, inserted tracking, and reattached 1 follow-up mission(s).
2026-05-21T00:46:14.684567Z [ATTACK] [ATTACK][UAV] Generated tracking/resume missions -> IMP:800000039.json PATHS:600000023.json/600000024.json (followUps=1)
2026-05-21T00:46:14.687800Z [ATTACK] [ATTACK][UAV] Tracking assignment state saved (aircraft=6, sourcePlan=700000002, attackPlan=700000007).
2026-05-21T00:46:14.698768Z [ATTACK] [ATTACK][PLAN] carried area remaining snapshot -> mission_area_snapshot_700000007.json (sourcePlanID=700000002, planID=700000007)
2026-05-21T00:46:14.699422Z [ATTACK] [ATTACK][PLAN] MissionPlan saved -> 700000007.json (planID=700000007)
2026-05-21T00:46:14.700469Z [ATTACK] [ATTACK][TIME] override_detail={"phases": {"metadata_normalize": {"elapsedMs": 0.008, "attackTargetCount": 3, "selectedMannedCount": 2}, "agent_index": {"elapsedMs": 0.105, "aircraftCount": 6}, "weapon_choice": {"elapsedMs": 3.087, "selectedWeaponType": 3, "ammoAvailable": true}, "initial_tracking_eta": {"elapsedMs": 0.806, "useDetectionTracking": true, "trackingEtaS": 304}, "resolve_source_plan": {"elapsedMs": 0.839, "sourcePlanID": 700000002}, "source_plan_load": {"elapsedMs": 0.449, "sourcePlanID": 700000002, "aircraftCount": 6}, "sweep_progress_load": {"elapsedMs": 0.518, "entries": 12}, "plan_id_resolve": {"elapsedMs": 0.025, "requested": true, "missionPlanID": 700000007}, "source_artifact_cache_build": {"elapsedMs": 0.016, "aircraftEntries": 6}, "done_input_ids_load": {"elapsedMs": 1.804, "count": 1}, "plan_deepcopy": {"elapsedMs": 0.073}, "target_uav_assignment": {"elapsedMs": 0.989, "assignedTargetCount": 3, "usedTrackingUavCount": 3}, "manned_sequence_assignment": {"elapsedMs": 22.758, "aircraftCount": 2, "error": null}, "attack_coordinate_resolution": {"elapsedMs": 40.538, "resolvedCount": 3, "mannedSequenceCount": 3}, "remaining_eta": {"elapsedMs": 0.803, "allUavCount": 3, "trackingUavCount": 3, "computedEtaCount": 3, "adjustedEtaS": 306}, "descriptor_list_build": {"elapsedMs": 0.032, "descriptorCount": 6, "activeMannedCount": 2, "otherLahCount": 1, "otherUavCount": 0}, "collab_tracking_scan": {"elapsedMs": 31.941, "inputCount": 1, "unavailableUavCount": 3}, "collab_agent_state_map": {"elapsedMs": 51.539, "aircraftCount": 6}, "collab_parallel_started": {"elapsedMs": 0.786, "inputCount": 1, "workers": 1}, "collab_parallel_join": {"elapsedMs": 0.531, "waitReason": "UAV_TRACK", "inputCount": 1}, "descriptor_loop": {"elapsedMs": 4342.235, "descriptorCount": 6, "updateCount": 6}, "mission_plan_write": {"elapsedMs": 10.882, "missionPlanID": 700000007}, "option_meta_build": {"elapsedMs": 0.053, "targetCount": 3, "collabInputCount": 0}}, "collabRuns": [{"inputMissionID": 2, "unavailableAircraftIDs": [4, 5, 6], "elapsedMs": 36.825, "status": "skipped"}], "descriptorDetails": [{"aircraftID": 2, "label": "manned", "mode": "LAH_ATTACK", "resolveArtifacts": {"elapsedMs": 3.563, "currentWaypointID": null, "sourcePathID": 200000001, "sourceImpID": 800000008}, "loadArtifacts": {"elapsedMs": 0.006, "impLoaded": true, "fpLoaded": true}, "cloneAndLocateMission": {"elapsedMs": 0.153, "missionCount": 3, "targetIndex": 0}, "allocateAndPlanUpdate": {"elapsedMs": 22.321, "newImpID": 800000032}, "builder": {"elapsedMs": 1326.796, "builderMode": "LAH_ATTACK"}, "status": "ok", "elapsedMs": 1352.999}, {"aircraftID": 3, "label": "manned", "mode": "LAH_ATTACK", "resolveArtifacts": {"elapsedMs": 0.863, "currentWaypointID": null, "sourcePathID": 300000001, "sourceImpID": 800000009}, "loadArtifacts": {"elapsedMs": 0.007, "impLoaded": true, "fpLoaded": true}, "cloneAndLocateMission": {"elapsedMs": 0.163, "missionCount": 3, "targetIndex": 0}, "allocateAndPlanUpdate": {"elapsedMs": 25.987, "newImpID": 800000035}, "builder": {"elapsedMs": 892.7, "builderMode": "LAH_ATTACK"}, "builderDetail": {"allocate_ids": {"elapsedMs": 236.818, "attackPathID": 300000013, "resumePathID": 300000014, "attackIndividualID": 900000081, "resumeIndividualID": 900000082, "entryWaypointID": 262, "attackWaypointID": 265}, "split_lah_resume": {"elapsedMs": 398.966, "resumeWaypointCount": 1, "removedWaypointID": 85}, "clone_followups": {"elapsedMs": 179.58, "followUpMissionCount": 2, "followUpPathCount": 2}, "payload_build": {"elapsedMs": 66.698, "hasResume": true, "followUpMissionCount": 2, "attackSpeedMps": 73.61}, "write_json": {"elapsedMs": 5.591, "fileCount": 5}, "totalMs": 891.313}, "status": "ok", "elapsedMs": 919.866}, {"aircraftID": 1, "label": "lah_hold_1", "mode": "LAH_HOLD_RESUME", "resolveArtifacts": {"elapsedMs": 0.53, "currentWaypointID": null, "sourcePathID": 100000001, "sourceImpID": 800000007}, "loadArtifacts": {"elapsedMs": 0.004, "impLoaded": true, "fpLoaded": true}, "cloneAndLocateMission": {"elapsedMs": 0.118, "missionCount": 3, "targetIndex": 0}, "allocateAndPlanUpdate": {"elapsedMs": 6.461, "newImpID": 800000036}, "builder": {"elapsedMs": 454.725, "builderMode": "LAH_HOLD_RESUME"}, "builderDetail": {"allocate_ids": {"elapsedMs": 22.28, "holdPathID": 100000013, "resumePathID": 100000014, "holdIndividualID": 900000085, "resumeIndividualID": 900000086}, "split_lah_resume": {"elapsedMs": 196.849, "resumeWaypointCount": 1, "removedWaypointID": 73}, "clone_followups": {"elapsedMs": 144.832, "followUpMissionCount": 2, "followUpPathCount": 2}, "payload_build": {"elapsedMs": 227.492, "hasResume": true, "followUpMissionCount": 2}, "write_json": {"elapsedMs": 4.425, "fileCount": 5}, "totalMs": 454.686}, "status": "ok", "elapsedMs": 461.953}, {"aircraftID": 5, "label": "uav_tracking_5", "mode": "UAV_TRACK", "resolveArtifacts": {"elapsedMs": 0.03, "currentWaypointID": 100, "sourcePathID": 500000004, "sourceImpID": 800000011}, "loadArtifacts": {"elapsedMs": 0.003, "impLoaded": true, "fpLoaded": true}, "cloneAndLocateMission": {"elapsedMs": 0.188, "missionCount": 3, "targetIndex": 1}, "allocateAndPlanUpdate": {"elapsedMs": 6.549, "newImpID": 800000037}, "builder": {"elapsedMs": 492.953, "builderMode": "UAV_TRACK"}, "builderDetail": {"allocate_ids": {"elapsedMs": 103.016, "donePathID": 500000016, "attackPathID": 500000017, "resumePathID": 500000018, "trackingIndividualID": 900000089, "resumeIndividualID": 900000090, "targetWaypointID": 286}, "split_done_resume": {"elapsedMs": 218.773, "sourceSinglePoint": false, "doneWaypointCount": 2, "resumeWaypointCount": 1, "removedWaypointID": 99}, "clone_followups": {"elapsedMs": 110.884, "followUpMissionCount": 1, "followUpPathCount": 1}, "write_json": {"elapsedMs": 51.065, "fileCount": 5}, "totalMs": 489.174}, "trackingState": {"elapsedMs": 2.333}, "status": "ok", "elapsedMs": 502.814}, {"aircraftID": 4, "label": "uav_tracking_4", "mode": "UAV_TRACK", "resolveArtifacts": {"elapsedMs": 0.026, "currentWaypointID": 96, "sourcePathID": 400000004, "sourceImpID": 800000010}, "loadArtifacts": {"elapsedMs": 0.003, "impLoaded": true, "fpLoaded": true}, "cloneAndLocateMission": {"elapsedMs": 0.182, "missionCount": 3, "targetIndex": 1}, "allocateAndPlanUpdate": {"elapsedMs": 7.25, "newImpID": 800000038}, "builder": {"elapsedMs": 525.672, "builderMode": "UAV_TRACK"}, "builderDetail": {"allocate_ids": {"elapsedMs": 122.966, "donePathID": 400000019, "attackPathID": 400000020, "resumePathID": 400000021, "trackingIndividualID": 900000092, "resumeIndividualID": 900000093, "targetWaypointID": 293}, "split_done_resume": {"elapsedMs": 225.62, "sourceSinglePoint": false, "doneWaypointCount": 3, "resumeWaypointCount": 1, "removedWaypointID": 95}, "clone_followups": {"elapsedMs": 116.261, "followUpMissionCount": 1, "followUpPathCount": 1}, "write_json": {"elapsedMs": 52.379, "fileCount": 5}, "totalMs": 522.156}, "trackingState": {"elapsedMs": 1.741}, "status": "ok", "elapsedMs": 535.548}, {"aircraftID": 6, "label": "uav_tracking_6", "mode": "UAV_TRACK", "resolveArtifacts": {"elapsedMs": 0.025, "currentWaypointID": 104, "sourcePathID": 600000004, "sourceImpID": 800000012}, "loadArtifacts": {"elapsedMs": 0.003, "impLoaded": true, "fpLoaded": true}, "cloneAndLocateMission": {"elapsedMs": 0.166, "missionCount": 3, "targetIndex": 1}, "allocateAndPlanUpdate": {"elapsedMs": 6.843, "newImpID": 800000039}, "builder": {"elapsedMs": 557.825, "builderMode": "UAV_TRACK"}, "builderDetail": {"allocate_ids": {"elapsedMs": 128.257, "donePathID": 600000022, "attackPathID": 600000023, "resumePathID": 600000024, "trackingIndividualID": 900000095, "resumeIndividualID": 900000096, "targetWaypointID": 301}, "split_done_resume": {"elapsedMs": 254.701, "sourceSinglePoint": false, "doneWaypointCount": 2, "resumeWaypointCount": 1, "removedWaypointID": 103}, "clone_followups": {"elapsedMs": 124.352, "followUpMissionCount": 1, "followUpPathCount": 1}, "write_json": {"elapsedMs": 38.549, "fileCount": 5}, "totalMs": 554.971}, "trackingState": {"elapsedMs": 2.346}, "status": "ok", "elapsedMs": 567.93}], "totalMs": 4508}
2026-05-21T00:46:14.701152Z [ATTACK] [ATTACK][TIME] override_total=4508ms
2026-05-21T00:46:14.702464Z [ATTACK] [TIME] apply_attack_plan_overrides=4517ms
2026-05-21T00:46:14.705941Z [ATTACK] [TIME] timingMs={"read_source": 11.96, "descriptor_build": 10.733, "write_artifacts": 4527.829, "delivery_wait": 2.868}
2026-05-21T00:46:14.706491Z [ATTACK] [TIME] total=4554ms
2026-05-21T00:46:14.711373Z [ATTACK] 분석 로그 저장: C:\Users\TRL98\Desktop\LAH_MUMT\Logs\Scenario_2026-05-21T085327\SBC3\DSS_Internal\log_attack_algorithm_20260521T004614_707092.json
2026-05-21T00:46:14.715951Z [ATTACK] mark target used: targetIDs=56, 55, 54
2026-05-21T00:46:14.733284Z [ATTACK-EXCLUDE] ATTACK-EXCLUDE using requested missionPlanID 700000008 (sourcePlanID=700000002)
2026-05-21T00:46:14.733853Z [ATTACK-EXCLUDE] [PRIOR][UAV] Resume trimmed by currentWP (lastRemovedWP=95).
2026-05-21T00:46:14.734654Z [ATTACK-EXCLUDE] [PRIOR][UAV] Added replan anchor waypoint to done path (anchorWP=240).
2026-05-21T00:46:14.735108Z [ATTACK-EXCLUDE] [PRIOR][UAV] Resume sweep trim applied (cutPoints=14, rawCutPoints=98, doneSweepPoints=84, pathID=400000004).
2026-05-21T00:46:14.736084Z [ATTACK-EXCLUDE] [PRIOR][UAV] Resume searchSpeed scaled (factor=1.30, waypoints=1).
2026-05-21T00:46:14.736772Z [ATTACK-EXCLUDE] [PRIOR][UAV] Generated done/resume mission -> aircraft=4 IMP:800000031.json PATHS:400000016.json/400000017.json
2026-05-21T00:46:14.737581Z [ATTACK-EXCLUDE] [PRIOR][UAV] Resume trimmed by currentWP (lastRemovedWP=99).
2026-05-21T00:46:14.738247Z [ATTACK-EXCLUDE] [PRIOR][UAV] Added replan anchor waypoint to done path (anchorWP=253).
2026-05-21T00:46:14.738791Z [ATTACK-EXCLUDE] [PRIOR][UAV] Resume sweep trim applied (cutPoints=100, rawCutPoints=100, doneSweepPoints=0, pathID=500000004).
2026-05-21T00:46:14.739480Z [ATTACK-EXCLUDE] [PRIOR][UAV] Resume searchSpeed scaled (factor=1.30, waypoints=1).
2026-05-21T00:46:14.740130Z [ATTACK-EXCLUDE] [PRIOR][UAV] Generated done/resume mission -> aircraft=5 IMP:800000033.json PATHS:500000013.json/500000014.json
2026-05-21T00:46:14.740792Z [ATTACK-EXCLUDE] [PRIOR][UAV] Resume trimmed by currentWP (lastRemovedWP=103).
2026-05-21T00:46:14.741572Z [ATTACK-EXCLUDE] [PRIOR][UAV] Added replan anchor waypoint to done path (anchorWP=266).
2026-05-21T00:46:14.742242Z [ATTACK-EXCLUDE] [PRIOR][UAV] Resume sweep trim applied (cutPoints=83, rawCutPoints=83, doneSweepPoints=0, pathID=600000004).
2026-05-21T00:46:14.742994Z [ATTACK-EXCLUDE] [PRIOR][UAV] Resume searchSpeed scaled (factor=1.30, waypoints=1).
2026-05-21T00:46:14.743663Z [ATTACK-EXCLUDE] [PRIOR][UAV] Generated done/resume mission -> aircraft=6 IMP:800000034.json PATHS:600000019.json/600000020.json
2026-05-21T00:46:14.744295Z [ATTACK-EXCLUDE] 공격 배제 MissionPlan 저장 -> 700000008.json (planID=700000008)
2026-05-21T00:46:14.745028Z [ATTACK-EXCLUDE] ATTACK-EXCLUDE carried area remaining snapshot -> mission_area_snapshot_700000008.json (sourcePlanID=700000002, planID=700000008)
2026-05-21T00:46:14.982128Z [ATTACK] 공격 임무 계획 완료 (planIds=700000007)
2026-05-21T00:46:14.982853Z [INFO] UAV params loaded (cruise=40.00, turn_step=15.0)
2026-05-21T00:46:14.983396Z [INFO] Latest input snapshot → 0201:ID=1,ts=832638838505,src=-, 0203:ID=1,ts=832638838538,src=-
2026-05-21T00:46:14.983933Z [STEP 0] Using latest 0201 ID 1 (1.json)
2026-05-21T00:46:14.984386Z [STEP 0] Using latest 0203 ID 1 (1.json)
2026-05-21T00:46:14.984849Z [CHECK] 0201/0203 필수 데이터 확인 시작
2026-05-21T00:46:14.985283Z [OK] 0201 inputMissionList 확인됨 (count=3) → 진행
2026-05-21T00:46:14.985721Z [OK] 0201 availableAircraftList 확인됨 (count=6) → 진행
2026-05-21T00:46:14.986114Z [OK] 0201 inputMissionPackageType=1 확인
2026-05-21T00:46:14.986504Z [OK] 0201 mainSensor=1 확인
2026-05-21T00:46:14.986885Z [CHECK] 0201 기체 수=6 (UAV=3, LAH=3)
2026-05-21T00:46:14.987266Z [CHECK] 0201 임무: total=3 missingID=0 missingDetail=0 missingShape=0 unknownType=0 typeZeroAuto=0 typeZeroInvalid=0 lineOnlyViolation=0 skippedSinglePoint=0
2026-05-21T00:46:14.987797Z [OK] 0203 takeOverInfoList 확인됨 (count=3) → 진행
2026-05-21T00:46:14.988395Z [OK] 0203 handOverInfoList 확인됨 (count=3) → 진행
2026-05-21T00:46:14.989008Z [OK] 0203 flightAreaList 확인됨 (count=1) → 진행
2026-05-21T00:46:14.989681Z [CHECK] 0203 flightAreaList count=1
2026-05-21T00:46:14.990283Z [INFO] 임무 진행영역 스냅샷 적용: sourcePlan=700000002, updated=2, done=0
2026-05-21T00:46:14.990850Z [INFO] 임무 진행영역 재계획 collapse 적용: groups=2, normalized=2, 3
2026-05-21T00:46:14.992032Z [INFO] Filtered completed input missions (removed=1, converted=-, widthAdjusted=-, skippedSinglePoint=-, snapshot=updated=2, done=0, collapse=groups=2, normalized=2,3)
2026-05-21T00:46:14.992447Z [REPLAN][TIME] variant_started_ms=4594.3 wall_ms=1779324374733 variant=1 option=3 mode=attack_exclusion
2026-05-21T00:46:14.992830Z [variant 1] 공격 배제 병렬 결과 병합
2026-05-21T00:46:14.993199Z [REPLAN][TIME] attack_exclusion_parallel_joined_ms=4606.7 wall_ms=1779324374745 variant=1 duration_ms=2214.075 wait_ms=0.008
2026-05-21T00:46:14.993569Z [OK] 공격 배제 variant 저장: MissionPlanID=700000008 (elapsed=2214.1 ms)
2026-05-21T00:46:14.993926Z [INFO] Option mapping #1: planID=700000008, optionCode=3(공격배제)
2026-05-21T00:46:14.994276Z [REPLAN][TIME] variant_finished_ms=4606.8 wall_ms=1779324374745 variant=1 option=3 mode=attack_exclusion status=success duration_ms=2214.075
2026-05-21T00:46:14.994625Z [OK] Stored mission data: MissionPlan=1, IndividualMission=0, FlightPath=0
2026-05-21T00:46:14.994972Z [REPLAN][TIME] id_tab_update_deferred_ms=4607.9 wall_ms=1779324374746
2026-05-21T00:46:14.995315Z [REPLAN][TIME] pipeline_done_ms=4608.0 wall_ms=1779324374746 plans=2 force_direct=False
2026-05-21T00:46:14.995688Z [REPLAN][TIME] 0301_queued_ms=4608.0 wall_ms=1779324374746 plans=2
2026-05-21T00:46:14.996044Z [STEP 4] 0301 push queued (planIds=700000007, 700000008)
2026-05-21T00:46:14.997542Z [0301] missionPlanID=700000007 전송
2026-05-21T00:46:14.999177Z [0301] missionPlanID=700000008 전송
2026-05-21T00:46:15.000033Z [PUSH] 0301 direct batch send
2026-05-21T00:46:15.000738Z [REPLAN][TIME] 0301_sent_ms=4861.8 wall_ms=1779324375000 plans=2
2026-05-21T00:46:15.001457Z [REPLAN][TIME] post_0301_delivery_queued_ms=4862.5 wall_ms=1779324375001 grace_ms=0 timeout_ms=20 force_direct=0 mode=option_or_0901
2026-05-21T00:46:15.002060Z [INFO] Post-0301 apply queued (mode=option_or_0901, grace=0ms, timeout=20ms, plans=2)
2026-05-21T00:46:15.004699Z [REPLAN][TIME] 0305_status_2_ms=4865.7 wall_ms=1779324375004 reason=표적56 등 3개 발견
2026-05-21T00:46:15.005368Z [0305] status=2, reason=표적56 등 3개 발견, elapsed=4.86s 전송
2026-05-21T00:46:15.005990Z [REPLAN][TIME] post_0301_completion_ready_ms=4867.1 wall_ms=1779324375005 mode=option_or_0901
2026-05-21T00:46:15.006813Z [REPLAN][METRIC] source_artifact_cache entries=27 hits=42 misses=27
2026-05-21T00:46:15.033524Z [INFO] Post-0301 ready (timeout) -> sending 0901
2026-05-21T00:46:15.034335Z [REPLAN][TIME] post_0301_flushed_ms=4895.4 wall_ms=1779324375034 delivery=0901 trigger=timeout
2026-05-21T00:46:15.038578Z [REPLAN][TIME] 0901_sent_ms=4899.6 wall_ms=1779324375038 options=2
2026-05-21T00:46:15.039387Z [0901] option request sent (count=2, codes=2(공격특화), 3(공격배제))
2026-05-21T00:46:15.040044Z [REPLAN][TIME] id_tab_update_flushed_ms=4901.1 wall_ms=1779324375039
2026-05-21T00:47:11.124891Z [REPLAN][TIME] 0902_received_ms=0.3 wall_ms=1779324431124 trigger=attack_2_option replanLevel=2 optionCount=2 forceDirect=0
2026-05-21T00:47:11.126031Z [REPLAN][TIME] 0902_archived_ms=1.6 wall_ms=1779324431125 path=replan_request_832639630170.json
2026-05-21T00:47:11.126610Z [AUTO] 0902 received (planIds=700000009, 700000010)
2026-05-21T00:47:11.127289Z [REPLAN][TIME] pipeline_scheduled_ms=2.7 wall_ms=1779324431127 delay_ms=0
2026-05-21T00:47:11.128385Z [REPLAN][TIME] scheduled_start_ms=3.9 wall_ms=1779324431128
2026-05-21T00:47:11.130353Z [REPLAN][TIME] 0305_status_1_ms=5.9 wall_ms=1779324431130 reason=표적58 등 2개 발견
2026-05-21T00:47:11.130962Z [0305] status=1, reason=표적58 등 2개 발견 전송
2026-05-21T00:47:11.135433Z [INFO] Using latest 0203 ID 1 for missionReferencePackageID (fallback)
2026-05-21T00:47:11.136184Z [STEP 0] Replan pipeline start (reason=표적58 등 2개 발견)
2026-05-21T00:47:11.136820Z [REPLAN][TIME] attack_exclusion_parallel_started_ms=10.9 wall_ms=1779324431135 option_index=2 sourcePlanID=700000008
2026-05-21T00:47:11.137335Z [ATTACK-EXCLUDE] parallel generation started (sourcePlanID=700000008, optionIndex=2)
2026-05-21T00:47:11.137851Z [ATTACK] 공격 특화 재계획 요청 감지 → 전용 파이프라인 실행
2026-05-21T00:47:11.144111Z [ATTACK] [TIME] select_manned_aircraft=9ms
2026-05-21T00:47:11.144586Z [ATTACK] STEP1 Selected manned aircraft: aircraft 2 (fuel=1200.0, coord=(37.722660064697266, 128.1003875732422, alt=1200))
2026-05-21T00:47:11.145589Z [ATTACK] [TIME] load_target_entries=1ms
2026-05-21T00:47:11.146042Z [ATTACK] STEP2 UAV tracking summary: watcher 5?’target 57, watcher 4?’target 58, watcher 4?’target unknown-2, watcher 4?’target unknown-4, watcher 4?’target unknown-5, watcher 4?’target unknown-8, watcher 5?’target unknown-1, watcher 5?’target unknown-3, watcher 5?’target unknown-6, watcher 5?’target unknown-9, watcher 6?’target unknown-10, watcher 6?’target unknown-7, watcher 4?’target 53, watcher 6?’target 54, watcher 4?’target 55, watcher 5?’target 56
2026-05-21T00:47:11.146534Z [ATTACK] STEP2.5 Using bundled 0402 targets: target=58 watcher=4, target=57 watcher=5
2026-05-21T00:47:11.150425Z [ATTACK] STEP2.6 Multi-target manned selection: 2, 3
2026-05-21T00:47:11.153367Z [ATTACK] [ATTACK] Selected target id=58 type=1 weaponType=2 (preferred=2, ammo={'type1': 500, 'type2': 7, 'type3': 2})
2026-05-21T00:47:11.156293Z [ATTACK] [TIME] compute_attack_point=2ms
2026-05-21T00:47:11.157120Z [ATTACK] STEP3 Attack plan completed: lat=37.898979, lon=128.165665, alt=983m
2026-05-21T00:47:11.163705Z [ATTACK] [ATTACK] Weapon choice aircraft=2 preferred=2 selected=2 ammo={'type1': 500, 'type2': 7, 'type3': 2}
2026-05-21T00:47:11.164988Z [ATTACK] [ATTACK][ETA] Tracking ETA computed with LAH max attack speed (dist=20427.3m, speed=73.61m/s, +30s) -> 308s
2026-05-21T00:47:11.170354Z [ATTACK] [ATTACK] Using requested missionPlanID 700000009 (sourcePlanID=700000008)
2026-05-21T00:47:11.221270Z [ATTACK] [PRIOR] Falling back to first mission for aircraft 6 (current waypoint not found in plan).
2026-05-21T00:47:11.222780Z [ATTACK] [ATTACK][ETA] Non-tracking UAV remaining time unavailable; keeping computed ETA.
2026-05-21T00:47:11.231255Z [ATTACK] [PRIOR] Falling back to first mission for aircraft 4 (current waypoint not found in plan).
2026-05-21T00:47:11.239420Z [ATTACK] [PRIOR] Falling back to first mission for aircraft 5 (current waypoint not found in plan).
2026-05-21T00:47:11.248520Z [ATTACK] [ATTACK][COLLAB] Remaining UAV entry lookahead applied: 9.0s (pathFollow=0, linearFallback=6, currentOnly=0)
2026-05-21T00:47:11.250044Z [ATTACK] [PRIOR] Falling back to first mission for aircraft 2 (current waypoint not found in plan).
2026-05-21T00:47:11.937891Z [ATTACK] [ATTACK][LAH] Using max attack speed 73.61m/s (265.0km/h) for aircraft 2.
2026-05-21T00:47:11.938802Z [ATTACK] [ATTACK][LAH] Inferred current waypoint from position -> 79.
2026-05-21T00:47:11.939670Z [ATTACK] [ATTACK][LAH] Dropped current waypoint from resume path (currentWP=79, nextWP=80).
2026-05-21T00:47:13.025351Z [ATTACK] [ATTACK][LAH] Preserved completed prefix, inserted attack, and reattached 2 follow-up mission(s).
2026-05-21T00:47:13.041397Z [ATTACK] [ATTACK][LAH] Generated attack/resume missions -> IMP:800000041.json PATHS:200000018.json/200000019.json (followUps=2)
2026-05-21T00:47:13.042147Z [ATTACK] [PRIOR] Falling back to first mission for aircraft 3 (current waypoint not found in plan).
2026-05-21T00:47:13.448017Z [ATTACK] [ATTACK][LAH] Using max attack speed 73.61m/s (265.0km/h) for aircraft 3.
2026-05-21T00:47:13.448801Z [ATTACK] [ATTACK][LAH] Inferred current waypoint from position -> 85.
2026-05-21T00:47:13.449599Z [ATTACK] [ATTACK][LAH] Dropped current waypoint from resume path (currentWP=85, nextWP=86).
2026-05-21T00:47:14.615472Z [ATTACK] [ATTACK][LAH] Preserved completed prefix, inserted attack, and reattached 2 follow-up mission(s).
2026-05-21T00:47:14.622292Z [ATTACK] [ATTACK][LAH] Generated attack/resume missions -> IMP:800000044.json PATHS:300000017.json/300000018.json (followUps=2)
2026-05-21T00:47:14.623106Z [ATTACK] [PRIOR] Falling back to first mission for aircraft 1 (current waypoint not found in plan).
2026-05-21T00:47:14.661350Z [ATTACK] [ATTACK][LAH] Inferred current waypoint from position -> 73.
2026-05-21T00:47:14.661984Z [ATTACK] [ATTACK][LAH] Dropped current waypoint from resume path (currentWP=73, nextWP=74).
2026-05-21T00:47:15.277964Z [ATTACK] [ATTACK][LAH] Preserved completed prefix, inserted hold, and reattached 2 follow-up mission(s).
2026-05-21T00:47:15.285442Z [ATTACK] [ATTACK][LAH] Generated hold/resume missions -> IMP:800000046.json PATHS:100000017.json/100000018.json (followUps=2)
2026-05-21T00:47:15.288004Z [ATTACK] [NEXTCOLLAB] division planner area-division pieces=1
2026-05-21T00:47:15.288584Z [ATTACK] [NEXTCOLLAB] division planner final workflow=no_split paths=1
2026-05-21T00:47:15.289204Z [ATTACK] [ATTACK][COLLAB] Collaborative replacement IMP written (aircraft=6, imp=800000045.json, missions=1).
2026-05-21T00:47:15.289771Z [ATTACK] [ATTACK][COLLAB] First sweep searchSpeed boosted (aircraft=6, pathID=600000026, waypointID=348, factor=1.30, old=974.27, new=1266.55).
2026-05-21T00:47:15.290330Z [ATTACK] [ATTACK][COLLAB] Collaborative remaining mission replanned (inputMissionID=2, unavailable=[4, 5], remaining=[6], workflow=no_split).
2026-05-21T00:47:15.291000Z [ATTACK] [PRIOR] Falling back to first mission for aircraft 4 (current waypoint not found in plan).
2026-05-21T00:47:15.299781Z [ATTACK] [ATTACK][UAV] Tracking target altitude kept for sensor only; flight altitude replaced 683m -> 1868m.
2026-05-21T00:47:15.451211Z [ATTACK] [ATTACK][UAV] Source path has a single waypoint; preserving it as done and skipping done/resume split.
2026-05-21T00:47:15.645767Z [ATTACK] [ATTACK][COLLAB] Tracking UAV resume replaced with release transit (aircraft=4, targetFinishEta=90, speed=58.0m/s).
2026-05-21T00:47:15.647421Z [ATTACK] [ATTACK][UAV] Preserved completed prefix, inserted tracking, and reattached 1 follow-up mission(s).
2026-05-21T00:47:15.690627Z [ATTACK] [ATTACK][UAV] Generated tracking/resume missions -> IMP:800000047.json PATHS:400000027.json/400000028.json (followUps=1)
2026-05-21T00:47:15.693541Z [ATTACK] [ATTACK][UAV] Tracking assignment state saved (aircraft=4, sourcePlan=700000008, attackPlan=700000009).
2026-05-21T00:47:15.694217Z [ATTACK] [PRIOR] Falling back to first mission for aircraft 5 (current waypoint not found in plan).
2026-05-21T00:47:15.703990Z [ATTACK] [ATTACK][UAV] Tracking target altitude kept for sensor only; flight altitude replaced 694m -> 1956m.
2026-05-21T00:47:15.846450Z [ATTACK] [ATTACK][UAV] Source path has a single waypoint; preserving it as done and skipping done/resume split.
2026-05-21T00:47:16.065562Z [ATTACK] [ATTACK][COLLAB] Tracking UAV resume replaced with release transit (aircraft=5, targetFinishEta=90, speed=58.0m/s).
2026-05-21T00:47:16.067343Z [ATTACK] [ATTACK][UAV] Preserved completed prefix, inserted tracking, and reattached 1 follow-up mission(s).
2026-05-21T00:47:16.110628Z [ATTACK] [ATTACK][UAV] Generated tracking/resume missions -> IMP:800000048.json PATHS:500000024.json/500000025.json (followUps=1)
2026-05-21T00:47:16.119427Z [ATTACK] [ATTACK][UAV] Tracking assignment state saved (aircraft=5, sourcePlan=700000008, attackPlan=700000009).
2026-05-21T00:47:16.120150Z [ATTACK] [PRIOR] Falling back to first mission for aircraft 6 (current waypoint not found in plan).
2026-05-21T00:47:16.120937Z [ATTACK] [ATTACK][COLLAB] Aircraft 6 handled by collaborative remaining replan (inputMissionID=2).
2026-05-21T00:47:16.133614Z [ATTACK] [ATTACK][PLAN] carried area remaining snapshot -> mission_area_snapshot_700000009.json (sourcePlanID=700000008, planID=700000009)
2026-05-21T00:47:16.134238Z [ATTACK] [ATTACK][PLAN] MissionPlan saved -> 700000009.json (planID=700000009)
2026-05-21T00:47:16.135267Z [ATTACK] [ATTACK][TIME] override_detail={"phases": {"metadata_normalize": {"elapsedMs": 0.008, "attackTargetCount": 2, "selectedMannedCount": 2}, "agent_index": {"elapsedMs": 0.1, "aircraftCount": 6}, "weapon_choice": {"elapsedMs": 5.467, "selectedWeaponType": 2, "ammoAvailable": true}, "initial_tracking_eta": {"elapsedMs": 0.759, "useDetectionTracking": true, "trackingEtaS": 308}, "resolve_source_plan": {"elapsedMs": 1.537, "sourcePlanID": 700000008}, "source_plan_load": {"elapsedMs": 2.208, "sourcePlanID": 700000008, "aircraftCount": 6}, "sweep_progress_load": {"elapsedMs": 0.775, "entries": 18}, "plan_id_resolve": {"elapsedMs": 0.02, "requested": true, "missionPlanID": 700000009}, "source_artifact_cache_build": {"elapsedMs": 0.017, "aircraftEntries": 6}, "done_input_ids_load": {"elapsedMs": 1.901, "count": 1}, "plan_deepcopy": {"elapsedMs": 0.067}, "target_uav_assignment": {"elapsedMs": 12.058, "assignedTargetCount": 2, "usedTrackingUavCount": 2}, "manned_sequence_assignment": {"elapsedMs": 18.877, "aircraftCount": 2, "error": null}, "attack_coordinate_resolution": {"elapsedMs": 8.515, "resolvedCount": 2, "mannedSequenceCount": 2}, "remaining_eta": {"elapsedMs": 10.708, "allUavCount": 3, "trackingUavCount": 2, "computedEtaCount": 2, "adjustedEtaS": null}, "descriptor_list_build": {"elapsedMs": 0.036, "descriptorCount": 6, "activeMannedCount": 2, "otherLahCount": 1, "otherUavCount": 1}, "collab_tracking_scan": {"elapsedMs": 16.708, "inputCount": 1, "unavailableUavCount": 2}, "collab_agent_state_map": {"elapsedMs": 8.944, "aircraftCount": 6}, "collab_parallel_started": {"elapsedMs": 0.648, "inputCount": 1, "workers": 1}, "collab_parallel_join": {"elapsedMs": 2.953, "waitReason": "UAV_TRACK", "inputCount": 1}, "descriptor_loop": {"elapsedMs": 4872.042, "descriptorCount": 6, "updateCount": 5}, "final_collab_plan_update": {"elapsedMs": 0.012, "collabInputCount": 1}, "mission_plan_write": {"elapsedMs": 12.555, "missionPlanID": 700000009}, "option_meta_build": {"elapsedMs": 0.059, "targetCount": 2, "collabInputCount": 1}}, "collabRuns": [{"inputMissionID": 2, "unavailableAircraftIDs": [4, 5], "elapsedMs": 3399.238, "status": "ok", "replacementAircraftIDs": [6], "generatedPathCount": 1, "finishEtaS": 90, "workflow": "no_split"}], "descriptorDetails": [{"aircraftID": 2, "label": "manned", "mode": "LAH_ATTACK", "resolveArtifacts": {"elapsedMs": 0.573, "currentWaypointID": null, "sourcePathID": 200000001, "sourceImpID": 800000008}, "loadArtifacts": {"elapsedMs": 0.004, "impLoaded": true, "fpLoaded": true}, "cloneAndLocateMission": {"elapsedMs": 0.106, "missionCount": 3, "targetIndex": 0}, "allocateAndPlanUpdate": {"elapsedMs": 38.233, "newImpID": 800000041}, "builder": {"elapsedMs": 1753.151, "builderMode": "LAH_ATTACK"}, "builderDetail": {"allocate_ids": {"elapsedMs": 644.883, "attackPathID": 200000018, "resumePathID": 200000019, "attackIndividualID": 900000100, "resumeIndividualID": 900000101, "entryWaypointID": 314, "attackWaypointID": 316}, "split_lah_resume": {"elapsedMs": 413.435, "resumeWaypointCount": 1, "removedWaypointID": 79}, "clone_followups": {"elapsedMs": 434.95, "followUpMissionCount": 2, "followUpPathCount": 2}, "payload_build": {"elapsedMs": 237.971, "hasResume": true, "followUpMissionCount": 2, "attackSpeedMps": 73.61}, "write_json": {"elapsedMs": 7.746, "fileCount": 5}, "totalMs": 1749.247}, "status": "ok", "elapsedMs": 1792.189}, {"aircraftID": 3, "label": "manned", "mode": "LAH_ATTACK", "resolveArtifacts": {"elapsedMs": 0.706, "currentWaypointID": null, "sourcePathID": 300000001, "sourceImpID": 800000009}, "loadArtifacts": {"elapsedMs": 0.004, "impLoaded": true, "fpLoaded": true}, "cloneAndLocateMission": {"elapsedMs": 0.129, "missionCount": 3, "targetIndex": 0}, "allocateAndPlanUpdate": {"elapsedMs": 12.455, "newImpID": 800000044}, "builder": {"elapsedMs": 1567.639, "builderMode": "LAH_ATTACK"}, "builderDetail": {"allocate_ids": {"elapsedMs": 390.801, "attackPathID": 300000017, "resumePathID": 300000018, "attackIndividualID": 900000108, "resumeIndividualID": 900000109, "entryWaypointID": 329, "attackWaypointID": 333}, "split_lah_resume": {"elapsedMs": 615.38, "resumeWaypointCount": 1, "removedWaypointID": 85}, "clone_followups": {"elapsedMs": 373.76, "followUpMissionCount": 2, "followUpPathCount": 2}, "payload_build": {"elapsedMs": 177.371, "hasResume": true, "followUpMissionCount": 2, "attackSpeedMps": 73.61}, "write_json": {"elapsedMs": 5.335, "fileCount": 5}, "totalMs": 1566.018}, "status": "ok", "elapsedMs": 1581.038}, {"aircraftID": 1, "label": "lah_hold_1", "mode": "LAH_HOLD_RESUME", "resolveArtifacts": {"elapsedMs": 0.552, "currentWaypointID": null, "sourcePathID": 100000001, "sourceImpID": 800000007}, "loadArtifacts": {"elapsedMs": 0.004, "impLoaded": true, "fpLoaded": true}, "cloneAndLocateMission": {"elapsedMs": 0.129, "missionCount": 3, "targetIndex": 0}, "allocateAndPlanUpdate": {"elapsedMs": 14.542, "newImpID": 800000046}, "builder": {"elapsedMs": 649.425, "builderMode": "LAH_HOLD_RESUME"}, "builderDetail": {"allocate_ids": {"elapsedMs": 20.985, "holdPathID": 100000017, "resumePathID": 100000018, "holdIndividualID": 900000113, "resumeIndividualID": 900000114}, "split_lah_resume": {"elapsedMs": 305.007, "resumeWaypointCount": 1, "removedWaypointID": 73}, "clone_followups": {"elapsedMs": 207.306, "followUpMissionCount": 2, "followUpPathCount": 2}, "payload_build": {"elapsedMs": 313.387, "hasResume": true, "followUpMissionCount": 2}, "write_json": {"elapsedMs": 5.677, "fileCount": 5}, "totalMs": 649.368}, "status": "ok", "elapsedMs": 664.785}, {"aircraftID": 4, "label": "uav_tracking_4", "mode": "UAV_TRACK", "resolveArtifacts": {"elapsedMs": 0.665, "currentWaypointID": 96, "sourcePathID": 400000017, "sourceImpID": 800000031}, "loadArtifacts": {"elapsedMs": 0.006, "impLoaded": true, "fpLoaded": true}, "cloneAndLocateMission": {"elapsedMs": 0.181, "missionCount": 2, "targetIndex": 0}, "allocateAndPlanUpdate": {"elapsedMs": 7.808, "newImpID": 800000047}, "builder": {"elapsedMs": 391.655, "builderMode": "UAV_TRACK"}, "builderDetail": {"allocate_ids": {"elapsedMs": 148.047, "donePathID": 400000026, "attackPathID": 400000027, "resumePathID": 400000028, "trackingIndividualID": 900000117, "resumeIndividualID": 900000118, "targetWaypointID": 359}, "split_done_resume": {"elapsedMs": 1.318, "sourceSinglePoint": true, "doneWaypointCount": 1, "resumeWaypointCount": 0, "removedWaypointID": 246}, "clone_followups": {"elapsedMs": 109.126, "followUpMissionCount": 1, "followUpPathCount": 1}, "release_resume": {"elapsedMs": 84.539, "releaseWaypointCount": 2, "targetFinishEtaS": 90}, "write_json": {"elapsedMs": 41.72, "fileCount": 5}, "totalMs": 388.994}, "trackingState": {"elapsedMs": 2.189}, "status": "ok", "elapsedMs": 403.233}, {"aircraftID": 5, "label": "uav_tracking_5", "mode": "UAV_TRACK", "resolveArtifacts": {"elapsedMs": 0.517, "currentWaypointID": 99, "sourcePathID": 500000014, "sourceImpID": 800000033}, "loadArtifacts": {"elapsedMs": 0.005, "impLoaded": true, "fpLoaded": true}, "cloneAndLocateMission": {"elapsedMs": 0.131, "missionCount": 2, "targetIndex": 0}, "allocateAndPlanUpdate": {"elapsedMs": 8.973, "newImpID": 800000048}, "builder": {"elapsedMs": 407.501, "builderMode": "UAV_TRACK"}, "builderDetail": {"allocate_ids": {"elapsedMs": 139.517, "donePathID": 500000023, "attackPathID": 500000024, "resumePathID": 500000025, "trackingIndividualID": 900000120, "resumeIndividualID": 900000121, "targetWaypointID": 364}, "split_done_resume": {"elapsedMs": 1.021, "sourceSinglePoint": true, "doneWaypointCount": 1, "resumeWaypointCount": 0, "removedWaypointID": 260}, "clone_followups": {"elapsedMs": 122.353, "followUpMissionCount": 1, "followUpPathCount": 1}, "release_resume": {"elapsedMs": 96.255, "releaseWaypointCount": 2, "targetFinishEtaS": 90}, "write_json": {"elapsedMs": 41.763, "fileCount": 5}, "totalMs": 405.058}, "trackingState": {"elapsedMs": 7.916}, "status": "ok", "elapsedMs": 425.895}, {"aircraftID": 6, "label": "uav_resume_6", "mode": "UAV_RESUME", "resolveArtifacts": {"elapsedMs": 0.587, "currentWaypointID": 104, "sourcePathID": 600000020, "sourceImpID": 800000034}, "loadArtifacts": {"elapsedMs": 0.006, "impLoaded": true, "fpLoaded": true}, "cloneAndLocateMission": {"elapsedMs": 0.149, "missionCount": 2, "targetIndex": 0}, "status": "handled_by_collab", "elapsedMs": 1.382}], "totalMs": 4968}
2026-05-21T00:47:16.135818Z [ATTACK] [ATTACK][TIME] override_total=4968ms
2026-05-21T00:47:16.136519Z [ATTACK] [TIME] apply_attack_plan_overrides=4979ms
2026-05-21T00:47:16.146102Z [ATTACK] [TIME] timingMs={"read_source": 10.671, "descriptor_build": 7.361, "write_artifacts": 4983.895, "delivery_wait": 9.003}
2026-05-21T00:47:16.146843Z [ATTACK] [TIME] total=5012ms
2026-05-21T00:47:16.150696Z [ATTACK] 분석 로그 저장: C:\Users\TRL98\Desktop\LAH_MUMT\Logs\Scenario_2026-05-21T085327\SBC3\DSS_Internal\log_attack_algorithm_20260521T004716_147588.json
2026-05-21T00:47:16.155246Z [ATTACK] mark target used: targetIDs=58, 57
2026-05-21T00:47:16.169550Z [ATTACK-EXCLUDE] ATTACK-EXCLUDE using requested missionPlanID 700000010 (sourcePlanID=700000008)
2026-05-21T00:47:16.170121Z [ATTACK-EXCLUDE] UAV 4 resume source adjusted 700000008 -> 700000002 (matched waypoint 96).
2026-05-21T00:47:16.170879Z [ATTACK-EXCLUDE] [PRIOR][UAV] Resume trimmed by currentWP (lastRemovedWP=95).
2026-05-21T00:47:16.171517Z [ATTACK-EXCLUDE] [PRIOR][UAV] Added replan anchor waypoint to done path (anchorWP=310).
2026-05-21T00:47:16.172393Z [ATTACK-EXCLUDE] [PRIOR][UAV] Resume sweep trim applied (cutPoints=14, rawCutPoints=98, doneSweepPoints=84, pathID=400000004).
2026-05-21T00:47:16.173009Z [ATTACK-EXCLUDE] [PRIOR][UAV] Resume searchSpeed scaled (factor=1.30, waypoints=1).
2026-05-21T00:47:16.173741Z [ATTACK-EXCLUDE] [PRIOR][UAV] Generated done/resume mission -> aircraft=4 IMP:800000040.json PATHS:400000023.json/400000024.json
2026-05-21T00:47:16.174671Z [ATTACK-EXCLUDE] UAV 5 resume source adjusted 700000008 -> 700000002 (matched waypoint 99).
2026-05-21T00:47:16.175302Z [ATTACK-EXCLUDE] [PRIOR][UAV] Resume sweep trim applied (cutPoints=100, rawCutPoints=100, doneSweepPoints=0, pathID=500000004).
2026-05-21T00:47:16.175922Z [ATTACK-EXCLUDE] [PRIOR][UAV] Resume searchSpeed scaled (factor=1.30, waypoints=1).
2026-05-21T00:47:16.176504Z [ATTACK-EXCLUDE] [PRIOR][UAV] Generated done/resume mission -> aircraft=5 IMP:800000042.json PATHS:500000021.json
2026-05-21T00:47:16.177931Z [ATTACK-EXCLUDE] UAV 6 resume source adjusted 700000008 -> 700000002 (matched waypoint 104).
2026-05-21T00:47:16.178755Z [ATTACK-EXCLUDE] [PRIOR][UAV] Resume trimmed by currentWP (lastRemovedWP=103).
2026-05-21T00:47:16.179771Z [ATTACK-EXCLUDE] [PRIOR][UAV] Added replan anchor waypoint to done path (anchorWP=337).
2026-05-21T00:47:16.180988Z [ATTACK-EXCLUDE] [PRIOR][UAV] Resume sweep trim applied (cutPoints=83, rawCutPoints=83, doneSweepPoints=0, pathID=600000004).
2026-05-21T00:47:16.181818Z [ATTACK-EXCLUDE] [PRIOR][UAV] Resume searchSpeed scaled (factor=1.30, waypoints=1).
2026-05-21T00:47:16.182825Z [ATTACK-EXCLUDE] [PRIOR][UAV] Generated done/resume mission -> aircraft=6 IMP:800000043.json PATHS:600000027.json/600000028.json
2026-05-21T00:47:16.183758Z [ATTACK-EXCLUDE] 공격 배제 MissionPlan 저장 -> 700000010.json (planID=700000010)
2026-05-21T00:47:16.184650Z [ATTACK-EXCLUDE] ATTACK-EXCLUDE carried area remaining snapshot -> mission_area_snapshot_700000010.json (sourcePlanID=700000008, planID=700000010)
2026-05-21T00:47:16.450132Z [ATTACK] 공격 임무 계획 완료 (planIds=700000009)
2026-05-21T00:47:16.450881Z [INFO] UAV params loaded (cruise=40.00, turn_step=15.0)
2026-05-21T00:47:16.451332Z [INFO] Latest input snapshot → 0201:ID=1,ts=832638838505,src=-, 0203:ID=1,ts=832638838538,src=-
2026-05-21T00:47:16.451744Z [STEP 0] Using latest 0201 ID 1 (1.json)
2026-05-21T00:47:16.452132Z [STEP 0] Using latest 0203 ID 1 (1.json)
2026-05-21T00:47:16.452505Z [CHECK] 0201/0203 필수 데이터 확인 시작
2026-05-21T00:47:16.452880Z [OK] 0201 inputMissionList 확인됨 (count=3) → 진행
2026-05-21T00:47:16.453256Z [OK] 0201 availableAircraftList 확인됨 (count=6) → 진행
2026-05-21T00:47:16.453668Z [OK] 0201 inputMissionPackageType=1 확인
2026-05-21T00:47:16.454040Z [OK] 0201 mainSensor=1 확인
2026-05-21T00:47:16.454421Z [CHECK] 0201 기체 수=6 (UAV=3, LAH=3)
2026-05-21T00:47:16.455021Z [CHECK] 0201 임무: total=3 missingID=0 missingDetail=0 missingShape=0 unknownType=0 typeZeroAuto=0 typeZeroInvalid=0 lineOnlyViolation=0 skippedSinglePoint=0
2026-05-21T00:47:16.455458Z [OK] 0203 takeOverInfoList 확인됨 (count=3) → 진행
2026-05-21T00:47:16.455839Z [OK] 0203 handOverInfoList 확인됨 (count=3) → 진행
2026-05-21T00:47:16.456238Z [OK] 0203 flightAreaList 확인됨 (count=1) → 진행
2026-05-21T00:47:16.456603Z [CHECK] 0203 flightAreaList count=1
2026-05-21T00:47:16.456958Z [INFO] 임무 진행영역 스냅샷 적용: sourcePlan=700000008, updated=2, done=0
2026-05-21T00:47:16.457317Z [INFO] 임무 진행영역 재계획 collapse 적용: groups=2, normalized=2, 3
2026-05-21T00:47:16.457673Z [INFO] Filtered completed input missions (removed=1, converted=-, widthAdjusted=-, skippedSinglePoint=-, snapshot=updated=2, done=0, collapse=groups=2, normalized=2,3)
2026-05-21T00:47:16.458024Z [REPLAN][TIME] variant_started_ms=5045.4 wall_ms=1779324436169 variant=1 option=3 mode=attack_exclusion
2026-05-21T00:47:16.458378Z [variant 1] 공격 배제 병렬 결과 병합
2026-05-21T00:47:16.458729Z [REPLAN][TIME] attack_exclusion_parallel_joined_ms=5061.5 wall_ms=1779324436185 variant=1 duration_ms=3118.883 wait_ms=0.008
2026-05-21T00:47:16.459147Z [OK] 공격 배제 variant 저장: MissionPlanID=700000010 (elapsed=3118.9 ms)
2026-05-21T00:47:16.459506Z [INFO] Option mapping #1: planID=700000010, optionCode=3(공격배제)
2026-05-21T00:47:16.459855Z [REPLAN][TIME] variant_finished_ms=5061.8 wall_ms=1779324436185 variant=1 option=3 mode=attack_exclusion status=success duration_ms=3118.883
2026-05-21T00:47:16.460206Z [OK] Stored mission data: MissionPlan=1, IndividualMission=0, FlightPath=0
2026-05-21T00:47:16.460579Z [REPLAN][TIME] id_tab_update_deferred_ms=5063.4 wall_ms=1779324436187
2026-05-21T00:47:16.460922Z [REPLAN][TIME] pipeline_done_ms=5063.5 wall_ms=1779324436187 plans=2 force_direct=False
2026-05-21T00:47:16.461258Z [REPLAN][TIME] 0301_queued_ms=5063.5 wall_ms=1779324436187 plans=2
2026-05-21T00:47:16.461593Z [STEP 4] 0301 push queued (planIds=700000009, 700000010)
2026-05-21T00:47:16.462518Z [0402] delivery suppressed before 0301: Target 정보 변경으로 인한 재계획 중단
2026-05-21T00:47:16.464613Z [0001] notice sent: Target 정보 변경으로 인한 재계획 중단
2026-05-21T00:47:16.465383Z [REPLAN][METRIC] source_artifact_cache entries=87 hits=60 misses=87
2026-05-21T00:47:16.903583Z [REPLAN][TIME] 0902_received_ms=0.4 wall_ms=1779324436903 trigger=attack_2_option replanLevel=2 optionCount=2 forceDirect=0
2026-05-21T00:47:16.904697Z [REPLAN][TIME] 0902_archived_ms=1.6 wall_ms=1779324436904 path=replan_request_832639635127.json
2026-05-21T00:47:16.905250Z [AUTO] 0902 received (planIds=700000011, 700000012)
2026-05-21T00:47:16.905785Z [REPLAN][TIME] pipeline_scheduled_ms=2.7 wall_ms=1779324436905 delay_ms=0
2026-05-21T00:47:16.906717Z [REPLAN][TIME] scheduled_start_ms=3.6 wall_ms=1779324436906
2026-05-21T00:47:16.909170Z [REPLAN][TIME] 0305_status_1_ms=6.0 wall_ms=1779324436908 reason=표적59 등 3개 발견
2026-05-21T00:47:16.909751Z [0305] status=1, reason=표적59 등 3개 발견 전송
2026-05-21T00:47:16.916989Z [INFO] Using latest 0203 ID 1 for missionReferencePackageID (fallback)
2026-05-21T00:47:16.917948Z [STEP 0] Replan pipeline start (reason=표적59 등 3개 발견)
2026-05-21T00:47:16.918664Z [REPLAN][TIME] attack_exclusion_parallel_started_ms=10.9 wall_ms=1779324436913 option_index=2 sourcePlanID=700000008
2026-05-21T00:47:16.919258Z [ATTACK-EXCLUDE] parallel generation started (sourcePlanID=700000008, optionIndex=2)
2026-05-21T00:47:16.920023Z [ATTACK] 공격 특화 재계획 요청 감지 → 전용 파이프라인 실행
2026-05-21T00:47:16.925862Z [ATTACK] [TIME] select_manned_aircraft=12ms
2026-05-21T00:47:16.926885Z [ATTACK] STEP1 Selected manned aircraft: aircraft 2 (fuel=1200.0, coord=(37.722660064697266, 128.1003875732422, alt=1200))
2026-05-21T00:47:16.929619Z [ATTACK] [TIME] load_target_entries=1ms
2026-05-21T00:47:16.930209Z [ATTACK] STEP2 UAV tracking summary: watcher 5?’target 57, watcher 4?’target 58, watcher 6?’target 59, watcher 4?’target 59, watcher 5?’target 60, watcher 6?’target 61, watcher 4?’target unknown-12, watcher 4?’target unknown-2, watcher 4?’target unknown-4, watcher 4?’target unknown-5, watcher 4?’target unknown-8, watcher 5?’target unknown-1, watcher 5?’target unknown-11, watcher 5?’target unknown-3, watcher 5?’target unknown-6, watcher 5?’target unknown-9, watcher 6?’target unknown-10, watcher 6?’target unknown-13, watcher 6?’target unknown-7, watcher 4?’target 53, watcher 6?’target 54, watcher 4?’target 55, watcher 5?’target 56
2026-05-21T00:47:16.930761Z [ATTACK] STEP2.5 Using bundled 0402 targets: target=59 watcher=6, target=58 watcher=4, target=57 watcher=5
2026-05-21T00:47:16.935306Z [ATTACK] STEP2.6 Multi-target manned selection: 2, 3
2026-05-21T00:47:16.940376Z [ATTACK] [ATTACK] Selected target id=59 type=1 weaponType=2 (preferred=2, ammo={'type1': 500, 'type2': 7, 'type3': 2})
2026-05-21T00:47:16.945997Z [ATTACK] [TIME] compute_attack_point=5ms
2026-05-21T00:47:16.946685Z [ATTACK] STEP3 Attack plan completed: lat=37.894946, lon=128.179839, alt=975m
2026-05-21T00:47:16.949953Z [ATTACK] [ATTACK] Weapon choice aircraft=2 preferred=2 selected=2 ammo={'type1': 500, 'type2': 7, 'type3': 2}
2026-05-21T00:47:16.950446Z [ATTACK] [ATTACK][ETA] Tracking ETA computed with LAH max attack speed (dist=20389.2m, speed=73.61m/s, +30s) -> 307s
2026-05-21T00:47:16.952700Z [ATTACK] [ATTACK] Using requested missionPlanID 700000011 (sourcePlanID=700000008)
2026-05-21T00:47:16.986442Z [ATTACK] [ATTACK][ETA] All UAVs tracking; using average ETA: 305s (from 3 values: [304, 308, 304])
2026-05-21T00:47:16.987209Z [ATTACK] [ATTACK][ETA] All tracking ETAs unified to 305s
2026-05-21T00:47:17.012469Z [ATTACK] [ATTACK][COLLAB] Remaining UAV entry lookahead applied: 9.0s (pathFollow=3, linearFallback=3, currentOnly=0)
2026-05-21T00:47:17.013840Z [ATTACK] [PRIOR] Falling back to first mission for aircraft 2 (current waypoint not found in plan).
2026-05-21T00:47:17.445108Z [ATTACK] [ATTACK][LAH] Using max attack speed 73.61m/s (265.0km/h) for aircraft 2.
2026-05-21T00:47:17.445742Z [ATTACK] [ATTACK][LAH] Inferred current waypoint from position -> 79.
2026-05-21T00:47:17.446317Z [ATTACK] [ATTACK][LAH] Dropped current waypoint from resume path (currentWP=79, nextWP=80).
2026-05-21T00:47:18.461379Z [ATTACK] [ATTACK][LAH] Preserved completed prefix, inserted attack, and reattached 2 follow-up mission(s).
2026-05-21T00:47:18.467990Z [ATTACK] [ATTACK][LAH] Generated attack/resume missions -> IMP:800000050.json PATHS:200000022.json/200000023.json (followUps=2)
2026-05-21T00:47:18.469402Z [ATTACK] [PRIOR] Falling back to first mission for aircraft 3 (current waypoint not found in plan).
2026-05-21T00:47:18.478498Z [ATTACK] [ATTACK][LAH] Inferred current waypoint from position -> 85.
2026-05-21T00:47:18.479368Z [ATTACK] [ATTACK][LAH] Dropped current waypoint from resume path (currentWP=85, nextWP=86).
2026-05-21T00:47:19.079606Z [ATTACK] [ATTACK][LAH] Using max attack speed 73.61m/s (265.0km/h) for aircraft 3.
2026-05-21T00:47:19.842529Z [ATTACK] [ATTACK][LAH] Preserved completed prefix, built sequential attack missions, and reattached 2 follow-up mission(s) for aircraft 3.
2026-05-21T00:47:19.850455Z [ATTACK] [ATTACK][LAH] Generated sequential attack/resume missions -> IMP:800000053.json attacks=2 resume=300000023.json (followUps=2)
2026-05-21T00:47:19.851136Z [ATTACK] [PRIOR] Falling back to first mission for aircraft 1 (current waypoint not found in plan).
2026-05-21T00:47:19.882350Z [ATTACK] [ATTACK][LAH] Inferred current waypoint from position -> 73.
2026-05-21T00:47:19.883163Z [ATTACK] [ATTACK][LAH] Dropped current waypoint from resume path (currentWP=73, nextWP=74).
2026-05-21T00:47:20.544032Z [ATTACK] [ATTACK][LAH] Preserved completed prefix, inserted hold, and reattached 2 follow-up mission(s).
2026-05-21T00:47:20.550292Z [ATTACK] [ATTACK][LAH] Generated hold/resume missions -> IMP:800000054.json PATHS:100000021.json/100000022.json (followUps=2)
2026-05-21T00:47:20.551924Z [ATTACK] [ATTACK][COLLAB] Collaborative replan skipped: no remaining source UAVs for current input.
2026-05-21T00:47:20.559541Z [ATTACK] [ATTACK][UAV] Tracking target altitude kept for sensor only; flight altitude replaced 675m -> 1965m.
2026-05-21T00:47:20.693310Z [ATTACK] [ATTACK][UAV] Source path has a single waypoint; preserving it as done and skipping done/resume split.
2026-05-21T00:47:20.849652Z [ATTACK] [ATTACK][UAV] Preserved completed prefix, inserted tracking, and reattached 1 follow-up mission(s).
2026-05-21T00:47:20.893463Z [ATTACK] [ATTACK][UAV] Generated tracking-only mission -> IMP:800000055.json PATH:600000034.json (followUps=1, resumeSkipped=true)
2026-05-21T00:47:20.896104Z [ATTACK] [ATTACK][UAV] Tracking assignment state saved (aircraft=6, sourcePlan=700000008, attackPlan=700000011).
2026-05-21T00:47:20.903319Z [ATTACK] [ATTACK][UAV] Tracking target altitude kept for sensor only; flight altitude replaced 683m -> 1868m.
2026-05-21T00:47:21.041177Z [ATTACK] [ATTACK][UAV] Source path has a single waypoint; preserving it as done and skipping done/resume split.
2026-05-21T00:47:21.181893Z [ATTACK] [ATTACK][UAV] Preserved completed prefix, inserted tracking, and reattached 1 follow-up mission(s).
2026-05-21T00:47:21.226038Z [ATTACK] [ATTACK][UAV] Generated tracking-only mission -> IMP:800000056.json PATH:400000034.json (followUps=1, resumeSkipped=true)
2026-05-21T00:47:21.235643Z [ATTACK] [ATTACK][UAV] Tracking assignment state saved (aircraft=4, sourcePlan=700000008, attackPlan=700000011).
2026-05-21T00:47:21.242806Z [ATTACK] [ATTACK][UAV] Tracking target altitude kept for sensor only; flight altitude replaced 694m -> 1956m.
2026-05-21T00:47:21.382645Z [ATTACK] [ATTACK][UAV] Source path has a single waypoint; preserving it as done and skipping done/resume split.
2026-05-21T00:47:21.524831Z [ATTACK] [ATTACK][UAV] Preserved completed prefix, inserted tracking, and reattached 1 follow-up mission(s).
2026-05-21T00:47:21.562745Z [ATTACK] [ATTACK][UAV] Generated tracking-only mission -> IMP:800000057.json PATH:500000031.json (followUps=1, resumeSkipped=true)
2026-05-21T00:47:21.571391Z [ATTACK] [ATTACK][UAV] Tracking assignment state saved (aircraft=5, sourcePlan=700000008, attackPlan=700000011).
2026-05-21T00:47:21.581993Z [ATTACK] [ATTACK][PLAN] carried area remaining snapshot -> mission_area_snapshot_700000011.json (sourcePlanID=700000008, planID=700000011)
2026-05-21T00:47:21.582704Z [ATTACK] [ATTACK][PLAN] MissionPlan saved -> 700000011.json (planID=700000011)
2026-05-21T00:47:21.585134Z [ATTACK] [ATTACK][TIME] override_detail={"phases": {"metadata_normalize": {"elapsedMs": 0.006, "attackTargetCount": 3, "selectedMannedCount": 2}, "agent_index": {"elapsedMs": 0.112, "aircraftCount": 6}, "weapon_choice": {"elapsedMs": 2.628, "selectedWeaponType": 2, "ammoAvailable": true}, "initial_tracking_eta": {"elapsedMs": 0.433, "useDetectionTracking": true, "trackingEtaS": 307}, "resolve_source_plan": {"elapsedMs": 0.835, "sourcePlanID": 700000008}, "source_plan_load": {"elapsedMs": 0.361, "sourcePlanID": 700000008, "aircraftCount": 6}, "sweep_progress_load": {"elapsedMs": 0.537, "entries": 18}, "plan_id_resolve": {"elapsedMs": 0.019, "requested": true, "missionPlanID": 700000011}, "source_artifact_cache_build": {"elapsedMs": 0.012, "aircraftEntries": 6}, "done_input_ids_load": {"elapsedMs": 1.175, "count": 1}, "plan_deepcopy": {"elapsedMs": 0.052}, "target_uav_assignment": {"elapsedMs": 0.745, "assignedTargetCount": 3, "usedTrackingUavCount": 3}, "manned_sequence_assignment": {"elapsedMs": 17.863, "aircraftCount": 2, "error": null}, "attack_coordinate_resolution": {"elapsedMs": 12.955, "resolvedCount": 3, "mannedSequenceCount": 3}, "remaining_eta": {"elapsedMs": 0.814, "allUavCount": 3, "trackingUavCount": 3, "computedEtaCount": 3, "adjustedEtaS": 305}, "descriptor_list_build": {"elapsedMs": 0.034, "descriptorCount": 6, "activeMannedCount": 2, "otherLahCount": 1, "otherUavCount": 0}, "collab_tracking_scan": {"elapsedMs": 5.323, "inputCount": 1, "unavailableUavCount": 3}, "collab_agent_state_map": {"elapsedMs": 10.013, "aircraftCount": 6}, "collab_parallel_started": {"elapsedMs": 0.635, "inputCount": 1, "workers": 1}, "collab_parallel_join": {"elapsedMs": 0.562, "waitReason": "UAV_TRACK", "inputCount": 1}, "descriptor_loop": {"elapsedMs": 4558.566, "descriptorCount": 6, "updateCount": 6}, "mission_plan_write": {"elapsedMs": 10.617, "missionPlanID": 700000011}, "option_meta_build": {"elapsedMs": 0.099, "targetCount": 3, "collabInputCount": 0}}, "collabRuns": [{"inputMissionID": 2, "unavailableAircraftIDs": [4, 5, 6], "elapsedMs": 20.361, "status": "skipped"}], "descriptorDetails": [{"aircraftID": 2, "label": "manned", "mode": "LAH_ATTACK", "resolveArtifacts": {"elapsedMs": 0.867, "currentWaypointID": null, "sourcePathID": 200000001, "sourceImpID": 800000008}, "loadArtifacts": {"elapsedMs": 0.004, "impLoaded": true, "fpLoaded": true}, "cloneAndLocateMission": {"elapsedMs": 0.107, "missionCount": 3, "targetIndex": 0}, "allocateAndPlanUpdate": {"elapsedMs": 81.708, "newImpID": 800000050}, "builder": {"elapsedMs": 1372.616, "builderMode": "LAH_ATTACK"}, "builderDetail": {"allocate_ids": {"elapsedMs": 346.126, "attackPathID": 200000022, "resumePathID": 200000023, "attackIndividualID": 900000125, "resumeIndividualID": 900000126, "entryWaypointID": 372, "attackWaypointID": 373}, "split_lah_resume": {"elapsedMs": 321.648, "resumeWaypointCount": 1, "removedWaypointID": 79}, "clone_followups": {"elapsedMs": 578.257, "followUpMissionCount": 2, "followUpPathCount": 2}, "payload_build": {"elapsedMs": 115.561, "hasResume": true, "followUpMissionCount": 2, "attackSpeedMps": 73.61}, "write_json": {"elapsedMs": 5.074, "fileCount": 5}, "totalMs": 1370.299}, "status": "ok", "elapsedMs": 1455.426}, {"aircraftID": 3, "label": "manned", "mode": "LAH_ATTACK", "resolveArtifacts": {"elapsedMs": 0.942, "currentWaypointID": null, "sourcePathID": 300000001, "sourceImpID": 800000009}, "loadArtifacts": {"elapsedMs": 0.005, "impLoaded": true, "fpLoaded": true}, "cloneAndLocateMission": {"elapsedMs": 0.121, "missionCount": 3, "targetIndex": 0}, "allocateAndPlanUpdate": {"elapsedMs": 7.938, "newImpID": 800000053}, "builder": {"elapsedMs": 1372.805, "builderMode": "LAH_ATTACK"}, "status": "ok", "elapsedMs": 1381.953}, {"aircraftID": 1, "label": "lah_hold_1", "mode": "LAH_HOLD_RESUME", "resolveArtifacts": {"elapsedMs": 0.478, "currentWaypointID": null, "sourcePathID": 100000001, "sourceImpID": 800000007}, "loadArtifacts": {"elapsedMs": 0.004, "impLoaded": true, "fpLoaded": true}, "cloneAndLocateMission": {"elapsedMs": 0.118, "missionCount": 3, "targetIndex": 0}, "allocateAndPlanUpdate": {"elapsedMs": 6.815, "newImpID": 800000054}, "builder": {"elapsedMs": 693.226, "builderMode": "LAH_HOLD_RESUME"}, "builderDetail": {"allocate_ids": {"elapsedMs": 20.884, "holdPathID": 100000021, "resumePathID": 100000022, "holdIndividualID": 900000138, "resumeIndividualID": 900000139}, "split_lah_resume": {"elapsedMs": 308.057, "resumeWaypointCount": 1, "removedWaypointID": 73}, "clone_followups": {"elapsedMs": 260.408, "followUpMissionCount": 2, "followUpPathCount": 2}, "payload_build": {"elapsedMs": 356.309, "hasResume": true, "followUpMissionCount": 2}, "write_json": {"elapsedMs": 4.948, "fileCount": 5}, "totalMs": 693.187}, "status": "ok", "elapsedMs": 700.757}, {"aircraftID": 6, "label": "uav_tracking_6", "mode": "UAV_TRACK", "resolveArtifacts": {"elapsedMs": 0.02, "currentWaypointID": 271, "sourcePathID": 600000020, "sourceImpID": 800000034}, "loadArtifacts": {"elapsedMs": 0.003, "impLoaded": true, "fpLoaded": true}, "cloneAndLocateMission": {"elapsedMs": 0.134, "missionCount": 2, "targetIndex": 0}, "allocateAndPlanUpdate": {"elapsedMs": 6.725, "newImpID": 800000055}, "builder": {"elapsedMs": 334.625, "builderMode": "UAV_TRACK"}, "builderDetail": {"allocate_ids": {"elapsedMs": 130.786, "donePathID": 600000033, "attackPathID": 600000034, "resumePathID": 600000035, "trackingIndividualID": 900000142, "resumeIndividualID": 900000143, "targetWaypointID": 408}, "split_done_resume": {"elapsedMs": 1.079, "sourceSinglePoint": true, "doneWaypointCount": 1, "resumeWaypointCount": 0, "removedWaypointID": 271}, "clone_followups": {"elapsedMs": 153.466, "followUpMissionCount": 1, "followUpPathCount": 1}, "write_json": {"elapsedMs": 42.458, "fileCount": 4}, "totalMs": 332.161}, "trackingState": {"elapsedMs": 2.02}, "status": "ok", "elapsedMs": 344.054}, {"aircraftID": 4, "label": "uav_tracking_4", "mode": "UAV_TRACK", "resolveArtifacts": {"elapsedMs": 0.02, "currentWaypointID": 246, "sourcePathID": 400000017, "sourceImpID": 800000031}, "loadArtifacts": {"elapsedMs": 0.003, "impLoaded": true, "fpLoaded": true}, "cloneAndLocateMission": {"elapsedMs": 0.129, "missionCount": 2, "targetIndex": 0}, "allocateAndPlanUpdate": {"elapsedMs": 6.308, "newImpID": 800000056}, "builder": {"elapsedMs": 323.556, "builderMode": "UAV_TRACK"}, "builderDetail": {"allocate_ids": {"elapsedMs": 134.456, "donePathID": 400000033, "attackPathID": 400000034, "resumePathID": 400000035, "trackingIndividualID": 900000145, "resumeIndividualID": 900000146, "targetWaypointID": 411}, "split_done_resume": {"elapsedMs": 0.989, "sourceSinglePoint": true, "doneWaypointCount": 1, "resumeWaypointCount": 0, "removedWaypointID": 246}, "clone_followups": {"elapsedMs": 137.786, "followUpMissionCount": 1, "followUpPathCount": 1}, "write_json": {"elapsedMs": 42.676, "fileCount": 4}, "totalMs": 320.451}, "trackingState": {"elapsedMs": 8.888}, "status": "ok", "elapsedMs": 339.594}, {"aircraftID": 5, "label": "uav_tracking_5", "mode": "UAV_TRACK", "resolveArtifacts": {"elapsedMs": 0.022, "currentWaypointID": 260, "sourcePathID": 500000014, "sourceImpID": 800000033}, "loadArtifacts": {"elapsedMs": 0.003, "impLoaded": true, "fpLoaded": true}, "cloneAndLocateMission": {"elapsedMs": 0.133, "missionCount": 2, "targetIndex": 0}, "allocateAndPlanUpdate": {"elapsedMs": 6.249, "newImpID": 800000057}, "builder": {"elapsedMs": 320.941, "builderMode": "UAV_TRACK"}, "builderDetail": {"allocate_ids": {"elapsedMs": 137.085, "donePathID": 500000030, "attackPathID": 500000031, "resumePathID": 500000032, "trackingIndividualID": 900000148, "resumeIndividualID": 900000149, "targetWaypointID": 414}, "split_done_resume": {"elapsedMs": 0.886, "sourceSinglePoint": true, "doneWaypointCount": 1, "resumeWaypointCount": 0, "removedWaypointID": 260}, "clone_followups": {"elapsedMs": 139.66, "followUpMissionCount": 1, "followUpPathCount": 1}, "write_json": {"elapsedMs": 36.313, "fileCount": 4}, "totalMs": 318.513}, "trackingState": {"elapsedMs": 7.688}, "status": "ok", "elapsedMs": 335.685}], "totalMs": 4632}
2026-05-21T00:47:21.585893Z [ATTACK] [ATTACK][TIME] override_total=4632ms
2026-05-21T00:47:21.586705Z [ATTACK] [TIME] apply_attack_plan_overrides=4640ms
2026-05-21T00:47:21.590472Z [ATTACK] [TIME] timingMs={"read_source": 16.12, "descriptor_build": 10.178, "write_artifacts": 4647.174, "delivery_wait": 3.203}
2026-05-21T00:47:21.591041Z [ATTACK] [TIME] total=4677ms
2026-05-21T00:47:21.595654Z [ATTACK] 분석 로그 저장: C:\Users\TRL98\Desktop\LAH_MUMT\Logs\Scenario_2026-05-21T085327\SBC3\DSS_Internal\log_attack_algorithm_20260521T004721_591699.json
2026-05-21T00:47:21.601113Z [ATTACK] mark target used: targetIDs=59, 58, 57
2026-05-21T00:47:21.625484Z [ATTACK-EXCLUDE] ATTACK-EXCLUDE using requested missionPlanID 700000012 (sourcePlanID=700000008)
2026-05-21T00:47:21.626559Z [ATTACK-EXCLUDE] [PRIOR][UAV] Resume sweep trim applied (cutPoints=7, rawCutPoints=7, doneSweepPoints=0, pathID=400000017).
2026-05-21T00:47:21.627466Z [ATTACK-EXCLUDE] [PRIOR][UAV] Resume searchSpeed scaled (factor=1.30, waypoints=1).
2026-05-21T00:47:21.630049Z [ATTACK-EXCLUDE] [PRIOR][UAV] Generated done/resume mission -> aircraft=4 IMP:800000049.json PATHS:400000031.json
2026-05-21T00:47:21.630958Z [ATTACK-EXCLUDE] [PRIOR][UAV] Resume sweep trim applied (cutPoints=4, rawCutPoints=4, doneSweepPoints=0, pathID=500000014).
2026-05-21T00:47:21.631839Z [ATTACK-EXCLUDE] [PRIOR][UAV] Resume searchSpeed scaled (factor=1.30, waypoints=1).
2026-05-21T00:47:21.632803Z [ATTACK-EXCLUDE] [PRIOR][UAV] Generated done/resume mission -> aircraft=5 IMP:800000051.json PATHS:500000028.json
2026-05-21T00:47:21.633568Z [ATTACK-EXCLUDE] [PRIOR][UAV] Resume sweep trim applied (cutPoints=7, rawCutPoints=7, doneSweepPoints=0, pathID=600000020).
2026-05-21T00:47:21.634362Z [ATTACK-EXCLUDE] [PRIOR][UAV] Resume searchSpeed scaled (factor=1.30, waypoints=1).
2026-05-21T00:47:21.635269Z [ATTACK-EXCLUDE] [PRIOR][UAV] Generated done/resume mission -> aircraft=6 IMP:800000052.json PATHS:600000031.json
2026-05-21T00:47:21.636003Z [ATTACK-EXCLUDE] 공격 배제 MissionPlan 저장 -> 700000012.json (planID=700000012)
2026-05-21T00:47:21.636593Z [ATTACK-EXCLUDE] ATTACK-EXCLUDE carried area remaining snapshot -> mission_area_snapshot_700000012.json (sourcePlanID=700000008, planID=700000012)
2026-05-21T00:47:21.887232Z [ATTACK] 공격 임무 계획 완료 (planIds=700000011)
2026-05-21T00:47:21.888079Z [INFO] UAV params loaded (cruise=40.00, turn_step=15.0)
2026-05-21T00:47:21.888615Z [INFO] Latest input snapshot → 0201:ID=1,ts=832638838505,src=-, 0203:ID=1,ts=832638838538,src=-
2026-05-21T00:47:21.889122Z [STEP 0] Using latest 0201 ID 1 (1.json)
2026-05-21T00:47:21.889650Z [STEP 0] Using latest 0203 ID 1 (1.json)
2026-05-21T00:47:21.890095Z [CHECK] 0201/0203 필수 데이터 확인 시작
2026-05-21T00:47:21.890553Z [OK] 0201 inputMissionList 확인됨 (count=3) → 진행
2026-05-21T00:47:21.891011Z [OK] 0201 availableAircraftList 확인됨 (count=6) → 진행
2026-05-21T00:47:21.891537Z [OK] 0201 inputMissionPackageType=1 확인
2026-05-21T00:47:21.892271Z [OK] 0201 mainSensor=1 확인
2026-05-21T00:47:21.893067Z [CHECK] 0201 기체 수=6 (UAV=3, LAH=3)
2026-05-21T00:47:21.893579Z [CHECK] 0201 임무: total=3 missingID=0 missingDetail=0 missingShape=0 unknownType=0 typeZeroAuto=0 typeZeroInvalid=0 lineOnlyViolation=0 skippedSinglePoint=0
2026-05-21T00:47:21.894152Z [OK] 0203 takeOverInfoList 확인됨 (count=3) → 진행
2026-05-21T00:47:21.894688Z [OK] 0203 handOverInfoList 확인됨 (count=3) → 진행
2026-05-21T00:47:21.895130Z [OK] 0203 flightAreaList 확인됨 (count=1) → 진행
2026-05-21T00:47:21.895533Z [CHECK] 0203 flightAreaList count=1
2026-05-21T00:47:21.895956Z [INFO] 임무 진행영역 스냅샷 적용: sourcePlan=700000008, updated=2, done=0
2026-05-21T00:47:21.896346Z [INFO] 임무 진행영역 재계획 collapse 적용: groups=2, normalized=2, 3
2026-05-21T00:47:21.896729Z [INFO] Filtered completed input missions (removed=1, converted=-, widthAdjusted=-, skippedSinglePoint=-, snapshot=updated=2, done=0, collapse=groups=2, normalized=2,3)
2026-05-21T00:47:21.897109Z [REPLAN][TIME] variant_started_ms=4722.4 wall_ms=1779324441625 variant=1 option=3 mode=attack_exclusion
2026-05-21T00:47:21.897480Z [variant 1] 공격 배제 병렬 결과 병합
2026-05-21T00:47:21.899303Z [REPLAN][TIME] attack_exclusion_parallel_joined_ms=4735.2 wall_ms=1779324441637 variant=1 duration_ms=2154.222 wait_ms=0.01
2026-05-21T00:47:21.899739Z [OK] 공격 배제 variant 저장: MissionPlanID=700000012 (elapsed=2154.2 ms)
2026-05-21T00:47:21.900130Z [INFO] Option mapping #1: planID=700000012, optionCode=3(공격배제)
2026-05-21T00:47:21.900521Z [REPLAN][TIME] variant_finished_ms=4735.5 wall_ms=1779324441638 variant=1 option=3 mode=attack_exclusion status=success duration_ms=2154.222
2026-05-21T00:47:21.900886Z [OK] Stored mission data: MissionPlan=1, IndividualMission=0, FlightPath=0
2026-05-21T00:47:21.901244Z [REPLAN][TIME] id_tab_update_deferred_ms=4737.0 wall_ms=1779324441639
2026-05-21T00:47:21.901590Z [REPLAN][TIME] pipeline_done_ms=4737.1 wall_ms=1779324441639 plans=2 force_direct=False
2026-05-21T00:47:21.901936Z [REPLAN][TIME] 0301_queued_ms=4737.1 wall_ms=1779324441639 plans=2
2026-05-21T00:47:21.902320Z [STEP 4] 0301 push queued (planIds=700000011, 700000012)
2026-05-21T00:47:21.903856Z [0301] missionPlanID=700000011 전송
2026-05-21T00:47:21.905445Z [0301] missionPlanID=700000012 전송
2026-05-21T00:47:21.906349Z [PUSH] 0301 direct batch send
2026-05-21T00:47:21.907107Z [REPLAN][TIME] 0301_sent_ms=5004.2 wall_ms=1779324441906 plans=2
2026-05-21T00:47:21.907849Z [REPLAN][TIME] post_0301_delivery_queued_ms=5005.0 wall_ms=1779324441907 grace_ms=0 timeout_ms=20 force_direct=0 mode=option_or_0901
2026-05-21T00:47:21.908529Z [INFO] Post-0301 apply queued (mode=option_or_0901, grace=0ms, timeout=20ms, plans=2)
2026-05-21T00:47:21.911178Z [REPLAN][TIME] 0305_status_2_ms=5008.3 wall_ms=1779324441910 reason=표적59 등 3개 발견
2026-05-21T00:47:21.911963Z [0305] status=2, reason=표적59 등 3개 발견, elapsed=5.00s 전송
2026-05-21T00:47:21.912727Z [REPLAN][TIME] post_0301_completion_ready_ms=5009.9 wall_ms=1779324441912 mode=option_or_0901
2026-05-21T00:47:21.913333Z [REPLAN][METRIC] source_artifact_cache entries=24 hits=42 misses=24
2026-05-21T00:47:21.939833Z [INFO] Post-0301 ready (timeout) -> sending 0901
2026-05-21T00:47:21.940491Z [REPLAN][TIME] post_0301_flushed_ms=5037.7 wall_ms=1779324441940 delivery=0901 trigger=timeout
2026-05-21T00:47:21.942985Z [REPLAN][TIME] 0901_sent_ms=5040.1 wall_ms=1779324441942 options=2
2026-05-21T00:47:21.943590Z [0901] option request sent (count=2, codes=2(공격특화), 3(공격배제))
2026-05-21T00:47:21.944201Z [REPLAN][TIME] id_tab_update_flushed_ms=5041.4 wall_ms=1779324441944
2026-05-21T00:48:03.663179Z [REPLAN][TIME] 0902_received_ms=0.3 wall_ms=1779324483662 trigger=attack_2_option replanLevel=2 optionCount=2 forceDirect=0
2026-05-21T00:48:03.664201Z [REPLAN][TIME] 0902_archived_ms=1.3 wall_ms=1779324483664 path=replan_request_832639682374.json
2026-05-21T00:48:03.664686Z [AUTO] 0902 received (planIds=700000167, 700000168)
2026-05-21T00:48:03.665189Z [REPLAN][TIME] pipeline_scheduled_ms=2.3 wall_ms=1779324483665 delay_ms=0
2026-05-21T00:48:03.666061Z [REPLAN][TIME] scheduled_start_ms=3.2 wall_ms=1779324483665
2026-05-21T00:48:03.668172Z [REPLAN][TIME] 0305_status_1_ms=5.2 wall_ms=1779324483667 reason=표적58 등 3개 발견
2026-05-21T00:48:03.669251Z [0305] status=1, reason=표적58 등 3개 발견 전송
2026-05-21T00:48:03.678212Z [INFO] Using latest 0203 ID 1 for missionReferencePackageID (fallback)
2026-05-21T00:48:03.679239Z [STEP 0] Replan pipeline start (reason=표적58 등 3개 발견)
2026-05-21T00:48:03.681592Z [REPLAN][TIME] attack_exclusion_parallel_started_ms=14.8 wall_ms=1779324483677 option_index=2 sourcePlanID=700000008
2026-05-21T00:48:03.682111Z [ATTACK-EXCLUDE] parallel generation started (sourcePlanID=700000008, optionIndex=2)
2026-05-21T00:48:03.682585Z [ATTACK] 공격 특화 재계획 요청 감지 → 전용 파이프라인 실행
2026-05-21T00:48:03.689560Z [ATTACK] [TIME] select_manned_aircraft=11ms
2026-05-21T00:48:03.690424Z [ATTACK] STEP1 Selected manned aircraft: aircraft 2 (fuel=1200.0, coord=(37.722660064697266, 128.1003875732422, alt=1200))
2026-05-21T00:48:03.691687Z [ATTACK] [TIME] load_target_entries=1ms
2026-05-21T00:48:03.692148Z [ATTACK] STEP2 UAV tracking summary: watcher 6?’target 59, watcher 4?’target 59, watcher 5?’target 60, watcher 6?’target 62, watcher 5?’target 57, watcher 4?’target 58, watcher 4?’target unknown-2, watcher 4?’target unknown-4, watcher 4?’target unknown-5, watcher 4?’target unknown-8, watcher 5?’target unknown-1, watcher 5?’target unknown-11, watcher 5?’target unknown-3, watcher 5?’target unknown-6, watcher 5?’target unknown-9, watcher 6?’target unknown-10, watcher 6?’target unknown-13, watcher 6?’target unknown-14, watcher 6?’target unknown-15, watcher 6?’target unknown-16, watcher 6?’target unknown-7, watcher 4?’target 53, watcher 6?’target 54, watcher 4?’target 55, watcher 5?’target 56, watcher 6?’target 61
2026-05-21T00:48:03.692666Z [ATTACK] STEP2.5 Using bundled 0402 targets: target=58 watcher=4, target=59 watcher=6, target=57 watcher=5
2026-05-21T00:48:03.696903Z [ATTACK] STEP2.6 Multi-target manned selection: 2, 3
2026-05-21T00:48:03.702300Z [ATTACK] [ATTACK] Selected target id=58 type=1 weaponType=2 (preferred=2, ammo={'type1': 500, 'type2': 7, 'type3': 2})
2026-05-21T00:48:03.705628Z [ATTACK] [TIME] compute_attack_point=3ms
2026-05-21T00:48:03.706180Z [ATTACK] STEP3 Attack plan completed: lat=37.898979, lon=128.165665, alt=983m
2026-05-21T00:48:03.706833Z [ATTACK] [ATTACK] Using remembered waypoint 246 for watcher 4 while auto-tracking.
2026-05-21T00:48:03.710062Z [ATTACK] [ATTACK] Weapon choice aircraft=2 preferred=2 selected=2 ammo={'type1': 500, 'type2': 7, 'type3': 2}
2026-05-21T00:48:03.710780Z [ATTACK] [ATTACK][ETA] Tracking ETA computed with LAH max attack speed (dist=20427.3m, speed=73.61m/s, +30s) -> 308s
2026-05-21T00:48:03.713788Z [ATTACK] [ATTACK] Using requested missionPlanID 700000167 (sourcePlanID=700000008)
2026-05-21T00:48:03.745829Z [ATTACK] [ATTACK][ETA] All UAVs tracking; using average ETA: 307s (from 3 values: [306, 307, 307])
2026-05-21T00:48:03.746804Z [ATTACK] [ATTACK][ETA] All tracking ETAs unified to 307s
2026-05-21T00:48:03.772068Z [ATTACK] [ATTACK][COLLAB] Remaining UAV entry lookahead applied: 9.0s (pathFollow=3, linearFallback=3, currentOnly=0)
2026-05-21T00:48:03.773535Z [ATTACK] [PRIOR] Falling back to first mission for aircraft 2 (current waypoint not found in plan).
2026-05-21T00:48:03.882966Z [ATTACK] [ATTACK][LAH] Inferred current waypoint from position -> 79.
2026-05-21T00:48:03.883884Z [ATTACK] [ATTACK][LAH] Dropped current waypoint from resume path (currentWP=79, nextWP=80).
2026-05-21T00:48:04.481869Z [ATTACK] [ATTACK][LAH] Using max attack speed 73.61m/s (265.0km/h) for aircraft 2.
2026-05-21T00:48:05.817300Z [ATTACK] [ATTACK][LAH] Preserved completed prefix, built sequential attack missions, and reattached 2 follow-up mission(s) for aircraft 2.
2026-05-21T00:48:05.824377Z [ATTACK] [ATTACK][LAH] Generated sequential attack/resume missions -> IMP:800000059.json attacks=2 resume=200000028.json (followUps=2)
2026-05-21T00:48:05.825680Z [ATTACK] [PRIOR] Falling back to first mission for aircraft 3 (current waypoint not found in plan).
2026-05-21T00:48:06.137000Z [ATTACK] [ATTACK][LAH] Using max attack speed 73.61m/s (265.0km/h) for aircraft 3.
2026-05-21T00:48:06.137588Z [ATTACK] [ATTACK][LAH] Inferred current waypoint from position -> 85.
2026-05-21T00:48:06.138174Z [ATTACK] [ATTACK][LAH] Dropped current waypoint from resume path (currentWP=85, nextWP=86).
2026-05-21T00:48:06.819620Z [ATTACK] [ATTACK][LAH] Preserved completed prefix, inserted attack, and reattached 2 follow-up mission(s).
2026-05-21T00:48:06.825512Z [ATTACK] [ATTACK][LAH] Generated attack/resume missions -> IMP:800000062.json PATHS:300000026.json/300000027.json (followUps=2)
2026-05-21T00:48:06.826245Z [ATTACK] [PRIOR] Falling back to first mission for aircraft 1 (current waypoint not found in plan).
2026-05-21T00:48:06.852960Z [ATTACK] [ATTACK][LAH] Inferred current waypoint from position -> 73.
2026-05-21T00:48:06.853561Z [ATTACK] [ATTACK][LAH] Dropped current waypoint from resume path (currentWP=73, nextWP=74).
2026-05-21T00:48:07.577210Z [ATTACK] [ATTACK][LAH] Preserved completed prefix, inserted hold, and reattached 2 follow-up mission(s).
2026-05-21T00:48:07.584380Z [ATTACK] [ATTACK][LAH] Generated hold/resume missions -> IMP:800000063.json PATHS:100000025.json/100000026.json (followUps=2)
2026-05-21T00:48:07.586166Z [ATTACK] [ATTACK][COLLAB] Collaborative replan skipped: no remaining source UAVs for current input.
2026-05-21T00:48:07.595536Z [ATTACK] [ATTACK][UAV] Tracking target altitude kept for sensor only; flight altitude replaced 683m -> 1868m.
2026-05-21T00:48:07.752668Z [ATTACK] [ATTACK][UAV] Source path has a single waypoint; preserving it as done and skipping done/resume split.
2026-05-21T00:48:07.931965Z [ATTACK] [ATTACK][UAV] Preserved completed prefix, inserted tracking, and reattached 1 follow-up mission(s).
2026-05-21T00:48:07.985908Z [ATTACK] [ATTACK][UAV] Generated tracking-only mission -> IMP:800000064.json PATH:400000041.json (followUps=1, resumeSkipped=true)
2026-05-21T00:48:07.990092Z [ATTACK] [ATTACK][UAV] Tracking assignment state saved (aircraft=4, sourcePlan=700000008, attackPlan=700000167).
2026-05-21T00:48:08.000211Z [ATTACK] [ATTACK][UAV] Tracking target altitude kept for sensor only; flight altitude replaced 675m -> 1965m.
2026-05-21T00:48:08.144277Z [ATTACK] [ATTACK][UAV] Source path has a single waypoint; preserving it as done and skipping done/resume split.
2026-05-21T00:48:08.291277Z [ATTACK] [ATTACK][UAV] Preserved completed prefix, inserted tracking, and reattached 1 follow-up mission(s).
2026-05-21T00:48:08.324806Z [ATTACK] [ATTACK][UAV] Generated tracking-only mission -> IMP:800000065.json PATH:600000041.json (followUps=1, resumeSkipped=true)
2026-05-21T00:48:08.332716Z [ATTACK] [ATTACK][UAV] Tracking assignment state saved (aircraft=6, sourcePlan=700000008, attackPlan=700000167).
2026-05-21T00:48:08.339843Z [ATTACK] [ATTACK][UAV] Tracking target altitude kept for sensor only; flight altitude replaced 694m -> 1956m.
2026-05-21T00:48:08.507800Z [ATTACK] [ATTACK][UAV] Source path has a single waypoint; preserving it as done and skipping done/resume split.
2026-05-21T00:48:08.642760Z [ATTACK] [ATTACK][UAV] Preserved completed prefix, inserted tracking, and reattached 1 follow-up mission(s).
2026-05-21T00:48:08.677196Z [ATTACK] [ATTACK][UAV] Generated tracking-only mission -> IMP:800000066.json PATH:500000038.json (followUps=1, resumeSkipped=true)
2026-05-21T00:48:08.686397Z [ATTACK] [ATTACK][UAV] Tracking assignment state saved (aircraft=5, sourcePlan=700000008, attackPlan=700000167).
2026-05-21T00:48:08.697170Z [ATTACK] [ATTACK][PLAN] carried area remaining snapshot -> mission_area_snapshot_700000167.json (sourcePlanID=700000008, planID=700000167)
2026-05-21T00:48:08.697708Z [ATTACK] [ATTACK][PLAN] MissionPlan saved -> 700000167.json (planID=700000167)
2026-05-21T00:48:08.698630Z [ATTACK] [ATTACK][TIME] override_detail={"phases": {"metadata_normalize": {"elapsedMs": 0.008, "attackTargetCount": 3, "selectedMannedCount": 2}, "agent_index": {"elapsedMs": 0.103, "aircraftCount": 6}, "weapon_choice": {"elapsedMs": 2.719, "selectedWeaponType": 2, "ammoAvailable": true}, "initial_tracking_eta": {"elapsedMs": 0.753, "useDetectionTracking": true, "trackingEtaS": 308}, "resolve_source_plan": {"elapsedMs": 1.317, "sourcePlanID": 700000008}, "source_plan_load": {"elapsedMs": 0.413, "sourcePlanID": 700000008, "aircraftCount": 6}, "sweep_progress_load": {"elapsedMs": 0.442, "entries": 18}, "plan_id_resolve": {"elapsedMs": 0.024, "requested": true, "missionPlanID": 700000167}, "source_artifact_cache_build": {"elapsedMs": 0.017, "aircraftEntries": 6}, "done_input_ids_load": {"elapsedMs": 1.341, "count": 1}, "plan_deepcopy": {"elapsedMs": 0.055}, "target_uav_assignment": {"elapsedMs": 0.508, "assignedTargetCount": 3, "usedTrackingUavCount": 3}, "manned_sequence_assignment": {"elapsedMs": 20.455, "aircraftCount": 2, "error": null}, "attack_coordinate_resolution": {"elapsedMs": 8.791, "resolvedCount": 3, "mannedSequenceCount": 3}, "remaining_eta": {"elapsedMs": 1.011, "allUavCount": 3, "trackingUavCount": 3, "computedEtaCount": 3, "adjustedEtaS": 307}, "descriptor_list_build": {"elapsedMs": 0.034, "descriptorCount": 6, "activeMannedCount": 2, "otherLahCount": 1, "otherUavCount": 0}, "collab_tracking_scan": {"elapsedMs": 5.283, "inputCount": 1, "unavailableUavCount": 3}, "collab_agent_state_map": {"elapsedMs": 19.667, "aircraftCount": 6}, "collab_parallel_started": {"elapsedMs": 0.611, "inputCount": 1, "workers": 1}, "collab_parallel_join": {"elapsedMs": 0.682, "waitReason": "UAV_TRACK", "inputCount": 1}, "descriptor_loop": {"elapsedMs": 4913.975, "descriptorCount": 6, "updateCount": 6}, "mission_plan_write": {"elapsedMs": 10.596, "missionPlanID": 700000167}, "option_meta_build": {"elapsedMs": 0.04, "targetCount": 3, "collabInputCount": 0}}, "collabRuns": [{"inputMissionID": 2, "unavailableAircraftIDs": [4, 5, 6], "elapsedMs": 18.162, "status": "skipped"}], "descriptorDetails": [{"aircraftID": 2, "label": "manned", "mode": "LAH_ATTACK", "resolveArtifacts": {"elapsedMs": 0.716, "currentWaypointID": null, "sourcePathID": 200000001, "sourceImpID": 800000008}, "loadArtifacts": {"elapsedMs": 0.003, "impLoaded": true, "fpLoaded": true}, "cloneAndLocateMission": {"elapsedMs": 0.107, "missionCount": 3, "targetIndex": 0}, "allocateAndPlanUpdate": {"elapsedMs": 108.468, "newImpID": 800000059}, "builder": {"elapsedMs": 1942.737, "builderMode": "LAH_ATTACK"}, "status": "ok", "elapsedMs": 2052.162}, {"aircraftID": 3, "label": "manned", "mode": "LAH_ATTACK", "resolveArtifacts": {"elapsedMs": 2.234, "currentWaypointID": null, "sourcePathID": 300000001, "sourceImpID": 800000009}, "loadArtifacts": {"elapsedMs": 0.006, "impLoaded": true, "fpLoaded": true}, "cloneAndLocateMission": {"elapsedMs": 0.132, "missionCount": 3, "targetIndex": 0}, "allocateAndPlanUpdate": {"elapsedMs": 8.24, "newImpID": 800000062}, "builder": {"elapsedMs": 989.902, "builderMode": "LAH_ATTACK"}, "builderDetail": {"allocate_ids": {"elapsedMs": 299.591, "attackPathID": 300000026, "resumePathID": 300000027, "attackIndividualID": 900000162, "resumeIndividualID": 900000163, "entryWaypointID": 438, "attackWaypointID": 439}, "split_lah_resume": {"elapsedMs": 333.892, "resumeWaypointCount": 1, "removedWaypointID": 85}, "clone_followups": {"elapsedMs": 248.17, "followUpMissionCount": 2, "followUpPathCount": 2}, "payload_build": {"elapsedMs": 99.723, "hasResume": true, "followUpMissionCount": 2, "attackSpeedMps": 73.61}, "write_json": {"elapsedMs": 4.467, "fileCount": 5}, "totalMs": 988.848}, "status": "ok", "elapsedMs": 1000.643}, {"aircraftID": 1, "label": "lah_hold_1", "mode": "LAH_HOLD_RESUME", "resolveArtifacts": {"elapsedMs": 0.611, "currentWaypointID": null, "sourcePathID": 100000001, "sourceImpID": 800000007}, "loadArtifacts": {"elapsedMs": 0.005, "impLoaded": true, "fpLoaded": true}, "cloneAndLocateMission": {"elapsedMs": 0.122, "missionCount": 3, "targetIndex": 0}, "allocateAndPlanUpdate": {"elapsedMs": 6.762, "newImpID": 800000063}, "builder": {"elapsedMs": 752.283, "builderMode": "LAH_HOLD_RESUME"}, "builderDetail": {"allocate_ids": {"elapsedMs": 17.147, "holdPathID": 100000025, "resumePathID": 100000026, "holdIndividualID": 900000166, "resumeIndividualID": 900000167}, "split_lah_resume": {"elapsedMs": 361.653, "resumeWaypointCount": 1, "removedWaypointID": 73}, "clone_followups": {"elapsedMs": 234.384, "followUpMissionCount": 2, "followUpPathCount": 2}, "payload_build": {"elapsedMs": 364.281, "hasResume": true, "followUpMissionCount": 2}, "write_json": {"elapsedMs": 5.52, "fileCount": 5}, "totalMs": 752.241}, "status": "ok", "elapsedMs": 759.902}, {"aircraftID": 4, "label": "uav_tracking_4", "mode": "UAV_TRACK", "resolveArtifacts": {"elapsedMs": 0.037, "currentWaypointID": 246, "sourcePathID": 400000017, "sourceImpID": 800000031}, "loadArtifacts": {"elapsedMs": 0.005, "impLoaded": true, "fpLoaded": true}, "cloneAndLocateMission": {"elapsedMs": 0.201, "missionCount": 2, "targetIndex": 0}, "allocateAndPlanUpdate": {"elapsedMs": 8.159, "newImpID": 800000064}, "builder": {"elapsedMs": 391.306, "builderMode": "UAV_TRACK"}, "builderDetail": {"allocate_ids": {"elapsedMs": 153.704, "donePathID": 400000040, "attackPathID": 400000041, "resumePathID": 400000042, "trackingIndividualID": 900000170, "resumeIndividualID": 900000171, "targetWaypointID": 456}, "split_done_resume": {"elapsedMs": 0.973, "sourceSinglePoint": true, "doneWaypointCount": 1, "resumeWaypointCount": 0, "removedWaypointID": 246}, "clone_followups": {"elapsedMs": 176.585, "followUpMissionCount": 1, "followUpPathCount": 1}, "write_json": {"elapsedMs": 52.049, "fileCount": 4}, "totalMs": 388.187}, "trackingState": {"elapsedMs": 3.334}, "status": "ok", "elapsedMs": 403.805}, {"aircraftID": 6, "label": "uav_tracking_6", "mode": "UAV_TRACK", "resolveArtifacts": {"elapsedMs": 0.03, "currentWaypointID": 271, "sourcePathID": 600000020, "sourceImpID": 800000034}, "loadArtifacts": {"elapsedMs": 0.005, "impLoaded": true, "fpLoaded": true}, "cloneAndLocateMission": {"elapsedMs": 0.192, "missionCount": 2, "targetIndex": 0}, "allocateAndPlanUpdate": {"elapsedMs": 8.953, "newImpID": 800000065}, "builder": {"elapsedMs": 325.484, "builderMode": "UAV_TRACK"}, "builderDetail": {"allocate_ids": {"elapsedMs": 141.099, "donePathID": 600000040, "attackPathID": 600000041, "resumePathID": 600000042, "trackingIndividualID": 900000173, "resumeIndividualID": 900000174, "targetWaypointID": 459}, "split_done_resume": {"elapsedMs": 0.853, "sourceSinglePoint": true, "doneWaypointCount": 1, "resumeWaypointCount": 0, "removedWaypointID": 271}, "clone_followups": {"elapsedMs": 144.691, "followUpMissionCount": 1, "followUpPathCount": 1}, "write_json": {"elapsedMs": 31.598, "fileCount": 4}, "totalMs": 322.754}, "trackingState": {"elapsedMs": 7.136}, "status": "ok", "elapsedMs": 342.496}, {"aircraftID": 5, "label": "uav_tracking_5", "mode": "UAV_TRACK", "resolveArtifacts": {"elapsedMs": 0.022, "currentWaypointID": 260, "sourcePathID": 500000014, "sourceImpID": 800000033}, "loadArtifacts": {"elapsedMs": 0.003, "impLoaded": true, "fpLoaded": true}, "cloneAndLocateMission": {"elapsedMs": 0.127, "missionCount": 2, "targetIndex": 0}, "allocateAndPlanUpdate": {"elapsedMs": 6.191, "newImpID": 800000066}, "builder": {"elapsedMs": 338.115, "builderMode": "UAV_TRACK"}, "builderDetail": {"allocate_ids": {"elapsedMs": 164.893, "donePathID": 500000037, "attackPathID": 500000038, "resumePathID": 500000039, "trackingIndividualID": 900000176, "resumeIndividualID": 900000177, "targetWaypointID": 462}, "split_done_resume": {"elapsedMs": 0.818, "sourceSinglePoint": true, "doneWaypointCount": 1, "resumeWaypointCount": 0, "removedWaypointID": 260}, "clone_followups": {"elapsedMs": 132.811, "followUpMissionCount": 1, "followUpPathCount": 1}, "write_json": {"elapsedMs": 33.181, "fileCount": 4}, "totalMs": 335.324}, "trackingState": {"elapsedMs": 8.401}, "status": "ok", "elapsedMs": 353.683}], "totalMs": 4986}
2026-05-21T00:48:08.699113Z [ATTACK] [ATTACK][TIME] override_total=4986ms
2026-05-21T00:48:08.699682Z [ATTACK] [TIME] apply_attack_plan_overrides=4993ms
2026-05-21T00:48:08.702727Z [ATTACK] [TIME] timingMs={"read_source": 14.231, "descriptor_build": 10.087, "write_artifacts": 4998.208, "delivery_wait": 2.593}
2026-05-21T00:48:08.703138Z [ATTACK] [TIME] total=5026ms
2026-05-21T00:48:08.707055Z [ATTACK] 분석 로그 저장: C:\Users\TRL98\Desktop\LAH_MUMT\Logs\Scenario_2026-05-21T085327\SBC3\DSS_Internal\log_attack_algorithm_20260521T004808_703625.json
2026-05-21T00:48:08.713811Z [ATTACK] mark target used: targetIDs=58, 59, 57
2026-05-21T00:48:08.726049Z [ATTACK-EXCLUDE] ATTACK-EXCLUDE using requested missionPlanID 700000168 (sourcePlanID=700000008)
2026-05-21T00:48:08.726626Z [ATTACK-EXCLUDE] [PRIOR][UAV] Resume sweep trim applied (cutPoints=7, rawCutPoints=7, doneSweepPoints=0, pathID=400000017).
2026-05-21T00:48:08.727166Z [ATTACK-EXCLUDE] [PRIOR][UAV] Resume searchSpeed scaled (factor=1.30, waypoints=1).
2026-05-21T00:48:08.727582Z [ATTACK-EXCLUDE] [PRIOR][UAV] Generated done/resume mission -> aircraft=4 IMP:800000058.json PATHS:400000038.json
2026-05-21T00:48:08.728020Z [ATTACK-EXCLUDE] [PRIOR][UAV] Resume sweep trim applied (cutPoints=4, rawCutPoints=4, doneSweepPoints=0, pathID=500000014).
2026-05-21T00:48:08.728462Z [ATTACK-EXCLUDE] [PRIOR][UAV] Resume searchSpeed scaled (factor=1.30, waypoints=1).
2026-05-21T00:48:08.729552Z [ATTACK-EXCLUDE] [PRIOR][UAV] Generated done/resume mission -> aircraft=5 IMP:800000060.json PATHS:500000035.json
2026-05-21T00:48:08.730121Z [ATTACK-EXCLUDE] [PRIOR][UAV] Resume sweep trim applied (cutPoints=11, rawCutPoints=11, doneSweepPoints=0, pathID=600000020).
2026-05-21T00:48:08.730950Z [ATTACK-EXCLUDE] [PRIOR][UAV] Resume searchSpeed scaled (factor=1.30, waypoints=1).
2026-05-21T00:48:08.731814Z [ATTACK-EXCLUDE] [PRIOR][UAV] Generated done/resume mission -> aircraft=6 IMP:800000061.json PATHS:600000038.json
2026-05-21T00:48:08.732429Z [ATTACK-EXCLUDE] 공격 배제 MissionPlan 저장 -> 700000168.json (planID=700000168)
2026-05-21T00:48:08.733160Z [ATTACK-EXCLUDE] ATTACK-EXCLUDE carried area remaining snapshot -> mission_area_snapshot_700000168.json (sourcePlanID=700000008, planID=700000168)
2026-05-21T00:48:08.989693Z [ATTACK] 공격 임무 계획 완료 (planIds=700000167)
2026-05-21T00:48:08.990513Z [INFO] UAV params loaded (cruise=40.00, turn_step=15.0)
2026-05-21T00:48:08.990980Z [INFO] Latest input snapshot → 0201:ID=1,ts=832638838505,src=-, 0203:ID=1,ts=832638838538,src=-
2026-05-21T00:48:08.991403Z [STEP 0] Using latest 0201 ID 1 (1.json)
2026-05-21T00:48:08.991796Z [STEP 0] Using latest 0203 ID 1 (1.json)
2026-05-21T00:48:08.992167Z [CHECK] 0201/0203 필수 데이터 확인 시작
2026-05-21T00:48:08.992542Z [OK] 0201 inputMissionList 확인됨 (count=3) → 진행
2026-05-21T00:48:08.992907Z [OK] 0201 availableAircraftList 확인됨 (count=6) → 진행
2026-05-21T00:48:08.993263Z [OK] 0201 inputMissionPackageType=1 확인
2026-05-21T00:48:08.993654Z [OK] 0201 mainSensor=1 확인
2026-05-21T00:48:08.994009Z [CHECK] 0201 기체 수=6 (UAV=3, LAH=3)
2026-05-21T00:48:08.994364Z [CHECK] 0201 임무: total=3 missingID=0 missingDetail=0 missingShape=0 unknownType=0 typeZeroAuto=0 typeZeroInvalid=0 lineOnlyViolation=0 skippedSinglePoint=0
2026-05-21T00:48:08.994717Z [OK] 0203 takeOverInfoList 확인됨 (count=3) → 진행
2026-05-21T00:48:08.995064Z [OK] 0203 handOverInfoList 확인됨 (count=3) → 진행
2026-05-21T00:48:08.995411Z [OK] 0203 flightAreaList 확인됨 (count=1) → 진행
2026-05-21T00:48:08.995799Z [CHECK] 0203 flightAreaList count=1
2026-05-21T00:48:08.996384Z [INFO] 임무 진행영역 스냅샷 적용: sourcePlan=700000008, updated=2, done=0
2026-05-21T00:48:08.997250Z [INFO] 임무 진행영역 재계획 collapse 적용: groups=2, normalized=2, 3
2026-05-21T00:48:08.997779Z [INFO] Filtered completed input missions (removed=1, converted=-, widthAdjusted=-, skippedSinglePoint=-, snapshot=updated=2, done=0, collapse=groups=2, normalized=2,3)
2026-05-21T00:48:08.998263Z [REPLAN][TIME] variant_started_ms=5063.5 wall_ms=1779324488725 variant=1 option=3 mode=attack_exclusion
2026-05-21T00:48:08.998739Z [variant 1] 공격 배제 병렬 결과 병합
2026-05-21T00:48:08.999228Z [REPLAN][TIME] attack_exclusion_parallel_joined_ms=5071.4 wall_ms=1779324488733 variant=1 duration_ms=2056.83 wait_ms=0.009
2026-05-21T00:48:08.999635Z [OK] 공격 배제 variant 저장: MissionPlanID=700000168 (elapsed=2056.8 ms)
2026-05-21T00:48:09.000023Z [INFO] Option mapping #1: planID=700000168, optionCode=3(공격배제)
2026-05-21T00:48:09.000390Z [REPLAN][TIME] variant_finished_ms=5071.5 wall_ms=1779324488733 variant=1 option=3 mode=attack_exclusion status=success duration_ms=2056.83
2026-05-21T00:48:09.000745Z [OK] Stored mission data: MissionPlan=1, IndividualMission=0, FlightPath=0
2026-05-21T00:48:09.001097Z [REPLAN][TIME] id_tab_update_deferred_ms=5072.4 wall_ms=1779324488734
2026-05-21T00:48:09.001446Z [REPLAN][TIME] pipeline_done_ms=5072.5 wall_ms=1779324488734 plans=2 force_direct=False
2026-05-21T00:48:09.001792Z [REPLAN][TIME] 0301_queued_ms=5072.5 wall_ms=1779324488734 plans=2
2026-05-21T00:48:09.002136Z [STEP 4] 0301 push queued (planIds=700000167, 700000168)
2026-05-21T00:48:09.003584Z [0301] missionPlanID=700000167 전송
2026-05-21T00:48:09.005190Z [0301] missionPlanID=700000168 전송
2026-05-21T00:48:09.005909Z [PUSH] 0301 direct batch send
2026-05-21T00:48:09.006420Z [REPLAN][TIME] 0301_sent_ms=5343.9 wall_ms=1779324489006 plans=2
2026-05-21T00:48:09.006947Z [REPLAN][TIME] post_0301_delivery_queued_ms=5344.5 wall_ms=1779324489006 grace_ms=0 timeout_ms=20 force_direct=0 mode=option_or_0901
2026-05-21T00:48:09.007375Z [INFO] Post-0301 apply queued (mode=option_or_0901, grace=0ms, timeout=20ms, plans=2)
2026-05-21T00:48:09.009259Z [REPLAN][TIME] 0305_status_2_ms=5346.8 wall_ms=1779324489009 reason=표적58 등 3개 발견
2026-05-21T00:48:09.009717Z [0305] status=2, reason=표적58 등 3개 발견, elapsed=5.34s 전송
2026-05-21T00:48:09.010209Z [REPLAN][TIME] post_0301_completion_ready_ms=5347.7 wall_ms=1779324489010 mode=option_or_0901
2026-05-21T00:48:09.010622Z [REPLAN][METRIC] source_artifact_cache entries=24 hits=42 misses=24
2026-05-21T00:48:09.029814Z [INFO] Post-0301 ready (timeout) -> sending 0901
2026-05-21T00:48:09.030640Z [REPLAN][TIME] post_0301_flushed_ms=5368.1 wall_ms=1779324489030 delivery=0901 trigger=timeout
2026-05-21T00:48:09.033386Z [REPLAN][TIME] 0901_sent_ms=5370.9 wall_ms=1779324489033 options=2
2026-05-21T00:48:09.033951Z [0901] option request sent (count=2, codes=2(공격특화), 3(공격배제))
2026-05-21T00:48:09.034481Z [REPLAN][TIME] id_tab_update_flushed_ms=5372.0 wall_ms=1779324489034
2026-05-21T00:48:50.760359Z [REPLAN][TIME] 0902_received_ms=0.3 wall_ms=1779324530760 trigger=attack_2_option replanLevel=2 optionCount=2 forceDirect=0
2026-05-21T00:48:50.761303Z [REPLAN][TIME] 0902_archived_ms=1.3 wall_ms=1779324530761 path=replan_request_832639729464.json
2026-05-21T00:48:50.761762Z [AUTO] 0902 received (planIds=700000339, 700000340)
2026-05-21T00:48:50.762280Z [REPLAN][TIME] pipeline_scheduled_ms=2.3 wall_ms=1779324530762 delay_ms=0
2026-05-21T00:48:50.763082Z [REPLAN][TIME] scheduled_start_ms=3.1 wall_ms=1779324530762
2026-05-21T00:48:50.764865Z [REPLAN][TIME] 0305_status_1_ms=4.8 wall_ms=1779324530764 reason=표적58 등 3개 발견
2026-05-21T00:48:50.765531Z [0305] status=1, reason=표적58 등 3개 발견 전송
2026-05-21T00:48:50.771416Z [INFO] Using latest 0203 ID 1 for missionReferencePackageID (fallback)
2026-05-21T00:48:50.772362Z [STEP 0] Replan pipeline start (reason=표적58 등 3개 발견)
2026-05-21T00:48:50.773081Z [REPLAN][TIME] attack_exclusion_parallel_started_ms=10.8 wall_ms=1779324530770 option_index=2 sourcePlanID=700000008
2026-05-21T00:48:50.773657Z [ATTACK-EXCLUDE] parallel generation started (sourcePlanID=700000008, optionIndex=2)
2026-05-21T00:48:50.774257Z [ATTACK] 공격 특화 재계획 요청 감지 → 전용 파이프라인 실행
2026-05-21T00:48:50.780922Z [ATTACK] [TIME] select_manned_aircraft=10ms
2026-05-21T00:48:50.781503Z [ATTACK] STEP1 Selected manned aircraft: aircraft 2 (fuel=1200.0, coord=(37.722660064697266, 128.1003875732422, alt=1200))
2026-05-21T00:48:50.782597Z [ATTACK] [TIME] load_target_entries=1ms
2026-05-21T00:48:50.783057Z [ATTACK] STEP2 UAV tracking summary: watcher 6?’target 59, watcher 4?’target 59, watcher 5?’target 60, watcher 6?’target 62, watcher 5?’target 57, watcher 4?’target 58, watcher 4?’target unknown-2, watcher 4?’target unknown-4, watcher 4?’target unknown-5, watcher 4?’target unknown-8, watcher 5?’target unknown-1, watcher 5?’target unknown-11, watcher 5?’target unknown-3, watcher 5?’target unknown-6, watcher 5?’target unknown-9, watcher 6?’target unknown-10, watcher 6?’target unknown-13, watcher 6?’target unknown-14, watcher 6?’target unknown-15, watcher 6?’target unknown-7, watcher 4?’target 53, watcher 6?’target 54, watcher 4?’target 55, watcher 5?’target 56, watcher 6?’target 61
2026-05-21T00:48:50.783576Z [ATTACK] STEP2.5 Using bundled 0402 targets: target=58 watcher=4, target=59 watcher=6, target=57 watcher=5
2026-05-21T00:48:50.788285Z [ATTACK] STEP2.6 Multi-target manned selection: 2, 3
2026-05-21T00:48:50.793213Z [ATTACK] [ATTACK] Selected target id=58 type=1 weaponType=2 (preferred=2, ammo={'type1': 500, 'type2': 7, 'type3': 2})
2026-05-21T00:48:50.796237Z [ATTACK] [TIME] compute_attack_point=2ms
2026-05-21T00:48:50.796718Z [ATTACK] STEP3 Attack plan completed: lat=37.898979, lon=128.165665, alt=983m
2026-05-21T00:48:50.797400Z [ATTACK] [ATTACK] Using remembered waypoint 246 for watcher 4 while auto-tracking.
2026-05-21T00:48:50.800241Z [ATTACK] [ATTACK] Weapon choice aircraft=2 preferred=2 selected=2 ammo={'type1': 500, 'type2': 7, 'type3': 2}
2026-05-21T00:48:50.800902Z [ATTACK] [ATTACK][ETA] Tracking ETA computed with LAH max attack speed (dist=20427.3m, speed=73.61m/s, +30s) -> 308s
2026-05-21T00:48:50.803582Z [ATTACK] [ATTACK] Using requested missionPlanID 700000339 (sourcePlanID=700000008)
2026-05-21T00:48:50.831363Z [ATTACK] [ATTACK][ETA] All UAVs tracking; using average ETA: 307s (from 3 values: [306, 307, 307])
2026-05-21T00:48:50.831950Z [ATTACK] [ATTACK][ETA] All tracking ETAs unified to 307s
2026-05-21T00:48:50.857631Z [ATTACK] [ATTACK][COLLAB] Remaining UAV entry lookahead applied: 9.0s (pathFollow=3, linearFallback=3, currentOnly=0)
2026-05-21T00:48:50.859319Z [ATTACK] [PRIOR] Falling back to first mission for aircraft 2 (current waypoint not found in plan).
2026-05-21T00:48:50.971242Z [ATTACK] [ATTACK][LAH] Inferred current waypoint from position -> 79.
2026-05-21T00:48:50.972026Z [ATTACK] [ATTACK][LAH] Dropped current waypoint from resume path (currentWP=79, nextWP=80).
2026-05-21T00:48:51.589477Z [ATTACK] [ATTACK][LAH] Using max attack speed 73.61m/s (265.0km/h) for aircraft 2.
2026-05-21T00:48:53.135781Z [ATTACK] [ATTACK][LAH] Preserved completed prefix, built sequential attack missions, and reattached 2 follow-up mission(s) for aircraft 2.
2026-05-21T00:48:53.144038Z [ATTACK] [ATTACK][LAH] Generated sequential attack/resume missions -> IMP:800000068.json attacks=2 resume=200000033.json (followUps=2)
2026-05-21T00:48:53.144773Z [ATTACK] [PRIOR] Falling back to first mission for aircraft 3 (current waypoint not found in plan).
2026-05-21T00:48:53.442712Z [ATTACK] [ATTACK][LAH] Using max attack speed 73.61m/s (265.0km/h) for aircraft 3.
2026-05-21T00:48:53.443482Z [ATTACK] [ATTACK][LAH] Inferred current waypoint from position -> 85.
2026-05-21T00:48:53.444173Z [ATTACK] [ATTACK][LAH] Dropped current waypoint from resume path (currentWP=85, nextWP=86).
2026-05-21T00:48:54.332161Z [ATTACK] [ATTACK][LAH] Preserved completed prefix, inserted attack, and reattached 2 follow-up mission(s).
2026-05-21T00:48:54.338817Z [ATTACK] [ATTACK][LAH] Generated attack/resume missions -> IMP:800000071.json PATHS:300000030.json/300000031.json (followUps=2)
2026-05-21T00:48:54.339567Z [ATTACK] [PRIOR] Falling back to first mission for aircraft 1 (current waypoint not found in plan).
2026-05-21T00:48:54.366152Z [ATTACK] [ATTACK][LAH] Inferred current waypoint from position -> 73.
2026-05-21T00:48:54.366740Z [ATTACK] [ATTACK][LAH] Dropped current waypoint from resume path (currentWP=73, nextWP=74).
2026-05-21T00:48:55.153774Z [ATTACK] [ATTACK][LAH] Preserved completed prefix, inserted hold, and reattached 2 follow-up mission(s).
2026-05-21T00:48:55.160839Z [ATTACK] [ATTACK][LAH] Generated hold/resume missions -> IMP:800000072.json PATHS:100000029.json/100000030.json (followUps=2)
2026-05-21T00:48:55.162596Z [ATTACK] [ATTACK][COLLAB] Collaborative replan skipped: no remaining source UAVs for current input.
2026-05-21T00:48:55.170961Z [ATTACK] [ATTACK][UAV] Tracking target altitude kept for sensor only; flight altitude replaced 683m -> 1868m.
2026-05-21T00:48:55.342966Z [ATTACK] [ATTACK][UAV] Source path has a single waypoint; preserving it as done and skipping done/resume split.
2026-05-21T00:48:55.492925Z [ATTACK] [ATTACK][UAV] Preserved completed prefix, inserted tracking, and reattached 1 follow-up mission(s).
2026-05-21T00:48:55.529660Z [ATTACK] [ATTACK][UAV] Generated tracking-only mission -> IMP:800000073.json PATH:400000048.json (followUps=1, resumeSkipped=true)
2026-05-21T00:48:55.532914Z [ATTACK] [ATTACK][UAV] Tracking assignment state saved (aircraft=4, sourcePlan=700000008, attackPlan=700000339).
2026-05-21T00:48:55.541221Z [ATTACK] [ATTACK][UAV] Tracking target altitude kept for sensor only; flight altitude replaced 675m -> 1965m.
2026-05-21T00:48:55.711084Z [ATTACK] [ATTACK][UAV] Source path has a single waypoint; preserving it as done and skipping done/resume split.
2026-05-21T00:48:55.873622Z [ATTACK] [ATTACK][UAV] Preserved completed prefix, inserted tracking, and reattached 1 follow-up mission(s).
2026-05-21T00:48:55.909524Z [ATTACK] [ATTACK][UAV] Generated tracking-only mission -> IMP:800000074.json PATH:600000048.json (followUps=1, resumeSkipped=true)
2026-05-21T00:48:55.918048Z [ATTACK] [ATTACK][UAV] Tracking assignment state saved (aircraft=6, sourcePlan=700000008, attackPlan=700000339).
2026-05-21T00:48:55.926527Z [ATTACK] [ATTACK][UAV] Tracking target altitude kept for sensor only; flight altitude replaced 694m -> 1956m.
2026-05-21T00:48:56.105052Z [ATTACK] [ATTACK][UAV] Source path has a single waypoint; preserving it as done and skipping done/resume split.
2026-05-21T00:48:56.298815Z [ATTACK] [ATTACK][UAV] Preserved completed prefix, inserted tracking, and reattached 1 follow-up mission(s).
2026-05-21T00:48:56.331977Z [ATTACK] [ATTACK][UAV] Generated tracking-only mission -> IMP:800000075.json PATH:500000045.json (followUps=1, resumeSkipped=true)
2026-05-21T00:48:56.341042Z [ATTACK] [ATTACK][UAV] Tracking assignment state saved (aircraft=5, sourcePlan=700000008, attackPlan=700000339).
2026-05-21T00:48:56.351625Z [ATTACK] [ATTACK][PLAN] carried area remaining snapshot -> mission_area_snapshot_700000339.json (sourcePlanID=700000008, planID=700000339)
2026-05-21T00:48:56.352190Z [ATTACK] [ATTACK][PLAN] MissionPlan saved -> 700000339.json (planID=700000339)
2026-05-21T00:48:56.353105Z [ATTACK] [ATTACK][TIME] override_detail={"phases": {"metadata_normalize": {"elapsedMs": 0.006, "attackTargetCount": 3, "selectedMannedCount": 2}, "agent_index": {"elapsedMs": 0.081, "aircraftCount": 6}, "weapon_choice": {"elapsedMs": 2.417, "selectedWeaponType": 2, "ammoAvailable": true}, "initial_tracking_eta": {"elapsedMs": 0.822, "useDetectionTracking": true, "trackingEtaS": 308}, "resolve_source_plan": {"elapsedMs": 1.047, "sourcePlanID": 700000008}, "source_plan_load": {"elapsedMs": 0.371, "sourcePlanID": 700000008, "aircraftCount": 6}, "sweep_progress_load": {"elapsedMs": 0.431, "entries": 18}, "plan_id_resolve": {"elapsedMs": 0.018, "requested": true, "missionPlanID": 700000339}, "source_artifact_cache_build": {"elapsedMs": 0.014, "aircraftEntries": 6}, "done_input_ids_load": {"elapsedMs": 1.001, "count": 1}, "plan_deepcopy": {"elapsedMs": 0.052}, "target_uav_assignment": {"elapsedMs": 0.489, "assignedTargetCount": 3, "usedTrackingUavCount": 3}, "manned_sequence_assignment": {"elapsedMs": 20.493, "aircraftCount": 2, "error": null}, "attack_coordinate_resolution": {"elapsedMs": 5.103, "resolvedCount": 3, "mannedSequenceCount": 3}, "remaining_eta": {"elapsedMs": 0.594, "allUavCount": 3, "trackingUavCount": 3, "computedEtaCount": 3, "adjustedEtaS": 307}, "descriptor_list_build": {"elapsedMs": 0.046, "descriptorCount": 6, "activeMannedCount": 2, "otherLahCount": 1, "otherUavCount": 0}, "collab_tracking_scan": {"elapsedMs": 5.04, "inputCount": 1, "unavailableUavCount": 3}, "collab_agent_state_map": {"elapsedMs": 20.655, "aircraftCount": 6}, "collab_parallel_started": {"elapsedMs": 0.68, "inputCount": 1, "workers": 1}, "collab_parallel_join": {"elapsedMs": 0.587, "waitReason": "UAV_TRACK", "inputCount": 1}, "descriptor_loop": {"elapsedMs": 5482.958, "descriptorCount": 6, "updateCount": 6}, "mission_plan_write": {"elapsedMs": 10.44, "missionPlanID": 700000339}, "option_meta_build": {"elapsedMs": 0.04, "targetCount": 3, "collabInputCount": 0}}, "collabRuns": [{"inputMissionID": 2, "unavailableAircraftIDs": [4, 5, 6], "elapsedMs": 13.59, "status": "skipped"}], "descriptorDetails": [{"aircraftID": 2, "label": "manned", "mode": "LAH_ATTACK", "resolveArtifacts": {"elapsedMs": 0.904, "currentWaypointID": null, "sourcePathID": 200000001, "sourceImpID": 800000008}, "loadArtifacts": {"elapsedMs": 0.004, "impLoaded": true, "fpLoaded": true}, "cloneAndLocateMission": {"elapsedMs": 0.122, "missionCount": 3, "targetIndex": 0}, "allocateAndPlanUpdate": {"elapsedMs": 110.621, "newImpID": 800000068}, "builder": {"elapsedMs": 2173.879, "builderMode": "LAH_ATTACK"}, "status": "ok", "elapsedMs": 2285.653}, {"aircraftID": 3, "label": "manned", "mode": "LAH_ATTACK", "resolveArtifacts": {"elapsedMs": 0.525, "currentWaypointID": null, "sourcePathID": 300000001, "sourceImpID": 800000009}, "loadArtifacts": {"elapsedMs": 0.005, "impLoaded": true, "fpLoaded": true}, "cloneAndLocateMission": {"elapsedMs": 0.162, "missionCount": 3, "targetIndex": 0}, "allocateAndPlanUpdate": {"elapsedMs": 8.173, "newImpID": 800000071}, "builder": {"elapsedMs": 1185.815, "builderMode": "LAH_ATTACK"}, "builderDetail": {"allocate_ids": {"elapsedMs": 287.03, "attackPathID": 300000030, "resumePathID": 300000031, "attackIndividualID": 900000190, "resumeIndividualID": 900000191, "entryWaypointID": 486, "attackWaypointID": 487}, "split_lah_resume": {"elapsedMs": 457.966, "resumeWaypointCount": 1, "removedWaypointID": 85}, "clone_followups": {"elapsedMs": 303.554, "followUpMissionCount": 2, "followUpPathCount": 2}, "payload_build": {"elapsedMs": 127.06, "hasResume": true, "followUpMissionCount": 2, "attackSpeedMps": 73.61}, "write_json": {"elapsedMs": 5.383, "fileCount": 5}, "totalMs": 1183.966}, "status": "ok", "elapsedMs": 1194.811}, {"aircraftID": 1, "label": "lah_hold_1", "mode": "LAH_HOLD_RESUME", "resolveArtifacts": {"elapsedMs": 0.491, "currentWaypointID": null, "sourcePathID": 100000001, "sourceImpID": 800000007}, "loadArtifacts": {"elapsedMs": 0.005, "impLoaded": true, "fpLoaded": true}, "cloneAndLocateMission": {"elapsedMs": 0.123, "missionCount": 3, "targetIndex": 0}, "allocateAndPlanUpdate": {"elapsedMs": 6.329, "newImpID": 800000072}, "builder": {"elapsedMs": 815.959, "builderMode": "LAH_HOLD_RESUME"}, "builderDetail": {"allocate_ids": {"elapsedMs": 17.592, "holdPathID": 100000029, "resumePathID": 100000030, "holdIndividualID": 900000194, "resumeIndividualID": 900000195}, "split_lah_resume": {"elapsedMs": 410.373, "resumeWaypointCount": 1, "removedWaypointID": 73}, "clone_followups": {"elapsedMs": 244.152, "followUpMissionCount": 2, "followUpPathCount": 2}, "payload_build": {"elapsedMs": 379.081, "hasResume": true, "followUpMissionCount": 2}, "write_json": {"elapsedMs": 5.387, "fileCount": 5}, "totalMs": 815.92}, "status": "ok", "elapsedMs": 823.021}, {"aircraftID": 4, "label": "uav_tracking_4", "mode": "UAV_TRACK", "resolveArtifacts": {"elapsedMs": 0.028, "currentWaypointID": 246, "sourcePathID": 400000017, "sourceImpID": 800000031}, "loadArtifacts": {"elapsedMs": 0.003, "impLoaded": true, "fpLoaded": true}, "cloneAndLocateMission": {"elapsedMs": 0.171, "missionCount": 2, "targetIndex": 0}, "allocateAndPlanUpdate": {"elapsedMs": 7.386, "newImpID": 800000073}, "builder": {"elapsedMs": 359.566, "builderMode": "UAV_TRACK"}, "builderDetail": {"allocate_ids": {"elapsedMs": 167.833, "donePathID": 400000047, "attackPathID": 400000048, "resumePathID": 400000049, "trackingIndividualID": 900000198, "resumeIndividualID": 900000199, "targetWaypointID": 504}, "split_done_resume": {"elapsedMs": 0.954, "sourceSinglePoint": true, "doneWaypointCount": 1, "resumeWaypointCount": 0, "removedWaypointID": 246}, "clone_followups": {"elapsedMs": 147.574, "followUpMissionCount": 1, "followUpPathCount": 1}, "write_json": {"elapsedMs": 34.682, "fileCount": 4}, "totalMs": 355.808}, "trackingState": {"elapsedMs": 2.432}, "status": "ok", "elapsedMs": 370.439}, {"aircraftID": 6, "label": "uav_tracking_6", "mode": "UAV_TRACK", "resolveArtifacts": {"elapsedMs": 0.024, "currentWaypointID": 271, "sourcePathID": 600000020, "sourceImpID": 800000034}, "loadArtifacts": {"elapsedMs": 0.003, "impLoaded": true, "fpLoaded": true}, "cloneAndLocateMission": {"elapsedMs": 0.135, "missionCount": 2, "targetIndex": 0}, "allocateAndPlanUpdate": {"elapsedMs": 7.112, "newImpID": 800000074}, "builder": {"elapsedMs": 369.124, "builderMode": "UAV_TRACK"}, "builderDetail": {"allocate_ids": {"elapsedMs": 165.575, "donePathID": 600000047, "attackPathID": 600000048, "resumePathID": 600000049, "trackingIndividualID": 900000201, "resumeIndividualID": 900000202, "targetWaypointID": 507}, "split_done_resume": {"elapsedMs": 1.08, "sourceSinglePoint": true, "doneWaypointCount": 1, "resumeWaypointCount": 0, "removedWaypointID": 271}, "clone_followups": {"elapsedMs": 159.858, "followUpMissionCount": 1, "followUpPathCount": 1}, "write_json": {"elapsedMs": 34.578, "fileCount": 4}, "totalMs": 365.29}, "trackingState": {"elapsedMs": 7.738}, "status": "ok", "elapsedMs": 384.934}, {"aircraftID": 5, "label": "uav_tracking_5", "mode": "UAV_TRACK", "resolveArtifacts": {"elapsedMs": 0.023, "currentWaypointID": 260, "sourcePathID": 500000014, "sourceImpID": 800000033}, "loadArtifacts": {"elapsedMs": 0.003, "impLoaded": true, "fpLoaded": true}, "cloneAndLocateMission": {"elapsedMs": 0.139, "missionCount": 2, "targetIndex": 0}, "allocateAndPlanUpdate": {"elapsedMs": 7.483, "newImpID": 800000075}, "builder": {"elapsedMs": 406.239, "builderMode": "UAV_TRACK"}, "builderDetail": {"allocate_ids": {"elapsedMs": 175.626, "donePathID": 500000044, "attackPathID": 500000045, "resumePathID": 500000046, "trackingIndividualID": 900000204, "resumeIndividualID": 900000205, "targetWaypointID": 510}, "split_done_resume": {"elapsedMs": 0.952, "sourceSinglePoint": true, "doneWaypointCount": 1, "resumeWaypointCount": 0, "removedWaypointID": 260}, "clone_followups": {"elapsedMs": 191.033, "followUpMissionCount": 1, "followUpPathCount": 1}, "write_json": {"elapsedMs": 31.872, "fileCount": 4}, "totalMs": 403.646}, "trackingState": {"elapsedMs": 8.344}, "status": "ok", "elapsedMs": 422.941}], "totalMs": 5550}
2026-05-21T00:48:56.353695Z [ATTACK] [ATTACK][TIME] override_total=5550ms
2026-05-21T00:48:56.354382Z [ATTACK] [TIME] apply_attack_plan_overrides=5557ms
2026-05-21T00:48:56.357815Z [ATTACK] [TIME] timingMs={"read_source": 12.101, "descriptor_build": 10.146, "write_artifacts": 5562.015, "delivery_wait": 2.933}
2026-05-21T00:48:56.358287Z [ATTACK] [TIME] total=5588ms
2026-05-21T00:48:56.362693Z [ATTACK] 분석 로그 저장: C:\Users\TRL98\Desktop\LAH_MUMT\Logs\Scenario_2026-05-21T085327\SBC3\DSS_Internal\log_attack_algorithm_20260521T004856_358823.json
2026-05-21T00:48:56.369773Z [ATTACK] mark target used: targetIDs=58, 59, 57
2026-05-21T00:48:56.382438Z [ATTACK-EXCLUDE] ATTACK-EXCLUDE using requested missionPlanID 700000340 (sourcePlanID=700000008)
2026-05-21T00:48:56.382957Z [ATTACK-EXCLUDE] [PRIOR][UAV] Resume sweep trim applied (cutPoints=7, rawCutPoints=7, doneSweepPoints=0, pathID=400000017).
2026-05-21T00:48:56.383377Z [ATTACK-EXCLUDE] [PRIOR][UAV] Resume searchSpeed scaled (factor=1.30, waypoints=1).
2026-05-21T00:48:56.383763Z [ATTACK-EXCLUDE] [PRIOR][UAV] Generated done/resume mission -> aircraft=4 IMP:800000067.json PATHS:400000045.json
2026-05-21T00:48:56.384176Z [ATTACK-EXCLUDE] [PRIOR][UAV] Resume sweep trim applied (cutPoints=4, rawCutPoints=4, doneSweepPoints=0, pathID=500000014).
2026-05-21T00:48:56.384551Z [ATTACK-EXCLUDE] [PRIOR][UAV] Resume searchSpeed scaled (factor=1.30, waypoints=1).
2026-05-21T00:48:56.384923Z [ATTACK-EXCLUDE] [PRIOR][UAV] Generated done/resume mission -> aircraft=5 IMP:800000069.json PATHS:500000042.json
2026-05-21T00:48:56.385291Z [ATTACK-EXCLUDE] [PRIOR][UAV] Resume sweep trim applied (cutPoints=11, rawCutPoints=11, doneSweepPoints=0, pathID=600000020).
2026-05-21T00:48:56.385736Z [ATTACK-EXCLUDE] [PRIOR][UAV] Resume searchSpeed scaled (factor=1.30, waypoints=1).
2026-05-21T00:48:56.386273Z [ATTACK-EXCLUDE] [PRIOR][UAV] Generated done/resume mission -> aircraft=6 IMP:800000070.json PATHS:600000045.json
2026-05-21T00:48:56.386647Z [ATTACK-EXCLUDE] 공격 배제 MissionPlan 저장 -> 700000340.json (planID=700000340)
2026-05-21T00:48:56.387068Z [ATTACK-EXCLUDE] ATTACK-EXCLUDE carried area remaining snapshot -> mission_area_snapshot_700000340.json (sourcePlanID=700000008, planID=700000340)
2026-05-21T00:48:56.733201Z [ATTACK] 공격 임무 계획 완료 (planIds=700000339)
2026-05-21T00:48:56.733824Z [INFO] UAV params loaded (cruise=40.00, turn_step=15.0)
2026-05-21T00:48:56.734302Z [INFO] Latest input snapshot → 0201:ID=1,ts=832638838505,src=-, 0203:ID=1,ts=832638838538,src=-
2026-05-21T00:48:56.734845Z [STEP 0] Using latest 0201 ID 1 (1.json)
2026-05-21T00:48:56.735366Z [STEP 0] Using latest 0203 ID 1 (1.json)
2026-05-21T00:48:56.735849Z [CHECK] 0201/0203 필수 데이터 확인 시작
2026-05-21T00:48:56.736339Z [OK] 0201 inputMissionList 확인됨 (count=3) → 진행
2026-05-21T00:48:56.736843Z [OK] 0201 availableAircraftList 확인됨 (count=6) → 진행
2026-05-21T00:48:56.737330Z [OK] 0201 inputMissionPackageType=1 확인
2026-05-21T00:48:56.737795Z [OK] 0201 mainSensor=1 확인
2026-05-21T00:48:56.738236Z [CHECK] 0201 기체 수=6 (UAV=3, LAH=3)
2026-05-21T00:48:56.738674Z [CHECK] 0201 임무: total=3 missingID=0 missingDetail=0 missingShape=0 unknownType=0 typeZeroAuto=0 typeZeroInvalid=0 lineOnlyViolation=0 skippedSinglePoint=0
2026-05-21T00:48:56.739147Z [OK] 0203 takeOverInfoList 확인됨 (count=3) → 진행
2026-05-21T00:48:56.739633Z [OK] 0203 handOverInfoList 확인됨 (count=3) → 진행
2026-05-21T00:48:56.740058Z [OK] 0203 flightAreaList 확인됨 (count=1) → 진행
2026-05-21T00:48:56.740475Z [CHECK] 0203 flightAreaList count=1
2026-05-21T00:48:56.740894Z [INFO] 임무 진행영역 스냅샷 적용: sourcePlan=700000008, updated=2, done=0
2026-05-21T00:48:56.741321Z [INFO] 임무 진행영역 재계획 collapse 적용: groups=2, normalized=2, 3
2026-05-21T00:48:56.741737Z [INFO] Filtered completed input missions (removed=1, converted=-, widthAdjusted=-, skippedSinglePoint=-, snapshot=updated=2, done=0, collapse=groups=2, normalized=2,3)
2026-05-21T00:48:56.742153Z [REPLAN][TIME] variant_started_ms=5622.7 wall_ms=1779324536382 variant=1 option=3 mode=attack_exclusion
2026-05-21T00:48:56.742828Z [variant 1] 공격 배제 병렬 결과 병합
2026-05-21T00:48:56.743569Z [REPLAN][TIME] attack_exclusion_parallel_joined_ms=5627.8 wall_ms=1779324536387 variant=1 duration_ms=2254.957 wait_ms=0.008
2026-05-21T00:48:56.744187Z [OK] 공격 배제 variant 저장: MissionPlanID=700000340 (elapsed=2255.0 ms)
2026-05-21T00:48:56.744747Z [INFO] Option mapping #1: planID=700000340, optionCode=3(공격배제)
2026-05-21T00:48:56.745286Z [REPLAN][TIME] variant_finished_ms=5628.0 wall_ms=1779324536387 variant=1 option=3 mode=attack_exclusion status=success duration_ms=2254.957
2026-05-21T00:48:56.745806Z [OK] Stored mission data: MissionPlan=1, IndividualMission=0, FlightPath=0
2026-05-21T00:48:56.746360Z [REPLAN][TIME] id_tab_update_deferred_ms=5628.7 wall_ms=1779324536388
2026-05-21T00:48:56.746888Z [REPLAN][TIME] pipeline_done_ms=5628.8 wall_ms=1779324536388 plans=2 force_direct=False
2026-05-21T00:48:56.747371Z [REPLAN][TIME] 0301_queued_ms=5628.8 wall_ms=1779324536388 plans=2
2026-05-21T00:48:56.747854Z [STEP 4] 0301 push queued (planIds=700000339, 700000340)
2026-05-21T00:48:56.749590Z [0301] missionPlanID=700000339 전송
2026-05-21T00:48:56.751195Z [0301] missionPlanID=700000340 전송
2026-05-21T00:48:56.752056Z [PUSH] 0301 direct batch send
2026-05-21T00:48:56.752649Z [REPLAN][TIME] 0301_sent_ms=5993.0 wall_ms=1779324536752 plans=2
2026-05-21T00:48:56.753246Z [REPLAN][TIME] post_0301_delivery_queued_ms=5993.6 wall_ms=1779324536753 grace_ms=0 timeout_ms=20 force_direct=0 mode=option_or_0901
2026-05-21T00:48:56.753833Z [INFO] Post-0301 apply queued (mode=option_or_0901, grace=0ms, timeout=20ms, plans=2)
2026-05-21T00:48:56.755993Z [REPLAN][TIME] 0305_status_2_ms=5996.3 wall_ms=1779324536755 reason=표적58 등 3개 발견
2026-05-21T00:48:56.756672Z [0305] status=2, reason=표적58 등 3개 발견, elapsed=5.99s 전송
2026-05-21T00:48:56.757354Z [REPLAN][TIME] post_0301_completion_ready_ms=5997.7 wall_ms=1779324536757 mode=option_or_0901
2026-05-21T00:48:56.757954Z [REPLAN][METRIC] source_artifact_cache entries=24 hits=42 misses=24
2026-05-21T00:48:56.779690Z [INFO] Post-0301 ready (timeout) -> sending 0901
2026-05-21T00:48:56.780408Z [REPLAN][TIME] post_0301_flushed_ms=6020.7 wall_ms=1779324536780 delivery=0901 trigger=timeout
2026-05-21T00:48:56.783030Z [REPLAN][TIME] 0901_sent_ms=6023.3 wall_ms=1779324536782 options=2
2026-05-21T00:48:56.783667Z [0901] option request sent (count=2, codes=2(공격특화), 3(공격배제))
2026-05-21T00:48:56.784355Z [REPLAN][TIME] id_tab_update_flushed_ms=6024.7 wall_ms=1779324536784
2026-05-21T00:49:24.675965Z [REPLAN][TIME] 0902_received_ms=0.2 wall_ms=1779324564675 trigger=attack_2_option replanLevel=2 optionCount=2 forceDirect=0
2026-05-21T00:49:24.676896Z [REPLAN][TIME] 0902_archived_ms=1.1 wall_ms=1779324564676 path=replan_request_832639763760.json
2026-05-21T00:49:24.677440Z [AUTO] 0902 received (planIds=700000455, 700000456)
2026-05-21T00:49:24.678001Z [REPLAN][TIME] pipeline_scheduled_ms=2.3 wall_ms=1779324564677 delay_ms=0
2026-05-21T00:49:24.678921Z [REPLAN][TIME] scheduled_start_ms=3.2 wall_ms=1779324564678
2026-05-21T00:49:24.681267Z [REPLAN][TIME] 0305_status_1_ms=5.5 wall_ms=1779324564681 reason=표적63 발견 재계획
2026-05-21T00:49:24.682056Z [0305] status=1, reason=표적63 발견 재계획 전송
2026-05-21T00:49:24.686319Z [INFO] Using latest 0203 ID 1 for missionReferencePackageID (fallback)
2026-05-21T00:49:24.687390Z [STEP 0] Replan pipeline start (reason=표적63 발견 재계획)
2026-05-21T00:49:24.688004Z [REPLAN][TIME] attack_exclusion_parallel_started_ms=11.0 wall_ms=1779324564686 option_index=2 sourcePlanID=700000340
2026-05-21T00:49:24.688611Z [ATTACK-EXCLUDE] parallel generation started (sourcePlanID=700000340, optionIndex=2)
2026-05-21T00:49:24.689210Z [ATTACK] 공격 특화 재계획 요청 감지 → 전용 파이프라인 실행
2026-05-21T00:49:24.697217Z [ATTACK] [TIME] select_manned_aircraft=10ms
2026-05-21T00:49:24.697927Z [ATTACK] STEP1 Selected manned aircraft: aircraft 2 (fuel=1200.0, coord=(37.722660064697266, 128.1003875732422, alt=1200))
2026-05-21T00:49:24.699635Z [ATTACK] [TIME] load_target_entries=1ms
2026-05-21T00:49:24.700261Z [ATTACK] STEP2 UAV tracking summary: watcher 4?’target 63, watcher 5?’target 57, watcher 4?’target 58, watcher 4?’target unknown-2, watcher 4?’target unknown-4, watcher 4?’target unknown-5, watcher 4?’target unknown-8, watcher 5?’target unknown-1, watcher 5?’target unknown-11, watcher 5?’target unknown-3, watcher 5?’target unknown-6, watcher 5?’target unknown-9, watcher 6?’target unknown-10, watcher 6?’target unknown-13, watcher 6?’target unknown-14, watcher 6?’target unknown-15, watcher 6?’target unknown-7, watcher 4?’target 53, watcher 6?’target 54, watcher 4?’target 55, watcher 5?’target 56, watcher 6?’target 59, watcher 4?’target 59, watcher 5?’target 60, watcher 6?’target 61, watcher 6?’target 62
2026-05-21T00:49:24.700991Z [ATTACK] STEP2.5 Using bundled 0402 targets: target=63 watcher=4
2026-05-21T00:49:24.704630Z [ATTACK] [ATTACK] Selected target id=63 type=1 weaponType=2 (preferred=2, ammo={'type1': 500, 'type2': 7, 'type3': 2})
2026-05-21T00:49:24.711200Z [ATTACK] [TIME] compute_attack_point=6ms
2026-05-21T00:49:24.711966Z [ATTACK] STEP3 Attack plan completed: lat=37.894953, lon=128.179839, alt=975m
2026-05-21T00:49:24.719226Z [ATTACK] [ATTACK] Weapon choice aircraft=2 preferred=2 selected=2 ammo={'type1': 500, 'type2': 7, 'type3': 2}
2026-05-21T00:49:24.720041Z [ATTACK] [ATTACK][ETA] Tracking ETA computed with LAH max attack speed (dist=20390.0m, speed=73.61m/s, +30s) -> 307s
2026-05-21T00:49:24.725983Z [ATTACK] [ATTACK] Using requested missionPlanID 700000455 (sourcePlanID=700000340)
2026-05-21T00:49:24.738547Z [ATTACK] [ATTACK][POINT] Primary target adaptive standoff mode=candidate_within_standoff currentDist=22390.0004999743m candidateDist=1999.9999999996437m standoff=300.0/2000.0m.
2026-05-21T00:49:24.748579Z [ATTACK] [PRIOR] Falling back to first mission for aircraft 5 (current waypoint not found in plan).
2026-05-21T00:49:24.760745Z [ATTACK] [PRIOR] Falling back to first mission for aircraft 6 (current waypoint not found in plan).
2026-05-21T00:49:24.763814Z [ATTACK] [ATTACK][ETA] Non-tracking UAV remaining time unavailable; keeping computed ETA.
2026-05-21T00:49:24.769847Z [ATTACK] [PRIOR] Falling back to first mission for aircraft 4 (current waypoint not found in plan).
2026-05-21T00:49:24.787159Z [ATTACK] [ATTACK][COLLAB] Remaining UAV entry lookahead applied: 9.0s (pathFollow=0, linearFallback=6, currentOnly=0)
2026-05-21T00:49:24.788694Z [ATTACK] [PRIOR] Falling back to first mission for aircraft 2 (current waypoint not found in plan).
2026-05-21T00:49:25.309855Z [ATTACK] [ATTACK][LAH] Using max attack speed 73.61m/s (265.0km/h) for aircraft 2.
2026-05-21T00:49:25.310527Z [ATTACK] [ATTACK][LAH] Inferred current waypoint from position -> 79.
2026-05-21T00:49:25.311073Z [ATTACK] [ATTACK][LAH] Dropped current waypoint from resume path (currentWP=79, nextWP=80).
2026-05-21T00:49:27.248248Z [ATTACK] [ATTACK][LAH] Preserved completed prefix, inserted attack, and reattached 2 follow-up mission(s).
2026-05-21T00:49:27.258805Z [ATTACK] [ATTACK][LAH] Generated attack/resume missions -> IMP:800000077.json PATHS:200000036.json/200000037.json (followUps=2)
2026-05-21T00:49:27.259996Z [ATTACK] [PRIOR] Falling back to first mission for aircraft 1 (current waypoint not found in plan).
2026-05-21T00:49:27.679407Z [ATTACK] [ATTACK][LAH] Inferred current waypoint from position -> 73.
2026-05-21T00:49:27.680644Z [ATTACK] [ATTACK][LAH] Dropped current waypoint from resume path (currentWP=73, nextWP=74).
2026-05-21T00:49:29.475880Z [ATTACK] [ATTACK][LAH] Preserved completed prefix, inserted hold, and reattached 2 follow-up mission(s).
2026-05-21T00:49:29.484302Z [ATTACK] [ATTACK][LAH] Generated hold/resume missions -> IMP:800000079.json PATHS:100000033.json/100000034.json (followUps=2)
2026-05-21T00:49:29.486762Z [ATTACK] [PRIOR] Falling back to first mission for aircraft 3 (current waypoint not found in plan).
2026-05-21T00:49:29.532799Z [ATTACK] [ATTACK][LAH] Inferred current waypoint from position -> 85.
2026-05-21T00:49:29.533520Z [ATTACK] [ATTACK][LAH] Dropped current waypoint from resume path (currentWP=85, nextWP=86).
2026-05-21T00:49:30.564656Z [ATTACK] [ATTACK][LAH] Preserved completed prefix, inserted hold, and reattached 2 follow-up mission(s).
2026-05-21T00:49:30.571283Z [ATTACK] [ATTACK][LAH] Generated hold/resume missions -> IMP:800000083.json PATHS:300000034.json/300000035.json (followUps=2)
2026-05-21T00:49:30.573086Z [ATTACK] [NEXTCOLLAB] division planner area-division pieces=2
2026-05-21T00:49:30.573549Z [ATTACK] [NEXTCOLLAB] division planner final workflow=no_split paths=2
2026-05-21T00:49:30.573957Z [ATTACK] [ATTACK][COLLAB] Collaborative replacement IMP written (aircraft=5, imp=800000081.json, missions=1).
2026-05-21T00:49:30.574349Z [ATTACK] [ATTACK][COLLAB] Collaborative replacement IMP written (aircraft=6, imp=800000082.json, missions=1).
2026-05-21T00:49:30.574729Z [ATTACK] [ATTACK][COLLAB] First sweep searchSpeed boosted (aircraft=5, pathID=500000048, waypointID=532, factor=1.30, old=2757.34, new=3584.55).
2026-05-21T00:49:30.575112Z [ATTACK] [ATTACK][COLLAB] First sweep searchSpeed boosted (aircraft=6, pathID=600000051, waypointID=544, factor=1.30, old=2207.52, new=2869.77).
2026-05-21T00:49:30.575483Z [ATTACK] [ATTACK][COLLAB] Collaborative remaining mission replanned (inputMissionID=2, unavailable=[4], remaining=[5, 6], workflow=no_split).
2026-05-21T00:49:30.576005Z [ATTACK] [PRIOR] Falling back to first mission for aircraft 4 (current waypoint not found in plan).
2026-05-21T00:49:30.584270Z [ATTACK] [ATTACK][UAV] Tracking target altitude kept for sensor only; flight altitude replaced 675m -> 1868m.
2026-05-21T00:49:30.769988Z [ATTACK] [ATTACK][UAV] Source path has a single waypoint; preserving it as done and skipping done/resume split.
2026-05-21T00:49:31.110904Z [ATTACK] [ATTACK][COLLAB] Tracking UAV resume replaced with release transit (aircraft=4, targetFinishEta=42, speed=58.0m/s).
2026-05-21T00:49:31.112560Z [ATTACK] [ATTACK][UAV] Preserved completed prefix, inserted tracking, and reattached 1 follow-up mission(s).
2026-05-21T00:49:31.161412Z [ATTACK] [ATTACK][UAV] Generated tracking/resume missions -> IMP:800000084.json PATHS:400000055.json/400000056.json (followUps=1)
2026-05-21T00:49:31.169711Z [ATTACK] [ATTACK][UAV] Tracking assignment state saved (aircraft=4, sourcePlan=700000340, attackPlan=700000455).
2026-05-21T00:49:31.170350Z [ATTACK] [PRIOR] Falling back to first mission for aircraft 5 (current waypoint not found in plan).
2026-05-21T00:49:31.171087Z [ATTACK] [ATTACK][COLLAB] Aircraft 5 handled by collaborative remaining replan (inputMissionID=2).
2026-05-21T00:49:31.171613Z [ATTACK] [PRIOR] Falling back to first mission for aircraft 6 (current waypoint not found in plan).
2026-05-21T00:49:31.172280Z [ATTACK] [ATTACK][COLLAB] Aircraft 6 handled by collaborative remaining replan (inputMissionID=2).
2026-05-21T00:49:31.185138Z [ATTACK] [ATTACK][PLAN] carried area remaining snapshot -> mission_area_snapshot_700000455.json (sourcePlanID=700000340, planID=700000455)
2026-05-21T00:49:31.185770Z [ATTACK] [ATTACK][PLAN] MissionPlan saved -> 700000455.json (planID=700000455)
2026-05-21T00:49:31.186897Z [ATTACK] [ATTACK][TIME] override_detail={"phases": {"metadata_normalize": {"elapsedMs": 0.006, "attackTargetCount": 1, "selectedMannedCount": 1}, "agent_index": {"elapsedMs": 0.1, "aircraftCount": 6}, "weapon_choice": {"elapsedMs": 6.111, "selectedWeaponType": 2, "ammoAvailable": true}, "initial_tracking_eta": {"elapsedMs": 0.713, "useDetectionTracking": true, "trackingEtaS": 307}, "resolve_source_plan": {"elapsedMs": 3.656, "sourcePlanID": 700000340}, "source_plan_load": {"elapsedMs": 0.691, "sourcePlanID": 700000340, "aircraftCount": 6}, "sweep_progress_load": {"elapsedMs": 0.756, "entries": 24}, "plan_id_resolve": {"elapsedMs": 0.018, "requested": true, "missionPlanID": 700000455}, "source_artifact_cache_build": {"elapsedMs": 0.012, "aircraftEntries": 6}, "done_input_ids_load": {"elapsedMs": 3.04, "count": 1}, "plan_deepcopy": {"elapsedMs": 0.052}, "target_uav_assignment": {"elapsedMs": 0.767, "assignedTargetCount": 1, "usedTrackingUavCount": 1}, "manned_sequence_assignment": {"elapsedMs": 5.353, "aircraftCount": 1, "error": null}, "attack_coordinate_resolution": {"elapsedMs": 4.763, "resolvedCount": 1, "mannedSequenceCount": 1}, "remaining_eta": {"elapsedMs": 23.721, "allUavCount": 3, "trackingUavCount": 1, "computedEtaCount": 1, "adjustedEtaS": null}, "descriptor_list_build": {"elapsedMs": 0.025, "descriptorCount": 6, "activeMannedCount": 1, "otherLahCount": 2, "otherUavCount": 2}, "collab_tracking_scan": {"elapsedMs": 6.044, "inputCount": 1, "unavailableUavCount": 1}, "collab_agent_state_map": {"elapsedMs": 17.174, "aircraftCount": 6}, "collab_parallel_started": {"elapsedMs": 0.689, "inputCount": 1, "workers": 1}, "collab_parallel_join": {"elapsedMs": 2.859, "waitReason": "UAV_TRACK", "inputCount": 1}, "descriptor_loop": {"elapsedMs": 6384.657, "descriptorCount": 6, "updateCount": 4}, "final_collab_plan_update": {"elapsedMs": 0.013, "collabInputCount": 1}, "mission_plan_write": {"elapsedMs": 12.895, "missionPlanID": 700000455}, "option_meta_build": {"elapsedMs": 0.046, "targetCount": 1, "collabInputCount": 1}}, "collabRuns": [{"inputMissionID": 2, "unavailableAircraftIDs": [4], "elapsedMs": 4744.648, "status": "ok", "replacementAircraftIDs": [5, 6], "generatedPathCount": 2, "finishEtaS": 42, "workflow": "no_split"}], "descriptorDetails": [{"aircraftID": 2, "label": "manned", "mode": "LAH_ATTACK", "resolveArtifacts": {"elapsedMs": 0.655, "currentWaypointID": null, "sourcePathID": 200000001, "sourceImpID": 800000008}, "loadArtifacts": {"elapsedMs": 0.006, "impLoaded": true, "fpLoaded": true}, "cloneAndLocateMission": {"elapsedMs": 1.545, "missionCount": 3, "targetIndex": 0}, "allocateAndPlanUpdate": {"elapsedMs": 12.279, "newImpID": 800000077}, "builder": {"elapsedMs": 2456.781, "builderMode": "LAH_ATTACK"}, "builderDetail": {"allocate_ids": {"elapsedMs": 504.89, "attackPathID": 200000036, "resumePathID": 200000037, "attackIndividualID": 900000208, "resumeIndividualID": 900000209, "entryWaypointID": 513, "attackWaypointID": 514}, "split_lah_resume": {"elapsedMs": 1032.533, "resumeWaypointCount": 1, "removedWaypointID": 79}, "clone_followups": {"elapsedMs": 559.526, "followUpMissionCount": 2, "followUpPathCount": 2}, "payload_build": {"elapsedMs": 345.649, "hasResume": true, "followUpMissionCount": 2, "attackSpeedMps": 73.61}, "write_json": {"elapsedMs": 8.323, "fileCount": 5}, "totalMs": 2455.229}, "status": "ok", "elapsedMs": 2471.414}, {"aircraftID": 1, "label": "lah_hold_1", "mode": "LAH_HOLD_RESUME", "resolveArtifacts": {"elapsedMs": 0.861, "currentWaypointID": null, "sourcePathID": 100000001, "sourceImpID": 800000007}, "loadArtifacts": {"elapsedMs": 0.005, "impLoaded": true, "fpLoaded": true}, "cloneAndLocateMission": {"elapsedMs": 0.114, "missionCount": 3, "targetIndex": 0}, "allocateAndPlanUpdate": {"elapsedMs": 150.185, "newImpID": 800000079}, "builder": {"elapsedMs": 2075.588, "builderMode": "LAH_HOLD_RESUME"}, "builderDetail": {"allocate_ids": {"elapsedMs": 260.174, "holdPathID": 100000033, "resumePathID": 100000034, "holdIndividualID": 900000217, "resumeIndividualID": 900000218}, "split_lah_resume": {"elapsedMs": 572.962, "resumeWaypointCount": 1, "removedWaypointID": 73}, "clone_followups": {"elapsedMs": 1063.243, "followUpMissionCount": 2, "followUpPathCount": 2}, "payload_build": {"elapsedMs": 1231.411, "hasResume": true, "followUpMissionCount": 2}, "write_json": {"elapsedMs": 6.587, "fileCount": 5}, "totalMs": 2075.544}, "status": "ok", "elapsedMs": 2226.881}, {"aircraftID": 3, "label": "lah_hold_3", "mode": "LAH_HOLD_RESUME", "resolveArtifacts": {"elapsedMs": 0.632, "currentWaypointID": null, "sourcePathID": 300000001, "sourceImpID": 800000009}, "loadArtifacts": {"elapsedMs": 0.006, "impLoaded": true, "fpLoaded": true}, "cloneAndLocateMission": {"elapsedMs": 0.151, "missionCount": 3, "targetIndex": 0}, "allocateAndPlanUpdate": {"elapsedMs": 12.28, "newImpID": 800000083}, "builder": {"elapsedMs": 1073.12, "builderMode": "LAH_HOLD_RESUME"}, "builderDetail": {"allocate_ids": {"elapsedMs": 31.867, "holdPathID": 300000034, "resumePathID": 300000035, "holdIndividualID": 900000223, "resumeIndividualID": 900000224}, "split_lah_resume": {"elapsedMs": 522.257, "resumeWaypointCount": 1, "removedWaypointID": 85}, "clone_followups": {"elapsedMs": 361.359, "followUpMissionCount": 2, "followUpPathCount": 2}, "payload_build": {"elapsedMs": 510.496, "hasResume": true, "followUpMissionCount": 2}, "write_json": {"elapsedMs": 5.354, "fileCount": 5}, "totalMs": 1073.074}, "status": "ok", "elapsedMs": 1086.321}, {"aircraftID": 4, "label": "uav_tracking_4", "mode": "UAV_TRACK", "resolveArtifacts": {"elapsedMs": 0.487, "currentWaypointID": 246, "sourcePathID": 400000045, "sourceImpID": 800000067}, "loadArtifacts": {"elapsedMs": 0.006, "impLoaded": true, "fpLoaded": true}, "cloneAndLocateMission": {"elapsedMs": 0.135, "missionCount": 2, "targetIndex": 0}, "allocateAndPlanUpdate": {"elapsedMs": 7.457, "newImpID": 800000084}, "builder": {"elapsedMs": 578.05, "builderMode": "UAV_TRACK"}, "builderDetail": {"allocate_ids": {"elapsedMs": 182.557, "donePathID": 400000054, "attackPathID": 400000055, "resumePathID": 400000056, "trackingIndividualID": 900000227, "resumeIndividualID": 900000228, "targetWaypointID": 556}, "split_done_resume": {"elapsedMs": 1.255, "sourceSinglePoint": true, "doneWaypointCount": 1, "resumeWaypointCount": 0, "removedWaypointID": 468}, "clone_followups": {"elapsedMs": 196.157, "followUpMissionCount": 1, "followUpPathCount": 1}, "release_resume": {"elapsedMs": 143.512, "releaseWaypointCount": 2, "targetFinishEtaS": 42}, "write_json": {"elapsedMs": 46.987, "fileCount": 5}, "totalMs": 575.344}, "trackingState": {"elapsedMs": 7.515}, "status": "ok", "elapsedMs": 594.331}, {"aircraftID": 5, "label": "uav_resume_5", "mode": "UAV_RESUME", "resolveArtifacts": {"elapsedMs": 0.509, "currentWaypointID": 260, "sourcePathID": 500000042, "sourceImpID": 800000069}, "loadArtifacts": {"elapsedMs": 0.006, "impLoaded": true, "fpLoaded": true}, "cloneAndLocateMission": {"elapsedMs": 0.18, "missionCount": 2, "targetIndex": 0}, "status": "handled_by_collab", "elapsedMs": 1.216}, {"aircraftID": 6, "label": "uav_resume_6", "mode": "UAV_RESUME", "resolveArtifacts": {"elapsedMs": 0.454, "currentWaypointID": 271, "sourcePathID": 600000045, "sourceImpID": 800000070}, "loadArtifacts": {"elapsedMs": 0.004, "impLoaded": true, "fpLoaded": true}, "cloneAndLocateMission": {"elapsedMs": 0.171, "missionCount": 2, "targetIndex": 0}, "status": "handled_by_collab", "elapsedMs": 1.112}], "totalMs": 6462}
2026-05-21T00:49:31.187681Z [ATTACK] [ATTACK][TIME] override_total=6462ms
2026-05-21T00:49:31.188653Z [ATTACK] [TIME] apply_attack_plan_overrides=6476ms
2026-05-21T00:49:31.201106Z [ATTACK] [TIME] timingMs={"read_source": 13.401, "descriptor_build": 4.443, "write_artifacts": 6485.038, "delivery_wait": 11.761}
2026-05-21T00:49:31.201866Z [ATTACK] [TIME] total=6515ms
2026-05-21T00:49:31.205783Z [ATTACK] 분석 로그 저장: C:\Users\TRL98\Desktop\LAH_MUMT\Logs\Scenario_2026-05-21T085327\SBC3\DSS_Internal\log_attack_algorithm_20260521T004931_202471.json
2026-05-21T00:49:31.214848Z [ATTACK] mark target used: targetIDs=63
2026-05-21T00:49:31.233571Z [ATTACK-EXCLUDE] ATTACK-EXCLUDE using requested missionPlanID 700000456 (sourcePlanID=700000340)
2026-05-21T00:49:31.234208Z [ATTACK-EXCLUDE] UAV 4 resume source adjusted 700000340 -> 700000008 (matched waypoint 246).
2026-05-21T00:49:31.234708Z [ATTACK-EXCLUDE] [PRIOR][UAV] Resume sweep trim applied (cutPoints=7, rawCutPoints=7, doneSweepPoints=0, pathID=400000017).
2026-05-21T00:49:31.235297Z [ATTACK-EXCLUDE] [PRIOR][UAV] Resume searchSpeed scaled (factor=1.30, waypoints=1).
2026-05-21T00:49:31.235733Z [ATTACK-EXCLUDE] [PRIOR][UAV] Generated done/resume mission -> aircraft=4 IMP:800000076.json PATHS:400000052.json
2026-05-21T00:49:31.236204Z [ATTACK-EXCLUDE] UAV 5 resume source adjusted 700000340 -> 700000008 (matched waypoint 260).
2026-05-21T00:49:31.236678Z [ATTACK-EXCLUDE] [PRIOR][UAV] Resume sweep trim applied (cutPoints=4, rawCutPoints=4, doneSweepPoints=0, pathID=500000014).
2026-05-21T00:49:31.237232Z [ATTACK-EXCLUDE] [PRIOR][UAV] Resume searchSpeed scaled (factor=1.30, waypoints=1).
2026-05-21T00:49:31.237774Z [ATTACK-EXCLUDE] [PRIOR][UAV] Generated done/resume mission -> aircraft=5 IMP:800000078.json PATHS:500000050.json
2026-05-21T00:49:31.238533Z [ATTACK-EXCLUDE] UAV 6 resume source adjusted 700000340 -> 700000008 (matched waypoint 271).
2026-05-21T00:49:31.239184Z [ATTACK-EXCLUDE] [PRIOR][UAV] Resume sweep trim applied (cutPoints=11, rawCutPoints=11, doneSweepPoints=0, pathID=600000020).
2026-05-21T00:49:31.240890Z [ATTACK-EXCLUDE] [PRIOR][UAV] Resume searchSpeed scaled (factor=1.30, waypoints=1).
2026-05-21T00:49:31.241536Z [ATTACK-EXCLUDE] [PRIOR][UAV] Generated done/resume mission -> aircraft=6 IMP:800000080.json PATHS:600000053.json
2026-05-21T00:49:31.242182Z [ATTACK-EXCLUDE] 공격 배제 MissionPlan 저장 -> 700000456.json (planID=700000456)
2026-05-21T00:49:31.242818Z [ATTACK-EXCLUDE] ATTACK-EXCLUDE carried area remaining snapshot -> mission_area_snapshot_700000456.json (sourcePlanID=700000340, planID=700000456)
2026-05-21T00:49:31.712429Z [ATTACK] 공격 임무 계획 완료 (planIds=700000455)
2026-05-21T00:49:31.714029Z [INFO] UAV params loaded (cruise=40.00, turn_step=15.0)
2026-05-21T00:49:31.714493Z [INFO] Latest input snapshot → 0201:ID=1,ts=832638838505,src=-, 0203:ID=1,ts=832638838538,src=-
2026-05-21T00:49:31.714929Z [STEP 0] Using latest 0201 ID 1 (1.json)
2026-05-21T00:49:31.715335Z [STEP 0] Using latest 0203 ID 1 (1.json)
2026-05-21T00:49:31.715865Z [CHECK] 0201/0203 필수 데이터 확인 시작
2026-05-21T00:49:31.716273Z [OK] 0201 inputMissionList 확인됨 (count=3) → 진행
2026-05-21T00:49:31.716696Z [OK] 0201 availableAircraftList 확인됨 (count=6) → 진행
2026-05-21T00:49:31.717102Z [OK] 0201 inputMissionPackageType=1 확인
2026-05-21T00:49:31.717506Z [OK] 0201 mainSensor=1 확인
2026-05-21T00:49:31.717925Z [CHECK] 0201 기체 수=6 (UAV=3, LAH=3)
2026-05-21T00:49:31.718320Z [CHECK] 0201 임무: total=3 missingID=0 missingDetail=0 missingShape=0 unknownType=0 typeZeroAuto=0 typeZeroInvalid=0 lineOnlyViolation=0 skippedSinglePoint=0
2026-05-21T00:49:31.718716Z [OK] 0203 takeOverInfoList 확인됨 (count=3) → 진행
2026-05-21T00:49:31.719166Z [OK] 0203 handOverInfoList 확인됨 (count=3) → 진행
2026-05-21T00:49:31.719593Z [OK] 0203 flightAreaList 확인됨 (count=1) → 진행
2026-05-21T00:49:31.719996Z [CHECK] 0203 flightAreaList count=1
2026-05-21T00:49:31.720396Z [INFO] 임무 진행영역 스냅샷 적용: sourcePlan=700000340, updated=2, done=0
2026-05-21T00:49:31.721359Z [INFO] 임무 진행영역 재계획 collapse 적용: groups=2, normalized=2, 3
2026-05-21T00:49:31.723216Z [INFO] Filtered completed input missions (removed=1, converted=-, widthAdjusted=-, skippedSinglePoint=-, snapshot=updated=2, done=0, collapse=groups=2, normalized=2,3)
2026-05-21T00:49:31.723617Z [REPLAN][TIME] variant_started_ms=6558.2 wall_ms=1779324571233 variant=1 option=3 mode=attack_exclusion
2026-05-21T00:49:31.724075Z [variant 1] 공격 배제 병렬 결과 병합
2026-05-21T00:49:31.724509Z [REPLAN][TIME] attack_exclusion_parallel_joined_ms=6568.1 wall_ms=1779324571243 variant=1 duration_ms=4198.348 wait_ms=0.009
2026-05-21T00:49:31.724916Z [OK] 공격 배제 variant 저장: MissionPlanID=700000456 (elapsed=4198.3 ms)
2026-05-21T00:49:31.725314Z [INFO] Option mapping #1: planID=700000456, optionCode=3(공격배제)
2026-05-21T00:49:31.725687Z [REPLAN][TIME] variant_finished_ms=6568.3 wall_ms=1779324571243 variant=1 option=3 mode=attack_exclusion status=success duration_ms=4198.348
2026-05-21T00:49:31.726131Z [OK] Stored mission data: MissionPlan=1, IndividualMission=0, FlightPath=0
2026-05-21T00:49:31.726504Z [REPLAN][TIME] id_tab_update_deferred_ms=6569.4 wall_ms=1779324571244
2026-05-21T00:49:31.726874Z [REPLAN][TIME] pipeline_done_ms=6569.4 wall_ms=1779324571244 plans=2 force_direct=False
2026-05-21T00:49:31.727241Z [REPLAN][TIME] 0301_queued_ms=6569.5 wall_ms=1779324571244 plans=2
2026-05-21T00:49:31.727607Z [STEP 4] 0301 push queued (planIds=700000455, 700000456)
2026-05-21T00:49:31.728849Z [0402] delivery suppressed before 0301: Target 정보 변경으로 인한 재계획 중단
2026-05-21T00:49:31.730721Z [0001] notice sent: Target 정보 변경으로 인한 재계획 중단
2026-05-21T00:49:31.731559Z [REPLAN][METRIC] source_artifact_cache entries=105 hits=62 misses=105
2026-05-21T00:49:32.223121Z [REPLAN][TIME] 0902_received_ms=0.3 wall_ms=1779324572222 trigger=attack_2_option replanLevel=2 optionCount=2 forceDirect=0
2026-05-21T00:49:32.224068Z [REPLAN][TIME] 0902_archived_ms=1.2 wall_ms=1779324572223 path=replan_request_832639769218.json
2026-05-21T00:49:32.224570Z [AUTO] 0902 received (planIds=700000459, 700000460)
2026-05-21T00:49:32.225095Z [REPLAN][TIME] pipeline_scheduled_ms=2.2 wall_ms=1779324572224 delay_ms=0
2026-05-21T00:49:32.226092Z [REPLAN][TIME] scheduled_start_ms=3.3 wall_ms=1779324572225
2026-05-21T00:49:32.227952Z [REPLAN][TIME] 0305_status_1_ms=5.1 wall_ms=1779324572227 reason=표적65 등 3개 발견
2026-05-21T00:49:32.228932Z [0305] status=1, reason=표적65 등 3개 발견 전송
2026-05-21T00:49:32.235893Z [INFO] Using latest 0203 ID 1 for missionReferencePackageID (fallback)
2026-05-21T00:49:32.236644Z [STEP 0] Replan pipeline start (reason=표적65 등 3개 발견)
2026-05-21T00:49:32.239249Z [REPLAN][TIME] attack_exclusion_parallel_started_ms=12.9 wall_ms=1779324572235 option_index=2 sourcePlanID=700000340
2026-05-21T00:49:32.239811Z [ATTACK-EXCLUDE] parallel generation started (sourcePlanID=700000340, optionIndex=2)
2026-05-21T00:49:32.240233Z [ATTACK] 공격 특화 재계획 요청 감지 → 전용 파이프라인 실행
2026-05-21T00:49:32.246005Z [ATTACK] [TIME] select_manned_aircraft=10ms
2026-05-21T00:49:32.246667Z [ATTACK] STEP1 Selected manned aircraft: aircraft 3 (fuel=1200.0, coord=(37.720611572265625, 128.11573791503906, alt=1200))
2026-05-21T00:49:32.253818Z [ATTACK] [TIME] load_target_entries=6ms
2026-05-21T00:49:32.254720Z [ATTACK] STEP2 UAV tracking summary: watcher 4?’target 63, watcher 5?’target 64, watcher 4?’target 64, watcher 6?’target 65, watcher 5?’target 57, watcher 4?’target 58, watcher 4?’target unknown-16, watcher 4?’target unknown-2, watcher 4?’target unknown-4, watcher 4?’target unknown-5, watcher 4?’target unknown-8, watcher 5?’target unknown-1, watcher 5?’target unknown-11, watcher 5?’target unknown-18, watcher 5?’target unknown-3, watcher 5?’target unknown-6, watcher 5?’target unknown-9, watcher 6?’target unknown-10, watcher 6?’target unknown-13, watcher 6?’target unknown-14, watcher 6?’target unknown-15, watcher 6?’target unknown-17, watcher 6?’target unknown-7, watcher 4?’target 53, watcher 6?’target 54, watcher 4?’target 55, watcher 5?’target 56, watcher 6?’target 59, watcher 4?’target 59, watcher 5?’target 60, watcher 6?’target 61, watcher 6?’target 62
2026-05-21T00:49:32.255485Z [ATTACK] STEP2.5 Using bundled 0402 targets: target=65 watcher=6, target=63 watcher=4, target=64 watcher=5
2026-05-21T00:49:32.262043Z [ATTACK] STEP2.6 Multi-target manned selection: 2, 3
2026-05-21T00:49:32.265412Z [ATTACK] [ATTACK] Selected target id=65 type=1 weaponType=2 (preferred=2, ammo={'type1': 500, 'type2': 7, 'type3': 2})
2026-05-21T00:49:32.271682Z [ATTACK] [TIME] compute_attack_point=6ms
2026-05-21T00:49:32.272130Z [ATTACK] STEP3 Attack plan completed: lat=37.898991, lon=128.165680, alt=983m
2026-05-21T00:49:32.272744Z [ATTACK] [ATTACK] Using remembered waypoint 484 for watcher 6 while auto-tracking.
2026-05-21T00:49:32.275702Z [ATTACK] [ATTACK] Weapon choice aircraft=2 preferred=2 selected=2 ammo={'type1': 500, 'type2': 7, 'type3': 2}
2026-05-21T00:49:32.276194Z [ATTACK] [ATTACK][ETA] Tracking ETA computed with LAH max attack speed (dist=20428.9m, speed=73.61m/s, +30s) -> 308s
2026-05-21T00:49:32.280192Z [ATTACK] [ATTACK] Using requested missionPlanID 700000459 (sourcePlanID=700000340)
2026-05-21T00:49:32.328976Z [ATTACK] [ATTACK][ETA] All UAVs tracking; using average ETA: 307s (from 3 values: [306, 307, 308])
2026-05-21T00:49:32.329628Z [ATTACK] [ATTACK][ETA] All tracking ETAs unified to 307s
2026-05-21T00:49:32.347461Z [ATTACK] [ATTACK][COLLAB] Remaining UAV entry lookahead applied: 9.0s (pathFollow=3, linearFallback=3, currentOnly=0)
2026-05-21T00:49:32.349149Z [ATTACK] [PRIOR] Falling back to first mission for aircraft 2 (current waypoint not found in plan).
2026-05-21T00:49:32.508144Z [ATTACK] [ATTACK][LAH] Inferred current waypoint from position -> 79.
2026-05-21T00:49:32.509073Z [ATTACK] [ATTACK][LAH] Dropped current waypoint from resume path (currentWP=79, nextWP=80).
2026-05-21T00:49:33.325158Z [ATTACK] [ATTACK][LAH] Using max attack speed 73.61m/s (265.0km/h) for aircraft 2.
2026-05-21T00:49:35.124223Z [ATTACK] [ATTACK][LAH] Preserved completed prefix, built sequential attack missions, and reattached 2 follow-up mission(s) for aircraft 2.
2026-05-21T00:49:35.131435Z [ATTACK] [ATTACK][LAH] Generated sequential attack/resume missions -> IMP:800000086.json attacks=2 resume=200000042.json (followUps=2)
2026-05-21T00:49:35.132247Z [ATTACK] [PRIOR] Falling back to first mission for aircraft 3 (current waypoint not found in plan).
2026-05-21T00:49:35.521261Z [ATTACK] [ATTACK][LAH] Using max attack speed 73.61m/s (265.0km/h) for aircraft 3.
2026-05-21T00:49:35.521852Z [ATTACK] [ATTACK][LAH] Inferred current waypoint from position -> 85.
2026-05-21T00:49:35.522376Z [ATTACK] [ATTACK][LAH] Dropped current waypoint from resume path (currentWP=85, nextWP=86).
2026-05-21T00:49:36.481101Z [ATTACK] [ATTACK][LAH] Preserved completed prefix, inserted attack, and reattached 2 follow-up mission(s).
2026-05-21T00:49:36.486641Z [ATTACK] [ATTACK][LAH] Generated attack/resume missions -> IMP:800000089.json PATHS:300000038.json/300000039.json (followUps=2)
2026-05-21T00:49:36.487272Z [ATTACK] [PRIOR] Falling back to first mission for aircraft 1 (current waypoint not found in plan).
2026-05-21T00:49:36.515348Z [ATTACK] [ATTACK][LAH] Inferred current waypoint from position -> 73.
2026-05-21T00:49:36.515912Z [ATTACK] [ATTACK][LAH] Dropped current waypoint from resume path (currentWP=73, nextWP=74).
2026-05-21T00:49:37.531236Z [ATTACK] [ATTACK][LAH] Preserved completed prefix, inserted hold, and reattached 2 follow-up mission(s).
2026-05-21T00:49:37.537801Z [ATTACK] [ATTACK][LAH] Generated hold/resume missions -> IMP:800000090.json PATHS:100000037.json/100000038.json (followUps=2)
2026-05-21T00:49:37.539510Z [ATTACK] [ATTACK][COLLAB] Collaborative replan skipped: no remaining source UAVs for current input.
2026-05-21T00:49:37.546522Z [ATTACK] [ATTACK][UAV] Tracking target altitude kept for sensor only; flight altitude replaced 683m -> 1965m.
2026-05-21T00:49:37.776999Z [ATTACK] [ATTACK][UAV] Source path has a single waypoint; preserving it as done and skipping done/resume split.
2026-05-21T00:49:37.996242Z [ATTACK] [ATTACK][UAV] Preserved completed prefix, inserted tracking, and reattached 1 follow-up mission(s).
2026-05-21T00:49:38.033470Z [ATTACK] [ATTACK][UAV] Generated tracking-only mission -> IMP:800000091.json PATH:600000059.json (followUps=1, resumeSkipped=true)
2026-05-21T00:49:38.042358Z [ATTACK] [ATTACK][UAV] Tracking assignment state saved (aircraft=6, sourcePlan=700000340, attackPlan=700000459).
2026-05-21T00:49:38.049878Z [ATTACK] [ATTACK][UAV] Tracking target altitude kept for sensor only; flight altitude replaced 675m -> 1868m.
2026-05-21T00:49:38.234097Z [ATTACK] [ATTACK][UAV] Source path has a single waypoint; preserving it as done and skipping done/resume split.
2026-05-21T00:49:38.430278Z [ATTACK] [ATTACK][UAV] Preserved completed prefix, inserted tracking, and reattached 1 follow-up mission(s).
2026-05-21T00:49:38.471067Z [ATTACK] [ATTACK][UAV] Generated tracking-only mission -> IMP:800000092.json PATH:400000062.json (followUps=1, resumeSkipped=true)
2026-05-21T00:49:38.480272Z [ATTACK] [ATTACK][UAV] Tracking assignment state saved (aircraft=4, sourcePlan=700000340, attackPlan=700000459).
2026-05-21T00:49:38.487951Z [ATTACK] [ATTACK][UAV] Tracking target altitude kept for sensor only; flight altitude replaced 672m -> 1956m.
2026-05-21T00:49:38.700671Z [ATTACK] [ATTACK][UAV] Source path has a single waypoint; preserving it as done and skipping done/resume split.
2026-05-21T00:49:38.903474Z [ATTACK] [ATTACK][UAV] Preserved completed prefix, inserted tracking, and reattached 1 follow-up mission(s).
2026-05-21T00:49:38.950558Z [ATTACK] [ATTACK][UAV] Generated tracking-only mission -> IMP:800000093.json PATH:500000056.json (followUps=1, resumeSkipped=true)
2026-05-21T00:49:38.958944Z [ATTACK] [ATTACK][UAV] Tracking assignment state saved (aircraft=5, sourcePlan=700000340, attackPlan=700000459).
2026-05-21T00:49:38.969431Z [ATTACK] [ATTACK][PLAN] carried area remaining snapshot -> mission_area_snapshot_700000459.json (sourcePlanID=700000340, planID=700000459)
2026-05-21T00:49:38.970036Z [ATTACK] [ATTACK][PLAN] MissionPlan saved -> 700000459.json (planID=700000459)
2026-05-21T00:49:38.971004Z [ATTACK] [ATTACK][TIME] override_detail={"phases": {"metadata_normalize": {"elapsedMs": 0.008, "attackTargetCount": 3, "selectedMannedCount": 2}, "agent_index": {"elapsedMs": 0.083, "aircraftCount": 6}, "weapon_choice": {"elapsedMs": 2.524, "selectedWeaponType": 2, "ammoAvailable": true}, "initial_tracking_eta": {"elapsedMs": 0.445, "useDetectionTracking": true, "trackingEtaS": 308}, "resolve_source_plan": {"elapsedMs": 1.74, "sourcePlanID": 700000340}, "source_plan_load": {"elapsedMs": 0.849, "sourcePlanID": 700000340, "aircraftCount": 6}, "sweep_progress_load": {"elapsedMs": 0.774, "entries": 24}, "plan_id_resolve": {"elapsedMs": 0.018, "requested": true, "missionPlanID": 700000459}, "source_artifact_cache_build": {"elapsedMs": 0.014, "aircraftEntries": 6}, "done_input_ids_load": {"elapsedMs": 0.9, "count": 1}, "plan_deepcopy": {"elapsedMs": 0.051}, "target_uav_assignment": {"elapsedMs": 0.527, "assignedTargetCount": 3, "usedTrackingUavCount": 3}, "manned_sequence_assignment": {"elapsedMs": 17.904, "aircraftCount": 2, "error": null}, "attack_coordinate_resolution": {"elapsedMs": 28.408, "resolvedCount": 3, "mannedSequenceCount": 3}, "remaining_eta": {"elapsedMs": 0.684, "allUavCount": 3, "trackingUavCount": 3, "computedEtaCount": 3, "adjustedEtaS": 307}, "descriptor_list_build": {"elapsedMs": 0.038, "descriptorCount": 6, "activeMannedCount": 2, "otherLahCount": 1, "otherUavCount": 0}, "collab_tracking_scan": {"elapsedMs": 5.039, "inputCount": 1, "unavailableUavCount": 3}, "collab_agent_state_map": {"elapsedMs": 12.798, "aircraftCount": 6}, "collab_parallel_started": {"elapsedMs": 0.66, "inputCount": 1, "workers": 1}, "collab_parallel_join": {"elapsedMs": 0.555, "waitReason": "UAV_TRACK", "inputCount": 1}, "descriptor_loop": {"elapsedMs": 6611.042, "descriptorCount": 6, "updateCount": 6}, "mission_plan_write": {"elapsedMs": 10.415, "missionPlanID": 700000459}, "option_meta_build": {"elapsedMs": 0.053, "targetCount": 3, "collabInputCount": 0}}, "collabRuns": [{"inputMissionID": 2, "unavailableAircraftIDs": [4, 5, 6], "elapsedMs": 28.458, "status": "skipped"}], "descriptorDetails": [{"aircraftID": 2, "label": "manned", "mode": "LAH_ATTACK", "resolveArtifacts": {"elapsedMs": 0.962, "currentWaypointID": null, "sourcePathID": 200000001, "sourceImpID": 800000008}, "loadArtifacts": {"elapsedMs": 0.004, "impLoaded": true, "fpLoaded": true}, "cloneAndLocateMission": {"elapsedMs": 0.108, "missionCount": 3, "targetIndex": 0}, "allocateAndPlanUpdate": {"elapsedMs": 157.797, "newImpID": 800000086}, "builder": {"elapsedMs": 2624.239, "builderMode": "LAH_ATTACK"}, "status": "ok", "elapsedMs": 2783.243}, {"aircraftID": 3, "label": "manned", "mode": "LAH_ATTACK", "resolveArtifacts": {"elapsedMs": 0.531, "currentWaypointID": null, "sourcePathID": 300000001, "sourceImpID": 800000009}, "loadArtifacts": {"elapsedMs": 0.005, "impLoaded": true, "fpLoaded": true}, "cloneAndLocateMission": {"elapsedMs": 0.159, "missionCount": 3, "targetIndex": 0}, "allocateAndPlanUpdate": {"elapsedMs": 6.581, "newImpID": 800000089}, "builder": {"elapsedMs": 1347.697, "builderMode": "LAH_ATTACK"}, "builderDetail": {"allocate_ids": {"elapsedMs": 380.359, "attackPathID": 300000038, "resumePathID": 300000039, "attackIndividualID": 900000241, "resumeIndividualID": 900000242, "entryWaypointID": 582, "attackWaypointID": 583}, "split_lah_resume": {"elapsedMs": 433.136, "resumeWaypointCount": 1, "removedWaypointID": 85}, "clone_followups": {"elapsedMs": 354.06, "followUpMissionCount": 2, "followUpPathCount": 2}, "payload_build": {"elapsedMs": 171.748, "hasResume": true, "followUpMissionCount": 2, "attackSpeedMps": 73.61}, "write_json": {"elapsedMs": 4.195, "fileCount": 5}, "totalMs": 1346.426}, "status": "ok", "elapsedMs": 1355.093}, {"aircraftID": 1, "label": "lah_hold_1", "mode": "LAH_HOLD_RESUME", "resolveArtifacts": {"elapsedMs": 0.581, "currentWaypointID": null, "sourcePathID": 100000001, "sourceImpID": 800000007}, "loadArtifacts": {"elapsedMs": 0.006, "impLoaded": true, "fpLoaded": true}, "cloneAndLocateMission": {"elapsedMs": 0.194, "missionCount": 3, "targetIndex": 0}, "allocateAndPlanUpdate": {"elapsedMs": 6.966, "newImpID": 800000090}, "builder": {"elapsedMs": 1044.318, "builderMode": "LAH_HOLD_RESUME"}, "builderDetail": {"allocate_ids": {"elapsedMs": 18.265, "holdPathID": 100000037, "resumePathID": 100000038, "holdIndividualID": 900000245, "resumeIndividualID": 900000246}, "split_lah_resume": {"elapsedMs": 495.055, "resumeWaypointCount": 1, "removedWaypointID": 73}, "clone_followups": {"elapsedMs": 364.176, "followUpMissionCount": 2, "followUpPathCount": 2}, "payload_build": {"elapsedMs": 522.681, "hasResume": true, "followUpMissionCount": 2}, "write_json": {"elapsedMs": 5.213, "fileCount": 5}, "totalMs": 1044.274}, "status": "ok", "elapsedMs": 1052.211}, {"aircraftID": 6, "label": "uav_tracking_6", "mode": "UAV_TRACK", "resolveArtifacts": {"elapsedMs": 0.021, "currentWaypointID": 484, "sourcePathID": 600000045, "sourceImpID": 800000070}, "loadArtifacts": {"elapsedMs": 0.003, "impLoaded": true, "fpLoaded": true}, "cloneAndLocateMission": {"elapsedMs": 0.132, "missionCount": 2, "targetIndex": 0}, "allocateAndPlanUpdate": {"elapsedMs": 6.163, "newImpID": 800000091}, "builder": {"elapsedMs": 487.61, "builderMode": "UAV_TRACK"}, "builderDetail": {"allocate_ids": {"elapsedMs": 227.399, "donePathID": 600000058, "attackPathID": 600000059, "resumePathID": 600000060, "trackingIndividualID": 900000249, "resumeIndividualID": 900000250, "targetWaypointID": 600}, "split_done_resume": {"elapsedMs": 1.233, "sourceSinglePoint": true, "doneWaypointCount": 1, "resumeWaypointCount": 0, "removedWaypointID": 484}, "clone_followups": {"elapsedMs": 216.466, "followUpMissionCount": 1, "followUpPathCount": 1}, "write_json": {"elapsedMs": 35.673, "fileCount": 4}, "totalMs": 485.218}, "trackingState": {"elapsedMs": 8.242}, "status": "ok", "elapsedMs": 502.863}, {"aircraftID": 4, "label": "uav_tracking_4", "mode": "UAV_TRACK", "resolveArtifacts": {"elapsedMs": 0.027, "currentWaypointID": 468, "sourcePathID": 400000045, "sourceImpID": 800000067}, "loadArtifacts": {"elapsedMs": 0.004, "impLoaded": true, "fpLoaded": true}, "cloneAndLocateMission": {"elapsedMs": 0.174, "missionCount": 2, "targetIndex": 0}, "allocateAndPlanUpdate": {"elapsedMs": 6.513, "newImpID": 800000092}, "builder": {"elapsedMs": 421.98, "builderMode": "UAV_TRACK"}, "builderDetail": {"allocate_ids": {"elapsedMs": 180.733, "donePathID": 400000061, "attackPathID": 400000062, "resumePathID": 400000063, "trackingIndividualID": 900000252, "resumeIndividualID": 900000253, "targetWaypointID": 603}, "split_done_resume": {"elapsedMs": 1.319, "sourceSinglePoint": true, "doneWaypointCount": 1, "resumeWaypointCount": 0, "removedWaypointID": 468}, "clone_followups": {"elapsedMs": 192.691, "followUpMissionCount": 1, "followUpPathCount": 1}, "write_json": {"elapsedMs": 36.586, "fileCount": 4}, "totalMs": 419.103}, "trackingState": {"elapsedMs": 8.443}, "status": "ok", "elapsedMs": 437.861}, {"aircraftID": 5, "label": "uav_tracking_5", "mode": "UAV_TRACK", "resolveArtifacts": {"elapsedMs": 0.023, "currentWaypointID": 474, "sourcePathID": 500000042, "sourceImpID": 800000069}, "loadArtifacts": {"elapsedMs": 0.003, "impLoaded": true, "fpLoaded": true}, "cloneAndLocateMission": {"elapsedMs": 0.132, "missionCount": 2, "targetIndex": 0}, "allocateAndPlanUpdate": {"elapsedMs": 6.69, "newImpID": 800000093}, "builder": {"elapsedMs": 463.525, "builderMode": "UAV_TRACK"}, "builderDetail": {"allocate_ids": {"elapsedMs": 208.469, "donePathID": 500000055, "attackPathID": 500000056, "resumePathID": 500000057, "trackingIndividualID": 900000255, "resumeIndividualID": 900000256, "targetWaypointID": 606}, "split_done_resume": {"elapsedMs": 1.087, "sourceSinglePoint": true, "doneWaypointCount": 1, "resumeWaypointCount": 0, "removedWaypointID": 474}, "clone_followups": {"elapsedMs": 199.859, "followUpMissionCount": 1, "followUpPathCount": 1}, "write_json": {"elapsedMs": 45.809, "fileCount": 4}, "totalMs": 459.716}, "trackingState": {"elapsedMs": 7.529}, "status": "ok", "elapsedMs": 478.641}], "totalMs": 6693}
2026-05-21T00:49:38.971469Z [ATTACK] [ATTACK][TIME] override_total=6693ms
2026-05-21T00:49:38.972287Z [ATTACK] [TIME] apply_attack_plan_overrides=6700ms
2026-05-21T00:49:38.976312Z [ATTACK] [TIME] timingMs={"read_source": 18.873, "descriptor_build": 10.796, "write_artifacts": 6707.846, "delivery_wait": 3.443}
2026-05-21T00:49:38.976775Z [ATTACK] [TIME] total=6741ms
2026-05-21T00:49:38.981183Z [ATTACK] 분석 로그 저장: C:\Users\TRL98\Desktop\LAH_MUMT\Logs\Scenario_2026-05-21T085327\SBC3\DSS_Internal\log_attack_algorithm_20260521T004938_977289.json
2026-05-21T00:49:38.982236Z [ATTACK] mark target used: targetIDs=65, 63, 64
2026-05-21T00:49:39.001484Z [ATTACK-EXCLUDE] ATTACK-EXCLUDE using requested missionPlanID 700000460 (sourcePlanID=700000340)
2026-05-21T00:49:39.001982Z [ATTACK-EXCLUDE] [PRIOR][UAV] Resume sweep trim applied (cutPoints=6, rawCutPoints=6, doneSweepPoints=0, pathID=400000045).
2026-05-21T00:49:39.002332Z [ATTACK-EXCLUDE] [PRIOR][UAV] Resume searchSpeed scaled (factor=1.30, waypoints=1).
2026-05-21T00:49:39.003169Z [ATTACK-EXCLUDE] [PRIOR][UAV] Generated done/resume mission -> aircraft=4 IMP:800000085.json PATHS:400000059.json
2026-05-21T00:49:39.003700Z [ATTACK-EXCLUDE] [PRIOR][UAV] Resume sweep trim applied (cutPoints=11, rawCutPoints=11, doneSweepPoints=0, pathID=500000042).
2026-05-21T00:49:39.004214Z [ATTACK-EXCLUDE] [PRIOR][UAV] Resume searchSpeed scaled (factor=1.30, waypoints=1).
2026-05-21T00:49:39.004733Z [ATTACK-EXCLUDE] [PRIOR][UAV] Generated done/resume mission -> aircraft=5 IMP:800000087.json PATHS:500000053.json
2026-05-21T00:49:39.005350Z [ATTACK-EXCLUDE] [PRIOR][UAV] Resume sweep trim applied (cutPoints=4, rawCutPoints=4, doneSweepPoints=0, pathID=600000045).
2026-05-21T00:49:39.005720Z [ATTACK-EXCLUDE] [PRIOR][UAV] Resume searchSpeed scaled (factor=1.30, waypoints=1).
2026-05-21T00:49:39.006181Z [ATTACK-EXCLUDE] [PRIOR][UAV] Generated done/resume mission -> aircraft=6 IMP:800000088.json PATHS:600000056.json
2026-05-21T00:49:39.006616Z [ATTACK-EXCLUDE] 공격 배제 MissionPlan 저장 -> 700000460.json (planID=700000460)
2026-05-21T00:49:39.007069Z [ATTACK-EXCLUDE] ATTACK-EXCLUDE carried area remaining snapshot -> mission_area_snapshot_700000460.json (sourcePlanID=700000340, planID=700000460)
2026-05-21T00:49:39.321052Z [ATTACK] 공격 임무 계획 완료 (planIds=700000459)
2026-05-21T00:49:39.322066Z [INFO] UAV params loaded (cruise=40.00, turn_step=15.0)
2026-05-21T00:49:39.322742Z [INFO] Latest input snapshot → 0201:ID=1,ts=832638838505,src=-, 0203:ID=1,ts=832638838538,src=-
2026-05-21T00:49:39.323242Z [STEP 0] Using latest 0201 ID 1 (1.json)
2026-05-21T00:49:39.323679Z [STEP 0] Using latest 0203 ID 1 (1.json)
2026-05-21T00:49:39.324089Z [CHECK] 0201/0203 필수 데이터 확인 시작
2026-05-21T00:49:39.324476Z [OK] 0201 inputMissionList 확인됨 (count=3) → 진행
2026-05-21T00:49:39.324861Z [OK] 0201 availableAircraftList 확인됨 (count=6) → 진행
2026-05-21T00:49:39.325236Z [OK] 0201 inputMissionPackageType=1 확인
2026-05-21T00:49:39.325608Z [OK] 0201 mainSensor=1 확인
2026-05-21T00:49:39.325978Z [CHECK] 0201 기체 수=6 (UAV=3, LAH=3)
2026-05-21T00:49:39.326348Z [CHECK] 0201 임무: total=3 missingID=0 missingDetail=0 missingShape=0 unknownType=0 typeZeroAuto=0 typeZeroInvalid=0 lineOnlyViolation=0 skippedSinglePoint=0
2026-05-21T00:49:39.326750Z [OK] 0203 takeOverInfoList 확인됨 (count=3) → 진행
2026-05-21T00:49:39.327120Z [OK] 0203 handOverInfoList 확인됨 (count=3) → 진행
2026-05-21T00:49:39.327484Z [OK] 0203 flightAreaList 확인됨 (count=1) → 진행
2026-05-21T00:49:39.327845Z [CHECK] 0203 flightAreaList count=1
2026-05-21T00:49:39.328207Z [INFO] 임무 진행영역 스냅샷 적용: sourcePlan=700000340, updated=2, done=0
2026-05-21T00:49:39.328606Z [INFO] 임무 진행영역 재계획 collapse 적용: groups=2, normalized=2, 3
2026-05-21T00:49:39.329107Z [INFO] Filtered completed input missions (removed=1, converted=-, widthAdjusted=-, skippedSinglePoint=-, snapshot=updated=2, done=0, collapse=groups=2, normalized=2,3)
2026-05-21T00:49:39.329472Z [REPLAN][TIME] variant_started_ms=6779.1 wall_ms=1779324579001 variant=1 option=3 mode=attack_exclusion
2026-05-21T00:49:39.329834Z [variant 1] 공격 배제 병렬 결과 병합
2026-05-21T00:49:39.330199Z [REPLAN][TIME] attack_exclusion_parallel_joined_ms=6785.2 wall_ms=1779324579007 variant=1 duration_ms=2774.003 wait_ms=0.008
2026-05-21T00:49:39.330561Z [OK] 공격 배제 variant 저장: MissionPlanID=700000460 (elapsed=2774.0 ms)
2026-05-21T00:49:39.330921Z [INFO] Option mapping #1: planID=700000460, optionCode=3(공격배제)
2026-05-21T00:49:39.331310Z [REPLAN][TIME] variant_finished_ms=6785.4 wall_ms=1779324579007 variant=1 option=3 mode=attack_exclusion status=success duration_ms=2774.003
2026-05-21T00:49:39.331670Z [OK] Stored mission data: MissionPlan=1, IndividualMission=0, FlightPath=0
2026-05-21T00:49:39.332054Z [REPLAN][TIME] id_tab_update_deferred_ms=6786.2 wall_ms=1779324579008
2026-05-21T00:49:39.332424Z [REPLAN][TIME] pipeline_done_ms=6786.2 wall_ms=1779324579008 plans=2 force_direct=False
2026-05-21T00:49:39.332797Z [REPLAN][TIME] 0301_queued_ms=6786.3 wall_ms=1779324579008 plans=2
2026-05-21T00:49:39.333177Z [STEP 4] 0301 push queued (planIds=700000459, 700000460)
2026-05-21T00:49:39.334911Z [0301] missionPlanID=700000459 전송
2026-05-21T00:49:39.336638Z [0301] missionPlanID=700000460 전송
2026-05-21T00:49:39.337519Z [PUSH] 0301 direct batch send
2026-05-21T00:49:39.338074Z [REPLAN][TIME] 0301_sent_ms=7115.7 wall_ms=1779324579337 plans=2
2026-05-21T00:49:39.338673Z [REPLAN][TIME] post_0301_delivery_queued_ms=7116.3 wall_ms=1779324579338 grace_ms=0 timeout_ms=20 force_direct=0 mode=option_or_0901
2026-05-21T00:49:39.339189Z [INFO] Post-0301 apply queued (mode=option_or_0901, grace=0ms, timeout=20ms, plans=2)
2026-05-21T00:49:39.341696Z [REPLAN][TIME] 0305_status_2_ms=7119.3 wall_ms=1779324579341 reason=표적65 등 3개 발견
2026-05-21T00:49:39.342255Z [0305] status=2, reason=표적65 등 3개 발견, elapsed=7.11s 전송
2026-05-21T00:49:39.342842Z [REPLAN][TIME] post_0301_completion_ready_ms=7120.4 wall_ms=1779324579342 mode=option_or_0901
2026-05-21T00:49:39.343438Z [REPLAN][METRIC] source_artifact_cache entries=24 hits=42 misses=24
2026-05-21T00:49:39.370538Z [INFO] Post-0301 ready (timeout) -> sending 0901
2026-05-21T00:49:39.371178Z [REPLAN][TIME] post_0301_flushed_ms=7148.8 wall_ms=1779324579371 delivery=0901 trigger=timeout
2026-05-21T00:49:39.374281Z [REPLAN][TIME] 0901_sent_ms=7151.9 wall_ms=1779324579374 options=2
2026-05-21T00:49:39.374848Z [0901] option request sent (count=2, codes=2(공격특화), 3(공격배제))
2026-05-21T00:49:39.375382Z [REPLAN][TIME] id_tab_update_flushed_ms=7153.0 wall_ms=1779324579375
2026-05-21T00:54:40.224545Z [REPLAN][TIME] 0902_received_ms=0.3 wall_ms=1779324880224 trigger=attack_2_option replanLevel=2 optionCount=2 forceDirect=0
2026-05-21T00:54:40.225751Z [REPLAN][TIME] 0902_archived_ms=1.6 wall_ms=1779324880225 path=replan_request_832640079209.json
2026-05-21T00:54:40.226350Z [AUTO] 0902 received (planIds=700000461, 700000462)
2026-05-21T00:54:40.227084Z [REPLAN][TIME] pipeline_scheduled_ms=3.0 wall_ms=1779324880226 delay_ms=0
2026-05-21T00:54:40.228290Z [REPLAN][TIME] scheduled_start_ms=4.2 wall_ms=1779324880228
2026-05-21T00:54:40.230974Z [REPLAN][TIME] 0305_status_1_ms=6.9 wall_ms=1779324880230 reason=표적66 발견 재계획
2026-05-21T00:54:40.231644Z [0305] status=1, reason=표적66 발견 재계획 전송
2026-05-21T00:54:40.236836Z [INFO] Using latest 0203 ID 1 for missionReferencePackageID (fallback)
2026-05-21T00:54:40.238127Z [STEP 0] Replan pipeline start (reason=표적66 발견 재계획)
2026-05-21T00:54:40.238877Z [REPLAN][TIME] attack_exclusion_parallel_started_ms=13.3 wall_ms=1779324880237 option_index=2 sourcePlanID=700000460
2026-05-21T00:54:40.239555Z [ATTACK-EXCLUDE] parallel generation started (sourcePlanID=700000460, optionIndex=2)
2026-05-21T00:54:40.240302Z [ATTACK] 공격 특화 재계획 요청 감지 → 전용 파이프라인 실행
2026-05-21T00:54:40.249561Z [ATTACK] [TIME] select_manned_aircraft=12ms
2026-05-21T00:54:40.250365Z [ATTACK] STEP1 Selected manned aircraft: aircraft 2 (fuel=1200.0, coord=(37.722660064697266, 128.1003875732422, alt=1200))
2026-05-21T00:54:40.252355Z [ATTACK] [TIME] load_target_entries=1ms
2026-05-21T00:54:40.253060Z [ATTACK] STEP2 UAV tracking summary: watcher 4?’target 66, watcher 5?’target 57, watcher 4?’target 58, watcher 4?’target 63, watcher 4?’target unknown-16, watcher 4?’target unknown-2, watcher 4?’target unknown-4, watcher 4?’target unknown-5, watcher 4?’target unknown-8, watcher 5?’target unknown-1, watcher 5?’target unknown-11, watcher 5?’target unknown-18, watcher 5?’target unknown-19, watcher 5?’target unknown-3, watcher 5?’target unknown-6, watcher 5?’target unknown-9, watcher 6?’target unknown-10, watcher 6?’target unknown-13, watcher 6?’target unknown-14, watcher 6?’target unknown-15, watcher 6?’target unknown-17, watcher 6?’target unknown-7, watcher 4?’target 53, watcher 6?’target 54, watcher 4?’target 55, watcher 5?’target 56, watcher 6?’target 59, watcher 4?’target 59, watcher 5?’target 60, watcher 6?’target 61, watcher 6?’target 62, watcher 5?’target 64, watcher 4?’target 64, watcher 6?’target 65
2026-05-21T00:54:40.253882Z [ATTACK] STEP2.5 Using bundled 0402 targets: target=66 watcher=4
2026-05-21T00:54:40.259151Z [ATTACK] [ATTACK] Selected target id=66 type=1 weaponType=2 (preferred=2, ammo={'type1': 500, 'type2': 7, 'type3': 2})
2026-05-21T00:54:40.271107Z [ATTACK] [TIME] compute_attack_point=11ms
2026-05-21T00:54:40.272007Z [ATTACK] STEP3 Attack plan completed: lat=37.897942, lon=128.172425, alt=960m
2026-05-21T00:54:40.278414Z [ATTACK] [ATTACK] Weapon choice aircraft=2 preferred=2 selected=2 ammo={'type1': 500, 'type2': 7, 'type3': 2}
2026-05-21T00:54:40.279047Z [ATTACK] [ATTACK][ETA] Tracking ETA computed with LAH max attack speed (dist=20492.1m, speed=73.61m/s, +30s) -> 308s
2026-05-21T00:54:40.282591Z [ATTACK] [ATTACK] Using requested missionPlanID 700000461 (sourcePlanID=700000460)
2026-05-21T00:54:40.300688Z [ATTACK] [ATTACK][POINT] Primary target adaptive standoff mode=candidate_within_standoff currentDist=22492.088345220644m candidateDist=1999.9999999991476m standoff=300.0/2000.0m.
2026-05-21T00:54:40.312623Z [ATTACK] [PRIOR] Falling back to first mission for aircraft 5 (current waypoint not found in plan).
2026-05-21T00:54:40.318155Z [ATTACK] [ATTACK][ETA] UAV 6 remaining mission time: 0.0s
2026-05-21T00:54:40.318821Z [ATTACK] [ATTACK][ETA] Non-tracking UAV ETA selected: UAV 6 with 0s remaining
2026-05-21T00:54:40.319448Z [ATTACK] [ATTACK][ETA] All tracking ETAs unified to 0s
2026-05-21T00:54:40.333156Z [ATTACK] [ATTACK][COLLAB] Remaining UAV entry lookahead applied: 9.0s (pathFollow=2, linearFallback=4, currentOnly=0)
2026-05-21T00:54:40.334828Z [ATTACK] [PRIOR] Falling back to first mission for aircraft 2 (current waypoint not found in plan).
2026-05-21T00:54:41.559274Z [ATTACK] [ATTACK][LAH] Using max attack speed 73.61m/s (265.0km/h) for aircraft 2.
2026-05-21T00:54:41.560625Z [ATTACK] [ATTACK][LAH] Inferred current waypoint from position -> 79.
2026-05-21T00:54:41.561809Z [ATTACK] [ATTACK][LAH] Dropped current waypoint from resume path (currentWP=79, nextWP=80).
2026-05-21T00:54:43.703522Z [ATTACK] [ATTACK][LAH] Preserved completed prefix, inserted attack, and reattached 2 follow-up mission(s).
2026-05-21T00:54:43.713893Z [ATTACK] [ATTACK][LAH] Generated attack/resume missions -> IMP:800000095.json PATHS:200000045.json/200000046.json (followUps=2)
2026-05-21T00:54:43.715446Z [ATTACK] [PRIOR] Falling back to first mission for aircraft 1 (current waypoint not found in plan).
2026-05-21T00:54:43.794799Z [ATTACK] [ATTACK][LAH] Inferred current waypoint from position -> 73.
2026-05-21T00:54:43.796085Z [ATTACK] [ATTACK][LAH] Dropped current waypoint from resume path (currentWP=73, nextWP=74).
2026-05-21T00:54:46.036451Z [ATTACK] [ATTACK][LAH] Preserved completed prefix, inserted hold, and reattached 2 follow-up mission(s).
2026-05-21T00:54:46.046911Z [ATTACK] [ATTACK][LAH] Generated hold/resume missions -> IMP:800000098.json PATHS:100000041.json/100000042.json (followUps=2)
2026-05-21T00:54:46.049264Z [ATTACK] [PRIOR] Falling back to first mission for aircraft 3 (current waypoint not found in plan).
2026-05-21T00:54:46.082762Z [ATTACK] [ATTACK][LAH] Inferred current waypoint from position -> 85.
2026-05-21T00:54:46.083633Z [ATTACK] [ATTACK][LAH] Dropped current waypoint from resume path (currentWP=85, nextWP=86).
2026-05-21T00:54:47.286950Z [ATTACK] [ATTACK][LAH] Preserved completed prefix, inserted hold, and reattached 2 follow-up mission(s).
2026-05-21T00:54:47.294274Z [ATTACK] [ATTACK][LAH] Generated hold/resume missions -> IMP:800000101.json PATHS:300000042.json/300000043.json (followUps=2)
2026-05-21T00:54:47.296572Z [ATTACK] [NEXTCOLLAB] division planner area-division pieces=2
2026-05-21T00:54:47.297208Z [ATTACK] [NEXTCOLLAB] division planner final workflow=no_split paths=2
2026-05-21T00:54:47.297810Z [ATTACK] [ATTACK][COLLAB] Collaborative replacement IMP written (aircraft=5, imp=800000099.json, missions=1).
2026-05-21T00:54:47.298438Z [ATTACK] [ATTACK][COLLAB] Collaborative replacement IMP written (aircraft=6, imp=800000100.json, missions=1).
2026-05-21T00:54:47.299035Z [ATTACK] [ATTACK][COLLAB] First sweep searchSpeed boosted (aircraft=5, pathID=500000059, waypointID=624, factor=1.30, old=705.92, new=917.69).
2026-05-21T00:54:47.299571Z [ATTACK] [ATTACK][COLLAB] First sweep searchSpeed boosted (aircraft=6, pathID=600000062, waypointID=636, factor=1.30, old=735.37, new=955.97).
2026-05-21T00:54:47.300410Z [ATTACK] [ATTACK][COLLAB] Collaborative remaining mission replanned (inputMissionID=2, unavailable=[4], remaining=[5, 6], workflow=no_split).
2026-05-21T00:54:47.311297Z [ATTACK] [ATTACK][UAV] Tracking target altitude kept for sensor only; flight altitude replaced 660m -> 1868m.
2026-05-21T00:54:47.556343Z [ATTACK] [ATTACK][UAV] Source path has a single waypoint; preserving it as done and skipping done/resume split.
2026-05-21T00:54:47.985065Z [ATTACK] [ATTACK][COLLAB] Tracking UAV resume replaced with release transit (aircraft=4, targetFinishEta=60, speed=58.0m/s).
2026-05-21T00:54:47.987393Z [ATTACK] [ATTACK][UAV] Preserved completed prefix, inserted tracking, and reattached 1 follow-up mission(s).
2026-05-21T00:54:48.049644Z [ATTACK] [ATTACK][UAV] Generated tracking/resume missions -> IMP:800000102.json PATHS:400000069.json/400000070.json (followUps=1)
2026-05-21T00:54:48.059814Z [ATTACK] [ATTACK][UAV] Tracking assignment state saved (aircraft=4, sourcePlan=700000460, attackPlan=700000461).
2026-05-21T00:54:48.060666Z [ATTACK] [PRIOR] Falling back to first mission for aircraft 5 (current waypoint not found in plan).
2026-05-21T00:54:48.061619Z [ATTACK] [ATTACK][COLLAB] Aircraft 5 handled by collaborative remaining replan (inputMissionID=2).
2026-05-21T00:54:48.062584Z [ATTACK] [ATTACK][COLLAB] Aircraft 6 handled by collaborative remaining replan (inputMissionID=2).
2026-05-21T00:54:48.075491Z [ATTACK] [ATTACK][PLAN] carried area remaining snapshot -> mission_area_snapshot_700000461.json (sourcePlanID=700000460, planID=700000461)
2026-05-21T00:54:48.076109Z [ATTACK] [ATTACK][PLAN] MissionPlan saved -> 700000461.json (planID=700000461)
2026-05-21T00:54:48.077217Z [ATTACK] [ATTACK][TIME] override_detail={"phases": {"metadata_normalize": {"elapsedMs": 0.006, "attackTargetCount": 1, "selectedMannedCount": 1}, "agent_index": {"elapsedMs": 0.119, "aircraftCount": 6}, "weapon_choice": {"elapsedMs": 5.171, "selectedWeaponType": 2, "ammoAvailable": true}, "initial_tracking_eta": {"elapsedMs": 0.573, "useDetectionTracking": true, "trackingEtaS": 308}, "resolve_source_plan": {"elapsedMs": 1.723, "sourcePlanID": 700000460}, "source_plan_load": {"elapsedMs": 0.459, "sourcePlanID": 700000460, "aircraftCount": 6}, "sweep_progress_load": {"elapsedMs": 0.659, "entries": 30}, "plan_id_resolve": {"elapsedMs": 0.024, "requested": true, "missionPlanID": 700000461}, "source_artifact_cache_build": {"elapsedMs": 0.014, "aircraftEntries": 6}, "done_input_ids_load": {"elapsedMs": 1.574, "count": 1}, "plan_deepcopy": {"elapsedMs": 0.068}, "target_uav_assignment": {"elapsedMs": 8.229, "assignedTargetCount": 1, "usedTrackingUavCount": 1}, "manned_sequence_assignment": {"elapsedMs": 5.271, "aircraftCount": 1, "error": null}, "attack_coordinate_resolution": {"elapsedMs": 2.964, "resolvedCount": 1, "mannedSequenceCount": 1}, "remaining_eta": {"elapsedMs": 17.925, "allUavCount": 3, "trackingUavCount": 1, "computedEtaCount": 1, "adjustedEtaS": 0}, "descriptor_list_build": {"elapsedMs": 0.041, "descriptorCount": 6, "activeMannedCount": 1, "otherLahCount": 2, "otherUavCount": 2}, "collab_tracking_scan": {"elapsedMs": 1.835, "inputCount": 1, "unavailableUavCount": 1}, "collab_agent_state_map": {"elapsedMs": 11.805, "aircraftCount": 6}, "collab_parallel_started": {"elapsedMs": 0.778, "inputCount": 1, "workers": 1}, "collab_parallel_join": {"elapsedMs": 7.35, "waitReason": "UAV_TRACK", "inputCount": 1}, "descriptor_loop": {"elapsedMs": 7729.077, "descriptorCount": 6, "updateCount": 4}, "final_collab_plan_update": {"elapsedMs": 0.016, "collabInputCount": 1}, "mission_plan_write": {"elapsedMs": 12.809, "missionPlanID": 700000461}, "option_meta_build": {"elapsedMs": 0.047, "targetCount": 1, "collabInputCount": 1}}, "collabRuns": [{"inputMissionID": 2, "unavailableAircraftIDs": [4], "elapsedMs": 5134.936, "status": "ok", "replacementAircraftIDs": [5, 6], "generatedPathCount": 2, "finishEtaS": 60, "workflow": "no_split"}], "descriptorDetails": [{"aircraftID": 2, "label": "manned", "mode": "LAH_ATTACK", "resolveArtifacts": {"elapsedMs": 0.784, "currentWaypointID": null, "sourcePathID": 200000001, "sourceImpID": 800000008}, "loadArtifacts": {"elapsedMs": 0.005, "impLoaded": true, "fpLoaded": true}, "cloneAndLocateMission": {"elapsedMs": 0.104, "missionCount": 3, "targetIndex": 0}, "allocateAndPlanUpdate": {"elapsedMs": 27.142, "newImpID": 800000095}, "builder": {"elapsedMs": 3352.467, "builderMode": "LAH_ATTACK"}, "builderDetail": {"allocate_ids": {"elapsedMs": 1194.656, "attackPathID": 200000045, "resumePathID": 200000046, "attackIndividualID": 900000260, "resumeIndividualID": 900000261, "entryWaypointID": 612, "attackWaypointID": 613}, "split_lah_resume": {"elapsedMs": 746.257, "resumeWaypointCount": 1, "removedWaypointID": 79}, "clone_followups": {"elapsedMs": 1082.33, "followUpMissionCount": 2, "followUpPathCount": 2}, "payload_build": {"elapsedMs": 314.222, "hasResume": true, "followUpMissionCount": 2, "attackSpeedMps": 73.61}, "write_json": {"elapsedMs": 7.398, "fileCount": 5}, "totalMs": 3350.73}, "status": "ok", "elapsedMs": 3380.642}, {"aircraftID": 1, "label": "lah_hold_1", "mode": "LAH_HOLD_RESUME", "resolveArtifacts": {"elapsedMs": 1.373, "currentWaypointID": null, "sourcePathID": 100000001, "sourceImpID": 800000007}, "loadArtifacts": {"elapsedMs": 0.006, "impLoaded": true, "fpLoaded": true}, "cloneAndLocateMission": {"elapsedMs": 0.153, "missionCount": 3, "targetIndex": 0}, "allocateAndPlanUpdate": {"elapsedMs": 9.355, "newImpID": 800000098}, "builder": {"elapsedMs": 2323.01, "builderMode": "LAH_HOLD_RESUME"}, "builderDetail": {"allocate_ids": {"elapsedMs": 63.668, "holdPathID": 100000041, "resumePathID": 100000042, "holdIndividualID": 900000270, "resumeIndividualID": 900000271}, "split_lah_resume": {"elapsedMs": 1609.121, "resumeWaypointCount": 1, "removedWaypointID": 73}, "clone_followups": {"elapsedMs": 444.328, "followUpMissionCount": 2, "followUpPathCount": 2}, "payload_build": {"elapsedMs": 637.366, "hasResume": true, "followUpMissionCount": 2}, "write_json": {"elapsedMs": 8.623, "fileCount": 5}, "totalMs": 2322.946}, "status": "ok", "elapsedMs": 2334.042}, {"aircraftID": 3, "label": "lah_hold_3", "mode": "LAH_HOLD_RESUME", "resolveArtifacts": {"elapsedMs": 0.774, "currentWaypointID": null, "sourcePathID": 300000001, "sourceImpID": 800000009}, "loadArtifacts": {"elapsedMs": 0.009, "impLoaded": true, "fpLoaded": true}, "cloneAndLocateMission": {"elapsedMs": 0.202, "missionCount": 3, "targetIndex": 0}, "allocateAndPlanUpdate": {"elapsedMs": 7.384, "newImpID": 800000101}, "builder": {"elapsedMs": 1238.739, "builderMode": "LAH_HOLD_RESUME"}, "builderDetail": {"allocate_ids": {"elapsedMs": 24.805, "holdPathID": 300000042, "resumePathID": 300000043, "holdIndividualID": 900000274, "resumeIndividualID": 900000275}, "split_lah_resume": {"elapsedMs": 603.652, "resumeWaypointCount": 1, "removedWaypointID": 85}, "clone_followups": {"elapsedMs": 378.838, "followUpMissionCount": 2, "followUpPathCount": 2}, "payload_build": {"elapsedMs": 600.652, "hasResume": true, "followUpMissionCount": 2}, "write_json": {"elapsedMs": 5.61, "fileCount": 5}, "totalMs": 1238.688}, "status": "ok", "elapsedMs": 1247.28}, {"aircraftID": 4, "label": "uav_tracking_4", "mode": "UAV_TRACK", "resolveArtifacts": {"elapsedMs": 0.03, "currentWaypointID": 564, "sourcePathID": 400000059, "sourceImpID": 800000085}, "loadArtifacts": {"elapsedMs": 0.005, "impLoaded": true, "fpLoaded": true}, "cloneAndLocateMission": {"elapsedMs": 0.193, "missionCount": 2, "targetIndex": 0}, "allocateAndPlanUpdate": {"elapsedMs": 6.972, "newImpID": 800000102}, "builder": {"elapsedMs": 739.368, "builderMode": "UAV_TRACK"}, "builderDetail": {"allocate_ids": {"elapsedMs": 241.751, "donePathID": 400000068, "attackPathID": 400000069, "resumePathID": 400000070, "trackingIndividualID": 900000278, "resumeIndividualID": 900000279, "targetWaypointID": 651}, "split_done_resume": {"elapsedMs": 1.159, "sourceSinglePoint": true, "doneWaypointCount": 1, "resumeWaypointCount": 0, "removedWaypointID": 564}, "clone_followups": {"elapsedMs": 222.97, "followUpMissionCount": 1, "followUpPathCount": 1}, "release_resume": {"elapsedMs": 204.825, "releaseWaypointCount": 2, "targetFinishEtaS": 60}, "write_json": {"elapsedMs": 60.28, "fileCount": 5}, "totalMs": 736.549}, "trackingState": {"elapsedMs": 9.179}, "status": "ok", "elapsedMs": 756.651}, {"aircraftID": 5, "label": "uav_resume_5", "mode": "UAV_RESUME", "resolveArtifacts": {"elapsedMs": 0.676, "currentWaypointID": 474, "sourcePathID": 500000053, "sourceImpID": 800000087}, "loadArtifacts": {"elapsedMs": 0.006, "impLoaded": true, "fpLoaded": true}, "cloneAndLocateMission": {"elapsedMs": 0.219, "missionCount": 2, "targetIndex": 0}, "status": "handled_by_collab", "elapsedMs": 1.588}, {"aircraftID": 6, "label": "uav_resume_6", "mode": "UAV_RESUME", "resolveArtifacts": {"elapsedMs": 0.022, "currentWaypointID": 580, "sourcePathID": 600000056, "sourceImpID": 800000088}, "loadArtifacts": {"elapsedMs": 0.005, "impLoaded": true, "fpLoaded": true}, "cloneAndLocateMission": {"elapsedMs": 0.205, "missionCount": 2, "targetIndex": 0}, "status": "handled_by_collab", "elapsedMs": 0.893}], "totalMs": 7796}
2026-05-21T00:54:48.077781Z [ATTACK] [ATTACK][TIME] override_total=7796ms
2026-05-21T00:54:48.078491Z [ATTACK] [TIME] apply_attack_plan_overrides=7806ms
2026-05-21T00:54:48.087085Z [ATTACK] [TIME] timingMs={"read_source": 15.5, "descriptor_build": 6.146, "write_artifacts": 7820.376, "delivery_wait": 8.008}
2026-05-21T00:54:48.087728Z [ATTACK] [TIME] total=7851ms
2026-05-21T00:54:48.092867Z [ATTACK] 분석 로그 저장: C:\Users\TRL98\Desktop\LAH_MUMT\Logs\Scenario_2026-05-21T085327\SBC3\DSS_Internal\log_attack_algorithm_20260521T005448_088450.json
2026-05-21T00:54:48.103801Z [ATTACK] mark target used: targetIDs=66
2026-05-21T00:54:48.120225Z [ATTACK-EXCLUDE] ATTACK-EXCLUDE using requested missionPlanID 700000462 (sourcePlanID=700000460)
2026-05-21T00:54:48.120827Z [ATTACK-EXCLUDE] [PRIOR][UAV] Resume sweep trim applied (cutPoints=7, rawCutPoints=7, doneSweepPoints=0, pathID=400000059).
2026-05-21T00:54:48.121398Z [ATTACK-EXCLUDE] [PRIOR][UAV] Resume searchSpeed scaled (factor=1.30, waypoints=1).
2026-05-21T00:54:48.121871Z [ATTACK-EXCLUDE] [PRIOR][UAV] Generated done/resume mission -> aircraft=4 IMP:800000094.json PATHS:400000066.json
2026-05-21T00:54:48.122339Z [ATTACK-EXCLUDE] UAV 5 resume source adjusted 700000460 -> 700000340 (matched waypoint 474).
2026-05-21T00:54:48.122800Z [ATTACK-EXCLUDE] [PRIOR][UAV] Resume sweep trim applied (cutPoints=50, rawCutPoints=50, doneSweepPoints=0, pathID=500000042).
2026-05-21T00:54:48.123284Z [ATTACK-EXCLUDE] [PRIOR][UAV] Resume path became empty for aircraft 5; skipping update.
2026-05-21T00:54:48.123734Z [ATTACK-EXCLUDE] UAV 5 resume 임무 생성에 실패하여 기존 개별임무를 유지합니다.
2026-05-21T00:54:48.124210Z [ATTACK-EXCLUDE] [PRIOR][UAV] Resume sweep trim applied (cutPoints=8, rawCutPoints=8, doneSweepPoints=0, pathID=600000056).
2026-05-21T00:54:48.124916Z [ATTACK-EXCLUDE] [PRIOR][UAV] Resume searchSpeed scaled (factor=1.30, waypoints=1).
2026-05-21T00:54:48.125404Z [ATTACK-EXCLUDE] [PRIOR][UAV] Generated done/resume mission -> aircraft=6 IMP:800000097.json PATHS:600000064.json
2026-05-21T00:54:48.125881Z [ATTACK-EXCLUDE] 공격 배제 MissionPlan 저장 -> 700000462.json (planID=700000462)
2026-05-21T00:54:48.126363Z [ATTACK-EXCLUDE] ATTACK-EXCLUDE carried area remaining snapshot -> mission_area_snapshot_700000462.json (sourcePlanID=700000460, planID=700000462)
2026-05-21T00:54:48.499241Z [ATTACK] 공격 임무 계획 완료 (planIds=700000461)
2026-05-21T00:54:48.500353Z [INFO] UAV params loaded (cruise=40.00, turn_step=15.0)
2026-05-21T00:54:48.501045Z [INFO] Latest input snapshot → 0201:ID=1,ts=832638838505,src=-, 0203:ID=1,ts=832638838538,src=-
2026-05-21T00:54:48.501611Z [STEP 0] Using latest 0201 ID 1 (1.json)
2026-05-21T00:54:48.502126Z [STEP 0] Using latest 0203 ID 1 (1.json)
2026-05-21T00:54:48.502621Z [CHECK] 0201/0203 필수 데이터 확인 시작
2026-05-21T00:54:48.503185Z [OK] 0201 inputMissionList 확인됨 (count=3) → 진행
2026-05-21T00:54:48.503741Z [OK] 0201 availableAircraftList 확인됨 (count=6) → 진행
2026-05-21T00:54:48.504280Z [OK] 0201 inputMissionPackageType=1 확인
2026-05-21T00:54:48.504762Z [OK] 0201 mainSensor=1 확인
2026-05-21T00:54:48.505275Z [CHECK] 0201 기체 수=6 (UAV=3, LAH=3)
2026-05-21T00:54:48.505767Z [CHECK] 0201 임무: total=3 missingID=0 missingDetail=0 missingShape=0 unknownType=0 typeZeroAuto=0 typeZeroInvalid=0 lineOnlyViolation=0 skippedSinglePoint=0
2026-05-21T00:54:48.506344Z [OK] 0203 takeOverInfoList 확인됨 (count=3) → 진행
2026-05-21T00:54:48.506878Z [OK] 0203 handOverInfoList 확인됨 (count=3) → 진행
2026-05-21T00:54:48.507379Z [OK] 0203 flightAreaList 확인됨 (count=1) → 진행
2026-05-21T00:54:48.507914Z [CHECK] 0203 flightAreaList count=1
2026-05-21T00:54:48.508448Z [INFO] 임무 진행영역 스냅샷 적용: sourcePlan=700000460, updated=2, done=0
2026-05-21T00:54:48.508968Z [INFO] 임무 진행영역 재계획 collapse 적용: groups=2, normalized=2, 3
2026-05-21T00:54:48.509614Z [INFO] Filtered completed input missions (removed=1, converted=-, widthAdjusted=-, skippedSinglePoint=-, snapshot=updated=2, done=0, collapse=groups=2, normalized=2,3)
2026-05-21T00:54:48.510222Z [REPLAN][TIME] variant_started_ms=7896.6 wall_ms=1779324888120 variant=1 option=3 mode=attack_exclusion
2026-05-21T00:54:48.510752Z [variant 1] 공격 배제 병렬 결과 병합
2026-05-21T00:54:48.511390Z [REPLAN][TIME] attack_exclusion_parallel_joined_ms=7903.3 wall_ms=1779324888126 variant=1 duration_ms=4384.847 wait_ms=0.01
2026-05-21T00:54:48.511963Z [OK] 공격 배제 variant 저장: MissionPlanID=700000462 (elapsed=4384.8 ms)
2026-05-21T00:54:48.512525Z [INFO] Option mapping #1: planID=700000462, optionCode=3(공격배제)
2026-05-21T00:54:48.513118Z [REPLAN][TIME] variant_finished_ms=7903.5 wall_ms=1779324888126 variant=1 option=3 mode=attack_exclusion status=success duration_ms=4384.847
2026-05-21T00:54:48.513664Z [OK] Stored mission data: MissionPlan=1, IndividualMission=0, FlightPath=0
2026-05-21T00:54:48.514370Z [REPLAN][TIME] id_tab_update_deferred_ms=7904.3 wall_ms=1779324888127
2026-05-21T00:54:48.514927Z [REPLAN][TIME] pipeline_done_ms=7904.4 wall_ms=1779324888127 plans=2 force_direct=False
2026-05-21T00:54:48.515529Z [REPLAN][TIME] 0301_queued_ms=7904.4 wall_ms=1779324888127 plans=2
2026-05-21T00:54:48.516066Z [STEP 4] 0301 push queued (planIds=700000461, 700000462)
2026-05-21T00:54:48.518414Z [0301] missionPlanID=700000461 전송
2026-05-21T00:54:48.520417Z [0301] missionPlanID=700000462 전송
2026-05-21T00:54:48.521453Z [PUSH] 0301 direct batch send
2026-05-21T00:54:48.522122Z [REPLAN][TIME] 0301_sent_ms=8298.5 wall_ms=1779324888521 plans=2
2026-05-21T00:54:48.522821Z [REPLAN][TIME] post_0301_delivery_queued_ms=8299.2 wall_ms=1779324888522 grace_ms=0 timeout_ms=20 force_direct=0 mode=option_or_0901
2026-05-21T00:54:48.523435Z [INFO] Post-0301 apply queued (mode=option_or_0901, grace=0ms, timeout=20ms, plans=2)
2026-05-21T00:54:48.525948Z [REPLAN][TIME] 0305_status_2_ms=8302.3 wall_ms=1779324888525 reason=표적66 발견 재계획
2026-05-21T00:54:48.526843Z [0305] status=2, reason=표적66 발견 재계획, elapsed=8.30s 전송
2026-05-21T00:54:48.527578Z [REPLAN][TIME] post_0301_completion_ready_ms=8304.0 wall_ms=1779324888527 mode=option_or_0901
2026-05-21T00:54:48.528107Z [REPLAN][METRIC] source_artifact_cache entries=39 hits=44 misses=39
2026-05-21T00:54:48.558287Z [INFO] Post-0301 ready (timeout) -> sending 0901
2026-05-21T00:54:48.559064Z [REPLAN][TIME] post_0301_flushed_ms=8335.4 wall_ms=1779324888558 delivery=0901 trigger=timeout
2026-05-21T00:54:48.562373Z [REPLAN][TIME] 0901_sent_ms=8338.7 wall_ms=1779324888562 options=2
2026-05-21T00:54:48.563083Z [0901] option request sent (count=2, codes=2(공격특화), 3(공격배제))
2026-05-21T00:54:48.563780Z [REPLAN][TIME] id_tab_update_flushed_ms=8340.2 wall_ms=1779324888563
2026-05-21T00:56:31.136975Z [CTRL] GUI window shown after 250 ms
2026-05-21T00:57:08.658738Z [CTRL] GUI close intercepted -> hidden; process remains running
2026-05-21T01:02:42.651776Z [CTRL] GUI window shown after 250 ms
2026-05-21T01:02:48.431508Z [CONFIG] 알고리즘 설정 적용 (cruise=40.0m/s, turn_step=15.0°, areaMode=vertical, areaSplit=single_stage, uavPlan=dub_path, autoFovDb=True)
2026-05-21T01:02:50.222720Z [CTRL] GUI close intercepted -> hidden; process remains running
2026-05-21T01:03:01.430032Z [INFO] Latest 0201 ID updated → 2
2026-05-21T01:03:01.741962Z [REPLAN][TIME] 0902_received_ms=0.3 wall_ms=1779325381741 trigger=general_3_option replanLevel=1 optionCount=3 forceDirect=0
2026-05-21T01:03:01.743295Z [REPLAN][TIME] 0902_archived_ms=1.7 wall_ms=1779325381743 path=replan_request_832640581513.json
2026-05-21T01:03:01.743976Z [AUTO] 0902 received (planIds=700000463, 700000464, 700000465)
2026-05-21T01:03:01.744717Z [REPLAN][TIME] pipeline_scheduled_ms=3.1 wall_ms=1779325381744 delay_ms=100
2026-05-21T01:03:01.745394Z [AUTO] replan pipeline scheduled after 0.1s delay
2026-05-21T01:03:01.851921Z [REPLAN][TIME] scheduled_start_ms=110.2 wall_ms=1779325381851
2026-05-21T01:03:01.854840Z [REPLAN][TIME] 0305_status_1_ms=113.2 wall_ms=1779325381854 reason=협업기저임무 재수행 요청
2026-05-21T01:03:01.855556Z [0305] status=1, reason=협업기저임무 재수행 요청 전송
2026-05-21T01:03:01.859077Z [INFO] Using latest 0203 ID 1 for missionReferencePackageID (fallback)
2026-05-21T01:03:01.859886Z [STEP 0] Replan pipeline start (reason=협업기저임무 재수행 요청)
2026-05-21T01:03:01.865162Z [INFO] UAV params loaded (cruise=40.00, turn_step=15.0)
2026-05-21T01:03:01.866118Z [INFO] Latest input snapshot → 0201:ID=2,ts=832640581415,src=-, 0203:ID=1,ts=832638838538,src=-
2026-05-21T01:03:01.866774Z [STEP 0] Using latest 0201 ID 2 (2.json)
2026-05-21T01:03:01.868432Z [STEP 0] Using latest 0203 ID 1 (1.json)
2026-05-21T01:03:01.874743Z [CHECK] 0201/0203 필수 데이터 확인 시작
2026-05-21T01:03:01.875667Z [OK] 0201 inputMissionList 확인됨 (count=4) → 진행
2026-05-21T01:03:01.876567Z [OK] 0201 availableAircraftList 확인됨 (count=6) → 진행
2026-05-21T01:03:01.877191Z [OK] 0201 inputMissionPackageType=1 확인
2026-05-21T01:03:01.878142Z [OK] 0201 mainSensor=1 확인
2026-05-21T01:03:01.878802Z [CHECK] 0201 기체 수=6 (UAV=3, LAH=3)
2026-05-21T01:03:01.879769Z [CHECK] 0201 임무: total=4 missingID=0 missingDetail=0 missingShape=0 unknownType=0 typeZeroAuto=0 typeZeroInvalid=0 lineOnlyViolation=0 skippedSinglePoint=0
2026-05-21T01:03:01.880638Z [OK] 0203 takeOverInfoList 확인됨 (count=3) → 진행
2026-05-21T01:03:01.881807Z [OK] 0203 handOverInfoList 확인됨 (count=3) → 진행
2026-05-21T01:03:01.882788Z [OK] 0203 flightAreaList 확인됨 (count=1) → 진행
2026-05-21T01:03:01.884516Z [CHECK] 0203 flightAreaList count=1
2026-05-21T01:03:01.885383Z [INFO] 임무 진행영역 스냅샷 미적용: sourcePlan=700000462, reason=fresh collabReexecuteInputRefresh trigger
2026-05-21T01:03:01.885971Z [INFO] 현재 임무 collaborative hybrid armed: inputMissionID=4, sourcePlan=700000462, mode=reexecute_first_mission, aircraft=[4, 5, 6], options=all
2026-05-21T01:03:01.886604Z [INFO] Filtered completed input missions (removed=1, 2, converted=-, widthAdjusted=-, skippedSinglePoint=-, snapshot=-, collapse=-)
2026-05-21T01:03:01.887186Z [REPLAN][TIME] parallel_safety_gate_ms=140.4 wall_ms=1779325381881 enabled=False workers=1 waypoint_block_size=50000 reasons=current_remaining_hybrid_active
2026-05-21T01:03:01.887701Z [INFO] 일반 재계획 옵션 병렬 생성 비활성화(safety gate): current_remaining_hybrid_active
2026-05-21T01:03:01.888208Z [variant 1] 일반 재계획 모드 적용
2026-05-21T01:03:01.888706Z [REPLAN][TIME] variant_started_ms=142.3 wall_ms=1779325381883 variant=1 option=6 mode=sequential
2026-05-21T01:03:01.889191Z [STEP 1.1] Divide & Pattern start
2026-05-21T01:03:01.898050Z [variant 1] [ENHANCED][1] split start: uavs=[4, 5, 6]
2026-05-21T01:03:01.906179Z [variant 1] [ENHANCED][1] split done: pieces=6
2026-05-21T01:03:01.912088Z [variant 1] [ENHANCED][2] type-decider done: profile=6 changed=6/6
2026-05-21T01:03:01.977294Z [variant 1] [ENHANCED][3] expected-path done: count=6
2026-05-21T01:03:01.987256Z [variant 1] [ENHANCED][4] area-review done: overflow=0 targets=0 pieces=6->6
2026-05-21T01:03:02.085598Z [variant 1] [ENHANCED][5] expected-velocity done: pieces=6 dbRows=7010
2026-05-21T01:03:02.211514Z [variant 1] [ENHANCED][6] 0302 export done: files=6
2026-05-21T01:03:02.212445Z [variant 1] [ENHANCED] total=327.2 ms
2026-05-21T01:03:02.213552Z [TIME] divide_and_pattern (variant=1): 327.4 ms
2026-05-21T01:03:02.214387Z [OK] IMP generated: 6 file(s) (variant=1)
2026-05-21T01:03:02.231870Z [TIME] build_0301+load (variant=1): 20.0 ms
2026-05-21T01:03:02.233110Z [OK] MissionPlan built: MissionPlan_1779325382211.json (variant=1)
2026-05-21T01:03:02.239376Z [TIME] collect_missions (variant=1): 7.3 ms, count=12
2026-05-21T01:03:02.240316Z [INFO] pathID mapping delayed until current remaining hybrid merge (variant=1)
2026-05-21T01:03:02.241538Z [variant 1] [REEXEC-FIRST] current-position first mission builder armed: sourcePlan=700000462, inputMissionID=4, sourceTemplateInputID=2, aircraft=[4, 5, 6], entries=A4=37.9291828,128.1976767,alt=1869.0, A5=37.9258378,128.2181818,alt=1956.0, A6=37.9302734,128.1746798,alt=1966.0
2026-05-21T01:03:02.264299Z [variant 1] [REEXEC-FIRST] division planner area-division pieces=3
2026-05-21T01:03:02.548312Z [variant 1] [REEXEC-FIRST] division planner final workflow=no_split paths=3
2026-05-21T01:03:04.631436Z [variant 1] current remaining generic 0303 skipped: inputMissionID=4, missions=3, aircraft=[4, 5, 6], pathIDs=[400000001, 500000001, 600000001]
2026-05-21T01:03:07.352464Z [INFO] FlightPath build mode (variant=1): 0303=aircraft_parallel workers=2 aircraft=3, 0304=sequential
2026-05-21T01:03:07.353898Z [REPLAN][METRIC] flightpath_build_0303 variant=1 option=6 recon=0 mode=sequential buildMode=aircraft_parallel workers=2 aircraft=3 paths=3 reassignedWaypoints=9 elapsed_ms=2501.581 fallback=- worker_ms=4:495.899|5:549.472|6:313.864
2026-05-21T01:03:07.354515Z [INFO] FlightPath build time: 0303=2501.6 ms, 0304=205.1 ms
2026-05-21T01:03:07.355076Z [variant 1] current remaining collaborative hybrid applied: inputMissionID=4, aircraft=[4, 5, 6], removedPaths=3, workflow=reexecute_first_mission:no_split
2026-05-21T01:03:07.442078Z [TIME] pathID_mapping (variant=1, current_remaining): 86.1 ms
2026-05-21T01:03:07.443336Z [INFO] pathID mapping done after current remaining hybrid merge (variant=1)
2026-05-21T01:03:07.444532Z [INFO] Applied LAH-UAV ETA follow speed plan (variant=1)
2026-05-21T01:03:07.445313Z [INFO] FlightPath pathID enforced (variant=1): 0303=6, 0304=6
2026-05-21T01:03:07.456501Z [OK] FlightPath counts (variant=1): 0303=6 / 0304=6
2026-05-21T01:03:07.457290Z [REPLAN][METRIC] flightpath_counts variant=1 option=6 recon=0 mode=sequential paths0303=6 paths0304=6 pathsTotal=12 waypoints0303=16 waypoints0304=12 waypointsTotal=28 maxWaypointsPerPath=3 emptyPaths=0 formationPaths=0
2026-05-21T01:03:07.507834Z [TIME] build_0302 (variant=1): 43.2 ms, packages=6
2026-05-21T01:03:07.508878Z [INFO] FlightPath individualMissionID synced (variant=1): fixed=12
2026-05-21T01:03:07.515396Z [TIME] write_0302 (variant=1): 7.6 ms, files=6
2026-05-21T01:03:07.568568Z [TIME] write_FlightPath (variant=1): 41.9 ms, files=12
2026-05-21T01:03:07.569531Z [REPLAN][METRIC] flightpath_write variant=1 option=6 recon=0 mode=sequential files0303=6 files0304=6 filesTotal=12 write_ms=41.921
2026-05-21T01:03:07.571893Z [TIME] write_0301 (variant=1): 1.2 ms
2026-05-21T01:03:07.572576Z [OK] Stored variant 1: MissionPlanID=700000463, IMP=6, FlightPath=12
2026-05-21T01:03:07.573278Z [REPLAN][TIME] variant_finished_ms=5830.5 wall_ms=1779325387571 variant=1 option=6 mode=sequential status=success duration_ms=5688.143
2026-05-21T01:03:07.573883Z [TIME] variant_total (variant=1): 5688.1 ms
2026-05-21T01:03:07.574862Z [INFO] Option mapping #1: planID=700000463, optionCode=6(정찰/시간 균형)
2026-05-21T01:03:07.578839Z [variant 2] 정찰특화 전용 runtime 적용 (areaWidth=600.0m, areaFov=15.0deg, areaSep=500.0m, turnR=800.0m, splitCap=0, minSeg=0.0m)
2026-05-21T01:03:07.579819Z [REPLAN][TIME] variant_started_ms=5835.4 wall_ms=1779325387576 variant=2 option=4 mode=sequential
2026-05-21T01:03:07.582470Z [STEP 1.2] Divide & Pattern start
2026-05-21T01:03:07.585486Z [variant 2] [ENHANCED][1] split start: uavs=[4, 5, 6]
2026-05-21T01:03:07.591771Z [variant 2] [ENHANCED][1] split done: pieces=6
2026-05-21T01:03:07.592850Z [variant 2] [REPLAN][METRIC] recon_area_review_before option=4 pieces=6 areaPieces=3 maxSegmentM=600.000 maxSplitCountLimit=0 minSegmentM=0.000 fixedFovDeg=15.000 areaFovDeg=2.400 sweepSeparationM=500.000 sweepSeparationScale=0.500 turnRadiusM=800.000
2026-05-21T01:03:07.607920Z [variant 2] [REPLAN][METRIC] recon_area_review option=4 elapsed_ms=15.796 maxSegmentM=600.000 maxSplitCountLimit=0 minSegmentM=0.000 pieces_before=6 pieces_after=16 area_before=3 area_after=13 targets=3 localized=3 changed_details=3 detail_count=3 split_count_sum=13 raw_split_count_sum=13 max_split_count=5 max_raw_split_count=5 split_capped_count=0 max_projected_span_m=2497.311 max_total_len_m=0.000 max_segment_len_m=538.930 fixedFovDeg=15.000 areaFovDeg=2.400 sweepSeparationM=500.000 sweepSeparationScale=0.500 turnRadiusM=800.000 reasons=-
2026-05-21T01:03:07.613008Z [variant 2] [ENHANCED][1R] recon-area-review done: targets=3 localized=3 pieces=6->16
2026-05-21T01:03:07.618693Z [variant 2] [ENHANCED][2] type-decider done: profile=6 changed=16/16
2026-05-21T01:03:07.739271Z [variant 2] [ENHANCED][3] expected-path done: count=16
2026-05-21T01:03:07.750126Z [variant 2] [ENHANCED][4] area-review done: overflow=0 targets=0 pieces=16->16
2026-05-21T01:03:07.823258Z [variant 2] [ENHANCED][5] expected-velocity done: pieces=16 dbRows=7010
2026-05-21T01:03:07.924104Z [variant 2] [ENHANCED][6] 0302 export done: files=6
2026-05-21T01:03:07.925148Z [variant 2] [ENHANCED] total=346.9 ms
2026-05-21T01:03:07.926244Z [TIME] divide_and_pattern (variant=2): 347.2 ms
2026-05-21T01:03:07.927140Z [OK] IMP generated: 6 file(s) (variant=2)
2026-05-21T01:03:07.938481Z [TIME] build_0301+load (variant=2): 14.1 ms
2026-05-21T01:03:07.940091Z [OK] MissionPlan built: MissionPlan_1779325387923.json (variant=2)
2026-05-21T01:03:07.946710Z [TIME] collect_missions (variant=2): 7.9 ms, count=22
2026-05-21T01:03:07.947510Z [INFO] pathID mapping delayed until current remaining hybrid merge (variant=2)
2026-05-21T01:03:07.948448Z [variant 2] [REEXEC-FIRST] current-position first mission builder armed: sourcePlan=700000462, inputMissionID=4, sourceTemplateInputID=2, aircraft=[4, 5, 6], entries=A4=37.9291828,128.1976767,alt=1869.0, A5=37.9258378,128.2181818,alt=1956.0, A6=37.9302734,128.1746798,alt=1966.0
2026-05-21T01:03:07.959678Z [variant 2] [REEXEC-FIRST] division planner area-division pieces=3
2026-05-21T01:03:08.220326Z [variant 2] [REEXEC-FIRST] division planner final workflow=no_split paths=3
2026-05-21T01:03:11.687096Z [variant 2] current remaining generic 0303 skipped: inputMissionID=4, missions=13, aircraft=[4, 5, 6], pathIDs=[400000001, 400000002, 400000003, 400000004, 500000001, 500000002, 500000003, 500000004, 600000001, 600000002, 600000003, 600000004, 600000005]
2026-05-21T01:03:15.134021Z [INFO] FlightPath build mode (variant=2): 0303=aircraft_parallel workers=2 aircraft=3, 0304=sequential
2026-05-21T01:03:15.145900Z [REPLAN][METRIC] flightpath_build_0303 variant=2 option=4 recon=1 mode=sequential buildMode=aircraft_parallel workers=2 aircraft=3 paths=3 reassignedWaypoints=8 elapsed_ms=3206.171 fallback=- worker_ms=4:1006.870|5:1091.652|6:587.924
2026-05-21T01:03:15.146502Z [INFO] FlightPath build time: 0303=3206.2 ms, 0304=218.5 ms
2026-05-21T01:03:15.147313Z [variant 2] current remaining collaborative hybrid applied: inputMissionID=4, aircraft=[4, 5, 6], removedPaths=13, workflow=reexecute_first_mission:no_split
2026-05-21T01:03:15.240930Z [TIME] pathID_mapping (variant=2, current_remaining): 94.1 ms
2026-05-21T01:03:15.241716Z [INFO] pathID mapping done after current remaining hybrid merge (variant=2)
2026-05-21T01:03:15.242584Z [INFO] Applied LAH-UAV ETA follow speed plan (variant=2)
2026-05-21T01:03:15.243470Z [INFO] FlightPath pathID enforced (variant=2): 0303=6, 0304=6
2026-05-21T01:03:15.251275Z [OK] FlightPath counts (variant=2): 0303=6 / 0304=6
2026-05-21T01:03:15.252002Z [REPLAN][METRIC] flightpath_counts variant=2 option=4 recon=1 mode=sequential paths0303=6 paths0304=6 pathsTotal=12 waypoints0303=15 waypoints0304=12 waypointsTotal=27 maxWaypointsPerPath=3 emptyPaths=0 formationPaths=0
2026-05-21T01:03:15.297916Z [TIME] build_0302 (variant=2): 39.7 ms, packages=6
2026-05-21T01:03:15.299415Z [INFO] FlightPath individualMissionID synced (variant=2): fixed=12
2026-05-21T01:03:15.305785Z [TIME] write_0302 (variant=2): 7.9 ms, files=6
2026-05-21T01:03:15.401026Z [TIME] write_FlightPath (variant=2): 82.7 ms, files=12
2026-05-21T01:03:15.419628Z [REPLAN][METRIC] flightpath_write variant=2 option=4 recon=1 mode=sequential files0303=6 files0304=6 filesTotal=12 write_ms=82.732
2026-05-21T01:03:15.422226Z [TIME] write_0301 (variant=2): 1.0 ms
2026-05-21T01:03:15.422923Z [OK] Stored variant 2: MissionPlanID=700000464, IMP=6, FlightPath=12
2026-05-21T01:03:15.423693Z [REPLAN][TIME] variant_finished_ms=13681.2 wall_ms=1779325395421 variant=2 option=4 mode=sequential status=success duration_ms=7845.81
2026-05-21T01:03:15.424534Z [TIME] variant_total (variant=2): 7845.8 ms
2026-05-21T01:03:15.425881Z [INFO] Option mapping #2: planID=700000464, optionCode=4(정찰특화)
2026-05-21T01:03:15.427285Z [variant 3] 일반 재계획 모드 적용
2026-05-21T01:03:15.428117Z [REPLAN][TIME] variant_started_ms=13684.7 wall_ms=1779325395425 variant=3 option=5 mode=sequential
2026-05-21T01:03:15.430255Z [STEP 1.3] Divide & Pattern start
2026-05-21T01:03:15.431905Z [variant 3] [ENHANCED][1] split start: uavs=[4, 5, 6]
2026-05-21T01:03:15.437616Z [variant 3] [ENHANCED][1] split done: pieces=6
2026-05-21T01:03:15.440435Z [variant 3] [ENHANCED][2] type-decider done: profile=6 changed=6/6
2026-05-21T01:03:15.526489Z [variant 3] [ENHANCED][3] expected-path done: count=6
2026-05-21T01:03:15.554653Z [variant 3] [ENHANCED][4] area-review done: overflow=0 targets=0 pieces=6->6
2026-05-21T01:03:15.602597Z [variant 3] [ENHANCED][5] expected-velocity done: pieces=6 dbRows=7010
2026-05-21T01:03:15.718950Z [variant 3] [ENHANCED][6] 0302 export done: files=6
2026-05-21T01:03:15.720016Z [variant 3] [ENHANCED] total=292.9 ms
2026-05-21T01:03:15.721007Z [TIME] divide_and_pattern (variant=3): 293.1 ms
2026-05-21T01:03:15.721941Z [OK] IMP generated: 6 file(s) (variant=3)
2026-05-21T01:03:15.734061Z [TIME] build_0301+load (variant=3): 15.0 ms
2026-05-21T01:03:15.735356Z [OK] MissionPlan built: MissionPlan_1779325395718.json (variant=3)
2026-05-21T01:03:15.740355Z [TIME] collect_missions (variant=3): 5.9 ms, count=12
2026-05-21T01:03:15.741146Z [INFO] pathID mapping delayed until current remaining hybrid merge (variant=3)
2026-05-21T01:03:15.742040Z [variant 3] [REEXEC-FIRST] current-position first mission builder armed: sourcePlan=700000462, inputMissionID=4, sourceTemplateInputID=2, aircraft=[4, 5, 6], entries=A4=37.9291828,128.1976767,alt=1869.0, A5=37.9258378,128.2181818,alt=1956.0, A6=37.9302734,128.1746798,alt=1966.0
2026-05-21T01:03:15.758324Z [variant 3] [REEXEC-FIRST] division planner area-division pieces=3
2026-05-21T01:03:16.012955Z [variant 3] [REEXEC-FIRST] division planner final workflow=no_split paths=3
2026-05-21T01:03:17.582248Z [variant 3] current remaining generic 0303 skipped: inputMissionID=4, missions=3, aircraft=[4, 5, 6], pathIDs=[400000001, 500000001, 600000001]
2026-05-21T01:03:19.845394Z [INFO] FlightPath build mode (variant=3): 0303=aircraft_parallel workers=2 aircraft=3, 0304=sequential
2026-05-21T01:03:19.846264Z [REPLAN][METRIC] flightpath_build_0303 variant=3 option=5 recon=0 mode=sequential buildMode=aircraft_parallel workers=2 aircraft=3 paths=3 reassignedWaypoints=9 elapsed_ms=2028.284 fallback=- worker_ms=4:139.376|5:170.123|6:90.330
2026-05-21T01:03:19.847024Z [INFO] FlightPath build time: 0303=2028.3 ms, 0304=220.1 ms
2026-05-21T01:03:19.847507Z [variant 3] current remaining collaborative hybrid applied: inputMissionID=4, aircraft=[4, 5, 6], removedPaths=3, workflow=reexecute_first_mission:no_split
2026-05-21T01:03:19.930257Z [TIME] pathID_mapping (variant=3, current_remaining): 83.0 ms
2026-05-21T01:03:19.931235Z [INFO] pathID mapping done after current remaining hybrid merge (variant=3)
2026-05-21T01:03:19.932598Z [INFO] Applied LAH-UAV ETA follow speed plan (variant=3)
2026-05-21T01:03:19.933425Z [INFO] FlightPath pathID enforced (variant=3): 0303=6, 0304=6
2026-05-21T01:03:19.941279Z [OK] FlightPath counts (variant=3): 0303=6 / 0304=6
2026-05-21T01:03:19.941833Z [REPLAN][METRIC] flightpath_counts variant=3 option=5 recon=0 mode=sequential paths0303=6 paths0304=6 pathsTotal=12 waypoints0303=16 waypoints0304=12 waypointsTotal=28 maxWaypointsPerPath=3 emptyPaths=0 formationPaths=0
2026-05-21T01:03:19.993319Z [TIME] build_0302 (variant=3): 45.0 ms, packages=6
2026-05-21T01:03:19.994932Z [INFO] FlightPath individualMissionID synced (variant=3): fixed=12
2026-05-21T01:03:20.005536Z [TIME] write_0302 (variant=3): 8.4 ms, files=6
2026-05-21T01:03:20.058916Z [TIME] write_FlightPath (variant=3): 46.1 ms, files=12
2026-05-21T01:03:20.059738Z [REPLAN][METRIC] flightpath_write variant=3 option=5 recon=0 mode=sequential files0303=6 files0304=6 filesTotal=12 write_ms=46.130
2026-05-21T01:03:20.062071Z [TIME] write_0301 (variant=3): 1.1 ms
2026-05-21T01:03:20.062758Z [OK] Stored variant 3: MissionPlanID=700000465, IMP=6, FlightPath=12
2026-05-21T01:03:20.063457Z [REPLAN][TIME] variant_finished_ms=18321.3 wall_ms=1779325400061 variant=3 option=5 mode=sequential status=success duration_ms=4636.602
2026-05-21T01:03:20.064098Z [TIME] variant_total (variant=3): 4636.6 ms
2026-05-21T01:03:20.064787Z [INFO] Option mapping #3: planID=700000465, optionCode=5(최소시간)
2026-05-21T01:03:20.066519Z [OK] Stored mission data: MissionPlan=3, IndividualMission=18, FlightPath=36
2026-05-21T01:03:20.067432Z [REPLAN][TIME] id_tab_update_deferred_ms=18324.7 wall_ms=1779325400065
2026-05-21T01:03:20.069242Z [REPLAN][TIME] pipeline_done_ms=18324.7 wall_ms=1779325400065 plans=3 force_direct=False
2026-05-21T01:03:20.069832Z [REPLAN][TIME] 0301_queued_ms=18324.8 wall_ms=1779325400065 plans=3
2026-05-21T01:03:20.070469Z [STEP 4] 0301 push queued (planIds=700000463, 700000464, 700000465)
2026-05-21T01:03:20.074870Z [0301] missionPlanID=700000463 전송
2026-05-21T01:03:20.077086Z [0301] missionPlanID=700000464 전송
2026-05-21T01:03:20.079135Z [0301] missionPlanID=700000465 전송
2026-05-21T01:03:20.080181Z [PUSH] 0301 direct batch send
2026-05-21T01:03:20.081015Z [REPLAN][TIME] 0301_sent_ms=18340.3 wall_ms=1779325400080 plans=3
2026-05-21T01:03:20.081689Z [REPLAN][TIME] post_0301_delivery_queued_ms=18340.9 wall_ms=1779325400081 grace_ms=0 timeout_ms=20 force_direct=0 mode=option_or_0901
2026-05-21T01:03:20.082397Z [INFO] Post-0301 apply queued (mode=option_or_0901, grace=0ms, timeout=20ms, plans=3)
2026-05-21T01:03:20.084676Z [REPLAN][TIME] 0305_status_2_ms=18343.9 wall_ms=1779325400084 reason=협업기저임무 재수행 요청
2026-05-21T01:03:20.085446Z [0305] status=2, reason=협업기저임무 재수행 요청, elapsed=18.23s 전송
2026-05-21T01:03:20.086146Z [REPLAN][TIME] post_0301_completion_ready_ms=18345.4 wall_ms=1779325400085 mode=option_or_0901
2026-05-21T01:03:20.086818Z [REPLAN][METRIC] source_artifact_cache entries=34 hits=28 misses=34
2026-05-21T01:03:20.121008Z [INFO] Post-0301 ready (timeout) -> sending 0901
2026-05-21T01:03:20.121851Z [REPLAN][TIME] post_0301_flushed_ms=18381.1 wall_ms=1779325400121 delivery=0901 trigger=timeout
2026-05-21T01:03:20.124791Z [REPLAN][TIME] 0901_sent_ms=18384.0 wall_ms=1779325400124 options=3
2026-05-21T01:03:20.125534Z [0901] option request sent (count=3, codes=6(정찰/시간 균형), 4(정찰특화), 5(최소시간))
2026-05-21T01:03:20.126269Z [REPLAN][TIME] id_tab_update_flushed_ms=18385.5 wall_ms=1779325400126
2026-05-21T01:04:26.405264Z [REPLAN][TIME] 0902_received_ms=0.2 wall_ms=1779325466405 trigger=attack_2_option replanLevel=2 optionCount=2 forceDirect=0
2026-05-21T01:04:26.406162Z [REPLAN][TIME] 0902_archived_ms=1.2 wall_ms=1779325466406 path=replan_request_832640665503.json
2026-05-21T01:04:26.406753Z [AUTO] 0902 received (planIds=700000466, 700000467)
2026-05-21T01:04:26.407463Z [REPLAN][TIME] pipeline_scheduled_ms=2.4 wall_ms=1779325466407 delay_ms=0
2026-05-21T01:04:26.408936Z [REPLAN][TIME] scheduled_start_ms=3.9 wall_ms=1779325466408
2026-05-21T01:04:26.412027Z [REPLAN][TIME] 0305_status_1_ms=6.9 wall_ms=1779325466411 reason=표적67 발견 재계획
2026-05-21T01:04:26.412872Z [0305] status=1, reason=표적67 발견 재계획 전송
2026-05-21T01:04:26.417971Z [INFO] Using latest 0203 ID 1 for missionReferencePackageID (fallback)
2026-05-21T01:04:26.419205Z [STEP 0] Replan pipeline start (reason=표적67 발견 재계획)
2026-05-21T01:04:26.419775Z [REPLAN][TIME] attack_exclusion_parallel_started_ms=13.5 wall_ms=1779325466418 option_index=2 sourcePlanID=700000463
2026-05-21T01:04:26.420437Z [ATTACK-EXCLUDE] parallel generation started (sourcePlanID=700000463, optionIndex=2)
2026-05-21T01:04:26.420933Z [ATTACK] 공격 특화 재계획 요청 감지 → 전용 파이프라인 실행
2026-05-21T01:04:26.430383Z [ATTACK] [TIME] select_manned_aircraft=12ms
2026-05-21T01:04:26.431003Z [ATTACK] STEP1 Selected manned aircraft: aircraft 3 (fuel=1200.0, coord=(37.720611572265625, 128.11573791503906, alt=1200))
2026-05-21T01:04:26.432494Z [ATTACK] [TIME] load_target_entries=1ms
2026-05-21T01:04:26.433048Z [ATTACK] STEP2 UAV tracking summary: watcher 6?’target 67, watcher 5?’target 57, watcher 4?’target 58, watcher 4?’target 63, watcher 4?’target unknown-16, watcher 4?’target unknown-2, watcher 4?’target unknown-21, watcher 4?’target unknown-22, watcher 4?’target unknown-25, watcher 4?’target unknown-28, watcher 4?’target unknown-4, watcher 4?’target unknown-5, watcher 4?’target unknown-8, watcher 5?’target unknown-1, watcher 5?’target unknown-11, watcher 5?’target unknown-18, watcher 5?’target unknown-19, watcher 5?’target unknown-26, watcher 5?’target unknown-3, watcher 5?’target unknown-6, watcher 5?’target unknown-9, watcher 6?’target unknown-10, watcher 6?’target unknown-13, watcher 6?’target unknown-14, watcher 6?’target unknown-15, watcher 6?’target unknown-17, watcher 6?’target unknown-20, watcher 6?’target unknown-23, watcher 6?’target unknown-24, watcher 6?’target unknown-27, watcher 6?’target unknown-29, watcher 6?’target unknown-7, watcher 4?’target 53, watcher 6?’target 54, watcher 4?’target 55, watcher 5?’target 56, watcher 6?’target 59, watcher 4?’target 59, watcher 5?’target 60, watcher 6?’target 61, watcher 6?’target 62, watcher 5?’target 64, watcher 4?’target 64, watcher 6?’target 65, watcher 4?’target 66
2026-05-21T01:04:26.433655Z [ATTACK] STEP2.5 Using bundled 0402 targets: target=67 watcher=6
2026-05-21T01:04:26.437162Z [ATTACK] [ATTACK] Selected target id=67 type=1 weaponType=2 (preferred=2, ammo={'type1': 500, 'type2': 7, 'type3': 2})
2026-05-21T01:04:26.445627Z [ATTACK] [TIME] compute_attack_point=8ms
2026-05-21T01:04:26.446624Z [ATTACK] STEP3 Attack plan completed: lat=37.899177, lon=128.169814, alt=968m
2026-05-21T01:04:26.450664Z [ATTACK] [ATTACK] Weapon choice aircraft=3 preferred=2 selected=2 ammo={'type1': 500, 'type2': 7, 'type3': 2}
2026-05-21T01:04:26.451226Z [ATTACK] [ATTACK][ETA] Tracking ETA computed with LAH max attack speed (dist=20415.9m, speed=73.61m/s, +30s) -> 307s
2026-05-21T01:04:26.454390Z [ATTACK] [ATTACK] Using requested missionPlanID 700000466 (sourcePlanID=700000463)
2026-05-21T01:04:26.465423Z [ATTACK] [ATTACK][POINT] Primary target adaptive standoff mode=far_projected_to_preferred_standoff currentDist=22415.900533792403m candidateDist=2000.0000000003608m standoff=300.0/2000.0m.
2026-05-21T01:04:26.468650Z [ATTACK] [ATTACK][ETA] UAV 4 remaining mission time: 52.0s
2026-05-21T01:04:26.480325Z [ATTACK] [ATTACK][ETA] UAV 5 remaining mission time: 0.0s
2026-05-21T01:04:26.481001Z [ATTACK] [ATTACK][ETA] Non-tracking UAV ETA selected: UAV 4 with 52s remaining
2026-05-21T01:04:26.481649Z [ATTACK] [ATTACK][ETA] All tracking ETAs unified to 52s
2026-05-21T01:04:26.500772Z [ATTACK] [ATTACK][COLLAB] Remaining UAV entry lookahead applied: 9.0s (pathFollow=3, linearFallback=3, currentOnly=0)
2026-05-21T01:04:26.502865Z [ATTACK] [PRIOR] Falling back to first mission for aircraft 3 (current waypoint not found in plan).
2026-05-21T01:04:28.124230Z [ATTACK] [ATTACK][LAH] Using max attack speed 73.61m/s (265.0km/h) for aircraft 3.
2026-05-21T01:04:28.125160Z [ATTACK] [ATTACK][LAH] Inferred current waypoint from position -> 687.
2026-05-21T01:04:28.125895Z [ATTACK] [ATTACK][LAH] Dropped current waypoint from resume path (currentWP=687, nextWP=688).
2026-05-21T01:04:30.084116Z [ATTACK] [ATTACK][LAH] Preserved completed prefix, inserted attack, and reattached 1 follow-up mission(s).
2026-05-21T01:04:30.093957Z [ATTACK] [ATTACK][LAH] Generated attack/resume missions -> IMP:800000122.json PATHS:300000052.json/300000053.json (followUps=1)
2026-05-21T01:04:30.094919Z [ATTACK] [PRIOR] Falling back to first mission for aircraft 1 (current waypoint not found in plan).
2026-05-21T01:04:31.013976Z [ATTACK] [ATTACK][LAH] Inferred current waypoint from position -> 679.
2026-05-21T01:04:31.014547Z [ATTACK] [ATTACK][LAH] Dropped current waypoint from resume path (currentWP=679, nextWP=680).
2026-05-21T01:04:32.665880Z [ATTACK] [ATTACK][LAH] Preserved completed prefix, inserted hold, and reattached 1 follow-up mission(s).
2026-05-21T01:04:32.672090Z [ATTACK] [ATTACK][LAH] Generated hold/resume missions -> IMP:800000124.json PATHS:100000051.json/100000052.json (followUps=1)
2026-05-21T01:04:32.674755Z [ATTACK] [PRIOR] Falling back to first mission for aircraft 2 (current waypoint not found in plan).
2026-05-21T01:04:33.165155Z [ATTACK] [ATTACK][LAH] Inferred current waypoint from position -> 683.
2026-05-21T01:04:33.165973Z [ATTACK] [ATTACK][LAH] Dropped current waypoint from resume path (currentWP=683, nextWP=684).
2026-05-21T01:04:34.810575Z [ATTACK] [ATTACK][LAH] Preserved completed prefix, inserted hold, and reattached 1 follow-up mission(s).
2026-05-21T01:04:34.817957Z [ATTACK] [ATTACK][LAH] Generated hold/resume missions -> IMP:800000128.json PATHS:200000055.json/200000056.json (followUps=1)
2026-05-21T01:04:34.819751Z [ATTACK] [NEXTCOLLAB] division planner area-division pieces=2
2026-05-21T01:04:34.820305Z [ATTACK] [NEXTCOLLAB] division planner final workflow=no_split paths=2
2026-05-21T01:04:34.820787Z [ATTACK] [ATTACK][COLLAB] Collaborative replacement IMP written (aircraft=4, imp=800000125.json, missions=1).
2026-05-21T01:04:34.821195Z [ATTACK] [ATTACK][COLLAB] Collaborative replacement IMP written (aircraft=5, imp=800000126.json, missions=1).
2026-05-21T01:04:34.821635Z [ATTACK] [ATTACK][COLLAB] First sweep searchSpeed boosted (aircraft=4, pathID=400000084, waypointID=776, factor=1.30, old=1520.15, new=1976.19).
2026-05-21T01:04:34.822077Z [ATTACK] [ATTACK][COLLAB] First sweep searchSpeed boosted (aircraft=5, pathID=500000074, waypointID=789, factor=1.30, old=1591.17, new=2068.53).
2026-05-21T01:04:34.822519Z [ATTACK] [ATTACK][COLLAB] Collaborative remaining mission replanned (inputMissionID=4, unavailable=[6], remaining=[4, 5], workflow=no_split).
2026-05-21T01:04:34.832603Z [ATTACK] [ATTACK][UAV] Tracking target altitude kept for sensor only; flight altitude replaced 668m -> 2003m.
2026-05-21T01:04:35.095099Z [ATTACK] [ATTACK][UAV] Resume trimmed by currentWP (lastRemovedWP=668).
2026-05-21T01:04:35.291854Z [ATTACK] [ATTACK][UAV] Added replan anchor waypoint to done path (anchorWP=811).
2026-05-21T01:04:35.292570Z [ATTACK] [ATTACK][UAV] Resume sweep trim applied (cutPoints=46, rawCutPoints=46, doneSweepPoints=0, pathID=600000067).
2026-05-21T01:04:35.505416Z [ATTACK] [ATTACK][UAV] Resume searchSpeed scaled (factor=1.30, waypoints=1).
2026-05-21T01:04:36.200006Z [ATTACK] [ATTACK][COLLAB] Tracking UAV resume replaced with release transit (aircraft=6, targetFinishEta=50, speed=58.0m/s).
2026-05-21T01:04:36.203616Z [ATTACK] [ATTACK][UAV] Preserved completed prefix, inserted tracking, and reattached 1 follow-up mission(s).
2026-05-21T01:04:36.255016Z [ATTACK] [ATTACK][UAV] Generated tracking/resume missions -> IMP:800000129.json PATHS:600000079.json/600000080.json (followUps=1)
2026-05-21T01:04:36.266501Z [ATTACK] [ATTACK][UAV] Tracking assignment state saved (aircraft=6, sourcePlan=700000463, attackPlan=700000466).
2026-05-21T01:04:36.267794Z [ATTACK] [ATTACK][COLLAB] Aircraft 4 handled by collaborative remaining replan (inputMissionID=4).
2026-05-21T01:04:36.268803Z [ATTACK] [ATTACK][COLLAB] Aircraft 5 handled by collaborative remaining replan (inputMissionID=4).
2026-05-21T01:04:36.286065Z [ATTACK] [ATTACK][PLAN] carried area remaining snapshot -> mission_area_snapshot_700000466.json (sourcePlanID=700000463, planID=700000466)
2026-05-21T01:04:36.286705Z [ATTACK] [ATTACK][PLAN] MissionPlan saved -> 700000466.json (planID=700000466)
2026-05-21T01:04:36.287640Z [ATTACK] [ATTACK][TIME] override_detail={"phases": {"metadata_normalize": {"elapsedMs": 0.007, "attackTargetCount": 1, "selectedMannedCount": 1}, "agent_index": {"elapsedMs": 0.078, "aircraftCount": 6}, "weapon_choice": {"elapsedMs": 3.241, "selectedWeaponType": 2, "ammoAvailable": true}, "initial_tracking_eta": {"elapsedMs": 0.517, "useDetectionTracking": true, "trackingEtaS": 307}, "resolve_source_plan": {"elapsedMs": 1.567, "sourcePlanID": 700000463}, "source_plan_load": {"elapsedMs": 0.388, "sourcePlanID": 700000463, "aircraftCount": 6}, "sweep_progress_load": {"elapsedMs": 0.578, "entries": 40}, "plan_id_resolve": {"elapsedMs": 0.024, "requested": true, "missionPlanID": 700000466}, "source_artifact_cache_build": {"elapsedMs": 0.015, "aircraftEntries": 6}, "done_input_ids_load": {"elapsedMs": 1.06, "count": 2}, "plan_deepcopy": {"elapsedMs": 0.054}, "target_uav_assignment": {"elapsedMs": 0.497, "assignedTargetCount": 1, "usedTrackingUavCount": 1}, "manned_sequence_assignment": {"elapsedMs": 3.778, "aircraftCount": 1, "error": null}, "attack_coordinate_resolution": {"elapsedMs": 5.559, "resolvedCount": 1, "mannedSequenceCount": 1}, "remaining_eta": {"elapsedMs": 15.473, "allUavCount": 3, "trackingUavCount": 1, "computedEtaCount": 1, "adjustedEtaS": 52}, "descriptor_list_build": {"elapsedMs": 0.039, "descriptorCount": 6, "activeMannedCount": 1, "otherLahCount": 2, "otherUavCount": 2}, "collab_tracking_scan": {"elapsedMs": 9.041, "inputCount": 1, "unavailableUavCount": 1}, "collab_agent_state_map": {"elapsedMs": 10.379, "aircraftCount": 6}, "collab_parallel_started": {"elapsedMs": 0.922, "inputCount": 1, "workers": 1}, "collab_parallel_join": {"elapsedMs": 3.343, "waitReason": "UAV_TRACK", "inputCount": 1}, "descriptor_loop": {"elapsedMs": 9767.151, "descriptorCount": 6, "updateCount": 4}, "final_collab_plan_update": {"elapsedMs": 0.018, "collabInputCount": 1}, "mission_plan_write": {"elapsedMs": 17.174, "missionPlanID": 700000466}, "option_meta_build": {"elapsedMs": 0.053, "targetCount": 1, "collabInputCount": 1}}, "collabRuns": [{"inputMissionID": 4, "unavailableAircraftIDs": [6], "elapsedMs": 5488.844, "status": "ok", "replacementAircraftIDs": [4, 5], "generatedPathCount": 2, "finishEtaS": 50, "workflow": "no_split"}], "descriptorDetails": [{"aircraftID": 3, "label": "manned", "mode": "LAH_ATTACK", "resolveArtifacts": {"elapsedMs": 0.801, "currentWaypointID": null, "sourcePathID": 300000046, "sourceImpID": 800000105}, "loadArtifacts": {"elapsedMs": 0.01, "impLoaded": true, "fpLoaded": true}, "cloneAndLocateMission": {"elapsedMs": 0.14, "missionCount": 2, "targetIndex": 0}, "allocateAndPlanUpdate": {"elapsedMs": 20.487, "newImpID": 800000122}, "builder": {"elapsedMs": 3570.543, "builderMode": "LAH_ATTACK"}, "builderDetail": {"allocate_ids": {"elapsedMs": 1597.865, "attackPathID": 300000052, "resumePathID": 300000053, "attackIndividualID": 900000328, "resumeIndividualID": 900000329, "entryWaypointID": 766, "attackWaypointID": 769}, "split_lah_resume": {"elapsedMs": 1057.878, "resumeWaypointCount": 1, "removedWaypointID": 687}, "clone_followups": {"elapsedMs": 576.257, "followUpMissionCount": 1, "followUpPathCount": 1}, "payload_build": {"elapsedMs": 324.747, "hasResume": true, "followUpMissionCount": 1, "attackSpeedMps": 73.61}, "write_json": {"elapsedMs": 8.36, "fileCount": 4}, "totalMs": 3568.61}, "status": "ok", "elapsedMs": 3592.138}, {"aircraftID": 1, "label": "lah_hold_1", "mode": "LAH_HOLD_RESUME", "resolveArtifacts": {"elapsedMs": 0.672, "currentWaypointID": null, "sourcePathID": 100000045, "sourceImpID": 800000103}, "loadArtifacts": {"elapsedMs": 0.007, "impLoaded": true, "fpLoaded": true}, "cloneAndLocateMission": {"elapsedMs": 0.094, "missionCount": 2, "targetIndex": 0}, "allocateAndPlanUpdate": {"elapsedMs": 422.496, "newImpID": 800000124}, "builder": {"elapsedMs": 2156.488, "builderMode": "LAH_HOLD_RESUME"}, "builderDetail": {"allocate_ids": {"elapsedMs": 493.609, "holdPathID": 100000051, "resumePathID": 100000052, "holdIndividualID": 900000335, "resumeIndividualID": 900000336}, "split_lah_resume": {"elapsedMs": 1182.312, "resumeWaypointCount": 1, "removedWaypointID": 679}, "clone_followups": {"elapsedMs": 246.091, "followUpMissionCount": 1, "followUpPathCount": 1}, "payload_build": {"elapsedMs": 471.572, "hasResume": true, "followUpMissionCount": 1}, "write_json": {"elapsedMs": 4.582, "fileCount": 4}, "totalMs": 2156.443}, "status": "ok", "elapsedMs": 2579.902}, {"aircraftID": 2, "label": "lah_hold_2", "mode": "LAH_HOLD_RESUME", "resolveArtifacts": {"elapsedMs": 0.902, "currentWaypointID": null, "sourcePathID": 200000049, "sourceImpID": 800000104}, "loadArtifacts": {"elapsedMs": 0.006, "impLoaded": true, "fpLoaded": true}, "cloneAndLocateMission": {"elapsedMs": 0.12, "missionCount": 2, "targetIndex": 0}, "allocateAndPlanUpdate": {"elapsedMs": 21.778, "newImpID": 800000128}, "builder": {"elapsedMs": 2122.076, "builderMode": "LAH_HOLD_RESUME"}, "builderDetail": {"allocate_ids": {"elapsedMs": 467.287, "holdPathID": 200000055, "resumePathID": 200000056, "holdIndividualID": 900000340, "resumeIndividualID": 900000341}, "split_lah_resume": {"elapsedMs": 1146.145, "resumeWaypointCount": 1, "removedWaypointID": 683}, "clone_followups": {"elapsedMs": 271.438, "followUpMissionCount": 1, "followUpPathCount": 1}, "payload_build": {"elapsedMs": 499.318, "hasResume": true, "followUpMissionCount": 1}, "write_json": {"elapsedMs": 5.06, "fileCount": 4}, "totalMs": 2122.031}, "status": "ok", "elapsedMs": 2145.031}, {"aircraftID": 6, "label": "uav_tracking_6", "mode": "UAV_TRACK", "resolveArtifacts": {"elapsedMs": 0.021, "currentWaypointID": 669, "sourcePathID": 600000067, "sourceImpID": 800000108}, "loadArtifacts": {"elapsedMs": 0.003, "impLoaded": true, "fpLoaded": true}, "cloneAndLocateMission": {"elapsedMs": 0.13, "missionCount": 2, "targetIndex": 0}, "allocateAndPlanUpdate": {"elapsedMs": 9.114, "newImpID": 800000129}, "builder": {"elapsedMs": 1423.476, "builderMode": "UAV_TRACK"}, "builderDetail": {"allocate_ids": {"elapsedMs": 258.427, "donePathID": 600000078, "attackPathID": 600000079, "resumePathID": 600000080, "trackingIndividualID": 900000343, "resumeIndividualID": 900000344, "targetWaypointID": 810}, "split_done_resume": {"elapsedMs": 640.326, "sourceSinglePoint": false, "doneWaypointCount": 2, "resumeWaypointCount": 1, "removedWaypointID": 668}, "clone_followups": {"elapsedMs": 241.712, "followUpMissionCount": 1, "followUpPathCount": 1}, "release_resume": {"elapsedMs": 223.587, "releaseWaypointCount": 2, "targetFinishEtaS": 50}, "write_json": {"elapsedMs": 49.155, "fileCount": 5}, "totalMs": 1419.847}, "trackingState": {"elapsedMs": 10.538}, "status": "ok", "elapsedMs": 1444.253}, {"aircraftID": 4, "label": "uav_resume_4", "mode": "UAV_RESUME", "resolveArtifacts": {"elapsedMs": 0.036, "currentWaypointID": 660, "sourcePathID": 400000073, "sourceImpID": 800000106}, "loadArtifacts": {"elapsedMs": 0.005, "impLoaded": true, "fpLoaded": true}, "cloneAndLocateMission": {"elapsedMs": 0.217, "missionCount": 2, "targetIndex": 0}, "status": "handled_by_collab", "elapsedMs": 1.026}, {"aircraftID": 5, "label": "uav_resume_5", "mode": "UAV_RESUME", "resolveArtifacts": {"elapsedMs": 0.023, "currentWaypointID": 665, "sourcePathID": 500000064, "sourceImpID": 800000107}, "loadArtifacts": {"elapsedMs": 0.004, "impLoaded": true, "fpLoaded": true}, "cloneAndLocateMission": {"elapsedMs": 0.184, "missionCount": 2, "targetIndex": 0}, "status": "handled_by_collab", "elapsedMs": 0.868}], "totalMs": 9834}
2026-05-21T01:04:36.288148Z [ATTACK] [ATTACK][TIME] override_total=9834ms
2026-05-21T01:04:36.288769Z [ATTACK] [TIME] apply_attack_plan_overrides=9842ms
2026-05-21T01:04:36.297739Z [ATTACK] [TIME] timingMs={"read_source": 14.472, "descriptor_build": 4.162, "write_artifacts": 9852.527, "delivery_wait": 8.436}
2026-05-21T01:04:36.298342Z [ATTACK] [TIME] total=9880ms
2026-05-21T01:04:36.302888Z [ATTACK] 분석 로그 저장: C:\Users\TRL98\Desktop\LAH_MUMT\Logs\Scenario_2026-05-21T085327\SBC3\DSS_Internal\log_attack_algorithm_20260521T010436_298937.json
2026-05-21T01:04:36.315420Z [ATTACK] mark target used: targetIDs=67
2026-05-21T01:04:36.331430Z [ATTACK-EXCLUDE] ATTACK-EXCLUDE using requested missionPlanID 700000467 (sourcePlanID=700000463)
2026-05-21T01:04:36.332061Z [ATTACK-EXCLUDE] [PRIOR][UAV] Resume trimmed by currentWP (lastRemovedWP=659).
2026-05-21T01:04:36.332610Z [ATTACK-EXCLUDE] [PRIOR][UAV] Added replan anchor waypoint to done path (anchorWP=763).
2026-05-21T01:04:36.333034Z [ATTACK-EXCLUDE] [PRIOR][UAV] Resume sweep trim applied (cutPoints=44, rawCutPoints=44, doneSweepPoints=0, pathID=400000073).
2026-05-21T01:04:36.333441Z [ATTACK-EXCLUDE] [PRIOR][UAV] Resume searchSpeed scaled (factor=1.30, waypoints=2).
2026-05-21T01:04:36.333838Z [ATTACK-EXCLUDE] [PRIOR][UAV] Generated done/resume mission -> aircraft=4 IMP:800000121.json PATHS:400000081.json/400000082.json
2026-05-21T01:04:36.334239Z [ATTACK-EXCLUDE] [PRIOR][UAV] Resume trimmed by currentWP (lastRemovedWP=664).
2026-05-21T01:04:36.334633Z [ATTACK-EXCLUDE] [PRIOR][UAV] Added replan anchor waypoint to done path (anchorWP=785).
2026-05-21T01:04:36.335059Z [ATTACK-EXCLUDE] [PRIOR][UAV] Resume sweep trim applied (cutPoints=50, rawCutPoints=50, doneSweepPoints=0, pathID=500000064).
2026-05-21T01:04:36.335456Z [ATTACK-EXCLUDE] [PRIOR][UAV] Resume searchSpeed scaled (factor=1.30, waypoints=1).
2026-05-21T01:04:36.335846Z [ATTACK-EXCLUDE] [PRIOR][UAV] Generated done/resume mission -> aircraft=5 IMP:800000123.json PATHS:500000072.json/500000073.json
2026-05-21T01:04:36.336240Z [ATTACK-EXCLUDE] [PRIOR][UAV] Resume trimmed by currentWP (lastRemovedWP=668).
2026-05-21T01:04:36.336629Z [ATTACK-EXCLUDE] [PRIOR][UAV] Added replan anchor waypoint to done path (anchorWP=800).
2026-05-21T01:04:36.337016Z [ATTACK-EXCLUDE] [PRIOR][UAV] Resume sweep trim applied (cutPoints=46, rawCutPoints=46, doneSweepPoints=0, pathID=600000067).
2026-05-21T01:04:36.337587Z [ATTACK-EXCLUDE] [PRIOR][UAV] Resume searchSpeed scaled (factor=1.30, waypoints=1).
2026-05-21T01:04:36.337981Z [ATTACK-EXCLUDE] [PRIOR][UAV] Generated done/resume mission -> aircraft=6 IMP:800000127.json PATHS:600000075.json/600000076.json
2026-05-21T01:04:36.338371Z [ATTACK-EXCLUDE] 공격 배제 MissionPlan 저장 -> 700000467.json (planID=700000467)
2026-05-21T01:04:36.338761Z [ATTACK-EXCLUDE] ATTACK-EXCLUDE carried area remaining snapshot -> mission_area_snapshot_700000467.json (sourcePlanID=700000463, planID=700000467)
2026-05-21T01:04:36.795296Z [ATTACK] 공격 임무 계획 완료 (planIds=700000466)
2026-05-21T01:04:36.796839Z [INFO] UAV params loaded (cruise=40.00, turn_step=15.0)
2026-05-21T01:04:36.797346Z [INFO] Latest input snapshot → 0201:ID=2,ts=832640581415,src=-, 0203:ID=1,ts=832638838538,src=-
2026-05-21T01:04:36.797826Z [STEP 0] Using latest 0201 ID 2 (2.json)
2026-05-21T01:04:36.798259Z [STEP 0] Using latest 0203 ID 1 (1.json)
2026-05-21T01:04:36.798681Z [CHECK] 0201/0203 필수 데이터 확인 시작
2026-05-21T01:04:36.799345Z [OK] 0201 inputMissionList 확인됨 (count=4) → 진행
2026-05-21T01:04:36.800058Z [OK] 0201 availableAircraftList 확인됨 (count=6) → 진행
2026-05-21T01:04:36.800682Z [OK] 0201 inputMissionPackageType=1 확인
2026-05-21T01:04:36.801292Z [OK] 0201 mainSensor=1 확인
2026-05-21T01:04:36.801834Z [CHECK] 0201 기체 수=6 (UAV=3, LAH=3)
2026-05-21T01:04:36.802355Z [CHECK] 0201 임무: total=4 missingID=0 missingDetail=0 missingShape=0 unknownType=0 typeZeroAuto=0 typeZeroInvalid=0 lineOnlyViolation=0 skippedSinglePoint=0
2026-05-21T01:04:36.802930Z [OK] 0203 takeOverInfoList 확인됨 (count=3) → 진행
2026-05-21T01:04:36.803422Z [OK] 0203 handOverInfoList 확인됨 (count=3) → 진행
2026-05-21T01:04:36.803938Z [OK] 0203 flightAreaList 확인됨 (count=1) → 진행
2026-05-21T01:04:36.804644Z [CHECK] 0203 flightAreaList count=1
2026-05-21T01:04:36.805276Z [INFO] 임무 진행영역 스냅샷 적용: sourcePlan=700000463, updated=2, done=0
2026-05-21T01:04:36.805955Z [INFO] 임무 진행영역 재계획 collapse 적용: groups=2, normalized=3, 4
2026-05-21T01:04:36.806638Z [INFO] Filtered completed input missions (removed=1, 2, converted=-, widthAdjusted=-, skippedSinglePoint=-, snapshot=updated=2, done=0, collapse=groups=2, normalized=3,4)
2026-05-21T01:04:36.807225Z [REPLAN][TIME] variant_started_ms=9926.8 wall_ms=1779325476331 variant=1 option=3 mode=attack_exclusion
2026-05-21T01:04:36.807773Z [variant 1] 공격 배제 병렬 결과 병합
2026-05-21T01:04:36.808238Z [REPLAN][TIME] attack_exclusion_parallel_joined_ms=9934.8 wall_ms=1779325476339 variant=1 duration_ms=8010.802 wait_ms=0.009
2026-05-21T01:04:36.808664Z [OK] 공격 배제 variant 저장: MissionPlanID=700000467 (elapsed=8010.8 ms)
2026-05-21T01:04:36.809092Z [INFO] Option mapping #1: planID=700000467, optionCode=3(공격배제)
2026-05-21T01:04:36.809526Z [REPLAN][TIME] variant_finished_ms=9935.0 wall_ms=1779325476339 variant=1 option=3 mode=attack_exclusion status=success duration_ms=8010.802
2026-05-21T01:04:36.810031Z [OK] Stored mission data: MissionPlan=1, IndividualMission=0, FlightPath=0
2026-05-21T01:04:36.810582Z [REPLAN][TIME] id_tab_update_deferred_ms=9936.0 wall_ms=1779325476340
2026-05-21T01:04:36.811115Z [REPLAN][TIME] pipeline_done_ms=9936.1 wall_ms=1779325476340 plans=2 force_direct=False
2026-05-21T01:04:36.811568Z [REPLAN][TIME] 0301_queued_ms=9936.1 wall_ms=1779325476340 plans=2
2026-05-21T01:04:36.811986Z [STEP 4] 0301 push queued (planIds=700000466, 700000467)
2026-05-21T01:04:36.813649Z [0301] missionPlanID=700000466 전송
2026-05-21T01:04:36.815894Z [0301] missionPlanID=700000467 전송
2026-05-21T01:04:36.817272Z [PUSH] 0301 direct batch send
2026-05-21T01:04:36.818188Z [REPLAN][TIME] 0301_sent_ms=10413.6 wall_ms=1779325476817 plans=2
2026-05-21T01:04:36.818988Z [REPLAN][TIME] post_0301_delivery_queued_ms=10414.4 wall_ms=1779325476818 grace_ms=0 timeout_ms=20 force_direct=0 mode=option_or_0901
2026-05-21T01:04:36.820144Z [INFO] Post-0301 apply queued (mode=option_or_0901, grace=0ms, timeout=20ms, plans=2)
2026-05-21T01:04:36.824887Z [REPLAN][TIME] 0305_status_2_ms=10419.3 wall_ms=1779325476823 reason=표적67 발견 재계획
2026-05-21T01:04:36.825655Z [0305] status=2, reason=표적67 발견 재계획, elapsed=10.41s 전송
2026-05-21T01:04:36.826651Z [REPLAN][TIME] post_0301_completion_ready_ms=10422.1 wall_ms=1779325476826 mode=option_or_0901
2026-05-21T01:04:36.827467Z [REPLAN][METRIC] source_artifact_cache entries=21 hits=39 misses=21
2026-05-21T01:04:36.843957Z [INFO] Post-0301 ready (timeout) -> sending 0901
2026-05-21T01:04:36.844672Z [REPLAN][TIME] post_0301_flushed_ms=10440.1 wall_ms=1779325476844 delivery=0901 trigger=timeout
2026-05-21T01:04:36.847788Z [REPLAN][TIME] 0901_sent_ms=10443.2 wall_ms=1779325476847 options=2
2026-05-21T01:04:36.848693Z [0901] option request sent (count=2, codes=2(공격특화), 3(공격배제))
2026-05-21T01:04:36.849444Z [REPLAN][TIME] id_tab_update_flushed_ms=10444.9 wall_ms=1779325476849
2026-05-21T01:04:46.293475Z [REPLAN][TIME] 0902_received_ms=0.2 wall_ms=1779325486293 trigger=attack_2_option replanLevel=2 optionCount=2 forceDirect=0
2026-05-21T01:04:46.294407Z [REPLAN][TIME] 0902_archived_ms=1.2 wall_ms=1779325486294 path=replan_request_832640685004.json
2026-05-21T01:04:46.294934Z [AUTO] 0902 received (planIds=700000468, 700000469)
2026-05-21T01:04:46.295421Z [REPLAN][TIME] pipeline_scheduled_ms=2.2 wall_ms=1779325486295 delay_ms=0
2026-05-21T01:04:46.296221Z [REPLAN][TIME] scheduled_start_ms=3.0 wall_ms=1779325486296
2026-05-21T01:04:46.298205Z [REPLAN][TIME] 0305_status_1_ms=5.0 wall_ms=1779325486298 reason=표적68 발견 재계획
2026-05-21T01:04:46.298767Z [0305] status=1, reason=표적68 발견 재계획 전송
2026-05-21T01:04:46.303341Z [INFO] Using latest 0203 ID 1 for missionReferencePackageID (fallback)
2026-05-21T01:04:46.304097Z [STEP 0] Replan pipeline start (reason=표적68 발견 재계획)
2026-05-21T01:04:46.304675Z [REPLAN][TIME] attack_exclusion_parallel_started_ms=9.5 wall_ms=1779325486302 option_index=2 sourcePlanID=700000467
2026-05-21T01:04:46.305201Z [ATTACK-EXCLUDE] parallel generation started (sourcePlanID=700000467, optionIndex=2)
2026-05-21T01:04:46.305698Z [ATTACK] 공격 특화 재계획 요청 감지 → 전용 파이프라인 실행
2026-05-21T01:04:46.311399Z [ATTACK] [TIME] select_manned_aircraft=8ms
2026-05-21T01:04:46.312021Z [ATTACK] STEP1 Selected manned aircraft: aircraft 2 (fuel=1200.0, coord=(37.722660064697266, 128.1003875732422, alt=1200))
2026-05-21T01:04:46.313532Z [ATTACK] [TIME] load_target_entries=1ms
2026-05-21T01:04:46.314107Z [ATTACK] STEP2 UAV tracking summary: watcher 4?’target 68, watcher 5?’target 57, watcher 4?’target 58, watcher 4?’target 63, watcher 4?’target unknown-16, watcher 4?’target unknown-2, watcher 4?’target unknown-21, watcher 4?’target unknown-22, watcher 4?’target unknown-25, watcher 4?’target unknown-28, watcher 4?’target unknown-30, watcher 4?’target unknown-32, watcher 4?’target unknown-4, watcher 4?’target unknown-5, watcher 4?’target unknown-8, watcher 5?’target unknown-1, watcher 5?’target unknown-11, watcher 5?’target unknown-18, watcher 5?’target unknown-19, watcher 5?’target unknown-26, watcher 5?’target unknown-3, watcher 5?’target unknown-31, watcher 5?’target unknown-33, watcher 5?’target unknown-6, watcher 5?’target unknown-9, watcher 6?’target unknown-10, watcher 6?’target unknown-13, watcher 6?’target unknown-14, watcher 6?’target unknown-15, watcher 6?’target unknown-17, watcher 6?’target unknown-20, watcher 6?’target unknown-23, watcher 6?’target unknown-24, watcher 6?’target unknown-27, watcher 6?’target unknown-29, watcher 6?’target unknown-34, watcher 6?’target unknown-7, watcher 4?’target 53, watcher 6?’target 54, watcher 4?’target 55, watcher 5?’target 56, watcher 6?’target 59, watcher 4?’target 59, watcher 5?’target 60, watcher 6?’target 61, watcher 6?’target 62, watcher 5?’target 64, watcher 4?’target 64, watcher 6?’target 65, watcher 4?’target 66, watcher 6?’target 67, watcher 4?’target 67
2026-05-21T01:04:46.314691Z [ATTACK] STEP2.5 Using bundled 0402 targets: target=68 watcher=4
2026-05-21T01:04:46.318479Z [ATTACK] [ATTACK] Selected target id=68 type=1 weaponType=2 (preferred=2, ammo={'type1': 500, 'type2': 7, 'type3': 2})
2026-05-21T01:04:46.324122Z [ATTACK] [TIME] compute_attack_point=5ms
2026-05-21T01:04:46.324804Z [ATTACK] STEP3 Attack plan completed: lat=37.897946, lon=128.172425, alt=960m
2026-05-21T01:04:46.325475Z [ATTACK] [ATTACK] Using remembered waypoint 767 for watcher 4 while auto-tracking.
2026-05-21T01:04:46.331181Z [ATTACK] [ATTACK] Weapon choice aircraft=2 preferred=2 selected=2 ammo={'type1': 500, 'type2': 7, 'type3': 2}
2026-05-21T01:04:46.331788Z [ATTACK] [ATTACK][ETA] Tracking ETA computed with LAH max attack speed (dist=20492.5m, speed=73.61m/s, +30s) -> 308s
2026-05-21T01:04:46.337295Z [ATTACK] [ATTACK] Using requested missionPlanID 700000468 (sourcePlanID=700000467)
2026-05-21T01:04:46.344583Z [ATTACK] [ATTACK][POINT] Primary target adaptive standoff mode=far_projected_to_preferred_standoff currentDist=22492.49172649088m candidateDist=2000.000000000949m standoff=300.0/2000.0m.
2026-05-21T01:04:46.347289Z [ATTACK] [ATTACK][ETA] UAV 5 remaining mission time: 0.0s
2026-05-21T01:04:46.350512Z [ATTACK] [ATTACK][ETA] UAV 6 remaining mission time: 0.0s
2026-05-21T01:04:46.351206Z [ATTACK] [ATTACK][ETA] Non-tracking UAV ETA selected: UAV 5 with 0s remaining
2026-05-21T01:04:46.351828Z [ATTACK] [ATTACK][ETA] All tracking ETAs unified to 0s
2026-05-21T01:04:46.360230Z [ATTACK] [ATTACK][COLLAB] Remaining UAV entry lookahead applied: 9.0s (pathFollow=3, linearFallback=3, currentOnly=0)
2026-05-21T01:04:46.361854Z [ATTACK] [PRIOR] Falling back to first mission for aircraft 2 (current waypoint not found in plan).
2026-05-21T01:04:47.468775Z [ATTACK] [ATTACK][LAH] Using max attack speed 73.61m/s (265.0km/h) for aircraft 2.
2026-05-21T01:04:47.469523Z [ATTACK] [ATTACK][LAH] Inferred current waypoint from position -> 683.
2026-05-21T01:04:47.470172Z [ATTACK] [ATTACK][LAH] Dropped current waypoint from resume path (currentWP=683, nextWP=684).
2026-05-21T01:04:49.831874Z [ATTACK] [ATTACK][LAH] Preserved completed prefix, inserted attack, and reattached 1 follow-up mission(s).
2026-05-21T01:04:49.838136Z [ATTACK] [ATTACK][LAH] Generated attack/resume missions -> IMP:800000131.json PATHS:200000058.json/200000059.json (followUps=1)
2026-05-21T01:04:49.838917Z [ATTACK] [PRIOR] Falling back to first mission for aircraft 1 (current waypoint not found in plan).
2026-05-21T01:04:49.915110Z [ATTACK] [ATTACK][LAH] Inferred current waypoint from position -> 679.
2026-05-21T01:04:49.916137Z [ATTACK] [ATTACK][LAH] Dropped current waypoint from resume path (currentWP=679, nextWP=680).
2026-05-21T01:04:52.123786Z [ATTACK] [ATTACK][LAH] Preserved completed prefix, inserted hold, and reattached 1 follow-up mission(s).
2026-05-21T01:04:52.129505Z [ATTACK] [ATTACK][LAH] Generated hold/resume missions -> IMP:800000134.json PATHS:100000054.json/100000055.json (followUps=1)
2026-05-21T01:04:52.131472Z [ATTACK] [PRIOR] Falling back to first mission for aircraft 3 (current waypoint not found in plan).
2026-05-21T01:04:52.157085Z [ATTACK] [ATTACK][LAH] Inferred current waypoint from position -> 687.
2026-05-21T01:04:52.157792Z [ATTACK] [ATTACK][LAH] Dropped current waypoint from resume path (currentWP=687, nextWP=688).
2026-05-21T01:04:53.257181Z [ATTACK] [ATTACK][LAH] Preserved completed prefix, inserted hold, and reattached 1 follow-up mission(s).
2026-05-21T01:04:53.262722Z [ATTACK] [ATTACK][LAH] Generated hold/resume missions -> IMP:800000137.json PATHS:300000055.json/300000056.json (followUps=1)
2026-05-21T01:04:53.264362Z [ATTACK] [NEXTCOLLAB] division planner area-division pieces=2
2026-05-21T01:04:53.264865Z [ATTACK] [NEXTCOLLAB] division planner final workflow=no_split paths=2
2026-05-21T01:04:53.265291Z [ATTACK] [ATTACK][COLLAB] Collaborative replacement IMP written (aircraft=5, imp=800000135.json, missions=1).
2026-05-21T01:04:53.265735Z [ATTACK] [ATTACK][COLLAB] Collaborative replacement IMP written (aircraft=6, imp=800000136.json, missions=1).
2026-05-21T01:04:53.266155Z [ATTACK] [ATTACK][COLLAB] First sweep searchSpeed boosted (aircraft=5, pathID=500000076, waypointID=838, factor=1.30, old=1041.99, new=1354.59).
2026-05-21T01:04:53.266775Z [ATTACK] [ATTACK][COLLAB] First sweep searchSpeed boosted (aircraft=6, pathID=600000082, waypointID=850, factor=1.30, old=530.58, new=689.75).
2026-05-21T01:04:53.267332Z [ATTACK] [ATTACK][COLLAB] Collaborative remaining mission replanned (inputMissionID=4, unavailable=[4], remaining=[5, 6], workflow=no_split).
2026-05-21T01:04:53.276022Z [ATTACK] [ATTACK][UAV] Tracking target altitude kept for sensor only; flight altitude replaced 660m -> 1776m.
2026-05-21T01:04:53.562680Z [ATTACK] [ATTACK][UAV] Trimmed stale start waypoint(s) before replan anchor (aircraft=4, pathID=400000082, removedWaypoints=1, firstWP=768).
2026-05-21T01:04:53.767102Z [ATTACK] [ATTACK][UAV] Added replan anchor waypoint to done path (anchorWP=861).
2026-05-21T01:04:53.768086Z [ATTACK] [ATTACK][UAV] Resume sweep trim applied (cutPoints=3, rawCutPoints=9, doneSweepPoints=6, pathID=400000082).
2026-05-21T01:04:53.995914Z [ATTACK] [ATTACK][UAV] Resume searchSpeed scaled (factor=1.30, waypoints=1).
2026-05-21T01:04:54.713637Z [ATTACK] [ATTACK][COLLAB] Tracking UAV resume replaced with release transit (aircraft=4, targetFinishEta=72, speed=58.0m/s).
2026-05-21T01:04:54.715259Z [ATTACK] [ATTACK][UAV] Preserved completed prefix, inserted tracking, and reattached 1 follow-up mission(s).
2026-05-21T01:04:54.776112Z [ATTACK] [ATTACK][UAV] Generated tracking/resume missions -> IMP:800000138.json PATHS:400000089.json/400000090.json (followUps=1)
2026-05-21T01:04:54.785673Z [ATTACK] [ATTACK][UAV] Tracking assignment state saved (aircraft=4, sourcePlan=700000467, attackPlan=700000468).
2026-05-21T01:04:54.786743Z [ATTACK] [ATTACK][COLLAB] Aircraft 5 handled by collaborative remaining replan (inputMissionID=4).
2026-05-21T01:04:54.787788Z [ATTACK] [ATTACK][COLLAB] Aircraft 6 handled by collaborative remaining replan (inputMissionID=4).
2026-05-21T01:04:54.802919Z [ATTACK] [ATTACK][PLAN] carried area remaining snapshot -> mission_area_snapshot_700000468.json (sourcePlanID=700000467, planID=700000468)
2026-05-21T01:04:54.803779Z [ATTACK] [ATTACK][PLAN] MissionPlan saved -> 700000468.json (planID=700000468)
2026-05-21T01:04:54.805131Z [ATTACK] [ATTACK][TIME] override_detail={"phases": {"metadata_normalize": {"elapsedMs": 0.006, "attackTargetCount": 1, "selectedMannedCount": 1}, "agent_index": {"elapsedMs": 0.084, "aircraftCount": 6}, "weapon_choice": {"elapsedMs": 4.996, "selectedWeaponType": 2, "ammoAvailable": true}, "initial_tracking_eta": {"elapsedMs": 0.783, "useDetectionTracking": true, "trackingEtaS": 308}, "resolve_source_plan": {"elapsedMs": 3.495, "sourcePlanID": 700000467}, "source_plan_load": {"elapsedMs": 0.491, "sourcePlanID": 700000467, "aircraftCount": 6}, "sweep_progress_load": {"elapsedMs": 0.632, "entries": 46}, "plan_id_resolve": {"elapsedMs": 0.02, "requested": true, "missionPlanID": 700000468}, "source_artifact_cache_build": {"elapsedMs": 0.017, "aircraftEntries": 6}, "done_input_ids_load": {"elapsedMs": 1.05, "count": 2}, "plan_deepcopy": {"elapsedMs": 0.05}, "target_uav_assignment": {"elapsedMs": 0.521, "assignedTargetCount": 1, "usedTrackingUavCount": 1}, "manned_sequence_assignment": {"elapsedMs": 2.864, "aircraftCount": 1, "error": null}, "attack_coordinate_resolution": {"elapsedMs": 2.697, "resolvedCount": 1, "mannedSequenceCount": 1}, "remaining_eta": {"elapsedMs": 6.66, "allUavCount": 3, "trackingUavCount": 1, "computedEtaCount": 1, "adjustedEtaS": 0}, "descriptor_list_build": {"elapsedMs": 0.033, "descriptorCount": 6, "activeMannedCount": 1, "otherLahCount": 2, "otherUavCount": 2}, "collab_tracking_scan": {"elapsedMs": 1.327, "inputCount": 1, "unavailableUavCount": 1}, "collab_agent_state_map": {"elapsedMs": 6.975, "aircraftCount": 6}, "collab_parallel_started": {"elapsedMs": 0.767, "inputCount": 1, "workers": 1}, "collab_parallel_join": {"elapsedMs": 3.541, "waitReason": "UAV_TRACK", "inputCount": 1}, "descriptor_loop": {"elapsedMs": 8427.038, "descriptorCount": 6, "updateCount": 4}, "final_collab_plan_update": {"elapsedMs": 0.014, "collabInputCount": 1}, "mission_plan_write": {"elapsedMs": 15.253, "missionPlanID": 700000468}, "option_meta_build": {"elapsedMs": 0.07, "targetCount": 1, "collabInputCount": 1}}, "collabRuns": [{"inputMissionID": 4, "unavailableAircraftIDs": [4], "elapsedMs": 5316.704, "status": "ok", "replacementAircraftIDs": [5, 6], "generatedPathCount": 2, "finishEtaS": 72, "workflow": "no_split"}], "descriptorDetails": [{"aircraftID": 2, "label": "manned", "mode": "LAH_ATTACK", "resolveArtifacts": {"elapsedMs": 0.784, "currentWaypointID": null, "sourcePathID": 200000049, "sourceImpID": 800000104}, "loadArtifacts": {"elapsedMs": 0.004, "impLoaded": true, "fpLoaded": true}, "cloneAndLocateMission": {"elapsedMs": 0.069, "missionCount": 2, "targetIndex": 0}, "allocateAndPlanUpdate": {"elapsedMs": 17.607, "newImpID": 800000131}, "builder": {"elapsedMs": 3458.596, "builderMode": "LAH_ATTACK"}, "builderDetail": {"allocate_ids": {"elapsedMs": 1086.543, "attackPathID": 200000058, "resumePathID": 200000059, "attackIndividualID": 900000348, "resumeIndividualID": 900000349, "entryWaypointID": 823, "attackWaypointID": 825}, "split_lah_resume": {"elapsedMs": 931.464, "resumeWaypointCount": 1, "removedWaypointID": 683}, "clone_followups": {"elapsedMs": 739.106, "followUpMissionCount": 1, "followUpPathCount": 1}, "payload_build": {"elapsedMs": 691.561, "hasResume": true, "followUpMissionCount": 1, "attackSpeedMps": 73.61}, "write_json": {"elapsedMs": 4.818, "fileCount": 4}, "totalMs": 3456.833}, "status": "ok", "elapsedMs": 3477.178}, {"aircraftID": 1, "label": "lah_hold_1", "mode": "LAH_HOLD_RESUME", "resolveArtifacts": {"elapsedMs": 0.675, "currentWaypointID": null, "sourcePathID": 100000045, "sourceImpID": 800000103}, "loadArtifacts": {"elapsedMs": 0.005, "impLoaded": true, "fpLoaded": true}, "cloneAndLocateMission": {"elapsedMs": 0.089, "missionCount": 2, "targetIndex": 0}, "allocateAndPlanUpdate": {"elapsedMs": 26.363, "newImpID": 800000134}, "builder": {"elapsedMs": 2265.355, "builderMode": "LAH_HOLD_RESUME"}, "builderDetail": {"allocate_ids": {"elapsedMs": 45.459, "holdPathID": 100000054, "resumePathID": 100000055, "holdIndividualID": 900000356, "resumeIndividualID": 900000357}, "split_lah_resume": {"elapsedMs": 1253.205, "resumeWaypointCount": 1, "removedWaypointID": 679}, "clone_followups": {"elapsedMs": 718.733, "followUpMissionCount": 1, "followUpPathCount": 1}, "payload_build": {"elapsedMs": 958.891, "hasResume": true, "followUpMissionCount": 1}, "write_json": {"elapsedMs": 4.353, "fileCount": 4}, "totalMs": 2265.314}, "status": "ok", "elapsedMs": 2292.608}, {"aircraftID": 3, "label": "lah_hold_3", "mode": "LAH_HOLD_RESUME", "resolveArtifacts": {"elapsedMs": 0.575, "currentWaypointID": null, "sourcePathID": 300000046, "sourceImpID": 800000105}, "loadArtifacts": {"elapsedMs": 0.005, "impLoaded": true, "fpLoaded": true}, "cloneAndLocateMission": {"elapsedMs": 0.09, "missionCount": 2, "targetIndex": 0}, "allocateAndPlanUpdate": {"elapsedMs": 6.551, "newImpID": 800000137}, "builder": {"elapsedMs": 1125.531, "builderMode": "LAH_HOLD_RESUME"}, "builderDetail": {"allocate_ids": {"elapsedMs": 18.106, "holdPathID": 300000055, "resumePathID": 300000056, "holdIndividualID": 900000360, "resumeIndividualID": 900000361}, "split_lah_resume": {"elapsedMs": 656.423, "resumeWaypointCount": 1, "removedWaypointID": 687}, "clone_followups": {"elapsedMs": 239.878, "followUpMissionCount": 1, "followUpPathCount": 1}, "payload_build": {"elapsedMs": 443.741, "hasResume": true, "followUpMissionCount": 1}, "write_json": {"elapsedMs": 4.05, "fileCount": 4}, "totalMs": 1125.497}, "status": "ok", "elapsedMs": 1132.871}, {"aircraftID": 4, "label": "uav_tracking_4", "mode": "UAV_TRACK", "resolveArtifacts": {"elapsedMs": 0.022, "currentWaypointID": 767, "sourcePathID": 400000082, "sourceImpID": 800000121}, "loadArtifacts": {"elapsedMs": 0.004, "impLoaded": true, "fpLoaded": true}, "cloneAndLocateMission": {"elapsedMs": 0.126, "missionCount": 2, "targetIndex": 0}, "allocateAndPlanUpdate": {"elapsedMs": 7.806, "newImpID": 800000138}, "builder": {"elapsedMs": 1500.884, "builderMode": "UAV_TRACK"}, "builderDetail": {"allocate_ids": {"elapsedMs": 277.2, "donePathID": 400000088, "attackPathID": 400000089, "resumePathID": 400000090, "trackingIndividualID": 900000363, "resumeIndividualID": 900000364, "targetWaypointID": 860}, "split_done_resume": {"elapsedMs": 661.367, "sourceSinglePoint": false, "doneWaypointCount": 2, "resumeWaypointCount": 1, "removedWaypointID": 767}, "clone_followups": {"elapsedMs": 263.32, "followUpMissionCount": 1, "followUpPathCount": 1}, "release_resume": {"elapsedMs": 232.816, "releaseWaypointCount": 2, "targetFinishEtaS": 72}, "write_json": {"elapsedMs": 59.357, "fileCount": 5}, "totalMs": 1498.374}, "trackingState": {"elapsedMs": 8.787}, "status": "ok", "elapsedMs": 1518.487}, {"aircraftID": 5, "label": "uav_resume_5", "mode": "UAV_RESUME", "resolveArtifacts": {"elapsedMs": 0.026, "currentWaypointID": 790, "sourcePathID": 500000073, "sourceImpID": 800000123}, "loadArtifacts": {"elapsedMs": 0.004, "impLoaded": true, "fpLoaded": true}, "cloneAndLocateMission": {"elapsedMs": 0.173, "missionCount": 2, "targetIndex": 0}, "status": "handled_by_collab", "elapsedMs": 0.951}, {"aircraftID": 6, "label": "uav_resume_6", "mode": "UAV_RESUME", "resolveArtifacts": {"elapsedMs": 0.02, "currentWaypointID": 804, "sourcePathID": 600000076, "sourceImpID": 800000127}, "loadArtifacts": {"elapsedMs": 0.004, "impLoaded": true, "fpLoaded": true}, "cloneAndLocateMission": {"elapsedMs": 0.214, "missionCount": 2, "targetIndex": 0}, "status": "handled_by_collab", "elapsedMs": 0.878}], "totalMs": 8469}
2026-05-21T01:04:54.805778Z [ATTACK] [ATTACK][TIME] override_total=8469ms
2026-05-21T01:04:54.806500Z [ATTACK] [TIME] apply_attack_plan_overrides=8482ms
2026-05-21T01:04:54.814954Z [ATTACK] [TIME] timingMs={"read_source": 11.134, "descriptor_build": 4.438, "write_artifacts": 8488.9, "delivery_wait": 7.778}
2026-05-21T01:04:54.815576Z [ATTACK] [TIME] total=8513ms
2026-05-21T01:04:54.821167Z [ATTACK] 분석 로그 저장: C:\Users\TRL98\Desktop\LAH_MUMT\Logs\Scenario_2026-05-21T085327\SBC3\DSS_Internal\log_attack_algorithm_20260521T010454_816377.json
2026-05-21T01:04:54.831931Z [ATTACK] mark target used: targetIDs=68
2026-05-21T01:04:54.852081Z [ATTACK-EXCLUDE] ATTACK-EXCLUDE using requested missionPlanID 700000469 (sourcePlanID=700000467)
2026-05-21T01:04:54.852758Z [ATTACK-EXCLUDE] [PRIOR][UAV] Resume sweep trim applied (cutPoints=9, rawCutPoints=9, doneSweepPoints=0, pathID=400000082).
2026-05-21T01:04:54.853319Z [ATTACK-EXCLUDE] [PRIOR][UAV] Resume searchSpeed scaled (factor=1.30, waypoints=1).
2026-05-21T01:04:54.853918Z [ATTACK-EXCLUDE] [PRIOR][UAV] Generated done/resume mission -> aircraft=4 IMP:800000130.json PATHS:400000086.json
2026-05-21T01:04:54.854537Z [ATTACK-EXCLUDE] [PRIOR][UAV] Resume sweep trim applied (cutPoints=4, rawCutPoints=4, doneSweepPoints=0, pathID=500000073).
2026-05-21T01:04:54.855063Z [ATTACK-EXCLUDE] [PRIOR][UAV] Resume searchSpeed scaled (factor=1.30, waypoints=1).
2026-05-21T01:04:54.855563Z [ATTACK-EXCLUDE] [PRIOR][UAV] Generated done/resume mission -> aircraft=5 IMP:800000132.json PATHS:500000078.json
2026-05-21T01:04:54.856199Z [ATTACK-EXCLUDE] [PRIOR][UAV] Resume sweep trim applied (cutPoints=14, rawCutPoints=14, doneSweepPoints=0, pathID=600000076).
2026-05-21T01:04:54.856749Z [ATTACK-EXCLUDE] [PRIOR][UAV] Resume searchSpeed scaled (factor=1.30, waypoints=1).
2026-05-21T01:04:54.857284Z [ATTACK-EXCLUDE] [PRIOR][UAV] Generated done/resume mission -> aircraft=6 IMP:800000133.json PATHS:600000084.json
2026-05-21T01:04:54.857798Z [ATTACK-EXCLUDE] 공격 배제 MissionPlan 저장 -> 700000469.json (planID=700000469)
2026-05-21T01:04:54.858389Z [ATTACK-EXCLUDE] ATTACK-EXCLUDE carried area remaining snapshot -> mission_area_snapshot_700000469.json (sourcePlanID=700000467, planID=700000469)
2026-05-21T01:04:55.492116Z [ATTACK] 공격 임무 계획 완료 (planIds=700000468)
2026-05-21T01:04:55.493481Z [INFO] UAV params loaded (cruise=40.00, turn_step=15.0)
2026-05-21T01:04:55.494135Z [INFO] Latest input snapshot → 0201:ID=2,ts=832640581415,src=-, 0203:ID=1,ts=832638838538,src=-
2026-05-21T01:04:55.494686Z [STEP 0] Using latest 0201 ID 2 (2.json)
2026-05-21T01:04:55.495198Z [STEP 0] Using latest 0203 ID 1 (1.json)
2026-05-21T01:04:55.495736Z [CHECK] 0201/0203 필수 데이터 확인 시작
2026-05-21T01:04:55.496234Z [OK] 0201 inputMissionList 확인됨 (count=4) → 진행
2026-05-21T01:04:55.496890Z [OK] 0201 availableAircraftList 확인됨 (count=6) → 진행
2026-05-21T01:04:55.497461Z [OK] 0201 inputMissionPackageType=1 확인
2026-05-21T01:04:55.498003Z [OK] 0201 mainSensor=1 확인
2026-05-21T01:04:55.498477Z [CHECK] 0201 기체 수=6 (UAV=3, LAH=3)
2026-05-21T01:04:55.498909Z [CHECK] 0201 임무: total=4 missingID=0 missingDetail=0 missingShape=0 unknownType=0 typeZeroAuto=0 typeZeroInvalid=0 lineOnlyViolation=0 skippedSinglePoint=0
2026-05-21T01:04:55.499318Z [OK] 0203 takeOverInfoList 확인됨 (count=3) → 진행
2026-05-21T01:04:55.499715Z [OK] 0203 handOverInfoList 확인됨 (count=3) → 진행
2026-05-21T01:04:55.500108Z [OK] 0203 flightAreaList 확인됨 (count=1) → 진행
2026-05-21T01:04:55.500494Z [CHECK] 0203 flightAreaList count=1
2026-05-21T01:04:55.500875Z [INFO] 임무 진행영역 스냅샷 적용: sourcePlan=700000467, updated=2, done=0
2026-05-21T01:04:55.501288Z [INFO] 임무 진행영역 재계획 collapse 적용: groups=2, normalized=3, 4
2026-05-21T01:04:55.501750Z [INFO] Filtered completed input missions (removed=1, 2, converted=-, widthAdjusted=-, skippedSinglePoint=-, snapshot=updated=2, done=0, collapse=groups=2, normalized=3,4)
2026-05-21T01:04:55.502183Z [REPLAN][TIME] variant_started_ms=8559.2 wall_ms=1779325494851 variant=1 option=3 mode=attack_exclusion
2026-05-21T01:04:55.502598Z [variant 1] 공격 배제 병렬 결과 병합
2026-05-21T01:04:55.503008Z [REPLAN][TIME] attack_exclusion_parallel_joined_ms=8566.1 wall_ms=1779325494858 variant=1 duration_ms=5104.82 wait_ms=0.01
2026-05-21T01:04:55.503415Z [OK] 공격 배제 variant 저장: MissionPlanID=700000469 (elapsed=5104.8 ms)
2026-05-21T01:04:55.503824Z [INFO] Option mapping #1: planID=700000469, optionCode=3(공격배제)
2026-05-21T01:04:55.504232Z [REPLAN][TIME] variant_finished_ms=8566.3 wall_ms=1779325494858 variant=1 option=3 mode=attack_exclusion status=success duration_ms=5104.82
2026-05-21T01:04:55.504636Z [OK] Stored mission data: MissionPlan=1, IndividualMission=0, FlightPath=0
2026-05-21T01:04:55.505041Z [REPLAN][TIME] id_tab_update_deferred_ms=8567.3 wall_ms=1779325494860
2026-05-21T01:04:55.505446Z [REPLAN][TIME] pipeline_done_ms=8567.4 wall_ms=1779325494860 plans=2 force_direct=False
2026-05-21T01:04:55.505856Z [REPLAN][TIME] 0301_queued_ms=8567.5 wall_ms=1779325494860 plans=2
2026-05-21T01:04:55.506261Z [STEP 4] 0301 push queued (planIds=700000468, 700000469)
2026-05-21T01:04:55.507458Z [0402] delivery suppressed before 0301: Target 정보 변경으로 인한 재계획 중단
2026-05-21T01:04:55.509396Z [0001] notice sent: Target 정보 변경으로 인한 재계획 중단
2026-05-21T01:04:55.510434Z [REPLAN][METRIC] source_artifact_cache entries=21 hits=39 misses=21
2026-05-21T01:04:56.059040Z [REPLAN][TIME] 0902_received_ms=0.3 wall_ms=1779325496058 trigger=attack_2_option replanLevel=2 optionCount=2 forceDirect=0
2026-05-21T01:04:56.060052Z [REPLAN][TIME] 0902_archived_ms=1.4 wall_ms=1779325496059 path=replan_request_832640686511.json
2026-05-21T01:04:56.060576Z [AUTO] 0902 received (planIds=700000470, 700000471)
2026-05-21T01:04:56.061083Z [REPLAN][TIME] pipeline_scheduled_ms=2.5 wall_ms=1779325496060 delay_ms=0
2026-05-21T01:04:56.062021Z [REPLAN][TIME] scheduled_start_ms=3.4 wall_ms=1779325496061
2026-05-21T01:04:56.064480Z [REPLAN][TIME] 0305_status_1_ms=5.5 wall_ms=1779325496063 reason=표적69 등 2개 발견
2026-05-21T01:04:56.065238Z [0305] status=1, reason=표적69 등 2개 발견 전송
2026-05-21T01:04:56.070945Z [INFO] Using latest 0203 ID 1 for missionReferencePackageID (fallback)
2026-05-21T01:04:56.071571Z [STEP 0] Replan pipeline start (reason=표적69 등 2개 발견)
2026-05-21T01:04:56.073300Z [REPLAN][TIME] attack_exclusion_parallel_started_ms=12.2 wall_ms=1779325496070 option_index=2 sourcePlanID=700000467
2026-05-21T01:04:56.073852Z [ATTACK-EXCLUDE] parallel generation started (sourcePlanID=700000467, optionIndex=2)
2026-05-21T01:04:56.074617Z [ATTACK] 공격 특화 재계획 요청 감지 → 전용 파이프라인 실행
2026-05-21T01:04:56.081405Z [ATTACK] [TIME] select_manned_aircraft=10ms
2026-05-21T01:04:56.081866Z [ATTACK] STEP1 Selected manned aircraft: aircraft 3 (fuel=1200.0, coord=(37.720611572265625, 128.11573791503906, alt=1200))
2026-05-21T01:04:56.083380Z [ATTACK] [TIME] load_target_entries=1ms
2026-05-21T01:04:56.083844Z [ATTACK] STEP2 UAV tracking summary: watcher 4?’target 68, watcher 6?’target 69, watcher 5?’target 57, watcher 4?’target 58, watcher 4?’target 63, watcher 4?’target unknown-16, watcher 4?’target unknown-2, watcher 4?’target unknown-21, watcher 4?’target unknown-22, watcher 4?’target unknown-25, watcher 4?’target unknown-28, watcher 4?’target unknown-30, watcher 4?’target unknown-32, watcher 4?’target unknown-4, watcher 4?’target unknown-5, watcher 4?’target unknown-8, watcher 5?’target unknown-1, watcher 5?’target unknown-11, watcher 5?’target unknown-18, watcher 5?’target unknown-19, watcher 5?’target unknown-26, watcher 5?’target unknown-3, watcher 5?’target unknown-31, watcher 5?’target unknown-33, watcher 5?’target unknown-35, watcher 5?’target unknown-6, watcher 5?’target unknown-9, watcher 6?’target unknown-10, watcher 6?’target unknown-13, watcher 6?’target unknown-14, watcher 6?’target unknown-15, watcher 6?’target unknown-17, watcher 6?’target unknown-20, watcher 6?’target unknown-23, watcher 6?’target unknown-24, watcher 6?’target unknown-27, watcher 6?’target unknown-29, watcher 6?’target unknown-34, watcher 6?’target unknown-7, watcher 4?’target 53, watcher 6?’target 54, watcher 4?’target 55, watcher 5?’target 56, watcher 6?’target 59, watcher 4?’target 59, watcher 5?’target 60, watcher 6?’target 61, watcher 6?’target 62, watcher 5?’target 64, watcher 4?’target 64, watcher 6?’target 65, watcher 4?’target 66, watcher 6?’target 67, watcher 4?’target 67
2026-05-21T01:04:56.084459Z [ATTACK] STEP2.5 Using bundled 0402 targets: target=69 watcher=6, target=68 watcher=4
2026-05-21T01:04:56.088259Z [ATTACK] STEP2.6 Multi-target manned selection: 2, 3
2026-05-21T01:04:56.092457Z [ATTACK] [ATTACK] Selected target id=69 type=1 weaponType=2 (preferred=2, ammo={'type1': 500, 'type2': 7, 'type3': 2})
2026-05-21T01:04:56.101047Z [ATTACK] [TIME] compute_attack_point=8ms
2026-05-21T01:04:56.101572Z [ATTACK] STEP3 Attack plan completed: lat=37.896478, lon=128.158619, alt=1048m
2026-05-21T01:04:56.102175Z [ATTACK] [ATTACK] Using remembered waypoint 804 for watcher 6 while auto-tracking.
2026-05-21T01:04:56.105250Z [ATTACK] [ATTACK] Weapon choice aircraft=2 preferred=2 selected=2 ammo={'type1': 500, 'type2': 7, 'type3': 2}
2026-05-21T01:04:56.105726Z [ATTACK] [ATTACK][ETA] Tracking ETA computed with LAH max attack speed (dist=19993.2m, speed=73.61m/s, +30s) -> 302s
2026-05-21T01:04:56.109433Z [ATTACK] [ATTACK] Using requested missionPlanID 700000470 (sourcePlanID=700000467)
2026-05-21T01:04:56.137554Z [ATTACK] [ATTACK][ETA] UAV 5 remaining mission time: 0.0s
2026-05-21T01:04:56.138102Z [ATTACK] [ATTACK][ETA] Non-tracking UAV ETA selected: UAV 5 with 0s remaining
2026-05-21T01:04:56.138613Z [ATTACK] [ATTACK][ETA] All tracking ETAs unified to 0s
2026-05-21T01:04:56.167534Z [ATTACK] [ATTACK][COLLAB] Remaining UAV entry lookahead applied: 9.0s (pathFollow=3, linearFallback=3, currentOnly=0)
2026-05-21T01:04:56.169209Z [ATTACK] [PRIOR] Falling back to first mission for aircraft 2 (current waypoint not found in plan).
2026-05-21T01:04:57.402938Z [ATTACK] [ATTACK][LAH] Using max attack speed 73.61m/s (265.0km/h) for aircraft 2.
2026-05-21T01:04:57.403908Z [ATTACK] [ATTACK][LAH] Inferred current waypoint from position -> 683.
2026-05-21T01:04:57.404666Z [ATTACK] [ATTACK][LAH] Dropped current waypoint from resume path (currentWP=683, nextWP=684).
2026-05-21T01:04:59.747031Z [ATTACK] [ATTACK][LAH] Preserved completed prefix, inserted attack, and reattached 1 follow-up mission(s).
2026-05-21T01:04:59.752648Z [ATTACK] [ATTACK][LAH] Generated attack/resume missions -> IMP:800000140.json PATHS:200000061.json/200000062.json (followUps=1)
2026-05-21T01:04:59.753473Z [ATTACK] [PRIOR] Falling back to first mission for aircraft 3 (current waypoint not found in plan).
2026-05-21T01:05:00.496856Z [ATTACK] [ATTACK][LAH] Using max attack speed 73.61m/s (265.0km/h) for aircraft 3.
2026-05-21T01:05:00.497793Z [ATTACK] [ATTACK][LAH] Inferred current waypoint from position -> 687.
2026-05-21T01:05:00.498368Z [ATTACK] [ATTACK][LAH] Dropped current waypoint from resume path (currentWP=687, nextWP=688).
2026-05-21T01:05:01.964698Z [ATTACK] [ATTACK][LAH] Preserved completed prefix, inserted attack, and reattached 1 follow-up mission(s).
2026-05-21T01:05:01.969411Z [ATTACK] [ATTACK][LAH] Generated attack/resume missions -> IMP:800000144.json PATHS:300000058.json/300000059.json (followUps=1)
2026-05-21T01:05:01.970374Z [ATTACK] [PRIOR] Falling back to first mission for aircraft 1 (current waypoint not found in plan).
2026-05-21T01:05:02.003601Z [ATTACK] [ATTACK][LAH] Inferred current waypoint from position -> 679.
2026-05-21T01:05:02.004285Z [ATTACK] [ATTACK][LAH] Dropped current waypoint from resume path (currentWP=679, nextWP=680).
2026-05-21T01:05:03.234931Z [ATTACK] [ATTACK][LAH] Preserved completed prefix, inserted hold, and reattached 1 follow-up mission(s).
2026-05-21T01:05:03.240869Z [ATTACK] [ATTACK][LAH] Generated hold/resume missions -> IMP:800000145.json PATHS:100000057.json/100000058.json (followUps=1)
2026-05-21T01:05:03.242816Z [ATTACK] [NEXTCOLLAB] division planner area-division pieces=1
2026-05-21T01:05:03.243329Z [ATTACK] [NEXTCOLLAB] division planner final workflow=no_split paths=1
2026-05-21T01:05:03.243790Z [ATTACK] [ATTACK][COLLAB] Collaborative replacement IMP written (aircraft=5, imp=800000142.json, missions=1).
2026-05-21T01:05:03.244231Z [ATTACK] [ATTACK][COLLAB] First sweep searchSpeed boosted (aircraft=5, pathID=500000080, waypointID=882, factor=1.30, old=2360.00, new=3068.00).
2026-05-21T01:05:03.244666Z [ATTACK] [ATTACK][COLLAB] Collaborative remaining mission replanned (inputMissionID=4, unavailable=[4, 6], remaining=[5], workflow=no_split).
2026-05-21T01:05:03.521094Z [ATTACK] [ATTACK][UAV] Source path has a single waypoint; preserving it as done and skipping done/resume split.
2026-05-21T01:05:04.007010Z [ATTACK] [ATTACK][COLLAB] Tracking UAV resume replaced with release transit (aircraft=6, targetFinishEta=47, speed=58.0m/s).
2026-05-21T01:05:04.008636Z [ATTACK] [ATTACK][UAV] Preserved completed prefix, inserted tracking, and reattached 1 follow-up mission(s).
2026-05-21T01:05:04.047900Z [ATTACK] [ATTACK][UAV] Generated tracking/resume missions -> IMP:800000146.json PATHS:600000090.json/600000091.json (followUps=1)
2026-05-21T01:05:04.051161Z [ATTACK] [ATTACK][UAV] Tracking assignment state saved (aircraft=6, sourcePlan=700000467, attackPlan=700000470).
2026-05-21T01:05:04.059791Z [ATTACK] [ATTACK][UAV] Tracking target altitude kept for sensor only; flight altitude replaced 660m -> 1776m.
2026-05-21T01:05:04.372676Z [ATTACK] [ATTACK][UAV] Trimmed stale start waypoint(s) before replan anchor (aircraft=4, pathID=400000082, removedWaypoints=1, firstWP=768).
2026-05-21T01:05:04.595035Z [ATTACK] [ATTACK][UAV] Added replan anchor waypoint to done path (anchorWP=915).
2026-05-21T01:05:04.595715Z [ATTACK] [ATTACK][UAV] Resume sweep trim applied (cutPoints=3, rawCutPoints=9, doneSweepPoints=6, pathID=400000082).
2026-05-21T01:05:04.825985Z [ATTACK] [ATTACK][UAV] Resume searchSpeed scaled (factor=1.30, waypoints=1).
2026-05-21T01:05:05.572327Z [ATTACK] [ATTACK][COLLAB] Tracking UAV resume replaced with release transit (aircraft=4, targetFinishEta=47, speed=58.0m/s).
2026-05-21T01:05:05.574049Z [ATTACK] [ATTACK][UAV] Preserved completed prefix, inserted tracking, and reattached 1 follow-up mission(s).
2026-05-21T01:05:05.612094Z [ATTACK] [ATTACK][UAV] Generated tracking/resume missions -> IMP:800000147.json PATHS:400000096.json/400000097.json (followUps=1)
2026-05-21T01:05:05.620125Z [ATTACK] [ATTACK][UAV] Tracking assignment state saved (aircraft=4, sourcePlan=700000467, attackPlan=700000470).
2026-05-21T01:05:05.621269Z [ATTACK] [ATTACK][COLLAB] Aircraft 5 handled by collaborative remaining replan (inputMissionID=4).
2026-05-21T01:05:05.631136Z [ATTACK] [ATTACK][PLAN] carried area remaining snapshot -> mission_area_snapshot_700000470.json (sourcePlanID=700000467, planID=700000470)
2026-05-21T01:05:05.631655Z [ATTACK] [ATTACK][PLAN] MissionPlan saved -> 700000470.json (planID=700000470)
2026-05-21T01:05:05.632588Z [ATTACK] [ATTACK][TIME] override_detail={"phases": {"metadata_normalize": {"elapsedMs": 0.006, "attackTargetCount": 2, "selectedMannedCount": 2}, "agent_index": {"elapsedMs": 0.083, "aircraftCount": 6}, "weapon_choice": {"elapsedMs": 2.622, "selectedWeaponType": 2, "ammoAvailable": true}, "initial_tracking_eta": {"elapsedMs": 0.449, "useDetectionTracking": true, "trackingEtaS": 302}, "resolve_source_plan": {"elapsedMs": 1.937, "sourcePlanID": 700000467}, "source_plan_load": {"elapsedMs": 0.454, "sourcePlanID": 700000467, "aircraftCount": 6}, "sweep_progress_load": {"elapsedMs": 0.773, "entries": 46}, "plan_id_resolve": {"elapsedMs": 0.021, "requested": true, "missionPlanID": 700000470}, "source_artifact_cache_build": {"elapsedMs": 0.012, "aircraftEntries": 6}, "done_input_ids_load": {"elapsedMs": 1.338, "count": 2}, "plan_deepcopy": {"elapsedMs": 0.052}, "target_uav_assignment": {"elapsedMs": 0.673, "assignedTargetCount": 2, "usedTrackingUavCount": 2}, "manned_sequence_assignment": {"elapsedMs": 11.841, "aircraftCount": 2, "error": null}, "attack_coordinate_resolution": {"elapsedMs": 10.764, "resolvedCount": 2, "mannedSequenceCount": 2}, "remaining_eta": {"elapsedMs": 3.705, "allUavCount": 3, "trackingUavCount": 2, "computedEtaCount": 2, "adjustedEtaS": 0}, "descriptor_list_build": {"elapsedMs": 0.028, "descriptorCount": 6, "activeMannedCount": 2, "otherLahCount": 1, "otherUavCount": 1}, "collab_tracking_scan": {"elapsedMs": 2.806, "inputCount": 1, "unavailableUavCount": 2}, "collab_agent_state_map": {"elapsedMs": 26.24, "aircraftCount": 6}, "collab_parallel_started": {"elapsedMs": 0.885, "inputCount": 1, "workers": 1}, "collab_parallel_join": {"elapsedMs": 2.371, "waitReason": "UAV_TRACK", "inputCount": 1}, "descriptor_loop": {"elapsedMs": 9453.189, "descriptorCount": 6, "updateCount": 5}, "final_collab_plan_update": {"elapsedMs": 0.009, "collabInputCount": 1}, "mission_plan_write": {"elapsedMs": 9.73, "missionPlanID": 700000470}, "option_meta_build": {"elapsedMs": 0.046, "targetCount": 2, "collabInputCount": 1}}, "collabRuns": [{"inputMissionID": 4, "unavailableAircraftIDs": [4, 6], "elapsedMs": 2846.95, "status": "ok", "replacementAircraftIDs": [5], "generatedPathCount": 1, "finishEtaS": 47, "workflow": "no_split"}], "descriptorDetails": [{"aircraftID": 2, "label": "manned", "mode": "LAH_ATTACK", "resolveArtifacts": {"elapsedMs": 0.59, "currentWaypointID": null, "sourcePathID": 200000049, "sourceImpID": 800000104}, "loadArtifacts": {"elapsedMs": 0.004, "impLoaded": true, "fpLoaded": true}, "cloneAndLocateMission": {"elapsedMs": 0.096, "missionCount": 2, "targetIndex": 0}, "allocateAndPlanUpdate": {"elapsedMs": 356.106, "newImpID": 800000140}, "builder": {"elapsedMs": 3227.392, "builderMode": "LAH_ATTACK"}, "builderDetail": {"allocate_ids": {"elapsedMs": 873.61, "attackPathID": 200000061, "resumePathID": 200000062, "attackIndividualID": 900000369, "resumeIndividualID": 900000370, "entryWaypointID": 874, "attackWaypointID": 875}, "split_lah_resume": {"elapsedMs": 1048.996, "resumeWaypointCount": 1, "removedWaypointID": 683}, "clone_followups": {"elapsedMs": 1030.397, "followUpMissionCount": 1, "followUpPathCount": 1}, "payload_build": {"elapsedMs": 263.604, "hasResume": true, "followUpMissionCount": 1, "attackSpeedMps": 73.61}, "write_json": {"elapsedMs": 4.213, "fileCount": 4}, "totalMs": 3224.158}, "status": "ok", "elapsedMs": 3584.323}, {"aircraftID": 3, "label": "manned", "mode": "LAH_ATTACK", "resolveArtifacts": {"elapsedMs": 0.823, "currentWaypointID": null, "sourcePathID": 300000046, "sourceImpID": 800000105}, "loadArtifacts": {"elapsedMs": 0.006, "impLoaded": true, "fpLoaded": true}, "cloneAndLocateMission": {"elapsedMs": 0.118, "missionCount": 2, "targetIndex": 0}, "allocateAndPlanUpdate": {"elapsedMs": 16.394, "newImpID": 800000144}, "builder": {"elapsedMs": 2199.395, "builderMode": "LAH_ATTACK"}, "builderDetail": {"allocate_ids": {"elapsedMs": 720.246, "attackPathID": 300000058, "resumePathID": 300000059, "attackIndividualID": 900000376, "resumeIndividualID": 900000377, "entryWaypointID": 890, "attackWaypointID": 894}, "split_lah_resume": {"elapsedMs": 967.891, "resumeWaypointCount": 1, "removedWaypointID": 687}, "clone_followups": {"elapsedMs": 244.448, "followUpMissionCount": 1, "followUpPathCount": 1}, "payload_build": {"elapsedMs": 254.457, "hasResume": true, "followUpMissionCount": 1, "attackSpeedMps": 73.61}, "write_json": {"elapsedMs": 3.426, "fileCount": 4}, "totalMs": 2193.839}, "status": "ok", "elapsedMs": 2216.886}, {"aircraftID": 1, "label": "lah_hold_1", "mode": "LAH_HOLD_RESUME", "resolveArtifacts": {"elapsedMs": 0.625, "currentWaypointID": null, "sourcePathID": 100000045, "sourceImpID": 800000103}, "loadArtifacts": {"elapsedMs": 0.006, "impLoaded": true, "fpLoaded": true}, "cloneAndLocateMission": {"elapsedMs": 0.145, "missionCount": 2, "targetIndex": 0}, "allocateAndPlanUpdate": {"elapsedMs": 7.067, "newImpID": 800000145}, "builder": {"elapsedMs": 1264.461, "builderMode": "LAH_HOLD_RESUME"}, "builderDetail": {"allocate_ids": {"elapsedMs": 22.516, "holdPathID": 100000057, "resumePathID": 100000058, "holdIndividualID": 900000379, "resumeIndividualID": 900000380}, "split_lah_resume": {"elapsedMs": 748.871, "resumeWaypointCount": 1, "removedWaypointID": 679}, "clone_followups": {"elapsedMs": 256.375, "followUpMissionCount": 1, "followUpPathCount": 1}, "payload_build": {"elapsedMs": 485.148, "hasResume": true, "followUpMissionCount": 1}, "write_json": {"elapsedMs": 4.213, "fileCount": 4}, "totalMs": 1264.418}, "status": "ok", "elapsedMs": 1272.454}, {"aircraftID": 6, "label": "uav_tracking_6", "mode": "UAV_TRACK", "resolveArtifacts": {"elapsedMs": 0.023, "currentWaypointID": 804, "sourcePathID": 600000076, "sourceImpID": 800000127}, "loadArtifacts": {"elapsedMs": 0.004, "impLoaded": true, "fpLoaded": true}, "cloneAndLocateMission": {"elapsedMs": 0.169, "missionCount": 2, "targetIndex": 0}, "allocateAndPlanUpdate": {"elapsedMs": 7.724, "newImpID": 800000146}, "builder": {"elapsedMs": 795.547, "builderMode": "UAV_TRACK"}, "builderDetail": {"allocate_ids": {"elapsedMs": 265.112, "donePathID": 600000089, "attackPathID": 600000090, "resumePathID": 600000091, "trackingIndividualID": 900000382, "resumeIndividualID": 900000383, "targetWaypointID": 908}, "split_done_resume": {"elapsedMs": 0.825, "sourceSinglePoint": true, "doneWaypointCount": 1, "resumeWaypointCount": 0, "removedWaypointID": 804}, "clone_followups": {"elapsedMs": 259.933, "followUpMissionCount": 1, "followUpPathCount": 1}, "release_resume": {"elapsedMs": 225.351, "releaseWaypointCount": 2, "targetFinishEtaS": 47}, "write_json": {"elapsedMs": 37.696, "fileCount": 5}, "totalMs": 793.114}, "trackingState": {"elapsedMs": 2.328}, "status": "ok", "elapsedMs": 806.724}, {"aircraftID": 4, "label": "uav_tracking_4", "mode": "UAV_TRACK", "resolveArtifacts": {"elapsedMs": 0.024, "currentWaypointID": 767, "sourcePathID": 400000082, "sourceImpID": 800000121}, "loadArtifacts": {"elapsedMs": 0.004, "impLoaded": true, "fpLoaded": true}, "cloneAndLocateMission": {"elapsedMs": 0.164, "missionCount": 2, "targetIndex": 0}, "allocateAndPlanUpdate": {"elapsedMs": 7.452, "newImpID": 800000147}, "builder": {"elapsedMs": 1553.088, "builderMode": "UAV_TRACK"}, "builderDetail": {"allocate_ids": {"elapsedMs": 305.427, "donePathID": 400000095, "attackPathID": 400000096, "resumePathID": 400000097, "trackingIndividualID": 900000385, "resumeIndividualID": 900000386, "targetWaypointID": 914}, "split_done_resume": {"elapsedMs": 720.947, "sourceSinglePoint": false, "doneWaypointCount": 2, "resumeWaypointCount": 1, "removedWaypointID": 767}, "clone_followups": {"elapsedMs": 233.921, "followUpMissionCount": 1, "followUpPathCount": 1}, "release_resume": {"elapsedMs": 247.945, "releaseWaypointCount": 2, "targetFinishEtaS": 47}, "write_json": {"elapsedMs": 36.707, "fileCount": 5}, "totalMs": 1549.046}, "trackingState": {"elapsedMs": 7.334}, "status": "ok", "elapsedMs": 1569.023}, {"aircraftID": 5, "label": "uav_resume_5", "mode": "UAV_RESUME", "resolveArtifacts": {"elapsedMs": 0.029, "currentWaypointID": 790, "sourcePathID": 500000073, "sourceImpID": 800000123}, "loadArtifacts": {"elapsedMs": 0.005, "impLoaded": true, "fpLoaded": true}, "cloneAndLocateMission": {"elapsedMs": 0.167, "missionCount": 2, "targetIndex": 0}, "status": "handled_by_collab", "elapsedMs": 0.809}], "totalMs": 9524}
2026-05-21T01:05:05.633069Z [ATTACK] [ATTACK][TIME] override_total=9524ms
2026-05-21T01:05:05.633616Z [ATTACK] [TIME] apply_attack_plan_overrides=9532ms
2026-05-21T01:05:05.637254Z [ATTACK] [TIME] timingMs={"read_source": 12.973, "descriptor_build": 8.612, "write_artifacts": 9542.089, "delivery_wait": 3.103}
2026-05-21T01:05:05.637826Z [ATTACK] [TIME] total=9567ms
2026-05-21T01:05:05.644145Z [ATTACK] 분석 로그 저장: C:\Users\TRL98\Desktop\LAH_MUMT\Logs\Scenario_2026-05-21T085327\SBC3\DSS_Internal\log_attack_algorithm_20260521T010505_638590.json
2026-05-21T01:05:05.653803Z [ATTACK] mark target used: targetIDs=69, 68
2026-05-21T01:05:05.671753Z [ATTACK-EXCLUDE] ATTACK-EXCLUDE using requested missionPlanID 700000471 (sourcePlanID=700000467)
2026-05-21T01:05:05.672388Z [ATTACK-EXCLUDE] [PRIOR][UAV] Resume sweep trim applied (cutPoints=9, rawCutPoints=9, doneSweepPoints=0, pathID=400000082).
2026-05-21T01:05:05.672950Z [ATTACK-EXCLUDE] [PRIOR][UAV] Resume searchSpeed scaled (factor=1.30, waypoints=1).
2026-05-21T01:05:05.673526Z [ATTACK-EXCLUDE] [PRIOR][UAV] Generated done/resume mission -> aircraft=4 IMP:800000139.json PATHS:400000093.json
2026-05-21T01:05:05.674166Z [ATTACK-EXCLUDE] [PRIOR][UAV] Resume sweep trim applied (cutPoints=6, rawCutPoints=6, doneSweepPoints=0, pathID=500000073).
2026-05-21T01:05:05.674694Z [ATTACK-EXCLUDE] [PRIOR][UAV] Resume searchSpeed scaled (factor=1.30, waypoints=1).
2026-05-21T01:05:05.675333Z [ATTACK-EXCLUDE] [PRIOR][UAV] Generated done/resume mission -> aircraft=5 IMP:800000141.json PATHS:500000082.json
2026-05-21T01:05:05.675863Z [ATTACK-EXCLUDE] [PRIOR][UAV] Resume sweep trim applied (cutPoints=14, rawCutPoints=14, doneSweepPoints=0, pathID=600000076).
2026-05-21T01:05:05.676282Z [ATTACK-EXCLUDE] [PRIOR][UAV] Resume searchSpeed scaled (factor=1.30, waypoints=1).
2026-05-21T01:05:05.676660Z [ATTACK-EXCLUDE] [PRIOR][UAV] Generated done/resume mission -> aircraft=6 IMP:800000143.json PATHS:600000087.json
2026-05-21T01:05:05.677044Z [ATTACK-EXCLUDE] 공격 배제 MissionPlan 저장 -> 700000471.json (planID=700000471)
2026-05-21T01:05:05.677412Z [ATTACK-EXCLUDE] ATTACK-EXCLUDE carried area remaining snapshot -> mission_area_snapshot_700000471.json (sourcePlanID=700000467, planID=700000471)
2026-05-21T01:05:06.189495Z [ATTACK] 공격 임무 계획 완료 (planIds=700000470)
2026-05-21T01:05:06.190653Z [INFO] UAV params loaded (cruise=40.00, turn_step=15.0)
2026-05-21T01:05:06.191128Z [INFO] Latest input snapshot → 0201:ID=2,ts=832640581415,src=-, 0203:ID=1,ts=832638838538,src=-
2026-05-21T01:05:06.191563Z [STEP 0] Using latest 0201 ID 2 (2.json)
2026-05-21T01:05:06.191962Z [STEP 0] Using latest 0203 ID 1 (1.json)
2026-05-21T01:05:06.193867Z [CHECK] 0201/0203 필수 데이터 확인 시작
2026-05-21T01:05:06.194437Z [OK] 0201 inputMissionList 확인됨 (count=4) → 진행
2026-05-21T01:05:06.195085Z [OK] 0201 availableAircraftList 확인됨 (count=6) → 진행
2026-05-21T01:05:06.195620Z [OK] 0201 inputMissionPackageType=1 확인
2026-05-21T01:05:06.196114Z [OK] 0201 mainSensor=1 확인
2026-05-21T01:05:06.196551Z [CHECK] 0201 기체 수=6 (UAV=3, LAH=3)
2026-05-21T01:05:06.196961Z [CHECK] 0201 임무: total=4 missingID=0 missingDetail=0 missingShape=0 unknownType=0 typeZeroAuto=0 typeZeroInvalid=0 lineOnlyViolation=0 skippedSinglePoint=0
2026-05-21T01:05:06.197358Z [OK] 0203 takeOverInfoList 확인됨 (count=3) → 진행
2026-05-21T01:05:06.197731Z [OK] 0203 handOverInfoList 확인됨 (count=3) → 진행
2026-05-21T01:05:06.198099Z [OK] 0203 flightAreaList 확인됨 (count=1) → 진행
2026-05-21T01:05:06.198513Z [CHECK] 0203 flightAreaList count=1
2026-05-21T01:05:06.198935Z [INFO] 임무 진행영역 스냅샷 적용: sourcePlan=700000467, updated=2, done=0
2026-05-21T01:05:06.199326Z [INFO] 임무 진행영역 재계획 collapse 적용: groups=2, normalized=3, 4
2026-05-21T01:05:06.199712Z [INFO] Filtered completed input missions (removed=1, 2, converted=-, widthAdjusted=-, skippedSinglePoint=-, snapshot=updated=2, done=0, collapse=groups=2, normalized=3,4)
2026-05-21T01:05:06.200096Z [REPLAN][TIME] variant_started_ms=9613.5 wall_ms=1779325505671 variant=1 option=3 mode=attack_exclusion
2026-05-21T01:05:06.200524Z [variant 1] 공격 배제 병렬 결과 병합
2026-05-21T01:05:06.201039Z [REPLAN][TIME] attack_exclusion_parallel_joined_ms=9619.7 wall_ms=1779325505677 variant=1 duration_ms=4732.334 wait_ms=0.01
2026-05-21T01:05:06.201581Z [OK] 공격 배제 variant 저장: MissionPlanID=700000471 (elapsed=4732.3 ms)
2026-05-21T01:05:06.202108Z [INFO] Option mapping #1: planID=700000471, optionCode=3(공격배제)
2026-05-21T01:05:06.202605Z [REPLAN][TIME] variant_finished_ms=9619.9 wall_ms=1779325505677 variant=1 option=3 mode=attack_exclusion status=success duration_ms=4732.334
2026-05-21T01:05:06.203106Z [OK] Stored mission data: MissionPlan=1, IndividualMission=0, FlightPath=0
2026-05-21T01:05:06.203634Z [REPLAN][TIME] id_tab_update_deferred_ms=9620.6 wall_ms=1779325505678
2026-05-21T01:05:06.204107Z [REPLAN][TIME] pipeline_done_ms=9620.6 wall_ms=1779325505678 plans=2 force_direct=False
2026-05-21T01:05:06.204520Z [REPLAN][TIME] 0301_queued_ms=9620.6 wall_ms=1779325505678 plans=2
2026-05-21T01:05:06.204916Z [STEP 4] 0301 push queued (planIds=700000470, 700000471)
2026-05-21T01:05:06.206584Z [0301] missionPlanID=700000470 전송
2026-05-21T01:05:06.208241Z [0301] missionPlanID=700000471 전송
2026-05-21T01:05:06.209215Z [PUSH] 0301 direct batch send
2026-05-21T01:05:06.209861Z [REPLAN][TIME] 0301_sent_ms=10151.7 wall_ms=1779325506209 plans=2
2026-05-21T01:05:06.210500Z [REPLAN][TIME] post_0301_delivery_queued_ms=10152.4 wall_ms=1779325506210 grace_ms=0 timeout_ms=20 force_direct=0 mode=option_or_0901
2026-05-21T01:05:06.211138Z [INFO] Post-0301 apply queued (mode=option_or_0901, grace=0ms, timeout=20ms, plans=2)
2026-05-21T01:05:06.213791Z [REPLAN][TIME] 0305_status_2_ms=10155.7 wall_ms=1779325506213 reason=표적69 등 2개 발견
2026-05-21T01:05:06.214402Z [0305] status=2, reason=표적69 등 2개 발견, elapsed=10.15s 전송
2026-05-21T01:05:06.214952Z [REPLAN][TIME] post_0301_completion_ready_ms=10156.8 wall_ms=1779325506214 mode=option_or_0901
2026-05-21T01:05:06.215459Z [REPLAN][METRIC] source_artifact_cache entries=21 hits=39 misses=21
2026-05-21T01:05:06.232541Z [INFO] Post-0301 ready (timeout) -> sending 0901
2026-05-21T01:05:06.233196Z [REPLAN][TIME] post_0301_flushed_ms=10175.1 wall_ms=1779325506233 delivery=0901 trigger=timeout
2026-05-21T01:05:06.235661Z [REPLAN][TIME] 0901_sent_ms=10177.5 wall_ms=1779325506235 options=2
2026-05-21T01:05:06.236424Z [0901] option request sent (count=2, codes=2(공격특화), 3(공격배제))
2026-05-21T01:05:06.236983Z [REPLAN][TIME] id_tab_update_flushed_ms=10178.9 wall_ms=1779325506236
2026-05-21T01:05:10.882697Z [REPLAN][TIME] 0902_received_ms=0.2 wall_ms=1779325510882 trigger=attack_2_option replanLevel=2 optionCount=2 forceDirect=0
2026-05-21T01:05:10.884026Z [REPLAN][TIME] 0902_archived_ms=1.6 wall_ms=1779325510883 path=replan_request_832640707753.json
2026-05-21T01:05:10.884529Z [AUTO] 0902 received (planIds=700000472, 700000473)
2026-05-21T01:05:10.884992Z [REPLAN][TIME] pipeline_scheduled_ms=2.6 wall_ms=1779325510884 delay_ms=0
2026-05-21T01:05:10.885828Z [REPLAN][TIME] scheduled_start_ms=3.4 wall_ms=1779325510885
2026-05-21T01:05:10.888057Z [REPLAN][TIME] 0305_status_1_ms=5.6 wall_ms=1779325510887 reason=표적70 등 3개 발견
2026-05-21T01:05:10.888631Z [0305] status=1, reason=표적70 등 3개 발견 전송
2026-05-21T01:05:10.892660Z [INFO] Using latest 0203 ID 1 for missionReferencePackageID (fallback)
2026-05-21T01:05:10.894185Z [STEP 0] Replan pipeline start (reason=표적70 등 3개 발견)
2026-05-21T01:05:10.894796Z [REPLAN][TIME] attack_exclusion_parallel_started_ms=10.8 wall_ms=1779325510893 option_index=2 sourcePlanID=700000471
2026-05-21T01:05:10.895320Z [ATTACK-EXCLUDE] parallel generation started (sourcePlanID=700000471, optionIndex=2)
2026-05-21T01:05:10.895835Z [ATTACK] 공격 특화 재계획 요청 감지 → 전용 파이프라인 실행
2026-05-21T01:05:10.903924Z [ATTACK] [TIME] select_manned_aircraft=11ms
2026-05-21T01:05:10.904549Z [ATTACK] STEP1 Selected manned aircraft: aircraft 2 (fuel=1200.0, coord=(37.722660064697266, 128.1003875732422, alt=1200))
2026-05-21T01:05:10.906098Z [ATTACK] [TIME] load_target_entries=1ms
2026-05-21T01:05:10.906608Z [ATTACK] STEP2 UAV tracking summary: watcher 5?’target 71, watcher 5?’target 57, watcher 4?’target 58, watcher 4?’target 63, watcher 4?’target unknown-16, watcher 4?’target unknown-2, watcher 4?’target unknown-21, watcher 4?’target unknown-22, watcher 4?’target unknown-25, watcher 4?’target unknown-28, watcher 4?’target unknown-30, watcher 4?’target unknown-32, watcher 4?’target unknown-4, watcher 4?’target unknown-5, watcher 4?’target unknown-8, watcher 5?’target unknown-1, watcher 5?’target unknown-11, watcher 5?’target unknown-18, watcher 5?’target unknown-19, watcher 5?’target unknown-26, watcher 5?’target unknown-3, watcher 5?’target unknown-31, watcher 5?’target unknown-33, watcher 5?’target unknown-35, watcher 5?’target unknown-6, watcher 5?’target unknown-9, watcher 6?’target unknown-10, watcher 6?’target unknown-13, watcher 6?’target unknown-14, watcher 6?’target unknown-15, watcher 6?’target unknown-17, watcher 6?’target unknown-20, watcher 6?’target unknown-23, watcher 6?’target unknown-24, watcher 6?’target unknown-27, watcher 6?’target unknown-29, watcher 6?’target unknown-34, watcher 6?’target unknown-7, watcher 4?’target 53, watcher 6?’target 54, watcher 4?’target 55, watcher 5?’target 56, watcher 6?’target 59, watcher 4?’target 59, watcher 5?’target 60, watcher 6?’target 61, watcher 6?’target 62, watcher 5?’target 64, watcher 4?’target 64, watcher 6?’target 65, watcher 4?’target 66, watcher 6?’target 67, watcher 4?’target 67, watcher 4?’target 68, watcher 6?’target 69, watcher 5?’target 70
2026-05-21T01:05:10.907204Z [ATTACK] STEP2.5 Using bundled 0402 targets: target=71 watcher=5
2026-05-21T01:05:10.911632Z [ATTACK] STEP2.6 Multi-target manned selection: 2, 3
2026-05-21T01:05:10.917128Z [ATTACK] [ATTACK] Selected target id=71 type=4 weaponType=3 (preferred=3, ammo={'type1': 500, 'type2': 7, 'type3': 2})
2026-05-21T01:05:10.928833Z [ATTACK] [TIME] compute_attack_point=10ms
2026-05-21T01:05:10.929392Z [ATTACK] STEP3 Attack plan completed: lat=37.890726, lon=128.187756, alt=1068m
2026-05-21T01:05:10.930589Z [ATTACK] [ATTACK] Using remembered waypoint 790 for watcher 5 while auto-tracking.
2026-05-21T01:05:10.936319Z [ATTACK] [ATTACK] Weapon choice aircraft=2 preferred=3 selected=3 ammo={'type1': 500, 'type2': 7, 'type3': 2}
2026-05-21T01:05:10.937010Z [ATTACK] [ATTACK][ETA] Tracking ETA computed with LAH max attack speed (dist=20202.9m, speed=73.61m/s, +30s) -> 304s
2026-05-21T01:05:10.942638Z [ATTACK] [ATTACK] Using requested missionPlanID 700000472 (sourcePlanID=700000471)
2026-05-21T01:05:10.959729Z [ATTACK] [ATTACK][POINT] Primary target adaptive standoff mode=far_projected_to_preferred_standoff currentDist=22202.916890197972m candidateDist=2000.000000001257m standoff=300.0/2000.0m.
2026-05-21T01:05:10.977287Z [ATTACK] [PRIOR] Falling back to first mission for aircraft 6 (current waypoint not found in plan).
2026-05-21T01:05:10.979558Z [ATTACK] [ATTACK][ETA] Non-tracking UAV remaining time unavailable; keeping computed ETA.
2026-05-21T01:05:10.986748Z [ATTACK] [PRIOR] Falling back to first mission for aircraft 5 (current waypoint not found in plan).
2026-05-21T01:05:10.991466Z [ATTACK] [PRIOR] Falling back to first mission for aircraft 4 (current waypoint not found in plan).
2026-05-21T01:05:10.998726Z [ATTACK] [ATTACK][COLLAB] Remaining UAV entry lookahead applied: 9.0s (pathFollow=0, linearFallback=6, currentOnly=0)
2026-05-21T01:05:11.000081Z [ATTACK] [PRIOR] Falling back to first mission for aircraft 2 (current waypoint not found in plan).
2026-05-21T01:05:12.478403Z [ATTACK] [ATTACK][LAH] Using max attack speed 73.61m/s (265.0km/h) for aircraft 2.
2026-05-21T01:05:12.479566Z [ATTACK] [ATTACK][LAH] Inferred current waypoint from position -> 683.
2026-05-21T01:05:12.480885Z [ATTACK] [ATTACK][LAH] Dropped current waypoint from resume path (currentWP=683, nextWP=684).
2026-05-21T01:05:15.011901Z [ATTACK] [ATTACK][LAH] Preserved completed prefix, inserted attack, and reattached 1 follow-up mission(s).
2026-05-21T01:05:15.017577Z [ATTACK] [ATTACK][LAH] Generated attack/resume missions -> IMP:800000149.json PATHS:200000064.json/200000065.json (followUps=1)
2026-05-21T01:05:15.018816Z [ATTACK] [PRIOR] Falling back to first mission for aircraft 3 (current waypoint not found in plan).
2026-05-21T01:05:15.822237Z [ATTACK] [ATTACK][LAH] Using max attack speed 73.61m/s (265.0km/h) for aircraft 3.
2026-05-21T01:05:15.823140Z [ATTACK] [ATTACK][LAH] Inferred current waypoint from position -> 687.
2026-05-21T01:05:15.824072Z [ATTACK] [ATTACK][LAH] Dropped current waypoint from resume path (currentWP=687, nextWP=688).
2026-05-21T01:05:17.290244Z [ATTACK] [ATTACK][LAH] Preserved completed prefix, inserted attack, and reattached 1 follow-up mission(s).
2026-05-21T01:05:17.295134Z [ATTACK] [ATTACK][LAH] Generated attack/resume missions -> IMP:800000153.json PATHS:300000061.json/300000062.json (followUps=1)
2026-05-21T01:05:17.295904Z [ATTACK] [PRIOR] Falling back to first mission for aircraft 1 (current waypoint not found in plan).
2026-05-21T01:05:17.329115Z [ATTACK] [ATTACK][LAH] Inferred current waypoint from position -> 679.
2026-05-21T01:05:17.329850Z [ATTACK] [ATTACK][LAH] Dropped current waypoint from resume path (currentWP=679, nextWP=680).
2026-05-21T01:05:18.626500Z [ATTACK] [ATTACK][LAH] Preserved completed prefix, inserted hold, and reattached 1 follow-up mission(s).
2026-05-21T01:05:18.630935Z [ATTACK] [ATTACK][LAH] Generated hold/resume missions -> IMP:800000154.json PATHS:100000060.json/100000061.json (followUps=1)
2026-05-21T01:05:18.632488Z [ATTACK] [NEXTCOLLAB] division planner area-division pieces=1
2026-05-21T01:05:18.632923Z [ATTACK] [NEXTCOLLAB] division planner final workflow=no_split paths=1
2026-05-21T01:05:18.633360Z [ATTACK] [ATTACK][COLLAB] Collaborative replacement IMP written (aircraft=6, imp=800000151.json, missions=1).
2026-05-21T01:05:18.633905Z [ATTACK] [ATTACK][COLLAB] First sweep searchSpeed boosted (aircraft=6, pathID=600000093, waypointID=936, factor=1.30, old=1378.50, new=1792.05).
2026-05-21T01:05:18.634368Z [ATTACK] [ATTACK][COLLAB] Collaborative remaining mission replanned (inputMissionID=4, unavailable=[4, 5], remaining=[6], workflow=no_split).
2026-05-21T01:05:18.634898Z [ATTACK] [PRIOR] Falling back to first mission for aircraft 5 (current waypoint not found in plan).
2026-05-21T01:05:18.895104Z [ATTACK] [ATTACK][UAV] Source path has a single waypoint; preserving it as done and skipping done/resume split.
2026-05-21T01:05:19.431598Z [ATTACK] [ATTACK][COLLAB] Tracking UAV resume replaced with release transit (aircraft=5, targetFinishEta=70, speed=58.0m/s).
2026-05-21T01:05:19.434065Z [ATTACK] [ATTACK][UAV] Preserved completed prefix, inserted tracking, and reattached 1 follow-up mission(s).
2026-05-21T01:05:19.484494Z [ATTACK] [ATTACK][UAV] Generated tracking/resume missions -> IMP:800000155.json PATHS:500000088.json/500000089.json (followUps=1)
2026-05-21T01:05:19.496232Z [ATTACK] [ATTACK][UAV] Tracking assignment state saved (aircraft=5, sourcePlan=700000471, attackPlan=700000472).
2026-05-21T01:05:19.496977Z [ATTACK] [PRIOR] Falling back to first mission for aircraft 4 (current waypoint not found in plan).
2026-05-21T01:05:19.794424Z [ATTACK] [ATTACK][UAV] Source path has a single waypoint; preserving it as done and skipping done/resume split.
2026-05-21T01:05:20.367106Z [ATTACK] [ATTACK][COLLAB] Tracking UAV resume replaced with release transit (aircraft=4, targetFinishEta=70, speed=58.0m/s).
2026-05-21T01:05:20.368638Z [ATTACK] [ATTACK][UAV] Preserved completed prefix, inserted tracking, and reattached 1 follow-up mission(s).
2026-05-21T01:05:20.412801Z [ATTACK] [ATTACK][UAV] Generated tracking/resume missions -> IMP:800000156.json PATHS:400000103.json/400000104.json (followUps=1)
2026-05-21T01:05:20.422829Z [ATTACK] [ATTACK][UAV] Tracking assignment state saved (aircraft=4, sourcePlan=700000471, attackPlan=700000472).
2026-05-21T01:05:20.423441Z [ATTACK] [PRIOR] Falling back to first mission for aircraft 6 (current waypoint not found in plan).
2026-05-21T01:05:20.424173Z [ATTACK] [ATTACK][COLLAB] Aircraft 6 handled by collaborative remaining replan (inputMissionID=4).
2026-05-21T01:05:20.434952Z [ATTACK] [ATTACK][PLAN] carried area remaining snapshot -> mission_area_snapshot_700000472.json (sourcePlanID=700000471, planID=700000472)
2026-05-21T01:05:20.435605Z [ATTACK] [ATTACK][PLAN] MissionPlan saved -> 700000472.json (planID=700000472)
2026-05-21T01:05:20.436598Z [ATTACK] [ATTACK][TIME] override_detail={"phases": {"metadata_normalize": {"elapsedMs": 0.008, "attackTargetCount": 2, "selectedMannedCount": 2}, "agent_index": {"elapsedMs": 0.112, "aircraftCount": 6}, "weapon_choice": {"elapsedMs": 5.013, "selectedWeaponType": 3, "ammoAvailable": true}, "initial_tracking_eta": {"elapsedMs": 0.599, "useDetectionTracking": true, "trackingEtaS": 304}, "resolve_source_plan": {"elapsedMs": 3.142, "sourcePlanID": 700000471}, "source_plan_load": {"elapsedMs": 1.069, "sourcePlanID": 700000471, "aircraftCount": 6}, "sweep_progress_load": {"elapsedMs": 0.731, "entries": 52}, "plan_id_resolve": {"elapsedMs": 0.018, "requested": true, "missionPlanID": 700000472}, "source_artifact_cache_build": {"elapsedMs": 0.015, "aircraftEntries": 6}, "done_input_ids_load": {"elapsedMs": 1.012, "count": 2}, "plan_deepcopy": {"elapsedMs": 0.05}, "target_uav_assignment": {"elapsedMs": 0.524, "assignedTargetCount": 2, "usedTrackingUavCount": 2}, "manned_sequence_assignment": {"elapsedMs": 12.413, "aircraftCount": 2, "error": null}, "attack_coordinate_resolution": {"elapsedMs": 12.968, "resolvedCount": 2, "mannedSequenceCount": 2}, "remaining_eta": {"elapsedMs": 10.534, "allUavCount": 3, "trackingUavCount": 2, "computedEtaCount": 2, "adjustedEtaS": null}, "descriptor_list_build": {"elapsedMs": 0.038, "descriptorCount": 6, "activeMannedCount": 2, "otherLahCount": 1, "otherUavCount": 1}, "collab_tracking_scan": {"elapsedMs": 11.044, "inputCount": 1, "unavailableUavCount": 2}, "collab_agent_state_map": {"elapsedMs": 7.256, "aircraftCount": 6}, "collab_parallel_started": {"elapsedMs": 0.608, "inputCount": 1, "workers": 1}, "collab_parallel_join": {"elapsedMs": 2.335, "waitReason": "UAV_TRACK", "inputCount": 1}, "descriptor_loop": {"elapsedMs": 9425.183, "descriptorCount": 6, "updateCount": 5}, "final_collab_plan_update": {"elapsedMs": 0.008, "collabInputCount": 1}, "mission_plan_write": {"elapsedMs": 10.797, "missionPlanID": 700000472}, "option_meta_build": {"elapsedMs": 0.059, "targetCount": 2, "collabInputCount": 1}}, "collabRuns": [{"inputMissionID": 4, "unavailableAircraftIDs": [4, 5], "elapsedMs": 3240.393, "status": "ok", "replacementAircraftIDs": [6], "generatedPathCount": 1, "finishEtaS": 70, "workflow": "no_split"}], "descriptorDetails": [{"aircraftID": 2, "label": "manned", "mode": "LAH_ATTACK", "resolveArtifacts": {"elapsedMs": 0.59, "currentWaypointID": null, "sourcePathID": 200000049, "sourceImpID": 800000104}, "loadArtifacts": {"elapsedMs": 0.003, "impLoaded": true, "fpLoaded": true}, "cloneAndLocateMission": {"elapsedMs": 0.079, "missionCount": 2, "targetIndex": 0}, "allocateAndPlanUpdate": {"elapsedMs": 14.834, "newImpID": 800000149}, "builder": {"elapsedMs": 4003.161, "builderMode": "LAH_ATTACK"}, "builderDetail": {"allocate_ids": {"elapsedMs": 1460.836, "attackPathID": 200000064, "resumePathID": 200000065, "attackIndividualID": 900000391, "resumeIndividualID": 900000392, "entryWaypointID": 928, "attackWaypointID": 929}, "split_lah_resume": {"elapsedMs": 1150.343, "resumeWaypointCount": 1, "removedWaypointID": 683}, "clone_followups": {"elapsedMs": 1114.817, "followUpMissionCount": 1, "followUpPathCount": 1}, "payload_build": {"elapsedMs": 267.135, "hasResume": true, "followUpMissionCount": 1, "attackSpeedMps": 73.61}, "write_json": {"elapsedMs": 4.067, "fileCount": 4}, "totalMs": 4001.392}, "status": "ok", "elapsedMs": 4018.782}, {"aircraftID": 3, "label": "manned", "mode": "LAH_ATTACK", "resolveArtifacts": {"elapsedMs": 0.844, "currentWaypointID": null, "sourcePathID": 300000046, "sourceImpID": 800000105}, "loadArtifacts": {"elapsedMs": 0.007, "impLoaded": true, "fpLoaded": true}, "cloneAndLocateMission": {"elapsedMs": 0.156, "missionCount": 2, "targetIndex": 0}, "allocateAndPlanUpdate": {"elapsedMs": 17.569, "newImpID": 800000153}, "builder": {"elapsedMs": 2258.462, "builderMode": "LAH_ATTACK"}, "builderDetail": {"allocate_ids": {"elapsedMs": 782.322, "attackPathID": 300000061, "resumePathID": 300000062, "attackIndividualID": 900000398, "resumeIndividualID": 900000399, "entryWaypointID": 944, "attackWaypointID": 948}, "split_lah_resume": {"elapsedMs": 939.102, "resumeWaypointCount": 1, "removedWaypointID": 687}, "clone_followups": {"elapsedMs": 288.947, "followUpMissionCount": 1, "followUpPathCount": 1}, "payload_build": {"elapsedMs": 238.88, "hasResume": true, "followUpMissionCount": 1, "attackSpeedMps": 73.61}, "write_json": {"elapsedMs": 3.388, "fileCount": 4}, "totalMs": 2256.818}, "status": "ok", "elapsedMs": 2277.199}, {"aircraftID": 1, "label": "lah_hold_1", "mode": "LAH_HOLD_RESUME", "resolveArtifacts": {"elapsedMs": 0.53, "currentWaypointID": null, "sourcePathID": 100000045, "sourceImpID": 800000103}, "loadArtifacts": {"elapsedMs": 0.006, "impLoaded": true, "fpLoaded": true}, "cloneAndLocateMission": {"elapsedMs": 0.087, "missionCount": 2, "targetIndex": 0}, "allocateAndPlanUpdate": {"elapsedMs": 8.246, "newImpID": 800000154}, "builder": {"elapsedMs": 1327.595, "builderMode": "LAH_HOLD_RESUME"}, "builderDetail": {"allocate_ids": {"elapsedMs": 21.891, "holdPathID": 100000060, "resumePathID": 100000061, "holdIndividualID": 900000401, "resumeIndividualID": 900000402}, "split_lah_resume": {"elapsedMs": 813.467, "resumeWaypointCount": 1, "removedWaypointID": 679}, "clone_followups": {"elapsedMs": 227.39, "followUpMissionCount": 1, "followUpPathCount": 1}, "payload_build": {"elapsedMs": 486.179, "hasResume": true, "followUpMissionCount": 1}, "write_json": {"elapsedMs": 3.243, "fileCount": 4}, "totalMs": 1327.562}, "status": "ok", "elapsedMs": 1336.59}, {"aircraftID": 5, "label": "uav_tracking_5", "mode": "UAV_TRACK", "resolveArtifacts": {"elapsedMs": 0.491, "currentWaypointID": 790, "sourcePathID": 500000082, "sourceImpID": 800000141}, "loadArtifacts": {"elapsedMs": 0.005, "impLoaded": true, "fpLoaded": true}, "cloneAndLocateMission": {"elapsedMs": 0.146, "missionCount": 2, "targetIndex": 0}, "allocateAndPlanUpdate": {"elapsedMs": 6.398, "newImpID": 800000155}, "builder": {"elapsedMs": 843.416, "builderMode": "UAV_TRACK"}, "builderDetail": {"allocate_ids": {"elapsedMs": 250.598, "donePathID": 500000087, "attackPathID": 500000088, "resumePathID": 500000089, "trackingIndividualID": 900000404, "resumeIndividualID": 900000405, "targetWaypointID": 962}, "split_done_resume": {"elapsedMs": 1.047, "sourceSinglePoint": true, "doneWaypointCount": 1, "resumeWaypointCount": 0, "removedWaypointID": 886}, "clone_followups": {"elapsedMs": 283.293, "followUpMissionCount": 1, "followUpPathCount": 1}, "release_resume": {"elapsedMs": 252.979, "releaseWaypointCount": 2, "targetFinishEtaS": 70}, "write_json": {"elapsedMs": 48.656, "fileCount": 5}, "totalMs": 841.462}, "trackingState": {"elapsedMs": 10.783}, "status": "ok", "elapsedMs": 862.051}, {"aircraftID": 4, "label": "uav_tracking_4", "mode": "UAV_TRACK", "resolveArtifacts": {"elapsedMs": 0.579, "currentWaypointID": 767, "sourcePathID": 400000093, "sourceImpID": 800000139}, "loadArtifacts": {"elapsedMs": 0.005, "impLoaded": true, "fpLoaded": true}, "cloneAndLocateMission": {"elapsedMs": 0.186, "missionCount": 2, "targetIndex": 0}, "allocateAndPlanUpdate": {"elapsedMs": 7.934, "newImpID": 800000156}, "builder": {"elapsedMs": 907.783, "builderMode": "UAV_TRACK"}, "builderDetail": {"allocate_ids": {"elapsedMs": 285.381, "donePathID": 400000102, "attackPathID": 400000103, "resumePathID": 400000104, "trackingIndividualID": 900000407, "resumeIndividualID": 900000408, "targetWaypointID": 968}, "split_done_resume": {"elapsedMs": 1.577, "sourceSinglePoint": true, "doneWaypointCount": 1, "resumeWaypointCount": 0, "removedWaypointID": 873}, "clone_followups": {"elapsedMs": 309.895, "followUpMissionCount": 1, "followUpPathCount": 1}, "release_resume": {"elapsedMs": 261.755, "releaseWaypointCount": 2, "targetFinishEtaS": 70}, "write_json": {"elapsedMs": 42.765, "fileCount": 5}, "totalMs": 905.395}, "trackingState": {"elapsedMs": 9.255}, "status": "ok", "elapsedMs": 926.454}, {"aircraftID": 6, "label": "uav_resume_6", "mode": "UAV_RESUME", "resolveArtifacts": {"elapsedMs": 0.554, "currentWaypointID": 804, "sourcePathID": 600000087, "sourceImpID": 800000143}, "loadArtifacts": {"elapsedMs": 0.004, "impLoaded": true, "fpLoaded": true}, "cloneAndLocateMission": {"elapsedMs": 0.132, "missionCount": 2, "targetIndex": 0}, "status": "handled_by_collab", "elapsedMs": 1.238}], "totalMs": 9496}
2026-05-21T01:05:20.437107Z [ATTACK] [ATTACK][TIME] override_total=9496ms
2026-05-21T01:05:20.437775Z [ATTACK] [TIME] apply_attack_plan_overrides=9508ms
2026-05-21T01:05:20.441539Z [ATTACK] [TIME] timingMs={"read_source": 13.281, "descriptor_build": 10.42, "write_artifacts": 9521.683, "delivery_wait": 3.278}
2026-05-21T01:05:20.442077Z [ATTACK] [TIME] total=9549ms
2026-05-21T01:05:20.447062Z [ATTACK] 분석 로그 저장: C:\Users\TRL98\Desktop\LAH_MUMT\Logs\Scenario_2026-05-21T085327\SBC3\DSS_Internal\log_attack_algorithm_20260521T010520_442673.json
2026-05-21T01:05:20.458693Z [ATTACK] mark target used: targetIDs=70, 71
2026-05-21T01:05:20.473961Z [ATTACK-EXCLUDE] ATTACK-EXCLUDE using requested missionPlanID 700000473 (sourcePlanID=700000471)
2026-05-21T01:05:20.474514Z [ATTACK-EXCLUDE] UAV 4 resume source adjusted 700000471 -> 700000467 (matched waypoint 767).
2026-05-21T01:05:20.474940Z [ATTACK-EXCLUDE] [PRIOR][UAV] Resume sweep trim applied (cutPoints=9, rawCutPoints=9, doneSweepPoints=0, pathID=400000082).
2026-05-21T01:05:20.475364Z [ATTACK-EXCLUDE] [PRIOR][UAV] Resume searchSpeed scaled (factor=1.30, waypoints=1).
2026-05-21T01:05:20.475738Z [ATTACK-EXCLUDE] [PRIOR][UAV] Generated done/resume mission -> aircraft=4 IMP:800000148.json PATHS:400000100.json
2026-05-21T01:05:20.476097Z [ATTACK-EXCLUDE] UAV 5 resume source adjusted 700000471 -> 700000467 (matched waypoint 790).
2026-05-21T01:05:20.476447Z [ATTACK-EXCLUDE] [PRIOR][UAV] Resume sweep trim applied (cutPoints=11, rawCutPoints=11, doneSweepPoints=0, pathID=500000073).
2026-05-21T01:05:20.476794Z [ATTACK-EXCLUDE] [PRIOR][UAV] Resume searchSpeed scaled (factor=1.30, waypoints=1).
2026-05-21T01:05:20.477147Z [ATTACK-EXCLUDE] [PRIOR][UAV] Generated done/resume mission -> aircraft=5 IMP:800000150.json PATHS:500000085.json
2026-05-21T01:05:20.477495Z [ATTACK-EXCLUDE] UAV 6 resume source adjusted 700000471 -> 700000467 (matched waypoint 804).
2026-05-21T01:05:20.477839Z [ATTACK-EXCLUDE] [PRIOR][UAV] Resume sweep trim applied (cutPoints=14, rawCutPoints=14, doneSweepPoints=0, pathID=600000076).
2026-05-21T01:05:20.478345Z [ATTACK-EXCLUDE] [PRIOR][UAV] Resume searchSpeed scaled (factor=1.30, waypoints=1).
2026-05-21T01:05:20.478791Z [ATTACK-EXCLUDE] [PRIOR][UAV] Generated done/resume mission -> aircraft=6 IMP:800000152.json PATHS:600000095.json
2026-05-21T01:05:20.479154Z [ATTACK-EXCLUDE] 공격 배제 MissionPlan 저장 -> 700000473.json (planID=700000473)
2026-05-21T01:05:20.479519Z [ATTACK-EXCLUDE] ATTACK-EXCLUDE carried area remaining snapshot -> mission_area_snapshot_700000473.json (sourcePlanID=700000471, planID=700000473)
2026-05-21T01:05:20.986717Z [ATTACK] 공격 임무 계획 완료 (planIds=700000472)
2026-05-21T01:05:20.990052Z [INFO] UAV params loaded (cruise=40.00, turn_step=15.0)
2026-05-21T01:05:20.990654Z [INFO] Latest input snapshot → 0201:ID=2,ts=832640581415,src=-, 0203:ID=1,ts=832638838538,src=-
2026-05-21T01:05:20.991253Z [STEP 0] Using latest 0201 ID 2 (2.json)
2026-05-21T01:05:20.991846Z [STEP 0] Using latest 0203 ID 1 (1.json)
2026-05-21T01:05:20.992445Z [CHECK] 0201/0203 필수 데이터 확인 시작
2026-05-21T01:05:20.993066Z [OK] 0201 inputMissionList 확인됨 (count=4) → 진행
2026-05-21T01:05:20.993743Z [OK] 0201 availableAircraftList 확인됨 (count=6) → 진행
2026-05-21T01:05:20.994437Z [OK] 0201 inputMissionPackageType=1 확인
2026-05-21T01:05:20.995042Z [OK] 0201 mainSensor=1 확인
2026-05-21T01:05:20.995683Z [CHECK] 0201 기체 수=6 (UAV=3, LAH=3)
2026-05-21T01:05:20.996302Z [CHECK] 0201 임무: total=4 missingID=0 missingDetail=0 missingShape=0 unknownType=0 typeZeroAuto=0 typeZeroInvalid=0 lineOnlyViolation=0 skippedSinglePoint=0
2026-05-21T01:05:20.996941Z [OK] 0203 takeOverInfoList 확인됨 (count=3) → 진행
2026-05-21T01:05:20.997543Z [OK] 0203 handOverInfoList 확인됨 (count=3) → 진행
2026-05-21T01:05:20.998148Z [OK] 0203 flightAreaList 확인됨 (count=1) → 진행
2026-05-21T01:05:20.998751Z [CHECK] 0203 flightAreaList count=1
2026-05-21T01:05:20.999343Z [INFO] 임무 진행영역 스냅샷 적용: sourcePlan=700000471, updated=2, done=0
2026-05-21T01:05:20.999946Z [INFO] 임무 진행영역 재계획 collapse 적용: groups=2, normalized=3, 4
2026-05-21T01:05:21.000553Z [INFO] Filtered completed input missions (removed=1, 2, converted=-, widthAdjusted=-, skippedSinglePoint=-, snapshot=updated=2, done=0, collapse=groups=2, normalized=3,4)
2026-05-21T01:05:21.001514Z [REPLAN][TIME] variant_started_ms=9591.9 wall_ms=1779325520473 variant=1 option=3 mode=attack_exclusion
2026-05-21T01:05:21.002152Z [variant 1] 공격 배제 병렬 결과 병합
2026-05-21T01:05:21.002732Z [REPLAN][TIME] attack_exclusion_parallel_joined_ms=9598.1 wall_ms=1779325520479 variant=1 duration_ms=5222.25 wait_ms=0.008
2026-05-21T01:05:21.003229Z [OK] 공격 배제 variant 저장: MissionPlanID=700000473 (elapsed=5222.2 ms)
2026-05-21T01:05:21.003745Z [INFO] Option mapping #1: planID=700000473, optionCode=3(공격배제)
2026-05-21T01:05:21.004090Z [REPLAN][TIME] variant_finished_ms=9598.3 wall_ms=1779325520480 variant=1 option=3 mode=attack_exclusion status=success duration_ms=5222.25
2026-05-21T01:05:21.004455Z [OK] Stored mission data: MissionPlan=1, IndividualMission=0, FlightPath=0
2026-05-21T01:05:21.004821Z [REPLAN][TIME] id_tab_update_deferred_ms=9599.1 wall_ms=1779325520480
2026-05-21T01:05:21.005334Z [REPLAN][TIME] pipeline_done_ms=9599.1 wall_ms=1779325520480 plans=2 force_direct=False
2026-05-21T01:05:21.005785Z [REPLAN][TIME] 0301_queued_ms=9599.1 wall_ms=1779325520480 plans=2
2026-05-21T01:05:21.006210Z [STEP 4] 0301 push queued (planIds=700000472, 700000473)
2026-05-21T01:05:21.007277Z [0402] delivery suppressed before 0301: Target 정보 변경으로 인한 재계획 중단
2026-05-21T01:05:21.008756Z [0001] notice sent: Target 정보 변경으로 인한 재계획 중단
2026-05-21T01:05:21.009989Z [REPLAN][METRIC] source_artifact_cache entries=61 hits=53 misses=61
