
[2026-05-21 08:53:27] process-log attached: mission_planning
[PATH] DB root changed: C:\Users\TRL98\Desktop\LAH_MUMT\Logs\Scenario_2026-05-21T085103\SBC3 -> C:\Users\TRL98\Desktop\LAH_MUMT\Logs\Scenario_2026-05-21T085327\SBC3
[LOG] Mission planning log rebound: C:\Users\TRL98\Desktop\LAH_MUMT\Logs\Scenario_2026-05-21T085327\SBC3\DSS_Internal\mission_planning_gui_20260520T235327_778337Z.log
[MODE] 슬라이더 변경 → 대기모드
[0101/POLL] 모드 동기화 code=1
[0203] DB 참조! (C:\Users\TRL98\Desktop\LAH_MUMT\Logs\Scenario_2026-05-21T085327\SBC3\MissionReferenceInfo\1.json)
[INFO] Latest 0203 ID updated → 1
[0201] DB 참조! (C:\Users\TRL98\Desktop\LAH_MUMT\Logs\Scenario_2026-05-21T085327\SBC3\InputMissionPlan\1.json)
[INFO] Latest 0201 ID updated → 1
[MODE] 슬라이더 변경 → 초기 임무 계획
[0101/POLL] 모드 동기화 code=2
[REPLAN][TIME] 0902_received_ms=0.1 wall_ms=1779323638821 trigger=general_or_unknown replanLevel=1 optionCount=1 forceDirect=0
[REPLAN][TIME] 0902_archived_ms=1.4 wall_ms=1779323638822 path=replan_request_832638838759.json
[AUTO] 0902 received (planIds=700000001)
[REPLAN][TIME] pipeline_scheduled_ms=2.6 wall_ms=1779323638823 delay_ms=100
[AUTO] replan pipeline scheduled after 0.1s delay
[REPLAN][TIME] scheduled_start_ms=109.8 wall_ms=1779323638930
[REPLAN][TIME] 0305_status_1_ms=139.3 wall_ms=1779323638960 reason=초기임무재계획
[0305] status=1, reason=초기임무재계획 전송
[INFO] Using latest 0201 ID 1 for inputMissionPackageID (fallback)
[INFO] Using latest 0203 ID 1 for missionReferencePackageID (fallback)
[STEP 0] Replan pipeline start (reason=초기임무재계획)
[INFO] UAV params loaded (cruise=40.00, turn_step=15.0)
[INFO] Latest input snapshot → 0201:ID=1,ts=832638838505,src=-, 0203:ID=1,ts=832638838538,src=-
[STEP 0] Using latest 0201 ID 1 (1.json)
[STEP 0] Using latest 0203 ID 1 (1.json)
[CHECK] 0201/0203 필수 데이터 확인 시작
[OK] 0201 inputMissionList 확인됨 (count=3) → 진행
[OK] 0201 availableAircraftList 확인됨 (count=6) → 진행
[OK] 0201 inputMissionPackageType=1 확인
[OK] 0201 mainSensor=1 확인
[CHECK] 0201 기체 수=6 (UAV=3, LAH=3)
[CHECK] 0201 임무: total=3 missingID=0 missingDetail=0 missingShape=0 unknownType=0 typeZeroAuto=0 typeZeroInvalid=0 lineOnlyViolation=0 skippedSinglePoint=0
[OK] 0203 takeOverInfoList 확인됨 (count=3) → 진행
[OK] 0203 handOverInfoList 확인됨 (count=3) → 진행
[OK] 0203 flightAreaList 확인됨 (count=1) → 진행
[CHECK] 0203 flightAreaList count=1
[variant 1] 일반 재계획 모드 적용
[REPLAN][TIME] variant_started_ms=158.5 wall_ms=1779323638979 variant=1 option=1 mode=sequential
[STEP 1.1] Divide & Pattern start
[variant 1] [ENHANCED][1] split start: uavs=[4, 5, 6]
[variant 1] [ENHANCED][1] split done: pieces=9
[variant 1] [ENHANCED][2] type-decider done: profile=6 changed=9/9
[variant 1] [ENHANCED][3] expected-path done: count=9
[variant 1] [ENHANCED][4] area-review done: overflow=0 targets=0 pieces=9->9
[variant 1] [ENHANCED][5] expected-velocity done: pieces=9 dbRows=7010
[variant 1] [ENHANCED][6] 0302 export done: files=6
[variant 1] [ENHANCED] total=521.5 ms
[TIME] divide_and_pattern (variant=1): 521.7 ms
[OK] IMP generated: 6 file(s) (variant=1)
[TIME] build_0301+load (variant=1): 15.1 ms
[OK] MissionPlan built: MissionPlan_1779323639501.json (variant=1)
[TIME] collect_missions (variant=1): 7.1 ms, count=18
[TIME] pathID_mapping (variant=1): 75.8 ms
[INFO] pathID mapping done for 0302/0303/0304 (variant=1)
[SWEEP][LINE] separation=227.00m, fov=11.70°, spacing=18.61m (~54 strips/1km)
[SWEEP][AREA-DB] missionID=900000005 widthRef=3809.53m dbWidth=3980.39m fov=2.70 sep=1641.00
[SWEEP][AREA] separation=1641.00m, fov=2.70°, spacing=30.94m (~32 strips/1km)
[SWEEP][AREA-DB] missionID=900000002 widthRef=4546.59m dbWidth=4784.81m fov=1.70 sep=2734.00
[SWEEP][AREA] separation=2734.00m, fov=1.70°, spacing=32.45m (~31 strips/1km)
[SWEEP][LINE] separation=227.00m, fov=11.70°, spacing=18.61m (~54 strips/1km)
[SWEEP][AREA-DB] missionID=900000008 widthRef=4022.54m dbWidth=4232.35m fov=2.20 sep=2140.00
[SWEEP][AREA] separation=2140.00m, fov=2.20°, spacing=32.87m (~30 strips/1km)
[INFO] FlightPath build mode (variant=1): 0303=aircraft_parallel workers=2 aircraft=3, 0304=sequential
[REPLAN][METRIC] flightpath_build_0303 variant=1 option=1 recon=0 mode=sequential buildMode=aircraft_parallel workers=2 aircraft=3 paths=9 reassignedWaypoints=23 elapsed_ms=4627.921 fallback=- worker_ms=4:3525.457|5:3001.083|6:1442.460
[INFO] FlightPath build time: 0303=4627.9 ms, 0304=26.4 ms
[INFO] Applied LAH-UAV ETA follow speed plan (variant=1)
[OK] FlightPath counts (variant=1): 0303=9 / 0304=9
[REPLAN][METRIC] flightpath_counts variant=1 option=1 recon=0 mode=sequential paths0303=9 paths0304=9 pathsTotal=18 waypoints0303=23 waypoints0304=18 waypointsTotal=41 maxWaypointsPerPath=3 emptyPaths=0 formationPaths=0
[TIME] build_0302 (variant=1): 37.4 ms, packages=6
[INFO] FlightPath individualMissionID synced (variant=1): fixed=18
[TIME] write_0302 (variant=1): 7.6 ms, files=6
[TIME] write_FlightPath (variant=1): 113.7 ms, files=18
[REPLAN][METRIC] flightpath_write variant=1 option=1 recon=0 mode=sequential files0303=9 files0304=9 filesTotal=18 write_ms=113.711
[TIME] write_0301 (variant=1): 1.2 ms
[OK] Stored variant 1: MissionPlanID=700000001, IMP=6, FlightPath=18
[REPLAN][TIME] variant_finished_ms=5666.0 wall_ms=1779323644486 variant=1 option=1 mode=sequential status=success duration_ms=5507.548
[TIME] variant_total (variant=1): 5507.5 ms
[INFO] Option mapping #1: planID=700000001, optionCode=1(시스템 추천)
[OK] Stored mission data: MissionPlan=1, IndividualMission=6, FlightPath=18
[REPLAN][TIME] id_tab_update_deferred_ms=5669.0 wall_ms=1779323644489
[REPLAN][TIME] pipeline_done_ms=5669.1 wall_ms=1779323644489 plans=1 force_direct=False
[REPLAN][TIME] 0301_queued_ms=5669.1 wall_ms=1779323644489 plans=1
[STEP 4] 0301 push queued (planIds=700000001)
[0301] missionPlanID=700000001 전송
[PUSH] 0301 direct batch send
[REPLAN][TIME] 0301_sent_ms=5699.8 wall_ms=1779323644520 plans=1
[REPLAN][TIME] post_0301_delivery_queued_ms=5700.7 wall_ms=1779323644521 grace_ms=0 timeout_ms=20 force_direct=0 mode=option_or_0901
[INFO] Post-0301 apply queued (mode=option_or_0901, grace=0ms, timeout=20ms, plans=1)
[REPLAN][TIME] 0305_status_2_ms=5704.4 wall_ms=1779323644525 reason=초기임무재계획
[0305] status=2, reason=초기임무재계획, elapsed=5.59s 전송
[REPLAN][TIME] post_0301_completion_ready_ms=5705.9 wall_ms=1779323644526 mode=option_or_0901
[REPLAN][METRIC] source_artifact_cache entries=8 hits=0 misses=8
[INFO] Post-0301 ready (timeout) -> sending 0903
[REPLAN][TIME] post_0301_flushed_ms=5720.2 wall_ms=1779323644541 delivery=0903 trigger=timeout plans=1
[REPLAN][TIME] id_tab_update_flushed_ms=5720.9 wall_ms=1779323644541
[REPLAN][TIME] 0903_sent_ms=5997.6 wall_ms=1779323644818 missionPlanID=700000001
[0903] request sent (missionPlanID=700000001)
[MODE] 슬라이더 변경 → 대기모드
[0101/POLL] 모드 동기화 code=1
[MODE] 슬라이더 변경 → 임무 수행
[0101/POLL] 모드 동기화 code=3
[REPLAN][TIME] 0902_received_ms=0.2 wall_ms=1779324136019 trigger=next_collab_direct replanLevel=3 optionCount=1 forceDirect=0
[REPLAN][TIME] 0902_archived_ms=1.8 wall_ms=1779324136020 path=replan_request_832639335619.json
[AUTO] 0902 received (planIds=700000002)
[REPLAN][TIME] pipeline_scheduled_ms=3.1 wall_ms=1779324136022 delay_ms=100
[AUTO] replan pipeline scheduled after 0.1s delay
[REPLAN][TIME] scheduled_start_ms=112.8 wall_ms=1779324136131
[REPLAN][TIME] 0305_status_1_ms=115.4 wall_ms=1779324136134 reason=_협업 기저 전환으로 인한 재계획
[0305] status=1, reason=_협업 기저 전환으로 인한 재계획 전송
[INFO] Using latest 0203 ID 1 for missionReferencePackageID (fallback)
[STEP 0] Replan pipeline start (reason=_협업 기저 전환으로 인한 재계획)
[NEXTCOLLAB] Level-3 next collaborative mission request detected. Using dedicated pipeline.
[NEXTCOLLAB] division planner area-division pieces=3
[FOV_DB] loaded 7010 rows, 7008 unique widths, path=C:\Users\TRL98\Desktop\LAH_MUMT\branNew\KU\DSS_KU\resource\db\fov_db.csv
[NEXTCOLLAB] division planner final workflow=no_split paths=3
[NEXTCOLLAB] LAH 0304 regeneration incomplete; missing pathIDs=[100000004, 200000004, 300000004]
[NEXTCOLLAB] stored replanned artifacts -> plan:700000002.json, input:reuse(1.json), imp:6, fp:3 (24.0 ms)
[NEXTCOLLAB][TIME] timingMs={'load_source': 3.423, 'prepare_replacements': 2618.176, 'build_artifacts': 56.447, 'write_artifacts': 26.575, 'total': 2704.637}
[NEXTCOLLAB] log captured -> C:\Users\TRL98\Desktop\LAH_MUMT\Logs\Scenario_2026-05-21T085327\SBC3\DSS_Internal\NextCollab_2_832639336157.json
[NEXTCOLLAB][DELIVERY] direct push start (planIds=700000002)
[REPLAN][TIME] pipeline_done_ms=2845.8 wall_ms=1779324138864 plans=1 force_direct=True
[REPLAN][TIME] 0301_queued_ms=2845.9 wall_ms=1779324138864 plans=1
[STEP 4] 0301 push queued (planIds=700000002)
[INFO] Direct delivery -> skip 0901/0701, send 0301+0903 only
[0301] missionPlanID=700000002 전송
[PUSH] 0301 direct batch send
[REPLAN][TIME] 0301_sent_ms=2852.3 wall_ms=1779324138871 plans=1
[REPLAN][TIME] post_0301_delivery_queued_ms=2852.9 wall_ms=1779324138871 grace_ms=0 timeout_ms=1200 force_direct=1 mode=direct_0903
[INFO] Post-0301 apply queued (mode=direct_0903, grace=0ms, timeout=1200ms, plans=1)
[REPLAN][TIME] 0305_status_2_ms=2855.8 wall_ms=1779324138874 reason=_협업 기저 전환으로 인한 재계획
[0305] status=2, reason=_협업 기저 전환으로 인한 재계획, elapsed=2.74s 전송
[REPLAN][TIME] post_0301_completion_ready_ms=2857.4 wall_ms=1779324138876 mode=direct_0903
[INFO] Post-0301 ready (0305_status_2) -> sending 0903
[REPLAN][TIME] post_0301_flushed_ms=2858.6 wall_ms=1779324138877 delivery=0903 trigger=0305_status_2 plans=1
[REPLAN][TIME] id_tab_update_flushed_ms=2859.2 wall_ms=1779324138878
[REPLAN][TIME] id_tab_update_deferred_ms=2846.0 wall_ms=1779324138864
[NEXTCOLLAB] Next collaborative mission pipeline complete (planIds=[700000002], log=C:\Users\TRL98\Desktop\LAH_MUMT\Logs\Scenario_2026-05-21T085327\SBC3\DSS_Internal\NextCollab_2_832639336157.json)
[REPLAN][METRIC] source_artifact_cache entries=15 hits=0 misses=15
[REPLAN][TIME] 0903_sent_ms=2995.9 wall_ms=1779324139014 missionPlanID=700000002
[0903] request sent (missionPlanID=700000002)
[REPLAN][TIME] 0902_received_ms=0.2 wall_ms=1779324320886 trigger=attack_2_option replanLevel=2 optionCount=2 forceDirect=0
[REPLAN][TIME] 0902_archived_ms=1.6 wall_ms=1779324320888 path=replan_request_832639519360.json
[AUTO] 0902 received (planIds=700000003, 700000004)
[REPLAN][TIME] pipeline_scheduled_ms=3.0 wall_ms=1779324320889 delay_ms=0
[REPLAN][TIME] scheduled_start_ms=4.3 wall_ms=1779324320891
[REPLAN][TIME] 0305_status_1_ms=6.6 wall_ms=1779324320893 reason=표적54 발견 재계획
[0305] status=1, reason=표적54 발견 재계획 전송
[INFO] Using latest 0203 ID 1 for missionReferencePackageID (fallback)
[STEP 0] Replan pipeline start (reason=표적54 발견 재계획)
[REPLAN][TIME] attack_exclusion_parallel_started_ms=12.3 wall_ms=1779324320899 option_index=2 sourcePlanID=700000002
[ATTACK-EXCLUDE] parallel generation started (sourcePlanID=700000002, optionIndex=2)
[ATTACK] 공격 특화 재계획 요청 감지 → 전용 파이프라인 실행
[ATTACK] [TIME] select_manned_aircraft=9ms
[ATTACK] STEP1 Selected manned aircraft: aircraft 2 (fuel=1200.0, coord=(37.722660064697266, 128.1003875732422, alt=1200))
[ATTACK] [TIME] load_target_entries=1ms
[ATTACK] STEP2 UAV tracking summary: watcher 6?’target 54, watcher 4?’target unknown-11, watcher 4?’target unknown-2, watcher 4?’target unknown-4, watcher 4?’target unknown-5, watcher 4?’target unknown-8, watcher 5?’target unknown-1, watcher 5?’target unknown-3, watcher 5?’target unknown-6, watcher 5?’target unknown-9, watcher 6?’target unknown-10, watcher 6?’target unknown-7, watcher 4?’target 53
[ATTACK] STEP2.5 Using bundled 0402 targets: target=54 watcher=6
[ATTACK] [ATTACK] Selected target id=54 type=4 weaponType=3 (preferred=3, ammo={'type1': 500, 'type2': 7, 'type3': 2})
[ATTACK] [TIME] compute_attack_point=9ms
[ATTACK] STEP3 Attack plan completed: lat=37.896231, lon=128.153357, alt=1085m
[ATTACK] [ATTACK] Using remembered waypoint 104 for watcher 6 while auto-tracking.
[ATTACK] [ATTACK] Weapon choice aircraft=2 preferred=3 selected=3 ammo={'type1': 500, 'type2': 7, 'type3': 2}
[ATTACK] [ATTACK][ETA] Tracking ETA computed with LAH max attack speed (dist=19853.3m, speed=73.61m/s, +30s) -> 300s
[ATTACK] [ATTACK] Using requested missionPlanID 700000003 (sourcePlanID=700000002)
[ATTACK] [ATTACK][POINT] Primary target adaptive standoff mode=candidate_within_standoff currentDist=21853.28162973795m candidateDist=1999.9999999993508m standoff=300.0/2000.0m.
[ATTACK] [ATTACK][ETA] UAV 4 remaining mission time: 0.0s
[ATTACK] [ATTACK][ETA] UAV 5 remaining mission time: 0.0s
[ATTACK] [ATTACK][ETA] Non-tracking UAV ETA selected: UAV 4 with 0s remaining
[ATTACK] [ATTACK][ETA] All tracking ETAs unified to 0s
[ATTACK] [ATTACK][COLLAB] Remaining UAV entry lookahead applied: 9.0s (pathFollow=3, linearFallback=3, currentOnly=0)
[ATTACK] [PRIOR] Falling back to first mission for aircraft 2 (current waypoint not found in plan).
[FOV_DB] loaded 7010 rows, 7008 unique widths, path=C:\Users\TRL98\Desktop\LAH_MUMT\branNew\KU\DSS_KU\resource\db\fov_db.csv
[ATTACK] [ATTACK][LAH] Using max attack speed 73.61m/s (265.0km/h) for aircraft 2.
[ATTACK] [ATTACK][LAH] Inferred current waypoint from position -> 79.
[ATTACK] [ATTACK][LAH] Dropped current waypoint from resume path (currentWP=79, nextWP=80).
[ATTACK] [ATTACK][LAH] Preserved completed prefix, inserted attack, and reattached 2 follow-up mission(s).
[ATTACK] [ATTACK][LAH] Generated attack/resume missions -> IMP:800000014.json PATHS:200000005.json/200000006.json (followUps=2)
[ATTACK] [PRIOR] Falling back to first mission for aircraft 1 (current waypoint not found in plan).
[ATTACK] [ATTACK][LAH] Inferred current waypoint from position -> 73.
[ATTACK] [ATTACK][LAH] Dropped current waypoint from resume path (currentWP=73, nextWP=74).
[ATTACK] [ATTACK][LAH] Preserved completed prefix, inserted hold, and reattached 2 follow-up mission(s).
[ATTACK] [ATTACK][LAH] Generated hold/resume missions -> IMP:800000015.json PATHS:100000005.json/100000006.json (followUps=2)
[ATTACK] [PRIOR] Falling back to first mission for aircraft 3 (current waypoint not found in plan).
[ATTACK] [ATTACK][LAH] Inferred current waypoint from position -> 85.
[ATTACK] [ATTACK][LAH] Dropped current waypoint from resume path (currentWP=85, nextWP=86).
[ATTACK] [ATTACK][LAH] Preserved completed prefix, inserted hold, and reattached 2 follow-up mission(s).
[ATTACK] [ATTACK][LAH] Generated hold/resume missions -> IMP:800000016.json PATHS:300000005.json/300000006.json (followUps=2)
[ATTACK] [NEXTCOLLAB] division planner area-division pieces=2
[ATTACK] [NEXTCOLLAB] division planner final workflow=no_split paths=2
[ATTACK] [ATTACK][COLLAB] Collaborative replacement IMP written (aircraft=4, imp=800000019.json, missions=1).
[ATTACK] [ATTACK][COLLAB] Collaborative replacement IMP written (aircraft=5, imp=800000020.json, missions=1).
[ATTACK] [ATTACK][COLLAB] First sweep searchSpeed boosted (aircraft=4, pathID=400000008, waypointID=146, factor=1.30, old=1108.38, new=1440.89).
[ATTACK] [ATTACK][COLLAB] First sweep searchSpeed boosted (aircraft=5, pathID=500000008, waypointID=157, factor=1.30, old=891.80, new=1159.34).
[ATTACK] [ATTACK][COLLAB] Collaborative remaining mission replanned (inputMissionID=2, unavailable=[6], remaining=[4, 5], workflow=no_split).
[ATTACK] [ATTACK][UAV] Resume trimmed by currentWP (lastRemovedWP=103).
[ATTACK] [ATTACK][UAV] Added replan anchor waypoint to done path (anchorWP=159).
[ATTACK] [ATTACK][UAV] Resume sweep trim applied (cutPoints=83, rawCutPoints=83, doneSweepPoints=0, pathID=600000004).
[ATTACK] [ATTACK][UAV] Resume searchSpeed scaled (factor=1.30, waypoints=1).
[ATTACK] [ATTACK][COLLAB] Tracking UAV resume replaced with release transit (aircraft=6, targetFinishEta=94, speed=58.0m/s).
[ATTACK] [ATTACK][UAV] Preserved completed prefix, inserted tracking, and reattached 1 follow-up mission(s).
[ATTACK] [ATTACK][UAV] Generated tracking/resume missions -> IMP:800000021.json PATHS:600000009.json/600000010.json (followUps=1)
[ATTACK] [ATTACK][UAV] Tracking assignment state saved (aircraft=6, sourcePlan=700000002, attackPlan=700000003).
[ATTACK] [ATTACK][COLLAB] Aircraft 4 handled by collaborative remaining replan (inputMissionID=2).
[ATTACK] [ATTACK][COLLAB] Aircraft 5 handled by collaborative remaining replan (inputMissionID=2).
[ATTACK] [ATTACK][PLAN] carried area remaining snapshot -> mission_area_snapshot_700000003.json (sourcePlanID=700000002, planID=700000003)
[ATTACK] [ATTACK][PLAN] MissionPlan saved -> 700000003.json (planID=700000003)
[ATTACK] [ATTACK][TIME] override_detail={"phases": {"metadata_normalize": {"elapsedMs": 0.008, "attackTargetCount": 1, "selectedMannedCount": 1}, "agent_index": {"elapsedMs": 0.081, "aircraftCount": 6}, "weapon_choice": {"elapsedMs": 2.538, "selectedWeaponType": 3, "ammoAvailable": true}, "initial_tracking_eta": {"elapsedMs": 0.704, "useDetectionTracking": true, "trackingEtaS": 300}, "resolve_source_plan": {"elapsedMs": 0.857, "sourcePlanID": 700000002}, "source_plan_load": {"elapsedMs": 0.384, "sourcePlanID": 700000002, "aircraftCount": 6}, "sweep_progress_load": {"elapsedMs": 0.406, "entries": 12}, "plan_id_resolve": {"elapsedMs": 0.022, "requested": true, "missionPlanID": 700000003}, "source_artifact_cache_build": {"elapsedMs": 0.018, "aircraftEntries": 6}, "done_input_ids_load": {"elapsedMs": 1.034, "count": 1}, "plan_deepcopy": {"elapsedMs": 0.055}, "target_uav_assignment": {"elapsedMs": 0.414, "assignedTargetCount": 1, "usedTrackingUavCount": 1}, "manned_sequence_assignment": {"elapsedMs": 6.443, "aircraftCount": 1, "error": null}, "attack_coordinate_resolution": {"elapsedMs": 2.865, "resolvedCount": 1, "mannedSequenceCount": 1}, "remaining_eta": {"elapsedMs": 28.856, "allUavCount": 3, "trackingUavCount": 1, "computedEtaCount": 1, "adjustedEtaS": 0}, "descriptor_list_build": {"elapsedMs": 0.055, "descriptorCount": 6, "activeMannedCount": 1, "otherLahCount": 2, "otherUavCount": 2}, "collab_tracking_scan": {"elapsedMs": 12.14, "inputCount": 1, "unavailableUavCount": 1}, "collab_agent_state_map": {"elapsedMs": 8.239, "aircraftCount": 6}, "collab_parallel_started": {"elapsedMs": 0.691, "inputCount": 1, "workers": 1}, "collab_parallel_join": {"elapsedMs": 1422.523, "waitReason": "UAV_TRACK", "inputCount": 1}, "descriptor_loop": {"elapsedMs": 3281.491, "descriptorCount": 6, "updateCount": 4}, "final_collab_plan_update": {"elapsedMs": 0.015, "collabInputCount": 1}, "mission_plan_write": {"elapsedMs": 4.803, "missionPlanID": 700000003}, "option_meta_build": {"elapsedMs": 0.053, "targetCount": 1, "collabInputCount": 1}}, "collabRuns": [{"inputMissionID": 2, "unavailableAircraftIDs": [6], "elapsedMs": 2843.953, "status": "ok", "replacementAircraftIDs": [4, 5], "generatedPathCount": 2, "finishEtaS": 94, "workflow": "no_split"}], "descriptorDetails": [{"aircraftID": 2, "label": "manned", "mode": "LAH_ATTACK", "resolveArtifacts": {"elapsedMs": 0.944, "currentWaypointID": null, "sourcePathID": 200000001, "sourceImpID": 800000008}, "loadArtifacts": {"elapsedMs": 0.005, "impLoaded": true, "fpLoaded": true}, "cloneAndLocateMission": {"elapsedMs": 0.106, "missionCount": 3, "targetIndex": 0}, "allocateAndPlanUpdate": {"elapsedMs": 15.433, "newImpID": 800000014}, "builder": {"elapsedMs": 641.981, "builderMode": "LAH_ATTACK"}, "builderDetail": {"allocate_ids": {"elapsedMs": 339.271, "attackPathID": 200000005, "resumePathID": 200000006, "attackIndividualID": 900000024, "resumeIndividualID": 900000025, "entryWaypointID": 111, "attackWaypointID": 113}, "split_lah_resume": {"elapsedMs": 133.755, "resumeWaypointCount": 1, "removedWaypointID": 79}, "clone_followups": {"elapsedMs": 95.165, "followUpMissionCount": 2, "followUpPathCount": 2}, "payload_build": {"elapsedMs": 51.41, "hasResume": true, "followUpMissionCount": 2, "attackSpeedMps": 73.61}, "write_json": {"elapsedMs": 10.163, "fileCount": 5}, "totalMs": 640.654}, "status": "ok", "elapsedMs": 658.61}, {"aircraftID": 1, "label": "lah_hold_1", "mode": "LAH_HOLD_RESUME", "resolveArtifacts": {"elapsedMs": 1.016, "currentWaypointID": null, "sourcePathID": 100000001, "sourceImpID": 800000007}, "loadArtifacts": {"elapsedMs": 0.008, "impLoaded": true, "fpLoaded": true}, "cloneAndLocateMission": {"elapsedMs": 0.153, "missionCount": 3, "targetIndex": 0}, "allocateAndPlanUpdate": {"elapsedMs": 11.845, "newImpID": 800000015}, "builder": {"elapsedMs": 372.288, "builderMode": "LAH_HOLD_RESUME"}, "builderDetail": {"allocate_ids": {"elapsedMs": 31.578, "holdPathID": 100000005, "resumePathID": 100000006, "holdIndividualID": 900000030, "resumeIndividualID": 900000031}, "split_lah_resume": {"elapsedMs": 161.696, "resumeWaypointCount": 1, "removedWaypointID": 73}, "clone_followups": {"elapsedMs": 117.031, "followUpMissionCount": 2, "followUpPathCount": 2}, "payload_build": {"elapsedMs": 164.729, "hasResume": true, "followUpMissionCount": 2}, "write_json": {"elapsedMs": 6.329, "fileCount": 5}, "totalMs": 372.24}, "status": "ok", "elapsedMs": 385.45}, {"aircraftID": 3, "label": "lah_hold_3", "mode": "LAH_HOLD_RESUME", "resolveArtifacts": {"elapsedMs": 2.394, "currentWaypointID": null, "sourcePathID": 300000001, "sourceImpID": 800000009}, "loadArtifacts": {"elapsedMs": 0.005, "impLoaded": true, "fpLoaded": true}, "cloneAndLocateMission": {"elapsedMs": 0.117, "missionCount": 3, "targetIndex": 0}, "allocateAndPlanUpdate": {"elapsedMs": 7.841, "newImpID": 800000016}, "builder": {"elapsedMs": 376.951, "builderMode": "LAH_HOLD_RESUME"}, "builderDetail": {"allocate_ids": {"elapsedMs": 22.433, "holdPathID": 300000005, "resumePathID": 300000006, "holdIndividualID": 900000034, "resumeIndividualID": 900000035}, "split_lah_resume": {"elapsedMs": 151.101, "resumeWaypointCount": 1, "removedWaypointID": 85}, "clone_followups": {"elapsedMs": 133.792, "followUpMissionCount": 2, "followUpPathCount": 2}, "payload_build": {"elapsedMs": 190.554, "hasResume": true, "followUpMissionCount": 2}, "write_json": {"elapsedMs": 8.015, "fileCount": 5}, "totalMs": 376.896}, "status": "ok", "elapsedMs": 387.438}, {"aircraftID": 6, "label": "uav_tracking_6", "mode": "UAV_TRACK", "resolveArtifacts": {"elapsedMs": 0.029, "currentWaypointID": 104, "sourcePathID": 600000004, "sourceImpID": 800000012}, "loadArtifacts": {"elapsedMs": 0.004, "impLoaded": true, "fpLoaded": true}, "cloneAndLocateMission": {"elapsedMs": 0.224, "missionCount": 3, "targetIndex": 1}, "allocateAndPlanUpdate": {"elapsedMs": 8.658, "newImpID": 800000021}, "builder": {"elapsedMs": 414.002, "builderMode": "UAV_TRACK"}, "builderDetail": {"allocate_ids": {"elapsedMs": 84.372, "donePathID": 600000008, "attackPathID": 600000009, "resumePathID": 600000010, "trackingIndividualID": 900000042, "resumeIndividualID": 900000043, "targetWaypointID": 158}, "split_done_resume": {"elapsedMs": 128.024, "sourceSinglePoint": false, "doneWaypointCount": 2, "resumeWaypointCount": 1, "removedWaypointID": 103}, "clone_followups": {"elapsedMs": 78.687, "followUpMissionCount": 1, "followUpPathCount": 1}, "release_resume": {"elapsedMs": 56.729, "releaseWaypointCount": 2, "targetFinishEtaS": 94}, "write_json": {"elapsedMs": 56.657, "fileCount": 5}, "totalMs": 409.804}, "trackingState": {"elapsedMs": 1.696}, "status": "ok", "elapsedMs": 425.273}, {"aircraftID": 4, "label": "uav_resume_4", "mode": "UAV_RESUME", "resolveArtifacts": {"elapsedMs": 0.03, "currentWaypointID": 96, "sourcePathID": 400000004, "sourceImpID": 800000010}, "loadArtifacts": {"elapsedMs": 0.005, "impLoaded": true, "fpLoaded": true}, "cloneAndLocateMission": {"elapsedMs": 0.233, "missionCount": 3, "targetIndex": 1}, "status": "handled_by_collab", "elapsedMs": 0.842}, {"aircraftID": 5, "label": "uav_resume_5", "mode": "UAV_RESUME", "resolveArtifacts": {"elapsedMs": 0.021, "currentWaypointID": 100, "sourcePathID": 500000004, "sourceImpID": 800000011}, "loadArtifacts": {"elapsedMs": 0.003, "impLoaded": true, "fpLoaded": true}, "cloneAndLocateMission": {"elapsedMs": 0.216, "missionCount": 3, "targetIndex": 1}, "status": "handled_by_collab", "elapsedMs": 0.76}], "totalMs": 3350}
[ATTACK] [ATTACK][TIME] override_total=3350ms
[ATTACK] [TIME] apply_attack_plan_overrides=3357ms
[ATTACK] [TIME] timingMs={"read_source": 11.576, "descriptor_build": 4.339, "write_artifacts": 3368.078, "delivery_wait": 8.35}
[ATTACK] [TIME] total=3393ms
[ATTACK] 분석 로그 저장: C:\Users\TRL98\Desktop\LAH_MUMT\Logs\Scenario_2026-05-21T085327\SBC3\DSS_Internal\log_attack_algorithm_20260521T004524_292695.json
[ATTACK] mark target used: targetIDs=54
[ATTACK-EXCLUDE] ATTACK-EXCLUDE using requested missionPlanID 700000004 (sourcePlanID=700000002)
[ATTACK-EXCLUDE] [PRIOR][UAV] Resume trimmed by currentWP (lastRemovedWP=95).
[ATTACK-EXCLUDE] [PRIOR][UAV] Added replan anchor waypoint to done path (anchorWP=107).
[ATTACK-EXCLUDE] [PRIOR][UAV] Resume sweep trim applied (cutPoints=14, rawCutPoints=98, doneSweepPoints=84, pathID=400000004).
[ATTACK-EXCLUDE] [PRIOR][UAV] Resume searchSpeed scaled (factor=1.30, waypoints=1).
[ATTACK-EXCLUDE] [PRIOR][UAV] Generated done/resume mission -> aircraft=4 IMP:800000013.json PATHS:400000005.json/400000006.json
[ATTACK-EXCLUDE] [PRIOR][UAV] Resume trimmed by currentWP (lastRemovedWP=99).
[ATTACK-EXCLUDE] [PRIOR][UAV] Added replan anchor waypoint to done path (anchorWP=142).
[ATTACK-EXCLUDE] [PRIOR][UAV] Resume sweep trim applied (cutPoints=95, rawCutPoints=95, doneSweepPoints=0, pathID=500000004).
[ATTACK-EXCLUDE] [PRIOR][UAV] Resume searchSpeed scaled (factor=1.30, waypoints=1).
[ATTACK-EXCLUDE] [PRIOR][UAV] Generated done/resume mission -> aircraft=5 IMP:800000017.json PATHS:500000005.json/500000006.json
[ATTACK-EXCLUDE] [PRIOR][UAV] Resume trimmed by currentWP (lastRemovedWP=103).
[ATTACK-EXCLUDE] [PRIOR][UAV] Added replan anchor waypoint to done path (anchorWP=152).
[ATTACK-EXCLUDE] [PRIOR][UAV] Resume sweep trim applied (cutPoints=83, rawCutPoints=83, doneSweepPoints=0, pathID=600000004).
[ATTACK-EXCLUDE] [PRIOR][UAV] Resume searchSpeed scaled (factor=1.30, waypoints=1).
[ATTACK-EXCLUDE] [PRIOR][UAV] Generated done/resume mission -> aircraft=6 IMP:800000018.json PATHS:600000005.json/600000006.json
[ATTACK-EXCLUDE] 공격 배제 MissionPlan 저장 -> 700000004.json (planID=700000004)
[ATTACK-EXCLUDE] ATTACK-EXCLUDE carried area remaining snapshot -> mission_area_snapshot_700000004.json (sourcePlanID=700000002, planID=700000004)
[ATTACK] 공격 임무 계획 완료 (planIds=700000003)
[INFO] UAV params loaded (cruise=40.00, turn_step=15.0)
[INFO] Latest input snapshot → 0201:ID=1,ts=832638838505,src=-, 0203:ID=1,ts=832638838538,src=-
[STEP 0] Using latest 0201 ID 1 (1.json)
[STEP 0] Using latest 0203 ID 1 (1.json)
[CHECK] 0201/0203 필수 데이터 확인 시작
[OK] 0201 inputMissionList 확인됨 (count=3) → 진행
[OK] 0201 availableAircraftList 확인됨 (count=6) → 진행
[OK] 0201 inputMissionPackageType=1 확인
[OK] 0201 mainSensor=1 확인
[CHECK] 0201 기체 수=6 (UAV=3, LAH=3)
[CHECK] 0201 임무: total=3 missingID=0 missingDetail=0 missingShape=0 unknownType=0 typeZeroAuto=0 typeZeroInvalid=0 lineOnlyViolation=0 skippedSinglePoint=0
[OK] 0203 takeOverInfoList 확인됨 (count=3) → 진행
[OK] 0203 handOverInfoList 확인됨 (count=3) → 진행
[OK] 0203 flightAreaList 확인됨 (count=1) → 진행
[CHECK] 0203 flightAreaList count=1
[INFO] 임무 진행영역 스냅샷 적용: sourcePlan=700000002, updated=2, done=0
[INFO] 임무 진행영역 재계획 collapse 적용: groups=2, normalized=2, 3
[INFO] Filtered completed input missions (removed=1, converted=-, widthAdjusted=-, skippedSinglePoint=-, snapshot=updated=2, done=0, collapse=groups=2, normalized=2,3)
[REPLAN][TIME] variant_started_ms=3440.1 wall_ms=1779324324326 variant=1 option=3 mode=attack_exclusion
[variant 1] 공격 배제 병렬 결과 병합
[REPLAN][TIME] attack_exclusion_parallel_joined_ms=3450.8 wall_ms=1779324324337 variant=1 duration_ms=3247.262 wait_ms=0.012
[OK] 공격 배제 variant 저장: MissionPlanID=700000004 (elapsed=3247.3 ms)
[INFO] Option mapping #1: planID=700000004, optionCode=3(공격배제)
[REPLAN][TIME] variant_finished_ms=3451.0 wall_ms=1779324324337 variant=1 option=3 mode=attack_exclusion status=success duration_ms=3247.262
[OK] Stored mission data: MissionPlan=1, IndividualMission=0, FlightPath=0
[REPLAN][TIME] id_tab_update_deferred_ms=3451.8 wall_ms=1779324324338
[REPLAN][TIME] pipeline_done_ms=3451.9 wall_ms=1779324324338 plans=2 force_direct=False
[REPLAN][TIME] 0301_queued_ms=3452.0 wall_ms=1779324324338 plans=2
[STEP 4] 0301 push queued (planIds=700000003, 700000004)
[0402] delivery suppressed before 0301: Target 정보 변경으로 인한 재계획 중단
[0001] notice sent: Target 정보 변경으로 인한 재계획 중단
[REPLAN][METRIC] source_artifact_cache entries=27 hits=42 misses=27
[REPLAN][TIME] 0902_received_ms=0.3 wall_ms=1779324324868 trigger=attack_2_option replanLevel=2 optionCount=2 forceDirect=0
[REPLAN][TIME] 0902_archived_ms=2.0 wall_ms=1779324324870 path=replan_request_832639523618.json
[AUTO] 0902 received (planIds=700000005, 700000006)
[REPLAN][TIME] pipeline_scheduled_ms=3.4 wall_ms=1779324324871 delay_ms=0
[REPLAN][TIME] scheduled_start_ms=4.6 wall_ms=1779324324872
[REPLAN][TIME] 0305_status_1_ms=6.5 wall_ms=1779324324874 reason=표적55 등 2개 발견
[0305] status=1, reason=표적55 등 2개 발견 전송
[INFO] Using latest 0203 ID 1 for missionReferencePackageID (fallback)
[STEP 0] Replan pipeline start (reason=표적55 등 2개 발견)
[REPLAN][TIME] attack_exclusion_parallel_started_ms=14.1 wall_ms=1779324324882 option_index=2 sourcePlanID=700000002
[ATTACK-EXCLUDE] parallel generation started (sourcePlanID=700000002, optionIndex=2)
[ATTACK] 공격 특화 재계획 요청 감지 → 전용 파이프라인 실행
[ATTACK] [TIME] select_manned_aircraft=11ms
[ATTACK] STEP1 Selected manned aircraft: aircraft 3 (fuel=1200.0, coord=(37.720611572265625, 128.11573791503906, alt=1200))
[ATTACK] [TIME] load_target_entries=1ms
[ATTACK] STEP2 UAV tracking summary: watcher 6?’target 54, watcher 4?’target 55, watcher 4?’target unknown-11, watcher 4?’target unknown-2, watcher 4?’target unknown-4, watcher 4?’target unknown-5, watcher 4?’target unknown-8, watcher 5?’target unknown-1, watcher 5?’target unknown-3, watcher 5?’target unknown-6, watcher 5?’target unknown-9, watcher 6?’target unknown-10, watcher 6?’target unknown-7, watcher 4?’target 53
[ATTACK] STEP2.5 Using bundled 0402 targets: target=55 watcher=4, target=54 watcher=6
[ATTACK] STEP2.6 Multi-target manned selection: 2, 3
[ATTACK] [ATTACK] Selected target id=55 type=1 weaponType=2 (preferred=2, ammo={'type1': 500, 'type2': 7, 'type3': 2})
[ATTACK] [TIME] compute_attack_point=9ms
[ATTACK] STEP3 Attack plan completed: lat=37.898983, lon=128.165665, alt=983m
[ATTACK] [ATTACK] Using remembered waypoint 96 for watcher 4 while auto-tracking.
[ATTACK] [ATTACK] Weapon choice aircraft=2 preferred=2 selected=2 ammo={'type1': 500, 'type2': 7, 'type3': 2}
[ATTACK] [ATTACK][ETA] Tracking ETA computed with LAH max attack speed (dist=20427.7m, speed=73.61m/s, +30s) -> 308s
[ATTACK] [ATTACK] Using requested missionPlanID 700000005 (sourcePlanID=700000002)
[ATTACK] [ATTACK][ETA] UAV 5 remaining mission time: 0.0s
[ATTACK] [ATTACK][ETA] Non-tracking UAV ETA selected: UAV 5 with 0s remaining
[ATTACK] [ATTACK][ETA] All tracking ETAs unified to 0s
[ATTACK] [ATTACK][COLLAB] Remaining UAV entry lookahead applied: 9.0s (pathFollow=3, linearFallback=3, currentOnly=0)
[ATTACK] [PRIOR] Falling back to first mission for aircraft 2 (current waypoint not found in plan).
[FOV_DB] loaded 7010 rows, 7008 unique widths, path=C:\Users\TRL98\Desktop\LAH_MUMT\branNew\KU\DSS_KU\resource\db\fov_db.csv
[ATTACK] [ATTACK][LAH] Using max attack speed 73.61m/s (265.0km/h) for aircraft 2.
[ATTACK] [ATTACK][LAH] Inferred current waypoint from position -> 79.
[ATTACK] [ATTACK][LAH] Dropped current waypoint from resume path (currentWP=79, nextWP=80).
[ATTACK] [ATTACK][LAH] Preserved completed prefix, inserted attack, and reattached 2 follow-up mission(s).
[ATTACK] [ATTACK][LAH] Generated attack/resume missions -> IMP:800000023.json PATHS:200000009.json/200000010.json (followUps=2)
[ATTACK] [PRIOR] Falling back to first mission for aircraft 3 (current waypoint not found in plan).
[ATTACK] [ATTACK][LAH] Using max attack speed 73.61m/s (265.0km/h) for aircraft 3.
[ATTACK] [ATTACK][LAH] Inferred current waypoint from position -> 85.
[ATTACK] [ATTACK][LAH] Dropped current waypoint from resume path (currentWP=85, nextWP=86).
[ATTACK] [ATTACK][LAH] Preserved completed prefix, inserted attack, and reattached 2 follow-up mission(s).
[ATTACK] [ATTACK][LAH] Generated attack/resume missions -> IMP:800000025.json PATHS:300000009.json/300000010.json (followUps=2)
[ATTACK] [PRIOR] Falling back to first mission for aircraft 1 (current waypoint not found in plan).
[ATTACK] [ATTACK][LAH] Inferred current waypoint from position -> 73.
[ATTACK] [ATTACK][LAH] Dropped current waypoint from resume path (currentWP=73, nextWP=74).
[ATTACK] [ATTACK][LAH] Preserved completed prefix, inserted hold, and reattached 2 follow-up mission(s).
[ATTACK] [ATTACK][LAH] Generated hold/resume missions -> IMP:800000027.json PATHS:100000009.json/100000010.json (followUps=2)
[ATTACK] [NEXTCOLLAB] division planner area-division pieces=1
[ATTACK] [NEXTCOLLAB] division planner final workflow=no_split paths=1
[ATTACK] [ATTACK][COLLAB] Collaborative replacement IMP written (aircraft=5, imp=800000028.json, missions=1).
[ATTACK] [ATTACK][COLLAB] First sweep searchSpeed boosted (aircraft=5, pathID=500000009, waypointID=209, factor=1.30, old=1173.50, new=1525.55).
[ATTACK] [ATTACK][COLLAB] Collaborative remaining mission replanned (inputMissionID=2, unavailable=[4, 6], remaining=[5], workflow=no_split).
[ATTACK] [ATTACK][UAV] Tracking target altitude kept for sensor only; flight altitude replaced 683m -> 1868m.
[ATTACK] [ATTACK][UAV] Resume trimmed by currentWP (lastRemovedWP=95).
[ATTACK] [ATTACK][UAV] Added replan anchor waypoint to done path (anchorWP=219).
[ATTACK] [ATTACK][UAV] Resume sweep trim applied (cutPoints=14, rawCutPoints=98, doneSweepPoints=84, pathID=400000004).
[ATTACK] [ATTACK][UAV] Resume searchSpeed scaled (factor=1.30, waypoints=1).
[ATTACK] [ATTACK][COLLAB] Tracking UAV resume replaced with release transit (aircraft=4, targetFinishEta=96, speed=58.0m/s).
[ATTACK] [ATTACK][UAV] Preserved completed prefix, inserted tracking, and reattached 1 follow-up mission(s).
[ATTACK] [ATTACK][UAV] Generated tracking/resume missions -> IMP:800000029.json PATHS:400000013.json/400000014.json (followUps=1)
[ATTACK] [ATTACK][UAV] Tracking assignment state saved (aircraft=4, sourcePlan=700000002, attackPlan=700000005).
[ATTACK] [ATTACK][UAV] Resume trimmed by currentWP (lastRemovedWP=103).
[ATTACK] [ATTACK][UAV] Added replan anchor waypoint to done path (anchorWP=229).
[ATTACK] [ATTACK][UAV] Resume sweep trim applied (cutPoints=83, rawCutPoints=83, doneSweepPoints=0, pathID=600000004).
[ATTACK] [ATTACK][UAV] Resume searchSpeed scaled (factor=1.30, waypoints=1).
[ATTACK] [ATTACK][COLLAB] Tracking UAV resume replaced with release transit (aircraft=6, targetFinishEta=96, speed=58.0m/s).
[ATTACK] [ATTACK][UAV] Preserved completed prefix, inserted tracking, and reattached 1 follow-up mission(s).
[ATTACK] [ATTACK][UAV] Generated tracking/resume missions -> IMP:800000030.json PATHS:600000016.json/600000017.json (followUps=1)
[ATTACK] [ATTACK][UAV] Tracking assignment state saved (aircraft=6, sourcePlan=700000002, attackPlan=700000005).
[ATTACK] [ATTACK][COLLAB] Aircraft 5 handled by collaborative remaining replan (inputMissionID=2).
[ATTACK] [ATTACK][PLAN] carried area remaining snapshot -> mission_area_snapshot_700000005.json (sourcePlanID=700000002, planID=700000005)
[ATTACK] [ATTACK][PLAN] MissionPlan saved -> 700000005.json (planID=700000005)
[ATTACK] [ATTACK][TIME] override_detail={"phases": {"metadata_normalize": {"elapsedMs": 0.01, "attackTargetCount": 2, "selectedMannedCount": 2}, "agent_index": {"elapsedMs": 0.126, "aircraftCount": 6}, "weapon_choice": {"elapsedMs": 4.189, "selectedWeaponType": 2, "ammoAvailable": true}, "initial_tracking_eta": {"elapsedMs": 0.599, "useDetectionTracking": true, "trackingEtaS": 308}, "resolve_source_plan": {"elapsedMs": 1.246, "sourcePlanID": 700000002}, "source_plan_load": {"elapsedMs": 0.717, "sourcePlanID": 700000002, "aircraftCount": 6}, "sweep_progress_load": {"elapsedMs": 7.696, "entries": 12}, "plan_id_resolve": {"elapsedMs": 0.027, "requested": true, "missionPlanID": 700000005}, "source_artifact_cache_build": {"elapsedMs": 0.019, "aircraftEntries": 6}, "done_input_ids_load": {"elapsedMs": 2.139, "count": 1}, "plan_deepcopy": {"elapsedMs": 0.101}, "target_uav_assignment": {"elapsedMs": 1.116, "assignedTargetCount": 2, "usedTrackingUavCount": 2}, "manned_sequence_assignment": {"elapsedMs": 16.221, "aircraftCount": 2, "error": null}, "attack_coordinate_resolution": {"elapsedMs": 25.89, "resolvedCount": 2, "mannedSequenceCount": 2}, "remaining_eta": {"elapsedMs": 20.019, "allUavCount": 3, "trackingUavCount": 2, "computedEtaCount": 2, "adjustedEtaS": 0}, "descriptor_list_build": {"elapsedMs": 0.048, "descriptorCount": 6, "activeMannedCount": 2, "otherLahCount": 1, "otherUavCount": 1}, "collab_tracking_scan": {"elapsedMs": 42.087, "inputCount": 1, "unavailableUavCount": 2}, "collab_agent_state_map": {"elapsedMs": 22.635, "aircraftCount": 6}, "collab_parallel_started": {"elapsedMs": 0.761, "inputCount": 1, "workers": 1}, "collab_parallel_join": {"elapsedMs": 2.099, "waitReason": "UAV_TRACK", "inputCount": 1}, "descriptor_loop": {"elapsedMs": 3447.34, "descriptorCount": 6, "updateCount": 5}, "final_collab_plan_update": {"elapsedMs": 0.011, "collabInputCount": 1}, "mission_plan_write": {"elapsedMs": 8.389, "missionPlanID": 700000005}, "option_meta_build": {"elapsedMs": 0.067, "targetCount": 2, "collabInputCount": 1}}, "collabRuns": [{"inputMissionID": 2, "unavailableAircraftIDs": [4, 6], "elapsedMs": 2193.052, "status": "ok", "replacementAircraftIDs": [5], "generatedPathCount": 1, "finishEtaS": 96, "workflow": "no_split"}], "descriptorDetails": [{"aircraftID": 2, "label": "manned", "mode": "LAH_ATTACK", "resolveArtifacts": {"elapsedMs": 0.919, "currentWaypointID": null, "sourcePathID": 200000001, "sourceImpID": 800000008}, "loadArtifacts": {"elapsedMs": 0.005, "impLoaded": true, "fpLoaded": true}, "cloneAndLocateMission": {"elapsedMs": 0.141, "missionCount": 3, "targetIndex": 0}, "allocateAndPlanUpdate": {"elapsedMs": 59.251, "newImpID": 800000023}, "builder": {"elapsedMs": 989.935, "builderMode": "LAH_ATTACK"}, "builderDetail": {"allocate_ids": {"elapsedMs": 356.667, "attackPathID": 200000009, "resumePathID": 200000010, "attackIndividualID": 900000047, "resumeIndividualID": 900000048, "entryWaypointID": 174, "attackWaypointID": 175}, "split_lah_resume": {"elapsedMs": 214.228, "resumeWaypointCount": 1, "removedWaypointID": 79}, "clone_followups": {"elapsedMs": 283.659, "followUpMissionCount": 2, "followUpPathCount": 2}, "payload_build": {"elapsedMs": 118.077, "hasResume": true, "followUpMissionCount": 2, "attackSpeedMps": 73.61}, "write_json": {"elapsedMs": 9.605, "fileCount": 5}, "totalMs": 987.92}, "status": "ok", "elapsedMs": 1050.399}, {"aircraftID": 3, "label": "manned", "mode": "LAH_ATTACK", "resolveArtifacts": {"elapsedMs": 1.656, "currentWaypointID": null, "sourcePathID": 300000001, "sourceImpID": 800000009}, "loadArtifacts": {"elapsedMs": 0.007, "impLoaded": true, "fpLoaded": true}, "cloneAndLocateMission": {"elapsedMs": 0.186, "missionCount": 3, "targetIndex": 0}, "allocateAndPlanUpdate": {"elapsedMs": 72.119, "newImpID": 800000025}, "builder": {"elapsedMs": 960.486, "builderMode": "LAH_ATTACK"}, "builderDetail": {"allocate_ids": {"elapsedMs": 173.918, "attackPathID": 300000009, "resumePathID": 300000010, "attackIndividualID": 900000054, "resumeIndividualID": 900000055, "entryWaypointID": 190, "attackWaypointID": 191}, "split_lah_resume": {"elapsedMs": 275.863, "resumeWaypointCount": 1, "removedWaypointID": 85}, "clone_followups": {"elapsedMs": 342.734, "followUpMissionCount": 2, "followUpPathCount": 2}, "payload_build": {"elapsedMs": 153.663, "hasResume": true, "followUpMissionCount": 2, "attackSpeedMps": 73.61}, "write_json": {"elapsedMs": 6.815, "fileCount": 5}, "totalMs": 958.069}, "status": "ok", "elapsedMs": 1034.592}, {"aircraftID": 1, "label": "lah_hold_1", "mode": "LAH_HOLD_RESUME", "resolveArtifacts": {"elapsedMs": 0.643, "currentWaypointID": null, "sourcePathID": 100000001, "sourceImpID": 800000007}, "loadArtifacts": {"elapsedMs": 0.006, "impLoaded": true, "fpLoaded": true}, "cloneAndLocateMission": {"elapsedMs": 0.161, "missionCount": 3, "targetIndex": 0}, "allocateAndPlanUpdate": {"elapsedMs": 75.65, "newImpID": 800000027}, "builder": {"elapsedMs": 356.856, "builderMode": "LAH_HOLD_RESUME"}, "builderDetail": {"allocate_ids": {"elapsedMs": 37.286, "holdPathID": 100000009, "resumePathID": 100000010, "holdIndividualID": 900000060, "resumeIndividualID": 900000061}, "split_lah_resume": {"elapsedMs": 147.972, "resumeWaypointCount": 1, "removedWaypointID": 73}, "clone_followups": {"elapsedMs": 110.293, "followUpMissionCount": 2, "followUpPathCount": 2}, "payload_build": {"elapsedMs": 163.19, "hasResume": true, "followUpMissionCount": 2}, "write_json": {"elapsedMs": 4.561, "fileCount": 5}, "totalMs": 356.81}, "status": "ok", "elapsedMs": 433.447}, {"aircraftID": 4, "label": "uav_tracking_4", "mode": "UAV_TRACK", "resolveArtifacts": {"elapsedMs": 0.022, "currentWaypointID": 96, "sourcePathID": 400000004, "sourceImpID": 800000010}, "loadArtifacts": {"elapsedMs": 0.003, "impLoaded": true, "fpLoaded": true}, "cloneAndLocateMission": {"elapsedMs": 0.162, "missionCount": 3, "targetIndex": 1}, "allocateAndPlanUpdate": {"elapsedMs": 6.907, "newImpID": 800000029}, "builder": {"elapsedMs": 441.884, "builderMode": "UAV_TRACK"}, "builderDetail": {"allocate_ids": {"elapsedMs": 86.432, "donePathID": 400000012, "attackPathID": 400000013, "resumePathID": 400000014, "trackingIndividualID": 900000064, "resumeIndividualID": 900000065, "targetWaypointID": 218}, "split_done_resume": {"elapsedMs": 167.316, "sourceSinglePoint": false, "doneWaypointCount": 3, "resumeWaypointCount": 1, "removedWaypointID": 95}, "clone_followups": {"elapsedMs": 74.014, "followUpMissionCount": 1, "followUpPathCount": 1}, "release_resume": {"elapsedMs": 59.678, "releaseWaypointCount": 2, "targetFinishEtaS": 96}, "write_json": {"elapsedMs": 46.829, "fileCount": 5}, "totalMs": 439.469}, "trackingState": {"elapsedMs": 1.742}, "status": "ok", "elapsedMs": 451.472}, {"aircraftID": 6, "label": "uav_tracking_6", "mode": "UAV_TRACK", "resolveArtifacts": {"elapsedMs": 0.031, "currentWaypointID": 104, "sourcePathID": 600000004, "sourceImpID": 800000012}, "loadArtifacts": {"elapsedMs": 0.005, "impLoaded": true, "fpLoaded": true}, "cloneAndLocateMission": {"elapsedMs": 0.291, "missionCount": 3, "targetIndex": 1}, "allocateAndPlanUpdate": {"elapsedMs": 8.422, "newImpID": 800000030}, "builder": {"elapsedMs": 457.032, "builderMode": "UAV_TRACK"}, "builderDetail": {"allocate_ids": {"elapsedMs": 100.055, "donePathID": 600000015, "attackPathID": 600000016, "resumePathID": 600000017, "trackingIndividualID": 900000067, "resumeIndividualID": 900000068, "targetWaypointID": 228}, "split_done_resume": {"elapsedMs": 153.747, "sourceSinglePoint": false, "doneWaypointCount": 2, "resumeWaypointCount": 1, "removedWaypointID": 103}, "clone_followups": {"elapsedMs": 93.66, "followUpMissionCount": 1, "followUpPathCount": 1}, "release_resume": {"elapsedMs": 59.095, "releaseWaypointCount": 2, "targetFinishEtaS": 96}, "write_json": {"elapsedMs": 41.276, "fileCount": 5}, "totalMs": 453.928}, "trackingState": {"elapsedMs": 7.338}, "status": "ok", "elapsedMs": 473.94}, {"aircraftID": 5, "label": "uav_resume_5", "mode": "UAV_RESUME", "resolveArtifacts": {"elapsedMs": 0.025, "currentWaypointID": 100, "sourcePathID": 500000004, "sourceImpID": 800000011}, "loadArtifacts": {"elapsedMs": 0.003, "impLoaded": true, "fpLoaded": true}, "cloneAndLocateMission": {"elapsedMs": 0.178, "missionCount": 3, "targetIndex": 1}, "status": "handled_by_collab", "elapsedMs": 0.794}], "totalMs": 3600}
[ATTACK] [ATTACK][TIME] override_total=3600ms
[ATTACK] [TIME] apply_attack_plan_overrides=3609ms
[ATTACK] [TIME] timingMs={"read_source": 13.874, "descriptor_build": 11.231, "write_artifacts": 3620.647, "delivery_wait": 6.531}
[ATTACK] [TIME] total=3653ms
[ATTACK] mark target used: targetIDs=55, 54
[ATTACK] 분석 로그 저장: C:\Users\TRL98\Desktop\LAH_MUMT\Logs\Scenario_2026-05-21T085327\SBC3\DSS_Internal\log_attack_algorithm_20260521T004528_536098.json
[ATTACK-EXCLUDE] ATTACK-EXCLUDE using requested missionPlanID 700000006 (sourcePlanID=700000002)
[ATTACK-EXCLUDE] [PRIOR][UAV] Resume trimmed by currentWP (lastRemovedWP=95).
[ATTACK-EXCLUDE] [PRIOR][UAV] Added replan anchor waypoint to done path (anchorWP=169).
[ATTACK-EXCLUDE] [PRIOR][UAV] Resume sweep trim applied (cutPoints=14, rawCutPoints=98, doneSweepPoints=84, pathID=400000004).
[ATTACK-EXCLUDE] [PRIOR][UAV] Resume searchSpeed scaled (factor=1.30, waypoints=1).
[ATTACK-EXCLUDE] [PRIOR][UAV] Generated done/resume mission -> aircraft=4 IMP:800000022.json PATHS:400000009.json/400000010.json
[ATTACK-EXCLUDE] [PRIOR][UAV] Resume trimmed by currentWP (lastRemovedWP=99).
[ATTACK-EXCLUDE] [PRIOR][UAV] Added replan anchor waypoint to done path (anchorWP=183).
[ATTACK-EXCLUDE] [PRIOR][UAV] Resume sweep trim applied (cutPoints=98, rawCutPoints=98, doneSweepPoints=0, pathID=500000004).
[ATTACK-EXCLUDE] [PRIOR][UAV] Resume searchSpeed scaled (factor=1.30, waypoints=1).
[ATTACK-EXCLUDE] [PRIOR][UAV] Generated done/resume mission -> aircraft=5 IMP:800000024.json PATHS:500000010.json/500000011.json
[ATTACK-EXCLUDE] [PRIOR][UAV] Resume trimmed by currentWP (lastRemovedWP=103).
[ATTACK-EXCLUDE] [PRIOR][UAV] Added replan anchor waypoint to done path (anchorWP=199).
[ATTACK-EXCLUDE] [PRIOR][UAV] Resume sweep trim applied (cutPoints=83, rawCutPoints=83, doneSweepPoints=0, pathID=600000004).
[ATTACK-EXCLUDE] [PRIOR][UAV] Resume searchSpeed scaled (factor=1.30, waypoints=1).
[ATTACK-EXCLUDE] [PRIOR][UAV] Generated done/resume mission -> aircraft=6 IMP:800000026.json PATHS:600000012.json/600000013.json
[ATTACK-EXCLUDE] 공격 배제 MissionPlan 저장 -> 700000006.json (planID=700000006)
[ATTACK-EXCLUDE] ATTACK-EXCLUDE carried area remaining snapshot -> mission_area_snapshot_700000006.json (sourcePlanID=700000002, planID=700000006)
[ATTACK] 공격 임무 계획 완료 (planIds=700000005)
[INFO] UAV params loaded (cruise=40.00, turn_step=15.0)
[INFO] Latest input snapshot → 0201:ID=1,ts=832638838505,src=-, 0203:ID=1,ts=832638838538,src=-
[STEP 0] Using latest 0201 ID 1 (1.json)
[STEP 0] Using latest 0203 ID 1 (1.json)
[CHECK] 0201/0203 필수 데이터 확인 시작
[OK] 0201 inputMissionList 확인됨 (count=3) → 진행
[OK] 0201 availableAircraftList 확인됨 (count=6) → 진행
[OK] 0201 inputMissionPackageType=1 확인
[OK] 0201 mainSensor=1 확인
[CHECK] 0201 기체 수=6 (UAV=3, LAH=3)
[CHECK] 0201 임무: total=3 missingID=0 missingDetail=0 missingShape=0 unknownType=0 typeZeroAuto=0 typeZeroInvalid=0 lineOnlyViolation=0 skippedSinglePoint=0
[OK] 0203 takeOverInfoList 확인됨 (count=3) → 진행
[OK] 0203 handOverInfoList 확인됨 (count=3) → 진행
[OK] 0203 flightAreaList 확인됨 (count=1) → 진행
[CHECK] 0203 flightAreaList count=1
[INFO] 임무 진행영역 스냅샷 적용: sourcePlan=700000002, updated=2, done=0
[INFO] 임무 진행영역 재계획 collapse 적용: groups=2, normalized=2, 3
[INFO] Filtered completed input missions (removed=1, converted=-, widthAdjusted=-, skippedSinglePoint=-, snapshot=updated=2, done=0, collapse=groups=2, normalized=2,3)
[REPLAN][TIME] variant_started_ms=3698.0 wall_ms=1779324328565 variant=1 option=3 mode=attack_exclusion
[variant 1] 공격 배제 병렬 결과 병합
[REPLAN][TIME] attack_exclusion_parallel_joined_ms=3710.3 wall_ms=1779324328578 variant=1 duration_ms=2277.632 wait_ms=0.011
[OK] 공격 배제 variant 저장: MissionPlanID=700000006 (elapsed=2277.6 ms)
[INFO] Option mapping #1: planID=700000006, optionCode=3(공격배제)
[REPLAN][TIME] variant_finished_ms=3710.4 wall_ms=1779324328578 variant=1 option=3 mode=attack_exclusion status=success duration_ms=2277.632
[OK] Stored mission data: MissionPlan=1, IndividualMission=0, FlightPath=0
[REPLAN][TIME] id_tab_update_deferred_ms=3711.3 wall_ms=1779324328579
[REPLAN][TIME] pipeline_done_ms=3711.3 wall_ms=1779324328579 plans=2 force_direct=False
[REPLAN][TIME] 0301_queued_ms=3711.4 wall_ms=1779324328579 plans=2
[STEP 4] 0301 push queued (planIds=700000005, 700000006)
[0301] missionPlanID=700000005 전송
[0301] missionPlanID=700000006 전송
[PUSH] 0301 direct batch send
[REPLAN][TIME] 0301_sent_ms=3934.3 wall_ms=1779324328802 plans=2
[REPLAN][TIME] post_0301_delivery_queued_ms=3935.2 wall_ms=1779324328803 grace_ms=0 timeout_ms=20 force_direct=0 mode=option_or_0901
[INFO] Post-0301 apply queued (mode=option_or_0901, grace=0ms, timeout=20ms, plans=2)
[REPLAN][TIME] 0305_status_2_ms=3938.9 wall_ms=1779324328806 reason=표적55 등 2개 발견
[0305] status=2, reason=표적55 등 2개 발견, elapsed=3.93s 전송
[REPLAN][TIME] post_0301_completion_ready_ms=3940.2 wall_ms=1779324328808 mode=option_or_0901
[REPLAN][METRIC] source_artifact_cache entries=27 hits=41 misses=28
[INFO] Post-0301 ready (timeout) -> sending 0901
[REPLAN][TIME] post_0301_flushed_ms=3966.0 wall_ms=1779324328833 delivery=0901 trigger=timeout
[REPLAN][TIME] 0901_sent_ms=3989.5 wall_ms=1779324328857 options=2
[0901] option request sent (count=2, codes=2(공격특화), 3(공격배제))
[REPLAN][TIME] id_tab_update_flushed_ms=3991.3 wall_ms=1779324328859
[REPLAN][TIME] 0902_received_ms=0.4 wall_ms=1779324370139 trigger=attack_2_option replanLevel=2 optionCount=2 forceDirect=0
[REPLAN][TIME] 0902_archived_ms=1.5 wall_ms=1779324370140 path=replan_request_832639531361.json
[AUTO] 0902 received (planIds=700000007, 700000008)
[REPLAN][TIME] pipeline_scheduled_ms=3.1 wall_ms=1779324370142 delay_ms=0
[REPLAN][TIME] scheduled_start_ms=4.3 wall_ms=1779324370143
[REPLAN][TIME] 0305_status_1_ms=6.4 wall_ms=1779324370145 reason=표적56 등 3개 발견
[0305] status=1, reason=표적56 등 3개 발견 전송
[INFO] Using latest 0203 ID 1 for missionReferencePackageID (fallback)
[STEP 0] Replan pipeline start (reason=표적56 등 3개 발견)
[REPLAN][TIME] attack_exclusion_parallel_started_ms=13.5 wall_ms=1779324370152 option_index=2 sourcePlanID=700000002
[ATTACK-EXCLUDE] parallel generation started (sourcePlanID=700000002, optionIndex=2)
[ATTACK] 공격 특화 재계획 요청 감지 → 전용 파이프라인 실행
[ATTACK] [TIME] select_manned_aircraft=10ms
[ATTACK] STEP1 Selected manned aircraft: aircraft 2 (fuel=1200.0, coord=(37.722660064697266, 128.1003875732422, alt=1200))
[ATTACK] [TIME] load_target_entries=1ms
[ATTACK] STEP2 UAV tracking summary: watcher 6?’target 54, watcher 4?’target 55, watcher 5?’target 56, watcher 4?’target unknown-2, watcher 4?’target unknown-4, watcher 4?’target unknown-5, watcher 4?’target unknown-8, watcher 5?’target unknown-1, watcher 5?’target unknown-3, watcher 5?’target unknown-6, watcher 5?’target unknown-9, watcher 6?’target unknown-10, watcher 6?’target unknown-7, watcher 4?’target 53
[ATTACK] STEP2.5 Using bundled 0402 targets: target=56 watcher=5, target=55 watcher=4, target=54 watcher=6
[ATTACK] STEP2.6 Multi-target manned selection: 2, 3
[ATTACK] [ATTACK] Selected target id=56 type=4 weaponType=3 (preferred=3, ammo={'type1': 500, 'type2': 7, 'type3': 2})
[ATTACK] [TIME] compute_attack_point=8ms
[ATTACK] STEP3 Attack plan completed: lat=37.891761, lon=128.183089, alt=994m
[ATTACK] [ATTACK] Using remembered waypoint 100 for watcher 5 while auto-tracking.
[ATTACK] [ATTACK] Weapon choice aircraft=2 preferred=3 selected=3 ammo={'type1': 500, 'type2': 7, 'type3': 2}
[ATTACK] [ATTACK][ETA] Tracking ETA computed with LAH max attack speed (dist=20158.0m, speed=73.61m/s, +30s) -> 304s
[ATTACK] [ATTACK] Using requested missionPlanID 700000007 (sourcePlanID=700000002)
[ATTACK] [ATTACK][ETA] All UAVs tracking; using average ETA: 306s (from 3 values: [301, 308, 308])
[ATTACK] [ATTACK][ETA] All tracking ETAs unified to 306s
[ATTACK] [ATTACK][COLLAB] Remaining UAV entry lookahead applied: 9.0s (pathFollow=3, linearFallback=3, currentOnly=0)
[ATTACK] [PRIOR] Falling back to first mission for aircraft 2 (current waypoint not found in plan).
[ATTACK] [ATTACK][LAH] Inferred current waypoint from position -> 79.
[ATTACK] [ATTACK][LAH] Dropped current waypoint from resume path (currentWP=79, nextWP=80).
[ATTACK] [ATTACK][LAH] Using max attack speed 73.61m/s (265.0km/h) for aircraft 2.
[ATTACK] [ATTACK][LAH] Preserved completed prefix, built sequential attack missions, and reattached 2 follow-up mission(s) for aircraft 2.
[ATTACK] [ATTACK][LAH] Generated sequential attack/resume missions -> IMP:800000032.json attacks=2 resume=200000015.json (followUps=2)
[ATTACK] [PRIOR] Falling back to first mission for aircraft 3 (current waypoint not found in plan).
[ATTACK] [ATTACK][LAH] Using max attack speed 73.61m/s (265.0km/h) for aircraft 3.
[ATTACK] [ATTACK][LAH] Inferred current waypoint from position -> 85.
[ATTACK] [ATTACK][LAH] Dropped current waypoint from resume path (currentWP=85, nextWP=86).
[ATTACK] [ATTACK][LAH] Preserved completed prefix, inserted attack, and reattached 2 follow-up mission(s).
[ATTACK] [ATTACK][LAH] Generated attack/resume missions -> IMP:800000035.json PATHS:300000013.json/300000014.json (followUps=2)
[ATTACK] [PRIOR] Falling back to first mission for aircraft 1 (current waypoint not found in plan).
[ATTACK] [ATTACK][LAH] Inferred current waypoint from position -> 73.
[ATTACK] [ATTACK][LAH] Dropped current waypoint from resume path (currentWP=73, nextWP=74).
[ATTACK] [ATTACK][LAH] Preserved completed prefix, inserted hold, and reattached 2 follow-up mission(s).
[ATTACK] [ATTACK][LAH] Generated hold/resume missions -> IMP:800000036.json PATHS:100000013.json/100000014.json (followUps=2)
[ATTACK] [ATTACK][COLLAB] Collaborative replan skipped: no remaining source UAVs for current input.
[ATTACK] [ATTACK][UAV] Tracking target altitude kept for sensor only; flight altitude replaced 694m -> 1956m.
[ATTACK] [ATTACK][UAV] Resume trimmed by currentWP (lastRemovedWP=99).
[ATTACK] [ATTACK][UAV] Added replan anchor waypoint to done path (anchorWP=287).
[ATTACK] [ATTACK][UAV] Resume sweep trim applied (cutPoints=100, rawCutPoints=100, doneSweepPoints=0, pathID=500000004).
[ATTACK] [ATTACK][UAV] Resume searchSpeed scaled (factor=1.30, waypoints=1).
[ATTACK] [ATTACK][UAV] Preserved completed prefix, inserted tracking, and reattached 1 follow-up mission(s).
[ATTACK] [ATTACK][UAV] Generated tracking/resume missions -> IMP:800000037.json PATHS:500000017.json/500000018.json (followUps=1)
[ATTACK] [ATTACK][UAV] Tracking assignment state saved (aircraft=5, sourcePlan=700000002, attackPlan=700000007).
[ATTACK] [ATTACK][UAV] Tracking target altitude kept for sensor only; flight altitude replaced 683m -> 1868m.
[ATTACK] [ATTACK][UAV] Resume trimmed by currentWP (lastRemovedWP=95).
[ATTACK] [ATTACK][UAV] Added replan anchor waypoint to done path (anchorWP=294).
[ATTACK] [ATTACK][UAV] Resume sweep trim applied (cutPoints=14, rawCutPoints=98, doneSweepPoints=84, pathID=400000004).
[ATTACK] [ATTACK][UAV] Resume searchSpeed scaled (factor=1.30, waypoints=1).
[ATTACK] [ATTACK][UAV] Preserved completed prefix, inserted tracking, and reattached 1 follow-up mission(s).
[ATTACK] [ATTACK][UAV] Generated tracking/resume missions -> IMP:800000038.json PATHS:400000020.json/400000021.json (followUps=1)
[ATTACK] [ATTACK][UAV] Tracking assignment state saved (aircraft=4, sourcePlan=700000002, attackPlan=700000007).
[ATTACK] [ATTACK][UAV] Resume trimmed by currentWP (lastRemovedWP=103).
[ATTACK] [ATTACK][UAV] Added replan anchor waypoint to done path (anchorWP=302).
[ATTACK] [ATTACK][UAV] Resume sweep trim applied (cutPoints=83, rawCutPoints=83, doneSweepPoints=0, pathID=600000004).
[ATTACK] [ATTACK][UAV] Resume searchSpeed scaled (factor=1.30, waypoints=1).
[ATTACK] [ATTACK][UAV] Preserved completed prefix, inserted tracking, and reattached 1 follow-up mission(s).
[ATTACK] [ATTACK][UAV] Generated tracking/resume missions -> IMP:800000039.json PATHS:600000023.json/600000024.json (followUps=1)
[ATTACK] [ATTACK][UAV] Tracking assignment state saved (aircraft=6, sourcePlan=700000002, attackPlan=700000007).
[ATTACK] [ATTACK][PLAN] carried area remaining snapshot -> mission_area_snapshot_700000007.json (sourcePlanID=700000002, planID=700000007)
[ATTACK] [ATTACK][PLAN] MissionPlan saved -> 700000007.json (planID=700000007)
[ATTACK] [ATTACK][TIME] override_detail={"phases": {"metadata_normalize": {"elapsedMs": 0.008, "attackTargetCount": 3, "selectedMannedCount": 2}, "agent_index": {"elapsedMs": 0.105, "aircraftCount": 6}, "weapon_choice": {"elapsedMs": 3.087, "selectedWeaponType": 3, "ammoAvailable": true}, "initial_tracking_eta": {"elapsedMs": 0.806, "useDetectionTracking": true, "trackingEtaS": 304}, "resolve_source_plan": {"elapsedMs": 0.839, "sourcePlanID": 700000002}, "source_plan_load": {"elapsedMs": 0.449, "sourcePlanID": 700000002, "aircraftCount": 6}, "sweep_progress_load": {"elapsedMs": 0.518, "entries": 12}, "plan_id_resolve": {"elapsedMs": 0.025, "requested": true, "missionPlanID": 700000007}, "source_artifact_cache_build": {"elapsedMs": 0.016, "aircraftEntries": 6}, "done_input_ids_load": {"elapsedMs": 1.804, "count": 1}, "plan_deepcopy": {"elapsedMs": 0.073}, "target_uav_assignment": {"elapsedMs": 0.989, "assignedTargetCount": 3, "usedTrackingUavCount": 3}, "manned_sequence_assignment": {"elapsedMs": 22.758, "aircraftCount": 2, "error": null}, "attack_coordinate_resolution": {"elapsedMs": 40.538, "resolvedCount": 3, "mannedSequenceCount": 3}, "remaining_eta": {"elapsedMs": 0.803, "allUavCount": 3, "trackingUavCount": 3, "computedEtaCount": 3, "adjustedEtaS": 306}, "descriptor_list_build": {"elapsedMs": 0.032, "descriptorCount": 6, "activeMannedCount": 2, "otherLahCount": 1, "otherUavCount": 0}, "collab_tracking_scan": {"elapsedMs": 31.941, "inputCount": 1, "unavailableUavCount": 3}, "collab_agent_state_map": {"elapsedMs": 51.539, "aircraftCount": 6}, "collab_parallel_started": {"elapsedMs": 0.786, "inputCount": 1, "workers": 1}, "collab_parallel_join": {"elapsedMs": 0.531, "waitReason": "UAV_TRACK", "inputCount": 1}, "descriptor_loop": {"elapsedMs": 4342.235, "descriptorCount": 6, "updateCount": 6}, "mission_plan_write": {"elapsedMs": 10.882, "missionPlanID": 700000007}, "option_meta_build": {"elapsedMs": 0.053, "targetCount": 3, "collabInputCount": 0}}, "collabRuns": [{"inputMissionID": 2, "unavailableAircraftIDs": [4, 5, 6], "elapsedMs": 36.825, "status": "skipped"}], "descriptorDetails": [{"aircraftID": 2, "label": "manned", "mode": "LAH_ATTACK", "resolveArtifacts": {"elapsedMs": 3.563, "currentWaypointID": null, "sourcePathID": 200000001, "sourceImpID": 800000008}, "loadArtifacts": {"elapsedMs": 0.006, "impLoaded": true, "fpLoaded": true}, "cloneAndLocateMission": {"elapsedMs": 0.153, "missionCount": 3, "targetIndex": 0}, "allocateAndPlanUpdate": {"elapsedMs": 22.321, "newImpID": 800000032}, "builder": {"elapsedMs": 1326.796, "builderMode": "LAH_ATTACK"}, "status": "ok", "elapsedMs": 1352.999}, {"aircraftID": 3, "label": "manned", "mode": "LAH_ATTACK", "resolveArtifacts": {"elapsedMs": 0.863, "currentWaypointID": null, "sourcePathID": 300000001, "sourceImpID": 800000009}, "loadArtifacts": {"elapsedMs": 0.007, "impLoaded": true, "fpLoaded": true}, "cloneAndLocateMission": {"elapsedMs": 0.163, "missionCount": 3, "targetIndex": 0}, "allocateAndPlanUpdate": {"elapsedMs": 25.987, "newImpID": 800000035}, "builder": {"elapsedMs": 892.7, "builderMode": "LAH_ATTACK"}, "builderDetail": {"allocate_ids": {"elapsedMs": 236.818, "attackPathID": 300000013, "resumePathID": 300000014, "attackIndividualID": 900000081, "resumeIndividualID": 900000082, "entryWaypointID": 262, "attackWaypointID": 265}, "split_lah_resume": {"elapsedMs": 398.966, "resumeWaypointCount": 1, "removedWaypointID": 85}, "clone_followups": {"elapsedMs": 179.58, "followUpMissionCount": 2, "followUpPathCount": 2}, "payload_build": {"elapsedMs": 66.698, "hasResume": true, "followUpMissionCount": 2, "attackSpeedMps": 73.61}, "write_json": {"elapsedMs": 5.591, "fileCount": 5}, "totalMs": 891.313}, "status": "ok", "elapsedMs": 919.866}, {"aircraftID": 1, "label": "lah_hold_1", "mode": "LAH_HOLD_RESUME", "resolveArtifacts": {"elapsedMs": 0.53, "currentWaypointID": null, "sourcePathID": 100000001, "sourceImpID": 800000007}, "loadArtifacts": {"elapsedMs": 0.004, "impLoaded": true, "fpLoaded": true}, "cloneAndLocateMission": {"elapsedMs": 0.118, "missionCount": 3, "targetIndex": 0}, "allocateAndPlanUpdate": {"elapsedMs": 6.461, "newImpID": 800000036}, "builder": {"elapsedMs": 454.725, "builderMode": "LAH_HOLD_RESUME"}, "builderDetail": {"allocate_ids": {"elapsedMs": 22.28, "holdPathID": 100000013, "resumePathID": 100000014, "holdIndividualID": 900000085, "resumeIndividualID": 900000086}, "split_lah_resume": {"elapsedMs": 196.849, "resumeWaypointCount": 1, "removedWaypointID": 73}, "clone_followups": {"elapsedMs": 144.832, "followUpMissionCount": 2, "followUpPathCount": 2}, "payload_build": {"elapsedMs": 227.492, "hasResume": true, "followUpMissionCount": 2}, "write_json": {"elapsedMs": 4.425, "fileCount": 5}, "totalMs": 454.686}, "status": "ok", "elapsedMs": 461.953}, {"aircraftID": 5, "label": "uav_tracking_5", "mode": "UAV_TRACK", "resolveArtifacts": {"elapsedMs": 0.03, "currentWaypointID": 100, "sourcePathID": 500000004, "sourceImpID": 800000011}, "loadArtifacts": {"elapsedMs": 0.003, "impLoaded": true, "fpLoaded": true}, "cloneAndLocateMission": {"elapsedMs": 0.188, "missionCount": 3, "targetIndex": 1}, "allocateAndPlanUpdate": {"elapsedMs": 6.549, "newImpID": 800000037}, "builder": {"elapsedMs": 492.953, "builderMode": "UAV_TRACK"}, "builderDetail": {"allocate_ids": {"elapsedMs": 103.016, "donePathID": 500000016, "attackPathID": 500000017, "resumePathID": 500000018, "trackingIndividualID": 900000089, "resumeIndividualID": 900000090, "targetWaypointID": 286}, "split_done_resume": {"elapsedMs": 218.773, "sourceSinglePoint": false, "doneWaypointCount": 2, "resumeWaypointCount": 1, "removedWaypointID": 99}, "clone_followups": {"elapsedMs": 110.884, "followUpMissionCount": 1, "followUpPathCount": 1}, "write_json": {"elapsedMs": 51.065, "fileCount": 5}, "totalMs": 489.174}, "trackingState": {"elapsedMs": 2.333}, "status": "ok", "elapsedMs": 502.814}, {"aircraftID": 4, "label": "uav_tracking_4", "mode": "UAV_TRACK", "resolveArtifacts": {"elapsedMs": 0.026, "currentWaypointID": 96, "sourcePathID": 400000004, "sourceImpID": 800000010}, "loadArtifacts": {"elapsedMs": 0.003, "impLoaded": true, "fpLoaded": true}, "cloneAndLocateMission": {"elapsedMs": 0.182, "missionCount": 3, "targetIndex": 1}, "allocateAndPlanUpdate": {"elapsedMs": 7.25, "newImpID": 800000038}, "builder": {"elapsedMs": 525.672, "builderMode": "UAV_TRACK"}, "builderDetail": {"allocate_ids": {"elapsedMs": 122.966, "donePathID": 400000019, "attackPathID": 400000020, "resumePathID": 400000021, "trackingIndividualID": 900000092, "resumeIndividualID": 900000093, "targetWaypointID": 293}, "split_done_resume": {"elapsedMs": 225.62, "sourceSinglePoint": false, "doneWaypointCount": 3, "resumeWaypointCount": 1, "removedWaypointID": 95}, "clone_followups": {"elapsedMs": 116.261, "followUpMissionCount": 1, "followUpPathCount": 1}, "write_json": {"elapsedMs": 52.379, "fileCount": 5}, "totalMs": 522.156}, "trackingState": {"elapsedMs": 1.741}, "status": "ok", "elapsedMs": 535.548}, {"aircraftID": 6, "label": "uav_tracking_6", "mode": "UAV_TRACK", "resolveArtifacts": {"elapsedMs": 0.025, "currentWaypointID": 104, "sourcePathID": 600000004, "sourceImpID": 800000012}, "loadArtifacts": {"elapsedMs": 0.003, "impLoaded": true, "fpLoaded": true}, "cloneAndLocateMission": {"elapsedMs": 0.166, "missionCount": 3, "targetIndex": 1}, "allocateAndPlanUpdate": {"elapsedMs": 6.843, "newImpID": 800000039}, "builder": {"elapsedMs": 557.825, "builderMode": "UAV_TRACK"}, "builderDetail": {"allocate_ids": {"elapsedMs": 128.257, "donePathID": 600000022, "attackPathID": 600000023, "resumePathID": 600000024, "trackingIndividualID": 900000095, "resumeIndividualID": 900000096, "targetWaypointID": 301}, "split_done_resume": {"elapsedMs": 254.701, "sourceSinglePoint": false, "doneWaypointCount": 2, "resumeWaypointCount": 1, "removedWaypointID": 103}, "clone_followups": {"elapsedMs": 124.352, "followUpMissionCount": 1, "followUpPathCount": 1}, "write_json": {"elapsedMs": 38.549, "fileCount": 5}, "totalMs": 554.971}, "trackingState": {"elapsedMs": 2.346}, "status": "ok", "elapsedMs": 567.93}], "totalMs": 4508}
[ATTACK] [ATTACK][TIME] override_total=4508ms
[ATTACK] [TIME] apply_attack_plan_overrides=4517ms
[ATTACK] [TIME] timingMs={"read_source": 11.96, "descriptor_build": 10.733, "write_artifacts": 4527.829, "delivery_wait": 2.868}
[ATTACK] [TIME] total=4554ms
[ATTACK] 분석 로그 저장: C:\Users\TRL98\Desktop\LAH_MUMT\Logs\Scenario_2026-05-21T085327\SBC3\DSS_Internal\log_attack_algorithm_20260521T004614_707092.json
[ATTACK] mark target used: targetIDs=56, 55, 54
[ATTACK-EXCLUDE] ATTACK-EXCLUDE using requested missionPlanID 700000008 (sourcePlanID=700000002)
[ATTACK-EXCLUDE] [PRIOR][UAV] Resume trimmed by currentWP (lastRemovedWP=95).
[ATTACK-EXCLUDE] [PRIOR][UAV] Added replan anchor waypoint to done path (anchorWP=240).
[ATTACK-EXCLUDE] [PRIOR][UAV] Resume sweep trim applied (cutPoints=14, rawCutPoints=98, doneSweepPoints=84, pathID=400000004).
[ATTACK-EXCLUDE] [PRIOR][UAV] Resume searchSpeed scaled (factor=1.30, waypoints=1).
[ATTACK-EXCLUDE] [PRIOR][UAV] Generated done/resume mission -> aircraft=4 IMP:800000031.json PATHS:400000016.json/400000017.json
[ATTACK-EXCLUDE] [PRIOR][UAV] Resume trimmed by currentWP (lastRemovedWP=99).
[ATTACK-EXCLUDE] [PRIOR][UAV] Added replan anchor waypoint to done path (anchorWP=253).
[ATTACK-EXCLUDE] [PRIOR][UAV] Resume sweep trim applied (cutPoints=100, rawCutPoints=100, doneSweepPoints=0, pathID=500000004).
[ATTACK-EXCLUDE] [PRIOR][UAV] Resume searchSpeed scaled (factor=1.30, waypoints=1).
[ATTACK-EXCLUDE] [PRIOR][UAV] Generated done/resume mission -> aircraft=5 IMP:800000033.json PATHS:500000013.json/500000014.json
[ATTACK-EXCLUDE] [PRIOR][UAV] Resume trimmed by currentWP (lastRemovedWP=103).
[ATTACK-EXCLUDE] [PRIOR][UAV] Added replan anchor waypoint to done path (anchorWP=266).
[ATTACK-EXCLUDE] [PRIOR][UAV] Resume sweep trim applied (cutPoints=83, rawCutPoints=83, doneSweepPoints=0, pathID=600000004).
[ATTACK-EXCLUDE] [PRIOR][UAV] Resume searchSpeed scaled (factor=1.30, waypoints=1).
[ATTACK-EXCLUDE] [PRIOR][UAV] Generated done/resume mission -> aircraft=6 IMP:800000034.json PATHS:600000019.json/600000020.json
[ATTACK-EXCLUDE] 공격 배제 MissionPlan 저장 -> 700000008.json (planID=700000008)
[ATTACK-EXCLUDE] ATTACK-EXCLUDE carried area remaining snapshot -> mission_area_snapshot_700000008.json (sourcePlanID=700000002, planID=700000008)
[ATTACK] 공격 임무 계획 완료 (planIds=700000007)
[INFO] UAV params loaded (cruise=40.00, turn_step=15.0)
[INFO] Latest input snapshot → 0201:ID=1,ts=832638838505,src=-, 0203:ID=1,ts=832638838538,src=-
[STEP 0] Using latest 0201 ID 1 (1.json)
[STEP 0] Using latest 0203 ID 1 (1.json)
[CHECK] 0201/0203 필수 데이터 확인 시작
[OK] 0201 inputMissionList 확인됨 (count=3) → 진행
[OK] 0201 availableAircraftList 확인됨 (count=6) → 진행
[OK] 0201 inputMissionPackageType=1 확인
[OK] 0201 mainSensor=1 확인
[CHECK] 0201 기체 수=6 (UAV=3, LAH=3)
[CHECK] 0201 임무: total=3 missingID=0 missingDetail=0 missingShape=0 unknownType=0 typeZeroAuto=0 typeZeroInvalid=0 lineOnlyViolation=0 skippedSinglePoint=0
[OK] 0203 takeOverInfoList 확인됨 (count=3) → 진행
[OK] 0203 handOverInfoList 확인됨 (count=3) → 진행
[OK] 0203 flightAreaList 확인됨 (count=1) → 진행
[CHECK] 0203 flightAreaList count=1
[INFO] 임무 진행영역 스냅샷 적용: sourcePlan=700000002, updated=2, done=0
[INFO] 임무 진행영역 재계획 collapse 적용: groups=2, normalized=2, 3
[INFO] Filtered completed input missions (removed=1, converted=-, widthAdjusted=-, skippedSinglePoint=-, snapshot=updated=2, done=0, collapse=groups=2, normalized=2,3)
[REPLAN][TIME] variant_started_ms=4594.3 wall_ms=1779324374733 variant=1 option=3 mode=attack_exclusion
[variant 1] 공격 배제 병렬 결과 병합
[REPLAN][TIME] attack_exclusion_parallel_joined_ms=4606.7 wall_ms=1779324374745 variant=1 duration_ms=2214.075 wait_ms=0.008
[OK] 공격 배제 variant 저장: MissionPlanID=700000008 (elapsed=2214.1 ms)
[INFO] Option mapping #1: planID=700000008, optionCode=3(공격배제)
[REPLAN][TIME] variant_finished_ms=4606.8 wall_ms=1779324374745 variant=1 option=3 mode=attack_exclusion status=success duration_ms=2214.075
[OK] Stored mission data: MissionPlan=1, IndividualMission=0, FlightPath=0
[REPLAN][TIME] id_tab_update_deferred_ms=4607.9 wall_ms=1779324374746
[REPLAN][TIME] pipeline_done_ms=4608.0 wall_ms=1779324374746 plans=2 force_direct=False
[REPLAN][TIME] 0301_queued_ms=4608.0 wall_ms=1779324374746 plans=2
[STEP 4] 0301 push queued (planIds=700000007, 700000008)
[0301] missionPlanID=700000007 전송
[0301] missionPlanID=700000008 전송
[PUSH] 0301 direct batch send
[REPLAN][TIME] 0301_sent_ms=4861.8 wall_ms=1779324375000 plans=2
[REPLAN][TIME] post_0301_delivery_queued_ms=4862.5 wall_ms=1779324375001 grace_ms=0 timeout_ms=20 force_direct=0 mode=option_or_0901
[INFO] Post-0301 apply queued (mode=option_or_0901, grace=0ms, timeout=20ms, plans=2)
[REPLAN][TIME] 0305_status_2_ms=4865.7 wall_ms=1779324375004 reason=표적56 등 3개 발견
[0305] status=2, reason=표적56 등 3개 발견, elapsed=4.86s 전송
[REPLAN][TIME] post_0301_completion_ready_ms=4867.1 wall_ms=1779324375005 mode=option_or_0901
[REPLAN][METRIC] source_artifact_cache entries=27 hits=42 misses=27
[INFO] Post-0301 ready (timeout) -> sending 0901
[REPLAN][TIME] post_0301_flushed_ms=4895.4 wall_ms=1779324375034 delivery=0901 trigger=timeout
[REPLAN][TIME] 0901_sent_ms=4899.6 wall_ms=1779324375038 options=2
[0901] option request sent (count=2, codes=2(공격특화), 3(공격배제))
[REPLAN][TIME] id_tab_update_flushed_ms=4901.1 wall_ms=1779324375039
[REPLAN][TIME] 0902_received_ms=0.3 wall_ms=1779324431124 trigger=attack_2_option replanLevel=2 optionCount=2 forceDirect=0
[REPLAN][TIME] 0902_archived_ms=1.6 wall_ms=1779324431125 path=replan_request_832639630170.json
[AUTO] 0902 received (planIds=700000009, 700000010)
[REPLAN][TIME] pipeline_scheduled_ms=2.7 wall_ms=1779324431127 delay_ms=0
[REPLAN][TIME] scheduled_start_ms=3.9 wall_ms=1779324431128
[REPLAN][TIME] 0305_status_1_ms=5.9 wall_ms=1779324431130 reason=표적58 등 2개 발견
[0305] status=1, reason=표적58 등 2개 발견 전송
[INFO] Using latest 0203 ID 1 for missionReferencePackageID (fallback)
[STEP 0] Replan pipeline start (reason=표적58 등 2개 발견)
[REPLAN][TIME] attack_exclusion_parallel_started_ms=10.9 wall_ms=1779324431135 option_index=2 sourcePlanID=700000008
[ATTACK-EXCLUDE] parallel generation started (sourcePlanID=700000008, optionIndex=2)
[ATTACK] 공격 특화 재계획 요청 감지 → 전용 파이프라인 실행
[ATTACK] [TIME] select_manned_aircraft=9ms
[ATTACK] STEP1 Selected manned aircraft: aircraft 2 (fuel=1200.0, coord=(37.722660064697266, 128.1003875732422, alt=1200))
[ATTACK] [TIME] load_target_entries=1ms
[ATTACK] STEP2 UAV tracking summary: watcher 5?’target 57, watcher 4?’target 58, watcher 4?’target unknown-2, watcher 4?’target unknown-4, watcher 4?’target unknown-5, watcher 4?’target unknown-8, watcher 5?’target unknown-1, watcher 5?’target unknown-3, watcher 5?’target unknown-6, watcher 5?’target unknown-9, watcher 6?’target unknown-10, watcher 6?’target unknown-7, watcher 4?’target 53, watcher 6?’target 54, watcher 4?’target 55, watcher 5?’target 56
[ATTACK] STEP2.5 Using bundled 0402 targets: target=58 watcher=4, target=57 watcher=5
[ATTACK] STEP2.6 Multi-target manned selection: 2, 3
[ATTACK] [ATTACK] Selected target id=58 type=1 weaponType=2 (preferred=2, ammo={'type1': 500, 'type2': 7, 'type3': 2})
[ATTACK] [TIME] compute_attack_point=2ms
[ATTACK] STEP3 Attack plan completed: lat=37.898979, lon=128.165665, alt=983m
[ATTACK] [ATTACK] Weapon choice aircraft=2 preferred=2 selected=2 ammo={'type1': 500, 'type2': 7, 'type3': 2}
[ATTACK] [ATTACK][ETA] Tracking ETA computed with LAH max attack speed (dist=20427.3m, speed=73.61m/s, +30s) -> 308s
[ATTACK] [ATTACK] Using requested missionPlanID 700000009 (sourcePlanID=700000008)
[ATTACK] [PRIOR] Falling back to first mission for aircraft 6 (current waypoint not found in plan).
[ATTACK] [ATTACK][ETA] Non-tracking UAV remaining time unavailable; keeping computed ETA.
[ATTACK] [PRIOR] Falling back to first mission for aircraft 4 (current waypoint not found in plan).
[ATTACK] [PRIOR] Falling back to first mission for aircraft 5 (current waypoint not found in plan).
[ATTACK] [ATTACK][COLLAB] Remaining UAV entry lookahead applied: 9.0s (pathFollow=0, linearFallback=6, currentOnly=0)
[ATTACK] [PRIOR] Falling back to first mission for aircraft 2 (current waypoint not found in plan).
[FOV_DB] loaded 7010 rows, 7008 unique widths, path=C:\Users\TRL98\Desktop\LAH_MUMT\branNew\KU\DSS_KU\resource\db\fov_db.csv
[ATTACK] [ATTACK][LAH] Using max attack speed 73.61m/s (265.0km/h) for aircraft 2.
[ATTACK] [ATTACK][LAH] Inferred current waypoint from position -> 79.
[ATTACK] [ATTACK][LAH] Dropped current waypoint from resume path (currentWP=79, nextWP=80).
[ATTACK] [ATTACK][LAH] Preserved completed prefix, inserted attack, and reattached 2 follow-up mission(s).
[ATTACK] [ATTACK][LAH] Generated attack/resume missions -> IMP:800000041.json PATHS:200000018.json/200000019.json (followUps=2)
[ATTACK] [PRIOR] Falling back to first mission for aircraft 3 (current waypoint not found in plan).
[ATTACK] [ATTACK][LAH] Using max attack speed 73.61m/s (265.0km/h) for aircraft 3.
[ATTACK] [ATTACK][LAH] Inferred current waypoint from position -> 85.
[ATTACK] [ATTACK][LAH] Dropped current waypoint from resume path (currentWP=85, nextWP=86).
[ATTACK] [ATTACK][LAH] Preserved completed prefix, inserted attack, and reattached 2 follow-up mission(s).
[ATTACK] [ATTACK][LAH] Generated attack/resume missions -> IMP:800000044.json PATHS:300000017.json/300000018.json (followUps=2)
[ATTACK] [PRIOR] Falling back to first mission for aircraft 1 (current waypoint not found in plan).
[ATTACK] [ATTACK][LAH] Inferred current waypoint from position -> 73.
[ATTACK] [ATTACK][LAH] Dropped current waypoint from resume path (currentWP=73, nextWP=74).
[ATTACK] [ATTACK][LAH] Preserved completed prefix, inserted hold, and reattached 2 follow-up mission(s).
[ATTACK] [ATTACK][LAH] Generated hold/resume missions -> IMP:800000046.json PATHS:100000017.json/100000018.json (followUps=2)
[ATTACK] [NEXTCOLLAB] division planner area-division pieces=1
[ATTACK] [NEXTCOLLAB] division planner final workflow=no_split paths=1
[ATTACK] [ATTACK][COLLAB] Collaborative replacement IMP written (aircraft=6, imp=800000045.json, missions=1).
[ATTACK] [ATTACK][COLLAB] First sweep searchSpeed boosted (aircraft=6, pathID=600000026, waypointID=348, factor=1.30, old=974.27, new=1266.55).
[ATTACK] [ATTACK][COLLAB] Collaborative remaining mission replanned (inputMissionID=2, unavailable=[4, 5], remaining=[6], workflow=no_split).
[ATTACK] [PRIOR] Falling back to first mission for aircraft 4 (current waypoint not found in plan).
[ATTACK] [ATTACK][UAV] Tracking target altitude kept for sensor only; flight altitude replaced 683m -> 1868m.
[ATTACK] [ATTACK][UAV] Source path has a single waypoint; preserving it as done and skipping done/resume split.
[ATTACK] [ATTACK][COLLAB] Tracking UAV resume replaced with release transit (aircraft=4, targetFinishEta=90, speed=58.0m/s).
[ATTACK] [ATTACK][UAV] Preserved completed prefix, inserted tracking, and reattached 1 follow-up mission(s).
[ATTACK] [ATTACK][UAV] Generated tracking/resume missions -> IMP:800000047.json PATHS:400000027.json/400000028.json (followUps=1)
[ATTACK] [ATTACK][UAV] Tracking assignment state saved (aircraft=4, sourcePlan=700000008, attackPlan=700000009).
[ATTACK] [PRIOR] Falling back to first mission for aircraft 5 (current waypoint not found in plan).
[ATTACK] [ATTACK][UAV] Tracking target altitude kept for sensor only; flight altitude replaced 694m -> 1956m.
[ATTACK] [ATTACK][UAV] Source path has a single waypoint; preserving it as done and skipping done/resume split.
[ATTACK] [ATTACK][COLLAB] Tracking UAV resume replaced with release transit (aircraft=5, targetFinishEta=90, speed=58.0m/s).
[ATTACK] [ATTACK][UAV] Preserved completed prefix, inserted tracking, and reattached 1 follow-up mission(s).
[ATTACK] [ATTACK][UAV] Generated tracking/resume missions -> IMP:800000048.json PATHS:500000024.json/500000025.json (followUps=1)
[ATTACK] [ATTACK][UAV] Tracking assignment state saved (aircraft=5, sourcePlan=700000008, attackPlan=700000009).
[ATTACK] [PRIOR] Falling back to first mission for aircraft 6 (current waypoint not found in plan).
[ATTACK] [ATTACK][COLLAB] Aircraft 6 handled by collaborative remaining replan (inputMissionID=2).
[ATTACK] [ATTACK][PLAN] carried area remaining snapshot -> mission_area_snapshot_700000009.json (sourcePlanID=700000008, planID=700000009)
[ATTACK] [ATTACK][PLAN] MissionPlan saved -> 700000009.json (planID=700000009)
[ATTACK] [ATTACK][TIME] override_detail={"phases": {"metadata_normalize": {"elapsedMs": 0.008, "attackTargetCount": 2, "selectedMannedCount": 2}, "agent_index": {"elapsedMs": 0.1, "aircraftCount": 6}, "weapon_choice": {"elapsedMs": 5.467, "selectedWeaponType": 2, "ammoAvailable": true}, "initial_tracking_eta": {"elapsedMs": 0.759, "useDetectionTracking": true, "trackingEtaS": 308}, "resolve_source_plan": {"elapsedMs": 1.537, "sourcePlanID": 700000008}, "source_plan_load": {"elapsedMs": 2.208, "sourcePlanID": 700000008, "aircraftCount": 6}, "sweep_progress_load": {"elapsedMs": 0.775, "entries": 18}, "plan_id_resolve": {"elapsedMs": 0.02, "requested": true, "missionPlanID": 700000009}, "source_artifact_cache_build": {"elapsedMs": 0.017, "aircraftEntries": 6}, "done_input_ids_load": {"elapsedMs": 1.901, "count": 1}, "plan_deepcopy": {"elapsedMs": 0.067}, "target_uav_assignment": {"elapsedMs": 12.058, "assignedTargetCount": 2, "usedTrackingUavCount": 2}, "manned_sequence_assignment": {"elapsedMs": 18.877, "aircraftCount": 2, "error": null}, "attack_coordinate_resolution": {"elapsedMs": 8.515, "resolvedCount": 2, "mannedSequenceCount": 2}, "remaining_eta": {"elapsedMs": 10.708, "allUavCount": 3, "trackingUavCount": 2, "computedEtaCount": 2, "adjustedEtaS": null}, "descriptor_list_build": {"elapsedMs": 0.036, "descriptorCount": 6, "activeMannedCount": 2, "otherLahCount": 1, "otherUavCount": 1}, "collab_tracking_scan": {"elapsedMs": 16.708, "inputCount": 1, "unavailableUavCount": 2}, "collab_agent_state_map": {"elapsedMs": 8.944, "aircraftCount": 6}, "collab_parallel_started": {"elapsedMs": 0.648, "inputCount": 1, "workers": 1}, "collab_parallel_join": {"elapsedMs": 2.953, "waitReason": "UAV_TRACK", "inputCount": 1}, "descriptor_loop": {"elapsedMs": 4872.042, "descriptorCount": 6, "updateCount": 5}, "final_collab_plan_update": {"elapsedMs": 0.012, "collabInputCount": 1}, "mission_plan_write": {"elapsedMs": 12.555, "missionPlanID": 700000009}, "option_meta_build": {"elapsedMs": 0.059, "targetCount": 2, "collabInputCount": 1}}, "collabRuns": [{"inputMissionID": 2, "unavailableAircraftIDs": [4, 5], "elapsedMs": 3399.238, "status": "ok", "replacementAircraftIDs": [6], "generatedPathCount": 1, "finishEtaS": 90, "workflow": "no_split"}], "descriptorDetails": [{"aircraftID": 2, "label": "manned", "mode": "LAH_ATTACK", "resolveArtifacts": {"elapsedMs": 0.573, "currentWaypointID": null, "sourcePathID": 200000001, "sourceImpID": 800000008}, "loadArtifacts": {"elapsedMs": 0.004, "impLoaded": true, "fpLoaded": true}, "cloneAndLocateMission": {"elapsedMs": 0.106, "missionCount": 3, "targetIndex": 0}, "allocateAndPlanUpdate": {"elapsedMs": 38.233, "newImpID": 800000041}, "builder": {"elapsedMs": 1753.151, "builderMode": "LAH_ATTACK"}, "builderDetail": {"allocate_ids": {"elapsedMs": 644.883, "attackPathID": 200000018, "resumePathID": 200000019, "attackIndividualID": 900000100, "resumeIndividualID": 900000101, "entryWaypointID": 314, "attackWaypointID": 316}, "split_lah_resume": {"elapsedMs": 413.435, "resumeWaypointCount": 1, "removedWaypointID": 79}, "clone_followups": {"elapsedMs": 434.95, "followUpMissionCount": 2, "followUpPathCount": 2}, "payload_build": {"elapsedMs": 237.971, "hasResume": true, "followUpMissionCount": 2, "attackSpeedMps": 73.61}, "write_json": {"elapsedMs": 7.746, "fileCount": 5}, "totalMs": 1749.247}, "status": "ok", "elapsedMs": 1792.189}, {"aircraftID": 3, "label": "manned", "mode": "LAH_ATTACK", "resolveArtifacts": {"elapsedMs": 0.706, "currentWaypointID": null, "sourcePathID": 300000001, "sourceImpID": 800000009}, "loadArtifacts": {"elapsedMs": 0.004, "impLoaded": true, "fpLoaded": true}, "cloneAndLocateMission": {"elapsedMs": 0.129, "missionCount": 3, "targetIndex": 0}, "allocateAndPlanUpdate": {"elapsedMs": 12.455, "newImpID": 800000044}, "builder": {"elapsedMs": 1567.639, "builderMode": "LAH_ATTACK"}, "builderDetail": {"allocate_ids": {"elapsedMs": 390.801, "attackPathID": 300000017, "resumePathID": 300000018, "attackIndividualID": 900000108, "resumeIndividualID": 900000109, "entryWaypointID": 329, "attackWaypointID": 333}, "split_lah_resume": {"elapsedMs": 615.38, "resumeWaypointCount": 1, "removedWaypointID": 85}, "clone_followups": {"elapsedMs": 373.76, "followUpMissionCount": 2, "followUpPathCount": 2}, "payload_build": {"elapsedMs": 177.371, "hasResume": true, "followUpMissionCount": 2, "attackSpeedMps": 73.61}, "write_json": {"elapsedMs": 5.335, "fileCount": 5}, "totalMs": 1566.018}, "status": "ok", "elapsedMs": 1581.038}, {"aircraftID": 1, "label": "lah_hold_1", "mode": "LAH_HOLD_RESUME", "resolveArtifacts": {"elapsedMs": 0.552, "currentWaypointID": null, "sourcePathID": 100000001, "sourceImpID": 800000007}, "loadArtifacts": {"elapsedMs": 0.004, "impLoaded": true, "fpLoaded": true}, "cloneAndLocateMission": {"elapsedMs": 0.129, "missionCount": 3, "targetIndex": 0}, "allocateAndPlanUpdate": {"elapsedMs": 14.542, "newImpID": 800000046}, "builder": {"elapsedMs": 649.425, "builderMode": "LAH_HOLD_RESUME"}, "builderDetail": {"allocate_ids": {"elapsedMs": 20.985, "holdPathID": 100000017, "resumePathID": 100000018, "holdIndividualID": 900000113, "resumeIndividualID": 900000114}, "split_lah_resume": {"elapsedMs": 305.007, "resumeWaypointCount": 1, "removedWaypointID": 73}, "clone_followups": {"elapsedMs": 207.306, "followUpMissionCount": 2, "followUpPathCount": 2}, "payload_build": {"elapsedMs": 313.387, "hasResume": true, "followUpMissionCount": 2}, "write_json": {"elapsedMs": 5.677, "fileCount": 5}, "totalMs": 649.368}, "status": "ok", "elapsedMs": 664.785}, {"aircraftID": 4, "label": "uav_tracking_4", "mode": "UAV_TRACK", "resolveArtifacts": {"elapsedMs": 0.665, "currentWaypointID": 96, "sourcePathID": 400000017, "sourceImpID": 800000031}, "loadArtifacts": {"elapsedMs": 0.006, "impLoaded": true, "fpLoaded": true}, "cloneAndLocateMission": {"elapsedMs": 0.181, "missionCount": 2, "targetIndex": 0}, "allocateAndPlanUpdate": {"elapsedMs": 7.808, "newImpID": 800000047}, "builder": {"elapsedMs": 391.655, "builderMode": "UAV_TRACK"}, "builderDetail": {"allocate_ids": {"elapsedMs": 148.047, "donePathID": 400000026, "attackPathID": 400000027, "resumePathID": 400000028, "trackingIndividualID": 900000117, "resumeIndividualID": 900000118, "targetWaypointID": 359}, "split_done_resume": {"elapsedMs": 1.318, "sourceSinglePoint": true, "doneWaypointCount": 1, "resumeWaypointCount": 0, "removedWaypointID": 246}, "clone_followups": {"elapsedMs": 109.126, "followUpMissionCount": 1, "followUpPathCount": 1}, "release_resume": {"elapsedMs": 84.539, "releaseWaypointCount": 2, "targetFinishEtaS": 90}, "write_json": {"elapsedMs": 41.72, "fileCount": 5}, "totalMs": 388.994}, "trackingState": {"elapsedMs": 2.189}, "status": "ok", "elapsedMs": 403.233}, {"aircraftID": 5, "label": "uav_tracking_5", "mode": "UAV_TRACK", "resolveArtifacts": {"elapsedMs": 0.517, "currentWaypointID": 99, "sourcePathID": 500000014, "sourceImpID": 800000033}, "loadArtifacts": {"elapsedMs": 0.005, "impLoaded": true, "fpLoaded": true}, "cloneAndLocateMission": {"elapsedMs": 0.131, "missionCount": 2, "targetIndex": 0}, "allocateAndPlanUpdate": {"elapsedMs": 8.973, "newImpID": 800000048}, "builder": {"elapsedMs": 407.501, "builderMode": "UAV_TRACK"}, "builderDetail": {"allocate_ids": {"elapsedMs": 139.517, "donePathID": 500000023, "attackPathID": 500000024, "resumePathID": 500000025, "trackingIndividualID": 900000120, "resumeIndividualID": 900000121, "targetWaypointID": 364}, "split_done_resume": {"elapsedMs": 1.021, "sourceSinglePoint": true, "doneWaypointCount": 1, "resumeWaypointCount": 0, "removedWaypointID": 260}, "clone_followups": {"elapsedMs": 122.353, "followUpMissionCount": 1, "followUpPathCount": 1}, "release_resume": {"elapsedMs": 96.255, "releaseWaypointCount": 2, "targetFinishEtaS": 90}, "write_json": {"elapsedMs": 41.763, "fileCount": 5}, "totalMs": 405.058}, "trackingState": {"elapsedMs": 7.916}, "status": "ok", "elapsedMs": 425.895}, {"aircraftID": 6, "label": "uav_resume_6", "mode": "UAV_RESUME", "resolveArtifacts": {"elapsedMs": 0.587, "currentWaypointID": 104, "sourcePathID": 600000020, "sourceImpID": 800000034}, "loadArtifacts": {"elapsedMs": 0.006, "impLoaded": true, "fpLoaded": true}, "cloneAndLocateMission": {"elapsedMs": 0.149, "missionCount": 2, "targetIndex": 0}, "status": "handled_by_collab", "elapsedMs": 1.382}], "totalMs": 4968}
[ATTACK] [ATTACK][TIME] override_total=4968ms
[ATTACK] [TIME] apply_attack_plan_overrides=4979ms
[ATTACK] [TIME] timingMs={"read_source": 10.671, "descriptor_build": 7.361, "write_artifacts": 4983.895, "delivery_wait": 9.003}
[ATTACK] [TIME] total=5012ms
[ATTACK] 분석 로그 저장: C:\Users\TRL98\Desktop\LAH_MUMT\Logs\Scenario_2026-05-21T085327\SBC3\DSS_Internal\log_attack_algorithm_20260521T004716_147588.json
[ATTACK] mark target used: targetIDs=58, 57
[ATTACK-EXCLUDE] ATTACK-EXCLUDE using requested missionPlanID 700000010 (sourcePlanID=700000008)
[ATTACK-EXCLUDE] UAV 4 resume source adjusted 700000008 -> 700000002 (matched waypoint 96).
[ATTACK-EXCLUDE] [PRIOR][UAV] Resume trimmed by currentWP (lastRemovedWP=95).
[ATTACK-EXCLUDE] [PRIOR][UAV] Added replan anchor waypoint to done path (anchorWP=310).
[ATTACK-EXCLUDE] [PRIOR][UAV] Resume sweep trim applied (cutPoints=14, rawCutPoints=98, doneSweepPoints=84, pathID=400000004).
[ATTACK-EXCLUDE] [PRIOR][UAV] Resume searchSpeed scaled (factor=1.30, waypoints=1).
[ATTACK-EXCLUDE] [PRIOR][UAV] Generated done/resume mission -> aircraft=4 IMP:800000040.json PATHS:400000023.json/400000024.json
[ATTACK-EXCLUDE] UAV 5 resume source adjusted 700000008 -> 700000002 (matched waypoint 99).
[ATTACK-EXCLUDE] [PRIOR][UAV] Resume sweep trim applied (cutPoints=100, rawCutPoints=100, doneSweepPoints=0, pathID=500000004).
[ATTACK-EXCLUDE] [PRIOR][UAV] Resume searchSpeed scaled (factor=1.30, waypoints=1).
[ATTACK-EXCLUDE] [PRIOR][UAV] Generated done/resume mission -> aircraft=5 IMP:800000042.json PATHS:500000021.json
[ATTACK-EXCLUDE] UAV 6 resume source adjusted 700000008 -> 700000002 (matched waypoint 104).
[ATTACK-EXCLUDE] [PRIOR][UAV] Resume trimmed by currentWP (lastRemovedWP=103).
[ATTACK-EXCLUDE] [PRIOR][UAV] Added replan anchor waypoint to done path (anchorWP=337).
[ATTACK-EXCLUDE] [PRIOR][UAV] Resume sweep trim applied (cutPoints=83, rawCutPoints=83, doneSweepPoints=0, pathID=600000004).
[ATTACK-EXCLUDE] [PRIOR][UAV] Resume searchSpeed scaled (factor=1.30, waypoints=1).
[ATTACK-EXCLUDE] [PRIOR][UAV] Generated done/resume mission -> aircraft=6 IMP:800000043.json PATHS:600000027.json/600000028.json
[ATTACK-EXCLUDE] 공격 배제 MissionPlan 저장 -> 700000010.json (planID=700000010)
[ATTACK-EXCLUDE] ATTACK-EXCLUDE carried area remaining snapshot -> mission_area_snapshot_700000010.json (sourcePlanID=700000008, planID=700000010)
[ATTACK] 공격 임무 계획 완료 (planIds=700000009)
[INFO] UAV params loaded (cruise=40.00, turn_step=15.0)
[INFO] Latest input snapshot → 0201:ID=1,ts=832638838505,src=-, 0203:ID=1,ts=832638838538,src=-
[STEP 0] Using latest 0201 ID 1 (1.json)
[STEP 0] Using latest 0203 ID 1 (1.json)
[CHECK] 0201/0203 필수 데이터 확인 시작
[OK] 0201 inputMissionList 확인됨 (count=3) → 진행
[OK] 0201 availableAircraftList 확인됨 (count=6) → 진행
[OK] 0201 inputMissionPackageType=1 확인
[OK] 0201 mainSensor=1 확인
[CHECK] 0201 기체 수=6 (UAV=3, LAH=3)
[CHECK] 0201 임무: total=3 missingID=0 missingDetail=0 missingShape=0 unknownType=0 typeZeroAuto=0 typeZeroInvalid=0 lineOnlyViolation=0 skippedSinglePoint=0
[OK] 0203 takeOverInfoList 확인됨 (count=3) → 진행
[OK] 0203 handOverInfoList 확인됨 (count=3) → 진행
[OK] 0203 flightAreaList 확인됨 (count=1) → 진행
[CHECK] 0203 flightAreaList count=1
[INFO] 임무 진행영역 스냅샷 적용: sourcePlan=700000008, updated=2, done=0
[INFO] 임무 진행영역 재계획 collapse 적용: groups=2, normalized=2, 3
[INFO] Filtered completed input missions (removed=1, converted=-, widthAdjusted=-, skippedSinglePoint=-, snapshot=updated=2, done=0, collapse=groups=2, normalized=2,3)
[REPLAN][TIME] variant_started_ms=5045.4 wall_ms=1779324436169 variant=1 option=3 mode=attack_exclusion
[variant 1] 공격 배제 병렬 결과 병합
[REPLAN][TIME] attack_exclusion_parallel_joined_ms=5061.5 wall_ms=1779324436185 variant=1 duration_ms=3118.883 wait_ms=0.008
[OK] 공격 배제 variant 저장: MissionPlanID=700000010 (elapsed=3118.9 ms)
[INFO] Option mapping #1: planID=700000010, optionCode=3(공격배제)
[REPLAN][TIME] variant_finished_ms=5061.8 wall_ms=1779324436185 variant=1 option=3 mode=attack_exclusion status=success duration_ms=3118.883
[OK] Stored mission data: MissionPlan=1, IndividualMission=0, FlightPath=0
[REPLAN][TIME] id_tab_update_deferred_ms=5063.4 wall_ms=1779324436187
[REPLAN][TIME] pipeline_done_ms=5063.5 wall_ms=1779324436187 plans=2 force_direct=False
[REPLAN][TIME] 0301_queued_ms=5063.5 wall_ms=1779324436187 plans=2
[STEP 4] 0301 push queued (planIds=700000009, 700000010)
[0402] delivery suppressed before 0301: Target 정보 변경으로 인한 재계획 중단
[0001] notice sent: Target 정보 변경으로 인한 재계획 중단
[REPLAN][METRIC] source_artifact_cache entries=87 hits=60 misses=87
[REPLAN][TIME] 0902_received_ms=0.4 wall_ms=1779324436903 trigger=attack_2_option replanLevel=2 optionCount=2 forceDirect=0
[REPLAN][TIME] 0902_archived_ms=1.6 wall_ms=1779324436904 path=replan_request_832639635127.json
[AUTO] 0902 received (planIds=700000011, 700000012)
[REPLAN][TIME] pipeline_scheduled_ms=2.7 wall_ms=1779324436905 delay_ms=0
[REPLAN][TIME] scheduled_start_ms=3.6 wall_ms=1779324436906
[REPLAN][TIME] 0305_status_1_ms=6.0 wall_ms=1779324436908 reason=표적59 등 3개 발견
[0305] status=1, reason=표적59 등 3개 발견 전송
[INFO] Using latest 0203 ID 1 for missionReferencePackageID (fallback)
[STEP 0] Replan pipeline start (reason=표적59 등 3개 발견)
[REPLAN][TIME] attack_exclusion_parallel_started_ms=10.9 wall_ms=1779324436913 option_index=2 sourcePlanID=700000008
[ATTACK-EXCLUDE] parallel generation started (sourcePlanID=700000008, optionIndex=2)
[ATTACK] 공격 특화 재계획 요청 감지 → 전용 파이프라인 실행
[ATTACK] [TIME] select_manned_aircraft=12ms
[ATTACK] STEP1 Selected manned aircraft: aircraft 2 (fuel=1200.0, coord=(37.722660064697266, 128.1003875732422, alt=1200))
[ATTACK] [TIME] load_target_entries=1ms
[ATTACK] STEP2 UAV tracking summary: watcher 5?’target 57, watcher 4?’target 58, watcher 6?’target 59, watcher 4?’target 59, watcher 5?’target 60, watcher 6?’target 61, watcher 4?’target unknown-12, watcher 4?’target unknown-2, watcher 4?’target unknown-4, watcher 4?’target unknown-5, watcher 4?’target unknown-8, watcher 5?’target unknown-1, watcher 5?’target unknown-11, watcher 5?’target unknown-3, watcher 5?’target unknown-6, watcher 5?’target unknown-9, watcher 6?’target unknown-10, watcher 6?’target unknown-13, watcher 6?’target unknown-7, watcher 4?’target 53, watcher 6?’target 54, watcher 4?’target 55, watcher 5?’target 56
[ATTACK] STEP2.5 Using bundled 0402 targets: target=59 watcher=6, target=58 watcher=4, target=57 watcher=5
[ATTACK] STEP2.6 Multi-target manned selection: 2, 3
[ATTACK] [ATTACK] Selected target id=59 type=1 weaponType=2 (preferred=2, ammo={'type1': 500, 'type2': 7, 'type3': 2})
[ATTACK] [TIME] compute_attack_point=5ms
[ATTACK] STEP3 Attack plan completed: lat=37.894946, lon=128.179839, alt=975m
[ATTACK] [ATTACK] Weapon choice aircraft=2 preferred=2 selected=2 ammo={'type1': 500, 'type2': 7, 'type3': 2}
[ATTACK] [ATTACK][ETA] Tracking ETA computed with LAH max attack speed (dist=20389.2m, speed=73.61m/s, +30s) -> 307s
[ATTACK] [ATTACK] Using requested missionPlanID 700000011 (sourcePlanID=700000008)
[ATTACK] [ATTACK][ETA] All UAVs tracking; using average ETA: 305s (from 3 values: [304, 308, 304])
[ATTACK] [ATTACK][ETA] All tracking ETAs unified to 305s
[ATTACK] [ATTACK][COLLAB] Remaining UAV entry lookahead applied: 9.0s (pathFollow=3, linearFallback=3, currentOnly=0)
[ATTACK] [PRIOR] Falling back to first mission for aircraft 2 (current waypoint not found in plan).
[ATTACK] [ATTACK][LAH] Using max attack speed 73.61m/s (265.0km/h) for aircraft 2.
[ATTACK] [ATTACK][LAH] Inferred current waypoint from position -> 79.
[ATTACK] [ATTACK][LAH] Dropped current waypoint from resume path (currentWP=79, nextWP=80).
[ATTACK] [ATTACK][LAH] Preserved completed prefix, inserted attack, and reattached 2 follow-up mission(s).
[ATTACK] [ATTACK][LAH] Generated attack/resume missions -> IMP:800000050.json PATHS:200000022.json/200000023.json (followUps=2)
[ATTACK] [PRIOR] Falling back to first mission for aircraft 3 (current waypoint not found in plan).
[ATTACK] [ATTACK][LAH] Inferred current waypoint from position -> 85.
[ATTACK] [ATTACK][LAH] Dropped current waypoint from resume path (currentWP=85, nextWP=86).
[ATTACK] [ATTACK][LAH] Using max attack speed 73.61m/s (265.0km/h) for aircraft 3.
[ATTACK] [ATTACK][LAH] Preserved completed prefix, built sequential attack missions, and reattached 2 follow-up mission(s) for aircraft 3.
[ATTACK] [ATTACK][LAH] Generated sequential attack/resume missions -> IMP:800000053.json attacks=2 resume=300000023.json (followUps=2)
[ATTACK] [PRIOR] Falling back to first mission for aircraft 1 (current waypoint not found in plan).
[ATTACK] [ATTACK][LAH] Inferred current waypoint from position -> 73.
[ATTACK] [ATTACK][LAH] Dropped current waypoint from resume path (currentWP=73, nextWP=74).
[ATTACK] [ATTACK][LAH] Preserved completed prefix, inserted hold, and reattached 2 follow-up mission(s).
[ATTACK] [ATTACK][LAH] Generated hold/resume missions -> IMP:800000054.json PATHS:100000021.json/100000022.json (followUps=2)
[ATTACK] [ATTACK][COLLAB] Collaborative replan skipped: no remaining source UAVs for current input.
[ATTACK] [ATTACK][UAV] Tracking target altitude kept for sensor only; flight altitude replaced 675m -> 1965m.
[ATTACK] [ATTACK][UAV] Source path has a single waypoint; preserving it as done and skipping done/resume split.
[ATTACK] [ATTACK][UAV] Preserved completed prefix, inserted tracking, and reattached 1 follow-up mission(s).
[ATTACK] [ATTACK][UAV] Generated tracking-only mission -> IMP:800000055.json PATH:600000034.json (followUps=1, resumeSkipped=true)
[ATTACK] [ATTACK][UAV] Tracking assignment state saved (aircraft=6, sourcePlan=700000008, attackPlan=700000011).
[ATTACK] [ATTACK][UAV] Tracking target altitude kept for sensor only; flight altitude replaced 683m -> 1868m.
[ATTACK] [ATTACK][UAV] Source path has a single waypoint; preserving it as done and skipping done/resume split.
[ATTACK] [ATTACK][UAV] Preserved completed prefix, inserted tracking, and reattached 1 follow-up mission(s).
[ATTACK] [ATTACK][UAV] Generated tracking-only mission -> IMP:800000056.json PATH:400000034.json (followUps=1, resumeSkipped=true)
[ATTACK] [ATTACK][UAV] Tracking assignment state saved (aircraft=4, sourcePlan=700000008, attackPlan=700000011).
[ATTACK] [ATTACK][UAV] Tracking target altitude kept for sensor only; flight altitude replaced 694m -> 1956m.
[ATTACK] [ATTACK][UAV] Source path has a single waypoint; preserving it as done and skipping done/resume split.
[ATTACK] [ATTACK][UAV] Preserved completed prefix, inserted tracking, and reattached 1 follow-up mission(s).
[ATTACK] [ATTACK][UAV] Generated tracking-only mission -> IMP:800000057.json PATH:500000031.json (followUps=1, resumeSkipped=true)
[ATTACK] [ATTACK][UAV] Tracking assignment state saved (aircraft=5, sourcePlan=700000008, attackPlan=700000011).
[ATTACK] [ATTACK][PLAN] carried area remaining snapshot -> mission_area_snapshot_700000011.json (sourcePlanID=700000008, planID=700000011)
[ATTACK] [ATTACK][PLAN] MissionPlan saved -> 700000011.json (planID=700000011)
[ATTACK] [ATTACK][TIME] override_detail={"phases": {"metadata_normalize": {"elapsedMs": 0.006, "attackTargetCount": 3, "selectedMannedCount": 2}, "agent_index": {"elapsedMs": 0.112, "aircraftCount": 6}, "weapon_choice": {"elapsedMs": 2.628, "selectedWeaponType": 2, "ammoAvailable": true}, "initial_tracking_eta": {"elapsedMs": 0.433, "useDetectionTracking": true, "trackingEtaS": 307}, "resolve_source_plan": {"elapsedMs": 0.835, "sourcePlanID": 700000008}, "source_plan_load": {"elapsedMs": 0.361, "sourcePlanID": 700000008, "aircraftCount": 6}, "sweep_progress_load": {"elapsedMs": 0.537, "entries": 18}, "plan_id_resolve": {"elapsedMs": 0.019, "requested": true, "missionPlanID": 700000011}, "source_artifact_cache_build": {"elapsedMs": 0.012, "aircraftEntries": 6}, "done_input_ids_load": {"elapsedMs": 1.175, "count": 1}, "plan_deepcopy": {"elapsedMs": 0.052}, "target_uav_assignment": {"elapsedMs": 0.745, "assignedTargetCount": 3, "usedTrackingUavCount": 3}, "manned_sequence_assignment": {"elapsedMs": 17.863, "aircraftCount": 2, "error": null}, "attack_coordinate_resolution": {"elapsedMs": 12.955, "resolvedCount": 3, "mannedSequenceCount": 3}, "remaining_eta": {"elapsedMs": 0.814, "allUavCount": 3, "trackingUavCount": 3, "computedEtaCount": 3, "adjustedEtaS": 305}, "descriptor_list_build": {"elapsedMs": 0.034, "descriptorCount": 6, "activeMannedCount": 2, "otherLahCount": 1, "otherUavCount": 0}, "collab_tracking_scan": {"elapsedMs": 5.323, "inputCount": 1, "unavailableUavCount": 3}, "collab_agent_state_map": {"elapsedMs": 10.013, "aircraftCount": 6}, "collab_parallel_started": {"elapsedMs": 0.635, "inputCount": 1, "workers": 1}, "collab_parallel_join": {"elapsedMs": 0.562, "waitReason": "UAV_TRACK", "inputCount": 1}, "descriptor_loop": {"elapsedMs": 4558.566, "descriptorCount": 6, "updateCount": 6}, "mission_plan_write": {"elapsedMs": 10.617, "missionPlanID": 700000011}, "option_meta_build": {"elapsedMs": 0.099, "targetCount": 3, "collabInputCount": 0}}, "collabRuns": [{"inputMissionID": 2, "unavailableAircraftIDs": [4, 5, 6], "elapsedMs": 20.361, "status": "skipped"}], "descriptorDetails": [{"aircraftID": 2, "label": "manned", "mode": "LAH_ATTACK", "resolveArtifacts": {"elapsedMs": 0.867, "currentWaypointID": null, "sourcePathID": 200000001, "sourceImpID": 800000008}, "loadArtifacts": {"elapsedMs": 0.004, "impLoaded": true, "fpLoaded": true}, "cloneAndLocateMission": {"elapsedMs": 0.107, "missionCount": 3, "targetIndex": 0}, "allocateAndPlanUpdate": {"elapsedMs": 81.708, "newImpID": 800000050}, "builder": {"elapsedMs": 1372.616, "builderMode": "LAH_ATTACK"}, "builderDetail": {"allocate_ids": {"elapsedMs": 346.126, "attackPathID": 200000022, "resumePathID": 200000023, "attackIndividualID": 900000125, "resumeIndividualID": 900000126, "entryWaypointID": 372, "attackWaypointID": 373}, "split_lah_resume": {"elapsedMs": 321.648, "resumeWaypointCount": 1, "removedWaypointID": 79}, "clone_followups": {"elapsedMs": 578.257, "followUpMissionCount": 2, "followUpPathCount": 2}, "payload_build": {"elapsedMs": 115.561, "hasResume": true, "followUpMissionCount": 2, "attackSpeedMps": 73.61}, "write_json": {"elapsedMs": 5.074, "fileCount": 5}, "totalMs": 1370.299}, "status": "ok", "elapsedMs": 1455.426}, {"aircraftID": 3, "label": "manned", "mode": "LAH_ATTACK", "resolveArtifacts": {"elapsedMs": 0.942, "currentWaypointID": null, "sourcePathID": 300000001, "sourceImpID": 800000009}, "loadArtifacts": {"elapsedMs": 0.005, "impLoaded": true, "fpLoaded": true}, "cloneAndLocateMission": {"elapsedMs": 0.121, "missionCount": 3, "targetIndex": 0}, "allocateAndPlanUpdate": {"elapsedMs": 7.938, "newImpID": 800000053}, "builder": {"elapsedMs": 1372.805, "builderMode": "LAH_ATTACK"}, "status": "ok", "elapsedMs": 1381.953}, {"aircraftID": 1, "label": "lah_hold_1", "mode": "LAH_HOLD_RESUME", "resolveArtifacts": {"elapsedMs": 0.478, "currentWaypointID": null, "sourcePathID": 100000001, "sourceImpID": 800000007}, "loadArtifacts": {"elapsedMs": 0.004, "impLoaded": true, "fpLoaded": true}, "cloneAndLocateMission": {"elapsedMs": 0.118, "missionCount": 3, "targetIndex": 0}, "allocateAndPlanUpdate": {"elapsedMs": 6.815, "newImpID": 800000054}, "builder": {"elapsedMs": 693.226, "builderMode": "LAH_HOLD_RESUME"}, "builderDetail": {"allocate_ids": {"elapsedMs": 20.884, "holdPathID": 100000021, "resumePathID": 100000022, "holdIndividualID": 900000138, "resumeIndividualID": 900000139}, "split_lah_resume": {"elapsedMs": 308.057, "resumeWaypointCount": 1, "removedWaypointID": 73}, "clone_followups": {"elapsedMs": 260.408, "followUpMissionCount": 2, "followUpPathCount": 2}, "payload_build": {"elapsedMs": 356.309, "hasResume": true, "followUpMissionCount": 2}, "write_json": {"elapsedMs": 4.948, "fileCount": 5}, "totalMs": 693.187}, "status": "ok", "elapsedMs": 700.757}, {"aircraftID": 6, "label": "uav_tracking_6", "mode": "UAV_TRACK", "resolveArtifacts": {"elapsedMs": 0.02, "currentWaypointID": 271, "sourcePathID": 600000020, "sourceImpID": 800000034}, "loadArtifacts": {"elapsedMs": 0.003, "impLoaded": true, "fpLoaded": true}, "cloneAndLocateMission": {"elapsedMs": 0.134, "missionCount": 2, "targetIndex": 0}, "allocateAndPlanUpdate": {"elapsedMs": 6.725, "newImpID": 800000055}, "builder": {"elapsedMs": 334.625, "builderMode": "UAV_TRACK"}, "builderDetail": {"allocate_ids": {"elapsedMs": 130.786, "donePathID": 600000033, "attackPathID": 600000034, "resumePathID": 600000035, "trackingIndividualID": 900000142, "resumeIndividualID": 900000143, "targetWaypointID": 408}, "split_done_resume": {"elapsedMs": 1.079, "sourceSinglePoint": true, "doneWaypointCount": 1, "resumeWaypointCount": 0, "removedWaypointID": 271}, "clone_followups": {"elapsedMs": 153.466, "followUpMissionCount": 1, "followUpPathCount": 1}, "write_json": {"elapsedMs": 42.458, "fileCount": 4}, "totalMs": 332.161}, "trackingState": {"elapsedMs": 2.02}, "status": "ok", "elapsedMs": 344.054}, {"aircraftID": 4, "label": "uav_tracking_4", "mode": "UAV_TRACK", "resolveArtifacts": {"elapsedMs": 0.02, "currentWaypointID": 246, "sourcePathID": 400000017, "sourceImpID": 800000031}, "loadArtifacts": {"elapsedMs": 0.003, "impLoaded": true, "fpLoaded": true}, "cloneAndLocateMission": {"elapsedMs": 0.129, "missionCount": 2, "targetIndex": 0}, "allocateAndPlanUpdate": {"elapsedMs": 6.308, "newImpID": 800000056}, "builder": {"elapsedMs": 323.556, "builderMode": "UAV_TRACK"}, "builderDetail": {"allocate_ids": {"elapsedMs": 134.456, "donePathID": 400000033, "attackPathID": 400000034, "resumePathID": 400000035, "trackingIndividualID": 900000145, "resumeIndividualID": 900000146, "targetWaypointID": 411}, "split_done_resume": {"elapsedMs": 0.989, "sourceSinglePoint": true, "doneWaypointCount": 1, "resumeWaypointCount": 0, "removedWaypointID": 246}, "clone_followups": {"elapsedMs": 137.786, "followUpMissionCount": 1, "followUpPathCount": 1}, "write_json": {"elapsedMs": 42.676, "fileCount": 4}, "totalMs": 320.451}, "trackingState": {"elapsedMs": 8.888}, "status": "ok", "elapsedMs": 339.594}, {"aircraftID": 5, "label": "uav_tracking_5", "mode": "UAV_TRACK", "resolveArtifacts": {"elapsedMs": 0.022, "currentWaypointID": 260, "sourcePathID": 500000014, "sourceImpID": 800000033}, "loadArtifacts": {"elapsedMs": 0.003, "impLoaded": true, "fpLoaded": true}, "cloneAndLocateMission": {"elapsedMs": 0.133, "missionCount": 2, "targetIndex": 0}, "allocateAndPlanUpdate": {"elapsedMs": 6.249, "newImpID": 800000057}, "builder": {"elapsedMs": 320.941, "builderMode": "UAV_TRACK"}, "builderDetail": {"allocate_ids": {"elapsedMs": 137.085, "donePathID": 500000030, "attackPathID": 500000031, "resumePathID": 500000032, "trackingIndividualID": 900000148, "resumeIndividualID": 900000149, "targetWaypointID": 414}, "split_done_resume": {"elapsedMs": 0.886, "sourceSinglePoint": true, "doneWaypointCount": 1, "resumeWaypointCount": 0, "removedWaypointID": 260}, "clone_followups": {"elapsedMs": 139.66, "followUpMissionCount": 1, "followUpPathCount": 1}, "write_json": {"elapsedMs": 36.313, "fileCount": 4}, "totalMs": 318.513}, "trackingState": {"elapsedMs": 7.688}, "status": "ok", "elapsedMs": 335.685}], "totalMs": 4632}
[ATTACK] [ATTACK][TIME] override_total=4632ms
[ATTACK] [TIME] apply_attack_plan_overrides=4640ms
[ATTACK] [TIME] timingMs={"read_source": 16.12, "descriptor_build": 10.178, "write_artifacts": 4647.174, "delivery_wait": 3.203}
[ATTACK] [TIME] total=4677ms
[ATTACK] 분석 로그 저장: C:\Users\TRL98\Desktop\LAH_MUMT\Logs\Scenario_2026-05-21T085327\SBC3\DSS_Internal\log_attack_algorithm_20260521T004721_591699.json
[ATTACK] mark target used: targetIDs=59, 58, 57
[ATTACK-EXCLUDE] ATTACK-EXCLUDE using requested missionPlanID 700000012 (sourcePlanID=700000008)
[ATTACK-EXCLUDE] [PRIOR][UAV] Resume sweep trim applied (cutPoints=7, rawCutPoints=7, doneSweepPoints=0, pathID=400000017).
[ATTACK-EXCLUDE] [PRIOR][UAV] Resume searchSpeed scaled (factor=1.30, waypoints=1).
[ATTACK-EXCLUDE] [PRIOR][UAV] Generated done/resume mission -> aircraft=4 IMP:800000049.json PATHS:400000031.json
[ATTACK-EXCLUDE] [PRIOR][UAV] Resume sweep trim applied (cutPoints=4, rawCutPoints=4, doneSweepPoints=0, pathID=500000014).
[ATTACK-EXCLUDE] [PRIOR][UAV] Resume searchSpeed scaled (factor=1.30, waypoints=1).
[ATTACK-EXCLUDE] [PRIOR][UAV] Generated done/resume mission -> aircraft=5 IMP:800000051.json PATHS:500000028.json
[ATTACK-EXCLUDE] [PRIOR][UAV] Resume sweep trim applied (cutPoints=7, rawCutPoints=7, doneSweepPoints=0, pathID=600000020).
[ATTACK-EXCLUDE] [PRIOR][UAV] Resume searchSpeed scaled (factor=1.30, waypoints=1).
[ATTACK-EXCLUDE] [PRIOR][UAV] Generated done/resume mission -> aircraft=6 IMP:800000052.json PATHS:600000031.json
[ATTACK-EXCLUDE] 공격 배제 MissionPlan 저장 -> 700000012.json (planID=700000012)
[ATTACK-EXCLUDE] ATTACK-EXCLUDE carried area remaining snapshot -> mission_area_snapshot_700000012.json (sourcePlanID=700000008, planID=700000012)
[ATTACK] 공격 임무 계획 완료 (planIds=700000011)
[INFO] UAV params loaded (cruise=40.00, turn_step=15.0)
[INFO] Latest input snapshot → 0201:ID=1,ts=832638838505,src=-, 0203:ID=1,ts=832638838538,src=-
[STEP 0] Using latest 0201 ID 1 (1.json)
[STEP 0] Using latest 0203 ID 1 (1.json)
[CHECK] 0201/0203 필수 데이터 확인 시작
[OK] 0201 inputMissionList 확인됨 (count=3) → 진행
[OK] 0201 availableAircraftList 확인됨 (count=6) → 진행
[OK] 0201 inputMissionPackageType=1 확인
[OK] 0201 mainSensor=1 확인
[CHECK] 0201 기체 수=6 (UAV=3, LAH=3)
[CHECK] 0201 임무: total=3 missingID=0 missingDetail=0 missingShape=0 unknownType=0 typeZeroAuto=0 typeZeroInvalid=0 lineOnlyViolation=0 skippedSinglePoint=0
[OK] 0203 takeOverInfoList 확인됨 (count=3) → 진행
[OK] 0203 handOverInfoList 확인됨 (count=3) → 진행
[OK] 0203 flightAreaList 확인됨 (count=1) → 진행
[CHECK] 0203 flightAreaList count=1
[INFO] 임무 진행영역 스냅샷 적용: sourcePlan=700000008, updated=2, done=0
[INFO] 임무 진행영역 재계획 collapse 적용: groups=2, normalized=2, 3
[INFO] Filtered completed input missions (removed=1, converted=-, widthAdjusted=-, skippedSinglePoint=-, snapshot=updated=2, done=0, collapse=groups=2, normalized=2,3)
[REPLAN][TIME] variant_started_ms=4722.4 wall_ms=1779324441625 variant=1 option=3 mode=attack_exclusion
[variant 1] 공격 배제 병렬 결과 병합
[REPLAN][TIME] attack_exclusion_parallel_joined_ms=4735.2 wall_ms=1779324441637 variant=1 duration_ms=2154.222 wait_ms=0.01
[OK] 공격 배제 variant 저장: MissionPlanID=700000012 (elapsed=2154.2 ms)
[INFO] Option mapping #1: planID=700000012, optionCode=3(공격배제)
[REPLAN][TIME] variant_finished_ms=4735.5 wall_ms=1779324441638 variant=1 option=3 mode=attack_exclusion status=success duration_ms=2154.222
[OK] Stored mission data: MissionPlan=1, IndividualMission=0, FlightPath=0
[REPLAN][TIME] id_tab_update_deferred_ms=4737.0 wall_ms=1779324441639
[REPLAN][TIME] pipeline_done_ms=4737.1 wall_ms=1779324441639 plans=2 force_direct=False
[REPLAN][TIME] 0301_queued_ms=4737.1 wall_ms=1779324441639 plans=2
[STEP 4] 0301 push queued (planIds=700000011, 700000012)
[0301] missionPlanID=700000011 전송
[0301] missionPlanID=700000012 전송
[PUSH] 0301 direct batch send
[REPLAN][TIME] 0301_sent_ms=5004.2 wall_ms=1779324441906 plans=2
[REPLAN][TIME] post_0301_delivery_queued_ms=5005.0 wall_ms=1779324441907 grace_ms=0 timeout_ms=20 force_direct=0 mode=option_or_0901
[INFO] Post-0301 apply queued (mode=option_or_0901, grace=0ms, timeout=20ms, plans=2)
[REPLAN][TIME] 0305_status_2_ms=5008.3 wall_ms=1779324441910 reason=표적59 등 3개 발견
[0305] status=2, reason=표적59 등 3개 발견, elapsed=5.00s 전송
[REPLAN][TIME] post_0301_completion_ready_ms=5009.9 wall_ms=1779324441912 mode=option_or_0901
[REPLAN][METRIC] source_artifact_cache entries=24 hits=42 misses=24
[INFO] Post-0301 ready (timeout) -> sending 0901
[REPLAN][TIME] post_0301_flushed_ms=5037.7 wall_ms=1779324441940 delivery=0901 trigger=timeout
[REPLAN][TIME] 0901_sent_ms=5040.1 wall_ms=1779324441942 options=2
[0901] option request sent (count=2, codes=2(공격특화), 3(공격배제))
[REPLAN][TIME] id_tab_update_flushed_ms=5041.4 wall_ms=1779324441944
[REPLAN][TIME] 0902_received_ms=0.3 wall_ms=1779324483662 trigger=attack_2_option replanLevel=2 optionCount=2 forceDirect=0
[REPLAN][TIME] 0902_archived_ms=1.3 wall_ms=1779324483664 path=replan_request_832639682374.json
[AUTO] 0902 received (planIds=700000167, 700000168)
[REPLAN][TIME] pipeline_scheduled_ms=2.3 wall_ms=1779324483665 delay_ms=0
[REPLAN][TIME] scheduled_start_ms=3.2 wall_ms=1779324483665
[REPLAN][TIME] 0305_status_1_ms=5.2 wall_ms=1779324483667 reason=표적58 등 3개 발견
[0305] status=1, reason=표적58 등 3개 발견 전송
[INFO] Using latest 0203 ID 1 for missionReferencePackageID (fallback)
[STEP 0] Replan pipeline start (reason=표적58 등 3개 발견)
[REPLAN][TIME] attack_exclusion_parallel_started_ms=14.8 wall_ms=1779324483677 option_index=2 sourcePlanID=700000008
[ATTACK-EXCLUDE] parallel generation started (sourcePlanID=700000008, optionIndex=2)
[ATTACK] 공격 특화 재계획 요청 감지 → 전용 파이프라인 실행
[ATTACK] [TIME] select_manned_aircraft=11ms
[ATTACK] STEP1 Selected manned aircraft: aircraft 2 (fuel=1200.0, coord=(37.722660064697266, 128.1003875732422, alt=1200))
[ATTACK] [TIME] load_target_entries=1ms
[ATTACK] STEP2 UAV tracking summary: watcher 6?’target 59, watcher 4?’target 59, watcher 5?’target 60, watcher 6?’target 62, watcher 5?’target 57, watcher 4?’target 58, watcher 4?’target unknown-2, watcher 4?’target unknown-4, watcher 4?’target unknown-5, watcher 4?’target unknown-8, watcher 5?’target unknown-1, watcher 5?’target unknown-11, watcher 5?’target unknown-3, watcher 5?’target unknown-6, watcher 5?’target unknown-9, watcher 6?’target unknown-10, watcher 6?’target unknown-13, watcher 6?’target unknown-14, watcher 6?’target unknown-15, watcher 6?’target unknown-16, watcher 6?’target unknown-7, watcher 4?’target 53, watcher 6?’target 54, watcher 4?’target 55, watcher 5?’target 56, watcher 6?’target 61
[ATTACK] STEP2.5 Using bundled 0402 targets: target=58 watcher=4, target=59 watcher=6, target=57 watcher=5
[ATTACK] STEP2.6 Multi-target manned selection: 2, 3
[ATTACK] [ATTACK] Selected target id=58 type=1 weaponType=2 (preferred=2, ammo={'type1': 500, 'type2': 7, 'type3': 2})
[ATTACK] [TIME] compute_attack_point=3ms
[ATTACK] STEP3 Attack plan completed: lat=37.898979, lon=128.165665, alt=983m
[ATTACK] [ATTACK] Using remembered waypoint 246 for watcher 4 while auto-tracking.
[ATTACK] [ATTACK] Weapon choice aircraft=2 preferred=2 selected=2 ammo={'type1': 500, 'type2': 7, 'type3': 2}
[ATTACK] [ATTACK][ETA] Tracking ETA computed with LAH max attack speed (dist=20427.3m, speed=73.61m/s, +30s) -> 308s
[ATTACK] [ATTACK] Using requested missionPlanID 700000167 (sourcePlanID=700000008)
[ATTACK] [ATTACK][ETA] All UAVs tracking; using average ETA: 307s (from 3 values: [306, 307, 307])
[ATTACK] [ATTACK][ETA] All tracking ETAs unified to 307s
[ATTACK] [ATTACK][COLLAB] Remaining UAV entry lookahead applied: 9.0s (pathFollow=3, linearFallback=3, currentOnly=0)
[ATTACK] [PRIOR] Falling back to first mission for aircraft 2 (current waypoint not found in plan).
[ATTACK] [ATTACK][LAH] Inferred current waypoint from position -> 79.
[ATTACK] [ATTACK][LAH] Dropped current waypoint from resume path (currentWP=79, nextWP=80).
[ATTACK] [ATTACK][LAH] Using max attack speed 73.61m/s (265.0km/h) for aircraft 2.
[ATTACK] [ATTACK][LAH] Preserved completed prefix, built sequential attack missions, and reattached 2 follow-up mission(s) for aircraft 2.
[ATTACK] [ATTACK][LAH] Generated sequential attack/resume missions -> IMP:800000059.json attacks=2 resume=200000028.json (followUps=2)
[ATTACK] [PRIOR] Falling back to first mission for aircraft 3 (current waypoint not found in plan).
[ATTACK] [ATTACK][LAH] Using max attack speed 73.61m/s (265.0km/h) for aircraft 3.
[ATTACK] [ATTACK][LAH] Inferred current waypoint from position -> 85.
[ATTACK] [ATTACK][LAH] Dropped current waypoint from resume path (currentWP=85, nextWP=86).
[ATTACK] [ATTACK][LAH] Preserved completed prefix, inserted attack, and reattached 2 follow-up mission(s).
[ATTACK] [ATTACK][LAH] Generated attack/resume missions -> IMP:800000062.json PATHS:300000026.json/300000027.json (followUps=2)
[ATTACK] [PRIOR] Falling back to first mission for aircraft 1 (current waypoint not found in plan).
[ATTACK] [ATTACK][LAH] Inferred current waypoint from position -> 73.
[ATTACK] [ATTACK][LAH] Dropped current waypoint from resume path (currentWP=73, nextWP=74).
[ATTACK] [ATTACK][LAH] Preserved completed prefix, inserted hold, and reattached 2 follow-up mission(s).
[ATTACK] [ATTACK][LAH] Generated hold/resume missions -> IMP:800000063.json PATHS:100000025.json/100000026.json (followUps=2)
[ATTACK] [ATTACK][COLLAB] Collaborative replan skipped: no remaining source UAVs for current input.
[ATTACK] [ATTACK][UAV] Tracking target altitude kept for sensor only; flight altitude replaced 683m -> 1868m.
[ATTACK] [ATTACK][UAV] Source path has a single waypoint; preserving it as done and skipping done/resume split.
[ATTACK] [ATTACK][UAV] Preserved completed prefix, inserted tracking, and reattached 1 follow-up mission(s).
[ATTACK] [ATTACK][UAV] Generated tracking-only mission -> IMP:800000064.json PATH:400000041.json (followUps=1, resumeSkipped=true)
[ATTACK] [ATTACK][UAV] Tracking assignment state saved (aircraft=4, sourcePlan=700000008, attackPlan=700000167).
[ATTACK] [ATTACK][UAV] Tracking target altitude kept for sensor only; flight altitude replaced 675m -> 1965m.
[ATTACK] [ATTACK][UAV] Source path has a single waypoint; preserving it as done and skipping done/resume split.
[ATTACK] [ATTACK][UAV] Preserved completed prefix, inserted tracking, and reattached 1 follow-up mission(s).
[ATTACK] [ATTACK][UAV] Generated tracking-only mission -> IMP:800000065.json PATH:600000041.json (followUps=1, resumeSkipped=true)
[ATTACK] [ATTACK][UAV] Tracking assignment state saved (aircraft=6, sourcePlan=700000008, attackPlan=700000167).
[ATTACK] [ATTACK][UAV] Tracking target altitude kept for sensor only; flight altitude replaced 694m -> 1956m.
[ATTACK] [ATTACK][UAV] Source path has a single waypoint; preserving it as done and skipping done/resume split.
[ATTACK] [ATTACK][UAV] Preserved completed prefix, inserted tracking, and reattached 1 follow-up mission(s).
[ATTACK] [ATTACK][UAV] Generated tracking-only mission -> IMP:800000066.json PATH:500000038.json (followUps=1, resumeSkipped=true)
[ATTACK] [ATTACK][UAV] Tracking assignment state saved (aircraft=5, sourcePlan=700000008, attackPlan=700000167).
[ATTACK] [ATTACK][PLAN] carried area remaining snapshot -> mission_area_snapshot_700000167.json (sourcePlanID=700000008, planID=700000167)
[ATTACK] [ATTACK][PLAN] MissionPlan saved -> 700000167.json (planID=700000167)
[ATTACK] [ATTACK][TIME] override_detail={"phases": {"metadata_normalize": {"elapsedMs": 0.008, "attackTargetCount": 3, "selectedMannedCount": 2}, "agent_index": {"elapsedMs": 0.103, "aircraftCount": 6}, "weapon_choice": {"elapsedMs": 2.719, "selectedWeaponType": 2, "ammoAvailable": true}, "initial_tracking_eta": {"elapsedMs": 0.753, "useDetectionTracking": true, "trackingEtaS": 308}, "resolve_source_plan": {"elapsedMs": 1.317, "sourcePlanID": 700000008}, "source_plan_load": {"elapsedMs": 0.413, "sourcePlanID": 700000008, "aircraftCount": 6}, "sweep_progress_load": {"elapsedMs": 0.442, "entries": 18}, "plan_id_resolve": {"elapsedMs": 0.024, "requested": true, "missionPlanID": 700000167}, "source_artifact_cache_build": {"elapsedMs": 0.017, "aircraftEntries": 6}, "done_input_ids_load": {"elapsedMs": 1.341, "count": 1}, "plan_deepcopy": {"elapsedMs": 0.055}, "target_uav_assignment": {"elapsedMs": 0.508, "assignedTargetCount": 3, "usedTrackingUavCount": 3}, "manned_sequence_assignment": {"elapsedMs": 20.455, "aircraftCount": 2, "error": null}, "attack_coordinate_resolution": {"elapsedMs": 8.791, "resolvedCount": 3, "mannedSequenceCount": 3}, "remaining_eta": {"elapsedMs": 1.011, "allUavCount": 3, "trackingUavCount": 3, "computedEtaCount": 3, "adjustedEtaS": 307}, "descriptor_list_build": {"elapsedMs": 0.034, "descriptorCount": 6, "activeMannedCount": 2, "otherLahCount": 1, "otherUavCount": 0}, "collab_tracking_scan": {"elapsedMs": 5.283, "inputCount": 1, "unavailableUavCount": 3}, "collab_agent_state_map": {"elapsedMs": 19.667, "aircraftCount": 6}, "collab_parallel_started": {"elapsedMs": 0.611, "inputCount": 1, "workers": 1}, "collab_parallel_join": {"elapsedMs": 0.682, "waitReason": "UAV_TRACK", "inputCount": 1}, "descriptor_loop": {"elapsedMs": 4913.975, "descriptorCount": 6, "updateCount": 6}, "mission_plan_write": {"elapsedMs": 10.596, "missionPlanID": 700000167}, "option_meta_build": {"elapsedMs": 0.04, "targetCount": 3, "collabInputCount": 0}}, "collabRuns": [{"inputMissionID": 2, "unavailableAircraftIDs": [4, 5, 6], "elapsedMs": 18.162, "status": "skipped"}], "descriptorDetails": [{"aircraftID": 2, "label": "manned", "mode": "LAH_ATTACK", "resolveArtifacts": {"elapsedMs": 0.716, "currentWaypointID": null, "sourcePathID": 200000001, "sourceImpID": 800000008}, "loadArtifacts": {"elapsedMs": 0.003, "impLoaded": true, "fpLoaded": true}, "cloneAndLocateMission": {"elapsedMs": 0.107, "missionCount": 3, "targetIndex": 0}, "allocateAndPlanUpdate": {"elapsedMs": 108.468, "newImpID": 800000059}, "builder": {"elapsedMs": 1942.737, "builderMode": "LAH_ATTACK"}, "status": "ok", "elapsedMs": 2052.162}, {"aircraftID": 3, "label": "manned", "mode": "LAH_ATTACK", "resolveArtifacts": {"elapsedMs": 2.234, "currentWaypointID": null, "sourcePathID": 300000001, "sourceImpID": 800000009}, "loadArtifacts": {"elapsedMs": 0.006, "impLoaded": true, "fpLoaded": true}, "cloneAndLocateMission": {"elapsedMs": 0.132, "missionCount": 3, "targetIndex": 0}, "allocateAndPlanUpdate": {"elapsedMs": 8.24, "newImpID": 800000062}, "builder": {"elapsedMs": 989.902, "builderMode": "LAH_ATTACK"}, "builderDetail": {"allocate_ids": {"elapsedMs": 299.591, "attackPathID": 300000026, "resumePathID": 300000027, "attackIndividualID": 900000162, "resumeIndividualID": 900000163, "entryWaypointID": 438, "attackWaypointID": 439}, "split_lah_resume": {"elapsedMs": 333.892, "resumeWaypointCount": 1, "removedWaypointID": 85}, "clone_followups": {"elapsedMs": 248.17, "followUpMissionCount": 2, "followUpPathCount": 2}, "payload_build": {"elapsedMs": 99.723, "hasResume": true, "followUpMissionCount": 2, "attackSpeedMps": 73.61}, "write_json": {"elapsedMs": 4.467, "fileCount": 5}, "totalMs": 988.848}, "status": "ok", "elapsedMs": 1000.643}, {"aircraftID": 1, "label": "lah_hold_1", "mode": "LAH_HOLD_RESUME", "resolveArtifacts": {"elapsedMs": 0.611, "currentWaypointID": null, "sourcePathID": 100000001, "sourceImpID": 800000007}, "loadArtifacts": {"elapsedMs": 0.005, "impLoaded": true, "fpLoaded": true}, "cloneAndLocateMission": {"elapsedMs": 0.122, "missionCount": 3, "targetIndex": 0}, "allocateAndPlanUpdate": {"elapsedMs": 6.762, "newImpID": 800000063}, "builder": {"elapsedMs": 752.283, "builderMode": "LAH_HOLD_RESUME"}, "builderDetail": {"allocate_ids": {"elapsedMs": 17.147, "holdPathID": 100000025, "resumePathID": 100000026, "holdIndividualID": 900000166, "resumeIndividualID": 900000167}, "split_lah_resume": {"elapsedMs": 361.653, "resumeWaypointCount": 1, "removedWaypointID": 73}, "clone_followups": {"elapsedMs": 234.384, "followUpMissionCount": 2, "followUpPathCount": 2}, "payload_build": {"elapsedMs": 364.281, "hasResume": true, "followUpMissionCount": 2}, "write_json": {"elapsedMs": 5.52, "fileCount": 5}, "totalMs": 752.241}, "status": "ok", "elapsedMs": 759.902}, {"aircraftID": 4, "label": "uav_tracking_4", "mode": "UAV_TRACK", "resolveArtifacts": {"elapsedMs": 0.037, "currentWaypointID": 246, "sourcePathID": 400000017, "sourceImpID": 800000031}, "loadArtifacts": {"elapsedMs": 0.005, "impLoaded": true, "fpLoaded": true}, "cloneAndLocateMission": {"elapsedMs": 0.201, "missionCount": 2, "targetIndex": 0}, "allocateAndPlanUpdate": {"elapsedMs": 8.159, "newImpID": 800000064}, "builder": {"elapsedMs": 391.306, "builderMode": "UAV_TRACK"}, "builderDetail": {"allocate_ids": {"elapsedMs": 153.704, "donePathID": 400000040, "attackPathID": 400000041, "resumePathID": 400000042, "trackingIndividualID": 900000170, "resumeIndividualID": 900000171, "targetWaypointID": 456}, "split_done_resume": {"elapsedMs": 0.973, "sourceSinglePoint": true, "doneWaypointCount": 1, "resumeWaypointCount": 0, "removedWaypointID": 246}, "clone_followups": {"elapsedMs": 176.585, "followUpMissionCount": 1, "followUpPathCount": 1}, "write_json": {"elapsedMs": 52.049, "fileCount": 4}, "totalMs": 388.187}, "trackingState": {"elapsedMs": 3.334}, "status": "ok", "elapsedMs": 403.805}, {"aircraftID": 6, "label": "uav_tracking_6", "mode": "UAV_TRACK", "resolveArtifacts": {"elapsedMs": 0.03, "currentWaypointID": 271, "sourcePathID": 600000020, "sourceImpID": 800000034}, "loadArtifacts": {"elapsedMs": 0.005, "impLoaded": true, "fpLoaded": true}, "cloneAndLocateMission": {"elapsedMs": 0.192, "missionCount": 2, "targetIndex": 0}, "allocateAndPlanUpdate": {"elapsedMs": 8.953, "newImpID": 800000065}, "builder": {"elapsedMs": 325.484, "builderMode": "UAV_TRACK"}, "builderDetail": {"allocate_ids": {"elapsedMs": 141.099, "donePathID": 600000040, "attackPathID": 600000041, "resumePathID": 600000042, "trackingIndividualID": 900000173, "resumeIndividualID": 900000174, "targetWaypointID": 459}, "split_done_resume": {"elapsedMs": 0.853, "sourceSinglePoint": true, "doneWaypointCount": 1, "resumeWaypointCount": 0, "removedWaypointID": 271}, "clone_followups": {"elapsedMs": 144.691, "followUpMissionCount": 1, "followUpPathCount": 1}, "write_json": {"elapsedMs": 31.598, "fileCount": 4}, "totalMs": 322.754}, "trackingState": {"elapsedMs": 7.136}, "status": "ok", "elapsedMs": 342.496}, {"aircraftID": 5, "label": "uav_tracking_5", "mode": "UAV_TRACK", "resolveArtifacts": {"elapsedMs": 0.022, "currentWaypointID": 260, "sourcePathID": 500000014, "sourceImpID": 800000033}, "loadArtifacts": {"elapsedMs": 0.003, "impLoaded": true, "fpLoaded": true}, "cloneAndLocateMission": {"elapsedMs": 0.127, "missionCount": 2, "targetIndex": 0}, "allocateAndPlanUpdate": {"elapsedMs": 6.191, "newImpID": 800000066}, "builder": {"elapsedMs": 338.115, "builderMode": "UAV_TRACK"}, "builderDetail": {"allocate_ids": {"elapsedMs": 164.893, "donePathID": 500000037, "attackPathID": 500000038, "resumePathID": 500000039, "trackingIndividualID": 900000176, "resumeIndividualID": 900000177, "targetWaypointID": 462}, "split_done_resume": {"elapsedMs": 0.818, "sourceSinglePoint": true, "doneWaypointCount": 1, "resumeWaypointCount": 0, "removedWaypointID": 260}, "clone_followups": {"elapsedMs": 132.811, "followUpMissionCount": 1, "followUpPathCount": 1}, "write_json": {"elapsedMs": 33.181, "fileCount": 4}, "totalMs": 335.324}, "trackingState": {"elapsedMs": 8.401}, "status": "ok", "elapsedMs": 353.683}], "totalMs": 4986}
[ATTACK] [ATTACK][TIME] override_total=4986ms
[ATTACK] [TIME] apply_attack_plan_overrides=4993ms
[ATTACK] [TIME] timingMs={"read_source": 14.231, "descriptor_build": 10.087, "write_artifacts": 4998.208, "delivery_wait": 2.593}
[ATTACK] [TIME] total=5026ms
[ATTACK] 분석 로그 저장: C:\Users\TRL98\Desktop\LAH_MUMT\Logs\Scenario_2026-05-21T085327\SBC3\DSS_Internal\log_attack_algorithm_20260521T004808_703625.json
[ATTACK] mark target used: targetIDs=58, 59, 57
[ATTACK-EXCLUDE] ATTACK-EXCLUDE using requested missionPlanID 700000168 (sourcePlanID=700000008)
[ATTACK-EXCLUDE] [PRIOR][UAV] Resume sweep trim applied (cutPoints=7, rawCutPoints=7, doneSweepPoints=0, pathID=400000017).
[ATTACK-EXCLUDE] [PRIOR][UAV] Resume searchSpeed scaled (factor=1.30, waypoints=1).
[ATTACK-EXCLUDE] [PRIOR][UAV] Generated done/resume mission -> aircraft=4 IMP:800000058.json PATHS:400000038.json
[ATTACK-EXCLUDE] [PRIOR][UAV] Resume sweep trim applied (cutPoints=4, rawCutPoints=4, doneSweepPoints=0, pathID=500000014).
[ATTACK-EXCLUDE] [PRIOR][UAV] Resume searchSpeed scaled (factor=1.30, waypoints=1).
[ATTACK-EXCLUDE] [PRIOR][UAV] Generated done/resume mission -> aircraft=5 IMP:800000060.json PATHS:500000035.json
[ATTACK-EXCLUDE] [PRIOR][UAV] Resume sweep trim applied (cutPoints=11, rawCutPoints=11, doneSweepPoints=0, pathID=600000020).
[ATTACK-EXCLUDE] [PRIOR][UAV] Resume searchSpeed scaled (factor=1.30, waypoints=1).
[ATTACK-EXCLUDE] [PRIOR][UAV] Generated done/resume mission -> aircraft=6 IMP:800000061.json PATHS:600000038.json
[ATTACK-EXCLUDE] 공격 배제 MissionPlan 저장 -> 700000168.json (planID=700000168)
[ATTACK-EXCLUDE] ATTACK-EXCLUDE carried area remaining snapshot -> mission_area_snapshot_700000168.json (sourcePlanID=700000008, planID=700000168)
[ATTACK] 공격 임무 계획 완료 (planIds=700000167)
[INFO] UAV params loaded (cruise=40.00, turn_step=15.0)
[INFO] Latest input snapshot → 0201:ID=1,ts=832638838505,src=-, 0203:ID=1,ts=832638838538,src=-
[STEP 0] Using latest 0201 ID 1 (1.json)
[STEP 0] Using latest 0203 ID 1 (1.json)
[CHECK] 0201/0203 필수 데이터 확인 시작
[OK] 0201 inputMissionList 확인됨 (count=3) → 진행
[OK] 0201 availableAircraftList 확인됨 (count=6) → 진행
[OK] 0201 inputMissionPackageType=1 확인
[OK] 0201 mainSensor=1 확인
[CHECK] 0201 기체 수=6 (UAV=3, LAH=3)
[CHECK] 0201 임무: total=3 missingID=0 missingDetail=0 missingShape=0 unknownType=0 typeZeroAuto=0 typeZeroInvalid=0 lineOnlyViolation=0 skippedSinglePoint=0
[OK] 0203 takeOverInfoList 확인됨 (count=3) → 진행
[OK] 0203 handOverInfoList 확인됨 (count=3) → 진행
[OK] 0203 flightAreaList 확인됨 (count=1) → 진행
[CHECK] 0203 flightAreaList count=1
[INFO] 임무 진행영역 스냅샷 적용: sourcePlan=700000008, updated=2, done=0
[INFO] 임무 진행영역 재계획 collapse 적용: groups=2, normalized=2, 3
[INFO] Filtered completed input missions (removed=1, converted=-, widthAdjusted=-, skippedSinglePoint=-, snapshot=updated=2, done=0, collapse=groups=2, normalized=2,3)
[REPLAN][TIME] variant_started_ms=5063.5 wall_ms=1779324488725 variant=1 option=3 mode=attack_exclusion
[variant 1] 공격 배제 병렬 결과 병합
[REPLAN][TIME] attack_exclusion_parallel_joined_ms=5071.4 wall_ms=1779324488733 variant=1 duration_ms=2056.83 wait_ms=0.009
[OK] 공격 배제 variant 저장: MissionPlanID=700000168 (elapsed=2056.8 ms)
[INFO] Option mapping #1: planID=700000168, optionCode=3(공격배제)
[REPLAN][TIME] variant_finished_ms=5071.5 wall_ms=1779324488733 variant=1 option=3 mode=attack_exclusion status=success duration_ms=2056.83
[OK] Stored mission data: MissionPlan=1, IndividualMission=0, FlightPath=0
[REPLAN][TIME] id_tab_update_deferred_ms=5072.4 wall_ms=1779324488734
[REPLAN][TIME] pipeline_done_ms=5072.5 wall_ms=1779324488734 plans=2 force_direct=False
[REPLAN][TIME] 0301_queued_ms=5072.5 wall_ms=1779324488734 plans=2
[STEP 4] 0301 push queued (planIds=700000167, 700000168)
[0301] missionPlanID=700000167 전송
[0301] missionPlanID=700000168 전송
[PUSH] 0301 direct batch send
[REPLAN][TIME] 0301_sent_ms=5343.9 wall_ms=1779324489006 plans=2
[REPLAN][TIME] post_0301_delivery_queued_ms=5344.5 wall_ms=1779324489006 grace_ms=0 timeout_ms=20 force_direct=0 mode=option_or_0901
[INFO] Post-0301 apply queued (mode=option_or_0901, grace=0ms, timeout=20ms, plans=2)
[REPLAN][TIME] 0305_status_2_ms=5346.8 wall_ms=1779324489009 reason=표적58 등 3개 발견
[0305] status=2, reason=표적58 등 3개 발견, elapsed=5.34s 전송
[REPLAN][TIME] post_0301_completion_ready_ms=5347.7 wall_ms=1779324489010 mode=option_or_0901
[REPLAN][METRIC] source_artifact_cache entries=24 hits=42 misses=24
[INFO] Post-0301 ready (timeout) -> sending 0901
[REPLAN][TIME] post_0301_flushed_ms=5368.1 wall_ms=1779324489030 delivery=0901 trigger=timeout
[REPLAN][TIME] 0901_sent_ms=5370.9 wall_ms=1779324489033 options=2
[0901] option request sent (count=2, codes=2(공격특화), 3(공격배제))
[REPLAN][TIME] id_tab_update_flushed_ms=5372.0 wall_ms=1779324489034
[REPLAN][TIME] 0902_received_ms=0.3 wall_ms=1779324530760 trigger=attack_2_option replanLevel=2 optionCount=2 forceDirect=0
[REPLAN][TIME] 0902_archived_ms=1.3 wall_ms=1779324530761 path=replan_request_832639729464.json
[AUTO] 0902 received (planIds=700000339, 700000340)
[REPLAN][TIME] pipeline_scheduled_ms=2.3 wall_ms=1779324530762 delay_ms=0
[REPLAN][TIME] scheduled_start_ms=3.1 wall_ms=1779324530762
[REPLAN][TIME] 0305_status_1_ms=4.8 wall_ms=1779324530764 reason=표적58 등 3개 발견
[0305] status=1, reason=표적58 등 3개 발견 전송
[INFO] Using latest 0203 ID 1 for missionReferencePackageID (fallback)
[STEP 0] Replan pipeline start (reason=표적58 등 3개 발견)
[REPLAN][TIME] attack_exclusion_parallel_started_ms=10.8 wall_ms=1779324530770 option_index=2 sourcePlanID=700000008
[ATTACK-EXCLUDE] parallel generation started (sourcePlanID=700000008, optionIndex=2)
[ATTACK] 공격 특화 재계획 요청 감지 → 전용 파이프라인 실행
[ATTACK] [TIME] select_manned_aircraft=10ms
[ATTACK] STEP1 Selected manned aircraft: aircraft 2 (fuel=1200.0, coord=(37.722660064697266, 128.1003875732422, alt=1200))
[ATTACK] [TIME] load_target_entries=1ms
[ATTACK] STEP2 UAV tracking summary: watcher 6?’target 59, watcher 4?’target 59, watcher 5?’target 60, watcher 6?’target 62, watcher 5?’target 57, watcher 4?’target 58, watcher 4?’target unknown-2, watcher 4?’target unknown-4, watcher 4?’target unknown-5, watcher 4?’target unknown-8, watcher 5?’target unknown-1, watcher 5?’target unknown-11, watcher 5?’target unknown-3, watcher 5?’target unknown-6, watcher 5?’target unknown-9, watcher 6?’target unknown-10, watcher 6?’target unknown-13, watcher 6?’target unknown-14, watcher 6?’target unknown-15, watcher 6?’target unknown-7, watcher 4?’target 53, watcher 6?’target 54, watcher 4?’target 55, watcher 5?’target 56, watcher 6?’target 61
[ATTACK] STEP2.5 Using bundled 0402 targets: target=58 watcher=4, target=59 watcher=6, target=57 watcher=5
[ATTACK] STEP2.6 Multi-target manned selection: 2, 3
[ATTACK] [ATTACK] Selected target id=58 type=1 weaponType=2 (preferred=2, ammo={'type1': 500, 'type2': 7, 'type3': 2})
[ATTACK] [TIME] compute_attack_point=2ms
[ATTACK] STEP3 Attack plan completed: lat=37.898979, lon=128.165665, alt=983m
[ATTACK] [ATTACK] Using remembered waypoint 246 for watcher 4 while auto-tracking.
[ATTACK] [ATTACK] Weapon choice aircraft=2 preferred=2 selected=2 ammo={'type1': 500, 'type2': 7, 'type3': 2}
[ATTACK] [ATTACK][ETA] Tracking ETA computed with LAH max attack speed (dist=20427.3m, speed=73.61m/s, +30s) -> 308s
[ATTACK] [ATTACK] Using requested missionPlanID 700000339 (sourcePlanID=700000008)
[ATTACK] [ATTACK][ETA] All UAVs tracking; using average ETA: 307s (from 3 values: [306, 307, 307])
[ATTACK] [ATTACK][ETA] All tracking ETAs unified to 307s
[ATTACK] [ATTACK][COLLAB] Remaining UAV entry lookahead applied: 9.0s (pathFollow=3, linearFallback=3, currentOnly=0)
[ATTACK] [PRIOR] Falling back to first mission for aircraft 2 (current waypoint not found in plan).
[ATTACK] [ATTACK][LAH] Inferred current waypoint from position -> 79.
[ATTACK] [ATTACK][LAH] Dropped current waypoint from resume path (currentWP=79, nextWP=80).
[ATTACK] [ATTACK][LAH] Using max attack speed 73.61m/s (265.0km/h) for aircraft 2.
[ATTACK] [ATTACK][LAH] Preserved completed prefix, built sequential attack missions, and reattached 2 follow-up mission(s) for aircraft 2.
[ATTACK] [ATTACK][LAH] Generated sequential attack/resume missions -> IMP:800000068.json attacks=2 resume=200000033.json (followUps=2)
[ATTACK] [PRIOR] Falling back to first mission for aircraft 3 (current waypoint not found in plan).
[ATTACK] [ATTACK][LAH] Using max attack speed 73.61m/s (265.0km/h) for aircraft 3.
[ATTACK] [ATTACK][LAH] Inferred current waypoint from position -> 85.
[ATTACK] [ATTACK][LAH] Dropped current waypoint from resume path (currentWP=85, nextWP=86).
[ATTACK] [ATTACK][LAH] Preserved completed prefix, inserted attack, and reattached 2 follow-up mission(s).
[ATTACK] [ATTACK][LAH] Generated attack/resume missions -> IMP:800000071.json PATHS:300000030.json/300000031.json (followUps=2)
[ATTACK] [PRIOR] Falling back to first mission for aircraft 1 (current waypoint not found in plan).
[ATTACK] [ATTACK][LAH] Inferred current waypoint from position -> 73.
[ATTACK] [ATTACK][LAH] Dropped current waypoint from resume path (currentWP=73, nextWP=74).
[ATTACK] [ATTACK][LAH] Preserved completed prefix, inserted hold, and reattached 2 follow-up mission(s).
[ATTACK] [ATTACK][LAH] Generated hold/resume missions -> IMP:800000072.json PATHS:100000029.json/100000030.json (followUps=2)
[ATTACK] [ATTACK][COLLAB] Collaborative replan skipped: no remaining source UAVs for current input.
[ATTACK] [ATTACK][UAV] Tracking target altitude kept for sensor only; flight altitude replaced 683m -> 1868m.
[ATTACK] [ATTACK][UAV] Source path has a single waypoint; preserving it as done and skipping done/resume split.
[ATTACK] [ATTACK][UAV] Preserved completed prefix, inserted tracking, and reattached 1 follow-up mission(s).
[ATTACK] [ATTACK][UAV] Generated tracking-only mission -> IMP:800000073.json PATH:400000048.json (followUps=1, resumeSkipped=true)
[ATTACK] [ATTACK][UAV] Tracking assignment state saved (aircraft=4, sourcePlan=700000008, attackPlan=700000339).
[ATTACK] [ATTACK][UAV] Tracking target altitude kept for sensor only; flight altitude replaced 675m -> 1965m.
[ATTACK] [ATTACK][UAV] Source path has a single waypoint; preserving it as done and skipping done/resume split.
[ATTACK] [ATTACK][UAV] Preserved completed prefix, inserted tracking, and reattached 1 follow-up mission(s).
[ATTACK] [ATTACK][UAV] Generated tracking-only mission -> IMP:800000074.json PATH:600000048.json (followUps=1, resumeSkipped=true)
[ATTACK] [ATTACK][UAV] Tracking assignment state saved (aircraft=6, sourcePlan=700000008, attackPlan=700000339).
[ATTACK] [ATTACK][UAV] Tracking target altitude kept for sensor only; flight altitude replaced 694m -> 1956m.
[ATTACK] [ATTACK][UAV] Source path has a single waypoint; preserving it as done and skipping done/resume split.
[ATTACK] [ATTACK][UAV] Preserved completed prefix, inserted tracking, and reattached 1 follow-up mission(s).
[ATTACK] [ATTACK][UAV] Generated tracking-only mission -> IMP:800000075.json PATH:500000045.json (followUps=1, resumeSkipped=true)
[ATTACK] [ATTACK][UAV] Tracking assignment state saved (aircraft=5, sourcePlan=700000008, attackPlan=700000339).
[ATTACK] [ATTACK][PLAN] carried area remaining snapshot -> mission_area_snapshot_700000339.json (sourcePlanID=700000008, planID=700000339)
[ATTACK] [ATTACK][PLAN] MissionPlan saved -> 700000339.json (planID=700000339)
[ATTACK] [ATTACK][TIME] override_detail={"phases": {"metadata_normalize": {"elapsedMs": 0.006, "attackTargetCount": 3, "selectedMannedCount": 2}, "agent_index": {"elapsedMs": 0.081, "aircraftCount": 6}, "weapon_choice": {"elapsedMs": 2.417, "selectedWeaponType": 2, "ammoAvailable": true}, "initial_tracking_eta": {"elapsedMs": 0.822, "useDetectionTracking": true, "trackingEtaS": 308}, "resolve_source_plan": {"elapsedMs": 1.047, "sourcePlanID": 700000008}, "source_plan_load": {"elapsedMs": 0.371, "sourcePlanID": 700000008, "aircraftCount": 6}, "sweep_progress_load": {"elapsedMs": 0.431, "entries": 18}, "plan_id_resolve": {"elapsedMs": 0.018, "requested": true, "missionPlanID": 700000339}, "source_artifact_cache_build": {"elapsedMs": 0.014, "aircraftEntries": 6}, "done_input_ids_load": {"elapsedMs": 1.001, "count": 1}, "plan_deepcopy": {"elapsedMs": 0.052}, "target_uav_assignment": {"elapsedMs": 0.489, "assignedTargetCount": 3, "usedTrackingUavCount": 3}, "manned_sequence_assignment": {"elapsedMs": 20.493, "aircraftCount": 2, "error": null}, "attack_coordinate_resolution": {"elapsedMs": 5.103, "resolvedCount": 3, "mannedSequenceCount": 3}, "remaining_eta": {"elapsedMs": 0.594, "allUavCount": 3, "trackingUavCount": 3, "computedEtaCount": 3, "adjustedEtaS": 307}, "descriptor_list_build": {"elapsedMs": 0.046, "descriptorCount": 6, "activeMannedCount": 2, "otherLahCount": 1, "otherUavCount": 0}, "collab_tracking_scan": {"elapsedMs": 5.04, "inputCount": 1, "unavailableUavCount": 3}, "collab_agent_state_map": {"elapsedMs": 20.655, "aircraftCount": 6}, "collab_parallel_started": {"elapsedMs": 0.68, "inputCount": 1, "workers": 1}, "collab_parallel_join": {"elapsedMs": 0.587, "waitReason": "UAV_TRACK", "inputCount": 1}, "descriptor_loop": {"elapsedMs": 5482.958, "descriptorCount": 6, "updateCount": 6}, "mission_plan_write": {"elapsedMs": 10.44, "missionPlanID": 700000339}, "option_meta_build": {"elapsedMs": 0.04, "targetCount": 3, "collabInputCount": 0}}, "collabRuns": [{"inputMissionID": 2, "unavailableAircraftIDs": [4, 5, 6], "elapsedMs": 13.59, "status": "skipped"}], "descriptorDetails": [{"aircraftID": 2, "label": "manned", "mode": "LAH_ATTACK", "resolveArtifacts": {"elapsedMs": 0.904, "currentWaypointID": null, "sourcePathID": 200000001, "sourceImpID": 800000008}, "loadArtifacts": {"elapsedMs": 0.004, "impLoaded": true, "fpLoaded": true}, "cloneAndLocateMission": {"elapsedMs": 0.122, "missionCount": 3, "targetIndex": 0}, "allocateAndPlanUpdate": {"elapsedMs": 110.621, "newImpID": 800000068}, "builder": {"elapsedMs": 2173.879, "builderMode": "LAH_ATTACK"}, "status": "ok", "elapsedMs": 2285.653}, {"aircraftID": 3, "label": "manned", "mode": "LAH_ATTACK", "resolveArtifacts": {"elapsedMs": 0.525, "currentWaypointID": null, "sourcePathID": 300000001, "sourceImpID": 800000009}, "loadArtifacts": {"elapsedMs": 0.005, "impLoaded": true, "fpLoaded": true}, "cloneAndLocateMission": {"elapsedMs": 0.162, "missionCount": 3, "targetIndex": 0}, "allocateAndPlanUpdate": {"elapsedMs": 8.173, "newImpID": 800000071}, "builder": {"elapsedMs": 1185.815, "builderMode": "LAH_ATTACK"}, "builderDetail": {"allocate_ids": {"elapsedMs": 287.03, "attackPathID": 300000030, "resumePathID": 300000031, "attackIndividualID": 900000190, "resumeIndividualID": 900000191, "entryWaypointID": 486, "attackWaypointID": 487}, "split_lah_resume": {"elapsedMs": 457.966, "resumeWaypointCount": 1, "removedWaypointID": 85}, "clone_followups": {"elapsedMs": 303.554, "followUpMissionCount": 2, "followUpPathCount": 2}, "payload_build": {"elapsedMs": 127.06, "hasResume": true, "followUpMissionCount": 2, "attackSpeedMps": 73.61}, "write_json": {"elapsedMs": 5.383, "fileCount": 5}, "totalMs": 1183.966}, "status": "ok", "elapsedMs": 1194.811}, {"aircraftID": 1, "label": "lah_hold_1", "mode": "LAH_HOLD_RESUME", "resolveArtifacts": {"elapsedMs": 0.491, "currentWaypointID": null, "sourcePathID": 100000001, "sourceImpID": 800000007}, "loadArtifacts": {"elapsedMs": 0.005, "impLoaded": true, "fpLoaded": true}, "cloneAndLocateMission": {"elapsedMs": 0.123, "missionCount": 3, "targetIndex": 0}, "allocateAndPlanUpdate": {"elapsedMs": 6.329, "newImpID": 800000072}, "builder": {"elapsedMs": 815.959, "builderMode": "LAH_HOLD_RESUME"}, "builderDetail": {"allocate_ids": {"elapsedMs": 17.592, "holdPathID": 100000029, "resumePathID": 100000030, "holdIndividualID": 900000194, "resumeIndividualID": 900000195}, "split_lah_resume": {"elapsedMs": 410.373, "resumeWaypointCount": 1, "removedWaypointID": 73}, "clone_followups": {"elapsedMs": 244.152, "followUpMissionCount": 2, "followUpPathCount": 2}, "payload_build": {"elapsedMs": 379.081, "hasResume": true, "followUpMissionCount": 2}, "write_json": {"elapsedMs": 5.387, "fileCount": 5}, "totalMs": 815.92}, "status": "ok", "elapsedMs": 823.021}, {"aircraftID": 4, "label": "uav_tracking_4", "mode": "UAV_TRACK", "resolveArtifacts": {"elapsedMs": 0.028, "currentWaypointID": 246, "sourcePathID": 400000017, "sourceImpID": 800000031}, "loadArtifacts": {"elapsedMs": 0.003, "impLoaded": true, "fpLoaded": true}, "cloneAndLocateMission": {"elapsedMs": 0.171, "missionCount": 2, "targetIndex": 0}, "allocateAndPlanUpdate": {"elapsedMs": 7.386, "newImpID": 800000073}, "builder": {"elapsedMs": 359.566, "builderMode": "UAV_TRACK"}, "builderDetail": {"allocate_ids": {"elapsedMs": 167.833, "donePathID": 400000047, "attackPathID": 400000048, "resumePathID": 400000049, "trackingIndividualID": 900000198, "resumeIndividualID": 900000199, "targetWaypointID": 504}, "split_done_resume": {"elapsedMs": 0.954, "sourceSinglePoint": true, "doneWaypointCount": 1, "resumeWaypointCount": 0, "removedWaypointID": 246}, "clone_followups": {"elapsedMs": 147.574, "followUpMissionCount": 1, "followUpPathCount": 1}, "write_json": {"elapsedMs": 34.682, "fileCount": 4}, "totalMs": 355.808}, "trackingState": {"elapsedMs": 2.432}, "status": "ok", "elapsedMs": 370.439}, {"aircraftID": 6, "label": "uav_tracking_6", "mode": "UAV_TRACK", "resolveArtifacts": {"elapsedMs": 0.024, "currentWaypointID": 271, "sourcePathID": 600000020, "sourceImpID": 800000034}, "loadArtifacts": {"elapsedMs": 0.003, "impLoaded": true, "fpLoaded": true}, "cloneAndLocateMission": {"elapsedMs": 0.135, "missionCount": 2, "targetIndex": 0}, "allocateAndPlanUpdate": {"elapsedMs": 7.112, "newImpID": 800000074}, "builder": {"elapsedMs": 369.124, "builderMode": "UAV_TRACK"}, "builderDetail": {"allocate_ids": {"elapsedMs": 165.575, "donePathID": 600000047, "attackPathID": 600000048, "resumePathID": 600000049, "trackingIndividualID": 900000201, "resumeIndividualID": 900000202, "targetWaypointID": 507}, "split_done_resume": {"elapsedMs": 1.08, "sourceSinglePoint": true, "doneWaypointCount": 1, "resumeWaypointCount": 0, "removedWaypointID": 271}, "clone_followups": {"elapsedMs": 159.858, "followUpMissionCount": 1, "followUpPathCount": 1}, "write_json": {"elapsedMs": 34.578, "fileCount": 4}, "totalMs": 365.29}, "trackingState": {"elapsedMs": 7.738}, "status": "ok", "elapsedMs": 384.934}, {"aircraftID": 5, "label": "uav_tracking_5", "mode": "UAV_TRACK", "resolveArtifacts": {"elapsedMs": 0.023, "currentWaypointID": 260, "sourcePathID": 500000014, "sourceImpID": 800000033}, "loadArtifacts": {"elapsedMs": 0.003, "impLoaded": true, "fpLoaded": true}, "cloneAndLocateMission": {"elapsedMs": 0.139, "missionCount": 2, "targetIndex": 0}, "allocateAndPlanUpdate": {"elapsedMs": 7.483, "newImpID": 800000075}, "builder": {"elapsedMs": 406.239, "builderMode": "UAV_TRACK"}, "builderDetail": {"allocate_ids": {"elapsedMs": 175.626, "donePathID": 500000044, "attackPathID": 500000045, "resumePathID": 500000046, "trackingIndividualID": 900000204, "resumeIndividualID": 900000205, "targetWaypointID": 510}, "split_done_resume": {"elapsedMs": 0.952, "sourceSinglePoint": true, "doneWaypointCount": 1, "resumeWaypointCount": 0, "removedWaypointID": 260}, "clone_followups": {"elapsedMs": 191.033, "followUpMissionCount": 1, "followUpPathCount": 1}, "write_json": {"elapsedMs": 31.872, "fileCount": 4}, "totalMs": 403.646}, "trackingState": {"elapsedMs": 8.344}, "status": "ok", "elapsedMs": 422.941}], "totalMs": 5550}
[ATTACK] [ATTACK][TIME] override_total=5550ms
[ATTACK] [TIME] apply_attack_plan_overrides=5557ms
[ATTACK] [TIME] timingMs={"read_source": 12.101, "descriptor_build": 10.146, "write_artifacts": 5562.015, "delivery_wait": 2.933}
[ATTACK] [TIME] total=5588ms
[ATTACK] 분석 로그 저장: C:\Users\TRL98\Desktop\LAH_MUMT\Logs\Scenario_2026-05-21T085327\SBC3\DSS_Internal\log_attack_algorithm_20260521T004856_358823.json
[ATTACK] mark target used: targetIDs=58, 59, 57
[ATTACK-EXCLUDE] ATTACK-EXCLUDE using requested missionPlanID 700000340 (sourcePlanID=700000008)
[ATTACK-EXCLUDE] [PRIOR][UAV] Resume sweep trim applied (cutPoints=7, rawCutPoints=7, doneSweepPoints=0, pathID=400000017).
[ATTACK-EXCLUDE] [PRIOR][UAV] Resume searchSpeed scaled (factor=1.30, waypoints=1).
[ATTACK-EXCLUDE] [PRIOR][UAV] Generated done/resume mission -> aircraft=4 IMP:800000067.json PATHS:400000045.json
[ATTACK-EXCLUDE] [PRIOR][UAV] Resume sweep trim applied (cutPoints=4, rawCutPoints=4, doneSweepPoints=0, pathID=500000014).
[ATTACK-EXCLUDE] [PRIOR][UAV] Resume searchSpeed scaled (factor=1.30, waypoints=1).
[ATTACK-EXCLUDE] [PRIOR][UAV] Generated done/resume mission -> aircraft=5 IMP:800000069.json PATHS:500000042.json
[ATTACK-EXCLUDE] [PRIOR][UAV] Resume sweep trim applied (cutPoints=11, rawCutPoints=11, doneSweepPoints=0, pathID=600000020).
[ATTACK-EXCLUDE] [PRIOR][UAV] Resume searchSpeed scaled (factor=1.30, waypoints=1).
[ATTACK-EXCLUDE] [PRIOR][UAV] Generated done/resume mission -> aircraft=6 IMP:800000070.json PATHS:600000045.json
[ATTACK-EXCLUDE] 공격 배제 MissionPlan 저장 -> 700000340.json (planID=700000340)
[ATTACK-EXCLUDE] ATTACK-EXCLUDE carried area remaining snapshot -> mission_area_snapshot_700000340.json (sourcePlanID=700000008, planID=700000340)
[ATTACK] 공격 임무 계획 완료 (planIds=700000339)
[INFO] UAV params loaded (cruise=40.00, turn_step=15.0)
[INFO] Latest input snapshot → 0201:ID=1,ts=832638838505,src=-, 0203:ID=1,ts=832638838538,src=-
[STEP 0] Using latest 0201 ID 1 (1.json)
[STEP 0] Using latest 0203 ID 1 (1.json)
[CHECK] 0201/0203 필수 데이터 확인 시작
[OK] 0201 inputMissionList 확인됨 (count=3) → 진행
[OK] 0201 availableAircraftList 확인됨 (count=6) → 진행
[OK] 0201 inputMissionPackageType=1 확인
[OK] 0201 mainSensor=1 확인
[CHECK] 0201 기체 수=6 (UAV=3, LAH=3)
[CHECK] 0201 임무: total=3 missingID=0 missingDetail=0 missingShape=0 unknownType=0 typeZeroAuto=0 typeZeroInvalid=0 lineOnlyViolation=0 skippedSinglePoint=0
[OK] 0203 takeOverInfoList 확인됨 (count=3) → 진행
[OK] 0203 handOverInfoList 확인됨 (count=3) → 진행
[OK] 0203 flightAreaList 확인됨 (count=1) → 진행
[CHECK] 0203 flightAreaList count=1
[INFO] 임무 진행영역 스냅샷 적용: sourcePlan=700000008, updated=2, done=0
[INFO] 임무 진행영역 재계획 collapse 적용: groups=2, normalized=2, 3
[INFO] Filtered completed input missions (removed=1, converted=-, widthAdjusted=-, skippedSinglePoint=-, snapshot=updated=2, done=0, collapse=groups=2, normalized=2,3)
[REPLAN][TIME] variant_started_ms=5622.7 wall_ms=1779324536382 variant=1 option=3 mode=attack_exclusion
[variant 1] 공격 배제 병렬 결과 병합
[REPLAN][TIME] attack_exclusion_parallel_joined_ms=5627.8 wall_ms=1779324536387 variant=1 duration_ms=2254.957 wait_ms=0.008
[OK] 공격 배제 variant 저장: MissionPlanID=700000340 (elapsed=2255.0 ms)
[INFO] Option mapping #1: planID=700000340, optionCode=3(공격배제)
[REPLAN][TIME] variant_finished_ms=5628.0 wall_ms=1779324536387 variant=1 option=3 mode=attack_exclusion status=success duration_ms=2254.957
[OK] Stored mission data: MissionPlan=1, IndividualMission=0, FlightPath=0
[REPLAN][TIME] id_tab_update_deferred_ms=5628.7 wall_ms=1779324536388
[REPLAN][TIME] pipeline_done_ms=5628.8 wall_ms=1779324536388 plans=2 force_direct=False
[REPLAN][TIME] 0301_queued_ms=5628.8 wall_ms=1779324536388 plans=2
[STEP 4] 0301 push queued (planIds=700000339, 700000340)
[0301] missionPlanID=700000339 전송
[0301] missionPlanID=700000340 전송
[PUSH] 0301 direct batch send
[REPLAN][TIME] 0301_sent_ms=5993.0 wall_ms=1779324536752 plans=2
[REPLAN][TIME] post_0301_delivery_queued_ms=5993.6 wall_ms=1779324536753 grace_ms=0 timeout_ms=20 force_direct=0 mode=option_or_0901
[INFO] Post-0301 apply queued (mode=option_or_0901, grace=0ms, timeout=20ms, plans=2)
[REPLAN][TIME] 0305_status_2_ms=5996.3 wall_ms=1779324536755 reason=표적58 등 3개 발견
[0305] status=2, reason=표적58 등 3개 발견, elapsed=5.99s 전송
[REPLAN][TIME] post_0301_completion_ready_ms=5997.7 wall_ms=1779324536757 mode=option_or_0901
[REPLAN][METRIC] source_artifact_cache entries=24 hits=42 misses=24
[INFO] Post-0301 ready (timeout) -> sending 0901
[REPLAN][TIME] post_0301_flushed_ms=6020.7 wall_ms=1779324536780 delivery=0901 trigger=timeout
[REPLAN][TIME] 0901_sent_ms=6023.3 wall_ms=1779324536782 options=2
[0901] option request sent (count=2, codes=2(공격특화), 3(공격배제))
[REPLAN][TIME] id_tab_update_flushed_ms=6024.7 wall_ms=1779324536784
[REPLAN][TIME] 0902_received_ms=0.2 wall_ms=1779324564675 trigger=attack_2_option replanLevel=2 optionCount=2 forceDirect=0
[REPLAN][TIME] 0902_archived_ms=1.1 wall_ms=1779324564676 path=replan_request_832639763760.json
[AUTO] 0902 received (planIds=700000455, 700000456)
[REPLAN][TIME] pipeline_scheduled_ms=2.3 wall_ms=1779324564677 delay_ms=0
[REPLAN][TIME] scheduled_start_ms=3.2 wall_ms=1779324564678
[REPLAN][TIME] 0305_status_1_ms=5.5 wall_ms=1779324564681 reason=표적63 발견 재계획
[0305] status=1, reason=표적63 발견 재계획 전송
[INFO] Using latest 0203 ID 1 for missionReferencePackageID (fallback)
[STEP 0] Replan pipeline start (reason=표적63 발견 재계획)
[REPLAN][TIME] attack_exclusion_parallel_started_ms=11.0 wall_ms=1779324564686 option_index=2 sourcePlanID=700000340
[ATTACK-EXCLUDE] parallel generation started (sourcePlanID=700000340, optionIndex=2)
[ATTACK] 공격 특화 재계획 요청 감지 → 전용 파이프라인 실행
[ATTACK] [TIME] select_manned_aircraft=10ms
[ATTACK] STEP1 Selected manned aircraft: aircraft 2 (fuel=1200.0, coord=(37.722660064697266, 128.1003875732422, alt=1200))
[ATTACK] [TIME] load_target_entries=1ms
[ATTACK] STEP2 UAV tracking summary: watcher 4?’target 63, watcher 5?’target 57, watcher 4?’target 58, watcher 4?’target unknown-2, watcher 4?’target unknown-4, watcher 4?’target unknown-5, watcher 4?’target unknown-8, watcher 5?’target unknown-1, watcher 5?’target unknown-11, watcher 5?’target unknown-3, watcher 5?’target unknown-6, watcher 5?’target unknown-9, watcher 6?’target unknown-10, watcher 6?’target unknown-13, watcher 6?’target unknown-14, watcher 6?’target unknown-15, watcher 6?’target unknown-7, watcher 4?’target 53, watcher 6?’target 54, watcher 4?’target 55, watcher 5?’target 56, watcher 6?’target 59, watcher 4?’target 59, watcher 5?’target 60, watcher 6?’target 61, watcher 6?’target 62
[ATTACK] STEP2.5 Using bundled 0402 targets: target=63 watcher=4
[ATTACK] [ATTACK] Selected target id=63 type=1 weaponType=2 (preferred=2, ammo={'type1': 500, 'type2': 7, 'type3': 2})
[ATTACK] [TIME] compute_attack_point=6ms
[ATTACK] STEP3 Attack plan completed: lat=37.894953, lon=128.179839, alt=975m
[ATTACK] [ATTACK] Weapon choice aircraft=2 preferred=2 selected=2 ammo={'type1': 500, 'type2': 7, 'type3': 2}
[ATTACK] [ATTACK][ETA] Tracking ETA computed with LAH max attack speed (dist=20390.0m, speed=73.61m/s, +30s) -> 307s
[ATTACK] [ATTACK] Using requested missionPlanID 700000455 (sourcePlanID=700000340)
[ATTACK] [ATTACK][POINT] Primary target adaptive standoff mode=candidate_within_standoff currentDist=22390.0004999743m candidateDist=1999.9999999996437m standoff=300.0/2000.0m.
[ATTACK] [PRIOR] Falling back to first mission for aircraft 5 (current waypoint not found in plan).
[ATTACK] [PRIOR] Falling back to first mission for aircraft 6 (current waypoint not found in plan).
[ATTACK] [ATTACK][ETA] Non-tracking UAV remaining time unavailable; keeping computed ETA.
[ATTACK] [PRIOR] Falling back to first mission for aircraft 4 (current waypoint not found in plan).
[ATTACK] [ATTACK][COLLAB] Remaining UAV entry lookahead applied: 9.0s (pathFollow=0, linearFallback=6, currentOnly=0)
[ATTACK] [PRIOR] Falling back to first mission for aircraft 2 (current waypoint not found in plan).
[FOV_DB] loaded 7010 rows, 7008 unique widths, path=C:\Users\TRL98\Desktop\LAH_MUMT\branNew\KU\DSS_KU\resource\db\fov_db.csv
[ATTACK] [ATTACK][LAH] Using max attack speed 73.61m/s (265.0km/h) for aircraft 2.
[ATTACK] [ATTACK][LAH] Inferred current waypoint from position -> 79.
[ATTACK] [ATTACK][LAH] Dropped current waypoint from resume path (currentWP=79, nextWP=80).
[ATTACK] [ATTACK][LAH] Preserved completed prefix, inserted attack, and reattached 2 follow-up mission(s).
[ATTACK] [ATTACK][LAH] Generated attack/resume missions -> IMP:800000077.json PATHS:200000036.json/200000037.json (followUps=2)
[ATTACK] [PRIOR] Falling back to first mission for aircraft 1 (current waypoint not found in plan).
[ATTACK] [ATTACK][LAH] Inferred current waypoint from position -> 73.
[ATTACK] [ATTACK][LAH] Dropped current waypoint from resume path (currentWP=73, nextWP=74).
[ATTACK] [ATTACK][LAH] Preserved completed prefix, inserted hold, and reattached 2 follow-up mission(s).
[ATTACK] [ATTACK][LAH] Generated hold/resume missions -> IMP:800000079.json PATHS:100000033.json/100000034.json (followUps=2)
[ATTACK] [PRIOR] Falling back to first mission for aircraft 3 (current waypoint not found in plan).
[ATTACK] [ATTACK][LAH] Inferred current waypoint from position -> 85.
[ATTACK] [ATTACK][LAH] Dropped current waypoint from resume path (currentWP=85, nextWP=86).
[ATTACK] [ATTACK][LAH] Preserved completed prefix, inserted hold, and reattached 2 follow-up mission(s).
[ATTACK] [ATTACK][LAH] Generated hold/resume missions -> IMP:800000083.json PATHS:300000034.json/300000035.json (followUps=2)
[ATTACK] [NEXTCOLLAB] division planner area-division pieces=2
[ATTACK] [NEXTCOLLAB] division planner final workflow=no_split paths=2
[ATTACK] [ATTACK][COLLAB] Collaborative replacement IMP written (aircraft=5, imp=800000081.json, missions=1).
[ATTACK] [ATTACK][COLLAB] Collaborative replacement IMP written (aircraft=6, imp=800000082.json, missions=1).
[ATTACK] [ATTACK][COLLAB] First sweep searchSpeed boosted (aircraft=5, pathID=500000048, waypointID=532, factor=1.30, old=2757.34, new=3584.55).
[ATTACK] [ATTACK][COLLAB] First sweep searchSpeed boosted (aircraft=6, pathID=600000051, waypointID=544, factor=1.30, old=2207.52, new=2869.77).
[ATTACK] [ATTACK][COLLAB] Collaborative remaining mission replanned (inputMissionID=2, unavailable=[4], remaining=[5, 6], workflow=no_split).
[ATTACK] [PRIOR] Falling back to first mission for aircraft 4 (current waypoint not found in plan).
[ATTACK] [ATTACK][UAV] Tracking target altitude kept for sensor only; flight altitude replaced 675m -> 1868m.
[ATTACK] [ATTACK][UAV] Source path has a single waypoint; preserving it as done and skipping done/resume split.
[ATTACK] [ATTACK][COLLAB] Tracking UAV resume replaced with release transit (aircraft=4, targetFinishEta=42, speed=58.0m/s).
[ATTACK] [ATTACK][UAV] Preserved completed prefix, inserted tracking, and reattached 1 follow-up mission(s).
[ATTACK] [ATTACK][UAV] Generated tracking/resume missions -> IMP:800000084.json PATHS:400000055.json/400000056.json (followUps=1)
[ATTACK] [ATTACK][UAV] Tracking assignment state saved (aircraft=4, sourcePlan=700000340, attackPlan=700000455).
[ATTACK] [PRIOR] Falling back to first mission for aircraft 5 (current waypoint not found in plan).
[ATTACK] [ATTACK][COLLAB] Aircraft 5 handled by collaborative remaining replan (inputMissionID=2).
[ATTACK] [PRIOR] Falling back to first mission for aircraft 6 (current waypoint not found in plan).
[ATTACK] [ATTACK][COLLAB] Aircraft 6 handled by collaborative remaining replan (inputMissionID=2).
[ATTACK] [ATTACK][PLAN] carried area remaining snapshot -> mission_area_snapshot_700000455.json (sourcePlanID=700000340, planID=700000455)
[ATTACK] [ATTACK][PLAN] MissionPlan saved -> 700000455.json (planID=700000455)
[ATTACK] [ATTACK][TIME] override_detail={"phases": {"metadata_normalize": {"elapsedMs": 0.006, "attackTargetCount": 1, "selectedMannedCount": 1}, "agent_index": {"elapsedMs": 0.1, "aircraftCount": 6}, "weapon_choice": {"elapsedMs": 6.111, "selectedWeaponType": 2, "ammoAvailable": true}, "initial_tracking_eta": {"elapsedMs": 0.713, "useDetectionTracking": true, "trackingEtaS": 307}, "resolve_source_plan": {"elapsedMs": 3.656, "sourcePlanID": 700000340}, "source_plan_load": {"elapsedMs": 0.691, "sourcePlanID": 700000340, "aircraftCount": 6}, "sweep_progress_load": {"elapsedMs": 0.756, "entries": 24}, "plan_id_resolve": {"elapsedMs": 0.018, "requested": true, "missionPlanID": 700000455}, "source_artifact_cache_build": {"elapsedMs": 0.012, "aircraftEntries": 6}, "done_input_ids_load": {"elapsedMs": 3.04, "count": 1}, "plan_deepcopy": {"elapsedMs": 0.052}, "target_uav_assignment": {"elapsedMs": 0.767, "assignedTargetCount": 1, "usedTrackingUavCount": 1}, "manned_sequence_assignment": {"elapsedMs": 5.353, "aircraftCount": 1, "error": null}, "attack_coordinate_resolution": {"elapsedMs": 4.763, "resolvedCount": 1, "mannedSequenceCount": 1}, "remaining_eta": {"elapsedMs": 23.721, "allUavCount": 3, "trackingUavCount": 1, "computedEtaCount": 1, "adjustedEtaS": null}, "descriptor_list_build": {"elapsedMs": 0.025, "descriptorCount": 6, "activeMannedCount": 1, "otherLahCount": 2, "otherUavCount": 2}, "collab_tracking_scan": {"elapsedMs": 6.044, "inputCount": 1, "unavailableUavCount": 1}, "collab_agent_state_map": {"elapsedMs": 17.174, "aircraftCount": 6}, "collab_parallel_started": {"elapsedMs": 0.689, "inputCount": 1, "workers": 1}, "collab_parallel_join": {"elapsedMs": 2.859, "waitReason": "UAV_TRACK", "inputCount": 1}, "descriptor_loop": {"elapsedMs": 6384.657, "descriptorCount": 6, "updateCount": 4}, "final_collab_plan_update": {"elapsedMs": 0.013, "collabInputCount": 1}, "mission_plan_write": {"elapsedMs": 12.895, "missionPlanID": 700000455}, "option_meta_build": {"elapsedMs": 0.046, "targetCount": 1, "collabInputCount": 1}}, "collabRuns": [{"inputMissionID": 2, "unavailableAircraftIDs": [4], "elapsedMs": 4744.648, "status": "ok", "replacementAircraftIDs": [5, 6], "generatedPathCount": 2, "finishEtaS": 42, "workflow": "no_split"}], "descriptorDetails": [{"aircraftID": 2, "label": "manned", "mode": "LAH_ATTACK", "resolveArtifacts": {"elapsedMs": 0.655, "currentWaypointID": null, "sourcePathID": 200000001, "sourceImpID": 800000008}, "loadArtifacts": {"elapsedMs": 0.006, "impLoaded": true, "fpLoaded": true}, "cloneAndLocateMission": {"elapsedMs": 1.545, "missionCount": 3, "targetIndex": 0}, "allocateAndPlanUpdate": {"elapsedMs": 12.279, "newImpID": 800000077}, "builder": {"elapsedMs": 2456.781, "builderMode": "LAH_ATTACK"}, "builderDetail": {"allocate_ids": {"elapsedMs": 504.89, "attackPathID": 200000036, "resumePathID": 200000037, "attackIndividualID": 900000208, "resumeIndividualID": 900000209, "entryWaypointID": 513, "attackWaypointID": 514}, "split_lah_resume": {"elapsedMs": 1032.533, "resumeWaypointCount": 1, "removedWaypointID": 79}, "clone_followups": {"elapsedMs": 559.526, "followUpMissionCount": 2, "followUpPathCount": 2}, "payload_build": {"elapsedMs": 345.649, "hasResume": true, "followUpMissionCount": 2, "attackSpeedMps": 73.61}, "write_json": {"elapsedMs": 8.323, "fileCount": 5}, "totalMs": 2455.229}, "status": "ok", "elapsedMs": 2471.414}, {"aircraftID": 1, "label": "lah_hold_1", "mode": "LAH_HOLD_RESUME", "resolveArtifacts": {"elapsedMs": 0.861, "currentWaypointID": null, "sourcePathID": 100000001, "sourceImpID": 800000007}, "loadArtifacts": {"elapsedMs": 0.005, "impLoaded": true, "fpLoaded": true}, "cloneAndLocateMission": {"elapsedMs": 0.114, "missionCount": 3, "targetIndex": 0}, "allocateAndPlanUpdate": {"elapsedMs": 150.185, "newImpID": 800000079}, "builder": {"elapsedMs": 2075.588, "builderMode": "LAH_HOLD_RESUME"}, "builderDetail": {"allocate_ids": {"elapsedMs": 260.174, "holdPathID": 100000033, "resumePathID": 100000034, "holdIndividualID": 900000217, "resumeIndividualID": 900000218}, "split_lah_resume": {"elapsedMs": 572.962, "resumeWaypointCount": 1, "removedWaypointID": 73}, "clone_followups": {"elapsedMs": 1063.243, "followUpMissionCount": 2, "followUpPathCount": 2}, "payload_build": {"elapsedMs": 1231.411, "hasResume": true, "followUpMissionCount": 2}, "write_json": {"elapsedMs": 6.587, "fileCount": 5}, "totalMs": 2075.544}, "status": "ok", "elapsedMs": 2226.881}, {"aircraftID": 3, "label": "lah_hold_3", "mode": "LAH_HOLD_RESUME", "resolveArtifacts": {"elapsedMs": 0.632, "currentWaypointID": null, "sourcePathID": 300000001, "sourceImpID": 800000009}, "loadArtifacts": {"elapsedMs": 0.006, "impLoaded": true, "fpLoaded": true}, "cloneAndLocateMission": {"elapsedMs": 0.151, "missionCount": 3, "targetIndex": 0}, "allocateAndPlanUpdate": {"elapsedMs": 12.28, "newImpID": 800000083}, "builder": {"elapsedMs": 1073.12, "builderMode": "LAH_HOLD_RESUME"}, "builderDetail": {"allocate_ids": {"elapsedMs": 31.867, "holdPathID": 300000034, "resumePathID": 300000035, "holdIndividualID": 900000223, "resumeIndividualID": 900000224}, "split_lah_resume": {"elapsedMs": 522.257, "resumeWaypointCount": 1, "removedWaypointID": 85}, "clone_followups": {"elapsedMs": 361.359, "followUpMissionCount": 2, "followUpPathCount": 2}, "payload_build": {"elapsedMs": 510.496, "hasResume": true, "followUpMissionCount": 2}, "write_json": {"elapsedMs": 5.354, "fileCount": 5}, "totalMs": 1073.074}, "status": "ok", "elapsedMs": 1086.321}, {"aircraftID": 4, "label": "uav_tracking_4", "mode": "UAV_TRACK", "resolveArtifacts": {"elapsedMs": 0.487, "currentWaypointID": 246, "sourcePathID": 400000045, "sourceImpID": 800000067}, "loadArtifacts": {"elapsedMs": 0.006, "impLoaded": true, "fpLoaded": true}, "cloneAndLocateMission": {"elapsedMs": 0.135, "missionCount": 2, "targetIndex": 0}, "allocateAndPlanUpdate": {"elapsedMs": 7.457, "newImpID": 800000084}, "builder": {"elapsedMs": 578.05, "builderMode": "UAV_TRACK"}, "builderDetail": {"allocate_ids": {"elapsedMs": 182.557, "donePathID": 400000054, "attackPathID": 400000055, "resumePathID": 400000056, "trackingIndividualID": 900000227, "resumeIndividualID": 900000228, "targetWaypointID": 556}, "split_done_resume": {"elapsedMs": 1.255, "sourceSinglePoint": true, "doneWaypointCount": 1, "resumeWaypointCount": 0, "removedWaypointID": 468}, "clone_followups": {"elapsedMs": 196.157, "followUpMissionCount": 1, "followUpPathCount": 1}, "release_resume": {"elapsedMs": 143.512, "releaseWaypointCount": 2, "targetFinishEtaS": 42}, "write_json": {"elapsedMs": 46.987, "fileCount": 5}, "totalMs": 575.344}, "trackingState": {"elapsedMs": 7.515}, "status": "ok", "elapsedMs": 594.331}, {"aircraftID": 5, "label": "uav_resume_5", "mode": "UAV_RESUME", "resolveArtifacts": {"elapsedMs": 0.509, "currentWaypointID": 260, "sourcePathID": 500000042, "sourceImpID": 800000069}, "loadArtifacts": {"elapsedMs": 0.006, "impLoaded": true, "fpLoaded": true}, "cloneAndLocateMission": {"elapsedMs": 0.18, "missionCount": 2, "targetIndex": 0}, "status": "handled_by_collab", "elapsedMs": 1.216}, {"aircraftID": 6, "label": "uav_resume_6", "mode": "UAV_RESUME", "resolveArtifacts": {"elapsedMs": 0.454, "currentWaypointID": 271, "sourcePathID": 600000045, "sourceImpID": 800000070}, "loadArtifacts": {"elapsedMs": 0.004, "impLoaded": true, "fpLoaded": true}, "cloneAndLocateMission": {"elapsedMs": 0.171, "missionCount": 2, "targetIndex": 0}, "status": "handled_by_collab", "elapsedMs": 1.112}], "totalMs": 6462}
[ATTACK] [ATTACK][TIME] override_total=6462ms
[ATTACK] [TIME] apply_attack_plan_overrides=6476ms
[ATTACK] [TIME] timingMs={"read_source": 13.401, "descriptor_build": 4.443, "write_artifacts": 6485.038, "delivery_wait": 11.761}
[ATTACK] [TIME] total=6515ms
[ATTACK] 분석 로그 저장: C:\Users\TRL98\Desktop\LAH_MUMT\Logs\Scenario_2026-05-21T085327\SBC3\DSS_Internal\log_attack_algorithm_20260521T004931_202471.json
[ATTACK] mark target used: targetIDs=63
[ATTACK-EXCLUDE] ATTACK-EXCLUDE using requested missionPlanID 700000456 (sourcePlanID=700000340)
[ATTACK-EXCLUDE] UAV 4 resume source adjusted 700000340 -> 700000008 (matched waypoint 246).
[ATTACK-EXCLUDE] [PRIOR][UAV] Resume sweep trim applied (cutPoints=7, rawCutPoints=7, doneSweepPoints=0, pathID=400000017).
[ATTACK-EXCLUDE] [PRIOR][UAV] Resume searchSpeed scaled (factor=1.30, waypoints=1).
[ATTACK-EXCLUDE] [PRIOR][UAV] Generated done/resume mission -> aircraft=4 IMP:800000076.json PATHS:400000052.json
[ATTACK-EXCLUDE] UAV 5 resume source adjusted 700000340 -> 700000008 (matched waypoint 260).
[ATTACK-EXCLUDE] [PRIOR][UAV] Resume sweep trim applied (cutPoints=4, rawCutPoints=4, doneSweepPoints=0, pathID=500000014).
[ATTACK-EXCLUDE] [PRIOR][UAV] Resume searchSpeed scaled (factor=1.30, waypoints=1).
[ATTACK-EXCLUDE] [PRIOR][UAV] Generated done/resume mission -> aircraft=5 IMP:800000078.json PATHS:500000050.json
[ATTACK-EXCLUDE] UAV 6 resume source adjusted 700000340 -> 700000008 (matched waypoint 271).
[ATTACK-EXCLUDE] [PRIOR][UAV] Resume sweep trim applied (cutPoints=11, rawCutPoints=11, doneSweepPoints=0, pathID=600000020).
[ATTACK-EXCLUDE] [PRIOR][UAV] Resume searchSpeed scaled (factor=1.30, waypoints=1).
[ATTACK-EXCLUDE] [PRIOR][UAV] Generated done/resume mission -> aircraft=6 IMP:800000080.json PATHS:600000053.json
[ATTACK-EXCLUDE] 공격 배제 MissionPlan 저장 -> 700000456.json (planID=700000456)
[ATTACK-EXCLUDE] ATTACK-EXCLUDE carried area remaining snapshot -> mission_area_snapshot_700000456.json (sourcePlanID=700000340, planID=700000456)
[ATTACK] 공격 임무 계획 완료 (planIds=700000455)
[INFO] UAV params loaded (cruise=40.00, turn_step=15.0)
[INFO] Latest input snapshot → 0201:ID=1,ts=832638838505,src=-, 0203:ID=1,ts=832638838538,src=-
[STEP 0] Using latest 0201 ID 1 (1.json)
[STEP 0] Using latest 0203 ID 1 (1.json)
[CHECK] 0201/0203 필수 데이터 확인 시작
[OK] 0201 inputMissionList 확인됨 (count=3) → 진행
[OK] 0201 availableAircraftList 확인됨 (count=6) → 진행
[OK] 0201 inputMissionPackageType=1 확인
[OK] 0201 mainSensor=1 확인
[CHECK] 0201 기체 수=6 (UAV=3, LAH=3)
[CHECK] 0201 임무: total=3 missingID=0 missingDetail=0 missingShape=0 unknownType=0 typeZeroAuto=0 typeZeroInvalid=0 lineOnlyViolation=0 skippedSinglePoint=0
[OK] 0203 takeOverInfoList 확인됨 (count=3) → 진행
[OK] 0203 handOverInfoList 확인됨 (count=3) → 진행
[OK] 0203 flightAreaList 확인됨 (count=1) → 진행
[CHECK] 0203 flightAreaList count=1
[INFO] 임무 진행영역 스냅샷 적용: sourcePlan=700000340, updated=2, done=0
[INFO] 임무 진행영역 재계획 collapse 적용: groups=2, normalized=2, 3
[INFO] Filtered completed input missions (removed=1, converted=-, widthAdjusted=-, skippedSinglePoint=-, snapshot=updated=2, done=0, collapse=groups=2, normalized=2,3)
[REPLAN][TIME] variant_started_ms=6558.2 wall_ms=1779324571233 variant=1 option=3 mode=attack_exclusion
[variant 1] 공격 배제 병렬 결과 병합
[REPLAN][TIME] attack_exclusion_parallel_joined_ms=6568.1 wall_ms=1779324571243 variant=1 duration_ms=4198.348 wait_ms=0.009
[OK] 공격 배제 variant 저장: MissionPlanID=700000456 (elapsed=4198.3 ms)
[INFO] Option mapping #1: planID=700000456, optionCode=3(공격배제)
[REPLAN][TIME] variant_finished_ms=6568.3 wall_ms=1779324571243 variant=1 option=3 mode=attack_exclusion status=success duration_ms=4198.348
[OK] Stored mission data: MissionPlan=1, IndividualMission=0, FlightPath=0
[REPLAN][TIME] id_tab_update_deferred_ms=6569.4 wall_ms=1779324571244
[REPLAN][TIME] pipeline_done_ms=6569.4 wall_ms=1779324571244 plans=2 force_direct=False
[REPLAN][TIME] 0301_queued_ms=6569.5 wall_ms=1779324571244 plans=2
[STEP 4] 0301 push queued (planIds=700000455, 700000456)
[0402] delivery suppressed before 0301: Target 정보 변경으로 인한 재계획 중단
[0001] notice sent: Target 정보 변경으로 인한 재계획 중단
[REPLAN][METRIC] source_artifact_cache entries=105 hits=62 misses=105
[REPLAN][TIME] 0902_received_ms=0.3 wall_ms=1779324572222 trigger=attack_2_option replanLevel=2 optionCount=2 forceDirect=0
[REPLAN][TIME] 0902_archived_ms=1.2 wall_ms=1779324572223 path=replan_request_832639769218.json
[AUTO] 0902 received (planIds=700000459, 700000460)
[REPLAN][TIME] pipeline_scheduled_ms=2.2 wall_ms=1779324572224 delay_ms=0
[REPLAN][TIME] scheduled_start_ms=3.3 wall_ms=1779324572225
[REPLAN][TIME] 0305_status_1_ms=5.1 wall_ms=1779324572227 reason=표적65 등 3개 발견
[0305] status=1, reason=표적65 등 3개 발견 전송
[INFO] Using latest 0203 ID 1 for missionReferencePackageID (fallback)
[STEP 0] Replan pipeline start (reason=표적65 등 3개 발견)
[REPLAN][TIME] attack_exclusion_parallel_started_ms=12.9 wall_ms=1779324572235 option_index=2 sourcePlanID=700000340
[ATTACK-EXCLUDE] parallel generation started (sourcePlanID=700000340, optionIndex=2)
[ATTACK] 공격 특화 재계획 요청 감지 → 전용 파이프라인 실행
[ATTACK] [TIME] select_manned_aircraft=10ms
[ATTACK] STEP1 Selected manned aircraft: aircraft 3 (fuel=1200.0, coord=(37.720611572265625, 128.11573791503906, alt=1200))
[ATTACK] [TIME] load_target_entries=6ms
[ATTACK] STEP2 UAV tracking summary: watcher 4?’target 63, watcher 5?’target 64, watcher 4?’target 64, watcher 6?’target 65, watcher 5?’target 57, watcher 4?’target 58, watcher 4?’target unknown-16, watcher 4?’target unknown-2, watcher 4?’target unknown-4, watcher 4?’target unknown-5, watcher 4?’target unknown-8, watcher 5?’target unknown-1, watcher 5?’target unknown-11, watcher 5?’target unknown-18, watcher 5?’target unknown-3, watcher 5?’target unknown-6, watcher 5?’target unknown-9, watcher 6?’target unknown-10, watcher 6?’target unknown-13, watcher 6?’target unknown-14, watcher 6?’target unknown-15, watcher 6?’target unknown-17, watcher 6?’target unknown-7, watcher 4?’target 53, watcher 6?’target 54, watcher 4?’target 55, watcher 5?’target 56, watcher 6?’target 59, watcher 4?’target 59, watcher 5?’target 60, watcher 6?’target 61, watcher 6?’target 62
[ATTACK] STEP2.5 Using bundled 0402 targets: target=65 watcher=6, target=63 watcher=4, target=64 watcher=5
[ATTACK] STEP2.6 Multi-target manned selection: 2, 3
[ATTACK] [ATTACK] Selected target id=65 type=1 weaponType=2 (preferred=2, ammo={'type1': 500, 'type2': 7, 'type3': 2})
[ATTACK] [TIME] compute_attack_point=6ms
[ATTACK] STEP3 Attack plan completed: lat=37.898991, lon=128.165680, alt=983m
[ATTACK] [ATTACK] Using remembered waypoint 484 for watcher 6 while auto-tracking.
[ATTACK] [ATTACK] Weapon choice aircraft=2 preferred=2 selected=2 ammo={'type1': 500, 'type2': 7, 'type3': 2}
[ATTACK] [ATTACK][ETA] Tracking ETA computed with LAH max attack speed (dist=20428.9m, speed=73.61m/s, +30s) -> 308s
[ATTACK] [ATTACK] Using requested missionPlanID 700000459 (sourcePlanID=700000340)
[ATTACK] [ATTACK][ETA] All UAVs tracking; using average ETA: 307s (from 3 values: [306, 307, 308])
[ATTACK] [ATTACK][ETA] All tracking ETAs unified to 307s
[ATTACK] [ATTACK][COLLAB] Remaining UAV entry lookahead applied: 9.0s (pathFollow=3, linearFallback=3, currentOnly=0)
[ATTACK] [PRIOR] Falling back to first mission for aircraft 2 (current waypoint not found in plan).
[ATTACK] [ATTACK][LAH] Inferred current waypoint from position -> 79.
[ATTACK] [ATTACK][LAH] Dropped current waypoint from resume path (currentWP=79, nextWP=80).
[ATTACK] [ATTACK][LAH] Using max attack speed 73.61m/s (265.0km/h) for aircraft 2.
[ATTACK] [ATTACK][LAH] Preserved completed prefix, built sequential attack missions, and reattached 2 follow-up mission(s) for aircraft 2.
[ATTACK] [ATTACK][LAH] Generated sequential attack/resume missions -> IMP:800000086.json attacks=2 resume=200000042.json (followUps=2)
[ATTACK] [PRIOR] Falling back to first mission for aircraft 3 (current waypoint not found in plan).
[ATTACK] [ATTACK][LAH] Using max attack speed 73.61m/s (265.0km/h) for aircraft 3.
[ATTACK] [ATTACK][LAH] Inferred current waypoint from position -> 85.
[ATTACK] [ATTACK][LAH] Dropped current waypoint from resume path (currentWP=85, nextWP=86).
[ATTACK] [ATTACK][LAH] Preserved completed prefix, inserted attack, and reattached 2 follow-up mission(s).
[ATTACK] [ATTACK][LAH] Generated attack/resume missions -> IMP:800000089.json PATHS:300000038.json/300000039.json (followUps=2)
[ATTACK] [PRIOR] Falling back to first mission for aircraft 1 (current waypoint not found in plan).
[ATTACK] [ATTACK][LAH] Inferred current waypoint from position -> 73.
[ATTACK] [ATTACK][LAH] Dropped current waypoint from resume path (currentWP=73, nextWP=74).
[ATTACK] [ATTACK][LAH] Preserved completed prefix, inserted hold, and reattached 2 follow-up mission(s).
[ATTACK] [ATTACK][LAH] Generated hold/resume missions -> IMP:800000090.json PATHS:100000037.json/100000038.json (followUps=2)
[ATTACK] [ATTACK][COLLAB] Collaborative replan skipped: no remaining source UAVs for current input.
[ATTACK] [ATTACK][UAV] Tracking target altitude kept for sensor only; flight altitude replaced 683m -> 1965m.
[ATTACK] [ATTACK][UAV] Source path has a single waypoint; preserving it as done and skipping done/resume split.
[ATTACK] [ATTACK][UAV] Preserved completed prefix, inserted tracking, and reattached 1 follow-up mission(s).
[ATTACK] [ATTACK][UAV] Generated tracking-only mission -> IMP:800000091.json PATH:600000059.json (followUps=1, resumeSkipped=true)
[ATTACK] [ATTACK][UAV] Tracking assignment state saved (aircraft=6, sourcePlan=700000340, attackPlan=700000459).
[ATTACK] [ATTACK][UAV] Tracking target altitude kept for sensor only; flight altitude replaced 675m -> 1868m.
[ATTACK] [ATTACK][UAV] Source path has a single waypoint; preserving it as done and skipping done/resume split.
[ATTACK] [ATTACK][UAV] Preserved completed prefix, inserted tracking, and reattached 1 follow-up mission(s).
[ATTACK] [ATTACK][UAV] Generated tracking-only mission -> IMP:800000092.json PATH:400000062.json (followUps=1, resumeSkipped=true)
[ATTACK] [ATTACK][UAV] Tracking assignment state saved (aircraft=4, sourcePlan=700000340, attackPlan=700000459).
[ATTACK] [ATTACK][UAV] Tracking target altitude kept for sensor only; flight altitude replaced 672m -> 1956m.
[ATTACK] [ATTACK][UAV] Source path has a single waypoint; preserving it as done and skipping done/resume split.
[ATTACK] [ATTACK][UAV] Preserved completed prefix, inserted tracking, and reattached 1 follow-up mission(s).
[ATTACK] [ATTACK][UAV] Generated tracking-only mission -> IMP:800000093.json PATH:500000056.json (followUps=1, resumeSkipped=true)
[ATTACK] [ATTACK][UAV] Tracking assignment state saved (aircraft=5, sourcePlan=700000340, attackPlan=700000459).
[ATTACK] [ATTACK][PLAN] carried area remaining snapshot -> mission_area_snapshot_700000459.json (sourcePlanID=700000340, planID=700000459)
[ATTACK] [ATTACK][PLAN] MissionPlan saved -> 700000459.json (planID=700000459)
[ATTACK] [ATTACK][TIME] override_detail={"phases": {"metadata_normalize": {"elapsedMs": 0.008, "attackTargetCount": 3, "selectedMannedCount": 2}, "agent_index": {"elapsedMs": 0.083, "aircraftCount": 6}, "weapon_choice": {"elapsedMs": 2.524, "selectedWeaponType": 2, "ammoAvailable": true}, "initial_tracking_eta": {"elapsedMs": 0.445, "useDetectionTracking": true, "trackingEtaS": 308}, "resolve_source_plan": {"elapsedMs": 1.74, "sourcePlanID": 700000340}, "source_plan_load": {"elapsedMs": 0.849, "sourcePlanID": 700000340, "aircraftCount": 6}, "sweep_progress_load": {"elapsedMs": 0.774, "entries": 24}, "plan_id_resolve": {"elapsedMs": 0.018, "requested": true, "missionPlanID": 700000459}, "source_artifact_cache_build": {"elapsedMs": 0.014, "aircraftEntries": 6}, "done_input_ids_load": {"elapsedMs": 0.9, "count": 1}, "plan_deepcopy": {"elapsedMs": 0.051}, "target_uav_assignment": {"elapsedMs": 0.527, "assignedTargetCount": 3, "usedTrackingUavCount": 3}, "manned_sequence_assignment": {"elapsedMs": 17.904, "aircraftCount": 2, "error": null}, "attack_coordinate_resolution": {"elapsedMs": 28.408, "resolvedCount": 3, "mannedSequenceCount": 3}, "remaining_eta": {"elapsedMs": 0.684, "allUavCount": 3, "trackingUavCount": 3, "computedEtaCount": 3, "adjustedEtaS": 307}, "descriptor_list_build": {"elapsedMs": 0.038, "descriptorCount": 6, "activeMannedCount": 2, "otherLahCount": 1, "otherUavCount": 0}, "collab_tracking_scan": {"elapsedMs": 5.039, "inputCount": 1, "unavailableUavCount": 3}, "collab_agent_state_map": {"elapsedMs": 12.798, "aircraftCount": 6}, "collab_parallel_started": {"elapsedMs": 0.66, "inputCount": 1, "workers": 1}, "collab_parallel_join": {"elapsedMs": 0.555, "waitReason": "UAV_TRACK", "inputCount": 1}, "descriptor_loop": {"elapsedMs": 6611.042, "descriptorCount": 6, "updateCount": 6}, "mission_plan_write": {"elapsedMs": 10.415, "missionPlanID": 700000459}, "option_meta_build": {"elapsedMs": 0.053, "targetCount": 3, "collabInputCount": 0}}, "collabRuns": [{"inputMissionID": 2, "unavailableAircraftIDs": [4, 5, 6], "elapsedMs": 28.458, "status": "skipped"}], "descriptorDetails": [{"aircraftID": 2, "label": "manned", "mode": "LAH_ATTACK", "resolveArtifacts": {"elapsedMs": 0.962, "currentWaypointID": null, "sourcePathID": 200000001, "sourceImpID": 800000008}, "loadArtifacts": {"elapsedMs": 0.004, "impLoaded": true, "fpLoaded": true}, "cloneAndLocateMission": {"elapsedMs": 0.108, "missionCount": 3, "targetIndex": 0}, "allocateAndPlanUpdate": {"elapsedMs": 157.797, "newImpID": 800000086}, "builder": {"elapsedMs": 2624.239, "builderMode": "LAH_ATTACK"}, "status": "ok", "elapsedMs": 2783.243}, {"aircraftID": 3, "label": "manned", "mode": "LAH_ATTACK", "resolveArtifacts": {"elapsedMs": 0.531, "currentWaypointID": null, "sourcePathID": 300000001, "sourceImpID": 800000009}, "loadArtifacts": {"elapsedMs": 0.005, "impLoaded": true, "fpLoaded": true}, "cloneAndLocateMission": {"elapsedMs": 0.159, "missionCount": 3, "targetIndex": 0}, "allocateAndPlanUpdate": {"elapsedMs": 6.581, "newImpID": 800000089}, "builder": {"elapsedMs": 1347.697, "builderMode": "LAH_ATTACK"}, "builderDetail": {"allocate_ids": {"elapsedMs": 380.359, "attackPathID": 300000038, "resumePathID": 300000039, "attackIndividualID": 900000241, "resumeIndividualID": 900000242, "entryWaypointID": 582, "attackWaypointID": 583}, "split_lah_resume": {"elapsedMs": 433.136, "resumeWaypointCount": 1, "removedWaypointID": 85}, "clone_followups": {"elapsedMs": 354.06, "followUpMissionCount": 2, "followUpPathCount": 2}, "payload_build": {"elapsedMs": 171.748, "hasResume": true, "followUpMissionCount": 2, "attackSpeedMps": 73.61}, "write_json": {"elapsedMs": 4.195, "fileCount": 5}, "totalMs": 1346.426}, "status": "ok", "elapsedMs": 1355.093}, {"aircraftID": 1, "label": "lah_hold_1", "mode": "LAH_HOLD_RESUME", "resolveArtifacts": {"elapsedMs": 0.581, "currentWaypointID": null, "sourcePathID": 100000001, "sourceImpID": 800000007}, "loadArtifacts": {"elapsedMs": 0.006, "impLoaded": true, "fpLoaded": true}, "cloneAndLocateMission": {"elapsedMs": 0.194, "missionCount": 3, "targetIndex": 0}, "allocateAndPlanUpdate": {"elapsedMs": 6.966, "newImpID": 800000090}, "builder": {"elapsedMs": 1044.318, "builderMode": "LAH_HOLD_RESUME"}, "builderDetail": {"allocate_ids": {"elapsedMs": 18.265, "holdPathID": 100000037, "resumePathID": 100000038, "holdIndividualID": 900000245, "resumeIndividualID": 900000246}, "split_lah_resume": {"elapsedMs": 495.055, "resumeWaypointCount": 1, "removedWaypointID": 73}, "clone_followups": {"elapsedMs": 364.176, "followUpMissionCount": 2, "followUpPathCount": 2}, "payload_build": {"elapsedMs": 522.681, "hasResume": true, "followUpMissionCount": 2}, "write_json": {"elapsedMs": 5.213, "fileCount": 5}, "totalMs": 1044.274}, "status": "ok", "elapsedMs": 1052.211}, {"aircraftID": 6, "label": "uav_tracking_6", "mode": "UAV_TRACK", "resolveArtifacts": {"elapsedMs": 0.021, "currentWaypointID": 484, "sourcePathID": 600000045, "sourceImpID": 800000070}, "loadArtifacts": {"elapsedMs": 0.003, "impLoaded": true, "fpLoaded": true}, "cloneAndLocateMission": {"elapsedMs": 0.132, "missionCount": 2, "targetIndex": 0}, "allocateAndPlanUpdate": {"elapsedMs": 6.163, "newImpID": 800000091}, "builder": {"elapsedMs": 487.61, "builderMode": "UAV_TRACK"}, "builderDetail": {"allocate_ids": {"elapsedMs": 227.399, "donePathID": 600000058, "attackPathID": 600000059, "resumePathID": 600000060, "trackingIndividualID": 900000249, "resumeIndividualID": 900000250, "targetWaypointID": 600}, "split_done_resume": {"elapsedMs": 1.233, "sourceSinglePoint": true, "doneWaypointCount": 1, "resumeWaypointCount": 0, "removedWaypointID": 484}, "clone_followups": {"elapsedMs": 216.466, "followUpMissionCount": 1, "followUpPathCount": 1}, "write_json": {"elapsedMs": 35.673, "fileCount": 4}, "totalMs": 485.218}, "trackingState": {"elapsedMs": 8.242}, "status": "ok", "elapsedMs": 502.863}, {"aircraftID": 4, "label": "uav_tracking_4", "mode": "UAV_TRACK", "resolveArtifacts": {"elapsedMs": 0.027, "currentWaypointID": 468, "sourcePathID": 400000045, "sourceImpID": 800000067}, "loadArtifacts": {"elapsedMs": 0.004, "impLoaded": true, "fpLoaded": true}, "cloneAndLocateMission": {"elapsedMs": 0.174, "missionCount": 2, "targetIndex": 0}, "allocateAndPlanUpdate": {"elapsedMs": 6.513, "newImpID": 800000092}, "builder": {"elapsedMs": 421.98, "builderMode": "UAV_TRACK"}, "builderDetail": {"allocate_ids": {"elapsedMs": 180.733, "donePathID": 400000061, "attackPathID": 400000062, "resumePathID": 400000063, "trackingIndividualID": 900000252, "resumeIndividualID": 900000253, "targetWaypointID": 603}, "split_done_resume": {"elapsedMs": 1.319, "sourceSinglePoint": true, "doneWaypointCount": 1, "resumeWaypointCount": 0, "removedWaypointID": 468}, "clone_followups": {"elapsedMs": 192.691, "followUpMissionCount": 1, "followUpPathCount": 1}, "write_json": {"elapsedMs": 36.586, "fileCount": 4}, "totalMs": 419.103}, "trackingState": {"elapsedMs": 8.443}, "status": "ok", "elapsedMs": 437.861}, {"aircraftID": 5, "label": "uav_tracking_5", "mode": "UAV_TRACK", "resolveArtifacts": {"elapsedMs": 0.023, "currentWaypointID": 474, "sourcePathID": 500000042, "sourceImpID": 800000069}, "loadArtifacts": {"elapsedMs": 0.003, "impLoaded": true, "fpLoaded": true}, "cloneAndLocateMission": {"elapsedMs": 0.132, "missionCount": 2, "targetIndex": 0}, "allocateAndPlanUpdate": {"elapsedMs": 6.69, "newImpID": 800000093}, "builder": {"elapsedMs": 463.525, "builderMode": "UAV_TRACK"}, "builderDetail": {"allocate_ids": {"elapsedMs": 208.469, "donePathID": 500000055, "attackPathID": 500000056, "resumePathID": 500000057, "trackingIndividualID": 900000255, "resumeIndividualID": 900000256, "targetWaypointID": 606}, "split_done_resume": {"elapsedMs": 1.087, "sourceSinglePoint": true, "doneWaypointCount": 1, "resumeWaypointCount": 0, "removedWaypointID": 474}, "clone_followups": {"elapsedMs": 199.859, "followUpMissionCount": 1, "followUpPathCount": 1}, "write_json": {"elapsedMs": 45.809, "fileCount": 4}, "totalMs": 459.716}, "trackingState": {"elapsedMs": 7.529}, "status": "ok", "elapsedMs": 478.641}], "totalMs": 6693}
[ATTACK] [ATTACK][TIME] override_total=6693ms
[ATTACK] [TIME] apply_attack_plan_overrides=6700ms
[ATTACK] [TIME] timingMs={"read_source": 18.873, "descriptor_build": 10.796, "write_artifacts": 6707.846, "delivery_wait": 3.443}
[ATTACK] [TIME] total=6741ms
[ATTACK] 분석 로그 저장: C:\Users\TRL98\Desktop\LAH_MUMT\Logs\Scenario_2026-05-21T085327\SBC3\DSS_Internal\log_attack_algorithm_20260521T004938_977289.json
[ATTACK] mark target used: targetIDs=65, 63, 64
[ATTACK-EXCLUDE] ATTACK-EXCLUDE using requested missionPlanID 700000460 (sourcePlanID=700000340)
[ATTACK-EXCLUDE] [PRIOR][UAV] Resume sweep trim applied (cutPoints=6, rawCutPoints=6, doneSweepPoints=0, pathID=400000045).
[ATTACK-EXCLUDE] [PRIOR][UAV] Resume searchSpeed scaled (factor=1.30, waypoints=1).
[ATTACK-EXCLUDE] [PRIOR][UAV] Generated done/resume mission -> aircraft=4 IMP:800000085.json PATHS:400000059.json
[ATTACK-EXCLUDE] [PRIOR][UAV] Resume sweep trim applied (cutPoints=11, rawCutPoints=11, doneSweepPoints=0, pathID=500000042).
[ATTACK-EXCLUDE] [PRIOR][UAV] Resume searchSpeed scaled (factor=1.30, waypoints=1).
[ATTACK-EXCLUDE] [PRIOR][UAV] Generated done/resume mission -> aircraft=5 IMP:800000087.json PATHS:500000053.json
[ATTACK-EXCLUDE] [PRIOR][UAV] Resume sweep trim applied (cutPoints=4, rawCutPoints=4, doneSweepPoints=0, pathID=600000045).
[ATTACK-EXCLUDE] [PRIOR][UAV] Resume searchSpeed scaled (factor=1.30, waypoints=1).
[ATTACK-EXCLUDE] [PRIOR][UAV] Generated done/resume mission -> aircraft=6 IMP:800000088.json PATHS:600000056.json
[ATTACK-EXCLUDE] 공격 배제 MissionPlan 저장 -> 700000460.json (planID=700000460)
[ATTACK-EXCLUDE] ATTACK-EXCLUDE carried area remaining snapshot -> mission_area_snapshot_700000460.json (sourcePlanID=700000340, planID=700000460)
[ATTACK] 공격 임무 계획 완료 (planIds=700000459)
[INFO] UAV params loaded (cruise=40.00, turn_step=15.0)
[INFO] Latest input snapshot → 0201:ID=1,ts=832638838505,src=-, 0203:ID=1,ts=832638838538,src=-
[STEP 0] Using latest 0201 ID 1 (1.json)
[STEP 0] Using latest 0203 ID 1 (1.json)
[CHECK] 0201/0203 필수 데이터 확인 시작
[OK] 0201 inputMissionList 확인됨 (count=3) → 진행
[OK] 0201 availableAircraftList 확인됨 (count=6) → 진행
[OK] 0201 inputMissionPackageType=1 확인
[OK] 0201 mainSensor=1 확인
[CHECK] 0201 기체 수=6 (UAV=3, LAH=3)
[CHECK] 0201 임무: total=3 missingID=0 missingDetail=0 missingShape=0 unknownType=0 typeZeroAuto=0 typeZeroInvalid=0 lineOnlyViolation=0 skippedSinglePoint=0
[OK] 0203 takeOverInfoList 확인됨 (count=3) → 진행
[OK] 0203 handOverInfoList 확인됨 (count=3) → 진행
[OK] 0203 flightAreaList 확인됨 (count=1) → 진행
[CHECK] 0203 flightAreaList count=1
[INFO] 임무 진행영역 스냅샷 적용: sourcePlan=700000340, updated=2, done=0
[INFO] 임무 진행영역 재계획 collapse 적용: groups=2, normalized=2, 3
[INFO] Filtered completed input missions (removed=1, converted=-, widthAdjusted=-, skippedSinglePoint=-, snapshot=updated=2, done=0, collapse=groups=2, normalized=2,3)
[REPLAN][TIME] variant_started_ms=6779.1 wall_ms=1779324579001 variant=1 option=3 mode=attack_exclusion
[variant 1] 공격 배제 병렬 결과 병합
[REPLAN][TIME] attack_exclusion_parallel_joined_ms=6785.2 wall_ms=1779324579007 variant=1 duration_ms=2774.003 wait_ms=0.008
[OK] 공격 배제 variant 저장: MissionPlanID=700000460 (elapsed=2774.0 ms)
[INFO] Option mapping #1: planID=700000460, optionCode=3(공격배제)
[REPLAN][TIME] variant_finished_ms=6785.4 wall_ms=1779324579007 variant=1 option=3 mode=attack_exclusion status=success duration_ms=2774.003
[OK] Stored mission data: MissionPlan=1, IndividualMission=0, FlightPath=0
[REPLAN][TIME] id_tab_update_deferred_ms=6786.2 wall_ms=1779324579008
[REPLAN][TIME] pipeline_done_ms=6786.2 wall_ms=1779324579008 plans=2 force_direct=False
[REPLAN][TIME] 0301_queued_ms=6786.3 wall_ms=1779324579008 plans=2
[STEP 4] 0301 push queued (planIds=700000459, 700000460)
[0301] missionPlanID=700000459 전송
[0301] missionPlanID=700000460 전송
[PUSH] 0301 direct batch send
[REPLAN][TIME] 0301_sent_ms=7115.7 wall_ms=1779324579337 plans=2
[REPLAN][TIME] post_0301_delivery_queued_ms=7116.3 wall_ms=1779324579338 grace_ms=0 timeout_ms=20 force_direct=0 mode=option_or_0901
[INFO] Post-0301 apply queued (mode=option_or_0901, grace=0ms, timeout=20ms, plans=2)
[REPLAN][TIME] 0305_status_2_ms=7119.3 wall_ms=1779324579341 reason=표적65 등 3개 발견
[0305] status=2, reason=표적65 등 3개 발견, elapsed=7.11s 전송
[REPLAN][TIME] post_0301_completion_ready_ms=7120.4 wall_ms=1779324579342 mode=option_or_0901
[REPLAN][METRIC] source_artifact_cache entries=24 hits=42 misses=24
[INFO] Post-0301 ready (timeout) -> sending 0901
[REPLAN][TIME] post_0301_flushed_ms=7148.8 wall_ms=1779324579371 delivery=0901 trigger=timeout
[REPLAN][TIME] 0901_sent_ms=7151.9 wall_ms=1779324579374 options=2
[0901] option request sent (count=2, codes=2(공격특화), 3(공격배제))
[REPLAN][TIME] id_tab_update_flushed_ms=7153.0 wall_ms=1779324579375
[REPLAN][TIME] 0902_received_ms=0.3 wall_ms=1779324880224 trigger=attack_2_option replanLevel=2 optionCount=2 forceDirect=0
[REPLAN][TIME] 0902_archived_ms=1.6 wall_ms=1779324880225 path=replan_request_832640079209.json
[AUTO] 0902 received (planIds=700000461, 700000462)
[REPLAN][TIME] pipeline_scheduled_ms=3.0 wall_ms=1779324880226 delay_ms=0
[REPLAN][TIME] scheduled_start_ms=4.2 wall_ms=1779324880228
[REPLAN][TIME] 0305_status_1_ms=6.9 wall_ms=1779324880230 reason=표적66 발견 재계획
[0305] status=1, reason=표적66 발견 재계획 전송
[INFO] Using latest 0203 ID 1 for missionReferencePackageID (fallback)
[STEP 0] Replan pipeline start (reason=표적66 발견 재계획)
[REPLAN][TIME] attack_exclusion_parallel_started_ms=13.3 wall_ms=1779324880237 option_index=2 sourcePlanID=700000460
[ATTACK-EXCLUDE] parallel generation started (sourcePlanID=700000460, optionIndex=2)
[ATTACK] 공격 특화 재계획 요청 감지 → 전용 파이프라인 실행
[ATTACK] [TIME] select_manned_aircraft=12ms
[ATTACK] STEP1 Selected manned aircraft: aircraft 2 (fuel=1200.0, coord=(37.722660064697266, 128.1003875732422, alt=1200))
[ATTACK] [TIME] load_target_entries=1ms
[ATTACK] STEP2 UAV tracking summary: watcher 4?’target 66, watcher 5?’target 57, watcher 4?’target 58, watcher 4?’target 63, watcher 4?’target unknown-16, watcher 4?’target unknown-2, watcher 4?’target unknown-4, watcher 4?’target unknown-5, watcher 4?’target unknown-8, watcher 5?’target unknown-1, watcher 5?’target unknown-11, watcher 5?’target unknown-18, watcher 5?’target unknown-19, watcher 5?’target unknown-3, watcher 5?’target unknown-6, watcher 5?’target unknown-9, watcher 6?’target unknown-10, watcher 6?’target unknown-13, watcher 6?’target unknown-14, watcher 6?’target unknown-15, watcher 6?’target unknown-17, watcher 6?’target unknown-7, watcher 4?’target 53, watcher 6?’target 54, watcher 4?’target 55, watcher 5?’target 56, watcher 6?’target 59, watcher 4?’target 59, watcher 5?’target 60, watcher 6?’target 61, watcher 6?’target 62, watcher 5?’target 64, watcher 4?’target 64, watcher 6?’target 65
[ATTACK] STEP2.5 Using bundled 0402 targets: target=66 watcher=4
[ATTACK] [ATTACK] Selected target id=66 type=1 weaponType=2 (preferred=2, ammo={'type1': 500, 'type2': 7, 'type3': 2})
[ATTACK] [TIME] compute_attack_point=11ms
[ATTACK] STEP3 Attack plan completed: lat=37.897942, lon=128.172425, alt=960m
[ATTACK] [ATTACK] Weapon choice aircraft=2 preferred=2 selected=2 ammo={'type1': 500, 'type2': 7, 'type3': 2}
[ATTACK] [ATTACK][ETA] Tracking ETA computed with LAH max attack speed (dist=20492.1m, speed=73.61m/s, +30s) -> 308s
[ATTACK] [ATTACK] Using requested missionPlanID 700000461 (sourcePlanID=700000460)
[ATTACK] [ATTACK][POINT] Primary target adaptive standoff mode=candidate_within_standoff currentDist=22492.088345220644m candidateDist=1999.9999999991476m standoff=300.0/2000.0m.
[ATTACK] [PRIOR] Falling back to first mission for aircraft 5 (current waypoint not found in plan).
[ATTACK] [ATTACK][ETA] UAV 6 remaining mission time: 0.0s
[ATTACK] [ATTACK][ETA] Non-tracking UAV ETA selected: UAV 6 with 0s remaining
[ATTACK] [ATTACK][ETA] All tracking ETAs unified to 0s
[ATTACK] [ATTACK][COLLAB] Remaining UAV entry lookahead applied: 9.0s (pathFollow=2, linearFallback=4, currentOnly=0)
[ATTACK] [PRIOR] Falling back to first mission for aircraft 2 (current waypoint not found in plan).
[FOV_DB] loaded 7010 rows, 7008 unique widths, path=C:\Users\TRL98\Desktop\LAH_MUMT\branNew\KU\DSS_KU\resource\db\fov_db.csv
[ATTACK] [ATTACK][LAH] Using max attack speed 73.61m/s (265.0km/h) for aircraft 2.
[ATTACK] [ATTACK][LAH] Inferred current waypoint from position -> 79.
[ATTACK] [ATTACK][LAH] Dropped current waypoint from resume path (currentWP=79, nextWP=80).
[ATTACK] [ATTACK][LAH] Preserved completed prefix, inserted attack, and reattached 2 follow-up mission(s).
[ATTACK] [ATTACK][LAH] Generated attack/resume missions -> IMP:800000095.json PATHS:200000045.json/200000046.json (followUps=2)
[ATTACK] [PRIOR] Falling back to first mission for aircraft 1 (current waypoint not found in plan).
[ATTACK] [ATTACK][LAH] Inferred current waypoint from position -> 73.
[ATTACK] [ATTACK][LAH] Dropped current waypoint from resume path (currentWP=73, nextWP=74).
[ATTACK] [ATTACK][LAH] Preserved completed prefix, inserted hold, and reattached 2 follow-up mission(s).
[ATTACK] [ATTACK][LAH] Generated hold/resume missions -> IMP:800000098.json PATHS:100000041.json/100000042.json (followUps=2)
[ATTACK] [PRIOR] Falling back to first mission for aircraft 3 (current waypoint not found in plan).
[ATTACK] [ATTACK][LAH] Inferred current waypoint from position -> 85.
[ATTACK] [ATTACK][LAH] Dropped current waypoint from resume path (currentWP=85, nextWP=86).
[ATTACK] [ATTACK][LAH] Preserved completed prefix, inserted hold, and reattached 2 follow-up mission(s).
[ATTACK] [ATTACK][LAH] Generated hold/resume missions -> IMP:800000101.json PATHS:300000042.json/300000043.json (followUps=2)
[ATTACK] [NEXTCOLLAB] division planner area-division pieces=2
[ATTACK] [NEXTCOLLAB] division planner final workflow=no_split paths=2
[ATTACK] [ATTACK][COLLAB] Collaborative replacement IMP written (aircraft=5, imp=800000099.json, missions=1).
[ATTACK] [ATTACK][COLLAB] Collaborative replacement IMP written (aircraft=6, imp=800000100.json, missions=1).
[ATTACK] [ATTACK][COLLAB] First sweep searchSpeed boosted (aircraft=5, pathID=500000059, waypointID=624, factor=1.30, old=705.92, new=917.69).
[ATTACK] [ATTACK][COLLAB] First sweep searchSpeed boosted (aircraft=6, pathID=600000062, waypointID=636, factor=1.30, old=735.37, new=955.97).
[ATTACK] [ATTACK][COLLAB] Collaborative remaining mission replanned (inputMissionID=2, unavailable=[4], remaining=[5, 6], workflow=no_split).
[ATTACK] [ATTACK][UAV] Tracking target altitude kept for sensor only; flight altitude replaced 660m -> 1868m.
[ATTACK] [ATTACK][UAV] Source path has a single waypoint; preserving it as done and skipping done/resume split.
[ATTACK] [ATTACK][COLLAB] Tracking UAV resume replaced with release transit (aircraft=4, targetFinishEta=60, speed=58.0m/s).
[ATTACK] [ATTACK][UAV] Preserved completed prefix, inserted tracking, and reattached 1 follow-up mission(s).
[ATTACK] [ATTACK][UAV] Generated tracking/resume missions -> IMP:800000102.json PATHS:400000069.json/400000070.json (followUps=1)
[ATTACK] [ATTACK][UAV] Tracking assignment state saved (aircraft=4, sourcePlan=700000460, attackPlan=700000461).
[ATTACK] [PRIOR] Falling back to first mission for aircraft 5 (current waypoint not found in plan).
[ATTACK] [ATTACK][COLLAB] Aircraft 5 handled by collaborative remaining replan (inputMissionID=2).
[ATTACK] [ATTACK][COLLAB] Aircraft 6 handled by collaborative remaining replan (inputMissionID=2).
[ATTACK] [ATTACK][PLAN] carried area remaining snapshot -> mission_area_snapshot_700000461.json (sourcePlanID=700000460, planID=700000461)
[ATTACK] [ATTACK][PLAN] MissionPlan saved -> 700000461.json (planID=700000461)
[ATTACK] [ATTACK][TIME] override_detail={"phases": {"metadata_normalize": {"elapsedMs": 0.006, "attackTargetCount": 1, "selectedMannedCount": 1}, "agent_index": {"elapsedMs": 0.119, "aircraftCount": 6}, "weapon_choice": {"elapsedMs": 5.171, "selectedWeaponType": 2, "ammoAvailable": true}, "initial_tracking_eta": {"elapsedMs": 0.573, "useDetectionTracking": true, "trackingEtaS": 308}, "resolve_source_plan": {"elapsedMs": 1.723, "sourcePlanID": 700000460}, "source_plan_load": {"elapsedMs": 0.459, "sourcePlanID": 700000460, "aircraftCount": 6}, "sweep_progress_load": {"elapsedMs": 0.659, "entries": 30}, "plan_id_resolve": {"elapsedMs": 0.024, "requested": true, "missionPlanID": 700000461}, "source_artifact_cache_build": {"elapsedMs": 0.014, "aircraftEntries": 6}, "done_input_ids_load": {"elapsedMs": 1.574, "count": 1}, "plan_deepcopy": {"elapsedMs": 0.068}, "target_uav_assignment": {"elapsedMs": 8.229, "assignedTargetCount": 1, "usedTrackingUavCount": 1}, "manned_sequence_assignment": {"elapsedMs": 5.271, "aircraftCount": 1, "error": null}, "attack_coordinate_resolution": {"elapsedMs": 2.964, "resolvedCount": 1, "mannedSequenceCount": 1}, "remaining_eta": {"elapsedMs": 17.925, "allUavCount": 3, "trackingUavCount": 1, "computedEtaCount": 1, "adjustedEtaS": 0}, "descriptor_list_build": {"elapsedMs": 0.041, "descriptorCount": 6, "activeMannedCount": 1, "otherLahCount": 2, "otherUavCount": 2}, "collab_tracking_scan": {"elapsedMs": 1.835, "inputCount": 1, "unavailableUavCount": 1}, "collab_agent_state_map": {"elapsedMs": 11.805, "aircraftCount": 6}, "collab_parallel_started": {"elapsedMs": 0.778, "inputCount": 1, "workers": 1}, "collab_parallel_join": {"elapsedMs": 7.35, "waitReason": "UAV_TRACK", "inputCount": 1}, "descriptor_loop": {"elapsedMs": 7729.077, "descriptorCount": 6, "updateCount": 4}, "final_collab_plan_update": {"elapsedMs": 0.016, "collabInputCount": 1}, "mission_plan_write": {"elapsedMs": 12.809, "missionPlanID": 700000461}, "option_meta_build": {"elapsedMs": 0.047, "targetCount": 1, "collabInputCount": 1}}, "collabRuns": [{"inputMissionID": 2, "unavailableAircraftIDs": [4], "elapsedMs": 5134.936, "status": "ok", "replacementAircraftIDs": [5, 6], "generatedPathCount": 2, "finishEtaS": 60, "workflow": "no_split"}], "descriptorDetails": [{"aircraftID": 2, "label": "manned", "mode": "LAH_ATTACK", "resolveArtifacts": {"elapsedMs": 0.784, "currentWaypointID": null, "sourcePathID": 200000001, "sourceImpID": 800000008}, "loadArtifacts": {"elapsedMs": 0.005, "impLoaded": true, "fpLoaded": true}, "cloneAndLocateMission": {"elapsedMs": 0.104, "missionCount": 3, "targetIndex": 0}, "allocateAndPlanUpdate": {"elapsedMs": 27.142, "newImpID": 800000095}, "builder": {"elapsedMs": 3352.467, "builderMode": "LAH_ATTACK"}, "builderDetail": {"allocate_ids": {"elapsedMs": 1194.656, "attackPathID": 200000045, "resumePathID": 200000046, "attackIndividualID": 900000260, "resumeIndividualID": 900000261, "entryWaypointID": 612, "attackWaypointID": 613}, "split_lah_resume": {"elapsedMs": 746.257, "resumeWaypointCount": 1, "removedWaypointID": 79}, "clone_followups": {"elapsedMs": 1082.33, "followUpMissionCount": 2, "followUpPathCount": 2}, "payload_build": {"elapsedMs": 314.222, "hasResume": true, "followUpMissionCount": 2, "attackSpeedMps": 73.61}, "write_json": {"elapsedMs": 7.398, "fileCount": 5}, "totalMs": 3350.73}, "status": "ok", "elapsedMs": 3380.642}, {"aircraftID": 1, "label": "lah_hold_1", "mode": "LAH_HOLD_RESUME", "resolveArtifacts": {"elapsedMs": 1.373, "currentWaypointID": null, "sourcePathID": 100000001, "sourceImpID": 800000007}, "loadArtifacts": {"elapsedMs": 0.006, "impLoaded": true, "fpLoaded": true}, "cloneAndLocateMission": {"elapsedMs": 0.153, "missionCount": 3, "targetIndex": 0}, "allocateAndPlanUpdate": {"elapsedMs": 9.355, "newImpID": 800000098}, "builder": {"elapsedMs": 2323.01, "builderMode": "LAH_HOLD_RESUME"}, "builderDetail": {"allocate_ids": {"elapsedMs": 63.668, "holdPathID": 100000041, "resumePathID": 100000042, "holdIndividualID": 900000270, "resumeIndividualID": 900000271}, "split_lah_resume": {"elapsedMs": 1609.121, "resumeWaypointCount": 1, "removedWaypointID": 73}, "clone_followups": {"elapsedMs": 444.328, "followUpMissionCount": 2, "followUpPathCount": 2}, "payload_build": {"elapsedMs": 637.366, "hasResume": true, "followUpMissionCount": 2}, "write_json": {"elapsedMs": 8.623, "fileCount": 5}, "totalMs": 2322.946}, "status": "ok", "elapsedMs": 2334.042}, {"aircraftID": 3, "label": "lah_hold_3", "mode": "LAH_HOLD_RESUME", "resolveArtifacts": {"elapsedMs": 0.774, "currentWaypointID": null, "sourcePathID": 300000001, "sourceImpID": 800000009}, "loadArtifacts": {"elapsedMs": 0.009, "impLoaded": true, "fpLoaded": true}, "cloneAndLocateMission": {"elapsedMs": 0.202, "missionCount": 3, "targetIndex": 0}, "allocateAndPlanUpdate": {"elapsedMs": 7.384, "newImpID": 800000101}, "builder": {"elapsedMs": 1238.739, "builderMode": "LAH_HOLD_RESUME"}, "builderDetail": {"allocate_ids": {"elapsedMs": 24.805, "holdPathID": 300000042, "resumePathID": 300000043, "holdIndividualID": 900000274, "resumeIndividualID": 900000275}, "split_lah_resume": {"elapsedMs": 603.652, "resumeWaypointCount": 1, "removedWaypointID": 85}, "clone_followups": {"elapsedMs": 378.838, "followUpMissionCount": 2, "followUpPathCount": 2}, "payload_build": {"elapsedMs": 600.652, "hasResume": true, "followUpMissionCount": 2}, "write_json": {"elapsedMs": 5.61, "fileCount": 5}, "totalMs": 1238.688}, "status": "ok", "elapsedMs": 1247.28}, {"aircraftID": 4, "label": "uav_tracking_4", "mode": "UAV_TRACK", "resolveArtifacts": {"elapsedMs": 0.03, "currentWaypointID": 564, "sourcePathID": 400000059, "sourceImpID": 800000085}, "loadArtifacts": {"elapsedMs": 0.005, "impLoaded": true, "fpLoaded": true}, "cloneAndLocateMission": {"elapsedMs": 0.193, "missionCount": 2, "targetIndex": 0}, "allocateAndPlanUpdate": {"elapsedMs": 6.972, "newImpID": 800000102}, "builder": {"elapsedMs": 739.368, "builderMode": "UAV_TRACK"}, "builderDetail": {"allocate_ids": {"elapsedMs": 241.751, "donePathID": 400000068, "attackPathID": 400000069, "resumePathID": 400000070, "trackingIndividualID": 900000278, "resumeIndividualID": 900000279, "targetWaypointID": 651}, "split_done_resume": {"elapsedMs": 1.159, "sourceSinglePoint": true, "doneWaypointCount": 1, "resumeWaypointCount": 0, "removedWaypointID": 564}, "clone_followups": {"elapsedMs": 222.97, "followUpMissionCount": 1, "followUpPathCount": 1}, "release_resume": {"elapsedMs": 204.825, "releaseWaypointCount": 2, "targetFinishEtaS": 60}, "write_json": {"elapsedMs": 60.28, "fileCount": 5}, "totalMs": 736.549}, "trackingState": {"elapsedMs": 9.179}, "status": "ok", "elapsedMs": 756.651}, {"aircraftID": 5, "label": "uav_resume_5", "mode": "UAV_RESUME", "resolveArtifacts": {"elapsedMs": 0.676, "currentWaypointID": 474, "sourcePathID": 500000053, "sourceImpID": 800000087}, "loadArtifacts": {"elapsedMs": 0.006, "impLoaded": true, "fpLoaded": true}, "cloneAndLocateMission": {"elapsedMs": 0.219, "missionCount": 2, "targetIndex": 0}, "status": "handled_by_collab", "elapsedMs": 1.588}, {"aircraftID": 6, "label": "uav_resume_6", "mode": "UAV_RESUME", "resolveArtifacts": {"elapsedMs": 0.022, "currentWaypointID": 580, "sourcePathID": 600000056, "sourceImpID": 800000088}, "loadArtifacts": {"elapsedMs": 0.005, "impLoaded": true, "fpLoaded": true}, "cloneAndLocateMission": {"elapsedMs": 0.205, "missionCount": 2, "targetIndex": 0}, "status": "handled_by_collab", "elapsedMs": 0.893}], "totalMs": 7796}
[ATTACK] [ATTACK][TIME] override_total=7796ms
[ATTACK] [TIME] apply_attack_plan_overrides=7806ms
[ATTACK] [TIME] timingMs={"read_source": 15.5, "descriptor_build": 6.146, "write_artifacts": 7820.376, "delivery_wait": 8.008}
[ATTACK] [TIME] total=7851ms
[ATTACK] 분석 로그 저장: C:\Users\TRL98\Desktop\LAH_MUMT\Logs\Scenario_2026-05-21T085327\SBC3\DSS_Internal\log_attack_algorithm_20260521T005448_088450.json
[ATTACK] mark target used: targetIDs=66
[ATTACK-EXCLUDE] ATTACK-EXCLUDE using requested missionPlanID 700000462 (sourcePlanID=700000460)
[ATTACK-EXCLUDE] [PRIOR][UAV] Resume sweep trim applied (cutPoints=7, rawCutPoints=7, doneSweepPoints=0, pathID=400000059).
[ATTACK-EXCLUDE] [PRIOR][UAV] Resume searchSpeed scaled (factor=1.30, waypoints=1).
[ATTACK-EXCLUDE] [PRIOR][UAV] Generated done/resume mission -> aircraft=4 IMP:800000094.json PATHS:400000066.json
[ATTACK-EXCLUDE] UAV 5 resume source adjusted 700000460 -> 700000340 (matched waypoint 474).
[ATTACK-EXCLUDE] [PRIOR][UAV] Resume sweep trim applied (cutPoints=50, rawCutPoints=50, doneSweepPoints=0, pathID=500000042).
[ATTACK-EXCLUDE] [PRIOR][UAV] Resume path became empty for aircraft 5; skipping update.
[ATTACK-EXCLUDE] UAV 5 resume 임무 생성에 실패하여 기존 개별임무를 유지합니다.
[ATTACK-EXCLUDE] [PRIOR][UAV] Resume sweep trim applied (cutPoints=8, rawCutPoints=8, doneSweepPoints=0, pathID=600000056).
[ATTACK-EXCLUDE] [PRIOR][UAV] Resume searchSpeed scaled (factor=1.30, waypoints=1).
[ATTACK-EXCLUDE] [PRIOR][UAV] Generated done/resume mission -> aircraft=6 IMP:800000097.json PATHS:600000064.json
[ATTACK-EXCLUDE] 공격 배제 MissionPlan 저장 -> 700000462.json (planID=700000462)
[ATTACK-EXCLUDE] ATTACK-EXCLUDE carried area remaining snapshot -> mission_area_snapshot_700000462.json (sourcePlanID=700000460, planID=700000462)
[ATTACK] 공격 임무 계획 완료 (planIds=700000461)
[INFO] UAV params loaded (cruise=40.00, turn_step=15.0)
[INFO] Latest input snapshot → 0201:ID=1,ts=832638838505,src=-, 0203:ID=1,ts=832638838538,src=-
[STEP 0] Using latest 0201 ID 1 (1.json)
[STEP 0] Using latest 0203 ID 1 (1.json)
[CHECK] 0201/0203 필수 데이터 확인 시작
[OK] 0201 inputMissionList 확인됨 (count=3) → 진행
[OK] 0201 availableAircraftList 확인됨 (count=6) → 진행
[OK] 0201 inputMissionPackageType=1 확인
[OK] 0201 mainSensor=1 확인
[CHECK] 0201 기체 수=6 (UAV=3, LAH=3)
[CHECK] 0201 임무: total=3 missingID=0 missingDetail=0 missingShape=0 unknownType=0 typeZeroAuto=0 typeZeroInvalid=0 lineOnlyViolation=0 skippedSinglePoint=0
[OK] 0203 takeOverInfoList 확인됨 (count=3) → 진행
[OK] 0203 handOverInfoList 확인됨 (count=3) → 진행
[OK] 0203 flightAreaList 확인됨 (count=1) → 진행
[CHECK] 0203 flightAreaList count=1
[INFO] 임무 진행영역 스냅샷 적용: sourcePlan=700000460, updated=2, done=0
[INFO] 임무 진행영역 재계획 collapse 적용: groups=2, normalized=2, 3
[INFO] Filtered completed input missions (removed=1, converted=-, widthAdjusted=-, skippedSinglePoint=-, snapshot=updated=2, done=0, collapse=groups=2, normalized=2,3)
[REPLAN][TIME] variant_started_ms=7896.6 wall_ms=1779324888120 variant=1 option=3 mode=attack_exclusion
[variant 1] 공격 배제 병렬 결과 병합
[REPLAN][TIME] attack_exclusion_parallel_joined_ms=7903.3 wall_ms=1779324888126 variant=1 duration_ms=4384.847 wait_ms=0.01
[OK] 공격 배제 variant 저장: MissionPlanID=700000462 (elapsed=4384.8 ms)
[INFO] Option mapping #1: planID=700000462, optionCode=3(공격배제)
[REPLAN][TIME] variant_finished_ms=7903.5 wall_ms=1779324888126 variant=1 option=3 mode=attack_exclusion status=success duration_ms=4384.847
[OK] Stored mission data: MissionPlan=1, IndividualMission=0, FlightPath=0
[REPLAN][TIME] id_tab_update_deferred_ms=7904.3 wall_ms=1779324888127
[REPLAN][TIME] pipeline_done_ms=7904.4 wall_ms=1779324888127 plans=2 force_direct=False
[REPLAN][TIME] 0301_queued_ms=7904.4 wall_ms=1779324888127 plans=2
[STEP 4] 0301 push queued (planIds=700000461, 700000462)
[0301] missionPlanID=700000461 전송
[0301] missionPlanID=700000462 전송
[PUSH] 0301 direct batch send
[REPLAN][TIME] 0301_sent_ms=8298.5 wall_ms=1779324888521 plans=2
[REPLAN][TIME] post_0301_delivery_queued_ms=8299.2 wall_ms=1779324888522 grace_ms=0 timeout_ms=20 force_direct=0 mode=option_or_0901
[INFO] Post-0301 apply queued (mode=option_or_0901, grace=0ms, timeout=20ms, plans=2)
[REPLAN][TIME] 0305_status_2_ms=8302.3 wall_ms=1779324888525 reason=표적66 발견 재계획
[0305] status=2, reason=표적66 발견 재계획, elapsed=8.30s 전송
[REPLAN][TIME] post_0301_completion_ready_ms=8304.0 wall_ms=1779324888527 mode=option_or_0901
[REPLAN][METRIC] source_artifact_cache entries=39 hits=44 misses=39
[INFO] Post-0301 ready (timeout) -> sending 0901
[REPLAN][TIME] post_0301_flushed_ms=8335.4 wall_ms=1779324888558 delivery=0901 trigger=timeout
[REPLAN][TIME] 0901_sent_ms=8338.7 wall_ms=1779324888562 options=2
[0901] option request sent (count=2, codes=2(공격특화), 3(공격배제))
[REPLAN][TIME] id_tab_update_flushed_ms=8340.2 wall_ms=1779324888563
[CTRL] GUI window shown after 250 ms
[CTRL] GUI close intercepted -> hidden; process remains running
[CTRL] GUI window shown after 250 ms
[CONFIG] 알고리즘 설정 적용 (cruise=40.0m/s, turn_step=15.0°, areaMode=vertical, areaSplit=single_stage, uavPlan=dub_path, autoFovDb=True)
[CTRL] GUI close intercepted -> hidden; process remains running
[0201] DB 참조! (C:\Users\TRL98\Desktop\LAH_MUMT\Logs\Scenario_2026-05-21T085327\SBC3\InputMissionPlan\2.json)
[INFO] Latest 0201 ID updated → 2
[REPLAN][TIME] 0902_received_ms=0.3 wall_ms=1779325381741 trigger=general_3_option replanLevel=1 optionCount=3 forceDirect=0
[REPLAN][TIME] 0902_archived_ms=1.7 wall_ms=1779325381743 path=replan_request_832640581513.json
[AUTO] 0902 received (planIds=700000463, 700000464, 700000465)
[REPLAN][TIME] pipeline_scheduled_ms=3.1 wall_ms=1779325381744 delay_ms=100
[AUTO] replan pipeline scheduled after 0.1s delay
[REPLAN][TIME] scheduled_start_ms=110.2 wall_ms=1779325381851
[REPLAN][TIME] 0305_status_1_ms=113.2 wall_ms=1779325381854 reason=협업기저임무 재수행 요청
[0305] status=1, reason=협업기저임무 재수행 요청 전송
[INFO] Using latest 0203 ID 1 for missionReferencePackageID (fallback)
[STEP 0] Replan pipeline start (reason=협업기저임무 재수행 요청)
[INFO] UAV params loaded (cruise=40.00, turn_step=15.0)
[INFO] Latest input snapshot → 0201:ID=2,ts=832640581415,src=-, 0203:ID=1,ts=832638838538,src=-
[STEP 0] Using latest 0201 ID 2 (2.json)
[STEP 0] Using latest 0203 ID 1 (1.json)
[CHECK] 0201/0203 필수 데이터 확인 시작
[OK] 0201 inputMissionList 확인됨 (count=4) → 진행
[OK] 0201 availableAircraftList 확인됨 (count=6) → 진행
[OK] 0201 inputMissionPackageType=1 확인
[OK] 0201 mainSensor=1 확인
[CHECK] 0201 기체 수=6 (UAV=3, LAH=3)
[CHECK] 0201 임무: total=4 missingID=0 missingDetail=0 missingShape=0 unknownType=0 typeZeroAuto=0 typeZeroInvalid=0 lineOnlyViolation=0 skippedSinglePoint=0
[OK] 0203 takeOverInfoList 확인됨 (count=3) → 진행
[OK] 0203 handOverInfoList 확인됨 (count=3) → 진행
[OK] 0203 flightAreaList 확인됨 (count=1) → 진행
[CHECK] 0203 flightAreaList count=1
[INFO] 임무 진행영역 스냅샷 미적용: sourcePlan=700000462, reason=fresh collabReexecuteInputRefresh trigger
[INFO] 현재 임무 collaborative hybrid armed: inputMissionID=4, sourcePlan=700000462, mode=reexecute_first_mission, aircraft=[4, 5, 6], options=all
[INFO] Filtered completed input missions (removed=1, 2, converted=-, widthAdjusted=-, skippedSinglePoint=-, snapshot=-, collapse=-)
[REPLAN][TIME] parallel_safety_gate_ms=140.4 wall_ms=1779325381881 enabled=False workers=1 waypoint_block_size=50000 reasons=current_remaining_hybrid_active
[INFO] 일반 재계획 옵션 병렬 생성 비활성화(safety gate): current_remaining_hybrid_active
[variant 1] 일반 재계획 모드 적용
[REPLAN][TIME] variant_started_ms=142.3 wall_ms=1779325381883 variant=1 option=6 mode=sequential
[STEP 1.1] Divide & Pattern start
[variant 1] [ENHANCED][1] split start: uavs=[4, 5, 6]
[variant 1] [ENHANCED][1] split done: pieces=6
[variant 1] [ENHANCED][2] type-decider done: profile=6 changed=6/6
[variant 1] [ENHANCED][3] expected-path done: count=6
[variant 1] [ENHANCED][4] area-review done: overflow=0 targets=0 pieces=6->6
[variant 1] [ENHANCED][5] expected-velocity done: pieces=6 dbRows=7010
[variant 1] [ENHANCED][6] 0302 export done: files=6
[variant 1] [ENHANCED] total=327.2 ms
[TIME] divide_and_pattern (variant=1): 327.4 ms
[OK] IMP generated: 6 file(s) (variant=1)
[TIME] build_0301+load (variant=1): 20.0 ms
[OK] MissionPlan built: MissionPlan_1779325382211.json (variant=1)
[TIME] collect_missions (variant=1): 7.3 ms, count=12
[INFO] pathID mapping delayed until current remaining hybrid merge (variant=1)
[variant 1] [REEXEC-FIRST] current-position first mission builder armed: sourcePlan=700000462, inputMissionID=4, sourceTemplateInputID=2, aircraft=[4, 5, 6], entries=A4=37.9291828,128.1976767,alt=1869.0, A5=37.9258378,128.2181818,alt=1956.0, A6=37.9302734,128.1746798,alt=1966.0
[variant 1] [REEXEC-FIRST] division planner area-division pieces=3
[FOV_DB] loaded 7010 rows, 7008 unique widths, path=C:\Users\TRL98\Desktop\LAH_MUMT\branNew\KU\DSS_KU\resource\db\fov_db.csv
[variant 1] [REEXEC-FIRST] division planner final workflow=no_split paths=3
[variant 1] current remaining generic 0303 skipped: inputMissionID=4, missions=3, aircraft=[4, 5, 6], pathIDs=[400000001, 500000001, 600000001]
[SWEEP][LINE] separation=227.00m, fov=11.70°, spacing=25.84m (~39 strips/1km)
[SWEEP][LINE] separation=227.00m, fov=11.70°, spacing=25.84m (~39 strips/1km)
[INFO] FlightPath build mode (variant=1): 0303=aircraft_parallel workers=2 aircraft=3, 0304=sequential
[REPLAN][METRIC] flightpath_build_0303 variant=1 option=6 recon=0 mode=sequential buildMode=aircraft_parallel workers=2 aircraft=3 paths=3 reassignedWaypoints=9 elapsed_ms=2501.581 fallback=- worker_ms=4:495.899|5:549.472|6:313.864
[INFO] FlightPath build time: 0303=2501.6 ms, 0304=205.1 ms
[variant 1] current remaining collaborative hybrid applied: inputMissionID=4, aircraft=[4, 5, 6], removedPaths=3, workflow=reexecute_first_mission:no_split
[TIME] pathID_mapping (variant=1, current_remaining): 86.1 ms
[INFO] pathID mapping done after current remaining hybrid merge (variant=1)
[INFO] Applied LAH-UAV ETA follow speed plan (variant=1)
[INFO] FlightPath pathID enforced (variant=1): 0303=6, 0304=6
[OK] FlightPath counts (variant=1): 0303=6 / 0304=6
[REPLAN][METRIC] flightpath_counts variant=1 option=6 recon=0 mode=sequential paths0303=6 paths0304=6 pathsTotal=12 waypoints0303=16 waypoints0304=12 waypointsTotal=28 maxWaypointsPerPath=3 emptyPaths=0 formationPaths=0
[TIME] build_0302 (variant=1): 43.2 ms, packages=6
[INFO] FlightPath individualMissionID synced (variant=1): fixed=12
[TIME] write_0302 (variant=1): 7.6 ms, files=6
[TIME] write_FlightPath (variant=1): 41.9 ms, files=12
[REPLAN][METRIC] flightpath_write variant=1 option=6 recon=0 mode=sequential files0303=6 files0304=6 filesTotal=12 write_ms=41.921
[TIME] write_0301 (variant=1): 1.2 ms
[OK] Stored variant 1: MissionPlanID=700000463, IMP=6, FlightPath=12
[REPLAN][TIME] variant_finished_ms=5830.5 wall_ms=1779325387571 variant=1 option=6 mode=sequential status=success duration_ms=5688.143
[TIME] variant_total (variant=1): 5688.1 ms
[INFO] Option mapping #1: planID=700000463, optionCode=6(정찰/시간 균형)
[variant 2] 정찰특화 전용 runtime 적용 (areaWidth=600.0m, areaFov=15.0deg, areaSep=500.0m, turnR=800.0m, splitCap=0, minSeg=0.0m)
[REPLAN][TIME] variant_started_ms=5835.4 wall_ms=1779325387576 variant=2 option=4 mode=sequential
[STEP 1.2] Divide & Pattern start
[variant 2] [ENHANCED][1] split start: uavs=[4, 5, 6]
[variant 2] [ENHANCED][1] split done: pieces=6
[variant 2] [REPLAN][METRIC] recon_area_review_before option=4 pieces=6 areaPieces=3 maxSegmentM=600.000 maxSplitCountLimit=0 minSegmentM=0.000 fixedFovDeg=15.000 areaFovDeg=2.400 sweepSeparationM=500.000 sweepSeparationScale=0.500 turnRadiusM=800.000
[variant 2] [REPLAN][METRIC] recon_area_review option=4 elapsed_ms=15.796 maxSegmentM=600.000 maxSplitCountLimit=0 minSegmentM=0.000 pieces_before=6 pieces_after=16 area_before=3 area_after=13 targets=3 localized=3 changed_details=3 detail_count=3 split_count_sum=13 raw_split_count_sum=13 max_split_count=5 max_raw_split_count=5 split_capped_count=0 max_projected_span_m=2497.311 max_total_len_m=0.000 max_segment_len_m=538.930 fixedFovDeg=15.000 areaFovDeg=2.400 sweepSeparationM=500.000 sweepSeparationScale=0.500 turnRadiusM=800.000 reasons=-
[variant 2] [ENHANCED][1R] recon-area-review done: targets=3 localized=3 pieces=6->16
[variant 2] [ENHANCED][2] type-decider done: profile=6 changed=16/16
[variant 2] [ENHANCED][3] expected-path done: count=16
[variant 2] [ENHANCED][4] area-review done: overflow=0 targets=0 pieces=16->16
[variant 2] [ENHANCED][5] expected-velocity done: pieces=16 dbRows=7010
[variant 2] [ENHANCED][6] 0302 export done: files=6
[variant 2] [ENHANCED] total=346.9 ms
[TIME] divide_and_pattern (variant=2): 347.2 ms
[OK] IMP generated: 6 file(s) (variant=2)
[TIME] build_0301+load (variant=2): 14.1 ms
[OK] MissionPlan built: MissionPlan_1779325387923.json (variant=2)
[TIME] collect_missions (variant=2): 7.9 ms, count=22
[INFO] pathID mapping delayed until current remaining hybrid merge (variant=2)
[variant 2] [REEXEC-FIRST] current-position first mission builder armed: sourcePlan=700000462, inputMissionID=4, sourceTemplateInputID=2, aircraft=[4, 5, 6], entries=A4=37.9291828,128.1976767,alt=1869.0, A5=37.9258378,128.2181818,alt=1956.0, A6=37.9302734,128.1746798,alt=1966.0
[variant 2] [REEXEC-FIRST] division planner area-division pieces=3
[FOV_DB] loaded 7010 rows, 7008 unique widths, path=C:\Users\TRL98\Desktop\LAH_MUMT\branNew\KU\DSS_KU\resource\db\fov_db.csv
[variant 2] [REEXEC-FIRST] division planner final workflow=no_split paths=3
[variant 2] current remaining generic 0303 skipped: inputMissionID=4, missions=13, aircraft=[4, 5, 6], pathIDs=[400000001, 400000002, 400000003, 400000004, 500000001, 500000002, 500000003, 500000004, 600000001, 600000002, 600000003, 600000004, 600000005]
[SWEEP][LINE] separation=500.00m, fov=2.40°, spacing=11.64m (~86 strips/1km)
[SWEEP][LINE] separation=500.00m, fov=2.40°, spacing=11.64m (~86 strips/1km)
[INFO] FlightPath build mode (variant=2): 0303=aircraft_parallel workers=2 aircraft=3, 0304=sequential
[REPLAN][METRIC] flightpath_build_0303 variant=2 option=4 recon=1 mode=sequential buildMode=aircraft_parallel workers=2 aircraft=3 paths=3 reassignedWaypoints=8 elapsed_ms=3206.171 fallback=- worker_ms=4:1006.870|5:1091.652|6:587.924
[INFO] FlightPath build time: 0303=3206.2 ms, 0304=218.5 ms
[variant 2] current remaining collaborative hybrid applied: inputMissionID=4, aircraft=[4, 5, 6], removedPaths=13, workflow=reexecute_first_mission:no_split
[TIME] pathID_mapping (variant=2, current_remaining): 94.1 ms
[INFO] pathID mapping done after current remaining hybrid merge (variant=2)
[INFO] Applied LAH-UAV ETA follow speed plan (variant=2)
[INFO] FlightPath pathID enforced (variant=2): 0303=6, 0304=6
[OK] FlightPath counts (variant=2): 0303=6 / 0304=6
[REPLAN][METRIC] flightpath_counts variant=2 option=4 recon=1 mode=sequential paths0303=6 paths0304=6 pathsTotal=12 waypoints0303=15 waypoints0304=12 waypointsTotal=27 maxWaypointsPerPath=3 emptyPaths=0 formationPaths=0
[TIME] build_0302 (variant=2): 39.7 ms, packages=6
[INFO] FlightPath individualMissionID synced (variant=2): fixed=12
[TIME] write_0302 (variant=2): 7.9 ms, files=6
[TIME] write_FlightPath (variant=2): 82.7 ms, files=12
[REPLAN][METRIC] flightpath_write variant=2 option=4 recon=1 mode=sequential files0303=6 files0304=6 filesTotal=12 write_ms=82.732
[TIME] write_0301 (variant=2): 1.0 ms
[OK] Stored variant 2: MissionPlanID=700000464, IMP=6, FlightPath=12
[REPLAN][TIME] variant_finished_ms=13681.2 wall_ms=1779325395421 variant=2 option=4 mode=sequential status=success duration_ms=7845.81
[TIME] variant_total (variant=2): 7845.8 ms
[INFO] Option mapping #2: planID=700000464, optionCode=4(정찰특화)
[variant 3] 일반 재계획 모드 적용
[REPLAN][TIME] variant_started_ms=13684.7 wall_ms=1779325395425 variant=3 option=5 mode=sequential
[STEP 1.3] Divide & Pattern start
[variant 3] [ENHANCED][1] split start: uavs=[4, 5, 6]
[variant 3] [ENHANCED][1] split done: pieces=6
[variant 3] [ENHANCED][2] type-decider done: profile=6 changed=6/6
[variant 3] [ENHANCED][3] expected-path done: count=6
[variant 3] [ENHANCED][4] area-review done: overflow=0 targets=0 pieces=6->6
[variant 3] [ENHANCED][5] expected-velocity done: pieces=6 dbRows=7010
[variant 3] [ENHANCED][6] 0302 export done: files=6
[variant 3] [ENHANCED] total=292.9 ms
[TIME] divide_and_pattern (variant=3): 293.1 ms
[OK] IMP generated: 6 file(s) (variant=3)
[TIME] build_0301+load (variant=3): 15.0 ms
[OK] MissionPlan built: MissionPlan_1779325395718.json (variant=3)
[TIME] collect_missions (variant=3): 5.9 ms, count=12
[INFO] pathID mapping delayed until current remaining hybrid merge (variant=3)
[variant 3] [REEXEC-FIRST] current-position first mission builder armed: sourcePlan=700000462, inputMissionID=4, sourceTemplateInputID=2, aircraft=[4, 5, 6], entries=A4=37.9291828,128.1976767,alt=1869.0, A5=37.9258378,128.2181818,alt=1956.0, A6=37.9302734,128.1746798,alt=1966.0
[variant 3] [REEXEC-FIRST] division planner area-division pieces=3
[FOV_DB] loaded 7010 rows, 7008 unique widths, path=C:\Users\TRL98\Desktop\LAH_MUMT\branNew\KU\DSS_KU\resource\db\fov_db.csv
[variant 3] [REEXEC-FIRST] division planner final workflow=no_split paths=3
[variant 3] current remaining generic 0303 skipped: inputMissionID=4, missions=3, aircraft=[4, 5, 6], pathIDs=[400000001, 500000001, 600000001]
[SWEEP][LINE] separation=227.00m, fov=11.70°, spacing=25.84m (~39 strips/1km)
[SWEEP][LINE] separation=227.00m, fov=11.70°, spacing=25.84m (~39 strips/1km)
[INFO] FlightPath build mode (variant=3): 0303=aircraft_parallel workers=2 aircraft=3, 0304=sequential
[REPLAN][METRIC] flightpath_build_0303 variant=3 option=5 recon=0 mode=sequential buildMode=aircraft_parallel workers=2 aircraft=3 paths=3 reassignedWaypoints=9 elapsed_ms=2028.284 fallback=- worker_ms=4:139.376|5:170.123|6:90.330
[INFO] FlightPath build time: 0303=2028.3 ms, 0304=220.1 ms
[variant 3] current remaining collaborative hybrid applied: inputMissionID=4, aircraft=[4, 5, 6], removedPaths=3, workflow=reexecute_first_mission:no_split
[TIME] pathID_mapping (variant=3, current_remaining): 83.0 ms
[INFO] pathID mapping done after current remaining hybrid merge (variant=3)
[INFO] Applied LAH-UAV ETA follow speed plan (variant=3)
[INFO] FlightPath pathID enforced (variant=3): 0303=6, 0304=6
[OK] FlightPath counts (variant=3): 0303=6 / 0304=6
[REPLAN][METRIC] flightpath_counts variant=3 option=5 recon=0 mode=sequential paths0303=6 paths0304=6 pathsTotal=12 waypoints0303=16 waypoints0304=12 waypointsTotal=28 maxWaypointsPerPath=3 emptyPaths=0 formationPaths=0
[TIME] build_0302 (variant=3): 45.0 ms, packages=6
[INFO] FlightPath individualMissionID synced (variant=3): fixed=12
[TIME] write_0302 (variant=3): 8.4 ms, files=6
[TIME] write_FlightPath (variant=3): 46.1 ms, files=12
[REPLAN][METRIC] flightpath_write variant=3 option=5 recon=0 mode=sequential files0303=6 files0304=6 filesTotal=12 write_ms=46.130
[TIME] write_0301 (variant=3): 1.1 ms
[OK] Stored variant 3: MissionPlanID=700000465, IMP=6, FlightPath=12
[REPLAN][TIME] variant_finished_ms=18321.3 wall_ms=1779325400061 variant=3 option=5 mode=sequential status=success duration_ms=4636.602
[TIME] variant_total (variant=3): 4636.6 ms
[INFO] Option mapping #3: planID=700000465, optionCode=5(최소시간)
[OK] Stored mission data: MissionPlan=3, IndividualMission=18, FlightPath=36
[REPLAN][TIME] id_tab_update_deferred_ms=18324.7 wall_ms=1779325400065
[REPLAN][TIME] pipeline_done_ms=18324.7 wall_ms=1779325400065 plans=3 force_direct=False
[REPLAN][TIME] 0301_queued_ms=18324.8 wall_ms=1779325400065 plans=3
[STEP 4] 0301 push queued (planIds=700000463, 700000464, 700000465)
[0301] missionPlanID=700000463 전송
[0301] missionPlanID=700000464 전송
[0301] missionPlanID=700000465 전송
[PUSH] 0301 direct batch send
[REPLAN][TIME] 0301_sent_ms=18340.3 wall_ms=1779325400080 plans=3
[REPLAN][TIME] post_0301_delivery_queued_ms=18340.9 wall_ms=1779325400081 grace_ms=0 timeout_ms=20 force_direct=0 mode=option_or_0901
[INFO] Post-0301 apply queued (mode=option_or_0901, grace=0ms, timeout=20ms, plans=3)
[REPLAN][TIME] 0305_status_2_ms=18343.9 wall_ms=1779325400084 reason=협업기저임무 재수행 요청
[0305] status=2, reason=협업기저임무 재수행 요청, elapsed=18.23s 전송
[REPLAN][TIME] post_0301_completion_ready_ms=18345.4 wall_ms=1779325400085 mode=option_or_0901
[REPLAN][METRIC] source_artifact_cache entries=34 hits=28 misses=34
[INFO] Post-0301 ready (timeout) -> sending 0901
[REPLAN][TIME] post_0301_flushed_ms=18381.1 wall_ms=1779325400121 delivery=0901 trigger=timeout
[REPLAN][TIME] 0901_sent_ms=18384.0 wall_ms=1779325400124 options=3
[0901] option request sent (count=3, codes=6(정찰/시간 균형), 4(정찰특화), 5(최소시간))
[REPLAN][TIME] id_tab_update_flushed_ms=18385.5 wall_ms=1779325400126
[REPLAN][TIME] 0902_received_ms=0.2 wall_ms=1779325466405 trigger=attack_2_option replanLevel=2 optionCount=2 forceDirect=0
[REPLAN][TIME] 0902_archived_ms=1.2 wall_ms=1779325466406 path=replan_request_832640665503.json
[AUTO] 0902 received (planIds=700000466, 700000467)
[REPLAN][TIME] pipeline_scheduled_ms=2.4 wall_ms=1779325466407 delay_ms=0
[REPLAN][TIME] scheduled_start_ms=3.9 wall_ms=1779325466408
[REPLAN][TIME] 0305_status_1_ms=6.9 wall_ms=1779325466411 reason=표적67 발견 재계획
[0305] status=1, reason=표적67 발견 재계획 전송
[INFO] Using latest 0203 ID 1 for missionReferencePackageID (fallback)
[STEP 0] Replan pipeline start (reason=표적67 발견 재계획)
[REPLAN][TIME] attack_exclusion_parallel_started_ms=13.5 wall_ms=1779325466418 option_index=2 sourcePlanID=700000463
[ATTACK-EXCLUDE] parallel generation started (sourcePlanID=700000463, optionIndex=2)
[ATTACK] 공격 특화 재계획 요청 감지 → 전용 파이프라인 실행
[ATTACK] [TIME] select_manned_aircraft=12ms
[ATTACK] STEP1 Selected manned aircraft: aircraft 3 (fuel=1200.0, coord=(37.720611572265625, 128.11573791503906, alt=1200))
[ATTACK] [TIME] load_target_entries=1ms
[ATTACK] STEP2 UAV tracking summary: watcher 6?’target 67, watcher 5?’target 57, watcher 4?’target 58, watcher 4?’target 63, watcher 4?’target unknown-16, watcher 4?’target unknown-2, watcher 4?’target unknown-21, watcher 4?’target unknown-22, watcher 4?’target unknown-25, watcher 4?’target unknown-28, watcher 4?’target unknown-4, watcher 4?’target unknown-5, watcher 4?’target unknown-8, watcher 5?’target unknown-1, watcher 5?’target unknown-11, watcher 5?’target unknown-18, watcher 5?’target unknown-19, watcher 5?’target unknown-26, watcher 5?’target unknown-3, watcher 5?’target unknown-6, watcher 5?’target unknown-9, watcher 6?’target unknown-10, watcher 6?’target unknown-13, watcher 6?’target unknown-14, watcher 6?’target unknown-15, watcher 6?’target unknown-17, watcher 6?’target unknown-20, watcher 6?’target unknown-23, watcher 6?’target unknown-24, watcher 6?’target unknown-27, watcher 6?’target unknown-29, watcher 6?’target unknown-7, watcher 4?’target 53, watcher 6?’target 54, watcher 4?’target 55, watcher 5?’target 56, watcher 6?’target 59, watcher 4?’target 59, watcher 5?’target 60, watcher 6?’target 61, watcher 6?’target 62, watcher 5?’target 64, watcher 4?’target 64, watcher 6?’target 65, watcher 4?’target 66
[ATTACK] STEP2.5 Using bundled 0402 targets: target=67 watcher=6
[ATTACK] [ATTACK] Selected target id=67 type=1 weaponType=2 (preferred=2, ammo={'type1': 500, 'type2': 7, 'type3': 2})
[ATTACK] [TIME] compute_attack_point=8ms
[ATTACK] STEP3 Attack plan completed: lat=37.899177, lon=128.169814, alt=968m
[ATTACK] [ATTACK] Weapon choice aircraft=3 preferred=2 selected=2 ammo={'type1': 500, 'type2': 7, 'type3': 2}
[ATTACK] [ATTACK][ETA] Tracking ETA computed with LAH max attack speed (dist=20415.9m, speed=73.61m/s, +30s) -> 307s
[ATTACK] [ATTACK] Using requested missionPlanID 700000466 (sourcePlanID=700000463)
[ATTACK] [ATTACK][POINT] Primary target adaptive standoff mode=far_projected_to_preferred_standoff currentDist=22415.900533792403m candidateDist=2000.0000000003608m standoff=300.0/2000.0m.
[ATTACK] [ATTACK][ETA] UAV 4 remaining mission time: 52.0s
[ATTACK] [ATTACK][ETA] UAV 5 remaining mission time: 0.0s
[ATTACK] [ATTACK][ETA] Non-tracking UAV ETA selected: UAV 4 with 52s remaining
[ATTACK] [ATTACK][ETA] All tracking ETAs unified to 52s
[ATTACK] [ATTACK][COLLAB] Remaining UAV entry lookahead applied: 9.0s (pathFollow=3, linearFallback=3, currentOnly=0)
[ATTACK] [PRIOR] Falling back to first mission for aircraft 3 (current waypoint not found in plan).
[FOV_DB] loaded 7010 rows, 7008 unique widths, path=C:\Users\TRL98\Desktop\LAH_MUMT\branNew\KU\DSS_KU\resource\db\fov_db.csv
[ATTACK] [ATTACK][LAH] Using max attack speed 73.61m/s (265.0km/h) for aircraft 3.
[ATTACK] [ATTACK][LAH] Inferred current waypoint from position -> 687.
[ATTACK] [ATTACK][LAH] Dropped current waypoint from resume path (currentWP=687, nextWP=688).
[ATTACK] [ATTACK][LAH] Preserved completed prefix, inserted attack, and reattached 1 follow-up mission(s).
[ATTACK] [ATTACK][LAH] Generated attack/resume missions -> IMP:800000122.json PATHS:300000052.json/300000053.json (followUps=1)
[ATTACK] [PRIOR] Falling back to first mission for aircraft 1 (current waypoint not found in plan).
[ATTACK] [ATTACK][LAH] Inferred current waypoint from position -> 679.
[ATTACK] [ATTACK][LAH] Dropped current waypoint from resume path (currentWP=679, nextWP=680).
[ATTACK] [ATTACK][LAH] Preserved completed prefix, inserted hold, and reattached 1 follow-up mission(s).
[ATTACK] [ATTACK][LAH] Generated hold/resume missions -> IMP:800000124.json PATHS:100000051.json/100000052.json (followUps=1)
[ATTACK] [PRIOR] Falling back to first mission for aircraft 2 (current waypoint not found in plan).
[ATTACK] [ATTACK][LAH] Inferred current waypoint from position -> 683.
[ATTACK] [ATTACK][LAH] Dropped current waypoint from resume path (currentWP=683, nextWP=684).
[ATTACK] [ATTACK][LAH] Preserved completed prefix, inserted hold, and reattached 1 follow-up mission(s).
[ATTACK] [ATTACK][LAH] Generated hold/resume missions -> IMP:800000128.json PATHS:200000055.json/200000056.json (followUps=1)
[ATTACK] [NEXTCOLLAB] division planner area-division pieces=2
[ATTACK] [NEXTCOLLAB] division planner final workflow=no_split paths=2
[ATTACK] [ATTACK][COLLAB] Collaborative replacement IMP written (aircraft=4, imp=800000125.json, missions=1).
[ATTACK] [ATTACK][COLLAB] Collaborative replacement IMP written (aircraft=5, imp=800000126.json, missions=1).
[ATTACK] [ATTACK][COLLAB] First sweep searchSpeed boosted (aircraft=4, pathID=400000084, waypointID=776, factor=1.30, old=1520.15, new=1976.19).
[ATTACK] [ATTACK][COLLAB] First sweep searchSpeed boosted (aircraft=5, pathID=500000074, waypointID=789, factor=1.30, old=1591.17, new=2068.53).
[ATTACK] [ATTACK][COLLAB] Collaborative remaining mission replanned (inputMissionID=4, unavailable=[6], remaining=[4, 5], workflow=no_split).
[ATTACK] [ATTACK][UAV] Tracking target altitude kept for sensor only; flight altitude replaced 668m -> 2003m.
[ATTACK] [ATTACK][UAV] Resume trimmed by currentWP (lastRemovedWP=668).
[ATTACK] [ATTACK][UAV] Added replan anchor waypoint to done path (anchorWP=811).
[ATTACK] [ATTACK][UAV] Resume sweep trim applied (cutPoints=46, rawCutPoints=46, doneSweepPoints=0, pathID=600000067).
[ATTACK] [ATTACK][UAV] Resume searchSpeed scaled (factor=1.30, waypoints=1).
[ATTACK] [ATTACK][COLLAB] Tracking UAV resume replaced with release transit (aircraft=6, targetFinishEta=50, speed=58.0m/s).
[ATTACK] [ATTACK][UAV] Preserved completed prefix, inserted tracking, and reattached 1 follow-up mission(s).
[ATTACK] [ATTACK][UAV] Generated tracking/resume missions -> IMP:800000129.json PATHS:600000079.json/600000080.json (followUps=1)
[ATTACK] [ATTACK][UAV] Tracking assignment state saved (aircraft=6, sourcePlan=700000463, attackPlan=700000466).
[ATTACK] [ATTACK][COLLAB] Aircraft 4 handled by collaborative remaining replan (inputMissionID=4).
[ATTACK] [ATTACK][COLLAB] Aircraft 5 handled by collaborative remaining replan (inputMissionID=4).
[ATTACK] [ATTACK][PLAN] carried area remaining snapshot -> mission_area_snapshot_700000466.json (sourcePlanID=700000463, planID=700000466)
[ATTACK] [ATTACK][PLAN] MissionPlan saved -> 700000466.json (planID=700000466)
[ATTACK] [ATTACK][TIME] override_detail={"phases": {"metadata_normalize": {"elapsedMs": 0.007, "attackTargetCount": 1, "selectedMannedCount": 1}, "agent_index": {"elapsedMs": 0.078, "aircraftCount": 6}, "weapon_choice": {"elapsedMs": 3.241, "selectedWeaponType": 2, "ammoAvailable": true}, "initial_tracking_eta": {"elapsedMs": 0.517, "useDetectionTracking": true, "trackingEtaS": 307}, "resolve_source_plan": {"elapsedMs": 1.567, "sourcePlanID": 700000463}, "source_plan_load": {"elapsedMs": 0.388, "sourcePlanID": 700000463, "aircraftCount": 6}, "sweep_progress_load": {"elapsedMs": 0.578, "entries": 40}, "plan_id_resolve": {"elapsedMs": 0.024, "requested": true, "missionPlanID": 700000466}, "source_artifact_cache_build": {"elapsedMs": 0.015, "aircraftEntries": 6}, "done_input_ids_load": {"elapsedMs": 1.06, "count": 2}, "plan_deepcopy": {"elapsedMs": 0.054}, "target_uav_assignment": {"elapsedMs": 0.497, "assignedTargetCount": 1, "usedTrackingUavCount": 1}, "manned_sequence_assignment": {"elapsedMs": 3.778, "aircraftCount": 1, "error": null}, "attack_coordinate_resolution": {"elapsedMs": 5.559, "resolvedCount": 1, "mannedSequenceCount": 1}, "remaining_eta": {"elapsedMs": 15.473, "allUavCount": 3, "trackingUavCount": 1, "computedEtaCount": 1, "adjustedEtaS": 52}, "descriptor_list_build": {"elapsedMs": 0.039, "descriptorCount": 6, "activeMannedCount": 1, "otherLahCount": 2, "otherUavCount": 2}, "collab_tracking_scan": {"elapsedMs": 9.041, "inputCount": 1, "unavailableUavCount": 1}, "collab_agent_state_map": {"elapsedMs": 10.379, "aircraftCount": 6}, "collab_parallel_started": {"elapsedMs": 0.922, "inputCount": 1, "workers": 1}, "collab_parallel_join": {"elapsedMs": 3.343, "waitReason": "UAV_TRACK", "inputCount": 1}, "descriptor_loop": {"elapsedMs": 9767.151, "descriptorCount": 6, "updateCount": 4}, "final_collab_plan_update": {"elapsedMs": 0.018, "collabInputCount": 1}, "mission_plan_write": {"elapsedMs": 17.174, "missionPlanID": 700000466}, "option_meta_build": {"elapsedMs": 0.053, "targetCount": 1, "collabInputCount": 1}}, "collabRuns": [{"inputMissionID": 4, "unavailableAircraftIDs": [6], "elapsedMs": 5488.844, "status": "ok", "replacementAircraftIDs": [4, 5], "generatedPathCount": 2, "finishEtaS": 50, "workflow": "no_split"}], "descriptorDetails": [{"aircraftID": 3, "label": "manned", "mode": "LAH_ATTACK", "resolveArtifacts": {"elapsedMs": 0.801, "currentWaypointID": null, "sourcePathID": 300000046, "sourceImpID": 800000105}, "loadArtifacts": {"elapsedMs": 0.01, "impLoaded": true, "fpLoaded": true}, "cloneAndLocateMission": {"elapsedMs": 0.14, "missionCount": 2, "targetIndex": 0}, "allocateAndPlanUpdate": {"elapsedMs": 20.487, "newImpID": 800000122}, "builder": {"elapsedMs": 3570.543, "builderMode": "LAH_ATTACK"}, "builderDetail": {"allocate_ids": {"elapsedMs": 1597.865, "attackPathID": 300000052, "resumePathID": 300000053, "attackIndividualID": 900000328, "resumeIndividualID": 900000329, "entryWaypointID": 766, "attackWaypointID": 769}, "split_lah_resume": {"elapsedMs": 1057.878, "resumeWaypointCount": 1, "removedWaypointID": 687}, "clone_followups": {"elapsedMs": 576.257, "followUpMissionCount": 1, "followUpPathCount": 1}, "payload_build": {"elapsedMs": 324.747, "hasResume": true, "followUpMissionCount": 1, "attackSpeedMps": 73.61}, "write_json": {"elapsedMs": 8.36, "fileCount": 4}, "totalMs": 3568.61}, "status": "ok", "elapsedMs": 3592.138}, {"aircraftID": 1, "label": "lah_hold_1", "mode": "LAH_HOLD_RESUME", "resolveArtifacts": {"elapsedMs": 0.672, "currentWaypointID": null, "sourcePathID": 100000045, "sourceImpID": 800000103}, "loadArtifacts": {"elapsedMs": 0.007, "impLoaded": true, "fpLoaded": true}, "cloneAndLocateMission": {"elapsedMs": 0.094, "missionCount": 2, "targetIndex": 0}, "allocateAndPlanUpdate": {"elapsedMs": 422.496, "newImpID": 800000124}, "builder": {"elapsedMs": 2156.488, "builderMode": "LAH_HOLD_RESUME"}, "builderDetail": {"allocate_ids": {"elapsedMs": 493.609, "holdPathID": 100000051, "resumePathID": 100000052, "holdIndividualID": 900000335, "resumeIndividualID": 900000336}, "split_lah_resume": {"elapsedMs": 1182.312, "resumeWaypointCount": 1, "removedWaypointID": 679}, "clone_followups": {"elapsedMs": 246.091, "followUpMissionCount": 1, "followUpPathCount": 1}, "payload_build": {"elapsedMs": 471.572, "hasResume": true, "followUpMissionCount": 1}, "write_json": {"elapsedMs": 4.582, "fileCount": 4}, "totalMs": 2156.443}, "status": "ok", "elapsedMs": 2579.902}, {"aircraftID": 2, "label": "lah_hold_2", "mode": "LAH_HOLD_RESUME", "resolveArtifacts": {"elapsedMs": 0.902, "currentWaypointID": null, "sourcePathID": 200000049, "sourceImpID": 800000104}, "loadArtifacts": {"elapsedMs": 0.006, "impLoaded": true, "fpLoaded": true}, "cloneAndLocateMission": {"elapsedMs": 0.12, "missionCount": 2, "targetIndex": 0}, "allocateAndPlanUpdate": {"elapsedMs": 21.778, "newImpID": 800000128}, "builder": {"elapsedMs": 2122.076, "builderMode": "LAH_HOLD_RESUME"}, "builderDetail": {"allocate_ids": {"elapsedMs": 467.287, "holdPathID": 200000055, "resumePathID": 200000056, "holdIndividualID": 900000340, "resumeIndividualID": 900000341}, "split_lah_resume": {"elapsedMs": 1146.145, "resumeWaypointCount": 1, "removedWaypointID": 683}, "clone_followups": {"elapsedMs": 271.438, "followUpMissionCount": 1, "followUpPathCount": 1}, "payload_build": {"elapsedMs": 499.318, "hasResume": true, "followUpMissionCount": 1}, "write_json": {"elapsedMs": 5.06, "fileCount": 4}, "totalMs": 2122.031}, "status": "ok", "elapsedMs": 2145.031}, {"aircraftID": 6, "label": "uav_tracking_6", "mode": "UAV_TRACK", "resolveArtifacts": {"elapsedMs": 0.021, "currentWaypointID": 669, "sourcePathID": 600000067, "sourceImpID": 800000108}, "loadArtifacts": {"elapsedMs": 0.003, "impLoaded": true, "fpLoaded": true}, "cloneAndLocateMission": {"elapsedMs": 0.13, "missionCount": 2, "targetIndex": 0}, "allocateAndPlanUpdate": {"elapsedMs": 9.114, "newImpID": 800000129}, "builder": {"elapsedMs": 1423.476, "builderMode": "UAV_TRACK"}, "builderDetail": {"allocate_ids": {"elapsedMs": 258.427, "donePathID": 600000078, "attackPathID": 600000079, "resumePathID": 600000080, "trackingIndividualID": 900000343, "resumeIndividualID": 900000344, "targetWaypointID": 810}, "split_done_resume": {"elapsedMs": 640.326, "sourceSinglePoint": false, "doneWaypointCount": 2, "resumeWaypointCount": 1, "removedWaypointID": 668}, "clone_followups": {"elapsedMs": 241.712, "followUpMissionCount": 1, "followUpPathCount": 1}, "release_resume": {"elapsedMs": 223.587, "releaseWaypointCount": 2, "targetFinishEtaS": 50}, "write_json": {"elapsedMs": 49.155, "fileCount": 5}, "totalMs": 1419.847}, "trackingState": {"elapsedMs": 10.538}, "status": "ok", "elapsedMs": 1444.253}, {"aircraftID": 4, "label": "uav_resume_4", "mode": "UAV_RESUME", "resolveArtifacts": {"elapsedMs": 0.036, "currentWaypointID": 660, "sourcePathID": 400000073, "sourceImpID": 800000106}, "loadArtifacts": {"elapsedMs": 0.005, "impLoaded": true, "fpLoaded": true}, "cloneAndLocateMission": {"elapsedMs": 0.217, "missionCount": 2, "targetIndex": 0}, "status": "handled_by_collab", "elapsedMs": 1.026}, {"aircraftID": 5, "label": "uav_resume_5", "mode": "UAV_RESUME", "resolveArtifacts": {"elapsedMs": 0.023, "currentWaypointID": 665, "sourcePathID": 500000064, "sourceImpID": 800000107}, "loadArtifacts": {"elapsedMs": 0.004, "impLoaded": true, "fpLoaded": true}, "cloneAndLocateMission": {"elapsedMs": 0.184, "missionCount": 2, "targetIndex": 0}, "status": "handled_by_collab", "elapsedMs": 0.868}], "totalMs": 9834}
[ATTACK] [ATTACK][TIME] override_total=9834ms
[ATTACK] [TIME] apply_attack_plan_overrides=9842ms
[ATTACK] [TIME] timingMs={"read_source": 14.472, "descriptor_build": 4.162, "write_artifacts": 9852.527, "delivery_wait": 8.436}
[ATTACK] [TIME] total=9880ms
[ATTACK] 분석 로그 저장: C:\Users\TRL98\Desktop\LAH_MUMT\Logs\Scenario_2026-05-21T085327\SBC3\DSS_Internal\log_attack_algorithm_20260521T010436_298937.json
[ATTACK] mark target used: targetIDs=67
[ATTACK-EXCLUDE] ATTACK-EXCLUDE using requested missionPlanID 700000467 (sourcePlanID=700000463)
[ATTACK-EXCLUDE] [PRIOR][UAV] Resume trimmed by currentWP (lastRemovedWP=659).
[ATTACK-EXCLUDE] [PRIOR][UAV] Added replan anchor waypoint to done path (anchorWP=763).
[ATTACK-EXCLUDE] [PRIOR][UAV] Resume sweep trim applied (cutPoints=44, rawCutPoints=44, doneSweepPoints=0, pathID=400000073).
[ATTACK-EXCLUDE] [PRIOR][UAV] Resume searchSpeed scaled (factor=1.30, waypoints=2).
[ATTACK-EXCLUDE] [PRIOR][UAV] Generated done/resume mission -> aircraft=4 IMP:800000121.json PATHS:400000081.json/400000082.json
[ATTACK-EXCLUDE] [PRIOR][UAV] Resume trimmed by currentWP (lastRemovedWP=664).
[ATTACK-EXCLUDE] [PRIOR][UAV] Added replan anchor waypoint to done path (anchorWP=785).
[ATTACK-EXCLUDE] [PRIOR][UAV] Resume sweep trim applied (cutPoints=50, rawCutPoints=50, doneSweepPoints=0, pathID=500000064).
[ATTACK-EXCLUDE] [PRIOR][UAV] Resume searchSpeed scaled (factor=1.30, waypoints=1).
[ATTACK-EXCLUDE] [PRIOR][UAV] Generated done/resume mission -> aircraft=5 IMP:800000123.json PATHS:500000072.json/500000073.json
[ATTACK-EXCLUDE] [PRIOR][UAV] Resume trimmed by currentWP (lastRemovedWP=668).
[ATTACK-EXCLUDE] [PRIOR][UAV] Added replan anchor waypoint to done path (anchorWP=800).
[ATTACK-EXCLUDE] [PRIOR][UAV] Resume sweep trim applied (cutPoints=46, rawCutPoints=46, doneSweepPoints=0, pathID=600000067).
[ATTACK-EXCLUDE] [PRIOR][UAV] Resume searchSpeed scaled (factor=1.30, waypoints=1).
[ATTACK-EXCLUDE] [PRIOR][UAV] Generated done/resume mission -> aircraft=6 IMP:800000127.json PATHS:600000075.json/600000076.json
[ATTACK-EXCLUDE] 공격 배제 MissionPlan 저장 -> 700000467.json (planID=700000467)
[ATTACK-EXCLUDE] ATTACK-EXCLUDE carried area remaining snapshot -> mission_area_snapshot_700000467.json (sourcePlanID=700000463, planID=700000467)
[ATTACK] 공격 임무 계획 완료 (planIds=700000466)
[INFO] UAV params loaded (cruise=40.00, turn_step=15.0)
[INFO] Latest input snapshot → 0201:ID=2,ts=832640581415,src=-, 0203:ID=1,ts=832638838538,src=-
[STEP 0] Using latest 0201 ID 2 (2.json)
[STEP 0] Using latest 0203 ID 1 (1.json)
[CHECK] 0201/0203 필수 데이터 확인 시작
[OK] 0201 inputMissionList 확인됨 (count=4) → 진행
[OK] 0201 availableAircraftList 확인됨 (count=6) → 진행
[OK] 0201 inputMissionPackageType=1 확인
[OK] 0201 mainSensor=1 확인
[CHECK] 0201 기체 수=6 (UAV=3, LAH=3)
[CHECK] 0201 임무: total=4 missingID=0 missingDetail=0 missingShape=0 unknownType=0 typeZeroAuto=0 typeZeroInvalid=0 lineOnlyViolation=0 skippedSinglePoint=0
[OK] 0203 takeOverInfoList 확인됨 (count=3) → 진행
[OK] 0203 handOverInfoList 확인됨 (count=3) → 진행
[OK] 0203 flightAreaList 확인됨 (count=1) → 진행
[CHECK] 0203 flightAreaList count=1
[INFO] 임무 진행영역 스냅샷 적용: sourcePlan=700000463, updated=2, done=0
[INFO] 임무 진행영역 재계획 collapse 적용: groups=2, normalized=3, 4
[INFO] Filtered completed input missions (removed=1, 2, converted=-, widthAdjusted=-, skippedSinglePoint=-, snapshot=updated=2, done=0, collapse=groups=2, normalized=3,4)
[REPLAN][TIME] variant_started_ms=9926.8 wall_ms=1779325476331 variant=1 option=3 mode=attack_exclusion
[variant 1] 공격 배제 병렬 결과 병합
[REPLAN][TIME] attack_exclusion_parallel_joined_ms=9934.8 wall_ms=1779325476339 variant=1 duration_ms=8010.802 wait_ms=0.009
[OK] 공격 배제 variant 저장: MissionPlanID=700000467 (elapsed=8010.8 ms)
[INFO] Option mapping #1: planID=700000467, optionCode=3(공격배제)
[REPLAN][TIME] variant_finished_ms=9935.0 wall_ms=1779325476339 variant=1 option=3 mode=attack_exclusion status=success duration_ms=8010.802
[OK] Stored mission data: MissionPlan=1, IndividualMission=0, FlightPath=0
[REPLAN][TIME] id_tab_update_deferred_ms=9936.0 wall_ms=1779325476340
[REPLAN][TIME] pipeline_done_ms=9936.1 wall_ms=1779325476340 plans=2 force_direct=False
[REPLAN][TIME] 0301_queued_ms=9936.1 wall_ms=1779325476340 plans=2
[STEP 4] 0301 push queued (planIds=700000466, 700000467)
[0301] missionPlanID=700000466 전송
[0301] missionPlanID=700000467 전송
[PUSH] 0301 direct batch send
[REPLAN][TIME] 0301_sent_ms=10413.6 wall_ms=1779325476817 plans=2
[REPLAN][TIME] post_0301_delivery_queued_ms=10414.4 wall_ms=1779325476818 grace_ms=0 timeout_ms=20 force_direct=0 mode=option_or_0901
[INFO] Post-0301 apply queued (mode=option_or_0901, grace=0ms, timeout=20ms, plans=2)
[REPLAN][TIME] 0305_status_2_ms=10419.3 wall_ms=1779325476823 reason=표적67 발견 재계획
[0305] status=2, reason=표적67 발견 재계획, elapsed=10.41s 전송
[REPLAN][TIME] post_0301_completion_ready_ms=10422.1 wall_ms=1779325476826 mode=option_or_0901
[REPLAN][METRIC] source_artifact_cache entries=21 hits=39 misses=21
[INFO] Post-0301 ready (timeout) -> sending 0901
[REPLAN][TIME] post_0301_flushed_ms=10440.1 wall_ms=1779325476844 delivery=0901 trigger=timeout
[REPLAN][TIME] 0901_sent_ms=10443.2 wall_ms=1779325476847 options=2
[0901] option request sent (count=2, codes=2(공격특화), 3(공격배제))
[REPLAN][TIME] id_tab_update_flushed_ms=10444.9 wall_ms=1779325476849
[REPLAN][TIME] 0902_received_ms=0.2 wall_ms=1779325486293 trigger=attack_2_option replanLevel=2 optionCount=2 forceDirect=0
[REPLAN][TIME] 0902_archived_ms=1.2 wall_ms=1779325486294 path=replan_request_832640685004.json
[AUTO] 0902 received (planIds=700000468, 700000469)
[REPLAN][TIME] pipeline_scheduled_ms=2.2 wall_ms=1779325486295 delay_ms=0
[REPLAN][TIME] scheduled_start_ms=3.0 wall_ms=1779325486296
[REPLAN][TIME] 0305_status_1_ms=5.0 wall_ms=1779325486298 reason=표적68 발견 재계획
[0305] status=1, reason=표적68 발견 재계획 전송
[INFO] Using latest 0203 ID 1 for missionReferencePackageID (fallback)
[STEP 0] Replan pipeline start (reason=표적68 발견 재계획)
[REPLAN][TIME] attack_exclusion_parallel_started_ms=9.5 wall_ms=1779325486302 option_index=2 sourcePlanID=700000467
[ATTACK-EXCLUDE] parallel generation started (sourcePlanID=700000467, optionIndex=2)
[ATTACK] 공격 특화 재계획 요청 감지 → 전용 파이프라인 실행
[ATTACK] [TIME] select_manned_aircraft=8ms
[ATTACK] STEP1 Selected manned aircraft: aircraft 2 (fuel=1200.0, coord=(37.722660064697266, 128.1003875732422, alt=1200))
[ATTACK] [TIME] load_target_entries=1ms
[ATTACK] STEP2 UAV tracking summary: watcher 4?’target 68, watcher 5?’target 57, watcher 4?’target 58, watcher 4?’target 63, watcher 4?’target unknown-16, watcher 4?’target unknown-2, watcher 4?’target unknown-21, watcher 4?’target unknown-22, watcher 4?’target unknown-25, watcher 4?’target unknown-28, watcher 4?’target unknown-30, watcher 4?’target unknown-32, watcher 4?’target unknown-4, watcher 4?’target unknown-5, watcher 4?’target unknown-8, watcher 5?’target unknown-1, watcher 5?’target unknown-11, watcher 5?’target unknown-18, watcher 5?’target unknown-19, watcher 5?’target unknown-26, watcher 5?’target unknown-3, watcher 5?’target unknown-31, watcher 5?’target unknown-33, watcher 5?’target unknown-6, watcher 5?’target unknown-9, watcher 6?’target unknown-10, watcher 6?’target unknown-13, watcher 6?’target unknown-14, watcher 6?’target unknown-15, watcher 6?’target unknown-17, watcher 6?’target unknown-20, watcher 6?’target unknown-23, watcher 6?’target unknown-24, watcher 6?’target unknown-27, watcher 6?’target unknown-29, watcher 6?’target unknown-34, watcher 6?’target unknown-7, watcher 4?’target 53, watcher 6?’target 54, watcher 4?’target 55, watcher 5?’target 56, watcher 6?’target 59, watcher 4?’target 59, watcher 5?’target 60, watcher 6?’target 61, watcher 6?’target 62, watcher 5?’target 64, watcher 4?’target 64, watcher 6?’target 65, watcher 4?’target 66, watcher 6?’target 67, watcher 4?’target 67
[ATTACK] STEP2.5 Using bundled 0402 targets: target=68 watcher=4
[ATTACK] [ATTACK] Selected target id=68 type=1 weaponType=2 (preferred=2, ammo={'type1': 500, 'type2': 7, 'type3': 2})
[ATTACK] [TIME] compute_attack_point=5ms
[ATTACK] STEP3 Attack plan completed: lat=37.897946, lon=128.172425, alt=960m
[ATTACK] [ATTACK] Using remembered waypoint 767 for watcher 4 while auto-tracking.
[ATTACK] [ATTACK] Weapon choice aircraft=2 preferred=2 selected=2 ammo={'type1': 500, 'type2': 7, 'type3': 2}
[ATTACK] [ATTACK][ETA] Tracking ETA computed with LAH max attack speed (dist=20492.5m, speed=73.61m/s, +30s) -> 308s
[ATTACK] [ATTACK] Using requested missionPlanID 700000468 (sourcePlanID=700000467)
[ATTACK] [ATTACK][POINT] Primary target adaptive standoff mode=far_projected_to_preferred_standoff currentDist=22492.49172649088m candidateDist=2000.000000000949m standoff=300.0/2000.0m.
[ATTACK] [ATTACK][ETA] UAV 5 remaining mission time: 0.0s
[ATTACK] [ATTACK][ETA] UAV 6 remaining mission time: 0.0s
[ATTACK] [ATTACK][ETA] Non-tracking UAV ETA selected: UAV 5 with 0s remaining
[ATTACK] [ATTACK][ETA] All tracking ETAs unified to 0s
[ATTACK] [ATTACK][COLLAB] Remaining UAV entry lookahead applied: 9.0s (pathFollow=3, linearFallback=3, currentOnly=0)
[ATTACK] [PRIOR] Falling back to first mission for aircraft 2 (current waypoint not found in plan).
[FOV_DB] loaded 7010 rows, 7008 unique widths, path=C:\Users\TRL98\Desktop\LAH_MUMT\branNew\KU\DSS_KU\resource\db\fov_db.csv
[ATTACK] [ATTACK][LAH] Using max attack speed 73.61m/s (265.0km/h) for aircraft 2.
[ATTACK] [ATTACK][LAH] Inferred current waypoint from position -> 683.
[ATTACK] [ATTACK][LAH] Dropped current waypoint from resume path (currentWP=683, nextWP=684).
[ATTACK] [ATTACK][LAH] Preserved completed prefix, inserted attack, and reattached 1 follow-up mission(s).
[ATTACK] [ATTACK][LAH] Generated attack/resume missions -> IMP:800000131.json PATHS:200000058.json/200000059.json (followUps=1)
[ATTACK] [PRIOR] Falling back to first mission for aircraft 1 (current waypoint not found in plan).
[ATTACK] [ATTACK][LAH] Inferred current waypoint from position -> 679.
[ATTACK] [ATTACK][LAH] Dropped current waypoint from resume path (currentWP=679, nextWP=680).
[ATTACK] [ATTACK][LAH] Preserved completed prefix, inserted hold, and reattached 1 follow-up mission(s).
[ATTACK] [ATTACK][LAH] Generated hold/resume missions -> IMP:800000134.json PATHS:100000054.json/100000055.json (followUps=1)
[ATTACK] [PRIOR] Falling back to first mission for aircraft 3 (current waypoint not found in plan).
[ATTACK] [ATTACK][LAH] Inferred current waypoint from position -> 687.
[ATTACK] [ATTACK][LAH] Dropped current waypoint from resume path (currentWP=687, nextWP=688).
[ATTACK] [ATTACK][LAH] Preserved completed prefix, inserted hold, and reattached 1 follow-up mission(s).
[ATTACK] [ATTACK][LAH] Generated hold/resume missions -> IMP:800000137.json PATHS:300000055.json/300000056.json (followUps=1)
[ATTACK] [NEXTCOLLAB] division planner area-division pieces=2
[ATTACK] [NEXTCOLLAB] division planner final workflow=no_split paths=2
[ATTACK] [ATTACK][COLLAB] Collaborative replacement IMP written (aircraft=5, imp=800000135.json, missions=1).
[ATTACK] [ATTACK][COLLAB] Collaborative replacement IMP written (aircraft=6, imp=800000136.json, missions=1).
[ATTACK] [ATTACK][COLLAB] First sweep searchSpeed boosted (aircraft=5, pathID=500000076, waypointID=838, factor=1.30, old=1041.99, new=1354.59).
[ATTACK] [ATTACK][COLLAB] First sweep searchSpeed boosted (aircraft=6, pathID=600000082, waypointID=850, factor=1.30, old=530.58, new=689.75).
[ATTACK] [ATTACK][COLLAB] Collaborative remaining mission replanned (inputMissionID=4, unavailable=[4], remaining=[5, 6], workflow=no_split).
[ATTACK] [ATTACK][UAV] Tracking target altitude kept for sensor only; flight altitude replaced 660m -> 1776m.
[ATTACK] [ATTACK][UAV] Trimmed stale start waypoint(s) before replan anchor (aircraft=4, pathID=400000082, removedWaypoints=1, firstWP=768).
[ATTACK] [ATTACK][UAV] Added replan anchor waypoint to done path (anchorWP=861).
[ATTACK] [ATTACK][UAV] Resume sweep trim applied (cutPoints=3, rawCutPoints=9, doneSweepPoints=6, pathID=400000082).
[ATTACK] [ATTACK][UAV] Resume searchSpeed scaled (factor=1.30, waypoints=1).
[ATTACK] [ATTACK][COLLAB] Tracking UAV resume replaced with release transit (aircraft=4, targetFinishEta=72, speed=58.0m/s).
[ATTACK] [ATTACK][UAV] Preserved completed prefix, inserted tracking, and reattached 1 follow-up mission(s).
[ATTACK] [ATTACK][UAV] Generated tracking/resume missions -> IMP:800000138.json PATHS:400000089.json/400000090.json (followUps=1)
[ATTACK] [ATTACK][UAV] Tracking assignment state saved (aircraft=4, sourcePlan=700000467, attackPlan=700000468).
[ATTACK] [ATTACK][COLLAB] Aircraft 5 handled by collaborative remaining replan (inputMissionID=4).
[ATTACK] [ATTACK][COLLAB] Aircraft 6 handled by collaborative remaining replan (inputMissionID=4).
[ATTACK] [ATTACK][PLAN] carried area remaining snapshot -> mission_area_snapshot_700000468.json (sourcePlanID=700000467, planID=700000468)
[ATTACK] [ATTACK][PLAN] MissionPlan saved -> 700000468.json (planID=700000468)
[ATTACK] [ATTACK][TIME] override_detail={"phases": {"metadata_normalize": {"elapsedMs": 0.006, "attackTargetCount": 1, "selectedMannedCount": 1}, "agent_index": {"elapsedMs": 0.084, "aircraftCount": 6}, "weapon_choice": {"elapsedMs": 4.996, "selectedWeaponType": 2, "ammoAvailable": true}, "initial_tracking_eta": {"elapsedMs": 0.783, "useDetectionTracking": true, "trackingEtaS": 308}, "resolve_source_plan": {"elapsedMs": 3.495, "sourcePlanID": 700000467}, "source_plan_load": {"elapsedMs": 0.491, "sourcePlanID": 700000467, "aircraftCount": 6}, "sweep_progress_load": {"elapsedMs": 0.632, "entries": 46}, "plan_id_resolve": {"elapsedMs": 0.02, "requested": true, "missionPlanID": 700000468}, "source_artifact_cache_build": {"elapsedMs": 0.017, "aircraftEntries": 6}, "done_input_ids_load": {"elapsedMs": 1.05, "count": 2}, "plan_deepcopy": {"elapsedMs": 0.05}, "target_uav_assignment": {"elapsedMs": 0.521, "assignedTargetCount": 1, "usedTrackingUavCount": 1}, "manned_sequence_assignment": {"elapsedMs": 2.864, "aircraftCount": 1, "error": null}, "attack_coordinate_resolution": {"elapsedMs": 2.697, "resolvedCount": 1, "mannedSequenceCount": 1}, "remaining_eta": {"elapsedMs": 6.66, "allUavCount": 3, "trackingUavCount": 1, "computedEtaCount": 1, "adjustedEtaS": 0}, "descriptor_list_build": {"elapsedMs": 0.033, "descriptorCount": 6, "activeMannedCount": 1, "otherLahCount": 2, "otherUavCount": 2}, "collab_tracking_scan": {"elapsedMs": 1.327, "inputCount": 1, "unavailableUavCount": 1}, "collab_agent_state_map": {"elapsedMs": 6.975, "aircraftCount": 6}, "collab_parallel_started": {"elapsedMs": 0.767, "inputCount": 1, "workers": 1}, "collab_parallel_join": {"elapsedMs": 3.541, "waitReason": "UAV_TRACK", "inputCount": 1}, "descriptor_loop": {"elapsedMs": 8427.038, "descriptorCount": 6, "updateCount": 4}, "final_collab_plan_update": {"elapsedMs": 0.014, "collabInputCount": 1}, "mission_plan_write": {"elapsedMs": 15.253, "missionPlanID": 700000468}, "option_meta_build": {"elapsedMs": 0.07, "targetCount": 1, "collabInputCount": 1}}, "collabRuns": [{"inputMissionID": 4, "unavailableAircraftIDs": [4], "elapsedMs": 5316.704, "status": "ok", "replacementAircraftIDs": [5, 6], "generatedPathCount": 2, "finishEtaS": 72, "workflow": "no_split"}], "descriptorDetails": [{"aircraftID": 2, "label": "manned", "mode": "LAH_ATTACK", "resolveArtifacts": {"elapsedMs": 0.784, "currentWaypointID": null, "sourcePathID": 200000049, "sourceImpID": 800000104}, "loadArtifacts": {"elapsedMs": 0.004, "impLoaded": true, "fpLoaded": true}, "cloneAndLocateMission": {"elapsedMs": 0.069, "missionCount": 2, "targetIndex": 0}, "allocateAndPlanUpdate": {"elapsedMs": 17.607, "newImpID": 800000131}, "builder": {"elapsedMs": 3458.596, "builderMode": "LAH_ATTACK"}, "builderDetail": {"allocate_ids": {"elapsedMs": 1086.543, "attackPathID": 200000058, "resumePathID": 200000059, "attackIndividualID": 900000348, "resumeIndividualID": 900000349, "entryWaypointID": 823, "attackWaypointID": 825}, "split_lah_resume": {"elapsedMs": 931.464, "resumeWaypointCount": 1, "removedWaypointID": 683}, "clone_followups": {"elapsedMs": 739.106, "followUpMissionCount": 1, "followUpPathCount": 1}, "payload_build": {"elapsedMs": 691.561, "hasResume": true, "followUpMissionCount": 1, "attackSpeedMps": 73.61}, "write_json": {"elapsedMs": 4.818, "fileCount": 4}, "totalMs": 3456.833}, "status": "ok", "elapsedMs": 3477.178}, {"aircraftID": 1, "label": "lah_hold_1", "mode": "LAH_HOLD_RESUME", "resolveArtifacts": {"elapsedMs": 0.675, "currentWaypointID": null, "sourcePathID": 100000045, "sourceImpID": 800000103}, "loadArtifacts": {"elapsedMs": 0.005, "impLoaded": true, "fpLoaded": true}, "cloneAndLocateMission": {"elapsedMs": 0.089, "missionCount": 2, "targetIndex": 0}, "allocateAndPlanUpdate": {"elapsedMs": 26.363, "newImpID": 800000134}, "builder": {"elapsedMs": 2265.355, "builderMode": "LAH_HOLD_RESUME"}, "builderDetail": {"allocate_ids": {"elapsedMs": 45.459, "holdPathID": 100000054, "resumePathID": 100000055, "holdIndividualID": 900000356, "resumeIndividualID": 900000357}, "split_lah_resume": {"elapsedMs": 1253.205, "resumeWaypointCount": 1, "removedWaypointID": 679}, "clone_followups": {"elapsedMs": 718.733, "followUpMissionCount": 1, "followUpPathCount": 1}, "payload_build": {"elapsedMs": 958.891, "hasResume": true, "followUpMissionCount": 1}, "write_json": {"elapsedMs": 4.353, "fileCount": 4}, "totalMs": 2265.314}, "status": "ok", "elapsedMs": 2292.608}, {"aircraftID": 3, "label": "lah_hold_3", "mode": "LAH_HOLD_RESUME", "resolveArtifacts": {"elapsedMs": 0.575, "currentWaypointID": null, "sourcePathID": 300000046, "sourceImpID": 800000105}, "loadArtifacts": {"elapsedMs": 0.005, "impLoaded": true, "fpLoaded": true}, "cloneAndLocateMission": {"elapsedMs": 0.09, "missionCount": 2, "targetIndex": 0}, "allocateAndPlanUpdate": {"elapsedMs": 6.551, "newImpID": 800000137}, "builder": {"elapsedMs": 1125.531, "builderMode": "LAH_HOLD_RESUME"}, "builderDetail": {"allocate_ids": {"elapsedMs": 18.106, "holdPathID": 300000055, "resumePathID": 300000056, "holdIndividualID": 900000360, "resumeIndividualID": 900000361}, "split_lah_resume": {"elapsedMs": 656.423, "resumeWaypointCount": 1, "removedWaypointID": 687}, "clone_followups": {"elapsedMs": 239.878, "followUpMissionCount": 1, "followUpPathCount": 1}, "payload_build": {"elapsedMs": 443.741, "hasResume": true, "followUpMissionCount": 1}, "write_json": {"elapsedMs": 4.05, "fileCount": 4}, "totalMs": 1125.497}, "status": "ok", "elapsedMs": 1132.871}, {"aircraftID": 4, "label": "uav_tracking_4", "mode": "UAV_TRACK", "resolveArtifacts": {"elapsedMs": 0.022, "currentWaypointID": 767, "sourcePathID": 400000082, "sourceImpID": 800000121}, "loadArtifacts": {"elapsedMs": 0.004, "impLoaded": true, "fpLoaded": true}, "cloneAndLocateMission": {"elapsedMs": 0.126, "missionCount": 2, "targetIndex": 0}, "allocateAndPlanUpdate": {"elapsedMs": 7.806, "newImpID": 800000138}, "builder": {"elapsedMs": 1500.884, "builderMode": "UAV_TRACK"}, "builderDetail": {"allocate_ids": {"elapsedMs": 277.2, "donePathID": 400000088, "attackPathID": 400000089, "resumePathID": 400000090, "trackingIndividualID": 900000363, "resumeIndividualID": 900000364, "targetWaypointID": 860}, "split_done_resume": {"elapsedMs": 661.367, "sourceSinglePoint": false, "doneWaypointCount": 2, "resumeWaypointCount": 1, "removedWaypointID": 767}, "clone_followups": {"elapsedMs": 263.32, "followUpMissionCount": 1, "followUpPathCount": 1}, "release_resume": {"elapsedMs": 232.816, "releaseWaypointCount": 2, "targetFinishEtaS": 72}, "write_json": {"elapsedMs": 59.357, "fileCount": 5}, "totalMs": 1498.374}, "trackingState": {"elapsedMs": 8.787}, "status": "ok", "elapsedMs": 1518.487}, {"aircraftID": 5, "label": "uav_resume_5", "mode": "UAV_RESUME", "resolveArtifacts": {"elapsedMs": 0.026, "currentWaypointID": 790, "sourcePathID": 500000073, "sourceImpID": 800000123}, "loadArtifacts": {"elapsedMs": 0.004, "impLoaded": true, "fpLoaded": true}, "cloneAndLocateMission": {"elapsedMs": 0.173, "missionCount": 2, "targetIndex": 0}, "status": "handled_by_collab", "elapsedMs": 0.951}, {"aircraftID": 6, "label": "uav_resume_6", "mode": "UAV_RESUME", "resolveArtifacts": {"elapsedMs": 0.02, "currentWaypointID": 804, "sourcePathID": 600000076, "sourceImpID": 800000127}, "loadArtifacts": {"elapsedMs": 0.004, "impLoaded": true, "fpLoaded": true}, "cloneAndLocateMission": {"elapsedMs": 0.214, "missionCount": 2, "targetIndex": 0}, "status": "handled_by_collab", "elapsedMs": 0.878}], "totalMs": 8469}
[ATTACK] [ATTACK][TIME] override_total=8469ms
[ATTACK] [TIME] apply_attack_plan_overrides=8482ms
[ATTACK] [TIME] timingMs={"read_source": 11.134, "descriptor_build": 4.438, "write_artifacts": 8488.9, "delivery_wait": 7.778}
[ATTACK] [TIME] total=8513ms
[ATTACK] 분석 로그 저장: C:\Users\TRL98\Desktop\LAH_MUMT\Logs\Scenario_2026-05-21T085327\SBC3\DSS_Internal\log_attack_algorithm_20260521T010454_816377.json
[ATTACK] mark target used: targetIDs=68
[ATTACK-EXCLUDE] ATTACK-EXCLUDE using requested missionPlanID 700000469 (sourcePlanID=700000467)
[ATTACK-EXCLUDE] [PRIOR][UAV] Resume sweep trim applied (cutPoints=9, rawCutPoints=9, doneSweepPoints=0, pathID=400000082).
[ATTACK-EXCLUDE] [PRIOR][UAV] Resume searchSpeed scaled (factor=1.30, waypoints=1).
[ATTACK-EXCLUDE] [PRIOR][UAV] Generated done/resume mission -> aircraft=4 IMP:800000130.json PATHS:400000086.json
[ATTACK-EXCLUDE] [PRIOR][UAV] Resume sweep trim applied (cutPoints=4, rawCutPoints=4, doneSweepPoints=0, pathID=500000073).
[ATTACK-EXCLUDE] [PRIOR][UAV] Resume searchSpeed scaled (factor=1.30, waypoints=1).
[ATTACK-EXCLUDE] [PRIOR][UAV] Generated done/resume mission -> aircraft=5 IMP:800000132.json PATHS:500000078.json
[ATTACK-EXCLUDE] [PRIOR][UAV] Resume sweep trim applied (cutPoints=14, rawCutPoints=14, doneSweepPoints=0, pathID=600000076).
[ATTACK-EXCLUDE] [PRIOR][UAV] Resume searchSpeed scaled (factor=1.30, waypoints=1).
[ATTACK-EXCLUDE] [PRIOR][UAV] Generated done/resume mission -> aircraft=6 IMP:800000133.json PATHS:600000084.json
[ATTACK-EXCLUDE] 공격 배제 MissionPlan 저장 -> 700000469.json (planID=700000469)
[ATTACK-EXCLUDE] ATTACK-EXCLUDE carried area remaining snapshot -> mission_area_snapshot_700000469.json (sourcePlanID=700000467, planID=700000469)
[ATTACK] 공격 임무 계획 완료 (planIds=700000468)
[INFO] UAV params loaded (cruise=40.00, turn_step=15.0)
[INFO] Latest input snapshot → 0201:ID=2,ts=832640581415,src=-, 0203:ID=1,ts=832638838538,src=-
[STEP 0] Using latest 0201 ID 2 (2.json)
[STEP 0] Using latest 0203 ID 1 (1.json)
[CHECK] 0201/0203 필수 데이터 확인 시작
[OK] 0201 inputMissionList 확인됨 (count=4) → 진행
[OK] 0201 availableAircraftList 확인됨 (count=6) → 진행
[OK] 0201 inputMissionPackageType=1 확인
[OK] 0201 mainSensor=1 확인
[CHECK] 0201 기체 수=6 (UAV=3, LAH=3)
[CHECK] 0201 임무: total=4 missingID=0 missingDetail=0 missingShape=0 unknownType=0 typeZeroAuto=0 typeZeroInvalid=0 lineOnlyViolation=0 skippedSinglePoint=0
[OK] 0203 takeOverInfoList 확인됨 (count=3) → 진행
[OK] 0203 handOverInfoList 확인됨 (count=3) → 진행
[OK] 0203 flightAreaList 확인됨 (count=1) → 진행
[CHECK] 0203 flightAreaList count=1
[INFO] 임무 진행영역 스냅샷 적용: sourcePlan=700000467, updated=2, done=0
[INFO] 임무 진행영역 재계획 collapse 적용: groups=2, normalized=3, 4
[INFO] Filtered completed input missions (removed=1, 2, converted=-, widthAdjusted=-, skippedSinglePoint=-, snapshot=updated=2, done=0, collapse=groups=2, normalized=3,4)
[REPLAN][TIME] variant_started_ms=8559.2 wall_ms=1779325494851 variant=1 option=3 mode=attack_exclusion
[variant 1] 공격 배제 병렬 결과 병합
[REPLAN][TIME] attack_exclusion_parallel_joined_ms=8566.1 wall_ms=1779325494858 variant=1 duration_ms=5104.82 wait_ms=0.01
[OK] 공격 배제 variant 저장: MissionPlanID=700000469 (elapsed=5104.8 ms)
[INFO] Option mapping #1: planID=700000469, optionCode=3(공격배제)
[REPLAN][TIME] variant_finished_ms=8566.3 wall_ms=1779325494858 variant=1 option=3 mode=attack_exclusion status=success duration_ms=5104.82
[OK] Stored mission data: MissionPlan=1, IndividualMission=0, FlightPath=0
[REPLAN][TIME] id_tab_update_deferred_ms=8567.3 wall_ms=1779325494860
[REPLAN][TIME] pipeline_done_ms=8567.4 wall_ms=1779325494860 plans=2 force_direct=False
[REPLAN][TIME] 0301_queued_ms=8567.5 wall_ms=1779325494860 plans=2
[STEP 4] 0301 push queued (planIds=700000468, 700000469)
[0402] delivery suppressed before 0301: Target 정보 변경으로 인한 재계획 중단
[0001] notice sent: Target 정보 변경으로 인한 재계획 중단
[REPLAN][METRIC] source_artifact_cache entries=21 hits=39 misses=21
[REPLAN][TIME] 0902_received_ms=0.3 wall_ms=1779325496058 trigger=attack_2_option replanLevel=2 optionCount=2 forceDirect=0
[REPLAN][TIME] 0902_archived_ms=1.4 wall_ms=1779325496059 path=replan_request_832640686511.json
[AUTO] 0902 received (planIds=700000470, 700000471)
[REPLAN][TIME] pipeline_scheduled_ms=2.5 wall_ms=1779325496060 delay_ms=0
[REPLAN][TIME] scheduled_start_ms=3.4 wall_ms=1779325496061
[REPLAN][TIME] 0305_status_1_ms=5.5 wall_ms=1779325496063 reason=표적69 등 2개 발견
[0305] status=1, reason=표적69 등 2개 발견 전송
[INFO] Using latest 0203 ID 1 for missionReferencePackageID (fallback)
[STEP 0] Replan pipeline start (reason=표적69 등 2개 발견)
[REPLAN][TIME] attack_exclusion_parallel_started_ms=12.2 wall_ms=1779325496070 option_index=2 sourcePlanID=700000467
[ATTACK-EXCLUDE] parallel generation started (sourcePlanID=700000467, optionIndex=2)
[ATTACK] 공격 특화 재계획 요청 감지 → 전용 파이프라인 실행
[ATTACK] [TIME] select_manned_aircraft=10ms
[ATTACK] STEP1 Selected manned aircraft: aircraft 3 (fuel=1200.0, coord=(37.720611572265625, 128.11573791503906, alt=1200))
[ATTACK] [TIME] load_target_entries=1ms
[ATTACK] STEP2 UAV tracking summary: watcher 4?’target 68, watcher 6?’target 69, watcher 5?’target 57, watcher 4?’target 58, watcher 4?’target 63, watcher 4?’target unknown-16, watcher 4?’target unknown-2, watcher 4?’target unknown-21, watcher 4?’target unknown-22, watcher 4?’target unknown-25, watcher 4?’target unknown-28, watcher 4?’target unknown-30, watcher 4?’target unknown-32, watcher 4?’target unknown-4, watcher 4?’target unknown-5, watcher 4?’target unknown-8, watcher 5?’target unknown-1, watcher 5?’target unknown-11, watcher 5?’target unknown-18, watcher 5?’target unknown-19, watcher 5?’target unknown-26, watcher 5?’target unknown-3, watcher 5?’target unknown-31, watcher 5?’target unknown-33, watcher 5?’target unknown-35, watcher 5?’target unknown-6, watcher 5?’target unknown-9, watcher 6?’target unknown-10, watcher 6?’target unknown-13, watcher 6?’target unknown-14, watcher 6?’target unknown-15, watcher 6?’target unknown-17, watcher 6?’target unknown-20, watcher 6?’target unknown-23, watcher 6?’target unknown-24, watcher 6?’target unknown-27, watcher 6?’target unknown-29, watcher 6?’target unknown-34, watcher 6?’target unknown-7, watcher 4?’target 53, watcher 6?’target 54, watcher 4?’target 55, watcher 5?’target 56, watcher 6?’target 59, watcher 4?’target 59, watcher 5?’target 60, watcher 6?’target 61, watcher 6?’target 62, watcher 5?’target 64, watcher 4?’target 64, watcher 6?’target 65, watcher 4?’target 66, watcher 6?’target 67, watcher 4?’target 67
[ATTACK] STEP2.5 Using bundled 0402 targets: target=69 watcher=6, target=68 watcher=4
[ATTACK] STEP2.6 Multi-target manned selection: 2, 3
[ATTACK] [ATTACK] Selected target id=69 type=1 weaponType=2 (preferred=2, ammo={'type1': 500, 'type2': 7, 'type3': 2})
[ATTACK] [TIME] compute_attack_point=8ms
[ATTACK] STEP3 Attack plan completed: lat=37.896478, lon=128.158619, alt=1048m
[ATTACK] [ATTACK] Using remembered waypoint 804 for watcher 6 while auto-tracking.
[ATTACK] [ATTACK] Weapon choice aircraft=2 preferred=2 selected=2 ammo={'type1': 500, 'type2': 7, 'type3': 2}
[ATTACK] [ATTACK][ETA] Tracking ETA computed with LAH max attack speed (dist=19993.2m, speed=73.61m/s, +30s) -> 302s
[ATTACK] [ATTACK] Using requested missionPlanID 700000470 (sourcePlanID=700000467)
[ATTACK] [ATTACK][ETA] UAV 5 remaining mission time: 0.0s
[ATTACK] [ATTACK][ETA] Non-tracking UAV ETA selected: UAV 5 with 0s remaining
[ATTACK] [ATTACK][ETA] All tracking ETAs unified to 0s
[ATTACK] [ATTACK][COLLAB] Remaining UAV entry lookahead applied: 9.0s (pathFollow=3, linearFallback=3, currentOnly=0)
[ATTACK] [PRIOR] Falling back to first mission for aircraft 2 (current waypoint not found in plan).
[FOV_DB] loaded 7010 rows, 7008 unique widths, path=C:\Users\TRL98\Desktop\LAH_MUMT\branNew\KU\DSS_KU\resource\db\fov_db.csv
[ATTACK] [ATTACK][LAH] Using max attack speed 73.61m/s (265.0km/h) for aircraft 2.
[ATTACK] [ATTACK][LAH] Inferred current waypoint from position -> 683.
[ATTACK] [ATTACK][LAH] Dropped current waypoint from resume path (currentWP=683, nextWP=684).
[ATTACK] [ATTACK][LAH] Preserved completed prefix, inserted attack, and reattached 1 follow-up mission(s).
[ATTACK] [ATTACK][LAH] Generated attack/resume missions -> IMP:800000140.json PATHS:200000061.json/200000062.json (followUps=1)
[ATTACK] [PRIOR] Falling back to first mission for aircraft 3 (current waypoint not found in plan).
[ATTACK] [ATTACK][LAH] Using max attack speed 73.61m/s (265.0km/h) for aircraft 3.
[ATTACK] [ATTACK][LAH] Inferred current waypoint from position -> 687.
[ATTACK] [ATTACK][LAH] Dropped current waypoint from resume path (currentWP=687, nextWP=688).
[ATTACK] [ATTACK][LAH] Preserved completed prefix, inserted attack, and reattached 1 follow-up mission(s).
[ATTACK] [ATTACK][LAH] Generated attack/resume missions -> IMP:800000144.json PATHS:300000058.json/300000059.json (followUps=1)
[ATTACK] [PRIOR] Falling back to first mission for aircraft 1 (current waypoint not found in plan).
[ATTACK] [ATTACK][LAH] Inferred current waypoint from position -> 679.
[ATTACK] [ATTACK][LAH] Dropped current waypoint from resume path (currentWP=679, nextWP=680).
[ATTACK] [ATTACK][LAH] Preserved completed prefix, inserted hold, and reattached 1 follow-up mission(s).
[ATTACK] [ATTACK][LAH] Generated hold/resume missions -> IMP:800000145.json PATHS:100000057.json/100000058.json (followUps=1)
[ATTACK] [NEXTCOLLAB] division planner area-division pieces=1
[ATTACK] [NEXTCOLLAB] division planner final workflow=no_split paths=1
[ATTACK] [ATTACK][COLLAB] Collaborative replacement IMP written (aircraft=5, imp=800000142.json, missions=1).
[ATTACK] [ATTACK][COLLAB] First sweep searchSpeed boosted (aircraft=5, pathID=500000080, waypointID=882, factor=1.30, old=2360.00, new=3068.00).
[ATTACK] [ATTACK][COLLAB] Collaborative remaining mission replanned (inputMissionID=4, unavailable=[4, 6], remaining=[5], workflow=no_split).
[ATTACK] [ATTACK][UAV] Source path has a single waypoint; preserving it as done and skipping done/resume split.
[ATTACK] [ATTACK][COLLAB] Tracking UAV resume replaced with release transit (aircraft=6, targetFinishEta=47, speed=58.0m/s).
[ATTACK] [ATTACK][UAV] Preserved completed prefix, inserted tracking, and reattached 1 follow-up mission(s).
[ATTACK] [ATTACK][UAV] Generated tracking/resume missions -> IMP:800000146.json PATHS:600000090.json/600000091.json (followUps=1)
[ATTACK] [ATTACK][UAV] Tracking assignment state saved (aircraft=6, sourcePlan=700000467, attackPlan=700000470).
[ATTACK] [ATTACK][UAV] Tracking target altitude kept for sensor only; flight altitude replaced 660m -> 1776m.
[ATTACK] [ATTACK][UAV] Trimmed stale start waypoint(s) before replan anchor (aircraft=4, pathID=400000082, removedWaypoints=1, firstWP=768).
[ATTACK] [ATTACK][UAV] Added replan anchor waypoint to done path (anchorWP=915).
[ATTACK] [ATTACK][UAV] Resume sweep trim applied (cutPoints=3, rawCutPoints=9, doneSweepPoints=6, pathID=400000082).
[ATTACK] [ATTACK][UAV] Resume searchSpeed scaled (factor=1.30, waypoints=1).
[ATTACK] [ATTACK][COLLAB] Tracking UAV resume replaced with release transit (aircraft=4, targetFinishEta=47, speed=58.0m/s).
[ATTACK] [ATTACK][UAV] Preserved completed prefix, inserted tracking, and reattached 1 follow-up mission(s).
[ATTACK] [ATTACK][UAV] Generated tracking/resume missions -> IMP:800000147.json PATHS:400000096.json/400000097.json (followUps=1)
[ATTACK] [ATTACK][UAV] Tracking assignment state saved (aircraft=4, sourcePlan=700000467, attackPlan=700000470).
[ATTACK] [ATTACK][COLLAB] Aircraft 5 handled by collaborative remaining replan (inputMissionID=4).
[ATTACK] [ATTACK][PLAN] carried area remaining snapshot -> mission_area_snapshot_700000470.json (sourcePlanID=700000467, planID=700000470)
[ATTACK] [ATTACK][PLAN] MissionPlan saved -> 700000470.json (planID=700000470)
[ATTACK] [ATTACK][TIME] override_detail={"phases": {"metadata_normalize": {"elapsedMs": 0.006, "attackTargetCount": 2, "selectedMannedCount": 2}, "agent_index": {"elapsedMs": 0.083, "aircraftCount": 6}, "weapon_choice": {"elapsedMs": 2.622, "selectedWeaponType": 2, "ammoAvailable": true}, "initial_tracking_eta": {"elapsedMs": 0.449, "useDetectionTracking": true, "trackingEtaS": 302}, "resolve_source_plan": {"elapsedMs": 1.937, "sourcePlanID": 700000467}, "source_plan_load": {"elapsedMs": 0.454, "sourcePlanID": 700000467, "aircraftCount": 6}, "sweep_progress_load": {"elapsedMs": 0.773, "entries": 46}, "plan_id_resolve": {"elapsedMs": 0.021, "requested": true, "missionPlanID": 700000470}, "source_artifact_cache_build": {"elapsedMs": 0.012, "aircraftEntries": 6}, "done_input_ids_load": {"elapsedMs": 1.338, "count": 2}, "plan_deepcopy": {"elapsedMs": 0.052}, "target_uav_assignment": {"elapsedMs": 0.673, "assignedTargetCount": 2, "usedTrackingUavCount": 2}, "manned_sequence_assignment": {"elapsedMs": 11.841, "aircraftCount": 2, "error": null}, "attack_coordinate_resolution": {"elapsedMs": 10.764, "resolvedCount": 2, "mannedSequenceCount": 2}, "remaining_eta": {"elapsedMs": 3.705, "allUavCount": 3, "trackingUavCount": 2, "computedEtaCount": 2, "adjustedEtaS": 0}, "descriptor_list_build": {"elapsedMs": 0.028, "descriptorCount": 6, "activeMannedCount": 2, "otherLahCount": 1, "otherUavCount": 1}, "collab_tracking_scan": {"elapsedMs": 2.806, "inputCount": 1, "unavailableUavCount": 2}, "collab_agent_state_map": {"elapsedMs": 26.24, "aircraftCount": 6}, "collab_parallel_started": {"elapsedMs": 0.885, "inputCount": 1, "workers": 1}, "collab_parallel_join": {"elapsedMs": 2.371, "waitReason": "UAV_TRACK", "inputCount": 1}, "descriptor_loop": {"elapsedMs": 9453.189, "descriptorCount": 6, "updateCount": 5}, "final_collab_plan_update": {"elapsedMs": 0.009, "collabInputCount": 1}, "mission_plan_write": {"elapsedMs": 9.73, "missionPlanID": 700000470}, "option_meta_build": {"elapsedMs": 0.046, "targetCount": 2, "collabInputCount": 1}}, "collabRuns": [{"inputMissionID": 4, "unavailableAircraftIDs": [4, 6], "elapsedMs": 2846.95, "status": "ok", "replacementAircraftIDs": [5], "generatedPathCount": 1, "finishEtaS": 47, "workflow": "no_split"}], "descriptorDetails": [{"aircraftID": 2, "label": "manned", "mode": "LAH_ATTACK", "resolveArtifacts": {"elapsedMs": 0.59, "currentWaypointID": null, "sourcePathID": 200000049, "sourceImpID": 800000104}, "loadArtifacts": {"elapsedMs": 0.004, "impLoaded": true, "fpLoaded": true}, "cloneAndLocateMission": {"elapsedMs": 0.096, "missionCount": 2, "targetIndex": 0}, "allocateAndPlanUpdate": {"elapsedMs": 356.106, "newImpID": 800000140}, "builder": {"elapsedMs": 3227.392, "builderMode": "LAH_ATTACK"}, "builderDetail": {"allocate_ids": {"elapsedMs": 873.61, "attackPathID": 200000061, "resumePathID": 200000062, "attackIndividualID": 900000369, "resumeIndividualID": 900000370, "entryWaypointID": 874, "attackWaypointID": 875}, "split_lah_resume": {"elapsedMs": 1048.996, "resumeWaypointCount": 1, "removedWaypointID": 683}, "clone_followups": {"elapsedMs": 1030.397, "followUpMissionCount": 1, "followUpPathCount": 1}, "payload_build": {"elapsedMs": 263.604, "hasResume": true, "followUpMissionCount": 1, "attackSpeedMps": 73.61}, "write_json": {"elapsedMs": 4.213, "fileCount": 4}, "totalMs": 3224.158}, "status": "ok", "elapsedMs": 3584.323}, {"aircraftID": 3, "label": "manned", "mode": "LAH_ATTACK", "resolveArtifacts": {"elapsedMs": 0.823, "currentWaypointID": null, "sourcePathID": 300000046, "sourceImpID": 800000105}, "loadArtifacts": {"elapsedMs": 0.006, "impLoaded": true, "fpLoaded": true}, "cloneAndLocateMission": {"elapsedMs": 0.118, "missionCount": 2, "targetIndex": 0}, "allocateAndPlanUpdate": {"elapsedMs": 16.394, "newImpID": 800000144}, "builder": {"elapsedMs": 2199.395, "builderMode": "LAH_ATTACK"}, "builderDetail": {"allocate_ids": {"elapsedMs": 720.246, "attackPathID": 300000058, "resumePathID": 300000059, "attackIndividualID": 900000376, "resumeIndividualID": 900000377, "entryWaypointID": 890, "attackWaypointID": 894}, "split_lah_resume": {"elapsedMs": 967.891, "resumeWaypointCount": 1, "removedWaypointID": 687}, "clone_followups": {"elapsedMs": 244.448, "followUpMissionCount": 1, "followUpPathCount": 1}, "payload_build": {"elapsedMs": 254.457, "hasResume": true, "followUpMissionCount": 1, "attackSpeedMps": 73.61}, "write_json": {"elapsedMs": 3.426, "fileCount": 4}, "totalMs": 2193.839}, "status": "ok", "elapsedMs": 2216.886}, {"aircraftID": 1, "label": "lah_hold_1", "mode": "LAH_HOLD_RESUME", "resolveArtifacts": {"elapsedMs": 0.625, "currentWaypointID": null, "sourcePathID": 100000045, "sourceImpID": 800000103}, "loadArtifacts": {"elapsedMs": 0.006, "impLoaded": true, "fpLoaded": true}, "cloneAndLocateMission": {"elapsedMs": 0.145, "missionCount": 2, "targetIndex": 0}, "allocateAndPlanUpdate": {"elapsedMs": 7.067, "newImpID": 800000145}, "builder": {"elapsedMs": 1264.461, "builderMode": "LAH_HOLD_RESUME"}, "builderDetail": {"allocate_ids": {"elapsedMs": 22.516, "holdPathID": 100000057, "resumePathID": 100000058, "holdIndividualID": 900000379, "resumeIndividualID": 900000380}, "split_lah_resume": {"elapsedMs": 748.871, "resumeWaypointCount": 1, "removedWaypointID": 679}, "clone_followups": {"elapsedMs": 256.375, "followUpMissionCount": 1, "followUpPathCount": 1}, "payload_build": {"elapsedMs": 485.148, "hasResume": true, "followUpMissionCount": 1}, "write_json": {"elapsedMs": 4.213, "fileCount": 4}, "totalMs": 1264.418}, "status": "ok", "elapsedMs": 1272.454}, {"aircraftID": 6, "label": "uav_tracking_6", "mode": "UAV_TRACK", "resolveArtifacts": {"elapsedMs": 0.023, "currentWaypointID": 804, "sourcePathID": 600000076, "sourceImpID": 800000127}, "loadArtifacts": {"elapsedMs": 0.004, "impLoaded": true, "fpLoaded": true}, "cloneAndLocateMission": {"elapsedMs": 0.169, "missionCount": 2, "targetIndex": 0}, "allocateAndPlanUpdate": {"elapsedMs": 7.724, "newImpID": 800000146}, "builder": {"elapsedMs": 795.547, "builderMode": "UAV_TRACK"}, "builderDetail": {"allocate_ids": {"elapsedMs": 265.112, "donePathID": 600000089, "attackPathID": 600000090, "resumePathID": 600000091, "trackingIndividualID": 900000382, "resumeIndividualID": 900000383, "targetWaypointID": 908}, "split_done_resume": {"elapsedMs": 0.825, "sourceSinglePoint": true, "doneWaypointCount": 1, "resumeWaypointCount": 0, "removedWaypointID": 804}, "clone_followups": {"elapsedMs": 259.933, "followUpMissionCount": 1, "followUpPathCount": 1}, "release_resume": {"elapsedMs": 225.351, "releaseWaypointCount": 2, "targetFinishEtaS": 47}, "write_json": {"elapsedMs": 37.696, "fileCount": 5}, "totalMs": 793.114}, "trackingState": {"elapsedMs": 2.328}, "status": "ok", "elapsedMs": 806.724}, {"aircraftID": 4, "label": "uav_tracking_4", "mode": "UAV_TRACK", "resolveArtifacts": {"elapsedMs": 0.024, "currentWaypointID": 767, "sourcePathID": 400000082, "sourceImpID": 800000121}, "loadArtifacts": {"elapsedMs": 0.004, "impLoaded": true, "fpLoaded": true}, "cloneAndLocateMission": {"elapsedMs": 0.164, "missionCount": 2, "targetIndex": 0}, "allocateAndPlanUpdate": {"elapsedMs": 7.452, "newImpID": 800000147}, "builder": {"elapsedMs": 1553.088, "builderMode": "UAV_TRACK"}, "builderDetail": {"allocate_ids": {"elapsedMs": 305.427, "donePathID": 400000095, "attackPathID": 400000096, "resumePathID": 400000097, "trackingIndividualID": 900000385, "resumeIndividualID": 900000386, "targetWaypointID": 914}, "split_done_resume": {"elapsedMs": 720.947, "sourceSinglePoint": false, "doneWaypointCount": 2, "resumeWaypointCount": 1, "removedWaypointID": 767}, "clone_followups": {"elapsedMs": 233.921, "followUpMissionCount": 1, "followUpPathCount": 1}, "release_resume": {"elapsedMs": 247.945, "releaseWaypointCount": 2, "targetFinishEtaS": 47}, "write_json": {"elapsedMs": 36.707, "fileCount": 5}, "totalMs": 1549.046}, "trackingState": {"elapsedMs": 7.334}, "status": "ok", "elapsedMs": 1569.023}, {"aircraftID": 5, "label": "uav_resume_5", "mode": "UAV_RESUME", "resolveArtifacts": {"elapsedMs": 0.029, "currentWaypointID": 790, "sourcePathID": 500000073, "sourceImpID": 800000123}, "loadArtifacts": {"elapsedMs": 0.005, "impLoaded": true, "fpLoaded": true}, "cloneAndLocateMission": {"elapsedMs": 0.167, "missionCount": 2, "targetIndex": 0}, "status": "handled_by_collab", "elapsedMs": 0.809}], "totalMs": 9524}
[ATTACK] [ATTACK][TIME] override_total=9524ms
[ATTACK] [TIME] apply_attack_plan_overrides=9532ms
[ATTACK] [TIME] timingMs={"read_source": 12.973, "descriptor_build": 8.612, "write_artifacts": 9542.089, "delivery_wait": 3.103}
[ATTACK] [TIME] total=9567ms
[ATTACK] 분석 로그 저장: C:\Users\TRL98\Desktop\LAH_MUMT\Logs\Scenario_2026-05-21T085327\SBC3\DSS_Internal\log_attack_algorithm_20260521T010505_638590.json
[ATTACK] mark target used: targetIDs=69, 68
[ATTACK-EXCLUDE] ATTACK-EXCLUDE using requested missionPlanID 700000471 (sourcePlanID=700000467)
[ATTACK-EXCLUDE] [PRIOR][UAV] Resume sweep trim applied (cutPoints=9, rawCutPoints=9, doneSweepPoints=0, pathID=400000082).
[ATTACK-EXCLUDE] [PRIOR][UAV] Resume searchSpeed scaled (factor=1.30, waypoints=1).
[ATTACK-EXCLUDE] [PRIOR][UAV] Generated done/resume mission -> aircraft=4 IMP:800000139.json PATHS:400000093.json
[ATTACK-EXCLUDE] [PRIOR][UAV] Resume sweep trim applied (cutPoints=6, rawCutPoints=6, doneSweepPoints=0, pathID=500000073).
[ATTACK-EXCLUDE] [PRIOR][UAV] Resume searchSpeed scaled (factor=1.30, waypoints=1).
[ATTACK-EXCLUDE] [PRIOR][UAV] Generated done/resume mission -> aircraft=5 IMP:800000141.json PATHS:500000082.json
[ATTACK-EXCLUDE] [PRIOR][UAV] Resume sweep trim applied (cutPoints=14, rawCutPoints=14, doneSweepPoints=0, pathID=600000076).
[ATTACK-EXCLUDE] [PRIOR][UAV] Resume searchSpeed scaled (factor=1.30, waypoints=1).
[ATTACK-EXCLUDE] [PRIOR][UAV] Generated done/resume mission -> aircraft=6 IMP:800000143.json PATHS:600000087.json
[ATTACK-EXCLUDE] 공격 배제 MissionPlan 저장 -> 700000471.json (planID=700000471)
[ATTACK-EXCLUDE] ATTACK-EXCLUDE carried area remaining snapshot -> mission_area_snapshot_700000471.json (sourcePlanID=700000467, planID=700000471)
[ATTACK] 공격 임무 계획 완료 (planIds=700000470)
[INFO] UAV params loaded (cruise=40.00, turn_step=15.0)
[INFO] Latest input snapshot → 0201:ID=2,ts=832640581415,src=-, 0203:ID=1,ts=832638838538,src=-
[STEP 0] Using latest 0201 ID 2 (2.json)
[STEP 0] Using latest 0203 ID 1 (1.json)
[CHECK] 0201/0203 필수 데이터 확인 시작
[OK] 0201 inputMissionList 확인됨 (count=4) → 진행
[OK] 0201 availableAircraftList 확인됨 (count=6) → 진행
[OK] 0201 inputMissionPackageType=1 확인
[OK] 0201 mainSensor=1 확인
[CHECK] 0201 기체 수=6 (UAV=3, LAH=3)
[CHECK] 0201 임무: total=4 missingID=0 missingDetail=0 missingShape=0 unknownType=0 typeZeroAuto=0 typeZeroInvalid=0 lineOnlyViolation=0 skippedSinglePoint=0
[OK] 0203 takeOverInfoList 확인됨 (count=3) → 진행
[OK] 0203 handOverInfoList 확인됨 (count=3) → 진행
[OK] 0203 flightAreaList 확인됨 (count=1) → 진행
[CHECK] 0203 flightAreaList count=1
[INFO] 임무 진행영역 스냅샷 적용: sourcePlan=700000467, updated=2, done=0
[INFO] 임무 진행영역 재계획 collapse 적용: groups=2, normalized=3, 4
[INFO] Filtered completed input missions (removed=1, 2, converted=-, widthAdjusted=-, skippedSinglePoint=-, snapshot=updated=2, done=0, collapse=groups=2, normalized=3,4)
[REPLAN][TIME] variant_started_ms=9613.5 wall_ms=1779325505671 variant=1 option=3 mode=attack_exclusion
[variant 1] 공격 배제 병렬 결과 병합
[REPLAN][TIME] attack_exclusion_parallel_joined_ms=9619.7 wall_ms=1779325505677 variant=1 duration_ms=4732.334 wait_ms=0.01
[OK] 공격 배제 variant 저장: MissionPlanID=700000471 (elapsed=4732.3 ms)
[INFO] Option mapping #1: planID=700000471, optionCode=3(공격배제)
[REPLAN][TIME] variant_finished_ms=9619.9 wall_ms=1779325505677 variant=1 option=3 mode=attack_exclusion status=success duration_ms=4732.334
[OK] Stored mission data: MissionPlan=1, IndividualMission=0, FlightPath=0
[REPLAN][TIME] id_tab_update_deferred_ms=9620.6 wall_ms=1779325505678
[REPLAN][TIME] pipeline_done_ms=9620.6 wall_ms=1779325505678 plans=2 force_direct=False
[REPLAN][TIME] 0301_queued_ms=9620.6 wall_ms=1779325505678 plans=2
[STEP 4] 0301 push queued (planIds=700000470, 700000471)
[0301] missionPlanID=700000470 전송
[0301] missionPlanID=700000471 전송
[PUSH] 0301 direct batch send
[REPLAN][TIME] 0301_sent_ms=10151.7 wall_ms=1779325506209 plans=2
[REPLAN][TIME] post_0301_delivery_queued_ms=10152.4 wall_ms=1779325506210 grace_ms=0 timeout_ms=20 force_direct=0 mode=option_or_0901
[INFO] Post-0301 apply queued (mode=option_or_0901, grace=0ms, timeout=20ms, plans=2)
[REPLAN][TIME] 0305_status_2_ms=10155.7 wall_ms=1779325506213 reason=표적69 등 2개 발견
[0305] status=2, reason=표적69 등 2개 발견, elapsed=10.15s 전송
[REPLAN][TIME] post_0301_completion_ready_ms=10156.8 wall_ms=1779325506214 mode=option_or_0901
[REPLAN][METRIC] source_artifact_cache entries=21 hits=39 misses=21
[INFO] Post-0301 ready (timeout) -> sending 0901
[REPLAN][TIME] post_0301_flushed_ms=10175.1 wall_ms=1779325506233 delivery=0901 trigger=timeout
[REPLAN][TIME] 0901_sent_ms=10177.5 wall_ms=1779325506235 options=2
[0901] option request sent (count=2, codes=2(공격특화), 3(공격배제))
[REPLAN][TIME] id_tab_update_flushed_ms=10178.9 wall_ms=1779325506236
[REPLAN][TIME] 0902_received_ms=0.2 wall_ms=1779325510882 trigger=attack_2_option replanLevel=2 optionCount=2 forceDirect=0
[REPLAN][TIME] 0902_archived_ms=1.6 wall_ms=1779325510883 path=replan_request_832640707753.json
[AUTO] 0902 received (planIds=700000472, 700000473)
[REPLAN][TIME] pipeline_scheduled_ms=2.6 wall_ms=1779325510884 delay_ms=0
[REPLAN][TIME] scheduled_start_ms=3.4 wall_ms=1779325510885
[REPLAN][TIME] 0305_status_1_ms=5.6 wall_ms=1779325510887 reason=표적70 등 3개 발견
[0305] status=1, reason=표적70 등 3개 발견 전송
[INFO] Using latest 0203 ID 1 for missionReferencePackageID (fallback)
[STEP 0] Replan pipeline start (reason=표적70 등 3개 발견)
[REPLAN][TIME] attack_exclusion_parallel_started_ms=10.8 wall_ms=1779325510893 option_index=2 sourcePlanID=700000471
[ATTACK-EXCLUDE] parallel generation started (sourcePlanID=700000471, optionIndex=2)
[ATTACK] 공격 특화 재계획 요청 감지 → 전용 파이프라인 실행
[ATTACK] [TIME] select_manned_aircraft=11ms
[ATTACK] STEP1 Selected manned aircraft: aircraft 2 (fuel=1200.0, coord=(37.722660064697266, 128.1003875732422, alt=1200))
[ATTACK] [TIME] load_target_entries=1ms
[ATTACK] STEP2 UAV tracking summary: watcher 5?’target 71, watcher 5?’target 57, watcher 4?’target 58, watcher 4?’target 63, watcher 4?’target unknown-16, watcher 4?’target unknown-2, watcher 4?’target unknown-21, watcher 4?’target unknown-22, watcher 4?’target unknown-25, watcher 4?’target unknown-28, watcher 4?’target unknown-30, watcher 4?’target unknown-32, watcher 4?’target unknown-4, watcher 4?’target unknown-5, watcher 4?’target unknown-8, watcher 5?’target unknown-1, watcher 5?’target unknown-11, watcher 5?’target unknown-18, watcher 5?’target unknown-19, watcher 5?’target unknown-26, watcher 5?’target unknown-3, watcher 5?’target unknown-31, watcher 5?’target unknown-33, watcher 5?’target unknown-35, watcher 5?’target unknown-6, watcher 5?’target unknown-9, watcher 6?’target unknown-10, watcher 6?’target unknown-13, watcher 6?’target unknown-14, watcher 6?’target unknown-15, watcher 6?’target unknown-17, watcher 6?’target unknown-20, watcher 6?’target unknown-23, watcher 6?’target unknown-24, watcher 6?’target unknown-27, watcher 6?’target unknown-29, watcher 6?’target unknown-34, watcher 6?’target unknown-7, watcher 4?’target 53, watcher 6?’target 54, watcher 4?’target 55, watcher 5?’target 56, watcher 6?’target 59, watcher 4?’target 59, watcher 5?’target 60, watcher 6?’target 61, watcher 6?’target 62, watcher 5?’target 64, watcher 4?’target 64, watcher 6?’target 65, watcher 4?’target 66, watcher 6?’target 67, watcher 4?’target 67, watcher 4?’target 68, watcher 6?’target 69, watcher 5?’target 70
[ATTACK] STEP2.5 Using bundled 0402 targets: target=71 watcher=5
[ATTACK] STEP2.6 Multi-target manned selection: 2, 3
[ATTACK] [ATTACK] Selected target id=71 type=4 weaponType=3 (preferred=3, ammo={'type1': 500, 'type2': 7, 'type3': 2})
[ATTACK] [TIME] compute_attack_point=10ms
[ATTACK] STEP3 Attack plan completed: lat=37.890726, lon=128.187756, alt=1068m
[ATTACK] [ATTACK] Using remembered waypoint 790 for watcher 5 while auto-tracking.
[ATTACK] [ATTACK] Weapon choice aircraft=2 preferred=3 selected=3 ammo={'type1': 500, 'type2': 7, 'type3': 2}
[ATTACK] [ATTACK][ETA] Tracking ETA computed with LAH max attack speed (dist=20202.9m, speed=73.61m/s, +30s) -> 304s
[ATTACK] [ATTACK] Using requested missionPlanID 700000472 (sourcePlanID=700000471)
[ATTACK] [ATTACK][POINT] Primary target adaptive standoff mode=far_projected_to_preferred_standoff currentDist=22202.916890197972m candidateDist=2000.000000001257m standoff=300.0/2000.0m.
[ATTACK] [PRIOR] Falling back to first mission for aircraft 6 (current waypoint not found in plan).
[ATTACK] [ATTACK][ETA] Non-tracking UAV remaining time unavailable; keeping computed ETA.
[ATTACK] [PRIOR] Falling back to first mission for aircraft 5 (current waypoint not found in plan).
[ATTACK] [PRIOR] Falling back to first mission for aircraft 4 (current waypoint not found in plan).
[ATTACK] [ATTACK][COLLAB] Remaining UAV entry lookahead applied: 9.0s (pathFollow=0, linearFallback=6, currentOnly=0)
[ATTACK] [PRIOR] Falling back to first mission for aircraft 2 (current waypoint not found in plan).
[FOV_DB] loaded 7010 rows, 7008 unique widths, path=C:\Users\TRL98\Desktop\LAH_MUMT\branNew\KU\DSS_KU\resource\db\fov_db.csv
[ATTACK] [ATTACK][LAH] Using max attack speed 73.61m/s (265.0km/h) for aircraft 2.
[ATTACK] [ATTACK][LAH] Inferred current waypoint from position -> 683.
[ATTACK] [ATTACK][LAH] Dropped current waypoint from resume path (currentWP=683, nextWP=684).
[ATTACK] [ATTACK][LAH] Preserved completed prefix, inserted attack, and reattached 1 follow-up mission(s).
[ATTACK] [ATTACK][LAH] Generated attack/resume missions -> IMP:800000149.json PATHS:200000064.json/200000065.json (followUps=1)
[ATTACK] [PRIOR] Falling back to first mission for aircraft 3 (current waypoint not found in plan).
[ATTACK] [ATTACK][LAH] Using max attack speed 73.61m/s (265.0km/h) for aircraft 3.
[ATTACK] [ATTACK][LAH] Inferred current waypoint from position -> 687.
[ATTACK] [ATTACK][LAH] Dropped current waypoint from resume path (currentWP=687, nextWP=688).
[ATTACK] [ATTACK][LAH] Preserved completed prefix, inserted attack, and reattached 1 follow-up mission(s).
[ATTACK] [ATTACK][LAH] Generated attack/resume missions -> IMP:800000153.json PATHS:300000061.json/300000062.json (followUps=1)
[ATTACK] [PRIOR] Falling back to first mission for aircraft 1 (current waypoint not found in plan).
[ATTACK] [ATTACK][LAH] Inferred current waypoint from position -> 679.
[ATTACK] [ATTACK][LAH] Dropped current waypoint from resume path (currentWP=679, nextWP=680).
[ATTACK] [ATTACK][LAH] Preserved completed prefix, inserted hold, and reattached 1 follow-up mission(s).
[ATTACK] [ATTACK][LAH] Generated hold/resume missions -> IMP:800000154.json PATHS:100000060.json/100000061.json (followUps=1)
[ATTACK] [NEXTCOLLAB] division planner area-division pieces=1
[ATTACK] [NEXTCOLLAB] division planner final workflow=no_split paths=1
[ATTACK] [ATTACK][COLLAB] Collaborative replacement IMP written (aircraft=6, imp=800000151.json, missions=1).
[ATTACK] [ATTACK][COLLAB] First sweep searchSpeed boosted (aircraft=6, pathID=600000093, waypointID=936, factor=1.30, old=1378.50, new=1792.05).
[ATTACK] [ATTACK][COLLAB] Collaborative remaining mission replanned (inputMissionID=4, unavailable=[4, 5], remaining=[6], workflow=no_split).
[ATTACK] [PRIOR] Falling back to first mission for aircraft 5 (current waypoint not found in plan).
[ATTACK] [ATTACK][UAV] Source path has a single waypoint; preserving it as done and skipping done/resume split.
[ATTACK] [ATTACK][COLLAB] Tracking UAV resume replaced with release transit (aircraft=5, targetFinishEta=70, speed=58.0m/s).
[ATTACK] [ATTACK][UAV] Preserved completed prefix, inserted tracking, and reattached 1 follow-up mission(s).
[ATTACK] [ATTACK][UAV] Generated tracking/resume missions -> IMP:800000155.json PATHS:500000088.json/500000089.json (followUps=1)
[ATTACK] [ATTACK][UAV] Tracking assignment state saved (aircraft=5, sourcePlan=700000471, attackPlan=700000472).
[ATTACK] [PRIOR] Falling back to first mission for aircraft 4 (current waypoint not found in plan).
[ATTACK] [ATTACK][UAV] Source path has a single waypoint; preserving it as done and skipping done/resume split.
[ATTACK] [ATTACK][COLLAB] Tracking UAV resume replaced with release transit (aircraft=4, targetFinishEta=70, speed=58.0m/s).
[ATTACK] [ATTACK][UAV] Preserved completed prefix, inserted tracking, and reattached 1 follow-up mission(s).
[ATTACK] [ATTACK][UAV] Generated tracking/resume missions -> IMP:800000156.json PATHS:400000103.json/400000104.json (followUps=1)
[ATTACK] [ATTACK][UAV] Tracking assignment state saved (aircraft=4, sourcePlan=700000471, attackPlan=700000472).
[ATTACK] [PRIOR] Falling back to first mission for aircraft 6 (current waypoint not found in plan).
[ATTACK] [ATTACK][COLLAB] Aircraft 6 handled by collaborative remaining replan (inputMissionID=4).
[ATTACK] [ATTACK][PLAN] carried area remaining snapshot -> mission_area_snapshot_700000472.json (sourcePlanID=700000471, planID=700000472)
[ATTACK] [ATTACK][PLAN] MissionPlan saved -> 700000472.json (planID=700000472)
[ATTACK] [ATTACK][TIME] override_detail={"phases": {"metadata_normalize": {"elapsedMs": 0.008, "attackTargetCount": 2, "selectedMannedCount": 2}, "agent_index": {"elapsedMs": 0.112, "aircraftCount": 6}, "weapon_choice": {"elapsedMs": 5.013, "selectedWeaponType": 3, "ammoAvailable": true}, "initial_tracking_eta": {"elapsedMs": 0.599, "useDetectionTracking": true, "trackingEtaS": 304}, "resolve_source_plan": {"elapsedMs": 3.142, "sourcePlanID": 700000471}, "source_plan_load": {"elapsedMs": 1.069, "sourcePlanID": 700000471, "aircraftCount": 6}, "sweep_progress_load": {"elapsedMs": 0.731, "entries": 52}, "plan_id_resolve": {"elapsedMs": 0.018, "requested": true, "missionPlanID": 700000472}, "source_artifact_cache_build": {"elapsedMs": 0.015, "aircraftEntries": 6}, "done_input_ids_load": {"elapsedMs": 1.012, "count": 2}, "plan_deepcopy": {"elapsedMs": 0.05}, "target_uav_assignment": {"elapsedMs": 0.524, "assignedTargetCount": 2, "usedTrackingUavCount": 2}, "manned_sequence_assignment": {"elapsedMs": 12.413, "aircraftCount": 2, "error": null}, "attack_coordinate_resolution": {"elapsedMs": 12.968, "resolvedCount": 2, "mannedSequenceCount": 2}, "remaining_eta": {"elapsedMs": 10.534, "allUavCount": 3, "trackingUavCount": 2, "computedEtaCount": 2, "adjustedEtaS": null}, "descriptor_list_build": {"elapsedMs": 0.038, "descriptorCount": 6, "activeMannedCount": 2, "otherLahCount": 1, "otherUavCount": 1}, "collab_tracking_scan": {"elapsedMs": 11.044, "inputCount": 1, "unavailableUavCount": 2}, "collab_agent_state_map": {"elapsedMs": 7.256, "aircraftCount": 6}, "collab_parallel_started": {"elapsedMs": 0.608, "inputCount": 1, "workers": 1}, "collab_parallel_join": {"elapsedMs": 2.335, "waitReason": "UAV_TRACK", "inputCount": 1}, "descriptor_loop": {"elapsedMs": 9425.183, "descriptorCount": 6, "updateCount": 5}, "final_collab_plan_update": {"elapsedMs": 0.008, "collabInputCount": 1}, "mission_plan_write": {"elapsedMs": 10.797, "missionPlanID": 700000472}, "option_meta_build": {"elapsedMs": 0.059, "targetCount": 2, "collabInputCount": 1}}, "collabRuns": [{"inputMissionID": 4, "unavailableAircraftIDs": [4, 5], "elapsedMs": 3240.393, "status": "ok", "replacementAircraftIDs": [6], "generatedPathCount": 1, "finishEtaS": 70, "workflow": "no_split"}], "descriptorDetails": [{"aircraftID": 2, "label": "manned", "mode": "LAH_ATTACK", "resolveArtifacts": {"elapsedMs": 0.59, "currentWaypointID": null, "sourcePathID": 200000049, "sourceImpID": 800000104}, "loadArtifacts": {"elapsedMs": 0.003, "impLoaded": true, "fpLoaded": true}, "cloneAndLocateMission": {"elapsedMs": 0.079, "missionCount": 2, "targetIndex": 0}, "allocateAndPlanUpdate": {"elapsedMs": 14.834, "newImpID": 800000149}, "builder": {"elapsedMs": 4003.161, "builderMode": "LAH_ATTACK"}, "builderDetail": {"allocate_ids": {"elapsedMs": 1460.836, "attackPathID": 200000064, "resumePathID": 200000065, "attackIndividualID": 900000391, "resumeIndividualID": 900000392, "entryWaypointID": 928, "attackWaypointID": 929}, "split_lah_resume": {"elapsedMs": 1150.343, "resumeWaypointCount": 1, "removedWaypointID": 683}, "clone_followups": {"elapsedMs": 1114.817, "followUpMissionCount": 1, "followUpPathCount": 1}, "payload_build": {"elapsedMs": 267.135, "hasResume": true, "followUpMissionCount": 1, "attackSpeedMps": 73.61}, "write_json": {"elapsedMs": 4.067, "fileCount": 4}, "totalMs": 4001.392}, "status": "ok", "elapsedMs": 4018.782}, {"aircraftID": 3, "label": "manned", "mode": "LAH_ATTACK", "resolveArtifacts": {"elapsedMs": 0.844, "currentWaypointID": null, "sourcePathID": 300000046, "sourceImpID": 800000105}, "loadArtifacts": {"elapsedMs": 0.007, "impLoaded": true, "fpLoaded": true}, "cloneAndLocateMission": {"elapsedMs": 0.156, "missionCount": 2, "targetIndex": 0}, "allocateAndPlanUpdate": {"elapsedMs": 17.569, "newImpID": 800000153}, "builder": {"elapsedMs": 2258.462, "builderMode": "LAH_ATTACK"}, "builderDetail": {"allocate_ids": {"elapsedMs": 782.322, "attackPathID": 300000061, "resumePathID": 300000062, "attackIndividualID": 900000398, "resumeIndividualID": 900000399, "entryWaypointID": 944, "attackWaypointID": 948}, "split_lah_resume": {"elapsedMs": 939.102, "resumeWaypointCount": 1, "removedWaypointID": 687}, "clone_followups": {"elapsedMs": 288.947, "followUpMissionCount": 1, "followUpPathCount": 1}, "payload_build": {"elapsedMs": 238.88, "hasResume": true, "followUpMissionCount": 1, "attackSpeedMps": 73.61}, "write_json": {"elapsedMs": 3.388, "fileCount": 4}, "totalMs": 2256.818}, "status": "ok", "elapsedMs": 2277.199}, {"aircraftID": 1, "label": "lah_hold_1", "mode": "LAH_HOLD_RESUME", "resolveArtifacts": {"elapsedMs": 0.53, "currentWaypointID": null, "sourcePathID": 100000045, "sourceImpID": 800000103}, "loadArtifacts": {"elapsedMs": 0.006, "impLoaded": true, "fpLoaded": true}, "cloneAndLocateMission": {"elapsedMs": 0.087, "missionCount": 2, "targetIndex": 0}, "allocateAndPlanUpdate": {"elapsedMs": 8.246, "newImpID": 800000154}, "builder": {"elapsedMs": 1327.595, "builderMode": "LAH_HOLD_RESUME"}, "builderDetail": {"allocate_ids": {"elapsedMs": 21.891, "holdPathID": 100000060, "resumePathID": 100000061, "holdIndividualID": 900000401, "resumeIndividualID": 900000402}, "split_lah_resume": {"elapsedMs": 813.467, "resumeWaypointCount": 1, "removedWaypointID": 679}, "clone_followups": {"elapsedMs": 227.39, "followUpMissionCount": 1, "followUpPathCount": 1}, "payload_build": {"elapsedMs": 486.179, "hasResume": true, "followUpMissionCount": 1}, "write_json": {"elapsedMs": 3.243, "fileCount": 4}, "totalMs": 1327.562}, "status": "ok", "elapsedMs": 1336.59}, {"aircraftID": 5, "label": "uav_tracking_5", "mode": "UAV_TRACK", "resolveArtifacts": {"elapsedMs": 0.491, "currentWaypointID": 790, "sourcePathID": 500000082, "sourceImpID": 800000141}, "loadArtifacts": {"elapsedMs": 0.005, "impLoaded": true, "fpLoaded": true}, "cloneAndLocateMission": {"elapsedMs": 0.146, "missionCount": 2, "targetIndex": 0}, "allocateAndPlanUpdate": {"elapsedMs": 6.398, "newImpID": 800000155}, "builder": {"elapsedMs": 843.416, "builderMode": "UAV_TRACK"}, "builderDetail": {"allocate_ids": {"elapsedMs": 250.598, "donePathID": 500000087, "attackPathID": 500000088, "resumePathID": 500000089, "trackingIndividualID": 900000404, "resumeIndividualID": 900000405, "targetWaypointID": 962}, "split_done_resume": {"elapsedMs": 1.047, "sourceSinglePoint": true, "doneWaypointCount": 1, "resumeWaypointCount": 0, "removedWaypointID": 886}, "clone_followups": {"elapsedMs": 283.293, "followUpMissionCount": 1, "followUpPathCount": 1}, "release_resume": {"elapsedMs": 252.979, "releaseWaypointCount": 2, "targetFinishEtaS": 70}, "write_json": {"elapsedMs": 48.656, "fileCount": 5}, "totalMs": 841.462}, "trackingState": {"elapsedMs": 10.783}, "status": "ok", "elapsedMs": 862.051}, {"aircraftID": 4, "label": "uav_tracking_4", "mode": "UAV_TRACK", "resolveArtifacts": {"elapsedMs": 0.579, "currentWaypointID": 767, "sourcePathID": 400000093, "sourceImpID": 800000139}, "loadArtifacts": {"elapsedMs": 0.005, "impLoaded": true, "fpLoaded": true}, "cloneAndLocateMission": {"elapsedMs": 0.186, "missionCount": 2, "targetIndex": 0}, "allocateAndPlanUpdate": {"elapsedMs": 7.934, "newImpID": 800000156}, "builder": {"elapsedMs": 907.783, "builderMode": "UAV_TRACK"}, "builderDetail": {"allocate_ids": {"elapsedMs": 285.381, "donePathID": 400000102, "attackPathID": 400000103, "resumePathID": 400000104, "trackingIndividualID": 900000407, "resumeIndividualID": 900000408, "targetWaypointID": 968}, "split_done_resume": {"elapsedMs": 1.577, "sourceSinglePoint": true, "doneWaypointCount": 1, "resumeWaypointCount": 0, "removedWaypointID": 873}, "clone_followups": {"elapsedMs": 309.895, "followUpMissionCount": 1, "followUpPathCount": 1}, "release_resume": {"elapsedMs": 261.755, "releaseWaypointCount": 2, "targetFinishEtaS": 70}, "write_json": {"elapsedMs": 42.765, "fileCount": 5}, "totalMs": 905.395}, "trackingState": {"elapsedMs": 9.255}, "status": "ok", "elapsedMs": 926.454}, {"aircraftID": 6, "label": "uav_resume_6", "mode": "UAV_RESUME", "resolveArtifacts": {"elapsedMs": 0.554, "currentWaypointID": 804, "sourcePathID": 600000087, "sourceImpID": 800000143}, "loadArtifacts": {"elapsedMs": 0.004, "impLoaded": true, "fpLoaded": true}, "cloneAndLocateMission": {"elapsedMs": 0.132, "missionCount": 2, "targetIndex": 0}, "status": "handled_by_collab", "elapsedMs": 1.238}], "totalMs": 9496}
[ATTACK] [ATTACK][TIME] override_total=9496ms
[ATTACK] [TIME] apply_attack_plan_overrides=9508ms
[ATTACK] [TIME] timingMs={"read_source": 13.281, "descriptor_build": 10.42, "write_artifacts": 9521.683, "delivery_wait": 3.278}
[ATTACK] [TIME] total=9549ms
[ATTACK] 분석 로그 저장: C:\Users\TRL98\Desktop\LAH_MUMT\Logs\Scenario_2026-05-21T085327\SBC3\DSS_Internal\log_attack_algorithm_20260521T010520_442673.json
[ATTACK] mark target used: targetIDs=70, 71
[ATTACK-EXCLUDE] ATTACK-EXCLUDE using requested missionPlanID 700000473 (sourcePlanID=700000471)
[ATTACK-EXCLUDE] UAV 4 resume source adjusted 700000471 -> 700000467 (matched waypoint 767).
[ATTACK-EXCLUDE] [PRIOR][UAV] Resume sweep trim applied (cutPoints=9, rawCutPoints=9, doneSweepPoints=0, pathID=400000082).
[ATTACK-EXCLUDE] [PRIOR][UAV] Resume searchSpeed scaled (factor=1.30, waypoints=1).
[ATTACK-EXCLUDE] [PRIOR][UAV] Generated done/resume mission -> aircraft=4 IMP:800000148.json PATHS:400000100.json
[ATTACK-EXCLUDE] UAV 5 resume source adjusted 700000471 -> 700000467 (matched waypoint 790).
[ATTACK-EXCLUDE] [PRIOR][UAV] Resume sweep trim applied (cutPoints=11, rawCutPoints=11, doneSweepPoints=0, pathID=500000073).
[ATTACK-EXCLUDE] [PRIOR][UAV] Resume searchSpeed scaled (factor=1.30, waypoints=1).
[ATTACK-EXCLUDE] [PRIOR][UAV] Generated done/resume mission -> aircraft=5 IMP:800000150.json PATHS:500000085.json
[ATTACK-EXCLUDE] UAV 6 resume source adjusted 700000471 -> 700000467 (matched waypoint 804).
[ATTACK-EXCLUDE] [PRIOR][UAV] Resume sweep trim applied (cutPoints=14, rawCutPoints=14, doneSweepPoints=0, pathID=600000076).
[ATTACK-EXCLUDE] [PRIOR][UAV] Resume searchSpeed scaled (factor=1.30, waypoints=1).
[ATTACK-EXCLUDE] [PRIOR][UAV] Generated done/resume mission -> aircraft=6 IMP:800000152.json PATHS:600000095.json
[ATTACK-EXCLUDE] 공격 배제 MissionPlan 저장 -> 700000473.json (planID=700000473)
[ATTACK-EXCLUDE] ATTACK-EXCLUDE carried area remaining snapshot -> mission_area_snapshot_700000473.json (sourcePlanID=700000471, planID=700000473)
[ATTACK] 공격 임무 계획 완료 (planIds=700000472)
[INFO] UAV params loaded (cruise=40.00, turn_step=15.0)
[INFO] Latest input snapshot → 0201:ID=2,ts=832640581415,src=-, 0203:ID=1,ts=832638838538,src=-
[STEP 0] Using latest 0201 ID 2 (2.json)
[STEP 0] Using latest 0203 ID 1 (1.json)
[CHECK] 0201/0203 필수 데이터 확인 시작
[OK] 0201 inputMissionList 확인됨 (count=4) → 진행
[OK] 0201 availableAircraftList 확인됨 (count=6) → 진행
[OK] 0201 inputMissionPackageType=1 확인
[OK] 0201 mainSensor=1 확인
[CHECK] 0201 기체 수=6 (UAV=3, LAH=3)
[CHECK] 0201 임무: total=4 missingID=0 missingDetail=0 missingShape=0 unknownType=0 typeZeroAuto=0 typeZeroInvalid=0 lineOnlyViolation=0 skippedSinglePoint=0
[OK] 0203 takeOverInfoList 확인됨 (count=3) → 진행
[OK] 0203 handOverInfoList 확인됨 (count=3) → 진행
[OK] 0203 flightAreaList 확인됨 (count=1) → 진행
[CHECK] 0203 flightAreaList count=1
[INFO] 임무 진행영역 스냅샷 적용: sourcePlan=700000471, updated=2, done=0
[INFO] 임무 진행영역 재계획 collapse 적용: groups=2, normalized=3, 4
[INFO] Filtered completed input missions (removed=1, 2, converted=-, widthAdjusted=-, skippedSinglePoint=-, snapshot=updated=2, done=0, collapse=groups=2, normalized=3,4)
[REPLAN][TIME] variant_started_ms=9591.9 wall_ms=1779325520473 variant=1 option=3 mode=attack_exclusion
[variant 1] 공격 배제 병렬 결과 병합
[REPLAN][TIME] attack_exclusion_parallel_joined_ms=9598.1 wall_ms=1779325520479 variant=1 duration_ms=5222.25 wait_ms=0.008
[OK] 공격 배제 variant 저장: MissionPlanID=700000473 (elapsed=5222.2 ms)
[INFO] Option mapping #1: planID=700000473, optionCode=3(공격배제)
[REPLAN][TIME] variant_finished_ms=9598.3 wall_ms=1779325520480 variant=1 option=3 mode=attack_exclusion status=success duration_ms=5222.25
[OK] Stored mission data: MissionPlan=1, IndividualMission=0, FlightPath=0
[REPLAN][TIME] id_tab_update_deferred_ms=9599.1 wall_ms=1779325520480
[REPLAN][TIME] pipeline_done_ms=9599.1 wall_ms=1779325520480 plans=2 force_direct=False
[REPLAN][TIME] 0301_queued_ms=9599.1 wall_ms=1779325520480 plans=2
[STEP 4] 0301 push queued (planIds=700000472, 700000473)
[0402] delivery suppressed before 0301: Target 정보 변경으로 인한 재계획 중단
[0001] notice sent: Target 정보 변경으로 인한 재계획 중단
[REPLAN][METRIC] source_artifact_cache entries=61 hits=53 misses=61
