
[2026-05-21 08:53:27] process-log attached: monitoring
[PATH] DB root -> C:\Users\TRL98\Desktop\LAH_MUMT\Logs\Scenario_2026-05-21T085327\SBC3
[0402] new detections: 1
[0402] replan skipped: mode=1 (need 3/4)
[0402] replan skipped: mode=1 (need 3/4)
[0402] replan skipped: mode=1 (need 3/4)
[0402] replan skipped: mode=1 (need 3/4)
[0402] replan skipped: mode=1 (need 3/4)
[0402] replan skipped: mode=1 (need 3/4)
[0402] replan skipped: mode=1 (need 3/4)
[0402] replan skipped: mode=1 (need 3/4)
[0402] replan skipped: mode=1 (need 3/4)
[0402] replan skipped: mode=1 (need 3/4)
[0402] replan skipped: mode=1 (need 3/4)
[0402] replan skipped: mode=1 (need 3/4)
[0402] replan skipped: mode=1 (need 3/4)
[0402] replan skipped: mode=1 (need 3/4)
[0402] replan skipped: mode=1 (need 3/4)
[0402] replan skipped: mode=1 (need 3/4)
[0402] replan skipped: mode=1 (need 3/4)
[0402] replan skipped: mode=1 (need 3/4)
[0402] replan skipped: mode=1 (need 3/4)
[0402] replan skipped: mode=1 (need 3/4)
[0402] replan skipped: mode=1 (need 3/4)
[0402] replan skipped: mode=1 (need 3/4)
[0402] replan skipped: mode=1 (need 3/4)
[0402] replan skipped: mode=1 (need 3/4)
[0402] replan skipped: mode=1 (need 3/4)
[0402] replan skipped: mode=1 (need 3/4)
[0402] replan skipped: mode=1 (need 3/4)
[0402] replan skipped: mode=1 (need 3/4)
[0402] replan skipped: mode=1 (need 3/4)
[0402] replan skipped: mode=1 (need 3/4)
[0402] replan skipped: mode=1 (need 3/4)
[0402] replan skipped: mode=1 (need 3/4)
[0402] replan skipped: mode=1 (need 3/4)
[0402] replan skipped: mode=1 (need 3/4)
[0402] replan skipped: mode=1 (need 3/4)
[0402] replan skipped: mode=1 (need 3/4)
[0402] replan skipped: mode=1 (need 3/4)
[0402] replan skipped: mode=1 (need 3/4)
[0402] replan skipped: mode=1 (need 3/4)
[0402] replan skipped: mode=1 (need 3/4)
[0402] replan skipped: mode=1 (need 3/4)
[0402] replan skipped: mode=1 (need 3/4)
[0402] replan skipped: mode=1 (need 3/4)
[0402] replan skipped: mode=1 (need 3/4)
[0402] replan skipped: mode=1 (need 3/4)
[0402] replan skipped: mode=1 (need 3/4)
[0402] replan skipped: mode=1 (need 3/4)
[0402] replan skipped: mode=1 (need 3/4)
[0402] replan skipped: mode=1 (need 3/4)
[0402] replan skipped: mode=1 (need 3/4)
[0402] replan skipped: mode=1 (need 3/4)
[0402] replan skipped: mode=1 (need 3/4)
[0402] replan skipped: mode=1 (need 3/4)
[0402] replan skipped: mode=1 (need 3/4)
[0402] replan skipped: mode=1 (need 3/4)
[0402] replan skipped: mode=1 (need 3/4)
[0402] replan skipped: mode=1 (need 3/4)
[0402] replan skipped: mode=1 (need 3/4)
[0402] replan skipped: mode=1 (need 3/4)
[0402] replan skipped: mode=1 (need 3/4)
[0402] replan skipped: mode=1 (need 3/4)
[0402] replan skipped: mode=1 (need 3/4)
[0402] replan skipped: mode=1 (need 3/4)
[0402] replan skipped: mode=1 (need 3/4)
[0402] replan skipped: mode=1 (need 3/4)
[0402] replan skipped: mode=1 (need 3/4)
[0402] replan skipped: mode=1 (need 3/4)
[0402] replan skipped: mode=1 (need 3/4)
[0402] replan skipped: mode=1 (need 3/4)
[0402] replan skipped: mode=1 (need 3/4)
[0402] replan skipped: mode=1 (need 3/4)
[0402] replan skipped: mode=1 (need 3/4)
[0402] replan skipped: mode=1 (need 3/4)
[0402] replan skipped: mode=1 (need 3/4)
[0402] replan skipped: mode=1 (need 3/4)
[0402] replan skipped: mode=1 (need 3/4)
[0402] replan skipped: mode=1 (need 3/4)
[0402] replan skipped: mode=1 (need 3/4)
[0402] replan skipped: mode=1 (need 3/4)
[0402] replan skipped: mode=1 (need 3/4)
[0402] replan skipped: mode=1 (need 3/4)
[0402] replan skipped: mode=1 (need 3/4)
[0402] replan skipped: mode=1 (need 3/4)
[0402] replan skipped: mode=1 (need 3/4)
[0402] replan skipped: mode=1 (need 3/4)
[0402] replan skipped: mode=1 (need 3/4)
[0402] replan skipped: mode=1 (need 3/4)
[0402] replan skipped: mode=1 (need 3/4)
[0402] replan skipped: mode=1 (need 3/4)
[0402] replan skipped: mode=1 (need 3/4)
[0402] replan skipped: mode=1 (need 3/4)
[0402] replan skipped: mode=1 (need 3/4)
[0402] replan skipped: mode=1 (need 3/4)
[0402] replan skipped: mode=1 (need 3/4)
[0402] replan skipped: mode=1 (need 3/4)
[0402] replan skipped: mode=1 (need 3/4)
[0402] replan skipped: mode=1 (need 3/4)
[0402] replan skipped: mode=1 (need 3/4)
[0402] replan skipped: mode=1 (need 3/4)
[0402] replan skipped: mode=1 (need 3/4)
[0402] replan skipped: mode=1 (need 3/4)
[0402] replan skipped: mode=1 (need 3/4)
[0402] replan skipped: mode=1 (need 3/4)
[0402] replan skipped: mode=1 (need 3/4)
[0402] replan skipped: mode=1 (need 3/4)
[0402] replan skipped: mode=1 (need 3/4)
[0402] replan skipped: mode=1 (need 3/4)
[0402] replan skipped: mode=1 (need 3/4)
[0402] replan skipped: mode=1 (need 3/4)
[0402] replan skipped: mode=1 (need 3/4)
[0402] replan skipped: mode=1 (need 3/4)
[0402] replan skipped: mode=1 (need 3/4)
[0402] replan skipped: mode=1 (need 3/4)
[0402] replan skipped: mode=1 (need 3/4)
[0402] replan skipped: mode=1 (need 3/4)
[0402] replan skipped: mode=1 (need 3/4)
[0402] replan skipped: mode=1 (need 3/4)
[0402] replan skipped: mode=1 (need 3/4)
[0402] replan skipped: mode=1 (need 3/4)
[0402] replan skipped: mode=1 (need 3/4)
[0203] DB 참조! (C:\Users\TRL98\Desktop\LAH_MUMT\Logs\Scenario_2026-05-21T085327\SBC3\MissionReferenceInfo\1.json)
[0201] DB 참조! (C:\Users\TRL98\Desktop\LAH_MUMT\Logs\Scenario_2026-05-21T085327\SBC3\InputMissionPlan\1.json)
[REINPUT] skipped: mode=1 (need 3/4)
[STATUS] init availability seeded from InputMissionPlan: [1, 2, 3, 4, 5, 6]
[RQUEUE] dispatching #1 초기 재계획: 초기임무재계획
[0902] auto replan request queued (init plan mode)
[0902] replan request sent (level=1, reason=초기임무재계획, planIds=700000001)
[RQUEUE] active #1 초기 재계획: 초기임무재계획
[RQUEUE] signal 0305 -> #1 재계획 수행중
[RQUEUE] signal 0305 -> #1 재계획 산출 완료
[QUALITY] startup grace armed (missionPlanID=700000001, duration=10.0s)
[RQUEUE] completed #1 초기 재계획: 초기임무재계획 (수행임무 갱신, signal=0903, active_ms=6278)
[RealTimeInferrer] Loading/Reloading Mission Plan: C:\Users\TRL98\Desktop\LAH_MUMT\Logs\Scenario_2026-05-21T085327\SBC3\MissionPlan\700000001.json
Updated Mission Context: torch.Size([384])
[0401TRACE] slow phase=dl_update elapsed=0.206s seq=1
[0501] heartbeat failover send active
[0401TRACE] handler slow seq=1 elapsed=0.409s ts=832639327451 states=6
[DL] realtime status -> WARMUP
[0401TRACE] slow phase=area_tab elapsed=0.174s seq=16
[0401TRACE] handler slow seq=17 elapsed=0.359s ts=832639332059 states=6
[0501] heartbeat failover send active
[0401TRACE] handler slow seq=18 elapsed=0.366s ts=832639332452 states=6
[0401TRACE] handler slow seq=19 elapsed=0.353s ts=832639333040 states=6
[0401TRACE] slow phase=area_tab elapsed=0.233s seq=20
[0401TRACE] handler slow seq=20 elapsed=0.354s ts=832639333448 states=6
[0401TRACE] handler slow seq=21 elapsed=0.375s ts=832639334048 states=6
[0401TRACE] handler slow seq=22 elapsed=0.362s ts=832639334444 states=6
[0401TRACE] handler slow seq=23 elapsed=0.364s ts=832639335062 states=6
[0803] execute=1 -> next collaborative mission replan prepared (currentInput=1, targetInput=2, strategy=turn_projection, aircraft=4,5,6, missionPlanID=700000002)
[RQUEUE] dispatching #2 다음 협업임무: _협업 기저 전환으로 인한 재계획
[0501] current rollback guarded: candidate=1 kept=2 plan=700000001
[0501] queued completion payload discarded: queuedInput=1 activeInput=2
[0401TRACE] slow phase=area_tab elapsed=0.238s seq=24
[0401TRACE] handler slow seq=24 elapsed=0.351s ts=832639335454 states=6
[0902] replan request sent (level=3, reason=_협업 기저 전환으로 인한 재계획, planIds=700000002)
[RQUEUE] active #2 다음 협업임무: _협업 기저 전환으로 인한 재계획
[0401TRACE] handler slow seq=25 elapsed=0.370s ts=832639336051 states=6
[RQUEUE] signal 0305 -> #2 재계획 수행중
[0401TRACE] handler slow seq=26 elapsed=0.369s ts=832639336444 states=6
[0401TRACE] handler slow seq=27 elapsed=0.386s ts=832639337048 states=6
[0401TRACE] handler slow seq=28 elapsed=0.378s ts=832639337463 states=6
[0401TRACE] slow phase=area_tab elapsed=0.273s seq=29
[0401TRACE] handler slow seq=29 elapsed=0.410s ts=832639338055 states=6
[0501] heartbeat failover send active
[0401TRACE] handler slow seq=30 elapsed=0.390s ts=832639338449 states=6
[QUALITY] startup grace armed (missionPlanID=700000002, duration=10.0s)
[RQUEUE] completed #2 다음 협업임무: _협업 기저 전환으로 인한 재계획 (수행임무 갱신, signal=0903, active_ms=3159)
[RealTimeInferrer] Loading/Reloading Mission Plan: C:\Users\TRL98\Desktop\LAH_MUMT\Logs\Scenario_2026-05-21T085327\SBC3\MissionPlan\700000002.json
Updated Mission Context: torch.Size([384])
[0401TRACE] handler slow seq=31 elapsed=0.383s ts=832639339045 states=6
[0401TRACE] handler slow seq=83 elapsed=0.302s ts=832639353449 states=6
[0401TRACE] handler slow seq=86 elapsed=0.348s ts=832639355049 states=6
[DL] realtime status -> RUNNING
[0401TRACE] handler slow seq=107 elapsed=0.306s ts=832639362044 states=6
[0401TRACE] handler slow seq=109 elapsed=0.307s ts=832639363044 states=6
[0401TRACE] handler slow seq=110 elapsed=0.316s ts=832639363449 states=6
[0401TRACE] handler slow seq=111 elapsed=0.354s ts=832639364040 states=6
[0401TRACE] slow phase=area_tab elapsed=0.151s seq=570
[0401TRACE] slow phase=area_tab elapsed=0.157s seq=596
[0401TRACE] handler slow seq=596 elapsed=0.307s ts=832639490034 states=6
[0401TRACE] slow phase=area_tab elapsed=0.160s seq=607
[0401TRACE] slow phase=area_tab elapsed=0.154s seq=626
[0401TRACE] handler slow seq=631 elapsed=0.303s ts=832639500239 states=6
[0401TRACE] slow phase=area_tab elapsed=0.182s seq=637
[0401TRACE] handler slow seq=637 elapsed=0.314s ts=832639502036 states=6
[0401TRACE] slow phase=area_tab elapsed=0.189s seq=642
[0401TRACE] handler slow seq=642 elapsed=0.318s ts=832639504030 states=6
[0501] heartbeat failover send active
[0401TRACE] slow phase=area_tab elapsed=0.235s seq=670
[0401TRACE] handler slow seq=670 elapsed=0.378s ts=832639513499 states=6
[0401TRACE] handler slow seq=675 elapsed=0.345s ts=832639515443 states=6
[0401TRACE] slow phase=area_tab elapsed=0.202s seq=678
[0401TRACE] handler slow seq=678 elapsed=0.340s ts=832639516443 states=6
[0401TRACE] handler slow seq=680 elapsed=0.331s ts=832639517441 states=6
[0402] new detections: 1
[0402] bundled target replan prepared: key=54-6, primaryTargetID=54, targets=[54]
[RQUEUE] queued #3 표적탐지: 표적54 발견 재계획
[RQUEUE] dispatching #3 표적탐지: 표적54 발견 재계획
[0902] replan request sent (level=2, reason=표적54 발견 재계획, planIds=700000003, 700000004)
[RQUEUE] active #3 표적탐지: 표적54 발견 재계획
[RQUEUE] signal 0305 -> #3 재계획 수행중
[0402] new detections: 1
[0402] accumulated attack bundle prepared: count=2, targets=[54, 55]
[0402] bundled target replan prepared: key=55-4, primaryTargetID=55, targets=[54, 55]
[RQUEUE] queued #4 표적탐지: 표적55 등 2개 발견
[RQUEUE] suppress_options set on active #3 (targetID=54): 추가 표적 감지로 옵션 생략 예정
[RQUEUE] completed #3 표적탐지: 표적54 발견 재계획 (옵션 생략(표적 추가), signal=0001, active_ms=3729)
[RQUEUE] dispatching #4 표적탐지: 표적55 등 2개 발견
[RQUEUE] pending attack slot assignment cleared for suppressed planIDs=700000003
[0402-close] no active tracking assignment matched destroyed target (targetID=53, eventWatcher=4)
[0902] replan request sent (level=2, reason=표적55 등 2개 발견, planIds=700000005, 700000006)
[RQUEUE] active #4 표적탐지: 표적55 등 2개 발견
[RQUEUE] signal 0305 -> #4 재계획 수행중
[0402-close] no active tracking assignment matched destroyed target (targetID=53, eventWatcher=4)
[0402-close] no active tracking assignment matched destroyed target (targetID=53, eventWatcher=4)
[0402-close] no active tracking assignment matched destroyed target (targetID=53, eventWatcher=4)
[RQUEUE] signal 0305 -> #4 재계획 산출 완료
[0402-close] no active tracking assignment matched destroyed target (targetID=53, eventWatcher=4)
[RQUEUE] signal 0701 -> #4 옵션 정보 전송
[0401] path-deviation trigger suppressed: option pending until 0702 (queueID=4, source=target_detection, stage=옵션 정보 전송)
[0402-close] no active tracking assignment matched destroyed target (targetID=53, eventWatcher=4)
[0402-close] no active tracking assignment matched destroyed target (targetID=53, eventWatcher=4)
[0402-close] no active tracking assignment matched destroyed target (targetID=53, eventWatcher=4)
[0402-close] no active tracking assignment matched destroyed target (targetID=53, eventWatcher=4)
[0402] new detections: 1
[0402] accumulated attack bundle prepared: count=3, targets=[55, 54, 56]
[0402] bundled target replan prepared: key=56-5, primaryTargetID=56, targets=[55, 54, 56]
[RQUEUE] queued #5 표적탐지: 표적56 등 3개 발견
[0402-close] no active tracking assignment matched destroyed target (targetID=53, eventWatcher=4)
[0402-close] no active tracking assignment matched destroyed target (targetID=53, eventWatcher=4)
[0402-close] no active tracking assignment matched destroyed target (targetID=53, eventWatcher=4)
[0402-close] no active tracking assignment matched destroyed target (targetID=53, eventWatcher=4)
[0402-close] no active tracking assignment matched destroyed target (targetID=53, eventWatcher=4)
[0402-close] no active tracking assignment matched destroyed target (targetID=53, eventWatcher=4)
[0402-close] no active tracking assignment matched destroyed target (targetID=53, eventWatcher=4)
[0402-close] no active tracking assignment matched destroyed target (targetID=53, eventWatcher=4)
[0402-close] no active tracking assignment matched destroyed target (targetID=53, eventWatcher=4)
[0402-close] no active tracking assignment matched destroyed target (targetID=53, eventWatcher=4)
[0402-close] no active tracking assignment matched destroyed target (targetID=53, eventWatcher=4)
[0402-close] no active tracking assignment matched destroyed target (targetID=53, eventWatcher=4)
[0402-close] no active tracking assignment matched destroyed target (targetID=53, eventWatcher=4)
[0402-close] no active tracking assignment matched destroyed target (targetID=53, eventWatcher=4)
[0402-close] no active tracking assignment matched destroyed target (targetID=53, eventWatcher=4)
[0402-close] no active tracking assignment matched destroyed target (targetID=53, eventWatcher=4)
[0402-close] no active tracking assignment matched destroyed target (targetID=53, eventWatcher=4)
[0402-close] no active tracking assignment matched destroyed target (targetID=53, eventWatcher=4)
[0402-close] no active tracking assignment matched destroyed target (targetID=53, eventWatcher=4)
[0402-close] no active tracking assignment matched destroyed target (targetID=53, eventWatcher=4)
[0402-close] no active tracking assignment matched destroyed target (targetID=53, eventWatcher=4)
[0402-close] no active tracking assignment matched destroyed target (targetID=53, eventWatcher=4)
[0402-close] no active tracking assignment matched destroyed target (targetID=53, eventWatcher=4)
[0402-close] no active tracking assignment matched destroyed target (targetID=53, eventWatcher=4)
[0402-close] no active tracking assignment matched destroyed target (targetID=53, eventWatcher=4)
[0402-close] no active tracking assignment matched destroyed target (targetID=53, eventWatcher=4)
[0402-close] no active tracking assignment matched destroyed target (targetID=53, eventWatcher=4)
[0402-close] no active tracking assignment matched destroyed target (targetID=53, eventWatcher=4)
[0402-close] no active tracking assignment matched destroyed target (targetID=53, eventWatcher=4)
[0402-close] no active tracking assignment matched destroyed target (targetID=53, eventWatcher=4)
[0402-close] no active tracking assignment matched destroyed target (targetID=53, eventWatcher=4)
[0402-close] no active tracking assignment matched destroyed target (targetID=53, eventWatcher=4)
[0402-close] no active tracking assignment matched destroyed target (targetID=53, eventWatcher=4)
[0402-close] no active tracking assignment matched destroyed target (targetID=53, eventWatcher=4)
[0402-close] no active tracking assignment matched destroyed target (targetID=53, eventWatcher=4)
[0402-close] no active tracking assignment matched destroyed target (targetID=53, eventWatcher=4)
[0402-close] no active tracking assignment matched destroyed target (targetID=53, eventWatcher=4)
[0402-close] no active tracking assignment matched destroyed target (targetID=53, eventWatcher=4)
[0402-close] no active tracking assignment matched destroyed target (targetID=53, eventWatcher=4)
[0402-close] no active tracking assignment matched destroyed target (targetID=53, eventWatcher=4)
[0402-close] no active tracking assignment matched destroyed target (targetID=53, eventWatcher=4)
[0402-close] no active tracking assignment matched destroyed target (targetID=53, eventWatcher=4)
[0402-close] no active tracking assignment matched destroyed target (targetID=53, eventWatcher=4)
[0402-close] no active tracking assignment matched destroyed target (targetID=53, eventWatcher=4)
[0402-close] no active tracking assignment matched destroyed target (targetID=53, eventWatcher=4)
[0402-close] no active tracking assignment matched destroyed target (targetID=53, eventWatcher=4)
[0402-close] no active tracking assignment matched destroyed target (targetID=53, eventWatcher=4)
[0402-close] no active tracking assignment matched destroyed target (targetID=53, eventWatcher=4)
[0402-close] no active tracking assignment matched destroyed target (targetID=53, eventWatcher=4)
[0402-close] no active tracking assignment matched destroyed target (targetID=53, eventWatcher=4)
[0402-close] no active tracking assignment matched destroyed target (targetID=53, eventWatcher=4)
[0402-close] no active tracking assignment matched destroyed target (targetID=53, eventWatcher=4)
[0402-close] no active tracking assignment matched destroyed target (targetID=53, eventWatcher=4)
[0402-close] no active tracking assignment matched destroyed target (targetID=53, eventWatcher=4)
[0402-close] no active tracking assignment matched destroyed target (targetID=53, eventWatcher=4)
[0402-close] no active tracking assignment matched destroyed target (targetID=53, eventWatcher=4)
[0402-close] no active tracking assignment matched destroyed target (targetID=53, eventWatcher=4)
[0402-close] no active tracking assignment matched destroyed target (targetID=53, eventWatcher=4)
[0402-close] no active tracking assignment matched destroyed target (targetID=53, eventWatcher=4)
[0402-close] no active tracking assignment matched destroyed target (targetID=53, eventWatcher=4)
[0402-close] no active tracking assignment matched destroyed target (targetID=53, eventWatcher=4)
[0402-close] no active tracking assignment matched destroyed target (targetID=53, eventWatcher=4)
[0402-close] no active tracking assignment matched destroyed target (targetID=53, eventWatcher=4)
[0402-close] no active tracking assignment matched destroyed target (targetID=53, eventWatcher=4)
[0402-close] no active tracking assignment matched destroyed target (targetID=53, eventWatcher=4)
[0402-close] no active tracking assignment matched destroyed target (targetID=53, eventWatcher=4)
[0402-close] no active tracking assignment matched destroyed target (targetID=53, eventWatcher=4)
[0402-close] no active tracking assignment matched destroyed target (targetID=53, eventWatcher=4)
[0402-close] no active tracking assignment matched destroyed target (targetID=53, eventWatcher=4)
[0402-close] no active tracking assignment matched destroyed target (targetID=53, eventWatcher=4)
[0402-close] no active tracking assignment matched destroyed target (targetID=53, eventWatcher=4)
[0402-close] no active tracking assignment matched destroyed target (targetID=53, eventWatcher=4)
[0402-close] no active tracking assignment matched destroyed target (targetID=53, eventWatcher=4)
[0402-close] no active tracking assignment matched destroyed target (targetID=53, eventWatcher=4)
[0402-close] no active tracking assignment matched destroyed target (targetID=53, eventWatcher=4)
[0402-close] no active tracking assignment matched destroyed target (targetID=53, eventWatcher=4)
[0402-close] no active tracking assignment matched destroyed target (targetID=53, eventWatcher=4)
[RQUEUE] completed #4 표적탐지: 표적55 등 2개 발견 (시간 초과, signal=timeout, active_ms=45247)
[RQUEUE] dispatching #5 표적탐지: 표적56 등 3개 발견
[0902] replan request sent (level=2, reason=표적56 등 3개 발견, planIds=700000007, 700000008)
[RQUEUE] active #5 표적탐지: 표적56 등 3개 발견
[RQUEUE] signal 0305 -> #5 재계획 수행중
[0402-close] no active tracking assignment matched destroyed target (targetID=53, eventWatcher=4)
[0402-close] no active tracking assignment matched destroyed target (targetID=53, eventWatcher=4)
[0402-close] no active tracking assignment matched destroyed target (targetID=53, eventWatcher=4)
[0402-close] no active tracking assignment matched destroyed target (targetID=53, eventWatcher=4)
[0402-close] no active tracking assignment matched destroyed target (targetID=53, eventWatcher=4)
[0402-close] no active tracking assignment matched destroyed target (targetID=53, eventWatcher=4)
[0402-close] no active tracking assignment matched destroyed target (targetID=53, eventWatcher=4)
[0402-close] no active tracking assignment matched destroyed target (targetID=53, eventWatcher=4)
[0401TRACE] slow phase=turn_tab elapsed=0.180s seq=878
[0401TRACE] handler slow seq=878 elapsed=0.351s ts=832639574828 states=6
[RQUEUE] signal 0701 -> #5 옵션 정보 전송
[RQUEUE] signal 0305 -> #5 재계획 산출 완료
[0402-close] no active tracking assignment matched destroyed target (targetID=53, eventWatcher=4)
[0402-close] no active tracking assignment matched destroyed target (targetID=53, eventWatcher=4)
[0402-close] no active tracking assignment matched destroyed target (targetID=53, eventWatcher=4)
[0402-close] no active tracking assignment matched destroyed target (targetID=53, eventWatcher=4)
[0402-close] no active tracking assignment matched destroyed target (targetID=53, eventWatcher=4)
[0402-close] no active tracking assignment matched destroyed target (targetID=53, eventWatcher=4)
[0402-close] no active tracking assignment matched destroyed target (targetID=53, eventWatcher=4)
[0402-close] no active tracking assignment matched destroyed target (targetID=53, eventWatcher=4)
[0402-close] no active tracking assignment matched destroyed target (targetID=53, eventWatcher=4)
[0402-close] no active tracking assignment matched destroyed target (targetID=53, eventWatcher=4)
[0402-close] no active tracking assignment matched destroyed target (targetID=53, eventWatcher=4)
[0402-close] no active tracking assignment matched destroyed target (targetID=53, eventWatcher=4)
[0402-close] no active tracking assignment matched destroyed target (targetID=53, eventWatcher=4)
[0402-close] no active tracking assignment matched destroyed target (targetID=53, eventWatcher=4)
[0402-close] no active tracking assignment matched destroyed target (targetID=53, eventWatcher=4)
[0402-close] no active tracking assignment matched destroyed target (targetID=53, eventWatcher=4)
[0402-close] no active tracking assignment matched destroyed target (targetID=53, eventWatcher=4)
[0402-close] no active tracking assignment matched destroyed target (targetID=53, eventWatcher=4)
[0402-close] no active tracking assignment matched destroyed target (targetID=53, eventWatcher=4)
[0402-close] no active tracking assignment matched destroyed target (targetID=53, eventWatcher=4)
[0402-close] no active tracking assignment matched destroyed target (targetID=53, eventWatcher=4)
[0402-close] no active tracking assignment matched destroyed target (targetID=53, eventWatcher=4)
[0402-close] no active tracking assignment matched destroyed target (targetID=53, eventWatcher=4)
[0402-close] no active tracking assignment matched destroyed target (targetID=53, eventWatcher=4)
[0402-close] no active tracking assignment matched destroyed target (targetID=53, eventWatcher=4)
[0402-close] no active tracking assignment matched destroyed target (targetID=53, eventWatcher=4)
[0402-close] no active tracking assignment matched destroyed target (targetID=53, eventWatcher=4)
[0402-close] no active tracking assignment matched destroyed target (targetID=53, eventWatcher=4)
[0402-close] no active tracking assignment matched destroyed target (targetID=53, eventWatcher=4)
[0402-close] no active tracking assignment matched destroyed target (targetID=53, eventWatcher=4)
[0402-close] no active tracking assignment matched destroyed target (targetID=53, eventWatcher=4)
[0402-close] no active tracking assignment matched destroyed target (targetID=53, eventWatcher=4)
[0402-close] no active tracking assignment matched destroyed target (targetID=53, eventWatcher=4)
[0402-close] no active tracking assignment matched destroyed target (targetID=53, eventWatcher=4)
[0402-close] no active tracking assignment matched destroyed target (targetID=53, eventWatcher=4)
[0402-close] no active tracking assignment matched destroyed target (targetID=53, eventWatcher=4)
[0402-close] no active tracking assignment matched destroyed target (targetID=53, eventWatcher=4)
[0402-close] no active tracking assignment matched destroyed target (targetID=53, eventWatcher=4)
[0402-close] no active tracking assignment matched destroyed target (targetID=53, eventWatcher=4)
[0402-close] no active tracking assignment matched destroyed target (targetID=53, eventWatcher=4)
[0402-close] no active tracking assignment matched destroyed target (targetID=53, eventWatcher=4)
[0402-close] no active tracking assignment matched destroyed target (targetID=53, eventWatcher=4)
[0402-close] no active tracking assignment matched destroyed target (targetID=53, eventWatcher=4)
[0402-close] no active tracking assignment matched destroyed target (targetID=53, eventWatcher=4)
[0402-close] no active tracking assignment matched destroyed target (targetID=53, eventWatcher=4)
[0402-close] no active tracking assignment matched destroyed target (targetID=53, eventWatcher=4)
[0402-close] no active tracking assignment matched destroyed target (targetID=53, eventWatcher=4)
[0402-close] no active tracking assignment matched destroyed target (targetID=53, eventWatcher=4)
[0402-close] no active tracking assignment matched destroyed target (targetID=53, eventWatcher=4)
[0402-close] no active tracking assignment matched destroyed target (targetID=53, eventWatcher=4)
[0402-close] no active tracking assignment matched destroyed target (targetID=53, eventWatcher=4)
[0402-close] no active tracking assignment matched destroyed target (targetID=53, eventWatcher=4)
[0402-close] no active tracking assignment matched destroyed target (targetID=53, eventWatcher=4)
[0402-close] no active tracking assignment matched destroyed target (targetID=53, eventWatcher=4)
[0402-close] no active tracking assignment matched destroyed target (targetID=53, eventWatcher=4)
[0402-close] no active tracking assignment matched destroyed target (targetID=53, eventWatcher=4)
[0402-close] no active tracking assignment matched destroyed target (targetID=53, eventWatcher=4)
[0402-close] no active tracking assignment matched destroyed target (targetID=53, eventWatcher=4)
[0402-close] no active tracking assignment matched destroyed target (targetID=53, eventWatcher=4)
[0402-close] no active tracking assignment matched destroyed target (targetID=53, eventWatcher=4)
[0402-close] no active tracking assignment matched destroyed target (targetID=53, eventWatcher=4)
[0402-close] no active tracking assignment matched destroyed target (targetID=53, eventWatcher=4)
[0402-close] no active tracking assignment matched destroyed target (targetID=53, eventWatcher=4)
[0402-close] no active tracking assignment matched destroyed target (targetID=53, eventWatcher=4)
[0402-close] no active tracking assignment matched destroyed target (targetID=53, eventWatcher=4)
[0402-close] no active tracking assignment matched destroyed target (targetID=53, eventWatcher=4)
[0402-close] no active tracking assignment matched destroyed target (targetID=53, eventWatcher=4)
[0402-close] no active tracking assignment matched destroyed target (targetID=53, eventWatcher=4)
[0402-close] no active tracking assignment matched destroyed target (targetID=53, eventWatcher=4)
[0402-close] no active tracking assignment matched destroyed target (targetID=53, eventWatcher=4)
[0402-close] no active tracking assignment matched destroyed target (targetID=53, eventWatcher=4)
[0402-close] no active tracking assignment matched destroyed target (targetID=53, eventWatcher=4)
[0402-close] no active tracking assignment matched destroyed target (targetID=53, eventWatcher=4)
[0402-close] no active tracking assignment matched destroyed target (targetID=53, eventWatcher=4)
[0402-close] no active tracking assignment matched destroyed target (targetID=53, eventWatcher=4)
[0402-close] no active tracking assignment matched destroyed target (targetID=53, eventWatcher=4)
[0402-close] no active tracking assignment matched destroyed target (targetID=53, eventWatcher=4)
[0402-close] no active tracking assignment matched destroyed target (targetID=53, eventWatcher=4)
[0402-close] no active tracking assignment matched destroyed target (targetID=53, eventWatcher=4)
[0402-close] no active tracking assignment matched destroyed target (targetID=53, eventWatcher=4)
[0402-close] no active tracking assignment matched destroyed target (targetID=53, eventWatcher=4)
[0402-close] no active tracking assignment matched destroyed target (targetID=53, eventWatcher=4)
[RQUEUE] completed #5 표적탐지: 표적56 등 3개 발견 (시간 초과, signal=timeout, active_ms=45473)
[0402-close] no active tracking assignment matched destroyed target (targetID=53, eventWatcher=4)
[0402-close] no active tracking assignment matched destroyed target (targetID=53, eventWatcher=4)
[0402-close] no active tracking assignment matched destroyed target (targetID=53, eventWatcher=4)
[0402-close] no active tracking assignment matched destroyed target (targetID=53, eventWatcher=4)
[0402-close] no active tracking assignment matched destroyed target (targetID=53, eventWatcher=4)
[0402-close] no active tracking assignment matched destroyed target (targetID=53, eventWatcher=4)
[0402-close] no active tracking assignment matched destroyed target (targetID=53, eventWatcher=4)
[0402-close] no active tracking assignment matched destroyed target (targetID=53, eventWatcher=4)
[0402-close] no active tracking assignment matched destroyed target (targetID=53, eventWatcher=4)
[0402-close] no active tracking assignment matched destroyed target (targetID=53, eventWatcher=4)
[0402-close] no active tracking assignment matched destroyed target (targetID=53, eventWatcher=4)
[0402-close] no active tracking assignment matched destroyed target (targetID=53, eventWatcher=4)
[0402-close] no active tracking assignment matched destroyed target (targetID=53, eventWatcher=4)
[0402-close] no active tracking assignment matched destroyed target (targetID=53, eventWatcher=4)
[0402-close] no active tracking assignment matched destroyed target (targetID=53, eventWatcher=4)
[0402-close] no active tracking assignment matched destroyed target (targetID=53, eventWatcher=4)
[0402-close] no active tracking assignment matched destroyed target (targetID=53, eventWatcher=4)
[0402-close] no active tracking assignment matched destroyed target (targetID=53, eventWatcher=4)
[0402-close] no active tracking assignment matched destroyed target (targetID=53, eventWatcher=4)
[0402-close] no active tracking assignment matched destroyed target (targetID=53, eventWatcher=4)
[0402-close] no active tracking assignment matched destroyed target (targetID=53, eventWatcher=4)
[0402-close] no active tracking assignment matched destroyed target (targetID=53, eventWatcher=4)
[0702] ignore=2 -> apply missionPlanID=700000008, source=DSC
[0702] 공격 배제 선택 -> target bundle isIgnored=1 반영 (count=3)
[QUALITY] startup grace armed (missionPlanID=700000008, duration=10.0s)
[RQUEUE] history 0702 -> #5 결과 수신
[0402-close] no active tracking assignment matched destroyed target (targetID=53, eventWatcher=4)
[0402-close] no active tracking assignment matched destroyed target (targetID=54, eventWatcher=6)
[0402-close] no active tracking assignment matched destroyed target (targetID=55, eventWatcher=4)
[0402-close] no active tracking assignment matched destroyed target (targetID=56, eventWatcher=5)
[0402] new detections: 2
[0402] candidate order refreshed by target-type priority
[0402] accumulated attack bundle prepared: count=2, targets=[58, 57]
[0402] bundled target replan prepared: key=58-4, primaryTargetID=58, targets=[58, 57]
[RQUEUE] queued #6 표적탐지: 표적58 등 2개 발견
[RealTimeInferrer] Loading/Reloading Mission Plan: C:\Users\TRL98\Desktop\LAH_MUMT\Logs\Scenario_2026-05-21T085327\SBC3\MissionPlan\700000008.json
Updated Mission Context: torch.Size([384])
[0401] path-deviation trigger suppressed: within 3s after 0702 apply (remaining=2723ms)
[0501] heartbeat failover send active
[RQUEUE] dispatching #6 표적탐지: 표적58 등 2개 발견
[0902] replan request sent (level=2, reason=표적58 등 2개 발견, planIds=700000009, 700000010)
[RQUEUE] active #6 표적탐지: 표적58 등 2개 발견
[RQUEUE] bundle targets marked used: count=2
[RQUEUE] signal 0305 -> #6 재계획 수행중
[0402-close] no active tracking assignment matched destroyed target (targetID=53, eventWatcher=4)
[0402-close] no active tracking assignment matched destroyed target (targetID=54, eventWatcher=6)
[0402-close] no active tracking assignment matched destroyed target (targetID=55, eventWatcher=4)
[0402-close] no active tracking assignment matched destroyed target (targetID=56, eventWatcher=5)
[0402-close] no active tracking assignment matched destroyed target (targetID=53, eventWatcher=4)
[0402-close] no active tracking assignment matched destroyed target (targetID=54, eventWatcher=6)
[0402-close] no active tracking assignment matched destroyed target (targetID=55, eventWatcher=4)
[0402-close] no active tracking assignment matched destroyed target (targetID=56, eventWatcher=5)
[0402-close] no active tracking assignment matched destroyed target (targetID=53, eventWatcher=4)
[0402-close] no active tracking assignment matched destroyed target (targetID=54, eventWatcher=6)
[0402-close] no active tracking assignment matched destroyed target (targetID=55, eventWatcher=4)
[0402-close] no active tracking assignment matched destroyed target (targetID=56, eventWatcher=5)
[0402-close] no active tracking assignment matched destroyed target (targetID=53, eventWatcher=4)
[0402-close] no active tracking assignment matched destroyed target (targetID=54, eventWatcher=6)
[0402-close] no active tracking assignment matched destroyed target (targetID=55, eventWatcher=4)
[0402-close] no active tracking assignment matched destroyed target (targetID=56, eventWatcher=5)
[0402] new detections: 1
[0402] accumulated attack bundle prepared: count=3, targets=[58, 57, 59]
[0402] bundled target replan prepared: key=59-6, primaryTargetID=59, targets=[58, 57, 59]
[RQUEUE] queued #7 표적탐지: 표적59 등 3개 발견
[RQUEUE] suppress_options set on active #6 (targetID=58): 추가 표적 감지로 옵션 생략 예정
[0402-close] no active tracking assignment matched destroyed target (targetID=53, eventWatcher=4)
[0402-close] no active tracking assignment matched destroyed target (targetID=54, eventWatcher=6)
[0402-close] no active tracking assignment matched destroyed target (targetID=55, eventWatcher=4)
[0402-close] no active tracking assignment matched destroyed target (targetID=56, eventWatcher=5)
[0402] new detections: 1
[0402] accumulated attack bundle prepared: count=3, targets=[58, 59, 57]
[0402] bundled target replan prepared: key=58-4, primaryTargetID=58, targets=[58, 59, 57]
[RQUEUE] duplicate suppressed #7 표적탐지: 표적59 등 3개 발견
[RQUEUE] completed #6 표적탐지: 표적58 등 2개 발견 (옵션 생략(표적 추가), signal=0001, active_ms=5517)
[RQUEUE] dispatching #7 표적탐지: 표적59 등 3개 발견
[RQUEUE] pending attack slot assignment cleared for suppressed planIDs=700000009
[0402-close] no active tracking assignment matched destroyed target (targetID=53, eventWatcher=4)
[0402-close] no active tracking assignment matched destroyed target (targetID=54, eventWatcher=6)
[0402-close] no active tracking assignment matched destroyed target (targetID=55, eventWatcher=4)
[0402-close] no active tracking assignment matched destroyed target (targetID=56, eventWatcher=5)
[0402] new detections: 1
[0402] accumulated attack bundle prepared: count=3, targets=[58, 59, 57]
[0402] bundled target replan prepared: key=58-4, primaryTargetID=58, targets=[58, 59, 57]
[RQUEUE] duplicate suppressed #7 표적탐지: 표적59 등 3개 발견
[0902] replan request sent (level=2, reason=표적59 등 3개 발견, planIds=700000011, 700000012)
[RQUEUE] active #7 표적탐지: 표적59 등 3개 발견
[RQUEUE] bundle targets marked used: count=3
[RQUEUE] signal 0305 -> #7 재계획 수행중
[0402-close] no active tracking assignment matched destroyed target (targetID=53, eventWatcher=4)
[0402-close] no active tracking assignment matched destroyed target (targetID=54, eventWatcher=6)
[0402-close] no active tracking assignment matched destroyed target (targetID=55, eventWatcher=4)
[0402-close] no active tracking assignment matched destroyed target (targetID=56, eventWatcher=5)
[0402] accumulated attack bundle prepared: count=3, targets=[58, 59, 57]
[0402] bundled target replan prepared: key=58-4, primaryTargetID=58, targets=[58, 59, 57]
[RQUEUE] duplicate suppressed #7 표적탐지: 표적59 등 3개 발견
[0402-close] no active tracking assignment matched destroyed target (targetID=53, eventWatcher=4)
[0402-close] no active tracking assignment matched destroyed target (targetID=54, eventWatcher=6)
[0402-close] no active tracking assignment matched destroyed target (targetID=55, eventWatcher=4)
[0402-close] no active tracking assignment matched destroyed target (targetID=56, eventWatcher=5)
[0402] accumulated attack bundle prepared: count=3, targets=[58, 59, 57]
[0402] bundled target replan prepared: key=58-4, primaryTargetID=58, targets=[58, 59, 57]
[RQUEUE] duplicate suppressed #7 표적탐지: 표적59 등 3개 발견
[0402-close] no active tracking assignment matched destroyed target (targetID=53, eventWatcher=4)
[0402-close] no active tracking assignment matched destroyed target (targetID=54, eventWatcher=6)
[0402-close] no active tracking assignment matched destroyed target (targetID=55, eventWatcher=4)
[0402-close] no active tracking assignment matched destroyed target (targetID=56, eventWatcher=5)
[0402] accumulated attack bundle prepared: count=3, targets=[58, 59, 57]
[0402] bundled target replan prepared: key=58-4, primaryTargetID=58, targets=[58, 59, 57]
[RQUEUE] duplicate suppressed #7 표적탐지: 표적59 등 3개 발견
[0402-close] no active tracking assignment matched destroyed target (targetID=53, eventWatcher=4)
[0402-close] no active tracking assignment matched destroyed target (targetID=54, eventWatcher=6)
[0402-close] no active tracking assignment matched destroyed target (targetID=55, eventWatcher=4)
[0402-close] no active tracking assignment matched destroyed target (targetID=56, eventWatcher=5)
[0402] accumulated attack bundle prepared: count=3, targets=[58, 59, 57]
[0402] bundled target replan prepared: key=58-4, primaryTargetID=58, targets=[58, 59, 57]
[RQUEUE] duplicate suppressed #7 표적탐지: 표적59 등 3개 발견
[0402-close] no active tracking assignment matched destroyed target (targetID=53, eventWatcher=4)
[0402-close] no active tracking assignment matched destroyed target (targetID=54, eventWatcher=6)
[0402-close] no active tracking assignment matched destroyed target (targetID=55, eventWatcher=4)
[0402-close] no active tracking assignment matched destroyed target (targetID=56, eventWatcher=5)
[0402] accumulated attack bundle prepared: count=3, targets=[58, 59, 57]
[0402] bundled target replan prepared: key=58-4, primaryTargetID=58, targets=[58, 59, 57]
[RQUEUE] duplicate suppressed #7 표적탐지: 표적59 등 3개 발견
[0402-close] no active tracking assignment matched destroyed target (targetID=53, eventWatcher=4)
[0402-close] no active tracking assignment matched destroyed target (targetID=54, eventWatcher=6)
[0402-close] no active tracking assignment matched destroyed target (targetID=55, eventWatcher=4)
[0402-close] no active tracking assignment matched destroyed target (targetID=56, eventWatcher=5)
[0402] accumulated attack bundle prepared: count=3, targets=[58, 59, 57]
[0402] bundled target replan prepared: key=58-4, primaryTargetID=58, targets=[58, 59, 57]
[RQUEUE] duplicate suppressed #7 표적탐지: 표적59 등 3개 발견
[0402-close] no active tracking assignment matched destroyed target (targetID=53, eventWatcher=4)
[0402-close] no active tracking assignment matched destroyed target (targetID=54, eventWatcher=6)
[0402-close] no active tracking assignment matched destroyed target (targetID=55, eventWatcher=4)
[0402-close] no active tracking assignment matched destroyed target (targetID=56, eventWatcher=5)
[0402] accumulated attack bundle prepared: count=3, targets=[58, 59, 57]
[0402] bundled target replan prepared: key=58-4, primaryTargetID=58, targets=[58, 59, 57]
[RQUEUE] duplicate suppressed #7 표적탐지: 표적59 등 3개 발견
[0402-close] no active tracking assignment matched destroyed target (targetID=53, eventWatcher=4)
[0402-close] no active tracking assignment matched destroyed target (targetID=54, eventWatcher=6)
[0402-close] no active tracking assignment matched destroyed target (targetID=55, eventWatcher=4)
[0402-close] no active tracking assignment matched destroyed target (targetID=56, eventWatcher=5)
[0402] accumulated attack bundle prepared: count=3, targets=[58, 59, 57]
[0402] bundled target replan prepared: key=58-4, primaryTargetID=58, targets=[58, 59, 57]
[RQUEUE] duplicate suppressed #7 표적탐지: 표적59 등 3개 발견
[RQUEUE] signal 0701 -> #7 옵션 정보 전송
[RQUEUE] signal 0305 -> #7 재계획 산출 완료
[0402-close] no active tracking assignment matched destroyed target (targetID=53, eventWatcher=4)
[0402-close] no active tracking assignment matched destroyed target (targetID=54, eventWatcher=6)
[0402-close] no active tracking assignment matched destroyed target (targetID=55, eventWatcher=4)
[0402-close] no active tracking assignment matched destroyed target (targetID=56, eventWatcher=5)
[0402] accumulated attack bundle prepared: count=3, targets=[58, 59, 57]
[0402] bundled target replan prepared: key=58-4, primaryTargetID=58, targets=[58, 59, 57]
[RQUEUE] duplicate suppressed #7 표적탐지: 표적59 등 3개 발견
[0402-close] no active tracking assignment matched destroyed target (targetID=53, eventWatcher=4)
[0402-close] no active tracking assignment matched destroyed target (targetID=54, eventWatcher=6)
[0402-close] no active tracking assignment matched destroyed target (targetID=55, eventWatcher=4)
[0402-close] no active tracking assignment matched destroyed target (targetID=56, eventWatcher=5)
[0402] accumulated attack bundle prepared: count=3, targets=[58, 59, 57]
[0402] bundled target replan prepared: key=58-4, primaryTargetID=58, targets=[58, 59, 57]
[RQUEUE] duplicate suppressed #7 표적탐지: 표적59 등 3개 발견
[0402-close] no active tracking assignment matched destroyed target (targetID=53, eventWatcher=4)
[0402-close] no active tracking assignment matched destroyed target (targetID=54, eventWatcher=6)
[0402-close] no active tracking assignment matched destroyed target (targetID=55, eventWatcher=4)
[0402-close] no active tracking assignment matched destroyed target (targetID=56, eventWatcher=5)
[0402] accumulated attack bundle prepared: count=3, targets=[58, 59, 57]
[0402] bundled target replan prepared: key=58-4, primaryTargetID=58, targets=[58, 59, 57]
[RQUEUE] duplicate suppressed #7 표적탐지: 표적59 등 3개 발견
[0402-close] no active tracking assignment matched destroyed target (targetID=53, eventWatcher=4)
[0402-close] no active tracking assignment matched destroyed target (targetID=54, eventWatcher=6)
[0402-close] no active tracking assignment matched destroyed target (targetID=55, eventWatcher=4)
[0402-close] no active tracking assignment matched destroyed target (targetID=56, eventWatcher=5)
[0402] accumulated attack bundle prepared: count=3, targets=[58, 59, 57]
[0402] bundled target replan prepared: key=58-4, primaryTargetID=58, targets=[58, 59, 57]
[RQUEUE] duplicate suppressed #7 표적탐지: 표적59 등 3개 발견
[0402-close] no active tracking assignment matched destroyed target (targetID=53, eventWatcher=4)
[0402-close] no active tracking assignment matched destroyed target (targetID=54, eventWatcher=6)
[0402-close] no active tracking assignment matched destroyed target (targetID=55, eventWatcher=4)
[0402-close] no active tracking assignment matched destroyed target (targetID=56, eventWatcher=5)
[0402] accumulated attack bundle prepared: count=3, targets=[58, 59, 57]
[0402] bundled target replan prepared: key=58-4, primaryTargetID=58, targets=[58, 59, 57]
[RQUEUE] duplicate suppressed #7 표적탐지: 표적59 등 3개 발견
[0402-close] no active tracking assignment matched destroyed target (targetID=53, eventWatcher=4)
[0402-close] no active tracking assignment matched destroyed target (targetID=54, eventWatcher=6)
[0402-close] no active tracking assignment matched destroyed target (targetID=55, eventWatcher=4)
[0402-close] no active tracking assignment matched destroyed target (targetID=56, eventWatcher=5)
[0402] accumulated attack bundle prepared: count=3, targets=[58, 59, 57]
[0402] bundled target replan prepared: key=58-4, primaryTargetID=58, targets=[58, 59, 57]
[RQUEUE] duplicate suppressed #7 표적탐지: 표적59 등 3개 발견
[0402-close] no active tracking assignment matched destroyed target (targetID=53, eventWatcher=4)
[0402-close] no active tracking assignment matched destroyed target (targetID=54, eventWatcher=6)
[0402-close] no active tracking assignment matched destroyed target (targetID=55, eventWatcher=4)
[0402-close] no active tracking assignment matched destroyed target (targetID=56, eventWatcher=5)
[0402] accumulated attack bundle prepared: count=3, targets=[58, 59, 57]
[0402] bundled target replan prepared: key=58-4, primaryTargetID=58, targets=[58, 59, 57]
[RQUEUE] duplicate suppressed #7 표적탐지: 표적59 등 3개 발견
[0402-close] no active tracking assignment matched destroyed target (targetID=53, eventWatcher=4)
[0402-close] no active tracking assignment matched destroyed target (targetID=54, eventWatcher=6)
[0402-close] no active tracking assignment matched destroyed target (targetID=55, eventWatcher=4)
[0402-close] no active tracking assignment matched destroyed target (targetID=56, eventWatcher=5)
[0402] accumulated attack bundle prepared: count=3, targets=[58, 59, 57]
[0402] bundled target replan prepared: key=58-4, primaryTargetID=58, targets=[58, 59, 57]
[RQUEUE] duplicate suppressed #7 표적탐지: 표적59 등 3개 발견
[0402-close] no active tracking assignment matched destroyed target (targetID=53, eventWatcher=4)
[0402-close] no active tracking assignment matched destroyed target (targetID=54, eventWatcher=6)
[0402-close] no active tracking assignment matched destroyed target (targetID=55, eventWatcher=4)
[0402-close] no active tracking assignment matched destroyed target (targetID=56, eventWatcher=5)
[0402] accumulated attack bundle prepared: count=3, targets=[58, 59, 57]
[0402] bundled target replan prepared: key=58-4, primaryTargetID=58, targets=[58, 59, 57]
[RQUEUE] duplicate suppressed #7 표적탐지: 표적59 등 3개 발견
[0402-close] no active tracking assignment matched destroyed target (targetID=53, eventWatcher=4)
[0402-close] no active tracking assignment matched destroyed target (targetID=54, eventWatcher=6)
[0402-close] no active tracking assignment matched destroyed target (targetID=55, eventWatcher=4)
[0402-close] no active tracking assignment matched destroyed target (targetID=56, eventWatcher=5)
[0402] accumulated attack bundle prepared: count=3, targets=[58, 59, 57]
[0402] bundled target replan prepared: key=58-4, primaryTargetID=58, targets=[58, 59, 57]
[RQUEUE] duplicate suppressed #7 표적탐지: 표적59 등 3개 발견
[0402-close] no active tracking assignment matched destroyed target (targetID=53, eventWatcher=4)
[0402-close] no active tracking assignment matched destroyed target (targetID=54, eventWatcher=6)
[0402-close] no active tracking assignment matched destroyed target (targetID=55, eventWatcher=4)
[0402-close] no active tracking assignment matched destroyed target (targetID=56, eventWatcher=5)
[0402] accumulated attack bundle prepared: count=3, targets=[58, 59, 57]
[0402] bundled target replan prepared: key=58-4, primaryTargetID=58, targets=[58, 59, 57]
[RQUEUE] duplicate suppressed #7 표적탐지: 표적59 등 3개 발견
[0402-close] no active tracking assignment matched destroyed target (targetID=53, eventWatcher=4)
[0402-close] no active tracking assignment matched destroyed target (targetID=54, eventWatcher=6)
[0402-close] no active tracking assignment matched destroyed target (targetID=55, eventWatcher=4)
[0402-close] no active tracking assignment matched destroyed target (targetID=56, eventWatcher=5)
[0402] accumulated attack bundle prepared: count=3, targets=[58, 59, 57]
[0402] bundled target replan prepared: key=58-4, primaryTargetID=58, targets=[58, 59, 57]
[RQUEUE] duplicate suppressed #7 표적탐지: 표적59 등 3개 발견
[0402-close] no active tracking assignment matched destroyed target (targetID=53, eventWatcher=4)
[0402-close] no active tracking assignment matched destroyed target (targetID=54, eventWatcher=6)
[0402-close] no active tracking assignment matched destroyed target (targetID=55, eventWatcher=4)
[0402-close] no active tracking assignment matched destroyed target (targetID=56, eventWatcher=5)
[0402] accumulated attack bundle prepared: count=3, targets=[58, 59, 57]
[0402] bundled target replan prepared: key=58-4, primaryTargetID=58, targets=[58, 59, 57]
[RQUEUE] duplicate suppressed #7 표적탐지: 표적59 등 3개 발견
[0402-close] no active tracking assignment matched destroyed target (targetID=53, eventWatcher=4)
[0402-close] no active tracking assignment matched destroyed target (targetID=54, eventWatcher=6)
[0402-close] no active tracking assignment matched destroyed target (targetID=55, eventWatcher=4)
[0402-close] no active tracking assignment matched destroyed target (targetID=56, eventWatcher=5)
[0402] accumulated attack bundle prepared: count=3, targets=[58, 59, 57]
[0402] bundled target replan prepared: key=58-4, primaryTargetID=58, targets=[58, 59, 57]
[RQUEUE] duplicate suppressed #7 표적탐지: 표적59 등 3개 발견
[0402-close] no active tracking assignment matched destroyed target (targetID=53, eventWatcher=4)
[0402-close] no active tracking assignment matched destroyed target (targetID=54, eventWatcher=6)
[0402-close] no active tracking assignment matched destroyed target (targetID=55, eventWatcher=4)
[0402-close] no active tracking assignment matched destroyed target (targetID=56, eventWatcher=5)
[0402] accumulated attack bundle prepared: count=3, targets=[58, 59, 57]
[0402] bundled target replan prepared: key=58-4, primaryTargetID=58, targets=[58, 59, 57]
[RQUEUE] duplicate suppressed #7 표적탐지: 표적59 등 3개 발견
[0402-close] no active tracking assignment matched destroyed target (targetID=53, eventWatcher=4)
[0402-close] no active tracking assignment matched destroyed target (targetID=54, eventWatcher=6)
[0402-close] no active tracking assignment matched destroyed target (targetID=55, eventWatcher=4)
[0402-close] no active tracking assignment matched destroyed target (targetID=56, eventWatcher=5)
[0402] accumulated attack bundle prepared: count=3, targets=[58, 59, 57]
[0402] bundled target replan prepared: key=58-4, primaryTargetID=58, targets=[58, 59, 57]
[RQUEUE] duplicate suppressed #7 표적탐지: 표적59 등 3개 발견
[0402-close] no active tracking assignment matched destroyed target (targetID=53, eventWatcher=4)
[0402-close] no active tracking assignment matched destroyed target (targetID=54, eventWatcher=6)
[0402-close] no active tracking assignment matched destroyed target (targetID=55, eventWatcher=4)
[0402-close] no active tracking assignment matched destroyed target (targetID=56, eventWatcher=5)
[0402] accumulated attack bundle prepared: count=3, targets=[58, 59, 57]
[0402] bundled target replan prepared: key=58-4, primaryTargetID=58, targets=[58, 59, 57]
[RQUEUE] duplicate suppressed #7 표적탐지: 표적59 등 3개 발견
[0402-close] no active tracking assignment matched destroyed target (targetID=53, eventWatcher=4)
[0402-close] no active tracking assignment matched destroyed target (targetID=54, eventWatcher=6)
[0402-close] no active tracking assignment matched destroyed target (targetID=55, eventWatcher=4)
[0402-close] no active tracking assignment matched destroyed target (targetID=56, eventWatcher=5)
[0402] accumulated attack bundle prepared: count=3, targets=[58, 59, 57]
[0402] bundled target replan prepared: key=58-4, primaryTargetID=58, targets=[58, 59, 57]
[RQUEUE] duplicate suppressed #7 표적탐지: 표적59 등 3개 발견
[0402-close] no active tracking assignment matched destroyed target (targetID=53, eventWatcher=4)
[0402-close] no active tracking assignment matched destroyed target (targetID=54, eventWatcher=6)
[0402-close] no active tracking assignment matched destroyed target (targetID=55, eventWatcher=4)
[0402-close] no active tracking assignment matched destroyed target (targetID=56, eventWatcher=5)
[0402] accumulated attack bundle prepared: count=3, targets=[58, 59, 57]
[0402] bundled target replan prepared: key=58-4, primaryTargetID=58, targets=[58, 59, 57]
[RQUEUE] duplicate suppressed #7 표적탐지: 표적59 등 3개 발견
[0402-close] no active tracking assignment matched destroyed target (targetID=53, eventWatcher=4)
[0402-close] no active tracking assignment matched destroyed target (targetID=54, eventWatcher=6)
[0402-close] no active tracking assignment matched destroyed target (targetID=55, eventWatcher=4)
[0402-close] no active tracking assignment matched destroyed target (targetID=56, eventWatcher=5)
[0402] accumulated attack bundle prepared: count=3, targets=[58, 59, 57]
[0402] bundled target replan prepared: key=58-4, primaryTargetID=58, targets=[58, 59, 57]
[RQUEUE] duplicate suppressed #7 표적탐지: 표적59 등 3개 발견
[0402-close] no active tracking assignment matched destroyed target (targetID=53, eventWatcher=4)
[0402-close] no active tracking assignment matched destroyed target (targetID=54, eventWatcher=6)
[0402-close] no active tracking assignment matched destroyed target (targetID=55, eventWatcher=4)
[0402-close] no active tracking assignment matched destroyed target (targetID=56, eventWatcher=5)
[0402] accumulated attack bundle prepared: count=3, targets=[58, 59, 57]
[0402] bundled target replan prepared: key=58-4, primaryTargetID=58, targets=[58, 59, 57]
[RQUEUE] duplicate suppressed #7 표적탐지: 표적59 등 3개 발견
[0402-close] no active tracking assignment matched destroyed target (targetID=53, eventWatcher=4)
[0402-close] no active tracking assignment matched destroyed target (targetID=54, eventWatcher=6)
[0402-close] no active tracking assignment matched destroyed target (targetID=55, eventWatcher=4)
[0402-close] no active tracking assignment matched destroyed target (targetID=56, eventWatcher=5)
[0402] accumulated attack bundle prepared: count=3, targets=[58, 59, 57]
[0402] bundled target replan prepared: key=58-4, primaryTargetID=58, targets=[58, 59, 57]
[RQUEUE] duplicate suppressed #7 표적탐지: 표적59 등 3개 발견
[0402-close] no active tracking assignment matched destroyed target (targetID=53, eventWatcher=4)
[0402-close] no active tracking assignment matched destroyed target (targetID=54, eventWatcher=6)
[0402-close] no active tracking assignment matched destroyed target (targetID=55, eventWatcher=4)
[0402-close] no active tracking assignment matched destroyed target (targetID=56, eventWatcher=5)
[0402] accumulated attack bundle prepared: count=3, targets=[58, 59, 57]
[0402] bundled target replan prepared: key=58-4, primaryTargetID=58, targets=[58, 59, 57]
[RQUEUE] duplicate suppressed #7 표적탐지: 표적59 등 3개 발견
[0402-close] no active tracking assignment matched destroyed target (targetID=53, eventWatcher=4)
[0402-close] no active tracking assignment matched destroyed target (targetID=54, eventWatcher=6)
[0402-close] no active tracking assignment matched destroyed target (targetID=55, eventWatcher=4)
[0402-close] no active tracking assignment matched destroyed target (targetID=56, eventWatcher=5)
[0402] accumulated attack bundle prepared: count=3, targets=[58, 59, 57]
[0402] bundled target replan prepared: key=58-4, primaryTargetID=58, targets=[58, 59, 57]
[RQUEUE] duplicate suppressed #7 표적탐지: 표적59 등 3개 발견
[0402-close] no active tracking assignment matched destroyed target (targetID=53, eventWatcher=4)
[0402-close] no active tracking assignment matched destroyed target (targetID=54, eventWatcher=6)
[0402-close] no active tracking assignment matched destroyed target (targetID=55, eventWatcher=4)
[0402-close] no active tracking assignment matched destroyed target (targetID=56, eventWatcher=5)
[0402] accumulated attack bundle prepared: count=3, targets=[58, 59, 57]
[0402] bundled target replan prepared: key=58-4, primaryTargetID=58, targets=[58, 59, 57]
[RQUEUE] duplicate suppressed #7 표적탐지: 표적59 등 3개 발견
[0402-close] no active tracking assignment matched destroyed target (targetID=53, eventWatcher=4)
[0402-close] no active tracking assignment matched destroyed target (targetID=54, eventWatcher=6)
[0402-close] no active tracking assignment matched destroyed target (targetID=55, eventWatcher=4)
[0402-close] no active tracking assignment matched destroyed target (targetID=56, eventWatcher=5)
[0402] accumulated attack bundle prepared: count=3, targets=[58, 59, 57]
[0402] bundled target replan prepared: key=58-4, primaryTargetID=58, targets=[58, 59, 57]
[RQUEUE] duplicate suppressed #7 표적탐지: 표적59 등 3개 발견
[0402-close] no active tracking assignment matched destroyed target (targetID=53, eventWatcher=4)
[0402-close] no active tracking assignment matched destroyed target (targetID=54, eventWatcher=6)
[0402-close] no active tracking assignment matched destroyed target (targetID=55, eventWatcher=4)
[0402-close] no active tracking assignment matched destroyed target (targetID=56, eventWatcher=5)
[0402] accumulated attack bundle prepared: count=3, targets=[58, 59, 57]
[0402] bundled target replan prepared: key=58-4, primaryTargetID=58, targets=[58, 59, 57]
[RQUEUE] duplicate suppressed #7 표적탐지: 표적59 등 3개 발견
[0402-close] no active tracking assignment matched destroyed target (targetID=53, eventWatcher=4)
[0402-close] no active tracking assignment matched destroyed target (targetID=54, eventWatcher=6)
[0402-close] no active tracking assignment matched destroyed target (targetID=55, eventWatcher=4)
[0402-close] no active tracking assignment matched destroyed target (targetID=56, eventWatcher=5)
[0402] accumulated attack bundle prepared: count=3, targets=[58, 59, 57]
[0402] bundled target replan prepared: key=58-4, primaryTargetID=58, targets=[58, 59, 57]
[RQUEUE] duplicate suppressed #7 표적탐지: 표적59 등 3개 발견
[0402-close] no active tracking assignment matched destroyed target (targetID=53, eventWatcher=4)
[0402-close] no active tracking assignment matched destroyed target (targetID=54, eventWatcher=6)
[0402-close] no active tracking assignment matched destroyed target (targetID=55, eventWatcher=4)
[0402-close] no active tracking assignment matched destroyed target (targetID=56, eventWatcher=5)
[0402] accumulated attack bundle prepared: count=3, targets=[58, 59, 57]
[0402] bundled target replan prepared: key=58-4, primaryTargetID=58, targets=[58, 59, 57]
[RQUEUE] duplicate suppressed #7 표적탐지: 표적59 등 3개 발견
[0402-close] no active tracking assignment matched destroyed target (targetID=53, eventWatcher=4)
[0402-close] no active tracking assignment matched destroyed target (targetID=54, eventWatcher=6)
[0402-close] no active tracking assignment matched destroyed target (targetID=55, eventWatcher=4)
[0402-close] no active tracking assignment matched destroyed target (targetID=56, eventWatcher=5)
[0402] accumulated attack bundle prepared: count=3, targets=[58, 59, 57]
[0402] bundled target replan prepared: key=58-4, primaryTargetID=58, targets=[58, 59, 57]
[RQUEUE] duplicate suppressed #7 표적탐지: 표적59 등 3개 발견
[0402-close] no active tracking assignment matched destroyed target (targetID=53, eventWatcher=4)
[0402-close] no active tracking assignment matched destroyed target (targetID=54, eventWatcher=6)
[0402-close] no active tracking assignment matched destroyed target (targetID=55, eventWatcher=4)
[0402-close] no active tracking assignment matched destroyed target (targetID=56, eventWatcher=5)
[0402-close] no active tracking assignment matched destroyed target (targetID=61, eventWatcher=6)
[0402] accumulated attack bundle prepared: count=3, targets=[58, 59, 57]
[0402] bundled target replan prepared: key=58-4, primaryTargetID=58, targets=[58, 59, 57]
[RQUEUE] duplicate suppressed #7 표적탐지: 표적59 등 3개 발견
[0402-close] no active tracking assignment matched destroyed target (targetID=53, eventWatcher=4)
[0402-close] no active tracking assignment matched destroyed target (targetID=54, eventWatcher=6)
[0402-close] no active tracking assignment matched destroyed target (targetID=55, eventWatcher=4)
[0402-close] no active tracking assignment matched destroyed target (targetID=56, eventWatcher=5)
[0402-close] no active tracking assignment matched destroyed target (targetID=61, eventWatcher=6)
[0402] accumulated attack bundle prepared: count=3, targets=[58, 59, 57]
[0402] bundled target replan prepared: key=58-4, primaryTargetID=58, targets=[58, 59, 57]
[RQUEUE] duplicate suppressed #7 표적탐지: 표적59 등 3개 발견
[0402-close] no active tracking assignment matched destroyed target (targetID=53, eventWatcher=4)
[0402-close] no active tracking assignment matched destroyed target (targetID=54, eventWatcher=6)
[0402-close] no active tracking assignment matched destroyed target (targetID=55, eventWatcher=4)
[0402-close] no active tracking assignment matched destroyed target (targetID=56, eventWatcher=5)
[0402-close] no active tracking assignment matched destroyed target (targetID=61, eventWatcher=6)
[0402] accumulated attack bundle prepared: count=3, targets=[58, 59, 57]
[0402] bundled target replan prepared: key=58-4, primaryTargetID=58, targets=[58, 59, 57]
[RQUEUE] duplicate suppressed #7 표적탐지: 표적59 등 3개 발견
[0402-close] no active tracking assignment matched destroyed target (targetID=53, eventWatcher=4)
[0402-close] no active tracking assignment matched destroyed target (targetID=54, eventWatcher=6)
[0402-close] no active tracking assignment matched destroyed target (targetID=55, eventWatcher=4)
[0402-close] no active tracking assignment matched destroyed target (targetID=56, eventWatcher=5)
[0402-close] no active tracking assignment matched destroyed target (targetID=61, eventWatcher=6)
[0402] accumulated attack bundle prepared: count=3, targets=[58, 59, 57]
[0402] bundled target replan prepared: key=58-4, primaryTargetID=58, targets=[58, 59, 57]
[RQUEUE] duplicate suppressed #7 표적탐지: 표적59 등 3개 발견
[0402-close] no active tracking assignment matched destroyed target (targetID=53, eventWatcher=4)
[0402-close] no active tracking assignment matched destroyed target (targetID=54, eventWatcher=6)
[0402-close] no active tracking assignment matched destroyed target (targetID=55, eventWatcher=4)
[0402-close] no active tracking assignment matched destroyed target (targetID=56, eventWatcher=5)
[0402-close] no active tracking assignment matched destroyed target (targetID=61, eventWatcher=6)
[0402] accumulated attack bundle prepared: count=3, targets=[58, 59, 57]
[0402] bundled target replan prepared: key=58-4, primaryTargetID=58, targets=[58, 59, 57]
[RQUEUE] duplicate suppressed #7 표적탐지: 표적59 등 3개 발견
[0402-close] no active tracking assignment matched destroyed target (targetID=53, eventWatcher=4)
[0402-close] no active tracking assignment matched destroyed target (targetID=54, eventWatcher=6)
[0402-close] no active tracking assignment matched destroyed target (targetID=55, eventWatcher=4)
[0402-close] no active tracking assignment matched destroyed target (targetID=56, eventWatcher=5)
[0402-close] no active tracking assignment matched destroyed target (targetID=61, eventWatcher=6)
[0402] accumulated attack bundle prepared: count=3, targets=[58, 59, 57]
[0402] bundled target replan prepared: key=58-4, primaryTargetID=58, targets=[58, 59, 57]
[RQUEUE] duplicate suppressed #7 표적탐지: 표적59 등 3개 발견
[0402-close] no active tracking assignment matched destroyed target (targetID=53, eventWatcher=4)
[0402-close] no active tracking assignment matched destroyed target (targetID=54, eventWatcher=6)
[0402-close] no active tracking assignment matched destroyed target (targetID=55, eventWatcher=4)
[0402-close] no active tracking assignment matched destroyed target (targetID=56, eventWatcher=5)
[0402-close] no active tracking assignment matched destroyed target (targetID=61, eventWatcher=6)
[0402] accumulated attack bundle prepared: count=3, targets=[58, 59, 57]
[0402] bundled target replan prepared: key=58-4, primaryTargetID=58, targets=[58, 59, 57]
[RQUEUE] duplicate suppressed #7 표적탐지: 표적59 등 3개 발견
[0402-close] no active tracking assignment matched destroyed target (targetID=53, eventWatcher=4)
[0402-close] no active tracking assignment matched destroyed target (targetID=54, eventWatcher=6)
[0402-close] no active tracking assignment matched destroyed target (targetID=55, eventWatcher=4)
[0402-close] no active tracking assignment matched destroyed target (targetID=56, eventWatcher=5)
[0402-close] no active tracking assignment matched destroyed target (targetID=61, eventWatcher=6)
[0402] accumulated attack bundle prepared: count=3, targets=[58, 59, 57]
[0402] bundled target replan prepared: key=58-4, primaryTargetID=58, targets=[58, 59, 57]
[RQUEUE] duplicate suppressed #7 표적탐지: 표적59 등 3개 발견
[0402-close] no active tracking assignment matched destroyed target (targetID=53, eventWatcher=4)
[0402-close] no active tracking assignment matched destroyed target (targetID=54, eventWatcher=6)
[0402-close] no active tracking assignment matched destroyed target (targetID=55, eventWatcher=4)
[0402-close] no active tracking assignment matched destroyed target (targetID=56, eventWatcher=5)
[0402-close] no active tracking assignment matched destroyed target (targetID=61, eventWatcher=6)
[0402] accumulated attack bundle prepared: count=3, targets=[58, 59, 57]
[0402] bundled target replan prepared: key=58-4, primaryTargetID=58, targets=[58, 59, 57]
[RQUEUE] duplicate suppressed #7 표적탐지: 표적59 등 3개 발견
[0402-close] no active tracking assignment matched destroyed target (targetID=53, eventWatcher=4)
[0402-close] no active tracking assignment matched destroyed target (targetID=54, eventWatcher=6)
[0402-close] no active tracking assignment matched destroyed target (targetID=55, eventWatcher=4)
[0402-close] no active tracking assignment matched destroyed target (targetID=56, eventWatcher=5)
[0402-close] no active tracking assignment matched destroyed target (targetID=61, eventWatcher=6)
[0402] accumulated attack bundle prepared: count=3, targets=[58, 59, 57]
[0402] bundled target replan prepared: key=58-4, primaryTargetID=58, targets=[58, 59, 57]
[RQUEUE] duplicate suppressed #7 표적탐지: 표적59 등 3개 발견
[0402-close] no active tracking assignment matched destroyed target (targetID=53, eventWatcher=4)
[0402-close] no active tracking assignment matched destroyed target (targetID=54, eventWatcher=6)
[0402-close] no active tracking assignment matched destroyed target (targetID=55, eventWatcher=4)
[0402-close] no active tracking assignment matched destroyed target (targetID=56, eventWatcher=5)
[0402-close] no active tracking assignment matched destroyed target (targetID=61, eventWatcher=6)
[0402] accumulated attack bundle prepared: count=3, targets=[58, 59, 57]
[0402] bundled target replan prepared: key=58-4, primaryTargetID=58, targets=[58, 59, 57]
[RQUEUE] duplicate suppressed #7 표적탐지: 표적59 등 3개 발견
[0402-close] no active tracking assignment matched destroyed target (targetID=53, eventWatcher=4)
[0402-close] no active tracking assignment matched destroyed target (targetID=54, eventWatcher=6)
[0402-close] no active tracking assignment matched destroyed target (targetID=55, eventWatcher=4)
[0402-close] no active tracking assignment matched destroyed target (targetID=56, eventWatcher=5)
[0402-close] no active tracking assignment matched destroyed target (targetID=61, eventWatcher=6)
[0402] accumulated attack bundle prepared: count=3, targets=[58, 59, 57]
[0402] bundled target replan prepared: key=58-4, primaryTargetID=58, targets=[58, 59, 57]
[RQUEUE] duplicate suppressed #7 표적탐지: 표적59 등 3개 발견
[0402-close] no active tracking assignment matched destroyed target (targetID=53, eventWatcher=4)
[0402-close] no active tracking assignment matched destroyed target (targetID=54, eventWatcher=6)
[0402-close] no active tracking assignment matched destroyed target (targetID=55, eventWatcher=4)
[0402-close] no active tracking assignment matched destroyed target (targetID=56, eventWatcher=5)
[0402-close] no active tracking assignment matched destroyed target (targetID=61, eventWatcher=6)
[0402] accumulated attack bundle prepared: count=3, targets=[58, 59, 57]
[0402] bundled target replan prepared: key=58-4, primaryTargetID=58, targets=[58, 59, 57]
[RQUEUE] duplicate suppressed #7 표적탐지: 표적59 등 3개 발견
[0402-close] no active tracking assignment matched destroyed target (targetID=53, eventWatcher=4)
[0402-close] no active tracking assignment matched destroyed target (targetID=54, eventWatcher=6)
[0402-close] no active tracking assignment matched destroyed target (targetID=55, eventWatcher=4)
[0402-close] no active tracking assignment matched destroyed target (targetID=56, eventWatcher=5)
[0402-close] no active tracking assignment matched destroyed target (targetID=61, eventWatcher=6)
[0402] accumulated attack bundle prepared: count=3, targets=[58, 59, 57]
[0402] bundled target replan prepared: key=58-4, primaryTargetID=58, targets=[58, 59, 57]
[RQUEUE] duplicate suppressed #7 표적탐지: 표적59 등 3개 발견
[0402-close] no active tracking assignment matched destroyed target (targetID=53, eventWatcher=4)
[0402-close] no active tracking assignment matched destroyed target (targetID=54, eventWatcher=6)
[0402-close] no active tracking assignment matched destroyed target (targetID=55, eventWatcher=4)
[0402-close] no active tracking assignment matched destroyed target (targetID=56, eventWatcher=5)
[0402-close] no active tracking assignment matched destroyed target (targetID=61, eventWatcher=6)
[0402] accumulated attack bundle prepared: count=3, targets=[58, 59, 57]
[0402] bundled target replan prepared: key=58-4, primaryTargetID=58, targets=[58, 59, 57]
[RQUEUE] duplicate suppressed #7 표적탐지: 표적59 등 3개 발견
[0402-close] no active tracking assignment matched destroyed target (targetID=53, eventWatcher=4)
[0402-close] no active tracking assignment matched destroyed target (targetID=54, eventWatcher=6)
[0402-close] no active tracking assignment matched destroyed target (targetID=55, eventWatcher=4)
[0402-close] no active tracking assignment matched destroyed target (targetID=56, eventWatcher=5)
[0402-close] no active tracking assignment matched destroyed target (targetID=61, eventWatcher=6)
[0402] accumulated attack bundle prepared: count=3, targets=[58, 59, 57]
[0402] bundled target replan prepared: key=58-4, primaryTargetID=58, targets=[58, 59, 57]
[RQUEUE] duplicate suppressed #7 표적탐지: 표적59 등 3개 발견
[0402-close] no active tracking assignment matched destroyed target (targetID=53, eventWatcher=4)
[0402-close] no active tracking assignment matched destroyed target (targetID=54, eventWatcher=6)
[0402-close] no active tracking assignment matched destroyed target (targetID=55, eventWatcher=4)
[0402-close] no active tracking assignment matched destroyed target (targetID=56, eventWatcher=5)
[0402-close] no active tracking assignment matched destroyed target (targetID=61, eventWatcher=6)
[0402] accumulated attack bundle prepared: count=3, targets=[58, 59, 57]
[0402] bundled target replan prepared: key=58-4, primaryTargetID=58, targets=[58, 59, 57]
[RQUEUE] duplicate suppressed #7 표적탐지: 표적59 등 3개 발견
[0402-close] no active tracking assignment matched destroyed target (targetID=53, eventWatcher=4)
[0402-close] no active tracking assignment matched destroyed target (targetID=54, eventWatcher=6)
[0402-close] no active tracking assignment matched destroyed target (targetID=55, eventWatcher=4)
[0402-close] no active tracking assignment matched destroyed target (targetID=56, eventWatcher=5)
[0402-close] no active tracking assignment matched destroyed target (targetID=61, eventWatcher=6)
[0402] accumulated attack bundle prepared: count=3, targets=[58, 59, 57]
[0402] bundled target replan prepared: key=58-4, primaryTargetID=58, targets=[58, 59, 57]
[RQUEUE] duplicate suppressed #7 표적탐지: 표적59 등 3개 발견
[0402-close] no active tracking assignment matched destroyed target (targetID=53, eventWatcher=4)
[0402-close] no active tracking assignment matched destroyed target (targetID=54, eventWatcher=6)
[0402-close] no active tracking assignment matched destroyed target (targetID=55, eventWatcher=4)
[0402-close] no active tracking assignment matched destroyed target (targetID=56, eventWatcher=5)
[0402-close] no active tracking assignment matched destroyed target (targetID=61, eventWatcher=6)
[0402] accumulated attack bundle prepared: count=3, targets=[58, 59, 57]
[0402] bundled target replan prepared: key=58-4, primaryTargetID=58, targets=[58, 59, 57]
[RQUEUE] duplicate suppressed #7 표적탐지: 표적59 등 3개 발견
[0402-close] no active tracking assignment matched destroyed target (targetID=53, eventWatcher=4)
[0402-close] no active tracking assignment matched destroyed target (targetID=54, eventWatcher=6)
[0402-close] no active tracking assignment matched destroyed target (targetID=55, eventWatcher=4)
[0402-close] no active tracking assignment matched destroyed target (targetID=56, eventWatcher=5)
[0402-close] no active tracking assignment matched destroyed target (targetID=61, eventWatcher=6)
[0402] accumulated attack bundle prepared: count=3, targets=[58, 59, 57]
[0402] bundled target replan prepared: key=58-4, primaryTargetID=58, targets=[58, 59, 57]
[RQUEUE] duplicate suppressed #7 표적탐지: 표적59 등 3개 발견
[0402-close] no active tracking assignment matched destroyed target (targetID=53, eventWatcher=4)
[0402-close] no active tracking assignment matched destroyed target (targetID=54, eventWatcher=6)
[0402-close] no active tracking assignment matched destroyed target (targetID=55, eventWatcher=4)
[0402-close] no active tracking assignment matched destroyed target (targetID=56, eventWatcher=5)
[0402-close] no active tracking assignment matched destroyed target (targetID=61, eventWatcher=6)
[0402] accumulated attack bundle prepared: count=3, targets=[58, 59, 57]
[0402] bundled target replan prepared: key=58-4, primaryTargetID=58, targets=[58, 59, 57]
[RQUEUE] duplicate suppressed #7 표적탐지: 표적59 등 3개 발견
[0402-close] no active tracking assignment matched destroyed target (targetID=53, eventWatcher=4)
[0402-close] no active tracking assignment matched destroyed target (targetID=54, eventWatcher=6)
[0402-close] no active tracking assignment matched destroyed target (targetID=55, eventWatcher=4)
[0402-close] no active tracking assignment matched destroyed target (targetID=56, eventWatcher=5)
[0402-close] no active tracking assignment matched destroyed target (targetID=61, eventWatcher=6)
[0402] accumulated attack bundle prepared: count=3, targets=[58, 59, 57]
[0402] bundled target replan prepared: key=58-4, primaryTargetID=58, targets=[58, 59, 57]
[RQUEUE] duplicate suppressed #7 표적탐지: 표적59 등 3개 발견
[0402-close] no active tracking assignment matched destroyed target (targetID=53, eventWatcher=4)
[0402-close] no active tracking assignment matched destroyed target (targetID=54, eventWatcher=6)
[0402-close] no active tracking assignment matched destroyed target (targetID=55, eventWatcher=4)
[0402-close] no active tracking assignment matched destroyed target (targetID=56, eventWatcher=5)
[0402-close] no active tracking assignment matched destroyed target (targetID=61, eventWatcher=6)
[0402] accumulated attack bundle prepared: count=3, targets=[58, 59, 57]
[0402] bundled target replan prepared: key=58-4, primaryTargetID=58, targets=[58, 59, 57]
[RQUEUE] duplicate suppressed #7 표적탐지: 표적59 등 3개 발견
[0402-close] no active tracking assignment matched destroyed target (targetID=53, eventWatcher=4)
[0402-close] no active tracking assignment matched destroyed target (targetID=54, eventWatcher=6)
[0402-close] no active tracking assignment matched destroyed target (targetID=55, eventWatcher=4)
[0402-close] no active tracking assignment matched destroyed target (targetID=56, eventWatcher=5)
[0402-close] no active tracking assignment matched destroyed target (targetID=61, eventWatcher=6)
[0402] new detections: 1
[0402] accumulated attack bundle prepared: count=3, targets=[58, 59, 57]
[0402] bundled target replan prepared: key=58-4, primaryTargetID=58, targets=[58, 59, 57]
[RQUEUE] duplicate suppressed #7 표적탐지: 표적59 등 3개 발견
[0402-close] no active tracking assignment matched destroyed target (targetID=53, eventWatcher=4)
[0402-close] no active tracking assignment matched destroyed target (targetID=54, eventWatcher=6)
[0402-close] no active tracking assignment matched destroyed target (targetID=55, eventWatcher=4)
[0402-close] no active tracking assignment matched destroyed target (targetID=56, eventWatcher=5)
[0402-close] no active tracking assignment matched destroyed target (targetID=61, eventWatcher=6)
[0402] accumulated attack bundle prepared: count=3, targets=[58, 59, 57]
[0402] bundled target replan prepared: key=58-4, primaryTargetID=58, targets=[58, 59, 57]
[RQUEUE] duplicate suppressed #7 표적탐지: 표적59 등 3개 발견
[0402-close] no active tracking assignment matched destroyed target (targetID=53, eventWatcher=4)
[0402-close] no active tracking assignment matched destroyed target (targetID=54, eventWatcher=6)
[0402-close] no active tracking assignment matched destroyed target (targetID=55, eventWatcher=4)
[0402-close] no active tracking assignment matched destroyed target (targetID=56, eventWatcher=5)
[0402-close] no active tracking assignment matched destroyed target (targetID=61, eventWatcher=6)
[0402] accumulated attack bundle prepared: count=3, targets=[58, 59, 57]
[0402] bundled target replan prepared: key=58-4, primaryTargetID=58, targets=[58, 59, 57]
[RQUEUE] duplicate suppressed #7 표적탐지: 표적59 등 3개 발견
[0402-close] no active tracking assignment matched destroyed target (targetID=53, eventWatcher=4)
[0402-close] no active tracking assignment matched destroyed target (targetID=54, eventWatcher=6)
[0402-close] no active tracking assignment matched destroyed target (targetID=55, eventWatcher=4)
[0402-close] no active tracking assignment matched destroyed target (targetID=56, eventWatcher=5)
[0402-close] no active tracking assignment matched destroyed target (targetID=61, eventWatcher=6)
[0402] accumulated attack bundle prepared: count=3, targets=[58, 59, 57]
[0402] bundled target replan prepared: key=58-4, primaryTargetID=58, targets=[58, 59, 57]
[RQUEUE] duplicate suppressed #7 표적탐지: 표적59 등 3개 발견
[0402-close] no active tracking assignment matched destroyed target (targetID=53, eventWatcher=4)
[0402-close] no active tracking assignment matched destroyed target (targetID=54, eventWatcher=6)
[0402-close] no active tracking assignment matched destroyed target (targetID=55, eventWatcher=4)
[0402-close] no active tracking assignment matched destroyed target (targetID=56, eventWatcher=5)
[0402-close] no active tracking assignment matched destroyed target (targetID=61, eventWatcher=6)
[0402] accumulated attack bundle prepared: count=3, targets=[58, 59, 57]
[0402] bundled target replan prepared: key=58-4, primaryTargetID=58, targets=[58, 59, 57]
[RQUEUE] duplicate suppressed #7 표적탐지: 표적59 등 3개 발견
[0402-close] no active tracking assignment matched destroyed target (targetID=53, eventWatcher=4)
[0402-close] no active tracking assignment matched destroyed target (targetID=54, eventWatcher=6)
[0402-close] no active tracking assignment matched destroyed target (targetID=55, eventWatcher=4)
[0402-close] no active tracking assignment matched destroyed target (targetID=56, eventWatcher=5)
[0402-close] no active tracking assignment matched destroyed target (targetID=61, eventWatcher=6)
[0402] accumulated attack bundle prepared: count=3, targets=[58, 59, 57]
[0402] bundled target replan prepared: key=58-4, primaryTargetID=58, targets=[58, 59, 57]
[RQUEUE] duplicate suppressed #7 표적탐지: 표적59 등 3개 발견
[0402-close] no active tracking assignment matched destroyed target (targetID=53, eventWatcher=4)
[0402-close] no active tracking assignment matched destroyed target (targetID=54, eventWatcher=6)
[0402-close] no active tracking assignment matched destroyed target (targetID=55, eventWatcher=4)
[0402-close] no active tracking assignment matched destroyed target (targetID=56, eventWatcher=5)
[0402-close] no active tracking assignment matched destroyed target (targetID=61, eventWatcher=6)
[0402] accumulated attack bundle prepared: count=3, targets=[58, 59, 57]
[0402] bundled target replan prepared: key=58-4, primaryTargetID=58, targets=[58, 59, 57]
[RQUEUE] duplicate suppressed #7 표적탐지: 표적59 등 3개 발견
[0402-close] no active tracking assignment matched destroyed target (targetID=53, eventWatcher=4)
[0402-close] no active tracking assignment matched destroyed target (targetID=54, eventWatcher=6)
[0402-close] no active tracking assignment matched destroyed target (targetID=55, eventWatcher=4)
[0402-close] no active tracking assignment matched destroyed target (targetID=56, eventWatcher=5)
[0402-close] no active tracking assignment matched destroyed target (targetID=61, eventWatcher=6)
[0402] accumulated attack bundle prepared: count=3, targets=[58, 59, 57]
[0402] bundled target replan prepared: key=58-4, primaryTargetID=58, targets=[58, 59, 57]
[RQUEUE] duplicate suppressed #7 표적탐지: 표적59 등 3개 발견
[0402-close] no active tracking assignment matched destroyed target (targetID=53, eventWatcher=4)
[0402-close] no active tracking assignment matched destroyed target (targetID=54, eventWatcher=6)
[0402-close] no active tracking assignment matched destroyed target (targetID=55, eventWatcher=4)
[0402-close] no active tracking assignment matched destroyed target (targetID=56, eventWatcher=5)
[0402-close] no active tracking assignment matched destroyed target (targetID=61, eventWatcher=6)
[0402] accumulated attack bundle prepared: count=3, targets=[58, 59, 57]
[0402] bundled target replan prepared: key=58-4, primaryTargetID=58, targets=[58, 59, 57]
[RQUEUE] duplicate suppressed #7 표적탐지: 표적59 등 3개 발견
[0402-close] no active tracking assignment matched destroyed target (targetID=53, eventWatcher=4)
[0402-close] no active tracking assignment matched destroyed target (targetID=54, eventWatcher=6)
[0402-close] no active tracking assignment matched destroyed target (targetID=55, eventWatcher=4)
[0402-close] no active tracking assignment matched destroyed target (targetID=56, eventWatcher=5)
[0402-close] no active tracking assignment matched destroyed target (targetID=61, eventWatcher=6)
[0402] accumulated attack bundle prepared: count=3, targets=[58, 59, 57]
[0402] bundled target replan prepared: key=58-4, primaryTargetID=58, targets=[58, 59, 57]
[RQUEUE] duplicate suppressed #7 표적탐지: 표적59 등 3개 발견
[0402-close] no active tracking assignment matched destroyed target (targetID=53, eventWatcher=4)
[0402-close] no active tracking assignment matched destroyed target (targetID=54, eventWatcher=6)
[0402-close] no active tracking assignment matched destroyed target (targetID=55, eventWatcher=4)
[0402-close] no active tracking assignment matched destroyed target (targetID=56, eventWatcher=5)
[0402-close] no active tracking assignment matched destroyed target (targetID=61, eventWatcher=6)
[0402] accumulated attack bundle prepared: count=3, targets=[58, 59, 57]
[0402] bundled target replan prepared: key=58-4, primaryTargetID=58, targets=[58, 59, 57]
[RQUEUE] duplicate suppressed #7 표적탐지: 표적59 등 3개 발견
[0402-close] no active tracking assignment matched destroyed target (targetID=53, eventWatcher=4)
[0402-close] no active tracking assignment matched destroyed target (targetID=54, eventWatcher=6)
[0402-close] no active tracking assignment matched destroyed target (targetID=55, eventWatcher=4)
[0402-close] no active tracking assignment matched destroyed target (targetID=56, eventWatcher=5)
[0402-close] no active tracking assignment matched destroyed target (targetID=61, eventWatcher=6)
[0402] accumulated attack bundle prepared: count=3, targets=[58, 59, 57]
[0402] bundled target replan prepared: key=58-4, primaryTargetID=58, targets=[58, 59, 57]
[RQUEUE] duplicate suppressed #7 표적탐지: 표적59 등 3개 발견
[0402-close] no active tracking assignment matched destroyed target (targetID=53, eventWatcher=4)
[0402-close] no active tracking assignment matched destroyed target (targetID=54, eventWatcher=6)
[0402-close] no active tracking assignment matched destroyed target (targetID=55, eventWatcher=4)
[0402-close] no active tracking assignment matched destroyed target (targetID=56, eventWatcher=5)
[0402-close] no active tracking assignment matched destroyed target (targetID=61, eventWatcher=6)
[0402] accumulated attack bundle prepared: count=3, targets=[58, 59, 57]
[0402] bundled target replan prepared: key=58-4, primaryTargetID=58, targets=[58, 59, 57]
[RQUEUE] duplicate suppressed #7 표적탐지: 표적59 등 3개 발견
[0402-close] no active tracking assignment matched destroyed target (targetID=53, eventWatcher=4)
[0402-close] no active tracking assignment matched destroyed target (targetID=54, eventWatcher=6)
[0402-close] no active tracking assignment matched destroyed target (targetID=55, eventWatcher=4)
[0402-close] no active tracking assignment matched destroyed target (targetID=56, eventWatcher=5)
[0402-close] no active tracking assignment matched destroyed target (targetID=61, eventWatcher=6)
[0402] accumulated attack bundle prepared: count=3, targets=[58, 59, 57]
[0402] bundled target replan prepared: key=58-4, primaryTargetID=58, targets=[58, 59, 57]
[RQUEUE] duplicate suppressed #7 표적탐지: 표적59 등 3개 발견
[RQUEUE] completed #7 표적탐지: 표적59 등 3개 발견 (시간 초과, signal=timeout, active_ms=45231)
[0402-close] no active tracking assignment matched destroyed target (targetID=53, eventWatcher=4)
[0402-close] no active tracking assignment matched destroyed target (targetID=54, eventWatcher=6)
[0402-close] no active tracking assignment matched destroyed target (targetID=55, eventWatcher=4)
[0402-close] no active tracking assignment matched destroyed target (targetID=56, eventWatcher=5)
[0402-close] no active tracking assignment matched destroyed target (targetID=61, eventWatcher=6)
[0402] accumulated attack bundle prepared: count=3, targets=[58, 59, 57]
[0402] bundled target replan prepared: key=58-4, primaryTargetID=58, targets=[58, 59, 57]
[RQUEUE] queued #85 표적탐지: 표적58 등 3개 발견
[0402-close] no active tracking assignment matched destroyed target (targetID=53, eventWatcher=4)
[0402-close] no active tracking assignment matched destroyed target (targetID=54, eventWatcher=6)
[0402-close] no active tracking assignment matched destroyed target (targetID=55, eventWatcher=4)
[0402-close] no active tracking assignment matched destroyed target (targetID=56, eventWatcher=5)
[0402-close] no active tracking assignment matched destroyed target (targetID=61, eventWatcher=6)
[0402] accumulated attack bundle prepared: count=3, targets=[58, 59, 57]
[0402] bundled target replan prepared: key=58-4, primaryTargetID=58, targets=[58, 59, 57]
[RQUEUE] duplicate suppressed #85 표적탐지: 표적58 등 3개 발견
[RQUEUE] dispatching #85 표적탐지: 표적58 등 3개 발견
[0902] replan request sent (level=2, reason=표적58 등 3개 발견, planIds=700000167, 700000168)
[RQUEUE] active #85 표적탐지: 표적58 등 3개 발견
[RQUEUE] bundle targets marked used: count=3
[RQUEUE] signal 0305 -> #85 재계획 수행중
[0402-close] no active tracking assignment matched destroyed target (targetID=53, eventWatcher=4)
[0402-close] no active tracking assignment matched destroyed target (targetID=54, eventWatcher=6)
[0402-close] no active tracking assignment matched destroyed target (targetID=55, eventWatcher=4)
[0402-close] no active tracking assignment matched destroyed target (targetID=56, eventWatcher=5)
[0402-close] no active tracking assignment matched destroyed target (targetID=61, eventWatcher=6)
[0402] accumulated attack bundle prepared: count=3, targets=[58, 59, 57]
[0402] bundled target replan prepared: key=58-4, primaryTargetID=58, targets=[58, 59, 57]
[RQUEUE] duplicate suppressed #85 표적탐지: 표적58 등 3개 발견
[0402-close] no active tracking assignment matched destroyed target (targetID=53, eventWatcher=4)
[0402-close] no active tracking assignment matched destroyed target (targetID=54, eventWatcher=6)
[0402-close] no active tracking assignment matched destroyed target (targetID=55, eventWatcher=4)
[0402-close] no active tracking assignment matched destroyed target (targetID=56, eventWatcher=5)
[0402-close] no active tracking assignment matched destroyed target (targetID=61, eventWatcher=6)
[0402] accumulated attack bundle prepared: count=3, targets=[58, 59, 57]
[0402] bundled target replan prepared: key=58-4, primaryTargetID=58, targets=[58, 59, 57]
[RQUEUE] duplicate suppressed #85 표적탐지: 표적58 등 3개 발견
[0402-close] no active tracking assignment matched destroyed target (targetID=53, eventWatcher=4)
[0402-close] no active tracking assignment matched destroyed target (targetID=54, eventWatcher=6)
[0402-close] no active tracking assignment matched destroyed target (targetID=55, eventWatcher=4)
[0402-close] no active tracking assignment matched destroyed target (targetID=56, eventWatcher=5)
[0402-close] no active tracking assignment matched destroyed target (targetID=61, eventWatcher=6)
[0402] accumulated attack bundle prepared: count=3, targets=[58, 59, 57]
[0402] bundled target replan prepared: key=58-4, primaryTargetID=58, targets=[58, 59, 57]
[RQUEUE] duplicate suppressed #85 표적탐지: 표적58 등 3개 발견
[0402-close] no active tracking assignment matched destroyed target (targetID=53, eventWatcher=4)
[0402-close] no active tracking assignment matched destroyed target (targetID=54, eventWatcher=6)
[0402-close] no active tracking assignment matched destroyed target (targetID=55, eventWatcher=4)
[0402-close] no active tracking assignment matched destroyed target (targetID=56, eventWatcher=5)
[0402-close] no active tracking assignment matched destroyed target (targetID=61, eventWatcher=6)
[0402] accumulated attack bundle prepared: count=3, targets=[58, 59, 57]
[0402] bundled target replan prepared: key=58-4, primaryTargetID=58, targets=[58, 59, 57]
[RQUEUE] duplicate suppressed #85 표적탐지: 표적58 등 3개 발견
[0402-close] no active tracking assignment matched destroyed target (targetID=53, eventWatcher=4)
[0402-close] no active tracking assignment matched destroyed target (targetID=54, eventWatcher=6)
[0402-close] no active tracking assignment matched destroyed target (targetID=55, eventWatcher=4)
[0402-close] no active tracking assignment matched destroyed target (targetID=56, eventWatcher=5)
[0402-close] no active tracking assignment matched destroyed target (targetID=61, eventWatcher=6)
[0402] accumulated attack bundle prepared: count=3, targets=[58, 59, 57]
[0402] bundled target replan prepared: key=58-4, primaryTargetID=58, targets=[58, 59, 57]
[RQUEUE] duplicate suppressed #85 표적탐지: 표적58 등 3개 발견
[0402-close] no active tracking assignment matched destroyed target (targetID=53, eventWatcher=4)
[0402-close] no active tracking assignment matched destroyed target (targetID=54, eventWatcher=6)
[0402-close] no active tracking assignment matched destroyed target (targetID=55, eventWatcher=4)
[0402-close] no active tracking assignment matched destroyed target (targetID=56, eventWatcher=5)
[0402-close] no active tracking assignment matched destroyed target (targetID=61, eventWatcher=6)
[0402] accumulated attack bundle prepared: count=3, targets=[58, 59, 57]
[0402] bundled target replan prepared: key=58-4, primaryTargetID=58, targets=[58, 59, 57]
[RQUEUE] duplicate suppressed #85 표적탐지: 표적58 등 3개 발견
[0402-close] no active tracking assignment matched destroyed target (targetID=53, eventWatcher=4)
[0402-close] no active tracking assignment matched destroyed target (targetID=54, eventWatcher=6)
[0402-close] no active tracking assignment matched destroyed target (targetID=55, eventWatcher=4)
[0402-close] no active tracking assignment matched destroyed target (targetID=56, eventWatcher=5)
[0402-close] no active tracking assignment matched destroyed target (targetID=61, eventWatcher=6)
[0402] accumulated attack bundle prepared: count=3, targets=[58, 59, 57]
[0402] bundled target replan prepared: key=58-4, primaryTargetID=58, targets=[58, 59, 57]
[RQUEUE] duplicate suppressed #85 표적탐지: 표적58 등 3개 발견
[0402-close] no active tracking assignment matched destroyed target (targetID=53, eventWatcher=4)
[0402-close] no active tracking assignment matched destroyed target (targetID=54, eventWatcher=6)
[0402-close] no active tracking assignment matched destroyed target (targetID=55, eventWatcher=4)
[0402-close] no active tracking assignment matched destroyed target (targetID=56, eventWatcher=5)
[0402-close] no active tracking assignment matched destroyed target (targetID=61, eventWatcher=6)
[0402] accumulated attack bundle prepared: count=3, targets=[58, 59, 57]
[0402] bundled target replan prepared: key=58-4, primaryTargetID=58, targets=[58, 59, 57]
[RQUEUE] duplicate suppressed #85 표적탐지: 표적58 등 3개 발견
[0402-close] no active tracking assignment matched destroyed target (targetID=53, eventWatcher=4)
[0402-close] no active tracking assignment matched destroyed target (targetID=54, eventWatcher=6)
[0402-close] no active tracking assignment matched destroyed target (targetID=55, eventWatcher=4)
[0402-close] no active tracking assignment matched destroyed target (targetID=56, eventWatcher=5)
[0402-close] no active tracking assignment matched destroyed target (targetID=61, eventWatcher=6)
[0402] accumulated attack bundle prepared: count=3, targets=[58, 59, 57]
[0402] bundled target replan prepared: key=58-4, primaryTargetID=58, targets=[58, 59, 57]
[RQUEUE] duplicate suppressed #85 표적탐지: 표적58 등 3개 발견
[0402-close] no active tracking assignment matched destroyed target (targetID=53, eventWatcher=4)
[0402-close] no active tracking assignment matched destroyed target (targetID=54, eventWatcher=6)
[0402-close] no active tracking assignment matched destroyed target (targetID=55, eventWatcher=4)
[0402-close] no active tracking assignment matched destroyed target (targetID=56, eventWatcher=5)
[0402-close] no active tracking assignment matched destroyed target (targetID=61, eventWatcher=6)
[0402] accumulated attack bundle prepared: count=3, targets=[58, 59, 57]
[0402] bundled target replan prepared: key=58-4, primaryTargetID=58, targets=[58, 59, 57]
[RQUEUE] duplicate suppressed #85 표적탐지: 표적58 등 3개 발견
[RQUEUE] signal 0701 -> #85 옵션 정보 전송
[RQUEUE] signal 0305 -> #85 재계획 산출 완료
[0402-close] no active tracking assignment matched destroyed target (targetID=53, eventWatcher=4)
[0402-close] no active tracking assignment matched destroyed target (targetID=54, eventWatcher=6)
[0402-close] no active tracking assignment matched destroyed target (targetID=55, eventWatcher=4)
[0402-close] no active tracking assignment matched destroyed target (targetID=56, eventWatcher=5)
[0402-close] no active tracking assignment matched destroyed target (targetID=61, eventWatcher=6)
[0402] accumulated attack bundle prepared: count=3, targets=[58, 59, 57]
[0402] bundled target replan prepared: key=58-4, primaryTargetID=58, targets=[58, 59, 57]
[RQUEUE] duplicate suppressed #85 표적탐지: 표적58 등 3개 발견
[0402-close] no active tracking assignment matched destroyed target (targetID=53, eventWatcher=4)
[0402-close] no active tracking assignment matched destroyed target (targetID=54, eventWatcher=6)
[0402-close] no active tracking assignment matched destroyed target (targetID=55, eventWatcher=4)
[0402-close] no active tracking assignment matched destroyed target (targetID=56, eventWatcher=5)
[0402-close] no active tracking assignment matched destroyed target (targetID=61, eventWatcher=6)
[0402] accumulated attack bundle prepared: count=3, targets=[58, 59, 57]
[0402] bundled target replan prepared: key=58-4, primaryTargetID=58, targets=[58, 59, 57]
[RQUEUE] duplicate suppressed #85 표적탐지: 표적58 등 3개 발견
[0402-close] no active tracking assignment matched destroyed target (targetID=53, eventWatcher=4)
[0402-close] no active tracking assignment matched destroyed target (targetID=54, eventWatcher=6)
[0402-close] no active tracking assignment matched destroyed target (targetID=55, eventWatcher=4)
[0402-close] no active tracking assignment matched destroyed target (targetID=56, eventWatcher=5)
[0402-close] no active tracking assignment matched destroyed target (targetID=61, eventWatcher=6)
[0402] accumulated attack bundle prepared: count=3, targets=[58, 59, 57]
[0402] bundled target replan prepared: key=58-4, primaryTargetID=58, targets=[58, 59, 57]
[RQUEUE] duplicate suppressed #85 표적탐지: 표적58 등 3개 발견
[0402-close] no active tracking assignment matched destroyed target (targetID=53, eventWatcher=4)
[0402-close] no active tracking assignment matched destroyed target (targetID=54, eventWatcher=6)
[0402-close] no active tracking assignment matched destroyed target (targetID=55, eventWatcher=4)
[0402-close] no active tracking assignment matched destroyed target (targetID=56, eventWatcher=5)
[0402-close] no active tracking assignment matched destroyed target (targetID=61, eventWatcher=6)
[0402] accumulated attack bundle prepared: count=3, targets=[58, 59, 57]
[0402] bundled target replan prepared: key=58-4, primaryTargetID=58, targets=[58, 59, 57]
[RQUEUE] duplicate suppressed #85 표적탐지: 표적58 등 3개 발견
[0402-close] no active tracking assignment matched destroyed target (targetID=53, eventWatcher=4)
[0402-close] no active tracking assignment matched destroyed target (targetID=54, eventWatcher=6)
[0402-close] no active tracking assignment matched destroyed target (targetID=55, eventWatcher=4)
[0402-close] no active tracking assignment matched destroyed target (targetID=56, eventWatcher=5)
[0402-close] no active tracking assignment matched destroyed target (targetID=61, eventWatcher=6)
[0402] accumulated attack bundle prepared: count=3, targets=[58, 59, 57]
[0402] bundled target replan prepared: key=58-4, primaryTargetID=58, targets=[58, 59, 57]
[RQUEUE] duplicate suppressed #85 표적탐지: 표적58 등 3개 발견
[0402-close] no active tracking assignment matched destroyed target (targetID=53, eventWatcher=4)
[0402-close] no active tracking assignment matched destroyed target (targetID=54, eventWatcher=6)
[0402-close] no active tracking assignment matched destroyed target (targetID=55, eventWatcher=4)
[0402-close] no active tracking assignment matched destroyed target (targetID=56, eventWatcher=5)
[0402-close] no active tracking assignment matched destroyed target (targetID=61, eventWatcher=6)
[0402] accumulated attack bundle prepared: count=3, targets=[58, 59, 57]
[0402] bundled target replan prepared: key=58-4, primaryTargetID=58, targets=[58, 59, 57]
[RQUEUE] duplicate suppressed #85 표적탐지: 표적58 등 3개 발견
[0402-close] no active tracking assignment matched destroyed target (targetID=53, eventWatcher=4)
[0402-close] no active tracking assignment matched destroyed target (targetID=54, eventWatcher=6)
[0402-close] no active tracking assignment matched destroyed target (targetID=55, eventWatcher=4)
[0402-close] no active tracking assignment matched destroyed target (targetID=56, eventWatcher=5)
[0402-close] no active tracking assignment matched destroyed target (targetID=61, eventWatcher=6)
[0402] accumulated attack bundle prepared: count=3, targets=[58, 59, 57]
[0402] bundled target replan prepared: key=58-4, primaryTargetID=58, targets=[58, 59, 57]
[RQUEUE] duplicate suppressed #85 표적탐지: 표적58 등 3개 발견
[0402-close] no active tracking assignment matched destroyed target (targetID=53, eventWatcher=4)
[0402-close] no active tracking assignment matched destroyed target (targetID=54, eventWatcher=6)
[0402-close] no active tracking assignment matched destroyed target (targetID=55, eventWatcher=4)
[0402-close] no active tracking assignment matched destroyed target (targetID=56, eventWatcher=5)
[0402-close] no active tracking assignment matched destroyed target (targetID=61, eventWatcher=6)
[0402] accumulated attack bundle prepared: count=3, targets=[58, 59, 57]
[0402] bundled target replan prepared: key=58-4, primaryTargetID=58, targets=[58, 59, 57]
[RQUEUE] duplicate suppressed #85 표적탐지: 표적58 등 3개 발견
[0402-close] no active tracking assignment matched destroyed target (targetID=53, eventWatcher=4)
[0402-close] no active tracking assignment matched destroyed target (targetID=54, eventWatcher=6)
[0402-close] no active tracking assignment matched destroyed target (targetID=55, eventWatcher=4)
[0402-close] no active tracking assignment matched destroyed target (targetID=56, eventWatcher=5)
[0402-close] no active tracking assignment matched destroyed target (targetID=61, eventWatcher=6)
[0402] accumulated attack bundle prepared: count=3, targets=[58, 59, 57]
[0402] bundled target replan prepared: key=58-4, primaryTargetID=58, targets=[58, 59, 57]
[RQUEUE] duplicate suppressed #85 표적탐지: 표적58 등 3개 발견
[0402-close] no active tracking assignment matched destroyed target (targetID=53, eventWatcher=4)
[0402-close] no active tracking assignment matched destroyed target (targetID=54, eventWatcher=6)
[0402-close] no active tracking assignment matched destroyed target (targetID=55, eventWatcher=4)
[0402-close] no active tracking assignment matched destroyed target (targetID=56, eventWatcher=5)
[0402-close] no active tracking assignment matched destroyed target (targetID=61, eventWatcher=6)
[0402] accumulated attack bundle prepared: count=3, targets=[58, 59, 57]
[0402] bundled target replan prepared: key=58-4, primaryTargetID=58, targets=[58, 59, 57]
[RQUEUE] duplicate suppressed #85 표적탐지: 표적58 등 3개 발견
[0402-close] no active tracking assignment matched destroyed target (targetID=53, eventWatcher=4)
[0402-close] no active tracking assignment matched destroyed target (targetID=54, eventWatcher=6)
[0402-close] no active tracking assignment matched destroyed target (targetID=55, eventWatcher=4)
[0402-close] no active tracking assignment matched destroyed target (targetID=56, eventWatcher=5)
[0402-close] no active tracking assignment matched destroyed target (targetID=61, eventWatcher=6)
[0402] accumulated attack bundle prepared: count=3, targets=[58, 59, 57]
[0402] bundled target replan prepared: key=58-4, primaryTargetID=58, targets=[58, 59, 57]
[RQUEUE] duplicate suppressed #85 표적탐지: 표적58 등 3개 발견
[0402-close] no active tracking assignment matched destroyed target (targetID=53, eventWatcher=4)
[0402-close] no active tracking assignment matched destroyed target (targetID=54, eventWatcher=6)
[0402-close] no active tracking assignment matched destroyed target (targetID=55, eventWatcher=4)
[0402-close] no active tracking assignment matched destroyed target (targetID=56, eventWatcher=5)
[0402-close] no active tracking assignment matched destroyed target (targetID=61, eventWatcher=6)
[0402] accumulated attack bundle prepared: count=3, targets=[58, 59, 57]
[0402] bundled target replan prepared: key=58-4, primaryTargetID=58, targets=[58, 59, 57]
[RQUEUE] duplicate suppressed #85 표적탐지: 표적58 등 3개 발견
[0402-close] no active tracking assignment matched destroyed target (targetID=53, eventWatcher=4)
[0402-close] no active tracking assignment matched destroyed target (targetID=54, eventWatcher=6)
[0402-close] no active tracking assignment matched destroyed target (targetID=55, eventWatcher=4)
[0402-close] no active tracking assignment matched destroyed target (targetID=56, eventWatcher=5)
[0402-close] no active tracking assignment matched destroyed target (targetID=61, eventWatcher=6)
[0402] accumulated attack bundle prepared: count=3, targets=[58, 59, 57]
[0402] bundled target replan prepared: key=58-4, primaryTargetID=58, targets=[58, 59, 57]
[RQUEUE] duplicate suppressed #85 표적탐지: 표적58 등 3개 발견
[0402-close] no active tracking assignment matched destroyed target (targetID=53, eventWatcher=4)
[0402-close] no active tracking assignment matched destroyed target (targetID=54, eventWatcher=6)
[0402-close] no active tracking assignment matched destroyed target (targetID=55, eventWatcher=4)
[0402-close] no active tracking assignment matched destroyed target (targetID=56, eventWatcher=5)
[0402-close] no active tracking assignment matched destroyed target (targetID=61, eventWatcher=6)
[0402] accumulated attack bundle prepared: count=3, targets=[58, 59, 57]
[0402] bundled target replan prepared: key=58-4, primaryTargetID=58, targets=[58, 59, 57]
[RQUEUE] duplicate suppressed #85 표적탐지: 표적58 등 3개 발견
[0402-close] no active tracking assignment matched destroyed target (targetID=53, eventWatcher=4)
[0402-close] no active tracking assignment matched destroyed target (targetID=54, eventWatcher=6)
[0402-close] no active tracking assignment matched destroyed target (targetID=55, eventWatcher=4)
[0402-close] no active tracking assignment matched destroyed target (targetID=56, eventWatcher=5)
[0402-close] no active tracking assignment matched destroyed target (targetID=61, eventWatcher=6)
[0402] accumulated attack bundle prepared: count=3, targets=[58, 59, 57]
[0402] bundled target replan prepared: key=58-4, primaryTargetID=58, targets=[58, 59, 57]
[RQUEUE] duplicate suppressed #85 표적탐지: 표적58 등 3개 발견
[0402-close] no active tracking assignment matched destroyed target (targetID=53, eventWatcher=4)
[0402-close] no active tracking assignment matched destroyed target (targetID=54, eventWatcher=6)
[0402-close] no active tracking assignment matched destroyed target (targetID=55, eventWatcher=4)
[0402-close] no active tracking assignment matched destroyed target (targetID=56, eventWatcher=5)
[0402-close] no active tracking assignment matched destroyed target (targetID=61, eventWatcher=6)
[0402] accumulated attack bundle prepared: count=3, targets=[58, 59, 57]
[0402] bundled target replan prepared: key=58-4, primaryTargetID=58, targets=[58, 59, 57]
[RQUEUE] duplicate suppressed #85 표적탐지: 표적58 등 3개 발견
[0402-close] no active tracking assignment matched destroyed target (targetID=53, eventWatcher=4)
[0402-close] no active tracking assignment matched destroyed target (targetID=54, eventWatcher=6)
[0402-close] no active tracking assignment matched destroyed target (targetID=55, eventWatcher=4)
[0402-close] no active tracking assignment matched destroyed target (targetID=56, eventWatcher=5)
[0402-close] no active tracking assignment matched destroyed target (targetID=61, eventWatcher=6)
[0402] accumulated attack bundle prepared: count=3, targets=[58, 59, 57]
[0402] bundled target replan prepared: key=58-4, primaryTargetID=58, targets=[58, 59, 57]
[RQUEUE] duplicate suppressed #85 표적탐지: 표적58 등 3개 발견
[0402-close] no active tracking assignment matched destroyed target (targetID=53, eventWatcher=4)
[0402-close] no active tracking assignment matched destroyed target (targetID=54, eventWatcher=6)
[0402-close] no active tracking assignment matched destroyed target (targetID=55, eventWatcher=4)
[0402-close] no active tracking assignment matched destroyed target (targetID=56, eventWatcher=5)
[0402-close] no active tracking assignment matched destroyed target (targetID=61, eventWatcher=6)
[0402] accumulated attack bundle prepared: count=3, targets=[58, 59, 57]
[0402] bundled target replan prepared: key=58-4, primaryTargetID=58, targets=[58, 59, 57]
[RQUEUE] duplicate suppressed #85 표적탐지: 표적58 등 3개 발견
[0402-close] no active tracking assignment matched destroyed target (targetID=53, eventWatcher=4)
[0402-close] no active tracking assignment matched destroyed target (targetID=54, eventWatcher=6)
[0402-close] no active tracking assignment matched destroyed target (targetID=55, eventWatcher=4)
[0402-close] no active tracking assignment matched destroyed target (targetID=56, eventWatcher=5)
[0402-close] no active tracking assignment matched destroyed target (targetID=61, eventWatcher=6)
[0402] accumulated attack bundle prepared: count=3, targets=[58, 59, 57]
[0402] bundled target replan prepared: key=58-4, primaryTargetID=58, targets=[58, 59, 57]
[RQUEUE] duplicate suppressed #85 표적탐지: 표적58 등 3개 발견
[0402-close] no active tracking assignment matched destroyed target (targetID=53, eventWatcher=4)
[0402-close] no active tracking assignment matched destroyed target (targetID=54, eventWatcher=6)
[0402-close] no active tracking assignment matched destroyed target (targetID=55, eventWatcher=4)
[0402-close] no active tracking assignment matched destroyed target (targetID=56, eventWatcher=5)
[0402-close] no active tracking assignment matched destroyed target (targetID=61, eventWatcher=6)
[0402] accumulated attack bundle prepared: count=3, targets=[58, 59, 57]
[0402] bundled target replan prepared: key=58-4, primaryTargetID=58, targets=[58, 59, 57]
[RQUEUE] duplicate suppressed #85 표적탐지: 표적58 등 3개 발견
[0402-close] no active tracking assignment matched destroyed target (targetID=53, eventWatcher=4)
[0402-close] no active tracking assignment matched destroyed target (targetID=54, eventWatcher=6)
[0402-close] no active tracking assignment matched destroyed target (targetID=55, eventWatcher=4)
[0402-close] no active tracking assignment matched destroyed target (targetID=56, eventWatcher=5)
[0402-close] no active tracking assignment matched destroyed target (targetID=61, eventWatcher=6)
[0402] accumulated attack bundle prepared: count=3, targets=[58, 59, 57]
[0402] bundled target replan prepared: key=58-4, primaryTargetID=58, targets=[58, 59, 57]
[RQUEUE] duplicate suppressed #85 표적탐지: 표적58 등 3개 발견
[0402-close] no active tracking assignment matched destroyed target (targetID=53, eventWatcher=4)
[0402-close] no active tracking assignment matched destroyed target (targetID=54, eventWatcher=6)
[0402-close] no active tracking assignment matched destroyed target (targetID=55, eventWatcher=4)
[0402-close] no active tracking assignment matched destroyed target (targetID=56, eventWatcher=5)
[0402-close] no active tracking assignment matched destroyed target (targetID=61, eventWatcher=6)
[0402] accumulated attack bundle prepared: count=3, targets=[58, 59, 57]
[0402] bundled target replan prepared: key=58-4, primaryTargetID=58, targets=[58, 59, 57]
[RQUEUE] duplicate suppressed #85 표적탐지: 표적58 등 3개 발견
[0402-close] no active tracking assignment matched destroyed target (targetID=53, eventWatcher=4)
[0402-close] no active tracking assignment matched destroyed target (targetID=54, eventWatcher=6)
[0402-close] no active tracking assignment matched destroyed target (targetID=55, eventWatcher=4)
[0402-close] no active tracking assignment matched destroyed target (targetID=56, eventWatcher=5)
[0402-close] no active tracking assignment matched destroyed target (targetID=61, eventWatcher=6)
[0402] accumulated attack bundle prepared: count=3, targets=[58, 59, 57]
[0402] bundled target replan prepared: key=58-4, primaryTargetID=58, targets=[58, 59, 57]
[RQUEUE] duplicate suppressed #85 표적탐지: 표적58 등 3개 발견
[0402-close] no active tracking assignment matched destroyed target (targetID=53, eventWatcher=4)
[0402-close] no active tracking assignment matched destroyed target (targetID=54, eventWatcher=6)
[0402-close] no active tracking assignment matched destroyed target (targetID=55, eventWatcher=4)
[0402-close] no active tracking assignment matched destroyed target (targetID=56, eventWatcher=5)
[0402-close] no active tracking assignment matched destroyed target (targetID=61, eventWatcher=6)
[0402] accumulated attack bundle prepared: count=3, targets=[58, 59, 57]
[0402] bundled target replan prepared: key=58-4, primaryTargetID=58, targets=[58, 59, 57]
[RQUEUE] duplicate suppressed #85 표적탐지: 표적58 등 3개 발견
[0402-close] no active tracking assignment matched destroyed target (targetID=53, eventWatcher=4)
[0402-close] no active tracking assignment matched destroyed target (targetID=54, eventWatcher=6)
[0402-close] no active tracking assignment matched destroyed target (targetID=55, eventWatcher=4)
[0402-close] no active tracking assignment matched destroyed target (targetID=56, eventWatcher=5)
[0402-close] no active tracking assignment matched destroyed target (targetID=61, eventWatcher=6)
[0402] accumulated attack bundle prepared: count=3, targets=[58, 59, 57]
[0402] bundled target replan prepared: key=58-4, primaryTargetID=58, targets=[58, 59, 57]
[RQUEUE] duplicate suppressed #85 표적탐지: 표적58 등 3개 발견
[0402-close] no active tracking assignment matched destroyed target (targetID=53, eventWatcher=4)
[0402-close] no active tracking assignment matched destroyed target (targetID=54, eventWatcher=6)
[0402-close] no active tracking assignment matched destroyed target (targetID=55, eventWatcher=4)
[0402-close] no active tracking assignment matched destroyed target (targetID=56, eventWatcher=5)
[0402-close] no active tracking assignment matched destroyed target (targetID=61, eventWatcher=6)
[0402] accumulated attack bundle prepared: count=3, targets=[58, 59, 57]
[0402] bundled target replan prepared: key=58-4, primaryTargetID=58, targets=[58, 59, 57]
[RQUEUE] duplicate suppressed #85 표적탐지: 표적58 등 3개 발견
[0402-close] no active tracking assignment matched destroyed target (targetID=53, eventWatcher=4)
[0402-close] no active tracking assignment matched destroyed target (targetID=54, eventWatcher=6)
[0402-close] no active tracking assignment matched destroyed target (targetID=55, eventWatcher=4)
[0402-close] no active tracking assignment matched destroyed target (targetID=56, eventWatcher=5)
[0402-close] no active tracking assignment matched destroyed target (targetID=61, eventWatcher=6)
[0402] accumulated attack bundle prepared: count=3, targets=[58, 59, 57]
[0402] bundled target replan prepared: key=58-4, primaryTargetID=58, targets=[58, 59, 57]
[RQUEUE] duplicate suppressed #85 표적탐지: 표적58 등 3개 발견
[0402-close] no active tracking assignment matched destroyed target (targetID=53, eventWatcher=4)
[0402-close] no active tracking assignment matched destroyed target (targetID=54, eventWatcher=6)
[0402-close] no active tracking assignment matched destroyed target (targetID=55, eventWatcher=4)
[0402-close] no active tracking assignment matched destroyed target (targetID=56, eventWatcher=5)
[0402-close] no active tracking assignment matched destroyed target (targetID=61, eventWatcher=6)
[0402] accumulated attack bundle prepared: count=3, targets=[58, 59, 57]
[0402] bundled target replan prepared: key=58-4, primaryTargetID=58, targets=[58, 59, 57]
[RQUEUE] duplicate suppressed #85 표적탐지: 표적58 등 3개 발견
[0402-close] no active tracking assignment matched destroyed target (targetID=53, eventWatcher=4)
[0402-close] no active tracking assignment matched destroyed target (targetID=54, eventWatcher=6)
[0402-close] no active tracking assignment matched destroyed target (targetID=55, eventWatcher=4)
[0402-close] no active tracking assignment matched destroyed target (targetID=56, eventWatcher=5)
[0402-close] no active tracking assignment matched destroyed target (targetID=61, eventWatcher=6)
[0402] accumulated attack bundle prepared: count=3, targets=[58, 59, 57]
[0402] bundled target replan prepared: key=58-4, primaryTargetID=58, targets=[58, 59, 57]
[RQUEUE] duplicate suppressed #85 표적탐지: 표적58 등 3개 발견
[0402-close] no active tracking assignment matched destroyed target (targetID=53, eventWatcher=4)
[0402-close] no active tracking assignment matched destroyed target (targetID=54, eventWatcher=6)
[0402-close] no active tracking assignment matched destroyed target (targetID=55, eventWatcher=4)
[0402-close] no active tracking assignment matched destroyed target (targetID=56, eventWatcher=5)
[0402-close] no active tracking assignment matched destroyed target (targetID=61, eventWatcher=6)
[0402] accumulated attack bundle prepared: count=3, targets=[58, 59, 57]
[0402] bundled target replan prepared: key=58-4, primaryTargetID=58, targets=[58, 59, 57]
[RQUEUE] duplicate suppressed #85 표적탐지: 표적58 등 3개 발견
[0402-close] no active tracking assignment matched destroyed target (targetID=53, eventWatcher=4)
[0402-close] no active tracking assignment matched destroyed target (targetID=54, eventWatcher=6)
[0402-close] no active tracking assignment matched destroyed target (targetID=55, eventWatcher=4)
[0402-close] no active tracking assignment matched destroyed target (targetID=56, eventWatcher=5)
[0402-close] no active tracking assignment matched destroyed target (targetID=61, eventWatcher=6)
[0402] accumulated attack bundle prepared: count=3, targets=[58, 59, 57]
[0402] bundled target replan prepared: key=58-4, primaryTargetID=58, targets=[58, 59, 57]
[RQUEUE] duplicate suppressed #85 표적탐지: 표적58 등 3개 발견
[0402-close] no active tracking assignment matched destroyed target (targetID=53, eventWatcher=4)
[0402-close] no active tracking assignment matched destroyed target (targetID=54, eventWatcher=6)
[0402-close] no active tracking assignment matched destroyed target (targetID=55, eventWatcher=4)
[0402-close] no active tracking assignment matched destroyed target (targetID=56, eventWatcher=5)
[0402-close] no active tracking assignment matched destroyed target (targetID=61, eventWatcher=6)
[0402] accumulated attack bundle prepared: count=3, targets=[58, 59, 57]
[0402] bundled target replan prepared: key=58-4, primaryTargetID=58, targets=[58, 59, 57]
[RQUEUE] duplicate suppressed #85 표적탐지: 표적58 등 3개 발견
[0402-close] no active tracking assignment matched destroyed target (targetID=53, eventWatcher=4)
[0402-close] no active tracking assignment matched destroyed target (targetID=54, eventWatcher=6)
[0402-close] no active tracking assignment matched destroyed target (targetID=55, eventWatcher=4)
[0402-close] no active tracking assignment matched destroyed target (targetID=56, eventWatcher=5)
[0402-close] no active tracking assignment matched destroyed target (targetID=61, eventWatcher=6)
[0402] accumulated attack bundle prepared: count=3, targets=[58, 59, 57]
[0402] bundled target replan prepared: key=58-4, primaryTargetID=58, targets=[58, 59, 57]
[RQUEUE] duplicate suppressed #85 표적탐지: 표적58 등 3개 발견
[0402-close] no active tracking assignment matched destroyed target (targetID=53, eventWatcher=4)
[0402-close] no active tracking assignment matched destroyed target (targetID=54, eventWatcher=6)
[0402-close] no active tracking assignment matched destroyed target (targetID=55, eventWatcher=4)
[0402-close] no active tracking assignment matched destroyed target (targetID=56, eventWatcher=5)
[0402-close] no active tracking assignment matched destroyed target (targetID=61, eventWatcher=6)
[0402] accumulated attack bundle prepared: count=3, targets=[58, 59, 57]
[0402] bundled target replan prepared: key=58-4, primaryTargetID=58, targets=[58, 59, 57]
[RQUEUE] duplicate suppressed #85 표적탐지: 표적58 등 3개 발견
[0402-close] no active tracking assignment matched destroyed target (targetID=53, eventWatcher=4)
[0402-close] no active tracking assignment matched destroyed target (targetID=54, eventWatcher=6)
[0402-close] no active tracking assignment matched destroyed target (targetID=55, eventWatcher=4)
[0402-close] no active tracking assignment matched destroyed target (targetID=56, eventWatcher=5)
[0402-close] no active tracking assignment matched destroyed target (targetID=61, eventWatcher=6)
[0402] accumulated attack bundle prepared: count=3, targets=[58, 59, 57]
[0402] bundled target replan prepared: key=58-4, primaryTargetID=58, targets=[58, 59, 57]
[RQUEUE] duplicate suppressed #85 표적탐지: 표적58 등 3개 발견
[0402-close] no active tracking assignment matched destroyed target (targetID=53, eventWatcher=4)
[0402-close] no active tracking assignment matched destroyed target (targetID=54, eventWatcher=6)
[0402-close] no active tracking assignment matched destroyed target (targetID=55, eventWatcher=4)
[0402-close] no active tracking assignment matched destroyed target (targetID=56, eventWatcher=5)
[0402-close] no active tracking assignment matched destroyed target (targetID=61, eventWatcher=6)
[0402] accumulated attack bundle prepared: count=3, targets=[58, 59, 57]
[0402] bundled target replan prepared: key=58-4, primaryTargetID=58, targets=[58, 59, 57]
[RQUEUE] duplicate suppressed #85 표적탐지: 표적58 등 3개 발견
[0402-close] no active tracking assignment matched destroyed target (targetID=53, eventWatcher=4)
[0402-close] no active tracking assignment matched destroyed target (targetID=54, eventWatcher=6)
[0402-close] no active tracking assignment matched destroyed target (targetID=55, eventWatcher=4)
[0402-close] no active tracking assignment matched destroyed target (targetID=56, eventWatcher=5)
[0402-close] no active tracking assignment matched destroyed target (targetID=61, eventWatcher=6)
[0402] accumulated attack bundle prepared: count=3, targets=[58, 59, 57]
[0402] bundled target replan prepared: key=58-4, primaryTargetID=58, targets=[58, 59, 57]
[RQUEUE] duplicate suppressed #85 표적탐지: 표적58 등 3개 발견
[0402-close] no active tracking assignment matched destroyed target (targetID=53, eventWatcher=4)
[0402-close] no active tracking assignment matched destroyed target (targetID=54, eventWatcher=6)
[0402-close] no active tracking assignment matched destroyed target (targetID=55, eventWatcher=4)
[0402-close] no active tracking assignment matched destroyed target (targetID=56, eventWatcher=5)
[0402-close] no active tracking assignment matched destroyed target (targetID=61, eventWatcher=6)
[0402] accumulated attack bundle prepared: count=3, targets=[58, 59, 57]
[0402] bundled target replan prepared: key=58-4, primaryTargetID=58, targets=[58, 59, 57]
[RQUEUE] duplicate suppressed #85 표적탐지: 표적58 등 3개 발견
[0402-close] no active tracking assignment matched destroyed target (targetID=53, eventWatcher=4)
[0402-close] no active tracking assignment matched destroyed target (targetID=54, eventWatcher=6)
[0402-close] no active tracking assignment matched destroyed target (targetID=55, eventWatcher=4)
[0402-close] no active tracking assignment matched destroyed target (targetID=56, eventWatcher=5)
[0402-close] no active tracking assignment matched destroyed target (targetID=61, eventWatcher=6)
[0402] accumulated attack bundle prepared: count=3, targets=[58, 59, 57]
[0402] bundled target replan prepared: key=58-4, primaryTargetID=58, targets=[58, 59, 57]
[RQUEUE] duplicate suppressed #85 표적탐지: 표적58 등 3개 발견
[0402-close] no active tracking assignment matched destroyed target (targetID=53, eventWatcher=4)
[0402-close] no active tracking assignment matched destroyed target (targetID=54, eventWatcher=6)
[0402-close] no active tracking assignment matched destroyed target (targetID=55, eventWatcher=4)
[0402-close] no active tracking assignment matched destroyed target (targetID=56, eventWatcher=5)
[0402-close] no active tracking assignment matched destroyed target (targetID=61, eventWatcher=6)
[0402] accumulated attack bundle prepared: count=3, targets=[58, 59, 57]
[0402] bundled target replan prepared: key=58-4, primaryTargetID=58, targets=[58, 59, 57]
[RQUEUE] duplicate suppressed #85 표적탐지: 표적58 등 3개 발견
[0402-close] no active tracking assignment matched destroyed target (targetID=53, eventWatcher=4)
[0402-close] no active tracking assignment matched destroyed target (targetID=54, eventWatcher=6)
[0402-close] no active tracking assignment matched destroyed target (targetID=55, eventWatcher=4)
[0402-close] no active tracking assignment matched destroyed target (targetID=56, eventWatcher=5)
[0402-close] no active tracking assignment matched destroyed target (targetID=61, eventWatcher=6)
[0402] accumulated attack bundle prepared: count=3, targets=[58, 59, 57]
[0402] bundled target replan prepared: key=58-4, primaryTargetID=58, targets=[58, 59, 57]
[RQUEUE] duplicate suppressed #85 표적탐지: 표적58 등 3개 발견
[0402-close] no active tracking assignment matched destroyed target (targetID=53, eventWatcher=4)
[0402-close] no active tracking assignment matched destroyed target (targetID=54, eventWatcher=6)
[0402-close] no active tracking assignment matched destroyed target (targetID=55, eventWatcher=4)
[0402-close] no active tracking assignment matched destroyed target (targetID=56, eventWatcher=5)
[0402-close] no active tracking assignment matched destroyed target (targetID=61, eventWatcher=6)
[0402] accumulated attack bundle prepared: count=3, targets=[58, 59, 57]
[0402] bundled target replan prepared: key=58-4, primaryTargetID=58, targets=[58, 59, 57]
[RQUEUE] duplicate suppressed #85 표적탐지: 표적58 등 3개 발견
[0402-close] no active tracking assignment matched destroyed target (targetID=53, eventWatcher=4)
[0402-close] no active tracking assignment matched destroyed target (targetID=54, eventWatcher=6)
[0402-close] no active tracking assignment matched destroyed target (targetID=55, eventWatcher=4)
[0402-close] no active tracking assignment matched destroyed target (targetID=56, eventWatcher=5)
[0402-close] no active tracking assignment matched destroyed target (targetID=61, eventWatcher=6)
[0402] accumulated attack bundle prepared: count=3, targets=[58, 59, 57]
[0402] bundled target replan prepared: key=58-4, primaryTargetID=58, targets=[58, 59, 57]
[RQUEUE] duplicate suppressed #85 표적탐지: 표적58 등 3개 발견
[0402-close] no active tracking assignment matched destroyed target (targetID=53, eventWatcher=4)
[0402-close] no active tracking assignment matched destroyed target (targetID=54, eventWatcher=6)
[0402-close] no active tracking assignment matched destroyed target (targetID=55, eventWatcher=4)
[0402-close] no active tracking assignment matched destroyed target (targetID=56, eventWatcher=5)
[0402-close] no active tracking assignment matched destroyed target (targetID=61, eventWatcher=6)
[0402] accumulated attack bundle prepared: count=3, targets=[58, 59, 57]
[0402] bundled target replan prepared: key=58-4, primaryTargetID=58, targets=[58, 59, 57]
[RQUEUE] duplicate suppressed #85 표적탐지: 표적58 등 3개 발견
[0402-close] no active tracking assignment matched destroyed target (targetID=53, eventWatcher=4)
[0402-close] no active tracking assignment matched destroyed target (targetID=54, eventWatcher=6)
[0402-close] no active tracking assignment matched destroyed target (targetID=55, eventWatcher=4)
[0402-close] no active tracking assignment matched destroyed target (targetID=56, eventWatcher=5)
[0402-close] no active tracking assignment matched destroyed target (targetID=61, eventWatcher=6)
[0402] accumulated attack bundle prepared: count=3, targets=[58, 59, 57]
[0402] bundled target replan prepared: key=58-4, primaryTargetID=58, targets=[58, 59, 57]
[RQUEUE] duplicate suppressed #85 표적탐지: 표적58 등 3개 발견
[0402-close] no active tracking assignment matched destroyed target (targetID=53, eventWatcher=4)
[0402-close] no active tracking assignment matched destroyed target (targetID=54, eventWatcher=6)
[0402-close] no active tracking assignment matched destroyed target (targetID=55, eventWatcher=4)
[0402-close] no active tracking assignment matched destroyed target (targetID=56, eventWatcher=5)
[0402-close] no active tracking assignment matched destroyed target (targetID=61, eventWatcher=6)
[0402] accumulated attack bundle prepared: count=3, targets=[58, 59, 57]
[0402] bundled target replan prepared: key=58-4, primaryTargetID=58, targets=[58, 59, 57]
[RQUEUE] duplicate suppressed #85 표적탐지: 표적58 등 3개 발견
[0402-close] no active tracking assignment matched destroyed target (targetID=53, eventWatcher=4)
[0402-close] no active tracking assignment matched destroyed target (targetID=54, eventWatcher=6)
[0402-close] no active tracking assignment matched destroyed target (targetID=55, eventWatcher=4)
[0402-close] no active tracking assignment matched destroyed target (targetID=56, eventWatcher=5)
[0402-close] no active tracking assignment matched destroyed target (targetID=61, eventWatcher=6)
[0402] accumulated attack bundle prepared: count=3, targets=[58, 59, 57]
[0402] bundled target replan prepared: key=58-4, primaryTargetID=58, targets=[58, 59, 57]
[RQUEUE] duplicate suppressed #85 표적탐지: 표적58 등 3개 발견
[0402-close] no active tracking assignment matched destroyed target (targetID=53, eventWatcher=4)
[0402-close] no active tracking assignment matched destroyed target (targetID=54, eventWatcher=6)
[0402-close] no active tracking assignment matched destroyed target (targetID=55, eventWatcher=4)
[0402-close] no active tracking assignment matched destroyed target (targetID=56, eventWatcher=5)
[0402-close] no active tracking assignment matched destroyed target (targetID=61, eventWatcher=6)
[0402] accumulated attack bundle prepared: count=3, targets=[58, 59, 57]
[0402] bundled target replan prepared: key=58-4, primaryTargetID=58, targets=[58, 59, 57]
[RQUEUE] duplicate suppressed #85 표적탐지: 표적58 등 3개 발견
[0402-close] no active tracking assignment matched destroyed target (targetID=53, eventWatcher=4)
[0402-close] no active tracking assignment matched destroyed target (targetID=54, eventWatcher=6)
[0402-close] no active tracking assignment matched destroyed target (targetID=55, eventWatcher=4)
[0402-close] no active tracking assignment matched destroyed target (targetID=56, eventWatcher=5)
[0402-close] no active tracking assignment matched destroyed target (targetID=61, eventWatcher=6)
[0402] accumulated attack bundle prepared: count=3, targets=[58, 59, 57]
[0402] bundled target replan prepared: key=58-4, primaryTargetID=58, targets=[58, 59, 57]
[RQUEUE] duplicate suppressed #85 표적탐지: 표적58 등 3개 발견
[0402-close] no active tracking assignment matched destroyed target (targetID=53, eventWatcher=4)
[0402-close] no active tracking assignment matched destroyed target (targetID=54, eventWatcher=6)
[0402-close] no active tracking assignment matched destroyed target (targetID=55, eventWatcher=4)
[0402-close] no active tracking assignment matched destroyed target (targetID=56, eventWatcher=5)
[0402-close] no active tracking assignment matched destroyed target (targetID=61, eventWatcher=6)
[0402] accumulated attack bundle prepared: count=3, targets=[58, 59, 57]
[0402] bundled target replan prepared: key=58-4, primaryTargetID=58, targets=[58, 59, 57]
[RQUEUE] duplicate suppressed #85 표적탐지: 표적58 등 3개 발견
[0402-close] no active tracking assignment matched destroyed target (targetID=53, eventWatcher=4)
[0402-close] no active tracking assignment matched destroyed target (targetID=54, eventWatcher=6)
[0402-close] no active tracking assignment matched destroyed target (targetID=55, eventWatcher=4)
[0402-close] no active tracking assignment matched destroyed target (targetID=56, eventWatcher=5)
[0402-close] no active tracking assignment matched destroyed target (targetID=61, eventWatcher=6)
[0402] accumulated attack bundle prepared: count=3, targets=[58, 59, 57]
[0402] bundled target replan prepared: key=58-4, primaryTargetID=58, targets=[58, 59, 57]
[RQUEUE] duplicate suppressed #85 표적탐지: 표적58 등 3개 발견
[0402-close] no active tracking assignment matched destroyed target (targetID=53, eventWatcher=4)
[0402-close] no active tracking assignment matched destroyed target (targetID=54, eventWatcher=6)
[0402-close] no active tracking assignment matched destroyed target (targetID=55, eventWatcher=4)
[0402-close] no active tracking assignment matched destroyed target (targetID=56, eventWatcher=5)
[0402-close] no active tracking assignment matched destroyed target (targetID=61, eventWatcher=6)
[0402] accumulated attack bundle prepared: count=3, targets=[58, 59, 57]
[0402] bundled target replan prepared: key=58-4, primaryTargetID=58, targets=[58, 59, 57]
[RQUEUE] duplicate suppressed #85 표적탐지: 표적58 등 3개 발견
[0402-close] no active tracking assignment matched destroyed target (targetID=53, eventWatcher=4)
[0402-close] no active tracking assignment matched destroyed target (targetID=54, eventWatcher=6)
[0402-close] no active tracking assignment matched destroyed target (targetID=55, eventWatcher=4)
[0402-close] no active tracking assignment matched destroyed target (targetID=56, eventWatcher=5)
[0402-close] no active tracking assignment matched destroyed target (targetID=61, eventWatcher=6)
[0402] accumulated attack bundle prepared: count=3, targets=[58, 59, 57]
[0402] bundled target replan prepared: key=58-4, primaryTargetID=58, targets=[58, 59, 57]
[RQUEUE] duplicate suppressed #85 표적탐지: 표적58 등 3개 발견
[0402-close] no active tracking assignment matched destroyed target (targetID=53, eventWatcher=4)
[0402-close] no active tracking assignment matched destroyed target (targetID=54, eventWatcher=6)
[0402-close] no active tracking assignment matched destroyed target (targetID=55, eventWatcher=4)
[0402-close] no active tracking assignment matched destroyed target (targetID=56, eventWatcher=5)
[0402-close] no active tracking assignment matched destroyed target (targetID=61, eventWatcher=6)
[0402] accumulated attack bundle prepared: count=3, targets=[58, 59, 57]
[0402] bundled target replan prepared: key=58-4, primaryTargetID=58, targets=[58, 59, 57]
[RQUEUE] duplicate suppressed #85 표적탐지: 표적58 등 3개 발견
[0402-close] no active tracking assignment matched destroyed target (targetID=53, eventWatcher=4)
[0402-close] no active tracking assignment matched destroyed target (targetID=54, eventWatcher=6)
[0402-close] no active tracking assignment matched destroyed target (targetID=55, eventWatcher=4)
[0402-close] no active tracking assignment matched destroyed target (targetID=56, eventWatcher=5)
[0402-close] no active tracking assignment matched destroyed target (targetID=61, eventWatcher=6)
[0402] accumulated attack bundle prepared: count=3, targets=[58, 59, 57]
[0402] bundled target replan prepared: key=58-4, primaryTargetID=58, targets=[58, 59, 57]
[RQUEUE] duplicate suppressed #85 표적탐지: 표적58 등 3개 발견
[0402-close] no active tracking assignment matched destroyed target (targetID=53, eventWatcher=4)
[0402-close] no active tracking assignment matched destroyed target (targetID=54, eventWatcher=6)
[0402-close] no active tracking assignment matched destroyed target (targetID=55, eventWatcher=4)
[0402-close] no active tracking assignment matched destroyed target (targetID=56, eventWatcher=5)
[0402-close] no active tracking assignment matched destroyed target (targetID=61, eventWatcher=6)
[0402] accumulated attack bundle prepared: count=3, targets=[58, 59, 57]
[0402] bundled target replan prepared: key=58-4, primaryTargetID=58, targets=[58, 59, 57]
[RQUEUE] duplicate suppressed #85 표적탐지: 표적58 등 3개 발견
[0402-close] no active tracking assignment matched destroyed target (targetID=53, eventWatcher=4)
[0402-close] no active tracking assignment matched destroyed target (targetID=54, eventWatcher=6)
[0402-close] no active tracking assignment matched destroyed target (targetID=55, eventWatcher=4)
[0402-close] no active tracking assignment matched destroyed target (targetID=56, eventWatcher=5)
[0402-close] no active tracking assignment matched destroyed target (targetID=61, eventWatcher=6)
[0402] accumulated attack bundle prepared: count=3, targets=[58, 59, 57]
[0402] bundled target replan prepared: key=58-4, primaryTargetID=58, targets=[58, 59, 57]
[RQUEUE] duplicate suppressed #85 표적탐지: 표적58 등 3개 발견
[0402-close] no active tracking assignment matched destroyed target (targetID=53, eventWatcher=4)
[0402-close] no active tracking assignment matched destroyed target (targetID=54, eventWatcher=6)
[0402-close] no active tracking assignment matched destroyed target (targetID=55, eventWatcher=4)
[0402-close] no active tracking assignment matched destroyed target (targetID=56, eventWatcher=5)
[0402-close] no active tracking assignment matched destroyed target (targetID=61, eventWatcher=6)
[0402] accumulated attack bundle prepared: count=3, targets=[58, 59, 57]
[0402] bundled target replan prepared: key=58-4, primaryTargetID=58, targets=[58, 59, 57]
[RQUEUE] duplicate suppressed #85 표적탐지: 표적58 등 3개 발견
[0402-close] no active tracking assignment matched destroyed target (targetID=53, eventWatcher=4)
[0402-close] no active tracking assignment matched destroyed target (targetID=54, eventWatcher=6)
[0402-close] no active tracking assignment matched destroyed target (targetID=55, eventWatcher=4)
[0402-close] no active tracking assignment matched destroyed target (targetID=56, eventWatcher=5)
[0402-close] no active tracking assignment matched destroyed target (targetID=61, eventWatcher=6)
[0402] accumulated attack bundle prepared: count=3, targets=[58, 59, 57]
[0402] bundled target replan prepared: key=58-4, primaryTargetID=58, targets=[58, 59, 57]
[RQUEUE] duplicate suppressed #85 표적탐지: 표적58 등 3개 발견
[0402-close] no active tracking assignment matched destroyed target (targetID=53, eventWatcher=4)
[0402-close] no active tracking assignment matched destroyed target (targetID=54, eventWatcher=6)
[0402-close] no active tracking assignment matched destroyed target (targetID=55, eventWatcher=4)
[0402-close] no active tracking assignment matched destroyed target (targetID=56, eventWatcher=5)
[0402-close] no active tracking assignment matched destroyed target (targetID=61, eventWatcher=6)
[0402] accumulated attack bundle prepared: count=3, targets=[58, 59, 57]
[0402] bundled target replan prepared: key=58-4, primaryTargetID=58, targets=[58, 59, 57]
[RQUEUE] duplicate suppressed #85 표적탐지: 표적58 등 3개 발견
[0402-close] no active tracking assignment matched destroyed target (targetID=53, eventWatcher=4)
[0402-close] no active tracking assignment matched destroyed target (targetID=54, eventWatcher=6)
[0402-close] no active tracking assignment matched destroyed target (targetID=55, eventWatcher=4)
[0402-close] no active tracking assignment matched destroyed target (targetID=56, eventWatcher=5)
[0402-close] no active tracking assignment matched destroyed target (targetID=61, eventWatcher=6)
[0402] accumulated attack bundle prepared: count=3, targets=[58, 59, 57]
[0402] bundled target replan prepared: key=58-4, primaryTargetID=58, targets=[58, 59, 57]
[RQUEUE] duplicate suppressed #85 표적탐지: 표적58 등 3개 발견
[0402-close] no active tracking assignment matched destroyed target (targetID=53, eventWatcher=4)
[0402-close] no active tracking assignment matched destroyed target (targetID=54, eventWatcher=6)
[0402-close] no active tracking assignment matched destroyed target (targetID=55, eventWatcher=4)
[0402-close] no active tracking assignment matched destroyed target (targetID=56, eventWatcher=5)
[0402-close] no active tracking assignment matched destroyed target (targetID=61, eventWatcher=6)
[0402] accumulated attack bundle prepared: count=3, targets=[58, 59, 57]
[0402] bundled target replan prepared: key=58-4, primaryTargetID=58, targets=[58, 59, 57]
[RQUEUE] duplicate suppressed #85 표적탐지: 표적58 등 3개 발견
[0402-close] no active tracking assignment matched destroyed target (targetID=53, eventWatcher=4)
[0402-close] no active tracking assignment matched destroyed target (targetID=54, eventWatcher=6)
[0402-close] no active tracking assignment matched destroyed target (targetID=55, eventWatcher=4)
[0402-close] no active tracking assignment matched destroyed target (targetID=56, eventWatcher=5)
[0402-close] no active tracking assignment matched destroyed target (targetID=61, eventWatcher=6)
[0402] accumulated attack bundle prepared: count=3, targets=[58, 59, 57]
[0402] bundled target replan prepared: key=58-4, primaryTargetID=58, targets=[58, 59, 57]
[RQUEUE] duplicate suppressed #85 표적탐지: 표적58 등 3개 발견
[0402-close] no active tracking assignment matched destroyed target (targetID=53, eventWatcher=4)
[0402-close] no active tracking assignment matched destroyed target (targetID=54, eventWatcher=6)
[0402-close] no active tracking assignment matched destroyed target (targetID=55, eventWatcher=4)
[0402-close] no active tracking assignment matched destroyed target (targetID=56, eventWatcher=5)
[0402-close] no active tracking assignment matched destroyed target (targetID=61, eventWatcher=6)
[0402] accumulated attack bundle prepared: count=3, targets=[58, 59, 57]
[0402] bundled target replan prepared: key=58-4, primaryTargetID=58, targets=[58, 59, 57]
[RQUEUE] duplicate suppressed #85 표적탐지: 표적58 등 3개 발견
[0402-close] no active tracking assignment matched destroyed target (targetID=53, eventWatcher=4)
[0402-close] no active tracking assignment matched destroyed target (targetID=54, eventWatcher=6)
[0402-close] no active tracking assignment matched destroyed target (targetID=55, eventWatcher=4)
[0402-close] no active tracking assignment matched destroyed target (targetID=56, eventWatcher=5)
[0402-close] no active tracking assignment matched destroyed target (targetID=61, eventWatcher=6)
[0402] accumulated attack bundle prepared: count=3, targets=[58, 59, 57]
[0402] bundled target replan prepared: key=58-4, primaryTargetID=58, targets=[58, 59, 57]
[RQUEUE] duplicate suppressed #85 표적탐지: 표적58 등 3개 발견
[0402-close] no active tracking assignment matched destroyed target (targetID=53, eventWatcher=4)
[0402-close] no active tracking assignment matched destroyed target (targetID=54, eventWatcher=6)
[0402-close] no active tracking assignment matched destroyed target (targetID=55, eventWatcher=4)
[0402-close] no active tracking assignment matched destroyed target (targetID=56, eventWatcher=5)
[0402-close] no active tracking assignment matched destroyed target (targetID=61, eventWatcher=6)
[0402] accumulated attack bundle prepared: count=3, targets=[58, 59, 57]
[0402] bundled target replan prepared: key=58-4, primaryTargetID=58, targets=[58, 59, 57]
[RQUEUE] duplicate suppressed #85 표적탐지: 표적58 등 3개 발견
[0402-close] no active tracking assignment matched destroyed target (targetID=53, eventWatcher=4)
[0402-close] no active tracking assignment matched destroyed target (targetID=54, eventWatcher=6)
[0402-close] no active tracking assignment matched destroyed target (targetID=55, eventWatcher=4)
[0402-close] no active tracking assignment matched destroyed target (targetID=56, eventWatcher=5)
[0402-close] no active tracking assignment matched destroyed target (targetID=61, eventWatcher=6)
[0402] accumulated attack bundle prepared: count=3, targets=[58, 59, 57]
[0402] bundled target replan prepared: key=58-4, primaryTargetID=58, targets=[58, 59, 57]
[RQUEUE] duplicate suppressed #85 표적탐지: 표적58 등 3개 발견
[0402-close] no active tracking assignment matched destroyed target (targetID=53, eventWatcher=4)
[0402-close] no active tracking assignment matched destroyed target (targetID=54, eventWatcher=6)
[0402-close] no active tracking assignment matched destroyed target (targetID=55, eventWatcher=4)
[0402-close] no active tracking assignment matched destroyed target (targetID=56, eventWatcher=5)
[0402-close] no active tracking assignment matched destroyed target (targetID=61, eventWatcher=6)
[0402] accumulated attack bundle prepared: count=3, targets=[58, 59, 57]
[0402] bundled target replan prepared: key=58-4, primaryTargetID=58, targets=[58, 59, 57]
[RQUEUE] duplicate suppressed #85 표적탐지: 표적58 등 3개 발견
[0402-close] no active tracking assignment matched destroyed target (targetID=53, eventWatcher=4)
[0402-close] no active tracking assignment matched destroyed target (targetID=54, eventWatcher=6)
[0402-close] no active tracking assignment matched destroyed target (targetID=55, eventWatcher=4)
[0402-close] no active tracking assignment matched destroyed target (targetID=56, eventWatcher=5)
[0402-close] no active tracking assignment matched destroyed target (targetID=61, eventWatcher=6)
[0402] accumulated attack bundle prepared: count=3, targets=[58, 59, 57]
[0402] bundled target replan prepared: key=58-4, primaryTargetID=58, targets=[58, 59, 57]
[RQUEUE] duplicate suppressed #85 표적탐지: 표적58 등 3개 발견
[0402-close] no active tracking assignment matched destroyed target (targetID=53, eventWatcher=4)
[0402-close] no active tracking assignment matched destroyed target (targetID=54, eventWatcher=6)
[0402-close] no active tracking assignment matched destroyed target (targetID=55, eventWatcher=4)
[0402-close] no active tracking assignment matched destroyed target (targetID=56, eventWatcher=5)
[0402-close] no active tracking assignment matched destroyed target (targetID=61, eventWatcher=6)
[0402] accumulated attack bundle prepared: count=3, targets=[58, 59, 57]
[0402] bundled target replan prepared: key=58-4, primaryTargetID=58, targets=[58, 59, 57]
[RQUEUE] duplicate suppressed #85 표적탐지: 표적58 등 3개 발견
[0402-close] no active tracking assignment matched destroyed target (targetID=53, eventWatcher=4)
[0402-close] no active tracking assignment matched destroyed target (targetID=54, eventWatcher=6)
[0402-close] no active tracking assignment matched destroyed target (targetID=55, eventWatcher=4)
[0402-close] no active tracking assignment matched destroyed target (targetID=56, eventWatcher=5)
[0402-close] no active tracking assignment matched destroyed target (targetID=61, eventWatcher=6)
[0402] accumulated attack bundle prepared: count=3, targets=[58, 59, 57]
[0402] bundled target replan prepared: key=58-4, primaryTargetID=58, targets=[58, 59, 57]
[RQUEUE] duplicate suppressed #85 표적탐지: 표적58 등 3개 발견
[0402-close] no active tracking assignment matched destroyed target (targetID=53, eventWatcher=4)
[0402-close] no active tracking assignment matched destroyed target (targetID=54, eventWatcher=6)
[0402-close] no active tracking assignment matched destroyed target (targetID=55, eventWatcher=4)
[0402-close] no active tracking assignment matched destroyed target (targetID=56, eventWatcher=5)
[0402-close] no active tracking assignment matched destroyed target (targetID=61, eventWatcher=6)
[0402] accumulated attack bundle prepared: count=3, targets=[58, 59, 57]
[0402] bundled target replan prepared: key=58-4, primaryTargetID=58, targets=[58, 59, 57]
[RQUEUE] duplicate suppressed #85 표적탐지: 표적58 등 3개 발견
[0402-close] no active tracking assignment matched destroyed target (targetID=53, eventWatcher=4)
[0402-close] no active tracking assignment matched destroyed target (targetID=54, eventWatcher=6)
[0402-close] no active tracking assignment matched destroyed target (targetID=55, eventWatcher=4)
[0402-close] no active tracking assignment matched destroyed target (targetID=56, eventWatcher=5)
[0402-close] no active tracking assignment matched destroyed target (targetID=61, eventWatcher=6)
[0402] accumulated attack bundle prepared: count=3, targets=[58, 59, 57]
[0402] bundled target replan prepared: key=58-4, primaryTargetID=58, targets=[58, 59, 57]
[RQUEUE] duplicate suppressed #85 표적탐지: 표적58 등 3개 발견
[0402-close] no active tracking assignment matched destroyed target (targetID=53, eventWatcher=4)
[0402-close] no active tracking assignment matched destroyed target (targetID=54, eventWatcher=6)
[0402-close] no active tracking assignment matched destroyed target (targetID=55, eventWatcher=4)
[0402-close] no active tracking assignment matched destroyed target (targetID=56, eventWatcher=5)
[0402-close] no active tracking assignment matched destroyed target (targetID=61, eventWatcher=6)
[0402] accumulated attack bundle prepared: count=3, targets=[58, 59, 57]
[0402] bundled target replan prepared: key=58-4, primaryTargetID=58, targets=[58, 59, 57]
[RQUEUE] duplicate suppressed #85 표적탐지: 표적58 등 3개 발견
[RQUEUE] completed #85 표적탐지: 표적58 등 3개 발견 (시간 초과, signal=timeout, active_ms=45088)
[0402-close] no active tracking assignment matched destroyed target (targetID=53, eventWatcher=4)
[0402-close] no active tracking assignment matched destroyed target (targetID=54, eventWatcher=6)
[0402-close] no active tracking assignment matched destroyed target (targetID=55, eventWatcher=4)
[0402-close] no active tracking assignment matched destroyed target (targetID=56, eventWatcher=5)
[0402-close] no active tracking assignment matched destroyed target (targetID=61, eventWatcher=6)
[0402] accumulated attack bundle prepared: count=3, targets=[58, 59, 57]
[0402] bundled target replan prepared: key=58-4, primaryTargetID=58, targets=[58, 59, 57]
[RQUEUE] queued #171 표적탐지: 표적58 등 3개 발견
[0402-close] no active tracking assignment matched destroyed target (targetID=53, eventWatcher=4)
[0402-close] no active tracking assignment matched destroyed target (targetID=54, eventWatcher=6)
[0402-close] no active tracking assignment matched destroyed target (targetID=55, eventWatcher=4)
[0402-close] no active tracking assignment matched destroyed target (targetID=56, eventWatcher=5)
[0402-close] no active tracking assignment matched destroyed target (targetID=61, eventWatcher=6)
[0402] accumulated attack bundle prepared: count=3, targets=[58, 59, 57]
[0402] bundled target replan prepared: key=58-4, primaryTargetID=58, targets=[58, 59, 57]
[RQUEUE] duplicate suppressed #171 표적탐지: 표적58 등 3개 발견
[RQUEUE] dispatching #171 표적탐지: 표적58 등 3개 발견
[0902] replan request sent (level=2, reason=표적58 등 3개 발견, planIds=700000339, 700000340)
[RQUEUE] active #171 표적탐지: 표적58 등 3개 발견
[RQUEUE] bundle targets marked used: count=3
[RQUEUE] signal 0305 -> #171 재계획 수행중
[0402-close] no active tracking assignment matched destroyed target (targetID=53, eventWatcher=4)
[0402-close] no active tracking assignment matched destroyed target (targetID=54, eventWatcher=6)
[0402-close] no active tracking assignment matched destroyed target (targetID=55, eventWatcher=4)
[0402-close] no active tracking assignment matched destroyed target (targetID=56, eventWatcher=5)
[0402-close] no active tracking assignment matched destroyed target (targetID=61, eventWatcher=6)
[0402] accumulated attack bundle prepared: count=3, targets=[58, 59, 57]
[0402] bundled target replan prepared: key=58-4, primaryTargetID=58, targets=[58, 59, 57]
[RQUEUE] duplicate suppressed #171 표적탐지: 표적58 등 3개 발견
[0402-close] no active tracking assignment matched destroyed target (targetID=53, eventWatcher=4)
[0402-close] no active tracking assignment matched destroyed target (targetID=54, eventWatcher=6)
[0402-close] no active tracking assignment matched destroyed target (targetID=55, eventWatcher=4)
[0402-close] no active tracking assignment matched destroyed target (targetID=56, eventWatcher=5)
[0402-close] no active tracking assignment matched destroyed target (targetID=61, eventWatcher=6)
[0402] accumulated attack bundle prepared: count=3, targets=[58, 59, 57]
[0402] bundled target replan prepared: key=58-4, primaryTargetID=58, targets=[58, 59, 57]
[RQUEUE] duplicate suppressed #171 표적탐지: 표적58 등 3개 발견
[0402-close] no active tracking assignment matched destroyed target (targetID=53, eventWatcher=4)
[0402-close] no active tracking assignment matched destroyed target (targetID=54, eventWatcher=6)
[0402-close] no active tracking assignment matched destroyed target (targetID=55, eventWatcher=4)
[0402-close] no active tracking assignment matched destroyed target (targetID=56, eventWatcher=5)
[0402-close] no active tracking assignment matched destroyed target (targetID=61, eventWatcher=6)
[0402] accumulated attack bundle prepared: count=3, targets=[58, 59, 57]
[0402] bundled target replan prepared: key=58-4, primaryTargetID=58, targets=[58, 59, 57]
[RQUEUE] duplicate suppressed #171 표적탐지: 표적58 등 3개 발견
[0402-close] no active tracking assignment matched destroyed target (targetID=53, eventWatcher=4)
[0402-close] no active tracking assignment matched destroyed target (targetID=54, eventWatcher=6)
[0402-close] no active tracking assignment matched destroyed target (targetID=55, eventWatcher=4)
[0402-close] no active tracking assignment matched destroyed target (targetID=56, eventWatcher=5)
[0402-close] no active tracking assignment matched destroyed target (targetID=61, eventWatcher=6)
[0402] accumulated attack bundle prepared: count=3, targets=[58, 59, 57]
[0402] bundled target replan prepared: key=58-4, primaryTargetID=58, targets=[58, 59, 57]
[RQUEUE] duplicate suppressed #171 표적탐지: 표적58 등 3개 발견
[0402-close] no active tracking assignment matched destroyed target (targetID=53, eventWatcher=4)
[0402-close] no active tracking assignment matched destroyed target (targetID=54, eventWatcher=6)
[0402-close] no active tracking assignment matched destroyed target (targetID=55, eventWatcher=4)
[0402-close] no active tracking assignment matched destroyed target (targetID=56, eventWatcher=5)
[0402-close] no active tracking assignment matched destroyed target (targetID=61, eventWatcher=6)
[0402] accumulated attack bundle prepared: count=3, targets=[58, 59, 57]
[0402] bundled target replan prepared: key=58-4, primaryTargetID=58, targets=[58, 59, 57]
[RQUEUE] duplicate suppressed #171 표적탐지: 표적58 등 3개 발견
[0402-close] no active tracking assignment matched destroyed target (targetID=53, eventWatcher=4)
[0402-close] no active tracking assignment matched destroyed target (targetID=54, eventWatcher=6)
[0402-close] no active tracking assignment matched destroyed target (targetID=55, eventWatcher=4)
[0402-close] no active tracking assignment matched destroyed target (targetID=56, eventWatcher=5)
[0402-close] no active tracking assignment matched destroyed target (targetID=61, eventWatcher=6)
[0402] accumulated attack bundle prepared: count=3, targets=[58, 59, 57]
[0402] bundled target replan prepared: key=58-4, primaryTargetID=58, targets=[58, 59, 57]
[RQUEUE] duplicate suppressed #171 표적탐지: 표적58 등 3개 발견
[0402-close] no active tracking assignment matched destroyed target (targetID=53, eventWatcher=4)
[0402-close] no active tracking assignment matched destroyed target (targetID=54, eventWatcher=6)
[0402-close] no active tracking assignment matched destroyed target (targetID=55, eventWatcher=4)
[0402-close] no active tracking assignment matched destroyed target (targetID=56, eventWatcher=5)
[0402-close] no active tracking assignment matched destroyed target (targetID=61, eventWatcher=6)
[0402] accumulated attack bundle prepared: count=3, targets=[58, 59, 57]
[0402] bundled target replan prepared: key=58-4, primaryTargetID=58, targets=[58, 59, 57]
[RQUEUE] duplicate suppressed #171 표적탐지: 표적58 등 3개 발견
[0402-close] no active tracking assignment matched destroyed target (targetID=53, eventWatcher=4)
[0402-close] no active tracking assignment matched destroyed target (targetID=54, eventWatcher=6)
[0402-close] no active tracking assignment matched destroyed target (targetID=55, eventWatcher=4)
[0402-close] no active tracking assignment matched destroyed target (targetID=56, eventWatcher=5)
[0402-close] no active tracking assignment matched destroyed target (targetID=61, eventWatcher=6)
[0402] accumulated attack bundle prepared: count=3, targets=[58, 59, 57]
[0402] bundled target replan prepared: key=58-4, primaryTargetID=58, targets=[58, 59, 57]
[RQUEUE] duplicate suppressed #171 표적탐지: 표적58 등 3개 발견
[0402-close] no active tracking assignment matched destroyed target (targetID=53, eventWatcher=4)
[0402-close] no active tracking assignment matched destroyed target (targetID=54, eventWatcher=6)
[0402-close] no active tracking assignment matched destroyed target (targetID=55, eventWatcher=4)
[0402-close] no active tracking assignment matched destroyed target (targetID=56, eventWatcher=5)
[0402-close] no active tracking assignment matched destroyed target (targetID=61, eventWatcher=6)
[0402] accumulated attack bundle prepared: count=3, targets=[58, 59, 57]
[0402] bundled target replan prepared: key=58-4, primaryTargetID=58, targets=[58, 59, 57]
[RQUEUE] duplicate suppressed #171 표적탐지: 표적58 등 3개 발견
[RQUEUE] signal 0701 -> #171 옵션 정보 전송
[RQUEUE] signal 0305 -> #171 재계획 산출 완료
[0402-close] no active tracking assignment matched destroyed target (targetID=53, eventWatcher=4)
[0402-close] no active tracking assignment matched destroyed target (targetID=54, eventWatcher=6)
[0402-close] no active tracking assignment matched destroyed target (targetID=55, eventWatcher=4)
[0402-close] no active tracking assignment matched destroyed target (targetID=56, eventWatcher=5)
[0402-close] no active tracking assignment matched destroyed target (targetID=61, eventWatcher=6)
[0402] accumulated attack bundle prepared: count=3, targets=[58, 59, 57]
[0402] bundled target replan prepared: key=58-4, primaryTargetID=58, targets=[58, 59, 57]
[RQUEUE] duplicate suppressed #171 표적탐지: 표적58 등 3개 발견
[0402-close] no active tracking assignment matched destroyed target (targetID=53, eventWatcher=4)
[0402-close] no active tracking assignment matched destroyed target (targetID=54, eventWatcher=6)
[0402-close] no active tracking assignment matched destroyed target (targetID=55, eventWatcher=4)
[0402-close] no active tracking assignment matched destroyed target (targetID=56, eventWatcher=5)
[0402-close] no active tracking assignment matched destroyed target (targetID=61, eventWatcher=6)
[0402] accumulated attack bundle prepared: count=3, targets=[58, 59, 57]
[0402] bundled target replan prepared: key=58-4, primaryTargetID=58, targets=[58, 59, 57]
[RQUEUE] duplicate suppressed #171 표적탐지: 표적58 등 3개 발견
[0402-close] no active tracking assignment matched destroyed target (targetID=53, eventWatcher=4)
[0402-close] no active tracking assignment matched destroyed target (targetID=54, eventWatcher=6)
[0402-close] no active tracking assignment matched destroyed target (targetID=55, eventWatcher=4)
[0402-close] no active tracking assignment matched destroyed target (targetID=56, eventWatcher=5)
[0402-close] no active tracking assignment matched destroyed target (targetID=61, eventWatcher=6)
[0402] accumulated attack bundle prepared: count=3, targets=[58, 59, 57]
[0402] bundled target replan prepared: key=58-4, primaryTargetID=58, targets=[58, 59, 57]
[RQUEUE] duplicate suppressed #171 표적탐지: 표적58 등 3개 발견
[0402-close] no active tracking assignment matched destroyed target (targetID=53, eventWatcher=4)
[0402-close] no active tracking assignment matched destroyed target (targetID=54, eventWatcher=6)
[0402-close] no active tracking assignment matched destroyed target (targetID=55, eventWatcher=4)
[0402-close] no active tracking assignment matched destroyed target (targetID=56, eventWatcher=5)
[0402-close] no active tracking assignment matched destroyed target (targetID=61, eventWatcher=6)
[0402] accumulated attack bundle prepared: count=3, targets=[58, 59, 57]
[0402] bundled target replan prepared: key=58-4, primaryTargetID=58, targets=[58, 59, 57]
[RQUEUE] duplicate suppressed #171 표적탐지: 표적58 등 3개 발견
[0402-close] no active tracking assignment matched destroyed target (targetID=53, eventWatcher=4)
[0402-close] no active tracking assignment matched destroyed target (targetID=54, eventWatcher=6)
[0402-close] no active tracking assignment matched destroyed target (targetID=55, eventWatcher=4)
[0402-close] no active tracking assignment matched destroyed target (targetID=56, eventWatcher=5)
[0402-close] no active tracking assignment matched destroyed target (targetID=61, eventWatcher=6)
[0402] accumulated attack bundle prepared: count=3, targets=[58, 59, 57]
[0402] bundled target replan prepared: key=58-4, primaryTargetID=58, targets=[58, 59, 57]
[RQUEUE] duplicate suppressed #171 표적탐지: 표적58 등 3개 발견
[0402-close] no active tracking assignment matched destroyed target (targetID=53, eventWatcher=4)
[0402-close] no active tracking assignment matched destroyed target (targetID=54, eventWatcher=6)
[0402-close] no active tracking assignment matched destroyed target (targetID=55, eventWatcher=4)
[0402-close] no active tracking assignment matched destroyed target (targetID=56, eventWatcher=5)
[0402-close] no active tracking assignment matched destroyed target (targetID=61, eventWatcher=6)
[0402] accumulated attack bundle prepared: count=3, targets=[58, 59, 57]
[0402] bundled target replan prepared: key=58-4, primaryTargetID=58, targets=[58, 59, 57]
[RQUEUE] duplicate suppressed #171 표적탐지: 표적58 등 3개 발견
[0402-close] no active tracking assignment matched destroyed target (targetID=53, eventWatcher=4)
[0402-close] no active tracking assignment matched destroyed target (targetID=54, eventWatcher=6)
[0402-close] no active tracking assignment matched destroyed target (targetID=55, eventWatcher=4)
[0402-close] no active tracking assignment matched destroyed target (targetID=56, eventWatcher=5)
[0402-close] no active tracking assignment matched destroyed target (targetID=61, eventWatcher=6)
[0402] accumulated attack bundle prepared: count=3, targets=[58, 59, 57]
[0402] bundled target replan prepared: key=58-4, primaryTargetID=58, targets=[58, 59, 57]
[RQUEUE] duplicate suppressed #171 표적탐지: 표적58 등 3개 발견
[0402-close] no active tracking assignment matched destroyed target (targetID=53, eventWatcher=4)
[0402-close] no active tracking assignment matched destroyed target (targetID=54, eventWatcher=6)
[0402-close] no active tracking assignment matched destroyed target (targetID=55, eventWatcher=4)
[0402-close] no active tracking assignment matched destroyed target (targetID=56, eventWatcher=5)
[0402-close] no active tracking assignment matched destroyed target (targetID=61, eventWatcher=6)
[0402] accumulated attack bundle prepared: count=3, targets=[58, 59, 57]
[0402] bundled target replan prepared: key=58-4, primaryTargetID=58, targets=[58, 59, 57]
[RQUEUE] duplicate suppressed #171 표적탐지: 표적58 등 3개 발견
[0402-close] no active tracking assignment matched destroyed target (targetID=53, eventWatcher=4)
[0402-close] no active tracking assignment matched destroyed target (targetID=54, eventWatcher=6)
[0402-close] no active tracking assignment matched destroyed target (targetID=55, eventWatcher=4)
[0402-close] no active tracking assignment matched destroyed target (targetID=56, eventWatcher=5)
[0402-close] no active tracking assignment matched destroyed target (targetID=61, eventWatcher=6)
[0402] accumulated attack bundle prepared: count=3, targets=[58, 59, 57]
[0402] bundled target replan prepared: key=58-4, primaryTargetID=58, targets=[58, 59, 57]
[RQUEUE] duplicate suppressed #171 표적탐지: 표적58 등 3개 발견
[0402-close] no active tracking assignment matched destroyed target (targetID=53, eventWatcher=4)
[0402-close] no active tracking assignment matched destroyed target (targetID=54, eventWatcher=6)
[0402-close] no active tracking assignment matched destroyed target (targetID=55, eventWatcher=4)
[0402-close] no active tracking assignment matched destroyed target (targetID=56, eventWatcher=5)
[0402-close] no active tracking assignment matched destroyed target (targetID=61, eventWatcher=6)
[0402] accumulated attack bundle prepared: count=3, targets=[58, 59, 57]
[0402] bundled target replan prepared: key=58-4, primaryTargetID=58, targets=[58, 59, 57]
[RQUEUE] duplicate suppressed #171 표적탐지: 표적58 등 3개 발견
[0402-close] no active tracking assignment matched destroyed target (targetID=53, eventWatcher=4)
[0402-close] no active tracking assignment matched destroyed target (targetID=54, eventWatcher=6)
[0402-close] no active tracking assignment matched destroyed target (targetID=55, eventWatcher=4)
[0402-close] no active tracking assignment matched destroyed target (targetID=56, eventWatcher=5)
[0402-close] no active tracking assignment matched destroyed target (targetID=61, eventWatcher=6)
[0402] accumulated attack bundle prepared: count=3, targets=[58, 59, 57]
[0402] bundled target replan prepared: key=58-4, primaryTargetID=58, targets=[58, 59, 57]
[RQUEUE] duplicate suppressed #171 표적탐지: 표적58 등 3개 발견
[0402-close] no active tracking assignment matched destroyed target (targetID=53, eventWatcher=4)
[0402-close] no active tracking assignment matched destroyed target (targetID=54, eventWatcher=6)
[0402-close] no active tracking assignment matched destroyed target (targetID=55, eventWatcher=4)
[0402-close] no active tracking assignment matched destroyed target (targetID=56, eventWatcher=5)
[0402-close] no active tracking assignment matched destroyed target (targetID=61, eventWatcher=6)
[0402] accumulated attack bundle prepared: count=3, targets=[58, 59, 57]
[0402] bundled target replan prepared: key=58-4, primaryTargetID=58, targets=[58, 59, 57]
[RQUEUE] duplicate suppressed #171 표적탐지: 표적58 등 3개 발견
[0402-close] no active tracking assignment matched destroyed target (targetID=53, eventWatcher=4)
[0402-close] no active tracking assignment matched destroyed target (targetID=54, eventWatcher=6)
[0402-close] no active tracking assignment matched destroyed target (targetID=55, eventWatcher=4)
[0402-close] no active tracking assignment matched destroyed target (targetID=56, eventWatcher=5)
[0402-close] no active tracking assignment matched destroyed target (targetID=61, eventWatcher=6)
[0402] accumulated attack bundle prepared: count=3, targets=[58, 59, 57]
[0402] bundled target replan prepared: key=58-4, primaryTargetID=58, targets=[58, 59, 57]
[RQUEUE] duplicate suppressed #171 표적탐지: 표적58 등 3개 발견
[0402-close] no active tracking assignment matched destroyed target (targetID=53, eventWatcher=4)
[0402-close] no active tracking assignment matched destroyed target (targetID=54, eventWatcher=6)
[0402-close] no active tracking assignment matched destroyed target (targetID=55, eventWatcher=4)
[0402-close] no active tracking assignment matched destroyed target (targetID=56, eventWatcher=5)
[0402-close] no active tracking assignment matched destroyed target (targetID=61, eventWatcher=6)
[0402] accumulated attack bundle prepared: count=3, targets=[58, 59, 57]
[0402] bundled target replan prepared: key=58-4, primaryTargetID=58, targets=[58, 59, 57]
[RQUEUE] duplicate suppressed #171 표적탐지: 표적58 등 3개 발견
[0402-close] no active tracking assignment matched destroyed target (targetID=53, eventWatcher=4)
[0402-close] no active tracking assignment matched destroyed target (targetID=54, eventWatcher=6)
[0402-close] no active tracking assignment matched destroyed target (targetID=55, eventWatcher=4)
[0402-close] no active tracking assignment matched destroyed target (targetID=56, eventWatcher=5)
[0402-close] no active tracking assignment matched destroyed target (targetID=61, eventWatcher=6)
[0402] accumulated attack bundle prepared: count=3, targets=[58, 59, 57]
[0402] bundled target replan prepared: key=58-4, primaryTargetID=58, targets=[58, 59, 57]
[RQUEUE] duplicate suppressed #171 표적탐지: 표적58 등 3개 발견
[0402-close] no active tracking assignment matched destroyed target (targetID=53, eventWatcher=4)
[0402-close] no active tracking assignment matched destroyed target (targetID=54, eventWatcher=6)
[0402-close] no active tracking assignment matched destroyed target (targetID=55, eventWatcher=4)
[0402-close] no active tracking assignment matched destroyed target (targetID=56, eventWatcher=5)
[0402-close] no active tracking assignment matched destroyed target (targetID=61, eventWatcher=6)
[0402] accumulated attack bundle prepared: count=3, targets=[58, 59, 57]
[0402] bundled target replan prepared: key=58-4, primaryTargetID=58, targets=[58, 59, 57]
[RQUEUE] duplicate suppressed #171 표적탐지: 표적58 등 3개 발견
[0402-close] no active tracking assignment matched destroyed target (targetID=53, eventWatcher=4)
[0402-close] no active tracking assignment matched destroyed target (targetID=54, eventWatcher=6)
[0402-close] no active tracking assignment matched destroyed target (targetID=55, eventWatcher=4)
[0402-close] no active tracking assignment matched destroyed target (targetID=56, eventWatcher=5)
[0402-close] no active tracking assignment matched destroyed target (targetID=61, eventWatcher=6)
[0402] accumulated attack bundle prepared: count=3, targets=[58, 59, 57]
[0402] bundled target replan prepared: key=58-4, primaryTargetID=58, targets=[58, 59, 57]
[RQUEUE] duplicate suppressed #171 표적탐지: 표적58 등 3개 발견
[0402-close] no active tracking assignment matched destroyed target (targetID=53, eventWatcher=4)
[0402-close] no active tracking assignment matched destroyed target (targetID=54, eventWatcher=6)
[0402-close] no active tracking assignment matched destroyed target (targetID=55, eventWatcher=4)
[0402-close] no active tracking assignment matched destroyed target (targetID=56, eventWatcher=5)
[0402-close] no active tracking assignment matched destroyed target (targetID=61, eventWatcher=6)
[0402] accumulated attack bundle prepared: count=3, targets=[58, 59, 57]
[0402] bundled target replan prepared: key=58-4, primaryTargetID=58, targets=[58, 59, 57]
[RQUEUE] duplicate suppressed #171 표적탐지: 표적58 등 3개 발견
[0402-close] no active tracking assignment matched destroyed target (targetID=53, eventWatcher=4)
[0402-close] no active tracking assignment matched destroyed target (targetID=54, eventWatcher=6)
[0402-close] no active tracking assignment matched destroyed target (targetID=55, eventWatcher=4)
[0402-close] no active tracking assignment matched destroyed target (targetID=56, eventWatcher=5)
[0402-close] no active tracking assignment matched destroyed target (targetID=61, eventWatcher=6)
[0402] accumulated attack bundle prepared: count=3, targets=[58, 59, 57]
[0402] bundled target replan prepared: key=58-4, primaryTargetID=58, targets=[58, 59, 57]
[RQUEUE] duplicate suppressed #171 표적탐지: 표적58 등 3개 발견
[0402-close] no active tracking assignment matched destroyed target (targetID=53, eventWatcher=4)
[0402-close] no active tracking assignment matched destroyed target (targetID=54, eventWatcher=6)
[0402-close] no active tracking assignment matched destroyed target (targetID=55, eventWatcher=4)
[0402-close] no active tracking assignment matched destroyed target (targetID=56, eventWatcher=5)
[0402-close] no active tracking assignment matched destroyed target (targetID=61, eventWatcher=6)
[0402] accumulated attack bundle prepared: count=3, targets=[58, 59, 57]
[0402] bundled target replan prepared: key=58-4, primaryTargetID=58, targets=[58, 59, 57]
[RQUEUE] duplicate suppressed #171 표적탐지: 표적58 등 3개 발견
[0402-close] no active tracking assignment matched destroyed target (targetID=53, eventWatcher=4)
[0402-close] no active tracking assignment matched destroyed target (targetID=54, eventWatcher=6)
[0402-close] no active tracking assignment matched destroyed target (targetID=55, eventWatcher=4)
[0402-close] no active tracking assignment matched destroyed target (targetID=56, eventWatcher=5)
[0402-close] no active tracking assignment matched destroyed target (targetID=61, eventWatcher=6)
[0402] accumulated attack bundle prepared: count=3, targets=[58, 59, 57]
[0402] bundled target replan prepared: key=58-4, primaryTargetID=58, targets=[58, 59, 57]
[RQUEUE] duplicate suppressed #171 표적탐지: 표적58 등 3개 발견
[0402-close] no active tracking assignment matched destroyed target (targetID=53, eventWatcher=4)
[0402-close] no active tracking assignment matched destroyed target (targetID=54, eventWatcher=6)
[0402-close] no active tracking assignment matched destroyed target (targetID=55, eventWatcher=4)
[0402-close] no active tracking assignment matched destroyed target (targetID=56, eventWatcher=5)
[0402-close] no active tracking assignment matched destroyed target (targetID=61, eventWatcher=6)
[0402] accumulated attack bundle prepared: count=3, targets=[58, 59, 57]
[0402] bundled target replan prepared: key=58-4, primaryTargetID=58, targets=[58, 59, 57]
[RQUEUE] duplicate suppressed #171 표적탐지: 표적58 등 3개 발견
[0402-close] no active tracking assignment matched destroyed target (targetID=53, eventWatcher=4)
[0402-close] no active tracking assignment matched destroyed target (targetID=54, eventWatcher=6)
[0402-close] no active tracking assignment matched destroyed target (targetID=55, eventWatcher=4)
[0402-close] no active tracking assignment matched destroyed target (targetID=56, eventWatcher=5)
[0402-close] no active tracking assignment matched destroyed target (targetID=61, eventWatcher=6)
[0402] accumulated attack bundle prepared: count=3, targets=[58, 59, 57]
[0402] bundled target replan prepared: key=58-4, primaryTargetID=58, targets=[58, 59, 57]
[RQUEUE] duplicate suppressed #171 표적탐지: 표적58 등 3개 발견
[0402-close] no active tracking assignment matched destroyed target (targetID=53, eventWatcher=4)
[0402-close] no active tracking assignment matched destroyed target (targetID=54, eventWatcher=6)
[0402-close] no active tracking assignment matched destroyed target (targetID=55, eventWatcher=4)
[0402-close] no active tracking assignment matched destroyed target (targetID=56, eventWatcher=5)
[0402-close] no active tracking assignment matched destroyed target (targetID=61, eventWatcher=6)
[0402] accumulated attack bundle prepared: count=3, targets=[58, 59, 57]
[0402] bundled target replan prepared: key=58-4, primaryTargetID=58, targets=[58, 59, 57]
[RQUEUE] duplicate suppressed #171 표적탐지: 표적58 등 3개 발견
[0402-close] no active tracking assignment matched destroyed target (targetID=53, eventWatcher=4)
[0402-close] no active tracking assignment matched destroyed target (targetID=54, eventWatcher=6)
[0402-close] no active tracking assignment matched destroyed target (targetID=55, eventWatcher=4)
[0402-close] no active tracking assignment matched destroyed target (targetID=56, eventWatcher=5)
[0402-close] no active tracking assignment matched destroyed target (targetID=61, eventWatcher=6)
[0402] accumulated attack bundle prepared: count=3, targets=[58, 59, 57]
[0402] bundled target replan prepared: key=58-4, primaryTargetID=58, targets=[58, 59, 57]
[RQUEUE] duplicate suppressed #171 표적탐지: 표적58 등 3개 발견
[0402-close] no active tracking assignment matched destroyed target (targetID=53, eventWatcher=4)
[0402-close] no active tracking assignment matched destroyed target (targetID=54, eventWatcher=6)
[0402-close] no active tracking assignment matched destroyed target (targetID=55, eventWatcher=4)
[0402-close] no active tracking assignment matched destroyed target (targetID=56, eventWatcher=5)
[0402-close] no active tracking assignment matched destroyed target (targetID=61, eventWatcher=6)
[0402] accumulated attack bundle prepared: count=3, targets=[58, 59, 57]
[0402] bundled target replan prepared: key=58-4, primaryTargetID=58, targets=[58, 59, 57]
[RQUEUE] duplicate suppressed #171 표적탐지: 표적58 등 3개 발견
[0402-close] no active tracking assignment matched destroyed target (targetID=53, eventWatcher=4)
[0402-close] no active tracking assignment matched destroyed target (targetID=54, eventWatcher=6)
[0402-close] no active tracking assignment matched destroyed target (targetID=55, eventWatcher=4)
[0402-close] no active tracking assignment matched destroyed target (targetID=56, eventWatcher=5)
[0402-close] no active tracking assignment matched destroyed target (targetID=61, eventWatcher=6)
[0402] accumulated attack bundle prepared: count=3, targets=[58, 59, 57]
[0402] bundled target replan prepared: key=58-4, primaryTargetID=58, targets=[58, 59, 57]
[RQUEUE] duplicate suppressed #171 표적탐지: 표적58 등 3개 발견
[0402-close] no active tracking assignment matched destroyed target (targetID=53, eventWatcher=4)
[0402-close] no active tracking assignment matched destroyed target (targetID=54, eventWatcher=6)
[0402-close] no active tracking assignment matched destroyed target (targetID=55, eventWatcher=4)
[0402-close] no active tracking assignment matched destroyed target (targetID=56, eventWatcher=5)
[0402-close] no active tracking assignment matched destroyed target (targetID=61, eventWatcher=6)
[0402] accumulated attack bundle prepared: count=3, targets=[58, 59, 57]
[0402] bundled target replan prepared: key=58-4, primaryTargetID=58, targets=[58, 59, 57]
[RQUEUE] duplicate suppressed #171 표적탐지: 표적58 등 3개 발견
[0402-close] no active tracking assignment matched destroyed target (targetID=53, eventWatcher=4)
[0402-close] no active tracking assignment matched destroyed target (targetID=54, eventWatcher=6)
[0402-close] no active tracking assignment matched destroyed target (targetID=55, eventWatcher=4)
[0402-close] no active tracking assignment matched destroyed target (targetID=56, eventWatcher=5)
[0402-close] no active tracking assignment matched destroyed target (targetID=61, eventWatcher=6)
[0402] accumulated attack bundle prepared: count=3, targets=[58, 59, 57]
[0402] bundled target replan prepared: key=58-4, primaryTargetID=58, targets=[58, 59, 57]
[RQUEUE] duplicate suppressed #171 표적탐지: 표적58 등 3개 발견
[0402-close] no active tracking assignment matched destroyed target (targetID=53, eventWatcher=4)
[0402-close] no active tracking assignment matched destroyed target (targetID=54, eventWatcher=6)
[0402-close] no active tracking assignment matched destroyed target (targetID=55, eventWatcher=4)
[0402-close] no active tracking assignment matched destroyed target (targetID=56, eventWatcher=5)
[0402-close] no active tracking assignment matched destroyed target (targetID=61, eventWatcher=6)
[0402] accumulated attack bundle prepared: count=3, targets=[58, 59, 57]
[0402] bundled target replan prepared: key=58-4, primaryTargetID=58, targets=[58, 59, 57]
[RQUEUE] duplicate suppressed #171 표적탐지: 표적58 등 3개 발견
[0402-close] no active tracking assignment matched destroyed target (targetID=53, eventWatcher=4)
[0402-close] no active tracking assignment matched destroyed target (targetID=54, eventWatcher=6)
[0402-close] no active tracking assignment matched destroyed target (targetID=55, eventWatcher=4)
[0402-close] no active tracking assignment matched destroyed target (targetID=56, eventWatcher=5)
[0402-close] no active tracking assignment matched destroyed target (targetID=61, eventWatcher=6)
[0402] accumulated attack bundle prepared: count=3, targets=[58, 59, 57]
[0402] bundled target replan prepared: key=58-4, primaryTargetID=58, targets=[58, 59, 57]
[RQUEUE] duplicate suppressed #171 표적탐지: 표적58 등 3개 발견
[0402-close] no active tracking assignment matched destroyed target (targetID=53, eventWatcher=4)
[0402-close] no active tracking assignment matched destroyed target (targetID=54, eventWatcher=6)
[0402-close] no active tracking assignment matched destroyed target (targetID=55, eventWatcher=4)
[0402-close] no active tracking assignment matched destroyed target (targetID=56, eventWatcher=5)
[0402-close] no active tracking assignment matched destroyed target (targetID=61, eventWatcher=6)
[0402] accumulated attack bundle prepared: count=3, targets=[58, 59, 57]
[0402] bundled target replan prepared: key=58-4, primaryTargetID=58, targets=[58, 59, 57]
[RQUEUE] duplicate suppressed #171 표적탐지: 표적58 등 3개 발견
[0402-close] no active tracking assignment matched destroyed target (targetID=53, eventWatcher=4)
[0402-close] no active tracking assignment matched destroyed target (targetID=54, eventWatcher=6)
[0402-close] no active tracking assignment matched destroyed target (targetID=55, eventWatcher=4)
[0402-close] no active tracking assignment matched destroyed target (targetID=56, eventWatcher=5)
[0402-close] no active tracking assignment matched destroyed target (targetID=61, eventWatcher=6)
[0402] accumulated attack bundle prepared: count=3, targets=[58, 59, 57]
[0402] bundled target replan prepared: key=58-4, primaryTargetID=58, targets=[58, 59, 57]
[RQUEUE] duplicate suppressed #171 표적탐지: 표적58 등 3개 발견
[0402-close] no active tracking assignment matched destroyed target (targetID=53, eventWatcher=4)
[0402-close] no active tracking assignment matched destroyed target (targetID=54, eventWatcher=6)
[0402-close] no active tracking assignment matched destroyed target (targetID=55, eventWatcher=4)
[0402-close] no active tracking assignment matched destroyed target (targetID=56, eventWatcher=5)
[0402-close] no active tracking assignment matched destroyed target (targetID=61, eventWatcher=6)
[0402] accumulated attack bundle prepared: count=3, targets=[58, 59, 57]
[0402] bundled target replan prepared: key=58-4, primaryTargetID=58, targets=[58, 59, 57]
[RQUEUE] duplicate suppressed #171 표적탐지: 표적58 등 3개 발견
[0402-close] no active tracking assignment matched destroyed target (targetID=53, eventWatcher=4)
[0402-close] no active tracking assignment matched destroyed target (targetID=54, eventWatcher=6)
[0402-close] no active tracking assignment matched destroyed target (targetID=55, eventWatcher=4)
[0402-close] no active tracking assignment matched destroyed target (targetID=56, eventWatcher=5)
[0402-close] no active tracking assignment matched destroyed target (targetID=61, eventWatcher=6)
[0402] accumulated attack bundle prepared: count=3, targets=[58, 59, 57]
[0402] bundled target replan prepared: key=58-4, primaryTargetID=58, targets=[58, 59, 57]
[RQUEUE] duplicate suppressed #171 표적탐지: 표적58 등 3개 발견
[0402-close] no active tracking assignment matched destroyed target (targetID=53, eventWatcher=4)
[0402-close] no active tracking assignment matched destroyed target (targetID=54, eventWatcher=6)
[0402-close] no active tracking assignment matched destroyed target (targetID=55, eventWatcher=4)
[0402-close] no active tracking assignment matched destroyed target (targetID=56, eventWatcher=5)
[0402-close] no active tracking assignment matched destroyed target (targetID=61, eventWatcher=6)
[0402] accumulated attack bundle prepared: count=3, targets=[58, 59, 57]
[0402] bundled target replan prepared: key=58-4, primaryTargetID=58, targets=[58, 59, 57]
[RQUEUE] duplicate suppressed #171 표적탐지: 표적58 등 3개 발견
[0402-close] no active tracking assignment matched destroyed target (targetID=53, eventWatcher=4)
[0402-close] no active tracking assignment matched destroyed target (targetID=54, eventWatcher=6)
[0402-close] no active tracking assignment matched destroyed target (targetID=55, eventWatcher=4)
[0402-close] no active tracking assignment matched destroyed target (targetID=56, eventWatcher=5)
[0402-close] no active tracking assignment matched destroyed target (targetID=61, eventWatcher=6)
[0402] accumulated attack bundle prepared: count=3, targets=[58, 59, 57]
[0402] bundled target replan prepared: key=58-4, primaryTargetID=58, targets=[58, 59, 57]
[RQUEUE] duplicate suppressed #171 표적탐지: 표적58 등 3개 발견
[0402-close] no active tracking assignment matched destroyed target (targetID=53, eventWatcher=4)
[0402-close] no active tracking assignment matched destroyed target (targetID=54, eventWatcher=6)
[0402-close] no active tracking assignment matched destroyed target (targetID=55, eventWatcher=4)
[0402-close] no active tracking assignment matched destroyed target (targetID=56, eventWatcher=5)
[0402-close] no active tracking assignment matched destroyed target (targetID=61, eventWatcher=6)
[0402] accumulated attack bundle prepared: count=3, targets=[58, 59, 57]
[0402] bundled target replan prepared: key=58-4, primaryTargetID=58, targets=[58, 59, 57]
[RQUEUE] duplicate suppressed #171 표적탐지: 표적58 등 3개 발견
[0402-close] no active tracking assignment matched destroyed target (targetID=53, eventWatcher=4)
[0402-close] no active tracking assignment matched destroyed target (targetID=54, eventWatcher=6)
[0402-close] no active tracking assignment matched destroyed target (targetID=55, eventWatcher=4)
[0402-close] no active tracking assignment matched destroyed target (targetID=56, eventWatcher=5)
[0402-close] no active tracking assignment matched destroyed target (targetID=61, eventWatcher=6)
[0402] accumulated attack bundle prepared: count=3, targets=[58, 59, 57]
[0402] bundled target replan prepared: key=58-4, primaryTargetID=58, targets=[58, 59, 57]
[RQUEUE] duplicate suppressed #171 표적탐지: 표적58 등 3개 발견
[0402-close] no active tracking assignment matched destroyed target (targetID=53, eventWatcher=4)
[0402-close] no active tracking assignment matched destroyed target (targetID=54, eventWatcher=6)
[0402-close] no active tracking assignment matched destroyed target (targetID=55, eventWatcher=4)
[0402-close] no active tracking assignment matched destroyed target (targetID=56, eventWatcher=5)
[0402-close] no active tracking assignment matched destroyed target (targetID=61, eventWatcher=6)
[0402] accumulated attack bundle prepared: count=3, targets=[58, 59, 57]
[0402] bundled target replan prepared: key=58-4, primaryTargetID=58, targets=[58, 59, 57]
[RQUEUE] duplicate suppressed #171 표적탐지: 표적58 등 3개 발견
[0402-close] no active tracking assignment matched destroyed target (targetID=53, eventWatcher=4)
[0402-close] no active tracking assignment matched destroyed target (targetID=54, eventWatcher=6)
[0402-close] no active tracking assignment matched destroyed target (targetID=55, eventWatcher=4)
[0402-close] no active tracking assignment matched destroyed target (targetID=56, eventWatcher=5)
[0402-close] no active tracking assignment matched destroyed target (targetID=61, eventWatcher=6)
[0402] accumulated attack bundle prepared: count=3, targets=[58, 59, 57]
[0402] bundled target replan prepared: key=58-4, primaryTargetID=58, targets=[58, 59, 57]
[RQUEUE] duplicate suppressed #171 표적탐지: 표적58 등 3개 발견
[0402-close] no active tracking assignment matched destroyed target (targetID=53, eventWatcher=4)
[0402-close] no active tracking assignment matched destroyed target (targetID=54, eventWatcher=6)
[0402-close] no active tracking assignment matched destroyed target (targetID=55, eventWatcher=4)
[0402-close] no active tracking assignment matched destroyed target (targetID=56, eventWatcher=5)
[0402-close] no active tracking assignment matched destroyed target (targetID=61, eventWatcher=6)
[0402] accumulated attack bundle prepared: count=3, targets=[58, 59, 57]
[0402] bundled target replan prepared: key=58-4, primaryTargetID=58, targets=[58, 59, 57]
[RQUEUE] duplicate suppressed #171 표적탐지: 표적58 등 3개 발견
[0402-close] no active tracking assignment matched destroyed target (targetID=53, eventWatcher=4)
[0402-close] no active tracking assignment matched destroyed target (targetID=54, eventWatcher=6)
[0402-close] no active tracking assignment matched destroyed target (targetID=55, eventWatcher=4)
[0402-close] no active tracking assignment matched destroyed target (targetID=56, eventWatcher=5)
[0402-close] no active tracking assignment matched destroyed target (targetID=61, eventWatcher=6)
[0402] accumulated attack bundle prepared: count=3, targets=[58, 59, 57]
[0402] bundled target replan prepared: key=58-4, primaryTargetID=58, targets=[58, 59, 57]
[RQUEUE] duplicate suppressed #171 표적탐지: 표적58 등 3개 발견
[0402-close] no active tracking assignment matched destroyed target (targetID=53, eventWatcher=4)
[0402-close] no active tracking assignment matched destroyed target (targetID=54, eventWatcher=6)
[0402-close] no active tracking assignment matched destroyed target (targetID=55, eventWatcher=4)
[0402-close] no active tracking assignment matched destroyed target (targetID=56, eventWatcher=5)
[0402-close] no active tracking assignment matched destroyed target (targetID=61, eventWatcher=6)
[0402] accumulated attack bundle prepared: count=3, targets=[58, 59, 57]
[0402] bundled target replan prepared: key=58-4, primaryTargetID=58, targets=[58, 59, 57]
[RQUEUE] duplicate suppressed #171 표적탐지: 표적58 등 3개 발견
[0402-close] no active tracking assignment matched destroyed target (targetID=53, eventWatcher=4)
[0402-close] no active tracking assignment matched destroyed target (targetID=54, eventWatcher=6)
[0402-close] no active tracking assignment matched destroyed target (targetID=55, eventWatcher=4)
[0402-close] no active tracking assignment matched destroyed target (targetID=56, eventWatcher=5)
[0402-close] no active tracking assignment matched destroyed target (targetID=61, eventWatcher=6)
[0402] accumulated attack bundle prepared: count=3, targets=[58, 59, 57]
[0402] bundled target replan prepared: key=58-4, primaryTargetID=58, targets=[58, 59, 57]
[RQUEUE] duplicate suppressed #171 표적탐지: 표적58 등 3개 발견
[0402-close] no active tracking assignment matched destroyed target (targetID=53, eventWatcher=4)
[0402-close] no active tracking assignment matched destroyed target (targetID=54, eventWatcher=6)
[0402-close] no active tracking assignment matched destroyed target (targetID=55, eventWatcher=4)
[0402-close] no active tracking assignment matched destroyed target (targetID=56, eventWatcher=5)
[0402-close] no active tracking assignment matched destroyed target (targetID=61, eventWatcher=6)
[0402] accumulated attack bundle prepared: count=3, targets=[58, 59, 57]
[0402] bundled target replan prepared: key=58-4, primaryTargetID=58, targets=[58, 59, 57]
[RQUEUE] duplicate suppressed #171 표적탐지: 표적58 등 3개 발견
[0402-close] no active tracking assignment matched destroyed target (targetID=53, eventWatcher=4)
[0402-close] no active tracking assignment matched destroyed target (targetID=54, eventWatcher=6)
[0402-close] no active tracking assignment matched destroyed target (targetID=55, eventWatcher=4)
[0402-close] no active tracking assignment matched destroyed target (targetID=56, eventWatcher=5)
[0402-close] no active tracking assignment matched destroyed target (targetID=61, eventWatcher=6)
[0402] accumulated attack bundle prepared: count=3, targets=[58, 59, 57]
[0402] bundled target replan prepared: key=58-4, primaryTargetID=58, targets=[58, 59, 57]
[RQUEUE] duplicate suppressed #171 표적탐지: 표적58 등 3개 발견
[0702] ignore=2 -> apply missionPlanID=700000340, source=DSC
[0702] 공격 배제 선택 -> target bundle isIgnored=1 반영 (count=3)
[QUALITY] startup grace armed (missionPlanID=700000340, duration=10.0s)
[RQUEUE] completed #171 표적탐지: 표적58 등 3개 발견 (결과 수신, signal=0702, active_ms=33001)
[0402-close] no active tracking assignment matched destroyed target (targetID=53, eventWatcher=4)
[0402-close] no active tracking assignment matched destroyed target (targetID=54, eventWatcher=6)
[0402-close] no active tracking assignment matched destroyed target (targetID=55, eventWatcher=4)
[0402-close] no active tracking assignment matched destroyed target (targetID=56, eventWatcher=5)
[0402-close] no active tracking assignment matched destroyed target (targetID=59, eventWatcher=4)
[0402-close] no active tracking assignment matched destroyed target (targetID=60, eventWatcher=5)
[0402-close] no active tracking assignment matched destroyed target (targetID=61, eventWatcher=6)
[0402-close] no active tracking assignment matched destroyed target (targetID=62, eventWatcher=6)
[0402] new detections: 1
[0402] bundled target replan prepared: key=63-4, primaryTargetID=63, targets=[63]
[RQUEUE] queued #229 표적탐지: 표적63 발견 재계획
[RealTimeInferrer] Loading/Reloading Mission Plan: C:\Users\TRL98\Desktop\LAH_MUMT\Logs\Scenario_2026-05-21T085327\SBC3\MissionPlan\700000340.json
Updated Mission Context: torch.Size([384])
[0401] path-deviation trigger suppressed: within 3s after 0702 apply (remaining=2692ms)
[RQUEUE] dispatching #229 표적탐지: 표적63 발견 재계획
[0902] replan request sent (level=2, reason=표적63 발견 재계획, planIds=700000455, 700000456)
[RQUEUE] active #229 표적탐지: 표적63 발견 재계획
[RQUEUE] bundle targets marked used: count=1
[RQUEUE] signal 0305 -> #229 재계획 수행중
[0402-close] no active tracking assignment matched destroyed target (targetID=53, eventWatcher=4)
[0402-close] no active tracking assignment matched destroyed target (targetID=54, eventWatcher=6)
[0402-close] no active tracking assignment matched destroyed target (targetID=55, eventWatcher=4)
[0402-close] no active tracking assignment matched destroyed target (targetID=56, eventWatcher=5)
[0402-close] no active tracking assignment matched destroyed target (targetID=59, eventWatcher=4)
[0402-close] no active tracking assignment matched destroyed target (targetID=60, eventWatcher=5)
[0402-close] no active tracking assignment matched destroyed target (targetID=61, eventWatcher=6)
[0402-close] no active tracking assignment matched destroyed target (targetID=62, eventWatcher=6)
[0402-close] no active tracking assignment matched destroyed target (targetID=53, eventWatcher=4)
[0402-close] no active tracking assignment matched destroyed target (targetID=54, eventWatcher=6)
[0402-close] no active tracking assignment matched destroyed target (targetID=55, eventWatcher=4)
[0402-close] no active tracking assignment matched destroyed target (targetID=56, eventWatcher=5)
[0402-close] no active tracking assignment matched destroyed target (targetID=59, eventWatcher=4)
[0402-close] no active tracking assignment matched destroyed target (targetID=60, eventWatcher=5)
[0402-close] no active tracking assignment matched destroyed target (targetID=61, eventWatcher=6)
[0402-close] no active tracking assignment matched destroyed target (targetID=62, eventWatcher=6)
[0402-close] no active tracking assignment matched destroyed target (targetID=53, eventWatcher=4)
[0402-close] no active tracking assignment matched destroyed target (targetID=54, eventWatcher=6)
[0402-close] no active tracking assignment matched destroyed target (targetID=55, eventWatcher=4)
[0402-close] no active tracking assignment matched destroyed target (targetID=56, eventWatcher=5)
[0402-close] no active tracking assignment matched destroyed target (targetID=59, eventWatcher=4)
[0402-close] no active tracking assignment matched destroyed target (targetID=60, eventWatcher=5)
[0402-close] no active tracking assignment matched destroyed target (targetID=61, eventWatcher=6)
[0402-close] no active tracking assignment matched destroyed target (targetID=62, eventWatcher=6)
[0402-close] no active tracking assignment matched destroyed target (targetID=53, eventWatcher=4)
[0402-close] no active tracking assignment matched destroyed target (targetID=54, eventWatcher=6)
[0402-close] no active tracking assignment matched destroyed target (targetID=55, eventWatcher=4)
[0402-close] no active tracking assignment matched destroyed target (targetID=56, eventWatcher=5)
[0402-close] no active tracking assignment matched destroyed target (targetID=59, eventWatcher=4)
[0402-close] no active tracking assignment matched destroyed target (targetID=60, eventWatcher=5)
[0402-close] no active tracking assignment matched destroyed target (targetID=61, eventWatcher=6)
[0402-close] no active tracking assignment matched destroyed target (targetID=62, eventWatcher=6)
[0402] new detections: 1
[0402] accumulated attack bundle prepared: count=2, targets=[63, 64]
[0402] bundled target replan prepared: key=64-5, primaryTargetID=64, targets=[63, 64]
[RQUEUE] queued #230 표적탐지: 표적64 등 2개 발견
[RQUEUE] suppress_options set on active #229 (targetID=63): 추가 표적 감지로 옵션 생략 예정
[0402-close] no active tracking assignment matched destroyed target (targetID=53, eventWatcher=4)
[0402-close] no active tracking assignment matched destroyed target (targetID=54, eventWatcher=6)
[0402-close] no active tracking assignment matched destroyed target (targetID=55, eventWatcher=4)
[0402-close] no active tracking assignment matched destroyed target (targetID=56, eventWatcher=5)
[0402-close] no active tracking assignment matched destroyed target (targetID=59, eventWatcher=4)
[0402-close] no active tracking assignment matched destroyed target (targetID=60, eventWatcher=5)
[0402-close] no active tracking assignment matched destroyed target (targetID=61, eventWatcher=6)
[0402-close] no active tracking assignment matched destroyed target (targetID=62, eventWatcher=6)
[0402-close] no active tracking assignment matched destroyed target (targetID=53, eventWatcher=4)
[0402-close] no active tracking assignment matched destroyed target (targetID=54, eventWatcher=6)
[0402-close] no active tracking assignment matched destroyed target (targetID=55, eventWatcher=4)
[0402-close] no active tracking assignment matched destroyed target (targetID=56, eventWatcher=5)
[0402-close] no active tracking assignment matched destroyed target (targetID=59, eventWatcher=4)
[0402-close] no active tracking assignment matched destroyed target (targetID=60, eventWatcher=5)
[0402-close] no active tracking assignment matched destroyed target (targetID=61, eventWatcher=6)
[0402-close] no active tracking assignment matched destroyed target (targetID=62, eventWatcher=6)
[0402] new detections: 1
[0402] accumulated attack bundle prepared: count=3, targets=[63, 64, 65]
[0402] bundled target replan prepared: key=65-6, primaryTargetID=65, targets=[63, 64, 65]
[RQUEUE] merged queued #230 표적탐지: 표적65 등 3개 발견 (staleMerged=0)
[0402-close] no active tracking assignment matched destroyed target (targetID=53, eventWatcher=4)
[0402-close] no active tracking assignment matched destroyed target (targetID=54, eventWatcher=6)
[0402-close] no active tracking assignment matched destroyed target (targetID=55, eventWatcher=4)
[0402-close] no active tracking assignment matched destroyed target (targetID=56, eventWatcher=5)
[0402-close] no active tracking assignment matched destroyed target (targetID=59, eventWatcher=4)
[0402-close] no active tracking assignment matched destroyed target (targetID=60, eventWatcher=5)
[0402-close] no active tracking assignment matched destroyed target (targetID=61, eventWatcher=6)
[0402-close] no active tracking assignment matched destroyed target (targetID=62, eventWatcher=6)
[0402-close] no active tracking assignment matched destroyed target (targetID=53, eventWatcher=4)
[0402-close] no active tracking assignment matched destroyed target (targetID=54, eventWatcher=6)
[0402-close] no active tracking assignment matched destroyed target (targetID=55, eventWatcher=4)
[0402-close] no active tracking assignment matched destroyed target (targetID=56, eventWatcher=5)
[0402-close] no active tracking assignment matched destroyed target (targetID=59, eventWatcher=4)
[0402-close] no active tracking assignment matched destroyed target (targetID=60, eventWatcher=5)
[0402-close] no active tracking assignment matched destroyed target (targetID=61, eventWatcher=6)
[0402-close] no active tracking assignment matched destroyed target (targetID=62, eventWatcher=6)
[RQUEUE] completed #229 표적탐지: 표적63 발견 재계획 (옵션 생략(표적 추가), signal=0001, active_ms=7309)
[RQUEUE] dispatching #230 표적탐지: 표적65 등 3개 발견
[RQUEUE] pending attack slot assignment cleared for suppressed planIDs=700000455
[0902] replan request sent (level=2, reason=표적65 등 3개 발견, planIds=700000459, 700000460)
[RQUEUE] active #230 표적탐지: 표적65 등 3개 발견
[RQUEUE] bundle targets marked used: count=3
[0402-close] no active tracking assignment matched destroyed target (targetID=53, eventWatcher=4)
[0402-close] no active tracking assignment matched destroyed target (targetID=54, eventWatcher=6)
[0402-close] no active tracking assignment matched destroyed target (targetID=55, eventWatcher=4)
[0402-close] no active tracking assignment matched destroyed target (targetID=56, eventWatcher=5)
[0402-close] no active tracking assignment matched destroyed target (targetID=59, eventWatcher=4)
[0402-close] no active tracking assignment matched destroyed target (targetID=60, eventWatcher=5)
[0402-close] no active tracking assignment matched destroyed target (targetID=61, eventWatcher=6)
[0402-close] no active tracking assignment matched destroyed target (targetID=62, eventWatcher=6)
[RQUEUE] signal 0305 -> #230 재계획 수행중
[0402-close] no active tracking assignment matched destroyed target (targetID=53, eventWatcher=4)
[0402-close] no active tracking assignment matched destroyed target (targetID=54, eventWatcher=6)
[0402-close] no active tracking assignment matched destroyed target (targetID=55, eventWatcher=4)
[0402-close] no active tracking assignment matched destroyed target (targetID=56, eventWatcher=5)
[0402-close] no active tracking assignment matched destroyed target (targetID=59, eventWatcher=4)
[0402-close] no active tracking assignment matched destroyed target (targetID=60, eventWatcher=5)
[0402-close] no active tracking assignment matched destroyed target (targetID=61, eventWatcher=6)
[0402-close] no active tracking assignment matched destroyed target (targetID=62, eventWatcher=6)
[0402-close] no active tracking assignment matched destroyed target (targetID=53, eventWatcher=4)
[0402-close] no active tracking assignment matched destroyed target (targetID=54, eventWatcher=6)
[0402-close] no active tracking assignment matched destroyed target (targetID=55, eventWatcher=4)
[0402-close] no active tracking assignment matched destroyed target (targetID=56, eventWatcher=5)
[0402-close] no active tracking assignment matched destroyed target (targetID=59, eventWatcher=4)
[0402-close] no active tracking assignment matched destroyed target (targetID=60, eventWatcher=5)
[0402-close] no active tracking assignment matched destroyed target (targetID=61, eventWatcher=6)
[0402-close] no active tracking assignment matched destroyed target (targetID=62, eventWatcher=6)
[0402-close] no active tracking assignment matched destroyed target (targetID=53, eventWatcher=4)
[0402-close] no active tracking assignment matched destroyed target (targetID=54, eventWatcher=6)
[0402-close] no active tracking assignment matched destroyed target (targetID=55, eventWatcher=4)
[0402-close] no active tracking assignment matched destroyed target (targetID=56, eventWatcher=5)
[0402-close] no active tracking assignment matched destroyed target (targetID=59, eventWatcher=4)
[0402-close] no active tracking assignment matched destroyed target (targetID=60, eventWatcher=5)
[0402-close] no active tracking assignment matched destroyed target (targetID=61, eventWatcher=6)
[0402-close] no active tracking assignment matched destroyed target (targetID=62, eventWatcher=6)
[0402-close] no active tracking assignment matched destroyed target (targetID=53, eventWatcher=4)
[0402-close] no active tracking assignment matched destroyed target (targetID=54, eventWatcher=6)
[0402-close] no active tracking assignment matched destroyed target (targetID=55, eventWatcher=4)
[0402-close] no active tracking assignment matched destroyed target (targetID=56, eventWatcher=5)
[0402-close] no active tracking assignment matched destroyed target (targetID=59, eventWatcher=4)
[0402-close] no active tracking assignment matched destroyed target (targetID=60, eventWatcher=5)
[0402-close] no active tracking assignment matched destroyed target (targetID=61, eventWatcher=6)
[0402-close] no active tracking assignment matched destroyed target (targetID=62, eventWatcher=6)
[0402-close] no active tracking assignment matched destroyed target (targetID=53, eventWatcher=4)
[0402-close] no active tracking assignment matched destroyed target (targetID=54, eventWatcher=6)
[0402-close] no active tracking assignment matched destroyed target (targetID=55, eventWatcher=4)
[0402-close] no active tracking assignment matched destroyed target (targetID=56, eventWatcher=5)
[0402-close] no active tracking assignment matched destroyed target (targetID=59, eventWatcher=4)
[0402-close] no active tracking assignment matched destroyed target (targetID=60, eventWatcher=5)
[0402-close] no active tracking assignment matched destroyed target (targetID=61, eventWatcher=6)
[0402-close] no active tracking assignment matched destroyed target (targetID=62, eventWatcher=6)
[0402-close] no active tracking assignment matched destroyed target (targetID=53, eventWatcher=4)
[0402-close] no active tracking assignment matched destroyed target (targetID=54, eventWatcher=6)
[0402-close] no active tracking assignment matched destroyed target (targetID=55, eventWatcher=4)
[0402-close] no active tracking assignment matched destroyed target (targetID=56, eventWatcher=5)
[0402-close] no active tracking assignment matched destroyed target (targetID=59, eventWatcher=4)
[0402-close] no active tracking assignment matched destroyed target (targetID=60, eventWatcher=5)
[0402-close] no active tracking assignment matched destroyed target (targetID=61, eventWatcher=6)
[0402-close] no active tracking assignment matched destroyed target (targetID=62, eventWatcher=6)
[0402-close] no active tracking assignment matched destroyed target (targetID=53, eventWatcher=4)
[0402-close] no active tracking assignment matched destroyed target (targetID=54, eventWatcher=6)
[0402-close] no active tracking assignment matched destroyed target (targetID=55, eventWatcher=4)
[0402-close] no active tracking assignment matched destroyed target (targetID=56, eventWatcher=5)
[0402-close] no active tracking assignment matched destroyed target (targetID=59, eventWatcher=4)
[0402-close] no active tracking assignment matched destroyed target (targetID=60, eventWatcher=5)
[0402-close] no active tracking assignment matched destroyed target (targetID=61, eventWatcher=6)
[0402-close] no active tracking assignment matched destroyed target (targetID=62, eventWatcher=6)
[0402-close] no active tracking assignment matched destroyed target (targetID=53, eventWatcher=4)
[0402-close] no active tracking assignment matched destroyed target (targetID=54, eventWatcher=6)
[0402-close] no active tracking assignment matched destroyed target (targetID=55, eventWatcher=4)
[0402-close] no active tracking assignment matched destroyed target (targetID=56, eventWatcher=5)
[0402-close] no active tracking assignment matched destroyed target (targetID=59, eventWatcher=4)
[0402-close] no active tracking assignment matched destroyed target (targetID=60, eventWatcher=5)
[0402-close] no active tracking assignment matched destroyed target (targetID=61, eventWatcher=6)
[0402-close] no active tracking assignment matched destroyed target (targetID=62, eventWatcher=6)
[0402-close] no active tracking assignment matched destroyed target (targetID=53, eventWatcher=4)
[0402-close] no active tracking assignment matched destroyed target (targetID=54, eventWatcher=6)
[0402-close] no active tracking assignment matched destroyed target (targetID=55, eventWatcher=4)
[0402-close] no active tracking assignment matched destroyed target (targetID=56, eventWatcher=5)
[0402-close] no active tracking assignment matched destroyed target (targetID=59, eventWatcher=4)
[0402-close] no active tracking assignment matched destroyed target (targetID=60, eventWatcher=5)
[0402-close] no active tracking assignment matched destroyed target (targetID=61, eventWatcher=6)
[0402-close] no active tracking assignment matched destroyed target (targetID=62, eventWatcher=6)
[0402-close] no active tracking assignment matched destroyed target (targetID=53, eventWatcher=4)
[0402-close] no active tracking assignment matched destroyed target (targetID=54, eventWatcher=6)
[0402-close] no active tracking assignment matched destroyed target (targetID=55, eventWatcher=4)
[0402-close] no active tracking assignment matched destroyed target (targetID=56, eventWatcher=5)
[0402-close] no active tracking assignment matched destroyed target (targetID=59, eventWatcher=4)
[0402-close] no active tracking assignment matched destroyed target (targetID=60, eventWatcher=5)
[0402-close] no active tracking assignment matched destroyed target (targetID=61, eventWatcher=6)
[0402-close] no active tracking assignment matched destroyed target (targetID=62, eventWatcher=6)
[RQUEUE] signal 0701 -> #230 옵션 정보 전송
[RQUEUE] signal 0305 -> #230 재계획 산출 완료
[0402-close] no active tracking assignment matched destroyed target (targetID=53, eventWatcher=4)
[0402-close] no active tracking assignment matched destroyed target (targetID=54, eventWatcher=6)
[0402-close] no active tracking assignment matched destroyed target (targetID=55, eventWatcher=4)
[0402-close] no active tracking assignment matched destroyed target (targetID=56, eventWatcher=5)
[0402-close] no active tracking assignment matched destroyed target (targetID=59, eventWatcher=4)
[0402-close] no active tracking assignment matched destroyed target (targetID=60, eventWatcher=5)
[0402-close] no active tracking assignment matched destroyed target (targetID=61, eventWatcher=6)
[0402-close] no active tracking assignment matched destroyed target (targetID=62, eventWatcher=6)
[0402-close] no active tracking assignment matched destroyed target (targetID=53, eventWatcher=4)
[0402-close] no active tracking assignment matched destroyed target (targetID=54, eventWatcher=6)
[0402-close] no active tracking assignment matched destroyed target (targetID=55, eventWatcher=4)
[0402-close] no active tracking assignment matched destroyed target (targetID=56, eventWatcher=5)
[0402-close] no active tracking assignment matched destroyed target (targetID=59, eventWatcher=4)
[0402-close] no active tracking assignment matched destroyed target (targetID=60, eventWatcher=5)
[0402-close] no active tracking assignment matched destroyed target (targetID=61, eventWatcher=6)
[0402-close] no active tracking assignment matched destroyed target (targetID=62, eventWatcher=6)
[0402-close] no active tracking assignment matched destroyed target (targetID=53, eventWatcher=4)
[0402-close] no active tracking assignment matched destroyed target (targetID=54, eventWatcher=6)
[0402-close] no active tracking assignment matched destroyed target (targetID=55, eventWatcher=4)
[0402-close] no active tracking assignment matched destroyed target (targetID=56, eventWatcher=5)
[0402-close] no active tracking assignment matched destroyed target (targetID=59, eventWatcher=4)
[0402-close] no active tracking assignment matched destroyed target (targetID=60, eventWatcher=5)
[0402-close] no active tracking assignment matched destroyed target (targetID=61, eventWatcher=6)
[0402-close] no active tracking assignment matched destroyed target (targetID=62, eventWatcher=6)
[0402-close] no active tracking assignment matched destroyed target (targetID=53, eventWatcher=4)
[0402-close] no active tracking assignment matched destroyed target (targetID=54, eventWatcher=6)
[0402-close] no active tracking assignment matched destroyed target (targetID=55, eventWatcher=4)
[0402-close] no active tracking assignment matched destroyed target (targetID=56, eventWatcher=5)
[0402-close] no active tracking assignment matched destroyed target (targetID=59, eventWatcher=4)
[0402-close] no active tracking assignment matched destroyed target (targetID=60, eventWatcher=5)
[0402-close] no active tracking assignment matched destroyed target (targetID=61, eventWatcher=6)
[0402-close] no active tracking assignment matched destroyed target (targetID=62, eventWatcher=6)
[0402-close] no active tracking assignment matched destroyed target (targetID=53, eventWatcher=4)
[0402-close] no active tracking assignment matched destroyed target (targetID=54, eventWatcher=6)
[0402-close] no active tracking assignment matched destroyed target (targetID=55, eventWatcher=4)
[0402-close] no active tracking assignment matched destroyed target (targetID=56, eventWatcher=5)
[0402-close] no active tracking assignment matched destroyed target (targetID=59, eventWatcher=4)
[0402-close] no active tracking assignment matched destroyed target (targetID=60, eventWatcher=5)
[0402-close] no active tracking assignment matched destroyed target (targetID=61, eventWatcher=6)
[0402-close] no active tracking assignment matched destroyed target (targetID=62, eventWatcher=6)
[0402-close] no active tracking assignment matched destroyed target (targetID=53, eventWatcher=4)
[0402-close] no active tracking assignment matched destroyed target (targetID=54, eventWatcher=6)
[0402-close] no active tracking assignment matched destroyed target (targetID=55, eventWatcher=4)
[0402-close] no active tracking assignment matched destroyed target (targetID=56, eventWatcher=5)
[0402-close] no active tracking assignment matched destroyed target (targetID=59, eventWatcher=4)
[0402-close] no active tracking assignment matched destroyed target (targetID=60, eventWatcher=5)
[0402-close] no active tracking assignment matched destroyed target (targetID=61, eventWatcher=6)
[0402-close] no active tracking assignment matched destroyed target (targetID=62, eventWatcher=6)
[0402-close] no active tracking assignment matched destroyed target (targetID=53, eventWatcher=4)
[0402-close] no active tracking assignment matched destroyed target (targetID=54, eventWatcher=6)
[0402-close] no active tracking assignment matched destroyed target (targetID=55, eventWatcher=4)
[0402-close] no active tracking assignment matched destroyed target (targetID=56, eventWatcher=5)
[0402-close] no active tracking assignment matched destroyed target (targetID=59, eventWatcher=4)
[0402-close] no active tracking assignment matched destroyed target (targetID=60, eventWatcher=5)
[0402-close] no active tracking assignment matched destroyed target (targetID=61, eventWatcher=6)
[0402-close] no active tracking assignment matched destroyed target (targetID=62, eventWatcher=6)
[0402-close] no active tracking assignment matched destroyed target (targetID=53, eventWatcher=4)
[0402-close] no active tracking assignment matched destroyed target (targetID=54, eventWatcher=6)
[0402-close] no active tracking assignment matched destroyed target (targetID=55, eventWatcher=4)
[0402-close] no active tracking assignment matched destroyed target (targetID=56, eventWatcher=5)
[0402-close] no active tracking assignment matched destroyed target (targetID=59, eventWatcher=4)
[0402-close] no active tracking assignment matched destroyed target (targetID=60, eventWatcher=5)
[0402-close] no active tracking assignment matched destroyed target (targetID=61, eventWatcher=6)
[0402-close] no active tracking assignment matched destroyed target (targetID=62, eventWatcher=6)
[0402-close] no active tracking assignment matched destroyed target (targetID=53, eventWatcher=4)
[0402-close] no active tracking assignment matched destroyed target (targetID=54, eventWatcher=6)
[0402-close] no active tracking assignment matched destroyed target (targetID=55, eventWatcher=4)
[0402-close] no active tracking assignment matched destroyed target (targetID=56, eventWatcher=5)
[0402-close] no active tracking assignment matched destroyed target (targetID=59, eventWatcher=4)
[0402-close] no active tracking assignment matched destroyed target (targetID=60, eventWatcher=5)
[0402-close] no active tracking assignment matched destroyed target (targetID=61, eventWatcher=6)
[0402-close] no active tracking assignment matched destroyed target (targetID=62, eventWatcher=6)
[0402-close] no active tracking assignment matched destroyed target (targetID=53, eventWatcher=4)
[0402-close] no active tracking assignment matched destroyed target (targetID=54, eventWatcher=6)
[0402-close] no active tracking assignment matched destroyed target (targetID=55, eventWatcher=4)
[0402-close] no active tracking assignment matched destroyed target (targetID=56, eventWatcher=5)
[0402-close] no active tracking assignment matched destroyed target (targetID=59, eventWatcher=4)
[0402-close] no active tracking assignment matched destroyed target (targetID=60, eventWatcher=5)
[0402-close] no active tracking assignment matched destroyed target (targetID=61, eventWatcher=6)
[0402-close] no active tracking assignment matched destroyed target (targetID=62, eventWatcher=6)
[0402-close] no active tracking assignment matched destroyed target (targetID=53, eventWatcher=4)
[0402-close] no active tracking assignment matched destroyed target (targetID=54, eventWatcher=6)
[0402-close] no active tracking assignment matched destroyed target (targetID=55, eventWatcher=4)
[0402-close] no active tracking assignment matched destroyed target (targetID=56, eventWatcher=5)
[0402-close] no active tracking assignment matched destroyed target (targetID=59, eventWatcher=4)
[0402-close] no active tracking assignment matched destroyed target (targetID=60, eventWatcher=5)
[0402-close] no active tracking assignment matched destroyed target (targetID=61, eventWatcher=6)
[0402-close] no active tracking assignment matched destroyed target (targetID=62, eventWatcher=6)
[0402-close] no active tracking assignment matched destroyed target (targetID=53, eventWatcher=4)
[0402-close] no active tracking assignment matched destroyed target (targetID=54, eventWatcher=6)
[0402-close] no active tracking assignment matched destroyed target (targetID=55, eventWatcher=4)
[0402-close] no active tracking assignment matched destroyed target (targetID=56, eventWatcher=5)
[0402-close] no active tracking assignment matched destroyed target (targetID=59, eventWatcher=4)
[0402-close] no active tracking assignment matched destroyed target (targetID=60, eventWatcher=5)
[0402-close] no active tracking assignment matched destroyed target (targetID=61, eventWatcher=6)
[0402-close] no active tracking assignment matched destroyed target (targetID=62, eventWatcher=6)
[0402-close] no active tracking assignment matched destroyed target (targetID=53, eventWatcher=4)
[0402-close] no active tracking assignment matched destroyed target (targetID=54, eventWatcher=6)
[0402-close] no active tracking assignment matched destroyed target (targetID=55, eventWatcher=4)
[0402-close] no active tracking assignment matched destroyed target (targetID=56, eventWatcher=5)
[0402-close] no active tracking assignment matched destroyed target (targetID=59, eventWatcher=4)
[0402-close] no active tracking assignment matched destroyed target (targetID=60, eventWatcher=5)
[0402-close] no active tracking assignment matched destroyed target (targetID=61, eventWatcher=6)
[0402-close] no active tracking assignment matched destroyed target (targetID=62, eventWatcher=6)
[0402-close] no active tracking assignment matched destroyed target (targetID=53, eventWatcher=4)
[0402-close] no active tracking assignment matched destroyed target (targetID=54, eventWatcher=6)
[0402-close] no active tracking assignment matched destroyed target (targetID=55, eventWatcher=4)
[0402-close] no active tracking assignment matched destroyed target (targetID=56, eventWatcher=5)
[0402-close] no active tracking assignment matched destroyed target (targetID=59, eventWatcher=4)
[0402-close] no active tracking assignment matched destroyed target (targetID=60, eventWatcher=5)
[0402-close] no active tracking assignment matched destroyed target (targetID=61, eventWatcher=6)
[0402-close] no active tracking assignment matched destroyed target (targetID=62, eventWatcher=6)
[0402-close] no active tracking assignment matched destroyed target (targetID=53, eventWatcher=4)
[0402-close] no active tracking assignment matched destroyed target (targetID=54, eventWatcher=6)
[0402-close] no active tracking assignment matched destroyed target (targetID=55, eventWatcher=4)
[0402-close] no active tracking assignment matched destroyed target (targetID=56, eventWatcher=5)
[0402-close] no active tracking assignment matched destroyed target (targetID=59, eventWatcher=4)
[0402-close] no active tracking assignment matched destroyed target (targetID=60, eventWatcher=5)
[0402-close] no active tracking assignment matched destroyed target (targetID=61, eventWatcher=6)
[0402-close] no active tracking assignment matched destroyed target (targetID=62, eventWatcher=6)
[0402-close] no active tracking assignment matched destroyed target (targetID=53, eventWatcher=4)
[0402-close] no active tracking assignment matched destroyed target (targetID=54, eventWatcher=6)
[0402-close] no active tracking assignment matched destroyed target (targetID=55, eventWatcher=4)
[0402-close] no active tracking assignment matched destroyed target (targetID=56, eventWatcher=5)
[0402-close] no active tracking assignment matched destroyed target (targetID=59, eventWatcher=4)
[0402-close] no active tracking assignment matched destroyed target (targetID=60, eventWatcher=5)
[0402-close] no active tracking assignment matched destroyed target (targetID=61, eventWatcher=6)
[0402-close] no active tracking assignment matched destroyed target (targetID=62, eventWatcher=6)
[0402-close] no active tracking assignment matched destroyed target (targetID=53, eventWatcher=4)
[0402-close] no active tracking assignment matched destroyed target (targetID=54, eventWatcher=6)
[0402-close] no active tracking assignment matched destroyed target (targetID=55, eventWatcher=4)
[0402-close] no active tracking assignment matched destroyed target (targetID=56, eventWatcher=5)
[0402-close] no active tracking assignment matched destroyed target (targetID=59, eventWatcher=4)
[0402-close] no active tracking assignment matched destroyed target (targetID=60, eventWatcher=5)
[0402-close] no active tracking assignment matched destroyed target (targetID=61, eventWatcher=6)
[0402-close] no active tracking assignment matched destroyed target (targetID=62, eventWatcher=6)
[0402-close] no active tracking assignment matched destroyed target (targetID=53, eventWatcher=4)
[0402-close] no active tracking assignment matched destroyed target (targetID=54, eventWatcher=6)
[0402-close] no active tracking assignment matched destroyed target (targetID=55, eventWatcher=4)
[0402-close] no active tracking assignment matched destroyed target (targetID=56, eventWatcher=5)
[0402-close] no active tracking assignment matched destroyed target (targetID=59, eventWatcher=4)
[0402-close] no active tracking assignment matched destroyed target (targetID=60, eventWatcher=5)
[0402-close] no active tracking assignment matched destroyed target (targetID=61, eventWatcher=6)
[0402-close] no active tracking assignment matched destroyed target (targetID=62, eventWatcher=6)
[0402-close] no active tracking assignment matched destroyed target (targetID=53, eventWatcher=4)
[0402-close] no active tracking assignment matched destroyed target (targetID=54, eventWatcher=6)
[0402-close] no active tracking assignment matched destroyed target (targetID=55, eventWatcher=4)
[0402-close] no active tracking assignment matched destroyed target (targetID=56, eventWatcher=5)
[0402-close] no active tracking assignment matched destroyed target (targetID=59, eventWatcher=4)
[0402-close] no active tracking assignment matched destroyed target (targetID=60, eventWatcher=5)
[0402-close] no active tracking assignment matched destroyed target (targetID=61, eventWatcher=6)
[0402-close] no active tracking assignment matched destroyed target (targetID=62, eventWatcher=6)
[0402-close] no active tracking assignment matched destroyed target (targetID=53, eventWatcher=4)
[0402-close] no active tracking assignment matched destroyed target (targetID=54, eventWatcher=6)
[0402-close] no active tracking assignment matched destroyed target (targetID=55, eventWatcher=4)
[0402-close] no active tracking assignment matched destroyed target (targetID=56, eventWatcher=5)
[0402-close] no active tracking assignment matched destroyed target (targetID=59, eventWatcher=4)
[0402-close] no active tracking assignment matched destroyed target (targetID=60, eventWatcher=5)
[0402-close] no active tracking assignment matched destroyed target (targetID=61, eventWatcher=6)
[0402-close] no active tracking assignment matched destroyed target (targetID=62, eventWatcher=6)
[0402-close] no active tracking assignment matched destroyed target (targetID=53, eventWatcher=4)
[0402-close] no active tracking assignment matched destroyed target (targetID=54, eventWatcher=6)
[0402-close] no active tracking assignment matched destroyed target (targetID=55, eventWatcher=4)
[0402-close] no active tracking assignment matched destroyed target (targetID=56, eventWatcher=5)
[0402-close] no active tracking assignment matched destroyed target (targetID=59, eventWatcher=4)
[0402-close] no active tracking assignment matched destroyed target (targetID=60, eventWatcher=5)
[0402-close] no active tracking assignment matched destroyed target (targetID=61, eventWatcher=6)
[0402-close] no active tracking assignment matched destroyed target (targetID=62, eventWatcher=6)
[0402-close] no active tracking assignment matched destroyed target (targetID=53, eventWatcher=4)
[0402-close] no active tracking assignment matched destroyed target (targetID=54, eventWatcher=6)
[0402-close] no active tracking assignment matched destroyed target (targetID=55, eventWatcher=4)
[0402-close] no active tracking assignment matched destroyed target (targetID=56, eventWatcher=5)
[0402-close] no active tracking assignment matched destroyed target (targetID=59, eventWatcher=4)
[0402-close] no active tracking assignment matched destroyed target (targetID=60, eventWatcher=5)
[0402-close] no active tracking assignment matched destroyed target (targetID=61, eventWatcher=6)
[0402-close] no active tracking assignment matched destroyed target (targetID=62, eventWatcher=6)
[0402-close] no active tracking assignment matched destroyed target (targetID=53, eventWatcher=4)
[0402-close] no active tracking assignment matched destroyed target (targetID=54, eventWatcher=6)
[0402-close] no active tracking assignment matched destroyed target (targetID=55, eventWatcher=4)
[0402-close] no active tracking assignment matched destroyed target (targetID=56, eventWatcher=5)
[0402-close] no active tracking assignment matched destroyed target (targetID=59, eventWatcher=4)
[0402-close] no active tracking assignment matched destroyed target (targetID=60, eventWatcher=5)
[0402-close] no active tracking assignment matched destroyed target (targetID=61, eventWatcher=6)
[0402-close] no active tracking assignment matched destroyed target (targetID=62, eventWatcher=6)
[0402-close] no active tracking assignment matched destroyed target (targetID=53, eventWatcher=4)
[0402-close] no active tracking assignment matched destroyed target (targetID=54, eventWatcher=6)
[0402-close] no active tracking assignment matched destroyed target (targetID=55, eventWatcher=4)
[0402-close] no active tracking assignment matched destroyed target (targetID=56, eventWatcher=5)
[0402-close] no active tracking assignment matched destroyed target (targetID=59, eventWatcher=4)
[0402-close] no active tracking assignment matched destroyed target (targetID=60, eventWatcher=5)
[0402-close] no active tracking assignment matched destroyed target (targetID=61, eventWatcher=6)
[0402-close] no active tracking assignment matched destroyed target (targetID=62, eventWatcher=6)
[0402-close] no active tracking assignment matched destroyed target (targetID=53, eventWatcher=4)
[0402-close] no active tracking assignment matched destroyed target (targetID=54, eventWatcher=6)
[0402-close] no active tracking assignment matched destroyed target (targetID=55, eventWatcher=4)
[0402-close] no active tracking assignment matched destroyed target (targetID=56, eventWatcher=5)
[0402-close] no active tracking assignment matched destroyed target (targetID=59, eventWatcher=4)
[0402-close] no active tracking assignment matched destroyed target (targetID=60, eventWatcher=5)
[0402-close] no active tracking assignment matched destroyed target (targetID=61, eventWatcher=6)
[0402-close] no active tracking assignment matched destroyed target (targetID=62, eventWatcher=6)
[0402-close] no active tracking assignment matched destroyed target (targetID=53, eventWatcher=4)
[0402-close] no active tracking assignment matched destroyed target (targetID=54, eventWatcher=6)
[0402-close] no active tracking assignment matched destroyed target (targetID=55, eventWatcher=4)
[0402-close] no active tracking assignment matched destroyed target (targetID=56, eventWatcher=5)
[0402-close] no active tracking assignment matched destroyed target (targetID=59, eventWatcher=4)
[0402-close] no active tracking assignment matched destroyed target (targetID=60, eventWatcher=5)
[0402-close] no active tracking assignment matched destroyed target (targetID=61, eventWatcher=6)
[0402-close] no active tracking assignment matched destroyed target (targetID=62, eventWatcher=6)
[0402-close] no active tracking assignment matched destroyed target (targetID=53, eventWatcher=4)
[0402-close] no active tracking assignment matched destroyed target (targetID=54, eventWatcher=6)
[0402-close] no active tracking assignment matched destroyed target (targetID=55, eventWatcher=4)
[0402-close] no active tracking assignment matched destroyed target (targetID=56, eventWatcher=5)
[0402-close] no active tracking assignment matched destroyed target (targetID=59, eventWatcher=4)
[0402-close] no active tracking assignment matched destroyed target (targetID=60, eventWatcher=5)
[0402-close] no active tracking assignment matched destroyed target (targetID=61, eventWatcher=6)
[0402-close] no active tracking assignment matched destroyed target (targetID=62, eventWatcher=6)
[0402-close] no active tracking assignment matched destroyed target (targetID=53, eventWatcher=4)
[0402-close] no active tracking assignment matched destroyed target (targetID=54, eventWatcher=6)
[0402-close] no active tracking assignment matched destroyed target (targetID=55, eventWatcher=4)
[0402-close] no active tracking assignment matched destroyed target (targetID=56, eventWatcher=5)
[0402-close] no active tracking assignment matched destroyed target (targetID=59, eventWatcher=4)
[0402-close] no active tracking assignment matched destroyed target (targetID=60, eventWatcher=5)
[0402-close] no active tracking assignment matched destroyed target (targetID=61, eventWatcher=6)
[0402-close] no active tracking assignment matched destroyed target (targetID=62, eventWatcher=6)
[0402-close] no active tracking assignment matched destroyed target (targetID=53, eventWatcher=4)
[0402-close] no active tracking assignment matched destroyed target (targetID=54, eventWatcher=6)
[0402-close] no active tracking assignment matched destroyed target (targetID=55, eventWatcher=4)
[0402-close] no active tracking assignment matched destroyed target (targetID=56, eventWatcher=5)
[0402-close] no active tracking assignment matched destroyed target (targetID=59, eventWatcher=4)
[0402-close] no active tracking assignment matched destroyed target (targetID=60, eventWatcher=5)
[0402-close] no active tracking assignment matched destroyed target (targetID=61, eventWatcher=6)
[0402-close] no active tracking assignment matched destroyed target (targetID=62, eventWatcher=6)
[0402-close] no active tracking assignment matched destroyed target (targetID=53, eventWatcher=4)
[0402-close] no active tracking assignment matched destroyed target (targetID=54, eventWatcher=6)
[0402-close] no active tracking assignment matched destroyed target (targetID=55, eventWatcher=4)
[0402-close] no active tracking assignment matched destroyed target (targetID=56, eventWatcher=5)
[0402-close] no active tracking assignment matched destroyed target (targetID=59, eventWatcher=4)
[0402-close] no active tracking assignment matched destroyed target (targetID=60, eventWatcher=5)
[0402-close] no active tracking assignment matched destroyed target (targetID=61, eventWatcher=6)
[0402-close] no active tracking assignment matched destroyed target (targetID=62, eventWatcher=6)
[0402-close] no active tracking assignment matched destroyed target (targetID=53, eventWatcher=4)
[0402-close] no active tracking assignment matched destroyed target (targetID=54, eventWatcher=6)
[0402-close] no active tracking assignment matched destroyed target (targetID=55, eventWatcher=4)
[0402-close] no active tracking assignment matched destroyed target (targetID=56, eventWatcher=5)
[0402-close] no active tracking assignment matched destroyed target (targetID=59, eventWatcher=4)
[0402-close] no active tracking assignment matched destroyed target (targetID=60, eventWatcher=5)
[0402-close] no active tracking assignment matched destroyed target (targetID=61, eventWatcher=6)
[0402-close] no active tracking assignment matched destroyed target (targetID=62, eventWatcher=6)
[0402-close] no active tracking assignment matched destroyed target (targetID=53, eventWatcher=4)
[0402-close] no active tracking assignment matched destroyed target (targetID=54, eventWatcher=6)
[0402-close] no active tracking assignment matched destroyed target (targetID=55, eventWatcher=4)
[0402-close] no active tracking assignment matched destroyed target (targetID=56, eventWatcher=5)
[0402-close] no active tracking assignment matched destroyed target (targetID=59, eventWatcher=4)
[0402-close] no active tracking assignment matched destroyed target (targetID=60, eventWatcher=5)
[0402-close] no active tracking assignment matched destroyed target (targetID=61, eventWatcher=6)
[0402-close] no active tracking assignment matched destroyed target (targetID=62, eventWatcher=6)
[0402-close] no active tracking assignment matched destroyed target (targetID=53, eventWatcher=4)
[0402-close] no active tracking assignment matched destroyed target (targetID=54, eventWatcher=6)
[0402-close] no active tracking assignment matched destroyed target (targetID=55, eventWatcher=4)
[0402-close] no active tracking assignment matched destroyed target (targetID=56, eventWatcher=5)
[0402-close] no active tracking assignment matched destroyed target (targetID=59, eventWatcher=4)
[0402-close] no active tracking assignment matched destroyed target (targetID=60, eventWatcher=5)
[0402-close] no active tracking assignment matched destroyed target (targetID=61, eventWatcher=6)
[0402-close] no active tracking assignment matched destroyed target (targetID=62, eventWatcher=6)
[0402-close] no active tracking assignment matched destroyed target (targetID=53, eventWatcher=4)
[0402-close] no active tracking assignment matched destroyed target (targetID=54, eventWatcher=6)
[0402-close] no active tracking assignment matched destroyed target (targetID=55, eventWatcher=4)
[0402-close] no active tracking assignment matched destroyed target (targetID=56, eventWatcher=5)
[0402-close] no active tracking assignment matched destroyed target (targetID=59, eventWatcher=4)
[0402-close] no active tracking assignment matched destroyed target (targetID=60, eventWatcher=5)
[0402-close] no active tracking assignment matched destroyed target (targetID=61, eventWatcher=6)
[0402-close] no active tracking assignment matched destroyed target (targetID=62, eventWatcher=6)
[0402-close] no active tracking assignment matched destroyed target (targetID=53, eventWatcher=4)
[0402-close] no active tracking assignment matched destroyed target (targetID=54, eventWatcher=6)
[0402-close] no active tracking assignment matched destroyed target (targetID=55, eventWatcher=4)
[0402-close] no active tracking assignment matched destroyed target (targetID=56, eventWatcher=5)
[0402-close] no active tracking assignment matched destroyed target (targetID=59, eventWatcher=4)
[0402-close] no active tracking assignment matched destroyed target (targetID=60, eventWatcher=5)
[0402-close] no active tracking assignment matched destroyed target (targetID=61, eventWatcher=6)
[0402-close] no active tracking assignment matched destroyed target (targetID=62, eventWatcher=6)
[0402-close] no active tracking assignment matched destroyed target (targetID=53, eventWatcher=4)
[0402-close] no active tracking assignment matched destroyed target (targetID=54, eventWatcher=6)
[0402-close] no active tracking assignment matched destroyed target (targetID=55, eventWatcher=4)
[0402-close] no active tracking assignment matched destroyed target (targetID=56, eventWatcher=5)
[0402-close] no active tracking assignment matched destroyed target (targetID=59, eventWatcher=4)
[0402-close] no active tracking assignment matched destroyed target (targetID=60, eventWatcher=5)
[0402-close] no active tracking assignment matched destroyed target (targetID=61, eventWatcher=6)
[0402-close] no active tracking assignment matched destroyed target (targetID=62, eventWatcher=6)
[0402-close] no active tracking assignment matched destroyed target (targetID=53, eventWatcher=4)
[0402-close] no active tracking assignment matched destroyed target (targetID=54, eventWatcher=6)
[0402-close] no active tracking assignment matched destroyed target (targetID=55, eventWatcher=4)
[0402-close] no active tracking assignment matched destroyed target (targetID=56, eventWatcher=5)
[0402-close] no active tracking assignment matched destroyed target (targetID=59, eventWatcher=4)
[0402-close] no active tracking assignment matched destroyed target (targetID=60, eventWatcher=5)
[0402-close] no active tracking assignment matched destroyed target (targetID=61, eventWatcher=6)
[0402-close] no active tracking assignment matched destroyed target (targetID=62, eventWatcher=6)
[0402-close] no active tracking assignment matched destroyed target (targetID=53, eventWatcher=4)
[0402-close] no active tracking assignment matched destroyed target (targetID=54, eventWatcher=6)
[0402-close] no active tracking assignment matched destroyed target (targetID=55, eventWatcher=4)
[0402-close] no active tracking assignment matched destroyed target (targetID=56, eventWatcher=5)
[0402-close] no active tracking assignment matched destroyed target (targetID=59, eventWatcher=4)
[0402-close] no active tracking assignment matched destroyed target (targetID=60, eventWatcher=5)
[0402-close] no active tracking assignment matched destroyed target (targetID=61, eventWatcher=6)
[0402-close] no active tracking assignment matched destroyed target (targetID=62, eventWatcher=6)
[0402-close] no active tracking assignment matched destroyed target (targetID=53, eventWatcher=4)
[0402-close] no active tracking assignment matched destroyed target (targetID=54, eventWatcher=6)
[0402-close] no active tracking assignment matched destroyed target (targetID=55, eventWatcher=4)
[0402-close] no active tracking assignment matched destroyed target (targetID=56, eventWatcher=5)
[0402-close] no active tracking assignment matched destroyed target (targetID=59, eventWatcher=4)
[0402-close] no active tracking assignment matched destroyed target (targetID=60, eventWatcher=5)
[0402-close] no active tracking assignment matched destroyed target (targetID=61, eventWatcher=6)
[0402-close] no active tracking assignment matched destroyed target (targetID=62, eventWatcher=6)
[0402-close] no active tracking assignment matched destroyed target (targetID=53, eventWatcher=4)
[0402-close] no active tracking assignment matched destroyed target (targetID=54, eventWatcher=6)
[0402-close] no active tracking assignment matched destroyed target (targetID=55, eventWatcher=4)
[0402-close] no active tracking assignment matched destroyed target (targetID=56, eventWatcher=5)
[0402-close] no active tracking assignment matched destroyed target (targetID=59, eventWatcher=4)
[0402-close] no active tracking assignment matched destroyed target (targetID=60, eventWatcher=5)
[0402-close] no active tracking assignment matched destroyed target (targetID=61, eventWatcher=6)
[0402-close] no active tracking assignment matched destroyed target (targetID=62, eventWatcher=6)
[0402-close] no active tracking assignment matched destroyed target (targetID=53, eventWatcher=4)
[0402-close] no active tracking assignment matched destroyed target (targetID=54, eventWatcher=6)
[0402-close] no active tracking assignment matched destroyed target (targetID=55, eventWatcher=4)
[0402-close] no active tracking assignment matched destroyed target (targetID=56, eventWatcher=5)
[0402-close] no active tracking assignment matched destroyed target (targetID=59, eventWatcher=4)
[0402-close] no active tracking assignment matched destroyed target (targetID=60, eventWatcher=5)
[0402-close] no active tracking assignment matched destroyed target (targetID=61, eventWatcher=6)
[0402-close] no active tracking assignment matched destroyed target (targetID=62, eventWatcher=6)
[0402-close] no active tracking assignment matched destroyed target (targetID=53, eventWatcher=4)
[0402-close] no active tracking assignment matched destroyed target (targetID=54, eventWatcher=6)
[0402-close] no active tracking assignment matched destroyed target (targetID=55, eventWatcher=4)
[0402-close] no active tracking assignment matched destroyed target (targetID=56, eventWatcher=5)
[0402-close] no active tracking assignment matched destroyed target (targetID=59, eventWatcher=4)
[0402-close] no active tracking assignment matched destroyed target (targetID=60, eventWatcher=5)
[0402-close] no active tracking assignment matched destroyed target (targetID=61, eventWatcher=6)
[0402-close] no active tracking assignment matched destroyed target (targetID=62, eventWatcher=6)
[0402-close] no active tracking assignment matched destroyed target (targetID=53, eventWatcher=4)
[0402-close] no active tracking assignment matched destroyed target (targetID=54, eventWatcher=6)
[0402-close] no active tracking assignment matched destroyed target (targetID=55, eventWatcher=4)
[0402-close] no active tracking assignment matched destroyed target (targetID=56, eventWatcher=5)
[0402-close] no active tracking assignment matched destroyed target (targetID=59, eventWatcher=4)
[0402-close] no active tracking assignment matched destroyed target (targetID=60, eventWatcher=5)
[0402-close] no active tracking assignment matched destroyed target (targetID=61, eventWatcher=6)
[0402-close] no active tracking assignment matched destroyed target (targetID=62, eventWatcher=6)
[0402-close] no active tracking assignment matched destroyed target (targetID=53, eventWatcher=4)
[0402-close] no active tracking assignment matched destroyed target (targetID=54, eventWatcher=6)
[0402-close] no active tracking assignment matched destroyed target (targetID=55, eventWatcher=4)
[0402-close] no active tracking assignment matched destroyed target (targetID=56, eventWatcher=5)
[0402-close] no active tracking assignment matched destroyed target (targetID=59, eventWatcher=4)
[0402-close] no active tracking assignment matched destroyed target (targetID=60, eventWatcher=5)
[0402-close] no active tracking assignment matched destroyed target (targetID=61, eventWatcher=6)
[0402-close] no active tracking assignment matched destroyed target (targetID=62, eventWatcher=6)
[0402-close] no active tracking assignment matched destroyed target (targetID=53, eventWatcher=4)
[0402-close] no active tracking assignment matched destroyed target (targetID=54, eventWatcher=6)
[0402-close] no active tracking assignment matched destroyed target (targetID=55, eventWatcher=4)
[0402-close] no active tracking assignment matched destroyed target (targetID=56, eventWatcher=5)
[0402-close] no active tracking assignment matched destroyed target (targetID=59, eventWatcher=4)
[0402-close] no active tracking assignment matched destroyed target (targetID=60, eventWatcher=5)
[0402-close] no active tracking assignment matched destroyed target (targetID=61, eventWatcher=6)
[0402-close] no active tracking assignment matched destroyed target (targetID=62, eventWatcher=6)
[0402-close] no active tracking assignment matched destroyed target (targetID=53, eventWatcher=4)
[0402-close] no active tracking assignment matched destroyed target (targetID=54, eventWatcher=6)
[0402-close] no active tracking assignment matched destroyed target (targetID=55, eventWatcher=4)
[0402-close] no active tracking assignment matched destroyed target (targetID=56, eventWatcher=5)
[0402-close] no active tracking assignment matched destroyed target (targetID=59, eventWatcher=4)
[0402-close] no active tracking assignment matched destroyed target (targetID=60, eventWatcher=5)
[0402-close] no active tracking assignment matched destroyed target (targetID=61, eventWatcher=6)
[0402-close] no active tracking assignment matched destroyed target (targetID=62, eventWatcher=6)
[0402-close] no active tracking assignment matched destroyed target (targetID=53, eventWatcher=4)
[0402-close] no active tracking assignment matched destroyed target (targetID=54, eventWatcher=6)
[0402-close] no active tracking assignment matched destroyed target (targetID=55, eventWatcher=4)
[0402-close] no active tracking assignment matched destroyed target (targetID=56, eventWatcher=5)
[0402-close] no active tracking assignment matched destroyed target (targetID=59, eventWatcher=4)
[0402-close] no active tracking assignment matched destroyed target (targetID=60, eventWatcher=5)
[0402-close] no active tracking assignment matched destroyed target (targetID=61, eventWatcher=6)
[0402-close] no active tracking assignment matched destroyed target (targetID=62, eventWatcher=6)
[0402-close] no active tracking assignment matched destroyed target (targetID=53, eventWatcher=4)
[0402-close] no active tracking assignment matched destroyed target (targetID=54, eventWatcher=6)
[0402-close] no active tracking assignment matched destroyed target (targetID=55, eventWatcher=4)
[0402-close] no active tracking assignment matched destroyed target (targetID=56, eventWatcher=5)
[0402-close] no active tracking assignment matched destroyed target (targetID=59, eventWatcher=4)
[0402-close] no active tracking assignment matched destroyed target (targetID=60, eventWatcher=5)
[0402-close] no active tracking assignment matched destroyed target (targetID=61, eventWatcher=6)
[0402-close] no active tracking assignment matched destroyed target (targetID=62, eventWatcher=6)
[0402-close] no active tracking assignment matched destroyed target (targetID=53, eventWatcher=4)
[0402-close] no active tracking assignment matched destroyed target (targetID=54, eventWatcher=6)
[0402-close] no active tracking assignment matched destroyed target (targetID=55, eventWatcher=4)
[0402-close] no active tracking assignment matched destroyed target (targetID=56, eventWatcher=5)
[0402-close] no active tracking assignment matched destroyed target (targetID=59, eventWatcher=4)
[0402-close] no active tracking assignment matched destroyed target (targetID=60, eventWatcher=5)
[0402-close] no active tracking assignment matched destroyed target (targetID=61, eventWatcher=6)
[0402-close] no active tracking assignment matched destroyed target (targetID=62, eventWatcher=6)
[0402-close] no active tracking assignment matched destroyed target (targetID=53, eventWatcher=4)
[0402-close] no active tracking assignment matched destroyed target (targetID=54, eventWatcher=6)
[0402-close] no active tracking assignment matched destroyed target (targetID=55, eventWatcher=4)
[0402-close] no active tracking assignment matched destroyed target (targetID=56, eventWatcher=5)
[0402-close] no active tracking assignment matched destroyed target (targetID=59, eventWatcher=4)
[0402-close] no active tracking assignment matched destroyed target (targetID=60, eventWatcher=5)
[0402-close] no active tracking assignment matched destroyed target (targetID=61, eventWatcher=6)
[0402-close] no active tracking assignment matched destroyed target (targetID=62, eventWatcher=6)
[0402-close] no active tracking assignment matched destroyed target (targetID=53, eventWatcher=4)
[0402-close] no active tracking assignment matched destroyed target (targetID=54, eventWatcher=6)
[0402-close] no active tracking assignment matched destroyed target (targetID=55, eventWatcher=4)
[0402-close] no active tracking assignment matched destroyed target (targetID=56, eventWatcher=5)
[0402-close] no active tracking assignment matched destroyed target (targetID=59, eventWatcher=4)
[0402-close] no active tracking assignment matched destroyed target (targetID=60, eventWatcher=5)
[0402-close] no active tracking assignment matched destroyed target (targetID=61, eventWatcher=6)
[0402-close] no active tracking assignment matched destroyed target (targetID=62, eventWatcher=6)
[0402-close] no active tracking assignment matched destroyed target (targetID=53, eventWatcher=4)
[0402-close] no active tracking assignment matched destroyed target (targetID=54, eventWatcher=6)
[0402-close] no active tracking assignment matched destroyed target (targetID=55, eventWatcher=4)
[0402-close] no active tracking assignment matched destroyed target (targetID=56, eventWatcher=5)
[0402-close] no active tracking assignment matched destroyed target (targetID=59, eventWatcher=4)
[0402-close] no active tracking assignment matched destroyed target (targetID=60, eventWatcher=5)
[0402-close] no active tracking assignment matched destroyed target (targetID=61, eventWatcher=6)
[0402-close] no active tracking assignment matched destroyed target (targetID=62, eventWatcher=6)
[0402-close] no active tracking assignment matched destroyed target (targetID=53, eventWatcher=4)
[0402-close] no active tracking assignment matched destroyed target (targetID=54, eventWatcher=6)
[0402-close] no active tracking assignment matched destroyed target (targetID=55, eventWatcher=4)
[0402-close] no active tracking assignment matched destroyed target (targetID=56, eventWatcher=5)
[0402-close] no active tracking assignment matched destroyed target (targetID=59, eventWatcher=4)
[0402-close] no active tracking assignment matched destroyed target (targetID=60, eventWatcher=5)
[0402-close] no active tracking assignment matched destroyed target (targetID=61, eventWatcher=6)
[0402-close] no active tracking assignment matched destroyed target (targetID=62, eventWatcher=6)
[0402-close] no active tracking assignment matched destroyed target (targetID=53, eventWatcher=4)
[0402-close] no active tracking assignment matched destroyed target (targetID=54, eventWatcher=6)
[0402-close] no active tracking assignment matched destroyed target (targetID=55, eventWatcher=4)
[0402-close] no active tracking assignment matched destroyed target (targetID=56, eventWatcher=5)
[0402-close] no active tracking assignment matched destroyed target (targetID=59, eventWatcher=4)
[0402-close] no active tracking assignment matched destroyed target (targetID=60, eventWatcher=5)
[0402-close] no active tracking assignment matched destroyed target (targetID=61, eventWatcher=6)
[0402-close] no active tracking assignment matched destroyed target (targetID=62, eventWatcher=6)
[0402-close] no active tracking assignment matched destroyed target (targetID=53, eventWatcher=4)
[0402-close] no active tracking assignment matched destroyed target (targetID=54, eventWatcher=6)
[0402-close] no active tracking assignment matched destroyed target (targetID=55, eventWatcher=4)
[0402-close] no active tracking assignment matched destroyed target (targetID=56, eventWatcher=5)
[0402-close] no active tracking assignment matched destroyed target (targetID=59, eventWatcher=4)
[0402-close] no active tracking assignment matched destroyed target (targetID=60, eventWatcher=5)
[0402-close] no active tracking assignment matched destroyed target (targetID=61, eventWatcher=6)
[0402-close] no active tracking assignment matched destroyed target (targetID=62, eventWatcher=6)
[0402-close] no active tracking assignment matched destroyed target (targetID=53, eventWatcher=4)
[0402-close] no active tracking assignment matched destroyed target (targetID=54, eventWatcher=6)
[0402-close] no active tracking assignment matched destroyed target (targetID=55, eventWatcher=4)
[0402-close] no active tracking assignment matched destroyed target (targetID=56, eventWatcher=5)
[0402-close] no active tracking assignment matched destroyed target (targetID=59, eventWatcher=4)
[0402-close] no active tracking assignment matched destroyed target (targetID=60, eventWatcher=5)
[0402-close] no active tracking assignment matched destroyed target (targetID=61, eventWatcher=6)
[0402-close] no active tracking assignment matched destroyed target (targetID=62, eventWatcher=6)
[0402-close] no active tracking assignment matched destroyed target (targetID=53, eventWatcher=4)
[0402-close] no active tracking assignment matched destroyed target (targetID=54, eventWatcher=6)
[0402-close] no active tracking assignment matched destroyed target (targetID=55, eventWatcher=4)
[0402-close] no active tracking assignment matched destroyed target (targetID=56, eventWatcher=5)
[0402-close] no active tracking assignment matched destroyed target (targetID=59, eventWatcher=4)
[0402-close] no active tracking assignment matched destroyed target (targetID=60, eventWatcher=5)
[0402-close] no active tracking assignment matched destroyed target (targetID=61, eventWatcher=6)
[0402-close] no active tracking assignment matched destroyed target (targetID=62, eventWatcher=6)
[0402-close] no active tracking assignment matched destroyed target (targetID=53, eventWatcher=4)
[0402-close] no active tracking assignment matched destroyed target (targetID=54, eventWatcher=6)
[0402-close] no active tracking assignment matched destroyed target (targetID=55, eventWatcher=4)
[0402-close] no active tracking assignment matched destroyed target (targetID=56, eventWatcher=5)
[0402-close] no active tracking assignment matched destroyed target (targetID=59, eventWatcher=4)
[0402-close] no active tracking assignment matched destroyed target (targetID=60, eventWatcher=5)
[0402-close] no active tracking assignment matched destroyed target (targetID=61, eventWatcher=6)
[0402-close] no active tracking assignment matched destroyed target (targetID=62, eventWatcher=6)
[0402-close] no active tracking assignment matched destroyed target (targetID=53, eventWatcher=4)
[0402-close] no active tracking assignment matched destroyed target (targetID=54, eventWatcher=6)
[0402-close] no active tracking assignment matched destroyed target (targetID=55, eventWatcher=4)
[0402-close] no active tracking assignment matched destroyed target (targetID=56, eventWatcher=5)
[0402-close] no active tracking assignment matched destroyed target (targetID=59, eventWatcher=4)
[0402-close] no active tracking assignment matched destroyed target (targetID=60, eventWatcher=5)
[0402-close] no active tracking assignment matched destroyed target (targetID=61, eventWatcher=6)
[0402-close] no active tracking assignment matched destroyed target (targetID=62, eventWatcher=6)
[0402-close] no active tracking assignment matched destroyed target (targetID=53, eventWatcher=4)
[0402-close] no active tracking assignment matched destroyed target (targetID=54, eventWatcher=6)
[0402-close] no active tracking assignment matched destroyed target (targetID=55, eventWatcher=4)
[0402-close] no active tracking assignment matched destroyed target (targetID=56, eventWatcher=5)
[0402-close] no active tracking assignment matched destroyed target (targetID=59, eventWatcher=4)
[0402-close] no active tracking assignment matched destroyed target (targetID=60, eventWatcher=5)
[0402-close] no active tracking assignment matched destroyed target (targetID=61, eventWatcher=6)
[0402-close] no active tracking assignment matched destroyed target (targetID=62, eventWatcher=6)
[0402-close] no active tracking assignment matched destroyed target (targetID=53, eventWatcher=4)
[0402-close] no active tracking assignment matched destroyed target (targetID=54, eventWatcher=6)
[0402-close] no active tracking assignment matched destroyed target (targetID=55, eventWatcher=4)
[0402-close] no active tracking assignment matched destroyed target (targetID=56, eventWatcher=5)
[0402-close] no active tracking assignment matched destroyed target (targetID=59, eventWatcher=4)
[0402-close] no active tracking assignment matched destroyed target (targetID=60, eventWatcher=5)
[0402-close] no active tracking assignment matched destroyed target (targetID=61, eventWatcher=6)
[0402-close] no active tracking assignment matched destroyed target (targetID=62, eventWatcher=6)
[0402-close] no active tracking assignment matched destroyed target (targetID=53, eventWatcher=4)
[0402-close] no active tracking assignment matched destroyed target (targetID=54, eventWatcher=6)
[0402-close] no active tracking assignment matched destroyed target (targetID=55, eventWatcher=4)
[0402-close] no active tracking assignment matched destroyed target (targetID=56, eventWatcher=5)
[0402-close] no active tracking assignment matched destroyed target (targetID=59, eventWatcher=4)
[0402-close] no active tracking assignment matched destroyed target (targetID=60, eventWatcher=5)
[0402-close] no active tracking assignment matched destroyed target (targetID=61, eventWatcher=6)
[0402-close] no active tracking assignment matched destroyed target (targetID=62, eventWatcher=6)
[RQUEUE] completed #230 표적탐지: 표적65 등 3개 발견 (시간 초과, signal=timeout, active_ms=45450)
[0402-close] no active tracking assignment matched destroyed target (targetID=53, eventWatcher=4)
[0402-close] no active tracking assignment matched destroyed target (targetID=54, eventWatcher=6)
[0402-close] no active tracking assignment matched destroyed target (targetID=55, eventWatcher=4)
[0402-close] no active tracking assignment matched destroyed target (targetID=56, eventWatcher=5)
[0402-close] no active tracking assignment matched destroyed target (targetID=59, eventWatcher=4)
[0402-close] no active tracking assignment matched destroyed target (targetID=60, eventWatcher=5)
[0402-close] no active tracking assignment matched destroyed target (targetID=61, eventWatcher=6)
[0402-close] no active tracking assignment matched destroyed target (targetID=62, eventWatcher=6)
[0402-close] no active tracking assignment matched destroyed target (targetID=53, eventWatcher=4)
[0402-close] no active tracking assignment matched destroyed target (targetID=54, eventWatcher=6)
[0402-close] no active tracking assignment matched destroyed target (targetID=55, eventWatcher=4)
[0402-close] no active tracking assignment matched destroyed target (targetID=56, eventWatcher=5)
[0402-close] no active tracking assignment matched destroyed target (targetID=59, eventWatcher=4)
[0402-close] no active tracking assignment matched destroyed target (targetID=60, eventWatcher=5)
[0402-close] no active tracking assignment matched destroyed target (targetID=61, eventWatcher=6)
[0402-close] no active tracking assignment matched destroyed target (targetID=62, eventWatcher=6)
[0402-close] no active tracking assignment matched destroyed target (targetID=53, eventWatcher=4)
[0402-close] no active tracking assignment matched destroyed target (targetID=54, eventWatcher=6)
[0402-close] no active tracking assignment matched destroyed target (targetID=55, eventWatcher=4)
[0402-close] no active tracking assignment matched destroyed target (targetID=56, eventWatcher=5)
[0402-close] no active tracking assignment matched destroyed target (targetID=59, eventWatcher=4)
[0402-close] no active tracking assignment matched destroyed target (targetID=60, eventWatcher=5)
[0402-close] no active tracking assignment matched destroyed target (targetID=61, eventWatcher=6)
[0402-close] no active tracking assignment matched destroyed target (targetID=62, eventWatcher=6)
[0401TRACE] handler slow seq=1577 elapsed=0.349s ts=832639818816 states=6
[0402-close] no active tracking assignment matched destroyed target (targetID=53, eventWatcher=4)
[0402-close] no active tracking assignment matched destroyed target (targetID=54, eventWatcher=6)
[0402-close] no active tracking assignment matched destroyed target (targetID=55, eventWatcher=4)
[0402-close] no active tracking assignment matched destroyed target (targetID=56, eventWatcher=5)
[0402-close] no active tracking assignment matched destroyed target (targetID=59, eventWatcher=4)
[0402-close] no active tracking assignment matched destroyed target (targetID=60, eventWatcher=5)
[0402-close] no active tracking assignment matched destroyed target (targetID=61, eventWatcher=6)
[0402-close] no active tracking assignment matched destroyed target (targetID=62, eventWatcher=6)
[0402-close] no active tracking assignment matched destroyed target (targetID=53, eventWatcher=4)
[0402-close] no active tracking assignment matched destroyed target (targetID=54, eventWatcher=6)
[0402-close] no active tracking assignment matched destroyed target (targetID=55, eventWatcher=4)
[0402-close] no active tracking assignment matched destroyed target (targetID=56, eventWatcher=5)
[0402-close] no active tracking assignment matched destroyed target (targetID=59, eventWatcher=4)
[0402-close] no active tracking assignment matched destroyed target (targetID=60, eventWatcher=5)
[0402-close] no active tracking assignment matched destroyed target (targetID=61, eventWatcher=6)
[0402-close] no active tracking assignment matched destroyed target (targetID=62, eventWatcher=6)
[0402-close] no active tracking assignment matched destroyed target (targetID=53, eventWatcher=4)
[0402-close] no active tracking assignment matched destroyed target (targetID=54, eventWatcher=6)
[0402-close] no active tracking assignment matched destroyed target (targetID=55, eventWatcher=4)
[0402-close] no active tracking assignment matched destroyed target (targetID=56, eventWatcher=5)
[0402-close] no active tracking assignment matched destroyed target (targetID=59, eventWatcher=4)
[0402-close] no active tracking assignment matched destroyed target (targetID=60, eventWatcher=5)
[0402-close] no active tracking assignment matched destroyed target (targetID=61, eventWatcher=6)
[0402-close] no active tracking assignment matched destroyed target (targetID=62, eventWatcher=6)
[0402-close] no active tracking assignment matched destroyed target (targetID=53, eventWatcher=4)
[0402-close] no active tracking assignment matched destroyed target (targetID=54, eventWatcher=6)
[0402-close] no active tracking assignment matched destroyed target (targetID=55, eventWatcher=4)
[0402-close] no active tracking assignment matched destroyed target (targetID=56, eventWatcher=5)
[0402-close] no active tracking assignment matched destroyed target (targetID=59, eventWatcher=4)
[0402-close] no active tracking assignment matched destroyed target (targetID=60, eventWatcher=5)
[0402-close] no active tracking assignment matched destroyed target (targetID=61, eventWatcher=6)
[0402-close] no active tracking assignment matched destroyed target (targetID=62, eventWatcher=6)
[0402-close] no active tracking assignment matched destroyed target (targetID=53, eventWatcher=4)
[0402-close] no active tracking assignment matched destroyed target (targetID=54, eventWatcher=6)
[0402-close] no active tracking assignment matched destroyed target (targetID=55, eventWatcher=4)
[0402-close] no active tracking assignment matched destroyed target (targetID=56, eventWatcher=5)
[0402-close] no active tracking assignment matched destroyed target (targetID=59, eventWatcher=4)
[0402-close] no active tracking assignment matched destroyed target (targetID=60, eventWatcher=5)
[0402-close] no active tracking assignment matched destroyed target (targetID=61, eventWatcher=6)
[0402-close] no active tracking assignment matched destroyed target (targetID=62, eventWatcher=6)
[0402-close] no active tracking assignment matched destroyed target (targetID=53, eventWatcher=4)
[0402-close] no active tracking assignment matched destroyed target (targetID=54, eventWatcher=6)
[0402-close] no active tracking assignment matched destroyed target (targetID=55, eventWatcher=4)
[0402-close] no active tracking assignment matched destroyed target (targetID=56, eventWatcher=5)
[0402-close] no active tracking assignment matched destroyed target (targetID=59, eventWatcher=4)
[0402-close] no active tracking assignment matched destroyed target (targetID=60, eventWatcher=5)
[0402-close] no active tracking assignment matched destroyed target (targetID=61, eventWatcher=6)
[0402-close] no active tracking assignment matched destroyed target (targetID=62, eventWatcher=6)
[0402-close] no active tracking assignment matched destroyed target (targetID=53, eventWatcher=4)
[0402-close] no active tracking assignment matched destroyed target (targetID=54, eventWatcher=6)
[0402-close] no active tracking assignment matched destroyed target (targetID=55, eventWatcher=4)
[0402-close] no active tracking assignment matched destroyed target (targetID=56, eventWatcher=5)
[0402-close] no active tracking assignment matched destroyed target (targetID=59, eventWatcher=4)
[0402-close] no active tracking assignment matched destroyed target (targetID=60, eventWatcher=5)
[0402-close] no active tracking assignment matched destroyed target (targetID=61, eventWatcher=6)
[0402-close] no active tracking assignment matched destroyed target (targetID=62, eventWatcher=6)
[0402-close] no active tracking assignment matched destroyed target (targetID=53, eventWatcher=4)
[0402-close] no active tracking assignment matched destroyed target (targetID=54, eventWatcher=6)
[0402-close] no active tracking assignment matched destroyed target (targetID=55, eventWatcher=4)
[0402-close] no active tracking assignment matched destroyed target (targetID=56, eventWatcher=5)
[0402-close] no active tracking assignment matched destroyed target (targetID=59, eventWatcher=4)
[0402-close] no active tracking assignment matched destroyed target (targetID=60, eventWatcher=5)
[0402-close] no active tracking assignment matched destroyed target (targetID=61, eventWatcher=6)
[0402-close] no active tracking assignment matched destroyed target (targetID=62, eventWatcher=6)
[0402-close] no active tracking assignment matched destroyed target (targetID=53, eventWatcher=4)
[0402-close] no active tracking assignment matched destroyed target (targetID=54, eventWatcher=6)
[0402-close] no active tracking assignment matched destroyed target (targetID=55, eventWatcher=4)
[0402-close] no active tracking assignment matched destroyed target (targetID=56, eventWatcher=5)
[0402-close] no active tracking assignment matched destroyed target (targetID=59, eventWatcher=4)
[0402-close] no active tracking assignment matched destroyed target (targetID=60, eventWatcher=5)
[0402-close] no active tracking assignment matched destroyed target (targetID=61, eventWatcher=6)
[0402-close] no active tracking assignment matched destroyed target (targetID=62, eventWatcher=6)
[0402-close] no active tracking assignment matched destroyed target (targetID=53, eventWatcher=4)
[0402-close] no active tracking assignment matched destroyed target (targetID=54, eventWatcher=6)
[0402-close] no active tracking assignment matched destroyed target (targetID=55, eventWatcher=4)
[0402-close] no active tracking assignment matched destroyed target (targetID=56, eventWatcher=5)
[0402-close] no active tracking assignment matched destroyed target (targetID=59, eventWatcher=4)
[0402-close] no active tracking assignment matched destroyed target (targetID=60, eventWatcher=5)
[0402-close] no active tracking assignment matched destroyed target (targetID=61, eventWatcher=6)
[0402-close] no active tracking assignment matched destroyed target (targetID=62, eventWatcher=6)
[0402-close] no active tracking assignment matched destroyed target (targetID=53, eventWatcher=4)
[0402-close] no active tracking assignment matched destroyed target (targetID=54, eventWatcher=6)
[0402-close] no active tracking assignment matched destroyed target (targetID=55, eventWatcher=4)
[0402-close] no active tracking assignment matched destroyed target (targetID=56, eventWatcher=5)
[0402-close] no active tracking assignment matched destroyed target (targetID=59, eventWatcher=4)
[0402-close] no active tracking assignment matched destroyed target (targetID=60, eventWatcher=5)
[0402-close] no active tracking assignment matched destroyed target (targetID=61, eventWatcher=6)
[0402-close] no active tracking assignment matched destroyed target (targetID=62, eventWatcher=6)
[0402-close] no active tracking assignment matched destroyed target (targetID=53, eventWatcher=4)
[0402-close] no active tracking assignment matched destroyed target (targetID=54, eventWatcher=6)
[0402-close] no active tracking assignment matched destroyed target (targetID=55, eventWatcher=4)
[0402-close] no active tracking assignment matched destroyed target (targetID=56, eventWatcher=5)
[0402-close] no active tracking assignment matched destroyed target (targetID=59, eventWatcher=4)
[0402-close] no active tracking assignment matched destroyed target (targetID=60, eventWatcher=5)
[0402-close] no active tracking assignment matched destroyed target (targetID=61, eventWatcher=6)
[0402-close] no active tracking assignment matched destroyed target (targetID=62, eventWatcher=6)
[0402-close] no active tracking assignment matched destroyed target (targetID=53, eventWatcher=4)
[0402-close] no active tracking assignment matched destroyed target (targetID=54, eventWatcher=6)
[0402-close] no active tracking assignment matched destroyed target (targetID=55, eventWatcher=4)
[0402-close] no active tracking assignment matched destroyed target (targetID=56, eventWatcher=5)
[0402-close] no active tracking assignment matched destroyed target (targetID=59, eventWatcher=4)
[0402-close] no active tracking assignment matched destroyed target (targetID=60, eventWatcher=5)
[0402-close] no active tracking assignment matched destroyed target (targetID=61, eventWatcher=6)
[0402-close] no active tracking assignment matched destroyed target (targetID=62, eventWatcher=6)
[0402-close] no active tracking assignment matched destroyed target (targetID=53, eventWatcher=4)
[0402-close] no active tracking assignment matched destroyed target (targetID=54, eventWatcher=6)
[0402-close] no active tracking assignment matched destroyed target (targetID=55, eventWatcher=4)
[0402-close] no active tracking assignment matched destroyed target (targetID=56, eventWatcher=5)
[0402-close] no active tracking assignment matched destroyed target (targetID=59, eventWatcher=4)
[0402-close] no active tracking assignment matched destroyed target (targetID=60, eventWatcher=5)
[0402-close] no active tracking assignment matched destroyed target (targetID=61, eventWatcher=6)
[0402-close] no active tracking assignment matched destroyed target (targetID=62, eventWatcher=6)
[0402-close] no active tracking assignment matched destroyed target (targetID=53, eventWatcher=4)
[0402-close] no active tracking assignment matched destroyed target (targetID=54, eventWatcher=6)
[0402-close] no active tracking assignment matched destroyed target (targetID=55, eventWatcher=4)
[0402-close] no active tracking assignment matched destroyed target (targetID=56, eventWatcher=5)
[0402-close] no active tracking assignment matched destroyed target (targetID=59, eventWatcher=4)
[0402-close] no active tracking assignment matched destroyed target (targetID=60, eventWatcher=5)
[0402-close] no active tracking assignment matched destroyed target (targetID=61, eventWatcher=6)
[0402-close] no active tracking assignment matched destroyed target (targetID=62, eventWatcher=6)
[0402-close] no active tracking assignment matched destroyed target (targetID=53, eventWatcher=4)
[0402-close] no active tracking assignment matched destroyed target (targetID=54, eventWatcher=6)
[0402-close] no active tracking assignment matched destroyed target (targetID=55, eventWatcher=4)
[0402-close] no active tracking assignment matched destroyed target (targetID=56, eventWatcher=5)
[0402-close] no active tracking assignment matched destroyed target (targetID=59, eventWatcher=4)
[0402-close] no active tracking assignment matched destroyed target (targetID=60, eventWatcher=5)
[0402-close] no active tracking assignment matched destroyed target (targetID=61, eventWatcher=6)
[0402-close] no active tracking assignment matched destroyed target (targetID=62, eventWatcher=6)
[0402-close] no active tracking assignment matched destroyed target (targetID=53, eventWatcher=4)
[0402-close] no active tracking assignment matched destroyed target (targetID=54, eventWatcher=6)
[0402-close] no active tracking assignment matched destroyed target (targetID=55, eventWatcher=4)
[0402-close] no active tracking assignment matched destroyed target (targetID=56, eventWatcher=5)
[0402-close] no active tracking assignment matched destroyed target (targetID=59, eventWatcher=4)
[0402-close] no active tracking assignment matched destroyed target (targetID=60, eventWatcher=5)
[0402-close] no active tracking assignment matched destroyed target (targetID=61, eventWatcher=6)
[0402-close] no active tracking assignment matched destroyed target (targetID=62, eventWatcher=6)
[0402-close] no active tracking assignment matched destroyed target (targetID=53, eventWatcher=4)
[0402-close] no active tracking assignment matched destroyed target (targetID=54, eventWatcher=6)
[0402-close] no active tracking assignment matched destroyed target (targetID=55, eventWatcher=4)
[0402-close] no active tracking assignment matched destroyed target (targetID=56, eventWatcher=5)
[0402-close] no active tracking assignment matched destroyed target (targetID=59, eventWatcher=4)
[0402-close] no active tracking assignment matched destroyed target (targetID=60, eventWatcher=5)
[0402-close] no active tracking assignment matched destroyed target (targetID=61, eventWatcher=6)
[0402-close] no active tracking assignment matched destroyed target (targetID=62, eventWatcher=6)
[0402-close] no active tracking assignment matched destroyed target (targetID=53, eventWatcher=4)
[0402-close] no active tracking assignment matched destroyed target (targetID=54, eventWatcher=6)
[0402-close] no active tracking assignment matched destroyed target (targetID=55, eventWatcher=4)
[0402-close] no active tracking assignment matched destroyed target (targetID=56, eventWatcher=5)
[0402-close] no active tracking assignment matched destroyed target (targetID=59, eventWatcher=4)
[0402-close] no active tracking assignment matched destroyed target (targetID=60, eventWatcher=5)
[0402-close] no active tracking assignment matched destroyed target (targetID=61, eventWatcher=6)
[0402-close] no active tracking assignment matched destroyed target (targetID=62, eventWatcher=6)
[0402-close] no active tracking assignment matched destroyed target (targetID=53, eventWatcher=4)
[0402-close] no active tracking assignment matched destroyed target (targetID=54, eventWatcher=6)
[0402-close] no active tracking assignment matched destroyed target (targetID=55, eventWatcher=4)
[0402-close] no active tracking assignment matched destroyed target (targetID=56, eventWatcher=5)
[0402-close] no active tracking assignment matched destroyed target (targetID=59, eventWatcher=4)
[0402-close] no active tracking assignment matched destroyed target (targetID=60, eventWatcher=5)
[0402-close] no active tracking assignment matched destroyed target (targetID=61, eventWatcher=6)
[0402-close] no active tracking assignment matched destroyed target (targetID=62, eventWatcher=6)
[0402-close] no active tracking assignment matched destroyed target (targetID=53, eventWatcher=4)
[0402-close] no active tracking assignment matched destroyed target (targetID=54, eventWatcher=6)
[0402-close] no active tracking assignment matched destroyed target (targetID=55, eventWatcher=4)
[0402-close] no active tracking assignment matched destroyed target (targetID=56, eventWatcher=5)
[0402-close] no active tracking assignment matched destroyed target (targetID=59, eventWatcher=4)
[0402-close] no active tracking assignment matched destroyed target (targetID=60, eventWatcher=5)
[0402-close] no active tracking assignment matched destroyed target (targetID=61, eventWatcher=6)
[0402-close] no active tracking assignment matched destroyed target (targetID=62, eventWatcher=6)
[0402-close] no active tracking assignment matched destroyed target (targetID=53, eventWatcher=4)
[0402-close] no active tracking assignment matched destroyed target (targetID=54, eventWatcher=6)
[0402-close] no active tracking assignment matched destroyed target (targetID=55, eventWatcher=4)
[0402-close] no active tracking assignment matched destroyed target (targetID=56, eventWatcher=5)
[0402-close] no active tracking assignment matched destroyed target (targetID=59, eventWatcher=4)
[0402-close] no active tracking assignment matched destroyed target (targetID=60, eventWatcher=5)
[0402-close] no active tracking assignment matched destroyed target (targetID=61, eventWatcher=6)
[0402-close] no active tracking assignment matched destroyed target (targetID=62, eventWatcher=6)
[0402-close] no active tracking assignment matched destroyed target (targetID=53, eventWatcher=4)
[0402-close] no active tracking assignment matched destroyed target (targetID=54, eventWatcher=6)
[0402-close] no active tracking assignment matched destroyed target (targetID=55, eventWatcher=4)
[0402-close] no active tracking assignment matched destroyed target (targetID=56, eventWatcher=5)
[0402-close] no active tracking assignment matched destroyed target (targetID=59, eventWatcher=4)
[0402-close] no active tracking assignment matched destroyed target (targetID=60, eventWatcher=5)
[0402-close] no active tracking assignment matched destroyed target (targetID=61, eventWatcher=6)
[0402-close] no active tracking assignment matched destroyed target (targetID=62, eventWatcher=6)
[0402-close] no active tracking assignment matched destroyed target (targetID=53, eventWatcher=4)
[0402-close] no active tracking assignment matched destroyed target (targetID=54, eventWatcher=6)
[0402-close] no active tracking assignment matched destroyed target (targetID=55, eventWatcher=4)
[0402-close] no active tracking assignment matched destroyed target (targetID=56, eventWatcher=5)
[0402-close] no active tracking assignment matched destroyed target (targetID=59, eventWatcher=4)
[0402-close] no active tracking assignment matched destroyed target (targetID=60, eventWatcher=5)
[0402-close] no active tracking assignment matched destroyed target (targetID=61, eventWatcher=6)
[0402-close] no active tracking assignment matched destroyed target (targetID=62, eventWatcher=6)
[0402-close] no active tracking assignment matched destroyed target (targetID=53, eventWatcher=4)
[0402-close] no active tracking assignment matched destroyed target (targetID=54, eventWatcher=6)
[0402-close] no active tracking assignment matched destroyed target (targetID=55, eventWatcher=4)
[0402-close] no active tracking assignment matched destroyed target (targetID=56, eventWatcher=5)
[0402-close] no active tracking assignment matched destroyed target (targetID=59, eventWatcher=4)
[0402-close] no active tracking assignment matched destroyed target (targetID=60, eventWatcher=5)
[0402-close] no active tracking assignment matched destroyed target (targetID=61, eventWatcher=6)
[0402-close] no active tracking assignment matched destroyed target (targetID=62, eventWatcher=6)
[0402-close] no active tracking assignment matched destroyed target (targetID=53, eventWatcher=4)
[0402-close] no active tracking assignment matched destroyed target (targetID=54, eventWatcher=6)
[0402-close] no active tracking assignment matched destroyed target (targetID=55, eventWatcher=4)
[0402-close] no active tracking assignment matched destroyed target (targetID=56, eventWatcher=5)
[0402-close] no active tracking assignment matched destroyed target (targetID=59, eventWatcher=4)
[0402-close] no active tracking assignment matched destroyed target (targetID=60, eventWatcher=5)
[0402-close] no active tracking assignment matched destroyed target (targetID=61, eventWatcher=6)
[0402-close] no active tracking assignment matched destroyed target (targetID=62, eventWatcher=6)
[0402-close] no active tracking assignment matched destroyed target (targetID=53, eventWatcher=4)
[0402-close] no active tracking assignment matched destroyed target (targetID=54, eventWatcher=6)
[0402-close] no active tracking assignment matched destroyed target (targetID=55, eventWatcher=4)
[0402-close] no active tracking assignment matched destroyed target (targetID=56, eventWatcher=5)
[0402-close] no active tracking assignment matched destroyed target (targetID=59, eventWatcher=4)
[0402-close] no active tracking assignment matched destroyed target (targetID=60, eventWatcher=5)
[0402-close] no active tracking assignment matched destroyed target (targetID=61, eventWatcher=6)
[0402-close] no active tracking assignment matched destroyed target (targetID=62, eventWatcher=6)
[0402-close] no active tracking assignment matched destroyed target (targetID=53, eventWatcher=4)
[0402-close] no active tracking assignment matched destroyed target (targetID=54, eventWatcher=6)
[0402-close] no active tracking assignment matched destroyed target (targetID=55, eventWatcher=4)
[0402-close] no active tracking assignment matched destroyed target (targetID=56, eventWatcher=5)
[0402-close] no active tracking assignment matched destroyed target (targetID=59, eventWatcher=4)
[0402-close] no active tracking assignment matched destroyed target (targetID=60, eventWatcher=5)
[0402-close] no active tracking assignment matched destroyed target (targetID=61, eventWatcher=6)
[0402-close] no active tracking assignment matched destroyed target (targetID=62, eventWatcher=6)
[0402-close] no active tracking assignment matched destroyed target (targetID=53, eventWatcher=4)
[0402-close] no active tracking assignment matched destroyed target (targetID=54, eventWatcher=6)
[0402-close] no active tracking assignment matched destroyed target (targetID=55, eventWatcher=4)
[0402-close] no active tracking assignment matched destroyed target (targetID=56, eventWatcher=5)
[0402-close] no active tracking assignment matched destroyed target (targetID=59, eventWatcher=4)
[0402-close] no active tracking assignment matched destroyed target (targetID=60, eventWatcher=5)
[0402-close] no active tracking assignment matched destroyed target (targetID=61, eventWatcher=6)
[0402-close] no active tracking assignment matched destroyed target (targetID=62, eventWatcher=6)
[0402-close] no active tracking assignment matched destroyed target (targetID=53, eventWatcher=4)
[0402-close] no active tracking assignment matched destroyed target (targetID=54, eventWatcher=6)
[0402-close] no active tracking assignment matched destroyed target (targetID=55, eventWatcher=4)
[0402-close] no active tracking assignment matched destroyed target (targetID=56, eventWatcher=5)
[0402-close] no active tracking assignment matched destroyed target (targetID=59, eventWatcher=4)
[0402-close] no active tracking assignment matched destroyed target (targetID=60, eventWatcher=5)
[0402-close] no active tracking assignment matched destroyed target (targetID=61, eventWatcher=6)
[0402-close] no active tracking assignment matched destroyed target (targetID=62, eventWatcher=6)
[0402-close] no active tracking assignment matched destroyed target (targetID=53, eventWatcher=4)
[0402-close] no active tracking assignment matched destroyed target (targetID=54, eventWatcher=6)
[0402-close] no active tracking assignment matched destroyed target (targetID=55, eventWatcher=4)
[0402-close] no active tracking assignment matched destroyed target (targetID=56, eventWatcher=5)
[0402-close] no active tracking assignment matched destroyed target (targetID=59, eventWatcher=4)
[0402-close] no active tracking assignment matched destroyed target (targetID=60, eventWatcher=5)
[0402-close] no active tracking assignment matched destroyed target (targetID=61, eventWatcher=6)
[0402-close] no active tracking assignment matched destroyed target (targetID=62, eventWatcher=6)
[0402-close] no active tracking assignment matched destroyed target (targetID=53, eventWatcher=4)
[0402-close] no active tracking assignment matched destroyed target (targetID=54, eventWatcher=6)
[0402-close] no active tracking assignment matched destroyed target (targetID=55, eventWatcher=4)
[0402-close] no active tracking assignment matched destroyed target (targetID=56, eventWatcher=5)
[0402-close] no active tracking assignment matched destroyed target (targetID=59, eventWatcher=4)
[0402-close] no active tracking assignment matched destroyed target (targetID=60, eventWatcher=5)
[0402-close] no active tracking assignment matched destroyed target (targetID=61, eventWatcher=6)
[0402-close] no active tracking assignment matched destroyed target (targetID=62, eventWatcher=6)
[0402-close] no active tracking assignment matched destroyed target (targetID=53, eventWatcher=4)
[0402-close] no active tracking assignment matched destroyed target (targetID=54, eventWatcher=6)
[0402-close] no active tracking assignment matched destroyed target (targetID=55, eventWatcher=4)
[0402-close] no active tracking assignment matched destroyed target (targetID=56, eventWatcher=5)
[0402-close] no active tracking assignment matched destroyed target (targetID=59, eventWatcher=4)
[0402-close] no active tracking assignment matched destroyed target (targetID=60, eventWatcher=5)
[0402-close] no active tracking assignment matched destroyed target (targetID=61, eventWatcher=6)
[0402-close] no active tracking assignment matched destroyed target (targetID=62, eventWatcher=6)
[0402-close] no active tracking assignment matched destroyed target (targetID=53, eventWatcher=4)
[0402-close] no active tracking assignment matched destroyed target (targetID=54, eventWatcher=6)
[0402-close] no active tracking assignment matched destroyed target (targetID=55, eventWatcher=4)
[0402-close] no active tracking assignment matched destroyed target (targetID=56, eventWatcher=5)
[0402-close] no active tracking assignment matched destroyed target (targetID=59, eventWatcher=4)
[0402-close] no active tracking assignment matched destroyed target (targetID=60, eventWatcher=5)
[0402-close] no active tracking assignment matched destroyed target (targetID=61, eventWatcher=6)
[0402-close] no active tracking assignment matched destroyed target (targetID=62, eventWatcher=6)
[0402-close] no active tracking assignment matched destroyed target (targetID=53, eventWatcher=4)
[0402-close] no active tracking assignment matched destroyed target (targetID=54, eventWatcher=6)
[0402-close] no active tracking assignment matched destroyed target (targetID=55, eventWatcher=4)
[0402-close] no active tracking assignment matched destroyed target (targetID=56, eventWatcher=5)
[0402-close] no active tracking assignment matched destroyed target (targetID=59, eventWatcher=4)
[0402-close] no active tracking assignment matched destroyed target (targetID=60, eventWatcher=5)
[0402-close] no active tracking assignment matched destroyed target (targetID=61, eventWatcher=6)
[0402-close] no active tracking assignment matched destroyed target (targetID=62, eventWatcher=6)
[0402-close] no active tracking assignment matched destroyed target (targetID=53, eventWatcher=4)
[0402-close] no active tracking assignment matched destroyed target (targetID=54, eventWatcher=6)
[0402-close] no active tracking assignment matched destroyed target (targetID=55, eventWatcher=4)
[0402-close] no active tracking assignment matched destroyed target (targetID=56, eventWatcher=5)
[0402-close] no active tracking assignment matched destroyed target (targetID=59, eventWatcher=4)
[0402-close] no active tracking assignment matched destroyed target (targetID=60, eventWatcher=5)
[0402-close] no active tracking assignment matched destroyed target (targetID=61, eventWatcher=6)
[0402-close] no active tracking assignment matched destroyed target (targetID=62, eventWatcher=6)
[0402-close] no active tracking assignment matched destroyed target (targetID=53, eventWatcher=4)
[0402-close] no active tracking assignment matched destroyed target (targetID=54, eventWatcher=6)
[0402-close] no active tracking assignment matched destroyed target (targetID=55, eventWatcher=4)
[0402-close] no active tracking assignment matched destroyed target (targetID=56, eventWatcher=5)
[0402-close] no active tracking assignment matched destroyed target (targetID=59, eventWatcher=4)
[0402-close] no active tracking assignment matched destroyed target (targetID=60, eventWatcher=5)
[0402-close] no active tracking assignment matched destroyed target (targetID=61, eventWatcher=6)
[0402-close] no active tracking assignment matched destroyed target (targetID=62, eventWatcher=6)
[0402-close] no active tracking assignment matched destroyed target (targetID=53, eventWatcher=4)
[0402-close] no active tracking assignment matched destroyed target (targetID=54, eventWatcher=6)
[0402-close] no active tracking assignment matched destroyed target (targetID=55, eventWatcher=4)
[0402-close] no active tracking assignment matched destroyed target (targetID=56, eventWatcher=5)
[0402-close] no active tracking assignment matched destroyed target (targetID=59, eventWatcher=4)
[0402-close] no active tracking assignment matched destroyed target (targetID=60, eventWatcher=5)
[0402-close] no active tracking assignment matched destroyed target (targetID=61, eventWatcher=6)
[0402-close] no active tracking assignment matched destroyed target (targetID=62, eventWatcher=6)
[0402-close] no active tracking assignment matched destroyed target (targetID=53, eventWatcher=4)
[0402-close] no active tracking assignment matched destroyed target (targetID=54, eventWatcher=6)
[0402-close] no active tracking assignment matched destroyed target (targetID=55, eventWatcher=4)
[0402-close] no active tracking assignment matched destroyed target (targetID=56, eventWatcher=5)
[0402-close] no active tracking assignment matched destroyed target (targetID=59, eventWatcher=4)
[0402-close] no active tracking assignment matched destroyed target (targetID=60, eventWatcher=5)
[0402-close] no active tracking assignment matched destroyed target (targetID=61, eventWatcher=6)
[0402-close] no active tracking assignment matched destroyed target (targetID=62, eventWatcher=6)
[0402-close] no active tracking assignment matched destroyed target (targetID=53, eventWatcher=4)
[0402-close] no active tracking assignment matched destroyed target (targetID=54, eventWatcher=6)
[0402-close] no active tracking assignment matched destroyed target (targetID=55, eventWatcher=4)
[0402-close] no active tracking assignment matched destroyed target (targetID=56, eventWatcher=5)
[0402-close] no active tracking assignment matched destroyed target (targetID=59, eventWatcher=4)
[0402-close] no active tracking assignment matched destroyed target (targetID=60, eventWatcher=5)
[0402-close] no active tracking assignment matched destroyed target (targetID=61, eventWatcher=6)
[0402-close] no active tracking assignment matched destroyed target (targetID=62, eventWatcher=6)
[0402-close] no active tracking assignment matched destroyed target (targetID=53, eventWatcher=4)
[0402-close] no active tracking assignment matched destroyed target (targetID=54, eventWatcher=6)
[0402-close] no active tracking assignment matched destroyed target (targetID=55, eventWatcher=4)
[0402-close] no active tracking assignment matched destroyed target (targetID=56, eventWatcher=5)
[0402-close] no active tracking assignment matched destroyed target (targetID=59, eventWatcher=4)
[0402-close] no active tracking assignment matched destroyed target (targetID=60, eventWatcher=5)
[0402-close] no active tracking assignment matched destroyed target (targetID=61, eventWatcher=6)
[0402-close] no active tracking assignment matched destroyed target (targetID=62, eventWatcher=6)
[0402-close] no active tracking assignment matched destroyed target (targetID=53, eventWatcher=4)
[0402-close] no active tracking assignment matched destroyed target (targetID=54, eventWatcher=6)
[0402-close] no active tracking assignment matched destroyed target (targetID=55, eventWatcher=4)
[0402-close] no active tracking assignment matched destroyed target (targetID=56, eventWatcher=5)
[0402-close] no active tracking assignment matched destroyed target (targetID=59, eventWatcher=4)
[0402-close] no active tracking assignment matched destroyed target (targetID=60, eventWatcher=5)
[0402-close] no active tracking assignment matched destroyed target (targetID=61, eventWatcher=6)
[0402-close] no active tracking assignment matched destroyed target (targetID=62, eventWatcher=6)
[0402-close] no active tracking assignment matched destroyed target (targetID=53, eventWatcher=4)
[0402-close] no active tracking assignment matched destroyed target (targetID=54, eventWatcher=6)
[0402-close] no active tracking assignment matched destroyed target (targetID=55, eventWatcher=4)
[0402-close] no active tracking assignment matched destroyed target (targetID=56, eventWatcher=5)
[0402-close] no active tracking assignment matched destroyed target (targetID=59, eventWatcher=4)
[0402-close] no active tracking assignment matched destroyed target (targetID=60, eventWatcher=5)
[0402-close] no active tracking assignment matched destroyed target (targetID=61, eventWatcher=6)
[0402-close] no active tracking assignment matched destroyed target (targetID=62, eventWatcher=6)
[0402-close] no active tracking assignment matched destroyed target (targetID=53, eventWatcher=4)
[0402-close] no active tracking assignment matched destroyed target (targetID=54, eventWatcher=6)
[0402-close] no active tracking assignment matched destroyed target (targetID=55, eventWatcher=4)
[0402-close] no active tracking assignment matched destroyed target (targetID=56, eventWatcher=5)
[0402-close] no active tracking assignment matched destroyed target (targetID=59, eventWatcher=4)
[0402-close] no active tracking assignment matched destroyed target (targetID=60, eventWatcher=5)
[0402-close] no active tracking assignment matched destroyed target (targetID=61, eventWatcher=6)
[0402-close] no active tracking assignment matched destroyed target (targetID=62, eventWatcher=6)
[0402-close] no active tracking assignment matched destroyed target (targetID=53, eventWatcher=4)
[0402-close] no active tracking assignment matched destroyed target (targetID=54, eventWatcher=6)
[0402-close] no active tracking assignment matched destroyed target (targetID=55, eventWatcher=4)
[0402-close] no active tracking assignment matched destroyed target (targetID=56, eventWatcher=5)
[0402-close] no active tracking assignment matched destroyed target (targetID=59, eventWatcher=4)
[0402-close] no active tracking assignment matched destroyed target (targetID=60, eventWatcher=5)
[0402-close] no active tracking assignment matched destroyed target (targetID=61, eventWatcher=6)
[0402-close] no active tracking assignment matched destroyed target (targetID=62, eventWatcher=6)
[0402-close] no active tracking assignment matched destroyed target (targetID=53, eventWatcher=4)
[0402-close] no active tracking assignment matched destroyed target (targetID=54, eventWatcher=6)
[0402-close] no active tracking assignment matched destroyed target (targetID=55, eventWatcher=4)
[0402-close] no active tracking assignment matched destroyed target (targetID=56, eventWatcher=5)
[0402-close] no active tracking assignment matched destroyed target (targetID=59, eventWatcher=4)
[0402-close] no active tracking assignment matched destroyed target (targetID=60, eventWatcher=5)
[0402-close] no active tracking assignment matched destroyed target (targetID=61, eventWatcher=6)
[0402-close] no active tracking assignment matched destroyed target (targetID=62, eventWatcher=6)
[0402-close] no active tracking assignment matched destroyed target (targetID=53, eventWatcher=4)
[0402-close] no active tracking assignment matched destroyed target (targetID=54, eventWatcher=6)
[0402-close] no active tracking assignment matched destroyed target (targetID=55, eventWatcher=4)
[0402-close] no active tracking assignment matched destroyed target (targetID=56, eventWatcher=5)
[0402-close] no active tracking assignment matched destroyed target (targetID=59, eventWatcher=4)
[0402-close] no active tracking assignment matched destroyed target (targetID=60, eventWatcher=5)
[0402-close] no active tracking assignment matched destroyed target (targetID=61, eventWatcher=6)
[0402-close] no active tracking assignment matched destroyed target (targetID=62, eventWatcher=6)
[0402-close] no active tracking assignment matched destroyed target (targetID=53, eventWatcher=4)
[0402-close] no active tracking assignment matched destroyed target (targetID=54, eventWatcher=6)
[0402-close] no active tracking assignment matched destroyed target (targetID=55, eventWatcher=4)
[0402-close] no active tracking assignment matched destroyed target (targetID=56, eventWatcher=5)
[0402-close] no active tracking assignment matched destroyed target (targetID=59, eventWatcher=4)
[0402-close] no active tracking assignment matched destroyed target (targetID=60, eventWatcher=5)
[0402-close] no active tracking assignment matched destroyed target (targetID=61, eventWatcher=6)
[0402-close] no active tracking assignment matched destroyed target (targetID=62, eventWatcher=6)
[0402-close] no active tracking assignment matched destroyed target (targetID=53, eventWatcher=4)
[0402-close] no active tracking assignment matched destroyed target (targetID=54, eventWatcher=6)
[0402-close] no active tracking assignment matched destroyed target (targetID=55, eventWatcher=4)
[0402-close] no active tracking assignment matched destroyed target (targetID=56, eventWatcher=5)
[0402-close] no active tracking assignment matched destroyed target (targetID=59, eventWatcher=4)
[0402-close] no active tracking assignment matched destroyed target (targetID=60, eventWatcher=5)
[0402-close] no active tracking assignment matched destroyed target (targetID=61, eventWatcher=6)
[0402-close] no active tracking assignment matched destroyed target (targetID=62, eventWatcher=6)
[0402-close] no active tracking assignment matched destroyed target (targetID=53, eventWatcher=4)
[0402-close] no active tracking assignment matched destroyed target (targetID=54, eventWatcher=6)
[0402-close] no active tracking assignment matched destroyed target (targetID=55, eventWatcher=4)
[0402-close] no active tracking assignment matched destroyed target (targetID=56, eventWatcher=5)
[0402-close] no active tracking assignment matched destroyed target (targetID=59, eventWatcher=4)
[0402-close] no active tracking assignment matched destroyed target (targetID=60, eventWatcher=5)
[0402-close] no active tracking assignment matched destroyed target (targetID=61, eventWatcher=6)
[0402-close] no active tracking assignment matched destroyed target (targetID=62, eventWatcher=6)
[0402-close] no active tracking assignment matched destroyed target (targetID=53, eventWatcher=4)
[0402-close] no active tracking assignment matched destroyed target (targetID=54, eventWatcher=6)
[0402-close] no active tracking assignment matched destroyed target (targetID=55, eventWatcher=4)
[0402-close] no active tracking assignment matched destroyed target (targetID=56, eventWatcher=5)
[0402-close] no active tracking assignment matched destroyed target (targetID=59, eventWatcher=4)
[0402-close] no active tracking assignment matched destroyed target (targetID=60, eventWatcher=5)
[0402-close] no active tracking assignment matched destroyed target (targetID=61, eventWatcher=6)
[0402-close] no active tracking assignment matched destroyed target (targetID=62, eventWatcher=6)
[0402-close] no active tracking assignment matched destroyed target (targetID=53, eventWatcher=4)
[0402-close] no active tracking assignment matched destroyed target (targetID=54, eventWatcher=6)
[0402-close] no active tracking assignment matched destroyed target (targetID=55, eventWatcher=4)
[0402-close] no active tracking assignment matched destroyed target (targetID=56, eventWatcher=5)
[0402-close] no active tracking assignment matched destroyed target (targetID=59, eventWatcher=4)
[0402-close] no active tracking assignment matched destroyed target (targetID=60, eventWatcher=5)
[0402-close] no active tracking assignment matched destroyed target (targetID=61, eventWatcher=6)
[0402-close] no active tracking assignment matched destroyed target (targetID=62, eventWatcher=6)
[0402-close] no active tracking assignment matched destroyed target (targetID=53, eventWatcher=4)
[0402-close] no active tracking assignment matched destroyed target (targetID=54, eventWatcher=6)
[0402-close] no active tracking assignment matched destroyed target (targetID=55, eventWatcher=4)
[0402-close] no active tracking assignment matched destroyed target (targetID=56, eventWatcher=5)
[0402-close] no active tracking assignment matched destroyed target (targetID=59, eventWatcher=4)
[0402-close] no active tracking assignment matched destroyed target (targetID=60, eventWatcher=5)
[0402-close] no active tracking assignment matched destroyed target (targetID=61, eventWatcher=6)
[0402-close] no active tracking assignment matched destroyed target (targetID=62, eventWatcher=6)
[0402-close] no active tracking assignment matched destroyed target (targetID=53, eventWatcher=4)
[0402-close] no active tracking assignment matched destroyed target (targetID=54, eventWatcher=6)
[0402-close] no active tracking assignment matched destroyed target (targetID=55, eventWatcher=4)
[0402-close] no active tracking assignment matched destroyed target (targetID=56, eventWatcher=5)
[0402-close] no active tracking assignment matched destroyed target (targetID=59, eventWatcher=4)
[0402-close] no active tracking assignment matched destroyed target (targetID=60, eventWatcher=5)
[0402-close] no active tracking assignment matched destroyed target (targetID=61, eventWatcher=6)
[0402-close] no active tracking assignment matched destroyed target (targetID=62, eventWatcher=6)
[0402-close] no active tracking assignment matched destroyed target (targetID=53, eventWatcher=4)
[0402-close] no active tracking assignment matched destroyed target (targetID=54, eventWatcher=6)
[0402-close] no active tracking assignment matched destroyed target (targetID=55, eventWatcher=4)
[0402-close] no active tracking assignment matched destroyed target (targetID=56, eventWatcher=5)
[0402-close] no active tracking assignment matched destroyed target (targetID=59, eventWatcher=4)
[0402-close] no active tracking assignment matched destroyed target (targetID=60, eventWatcher=5)
[0402-close] no active tracking assignment matched destroyed target (targetID=61, eventWatcher=6)
[0402-close] no active tracking assignment matched destroyed target (targetID=62, eventWatcher=6)
[0402-close] no active tracking assignment matched destroyed target (targetID=53, eventWatcher=4)
[0402-close] no active tracking assignment matched destroyed target (targetID=54, eventWatcher=6)
[0402-close] no active tracking assignment matched destroyed target (targetID=55, eventWatcher=4)
[0402-close] no active tracking assignment matched destroyed target (targetID=56, eventWatcher=5)
[0402-close] no active tracking assignment matched destroyed target (targetID=59, eventWatcher=4)
[0402-close] no active tracking assignment matched destroyed target (targetID=60, eventWatcher=5)
[0402-close] no active tracking assignment matched destroyed target (targetID=61, eventWatcher=6)
[0402-close] no active tracking assignment matched destroyed target (targetID=62, eventWatcher=6)
[0402-close] no active tracking assignment matched destroyed target (targetID=53, eventWatcher=4)
[0402-close] no active tracking assignment matched destroyed target (targetID=54, eventWatcher=6)
[0402-close] no active tracking assignment matched destroyed target (targetID=55, eventWatcher=4)
[0402-close] no active tracking assignment matched destroyed target (targetID=56, eventWatcher=5)
[0402-close] no active tracking assignment matched destroyed target (targetID=59, eventWatcher=4)
[0402-close] no active tracking assignment matched destroyed target (targetID=60, eventWatcher=5)
[0402-close] no active tracking assignment matched destroyed target (targetID=61, eventWatcher=6)
[0402-close] no active tracking assignment matched destroyed target (targetID=62, eventWatcher=6)
[0402-close] no active tracking assignment matched destroyed target (targetID=53, eventWatcher=4)
[0402-close] no active tracking assignment matched destroyed target (targetID=54, eventWatcher=6)
[0402-close] no active tracking assignment matched destroyed target (targetID=55, eventWatcher=4)
[0402-close] no active tracking assignment matched destroyed target (targetID=56, eventWatcher=5)
[0402-close] no active tracking assignment matched destroyed target (targetID=59, eventWatcher=4)
[0402-close] no active tracking assignment matched destroyed target (targetID=60, eventWatcher=5)
[0402-close] no active tracking assignment matched destroyed target (targetID=61, eventWatcher=6)
[0402-close] no active tracking assignment matched destroyed target (targetID=62, eventWatcher=6)
[0402-close] no active tracking assignment matched destroyed target (targetID=53, eventWatcher=4)
[0402-close] no active tracking assignment matched destroyed target (targetID=54, eventWatcher=6)
[0402-close] no active tracking assignment matched destroyed target (targetID=55, eventWatcher=4)
[0402-close] no active tracking assignment matched destroyed target (targetID=56, eventWatcher=5)
[0402-close] no active tracking assignment matched destroyed target (targetID=59, eventWatcher=4)
[0402-close] no active tracking assignment matched destroyed target (targetID=60, eventWatcher=5)
[0402-close] no active tracking assignment matched destroyed target (targetID=61, eventWatcher=6)
[0402-close] no active tracking assignment matched destroyed target (targetID=62, eventWatcher=6)
[0402-close] no active tracking assignment matched destroyed target (targetID=53, eventWatcher=4)
[0402-close] no active tracking assignment matched destroyed target (targetID=54, eventWatcher=6)
[0402-close] no active tracking assignment matched destroyed target (targetID=55, eventWatcher=4)
[0402-close] no active tracking assignment matched destroyed target (targetID=56, eventWatcher=5)
[0402-close] no active tracking assignment matched destroyed target (targetID=59, eventWatcher=4)
[0402-close] no active tracking assignment matched destroyed target (targetID=60, eventWatcher=5)
[0402-close] no active tracking assignment matched destroyed target (targetID=61, eventWatcher=6)
[0402-close] no active tracking assignment matched destroyed target (targetID=62, eventWatcher=6)
[0402-close] no active tracking assignment matched destroyed target (targetID=53, eventWatcher=4)
[0402-close] no active tracking assignment matched destroyed target (targetID=54, eventWatcher=6)
[0402-close] no active tracking assignment matched destroyed target (targetID=55, eventWatcher=4)
[0402-close] no active tracking assignment matched destroyed target (targetID=56, eventWatcher=5)
[0402-close] no active tracking assignment matched destroyed target (targetID=59, eventWatcher=4)
[0402-close] no active tracking assignment matched destroyed target (targetID=60, eventWatcher=5)
[0402-close] no active tracking assignment matched destroyed target (targetID=61, eventWatcher=6)
[0402-close] no active tracking assignment matched destroyed target (targetID=62, eventWatcher=6)
[0402-close] no active tracking assignment matched destroyed target (targetID=53, eventWatcher=4)
[0402-close] no active tracking assignment matched destroyed target (targetID=54, eventWatcher=6)
[0402-close] no active tracking assignment matched destroyed target (targetID=55, eventWatcher=4)
[0402-close] no active tracking assignment matched destroyed target (targetID=56, eventWatcher=5)
[0402-close] no active tracking assignment matched destroyed target (targetID=59, eventWatcher=4)
[0402-close] no active tracking assignment matched destroyed target (targetID=60, eventWatcher=5)
[0402-close] no active tracking assignment matched destroyed target (targetID=61, eventWatcher=6)
[0402-close] no active tracking assignment matched destroyed target (targetID=62, eventWatcher=6)
[0402-close] no active tracking assignment matched destroyed target (targetID=53, eventWatcher=4)
[0402-close] no active tracking assignment matched destroyed target (targetID=54, eventWatcher=6)
[0402-close] no active tracking assignment matched destroyed target (targetID=55, eventWatcher=4)
[0402-close] no active tracking assignment matched destroyed target (targetID=56, eventWatcher=5)
[0402-close] no active tracking assignment matched destroyed target (targetID=59, eventWatcher=4)
[0402-close] no active tracking assignment matched destroyed target (targetID=60, eventWatcher=5)
[0402-close] no active tracking assignment matched destroyed target (targetID=61, eventWatcher=6)
[0402-close] no active tracking assignment matched destroyed target (targetID=62, eventWatcher=6)
[0402-close] no active tracking assignment matched destroyed target (targetID=53, eventWatcher=4)
[0402-close] no active tracking assignment matched destroyed target (targetID=54, eventWatcher=6)
[0402-close] no active tracking assignment matched destroyed target (targetID=55, eventWatcher=4)
[0402-close] no active tracking assignment matched destroyed target (targetID=56, eventWatcher=5)
[0402-close] no active tracking assignment matched destroyed target (targetID=59, eventWatcher=4)
[0402-close] no active tracking assignment matched destroyed target (targetID=60, eventWatcher=5)
[0402-close] no active tracking assignment matched destroyed target (targetID=61, eventWatcher=6)
[0402-close] no active tracking assignment matched destroyed target (targetID=62, eventWatcher=6)
[0402-close] no active tracking assignment matched destroyed target (targetID=53, eventWatcher=4)
[0402-close] no active tracking assignment matched destroyed target (targetID=54, eventWatcher=6)
[0402-close] no active tracking assignment matched destroyed target (targetID=55, eventWatcher=4)
[0402-close] no active tracking assignment matched destroyed target (targetID=56, eventWatcher=5)
[0402-close] no active tracking assignment matched destroyed target (targetID=59, eventWatcher=4)
[0402-close] no active tracking assignment matched destroyed target (targetID=60, eventWatcher=5)
[0402-close] no active tracking assignment matched destroyed target (targetID=61, eventWatcher=6)
[0402-close] no active tracking assignment matched destroyed target (targetID=62, eventWatcher=6)
[0402-close] no active tracking assignment matched destroyed target (targetID=53, eventWatcher=4)
[0402-close] no active tracking assignment matched destroyed target (targetID=54, eventWatcher=6)
[0402-close] no active tracking assignment matched destroyed target (targetID=55, eventWatcher=4)
[0402-close] no active tracking assignment matched destroyed target (targetID=56, eventWatcher=5)
[0402-close] no active tracking assignment matched destroyed target (targetID=59, eventWatcher=4)
[0402-close] no active tracking assignment matched destroyed target (targetID=60, eventWatcher=5)
[0402-close] no active tracking assignment matched destroyed target (targetID=61, eventWatcher=6)
[0402-close] no active tracking assignment matched destroyed target (targetID=62, eventWatcher=6)
[0402-close] no active tracking assignment matched destroyed target (targetID=53, eventWatcher=4)
[0402-close] no active tracking assignment matched destroyed target (targetID=54, eventWatcher=6)
[0402-close] no active tracking assignment matched destroyed target (targetID=55, eventWatcher=4)
[0402-close] no active tracking assignment matched destroyed target (targetID=56, eventWatcher=5)
[0402-close] no active tracking assignment matched destroyed target (targetID=59, eventWatcher=4)
[0402-close] no active tracking assignment matched destroyed target (targetID=60, eventWatcher=5)
[0402-close] no active tracking assignment matched destroyed target (targetID=61, eventWatcher=6)
[0402-close] no active tracking assignment matched destroyed target (targetID=62, eventWatcher=6)
[0402-close] no active tracking assignment matched destroyed target (targetID=53, eventWatcher=4)
[0402-close] no active tracking assignment matched destroyed target (targetID=54, eventWatcher=6)
[0402-close] no active tracking assignment matched destroyed target (targetID=55, eventWatcher=4)
[0402-close] no active tracking assignment matched destroyed target (targetID=56, eventWatcher=5)
[0402-close] no active tracking assignment matched destroyed target (targetID=59, eventWatcher=4)
[0402-close] no active tracking assignment matched destroyed target (targetID=60, eventWatcher=5)
[0402-close] no active tracking assignment matched destroyed target (targetID=61, eventWatcher=6)
[0402-close] no active tracking assignment matched destroyed target (targetID=62, eventWatcher=6)
[0402-close] no active tracking assignment matched destroyed target (targetID=53, eventWatcher=4)
[0402-close] no active tracking assignment matched destroyed target (targetID=54, eventWatcher=6)
[0402-close] no active tracking assignment matched destroyed target (targetID=55, eventWatcher=4)
[0402-close] no active tracking assignment matched destroyed target (targetID=56, eventWatcher=5)
[0402-close] no active tracking assignment matched destroyed target (targetID=59, eventWatcher=4)
[0402-close] no active tracking assignment matched destroyed target (targetID=60, eventWatcher=5)
[0402-close] no active tracking assignment matched destroyed target (targetID=61, eventWatcher=6)
[0402-close] no active tracking assignment matched destroyed target (targetID=62, eventWatcher=6)
[0402-close] no active tracking assignment matched destroyed target (targetID=53, eventWatcher=4)
[0402-close] no active tracking assignment matched destroyed target (targetID=54, eventWatcher=6)
[0402-close] no active tracking assignment matched destroyed target (targetID=55, eventWatcher=4)
[0402-close] no active tracking assignment matched destroyed target (targetID=56, eventWatcher=5)
[0402-close] no active tracking assignment matched destroyed target (targetID=59, eventWatcher=4)
[0402-close] no active tracking assignment matched destroyed target (targetID=60, eventWatcher=5)
[0402-close] no active tracking assignment matched destroyed target (targetID=61, eventWatcher=6)
[0402-close] no active tracking assignment matched destroyed target (targetID=62, eventWatcher=6)
[0402-close] no active tracking assignment matched destroyed target (targetID=53, eventWatcher=4)
[0402-close] no active tracking assignment matched destroyed target (targetID=54, eventWatcher=6)
[0402-close] no active tracking assignment matched destroyed target (targetID=55, eventWatcher=4)
[0402-close] no active tracking assignment matched destroyed target (targetID=56, eventWatcher=5)
[0402-close] no active tracking assignment matched destroyed target (targetID=59, eventWatcher=4)
[0402-close] no active tracking assignment matched destroyed target (targetID=60, eventWatcher=5)
[0402-close] no active tracking assignment matched destroyed target (targetID=61, eventWatcher=6)
[0402-close] no active tracking assignment matched destroyed target (targetID=62, eventWatcher=6)
[0402-close] no active tracking assignment matched destroyed target (targetID=53, eventWatcher=4)
[0402-close] no active tracking assignment matched destroyed target (targetID=54, eventWatcher=6)
[0402-close] no active tracking assignment matched destroyed target (targetID=55, eventWatcher=4)
[0402-close] no active tracking assignment matched destroyed target (targetID=56, eventWatcher=5)
[0402-close] no active tracking assignment matched destroyed target (targetID=59, eventWatcher=4)
[0402-close] no active tracking assignment matched destroyed target (targetID=60, eventWatcher=5)
[0402-close] no active tracking assignment matched destroyed target (targetID=61, eventWatcher=6)
[0402-close] no active tracking assignment matched destroyed target (targetID=62, eventWatcher=6)
[0402-close] no active tracking assignment matched destroyed target (targetID=53, eventWatcher=4)
[0402-close] no active tracking assignment matched destroyed target (targetID=54, eventWatcher=6)
[0402-close] no active tracking assignment matched destroyed target (targetID=55, eventWatcher=4)
[0402-close] no active tracking assignment matched destroyed target (targetID=56, eventWatcher=5)
[0402-close] no active tracking assignment matched destroyed target (targetID=59, eventWatcher=4)
[0402-close] no active tracking assignment matched destroyed target (targetID=60, eventWatcher=5)
[0402-close] no active tracking assignment matched destroyed target (targetID=61, eventWatcher=6)
[0402-close] no active tracking assignment matched destroyed target (targetID=62, eventWatcher=6)
[0402-close] no active tracking assignment matched destroyed target (targetID=53, eventWatcher=4)
[0402-close] no active tracking assignment matched destroyed target (targetID=54, eventWatcher=6)
[0402-close] no active tracking assignment matched destroyed target (targetID=55, eventWatcher=4)
[0402-close] no active tracking assignment matched destroyed target (targetID=56, eventWatcher=5)
[0402-close] no active tracking assignment matched destroyed target (targetID=59, eventWatcher=4)
[0402-close] no active tracking assignment matched destroyed target (targetID=60, eventWatcher=5)
[0402-close] no active tracking assignment matched destroyed target (targetID=61, eventWatcher=6)
[0402-close] no active tracking assignment matched destroyed target (targetID=62, eventWatcher=6)
[0402-close] no active tracking assignment matched destroyed target (targetID=53, eventWatcher=4)
[0402-close] no active tracking assignment matched destroyed target (targetID=54, eventWatcher=6)
[0402-close] no active tracking assignment matched destroyed target (targetID=55, eventWatcher=4)
[0402-close] no active tracking assignment matched destroyed target (targetID=56, eventWatcher=5)
[0402-close] no active tracking assignment matched destroyed target (targetID=59, eventWatcher=4)
[0402-close] no active tracking assignment matched destroyed target (targetID=60, eventWatcher=5)
[0402-close] no active tracking assignment matched destroyed target (targetID=61, eventWatcher=6)
[0402-close] no active tracking assignment matched destroyed target (targetID=62, eventWatcher=6)
[0402-close] no active tracking assignment matched destroyed target (targetID=53, eventWatcher=4)
[0402-close] no active tracking assignment matched destroyed target (targetID=54, eventWatcher=6)
[0402-close] no active tracking assignment matched destroyed target (targetID=55, eventWatcher=4)
[0402-close] no active tracking assignment matched destroyed target (targetID=56, eventWatcher=5)
[0402-close] no active tracking assignment matched destroyed target (targetID=59, eventWatcher=4)
[0402-close] no active tracking assignment matched destroyed target (targetID=60, eventWatcher=5)
[0402-close] no active tracking assignment matched destroyed target (targetID=61, eventWatcher=6)
[0402-close] no active tracking assignment matched destroyed target (targetID=62, eventWatcher=6)
[0402-close] no active tracking assignment matched destroyed target (targetID=53, eventWatcher=4)
[0402-close] no active tracking assignment matched destroyed target (targetID=54, eventWatcher=6)
[0402-close] no active tracking assignment matched destroyed target (targetID=55, eventWatcher=4)
[0402-close] no active tracking assignment matched destroyed target (targetID=56, eventWatcher=5)
[0402-close] no active tracking assignment matched destroyed target (targetID=59, eventWatcher=4)
[0402-close] no active tracking assignment matched destroyed target (targetID=60, eventWatcher=5)
[0402-close] no active tracking assignment matched destroyed target (targetID=61, eventWatcher=6)
[0402-close] no active tracking assignment matched destroyed target (targetID=62, eventWatcher=6)
[0402-close] no active tracking assignment matched destroyed target (targetID=53, eventWatcher=4)
[0402-close] no active tracking assignment matched destroyed target (targetID=54, eventWatcher=6)
[0402-close] no active tracking assignment matched destroyed target (targetID=55, eventWatcher=4)
[0402-close] no active tracking assignment matched destroyed target (targetID=56, eventWatcher=5)
[0402-close] no active tracking assignment matched destroyed target (targetID=59, eventWatcher=4)
[0402-close] no active tracking assignment matched destroyed target (targetID=60, eventWatcher=5)
[0402-close] no active tracking assignment matched destroyed target (targetID=61, eventWatcher=6)
[0402-close] no active tracking assignment matched destroyed target (targetID=62, eventWatcher=6)
[0402-close] no active tracking assignment matched destroyed target (targetID=53, eventWatcher=4)
[0402-close] no active tracking assignment matched destroyed target (targetID=54, eventWatcher=6)
[0402-close] no active tracking assignment matched destroyed target (targetID=55, eventWatcher=4)
[0402-close] no active tracking assignment matched destroyed target (targetID=56, eventWatcher=5)
[0402-close] no active tracking assignment matched destroyed target (targetID=59, eventWatcher=4)
[0402-close] no active tracking assignment matched destroyed target (targetID=60, eventWatcher=5)
[0402-close] no active tracking assignment matched destroyed target (targetID=61, eventWatcher=6)
[0402-close] no active tracking assignment matched destroyed target (targetID=62, eventWatcher=6)
[0402-close] no active tracking assignment matched destroyed target (targetID=53, eventWatcher=4)
[0402-close] no active tracking assignment matched destroyed target (targetID=54, eventWatcher=6)
[0402-close] no active tracking assignment matched destroyed target (targetID=55, eventWatcher=4)
[0402-close] no active tracking assignment matched destroyed target (targetID=56, eventWatcher=5)
[0402-close] no active tracking assignment matched destroyed target (targetID=59, eventWatcher=4)
[0402-close] no active tracking assignment matched destroyed target (targetID=60, eventWatcher=5)
[0402-close] no active tracking assignment matched destroyed target (targetID=61, eventWatcher=6)
[0402-close] no active tracking assignment matched destroyed target (targetID=62, eventWatcher=6)
[0402-close] no active tracking assignment matched destroyed target (targetID=53, eventWatcher=4)
[0402-close] no active tracking assignment matched destroyed target (targetID=54, eventWatcher=6)
[0402-close] no active tracking assignment matched destroyed target (targetID=55, eventWatcher=4)
[0402-close] no active tracking assignment matched destroyed target (targetID=56, eventWatcher=5)
[0402-close] no active tracking assignment matched destroyed target (targetID=59, eventWatcher=4)
[0402-close] no active tracking assignment matched destroyed target (targetID=60, eventWatcher=5)
[0402-close] no active tracking assignment matched destroyed target (targetID=61, eventWatcher=6)
[0402-close] no active tracking assignment matched destroyed target (targetID=62, eventWatcher=6)
[0402-close] no active tracking assignment matched destroyed target (targetID=53, eventWatcher=4)
[0402-close] no active tracking assignment matched destroyed target (targetID=54, eventWatcher=6)
[0402-close] no active tracking assignment matched destroyed target (targetID=55, eventWatcher=4)
[0402-close] no active tracking assignment matched destroyed target (targetID=56, eventWatcher=5)
[0402-close] no active tracking assignment matched destroyed target (targetID=59, eventWatcher=4)
[0402-close] no active tracking assignment matched destroyed target (targetID=60, eventWatcher=5)
[0402-close] no active tracking assignment matched destroyed target (targetID=61, eventWatcher=6)
[0402-close] no active tracking assignment matched destroyed target (targetID=62, eventWatcher=6)
[0402-close] no active tracking assignment matched destroyed target (targetID=53, eventWatcher=4)
[0402-close] no active tracking assignment matched destroyed target (targetID=54, eventWatcher=6)
[0402-close] no active tracking assignment matched destroyed target (targetID=55, eventWatcher=4)
[0402-close] no active tracking assignment matched destroyed target (targetID=56, eventWatcher=5)
[0402-close] no active tracking assignment matched destroyed target (targetID=59, eventWatcher=4)
[0402-close] no active tracking assignment matched destroyed target (targetID=60, eventWatcher=5)
[0402-close] no active tracking assignment matched destroyed target (targetID=61, eventWatcher=6)
[0402-close] no active tracking assignment matched destroyed target (targetID=62, eventWatcher=6)
[0402-close] no active tracking assignment matched destroyed target (targetID=53, eventWatcher=4)
[0402-close] no active tracking assignment matched destroyed target (targetID=54, eventWatcher=6)
[0402-close] no active tracking assignment matched destroyed target (targetID=55, eventWatcher=4)
[0402-close] no active tracking assignment matched destroyed target (targetID=56, eventWatcher=5)
[0402-close] no active tracking assignment matched destroyed target (targetID=59, eventWatcher=4)
[0402-close] no active tracking assignment matched destroyed target (targetID=60, eventWatcher=5)
[0402-close] no active tracking assignment matched destroyed target (targetID=61, eventWatcher=6)
[0402-close] no active tracking assignment matched destroyed target (targetID=62, eventWatcher=6)
[0402-close] no active tracking assignment matched destroyed target (targetID=53, eventWatcher=4)
[0402-close] no active tracking assignment matched destroyed target (targetID=54, eventWatcher=6)
[0402-close] no active tracking assignment matched destroyed target (targetID=55, eventWatcher=4)
[0402-close] no active tracking assignment matched destroyed target (targetID=56, eventWatcher=5)
[0402-close] no active tracking assignment matched destroyed target (targetID=59, eventWatcher=4)
[0402-close] no active tracking assignment matched destroyed target (targetID=60, eventWatcher=5)
[0402-close] no active tracking assignment matched destroyed target (targetID=61, eventWatcher=6)
[0402-close] no active tracking assignment matched destroyed target (targetID=62, eventWatcher=6)
[0402-close] no active tracking assignment matched destroyed target (targetID=53, eventWatcher=4)
[0402-close] no active tracking assignment matched destroyed target (targetID=54, eventWatcher=6)
[0402-close] no active tracking assignment matched destroyed target (targetID=55, eventWatcher=4)
[0402-close] no active tracking assignment matched destroyed target (targetID=56, eventWatcher=5)
[0402-close] no active tracking assignment matched destroyed target (targetID=59, eventWatcher=4)
[0402-close] no active tracking assignment matched destroyed target (targetID=60, eventWatcher=5)
[0402-close] no active tracking assignment matched destroyed target (targetID=61, eventWatcher=6)
[0402-close] no active tracking assignment matched destroyed target (targetID=62, eventWatcher=6)
[0402-close] no active tracking assignment matched destroyed target (targetID=53, eventWatcher=4)
[0402-close] no active tracking assignment matched destroyed target (targetID=54, eventWatcher=6)
[0402-close] no active tracking assignment matched destroyed target (targetID=55, eventWatcher=4)
[0402-close] no active tracking assignment matched destroyed target (targetID=56, eventWatcher=5)
[0402-close] no active tracking assignment matched destroyed target (targetID=59, eventWatcher=4)
[0402-close] no active tracking assignment matched destroyed target (targetID=60, eventWatcher=5)
[0402-close] no active tracking assignment matched destroyed target (targetID=61, eventWatcher=6)
[0402-close] no active tracking assignment matched destroyed target (targetID=62, eventWatcher=6)
[0402-close] no active tracking assignment matched destroyed target (targetID=53, eventWatcher=4)
[0402-close] no active tracking assignment matched destroyed target (targetID=54, eventWatcher=6)
[0402-close] no active tracking assignment matched destroyed target (targetID=55, eventWatcher=4)
[0402-close] no active tracking assignment matched destroyed target (targetID=56, eventWatcher=5)
[0402-close] no active tracking assignment matched destroyed target (targetID=59, eventWatcher=4)
[0402-close] no active tracking assignment matched destroyed target (targetID=60, eventWatcher=5)
[0402-close] no active tracking assignment matched destroyed target (targetID=61, eventWatcher=6)
[0402-close] no active tracking assignment matched destroyed target (targetID=62, eventWatcher=6)
[0402-close] no active tracking assignment matched destroyed target (targetID=53, eventWatcher=4)
[0402-close] no active tracking assignment matched destroyed target (targetID=54, eventWatcher=6)
[0402-close] no active tracking assignment matched destroyed target (targetID=55, eventWatcher=4)
[0402-close] no active tracking assignment matched destroyed target (targetID=56, eventWatcher=5)
[0402-close] no active tracking assignment matched destroyed target (targetID=59, eventWatcher=4)
[0402-close] no active tracking assignment matched destroyed target (targetID=60, eventWatcher=5)
[0402-close] no active tracking assignment matched destroyed target (targetID=61, eventWatcher=6)
[0402-close] no active tracking assignment matched destroyed target (targetID=62, eventWatcher=6)
[0402-close] no active tracking assignment matched destroyed target (targetID=53, eventWatcher=4)
[0402-close] no active tracking assignment matched destroyed target (targetID=54, eventWatcher=6)
[0402-close] no active tracking assignment matched destroyed target (targetID=55, eventWatcher=4)
[0402-close] no active tracking assignment matched destroyed target (targetID=56, eventWatcher=5)
[0402-close] no active tracking assignment matched destroyed target (targetID=59, eventWatcher=4)
[0402-close] no active tracking assignment matched destroyed target (targetID=60, eventWatcher=5)
[0402-close] no active tracking assignment matched destroyed target (targetID=61, eventWatcher=6)
[0402-close] no active tracking assignment matched destroyed target (targetID=62, eventWatcher=6)
[0402-close] no active tracking assignment matched destroyed target (targetID=53, eventWatcher=4)
[0402-close] no active tracking assignment matched destroyed target (targetID=54, eventWatcher=6)
[0402-close] no active tracking assignment matched destroyed target (targetID=55, eventWatcher=4)
[0402-close] no active tracking assignment matched destroyed target (targetID=56, eventWatcher=5)
[0402-close] no active tracking assignment matched destroyed target (targetID=59, eventWatcher=4)
[0402-close] no active tracking assignment matched destroyed target (targetID=60, eventWatcher=5)
[0402-close] no active tracking assignment matched destroyed target (targetID=61, eventWatcher=6)
[0402-close] no active tracking assignment matched destroyed target (targetID=62, eventWatcher=6)
[0402-close] no active tracking assignment matched destroyed target (targetID=53, eventWatcher=4)
[0402-close] no active tracking assignment matched destroyed target (targetID=54, eventWatcher=6)
[0402-close] no active tracking assignment matched destroyed target (targetID=55, eventWatcher=4)
[0402-close] no active tracking assignment matched destroyed target (targetID=56, eventWatcher=5)
[0402-close] no active tracking assignment matched destroyed target (targetID=59, eventWatcher=4)
[0402-close] no active tracking assignment matched destroyed target (targetID=60, eventWatcher=5)
[0402-close] no active tracking assignment matched destroyed target (targetID=61, eventWatcher=6)
[0402-close] no active tracking assignment matched destroyed target (targetID=62, eventWatcher=6)
[0402-close] no active tracking assignment matched destroyed target (targetID=53, eventWatcher=4)
[0402-close] no active tracking assignment matched destroyed target (targetID=54, eventWatcher=6)
[0402-close] no active tracking assignment matched destroyed target (targetID=55, eventWatcher=4)
[0402-close] no active tracking assignment matched destroyed target (targetID=56, eventWatcher=5)
[0402-close] no active tracking assignment matched destroyed target (targetID=59, eventWatcher=4)
[0402-close] no active tracking assignment matched destroyed target (targetID=60, eventWatcher=5)
[0402-close] no active tracking assignment matched destroyed target (targetID=61, eventWatcher=6)
[0402-close] no active tracking assignment matched destroyed target (targetID=62, eventWatcher=6)
[0402-close] no active tracking assignment matched destroyed target (targetID=53, eventWatcher=4)
[0402-close] no active tracking assignment matched destroyed target (targetID=54, eventWatcher=6)
[0402-close] no active tracking assignment matched destroyed target (targetID=55, eventWatcher=4)
[0402-close] no active tracking assignment matched destroyed target (targetID=56, eventWatcher=5)
[0402-close] no active tracking assignment matched destroyed target (targetID=59, eventWatcher=4)
[0402-close] no active tracking assignment matched destroyed target (targetID=60, eventWatcher=5)
[0402-close] no active tracking assignment matched destroyed target (targetID=61, eventWatcher=6)
[0402-close] no active tracking assignment matched destroyed target (targetID=62, eventWatcher=6)
[0402-close] no active tracking assignment matched destroyed target (targetID=53, eventWatcher=4)
[0402-close] no active tracking assignment matched destroyed target (targetID=54, eventWatcher=6)
[0402-close] no active tracking assignment matched destroyed target (targetID=55, eventWatcher=4)
[0402-close] no active tracking assignment matched destroyed target (targetID=56, eventWatcher=5)
[0402-close] no active tracking assignment matched destroyed target (targetID=59, eventWatcher=4)
[0402-close] no active tracking assignment matched destroyed target (targetID=60, eventWatcher=5)
[0402-close] no active tracking assignment matched destroyed target (targetID=61, eventWatcher=6)
[0402-close] no active tracking assignment matched destroyed target (targetID=62, eventWatcher=6)
[0402-close] no active tracking assignment matched destroyed target (targetID=53, eventWatcher=4)
[0402-close] no active tracking assignment matched destroyed target (targetID=54, eventWatcher=6)
[0402-close] no active tracking assignment matched destroyed target (targetID=55, eventWatcher=4)
[0402-close] no active tracking assignment matched destroyed target (targetID=56, eventWatcher=5)
[0402-close] no active tracking assignment matched destroyed target (targetID=59, eventWatcher=4)
[0402-close] no active tracking assignment matched destroyed target (targetID=60, eventWatcher=5)
[0402-close] no active tracking assignment matched destroyed target (targetID=61, eventWatcher=6)
[0402-close] no active tracking assignment matched destroyed target (targetID=62, eventWatcher=6)
[0402-close] no active tracking assignment matched destroyed target (targetID=53, eventWatcher=4)
[0402-close] no active tracking assignment matched destroyed target (targetID=54, eventWatcher=6)
[0402-close] no active tracking assignment matched destroyed target (targetID=55, eventWatcher=4)
[0402-close] no active tracking assignment matched destroyed target (targetID=56, eventWatcher=5)
[0402-close] no active tracking assignment matched destroyed target (targetID=59, eventWatcher=4)
[0402-close] no active tracking assignment matched destroyed target (targetID=60, eventWatcher=5)
[0402-close] no active tracking assignment matched destroyed target (targetID=61, eventWatcher=6)
[0402-close] no active tracking assignment matched destroyed target (targetID=62, eventWatcher=6)
[0402-close] no active tracking assignment matched destroyed target (targetID=53, eventWatcher=4)
[0402-close] no active tracking assignment matched destroyed target (targetID=54, eventWatcher=6)
[0402-close] no active tracking assignment matched destroyed target (targetID=55, eventWatcher=4)
[0402-close] no active tracking assignment matched destroyed target (targetID=56, eventWatcher=5)
[0402-close] no active tracking assignment matched destroyed target (targetID=59, eventWatcher=4)
[0402-close] no active tracking assignment matched destroyed target (targetID=60, eventWatcher=5)
[0402-close] no active tracking assignment matched destroyed target (targetID=61, eventWatcher=6)
[0402-close] no active tracking assignment matched destroyed target (targetID=62, eventWatcher=6)
[0402-close] no active tracking assignment matched destroyed target (targetID=53, eventWatcher=4)
[0402-close] no active tracking assignment matched destroyed target (targetID=54, eventWatcher=6)
[0402-close] no active tracking assignment matched destroyed target (targetID=55, eventWatcher=4)
[0402-close] no active tracking assignment matched destroyed target (targetID=56, eventWatcher=5)
[0402-close] no active tracking assignment matched destroyed target (targetID=59, eventWatcher=4)
[0402-close] no active tracking assignment matched destroyed target (targetID=60, eventWatcher=5)
[0402-close] no active tracking assignment matched destroyed target (targetID=61, eventWatcher=6)
[0402-close] no active tracking assignment matched destroyed target (targetID=62, eventWatcher=6)
[0402-close] no active tracking assignment matched destroyed target (targetID=53, eventWatcher=4)
[0402-close] no active tracking assignment matched destroyed target (targetID=54, eventWatcher=6)
[0402-close] no active tracking assignment matched destroyed target (targetID=55, eventWatcher=4)
[0402-close] no active tracking assignment matched destroyed target (targetID=56, eventWatcher=5)
[0402-close] no active tracking assignment matched destroyed target (targetID=59, eventWatcher=4)
[0402-close] no active tracking assignment matched destroyed target (targetID=60, eventWatcher=5)
[0402-close] no active tracking assignment matched destroyed target (targetID=61, eventWatcher=6)
[0402-close] no active tracking assignment matched destroyed target (targetID=62, eventWatcher=6)
[0402-close] no active tracking assignment matched destroyed target (targetID=53, eventWatcher=4)
[0402-close] no active tracking assignment matched destroyed target (targetID=54, eventWatcher=6)
[0402-close] no active tracking assignment matched destroyed target (targetID=55, eventWatcher=4)
[0402-close] no active tracking assignment matched destroyed target (targetID=56, eventWatcher=5)
[0402-close] no active tracking assignment matched destroyed target (targetID=59, eventWatcher=4)
[0402-close] no active tracking assignment matched destroyed target (targetID=60, eventWatcher=5)
[0402-close] no active tracking assignment matched destroyed target (targetID=61, eventWatcher=6)
[0402-close] no active tracking assignment matched destroyed target (targetID=62, eventWatcher=6)
[0402-close] no active tracking assignment matched destroyed target (targetID=53, eventWatcher=4)
[0402-close] no active tracking assignment matched destroyed target (targetID=54, eventWatcher=6)
[0402-close] no active tracking assignment matched destroyed target (targetID=55, eventWatcher=4)
[0402-close] no active tracking assignment matched destroyed target (targetID=56, eventWatcher=5)
[0402-close] no active tracking assignment matched destroyed target (targetID=59, eventWatcher=4)
[0402-close] no active tracking assignment matched destroyed target (targetID=60, eventWatcher=5)
[0402-close] no active tracking assignment matched destroyed target (targetID=61, eventWatcher=6)
[0402-close] no active tracking assignment matched destroyed target (targetID=62, eventWatcher=6)
[0402-close] no active tracking assignment matched destroyed target (targetID=53, eventWatcher=4)
[0402-close] no active tracking assignment matched destroyed target (targetID=54, eventWatcher=6)
[0402-close] no active tracking assignment matched destroyed target (targetID=55, eventWatcher=4)
[0402-close] no active tracking assignment matched destroyed target (targetID=56, eventWatcher=5)
[0402-close] no active tracking assignment matched destroyed target (targetID=59, eventWatcher=4)
[0402-close] no active tracking assignment matched destroyed target (targetID=60, eventWatcher=5)
[0402-close] no active tracking assignment matched destroyed target (targetID=61, eventWatcher=6)
[0402-close] no active tracking assignment matched destroyed target (targetID=62, eventWatcher=6)
[0402-close] no active tracking assignment matched destroyed target (targetID=53, eventWatcher=4)
[0402-close] no active tracking assignment matched destroyed target (targetID=54, eventWatcher=6)
[0402-close] no active tracking assignment matched destroyed target (targetID=55, eventWatcher=4)
[0402-close] no active tracking assignment matched destroyed target (targetID=56, eventWatcher=5)
[0402-close] no active tracking assignment matched destroyed target (targetID=59, eventWatcher=4)
[0402-close] no active tracking assignment matched destroyed target (targetID=60, eventWatcher=5)
[0402-close] no active tracking assignment matched destroyed target (targetID=61, eventWatcher=6)
[0402-close] no active tracking assignment matched destroyed target (targetID=62, eventWatcher=6)
[0402-close] no active tracking assignment matched destroyed target (targetID=53, eventWatcher=4)
[0402-close] no active tracking assignment matched destroyed target (targetID=54, eventWatcher=6)
[0402-close] no active tracking assignment matched destroyed target (targetID=55, eventWatcher=4)
[0402-close] no active tracking assignment matched destroyed target (targetID=56, eventWatcher=5)
[0402-close] no active tracking assignment matched destroyed target (targetID=59, eventWatcher=4)
[0402-close] no active tracking assignment matched destroyed target (targetID=60, eventWatcher=5)
[0402-close] no active tracking assignment matched destroyed target (targetID=61, eventWatcher=6)
[0402-close] no active tracking assignment matched destroyed target (targetID=62, eventWatcher=6)
[0402-close] no active tracking assignment matched destroyed target (targetID=53, eventWatcher=4)
[0402-close] no active tracking assignment matched destroyed target (targetID=54, eventWatcher=6)
[0402-close] no active tracking assignment matched destroyed target (targetID=55, eventWatcher=4)
[0402-close] no active tracking assignment matched destroyed target (targetID=56, eventWatcher=5)
[0402-close] no active tracking assignment matched destroyed target (targetID=59, eventWatcher=4)
[0402-close] no active tracking assignment matched destroyed target (targetID=60, eventWatcher=5)
[0402-close] no active tracking assignment matched destroyed target (targetID=61, eventWatcher=6)
[0402-close] no active tracking assignment matched destroyed target (targetID=62, eventWatcher=6)
[0402-close] no active tracking assignment matched destroyed target (targetID=53, eventWatcher=4)
[0402-close] no active tracking assignment matched destroyed target (targetID=54, eventWatcher=6)
[0402-close] no active tracking assignment matched destroyed target (targetID=55, eventWatcher=4)
[0402-close] no active tracking assignment matched destroyed target (targetID=56, eventWatcher=5)
[0402-close] no active tracking assignment matched destroyed target (targetID=59, eventWatcher=4)
[0402-close] no active tracking assignment matched destroyed target (targetID=60, eventWatcher=5)
[0402-close] no active tracking assignment matched destroyed target (targetID=61, eventWatcher=6)
[0402-close] no active tracking assignment matched destroyed target (targetID=62, eventWatcher=6)
[0402-close] no active tracking assignment matched destroyed target (targetID=53, eventWatcher=4)
[0402-close] no active tracking assignment matched destroyed target (targetID=54, eventWatcher=6)
[0402-close] no active tracking assignment matched destroyed target (targetID=55, eventWatcher=4)
[0402-close] no active tracking assignment matched destroyed target (targetID=56, eventWatcher=5)
[0402-close] no active tracking assignment matched destroyed target (targetID=59, eventWatcher=4)
[0402-close] no active tracking assignment matched destroyed target (targetID=60, eventWatcher=5)
[0402-close] no active tracking assignment matched destroyed target (targetID=61, eventWatcher=6)
[0402-close] no active tracking assignment matched destroyed target (targetID=62, eventWatcher=6)
[0402-close] no active tracking assignment matched destroyed target (targetID=53, eventWatcher=4)
[0402-close] no active tracking assignment matched destroyed target (targetID=54, eventWatcher=6)
[0402-close] no active tracking assignment matched destroyed target (targetID=55, eventWatcher=4)
[0402-close] no active tracking assignment matched destroyed target (targetID=56, eventWatcher=5)
[0402-close] no active tracking assignment matched destroyed target (targetID=59, eventWatcher=4)
[0402-close] no active tracking assignment matched destroyed target (targetID=60, eventWatcher=5)
[0402-close] no active tracking assignment matched destroyed target (targetID=61, eventWatcher=6)
[0402-close] no active tracking assignment matched destroyed target (targetID=62, eventWatcher=6)
[0402-close] no active tracking assignment matched destroyed target (targetID=53, eventWatcher=4)
[0402-close] no active tracking assignment matched destroyed target (targetID=54, eventWatcher=6)
[0402-close] no active tracking assignment matched destroyed target (targetID=55, eventWatcher=4)
[0402-close] no active tracking assignment matched destroyed target (targetID=56, eventWatcher=5)
[0402-close] no active tracking assignment matched destroyed target (targetID=59, eventWatcher=4)
[0402-close] no active tracking assignment matched destroyed target (targetID=60, eventWatcher=5)
[0402-close] no active tracking assignment matched destroyed target (targetID=61, eventWatcher=6)
[0402-close] no active tracking assignment matched destroyed target (targetID=62, eventWatcher=6)
[0402-close] no active tracking assignment matched destroyed target (targetID=53, eventWatcher=4)
[0402-close] no active tracking assignment matched destroyed target (targetID=54, eventWatcher=6)
[0402-close] no active tracking assignment matched destroyed target (targetID=55, eventWatcher=4)
[0402-close] no active tracking assignment matched destroyed target (targetID=56, eventWatcher=5)
[0402-close] no active tracking assignment matched destroyed target (targetID=59, eventWatcher=4)
[0402-close] no active tracking assignment matched destroyed target (targetID=60, eventWatcher=5)
[0402-close] no active tracking assignment matched destroyed target (targetID=61, eventWatcher=6)
[0402-close] no active tracking assignment matched destroyed target (targetID=62, eventWatcher=6)
[0402-close] no active tracking assignment matched destroyed target (targetID=53, eventWatcher=4)
[0402-close] no active tracking assignment matched destroyed target (targetID=54, eventWatcher=6)
[0402-close] no active tracking assignment matched destroyed target (targetID=55, eventWatcher=4)
[0402-close] no active tracking assignment matched destroyed target (targetID=56, eventWatcher=5)
[0402-close] no active tracking assignment matched destroyed target (targetID=59, eventWatcher=4)
[0402-close] no active tracking assignment matched destroyed target (targetID=60, eventWatcher=5)
[0402-close] no active tracking assignment matched destroyed target (targetID=61, eventWatcher=6)
[0402-close] no active tracking assignment matched destroyed target (targetID=62, eventWatcher=6)
[0402-close] no active tracking assignment matched destroyed target (targetID=53, eventWatcher=4)
[0402-close] no active tracking assignment matched destroyed target (targetID=54, eventWatcher=6)
[0402-close] no active tracking assignment matched destroyed target (targetID=55, eventWatcher=4)
[0402-close] no active tracking assignment matched destroyed target (targetID=56, eventWatcher=5)
[0402-close] no active tracking assignment matched destroyed target (targetID=59, eventWatcher=4)
[0402-close] no active tracking assignment matched destroyed target (targetID=60, eventWatcher=5)
[0402-close] no active tracking assignment matched destroyed target (targetID=61, eventWatcher=6)
[0402-close] no active tracking assignment matched destroyed target (targetID=62, eventWatcher=6)
[0402-close] no active tracking assignment matched destroyed target (targetID=53, eventWatcher=4)
[0402-close] no active tracking assignment matched destroyed target (targetID=54, eventWatcher=6)
[0402-close] no active tracking assignment matched destroyed target (targetID=55, eventWatcher=4)
[0402-close] no active tracking assignment matched destroyed target (targetID=56, eventWatcher=5)
[0402-close] no active tracking assignment matched destroyed target (targetID=59, eventWatcher=4)
[0402-close] no active tracking assignment matched destroyed target (targetID=60, eventWatcher=5)
[0402-close] no active tracking assignment matched destroyed target (targetID=61, eventWatcher=6)
[0402-close] no active tracking assignment matched destroyed target (targetID=62, eventWatcher=6)
[0402-close] no active tracking assignment matched destroyed target (targetID=53, eventWatcher=4)
[0402-close] no active tracking assignment matched destroyed target (targetID=54, eventWatcher=6)
[0402-close] no active tracking assignment matched destroyed target (targetID=55, eventWatcher=4)
[0402-close] no active tracking assignment matched destroyed target (targetID=56, eventWatcher=5)
[0402-close] no active tracking assignment matched destroyed target (targetID=59, eventWatcher=4)
[0402-close] no active tracking assignment matched destroyed target (targetID=60, eventWatcher=5)
[0402-close] no active tracking assignment matched destroyed target (targetID=61, eventWatcher=6)
[0402-close] no active tracking assignment matched destroyed target (targetID=62, eventWatcher=6)
[0402-close] no active tracking assignment matched destroyed target (targetID=53, eventWatcher=4)
[0402-close] no active tracking assignment matched destroyed target (targetID=54, eventWatcher=6)
[0402-close] no active tracking assignment matched destroyed target (targetID=55, eventWatcher=4)
[0402-close] no active tracking assignment matched destroyed target (targetID=56, eventWatcher=5)
[0402-close] no active tracking assignment matched destroyed target (targetID=59, eventWatcher=4)
[0402-close] no active tracking assignment matched destroyed target (targetID=60, eventWatcher=5)
[0402-close] no active tracking assignment matched destroyed target (targetID=61, eventWatcher=6)
[0402-close] no active tracking assignment matched destroyed target (targetID=62, eventWatcher=6)
[0402-close] no active tracking assignment matched destroyed target (targetID=53, eventWatcher=4)
[0402-close] no active tracking assignment matched destroyed target (targetID=54, eventWatcher=6)
[0402-close] no active tracking assignment matched destroyed target (targetID=55, eventWatcher=4)
[0402-close] no active tracking assignment matched destroyed target (targetID=56, eventWatcher=5)
[0402-close] no active tracking assignment matched destroyed target (targetID=59, eventWatcher=4)
[0402-close] no active tracking assignment matched destroyed target (targetID=60, eventWatcher=5)
[0402-close] no active tracking assignment matched destroyed target (targetID=61, eventWatcher=6)
[0402-close] no active tracking assignment matched destroyed target (targetID=62, eventWatcher=6)
[0402-close] no active tracking assignment matched destroyed target (targetID=53, eventWatcher=4)
[0402-close] no active tracking assignment matched destroyed target (targetID=54, eventWatcher=6)
[0402-close] no active tracking assignment matched destroyed target (targetID=55, eventWatcher=4)
[0402-close] no active tracking assignment matched destroyed target (targetID=56, eventWatcher=5)
[0402-close] no active tracking assignment matched destroyed target (targetID=59, eventWatcher=4)
[0402-close] no active tracking assignment matched destroyed target (targetID=60, eventWatcher=5)
[0402-close] no active tracking assignment matched destroyed target (targetID=61, eventWatcher=6)
[0402-close] no active tracking assignment matched destroyed target (targetID=62, eventWatcher=6)
[0402-close] no active tracking assignment matched destroyed target (targetID=53, eventWatcher=4)
[0402-close] no active tracking assignment matched destroyed target (targetID=54, eventWatcher=6)
[0402-close] no active tracking assignment matched destroyed target (targetID=55, eventWatcher=4)
[0402-close] no active tracking assignment matched destroyed target (targetID=56, eventWatcher=5)
[0402-close] no active tracking assignment matched destroyed target (targetID=59, eventWatcher=4)
[0402-close] no active tracking assignment matched destroyed target (targetID=60, eventWatcher=5)
[0402-close] no active tracking assignment matched destroyed target (targetID=61, eventWatcher=6)
[0402-close] no active tracking assignment matched destroyed target (targetID=62, eventWatcher=6)
[0402-close] no active tracking assignment matched destroyed target (targetID=53, eventWatcher=4)
[0402-close] no active tracking assignment matched destroyed target (targetID=54, eventWatcher=6)
[0402-close] no active tracking assignment matched destroyed target (targetID=55, eventWatcher=4)
[0402-close] no active tracking assignment matched destroyed target (targetID=56, eventWatcher=5)
[0402-close] no active tracking assignment matched destroyed target (targetID=59, eventWatcher=4)
[0402-close] no active tracking assignment matched destroyed target (targetID=60, eventWatcher=5)
[0402-close] no active tracking assignment matched destroyed target (targetID=61, eventWatcher=6)
[0402-close] no active tracking assignment matched destroyed target (targetID=62, eventWatcher=6)
[0402-close] no active tracking assignment matched destroyed target (targetID=53, eventWatcher=4)
[0402-close] no active tracking assignment matched destroyed target (targetID=54, eventWatcher=6)
[0402-close] no active tracking assignment matched destroyed target (targetID=55, eventWatcher=4)
[0402-close] no active tracking assignment matched destroyed target (targetID=56, eventWatcher=5)
[0402-close] no active tracking assignment matched destroyed target (targetID=59, eventWatcher=4)
[0402-close] no active tracking assignment matched destroyed target (targetID=60, eventWatcher=5)
[0402-close] no active tracking assignment matched destroyed target (targetID=61, eventWatcher=6)
[0402-close] no active tracking assignment matched destroyed target (targetID=62, eventWatcher=6)
[0402-close] no active tracking assignment matched destroyed target (targetID=53, eventWatcher=4)
[0402-close] no active tracking assignment matched destroyed target (targetID=54, eventWatcher=6)
[0402-close] no active tracking assignment matched destroyed target (targetID=55, eventWatcher=4)
[0402-close] no active tracking assignment matched destroyed target (targetID=56, eventWatcher=5)
[0402-close] no active tracking assignment matched destroyed target (targetID=59, eventWatcher=4)
[0402-close] no active tracking assignment matched destroyed target (targetID=60, eventWatcher=5)
[0402-close] no active tracking assignment matched destroyed target (targetID=61, eventWatcher=6)
[0402-close] no active tracking assignment matched destroyed target (targetID=62, eventWatcher=6)
[0402-close] no active tracking assignment matched destroyed target (targetID=53, eventWatcher=4)
[0402-close] no active tracking assignment matched destroyed target (targetID=54, eventWatcher=6)
[0402-close] no active tracking assignment matched destroyed target (targetID=55, eventWatcher=4)
[0402-close] no active tracking assignment matched destroyed target (targetID=56, eventWatcher=5)
[0402-close] no active tracking assignment matched destroyed target (targetID=59, eventWatcher=4)
[0402-close] no active tracking assignment matched destroyed target (targetID=60, eventWatcher=5)
[0402-close] no active tracking assignment matched destroyed target (targetID=61, eventWatcher=6)
[0402-close] no active tracking assignment matched destroyed target (targetID=62, eventWatcher=6)
[0402-close] no active tracking assignment matched destroyed target (targetID=53, eventWatcher=4)
[0402-close] no active tracking assignment matched destroyed target (targetID=54, eventWatcher=6)
[0402-close] no active tracking assignment matched destroyed target (targetID=55, eventWatcher=4)
[0402-close] no active tracking assignment matched destroyed target (targetID=56, eventWatcher=5)
[0402-close] no active tracking assignment matched destroyed target (targetID=59, eventWatcher=4)
[0402-close] no active tracking assignment matched destroyed target (targetID=60, eventWatcher=5)
[0402-close] no active tracking assignment matched destroyed target (targetID=61, eventWatcher=6)
[0402-close] no active tracking assignment matched destroyed target (targetID=62, eventWatcher=6)
[0402-close] no active tracking assignment matched destroyed target (targetID=53, eventWatcher=4)
[0402-close] no active tracking assignment matched destroyed target (targetID=54, eventWatcher=6)
[0402-close] no active tracking assignment matched destroyed target (targetID=55, eventWatcher=4)
[0402-close] no active tracking assignment matched destroyed target (targetID=56, eventWatcher=5)
[0402-close] no active tracking assignment matched destroyed target (targetID=59, eventWatcher=4)
[0402-close] no active tracking assignment matched destroyed target (targetID=60, eventWatcher=5)
[0402-close] no active tracking assignment matched destroyed target (targetID=61, eventWatcher=6)
[0402-close] no active tracking assignment matched destroyed target (targetID=62, eventWatcher=6)
[0402-close] no active tracking assignment matched destroyed target (targetID=53, eventWatcher=4)
[0402-close] no active tracking assignment matched destroyed target (targetID=54, eventWatcher=6)
[0402-close] no active tracking assignment matched destroyed target (targetID=55, eventWatcher=4)
[0402-close] no active tracking assignment matched destroyed target (targetID=56, eventWatcher=5)
[0402-close] no active tracking assignment matched destroyed target (targetID=59, eventWatcher=4)
[0402-close] no active tracking assignment matched destroyed target (targetID=60, eventWatcher=5)
[0402-close] no active tracking assignment matched destroyed target (targetID=61, eventWatcher=6)
[0402-close] no active tracking assignment matched destroyed target (targetID=62, eventWatcher=6)
[0402-close] no active tracking assignment matched destroyed target (targetID=53, eventWatcher=4)
[0402-close] no active tracking assignment matched destroyed target (targetID=54, eventWatcher=6)
[0402-close] no active tracking assignment matched destroyed target (targetID=55, eventWatcher=4)
[0402-close] no active tracking assignment matched destroyed target (targetID=56, eventWatcher=5)
[0402-close] no active tracking assignment matched destroyed target (targetID=59, eventWatcher=4)
[0402-close] no active tracking assignment matched destroyed target (targetID=60, eventWatcher=5)
[0402-close] no active tracking assignment matched destroyed target (targetID=61, eventWatcher=6)
[0402-close] no active tracking assignment matched destroyed target (targetID=62, eventWatcher=6)
[0402-close] no active tracking assignment matched destroyed target (targetID=53, eventWatcher=4)
[0402-close] no active tracking assignment matched destroyed target (targetID=54, eventWatcher=6)
[0402-close] no active tracking assignment matched destroyed target (targetID=55, eventWatcher=4)
[0402-close] no active tracking assignment matched destroyed target (targetID=56, eventWatcher=5)
[0402-close] no active tracking assignment matched destroyed target (targetID=59, eventWatcher=4)
[0402-close] no active tracking assignment matched destroyed target (targetID=60, eventWatcher=5)
[0402-close] no active tracking assignment matched destroyed target (targetID=61, eventWatcher=6)
[0402-close] no active tracking assignment matched destroyed target (targetID=62, eventWatcher=6)
[0402-close] no active tracking assignment matched destroyed target (targetID=53, eventWatcher=4)
[0402-close] no active tracking assignment matched destroyed target (targetID=54, eventWatcher=6)
[0402-close] no active tracking assignment matched destroyed target (targetID=55, eventWatcher=4)
[0402-close] no active tracking assignment matched destroyed target (targetID=56, eventWatcher=5)
[0402-close] no active tracking assignment matched destroyed target (targetID=59, eventWatcher=4)
[0402-close] no active tracking assignment matched destroyed target (targetID=60, eventWatcher=5)
[0402-close] no active tracking assignment matched destroyed target (targetID=61, eventWatcher=6)
[0402-close] no active tracking assignment matched destroyed target (targetID=62, eventWatcher=6)
[0402-close] no active tracking assignment matched destroyed target (targetID=53, eventWatcher=4)
[0402-close] no active tracking assignment matched destroyed target (targetID=54, eventWatcher=6)
[0402-close] no active tracking assignment matched destroyed target (targetID=55, eventWatcher=4)
[0402-close] no active tracking assignment matched destroyed target (targetID=56, eventWatcher=5)
[0402-close] no active tracking assignment matched destroyed target (targetID=59, eventWatcher=4)
[0402-close] no active tracking assignment matched destroyed target (targetID=60, eventWatcher=5)
[0402-close] no active tracking assignment matched destroyed target (targetID=61, eventWatcher=6)
[0402-close] no active tracking assignment matched destroyed target (targetID=62, eventWatcher=6)
[0402-close] no active tracking assignment matched destroyed target (targetID=53, eventWatcher=4)
[0402-close] no active tracking assignment matched destroyed target (targetID=54, eventWatcher=6)
[0402-close] no active tracking assignment matched destroyed target (targetID=55, eventWatcher=4)
[0402-close] no active tracking assignment matched destroyed target (targetID=56, eventWatcher=5)
[0402-close] no active tracking assignment matched destroyed target (targetID=59, eventWatcher=4)
[0402-close] no active tracking assignment matched destroyed target (targetID=60, eventWatcher=5)
[0402-close] no active tracking assignment matched destroyed target (targetID=61, eventWatcher=6)
[0402-close] no active tracking assignment matched destroyed target (targetID=62, eventWatcher=6)
[0402-close] no active tracking assignment matched destroyed target (targetID=53, eventWatcher=4)
[0402-close] no active tracking assignment matched destroyed target (targetID=54, eventWatcher=6)
[0402-close] no active tracking assignment matched destroyed target (targetID=55, eventWatcher=4)
[0402-close] no active tracking assignment matched destroyed target (targetID=56, eventWatcher=5)
[0402-close] no active tracking assignment matched destroyed target (targetID=59, eventWatcher=4)
[0402-close] no active tracking assignment matched destroyed target (targetID=60, eventWatcher=5)
[0402-close] no active tracking assignment matched destroyed target (targetID=61, eventWatcher=6)
[0402-close] no active tracking assignment matched destroyed target (targetID=62, eventWatcher=6)
[0402-close] no active tracking assignment matched destroyed target (targetID=53, eventWatcher=4)
[0402-close] no active tracking assignment matched destroyed target (targetID=54, eventWatcher=6)
[0402-close] no active tracking assignment matched destroyed target (targetID=55, eventWatcher=4)
[0402-close] no active tracking assignment matched destroyed target (targetID=56, eventWatcher=5)
[0402-close] no active tracking assignment matched destroyed target (targetID=59, eventWatcher=4)
[0402-close] no active tracking assignment matched destroyed target (targetID=60, eventWatcher=5)
[0402-close] no active tracking assignment matched destroyed target (targetID=61, eventWatcher=6)
[0402-close] no active tracking assignment matched destroyed target (targetID=62, eventWatcher=6)
[0402-close] no active tracking assignment matched destroyed target (targetID=53, eventWatcher=4)
[0402-close] no active tracking assignment matched destroyed target (targetID=54, eventWatcher=6)
[0402-close] no active tracking assignment matched destroyed target (targetID=55, eventWatcher=4)
[0402-close] no active tracking assignment matched destroyed target (targetID=56, eventWatcher=5)
[0402-close] no active tracking assignment matched destroyed target (targetID=59, eventWatcher=4)
[0402-close] no active tracking assignment matched destroyed target (targetID=60, eventWatcher=5)
[0402-close] no active tracking assignment matched destroyed target (targetID=61, eventWatcher=6)
[0402-close] no active tracking assignment matched destroyed target (targetID=62, eventWatcher=6)
[0402-close] no active tracking assignment matched destroyed target (targetID=53, eventWatcher=4)
[0402-close] no active tracking assignment matched destroyed target (targetID=54, eventWatcher=6)
[0402-close] no active tracking assignment matched destroyed target (targetID=55, eventWatcher=4)
[0402-close] no active tracking assignment matched destroyed target (targetID=56, eventWatcher=5)
[0402-close] no active tracking assignment matched destroyed target (targetID=59, eventWatcher=4)
[0402-close] no active tracking assignment matched destroyed target (targetID=60, eventWatcher=5)
[0402-close] no active tracking assignment matched destroyed target (targetID=61, eventWatcher=6)
[0402-close] no active tracking assignment matched destroyed target (targetID=62, eventWatcher=6)
[0402-close] no active tracking assignment matched destroyed target (targetID=53, eventWatcher=4)
[0402-close] no active tracking assignment matched destroyed target (targetID=54, eventWatcher=6)
[0402-close] no active tracking assignment matched destroyed target (targetID=55, eventWatcher=4)
[0402-close] no active tracking assignment matched destroyed target (targetID=56, eventWatcher=5)
[0402-close] no active tracking assignment matched destroyed target (targetID=59, eventWatcher=4)
[0402-close] no active tracking assignment matched destroyed target (targetID=60, eventWatcher=5)
[0402-close] no active tracking assignment matched destroyed target (targetID=61, eventWatcher=6)
[0402-close] no active tracking assignment matched destroyed target (targetID=62, eventWatcher=6)
[0402-close] no active tracking assignment matched destroyed target (targetID=53, eventWatcher=4)
[0402-close] no active tracking assignment matched destroyed target (targetID=54, eventWatcher=6)
[0402-close] no active tracking assignment matched destroyed target (targetID=55, eventWatcher=4)
[0402-close] no active tracking assignment matched destroyed target (targetID=56, eventWatcher=5)
[0402-close] no active tracking assignment matched destroyed target (targetID=59, eventWatcher=4)
[0402-close] no active tracking assignment matched destroyed target (targetID=60, eventWatcher=5)
[0402-close] no active tracking assignment matched destroyed target (targetID=61, eventWatcher=6)
[0402-close] no active tracking assignment matched destroyed target (targetID=62, eventWatcher=6)
[0402-close] no active tracking assignment matched destroyed target (targetID=53, eventWatcher=4)
[0402-close] no active tracking assignment matched destroyed target (targetID=54, eventWatcher=6)
[0402-close] no active tracking assignment matched destroyed target (targetID=55, eventWatcher=4)
[0402-close] no active tracking assignment matched destroyed target (targetID=56, eventWatcher=5)
[0402-close] no active tracking assignment matched destroyed target (targetID=59, eventWatcher=4)
[0402-close] no active tracking assignment matched destroyed target (targetID=60, eventWatcher=5)
[0402-close] no active tracking assignment matched destroyed target (targetID=61, eventWatcher=6)
[0402-close] no active tracking assignment matched destroyed target (targetID=62, eventWatcher=6)
[0402-close] no active tracking assignment matched destroyed target (targetID=53, eventWatcher=4)
[0402-close] no active tracking assignment matched destroyed target (targetID=54, eventWatcher=6)
[0402-close] no active tracking assignment matched destroyed target (targetID=55, eventWatcher=4)
[0402-close] no active tracking assignment matched destroyed target (targetID=56, eventWatcher=5)
[0402-close] no active tracking assignment matched destroyed target (targetID=59, eventWatcher=4)
[0402-close] no active tracking assignment matched destroyed target (targetID=60, eventWatcher=5)
[0402-close] no active tracking assignment matched destroyed target (targetID=61, eventWatcher=6)
[0402-close] no active tracking assignment matched destroyed target (targetID=62, eventWatcher=6)
[0402-close] no active tracking assignment matched destroyed target (targetID=53, eventWatcher=4)
[0402-close] no active tracking assignment matched destroyed target (targetID=54, eventWatcher=6)
[0402-close] no active tracking assignment matched destroyed target (targetID=55, eventWatcher=4)
[0402-close] no active tracking assignment matched destroyed target (targetID=56, eventWatcher=5)
[0402-close] no active tracking assignment matched destroyed target (targetID=59, eventWatcher=4)
[0402-close] no active tracking assignment matched destroyed target (targetID=60, eventWatcher=5)
[0402-close] no active tracking assignment matched destroyed target (targetID=61, eventWatcher=6)
[0402-close] no active tracking assignment matched destroyed target (targetID=62, eventWatcher=6)
[0402-close] no active tracking assignment matched destroyed target (targetID=53, eventWatcher=4)
[0402-close] no active tracking assignment matched destroyed target (targetID=54, eventWatcher=6)
[0402-close] no active tracking assignment matched destroyed target (targetID=55, eventWatcher=4)
[0402-close] no active tracking assignment matched destroyed target (targetID=56, eventWatcher=5)
[0402-close] no active tracking assignment matched destroyed target (targetID=59, eventWatcher=4)
[0402-close] no active tracking assignment matched destroyed target (targetID=60, eventWatcher=5)
[0402-close] no active tracking assignment matched destroyed target (targetID=61, eventWatcher=6)
[0402-close] no active tracking assignment matched destroyed target (targetID=62, eventWatcher=6)
[0402-close] no active tracking assignment matched destroyed target (targetID=53, eventWatcher=4)
[0402-close] no active tracking assignment matched destroyed target (targetID=54, eventWatcher=6)
[0402-close] no active tracking assignment matched destroyed target (targetID=55, eventWatcher=4)
[0402-close] no active tracking assignment matched destroyed target (targetID=56, eventWatcher=5)
[0402-close] no active tracking assignment matched destroyed target (targetID=59, eventWatcher=4)
[0402-close] no active tracking assignment matched destroyed target (targetID=60, eventWatcher=5)
[0402-close] no active tracking assignment matched destroyed target (targetID=61, eventWatcher=6)
[0402-close] no active tracking assignment matched destroyed target (targetID=62, eventWatcher=6)
[0402-close] no active tracking assignment matched destroyed target (targetID=53, eventWatcher=4)
[0402-close] no active tracking assignment matched destroyed target (targetID=54, eventWatcher=6)
[0402-close] no active tracking assignment matched destroyed target (targetID=55, eventWatcher=4)
[0402-close] no active tracking assignment matched destroyed target (targetID=56, eventWatcher=5)
[0402-close] no active tracking assignment matched destroyed target (targetID=59, eventWatcher=4)
[0402-close] no active tracking assignment matched destroyed target (targetID=60, eventWatcher=5)
[0402-close] no active tracking assignment matched destroyed target (targetID=61, eventWatcher=6)
[0402-close] no active tracking assignment matched destroyed target (targetID=62, eventWatcher=6)
[0402-close] no active tracking assignment matched destroyed target (targetID=53, eventWatcher=4)
[0402-close] no active tracking assignment matched destroyed target (targetID=54, eventWatcher=6)
[0402-close] no active tracking assignment matched destroyed target (targetID=55, eventWatcher=4)
[0402-close] no active tracking assignment matched destroyed target (targetID=56, eventWatcher=5)
[0402-close] no active tracking assignment matched destroyed target (targetID=59, eventWatcher=4)
[0402-close] no active tracking assignment matched destroyed target (targetID=60, eventWatcher=5)
[0402-close] no active tracking assignment matched destroyed target (targetID=61, eventWatcher=6)
[0402-close] no active tracking assignment matched destroyed target (targetID=62, eventWatcher=6)
[0402-close] no active tracking assignment matched destroyed target (targetID=53, eventWatcher=4)
[0402-close] no active tracking assignment matched destroyed target (targetID=54, eventWatcher=6)
[0402-close] no active tracking assignment matched destroyed target (targetID=55, eventWatcher=4)
[0402-close] no active tracking assignment matched destroyed target (targetID=56, eventWatcher=5)
[0402-close] no active tracking assignment matched destroyed target (targetID=59, eventWatcher=4)
[0402-close] no active tracking assignment matched destroyed target (targetID=60, eventWatcher=5)
[0402-close] no active tracking assignment matched destroyed target (targetID=61, eventWatcher=6)
[0402-close] no active tracking assignment matched destroyed target (targetID=62, eventWatcher=6)
[0402-close] no active tracking assignment matched destroyed target (targetID=53, eventWatcher=4)
[0402-close] no active tracking assignment matched destroyed target (targetID=54, eventWatcher=6)
[0402-close] no active tracking assignment matched destroyed target (targetID=55, eventWatcher=4)
[0402-close] no active tracking assignment matched destroyed target (targetID=56, eventWatcher=5)
[0402-close] no active tracking assignment matched destroyed target (targetID=59, eventWatcher=4)
[0402-close] no active tracking assignment matched destroyed target (targetID=60, eventWatcher=5)
[0402-close] no active tracking assignment matched destroyed target (targetID=61, eventWatcher=6)
[0402-close] no active tracking assignment matched destroyed target (targetID=62, eventWatcher=6)
[0402-close] no active tracking assignment matched destroyed target (targetID=53, eventWatcher=4)
[0402-close] no active tracking assignment matched destroyed target (targetID=54, eventWatcher=6)
[0402-close] no active tracking assignment matched destroyed target (targetID=55, eventWatcher=4)
[0402-close] no active tracking assignment matched destroyed target (targetID=56, eventWatcher=5)
[0402-close] no active tracking assignment matched destroyed target (targetID=59, eventWatcher=4)
[0402-close] no active tracking assignment matched destroyed target (targetID=60, eventWatcher=5)
[0402-close] no active tracking assignment matched destroyed target (targetID=61, eventWatcher=6)
[0402-close] no active tracking assignment matched destroyed target (targetID=62, eventWatcher=6)
[0402-close] no active tracking assignment matched destroyed target (targetID=53, eventWatcher=4)
[0402-close] no active tracking assignment matched destroyed target (targetID=54, eventWatcher=6)
[0402-close] no active tracking assignment matched destroyed target (targetID=55, eventWatcher=4)
[0402-close] no active tracking assignment matched destroyed target (targetID=56, eventWatcher=5)
[0402-close] no active tracking assignment matched destroyed target (targetID=59, eventWatcher=4)
[0402-close] no active tracking assignment matched destroyed target (targetID=60, eventWatcher=5)
[0402-close] no active tracking assignment matched destroyed target (targetID=61, eventWatcher=6)
[0402-close] no active tracking assignment matched destroyed target (targetID=62, eventWatcher=6)
[0402-close] no active tracking assignment matched destroyed target (targetID=53, eventWatcher=4)
[0402-close] no active tracking assignment matched destroyed target (targetID=54, eventWatcher=6)
[0402-close] no active tracking assignment matched destroyed target (targetID=55, eventWatcher=4)
[0402-close] no active tracking assignment matched destroyed target (targetID=56, eventWatcher=5)
[0402-close] no active tracking assignment matched destroyed target (targetID=59, eventWatcher=4)
[0402-close] no active tracking assignment matched destroyed target (targetID=60, eventWatcher=5)
[0402-close] no active tracking assignment matched destroyed target (targetID=61, eventWatcher=6)
[0402-close] no active tracking assignment matched destroyed target (targetID=62, eventWatcher=6)
[0402-close] no active tracking assignment matched destroyed target (targetID=53, eventWatcher=4)
[0402-close] no active tracking assignment matched destroyed target (targetID=54, eventWatcher=6)
[0402-close] no active tracking assignment matched destroyed target (targetID=55, eventWatcher=4)
[0402-close] no active tracking assignment matched destroyed target (targetID=56, eventWatcher=5)
[0402-close] no active tracking assignment matched destroyed target (targetID=59, eventWatcher=4)
[0402-close] no active tracking assignment matched destroyed target (targetID=60, eventWatcher=5)
[0402-close] no active tracking assignment matched destroyed target (targetID=61, eventWatcher=6)
[0402-close] no active tracking assignment matched destroyed target (targetID=62, eventWatcher=6)
[0402-close] no active tracking assignment matched destroyed target (targetID=53, eventWatcher=4)
[0402-close] no active tracking assignment matched destroyed target (targetID=54, eventWatcher=6)
[0402-close] no active tracking assignment matched destroyed target (targetID=55, eventWatcher=4)
[0402-close] no active tracking assignment matched destroyed target (targetID=56, eventWatcher=5)
[0402-close] no active tracking assignment matched destroyed target (targetID=59, eventWatcher=4)
[0402-close] no active tracking assignment matched destroyed target (targetID=60, eventWatcher=5)
[0402-close] no active tracking assignment matched destroyed target (targetID=61, eventWatcher=6)
[0402-close] no active tracking assignment matched destroyed target (targetID=62, eventWatcher=6)
[0402-close] no active tracking assignment matched destroyed target (targetID=53, eventWatcher=4)
[0402-close] no active tracking assignment matched destroyed target (targetID=54, eventWatcher=6)
[0402-close] no active tracking assignment matched destroyed target (targetID=55, eventWatcher=4)
[0402-close] no active tracking assignment matched destroyed target (targetID=56, eventWatcher=5)
[0402-close] no active tracking assignment matched destroyed target (targetID=59, eventWatcher=4)
[0402-close] no active tracking assignment matched destroyed target (targetID=60, eventWatcher=5)
[0402-close] no active tracking assignment matched destroyed target (targetID=61, eventWatcher=6)
[0402-close] no active tracking assignment matched destroyed target (targetID=62, eventWatcher=6)
[0402-close] no active tracking assignment matched destroyed target (targetID=53, eventWatcher=4)
[0402-close] no active tracking assignment matched destroyed target (targetID=54, eventWatcher=6)
[0402-close] no active tracking assignment matched destroyed target (targetID=55, eventWatcher=4)
[0402-close] no active tracking assignment matched destroyed target (targetID=56, eventWatcher=5)
[0402-close] no active tracking assignment matched destroyed target (targetID=59, eventWatcher=4)
[0402-close] no active tracking assignment matched destroyed target (targetID=60, eventWatcher=5)
[0402-close] no active tracking assignment matched destroyed target (targetID=61, eventWatcher=6)
[0402-close] no active tracking assignment matched destroyed target (targetID=62, eventWatcher=6)
[0402-close] no active tracking assignment matched destroyed target (targetID=53, eventWatcher=4)
[0402-close] no active tracking assignment matched destroyed target (targetID=54, eventWatcher=6)
[0402-close] no active tracking assignment matched destroyed target (targetID=55, eventWatcher=4)
[0402-close] no active tracking assignment matched destroyed target (targetID=56, eventWatcher=5)
[0402-close] no active tracking assignment matched destroyed target (targetID=59, eventWatcher=4)
[0402-close] no active tracking assignment matched destroyed target (targetID=60, eventWatcher=5)
[0402-close] no active tracking assignment matched destroyed target (targetID=61, eventWatcher=6)
[0402-close] no active tracking assignment matched destroyed target (targetID=62, eventWatcher=6)
[0402-close] no active tracking assignment matched destroyed target (targetID=53, eventWatcher=4)
[0402-close] no active tracking assignment matched destroyed target (targetID=54, eventWatcher=6)
[0402-close] no active tracking assignment matched destroyed target (targetID=55, eventWatcher=4)
[0402-close] no active tracking assignment matched destroyed target (targetID=56, eventWatcher=5)
[0402-close] no active tracking assignment matched destroyed target (targetID=59, eventWatcher=4)
[0402-close] no active tracking assignment matched destroyed target (targetID=60, eventWatcher=5)
[0402-close] no active tracking assignment matched destroyed target (targetID=61, eventWatcher=6)
[0402-close] no active tracking assignment matched destroyed target (targetID=62, eventWatcher=6)
[0402-close] no active tracking assignment matched destroyed target (targetID=53, eventWatcher=4)
[0402-close] no active tracking assignment matched destroyed target (targetID=54, eventWatcher=6)
[0402-close] no active tracking assignment matched destroyed target (targetID=55, eventWatcher=4)
[0402-close] no active tracking assignment matched destroyed target (targetID=56, eventWatcher=5)
[0402-close] no active tracking assignment matched destroyed target (targetID=59, eventWatcher=4)
[0402-close] no active tracking assignment matched destroyed target (targetID=60, eventWatcher=5)
[0402-close] no active tracking assignment matched destroyed target (targetID=61, eventWatcher=6)
[0402-close] no active tracking assignment matched destroyed target (targetID=62, eventWatcher=6)
[0402-close] no active tracking assignment matched destroyed target (targetID=53, eventWatcher=4)
[0402-close] no active tracking assignment matched destroyed target (targetID=54, eventWatcher=6)
[0402-close] no active tracking assignment matched destroyed target (targetID=55, eventWatcher=4)
[0402-close] no active tracking assignment matched destroyed target (targetID=56, eventWatcher=5)
[0402-close] no active tracking assignment matched destroyed target (targetID=59, eventWatcher=4)
[0402-close] no active tracking assignment matched destroyed target (targetID=60, eventWatcher=5)
[0402-close] no active tracking assignment matched destroyed target (targetID=61, eventWatcher=6)
[0402-close] no active tracking assignment matched destroyed target (targetID=62, eventWatcher=6)
[0402-close] no active tracking assignment matched destroyed target (targetID=53, eventWatcher=4)
[0402-close] no active tracking assignment matched destroyed target (targetID=54, eventWatcher=6)
[0402-close] no active tracking assignment matched destroyed target (targetID=55, eventWatcher=4)
[0402-close] no active tracking assignment matched destroyed target (targetID=56, eventWatcher=5)
[0402-close] no active tracking assignment matched destroyed target (targetID=59, eventWatcher=4)
[0402-close] no active tracking assignment matched destroyed target (targetID=60, eventWatcher=5)
[0402-close] no active tracking assignment matched destroyed target (targetID=61, eventWatcher=6)
[0402-close] no active tracking assignment matched destroyed target (targetID=62, eventWatcher=6)
[0402-close] no active tracking assignment matched destroyed target (targetID=53, eventWatcher=4)
[0402-close] no active tracking assignment matched destroyed target (targetID=54, eventWatcher=6)
[0402-close] no active tracking assignment matched destroyed target (targetID=55, eventWatcher=4)
[0402-close] no active tracking assignment matched destroyed target (targetID=56, eventWatcher=5)
[0402-close] no active tracking assignment matched destroyed target (targetID=59, eventWatcher=4)
[0402-close] no active tracking assignment matched destroyed target (targetID=60, eventWatcher=5)
[0402-close] no active tracking assignment matched destroyed target (targetID=61, eventWatcher=6)
[0402-close] no active tracking assignment matched destroyed target (targetID=62, eventWatcher=6)
[0402-close] no active tracking assignment matched destroyed target (targetID=53, eventWatcher=4)
[0402-close] no active tracking assignment matched destroyed target (targetID=54, eventWatcher=6)
[0402-close] no active tracking assignment matched destroyed target (targetID=55, eventWatcher=4)
[0402-close] no active tracking assignment matched destroyed target (targetID=56, eventWatcher=5)
[0402-close] no active tracking assignment matched destroyed target (targetID=59, eventWatcher=4)
[0402-close] no active tracking assignment matched destroyed target (targetID=60, eventWatcher=5)
[0402-close] no active tracking assignment matched destroyed target (targetID=61, eventWatcher=6)
[0402-close] no active tracking assignment matched destroyed target (targetID=62, eventWatcher=6)
[0402-close] no active tracking assignment matched destroyed target (targetID=53, eventWatcher=4)
[0402-close] no active tracking assignment matched destroyed target (targetID=54, eventWatcher=6)
[0402-close] no active tracking assignment matched destroyed target (targetID=55, eventWatcher=4)
[0402-close] no active tracking assignment matched destroyed target (targetID=56, eventWatcher=5)
[0402-close] no active tracking assignment matched destroyed target (targetID=59, eventWatcher=4)
[0402-close] no active tracking assignment matched destroyed target (targetID=60, eventWatcher=5)
[0402-close] no active tracking assignment matched destroyed target (targetID=61, eventWatcher=6)
[0402-close] no active tracking assignment matched destroyed target (targetID=62, eventWatcher=6)
[0402-close] no active tracking assignment matched destroyed target (targetID=53, eventWatcher=4)
[0402-close] no active tracking assignment matched destroyed target (targetID=54, eventWatcher=6)
[0402-close] no active tracking assignment matched destroyed target (targetID=55, eventWatcher=4)
[0402-close] no active tracking assignment matched destroyed target (targetID=56, eventWatcher=5)
[0402-close] no active tracking assignment matched destroyed target (targetID=59, eventWatcher=4)
[0402-close] no active tracking assignment matched destroyed target (targetID=60, eventWatcher=5)
[0402-close] no active tracking assignment matched destroyed target (targetID=61, eventWatcher=6)
[0402-close] no active tracking assignment matched destroyed target (targetID=62, eventWatcher=6)
[0402-close] no active tracking assignment matched destroyed target (targetID=53, eventWatcher=4)
[0402-close] no active tracking assignment matched destroyed target (targetID=54, eventWatcher=6)
[0402-close] no active tracking assignment matched destroyed target (targetID=55, eventWatcher=4)
[0402-close] no active tracking assignment matched destroyed target (targetID=56, eventWatcher=5)
[0402-close] no active tracking assignment matched destroyed target (targetID=59, eventWatcher=4)
[0402-close] no active tracking assignment matched destroyed target (targetID=60, eventWatcher=5)
[0402-close] no active tracking assignment matched destroyed target (targetID=61, eventWatcher=6)
[0402-close] no active tracking assignment matched destroyed target (targetID=62, eventWatcher=6)
[0402-close] no active tracking assignment matched destroyed target (targetID=53, eventWatcher=4)
[0402-close] no active tracking assignment matched destroyed target (targetID=54, eventWatcher=6)
[0402-close] no active tracking assignment matched destroyed target (targetID=55, eventWatcher=4)
[0402-close] no active tracking assignment matched destroyed target (targetID=56, eventWatcher=5)
[0402-close] no active tracking assignment matched destroyed target (targetID=59, eventWatcher=4)
[0402-close] no active tracking assignment matched destroyed target (targetID=60, eventWatcher=5)
[0402-close] no active tracking assignment matched destroyed target (targetID=61, eventWatcher=6)
[0402-close] no active tracking assignment matched destroyed target (targetID=62, eventWatcher=6)
[0402-close] no active tracking assignment matched destroyed target (targetID=53, eventWatcher=4)
[0402-close] no active tracking assignment matched destroyed target (targetID=54, eventWatcher=6)
[0402-close] no active tracking assignment matched destroyed target (targetID=55, eventWatcher=4)
[0402-close] no active tracking assignment matched destroyed target (targetID=56, eventWatcher=5)
[0402-close] no active tracking assignment matched destroyed target (targetID=59, eventWatcher=4)
[0402-close] no active tracking assignment matched destroyed target (targetID=60, eventWatcher=5)
[0402-close] no active tracking assignment matched destroyed target (targetID=61, eventWatcher=6)
[0402-close] no active tracking assignment matched destroyed target (targetID=62, eventWatcher=6)
[0402-close] no active tracking assignment matched destroyed target (targetID=53, eventWatcher=4)
[0402-close] no active tracking assignment matched destroyed target (targetID=54, eventWatcher=6)
[0402-close] no active tracking assignment matched destroyed target (targetID=55, eventWatcher=4)
[0402-close] no active tracking assignment matched destroyed target (targetID=56, eventWatcher=5)
[0402-close] no active tracking assignment matched destroyed target (targetID=59, eventWatcher=4)
[0402-close] no active tracking assignment matched destroyed target (targetID=60, eventWatcher=5)
[0402-close] no active tracking assignment matched destroyed target (targetID=61, eventWatcher=6)
[0402-close] no active tracking assignment matched destroyed target (targetID=62, eventWatcher=6)
[0402-close] no active tracking assignment matched destroyed target (targetID=53, eventWatcher=4)
[0402-close] no active tracking assignment matched destroyed target (targetID=54, eventWatcher=6)
[0402-close] no active tracking assignment matched destroyed target (targetID=55, eventWatcher=4)
[0402-close] no active tracking assignment matched destroyed target (targetID=56, eventWatcher=5)
[0402-close] no active tracking assignment matched destroyed target (targetID=59, eventWatcher=4)
[0402-close] no active tracking assignment matched destroyed target (targetID=60, eventWatcher=5)
[0402-close] no active tracking assignment matched destroyed target (targetID=61, eventWatcher=6)
[0402-close] no active tracking assignment matched destroyed target (targetID=62, eventWatcher=6)
[0402-close] no active tracking assignment matched destroyed target (targetID=53, eventWatcher=4)
[0402-close] no active tracking assignment matched destroyed target (targetID=54, eventWatcher=6)
[0402-close] no active tracking assignment matched destroyed target (targetID=55, eventWatcher=4)
[0402-close] no active tracking assignment matched destroyed target (targetID=56, eventWatcher=5)
[0402-close] no active tracking assignment matched destroyed target (targetID=59, eventWatcher=4)
[0402-close] no active tracking assignment matched destroyed target (targetID=60, eventWatcher=5)
[0402-close] no active tracking assignment matched destroyed target (targetID=61, eventWatcher=6)
[0402-close] no active tracking assignment matched destroyed target (targetID=62, eventWatcher=6)
[0402-close] no active tracking assignment matched destroyed target (targetID=53, eventWatcher=4)
[0402-close] no active tracking assignment matched destroyed target (targetID=54, eventWatcher=6)
[0402-close] no active tracking assignment matched destroyed target (targetID=55, eventWatcher=4)
[0402-close] no active tracking assignment matched destroyed target (targetID=56, eventWatcher=5)
[0402-close] no active tracking assignment matched destroyed target (targetID=59, eventWatcher=4)
[0402-close] no active tracking assignment matched destroyed target (targetID=60, eventWatcher=5)
[0402-close] no active tracking assignment matched destroyed target (targetID=61, eventWatcher=6)
[0402-close] no active tracking assignment matched destroyed target (targetID=62, eventWatcher=6)
[0402-close] no active tracking assignment matched destroyed target (targetID=53, eventWatcher=4)
[0402-close] no active tracking assignment matched destroyed target (targetID=54, eventWatcher=6)
[0402-close] no active tracking assignment matched destroyed target (targetID=55, eventWatcher=4)
[0402-close] no active tracking assignment matched destroyed target (targetID=56, eventWatcher=5)
[0402-close] no active tracking assignment matched destroyed target (targetID=59, eventWatcher=4)
[0402-close] no active tracking assignment matched destroyed target (targetID=60, eventWatcher=5)
[0402-close] no active tracking assignment matched destroyed target (targetID=61, eventWatcher=6)
[0402-close] no active tracking assignment matched destroyed target (targetID=62, eventWatcher=6)
[0402-close] no active tracking assignment matched destroyed target (targetID=53, eventWatcher=4)
[0402-close] no active tracking assignment matched destroyed target (targetID=54, eventWatcher=6)
[0402-close] no active tracking assignment matched destroyed target (targetID=55, eventWatcher=4)
[0402-close] no active tracking assignment matched destroyed target (targetID=56, eventWatcher=5)
[0402-close] no active tracking assignment matched destroyed target (targetID=59, eventWatcher=4)
[0402-close] no active tracking assignment matched destroyed target (targetID=60, eventWatcher=5)
[0402-close] no active tracking assignment matched destroyed target (targetID=61, eventWatcher=6)
[0402-close] no active tracking assignment matched destroyed target (targetID=62, eventWatcher=6)
[0402-close] no active tracking assignment matched destroyed target (targetID=53, eventWatcher=4)
[0402-close] no active tracking assignment matched destroyed target (targetID=54, eventWatcher=6)
[0402-close] no active tracking assignment matched destroyed target (targetID=55, eventWatcher=4)
[0402-close] no active tracking assignment matched destroyed target (targetID=56, eventWatcher=5)
[0402-close] no active tracking assignment matched destroyed target (targetID=59, eventWatcher=4)
[0402-close] no active tracking assignment matched destroyed target (targetID=60, eventWatcher=5)
[0402-close] no active tracking assignment matched destroyed target (targetID=61, eventWatcher=6)
[0402-close] no active tracking assignment matched destroyed target (targetID=62, eventWatcher=6)
[0402-close] no active tracking assignment matched destroyed target (targetID=53, eventWatcher=4)
[0402-close] no active tracking assignment matched destroyed target (targetID=54, eventWatcher=6)
[0402-close] no active tracking assignment matched destroyed target (targetID=55, eventWatcher=4)
[0402-close] no active tracking assignment matched destroyed target (targetID=56, eventWatcher=5)
[0402-close] no active tracking assignment matched destroyed target (targetID=59, eventWatcher=4)
[0402-close] no active tracking assignment matched destroyed target (targetID=60, eventWatcher=5)
[0402-close] no active tracking assignment matched destroyed target (targetID=61, eventWatcher=6)
[0402-close] no active tracking assignment matched destroyed target (targetID=62, eventWatcher=6)
[0402-close] no active tracking assignment matched destroyed target (targetID=53, eventWatcher=4)
[0402-close] no active tracking assignment matched destroyed target (targetID=54, eventWatcher=6)
[0402-close] no active tracking assignment matched destroyed target (targetID=55, eventWatcher=4)
[0402-close] no active tracking assignment matched destroyed target (targetID=56, eventWatcher=5)
[0402-close] no active tracking assignment matched destroyed target (targetID=59, eventWatcher=4)
[0402-close] no active tracking assignment matched destroyed target (targetID=60, eventWatcher=5)
[0402-close] no active tracking assignment matched destroyed target (targetID=61, eventWatcher=6)
[0402-close] no active tracking assignment matched destroyed target (targetID=62, eventWatcher=6)
[0402-close] no active tracking assignment matched destroyed target (targetID=53, eventWatcher=4)
[0402-close] no active tracking assignment matched destroyed target (targetID=54, eventWatcher=6)
[0402-close] no active tracking assignment matched destroyed target (targetID=55, eventWatcher=4)
[0402-close] no active tracking assignment matched destroyed target (targetID=56, eventWatcher=5)
[0402-close] no active tracking assignment matched destroyed target (targetID=59, eventWatcher=4)
[0402-close] no active tracking assignment matched destroyed target (targetID=60, eventWatcher=5)
[0402-close] no active tracking assignment matched destroyed target (targetID=61, eventWatcher=6)
[0402-close] no active tracking assignment matched destroyed target (targetID=62, eventWatcher=6)
[0402-close] no active tracking assignment matched destroyed target (targetID=53, eventWatcher=4)
[0402-close] no active tracking assignment matched destroyed target (targetID=54, eventWatcher=6)
[0402-close] no active tracking assignment matched destroyed target (targetID=55, eventWatcher=4)
[0402-close] no active tracking assignment matched destroyed target (targetID=56, eventWatcher=5)
[0402-close] no active tracking assignment matched destroyed target (targetID=59, eventWatcher=4)
[0402-close] no active tracking assignment matched destroyed target (targetID=60, eventWatcher=5)
[0402-close] no active tracking assignment matched destroyed target (targetID=61, eventWatcher=6)
[0402-close] no active tracking assignment matched destroyed target (targetID=62, eventWatcher=6)
[0402-close] no active tracking assignment matched destroyed target (targetID=53, eventWatcher=4)
[0402-close] no active tracking assignment matched destroyed target (targetID=54, eventWatcher=6)
[0402-close] no active tracking assignment matched destroyed target (targetID=55, eventWatcher=4)
[0402-close] no active tracking assignment matched destroyed target (targetID=56, eventWatcher=5)
[0402-close] no active tracking assignment matched destroyed target (targetID=59, eventWatcher=4)
[0402-close] no active tracking assignment matched destroyed target (targetID=60, eventWatcher=5)
[0402-close] no active tracking assignment matched destroyed target (targetID=61, eventWatcher=6)
[0402-close] no active tracking assignment matched destroyed target (targetID=62, eventWatcher=6)
[0402-close] no active tracking assignment matched destroyed target (targetID=53, eventWatcher=4)
[0402-close] no active tracking assignment matched destroyed target (targetID=54, eventWatcher=6)
[0402-close] no active tracking assignment matched destroyed target (targetID=55, eventWatcher=4)
[0402-close] no active tracking assignment matched destroyed target (targetID=56, eventWatcher=5)
[0402-close] no active tracking assignment matched destroyed target (targetID=59, eventWatcher=4)
[0402-close] no active tracking assignment matched destroyed target (targetID=60, eventWatcher=5)
[0402-close] no active tracking assignment matched destroyed target (targetID=61, eventWatcher=6)
[0402-close] no active tracking assignment matched destroyed target (targetID=62, eventWatcher=6)
[0402-close] no active tracking assignment matched destroyed target (targetID=53, eventWatcher=4)
[0402-close] no active tracking assignment matched destroyed target (targetID=54, eventWatcher=6)
[0402-close] no active tracking assignment matched destroyed target (targetID=55, eventWatcher=4)
[0402-close] no active tracking assignment matched destroyed target (targetID=56, eventWatcher=5)
[0402-close] no active tracking assignment matched destroyed target (targetID=59, eventWatcher=4)
[0402-close] no active tracking assignment matched destroyed target (targetID=60, eventWatcher=5)
[0402-close] no active tracking assignment matched destroyed target (targetID=61, eventWatcher=6)
[0402-close] no active tracking assignment matched destroyed target (targetID=62, eventWatcher=6)
[0402-close] no active tracking assignment matched destroyed target (targetID=53, eventWatcher=4)
[0402-close] no active tracking assignment matched destroyed target (targetID=54, eventWatcher=6)
[0402-close] no active tracking assignment matched destroyed target (targetID=55, eventWatcher=4)
[0402-close] no active tracking assignment matched destroyed target (targetID=56, eventWatcher=5)
[0402-close] no active tracking assignment matched destroyed target (targetID=59, eventWatcher=4)
[0402-close] no active tracking assignment matched destroyed target (targetID=60, eventWatcher=5)
[0402-close] no active tracking assignment matched destroyed target (targetID=61, eventWatcher=6)
[0402-close] no active tracking assignment matched destroyed target (targetID=62, eventWatcher=6)
[0402-close] no active tracking assignment matched destroyed target (targetID=53, eventWatcher=4)
[0402-close] no active tracking assignment matched destroyed target (targetID=54, eventWatcher=6)
[0402-close] no active tracking assignment matched destroyed target (targetID=55, eventWatcher=4)
[0402-close] no active tracking assignment matched destroyed target (targetID=56, eventWatcher=5)
[0402-close] no active tracking assignment matched destroyed target (targetID=59, eventWatcher=4)
[0402-close] no active tracking assignment matched destroyed target (targetID=60, eventWatcher=5)
[0402-close] no active tracking assignment matched destroyed target (targetID=61, eventWatcher=6)
[0402-close] no active tracking assignment matched destroyed target (targetID=62, eventWatcher=6)
[0402-close] no active tracking assignment matched destroyed target (targetID=53, eventWatcher=4)
[0402-close] no active tracking assignment matched destroyed target (targetID=54, eventWatcher=6)
[0402-close] no active tracking assignment matched destroyed target (targetID=55, eventWatcher=4)
[0402-close] no active tracking assignment matched destroyed target (targetID=56, eventWatcher=5)
[0402-close] no active tracking assignment matched destroyed target (targetID=59, eventWatcher=4)
[0402-close] no active tracking assignment matched destroyed target (targetID=60, eventWatcher=5)
[0402-close] no active tracking assignment matched destroyed target (targetID=61, eventWatcher=6)
[0402-close] no active tracking assignment matched destroyed target (targetID=62, eventWatcher=6)
[0402-close] no active tracking assignment matched destroyed target (targetID=53, eventWatcher=4)
[0402-close] no active tracking assignment matched destroyed target (targetID=54, eventWatcher=6)
[0402-close] no active tracking assignment matched destroyed target (targetID=55, eventWatcher=4)
[0402-close] no active tracking assignment matched destroyed target (targetID=56, eventWatcher=5)
[0402-close] no active tracking assignment matched destroyed target (targetID=59, eventWatcher=4)
[0402-close] no active tracking assignment matched destroyed target (targetID=60, eventWatcher=5)
[0402-close] no active tracking assignment matched destroyed target (targetID=61, eventWatcher=6)
[0402-close] no active tracking assignment matched destroyed target (targetID=62, eventWatcher=6)
[0402-close] no active tracking assignment matched destroyed target (targetID=53, eventWatcher=4)
[0402-close] no active tracking assignment matched destroyed target (targetID=54, eventWatcher=6)
[0402-close] no active tracking assignment matched destroyed target (targetID=55, eventWatcher=4)
[0402-close] no active tracking assignment matched destroyed target (targetID=56, eventWatcher=5)
[0402-close] no active tracking assignment matched destroyed target (targetID=59, eventWatcher=4)
[0402-close] no active tracking assignment matched destroyed target (targetID=60, eventWatcher=5)
[0402-close] no active tracking assignment matched destroyed target (targetID=61, eventWatcher=6)
[0402-close] no active tracking assignment matched destroyed target (targetID=62, eventWatcher=6)
[0402-close] no active tracking assignment matched destroyed target (targetID=53, eventWatcher=4)
[0402-close] no active tracking assignment matched destroyed target (targetID=54, eventWatcher=6)
[0402-close] no active tracking assignment matched destroyed target (targetID=55, eventWatcher=4)
[0402-close] no active tracking assignment matched destroyed target (targetID=56, eventWatcher=5)
[0402-close] no active tracking assignment matched destroyed target (targetID=59, eventWatcher=4)
[0402-close] no active tracking assignment matched destroyed target (targetID=60, eventWatcher=5)
[0402-close] no active tracking assignment matched destroyed target (targetID=61, eventWatcher=6)
[0402-close] no active tracking assignment matched destroyed target (targetID=62, eventWatcher=6)
[0402-close] no active tracking assignment matched destroyed target (targetID=53, eventWatcher=4)
[0402-close] no active tracking assignment matched destroyed target (targetID=54, eventWatcher=6)
[0402-close] no active tracking assignment matched destroyed target (targetID=55, eventWatcher=4)
[0402-close] no active tracking assignment matched destroyed target (targetID=56, eventWatcher=5)
[0402-close] no active tracking assignment matched destroyed target (targetID=59, eventWatcher=4)
[0402-close] no active tracking assignment matched destroyed target (targetID=60, eventWatcher=5)
[0402-close] no active tracking assignment matched destroyed target (targetID=61, eventWatcher=6)
[0402-close] no active tracking assignment matched destroyed target (targetID=62, eventWatcher=6)
[0402-close] no active tracking assignment matched destroyed target (targetID=53, eventWatcher=4)
[0402-close] no active tracking assignment matched destroyed target (targetID=54, eventWatcher=6)
[0402-close] no active tracking assignment matched destroyed target (targetID=55, eventWatcher=4)
[0402-close] no active tracking assignment matched destroyed target (targetID=56, eventWatcher=5)
[0402-close] no active tracking assignment matched destroyed target (targetID=59, eventWatcher=4)
[0402-close] no active tracking assignment matched destroyed target (targetID=60, eventWatcher=5)
[0402-close] no active tracking assignment matched destroyed target (targetID=61, eventWatcher=6)
[0402-close] no active tracking assignment matched destroyed target (targetID=62, eventWatcher=6)
[0402-close] no active tracking assignment matched destroyed target (targetID=53, eventWatcher=4)
[0402-close] no active tracking assignment matched destroyed target (targetID=54, eventWatcher=6)
[0402-close] no active tracking assignment matched destroyed target (targetID=55, eventWatcher=4)
[0402-close] no active tracking assignment matched destroyed target (targetID=56, eventWatcher=5)
[0402-close] no active tracking assignment matched destroyed target (targetID=59, eventWatcher=4)
[0402-close] no active tracking assignment matched destroyed target (targetID=60, eventWatcher=5)
[0402-close] no active tracking assignment matched destroyed target (targetID=61, eventWatcher=6)
[0402-close] no active tracking assignment matched destroyed target (targetID=62, eventWatcher=6)
[0402-close] no active tracking assignment matched destroyed target (targetID=53, eventWatcher=4)
[0402-close] no active tracking assignment matched destroyed target (targetID=54, eventWatcher=6)
[0402-close] no active tracking assignment matched destroyed target (targetID=55, eventWatcher=4)
[0402-close] no active tracking assignment matched destroyed target (targetID=56, eventWatcher=5)
[0402-close] no active tracking assignment matched destroyed target (targetID=59, eventWatcher=4)
[0402-close] no active tracking assignment matched destroyed target (targetID=60, eventWatcher=5)
[0402-close] no active tracking assignment matched destroyed target (targetID=61, eventWatcher=6)
[0402-close] no active tracking assignment matched destroyed target (targetID=62, eventWatcher=6)
[0402-close] no active tracking assignment matched destroyed target (targetID=53, eventWatcher=4)
[0402-close] no active tracking assignment matched destroyed target (targetID=54, eventWatcher=6)
[0402-close] no active tracking assignment matched destroyed target (targetID=55, eventWatcher=4)
[0402-close] no active tracking assignment matched destroyed target (targetID=56, eventWatcher=5)
[0402-close] no active tracking assignment matched destroyed target (targetID=59, eventWatcher=4)
[0402-close] no active tracking assignment matched destroyed target (targetID=60, eventWatcher=5)
[0402-close] no active tracking assignment matched destroyed target (targetID=61, eventWatcher=6)
[0402-close] no active tracking assignment matched destroyed target (targetID=62, eventWatcher=6)
[0402-close] no active tracking assignment matched destroyed target (targetID=53, eventWatcher=4)
[0402-close] no active tracking assignment matched destroyed target (targetID=54, eventWatcher=6)
[0402-close] no active tracking assignment matched destroyed target (targetID=55, eventWatcher=4)
[0402-close] no active tracking assignment matched destroyed target (targetID=56, eventWatcher=5)
[0402-close] no active tracking assignment matched destroyed target (targetID=59, eventWatcher=4)
[0402-close] no active tracking assignment matched destroyed target (targetID=60, eventWatcher=5)
[0402-close] no active tracking assignment matched destroyed target (targetID=61, eventWatcher=6)
[0402-close] no active tracking assignment matched destroyed target (targetID=62, eventWatcher=6)
[0402-close] no active tracking assignment matched destroyed target (targetID=53, eventWatcher=4)
[0402-close] no active tracking assignment matched destroyed target (targetID=54, eventWatcher=6)
[0402-close] no active tracking assignment matched destroyed target (targetID=55, eventWatcher=4)
[0402-close] no active tracking assignment matched destroyed target (targetID=56, eventWatcher=5)
[0402-close] no active tracking assignment matched destroyed target (targetID=59, eventWatcher=4)
[0402-close] no active tracking assignment matched destroyed target (targetID=60, eventWatcher=5)
[0402-close] no active tracking assignment matched destroyed target (targetID=61, eventWatcher=6)
[0402-close] no active tracking assignment matched destroyed target (targetID=62, eventWatcher=6)
[0402-close] no active tracking assignment matched destroyed target (targetID=53, eventWatcher=4)
[0402-close] no active tracking assignment matched destroyed target (targetID=54, eventWatcher=6)
[0402-close] no active tracking assignment matched destroyed target (targetID=55, eventWatcher=4)
[0402-close] no active tracking assignment matched destroyed target (targetID=56, eventWatcher=5)
[0402-close] no active tracking assignment matched destroyed target (targetID=59, eventWatcher=4)
[0402-close] no active tracking assignment matched destroyed target (targetID=60, eventWatcher=5)
[0402-close] no active tracking assignment matched destroyed target (targetID=61, eventWatcher=6)
[0402-close] no active tracking assignment matched destroyed target (targetID=62, eventWatcher=6)
[0402-close] no active tracking assignment matched destroyed target (targetID=53, eventWatcher=4)
[0402-close] no active tracking assignment matched destroyed target (targetID=54, eventWatcher=6)
[0402-close] no active tracking assignment matched destroyed target (targetID=55, eventWatcher=4)
[0402-close] no active tracking assignment matched destroyed target (targetID=56, eventWatcher=5)
[0402-close] no active tracking assignment matched destroyed target (targetID=59, eventWatcher=4)
[0402-close] no active tracking assignment matched destroyed target (targetID=60, eventWatcher=5)
[0402-close] no active tracking assignment matched destroyed target (targetID=61, eventWatcher=6)
[0402-close] no active tracking assignment matched destroyed target (targetID=62, eventWatcher=6)
[0402-close] no active tracking assignment matched destroyed target (targetID=53, eventWatcher=4)
[0402-close] no active tracking assignment matched destroyed target (targetID=54, eventWatcher=6)
[0402-close] no active tracking assignment matched destroyed target (targetID=55, eventWatcher=4)
[0402-close] no active tracking assignment matched destroyed target (targetID=56, eventWatcher=5)
[0402-close] no active tracking assignment matched destroyed target (targetID=59, eventWatcher=4)
[0402-close] no active tracking assignment matched destroyed target (targetID=60, eventWatcher=5)
[0402-close] no active tracking assignment matched destroyed target (targetID=61, eventWatcher=6)
[0402-close] no active tracking assignment matched destroyed target (targetID=62, eventWatcher=6)
[0402-close] no active tracking assignment matched destroyed target (targetID=53, eventWatcher=4)
[0402-close] no active tracking assignment matched destroyed target (targetID=54, eventWatcher=6)
[0402-close] no active tracking assignment matched destroyed target (targetID=55, eventWatcher=4)
[0402-close] no active tracking assignment matched destroyed target (targetID=56, eventWatcher=5)
[0402-close] no active tracking assignment matched destroyed target (targetID=59, eventWatcher=4)
[0402-close] no active tracking assignment matched destroyed target (targetID=60, eventWatcher=5)
[0402-close] no active tracking assignment matched destroyed target (targetID=61, eventWatcher=6)
[0402-close] no active tracking assignment matched destroyed target (targetID=62, eventWatcher=6)
[0402-close] no active tracking assignment matched destroyed target (targetID=53, eventWatcher=4)
[0402-close] no active tracking assignment matched destroyed target (targetID=54, eventWatcher=6)
[0402-close] no active tracking assignment matched destroyed target (targetID=55, eventWatcher=4)
[0402-close] no active tracking assignment matched destroyed target (targetID=56, eventWatcher=5)
[0402-close] no active tracking assignment matched destroyed target (targetID=59, eventWatcher=4)
[0402-close] no active tracking assignment matched destroyed target (targetID=60, eventWatcher=5)
[0402-close] no active tracking assignment matched destroyed target (targetID=61, eventWatcher=6)
[0402-close] no active tracking assignment matched destroyed target (targetID=62, eventWatcher=6)
[0402-close] no active tracking assignment matched destroyed target (targetID=53, eventWatcher=4)
[0402-close] no active tracking assignment matched destroyed target (targetID=54, eventWatcher=6)
[0402-close] no active tracking assignment matched destroyed target (targetID=55, eventWatcher=4)
[0402-close] no active tracking assignment matched destroyed target (targetID=56, eventWatcher=5)
[0402-close] no active tracking assignment matched destroyed target (targetID=59, eventWatcher=4)
[0402-close] no active tracking assignment matched destroyed target (targetID=60, eventWatcher=5)
[0402-close] no active tracking assignment matched destroyed target (targetID=61, eventWatcher=6)
[0402-close] no active tracking assignment matched destroyed target (targetID=62, eventWatcher=6)
[0402-close] no active tracking assignment matched destroyed target (targetID=53, eventWatcher=4)
[0402-close] no active tracking assignment matched destroyed target (targetID=54, eventWatcher=6)
[0402-close] no active tracking assignment matched destroyed target (targetID=55, eventWatcher=4)
[0402-close] no active tracking assignment matched destroyed target (targetID=56, eventWatcher=5)
[0402-close] no active tracking assignment matched destroyed target (targetID=59, eventWatcher=4)
[0402-close] no active tracking assignment matched destroyed target (targetID=60, eventWatcher=5)
[0402-close] no active tracking assignment matched destroyed target (targetID=61, eventWatcher=6)
[0402-close] no active tracking assignment matched destroyed target (targetID=62, eventWatcher=6)
[0402-close] no active tracking assignment matched destroyed target (targetID=53, eventWatcher=4)
[0402-close] no active tracking assignment matched destroyed target (targetID=54, eventWatcher=6)
[0402-close] no active tracking assignment matched destroyed target (targetID=55, eventWatcher=4)
[0402-close] no active tracking assignment matched destroyed target (targetID=56, eventWatcher=5)
[0402-close] no active tracking assignment matched destroyed target (targetID=59, eventWatcher=4)
[0402-close] no active tracking assignment matched destroyed target (targetID=60, eventWatcher=5)
[0402-close] no active tracking assignment matched destroyed target (targetID=61, eventWatcher=6)
[0402-close] no active tracking assignment matched destroyed target (targetID=62, eventWatcher=6)
[0402-close] no active tracking assignment matched destroyed target (targetID=53, eventWatcher=4)
[0402-close] no active tracking assignment matched destroyed target (targetID=54, eventWatcher=6)
[0402-close] no active tracking assignment matched destroyed target (targetID=55, eventWatcher=4)
[0402-close] no active tracking assignment matched destroyed target (targetID=56, eventWatcher=5)
[0402-close] no active tracking assignment matched destroyed target (targetID=59, eventWatcher=4)
[0402-close] no active tracking assignment matched destroyed target (targetID=60, eventWatcher=5)
[0402-close] no active tracking assignment matched destroyed target (targetID=61, eventWatcher=6)
[0402-close] no active tracking assignment matched destroyed target (targetID=62, eventWatcher=6)
[0402-close] no active tracking assignment matched destroyed target (targetID=53, eventWatcher=4)
[0402-close] no active tracking assignment matched destroyed target (targetID=54, eventWatcher=6)
[0402-close] no active tracking assignment matched destroyed target (targetID=55, eventWatcher=4)
[0402-close] no active tracking assignment matched destroyed target (targetID=56, eventWatcher=5)
[0402-close] no active tracking assignment matched destroyed target (targetID=59, eventWatcher=4)
[0402-close] no active tracking assignment matched destroyed target (targetID=60, eventWatcher=5)
[0402-close] no active tracking assignment matched destroyed target (targetID=61, eventWatcher=6)
[0402-close] no active tracking assignment matched destroyed target (targetID=62, eventWatcher=6)
[0402-close] no active tracking assignment matched destroyed target (targetID=53, eventWatcher=4)
[0402-close] no active tracking assignment matched destroyed target (targetID=54, eventWatcher=6)
[0402-close] no active tracking assignment matched destroyed target (targetID=55, eventWatcher=4)
[0402-close] no active tracking assignment matched destroyed target (targetID=56, eventWatcher=5)
[0402-close] no active tracking assignment matched destroyed target (targetID=59, eventWatcher=4)
[0402-close] no active tracking assignment matched destroyed target (targetID=60, eventWatcher=5)
[0402-close] no active tracking assignment matched destroyed target (targetID=61, eventWatcher=6)
[0402-close] no active tracking assignment matched destroyed target (targetID=62, eventWatcher=6)
[0402-close] no active tracking assignment matched destroyed target (targetID=53, eventWatcher=4)
[0402-close] no active tracking assignment matched destroyed target (targetID=54, eventWatcher=6)
[0402-close] no active tracking assignment matched destroyed target (targetID=55, eventWatcher=4)
[0402-close] no active tracking assignment matched destroyed target (targetID=56, eventWatcher=5)
[0402-close] no active tracking assignment matched destroyed target (targetID=59, eventWatcher=4)
[0402-close] no active tracking assignment matched destroyed target (targetID=60, eventWatcher=5)
[0402-close] no active tracking assignment matched destroyed target (targetID=61, eventWatcher=6)
[0402-close] no active tracking assignment matched destroyed target (targetID=62, eventWatcher=6)
[0402-close] no active tracking assignment matched destroyed target (targetID=53, eventWatcher=4)
[0402-close] no active tracking assignment matched destroyed target (targetID=54, eventWatcher=6)
[0402-close] no active tracking assignment matched destroyed target (targetID=55, eventWatcher=4)
[0402-close] no active tracking assignment matched destroyed target (targetID=56, eventWatcher=5)
[0402-close] no active tracking assignment matched destroyed target (targetID=59, eventWatcher=4)
[0402-close] no active tracking assignment matched destroyed target (targetID=60, eventWatcher=5)
[0402-close] no active tracking assignment matched destroyed target (targetID=61, eventWatcher=6)
[0402-close] no active tracking assignment matched destroyed target (targetID=62, eventWatcher=6)
[0402-close] no active tracking assignment matched destroyed target (targetID=53, eventWatcher=4)
[0402-close] no active tracking assignment matched destroyed target (targetID=54, eventWatcher=6)
[0402-close] no active tracking assignment matched destroyed target (targetID=55, eventWatcher=4)
[0402-close] no active tracking assignment matched destroyed target (targetID=56, eventWatcher=5)
[0402-close] no active tracking assignment matched destroyed target (targetID=59, eventWatcher=4)
[0402-close] no active tracking assignment matched destroyed target (targetID=60, eventWatcher=5)
[0402-close] no active tracking assignment matched destroyed target (targetID=61, eventWatcher=6)
[0402-close] no active tracking assignment matched destroyed target (targetID=62, eventWatcher=6)
[0402-close] no active tracking assignment matched destroyed target (targetID=53, eventWatcher=4)
[0402-close] no active tracking assignment matched destroyed target (targetID=54, eventWatcher=6)
[0402-close] no active tracking assignment matched destroyed target (targetID=55, eventWatcher=4)
[0402-close] no active tracking assignment matched destroyed target (targetID=56, eventWatcher=5)
[0402-close] no active tracking assignment matched destroyed target (targetID=59, eventWatcher=4)
[0402-close] no active tracking assignment matched destroyed target (targetID=60, eventWatcher=5)
[0402-close] no active tracking assignment matched destroyed target (targetID=61, eventWatcher=6)
[0402-close] no active tracking assignment matched destroyed target (targetID=62, eventWatcher=6)
[0402-close] no active tracking assignment matched destroyed target (targetID=53, eventWatcher=4)
[0402-close] no active tracking assignment matched destroyed target (targetID=54, eventWatcher=6)
[0402-close] no active tracking assignment matched destroyed target (targetID=55, eventWatcher=4)
[0402-close] no active tracking assignment matched destroyed target (targetID=56, eventWatcher=5)
[0402-close] no active tracking assignment matched destroyed target (targetID=59, eventWatcher=4)
[0402-close] no active tracking assignment matched destroyed target (targetID=60, eventWatcher=5)
[0402-close] no active tracking assignment matched destroyed target (targetID=61, eventWatcher=6)
[0402-close] no active tracking assignment matched destroyed target (targetID=62, eventWatcher=6)
[0402-close] no active tracking assignment matched destroyed target (targetID=53, eventWatcher=4)
[0402-close] no active tracking assignment matched destroyed target (targetID=54, eventWatcher=6)
[0402-close] no active tracking assignment matched destroyed target (targetID=55, eventWatcher=4)
[0402-close] no active tracking assignment matched destroyed target (targetID=56, eventWatcher=5)
[0402-close] no active tracking assignment matched destroyed target (targetID=59, eventWatcher=4)
[0402-close] no active tracking assignment matched destroyed target (targetID=60, eventWatcher=5)
[0402-close] no active tracking assignment matched destroyed target (targetID=61, eventWatcher=6)
[0402-close] no active tracking assignment matched destroyed target (targetID=62, eventWatcher=6)
[0402-close] no active tracking assignment matched destroyed target (targetID=53, eventWatcher=4)
[0402-close] no active tracking assignment matched destroyed target (targetID=54, eventWatcher=6)
[0402-close] no active tracking assignment matched destroyed target (targetID=55, eventWatcher=4)
[0402-close] no active tracking assignment matched destroyed target (targetID=56, eventWatcher=5)
[0402-close] no active tracking assignment matched destroyed target (targetID=59, eventWatcher=4)
[0402-close] no active tracking assignment matched destroyed target (targetID=60, eventWatcher=5)
[0402-close] no active tracking assignment matched destroyed target (targetID=61, eventWatcher=6)
[0402-close] no active tracking assignment matched destroyed target (targetID=62, eventWatcher=6)
[0402-close] no active tracking assignment matched destroyed target (targetID=53, eventWatcher=4)
[0402-close] no active tracking assignment matched destroyed target (targetID=54, eventWatcher=6)
[0402-close] no active tracking assignment matched destroyed target (targetID=55, eventWatcher=4)
[0402-close] no active tracking assignment matched destroyed target (targetID=56, eventWatcher=5)
[0402-close] no active tracking assignment matched destroyed target (targetID=59, eventWatcher=4)
[0402-close] no active tracking assignment matched destroyed target (targetID=60, eventWatcher=5)
[0402-close] no active tracking assignment matched destroyed target (targetID=61, eventWatcher=6)
[0402-close] no active tracking assignment matched destroyed target (targetID=62, eventWatcher=6)
[0402-close] no active tracking assignment matched destroyed target (targetID=53, eventWatcher=4)
[0402-close] no active tracking assignment matched destroyed target (targetID=54, eventWatcher=6)
[0402-close] no active tracking assignment matched destroyed target (targetID=55, eventWatcher=4)
[0402-close] no active tracking assignment matched destroyed target (targetID=56, eventWatcher=5)
[0402-close] no active tracking assignment matched destroyed target (targetID=59, eventWatcher=4)
[0402-close] no active tracking assignment matched destroyed target (targetID=60, eventWatcher=5)
[0402-close] no active tracking assignment matched destroyed target (targetID=61, eventWatcher=6)
[0402-close] no active tracking assignment matched destroyed target (targetID=62, eventWatcher=6)
[0402-close] no active tracking assignment matched destroyed target (targetID=53, eventWatcher=4)
[0402-close] no active tracking assignment matched destroyed target (targetID=54, eventWatcher=6)
[0402-close] no active tracking assignment matched destroyed target (targetID=55, eventWatcher=4)
[0402-close] no active tracking assignment matched destroyed target (targetID=56, eventWatcher=5)
[0402-close] no active tracking assignment matched destroyed target (targetID=59, eventWatcher=4)
[0402-close] no active tracking assignment matched destroyed target (targetID=60, eventWatcher=5)
[0402-close] no active tracking assignment matched destroyed target (targetID=61, eventWatcher=6)
[0402-close] no active tracking assignment matched destroyed target (targetID=62, eventWatcher=6)
[0402-close] no active tracking assignment matched destroyed target (targetID=53, eventWatcher=4)
[0402-close] no active tracking assignment matched destroyed target (targetID=54, eventWatcher=6)
[0402-close] no active tracking assignment matched destroyed target (targetID=55, eventWatcher=4)
[0402-close] no active tracking assignment matched destroyed target (targetID=56, eventWatcher=5)
[0402-close] no active tracking assignment matched destroyed target (targetID=59, eventWatcher=4)
[0402-close] no active tracking assignment matched destroyed target (targetID=60, eventWatcher=5)
[0402-close] no active tracking assignment matched destroyed target (targetID=61, eventWatcher=6)
[0402-close] no active tracking assignment matched destroyed target (targetID=62, eventWatcher=6)
[0402-close] no active tracking assignment matched destroyed target (targetID=53, eventWatcher=4)
[0402-close] no active tracking assignment matched destroyed target (targetID=54, eventWatcher=6)
[0402-close] no active tracking assignment matched destroyed target (targetID=55, eventWatcher=4)
[0402-close] no active tracking assignment matched destroyed target (targetID=56, eventWatcher=5)
[0402-close] no active tracking assignment matched destroyed target (targetID=59, eventWatcher=4)
[0402-close] no active tracking assignment matched destroyed target (targetID=60, eventWatcher=5)
[0402-close] no active tracking assignment matched destroyed target (targetID=61, eventWatcher=6)
[0402-close] no active tracking assignment matched destroyed target (targetID=62, eventWatcher=6)
[0402-close] no active tracking assignment matched destroyed target (targetID=53, eventWatcher=4)
[0402-close] no active tracking assignment matched destroyed target (targetID=54, eventWatcher=6)
[0402-close] no active tracking assignment matched destroyed target (targetID=55, eventWatcher=4)
[0402-close] no active tracking assignment matched destroyed target (targetID=56, eventWatcher=5)
[0402-close] no active tracking assignment matched destroyed target (targetID=59, eventWatcher=4)
[0402-close] no active tracking assignment matched destroyed target (targetID=60, eventWatcher=5)
[0402-close] no active tracking assignment matched destroyed target (targetID=61, eventWatcher=6)
[0402-close] no active tracking assignment matched destroyed target (targetID=62, eventWatcher=6)
[0402-close] no active tracking assignment matched destroyed target (targetID=53, eventWatcher=4)
[0402-close] no active tracking assignment matched destroyed target (targetID=54, eventWatcher=6)
[0402-close] no active tracking assignment matched destroyed target (targetID=55, eventWatcher=4)
[0402-close] no active tracking assignment matched destroyed target (targetID=56, eventWatcher=5)
[0402-close] no active tracking assignment matched destroyed target (targetID=59, eventWatcher=4)
[0402-close] no active tracking assignment matched destroyed target (targetID=60, eventWatcher=5)
[0402-close] no active tracking assignment matched destroyed target (targetID=61, eventWatcher=6)
[0402-close] no active tracking assignment matched destroyed target (targetID=62, eventWatcher=6)
[0402-close] no active tracking assignment matched destroyed target (targetID=53, eventWatcher=4)
[0402-close] no active tracking assignment matched destroyed target (targetID=54, eventWatcher=6)
[0402-close] no active tracking assignment matched destroyed target (targetID=55, eventWatcher=4)
[0402-close] no active tracking assignment matched destroyed target (targetID=56, eventWatcher=5)
[0402-close] no active tracking assignment matched destroyed target (targetID=59, eventWatcher=4)
[0402-close] no active tracking assignment matched destroyed target (targetID=60, eventWatcher=5)
[0402-close] no active tracking assignment matched destroyed target (targetID=61, eventWatcher=6)
[0402-close] no active tracking assignment matched destroyed target (targetID=62, eventWatcher=6)
[0402-close] no active tracking assignment matched destroyed target (targetID=53, eventWatcher=4)
[0402-close] no active tracking assignment matched destroyed target (targetID=54, eventWatcher=6)
[0402-close] no active tracking assignment matched destroyed target (targetID=55, eventWatcher=4)
[0402-close] no active tracking assignment matched destroyed target (targetID=56, eventWatcher=5)
[0402-close] no active tracking assignment matched destroyed target (targetID=59, eventWatcher=4)
[0402-close] no active tracking assignment matched destroyed target (targetID=60, eventWatcher=5)
[0402-close] no active tracking assignment matched destroyed target (targetID=61, eventWatcher=6)
[0402-close] no active tracking assignment matched destroyed target (targetID=62, eventWatcher=6)
[0402-close] no active tracking assignment matched destroyed target (targetID=53, eventWatcher=4)
[0402-close] no active tracking assignment matched destroyed target (targetID=54, eventWatcher=6)
[0402-close] no active tracking assignment matched destroyed target (targetID=55, eventWatcher=4)
[0402-close] no active tracking assignment matched destroyed target (targetID=56, eventWatcher=5)
[0402-close] no active tracking assignment matched destroyed target (targetID=59, eventWatcher=4)
[0402-close] no active tracking assignment matched destroyed target (targetID=60, eventWatcher=5)
[0402-close] no active tracking assignment matched destroyed target (targetID=61, eventWatcher=6)
[0402-close] no active tracking assignment matched destroyed target (targetID=62, eventWatcher=6)
[0402-close] no active tracking assignment matched destroyed target (targetID=53, eventWatcher=4)
[0402-close] no active tracking assignment matched destroyed target (targetID=54, eventWatcher=6)
[0402-close] no active tracking assignment matched destroyed target (targetID=55, eventWatcher=4)
[0402-close] no active tracking assignment matched destroyed target (targetID=56, eventWatcher=5)
[0402-close] no active tracking assignment matched destroyed target (targetID=59, eventWatcher=4)
[0402-close] no active tracking assignment matched destroyed target (targetID=60, eventWatcher=5)
[0402-close] no active tracking assignment matched destroyed target (targetID=61, eventWatcher=6)
[0402-close] no active tracking assignment matched destroyed target (targetID=62, eventWatcher=6)
[0402-close] no active tracking assignment matched destroyed target (targetID=53, eventWatcher=4)
[0402-close] no active tracking assignment matched destroyed target (targetID=54, eventWatcher=6)
[0402-close] no active tracking assignment matched destroyed target (targetID=55, eventWatcher=4)
[0402-close] no active tracking assignment matched destroyed target (targetID=56, eventWatcher=5)
[0402-close] no active tracking assignment matched destroyed target (targetID=59, eventWatcher=4)
[0402-close] no active tracking assignment matched destroyed target (targetID=60, eventWatcher=5)
[0402-close] no active tracking assignment matched destroyed target (targetID=61, eventWatcher=6)
[0402-close] no active tracking assignment matched destroyed target (targetID=62, eventWatcher=6)
[0402-close] no active tracking assignment matched destroyed target (targetID=53, eventWatcher=4)
[0402-close] no active tracking assignment matched destroyed target (targetID=54, eventWatcher=6)
[0402-close] no active tracking assignment matched destroyed target (targetID=55, eventWatcher=4)
[0402-close] no active tracking assignment matched destroyed target (targetID=56, eventWatcher=5)
[0402-close] no active tracking assignment matched destroyed target (targetID=59, eventWatcher=4)
[0402-close] no active tracking assignment matched destroyed target (targetID=60, eventWatcher=5)
[0402-close] no active tracking assignment matched destroyed target (targetID=61, eventWatcher=6)
[0402-close] no active tracking assignment matched destroyed target (targetID=62, eventWatcher=6)
[0402-close] no active tracking assignment matched destroyed target (targetID=53, eventWatcher=4)
[0402-close] no active tracking assignment matched destroyed target (targetID=54, eventWatcher=6)
[0402-close] no active tracking assignment matched destroyed target (targetID=55, eventWatcher=4)
[0402-close] no active tracking assignment matched destroyed target (targetID=56, eventWatcher=5)
[0402-close] no active tracking assignment matched destroyed target (targetID=59, eventWatcher=4)
[0402-close] no active tracking assignment matched destroyed target (targetID=60, eventWatcher=5)
[0402-close] no active tracking assignment matched destroyed target (targetID=61, eventWatcher=6)
[0402-close] no active tracking assignment matched destroyed target (targetID=62, eventWatcher=6)
[0402-close] no active tracking assignment matched destroyed target (targetID=53, eventWatcher=4)
[0402-close] no active tracking assignment matched destroyed target (targetID=54, eventWatcher=6)
[0402-close] no active tracking assignment matched destroyed target (targetID=55, eventWatcher=4)
[0402-close] no active tracking assignment matched destroyed target (targetID=56, eventWatcher=5)
[0402-close] no active tracking assignment matched destroyed target (targetID=59, eventWatcher=4)
[0402-close] no active tracking assignment matched destroyed target (targetID=60, eventWatcher=5)
[0402-close] no active tracking assignment matched destroyed target (targetID=61, eventWatcher=6)
[0402-close] no active tracking assignment matched destroyed target (targetID=62, eventWatcher=6)
[0402-close] no active tracking assignment matched destroyed target (targetID=53, eventWatcher=4)
[0402-close] no active tracking assignment matched destroyed target (targetID=54, eventWatcher=6)
[0402-close] no active tracking assignment matched destroyed target (targetID=55, eventWatcher=4)
[0402-close] no active tracking assignment matched destroyed target (targetID=56, eventWatcher=5)
[0402-close] no active tracking assignment matched destroyed target (targetID=59, eventWatcher=4)
[0402-close] no active tracking assignment matched destroyed target (targetID=60, eventWatcher=5)
[0402-close] no active tracking assignment matched destroyed target (targetID=61, eventWatcher=6)
[0402-close] no active tracking assignment matched destroyed target (targetID=62, eventWatcher=6)
[0402-close] no active tracking assignment matched destroyed target (targetID=53, eventWatcher=4)
[0402-close] no active tracking assignment matched destroyed target (targetID=54, eventWatcher=6)
[0402-close] no active tracking assignment matched destroyed target (targetID=55, eventWatcher=4)
[0402-close] no active tracking assignment matched destroyed target (targetID=56, eventWatcher=5)
[0402-close] no active tracking assignment matched destroyed target (targetID=59, eventWatcher=4)
[0402-close] no active tracking assignment matched destroyed target (targetID=60, eventWatcher=5)
[0402-close] no active tracking assignment matched destroyed target (targetID=61, eventWatcher=6)
[0402-close] no active tracking assignment matched destroyed target (targetID=62, eventWatcher=6)
[0402-close] no active tracking assignment matched destroyed target (targetID=53, eventWatcher=4)
[0402-close] no active tracking assignment matched destroyed target (targetID=54, eventWatcher=6)
[0402-close] no active tracking assignment matched destroyed target (targetID=55, eventWatcher=4)
[0402-close] no active tracking assignment matched destroyed target (targetID=56, eventWatcher=5)
[0402-close] no active tracking assignment matched destroyed target (targetID=59, eventWatcher=4)
[0402-close] no active tracking assignment matched destroyed target (targetID=60, eventWatcher=5)
[0402-close] no active tracking assignment matched destroyed target (targetID=61, eventWatcher=6)
[0402-close] no active tracking assignment matched destroyed target (targetID=62, eventWatcher=6)
[0402-close] no active tracking assignment matched destroyed target (targetID=53, eventWatcher=4)
[0402-close] no active tracking assignment matched destroyed target (targetID=54, eventWatcher=6)
[0402-close] no active tracking assignment matched destroyed target (targetID=55, eventWatcher=4)
[0402-close] no active tracking assignment matched destroyed target (targetID=56, eventWatcher=5)
[0402-close] no active tracking assignment matched destroyed target (targetID=59, eventWatcher=4)
[0402-close] no active tracking assignment matched destroyed target (targetID=60, eventWatcher=5)
[0402-close] no active tracking assignment matched destroyed target (targetID=61, eventWatcher=6)
[0402-close] no active tracking assignment matched destroyed target (targetID=62, eventWatcher=6)
[0402-close] no active tracking assignment matched destroyed target (targetID=53, eventWatcher=4)
[0402-close] no active tracking assignment matched destroyed target (targetID=54, eventWatcher=6)
[0402-close] no active tracking assignment matched destroyed target (targetID=55, eventWatcher=4)
[0402-close] no active tracking assignment matched destroyed target (targetID=56, eventWatcher=5)
[0402-close] no active tracking assignment matched destroyed target (targetID=59, eventWatcher=4)
[0402-close] no active tracking assignment matched destroyed target (targetID=60, eventWatcher=5)
[0402-close] no active tracking assignment matched destroyed target (targetID=61, eventWatcher=6)
[0402-close] no active tracking assignment matched destroyed target (targetID=62, eventWatcher=6)
[0402-close] no active tracking assignment matched destroyed target (targetID=53, eventWatcher=4)
[0402-close] no active tracking assignment matched destroyed target (targetID=54, eventWatcher=6)
[0402-close] no active tracking assignment matched destroyed target (targetID=55, eventWatcher=4)
[0402-close] no active tracking assignment matched destroyed target (targetID=56, eventWatcher=5)
[0402-close] no active tracking assignment matched destroyed target (targetID=59, eventWatcher=4)
[0402-close] no active tracking assignment matched destroyed target (targetID=60, eventWatcher=5)
[0402-close] no active tracking assignment matched destroyed target (targetID=61, eventWatcher=6)
[0402-close] no active tracking assignment matched destroyed target (targetID=62, eventWatcher=6)
[0402-close] no active tracking assignment matched destroyed target (targetID=53, eventWatcher=4)
[0402-close] no active tracking assignment matched destroyed target (targetID=54, eventWatcher=6)
[0402-close] no active tracking assignment matched destroyed target (targetID=55, eventWatcher=4)
[0402-close] no active tracking assignment matched destroyed target (targetID=56, eventWatcher=5)
[0402-close] no active tracking assignment matched destroyed target (targetID=59, eventWatcher=4)
[0402-close] no active tracking assignment matched destroyed target (targetID=60, eventWatcher=5)
[0402-close] no active tracking assignment matched destroyed target (targetID=61, eventWatcher=6)
[0402-close] no active tracking assignment matched destroyed target (targetID=62, eventWatcher=6)
[0402-close] no active tracking assignment matched destroyed target (targetID=53, eventWatcher=4)
[0402-close] no active tracking assignment matched destroyed target (targetID=54, eventWatcher=6)
[0402-close] no active tracking assignment matched destroyed target (targetID=55, eventWatcher=4)
[0402-close] no active tracking assignment matched destroyed target (targetID=56, eventWatcher=5)
[0402-close] no active tracking assignment matched destroyed target (targetID=59, eventWatcher=4)
[0402-close] no active tracking assignment matched destroyed target (targetID=60, eventWatcher=5)
[0402-close] no active tracking assignment matched destroyed target (targetID=61, eventWatcher=6)
[0402-close] no active tracking assignment matched destroyed target (targetID=62, eventWatcher=6)
[0402-close] no active tracking assignment matched destroyed target (targetID=53, eventWatcher=4)
[0402-close] no active tracking assignment matched destroyed target (targetID=54, eventWatcher=6)
[0402-close] no active tracking assignment matched destroyed target (targetID=55, eventWatcher=4)
[0402-close] no active tracking assignment matched destroyed target (targetID=56, eventWatcher=5)
[0402-close] no active tracking assignment matched destroyed target (targetID=59, eventWatcher=4)
[0402-close] no active tracking assignment matched destroyed target (targetID=60, eventWatcher=5)
[0402-close] no active tracking assignment matched destroyed target (targetID=61, eventWatcher=6)
[0402-close] no active tracking assignment matched destroyed target (targetID=62, eventWatcher=6)
[0402-close] no active tracking assignment matched destroyed target (targetID=53, eventWatcher=4)
[0402-close] no active tracking assignment matched destroyed target (targetID=54, eventWatcher=6)
[0402-close] no active tracking assignment matched destroyed target (targetID=55, eventWatcher=4)
[0402-close] no active tracking assignment matched destroyed target (targetID=56, eventWatcher=5)
[0402-close] no active tracking assignment matched destroyed target (targetID=59, eventWatcher=4)
[0402-close] no active tracking assignment matched destroyed target (targetID=60, eventWatcher=5)
[0402-close] no active tracking assignment matched destroyed target (targetID=61, eventWatcher=6)
[0402-close] no active tracking assignment matched destroyed target (targetID=62, eventWatcher=6)
[0402-close] no active tracking assignment matched destroyed target (targetID=53, eventWatcher=4)
[0402-close] no active tracking assignment matched destroyed target (targetID=54, eventWatcher=6)
[0402-close] no active tracking assignment matched destroyed target (targetID=55, eventWatcher=4)
[0402-close] no active tracking assignment matched destroyed target (targetID=56, eventWatcher=5)
[0402-close] no active tracking assignment matched destroyed target (targetID=59, eventWatcher=4)
[0402-close] no active tracking assignment matched destroyed target (targetID=60, eventWatcher=5)
[0402-close] no active tracking assignment matched destroyed target (targetID=61, eventWatcher=6)
[0402-close] no active tracking assignment matched destroyed target (targetID=62, eventWatcher=6)
[0402-close] no active tracking assignment matched destroyed target (targetID=53, eventWatcher=4)
[0402-close] no active tracking assignment matched destroyed target (targetID=54, eventWatcher=6)
[0402-close] no active tracking assignment matched destroyed target (targetID=55, eventWatcher=4)
[0402-close] no active tracking assignment matched destroyed target (targetID=56, eventWatcher=5)
[0402-close] no active tracking assignment matched destroyed target (targetID=59, eventWatcher=4)
[0402-close] no active tracking assignment matched destroyed target (targetID=60, eventWatcher=5)
[0402-close] no active tracking assignment matched destroyed target (targetID=61, eventWatcher=6)
[0402-close] no active tracking assignment matched destroyed target (targetID=62, eventWatcher=6)
[0402-close] no active tracking assignment matched destroyed target (targetID=53, eventWatcher=4)
[0402-close] no active tracking assignment matched destroyed target (targetID=54, eventWatcher=6)
[0402-close] no active tracking assignment matched destroyed target (targetID=55, eventWatcher=4)
[0402-close] no active tracking assignment matched destroyed target (targetID=56, eventWatcher=5)
[0402-close] no active tracking assignment matched destroyed target (targetID=59, eventWatcher=4)
[0402-close] no active tracking assignment matched destroyed target (targetID=60, eventWatcher=5)
[0402-close] no active tracking assignment matched destroyed target (targetID=61, eventWatcher=6)
[0402-close] no active tracking assignment matched destroyed target (targetID=62, eventWatcher=6)
[0402-close] no active tracking assignment matched destroyed target (targetID=53, eventWatcher=4)
[0402-close] no active tracking assignment matched destroyed target (targetID=54, eventWatcher=6)
[0402-close] no active tracking assignment matched destroyed target (targetID=55, eventWatcher=4)
[0402-close] no active tracking assignment matched destroyed target (targetID=56, eventWatcher=5)
[0402-close] no active tracking assignment matched destroyed target (targetID=59, eventWatcher=4)
[0402-close] no active tracking assignment matched destroyed target (targetID=60, eventWatcher=5)
[0402-close] no active tracking assignment matched destroyed target (targetID=61, eventWatcher=6)
[0402-close] no active tracking assignment matched destroyed target (targetID=62, eventWatcher=6)
[0402-close] no active tracking assignment matched destroyed target (targetID=53, eventWatcher=4)
[0402-close] no active tracking assignment matched destroyed target (targetID=54, eventWatcher=6)
[0402-close] no active tracking assignment matched destroyed target (targetID=55, eventWatcher=4)
[0402-close] no active tracking assignment matched destroyed target (targetID=56, eventWatcher=5)
[0402-close] no active tracking assignment matched destroyed target (targetID=59, eventWatcher=4)
[0402-close] no active tracking assignment matched destroyed target (targetID=60, eventWatcher=5)
[0402-close] no active tracking assignment matched destroyed target (targetID=61, eventWatcher=6)
[0402-close] no active tracking assignment matched destroyed target (targetID=62, eventWatcher=6)
[0402-close] no active tracking assignment matched destroyed target (targetID=53, eventWatcher=4)
[0402-close] no active tracking assignment matched destroyed target (targetID=54, eventWatcher=6)
[0402-close] no active tracking assignment matched destroyed target (targetID=55, eventWatcher=4)
[0402-close] no active tracking assignment matched destroyed target (targetID=56, eventWatcher=5)
[0402-close] no active tracking assignment matched destroyed target (targetID=59, eventWatcher=4)
[0402-close] no active tracking assignment matched destroyed target (targetID=60, eventWatcher=5)
[0402-close] no active tracking assignment matched destroyed target (targetID=61, eventWatcher=6)
[0402-close] no active tracking assignment matched destroyed target (targetID=62, eventWatcher=6)
[0402-close] no active tracking assignment matched destroyed target (targetID=53, eventWatcher=4)
[0402-close] no active tracking assignment matched destroyed target (targetID=54, eventWatcher=6)
[0402-close] no active tracking assignment matched destroyed target (targetID=55, eventWatcher=4)
[0402-close] no active tracking assignment matched destroyed target (targetID=56, eventWatcher=5)
[0402-close] no active tracking assignment matched destroyed target (targetID=59, eventWatcher=4)
[0402-close] no active tracking assignment matched destroyed target (targetID=60, eventWatcher=5)
[0402-close] no active tracking assignment matched destroyed target (targetID=61, eventWatcher=6)
[0402-close] no active tracking assignment matched destroyed target (targetID=62, eventWatcher=6)
[0402-close] no active tracking assignment matched destroyed target (targetID=53, eventWatcher=4)
[0402-close] no active tracking assignment matched destroyed target (targetID=54, eventWatcher=6)
[0402-close] no active tracking assignment matched destroyed target (targetID=55, eventWatcher=4)
[0402-close] no active tracking assignment matched destroyed target (targetID=56, eventWatcher=5)
[0402-close] no active tracking assignment matched destroyed target (targetID=59, eventWatcher=4)
[0402-close] no active tracking assignment matched destroyed target (targetID=60, eventWatcher=5)
[0402-close] no active tracking assignment matched destroyed target (targetID=61, eventWatcher=6)
[0402-close] no active tracking assignment matched destroyed target (targetID=62, eventWatcher=6)
[0402-close] no active tracking assignment matched destroyed target (targetID=53, eventWatcher=4)
[0402-close] no active tracking assignment matched destroyed target (targetID=54, eventWatcher=6)
[0402-close] no active tracking assignment matched destroyed target (targetID=55, eventWatcher=4)
[0402-close] no active tracking assignment matched destroyed target (targetID=56, eventWatcher=5)
[0402-close] no active tracking assignment matched destroyed target (targetID=59, eventWatcher=4)
[0402-close] no active tracking assignment matched destroyed target (targetID=60, eventWatcher=5)
[0402-close] no active tracking assignment matched destroyed target (targetID=61, eventWatcher=6)
[0402-close] no active tracking assignment matched destroyed target (targetID=62, eventWatcher=6)
[0402-close] no active tracking assignment matched destroyed target (targetID=53, eventWatcher=4)
[0402-close] no active tracking assignment matched destroyed target (targetID=54, eventWatcher=6)
[0402-close] no active tracking assignment matched destroyed target (targetID=55, eventWatcher=4)
[0402-close] no active tracking assignment matched destroyed target (targetID=56, eventWatcher=5)
[0402-close] no active tracking assignment matched destroyed target (targetID=59, eventWatcher=4)
[0402-close] no active tracking assignment matched destroyed target (targetID=60, eventWatcher=5)
[0402-close] no active tracking assignment matched destroyed target (targetID=61, eventWatcher=6)
[0402-close] no active tracking assignment matched destroyed target (targetID=62, eventWatcher=6)
[0402-close] no active tracking assignment matched destroyed target (targetID=53, eventWatcher=4)
[0402-close] no active tracking assignment matched destroyed target (targetID=54, eventWatcher=6)
[0402-close] no active tracking assignment matched destroyed target (targetID=55, eventWatcher=4)
[0402-close] no active tracking assignment matched destroyed target (targetID=56, eventWatcher=5)
[0402-close] no active tracking assignment matched destroyed target (targetID=59, eventWatcher=4)
[0402-close] no active tracking assignment matched destroyed target (targetID=60, eventWatcher=5)
[0402-close] no active tracking assignment matched destroyed target (targetID=61, eventWatcher=6)
[0402-close] no active tracking assignment matched destroyed target (targetID=62, eventWatcher=6)
[0402-close] no active tracking assignment matched destroyed target (targetID=53, eventWatcher=4)
[0402-close] no active tracking assignment matched destroyed target (targetID=54, eventWatcher=6)
[0402-close] no active tracking assignment matched destroyed target (targetID=55, eventWatcher=4)
[0402-close] no active tracking assignment matched destroyed target (targetID=56, eventWatcher=5)
[0402-close] no active tracking assignment matched destroyed target (targetID=59, eventWatcher=4)
[0402-close] no active tracking assignment matched destroyed target (targetID=60, eventWatcher=5)
[0402-close] no active tracking assignment matched destroyed target (targetID=61, eventWatcher=6)
[0402-close] no active tracking assignment matched destroyed target (targetID=62, eventWatcher=6)
[0402-close] no active tracking assignment matched destroyed target (targetID=53, eventWatcher=4)
[0402-close] no active tracking assignment matched destroyed target (targetID=54, eventWatcher=6)
[0402-close] no active tracking assignment matched destroyed target (targetID=55, eventWatcher=4)
[0402-close] no active tracking assignment matched destroyed target (targetID=56, eventWatcher=5)
[0402-close] no active tracking assignment matched destroyed target (targetID=59, eventWatcher=4)
[0402-close] no active tracking assignment matched destroyed target (targetID=60, eventWatcher=5)
[0402-close] no active tracking assignment matched destroyed target (targetID=61, eventWatcher=6)
[0402-close] no active tracking assignment matched destroyed target (targetID=62, eventWatcher=6)
[0402-close] no active tracking assignment matched destroyed target (targetID=53, eventWatcher=4)
[0402-close] no active tracking assignment matched destroyed target (targetID=54, eventWatcher=6)
[0402-close] no active tracking assignment matched destroyed target (targetID=55, eventWatcher=4)
[0402-close] no active tracking assignment matched destroyed target (targetID=56, eventWatcher=5)
[0402-close] no active tracking assignment matched destroyed target (targetID=59, eventWatcher=4)
[0402-close] no active tracking assignment matched destroyed target (targetID=60, eventWatcher=5)
[0402-close] no active tracking assignment matched destroyed target (targetID=61, eventWatcher=6)
[0402-close] no active tracking assignment matched destroyed target (targetID=62, eventWatcher=6)
[0402-close] no active tracking assignment matched destroyed target (targetID=53, eventWatcher=4)
[0402-close] no active tracking assignment matched destroyed target (targetID=54, eventWatcher=6)
[0402-close] no active tracking assignment matched destroyed target (targetID=55, eventWatcher=4)
[0402-close] no active tracking assignment matched destroyed target (targetID=56, eventWatcher=5)
[0402-close] no active tracking assignment matched destroyed target (targetID=59, eventWatcher=4)
[0402-close] no active tracking assignment matched destroyed target (targetID=60, eventWatcher=5)
[0402-close] no active tracking assignment matched destroyed target (targetID=61, eventWatcher=6)
[0402-close] no active tracking assignment matched destroyed target (targetID=62, eventWatcher=6)
[0402-close] no active tracking assignment matched destroyed target (targetID=53, eventWatcher=4)
[0402-close] no active tracking assignment matched destroyed target (targetID=54, eventWatcher=6)
[0402-close] no active tracking assignment matched destroyed target (targetID=55, eventWatcher=4)
[0402-close] no active tracking assignment matched destroyed target (targetID=56, eventWatcher=5)
[0402-close] no active tracking assignment matched destroyed target (targetID=59, eventWatcher=4)
[0402-close] no active tracking assignment matched destroyed target (targetID=60, eventWatcher=5)
[0402-close] no active tracking assignment matched destroyed target (targetID=61, eventWatcher=6)
[0402-close] no active tracking assignment matched destroyed target (targetID=62, eventWatcher=6)
[0402-close] no active tracking assignment matched destroyed target (targetID=53, eventWatcher=4)
[0402-close] no active tracking assignment matched destroyed target (targetID=54, eventWatcher=6)
[0402-close] no active tracking assignment matched destroyed target (targetID=55, eventWatcher=4)
[0402-close] no active tracking assignment matched destroyed target (targetID=56, eventWatcher=5)
[0402-close] no active tracking assignment matched destroyed target (targetID=59, eventWatcher=4)
[0402-close] no active tracking assignment matched destroyed target (targetID=60, eventWatcher=5)
[0402-close] no active tracking assignment matched destroyed target (targetID=61, eventWatcher=6)
[0402-close] no active tracking assignment matched destroyed target (targetID=62, eventWatcher=6)
[0402-close] no active tracking assignment matched destroyed target (targetID=53, eventWatcher=4)
[0402-close] no active tracking assignment matched destroyed target (targetID=54, eventWatcher=6)
[0402-close] no active tracking assignment matched destroyed target (targetID=55, eventWatcher=4)
[0402-close] no active tracking assignment matched destroyed target (targetID=56, eventWatcher=5)
[0402-close] no active tracking assignment matched destroyed target (targetID=59, eventWatcher=4)
[0402-close] no active tracking assignment matched destroyed target (targetID=60, eventWatcher=5)
[0402-close] no active tracking assignment matched destroyed target (targetID=61, eventWatcher=6)
[0402-close] no active tracking assignment matched destroyed target (targetID=62, eventWatcher=6)
[0402-close] no active tracking assignment matched destroyed target (targetID=53, eventWatcher=4)
[0402-close] no active tracking assignment matched destroyed target (targetID=54, eventWatcher=6)
[0402-close] no active tracking assignment matched destroyed target (targetID=55, eventWatcher=4)
[0402-close] no active tracking assignment matched destroyed target (targetID=56, eventWatcher=5)
[0402-close] no active tracking assignment matched destroyed target (targetID=59, eventWatcher=4)
[0402-close] no active tracking assignment matched destroyed target (targetID=60, eventWatcher=5)
[0402-close] no active tracking assignment matched destroyed target (targetID=61, eventWatcher=6)
[0402-close] no active tracking assignment matched destroyed target (targetID=62, eventWatcher=6)
[0402-close] no active tracking assignment matched destroyed target (targetID=53, eventWatcher=4)
[0402-close] no active tracking assignment matched destroyed target (targetID=54, eventWatcher=6)
[0402-close] no active tracking assignment matched destroyed target (targetID=55, eventWatcher=4)
[0402-close] no active tracking assignment matched destroyed target (targetID=56, eventWatcher=5)
[0402-close] no active tracking assignment matched destroyed target (targetID=59, eventWatcher=4)
[0402-close] no active tracking assignment matched destroyed target (targetID=60, eventWatcher=5)
[0402-close] no active tracking assignment matched destroyed target (targetID=61, eventWatcher=6)
[0402-close] no active tracking assignment matched destroyed target (targetID=62, eventWatcher=6)
[0402-close] no active tracking assignment matched destroyed target (targetID=53, eventWatcher=4)
[0402-close] no active tracking assignment matched destroyed target (targetID=54, eventWatcher=6)
[0402-close] no active tracking assignment matched destroyed target (targetID=55, eventWatcher=4)
[0402-close] no active tracking assignment matched destroyed target (targetID=56, eventWatcher=5)
[0402-close] no active tracking assignment matched destroyed target (targetID=59, eventWatcher=4)
[0402-close] no active tracking assignment matched destroyed target (targetID=60, eventWatcher=5)
[0402-close] no active tracking assignment matched destroyed target (targetID=61, eventWatcher=6)
[0402-close] no active tracking assignment matched destroyed target (targetID=62, eventWatcher=6)
[0402-close] no active tracking assignment matched destroyed target (targetID=53, eventWatcher=4)
[0402-close] no active tracking assignment matched destroyed target (targetID=54, eventWatcher=6)
[0402-close] no active tracking assignment matched destroyed target (targetID=55, eventWatcher=4)
[0402-close] no active tracking assignment matched destroyed target (targetID=56, eventWatcher=5)
[0402-close] no active tracking assignment matched destroyed target (targetID=59, eventWatcher=4)
[0402-close] no active tracking assignment matched destroyed target (targetID=60, eventWatcher=5)
[0402-close] no active tracking assignment matched destroyed target (targetID=61, eventWatcher=6)
[0402-close] no active tracking assignment matched destroyed target (targetID=62, eventWatcher=6)
[0402-close] no active tracking assignment matched destroyed target (targetID=53, eventWatcher=4)
[0402-close] no active tracking assignment matched destroyed target (targetID=54, eventWatcher=6)
[0402-close] no active tracking assignment matched destroyed target (targetID=55, eventWatcher=4)
[0402-close] no active tracking assignment matched destroyed target (targetID=56, eventWatcher=5)
[0402-close] no active tracking assignment matched destroyed target (targetID=59, eventWatcher=4)
[0402-close] no active tracking assignment matched destroyed target (targetID=60, eventWatcher=5)
[0402-close] no active tracking assignment matched destroyed target (targetID=61, eventWatcher=6)
[0402-close] no active tracking assignment matched destroyed target (targetID=62, eventWatcher=6)
[0402-close] no active tracking assignment matched destroyed target (targetID=53, eventWatcher=4)
[0402-close] no active tracking assignment matched destroyed target (targetID=54, eventWatcher=6)
[0402-close] no active tracking assignment matched destroyed target (targetID=55, eventWatcher=4)
[0402-close] no active tracking assignment matched destroyed target (targetID=56, eventWatcher=5)
[0402-close] no active tracking assignment matched destroyed target (targetID=59, eventWatcher=4)
[0402-close] no active tracking assignment matched destroyed target (targetID=60, eventWatcher=5)
[0402-close] no active tracking assignment matched destroyed target (targetID=61, eventWatcher=6)
[0402-close] no active tracking assignment matched destroyed target (targetID=62, eventWatcher=6)
[0402-close] no active tracking assignment matched destroyed target (targetID=53, eventWatcher=4)
[0402-close] no active tracking assignment matched destroyed target (targetID=54, eventWatcher=6)
[0402-close] no active tracking assignment matched destroyed target (targetID=55, eventWatcher=4)
[0402-close] no active tracking assignment matched destroyed target (targetID=56, eventWatcher=5)
[0402-close] no active tracking assignment matched destroyed target (targetID=59, eventWatcher=4)
[0402-close] no active tracking assignment matched destroyed target (targetID=60, eventWatcher=5)
[0402-close] no active tracking assignment matched destroyed target (targetID=61, eventWatcher=6)
[0402-close] no active tracking assignment matched destroyed target (targetID=62, eventWatcher=6)
[0402-close] no active tracking assignment matched destroyed target (targetID=53, eventWatcher=4)
[0402-close] no active tracking assignment matched destroyed target (targetID=54, eventWatcher=6)
[0402-close] no active tracking assignment matched destroyed target (targetID=55, eventWatcher=4)
[0402-close] no active tracking assignment matched destroyed target (targetID=56, eventWatcher=5)
[0402-close] no active tracking assignment matched destroyed target (targetID=59, eventWatcher=4)
[0402-close] no active tracking assignment matched destroyed target (targetID=60, eventWatcher=5)
[0402-close] no active tracking assignment matched destroyed target (targetID=61, eventWatcher=6)
[0402-close] no active tracking assignment matched destroyed target (targetID=62, eventWatcher=6)
[0402-close] no active tracking assignment matched destroyed target (targetID=53, eventWatcher=4)
[0402-close] no active tracking assignment matched destroyed target (targetID=54, eventWatcher=6)
[0402-close] no active tracking assignment matched destroyed target (targetID=55, eventWatcher=4)
[0402-close] no active tracking assignment matched destroyed target (targetID=56, eventWatcher=5)
[0402-close] no active tracking assignment matched destroyed target (targetID=59, eventWatcher=4)
[0402-close] no active tracking assignment matched destroyed target (targetID=60, eventWatcher=5)
[0402-close] no active tracking assignment matched destroyed target (targetID=61, eventWatcher=6)
[0402-close] no active tracking assignment matched destroyed target (targetID=62, eventWatcher=6)
[0402-close] no active tracking assignment matched destroyed target (targetID=53, eventWatcher=4)
[0402-close] no active tracking assignment matched destroyed target (targetID=54, eventWatcher=6)
[0402-close] no active tracking assignment matched destroyed target (targetID=55, eventWatcher=4)
[0402-close] no active tracking assignment matched destroyed target (targetID=56, eventWatcher=5)
[0402-close] no active tracking assignment matched destroyed target (targetID=59, eventWatcher=4)
[0402-close] no active tracking assignment matched destroyed target (targetID=60, eventWatcher=5)
[0402-close] no active tracking assignment matched destroyed target (targetID=61, eventWatcher=6)
[0402-close] no active tracking assignment matched destroyed target (targetID=62, eventWatcher=6)
[0402-close] no active tracking assignment matched destroyed target (targetID=53, eventWatcher=4)
[0402-close] no active tracking assignment matched destroyed target (targetID=54, eventWatcher=6)
[0402-close] no active tracking assignment matched destroyed target (targetID=55, eventWatcher=4)
[0402-close] no active tracking assignment matched destroyed target (targetID=56, eventWatcher=5)
[0402-close] no active tracking assignment matched destroyed target (targetID=59, eventWatcher=4)
[0402-close] no active tracking assignment matched destroyed target (targetID=60, eventWatcher=5)
[0402-close] no active tracking assignment matched destroyed target (targetID=61, eventWatcher=6)
[0402-close] no active tracking assignment matched destroyed target (targetID=62, eventWatcher=6)
[0402-close] no active tracking assignment matched destroyed target (targetID=53, eventWatcher=4)
[0402-close] no active tracking assignment matched destroyed target (targetID=54, eventWatcher=6)
[0402-close] no active tracking assignment matched destroyed target (targetID=55, eventWatcher=4)
[0402-close] no active tracking assignment matched destroyed target (targetID=56, eventWatcher=5)
[0402-close] no active tracking assignment matched destroyed target (targetID=59, eventWatcher=4)
[0402-close] no active tracking assignment matched destroyed target (targetID=60, eventWatcher=5)
[0402-close] no active tracking assignment matched destroyed target (targetID=61, eventWatcher=6)
[0402-close] no active tracking assignment matched destroyed target (targetID=62, eventWatcher=6)
[0402-close] no active tracking assignment matched destroyed target (targetID=53, eventWatcher=4)
[0402-close] no active tracking assignment matched destroyed target (targetID=54, eventWatcher=6)
[0402-close] no active tracking assignment matched destroyed target (targetID=55, eventWatcher=4)
[0402-close] no active tracking assignment matched destroyed target (targetID=56, eventWatcher=5)
[0402-close] no active tracking assignment matched destroyed target (targetID=59, eventWatcher=4)
[0402-close] no active tracking assignment matched destroyed target (targetID=60, eventWatcher=5)
[0402-close] no active tracking assignment matched destroyed target (targetID=61, eventWatcher=6)
[0402-close] no active tracking assignment matched destroyed target (targetID=62, eventWatcher=6)
[0402-close] no active tracking assignment matched destroyed target (targetID=53, eventWatcher=4)
[0402-close] no active tracking assignment matched destroyed target (targetID=54, eventWatcher=6)
[0402-close] no active tracking assignment matched destroyed target (targetID=55, eventWatcher=4)
[0402-close] no active tracking assignment matched destroyed target (targetID=56, eventWatcher=5)
[0402-close] no active tracking assignment matched destroyed target (targetID=59, eventWatcher=4)
[0402-close] no active tracking assignment matched destroyed target (targetID=60, eventWatcher=5)
[0402-close] no active tracking assignment matched destroyed target (targetID=61, eventWatcher=6)
[0402-close] no active tracking assignment matched destroyed target (targetID=62, eventWatcher=6)
[0402-close] no active tracking assignment matched destroyed target (targetID=53, eventWatcher=4)
[0402-close] no active tracking assignment matched destroyed target (targetID=54, eventWatcher=6)
[0402-close] no active tracking assignment matched destroyed target (targetID=55, eventWatcher=4)
[0402-close] no active tracking assignment matched destroyed target (targetID=56, eventWatcher=5)
[0402-close] no active tracking assignment matched destroyed target (targetID=59, eventWatcher=4)
[0402-close] no active tracking assignment matched destroyed target (targetID=60, eventWatcher=5)
[0402-close] no active tracking assignment matched destroyed target (targetID=61, eventWatcher=6)
[0402-close] no active tracking assignment matched destroyed target (targetID=62, eventWatcher=6)
[0402-close] no active tracking assignment matched destroyed target (targetID=53, eventWatcher=4)
[0402-close] no active tracking assignment matched destroyed target (targetID=54, eventWatcher=6)
[0402-close] no active tracking assignment matched destroyed target (targetID=55, eventWatcher=4)
[0402-close] no active tracking assignment matched destroyed target (targetID=56, eventWatcher=5)
[0402-close] no active tracking assignment matched destroyed target (targetID=59, eventWatcher=4)
[0402-close] no active tracking assignment matched destroyed target (targetID=60, eventWatcher=5)
[0402-close] no active tracking assignment matched destroyed target (targetID=61, eventWatcher=6)
[0402-close] no active tracking assignment matched destroyed target (targetID=62, eventWatcher=6)
[0402-close] no active tracking assignment matched destroyed target (targetID=53, eventWatcher=4)
[0402-close] no active tracking assignment matched destroyed target (targetID=54, eventWatcher=6)
[0402-close] no active tracking assignment matched destroyed target (targetID=55, eventWatcher=4)
[0402-close] no active tracking assignment matched destroyed target (targetID=56, eventWatcher=5)
[0402-close] no active tracking assignment matched destroyed target (targetID=59, eventWatcher=4)
[0402-close] no active tracking assignment matched destroyed target (targetID=60, eventWatcher=5)
[0402-close] no active tracking assignment matched destroyed target (targetID=61, eventWatcher=6)
[0402-close] no active tracking assignment matched destroyed target (targetID=62, eventWatcher=6)
[0402-close] no active tracking assignment matched destroyed target (targetID=53, eventWatcher=4)
[0402-close] no active tracking assignment matched destroyed target (targetID=54, eventWatcher=6)
[0402-close] no active tracking assignment matched destroyed target (targetID=55, eventWatcher=4)
[0402-close] no active tracking assignment matched destroyed target (targetID=56, eventWatcher=5)
[0402-close] no active tracking assignment matched destroyed target (targetID=59, eventWatcher=4)
[0402-close] no active tracking assignment matched destroyed target (targetID=60, eventWatcher=5)
[0402-close] no active tracking assignment matched destroyed target (targetID=61, eventWatcher=6)
[0402-close] no active tracking assignment matched destroyed target (targetID=62, eventWatcher=6)
[0402-close] no active tracking assignment matched destroyed target (targetID=53, eventWatcher=4)
[0402-close] no active tracking assignment matched destroyed target (targetID=54, eventWatcher=6)
[0402-close] no active tracking assignment matched destroyed target (targetID=55, eventWatcher=4)
[0402-close] no active tracking assignment matched destroyed target (targetID=56, eventWatcher=5)
[0402-close] no active tracking assignment matched destroyed target (targetID=59, eventWatcher=4)
[0402-close] no active tracking assignment matched destroyed target (targetID=60, eventWatcher=5)
[0402-close] no active tracking assignment matched destroyed target (targetID=61, eventWatcher=6)
[0402-close] no active tracking assignment matched destroyed target (targetID=62, eventWatcher=6)
[0402-close] no active tracking assignment matched destroyed target (targetID=53, eventWatcher=4)
[0402-close] no active tracking assignment matched destroyed target (targetID=54, eventWatcher=6)
[0402-close] no active tracking assignment matched destroyed target (targetID=55, eventWatcher=4)
[0402-close] no active tracking assignment matched destroyed target (targetID=56, eventWatcher=5)
[0402-close] no active tracking assignment matched destroyed target (targetID=59, eventWatcher=4)
[0402-close] no active tracking assignment matched destroyed target (targetID=60, eventWatcher=5)
[0402-close] no active tracking assignment matched destroyed target (targetID=61, eventWatcher=6)
[0402-close] no active tracking assignment matched destroyed target (targetID=62, eventWatcher=6)
[0402-close] no active tracking assignment matched destroyed target (targetID=53, eventWatcher=4)
[0402-close] no active tracking assignment matched destroyed target (targetID=54, eventWatcher=6)
[0402-close] no active tracking assignment matched destroyed target (targetID=55, eventWatcher=4)
[0402-close] no active tracking assignment matched destroyed target (targetID=56, eventWatcher=5)
[0402-close] no active tracking assignment matched destroyed target (targetID=59, eventWatcher=4)
[0402-close] no active tracking assignment matched destroyed target (targetID=60, eventWatcher=5)
[0402-close] no active tracking assignment matched destroyed target (targetID=61, eventWatcher=6)
[0402-close] no active tracking assignment matched destroyed target (targetID=62, eventWatcher=6)
[0402-close] no active tracking assignment matched destroyed target (targetID=53, eventWatcher=4)
[0402-close] no active tracking assignment matched destroyed target (targetID=54, eventWatcher=6)
[0402-close] no active tracking assignment matched destroyed target (targetID=55, eventWatcher=4)
[0402-close] no active tracking assignment matched destroyed target (targetID=56, eventWatcher=5)
[0402-close] no active tracking assignment matched destroyed target (targetID=59, eventWatcher=4)
[0402-close] no active tracking assignment matched destroyed target (targetID=60, eventWatcher=5)
[0402-close] no active tracking assignment matched destroyed target (targetID=61, eventWatcher=6)
[0402-close] no active tracking assignment matched destroyed target (targetID=62, eventWatcher=6)
[0402-close] no active tracking assignment matched destroyed target (targetID=53, eventWatcher=4)
[0402-close] no active tracking assignment matched destroyed target (targetID=54, eventWatcher=6)
[0402-close] no active tracking assignment matched destroyed target (targetID=55, eventWatcher=4)
[0402-close] no active tracking assignment matched destroyed target (targetID=56, eventWatcher=5)
[0402-close] no active tracking assignment matched destroyed target (targetID=59, eventWatcher=4)
[0402-close] no active tracking assignment matched destroyed target (targetID=60, eventWatcher=5)
[0402-close] no active tracking assignment matched destroyed target (targetID=61, eventWatcher=6)
[0402-close] no active tracking assignment matched destroyed target (targetID=62, eventWatcher=6)
[0402-close] no active tracking assignment matched destroyed target (targetID=53, eventWatcher=4)
[0402-close] no active tracking assignment matched destroyed target (targetID=54, eventWatcher=6)
[0402-close] no active tracking assignment matched destroyed target (targetID=55, eventWatcher=4)
[0402-close] no active tracking assignment matched destroyed target (targetID=56, eventWatcher=5)
[0402-close] no active tracking assignment matched destroyed target (targetID=59, eventWatcher=4)
[0402-close] no active tracking assignment matched destroyed target (targetID=60, eventWatcher=5)
[0402-close] no active tracking assignment matched destroyed target (targetID=61, eventWatcher=6)
[0402-close] no active tracking assignment matched destroyed target (targetID=62, eventWatcher=6)
[0402-close] no active tracking assignment matched destroyed target (targetID=53, eventWatcher=4)
[0402-close] no active tracking assignment matched destroyed target (targetID=54, eventWatcher=6)
[0402-close] no active tracking assignment matched destroyed target (targetID=55, eventWatcher=4)
[0402-close] no active tracking assignment matched destroyed target (targetID=56, eventWatcher=5)
[0402-close] no active tracking assignment matched destroyed target (targetID=59, eventWatcher=4)
[0402-close] no active tracking assignment matched destroyed target (targetID=60, eventWatcher=5)
[0402-close] no active tracking assignment matched destroyed target (targetID=61, eventWatcher=6)
[0402-close] no active tracking assignment matched destroyed target (targetID=62, eventWatcher=6)
[0402-close] no active tracking assignment matched destroyed target (targetID=53, eventWatcher=4)
[0402-close] no active tracking assignment matched destroyed target (targetID=54, eventWatcher=6)
[0402-close] no active tracking assignment matched destroyed target (targetID=55, eventWatcher=4)
[0402-close] no active tracking assignment matched destroyed target (targetID=56, eventWatcher=5)
[0402-close] no active tracking assignment matched destroyed target (targetID=59, eventWatcher=4)
[0402-close] no active tracking assignment matched destroyed target (targetID=60, eventWatcher=5)
[0402-close] no active tracking assignment matched destroyed target (targetID=61, eventWatcher=6)
[0402-close] no active tracking assignment matched destroyed target (targetID=62, eventWatcher=6)
[0402-close] no active tracking assignment matched destroyed target (targetID=53, eventWatcher=4)
[0402-close] no active tracking assignment matched destroyed target (targetID=54, eventWatcher=6)
[0402-close] no active tracking assignment matched destroyed target (targetID=55, eventWatcher=4)
[0402-close] no active tracking assignment matched destroyed target (targetID=56, eventWatcher=5)
[0402-close] no active tracking assignment matched destroyed target (targetID=59, eventWatcher=4)
[0402-close] no active tracking assignment matched destroyed target (targetID=60, eventWatcher=5)
[0402-close] no active tracking assignment matched destroyed target (targetID=61, eventWatcher=6)
[0402-close] no active tracking assignment matched destroyed target (targetID=62, eventWatcher=6)
[0402-close] no active tracking assignment matched destroyed target (targetID=53, eventWatcher=4)
[0402-close] no active tracking assignment matched destroyed target (targetID=54, eventWatcher=6)
[0402-close] no active tracking assignment matched destroyed target (targetID=55, eventWatcher=4)
[0402-close] no active tracking assignment matched destroyed target (targetID=56, eventWatcher=5)
[0402-close] no active tracking assignment matched destroyed target (targetID=59, eventWatcher=4)
[0402-close] no active tracking assignment matched destroyed target (targetID=60, eventWatcher=5)
[0402-close] no active tracking assignment matched destroyed target (targetID=61, eventWatcher=6)
[0402-close] no active tracking assignment matched destroyed target (targetID=62, eventWatcher=6)
[0402-close] no active tracking assignment matched destroyed target (targetID=53, eventWatcher=4)
[0402-close] no active tracking assignment matched destroyed target (targetID=54, eventWatcher=6)
[0402-close] no active tracking assignment matched destroyed target (targetID=55, eventWatcher=4)
[0402-close] no active tracking assignment matched destroyed target (targetID=56, eventWatcher=5)
[0402-close] no active tracking assignment matched destroyed target (targetID=59, eventWatcher=4)
[0402-close] no active tracking assignment matched destroyed target (targetID=60, eventWatcher=5)
[0402-close] no active tracking assignment matched destroyed target (targetID=61, eventWatcher=6)
[0402-close] no active tracking assignment matched destroyed target (targetID=62, eventWatcher=6)
[0402-close] no active tracking assignment matched destroyed target (targetID=53, eventWatcher=4)
[0402-close] no active tracking assignment matched destroyed target (targetID=54, eventWatcher=6)
[0402-close] no active tracking assignment matched destroyed target (targetID=55, eventWatcher=4)
[0402-close] no active tracking assignment matched destroyed target (targetID=56, eventWatcher=5)
[0402-close] no active tracking assignment matched destroyed target (targetID=59, eventWatcher=4)
[0402-close] no active tracking assignment matched destroyed target (targetID=60, eventWatcher=5)
[0402-close] no active tracking assignment matched destroyed target (targetID=61, eventWatcher=6)
[0402-close] no active tracking assignment matched destroyed target (targetID=62, eventWatcher=6)
[0402-close] no active tracking assignment matched destroyed target (targetID=53, eventWatcher=4)
[0402-close] no active tracking assignment matched destroyed target (targetID=54, eventWatcher=6)
[0402-close] no active tracking assignment matched destroyed target (targetID=55, eventWatcher=4)
[0402-close] no active tracking assignment matched destroyed target (targetID=56, eventWatcher=5)
[0402-close] no active tracking assignment matched destroyed target (targetID=59, eventWatcher=4)
[0402-close] no active tracking assignment matched destroyed target (targetID=60, eventWatcher=5)
[0402-close] no active tracking assignment matched destroyed target (targetID=61, eventWatcher=6)
[0402-close] no active tracking assignment matched destroyed target (targetID=62, eventWatcher=6)
[0402-close] no active tracking assignment matched destroyed target (targetID=53, eventWatcher=4)
[0402-close] no active tracking assignment matched destroyed target (targetID=54, eventWatcher=6)
[0402-close] no active tracking assignment matched destroyed target (targetID=55, eventWatcher=4)
[0402-close] no active tracking assignment matched destroyed target (targetID=56, eventWatcher=5)
[0402-close] no active tracking assignment matched destroyed target (targetID=59, eventWatcher=4)
[0402-close] no active tracking assignment matched destroyed target (targetID=60, eventWatcher=5)
[0402-close] no active tracking assignment matched destroyed target (targetID=61, eventWatcher=6)
[0402-close] no active tracking assignment matched destroyed target (targetID=62, eventWatcher=6)
[0402-close] no active tracking assignment matched destroyed target (targetID=53, eventWatcher=4)
[0402-close] no active tracking assignment matched destroyed target (targetID=54, eventWatcher=6)
[0402-close] no active tracking assignment matched destroyed target (targetID=55, eventWatcher=4)
[0402-close] no active tracking assignment matched destroyed target (targetID=56, eventWatcher=5)
[0402-close] no active tracking assignment matched destroyed target (targetID=59, eventWatcher=4)
[0402-close] no active tracking assignment matched destroyed target (targetID=60, eventWatcher=5)
[0402-close] no active tracking assignment matched destroyed target (targetID=61, eventWatcher=6)
[0402-close] no active tracking assignment matched destroyed target (targetID=62, eventWatcher=6)
[0402-close] no active tracking assignment matched destroyed target (targetID=53, eventWatcher=4)
[0402-close] no active tracking assignment matched destroyed target (targetID=54, eventWatcher=6)
[0402-close] no active tracking assignment matched destroyed target (targetID=55, eventWatcher=4)
[0402-close] no active tracking assignment matched destroyed target (targetID=56, eventWatcher=5)
[0402-close] no active tracking assignment matched destroyed target (targetID=59, eventWatcher=4)
[0402-close] no active tracking assignment matched destroyed target (targetID=60, eventWatcher=5)
[0402-close] no active tracking assignment matched destroyed target (targetID=61, eventWatcher=6)
[0402-close] no active tracking assignment matched destroyed target (targetID=62, eventWatcher=6)
[0402-close] no active tracking assignment matched destroyed target (targetID=53, eventWatcher=4)
[0402-close] no active tracking assignment matched destroyed target (targetID=54, eventWatcher=6)
[0402-close] no active tracking assignment matched destroyed target (targetID=55, eventWatcher=4)
[0402-close] no active tracking assignment matched destroyed target (targetID=56, eventWatcher=5)
[0402-close] no active tracking assignment matched destroyed target (targetID=59, eventWatcher=4)
[0402-close] no active tracking assignment matched destroyed target (targetID=60, eventWatcher=5)
[0402-close] no active tracking assignment matched destroyed target (targetID=61, eventWatcher=6)
[0402-close] no active tracking assignment matched destroyed target (targetID=62, eventWatcher=6)
[0402-close] no active tracking assignment matched destroyed target (targetID=53, eventWatcher=4)
[0402-close] no active tracking assignment matched destroyed target (targetID=54, eventWatcher=6)
[0402-close] no active tracking assignment matched destroyed target (targetID=55, eventWatcher=4)
[0402-close] no active tracking assignment matched destroyed target (targetID=56, eventWatcher=5)
[0402-close] no active tracking assignment matched destroyed target (targetID=59, eventWatcher=4)
[0402-close] no active tracking assignment matched destroyed target (targetID=60, eventWatcher=5)
[0402-close] no active tracking assignment matched destroyed target (targetID=61, eventWatcher=6)
[0402-close] no active tracking assignment matched destroyed target (targetID=62, eventWatcher=6)
[0402-close] no active tracking assignment matched destroyed target (targetID=53, eventWatcher=4)
[0402-close] no active tracking assignment matched destroyed target (targetID=54, eventWatcher=6)
[0402-close] no active tracking assignment matched destroyed target (targetID=55, eventWatcher=4)
[0402-close] no active tracking assignment matched destroyed target (targetID=56, eventWatcher=5)
[0402-close] no active tracking assignment matched destroyed target (targetID=59, eventWatcher=4)
[0402-close] no active tracking assignment matched destroyed target (targetID=60, eventWatcher=5)
[0402-close] no active tracking assignment matched destroyed target (targetID=61, eventWatcher=6)
[0402-close] no active tracking assignment matched destroyed target (targetID=62, eventWatcher=6)
[0402-close] no active tracking assignment matched destroyed target (targetID=53, eventWatcher=4)
[0402-close] no active tracking assignment matched destroyed target (targetID=54, eventWatcher=6)
[0402-close] no active tracking assignment matched destroyed target (targetID=55, eventWatcher=4)
[0402-close] no active tracking assignment matched destroyed target (targetID=56, eventWatcher=5)
[0402-close] no active tracking assignment matched destroyed target (targetID=59, eventWatcher=4)
[0402-close] no active tracking assignment matched destroyed target (targetID=60, eventWatcher=5)
[0402-close] no active tracking assignment matched destroyed target (targetID=61, eventWatcher=6)
[0402-close] no active tracking assignment matched destroyed target (targetID=62, eventWatcher=6)
[0402-close] no active tracking assignment matched destroyed target (targetID=53, eventWatcher=4)
[0402-close] no active tracking assignment matched destroyed target (targetID=54, eventWatcher=6)
[0402-close] no active tracking assignment matched destroyed target (targetID=55, eventWatcher=4)
[0402-close] no active tracking assignment matched destroyed target (targetID=56, eventWatcher=5)
[0402-close] no active tracking assignment matched destroyed target (targetID=59, eventWatcher=4)
[0402-close] no active tracking assignment matched destroyed target (targetID=60, eventWatcher=5)
[0402-close] no active tracking assignment matched destroyed target (targetID=61, eventWatcher=6)
[0402-close] no active tracking assignment matched destroyed target (targetID=62, eventWatcher=6)
[0402-close] no active tracking assignment matched destroyed target (targetID=53, eventWatcher=4)
[0402-close] no active tracking assignment matched destroyed target (targetID=54, eventWatcher=6)
[0402-close] no active tracking assignment matched destroyed target (targetID=55, eventWatcher=4)
[0402-close] no active tracking assignment matched destroyed target (targetID=56, eventWatcher=5)
[0402-close] no active tracking assignment matched destroyed target (targetID=59, eventWatcher=4)
[0402-close] no active tracking assignment matched destroyed target (targetID=60, eventWatcher=5)
[0402-close] no active tracking assignment matched destroyed target (targetID=61, eventWatcher=6)
[0402-close] no active tracking assignment matched destroyed target (targetID=62, eventWatcher=6)
[0402-close] no active tracking assignment matched destroyed target (targetID=53, eventWatcher=4)
[0402-close] no active tracking assignment matched destroyed target (targetID=54, eventWatcher=6)
[0402-close] no active tracking assignment matched destroyed target (targetID=55, eventWatcher=4)
[0402-close] no active tracking assignment matched destroyed target (targetID=56, eventWatcher=5)
[0402-close] no active tracking assignment matched destroyed target (targetID=59, eventWatcher=4)
[0402-close] no active tracking assignment matched destroyed target (targetID=60, eventWatcher=5)
[0402-close] no active tracking assignment matched destroyed target (targetID=61, eventWatcher=6)
[0402-close] no active tracking assignment matched destroyed target (targetID=62, eventWatcher=6)
[0402-close] no active tracking assignment matched destroyed target (targetID=53, eventWatcher=4)
[0402-close] no active tracking assignment matched destroyed target (targetID=54, eventWatcher=6)
[0402-close] no active tracking assignment matched destroyed target (targetID=55, eventWatcher=4)
[0402-close] no active tracking assignment matched destroyed target (targetID=56, eventWatcher=5)
[0402-close] no active tracking assignment matched destroyed target (targetID=59, eventWatcher=4)
[0402-close] no active tracking assignment matched destroyed target (targetID=60, eventWatcher=5)
[0402-close] no active tracking assignment matched destroyed target (targetID=61, eventWatcher=6)
[0402-close] no active tracking assignment matched destroyed target (targetID=62, eventWatcher=6)
[0402-close] no active tracking assignment matched destroyed target (targetID=53, eventWatcher=4)
[0402-close] no active tracking assignment matched destroyed target (targetID=54, eventWatcher=6)
[0402-close] no active tracking assignment matched destroyed target (targetID=55, eventWatcher=4)
[0402-close] no active tracking assignment matched destroyed target (targetID=56, eventWatcher=5)
[0402-close] no active tracking assignment matched destroyed target (targetID=59, eventWatcher=4)
[0402-close] no active tracking assignment matched destroyed target (targetID=60, eventWatcher=5)
[0402-close] no active tracking assignment matched destroyed target (targetID=61, eventWatcher=6)
[0402-close] no active tracking assignment matched destroyed target (targetID=62, eventWatcher=6)
[0402-close] no active tracking assignment matched destroyed target (targetID=53, eventWatcher=4)
[0402-close] no active tracking assignment matched destroyed target (targetID=54, eventWatcher=6)
[0402-close] no active tracking assignment matched destroyed target (targetID=55, eventWatcher=4)
[0402-close] no active tracking assignment matched destroyed target (targetID=56, eventWatcher=5)
[0402-close] no active tracking assignment matched destroyed target (targetID=59, eventWatcher=4)
[0402-close] no active tracking assignment matched destroyed target (targetID=60, eventWatcher=5)
[0402-close] no active tracking assignment matched destroyed target (targetID=61, eventWatcher=6)
[0402-close] no active tracking assignment matched destroyed target (targetID=62, eventWatcher=6)
[0402-close] no active tracking assignment matched destroyed target (targetID=53, eventWatcher=4)
[0402-close] no active tracking assignment matched destroyed target (targetID=54, eventWatcher=6)
[0402-close] no active tracking assignment matched destroyed target (targetID=55, eventWatcher=4)
[0402-close] no active tracking assignment matched destroyed target (targetID=56, eventWatcher=5)
[0402-close] no active tracking assignment matched destroyed target (targetID=59, eventWatcher=4)
[0402-close] no active tracking assignment matched destroyed target (targetID=60, eventWatcher=5)
[0402-close] no active tracking assignment matched destroyed target (targetID=61, eventWatcher=6)
[0402-close] no active tracking assignment matched destroyed target (targetID=62, eventWatcher=6)
[0402-close] no active tracking assignment matched destroyed target (targetID=53, eventWatcher=4)
[0402-close] no active tracking assignment matched destroyed target (targetID=54, eventWatcher=6)
[0402-close] no active tracking assignment matched destroyed target (targetID=55, eventWatcher=4)
[0402-close] no active tracking assignment matched destroyed target (targetID=56, eventWatcher=5)
[0402-close] no active tracking assignment matched destroyed target (targetID=59, eventWatcher=4)
[0402-close] no active tracking assignment matched destroyed target (targetID=60, eventWatcher=5)
[0402-close] no active tracking assignment matched destroyed target (targetID=61, eventWatcher=6)
[0402-close] no active tracking assignment matched destroyed target (targetID=62, eventWatcher=6)
[0402-close] no active tracking assignment matched destroyed target (targetID=53, eventWatcher=4)
[0402-close] no active tracking assignment matched destroyed target (targetID=54, eventWatcher=6)
[0402-close] no active tracking assignment matched destroyed target (targetID=55, eventWatcher=4)
[0402-close] no active tracking assignment matched destroyed target (targetID=56, eventWatcher=5)
[0402-close] no active tracking assignment matched destroyed target (targetID=59, eventWatcher=4)
[0402-close] no active tracking assignment matched destroyed target (targetID=60, eventWatcher=5)
[0402-close] no active tracking assignment matched destroyed target (targetID=61, eventWatcher=6)
[0402-close] no active tracking assignment matched destroyed target (targetID=62, eventWatcher=6)
[0402-close] no active tracking assignment matched destroyed target (targetID=53, eventWatcher=4)
[0402-close] no active tracking assignment matched destroyed target (targetID=54, eventWatcher=6)
[0402-close] no active tracking assignment matched destroyed target (targetID=55, eventWatcher=4)
[0402-close] no active tracking assignment matched destroyed target (targetID=56, eventWatcher=5)
[0402-close] no active tracking assignment matched destroyed target (targetID=59, eventWatcher=4)
[0402-close] no active tracking assignment matched destroyed target (targetID=60, eventWatcher=5)
[0402-close] no active tracking assignment matched destroyed target (targetID=61, eventWatcher=6)
[0402-close] no active tracking assignment matched destroyed target (targetID=62, eventWatcher=6)
[0402-close] no active tracking assignment matched destroyed target (targetID=53, eventWatcher=4)
[0402-close] no active tracking assignment matched destroyed target (targetID=54, eventWatcher=6)
[0402-close] no active tracking assignment matched destroyed target (targetID=55, eventWatcher=4)
[0402-close] no active tracking assignment matched destroyed target (targetID=56, eventWatcher=5)
[0402-close] no active tracking assignment matched destroyed target (targetID=59, eventWatcher=4)
[0402-close] no active tracking assignment matched destroyed target (targetID=60, eventWatcher=5)
[0402-close] no active tracking assignment matched destroyed target (targetID=61, eventWatcher=6)
[0402-close] no active tracking assignment matched destroyed target (targetID=62, eventWatcher=6)
[0402-close] no active tracking assignment matched destroyed target (targetID=53, eventWatcher=4)
[0402-close] no active tracking assignment matched destroyed target (targetID=54, eventWatcher=6)
[0402-close] no active tracking assignment matched destroyed target (targetID=55, eventWatcher=4)
[0402-close] no active tracking assignment matched destroyed target (targetID=56, eventWatcher=5)
[0402-close] no active tracking assignment matched destroyed target (targetID=59, eventWatcher=4)
[0402-close] no active tracking assignment matched destroyed target (targetID=60, eventWatcher=5)
[0402-close] no active tracking assignment matched destroyed target (targetID=61, eventWatcher=6)
[0402-close] no active tracking assignment matched destroyed target (targetID=62, eventWatcher=6)
[0402-close] no active tracking assignment matched destroyed target (targetID=53, eventWatcher=4)
[0402-close] no active tracking assignment matched destroyed target (targetID=54, eventWatcher=6)
[0402-close] no active tracking assignment matched destroyed target (targetID=55, eventWatcher=4)
[0402-close] no active tracking assignment matched destroyed target (targetID=56, eventWatcher=5)
[0402-close] no active tracking assignment matched destroyed target (targetID=59, eventWatcher=4)
[0402-close] no active tracking assignment matched destroyed target (targetID=60, eventWatcher=5)
[0402-close] no active tracking assignment matched destroyed target (targetID=61, eventWatcher=6)
[0402-close] no active tracking assignment matched destroyed target (targetID=62, eventWatcher=6)
[0402-close] no active tracking assignment matched destroyed target (targetID=53, eventWatcher=4)
[0402-close] no active tracking assignment matched destroyed target (targetID=54, eventWatcher=6)
[0402-close] no active tracking assignment matched destroyed target (targetID=55, eventWatcher=4)
[0402-close] no active tracking assignment matched destroyed target (targetID=56, eventWatcher=5)
[0402-close] no active tracking assignment matched destroyed target (targetID=59, eventWatcher=4)
[0402-close] no active tracking assignment matched destroyed target (targetID=60, eventWatcher=5)
[0402-close] no active tracking assignment matched destroyed target (targetID=61, eventWatcher=6)
[0402-close] no active tracking assignment matched destroyed target (targetID=62, eventWatcher=6)
[0402-close] no active tracking assignment matched destroyed target (targetID=53, eventWatcher=4)
[0402-close] no active tracking assignment matched destroyed target (targetID=54, eventWatcher=6)
[0402-close] no active tracking assignment matched destroyed target (targetID=55, eventWatcher=4)
[0402-close] no active tracking assignment matched destroyed target (targetID=56, eventWatcher=5)
[0402-close] no active tracking assignment matched destroyed target (targetID=59, eventWatcher=4)
[0402-close] no active tracking assignment matched destroyed target (targetID=60, eventWatcher=5)
[0402-close] no active tracking assignment matched destroyed target (targetID=61, eventWatcher=6)
[0402-close] no active tracking assignment matched destroyed target (targetID=62, eventWatcher=6)
[0402-close] no active tracking assignment matched destroyed target (targetID=53, eventWatcher=4)
[0402-close] no active tracking assignment matched destroyed target (targetID=54, eventWatcher=6)
[0402-close] no active tracking assignment matched destroyed target (targetID=55, eventWatcher=4)
[0402-close] no active tracking assignment matched destroyed target (targetID=56, eventWatcher=5)
[0402-close] no active tracking assignment matched destroyed target (targetID=59, eventWatcher=4)
[0402-close] no active tracking assignment matched destroyed target (targetID=60, eventWatcher=5)
[0402-close] no active tracking assignment matched destroyed target (targetID=61, eventWatcher=6)
[0402-close] no active tracking assignment matched destroyed target (targetID=62, eventWatcher=6)
[0402-close] no active tracking assignment matched destroyed target (targetID=53, eventWatcher=4)
[0402-close] no active tracking assignment matched destroyed target (targetID=54, eventWatcher=6)
[0402-close] no active tracking assignment matched destroyed target (targetID=55, eventWatcher=4)
[0402-close] no active tracking assignment matched destroyed target (targetID=56, eventWatcher=5)
[0402-close] no active tracking assignment matched destroyed target (targetID=59, eventWatcher=4)
[0402-close] no active tracking assignment matched destroyed target (targetID=60, eventWatcher=5)
[0402-close] no active tracking assignment matched destroyed target (targetID=61, eventWatcher=6)
[0402-close] no active tracking assignment matched destroyed target (targetID=62, eventWatcher=6)
[0402-close] no active tracking assignment matched destroyed target (targetID=53, eventWatcher=4)
[0402-close] no active tracking assignment matched destroyed target (targetID=54, eventWatcher=6)
[0402-close] no active tracking assignment matched destroyed target (targetID=55, eventWatcher=4)
[0402-close] no active tracking assignment matched destroyed target (targetID=56, eventWatcher=5)
[0402-close] no active tracking assignment matched destroyed target (targetID=59, eventWatcher=4)
[0402-close] no active tracking assignment matched destroyed target (targetID=60, eventWatcher=5)
[0402-close] no active tracking assignment matched destroyed target (targetID=61, eventWatcher=6)
[0402-close] no active tracking assignment matched destroyed target (targetID=62, eventWatcher=6)
[0402-close] no active tracking assignment matched destroyed target (targetID=53, eventWatcher=4)
[0402-close] no active tracking assignment matched destroyed target (targetID=54, eventWatcher=6)
[0402-close] no active tracking assignment matched destroyed target (targetID=55, eventWatcher=4)
[0402-close] no active tracking assignment matched destroyed target (targetID=56, eventWatcher=5)
[0402-close] no active tracking assignment matched destroyed target (targetID=59, eventWatcher=4)
[0402-close] no active tracking assignment matched destroyed target (targetID=60, eventWatcher=5)
[0402-close] no active tracking assignment matched destroyed target (targetID=61, eventWatcher=6)
[0402-close] no active tracking assignment matched destroyed target (targetID=62, eventWatcher=6)
[0402-close] no active tracking assignment matched destroyed target (targetID=53, eventWatcher=4)
[0402-close] no active tracking assignment matched destroyed target (targetID=54, eventWatcher=6)
[0402-close] no active tracking assignment matched destroyed target (targetID=55, eventWatcher=4)
[0402-close] no active tracking assignment matched destroyed target (targetID=56, eventWatcher=5)
[0402-close] no active tracking assignment matched destroyed target (targetID=59, eventWatcher=4)
[0402-close] no active tracking assignment matched destroyed target (targetID=60, eventWatcher=5)
[0402-close] no active tracking assignment matched destroyed target (targetID=61, eventWatcher=6)
[0402-close] no active tracking assignment matched destroyed target (targetID=62, eventWatcher=6)
[0402-close] no active tracking assignment matched destroyed target (targetID=53, eventWatcher=4)
[0402-close] no active tracking assignment matched destroyed target (targetID=54, eventWatcher=6)
[0402-close] no active tracking assignment matched destroyed target (targetID=55, eventWatcher=4)
[0402-close] no active tracking assignment matched destroyed target (targetID=56, eventWatcher=5)
[0402-close] no active tracking assignment matched destroyed target (targetID=59, eventWatcher=4)
[0402-close] no active tracking assignment matched destroyed target (targetID=60, eventWatcher=5)
[0402-close] no active tracking assignment matched destroyed target (targetID=61, eventWatcher=6)
[0402-close] no active tracking assignment matched destroyed target (targetID=62, eventWatcher=6)
[0402-close] no active tracking assignment matched destroyed target (targetID=53, eventWatcher=4)
[0402-close] no active tracking assignment matched destroyed target (targetID=54, eventWatcher=6)
[0402-close] no active tracking assignment matched destroyed target (targetID=55, eventWatcher=4)
[0402-close] no active tracking assignment matched destroyed target (targetID=56, eventWatcher=5)
[0402-close] no active tracking assignment matched destroyed target (targetID=59, eventWatcher=4)
[0402-close] no active tracking assignment matched destroyed target (targetID=60, eventWatcher=5)
[0402-close] no active tracking assignment matched destroyed target (targetID=61, eventWatcher=6)
[0402-close] no active tracking assignment matched destroyed target (targetID=62, eventWatcher=6)
[0402-close] no active tracking assignment matched destroyed target (targetID=53, eventWatcher=4)
[0402-close] no active tracking assignment matched destroyed target (targetID=54, eventWatcher=6)
[0402-close] no active tracking assignment matched destroyed target (targetID=55, eventWatcher=4)
[0402-close] no active tracking assignment matched destroyed target (targetID=56, eventWatcher=5)
[0402-close] no active tracking assignment matched destroyed target (targetID=59, eventWatcher=4)
[0402-close] no active tracking assignment matched destroyed target (targetID=60, eventWatcher=5)
[0402-close] no active tracking assignment matched destroyed target (targetID=61, eventWatcher=6)
[0402-close] no active tracking assignment matched destroyed target (targetID=62, eventWatcher=6)
[0402-close] no active tracking assignment matched destroyed target (targetID=53, eventWatcher=4)
[0402-close] no active tracking assignment matched destroyed target (targetID=54, eventWatcher=6)
[0402-close] no active tracking assignment matched destroyed target (targetID=55, eventWatcher=4)
[0402-close] no active tracking assignment matched destroyed target (targetID=56, eventWatcher=5)
[0402-close] no active tracking assignment matched destroyed target (targetID=59, eventWatcher=4)
[0402-close] no active tracking assignment matched destroyed target (targetID=60, eventWatcher=5)
[0402-close] no active tracking assignment matched destroyed target (targetID=61, eventWatcher=6)
[0402-close] no active tracking assignment matched destroyed target (targetID=62, eventWatcher=6)
[0402-close] no active tracking assignment matched destroyed target (targetID=53, eventWatcher=4)
[0402-close] no active tracking assignment matched destroyed target (targetID=54, eventWatcher=6)
[0402-close] no active tracking assignment matched destroyed target (targetID=55, eventWatcher=4)
[0402-close] no active tracking assignment matched destroyed target (targetID=56, eventWatcher=5)
[0402-close] no active tracking assignment matched destroyed target (targetID=59, eventWatcher=4)
[0402-close] no active tracking assignment matched destroyed target (targetID=60, eventWatcher=5)
[0402-close] no active tracking assignment matched destroyed target (targetID=61, eventWatcher=6)
[0402-close] no active tracking assignment matched destroyed target (targetID=62, eventWatcher=6)
[0402-close] no active tracking assignment matched destroyed target (targetID=53, eventWatcher=4)
[0402-close] no active tracking assignment matched destroyed target (targetID=54, eventWatcher=6)
[0402-close] no active tracking assignment matched destroyed target (targetID=55, eventWatcher=4)
[0402-close] no active tracking assignment matched destroyed target (targetID=56, eventWatcher=5)
[0402-close] no active tracking assignment matched destroyed target (targetID=59, eventWatcher=4)
[0402-close] no active tracking assignment matched destroyed target (targetID=60, eventWatcher=5)
[0402-close] no active tracking assignment matched destroyed target (targetID=61, eventWatcher=6)
[0402-close] no active tracking assignment matched destroyed target (targetID=62, eventWatcher=6)
[0402-close] no active tracking assignment matched destroyed target (targetID=53, eventWatcher=4)
[0402-close] no active tracking assignment matched destroyed target (targetID=54, eventWatcher=6)
[0402-close] no active tracking assignment matched destroyed target (targetID=55, eventWatcher=4)
[0402-close] no active tracking assignment matched destroyed target (targetID=56, eventWatcher=5)
[0402-close] no active tracking assignment matched destroyed target (targetID=59, eventWatcher=4)
[0402-close] no active tracking assignment matched destroyed target (targetID=60, eventWatcher=5)
[0402-close] no active tracking assignment matched destroyed target (targetID=61, eventWatcher=6)
[0402-close] no active tracking assignment matched destroyed target (targetID=62, eventWatcher=6)
[0402-close] no active tracking assignment matched destroyed target (targetID=53, eventWatcher=4)
[0402-close] no active tracking assignment matched destroyed target (targetID=54, eventWatcher=6)
[0402-close] no active tracking assignment matched destroyed target (targetID=55, eventWatcher=4)
[0402-close] no active tracking assignment matched destroyed target (targetID=56, eventWatcher=5)
[0402-close] no active tracking assignment matched destroyed target (targetID=59, eventWatcher=4)
[0402-close] no active tracking assignment matched destroyed target (targetID=60, eventWatcher=5)
[0402-close] no active tracking assignment matched destroyed target (targetID=61, eventWatcher=6)
[0402-close] no active tracking assignment matched destroyed target (targetID=62, eventWatcher=6)
[0402-close] no active tracking assignment matched destroyed target (targetID=53, eventWatcher=4)
[0402-close] no active tracking assignment matched destroyed target (targetID=54, eventWatcher=6)
[0402-close] no active tracking assignment matched destroyed target (targetID=55, eventWatcher=4)
[0402-close] no active tracking assignment matched destroyed target (targetID=56, eventWatcher=5)
[0402-close] no active tracking assignment matched destroyed target (targetID=59, eventWatcher=4)
[0402-close] no active tracking assignment matched destroyed target (targetID=60, eventWatcher=5)
[0402-close] no active tracking assignment matched destroyed target (targetID=61, eventWatcher=6)
[0402-close] no active tracking assignment matched destroyed target (targetID=62, eventWatcher=6)
[0402-close] no active tracking assignment matched destroyed target (targetID=53, eventWatcher=4)
[0402-close] no active tracking assignment matched destroyed target (targetID=54, eventWatcher=6)
[0402-close] no active tracking assignment matched destroyed target (targetID=55, eventWatcher=4)
[0402-close] no active tracking assignment matched destroyed target (targetID=56, eventWatcher=5)
[0402-close] no active tracking assignment matched destroyed target (targetID=59, eventWatcher=4)
[0402-close] no active tracking assignment matched destroyed target (targetID=60, eventWatcher=5)
[0402-close] no active tracking assignment matched destroyed target (targetID=61, eventWatcher=6)
[0402-close] no active tracking assignment matched destroyed target (targetID=62, eventWatcher=6)
[0402-close] no active tracking assignment matched destroyed target (targetID=53, eventWatcher=4)
[0402-close] no active tracking assignment matched destroyed target (targetID=54, eventWatcher=6)
[0402-close] no active tracking assignment matched destroyed target (targetID=55, eventWatcher=4)
[0402-close] no active tracking assignment matched destroyed target (targetID=56, eventWatcher=5)
[0402-close] no active tracking assignment matched destroyed target (targetID=59, eventWatcher=4)
[0402-close] no active tracking assignment matched destroyed target (targetID=60, eventWatcher=5)
[0402-close] no active tracking assignment matched destroyed target (targetID=61, eventWatcher=6)
[0402-close] no active tracking assignment matched destroyed target (targetID=62, eventWatcher=6)
[0402-close] no active tracking assignment matched destroyed target (targetID=53, eventWatcher=4)
[0402-close] no active tracking assignment matched destroyed target (targetID=54, eventWatcher=6)
[0402-close] no active tracking assignment matched destroyed target (targetID=55, eventWatcher=4)
[0402-close] no active tracking assignment matched destroyed target (targetID=56, eventWatcher=5)
[0402-close] no active tracking assignment matched destroyed target (targetID=59, eventWatcher=4)
[0402-close] no active tracking assignment matched destroyed target (targetID=60, eventWatcher=5)
[0402-close] no active tracking assignment matched destroyed target (targetID=61, eventWatcher=6)
[0402-close] no active tracking assignment matched destroyed target (targetID=62, eventWatcher=6)
[0402-close] no active tracking assignment matched destroyed target (targetID=53, eventWatcher=4)
[0402-close] no active tracking assignment matched destroyed target (targetID=54, eventWatcher=6)
[0402-close] no active tracking assignment matched destroyed target (targetID=55, eventWatcher=4)
[0402-close] no active tracking assignment matched destroyed target (targetID=56, eventWatcher=5)
[0402-close] no active tracking assignment matched destroyed target (targetID=59, eventWatcher=4)
[0402-close] no active tracking assignment matched destroyed target (targetID=60, eventWatcher=5)
[0402-close] no active tracking assignment matched destroyed target (targetID=61, eventWatcher=6)
[0402-close] no active tracking assignment matched destroyed target (targetID=62, eventWatcher=6)
[0402-close] no active tracking assignment matched destroyed target (targetID=53, eventWatcher=4)
[0402-close] no active tracking assignment matched destroyed target (targetID=54, eventWatcher=6)
[0402-close] no active tracking assignment matched destroyed target (targetID=55, eventWatcher=4)
[0402-close] no active tracking assignment matched destroyed target (targetID=56, eventWatcher=5)
[0402-close] no active tracking assignment matched destroyed target (targetID=59, eventWatcher=4)
[0402-close] no active tracking assignment matched destroyed target (targetID=60, eventWatcher=5)
[0402-close] no active tracking assignment matched destroyed target (targetID=61, eventWatcher=6)
[0402-close] no active tracking assignment matched destroyed target (targetID=62, eventWatcher=6)
[0402-close] no active tracking assignment matched destroyed target (targetID=53, eventWatcher=4)
[0402-close] no active tracking assignment matched destroyed target (targetID=54, eventWatcher=6)
[0402-close] no active tracking assignment matched destroyed target (targetID=55, eventWatcher=4)
[0402-close] no active tracking assignment matched destroyed target (targetID=56, eventWatcher=5)
[0402-close] no active tracking assignment matched destroyed target (targetID=59, eventWatcher=4)
[0402-close] no active tracking assignment matched destroyed target (targetID=60, eventWatcher=5)
[0402-close] no active tracking assignment matched destroyed target (targetID=61, eventWatcher=6)
[0402-close] no active tracking assignment matched destroyed target (targetID=62, eventWatcher=6)
[0402-close] no active tracking assignment matched destroyed target (targetID=53, eventWatcher=4)
[0402-close] no active tracking assignment matched destroyed target (targetID=54, eventWatcher=6)
[0402-close] no active tracking assignment matched destroyed target (targetID=55, eventWatcher=4)
[0402-close] no active tracking assignment matched destroyed target (targetID=56, eventWatcher=5)
[0402-close] no active tracking assignment matched destroyed target (targetID=59, eventWatcher=4)
[0402-close] no active tracking assignment matched destroyed target (targetID=60, eventWatcher=5)
[0402-close] no active tracking assignment matched destroyed target (targetID=61, eventWatcher=6)
[0402-close] no active tracking assignment matched destroyed target (targetID=62, eventWatcher=6)
[0402-close] no active tracking assignment matched destroyed target (targetID=53, eventWatcher=4)
[0402-close] no active tracking assignment matched destroyed target (targetID=54, eventWatcher=6)
[0402-close] no active tracking assignment matched destroyed target (targetID=55, eventWatcher=4)
[0402-close] no active tracking assignment matched destroyed target (targetID=56, eventWatcher=5)
[0402-close] no active tracking assignment matched destroyed target (targetID=59, eventWatcher=4)
[0402-close] no active tracking assignment matched destroyed target (targetID=60, eventWatcher=5)
[0402-close] no active tracking assignment matched destroyed target (targetID=61, eventWatcher=6)
[0402-close] no active tracking assignment matched destroyed target (targetID=62, eventWatcher=6)
[0402-close] no active tracking assignment matched destroyed target (targetID=53, eventWatcher=4)
[0402-close] no active tracking assignment matched destroyed target (targetID=54, eventWatcher=6)
[0402-close] no active tracking assignment matched destroyed target (targetID=55, eventWatcher=4)
[0402-close] no active tracking assignment matched destroyed target (targetID=56, eventWatcher=5)
[0402-close] no active tracking assignment matched destroyed target (targetID=59, eventWatcher=4)
[0402-close] no active tracking assignment matched destroyed target (targetID=60, eventWatcher=5)
[0402-close] no active tracking assignment matched destroyed target (targetID=61, eventWatcher=6)
[0402-close] no active tracking assignment matched destroyed target (targetID=62, eventWatcher=6)
[0402-close] no active tracking assignment matched destroyed target (targetID=53, eventWatcher=4)
[0402-close] no active tracking assignment matched destroyed target (targetID=54, eventWatcher=6)
[0402-close] no active tracking assignment matched destroyed target (targetID=55, eventWatcher=4)
[0402-close] no active tracking assignment matched destroyed target (targetID=56, eventWatcher=5)
[0402-close] no active tracking assignment matched destroyed target (targetID=59, eventWatcher=4)
[0402-close] no active tracking assignment matched destroyed target (targetID=60, eventWatcher=5)
[0402-close] no active tracking assignment matched destroyed target (targetID=61, eventWatcher=6)
[0402-close] no active tracking assignment matched destroyed target (targetID=62, eventWatcher=6)
[0402-close] no active tracking assignment matched destroyed target (targetID=53, eventWatcher=4)
[0402-close] no active tracking assignment matched destroyed target (targetID=54, eventWatcher=6)
[0402-close] no active tracking assignment matched destroyed target (targetID=55, eventWatcher=4)
[0402-close] no active tracking assignment matched destroyed target (targetID=56, eventWatcher=5)
[0402-close] no active tracking assignment matched destroyed target (targetID=59, eventWatcher=4)
[0402-close] no active tracking assignment matched destroyed target (targetID=60, eventWatcher=5)
[0402-close] no active tracking assignment matched destroyed target (targetID=61, eventWatcher=6)
[0402-close] no active tracking assignment matched destroyed target (targetID=62, eventWatcher=6)
[0402-close] no active tracking assignment matched destroyed target (targetID=53, eventWatcher=4)
[0402-close] no active tracking assignment matched destroyed target (targetID=54, eventWatcher=6)
[0402-close] no active tracking assignment matched destroyed target (targetID=55, eventWatcher=4)
[0402-close] no active tracking assignment matched destroyed target (targetID=56, eventWatcher=5)
[0402-close] no active tracking assignment matched destroyed target (targetID=59, eventWatcher=4)
[0402-close] no active tracking assignment matched destroyed target (targetID=60, eventWatcher=5)
[0402-close] no active tracking assignment matched destroyed target (targetID=61, eventWatcher=6)
[0402-close] no active tracking assignment matched destroyed target (targetID=62, eventWatcher=6)
[0402-close] no active tracking assignment matched destroyed target (targetID=53, eventWatcher=4)
[0402-close] no active tracking assignment matched destroyed target (targetID=54, eventWatcher=6)
[0402-close] no active tracking assignment matched destroyed target (targetID=55, eventWatcher=4)
[0402-close] no active tracking assignment matched destroyed target (targetID=56, eventWatcher=5)
[0402-close] no active tracking assignment matched destroyed target (targetID=59, eventWatcher=4)
[0402-close] no active tracking assignment matched destroyed target (targetID=60, eventWatcher=5)
[0402-close] no active tracking assignment matched destroyed target (targetID=61, eventWatcher=6)
[0402-close] no active tracking assignment matched destroyed target (targetID=62, eventWatcher=6)
[0402-close] no active tracking assignment matched destroyed target (targetID=53, eventWatcher=4)
[0402-close] no active tracking assignment matched destroyed target (targetID=54, eventWatcher=6)
[0402-close] no active tracking assignment matched destroyed target (targetID=55, eventWatcher=4)
[0402-close] no active tracking assignment matched destroyed target (targetID=56, eventWatcher=5)
[0402-close] no active tracking assignment matched destroyed target (targetID=59, eventWatcher=4)
[0402-close] no active tracking assignment matched destroyed target (targetID=60, eventWatcher=5)
[0402-close] no active tracking assignment matched destroyed target (targetID=61, eventWatcher=6)
[0402-close] no active tracking assignment matched destroyed target (targetID=62, eventWatcher=6)
[0402-close] no active tracking assignment matched destroyed target (targetID=53, eventWatcher=4)
[0402-close] no active tracking assignment matched destroyed target (targetID=54, eventWatcher=6)
[0402-close] no active tracking assignment matched destroyed target (targetID=55, eventWatcher=4)
[0402-close] no active tracking assignment matched destroyed target (targetID=56, eventWatcher=5)
[0402-close] no active tracking assignment matched destroyed target (targetID=59, eventWatcher=4)
[0402-close] no active tracking assignment matched destroyed target (targetID=60, eventWatcher=5)
[0402-close] no active tracking assignment matched destroyed target (targetID=61, eventWatcher=6)
[0402-close] no active tracking assignment matched destroyed target (targetID=62, eventWatcher=6)
[0402-close] no active tracking assignment matched destroyed target (targetID=53, eventWatcher=4)
[0402-close] no active tracking assignment matched destroyed target (targetID=54, eventWatcher=6)
[0402-close] no active tracking assignment matched destroyed target (targetID=55, eventWatcher=4)
[0402-close] no active tracking assignment matched destroyed target (targetID=56, eventWatcher=5)
[0402-close] no active tracking assignment matched destroyed target (targetID=59, eventWatcher=4)
[0402-close] no active tracking assignment matched destroyed target (targetID=60, eventWatcher=5)
[0402-close] no active tracking assignment matched destroyed target (targetID=61, eventWatcher=6)
[0402-close] no active tracking assignment matched destroyed target (targetID=62, eventWatcher=6)
[0402-close] no active tracking assignment matched destroyed target (targetID=53, eventWatcher=4)
[0402-close] no active tracking assignment matched destroyed target (targetID=54, eventWatcher=6)
[0402-close] no active tracking assignment matched destroyed target (targetID=55, eventWatcher=4)
[0402-close] no active tracking assignment matched destroyed target (targetID=56, eventWatcher=5)
[0402-close] no active tracking assignment matched destroyed target (targetID=59, eventWatcher=4)
[0402-close] no active tracking assignment matched destroyed target (targetID=60, eventWatcher=5)
[0402-close] no active tracking assignment matched destroyed target (targetID=61, eventWatcher=6)
[0402-close] no active tracking assignment matched destroyed target (targetID=62, eventWatcher=6)
[0402-close] no active tracking assignment matched destroyed target (targetID=53, eventWatcher=4)
[0402-close] no active tracking assignment matched destroyed target (targetID=54, eventWatcher=6)
[0402-close] no active tracking assignment matched destroyed target (targetID=55, eventWatcher=4)
[0402-close] no active tracking assignment matched destroyed target (targetID=56, eventWatcher=5)
[0402-close] no active tracking assignment matched destroyed target (targetID=59, eventWatcher=4)
[0402-close] no active tracking assignment matched destroyed target (targetID=60, eventWatcher=5)
[0402-close] no active tracking assignment matched destroyed target (targetID=61, eventWatcher=6)
[0402-close] no active tracking assignment matched destroyed target (targetID=62, eventWatcher=6)
[0402-close] no active tracking assignment matched destroyed target (targetID=53, eventWatcher=4)
[0402-close] no active tracking assignment matched destroyed target (targetID=54, eventWatcher=6)
[0402-close] no active tracking assignment matched destroyed target (targetID=55, eventWatcher=4)
[0402-close] no active tracking assignment matched destroyed target (targetID=56, eventWatcher=5)
[0402-close] no active tracking assignment matched destroyed target (targetID=59, eventWatcher=4)
[0402-close] no active tracking assignment matched destroyed target (targetID=60, eventWatcher=5)
[0402-close] no active tracking assignment matched destroyed target (targetID=61, eventWatcher=6)
[0402-close] no active tracking assignment matched destroyed target (targetID=62, eventWatcher=6)
[0402-close] no active tracking assignment matched destroyed target (targetID=53, eventWatcher=4)
[0402-close] no active tracking assignment matched destroyed target (targetID=54, eventWatcher=6)
[0402-close] no active tracking assignment matched destroyed target (targetID=55, eventWatcher=4)
[0402-close] no active tracking assignment matched destroyed target (targetID=56, eventWatcher=5)
[0402-close] no active tracking assignment matched destroyed target (targetID=59, eventWatcher=4)
[0402-close] no active tracking assignment matched destroyed target (targetID=60, eventWatcher=5)
[0402-close] no active tracking assignment matched destroyed target (targetID=61, eventWatcher=6)
[0402-close] no active tracking assignment matched destroyed target (targetID=62, eventWatcher=6)
[0402-close] no active tracking assignment matched destroyed target (targetID=53, eventWatcher=4)
[0402-close] no active tracking assignment matched destroyed target (targetID=54, eventWatcher=6)
[0402-close] no active tracking assignment matched destroyed target (targetID=55, eventWatcher=4)
[0402-close] no active tracking assignment matched destroyed target (targetID=56, eventWatcher=5)
[0402-close] no active tracking assignment matched destroyed target (targetID=59, eventWatcher=4)
[0402-close] no active tracking assignment matched destroyed target (targetID=60, eventWatcher=5)
[0402-close] no active tracking assignment matched destroyed target (targetID=61, eventWatcher=6)
[0402-close] no active tracking assignment matched destroyed target (targetID=62, eventWatcher=6)
[0402-close] no active tracking assignment matched destroyed target (targetID=53, eventWatcher=4)
[0402-close] no active tracking assignment matched destroyed target (targetID=54, eventWatcher=6)
[0402-close] no active tracking assignment matched destroyed target (targetID=55, eventWatcher=4)
[0402-close] no active tracking assignment matched destroyed target (targetID=56, eventWatcher=5)
[0402-close] no active tracking assignment matched destroyed target (targetID=59, eventWatcher=4)
[0402-close] no active tracking assignment matched destroyed target (targetID=60, eventWatcher=5)
[0402-close] no active tracking assignment matched destroyed target (targetID=61, eventWatcher=6)
[0402-close] no active tracking assignment matched destroyed target (targetID=62, eventWatcher=6)
[0402-close] no active tracking assignment matched destroyed target (targetID=53, eventWatcher=4)
[0402-close] no active tracking assignment matched destroyed target (targetID=54, eventWatcher=6)
[0402-close] no active tracking assignment matched destroyed target (targetID=55, eventWatcher=4)
[0402-close] no active tracking assignment matched destroyed target (targetID=56, eventWatcher=5)
[0402-close] no active tracking assignment matched destroyed target (targetID=59, eventWatcher=4)
[0402-close] no active tracking assignment matched destroyed target (targetID=60, eventWatcher=5)
[0402-close] no active tracking assignment matched destroyed target (targetID=61, eventWatcher=6)
[0402-close] no active tracking assignment matched destroyed target (targetID=62, eventWatcher=6)
[0402-close] no active tracking assignment matched destroyed target (targetID=53, eventWatcher=4)
[0402-close] no active tracking assignment matched destroyed target (targetID=54, eventWatcher=6)
[0402-close] no active tracking assignment matched destroyed target (targetID=55, eventWatcher=4)
[0402-close] no active tracking assignment matched destroyed target (targetID=56, eventWatcher=5)
[0402-close] no active tracking assignment matched destroyed target (targetID=59, eventWatcher=4)
[0402-close] no active tracking assignment matched destroyed target (targetID=60, eventWatcher=5)
[0402-close] no active tracking assignment matched destroyed target (targetID=61, eventWatcher=6)
[0402-close] no active tracking assignment matched destroyed target (targetID=62, eventWatcher=6)
[0402-close] no active tracking assignment matched destroyed target (targetID=53, eventWatcher=4)
[0402-close] no active tracking assignment matched destroyed target (targetID=54, eventWatcher=6)
[0402-close] no active tracking assignment matched destroyed target (targetID=55, eventWatcher=4)
[0402-close] no active tracking assignment matched destroyed target (targetID=56, eventWatcher=5)
[0402-close] no active tracking assignment matched destroyed target (targetID=59, eventWatcher=4)
[0402-close] no active tracking assignment matched destroyed target (targetID=60, eventWatcher=5)
[0402-close] no active tracking assignment matched destroyed target (targetID=61, eventWatcher=6)
[0402-close] no active tracking assignment matched destroyed target (targetID=62, eventWatcher=6)
[0402-close] no active tracking assignment matched destroyed target (targetID=53, eventWatcher=4)
[0402-close] no active tracking assignment matched destroyed target (targetID=54, eventWatcher=6)
[0402-close] no active tracking assignment matched destroyed target (targetID=55, eventWatcher=4)
[0402-close] no active tracking assignment matched destroyed target (targetID=56, eventWatcher=5)
[0402-close] no active tracking assignment matched destroyed target (targetID=59, eventWatcher=4)
[0402-close] no active tracking assignment matched destroyed target (targetID=60, eventWatcher=5)
[0402-close] no active tracking assignment matched destroyed target (targetID=61, eventWatcher=6)
[0402-close] no active tracking assignment matched destroyed target (targetID=62, eventWatcher=6)
[0402-close] no active tracking assignment matched destroyed target (targetID=53, eventWatcher=4)
[0402-close] no active tracking assignment matched destroyed target (targetID=54, eventWatcher=6)
[0402-close] no active tracking assignment matched destroyed target (targetID=55, eventWatcher=4)
[0402-close] no active tracking assignment matched destroyed target (targetID=56, eventWatcher=5)
[0402-close] no active tracking assignment matched destroyed target (targetID=59, eventWatcher=4)
[0402-close] no active tracking assignment matched destroyed target (targetID=60, eventWatcher=5)
[0402-close] no active tracking assignment matched destroyed target (targetID=61, eventWatcher=6)
[0402-close] no active tracking assignment matched destroyed target (targetID=62, eventWatcher=6)
[0402-close] no active tracking assignment matched destroyed target (targetID=53, eventWatcher=4)
[0402-close] no active tracking assignment matched destroyed target (targetID=54, eventWatcher=6)
[0402-close] no active tracking assignment matched destroyed target (targetID=55, eventWatcher=4)
[0402-close] no active tracking assignment matched destroyed target (targetID=56, eventWatcher=5)
[0402-close] no active tracking assignment matched destroyed target (targetID=59, eventWatcher=4)
[0402-close] no active tracking assignment matched destroyed target (targetID=60, eventWatcher=5)
[0402-close] no active tracking assignment matched destroyed target (targetID=61, eventWatcher=6)
[0402-close] no active tracking assignment matched destroyed target (targetID=62, eventWatcher=6)
[0402-close] no active tracking assignment matched destroyed target (targetID=53, eventWatcher=4)
[0402-close] no active tracking assignment matched destroyed target (targetID=54, eventWatcher=6)
[0402-close] no active tracking assignment matched destroyed target (targetID=55, eventWatcher=4)
[0402-close] no active tracking assignment matched destroyed target (targetID=56, eventWatcher=5)
[0402-close] no active tracking assignment matched destroyed target (targetID=59, eventWatcher=4)
[0402-close] no active tracking assignment matched destroyed target (targetID=60, eventWatcher=5)
[0402-close] no active tracking assignment matched destroyed target (targetID=61, eventWatcher=6)
[0402-close] no active tracking assignment matched destroyed target (targetID=62, eventWatcher=6)
[0402-close] no active tracking assignment matched destroyed target (targetID=53, eventWatcher=4)
[0402-close] no active tracking assignment matched destroyed target (targetID=54, eventWatcher=6)
[0402-close] no active tracking assignment matched destroyed target (targetID=55, eventWatcher=4)
[0402-close] no active tracking assignment matched destroyed target (targetID=56, eventWatcher=5)
[0402-close] no active tracking assignment matched destroyed target (targetID=59, eventWatcher=4)
[0402-close] no active tracking assignment matched destroyed target (targetID=60, eventWatcher=5)
[0402-close] no active tracking assignment matched destroyed target (targetID=61, eventWatcher=6)
[0402-close] no active tracking assignment matched destroyed target (targetID=62, eventWatcher=6)
[0402-close] no active tracking assignment matched destroyed target (targetID=53, eventWatcher=4)
[0402-close] no active tracking assignment matched destroyed target (targetID=54, eventWatcher=6)
[0402-close] no active tracking assignment matched destroyed target (targetID=55, eventWatcher=4)
[0402-close] no active tracking assignment matched destroyed target (targetID=56, eventWatcher=5)
[0402-close] no active tracking assignment matched destroyed target (targetID=59, eventWatcher=4)
[0402-close] no active tracking assignment matched destroyed target (targetID=60, eventWatcher=5)
[0402-close] no active tracking assignment matched destroyed target (targetID=61, eventWatcher=6)
[0402-close] no active tracking assignment matched destroyed target (targetID=62, eventWatcher=6)
[0402-close] no active tracking assignment matched destroyed target (targetID=53, eventWatcher=4)
[0402-close] no active tracking assignment matched destroyed target (targetID=54, eventWatcher=6)
[0402-close] no active tracking assignment matched destroyed target (targetID=55, eventWatcher=4)
[0402-close] no active tracking assignment matched destroyed target (targetID=56, eventWatcher=5)
[0402-close] no active tracking assignment matched destroyed target (targetID=59, eventWatcher=4)
[0402-close] no active tracking assignment matched destroyed target (targetID=60, eventWatcher=5)
[0402-close] no active tracking assignment matched destroyed target (targetID=61, eventWatcher=6)
[0402-close] no active tracking assignment matched destroyed target (targetID=62, eventWatcher=6)
[0402-close] no active tracking assignment matched destroyed target (targetID=53, eventWatcher=4)
[0402-close] no active tracking assignment matched destroyed target (targetID=54, eventWatcher=6)
[0402-close] no active tracking assignment matched destroyed target (targetID=55, eventWatcher=4)
[0402-close] no active tracking assignment matched destroyed target (targetID=56, eventWatcher=5)
[0402-close] no active tracking assignment matched destroyed target (targetID=59, eventWatcher=4)
[0402-close] no active tracking assignment matched destroyed target (targetID=60, eventWatcher=5)
[0402-close] no active tracking assignment matched destroyed target (targetID=61, eventWatcher=6)
[0402-close] no active tracking assignment matched destroyed target (targetID=62, eventWatcher=6)
[0402-close] no active tracking assignment matched destroyed target (targetID=53, eventWatcher=4)
[0402-close] no active tracking assignment matched destroyed target (targetID=54, eventWatcher=6)
[0402-close] no active tracking assignment matched destroyed target (targetID=55, eventWatcher=4)
[0402-close] no active tracking assignment matched destroyed target (targetID=56, eventWatcher=5)
[0402-close] no active tracking assignment matched destroyed target (targetID=59, eventWatcher=4)
[0402-close] no active tracking assignment matched destroyed target (targetID=60, eventWatcher=5)
[0402-close] no active tracking assignment matched destroyed target (targetID=61, eventWatcher=6)
[0402-close] no active tracking assignment matched destroyed target (targetID=62, eventWatcher=6)
[0402-close] no active tracking assignment matched destroyed target (targetID=53, eventWatcher=4)
[0402-close] no active tracking assignment matched destroyed target (targetID=54, eventWatcher=6)
[0402-close] no active tracking assignment matched destroyed target (targetID=55, eventWatcher=4)
[0402-close] no active tracking assignment matched destroyed target (targetID=56, eventWatcher=5)
[0402-close] no active tracking assignment matched destroyed target (targetID=59, eventWatcher=4)
[0402-close] no active tracking assignment matched destroyed target (targetID=60, eventWatcher=5)
[0402-close] no active tracking assignment matched destroyed target (targetID=61, eventWatcher=6)
[0402-close] no active tracking assignment matched destroyed target (targetID=62, eventWatcher=6)
[0402-close] no active tracking assignment matched destroyed target (targetID=53, eventWatcher=4)
[0402-close] no active tracking assignment matched destroyed target (targetID=54, eventWatcher=6)
[0402-close] no active tracking assignment matched destroyed target (targetID=55, eventWatcher=4)
[0402-close] no active tracking assignment matched destroyed target (targetID=56, eventWatcher=5)
[0402-close] no active tracking assignment matched destroyed target (targetID=59, eventWatcher=4)
[0402-close] no active tracking assignment matched destroyed target (targetID=60, eventWatcher=5)
[0402-close] no active tracking assignment matched destroyed target (targetID=61, eventWatcher=6)
[0402-close] no active tracking assignment matched destroyed target (targetID=62, eventWatcher=6)
[0402-close] no active tracking assignment matched destroyed target (targetID=53, eventWatcher=4)
[0402-close] no active tracking assignment matched destroyed target (targetID=54, eventWatcher=6)
[0402-close] no active tracking assignment matched destroyed target (targetID=55, eventWatcher=4)
[0402-close] no active tracking assignment matched destroyed target (targetID=56, eventWatcher=5)
[0402-close] no active tracking assignment matched destroyed target (targetID=59, eventWatcher=4)
[0402-close] no active tracking assignment matched destroyed target (targetID=60, eventWatcher=5)
[0402-close] no active tracking assignment matched destroyed target (targetID=61, eventWatcher=6)
[0402-close] no active tracking assignment matched destroyed target (targetID=62, eventWatcher=6)
[0402-close] no active tracking assignment matched destroyed target (targetID=53, eventWatcher=4)
[0402-close] no active tracking assignment matched destroyed target (targetID=54, eventWatcher=6)
[0402-close] no active tracking assignment matched destroyed target (targetID=55, eventWatcher=4)
[0402-close] no active tracking assignment matched destroyed target (targetID=56, eventWatcher=5)
[0402-close] no active tracking assignment matched destroyed target (targetID=59, eventWatcher=4)
[0402-close] no active tracking assignment matched destroyed target (targetID=60, eventWatcher=5)
[0402-close] no active tracking assignment matched destroyed target (targetID=61, eventWatcher=6)
[0402-close] no active tracking assignment matched destroyed target (targetID=62, eventWatcher=6)
[0402-close] no active tracking assignment matched destroyed target (targetID=53, eventWatcher=4)
[0402-close] no active tracking assignment matched destroyed target (targetID=54, eventWatcher=6)
[0402-close] no active tracking assignment matched destroyed target (targetID=55, eventWatcher=4)
[0402-close] no active tracking assignment matched destroyed target (targetID=56, eventWatcher=5)
[0402-close] no active tracking assignment matched destroyed target (targetID=59, eventWatcher=4)
[0402-close] no active tracking assignment matched destroyed target (targetID=60, eventWatcher=5)
[0402-close] no active tracking assignment matched destroyed target (targetID=61, eventWatcher=6)
[0402-close] no active tracking assignment matched destroyed target (targetID=62, eventWatcher=6)
[0402-close] no active tracking assignment matched destroyed target (targetID=53, eventWatcher=4)
[0402-close] no active tracking assignment matched destroyed target (targetID=54, eventWatcher=6)
[0402-close] no active tracking assignment matched destroyed target (targetID=55, eventWatcher=4)
[0402-close] no active tracking assignment matched destroyed target (targetID=56, eventWatcher=5)
[0402-close] no active tracking assignment matched destroyed target (targetID=59, eventWatcher=4)
[0402-close] no active tracking assignment matched destroyed target (targetID=60, eventWatcher=5)
[0402-close] no active tracking assignment matched destroyed target (targetID=61, eventWatcher=6)
[0402-close] no active tracking assignment matched destroyed target (targetID=62, eventWatcher=6)
[0402-close] no active tracking assignment matched destroyed target (targetID=53, eventWatcher=4)
[0402-close] no active tracking assignment matched destroyed target (targetID=54, eventWatcher=6)
[0402-close] no active tracking assignment matched destroyed target (targetID=55, eventWatcher=4)
[0402-close] no active tracking assignment matched destroyed target (targetID=56, eventWatcher=5)
[0402-close] no active tracking assignment matched destroyed target (targetID=59, eventWatcher=4)
[0402-close] no active tracking assignment matched destroyed target (targetID=60, eventWatcher=5)
[0402-close] no active tracking assignment matched destroyed target (targetID=61, eventWatcher=6)
[0402-close] no active tracking assignment matched destroyed target (targetID=62, eventWatcher=6)
[0402-close] no active tracking assignment matched destroyed target (targetID=53, eventWatcher=4)
[0402-close] no active tracking assignment matched destroyed target (targetID=54, eventWatcher=6)
[0402-close] no active tracking assignment matched destroyed target (targetID=55, eventWatcher=4)
[0402-close] no active tracking assignment matched destroyed target (targetID=56, eventWatcher=5)
[0402-close] no active tracking assignment matched destroyed target (targetID=59, eventWatcher=4)
[0402-close] no active tracking assignment matched destroyed target (targetID=60, eventWatcher=5)
[0402-close] no active tracking assignment matched destroyed target (targetID=61, eventWatcher=6)
[0402-close] no active tracking assignment matched destroyed target (targetID=62, eventWatcher=6)
[0402-close] no active tracking assignment matched destroyed target (targetID=53, eventWatcher=4)
[0402-close] no active tracking assignment matched destroyed target (targetID=54, eventWatcher=6)
[0402-close] no active tracking assignment matched destroyed target (targetID=55, eventWatcher=4)
[0402-close] no active tracking assignment matched destroyed target (targetID=56, eventWatcher=5)
[0402-close] no active tracking assignment matched destroyed target (targetID=59, eventWatcher=4)
[0402-close] no active tracking assignment matched destroyed target (targetID=60, eventWatcher=5)
[0402-close] no active tracking assignment matched destroyed target (targetID=61, eventWatcher=6)
[0402-close] no active tracking assignment matched destroyed target (targetID=62, eventWatcher=6)
[0402-close] no active tracking assignment matched destroyed target (targetID=53, eventWatcher=4)
[0402-close] no active tracking assignment matched destroyed target (targetID=54, eventWatcher=6)
[0402-close] no active tracking assignment matched destroyed target (targetID=55, eventWatcher=4)
[0402-close] no active tracking assignment matched destroyed target (targetID=56, eventWatcher=5)
[0402-close] no active tracking assignment matched destroyed target (targetID=59, eventWatcher=4)
[0402-close] no active tracking assignment matched destroyed target (targetID=60, eventWatcher=5)
[0402-close] no active tracking assignment matched destroyed target (targetID=61, eventWatcher=6)
[0402-close] no active tracking assignment matched destroyed target (targetID=62, eventWatcher=6)
[0402-close] no active tracking assignment matched destroyed target (targetID=53, eventWatcher=4)
[0402-close] no active tracking assignment matched destroyed target (targetID=54, eventWatcher=6)
[0402-close] no active tracking assignment matched destroyed target (targetID=55, eventWatcher=4)
[0402-close] no active tracking assignment matched destroyed target (targetID=56, eventWatcher=5)
[0402-close] no active tracking assignment matched destroyed target (targetID=59, eventWatcher=4)
[0402-close] no active tracking assignment matched destroyed target (targetID=60, eventWatcher=5)
[0402-close] no active tracking assignment matched destroyed target (targetID=61, eventWatcher=6)
[0402-close] no active tracking assignment matched destroyed target (targetID=62, eventWatcher=6)
[0402-close] no active tracking assignment matched destroyed target (targetID=53, eventWatcher=4)
[0402-close] no active tracking assignment matched destroyed target (targetID=54, eventWatcher=6)
[0402-close] no active tracking assignment matched destroyed target (targetID=55, eventWatcher=4)
[0402-close] no active tracking assignment matched destroyed target (targetID=56, eventWatcher=5)
[0402-close] no active tracking assignment matched destroyed target (targetID=59, eventWatcher=4)
[0402-close] no active tracking assignment matched destroyed target (targetID=60, eventWatcher=5)
[0402-close] no active tracking assignment matched destroyed target (targetID=61, eventWatcher=6)
[0402-close] no active tracking assignment matched destroyed target (targetID=62, eventWatcher=6)
[0402-close] no active tracking assignment matched destroyed target (targetID=53, eventWatcher=4)
[0402-close] no active tracking assignment matched destroyed target (targetID=54, eventWatcher=6)
[0402-close] no active tracking assignment matched destroyed target (targetID=55, eventWatcher=4)
[0402-close] no active tracking assignment matched destroyed target (targetID=56, eventWatcher=5)
[0402-close] no active tracking assignment matched destroyed target (targetID=59, eventWatcher=4)
[0402-close] no active tracking assignment matched destroyed target (targetID=60, eventWatcher=5)
[0402-close] no active tracking assignment matched destroyed target (targetID=61, eventWatcher=6)
[0402-close] no active tracking assignment matched destroyed target (targetID=62, eventWatcher=6)
[0402-close] no active tracking assignment matched destroyed target (targetID=53, eventWatcher=4)
[0402-close] no active tracking assignment matched destroyed target (targetID=54, eventWatcher=6)
[0402-close] no active tracking assignment matched destroyed target (targetID=55, eventWatcher=4)
[0402-close] no active tracking assignment matched destroyed target (targetID=56, eventWatcher=5)
[0402-close] no active tracking assignment matched destroyed target (targetID=59, eventWatcher=4)
[0402-close] no active tracking assignment matched destroyed target (targetID=60, eventWatcher=5)
[0402-close] no active tracking assignment matched destroyed target (targetID=61, eventWatcher=6)
[0402-close] no active tracking assignment matched destroyed target (targetID=62, eventWatcher=6)
[0402-close] no active tracking assignment matched destroyed target (targetID=53, eventWatcher=4)
[0402-close] no active tracking assignment matched destroyed target (targetID=54, eventWatcher=6)
[0402-close] no active tracking assignment matched destroyed target (targetID=55, eventWatcher=4)
[0402-close] no active tracking assignment matched destroyed target (targetID=56, eventWatcher=5)
[0402-close] no active tracking assignment matched destroyed target (targetID=59, eventWatcher=4)
[0402-close] no active tracking assignment matched destroyed target (targetID=60, eventWatcher=5)
[0402-close] no active tracking assignment matched destroyed target (targetID=61, eventWatcher=6)
[0402-close] no active tracking assignment matched destroyed target (targetID=62, eventWatcher=6)
[0402-close] no active tracking assignment matched destroyed target (targetID=53, eventWatcher=4)
[0402-close] no active tracking assignment matched destroyed target (targetID=54, eventWatcher=6)
[0402-close] no active tracking assignment matched destroyed target (targetID=55, eventWatcher=4)
[0402-close] no active tracking assignment matched destroyed target (targetID=56, eventWatcher=5)
[0402-close] no active tracking assignment matched destroyed target (targetID=59, eventWatcher=4)
[0402-close] no active tracking assignment matched destroyed target (targetID=60, eventWatcher=5)
[0402-close] no active tracking assignment matched destroyed target (targetID=61, eventWatcher=6)
[0402-close] no active tracking assignment matched destroyed target (targetID=62, eventWatcher=6)
[0402-close] no active tracking assignment matched destroyed target (targetID=53, eventWatcher=4)
[0402-close] no active tracking assignment matched destroyed target (targetID=54, eventWatcher=6)
[0402-close] no active tracking assignment matched destroyed target (targetID=55, eventWatcher=4)
[0402-close] no active tracking assignment matched destroyed target (targetID=56, eventWatcher=5)
[0402-close] no active tracking assignment matched destroyed target (targetID=59, eventWatcher=4)
[0402-close] no active tracking assignment matched destroyed target (targetID=60, eventWatcher=5)
[0402-close] no active tracking assignment matched destroyed target (targetID=61, eventWatcher=6)
[0402-close] no active tracking assignment matched destroyed target (targetID=62, eventWatcher=6)
[0402-close] no active tracking assignment matched destroyed target (targetID=53, eventWatcher=4)
[0402-close] no active tracking assignment matched destroyed target (targetID=54, eventWatcher=6)
[0402-close] no active tracking assignment matched destroyed target (targetID=55, eventWatcher=4)
[0402-close] no active tracking assignment matched destroyed target (targetID=56, eventWatcher=5)
[0402-close] no active tracking assignment matched destroyed target (targetID=59, eventWatcher=4)
[0402-close] no active tracking assignment matched destroyed target (targetID=60, eventWatcher=5)
[0402-close] no active tracking assignment matched destroyed target (targetID=61, eventWatcher=6)
[0402-close] no active tracking assignment matched destroyed target (targetID=62, eventWatcher=6)
[0402-close] no active tracking assignment matched destroyed target (targetID=53, eventWatcher=4)
[0402-close] no active tracking assignment matched destroyed target (targetID=54, eventWatcher=6)
[0402-close] no active tracking assignment matched destroyed target (targetID=55, eventWatcher=4)
[0402-close] no active tracking assignment matched destroyed target (targetID=56, eventWatcher=5)
[0402-close] no active tracking assignment matched destroyed target (targetID=59, eventWatcher=4)
[0402-close] no active tracking assignment matched destroyed target (targetID=60, eventWatcher=5)
[0402-close] no active tracking assignment matched destroyed target (targetID=61, eventWatcher=6)
[0402-close] no active tracking assignment matched destroyed target (targetID=62, eventWatcher=6)
[0402-close] no active tracking assignment matched destroyed target (targetID=53, eventWatcher=4)
[0402-close] no active tracking assignment matched destroyed target (targetID=54, eventWatcher=6)
[0402-close] no active tracking assignment matched destroyed target (targetID=55, eventWatcher=4)
[0402-close] no active tracking assignment matched destroyed target (targetID=56, eventWatcher=5)
[0402-close] no active tracking assignment matched destroyed target (targetID=59, eventWatcher=4)
[0402-close] no active tracking assignment matched destroyed target (targetID=60, eventWatcher=5)
[0402-close] no active tracking assignment matched destroyed target (targetID=61, eventWatcher=6)
[0402-close] no active tracking assignment matched destroyed target (targetID=62, eventWatcher=6)
[0402-close] no active tracking assignment matched destroyed target (targetID=53, eventWatcher=4)
[0402-close] no active tracking assignment matched destroyed target (targetID=54, eventWatcher=6)
[0402-close] no active tracking assignment matched destroyed target (targetID=55, eventWatcher=4)
[0402-close] no active tracking assignment matched destroyed target (targetID=56, eventWatcher=5)
[0402-close] no active tracking assignment matched destroyed target (targetID=59, eventWatcher=4)
[0402-close] no active tracking assignment matched destroyed target (targetID=60, eventWatcher=5)
[0402-close] no active tracking assignment matched destroyed target (targetID=61, eventWatcher=6)
[0402-close] no active tracking assignment matched destroyed target (targetID=62, eventWatcher=6)
[0402-close] no active tracking assignment matched destroyed target (targetID=53, eventWatcher=4)
[0402-close] no active tracking assignment matched destroyed target (targetID=54, eventWatcher=6)
[0402-close] no active tracking assignment matched destroyed target (targetID=55, eventWatcher=4)
[0402-close] no active tracking assignment matched destroyed target (targetID=56, eventWatcher=5)
[0402-close] no active tracking assignment matched destroyed target (targetID=59, eventWatcher=4)
[0402-close] no active tracking assignment matched destroyed target (targetID=60, eventWatcher=5)
[0402-close] no active tracking assignment matched destroyed target (targetID=61, eventWatcher=6)
[0402-close] no active tracking assignment matched destroyed target (targetID=62, eventWatcher=6)
[0402-close] no active tracking assignment matched destroyed target (targetID=53, eventWatcher=4)
[0402-close] no active tracking assignment matched destroyed target (targetID=54, eventWatcher=6)
[0402-close] no active tracking assignment matched destroyed target (targetID=55, eventWatcher=4)
[0402-close] no active tracking assignment matched destroyed target (targetID=56, eventWatcher=5)
[0402-close] no active tracking assignment matched destroyed target (targetID=59, eventWatcher=4)
[0402-close] no active tracking assignment matched destroyed target (targetID=60, eventWatcher=5)
[0402-close] no active tracking assignment matched destroyed target (targetID=61, eventWatcher=6)
[0402-close] no active tracking assignment matched destroyed target (targetID=62, eventWatcher=6)
[0402-close] no active tracking assignment matched destroyed target (targetID=53, eventWatcher=4)
[0402-close] no active tracking assignment matched destroyed target (targetID=54, eventWatcher=6)
[0402-close] no active tracking assignment matched destroyed target (targetID=55, eventWatcher=4)
[0402-close] no active tracking assignment matched destroyed target (targetID=56, eventWatcher=5)
[0402-close] no active tracking assignment matched destroyed target (targetID=59, eventWatcher=4)
[0402-close] no active tracking assignment matched destroyed target (targetID=60, eventWatcher=5)
[0402-close] no active tracking assignment matched destroyed target (targetID=61, eventWatcher=6)
[0402-close] no active tracking assignment matched destroyed target (targetID=62, eventWatcher=6)
[0402-close] no active tracking assignment matched destroyed target (targetID=53, eventWatcher=4)
[0402-close] no active tracking assignment matched destroyed target (targetID=54, eventWatcher=6)
[0402-close] no active tracking assignment matched destroyed target (targetID=55, eventWatcher=4)
[0402-close] no active tracking assignment matched destroyed target (targetID=56, eventWatcher=5)
[0402-close] no active tracking assignment matched destroyed target (targetID=59, eventWatcher=4)
[0402-close] no active tracking assignment matched destroyed target (targetID=60, eventWatcher=5)
[0402-close] no active tracking assignment matched destroyed target (targetID=61, eventWatcher=6)
[0402-close] no active tracking assignment matched destroyed target (targetID=62, eventWatcher=6)
[0402-close] no active tracking assignment matched destroyed target (targetID=53, eventWatcher=4)
[0402-close] no active tracking assignment matched destroyed target (targetID=54, eventWatcher=6)
[0402-close] no active tracking assignment matched destroyed target (targetID=55, eventWatcher=4)
[0402-close] no active tracking assignment matched destroyed target (targetID=56, eventWatcher=5)
[0402-close] no active tracking assignment matched destroyed target (targetID=59, eventWatcher=4)
[0402-close] no active tracking assignment matched destroyed target (targetID=60, eventWatcher=5)
[0402-close] no active tracking assignment matched destroyed target (targetID=61, eventWatcher=6)
[0402-close] no active tracking assignment matched destroyed target (targetID=62, eventWatcher=6)
[0402-close] no active tracking assignment matched destroyed target (targetID=53, eventWatcher=4)
[0402-close] no active tracking assignment matched destroyed target (targetID=54, eventWatcher=6)
[0402-close] no active tracking assignment matched destroyed target (targetID=55, eventWatcher=4)
[0402-close] no active tracking assignment matched destroyed target (targetID=56, eventWatcher=5)
[0402-close] no active tracking assignment matched destroyed target (targetID=59, eventWatcher=4)
[0402-close] no active tracking assignment matched destroyed target (targetID=60, eventWatcher=5)
[0402-close] no active tracking assignment matched destroyed target (targetID=61, eventWatcher=6)
[0402-close] no active tracking assignment matched destroyed target (targetID=62, eventWatcher=6)
[0402-close] no active tracking assignment matched destroyed target (targetID=53, eventWatcher=4)
[0402-close] no active tracking assignment matched destroyed target (targetID=54, eventWatcher=6)
[0402-close] no active tracking assignment matched destroyed target (targetID=55, eventWatcher=4)
[0402-close] no active tracking assignment matched destroyed target (targetID=56, eventWatcher=5)
[0402-close] no active tracking assignment matched destroyed target (targetID=59, eventWatcher=4)
[0402-close] no active tracking assignment matched destroyed target (targetID=60, eventWatcher=5)
[0402-close] no active tracking assignment matched destroyed target (targetID=61, eventWatcher=6)
[0402-close] no active tracking assignment matched destroyed target (targetID=62, eventWatcher=6)
[0402-close] no active tracking assignment matched destroyed target (targetID=53, eventWatcher=4)
[0402-close] no active tracking assignment matched destroyed target (targetID=54, eventWatcher=6)
[0402-close] no active tracking assignment matched destroyed target (targetID=55, eventWatcher=4)
[0402-close] no active tracking assignment matched destroyed target (targetID=56, eventWatcher=5)
[0402-close] no active tracking assignment matched destroyed target (targetID=59, eventWatcher=4)
[0402-close] no active tracking assignment matched destroyed target (targetID=60, eventWatcher=5)
[0402-close] no active tracking assignment matched destroyed target (targetID=61, eventWatcher=6)
[0402-close] no active tracking assignment matched destroyed target (targetID=62, eventWatcher=6)
[0402-close] no active tracking assignment matched destroyed target (targetID=53, eventWatcher=4)
[0402-close] no active tracking assignment matched destroyed target (targetID=54, eventWatcher=6)
[0402-close] no active tracking assignment matched destroyed target (targetID=55, eventWatcher=4)
[0402-close] no active tracking assignment matched destroyed target (targetID=56, eventWatcher=5)
[0402-close] no active tracking assignment matched destroyed target (targetID=59, eventWatcher=4)
[0402-close] no active tracking assignment matched destroyed target (targetID=60, eventWatcher=5)
[0402-close] no active tracking assignment matched destroyed target (targetID=61, eventWatcher=6)
[0402-close] no active tracking assignment matched destroyed target (targetID=62, eventWatcher=6)
[0402-close] no active tracking assignment matched destroyed target (targetID=53, eventWatcher=4)
[0402-close] no active tracking assignment matched destroyed target (targetID=54, eventWatcher=6)
[0402-close] no active tracking assignment matched destroyed target (targetID=55, eventWatcher=4)
[0402-close] no active tracking assignment matched destroyed target (targetID=56, eventWatcher=5)
[0402-close] no active tracking assignment matched destroyed target (targetID=59, eventWatcher=4)
[0402-close] no active tracking assignment matched destroyed target (targetID=60, eventWatcher=5)
[0402-close] no active tracking assignment matched destroyed target (targetID=61, eventWatcher=6)
[0402-close] no active tracking assignment matched destroyed target (targetID=62, eventWatcher=6)
[0402-close] no active tracking assignment matched destroyed target (targetID=53, eventWatcher=4)
[0402-close] no active tracking assignment matched destroyed target (targetID=54, eventWatcher=6)
[0402-close] no active tracking assignment matched destroyed target (targetID=55, eventWatcher=4)
[0402-close] no active tracking assignment matched destroyed target (targetID=56, eventWatcher=5)
[0402-close] no active tracking assignment matched destroyed target (targetID=59, eventWatcher=4)
[0402-close] no active tracking assignment matched destroyed target (targetID=60, eventWatcher=5)
[0402-close] no active tracking assignment matched destroyed target (targetID=61, eventWatcher=6)
[0402-close] no active tracking assignment matched destroyed target (targetID=62, eventWatcher=6)
[0402-close] no active tracking assignment matched destroyed target (targetID=53, eventWatcher=4)
[0402-close] no active tracking assignment matched destroyed target (targetID=54, eventWatcher=6)
[0402-close] no active tracking assignment matched destroyed target (targetID=55, eventWatcher=4)
[0402-close] no active tracking assignment matched destroyed target (targetID=56, eventWatcher=5)
[0402-close] no active tracking assignment matched destroyed target (targetID=59, eventWatcher=4)
[0402-close] no active tracking assignment matched destroyed target (targetID=60, eventWatcher=5)
[0402-close] no active tracking assignment matched destroyed target (targetID=61, eventWatcher=6)
[0402-close] no active tracking assignment matched destroyed target (targetID=62, eventWatcher=6)
[0402-close] no active tracking assignment matched destroyed target (targetID=53, eventWatcher=4)
[0402-close] no active tracking assignment matched destroyed target (targetID=54, eventWatcher=6)
[0402-close] no active tracking assignment matched destroyed target (targetID=55, eventWatcher=4)
[0402-close] no active tracking assignment matched destroyed target (targetID=56, eventWatcher=5)
[0402-close] no active tracking assignment matched destroyed target (targetID=59, eventWatcher=4)
[0402-close] no active tracking assignment matched destroyed target (targetID=60, eventWatcher=5)
[0402-close] no active tracking assignment matched destroyed target (targetID=61, eventWatcher=6)
[0402-close] no active tracking assignment matched destroyed target (targetID=62, eventWatcher=6)
[0402-close] no active tracking assignment matched destroyed target (targetID=53, eventWatcher=4)
[0402-close] no active tracking assignment matched destroyed target (targetID=54, eventWatcher=6)
[0402-close] no active tracking assignment matched destroyed target (targetID=55, eventWatcher=4)
[0402-close] no active tracking assignment matched destroyed target (targetID=56, eventWatcher=5)
[0402-close] no active tracking assignment matched destroyed target (targetID=59, eventWatcher=4)
[0402-close] no active tracking assignment matched destroyed target (targetID=60, eventWatcher=5)
[0402-close] no active tracking assignment matched destroyed target (targetID=61, eventWatcher=6)
[0402-close] no active tracking assignment matched destroyed target (targetID=62, eventWatcher=6)
[0402-close] no active tracking assignment matched destroyed target (targetID=53, eventWatcher=4)
[0402-close] no active tracking assignment matched destroyed target (targetID=54, eventWatcher=6)
[0402-close] no active tracking assignment matched destroyed target (targetID=55, eventWatcher=4)
[0402-close] no active tracking assignment matched destroyed target (targetID=56, eventWatcher=5)
[0402-close] no active tracking assignment matched destroyed target (targetID=59, eventWatcher=4)
[0402-close] no active tracking assignment matched destroyed target (targetID=60, eventWatcher=5)
[0402-close] no active tracking assignment matched destroyed target (targetID=61, eventWatcher=6)
[0402-close] no active tracking assignment matched destroyed target (targetID=62, eventWatcher=6)
[0402-close] no active tracking assignment matched destroyed target (targetID=53, eventWatcher=4)
[0402-close] no active tracking assignment matched destroyed target (targetID=54, eventWatcher=6)
[0402-close] no active tracking assignment matched destroyed target (targetID=55, eventWatcher=4)
[0402-close] no active tracking assignment matched destroyed target (targetID=56, eventWatcher=5)
[0402-close] no active tracking assignment matched destroyed target (targetID=59, eventWatcher=4)
[0402-close] no active tracking assignment matched destroyed target (targetID=60, eventWatcher=5)
[0402-close] no active tracking assignment matched destroyed target (targetID=61, eventWatcher=6)
[0402-close] no active tracking assignment matched destroyed target (targetID=62, eventWatcher=6)
[0402-close] no active tracking assignment matched destroyed target (targetID=53, eventWatcher=4)
[0402-close] no active tracking assignment matched destroyed target (targetID=54, eventWatcher=6)
[0402-close] no active tracking assignment matched destroyed target (targetID=55, eventWatcher=4)
[0402-close] no active tracking assignment matched destroyed target (targetID=56, eventWatcher=5)
[0402-close] no active tracking assignment matched destroyed target (targetID=59, eventWatcher=4)
[0402-close] no active tracking assignment matched destroyed target (targetID=60, eventWatcher=5)
[0402-close] no active tracking assignment matched destroyed target (targetID=61, eventWatcher=6)
[0402-close] no active tracking assignment matched destroyed target (targetID=62, eventWatcher=6)
[0402-close] no active tracking assignment matched destroyed target (targetID=53, eventWatcher=4)
[0402-close] no active tracking assignment matched destroyed target (targetID=54, eventWatcher=6)
[0402-close] no active tracking assignment matched destroyed target (targetID=55, eventWatcher=4)
[0402-close] no active tracking assignment matched destroyed target (targetID=56, eventWatcher=5)
[0402-close] no active tracking assignment matched destroyed target (targetID=59, eventWatcher=4)
[0402-close] no active tracking assignment matched destroyed target (targetID=60, eventWatcher=5)
[0402-close] no active tracking assignment matched destroyed target (targetID=61, eventWatcher=6)
[0402-close] no active tracking assignment matched destroyed target (targetID=62, eventWatcher=6)
[0402-close] no active tracking assignment matched destroyed target (targetID=53, eventWatcher=4)
[0402-close] no active tracking assignment matched destroyed target (targetID=54, eventWatcher=6)
[0402-close] no active tracking assignment matched destroyed target (targetID=55, eventWatcher=4)
[0402-close] no active tracking assignment matched destroyed target (targetID=56, eventWatcher=5)
[0402-close] no active tracking assignment matched destroyed target (targetID=59, eventWatcher=4)
[0402-close] no active tracking assignment matched destroyed target (targetID=60, eventWatcher=5)
[0402-close] no active tracking assignment matched destroyed target (targetID=61, eventWatcher=6)
[0402-close] no active tracking assignment matched destroyed target (targetID=62, eventWatcher=6)
[0402-close] no active tracking assignment matched destroyed target (targetID=53, eventWatcher=4)
[0402-close] no active tracking assignment matched destroyed target (targetID=54, eventWatcher=6)
[0402-close] no active tracking assignment matched destroyed target (targetID=55, eventWatcher=4)
[0402-close] no active tracking assignment matched destroyed target (targetID=56, eventWatcher=5)
[0402-close] no active tracking assignment matched destroyed target (targetID=59, eventWatcher=4)
[0402-close] no active tracking assignment matched destroyed target (targetID=60, eventWatcher=5)
[0402-close] no active tracking assignment matched destroyed target (targetID=61, eventWatcher=6)
[0402-close] no active tracking assignment matched destroyed target (targetID=62, eventWatcher=6)
[0402-close] no active tracking assignment matched destroyed target (targetID=53, eventWatcher=4)
[0402-close] no active tracking assignment matched destroyed target (targetID=54, eventWatcher=6)
[0402-close] no active tracking assignment matched destroyed target (targetID=55, eventWatcher=4)
[0402-close] no active tracking assignment matched destroyed target (targetID=56, eventWatcher=5)
[0402-close] no active tracking assignment matched destroyed target (targetID=59, eventWatcher=4)
[0402-close] no active tracking assignment matched destroyed target (targetID=60, eventWatcher=5)
[0402-close] no active tracking assignment matched destroyed target (targetID=61, eventWatcher=6)
[0402-close] no active tracking assignment matched destroyed target (targetID=62, eventWatcher=6)
[0402-close] no active tracking assignment matched destroyed target (targetID=53, eventWatcher=4)
[0402-close] no active tracking assignment matched destroyed target (targetID=54, eventWatcher=6)
[0402-close] no active tracking assignment matched destroyed target (targetID=55, eventWatcher=4)
[0402-close] no active tracking assignment matched destroyed target (targetID=56, eventWatcher=5)
[0402-close] no active tracking assignment matched destroyed target (targetID=59, eventWatcher=4)
[0402-close] no active tracking assignment matched destroyed target (targetID=60, eventWatcher=5)
[0402-close] no active tracking assignment matched destroyed target (targetID=61, eventWatcher=6)
[0402-close] no active tracking assignment matched destroyed target (targetID=62, eventWatcher=6)
[0402-close] no active tracking assignment matched destroyed target (targetID=53, eventWatcher=4)
[0402-close] no active tracking assignment matched destroyed target (targetID=54, eventWatcher=6)
[0402-close] no active tracking assignment matched destroyed target (targetID=55, eventWatcher=4)
[0402-close] no active tracking assignment matched destroyed target (targetID=56, eventWatcher=5)
[0402-close] no active tracking assignment matched destroyed target (targetID=59, eventWatcher=4)
[0402-close] no active tracking assignment matched destroyed target (targetID=60, eventWatcher=5)
[0402-close] no active tracking assignment matched destroyed target (targetID=61, eventWatcher=6)
[0402-close] no active tracking assignment matched destroyed target (targetID=62, eventWatcher=6)
[0402-close] no active tracking assignment matched destroyed target (targetID=53, eventWatcher=4)
[0402-close] no active tracking assignment matched destroyed target (targetID=54, eventWatcher=6)
[0402-close] no active tracking assignment matched destroyed target (targetID=55, eventWatcher=4)
[0402-close] no active tracking assignment matched destroyed target (targetID=56, eventWatcher=5)
[0402-close] no active tracking assignment matched destroyed target (targetID=59, eventWatcher=4)
[0402-close] no active tracking assignment matched destroyed target (targetID=60, eventWatcher=5)
[0402-close] no active tracking assignment matched destroyed target (targetID=61, eventWatcher=6)
[0402-close] no active tracking assignment matched destroyed target (targetID=62, eventWatcher=6)
[0402-close] no active tracking assignment matched destroyed target (targetID=53, eventWatcher=4)
[0402-close] no active tracking assignment matched destroyed target (targetID=54, eventWatcher=6)
[0402-close] no active tracking assignment matched destroyed target (targetID=55, eventWatcher=4)
[0402-close] no active tracking assignment matched destroyed target (targetID=56, eventWatcher=5)
[0402-close] no active tracking assignment matched destroyed target (targetID=59, eventWatcher=4)
[0402-close] no active tracking assignment matched destroyed target (targetID=60, eventWatcher=5)
[0402-close] no active tracking assignment matched destroyed target (targetID=61, eventWatcher=6)
[0402-close] no active tracking assignment matched destroyed target (targetID=62, eventWatcher=6)
[0402-close] no active tracking assignment matched destroyed target (targetID=53, eventWatcher=4)
[0402-close] no active tracking assignment matched destroyed target (targetID=54, eventWatcher=6)
[0402-close] no active tracking assignment matched destroyed target (targetID=55, eventWatcher=4)
[0402-close] no active tracking assignment matched destroyed target (targetID=56, eventWatcher=5)
[0402-close] no active tracking assignment matched destroyed target (targetID=59, eventWatcher=4)
[0402-close] no active tracking assignment matched destroyed target (targetID=60, eventWatcher=5)
[0402-close] no active tracking assignment matched destroyed target (targetID=61, eventWatcher=6)
[0402-close] no active tracking assignment matched destroyed target (targetID=62, eventWatcher=6)
[0402-close] no active tracking assignment matched destroyed target (targetID=53, eventWatcher=4)
[0402-close] no active tracking assignment matched destroyed target (targetID=54, eventWatcher=6)
[0402-close] no active tracking assignment matched destroyed target (targetID=55, eventWatcher=4)
[0402-close] no active tracking assignment matched destroyed target (targetID=56, eventWatcher=5)
[0402-close] no active tracking assignment matched destroyed target (targetID=59, eventWatcher=4)
[0402-close] no active tracking assignment matched destroyed target (targetID=60, eventWatcher=5)
[0402-close] no active tracking assignment matched destroyed target (targetID=61, eventWatcher=6)
[0402-close] no active tracking assignment matched destroyed target (targetID=62, eventWatcher=6)
[0402-close] no active tracking assignment matched destroyed target (targetID=53, eventWatcher=4)
[0402-close] no active tracking assignment matched destroyed target (targetID=54, eventWatcher=6)
[0402-close] no active tracking assignment matched destroyed target (targetID=55, eventWatcher=4)
[0402-close] no active tracking assignment matched destroyed target (targetID=56, eventWatcher=5)
[0402-close] no active tracking assignment matched destroyed target (targetID=59, eventWatcher=4)
[0402-close] no active tracking assignment matched destroyed target (targetID=60, eventWatcher=5)
[0402-close] no active tracking assignment matched destroyed target (targetID=61, eventWatcher=6)
[0402-close] no active tracking assignment matched destroyed target (targetID=62, eventWatcher=6)
[0402-close] no active tracking assignment matched destroyed target (targetID=53, eventWatcher=4)
[0402-close] no active tracking assignment matched destroyed target (targetID=54, eventWatcher=6)
[0402-close] no active tracking assignment matched destroyed target (targetID=55, eventWatcher=4)
[0402-close] no active tracking assignment matched destroyed target (targetID=56, eventWatcher=5)
[0402-close] no active tracking assignment matched destroyed target (targetID=59, eventWatcher=4)
[0402-close] no active tracking assignment matched destroyed target (targetID=60, eventWatcher=5)
[0402-close] no active tracking assignment matched destroyed target (targetID=61, eventWatcher=6)
[0402-close] no active tracking assignment matched destroyed target (targetID=62, eventWatcher=6)
[0402-close] no active tracking assignment matched destroyed target (targetID=53, eventWatcher=4)
[0402-close] no active tracking assignment matched destroyed target (targetID=54, eventWatcher=6)
[0402-close] no active tracking assignment matched destroyed target (targetID=55, eventWatcher=4)
[0402-close] no active tracking assignment matched destroyed target (targetID=56, eventWatcher=5)
[0402-close] no active tracking assignment matched destroyed target (targetID=59, eventWatcher=4)
[0402-close] no active tracking assignment matched destroyed target (targetID=60, eventWatcher=5)
[0402-close] no active tracking assignment matched destroyed target (targetID=61, eventWatcher=6)
[0402-close] no active tracking assignment matched destroyed target (targetID=62, eventWatcher=6)
[0402-close] no active tracking assignment matched destroyed target (targetID=53, eventWatcher=4)
[0402-close] no active tracking assignment matched destroyed target (targetID=54, eventWatcher=6)
[0402-close] no active tracking assignment matched destroyed target (targetID=55, eventWatcher=4)
[0402-close] no active tracking assignment matched destroyed target (targetID=56, eventWatcher=5)
[0402-close] no active tracking assignment matched destroyed target (targetID=59, eventWatcher=4)
[0402-close] no active tracking assignment matched destroyed target (targetID=60, eventWatcher=5)
[0402-close] no active tracking assignment matched destroyed target (targetID=61, eventWatcher=6)
[0402-close] no active tracking assignment matched destroyed target (targetID=62, eventWatcher=6)
[0402-close] no active tracking assignment matched destroyed target (targetID=53, eventWatcher=4)
[0402-close] no active tracking assignment matched destroyed target (targetID=54, eventWatcher=6)
[0402-close] no active tracking assignment matched destroyed target (targetID=55, eventWatcher=4)
[0402-close] no active tracking assignment matched destroyed target (targetID=56, eventWatcher=5)
[0402-close] no active tracking assignment matched destroyed target (targetID=59, eventWatcher=4)
[0402-close] no active tracking assignment matched destroyed target (targetID=60, eventWatcher=5)
[0402-close] no active tracking assignment matched destroyed target (targetID=61, eventWatcher=6)
[0402-close] no active tracking assignment matched destroyed target (targetID=62, eventWatcher=6)
[0702] ignore=2 -> apply missionPlanID=700000460, source=DSC
[0702] 공격 배제 선택 -> target bundle isIgnored=1 반영 (count=3)
[QUALITY] startup grace armed (missionPlanID=700000460, duration=10.0s)
[RQUEUE] history 0702 -> #230 결과 수신
[0402-close] no active tracking assignment matched destroyed target (targetID=53, eventWatcher=4)
[0402-close] no active tracking assignment matched destroyed target (targetID=54, eventWatcher=6)
[0402-close] no active tracking assignment matched destroyed target (targetID=55, eventWatcher=4)
[0402-close] no active tracking assignment matched destroyed target (targetID=56, eventWatcher=5)
[0402-close] no active tracking assignment matched destroyed target (targetID=59, eventWatcher=4)
[0402-close] no active tracking assignment matched destroyed target (targetID=60, eventWatcher=5)
[0402-close] no active tracking assignment matched destroyed target (targetID=61, eventWatcher=6)
[0402-close] no active tracking assignment matched destroyed target (targetID=62, eventWatcher=6)
[0402-close] no active tracking assignment matched destroyed target (targetID=64, eventWatcher=4)
[0402-close] no active tracking assignment matched destroyed target (targetID=65, eventWatcher=6)
[RealTimeInferrer] Loading/Reloading Mission Plan: C:\Users\TRL98\Desktop\LAH_MUMT\Logs\Scenario_2026-05-21T085327\SBC3\MissionPlan\700000460.json
Updated Mission Context: torch.Size([384])
[0401] path-deviation trigger suppressed: within 3s after 0702 apply (remaining=2698ms)
[0402-close] no active tracking assignment matched destroyed target (targetID=53, eventWatcher=4)
[0402-close] no active tracking assignment matched destroyed target (targetID=54, eventWatcher=6)
[0402-close] no active tracking assignment matched destroyed target (targetID=55, eventWatcher=4)
[0402-close] no active tracking assignment matched destroyed target (targetID=56, eventWatcher=5)
[0402-close] no active tracking assignment matched destroyed target (targetID=59, eventWatcher=4)
[0402-close] no active tracking assignment matched destroyed target (targetID=60, eventWatcher=5)
[0402-close] no active tracking assignment matched destroyed target (targetID=61, eventWatcher=6)
[0402-close] no active tracking assignment matched destroyed target (targetID=62, eventWatcher=6)
[0402-close] no active tracking assignment matched destroyed target (targetID=64, eventWatcher=4)
[0402-close] no active tracking assignment matched destroyed target (targetID=65, eventWatcher=6)
[0402-close] no active tracking assignment matched destroyed target (targetID=53, eventWatcher=4)
[0402-close] no active tracking assignment matched destroyed target (targetID=54, eventWatcher=6)
[0402-close] no active tracking assignment matched destroyed target (targetID=55, eventWatcher=4)
[0402-close] no active tracking assignment matched destroyed target (targetID=56, eventWatcher=5)
[0402-close] no active tracking assignment matched destroyed target (targetID=59, eventWatcher=4)
[0402-close] no active tracking assignment matched destroyed target (targetID=60, eventWatcher=5)
[0402-close] no active tracking assignment matched destroyed target (targetID=61, eventWatcher=6)
[0402-close] no active tracking assignment matched destroyed target (targetID=62, eventWatcher=6)
[0402-close] no active tracking assignment matched destroyed target (targetID=64, eventWatcher=4)
[0402-close] no active tracking assignment matched destroyed target (targetID=65, eventWatcher=6)
[0402] new detections: 1
[0402] bundled target replan prepared: key=66-4, primaryTargetID=66, targets=[66]
[RQUEUE] queued #232 표적탐지: 표적66 발견 재계획
[RQUEUE] dispatching #232 표적탐지: 표적66 발견 재계획
[0902] replan request sent (level=2, reason=표적66 발견 재계획, planIds=700000461, 700000462)
[RQUEUE] active #232 표적탐지: 표적66 발견 재계획
[RQUEUE] bundle targets marked used: count=1
[RQUEUE] signal 0305 -> #232 재계획 수행중
[0402-close] no active tracking assignment matched destroyed target (targetID=53, eventWatcher=4)
[0402-close] no active tracking assignment matched destroyed target (targetID=54, eventWatcher=6)
[0402-close] no active tracking assignment matched destroyed target (targetID=55, eventWatcher=4)
[0402-close] no active tracking assignment matched destroyed target (targetID=56, eventWatcher=5)
[0402-close] no active tracking assignment matched destroyed target (targetID=59, eventWatcher=4)
[0402-close] no active tracking assignment matched destroyed target (targetID=60, eventWatcher=5)
[0402-close] no active tracking assignment matched destroyed target (targetID=61, eventWatcher=6)
[0402-close] no active tracking assignment matched destroyed target (targetID=62, eventWatcher=6)
[0402-close] no active tracking assignment matched destroyed target (targetID=64, eventWatcher=4)
[0402-close] no active tracking assignment matched destroyed target (targetID=65, eventWatcher=6)
[0402-close] no active tracking assignment matched destroyed target (targetID=53, eventWatcher=4)
[0402-close] no active tracking assignment matched destroyed target (targetID=54, eventWatcher=6)
[0402-close] no active tracking assignment matched destroyed target (targetID=55, eventWatcher=4)
[0402-close] no active tracking assignment matched destroyed target (targetID=56, eventWatcher=5)
[0402-close] no active tracking assignment matched destroyed target (targetID=59, eventWatcher=4)
[0402-close] no active tracking assignment matched destroyed target (targetID=60, eventWatcher=5)
[0402-close] no active tracking assignment matched destroyed target (targetID=61, eventWatcher=6)
[0402-close] no active tracking assignment matched destroyed target (targetID=62, eventWatcher=6)
[0402-close] no active tracking assignment matched destroyed target (targetID=64, eventWatcher=4)
[0402-close] no active tracking assignment matched destroyed target (targetID=65, eventWatcher=6)
[0402-close] no active tracking assignment matched destroyed target (targetID=53, eventWatcher=4)
[0402-close] no active tracking assignment matched destroyed target (targetID=54, eventWatcher=6)
[0402-close] no active tracking assignment matched destroyed target (targetID=55, eventWatcher=4)
[0402-close] no active tracking assignment matched destroyed target (targetID=56, eventWatcher=5)
[0402-close] no active tracking assignment matched destroyed target (targetID=59, eventWatcher=4)
[0402-close] no active tracking assignment matched destroyed target (targetID=60, eventWatcher=5)
[0402-close] no active tracking assignment matched destroyed target (targetID=61, eventWatcher=6)
[0402-close] no active tracking assignment matched destroyed target (targetID=62, eventWatcher=6)
[0402-close] no active tracking assignment matched destroyed target (targetID=64, eventWatcher=4)
[0402-close] no active tracking assignment matched destroyed target (targetID=65, eventWatcher=6)
[0402-close] no active tracking assignment matched destroyed target (targetID=53, eventWatcher=4)
[0402-close] no active tracking assignment matched destroyed target (targetID=54, eventWatcher=6)
[0402-close] no active tracking assignment matched destroyed target (targetID=55, eventWatcher=4)
[0402-close] no active tracking assignment matched destroyed target (targetID=56, eventWatcher=5)
[0402-close] no active tracking assignment matched destroyed target (targetID=59, eventWatcher=4)
[0402-close] no active tracking assignment matched destroyed target (targetID=60, eventWatcher=5)
[0402-close] no active tracking assignment matched destroyed target (targetID=61, eventWatcher=6)
[0402-close] no active tracking assignment matched destroyed target (targetID=62, eventWatcher=6)
[0402-close] no active tracking assignment matched destroyed target (targetID=64, eventWatcher=4)
[0402-close] no active tracking assignment matched destroyed target (targetID=65, eventWatcher=6)
[0402-close] no active tracking assignment matched destroyed target (targetID=53, eventWatcher=4)
[0402-close] no active tracking assignment matched destroyed target (targetID=54, eventWatcher=6)
[0402-close] no active tracking assignment matched destroyed target (targetID=55, eventWatcher=4)
[0402-close] no active tracking assignment matched destroyed target (targetID=56, eventWatcher=5)
[0402-close] no active tracking assignment matched destroyed target (targetID=59, eventWatcher=4)
[0402-close] no active tracking assignment matched destroyed target (targetID=60, eventWatcher=5)
[0402-close] no active tracking assignment matched destroyed target (targetID=61, eventWatcher=6)
[0402-close] no active tracking assignment matched destroyed target (targetID=62, eventWatcher=6)
[0402-close] no active tracking assignment matched destroyed target (targetID=64, eventWatcher=4)
[0402-close] no active tracking assignment matched destroyed target (targetID=65, eventWatcher=6)
[0402-close] no active tracking assignment matched destroyed target (targetID=53, eventWatcher=4)
[0402-close] no active tracking assignment matched destroyed target (targetID=54, eventWatcher=6)
[0402-close] no active tracking assignment matched destroyed target (targetID=55, eventWatcher=4)
[0402-close] no active tracking assignment matched destroyed target (targetID=56, eventWatcher=5)
[0402-close] no active tracking assignment matched destroyed target (targetID=59, eventWatcher=4)
[0402-close] no active tracking assignment matched destroyed target (targetID=60, eventWatcher=5)
[0402-close] no active tracking assignment matched destroyed target (targetID=61, eventWatcher=6)
[0402-close] no active tracking assignment matched destroyed target (targetID=62, eventWatcher=6)
[0402-close] no active tracking assignment matched destroyed target (targetID=64, eventWatcher=4)
[0402-close] no active tracking assignment matched destroyed target (targetID=65, eventWatcher=6)
[0402-close] no active tracking assignment matched destroyed target (targetID=53, eventWatcher=4)
[0402-close] no active tracking assignment matched destroyed target (targetID=54, eventWatcher=6)
[0402-close] no active tracking assignment matched destroyed target (targetID=55, eventWatcher=4)
[0402-close] no active tracking assignment matched destroyed target (targetID=56, eventWatcher=5)
[0402-close] no active tracking assignment matched destroyed target (targetID=59, eventWatcher=4)
[0402-close] no active tracking assignment matched destroyed target (targetID=60, eventWatcher=5)
[0402-close] no active tracking assignment matched destroyed target (targetID=61, eventWatcher=6)
[0402-close] no active tracking assignment matched destroyed target (targetID=62, eventWatcher=6)
[0402-close] no active tracking assignment matched destroyed target (targetID=64, eventWatcher=4)
[0402-close] no active tracking assignment matched destroyed target (targetID=65, eventWatcher=6)
[0402-close] no active tracking assignment matched destroyed target (targetID=53, eventWatcher=4)
[0402-close] no active tracking assignment matched destroyed target (targetID=54, eventWatcher=6)
[0402-close] no active tracking assignment matched destroyed target (targetID=55, eventWatcher=4)
[0402-close] no active tracking assignment matched destroyed target (targetID=56, eventWatcher=5)
[0402-close] no active tracking assignment matched destroyed target (targetID=59, eventWatcher=4)
[0402-close] no active tracking assignment matched destroyed target (targetID=60, eventWatcher=5)
[0402-close] no active tracking assignment matched destroyed target (targetID=61, eventWatcher=6)
[0402-close] no active tracking assignment matched destroyed target (targetID=62, eventWatcher=6)
[0402-close] no active tracking assignment matched destroyed target (targetID=64, eventWatcher=4)
[0402-close] no active tracking assignment matched destroyed target (targetID=65, eventWatcher=6)
[RQUEUE] signal 0701 -> #232 옵션 정보 전송
[RQUEUE] signal 0305 -> #232 재계획 산출 완료
[0402-close] no active tracking assignment matched destroyed target (targetID=53, eventWatcher=4)
[0402-close] no active tracking assignment matched destroyed target (targetID=54, eventWatcher=6)
[0402-close] no active tracking assignment matched destroyed target (targetID=55, eventWatcher=4)
[0402-close] no active tracking assignment matched destroyed target (targetID=56, eventWatcher=5)
[0402-close] no active tracking assignment matched destroyed target (targetID=59, eventWatcher=4)
[0402-close] no active tracking assignment matched destroyed target (targetID=60, eventWatcher=5)
[0402-close] no active tracking assignment matched destroyed target (targetID=61, eventWatcher=6)
[0402-close] no active tracking assignment matched destroyed target (targetID=62, eventWatcher=6)
[0402-close] no active tracking assignment matched destroyed target (targetID=64, eventWatcher=4)
[0402-close] no active tracking assignment matched destroyed target (targetID=65, eventWatcher=6)
[0402-close] no active tracking assignment matched destroyed target (targetID=53, eventWatcher=4)
[0402-close] no active tracking assignment matched destroyed target (targetID=54, eventWatcher=6)
[0402-close] no active tracking assignment matched destroyed target (targetID=55, eventWatcher=4)
[0402-close] no active tracking assignment matched destroyed target (targetID=56, eventWatcher=5)
[0402-close] no active tracking assignment matched destroyed target (targetID=59, eventWatcher=4)
[0402-close] no active tracking assignment matched destroyed target (targetID=60, eventWatcher=5)
[0402-close] no active tracking assignment matched destroyed target (targetID=61, eventWatcher=6)
[0402-close] no active tracking assignment matched destroyed target (targetID=62, eventWatcher=6)
[0402-close] no active tracking assignment matched destroyed target (targetID=64, eventWatcher=4)
[0402-close] no active tracking assignment matched destroyed target (targetID=65, eventWatcher=6)
[0402-close] no active tracking assignment matched destroyed target (targetID=53, eventWatcher=4)
[0402-close] no active tracking assignment matched destroyed target (targetID=54, eventWatcher=6)
[0402-close] no active tracking assignment matched destroyed target (targetID=55, eventWatcher=4)
[0402-close] no active tracking assignment matched destroyed target (targetID=56, eventWatcher=5)
[0402-close] no active tracking assignment matched destroyed target (targetID=59, eventWatcher=4)
[0402-close] no active tracking assignment matched destroyed target (targetID=60, eventWatcher=5)
[0402-close] no active tracking assignment matched destroyed target (targetID=61, eventWatcher=6)
[0402-close] no active tracking assignment matched destroyed target (targetID=62, eventWatcher=6)
[0402-close] no active tracking assignment matched destroyed target (targetID=64, eventWatcher=4)
[0402-close] no active tracking assignment matched destroyed target (targetID=65, eventWatcher=6)
[0402-close] no active tracking assignment matched destroyed target (targetID=53, eventWatcher=4)
[0402-close] no active tracking assignment matched destroyed target (targetID=54, eventWatcher=6)
[0402-close] no active tracking assignment matched destroyed target (targetID=55, eventWatcher=4)
[0402-close] no active tracking assignment matched destroyed target (targetID=56, eventWatcher=5)
[0402-close] no active tracking assignment matched destroyed target (targetID=59, eventWatcher=4)
[0402-close] no active tracking assignment matched destroyed target (targetID=60, eventWatcher=5)
[0402-close] no active tracking assignment matched destroyed target (targetID=61, eventWatcher=6)
[0402-close] no active tracking assignment matched destroyed target (targetID=62, eventWatcher=6)
[0402-close] no active tracking assignment matched destroyed target (targetID=64, eventWatcher=4)
[0402-close] no active tracking assignment matched destroyed target (targetID=65, eventWatcher=6)
[0402-close] no active tracking assignment matched destroyed target (targetID=53, eventWatcher=4)
[0402-close] no active tracking assignment matched destroyed target (targetID=54, eventWatcher=6)
[0402-close] no active tracking assignment matched destroyed target (targetID=55, eventWatcher=4)
[0402-close] no active tracking assignment matched destroyed target (targetID=56, eventWatcher=5)
[0402-close] no active tracking assignment matched destroyed target (targetID=59, eventWatcher=4)
[0402-close] no active tracking assignment matched destroyed target (targetID=60, eventWatcher=5)
[0402-close] no active tracking assignment matched destroyed target (targetID=61, eventWatcher=6)
[0402-close] no active tracking assignment matched destroyed target (targetID=62, eventWatcher=6)
[0402-close] no active tracking assignment matched destroyed target (targetID=64, eventWatcher=4)
[0402-close] no active tracking assignment matched destroyed target (targetID=65, eventWatcher=6)
[0402-close] no active tracking assignment matched destroyed target (targetID=53, eventWatcher=4)
[0402-close] no active tracking assignment matched destroyed target (targetID=54, eventWatcher=6)
[0402-close] no active tracking assignment matched destroyed target (targetID=55, eventWatcher=4)
[0402-close] no active tracking assignment matched destroyed target (targetID=56, eventWatcher=5)
[0402-close] no active tracking assignment matched destroyed target (targetID=59, eventWatcher=4)
[0402-close] no active tracking assignment matched destroyed target (targetID=60, eventWatcher=5)
[0402-close] no active tracking assignment matched destroyed target (targetID=61, eventWatcher=6)
[0402-close] no active tracking assignment matched destroyed target (targetID=62, eventWatcher=6)
[0402-close] no active tracking assignment matched destroyed target (targetID=64, eventWatcher=4)
[0402-close] no active tracking assignment matched destroyed target (targetID=65, eventWatcher=6)
[0402-close] no active tracking assignment matched destroyed target (targetID=53, eventWatcher=4)
[0402-close] no active tracking assignment matched destroyed target (targetID=54, eventWatcher=6)
[0402-close] no active tracking assignment matched destroyed target (targetID=55, eventWatcher=4)
[0402-close] no active tracking assignment matched destroyed target (targetID=56, eventWatcher=5)
[0402-close] no active tracking assignment matched destroyed target (targetID=59, eventWatcher=4)
[0402-close] no active tracking assignment matched destroyed target (targetID=60, eventWatcher=5)
[0402-close] no active tracking assignment matched destroyed target (targetID=61, eventWatcher=6)
[0402-close] no active tracking assignment matched destroyed target (targetID=62, eventWatcher=6)
[0402-close] no active tracking assignment matched destroyed target (targetID=64, eventWatcher=4)
[0402-close] no active tracking assignment matched destroyed target (targetID=65, eventWatcher=6)
[0402-close] no active tracking assignment matched destroyed target (targetID=53, eventWatcher=4)
[0402-close] no active tracking assignment matched destroyed target (targetID=54, eventWatcher=6)
[0402-close] no active tracking assignment matched destroyed target (targetID=55, eventWatcher=4)
[0402-close] no active tracking assignment matched destroyed target (targetID=56, eventWatcher=5)
[0402-close] no active tracking assignment matched destroyed target (targetID=59, eventWatcher=4)
[0402-close] no active tracking assignment matched destroyed target (targetID=60, eventWatcher=5)
[0402-close] no active tracking assignment matched destroyed target (targetID=61, eventWatcher=6)
[0402-close] no active tracking assignment matched destroyed target (targetID=62, eventWatcher=6)
[0402-close] no active tracking assignment matched destroyed target (targetID=64, eventWatcher=4)
[0402-close] no active tracking assignment matched destroyed target (targetID=65, eventWatcher=6)
[0402-close] no active tracking assignment matched destroyed target (targetID=53, eventWatcher=4)
[0402-close] no active tracking assignment matched destroyed target (targetID=54, eventWatcher=6)
[0402-close] no active tracking assignment matched destroyed target (targetID=55, eventWatcher=4)
[0402-close] no active tracking assignment matched destroyed target (targetID=56, eventWatcher=5)
[0402-close] no active tracking assignment matched destroyed target (targetID=59, eventWatcher=4)
[0402-close] no active tracking assignment matched destroyed target (targetID=60, eventWatcher=5)
[0402-close] no active tracking assignment matched destroyed target (targetID=61, eventWatcher=6)
[0402-close] no active tracking assignment matched destroyed target (targetID=62, eventWatcher=6)
[0402-close] no active tracking assignment matched destroyed target (targetID=64, eventWatcher=4)
[0402-close] no active tracking assignment matched destroyed target (targetID=65, eventWatcher=6)
[0402-close] no active tracking assignment matched destroyed target (targetID=53, eventWatcher=4)
[0402-close] no active tracking assignment matched destroyed target (targetID=54, eventWatcher=6)
[0402-close] no active tracking assignment matched destroyed target (targetID=55, eventWatcher=4)
[0402-close] no active tracking assignment matched destroyed target (targetID=56, eventWatcher=5)
[0402-close] no active tracking assignment matched destroyed target (targetID=59, eventWatcher=4)
[0402-close] no active tracking assignment matched destroyed target (targetID=60, eventWatcher=5)
[0402-close] no active tracking assignment matched destroyed target (targetID=61, eventWatcher=6)
[0402-close] no active tracking assignment matched destroyed target (targetID=62, eventWatcher=6)
[0402-close] no active tracking assignment matched destroyed target (targetID=64, eventWatcher=4)
[0402-close] no active tracking assignment matched destroyed target (targetID=65, eventWatcher=6)
[0402-close] no active tracking assignment matched destroyed target (targetID=53, eventWatcher=4)
[0402-close] no active tracking assignment matched destroyed target (targetID=54, eventWatcher=6)
[0402-close] no active tracking assignment matched destroyed target (targetID=55, eventWatcher=4)
[0402-close] no active tracking assignment matched destroyed target (targetID=56, eventWatcher=5)
[0402-close] no active tracking assignment matched destroyed target (targetID=59, eventWatcher=4)
[0402-close] no active tracking assignment matched destroyed target (targetID=60, eventWatcher=5)
[0402-close] no active tracking assignment matched destroyed target (targetID=61, eventWatcher=6)
[0402-close] no active tracking assignment matched destroyed target (targetID=62, eventWatcher=6)
[0402-close] no active tracking assignment matched destroyed target (targetID=64, eventWatcher=4)
[0402-close] no active tracking assignment matched destroyed target (targetID=65, eventWatcher=6)
[0402-close] no active tracking assignment matched destroyed target (targetID=53, eventWatcher=4)
[0402-close] no active tracking assignment matched destroyed target (targetID=54, eventWatcher=6)
[0402-close] no active tracking assignment matched destroyed target (targetID=55, eventWatcher=4)
[0402-close] no active tracking assignment matched destroyed target (targetID=56, eventWatcher=5)
[0402-close] no active tracking assignment matched destroyed target (targetID=59, eventWatcher=4)
[0402-close] no active tracking assignment matched destroyed target (targetID=60, eventWatcher=5)
[0402-close] no active tracking assignment matched destroyed target (targetID=61, eventWatcher=6)
[0402-close] no active tracking assignment matched destroyed target (targetID=62, eventWatcher=6)
[0402-close] no active tracking assignment matched destroyed target (targetID=64, eventWatcher=4)
[0402-close] no active tracking assignment matched destroyed target (targetID=65, eventWatcher=6)
[0402-close] no active tracking assignment matched destroyed target (targetID=53, eventWatcher=4)
[0402-close] no active tracking assignment matched destroyed target (targetID=54, eventWatcher=6)
[0402-close] no active tracking assignment matched destroyed target (targetID=55, eventWatcher=4)
[0402-close] no active tracking assignment matched destroyed target (targetID=56, eventWatcher=5)
[0402-close] no active tracking assignment matched destroyed target (targetID=59, eventWatcher=4)
[0402-close] no active tracking assignment matched destroyed target (targetID=60, eventWatcher=5)
[0402-close] no active tracking assignment matched destroyed target (targetID=61, eventWatcher=6)
[0402-close] no active tracking assignment matched destroyed target (targetID=62, eventWatcher=6)
[0402-close] no active tracking assignment matched destroyed target (targetID=64, eventWatcher=4)
[0402-close] no active tracking assignment matched destroyed target (targetID=65, eventWatcher=6)
[0402-close] no active tracking assignment matched destroyed target (targetID=53, eventWatcher=4)
[0402-close] no active tracking assignment matched destroyed target (targetID=54, eventWatcher=6)
[0402-close] no active tracking assignment matched destroyed target (targetID=55, eventWatcher=4)
[0402-close] no active tracking assignment matched destroyed target (targetID=56, eventWatcher=5)
[0402-close] no active tracking assignment matched destroyed target (targetID=59, eventWatcher=4)
[0402-close] no active tracking assignment matched destroyed target (targetID=60, eventWatcher=5)
[0402-close] no active tracking assignment matched destroyed target (targetID=61, eventWatcher=6)
[0402-close] no active tracking assignment matched destroyed target (targetID=62, eventWatcher=6)
[0402-close] no active tracking assignment matched destroyed target (targetID=64, eventWatcher=4)
[0402-close] no active tracking assignment matched destroyed target (targetID=65, eventWatcher=6)
[0402-close] no active tracking assignment matched destroyed target (targetID=53, eventWatcher=4)
[0402-close] no active tracking assignment matched destroyed target (targetID=54, eventWatcher=6)
[0402-close] no active tracking assignment matched destroyed target (targetID=55, eventWatcher=4)
[0402-close] no active tracking assignment matched destroyed target (targetID=56, eventWatcher=5)
[0402-close] no active tracking assignment matched destroyed target (targetID=59, eventWatcher=4)
[0402-close] no active tracking assignment matched destroyed target (targetID=60, eventWatcher=5)
[0402-close] no active tracking assignment matched destroyed target (targetID=61, eventWatcher=6)
[0402-close] no active tracking assignment matched destroyed target (targetID=62, eventWatcher=6)
[0402-close] no active tracking assignment matched destroyed target (targetID=64, eventWatcher=4)
[0402-close] no active tracking assignment matched destroyed target (targetID=65, eventWatcher=6)
[0402-close] no active tracking assignment matched destroyed target (targetID=53, eventWatcher=4)
[0402-close] no active tracking assignment matched destroyed target (targetID=54, eventWatcher=6)
[0402-close] no active tracking assignment matched destroyed target (targetID=55, eventWatcher=4)
[0402-close] no active tracking assignment matched destroyed target (targetID=56, eventWatcher=5)
[0402-close] no active tracking assignment matched destroyed target (targetID=59, eventWatcher=4)
[0402-close] no active tracking assignment matched destroyed target (targetID=60, eventWatcher=5)
[0402-close] no active tracking assignment matched destroyed target (targetID=61, eventWatcher=6)
[0402-close] no active tracking assignment matched destroyed target (targetID=62, eventWatcher=6)
[0402-close] no active tracking assignment matched destroyed target (targetID=64, eventWatcher=4)
[0402-close] no active tracking assignment matched destroyed target (targetID=65, eventWatcher=6)
[0402-close] no active tracking assignment matched destroyed target (targetID=53, eventWatcher=4)
[0402-close] no active tracking assignment matched destroyed target (targetID=54, eventWatcher=6)
[0402-close] no active tracking assignment matched destroyed target (targetID=55, eventWatcher=4)
[0402-close] no active tracking assignment matched destroyed target (targetID=56, eventWatcher=5)
[0402-close] no active tracking assignment matched destroyed target (targetID=59, eventWatcher=4)
[0402-close] no active tracking assignment matched destroyed target (targetID=60, eventWatcher=5)
[0402-close] no active tracking assignment matched destroyed target (targetID=61, eventWatcher=6)
[0402-close] no active tracking assignment matched destroyed target (targetID=62, eventWatcher=6)
[0402-close] no active tracking assignment matched destroyed target (targetID=64, eventWatcher=4)
[0402-close] no active tracking assignment matched destroyed target (targetID=65, eventWatcher=6)
[0402-close] no active tracking assignment matched destroyed target (targetID=53, eventWatcher=4)
[0402-close] no active tracking assignment matched destroyed target (targetID=54, eventWatcher=6)
[0402-close] no active tracking assignment matched destroyed target (targetID=55, eventWatcher=4)
[0402-close] no active tracking assignment matched destroyed target (targetID=56, eventWatcher=5)
[0402-close] no active tracking assignment matched destroyed target (targetID=59, eventWatcher=4)
[0402-close] no active tracking assignment matched destroyed target (targetID=60, eventWatcher=5)
[0402-close] no active tracking assignment matched destroyed target (targetID=61, eventWatcher=6)
[0402-close] no active tracking assignment matched destroyed target (targetID=62, eventWatcher=6)
[0402-close] no active tracking assignment matched destroyed target (targetID=64, eventWatcher=4)
[0402-close] no active tracking assignment matched destroyed target (targetID=65, eventWatcher=6)
[0402-close] no active tracking assignment matched destroyed target (targetID=53, eventWatcher=4)
[0402-close] no active tracking assignment matched destroyed target (targetID=54, eventWatcher=6)
[0402-close] no active tracking assignment matched destroyed target (targetID=55, eventWatcher=4)
[0402-close] no active tracking assignment matched destroyed target (targetID=56, eventWatcher=5)
[0402-close] no active tracking assignment matched destroyed target (targetID=59, eventWatcher=4)
[0402-close] no active tracking assignment matched destroyed target (targetID=60, eventWatcher=5)
[0402-close] no active tracking assignment matched destroyed target (targetID=61, eventWatcher=6)
[0402-close] no active tracking assignment matched destroyed target (targetID=62, eventWatcher=6)
[0402-close] no active tracking assignment matched destroyed target (targetID=64, eventWatcher=4)
[0402-close] no active tracking assignment matched destroyed target (targetID=65, eventWatcher=6)
[0402-close] no active tracking assignment matched destroyed target (targetID=53, eventWatcher=4)
[0402-close] no active tracking assignment matched destroyed target (targetID=54, eventWatcher=6)
[0402-close] no active tracking assignment matched destroyed target (targetID=55, eventWatcher=4)
[0402-close] no active tracking assignment matched destroyed target (targetID=56, eventWatcher=5)
[0402-close] no active tracking assignment matched destroyed target (targetID=59, eventWatcher=4)
[0402-close] no active tracking assignment matched destroyed target (targetID=60, eventWatcher=5)
[0402-close] no active tracking assignment matched destroyed target (targetID=61, eventWatcher=6)
[0402-close] no active tracking assignment matched destroyed target (targetID=62, eventWatcher=6)
[0402-close] no active tracking assignment matched destroyed target (targetID=64, eventWatcher=4)
[0402-close] no active tracking assignment matched destroyed target (targetID=65, eventWatcher=6)
[0402-close] no active tracking assignment matched destroyed target (targetID=53, eventWatcher=4)
[0402-close] no active tracking assignment matched destroyed target (targetID=54, eventWatcher=6)
[0402-close] no active tracking assignment matched destroyed target (targetID=55, eventWatcher=4)
[0402-close] no active tracking assignment matched destroyed target (targetID=56, eventWatcher=5)
[0402-close] no active tracking assignment matched destroyed target (targetID=59, eventWatcher=4)
[0402-close] no active tracking assignment matched destroyed target (targetID=60, eventWatcher=5)
[0402-close] no active tracking assignment matched destroyed target (targetID=61, eventWatcher=6)
[0402-close] no active tracking assignment matched destroyed target (targetID=62, eventWatcher=6)
[0402-close] no active tracking assignment matched destroyed target (targetID=64, eventWatcher=4)
[0402-close] no active tracking assignment matched destroyed target (targetID=65, eventWatcher=6)
[0402-close] no active tracking assignment matched destroyed target (targetID=53, eventWatcher=4)
[0402-close] no active tracking assignment matched destroyed target (targetID=54, eventWatcher=6)
[0402-close] no active tracking assignment matched destroyed target (targetID=55, eventWatcher=4)
[0402-close] no active tracking assignment matched destroyed target (targetID=56, eventWatcher=5)
[0402-close] no active tracking assignment matched destroyed target (targetID=59, eventWatcher=4)
[0402-close] no active tracking assignment matched destroyed target (targetID=60, eventWatcher=5)
[0402-close] no active tracking assignment matched destroyed target (targetID=61, eventWatcher=6)
[0402-close] no active tracking assignment matched destroyed target (targetID=62, eventWatcher=6)
[0402-close] no active tracking assignment matched destroyed target (targetID=64, eventWatcher=4)
[0402-close] no active tracking assignment matched destroyed target (targetID=65, eventWatcher=6)
[0402-close] no active tracking assignment matched destroyed target (targetID=53, eventWatcher=4)
[0402-close] no active tracking assignment matched destroyed target (targetID=54, eventWatcher=6)
[0402-close] no active tracking assignment matched destroyed target (targetID=55, eventWatcher=4)
[0402-close] no active tracking assignment matched destroyed target (targetID=56, eventWatcher=5)
[0402-close] no active tracking assignment matched destroyed target (targetID=59, eventWatcher=4)
[0402-close] no active tracking assignment matched destroyed target (targetID=60, eventWatcher=5)
[0402-close] no active tracking assignment matched destroyed target (targetID=61, eventWatcher=6)
[0402-close] no active tracking assignment matched destroyed target (targetID=62, eventWatcher=6)
[0402-close] no active tracking assignment matched destroyed target (targetID=64, eventWatcher=4)
[0402-close] no active tracking assignment matched destroyed target (targetID=65, eventWatcher=6)
[0501] heartbeat failover send active
[0401TRACE] slow phase=path_deviation elapsed=0.190s seq=2410
[0401TRACE] handler slow seq=2410 elapsed=0.378s ts=832640110598 states=6
[0402-close] no active tracking assignment matched destroyed target (targetID=53, eventWatcher=4)
[0402-close] no active tracking assignment matched destroyed target (targetID=54, eventWatcher=6)
[0402-close] no active tracking assignment matched destroyed target (targetID=55, eventWatcher=4)
[0402-close] no active tracking assignment matched destroyed target (targetID=56, eventWatcher=5)
[0402-close] no active tracking assignment matched destroyed target (targetID=59, eventWatcher=4)
[0402-close] no active tracking assignment matched destroyed target (targetID=60, eventWatcher=5)
[0402-close] no active tracking assignment matched destroyed target (targetID=61, eventWatcher=6)
[0402-close] no active tracking assignment matched destroyed target (targetID=62, eventWatcher=6)
[0402-close] no active tracking assignment matched destroyed target (targetID=64, eventWatcher=4)
[0402-close] no active tracking assignment matched destroyed target (targetID=65, eventWatcher=6)
[0402-close] no active tracking assignment matched destroyed target (targetID=53, eventWatcher=4)
[0402-close] no active tracking assignment matched destroyed target (targetID=54, eventWatcher=6)
[0402-close] no active tracking assignment matched destroyed target (targetID=55, eventWatcher=4)
[0402-close] no active tracking assignment matched destroyed target (targetID=56, eventWatcher=5)
[0402-close] no active tracking assignment matched destroyed target (targetID=59, eventWatcher=4)
[0402-close] no active tracking assignment matched destroyed target (targetID=60, eventWatcher=5)
[0402-close] no active tracking assignment matched destroyed target (targetID=61, eventWatcher=6)
[0402-close] no active tracking assignment matched destroyed target (targetID=62, eventWatcher=6)
[0402-close] no active tracking assignment matched destroyed target (targetID=64, eventWatcher=4)
[0402-close] no active tracking assignment matched destroyed target (targetID=65, eventWatcher=6)
[0402-close] no active tracking assignment matched destroyed target (targetID=53, eventWatcher=4)
[0402-close] no active tracking assignment matched destroyed target (targetID=54, eventWatcher=6)
[0402-close] no active tracking assignment matched destroyed target (targetID=55, eventWatcher=4)
[0402-close] no active tracking assignment matched destroyed target (targetID=56, eventWatcher=5)
[0402-close] no active tracking assignment matched destroyed target (targetID=59, eventWatcher=4)
[0402-close] no active tracking assignment matched destroyed target (targetID=60, eventWatcher=5)
[0402-close] no active tracking assignment matched destroyed target (targetID=61, eventWatcher=6)
[0402-close] no active tracking assignment matched destroyed target (targetID=62, eventWatcher=6)
[0402-close] no active tracking assignment matched destroyed target (targetID=64, eventWatcher=4)
[0402-close] no active tracking assignment matched destroyed target (targetID=65, eventWatcher=6)
[0402-close] no active tracking assignment matched destroyed target (targetID=53, eventWatcher=4)
[0402-close] no active tracking assignment matched destroyed target (targetID=54, eventWatcher=6)
[0402-close] no active tracking assignment matched destroyed target (targetID=55, eventWatcher=4)
[0402-close] no active tracking assignment matched destroyed target (targetID=56, eventWatcher=5)
[0402-close] no active tracking assignment matched destroyed target (targetID=59, eventWatcher=4)
[0402-close] no active tracking assignment matched destroyed target (targetID=60, eventWatcher=5)
[0402-close] no active tracking assignment matched destroyed target (targetID=61, eventWatcher=6)
[0402-close] no active tracking assignment matched destroyed target (targetID=62, eventWatcher=6)
[0402-close] no active tracking assignment matched destroyed target (targetID=64, eventWatcher=4)
[0402-close] no active tracking assignment matched destroyed target (targetID=65, eventWatcher=6)
[0402-close] no active tracking assignment matched destroyed target (targetID=53, eventWatcher=4)
[0402-close] no active tracking assignment matched destroyed target (targetID=54, eventWatcher=6)
[0402-close] no active tracking assignment matched destroyed target (targetID=55, eventWatcher=4)
[0402-close] no active tracking assignment matched destroyed target (targetID=56, eventWatcher=5)
[0402-close] no active tracking assignment matched destroyed target (targetID=59, eventWatcher=4)
[0402-close] no active tracking assignment matched destroyed target (targetID=60, eventWatcher=5)
[0402-close] no active tracking assignment matched destroyed target (targetID=61, eventWatcher=6)
[0402-close] no active tracking assignment matched destroyed target (targetID=62, eventWatcher=6)
[0402-close] no active tracking assignment matched destroyed target (targetID=64, eventWatcher=4)
[0402-close] no active tracking assignment matched destroyed target (targetID=65, eventWatcher=6)
[0402-close] no active tracking assignment matched destroyed target (targetID=53, eventWatcher=4)
[0402-close] no active tracking assignment matched destroyed target (targetID=54, eventWatcher=6)
[0402-close] no active tracking assignment matched destroyed target (targetID=55, eventWatcher=4)
[0402-close] no active tracking assignment matched destroyed target (targetID=56, eventWatcher=5)
[0402-close] no active tracking assignment matched destroyed target (targetID=59, eventWatcher=4)
[0402-close] no active tracking assignment matched destroyed target (targetID=60, eventWatcher=5)
[0402-close] no active tracking assignment matched destroyed target (targetID=61, eventWatcher=6)
[0402-close] no active tracking assignment matched destroyed target (targetID=62, eventWatcher=6)
[0402-close] no active tracking assignment matched destroyed target (targetID=64, eventWatcher=4)
[0402-close] no active tracking assignment matched destroyed target (targetID=65, eventWatcher=6)
[0402-close] no active tracking assignment matched destroyed target (targetID=53, eventWatcher=4)
[0402-close] no active tracking assignment matched destroyed target (targetID=54, eventWatcher=6)
[0402-close] no active tracking assignment matched destroyed target (targetID=55, eventWatcher=4)
[0402-close] no active tracking assignment matched destroyed target (targetID=56, eventWatcher=5)
[0402-close] no active tracking assignment matched destroyed target (targetID=59, eventWatcher=4)
[0402-close] no active tracking assignment matched destroyed target (targetID=60, eventWatcher=5)
[0402-close] no active tracking assignment matched destroyed target (targetID=61, eventWatcher=6)
[0402-close] no active tracking assignment matched destroyed target (targetID=62, eventWatcher=6)
[0402-close] no active tracking assignment matched destroyed target (targetID=64, eventWatcher=4)
[0402-close] no active tracking assignment matched destroyed target (targetID=65, eventWatcher=6)
[0402-close] no active tracking assignment matched destroyed target (targetID=53, eventWatcher=4)
[0402-close] no active tracking assignment matched destroyed target (targetID=54, eventWatcher=6)
[0402-close] no active tracking assignment matched destroyed target (targetID=55, eventWatcher=4)
[0402-close] no active tracking assignment matched destroyed target (targetID=56, eventWatcher=5)
[0402-close] no active tracking assignment matched destroyed target (targetID=59, eventWatcher=4)
[0402-close] no active tracking assignment matched destroyed target (targetID=60, eventWatcher=5)
[0402-close] no active tracking assignment matched destroyed target (targetID=61, eventWatcher=6)
[0402-close] no active tracking assignment matched destroyed target (targetID=62, eventWatcher=6)
[0402-close] no active tracking assignment matched destroyed target (targetID=64, eventWatcher=4)
[0402-close] no active tracking assignment matched destroyed target (targetID=65, eventWatcher=6)
[0402-close] no active tracking assignment matched destroyed target (targetID=53, eventWatcher=4)
[0402-close] no active tracking assignment matched destroyed target (targetID=54, eventWatcher=6)
[0402-close] no active tracking assignment matched destroyed target (targetID=55, eventWatcher=4)
[0402-close] no active tracking assignment matched destroyed target (targetID=56, eventWatcher=5)
[0402-close] no active tracking assignment matched destroyed target (targetID=59, eventWatcher=4)
[0402-close] no active tracking assignment matched destroyed target (targetID=60, eventWatcher=5)
[0402-close] no active tracking assignment matched destroyed target (targetID=61, eventWatcher=6)
[0402-close] no active tracking assignment matched destroyed target (targetID=62, eventWatcher=6)
[0402-close] no active tracking assignment matched destroyed target (targetID=64, eventWatcher=4)
[0402-close] no active tracking assignment matched destroyed target (targetID=65, eventWatcher=6)
[0402-close] no active tracking assignment matched destroyed target (targetID=53, eventWatcher=4)
[0402-close] no active tracking assignment matched destroyed target (targetID=54, eventWatcher=6)
[0402-close] no active tracking assignment matched destroyed target (targetID=55, eventWatcher=4)
[0402-close] no active tracking assignment matched destroyed target (targetID=56, eventWatcher=5)
[0402-close] no active tracking assignment matched destroyed target (targetID=59, eventWatcher=4)
[0402-close] no active tracking assignment matched destroyed target (targetID=60, eventWatcher=5)
[0402-close] no active tracking assignment matched destroyed target (targetID=61, eventWatcher=6)
[0402-close] no active tracking assignment matched destroyed target (targetID=62, eventWatcher=6)
[0402-close] no active tracking assignment matched destroyed target (targetID=64, eventWatcher=4)
[0402-close] no active tracking assignment matched destroyed target (targetID=65, eventWatcher=6)
[0402-close] no active tracking assignment matched destroyed target (targetID=53, eventWatcher=4)
[0402-close] no active tracking assignment matched destroyed target (targetID=54, eventWatcher=6)
[0402-close] no active tracking assignment matched destroyed target (targetID=55, eventWatcher=4)
[0402-close] no active tracking assignment matched destroyed target (targetID=56, eventWatcher=5)
[0402-close] no active tracking assignment matched destroyed target (targetID=59, eventWatcher=4)
[0402-close] no active tracking assignment matched destroyed target (targetID=60, eventWatcher=5)
[0402-close] no active tracking assignment matched destroyed target (targetID=61, eventWatcher=6)
[0402-close] no active tracking assignment matched destroyed target (targetID=62, eventWatcher=6)
[0402-close] no active tracking assignment matched destroyed target (targetID=64, eventWatcher=4)
[0402-close] no active tracking assignment matched destroyed target (targetID=65, eventWatcher=6)
[0402-close] no active tracking assignment matched destroyed target (targetID=53, eventWatcher=4)
[0402-close] no active tracking assignment matched destroyed target (targetID=54, eventWatcher=6)
[0402-close] no active tracking assignment matched destroyed target (targetID=55, eventWatcher=4)
[0402-close] no active tracking assignment matched destroyed target (targetID=56, eventWatcher=5)
[0402-close] no active tracking assignment matched destroyed target (targetID=59, eventWatcher=4)
[0402-close] no active tracking assignment matched destroyed target (targetID=60, eventWatcher=5)
[0402-close] no active tracking assignment matched destroyed target (targetID=61, eventWatcher=6)
[0402-close] no active tracking assignment matched destroyed target (targetID=62, eventWatcher=6)
[0402-close] no active tracking assignment matched destroyed target (targetID=64, eventWatcher=4)
[0402-close] no active tracking assignment matched destroyed target (targetID=65, eventWatcher=6)
[0402-close] no active tracking assignment matched destroyed target (targetID=53, eventWatcher=4)
[0402-close] no active tracking assignment matched destroyed target (targetID=54, eventWatcher=6)
[0402-close] no active tracking assignment matched destroyed target (targetID=55, eventWatcher=4)
[0402-close] no active tracking assignment matched destroyed target (targetID=56, eventWatcher=5)
[0402-close] no active tracking assignment matched destroyed target (targetID=59, eventWatcher=4)
[0402-close] no active tracking assignment matched destroyed target (targetID=60, eventWatcher=5)
[0402-close] no active tracking assignment matched destroyed target (targetID=61, eventWatcher=6)
[0402-close] no active tracking assignment matched destroyed target (targetID=62, eventWatcher=6)
[0402-close] no active tracking assignment matched destroyed target (targetID=64, eventWatcher=4)
[0402-close] no active tracking assignment matched destroyed target (targetID=65, eventWatcher=6)
[RQUEUE] completed #232 표적탐지: 표적66 발견 재계획 (시간 초과, signal=timeout, active_ms=45031)
[0402-close] no active tracking assignment matched destroyed target (targetID=53, eventWatcher=4)
[0402-close] no active tracking assignment matched destroyed target (targetID=54, eventWatcher=6)
[0402-close] no active tracking assignment matched destroyed target (targetID=55, eventWatcher=4)
[0402-close] no active tracking assignment matched destroyed target (targetID=56, eventWatcher=5)
[0402-close] no active tracking assignment matched destroyed target (targetID=59, eventWatcher=4)
[0402-close] no active tracking assignment matched destroyed target (targetID=60, eventWatcher=5)
[0402-close] no active tracking assignment matched destroyed target (targetID=61, eventWatcher=6)
[0402-close] no active tracking assignment matched destroyed target (targetID=62, eventWatcher=6)
[0402-close] no active tracking assignment matched destroyed target (targetID=64, eventWatcher=4)
[0402-close] no active tracking assignment matched destroyed target (targetID=65, eventWatcher=6)
[0402-close] no active tracking assignment matched destroyed target (targetID=53, eventWatcher=4)
[0402-close] no active tracking assignment matched destroyed target (targetID=54, eventWatcher=6)
[0402-close] no active tracking assignment matched destroyed target (targetID=55, eventWatcher=4)
[0402-close] no active tracking assignment matched destroyed target (targetID=56, eventWatcher=5)
[0402-close] no active tracking assignment matched destroyed target (targetID=59, eventWatcher=4)
[0402-close] no active tracking assignment matched destroyed target (targetID=60, eventWatcher=5)
[0402-close] no active tracking assignment matched destroyed target (targetID=61, eventWatcher=6)
[0402-close] no active tracking assignment matched destroyed target (targetID=62, eventWatcher=6)
[0402-close] no active tracking assignment matched destroyed target (targetID=64, eventWatcher=4)
[0402-close] no active tracking assignment matched destroyed target (targetID=65, eventWatcher=6)
[0402-close] no active tracking assignment matched destroyed target (targetID=53, eventWatcher=4)
[0402-close] no active tracking assignment matched destroyed target (targetID=54, eventWatcher=6)
[0402-close] no active tracking assignment matched destroyed target (targetID=55, eventWatcher=4)
[0402-close] no active tracking assignment matched destroyed target (targetID=56, eventWatcher=5)
[0402-close] no active tracking assignment matched destroyed target (targetID=59, eventWatcher=4)
[0402-close] no active tracking assignment matched destroyed target (targetID=60, eventWatcher=5)
[0402-close] no active tracking assignment matched destroyed target (targetID=61, eventWatcher=6)
[0402-close] no active tracking assignment matched destroyed target (targetID=62, eventWatcher=6)
[0402-close] no active tracking assignment matched destroyed target (targetID=64, eventWatcher=4)
[0402-close] no active tracking assignment matched destroyed target (targetID=65, eventWatcher=6)
[0702] ignore=2 -> apply missionPlanID=700000462, source=DSC
[0702] 공격 배제 선택 -> target bundle isIgnored=1 반영 (count=1)
[QUALITY] startup grace armed (missionPlanID=700000462, duration=10.0s)
[RQUEUE] history 0702 -> #232 결과 수신
[0402-close] no active tracking assignment matched destroyed target (targetID=53, eventWatcher=4)
[0402-close] no active tracking assignment matched destroyed target (targetID=54, eventWatcher=6)
[0402-close] no active tracking assignment matched destroyed target (targetID=55, eventWatcher=4)
[0402-close] no active tracking assignment matched destroyed target (targetID=56, eventWatcher=5)
[0402-close] no active tracking assignment matched destroyed target (targetID=59, eventWatcher=4)
[0402-close] no active tracking assignment matched destroyed target (targetID=60, eventWatcher=5)
[0402-close] no active tracking assignment matched destroyed target (targetID=61, eventWatcher=6)
[0402-close] no active tracking assignment matched destroyed target (targetID=62, eventWatcher=6)
[0402-close] no active tracking assignment matched destroyed target (targetID=64, eventWatcher=4)
[0402-close] no active tracking assignment matched destroyed target (targetID=65, eventWatcher=6)
[0402-close] no active tracking assignment matched destroyed target (targetID=66, eventWatcher=4)
[RealTimeInferrer] Loading/Reloading Mission Plan: C:\Users\TRL98\Desktop\LAH_MUMT\Logs\Scenario_2026-05-21T085327\SBC3\MissionPlan\700000462.json
Updated Mission Context: torch.Size([384])
[0401] path-deviation trigger suppressed: within 3s after 0702 apply (remaining=2682ms)
[0402-close] no active tracking assignment matched destroyed target (targetID=53, eventWatcher=4)
[0402-close] no active tracking assignment matched destroyed target (targetID=54, eventWatcher=6)
[0402-close] no active tracking assignment matched destroyed target (targetID=55, eventWatcher=4)
[0402-close] no active tracking assignment matched destroyed target (targetID=56, eventWatcher=5)
[0402-close] no active tracking assignment matched destroyed target (targetID=59, eventWatcher=4)
[0402-close] no active tracking assignment matched destroyed target (targetID=60, eventWatcher=5)
[0402-close] no active tracking assignment matched destroyed target (targetID=61, eventWatcher=6)
[0402-close] no active tracking assignment matched destroyed target (targetID=62, eventWatcher=6)
[0402-close] no active tracking assignment matched destroyed target (targetID=64, eventWatcher=4)
[0402-close] no active tracking assignment matched destroyed target (targetID=65, eventWatcher=6)
[0402-close] no active tracking assignment matched destroyed target (targetID=66, eventWatcher=4)
[0503] recommend=1, inputID=2 sent
[0201] DB 참조! (C:\Users\TRL98\Desktop\LAH_MUMT\Logs\Scenario_2026-05-21T085327\SBC3\InputMissionPlan\2.json)
[REEXEC] refreshed 0201 clone detected before execute=2 listener -> dispatching 0902 replan request (package=2, timestamp=832640581415, inputMissionID=4)
[CURRENT] reexecute attach start: currentInputMissionID=4, firstPayloadInputID=4, aircraft=4,5,6
[CURRENT] reexecute cached 0401 rows loaded: count=6
[CURRENT] reexecute source missionPlanID attached: 700000462
[CURRENT] reexecute snapshot entries resolved: count=3, lead=5.0s
[CURRENT] reexecute current-position hybrid attached for all options
[RQUEUE] dispatching #233 재실행: 협업기저임무 재수행 요청
[REINPUT] skipped: reexecute 0201 already handled
[REEXEC] execute=2 received after refreshed 0201 clone -> already dispatched reexecute 0902 (package=2, timestamp=832640581415, inputMissionID=4)
[0902] replan request sent (level=1, reason=협업기저임무 재수행 요청, planIds=700000463, 700000464, 700000465)
[RQUEUE] active #233 재실행: 협업기저임무 재수행 요청
[RQUEUE] signal 0305 -> #233 재계획 수행중
[0401TRACE] slow phase=turn_tab elapsed=0.158s seq=4227
[0401TRACE] handler slow seq=4227 elapsed=0.305s ts=832640587573 states=6
[0401TRACE] slow phase=turn_tab elapsed=0.175s seq=4258
[0501] heartbeat failover send active
[0401TRACE] handler slow seq=4258 elapsed=0.322s ts=832640595572 states=6
[RQUEUE] signal 0701 -> #233 옵션 정보 전송
[RQUEUE] signal 0305 -> #233 재계획 산출 완료
[0702] ignore=2 -> apply missionPlanID=700000463, source=DSC
[QUALITY] startup grace armed (missionPlanID=700000463, duration=10.0s)
[RQUEUE] completed #233 재실행: 협업기저임무 재수행 요청 (결과 수신, signal=0702, active_ms=26087)
[RealTimeInferrer] Loading/Reloading Mission Plan: C:\Users\TRL98\Desktop\LAH_MUMT\Logs\Scenario_2026-05-21T085327\SBC3\MissionPlan\700000463.json
Updated Mission Context: torch.Size([384])
[0401] path-deviation trigger suppressed: within 3s after 0702 apply (remaining=2770ms)
[0402-close] no active tracking assignment matched destroyed target (targetID=53, eventWatcher=4)
[0402-close] no active tracking assignment matched destroyed target (targetID=54, eventWatcher=6)
[0402-close] no active tracking assignment matched destroyed target (targetID=55, eventWatcher=4)
[0402-close] no active tracking assignment matched destroyed target (targetID=56, eventWatcher=5)
[0402-close] no active tracking assignment matched destroyed target (targetID=59, eventWatcher=4)
[0402-close] no active tracking assignment matched destroyed target (targetID=60, eventWatcher=5)
[0402-close] no active tracking assignment matched destroyed target (targetID=61, eventWatcher=6)
[0402-close] no active tracking assignment matched destroyed target (targetID=62, eventWatcher=6)
[0402-close] no active tracking assignment matched destroyed target (targetID=64, eventWatcher=4)
[0402-close] no active tracking assignment matched destroyed target (targetID=65, eventWatcher=6)
[0402-close] no active tracking assignment matched destroyed target (targetID=66, eventWatcher=4)
[0401TRACE] slow phase=area_tab elapsed=0.172s seq=4411
[0401TRACE] handler slow seq=4411 elapsed=0.312s ts=832640638572 states=6
[0402-close] no active tracking assignment matched destroyed target (targetID=53, eventWatcher=4)
[0402-close] no active tracking assignment matched destroyed target (targetID=54, eventWatcher=6)
[0402-close] no active tracking assignment matched destroyed target (targetID=55, eventWatcher=4)
[0402-close] no active tracking assignment matched destroyed target (targetID=56, eventWatcher=5)
[0402-close] no active tracking assignment matched destroyed target (targetID=59, eventWatcher=4)
[0402-close] no active tracking assignment matched destroyed target (targetID=60, eventWatcher=5)
[0402-close] no active tracking assignment matched destroyed target (targetID=61, eventWatcher=6)
[0402-close] no active tracking assignment matched destroyed target (targetID=62, eventWatcher=6)
[0402-close] no active tracking assignment matched destroyed target (targetID=64, eventWatcher=4)
[0402-close] no active tracking assignment matched destroyed target (targetID=65, eventWatcher=6)
[0402-close] no active tracking assignment matched destroyed target (targetID=66, eventWatcher=4)
[0401TRACE] slow phase=area_tab elapsed=0.163s seq=4428
[0401TRACE] handler slow seq=4428 elapsed=0.317s ts=832640644160 states=6
[0402-close] no active tracking assignment matched destroyed target (targetID=53, eventWatcher=4)
[0402-close] no active tracking assignment matched destroyed target (targetID=54, eventWatcher=6)
[0402-close] no active tracking assignment matched destroyed target (targetID=55, eventWatcher=4)
[0402-close] no active tracking assignment matched destroyed target (targetID=56, eventWatcher=5)
[0402-close] no active tracking assignment matched destroyed target (targetID=59, eventWatcher=4)
[0402-close] no active tracking assignment matched destroyed target (targetID=60, eventWatcher=5)
[0402-close] no active tracking assignment matched destroyed target (targetID=61, eventWatcher=6)
[0402-close] no active tracking assignment matched destroyed target (targetID=62, eventWatcher=6)
[0402-close] no active tracking assignment matched destroyed target (targetID=64, eventWatcher=4)
[0402-close] no active tracking assignment matched destroyed target (targetID=65, eventWatcher=6)
[0402-close] no active tracking assignment matched destroyed target (targetID=66, eventWatcher=4)
[0402-close] no active tracking assignment matched destroyed target (targetID=53, eventWatcher=4)
[0402-close] no active tracking assignment matched destroyed target (targetID=54, eventWatcher=6)
[0402-close] no active tracking assignment matched destroyed target (targetID=55, eventWatcher=4)
[0402-close] no active tracking assignment matched destroyed target (targetID=56, eventWatcher=5)
[0402-close] no active tracking assignment matched destroyed target (targetID=59, eventWatcher=4)
[0402-close] no active tracking assignment matched destroyed target (targetID=60, eventWatcher=5)
[0402-close] no active tracking assignment matched destroyed target (targetID=61, eventWatcher=6)
[0402-close] no active tracking assignment matched destroyed target (targetID=62, eventWatcher=6)
[0402-close] no active tracking assignment matched destroyed target (targetID=64, eventWatcher=4)
[0402-close] no active tracking assignment matched destroyed target (targetID=65, eventWatcher=6)
[0402-close] no active tracking assignment matched destroyed target (targetID=66, eventWatcher=4)
[0402-close] no active tracking assignment matched destroyed target (targetID=53, eventWatcher=4)
[0402-close] no active tracking assignment matched destroyed target (targetID=54, eventWatcher=6)
[0402-close] no active tracking assignment matched destroyed target (targetID=55, eventWatcher=4)
[0402-close] no active tracking assignment matched destroyed target (targetID=56, eventWatcher=5)
[0402-close] no active tracking assignment matched destroyed target (targetID=59, eventWatcher=4)
[0402-close] no active tracking assignment matched destroyed target (targetID=60, eventWatcher=5)
[0402-close] no active tracking assignment matched destroyed target (targetID=61, eventWatcher=6)
[0402-close] no active tracking assignment matched destroyed target (targetID=62, eventWatcher=6)
[0402-close] no active tracking assignment matched destroyed target (targetID=64, eventWatcher=4)
[0402-close] no active tracking assignment matched destroyed target (targetID=65, eventWatcher=6)
[0402-close] no active tracking assignment matched destroyed target (targetID=66, eventWatcher=4)
[0401TRACE] handler slow seq=4437 elapsed=0.303s ts=832640647962 states=6
[0401TRACE] slow phase=area_tab elapsed=0.161s seq=4471
[0402-close] no active tracking assignment matched destroyed target (targetID=53, eventWatcher=4)
[0402-close] no active tracking assignment matched destroyed target (targetID=54, eventWatcher=6)
[0402-close] no active tracking assignment matched destroyed target (targetID=55, eventWatcher=4)
[0402-close] no active tracking assignment matched destroyed target (targetID=56, eventWatcher=5)
[0402-close] no active tracking assignment matched destroyed target (targetID=59, eventWatcher=4)
[0402-close] no active tracking assignment matched destroyed target (targetID=60, eventWatcher=5)
[0402-close] no active tracking assignment matched destroyed target (targetID=61, eventWatcher=6)
[0402-close] no active tracking assignment matched destroyed target (targetID=62, eventWatcher=6)
[0402-close] no active tracking assignment matched destroyed target (targetID=64, eventWatcher=4)
[0402-close] no active tracking assignment matched destroyed target (targetID=65, eventWatcher=6)
[0402-close] no active tracking assignment matched destroyed target (targetID=66, eventWatcher=4)
[0401TRACE] handler slow seq=4474 elapsed=0.304s ts=832640658568 states=6
[0401TRACE] slow phase=area_tab elapsed=0.151s seq=4480
[0401TRACE] handler slow seq=4480 elapsed=0.308s ts=832640660372 states=6
[0402-close] no active tracking assignment matched destroyed target (targetID=53, eventWatcher=4)
[0402-close] no active tracking assignment matched destroyed target (targetID=54, eventWatcher=6)
[0402-close] no active tracking assignment matched destroyed target (targetID=55, eventWatcher=4)
[0402-close] no active tracking assignment matched destroyed target (targetID=56, eventWatcher=5)
[0402-close] no active tracking assignment matched destroyed target (targetID=59, eventWatcher=4)
[0402-close] no active tracking assignment matched destroyed target (targetID=60, eventWatcher=5)
[0402-close] no active tracking assignment matched destroyed target (targetID=61, eventWatcher=6)
[0402-close] no active tracking assignment matched destroyed target (targetID=62, eventWatcher=6)
[0402-close] no active tracking assignment matched destroyed target (targetID=64, eventWatcher=4)
[0402-close] no active tracking assignment matched destroyed target (targetID=65, eventWatcher=6)
[0402-close] no active tracking assignment matched destroyed target (targetID=66, eventWatcher=4)
[0401TRACE] slow phase=area_tab elapsed=0.165s seq=4489
[0401TRACE] handler slow seq=4489 elapsed=0.333s ts=832640663162 states=6
[0402-close] no active tracking assignment matched destroyed target (targetID=53, eventWatcher=4)
[0402-close] no active tracking assignment matched destroyed target (targetID=54, eventWatcher=6)
[0402-close] no active tracking assignment matched destroyed target (targetID=55, eventWatcher=4)
[0402-close] no active tracking assignment matched destroyed target (targetID=56, eventWatcher=5)
[0402-close] no active tracking assignment matched destroyed target (targetID=59, eventWatcher=4)
[0402-close] no active tracking assignment matched destroyed target (targetID=60, eventWatcher=5)
[0402-close] no active tracking assignment matched destroyed target (targetID=61, eventWatcher=6)
[0402-close] no active tracking assignment matched destroyed target (targetID=62, eventWatcher=6)
[0402-close] no active tracking assignment matched destroyed target (targetID=64, eventWatcher=4)
[0402-close] no active tracking assignment matched destroyed target (targetID=65, eventWatcher=6)
[0402-close] no active tracking assignment matched destroyed target (targetID=66, eventWatcher=4)
[0402] new detections: 1
[0402] bundled target replan prepared: key=67-6, primaryTargetID=67, targets=[67]
[RQUEUE] queued #234 표적탐지: 표적67 발견 재계획
[0402-close] no active tracking assignment matched destroyed target (targetID=53, eventWatcher=4)
[0402-close] no active tracking assignment matched destroyed target (targetID=54, eventWatcher=6)
[0402-close] no active tracking assignment matched destroyed target (targetID=55, eventWatcher=4)
[0402-close] no active tracking assignment matched destroyed target (targetID=56, eventWatcher=5)
[0402-close] no active tracking assignment matched destroyed target (targetID=59, eventWatcher=4)
[0402-close] no active tracking assignment matched destroyed target (targetID=60, eventWatcher=5)
[0402-close] no active tracking assignment matched destroyed target (targetID=61, eventWatcher=6)
[0402-close] no active tracking assignment matched destroyed target (targetID=62, eventWatcher=6)
[0402-close] no active tracking assignment matched destroyed target (targetID=64, eventWatcher=4)
[0402-close] no active tracking assignment matched destroyed target (targetID=65, eventWatcher=6)
[0402-close] no active tracking assignment matched destroyed target (targetID=66, eventWatcher=4)
[0401TRACE] slow phase=area_tab elapsed=0.165s seq=4497
[0401TRACE] handler slow seq=4497 elapsed=0.336s ts=832640665992 states=6
[RQUEUE] dispatching #234 표적탐지: 표적67 발견 재계획
[0902] replan request sent (level=2, reason=표적67 발견 재계획, planIds=700000466, 700000467)
[RQUEUE] active #234 표적탐지: 표적67 발견 재계획
[RQUEUE] signal 0305 -> #234 재계획 수행중
[0402-close] no active tracking assignment matched destroyed target (targetID=53, eventWatcher=4)
[0402-close] no active tracking assignment matched destroyed target (targetID=54, eventWatcher=6)
[0402-close] no active tracking assignment matched destroyed target (targetID=55, eventWatcher=4)
[0402-close] no active tracking assignment matched destroyed target (targetID=56, eventWatcher=5)
[0402-close] no active tracking assignment matched destroyed target (targetID=59, eventWatcher=4)
[0402-close] no active tracking assignment matched destroyed target (targetID=60, eventWatcher=5)
[0402-close] no active tracking assignment matched destroyed target (targetID=61, eventWatcher=6)
[0402-close] no active tracking assignment matched destroyed target (targetID=62, eventWatcher=6)
[0402-close] no active tracking assignment matched destroyed target (targetID=64, eventWatcher=4)
[0402-close] no active tracking assignment matched destroyed target (targetID=65, eventWatcher=6)
[0402-close] no active tracking assignment matched destroyed target (targetID=66, eventWatcher=4)
[0401TRACE] slow phase=area_tab elapsed=0.189s seq=4503
[0501] heartbeat failover send active
[0401TRACE] handler slow seq=4503 elapsed=0.372s ts=832640668371 states=6
[0402-close] no active tracking assignment matched destroyed target (targetID=53, eventWatcher=4)
[0402-close] no active tracking assignment matched destroyed target (targetID=54, eventWatcher=6)
[0402-close] no active tracking assignment matched destroyed target (targetID=55, eventWatcher=4)
[0402-close] no active tracking assignment matched destroyed target (targetID=56, eventWatcher=5)
[0402-close] no active tracking assignment matched destroyed target (targetID=59, eventWatcher=4)
[0402-close] no active tracking assignment matched destroyed target (targetID=60, eventWatcher=5)
[0402-close] no active tracking assignment matched destroyed target (targetID=61, eventWatcher=6)
[0402-close] no active tracking assignment matched destroyed target (targetID=62, eventWatcher=6)
[0402-close] no active tracking assignment matched destroyed target (targetID=64, eventWatcher=4)
[0402-close] no active tracking assignment matched destroyed target (targetID=65, eventWatcher=6)
[0402-close] no active tracking assignment matched destroyed target (targetID=66, eventWatcher=4)
[0402-close] no active tracking assignment matched destroyed target (targetID=53, eventWatcher=4)
[0402-close] no active tracking assignment matched destroyed target (targetID=54, eventWatcher=6)
[0402-close] no active tracking assignment matched destroyed target (targetID=55, eventWatcher=4)
[0402-close] no active tracking assignment matched destroyed target (targetID=56, eventWatcher=5)
[0402-close] no active tracking assignment matched destroyed target (targetID=59, eventWatcher=4)
[0402-close] no active tracking assignment matched destroyed target (targetID=60, eventWatcher=5)
[0402-close] no active tracking assignment matched destroyed target (targetID=61, eventWatcher=6)
[0402-close] no active tracking assignment matched destroyed target (targetID=62, eventWatcher=6)
[0402-close] no active tracking assignment matched destroyed target (targetID=64, eventWatcher=4)
[0402-close] no active tracking assignment matched destroyed target (targetID=65, eventWatcher=6)
[0402-close] no active tracking assignment matched destroyed target (targetID=66, eventWatcher=4)
[0402-close] no active tracking assignment matched destroyed target (targetID=53, eventWatcher=4)
[0402-close] no active tracking assignment matched destroyed target (targetID=54, eventWatcher=6)
[0402-close] no active tracking assignment matched destroyed target (targetID=55, eventWatcher=4)
[0402-close] no active tracking assignment matched destroyed target (targetID=56, eventWatcher=5)
[0402-close] no active tracking assignment matched destroyed target (targetID=59, eventWatcher=4)
[0402-close] no active tracking assignment matched destroyed target (targetID=60, eventWatcher=5)
[0402-close] no active tracking assignment matched destroyed target (targetID=61, eventWatcher=6)
[0402-close] no active tracking assignment matched destroyed target (targetID=62, eventWatcher=6)
[0402-close] no active tracking assignment matched destroyed target (targetID=64, eventWatcher=4)
[0402-close] no active tracking assignment matched destroyed target (targetID=65, eventWatcher=6)
[0402-close] no active tracking assignment matched destroyed target (targetID=66, eventWatcher=4)
[0401TRACE] slow phase=area_tab elapsed=0.206s seq=4510
[0401TRACE] handler slow seq=4510 elapsed=0.354s ts=832640671398 states=6
[0501] send skipped: push lock busy
[0402-close] no active tracking assignment matched destroyed target (targetID=53, eventWatcher=4)
[0402-close] no active tracking assignment matched destroyed target (targetID=54, eventWatcher=6)
[0402-close] no active tracking assignment matched destroyed target (targetID=55, eventWatcher=4)
[0402-close] no active tracking assignment matched destroyed target (targetID=56, eventWatcher=5)
[0402-close] no active tracking assignment matched destroyed target (targetID=59, eventWatcher=4)
[0402-close] no active tracking assignment matched destroyed target (targetID=60, eventWatcher=5)
[0402-close] no active tracking assignment matched destroyed target (targetID=61, eventWatcher=6)
[0402-close] no active tracking assignment matched destroyed target (targetID=62, eventWatcher=6)
[0402-close] no active tracking assignment matched destroyed target (targetID=64, eventWatcher=4)
[0402-close] no active tracking assignment matched destroyed target (targetID=65, eventWatcher=6)
[0402-close] no active tracking assignment matched destroyed target (targetID=66, eventWatcher=4)
[0401TRACE] slow phase=area_tab elapsed=0.204s seq=4515
[0401TRACE] handler slow seq=4515 elapsed=0.394s ts=832640673561 states=6
[0402-close] no active tracking assignment matched destroyed target (targetID=53, eventWatcher=4)
[0402-close] no active tracking assignment matched destroyed target (targetID=54, eventWatcher=6)
[0402-close] no active tracking assignment matched destroyed target (targetID=55, eventWatcher=4)
[0402-close] no active tracking assignment matched destroyed target (targetID=56, eventWatcher=5)
[0402-close] no active tracking assignment matched destroyed target (targetID=59, eventWatcher=4)
[0402-close] no active tracking assignment matched destroyed target (targetID=60, eventWatcher=5)
[0402-close] no active tracking assignment matched destroyed target (targetID=61, eventWatcher=6)
[0402-close] no active tracking assignment matched destroyed target (targetID=62, eventWatcher=6)
[0402-close] no active tracking assignment matched destroyed target (targetID=64, eventWatcher=4)
[0402-close] no active tracking assignment matched destroyed target (targetID=65, eventWatcher=6)
[0402-close] no active tracking assignment matched destroyed target (targetID=66, eventWatcher=4)
[RQUEUE] signal 0701 -> #234 옵션 정보 전송
[RQUEUE] signal 0305 -> #234 재계획 산출 완료
[0402-close] no active tracking assignment matched destroyed target (targetID=53, eventWatcher=4)
[0402-close] no active tracking assignment matched destroyed target (targetID=54, eventWatcher=6)
[0402-close] no active tracking assignment matched destroyed target (targetID=55, eventWatcher=4)
[0402-close] no active tracking assignment matched destroyed target (targetID=56, eventWatcher=5)
[0402-close] no active tracking assignment matched destroyed target (targetID=59, eventWatcher=4)
[0402-close] no active tracking assignment matched destroyed target (targetID=60, eventWatcher=5)
[0402-close] no active tracking assignment matched destroyed target (targetID=61, eventWatcher=6)
[0402-close] no active tracking assignment matched destroyed target (targetID=62, eventWatcher=6)
[0402-close] no active tracking assignment matched destroyed target (targetID=64, eventWatcher=4)
[0402-close] no active tracking assignment matched destroyed target (targetID=65, eventWatcher=6)
[0402-close] no active tracking assignment matched destroyed target (targetID=66, eventWatcher=4)
[0402-close] no active tracking assignment matched destroyed target (targetID=53, eventWatcher=4)
[0402-close] no active tracking assignment matched destroyed target (targetID=54, eventWatcher=6)
[0402-close] no active tracking assignment matched destroyed target (targetID=55, eventWatcher=4)
[0402-close] no active tracking assignment matched destroyed target (targetID=56, eventWatcher=5)
[0402-close] no active tracking assignment matched destroyed target (targetID=59, eventWatcher=4)
[0402-close] no active tracking assignment matched destroyed target (targetID=60, eventWatcher=5)
[0402-close] no active tracking assignment matched destroyed target (targetID=61, eventWatcher=6)
[0402-close] no active tracking assignment matched destroyed target (targetID=62, eventWatcher=6)
[0402-close] no active tracking assignment matched destroyed target (targetID=64, eventWatcher=4)
[0402-close] no active tracking assignment matched destroyed target (targetID=65, eventWatcher=6)
[0402-close] no active tracking assignment matched destroyed target (targetID=66, eventWatcher=4)
[0402-close] no active tracking assignment matched destroyed target (targetID=53, eventWatcher=4)
[0402-close] no active tracking assignment matched destroyed target (targetID=54, eventWatcher=6)
[0402-close] no active tracking assignment matched destroyed target (targetID=55, eventWatcher=4)
[0402-close] no active tracking assignment matched destroyed target (targetID=56, eventWatcher=5)
[0402-close] no active tracking assignment matched destroyed target (targetID=59, eventWatcher=4)
[0402-close] no active tracking assignment matched destroyed target (targetID=60, eventWatcher=5)
[0402-close] no active tracking assignment matched destroyed target (targetID=61, eventWatcher=6)
[0402-close] no active tracking assignment matched destroyed target (targetID=62, eventWatcher=6)
[0402-close] no active tracking assignment matched destroyed target (targetID=64, eventWatcher=4)
[0402-close] no active tracking assignment matched destroyed target (targetID=65, eventWatcher=6)
[0402-close] no active tracking assignment matched destroyed target (targetID=66, eventWatcher=4)
[0702] ignore=2 -> apply missionPlanID=700000467, source=DSC
[0702] 공격 배제 선택 -> target bundle isIgnored=1 반영 (count=1)
[QUALITY] startup grace armed (missionPlanID=700000467, duration=10.0s)
[RQUEUE] completed #234 표적탐지: 표적67 발견 재계획 (결과 수신, signal=0702, active_ms=13651)
[0402-close] no active tracking assignment matched destroyed target (targetID=53, eventWatcher=4)
[0402-close] no active tracking assignment matched destroyed target (targetID=54, eventWatcher=6)
[0402-close] no active tracking assignment matched destroyed target (targetID=55, eventWatcher=4)
[0402-close] no active tracking assignment matched destroyed target (targetID=56, eventWatcher=5)
[0402-close] no active tracking assignment matched destroyed target (targetID=59, eventWatcher=4)
[0402-close] no active tracking assignment matched destroyed target (targetID=60, eventWatcher=5)
[0402-close] no active tracking assignment matched destroyed target (targetID=61, eventWatcher=6)
[0402-close] no active tracking assignment matched destroyed target (targetID=62, eventWatcher=6)
[0402-close] no active tracking assignment matched destroyed target (targetID=64, eventWatcher=4)
[0402-close] no active tracking assignment matched destroyed target (targetID=65, eventWatcher=6)
[0402-close] no active tracking assignment matched destroyed target (targetID=66, eventWatcher=4)
[0402-close] no active tracking assignment matched destroyed target (targetID=67, eventWatcher=4)
[RealTimeInferrer] Loading/Reloading Mission Plan: C:\Users\TRL98\Desktop\LAH_MUMT\Logs\Scenario_2026-05-21T085327\SBC3\MissionPlan\700000467.json
Updated Mission Context: torch.Size([384])
[0401] path-deviation trigger suppressed: within 3s after 0702 apply (remaining=2677ms)
[0402-close] no active tracking assignment matched destroyed target (targetID=53, eventWatcher=4)
[0402-close] no active tracking assignment matched destroyed target (targetID=54, eventWatcher=6)
[0402-close] no active tracking assignment matched destroyed target (targetID=55, eventWatcher=4)
[0402-close] no active tracking assignment matched destroyed target (targetID=56, eventWatcher=5)
[0402-close] no active tracking assignment matched destroyed target (targetID=59, eventWatcher=4)
[0402-close] no active tracking assignment matched destroyed target (targetID=60, eventWatcher=5)
[0402-close] no active tracking assignment matched destroyed target (targetID=61, eventWatcher=6)
[0402-close] no active tracking assignment matched destroyed target (targetID=62, eventWatcher=6)
[0402-close] no active tracking assignment matched destroyed target (targetID=64, eventWatcher=4)
[0402-close] no active tracking assignment matched destroyed target (targetID=65, eventWatcher=6)
[0402-close] no active tracking assignment matched destroyed target (targetID=66, eventWatcher=4)
[0402-close] no active tracking assignment matched destroyed target (targetID=67, eventWatcher=4)
[0402-close] no active tracking assignment matched destroyed target (targetID=53, eventWatcher=4)
[0402-close] no active tracking assignment matched destroyed target (targetID=54, eventWatcher=6)
[0402-close] no active tracking assignment matched destroyed target (targetID=55, eventWatcher=4)
[0402-close] no active tracking assignment matched destroyed target (targetID=56, eventWatcher=5)
[0402-close] no active tracking assignment matched destroyed target (targetID=59, eventWatcher=4)
[0402-close] no active tracking assignment matched destroyed target (targetID=60, eventWatcher=5)
[0402-close] no active tracking assignment matched destroyed target (targetID=61, eventWatcher=6)
[0402-close] no active tracking assignment matched destroyed target (targetID=62, eventWatcher=6)
[0402-close] no active tracking assignment matched destroyed target (targetID=64, eventWatcher=4)
[0402-close] no active tracking assignment matched destroyed target (targetID=65, eventWatcher=6)
[0402-close] no active tracking assignment matched destroyed target (targetID=66, eventWatcher=4)
[0402-close] no active tracking assignment matched destroyed target (targetID=67, eventWatcher=4)
[0402-close] no active tracking assignment matched destroyed target (targetID=53, eventWatcher=4)
[0402-close] no active tracking assignment matched destroyed target (targetID=54, eventWatcher=6)
[0402-close] no active tracking assignment matched destroyed target (targetID=55, eventWatcher=4)
[0402-close] no active tracking assignment matched destroyed target (targetID=56, eventWatcher=5)
[0402-close] no active tracking assignment matched destroyed target (targetID=59, eventWatcher=4)
[0402-close] no active tracking assignment matched destroyed target (targetID=60, eventWatcher=5)
[0402-close] no active tracking assignment matched destroyed target (targetID=61, eventWatcher=6)
[0402-close] no active tracking assignment matched destroyed target (targetID=62, eventWatcher=6)
[0402-close] no active tracking assignment matched destroyed target (targetID=64, eventWatcher=4)
[0402-close] no active tracking assignment matched destroyed target (targetID=65, eventWatcher=6)
[0402-close] no active tracking assignment matched destroyed target (targetID=66, eventWatcher=4)
[0402-close] no active tracking assignment matched destroyed target (targetID=67, eventWatcher=4)
[0402] new detections: 1
[0402] bundled target replan prepared: key=68-4, primaryTargetID=68, targets=[68]
[RQUEUE] queued #235 표적탐지: 표적68 발견 재계획
[0402-close] no active tracking assignment matched destroyed target (targetID=53, eventWatcher=4)
[0402-close] no active tracking assignment matched destroyed target (targetID=54, eventWatcher=6)
[0402-close] no active tracking assignment matched destroyed target (targetID=55, eventWatcher=4)
[0402-close] no active tracking assignment matched destroyed target (targetID=56, eventWatcher=5)
[0402-close] no active tracking assignment matched destroyed target (targetID=59, eventWatcher=4)
[0402-close] no active tracking assignment matched destroyed target (targetID=60, eventWatcher=5)
[0402-close] no active tracking assignment matched destroyed target (targetID=61, eventWatcher=6)
[0402-close] no active tracking assignment matched destroyed target (targetID=62, eventWatcher=6)
[0402-close] no active tracking assignment matched destroyed target (targetID=64, eventWatcher=4)
[0402-close] no active tracking assignment matched destroyed target (targetID=65, eventWatcher=6)
[0402-close] no active tracking assignment matched destroyed target (targetID=66, eventWatcher=4)
[0402-close] no active tracking assignment matched destroyed target (targetID=67, eventWatcher=4)
[RQUEUE] dispatching #235 표적탐지: 표적68 발견 재계획
[0902] replan request sent (level=2, reason=표적68 발견 재계획, planIds=700000468, 700000469)
[RQUEUE] active #235 표적탐지: 표적68 발견 재계획
[RQUEUE] bundle targets marked used: count=1
[RQUEUE] signal 0305 -> #235 재계획 수행중
[0402-close] no active tracking assignment matched destroyed target (targetID=53, eventWatcher=4)
[0402-close] no active tracking assignment matched destroyed target (targetID=54, eventWatcher=6)
[0402-close] no active tracking assignment matched destroyed target (targetID=55, eventWatcher=4)
[0402-close] no active tracking assignment matched destroyed target (targetID=56, eventWatcher=5)
[0402-close] no active tracking assignment matched destroyed target (targetID=59, eventWatcher=4)
[0402-close] no active tracking assignment matched destroyed target (targetID=60, eventWatcher=5)
[0402-close] no active tracking assignment matched destroyed target (targetID=61, eventWatcher=6)
[0402-close] no active tracking assignment matched destroyed target (targetID=62, eventWatcher=6)
[0402-close] no active tracking assignment matched destroyed target (targetID=64, eventWatcher=4)
[0402-close] no active tracking assignment matched destroyed target (targetID=65, eventWatcher=6)
[0402-close] no active tracking assignment matched destroyed target (targetID=66, eventWatcher=4)
[0402-close] no active tracking assignment matched destroyed target (targetID=67, eventWatcher=4)
[0402] new detections: 1
[0402] accumulated attack bundle prepared: count=2, targets=[68, 69]
[0402] bundled target replan prepared: key=69-6, primaryTargetID=69, targets=[68, 69]
[RQUEUE] queued #236 표적탐지: 표적69 등 2개 발견
[RQUEUE] suppress_options set on active #235 (targetID=68): 추가 표적 감지로 옵션 생략 예정
[0402-close] no active tracking assignment matched destroyed target (targetID=53, eventWatcher=4)
[0402-close] no active tracking assignment matched destroyed target (targetID=54, eventWatcher=6)
[0402-close] no active tracking assignment matched destroyed target (targetID=55, eventWatcher=4)
[0402-close] no active tracking assignment matched destroyed target (targetID=56, eventWatcher=5)
[0402-close] no active tracking assignment matched destroyed target (targetID=59, eventWatcher=4)
[0402-close] no active tracking assignment matched destroyed target (targetID=60, eventWatcher=5)
[0402-close] no active tracking assignment matched destroyed target (targetID=61, eventWatcher=6)
[0402-close] no active tracking assignment matched destroyed target (targetID=62, eventWatcher=6)
[0402-close] no active tracking assignment matched destroyed target (targetID=64, eventWatcher=4)
[0402-close] no active tracking assignment matched destroyed target (targetID=65, eventWatcher=6)
[0402-close] no active tracking assignment matched destroyed target (targetID=66, eventWatcher=4)
[0402-close] no active tracking assignment matched destroyed target (targetID=67, eventWatcher=4)
[0402-close] no active tracking assignment matched destroyed target (targetID=53, eventWatcher=4)
[0402-close] no active tracking assignment matched destroyed target (targetID=54, eventWatcher=6)
[0402-close] no active tracking assignment matched destroyed target (targetID=55, eventWatcher=4)
[0402-close] no active tracking assignment matched destroyed target (targetID=56, eventWatcher=5)
[0402-close] no active tracking assignment matched destroyed target (targetID=59, eventWatcher=4)
[0402-close] no active tracking assignment matched destroyed target (targetID=60, eventWatcher=5)
[0402-close] no active tracking assignment matched destroyed target (targetID=61, eventWatcher=6)
[0402-close] no active tracking assignment matched destroyed target (targetID=62, eventWatcher=6)
[0402-close] no active tracking assignment matched destroyed target (targetID=64, eventWatcher=4)
[0402-close] no active tracking assignment matched destroyed target (targetID=65, eventWatcher=6)
[0402-close] no active tracking assignment matched destroyed target (targetID=66, eventWatcher=4)
[0402-close] no active tracking assignment matched destroyed target (targetID=67, eventWatcher=4)
[0402-close] no active tracking assignment matched destroyed target (targetID=53, eventWatcher=4)
[0402-close] no active tracking assignment matched destroyed target (targetID=54, eventWatcher=6)
[0402-close] no active tracking assignment matched destroyed target (targetID=55, eventWatcher=4)
[0402-close] no active tracking assignment matched destroyed target (targetID=56, eventWatcher=5)
[0402-close] no active tracking assignment matched destroyed target (targetID=59, eventWatcher=4)
[0402-close] no active tracking assignment matched destroyed target (targetID=60, eventWatcher=5)
[0402-close] no active tracking assignment matched destroyed target (targetID=61, eventWatcher=6)
[0402-close] no active tracking assignment matched destroyed target (targetID=62, eventWatcher=6)
[0402-close] no active tracking assignment matched destroyed target (targetID=64, eventWatcher=4)
[0402-close] no active tracking assignment matched destroyed target (targetID=65, eventWatcher=6)
[0402-close] no active tracking assignment matched destroyed target (targetID=66, eventWatcher=4)
[0402-close] no active tracking assignment matched destroyed target (targetID=67, eventWatcher=4)
[0402-close] no active tracking assignment matched destroyed target (targetID=53, eventWatcher=4)
[0402-close] no active tracking assignment matched destroyed target (targetID=54, eventWatcher=6)
[0402-close] no active tracking assignment matched destroyed target (targetID=55, eventWatcher=4)
[0402-close] no active tracking assignment matched destroyed target (targetID=56, eventWatcher=5)
[0402-close] no active tracking assignment matched destroyed target (targetID=59, eventWatcher=4)
[0402-close] no active tracking assignment matched destroyed target (targetID=60, eventWatcher=5)
[0402-close] no active tracking assignment matched destroyed target (targetID=61, eventWatcher=6)
[0402-close] no active tracking assignment matched destroyed target (targetID=62, eventWatcher=6)
[0402-close] no active tracking assignment matched destroyed target (targetID=64, eventWatcher=4)
[0402-close] no active tracking assignment matched destroyed target (targetID=65, eventWatcher=6)
[0402-close] no active tracking assignment matched destroyed target (targetID=66, eventWatcher=4)
[0402-close] no active tracking assignment matched destroyed target (targetID=67, eventWatcher=4)
[0402-close] no active tracking assignment matched destroyed target (targetID=53, eventWatcher=4)
[0402-close] no active tracking assignment matched destroyed target (targetID=54, eventWatcher=6)
[0402-close] no active tracking assignment matched destroyed target (targetID=55, eventWatcher=4)
[0402-close] no active tracking assignment matched destroyed target (targetID=56, eventWatcher=5)
[0402-close] no active tracking assignment matched destroyed target (targetID=59, eventWatcher=4)
[0402-close] no active tracking assignment matched destroyed target (targetID=60, eventWatcher=5)
[0402-close] no active tracking assignment matched destroyed target (targetID=61, eventWatcher=6)
[0402-close] no active tracking assignment matched destroyed target (targetID=62, eventWatcher=6)
[0402-close] no active tracking assignment matched destroyed target (targetID=64, eventWatcher=4)
[0402-close] no active tracking assignment matched destroyed target (targetID=65, eventWatcher=6)
[0402-close] no active tracking assignment matched destroyed target (targetID=66, eventWatcher=4)
[0402-close] no active tracking assignment matched destroyed target (targetID=67, eventWatcher=4)
[0402-close] no active tracking assignment matched destroyed target (targetID=53, eventWatcher=4)
[0402-close] no active tracking assignment matched destroyed target (targetID=54, eventWatcher=6)
[0402-close] no active tracking assignment matched destroyed target (targetID=55, eventWatcher=4)
[0402-close] no active tracking assignment matched destroyed target (targetID=56, eventWatcher=5)
[0402-close] no active tracking assignment matched destroyed target (targetID=59, eventWatcher=4)
[0402-close] no active tracking assignment matched destroyed target (targetID=60, eventWatcher=5)
[0402-close] no active tracking assignment matched destroyed target (targetID=61, eventWatcher=6)
[0402-close] no active tracking assignment matched destroyed target (targetID=62, eventWatcher=6)
[0402-close] no active tracking assignment matched destroyed target (targetID=64, eventWatcher=4)
[0402-close] no active tracking assignment matched destroyed target (targetID=65, eventWatcher=6)
[0402-close] no active tracking assignment matched destroyed target (targetID=66, eventWatcher=4)
[0402-close] no active tracking assignment matched destroyed target (targetID=67, eventWatcher=4)
[0402-close] no active tracking assignment matched destroyed target (targetID=53, eventWatcher=4)
[0402-close] no active tracking assignment matched destroyed target (targetID=54, eventWatcher=6)
[0402-close] no active tracking assignment matched destroyed target (targetID=55, eventWatcher=4)
[0402-close] no active tracking assignment matched destroyed target (targetID=56, eventWatcher=5)
[0402-close] no active tracking assignment matched destroyed target (targetID=59, eventWatcher=4)
[0402-close] no active tracking assignment matched destroyed target (targetID=60, eventWatcher=5)
[0402-close] no active tracking assignment matched destroyed target (targetID=61, eventWatcher=6)
[0402-close] no active tracking assignment matched destroyed target (targetID=62, eventWatcher=6)
[0402-close] no active tracking assignment matched destroyed target (targetID=64, eventWatcher=4)
[0402-close] no active tracking assignment matched destroyed target (targetID=65, eventWatcher=6)
[0402-close] no active tracking assignment matched destroyed target (targetID=66, eventWatcher=4)
[0402-close] no active tracking assignment matched destroyed target (targetID=67, eventWatcher=4)
[0402-close] no active tracking assignment matched destroyed target (targetID=53, eventWatcher=4)
[0402-close] no active tracking assignment matched destroyed target (targetID=54, eventWatcher=6)
[0402-close] no active tracking assignment matched destroyed target (targetID=55, eventWatcher=4)
[0402-close] no active tracking assignment matched destroyed target (targetID=56, eventWatcher=5)
[0402-close] no active tracking assignment matched destroyed target (targetID=59, eventWatcher=4)
[0402-close] no active tracking assignment matched destroyed target (targetID=60, eventWatcher=5)
[0402-close] no active tracking assignment matched destroyed target (targetID=61, eventWatcher=6)
[0402-close] no active tracking assignment matched destroyed target (targetID=62, eventWatcher=6)
[0402-close] no active tracking assignment matched destroyed target (targetID=64, eventWatcher=4)
[0402-close] no active tracking assignment matched destroyed target (targetID=65, eventWatcher=6)
[0402-close] no active tracking assignment matched destroyed target (targetID=66, eventWatcher=4)
[0402-close] no active tracking assignment matched destroyed target (targetID=67, eventWatcher=4)
[0402-close] no active tracking assignment matched destroyed target (targetID=53, eventWatcher=4)
[0402-close] no active tracking assignment matched destroyed target (targetID=54, eventWatcher=6)
[0402-close] no active tracking assignment matched destroyed target (targetID=55, eventWatcher=4)
[0402-close] no active tracking assignment matched destroyed target (targetID=56, eventWatcher=5)
[0402-close] no active tracking assignment matched destroyed target (targetID=59, eventWatcher=4)
[0402-close] no active tracking assignment matched destroyed target (targetID=60, eventWatcher=5)
[0402-close] no active tracking assignment matched destroyed target (targetID=61, eventWatcher=6)
[0402-close] no active tracking assignment matched destroyed target (targetID=62, eventWatcher=6)
[0402-close] no active tracking assignment matched destroyed target (targetID=64, eventWatcher=4)
[0402-close] no active tracking assignment matched destroyed target (targetID=65, eventWatcher=6)
[0402-close] no active tracking assignment matched destroyed target (targetID=66, eventWatcher=4)
[0402-close] no active tracking assignment matched destroyed target (targetID=67, eventWatcher=4)
[0402-close] no active tracking assignment matched destroyed target (targetID=53, eventWatcher=4)
[0402-close] no active tracking assignment matched destroyed target (targetID=54, eventWatcher=6)
[0402-close] no active tracking assignment matched destroyed target (targetID=55, eventWatcher=4)
[0402-close] no active tracking assignment matched destroyed target (targetID=56, eventWatcher=5)
[0402-close] no active tracking assignment matched destroyed target (targetID=59, eventWatcher=4)
[0402-close] no active tracking assignment matched destroyed target (targetID=60, eventWatcher=5)
[0402-close] no active tracking assignment matched destroyed target (targetID=61, eventWatcher=6)
[0402-close] no active tracking assignment matched destroyed target (targetID=62, eventWatcher=6)
[0402-close] no active tracking assignment matched destroyed target (targetID=64, eventWatcher=4)
[0402-close] no active tracking assignment matched destroyed target (targetID=65, eventWatcher=6)
[0402-close] no active tracking assignment matched destroyed target (targetID=66, eventWatcher=4)
[0402-close] no active tracking assignment matched destroyed target (targetID=67, eventWatcher=4)
[0402-close] no active tracking assignment matched destroyed target (targetID=53, eventWatcher=4)
[0402-close] no active tracking assignment matched destroyed target (targetID=54, eventWatcher=6)
[0402-close] no active tracking assignment matched destroyed target (targetID=55, eventWatcher=4)
[0402-close] no active tracking assignment matched destroyed target (targetID=56, eventWatcher=5)
[0402-close] no active tracking assignment matched destroyed target (targetID=59, eventWatcher=4)
[0402-close] no active tracking assignment matched destroyed target (targetID=60, eventWatcher=5)
[0402-close] no active tracking assignment matched destroyed target (targetID=61, eventWatcher=6)
[0402-close] no active tracking assignment matched destroyed target (targetID=62, eventWatcher=6)
[0402-close] no active tracking assignment matched destroyed target (targetID=64, eventWatcher=4)
[0402-close] no active tracking assignment matched destroyed target (targetID=65, eventWatcher=6)
[0402-close] no active tracking assignment matched destroyed target (targetID=66, eventWatcher=4)
[0402-close] no active tracking assignment matched destroyed target (targetID=67, eventWatcher=4)
[0402-close] no active tracking assignment matched destroyed target (targetID=53, eventWatcher=4)
[0402-close] no active tracking assignment matched destroyed target (targetID=54, eventWatcher=6)
[0402-close] no active tracking assignment matched destroyed target (targetID=55, eventWatcher=4)
[0402-close] no active tracking assignment matched destroyed target (targetID=56, eventWatcher=5)
[0402-close] no active tracking assignment matched destroyed target (targetID=59, eventWatcher=4)
[0402-close] no active tracking assignment matched destroyed target (targetID=60, eventWatcher=5)
[0402-close] no active tracking assignment matched destroyed target (targetID=61, eventWatcher=6)
[0402-close] no active tracking assignment matched destroyed target (targetID=62, eventWatcher=6)
[0402-close] no active tracking assignment matched destroyed target (targetID=64, eventWatcher=4)
[0402-close] no active tracking assignment matched destroyed target (targetID=65, eventWatcher=6)
[0402-close] no active tracking assignment matched destroyed target (targetID=66, eventWatcher=4)
[0402-close] no active tracking assignment matched destroyed target (targetID=67, eventWatcher=4)
[0402-close] no active tracking assignment matched destroyed target (targetID=53, eventWatcher=4)
[0402-close] no active tracking assignment matched destroyed target (targetID=54, eventWatcher=6)
[0402-close] no active tracking assignment matched destroyed target (targetID=55, eventWatcher=4)
[0402-close] no active tracking assignment matched destroyed target (targetID=56, eventWatcher=5)
[0402-close] no active tracking assignment matched destroyed target (targetID=59, eventWatcher=4)
[0402-close] no active tracking assignment matched destroyed target (targetID=60, eventWatcher=5)
[0402-close] no active tracking assignment matched destroyed target (targetID=61, eventWatcher=6)
[0402-close] no active tracking assignment matched destroyed target (targetID=62, eventWatcher=6)
[0402-close] no active tracking assignment matched destroyed target (targetID=64, eventWatcher=4)
[0402-close] no active tracking assignment matched destroyed target (targetID=65, eventWatcher=6)
[0402-close] no active tracking assignment matched destroyed target (targetID=66, eventWatcher=4)
[0402-close] no active tracking assignment matched destroyed target (targetID=67, eventWatcher=4)
[0402-close] no active tracking assignment matched destroyed target (targetID=53, eventWatcher=4)
[0402-close] no active tracking assignment matched destroyed target (targetID=54, eventWatcher=6)
[0402-close] no active tracking assignment matched destroyed target (targetID=55, eventWatcher=4)
[0402-close] no active tracking assignment matched destroyed target (targetID=56, eventWatcher=5)
[0402-close] no active tracking assignment matched destroyed target (targetID=59, eventWatcher=4)
[0402-close] no active tracking assignment matched destroyed target (targetID=60, eventWatcher=5)
[0402-close] no active tracking assignment matched destroyed target (targetID=61, eventWatcher=6)
[0402-close] no active tracking assignment matched destroyed target (targetID=62, eventWatcher=6)
[0402-close] no active tracking assignment matched destroyed target (targetID=64, eventWatcher=4)
[0402-close] no active tracking assignment matched destroyed target (targetID=65, eventWatcher=6)
[0402-close] no active tracking assignment matched destroyed target (targetID=66, eventWatcher=4)
[0402-close] no active tracking assignment matched destroyed target (targetID=67, eventWatcher=4)
[0402-close] no active tracking assignment matched destroyed target (targetID=53, eventWatcher=4)
[0402-close] no active tracking assignment matched destroyed target (targetID=54, eventWatcher=6)
[0402-close] no active tracking assignment matched destroyed target (targetID=55, eventWatcher=4)
[0402-close] no active tracking assignment matched destroyed target (targetID=56, eventWatcher=5)
[0402-close] no active tracking assignment matched destroyed target (targetID=59, eventWatcher=4)
[0402-close] no active tracking assignment matched destroyed target (targetID=60, eventWatcher=5)
[0402-close] no active tracking assignment matched destroyed target (targetID=61, eventWatcher=6)
[0402-close] no active tracking assignment matched destroyed target (targetID=62, eventWatcher=6)
[0402-close] no active tracking assignment matched destroyed target (targetID=64, eventWatcher=4)
[0402-close] no active tracking assignment matched destroyed target (targetID=65, eventWatcher=6)
[0402-close] no active tracking assignment matched destroyed target (targetID=66, eventWatcher=4)
[0402-close] no active tracking assignment matched destroyed target (targetID=67, eventWatcher=4)
[0402-close] no active tracking assignment matched destroyed target (targetID=53, eventWatcher=4)
[0402-close] no active tracking assignment matched destroyed target (targetID=54, eventWatcher=6)
[0402-close] no active tracking assignment matched destroyed target (targetID=55, eventWatcher=4)
[0402-close] no active tracking assignment matched destroyed target (targetID=56, eventWatcher=5)
[0402-close] no active tracking assignment matched destroyed target (targetID=59, eventWatcher=4)
[0402-close] no active tracking assignment matched destroyed target (targetID=60, eventWatcher=5)
[0402-close] no active tracking assignment matched destroyed target (targetID=61, eventWatcher=6)
[0402-close] no active tracking assignment matched destroyed target (targetID=62, eventWatcher=6)
[0402-close] no active tracking assignment matched destroyed target (targetID=64, eventWatcher=4)
[0402-close] no active tracking assignment matched destroyed target (targetID=65, eventWatcher=6)
[0402-close] no active tracking assignment matched destroyed target (targetID=66, eventWatcher=4)
[0402-close] no active tracking assignment matched destroyed target (targetID=67, eventWatcher=4)
[RQUEUE] completed #235 표적탐지: 표적68 발견 재계획 (옵션 생략(표적 추가), signal=0001, active_ms=9470)
[RQUEUE] dispatching #236 표적탐지: 표적69 등 2개 발견
[RQUEUE] pending attack slot assignment cleared for suppressed planIDs=700000468
[0402-close] no active tracking assignment matched destroyed target (targetID=53, eventWatcher=4)
[0402-close] no active tracking assignment matched destroyed target (targetID=54, eventWatcher=6)
[0402-close] no active tracking assignment matched destroyed target (targetID=55, eventWatcher=4)
[0402-close] no active tracking assignment matched destroyed target (targetID=56, eventWatcher=5)
[0402-close] no active tracking assignment matched destroyed target (targetID=59, eventWatcher=4)
[0402-close] no active tracking assignment matched destroyed target (targetID=60, eventWatcher=5)
[0402-close] no active tracking assignment matched destroyed target (targetID=61, eventWatcher=6)
[0402-close] no active tracking assignment matched destroyed target (targetID=62, eventWatcher=6)
[0402-close] no active tracking assignment matched destroyed target (targetID=64, eventWatcher=4)
[0402-close] no active tracking assignment matched destroyed target (targetID=65, eventWatcher=6)
[0402-close] no active tracking assignment matched destroyed target (targetID=66, eventWatcher=4)
[0402-close] no active tracking assignment matched destroyed target (targetID=67, eventWatcher=4)
[0902] replan request sent (level=2, reason=표적69 등 2개 발견, planIds=700000470, 700000471)
[RQUEUE] active #236 표적탐지: 표적69 등 2개 발견
[RQUEUE] bundle targets marked used: count=2
[RQUEUE] signal 0305 -> #236 재계획 수행중
[0402-close] no active tracking assignment matched destroyed target (targetID=53, eventWatcher=4)
[0402-close] no active tracking assignment matched destroyed target (targetID=54, eventWatcher=6)
[0402-close] no active tracking assignment matched destroyed target (targetID=55, eventWatcher=4)
[0402-close] no active tracking assignment matched destroyed target (targetID=56, eventWatcher=5)
[0402-close] no active tracking assignment matched destroyed target (targetID=59, eventWatcher=4)
[0402-close] no active tracking assignment matched destroyed target (targetID=60, eventWatcher=5)
[0402-close] no active tracking assignment matched destroyed target (targetID=61, eventWatcher=6)
[0402-close] no active tracking assignment matched destroyed target (targetID=62, eventWatcher=6)
[0402-close] no active tracking assignment matched destroyed target (targetID=64, eventWatcher=4)
[0402-close] no active tracking assignment matched destroyed target (targetID=65, eventWatcher=6)
[0402-close] no active tracking assignment matched destroyed target (targetID=66, eventWatcher=4)
[0402-close] no active tracking assignment matched destroyed target (targetID=67, eventWatcher=4)
[0402-close] no active tracking assignment matched destroyed target (targetID=53, eventWatcher=4)
[0402-close] no active tracking assignment matched destroyed target (targetID=54, eventWatcher=6)
[0402-close] no active tracking assignment matched destroyed target (targetID=55, eventWatcher=4)
[0402-close] no active tracking assignment matched destroyed target (targetID=56, eventWatcher=5)
[0402-close] no active tracking assignment matched destroyed target (targetID=59, eventWatcher=4)
[0402-close] no active tracking assignment matched destroyed target (targetID=60, eventWatcher=5)
[0402-close] no active tracking assignment matched destroyed target (targetID=61, eventWatcher=6)
[0402-close] no active tracking assignment matched destroyed target (targetID=62, eventWatcher=6)
[0402-close] no active tracking assignment matched destroyed target (targetID=64, eventWatcher=4)
[0402-close] no active tracking assignment matched destroyed target (targetID=65, eventWatcher=6)
[0402-close] no active tracking assignment matched destroyed target (targetID=66, eventWatcher=4)
[0402-close] no active tracking assignment matched destroyed target (targetID=67, eventWatcher=4)
[0402-close] no active tracking assignment matched destroyed target (targetID=53, eventWatcher=4)
[0402-close] no active tracking assignment matched destroyed target (targetID=54, eventWatcher=6)
[0402-close] no active tracking assignment matched destroyed target (targetID=55, eventWatcher=4)
[0402-close] no active tracking assignment matched destroyed target (targetID=56, eventWatcher=5)
[0402-close] no active tracking assignment matched destroyed target (targetID=59, eventWatcher=4)
[0402-close] no active tracking assignment matched destroyed target (targetID=60, eventWatcher=5)
[0402-close] no active tracking assignment matched destroyed target (targetID=61, eventWatcher=6)
[0402-close] no active tracking assignment matched destroyed target (targetID=62, eventWatcher=6)
[0402-close] no active tracking assignment matched destroyed target (targetID=64, eventWatcher=4)
[0402-close] no active tracking assignment matched destroyed target (targetID=65, eventWatcher=6)
[0402-close] no active tracking assignment matched destroyed target (targetID=66, eventWatcher=4)
[0402-close] no active tracking assignment matched destroyed target (targetID=67, eventWatcher=4)
[0402-close] no active tracking assignment matched destroyed target (targetID=53, eventWatcher=4)
[0402-close] no active tracking assignment matched destroyed target (targetID=54, eventWatcher=6)
[0402-close] no active tracking assignment matched destroyed target (targetID=55, eventWatcher=4)
[0402-close] no active tracking assignment matched destroyed target (targetID=56, eventWatcher=5)
[0402-close] no active tracking assignment matched destroyed target (targetID=59, eventWatcher=4)
[0402-close] no active tracking assignment matched destroyed target (targetID=60, eventWatcher=5)
[0402-close] no active tracking assignment matched destroyed target (targetID=61, eventWatcher=6)
[0402-close] no active tracking assignment matched destroyed target (targetID=62, eventWatcher=6)
[0402-close] no active tracking assignment matched destroyed target (targetID=64, eventWatcher=4)
[0402-close] no active tracking assignment matched destroyed target (targetID=65, eventWatcher=6)
[0402-close] no active tracking assignment matched destroyed target (targetID=66, eventWatcher=4)
[0402-close] no active tracking assignment matched destroyed target (targetID=67, eventWatcher=4)
[0402-close] no active tracking assignment matched destroyed target (targetID=53, eventWatcher=4)
[0402-close] no active tracking assignment matched destroyed target (targetID=54, eventWatcher=6)
[0402-close] no active tracking assignment matched destroyed target (targetID=55, eventWatcher=4)
[0402-close] no active tracking assignment matched destroyed target (targetID=56, eventWatcher=5)
[0402-close] no active tracking assignment matched destroyed target (targetID=59, eventWatcher=4)
[0402-close] no active tracking assignment matched destroyed target (targetID=60, eventWatcher=5)
[0402-close] no active tracking assignment matched destroyed target (targetID=61, eventWatcher=6)
[0402-close] no active tracking assignment matched destroyed target (targetID=62, eventWatcher=6)
[0402-close] no active tracking assignment matched destroyed target (targetID=64, eventWatcher=4)
[0402-close] no active tracking assignment matched destroyed target (targetID=65, eventWatcher=6)
[0402-close] no active tracking assignment matched destroyed target (targetID=66, eventWatcher=4)
[0402-close] no active tracking assignment matched destroyed target (targetID=67, eventWatcher=4)
[0402-close] no active tracking assignment matched destroyed target (targetID=53, eventWatcher=4)
[0402-close] no active tracking assignment matched destroyed target (targetID=54, eventWatcher=6)
[0402-close] no active tracking assignment matched destroyed target (targetID=55, eventWatcher=4)
[0402-close] no active tracking assignment matched destroyed target (targetID=56, eventWatcher=5)
[0402-close] no active tracking assignment matched destroyed target (targetID=59, eventWatcher=4)
[0402-close] no active tracking assignment matched destroyed target (targetID=60, eventWatcher=5)
[0402-close] no active tracking assignment matched destroyed target (targetID=61, eventWatcher=6)
[0402-close] no active tracking assignment matched destroyed target (targetID=62, eventWatcher=6)
[0402-close] no active tracking assignment matched destroyed target (targetID=64, eventWatcher=4)
[0402-close] no active tracking assignment matched destroyed target (targetID=65, eventWatcher=6)
[0402-close] no active tracking assignment matched destroyed target (targetID=66, eventWatcher=4)
[0402-close] no active tracking assignment matched destroyed target (targetID=67, eventWatcher=4)
[0402-close] no active tracking assignment matched destroyed target (targetID=53, eventWatcher=4)
[0402-close] no active tracking assignment matched destroyed target (targetID=54, eventWatcher=6)
[0402-close] no active tracking assignment matched destroyed target (targetID=55, eventWatcher=4)
[0402-close] no active tracking assignment matched destroyed target (targetID=56, eventWatcher=5)
[0402-close] no active tracking assignment matched destroyed target (targetID=59, eventWatcher=4)
[0402-close] no active tracking assignment matched destroyed target (targetID=60, eventWatcher=5)
[0402-close] no active tracking assignment matched destroyed target (targetID=61, eventWatcher=6)
[0402-close] no active tracking assignment matched destroyed target (targetID=62, eventWatcher=6)
[0402-close] no active tracking assignment matched destroyed target (targetID=64, eventWatcher=4)
[0402-close] no active tracking assignment matched destroyed target (targetID=65, eventWatcher=6)
[0402-close] no active tracking assignment matched destroyed target (targetID=66, eventWatcher=4)
[0402-close] no active tracking assignment matched destroyed target (targetID=67, eventWatcher=4)
[0402-close] no active tracking assignment matched destroyed target (targetID=53, eventWatcher=4)
[0402-close] no active tracking assignment matched destroyed target (targetID=54, eventWatcher=6)
[0402-close] no active tracking assignment matched destroyed target (targetID=55, eventWatcher=4)
[0402-close] no active tracking assignment matched destroyed target (targetID=56, eventWatcher=5)
[0402-close] no active tracking assignment matched destroyed target (targetID=59, eventWatcher=4)
[0402-close] no active tracking assignment matched destroyed target (targetID=60, eventWatcher=5)
[0402-close] no active tracking assignment matched destroyed target (targetID=61, eventWatcher=6)
[0402-close] no active tracking assignment matched destroyed target (targetID=62, eventWatcher=6)
[0402-close] no active tracking assignment matched destroyed target (targetID=64, eventWatcher=4)
[0402-close] no active tracking assignment matched destroyed target (targetID=65, eventWatcher=6)
[0402-close] no active tracking assignment matched destroyed target (targetID=66, eventWatcher=4)
[0402-close] no active tracking assignment matched destroyed target (targetID=67, eventWatcher=4)
[0402-close] no active tracking assignment matched destroyed target (targetID=53, eventWatcher=4)
[0402-close] no active tracking assignment matched destroyed target (targetID=54, eventWatcher=6)
[0402-close] no active tracking assignment matched destroyed target (targetID=55, eventWatcher=4)
[0402-close] no active tracking assignment matched destroyed target (targetID=56, eventWatcher=5)
[0402-close] no active tracking assignment matched destroyed target (targetID=59, eventWatcher=4)
[0402-close] no active tracking assignment matched destroyed target (targetID=60, eventWatcher=5)
[0402-close] no active tracking assignment matched destroyed target (targetID=61, eventWatcher=6)
[0402-close] no active tracking assignment matched destroyed target (targetID=62, eventWatcher=6)
[0402-close] no active tracking assignment matched destroyed target (targetID=64, eventWatcher=4)
[0402-close] no active tracking assignment matched destroyed target (targetID=65, eventWatcher=6)
[0402-close] no active tracking assignment matched destroyed target (targetID=66, eventWatcher=4)
[0402-close] no active tracking assignment matched destroyed target (targetID=67, eventWatcher=4)
[0402-close] no active tracking assignment matched destroyed target (targetID=53, eventWatcher=4)
[0402-close] no active tracking assignment matched destroyed target (targetID=54, eventWatcher=6)
[0402-close] no active tracking assignment matched destroyed target (targetID=55, eventWatcher=4)
[0402-close] no active tracking assignment matched destroyed target (targetID=56, eventWatcher=5)
[0402-close] no active tracking assignment matched destroyed target (targetID=59, eventWatcher=4)
[0402-close] no active tracking assignment matched destroyed target (targetID=60, eventWatcher=5)
[0402-close] no active tracking assignment matched destroyed target (targetID=61, eventWatcher=6)
[0402-close] no active tracking assignment matched destroyed target (targetID=62, eventWatcher=6)
[0402-close] no active tracking assignment matched destroyed target (targetID=64, eventWatcher=4)
[0402-close] no active tracking assignment matched destroyed target (targetID=65, eventWatcher=6)
[0402-close] no active tracking assignment matched destroyed target (targetID=66, eventWatcher=4)
[0402-close] no active tracking assignment matched destroyed target (targetID=67, eventWatcher=4)
[0402-close] no active tracking assignment matched destroyed target (targetID=53, eventWatcher=4)
[0402-close] no active tracking assignment matched destroyed target (targetID=54, eventWatcher=6)
[0402-close] no active tracking assignment matched destroyed target (targetID=55, eventWatcher=4)
[0402-close] no active tracking assignment matched destroyed target (targetID=56, eventWatcher=5)
[0402-close] no active tracking assignment matched destroyed target (targetID=59, eventWatcher=4)
[0402-close] no active tracking assignment matched destroyed target (targetID=60, eventWatcher=5)
[0402-close] no active tracking assignment matched destroyed target (targetID=61, eventWatcher=6)
[0402-close] no active tracking assignment matched destroyed target (targetID=62, eventWatcher=6)
[0402-close] no active tracking assignment matched destroyed target (targetID=64, eventWatcher=4)
[0402-close] no active tracking assignment matched destroyed target (targetID=65, eventWatcher=6)
[0402-close] no active tracking assignment matched destroyed target (targetID=66, eventWatcher=4)
[0402-close] no active tracking assignment matched destroyed target (targetID=67, eventWatcher=4)
[0402-close] no active tracking assignment matched destroyed target (targetID=53, eventWatcher=4)
[0402-close] no active tracking assignment matched destroyed target (targetID=54, eventWatcher=6)
[0402-close] no active tracking assignment matched destroyed target (targetID=55, eventWatcher=4)
[0402-close] no active tracking assignment matched destroyed target (targetID=56, eventWatcher=5)
[0402-close] no active tracking assignment matched destroyed target (targetID=59, eventWatcher=4)
[0402-close] no active tracking assignment matched destroyed target (targetID=60, eventWatcher=5)
[0402-close] no active tracking assignment matched destroyed target (targetID=61, eventWatcher=6)
[0402-close] no active tracking assignment matched destroyed target (targetID=62, eventWatcher=6)
[0402-close] no active tracking assignment matched destroyed target (targetID=64, eventWatcher=4)
[0402-close] no active tracking assignment matched destroyed target (targetID=65, eventWatcher=6)
[0402-close] no active tracking assignment matched destroyed target (targetID=66, eventWatcher=4)
[0402-close] no active tracking assignment matched destroyed target (targetID=67, eventWatcher=4)
[0402-close] no active tracking assignment matched destroyed target (targetID=53, eventWatcher=4)
[0402-close] no active tracking assignment matched destroyed target (targetID=54, eventWatcher=6)
[0402-close] no active tracking assignment matched destroyed target (targetID=55, eventWatcher=4)
[0402-close] no active tracking assignment matched destroyed target (targetID=56, eventWatcher=5)
[0402-close] no active tracking assignment matched destroyed target (targetID=59, eventWatcher=4)
[0402-close] no active tracking assignment matched destroyed target (targetID=60, eventWatcher=5)
[0402-close] no active tracking assignment matched destroyed target (targetID=61, eventWatcher=6)
[0402-close] no active tracking assignment matched destroyed target (targetID=62, eventWatcher=6)
[0402-close] no active tracking assignment matched destroyed target (targetID=64, eventWatcher=4)
[0402-close] no active tracking assignment matched destroyed target (targetID=65, eventWatcher=6)
[0402-close] no active tracking assignment matched destroyed target (targetID=66, eventWatcher=4)
[0402-close] no active tracking assignment matched destroyed target (targetID=67, eventWatcher=4)
[0402-close] no active tracking assignment matched destroyed target (targetID=53, eventWatcher=4)
[0402-close] no active tracking assignment matched destroyed target (targetID=54, eventWatcher=6)
[0402-close] no active tracking assignment matched destroyed target (targetID=55, eventWatcher=4)
[0402-close] no active tracking assignment matched destroyed target (targetID=56, eventWatcher=5)
[0402-close] no active tracking assignment matched destroyed target (targetID=59, eventWatcher=4)
[0402-close] no active tracking assignment matched destroyed target (targetID=60, eventWatcher=5)
[0402-close] no active tracking assignment matched destroyed target (targetID=61, eventWatcher=6)
[0402-close] no active tracking assignment matched destroyed target (targetID=62, eventWatcher=6)
[0402-close] no active tracking assignment matched destroyed target (targetID=64, eventWatcher=4)
[0402-close] no active tracking assignment matched destroyed target (targetID=65, eventWatcher=6)
[0402-close] no active tracking assignment matched destroyed target (targetID=66, eventWatcher=4)
[0402-close] no active tracking assignment matched destroyed target (targetID=67, eventWatcher=4)
[0402-close] no active tracking assignment matched destroyed target (targetID=53, eventWatcher=4)
[0402-close] no active tracking assignment matched destroyed target (targetID=54, eventWatcher=6)
[0402-close] no active tracking assignment matched destroyed target (targetID=55, eventWatcher=4)
[0402-close] no active tracking assignment matched destroyed target (targetID=56, eventWatcher=5)
[0402-close] no active tracking assignment matched destroyed target (targetID=59, eventWatcher=4)
[0402-close] no active tracking assignment matched destroyed target (targetID=60, eventWatcher=5)
[0402-close] no active tracking assignment matched destroyed target (targetID=61, eventWatcher=6)
[0402-close] no active tracking assignment matched destroyed target (targetID=62, eventWatcher=6)
[0402-close] no active tracking assignment matched destroyed target (targetID=64, eventWatcher=4)
[0402-close] no active tracking assignment matched destroyed target (targetID=65, eventWatcher=6)
[0402-close] no active tracking assignment matched destroyed target (targetID=66, eventWatcher=4)
[0402-close] no active tracking assignment matched destroyed target (targetID=67, eventWatcher=4)
[0402-close] no active tracking assignment matched destroyed target (targetID=53, eventWatcher=4)
[0402-close] no active tracking assignment matched destroyed target (targetID=54, eventWatcher=6)
[0402-close] no active tracking assignment matched destroyed target (targetID=55, eventWatcher=4)
[0402-close] no active tracking assignment matched destroyed target (targetID=56, eventWatcher=5)
[0402-close] no active tracking assignment matched destroyed target (targetID=59, eventWatcher=4)
[0402-close] no active tracking assignment matched destroyed target (targetID=60, eventWatcher=5)
[0402-close] no active tracking assignment matched destroyed target (targetID=61, eventWatcher=6)
[0402-close] no active tracking assignment matched destroyed target (targetID=62, eventWatcher=6)
[0402-close] no active tracking assignment matched destroyed target (targetID=64, eventWatcher=4)
[0402-close] no active tracking assignment matched destroyed target (targetID=65, eventWatcher=6)
[0402-close] no active tracking assignment matched destroyed target (targetID=66, eventWatcher=4)
[0402-close] no active tracking assignment matched destroyed target (targetID=67, eventWatcher=4)
[0401TRACE] handler slow seq=4588 elapsed=0.308s ts=832640703970 states=6
[0402-close] no active tracking assignment matched destroyed target (targetID=53, eventWatcher=4)
[0402-close] no active tracking assignment matched destroyed target (targetID=54, eventWatcher=6)
[0402-close] no active tracking assignment matched destroyed target (targetID=55, eventWatcher=4)
[0402-close] no active tracking assignment matched destroyed target (targetID=56, eventWatcher=5)
[0402-close] no active tracking assignment matched destroyed target (targetID=59, eventWatcher=4)
[0402-close] no active tracking assignment matched destroyed target (targetID=60, eventWatcher=5)
[0402-close] no active tracking assignment matched destroyed target (targetID=61, eventWatcher=6)
[0402-close] no active tracking assignment matched destroyed target (targetID=62, eventWatcher=6)
[0402-close] no active tracking assignment matched destroyed target (targetID=64, eventWatcher=4)
[0402-close] no active tracking assignment matched destroyed target (targetID=65, eventWatcher=6)
[0402-close] no active tracking assignment matched destroyed target (targetID=66, eventWatcher=4)
[0402-close] no active tracking assignment matched destroyed target (targetID=67, eventWatcher=4)
[0402-close] no active tracking assignment matched destroyed target (targetID=53, eventWatcher=4)
[0402-close] no active tracking assignment matched destroyed target (targetID=54, eventWatcher=6)
[0402-close] no active tracking assignment matched destroyed target (targetID=55, eventWatcher=4)
[0402-close] no active tracking assignment matched destroyed target (targetID=56, eventWatcher=5)
[0402-close] no active tracking assignment matched destroyed target (targetID=59, eventWatcher=4)
[0402-close] no active tracking assignment matched destroyed target (targetID=60, eventWatcher=5)
[0402-close] no active tracking assignment matched destroyed target (targetID=61, eventWatcher=6)
[0402-close] no active tracking assignment matched destroyed target (targetID=62, eventWatcher=6)
[0402-close] no active tracking assignment matched destroyed target (targetID=64, eventWatcher=4)
[0402-close] no active tracking assignment matched destroyed target (targetID=65, eventWatcher=6)
[0402-close] no active tracking assignment matched destroyed target (targetID=66, eventWatcher=4)
[0402-close] no active tracking assignment matched destroyed target (targetID=67, eventWatcher=4)
[0402-close] no active tracking assignment matched destroyed target (targetID=53, eventWatcher=4)
[0402-close] no active tracking assignment matched destroyed target (targetID=54, eventWatcher=6)
[0402-close] no active tracking assignment matched destroyed target (targetID=55, eventWatcher=4)
[0402-close] no active tracking assignment matched destroyed target (targetID=56, eventWatcher=5)
[0402-close] no active tracking assignment matched destroyed target (targetID=59, eventWatcher=4)
[0402-close] no active tracking assignment matched destroyed target (targetID=60, eventWatcher=5)
[0402-close] no active tracking assignment matched destroyed target (targetID=61, eventWatcher=6)
[0402-close] no active tracking assignment matched destroyed target (targetID=62, eventWatcher=6)
[0402-close] no active tracking assignment matched destroyed target (targetID=64, eventWatcher=4)
[0402-close] no active tracking assignment matched destroyed target (targetID=65, eventWatcher=6)
[0402-close] no active tracking assignment matched destroyed target (targetID=66, eventWatcher=4)
[0402-close] no active tracking assignment matched destroyed target (targetID=67, eventWatcher=4)
[RQUEUE] signal 0701 -> #236 옵션 정보 전송
[RQUEUE] signal 0305 -> #236 재계획 산출 완료
[0402-close] no active tracking assignment matched destroyed target (targetID=53, eventWatcher=4)
[0402-close] no active tracking assignment matched destroyed target (targetID=54, eventWatcher=6)
[0402-close] no active tracking assignment matched destroyed target (targetID=55, eventWatcher=4)
[0402-close] no active tracking assignment matched destroyed target (targetID=56, eventWatcher=5)
[0402-close] no active tracking assignment matched destroyed target (targetID=59, eventWatcher=4)
[0402-close] no active tracking assignment matched destroyed target (targetID=60, eventWatcher=5)
[0402-close] no active tracking assignment matched destroyed target (targetID=61, eventWatcher=6)
[0402-close] no active tracking assignment matched destroyed target (targetID=62, eventWatcher=6)
[0402-close] no active tracking assignment matched destroyed target (targetID=64, eventWatcher=4)
[0402-close] no active tracking assignment matched destroyed target (targetID=65, eventWatcher=6)
[0402-close] no active tracking assignment matched destroyed target (targetID=66, eventWatcher=4)
[0402-close] no active tracking assignment matched destroyed target (targetID=67, eventWatcher=4)
[0402-close] no active tracking assignment matched destroyed target (targetID=53, eventWatcher=4)
[0402-close] no active tracking assignment matched destroyed target (targetID=54, eventWatcher=6)
[0402-close] no active tracking assignment matched destroyed target (targetID=55, eventWatcher=4)
[0402-close] no active tracking assignment matched destroyed target (targetID=56, eventWatcher=5)
[0402-close] no active tracking assignment matched destroyed target (targetID=59, eventWatcher=4)
[0402-close] no active tracking assignment matched destroyed target (targetID=60, eventWatcher=5)
[0402-close] no active tracking assignment matched destroyed target (targetID=61, eventWatcher=6)
[0402-close] no active tracking assignment matched destroyed target (targetID=62, eventWatcher=6)
[0402-close] no active tracking assignment matched destroyed target (targetID=64, eventWatcher=4)
[0402-close] no active tracking assignment matched destroyed target (targetID=65, eventWatcher=6)
[0402-close] no active tracking assignment matched destroyed target (targetID=66, eventWatcher=4)
[0402-close] no active tracking assignment matched destroyed target (targetID=67, eventWatcher=4)
[0402-close] no active tracking assignment matched destroyed target (targetID=53, eventWatcher=4)
[0402-close] no active tracking assignment matched destroyed target (targetID=54, eventWatcher=6)
[0402-close] no active tracking assignment matched destroyed target (targetID=55, eventWatcher=4)
[0402-close] no active tracking assignment matched destroyed target (targetID=56, eventWatcher=5)
[0402-close] no active tracking assignment matched destroyed target (targetID=59, eventWatcher=4)
[0402-close] no active tracking assignment matched destroyed target (targetID=60, eventWatcher=5)
[0402-close] no active tracking assignment matched destroyed target (targetID=61, eventWatcher=6)
[0402-close] no active tracking assignment matched destroyed target (targetID=62, eventWatcher=6)
[0402-close] no active tracking assignment matched destroyed target (targetID=64, eventWatcher=4)
[0402-close] no active tracking assignment matched destroyed target (targetID=65, eventWatcher=6)
[0402-close] no active tracking assignment matched destroyed target (targetID=66, eventWatcher=4)
[0402-close] no active tracking assignment matched destroyed target (targetID=67, eventWatcher=4)
[0402] new detections: 1
[0402] accumulated attack bundle prepared: count=3, targets=[68, 69, 70]
[0402] bundled target replan prepared: key=70-5, primaryTargetID=70, targets=[68, 69, 70]
[RQUEUE] queued #237 표적탐지: 표적70 등 3개 발견
[0402-close] no active tracking assignment matched destroyed target (targetID=53, eventWatcher=4)
[0402-close] no active tracking assignment matched destroyed target (targetID=54, eventWatcher=6)
[0402-close] no active tracking assignment matched destroyed target (targetID=55, eventWatcher=4)
[0402-close] no active tracking assignment matched destroyed target (targetID=56, eventWatcher=5)
[0402-close] no active tracking assignment matched destroyed target (targetID=59, eventWatcher=4)
[0402-close] no active tracking assignment matched destroyed target (targetID=60, eventWatcher=5)
[0402-close] no active tracking assignment matched destroyed target (targetID=61, eventWatcher=6)
[0402-close] no active tracking assignment matched destroyed target (targetID=62, eventWatcher=6)
[0402-close] no active tracking assignment matched destroyed target (targetID=64, eventWatcher=4)
[0402-close] no active tracking assignment matched destroyed target (targetID=65, eventWatcher=6)
[0402-close] no active tracking assignment matched destroyed target (targetID=66, eventWatcher=4)
[0402-close] no active tracking assignment matched destroyed target (targetID=67, eventWatcher=4)
[0402-close] no active tracking assignment matched destroyed target (targetID=53, eventWatcher=4)
[0402-close] no active tracking assignment matched destroyed target (targetID=54, eventWatcher=6)
[0402-close] no active tracking assignment matched destroyed target (targetID=55, eventWatcher=4)
[0402-close] no active tracking assignment matched destroyed target (targetID=56, eventWatcher=5)
[0402-close] no active tracking assignment matched destroyed target (targetID=59, eventWatcher=4)
[0402-close] no active tracking assignment matched destroyed target (targetID=60, eventWatcher=5)
[0402-close] no active tracking assignment matched destroyed target (targetID=61, eventWatcher=6)
[0402-close] no active tracking assignment matched destroyed target (targetID=62, eventWatcher=6)
[0402-close] no active tracking assignment matched destroyed target (targetID=64, eventWatcher=4)
[0402-close] no active tracking assignment matched destroyed target (targetID=65, eventWatcher=6)
[0402-close] no active tracking assignment matched destroyed target (targetID=66, eventWatcher=4)
[0402-close] no active tracking assignment matched destroyed target (targetID=67, eventWatcher=4)
[0402-close] no active tracking assignment matched destroyed target (targetID=53, eventWatcher=4)
[0402-close] no active tracking assignment matched destroyed target (targetID=54, eventWatcher=6)
[0402-close] no active tracking assignment matched destroyed target (targetID=55, eventWatcher=4)
[0402-close] no active tracking assignment matched destroyed target (targetID=56, eventWatcher=5)
[0402-close] no active tracking assignment matched destroyed target (targetID=59, eventWatcher=4)
[0402-close] no active tracking assignment matched destroyed target (targetID=60, eventWatcher=5)
[0402-close] no active tracking assignment matched destroyed target (targetID=61, eventWatcher=6)
[0402-close] no active tracking assignment matched destroyed target (targetID=62, eventWatcher=6)
[0402-close] no active tracking assignment matched destroyed target (targetID=64, eventWatcher=4)
[0402-close] no active tracking assignment matched destroyed target (targetID=65, eventWatcher=6)
[0402-close] no active tracking assignment matched destroyed target (targetID=66, eventWatcher=4)
[0402-close] no active tracking assignment matched destroyed target (targetID=67, eventWatcher=4)
[0402-close] no active tracking assignment matched destroyed target (targetID=53, eventWatcher=4)
[0402-close] no active tracking assignment matched destroyed target (targetID=54, eventWatcher=6)
[0402-close] no active tracking assignment matched destroyed target (targetID=55, eventWatcher=4)
[0402-close] no active tracking assignment matched destroyed target (targetID=56, eventWatcher=5)
[0402-close] no active tracking assignment matched destroyed target (targetID=59, eventWatcher=4)
[0402-close] no active tracking assignment matched destroyed target (targetID=60, eventWatcher=5)
[0402-close] no active tracking assignment matched destroyed target (targetID=61, eventWatcher=6)
[0402-close] no active tracking assignment matched destroyed target (targetID=62, eventWatcher=6)
[0402-close] no active tracking assignment matched destroyed target (targetID=64, eventWatcher=4)
[0402-close] no active tracking assignment matched destroyed target (targetID=65, eventWatcher=6)
[0402-close] no active tracking assignment matched destroyed target (targetID=66, eventWatcher=4)
[0402-close] no active tracking assignment matched destroyed target (targetID=67, eventWatcher=4)
[0702] ignore=2 -> apply missionPlanID=700000471, source=DSC
[0702] 공격 배제 선택 -> target bundle isIgnored=1 반영 (count=2)
[0501] cached heartbeat payload discarded: plan 700000467 != current 700000471
[0501] heartbeat waiting for cached payload
[QUALITY] startup grace armed (missionPlanID=700000471, duration=10.0s)
[RQUEUE] completed #236 표적탐지: 표적69 등 2개 발견 (결과 수신, signal=0702, active_ms=14438)
[RQUEUE] dispatching #237 표적탐지: 표적70 등 3개 발견
[0402-close] no active tracking assignment matched destroyed target (targetID=53, eventWatcher=4)
[0402-close] no active tracking assignment matched destroyed target (targetID=54, eventWatcher=6)
[0402-close] no active tracking assignment matched destroyed target (targetID=55, eventWatcher=4)
[0402-close] no active tracking assignment matched destroyed target (targetID=56, eventWatcher=5)
[0402-close] no active tracking assignment matched destroyed target (targetID=59, eventWatcher=4)
[0402-close] no active tracking assignment matched destroyed target (targetID=60, eventWatcher=5)
[0402-close] no active tracking assignment matched destroyed target (targetID=61, eventWatcher=6)
[0402-close] no active tracking assignment matched destroyed target (targetID=62, eventWatcher=6)
[0402-close] no active tracking assignment matched destroyed target (targetID=64, eventWatcher=4)
[0402-close] no active tracking assignment matched destroyed target (targetID=65, eventWatcher=6)
[0402-close] no active tracking assignment matched destroyed target (targetID=66, eventWatcher=4)
[0402-close] no active tracking assignment matched destroyed target (targetID=67, eventWatcher=4)
[0402-close] no active tracking assignment matched destroyed target (targetID=68, eventWatcher=4)
[0402-close] no active tracking assignment matched destroyed target (targetID=69, eventWatcher=6)
[0402-close] no active tracking assignment matched destroyed target (targetID=70, eventWatcher=5)
[0402] new detections: 1
[0402] bundled target replan prepared: key=71-5, primaryTargetID=71, targets=[71]
[RQUEUE] queued #238 표적탐지: 표적71 발견 재계획
[RQUEUE] suppress_options set on active #237 (targetID=70): 추가 표적 감지로 옵션 생략 예정
[RealTimeInferrer] Loading/Reloading Mission Plan: C:\Users\TRL98\Desktop\LAH_MUMT\Logs\Scenario_2026-05-21T085327\SBC3\MissionPlan\700000471.json
Updated Mission Context: torch.Size([384])
[0401] path-deviation trigger suppressed: within 3s after 0702 apply (remaining=2660ms)
[RQUEUE] 0402 target replan sourcePlan rebound: 700000467 -> 700000471 (applied plan)
[0902] replan request sent (level=2, reason=표적70 등 3개 발견, planIds=700000472, 700000473)
[RQUEUE] active #237 표적탐지: 표적70 등 3개 발견
[RQUEUE] dropped queued target detections: #238 targetID=71 (표적71 발견 재계획)
[RQUEUE] bundle targets marked used: count=1
[RQUEUE] signal 0305 -> #237 재계획 수행중
[0402-close] no active tracking assignment matched destroyed target (targetID=53, eventWatcher=4)
[0402-close] no active tracking assignment matched destroyed target (targetID=54, eventWatcher=6)
[0402-close] no active tracking assignment matched destroyed target (targetID=55, eventWatcher=4)
[0402-close] no active tracking assignment matched destroyed target (targetID=56, eventWatcher=5)
[0402-close] no active tracking assignment matched destroyed target (targetID=59, eventWatcher=4)
[0402-close] no active tracking assignment matched destroyed target (targetID=60, eventWatcher=5)
[0402-close] no active tracking assignment matched destroyed target (targetID=61, eventWatcher=6)
[0402-close] no active tracking assignment matched destroyed target (targetID=62, eventWatcher=6)
[0402-close] no active tracking assignment matched destroyed target (targetID=64, eventWatcher=4)
[0402-close] no active tracking assignment matched destroyed target (targetID=65, eventWatcher=6)
[0402-close] no active tracking assignment matched destroyed target (targetID=66, eventWatcher=4)
[0402-close] no active tracking assignment matched destroyed target (targetID=67, eventWatcher=4)
[0402-close] no active tracking assignment matched destroyed target (targetID=68, eventWatcher=4)
[0402-close] no active tracking assignment matched destroyed target (targetID=69, eventWatcher=6)
[0402-close] no active tracking assignment matched destroyed target (targetID=70, eventWatcher=5)
[0402-close] no active tracking assignment matched destroyed target (targetID=53, eventWatcher=4)
[0402-close] no active tracking assignment matched destroyed target (targetID=54, eventWatcher=6)
[0402-close] no active tracking assignment matched destroyed target (targetID=55, eventWatcher=4)
[0402-close] no active tracking assignment matched destroyed target (targetID=56, eventWatcher=5)
[0402-close] no active tracking assignment matched destroyed target (targetID=59, eventWatcher=4)
[0402-close] no active tracking assignment matched destroyed target (targetID=60, eventWatcher=5)
[0402-close] no active tracking assignment matched destroyed target (targetID=61, eventWatcher=6)
[0402-close] no active tracking assignment matched destroyed target (targetID=62, eventWatcher=6)
[0402-close] no active tracking assignment matched destroyed target (targetID=64, eventWatcher=4)
[0402-close] no active tracking assignment matched destroyed target (targetID=65, eventWatcher=6)
[0402-close] no active tracking assignment matched destroyed target (targetID=66, eventWatcher=4)
[0402-close] no active tracking assignment matched destroyed target (targetID=67, eventWatcher=4)
[0402-close] no active tracking assignment matched destroyed target (targetID=68, eventWatcher=4)
[0402-close] no active tracking assignment matched destroyed target (targetID=69, eventWatcher=6)
[0402-close] no active tracking assignment matched destroyed target (targetID=70, eventWatcher=5)
[0402-close] no active tracking assignment matched destroyed target (targetID=53, eventWatcher=4)
[0402-close] no active tracking assignment matched destroyed target (targetID=54, eventWatcher=6)
[0402-close] no active tracking assignment matched destroyed target (targetID=55, eventWatcher=4)
[0402-close] no active tracking assignment matched destroyed target (targetID=56, eventWatcher=5)
[0402-close] no active tracking assignment matched destroyed target (targetID=59, eventWatcher=4)
[0402-close] no active tracking assignment matched destroyed target (targetID=60, eventWatcher=5)
[0402-close] no active tracking assignment matched destroyed target (targetID=61, eventWatcher=6)
[0402-close] no active tracking assignment matched destroyed target (targetID=62, eventWatcher=6)
[0402-close] no active tracking assignment matched destroyed target (targetID=64, eventWatcher=4)
[0402-close] no active tracking assignment matched destroyed target (targetID=65, eventWatcher=6)
[0402-close] no active tracking assignment matched destroyed target (targetID=66, eventWatcher=4)
[0402-close] no active tracking assignment matched destroyed target (targetID=67, eventWatcher=4)
[0402-close] no active tracking assignment matched destroyed target (targetID=68, eventWatcher=4)
[0402-close] no active tracking assignment matched destroyed target (targetID=69, eventWatcher=6)
[0402-close] no active tracking assignment matched destroyed target (targetID=70, eventWatcher=5)
[0402-close] no active tracking assignment matched destroyed target (targetID=53, eventWatcher=4)
[0402-close] no active tracking assignment matched destroyed target (targetID=54, eventWatcher=6)
[0402-close] no active tracking assignment matched destroyed target (targetID=55, eventWatcher=4)
[0402-close] no active tracking assignment matched destroyed target (targetID=56, eventWatcher=5)
[0402-close] no active tracking assignment matched destroyed target (targetID=59, eventWatcher=4)
[0402-close] no active tracking assignment matched destroyed target (targetID=60, eventWatcher=5)
[0402-close] no active tracking assignment matched destroyed target (targetID=61, eventWatcher=6)
[0402-close] no active tracking assignment matched destroyed target (targetID=62, eventWatcher=6)
[0402-close] no active tracking assignment matched destroyed target (targetID=64, eventWatcher=4)
[0402-close] no active tracking assignment matched destroyed target (targetID=65, eventWatcher=6)
[0402-close] no active tracking assignment matched destroyed target (targetID=66, eventWatcher=4)
[0402-close] no active tracking assignment matched destroyed target (targetID=67, eventWatcher=4)
[0402-close] no active tracking assignment matched destroyed target (targetID=68, eventWatcher=4)
[0402-close] no active tracking assignment matched destroyed target (targetID=69, eventWatcher=6)
[0402-close] no active tracking assignment matched destroyed target (targetID=70, eventWatcher=5)
[0402] new detections: 1
[0402] accumulated attack bundle prepared: count=2, targets=[71, 72]
[0402] bundled target replan prepared: key=72-4, primaryTargetID=72, targets=[71, 72]
[RQUEUE] queued #239 표적탐지: 표적72 등 2개 발견
[0402-close] no active tracking assignment matched destroyed target (targetID=53, eventWatcher=4)
[0402-close] no active tracking assignment matched destroyed target (targetID=54, eventWatcher=6)
[0402-close] no active tracking assignment matched destroyed target (targetID=55, eventWatcher=4)
[0402-close] no active tracking assignment matched destroyed target (targetID=56, eventWatcher=5)
[0402-close] no active tracking assignment matched destroyed target (targetID=59, eventWatcher=4)
[0402-close] no active tracking assignment matched destroyed target (targetID=60, eventWatcher=5)
[0402-close] no active tracking assignment matched destroyed target (targetID=61, eventWatcher=6)
[0402-close] no active tracking assignment matched destroyed target (targetID=62, eventWatcher=6)
[0402-close] no active tracking assignment matched destroyed target (targetID=64, eventWatcher=4)
[0402-close] no active tracking assignment matched destroyed target (targetID=65, eventWatcher=6)
[0402-close] no active tracking assignment matched destroyed target (targetID=66, eventWatcher=4)
[0402-close] no active tracking assignment matched destroyed target (targetID=67, eventWatcher=4)
[0402-close] no active tracking assignment matched destroyed target (targetID=68, eventWatcher=4)
[0402-close] no active tracking assignment matched destroyed target (targetID=69, eventWatcher=6)
[0402-close] no active tracking assignment matched destroyed target (targetID=70, eventWatcher=5)
[0402] new detections: 1
[0402] accumulated attack bundle prepared: count=3, targets=[72, 71, 73]
[0402] bundled target replan prepared: key=73-4, primaryTargetID=73, targets=[72, 71, 73]
[RQUEUE] merged queued #239 표적탐지: 표적73 등 3개 발견 (staleMerged=0)
[0402-close] no active tracking assignment matched destroyed target (targetID=53, eventWatcher=4)
[0402-close] no active tracking assignment matched destroyed target (targetID=54, eventWatcher=6)
[0402-close] no active tracking assignment matched destroyed target (targetID=55, eventWatcher=4)
[0402-close] no active tracking assignment matched destroyed target (targetID=56, eventWatcher=5)
[0402-close] no active tracking assignment matched destroyed target (targetID=59, eventWatcher=4)
[0402-close] no active tracking assignment matched destroyed target (targetID=60, eventWatcher=5)
[0402-close] no active tracking assignment matched destroyed target (targetID=61, eventWatcher=6)
[0402-close] no active tracking assignment matched destroyed target (targetID=62, eventWatcher=6)
[0402-close] no active tracking assignment matched destroyed target (targetID=64, eventWatcher=4)
[0402-close] no active tracking assignment matched destroyed target (targetID=65, eventWatcher=6)
[0402-close] no active tracking assignment matched destroyed target (targetID=66, eventWatcher=4)
[0402-close] no active tracking assignment matched destroyed target (targetID=67, eventWatcher=4)
[0402-close] no active tracking assignment matched destroyed target (targetID=68, eventWatcher=4)
[0402-close] no active tracking assignment matched destroyed target (targetID=69, eventWatcher=6)
[0402-close] no active tracking assignment matched destroyed target (targetID=70, eventWatcher=5)
[0402-close] no active tracking assignment matched destroyed target (targetID=53, eventWatcher=4)
[0402-close] no active tracking assignment matched destroyed target (targetID=54, eventWatcher=6)
[0402-close] no active tracking assignment matched destroyed target (targetID=55, eventWatcher=4)
[0402-close] no active tracking assignment matched destroyed target (targetID=56, eventWatcher=5)
[0402-close] no active tracking assignment matched destroyed target (targetID=59, eventWatcher=4)
[0402-close] no active tracking assignment matched destroyed target (targetID=60, eventWatcher=5)
[0402-close] no active tracking assignment matched destroyed target (targetID=61, eventWatcher=6)
[0402-close] no active tracking assignment matched destroyed target (targetID=62, eventWatcher=6)
[0402-close] no active tracking assignment matched destroyed target (targetID=64, eventWatcher=4)
[0402-close] no active tracking assignment matched destroyed target (targetID=65, eventWatcher=6)
[0402-close] no active tracking assignment matched destroyed target (targetID=66, eventWatcher=4)
[0402-close] no active tracking assignment matched destroyed target (targetID=67, eventWatcher=4)
[0402-close] no active tracking assignment matched destroyed target (targetID=68, eventWatcher=4)
[0402-close] no active tracking assignment matched destroyed target (targetID=69, eventWatcher=6)
[0402-close] no active tracking assignment matched destroyed target (targetID=70, eventWatcher=5)
[0402-close] no active tracking assignment matched destroyed target (targetID=53, eventWatcher=4)
[0402-close] no active tracking assignment matched destroyed target (targetID=54, eventWatcher=6)
[0402-close] no active tracking assignment matched destroyed target (targetID=55, eventWatcher=4)
[0402-close] no active tracking assignment matched destroyed target (targetID=56, eventWatcher=5)
[0402-close] no active tracking assignment matched destroyed target (targetID=59, eventWatcher=4)
[0402-close] no active tracking assignment matched destroyed target (targetID=60, eventWatcher=5)
[0402-close] no active tracking assignment matched destroyed target (targetID=61, eventWatcher=6)
[0402-close] no active tracking assignment matched destroyed target (targetID=62, eventWatcher=6)
[0402-close] no active tracking assignment matched destroyed target (targetID=64, eventWatcher=4)
[0402-close] no active tracking assignment matched destroyed target (targetID=65, eventWatcher=6)
[0402-close] no active tracking assignment matched destroyed target (targetID=66, eventWatcher=4)
[0402-close] no active tracking assignment matched destroyed target (targetID=67, eventWatcher=4)
[0402-close] no active tracking assignment matched destroyed target (targetID=68, eventWatcher=4)
[0402-close] no active tracking assignment matched destroyed target (targetID=69, eventWatcher=6)
[0402-close] no active tracking assignment matched destroyed target (targetID=70, eventWatcher=5)
[0402-close] no active tracking assignment matched destroyed target (targetID=53, eventWatcher=4)
[0402-close] no active tracking assignment matched destroyed target (targetID=54, eventWatcher=6)
[0402-close] no active tracking assignment matched destroyed target (targetID=55, eventWatcher=4)
[0402-close] no active tracking assignment matched destroyed target (targetID=56, eventWatcher=5)
[0402-close] no active tracking assignment matched destroyed target (targetID=59, eventWatcher=4)
[0402-close] no active tracking assignment matched destroyed target (targetID=60, eventWatcher=5)
[0402-close] no active tracking assignment matched destroyed target (targetID=61, eventWatcher=6)
[0402-close] no active tracking assignment matched destroyed target (targetID=62, eventWatcher=6)
[0402-close] no active tracking assignment matched destroyed target (targetID=64, eventWatcher=4)
[0402-close] no active tracking assignment matched destroyed target (targetID=65, eventWatcher=6)
[0402-close] no active tracking assignment matched destroyed target (targetID=66, eventWatcher=4)
[0402-close] no active tracking assignment matched destroyed target (targetID=67, eventWatcher=4)
[0402-close] no active tracking assignment matched destroyed target (targetID=68, eventWatcher=4)
[0402-close] no active tracking assignment matched destroyed target (targetID=69, eventWatcher=6)
[0402-close] no active tracking assignment matched destroyed target (targetID=70, eventWatcher=5)
[0402-close] no active tracking assignment matched destroyed target (targetID=53, eventWatcher=4)
[0402-close] no active tracking assignment matched destroyed target (targetID=54, eventWatcher=6)
[0402-close] no active tracking assignment matched destroyed target (targetID=55, eventWatcher=4)
[0402-close] no active tracking assignment matched destroyed target (targetID=56, eventWatcher=5)
[0402-close] no active tracking assignment matched destroyed target (targetID=59, eventWatcher=4)
[0402-close] no active tracking assignment matched destroyed target (targetID=60, eventWatcher=5)
[0402-close] no active tracking assignment matched destroyed target (targetID=61, eventWatcher=6)
[0402-close] no active tracking assignment matched destroyed target (targetID=62, eventWatcher=6)
[0402-close] no active tracking assignment matched destroyed target (targetID=64, eventWatcher=4)
[0402-close] no active tracking assignment matched destroyed target (targetID=65, eventWatcher=6)
[0402-close] no active tracking assignment matched destroyed target (targetID=66, eventWatcher=4)
[0402-close] no active tracking assignment matched destroyed target (targetID=67, eventWatcher=4)
[0402-close] no active tracking assignment matched destroyed target (targetID=68, eventWatcher=4)
[0402-close] no active tracking assignment matched destroyed target (targetID=69, eventWatcher=6)
[0402-close] no active tracking assignment matched destroyed target (targetID=70, eventWatcher=5)
[0402-close] no active tracking assignment matched destroyed target (targetID=53, eventWatcher=4)
[0402-close] no active tracking assignment matched destroyed target (targetID=54, eventWatcher=6)
[0402-close] no active tracking assignment matched destroyed target (targetID=55, eventWatcher=4)
[0402-close] no active tracking assignment matched destroyed target (targetID=56, eventWatcher=5)
[0402-close] no active tracking assignment matched destroyed target (targetID=59, eventWatcher=4)
[0402-close] no active tracking assignment matched destroyed target (targetID=60, eventWatcher=5)
[0402-close] no active tracking assignment matched destroyed target (targetID=61, eventWatcher=6)
[0402-close] no active tracking assignment matched destroyed target (targetID=62, eventWatcher=6)
[0402-close] no active tracking assignment matched destroyed target (targetID=64, eventWatcher=4)
[0402-close] no active tracking assignment matched destroyed target (targetID=65, eventWatcher=6)
[0402-close] no active tracking assignment matched destroyed target (targetID=66, eventWatcher=4)
[0402-close] no active tracking assignment matched destroyed target (targetID=67, eventWatcher=4)
[0402-close] no active tracking assignment matched destroyed target (targetID=68, eventWatcher=4)
[0402-close] no active tracking assignment matched destroyed target (targetID=69, eventWatcher=6)
[0402-close] no active tracking assignment matched destroyed target (targetID=70, eventWatcher=5)
[0402-close] no active tracking assignment matched destroyed target (targetID=53, eventWatcher=4)
[0402-close] no active tracking assignment matched destroyed target (targetID=54, eventWatcher=6)
[0402-close] no active tracking assignment matched destroyed target (targetID=55, eventWatcher=4)
[0402-close] no active tracking assignment matched destroyed target (targetID=56, eventWatcher=5)
[0402-close] no active tracking assignment matched destroyed target (targetID=59, eventWatcher=4)
[0402-close] no active tracking assignment matched destroyed target (targetID=60, eventWatcher=5)
[0402-close] no active tracking assignment matched destroyed target (targetID=61, eventWatcher=6)
[0402-close] no active tracking assignment matched destroyed target (targetID=62, eventWatcher=6)
[0402-close] no active tracking assignment matched destroyed target (targetID=64, eventWatcher=4)
[0402-close] no active tracking assignment matched destroyed target (targetID=65, eventWatcher=6)
[0402-close] no active tracking assignment matched destroyed target (targetID=66, eventWatcher=4)
[0402-close] no active tracking assignment matched destroyed target (targetID=67, eventWatcher=4)
[0402-close] no active tracking assignment matched destroyed target (targetID=68, eventWatcher=4)
[0402-close] no active tracking assignment matched destroyed target (targetID=69, eventWatcher=6)
[0402-close] no active tracking assignment matched destroyed target (targetID=70, eventWatcher=5)
[0402-close] no active tracking assignment matched destroyed target (targetID=53, eventWatcher=4)
[0402-close] no active tracking assignment matched destroyed target (targetID=54, eventWatcher=6)
[0402-close] no active tracking assignment matched destroyed target (targetID=55, eventWatcher=4)
[0402-close] no active tracking assignment matched destroyed target (targetID=56, eventWatcher=5)
[0402-close] no active tracking assignment matched destroyed target (targetID=59, eventWatcher=4)
[0402-close] no active tracking assignment matched destroyed target (targetID=60, eventWatcher=5)
[0402-close] no active tracking assignment matched destroyed target (targetID=61, eventWatcher=6)
[0402-close] no active tracking assignment matched destroyed target (targetID=62, eventWatcher=6)
[0402-close] no active tracking assignment matched destroyed target (targetID=64, eventWatcher=4)
[0402-close] no active tracking assignment matched destroyed target (targetID=65, eventWatcher=6)
[0402-close] no active tracking assignment matched destroyed target (targetID=66, eventWatcher=4)
[0402-close] no active tracking assignment matched destroyed target (targetID=67, eventWatcher=4)
[0402-close] no active tracking assignment matched destroyed target (targetID=68, eventWatcher=4)
[0402-close] no active tracking assignment matched destroyed target (targetID=69, eventWatcher=6)
[0402-close] no active tracking assignment matched destroyed target (targetID=70, eventWatcher=5)
[0402-close] no active tracking assignment matched destroyed target (targetID=53, eventWatcher=4)
[0402-close] no active tracking assignment matched destroyed target (targetID=54, eventWatcher=6)
[0402-close] no active tracking assignment matched destroyed target (targetID=55, eventWatcher=4)
[0402-close] no active tracking assignment matched destroyed target (targetID=56, eventWatcher=5)
[0402-close] no active tracking assignment matched destroyed target (targetID=59, eventWatcher=4)
[0402-close] no active tracking assignment matched destroyed target (targetID=60, eventWatcher=5)
[0402-close] no active tracking assignment matched destroyed target (targetID=61, eventWatcher=6)
[0402-close] no active tracking assignment matched destroyed target (targetID=62, eventWatcher=6)
[0402-close] no active tracking assignment matched destroyed target (targetID=64, eventWatcher=4)
[0402-close] no active tracking assignment matched destroyed target (targetID=65, eventWatcher=6)
[0402-close] no active tracking assignment matched destroyed target (targetID=66, eventWatcher=4)
[0402-close] no active tracking assignment matched destroyed target (targetID=67, eventWatcher=4)
[0402-close] no active tracking assignment matched destroyed target (targetID=68, eventWatcher=4)
[0402-close] no active tracking assignment matched destroyed target (targetID=69, eventWatcher=6)
[0402-close] no active tracking assignment matched destroyed target (targetID=70, eventWatcher=5)
[0401TRACE] handler slow seq=4625 elapsed=0.318s ts=832640720370 states=6
[RQUEUE] completed #237 표적탐지: 표적70 등 3개 발견 (옵션 생략(표적 추가), signal=0001, active_ms=10375)
[RQUEUE] dispatching #239 표적탐지: 표적73 등 3개 발견
[RQUEUE] pending attack slot assignment cleared for suppressed planIDs=700000472
