
[2026-05-21 13:25:43] process-log attached: mission_planning
[PATH] DB root changed: C:\Users\TRL98\Desktop\LAH_MUMT\Logs\Scenario_2026-05-21T132425\SBC3 -> C:\Users\TRL98\Desktop\LAH_MUMT\Logs\Scenario_2026-05-21T132543\SBC3
[LOG] Mission planning log rebound: C:\Users\TRL98\Desktop\LAH_MUMT\Logs\Scenario_2026-05-21T132543\SBC3\DSS_Internal\mission_planning_gui_20260521T042543_665609Z.log
[MODE] 슬라이더 변경 → 대기모드
[0101/POLL] 모드 동기화 code=1
[0203] DB 참조! (C:\Users\TRL98\Desktop\LAH_MUMT\Logs\Scenario_2026-05-21T132543\SBC3\MissionReferenceInfo\1.json)
[0201] DB 참조! (C:\Users\TRL98\Desktop\LAH_MUMT\Logs\Scenario_2026-05-21T132543\SBC3\InputMissionPlan\1.json)
[INFO] Latest 0203 ID updated → 1
[INFO] Latest 0201 ID updated → 1
[REPLAN][TIME] 0902_received_ms=0.1 wall_ms=1779337648954 trigger=general_or_unknown replanLevel=1 optionCount=1 forceDirect=0
[REPLAN][TIME] 0902_archived_ms=1.1 wall_ms=1779337648955 path=replan_request_832652848903.json
[AUTO] 0902 received (planIds=700000001)
[REPLAN][TIME] pipeline_scheduled_ms=2.6 wall_ms=1779337648956 delay_ms=100
[AUTO] replan pipeline scheduled after 0.1s delay
[MODE] 슬라이더 변경 → 초기 임무 계획
[0101/POLL] 모드 동기화 code=2
[REPLAN][TIME] scheduled_start_ms=109.4 wall_ms=1779337649063
[REPLAN][TIME] 0305_status_1_ms=129.7 wall_ms=1779337649083 reason=초기임무재계획
[0305] status=1, reason=초기임무재계획 전송
[INFO] Using latest 0201 ID 1 for inputMissionPackageID (fallback)
[INFO] Using latest 0203 ID 1 for missionReferencePackageID (fallback)
[STEP 0] Replan pipeline start (reason=초기임무재계획)
[INFO] UAV params loaded (cruise=40.00, turn_step=15.0)
[INFO] Latest input snapshot → 0201:ID=1,ts=832652848738,src=-, 0203:ID=1,ts=832652848760,src=-
[STEP 0] Using latest 0201 ID 1 (1.json)
[STEP 0] Using latest 0203 ID 1 (1.json)
[CHECK] 0201/0203 필수 데이터 확인 시작
[OK] 0201 inputMissionList 확인됨 (count=3) → 진행
[OK] 0201 availableAircraftList 확인됨 (count=6) → 진행
[OK] 0201 inputMissionPackageType=1 확인
[OK] 0201 mainSensor=1 확인
[CHECK] 0201 기체 수=6 (UAV=3, LAH=3)
[CHECK] 0201 임무: total=3 missingID=0 missingDetail=0 missingShape=0 unknownType=0 typeZeroAuto=0 typeZeroInvalid=0 lineOnlyViolation=0 skippedSinglePoint=0
[OK] 0203 takeOverInfoList 확인됨 (count=3) → 진행
[OK] 0203 handOverInfoList 확인됨 (count=3) → 진행
[OK] 0203 flightAreaList 확인됨 (count=1) → 진행
[CHECK] 0203 flightAreaList count=1
[variant 1] 일반 재계획 모드 적용
[REPLAN][TIME] variant_started_ms=146.9 wall_ms=1779337649101 variant=1 option=1 mode=sequential
[STEP 1.1] Divide & Pattern start
[variant 1] [ENHANCED][1] split start: uavs=[4, 5, 6]
[variant 1] [ENHANCED][1] split done: pieces=9
[variant 1] [ENHANCED][2] type-decider done: profile=6 changed=9/9
[variant 1] [ENHANCED][3] expected-path done: count=9
[variant 1] [ENHANCED][4] area-review done: overflow=0 targets=0 pieces=9->9
[variant 1] [ENHANCED][5] expected-velocity done: pieces=9 dbRows=7010
[variant 1] [ENHANCED][6] 0302 export done: files=6
[variant 1] [ENHANCED] total=601.6 ms
[TIME] divide_and_pattern (variant=1): 601.7 ms
[OK] IMP generated: 6 file(s) (variant=1)
[TIME] build_0301+load (variant=1): 11.9 ms
[OK] MissionPlan built: MissionPlan_1779337649702.json (variant=1)
[TIME] collect_missions (variant=1): 6.2 ms, count=18
[TIME] pathID_mapping (variant=1): 77.3 ms
[INFO] pathID mapping done for 0302/0303/0304 (variant=1)
[SWEEP][LINE] separation=227.00m, fov=11.70°, spacing=31.01m (~32 strips/1km)
[SWEEP][AREA-DB] missionID=900000002 widthRef=4546.59m dbWidth=4784.81m fov=1.70 sep=2734.00
[SWEEP][AREA] separation=2734.00m, fov=1.70°, spacing=54.08m (~18 strips/1km)
[SWEEP][AREA-DB] missionID=900000005 widthRef=3809.53m dbWidth=3980.39m fov=2.70 sep=1641.00
[SWEEP][AREA] separation=1641.00m, fov=2.70°, spacing=51.56m (~19 strips/1km)
[SWEEP][LINE] separation=227.00m, fov=11.70°, spacing=31.01m (~32 strips/1km)
[SWEEP][AREA-DB] missionID=900000008 widthRef=4022.54m dbWidth=4022.70m fov=2.70 sep=1615.00
[SWEEP][AREA] separation=1615.00m, fov=2.70°, spacing=50.75m (~20 strips/1km)
[INFO] FlightPath build mode (variant=1): 0303=aircraft_parallel workers=2 aircraft=3, 0304=sequential
[REPLAN][METRIC] flightpath_build_0303 variant=1 option=1 recon=0 mode=sequential buildMode=aircraft_parallel workers=2 aircraft=3 paths=9 reassignedWaypoints=21 elapsed_ms=3116.667 fallback=- worker_ms=4:2371.148|5:2168.863|6:807.551
[INFO] FlightPath build time: 0303=3116.7 ms, 0304=33.6 ms
[INFO] Applied LAH-UAV ETA follow speed plan (variant=1)
[OK] FlightPath counts (variant=1): 0303=9 / 0304=9
[REPLAN][METRIC] flightpath_counts variant=1 option=1 recon=0 mode=sequential paths0303=9 paths0304=9 pathsTotal=18 waypoints0303=21 waypoints0304=18 waypointsTotal=39 maxWaypointsPerPath=3 emptyPaths=0 formationPaths=0
[TIME] build_0302 (variant=1): 35.6 ms, packages=6
[INFO] FlightPath individualMissionID synced (variant=1): fixed=18
[TIME] write_0302 (variant=1): 6.9 ms, files=6
[TIME] write_FlightPath (variant=1): 67.2 ms, files=18
[REPLAN][METRIC] flightpath_write variant=1 option=1 recon=0 mode=sequential files0303=9 files0304=9 filesTotal=18 write_ms=67.199
[TIME] write_0301 (variant=1): 0.9 ms
[OK] Stored variant 1: MissionPlanID=700000001, IMP=6, FlightPath=18
[REPLAN][TIME] variant_finished_ms=4147.0 wall_ms=1779337653101 variant=1 option=1 mode=sequential status=success duration_ms=4000.046
[TIME] variant_total (variant=1): 4000.0 ms
[INFO] Option mapping #1: planID=700000001, optionCode=1(시스템 추천)
[OK] Stored mission data: MissionPlan=1, IndividualMission=6, FlightPath=18
[REPLAN][TIME] id_tab_update_deferred_ms=4150.2 wall_ms=1779337653104
[REPLAN][TIME] pipeline_done_ms=4150.2 wall_ms=1779337653104 plans=1 force_direct=False
[REPLAN][TIME] 0301_queued_ms=4150.3 wall_ms=1779337653104 plans=1
[STEP 4] 0301 push queued (planIds=700000001)
[0301] missionPlanID=700000001 전송
[PUSH] 0301 direct batch send
[REPLAN][TIME] 0301_sent_ms=4175.1 wall_ms=1779337653129 plans=1
[REPLAN][TIME] post_0301_delivery_queued_ms=4175.7 wall_ms=1779337653129 grace_ms=0 timeout_ms=20 force_direct=0 mode=option_or_0901
[INFO] Post-0301 apply queued (mode=option_or_0901, grace=0ms, timeout=20ms, plans=1)
[REPLAN][TIME] 0305_status_2_ms=4178.8 wall_ms=1779337653132 reason=초기임무재계획
[0305] status=2, reason=초기임무재계획, elapsed=4.07s 전송
[REPLAN][TIME] post_0301_completion_ready_ms=4180.0 wall_ms=1779337653134 mode=option_or_0901
[REPLAN][METRIC] source_artifact_cache entries=8 hits=0 misses=8
[INFO] Post-0301 ready (timeout) -> sending 0903
[REPLAN][TIME] post_0301_flushed_ms=4203.0 wall_ms=1779337653157 delivery=0903 trigger=timeout plans=1
[REPLAN][TIME] id_tab_update_flushed_ms=4203.7 wall_ms=1779337653157
[REPLAN][TIME] 0903_sent_ms=4422.6 wall_ms=1779337653376 missionPlanID=700000001
[0903] request sent (missionPlanID=700000001)
[MODE] 슬라이더 변경 → 대기모드
[0101/POLL] 모드 동기화 code=1
[MODE] 슬라이더 변경 → 임무 수행
[0101/POLL] 모드 동기화 code=3
[REPLAN][TIME] 0902_received_ms=0.2 wall_ms=1779337912288 trigger=next_collab_direct replanLevel=3 optionCount=1 forceDirect=0
[REPLAN][TIME] 0902_archived_ms=1.1 wall_ms=1779337912289 path=replan_request_832653111976.json
[AUTO] 0902 received (planIds=700000002)
[REPLAN][TIME] pipeline_scheduled_ms=2.0 wall_ms=1779337912290 delay_ms=100
[AUTO] replan pipeline scheduled after 0.1s delay
[REPLAN][TIME] scheduled_start_ms=117.7 wall_ms=1779337912406
[REPLAN][TIME] 0305_status_1_ms=119.8 wall_ms=1779337912408 reason=_협업 기저 전환으로 인한 재계획
[0305] status=1, reason=_협업 기저 전환으로 인한 재계획 전송
[INFO] Using latest 0203 ID 1 for missionReferencePackageID (fallback)
[STEP 0] Replan pipeline start (reason=_협업 기저 전환으로 인한 재계획)
[NEXTCOLLAB] Level-3 next collaborative mission request detected. Using dedicated pipeline.
[NEXTCOLLAB] division planner area-division pieces=3
[FOV_DB] loaded 7010 rows, 7008 unique widths, path=C:\Users\TRL98\Desktop\LAH_MUMT\branNew\KU\DSS_KU\resource\db\fov_db_탱크_72_38_6_3.2.csv
[NEXTCOLLAB] division planner final workflow=no_split paths=3
[NEXTCOLLAB] LAH 0304 regeneration incomplete; missing pathIDs=[100000004, 200000004, 300000004]
[NEXTCOLLAB] stored replanned artifacts -> plan:700000002.json, input:reuse(1.json), imp:6, fp:3 (17.3 ms)
[NEXTCOLLAB][TIME] timingMs={'load_source': 2.978, 'prepare_replacements': 2289.278, 'build_artifacts': 60.301, 'write_artifacts': 19.771, 'total': 2372.339}
[NEXTCOLLAB] log captured -> C:\Users\TRL98\Desktop\LAH_MUMT\Logs\Scenario_2026-05-21T132543\SBC3\DSS_Internal\NextCollab_2_832653112428.json
[NEXTCOLLAB][DELIVERY] direct push start (planIds=700000002)
[REPLAN][TIME] pipeline_done_ms=2516.2 wall_ms=1779337914804 plans=1 force_direct=True
[REPLAN][TIME] 0301_queued_ms=2516.4 wall_ms=1779337914804 plans=1
[STEP 4] 0301 push queued (planIds=700000002)
[INFO] Direct delivery -> skip 0901/0701, send 0301+0903 only
[0301] missionPlanID=700000002 전송
[PUSH] 0301 direct batch send
[REPLAN][TIME] 0301_sent_ms=2523.0 wall_ms=1779337914811 plans=1
[REPLAN][TIME] post_0301_delivery_queued_ms=2523.6 wall_ms=1779337914812 grace_ms=0 timeout_ms=1200 force_direct=1 mode=direct_0903
[INFO] Post-0301 apply queued (mode=direct_0903, grace=0ms, timeout=1200ms, plans=1)
[REPLAN][TIME] 0305_status_2_ms=2526.0 wall_ms=1779337914814 reason=_협업 기저 전환으로 인한 재계획
[0305] status=2, reason=_협업 기저 전환으로 인한 재계획, elapsed=2.41s 전송
[REPLAN][TIME] post_0301_completion_ready_ms=2527.2 wall_ms=1779337914815 mode=direct_0903
[INFO] Post-0301 ready (0305_status_2) -> sending 0903
[REPLAN][TIME] post_0301_flushed_ms=2528.3 wall_ms=1779337914816 delivery=0903 trigger=0305_status_2 plans=1
[REPLAN][TIME] id_tab_update_flushed_ms=2528.8 wall_ms=1779337914817
[REPLAN][TIME] id_tab_update_deferred_ms=2516.5 wall_ms=1779337914804
[NEXTCOLLAB] Next collaborative mission pipeline complete (planIds=[700000002], log=C:\Users\TRL98\Desktop\LAH_MUMT\Logs\Scenario_2026-05-21T132543\SBC3\DSS_Internal\NextCollab_2_832653112428.json)
[REPLAN][METRIC] source_artifact_cache entries=15 hits=0 misses=15
[REPLAN][TIME] 0903_sent_ms=2657.1 wall_ms=1779337914945 missionPlanID=700000002
[0903] request sent (missionPlanID=700000002)
[REPLAN][TIME] 0902_received_ms=0.3 wall_ms=1779338108460 trigger=attack_2_option replanLevel=2 optionCount=2 forceDirect=0
[REPLAN][TIME] 0902_archived_ms=1.5 wall_ms=1779338108461 path=replan_request_832653307453.json
[AUTO] 0902 received (planIds=700000003, 700000004)
[REPLAN][TIME] pipeline_scheduled_ms=3.1 wall_ms=1779338108463 delay_ms=0
[REPLAN][TIME] scheduled_start_ms=4.3 wall_ms=1779338108464
[REPLAN][TIME] 0305_status_1_ms=6.9 wall_ms=1779338108467 reason=표적77 발견 재계획
[0305] status=1, reason=표적77 발견 재계획 전송
[INFO] Using latest 0203 ID 1 for missionReferencePackageID (fallback)
[STEP 0] Replan pipeline start (reason=표적77 발견 재계획)
[REPLAN][TIME] attack_exclusion_parallel_started_ms=13.2 wall_ms=1779338108473 option_index=2 sourcePlanID=700000002
[ATTACK-EXCLUDE] parallel generation started (sourcePlanID=700000002, optionIndex=2)
[ATTACK] 공격 특화 재계획 요청 감지 → 전용 파이프라인 실행
[ATTACK] [TIME] select_manned_aircraft=11ms
[ATTACK] STEP1 Selected manned aircraft: aircraft 2 (fuel=1200.0, coord=(37.82909393310547, 128.2113037109375, alt=1202))
[ATTACK] [TIME] load_target_entries=7ms
[ATTACK] STEP2 UAV tracking summary: watcher 4?’target 77, watcher 4?’target unknown-10, watcher 4?’target unknown-13, watcher 4?’target unknown-2, watcher 5?’target unknown-12, watcher 5?’target unknown-3, watcher 5?’target unknown-4, watcher 5?’target unknown-6, watcher 5?’target unknown-7, watcher 5?’target unknown-8, watcher 5?’target unknown-9, watcher 6?’target unknown-1, watcher 6?’target unknown-11, watcher 6?’target unknown-5
[ATTACK] STEP2.5 Using bundled 0402 targets: target=77 watcher=4
[ATTACK] [ATTACK] Selected target id=77 type=4 weaponType=3 (preferred=3, ammo={'type1': 500, 'type2': 7, 'type3': 2})
[ATTACK] [TIME] compute_attack_point=9ms
[ATTACK] STEP3 Attack plan completed: lat=37.897570, lon=128.168753, alt=1085m
[ATTACK] [ATTACK] Weapon choice aircraft=2 preferred=3 selected=3 ammo={'type1': 500, 'type2': 7, 'type3': 2}
[ATTACK] [ATTACK][ETA] Tracking ETA computed with LAH max attack speed (dist=8481.1m, speed=73.61m/s, +30s) -> 145s
[ATTACK] [ATTACK] Using requested missionPlanID 700000003 (sourcePlanID=700000002)
[ATTACK] [ATTACK][POINT] Primary target adaptive standoff mode=candidate_within_standoff currentDist=10481.066248384028m candidateDist=1999.9999999991758m standoff=300.0/2000.0m.
[ATTACK] [ATTACK][ETA] UAV 5 remaining mission time: 0.0s
[ATTACK] [ATTACK][ETA] UAV 6 remaining mission time: 0.0s
[ATTACK] [ATTACK][ETA] Non-tracking UAV ETA selected: UAV 5 with 0s remaining
[ATTACK] [ATTACK][ETA] All tracking ETAs unified to 0s
[ATTACK] [ATTACK][COLLAB] Remaining UAV entry lookahead applied: 9.0s (pathFollow=3, linearFallback=3, currentOnly=0)
[ATTACK] [PRIOR] Falling back to first mission for aircraft 2 (current waypoint not found in plan).
[FOV_DB] loaded 7010 rows, 7008 unique widths, path=C:\Users\TRL98\Desktop\LAH_MUMT\branNew\KU\DSS_KU\resource\db\fov_db_탱크_72_38_6_3.2.csv
[ATTACK] [ATTACK][LAH] Using max attack speed 73.61m/s (265.0km/h) for aircraft 2.
[ATTACK] [ATTACK][LAH] Inferred current waypoint from position -> 77.
[ATTACK] [ATTACK][LAH] Dropped current waypoint from resume path (currentWP=77, nextWP=78).
[ATTACK] [ATTACK][LAH] Preserved completed prefix, inserted attack, and reattached 2 follow-up mission(s).
[ATTACK] [ATTACK][LAH] Generated attack/resume missions -> IMP:800000014.json PATHS:200000005.json/200000006.json (followUps=2)
[ATTACK] [PRIOR] Falling back to first mission for aircraft 1 (current waypoint not found in plan).
[ATTACK] [ATTACK][LAH] Inferred current waypoint from position -> 71.
[ATTACK] [ATTACK][LAH] Dropped current waypoint from resume path (currentWP=71, nextWP=72).
[ATTACK] [ATTACK][LAH] Preserved completed prefix, inserted hold, and reattached 2 follow-up mission(s).
[ATTACK] [ATTACK][LAH] Generated hold/resume missions -> IMP:800000015.json PATHS:100000005.json/100000006.json (followUps=2)
[ATTACK] [PRIOR] Falling back to first mission for aircraft 3 (current waypoint not found in plan).
[ATTACK] [ATTACK][LAH] Inferred current waypoint from position -> 83.
[ATTACK] [ATTACK][LAH] Dropped current waypoint from resume path (currentWP=83, nextWP=84).
[ATTACK] [ATTACK][LAH] Preserved completed prefix, inserted hold, and reattached 2 follow-up mission(s).
[ATTACK] [ATTACK][LAH] Generated hold/resume missions -> IMP:800000017.json PATHS:300000005.json/300000006.json (followUps=2)
[ATTACK] [NEXTCOLLAB] division planner area-division pieces=2
[ATTACK] [NEXTCOLLAB] division planner final workflow=no_split paths=2
[ATTACK] [ATTACK][COLLAB] Collaborative replacement IMP written (aircraft=5, imp=800000019.json, missions=1).
[ATTACK] [ATTACK][COLLAB] Collaborative replacement IMP written (aircraft=6, imp=800000020.json, missions=1).
[ATTACK] [ATTACK][COLLAB] First sweep searchSpeed boosted (aircraft=5, pathID=500000005, waypointID=137, factor=1.30, old=801.44, new=1041.87).
[ATTACK] [ATTACK][COLLAB] First sweep searchSpeed boosted (aircraft=6, pathID=600000005, waypointID=152, factor=1.30, old=461.78, new=600.31).
[ATTACK] [ATTACK][COLLAB] Collaborative remaining mission replanned (inputMissionID=2, unavailable=[4], remaining=[5, 6], workflow=no_split).
[ATTACK] [ATTACK][UAV] Resume trimmed by currentWP (lastRemovedWP=91).
[ATTACK] [ATTACK][UAV] Added replan anchor waypoint to done path (anchorWP=154).
[ATTACK] [ATTACK][UAV] Resume sweep trim applied (cutPoints=83, rawCutPoints=83, doneSweepPoints=0, pathID=400000004).
[ATTACK] [ATTACK][UAV] Resume searchSpeed scaled (factor=1.30, waypoints=1).
[ATTACK] [ATTACK][COLLAB] Tracking UAV resume replaced with release transit (aircraft=4, targetFinishEta=91, speed=58.0m/s).
[ATTACK] [ATTACK][UAV] Preserved completed prefix, inserted tracking, and reattached 1 follow-up mission(s).
[ATTACK] [ATTACK][UAV] Generated tracking/resume missions -> IMP:800000021.json PATHS:400000009.json/400000010.json (followUps=1)
[ATTACK] [ATTACK][UAV] Tracking assignment state saved (aircraft=4, sourcePlan=700000002, attackPlan=700000003).
[ATTACK] [ATTACK][COLLAB] Aircraft 5 handled by collaborative remaining replan (inputMissionID=2).
[ATTACK] [ATTACK][COLLAB] Aircraft 6 handled by collaborative remaining replan (inputMissionID=2).
[ATTACK] [ATTACK][PLAN] carried area remaining snapshot -> mission_area_snapshot_700000003.json (sourcePlanID=700000002, planID=700000003)
[ATTACK] [ATTACK][PLAN] MissionPlan saved -> 700000003.json (planID=700000003)
[ATTACK] [ATTACK][TIME] override_detail={"phases": {"metadata_normalize": {"elapsedMs": 0.012, "attackTargetCount": 1, "selectedMannedCount": 1}, "agent_index": {"elapsedMs": 0.128, "aircraftCount": 6}, "weapon_choice": {"elapsedMs": 4.159, "selectedWeaponType": 3, "ammoAvailable": true}, "initial_tracking_eta": {"elapsedMs": 0.777, "useDetectionTracking": true, "trackingEtaS": 145}, "resolve_source_plan": {"elapsedMs": 0.777, "sourcePlanID": 700000002}, "source_plan_load": {"elapsedMs": 0.56, "sourcePlanID": 700000002, "aircraftCount": 6}, "sweep_progress_load": {"elapsedMs": 9.196, "entries": 12}, "plan_id_resolve": {"elapsedMs": 0.051, "requested": true, "missionPlanID": 700000003}, "source_artifact_cache_build": {"elapsedMs": 0.037, "aircraftEntries": 6}, "done_input_ids_load": {"elapsedMs": 1.101, "count": 1}, "plan_deepcopy": {"elapsedMs": 0.058}, "target_uav_assignment": {"elapsedMs": 0.619, "assignedTargetCount": 1, "usedTrackingUavCount": 1}, "manned_sequence_assignment": {"elapsedMs": 5.763, "aircraftCount": 1, "error": null}, "attack_coordinate_resolution": {"elapsedMs": 3.515, "resolvedCount": 1, "mannedSequenceCount": 1}, "remaining_eta": {"elapsedMs": 24.585, "allUavCount": 3, "trackingUavCount": 1, "computedEtaCount": 1, "adjustedEtaS": 0}, "descriptor_list_build": {"elapsedMs": 0.066, "descriptorCount": 6, "activeMannedCount": 1, "otherLahCount": 2, "otherUavCount": 2}, "collab_tracking_scan": {"elapsedMs": 7.263, "inputCount": 1, "unavailableUavCount": 1}, "collab_agent_state_map": {"elapsedMs": 39.936, "aircraftCount": 6}, "collab_parallel_started": {"elapsedMs": 0.797, "inputCount": 1, "workers": 1}, "collab_parallel_join": {"elapsedMs": 783.971, "waitReason": "UAV_TRACK", "inputCount": 1}, "descriptor_loop": {"elapsedMs": 3181.352, "descriptorCount": 6, "updateCount": 4}, "final_collab_plan_update": {"elapsedMs": 0.017, "collabInputCount": 1}, "mission_plan_write": {"elapsedMs": 7.307, "missionPlanID": 700000003}, "option_meta_build": {"elapsedMs": 0.061, "targetCount": 1, "collabInputCount": 1}}, "collabRuns": [{"inputMissionID": 2, "unavailableAircraftIDs": [4], "elapsedMs": 2736.684, "status": "ok", "replacementAircraftIDs": [5, 6], "generatedPathCount": 2, "finishEtaS": 91, "workflow": "no_split"}], "descriptorDetails": [{"aircraftID": 2, "label": "manned", "mode": "LAH_ATTACK", "resolveArtifacts": {"elapsedMs": 1.019, "currentWaypointID": null, "sourcePathID": 200000001, "sourceImpID": 800000008}, "loadArtifacts": {"elapsedMs": 0.007, "impLoaded": true, "fpLoaded": true}, "cloneAndLocateMission": {"elapsedMs": 0.152, "missionCount": 3, "targetIndex": 0}, "allocateAndPlanUpdate": {"elapsedMs": 19.614, "newImpID": 800000014}, "builder": {"elapsedMs": 776.646, "builderMode": "LAH_ATTACK"}, "builderDetail": {"allocate_ids": {"elapsedMs": 390.638, "attackPathID": 200000005, "resumePathID": 200000006, "attackIndividualID": 900000024, "resumeIndividualID": 900000025, "entryWaypointID": 106, "attackWaypointID": 108}, "split_lah_resume": {"elapsedMs": 182.478, "resumeWaypointCount": 1, "removedWaypointID": 77}, "clone_followups": {"elapsedMs": 139.236, "followUpMissionCount": 2, "followUpPathCount": 2}, "payload_build": {"elapsedMs": 48.285, "hasResume": true, "followUpMissionCount": 2, "attackSpeedMps": 73.61}, "write_json": {"elapsedMs": 7.682, "fileCount": 5}, "totalMs": 773.986}, "status": "ok", "elapsedMs": 797.588}, {"aircraftID": 1, "label": "lah_hold_1", "mode": "LAH_HOLD_RESUME", "resolveArtifacts": {"elapsedMs": 0.894, "currentWaypointID": null, "sourcePathID": 100000001, "sourceImpID": 800000007}, "loadArtifacts": {"elapsedMs": 0.009, "impLoaded": true, "fpLoaded": true}, "cloneAndLocateMission": {"elapsedMs": 0.189, "missionCount": 3, "targetIndex": 0}, "allocateAndPlanUpdate": {"elapsedMs": 21.706, "newImpID": 800000015}, "builder": {"elapsedMs": 410.377, "builderMode": "LAH_HOLD_RESUME"}, "builderDetail": {"allocate_ids": {"elapsedMs": 35.204, "holdPathID": 100000005, "resumePathID": 100000006, "holdIndividualID": 900000030, "resumeIndividualID": 900000031}, "split_lah_resume": {"elapsedMs": 173.168, "resumeWaypointCount": 1, "removedWaypointID": 71}, "clone_followups": {"elapsedMs": 124.444, "followUpMissionCount": 2, "followUpPathCount": 2}, "payload_build": {"elapsedMs": 187.615, "hasResume": true, "followUpMissionCount": 2}, "write_json": {"elapsedMs": 8.489, "fileCount": 5}, "totalMs": 410.324}, "status": "ok", "elapsedMs": 433.333}, {"aircraftID": 3, "label": "lah_hold_3", "mode": "LAH_HOLD_RESUME", "resolveArtifacts": {"elapsedMs": 1.062, "currentWaypointID": null, "sourcePathID": 300000001, "sourceImpID": 800000009}, "loadArtifacts": {"elapsedMs": 0.005, "impLoaded": true, "fpLoaded": true}, "cloneAndLocateMission": {"elapsedMs": 0.122, "missionCount": 3, "targetIndex": 0}, "allocateAndPlanUpdate": {"elapsedMs": 15.916, "newImpID": 800000017}, "builder": {"elapsedMs": 710.223, "builderMode": "LAH_HOLD_RESUME"}, "builderDetail": {"allocate_ids": {"elapsedMs": 48.94, "holdPathID": 300000005, "resumePathID": 300000006, "holdIndividualID": 900000036, "resumeIndividualID": 900000037}, "split_lah_resume": {"elapsedMs": 284.004, "resumeWaypointCount": 1, "removedWaypointID": 83}, "clone_followups": {"elapsedMs": 295.285, "followUpMissionCount": 2, "followUpPathCount": 2}, "payload_build": {"elapsedMs": 358.642, "hasResume": true, "followUpMissionCount": 2}, "write_json": {"elapsedMs": 10.776, "fileCount": 5}, "totalMs": 710.176}, "status": "ok", "elapsedMs": 727.462}, {"aircraftID": 4, "label": "uav_tracking_4", "mode": "UAV_TRACK", "resolveArtifacts": {"elapsedMs": 0.029, "currentWaypointID": 92, "sourcePathID": 400000004, "sourceImpID": 800000010}, "loadArtifacts": {"elapsedMs": 0.005, "impLoaded": true, "fpLoaded": true}, "cloneAndLocateMission": {"elapsedMs": 0.235, "missionCount": 3, "targetIndex": 1}, "allocateAndPlanUpdate": {"elapsedMs": 10.012, "newImpID": 800000021}, "builder": {"elapsedMs": 423.402, "builderMode": "UAV_TRACK"}, "builderDetail": {"allocate_ids": {"elapsedMs": 82.613, "donePathID": 400000008, "attackPathID": 400000009, "resumePathID": 400000010, "trackingIndividualID": 900000042, "resumeIndividualID": 900000043, "targetWaypointID": 153}, "split_done_resume": {"elapsedMs": 149.358, "sourceSinglePoint": false, "doneWaypointCount": 2, "resumeWaypointCount": 1, "removedWaypointID": 91}, "clone_followups": {"elapsedMs": 84.167, "followUpMissionCount": 1, "followUpPathCount": 1}, "release_resume": {"elapsedMs": 42.96, "releaseWaypointCount": 2, "targetFinishEtaS": 91}, "write_json": {"elapsedMs": 54.051, "fileCount": 5}, "totalMs": 419.196}, "trackingState": {"elapsedMs": 1.744}, "status": "ok", "elapsedMs": 436.277}, {"aircraftID": 5, "label": "uav_resume_5", "mode": "UAV_RESUME", "resolveArtifacts": {"elapsedMs": 0.033, "currentWaypointID": 96, "sourcePathID": 500000004, "sourceImpID": 800000011}, "loadArtifacts": {"elapsedMs": 0.004, "impLoaded": true, "fpLoaded": true}, "cloneAndLocateMission": {"elapsedMs": 0.252, "missionCount": 3, "targetIndex": 1}, "status": "handled_by_collab", "elapsedMs": 1.003}, {"aircraftID": 6, "label": "uav_resume_6", "mode": "UAV_RESUME", "resolveArtifacts": {"elapsedMs": 0.029, "currentWaypointID": 100, "sourcePathID": 600000004, "sourceImpID": 800000012}, "loadArtifacts": {"elapsedMs": 0.004, "impLoaded": true, "fpLoaded": true}, "cloneAndLocateMission": {"elapsedMs": 0.296, "missionCount": 3, "targetIndex": 1}, "status": "handled_by_collab", "elapsedMs": 1.029}], "totalMs": 3285}
[ATTACK] [ATTACK][TIME] override_total=3285ms
[ATTACK] [TIME] apply_attack_plan_overrides=3294ms
[ATTACK] [TIME] timingMs={"read_source": 20.282, "descriptor_build": 10.841, "write_artifacts": 3306.361, "delivery_wait": 8.993}
[ATTACK] [TIME] total=3347ms
[ATTACK] 분석 로그 저장: C:\Users\TRL98\Desktop\LAH_MUMT\Logs\Scenario_2026-05-21T132543\SBC3\DSS_Internal\log_attack_algorithm_20260521T043511_823605.json
[ATTACK] mark target used: targetIDs=77
[ATTACK-EXCLUDE] ATTACK-EXCLUDE using requested missionPlanID 700000004 (sourcePlanID=700000002)
[ATTACK-EXCLUDE] [PRIOR][UAV] Resume trimmed by currentWP (lastRemovedWP=91).
[ATTACK-EXCLUDE] [PRIOR][UAV] Added replan anchor waypoint to done path (anchorWP=103).
[ATTACK-EXCLUDE] [PRIOR][UAV] Resume sweep trim applied (cutPoints=83, rawCutPoints=83, doneSweepPoints=0, pathID=400000004).
[ATTACK-EXCLUDE] [PRIOR][UAV] Resume searchSpeed scaled (factor=1.30, waypoints=1).
[ATTACK-EXCLUDE] [PRIOR][UAV] Generated done/resume mission -> aircraft=4 IMP:800000013.json PATHS:400000005.json/400000006.json
[ATTACK-EXCLUDE] [PRIOR][UAV] Resume trimmed by currentWP (lastRemovedWP=95).
[ATTACK-EXCLUDE] [PRIOR][UAV] Added replan anchor waypoint to done path (anchorWP=131).
[ATTACK-EXCLUDE] [PRIOR][UAV] Resume sweep trim applied (cutPoints=81, rawCutPoints=81, doneSweepPoints=0, pathID=500000004).
[ATTACK-EXCLUDE] [PRIOR][UAV] Resume searchSpeed scaled (factor=1.30, waypoints=1).
[ATTACK-EXCLUDE] [PRIOR][UAV] Generated done/resume mission -> aircraft=5 IMP:800000016.json PATHS:500000006.json/500000007.json
[ATTACK-EXCLUDE] [PRIOR][UAV] Resume trimmed by currentWP (lastRemovedWP=99).
[ATTACK-EXCLUDE] [PRIOR][UAV] Added replan anchor waypoint to done path (anchorWP=147).
[ATTACK-EXCLUDE] [PRIOR][UAV] Resume sweep trim applied (cutPoints=70, rawCutPoints=70, doneSweepPoints=0, pathID=600000004).
[ATTACK-EXCLUDE] [PRIOR][UAV] Resume searchSpeed scaled (factor=1.30, waypoints=1).
[ATTACK-EXCLUDE] [PRIOR][UAV] Generated done/resume mission -> aircraft=6 IMP:800000018.json PATHS:600000006.json/600000007.json
[ATTACK-EXCLUDE] 공격 배제 MissionPlan 저장 -> 700000004.json (planID=700000004)
[ATTACK-EXCLUDE] ATTACK-EXCLUDE carried area remaining snapshot -> mission_area_snapshot_700000004.json (sourcePlanID=700000002, planID=700000004)
[ATTACK] 공격 임무 계획 완료 (planIds=700000003)
[INFO] UAV params loaded (cruise=40.00, turn_step=15.0)
[INFO] Latest input snapshot → 0201:ID=1,ts=832652848738,src=-, 0203:ID=1,ts=832652848760,src=-
[STEP 0] Using latest 0201 ID 1 (1.json)
[STEP 0] Using latest 0203 ID 1 (1.json)
[CHECK] 0201/0203 필수 데이터 확인 시작
[OK] 0201 inputMissionList 확인됨 (count=3) → 진행
[OK] 0201 availableAircraftList 확인됨 (count=6) → 진행
[OK] 0201 inputMissionPackageType=1 확인
[OK] 0201 mainSensor=1 확인
[CHECK] 0201 기체 수=6 (UAV=3, LAH=3)
[CHECK] 0201 임무: total=3 missingID=0 missingDetail=0 missingShape=0 unknownType=0 typeZeroAuto=0 typeZeroInvalid=0 lineOnlyViolation=0 skippedSinglePoint=0
[OK] 0203 takeOverInfoList 확인됨 (count=3) → 진행
[OK] 0203 handOverInfoList 확인됨 (count=3) → 진행
[OK] 0203 flightAreaList 확인됨 (count=1) → 진행
[CHECK] 0203 flightAreaList count=1
[INFO] 임무 진행영역 스냅샷 적용: sourcePlan=700000002, updated=2, done=0
[INFO] 임무 진행영역 재계획 collapse 적용: groups=2, normalized=2, 3
[INFO] Filtered completed input missions (removed=1, converted=-, widthAdjusted=-, skippedSinglePoint=-, snapshot=updated=2, done=0, collapse=groups=2, normalized=2,3)
[REPLAN][TIME] variant_started_ms=3390.6 wall_ms=1779338111850 variant=1 option=3 mode=attack_exclusion
[variant 1] 공격 배제 병렬 결과 병합
[REPLAN][TIME] attack_exclusion_parallel_joined_ms=3402.7 wall_ms=1779338111863 variant=1 duration_ms=3131.995 wait_ms=0.011
[OK] 공격 배제 variant 저장: MissionPlanID=700000004 (elapsed=3132.0 ms)
[INFO] Option mapping #1: planID=700000004, optionCode=3(공격배제)
[REPLAN][TIME] variant_finished_ms=3402.8 wall_ms=1779338111863 variant=1 option=3 mode=attack_exclusion status=success duration_ms=3131.995
[OK] Stored mission data: MissionPlan=1, IndividualMission=0, FlightPath=0
[REPLAN][TIME] id_tab_update_deferred_ms=3404.3 wall_ms=1779338111864
[REPLAN][TIME] pipeline_done_ms=3404.4 wall_ms=1779338111864 plans=2 force_direct=False
[REPLAN][TIME] 0301_queued_ms=3404.5 wall_ms=1779338111864 plans=2
[STEP 4] 0301 push queued (planIds=700000003, 700000004)
[0402] delivery suppressed before 0301: Target 정보 변경으로 인한 재계획 중단
[0001] notice sent: Target 정보 변경으로 인한 재계획 중단
[REPLAN][METRIC] source_artifact_cache entries=27 hits=42 misses=27
[REPLAN][TIME] 0902_received_ms=0.2 wall_ms=1779338112479 trigger=attack_2_option replanLevel=2 optionCount=2 forceDirect=0
[REPLAN][TIME] 0902_archived_ms=1.2 wall_ms=1779338112480 path=replan_request_832653311699.json
[AUTO] 0902 received (planIds=700000005, 700000006)
[REPLAN][TIME] pipeline_scheduled_ms=2.6 wall_ms=1779338112482 delay_ms=0
[REPLAN][TIME] scheduled_start_ms=3.7 wall_ms=1779338112483
[REPLAN][TIME] 0305_status_1_ms=5.8 wall_ms=1779338112485 reason=표적78 등 2개 발견
[0305] status=1, reason=표적78 등 2개 발견 전송
[INFO] Using latest 0203 ID 1 for missionReferencePackageID (fallback)
[STEP 0] Replan pipeline start (reason=표적78 등 2개 발견)
[REPLAN][TIME] attack_exclusion_parallel_started_ms=14.1 wall_ms=1779338112493 option_index=2 sourcePlanID=700000002
[ATTACK-EXCLUDE] parallel generation started (sourcePlanID=700000002, optionIndex=2)
[ATTACK] 공격 특화 재계획 요청 감지 → 전용 파이프라인 실행
[ATTACK] [TIME] select_manned_aircraft=13ms
[ATTACK] STEP1 Selected manned aircraft: aircraft 3 (fuel=1200.0, coord=(37.78498840332031, 128.1812744140625, alt=1206))
[ATTACK] [TIME] load_target_entries=1ms
[ATTACK] STEP2 UAV tracking summary: watcher 4?’target 77, watcher 6?’target 78, watcher 4?’target unknown-10, watcher 4?’target unknown-13, watcher 4?’target unknown-2, watcher 5?’target unknown-12, watcher 5?’target unknown-15, watcher 5?’target unknown-3, watcher 5?’target unknown-4, watcher 5?’target unknown-6, watcher 5?’target unknown-7, watcher 5?’target unknown-8, watcher 5?’target unknown-9, watcher 6?’target unknown-1, watcher 6?’target unknown-11, watcher 6?’target unknown-14, watcher 6?’target unknown-5
[ATTACK] STEP2.5 Using bundled 0402 targets: target=78 watcher=6, target=77 watcher=4
[ATTACK] STEP2.6 Multi-target manned selection: 2, 3
[ATTACK] [ATTACK] Selected target id=78 type=4 weaponType=3 (preferred=3, ammo={'type1': 500, 'type2': 7, 'type3': 2})
[ATTACK] [TIME] compute_attack_point=12ms
[ATTACK] STEP3 Attack plan completed: lat=37.890953, lon=128.196079, alt=994m
[ATTACK] [ATTACK] Using remembered waypoint 100 for watcher 6 while auto-tracking.
[ATTACK] [ATTACK] Weapon choice aircraft=2 preferred=3 selected=3 ammo={'type1': 500, 'type2': 7, 'type3': 2}
[ATTACK] [ATTACK][ETA] Tracking ETA computed with LAH max attack speed (dist=6873.1m, speed=73.61m/s, +30s) -> 123s
[ATTACK] [ATTACK] Using requested missionPlanID 700000005 (sourcePlanID=700000002)
[ATTACK] [ATTACK][POINT] Primary target adaptive standoff mode=candidate_within_standoff currentDist=8873.141397315787m candidateDist=1999.9999999994086m standoff=300.0/2000.0m.
[ATTACK] [ATTACK][ETA] UAV 5 remaining mission time: 0.0s
[ATTACK] [ATTACK][ETA] Non-tracking UAV ETA selected: UAV 5 with 0s remaining
[ATTACK] [ATTACK][ETA] All tracking ETAs unified to 0s
[ATTACK] [ATTACK][COLLAB] Remaining UAV entry lookahead applied: 9.0s (pathFollow=3, linearFallback=3, currentOnly=0)
[ATTACK] [PRIOR] Falling back to first mission for aircraft 2 (current waypoint not found in plan).
[FOV_DB] loaded 7010 rows, 7008 unique widths, path=C:\Users\TRL98\Desktop\LAH_MUMT\branNew\KU\DSS_KU\resource\db\fov_db_탱크_72_38_6_3.2.csv
[ATTACK] [ATTACK][LAH] Using max attack speed 73.61m/s (265.0km/h) for aircraft 2.
[ATTACK] [ATTACK][LAH] Inferred current waypoint from position -> 77.
[ATTACK] [ATTACK][LAH] Dropped current waypoint from resume path (currentWP=77, nextWP=78).
[ATTACK] [ATTACK][LAH] Preserved completed prefix, inserted attack, and reattached 2 follow-up mission(s).
[ATTACK] [ATTACK][LAH] Generated attack/resume missions -> IMP:800000023.json PATHS:200000009.json/200000010.json (followUps=2)
[ATTACK] [PRIOR] Falling back to first mission for aircraft 3 (current waypoint not found in plan).
[ATTACK] [ATTACK][LAH] Using max attack speed 73.61m/s (265.0km/h) for aircraft 3.
[ATTACK] [ATTACK][LAH] Inferred current waypoint from position -> 83.
[ATTACK] [ATTACK][LAH] Dropped current waypoint from resume path (currentWP=83, nextWP=84).
[ATTACK] [ATTACK][LAH] Preserved completed prefix, inserted attack, and reattached 2 follow-up mission(s).
[ATTACK] [ATTACK][LAH] Generated attack/resume missions -> IMP:800000025.json PATHS:300000009.json/300000010.json (followUps=2)
[ATTACK] [PRIOR] Falling back to first mission for aircraft 1 (current waypoint not found in plan).
[ATTACK] [ATTACK][LAH] Inferred current waypoint from position -> 71.
[ATTACK] [ATTACK][LAH] Dropped current waypoint from resume path (currentWP=71, nextWP=72).
[ATTACK] [ATTACK][LAH] Preserved completed prefix, inserted hold, and reattached 2 follow-up mission(s).
[ATTACK] [ATTACK][LAH] Generated hold/resume missions -> IMP:800000028.json PATHS:100000009.json/100000010.json (followUps=2)
[ATTACK] [NEXTCOLLAB] division planner area-division pieces=1
[ATTACK] [NEXTCOLLAB] division planner final workflow=no_split paths=1
[ATTACK] [ATTACK][COLLAB] Collaborative replacement IMP written (aircraft=5, imp=800000027.json, missions=1).
[ATTACK] [ATTACK][COLLAB] First sweep searchSpeed boosted (aircraft=5, pathID=500000009, waypointID=191, factor=1.30, old=1327.82, new=1726.17).
[ATTACK] [ATTACK][COLLAB] Collaborative remaining mission replanned (inputMissionID=2, unavailable=[4, 6], remaining=[5], workflow=no_split).
[ATTACK] [ATTACK][UAV] Tracking target altitude kept for sensor only; flight altitude replaced 694m -> 1971m.
[ATTACK] [ATTACK][UAV] Resume trimmed by currentWP (lastRemovedWP=99).
[ATTACK] [ATTACK][UAV] Added replan anchor waypoint to done path (anchorWP=213).
[ATTACK] [ATTACK][UAV] Resume sweep trim applied (cutPoints=70, rawCutPoints=70, doneSweepPoints=0, pathID=600000004).
[ATTACK] [ATTACK][UAV] Resume searchSpeed scaled (factor=1.30, waypoints=1).
[ATTACK] [ATTACK][COLLAB] Tracking UAV resume replaced with release transit (aircraft=6, targetFinishEta=58, speed=58.0m/s).
[ATTACK] [ATTACK][UAV] Preserved completed prefix, inserted tracking, and reattached 1 follow-up mission(s).
[ATTACK] [ATTACK][UAV] Generated tracking/resume missions -> IMP:800000029.json PATHS:600000013.json/600000014.json (followUps=1)
[ATTACK] [ATTACK][UAV] Tracking assignment state saved (aircraft=6, sourcePlan=700000002, attackPlan=700000005).
[ATTACK] [ATTACK][UAV] Resume trimmed by currentWP (lastRemovedWP=91).
[ATTACK] [ATTACK][UAV] Added replan anchor waypoint to done path (anchorWP=222).
[ATTACK] [ATTACK][UAV] Resume sweep trim applied (cutPoints=83, rawCutPoints=83, doneSweepPoints=0, pathID=400000004).
[ATTACK] [ATTACK][UAV] Resume searchSpeed scaled (factor=1.30, waypoints=1).
[ATTACK] [ATTACK][COLLAB] Tracking UAV resume replaced with release transit (aircraft=4, targetFinishEta=58, speed=58.0m/s).
[ATTACK] [ATTACK][UAV] Preserved completed prefix, inserted tracking, and reattached 1 follow-up mission(s).
[ATTACK] [ATTACK][UAV] Generated tracking/resume missions -> IMP:800000030.json PATHS:400000016.json/400000017.json (followUps=1)
[ATTACK] [ATTACK][UAV] Tracking assignment state saved (aircraft=4, sourcePlan=700000002, attackPlan=700000005).
[ATTACK] [ATTACK][COLLAB] Aircraft 5 handled by collaborative remaining replan (inputMissionID=2).
[ATTACK] [ATTACK][PLAN] carried area remaining snapshot -> mission_area_snapshot_700000005.json (sourcePlanID=700000002, planID=700000005)
[ATTACK] [ATTACK][PLAN] MissionPlan saved -> 700000005.json (planID=700000005)
[ATTACK] [ATTACK][TIME] override_detail={"phases": {"metadata_normalize": {"elapsedMs": 0.008, "attackTargetCount": 2, "selectedMannedCount": 2}, "agent_index": {"elapsedMs": 0.08, "aircraftCount": 6}, "weapon_choice": {"elapsedMs": 2.574, "selectedWeaponType": 3, "ammoAvailable": true}, "initial_tracking_eta": {"elapsedMs": 0.528, "useDetectionTracking": true, "trackingEtaS": 123}, "resolve_source_plan": {"elapsedMs": 0.632, "sourcePlanID": 700000002}, "source_plan_load": {"elapsedMs": 0.366, "sourcePlanID": 700000002, "aircraftCount": 6}, "sweep_progress_load": {"elapsedMs": 0.409, "entries": 12}, "plan_id_resolve": {"elapsedMs": 0.018, "requested": true, "missionPlanID": 700000005}, "source_artifact_cache_build": {"elapsedMs": 0.012, "aircraftEntries": 6}, "done_input_ids_load": {"elapsedMs": 4.794, "count": 1}, "plan_deepcopy": {"elapsedMs": 0.095}, "target_uav_assignment": {"elapsedMs": 1.158, "assignedTargetCount": 2, "usedTrackingUavCount": 2}, "manned_sequence_assignment": {"elapsedMs": 19.085, "aircraftCount": 2, "error": null}, "attack_coordinate_resolution": {"elapsedMs": 10.024, "resolvedCount": 2, "mannedSequenceCount": 2}, "remaining_eta": {"elapsedMs": 12.466, "allUavCount": 3, "trackingUavCount": 2, "computedEtaCount": 2, "adjustedEtaS": 0}, "descriptor_list_build": {"elapsedMs": 0.053, "descriptorCount": 6, "activeMannedCount": 2, "otherLahCount": 1, "otherUavCount": 1}, "collab_tracking_scan": {"elapsedMs": 20.825, "inputCount": 1, "unavailableUavCount": 2}, "collab_agent_state_map": {"elapsedMs": 34.852, "aircraftCount": 6}, "collab_parallel_started": {"elapsedMs": 1.957, "inputCount": 1, "workers": 1}, "collab_parallel_join": {"elapsedMs": 2.303, "waitReason": "UAV_TRACK", "inputCount": 1}, "descriptor_loop": {"elapsedMs": 3063.436, "descriptorCount": 6, "updateCount": 5}, "final_collab_plan_update": {"elapsedMs": 0.01, "collabInputCount": 1}, "mission_plan_write": {"elapsedMs": 13.919, "missionPlanID": 700000005}, "option_meta_build": {"elapsedMs": 0.056, "targetCount": 2, "collabInputCount": 1}}, "collabRuns": [{"inputMissionID": 2, "unavailableAircraftIDs": [4, 6], "elapsedMs": 1573.236, "status": "ok", "replacementAircraftIDs": [5], "generatedPathCount": 1, "finishEtaS": 58, "workflow": "no_split"}], "descriptorDetails": [{"aircraftID": 2, "label": "manned", "mode": "LAH_ATTACK", "resolveArtifacts": {"elapsedMs": 5.392, "currentWaypointID": null, "sourcePathID": 200000001, "sourceImpID": 800000008}, "loadArtifacts": {"elapsedMs": 0.006, "impLoaded": true, "fpLoaded": true}, "cloneAndLocateMission": {"elapsedMs": 0.111, "missionCount": 3, "targetIndex": 0}, "allocateAndPlanUpdate": {"elapsedMs": 21.793, "newImpID": 800000023}, "builder": {"elapsedMs": 998.675, "builderMode": "LAH_ATTACK"}, "builderDetail": {"allocate_ids": {"elapsedMs": 456.327, "attackPathID": 200000009, "resumePathID": 200000010, "attackIndividualID": 900000047, "resumeIndividualID": 900000048, "entryWaypointID": 167, "attackWaypointID": 169}, "split_lah_resume": {"elapsedMs": 229.79, "resumeWaypointCount": 1, "removedWaypointID": 77}, "clone_followups": {"elapsedMs": 215.784, "followUpMissionCount": 2, "followUpPathCount": 2}, "payload_build": {"elapsedMs": 78.734, "hasResume": true, "followUpMissionCount": 2, "attackSpeedMps": 73.61}, "write_json": {"elapsedMs": 8.124, "fileCount": 5}, "totalMs": 995.095}, "status": "ok", "elapsedMs": 1026.12}, {"aircraftID": 3, "label": "manned", "mode": "LAH_ATTACK", "resolveArtifacts": {"elapsedMs": 0.886, "currentWaypointID": null, "sourcePathID": 300000001, "sourceImpID": 800000009}, "loadArtifacts": {"elapsedMs": 0.004, "impLoaded": true, "fpLoaded": true}, "cloneAndLocateMission": {"elapsedMs": 0.117, "missionCount": 3, "targetIndex": 0}, "allocateAndPlanUpdate": {"elapsedMs": 44.774, "newImpID": 800000025}, "builder": {"elapsedMs": 827.316, "builderMode": "LAH_ATTACK"}, "builderDetail": {"allocate_ids": {"elapsedMs": 262.438, "attackPathID": 300000009, "resumePathID": 300000010, "attackIndividualID": 900000054, "resumeIndividualID": 900000055, "entryWaypointID": 186, "attackWaypointID": 187}, "split_lah_resume": {"elapsedMs": 179.872, "resumeWaypointCount": 1, "removedWaypointID": 83}, "clone_followups": {"elapsedMs": 276.133, "followUpMissionCount": 2, "followUpPathCount": 2}, "payload_build": {"elapsedMs": 96.23, "hasResume": true, "followUpMissionCount": 2, "attackSpeedMps": 73.61}, "write_json": {"elapsedMs": 7.291, "fileCount": 5}, "totalMs": 825.72}, "status": "ok", "elapsedMs": 873.226}, {"aircraftID": 1, "label": "lah_hold_1", "mode": "LAH_HOLD_RESUME", "resolveArtifacts": {"elapsedMs": 0.885, "currentWaypointID": null, "sourcePathID": 100000001, "sourceImpID": 800000007}, "loadArtifacts": {"elapsedMs": 0.006, "impLoaded": true, "fpLoaded": true}, "cloneAndLocateMission": {"elapsedMs": 0.123, "missionCount": 3, "targetIndex": 0}, "allocateAndPlanUpdate": {"elapsedMs": 7.042, "newImpID": 800000028}, "builder": {"elapsedMs": 367.59, "builderMode": "LAH_HOLD_RESUME"}, "builderDetail": {"allocate_ids": {"elapsedMs": 20.892, "holdPathID": 100000009, "resumePathID": 100000010, "holdIndividualID": 900000060, "resumeIndividualID": 900000061}, "split_lah_resume": {"elapsedMs": 167.059, "resumeWaypointCount": 1, "removedWaypointID": 71}, "clone_followups": {"elapsedMs": 120.528, "followUpMissionCount": 2, "followUpPathCount": 2}, "payload_build": {"elapsedMs": 170.357, "hasResume": true, "followUpMissionCount": 2}, "write_json": {"elapsedMs": 6.126, "fileCount": 5}, "totalMs": 367.545}, "status": "ok", "elapsedMs": 375.774}, {"aircraftID": 6, "label": "uav_tracking_6", "mode": "UAV_TRACK", "resolveArtifacts": {"elapsedMs": 0.023, "currentWaypointID": 100, "sourcePathID": 600000004, "sourceImpID": 800000012}, "loadArtifacts": {"elapsedMs": 0.003, "impLoaded": true, "fpLoaded": true}, "cloneAndLocateMission": {"elapsedMs": 0.177, "missionCount": 3, "targetIndex": 1}, "allocateAndPlanUpdate": {"elapsedMs": 8.902, "newImpID": 800000029}, "builder": {"elapsedMs": 374.225, "builderMode": "UAV_TRACK"}, "builderDetail": {"allocate_ids": {"elapsedMs": 81.154, "donePathID": 600000012, "attackPathID": 600000013, "resumePathID": 600000014, "trackingIndividualID": 900000064, "resumeIndividualID": 900000065, "targetWaypointID": 212}, "split_done_resume": {"elapsedMs": 118.761, "sourceSinglePoint": false, "doneWaypointCount": 2, "resumeWaypointCount": 1, "removedWaypointID": 99}, "clone_followups": {"elapsedMs": 70.916, "followUpMissionCount": 1, "followUpPathCount": 1}, "release_resume": {"elapsedMs": 47.36, "releaseWaypointCount": 2, "targetFinishEtaS": 58}, "write_json": {"elapsedMs": 47.566, "fileCount": 5}, "totalMs": 371.097}, "trackingState": {"elapsedMs": 2.284}, "status": "ok", "elapsedMs": 386.487}, {"aircraftID": 4, "label": "uav_tracking_4", "mode": "UAV_TRACK", "resolveArtifacts": {"elapsedMs": 0.063, "currentWaypointID": 92, "sourcePathID": 400000004, "sourceImpID": 800000010}, "loadArtifacts": {"elapsedMs": 0.006, "impLoaded": true, "fpLoaded": true}, "cloneAndLocateMission": {"elapsedMs": 0.38, "missionCount": 3, "targetIndex": 1}, "allocateAndPlanUpdate": {"elapsedMs": 9.893, "newImpID": 800000030}, "builder": {"elapsedMs": 379.373, "builderMode": "UAV_TRACK"}, "builderDetail": {"allocate_ids": {"elapsedMs": 87.848, "donePathID": 400000015, "attackPathID": 400000016, "resumePathID": 400000017, "trackingIndividualID": 900000067, "resumeIndividualID": 900000068, "targetWaypointID": 221}, "split_done_resume": {"elapsedMs": 135.874, "sourceSinglePoint": false, "doneWaypointCount": 2, "resumeWaypointCount": 1, "removedWaypointID": 91}, "clone_followups": {"elapsedMs": 67.441, "followUpMissionCount": 1, "followUpPathCount": 1}, "release_resume": {"elapsedMs": 44.119, "releaseWaypointCount": 2, "targetFinishEtaS": 58}, "write_json": {"elapsedMs": 36.952, "fileCount": 5}, "totalMs": 376.881}, "trackingState": {"elapsedMs": 7.7}, "status": "ok", "elapsedMs": 398.163}, {"aircraftID": 5, "label": "uav_resume_5", "mode": "UAV_RESUME", "resolveArtifacts": {"elapsedMs": 0.025, "currentWaypointID": 96, "sourcePathID": 500000004, "sourceImpID": 800000011}, "loadArtifacts": {"elapsedMs": 0.004, "impLoaded": true, "fpLoaded": true}, "cloneAndLocateMission": {"elapsedMs": 0.18, "missionCount": 3, "targetIndex": 1}, "status": "handled_by_collab", "elapsedMs": 0.702}], "totalMs": 3186}
[ATTACK] [ATTACK][TIME] override_total=3186ms
[ATTACK] [TIME] apply_attack_plan_overrides=3193ms
[ATTACK] [TIME] timingMs={"read_source": 16.406, "descriptor_build": 10.204, "write_artifacts": 3207.553, "delivery_wait": 7.968}
[ATTACK] [TIME] total=3243ms
[ATTACK] 분석 로그 저장: C:\Users\TRL98\Desktop\LAH_MUMT\Logs\Scenario_2026-05-21T132543\SBC3\DSS_Internal\log_attack_algorithm_20260521T043515_738326.json
[ATTACK] mark target used: targetIDs=78, 77
[ATTACK-EXCLUDE] ATTACK-EXCLUDE using requested missionPlanID 700000006 (sourcePlanID=700000002)
[ATTACK-EXCLUDE] [PRIOR][UAV] Resume trimmed by currentWP (lastRemovedWP=91).
[ATTACK-EXCLUDE] [PRIOR][UAV] Added replan anchor waypoint to done path (anchorWP=164).
[ATTACK-EXCLUDE] [PRIOR][UAV] Resume sweep trim applied (cutPoints=83, rawCutPoints=83, doneSweepPoints=0, pathID=400000004).
[ATTACK-EXCLUDE] [PRIOR][UAV] Resume searchSpeed scaled (factor=1.30, waypoints=1).
[ATTACK-EXCLUDE] [PRIOR][UAV] Generated done/resume mission -> aircraft=4 IMP:800000022.json PATHS:400000012.json/400000013.json
[ATTACK-EXCLUDE] [PRIOR][UAV] Resume trimmed by currentWP (lastRemovedWP=95).
[ATTACK-EXCLUDE] [PRIOR][UAV] Added replan anchor waypoint to done path (anchorWP=179).
[ATTACK-EXCLUDE] [PRIOR][UAV] Resume sweep trim applied (cutPoints=84, rawCutPoints=84, doneSweepPoints=0, pathID=500000004).
[ATTACK-EXCLUDE] [PRIOR][UAV] Resume searchSpeed scaled (factor=1.30, waypoints=1).
[ATTACK-EXCLUDE] [PRIOR][UAV] Generated done/resume mission -> aircraft=5 IMP:800000024.json PATHS:500000010.json/500000011.json
[ATTACK-EXCLUDE] [PRIOR][UAV] Resume trimmed by currentWP (lastRemovedWP=99).
[ATTACK-EXCLUDE] [PRIOR][UAV] Added replan anchor waypoint to done path (anchorWP=195).
[ATTACK-EXCLUDE] [PRIOR][UAV] Resume sweep trim applied (cutPoints=70, rawCutPoints=70, doneSweepPoints=0, pathID=600000004).
[ATTACK-EXCLUDE] [PRIOR][UAV] Resume searchSpeed scaled (factor=1.30, waypoints=1).
[ATTACK-EXCLUDE] [PRIOR][UAV] Generated done/resume mission -> aircraft=6 IMP:800000026.json PATHS:600000009.json/600000010.json
[ATTACK-EXCLUDE] 공격 배제 MissionPlan 저장 -> 700000006.json (planID=700000006)
[ATTACK-EXCLUDE] ATTACK-EXCLUDE carried area remaining snapshot -> mission_area_snapshot_700000006.json (sourcePlanID=700000002, planID=700000006)
[ATTACK] 공격 임무 계획 완료 (planIds=700000005)
[INFO] UAV params loaded (cruise=40.00, turn_step=15.0)
[INFO] Latest input snapshot → 0201:ID=1,ts=832652848738,src=-, 0203:ID=1,ts=832652848760,src=-
[STEP 0] Using latest 0201 ID 1 (1.json)
[STEP 0] Using latest 0203 ID 1 (1.json)
[CHECK] 0201/0203 필수 데이터 확인 시작
[OK] 0201 inputMissionList 확인됨 (count=3) → 진행
[OK] 0201 availableAircraftList 확인됨 (count=6) → 진행
[OK] 0201 inputMissionPackageType=1 확인
[OK] 0201 mainSensor=1 확인
[CHECK] 0201 기체 수=6 (UAV=3, LAH=3)
[CHECK] 0201 임무: total=3 missingID=0 missingDetail=0 missingShape=0 unknownType=0 typeZeroAuto=0 typeZeroInvalid=0 lineOnlyViolation=0 skippedSinglePoint=0
[OK] 0203 takeOverInfoList 확인됨 (count=3) → 진행
[OK] 0203 handOverInfoList 확인됨 (count=3) → 진행
[OK] 0203 flightAreaList 확인됨 (count=1) → 진행
[CHECK] 0203 flightAreaList count=1
[INFO] 임무 진행영역 스냅샷 적용: sourcePlan=700000002, updated=2, done=0
[INFO] 임무 진행영역 재계획 collapse 적용: groups=2, normalized=2, 3
[INFO] Filtered completed input missions (removed=1, converted=-, widthAdjusted=-, skippedSinglePoint=-, snapshot=updated=2, done=0, collapse=groups=2, normalized=2,3)
[REPLAN][TIME] variant_started_ms=3285.1 wall_ms=1779338115764 variant=1 option=3 mode=attack_exclusion
[variant 1] 공격 배제 병렬 결과 병합
[REPLAN][TIME] attack_exclusion_parallel_joined_ms=3295.5 wall_ms=1779338115775 variant=1 duration_ms=2056.241 wait_ms=0.011
[OK] 공격 배제 variant 저장: MissionPlanID=700000006 (elapsed=2056.2 ms)
[INFO] Option mapping #1: planID=700000006, optionCode=3(공격배제)
[REPLAN][TIME] variant_finished_ms=3296.1 wall_ms=1779338115775 variant=1 option=3 mode=attack_exclusion status=success duration_ms=2056.241
[OK] Stored mission data: MissionPlan=1, IndividualMission=0, FlightPath=0
[REPLAN][TIME] id_tab_update_deferred_ms=3297.2 wall_ms=1779338115776
[REPLAN][TIME] pipeline_done_ms=3297.3 wall_ms=1779338115776 plans=2 force_direct=False
[REPLAN][TIME] 0301_queued_ms=3297.4 wall_ms=1779338115777 plans=2
[STEP 4] 0301 push queued (planIds=700000005, 700000006)
[0402] delivery suppressed before 0301: Target 정보 변경으로 인한 재계획 중단
[0001] notice sent: Target 정보 변경으로 인한 재계획 중단
[REPLAN][METRIC] source_artifact_cache entries=27 hits=42 misses=27
[REPLAN][TIME] 0902_received_ms=0.3 wall_ms=1779338116485 trigger=attack_2_option replanLevel=2 optionCount=2 forceDirect=0
[REPLAN][TIME] 0902_archived_ms=1.7 wall_ms=1779338116486 path=replan_request_832653312721.json
[AUTO] 0902 received (planIds=700000007, 700000008)
[REPLAN][TIME] pipeline_scheduled_ms=2.8 wall_ms=1779338116487 delay_ms=0
[REPLAN][TIME] scheduled_start_ms=3.8 wall_ms=1779338116488
[REPLAN][TIME] 0305_status_1_ms=5.5 wall_ms=1779338116490 reason=표적79 등 3개 발견
[0305] status=1, reason=표적79 등 3개 발견 전송
[INFO] Using latest 0203 ID 1 for missionReferencePackageID (fallback)
[STEP 0] Replan pipeline start (reason=표적79 등 3개 발견)
[REPLAN][TIME] attack_exclusion_parallel_started_ms=11.4 wall_ms=1779338116496 option_index=2 sourcePlanID=700000002
[ATTACK-EXCLUDE] parallel generation started (sourcePlanID=700000002, optionIndex=2)
[ATTACK] 공격 특화 재계획 요청 감지 → 전용 파이프라인 실행
[ATTACK] [TIME] select_manned_aircraft=10ms
[ATTACK] STEP1 Selected manned aircraft: aircraft 2 (fuel=1200.0, coord=(37.831851959228516, 128.21351623535156, alt=1202))
[ATTACK] [TIME] load_target_entries=1ms
[ATTACK] STEP2 UAV tracking summary: watcher 4?’target 77, watcher 6?’target 78, watcher 5?’target 79, watcher 4?’target unknown-10, watcher 4?’target unknown-13, watcher 4?’target unknown-2, watcher 5?’target unknown-12, watcher 5?’target unknown-15, watcher 5?’target unknown-3, watcher 5?’target unknown-4, watcher 5?’target unknown-6, watcher 5?’target unknown-7, watcher 5?’target unknown-8, watcher 5?’target unknown-9, watcher 6?’target unknown-1, watcher 6?’target unknown-11, watcher 6?’target unknown-5
[ATTACK] STEP2.5 Using bundled 0402 targets: target=79 watcher=5, target=78 watcher=6, target=77 watcher=4
[ATTACK] STEP2.6 Multi-target manned selection: 2, 3
[ATTACK] [ATTACK] Selected target id=79 type=5 weaponType=2 (preferred=2, ammo={'type1': 500, 'type2': 7, 'type3': 2})
[ATTACK] [TIME] compute_attack_point=7ms
[ATTACK] STEP3 Attack plan completed: lat=37.893559, lon=128.191743, alt=964m
[ATTACK] [ATTACK] Using remembered waypoint 96 for watcher 5 while auto-tracking.
[ATTACK] [ATTACK] Weapon choice aircraft=2 preferred=2 selected=2 ammo={'type1': 500, 'type2': 7, 'type3': 2}
[ATTACK] [ATTACK][ETA] Tracking ETA computed with LAH max attack speed (dist=7122.7m, speed=73.61m/s, +30s) -> 127s
[ATTACK] [ATTACK] Using requested missionPlanID 700000007 (sourcePlanID=700000002)
[ATTACK] [ATTACK][POINT] Primary target adaptive standoff mode=far_projected_to_preferred_standoff currentDist=9122.738763148573m candidateDist=2000.0000000006862m standoff=300.0/2000.0m.
[ATTACK] [ATTACK][ETA] All UAVs tracking; using average ETA: 155s (from 3 values: [127, 188, 149])
[ATTACK] [ATTACK][ETA] All tracking ETAs unified to 155s
[ATTACK] [ATTACK][COLLAB] Remaining UAV entry lookahead applied: 9.0s (pathFollow=3, linearFallback=3, currentOnly=0)
[ATTACK] [PRIOR] Falling back to first mission for aircraft 2 (current waypoint not found in plan).
[ATTACK] [ATTACK][LAH] Inferred current waypoint from position -> 77.
[ATTACK] [ATTACK][LAH] Dropped current waypoint from resume path (currentWP=77, nextWP=78).
[ATTACK] [ATTACK][LAH] Using max attack speed 73.61m/s (265.0km/h) for aircraft 2.
[ATTACK] [ATTACK][LAH] Preserved completed prefix, built sequential attack missions, and reattached 2 follow-up mission(s) for aircraft 2.
[ATTACK] [ATTACK][LAH] Generated sequential attack/resume missions -> IMP:800000032.json attacks=2 resume=200000015.json (followUps=2)
[ATTACK] [PRIOR] Falling back to first mission for aircraft 3 (current waypoint not found in plan).
[ATTACK] [ATTACK][LAH] Using max attack speed 73.61m/s (265.0km/h) for aircraft 3.
[ATTACK] [ATTACK][LAH] Inferred current waypoint from position -> 83.
[ATTACK] [ATTACK][LAH] Dropped current waypoint from resume path (currentWP=83, nextWP=84).
[ATTACK] [ATTACK][LAH] Preserved completed prefix, inserted attack, and reattached 2 follow-up mission(s).
[ATTACK] [ATTACK][LAH] Generated attack/resume missions -> IMP:800000035.json PATHS:300000013.json/300000014.json (followUps=2)
[ATTACK] [PRIOR] Falling back to first mission for aircraft 1 (current waypoint not found in plan).
[ATTACK] [ATTACK][LAH] Inferred current waypoint from position -> 71.
[ATTACK] [ATTACK][LAH] Dropped current waypoint from resume path (currentWP=71, nextWP=72).
[ATTACK] [ATTACK][LAH] Preserved completed prefix, inserted hold, and reattached 2 follow-up mission(s).
[ATTACK] [ATTACK][LAH] Generated hold/resume missions -> IMP:800000036.json PATHS:100000013.json/100000014.json (followUps=2)
[ATTACK] [ATTACK][COLLAB] Collaborative replan skipped: no remaining source UAVs for current input.
[ATTACK] [ATTACK][UAV] Tracking target altitude kept for sensor only; flight altitude replaced 664m -> 1981m.
[ATTACK] [ATTACK][UAV] Resume trimmed by currentWP (lastRemovedWP=95).
[ATTACK] [ATTACK][UAV] Added replan anchor waypoint to done path (anchorWP=279).
[ATTACK] [ATTACK][UAV] Resume sweep trim applied (cutPoints=84, rawCutPoints=84, doneSweepPoints=0, pathID=500000004).
[ATTACK] [ATTACK][UAV] Resume searchSpeed scaled (factor=1.30, waypoints=1).
[ATTACK] [ATTACK][UAV] Preserved completed prefix, inserted tracking, and reattached 1 follow-up mission(s).
[ATTACK] [ATTACK][UAV] Generated tracking/resume missions -> IMP:800000037.json PATHS:500000017.json/500000018.json (followUps=1)
[ATTACK] [ATTACK][UAV] Tracking assignment state saved (aircraft=5, sourcePlan=700000002, attackPlan=700000007).
[ATTACK] [ATTACK][UAV] Tracking target altitude kept for sensor only; flight altitude replaced 694m -> 1971m.
[ATTACK] [ATTACK][UAV] Resume trimmed by currentWP (lastRemovedWP=99).
[ATTACK] [ATTACK][UAV] Added replan anchor waypoint to done path (anchorWP=286).
[ATTACK] [ATTACK][UAV] Resume sweep trim applied (cutPoints=70, rawCutPoints=70, doneSweepPoints=0, pathID=600000004).
[ATTACK] [ATTACK][UAV] Resume searchSpeed scaled (factor=1.30, waypoints=1).
[ATTACK] [ATTACK][UAV] Preserved completed prefix, inserted tracking, and reattached 1 follow-up mission(s).
[ATTACK] [ATTACK][UAV] Generated tracking/resume missions -> IMP:800000038.json PATHS:600000020.json/600000021.json (followUps=1)
[ATTACK] [ATTACK][UAV] Tracking assignment state saved (aircraft=6, sourcePlan=700000002, attackPlan=700000007).
[ATTACK] [ATTACK][UAV] Resume trimmed by currentWP (lastRemovedWP=91).
[ATTACK] [ATTACK][UAV] Added replan anchor waypoint to done path (anchorWP=293).
[ATTACK] [ATTACK][UAV] Resume sweep trim applied (cutPoints=83, rawCutPoints=83, doneSweepPoints=0, pathID=400000004).
[ATTACK] [ATTACK][UAV] Resume searchSpeed scaled (factor=1.30, waypoints=1).
[ATTACK] [ATTACK][UAV] Preserved completed prefix, inserted tracking, and reattached 1 follow-up mission(s).
[ATTACK] [ATTACK][UAV] Generated tracking/resume missions -> IMP:800000039.json PATHS:400000023.json/400000024.json (followUps=1)
[ATTACK] [ATTACK][UAV] Tracking assignment state saved (aircraft=4, sourcePlan=700000002, attackPlan=700000007).
[ATTACK] [ATTACK][PLAN] carried area remaining snapshot -> mission_area_snapshot_700000007.json (sourcePlanID=700000002, planID=700000007)
[ATTACK] [ATTACK][PLAN] MissionPlan saved -> 700000007.json (planID=700000007)
[ATTACK] [ATTACK][TIME] override_detail={"phases": {"metadata_normalize": {"elapsedMs": 0.007, "attackTargetCount": 3, "selectedMannedCount": 2}, "agent_index": {"elapsedMs": 0.083, "aircraftCount": 6}, "weapon_choice": {"elapsedMs": 3.606, "selectedWeaponType": 2, "ammoAvailable": true}, "initial_tracking_eta": {"elapsedMs": 0.647, "useDetectionTracking": true, "trackingEtaS": 127}, "resolve_source_plan": {"elapsedMs": 1.044, "sourcePlanID": 700000002}, "source_plan_load": {"elapsedMs": 0.399, "sourcePlanID": 700000002, "aircraftCount": 6}, "sweep_progress_load": {"elapsedMs": 0.528, "entries": 12}, "plan_id_resolve": {"elapsedMs": 0.019, "requested": true, "missionPlanID": 700000007}, "source_artifact_cache_build": {"elapsedMs": 0.011, "aircraftEntries": 6}, "done_input_ids_load": {"elapsedMs": 0.984, "count": 1}, "plan_deepcopy": {"elapsedMs": 0.053}, "target_uav_assignment": {"elapsedMs": 0.486, "assignedTargetCount": 3, "usedTrackingUavCount": 3}, "manned_sequence_assignment": {"elapsedMs": 21.672, "aircraftCount": 2, "error": null}, "attack_coordinate_resolution": {"elapsedMs": 25.264, "resolvedCount": 3, "mannedSequenceCount": 3}, "remaining_eta": {"elapsedMs": 0.642, "allUavCount": 3, "trackingUavCount": 3, "computedEtaCount": 3, "adjustedEtaS": 155}, "descriptor_list_build": {"elapsedMs": 0.032, "descriptorCount": 6, "activeMannedCount": 2, "otherLahCount": 1, "otherUavCount": 0}, "collab_tracking_scan": {"elapsedMs": 21.561, "inputCount": 1, "unavailableUavCount": 3}, "collab_agent_state_map": {"elapsedMs": 32.194, "aircraftCount": 6}, "collab_parallel_started": {"elapsedMs": 0.968, "inputCount": 1, "workers": 1}, "collab_parallel_join": {"elapsedMs": 0.644, "waitReason": "UAV_TRACK", "inputCount": 1}, "descriptor_loop": {"elapsedMs": 3466.8, "descriptorCount": 6, "updateCount": 6}, "mission_plan_write": {"elapsedMs": 14.036, "missionPlanID": 700000007}, "option_meta_build": {"elapsedMs": 0.04, "targetCount": 3, "collabInputCount": 0}}, "collabRuns": [{"inputMissionID": 2, "unavailableAircraftIDs": [4, 5, 6], "elapsedMs": 26.617, "status": "skipped"}], "descriptorDetails": [{"aircraftID": 2, "label": "manned", "mode": "LAH_ATTACK", "resolveArtifacts": {"elapsedMs": 1.569, "currentWaypointID": null, "sourcePathID": 200000001, "sourceImpID": 800000008}, "loadArtifacts": {"elapsedMs": 0.005, "impLoaded": true, "fpLoaded": true}, "cloneAndLocateMission": {"elapsedMs": 0.105, "missionCount": 3, "targetIndex": 0}, "allocateAndPlanUpdate": {"elapsedMs": 20.544, "newImpID": 800000032}, "builder": {"elapsedMs": 1041.952, "builderMode": "LAH_ATTACK"}, "status": "ok", "elapsedMs": 1064.301}, {"aircraftID": 3, "label": "manned", "mode": "LAH_ATTACK", "resolveArtifacts": {"elapsedMs": 0.971, "currentWaypointID": null, "sourcePathID": 300000001, "sourceImpID": 800000009}, "loadArtifacts": {"elapsedMs": 0.006, "impLoaded": true, "fpLoaded": true}, "cloneAndLocateMission": {"elapsedMs": 0.121, "missionCount": 3, "targetIndex": 0}, "allocateAndPlanUpdate": {"elapsedMs": 13.156, "newImpID": 800000035}, "builder": {"elapsedMs": 759.365, "builderMode": "LAH_ATTACK"}, "builderDetail": {"allocate_ids": {"elapsedMs": 284.841, "attackPathID": 300000013, "resumePathID": 300000014, "attackIndividualID": 900000081, "resumeIndividualID": 900000082, "entryWaypointID": 256, "attackWaypointID": 258}, "split_lah_resume": {"elapsedMs": 260.3, "resumeWaypointCount": 1, "removedWaypointID": 83}, "clone_followups": {"elapsedMs": 141.806, "followUpMissionCount": 2, "followUpPathCount": 2}, "payload_build": {"elapsedMs": 63.796, "hasResume": true, "followUpMissionCount": 2, "attackSpeedMps": 73.61}, "write_json": {"elapsedMs": 4.526, "fileCount": 5}, "totalMs": 758.105}, "status": "ok", "elapsedMs": 773.741}, {"aircraftID": 1, "label": "lah_hold_1", "mode": "LAH_HOLD_RESUME", "resolveArtifacts": {"elapsedMs": 0.514, "currentWaypointID": null, "sourcePathID": 100000001, "sourceImpID": 800000007}, "loadArtifacts": {"elapsedMs": 0.005, "impLoaded": true, "fpLoaded": true}, "cloneAndLocateMission": {"elapsedMs": 0.113, "missionCount": 3, "targetIndex": 0}, "allocateAndPlanUpdate": {"elapsedMs": 6.298, "newImpID": 800000036}, "builder": {"elapsedMs": 366.407, "builderMode": "LAH_HOLD_RESUME"}, "builderDetail": {"allocate_ids": {"elapsedMs": 17.368, "holdPathID": 100000013, "resumePathID": 100000014, "holdIndividualID": 900000085, "resumeIndividualID": 900000086}, "split_lah_resume": {"elapsedMs": 159.127, "resumeWaypointCount": 1, "removedWaypointID": 71}, "clone_followups": {"elapsedMs": 118.462, "followUpMissionCount": 2, "followUpPathCount": 2}, "payload_build": {"elapsedMs": 181.657, "hasResume": true, "followUpMissionCount": 2}, "write_json": {"elapsedMs": 4.847, "fileCount": 5}, "totalMs": 366.363}, "status": "ok", "elapsedMs": 373.445}, {"aircraftID": 5, "label": "uav_tracking_5", "mode": "UAV_TRACK", "resolveArtifacts": {"elapsedMs": 0.028, "currentWaypointID": 96, "sourcePathID": 500000004, "sourceImpID": 800000011}, "loadArtifacts": {"elapsedMs": 0.004, "impLoaded": true, "fpLoaded": true}, "cloneAndLocateMission": {"elapsedMs": 0.225, "missionCount": 3, "targetIndex": 1}, "allocateAndPlanUpdate": {"elapsedMs": 8.465, "newImpID": 800000037}, "builder": {"elapsedMs": 344.917, "builderMode": "UAV_TRACK"}, "builderDetail": {"allocate_ids": {"elapsedMs": 87.228, "donePathID": 500000016, "attackPathID": 500000017, "resumePathID": 500000018, "trackingIndividualID": 900000089, "resumeIndividualID": 900000090, "targetWaypointID": 278}, "split_done_resume": {"elapsedMs": 142.354, "sourceSinglePoint": false, "doneWaypointCount": 2, "resumeWaypointCount": 1, "removedWaypointID": 95}, "clone_followups": {"elapsedMs": 70.87, "followUpMissionCount": 1, "followUpPathCount": 1}, "write_json": {"elapsedMs": 36.24, "fileCount": 5}, "totalMs": 341.623}, "trackingState": {"elapsedMs": 1.593}, "status": "ok", "elapsedMs": 355.937}, {"aircraftID": 6, "label": "uav_tracking_6", "mode": "UAV_TRACK", "resolveArtifacts": {"elapsedMs": 0.025, "currentWaypointID": 100, "sourcePathID": 600000004, "sourceImpID": 800000012}, "loadArtifacts": {"elapsedMs": 0.003, "impLoaded": true, "fpLoaded": true}, "cloneAndLocateMission": {"elapsedMs": 0.171, "missionCount": 3, "targetIndex": 1}, "allocateAndPlanUpdate": {"elapsedMs": 6.929, "newImpID": 800000038}, "builder": {"elapsedMs": 411.468, "builderMode": "UAV_TRACK"}, "builderDetail": {"allocate_ids": {"elapsedMs": 114.877, "donePathID": 600000019, "attackPathID": 600000020, "resumePathID": 600000021, "trackingIndividualID": 900000092, "resumeIndividualID": 900000093, "targetWaypointID": 285}, "split_done_resume": {"elapsedMs": 181.783, "sourceSinglePoint": false, "doneWaypointCount": 2, "resumeWaypointCount": 1, "removedWaypointID": 99}, "clone_followups": {"elapsedMs": 70.965, "followUpMissionCount": 1, "followUpPathCount": 1}, "write_json": {"elapsedMs": 35.766, "fileCount": 5}, "totalMs": 408.916}, "trackingState": {"elapsedMs": 9.198}, "status": "ok", "elapsedMs": 430.002}, {"aircraftID": 4, "label": "uav_tracking_4", "mode": "UAV_TRACK", "resolveArtifacts": {"elapsedMs": 0.026, "currentWaypointID": 92, "sourcePathID": 400000004, "sourceImpID": 800000010}, "loadArtifacts": {"elapsedMs": 0.004, "impLoaded": true, "fpLoaded": true}, "cloneAndLocateMission": {"elapsedMs": 0.177, "missionCount": 3, "targetIndex": 1}, "allocateAndPlanUpdate": {"elapsedMs": 6.594, "newImpID": 800000039}, "builder": {"elapsedMs": 451.963, "builderMode": "UAV_TRACK"}, "builderDetail": {"allocate_ids": {"elapsedMs": 106.147, "donePathID": 400000022, "attackPathID": 400000023, "resumePathID": 400000024, "trackingIndividualID": 900000095, "resumeIndividualID": 900000096, "targetWaypointID": 292}, "split_done_resume": {"elapsedMs": 200.518, "sourceSinglePoint": false, "doneWaypointCount": 2, "resumeWaypointCount": 1, "removedWaypointID": 91}, "clone_followups": {"elapsedMs": 99.479, "followUpMissionCount": 1, "followUpPathCount": 1}, "write_json": {"elapsedMs": 37.063, "fileCount": 5}, "totalMs": 449.302}, "trackingState": {"elapsedMs": 8.633}, "status": "ok", "elapsedMs": 468.155}], "totalMs": 3588}
[ATTACK] [ATTACK][TIME] override_total=3588ms
[ATTACK] [TIME] apply_attack_plan_overrides=3596ms
[ATTACK] [TIME] timingMs={"read_source": 11.927, "descriptor_build": 10.025, "write_artifacts": 3605.202, "delivery_wait": 2.67}
[ATTACK] [TIME] total=3630ms
[ATTACK] 분석 로그 저장: C:\Users\TRL98\Desktop\LAH_MUMT\Logs\Scenario_2026-05-21T132543\SBC3\DSS_Internal\log_attack_algorithm_20260521T043520_127516.json
[ATTACK] mark target used: targetIDs=79, 78, 77
[ATTACK-EXCLUDE] ATTACK-EXCLUDE using requested missionPlanID 700000008 (sourcePlanID=700000002)
[ATTACK-EXCLUDE] [PRIOR][UAV] Resume trimmed by currentWP (lastRemovedWP=91).
[ATTACK-EXCLUDE] [PRIOR][UAV] Added replan anchor waypoint to done path (anchorWP=232).
[ATTACK-EXCLUDE] [PRIOR][UAV] Resume sweep trim applied (cutPoints=83, rawCutPoints=83, doneSweepPoints=0, pathID=400000004).
[ATTACK-EXCLUDE] [PRIOR][UAV] Resume searchSpeed scaled (factor=1.30, waypoints=1).
[ATTACK-EXCLUDE] [PRIOR][UAV] Generated done/resume mission -> aircraft=4 IMP:800000031.json PATHS:400000019.json/400000020.json
[ATTACK-EXCLUDE] [PRIOR][UAV] Resume trimmed by currentWP (lastRemovedWP=95).
[ATTACK-EXCLUDE] [PRIOR][UAV] Added replan anchor waypoint to done path (anchorWP=244).
[ATTACK-EXCLUDE] [PRIOR][UAV] Resume sweep trim applied (cutPoints=84, rawCutPoints=84, doneSweepPoints=0, pathID=500000004).
[ATTACK-EXCLUDE] [PRIOR][UAV] Resume searchSpeed scaled (factor=1.30, waypoints=1).
[ATTACK-EXCLUDE] [PRIOR][UAV] Generated done/resume mission -> aircraft=5 IMP:800000033.json PATHS:500000013.json/500000014.json
[ATTACK-EXCLUDE] [PRIOR][UAV] Resume trimmed by currentWP (lastRemovedWP=99).
[ATTACK-EXCLUDE] [PRIOR][UAV] Added replan anchor waypoint to done path (anchorWP=257).
[ATTACK-EXCLUDE] [PRIOR][UAV] Resume sweep trim applied (cutPoints=70, rawCutPoints=70, doneSweepPoints=0, pathID=600000004).
[ATTACK-EXCLUDE] [PRIOR][UAV] Resume searchSpeed scaled (factor=1.30, waypoints=1).
[ATTACK-EXCLUDE] [PRIOR][UAV] Generated done/resume mission -> aircraft=6 IMP:800000034.json PATHS:600000016.json/600000017.json
[ATTACK-EXCLUDE] 공격 배제 MissionPlan 저장 -> 700000008.json (planID=700000008)
[ATTACK-EXCLUDE] ATTACK-EXCLUDE carried area remaining snapshot -> mission_area_snapshot_700000008.json (sourcePlanID=700000002, planID=700000008)
[ATTACK] 공격 임무 계획 완료 (planIds=700000007)
[INFO] UAV params loaded (cruise=40.00, turn_step=15.0)
[INFO] Latest input snapshot → 0201:ID=1,ts=832652848738,src=-, 0203:ID=1,ts=832652848760,src=-
[STEP 0] Using latest 0201 ID 1 (1.json)
[STEP 0] Using latest 0203 ID 1 (1.json)
[CHECK] 0201/0203 필수 데이터 확인 시작
[OK] 0201 inputMissionList 확인됨 (count=3) → 진행
[OK] 0201 availableAircraftList 확인됨 (count=6) → 진행
[OK] 0201 inputMissionPackageType=1 확인
[OK] 0201 mainSensor=1 확인
[CHECK] 0201 기체 수=6 (UAV=3, LAH=3)
[CHECK] 0201 임무: total=3 missingID=0 missingDetail=0 missingShape=0 unknownType=0 typeZeroAuto=0 typeZeroInvalid=0 lineOnlyViolation=0 skippedSinglePoint=0
[OK] 0203 takeOverInfoList 확인됨 (count=3) → 진행
[OK] 0203 handOverInfoList 확인됨 (count=3) → 진행
[OK] 0203 flightAreaList 확인됨 (count=1) → 진행
[CHECK] 0203 flightAreaList count=1
[INFO] 임무 진행영역 스냅샷 적용: sourcePlan=700000002, updated=2, done=0
[INFO] 임무 진행영역 재계획 collapse 적용: groups=2, normalized=2, 3
[INFO] Filtered completed input missions (removed=1, converted=-, widthAdjusted=-, skippedSinglePoint=-, snapshot=updated=2, done=0, collapse=groups=2, normalized=2,3)
[REPLAN][TIME] variant_started_ms=3661.1 wall_ms=1779338120146 variant=1 option=3 mode=attack_exclusion
[variant 1] 공격 배제 병렬 결과 병합
[REPLAN][TIME] attack_exclusion_parallel_joined_ms=3673.0 wall_ms=1779338120157 variant=1 duration_ms=1709.214 wait_ms=0.008
[OK] 공격 배제 variant 저장: MissionPlanID=700000008 (elapsed=1709.2 ms)
[INFO] Option mapping #1: planID=700000008, optionCode=3(공격배제)
[REPLAN][TIME] variant_finished_ms=3673.1 wall_ms=1779338120158 variant=1 option=3 mode=attack_exclusion status=success duration_ms=1709.214
[OK] Stored mission data: MissionPlan=1, IndividualMission=0, FlightPath=0
[REPLAN][TIME] id_tab_update_deferred_ms=3674.3 wall_ms=1779338120159
[REPLAN][TIME] pipeline_done_ms=3674.4 wall_ms=1779338120159 plans=2 force_direct=False
[REPLAN][TIME] 0301_queued_ms=3674.4 wall_ms=1779338120159 plans=2
[STEP 4] 0301 push queued (planIds=700000007, 700000008)
[0301] missionPlanID=700000007 전송
[0301] missionPlanID=700000008 전송
[PUSH] 0301 direct batch send
[REPLAN][TIME] 0301_sent_ms=3902.1 wall_ms=1779338120387 plans=2
[REPLAN][TIME] post_0301_delivery_queued_ms=3903.0 wall_ms=1779338120387 grace_ms=0 timeout_ms=20 force_direct=0 mode=option_or_0901
[INFO] Post-0301 apply queued (mode=option_or_0901, grace=0ms, timeout=20ms, plans=2)
[REPLAN][TIME] 0305_status_2_ms=3906.9 wall_ms=1779338120391 reason=표적79 등 3개 발견
[0305] status=2, reason=표적79 등 3개 발견, elapsed=3.90s 전송
[REPLAN][TIME] post_0301_completion_ready_ms=3908.5 wall_ms=1779338120393 mode=option_or_0901
[REPLAN][METRIC] source_artifact_cache entries=27 hits=42 misses=27
[INFO] Post-0301 ready (timeout) -> sending 0901
[REPLAN][TIME] post_0301_flushed_ms=3949.0 wall_ms=1779338120433 delivery=0901 trigger=timeout
[REPLAN][TIME] 0901_sent_ms=3970.1 wall_ms=1779338120455 options=2
[0901] option request sent (count=2, codes=2(공격특화), 3(공격배제))
[REPLAN][TIME] id_tab_update_flushed_ms=3971.7 wall_ms=1779338120456
[REPLAN][TIME] 0902_received_ms=0.2 wall_ms=1779338129458 trigger=attack_2_option replanLevel=2 optionCount=2 forceDirect=0
[REPLAN][TIME] 0902_archived_ms=1.4 wall_ms=1779338129459 path=replan_request_832653328455.json
[AUTO] 0902 received (planIds=700000009, 700000010)
[REPLAN][TIME] pipeline_scheduled_ms=2.6 wall_ms=1779338129461 delay_ms=0
[REPLAN][TIME] scheduled_start_ms=3.5 wall_ms=1779338129462
[REPLAN][TIME] 0305_status_1_ms=5.5 wall_ms=1779338129463 reason=표적80 발견 재계획
[0305] status=1, reason=표적80 발견 재계획 전송
[INFO] Using latest 0203 ID 1 for missionReferencePackageID (fallback)
[STEP 0] Replan pipeline start (reason=표적80 발견 재계획)
[REPLAN][TIME] attack_exclusion_parallel_started_ms=10.5 wall_ms=1779338129468 option_index=2 sourcePlanID=700000008
[ATTACK-EXCLUDE] parallel generation started (sourcePlanID=700000008, optionIndex=2)
[ATTACK] 공격 특화 재계획 요청 감지 → 전용 파이프라인 실행
[ATTACK] [TIME] select_manned_aircraft=11ms
[ATTACK] STEP1 Selected manned aircraft: aircraft 2 (fuel=1200.0, coord=(37.83628463745117, 128.2170867919922, alt=1201))
[ATTACK] [TIME] load_target_entries=6ms
[ATTACK] STEP2 UAV tracking summary: watcher 5?’target 80, watcher 4?’target unknown-10, watcher 4?’target unknown-13, watcher 4?’target unknown-17, watcher 4?’target unknown-2, watcher 5?’target unknown-12, watcher 5?’target unknown-15, watcher 5?’target unknown-16, watcher 5?’target unknown-3, watcher 5?’target unknown-4, watcher 5?’target unknown-6, watcher 5?’target unknown-7, watcher 5?’target unknown-8, watcher 5?’target unknown-9, watcher 6?’target unknown-1, watcher 6?’target unknown-11, watcher 6?’target unknown-5, watcher 4?’target 77, watcher 6?’target 78, watcher 5?’target 79
[ATTACK] STEP2.5 Using bundled 0402 targets: target=80 watcher=5
[ATTACK] [ATTACK] Selected target id=80 type=1 weaponType=2 (preferred=2, ammo={'type1': 500, 'type2': 7, 'type3': 2})
[ATTACK] [TIME] compute_attack_point=7ms
[ATTACK] STEP3 Attack plan completed: lat=37.899301, lon=128.185066, alt=967m
[ATTACK] [ATTACK] Using remembered waypoint 248 for watcher 5 while auto-tracking.
[ATTACK] [ATTACK] Weapon choice aircraft=2 preferred=2 selected=2 ammo={'type1': 500, 'type2': 7, 'type3': 2}
[ATTACK] [ATTACK][ETA] Tracking ETA computed with LAH max attack speed (dist=7549.8m, speed=73.61m/s, +30s) -> 133s
[ATTACK] [ATTACK] Using requested missionPlanID 700000009 (sourcePlanID=700000008)
[ATTACK] [ATTACK][POINT] Primary target adaptive standoff mode=far_projected_to_preferred_standoff currentDist=9549.799718126947m candidateDist=2000.000000000453m standoff=300.0/2000.0m.
[ATTACK] [ATTACK][ETA] UAV 4 remaining mission time: 0.0s
[ATTACK] [ATTACK][ETA] UAV 6 remaining mission time: 0.0s
[ATTACK] [ATTACK][ETA] Non-tracking UAV ETA selected: UAV 4 with 0s remaining
[ATTACK] [ATTACK][ETA] All tracking ETAs unified to 0s
[ATTACK] [ATTACK][COLLAB] Remaining UAV entry lookahead applied: 9.0s (pathFollow=3, linearFallback=3, currentOnly=0)
[ATTACK] [PRIOR] Falling back to first mission for aircraft 2 (current waypoint not found in plan).
[FOV_DB] loaded 7010 rows, 7008 unique widths, path=C:\Users\TRL98\Desktop\LAH_MUMT\branNew\KU\DSS_KU\resource\db\fov_db_탱크_72_38_6_3.2.csv
[ATTACK] [ATTACK][LAH] Using max attack speed 73.61m/s (265.0km/h) for aircraft 2.
[ATTACK] [ATTACK][LAH] Inferred current waypoint from position -> 77.
[ATTACK] [ATTACK][LAH] Dropped current waypoint from resume path (currentWP=77, nextWP=78).
[ATTACK] [ATTACK][LAH] Preserved completed prefix, inserted attack, and reattached 2 follow-up mission(s).
[ATTACK] [ATTACK][LAH] Generated attack/resume missions -> IMP:800000041.json PATHS:200000018.json/200000019.json (followUps=2)
[ATTACK] [PRIOR] Falling back to first mission for aircraft 1 (current waypoint not found in plan).
[ATTACK] [ATTACK][LAH] Inferred current waypoint from position -> 71.
[ATTACK] [ATTACK][LAH] Dropped current waypoint from resume path (currentWP=71, nextWP=72).
[ATTACK] [ATTACK][LAH] Preserved completed prefix, inserted hold, and reattached 2 follow-up mission(s).
[ATTACK] [ATTACK][LAH] Generated hold/resume missions -> IMP:800000044.json PATHS:100000017.json/100000018.json (followUps=2)
[ATTACK] [PRIOR] Falling back to first mission for aircraft 3 (current waypoint not found in plan).
[ATTACK] [ATTACK][LAH] Inferred current waypoint from position -> 83.
[ATTACK] [ATTACK][LAH] Dropped current waypoint from resume path (currentWP=83, nextWP=84).
[ATTACK] [ATTACK][LAH] Preserved completed prefix, inserted hold, and reattached 2 follow-up mission(s).
[ATTACK] [ATTACK][LAH] Generated hold/resume missions -> IMP:800000045.json PATHS:300000017.json/300000018.json (followUps=2)
[ATTACK] [NEXTCOLLAB] division planner area-division pieces=2
[ATTACK] [NEXTCOLLAB] division planner final workflow=no_split paths=2
[ATTACK] [ATTACK][COLLAB] Collaborative replacement IMP written (aircraft=4, imp=800000046.json, missions=1).
[ATTACK] [ATTACK][COLLAB] Collaborative replacement IMP written (aircraft=6, imp=800000047.json, missions=1).
[ATTACK] [ATTACK][COLLAB] First sweep searchSpeed boosted (aircraft=4, pathID=400000029, waypointID=323, factor=1.30, old=658.66, new=856.26).
[ATTACK] [ATTACK][COLLAB] First sweep searchSpeed boosted (aircraft=6, pathID=600000026, waypointID=336, factor=1.30, old=931.19, new=1210.55).
[ATTACK] [ATTACK][COLLAB] Collaborative remaining mission replanned (inputMissionID=2, unavailable=[5], remaining=[4, 6], workflow=no_split).
[ATTACK] [ATTACK][UAV] Tracking target altitude kept for sensor only; flight altitude replaced 667m -> 1886m.
[ATTACK] [ATTACK][UAV] Source path has a single waypoint; preserving it as done and skipping done/resume split.
[ATTACK] [ATTACK][COLLAB] Tracking UAV resume replaced with release transit (aircraft=5, targetFinishEta=93, speed=58.0m/s).
[ATTACK] [ATTACK][UAV] Preserved completed prefix, inserted tracking, and reattached 1 follow-up mission(s).
[ATTACK] [ATTACK][UAV] Generated tracking/resume missions -> IMP:800000048.json PATHS:500000024.json/500000025.json (followUps=1)
[ATTACK] [ATTACK][UAV] Tracking assignment state saved (aircraft=5, sourcePlan=700000008, attackPlan=700000009).
[ATTACK] [ATTACK][COLLAB] Aircraft 4 handled by collaborative remaining replan (inputMissionID=2).
[ATTACK] [ATTACK][COLLAB] Aircraft 6 handled by collaborative remaining replan (inputMissionID=2).
[ATTACK] [ATTACK][PLAN] carried area remaining snapshot -> mission_area_snapshot_700000009.json (sourcePlanID=700000008, planID=700000009)
[ATTACK] [ATTACK][PLAN] MissionPlan saved -> 700000009.json (planID=700000009)
[ATTACK] [ATTACK][TIME] override_detail={"phases": {"metadata_normalize": {"elapsedMs": 0.007, "attackTargetCount": 1, "selectedMannedCount": 1}, "agent_index": {"elapsedMs": 0.082, "aircraftCount": 6}, "weapon_choice": {"elapsedMs": 2.773, "selectedWeaponType": 2, "ammoAvailable": true}, "initial_tracking_eta": {"elapsedMs": 0.497, "useDetectionTracking": true, "trackingEtaS": 133}, "resolve_source_plan": {"elapsedMs": 1.013, "sourcePlanID": 700000008}, "source_plan_load": {"elapsedMs": 0.574, "sourcePlanID": 700000008, "aircraftCount": 6}, "sweep_progress_load": {"elapsedMs": 6.514, "entries": 18}, "plan_id_resolve": {"elapsedMs": 0.019, "requested": true, "missionPlanID": 700000009}, "source_artifact_cache_build": {"elapsedMs": 0.016, "aircraftEntries": 6}, "done_input_ids_load": {"elapsedMs": 1.54, "count": 1}, "plan_deepcopy": {"elapsedMs": 0.052}, "target_uav_assignment": {"elapsedMs": 7.858, "assignedTargetCount": 1, "usedTrackingUavCount": 1}, "manned_sequence_assignment": {"elapsedMs": 3.693, "aircraftCount": 1, "error": null}, "attack_coordinate_resolution": {"elapsedMs": 2.915, "resolvedCount": 1, "mannedSequenceCount": 1}, "remaining_eta": {"elapsedMs": 7.768, "allUavCount": 3, "trackingUavCount": 1, "computedEtaCount": 1, "adjustedEtaS": 0}, "descriptor_list_build": {"elapsedMs": 0.042, "descriptorCount": 6, "activeMannedCount": 1, "otherLahCount": 2, "otherUavCount": 2}, "collab_tracking_scan": {"elapsedMs": 2.415, "inputCount": 1, "unavailableUavCount": 1}, "collab_agent_state_map": {"elapsedMs": 20.017, "aircraftCount": 6}, "collab_parallel_started": {"elapsedMs": 0.661, "inputCount": 1, "workers": 1}, "collab_parallel_join": {"elapsedMs": 4.562, "waitReason": "UAV_TRACK", "inputCount": 1}, "descriptor_loop": {"elapsedMs": 3446.161, "descriptorCount": 6, "updateCount": 4}, "final_collab_plan_update": {"elapsedMs": 0.01, "collabInputCount": 1}, "mission_plan_write": {"elapsedMs": 10.301, "missionPlanID": 700000009}, "option_meta_build": {"elapsedMs": 0.038, "targetCount": 1, "collabInputCount": 1}}, "collabRuns": [{"inputMissionID": 2, "unavailableAircraftIDs": [5], "elapsedMs": 2873.091, "status": "ok", "replacementAircraftIDs": [4, 6], "generatedPathCount": 2, "finishEtaS": 93, "workflow": "no_split"}], "descriptorDetails": [{"aircraftID": 2, "label": "manned", "mode": "LAH_ATTACK", "resolveArtifacts": {"elapsedMs": 0.889, "currentWaypointID": null, "sourcePathID": 200000001, "sourceImpID": 800000008}, "loadArtifacts": {"elapsedMs": 0.004, "impLoaded": true, "fpLoaded": true}, "cloneAndLocateMission": {"elapsedMs": 0.142, "missionCount": 3, "targetIndex": 0}, "allocateAndPlanUpdate": {"elapsedMs": 85.493, "newImpID": 800000041}, "builder": {"elapsedMs": 1310.678, "builderMode": "LAH_ATTACK"}, "builderDetail": {"allocate_ids": {"elapsedMs": 486.856, "attackPathID": 200000018, "resumePathID": 200000019, "attackIndividualID": 900000100, "resumeIndividualID": 900000101, "entryWaypointID": 302, "attackWaypointID": 303}, "split_lah_resume": {"elapsedMs": 272.158, "resumeWaypointCount": 1, "removedWaypointID": 77}, "clone_followups": {"elapsedMs": 440.844, "followUpMissionCount": 2, "followUpPathCount": 2}, "payload_build": {"elapsedMs": 93.412, "hasResume": true, "followUpMissionCount": 2, "attackSpeedMps": 73.61}, "write_json": {"elapsedMs": 10.287, "fileCount": 5}, "totalMs": 1307.721}, "status": "ok", "elapsedMs": 1397.328}, {"aircraftID": 1, "label": "lah_hold_1", "mode": "LAH_HOLD_RESUME", "resolveArtifacts": {"elapsedMs": 0.524, "currentWaypointID": null, "sourcePathID": 100000001, "sourceImpID": 800000007}, "loadArtifacts": {"elapsedMs": 0.004, "impLoaded": true, "fpLoaded": true}, "cloneAndLocateMission": {"elapsedMs": 0.129, "missionCount": 3, "targetIndex": 0}, "allocateAndPlanUpdate": {"elapsedMs": 114.368, "newImpID": 800000044}, "builder": {"elapsedMs": 876.991, "builderMode": "LAH_HOLD_RESUME"}, "builderDetail": {"allocate_ids": {"elapsedMs": 128.621, "holdPathID": 100000017, "resumePathID": 100000018, "holdIndividualID": 900000110, "resumeIndividualID": 900000111}, "split_lah_resume": {"elapsedMs": 394.523, "resumeWaypointCount": 1, "removedWaypointID": 71}, "clone_followups": {"elapsedMs": 245.506, "followUpMissionCount": 2, "followUpPathCount": 2}, "payload_build": {"elapsedMs": 338.712, "hasResume": true, "followUpMissionCount": 2}, "write_json": {"elapsedMs": 6.307, "fileCount": 5}, "totalMs": 876.939}, "status": "ok", "elapsedMs": 992.155}, {"aircraftID": 3, "label": "lah_hold_3", "mode": "LAH_HOLD_RESUME", "resolveArtifacts": {"elapsedMs": 1.067, "currentWaypointID": null, "sourcePathID": 300000001, "sourceImpID": 800000009}, "loadArtifacts": {"elapsedMs": 0.01, "impLoaded": true, "fpLoaded": true}, "cloneAndLocateMission": {"elapsedMs": 0.181, "missionCount": 3, "targetIndex": 0}, "allocateAndPlanUpdate": {"elapsedMs": 8.969, "newImpID": 800000045}, "builder": {"elapsedMs": 679.415, "builderMode": "LAH_HOLD_RESUME"}, "builderDetail": {"allocate_ids": {"elapsedMs": 18.505, "holdPathID": 300000017, "resumePathID": 300000018, "holdIndividualID": 900000114, "resumeIndividualID": 900000115}, "split_lah_resume": {"elapsedMs": 303.428, "resumeWaypointCount": 1, "removedWaypointID": 83}, "clone_followups": {"elapsedMs": 281.153, "followUpMissionCount": 2, "followUpPathCount": 2}, "payload_build": {"elapsedMs": 348.992, "hasResume": true, "followUpMissionCount": 2}, "write_json": {"elapsedMs": 5.239, "fileCount": 5}, "totalMs": 679.372}, "status": "ok", "elapsedMs": 689.792}, {"aircraftID": 5, "label": "uav_tracking_5", "mode": "UAV_TRACK", "resolveArtifacts": {"elapsedMs": 0.026, "currentWaypointID": 248, "sourcePathID": 500000014, "sourceImpID": 800000033}, "loadArtifacts": {"elapsedMs": 0.005, "impLoaded": true, "fpLoaded": true}, "cloneAndLocateMission": {"elapsedMs": 0.194, "missionCount": 2, "targetIndex": 0}, "allocateAndPlanUpdate": {"elapsedMs": 7.063, "newImpID": 800000048}, "builder": {"elapsedMs": 344.677, "builderMode": "UAV_TRACK"}, "builderDetail": {"allocate_ids": {"elapsedMs": 109.492, "donePathID": 500000023, "attackPathID": 500000024, "resumePathID": 500000025, "trackingIndividualID": 900000118, "resumeIndividualID": 900000119, "targetWaypointID": 342}, "split_done_resume": {"elapsedMs": 1.612, "sourceSinglePoint": true, "doneWaypointCount": 1, "resumeWaypointCount": 0, "removedWaypointID": 248}, "clone_followups": {"elapsedMs": 101.642, "followUpMissionCount": 1, "followUpPathCount": 1}, "release_resume": {"elapsedMs": 71.319, "releaseWaypointCount": 2, "targetFinishEtaS": 93}, "write_json": {"elapsedMs": 52.19, "fileCount": 5}, "totalMs": 342.082}, "trackingState": {"elapsedMs": 7.843}, "status": "ok", "elapsedMs": 360.503}, {"aircraftID": 4, "label": "uav_resume_4", "mode": "UAV_RESUME", "resolveArtifacts": {"elapsedMs": 0.023, "currentWaypointID": 237, "sourcePathID": 400000020, "sourceImpID": 800000031}, "loadArtifacts": {"elapsedMs": 0.004, "impLoaded": true, "fpLoaded": true}, "cloneAndLocateMission": {"elapsedMs": 0.137, "missionCount": 2, "targetIndex": 0}, "status": "handled_by_collab", "elapsedMs": 0.677}, {"aircraftID": 6, "label": "uav_resume_6", "mode": "UAV_RESUME", "resolveArtifacts": {"elapsedMs": 0.016, "currentWaypointID": 262, "sourcePathID": 600000017, "sourceImpID": 800000034}, "loadArtifacts": {"elapsedMs": 0.002, "impLoaded": true, "fpLoaded": true}, "cloneAndLocateMission": {"elapsedMs": 0.128, "missionCount": 2, "targetIndex": 0}, "status": "handled_by_collab", "elapsedMs": 0.618}], "totalMs": 3513}
[ATTACK] [ATTACK][TIME] override_total=3513ms
[ATTACK] [TIME] apply_attack_plan_overrides=3520ms
[ATTACK] [TIME] timingMs={"read_source": 19.421, "descriptor_build": 7.337, "write_artifacts": 3529.287, "delivery_wait": 6.434}
[ATTACK] [TIME] total=3563ms
[ATTACK] 분석 로그 저장: C:\Users\TRL98\Desktop\LAH_MUMT\Logs\Scenario_2026-05-21T132543\SBC3\DSS_Internal\log_attack_algorithm_20260521T043533_032643.json
[ATTACK] mark target used: targetIDs=80
[ATTACK-EXCLUDE] ATTACK-EXCLUDE using requested missionPlanID 700000010 (sourcePlanID=700000008)
[ATTACK-EXCLUDE] [PRIOR][UAV] Resume sweep trim applied (cutPoints=5, rawCutPoints=5, doneSweepPoints=0, pathID=400000020).
[ATTACK-EXCLUDE] [PRIOR][UAV] Resume searchSpeed scaled (factor=1.30, waypoints=1).
[ATTACK-EXCLUDE] [PRIOR][UAV] Generated done/resume mission -> aircraft=4 IMP:800000040.json PATHS:400000027.json
[ATTACK-EXCLUDE] [PRIOR][UAV] Resume sweep trim applied (cutPoints=5, rawCutPoints=5, doneSweepPoints=0, pathID=500000014).
[ATTACK-EXCLUDE] [PRIOR][UAV] Resume searchSpeed scaled (factor=1.30, waypoints=1).
[ATTACK-EXCLUDE] [PRIOR][UAV] Generated done/resume mission -> aircraft=5 IMP:800000042.json PATHS:500000021.json
[ATTACK-EXCLUDE] [PRIOR][UAV] Resume sweep trim applied (cutPoints=11, rawCutPoints=11, doneSweepPoints=0, pathID=600000017).
[ATTACK-EXCLUDE] [PRIOR][UAV] Resume searchSpeed scaled (factor=1.30, waypoints=1).
[ATTACK-EXCLUDE] [PRIOR][UAV] Generated done/resume mission -> aircraft=6 IMP:800000043.json PATHS:600000024.json
[ATTACK-EXCLUDE] 공격 배제 MissionPlan 저장 -> 700000010.json (planID=700000010)
[ATTACK-EXCLUDE] ATTACK-EXCLUDE carried area remaining snapshot -> mission_area_snapshot_700000010.json (sourcePlanID=700000008, planID=700000010)
[ATTACK] 공격 임무 계획 완료 (planIds=700000009)
[INFO] UAV params loaded (cruise=40.00, turn_step=15.0)
[INFO] Latest input snapshot → 0201:ID=1,ts=832652848738,src=-, 0203:ID=1,ts=832652848760,src=-
[STEP 0] Using latest 0201 ID 1 (1.json)
[STEP 0] Using latest 0203 ID 1 (1.json)
[CHECK] 0201/0203 필수 데이터 확인 시작
[OK] 0201 inputMissionList 확인됨 (count=3) → 진행
[OK] 0201 availableAircraftList 확인됨 (count=6) → 진행
[OK] 0201 inputMissionPackageType=1 확인
[OK] 0201 mainSensor=1 확인
[CHECK] 0201 기체 수=6 (UAV=3, LAH=3)
[CHECK] 0201 임무: total=3 missingID=0 missingDetail=0 missingShape=0 unknownType=0 typeZeroAuto=0 typeZeroInvalid=0 lineOnlyViolation=0 skippedSinglePoint=0
[OK] 0203 takeOverInfoList 확인됨 (count=3) → 진행
[OK] 0203 handOverInfoList 확인됨 (count=3) → 진행
[OK] 0203 flightAreaList 확인됨 (count=1) → 진행
[CHECK] 0203 flightAreaList count=1
[INFO] 임무 진행영역 스냅샷 적용: sourcePlan=700000008, updated=2, done=0
[INFO] 임무 진행영역 재계획 collapse 적용: groups=2, normalized=2, 3
[INFO] Filtered completed input missions (removed=1, converted=-, widthAdjusted=-, skippedSinglePoint=-, snapshot=updated=2, done=0, collapse=groups=2, normalized=2,3)
[REPLAN][TIME] variant_started_ms=3596.7 wall_ms=1779338133055 variant=1 option=3 mode=attack_exclusion
[variant 1] 공격 배제 병렬 결과 병합
[REPLAN][TIME] attack_exclusion_parallel_joined_ms=3604.6 wall_ms=1779338133063 variant=1 duration_ms=1950.346 wait_ms=0.012
[OK] 공격 배제 variant 저장: MissionPlanID=700000010 (elapsed=1950.3 ms)
[INFO] Option mapping #1: planID=700000010, optionCode=3(공격배제)
[REPLAN][TIME] variant_finished_ms=3604.8 wall_ms=1779338133063 variant=1 option=3 mode=attack_exclusion status=success duration_ms=1950.346
[OK] Stored mission data: MissionPlan=1, IndividualMission=0, FlightPath=0
[REPLAN][TIME] id_tab_update_deferred_ms=3606.0 wall_ms=1779338133064
[REPLAN][TIME] pipeline_done_ms=3606.0 wall_ms=1779338133064 plans=2 force_direct=False
[REPLAN][TIME] 0301_queued_ms=3606.1 wall_ms=1779338133064 plans=2
[STEP 4] 0301 push queued (planIds=700000009, 700000010)
[0402] delivery suppressed before 0301: Target 정보 변경으로 인한 재계획 중단
[0001] notice sent: Target 정보 변경으로 인한 재계획 중단
[REPLAN][METRIC] source_artifact_cache entries=24 hits=42 misses=24
[REPLAN][TIME] 0902_received_ms=0.3 wall_ms=1779338133715 trigger=attack_2_option replanLevel=2 optionCount=2 forceDirect=0
[REPLAN][TIME] 0902_archived_ms=1.5 wall_ms=1779338133716 path=replan_request_832653331950.json
[AUTO] 0902 received (planIds=700000011, 700000012)
[REPLAN][TIME] pipeline_scheduled_ms=2.8 wall_ms=1779338133718 delay_ms=0
[REPLAN][TIME] scheduled_start_ms=3.9 wall_ms=1779338133719
[REPLAN][TIME] 0305_status_1_ms=6.4 wall_ms=1779338133721 reason=표적81 등 2개 발견
[0305] status=1, reason=표적81 등 2개 발견 전송
[INFO] Using latest 0203 ID 1 for missionReferencePackageID (fallback)
[STEP 0] Replan pipeline start (reason=표적81 등 2개 발견)
[REPLAN][TIME] attack_exclusion_parallel_started_ms=14.0 wall_ms=1779338133729 option_index=2 sourcePlanID=700000008
[ATTACK-EXCLUDE] parallel generation started (sourcePlanID=700000008, optionIndex=2)
[ATTACK] 공격 특화 재계획 요청 감지 → 전용 파이프라인 실행
[ATTACK] [TIME] select_manned_aircraft=11ms
[ATTACK] STEP1 Selected manned aircraft: aircraft 3 (fuel=1200.0, coord=(37.79005432128906, 128.18545532226562, alt=1206))
[ATTACK] [TIME] load_target_entries=1ms
[ATTACK] STEP2 UAV tracking summary: watcher 5?’target 80, watcher 4?’target 81, watcher 4?’target unknown-10, watcher 4?’target unknown-13, watcher 4?’target unknown-17, watcher 4?’target unknown-2, watcher 5?’target unknown-12, watcher 5?’target unknown-15, watcher 5?’target unknown-16, watcher 5?’target unknown-3, watcher 5?’target unknown-4, watcher 5?’target unknown-6, watcher 5?’target unknown-7, watcher 5?’target unknown-8, watcher 5?’target unknown-9, watcher 6?’target unknown-1, watcher 6?’target unknown-11, watcher 6?’target unknown-5, watcher 4?’target 77, watcher 6?’target 78, watcher 5?’target 79
[ATTACK] STEP2.5 Using bundled 0402 targets: target=81 watcher=4, target=80 watcher=5
[ATTACK] STEP2.6 Multi-target manned selection: 2, 3
[ATTACK] [ATTACK] Selected target id=81 type=1 weaponType=2 (preferred=2, ammo={'type1': 500, 'type2': 7, 'type3': 2})
[ATTACK] [TIME] compute_attack_point=6ms
[ATTACK] STEP3 Attack plan completed: lat=37.899923, lon=128.181693, alt=983m
[ATTACK] [ATTACK] Using remembered waypoint 237 for watcher 4 while auto-tracking.
[ATTACK] [ATTACK] Weapon choice aircraft=2 preferred=2 selected=2 ammo={'type1': 500, 'type2': 7, 'type3': 2}
[ATTACK] [ATTACK][ETA] Tracking ETA computed with LAH max attack speed (dist=7625.9m, speed=73.61m/s, +30s) -> 134s
[ATTACK] [ATTACK] Using requested missionPlanID 700000011 (sourcePlanID=700000008)
[ATTACK] [ATTACK][POINT] Primary target adaptive standoff mode=candidate_within_standoff currentDist=9625.940672493613m candidateDist=1999.9999999997808m standoff=300.0/2000.0m.
[ATTACK] [ATTACK][ETA] UAV 6 remaining mission time: 0.0s
[ATTACK] [ATTACK][ETA] Non-tracking UAV ETA selected: UAV 6 with 0s remaining
[ATTACK] [ATTACK][ETA] All tracking ETAs unified to 0s
[ATTACK] [ATTACK][COLLAB] Remaining UAV entry lookahead applied: 9.0s (pathFollow=3, linearFallback=3, currentOnly=0)
[ATTACK] [PRIOR] Falling back to first mission for aircraft 2 (current waypoint not found in plan).
[FOV_DB] loaded 7010 rows, 7008 unique widths, path=C:\Users\TRL98\Desktop\LAH_MUMT\branNew\KU\DSS_KU\resource\db\fov_db_탱크_72_38_6_3.2.csv
[ATTACK] [ATTACK][LAH] Using max attack speed 73.61m/s (265.0km/h) for aircraft 2.
[ATTACK] [ATTACK][LAH] Inferred current waypoint from position -> 77.
[ATTACK] [ATTACK][LAH] Dropped current waypoint from resume path (currentWP=77, nextWP=78).
[ATTACK] [ATTACK][LAH] Preserved completed prefix, inserted attack, and reattached 2 follow-up mission(s).
[ATTACK] [ATTACK][LAH] Generated attack/resume missions -> IMP:800000050.json PATHS:200000022.json/200000023.json (followUps=2)
[ATTACK] [PRIOR] Falling back to first mission for aircraft 3 (current waypoint not found in plan).
[ATTACK] [ATTACK][LAH] Using max attack speed 73.61m/s (265.0km/h) for aircraft 3.
[ATTACK] [ATTACK][LAH] Inferred current waypoint from position -> 83.
[ATTACK] [ATTACK][LAH] Dropped current waypoint from resume path (currentWP=83, nextWP=84).
[ATTACK] [ATTACK][LAH] Preserved completed prefix, inserted attack, and reattached 2 follow-up mission(s).
[ATTACK] [ATTACK][LAH] Generated attack/resume missions -> IMP:800000053.json PATHS:300000021.json/300000022.json (followUps=2)
[ATTACK] [PRIOR] Falling back to first mission for aircraft 1 (current waypoint not found in plan).
[ATTACK] [ATTACK][LAH] Inferred current waypoint from position -> 71.
[ATTACK] [ATTACK][LAH] Dropped current waypoint from resume path (currentWP=71, nextWP=72).
[ATTACK] [ATTACK][LAH] Preserved completed prefix, inserted hold, and reattached 2 follow-up mission(s).
[ATTACK] [ATTACK][LAH] Generated hold/resume missions -> IMP:800000055.json PATHS:100000021.json/100000022.json (followUps=2)
[ATTACK] [NEXTCOLLAB] division planner area-division pieces=1
[ATTACK] [NEXTCOLLAB] division planner final workflow=no_split paths=1
[ATTACK] [ATTACK][COLLAB] Collaborative replacement IMP written (aircraft=6, imp=800000054.json, missions=1).
[ATTACK] [ATTACK][COLLAB] First sweep searchSpeed boosted (aircraft=6, pathID=600000027, waypointID=369, factor=1.30, old=905.62, new=1177.31).
[ATTACK] [ATTACK][COLLAB] Collaborative remaining mission replanned (inputMissionID=2, unavailable=[4, 5], remaining=[6], workflow=no_split).
[ATTACK] [ATTACK][UAV] Tracking target altitude kept for sensor only; flight altitude replaced 683m -> 1947m.
[ATTACK] [ATTACK][UAV] Source path has a single waypoint; preserving it as done and skipping done/resume split.
[ATTACK] [ATTACK][COLLAB] Tracking UAV resume replaced with release transit (aircraft=4, targetFinishEta=87, speed=58.0m/s).
[ATTACK] [ATTACK][UAV] Preserved completed prefix, inserted tracking, and reattached 1 follow-up mission(s).
[ATTACK] [ATTACK][UAV] Generated tracking/resume missions -> IMP:800000056.json PATHS:400000034.json/400000035.json (followUps=1)
[ATTACK] [ATTACK][UAV] Tracking assignment state saved (aircraft=4, sourcePlan=700000008, attackPlan=700000011).
[ATTACK] [ATTACK][UAV] Tracking target altitude kept for sensor only; flight altitude replaced 667m -> 1886m.
[ATTACK] [ATTACK][UAV] Source path has a single waypoint; preserving it as done and skipping done/resume split.
[ATTACK] [ATTACK][COLLAB] Tracking UAV resume replaced with release transit (aircraft=5, targetFinishEta=87, speed=58.0m/s).
[ATTACK] [ATTACK][UAV] Preserved completed prefix, inserted tracking, and reattached 1 follow-up mission(s).
[ATTACK] [ATTACK][UAV] Generated tracking/resume missions -> IMP:800000057.json PATHS:500000031.json/500000032.json (followUps=1)
[ATTACK] [ATTACK][UAV] Tracking assignment state saved (aircraft=5, sourcePlan=700000008, attackPlan=700000011).
[ATTACK] [ATTACK][COLLAB] Aircraft 6 handled by collaborative remaining replan (inputMissionID=2).
[ATTACK] [ATTACK][PLAN] carried area remaining snapshot -> mission_area_snapshot_700000011.json (sourcePlanID=700000008, planID=700000011)
[ATTACK] [ATTACK][PLAN] MissionPlan saved -> 700000011.json (planID=700000011)
[ATTACK] [ATTACK][TIME] override_detail={"phases": {"metadata_normalize": {"elapsedMs": 0.008, "attackTargetCount": 2, "selectedMannedCount": 2}, "agent_index": {"elapsedMs": 0.1, "aircraftCount": 6}, "weapon_choice": {"elapsedMs": 3.4, "selectedWeaponType": 2, "ammoAvailable": true}, "initial_tracking_eta": {"elapsedMs": 0.885, "useDetectionTracking": true, "trackingEtaS": 134}, "resolve_source_plan": {"elapsedMs": 1.316, "sourcePlanID": 700000008}, "source_plan_load": {"elapsedMs": 0.592, "sourcePlanID": 700000008, "aircraftCount": 6}, "sweep_progress_load": {"elapsedMs": 7.408, "entries": 18}, "plan_id_resolve": {"elapsedMs": 0.023, "requested": true, "missionPlanID": 700000011}, "source_artifact_cache_build": {"elapsedMs": 0.014, "aircraftEntries": 6}, "done_input_ids_load": {"elapsedMs": 1.084, "count": 1}, "plan_deepcopy": {"elapsedMs": 0.068}, "target_uav_assignment": {"elapsedMs": 6.896, "assignedTargetCount": 2, "usedTrackingUavCount": 2}, "manned_sequence_assignment": {"elapsedMs": 11.173, "aircraftCount": 2, "error": null}, "attack_coordinate_resolution": {"elapsedMs": 17.809, "resolvedCount": 2, "mannedSequenceCount": 2}, "remaining_eta": {"elapsedMs": 4.469, "allUavCount": 3, "trackingUavCount": 2, "computedEtaCount": 2, "adjustedEtaS": 0}, "descriptor_list_build": {"elapsedMs": 0.045, "descriptorCount": 6, "activeMannedCount": 2, "otherLahCount": 1, "otherUavCount": 1}, "collab_tracking_scan": {"elapsedMs": 5.07, "inputCount": 1, "unavailableUavCount": 2}, "collab_agent_state_map": {"elapsedMs": 31.667, "aircraftCount": 6}, "collab_parallel_started": {"elapsedMs": 0.702, "inputCount": 1, "workers": 1}, "collab_parallel_join": {"elapsedMs": 2.307, "waitReason": "UAV_TRACK", "inputCount": 1}, "descriptor_loop": {"elapsedMs": 3871.727, "descriptorCount": 6, "updateCount": 5}, "final_collab_plan_update": {"elapsedMs": 0.013, "collabInputCount": 1}, "mission_plan_write": {"elapsedMs": 11.192, "missionPlanID": 700000011}, "option_meta_build": {"elapsedMs": 0.051, "targetCount": 2, "collabInputCount": 1}}, "collabRuns": [{"inputMissionID": 2, "unavailableAircraftIDs": [4, 5], "elapsedMs": 2099.653, "status": "ok", "replacementAircraftIDs": [6], "generatedPathCount": 1, "finishEtaS": 87, "workflow": "no_split"}], "descriptorDetails": [{"aircraftID": 2, "label": "manned", "mode": "LAH_ATTACK", "resolveArtifacts": {"elapsedMs": 3.293, "currentWaypointID": null, "sourcePathID": 200000001, "sourceImpID": 800000008}, "loadArtifacts": {"elapsedMs": 0.006, "impLoaded": true, "fpLoaded": true}, "cloneAndLocateMission": {"elapsedMs": 0.183, "missionCount": 3, "targetIndex": 0}, "allocateAndPlanUpdate": {"elapsedMs": 65.9, "newImpID": 800000050}, "builder": {"elapsedMs": 1521.451, "builderMode": "LAH_ATTACK"}, "builderDetail": {"allocate_ids": {"elapsedMs": 488.062, "attackPathID": 200000022, "resumePathID": 200000023, "attackIndividualID": 900000123, "resumeIndividualID": 900000124, "entryWaypointID": 350, "attackWaypointID": 351}, "split_lah_resume": {"elapsedMs": 308.95, "resumeWaypointCount": 1, "removedWaypointID": 77}, "clone_followups": {"elapsedMs": 504.882, "followUpMissionCount": 2, "followUpPathCount": 2}, "payload_build": {"elapsedMs": 204.484, "hasResume": true, "followUpMissionCount": 2, "attackSpeedMps": 73.61}, "write_json": {"elapsedMs": 7.008, "fileCount": 5}, "totalMs": 1517.549}, "status": "ok", "elapsedMs": 1590.985}, {"aircraftID": 3, "label": "manned", "mode": "LAH_ATTACK", "resolveArtifacts": {"elapsedMs": 0.667, "currentWaypointID": null, "sourcePathID": 300000001, "sourceImpID": 800000009}, "loadArtifacts": {"elapsedMs": 0.006, "impLoaded": true, "fpLoaded": true}, "cloneAndLocateMission": {"elapsedMs": 0.121, "missionCount": 3, "targetIndex": 0}, "allocateAndPlanUpdate": {"elapsedMs": 7.305, "newImpID": 800000053}, "builder": {"elapsedMs": 982.939, "builderMode": "LAH_ATTACK"}, "builderDetail": {"allocate_ids": {"elapsedMs": 465.427, "attackPathID": 300000021, "resumePathID": 300000022, "attackIndividualID": 900000132, "resumeIndividualID": 900000133, "entryWaypointID": 367, "attackWaypointID": 371}, "split_lah_resume": {"elapsedMs": 260.974, "resumeWaypointCount": 1, "removedWaypointID": 83}, "clone_followups": {"elapsedMs": 164.439, "followUpMissionCount": 2, "followUpPathCount": 2}, "payload_build": {"elapsedMs": 76.617, "hasResume": true, "followUpMissionCount": 2, "attackSpeedMps": 73.61}, "write_json": {"elapsedMs": 10.256, "fileCount": 5}, "totalMs": 981.087}, "status": "ok", "elapsedMs": 991.167}, {"aircraftID": 1, "label": "lah_hold_1", "mode": "LAH_HOLD_RESUME", "resolveArtifacts": {"elapsedMs": 0.706, "currentWaypointID": null, "sourcePathID": 100000001, "sourceImpID": 800000007}, "loadArtifacts": {"elapsedMs": 0.006, "impLoaded": true, "fpLoaded": true}, "cloneAndLocateMission": {"elapsedMs": 0.167, "missionCount": 3, "targetIndex": 0}, "allocateAndPlanUpdate": {"elapsedMs": 7.691, "newImpID": 800000055}, "builder": {"elapsedMs": 527.572, "builderMode": "LAH_HOLD_RESUME"}, "builderDetail": {"allocate_ids": {"elapsedMs": 21.717, "holdPathID": 100000021, "resumePathID": 100000022, "holdIndividualID": 900000136, "resumeIndividualID": 900000137}, "split_lah_resume": {"elapsedMs": 255.701, "resumeWaypointCount": 1, "removedWaypointID": 71}, "clone_followups": {"elapsedMs": 164.007, "followUpMissionCount": 2, "followUpPathCount": 2}, "payload_build": {"elapsedMs": 242.102, "hasResume": true, "followUpMissionCount": 2}, "write_json": {"elapsedMs": 4.908, "fileCount": 5}, "totalMs": 527.525}, "status": "ok", "elapsedMs": 536.276}, {"aircraftID": 4, "label": "uav_tracking_4", "mode": "UAV_TRACK", "resolveArtifacts": {"elapsedMs": 0.019, "currentWaypointID": 237, "sourcePathID": 400000020, "sourceImpID": 800000031}, "loadArtifacts": {"elapsedMs": 0.003, "impLoaded": true, "fpLoaded": true}, "cloneAndLocateMission": {"elapsedMs": 0.138, "missionCount": 2, "targetIndex": 0}, "allocateAndPlanUpdate": {"elapsedMs": 6.518, "newImpID": 800000056}, "builder": {"elapsedMs": 365.348, "builderMode": "UAV_TRACK"}, "builderDetail": {"allocate_ids": {"elapsedMs": 118.333, "donePathID": 400000033, "attackPathID": 400000034, "resumePathID": 400000035, "trackingIndividualID": 900000140, "resumeIndividualID": 900000141, "targetWaypointID": 388}, "split_done_resume": {"elapsedMs": 0.873, "sourceSinglePoint": true, "doneWaypointCount": 1, "resumeWaypointCount": 0, "removedWaypointID": 237}, "clone_followups": {"elapsedMs": 104.302, "followUpMissionCount": 1, "followUpPathCount": 1}, "release_resume": {"elapsedMs": 92.155, "releaseWaypointCount": 2, "targetFinishEtaS": 87}, "write_json": {"elapsedMs": 42.872, "fileCount": 5}, "totalMs": 362.851}, "trackingState": {"elapsedMs": 10.183}, "status": "ok", "elapsedMs": 382.918}, {"aircraftID": 5, "label": "uav_tracking_5", "mode": "UAV_TRACK", "resolveArtifacts": {"elapsedMs": 0.025, "currentWaypointID": 248, "sourcePathID": 500000014, "sourceImpID": 800000033}, "loadArtifacts": {"elapsedMs": 0.004, "impLoaded": true, "fpLoaded": true}, "cloneAndLocateMission": {"elapsedMs": 0.181, "missionCount": 2, "targetIndex": 0}, "allocateAndPlanUpdate": {"elapsedMs": 6.601, "newImpID": 800000057}, "builder": {"elapsedMs": 356.084, "builderMode": "UAV_TRACK"}, "builderDetail": {"allocate_ids": {"elapsedMs": 121.781, "donePathID": 500000030, "attackPathID": 500000031, "resumePathID": 500000032, "trackingIndividualID": 900000143, "resumeIndividualID": 900000144, "targetWaypointID": 393}, "split_done_resume": {"elapsedMs": 0.915, "sourceSinglePoint": true, "doneWaypointCount": 1, "resumeWaypointCount": 0, "removedWaypointID": 248}, "clone_followups": {"elapsedMs": 102.157, "followUpMissionCount": 1, "followUpPathCount": 1}, "release_resume": {"elapsedMs": 87.555, "releaseWaypointCount": 2, "targetFinishEtaS": 87}, "write_json": {"elapsedMs": 37.207, "fileCount": 5}, "totalMs": 353.575}, "trackingState": {"elapsedMs": 2.632}, "status": "ok", "elapsedMs": 366.38}, {"aircraftID": 6, "label": "uav_resume_6", "mode": "UAV_RESUME", "resolveArtifacts": {"elapsedMs": 0.026, "currentWaypointID": 262, "sourcePathID": 600000017, "sourceImpID": 800000034}, "loadArtifacts": {"elapsedMs": 0.005, "impLoaded": true, "fpLoaded": true}, "cloneAndLocateMission": {"elapsedMs": 0.178, "missionCount": 2, "targetIndex": 0}, "status": "handled_by_collab", "elapsedMs": 1.026}], "totalMs": 3973}
[ATTACK] [ATTACK][TIME] override_total=3973ms
[ATTACK] [TIME] apply_attack_plan_overrides=3982ms
[ATTACK] [TIME] timingMs={"read_source": 13.507, "descriptor_build": 10.673, "write_artifacts": 3991.015, "delivery_wait": 6.937}
[ATTACK] [TIME] total=4023ms
[ATTACK] 분석 로그 저장: C:\Users\TRL98\Desktop\LAH_MUMT\Logs\Scenario_2026-05-21T132543\SBC3\DSS_Internal\log_attack_algorithm_20260521T043537_752741.json
[ATTACK] mark target used: targetIDs=81, 80
[ATTACK-EXCLUDE] ATTACK-EXCLUDE using requested missionPlanID 700000012 (sourcePlanID=700000008)
[ATTACK-EXCLUDE] [PRIOR][UAV] Resume sweep trim applied (cutPoints=6, rawCutPoints=6, doneSweepPoints=0, pathID=400000020).
[ATTACK-EXCLUDE] [PRIOR][UAV] Resume searchSpeed scaled (factor=1.30, waypoints=1).
[ATTACK-EXCLUDE] [PRIOR][UAV] Generated done/resume mission -> aircraft=4 IMP:800000049.json PATHS:400000031.json
[ATTACK-EXCLUDE] [PRIOR][UAV] Resume sweep trim applied (cutPoints=5, rawCutPoints=5, doneSweepPoints=0, pathID=500000014).
[ATTACK-EXCLUDE] [PRIOR][UAV] Resume searchSpeed scaled (factor=1.30, waypoints=1).
[ATTACK-EXCLUDE] [PRIOR][UAV] Generated done/resume mission -> aircraft=5 IMP:800000051.json PATHS:500000028.json
[ATTACK-EXCLUDE] [PRIOR][UAV] Resume sweep trim applied (cutPoints=14, rawCutPoints=14, doneSweepPoints=0, pathID=600000017).
[ATTACK-EXCLUDE] [PRIOR][UAV] Resume searchSpeed scaled (factor=1.30, waypoints=1).
[ATTACK-EXCLUDE] [PRIOR][UAV] Generated done/resume mission -> aircraft=6 IMP:800000052.json PATHS:600000029.json
[ATTACK-EXCLUDE] 공격 배제 MissionPlan 저장 -> 700000012.json (planID=700000012)
[ATTACK-EXCLUDE] ATTACK-EXCLUDE carried area remaining snapshot -> mission_area_snapshot_700000012.json (sourcePlanID=700000008, planID=700000012)
[ATTACK] 공격 임무 계획 완료 (planIds=700000011)
[INFO] UAV params loaded (cruise=40.00, turn_step=15.0)
[INFO] Latest input snapshot → 0201:ID=1,ts=832652848738,src=-, 0203:ID=1,ts=832652848760,src=-
[STEP 0] Using latest 0201 ID 1 (1.json)
[STEP 0] Using latest 0203 ID 1 (1.json)
[CHECK] 0201/0203 필수 데이터 확인 시작
[OK] 0201 inputMissionList 확인됨 (count=3) → 진행
[OK] 0201 availableAircraftList 확인됨 (count=6) → 진행
[OK] 0201 inputMissionPackageType=1 확인
[OK] 0201 mainSensor=1 확인
[CHECK] 0201 기체 수=6 (UAV=3, LAH=3)
[CHECK] 0201 임무: total=3 missingID=0 missingDetail=0 missingShape=0 unknownType=0 typeZeroAuto=0 typeZeroInvalid=0 lineOnlyViolation=0 skippedSinglePoint=0
[OK] 0203 takeOverInfoList 확인됨 (count=3) → 진행
[OK] 0203 handOverInfoList 확인됨 (count=3) → 진행
[OK] 0203 flightAreaList 확인됨 (count=1) → 진행
[CHECK] 0203 flightAreaList count=1
[INFO] 임무 진행영역 스냅샷 적용: sourcePlan=700000008, updated=2, done=0
[INFO] 임무 진행영역 재계획 collapse 적용: groups=2, normalized=2, 3
[INFO] Filtered completed input missions (removed=1, converted=-, widthAdjusted=-, skippedSinglePoint=-, snapshot=updated=2, done=0, collapse=groups=2, normalized=2,3)
[REPLAN][TIME] variant_started_ms=4059.5 wall_ms=1779338137774 variant=1 option=3 mode=attack_exclusion
[variant 1] 공격 배제 병렬 결과 병합
[REPLAN][TIME] attack_exclusion_parallel_joined_ms=4067.6 wall_ms=1779338137782 variant=1 duration_ms=2167.553 wait_ms=0.007
[OK] 공격 배제 variant 저장: MissionPlanID=700000012 (elapsed=2167.6 ms)
[INFO] Option mapping #1: planID=700000012, optionCode=3(공격배제)
[REPLAN][TIME] variant_finished_ms=4067.7 wall_ms=1779338137782 variant=1 option=3 mode=attack_exclusion status=success duration_ms=2167.553
[OK] Stored mission data: MissionPlan=1, IndividualMission=0, FlightPath=0
[REPLAN][TIME] id_tab_update_deferred_ms=4069.0 wall_ms=1779338137784
[REPLAN][TIME] pipeline_done_ms=4069.0 wall_ms=1779338137784 plans=2 force_direct=False
[REPLAN][TIME] 0301_queued_ms=4069.0 wall_ms=1779338137784 plans=2
[STEP 4] 0301 push queued (planIds=700000011, 700000012)
[0301] missionPlanID=700000011 전송
[0301] missionPlanID=700000012 전송
[PUSH] 0301 direct batch send
[REPLAN][TIME] 0301_sent_ms=4307.5 wall_ms=1779338138022 plans=2
[REPLAN][TIME] post_0301_delivery_queued_ms=4309.2 wall_ms=1779338138024 grace_ms=0 timeout_ms=20 force_direct=0 mode=option_or_0901
[INFO] Post-0301 apply queued (mode=option_or_0901, grace=0ms, timeout=20ms, plans=2)
[REPLAN][TIME] 0305_status_2_ms=4312.4 wall_ms=1779338138027 reason=표적81 등 2개 발견
[0305] status=2, reason=표적81 등 2개 발견, elapsed=4.31s 전송
[REPLAN][TIME] post_0301_completion_ready_ms=4313.6 wall_ms=1779338138028 mode=option_or_0901
[REPLAN][METRIC] source_artifact_cache entries=24 hits=42 misses=24
[INFO] Post-0301 ready (timeout) -> sending 0901
[REPLAN][TIME] post_0301_flushed_ms=4339.5 wall_ms=1779338138054 delivery=0901 trigger=timeout
[REPLAN][TIME] 0901_sent_ms=4342.3 wall_ms=1779338138057 options=2
[0901] option request sent (count=2, codes=2(공격특화), 3(공격배제))
[REPLAN][TIME] id_tab_update_flushed_ms=4343.6 wall_ms=1779338138058
[REPLAN][TIME] 0902_received_ms=0.2 wall_ms=1779338147195 trigger=attack_2_option replanLevel=2 optionCount=2 forceDirect=0
[REPLAN][TIME] 0902_archived_ms=1.2 wall_ms=1779338147196 path=replan_request_832653345950.json
[AUTO] 0902 received (planIds=700000013, 700000014)
[REPLAN][TIME] pipeline_scheduled_ms=2.2 wall_ms=1779338147197 delay_ms=0
[REPLAN][TIME] scheduled_start_ms=3.1 wall_ms=1779338147198
[REPLAN][TIME] 0305_status_1_ms=4.9 wall_ms=1779338147199 reason=표적82 발견 재계획
[0305] status=1, reason=표적82 발견 재계획 전송
[INFO] Using latest 0203 ID 1 for missionReferencePackageID (fallback)
[STEP 0] Replan pipeline start (reason=표적82 발견 재계획)
[REPLAN][TIME] attack_exclusion_parallel_started_ms=11.2 wall_ms=1779338147206 option_index=2 sourcePlanID=700000012
[ATTACK-EXCLUDE] parallel generation started (sourcePlanID=700000012, optionIndex=2)
[ATTACK] 공격 특화 재계획 요청 감지 → 전용 파이프라인 실행
[ATTACK] [TIME] select_manned_aircraft=10ms
[ATTACK] STEP1 Selected manned aircraft: aircraft 2 (fuel=1200.0, coord=(37.842201232910156, 128.22183227539062, alt=1201))
[ATTACK] [TIME] load_target_entries=7ms
[ATTACK] STEP2 UAV tracking summary: watcher 5?’target 82, watcher 4?’target unknown-10, watcher 4?’target unknown-13, watcher 4?’target unknown-17, watcher 4?’target unknown-2, watcher 5?’target unknown-12, watcher 5?’target unknown-15, watcher 5?’target unknown-16, watcher 5?’target unknown-18, watcher 5?’target unknown-3, watcher 5?’target unknown-4, watcher 5?’target unknown-6, watcher 5?’target unknown-7, watcher 5?’target unknown-8, watcher 5?’target unknown-9, watcher 6?’target unknown-1, watcher 6?’target unknown-11, watcher 6?’target unknown-5, watcher 4?’target 77, watcher 6?’target 78, watcher 5?’target 79, watcher 5?’target 80, watcher 4?’target 81
[ATTACK] STEP2.5 Using bundled 0402 targets: target=82 watcher=5
[ATTACK] [ATTACK] Selected target id=82 type=1 weaponType=2 (preferred=2, ammo={'type1': 500, 'type2': 7, 'type3': 2})
[ATTACK] [TIME] compute_attack_point=6ms
[ATTACK] STEP3 Attack plan completed: lat=37.898686, lon=128.188988, alt=960m
[ATTACK] [ATTACK] Using remembered waypoint 357 for watcher 5 while auto-tracking.
[ATTACK] [ATTACK] Weapon choice aircraft=2 preferred=2 selected=2 ammo={'type1': 500, 'type2': 7, 'type3': 2}
[ATTACK] [ATTACK][ETA] Tracking ETA computed with LAH max attack speed (dist=6910.9m, speed=73.61m/s, +30s) -> 124s
[ATTACK] [ATTACK] Using requested missionPlanID 700000013 (sourcePlanID=700000012)
[ATTACK] [ATTACK][POINT] Primary target adaptive standoff mode=candidate_within_standoff currentDist=8910.92103678347m candidateDist=1999.9999999994786m standoff=300.0/2000.0m.
[ATTACK] [ATTACK][ETA] UAV 4 remaining mission time: 0.0s
[ATTACK] [ATTACK][ETA] UAV 6 remaining mission time: 0.0s
[ATTACK] [ATTACK][ETA] Non-tracking UAV ETA selected: UAV 4 with 0s remaining
[ATTACK] [ATTACK][ETA] All tracking ETAs unified to 0s
[ATTACK] [ATTACK][COLLAB] Remaining UAV entry lookahead applied: 9.0s (pathFollow=3, linearFallback=3, currentOnly=0)
[ATTACK] [PRIOR] Falling back to first mission for aircraft 2 (current waypoint not found in plan).
[FOV_DB] loaded 7010 rows, 7008 unique widths, path=C:\Users\TRL98\Desktop\LAH_MUMT\branNew\KU\DSS_KU\resource\db\fov_db_탱크_72_38_6_3.2.csv
[ATTACK] [ATTACK][LAH] Using max attack speed 73.61m/s (265.0km/h) for aircraft 2.
[ATTACK] [ATTACK][LAH] Inferred current waypoint from position -> 77.
[ATTACK] [ATTACK][LAH] Dropped current waypoint from resume path (currentWP=77, nextWP=78).
[ATTACK] [ATTACK][LAH] Preserved completed prefix, inserted attack, and reattached 2 follow-up mission(s).
[ATTACK] [ATTACK][LAH] Generated attack/resume missions -> IMP:800000059.json PATHS:200000026.json/200000027.json (followUps=2)
[ATTACK] [PRIOR] Falling back to first mission for aircraft 1 (current waypoint not found in plan).
[ATTACK] [ATTACK][LAH] Inferred current waypoint from position -> 71.
[ATTACK] [ATTACK][LAH] Dropped current waypoint from resume path (currentWP=71, nextWP=72).
[ATTACK] [ATTACK][LAH] Preserved completed prefix, inserted hold, and reattached 2 follow-up mission(s).
[ATTACK] [ATTACK][LAH] Generated hold/resume missions -> IMP:800000063.json PATHS:100000025.json/100000026.json (followUps=2)
[ATTACK] [PRIOR] Falling back to first mission for aircraft 3 (current waypoint not found in plan).
[ATTACK] [ATTACK][LAH] Inferred current waypoint from position -> 83.
[ATTACK] [ATTACK][LAH] Dropped current waypoint from resume path (currentWP=83, nextWP=84).
[ATTACK] [ATTACK][LAH] Preserved completed prefix, inserted hold, and reattached 2 follow-up mission(s).
[ATTACK] [ATTACK][LAH] Generated hold/resume missions -> IMP:800000064.json PATHS:300000025.json/300000026.json (followUps=2)
[ATTACK] [NEXTCOLLAB] division planner area-division pieces=2
[ATTACK] [NEXTCOLLAB] division planner final workflow=no_split paths=1
[ATTACK] [ATTACK][COLLAB] Collaborative replacement IMP written (aircraft=4, imp=800000061.json, missions=1).
[ATTACK] [ATTACK][COLLAB] First sweep searchSpeed boosted (aircraft=4, pathID=400000040, waypointID=409, factor=1.30, old=1495.76, new=1944.48).
[ATTACK] [ATTACK][COLLAB] Collaborative remaining mission replanned (inputMissionID=2, unavailable=[5], remaining=[4], workflow=no_split).
[ATTACK] [ATTACK][UAV] Tracking target altitude kept for sensor only; flight altitude replaced 660m -> 1886m.
[ATTACK] [ATTACK][UAV] Source path has a single waypoint; preserving it as done and skipping done/resume split.
[ATTACK] [ATTACK][COLLAB] Tracking UAV resume replaced with release transit (aircraft=5, targetFinishEta=21, speed=58.0m/s).
[ATTACK] [ATTACK][UAV] Preserved completed prefix, inserted tracking, and reattached 1 follow-up mission(s).
[ATTACK] [ATTACK][UAV] Generated tracking/resume missions -> IMP:800000065.json PATHS:500000038.json/500000039.json (followUps=1)
[ATTACK] [ATTACK][UAV] Tracking assignment state saved (aircraft=5, sourcePlan=700000012, attackPlan=700000013).
[ATTACK] [ATTACK][COLLAB] Aircraft 4 handled by collaborative remaining replan (inputMissionID=2).
[ATTACK] [ATTACK][UAV] Resume sweep trim applied (cutPoints=8, rawCutPoints=8, doneSweepPoints=0, pathID=600000029).
[ATTACK] [ATTACK][UAV] Resume searchSpeed scaled (factor=1.30, waypoints=1).
[ATTACK] [ATTACK][UAV] Preserved completed prefix, inserted resume, and reattached 1 follow-up mission(s).
[ATTACK] [ATTACK][UAV] Generated resume-only mission -> IMP:800000066.json PATH:600000035.json (followUps=1)
[ATTACK] [ATTACK][PLAN] carried area remaining snapshot -> mission_area_snapshot_700000013.json (sourcePlanID=700000012, planID=700000013)
[ATTACK] [ATTACK][PLAN] MissionPlan saved -> 700000013.json (planID=700000013)
[ATTACK] [ATTACK][TIME] override_detail={"phases": {"metadata_normalize": {"elapsedMs": 0.008, "attackTargetCount": 1, "selectedMannedCount": 1}, "agent_index": {"elapsedMs": 0.084, "aircraftCount": 6}, "weapon_choice": {"elapsedMs": 2.663, "selectedWeaponType": 2, "ammoAvailable": true}, "initial_tracking_eta": {"elapsedMs": 0.536, "useDetectionTracking": true, "trackingEtaS": 124}, "resolve_source_plan": {"elapsedMs": 1.305, "sourcePlanID": 700000012}, "source_plan_load": {"elapsedMs": 1.721, "sourcePlanID": 700000012, "aircraftCount": 6}, "sweep_progress_load": {"elapsedMs": 2.185, "entries": 24}, "plan_id_resolve": {"elapsedMs": 0.019, "requested": true, "missionPlanID": 700000013}, "source_artifact_cache_build": {"elapsedMs": 0.017, "aircraftEntries": 6}, "done_input_ids_load": {"elapsedMs": 1.678, "count": 1}, "plan_deepcopy": {"elapsedMs": 0.052}, "target_uav_assignment": {"elapsedMs": 0.688, "assignedTargetCount": 1, "usedTrackingUavCount": 1}, "manned_sequence_assignment": {"elapsedMs": 4.242, "aircraftCount": 1, "error": null}, "attack_coordinate_resolution": {"elapsedMs": 3.512, "resolvedCount": 1, "mannedSequenceCount": 1}, "remaining_eta": {"elapsedMs": 6.162, "allUavCount": 3, "trackingUavCount": 1, "computedEtaCount": 1, "adjustedEtaS": 0}, "descriptor_list_build": {"elapsedMs": 0.034, "descriptorCount": 6, "activeMannedCount": 1, "otherLahCount": 2, "otherUavCount": 2}, "collab_tracking_scan": {"elapsedMs": 2.449, "inputCount": 1, "unavailableUavCount": 1}, "collab_agent_state_map": {"elapsedMs": 10.734, "aircraftCount": 6}, "collab_parallel_started": {"elapsedMs": 0.792, "inputCount": 1, "workers": 1}, "collab_parallel_join": {"elapsedMs": 2.247, "waitReason": "UAV_TRACK", "inputCount": 1}, "descriptor_loop": {"elapsedMs": 3895.452, "descriptorCount": 6, "updateCount": 5}, "final_collab_plan_update": {"elapsedMs": 0.009, "collabInputCount": 1}, "mission_plan_write": {"elapsedMs": 10.881, "missionPlanID": 700000013}, "option_meta_build": {"elapsedMs": 0.038, "targetCount": 1, "collabInputCount": 1}}, "collabRuns": [{"inputMissionID": 2, "unavailableAircraftIDs": [5], "elapsedMs": 1368.677, "status": "ok", "replacementAircraftIDs": [4], "generatedPathCount": 1, "finishEtaS": 21, "workflow": "no_split"}], "descriptorDetails": [{"aircraftID": 2, "label": "manned", "mode": "LAH_ATTACK", "resolveArtifacts": {"elapsedMs": 0.726, "currentWaypointID": null, "sourcePathID": 200000001, "sourceImpID": 800000008}, "loadArtifacts": {"elapsedMs": 0.004, "impLoaded": true, "fpLoaded": true}, "cloneAndLocateMission": {"elapsedMs": 0.145, "missionCount": 3, "targetIndex": 0}, "allocateAndPlanUpdate": {"elapsedMs": 27.212, "newImpID": 800000059}, "builder": {"elapsedMs": 1759.726, "builderMode": "LAH_ATTACK"}, "builderDetail": {"allocate_ids": {"elapsedMs": 704.134, "attackPathID": 200000026, "resumePathID": 200000027, "attackIndividualID": 900000148, "resumeIndividualID": 900000149, "entryWaypointID": 401, "attackWaypointID": 402}, "split_lah_resume": {"elapsedMs": 419.046, "resumeWaypointCount": 1, "removedWaypointID": 77}, "clone_followups": {"elapsedMs": 526.515, "followUpMissionCount": 2, "followUpPathCount": 2}, "payload_build": {"elapsedMs": 99.392, "hasResume": true, "followUpMissionCount": 2, "attackSpeedMps": 73.61}, "write_json": {"elapsedMs": 4.208, "fileCount": 5}, "totalMs": 1756.919}, "status": "ok", "elapsedMs": 1787.949}, {"aircraftID": 1, "label": "lah_hold_1", "mode": "LAH_HOLD_RESUME", "resolveArtifacts": {"elapsedMs": 0.866, "currentWaypointID": null, "sourcePathID": 100000001, "sourceImpID": 800000007}, "loadArtifacts": {"elapsedMs": 0.005, "impLoaded": true, "fpLoaded": true}, "cloneAndLocateMission": {"elapsedMs": 0.121, "missionCount": 3, "targetIndex": 0}, "allocateAndPlanUpdate": {"elapsedMs": 7.738, "newImpID": 800000063}, "builder": {"elapsedMs": 821.553, "builderMode": "LAH_HOLD_RESUME"}, "builderDetail": {"allocate_ids": {"elapsedMs": 40.437, "holdPathID": 100000025, "resumePathID": 100000026, "holdIndividualID": 900000157, "resumeIndividualID": 900000158}, "split_lah_resume": {"elapsedMs": 490.048, "resumeWaypointCount": 1, "removedWaypointID": 71}, "clone_followups": {"elapsedMs": 200.247, "followUpMissionCount": 2, "followUpPathCount": 2}, "payload_build": {"elapsedMs": 282.75, "hasResume": true, "followUpMissionCount": 2}, "write_json": {"elapsedMs": 4.704, "fileCount": 5}, "totalMs": 821.511}, "status": "ok", "elapsedMs": 830.403}, {"aircraftID": 3, "label": "lah_hold_3", "mode": "LAH_HOLD_RESUME", "resolveArtifacts": {"elapsedMs": 0.548, "currentWaypointID": null, "sourcePathID": 300000001, "sourceImpID": 800000009}, "loadArtifacts": {"elapsedMs": 0.008, "impLoaded": true, "fpLoaded": true}, "cloneAndLocateMission": {"elapsedMs": 0.123, "missionCount": 3, "targetIndex": 0}, "allocateAndPlanUpdate": {"elapsedMs": 6.727, "newImpID": 800000064}, "builder": {"elapsedMs": 578.417, "builderMode": "LAH_HOLD_RESUME"}, "builderDetail": {"allocate_ids": {"elapsedMs": 18.036, "holdPathID": 300000025, "resumePathID": 300000026, "holdIndividualID": 900000161, "resumeIndividualID": 900000162}, "split_lah_resume": {"elapsedMs": 266.411, "resumeWaypointCount": 1, "removedWaypointID": 83}, "clone_followups": {"elapsedMs": 191.556, "followUpMissionCount": 2, "followUpPathCount": 2}, "payload_build": {"elapsedMs": 285.714, "hasResume": true, "followUpMissionCount": 2}, "write_json": {"elapsedMs": 4.881, "fileCount": 5}, "totalMs": 578.375}, "status": "ok", "elapsedMs": 585.955}, {"aircraftID": 5, "label": "uav_tracking_5", "mode": "UAV_TRACK", "resolveArtifacts": {"elapsedMs": 0.02, "currentWaypointID": 357, "sourcePathID": 500000028, "sourceImpID": 800000051}, "loadArtifacts": {"elapsedMs": 0.003, "impLoaded": true, "fpLoaded": true}, "cloneAndLocateMission": {"elapsedMs": 0.133, "missionCount": 2, "targetIndex": 0}, "allocateAndPlanUpdate": {"elapsedMs": 6.379, "newImpID": 800000065}, "builder": {"elapsedMs": 388.526, "builderMode": "UAV_TRACK"}, "builderDetail": {"allocate_ids": {"elapsedMs": 118.398, "donePathID": 500000037, "attackPathID": 500000038, "resumePathID": 500000039, "trackingIndividualID": 900000165, "resumeIndividualID": 900000166, "targetWaypointID": 437}, "split_done_resume": {"elapsedMs": 1.09, "sourceSinglePoint": true, "doneWaypointCount": 1, "resumeWaypointCount": 0, "removedWaypointID": 357}, "clone_followups": {"elapsedMs": 115.364, "followUpMissionCount": 1, "followUpPathCount": 1}, "release_resume": {"elapsedMs": 88.142, "releaseWaypointCount": 2, "targetFinishEtaS": 21}, "write_json": {"elapsedMs": 53.498, "fileCount": 5}, "totalMs": 385.644}, "trackingState": {"elapsedMs": 9.005}, "status": "ok", "elapsedMs": 404.798}, {"aircraftID": 4, "label": "uav_resume_4", "mode": "UAV_RESUME", "resolveArtifacts": {"elapsedMs": 0.026, "currentWaypointID": 349, "sourcePathID": 400000031, "sourceImpID": 800000049}, "loadArtifacts": {"elapsedMs": 0.004, "impLoaded": true, "fpLoaded": true}, "cloneAndLocateMission": {"elapsedMs": 0.182, "missionCount": 2, "targetIndex": 0}, "status": "handled_by_collab", "elapsedMs": 0.815}, {"aircraftID": 6, "label": "uav_resume_6", "mode": "UAV_RESUME", "resolveArtifacts": {"elapsedMs": 0.018, "currentWaypointID": 370, "sourcePathID": 600000029, "sourceImpID": 800000052}, "loadArtifacts": {"elapsedMs": 0.003, "impLoaded": true, "fpLoaded": true}, "cloneAndLocateMission": {"elapsedMs": 0.177, "missionCount": 2, "targetIndex": 0}, "allocateAndPlanUpdate": {"elapsedMs": 6.553, "newImpID": 800000066}, "builder": {"elapsedMs": 275.855, "builderMode": "UAV_RESUME"}, "status": "ok", "elapsedMs": 282.746}], "totalMs": 3943}
[ATTACK] [ATTACK][TIME] override_total=3943ms
[ATTACK] [TIME] apply_attack_plan_overrides=3950ms
[ATTACK] [TIME] timingMs={"read_source": 18.101, "descriptor_build": 5.517, "write_artifacts": 3959.383, "delivery_wait": 6.343}
[ATTACK] [TIME] total=3990ms
[ATTACK] 분석 로그 저장: C:\Users\TRL98\Desktop\LAH_MUMT\Logs\Scenario_2026-05-21T132543\SBC3\DSS_Internal\log_attack_algorithm_20260521T043551_196921.json
[ATTACK] mark target used: targetIDs=82
[ATTACK-EXCLUDE] ATTACK-EXCLUDE using requested missionPlanID 700000014 (sourcePlanID=700000012)
[ATTACK-EXCLUDE] [PRIOR][UAV] Resume sweep trim applied (cutPoints=6, rawCutPoints=6, doneSweepPoints=0, pathID=400000031).
[ATTACK-EXCLUDE] [PRIOR][UAV] Resume searchSpeed scaled (factor=1.30, waypoints=1).
[ATTACK-EXCLUDE] [PRIOR][UAV] Generated done/resume mission -> aircraft=4 IMP:800000058.json PATHS:400000038.json
[ATTACK-EXCLUDE] [PRIOR][UAV] Resume sweep trim applied (cutPoints=5, rawCutPoints=5, doneSweepPoints=0, pathID=500000028).
[ATTACK-EXCLUDE] [PRIOR][UAV] Resume searchSpeed scaled (factor=1.30, waypoints=1).
[ATTACK-EXCLUDE] [PRIOR][UAV] Generated done/resume mission -> aircraft=5 IMP:800000060.json PATHS:500000035.json
[ATTACK-EXCLUDE] [PRIOR][UAV] Resume sweep trim applied (cutPoints=8, rawCutPoints=8, doneSweepPoints=0, pathID=600000029).
[ATTACK-EXCLUDE] [PRIOR][UAV] Resume searchSpeed scaled (factor=1.30, waypoints=1).
[ATTACK-EXCLUDE] [PRIOR][UAV] Generated done/resume mission -> aircraft=6 IMP:800000062.json PATHS:600000032.json
[ATTACK-EXCLUDE] 공격 배제 MissionPlan 저장 -> 700000014.json (planID=700000014)
[ATTACK-EXCLUDE] ATTACK-EXCLUDE carried area remaining snapshot -> mission_area_snapshot_700000014.json (sourcePlanID=700000012, planID=700000014)
[ATTACK] 공격 임무 계획 완료 (planIds=700000013)
[INFO] UAV params loaded (cruise=40.00, turn_step=15.0)
[INFO] Latest input snapshot → 0201:ID=1,ts=832652848738,src=-, 0203:ID=1,ts=832652848760,src=-
[STEP 0] Using latest 0201 ID 1 (1.json)
[STEP 0] Using latest 0203 ID 1 (1.json)
[CHECK] 0201/0203 필수 데이터 확인 시작
[OK] 0201 inputMissionList 확인됨 (count=3) → 진행
[OK] 0201 availableAircraftList 확인됨 (count=6) → 진행
[OK] 0201 inputMissionPackageType=1 확인
[OK] 0201 mainSensor=1 확인
[CHECK] 0201 기체 수=6 (UAV=3, LAH=3)
[CHECK] 0201 임무: total=3 missingID=0 missingDetail=0 missingShape=0 unknownType=0 typeZeroAuto=0 typeZeroInvalid=0 lineOnlyViolation=0 skippedSinglePoint=0
[OK] 0203 takeOverInfoList 확인됨 (count=3) → 진행
[OK] 0203 handOverInfoList 확인됨 (count=3) → 진행
[OK] 0203 flightAreaList 확인됨 (count=1) → 진행
[CHECK] 0203 flightAreaList count=1
[INFO] 임무 진행영역 스냅샷 적용: sourcePlan=700000012, updated=2, done=0
[INFO] 임무 진행영역 재계획 collapse 적용: groups=2, normalized=2, 3
[INFO] Filtered completed input missions (removed=1, converted=-, widthAdjusted=-, skippedSinglePoint=-, snapshot=updated=2, done=0, collapse=groups=2, normalized=2,3)
[REPLAN][TIME] variant_started_ms=4020.7 wall_ms=1779338151215 variant=1 option=3 mode=attack_exclusion
[variant 1] 공격 배제 병렬 결과 병합
[REPLAN][TIME] attack_exclusion_parallel_joined_ms=4025.9 wall_ms=1779338151220 variant=1 duration_ms=2256.629 wait_ms=0.008
[OK] 공격 배제 variant 저장: MissionPlanID=700000014 (elapsed=2256.6 ms)
[INFO] Option mapping #1: planID=700000014, optionCode=3(공격배제)
[REPLAN][TIME] variant_finished_ms=4026.1 wall_ms=1779338151221 variant=1 option=3 mode=attack_exclusion status=success duration_ms=2256.629
[OK] Stored mission data: MissionPlan=1, IndividualMission=0, FlightPath=0
[REPLAN][TIME] id_tab_update_deferred_ms=4027.6 wall_ms=1779338151222
[REPLAN][TIME] pipeline_done_ms=4027.7 wall_ms=1779338151222 plans=2 force_direct=False
[REPLAN][TIME] 0301_queued_ms=4027.8 wall_ms=1779338151222 plans=2
[STEP 4] 0301 push queued (planIds=700000013, 700000014)
[0301] missionPlanID=700000013 전송
[0301] missionPlanID=700000014 전송
[PUSH] 0301 direct batch send
[REPLAN][TIME] 0301_sent_ms=4297.7 wall_ms=1779338151492 plans=2
[REPLAN][TIME] post_0301_delivery_queued_ms=4298.2 wall_ms=1779338151493 grace_ms=0 timeout_ms=20 force_direct=0 mode=option_or_0901
[INFO] Post-0301 apply queued (mode=option_or_0901, grace=0ms, timeout=20ms, plans=2)
[REPLAN][TIME] 0305_status_2_ms=4300.9 wall_ms=1779338151495 reason=표적82 발견 재계획
[0305] status=2, reason=표적82 발견 재계획, elapsed=4.30s 전송
[REPLAN][TIME] post_0301_completion_ready_ms=4302.1 wall_ms=1779338151497 mode=option_or_0901
[REPLAN][METRIC] source_artifact_cache entries=24 hits=43 misses=24
[INFO] Post-0301 ready (timeout) -> sending 0901
[REPLAN][TIME] post_0301_flushed_ms=4329.3 wall_ms=1779338151524 delivery=0901 trigger=timeout
[REPLAN][TIME] 0901_sent_ms=4331.9 wall_ms=1779338151526 options=2
[0901] option request sent (count=2, codes=2(공격특화), 3(공격배제))
[REPLAN][TIME] id_tab_update_flushed_ms=4333.2 wall_ms=1779338151528
[REPLAN][TIME] 0902_received_ms=0.2 wall_ms=1779338160962 trigger=attack_2_option replanLevel=2 optionCount=2 forceDirect=0
[REPLAN][TIME] 0902_archived_ms=1.3 wall_ms=1779338160963 path=replan_request_832653359949.json
[AUTO] 0902 received (planIds=700000015, 700000016)
[REPLAN][TIME] pipeline_scheduled_ms=2.3 wall_ms=1779338160964 delay_ms=0
[REPLAN][TIME] scheduled_start_ms=3.8 wall_ms=1779338160966
[REPLAN][TIME] 0305_status_1_ms=6.0 wall_ms=1779338160968 reason=표적83 발견 재계획
[0305] status=1, reason=표적83 발견 재계획 전송
[INFO] Using latest 0203 ID 1 for missionReferencePackageID (fallback)
[STEP 0] Replan pipeline start (reason=표적83 발견 재계획)
[REPLAN][TIME] attack_exclusion_parallel_started_ms=10.7 wall_ms=1779338160973 option_index=2 sourcePlanID=700000014
[ATTACK-EXCLUDE] parallel generation started (sourcePlanID=700000014, optionIndex=2)
[ATTACK] 공격 특화 재계획 요청 감지 → 전용 파이프라인 실행
[ATTACK] [TIME] select_manned_aircraft=12ms
[ATTACK] STEP1 Selected manned aircraft: aircraft 3 (fuel=1200.0, coord=(37.7964973449707, 128.1907501220703, alt=1205))
[ATTACK] [TIME] load_target_entries=1ms
[ATTACK] STEP2 UAV tracking summary: watcher 5?’target 83, watcher 4?’target unknown-10, watcher 4?’target unknown-13, watcher 4?’target unknown-17, watcher 4?’target unknown-2, watcher 5?’target unknown-12, watcher 5?’target unknown-15, watcher 5?’target unknown-16, watcher 5?’target unknown-18, watcher 5?’target unknown-19, watcher 5?’target unknown-3, watcher 5?’target unknown-4, watcher 5?’target unknown-6, watcher 5?’target unknown-7, watcher 5?’target unknown-8, watcher 5?’target unknown-9, watcher 6?’target unknown-1, watcher 6?’target unknown-11, watcher 6?’target unknown-5, watcher 4?’target 77, watcher 6?’target 78, watcher 5?’target 79, watcher 5?’target 80, watcher 4?’target 81, watcher 5?’target 82
[ATTACK] STEP2.5 Using bundled 0402 targets: target=83 watcher=5
[ATTACK] [ATTACK] Selected target id=83 type=4 weaponType=3 (preferred=3, ammo={'type1': 500, 'type2': 7, 'type3': 2})
[ATTACK] [TIME] compute_attack_point=7ms
[ATTACK] STEP3 Attack plan completed: lat=37.898267, lon=128.182619, alt=948m
[ATTACK] [ATTACK] Using remembered waypoint 412 for watcher 5 while auto-tracking.
[ATTACK] [ATTACK] Weapon choice aircraft=3 preferred=3 selected=3 ammo={'type1': 500, 'type2': 7, 'type3': 2}
[ATTACK] [ATTACK][ETA] Tracking ETA computed with LAH max attack speed (dist=11338.8m, speed=73.61m/s, +30s) -> 184s
[ATTACK] [ATTACK] Using requested missionPlanID 700000015 (sourcePlanID=700000014)
[ATTACK] [ATTACK][POINT] Primary target adaptive standoff mode=candidate_within_standoff currentDist=13338.77991317861m candidateDist=1999.9999999992988m standoff=300.0/2000.0m.
[ATTACK] [ATTACK][ETA] UAV 4 remaining mission time: 0.0s
[ATTACK] [ATTACK][ETA] UAV 6 remaining mission time: 0.0s
[ATTACK] [ATTACK][ETA] Non-tracking UAV ETA selected: UAV 4 with 0s remaining
[ATTACK] [ATTACK][ETA] All tracking ETAs unified to 0s
[ATTACK] [ATTACK][COLLAB] Remaining UAV entry lookahead applied: 9.0s (pathFollow=3, linearFallback=3, currentOnly=0)
[ATTACK] [PRIOR] Falling back to first mission for aircraft 3 (current waypoint not found in plan).
[FOV_DB] loaded 7010 rows, 7008 unique widths, path=C:\Users\TRL98\Desktop\LAH_MUMT\branNew\KU\DSS_KU\resource\db\fov_db_탱크_72_38_6_3.2.csv
[ATTACK] [ATTACK][LAH] Using max attack speed 73.61m/s (265.0km/h) for aircraft 3.
[ATTACK] [ATTACK][LAH] Inferred current waypoint from position -> 83.
[ATTACK] [ATTACK][LAH] Dropped current waypoint from resume path (currentWP=83, nextWP=84).
[ATTACK] [ATTACK][LAH] Preserved completed prefix, inserted attack, and reattached 2 follow-up mission(s).
[ATTACK] [ATTACK][LAH] Generated attack/resume missions -> IMP:800000068.json PATHS:300000029.json/300000030.json (followUps=2)
[ATTACK] [PRIOR] Falling back to first mission for aircraft 1 (current waypoint not found in plan).
[ATTACK] [ATTACK][LAH] Inferred current waypoint from position -> 71.
[ATTACK] [ATTACK][LAH] Dropped current waypoint from resume path (currentWP=71, nextWP=72).
[ATTACK] [ATTACK][LAH] Preserved completed prefix, inserted hold, and reattached 2 follow-up mission(s).
[ATTACK] [ATTACK][LAH] Generated hold/resume missions -> IMP:800000071.json PATHS:100000029.json/100000030.json (followUps=2)
[ATTACK] [PRIOR] Falling back to first mission for aircraft 2 (current waypoint not found in plan).
[ATTACK] [ATTACK][LAH] Inferred current waypoint from position -> 77.
[ATTACK] [ATTACK][LAH] Dropped current waypoint from resume path (currentWP=77, nextWP=78).
[ATTACK] [ATTACK][LAH] Preserved completed prefix, inserted hold, and reattached 2 follow-up mission(s).
[ATTACK] [ATTACK][LAH] Generated hold/resume missions -> IMP:800000074.json PATHS:200000030.json/200000031.json (followUps=2)
[ATTACK] [NEXTCOLLAB] division planner area-division pieces=2
[ATTACK] [NEXTCOLLAB] division planner final workflow=no_split paths=2
[ATTACK] [ATTACK][COLLAB] Collaborative replacement IMP written (aircraft=4, imp=800000072.json, missions=1).
[ATTACK] [ATTACK][COLLAB] Collaborative replacement IMP written (aircraft=6, imp=800000073.json, missions=1).
[ATTACK] [ATTACK][COLLAB] First sweep searchSpeed boosted (aircraft=4, pathID=400000044, waypointID=458, factor=1.30, old=602.02, new=782.63).
[ATTACK] [ATTACK][COLLAB] First sweep searchSpeed boosted (aircraft=6, pathID=600000037, waypointID=470, factor=1.30, old=409.71, new=532.62).
[ATTACK] [ATTACK][COLLAB] Collaborative remaining mission replanned (inputMissionID=2, unavailable=[5], remaining=[4, 6], workflow=no_split).
[ATTACK] [ATTACK][UAV] Tracking target altitude kept for sensor only; flight altitude replaced 648m -> 1886m.
[ATTACK] [ATTACK][UAV] Source path has a single waypoint; preserving it as done and skipping done/resume split.
[ATTACK] [ATTACK][COLLAB] Tracking UAV resume replaced with release transit (aircraft=5, targetFinishEta=50, speed=58.0m/s).
[ATTACK] [ATTACK][UAV] Preserved completed prefix, inserted tracking, and reattached 1 follow-up mission(s).
[ATTACK] [ATTACK][UAV] Generated tracking/resume missions -> IMP:800000075.json PATHS:500000045.json/500000046.json (followUps=1)
[ATTACK] [ATTACK][UAV] Tracking assignment state saved (aircraft=5, sourcePlan=700000014, attackPlan=700000015).
[ATTACK] [ATTACK][COLLAB] Aircraft 4 handled by collaborative remaining replan (inputMissionID=2).
[ATTACK] [ATTACK][COLLAB] Aircraft 6 handled by collaborative remaining replan (inputMissionID=2).
[ATTACK] [ATTACK][PLAN] carried area remaining snapshot -> mission_area_snapshot_700000015.json (sourcePlanID=700000014, planID=700000015)
[ATTACK] [ATTACK][PLAN] MissionPlan saved -> 700000015.json (planID=700000015)
[ATTACK] [ATTACK][TIME] override_detail={"phases": {"metadata_normalize": {"elapsedMs": 0.005, "attackTargetCount": 1, "selectedMannedCount": 1}, "agent_index": {"elapsedMs": 0.08, "aircraftCount": 6}, "weapon_choice": {"elapsedMs": 3.9, "selectedWeaponType": 3, "ammoAvailable": true}, "initial_tracking_eta": {"elapsedMs": 1.077, "useDetectionTracking": true, "trackingEtaS": 184}, "resolve_source_plan": {"elapsedMs": 1.038, "sourcePlanID": 700000014}, "source_plan_load": {"elapsedMs": 0.382, "sourcePlanID": 700000014, "aircraftCount": 6}, "sweep_progress_load": {"elapsedMs": 7.423, "entries": 30}, "plan_id_resolve": {"elapsedMs": 0.023, "requested": true, "missionPlanID": 700000015}, "source_artifact_cache_build": {"elapsedMs": 0.014, "aircraftEntries": 6}, "done_input_ids_load": {"elapsedMs": 1.125, "count": 1}, "plan_deepcopy": {"elapsedMs": 0.053}, "target_uav_assignment": {"elapsedMs": 5.762, "assignedTargetCount": 1, "usedTrackingUavCount": 1}, "manned_sequence_assignment": {"elapsedMs": 9.163, "aircraftCount": 1, "error": null}, "attack_coordinate_resolution": {"elapsedMs": 3.978, "resolvedCount": 1, "mannedSequenceCount": 1}, "remaining_eta": {"elapsedMs": 6.813, "allUavCount": 3, "trackingUavCount": 1, "computedEtaCount": 1, "adjustedEtaS": 0}, "descriptor_list_build": {"elapsedMs": 0.029, "descriptorCount": 6, "activeMannedCount": 1, "otherLahCount": 2, "otherUavCount": 2}, "collab_tracking_scan": {"elapsedMs": 1.869, "inputCount": 1, "unavailableUavCount": 1}, "collab_agent_state_map": {"elapsedMs": 9.482, "aircraftCount": 6}, "collab_parallel_started": {"elapsedMs": 0.719, "inputCount": 1, "workers": 1}, "collab_parallel_join": {"elapsedMs": 4.14, "waitReason": "UAV_TRACK", "inputCount": 1}, "descriptor_loop": {"elapsedMs": 4211.817, "descriptorCount": 6, "updateCount": 4}, "final_collab_plan_update": {"elapsedMs": 0.01, "collabInputCount": 1}, "mission_plan_write": {"elapsedMs": 9.941, "missionPlanID": 700000015}, "option_meta_build": {"elapsedMs": 0.041, "targetCount": 1, "collabInputCount": 1}}, "collabRuns": [{"inputMissionID": 2, "unavailableAircraftIDs": [5], "elapsedMs": 2729.847, "status": "ok", "replacementAircraftIDs": [4, 6], "generatedPathCount": 2, "finishEtaS": 50, "workflow": "no_split"}], "descriptorDetails": [{"aircraftID": 3, "label": "manned", "mode": "LAH_ATTACK", "resolveArtifacts": {"elapsedMs": 0.805, "currentWaypointID": null, "sourcePathID": 300000001, "sourceImpID": 800000009}, "loadArtifacts": {"elapsedMs": 0.005, "impLoaded": true, "fpLoaded": true}, "cloneAndLocateMission": {"elapsedMs": 0.108, "missionCount": 3, "targetIndex": 0}, "allocateAndPlanUpdate": {"elapsedMs": 16.85, "newImpID": 800000068}, "builder": {"elapsedMs": 1948.38, "builderMode": "LAH_ATTACK"}, "builderDetail": {"allocate_ids": {"elapsedMs": 685.098, "attackPathID": 300000029, "resumePathID": 300000030, "attackIndividualID": 900000172, "resumeIndividualID": 900000173, "entryWaypointID": 448, "attackWaypointID": 449}, "split_lah_resume": {"elapsedMs": 415.586, "resumeWaypointCount": 1, "removedWaypointID": 83}, "clone_followups": {"elapsedMs": 699.019, "followUpMissionCount": 2, "followUpPathCount": 2}, "payload_build": {"elapsedMs": 135.272, "hasResume": true, "followUpMissionCount": 2, "attackSpeedMps": 73.61}, "write_json": {"elapsedMs": 7.339, "fileCount": 5}, "totalMs": 1946.43}, "status": "ok", "elapsedMs": 1966.267}, {"aircraftID": 1, "label": "lah_hold_1", "mode": "LAH_HOLD_RESUME", "resolveArtifacts": {"elapsedMs": 0.573, "currentWaypointID": null, "sourcePathID": 100000001, "sourceImpID": 800000007}, "loadArtifacts": {"elapsedMs": 0.005, "impLoaded": true, "fpLoaded": true}, "cloneAndLocateMission": {"elapsedMs": 0.114, "missionCount": 3, "targetIndex": 0}, "allocateAndPlanUpdate": {"elapsedMs": 19.18, "newImpID": 800000071}, "builder": {"elapsedMs": 1110.998, "builderMode": "LAH_HOLD_RESUME"}, "builderDetail": {"allocate_ids": {"elapsedMs": 251.885, "holdPathID": 100000029, "resumePathID": 100000030, "holdIndividualID": 900000182, "resumeIndividualID": 900000183}, "split_lah_resume": {"elapsedMs": 562.444, "resumeWaypointCount": 1, "removedWaypointID": 71}, "clone_followups": {"elapsedMs": 195.459, "followUpMissionCount": 2, "followUpPathCount": 2}, "payload_build": {"elapsedMs": 287.391, "hasResume": true, "followUpMissionCount": 2}, "write_json": {"elapsedMs": 5.503, "fileCount": 5}, "totalMs": 1110.955}, "status": "ok", "elapsedMs": 1130.998}, {"aircraftID": 2, "label": "lah_hold_2", "mode": "LAH_HOLD_RESUME", "resolveArtifacts": {"elapsedMs": 0.561, "currentWaypointID": null, "sourcePathID": 200000001, "sourceImpID": 800000008}, "loadArtifacts": {"elapsedMs": 0.005, "impLoaded": true, "fpLoaded": true}, "cloneAndLocateMission": {"elapsedMs": 0.119, "missionCount": 3, "targetIndex": 0}, "allocateAndPlanUpdate": {"elapsedMs": 6.702, "newImpID": 800000074}, "builder": {"elapsedMs": 665.111, "builderMode": "LAH_HOLD_RESUME"}, "builderDetail": {"allocate_ids": {"elapsedMs": 18.336, "holdPathID": 200000030, "resumePathID": 200000031, "holdIndividualID": 900000186, "resumeIndividualID": 900000187}, "split_lah_resume": {"elapsedMs": 339.553, "resumeWaypointCount": 1, "removedWaypointID": 77}, "clone_followups": {"elapsedMs": 203.91, "followUpMissionCount": 2, "followUpPathCount": 2}, "payload_build": {"elapsedMs": 299.786, "hasResume": true, "followUpMissionCount": 2}, "write_json": {"elapsedMs": 4.269, "fileCount": 5}, "totalMs": 665.072}, "status": "ok", "elapsedMs": 672.618}, {"aircraftID": 5, "label": "uav_tracking_5", "mode": "UAV_TRACK", "resolveArtifacts": {"elapsedMs": 0.03, "currentWaypointID": 412, "sourcePathID": 500000035, "sourceImpID": 800000060}, "loadArtifacts": {"elapsedMs": 0.005, "impLoaded": true, "fpLoaded": true}, "cloneAndLocateMission": {"elapsedMs": 0.203, "missionCount": 2, "targetIndex": 0}, "allocateAndPlanUpdate": {"elapsedMs": 8.762, "newImpID": 800000075}, "builder": {"elapsedMs": 423.528, "builderMode": "UAV_TRACK"}, "builderDetail": {"allocate_ids": {"elapsedMs": 145.055, "donePathID": 500000044, "attackPathID": 500000045, "resumePathID": 500000046, "trackingIndividualID": 900000190, "resumeIndividualID": 900000191, "targetWaypointID": 488}, "split_done_resume": {"elapsedMs": 0.917, "sourceSinglePoint": true, "doneWaypointCount": 1, "resumeWaypointCount": 0, "removedWaypointID": 412}, "clone_followups": {"elapsedMs": 127.831, "followUpMissionCount": 1, "followUpPathCount": 1}, "release_resume": {"elapsedMs": 101.02, "releaseWaypointCount": 2, "targetFinishEtaS": 50}, "write_json": {"elapsedMs": 38.945, "fileCount": 5}, "totalMs": 420.483}, "trackingState": {"elapsedMs": 2.198}, "status": "ok", "elapsedMs": 435.471}, {"aircraftID": 4, "label": "uav_resume_4", "mode": "UAV_RESUME", "resolveArtifacts": {"elapsedMs": 0.028, "currentWaypointID": 400, "sourcePathID": 400000038, "sourceImpID": 800000058}, "loadArtifacts": {"elapsedMs": 0.004, "impLoaded": true, "fpLoaded": true}, "cloneAndLocateMission": {"elapsedMs": 0.21, "missionCount": 2, "targetIndex": 0}, "status": "handled_by_collab", "elapsedMs": 0.983}, {"aircraftID": 6, "label": "uav_resume_6", "mode": "UAV_RESUME", "resolveArtifacts": {"elapsedMs": 0.019, "currentWaypointID": 421, "sourcePathID": 600000032, "sourceImpID": 800000062}, "loadArtifacts": {"elapsedMs": 0.003, "impLoaded": true, "fpLoaded": true}, "cloneAndLocateMission": {"elapsedMs": 0.146, "missionCount": 2, "targetIndex": 0}, "status": "handled_by_collab", "elapsedMs": 0.802}], "totalMs": 4271}
[ATTACK] [ATTACK][TIME] override_total=4271ms
[ATTACK] [TIME] apply_attack_plan_overrides=4280ms
[ATTACK] [TIME] timingMs={"read_source": 15.728, "descriptor_build": 4.974, "write_artifacts": 4290.031, "delivery_wait": 6.895}
[ATTACK] [TIME] total=4318ms
[ATTACK] 분석 로그 저장: C:\Users\TRL98\Desktop\LAH_MUMT\Logs\Scenario_2026-05-21T132543\SBC3\DSS_Internal\log_attack_algorithm_20260521T043605_292267.json
[ATTACK] mark target used: targetIDs=83
[ATTACK-EXCLUDE] ATTACK-EXCLUDE using requested missionPlanID 700000016 (sourcePlanID=700000014)
[ATTACK-EXCLUDE] [PRIOR][UAV] Resume sweep trim applied (cutPoints=7, rawCutPoints=7, doneSweepPoints=0, pathID=400000038).
[ATTACK-EXCLUDE] [PRIOR][UAV] Resume searchSpeed scaled (factor=1.30, waypoints=1).
[ATTACK-EXCLUDE] [PRIOR][UAV] Generated done/resume mission -> aircraft=4 IMP:800000067.json PATHS:400000042.json
[ATTACK-EXCLUDE] [PRIOR][UAV] Resume sweep trim applied (cutPoints=5, rawCutPoints=5, doneSweepPoints=0, pathID=500000035).
[ATTACK-EXCLUDE] [PRIOR][UAV] Resume searchSpeed scaled (factor=1.30, waypoints=1).
[ATTACK-EXCLUDE] [PRIOR][UAV] Generated done/resume mission -> aircraft=5 IMP:800000069.json PATHS:500000042.json
[ATTACK-EXCLUDE] [PRIOR][UAV] Resume sweep trim applied (cutPoints=9, rawCutPoints=9, doneSweepPoints=0, pathID=600000032).
[ATTACK-EXCLUDE] [PRIOR][UAV] Resume searchSpeed scaled (factor=1.30, waypoints=1).
[ATTACK-EXCLUDE] [PRIOR][UAV] Generated done/resume mission -> aircraft=6 IMP:800000070.json PATHS:600000039.json
[ATTACK-EXCLUDE] 공격 배제 MissionPlan 저장 -> 700000016.json (planID=700000016)
[ATTACK-EXCLUDE] ATTACK-EXCLUDE carried area remaining snapshot -> mission_area_snapshot_700000016.json (sourcePlanID=700000014, planID=700000016)
[ATTACK] 공격 임무 계획 완료 (planIds=700000015)
[INFO] UAV params loaded (cruise=40.00, turn_step=15.0)
[INFO] Latest input snapshot → 0201:ID=1,ts=832652848738,src=-, 0203:ID=1,ts=832652848760,src=-
[STEP 0] Using latest 0201 ID 1 (1.json)
[STEP 0] Using latest 0203 ID 1 (1.json)
[CHECK] 0201/0203 필수 데이터 확인 시작
[OK] 0201 inputMissionList 확인됨 (count=3) → 진행
[OK] 0201 availableAircraftList 확인됨 (count=6) → 진행
[OK] 0201 inputMissionPackageType=1 확인
[OK] 0201 mainSensor=1 확인
[CHECK] 0201 기체 수=6 (UAV=3, LAH=3)
[CHECK] 0201 임무: total=3 missingID=0 missingDetail=0 missingShape=0 unknownType=0 typeZeroAuto=0 typeZeroInvalid=0 lineOnlyViolation=0 skippedSinglePoint=0
[OK] 0203 takeOverInfoList 확인됨 (count=3) → 진행
[OK] 0203 handOverInfoList 확인됨 (count=3) → 진행
[OK] 0203 flightAreaList 확인됨 (count=1) → 진행
[CHECK] 0203 flightAreaList count=1
[INFO] 임무 진행영역 스냅샷 적용: sourcePlan=700000014, updated=2, done=0
[INFO] 임무 진행영역 재계획 collapse 적용: groups=2, normalized=2, 3
[INFO] Filtered completed input missions (removed=1, converted=-, widthAdjusted=-, skippedSinglePoint=-, snapshot=updated=2, done=0, collapse=groups=2, normalized=2,3)
[REPLAN][TIME] variant_started_ms=4354.0 wall_ms=1779338165316 variant=1 option=3 mode=attack_exclusion
[variant 1] 공격 배제 병렬 결과 병합
[REPLAN][TIME] attack_exclusion_parallel_joined_ms=4360.2 wall_ms=1779338165322 variant=1 duration_ms=2592.314 wait_ms=0.012
[OK] 공격 배제 variant 저장: MissionPlanID=700000016 (elapsed=2592.3 ms)
[INFO] Option mapping #1: planID=700000016, optionCode=3(공격배제)
[REPLAN][TIME] variant_finished_ms=4360.3 wall_ms=1779338165322 variant=1 option=3 mode=attack_exclusion status=success duration_ms=2592.314
[OK] Stored mission data: MissionPlan=1, IndividualMission=0, FlightPath=0
[REPLAN][TIME] id_tab_update_deferred_ms=4361.1 wall_ms=1779338165323
[REPLAN][TIME] pipeline_done_ms=4361.2 wall_ms=1779338165323 plans=2 force_direct=False
[REPLAN][TIME] 0301_queued_ms=4361.2 wall_ms=1779338165323 plans=2
[STEP 4] 0301 push queued (planIds=700000015, 700000016)
[0301] missionPlanID=700000015 전송
[0301] missionPlanID=700000016 전송
[PUSH] 0301 direct batch send
[REPLAN][TIME] 0301_sent_ms=4659.9 wall_ms=1779338165622 plans=2
[REPLAN][TIME] post_0301_delivery_queued_ms=4660.5 wall_ms=1779338165623 grace_ms=0 timeout_ms=20 force_direct=0 mode=option_or_0901
[INFO] Post-0301 apply queued (mode=option_or_0901, grace=0ms, timeout=20ms, plans=2)
[REPLAN][TIME] 0305_status_2_ms=4662.9 wall_ms=1779338165625 reason=표적83 발견 재계획
[0305] status=2, reason=표적83 발견 재계획, elapsed=4.66s 전송
[REPLAN][TIME] post_0301_completion_ready_ms=4664.0 wall_ms=1779338165626 mode=option_or_0901
[REPLAN][METRIC] source_artifact_cache entries=24 hits=42 misses=24
[INFO] Post-0301 ready (timeout) -> sending 0901
[REPLAN][TIME] post_0301_flushed_ms=4700.2 wall_ms=1779338165662 delivery=0901 trigger=timeout
[REPLAN][TIME] 0901_sent_ms=4703.1 wall_ms=1779338165665 options=2
[0901] option request sent (count=2, codes=2(공격특화), 3(공격배제))
[REPLAN][TIME] id_tab_update_flushed_ms=4704.4 wall_ms=1779338165666
[0201] DB 참조! (C:\Users\TRL98\Desktop\LAH_MUMT\Logs\Scenario_2026-05-21T132543\SBC3\InputMissionPlan\2.json)
[INFO] Latest 0201 ID updated → 2
[REPLAN][TIME] 0902_received_ms=0.2 wall_ms=1779338215922 trigger=general_3_option replanLevel=1 optionCount=3 forceDirect=0
[REPLAN][TIME] 0902_archived_ms=2.0 wall_ms=1779338215924 path=replan_request_832653415724.json
[AUTO] 0902 received (planIds=700000017, 700000018, 700000019)
[REPLAN][TIME] pipeline_scheduled_ms=3.5 wall_ms=1779338215926 delay_ms=100
[AUTO] replan pipeline scheduled after 0.1s delay
[REPLAN][TIME] scheduled_start_ms=109.8 wall_ms=1779338216032
[REPLAN][TIME] 0305_status_1_ms=112.5 wall_ms=1779338216035 reason=협업기저임무 재수행 요청
[0305] status=1, reason=협업기저임무 재수행 요청 전송
[INFO] Using latest 0203 ID 1 for missionReferencePackageID (fallback)
[STEP 0] Replan pipeline start (reason=협업기저임무 재수행 요청)
[INFO] UAV params loaded (cruise=40.00, turn_step=15.0)
[INFO] Latest input snapshot → 0201:ID=2,ts=832653415542,src=-, 0203:ID=1,ts=832652848760,src=-
[STEP 0] Using latest 0201 ID 2 (2.json)
[STEP 0] Using latest 0203 ID 1 (1.json)
[CHECK] 0201/0203 필수 데이터 확인 시작
[OK] 0201 inputMissionList 확인됨 (count=4) → 진행
[OK] 0201 availableAircraftList 확인됨 (count=6) → 진행
[OK] 0201 inputMissionPackageType=1 확인
[OK] 0201 mainSensor=1 확인
[CHECK] 0201 기체 수=6 (UAV=3, LAH=3)
[CHECK] 0201 임무: total=4 missingID=0 missingDetail=0 missingShape=0 unknownType=0 typeZeroAuto=0 typeZeroInvalid=0 lineOnlyViolation=0 skippedSinglePoint=0
[OK] 0203 takeOverInfoList 확인됨 (count=3) → 진행
[OK] 0203 handOverInfoList 확인됨 (count=3) → 진행
[OK] 0203 flightAreaList 확인됨 (count=1) → 진행
[CHECK] 0203 flightAreaList count=1
[INFO] 임무 진행영역 스냅샷 미적용: sourcePlan=700000016, reason=fresh collabReexecuteInputRefresh trigger
[INFO] 현재 임무 collaborative hybrid armed: inputMissionID=4, sourcePlan=700000016, mode=reexecute_first_mission, aircraft=[4, 5, 6], options=all
[INFO] Filtered completed input missions (removed=1, 2, converted=-, widthAdjusted=-, skippedSinglePoint=-, snapshot=-, collapse=-)
[REPLAN][TIME] parallel_safety_gate_ms=144.8 wall_ms=1779338216067 enabled=True workers=3 waypoint_block_size=50000 reasons=-
[INFO] 현재임무 재수행 옵션 병렬 생성 활성화: variant별 hybrid 요청 격리 적용
[INFO] 일반 재계획 옵션 병렬 생성 활성화: variants=3, workers=3
[INFO] variant 1 waypointID blocks reserved: 0303=493-50492, 0304=50493-100492
[INFO] variant 2 waypointID blocks reserved: 0303=100493-150492, 0304=150493-200492
[INFO] variant 3 waypointID blocks reserved: 0303=200493-250492, 0304=250493-300492
[FOV_DB] loaded 7010 rows, 7008 unique widths, path=C:\Users\TRL98\Desktop\LAH_MUMT\branNew\KU\DSS_KU\resource\db\fov_db_탱크_72_38_6_3.2.csv
[SWEEP][LINE] separation=227.00m, fov=11.70°, spacing=31.01m (~32 strips/1km)
[SWEEP][LINE] separation=227.00m, fov=11.70°, spacing=31.01m (~32 strips/1km)
[FOV_DB] loaded 7010 rows, 7008 unique widths, path=C:\Users\TRL98\Desktop\LAH_MUMT\branNew\KU\DSS_KU\resource\db\fov_db_탱크_72_38_6_3.2.csv
[REPLAN][TIME] variant_started_ms=770.7 wall_ms=1779338216693 variant=1 option=6 mode=parallel_core
[REPLAN][TIME] variant_core_finished_ms=4402.2 wall_ms=1779338220324 variant=1 option=6 mode=parallel_core status=success duration_ms=3631.525
[STEP 1.1] Divide & Pattern start
[variant 1] [ENHANCED][1] split start: uavs=[4, 5, 6]
[variant 1] [ENHANCED][1] split done: pieces=6
[variant 1] [ENHANCED][2] type-decider done: profile=6 changed=6/6
[variant 1] [ENHANCED][3] expected-path done: count=6
[variant 1] [ENHANCED][4] area-review done: overflow=0 targets=0 pieces=6->6
[variant 1] [ENHANCED][5] expected-velocity done: pieces=6 dbRows=7010
[variant 1] [ENHANCED][6] 0302 export done: files=6
[variant 1] [ENHANCED] total=1228.7 ms
[TIME] divide_and_pattern (variant=1): 1228.9 ms
[OK] IMP generated: 6 file(s) (variant=1)
[TIME] build_0301+load (variant=1): 155.8 ms
[OK] MissionPlan built: MissionPlan_1779338217922.json (variant=1)
[TIME] collect_missions (variant=1): 123.7 ms, count=12
[variant 1] [REEXEC-FIRST] current-position first mission builder armed: sourcePlan=700000016, inputMissionID=4, sourceTemplateInputID=2, aircraft=[4, 5, 6], entries=A4=37.9255934,128.1637684,alt=1978.0, A5=37.9258429,128.1861974,alt=1892.0, A6=37.9311366,128.2097804,alt=1969.0
[variant 1] [REEXEC-FIRST] division planner area-division pieces=3
[variant 1] [REEXEC-FIRST] division planner final workflow=no_split paths=3
[variant 1] current remaining generic 0303 skipped: inputMissionID=4, missions=3, aircraft=[4, 5, 6], pathIDs=[400000001, 500000001, 600000001]
[INFO] FlightPath build mode (variant=1): 0303=aircraft_parallel workers=2 aircraft=3, 0304=sequential
[REPLAN][METRIC] flightpath_build_0303 variant=1 option=6 recon=0 mode=parallel_core buildMode=aircraft_parallel workers=2 aircraft=3 paths=3 reassignedWaypoints=9 elapsed_ms=370.693 fallback=- worker_ms=4:136.407|5:168.760|6:231.765
[INFO] FlightPath build time: 0303=370.7 ms, 0304=7.5 ms
[variant 1] current remaining collaborative hybrid applied: inputMissionID=4, aircraft=[4, 5, 6], removedPaths=3, workflow=reexecute_first_mission:no_split
[INFO] Applied LAH-UAV ETA follow speed plan (variant=1)
[OK] FlightPath counts (variant=1): 0303=6 / 0304=6
[REPLAN][METRIC] flightpath_counts variant=1 option=6 recon=0 mode=parallel_core paths0303=6 paths0304=6 pathsTotal=12 waypoints0303=15 waypoints0304=12 waypointsTotal=27 maxWaypointsPerPath=3 emptyPaths=0 formationPaths=0
[SWEEP][LINE] separation=227.00m, fov=11.70°, spacing=31.01m (~32 strips/1km)
[SWEEP][LINE] separation=227.00m, fov=11.70°, spacing=31.01m (~32 strips/1km)
[REPLAN][TIME] variant_started_ms=772.5 wall_ms=1779338216695 variant=3 option=5 mode=parallel_core
[FOV_DB] loaded 7010 rows, 7008 unique widths, path=C:\Users\TRL98\Desktop\LAH_MUMT\branNew\KU\DSS_KU\resource\db\fov_db_탱크_72_38_6_3.2.csv
[REPLAN][TIME] variant_core_finished_ms=5840.4 wall_ms=1779338221763 variant=3 option=5 mode=parallel_core status=success duration_ms=5067.949
[STEP 1.3] Divide & Pattern start
[variant 3] [ENHANCED][1] split start: uavs=[4, 5, 6]
[variant 3] [ENHANCED][1] split done: pieces=6
[variant 3] [ENHANCED][2] type-decider done: profile=6 changed=6/6
[variant 3] [ENHANCED][3] expected-path done: count=6
[variant 3] [ENHANCED][4] area-review done: overflow=0 targets=0 pieces=6->6
[variant 3] [ENHANCED][5] expected-velocity done: pieces=6 dbRows=7010
[variant 3] [ENHANCED][6] 0302 export done: files=6
[variant 3] [ENHANCED] total=1242.8 ms
[TIME] divide_and_pattern (variant=3): 1243.1 ms
[OK] IMP generated: 6 file(s) (variant=3)
[TIME] build_0301+load (variant=3): 165.1 ms
[OK] MissionPlan built: MissionPlan_1779338217938.json (variant=3)
[TIME] collect_missions (variant=3): 103.6 ms, count=12
[variant 3] [REEXEC-FIRST] current-position first mission builder armed: sourcePlan=700000016, inputMissionID=4, sourceTemplateInputID=2, aircraft=[4, 5, 6], entries=A4=37.9255934,128.1637684,alt=1978.0, A5=37.9258429,128.1861974,alt=1892.0, A6=37.9311366,128.2097804,alt=1969.0
[variant 3] [REEXEC-FIRST] division planner area-division pieces=3
[variant 3] [REEXEC-FIRST] division planner final workflow=no_split paths=3
[variant 3] current remaining generic 0303 skipped: inputMissionID=4, missions=3, aircraft=[4, 5, 6], pathIDs=[400000001, 500000001, 600000001]
[INFO] FlightPath build mode (variant=3): 0303=aircraft_parallel workers=2 aircraft=3, 0304=sequential
[REPLAN][METRIC] flightpath_build_0303 variant=3 option=5 recon=0 mode=parallel_core buildMode=aircraft_parallel workers=2 aircraft=3 paths=3 reassignedWaypoints=9 elapsed_ms=261.372 fallback=- worker_ms=4:119.163|5:137.487|6:128.269
[INFO] FlightPath build time: 0303=261.4 ms, 0304=5.1 ms
[variant 3] current remaining collaborative hybrid applied: inputMissionID=4, aircraft=[4, 5, 6], removedPaths=3, workflow=reexecute_first_mission:no_split
[INFO] Applied LAH-UAV ETA follow speed plan (variant=3)
[OK] FlightPath counts (variant=3): 0303=6 / 0304=6
[REPLAN][METRIC] flightpath_counts variant=3 option=5 recon=0 mode=parallel_core paths0303=6 paths0304=6 pathsTotal=12 waypoints0303=15 waypoints0304=12 waypointsTotal=27 maxWaypointsPerPath=3 emptyPaths=0 formationPaths=0
[SWEEP][LINE] separation=1000.00m, fov=2.40°, spacing=27.93m (~36 strips/1km)
[SWEEP][LINE] separation=1000.00m, fov=2.40°, spacing=27.93m (~36 strips/1km)
[REPLAN][TIME] variant_started_ms=772.2 wall_ms=1779338216694 variant=2 option=4 mode=parallel_core
[REPLAN][TIME] variant_core_finished_ms=9823.0 wall_ms=1779338225745 variant=2 option=4 mode=parallel_core status=success duration_ms=9050.839
[STEP 1.2] Divide & Pattern start
[variant 2] [ENHANCED][1] split start: uavs=[4, 5, 6]
[variant 2] [ENHANCED][1] split done: pieces=6
[variant 2] [REPLAN][METRIC] recon_area_review_before option=4 pieces=6 areaPieces=3 maxSegmentM=600.000 maxSplitCountLimit=0 minSegmentM=0.000 fixedFovDeg=2.400 areaFovDeg=2.400 sweepSeparationM=1000.000 sweepSeparationScale=1.000 turnRadiusM=800.000
[variant 2] [REPLAN][METRIC] recon_area_review option=4 elapsed_ms=675.033 maxSegmentM=600.000 maxSplitCountLimit=0 minSegmentM=0.000 pieces_before=6 pieces_after=16 area_before=3 area_after=13 targets=3 localized=3 changed_details=3 detail_count=3 split_count_sum=13 raw_split_count_sum=13 max_split_count=5 max_raw_split_count=5 split_capped_count=0 max_projected_span_m=2497.311 max_total_len_m=0.000 max_segment_len_m=538.930 fixedFovDeg=2.400 areaFovDeg=2.400 sweepSeparationM=1000.000 sweepSeparationScale=1.000 turnRadiusM=800.000 reasons=-
[variant 2] [ENHANCED][1R] recon-area-review done: targets=3 localized=3 pieces=6->16
[variant 2] [ENHANCED][2] type-decider done: profile=6 changed=16/16
[variant 2] [ENHANCED][3] expected-path done: count=16
[variant 2] [ENHANCED][4] area-review done: overflow=0 targets=0 pieces=16->16
[variant 2] [ENHANCED][5] expected-velocity done: pieces=16 dbRows=7010
[variant 2] [ENHANCED][6] 0302 export done: files=6
[variant 2] [ENHANCED] total=1513.8 ms
[TIME] divide_and_pattern (variant=2): 1514.1 ms
[OK] IMP generated: 6 file(s) (variant=2)
[TIME] build_0301+load (variant=2): 17.5 ms
[OK] MissionPlan built: MissionPlan_1779338218208.json (variant=2)
[TIME] collect_missions (variant=2): 10.4 ms, count=22
[variant 2] [REEXEC-FIRST] current-position first mission builder armed: sourcePlan=700000016, inputMissionID=4, sourceTemplateInputID=2, aircraft=[4, 5, 6], entries=A4=37.9255934,128.1637684,alt=1978.0, A5=37.9258429,128.1861974,alt=1892.0, A6=37.9311366,128.2097804,alt=1969.0
[variant 2] [REEXEC-FIRST] division planner area-division pieces=3
[variant 2] [REEXEC-FIRST] division planner final workflow=no_split paths=3
[variant 2] current remaining generic 0303 skipped: inputMissionID=4, missions=13, aircraft=[4, 5, 6], pathIDs=[400000001, 400000002, 400000003, 400000004, 500000001, 500000002, 500000003, 500000004, 600000001, 600000002, 600000003, 600000004, 600000005]
[INFO] FlightPath build mode (variant=2): 0303=aircraft_parallel workers=2 aircraft=3, 0304=sequential
[REPLAN][METRIC] flightpath_build_0303 variant=2 option=4 recon=1 mode=parallel_core buildMode=aircraft_parallel workers=2 aircraft=3 paths=3 reassignedWaypoints=9 elapsed_ms=902.039 fallback=- worker_ms=4:639.758|5:668.227|6:260.390
[INFO] FlightPath build time: 0303=902.0 ms, 0304=5.1 ms
[variant 2] current remaining collaborative hybrid applied: inputMissionID=4, aircraft=[4, 5, 6], removedPaths=13, workflow=reexecute_first_mission:no_split
[INFO] Applied LAH-UAV ETA follow speed plan (variant=2)
[OK] FlightPath counts (variant=2): 0303=6 / 0304=6
[REPLAN][METRIC] flightpath_counts variant=2 option=4 recon=1 mode=parallel_core paths0303=6 paths0304=6 pathsTotal=12 waypoints0303=15 waypoints0304=12 waypointsTotal=27 maxWaypointsPerPath=3 emptyPaths=0 formationPaths=0
[TIME] pathID_mapping (variant=1, current_remaining_parallel_store): 81.3 ms
[INFO] pathID mapping done after current remaining hybrid merge (variant=1, parallel_store)
[INFO] FlightPath pathID enforced (variant=1): 0303=6, 0304=6
[TIME] build_0302 (variant=1): 40.3 ms, packages=6
[INFO] FlightPath individualMissionID synced (variant=1): fixed=12
[TIME] write_0302 (variant=1): 7.3 ms, files=6
[TIME] write_FlightPath (variant=1): 51.2 ms, files=12
[REPLAN][METRIC] flightpath_write variant=1 option=6 recon=0 mode=parallel_store files0303=6 files0304=6 filesTotal=12 write_ms=51.195
[TIME] write_0301 (variant=1): 1.1 ms
[OK] Stored variant 1: MissionPlanID=700000017, IMP=6, FlightPath=12
[REPLAN][TIME] variant_finished_ms=10042.2 wall_ms=1779338225964 variant=1 option=6 mode=parallel_store status=success duration_ms=3846.716
[TIME] variant_total (variant=1): 3846.7 ms
[INFO] Option mapping #1: planID=700000017, optionCode=6(정찰/시간 균형)
[TIME] pathID_mapping (variant=2, current_remaining_parallel_store): 79.9 ms
[INFO] pathID mapping done after current remaining hybrid merge (variant=2, parallel_store)
[INFO] FlightPath pathID enforced (variant=2): 0303=6, 0304=6
[TIME] build_0302 (variant=2): 46.6 ms, packages=6
[INFO] FlightPath individualMissionID synced (variant=2): fixed=12
[TIME] write_0302 (variant=2): 7.7 ms, files=6
[TIME] write_FlightPath (variant=2): 63.4 ms, files=12
[REPLAN][METRIC] flightpath_write variant=2 option=4 recon=1 mode=parallel_store files0303=6 files0304=6 filesTotal=12 write_ms=63.448
[TIME] write_0301 (variant=2): 1.2 ms
[OK] Stored variant 2: MissionPlanID=700000018, IMP=6, FlightPath=12
[REPLAN][TIME] variant_finished_ms=10281.6 wall_ms=1779338226204 variant=2 option=4 mode=parallel_store status=success duration_ms=9286.255
[TIME] variant_total (variant=2): 9286.3 ms
[INFO] Option mapping #2: planID=700000018, optionCode=4(정찰특화)
[TIME] pathID_mapping (variant=3, current_remaining_parallel_store): 81.3 ms
[INFO] pathID mapping done after current remaining hybrid merge (variant=3, parallel_store)
[INFO] FlightPath pathID enforced (variant=3): 0303=6, 0304=6
[TIME] build_0302 (variant=3): 48.4 ms, packages=6
[INFO] FlightPath individualMissionID synced (variant=3): fixed=12
[TIME] write_0302 (variant=3): 8.5 ms, files=6
[TIME] write_FlightPath (variant=3): 52.2 ms, files=12
[REPLAN][METRIC] flightpath_write variant=3 option=5 recon=0 mode=parallel_store files0303=6 files0304=6 filesTotal=12 write_ms=52.180
[TIME] write_0301 (variant=3): 2.7 ms
[OK] Stored variant 3: MissionPlanID=700000019, IMP=6, FlightPath=12
[REPLAN][TIME] variant_finished_ms=10517.4 wall_ms=1779338226440 variant=3 option=5 mode=parallel_store status=success duration_ms=5298.987
[TIME] variant_total (variant=3): 5299.0 ms
[INFO] Option mapping #3: planID=700000019, optionCode=5(최소시간)
[OK] Stored mission data: MissionPlan=3, IndividualMission=18, FlightPath=36
[REPLAN][TIME] id_tab_update_deferred_ms=10520.7 wall_ms=1779338226443
[REPLAN][TIME] pipeline_done_ms=10520.8 wall_ms=1779338226443 plans=3 force_direct=False
[REPLAN][TIME] 0301_queued_ms=10520.8 wall_ms=1779338226443 plans=3
[STEP 4] 0301 push queued (planIds=700000017, 700000018, 700000019)
[0301] missionPlanID=700000017 전송
[0301] missionPlanID=700000018 전송
[0301] missionPlanID=700000019 전송
[PUSH] 0301 direct batch send
[REPLAN][TIME] 0301_sent_ms=10537.0 wall_ms=1779338226459 plans=3
[REPLAN][TIME] post_0301_delivery_queued_ms=10537.7 wall_ms=1779338226460 grace_ms=0 timeout_ms=20 force_direct=0 mode=option_or_0901
[INFO] Post-0301 apply queued (mode=option_or_0901, grace=0ms, timeout=20ms, plans=3)
[REPLAN][TIME] 0305_status_2_ms=10540.5 wall_ms=1779338226463 reason=협업기저임무 재수행 요청
[0305] status=2, reason=협업기저임무 재수행 요청, elapsed=10.43s 전송
[REPLAN][TIME] post_0301_completion_ready_ms=10541.8 wall_ms=1779338226464 mode=option_or_0901
[REPLAN][METRIC] source_artifact_cache entries=34 hits=28 misses=34
[INFO] Post-0301 ready (timeout) -> sending 0901
[REPLAN][TIME] post_0301_flushed_ms=10563.5 wall_ms=1779338226486 delivery=0901 trigger=timeout
[REPLAN][TIME] 0901_sent_ms=10565.8 wall_ms=1779338226488 options=3
[0901] option request sent (count=3, codes=6(정찰/시간 균형), 4(정찰특화), 5(최소시간))
[REPLAN][TIME] id_tab_update_flushed_ms=10567.4 wall_ms=1779338226490
[REPLAN][TIME] 0902_received_ms=0.2 wall_ms=1779338274491 trigger=attack_2_option replanLevel=2 optionCount=2 forceDirect=0
[REPLAN][TIME] 0902_archived_ms=1.6 wall_ms=1779338274492 path=replan_request_832653473474.json
[AUTO] 0902 received (planIds=700000020, 700000021)
[REPLAN][TIME] pipeline_scheduled_ms=2.8 wall_ms=1779338274494 delay_ms=0
[REPLAN][TIME] scheduled_start_ms=3.7 wall_ms=1779338274495
[REPLAN][TIME] 0305_status_1_ms=5.5 wall_ms=1779338274496 reason=표적84 발견 재계획
[0305] status=1, reason=표적84 발견 재계획 전송
[INFO] Using latest 0203 ID 1 for missionReferencePackageID (fallback)
[STEP 0] Replan pipeline start (reason=표적84 발견 재계획)
[REPLAN][TIME] attack_exclusion_parallel_started_ms=10.3 wall_ms=1779338274501 option_index=2 sourcePlanID=700000017
[ATTACK-EXCLUDE] parallel generation started (sourcePlanID=700000017, optionIndex=2)
[ATTACK] 공격 특화 재계획 요청 감지 → 전용 파이프라인 실행
[ATTACK] [TIME] select_manned_aircraft=9ms
[ATTACK] STEP1 Selected manned aircraft: aircraft 2 (fuel=1200.0, coord=(37.85672378540039, 128.23350524902344, alt=1199))
[ATTACK] [TIME] load_target_entries=1ms
[ATTACK] STEP2 UAV tracking summary: watcher 5?’target 84, watcher 4?’target unknown-10, watcher 4?’target unknown-13, watcher 4?’target unknown-17, watcher 4?’target unknown-2, watcher 4?’target unknown-22, watcher 4?’target unknown-24, watcher 5?’target unknown-12, watcher 5?’target unknown-15, watcher 5?’target unknown-16, watcher 5?’target unknown-18, watcher 5?’target unknown-19, watcher 5?’target unknown-20, watcher 5?’target unknown-3, watcher 5?’target unknown-4, watcher 5?’target unknown-6, watcher 5?’target unknown-7, watcher 5?’target unknown-8, watcher 5?’target unknown-9, watcher 6?’target unknown-1, watcher 6?’target unknown-11, watcher 6?’target unknown-21, watcher 6?’target unknown-23, watcher 6?’target unknown-25, watcher 6?’target unknown-5, watcher 4?’target 77, watcher 6?’target 78, watcher 5?’target 79, watcher 5?’target 80, watcher 4?’target 81, watcher 5?’target 82, watcher 5?’target 83
[ATTACK] STEP2.5 Using bundled 0402 targets: target=84 watcher=5
[ATTACK] [ATTACK] Selected target id=84 type=1 weaponType=2 (preferred=2, ammo={'type1': 500, 'type2': 7, 'type3': 2})
[ATTACK] [TIME] compute_attack_point=6ms
[ATTACK] STEP3 Attack plan completed: lat=37.901547, lon=128.192529, alt=952m
[ATTACK] [ATTACK] Weapon choice aircraft=2 preferred=2 selected=2 ammo={'type1': 500, 'type2': 7, 'type3': 2}
[ATTACK] [ATTACK][ETA] Tracking ETA computed with LAH max attack speed (dist=6146.2m, speed=73.61m/s, +30s) -> 113s
[ATTACK] [ATTACK] Using requested missionPlanID 700000020 (sourcePlanID=700000017)
[ATTACK] [ATTACK][POINT] Primary target adaptive standoff mode=candidate_within_standoff currentDist=8146.203861093476m candidateDist=1999.9999999994m standoff=300.0/2000.0m.
[ATTACK] [ATTACK][ETA] UAV 4 remaining mission time: 0.0s
[ATTACK] [ATTACK][ETA] UAV 6 remaining mission time: 0.0s
[ATTACK] [ATTACK][ETA] Non-tracking UAV ETA selected: UAV 4 with 0s remaining
[ATTACK] [ATTACK][ETA] All tracking ETAs unified to 0s
[ATTACK] [ATTACK][COLLAB] Remaining UAV entry lookahead applied: 9.0s (pathFollow=3, linearFallback=3, currentOnly=0)
[ATTACK] [PRIOR] Falling back to first mission for aircraft 2 (current waypoint not found in plan).
[FOV_DB] loaded 7010 rows, 7008 unique widths, path=C:\Users\TRL98\Desktop\LAH_MUMT\branNew\KU\DSS_KU\resource\db\fov_db_탱크_72_38_6_3.2.csv
[ATTACK] [ATTACK][LAH] Using max attack speed 73.61m/s (265.0km/h) for aircraft 2.
[ATTACK] [ATTACK][LAH] Inferred current waypoint from position -> 50497.
[ATTACK] [ATTACK][LAH] Dropped current waypoint from resume path (currentWP=50497, nextWP=50498).
[ATTACK] [ATTACK][LAH] Preserved completed prefix, inserted attack, and reattached 1 follow-up mission(s).
[ATTACK] [ATTACK][LAH] Generated attack/resume missions -> IMP:800000095.json PATHS:200000040.json/200000041.json (followUps=1)
[ATTACK] [PRIOR] Falling back to first mission for aircraft 1 (current waypoint not found in plan).
[ATTACK] [ATTACK][LAH] Inferred current waypoint from position -> 50493.
[ATTACK] [ATTACK][LAH] Dropped current waypoint from resume path (currentWP=50493, nextWP=50494).
[ATTACK] [ATTACK][LAH] Preserved completed prefix, inserted hold, and reattached 1 follow-up mission(s).
[ATTACK] [ATTACK][LAH] Generated hold/resume missions -> IMP:800000097.json PATHS:100000039.json/100000040.json (followUps=1)
[ATTACK] [PRIOR] Falling back to first mission for aircraft 3 (current waypoint not found in plan).
[ATTACK] [ATTACK][LAH] Inferred current waypoint from position -> 50501.
[ATTACK] [ATTACK][LAH] Dropped current waypoint from resume path (currentWP=50501, nextWP=50502).
[ATTACK] [ATTACK][LAH] Preserved completed prefix, inserted hold, and reattached 1 follow-up mission(s).
[ATTACK] [ATTACK][LAH] Generated hold/resume missions -> IMP:800000101.json PATHS:300000039.json/300000040.json (followUps=1)
[ATTACK] [NEXTCOLLAB] division planner area-division pieces=2
[ATTACK] [NEXTCOLLAB] division planner final workflow=no_split paths=2
[ATTACK] [ATTACK][COLLAB] Collaborative replacement IMP written (aircraft=4, imp=800000098.json, missions=1).
[ATTACK] [ATTACK][COLLAB] Collaborative replacement IMP written (aircraft=6, imp=800000099.json, missions=1).
[ATTACK] [ATTACK][COLLAB] First sweep searchSpeed boosted (aircraft=4, pathID=400000057, waypointID=300544, factor=1.30, old=784.35, new=1019.66).
[ATTACK] [ATTACK][COLLAB] First sweep searchSpeed boosted (aircraft=6, pathID=600000050, waypointID=300555, factor=1.30, old=446.00, new=579.80).
[ATTACK] [ATTACK][COLLAB] Collaborative remaining mission replanned (inputMissionID=4, unavailable=[5], remaining=[4, 6], workflow=no_split).
[ATTACK] [ATTACK][UAV] Tracking target altitude kept for sensor only; flight altitude replaced 652m -> 1910m.
[ATTACK] [ATTACK][UAV] Resume trimmed by currentWP (lastRemovedWP=300499).
[ATTACK] [ATTACK][UAV] Added replan anchor waypoint to done path (anchorWP=300579).
[ATTACK] [ATTACK][UAV] Resume sweep trim applied (cutPoints=57, rawCutPoints=57, doneSweepPoints=0, pathID=500000051).
[ATTACK] [ATTACK][UAV] Resume searchSpeed scaled (factor=1.30, waypoints=1).
[ATTACK] [ATTACK][COLLAB] Tracking UAV resume replaced with release transit (aircraft=5, targetFinishEta=44, speed=58.0m/s).
[ATTACK] [ATTACK][UAV] Preserved completed prefix, inserted tracking, and reattached 1 follow-up mission(s).
[ATTACK] [ATTACK][UAV] Generated tracking/resume missions -> IMP:800000102.json PATHS:500000061.json/500000062.json (followUps=1)
[ATTACK] [ATTACK][UAV] Tracking assignment state saved (aircraft=5, sourcePlan=700000017, attackPlan=700000020).
[ATTACK] [ATTACK][COLLAB] Aircraft 4 handled by collaborative remaining replan (inputMissionID=4).
[ATTACK] [ATTACK][COLLAB] Aircraft 6 handled by collaborative remaining replan (inputMissionID=4).
[ATTACK] [ATTACK][PLAN] carried area remaining snapshot -> mission_area_snapshot_700000020.json (sourcePlanID=700000017, planID=700000020)
[ATTACK] [ATTACK][PLAN] MissionPlan saved -> 700000020.json (planID=700000020)
[ATTACK] [ATTACK][TIME] override_detail={"phases": {"metadata_normalize": {"elapsedMs": 0.008, "attackTargetCount": 1, "selectedMannedCount": 1}, "agent_index": {"elapsedMs": 0.082, "aircraftCount": 6}, "weapon_choice": {"elapsedMs": 5.704, "selectedWeaponType": 2, "ammoAvailable": true}, "initial_tracking_eta": {"elapsedMs": 0.694, "useDetectionTracking": true, "trackingEtaS": 113}, "resolve_source_plan": {"elapsedMs": 1.989, "sourcePlanID": 700000017}, "source_plan_load": {"elapsedMs": 0.619, "sourcePlanID": 700000017, "aircraftCount": 6}, "sweep_progress_load": {"elapsedMs": 0.731, "entries": 42}, "plan_id_resolve": {"elapsedMs": 0.025, "requested": true, "missionPlanID": 700000020}, "source_artifact_cache_build": {"elapsedMs": 0.019, "aircraftEntries": 6}, "done_input_ids_load": {"elapsedMs": 1.189, "count": 2}, "plan_deepcopy": {"elapsedMs": 0.075}, "target_uav_assignment": {"elapsedMs": 0.953, "assignedTargetCount": 1, "usedTrackingUavCount": 1}, "manned_sequence_assignment": {"elapsedMs": 6.841, "aircraftCount": 1, "error": null}, "attack_coordinate_resolution": {"elapsedMs": 3.902, "resolvedCount": 1, "mannedSequenceCount": 1}, "remaining_eta": {"elapsedMs": 16.061, "allUavCount": 3, "trackingUavCount": 1, "computedEtaCount": 1, "adjustedEtaS": 0}, "descriptor_list_build": {"elapsedMs": 0.043, "descriptorCount": 6, "activeMannedCount": 1, "otherLahCount": 2, "otherUavCount": 2}, "collab_tracking_scan": {"elapsedMs": 9.836, "inputCount": 1, "unavailableUavCount": 1}, "collab_agent_state_map": {"elapsedMs": 7.113, "aircraftCount": 6}, "collab_parallel_started": {"elapsedMs": 0.605, "inputCount": 1, "workers": 1}, "collab_parallel_join": {"elapsedMs": 3.392, "waitReason": "UAV_TRACK", "inputCount": 1}, "descriptor_loop": {"elapsedMs": 5749.166, "descriptorCount": 6, "updateCount": 4}, "final_collab_plan_update": {"elapsedMs": 0.015, "collabInputCount": 1}, "mission_plan_write": {"elapsedMs": 13.103, "missionPlanID": 700000020}, "option_meta_build": {"elapsedMs": 0.064, "targetCount": 1, "collabInputCount": 1}}, "collabRuns": [{"inputMissionID": 4, "unavailableAircraftIDs": [5], "elapsedMs": 3027.363, "status": "ok", "replacementAircraftIDs": [4, 6], "generatedPathCount": 2, "finishEtaS": 44, "workflow": "no_split"}], "descriptorDetails": [{"aircraftID": 2, "label": "manned", "mode": "LAH_ATTACK", "resolveArtifacts": {"elapsedMs": 0.58, "currentWaypointID": null, "sourcePathID": 200000034, "sourceImpID": 800000077}, "loadArtifacts": {"elapsedMs": 0.005, "impLoaded": true, "fpLoaded": true}, "cloneAndLocateMission": {"elapsedMs": 0.077, "missionCount": 2, "targetIndex": 0}, "allocateAndPlanUpdate": {"elapsedMs": 18.6, "newImpID": 800000095}, "builder": {"elapsedMs": 2049.715, "builderMode": "LAH_ATTACK"}, "builderDetail": {"allocate_ids": {"elapsedMs": 687.269, "attackPathID": 200000040, "resumePathID": 200000041, "attackIndividualID": 900000240, "resumeIndividualID": 900000241, "entryWaypointID": 300532, "attackWaypointID": 300534}, "split_lah_resume": {"elapsedMs": 852.433, "resumeWaypointCount": 1, "removedWaypointID": 50497}, "clone_followups": {"elapsedMs": 339.037, "followUpMissionCount": 1, "followUpPathCount": 1}, "payload_build": {"elapsedMs": 162.021, "hasResume": true, "followUpMissionCount": 1, "attackSpeedMps": 73.61}, "write_json": {"elapsedMs": 4.026, "fileCount": 4}, "totalMs": 2048.282}, "status": "ok", "elapsedMs": 2069.093}, {"aircraftID": 1, "label": "lah_hold_1", "mode": "LAH_HOLD_RESUME", "resolveArtifacts": {"elapsedMs": 0.59, "currentWaypointID": null, "sourcePathID": 100000033, "sourceImpID": 800000076}, "loadArtifacts": {"elapsedMs": 0.006, "impLoaded": true, "fpLoaded": true}, "cloneAndLocateMission": {"elapsedMs": 0.094, "missionCount": 2, "targetIndex": 0}, "allocateAndPlanUpdate": {"elapsedMs": 260.986, "newImpID": 800000097}, "builder": {"elapsedMs": 1414.088, "builderMode": "LAH_HOLD_RESUME"}, "builderDetail": {"allocate_ids": {"elapsedMs": 397.319, "holdPathID": 100000039, "resumePathID": 100000040, "holdIndividualID": 900000247, "resumeIndividualID": 900000248}, "split_lah_resume": {"elapsedMs": 598.958, "resumeWaypointCount": 1, "removedWaypointID": 50493}, "clone_followups": {"elapsedMs": 167.427, "followUpMissionCount": 1, "followUpPathCount": 1}, "payload_build": {"elapsedMs": 411.118, "hasResume": true, "followUpMissionCount": 1}, "write_json": {"elapsedMs": 3.378, "fileCount": 4}, "totalMs": 1414.052}, "status": "ok", "elapsedMs": 1675.896}, {"aircraftID": 3, "label": "lah_hold_3", "mode": "LAH_HOLD_RESUME", "resolveArtifacts": {"elapsedMs": 0.656, "currentWaypointID": null, "sourcePathID": 300000033, "sourceImpID": 800000078}, "loadArtifacts": {"elapsedMs": 0.006, "impLoaded": true, "fpLoaded": true}, "cloneAndLocateMission": {"elapsedMs": 0.115, "missionCount": 2, "targetIndex": 0}, "allocateAndPlanUpdate": {"elapsedMs": 134.526, "newImpID": 800000101}, "builder": {"elapsedMs": 948.138, "builderMode": "LAH_HOLD_RESUME"}, "builderDetail": {"allocate_ids": {"elapsedMs": 247.063, "holdPathID": 300000039, "resumePathID": 300000040, "holdIndividualID": 900000252, "resumeIndividualID": 900000253}, "split_lah_resume": {"elapsedMs": 418.419, "resumeWaypointCount": 1, "removedWaypointID": 50501}, "clone_followups": {"elapsedMs": 148.986, "followUpMissionCount": 1, "followUpPathCount": 1}, "payload_build": {"elapsedMs": 275.697, "hasResume": true, "followUpMissionCount": 1}, "write_json": {"elapsedMs": 3.871, "fileCount": 4}, "totalMs": 948.099}, "status": "ok", "elapsedMs": 1083.569}, {"aircraftID": 5, "label": "uav_tracking_5", "mode": "UAV_TRACK", "resolveArtifacts": {"elapsedMs": 0.023, "currentWaypointID": 300500, "sourcePathID": 500000051, "sourceImpID": 800000080}, "loadArtifacts": {"elapsedMs": 0.004, "impLoaded": true, "fpLoaded": true}, "cloneAndLocateMission": {"elapsedMs": 0.173, "missionCount": 2, "targetIndex": 0}, "allocateAndPlanUpdate": {"elapsedMs": 10.061, "newImpID": 800000102}, "builder": {"elapsedMs": 894.879, "builderMode": "UAV_TRACK"}, "builderDetail": {"allocate_ids": {"elapsedMs": 171.239, "donePathID": 500000060, "attackPathID": 500000061, "resumePathID": 500000062, "trackingIndividualID": 900000255, "resumeIndividualID": 900000256, "targetWaypointID": 300578}, "split_done_resume": {"elapsedMs": 401.262, "sourceSinglePoint": false, "doneWaypointCount": 2, "resumeWaypointCount": 1, "removedWaypointID": 300499}, "clone_followups": {"elapsedMs": 146.47, "followUpMissionCount": 1, "followUpPathCount": 1}, "release_resume": {"elapsedMs": 118.319, "releaseWaypointCount": 2, "targetFinishEtaS": 44}, "write_json": {"elapsedMs": 48.091, "fileCount": 5}, "totalMs": 891.896}, "trackingState": {"elapsedMs": 9.139}, "status": "ok", "elapsedMs": 915.09}, {"aircraftID": 4, "label": "uav_resume_4", "mode": "UAV_RESUME", "resolveArtifacts": {"elapsedMs": 0.023, "currentWaypointID": 300496, "sourcePathID": 400000048, "sourceImpID": 800000079}, "loadArtifacts": {"elapsedMs": 0.004, "impLoaded": true, "fpLoaded": true}, "cloneAndLocateMission": {"elapsedMs": 0.136, "missionCount": 2, "targetIndex": 0}, "status": "handled_by_collab", "elapsedMs": 0.822}, {"aircraftID": 6, "label": "uav_resume_6", "mode": "UAV_RESUME", "resolveArtifacts": {"elapsedMs": 0.018, "currentWaypointID": 300504, "sourcePathID": 600000044, "sourceImpID": 800000081}, "loadArtifacts": {"elapsedMs": 0.003, "impLoaded": true, "fpLoaded": true}, "cloneAndLocateMission": {"elapsedMs": 0.123, "missionCount": 2, "targetIndex": 0}, "status": "handled_by_collab", "elapsedMs": 0.77}], "totalMs": 5813}
[ATTACK] [ATTACK][TIME] override_total=5813ms
[ATTACK] [TIME] apply_attack_plan_overrides=5824ms
[ATTACK] [TIME] timingMs={"read_source": 11.505, "descriptor_build": 4.386, "write_artifacts": 5834.095, "delivery_wait": 8.915}
[ATTACK] [TIME] total=5860ms
[ATTACK] 분석 로그 저장: C:\Users\TRL98\Desktop\LAH_MUMT\Logs\Scenario_2026-05-21T132543\SBC3\DSS_Internal\log_attack_algorithm_20260521T043800_362047.json
[ATTACK] mark target used: targetIDs=84
[ATTACK-EXCLUDE] ATTACK-EXCLUDE using requested missionPlanID 700000021 (sourcePlanID=700000017)
[ATTACK-EXCLUDE] [PRIOR][UAV] Resume trimmed by currentWP (lastRemovedWP=300495).
[ATTACK-EXCLUDE] [PRIOR][UAV] Added replan anchor waypoint to done path (anchorWP=300533).
[ATTACK-EXCLUDE] [PRIOR][UAV] Resume sweep trim applied (cutPoints=57, rawCutPoints=57, doneSweepPoints=0, pathID=400000048).
[ATTACK-EXCLUDE] [PRIOR][UAV] Resume searchSpeed scaled (factor=1.30, waypoints=1).
[ATTACK-EXCLUDE] [PRIOR][UAV] Generated done/resume mission -> aircraft=4 IMP:800000094.json PATHS:400000054.json/400000055.json
[ATTACK-EXCLUDE] [PRIOR][UAV] Resume trimmed by currentWP (lastRemovedWP=300499).
[ATTACK-EXCLUDE] [PRIOR][UAV] Added replan anchor waypoint to done path (anchorWP=300553).
[ATTACK-EXCLUDE] [PRIOR][UAV] Resume sweep trim applied (cutPoints=57, rawCutPoints=57, doneSweepPoints=0, pathID=500000051).
[ATTACK-EXCLUDE] [PRIOR][UAV] Resume searchSpeed scaled (factor=1.30, waypoints=1).
[ATTACK-EXCLUDE] [PRIOR][UAV] Generated done/resume mission -> aircraft=5 IMP:800000096.json PATHS:500000057.json/500000058.json
[ATTACK-EXCLUDE] [PRIOR][UAV] Resume trimmed by currentWP (lastRemovedWP=300503).
[ATTACK-EXCLUDE] [PRIOR][UAV] Added replan anchor waypoint to done path (anchorWP=300568).
[ATTACK-EXCLUDE] [PRIOR][UAV] Resume sweep trim applied (cutPoints=55, rawCutPoints=55, doneSweepPoints=0, pathID=600000044).
[ATTACK-EXCLUDE] [PRIOR][UAV] Resume searchSpeed scaled (factor=1.30, waypoints=1).
[ATTACK-EXCLUDE] [PRIOR][UAV] Generated done/resume mission -> aircraft=6 IMP:800000100.json PATHS:600000051.json/600000052.json
[ATTACK-EXCLUDE] 공격 배제 MissionPlan 저장 -> 700000021.json (planID=700000021)
[ATTACK-EXCLUDE] ATTACK-EXCLUDE carried area remaining snapshot -> mission_area_snapshot_700000021.json (sourcePlanID=700000017, planID=700000021)
[ATTACK] 공격 임무 계획 완료 (planIds=700000020)
[INFO] UAV params loaded (cruise=40.00, turn_step=15.0)
[INFO] Latest input snapshot → 0201:ID=2,ts=832653415542,src=-, 0203:ID=1,ts=832652848760,src=-
[STEP 0] Using latest 0201 ID 2 (2.json)
[STEP 0] Using latest 0203 ID 1 (1.json)
[CHECK] 0201/0203 필수 데이터 확인 시작
[OK] 0201 inputMissionList 확인됨 (count=4) → 진행
[OK] 0201 availableAircraftList 확인됨 (count=6) → 진행
[OK] 0201 inputMissionPackageType=1 확인
[OK] 0201 mainSensor=1 확인
[CHECK] 0201 기체 수=6 (UAV=3, LAH=3)
[CHECK] 0201 임무: total=4 missingID=0 missingDetail=0 missingShape=0 unknownType=0 typeZeroAuto=0 typeZeroInvalid=0 lineOnlyViolation=0 skippedSinglePoint=0
[OK] 0203 takeOverInfoList 확인됨 (count=3) → 진행
[OK] 0203 handOverInfoList 확인됨 (count=3) → 진행
[OK] 0203 flightAreaList 확인됨 (count=1) → 진행
[CHECK] 0203 flightAreaList count=1
[INFO] 임무 진행영역 스냅샷 적용: sourcePlan=700000017, updated=2, done=0
[INFO] 임무 진행영역 재계획 collapse 적용: groups=2, normalized=3, 4
[INFO] Filtered completed input missions (removed=1, 2, converted=-, widthAdjusted=-, skippedSinglePoint=-, snapshot=updated=2, done=0, collapse=groups=2, normalized=3,4)
[REPLAN][TIME] variant_started_ms=5898.5 wall_ms=1779338280389 variant=1 option=3 mode=attack_exclusion
[variant 1] 공격 배제 병렬 결과 병합
[REPLAN][TIME] attack_exclusion_parallel_joined_ms=5909.3 wall_ms=1779338280400 variant=1 duration_ms=4252.819 wait_ms=0.011
[OK] 공격 배제 variant 저장: MissionPlanID=700000021 (elapsed=4252.8 ms)
[INFO] Option mapping #1: planID=700000021, optionCode=3(공격배제)
[REPLAN][TIME] variant_finished_ms=5909.4 wall_ms=1779338280400 variant=1 option=3 mode=attack_exclusion status=success duration_ms=4252.819
[OK] Stored mission data: MissionPlan=1, IndividualMission=0, FlightPath=0
[REPLAN][TIME] id_tab_update_deferred_ms=5910.7 wall_ms=1779338280402
[REPLAN][TIME] pipeline_done_ms=5910.8 wall_ms=1779338280402 plans=2 force_direct=False
[REPLAN][TIME] 0301_queued_ms=5910.8 wall_ms=1779338280402 plans=2
[STEP 4] 0301 push queued (planIds=700000020, 700000021)
[0402] delivery suppressed before 0301: Target 정보 변경으로 인한 재계획 중단
[0001] notice sent: Target 정보 변경으로 인한 재계획 중단
[REPLAN][METRIC] source_artifact_cache entries=21 hits=39 misses=21
[REPLAN][TIME] 0902_received_ms=0.2 wall_ms=1779338281564 trigger=attack_2_option replanLevel=2 optionCount=2 forceDirect=0
[REPLAN][TIME] 0902_archived_ms=1.2 wall_ms=1779338281565 path=replan_request_832653475972.json
[AUTO] 0902 received (planIds=700000022, 700000023)
[REPLAN][TIME] pipeline_scheduled_ms=2.8 wall_ms=1779338281567 delay_ms=0
[REPLAN][TIME] scheduled_start_ms=3.9 wall_ms=1779338281568
[REPLAN][TIME] 0305_status_1_ms=5.9 wall_ms=1779338281570 reason=표적85 등 2개 발견
[0305] status=1, reason=표적85 등 2개 발견 전송
[INFO] Using latest 0203 ID 1 for missionReferencePackageID (fallback)
[STEP 0] Replan pipeline start (reason=표적85 등 2개 발견)
[REPLAN][TIME] attack_exclusion_parallel_started_ms=13.5 wall_ms=1779338281578 option_index=2 sourcePlanID=700000017
[ATTACK-EXCLUDE] parallel generation started (sourcePlanID=700000017, optionIndex=2)
[ATTACK] 공격 특화 재계획 요청 감지 → 전용 파이프라인 실행
[ATTACK] [TIME] select_manned_aircraft=13ms
[ATTACK] STEP1 Selected manned aircraft: aircraft 3 (fuel=1200.0, coord=(37.824951171875, 128.2141876220703, alt=1202))
[ATTACK] [TIME] load_target_entries=1ms
[ATTACK] STEP2 UAV tracking summary: watcher 5?’target 84, watcher 4?’target 85, watcher 4?’target unknown-10, watcher 4?’target unknown-13, watcher 4?’target unknown-17, watcher 4?’target unknown-2, watcher 4?’target unknown-22, watcher 5?’target unknown-12, watcher 5?’target unknown-15, watcher 5?’target unknown-16, watcher 5?’target unknown-18, watcher 5?’target unknown-19, watcher 5?’target unknown-20, watcher 5?’target unknown-3, watcher 5?’target unknown-4, watcher 5?’target unknown-6, watcher 5?’target unknown-7, watcher 5?’target unknown-8, watcher 5?’target unknown-9, watcher 6?’target unknown-1, watcher 6?’target unknown-11, watcher 6?’target unknown-21, watcher 6?’target unknown-23, watcher 6?’target unknown-25, watcher 6?’target unknown-5, watcher 4?’target 77, watcher 6?’target 78, watcher 5?’target 79, watcher 5?’target 80, watcher 4?’target 81, watcher 5?’target 82, watcher 5?’target 83
[ATTACK] STEP2.5 Using bundled 0402 targets: target=85 watcher=4, target=84 watcher=5
[ATTACK] STEP2.6 Multi-target manned selection: 2, 3
[ATTACK] [ATTACK] Selected target id=85 type=2 weaponType=2 (preferred=2, ammo={'type1': 500, 'type2': 7, 'type3': 2})
[ATTACK] [TIME] compute_attack_point=10ms
[ATTACK] STEP3 Attack plan completed: lat=37.902170, lon=128.183854, alt=1011m
[ATTACK] [ATTACK] Using remembered waypoint 300496 for watcher 4 while auto-tracking.
[ATTACK] [ATTACK] Weapon choice aircraft=2 preferred=2 selected=2 ammo={'type1': 500, 'type2': 7, 'type3': 2}
[ATTACK] [ATTACK][ETA] Tracking ETA computed with LAH max attack speed (dist=6672.8m, speed=73.61m/s, +30s) -> 121s
[ATTACK] [ATTACK] Using requested missionPlanID 700000022 (sourcePlanID=700000017)
[ATTACK] [ATTACK][POINT] Primary target adaptive standoff mode=far_projected_to_preferred_standoff currentDist=8672.766552652265m candidateDist=2000.0000000006983m standoff=300.0/2000.0m.
[ATTACK] [ATTACK][ETA] UAV 6 remaining mission time: 0.0s
[ATTACK] [ATTACK][ETA] Non-tracking UAV ETA selected: UAV 6 with 0s remaining
[ATTACK] [ATTACK][ETA] All tracking ETAs unified to 0s
[ATTACK] [ATTACK][COLLAB] Remaining UAV entry lookahead applied: 9.0s (pathFollow=3, linearFallback=3, currentOnly=0)
[ATTACK] [PRIOR] Falling back to first mission for aircraft 2 (current waypoint not found in plan).
[FOV_DB] loaded 7010 rows, 7008 unique widths, path=C:\Users\TRL98\Desktop\LAH_MUMT\branNew\KU\DSS_KU\resource\db\fov_db_탱크_72_38_6_3.2.csv
[ATTACK] [ATTACK][LAH] Using max attack speed 73.61m/s (265.0km/h) for aircraft 2.
[ATTACK] [ATTACK][LAH] Inferred current waypoint from position -> 50497.
[ATTACK] [ATTACK][LAH] Dropped current waypoint from resume path (currentWP=50497, nextWP=50498).
[ATTACK] [ATTACK][LAH] Preserved completed prefix, inserted attack, and reattached 1 follow-up mission(s).
[ATTACK] [ATTACK][LAH] Generated attack/resume missions -> IMP:800000104.json PATHS:200000043.json/200000044.json (followUps=1)
[ATTACK] [PRIOR] Falling back to first mission for aircraft 3 (current waypoint not found in plan).
[ATTACK] [ATTACK][LAH] Using max attack speed 73.61m/s (265.0km/h) for aircraft 3.
[ATTACK] [ATTACK][LAH] Inferred current waypoint from position -> 50501.
[ATTACK] [ATTACK][LAH] Dropped current waypoint from resume path (currentWP=50501, nextWP=50502).
[ATTACK] [ATTACK][LAH] Preserved completed prefix, inserted attack, and reattached 1 follow-up mission(s).
[ATTACK] [ATTACK][LAH] Generated attack/resume missions -> IMP:800000107.json PATHS:300000042.json/300000043.json (followUps=1)
[ATTACK] [PRIOR] Falling back to first mission for aircraft 1 (current waypoint not found in plan).
[ATTACK] [ATTACK][LAH] Inferred current waypoint from position -> 50493.
[ATTACK] [ATTACK][LAH] Dropped current waypoint from resume path (currentWP=50493, nextWP=50494).
[ATTACK] [ATTACK][LAH] Preserved completed prefix, inserted hold, and reattached 1 follow-up mission(s).
[ATTACK] [ATTACK][LAH] Generated hold/resume missions -> IMP:800000109.json PATHS:100000042.json/100000043.json (followUps=1)
[ATTACK] [NEXTCOLLAB] division planner area-division pieces=1
[ATTACK] [NEXTCOLLAB] division planner final workflow=no_split paths=1
[ATTACK] [ATTACK][COLLAB] Collaborative replacement IMP written (aircraft=6, imp=800000106.json, missions=1).
[ATTACK] [ATTACK][COLLAB] First sweep searchSpeed boosted (aircraft=6, pathID=600000054, waypointID=300602, factor=1.30, old=786.07, new=1021.89).
[ATTACK] [ATTACK][COLLAB] Collaborative remaining mission replanned (inputMissionID=4, unavailable=[4, 5], remaining=[6], workflow=no_split).
[ATTACK] [ATTACK][UAV] Resume trimmed by currentWP (lastRemovedWP=300495).
[ATTACK] [ATTACK][UAV] Added replan anchor waypoint to done path (anchorWP=300636).
[ATTACK] [ATTACK][UAV] Resume sweep trim applied (cutPoints=57, rawCutPoints=57, doneSweepPoints=0, pathID=400000048).
[ATTACK] [ATTACK][UAV] Resume searchSpeed scaled (factor=1.30, waypoints=1).
[ATTACK] [ATTACK][COLLAB] Tracking UAV resume replaced with release transit (aircraft=4, targetFinishEta=54, speed=58.0m/s).
[ATTACK] [ATTACK][UAV] Preserved completed prefix, inserted tracking, and reattached 1 follow-up mission(s).
[ATTACK] [ATTACK][UAV] Generated tracking/resume missions -> IMP:800000110.json PATHS:400000062.json/400000063.json (followUps=1)
[ATTACK] [ATTACK][UAV] Tracking assignment state saved (aircraft=4, sourcePlan=700000017, attackPlan=700000022).
[ATTACK] [ATTACK][UAV] Tracking target altitude kept for sensor only; flight altitude replaced 652m -> 1910m.
[ATTACK] [ATTACK][UAV] Resume trimmed by currentWP (lastRemovedWP=300499).
[ATTACK] [ATTACK][UAV] Added replan anchor waypoint to done path (anchorWP=300646).
[ATTACK] [ATTACK][UAV] Resume sweep trim applied (cutPoints=57, rawCutPoints=57, doneSweepPoints=0, pathID=500000051).
[ATTACK] [ATTACK][UAV] Resume searchSpeed scaled (factor=1.30, waypoints=1).
[ATTACK] [ATTACK][COLLAB] Tracking UAV resume replaced with release transit (aircraft=5, targetFinishEta=54, speed=58.0m/s).
[ATTACK] [ATTACK][UAV] Preserved completed prefix, inserted tracking, and reattached 1 follow-up mission(s).
[ATTACK] [ATTACK][UAV] Generated tracking/resume missions -> IMP:800000111.json PATHS:500000068.json/500000069.json (followUps=1)
[ATTACK] [ATTACK][UAV] Tracking assignment state saved (aircraft=5, sourcePlan=700000017, attackPlan=700000022).
[ATTACK] [ATTACK][COLLAB] Aircraft 6 handled by collaborative remaining replan (inputMissionID=4).
[ATTACK] [ATTACK][PLAN] carried area remaining snapshot -> mission_area_snapshot_700000022.json (sourcePlanID=700000017, planID=700000022)
[ATTACK] [ATTACK][PLAN] MissionPlan saved -> 700000022.json (planID=700000022)
[ATTACK] [ATTACK][TIME] override_detail={"phases": {"metadata_normalize": {"elapsedMs": 0.008, "attackTargetCount": 2, "selectedMannedCount": 2}, "agent_index": {"elapsedMs": 0.087, "aircraftCount": 6}, "weapon_choice": {"elapsedMs": 3.131, "selectedWeaponType": 2, "ammoAvailable": true}, "initial_tracking_eta": {"elapsedMs": 0.465, "useDetectionTracking": true, "trackingEtaS": 121}, "resolve_source_plan": {"elapsedMs": 1.841, "sourcePlanID": 700000017}, "source_plan_load": {"elapsedMs": 1.179, "sourcePlanID": 700000017, "aircraftCount": 6}, "sweep_progress_load": {"elapsedMs": 1.143, "entries": 42}, "plan_id_resolve": {"elapsedMs": 0.024, "requested": true, "missionPlanID": 700000022}, "source_artifact_cache_build": {"elapsedMs": 0.019, "aircraftEntries": 6}, "done_input_ids_load": {"elapsedMs": 1.464, "count": 2}, "plan_deepcopy": {"elapsedMs": 0.054}, "target_uav_assignment": {"elapsedMs": 0.859, "assignedTargetCount": 2, "usedTrackingUavCount": 2}, "manned_sequence_assignment": {"elapsedMs": 14.449, "aircraftCount": 2, "error": null}, "attack_coordinate_resolution": {"elapsedMs": 8.385, "resolvedCount": 2, "mannedSequenceCount": 2}, "remaining_eta": {"elapsedMs": 4.771, "allUavCount": 3, "trackingUavCount": 2, "computedEtaCount": 2, "adjustedEtaS": 0}, "descriptor_list_build": {"elapsedMs": 0.037, "descriptorCount": 6, "activeMannedCount": 2, "otherLahCount": 1, "otherUavCount": 1}, "collab_tracking_scan": {"elapsedMs": 4.052, "inputCount": 1, "unavailableUavCount": 2}, "collab_agent_state_map": {"elapsedMs": 16.412, "aircraftCount": 6}, "collab_parallel_started": {"elapsedMs": 0.618, "inputCount": 1, "workers": 1}, "collab_parallel_join": {"elapsedMs": 3.222, "waitReason": "UAV_TRACK", "inputCount": 1}, "descriptor_loop": {"elapsedMs": 7785.719, "descriptorCount": 6, "updateCount": 5}, "final_collab_plan_update": {"elapsedMs": 0.015, "collabInputCount": 1}, "mission_plan_write": {"elapsedMs": 12.259, "missionPlanID": 700000022}, "option_meta_build": {"elapsedMs": 0.086, "targetCount": 2, "collabInputCount": 1}}, "collabRuns": [{"inputMissionID": 4, "unavailableAircraftIDs": [4, 5], "elapsedMs": 1916.572, "status": "ok", "replacementAircraftIDs": [6], "generatedPathCount": 1, "finishEtaS": 54, "workflow": "no_split"}], "descriptorDetails": [{"aircraftID": 2, "label": "manned", "mode": "LAH_ATTACK", "resolveArtifacts": {"elapsedMs": 0.772, "currentWaypointID": null, "sourcePathID": 200000034, "sourceImpID": 800000077}, "loadArtifacts": {"elapsedMs": 0.003, "impLoaded": true, "fpLoaded": true}, "cloneAndLocateMission": {"elapsedMs": 0.077, "missionCount": 2, "targetIndex": 0}, "allocateAndPlanUpdate": {"elapsedMs": 364.561, "newImpID": 800000104}, "builder": {"elapsedMs": 2150.757, "builderMode": "LAH_ATTACK"}, "builderDetail": {"allocate_ids": {"elapsedMs": 777.742, "attackPathID": 200000043, "resumePathID": 200000044, "attackIndividualID": 900000260, "resumeIndividualID": 900000261, "entryWaypointID": 300594, "attackWaypointID": 300596}, "split_lah_resume": {"elapsedMs": 740.511, "resumeWaypointCount": 1, "removedWaypointID": 50497}, "clone_followups": {"elapsedMs": 358.75, "followUpMissionCount": 1, "followUpPathCount": 1}, "payload_build": {"elapsedMs": 262.797, "hasResume": true, "followUpMissionCount": 1, "attackSpeedMps": 73.61}, "write_json": {"elapsedMs": 4.156, "fileCount": 4}, "totalMs": 2147.601}, "status": "ok", "elapsedMs": 2516.304}, {"aircraftID": 3, "label": "manned", "mode": "LAH_ATTACK", "resolveArtifacts": {"elapsedMs": 0.629, "currentWaypointID": null, "sourcePathID": 300000033, "sourceImpID": 800000078}, "loadArtifacts": {"elapsedMs": 0.004, "impLoaded": true, "fpLoaded": true}, "cloneAndLocateMission": {"elapsedMs": 0.088, "missionCount": 2, "targetIndex": 0}, "allocateAndPlanUpdate": {"elapsedMs": 161.332, "newImpID": 800000107}, "builder": {"elapsedMs": 1793.029, "builderMode": "LAH_ATTACK"}, "builderDetail": {"allocate_ids": {"elapsedMs": 526.649, "attackPathID": 300000042, "resumePathID": 300000043, "attackIndividualID": 900000266, "resumeIndividualID": 900000267, "entryWaypointID": 300614, "attackWaypointID": 300615}, "split_lah_resume": {"elapsedMs": 495.633, "resumeWaypointCount": 1, "removedWaypointID": 50501}, "clone_followups": {"elapsedMs": 488.398, "followUpMissionCount": 1, "followUpPathCount": 1}, "payload_build": {"elapsedMs": 273.52, "hasResume": true, "followUpMissionCount": 1, "attackSpeedMps": 73.61}, "write_json": {"elapsedMs": 3.778, "fileCount": 4}, "totalMs": 1791.584}, "status": "ok", "elapsedMs": 1955.208}, {"aircraftID": 1, "label": "lah_hold_1", "mode": "LAH_HOLD_RESUME", "resolveArtifacts": {"elapsedMs": 1.003, "currentWaypointID": null, "sourcePathID": 100000033, "sourceImpID": 800000076}, "loadArtifacts": {"elapsedMs": 0.007, "impLoaded": true, "fpLoaded": true}, "cloneAndLocateMission": {"elapsedMs": 0.157, "missionCount": 2, "targetIndex": 0}, "allocateAndPlanUpdate": {"elapsedMs": 170.808, "newImpID": 800000109}, "builder": {"elapsedMs": 867.791, "builderMode": "LAH_HOLD_RESUME"}, "builderDetail": {"allocate_ids": {"elapsedMs": 34.135, "holdPathID": 100000042, "resumePathID": 100000043, "holdIndividualID": 900000271, "resumeIndividualID": 900000272}, "split_lah_resume": {"elapsedMs": 487.716, "resumeWaypointCount": 1, "removedWaypointID": 50493}, "clone_followups": {"elapsedMs": 192.974, "followUpMissionCount": 1, "followUpPathCount": 1}, "payload_build": {"elapsedMs": 338.061, "hasResume": true, "followUpMissionCount": 1}, "write_json": {"elapsedMs": 3.769, "fileCount": 4}, "totalMs": 867.742}, "status": "ok", "elapsedMs": 1039.92}, {"aircraftID": 4, "label": "uav_tracking_4", "mode": "UAV_TRACK", "resolveArtifacts": {"elapsedMs": 0.028, "currentWaypointID": 300496, "sourcePathID": 400000048, "sourceImpID": 800000079}, "loadArtifacts": {"elapsedMs": 0.005, "impLoaded": true, "fpLoaded": true}, "cloneAndLocateMission": {"elapsedMs": 0.212, "missionCount": 2, "targetIndex": 0}, "allocateAndPlanUpdate": {"elapsedMs": 9.323, "newImpID": 800000110}, "builder": {"elapsedMs": 1167.677, "builderMode": "UAV_TRACK"}, "builderDetail": {"allocate_ids": {"elapsedMs": 206.986, "donePathID": 400000061, "attackPathID": 400000062, "resumePathID": 400000063, "trackingIndividualID": 900000274, "resumeIndividualID": 900000275, "targetWaypointID": 300635}, "split_done_resume": {"elapsedMs": 506.84, "sourceSinglePoint": false, "doneWaypointCount": 2, "resumeWaypointCount": 1, "removedWaypointID": 300495}, "clone_followups": {"elapsedMs": 223.919, "followUpMissionCount": 1, "followUpPathCount": 1}, "release_resume": {"elapsedMs": 167.563, "releaseWaypointCount": 2, "targetFinishEtaS": 54}, "write_json": {"elapsedMs": 52.428, "fileCount": 5}, "totalMs": 1164.472}, "trackingState": {"elapsedMs": 9.771}, "status": "ok", "elapsedMs": 1187.809}, {"aircraftID": 5, "label": "uav_tracking_5", "mode": "UAV_TRACK", "resolveArtifacts": {"elapsedMs": 0.031, "currentWaypointID": 300500, "sourcePathID": 500000051, "sourceImpID": 800000080}, "loadArtifacts": {"elapsedMs": 0.005, "impLoaded": true, "fpLoaded": true}, "cloneAndLocateMission": {"elapsedMs": 0.226, "missionCount": 2, "targetIndex": 0}, "allocateAndPlanUpdate": {"elapsedMs": 6.518, "newImpID": 800000111}, "builder": {"elapsedMs": 1063.092, "builderMode": "UAV_TRACK"}, "builderDetail": {"allocate_ids": {"elapsedMs": 212.566, "donePathID": 500000067, "attackPathID": 500000068, "resumePathID": 500000069, "trackingIndividualID": 900000277, "resumeIndividualID": 900000278, "targetWaypointID": 300645}, "split_done_resume": {"elapsedMs": 444.212, "sourceSinglePoint": false, "doneWaypointCount": 2, "resumeWaypointCount": 1, "removedWaypointID": 300499}, "clone_followups": {"elapsedMs": 180.184, "followUpMissionCount": 1, "followUpPathCount": 1}, "release_resume": {"elapsedMs": 164.411, "releaseWaypointCount": 2, "targetFinishEtaS": 54}, "write_json": {"elapsedMs": 53.36, "fileCount": 5}, "totalMs": 1060.13}, "trackingState": {"elapsedMs": 10.961}, "status": "ok", "elapsedMs": 1081.682}, {"aircraftID": 6, "label": "uav_resume_6", "mode": "UAV_RESUME", "resolveArtifacts": {"elapsedMs": 0.027, "currentWaypointID": 300504, "sourcePathID": 600000044, "sourceImpID": 800000081}, "loadArtifacts": {"elapsedMs": 0.004, "impLoaded": true, "fpLoaded": true}, "cloneAndLocateMission": {"elapsedMs": 0.183, "missionCount": 2, "targetIndex": 0}, "status": "handled_by_collab", "elapsedMs": 0.899}], "totalMs": 7857}
[ATTACK] [ATTACK][TIME] override_total=7857ms
[ATTACK] [TIME] apply_attack_plan_overrides=7867ms
[ATTACK] [TIME] timingMs={"read_source": 15.501, "descriptor_build": 7.852, "write_artifacts": 7880.769, "delivery_wait": 10.332}
[ATTACK] [TIME] total=7915ms
[ATTACK] 분석 로그 저장: C:\Users\TRL98\Desktop\LAH_MUMT\Logs\Scenario_2026-05-21T132543\SBC3\DSS_Internal\log_attack_algorithm_20260521T043809_494439.json
[ATTACK] mark target used: targetIDs=85, 84
[ATTACK-EXCLUDE] ATTACK-EXCLUDE using requested missionPlanID 700000023 (sourcePlanID=700000017)
[ATTACK-EXCLUDE] [PRIOR][UAV] Resume trimmed by currentWP (lastRemovedWP=300495).
[ATTACK-EXCLUDE] [PRIOR][UAV] Added replan anchor waypoint to done path (anchorWP=300591).
[ATTACK-EXCLUDE] [PRIOR][UAV] Resume sweep trim applied (cutPoints=57, rawCutPoints=57, doneSweepPoints=0, pathID=400000048).
[ATTACK-EXCLUDE] [PRIOR][UAV] Resume searchSpeed scaled (factor=1.30, waypoints=1).
[ATTACK-EXCLUDE] [PRIOR][UAV] Generated done/resume mission -> aircraft=4 IMP:800000103.json PATHS:400000058.json/400000059.json
[ATTACK-EXCLUDE] [PRIOR][UAV] Resume trimmed by currentWP (lastRemovedWP=300499).
[ATTACK-EXCLUDE] [PRIOR][UAV] Added replan anchor waypoint to done path (anchorWP=300609).
[ATTACK-EXCLUDE] [PRIOR][UAV] Resume sweep trim applied (cutPoints=57, rawCutPoints=57, doneSweepPoints=0, pathID=500000051).
[ATTACK-EXCLUDE] [PRIOR][UAV] Resume searchSpeed scaled (factor=1.30, waypoints=1).
[ATTACK-EXCLUDE] [PRIOR][UAV] Generated done/resume mission -> aircraft=5 IMP:800000105.json PATHS:500000064.json/500000065.json
[ATTACK-EXCLUDE] [PRIOR][UAV] Resume trimmed by currentWP (lastRemovedWP=300503).
[ATTACK-EXCLUDE] [PRIOR][UAV] Added replan anchor waypoint to done path (anchorWP=300622).
[ATTACK-EXCLUDE] [PRIOR][UAV] Resume sweep trim applied (cutPoints=60, rawCutPoints=60, doneSweepPoints=0, pathID=600000044).
[ATTACK-EXCLUDE] [PRIOR][UAV] Resume searchSpeed scaled (factor=1.30, waypoints=1).
[ATTACK-EXCLUDE] [PRIOR][UAV] Generated done/resume mission -> aircraft=6 IMP:800000108.json PATHS:600000055.json/600000056.json
[ATTACK-EXCLUDE] 공격 배제 MissionPlan 저장 -> 700000023.json (planID=700000023)
[ATTACK-EXCLUDE] ATTACK-EXCLUDE carried area remaining snapshot -> mission_area_snapshot_700000023.json (sourcePlanID=700000017, planID=700000023)
[ATTACK] 공격 임무 계획 완료 (planIds=700000022)
[INFO] UAV params loaded (cruise=40.00, turn_step=15.0)
[INFO] Latest input snapshot → 0201:ID=2,ts=832653415542,src=-, 0203:ID=1,ts=832652848760,src=-
[STEP 0] Using latest 0201 ID 2 (2.json)
[STEP 0] Using latest 0203 ID 1 (1.json)
[CHECK] 0201/0203 필수 데이터 확인 시작
[OK] 0201 inputMissionList 확인됨 (count=4) → 진행
[OK] 0201 availableAircraftList 확인됨 (count=6) → 진행
[OK] 0201 inputMissionPackageType=1 확인
[OK] 0201 mainSensor=1 확인
[CHECK] 0201 기체 수=6 (UAV=3, LAH=3)
[CHECK] 0201 임무: total=4 missingID=0 missingDetail=0 missingShape=0 unknownType=0 typeZeroAuto=0 typeZeroInvalid=0 lineOnlyViolation=0 skippedSinglePoint=0
[OK] 0203 takeOverInfoList 확인됨 (count=3) → 진행
[OK] 0203 handOverInfoList 확인됨 (count=3) → 진행
[OK] 0203 flightAreaList 확인됨 (count=1) → 진행
[CHECK] 0203 flightAreaList count=1
[INFO] 임무 진행영역 스냅샷 적용: sourcePlan=700000017, updated=2, done=0
[INFO] 임무 진행영역 재계획 collapse 적용: groups=2, normalized=3, 4
[INFO] Filtered completed input missions (removed=1, 2, converted=-, widthAdjusted=-, skippedSinglePoint=-, snapshot=updated=2, done=0, collapse=groups=2, normalized=3,4)
[REPLAN][TIME] variant_started_ms=7967.7 wall_ms=1779338289532 variant=1 option=3 mode=attack_exclusion
[variant 1] 공격 배제 병렬 결과 병합
[REPLAN][TIME] attack_exclusion_parallel_joined_ms=7985.5 wall_ms=1779338289549 variant=1 duration_ms=4807.269 wait_ms=0.01
[OK] 공격 배제 variant 저장: MissionPlanID=700000023 (elapsed=4807.3 ms)
[INFO] Option mapping #1: planID=700000023, optionCode=3(공격배제)
[REPLAN][TIME] variant_finished_ms=7985.7 wall_ms=1779338289550 variant=1 option=3 mode=attack_exclusion status=success duration_ms=4807.269
[OK] Stored mission data: MissionPlan=1, IndividualMission=0, FlightPath=0
[REPLAN][TIME] id_tab_update_deferred_ms=7987.3 wall_ms=1779338289551
[REPLAN][TIME] pipeline_done_ms=7987.4 wall_ms=1779338289551 plans=2 force_direct=False
[REPLAN][TIME] 0301_queued_ms=7987.4 wall_ms=1779338289551 plans=2
[STEP 4] 0301 push queued (planIds=700000022, 700000023)
[0301] missionPlanID=700000022 전송
[0301] missionPlanID=700000023 전송
[PUSH] 0301 direct batch send
[REPLAN][TIME] 0301_sent_ms=8356.4 wall_ms=1779338289920 plans=2
[REPLAN][TIME] post_0301_delivery_queued_ms=8357.1 wall_ms=1779338289921 grace_ms=0 timeout_ms=20 force_direct=0 mode=option_or_0901
[INFO] Post-0301 apply queued (mode=option_or_0901, grace=0ms, timeout=20ms, plans=2)
[REPLAN][TIME] 0305_status_2_ms=8360.3 wall_ms=1779338289924 reason=표적85 등 2개 발견
[0305] status=2, reason=표적85 등 2개 발견, elapsed=8.35s 전송
[REPLAN][TIME] post_0301_completion_ready_ms=8361.6 wall_ms=1779338289925 mode=option_or_0901
[REPLAN][METRIC] source_artifact_cache entries=21 hits=39 misses=21
[INFO] Post-0301 ready (timeout) -> sending 0901
[REPLAN][TIME] post_0301_flushed_ms=8397.5 wall_ms=1779338289961 delivery=0901 trigger=timeout
[REPLAN][TIME] 0901_sent_ms=8400.6 wall_ms=1779338289964 options=2
[0901] option request sent (count=2, codes=2(공격특화), 3(공격배제))
[REPLAN][TIME] id_tab_update_flushed_ms=8402.0 wall_ms=1779338289966
[REPLAN][TIME] 0902_received_ms=0.3 wall_ms=1779338299970 trigger=attack_2_option replanLevel=2 optionCount=2 forceDirect=0
[REPLAN][TIME] 0902_archived_ms=1.4 wall_ms=1779338299971 path=replan_request_832653499489.json
[AUTO] 0902 received (planIds=700000026, 700000027)
[REPLAN][TIME] pipeline_scheduled_ms=2.8 wall_ms=1779338299972 delay_ms=0
[REPLAN][TIME] scheduled_start_ms=4.1 wall_ms=1779338299974
[REPLAN][TIME] 0305_status_1_ms=6.5 wall_ms=1779338299976 reason=표적87 등 2개 발견
[0305] status=1, reason=표적87 등 2개 발견 전송
[INFO] Using latest 0203 ID 1 for missionReferencePackageID (fallback)
[STEP 0] Replan pipeline start (reason=표적87 등 2개 발견)
[REPLAN][TIME] attack_exclusion_parallel_started_ms=12.7 wall_ms=1779338299982 option_index=2 sourcePlanID=700000023
[ATTACK-EXCLUDE] parallel generation started (sourcePlanID=700000023, optionIndex=2)
[ATTACK] 공격 특화 재계획 요청 감지 → 전용 파이프라인 실행
[ATTACK] [TIME] select_manned_aircraft=10ms
[ATTACK] STEP1 Selected manned aircraft: aircraft 2 (fuel=1200.0, coord=(37.85672378540039, 128.23350524902344, alt=1199))
[ATTACK] [TIME] load_target_entries=1ms
[ATTACK] STEP2 UAV tracking summary: watcher 4?’target 86, watcher 5?’target 87, watcher 4?’target unknown-10, watcher 4?’target unknown-13, watcher 4?’target unknown-17, watcher 4?’target unknown-2, watcher 4?’target unknown-22, watcher 4?’target unknown-27, watcher 5?’target unknown-12, watcher 5?’target unknown-15, watcher 5?’target unknown-16, watcher 5?’target unknown-18, watcher 5?’target unknown-19, watcher 5?’target unknown-20, watcher 5?’target unknown-26, watcher 5?’target unknown-3, watcher 5?’target unknown-4, watcher 5?’target unknown-6, watcher 5?’target unknown-7, watcher 5?’target unknown-8, watcher 5?’target unknown-9, watcher 6?’target unknown-1, watcher 6?’target unknown-11, watcher 6?’target unknown-21, watcher 6?’target unknown-23, watcher 6?’target unknown-25, watcher 6?’target unknown-5, watcher 4?’target 77, watcher 6?’target 78, watcher 5?’target 79, watcher 5?’target 80, watcher 4?’target 81, watcher 5?’target 82, watcher 5?’target 83, watcher 5?’target 84, watcher 4?’target 85
[ATTACK] STEP2.5 Using bundled 0402 targets: target=87 watcher=5, target=86 watcher=4
[ATTACK] STEP2.6 Multi-target manned selection: 2, 3
[ATTACK] [ATTACK] Selected target id=87 type=1 weaponType=2 (preferred=2, ammo={'type1': 500, 'type2': 7, 'type3': 2})
[ATTACK] [TIME] compute_attack_point=12ms
[ATTACK] STEP3 Attack plan completed: lat=37.902410, lon=128.189022, alt=968m
[ATTACK] [ATTACK] Weapon choice aircraft=2 preferred=2 selected=2 ammo={'type1': 500, 'type2': 7, 'type3': 2}
[ATTACK] [ATTACK][ETA] Tracking ETA computed with LAH max attack speed (dist=6407.0m, speed=73.61m/s, +30s) -> 117s
[ATTACK] [ATTACK] Using requested missionPlanID 700000026 (sourcePlanID=700000023)
[ATTACK] [ATTACK][POINT] Primary target adaptive standoff mode=far_projected_to_preferred_standoff currentDist=8406.96944250207m candidateDist=2000.000000000043m standoff=300.0/2000.0m.
[ATTACK] [ATTACK][ETA] UAV 6 remaining mission time: 0.0s
[ATTACK] [ATTACK][ETA] Non-tracking UAV ETA selected: UAV 6 with 0s remaining
[ATTACK] [ATTACK][ETA] All tracking ETAs unified to 0s
[ATTACK] [ATTACK][COLLAB] Remaining UAV entry lookahead applied: 9.0s (pathFollow=3, linearFallback=3, currentOnly=0)
[ATTACK] [PRIOR] Falling back to first mission for aircraft 2 (current waypoint not found in plan).
[FOV_DB] loaded 7010 rows, 7008 unique widths, path=C:\Users\TRL98\Desktop\LAH_MUMT\branNew\KU\DSS_KU\resource\db\fov_db_탱크_72_38_6_3.2.csv
[ATTACK] [ATTACK][LAH] Using max attack speed 73.61m/s (265.0km/h) for aircraft 2.
[ATTACK] [ATTACK][LAH] Inferred current waypoint from position -> 50497.
[ATTACK] [ATTACK][LAH] Dropped current waypoint from resume path (currentWP=50497, nextWP=50498).
[ATTACK] [ATTACK][LAH] Preserved completed prefix, inserted attack, and reattached 1 follow-up mission(s).
[ATTACK] [ATTACK][LAH] Generated attack/resume missions -> IMP:800000113.json PATHS:200000046.json/200000047.json (followUps=1)
[ATTACK] [PRIOR] Falling back to first mission for aircraft 3 (current waypoint not found in plan).
[ATTACK] [ATTACK][LAH] Using max attack speed 73.61m/s (265.0km/h) for aircraft 3.
[ATTACK] [ATTACK][LAH] Inferred current waypoint from position -> 50501.
[ATTACK] [ATTACK][LAH] Dropped current waypoint from resume path (currentWP=50501, nextWP=50502).
[ATTACK] [ATTACK][LAH] Preserved completed prefix, inserted attack, and reattached 1 follow-up mission(s).
[ATTACK] [ATTACK][LAH] Generated attack/resume missions -> IMP:800000117.json PATHS:300000045.json/300000046.json (followUps=1)
[ATTACK] [PRIOR] Falling back to first mission for aircraft 1 (current waypoint not found in plan).
[ATTACK] [ATTACK][LAH] Inferred current waypoint from position -> 50493.
[ATTACK] [ATTACK][LAH] Dropped current waypoint from resume path (currentWP=50493, nextWP=50494).
[ATTACK] [ATTACK][LAH] Preserved completed prefix, inserted hold, and reattached 1 follow-up mission(s).
[ATTACK] [ATTACK][LAH] Generated hold/resume missions -> IMP:800000118.json PATHS:100000045.json/100000046.json (followUps=1)
[ATTACK] [NEXTCOLLAB] division planner area-division pieces=1
[ATTACK] [NEXTCOLLAB] division planner final workflow=no_split paths=1
[ATTACK] [ATTACK][COLLAB] Collaborative replacement IMP written (aircraft=6, imp=800000115.json, missions=1).
[ATTACK] [ATTACK][COLLAB] First sweep searchSpeed boosted (aircraft=6, pathID=600000058, waypointID=300666, factor=1.30, old=889.58, new=1156.46).
[ATTACK] [ATTACK][COLLAB] Collaborative remaining mission replanned (inputMissionID=4, unavailable=[4, 5], remaining=[6], workflow=no_split).
[ATTACK] [ATTACK][UAV] Tracking target altitude kept for sensor only; flight altitude replaced 668m -> 1910m.
[ATTACK] [ATTACK][UAV] Source path has a single waypoint; preserving it as done and skipping done/resume split.
[ATTACK] [ATTACK][COLLAB] Tracking UAV resume replaced with release transit (aircraft=5, targetFinishEta=44, speed=58.0m/s).
[ATTACK] [ATTACK][UAV] Preserved completed prefix, inserted tracking, and reattached 1 follow-up mission(s).
[ATTACK] [ATTACK][UAV] Generated tracking/resume missions -> IMP:800000119.json PATHS:500000075.json/500000076.json (followUps=1)
[ATTACK] [ATTACK][UAV] Tracking assignment state saved (aircraft=5, sourcePlan=700000023, attackPlan=700000026).
[ATTACK] [ATTACK][UAV] Source path has a single waypoint; preserving it as done and skipping done/resume split.
[ATTACK] [ATTACK][COLLAB] Tracking UAV resume replaced with release transit (aircraft=4, targetFinishEta=44, speed=58.0m/s).
[ATTACK] [ATTACK][UAV] Preserved completed prefix, inserted tracking, and reattached 1 follow-up mission(s).
[ATTACK] [ATTACK][UAV] Generated tracking/resume missions -> IMP:800000120.json PATHS:400000069.json/400000070.json (followUps=1)
[ATTACK] [ATTACK][UAV] Tracking assignment state saved (aircraft=4, sourcePlan=700000023, attackPlan=700000026).
[ATTACK] [ATTACK][COLLAB] Aircraft 6 handled by collaborative remaining replan (inputMissionID=4).
[ATTACK] [ATTACK][PLAN] carried area remaining snapshot -> mission_area_snapshot_700000026.json (sourcePlanID=700000023, planID=700000026)
[ATTACK] [ATTACK][PLAN] MissionPlan saved -> 700000026.json (planID=700000026)
[ATTACK] [ATTACK][TIME] override_detail={"phases": {"metadata_normalize": {"elapsedMs": 0.006, "attackTargetCount": 2, "selectedMannedCount": 2}, "agent_index": {"elapsedMs": 0.079, "aircraftCount": 6}, "weapon_choice": {"elapsedMs": 4.261, "selectedWeaponType": 2, "ammoAvailable": true}, "initial_tracking_eta": {"elapsedMs": 0.678, "useDetectionTracking": true, "trackingEtaS": 117}, "resolve_source_plan": {"elapsedMs": 2.421, "sourcePlanID": 700000023}, "source_plan_load": {"elapsedMs": 0.72, "sourcePlanID": 700000023, "aircraftCount": 6}, "sweep_progress_load": {"elapsedMs": 1.255, "entries": 48}, "plan_id_resolve": {"elapsedMs": 0.027, "requested": true, "missionPlanID": 700000026}, "source_artifact_cache_build": {"elapsedMs": 0.016, "aircraftEntries": 6}, "done_input_ids_load": {"elapsedMs": 1.854, "count": 2}, "plan_deepcopy": {"elapsedMs": 0.084}, "target_uav_assignment": {"elapsedMs": 0.835, "assignedTargetCount": 2, "usedTrackingUavCount": 2}, "manned_sequence_assignment": {"elapsedMs": 18.781, "aircraftCount": 2, "error": null}, "attack_coordinate_resolution": {"elapsedMs": 16.147, "resolvedCount": 2, "mannedSequenceCount": 2}, "remaining_eta": {"elapsedMs": 5.564, "allUavCount": 3, "trackingUavCount": 2, "computedEtaCount": 2, "adjustedEtaS": 0}, "descriptor_list_build": {"elapsedMs": 0.045, "descriptorCount": 6, "activeMannedCount": 2, "otherLahCount": 1, "otherUavCount": 1}, "collab_tracking_scan": {"elapsedMs": 4.855, "inputCount": 1, "unavailableUavCount": 2}, "collab_agent_state_map": {"elapsedMs": 13.191, "aircraftCount": 6}, "collab_parallel_started": {"elapsedMs": 0.727, "inputCount": 1, "workers": 1}, "collab_parallel_join": {"elapsedMs": 3.221, "waitReason": "UAV_TRACK", "inputCount": 1}, "descriptor_loop": {"elapsedMs": 6705.949, "descriptorCount": 6, "updateCount": 5}, "final_collab_plan_update": {"elapsedMs": 0.01, "collabInputCount": 1}, "mission_plan_write": {"elapsedMs": 12.843, "missionPlanID": 700000026}, "option_meta_build": {"elapsedMs": 0.121, "targetCount": 2, "collabInputCount": 1}}, "collabRuns": [{"inputMissionID": 4, "unavailableAircraftIDs": [4, 5], "elapsedMs": 2090.328, "status": "ok", "replacementAircraftIDs": [6], "generatedPathCount": 1, "finishEtaS": 44, "workflow": "no_split"}], "descriptorDetails": [{"aircraftID": 2, "label": "manned", "mode": "LAH_ATTACK", "resolveArtifacts": {"elapsedMs": 0.895, "currentWaypointID": null, "sourcePathID": 200000034, "sourceImpID": 800000077}, "loadArtifacts": {"elapsedMs": 0.005, "impLoaded": true, "fpLoaded": true}, "cloneAndLocateMission": {"elapsedMs": 0.081, "missionCount": 2, "targetIndex": 0}, "allocateAndPlanUpdate": {"elapsedMs": 16.836, "newImpID": 800000113}, "builder": {"elapsedMs": 2769.157, "builderMode": "LAH_ATTACK"}, "builderDetail": {"allocate_ids": {"elapsedMs": 1136.911, "attackPathID": 200000046, "resumePathID": 200000047, "attackIndividualID": 900000283, "resumeIndividualID": 900000284, "entryWaypointID": 300659, "attackWaypointID": 300660}, "split_lah_resume": {"elapsedMs": 880.838, "resumeWaypointCount": 1, "removedWaypointID": 50497}, "clone_followups": {"elapsedMs": 569.862, "followUpMissionCount": 1, "followUpPathCount": 1}, "payload_build": {"elapsedMs": 171.741, "hasResume": true, "followUpMissionCount": 1, "attackSpeedMps": 73.61}, "write_json": {"elapsedMs": 4.283, "fileCount": 4}, "totalMs": 2767.173}, "status": "ok", "elapsedMs": 2787.112}, {"aircraftID": 3, "label": "manned", "mode": "LAH_ATTACK", "resolveArtifacts": {"elapsedMs": 0.718, "currentWaypointID": null, "sourcePathID": 300000033, "sourceImpID": 800000078}, "loadArtifacts": {"elapsedMs": 0.005, "impLoaded": true, "fpLoaded": true}, "cloneAndLocateMission": {"elapsedMs": 0.089, "missionCount": 2, "targetIndex": 0}, "allocateAndPlanUpdate": {"elapsedMs": 17.631, "newImpID": 800000117}, "builder": {"elapsedMs": 1591.052, "builderMode": "LAH_ATTACK"}, "builderDetail": {"allocate_ids": {"elapsedMs": 564.741, "attackPathID": 300000045, "resumePathID": 300000046, "attackIndividualID": 900000290, "resumeIndividualID": 900000291, "entryWaypointID": 300675, "attackWaypointID": 300679}, "split_lah_resume": {"elapsedMs": 667.278, "resumeWaypointCount": 1, "removedWaypointID": 50501}, "clone_followups": {"elapsedMs": 176.963, "followUpMissionCount": 1, "followUpPathCount": 1}, "payload_build": {"elapsedMs": 171.376, "hasResume": true, "followUpMissionCount": 1, "attackSpeedMps": 73.61}, "write_json": {"elapsedMs": 4.778, "fileCount": 4}, "totalMs": 1589.463}, "status": "ok", "elapsedMs": 1609.64}, {"aircraftID": 1, "label": "lah_hold_1", "mode": "LAH_HOLD_RESUME", "resolveArtifacts": {"elapsedMs": 0.726, "currentWaypointID": null, "sourcePathID": 100000033, "sourceImpID": 800000076}, "loadArtifacts": {"elapsedMs": 0.007, "impLoaded": true, "fpLoaded": true}, "cloneAndLocateMission": {"elapsedMs": 0.152, "missionCount": 2, "targetIndex": 0}, "allocateAndPlanUpdate": {"elapsedMs": 6.878, "newImpID": 800000118}, "builder": {"elapsedMs": 901.083, "builderMode": "LAH_HOLD_RESUME"}, "builderDetail": {"allocate_ids": {"elapsedMs": 20.727, "holdPathID": 100000045, "resumePathID": 100000046, "holdIndividualID": 900000293, "resumeIndividualID": 900000294}, "split_lah_resume": {"elapsedMs": 495.153, "resumeWaypointCount": 1, "removedWaypointID": 50493}, "clone_followups": {"elapsedMs": 201.735, "followUpMissionCount": 1, "followUpPathCount": 1}, "payload_build": {"elapsedMs": 376.249, "hasResume": true, "followUpMissionCount": 1}, "write_json": {"elapsedMs": 5.014, "fileCount": 4}, "totalMs": 901.025}, "status": "ok", "elapsedMs": 909.004}, {"aircraftID": 5, "label": "uav_tracking_5", "mode": "UAV_TRACK", "resolveArtifacts": {"elapsedMs": 0.027, "currentWaypointID": 300613, "sourcePathID": 500000065, "sourceImpID": 800000105}, "loadArtifacts": {"elapsedMs": 0.005, "impLoaded": true, "fpLoaded": true}, "cloneAndLocateMission": {"elapsedMs": 0.189, "missionCount": 2, "targetIndex": 0}, "allocateAndPlanUpdate": {"elapsedMs": 10.937, "newImpID": 800000119}, "builder": {"elapsedMs": 697.337, "builderMode": "UAV_TRACK"}, "builderDetail": {"allocate_ids": {"elapsedMs": 236.416, "donePathID": 500000074, "attackPathID": 500000075, "resumePathID": 500000076, "trackingIndividualID": 900000296, "resumeIndividualID": 900000297, "targetWaypointID": 300693}, "split_done_resume": {"elapsedMs": 1.384, "sourceSinglePoint": true, "doneWaypointCount": 1, "resumeWaypointCount": 0, "removedWaypointID": 300613}, "clone_followups": {"elapsedMs": 221.352, "followUpMissionCount": 1, "followUpPathCount": 1}, "release_resume": {"elapsedMs": 178.446, "releaseWaypointCount": 2, "targetFinishEtaS": 44}, "write_json": {"elapsedMs": 48.452, "fileCount": 5}, "totalMs": 694.155}, "trackingState": {"elapsedMs": 1.805}, "status": "ok", "elapsedMs": 711.071}, {"aircraftID": 4, "label": "uav_tracking_4", "mode": "UAV_TRACK", "resolveArtifacts": {"elapsedMs": 0.022, "currentWaypointID": 300595, "sourcePathID": 400000059, "sourceImpID": 800000103}, "loadArtifacts": {"elapsedMs": 0.004, "impLoaded": true, "fpLoaded": true}, "cloneAndLocateMission": {"elapsedMs": 0.134, "missionCount": 2, "targetIndex": 0}, "allocateAndPlanUpdate": {"elapsedMs": 7.442, "newImpID": 800000120}, "builder": {"elapsedMs": 672.745, "builderMode": "UAV_TRACK"}, "builderDetail": {"allocate_ids": {"elapsedMs": 224.354, "donePathID": 400000068, "attackPathID": 400000069, "resumePathID": 400000070, "trackingIndividualID": 900000299, "resumeIndividualID": 900000300, "targetWaypointID": 300699}, "split_done_resume": {"elapsedMs": 1.317, "sourceSinglePoint": true, "doneWaypointCount": 1, "resumeWaypointCount": 0, "removedWaypointID": 300595}, "clone_followups": {"elapsedMs": 221.368, "followUpMissionCount": 1, "followUpPathCount": 1}, "release_resume": {"elapsedMs": 172.123, "releaseWaypointCount": 2, "targetFinishEtaS": 44}, "write_json": {"elapsedMs": 43.832, "fileCount": 5}, "totalMs": 668.784}, "trackingState": {"elapsedMs": 2.683}, "status": "ok", "elapsedMs": 684.012}, {"aircraftID": 6, "label": "uav_resume_6", "mode": "UAV_RESUME", "resolveArtifacts": {"elapsedMs": 0.032, "currentWaypointID": 300628, "sourcePathID": 600000056, "sourceImpID": 800000108}, "loadArtifacts": {"elapsedMs": 0.006, "impLoaded": true, "fpLoaded": true}, "cloneAndLocateMission": {"elapsedMs": 0.244, "missionCount": 2, "targetIndex": 0}, "status": "handled_by_collab", "elapsedMs": 1.259}], "totalMs": 6786}
[ATTACK] [ATTACK][TIME] override_total=6786ms
[ATTACK] [TIME] apply_attack_plan_overrides=6797ms
[ATTACK] [TIME] timingMs={"read_source": 13.657, "descriptor_build": 10.489, "write_artifacts": 6812.828, "delivery_wait": 5.412}
[ATTACK] [TIME] total=6843ms
[ATTACK] 분석 로그 저장: C:\Users\TRL98\Desktop\LAH_MUMT\Logs\Scenario_2026-05-21T132543\SBC3\DSS_Internal\log_attack_algorithm_20260521T043826_831211.json
[ATTACK] mark target used: targetIDs=87, 86
[ATTACK-EXCLUDE] ATTACK-EXCLUDE using requested missionPlanID 700000027 (sourcePlanID=700000023)
[ATTACK-EXCLUDE] [PRIOR][UAV] Resume sweep trim applied (cutPoints=5, rawCutPoints=5, doneSweepPoints=0, pathID=400000059).
[ATTACK-EXCLUDE] [PRIOR][UAV] Resume searchSpeed scaled (factor=1.30, waypoints=1).
[ATTACK-EXCLUDE] [PRIOR][UAV] Generated done/resume mission -> aircraft=4 IMP:800000112.json PATHS:400000066.json
[ATTACK-EXCLUDE] [PRIOR][UAV] Resume sweep trim applied (cutPoints=6, rawCutPoints=6, doneSweepPoints=0, pathID=500000065).
[ATTACK-EXCLUDE] [PRIOR][UAV] Resume searchSpeed scaled (factor=1.30, waypoints=1).
[ATTACK-EXCLUDE] [PRIOR][UAV] Generated done/resume mission -> aircraft=5 IMP:800000114.json PATHS:500000072.json
[ATTACK-EXCLUDE] [PRIOR][UAV] Resume sweep trim applied (cutPoints=9, rawCutPoints=9, doneSweepPoints=0, pathID=600000056).
[ATTACK-EXCLUDE] [PRIOR][UAV] Resume searchSpeed scaled (factor=1.30, waypoints=1).
[ATTACK-EXCLUDE] [PRIOR][UAV] Generated done/resume mission -> aircraft=6 IMP:800000116.json PATHS:600000060.json
[ATTACK-EXCLUDE] 공격 배제 MissionPlan 저장 -> 700000027.json (planID=700000027)
[ATTACK-EXCLUDE] ATTACK-EXCLUDE carried area remaining snapshot -> mission_area_snapshot_700000027.json (sourcePlanID=700000023, planID=700000027)
[ATTACK] 공격 임무 계획 완료 (planIds=700000026)
[INFO] UAV params loaded (cruise=40.00, turn_step=15.0)
[INFO] Latest input snapshot → 0201:ID=2,ts=832653415542,src=-, 0203:ID=1,ts=832652848760,src=-
[STEP 0] Using latest 0201 ID 2 (2.json)
[STEP 0] Using latest 0203 ID 1 (1.json)
[CHECK] 0201/0203 필수 데이터 확인 시작
[OK] 0201 inputMissionList 확인됨 (count=4) → 진행
[OK] 0201 availableAircraftList 확인됨 (count=6) → 진행
[OK] 0201 inputMissionPackageType=1 확인
[OK] 0201 mainSensor=1 확인
[CHECK] 0201 기체 수=6 (UAV=3, LAH=3)
[CHECK] 0201 임무: total=4 missingID=0 missingDetail=0 missingShape=0 unknownType=0 typeZeroAuto=0 typeZeroInvalid=0 lineOnlyViolation=0 skippedSinglePoint=0
[OK] 0203 takeOverInfoList 확인됨 (count=3) → 진행
[OK] 0203 handOverInfoList 확인됨 (count=3) → 진행
[OK] 0203 flightAreaList 확인됨 (count=1) → 진행
[CHECK] 0203 flightAreaList count=1
[INFO] 임무 진행영역 스냅샷 적용: sourcePlan=700000023, updated=2, done=0
[INFO] 임무 진행영역 재계획 collapse 적용: groups=2, normalized=3, 4
[INFO] Filtered completed input missions (removed=1, 2, converted=-, widthAdjusted=-, skippedSinglePoint=-, snapshot=updated=2, done=0, collapse=groups=2, normalized=3,4)
[REPLAN][TIME] variant_started_ms=6896.7 wall_ms=1779338306866 variant=1 option=3 mode=attack_exclusion
[variant 1] 공격 배제 병렬 결과 병합
[REPLAN][TIME] attack_exclusion_parallel_joined_ms=6904.8 wall_ms=1779338306874 variant=1 duration_ms=3716.961 wait_ms=0.011
[OK] 공격 배제 variant 저장: MissionPlanID=700000027 (elapsed=3717.0 ms)
[INFO] Option mapping #1: planID=700000027, optionCode=3(공격배제)
[REPLAN][TIME] variant_finished_ms=6905.1 wall_ms=1779338306875 variant=1 option=3 mode=attack_exclusion status=success duration_ms=3716.961
[OK] Stored mission data: MissionPlan=1, IndividualMission=0, FlightPath=0
[REPLAN][TIME] id_tab_update_deferred_ms=6906.2 wall_ms=1779338306876
[REPLAN][TIME] pipeline_done_ms=6906.3 wall_ms=1779338306876 plans=2 force_direct=False
[REPLAN][TIME] 0301_queued_ms=6906.4 wall_ms=1779338306876 plans=2
[STEP 4] 0301 push queued (planIds=700000026, 700000027)
[0402] delivery suppressed before 0301: Target 정보 변경으로 인한 재계획 중단
[0001] notice sent: Target 정보 변경으로 인한 재계획 중단
[REPLAN][METRIC] source_artifact_cache entries=21 hits=39 misses=21
[REPLAN][TIME] 0902_received_ms=0.3 wall_ms=1779338308054 trigger=attack_2_option replanLevel=2 optionCount=2 forceDirect=0
[REPLAN][TIME] 0902_archived_ms=1.5 wall_ms=1779338308056 path=replan_request_832653503494.json
[AUTO] 0902 received (planIds=700000028, 700000029)
[REPLAN][TIME] pipeline_scheduled_ms=2.7 wall_ms=1779338308057 delay_ms=0
[REPLAN][TIME] scheduled_start_ms=3.9 wall_ms=1779338308058
[REPLAN][TIME] 0305_status_1_ms=5.9 wall_ms=1779338308060 reason=표적88 등 3개 발견
[0305] status=1, reason=표적88 등 3개 발견 전송
[INFO] Using latest 0203 ID 1 for missionReferencePackageID (fallback)
[STEP 0] Replan pipeline start (reason=표적88 등 3개 발견)
[REPLAN][TIME] attack_exclusion_parallel_started_ms=12.1 wall_ms=1779338308066 option_index=2 sourcePlanID=700000023
[ATTACK-EXCLUDE] parallel generation started (sourcePlanID=700000023, optionIndex=2)
[ATTACK] 공격 특화 재계획 요청 감지 → 전용 파이프라인 실행
[ATTACK] [TIME] select_manned_aircraft=10ms
[ATTACK] STEP1 Selected manned aircraft: aircraft 2 (fuel=1200.0, coord=(37.85672378540039, 128.23350524902344, alt=1199))
[ATTACK] [TIME] load_target_entries=1ms
[ATTACK] STEP2 UAV tracking summary: watcher 4?’target 86, watcher 5?’target 87, watcher 6?’target 88, watcher 4?’target unknown-10, watcher 4?’target unknown-13, watcher 4?’target unknown-17, watcher 4?’target unknown-2, watcher 4?’target unknown-22, watcher 4?’target unknown-27, watcher 5?’target unknown-12, watcher 5?’target unknown-15, watcher 5?’target unknown-16, watcher 5?’target unknown-18, watcher 5?’target unknown-19, watcher 5?’target unknown-20, watcher 5?’target unknown-26, watcher 5?’target unknown-3, watcher 5?’target unknown-4, watcher 5?’target unknown-6, watcher 5?’target unknown-7, watcher 5?’target unknown-8, watcher 5?’target unknown-9, watcher 6?’target unknown-1, watcher 6?’target unknown-11, watcher 6?’target unknown-21, watcher 6?’target unknown-23, watcher 6?’target unknown-25, watcher 6?’target unknown-5, watcher 4?’target 77, watcher 6?’target 78, watcher 5?’target 79, watcher 5?’target 80, watcher 4?’target 81, watcher 5?’target 82, watcher 5?’target 83, watcher 5?’target 84, watcher 4?’target 85
[ATTACK] STEP2.5 Using bundled 0402 targets: target=88 watcher=6, target=87 watcher=5, target=86 watcher=4
[ATTACK] STEP2.6 Multi-target manned selection: 2, 3
[ATTACK] [ATTACK] Selected target id=88 type=4 weaponType=3 (preferred=3, ammo={'type1': 500, 'type2': 7, 'type3': 2})
[ATTACK] [TIME] compute_attack_point=9ms
[ATTACK] STEP3 Attack plan completed: lat=37.894023, lon=128.202462, alt=983m
[ATTACK] [ATTACK] Using remembered waypoint 300628 for watcher 6 while auto-tracking.
[ATTACK] [ATTACK] Weapon choice aircraft=2 preferred=3 selected=3 ammo={'type1': 500, 'type2': 7, 'type3': 2}
[ATTACK] [ATTACK][ETA] Tracking ETA computed with LAH max attack speed (dist=4962.5m, speed=73.61m/s, +30s) -> 97s
[ATTACK] [ATTACK] Using requested missionPlanID 700000028 (sourcePlanID=700000023)
[ATTACK] [ATTACK][POINT] Primary target adaptive standoff mode=candidate_within_standoff currentDist=6962.487231850504m candidateDist=1999.9999999997056m standoff=300.0/2000.0m.
[ATTACK] [ATTACK][ETA] All UAVs tracking; using average ETA: 129s (from 3 values: [97, 142, 148])
[ATTACK] [ATTACK][ETA] All tracking ETAs unified to 129s
[ATTACK] [ATTACK][COLLAB] Remaining UAV entry lookahead applied: 9.0s (pathFollow=3, linearFallback=3, currentOnly=0)
[ATTACK] [PRIOR] Falling back to first mission for aircraft 2 (current waypoint not found in plan).
[ATTACK] [ATTACK][LAH] Using max attack speed 73.61m/s (265.0km/h) for aircraft 2.
[ATTACK] [ATTACK][LAH] Inferred current waypoint from position -> 50497.
[ATTACK] [ATTACK][LAH] Dropped current waypoint from resume path (currentWP=50497, nextWP=50498).
[ATTACK] [ATTACK][LAH] Preserved completed prefix, inserted attack, and reattached 1 follow-up mission(s).
[ATTACK] [ATTACK][LAH] Generated attack/resume missions -> IMP:800000122.json PATHS:200000049.json/200000050.json (followUps=1)
[ATTACK] [PRIOR] Falling back to first mission for aircraft 3 (current waypoint not found in plan).
[ATTACK] [ATTACK][LAH] Inferred current waypoint from position -> 50501.
[ATTACK] [ATTACK][LAH] Dropped current waypoint from resume path (currentWP=50501, nextWP=50502).
[ATTACK] [ATTACK][LAH] Using max attack speed 73.61m/s (265.0km/h) for aircraft 3.
[ATTACK] [ATTACK][LAH] Preserved completed prefix, built sequential attack missions, and reattached 1 follow-up mission(s) for aircraft 3.
[ATTACK] [ATTACK][LAH] Generated sequential attack/resume missions -> IMP:800000125.json attacks=2 resume=300000050.json (followUps=1)
[ATTACK] [PRIOR] Falling back to first mission for aircraft 1 (current waypoint not found in plan).
[ATTACK] [ATTACK][LAH] Inferred current waypoint from position -> 50493.
[ATTACK] [ATTACK][LAH] Dropped current waypoint from resume path (currentWP=50493, nextWP=50494).
[ATTACK] [ATTACK][LAH] Preserved completed prefix, inserted hold, and reattached 1 follow-up mission(s).
[ATTACK] [ATTACK][LAH] Generated hold/resume missions -> IMP:800000126.json PATHS:100000048.json/100000049.json (followUps=1)
[ATTACK] [ATTACK][COLLAB] Collaborative replan skipped: no remaining source UAVs for current input.
[ATTACK] [ATTACK][UAV] Tracking target altitude kept for sensor only; flight altitude replaced 683m -> 1921m.
[ATTACK] [ATTACK][UAV] Source path has a single waypoint; preserving it as done and skipping done/resume split.
[ATTACK] [ATTACK][UAV] Preserved completed prefix, inserted tracking, and reattached 1 follow-up mission(s).
[ATTACK] [ATTACK][UAV] Generated tracking-only mission -> IMP:800000127.json PATH:600000066.json (followUps=1, resumeSkipped=true)
[ATTACK] [ATTACK][UAV] Tracking assignment state saved (aircraft=6, sourcePlan=700000023, attackPlan=700000028).
[ATTACK] [ATTACK][UAV] Tracking target altitude kept for sensor only; flight altitude replaced 667m -> 1910m.
[ATTACK] [ATTACK][UAV] Source path has a single waypoint; preserving it as done and skipping done/resume split.
[ATTACK] [ATTACK][UAV] Preserved completed prefix, inserted tracking, and reattached 1 follow-up mission(s).
[ATTACK] [ATTACK][UAV] Generated tracking-only mission -> IMP:800000128.json PATH:500000082.json (followUps=1, resumeSkipped=true)
[ATTACK] [ATTACK][UAV] Tracking assignment state saved (aircraft=5, sourcePlan=700000023, attackPlan=700000028).
[ATTACK] [ATTACK][UAV] Source path has a single waypoint; preserving it as done and skipping done/resume split.
[ATTACK] [ATTACK][UAV] Preserved completed prefix, inserted tracking, and reattached 1 follow-up mission(s).
[ATTACK] [ATTACK][UAV] Generated tracking-only mission -> IMP:800000129.json PATH:400000076.json (followUps=1, resumeSkipped=true)
[ATTACK] [ATTACK][UAV] Tracking assignment state saved (aircraft=4, sourcePlan=700000023, attackPlan=700000028).
[ATTACK] [ATTACK][PLAN] carried area remaining snapshot -> mission_area_snapshot_700000028.json (sourcePlanID=700000023, planID=700000028)
[ATTACK] [ATTACK][PLAN] MissionPlan saved -> 700000028.json (planID=700000028)
[ATTACK] [ATTACK][TIME] override_detail={"phases": {"metadata_normalize": {"elapsedMs": 0.008, "attackTargetCount": 3, "selectedMannedCount": 2}, "agent_index": {"elapsedMs": 0.119, "aircraftCount": 6}, "weapon_choice": {"elapsedMs": 4.146, "selectedWeaponType": 3, "ammoAvailable": true}, "initial_tracking_eta": {"elapsedMs": 0.888, "useDetectionTracking": true, "trackingEtaS": 97}, "resolve_source_plan": {"elapsedMs": 2.745, "sourcePlanID": 700000023}, "source_plan_load": {"elapsedMs": 0.594, "sourcePlanID": 700000023, "aircraftCount": 6}, "sweep_progress_load": {"elapsedMs": 1.059, "entries": 48}, "plan_id_resolve": {"elapsedMs": 0.025, "requested": true, "missionPlanID": 700000028}, "source_artifact_cache_build": {"elapsedMs": 0.016, "aircraftEntries": 6}, "done_input_ids_load": {"elapsedMs": 1.065, "count": 2}, "plan_deepcopy": {"elapsedMs": 0.049}, "target_uav_assignment": {"elapsedMs": 0.488, "assignedTargetCount": 3, "usedTrackingUavCount": 3}, "manned_sequence_assignment": {"elapsedMs": 23.566, "aircraftCount": 2, "error": null}, "attack_coordinate_resolution": {"elapsedMs": 36.003, "resolvedCount": 3, "mannedSequenceCount": 3}, "remaining_eta": {"elapsedMs": 0.921, "allUavCount": 3, "trackingUavCount": 3, "computedEtaCount": 3, "adjustedEtaS": 129}, "descriptor_list_build": {"elapsedMs": 0.03, "descriptorCount": 6, "activeMannedCount": 2, "otherLahCount": 1, "otherUavCount": 0}, "collab_tracking_scan": {"elapsedMs": 6.763, "inputCount": 1, "unavailableUavCount": 3}, "collab_agent_state_map": {"elapsedMs": 12.26, "aircraftCount": 6}, "collab_parallel_started": {"elapsedMs": 0.721, "inputCount": 1, "workers": 1}, "collab_parallel_join": {"elapsedMs": 0.634, "waitReason": "UAV_TRACK", "inputCount": 1}, "descriptor_loop": {"elapsedMs": 6420.344, "descriptorCount": 6, "updateCount": 6}, "mission_plan_write": {"elapsedMs": 13.603, "missionPlanID": 700000028}, "option_meta_build": {"elapsedMs": 0.058, "targetCount": 3, "collabInputCount": 0}}, "collabRuns": [{"inputMissionID": 4, "unavailableAircraftIDs": [4, 5, 6], "elapsedMs": 22.241, "status": "skipped"}], "descriptorDetails": [{"aircraftID": 2, "label": "manned", "mode": "LAH_ATTACK", "resolveArtifacts": {"elapsedMs": 0.653, "currentWaypointID": null, "sourcePathID": 200000034, "sourceImpID": 800000077}, "loadArtifacts": {"elapsedMs": 0.006, "impLoaded": true, "fpLoaded": true}, "cloneAndLocateMission": {"elapsedMs": 0.084, "missionCount": 2, "targetIndex": 0}, "allocateAndPlanUpdate": {"elapsedMs": 165.515, "newImpID": 800000122}, "builder": {"elapsedMs": 1831.922, "builderMode": "LAH_ATTACK"}, "builderDetail": {"allocate_ids": {"elapsedMs": 515.093, "attackPathID": 200000049, "resumePathID": 200000050, "attackIndividualID": 900000304, "resumeIndividualID": 900000305, "entryWaypointID": 300709, "attackWaypointID": 300710}, "split_lah_resume": {"elapsedMs": 518.335, "resumeWaypointCount": 1, "removedWaypointID": 50497}, "clone_followups": {"elapsedMs": 606.069, "followUpMissionCount": 1, "followUpPathCount": 1}, "payload_build": {"elapsedMs": 181.128, "hasResume": true, "followUpMissionCount": 1, "attackSpeedMps": 73.61}, "write_json": {"elapsedMs": 5.036, "fileCount": 4}, "totalMs": 1829.246}, "status": "ok", "elapsedMs": 1998.333}, {"aircraftID": 3, "label": "manned", "mode": "LAH_ATTACK", "resolveArtifacts": {"elapsedMs": 0.798, "currentWaypointID": null, "sourcePathID": 300000033, "sourceImpID": 800000078}, "loadArtifacts": {"elapsedMs": 0.006, "impLoaded": true, "fpLoaded": true}, "cloneAndLocateMission": {"elapsedMs": 0.099, "missionCount": 2, "targetIndex": 0}, "allocateAndPlanUpdate": {"elapsedMs": 15.142, "newImpID": 800000125}, "builder": {"elapsedMs": 1998.724, "builderMode": "LAH_ATTACK"}, "status": "ok", "elapsedMs": 2014.912}, {"aircraftID": 1, "label": "lah_hold_1", "mode": "LAH_HOLD_RESUME", "resolveArtifacts": {"elapsedMs": 0.617, "currentWaypointID": null, "sourcePathID": 100000033, "sourceImpID": 800000076}, "loadArtifacts": {"elapsedMs": 0.006, "impLoaded": true, "fpLoaded": true}, "cloneAndLocateMission": {"elapsedMs": 0.093, "missionCount": 2, "targetIndex": 0}, "allocateAndPlanUpdate": {"elapsedMs": 8.94, "newImpID": 800000126}, "builder": {"elapsedMs": 958.361, "builderMode": "LAH_HOLD_RESUME"}, "builderDetail": {"allocate_ids": {"elapsedMs": 25.445, "holdPathID": 100000048, "resumePathID": 100000049, "holdIndividualID": 900000315, "resumeIndividualID": 900000316}, "split_lah_resume": {"elapsedMs": 588.785, "resumeWaypointCount": 1, "removedWaypointID": 50493}, "clone_followups": {"elapsedMs": 168.358, "followUpMissionCount": 1, "followUpPathCount": 1}, "payload_build": {"elapsedMs": 335.335, "hasResume": true, "followUpMissionCount": 1}, "write_json": {"elapsedMs": 4.996, "fileCount": 4}, "totalMs": 958.308}, "status": "ok", "elapsedMs": 968.166}, {"aircraftID": 6, "label": "uav_tracking_6", "mode": "UAV_TRACK", "resolveArtifacts": {"elapsedMs": 0.024, "currentWaypointID": 300628, "sourcePathID": 600000056, "sourceImpID": 800000108}, "loadArtifacts": {"elapsedMs": 0.004, "impLoaded": true, "fpLoaded": true}, "cloneAndLocateMission": {"elapsedMs": 0.167, "missionCount": 2, "targetIndex": 0}, "allocateAndPlanUpdate": {"elapsedMs": 7.866, "newImpID": 800000127}, "builder": {"elapsedMs": 470.434, "builderMode": "UAV_TRACK"}, "builderDetail": {"allocate_ids": {"elapsedMs": 195.257, "donePathID": 600000065, "attackPathID": 600000066, "resumePathID": 600000067, "trackingIndividualID": 900000318, "resumeIndividualID": 900000319, "targetWaypointID": 300741}, "split_done_resume": {"elapsedMs": 1.258, "sourceSinglePoint": true, "doneWaypointCount": 1, "resumeWaypointCount": 0, "removedWaypointID": 300628}, "clone_followups": {"elapsedMs": 221.436, "followUpMissionCount": 1, "followUpPathCount": 1}, "write_json": {"elapsedMs": 44.745, "fileCount": 4}, "totalMs": 467.312}, "trackingState": {"elapsedMs": 2.501}, "status": "ok", "elapsedMs": 481.799}, {"aircraftID": 5, "label": "uav_tracking_5", "mode": "UAV_TRACK", "resolveArtifacts": {"elapsedMs": 0.029, "currentWaypointID": 300613, "sourcePathID": 500000065, "sourceImpID": 800000105}, "loadArtifacts": {"elapsedMs": 0.005, "impLoaded": true, "fpLoaded": true}, "cloneAndLocateMission": {"elapsedMs": 0.217, "missionCount": 2, "targetIndex": 0}, "allocateAndPlanUpdate": {"elapsedMs": 8.817, "newImpID": 800000128}, "builder": {"elapsedMs": 455.491, "builderMode": "UAV_TRACK"}, "builderDetail": {"allocate_ids": {"elapsedMs": 209.735, "donePathID": 500000081, "attackPathID": 500000082, "resumePathID": 500000083, "trackingIndividualID": 900000321, "resumeIndividualID": 900000322, "targetWaypointID": 300745}, "split_done_resume": {"elapsedMs": 1.325, "sourceSinglePoint": true, "doneWaypointCount": 1, "resumeWaypointCount": 0, "removedWaypointID": 300613}, "clone_followups": {"elapsedMs": 204.047, "followUpMissionCount": 1, "followUpPathCount": 1}, "write_json": {"elapsedMs": 31.987, "fileCount": 4}, "totalMs": 452.347}, "trackingState": {"elapsedMs": 8.971}, "status": "ok", "elapsedMs": 474.397}, {"aircraftID": 4, "label": "uav_tracking_4", "mode": "UAV_TRACK", "resolveArtifacts": {"elapsedMs": 0.026, "currentWaypointID": 300595, "sourcePathID": 400000059, "sourceImpID": 800000103}, "loadArtifacts": {"elapsedMs": 0.005, "impLoaded": true, "fpLoaded": true}, "cloneAndLocateMission": {"elapsedMs": 0.186, "missionCount": 2, "targetIndex": 0}, "allocateAndPlanUpdate": {"elapsedMs": 6.799, "newImpID": 800000129}, "builder": {"elapsedMs": 465.806, "builderMode": "UAV_TRACK"}, "builderDetail": {"allocate_ids": {"elapsedMs": 220.943, "donePathID": 400000075, "attackPathID": 400000076, "resumePathID": 400000077, "trackingIndividualID": 900000324, "resumeIndividualID": 900000325, "targetWaypointID": 300749}, "split_done_resume": {"elapsedMs": 1.015, "sourceSinglePoint": true, "doneWaypointCount": 1, "resumeWaypointCount": 0, "removedWaypointID": 300595}, "clone_followups": {"elapsedMs": 197.698, "followUpMissionCount": 1, "followUpPathCount": 1}, "write_json": {"elapsedMs": 36.407, "fileCount": 4}, "totalMs": 463.784}, "trackingState": {"elapsedMs": 7.861}, "status": "ok", "elapsedMs": 481.455}], "totalMs": 6520}
[ATTACK] [ATTACK][TIME] override_total=6520ms
[ATTACK] [TIME] apply_attack_plan_overrides=6532ms
[ATTACK] [TIME] timingMs={"read_source": 12.216, "descriptor_build": 11.498, "write_artifacts": 6542.624, "delivery_wait": 3.545}
[ATTACK] [TIME] total=6571ms
[ATTACK] 분석 로그 저장: C:\Users\TRL98\Desktop\LAH_MUMT\Logs\Scenario_2026-05-21T132543\SBC3\DSS_Internal\log_attack_algorithm_20260521T043834_638182.json
[ATTACK] mark target used: targetIDs=88, 87, 86
[ATTACK-EXCLUDE] ATTACK-EXCLUDE using requested missionPlanID 700000029 (sourcePlanID=700000023)
[ATTACK-EXCLUDE] [PRIOR][UAV] Resume sweep trim applied (cutPoints=5, rawCutPoints=5, doneSweepPoints=0, pathID=400000059).
[ATTACK-EXCLUDE] [PRIOR][UAV] Resume searchSpeed scaled (factor=1.30, waypoints=1).
[ATTACK-EXCLUDE] [PRIOR][UAV] Generated done/resume mission -> aircraft=4 IMP:800000121.json PATHS:400000073.json
[ATTACK-EXCLUDE] [PRIOR][UAV] Resume sweep trim applied (cutPoints=6, rawCutPoints=6, doneSweepPoints=0, pathID=500000065).
[ATTACK-EXCLUDE] [PRIOR][UAV] Resume searchSpeed scaled (factor=1.30, waypoints=1).
[ATTACK-EXCLUDE] [PRIOR][UAV] Generated done/resume mission -> aircraft=5 IMP:800000123.json PATHS:500000079.json
[ATTACK-EXCLUDE] [PRIOR][UAV] Resume sweep trim applied (cutPoints=10, rawCutPoints=10, doneSweepPoints=0, pathID=600000056).
[ATTACK-EXCLUDE] [PRIOR][UAV] Resume searchSpeed scaled (factor=1.30, waypoints=1).
[ATTACK-EXCLUDE] [PRIOR][UAV] Generated done/resume mission -> aircraft=6 IMP:800000124.json PATHS:600000063.json
[ATTACK-EXCLUDE] 공격 배제 MissionPlan 저장 -> 700000029.json (planID=700000029)
[ATTACK-EXCLUDE] ATTACK-EXCLUDE carried area remaining snapshot -> mission_area_snapshot_700000029.json (sourcePlanID=700000023, planID=700000029)
[ATTACK] 공격 임무 계획 완료 (planIds=700000028)
[INFO] UAV params loaded (cruise=40.00, turn_step=15.0)
[INFO] Latest input snapshot → 0201:ID=2,ts=832653415542,src=-, 0203:ID=1,ts=832652848760,src=-
[STEP 0] Using latest 0201 ID 2 (2.json)
[STEP 0] Using latest 0203 ID 1 (1.json)
[CHECK] 0201/0203 필수 데이터 확인 시작
[OK] 0201 inputMissionList 확인됨 (count=4) → 진행
[OK] 0201 availableAircraftList 확인됨 (count=6) → 진행
[OK] 0201 inputMissionPackageType=1 확인
[OK] 0201 mainSensor=1 확인
[CHECK] 0201 기체 수=6 (UAV=3, LAH=3)
[CHECK] 0201 임무: total=4 missingID=0 missingDetail=0 missingShape=0 unknownType=0 typeZeroAuto=0 typeZeroInvalid=0 lineOnlyViolation=0 skippedSinglePoint=0
[OK] 0203 takeOverInfoList 확인됨 (count=3) → 진행
[OK] 0203 handOverInfoList 확인됨 (count=3) → 진행
[OK] 0203 flightAreaList 확인됨 (count=1) → 진행
[CHECK] 0203 flightAreaList count=1
[INFO] 임무 진행영역 스냅샷 적용: sourcePlan=700000023, updated=2, done=0
[INFO] 임무 진행영역 재계획 collapse 적용: groups=2, normalized=3, 4
[INFO] Filtered completed input missions (removed=1, 2, converted=-, widthAdjusted=-, skippedSinglePoint=-, snapshot=updated=2, done=0, collapse=groups=2, normalized=3,4)
[REPLAN][TIME] variant_started_ms=6619.5 wall_ms=1779338314674 variant=1 option=3 mode=attack_exclusion
[variant 1] 공격 배제 병렬 결과 병합
[REPLAN][TIME] attack_exclusion_parallel_joined_ms=6626.3 wall_ms=1779338314680 variant=1 duration_ms=3092.022 wait_ms=0.011
[OK] 공격 배제 variant 저장: MissionPlanID=700000029 (elapsed=3092.0 ms)
[INFO] Option mapping #1: planID=700000029, optionCode=3(공격배제)
[REPLAN][TIME] variant_finished_ms=6626.5 wall_ms=1779338314681 variant=1 option=3 mode=attack_exclusion status=success duration_ms=3092.022
[OK] Stored mission data: MissionPlan=1, IndividualMission=0, FlightPath=0
[REPLAN][TIME] id_tab_update_deferred_ms=6627.6 wall_ms=1779338314682
[REPLAN][TIME] pipeline_done_ms=6627.6 wall_ms=1779338314682 plans=2 force_direct=False
[REPLAN][TIME] 0301_queued_ms=6627.7 wall_ms=1779338314682 plans=2
[STEP 4] 0301 push queued (planIds=700000028, 700000029)
[0301] missionPlanID=700000028 전송
[0301] missionPlanID=700000029 전송
[PUSH] 0301 direct batch send
[REPLAN][TIME] 0301_sent_ms=7046.8 wall_ms=1779338315101 plans=2
[REPLAN][TIME] post_0301_delivery_queued_ms=7047.5 wall_ms=1779338315102 grace_ms=0 timeout_ms=20 force_direct=0 mode=option_or_0901
[INFO] Post-0301 apply queued (mode=option_or_0901, grace=0ms, timeout=20ms, plans=2)
[REPLAN][TIME] 0305_status_2_ms=7050.5 wall_ms=1779338315105 reason=표적88 등 3개 발견
[0305] status=2, reason=표적88 등 3개 발견, elapsed=7.04s 전송
[REPLAN][TIME] post_0301_completion_ready_ms=7051.8 wall_ms=1779338315106 mode=option_or_0901
[REPLAN][METRIC] source_artifact_cache entries=21 hits=39 misses=21
[INFO] Post-0301 ready (timeout) -> sending 0901
[REPLAN][TIME] post_0301_flushed_ms=7066.9 wall_ms=1779338315121 delivery=0901 trigger=timeout
[REPLAN][TIME] 0901_sent_ms=7069.8 wall_ms=1779338315124 options=2
[0901] option request sent (count=2, codes=2(공격특화), 3(공격배제))
[REPLAN][TIME] id_tab_update_flushed_ms=7071.1 wall_ms=1779338315125
[REPLAN][TIME] 0902_received_ms=0.2 wall_ms=1779338324463 trigger=attack_2_option replanLevel=2 optionCount=2 forceDirect=0
[REPLAN][TIME] 0902_archived_ms=1.5 wall_ms=1779338324464 path=replan_request_832653523256.json
[AUTO] 0902 received (planIds=700000030, 700000031)
[REPLAN][TIME] pipeline_scheduled_ms=3.2 wall_ms=1779338324466 delay_ms=0
[REPLAN][TIME] scheduled_start_ms=4.4 wall_ms=1779338324467
[REPLAN][TIME] 0305_status_1_ms=6.9 wall_ms=1779338324469 reason=표적89 발견 재계획
[0305] status=1, reason=표적89 발견 재계획 전송
[INFO] Using latest 0203 ID 1 for missionReferencePackageID (fallback)
[STEP 0] Replan pipeline start (reason=표적89 발견 재계획)
[REPLAN][TIME] attack_exclusion_parallel_started_ms=12.6 wall_ms=1779338324475 option_index=2 sourcePlanID=700000029
[ATTACK-EXCLUDE] parallel generation started (sourcePlanID=700000029, optionIndex=2)
[ATTACK] 공격 특화 재계획 요청 감지 → 전용 파이프라인 실행
[ATTACK] [TIME] select_manned_aircraft=11ms
[ATTACK] STEP1 Selected manned aircraft: aircraft 2 (fuel=1200.0, coord=(37.85672378540039, 128.23350524902344, alt=1199))
[ATTACK] [TIME] load_target_entries=1ms
[ATTACK] STEP2 UAV tracking summary: watcher 5?’target 89, watcher 4?’target unknown-10, watcher 4?’target unknown-13, watcher 4?’target unknown-17, watcher 4?’target unknown-2, watcher 4?’target unknown-22, watcher 4?’target unknown-27, watcher 5?’target unknown-12, watcher 5?’target unknown-15, watcher 5?’target unknown-16, watcher 5?’target unknown-18, watcher 5?’target unknown-19, watcher 5?’target unknown-20, watcher 5?’target unknown-28, watcher 5?’target unknown-3, watcher 5?’target unknown-4, watcher 5?’target unknown-6, watcher 5?’target unknown-7, watcher 5?’target unknown-8, watcher 5?’target unknown-9, watcher 6?’target unknown-1, watcher 6?’target unknown-11, watcher 6?’target unknown-21, watcher 6?’target unknown-23, watcher 6?’target unknown-25, watcher 6?’target unknown-29, watcher 6?’target unknown-5, watcher 4?’target 77, watcher 6?’target 78, watcher 5?’target 79, watcher 5?’target 80, watcher 4?’target 81, watcher 5?’target 82, watcher 5?’target 83, watcher 5?’target 84, watcher 4?’target 85, watcher 4?’target 86, watcher 5?’target 87, watcher 6?’target 88
[ATTACK] STEP2.5 Using bundled 0402 targets: target=89 watcher=5
[ATTACK] [ATTACK] Selected target id=89 type=4 weaponType=3 (preferred=3, ammo={'type1': 500, 'type2': 7, 'type3': 2})
[ATTACK] [TIME] compute_attack_point=11ms
[ATTACK] STEP3 Attack plan completed: lat=37.899597, lon=128.194114, alt=958m
[ATTACK] [ATTACK] Using remembered waypoint 300717 for watcher 5 while auto-tracking.
[ATTACK] [ATTACK] Weapon choice aircraft=2 preferred=3 selected=3 ammo={'type1': 500, 'type2': 7, 'type3': 2}
[ATTACK] [ATTACK][ETA] Tracking ETA computed with LAH max attack speed (dist=5888.9m, speed=73.61m/s, +30s) -> 110s
[ATTACK] [ATTACK] Using requested missionPlanID 700000030 (sourcePlanID=700000029)
[ATTACK] [ATTACK][POINT] Primary target adaptive standoff mode=candidate_within_standoff currentDist=7888.94540769008m candidateDist=1999.9999999995462m standoff=300.0/2000.0m.
[ATTACK] [ATTACK][ETA] UAV 4 remaining mission time: 0.0s
[ATTACK] [ATTACK][ETA] UAV 6 remaining mission time: 0.0s
[ATTACK] [ATTACK][ETA] Non-tracking UAV ETA selected: UAV 4 with 0s remaining
[ATTACK] [ATTACK][ETA] All tracking ETAs unified to 0s
[ATTACK] [ATTACK][COLLAB] Remaining UAV entry lookahead applied: 9.0s (pathFollow=3, linearFallback=3, currentOnly=0)
[ATTACK] [PRIOR] Falling back to first mission for aircraft 2 (current waypoint not found in plan).
[FOV_DB] loaded 7010 rows, 7008 unique widths, path=C:\Users\TRL98\Desktop\LAH_MUMT\branNew\KU\DSS_KU\resource\db\fov_db_탱크_72_38_6_3.2.csv
[ATTACK] [ATTACK][LAH] Using max attack speed 73.61m/s (265.0km/h) for aircraft 2.
[ATTACK] [ATTACK][LAH] Inferred current waypoint from position -> 50497.
[ATTACK] [ATTACK][LAH] Dropped current waypoint from resume path (currentWP=50497, nextWP=50498).
[ATTACK] [ATTACK][LAH] Preserved completed prefix, inserted attack, and reattached 1 follow-up mission(s).
[ATTACK] [ATTACK][LAH] Generated attack/resume missions -> IMP:800000131.json PATHS:200000052.json/200000053.json (followUps=1)
[ATTACK] [PRIOR] Falling back to first mission for aircraft 1 (current waypoint not found in plan).
[ATTACK] [ATTACK][LAH] Inferred current waypoint from position -> 50493.
[ATTACK] [ATTACK][LAH] Dropped current waypoint from resume path (currentWP=50493, nextWP=50494).
[ATTACK] [ATTACK][LAH] Preserved completed prefix, inserted hold, and reattached 1 follow-up mission(s).
[ATTACK] [ATTACK][LAH] Generated hold/resume missions -> IMP:800000134.json PATHS:100000051.json/100000052.json (followUps=1)
[ATTACK] [PRIOR] Falling back to first mission for aircraft 3 (current waypoint not found in plan).
[ATTACK] [ATTACK][LAH] Inferred current waypoint from position -> 50501.
[ATTACK] [ATTACK][LAH] Dropped current waypoint from resume path (currentWP=50501, nextWP=50502).
[ATTACK] [ATTACK][LAH] Preserved completed prefix, inserted hold, and reattached 1 follow-up mission(s).
[ATTACK] [ATTACK][LAH] Generated hold/resume missions -> IMP:800000137.json PATHS:300000052.json/300000053.json (followUps=1)
[ATTACK] [NEXTCOLLAB] division planner area-division pieces=2
[ATTACK] [NEXTCOLLAB] division planner final workflow=no_split paths=2
[ATTACK] [ATTACK][COLLAB] Collaborative replacement IMP written (aircraft=4, imp=800000135.json, missions=1).
[ATTACK] [ATTACK][COLLAB] Collaborative replacement IMP written (aircraft=6, imp=800000136.json, missions=1).
[ATTACK] [ATTACK][COLLAB] First sweep searchSpeed boosted (aircraft=4, pathID=400000082, waypointID=300764, factor=1.30, old=297.69, new=386.99).
[ATTACK] [ATTACK][COLLAB] First sweep searchSpeed boosted (aircraft=6, pathID=600000069, waypointID=300776, factor=1.30, old=522.60, new=679.38).
[ATTACK] [ATTACK][COLLAB] Collaborative remaining mission replanned (inputMissionID=4, unavailable=[5], remaining=[4, 6], workflow=no_split).
[ATTACK] [ATTACK][UAV] Tracking target altitude kept for sensor only; flight altitude replaced 658m -> 1910m.
[ATTACK] [ATTACK][UAV] Source path has a single waypoint; preserving it as done and skipping done/resume split.
[ATTACK] [ATTACK][COLLAB] Tracking UAV resume replaced with release transit (aircraft=5, targetFinishEta=61, speed=58.0m/s).
[ATTACK] [ATTACK][UAV] Preserved completed prefix, inserted tracking, and reattached 1 follow-up mission(s).
[ATTACK] [ATTACK][UAV] Generated tracking/resume missions -> IMP:800000138.json PATHS:500000089.json/500000090.json (followUps=1)
[ATTACK] [ATTACK][UAV] Tracking assignment state saved (aircraft=5, sourcePlan=700000029, attackPlan=700000030).
[ATTACK] [ATTACK][COLLAB] Aircraft 4 handled by collaborative remaining replan (inputMissionID=4).
[ATTACK] [ATTACK][COLLAB] Aircraft 6 handled by collaborative remaining replan (inputMissionID=4).
[ATTACK] [ATTACK][PLAN] carried area remaining snapshot -> mission_area_snapshot_700000030.json (sourcePlanID=700000029, planID=700000030)
[ATTACK] [ATTACK][PLAN] MissionPlan saved -> 700000030.json (planID=700000030)
[ATTACK] [ATTACK][TIME] override_detail={"phases": {"metadata_normalize": {"elapsedMs": 0.008, "attackTargetCount": 1, "selectedMannedCount": 1}, "agent_index": {"elapsedMs": 0.165, "aircraftCount": 6}, "weapon_choice": {"elapsedMs": 7.009, "selectedWeaponType": 3, "ammoAvailable": true}, "initial_tracking_eta": {"elapsedMs": 1.059, "useDetectionTracking": true, "trackingEtaS": 110}, "resolve_source_plan": {"elapsedMs": 3.992, "sourcePlanID": 700000029}, "source_plan_load": {"elapsedMs": 0.603, "sourcePlanID": 700000029, "aircraftCount": 6}, "sweep_progress_load": {"elapsedMs": 1.223, "entries": 54}, "plan_id_resolve": {"elapsedMs": 0.028, "requested": true, "missionPlanID": 700000030}, "source_artifact_cache_build": {"elapsedMs": 0.013, "aircraftEntries": 6}, "done_input_ids_load": {"elapsedMs": 1.575, "count": 2}, "plan_deepcopy": {"elapsedMs": 0.104}, "target_uav_assignment": {"elapsedMs": 0.916, "assignedTargetCount": 1, "usedTrackingUavCount": 1}, "manned_sequence_assignment": {"elapsedMs": 4.498, "aircraftCount": 1, "error": null}, "attack_coordinate_resolution": {"elapsedMs": 3.489, "resolvedCount": 1, "mannedSequenceCount": 1}, "remaining_eta": {"elapsedMs": 8.855, "allUavCount": 3, "trackingUavCount": 1, "computedEtaCount": 1, "adjustedEtaS": 0}, "descriptor_list_build": {"elapsedMs": 0.043, "descriptorCount": 6, "activeMannedCount": 1, "otherLahCount": 2, "otherUavCount": 2}, "collab_tracking_scan": {"elapsedMs": 2.951, "inputCount": 1, "unavailableUavCount": 1}, "collab_agent_state_map": {"elapsedMs": 12.774, "aircraftCount": 6}, "collab_parallel_started": {"elapsedMs": 0.838, "inputCount": 1, "workers": 1}, "collab_parallel_join": {"elapsedMs": 3.803, "waitReason": "UAV_TRACK", "inputCount": 1}, "descriptor_loop": {"elapsedMs": 6894.63, "descriptorCount": 6, "updateCount": 4}, "final_collab_plan_update": {"elapsedMs": 0.012, "collabInputCount": 1}, "mission_plan_write": {"elapsedMs": 11.897, "missionPlanID": 700000030}, "option_meta_build": {"elapsedMs": 0.044, "targetCount": 1, "collabInputCount": 1}}, "collabRuns": [{"inputMissionID": 4, "unavailableAircraftIDs": [5], "elapsedMs": 3771.081, "status": "ok", "replacementAircraftIDs": [4, 6], "generatedPathCount": 2, "finishEtaS": 61, "workflow": "no_split"}], "descriptorDetails": [{"aircraftID": 2, "label": "manned", "mode": "LAH_ATTACK", "resolveArtifacts": {"elapsedMs": 1.003, "currentWaypointID": null, "sourcePathID": 200000034, "sourceImpID": 800000077}, "loadArtifacts": {"elapsedMs": 0.006, "impLoaded": true, "fpLoaded": true}, "cloneAndLocateMission": {"elapsedMs": 0.116, "missionCount": 2, "targetIndex": 0}, "allocateAndPlanUpdate": {"elapsedMs": 12.475, "newImpID": 800000131}, "builder": {"elapsedMs": 3413.809, "builderMode": "LAH_ATTACK"}, "builderDetail": {"allocate_ids": {"elapsedMs": 1117.136, "attackPathID": 200000052, "resumePathID": 200000053, "attackIndividualID": 900000329, "resumeIndividualID": 900000330, "entryWaypointID": 300756, "attackWaypointID": 300758}, "split_lah_resume": {"elapsedMs": 1001.39, "resumeWaypointCount": 1, "removedWaypointID": 50497}, "clone_followups": {"elapsedMs": 631.454, "followUpMissionCount": 1, "followUpPathCount": 1}, "payload_build": {"elapsedMs": 654.205, "hasResume": true, "followUpMissionCount": 1, "attackSpeedMps": 73.61}, "write_json": {"elapsedMs": 3.948, "fileCount": 4}, "totalMs": 3411.526}, "status": "ok", "elapsedMs": 3427.57}, {"aircraftID": 1, "label": "lah_hold_1", "mode": "LAH_HOLD_RESUME", "resolveArtifacts": {"elapsedMs": 0.693, "currentWaypointID": null, "sourcePathID": 100000033, "sourceImpID": 800000076}, "loadArtifacts": {"elapsedMs": 0.005, "impLoaded": true, "fpLoaded": true}, "cloneAndLocateMission": {"elapsedMs": 0.116, "missionCount": 2, "targetIndex": 0}, "allocateAndPlanUpdate": {"elapsedMs": 245.08, "newImpID": 800000134}, "builder": {"elapsedMs": 1501.121, "builderMode": "LAH_HOLD_RESUME"}, "builderDetail": {"allocate_ids": {"elapsedMs": 65.877, "holdPathID": 100000051, "resumePathID": 100000052, "holdIndividualID": 900000337, "resumeIndividualID": 900000338}, "split_lah_resume": {"elapsedMs": 804.511, "resumeWaypointCount": 1, "removedWaypointID": 50493}, "clone_followups": {"elapsedMs": 429.965, "followUpMissionCount": 1, "followUpPathCount": 1}, "payload_build": {"elapsedMs": 618.801, "hasResume": true, "followUpMissionCount": 1}, "write_json": {"elapsedMs": 7.475, "fileCount": 4}, "totalMs": 1501.072}, "status": "ok", "elapsedMs": 1747.139}, {"aircraftID": 3, "label": "lah_hold_3", "mode": "LAH_HOLD_RESUME", "resolveArtifacts": {"elapsedMs": 0.675, "currentWaypointID": null, "sourcePathID": 300000033, "sourceImpID": 800000078}, "loadArtifacts": {"elapsedMs": 0.006, "impLoaded": true, "fpLoaded": true}, "cloneAndLocateMission": {"elapsedMs": 0.116, "missionCount": 2, "targetIndex": 0}, "allocateAndPlanUpdate": {"elapsedMs": 8.006, "newImpID": 800000137}, "builder": {"elapsedMs": 988.464, "builderMode": "LAH_HOLD_RESUME"}, "builderDetail": {"allocate_ids": {"elapsedMs": 24.579, "holdPathID": 300000052, "resumePathID": 300000053, "holdIndividualID": 900000341, "resumeIndividualID": 900000342}, "split_lah_resume": {"elapsedMs": 582.138, "resumeWaypointCount": 1, "removedWaypointID": 50501}, "clone_followups": {"elapsedMs": 199.895, "followUpMissionCount": 1, "followUpPathCount": 1}, "payload_build": {"elapsedMs": 374.023, "hasResume": true, "followUpMissionCount": 1}, "write_json": {"elapsedMs": 4.158, "fileCount": 4}, "totalMs": 988.425}, "status": "ok", "elapsedMs": 997.391}, {"aircraftID": 5, "label": "uav_tracking_5", "mode": "UAV_TRACK", "resolveArtifacts": {"elapsedMs": 0.02, "currentWaypointID": 300717, "sourcePathID": 500000079, "sourceImpID": 800000123}, "loadArtifacts": {"elapsedMs": 0.003, "impLoaded": true, "fpLoaded": true}, "cloneAndLocateMission": {"elapsedMs": 0.124, "missionCount": 2, "targetIndex": 0}, "allocateAndPlanUpdate": {"elapsedMs": 9.466, "newImpID": 800000138}, "builder": {"elapsedMs": 697.452, "builderMode": "UAV_TRACK"}, "builderDetail": {"allocate_ids": {"elapsedMs": 227.217, "donePathID": 500000088, "attackPathID": 500000089, "resumePathID": 500000090, "trackingIndividualID": 900000344, "resumeIndividualID": 900000345, "targetWaypointID": 300793}, "split_done_resume": {"elapsedMs": 1.268, "sourceSinglePoint": true, "doneWaypointCount": 1, "resumeWaypointCount": 0, "removedWaypointID": 300717}, "clone_followups": {"elapsedMs": 227.597, "followUpMissionCount": 1, "followUpPathCount": 1}, "release_resume": {"elapsedMs": 172.198, "releaseWaypointCount": 2, "targetFinishEtaS": 61}, "write_json": {"elapsedMs": 56.772, "fileCount": 5}, "totalMs": 691.022}, "trackingState": {"elapsedMs": 8.825}, "status": "ok", "elapsedMs": 716.65}, {"aircraftID": 4, "label": "uav_resume_4", "mode": "UAV_RESUME", "resolveArtifacts": {"elapsedMs": 0.026, "currentWaypointID": 300708, "sourcePathID": 400000073, "sourceImpID": 800000121}, "loadArtifacts": {"elapsedMs": 0.004, "impLoaded": true, "fpLoaded": true}, "cloneAndLocateMission": {"elapsedMs": 0.177, "missionCount": 2, "targetIndex": 0}, "status": "handled_by_collab", "elapsedMs": 0.788}, {"aircraftID": 6, "label": "uav_resume_6", "mode": "UAV_RESUME", "resolveArtifacts": {"elapsedMs": 0.017, "currentWaypointID": 300727, "sourcePathID": 600000063, "sourceImpID": 800000124}, "loadArtifacts": {"elapsedMs": 0.003, "impLoaded": true, "fpLoaded": true}, "cloneAndLocateMission": {"elapsedMs": 0.164, "missionCount": 2, "targetIndex": 0}, "status": "handled_by_collab", "elapsedMs": 0.728}], "totalMs": 6947}
[ATTACK] [ATTACK][TIME] override_total=6947ms
[ATTACK] [TIME] apply_attack_plan_overrides=6963ms
[ATTACK] [TIME] timingMs={"read_source": 14.066, "descriptor_build": 5.992, "write_artifacts": 6976.54, "delivery_wait": 8.501}
[ATTACK] [TIME] total=7006ms
[ATTACK] 분석 로그 저장: C:\Users\TRL98\Desktop\LAH_MUMT\Logs\Scenario_2026-05-21T132543\SBC3\DSS_Internal\log_attack_algorithm_20260521T043851_482409.json
[ATTACK] mark target used: targetIDs=89
[ATTACK-EXCLUDE] ATTACK-EXCLUDE using requested missionPlanID 700000031 (sourcePlanID=700000029)
[ATTACK-EXCLUDE] [PRIOR][UAV] Resume sweep trim applied (cutPoints=10, rawCutPoints=10, doneSweepPoints=0, pathID=400000073).
[ATTACK-EXCLUDE] [PRIOR][UAV] Resume searchSpeed scaled (factor=1.30, waypoints=1).
[ATTACK-EXCLUDE] [PRIOR][UAV] Generated done/resume mission -> aircraft=4 IMP:800000130.json PATHS:400000080.json
[ATTACK-EXCLUDE] [PRIOR][UAV] Resume sweep trim applied (cutPoints=5, rawCutPoints=5, doneSweepPoints=0, pathID=500000079).
[ATTACK-EXCLUDE] [PRIOR][UAV] Resume searchSpeed scaled (factor=1.30, waypoints=1).
[ATTACK-EXCLUDE] [PRIOR][UAV] Generated done/resume mission -> aircraft=5 IMP:800000132.json PATHS:500000086.json
[ATTACK-EXCLUDE] [PRIOR][UAV] Resume sweep trim applied (cutPoints=9, rawCutPoints=9, doneSweepPoints=0, pathID=600000063).
[ATTACK-EXCLUDE] [PRIOR][UAV] Resume searchSpeed scaled (factor=1.30, waypoints=1).
[ATTACK-EXCLUDE] [PRIOR][UAV] Generated done/resume mission -> aircraft=6 IMP:800000133.json PATHS:600000071.json
[ATTACK-EXCLUDE] 공격 배제 MissionPlan 저장 -> 700000031.json (planID=700000031)
[ATTACK-EXCLUDE] ATTACK-EXCLUDE carried area remaining snapshot -> mission_area_snapshot_700000031.json (sourcePlanID=700000029, planID=700000031)
[ATTACK] 공격 임무 계획 완료 (planIds=700000030)
[INFO] UAV params loaded (cruise=40.00, turn_step=15.0)
[INFO] Latest input snapshot → 0201:ID=2,ts=832653415542,src=-, 0203:ID=1,ts=832652848760,src=-
[STEP 0] Using latest 0201 ID 2 (2.json)
[STEP 0] Using latest 0203 ID 1 (1.json)
[CHECK] 0201/0203 필수 데이터 확인 시작
[OK] 0201 inputMissionList 확인됨 (count=4) → 진행
[OK] 0201 availableAircraftList 확인됨 (count=6) → 진행
[OK] 0201 inputMissionPackageType=1 확인
[OK] 0201 mainSensor=1 확인
[CHECK] 0201 기체 수=6 (UAV=3, LAH=3)
[CHECK] 0201 임무: total=4 missingID=0 missingDetail=0 missingShape=0 unknownType=0 typeZeroAuto=0 typeZeroInvalid=0 lineOnlyViolation=0 skippedSinglePoint=0
[OK] 0203 takeOverInfoList 확인됨 (count=3) → 진행
[OK] 0203 handOverInfoList 확인됨 (count=3) → 진행
[OK] 0203 flightAreaList 확인됨 (count=1) → 진행
[CHECK] 0203 flightAreaList count=1
[INFO] 임무 진행영역 스냅샷 적용: sourcePlan=700000029, updated=2, done=0
[INFO] 임무 진행영역 재계획 collapse 적용: groups=2, normalized=3, 4
[INFO] Filtered completed input missions (removed=1, 2, converted=-, widthAdjusted=-, skippedSinglePoint=-, snapshot=updated=2, done=0, collapse=groups=2, normalized=3,4)
[REPLAN][TIME] variant_started_ms=7065.2 wall_ms=1779338331528 variant=1 option=3 mode=attack_exclusion
[variant 1] 공격 배제 병렬 결과 병합
[REPLAN][TIME] attack_exclusion_parallel_joined_ms=7076.7 wall_ms=1779338331539 variant=1 duration_ms=4883.856 wait_ms=0.012
[OK] 공격 배제 variant 저장: MissionPlanID=700000031 (elapsed=4883.9 ms)
[INFO] Option mapping #1: planID=700000031, optionCode=3(공격배제)
[REPLAN][TIME] variant_finished_ms=7076.9 wall_ms=1779338331539 variant=1 option=3 mode=attack_exclusion status=success duration_ms=4883.856
[OK] Stored mission data: MissionPlan=1, IndividualMission=0, FlightPath=0
[REPLAN][TIME] id_tab_update_deferred_ms=7078.7 wall_ms=1779338331541
[REPLAN][TIME] pipeline_done_ms=7078.8 wall_ms=1779338331541 plans=2 force_direct=False
[REPLAN][TIME] 0301_queued_ms=7078.8 wall_ms=1779338331541 plans=2
[STEP 4] 0301 push queued (planIds=700000030, 700000031)
[0402] delivery suppressed before 0301: Target 정보 변경으로 인한 재계획 중단
[0001] notice sent: Target 정보 변경으로 인한 재계획 중단
[REPLAN][METRIC] source_artifact_cache entries=21 hits=39 misses=21
[REPLAN][TIME] 0902_received_ms=0.3 wall_ms=1779338332759 trigger=attack_2_option replanLevel=2 optionCount=2 forceDirect=0
[REPLAN][TIME] 0902_archived_ms=1.5 wall_ms=1779338332760 path=replan_request_832653525503.json
[AUTO] 0902 received (planIds=700000032, 700000033)
[REPLAN][TIME] pipeline_scheduled_ms=2.8 wall_ms=1779338332761 delay_ms=0
[REPLAN][TIME] scheduled_start_ms=3.9 wall_ms=1779338332762
[REPLAN][TIME] 0305_status_1_ms=6.0 wall_ms=1779338332765 reason=표적90 등 2개 발견
[0305] status=1, reason=표적90 등 2개 발견 전송
[INFO] Using latest 0203 ID 1 for missionReferencePackageID (fallback)
[STEP 0] Replan pipeline start (reason=표적90 등 2개 발견)
[REPLAN][TIME] attack_exclusion_parallel_started_ms=11.9 wall_ms=1779338332770 option_index=2 sourcePlanID=700000029
[ATTACK-EXCLUDE] parallel generation started (sourcePlanID=700000029, optionIndex=2)
[ATTACK] 공격 특화 재계획 요청 감지 → 전용 파이프라인 실행
[ATTACK] [TIME] select_manned_aircraft=12ms
[ATTACK] STEP1 Selected manned aircraft: aircraft 3 (fuel=1200.0, coord=(37.837074279785156, 128.22418212890625, alt=1201))
[ATTACK] [TIME] load_target_entries=1ms
[ATTACK] STEP2 UAV tracking summary: watcher 5?’target 89, watcher 6?’target 90, watcher 4?’target unknown-10, watcher 4?’target unknown-13, watcher 4?’target unknown-17, watcher 4?’target unknown-2, watcher 4?’target unknown-22, watcher 4?’target unknown-27, watcher 5?’target unknown-12, watcher 5?’target unknown-15, watcher 5?’target unknown-16, watcher 5?’target unknown-18, watcher 5?’target unknown-19, watcher 5?’target unknown-20, watcher 5?’target unknown-28, watcher 5?’target unknown-3, watcher 5?’target unknown-4, watcher 5?’target unknown-6, watcher 5?’target unknown-7, watcher 5?’target unknown-8, watcher 5?’target unknown-9, watcher 6?’target unknown-1, watcher 6?’target unknown-11, watcher 6?’target unknown-21, watcher 6?’target unknown-23, watcher 6?’target unknown-25, watcher 6?’target unknown-29, watcher 6?’target unknown-5, watcher 4?’target 77, watcher 6?’target 78, watcher 5?’target 79, watcher 5?’target 80, watcher 4?’target 81, watcher 5?’target 82, watcher 5?’target 83, watcher 5?’target 84, watcher 4?’target 85, watcher 4?’target 86, watcher 5?’target 87, watcher 6?’target 88
[ATTACK] STEP2.5 Using bundled 0402 targets: target=90 watcher=6, target=89 watcher=5
[ATTACK] STEP2.6 Multi-target manned selection: 2, 3
[ATTACK] [ATTACK] Selected target id=90 type=1 weaponType=2 (preferred=2, ammo={'type1': 500, 'type2': 7, 'type3': 2})
[ATTACK] [TIME] compute_attack_point=8ms
[ATTACK] STEP3 Attack plan completed: lat=37.892447, lon=128.206321, alt=1029m
[ATTACK] [ATTACK] Using remembered waypoint 300727 for watcher 6 while auto-tracking.
[ATTACK] [ATTACK] Weapon choice aircraft=2 preferred=2 selected=2 ammo={'type1': 500, 'type2': 7, 'type3': 2}
[ATTACK] [ATTACK][ETA] Tracking ETA computed with LAH max attack speed (dist=4633.7m, speed=73.61m/s, +30s) -> 93s
[ATTACK] [ATTACK] Using requested missionPlanID 700000032 (sourcePlanID=700000029)
[ATTACK] [ATTACK][POINT] Primary target adaptive standoff mode=candidate_within_standoff currentDist=6633.745812986837m candidateDist=1999.9999999997294m standoff=300.0/2000.0m.
[ATTACK] [ATTACK][ETA] UAV 4 remaining mission time: 0.0s
[ATTACK] [ATTACK][ETA] Non-tracking UAV ETA selected: UAV 4 with 0s remaining
[ATTACK] [ATTACK][ETA] All tracking ETAs unified to 0s
[ATTACK] [ATTACK][COLLAB] Remaining UAV entry lookahead applied: 9.0s (pathFollow=3, linearFallback=3, currentOnly=0)
[ATTACK] [PRIOR] Falling back to first mission for aircraft 2 (current waypoint not found in plan).
[FOV_DB] loaded 7010 rows, 7008 unique widths, path=C:\Users\TRL98\Desktop\LAH_MUMT\branNew\KU\DSS_KU\resource\db\fov_db_탱크_72_38_6_3.2.csv
[ATTACK] [ATTACK][LAH] Using max attack speed 73.61m/s (265.0km/h) for aircraft 2.
[ATTACK] [ATTACK][LAH] Inferred current waypoint from position -> 50497.
[ATTACK] [ATTACK][LAH] Dropped current waypoint from resume path (currentWP=50497, nextWP=50498).
[ATTACK] [ATTACK][LAH] Preserved completed prefix, inserted attack, and reattached 1 follow-up mission(s).
[ATTACK] [ATTACK][LAH] Generated attack/resume missions -> IMP:800000140.json PATHS:200000055.json/200000056.json (followUps=1)
[ATTACK] [PRIOR] Falling back to first mission for aircraft 3 (current waypoint not found in plan).
[ATTACK] [ATTACK][LAH] Using max attack speed 73.61m/s (265.0km/h) for aircraft 3.
[ATTACK] [ATTACK][LAH] Inferred current waypoint from position -> 50501.
[ATTACK] [ATTACK][LAH] Dropped current waypoint from resume path (currentWP=50501, nextWP=50502).
[ATTACK] [ATTACK][LAH] Preserved completed prefix, inserted attack, and reattached 1 follow-up mission(s).
[ATTACK] [ATTACK][LAH] Generated attack/resume missions -> IMP:800000144.json PATHS:300000055.json/300000056.json (followUps=1)
[ATTACK] [PRIOR] Falling back to first mission for aircraft 1 (current waypoint not found in plan).
[ATTACK] [ATTACK][LAH] Inferred current waypoint from position -> 50493.
[ATTACK] [ATTACK][LAH] Dropped current waypoint from resume path (currentWP=50493, nextWP=50494).
[ATTACK] [ATTACK][LAH] Preserved completed prefix, inserted hold, and reattached 1 follow-up mission(s).
[ATTACK] [ATTACK][LAH] Generated hold/resume missions -> IMP:800000145.json PATHS:100000054.json/100000055.json (followUps=1)
[ATTACK] [NEXTCOLLAB] division planner area-division pieces=1
[ATTACK] [NEXTCOLLAB] division planner final workflow=no_split paths=1
[ATTACK] [ATTACK][COLLAB] Collaborative replacement IMP written (aircraft=4, imp=800000142.json, missions=1).
[ATTACK] [ATTACK][COLLAB] First sweep searchSpeed boosted (aircraft=4, pathID=400000086, waypointID=300809, factor=1.30, old=738.77, refBase=754.14, refDist=2111.3m, new=980.38).
[ATTACK] [ATTACK][COLLAB] Collaborative remaining mission replanned (inputMissionID=4, unavailable=[5, 6], remaining=[4], workflow=no_split).
[ATTACK] [ATTACK][UAV] Source path has a single waypoint; preserving it as done and skipping done/resume split.
[ATTACK] [ATTACK][COLLAB] Tracking UAV resume replaced with release transit (aircraft=6, targetFinishEta=55, speed=58.0m/s).
[ATTACK] [ATTACK][UAV] Preserved completed prefix, inserted tracking, and reattached 1 follow-up mission(s).
[ATTACK] [ATTACK][UAV] Generated tracking/resume missions -> IMP:800000146.json PATHS:600000077.json/600000078.json (followUps=1)
[ATTACK] [ATTACK][UAV] Tracking assignment state saved (aircraft=6, sourcePlan=700000029, attackPlan=700000032).
[ATTACK] [ATTACK][UAV] Tracking target altitude kept for sensor only; flight altitude replaced 658m -> 1910m.
[ATTACK] [ATTACK][UAV] Source path has a single waypoint; preserving it as done and skipping done/resume split.
[ATTACK] [ATTACK][COLLAB] Tracking UAV resume replaced with release transit (aircraft=5, targetFinishEta=55, speed=58.0m/s).
[ATTACK] [ATTACK][UAV] Preserved completed prefix, inserted tracking, and reattached 1 follow-up mission(s).
[ATTACK] [ATTACK][UAV] Generated tracking/resume missions -> IMP:800000147.json PATHS:500000096.json/500000097.json (followUps=1)
[ATTACK] [ATTACK][UAV] Tracking assignment state saved (aircraft=5, sourcePlan=700000029, attackPlan=700000032).
[ATTACK] [ATTACK][COLLAB] Aircraft 4 handled by collaborative remaining replan (inputMissionID=4).
[ATTACK] [ATTACK][PLAN] carried area remaining snapshot -> mission_area_snapshot_700000032.json (sourcePlanID=700000029, planID=700000032)
[ATTACK] [ATTACK][PLAN] MissionPlan saved -> 700000032.json (planID=700000032)
[ATTACK] [ATTACK][TIME] override_detail={"phases": {"metadata_normalize": {"elapsedMs": 0.006, "attackTargetCount": 2, "selectedMannedCount": 2}, "agent_index": {"elapsedMs": 0.112, "aircraftCount": 6}, "weapon_choice": {"elapsedMs": 6.755, "selectedWeaponType": 2, "ammoAvailable": true}, "initial_tracking_eta": {"elapsedMs": 0.894, "useDetectionTracking": true, "trackingEtaS": 93}, "resolve_source_plan": {"elapsedMs": 3.805, "sourcePlanID": 700000029}, "source_plan_load": {"elapsedMs": 0.676, "sourcePlanID": 700000029, "aircraftCount": 6}, "sweep_progress_load": {"elapsedMs": 0.764, "entries": 54}, "plan_id_resolve": {"elapsedMs": 0.028, "requested": true, "missionPlanID": 700000032}, "source_artifact_cache_build": {"elapsedMs": 0.015, "aircraftEntries": 6}, "done_input_ids_load": {"elapsedMs": 1.061, "count": 2}, "plan_deepcopy": {"elapsedMs": 0.051}, "target_uav_assignment": {"elapsedMs": 6.06, "assignedTargetCount": 2, "usedTrackingUavCount": 2}, "manned_sequence_assignment": {"elapsedMs": 21.61, "aircraftCount": 2, "error": null}, "attack_coordinate_resolution": {"elapsedMs": 9.887, "resolvedCount": 2, "mannedSequenceCount": 2}, "remaining_eta": {"elapsedMs": 3.623, "allUavCount": 3, "trackingUavCount": 2, "computedEtaCount": 2, "adjustedEtaS": 0}, "descriptor_list_build": {"elapsedMs": 0.035, "descriptorCount": 6, "activeMannedCount": 2, "otherLahCount": 1, "otherUavCount": 1}, "collab_tracking_scan": {"elapsedMs": 11.011, "inputCount": 1, "unavailableUavCount": 2}, "collab_agent_state_map": {"elapsedMs": 9.964, "aircraftCount": 6}, "collab_parallel_started": {"elapsedMs": 0.73, "inputCount": 1, "workers": 1}, "collab_parallel_join": {"elapsedMs": 3.431, "waitReason": "UAV_TRACK", "inputCount": 1}, "descriptor_loop": {"elapsedMs": 7481.048, "descriptorCount": 6, "updateCount": 5}, "final_collab_plan_update": {"elapsedMs": 0.013, "collabInputCount": 1}, "mission_plan_write": {"elapsedMs": 12.569, "missionPlanID": 700000032}, "option_meta_build": {"elapsedMs": 0.058, "targetCount": 2, "collabInputCount": 1}}, "collabRuns": [{"inputMissionID": 4, "unavailableAircraftIDs": [5, 6], "elapsedMs": 2095.709, "status": "ok", "replacementAircraftIDs": [4], "generatedPathCount": 1, "finishEtaS": 55, "workflow": "no_split"}], "descriptorDetails": [{"aircraftID": 2, "label": "manned", "mode": "LAH_ATTACK", "resolveArtifacts": {"elapsedMs": 0.99, "currentWaypointID": null, "sourcePathID": 200000034, "sourceImpID": 800000077}, "loadArtifacts": {"elapsedMs": 0.006, "impLoaded": true, "fpLoaded": true}, "cloneAndLocateMission": {"elapsedMs": 0.142, "missionCount": 2, "targetIndex": 0}, "allocateAndPlanUpdate": {"elapsedMs": 441.861, "newImpID": 800000140}, "builder": {"elapsedMs": 2679.025, "builderMode": "LAH_ATTACK"}, "builderDetail": {"allocate_ids": {"elapsedMs": 757.636, "attackPathID": 200000055, "resumePathID": 200000056, "attackIndividualID": 900000350, "resumeIndividualID": 900000351, "entryWaypointID": 300803, "attackWaypointID": 300804}, "split_lah_resume": {"elapsedMs": 1061.875, "resumeWaypointCount": 1, "removedWaypointID": 50497}, "clone_followups": {"elapsedMs": 659.002, "followUpMissionCount": 1, "followUpPathCount": 1}, "payload_build": {"elapsedMs": 189.408, "hasResume": true, "followUpMissionCount": 1, "attackSpeedMps": 73.61}, "write_json": {"elapsedMs": 4.937, "fileCount": 4}, "totalMs": 2676.783}, "status": "ok", "elapsedMs": 3122.185}, {"aircraftID": 3, "label": "manned", "mode": "LAH_ATTACK", "resolveArtifacts": {"elapsedMs": 0.852, "currentWaypointID": null, "sourcePathID": 300000033, "sourceImpID": 800000078}, "loadArtifacts": {"elapsedMs": 0.006, "impLoaded": true, "fpLoaded": true}, "cloneAndLocateMission": {"elapsedMs": 0.145, "missionCount": 2, "targetIndex": 0}, "allocateAndPlanUpdate": {"elapsedMs": 15.974, "newImpID": 800000144}, "builder": {"elapsedMs": 1832.819, "builderMode": "LAH_ATTACK"}, "builderDetail": {"allocate_ids": {"elapsedMs": 640.184, "attackPathID": 300000055, "resumePathID": 300000056, "attackIndividualID": 900000357, "resumeIndividualID": 900000358, "entryWaypointID": 300819, "attackWaypointID": 300823}, "split_lah_resume": {"elapsedMs": 749.002, "resumeWaypointCount": 1, "removedWaypointID": 50501}, "clone_followups": {"elapsedMs": 221.046, "followUpMissionCount": 1, "followUpPathCount": 1}, "payload_build": {"elapsedMs": 212.725, "hasResume": true, "followUpMissionCount": 1, "attackSpeedMps": 73.61}, "write_json": {"elapsedMs": 4.602, "fileCount": 4}, "totalMs": 1831.108}, "status": "ok", "elapsedMs": 1849.952}, {"aircraftID": 1, "label": "lah_hold_1", "mode": "LAH_HOLD_RESUME", "resolveArtifacts": {"elapsedMs": 0.696, "currentWaypointID": null, "sourcePathID": 100000033, "sourceImpID": 800000076}, "loadArtifacts": {"elapsedMs": 0.005, "impLoaded": true, "fpLoaded": true}, "cloneAndLocateMission": {"elapsedMs": 0.127, "missionCount": 2, "targetIndex": 0}, "allocateAndPlanUpdate": {"elapsedMs": 6.585, "newImpID": 800000145}, "builder": {"elapsedMs": 1054.871, "builderMode": "LAH_HOLD_RESUME"}, "builderDetail": {"allocate_ids": {"elapsedMs": 19.156, "holdPathID": 100000054, "resumePathID": 100000055, "holdIndividualID": 900000360, "resumeIndividualID": 900000361}, "split_lah_resume": {"elapsedMs": 618.816, "resumeWaypointCount": 1, "removedWaypointID": 50493}, "clone_followups": {"elapsedMs": 218.108, "followUpMissionCount": 1, "followUpPathCount": 1}, "payload_build": {"elapsedMs": 409.282, "hasResume": true, "followUpMissionCount": 1}, "write_json": {"elapsedMs": 4.414, "fileCount": 4}, "totalMs": 1054.835}, "status": "ok", "elapsedMs": 1062.414}, {"aircraftID": 6, "label": "uav_tracking_6", "mode": "UAV_TRACK", "resolveArtifacts": {"elapsedMs": 0.026, "currentWaypointID": 300727, "sourcePathID": 600000063, "sourceImpID": 800000124}, "loadArtifacts": {"elapsedMs": 0.005, "impLoaded": true, "fpLoaded": true}, "cloneAndLocateMission": {"elapsedMs": 0.204, "missionCount": 2, "targetIndex": 0}, "allocateAndPlanUpdate": {"elapsedMs": 7.434, "newImpID": 800000146}, "builder": {"elapsedMs": 740.124, "builderMode": "UAV_TRACK"}, "builderDetail": {"allocate_ids": {"elapsedMs": 231.119, "donePathID": 600000076, "attackPathID": 600000077, "resumePathID": 600000078, "trackingIndividualID": 900000363, "resumeIndividualID": 900000364, "targetWaypointID": 300837}, "split_done_resume": {"elapsedMs": 1.098, "sourceSinglePoint": true, "doneWaypointCount": 1, "resumeWaypointCount": 0, "removedWaypointID": 300727}, "clone_followups": {"elapsedMs": 238.622, "followUpMissionCount": 1, "followUpPathCount": 1}, "release_resume": {"elapsedMs": 204.986, "releaseWaypointCount": 2, "targetFinishEtaS": 55}, "write_json": {"elapsedMs": 56.233, "fileCount": 5}, "totalMs": 736.95}, "trackingState": {"elapsedMs": 8.155}, "status": "ok", "elapsedMs": 756.896}, {"aircraftID": 5, "label": "uav_tracking_5", "mode": "UAV_TRACK", "resolveArtifacts": {"elapsedMs": 0.031, "currentWaypointID": 300717, "sourcePathID": 500000079, "sourceImpID": 800000123}, "loadArtifacts": {"elapsedMs": 0.005, "impLoaded": true, "fpLoaded": true}, "cloneAndLocateMission": {"elapsedMs": 0.227, "missionCount": 2, "targetIndex": 0}, "allocateAndPlanUpdate": {"elapsedMs": 7.229, "newImpID": 800000147}, "builder": {"elapsedMs": 662.767, "builderMode": "UAV_TRACK"}, "builderDetail": {"allocate_ids": {"elapsedMs": 205.871, "donePathID": 500000095, "attackPathID": 500000096, "resumePathID": 500000097, "trackingIndividualID": 900000366, "resumeIndividualID": 900000367, "targetWaypointID": 300843}, "split_done_resume": {"elapsedMs": 0.938, "sourceSinglePoint": true, "doneWaypointCount": 1, "resumeWaypointCount": 0, "removedWaypointID": 300717}, "clone_followups": {"elapsedMs": 199.783, "followUpMissionCount": 1, "followUpPathCount": 1}, "release_resume": {"elapsedMs": 200.404, "releaseWaypointCount": 2, "targetFinishEtaS": 55}, "write_json": {"elapsedMs": 47.103, "fileCount": 5}, "totalMs": 658.988}, "trackingState": {"elapsedMs": 10.849}, "status": "ok", "elapsedMs": 682.08}, {"aircraftID": 4, "label": "uav_resume_4", "mode": "UAV_RESUME", "resolveArtifacts": {"elapsedMs": 0.031, "currentWaypointID": 300708, "sourcePathID": 400000073, "sourceImpID": 800000121}, "loadArtifacts": {"elapsedMs": 0.005, "impLoaded": true, "fpLoaded": true}, "cloneAndLocateMission": {"elapsedMs": 0.224, "missionCount": 2, "targetIndex": 0}, "status": "handled_by_collab", "elapsedMs": 3.366}], "totalMs": 7561}
[ATTACK] [ATTACK][TIME] override_total=7561ms
[ATTACK] [TIME] apply_attack_plan_overrides=7577ms
[ATTACK] [TIME] timingMs={"read_source": 14.934, "descriptor_build": 8.21, "write_artifacts": 7586.82, "delivery_wait": 3.537}
[ATTACK] [TIME] total=7614ms
[ATTACK] 분석 로그 저장: C:\Users\TRL98\Desktop\LAH_MUMT\Logs\Scenario_2026-05-21T132543\SBC3\DSS_Internal\log_attack_algorithm_20260521T043900_387972.json
[ATTACK] mark target used: targetIDs=90, 89
[ATTACK-EXCLUDE] ATTACK-EXCLUDE using requested missionPlanID 700000033 (sourcePlanID=700000029)
[ATTACK-EXCLUDE] [PRIOR][UAV] Resume sweep trim applied (cutPoints=22, rawCutPoints=22, doneSweepPoints=0, pathID=400000073).
[ATTACK-EXCLUDE] [PRIOR][UAV] Resume searchSpeed scaled (factor=1.30, waypoints=1).
[ATTACK-EXCLUDE] [PRIOR][UAV] Generated done/resume mission -> aircraft=4 IMP:800000139.json PATHS:400000084.json
[ATTACK-EXCLUDE] [PRIOR][UAV] Resume sweep trim applied (cutPoints=5, rawCutPoints=5, doneSweepPoints=0, pathID=500000079).
[ATTACK-EXCLUDE] [PRIOR][UAV] Resume searchSpeed scaled (factor=1.30, waypoints=1).
[ATTACK-EXCLUDE] [PRIOR][UAV] Generated done/resume mission -> aircraft=5 IMP:800000141.json PATHS:500000093.json
[ATTACK-EXCLUDE] [PRIOR][UAV] Resume sweep trim applied (cutPoints=9, rawCutPoints=9, doneSweepPoints=0, pathID=600000063).
[ATTACK-EXCLUDE] [PRIOR][UAV] Resume searchSpeed scaled (factor=1.30, waypoints=1).
[ATTACK-EXCLUDE] [PRIOR][UAV] Generated done/resume mission -> aircraft=6 IMP:800000143.json PATHS:600000074.json
[ATTACK-EXCLUDE] 공격 배제 MissionPlan 저장 -> 700000033.json (planID=700000033)
[ATTACK-EXCLUDE] ATTACK-EXCLUDE carried area remaining snapshot -> mission_area_snapshot_700000033.json (sourcePlanID=700000029, planID=700000033)
[ATTACK] 공격 임무 계획 완료 (planIds=700000032)
[INFO] UAV params loaded (cruise=40.00, turn_step=15.0)
[INFO] Latest input snapshot → 0201:ID=2,ts=832653415542,src=-, 0203:ID=1,ts=832652848760,src=-
[STEP 0] Using latest 0201 ID 2 (2.json)
[STEP 0] Using latest 0203 ID 1 (1.json)
[CHECK] 0201/0203 필수 데이터 확인 시작
[OK] 0201 inputMissionList 확인됨 (count=4) → 진행
[OK] 0201 availableAircraftList 확인됨 (count=6) → 진행
[OK] 0201 inputMissionPackageType=1 확인
[OK] 0201 mainSensor=1 확인
[CHECK] 0201 기체 수=6 (UAV=3, LAH=3)
[CHECK] 0201 임무: total=4 missingID=0 missingDetail=0 missingShape=0 unknownType=0 typeZeroAuto=0 typeZeroInvalid=0 lineOnlyViolation=0 skippedSinglePoint=0
[OK] 0203 takeOverInfoList 확인됨 (count=3) → 진행
[OK] 0203 handOverInfoList 확인됨 (count=3) → 진행
[OK] 0203 flightAreaList 확인됨 (count=1) → 진행
[CHECK] 0203 flightAreaList count=1
[INFO] 임무 진행영역 스냅샷 적용: sourcePlan=700000029, updated=2, done=0
[INFO] 임무 진행영역 재계획 collapse 적용: groups=2, normalized=3, 4
[INFO] Filtered completed input missions (removed=1, 2, converted=-, widthAdjusted=-, skippedSinglePoint=-, snapshot=updated=2, done=0, collapse=groups=2, normalized=3,4)
[REPLAN][TIME] variant_started_ms=7666.0 wall_ms=1779338340424 variant=1 option=3 mode=attack_exclusion
[variant 1] 공격 배제 병렬 결과 병합
[REPLAN][TIME] attack_exclusion_parallel_joined_ms=7672.9 wall_ms=1779338340431 variant=1 duration_ms=4127.054 wait_ms=0.01
[OK] 공격 배제 variant 저장: MissionPlanID=700000033 (elapsed=4127.1 ms)
[INFO] Option mapping #1: planID=700000033, optionCode=3(공격배제)
[REPLAN][TIME] variant_finished_ms=7673.2 wall_ms=1779338340432 variant=1 option=3 mode=attack_exclusion status=success duration_ms=4127.054
[OK] Stored mission data: MissionPlan=1, IndividualMission=0, FlightPath=0
[REPLAN][TIME] id_tab_update_deferred_ms=7674.3 wall_ms=1779338340433
[REPLAN][TIME] pipeline_done_ms=7674.4 wall_ms=1779338340433 plans=2 force_direct=False
[REPLAN][TIME] 0301_queued_ms=7674.4 wall_ms=1779338340433 plans=2
[STEP 4] 0301 push queued (planIds=700000032, 700000033)
[0301] missionPlanID=700000032 전송
[0301] missionPlanID=700000033 전송
[PUSH] 0301 direct batch send
[REPLAN][TIME] 0301_sent_ms=8094.8 wall_ms=1779338340853 plans=2
[REPLAN][TIME] post_0301_delivery_queued_ms=8095.5 wall_ms=1779338340854 grace_ms=0 timeout_ms=20 force_direct=0 mode=option_or_0901
[INFO] Post-0301 apply queued (mode=option_or_0901, grace=0ms, timeout=20ms, plans=2)
[REPLAN][TIME] 0305_status_2_ms=8098.5 wall_ms=1779338340857 reason=표적90 등 2개 발견
[0305] status=2, reason=표적90 등 2개 발견, elapsed=8.09s 전송
[REPLAN][TIME] post_0301_completion_ready_ms=8099.8 wall_ms=1779338340858 mode=option_or_0901
[REPLAN][METRIC] source_artifact_cache entries=21 hits=39 misses=21
[INFO] Post-0301 ready (timeout) -> sending 0901
[REPLAN][TIME] post_0301_flushed_ms=8139.4 wall_ms=1779338340898 delivery=0901 trigger=timeout
[REPLAN][TIME] 0901_sent_ms=8142.4 wall_ms=1779338340901 options=2
[0901] option request sent (count=2, codes=2(공격특화), 3(공격배제))
[REPLAN][TIME] id_tab_update_flushed_ms=8143.9 wall_ms=1779338340902
[0201] DB 참조! (C:\Users\TRL98\Desktop\LAH_MUMT\Logs\Scenario_2026-05-21T132543\SBC3\InputMissionPlan\3.json)
[INFO] Latest 0201 ID updated → 3
[REPLAN][TIME] 0902_received_ms=0.2 wall_ms=1779338391624 trigger=general_3_option replanLevel=1 optionCount=3 forceDirect=0
[REPLAN][TIME] 0902_archived_ms=2.6 wall_ms=1779338391626 path=replan_request_832653591251.json
[AUTO] 0902 received (planIds=700000034, 700000035, 700000036)
[REPLAN][TIME] pipeline_scheduled_ms=3.9 wall_ms=1779338391627 delay_ms=100
[AUTO] replan pipeline scheduled after 0.1s delay
[REPLAN][TIME] scheduled_start_ms=107.2 wall_ms=1779338391731
[REPLAN][TIME] 0305_status_1_ms=110.0 wall_ms=1779338391734 reason=협업기저임무 재수행 요청
[0305] status=1, reason=협업기저임무 재수행 요청 전송
[INFO] Using latest 0203 ID 1 for missionReferencePackageID (fallback)
[STEP 0] Replan pipeline start (reason=협업기저임무 재수행 요청)
[INFO] UAV params loaded (cruise=40.00, turn_step=15.0)
[INFO] Latest input snapshot → 0201:ID=3,ts=832653591020,src=-, 0203:ID=1,ts=832652848760,src=-
[STEP 0] Using latest 0201 ID 3 (3.json)
[STEP 0] Using latest 0203 ID 1 (1.json)
[CHECK] 0201/0203 필수 데이터 확인 시작
[OK] 0201 inputMissionList 확인됨 (count=5) → 진행
[OK] 0201 availableAircraftList 확인됨 (count=6) → 진행
[OK] 0201 inputMissionPackageType=1 확인
[OK] 0201 mainSensor=1 확인
[CHECK] 0201 기체 수=6 (UAV=3, LAH=3)
[CHECK] 0201 임무: total=5 missingID=0 missingDetail=0 missingShape=0 unknownType=0 typeZeroAuto=0 typeZeroInvalid=0 lineOnlyViolation=0 skippedSinglePoint=0
[OK] 0203 takeOverInfoList 확인됨 (count=3) → 진행
[OK] 0203 handOverInfoList 확인됨 (count=3) → 진행
[OK] 0203 flightAreaList 확인됨 (count=1) → 진행
[CHECK] 0203 flightAreaList count=1
[INFO] 임무 진행영역 스냅샷 미적용: sourcePlan=700000033, reason=fresh collabReexecuteInputRefresh trigger
[INFO] 현재 임무 collaborative hybrid armed: inputMissionID=5, sourcePlan=700000033, mode=reexecute_first_mission, aircraft=[4, 5, 6], options=all
[INFO] Filtered completed input missions (removed=1, 2, 4, converted=-, widthAdjusted=-, skippedSinglePoint=-, snapshot=-, collapse=-)
[REPLAN][TIME] parallel_safety_gate_ms=142.1 wall_ms=1779338391766 enabled=True workers=3 waypoint_block_size=50000 reasons=-
[INFO] 현재임무 재수행 옵션 병렬 생성 활성화: variant별 hybrid 요청 격리 적용
[INFO] 일반 재계획 옵션 병렬 생성 활성화: variants=3, workers=3
[INFO] variant 1 waypointID blocks reserved: 0303=300849-350848, 0304=350849-400848
[INFO] variant 2 waypointID blocks reserved: 0303=400849-450848, 0304=450849-500848
[INFO] variant 3 waypointID blocks reserved: 0303=500849-550848, 0304=550849-600848
[FOV_DB] loaded 7010 rows, 7008 unique widths, path=C:\Users\TRL98\Desktop\LAH_MUMT\branNew\KU\DSS_KU\resource\db\fov_db_탱크_72_38_6_3.2.csv
[SWEEP][LINE] separation=227.00m, fov=11.70°, spacing=31.01m (~32 strips/1km)
[SWEEP][LINE] separation=227.00m, fov=11.70°, spacing=31.01m (~32 strips/1km)
[REPLAN][TIME] variant_started_ms=1357.8 wall_ms=1779338392981 variant=1 option=6 mode=parallel_core
[REPLAN][TIME] variant_core_finished_ms=5702.3 wall_ms=1779338397326 variant=1 option=6 mode=parallel_core status=success duration_ms=4344.449
[STEP 1.1] Divide & Pattern start
[variant 1] [ENHANCED][1] split start: uavs=[4, 5, 6]
[variant 1] [ENHANCED][1] split done: pieces=6
[variant 1] [ENHANCED][2] type-decider done: profile=6 changed=6/6
[variant 1] [ENHANCED][3] expected-path done: count=6
[variant 1] [ENHANCED][4] area-review done: overflow=0 targets=0 pieces=6->6
[variant 1] [ENHANCED][5] expected-velocity done: pieces=6 dbRows=7010
[variant 1] [ENHANCED][6] 0302 export done: files=6
[variant 1] [ENHANCED] total=1206.2 ms
[TIME] divide_and_pattern (variant=1): 1206.4 ms
[OK] IMP generated: 6 file(s) (variant=1)
[TIME] build_0301+load (variant=1): 132.3 ms
[OK] MissionPlan built: MissionPlan_1779338394188.json (variant=1)
[FOV_DB] loaded 7010 rows, 7008 unique widths, path=C:\Users\TRL98\Desktop\LAH_MUMT\branNew\KU\DSS_KU\resource\db\fov_db_탱크_72_38_6_3.2.csv
[TIME] collect_missions (variant=1): 84.9 ms, count=12
[variant 1] [REEXEC-FIRST] current-position first mission builder armed: sourcePlan=700000033, inputMissionID=5, sourceTemplateInputID=4, aircraft=[4, 5, 6], entries=A4=37.8977069,128.1604747,alt=1996.0, A5=37.8989378,128.1767784,alt=1909.0, A6=37.9035649,128.1941301,alt=1885.0
[variant 1] [REEXEC-FIRST] division planner area-division pieces=3
[variant 1] [REEXEC-FIRST] division planner final workflow=no_split paths=3
[variant 1] current remaining generic 0303 skipped: inputMissionID=5, missions=3, aircraft=[4, 5, 6], pathIDs=[400000001, 500000001, 600000001]
[INFO] FlightPath build mode (variant=1): 0303=aircraft_parallel workers=2 aircraft=3, 0304=sequential
[REPLAN][METRIC] flightpath_build_0303 variant=1 option=6 recon=0 mode=parallel_core buildMode=aircraft_parallel workers=2 aircraft=3 paths=3 reassignedWaypoints=9 elapsed_ms=224.278 fallback=- worker_ms=4:152.763|5:175.197|6:69.080
[INFO] FlightPath build time: 0303=224.3 ms, 0304=5.9 ms
[variant 1] current remaining collaborative hybrid applied: inputMissionID=5, aircraft=[4, 5, 6], removedPaths=3, workflow=reexecute_first_mission:no_split
[INFO] Applied LAH-UAV ETA follow speed plan (variant=1)
[OK] FlightPath counts (variant=1): 0303=6 / 0304=6
[REPLAN][METRIC] flightpath_counts variant=1 option=6 recon=0 mode=parallel_core paths0303=6 paths0304=6 pathsTotal=12 waypoints0303=15 waypoints0304=12 waypointsTotal=27 maxWaypointsPerPath=3 emptyPaths=0 formationPaths=0
[SWEEP][LINE] separation=227.00m, fov=11.70°, spacing=31.01m (~32 strips/1km)
[FOV_DB] loaded 7010 rows, 7008 unique widths, path=C:\Users\TRL98\Desktop\LAH_MUMT\branNew\KU\DSS_KU\resource\db\fov_db_탱크_72_38_6_3.2.csv
[SWEEP][LINE] separation=227.00m, fov=11.70°, spacing=31.01m (~32 strips/1km)
[REPLAN][TIME] variant_started_ms=1359.1 wall_ms=1779338392983 variant=3 option=5 mode=parallel_core
[REPLAN][TIME] variant_core_finished_ms=8055.0 wall_ms=1779338399678 variant=3 option=5 mode=parallel_core status=success duration_ms=6695.902
[STEP 1.3] Divide & Pattern start
[variant 3] [ENHANCED][1] split start: uavs=[4, 5, 6]
[variant 3] [ENHANCED][1] split done: pieces=6
[variant 3] [ENHANCED][2] type-decider done: profile=6 changed=6/6
[variant 3] [ENHANCED][3] expected-path done: count=6
[variant 3] [ENHANCED][4] area-review done: overflow=0 targets=0 pieces=6->6
[variant 3] [ENHANCED][5] expected-velocity done: pieces=6 dbRows=7010
[variant 3] [ENHANCED][6] 0302 export done: files=6
[variant 3] [ENHANCED] total=1287.4 ms
[TIME] divide_and_pattern (variant=3): 1287.7 ms
[OK] IMP generated: 6 file(s) (variant=3)
[TIME] build_0301+load (variant=3): 129.7 ms
[OK] MissionPlan built: MissionPlan_1779338394270.json (variant=3)
[TIME] collect_missions (variant=3): 72.6 ms, count=12
[variant 3] [REEXEC-FIRST] current-position first mission builder armed: sourcePlan=700000033, inputMissionID=5, sourceTemplateInputID=4, aircraft=[4, 5, 6], entries=A4=37.8977069,128.1604747,alt=1996.0, A5=37.8989378,128.1767784,alt=1909.0, A6=37.9035649,128.1941301,alt=1885.0
[variant 3] [REEXEC-FIRST] division planner area-division pieces=3
[variant 3] [REEXEC-FIRST] division planner final workflow=no_split paths=3
[variant 3] current remaining generic 0303 skipped: inputMissionID=5, missions=3, aircraft=[4, 5, 6], pathIDs=[400000001, 500000001, 600000001]
[INFO] FlightPath build mode (variant=3): 0303=aircraft_parallel workers=2 aircraft=3, 0304=sequential
[REPLAN][METRIC] flightpath_build_0303 variant=3 option=5 recon=0 mode=parallel_core buildMode=aircraft_parallel workers=2 aircraft=3 paths=3 reassignedWaypoints=9 elapsed_ms=427.896 fallback=- worker_ms=4:181.899|5:146.017|6:274.203
[INFO] FlightPath build time: 0303=427.9 ms, 0304=8.3 ms
[variant 3] current remaining collaborative hybrid applied: inputMissionID=5, aircraft=[4, 5, 6], removedPaths=3, workflow=reexecute_first_mission:no_split
[INFO] Applied LAH-UAV ETA follow speed plan (variant=3)
[OK] FlightPath counts (variant=3): 0303=6 / 0304=6
[REPLAN][METRIC] flightpath_counts variant=3 option=5 recon=0 mode=parallel_core paths0303=6 paths0304=6 pathsTotal=12 waypoints0303=15 waypoints0304=12 waypointsTotal=27 maxWaypointsPerPath=3 emptyPaths=0 formationPaths=0
[SWEEP][LINE] separation=1000.00m, fov=2.40°, spacing=27.93m (~36 strips/1km)
[SWEEP][LINE] separation=1000.00m, fov=2.40°, spacing=27.93m (~36 strips/1km)
[REPLAN][TIME] variant_started_ms=1358.8 wall_ms=1779338392982 variant=2 option=4 mode=parallel_core
[REPLAN][TIME] variant_core_finished_ms=11203.6 wall_ms=1779338402827 variant=2 option=4 mode=parallel_core status=success duration_ms=9844.782
[STEP 1.2] Divide & Pattern start
[variant 2] [ENHANCED][1] split start: uavs=[4, 5, 6]
[variant 2] [ENHANCED][1] split done: pieces=6
[variant 2] [REPLAN][METRIC] recon_area_review_before option=4 pieces=6 areaPieces=3 maxSegmentM=600.000 maxSplitCountLimit=0 minSegmentM=0.000 fixedFovDeg=2.400 areaFovDeg=2.400 sweepSeparationM=1000.000 sweepSeparationScale=1.000 turnRadiusM=800.000
[variant 2] [REPLAN][METRIC] recon_area_review option=4 elapsed_ms=736.794 maxSegmentM=600.000 maxSplitCountLimit=0 minSegmentM=0.000 pieces_before=6 pieces_after=16 area_before=3 area_after=13 targets=3 localized=3 changed_details=3 detail_count=3 split_count_sum=13 raw_split_count_sum=13 max_split_count=5 max_raw_split_count=5 split_capped_count=0 max_projected_span_m=2497.311 max_total_len_m=0.000 max_segment_len_m=538.930 fixedFovDeg=2.400 areaFovDeg=2.400 sweepSeparationM=1000.000 sweepSeparationScale=1.000 turnRadiusM=800.000 reasons=-
[variant 2] [ENHANCED][1R] recon-area-review done: targets=3 localized=3 pieces=6->16
[variant 2] [ENHANCED][2] type-decider done: profile=6 changed=16/16
[variant 2] [ENHANCED][3] expected-path done: count=16
[variant 2] [ENHANCED][4] area-review done: overflow=0 targets=0 pieces=16->16
[variant 2] [ENHANCED][5] expected-velocity done: pieces=16 dbRows=7010
[variant 2] [ENHANCED][6] 0302 export done: files=6
[variant 2] [ENHANCED] total=1557.3 ms
[TIME] divide_and_pattern (variant=2): 1557.6 ms
[OK] IMP generated: 6 file(s) (variant=2)
[TIME] build_0301+load (variant=2): 16.9 ms
[OK] MissionPlan built: MissionPlan_1779338394540.json (variant=2)
[TIME] collect_missions (variant=2): 12.8 ms, count=22
[variant 2] [REEXEC-FIRST] current-position first mission builder armed: sourcePlan=700000033, inputMissionID=5, sourceTemplateInputID=4, aircraft=[4, 5, 6], entries=A4=37.8977069,128.1604747,alt=1996.0, A5=37.8989378,128.1767784,alt=1909.0, A6=37.9035649,128.1941301,alt=1885.0
[variant 2] [REEXEC-FIRST] division planner area-division pieces=3
[variant 2] [REEXEC-FIRST] division planner final workflow=no_split paths=3
[variant 2] current remaining generic 0303 skipped: inputMissionID=5, missions=13, aircraft=[4, 5, 6], pathIDs=[400000001, 400000002, 400000003, 400000004, 500000001, 500000002, 500000003, 500000004, 600000001, 600000002, 600000003, 600000004, 600000005]
[INFO] FlightPath build mode (variant=2): 0303=aircraft_parallel workers=2 aircraft=3, 0304=sequential
[REPLAN][METRIC] flightpath_build_0303 variant=2 option=4 recon=1 mode=parallel_core buildMode=aircraft_parallel workers=2 aircraft=3 paths=3 reassignedWaypoints=9 elapsed_ms=220.723 fallback=- worker_ms=4:155.609|5:127.671|6:89.386
[INFO] FlightPath build time: 0303=220.7 ms, 0304=5.2 ms
[variant 2] current remaining collaborative hybrid applied: inputMissionID=5, aircraft=[4, 5, 6], removedPaths=13, workflow=reexecute_first_mission:no_split
[INFO] Applied LAH-UAV ETA follow speed plan (variant=2)
[OK] FlightPath counts (variant=2): 0303=6 / 0304=6
[REPLAN][METRIC] flightpath_counts variant=2 option=4 recon=1 mode=parallel_core paths0303=6 paths0304=6 pathsTotal=12 waypoints0303=15 waypoints0304=12 waypointsTotal=27 maxWaypointsPerPath=3 emptyPaths=0 formationPaths=0
[TIME] pathID_mapping (variant=1, current_remaining_parallel_store): 96.3 ms
[INFO] pathID mapping done after current remaining hybrid merge (variant=1, parallel_store)
[INFO] FlightPath pathID enforced (variant=1): 0303=6, 0304=6
[TIME] build_0302 (variant=1): 46.7 ms, packages=6
[INFO] FlightPath individualMissionID synced (variant=1): fixed=12
[TIME] write_0302 (variant=1): 7.4 ms, files=6
[TIME] write_FlightPath (variant=1): 56.9 ms, files=12
[REPLAN][METRIC] flightpath_write variant=1 option=6 recon=0 mode=parallel_store files0303=6 files0304=6 filesTotal=12 write_ms=56.859
[TIME] write_0301 (variant=1): 1.1 ms
[OK] Stored variant 1: MissionPlanID=700000034, IMP=6, FlightPath=12
[REPLAN][TIME] variant_finished_ms=11451.5 wall_ms=1779338403075 variant=1 option=6 mode=parallel_store status=success duration_ms=4587.662
[TIME] variant_total (variant=1): 4587.7 ms
[INFO] Option mapping #1: planID=700000034, optionCode=6(정찰/시간 균형)
[TIME] pathID_mapping (variant=2, current_remaining_parallel_store): 89.0 ms
[INFO] pathID mapping done after current remaining hybrid merge (variant=2, parallel_store)
[INFO] FlightPath pathID enforced (variant=2): 0303=6, 0304=6
[TIME] build_0302 (variant=2): 46.9 ms, packages=6
[INFO] FlightPath individualMissionID synced (variant=2): fixed=12
[TIME] write_0302 (variant=2): 8.6 ms, files=6
[TIME] write_FlightPath (variant=2): 61.8 ms, files=12
[REPLAN][METRIC] flightpath_write variant=2 option=4 recon=1 mode=parallel_store files0303=6 files0304=6 filesTotal=12 write_ms=61.769
[TIME] write_0301 (variant=2): 1.3 ms
[OK] Stored variant 2: MissionPlanID=700000035, IMP=6, FlightPath=12
[REPLAN][TIME] variant_finished_ms=11698.1 wall_ms=1779338403321 variant=2 option=4 mode=parallel_store status=success duration_ms=10087.694
[TIME] variant_total (variant=2): 10087.7 ms
[INFO] Option mapping #2: planID=700000035, optionCode=4(정찰특화)
[TIME] pathID_mapping (variant=3, current_remaining_parallel_store): 103.8 ms
[INFO] pathID mapping done after current remaining hybrid merge (variant=3, parallel_store)
[INFO] FlightPath pathID enforced (variant=3): 0303=6, 0304=6
[TIME] build_0302 (variant=3): 47.5 ms, packages=6
[INFO] FlightPath individualMissionID synced (variant=3): fixed=12
[TIME] write_0302 (variant=3): 7.2 ms, files=6
[TIME] write_FlightPath (variant=3): 53.8 ms, files=12
[REPLAN][METRIC] flightpath_write variant=3 option=5 recon=0 mode=parallel_store files0303=6 files0304=6 filesTotal=12 write_ms=53.818
[TIME] write_0301 (variant=3): 1.4 ms
[OK] Stored variant 3: MissionPlanID=700000036, IMP=6, FlightPath=12
[REPLAN][TIME] variant_finished_ms=11956.0 wall_ms=1779338403579 variant=3 option=5 mode=parallel_store status=success duration_ms=6950.064
[TIME] variant_total (variant=3): 6950.1 ms
[INFO] Option mapping #3: planID=700000036, optionCode=5(최소시간)
[OK] Stored mission data: MissionPlan=3, IndividualMission=18, FlightPath=36
[REPLAN][TIME] id_tab_update_deferred_ms=11959.8 wall_ms=1779338403583
[REPLAN][TIME] pipeline_done_ms=11960.0 wall_ms=1779338403583 plans=3 force_direct=False
[REPLAN][TIME] 0301_queued_ms=11960.0 wall_ms=1779338403583 plans=3
[STEP 4] 0301 push queued (planIds=700000034, 700000035, 700000036)
[0301] missionPlanID=700000034 전송
[0301] missionPlanID=700000035 전송
[0301] missionPlanID=700000036 전송
[PUSH] 0301 direct batch send
[REPLAN][TIME] 0301_sent_ms=11973.9 wall_ms=1779338403597 plans=3
[REPLAN][TIME] post_0301_delivery_queued_ms=11974.6 wall_ms=1779338403598 grace_ms=0 timeout_ms=20 force_direct=0 mode=option_or_0901
[INFO] Post-0301 apply queued (mode=option_or_0901, grace=0ms, timeout=20ms, plans=3)
[REPLAN][TIME] 0305_status_2_ms=11977.9 wall_ms=1779338403601 reason=협업기저임무 재수행 요청
[0305] status=2, reason=협업기저임무 재수행 요청, elapsed=11.87s 전송
[REPLAN][TIME] post_0301_completion_ready_ms=11979.2 wall_ms=1779338403603 mode=option_or_0901
[REPLAN][METRIC] source_artifact_cache entries=34 hits=28 misses=34
[INFO] Post-0301 ready (timeout) -> sending 0901
[REPLAN][TIME] post_0301_flushed_ms=12003.7 wall_ms=1779338403627 delivery=0901 trigger=timeout
[REPLAN][TIME] 0901_sent_ms=12007.5 wall_ms=1779338403631 options=3
[0901] option request sent (count=3, codes=6(정찰/시간 균형), 4(정찰특화), 5(최소시간))
[REPLAN][TIME] id_tab_update_flushed_ms=12009.1 wall_ms=1779338403633
[REPLAN][TIME] 0902_received_ms=0.3 wall_ms=1779338440112 trigger=attack_2_option replanLevel=2 optionCount=2 forceDirect=0
[REPLAN][TIME] 0902_archived_ms=1.7 wall_ms=1779338440114 path=replan_request_832653638759.json
[AUTO] 0902 received (planIds=700000037, 700000038)
[REPLAN][TIME] pipeline_scheduled_ms=3.3 wall_ms=1779338440115 delay_ms=0
[REPLAN][TIME] scheduled_start_ms=4.4 wall_ms=1779338440116
[REPLAN][TIME] 0305_status_1_ms=7.0 wall_ms=1779338440119 reason=표적91 발견 재계획
[0305] status=1, reason=표적91 발견 재계획 전송
[INFO] Using latest 0203 ID 1 for missionReferencePackageID (fallback)
[STEP 0] Replan pipeline start (reason=표적91 발견 재계획)
[REPLAN][TIME] attack_exclusion_parallel_started_ms=13.2 wall_ms=1779338440125 option_index=2 sourcePlanID=700000034
[ATTACK-EXCLUDE] parallel generation started (sourcePlanID=700000034, optionIndex=2)
[ATTACK] 공격 특화 재계획 요청 감지 → 전용 파이프라인 실행
[ATTACK] [TIME] select_manned_aircraft=11ms
[ATTACK] STEP1 Selected manned aircraft: aircraft 2 (fuel=1200.0, coord=(37.85672378540039, 128.23350524902344, alt=1199))
[ATTACK] [TIME] load_target_entries=6ms
[ATTACK] STEP2 UAV tracking summary: watcher 5?’target 91, watcher 4?’target unknown-10, watcher 4?’target unknown-13, watcher 4?’target unknown-17, watcher 4?’target unknown-2, watcher 4?’target unknown-22, watcher 4?’target unknown-27, watcher 4?’target unknown-31, watcher 5?’target unknown-12, watcher 5?’target unknown-15, watcher 5?’target unknown-16, watcher 5?’target unknown-18, watcher 5?’target unknown-19, watcher 5?’target unknown-20, watcher 5?’target unknown-28, watcher 5?’target unknown-3, watcher 5?’target unknown-32, watcher 5?’target unknown-4, watcher 5?’target unknown-6, watcher 5?’target unknown-7, watcher 5?’target unknown-8, watcher 5?’target unknown-9, watcher 6?’target unknown-1, watcher 6?’target unknown-11, watcher 6?’target unknown-21, watcher 6?’target unknown-23, watcher 6?’target unknown-25, watcher 6?’target unknown-29, watcher 6?’target unknown-30, watcher 6?’target unknown-5, watcher 4?’target 77, watcher 6?’target 78, watcher 5?’target 79, watcher 5?’target 80, watcher 4?’target 81, watcher 5?’target 82, watcher 5?’target 83, watcher 5?’target 84, watcher 4?’target 85, watcher 4?’target 86, watcher 5?’target 87, watcher 6?’target 88, watcher 5?’target 89, watcher 6?’target 90
[ATTACK] STEP2.5 Using bundled 0402 targets: target=91 watcher=5
[ATTACK] [ATTACK] Selected target id=91 type=4 weaponType=3 (preferred=3, ammo={'type1': 500, 'type2': 7, 'type3': 2})
[ATTACK] [TIME] compute_attack_point=11ms
[ATTACK] STEP3 Attack plan completed: lat=37.894022, lon=128.202474, alt=983m
[ATTACK] [ATTACK] Using remembered waypoint 600856 for watcher 5 while auto-tracking.
[ATTACK] [ATTACK] Weapon choice aircraft=2 preferred=3 selected=3 ammo={'type1': 500, 'type2': 7, 'type3': 2}
[ATTACK] [ATTACK][ETA] Tracking ETA computed with LAH max attack speed (dist=4961.8m, speed=73.61m/s, +30s) -> 97s
[ATTACK] [ATTACK] Using requested missionPlanID 700000037 (sourcePlanID=700000034)
[ATTACK] [ATTACK][POINT] Primary target adaptive standoff mode=candidate_within_standoff currentDist=6961.751961597453m candidateDist=1999.9999999991023m standoff=300.0/2000.0m.
[ATTACK] [ATTACK][ETA] UAV 4 remaining mission time: 0.0s
[ATTACK] [ATTACK][ETA] UAV 6 remaining mission time: 54.0s
[ATTACK] [ATTACK][ETA] Non-tracking UAV ETA selected: UAV 6 with 54s remaining
[ATTACK] [ATTACK][ETA] All tracking ETAs unified to 54s
[ATTACK] [ATTACK][COLLAB] Remaining UAV entry lookahead applied: 9.0s (pathFollow=3, linearFallback=3, currentOnly=0)
[ATTACK] [PRIOR] Falling back to first mission for aircraft 2 (current waypoint not found in plan).
[FOV_DB] loaded 7010 rows, 7008 unique widths, path=C:\Users\TRL98\Desktop\LAH_MUMT\branNew\KU\DSS_KU\resource\db\fov_db_탱크_72_38_6_3.2.csv
[ATTACK] [ATTACK][LAH] Using max attack speed 73.61m/s (265.0km/h) for aircraft 2.
[ATTACK] [ATTACK][LAH] Inferred current waypoint from position -> 350853.
[ATTACK] [ATTACK][LAH] Dropped current waypoint from resume path (currentWP=350853, nextWP=350854).
[ATTACK] [ATTACK][LAH] Preserved completed prefix, inserted attack, and reattached 1 follow-up mission(s).
[ATTACK] [ATTACK][LAH] Generated attack/resume missions -> IMP:800000167.json PATHS:200000064.json/200000065.json (followUps=1)
[ATTACK] [PRIOR] Falling back to first mission for aircraft 1 (current waypoint not found in plan).
[ATTACK] [ATTACK][LAH] Inferred current waypoint from position -> 350849.
[ATTACK] [ATTACK][LAH] Dropped current waypoint from resume path (currentWP=350849, nextWP=350850).
[ATTACK] [ATTACK][LAH] Preserved completed prefix, inserted hold, and reattached 1 follow-up mission(s).
[ATTACK] [ATTACK][LAH] Generated hold/resume missions -> IMP:800000169.json PATHS:100000063.json/100000064.json (followUps=1)
[ATTACK] [PRIOR] Falling back to first mission for aircraft 3 (current waypoint not found in plan).
[ATTACK] [ATTACK][LAH] Inferred current waypoint from position -> 350857.
[ATTACK] [ATTACK][LAH] Dropped current waypoint from resume path (currentWP=350857, nextWP=350858).
[ATTACK] [ATTACK][LAH] Preserved completed prefix, inserted hold, and reattached 1 follow-up mission(s).
[ATTACK] [ATTACK][LAH] Generated hold/resume missions -> IMP:800000173.json PATHS:300000064.json/300000065.json (followUps=1)
[ATTACK] [NEXTCOLLAB] division planner area-division pieces=2
[ATTACK] [NEXTCOLLAB] division planner final workflow=no_split paths=2
[ATTACK] [ATTACK][COLLAB] Collaborative replacement IMP written (aircraft=4, imp=800000171.json, missions=1).
[ATTACK] [ATTACK][COLLAB] Collaborative replacement IMP written (aircraft=6, imp=800000172.json, missions=1).
[ATTACK] [ATTACK][COLLAB] First sweep searchSpeed boosted (aircraft=4, pathID=400000099, waypointID=600899, factor=1.30, old=833.07, new=1082.99).
[ATTACK] [ATTACK][COLLAB] First sweep searchSpeed boosted (aircraft=6, pathID=600000089, waypointID=600915, factor=1.30, old=2181.54, new=2836.00).
[ATTACK] [ATTACK][COLLAB] Collaborative remaining mission replanned (inputMissionID=5, unavailable=[5], remaining=[4, 6], workflow=no_split).
[ATTACK] [ATTACK][UAV] Tracking target altitude kept for sensor only; flight altitude replaced 683m -> 1946m.
[ATTACK] [ATTACK][UAV] Resume trimmed by currentWP (lastRemovedWP=600855).
[ATTACK] [ATTACK][UAV] Added replan anchor waypoint to done path (anchorWP=600933).
[ATTACK] [ATTACK][UAV] Resume sweep trim applied (cutPoints=37, rawCutPoints=37, doneSweepPoints=0, pathID=500000102).
[ATTACK] [ATTACK][UAV] Resume searchSpeed scaled (factor=1.30, waypoints=1).
[ATTACK] [ATTACK][COLLAB] Tracking UAV resume replaced with release transit (aircraft=5, targetFinishEta=83, speed=58.0m/s).
[ATTACK] [ATTACK][UAV] Preserved completed prefix, inserted tracking, and reattached 1 follow-up mission(s).
[ATTACK] [ATTACK][UAV] Generated tracking/resume missions -> IMP:800000174.json PATHS:500000112.json/500000113.json (followUps=1)
[ATTACK] [ATTACK][UAV] Tracking assignment state saved (aircraft=5, sourcePlan=700000034, attackPlan=700000037).
[ATTACK] [ATTACK][COLLAB] Aircraft 4 handled by collaborative remaining replan (inputMissionID=5).
[ATTACK] [ATTACK][COLLAB] Aircraft 6 handled by collaborative remaining replan (inputMissionID=5).
[ATTACK] [ATTACK][PLAN] carried area remaining snapshot -> mission_area_snapshot_700000037.json (sourcePlanID=700000034, planID=700000037)
[ATTACK] [ATTACK][PLAN] MissionPlan saved -> 700000037.json (planID=700000037)
[ATTACK] [ATTACK][TIME] override_detail={"phases": {"metadata_normalize": {"elapsedMs": 0.008, "attackTargetCount": 1, "selectedMannedCount": 1}, "agent_index": {"elapsedMs": 0.087, "aircraftCount": 6}, "weapon_choice": {"elapsedMs": 5.48, "selectedWeaponType": 3, "ammoAvailable": true}, "initial_tracking_eta": {"elapsedMs": 0.71, "useDetectionTracking": true, "trackingEtaS": 97}, "resolve_source_plan": {"elapsedMs": 3.65, "sourcePlanID": 700000034}, "source_plan_load": {"elapsedMs": 0.717, "sourcePlanID": 700000034, "aircraftCount": 6}, "sweep_progress_load": {"elapsedMs": 1.193, "entries": 66}, "plan_id_resolve": {"elapsedMs": 0.034, "requested": true, "missionPlanID": 700000037}, "source_artifact_cache_build": {"elapsedMs": 0.025, "aircraftEntries": 6}, "done_input_ids_load": {"elapsedMs": 1.826, "count": 3}, "plan_deepcopy": {"elapsedMs": 0.095}, "target_uav_assignment": {"elapsedMs": 0.773, "assignedTargetCount": 1, "usedTrackingUavCount": 1}, "manned_sequence_assignment": {"elapsedMs": 4.927, "aircraftCount": 1, "error": null}, "attack_coordinate_resolution": {"elapsedMs": 3.907, "resolvedCount": 1, "mannedSequenceCount": 1}, "remaining_eta": {"elapsedMs": 12.324, "allUavCount": 3, "trackingUavCount": 1, "computedEtaCount": 1, "adjustedEtaS": 54}, "descriptor_list_build": {"elapsedMs": 0.046, "descriptorCount": 6, "activeMannedCount": 1, "otherLahCount": 2, "otherUavCount": 2}, "collab_tracking_scan": {"elapsedMs": 2.891, "inputCount": 1, "unavailableUavCount": 1}, "collab_agent_state_map": {"elapsedMs": 9.714, "aircraftCount": 6}, "collab_parallel_started": {"elapsedMs": 0.709, "inputCount": 1, "workers": 1}, "collab_parallel_join": {"elapsedMs": 5.127, "waitReason": "UAV_TRACK", "inputCount": 1}, "descriptor_loop": {"elapsedMs": 10999.657, "descriptorCount": 6, "updateCount": 4}, "final_collab_plan_update": {"elapsedMs": 0.014, "collabInputCount": 1}, "mission_plan_write": {"elapsedMs": 15.746, "missionPlanID": 700000037}, "option_meta_build": {"elapsedMs": 0.07, "targetCount": 1, "collabInputCount": 1}}, "collabRuns": [{"inputMissionID": 5, "unavailableAircraftIDs": [5], "elapsedMs": 6953.582, "status": "ok", "replacementAircraftIDs": [4, 6], "generatedPathCount": 2, "finishEtaS": 83, "workflow": "no_split"}], "descriptorDetails": [{"aircraftID": 2, "label": "manned", "mode": "LAH_ATTACK", "resolveArtifacts": {"elapsedMs": 1.19, "currentWaypointID": null, "sourcePathID": 200000058, "sourceImpID": 800000149}, "loadArtifacts": {"elapsedMs": 0.009, "impLoaded": true, "fpLoaded": true}, "cloneAndLocateMission": {"elapsedMs": 0.138, "missionCount": 2, "targetIndex": 0}, "allocateAndPlanUpdate": {"elapsedMs": 34.763, "newImpID": 800000167}, "builder": {"elapsedMs": 4816.718, "builderMode": "LAH_ATTACK"}, "builderDetail": {"allocate_ids": {"elapsedMs": 2122.868, "attackPathID": 200000064, "resumePathID": 200000065, "attackIndividualID": 900000416, "resumeIndividualID": 900000417, "entryWaypointID": 600891, "attackWaypointID": 600893}, "split_lah_resume": {"elapsedMs": 1369.922, "resumeWaypointCount": 1, "removedWaypointID": 350853}, "clone_followups": {"elapsedMs": 794.538, "followUpMissionCount": 1, "followUpPathCount": 1}, "payload_build": {"elapsedMs": 517.725, "hasResume": true, "followUpMissionCount": 1, "attackSpeedMps": 73.61}, "write_json": {"elapsedMs": 4.816, "fileCount": 4}, "totalMs": 4813.954}, "status": "ok", "elapsedMs": 4852.973}, {"aircraftID": 1, "label": "lah_hold_1", "mode": "LAH_HOLD_RESUME", "resolveArtifacts": {"elapsedMs": 0.836, "currentWaypointID": null, "sourcePathID": 100000057, "sourceImpID": 800000148}, "loadArtifacts": {"elapsedMs": 0.006, "impLoaded": true, "fpLoaded": true}, "cloneAndLocateMission": {"elapsedMs": 0.09, "missionCount": 2, "targetIndex": 0}, "allocateAndPlanUpdate": {"elapsedMs": 573.062, "newImpID": 800000169}, "builder": {"elapsedMs": 2319.668, "builderMode": "LAH_HOLD_RESUME"}, "builderDetail": {"allocate_ids": {"elapsedMs": 375.06, "holdPathID": 100000063, "resumePathID": 100000064, "holdIndividualID": 900000423, "resumeIndividualID": 900000424}, "split_lah_resume": {"elapsedMs": 1094.542, "resumeWaypointCount": 1, "removedWaypointID": 350849}, "clone_followups": {"elapsedMs": 342.043, "followUpMissionCount": 1, "followUpPathCount": 1}, "payload_build": {"elapsedMs": 841.09, "hasResume": true, "followUpMissionCount": 1}, "write_json": {"elapsedMs": 4.321, "fileCount": 4}, "totalMs": 2319.618}, "status": "ok", "elapsedMs": 2893.808}, {"aircraftID": 3, "label": "lah_hold_3", "mode": "LAH_HOLD_RESUME", "resolveArtifacts": {"elapsedMs": 0.86, "currentWaypointID": null, "sourcePathID": 300000058, "sourceImpID": 800000150}, "loadArtifacts": {"elapsedMs": 0.007, "impLoaded": true, "fpLoaded": true}, "cloneAndLocateMission": {"elapsedMs": 0.145, "missionCount": 2, "targetIndex": 0}, "allocateAndPlanUpdate": {"elapsedMs": 265.098, "newImpID": 800000173}, "builder": {"elapsedMs": 1336.577, "builderMode": "LAH_HOLD_RESUME"}, "builderDetail": {"allocate_ids": {"elapsedMs": 27.848, "holdPathID": 300000064, "resumePathID": 300000065, "holdIndividualID": 900000428, "resumeIndividualID": 900000429}, "split_lah_resume": {"elapsedMs": 776.037, "resumeWaypointCount": 1, "removedWaypointID": 350857}, "clone_followups": {"elapsedMs": 261.84, "followUpMissionCount": 1, "followUpPathCount": 1}, "payload_build": {"elapsedMs": 523.518, "hasResume": true, "followUpMissionCount": 1}, "write_json": {"elapsedMs": 4.74, "fileCount": 4}, "totalMs": 1336.514}, "status": "ok", "elapsedMs": 1602.88}, {"aircraftID": 5, "label": "uav_tracking_5", "mode": "UAV_TRACK", "resolveArtifacts": {"elapsedMs": 0.029, "currentWaypointID": 600856, "sourcePathID": 500000102, "sourceImpID": 800000152}, "loadArtifacts": {"elapsedMs": 0.004, "impLoaded": true, "fpLoaded": true}, "cloneAndLocateMission": {"elapsedMs": 0.13, "missionCount": 2, "targetIndex": 0}, "allocateAndPlanUpdate": {"elapsedMs": 7.399, "newImpID": 800000174}, "builder": {"elapsedMs": 1624.84, "builderMode": "UAV_TRACK"}, "builderDetail": {"allocate_ids": {"elapsedMs": 267.825, "donePathID": 500000111, "attackPathID": 500000112, "resumePathID": 500000113, "trackingIndividualID": 900000431, "resumeIndividualID": 900000432, "targetWaypointID": 600932}, "split_done_resume": {"elapsedMs": 772.0, "sourceSinglePoint": false, "doneWaypointCount": 2, "resumeWaypointCount": 1, "removedWaypointID": 600855}, "clone_followups": {"elapsedMs": 277.099, "followUpMissionCount": 1, "followUpPathCount": 1}, "release_resume": {"elapsedMs": 248.818, "releaseWaypointCount": 2, "targetFinishEtaS": 83}, "write_json": {"elapsedMs": 49.568, "fileCount": 5}, "totalMs": 1621.69}, "trackingState": {"elapsedMs": 9.151}, "status": "ok", "elapsedMs": 1642.366}, {"aircraftID": 4, "label": "uav_resume_4", "mode": "UAV_RESUME", "resolveArtifacts": {"elapsedMs": 0.03, "currentWaypointID": 600852, "sourcePathID": 400000090, "sourceImpID": 800000151}, "loadArtifacts": {"elapsedMs": 0.005, "impLoaded": true, "fpLoaded": true}, "cloneAndLocateMission": {"elapsedMs": 0.188, "missionCount": 2, "targetIndex": 0}, "status": "handled_by_collab", "elapsedMs": 0.948}, {"aircraftID": 6, "label": "uav_resume_6", "mode": "UAV_RESUME", "resolveArtifacts": {"elapsedMs": 0.019, "currentWaypointID": 600859, "sourcePathID": 600000083, "sourceImpID": 800000153}, "loadArtifacts": {"elapsedMs": 0.003, "impLoaded": true, "fpLoaded": true}, "cloneAndLocateMission": {"elapsedMs": 0.182, "missionCount": 2, "targetIndex": 0}, "status": "handled_by_collab", "elapsedMs": 0.873}], "totalMs": 11057}
[ATTACK] [ATTACK][TIME] override_total=11057ms
[ATTACK] [TIME] apply_attack_plan_overrides=11071ms
[ATTACK] [TIME] timingMs={"read_source": 20.036, "descriptor_build": 5.541, "write_artifacts": 11085.961, "delivery_wait": 7.824}
[ATTACK] [TIME] total=11120ms
[ATTACK] 분석 로그 저장: C:\Users\TRL98\Desktop\LAH_MUMT\Logs\Scenario_2026-05-21T132543\SBC3\DSS_Internal\log_attack_algorithm_20260521T044051_247087.json
[ATTACK] mark target used: targetIDs=91
[ATTACK-EXCLUDE] ATTACK-EXCLUDE using requested missionPlanID 700000038 (sourcePlanID=700000034)
[ATTACK-EXCLUDE] [PRIOR][UAV] Resume trimmed by currentWP (lastRemovedWP=600851).
[ATTACK-EXCLUDE] [PRIOR][UAV] Added replan anchor waypoint to done path (anchorWP=600888).
[ATTACK-EXCLUDE] [PRIOR][UAV] Resume sweep trim applied (cutPoints=51, rawCutPoints=51, doneSweepPoints=0, pathID=400000090).
[ATTACK-EXCLUDE] [PRIOR][UAV] Resume searchSpeed scaled (factor=1.30, waypoints=1).
[ATTACK-EXCLUDE] [PRIOR][UAV] Generated done/resume mission -> aircraft=4 IMP:800000166.json PATHS:400000096.json/400000097.json
[ATTACK-EXCLUDE] [PRIOR][UAV] Resume trimmed by currentWP (lastRemovedWP=600855).
[ATTACK-EXCLUDE] [PRIOR][UAV] Added replan anchor waypoint to done path (anchorWP=600906).
[ATTACK-EXCLUDE] [PRIOR][UAV] Resume sweep trim applied (cutPoints=37, rawCutPoints=37, doneSweepPoints=0, pathID=500000102).
[ATTACK-EXCLUDE] [PRIOR][UAV] Resume searchSpeed scaled (factor=1.30, waypoints=1).
[ATTACK-EXCLUDE] [PRIOR][UAV] Generated done/resume mission -> aircraft=5 IMP:800000168.json PATHS:500000108.json/500000109.json
[ATTACK-EXCLUDE] [PRIOR][UAV] Resume sweep trim applied (cutPoints=12, rawCutPoints=12, doneSweepPoints=0, pathID=600000083).
[ATTACK-EXCLUDE] [PRIOR][UAV] Resume searchSpeed scaled (factor=1.30, waypoints=1).
[ATTACK-EXCLUDE] [PRIOR][UAV] Generated done/resume mission -> aircraft=6 IMP:800000170.json PATHS:600000091.json
[ATTACK-EXCLUDE] 공격 배제 MissionPlan 저장 -> 700000038.json (planID=700000038)
[ATTACK-EXCLUDE] ATTACK-EXCLUDE carried area remaining snapshot -> mission_area_snapshot_700000038.json (sourcePlanID=700000034, planID=700000038)
[ATTACK] 공격 임무 계획 완료 (planIds=700000037)
[INFO] UAV params loaded (cruise=40.00, turn_step=15.0)
[INFO] Latest input snapshot → 0201:ID=3,ts=832653591020,src=-, 0203:ID=1,ts=832652848760,src=-
[STEP 0] Using latest 0201 ID 3 (3.json)
[STEP 0] Using latest 0203 ID 1 (1.json)
[CHECK] 0201/0203 필수 데이터 확인 시작
[OK] 0201 inputMissionList 확인됨 (count=5) → 진행
[OK] 0201 availableAircraftList 확인됨 (count=6) → 진행
[OK] 0201 inputMissionPackageType=1 확인
[OK] 0201 mainSensor=1 확인
[CHECK] 0201 기체 수=6 (UAV=3, LAH=3)
[CHECK] 0201 임무: total=5 missingID=0 missingDetail=0 missingShape=0 unknownType=0 typeZeroAuto=0 typeZeroInvalid=0 lineOnlyViolation=0 skippedSinglePoint=0
[OK] 0203 takeOverInfoList 확인됨 (count=3) → 진행
[OK] 0203 handOverInfoList 확인됨 (count=3) → 진행
[OK] 0203 flightAreaList 확인됨 (count=1) → 진행
[CHECK] 0203 flightAreaList count=1
[INFO] 임무 진행영역 스냅샷 적용: sourcePlan=700000034, updated=2, done=0
[INFO] 임무 진행영역 재계획 collapse 적용: groups=2, normalized=3, 5
[INFO] Filtered completed input missions (removed=1, 2, 4, converted=-, widthAdjusted=-, skippedSinglePoint=-, snapshot=updated=2, done=0, collapse=groups=2, normalized=3,5)
[REPLAN][TIME] variant_started_ms=11172.1 wall_ms=1779338451284 variant=1 option=3 mode=attack_exclusion
[variant 1] 공격 배제 병렬 결과 병합
[REPLAN][TIME] attack_exclusion_parallel_joined_ms=11182.3 wall_ms=1779338451294 variant=1 duration_ms=8152.11 wait_ms=0.01
[OK] 공격 배제 variant 저장: MissionPlanID=700000038 (elapsed=8152.1 ms)
[INFO] Option mapping #1: planID=700000038, optionCode=3(공격배제)
[REPLAN][TIME] variant_finished_ms=11182.5 wall_ms=1779338451294 variant=1 option=3 mode=attack_exclusion status=success duration_ms=8152.11
[OK] Stored mission data: MissionPlan=1, IndividualMission=0, FlightPath=0
[REPLAN][TIME] id_tab_update_deferred_ms=11183.7 wall_ms=1779338451296
[REPLAN][TIME] pipeline_done_ms=11183.7 wall_ms=1779338451296 plans=2 force_direct=False
[REPLAN][TIME] 0301_queued_ms=11183.8 wall_ms=1779338451296 plans=2
[STEP 4] 0301 push queued (planIds=700000037, 700000038)
[0301] missionPlanID=700000037 전송
[0301] missionPlanID=700000038 전송
[PUSH] 0301 direct batch send
[REPLAN][TIME] 0301_sent_ms=11703.8 wall_ms=1779338451816 plans=2
[REPLAN][TIME] post_0301_delivery_queued_ms=11704.6 wall_ms=1779338451817 grace_ms=0 timeout_ms=20 force_direct=0 mode=option_or_0901
[INFO] Post-0301 apply queued (mode=option_or_0901, grace=0ms, timeout=20ms, plans=2)
[REPLAN][TIME] 0305_status_2_ms=11707.8 wall_ms=1779338451820 reason=표적91 발견 재계획
[0305] status=2, reason=표적91 발견 재계획, elapsed=11.70s 전송
[REPLAN][TIME] post_0301_completion_ready_ms=11709.2 wall_ms=1779338451821 mode=option_or_0901
[REPLAN][METRIC] source_artifact_cache entries=21 hits=39 misses=21
[INFO] Post-0301 ready (timeout) -> sending 0901
[REPLAN][TIME] post_0301_flushed_ms=11729.2 wall_ms=1779338451841 delivery=0901 trigger=timeout
[REPLAN][TIME] 0901_sent_ms=11731.9 wall_ms=1779338451844 options=2
[0901] option request sent (count=2, codes=2(공격특화), 3(공격배제))
[REPLAN][TIME] id_tab_update_flushed_ms=11733.3 wall_ms=1779338451845
[REPLAN][TIME] 0902_received_ms=0.2 wall_ms=1779338471109 trigger=attack_2_option replanLevel=2 optionCount=2 forceDirect=0
[REPLAN][TIME] 0902_archived_ms=1.2 wall_ms=1779338471110 path=replan_request_832653669762.json
[AUTO] 0902 received (planIds=700000039, 700000040)
[REPLAN][TIME] pipeline_scheduled_ms=2.4 wall_ms=1779338471112 delay_ms=0
[REPLAN][TIME] scheduled_start_ms=3.5 wall_ms=1779338471113
[REPLAN][TIME] 0305_status_1_ms=5.6 wall_ms=1779338471115 reason=표적92 발견 재계획
[0305] status=1, reason=표적92 발견 재계획 전송
[INFO] Using latest 0203 ID 1 for missionReferencePackageID (fallback)
[STEP 0] Replan pipeline start (reason=표적92 발견 재계획)
[REPLAN][TIME] attack_exclusion_parallel_started_ms=13.3 wall_ms=1779338471122 option_index=2 sourcePlanID=700000038
[ATTACK-EXCLUDE] parallel generation started (sourcePlanID=700000038, optionIndex=2)
[ATTACK] 공격 특화 재계획 요청 감지 → 전용 파이프라인 실행
[ATTACK] [TIME] select_manned_aircraft=9ms
[ATTACK] STEP1 Selected manned aircraft: aircraft 3 (fuel=1200.0, coord=(37.8477783203125, 128.23300170898438, alt=1199))
[ATTACK] [TIME] load_target_entries=1ms
[ATTACK] STEP2 UAV tracking summary: watcher 5?’target 92, watcher 4?’target unknown-10, watcher 4?’target unknown-13, watcher 4?’target unknown-17, watcher 4?’target unknown-2, watcher 4?’target unknown-22, watcher 4?’target unknown-27, watcher 4?’target unknown-31, watcher 4?’target unknown-33, watcher 4?’target unknown-34, watcher 5?’target unknown-12, watcher 5?’target unknown-15, watcher 5?’target unknown-16, watcher 5?’target unknown-18, watcher 5?’target unknown-19, watcher 5?’target unknown-20, watcher 5?’target unknown-28, watcher 5?’target unknown-3, watcher 5?’target unknown-32, watcher 5?’target unknown-4, watcher 5?’target unknown-6, watcher 5?’target unknown-7, watcher 5?’target unknown-8, watcher 5?’target unknown-9, watcher 6?’target unknown-1, watcher 6?’target unknown-11, watcher 6?’target unknown-21, watcher 6?’target unknown-23, watcher 6?’target unknown-25, watcher 6?’target unknown-29, watcher 6?’target unknown-30, watcher 6?’target unknown-5, watcher 4?’target 77, watcher 6?’target 78, watcher 5?’target 79, watcher 5?’target 80, watcher 4?’target 81, watcher 5?’target 82, watcher 5?’target 83, watcher 5?’target 84, watcher 4?’target 85, watcher 4?’target 86, watcher 5?’target 87, watcher 6?’target 88, watcher 5?’target 89, watcher 6?’target 90, watcher 5?’target 91
[ATTACK] STEP2.5 Using bundled 0402 targets: target=92 watcher=5
[ATTACK] [ATTACK] Selected target id=92 type=3 weaponType=3 (preferred=3, ammo={'type1': 500, 'type2': 7, 'type3': 2})
[ATTACK] [TIME] compute_attack_point=11ms
[ATTACK] STEP3 Attack plan completed: lat=37.895522, lon=128.200482, alt=988m
[ATTACK] [ATTACK] Using remembered waypoint 600912 for watcher 5 while auto-tracking.
[ATTACK] [ATTACK] Weapon choice aircraft=3 preferred=3 selected=3 ammo={'type1': 500, 'type2': 7, 'type3': 2}
[ATTACK] [ATTACK][ETA] Tracking ETA computed with LAH max attack speed (dist=6027.6m, speed=73.61m/s, +30s) -> 112s
[ATTACK] [ATTACK] Using requested missionPlanID 700000039 (sourcePlanID=700000038)
[ATTACK] [ATTACK][POINT] Primary target adaptive standoff mode=candidate_within_standoff currentDist=8027.598750118677m candidateDist=1999.9999999999716m standoff=300.0/2000.0m.
[ATTACK] [ATTACK][ETA] UAV 4 remaining mission time: 0.0s
[ATTACK] [ATTACK][ETA] UAV 6 remaining mission time: 0.0s
[ATTACK] [ATTACK][ETA] Non-tracking UAV ETA selected: UAV 4 with 0s remaining
[ATTACK] [ATTACK][ETA] All tracking ETAs unified to 0s
[ATTACK] [ATTACK][COLLAB] Remaining UAV entry lookahead applied: 9.0s (pathFollow=3, linearFallback=3, currentOnly=0)
[ATTACK] [PRIOR] Falling back to first mission for aircraft 3 (current waypoint not found in plan).
[FOV_DB] loaded 7010 rows, 7008 unique widths, path=C:\Users\TRL98\Desktop\LAH_MUMT\branNew\KU\DSS_KU\resource\db\fov_db_탱크_72_38_6_3.2.csv
[ATTACK] [ATTACK][LAH] Using max attack speed 73.61m/s (265.0km/h) for aircraft 3.
[ATTACK] [ATTACK][LAH] Inferred current waypoint from position -> 350857.
[ATTACK] [ATTACK][LAH] Dropped current waypoint from resume path (currentWP=350857, nextWP=350858).
[ATTACK] [ATTACK][LAH] Preserved completed prefix, inserted attack, and reattached 1 follow-up mission(s).
[ATTACK] [ATTACK][LAH] Generated attack/resume missions -> IMP:800000176.json PATHS:300000067.json/300000068.json (followUps=1)
[ATTACK] [PRIOR] Falling back to first mission for aircraft 1 (current waypoint not found in plan).
[ATTACK] [ATTACK][LAH] Inferred current waypoint from position -> 350849.
[ATTACK] [ATTACK][LAH] Dropped current waypoint from resume path (currentWP=350849, nextWP=350850).
[ATTACK] [ATTACK][LAH] Preserved completed prefix, inserted hold, and reattached 1 follow-up mission(s).
[ATTACK] [ATTACK][LAH] Generated hold/resume missions -> IMP:800000180.json PATHS:100000066.json/100000067.json (followUps=1)
[ATTACK] [PRIOR] Falling back to first mission for aircraft 2 (current waypoint not found in plan).
[ATTACK] [ATTACK][LAH] Inferred current waypoint from position -> 350853.
[ATTACK] [ATTACK][LAH] Dropped current waypoint from resume path (currentWP=350853, nextWP=350854).
[ATTACK] [ATTACK][LAH] Preserved completed prefix, inserted hold, and reattached 1 follow-up mission(s).
[ATTACK] [ATTACK][LAH] Generated hold/resume missions -> IMP:800000182.json PATHS:200000067.json/200000068.json (followUps=1)
[ATTACK] [NEXTCOLLAB] division planner area-division pieces=2
[ATTACK] [NEXTCOLLAB] division planner final workflow=no_split paths=2
[ATTACK] [ATTACK][COLLAB] Collaborative replacement IMP written (aircraft=4, imp=800000179.json, missions=1).
[ATTACK] [ATTACK][COLLAB] Collaborative replacement IMP written (aircraft=6, imp=800000181.json, missions=1).
[ATTACK] [ATTACK][COLLAB] First sweep searchSpeed boosted (aircraft=4, pathID=400000103, waypointID=600952, factor=1.30, old=738.04, new=959.46).
[ATTACK] [ATTACK][COLLAB] First sweep searchSpeed boosted (aircraft=6, pathID=600000093, waypointID=600964, factor=1.30, old=1097.84, new=1427.19).
[ATTACK] [ATTACK][COLLAB] Collaborative remaining mission replanned (inputMissionID=5, unavailable=[5], remaining=[4, 6], workflow=no_split).
[ATTACK] [ATTACK][UAV] Tracking target altitude kept for sensor only; flight altitude replaced 688m -> 1915m.
[ATTACK] [ATTACK][UAV] Source path has a single waypoint; preserving it as done and skipping done/resume split.
[ATTACK] [ATTACK][COLLAB] Tracking UAV resume replaced with release transit (aircraft=5, targetFinishEta=44, speed=58.0m/s).
[ATTACK] [ATTACK][UAV] Preserved completed prefix, inserted tracking, and reattached 1 follow-up mission(s).
[ATTACK] [ATTACK][UAV] Generated tracking/resume missions -> IMP:800000183.json PATHS:500000119.json/500000120.json (followUps=1)
[ATTACK] [ATTACK][UAV] Tracking assignment state saved (aircraft=5, sourcePlan=700000038, attackPlan=700000039).
[ATTACK] [ATTACK][COLLAB] Aircraft 4 handled by collaborative remaining replan (inputMissionID=5).
[ATTACK] [ATTACK][COLLAB] Aircraft 6 handled by collaborative remaining replan (inputMissionID=5).
[ATTACK] [ATTACK][PLAN] carried area remaining snapshot -> mission_area_snapshot_700000039.json (sourcePlanID=700000038, planID=700000039)
[ATTACK] [ATTACK][PLAN] MissionPlan saved -> 700000039.json (planID=700000039)
[ATTACK] [ATTACK][TIME] override_detail={"phases": {"metadata_normalize": {"elapsedMs": 0.009, "attackTargetCount": 1, "selectedMannedCount": 1}, "agent_index": {"elapsedMs": 0.123, "aircraftCount": 6}, "weapon_choice": {"elapsedMs": 4.763, "selectedWeaponType": 3, "ammoAvailable": true}, "initial_tracking_eta": {"elapsedMs": 0.893, "useDetectionTracking": true, "trackingEtaS": 112}, "resolve_source_plan": {"elapsedMs": 3.571, "sourcePlanID": 700000038}, "source_plan_load": {"elapsedMs": 0.727, "sourcePlanID": 700000038, "aircraftCount": 6}, "sweep_progress_load": {"elapsedMs": 1.328, "entries": 72}, "plan_id_resolve": {"elapsedMs": 0.027, "requested": true, "missionPlanID": 700000039}, "source_artifact_cache_build": {"elapsedMs": 0.017, "aircraftEntries": 6}, "done_input_ids_load": {"elapsedMs": 1.671, "count": 3}, "plan_deepcopy": {"elapsedMs": 0.086}, "target_uav_assignment": {"elapsedMs": 0.7, "assignedTargetCount": 1, "usedTrackingUavCount": 1}, "manned_sequence_assignment": {"elapsedMs": 4.479, "aircraftCount": 1, "error": null}, "attack_coordinate_resolution": {"elapsedMs": 4.674, "resolvedCount": 1, "mannedSequenceCount": 1}, "remaining_eta": {"elapsedMs": 8.052, "allUavCount": 3, "trackingUavCount": 1, "computedEtaCount": 1, "adjustedEtaS": 0}, "descriptor_list_build": {"elapsedMs": 0.046, "descriptorCount": 6, "activeMannedCount": 1, "otherLahCount": 2, "otherUavCount": 2}, "collab_tracking_scan": {"elapsedMs": 3.183, "inputCount": 1, "unavailableUavCount": 1}, "collab_agent_state_map": {"elapsedMs": 10.785, "aircraftCount": 6}, "collab_parallel_started": {"elapsedMs": 0.663, "inputCount": 1, "workers": 1}, "collab_parallel_join": {"elapsedMs": 3.792, "waitReason": "UAV_TRACK", "inputCount": 1}, "descriptor_loop": {"elapsedMs": 9208.126, "descriptorCount": 6, "updateCount": 4}, "final_collab_plan_update": {"elapsedMs": 0.016, "collabInputCount": 1}, "mission_plan_write": {"elapsedMs": 14.194, "missionPlanID": 700000039}, "option_meta_build": {"elapsedMs": 0.09, "targetCount": 1, "collabInputCount": 1}}, "collabRuns": [{"inputMissionID": 5, "unavailableAircraftIDs": [5], "elapsedMs": 4687.864, "status": "ok", "replacementAircraftIDs": [4, 6], "generatedPathCount": 2, "finishEtaS": 44, "workflow": "no_split"}], "descriptorDetails": [{"aircraftID": 3, "label": "manned", "mode": "LAH_ATTACK", "resolveArtifacts": {"elapsedMs": 0.864, "currentWaypointID": null, "sourcePathID": 300000058, "sourceImpID": 800000150}, "loadArtifacts": {"elapsedMs": 0.005, "impLoaded": true, "fpLoaded": true}, "cloneAndLocateMission": {"elapsedMs": 0.08, "missionCount": 2, "targetIndex": 0}, "allocateAndPlanUpdate": {"elapsedMs": 28.186, "newImpID": 800000176}, "builder": {"elapsedMs": 4583.861, "builderMode": "LAH_ATTACK"}, "builderDetail": {"allocate_ids": {"elapsedMs": 1543.024, "attackPathID": 300000067, "resumePathID": 300000068, "attackIndividualID": 900000436, "resumeIndividualID": 900000437, "entryWaypointID": 600946, "attackWaypointID": 600947}, "split_lah_resume": {"elapsedMs": 1406.119, "resumeWaypointCount": 1, "removedWaypointID": 350857}, "clone_followups": {"elapsedMs": 1095.782, "followUpMissionCount": 1, "followUpPathCount": 1}, "payload_build": {"elapsedMs": 527.981, "hasResume": true, "followUpMissionCount": 1, "attackSpeedMps": 73.61}, "write_json": {"elapsedMs": 5.048, "fileCount": 4}, "totalMs": 4581.925}, "status": "ok", "elapsedMs": 4613.134}, {"aircraftID": 1, "label": "lah_hold_1", "mode": "LAH_HOLD_RESUME", "resolveArtifacts": {"elapsedMs": 0.76, "currentWaypointID": null, "sourcePathID": 100000057, "sourceImpID": 800000148}, "loadArtifacts": {"elapsedMs": 0.007, "impLoaded": true, "fpLoaded": true}, "cloneAndLocateMission": {"elapsedMs": 0.143, "missionCount": 2, "targetIndex": 0}, "allocateAndPlanUpdate": {"elapsedMs": 26.956, "newImpID": 800000180}, "builder": {"elapsedMs": 2390.876, "builderMode": "LAH_HOLD_RESUME"}, "builderDetail": {"allocate_ids": {"elapsedMs": 57.41, "holdPathID": 100000066, "resumePathID": 100000067, "holdIndividualID": 900000445, "resumeIndividualID": 900000446}, "split_lah_resume": {"elapsedMs": 1288.976, "resumeWaypointCount": 1, "removedWaypointID": 350849}, "clone_followups": {"elapsedMs": 792.096, "followUpMissionCount": 1, "followUpPathCount": 1}, "payload_build": {"elapsedMs": 1035.249, "hasResume": true, "followUpMissionCount": 1}, "write_json": {"elapsedMs": 5.015, "fileCount": 4}, "totalMs": 2390.823}, "status": "ok", "elapsedMs": 2418.896}, {"aircraftID": 2, "label": "lah_hold_2", "mode": "LAH_HOLD_RESUME", "resolveArtifacts": {"elapsedMs": 0.761, "currentWaypointID": null, "sourcePathID": 200000058, "sourceImpID": 800000149}, "loadArtifacts": {"elapsedMs": 0.007, "impLoaded": true, "fpLoaded": true}, "cloneAndLocateMission": {"elapsedMs": 0.145, "missionCount": 2, "targetIndex": 0}, "allocateAndPlanUpdate": {"elapsedMs": 9.497, "newImpID": 800000182}, "builder": {"elapsedMs": 1280.69, "builderMode": "LAH_HOLD_RESUME"}, "builderDetail": {"allocate_ids": {"elapsedMs": 21.455, "holdPathID": 200000067, "resumePathID": 200000068, "holdIndividualID": 900000448, "resumeIndividualID": 900000449}, "split_lah_resume": {"elapsedMs": 723.728, "resumeWaypointCount": 1, "removedWaypointID": 350853}, "clone_followups": {"elapsedMs": 286.557, "followUpMissionCount": 1, "followUpPathCount": 1}, "payload_build": {"elapsedMs": 527.813, "hasResume": true, "followUpMissionCount": 1}, "write_json": {"elapsedMs": 3.962, "fileCount": 4}, "totalMs": 1280.645}, "status": "ok", "elapsedMs": 1291.273}, {"aircraftID": 5, "label": "uav_tracking_5", "mode": "UAV_TRACK", "resolveArtifacts": {"elapsedMs": 0.029, "currentWaypointID": 600912, "sourcePathID": 500000109, "sourceImpID": 800000168}, "loadArtifacts": {"elapsedMs": 0.004, "impLoaded": true, "fpLoaded": true}, "cloneAndLocateMission": {"elapsedMs": 0.185, "missionCount": 2, "targetIndex": 0}, "allocateAndPlanUpdate": {"elapsedMs": 8.329, "newImpID": 800000183}, "builder": {"elapsedMs": 860.79, "builderMode": "UAV_TRACK"}, "builderDetail": {"allocate_ids": {"elapsedMs": 270.027, "donePathID": 500000118, "attackPathID": 500000119, "resumePathID": 500000120, "trackingIndividualID": 900000451, "resumeIndividualID": 900000452, "targetWaypointID": 600985}, "split_done_resume": {"elapsedMs": 1.843, "sourceSinglePoint": true, "doneWaypointCount": 1, "resumeWaypointCount": 0, "removedWaypointID": 600912}, "clone_followups": {"elapsedMs": 279.311, "followUpMissionCount": 1, "followUpPathCount": 1}, "release_resume": {"elapsedMs": 243.498, "releaseWaypointCount": 2, "targetFinishEtaS": 44}, "write_json": {"elapsedMs": 56.334, "fileCount": 5}, "totalMs": 856.718}, "trackingState": {"elapsedMs": 8.352}, "status": "ok", "elapsedMs": 878.536}, {"aircraftID": 4, "label": "uav_resume_4", "mode": "UAV_RESUME", "resolveArtifacts": {"elapsedMs": 0.021, "currentWaypointID": 600892, "sourcePathID": 400000097, "sourceImpID": 800000166}, "loadArtifacts": {"elapsedMs": 0.003, "impLoaded": true, "fpLoaded": true}, "cloneAndLocateMission": {"elapsedMs": 0.145, "missionCount": 2, "targetIndex": 0}, "status": "handled_by_collab", "elapsedMs": 0.924}, {"aircraftID": 6, "label": "uav_resume_6", "mode": "UAV_RESUME", "resolveArtifacts": {"elapsedMs": 0.024, "currentWaypointID": 600925, "sourcePathID": 600000091, "sourceImpID": 800000170}, "loadArtifacts": {"elapsedMs": 0.004, "impLoaded": true, "fpLoaded": true}, "cloneAndLocateMission": {"elapsedMs": 0.225, "missionCount": 2, "targetIndex": 0}, "status": "handled_by_collab", "elapsedMs": 0.97}], "totalMs": 9264}
[ATTACK] [ATTACK][TIME] override_total=9264ms
[ATTACK] [TIME] apply_attack_plan_overrides=9277ms
[ATTACK] [TIME] timingMs={"read_source": 13.055, "descriptor_build": 8.106, "write_artifacts": 9292.716, "delivery_wait": 10.204}
[ATTACK] [TIME] total=9325ms
[ATTACK] 분석 로그 저장: C:\Users\TRL98\Desktop\LAH_MUMT\Logs\Scenario_2026-05-21T132543\SBC3\DSS_Internal\log_attack_algorithm_20260521T044120_448958.json
[ATTACK] mark target used: targetIDs=92
[ATTACK-EXCLUDE] ATTACK-EXCLUDE using requested missionPlanID 700000040 (sourcePlanID=700000038)
[ATTACK-EXCLUDE] [PRIOR][UAV] Resume sweep trim applied (cutPoints=16, rawCutPoints=16, doneSweepPoints=0, pathID=400000097).
[ATTACK-EXCLUDE] [PRIOR][UAV] Resume searchSpeed scaled (factor=1.30, waypoints=1).
[ATTACK-EXCLUDE] [PRIOR][UAV] Generated done/resume mission -> aircraft=4 IMP:800000175.json PATHS:400000101.json
[ATTACK-EXCLUDE] [PRIOR][UAV] Resume sweep trim applied (cutPoints=13, rawCutPoints=13, doneSweepPoints=0, pathID=500000109).
[ATTACK-EXCLUDE] [PRIOR][UAV] Resume searchSpeed scaled (factor=1.30, waypoints=1).
[ATTACK-EXCLUDE] [PRIOR][UAV] Generated done/resume mission -> aircraft=5 IMP:800000177.json PATHS:500000116.json
[ATTACK-EXCLUDE] [PRIOR][UAV] Resume trimmed by currentWP (lastRemovedWP=600924).
[ATTACK-EXCLUDE] [PRIOR][UAV] Added replan anchor waypoint to done path (anchorWP=600971).
[ATTACK-EXCLUDE] [PRIOR][UAV] Resume sweep trim applied (cutPoints=11, rawCutPoints=11, doneSweepPoints=0, pathID=600000091).
[ATTACK-EXCLUDE] [PRIOR][UAV] Resume searchSpeed scaled (factor=1.30, waypoints=1).
[ATTACK-EXCLUDE] [PRIOR][UAV] Generated done/resume mission -> aircraft=6 IMP:800000178.json PATHS:600000094.json/600000095.json
[ATTACK-EXCLUDE] 공격 배제 MissionPlan 저장 -> 700000040.json (planID=700000040)
[ATTACK-EXCLUDE] ATTACK-EXCLUDE carried area remaining snapshot -> mission_area_snapshot_700000040.json (sourcePlanID=700000038, planID=700000040)
[ATTACK] 공격 임무 계획 완료 (planIds=700000039)
[INFO] UAV params loaded (cruise=40.00, turn_step=15.0)
[INFO] Latest input snapshot → 0201:ID=3,ts=832653591020,src=-, 0203:ID=1,ts=832652848760,src=-
[STEP 0] Using latest 0201 ID 3 (3.json)
[STEP 0] Using latest 0203 ID 1 (1.json)
[CHECK] 0201/0203 필수 데이터 확인 시작
[OK] 0201 inputMissionList 확인됨 (count=5) → 진행
[OK] 0201 availableAircraftList 확인됨 (count=6) → 진행
[OK] 0201 inputMissionPackageType=1 확인
[OK] 0201 mainSensor=1 확인
[CHECK] 0201 기체 수=6 (UAV=3, LAH=3)
[CHECK] 0201 임무: total=5 missingID=0 missingDetail=0 missingShape=0 unknownType=0 typeZeroAuto=0 typeZeroInvalid=0 lineOnlyViolation=0 skippedSinglePoint=0
[OK] 0203 takeOverInfoList 확인됨 (count=3) → 진행
[OK] 0203 handOverInfoList 확인됨 (count=3) → 진행
[OK] 0203 flightAreaList 확인됨 (count=1) → 진행
[CHECK] 0203 flightAreaList count=1
[INFO] 임무 진행영역 스냅샷 적용: sourcePlan=700000038, updated=2, done=0
[INFO] 임무 진행영역 재계획 collapse 적용: groups=2, normalized=3, 5
[INFO] Filtered completed input missions (removed=1, 2, 4, converted=-, widthAdjusted=-, skippedSinglePoint=-, snapshot=updated=2, done=0, collapse=groups=2, normalized=3,5)
[REPLAN][TIME] variant_started_ms=9379.9 wall_ms=1779338480489 variant=1 option=3 mode=attack_exclusion
[variant 1] 공격 배제 병렬 결과 병합
[REPLAN][TIME] attack_exclusion_parallel_joined_ms=9388.7 wall_ms=1779338480498 variant=1 duration_ms=6629.798 wait_ms=0.012
[OK] 공격 배제 variant 저장: MissionPlanID=700000040 (elapsed=6629.8 ms)
[INFO] Option mapping #1: planID=700000040, optionCode=3(공격배제)
[REPLAN][TIME] variant_finished_ms=9389.0 wall_ms=1779338480498 variant=1 option=3 mode=attack_exclusion status=success duration_ms=6629.798
[OK] Stored mission data: MissionPlan=1, IndividualMission=0, FlightPath=0
[REPLAN][TIME] id_tab_update_deferred_ms=9391.7 wall_ms=1779338480501
[REPLAN][TIME] pipeline_done_ms=9391.8 wall_ms=1779338480501 plans=2 force_direct=False
[REPLAN][TIME] 0301_queued_ms=9391.8 wall_ms=1779338480501 plans=2
[STEP 4] 0301 push queued (planIds=700000039, 700000040)
[0402] delivery suppressed before 0301: Target 정보 변경으로 인한 재계획 중단
[0001] notice sent: Target 정보 변경으로 인한 재계획 중단
[REPLAN][METRIC] source_artifact_cache entries=21 hits=39 misses=21
[REPLAN][TIME] 0902_received_ms=0.4 wall_ms=1779338481685 trigger=attack_2_option replanLevel=2 optionCount=2 forceDirect=0
[REPLAN][TIME] 0902_archived_ms=1.8 wall_ms=1779338481686 path=replan_request_832653674769.json
[AUTO] 0902 received (planIds=700000041, 700000042)
[REPLAN][TIME] pipeline_scheduled_ms=3.1 wall_ms=1779338481687 delay_ms=0
[REPLAN][TIME] scheduled_start_ms=4.5 wall_ms=1779338481689
[REPLAN][TIME] 0305_status_1_ms=7.2 wall_ms=1779338481691 reason=표적93 등 2개 발견
[0305] status=1, reason=표적93 등 2개 발견 전송
[INFO] Using latest 0203 ID 1 for missionReferencePackageID (fallback)
[STEP 0] Replan pipeline start (reason=표적93 등 2개 발견)
[REPLAN][TIME] attack_exclusion_parallel_started_ms=15.3 wall_ms=1779338481700 option_index=2 sourcePlanID=700000038
[ATTACK-EXCLUDE] parallel generation started (sourcePlanID=700000038, optionIndex=2)
[ATTACK] 공격 특화 재계획 요청 감지 → 전용 파이프라인 실행
[ATTACK] [TIME] select_manned_aircraft=10ms
[ATTACK] STEP1 Selected manned aircraft: aircraft 2 (fuel=1200.0, coord=(37.85672378540039, 128.23350524902344, alt=1199))
[ATTACK] [TIME] load_target_entries=1ms
[ATTACK] STEP2 UAV tracking summary: watcher 5?’target 92, watcher 4?’target 93, watcher 4?’target unknown-10, watcher 4?’target unknown-13, watcher 4?’target unknown-17, watcher 4?’target unknown-2, watcher 4?’target unknown-22, watcher 4?’target unknown-27, watcher 4?’target unknown-31, watcher 4?’target unknown-33, watcher 4?’target unknown-34, watcher 4?’target unknown-35, watcher 5?’target unknown-12, watcher 5?’target unknown-15, watcher 5?’target unknown-16, watcher 5?’target unknown-18, watcher 5?’target unknown-19, watcher 5?’target unknown-20, watcher 5?’target unknown-28, watcher 5?’target unknown-3, watcher 5?’target unknown-32, watcher 5?’target unknown-4, watcher 5?’target unknown-6, watcher 5?’target unknown-7, watcher 5?’target unknown-8, watcher 5?’target unknown-9, watcher 6?’target unknown-1, watcher 6?’target unknown-11, watcher 6?’target unknown-21, watcher 6?’target unknown-23, watcher 6?’target unknown-25, watcher 6?’target unknown-29, watcher 6?’target unknown-30, watcher 6?’target unknown-5, watcher 4?’target 77, watcher 6?’target 78, watcher 5?’target 79, watcher 5?’target 80, watcher 4?’target 81, watcher 5?’target 82, watcher 5?’target 83, watcher 5?’target 84, watcher 4?’target 85, watcher 4?’target 86, watcher 5?’target 87, watcher 6?’target 88, watcher 5?’target 89, watcher 6?’target 90, watcher 5?’target 91
[ATTACK] STEP2.5 Using bundled 0402 targets: target=93 watcher=4, target=92 watcher=5
[ATTACK] STEP2.6 Multi-target manned selection: 2, 3
[ATTACK] [ATTACK] Selected target id=93 type=1 weaponType=2 (preferred=2, ammo={'type1': 500, 'type2': 7, 'type3': 2})
[ATTACK] [TIME] compute_attack_point=9ms
[ATTACK] STEP3 Attack plan completed: lat=37.900847, lon=128.180211, alt=1048m
[ATTACK] [ATTACK] Using remembered waypoint 600892 for watcher 4 while auto-tracking.
[ATTACK] [ATTACK] Weapon choice aircraft=2 preferred=2 selected=2 ammo={'type1': 500, 'type2': 7, 'type3': 2}
[ATTACK] [ATTACK][ETA] Tracking ETA computed with LAH max attack speed (dist=6778.7m, speed=73.61m/s, +30s) -> 122s
[ATTACK] [ATTACK] Using requested missionPlanID 700000041 (sourcePlanID=700000038)
[ATTACK] [ATTACK][POINT] Primary target adaptive standoff mode=candidate_within_standoff currentDist=8778.673426694744m candidateDist=1999.9999999988834m standoff=300.0/2000.0m.
[ATTACK] [ATTACK][ETA] UAV 6 remaining mission time: 0.0s
[ATTACK] [ATTACK][ETA] Non-tracking UAV ETA selected: UAV 6 with 0s remaining
[ATTACK] [ATTACK][ETA] All tracking ETAs unified to 0s
[ATTACK] [ATTACK][COLLAB] Remaining UAV entry lookahead applied: 9.0s (pathFollow=3, linearFallback=3, currentOnly=0)
[ATTACK] [PRIOR] Falling back to first mission for aircraft 2 (current waypoint not found in plan).
[FOV_DB] loaded 7010 rows, 7008 unique widths, path=C:\Users\TRL98\Desktop\LAH_MUMT\branNew\KU\DSS_KU\resource\db\fov_db_탱크_72_38_6_3.2.csv
[ATTACK] [ATTACK][LAH] Using max attack speed 73.61m/s (265.0km/h) for aircraft 2.
[ATTACK] [ATTACK][LAH] Inferred current waypoint from position -> 350853.
[ATTACK] [ATTACK][LAH] Dropped current waypoint from resume path (currentWP=350853, nextWP=350854).
[ATTACK] [ATTACK][LAH] Preserved completed prefix, inserted attack, and reattached 1 follow-up mission(s).
[ATTACK] [ATTACK][LAH] Generated attack/resume missions -> IMP:800000185.json PATHS:200000070.json/200000071.json (followUps=1)
[ATTACK] [PRIOR] Falling back to first mission for aircraft 3 (current waypoint not found in plan).
[ATTACK] [ATTACK][LAH] Using max attack speed 73.61m/s (265.0km/h) for aircraft 3.
[ATTACK] [ATTACK][LAH] Inferred current waypoint from position -> 350857.
[ATTACK] [ATTACK][LAH] Dropped current waypoint from resume path (currentWP=350857, nextWP=350858).
[ATTACK] [ATTACK][LAH] Preserved completed prefix, inserted attack, and reattached 1 follow-up mission(s).
[ATTACK] [ATTACK][LAH] Generated attack/resume missions -> IMP:800000189.json PATHS:300000070.json/300000071.json (followUps=1)
[ATTACK] [PRIOR] Falling back to first mission for aircraft 1 (current waypoint not found in plan).
[ATTACK] [ATTACK][LAH] Inferred current waypoint from position -> 350849.
[ATTACK] [ATTACK][LAH] Dropped current waypoint from resume path (currentWP=350849, nextWP=350850).
[ATTACK] [ATTACK][LAH] Preserved completed prefix, inserted hold, and reattached 1 follow-up mission(s).
[ATTACK] [ATTACK][LAH] Generated hold/resume missions -> IMP:800000190.json PATHS:100000069.json/100000070.json (followUps=1)
[ATTACK] [NEXTCOLLAB] division planner area-division pieces=1
[ATTACK] [NEXTCOLLAB] division planner final workflow=no_split paths=1
[ATTACK] [ATTACK][COLLAB] Collaborative replacement IMP written (aircraft=6, imp=800000187.json, missions=1).
[ATTACK] [ATTACK][COLLAB] First sweep searchSpeed boosted (aircraft=6, pathID=600000097, waypointID=601002, factor=1.30, old=813.38, new=1057.39).
[ATTACK] [ATTACK][COLLAB] Collaborative remaining mission replanned (inputMissionID=5, unavailable=[4, 5], remaining=[6], workflow=no_split).
[ATTACK] [ATTACK][UAV] Source path has a single waypoint; preserving it as done and skipping done/resume split.
[ATTACK] [ATTACK][COLLAB] Tracking UAV resume replaced with release transit (aircraft=4, targetFinishEta=78, speed=58.0m/s).
[ATTACK] [ATTACK][UAV] Preserved completed prefix, inserted tracking, and reattached 1 follow-up mission(s).
[ATTACK] [ATTACK][UAV] Generated tracking/resume missions -> IMP:800000191.json PATHS:400000108.json/400000109.json (followUps=1)
[ATTACK] [ATTACK][UAV] Tracking assignment state saved (aircraft=4, sourcePlan=700000038, attackPlan=700000041).
[ATTACK] [ATTACK][UAV] Tracking target altitude kept for sensor only; flight altitude replaced 688m -> 1915m.
[ATTACK] [ATTACK][UAV] Source path has a single waypoint; preserving it as done and skipping done/resume split.
[ATTACK] [ATTACK][COLLAB] Tracking UAV resume replaced with release transit (aircraft=5, targetFinishEta=78, speed=58.0m/s).
[ATTACK] [ATTACK][UAV] Preserved completed prefix, inserted tracking, and reattached 1 follow-up mission(s).
[ATTACK] [ATTACK][UAV] Generated tracking/resume missions -> IMP:800000192.json PATHS:500000126.json/500000127.json (followUps=1)
[ATTACK] [ATTACK][UAV] Tracking assignment state saved (aircraft=5, sourcePlan=700000038, attackPlan=700000041).
[ATTACK] [ATTACK][COLLAB] Aircraft 6 handled by collaborative remaining replan (inputMissionID=5).
[ATTACK] [ATTACK][PLAN] carried area remaining snapshot -> mission_area_snapshot_700000041.json (sourcePlanID=700000038, planID=700000041)
[ATTACK] [ATTACK][PLAN] MissionPlan saved -> 700000041.json (planID=700000041)
[ATTACK] [ATTACK][TIME] override_detail={"phases": {"metadata_normalize": {"elapsedMs": 0.008, "attackTargetCount": 2, "selectedMannedCount": 2}, "agent_index": {"elapsedMs": 0.117, "aircraftCount": 6}, "weapon_choice": {"elapsedMs": 8.97, "selectedWeaponType": 2, "ammoAvailable": true}, "initial_tracking_eta": {"elapsedMs": 1.019, "useDetectionTracking": true, "trackingEtaS": 122}, "resolve_source_plan": {"elapsedMs": 3.781, "sourcePlanID": 700000038}, "source_plan_load": {"elapsedMs": 0.544, "sourcePlanID": 700000038, "aircraftCount": 6}, "sweep_progress_load": {"elapsedMs": 1.289, "entries": 72}, "plan_id_resolve": {"elapsedMs": 0.027, "requested": true, "missionPlanID": 700000041}, "source_artifact_cache_build": {"elapsedMs": 0.016, "aircraftEntries": 6}, "done_input_ids_load": {"elapsedMs": 1.856, "count": 3}, "plan_deepcopy": {"elapsedMs": 0.081}, "target_uav_assignment": {"elapsedMs": 0.883, "assignedTargetCount": 2, "usedTrackingUavCount": 2}, "manned_sequence_assignment": {"elapsedMs": 17.445, "aircraftCount": 2, "error": null}, "attack_coordinate_resolution": {"elapsedMs": 11.403, "resolvedCount": 2, "mannedSequenceCount": 2}, "remaining_eta": {"elapsedMs": 7.642, "allUavCount": 3, "trackingUavCount": 2, "computedEtaCount": 2, "adjustedEtaS": 0}, "descriptor_list_build": {"elapsedMs": 0.043, "descriptorCount": 6, "activeMannedCount": 2, "otherLahCount": 1, "otherUavCount": 1}, "collab_tracking_scan": {"elapsedMs": 4.771, "inputCount": 1, "unavailableUavCount": 2}, "collab_agent_state_map": {"elapsedMs": 22.011, "aircraftCount": 6}, "collab_parallel_started": {"elapsedMs": 1.078, "inputCount": 1, "workers": 1}, "collab_parallel_join": {"elapsedMs": 3.496, "waitReason": "UAV_TRACK", "inputCount": 1}, "descriptor_loop": {"elapsedMs": 10095.95, "descriptorCount": 6, "updateCount": 5}, "final_collab_plan_update": {"elapsedMs": 0.011, "collabInputCount": 1}, "mission_plan_write": {"elapsedMs": 12.843, "missionPlanID": 700000041}, "option_meta_build": {"elapsedMs": 0.066, "targetCount": 2, "collabInputCount": 1}}, "collabRuns": [{"inputMissionID": 5, "unavailableAircraftIDs": [4, 5], "elapsedMs": 2969.855, "status": "ok", "replacementAircraftIDs": [6], "generatedPathCount": 1, "finishEtaS": 78, "workflow": "no_split"}], "descriptorDetails": [{"aircraftID": 2, "label": "manned", "mode": "LAH_ATTACK", "resolveArtifacts": {"elapsedMs": 3.554, "currentWaypointID": null, "sourcePathID": 200000058, "sourceImpID": 800000149}, "loadArtifacts": {"elapsedMs": 0.005, "impLoaded": true, "fpLoaded": true}, "cloneAndLocateMission": {"elapsedMs": 0.077, "missionCount": 2, "targetIndex": 0}, "allocateAndPlanUpdate": {"elapsedMs": 550.821, "newImpID": 800000185}, "builder": {"elapsedMs": 3418.618, "builderMode": "LAH_ATTACK"}, "builderDetail": {"allocate_ids": {"elapsedMs": 1058.081, "attackPathID": 200000070, "resumePathID": 200000071, "attackIndividualID": 900000457, "resumeIndividualID": 900000458, "entryWaypointID": 600995, "attackWaypointID": 600996}, "split_lah_resume": {"elapsedMs": 1306.646, "resumeWaypointCount": 1, "removedWaypointID": 350853}, "clone_followups": {"elapsedMs": 803.226, "followUpMissionCount": 1, "followUpPathCount": 1}, "payload_build": {"elapsedMs": 238.233, "hasResume": true, "followUpMissionCount": 1, "attackSpeedMps": 73.61}, "write_json": {"elapsedMs": 5.023, "fileCount": 4}, "totalMs": 3415.264}, "status": "ok", "elapsedMs": 3973.201}, {"aircraftID": 3, "label": "manned", "mode": "LAH_ATTACK", "resolveArtifacts": {"elapsedMs": 2.141, "currentWaypointID": null, "sourcePathID": 300000058, "sourceImpID": 800000150}, "loadArtifacts": {"elapsedMs": 0.007, "impLoaded": true, "fpLoaded": true}, "cloneAndLocateMission": {"elapsedMs": 0.141, "missionCount": 2, "targetIndex": 0}, "allocateAndPlanUpdate": {"elapsedMs": 14.847, "newImpID": 800000189}, "builder": {"elapsedMs": 2987.541, "builderMode": "LAH_ATTACK"}, "builderDetail": {"allocate_ids": {"elapsedMs": 874.475, "attackPathID": 300000070, "resumePathID": 300000071, "attackIndividualID": 900000464, "resumeIndividualID": 900000465, "entryWaypointID": 601011, "attackWaypointID": 601015}, "split_lah_resume": {"elapsedMs": 1550.388, "resumeWaypointCount": 1, "removedWaypointID": 350857}, "clone_followups": {"elapsedMs": 304.879, "followUpMissionCount": 1, "followUpPathCount": 1}, "payload_build": {"elapsedMs": 249.001, "hasResume": true, "followUpMissionCount": 1, "attackSpeedMps": 73.61}, "write_json": {"elapsedMs": 3.96, "fileCount": 4}, "totalMs": 2985.836}, "status": "ok", "elapsedMs": 3004.847}, {"aircraftID": 1, "label": "lah_hold_1", "mode": "LAH_HOLD_RESUME", "resolveArtifacts": {"elapsedMs": 0.803, "currentWaypointID": null, "sourcePathID": 100000057, "sourceImpID": 800000148}, "loadArtifacts": {"elapsedMs": 0.007, "impLoaded": true, "fpLoaded": true}, "cloneAndLocateMission": {"elapsedMs": 0.142, "missionCount": 2, "targetIndex": 0}, "allocateAndPlanUpdate": {"elapsedMs": 7.72, "newImpID": 800000190}, "builder": {"elapsedMs": 1302.627, "builderMode": "LAH_HOLD_RESUME"}, "builderDetail": {"allocate_ids": {"elapsedMs": 24.574, "holdPathID": 100000069, "resumePathID": 100000070, "holdIndividualID": 900000467, "resumeIndividualID": 900000468}, "split_lah_resume": {"elapsedMs": 710.71, "resumeWaypointCount": 1, "removedWaypointID": 350849}, "clone_followups": {"elapsedMs": 309.728, "followUpMissionCount": 1, "followUpPathCount": 1}, "payload_build": {"elapsedMs": 555.428, "hasResume": true, "followUpMissionCount": 1}, "write_json": {"elapsedMs": 4.815, "fileCount": 4}, "totalMs": 1302.57}, "status": "ok", "elapsedMs": 1311.473}, {"aircraftID": 4, "label": "uav_tracking_4", "mode": "UAV_TRACK", "resolveArtifacts": {"elapsedMs": 0.028, "currentWaypointID": 600892, "sourcePathID": 400000097, "sourceImpID": 800000166}, "loadArtifacts": {"elapsedMs": 0.005, "impLoaded": true, "fpLoaded": true}, "cloneAndLocateMission": {"elapsedMs": 0.199, "missionCount": 2, "targetIndex": 0}, "allocateAndPlanUpdate": {"elapsedMs": 7.203, "newImpID": 800000191}, "builder": {"elapsedMs": 871.261, "builderMode": "UAV_TRACK"}, "builderDetail": {"allocate_ids": {"elapsedMs": 285.6, "donePathID": 400000107, "attackPathID": 400000108, "resumePathID": 400000109, "trackingIndividualID": 900000470, "resumeIndividualID": 900000471, "targetWaypointID": 601032}, "split_done_resume": {"elapsedMs": 1.464, "sourceSinglePoint": true, "doneWaypointCount": 1, "resumeWaypointCount": 0, "removedWaypointID": 600892}, "clone_followups": {"elapsedMs": 286.117, "followUpMissionCount": 1, "followUpPathCount": 1}, "release_resume": {"elapsedMs": 243.44, "releaseWaypointCount": 2, "targetFinishEtaS": 78}, "write_json": {"elapsedMs": 47.307, "fileCount": 5}, "totalMs": 868.844}, "trackingState": {"elapsedMs": 8.625}, "status": "ok", "elapsedMs": 888.228}, {"aircraftID": 5, "label": "uav_tracking_5", "mode": "UAV_TRACK", "resolveArtifacts": {"elapsedMs": 0.029, "currentWaypointID": 600912, "sourcePathID": 500000109, "sourceImpID": 800000168}, "loadArtifacts": {"elapsedMs": 0.005, "impLoaded": true, "fpLoaded": true}, "cloneAndLocateMission": {"elapsedMs": 0.218, "missionCount": 2, "targetIndex": 0}, "allocateAndPlanUpdate": {"elapsedMs": 6.479, "newImpID": 800000192}, "builder": {"elapsedMs": 892.986, "builderMode": "UAV_TRACK"}, "builderDetail": {"allocate_ids": {"elapsedMs": 283.438, "donePathID": 500000125, "attackPathID": 500000126, "resumePathID": 500000127, "trackingIndividualID": 900000473, "resumeIndividualID": 900000474, "targetWaypointID": 601038}, "split_done_resume": {"elapsedMs": 1.116, "sourceSinglePoint": true, "doneWaypointCount": 1, "resumeWaypointCount": 0, "removedWaypointID": 600912}, "clone_followups": {"elapsedMs": 288.808, "followUpMissionCount": 1, "followUpPathCount": 1}, "release_resume": {"elapsedMs": 262.66, "releaseWaypointCount": 2, "targetFinishEtaS": 78}, "write_json": {"elapsedMs": 48.399, "fileCount": 5}, "totalMs": 890.032}, "trackingState": {"elapsedMs": 12.445}, "status": "ok", "elapsedMs": 913.063}, {"aircraftID": 6, "label": "uav_resume_6", "mode": "UAV_RESUME", "resolveArtifacts": {"elapsedMs": 0.029, "currentWaypointID": 600925, "sourcePathID": 600000091, "sourceImpID": 800000170}, "loadArtifacts": {"elapsedMs": 0.005, "impLoaded": true, "fpLoaded": true}, "cloneAndLocateMission": {"elapsedMs": 0.191, "missionCount": 2, "targetIndex": 0}, "status": "handled_by_collab", "elapsedMs": 0.905}], "totalMs": 10181}
[ATTACK] [ATTACK][TIME] override_total=10181ms
[ATTACK] [TIME] apply_attack_plan_overrides=10199ms
[ATTACK] [TIME] timingMs={"read_source": 13.031, "descriptor_build": 12.365, "write_artifacts": 10212.452, "delivery_wait": 9.597}
[ATTACK] [TIME] total=10248ms
[ATTACK] 분석 로그 저장: C:\Users\TRL98\Desktop\LAH_MUMT\Logs\Scenario_2026-05-21T132543\SBC3\DSS_Internal\log_attack_algorithm_20260521T044131_949049.json
[ATTACK] mark target used: targetIDs=93, 92
[ATTACK-EXCLUDE] ATTACK-EXCLUDE using requested missionPlanID 700000042 (sourcePlanID=700000038)
[ATTACK-EXCLUDE] [PRIOR][UAV] Resume sweep trim applied (cutPoints=19, rawCutPoints=19, doneSweepPoints=0, pathID=400000097).
[ATTACK-EXCLUDE] [PRIOR][UAV] Resume searchSpeed scaled (factor=1.30, waypoints=1).
[ATTACK-EXCLUDE] [PRIOR][UAV] Generated done/resume mission -> aircraft=4 IMP:800000184.json PATHS:400000105.json
[ATTACK-EXCLUDE] [PRIOR][UAV] Resume sweep trim applied (cutPoints=13, rawCutPoints=13, doneSweepPoints=0, pathID=500000109).
[ATTACK-EXCLUDE] [PRIOR][UAV] Resume searchSpeed scaled (factor=1.30, waypoints=1).
[ATTACK-EXCLUDE] [PRIOR][UAV] Generated done/resume mission -> aircraft=5 IMP:800000186.json PATHS:500000123.json
[ATTACK-EXCLUDE] [PRIOR][UAV] Resume trimmed by currentWP (lastRemovedWP=600924).
[ATTACK-EXCLUDE] [PRIOR][UAV] Added replan anchor waypoint to done path (anchorWP=601016).
[ATTACK-EXCLUDE] [PRIOR][UAV] Resume sweep trim applied (cutPoints=25, rawCutPoints=25, doneSweepPoints=0, pathID=600000091).
[ATTACK-EXCLUDE] [PRIOR][UAV] Resume searchSpeed scaled (factor=1.30, waypoints=1).
[ATTACK-EXCLUDE] [PRIOR][UAV] Generated done/resume mission -> aircraft=6 IMP:800000188.json PATHS:600000098.json/600000099.json
[ATTACK-EXCLUDE] 공격 배제 MissionPlan 저장 -> 700000042.json (planID=700000042)
[ATTACK-EXCLUDE] ATTACK-EXCLUDE carried area remaining snapshot -> mission_area_snapshot_700000042.json (sourcePlanID=700000038, planID=700000042)
[ATTACK] 공격 임무 계획 완료 (planIds=700000041)
[INFO] UAV params loaded (cruise=40.00, turn_step=15.0)
[INFO] Latest input snapshot → 0201:ID=3,ts=832653591020,src=-, 0203:ID=1,ts=832652848760,src=-
[STEP 0] Using latest 0201 ID 3 (3.json)
[STEP 0] Using latest 0203 ID 1 (1.json)
[CHECK] 0201/0203 필수 데이터 확인 시작
[OK] 0201 inputMissionList 확인됨 (count=5) → 진행
[OK] 0201 availableAircraftList 확인됨 (count=6) → 진행
[OK] 0201 inputMissionPackageType=1 확인
[OK] 0201 mainSensor=1 확인
[CHECK] 0201 기체 수=6 (UAV=3, LAH=3)
[CHECK] 0201 임무: total=5 missingID=0 missingDetail=0 missingShape=0 unknownType=0 typeZeroAuto=0 typeZeroInvalid=0 lineOnlyViolation=0 skippedSinglePoint=0
[OK] 0203 takeOverInfoList 확인됨 (count=3) → 진행
[OK] 0203 handOverInfoList 확인됨 (count=3) → 진행
[OK] 0203 flightAreaList 확인됨 (count=1) → 진행
[CHECK] 0203 flightAreaList count=1
[INFO] 임무 진행영역 스냅샷 적용: sourcePlan=700000038, updated=2, done=0
[INFO] 임무 진행영역 재계획 collapse 적용: groups=2, normalized=3, 5
[INFO] Filtered completed input missions (removed=1, 2, 4, converted=-, widthAdjusted=-, skippedSinglePoint=-, snapshot=updated=2, done=0, collapse=groups=2, normalized=3,5)
[REPLAN][TIME] variant_started_ms=10303.2 wall_ms=1779338491987 variant=1 option=3 mode=attack_exclusion
[variant 1] 공격 배제 병렬 결과 병합
[REPLAN][TIME] attack_exclusion_parallel_joined_ms=10311.1 wall_ms=1779338491995 variant=1 duration_ms=6340.077 wait_ms=0.011
[OK] 공격 배제 variant 저장: MissionPlanID=700000042 (elapsed=6340.1 ms)
[INFO] Option mapping #1: planID=700000042, optionCode=3(공격배제)
[REPLAN][TIME] variant_finished_ms=10311.3 wall_ms=1779338491995 variant=1 option=3 mode=attack_exclusion status=success duration_ms=6340.077
[OK] Stored mission data: MissionPlan=1, IndividualMission=0, FlightPath=0
[REPLAN][TIME] id_tab_update_deferred_ms=10313.3 wall_ms=1779338491997
[REPLAN][TIME] pipeline_done_ms=10313.4 wall_ms=1779338491998 plans=2 force_direct=False
[REPLAN][TIME] 0301_queued_ms=10313.5 wall_ms=1779338491998 plans=2
[STEP 4] 0301 push queued (planIds=700000041, 700000042)
[0301] missionPlanID=700000041 전송
[0301] missionPlanID=700000042 전송
[PUSH] 0301 direct batch send
[REPLAN][TIME] 0301_sent_ms=10847.3 wall_ms=1779338492531 plans=2
[REPLAN][TIME] post_0301_delivery_queued_ms=10848.0 wall_ms=1779338492532 grace_ms=0 timeout_ms=20 force_direct=0 mode=option_or_0901
[INFO] Post-0301 apply queued (mode=option_or_0901, grace=0ms, timeout=20ms, plans=2)
[REPLAN][TIME] 0305_status_2_ms=10851.3 wall_ms=1779338492535 reason=표적93 등 2개 발견
[0305] status=2, reason=표적93 등 2개 발견, elapsed=10.84s 전송
[REPLAN][TIME] post_0301_completion_ready_ms=10852.5 wall_ms=1779338492537 mode=option_or_0901
[REPLAN][METRIC] source_artifact_cache entries=21 hits=39 misses=21
[INFO] Post-0301 ready (timeout) -> sending 0901
[REPLAN][TIME] post_0301_flushed_ms=10873.0 wall_ms=1779338492557 delivery=0901 trigger=timeout
[REPLAN][TIME] 0901_sent_ms=10876.0 wall_ms=1779338492560 options=2
[0901] option request sent (count=2, codes=2(공격특화), 3(공격배제))
[REPLAN][TIME] id_tab_update_flushed_ms=10877.3 wall_ms=1779338492561
[REPLAN][TIME] 0902_received_ms=0.3 wall_ms=1779338500964 trigger=attack_2_option replanLevel=2 optionCount=2 forceDirect=0
[REPLAN][TIME] 0902_archived_ms=1.5 wall_ms=1779338500965 path=replan_request_832653700028.json
[AUTO] 0902 received (planIds=700000043, 700000044)
[REPLAN][TIME] pipeline_scheduled_ms=2.7 wall_ms=1779338500966 delay_ms=0
[REPLAN][TIME] scheduled_start_ms=3.7 wall_ms=1779338500967
[REPLAN][TIME] 0305_status_1_ms=6.0 wall_ms=1779338500969 reason=표적94 발견 재계획
[0305] status=1, reason=표적94 발견 재계획 전송
[INFO] Using latest 0203 ID 1 for missionReferencePackageID (fallback)
[STEP 0] Replan pipeline start (reason=표적94 발견 재계획)
[REPLAN][TIME] attack_exclusion_parallel_started_ms=12.5 wall_ms=1779338500976 option_index=2 sourcePlanID=700000042
[ATTACK-EXCLUDE] parallel generation started (sourcePlanID=700000042, optionIndex=2)
[ATTACK] 공격 특화 재계획 요청 감지 → 전용 파이프라인 실행
[ATTACK] [TIME] select_manned_aircraft=12ms
[ATTACK] STEP1 Selected manned aircraft: aircraft 2 (fuel=1200.0, coord=(37.85672378540039, 128.23350524902344, alt=1199))
[ATTACK] [TIME] load_target_entries=1ms
[ATTACK] STEP2 UAV tracking summary: watcher 5?’target 94, watcher 4?’target unknown-10, watcher 4?’target unknown-13, watcher 4?’target unknown-17, watcher 4?’target unknown-2, watcher 4?’target unknown-22, watcher 4?’target unknown-27, watcher 4?’target unknown-31, watcher 4?’target unknown-33, watcher 4?’target unknown-34, watcher 4?’target unknown-35, watcher 5?’target unknown-12, watcher 5?’target unknown-15, watcher 5?’target unknown-16, watcher 5?’target unknown-18, watcher 5?’target unknown-19, watcher 5?’target unknown-20, watcher 5?’target unknown-28, watcher 5?’target unknown-3, watcher 5?’target unknown-32, watcher 5?’target unknown-36, watcher 5?’target unknown-4, watcher 5?’target unknown-6, watcher 5?’target unknown-7, watcher 5?’target unknown-8, watcher 5?’target unknown-9, watcher 6?’target unknown-1, watcher 6?’target unknown-11, watcher 6?’target unknown-21, watcher 6?’target unknown-23, watcher 6?’target unknown-25, watcher 6?’target unknown-29, watcher 6?’target unknown-30, watcher 6?’target unknown-37, watcher 6?’target unknown-5, watcher 4?’target 77, watcher 6?’target 78, watcher 5?’target 79, watcher 5?’target 80, watcher 4?’target 81, watcher 5?’target 82, watcher 5?’target 83, watcher 5?’target 84, watcher 4?’target 85, watcher 4?’target 86, watcher 5?’target 87, watcher 6?’target 88, watcher 5?’target 89, watcher 6?’target 90, watcher 5?’target 91, watcher 5?’target 92, watcher 4?’target 93
[ATTACK] STEP2.5 Using bundled 0402 targets: target=94 watcher=5
[ATTACK] [ATTACK] Selected target id=94 type=1 weaponType=2 (preferred=2, ammo={'type1': 500, 'type2': 7, 'type3': 2})
[ATTACK] [TIME] compute_attack_point=9ms
[ATTACK] STEP3 Attack plan completed: lat=37.896817, lon=128.200154, alt=975m
[ATTACK] [ATTACK] Using remembered waypoint 601007 for watcher 5 while auto-tracking.
[ATTACK] [ATTACK] Weapon choice aircraft=2 preferred=2 selected=2 ammo={'type1': 500, 'type2': 7, 'type3': 2}
[ATTACK] [ATTACK][ETA] Tracking ETA computed with LAH max attack speed (dist=5333.3m, speed=73.61m/s, +30s) -> 102s
[ATTACK] [ATTACK] Using requested missionPlanID 700000043 (sourcePlanID=700000042)
[ATTACK] [ATTACK][POINT] Primary target adaptive standoff mode=far_projected_to_preferred_standoff currentDist=7333.333505266336m candidateDist=2000.0000000003165m standoff=300.0/2000.0m.
[ATTACK] [ATTACK][ETA] UAV 4 remaining mission time: 0.0s
[ATTACK] [ATTACK][ETA] UAV 6 remaining mission time: 0.0s
[ATTACK] [ATTACK][ETA] Non-tracking UAV ETA selected: UAV 4 with 0s remaining
[ATTACK] [ATTACK][ETA] All tracking ETAs unified to 0s
[ATTACK] [ATTACK][COLLAB] Remaining UAV entry lookahead applied: 9.0s (pathFollow=3, linearFallback=3, currentOnly=0)
[ATTACK] [PRIOR] Falling back to first mission for aircraft 2 (current waypoint not found in plan).
[FOV_DB] loaded 7010 rows, 7008 unique widths, path=C:\Users\TRL98\Desktop\LAH_MUMT\branNew\KU\DSS_KU\resource\db\fov_db_탱크_72_38_6_3.2.csv
[ATTACK] [ATTACK][LAH] Using max attack speed 73.61m/s (265.0km/h) for aircraft 2.
[ATTACK] [ATTACK][LAH] Inferred current waypoint from position -> 350853.
[ATTACK] [ATTACK][LAH] Dropped current waypoint from resume path (currentWP=350853, nextWP=350854).
[ATTACK] [ATTACK][LAH] Preserved completed prefix, inserted attack, and reattached 1 follow-up mission(s).
[ATTACK] [ATTACK][LAH] Generated attack/resume missions -> IMP:800000194.json PATHS:200000073.json/200000074.json (followUps=1)
[ATTACK] [PRIOR] Falling back to first mission for aircraft 1 (current waypoint not found in plan).
[ATTACK] [ATTACK][LAH] Inferred current waypoint from position -> 350849.
[ATTACK] [ATTACK][LAH] Dropped current waypoint from resume path (currentWP=350849, nextWP=350850).
[ATTACK] [ATTACK][LAH] Preserved completed prefix, inserted hold, and reattached 1 follow-up mission(s).
[ATTACK] [ATTACK][LAH] Generated hold/resume missions -> IMP:800000197.json PATHS:100000072.json/100000073.json (followUps=1)
[ATTACK] [PRIOR] Falling back to first mission for aircraft 3 (current waypoint not found in plan).
[ATTACK] [ATTACK][LAH] Inferred current waypoint from position -> 350857.
[ATTACK] [ATTACK][LAH] Dropped current waypoint from resume path (currentWP=350857, nextWP=350858).
[ATTACK] [ATTACK][LAH] Preserved completed prefix, inserted hold, and reattached 1 follow-up mission(s).
[ATTACK] [ATTACK][LAH] Generated hold/resume missions -> IMP:800000200.json PATHS:300000073.json/300000074.json (followUps=1)
[ATTACK] [NEXTCOLLAB] division planner area-division pieces=2
[ATTACK] [NEXTCOLLAB] division planner final workflow=no_split paths=2
[ATTACK] [ATTACK][COLLAB] Collaborative replacement IMP written (aircraft=4, imp=800000198.json, missions=1).
[ATTACK] [ATTACK][COLLAB] Collaborative replacement IMP written (aircraft=6, imp=800000199.json, missions=1).
[ATTACK] [ATTACK][COLLAB] First sweep searchSpeed boosted (aircraft=4, pathID=400000114, waypointID=601059, factor=1.30, old=749.11, new=973.85).
[ATTACK] [ATTACK][COLLAB] First sweep searchSpeed boosted (aircraft=6, pathID=600000101, waypointID=601071, factor=1.30, old=682.03, new=886.64).
[ATTACK] [ATTACK][COLLAB] Collaborative remaining mission replanned (inputMissionID=5, unavailable=[5], remaining=[4, 6], workflow=no_split).
[ATTACK] [ATTACK][UAV] Tracking target altitude kept for sensor only; flight altitude replaced 675m -> 1887m.
[ATTACK] [ATTACK][UAV] Source path has a single waypoint; preserving it as done and skipping done/resume split.
[ATTACK] [ATTACK][COLLAB] Tracking UAV resume replaced with release transit (aircraft=5, targetFinishEta=77, speed=58.0m/s).
[ATTACK] [ATTACK][UAV] Preserved completed prefix, inserted tracking, and reattached 1 follow-up mission(s).
[ATTACK] [ATTACK][UAV] Generated tracking/resume missions -> IMP:800000201.json PATHS:500000133.json/500000134.json (followUps=1)
[ATTACK] [ATTACK][UAV] Tracking assignment state saved (aircraft=5, sourcePlan=700000042, attackPlan=700000043).
[ATTACK] [ATTACK][COLLAB] Aircraft 4 handled by collaborative remaining replan (inputMissionID=5).
[ATTACK] [ATTACK][COLLAB] Aircraft 6 handled by collaborative remaining replan (inputMissionID=5).
[ATTACK] [ATTACK][PLAN] carried area remaining snapshot -> mission_area_snapshot_700000043.json (sourcePlanID=700000042, planID=700000043)
[ATTACK] [ATTACK][PLAN] MissionPlan saved -> 700000043.json (planID=700000043)
[ATTACK] [ATTACK][TIME] override_detail={"phases": {"metadata_normalize": {"elapsedMs": 0.007, "attackTargetCount": 1, "selectedMannedCount": 1}, "agent_index": {"elapsedMs": 0.091, "aircraftCount": 6}, "weapon_choice": {"elapsedMs": 5.877, "selectedWeaponType": 2, "ammoAvailable": true}, "initial_tracking_eta": {"elapsedMs": 0.991, "useDetectionTracking": true, "trackingEtaS": 102}, "resolve_source_plan": {"elapsedMs": 5.125, "sourcePlanID": 700000042}, "source_plan_load": {"elapsedMs": 0.623, "sourcePlanID": 700000042, "aircraftCount": 6}, "sweep_progress_load": {"elapsedMs": 3.269, "entries": 78}, "plan_id_resolve": {"elapsedMs": 0.027, "requested": true, "missionPlanID": 700000043}, "source_artifact_cache_build": {"elapsedMs": 0.019, "aircraftEntries": 6}, "done_input_ids_load": {"elapsedMs": 2.149, "count": 3}, "plan_deepcopy": {"elapsedMs": 0.085}, "target_uav_assignment": {"elapsedMs": 0.866, "assignedTargetCount": 1, "usedTrackingUavCount": 1}, "manned_sequence_assignment": {"elapsedMs": 4.28, "aircraftCount": 1, "error": null}, "attack_coordinate_resolution": {"elapsedMs": 2.867, "resolvedCount": 1, "mannedSequenceCount": 1}, "remaining_eta": {"elapsedMs": 10.857, "allUavCount": 3, "trackingUavCount": 1, "computedEtaCount": 1, "adjustedEtaS": 0}, "descriptor_list_build": {"elapsedMs": 0.039, "descriptorCount": 6, "activeMannedCount": 1, "otherLahCount": 2, "otherUavCount": 2}, "collab_tracking_scan": {"elapsedMs": 2.774, "inputCount": 1, "unavailableUavCount": 1}, "collab_agent_state_map": {"elapsedMs": 11.947, "aircraftCount": 6}, "collab_parallel_started": {"elapsedMs": 0.823, "inputCount": 1, "workers": 1}, "collab_parallel_join": {"elapsedMs": 4.272, "waitReason": "UAV_TRACK", "inputCount": 1}, "descriptor_loop": {"elapsedMs": 9461.319, "descriptorCount": 6, "updateCount": 4}, "final_collab_plan_update": {"elapsedMs": 0.013, "collabInputCount": 1}, "mission_plan_write": {"elapsedMs": 13.484, "missionPlanID": 700000043}, "option_meta_build": {"elapsedMs": 0.055, "targetCount": 1, "collabInputCount": 1}}, "collabRuns": [{"inputMissionID": 5, "unavailableAircraftIDs": [5], "elapsedMs": 6521.669, "status": "ok", "replacementAircraftIDs": [4, 6], "generatedPathCount": 2, "finishEtaS": 77, "workflow": "no_split"}], "descriptorDetails": [{"aircraftID": 2, "label": "manned", "mode": "LAH_ATTACK", "resolveArtifacts": {"elapsedMs": 1.462, "currentWaypointID": null, "sourcePathID": 200000058, "sourceImpID": 800000149}, "loadArtifacts": {"elapsedMs": 0.006, "impLoaded": true, "fpLoaded": true}, "cloneAndLocateMission": {"elapsedMs": 0.126, "missionCount": 2, "targetIndex": 0}, "allocateAndPlanUpdate": {"elapsedMs": 29.373, "newImpID": 800000194}, "builder": {"elapsedMs": 4407.184, "builderMode": "LAH_ATTACK"}, "builderDetail": {"allocate_ids": {"elapsedMs": 1409.074, "attackPathID": 200000073, "resumePathID": 200000074, "attackIndividualID": 900000478, "resumeIndividualID": 900000479, "entryWaypointID": 601048, "attackWaypointID": 601049}, "split_lah_resume": {"elapsedMs": 1401.036, "resumeWaypointCount": 1, "removedWaypointID": 350853}, "clone_followups": {"elapsedMs": 1247.359, "followUpMissionCount": 1, "followUpPathCount": 1}, "payload_build": {"elapsedMs": 338.856, "hasResume": true, "followUpMissionCount": 1, "attackSpeedMps": 73.61}, "write_json": {"elapsedMs": 4.704, "fileCount": 4}, "totalMs": 4404.662}, "status": "ok", "elapsedMs": 4438.315}, {"aircraftID": 1, "label": "lah_hold_1", "mode": "LAH_HOLD_RESUME", "resolveArtifacts": {"elapsedMs": 0.799, "currentWaypointID": null, "sourcePathID": 100000057, "sourceImpID": 800000148}, "loadArtifacts": {"elapsedMs": 0.006, "impLoaded": true, "fpLoaded": true}, "cloneAndLocateMission": {"elapsedMs": 0.146, "missionCount": 2, "targetIndex": 0}, "allocateAndPlanUpdate": {"elapsedMs": 316.656, "newImpID": 800000197}, "builder": {"elapsedMs": 2339.916, "builderMode": "LAH_HOLD_RESUME"}, "builderDetail": {"allocate_ids": {"elapsedMs": 42.52, "holdPathID": 100000072, "resumePathID": 100000073, "holdIndividualID": 900000487, "resumeIndividualID": 900000488}, "split_lah_resume": {"elapsedMs": 1661.497, "resumeWaypointCount": 1, "removedWaypointID": 350849}, "clone_followups": {"elapsedMs": 332.208, "followUpMissionCount": 1, "followUpPathCount": 1}, "payload_build": {"elapsedMs": 627.832, "hasResume": true, "followUpMissionCount": 1}, "write_json": {"elapsedMs": 4.212, "fileCount": 4}, "totalMs": 2339.875}, "status": "ok", "elapsedMs": 2657.666}, {"aircraftID": 3, "label": "lah_hold_3", "mode": "LAH_HOLD_RESUME", "resolveArtifacts": {"elapsedMs": 0.629, "currentWaypointID": null, "sourcePathID": 300000058, "sourceImpID": 800000150}, "loadArtifacts": {"elapsedMs": 0.006, "impLoaded": true, "fpLoaded": true}, "cloneAndLocateMission": {"elapsedMs": 0.117, "missionCount": 2, "targetIndex": 0}, "allocateAndPlanUpdate": {"elapsedMs": 8.609, "newImpID": 800000200}, "builder": {"elapsedMs": 1396.685, "builderMode": "LAH_HOLD_RESUME"}, "builderDetail": {"allocate_ids": {"elapsedMs": 23.129, "holdPathID": 300000073, "resumePathID": 300000074, "holdIndividualID": 900000490, "resumeIndividualID": 900000491}, "split_lah_resume": {"elapsedMs": 825.002, "resumeWaypointCount": 1, "removedWaypointID": 350857}, "clone_followups": {"elapsedMs": 281.451, "followUpMissionCount": 1, "followUpPathCount": 1}, "payload_build": {"elapsedMs": 540.12, "hasResume": true, "followUpMissionCount": 1}, "write_json": {"elapsedMs": 4.785, "fileCount": 4}, "totalMs": 1396.644}, "status": "ok", "elapsedMs": 1406.184}, {"aircraftID": 5, "label": "uav_tracking_5", "mode": "UAV_TRACK", "resolveArtifacts": {"elapsedMs": 0.028, "currentWaypointID": 601007, "sourcePathID": 500000123, "sourceImpID": 800000186}, "loadArtifacts": {"elapsedMs": 0.005, "impLoaded": true, "fpLoaded": true}, "cloneAndLocateMission": {"elapsedMs": 0.214, "missionCount": 2, "targetIndex": 0}, "allocateAndPlanUpdate": {"elapsedMs": 9.272, "newImpID": 800000201}, "builder": {"elapsedMs": 931.369, "builderMode": "UAV_TRACK"}, "builderDetail": {"allocate_ids": {"elapsedMs": 301.85, "donePathID": 500000132, "attackPathID": 500000133, "resumePathID": 500000134, "trackingIndividualID": 900000493, "resumeIndividualID": 900000494, "targetWaypointID": 601084}, "split_done_resume": {"elapsedMs": 1.008, "sourceSinglePoint": true, "doneWaypointCount": 1, "resumeWaypointCount": 0, "removedWaypointID": 601007}, "clone_followups": {"elapsedMs": 310.956, "followUpMissionCount": 1, "followUpPathCount": 1}, "release_resume": {"elapsedMs": 262.243, "releaseWaypointCount": 2, "targetFinishEtaS": 77}, "write_json": {"elapsedMs": 46.135, "fileCount": 5}, "totalMs": 927.478}, "trackingState": {"elapsedMs": 10.577}, "status": "ok", "elapsedMs": 952.325}, {"aircraftID": 4, "label": "uav_resume_4", "mode": "UAV_RESUME", "resolveArtifacts": {"elapsedMs": 0.039, "currentWaypointID": 600994, "sourcePathID": 400000105, "sourceImpID": 800000184}, "loadArtifacts": {"elapsedMs": 0.005, "impLoaded": true, "fpLoaded": true}, "cloneAndLocateMission": {"elapsedMs": 0.233, "missionCount": 2, "targetIndex": 0}, "status": "handled_by_collab", "elapsedMs": 1.032}, {"aircraftID": 6, "label": "uav_resume_6", "mode": "UAV_RESUME", "resolveArtifacts": {"elapsedMs": 0.027, "currentWaypointID": 601021, "sourcePathID": 600000099, "sourceImpID": 800000188}, "loadArtifacts": {"elapsedMs": 0.004, "impLoaded": true, "fpLoaded": true}, "cloneAndLocateMission": {"elapsedMs": 0.196, "missionCount": 2, "targetIndex": 0}, "status": "handled_by_collab", "elapsedMs": 0.887}], "totalMs": 9521}
[ATTACK] [ATTACK][TIME] override_total=9521ms
[ATTACK] [TIME] apply_attack_plan_overrides=9537ms
[ATTACK] [TIME] timingMs={"read_source": 14.768, "descriptor_build": 5.892, "write_artifacts": 9548.911, "delivery_wait": 10.591}
[ATTACK] [TIME] total=9584ms
[ATTACK] 분석 로그 저장: C:\Users\TRL98\Desktop\LAH_MUMT\Logs\Scenario_2026-05-21T132543\SBC3\DSS_Internal\log_attack_algorithm_20260521T044150_560729.json
[ATTACK] mark target used: targetIDs=94
[ATTACK-EXCLUDE] ATTACK-EXCLUDE using requested missionPlanID 700000044 (sourcePlanID=700000042)
[ATTACK-EXCLUDE] [PRIOR][UAV] Resume sweep trim applied (cutPoints=7, rawCutPoints=7, doneSweepPoints=0, pathID=400000105).
[ATTACK-EXCLUDE] [PRIOR][UAV] Resume searchSpeed scaled (factor=1.30, waypoints=1).
[ATTACK-EXCLUDE] [PRIOR][UAV] Generated done/resume mission -> aircraft=4 IMP:800000193.json PATHS:400000112.json
[ATTACK-EXCLUDE] [PRIOR][UAV] Resume sweep trim applied (cutPoints=4, rawCutPoints=4, doneSweepPoints=0, pathID=500000123).
[ATTACK-EXCLUDE] [PRIOR][UAV] Resume searchSpeed scaled (factor=1.30, waypoints=1).
[ATTACK-EXCLUDE] [PRIOR][UAV] Generated done/resume mission -> aircraft=5 IMP:800000195.json PATHS:500000130.json
[ATTACK-EXCLUDE] [PRIOR][UAV] Resume sweep trim applied (cutPoints=16, rawCutPoints=16, doneSweepPoints=0, pathID=600000099).
[ATTACK-EXCLUDE] [PRIOR][UAV] Resume searchSpeed scaled (factor=1.30, waypoints=1).
[ATTACK-EXCLUDE] [PRIOR][UAV] Generated done/resume mission -> aircraft=6 IMP:800000196.json PATHS:600000103.json
[ATTACK-EXCLUDE] 공격 배제 MissionPlan 저장 -> 700000044.json (planID=700000044)
[ATTACK-EXCLUDE] ATTACK-EXCLUDE carried area remaining snapshot -> mission_area_snapshot_700000044.json (sourcePlanID=700000042, planID=700000044)
[ATTACK] 공격 임무 계획 완료 (planIds=700000043)
[INFO] UAV params loaded (cruise=40.00, turn_step=15.0)
[INFO] Latest input snapshot → 0201:ID=3,ts=832653591020,src=-, 0203:ID=1,ts=832652848760,src=-
[STEP 0] Using latest 0201 ID 3 (3.json)
[STEP 0] Using latest 0203 ID 1 (1.json)
[CHECK] 0201/0203 필수 데이터 확인 시작
[OK] 0201 inputMissionList 확인됨 (count=5) → 진행
[OK] 0201 availableAircraftList 확인됨 (count=6) → 진행
[OK] 0201 inputMissionPackageType=1 확인
[OK] 0201 mainSensor=1 확인
[CHECK] 0201 기체 수=6 (UAV=3, LAH=3)
[CHECK] 0201 임무: total=5 missingID=0 missingDetail=0 missingShape=0 unknownType=0 typeZeroAuto=0 typeZeroInvalid=0 lineOnlyViolation=0 skippedSinglePoint=0
[OK] 0203 takeOverInfoList 확인됨 (count=3) → 진행
[OK] 0203 handOverInfoList 확인됨 (count=3) → 진행
[OK] 0203 flightAreaList 확인됨 (count=1) → 진행
[CHECK] 0203 flightAreaList count=1
[INFO] 임무 진행영역 스냅샷 적용: sourcePlan=700000042, updated=2, done=0
[INFO] 임무 진행영역 재계획 collapse 적용: groups=2, normalized=3, 5
[INFO] Filtered completed input missions (removed=1, 2, 4, converted=-, widthAdjusted=-, skippedSinglePoint=-, snapshot=updated=2, done=0, collapse=groups=2, normalized=3,5)
[REPLAN][TIME] variant_started_ms=9637.6 wall_ms=1779338510601 variant=1 option=3 mode=attack_exclusion
[variant 1] 공격 배제 병렬 결과 병합
[REPLAN][TIME] attack_exclusion_parallel_joined_ms=9645.3 wall_ms=1779338510609 variant=1 duration_ms=6309.025 wait_ms=0.011
[OK] 공격 배제 variant 저장: MissionPlanID=700000044 (elapsed=6309.0 ms)
[INFO] Option mapping #1: planID=700000044, optionCode=3(공격배제)
[REPLAN][TIME] variant_finished_ms=9645.6 wall_ms=1779338510609 variant=1 option=3 mode=attack_exclusion status=success duration_ms=6309.025
[OK] Stored mission data: MissionPlan=1, IndividualMission=0, FlightPath=0
[REPLAN][TIME] id_tab_update_deferred_ms=9646.6 wall_ms=1779338510610
[REPLAN][TIME] pipeline_done_ms=9646.7 wall_ms=1779338510610 plans=2 force_direct=False
[REPLAN][TIME] 0301_queued_ms=9646.7 wall_ms=1779338510610 plans=2
[STEP 4] 0301 push queued (planIds=700000043, 700000044)
[0301] missionPlanID=700000043 전송
[0301] missionPlanID=700000044 전송
[PUSH] 0301 direct batch send
[REPLAN][TIME] 0301_sent_ms=10203.5 wall_ms=1779338511167 plans=2
[REPLAN][TIME] post_0301_delivery_queued_ms=10204.2 wall_ms=1779338511167 grace_ms=0 timeout_ms=20 force_direct=0 mode=option_or_0901
[INFO] Post-0301 apply queued (mode=option_or_0901, grace=0ms, timeout=20ms, plans=2)
[REPLAN][TIME] 0305_status_2_ms=10207.5 wall_ms=1779338511171 reason=표적94 발견 재계획
[0305] status=2, reason=표적94 발견 재계획, elapsed=10.20s 전송
[REPLAN][TIME] post_0301_completion_ready_ms=10208.8 wall_ms=1779338511172 mode=option_or_0901
[REPLAN][METRIC] source_artifact_cache entries=21 hits=39 misses=21
[INFO] Post-0301 ready (timeout) -> sending 0901
[REPLAN][TIME] post_0301_flushed_ms=10247.4 wall_ms=1779338511211 delivery=0901 trigger=timeout
[REPLAN][TIME] 0901_sent_ms=10249.8 wall_ms=1779338511213 options=2
[0901] option request sent (count=2, codes=2(공격특화), 3(공격배제))
[REPLAN][TIME] id_tab_update_flushed_ms=10251.5 wall_ms=1779338511215
[REPLAN][TIME] 0902_received_ms=0.2 wall_ms=1779338521623 trigger=attack_2_option replanLevel=2 optionCount=2 forceDirect=0
[REPLAN][TIME] 0902_archived_ms=2.5 wall_ms=1779338521625 path=replan_request_832653720282.json
[AUTO] 0902 received (planIds=700000045, 700000046)
[REPLAN][TIME] pipeline_scheduled_ms=3.8 wall_ms=1779338521627 delay_ms=0
[REPLAN][TIME] scheduled_start_ms=5.0 wall_ms=1779338521628
[REPLAN][TIME] 0305_status_1_ms=7.4 wall_ms=1779338521630 reason=표적96 발견 재계획
[0305] status=1, reason=표적96 발견 재계획 전송
[INFO] Using latest 0203 ID 1 for missionReferencePackageID (fallback)
[STEP 0] Replan pipeline start (reason=표적96 발견 재계획)
[REPLAN][TIME] attack_exclusion_parallel_started_ms=14.0 wall_ms=1779338521637 option_index=2 sourcePlanID=700000044
[ATTACK-EXCLUDE] parallel generation started (sourcePlanID=700000044, optionIndex=2)
[ATTACK] 공격 특화 재계획 요청 감지 → 전용 파이프라인 실행
[ATTACK] [TIME] select_manned_aircraft=11ms
[ATTACK] STEP1 Selected manned aircraft: aircraft 3 (fuel=1200.0, coord=(37.8477783203125, 128.23300170898438, alt=1199))
[ATTACK] [TIME] load_target_entries=2ms
[ATTACK] STEP2 UAV tracking summary: watcher 6?’target 96, watcher 4?’target unknown-10, watcher 4?’target unknown-13, watcher 4?’target unknown-17, watcher 4?’target unknown-2, watcher 4?’target unknown-22, watcher 4?’target unknown-27, watcher 4?’target unknown-31, watcher 4?’target unknown-33, watcher 4?’target unknown-34, watcher 4?’target unknown-35, watcher 4?’target unknown-38, watcher 5?’target unknown-12, watcher 5?’target unknown-15, watcher 5?’target unknown-16, watcher 5?’target unknown-18, watcher 5?’target unknown-19, watcher 5?’target unknown-20, watcher 5?’target unknown-28, watcher 5?’target unknown-3, watcher 5?’target unknown-32, watcher 5?’target unknown-36, watcher 5?’target unknown-4, watcher 5?’target unknown-6, watcher 5?’target unknown-7, watcher 5?’target unknown-8, watcher 5?’target unknown-9, watcher 6?’target unknown-1, watcher 6?’target unknown-11, watcher 6?’target unknown-21, watcher 6?’target unknown-23, watcher 6?’target unknown-25, watcher 6?’target unknown-29, watcher 6?’target unknown-30, watcher 6?’target unknown-37, watcher 6?’target unknown-39, watcher 6?’target unknown-5, watcher 4?’target 77, watcher 6?’target 78, watcher 5?’target 79, watcher 5?’target 80, watcher 4?’target 81, watcher 5?’target 82, watcher 5?’target 83, watcher 5?’target 84, watcher 4?’target 85, watcher 4?’target 86, watcher 5?’target 87, watcher 6?’target 88, watcher 5?’target 89, watcher 6?’target 90, watcher 5?’target 91, watcher 5?’target 92, watcher 4?’target 93, watcher 5?’target 94
[ATTACK] STEP2.5 Using bundled 0402 targets: target=96 watcher=6
[ATTACK] [ATTACK] Selected target id=96 type=4 weaponType=3 (preferred=3, ammo={'type1': 500, 'type2': 7, 'type3': 2})
[ATTACK] [TIME] compute_attack_point=9ms
[ATTACK] STEP3 Attack plan completed: lat=37.891197, lon=128.206365, alt=1068m
[ATTACK] [ATTACK] Using remembered waypoint 601073 for watcher 6 while auto-tracking.
[ATTACK] [ATTACK] Weapon choice aircraft=3 preferred=3 selected=3 ammo={'type1': 500, 'type2': 7, 'type3': 2}
[ATTACK] [ATTACK][ETA] Tracking ETA computed with LAH max attack speed (dist=5364.2m, speed=73.61m/s, +30s) -> 103s
[ATTACK] [ATTACK] Using requested missionPlanID 700000045 (sourcePlanID=700000044)
[ATTACK] [ATTACK][POINT] Primary target adaptive standoff mode=far_projected_to_preferred_standoff currentDist=7364.242996161572m candidateDist=2000.0000000004454m standoff=300.0/2000.0m.
[ATTACK] [ATTACK][ETA] UAV 4 remaining mission time: 0.0s
[ATTACK] [ATTACK][ETA] UAV 5 remaining mission time: 0.0s
[ATTACK] [ATTACK][ETA] Non-tracking UAV ETA selected: UAV 4 with 0s remaining
[ATTACK] [ATTACK][ETA] All tracking ETAs unified to 0s
[ATTACK] [ATTACK][COLLAB] Remaining UAV entry lookahead applied: 9.0s (pathFollow=3, linearFallback=3, currentOnly=0)
[ATTACK] [PRIOR] Falling back to first mission for aircraft 3 (current waypoint not found in plan).
[FOV_DB] loaded 7010 rows, 7008 unique widths, path=C:\Users\TRL98\Desktop\LAH_MUMT\branNew\KU\DSS_KU\resource\db\fov_db_탱크_72_38_6_3.2.csv
[ATTACK] [ATTACK][LAH] Using max attack speed 73.61m/s (265.0km/h) for aircraft 3.
[ATTACK] [ATTACK][LAH] Inferred current waypoint from position -> 350857.
[ATTACK] [ATTACK][LAH] Dropped current waypoint from resume path (currentWP=350857, nextWP=350858).
[ATTACK] [ATTACK][LAH] Preserved completed prefix, inserted attack, and reattached 1 follow-up mission(s).
[ATTACK] [ATTACK][LAH] Generated attack/resume missions -> IMP:800000203.json PATHS:300000076.json/300000077.json (followUps=1)
[ATTACK] [PRIOR] Falling back to first mission for aircraft 1 (current waypoint not found in plan).
[ATTACK] [ATTACK][LAH] Inferred current waypoint from position -> 350849.
[ATTACK] [ATTACK][LAH] Dropped current waypoint from resume path (currentWP=350849, nextWP=350850).
[ATTACK] [ATTACK][LAH] Preserved completed prefix, inserted hold, and reattached 1 follow-up mission(s).
[ATTACK] [ATTACK][LAH] Generated hold/resume missions -> IMP:800000206.json PATHS:100000075.json/100000076.json (followUps=1)
[ATTACK] [PRIOR] Falling back to first mission for aircraft 2 (current waypoint not found in plan).
[ATTACK] [ATTACK][LAH] Inferred current waypoint from position -> 350853.
[ATTACK] [ATTACK][LAH] Dropped current waypoint from resume path (currentWP=350853, nextWP=350854).
[ATTACK] [ATTACK][LAH] Preserved completed prefix, inserted hold, and reattached 1 follow-up mission(s).
[ATTACK] [ATTACK][LAH] Generated hold/resume missions -> IMP:800000209.json PATHS:200000076.json/200000077.json (followUps=1)
[ATTACK] [NEXTCOLLAB] division planner area-division pieces=2
[ATTACK] [NEXTCOLLAB] division planner final workflow=no_split paths=2
[ATTACK] [ATTACK][COLLAB] Collaborative replacement IMP written (aircraft=4, imp=800000207.json, missions=1).
[ATTACK] [ATTACK][COLLAB] Collaborative replacement IMP written (aircraft=5, imp=800000208.json, missions=1).
[ATTACK] [ATTACK][COLLAB] First sweep searchSpeed boosted (aircraft=4, pathID=400000118, waypointID=601102, factor=1.30, old=311.82, new=405.36).
[ATTACK] [ATTACK][COLLAB] First sweep searchSpeed boosted (aircraft=5, pathID=500000139, waypointID=601113, factor=1.30, old=530.89, new=690.15).
[ATTACK] [ATTACK][COLLAB] Collaborative remaining mission replanned (inputMissionID=5, unavailable=[6], remaining=[4, 5], workflow=no_split).
[ATTACK] [ATTACK][UAV] Source path has a single waypoint; preserving it as done and skipping done/resume split.
[ATTACK] [ATTACK][COLLAB] Tracking UAV resume replaced with release transit (aircraft=6, targetFinishEta=85, speed=58.0m/s).
[ATTACK] [ATTACK][UAV] Preserved completed prefix, inserted tracking, and reattached 1 follow-up mission(s).
[ATTACK] [ATTACK][UAV] Generated tracking/resume missions -> IMP:800000210.json PATHS:600000109.json/600000110.json (followUps=1)
[ATTACK] [ATTACK][UAV] Tracking assignment state saved (aircraft=6, sourcePlan=700000044, attackPlan=700000045).
[ATTACK] [ATTACK][COLLAB] Aircraft 4 handled by collaborative remaining replan (inputMissionID=5).
[ATTACK] [ATTACK][COLLAB] Aircraft 5 handled by collaborative remaining replan (inputMissionID=5).
[ATTACK] [ATTACK][PLAN] carried area remaining snapshot -> mission_area_snapshot_700000045.json (sourcePlanID=700000044, planID=700000045)
[ATTACK] [ATTACK][PLAN] MissionPlan saved -> 700000045.json (planID=700000045)
[ATTACK] [ATTACK][TIME] override_detail={"phases": {"metadata_normalize": {"elapsedMs": 0.007, "attackTargetCount": 1, "selectedMannedCount": 1}, "agent_index": {"elapsedMs": 0.124, "aircraftCount": 6}, "weapon_choice": {"elapsedMs": 5.099, "selectedWeaponType": 3, "ammoAvailable": true}, "initial_tracking_eta": {"elapsedMs": 0.902, "useDetectionTracking": true, "trackingEtaS": 103}, "resolve_source_plan": {"elapsedMs": 5.577, "sourcePlanID": 700000044}, "source_plan_load": {"elapsedMs": 0.59, "sourcePlanID": 700000044, "aircraftCount": 6}, "sweep_progress_load": {"elapsedMs": 1.26, "entries": 84}, "plan_id_resolve": {"elapsedMs": 0.027, "requested": true, "missionPlanID": 700000045}, "source_artifact_cache_build": {"elapsedMs": 0.019, "aircraftEntries": 6}, "done_input_ids_load": {"elapsedMs": 1.928, "count": 3}, "plan_deepcopy": {"elapsedMs": 0.087}, "target_uav_assignment": {"elapsedMs": 0.968, "assignedTargetCount": 1, "usedTrackingUavCount": 1}, "manned_sequence_assignment": {"elapsedMs": 3.203, "aircraftCount": 1, "error": null}, "attack_coordinate_resolution": {"elapsedMs": 2.432, "resolvedCount": 1, "mannedSequenceCount": 1}, "remaining_eta": {"elapsedMs": 8.18, "allUavCount": 3, "trackingUavCount": 1, "computedEtaCount": 1, "adjustedEtaS": 0}, "descriptor_list_build": {"elapsedMs": 0.031, "descriptorCount": 6, "activeMannedCount": 1, "otherLahCount": 2, "otherUavCount": 2}, "collab_tracking_scan": {"elapsedMs": 1.923, "inputCount": 1, "unavailableUavCount": 1}, "collab_agent_state_map": {"elapsedMs": 10.615, "aircraftCount": 6}, "collab_parallel_started": {"elapsedMs": 0.736, "inputCount": 1, "workers": 1}, "collab_parallel_join": {"elapsedMs": 4.368, "waitReason": "UAV_TRACK", "inputCount": 1}, "descriptor_loop": {"elapsedMs": 9595.611, "descriptorCount": 6, "updateCount": 4}, "final_collab_plan_update": {"elapsedMs": 0.014, "collabInputCount": 1}, "mission_plan_write": {"elapsedMs": 17.223, "missionPlanID": 700000045}, "option_meta_build": {"elapsedMs": 0.049, "targetCount": 1, "collabInputCount": 1}}, "collabRuns": [{"inputMissionID": 5, "unavailableAircraftIDs": [6], "elapsedMs": 5176.228, "status": "ok", "replacementAircraftIDs": [4, 5], "generatedPathCount": 2, "finishEtaS": 85, "workflow": "no_split"}], "descriptorDetails": [{"aircraftID": 3, "label": "manned", "mode": "LAH_ATTACK", "resolveArtifacts": {"elapsedMs": 0.796, "currentWaypointID": null, "sourcePathID": 300000058, "sourceImpID": 800000150}, "loadArtifacts": {"elapsedMs": 0.004, "impLoaded": true, "fpLoaded": true}, "cloneAndLocateMission": {"elapsedMs": 0.078, "missionCount": 2, "targetIndex": 0}, "allocateAndPlanUpdate": {"elapsedMs": 12.566, "newImpID": 800000203}, "builder": {"elapsedMs": 4788.79, "builderMode": "LAH_ATTACK"}, "builderDetail": {"allocate_ids": {"elapsedMs": 1663.25, "attackPathID": 300000076, "resumePathID": 300000077, "attackIndividualID": 900000498, "resumeIndividualID": 900000499, "entryWaypointID": 601093, "attackWaypointID": 601095}, "split_lah_resume": {"elapsedMs": 1264.684, "resumeWaypointCount": 1, "removedWaypointID": 350857}, "clone_followups": {"elapsedMs": 946.231, "followUpMissionCount": 1, "followUpPathCount": 1}, "payload_build": {"elapsedMs": 903.161, "hasResume": true, "followUpMissionCount": 1, "attackSpeedMps": 73.61}, "write_json": {"elapsedMs": 4.463, "fileCount": 4}, "totalMs": 4786.53}, "status": "ok", "elapsedMs": 4802.361}, {"aircraftID": 1, "label": "lah_hold_1", "mode": "LAH_HOLD_RESUME", "resolveArtifacts": {"elapsedMs": 0.882, "currentWaypointID": null, "sourcePathID": 100000057, "sourceImpID": 800000148}, "loadArtifacts": {"elapsedMs": 0.006, "impLoaded": true, "fpLoaded": true}, "cloneAndLocateMission": {"elapsedMs": 0.095, "missionCount": 2, "targetIndex": 0}, "allocateAndPlanUpdate": {"elapsedMs": 282.596, "newImpID": 800000206}, "builder": {"elapsedMs": 2106.609, "builderMode": "LAH_HOLD_RESUME"}, "builderDetail": {"allocate_ids": {"elapsedMs": 66.646, "holdPathID": 100000075, "resumePathID": 100000076, "holdIndividualID": 900000506, "resumeIndividualID": 900000507}, "split_lah_resume": {"elapsedMs": 1148.855, "resumeWaypointCount": 1, "removedWaypointID": 350849}, "clone_followups": {"elapsedMs": 626.812, "followUpMissionCount": 1, "followUpPathCount": 1}, "payload_build": {"elapsedMs": 882.351, "hasResume": true, "followUpMissionCount": 1}, "write_json": {"elapsedMs": 4.648, "fileCount": 4}, "totalMs": 2106.562}, "status": "ok", "elapsedMs": 2390.325}, {"aircraftID": 2, "label": "lah_hold_2", "mode": "LAH_HOLD_RESUME", "resolveArtifacts": {"elapsedMs": 0.62, "currentWaypointID": null, "sourcePathID": 200000058, "sourceImpID": 800000149}, "loadArtifacts": {"elapsedMs": 0.005, "impLoaded": true, "fpLoaded": true}, "cloneAndLocateMission": {"elapsedMs": 0.092, "missionCount": 2, "targetIndex": 0}, "allocateAndPlanUpdate": {"elapsedMs": 7.372, "newImpID": 800000209}, "builder": {"elapsedMs": 1474.66, "builderMode": "LAH_HOLD_RESUME"}, "builderDetail": {"allocate_ids": {"elapsedMs": 21.363, "holdPathID": 200000076, "resumePathID": 200000077, "holdIndividualID": 900000510, "resumeIndividualID": 900000511}, "split_lah_resume": {"elapsedMs": 855.299, "resumeWaypointCount": 1, "removedWaypointID": 350853}, "clone_followups": {"elapsedMs": 314.882, "followUpMissionCount": 1, "followUpPathCount": 1}, "payload_build": {"elapsedMs": 586.153, "hasResume": true, "followUpMissionCount": 1}, "write_json": {"elapsedMs": 6.668, "fileCount": 4}, "totalMs": 1474.604}, "status": "ok", "elapsedMs": 1482.884}, {"aircraftID": 6, "label": "uav_tracking_6", "mode": "UAV_TRACK", "resolveArtifacts": {"elapsedMs": 0.02, "currentWaypointID": 601073, "sourcePathID": 600000103, "sourceImpID": 800000196}, "loadArtifacts": {"elapsedMs": 0.004, "impLoaded": true, "fpLoaded": true}, "cloneAndLocateMission": {"elapsedMs": 0.17, "missionCount": 2, "targetIndex": 0}, "allocateAndPlanUpdate": {"elapsedMs": 7.567, "newImpID": 800000210}, "builder": {"elapsedMs": 896.794, "builderMode": "UAV_TRACK"}, "builderDetail": {"allocate_ids": {"elapsedMs": 291.354, "donePathID": 600000108, "attackPathID": 600000109, "resumePathID": 600000110, "trackingIndividualID": 900000513, "resumeIndividualID": 900000514, "targetWaypointID": 601130}, "split_done_resume": {"elapsedMs": 1.036, "sourceSinglePoint": true, "doneWaypointCount": 1, "resumeWaypointCount": 0, "removedWaypointID": 601073}, "clone_followups": {"elapsedMs": 293.493, "followUpMissionCount": 1, "followUpPathCount": 1}, "release_resume": {"elapsedMs": 249.329, "releaseWaypointCount": 2, "targetFinishEtaS": 85}, "write_json": {"elapsedMs": 54.038, "fileCount": 5}, "totalMs": 893.823}, "trackingState": {"elapsedMs": 8.181}, "status": "ok", "elapsedMs": 913.475}, {"aircraftID": 4, "label": "uav_resume_4", "mode": "UAV_RESUME", "resolveArtifacts": {"elapsedMs": 0.023, "currentWaypointID": 601047, "sourcePathID": 400000112, "sourceImpID": 800000193}, "loadArtifacts": {"elapsedMs": 0.003, "impLoaded": true, "fpLoaded": true}, "cloneAndLocateMission": {"elapsedMs": 0.135, "missionCount": 2, "targetIndex": 0}, "status": "handled_by_collab", "elapsedMs": 0.752}, {"aircraftID": 5, "label": "uav_resume_5", "mode": "UAV_RESUME", "resolveArtifacts": {"elapsedMs": 0.016, "currentWaypointID": 601060, "sourcePathID": 500000130, "sourceImpID": 800000195}, "loadArtifacts": {"elapsedMs": 0.003, "impLoaded": true, "fpLoaded": true}, "cloneAndLocateMission": {"elapsedMs": 0.127, "missionCount": 2, "targetIndex": 0}, "status": "handled_by_collab", "elapsedMs": 0.796}], "totalMs": 9648}
[ATTACK] [ATTACK][TIME] override_total=9648ms
[ATTACK] [TIME] apply_attack_plan_overrides=9663ms
[ATTACK] [TIME] timingMs={"read_source": 14.443, "descriptor_build": 6.682, "write_artifacts": 9674.693, "delivery_wait": 10.193}
[ATTACK] [TIME] total=9707ms
[ATTACK] 분석 로그 저장: C:\Users\TRL98\Desktop\LAH_MUMT\Logs\Scenario_2026-05-21T132543\SBC3\DSS_Internal\log_attack_algorithm_20260521T044211_346282.json
[ATTACK] mark target used: targetIDs=96
[ATTACK-EXCLUDE] ATTACK-EXCLUDE using requested missionPlanID 700000046 (sourcePlanID=700000044)
[ATTACK-EXCLUDE] [PRIOR][UAV] Resume sweep trim applied (cutPoints=8, rawCutPoints=8, doneSweepPoints=0, pathID=400000112).
[ATTACK-EXCLUDE] [PRIOR][UAV] Resume searchSpeed scaled (factor=1.30, waypoints=1).
[ATTACK-EXCLUDE] [PRIOR][UAV] Generated done/resume mission -> aircraft=4 IMP:800000202.json PATHS:400000116.json
[ATTACK-EXCLUDE] [PRIOR][UAV] Resume sweep trim applied (cutPoints=3, rawCutPoints=3, doneSweepPoints=0, pathID=500000130).
[ATTACK-EXCLUDE] [PRIOR][UAV] Resume searchSpeed scaled (factor=1.30, waypoints=1).
[ATTACK-EXCLUDE] [PRIOR][UAV] Generated done/resume mission -> aircraft=5 IMP:800000204.json PATHS:500000137.json
[ATTACK-EXCLUDE] [PRIOR][UAV] Resume sweep trim applied (cutPoints=13, rawCutPoints=13, doneSweepPoints=0, pathID=600000103).
[ATTACK-EXCLUDE] [PRIOR][UAV] Resume searchSpeed scaled (factor=1.30, waypoints=1).
[ATTACK-EXCLUDE] [PRIOR][UAV] Generated done/resume mission -> aircraft=6 IMP:800000205.json PATHS:600000106.json
[ATTACK-EXCLUDE] 공격 배제 MissionPlan 저장 -> 700000046.json (planID=700000046)
[ATTACK-EXCLUDE] ATTACK-EXCLUDE carried area remaining snapshot -> mission_area_snapshot_700000046.json (sourcePlanID=700000044, planID=700000046)
[ATTACK] 공격 임무 계획 완료 (planIds=700000045)
[INFO] UAV params loaded (cruise=40.00, turn_step=15.0)
[INFO] Latest input snapshot → 0201:ID=3,ts=832653591020,src=-, 0203:ID=1,ts=832652848760,src=-
[STEP 0] Using latest 0201 ID 3 (3.json)
[STEP 0] Using latest 0203 ID 1 (1.json)
[CHECK] 0201/0203 필수 데이터 확인 시작
[OK] 0201 inputMissionList 확인됨 (count=5) → 진행
[OK] 0201 availableAircraftList 확인됨 (count=6) → 진행
[OK] 0201 inputMissionPackageType=1 확인
[OK] 0201 mainSensor=1 확인
[CHECK] 0201 기체 수=6 (UAV=3, LAH=3)
[CHECK] 0201 임무: total=5 missingID=0 missingDetail=0 missingShape=0 unknownType=0 typeZeroAuto=0 typeZeroInvalid=0 lineOnlyViolation=0 skippedSinglePoint=0
[OK] 0203 takeOverInfoList 확인됨 (count=3) → 진행
[OK] 0203 handOverInfoList 확인됨 (count=3) → 진행
[OK] 0203 flightAreaList 확인됨 (count=1) → 진행
[CHECK] 0203 flightAreaList count=1
[INFO] 임무 진행영역 스냅샷 적용: sourcePlan=700000044, updated=2, done=0
[INFO] 임무 진행영역 재계획 collapse 적용: groups=2, normalized=3, 5
[INFO] Filtered completed input missions (removed=1, 2, 4, converted=-, widthAdjusted=-, skippedSinglePoint=-, snapshot=updated=2, done=0, collapse=groups=2, normalized=3,5)
[REPLAN][TIME] variant_started_ms=9763.4 wall_ms=1779338531386 variant=1 option=3 mode=attack_exclusion
[variant 1] 공격 배제 병렬 결과 병합
[REPLAN][TIME] attack_exclusion_parallel_joined_ms=9770.0 wall_ms=1779338531393 variant=1 duration_ms=6709.737 wait_ms=0.009
[OK] 공격 배제 variant 저장: MissionPlanID=700000046 (elapsed=6709.7 ms)
[INFO] Option mapping #1: planID=700000046, optionCode=3(공격배제)
[REPLAN][TIME] variant_finished_ms=9770.2 wall_ms=1779338531393 variant=1 option=3 mode=attack_exclusion status=success duration_ms=6709.737
[OK] Stored mission data: MissionPlan=1, IndividualMission=0, FlightPath=0
[REPLAN][TIME] id_tab_update_deferred_ms=9771.0 wall_ms=1779338531394
[REPLAN][TIME] pipeline_done_ms=9771.0 wall_ms=1779338531394 plans=2 force_direct=False
[REPLAN][TIME] 0301_queued_ms=9771.1 wall_ms=1779338531394 plans=2
[STEP 4] 0301 push queued (planIds=700000045, 700000046)
[0402] delivery suppressed before 0301: Target 정보 변경으로 인한 재계획 중단
[0001] notice sent: Target 정보 변경으로 인한 재계획 중단
[REPLAN][METRIC] source_artifact_cache entries=21 hits=39 misses=21
[REPLAN][TIME] 0902_received_ms=0.2 wall_ms=1779338532328 trigger=attack_2_option replanLevel=2 optionCount=2 forceDirect=0
[REPLAN][TIME] 0902_archived_ms=1.2 wall_ms=1779338532329 path=replan_request_832653727531.json
[AUTO] 0902 received (planIds=700000047, 700000048)
[REPLAN][TIME] pipeline_scheduled_ms=2.3 wall_ms=1779338532331 delay_ms=0
[REPLAN][TIME] scheduled_start_ms=3.2 wall_ms=1779338532331
[REPLAN][TIME] 0305_status_1_ms=5.3 wall_ms=1779338532333 reason=표적97 등 2개 발견
[0305] status=1, reason=표적97 등 2개 발견 전송
[INFO] Using latest 0203 ID 1 for missionReferencePackageID (fallback)
[STEP 0] Replan pipeline start (reason=표적97 등 2개 발견)
[REPLAN][TIME] attack_exclusion_parallel_started_ms=15.1 wall_ms=1779338532343 option_index=2 sourcePlanID=700000044
[ATTACK-EXCLUDE] parallel generation started (sourcePlanID=700000044, optionIndex=2)
[ATTACK] 공격 특화 재계획 요청 감지 → 전용 파이프라인 실행
[ATTACK] [TIME] select_manned_aircraft=13ms
[ATTACK] STEP1 Selected manned aircraft: aircraft 2 (fuel=1200.0, coord=(37.85672378540039, 128.23350524902344, alt=1199))
[ATTACK] [TIME] load_target_entries=1ms
[ATTACK] STEP2 UAV tracking summary: watcher 6?’target 96, watcher 5?’target 97, watcher 4?’target unknown-10, watcher 4?’target unknown-13, watcher 4?’target unknown-17, watcher 4?’target unknown-2, watcher 4?’target unknown-22, watcher 4?’target unknown-27, watcher 4?’target unknown-31, watcher 4?’target unknown-33, watcher 4?’target unknown-34, watcher 4?’target unknown-35, watcher 4?’target unknown-38, watcher 4?’target unknown-41, watcher 5?’target unknown-12, watcher 5?’target unknown-15, watcher 5?’target unknown-16, watcher 5?’target unknown-18, watcher 5?’target unknown-19, watcher 5?’target unknown-20, watcher 5?’target unknown-28, watcher 5?’target unknown-3, watcher 5?’target unknown-32, watcher 5?’target unknown-36, watcher 5?’target unknown-4, watcher 5?’target unknown-6, watcher 5?’target unknown-7, watcher 5?’target unknown-8, watcher 5?’target unknown-9, watcher 6?’target unknown-1, watcher 6?’target unknown-11, watcher 6?’target unknown-21, watcher 6?’target unknown-23, watcher 6?’target unknown-25, watcher 6?’target unknown-29, watcher 6?’target unknown-30, watcher 6?’target unknown-37, watcher 6?’target unknown-39, watcher 6?’target unknown-5, watcher 4?’target 77, watcher 6?’target 78, watcher 5?’target 79, watcher 5?’target 80, watcher 4?’target 81, watcher 5?’target 82, watcher 5?’target 83, watcher 5?’target 84, watcher 4?’target 85, watcher 4?’target 86, watcher 5?’target 87, watcher 6?’target 88, watcher 5?’target 89, watcher 6?’target 90, watcher 5?’target 91, watcher 5?’target 92, watcher 4?’target 93, watcher 5?’target 94
[ATTACK] STEP2.5 Using bundled 0402 targets: target=97 watcher=5, target=96 watcher=6
[ATTACK] STEP2.6 Multi-target manned selection: 2, 3
[ATTACK] [ATTACK] Selected target id=97 type=1 weaponType=2 (preferred=2, ammo={'type1': 500, 'type2': 7, 'type3': 2})
[ATTACK] [TIME] compute_attack_point=9ms
[ATTACK] STEP3 Attack plan completed: lat=37.902302, lon=128.186475, alt=983m
[ATTACK] [ATTACK] Using remembered waypoint 601060 for watcher 5 while auto-tracking.
[ATTACK] [ATTACK] Weapon choice aircraft=2 preferred=2 selected=2 ammo={'type1': 500, 'type2': 7, 'type3': 2}
[ATTACK] [ATTACK][ETA] Tracking ETA computed with LAH max attack speed (dist=6536.3m, speed=73.61m/s, +30s) -> 119s
[ATTACK] [ATTACK] Using requested missionPlanID 700000047 (sourcePlanID=700000044)
[ATTACK] [ATTACK][POINT] Primary target adaptive standoff mode=far_projected_to_preferred_standoff currentDist=8536.2634649m candidateDist=2000.0000000004222m standoff=300.0/2000.0m.
[ATTACK] [ATTACK][ETA] UAV 4 remaining mission time: 0.0s
[ATTACK] [ATTACK][ETA] Non-tracking UAV ETA selected: UAV 4 with 0s remaining
[ATTACK] [ATTACK][ETA] All tracking ETAs unified to 0s
[ATTACK] [ATTACK][COLLAB] Remaining UAV entry lookahead applied: 9.0s (pathFollow=3, linearFallback=3, currentOnly=0)
[ATTACK] [PRIOR] Falling back to first mission for aircraft 2 (current waypoint not found in plan).
[FOV_DB] loaded 7010 rows, 7008 unique widths, path=C:\Users\TRL98\Desktop\LAH_MUMT\branNew\KU\DSS_KU\resource\db\fov_db_탱크_72_38_6_3.2.csv
[ATTACK] [ATTACK][LAH] Using max attack speed 73.61m/s (265.0km/h) for aircraft 2.
[ATTACK] [ATTACK][LAH] Inferred current waypoint from position -> 350853.
[ATTACK] [ATTACK][LAH] Dropped current waypoint from resume path (currentWP=350853, nextWP=350854).
[ATTACK] [ATTACK][LAH] Preserved completed prefix, inserted attack, and reattached 1 follow-up mission(s).
[ATTACK] [ATTACK][LAH] Generated attack/resume missions -> IMP:800000212.json PATHS:200000079.json/200000080.json (followUps=1)
[ATTACK] [PRIOR] Falling back to first mission for aircraft 3 (current waypoint not found in plan).
[ATTACK] [ATTACK][LAH] Using max attack speed 73.61m/s (265.0km/h) for aircraft 3.
[ATTACK] [ATTACK][LAH] Inferred current waypoint from position -> 350857.
[ATTACK] [ATTACK][LAH] Dropped current waypoint from resume path (currentWP=350857, nextWP=350858).
[ATTACK] [ATTACK][LAH] Preserved completed prefix, inserted attack, and reattached 1 follow-up mission(s).
[ATTACK] [ATTACK][LAH] Generated attack/resume missions -> IMP:800000216.json PATHS:300000079.json/300000080.json (followUps=1)
[ATTACK] [PRIOR] Falling back to first mission for aircraft 1 (current waypoint not found in plan).
[ATTACK] [ATTACK][LAH] Inferred current waypoint from position -> 350849.
[ATTACK] [ATTACK][LAH] Dropped current waypoint from resume path (currentWP=350849, nextWP=350850).
[ATTACK] [ATTACK][LAH] Preserved completed prefix, inserted hold, and reattached 1 follow-up mission(s).
[ATTACK] [ATTACK][LAH] Generated hold/resume missions -> IMP:800000217.json PATHS:100000078.json/100000079.json (followUps=1)
[ATTACK] [NEXTCOLLAB] division planner area-division pieces=1
[ATTACK] [NEXTCOLLAB] division planner final workflow=no_split paths=1
[ATTACK] [ATTACK][COLLAB] Collaborative replacement IMP written (aircraft=4, imp=800000214.json, missions=1).
[ATTACK] [ATTACK][COLLAB] First sweep searchSpeed boosted (aircraft=4, pathID=400000122, waypointID=601147, factor=1.30, old=544.30, new=707.59).
[ATTACK] [ATTACK][COLLAB] Collaborative remaining mission replanned (inputMissionID=5, unavailable=[5, 6], remaining=[4], workflow=no_split).
[ATTACK] [ATTACK][UAV] Tracking target altitude kept for sensor only; flight altitude replaced 683m -> 1878m.
[ATTACK] [ATTACK][UAV] Source path has a single waypoint; preserving it as done and skipping done/resume split.
[ATTACK] [ATTACK][COLLAB] Tracking UAV resume replaced with release transit (aircraft=5, targetFinishEta=91, speed=58.0m/s).
[ATTACK] [ATTACK][UAV] Preserved completed prefix, inserted tracking, and reattached 1 follow-up mission(s).
[ATTACK] [ATTACK][UAV] Generated tracking/resume missions -> IMP:800000218.json PATHS:500000144.json/500000145.json (followUps=1)
[ATTACK] [ATTACK][UAV] Tracking assignment state saved (aircraft=5, sourcePlan=700000044, attackPlan=700000047).
[ATTACK] [ATTACK][UAV] Source path has a single waypoint; preserving it as done and skipping done/resume split.
[ATTACK] [ATTACK][COLLAB] Tracking UAV resume replaced with release transit (aircraft=6, targetFinishEta=91, speed=58.0m/s).
[ATTACK] [ATTACK][UAV] Preserved completed prefix, inserted tracking, and reattached 1 follow-up mission(s).
[ATTACK] [ATTACK][UAV] Generated tracking/resume missions -> IMP:800000219.json PATHS:600000116.json/600000117.json (followUps=1)
[ATTACK] [ATTACK][UAV] Tracking assignment state saved (aircraft=6, sourcePlan=700000044, attackPlan=700000047).
[ATTACK] [ATTACK][COLLAB] Aircraft 4 handled by collaborative remaining replan (inputMissionID=5).
[ATTACK] [ATTACK][PLAN] carried area remaining snapshot -> mission_area_snapshot_700000047.json (sourcePlanID=700000044, planID=700000047)
[ATTACK] [ATTACK][PLAN] MissionPlan saved -> 700000047.json (planID=700000047)
[ATTACK] [ATTACK][TIME] override_detail={"phases": {"metadata_normalize": {"elapsedMs": 0.007, "attackTargetCount": 2, "selectedMannedCount": 2}, "agent_index": {"elapsedMs": 0.09, "aircraftCount": 6}, "weapon_choice": {"elapsedMs": 6.746, "selectedWeaponType": 2, "ammoAvailable": true}, "initial_tracking_eta": {"elapsedMs": 0.778, "useDetectionTracking": true, "trackingEtaS": 119}, "resolve_source_plan": {"elapsedMs": 3.822, "sourcePlanID": 700000044}, "source_plan_load": {"elapsedMs": 0.426, "sourcePlanID": 700000044, "aircraftCount": 6}, "sweep_progress_load": {"elapsedMs": 0.865, "entries": 84}, "plan_id_resolve": {"elapsedMs": 0.02, "requested": true, "missionPlanID": 700000047}, "source_artifact_cache_build": {"elapsedMs": 0.016, "aircraftEntries": 6}, "done_input_ids_load": {"elapsedMs": 1.146, "count": 3}, "plan_deepcopy": {"elapsedMs": 0.059}, "target_uav_assignment": {"elapsedMs": 0.519, "assignedTargetCount": 2, "usedTrackingUavCount": 2}, "manned_sequence_assignment": {"elapsedMs": 14.04, "aircraftCount": 2, "error": null}, "attack_coordinate_resolution": {"elapsedMs": 9.373, "resolvedCount": 2, "mannedSequenceCount": 2}, "remaining_eta": {"elapsedMs": 3.51, "allUavCount": 3, "trackingUavCount": 2, "computedEtaCount": 2, "adjustedEtaS": 0}, "descriptor_list_build": {"elapsedMs": 0.059, "descriptorCount": 6, "activeMannedCount": 2, "otherLahCount": 1, "otherUavCount": 1}, "collab_tracking_scan": {"elapsedMs": 8.493, "inputCount": 1, "unavailableUavCount": 2}, "collab_agent_state_map": {"elapsedMs": 6.975, "aircraftCount": 6}, "collab_parallel_started": {"elapsedMs": 1.191, "inputCount": 1, "workers": 1}, "collab_parallel_join": {"elapsedMs": 3.077, "waitReason": "UAV_TRACK", "inputCount": 1}, "descriptor_loop": {"elapsedMs": 10891.594, "descriptorCount": 6, "updateCount": 5}, "final_collab_plan_update": {"elapsedMs": 0.008, "collabInputCount": 1}, "mission_plan_write": {"elapsedMs": 12.832, "missionPlanID": 700000047}, "option_meta_build": {"elapsedMs": 0.052, "targetCount": 2, "collabInputCount": 1}}, "collabRuns": [{"inputMissionID": 5, "unavailableAircraftIDs": [5, 6], "elapsedMs": 3530.086, "status": "ok", "replacementAircraftIDs": [4], "generatedPathCount": 1, "finishEtaS": 91, "workflow": "no_split"}], "descriptorDetails": [{"aircraftID": 2, "label": "manned", "mode": "LAH_ATTACK", "resolveArtifacts": {"elapsedMs": 6.664, "currentWaypointID": null, "sourcePathID": 200000058, "sourceImpID": 800000149}, "loadArtifacts": {"elapsedMs": 0.006, "impLoaded": true, "fpLoaded": true}, "cloneAndLocateMission": {"elapsedMs": 0.076, "missionCount": 2, "targetIndex": 0}, "allocateAndPlanUpdate": {"elapsedMs": 634.416, "newImpID": 800000212}, "builder": {"elapsedMs": 4089.889, "builderMode": "LAH_ATTACK"}, "builderDetail": {"allocate_ids": {"elapsedMs": 1282.553, "attackPathID": 200000079, "resumePathID": 200000080, "attackIndividualID": 900000519, "resumeIndividualID": 900000520, "entryWaypointID": 601140, "attackWaypointID": 601141}, "split_lah_resume": {"elapsedMs": 1552.406, "resumeWaypointCount": 1, "removedWaypointID": 350853}, "clone_followups": {"elapsedMs": 929.255, "followUpMissionCount": 1, "followUpPathCount": 1}, "payload_build": {"elapsedMs": 311.597, "hasResume": true, "followUpMissionCount": 1, "attackSpeedMps": 73.61}, "write_json": {"elapsedMs": 5.508, "fileCount": 4}, "totalMs": 4087.598}, "status": "ok", "elapsedMs": 4731.209}, {"aircraftID": 3, "label": "manned", "mode": "LAH_ATTACK", "resolveArtifacts": {"elapsedMs": 0.999, "currentWaypointID": null, "sourcePathID": 300000058, "sourceImpID": 800000150}, "loadArtifacts": {"elapsedMs": 0.008, "impLoaded": true, "fpLoaded": true}, "cloneAndLocateMission": {"elapsedMs": 0.142, "missionCount": 2, "targetIndex": 0}, "allocateAndPlanUpdate": {"elapsedMs": 18.328, "newImpID": 800000216}, "builder": {"elapsedMs": 2661.536, "builderMode": "LAH_ATTACK"}, "builderDetail": {"allocate_ids": {"elapsedMs": 954.343, "attackPathID": 300000079, "resumePathID": 300000080, "attackIndividualID": 900000526, "resumeIndividualID": 900000527, "entryWaypointID": 601156, "attackWaypointID": 601160}, "split_lah_resume": {"elapsedMs": 1119.633, "resumeWaypointCount": 1, "removedWaypointID": 350857}, "clone_followups": {"elapsedMs": 284.593, "followUpMissionCount": 1, "followUpPathCount": 1}, "payload_build": {"elapsedMs": 292.475, "hasResume": true, "followUpMissionCount": 1, "attackSpeedMps": 73.61}, "write_json": {"elapsedMs": 4.905, "fileCount": 4}, "totalMs": 2660.023}, "status": "ok", "elapsedMs": 2681.179}, {"aircraftID": 1, "label": "lah_hold_1", "mode": "LAH_HOLD_RESUME", "resolveArtifacts": {"elapsedMs": 0.667, "currentWaypointID": null, "sourcePathID": 100000057, "sourceImpID": 800000148}, "loadArtifacts": {"elapsedMs": 0.006, "impLoaded": true, "fpLoaded": true}, "cloneAndLocateMission": {"elapsedMs": 0.145, "missionCount": 2, "targetIndex": 0}, "allocateAndPlanUpdate": {"elapsedMs": 7.185, "newImpID": 800000217}, "builder": {"elapsedMs": 1472.91, "builderMode": "LAH_HOLD_RESUME"}, "builderDetail": {"allocate_ids": {"elapsedMs": 19.884, "holdPathID": 100000078, "resumePathID": 100000079, "holdIndividualID": 900000529, "resumeIndividualID": 900000530}, "split_lah_resume": {"elapsedMs": 888.057, "resumeWaypointCount": 1, "removedWaypointID": 350849}, "clone_followups": {"elapsedMs": 308.965, "followUpMissionCount": 1, "followUpPathCount": 1}, "payload_build": {"elapsedMs": 557.215, "hasResume": true, "followUpMissionCount": 1}, "write_json": {"elapsedMs": 3.82, "fileCount": 4}, "totalMs": 1472.868}, "status": "ok", "elapsedMs": 1481.056}, {"aircraftID": 5, "label": "uav_tracking_5", "mode": "UAV_TRACK", "resolveArtifacts": {"elapsedMs": 0.027, "currentWaypointID": 601060, "sourcePathID": 500000130, "sourceImpID": 800000195}, "loadArtifacts": {"elapsedMs": 0.004, "impLoaded": true, "fpLoaded": true}, "cloneAndLocateMission": {"elapsedMs": 0.198, "missionCount": 2, "targetIndex": 0}, "allocateAndPlanUpdate": {"elapsedMs": 9.438, "newImpID": 800000218}, "builder": {"elapsedMs": 990.321, "builderMode": "UAV_TRACK"}, "builderDetail": {"allocate_ids": {"elapsedMs": 326.849, "donePathID": 500000143, "attackPathID": 500000144, "resumePathID": 500000145, "trackingIndividualID": 900000532, "resumeIndividualID": 900000533, "targetWaypointID": 601174}, "split_done_resume": {"elapsedMs": 1.008, "sourceSinglePoint": true, "doneWaypointCount": 1, "resumeWaypointCount": 0, "removedWaypointID": 601060}, "clone_followups": {"elapsedMs": 305.654, "followUpMissionCount": 1, "followUpPathCount": 1}, "release_resume": {"elapsedMs": 288.153, "releaseWaypointCount": 2, "targetFinishEtaS": 91}, "write_json": {"elapsedMs": 60.409, "fileCount": 5}, "totalMs": 986.888}, "trackingState": {"elapsedMs": 8.076}, "status": "ok", "elapsedMs": 1008.907}, {"aircraftID": 6, "label": "uav_tracking_6", "mode": "UAV_TRACK", "resolveArtifacts": {"elapsedMs": 0.03, "currentWaypointID": 601073, "sourcePathID": 600000103, "sourceImpID": 800000196}, "loadArtifacts": {"elapsedMs": 0.005, "impLoaded": true, "fpLoaded": true}, "cloneAndLocateMission": {"elapsedMs": 0.239, "missionCount": 2, "targetIndex": 0}, "allocateAndPlanUpdate": {"elapsedMs": 7.676, "newImpID": 800000219}, "builder": {"elapsedMs": 967.054, "builderMode": "UAV_TRACK"}, "builderDetail": {"allocate_ids": {"elapsedMs": 319.991, "donePathID": 600000115, "attackPathID": 600000116, "resumePathID": 600000117, "trackingIndividualID": 900000535, "resumeIndividualID": 900000536, "targetWaypointID": 601180}, "split_done_resume": {"elapsedMs": 1.431, "sourceSinglePoint": true, "doneWaypointCount": 1, "resumeWaypointCount": 0, "removedWaypointID": 601073}, "clone_followups": {"elapsedMs": 303.094, "followUpMissionCount": 1, "followUpPathCount": 1}, "release_resume": {"elapsedMs": 289.536, "releaseWaypointCount": 2, "targetFinishEtaS": 91}, "write_json": {"elapsedMs": 44.092, "fileCount": 5}, "totalMs": 964.271}, "trackingState": {"elapsedMs": 9.003}, "status": "ok", "elapsedMs": 984.781}, {"aircraftID": 4, "label": "uav_resume_4", "mode": "UAV_RESUME", "resolveArtifacts": {"elapsedMs": 0.021, "currentWaypointID": 601047, "sourcePathID": 400000112, "sourceImpID": 800000193}, "loadArtifacts": {"elapsedMs": 0.003, "impLoaded": true, "fpLoaded": true}, "cloneAndLocateMission": {"elapsedMs": 0.138, "missionCount": 2, "targetIndex": 0}, "status": "handled_by_collab", "elapsedMs": 0.772}], "totalMs": 10954}
[ATTACK] [ATTACK][TIME] override_total=10954ms
[ATTACK] [TIME] apply_attack_plan_overrides=10969ms
[ATTACK] [TIME] timingMs={"read_source": 16.312, "descriptor_build": 11.59, "write_artifacts": 10981.91, "delivery_wait": 2.853}
[ATTACK] [TIME] total=11013ms
[ATTACK] 분석 로그 저장: C:\Users\TRL98\Desktop\LAH_MUMT\Logs\Scenario_2026-05-21T132543\SBC3\DSS_Internal\log_attack_algorithm_20260521T044223_358472.json
[ATTACK] mark target used: targetIDs=97, 96
[ATTACK-EXCLUDE] ATTACK-EXCLUDE using requested missionPlanID 700000048 (sourcePlanID=700000044)
[ATTACK-EXCLUDE] [PRIOR][UAV] Resume sweep trim applied (cutPoints=14, rawCutPoints=14, doneSweepPoints=0, pathID=400000112).
[ATTACK-EXCLUDE] [PRIOR][UAV] Resume searchSpeed scaled (factor=1.30, waypoints=1).
[ATTACK-EXCLUDE] [PRIOR][UAV] Generated done/resume mission -> aircraft=4 IMP:800000211.json PATHS:400000120.json
[ATTACK-EXCLUDE] [PRIOR][UAV] Resume sweep trim applied (cutPoints=4, rawCutPoints=4, doneSweepPoints=0, pathID=500000130).
[ATTACK-EXCLUDE] [PRIOR][UAV] Resume searchSpeed scaled (factor=1.30, waypoints=1).
[ATTACK-EXCLUDE] [PRIOR][UAV] Generated done/resume mission -> aircraft=5 IMP:800000213.json PATHS:500000141.json
[ATTACK-EXCLUDE] [PRIOR][UAV] Resume sweep trim applied (cutPoints=13, rawCutPoints=13, doneSweepPoints=0, pathID=600000103).
[ATTACK-EXCLUDE] [PRIOR][UAV] Resume searchSpeed scaled (factor=1.30, waypoints=1).
[ATTACK-EXCLUDE] [PRIOR][UAV] Generated done/resume mission -> aircraft=6 IMP:800000215.json PATHS:600000113.json
[ATTACK-EXCLUDE] 공격 배제 MissionPlan 저장 -> 700000048.json (planID=700000048)
[ATTACK-EXCLUDE] ATTACK-EXCLUDE carried area remaining snapshot -> mission_area_snapshot_700000048.json (sourcePlanID=700000044, planID=700000048)
[ATTACK] 공격 임무 계획 완료 (planIds=700000047)
[INFO] UAV params loaded (cruise=40.00, turn_step=15.0)
[INFO] Latest input snapshot → 0201:ID=3,ts=832653591020,src=-, 0203:ID=1,ts=832652848760,src=-
[STEP 0] Using latest 0201 ID 3 (3.json)
[STEP 0] Using latest 0203 ID 1 (1.json)
[CHECK] 0201/0203 필수 데이터 확인 시작
[OK] 0201 inputMissionList 확인됨 (count=5) → 진행
[OK] 0201 availableAircraftList 확인됨 (count=6) → 진행
[OK] 0201 inputMissionPackageType=1 확인
[OK] 0201 mainSensor=1 확인
[CHECK] 0201 기체 수=6 (UAV=3, LAH=3)
[CHECK] 0201 임무: total=5 missingID=0 missingDetail=0 missingShape=0 unknownType=0 typeZeroAuto=0 typeZeroInvalid=0 lineOnlyViolation=0 skippedSinglePoint=0
[OK] 0203 takeOverInfoList 확인됨 (count=3) → 진행
[OK] 0203 handOverInfoList 확인됨 (count=3) → 진행
[OK] 0203 flightAreaList 확인됨 (count=1) → 진행
[CHECK] 0203 flightAreaList count=1
[INFO] 임무 진행영역 스냅샷 적용: sourcePlan=700000044, updated=2, done=0
[INFO] 임무 진행영역 재계획 collapse 적용: groups=2, normalized=3, 5
[INFO] Filtered completed input missions (removed=1, 2, 4, converted=-, widthAdjusted=-, skippedSinglePoint=-, snapshot=updated=2, done=0, collapse=groups=2, normalized=3,5)
[REPLAN][TIME] variant_started_ms=11072.6 wall_ms=1779338543401 variant=1 option=3 mode=attack_exclusion
[variant 1] 공격 배제 병렬 결과 병합
[REPLAN][TIME] attack_exclusion_parallel_joined_ms=11080.3 wall_ms=1779338543408 variant=1 duration_ms=6109.308 wait_ms=0.01
[OK] 공격 배제 variant 저장: MissionPlanID=700000048 (elapsed=6109.3 ms)
[INFO] Option mapping #1: planID=700000048, optionCode=3(공격배제)
[REPLAN][TIME] variant_finished_ms=11080.5 wall_ms=1779338543409 variant=1 option=3 mode=attack_exclusion status=success duration_ms=6109.308
[OK] Stored mission data: MissionPlan=1, IndividualMission=0, FlightPath=0
[REPLAN][TIME] id_tab_update_deferred_ms=11081.3 wall_ms=1779338543409
[REPLAN][TIME] pipeline_done_ms=11081.3 wall_ms=1779338543409 plans=2 force_direct=False
[REPLAN][TIME] 0301_queued_ms=11081.4 wall_ms=1779338543409 plans=2
[STEP 4] 0301 push queued (planIds=700000047, 700000048)
[0301] missionPlanID=700000047 전송
[0301] missionPlanID=700000048 전송
[PUSH] 0301 direct batch send
[REPLAN][TIME] 0301_sent_ms=11633.3 wall_ms=1779338543961 plans=2
[REPLAN][TIME] post_0301_delivery_queued_ms=11634.0 wall_ms=1779338543962 grace_ms=0 timeout_ms=20 force_direct=0 mode=option_or_0901
[INFO] Post-0301 apply queued (mode=option_or_0901, grace=0ms, timeout=20ms, plans=2)
[REPLAN][TIME] 0305_status_2_ms=11638.4 wall_ms=1779338543966 reason=표적97 등 2개 발견
[0305] status=2, reason=표적97 등 2개 발견, elapsed=11.63s 전송
[REPLAN][TIME] post_0301_completion_ready_ms=11640.1 wall_ms=1779338543968 mode=option_or_0901
[REPLAN][METRIC] source_artifact_cache entries=21 hits=39 misses=21
[INFO] Post-0301 ready (timeout) -> sending 0901
[REPLAN][TIME] post_0301_flushed_ms=11669.3 wall_ms=1779338543997 delivery=0901 trigger=timeout
[REPLAN][TIME] 0901_sent_ms=11672.5 wall_ms=1779338544001 options=2
[0901] option request sent (count=2, codes=2(공격특화), 3(공격배제))
[REPLAN][TIME] id_tab_update_flushed_ms=11673.9 wall_ms=1779338544002
[0201] DB 참조! (C:\Users\TRL98\Desktop\LAH_MUMT\Logs\Scenario_2026-05-21T132543\SBC3\InputMissionPlan\4.json)
[INFO] Latest 0201 ID updated → 4
[REPLAN][TIME] 0902_received_ms=0.1 wall_ms=1779338649591 trigger=general_3_option replanLevel=1 optionCount=3 forceDirect=0
[REPLAN][TIME] 0902_archived_ms=1.1 wall_ms=1779338649592 path=replan_request_832653849300.json
[AUTO] 0902 received (planIds=700000049, 700000050, 700000051)
[REPLAN][TIME] pipeline_scheduled_ms=2.3 wall_ms=1779338649593 delay_ms=100
[AUTO] replan pipeline scheduled after 0.1s delay
[REPLAN][TIME] scheduled_start_ms=104.3 wall_ms=1779338649695
[REPLAN][TIME] 0305_status_1_ms=108.1 wall_ms=1779338649699 reason=협업기저임무 재수행 요청
[0305] status=1, reason=협업기저임무 재수행 요청 전송
[INFO] Using latest 0203 ID 1 for missionReferencePackageID (fallback)
[STEP 0] Replan pipeline start (reason=협업기저임무 재수행 요청)
[INFO] UAV params loaded (cruise=40.00, turn_step=15.0)
[INFO] Latest input snapshot → 0201:ID=4,ts=832653849166,src=-, 0203:ID=1,ts=832652848760,src=-
[STEP 0] Using latest 0201 ID 4 (4.json)
[STEP 0] Using latest 0203 ID 1 (1.json)
[CHECK] 0201/0203 필수 데이터 확인 시작
[OK] 0201 inputMissionList 확인됨 (count=6) → 진행
[OK] 0201 availableAircraftList 확인됨 (count=6) → 진행
[OK] 0201 inputMissionPackageType=1 확인
[OK] 0201 mainSensor=1 확인
[CHECK] 0201 기체 수=6 (UAV=3, LAH=3)
[CHECK] 0201 임무: total=6 missingID=0 missingDetail=0 missingShape=0 unknownType=0 typeZeroAuto=0 typeZeroInvalid=0 lineOnlyViolation=0 skippedSinglePoint=0
[OK] 0203 takeOverInfoList 확인됨 (count=3) → 진행
[OK] 0203 handOverInfoList 확인됨 (count=3) → 진행
[OK] 0203 flightAreaList 확인됨 (count=1) → 진행
[CHECK] 0203 flightAreaList count=1
[INFO] 임무 진행영역 스냅샷 미적용: sourcePlan=700000048, reason=fresh collabReexecuteInputRefresh trigger
[INFO] 현재 임무 collaborative hybrid armed: inputMissionID=6, sourcePlan=700000048, mode=reexecute_first_mission, aircraft=[4, 5, 6], options=all
[INFO] Filtered completed input missions (removed=1, 2, 4, 5, converted=-, widthAdjusted=-, skippedSinglePoint=-, snapshot=-, collapse=-)
[REPLAN][TIME] parallel_safety_gate_ms=139.7 wall_ms=1779338649730 enabled=True workers=3 waypoint_block_size=50000 reasons=-
[INFO] 현재임무 재수행 옵션 병렬 생성 활성화: variant별 hybrid 요청 격리 적용
[INFO] 일반 재계획 옵션 병렬 생성 활성화: variants=3, workers=3
[INFO] variant 1 waypointID blocks reserved: 0303=601186-651185, 0304=651186-701185
[INFO] variant 2 waypointID blocks reserved: 0303=701186-751185, 0304=751186-801185
[INFO] variant 3 waypointID blocks reserved: 0303=801186-851185, 0304=851186-901185
[FOV_DB] loaded 7010 rows, 7008 unique widths, path=C:\Users\TRL98\Desktop\LAH_MUMT\branNew\KU\DSS_KU\resource\db\fov_db_탱크_72_38_6_3.2.csv
[SWEEP][LINE] separation=227.00m, fov=11.70°, spacing=31.01m (~32 strips/1km)
[SWEEP][LINE] separation=227.00m, fov=11.70°, spacing=31.01m (~32 strips/1km)
[REPLAN][TIME] variant_started_ms=1937.3 wall_ms=1779338651528 variant=1 option=6 mode=parallel_core
[REPLAN][TIME] variant_core_finished_ms=6802.1 wall_ms=1779338656392 variant=1 option=6 mode=parallel_core status=success duration_ms=4864.731
[STEP 1.1] Divide & Pattern start
[variant 1] [ENHANCED][1] split start: uavs=[4, 5, 6]
[variant 1] [ENHANCED][1] split done: pieces=6
[variant 1] [ENHANCED][2] type-decider done: profile=6 changed=6/6
[variant 1] [ENHANCED][3] expected-path done: count=6
[variant 1] [ENHANCED][4] area-review done: overflow=0 targets=0 pieces=6->6
[FOV_DB] loaded 7010 rows, 7008 unique widths, path=C:\Users\TRL98\Desktop\LAH_MUMT\branNew\KU\DSS_KU\resource\db\fov_db_탱크_72_38_6_3.2.csv
[variant 1] [ENHANCED][5] expected-velocity done: pieces=6 dbRows=7010
[variant 1] [ENHANCED][6] 0302 export done: files=6
[variant 1] [ENHANCED] total=1333.5 ms
[TIME] divide_and_pattern (variant=1): 1333.7 ms
[OK] IMP generated: 6 file(s) (variant=1)
[TIME] build_0301+load (variant=1): 128.8 ms
[OK] MissionPlan built: MissionPlan_1779338652861.json (variant=1)
[TIME] collect_missions (variant=1): 38.6 ms, count=12
[variant 1] [REEXEC-FIRST] current-position first mission builder armed: sourcePlan=700000048, inputMissionID=6, sourceTemplateInputID=5, aircraft=[4, 5, 6], entries=A4=37.9339185,128.1755449,alt=1943.0, A5=37.9269766,128.1944788,alt=1875.0, A6=37.9246304,128.2048407,alt=1967.0
[variant 1] [REEXEC-FIRST] division planner area-division pieces=3
[variant 1] [REEXEC-FIRST] division planner final workflow=no_split paths=3
[variant 1] current remaining generic 0303 skipped: inputMissionID=6, missions=3, aircraft=[4, 5, 6], pathIDs=[400000001, 500000001, 600000001]
[INFO] FlightPath build mode (variant=1): 0303=aircraft_parallel workers=2 aircraft=3, 0304=sequential
[REPLAN][METRIC] flightpath_build_0303 variant=1 option=6 recon=0 mode=parallel_core buildMode=aircraft_parallel workers=2 aircraft=3 paths=3 reassignedWaypoints=9 elapsed_ms=235.426 fallback=- worker_ms=4:140.759|5:173.667|6:91.687
[INFO] FlightPath build time: 0303=235.4 ms, 0304=9.4 ms
[variant 1] current remaining collaborative hybrid applied: inputMissionID=6, aircraft=[4, 5, 6], removedPaths=3, workflow=reexecute_first_mission:no_split
[INFO] Applied LAH-UAV ETA follow speed plan (variant=1)
[OK] FlightPath counts (variant=1): 0303=6 / 0304=6
[REPLAN][METRIC] flightpath_counts variant=1 option=6 recon=0 mode=parallel_core paths0303=6 paths0304=6 pathsTotal=12 waypoints0303=15 waypoints0304=12 waypointsTotal=27 maxWaypointsPerPath=3 emptyPaths=0 formationPaths=0
[SWEEP][LINE] separation=227.00m, fov=11.70°, spacing=31.01m (~32 strips/1km)
[SWEEP][LINE] separation=227.00m, fov=11.70°, spacing=31.01m (~32 strips/1km)
[REPLAN][TIME] variant_started_ms=1939.7 wall_ms=1779338651530 variant=3 option=5 mode=parallel_core
[REPLAN][TIME] variant_core_finished_ms=9559.4 wall_ms=1779338659150 variant=3 option=5 mode=parallel_core status=success duration_ms=7619.739
[STEP 1.3] Divide & Pattern start
[variant 3] [ENHANCED][1] split start: uavs=[4, 5, 6]
[variant 3] [ENHANCED][1] split done: pieces=6
[variant 3] [ENHANCED][2] type-decider done: profile=6 changed=6/6
[variant 3] [ENHANCED][3] expected-path done: count=6
[variant 3] [ENHANCED][4] area-review done: overflow=0 targets=0 pieces=6->6
[variant 3] [ENHANCED][5] expected-velocity done: pieces=6 dbRows=7010
[variant 3] [ENHANCED][6] 0302 export done: files=6
[variant 3] [ENHANCED] total=1339.9 ms
[TIME] divide_and_pattern (variant=3): 1340.2 ms
[OK] IMP generated: 6 file(s) (variant=3)
[FOV_DB] loaded 7010 rows, 7008 unique widths, path=C:\Users\TRL98\Desktop\LAH_MUMT\branNew\KU\DSS_KU\resource\db\fov_db_탱크_72_38_6_3.2.csv
[TIME] build_0301+load (variant=3): 147.2 ms
[OK] MissionPlan built: MissionPlan_1779338652870.json (variant=3)
[TIME] collect_missions (variant=3): 55.4 ms, count=12
[variant 3] [REEXEC-FIRST] current-position first mission builder armed: sourcePlan=700000048, inputMissionID=6, sourceTemplateInputID=5, aircraft=[4, 5, 6], entries=A4=37.9339185,128.1755449,alt=1943.0, A5=37.9269766,128.1944788,alt=1875.0, A6=37.9246304,128.2048407,alt=1967.0
[variant 3] [REEXEC-FIRST] division planner area-division pieces=3
[variant 3] [REEXEC-FIRST] division planner final workflow=no_split paths=3
[variant 3] current remaining generic 0303 skipped: inputMissionID=6, missions=3, aircraft=[4, 5, 6], pathIDs=[400000001, 500000001, 600000001]
[INFO] FlightPath build mode (variant=3): 0303=aircraft_parallel workers=2 aircraft=3, 0304=sequential
[REPLAN][METRIC] flightpath_build_0303 variant=3 option=5 recon=0 mode=parallel_core buildMode=aircraft_parallel workers=2 aircraft=3 paths=3 reassignedWaypoints=9 elapsed_ms=231.047 fallback=- worker_ms=4:166.362|5:141.750|6:84.999
[INFO] FlightPath build time: 0303=231.0 ms, 0304=5.8 ms
[variant 3] current remaining collaborative hybrid applied: inputMissionID=6, aircraft=[4, 5, 6], removedPaths=3, workflow=reexecute_first_mission:no_split
[INFO] Applied LAH-UAV ETA follow speed plan (variant=3)
[OK] FlightPath counts (variant=3): 0303=6 / 0304=6
[REPLAN][METRIC] flightpath_counts variant=3 option=5 recon=0 mode=parallel_core paths0303=6 paths0304=6 pathsTotal=12 waypoints0303=15 waypoints0304=12 waypointsTotal=27 maxWaypointsPerPath=3 emptyPaths=0 formationPaths=0
[SWEEP][LINE] separation=1000.00m, fov=2.40°, spacing=27.93m (~36 strips/1km)
[SWEEP][LINE] separation=1000.00m, fov=2.40°, spacing=27.93m (~36 strips/1km)
[REPLAN][TIME] variant_started_ms=1939.3 wall_ms=1779338651530 variant=2 option=4 mode=parallel_core
[REPLAN][TIME] variant_core_finished_ms=14475.1 wall_ms=1779338664065 variant=2 option=4 mode=parallel_core status=success duration_ms=12535.8
[STEP 1.2] Divide & Pattern start
[variant 2] [ENHANCED][1] split start: uavs=[4, 5, 6]
[variant 2] [ENHANCED][1] split done: pieces=6
[variant 2] [REPLAN][METRIC] recon_area_review_before option=4 pieces=6 areaPieces=3 maxSegmentM=600.000 maxSplitCountLimit=0 minSegmentM=0.000 fixedFovDeg=2.400 areaFovDeg=2.400 sweepSeparationM=1000.000 sweepSeparationScale=1.000 turnRadiusM=800.000
[variant 2] [REPLAN][METRIC] recon_area_review option=4 elapsed_ms=746.670 maxSegmentM=600.000 maxSplitCountLimit=0 minSegmentM=0.000 pieces_before=6 pieces_after=16 area_before=3 area_after=13 targets=3 localized=3 changed_details=3 detail_count=3 split_count_sum=13 raw_split_count_sum=13 max_split_count=5 max_raw_split_count=5 split_capped_count=0 max_projected_span_m=2497.311 max_total_len_m=0.000 max_segment_len_m=538.930 fixedFovDeg=2.400 areaFovDeg=2.400 sweepSeparationM=1000.000 sweepSeparationScale=1.000 turnRadiusM=800.000 reasons=-
[variant 2] [ENHANCED][1R] recon-area-review done: targets=3 localized=3 pieces=6->16
[variant 2] [ENHANCED][2] type-decider done: profile=6 changed=16/16
[variant 2] [ENHANCED][3] expected-path done: count=16
[variant 2] [ENHANCED][4] area-review done: overflow=0 targets=0 pieces=16->16
[variant 2] [ENHANCED][5] expected-velocity done: pieces=16 dbRows=7010
[variant 2] [ENHANCED][6] 0302 export done: files=6
[variant 2] [ENHANCED] total=1642.6 ms
[TIME] divide_and_pattern (variant=2): 1643.0 ms
[OK] IMP generated: 6 file(s) (variant=2)
[TIME] build_0301+load (variant=2): 18.3 ms
[OK] MissionPlan built: MissionPlan_1779338653173.json (variant=2)
[TIME] collect_missions (variant=2): 11.4 ms, count=22
[variant 2] [REEXEC-FIRST] current-position first mission builder armed: sourcePlan=700000048, inputMissionID=6, sourceTemplateInputID=5, aircraft=[4, 5, 6], entries=A4=37.9339185,128.1755449,alt=1943.0, A5=37.9269766,128.1944788,alt=1875.0, A6=37.9246304,128.2048407,alt=1967.0
[variant 2] [REEXEC-FIRST] division planner area-division pieces=3
[variant 2] [REEXEC-FIRST] division planner final workflow=no_split paths=3
[variant 2] current remaining generic 0303 skipped: inputMissionID=6, missions=13, aircraft=[4, 5, 6], pathIDs=[400000001, 400000002, 400000003, 400000004, 500000001, 500000002, 500000003, 500000004, 600000001, 600000002, 600000003, 600000004, 600000005]
[INFO] FlightPath build mode (variant=2): 0303=aircraft_parallel workers=2 aircraft=3, 0304=sequential
[REPLAN][METRIC] flightpath_build_0303 variant=2 option=4 recon=1 mode=parallel_core buildMode=aircraft_parallel workers=2 aircraft=3 paths=3 reassignedWaypoints=9 elapsed_ms=218.089 fallback=- worker_ms=4:126.981|5:159.236|6:88.520
[INFO] FlightPath build time: 0303=218.1 ms, 0304=5.1 ms
[variant 2] current remaining collaborative hybrid applied: inputMissionID=6, aircraft=[4, 5, 6], removedPaths=13, workflow=reexecute_first_mission:no_split
[INFO] Applied LAH-UAV ETA follow speed plan (variant=2)
[OK] FlightPath counts (variant=2): 0303=6 / 0304=6
[REPLAN][METRIC] flightpath_counts variant=2 option=4 recon=1 mode=parallel_core paths0303=6 paths0304=6 pathsTotal=12 waypoints0303=15 waypoints0304=12 waypointsTotal=27 maxWaypointsPerPath=3 emptyPaths=0 formationPaths=0
[TIME] pathID_mapping (variant=1, current_remaining_parallel_store): 87.0 ms
[INFO] pathID mapping done after current remaining hybrid merge (variant=1, parallel_store)
[INFO] FlightPath pathID enforced (variant=1): 0303=6, 0304=6
[TIME] build_0302 (variant=1): 43.0 ms, packages=6
[INFO] FlightPath individualMissionID synced (variant=1): fixed=12
[TIME] write_0302 (variant=1): 7.3 ms, files=6
[TIME] write_FlightPath (variant=1): 55.4 ms, files=12
[REPLAN][METRIC] flightpath_write variant=1 option=6 recon=0 mode=parallel_store files0303=6 files0304=6 filesTotal=12 write_ms=55.444
[TIME] write_0301 (variant=1): 1.2 ms
[OK] Stored variant 1: MissionPlanID=700000049, IMP=6, FlightPath=12
[REPLAN][TIME] variant_finished_ms=14704.5 wall_ms=1779338664295 variant=1 option=6 mode=parallel_store status=success duration_ms=5089.502
[TIME] variant_total (variant=1): 5089.5 ms
[INFO] Option mapping #1: planID=700000049, optionCode=6(정찰/시간 균형)
[TIME] pathID_mapping (variant=2, current_remaining_parallel_store): 94.5 ms
[INFO] pathID mapping done after current remaining hybrid merge (variant=2, parallel_store)
[INFO] FlightPath pathID enforced (variant=2): 0303=6, 0304=6
[TIME] build_0302 (variant=2): 42.9 ms, packages=6
[INFO] FlightPath individualMissionID synced (variant=2): fixed=12
[TIME] write_0302 (variant=2): 8.5 ms, files=6
[TIME] write_FlightPath (variant=2): 59.6 ms, files=12
[REPLAN][METRIC] flightpath_write variant=2 option=4 recon=1 mode=parallel_store files0303=6 files0304=6 filesTotal=12 write_ms=59.577
[TIME] write_0301 (variant=2): 1.4 ms
[OK] Stored variant 2: MissionPlanID=700000050, IMP=6, FlightPath=12
[REPLAN][TIME] variant_finished_ms=14955.8 wall_ms=1779338664546 variant=2 option=4 mode=parallel_store status=success duration_ms=12783.054
[TIME] variant_total (variant=2): 12783.1 ms
[INFO] Option mapping #2: planID=700000050, optionCode=4(정찰특화)
[TIME] pathID_mapping (variant=3, current_remaining_parallel_store): 94.7 ms
[INFO] pathID mapping done after current remaining hybrid merge (variant=3, parallel_store)
[INFO] FlightPath pathID enforced (variant=3): 0303=6, 0304=6
[TIME] build_0302 (variant=3): 43.5 ms, packages=6
[INFO] FlightPath individualMissionID synced (variant=3): fixed=12
[TIME] write_0302 (variant=3): 8.3 ms, files=6
[TIME] write_FlightPath (variant=3): 58.4 ms, files=12
[REPLAN][METRIC] flightpath_write variant=3 option=5 recon=0 mode=parallel_store files0303=6 files0304=6 filesTotal=12 write_ms=58.434
[TIME] write_0301 (variant=3): 1.4 ms
[OK] Stored variant 3: MissionPlanID=700000051, IMP=6, FlightPath=12
[REPLAN][TIME] variant_finished_ms=15201.5 wall_ms=1779338664792 variant=3 option=5 mode=parallel_store status=success duration_ms=7861.159
[TIME] variant_total (variant=3): 7861.2 ms
[INFO] Option mapping #3: planID=700000051, optionCode=5(최소시간)
[OK] Stored mission data: MissionPlan=3, IndividualMission=18, FlightPath=36
[REPLAN][TIME] id_tab_update_deferred_ms=15205.2 wall_ms=1779338664796
[REPLAN][TIME] pipeline_done_ms=15205.4 wall_ms=1779338664796 plans=3 force_direct=False
[REPLAN][TIME] 0301_queued_ms=15205.4 wall_ms=1779338664796 plans=3
[STEP 4] 0301 push queued (planIds=700000049, 700000050, 700000051)
[0301] missionPlanID=700000049 전송
[0301] missionPlanID=700000050 전송
[0301] missionPlanID=700000051 전송
[PUSH] 0301 direct batch send
[REPLAN][TIME] 0301_sent_ms=15224.0 wall_ms=1779338664814 plans=3
[REPLAN][TIME] post_0301_delivery_queued_ms=15224.9 wall_ms=1779338664815 grace_ms=0 timeout_ms=20 force_direct=0 mode=option_or_0901
[INFO] Post-0301 apply queued (mode=option_or_0901, grace=0ms, timeout=20ms, plans=3)
[REPLAN][TIME] 0305_status_2_ms=15230.0 wall_ms=1779338664820 reason=협업기저임무 재수행 요청
[0305] status=2, reason=협업기저임무 재수행 요청, elapsed=15.12s 전송
[REPLAN][TIME] post_0301_completion_ready_ms=15231.6 wall_ms=1779338664822 mode=option_or_0901
[REPLAN][METRIC] source_artifact_cache entries=34 hits=28 misses=34
[INFO] Post-0301 ready (timeout) -> sending 0901
[REPLAN][TIME] post_0301_flushed_ms=15256.8 wall_ms=1779338664847 delivery=0901 trigger=timeout
[REPLAN][TIME] 0901_sent_ms=15259.8 wall_ms=1779338664850 options=3
[0901] option request sent (count=3, codes=6(정찰/시간 균형), 4(정찰특화), 5(최소시간))
[REPLAN][TIME] id_tab_update_flushed_ms=15261.5 wall_ms=1779338664852
[REPLAN][TIME] 0902_received_ms=0.3 wall_ms=1779338673572 trigger=attack_2_option replanLevel=2 optionCount=2 forceDirect=0
[REPLAN][TIME] 0902_archived_ms=1.5 wall_ms=1779338673574 path=replan_request_832653872539.json
[AUTO] 0902 received (planIds=700000052, 700000053)
[REPLAN][TIME] pipeline_scheduled_ms=2.8 wall_ms=1779338673575 delay_ms=0
[REPLAN][TIME] scheduled_start_ms=3.9 wall_ms=1779338673576
[REPLAN][TIME] 0305_status_1_ms=6.5 wall_ms=1779338673579 reason=표적98 발견 재계획
[0305] status=1, reason=표적98 발견 재계획 전송
[INFO] Using latest 0203 ID 1 for missionReferencePackageID (fallback)
[STEP 0] Replan pipeline start (reason=표적98 발견 재계획)
[REPLAN][TIME] attack_exclusion_parallel_started_ms=13.7 wall_ms=1779338673586 option_index=2 sourcePlanID=700000049
[ATTACK-EXCLUDE] parallel generation started (sourcePlanID=700000049, optionIndex=2)
[ATTACK] 공격 특화 재계획 요청 감지 → 전용 파이프라인 실행
[ATTACK] [TIME] select_manned_aircraft=14ms
[ATTACK] STEP1 Selected manned aircraft: aircraft 2 (fuel=1200.0, coord=(37.85672378540039, 128.23350524902344, alt=1199))
[ATTACK] [TIME] load_target_entries=2ms
[ATTACK] STEP2 UAV tracking summary: watcher 5?’target 98, watcher 4?’target unknown-10, watcher 4?’target unknown-13, watcher 4?’target unknown-17, watcher 4?’target unknown-2, watcher 4?’target unknown-22, watcher 4?’target unknown-27, watcher 4?’target unknown-31, watcher 4?’target unknown-33, watcher 4?’target unknown-34, watcher 4?’target unknown-35, watcher 4?’target unknown-38, watcher 4?’target unknown-41, watcher 5?’target unknown-12, watcher 5?’target unknown-15, watcher 5?’target unknown-16, watcher 5?’target unknown-18, watcher 5?’target unknown-19, watcher 5?’target unknown-20, watcher 5?’target unknown-28, watcher 5?’target unknown-3, watcher 5?’target unknown-32, watcher 5?’target unknown-36, watcher 5?’target unknown-4, watcher 5?’target unknown-43, watcher 5?’target unknown-6, watcher 5?’target unknown-7, watcher 5?’target unknown-8, watcher 5?’target unknown-9, watcher 6?’target unknown-1, watcher 6?’target unknown-11, watcher 6?’target unknown-21, watcher 6?’target unknown-23, watcher 6?’target unknown-25, watcher 6?’target unknown-29, watcher 6?’target unknown-30, watcher 6?’target unknown-37, watcher 6?’target unknown-39, watcher 6?’target unknown-42, watcher 6?’target unknown-5, watcher 4?’target 77, watcher 6?’target 78, watcher 5?’target 79, watcher 5?’target 80, watcher 4?’target 81, watcher 5?’target 82, watcher 5?’target 83, watcher 5?’target 84, watcher 4?’target 85, watcher 4?’target 86, watcher 5?’target 87, watcher 6?’target 88, watcher 5?’target 89, watcher 6?’target 90, watcher 5?’target 91, watcher 5?’target 92, watcher 4?’target 93, watcher 5?’target 94, watcher 6?’target 96, watcher 5?’target 97
[ATTACK] STEP2.5 Using bundled 0402 targets: target=98 watcher=5
[ATTACK] [ATTACK] Selected target id=98 type=1 weaponType=2 (preferred=2, ammo={'type1': 500, 'type2': 7, 'type3': 2})
[ATTACK] [TIME] compute_attack_point=9ms
[ATTACK] STEP3 Attack plan completed: lat=37.898815, lon=128.195005, alt=957m
[ATTACK] [ATTACK] Weapon choice aircraft=2 preferred=2 selected=2 ammo={'type1': 500, 'type2': 7, 'type3': 2}
[ATTACK] [ATTACK][ETA] Tracking ETA computed with LAH max attack speed (dist=5772.7m, speed=73.61m/s, +30s) -> 108s
[ATTACK] [ATTACK] Using requested missionPlanID 700000052 (sourcePlanID=700000049)
[ATTACK] [ATTACK][POINT] Primary target adaptive standoff mode=candidate_within_standoff currentDist=7772.686632004333m candidateDist=1999.9999999996976m standoff=300.0/2000.0m.
[ATTACK] [ATTACK][ETA] UAV 4 remaining mission time: 0.0s
[ATTACK] [ATTACK][ETA] UAV 6 remaining mission time: 0.0s
[ATTACK] [ATTACK][ETA] Non-tracking UAV ETA selected: UAV 4 with 0s remaining
[ATTACK] [ATTACK][ETA] All tracking ETAs unified to 0s
[ATTACK] [ATTACK][COLLAB] Remaining UAV entry lookahead applied: 9.0s (pathFollow=3, linearFallback=3, currentOnly=0)
[ATTACK] [PRIOR] Falling back to first mission for aircraft 2 (current waypoint not found in plan).
[FOV_DB] loaded 7010 rows, 7008 unique widths, path=C:\Users\TRL98\Desktop\LAH_MUMT\branNew\KU\DSS_KU\resource\db\fov_db_탱크_72_38_6_3.2.csv
[ATTACK] [ATTACK][LAH] Using max attack speed 73.61m/s (265.0km/h) for aircraft 2.
[ATTACK] [ATTACK][LAH] Inferred current waypoint from position -> 651190.
[ATTACK] [ATTACK][LAH] Dropped current waypoint from resume path (currentWP=651190, nextWP=651191).
[ATTACK] [ATTACK][LAH] Preserved completed prefix, inserted attack, and reattached 1 follow-up mission(s).
[ATTACK] [ATTACK][LAH] Generated attack/resume missions -> IMP:800000239.json PATHS:200000088.json/200000089.json (followUps=1)
[ATTACK] [PRIOR] Falling back to first mission for aircraft 1 (current waypoint not found in plan).
[ATTACK] [ATTACK][LAH] Inferred current waypoint from position -> 651186.
[ATTACK] [ATTACK][LAH] Dropped current waypoint from resume path (currentWP=651186, nextWP=651187).
[ATTACK] [ATTACK][LAH] Preserved completed prefix, inserted hold, and reattached 1 follow-up mission(s).
[ATTACK] [ATTACK][LAH] Generated hold/resume missions -> IMP:800000241.json PATHS:100000087.json/100000088.json (followUps=1)
[ATTACK] [PRIOR] Falling back to first mission for aircraft 3 (current waypoint not found in plan).
[ATTACK] [ATTACK][LAH] Inferred current waypoint from position -> 651194.
[ATTACK] [ATTACK][LAH] Dropped current waypoint from resume path (currentWP=651194, nextWP=651195).
[ATTACK] [ATTACK][LAH] Preserved completed prefix, inserted hold, and reattached 1 follow-up mission(s).
[ATTACK] [ATTACK][LAH] Generated hold/resume missions -> IMP:800000245.json PATHS:300000088.json/300000089.json (followUps=1)
[ATTACK] [NEXTCOLLAB] division planner area-division pieces=2
[ATTACK] [NEXTCOLLAB] division planner final workflow=no_split paths=2
[ATTACK] [ATTACK][COLLAB] Collaborative replacement IMP written (aircraft=4, imp=800000242.json, missions=1).
[ATTACK] [ATTACK][COLLAB] Collaborative replacement IMP written (aircraft=6, imp=800000243.json, missions=1).
[ATTACK] [ATTACK][COLLAB] First sweep searchSpeed boosted (aircraft=4, pathID=400000135, waypointID=901236, factor=1.30, old=948.43, new=1232.96).
[ATTACK] [ATTACK][COLLAB] First sweep searchSpeed boosted (aircraft=6, pathID=600000128, waypointID=901250, factor=1.30, old=782.95, new=1017.83).
[ATTACK] [ATTACK][COLLAB] Collaborative remaining mission replanned (inputMissionID=6, unavailable=[5], remaining=[4, 6], workflow=no_split).
[ATTACK] [ATTACK][UAV] Tracking target altitude kept for sensor only; flight altitude replaced 657m -> 1953m.
[ATTACK] [ATTACK][UAV] Resume trimmed by currentWP (lastRemovedWP=901192).
[ATTACK] [ATTACK][UAV] Added replan anchor waypoint to done path (anchorWP=901272).
[ATTACK] [ATTACK][UAV] Resume sweep trim applied (cutPoints=12, rawCutPoints=12, doneSweepPoints=0, pathID=500000150).
[ATTACK] [ATTACK][UAV] Resume searchSpeed scaled (factor=1.30, waypoints=1).
[ATTACK] [ATTACK][COLLAB] Tracking UAV resume replaced with release transit (aircraft=5, targetFinishEta=115, speed=58.0m/s).
[ATTACK] [ATTACK][UAV] Preserved completed prefix, inserted tracking, and reattached 1 follow-up mission(s).
[ATTACK] [ATTACK][UAV] Generated tracking/resume missions -> IMP:800000246.json PATHS:500000160.json/500000161.json (followUps=1)
[ATTACK] [ATTACK][UAV] Tracking assignment state saved (aircraft=5, sourcePlan=700000049, attackPlan=700000052).
[ATTACK] [ATTACK][COLLAB] Aircraft 4 handled by collaborative remaining replan (inputMissionID=6).
[ATTACK] [ATTACK][COLLAB] Aircraft 6 handled by collaborative remaining replan (inputMissionID=6).
[ATTACK] [ATTACK][PLAN] carried area remaining snapshot -> mission_area_snapshot_700000052.json (sourcePlanID=700000049, planID=700000052)
[ATTACK] [ATTACK][PLAN] MissionPlan saved -> 700000052.json (planID=700000052)
[ATTACK] [ATTACK][TIME] override_detail={"phases": {"metadata_normalize": {"elapsedMs": 0.011, "attackTargetCount": 1, "selectedMannedCount": 1}, "agent_index": {"elapsedMs": 0.12, "aircraftCount": 6}, "weapon_choice": {"elapsedMs": 10.911, "selectedWeaponType": 2, "ammoAvailable": true}, "initial_tracking_eta": {"elapsedMs": 0.723, "useDetectionTracking": true, "trackingEtaS": 108}, "resolve_source_plan": {"elapsedMs": 5.053, "sourcePlanID": 700000049}, "source_plan_load": {"elapsedMs": 0.437, "sourcePlanID": 700000049, "aircraftCount": 6}, "sweep_progress_load": {"elapsedMs": 0.942, "entries": 96}, "plan_id_resolve": {"elapsedMs": 0.025, "requested": true, "missionPlanID": 700000052}, "source_artifact_cache_build": {"elapsedMs": 0.024, "aircraftEntries": 6}, "done_input_ids_load": {"elapsedMs": 3.056, "count": 4}, "plan_deepcopy": {"elapsedMs": 0.089}, "target_uav_assignment": {"elapsedMs": 1.396, "assignedTargetCount": 1, "usedTrackingUavCount": 1}, "manned_sequence_assignment": {"elapsedMs": 5.765, "aircraftCount": 1, "error": null}, "attack_coordinate_resolution": {"elapsedMs": 3.219, "resolvedCount": 1, "mannedSequenceCount": 1}, "remaining_eta": {"elapsedMs": 18.616, "allUavCount": 3, "trackingUavCount": 1, "computedEtaCount": 1, "adjustedEtaS": 0}, "descriptor_list_build": {"elapsedMs": 0.053, "descriptorCount": 6, "activeMannedCount": 1, "otherLahCount": 2, "otherUavCount": 2}, "collab_tracking_scan": {"elapsedMs": 12.113, "inputCount": 1, "unavailableUavCount": 1}, "collab_agent_state_map": {"elapsedMs": 11.533, "aircraftCount": 6}, "collab_parallel_started": {"elapsedMs": 0.833, "inputCount": 1, "workers": 1}, "collab_parallel_join": {"elapsedMs": 3.67, "waitReason": "UAV_TRACK", "inputCount": 1}, "descriptor_loop": {"elapsedMs": 14492.803, "descriptorCount": 6, "updateCount": 4}, "final_collab_plan_update": {"elapsedMs": 0.021, "collabInputCount": 1}, "mission_plan_write": {"elapsedMs": 13.044, "missionPlanID": 700000052}, "option_meta_build": {"elapsedMs": 0.069, "targetCount": 1, "collabInputCount": 1}}, "collabRuns": [{"inputMissionID": 6, "unavailableAircraftIDs": [5], "elapsedMs": 7595.637, "status": "ok", "replacementAircraftIDs": [4, 6], "generatedPathCount": 2, "finishEtaS": 115, "workflow": "no_split"}], "descriptorDetails": [{"aircraftID": 2, "label": "manned", "mode": "LAH_ATTACK", "resolveArtifacts": {"elapsedMs": 0.89, "currentWaypointID": null, "sourcePathID": 200000082, "sourceImpID": 800000221}, "loadArtifacts": {"elapsedMs": 0.009, "impLoaded": true, "fpLoaded": true}, "cloneAndLocateMission": {"elapsedMs": 0.134, "missionCount": 2, "targetIndex": 0}, "allocateAndPlanUpdate": {"elapsedMs": 15.704, "newImpID": 800000239}, "builder": {"elapsedMs": 6509.586, "builderMode": "LAH_ATTACK"}, "builderDetail": {"allocate_ids": {"elapsedMs": 2585.296, "attackPathID": 200000088, "resumePathID": 200000089, "attackIndividualID": 900000585, "resumeIndividualID": 900000586, "entryWaypointID": 901228, "attackWaypointID": 901230}, "split_lah_resume": {"elapsedMs": 1777.628, "resumeWaypointCount": 1, "removedWaypointID": 651190}, "clone_followups": {"elapsedMs": 1023.781, "followUpMissionCount": 1, "followUpPathCount": 1}, "payload_build": {"elapsedMs": 1104.22, "hasResume": true, "followUpMissionCount": 1, "attackSpeedMps": 73.61}, "write_json": {"elapsedMs": 10.506, "fileCount": 4}, "totalMs": 6506.535}, "status": "ok", "elapsedMs": 6526.49}, {"aircraftID": 1, "label": "lah_hold_1", "mode": "LAH_HOLD_RESUME", "resolveArtifacts": {"elapsedMs": 1.066, "currentWaypointID": null, "sourcePathID": 100000081, "sourceImpID": 800000220}, "loadArtifacts": {"elapsedMs": 0.009, "impLoaded": true, "fpLoaded": true}, "cloneAndLocateMission": {"elapsedMs": 0.151, "missionCount": 2, "targetIndex": 0}, "allocateAndPlanUpdate": {"elapsedMs": 353.636, "newImpID": 800000241}, "builder": {"elapsedMs": 2747.88, "builderMode": "LAH_HOLD_RESUME"}, "builderDetail": {"allocate_ids": {"elapsedMs": 645.454, "holdPathID": 100000087, "resumePathID": 100000088, "holdIndividualID": 900000592, "resumeIndividualID": 900000593}, "split_lah_resume": {"elapsedMs": 1049.462, "resumeWaypointCount": 1, "removedWaypointID": 651186}, "clone_followups": {"elapsedMs": 390.575, "followUpMissionCount": 1, "followUpPathCount": 1}, "payload_build": {"elapsedMs": 1043.276, "hasResume": true, "followUpMissionCount": 1}, "write_json": {"elapsedMs": 5.189, "fileCount": 4}, "totalMs": 2747.832}, "status": "ok", "elapsedMs": 3102.902}, {"aircraftID": 3, "label": "lah_hold_3", "mode": "LAH_HOLD_RESUME", "resolveArtifacts": {"elapsedMs": 0.801, "currentWaypointID": null, "sourcePathID": 300000082, "sourceImpID": 800000222}, "loadArtifacts": {"elapsedMs": 0.005, "impLoaded": true, "fpLoaded": true}, "cloneAndLocateMission": {"elapsedMs": 0.091, "missionCount": 2, "targetIndex": 0}, "allocateAndPlanUpdate": {"elapsedMs": 347.385, "newImpID": 800000245}, "builder": {"elapsedMs": 2379.989, "builderMode": "LAH_HOLD_RESUME"}, "builderDetail": {"allocate_ids": {"elapsedMs": 663.762, "holdPathID": 300000088, "resumePathID": 300000089, "holdIndividualID": 900000597, "resumeIndividualID": 900000598}, "split_lah_resume": {"elapsedMs": 984.358, "resumeWaypointCount": 1, "removedWaypointID": 651194}, "clone_followups": {"elapsedMs": 365.172, "followUpMissionCount": 1, "followUpPathCount": 1}, "payload_build": {"elapsedMs": 723.162, "hasResume": true, "followUpMissionCount": 1}, "write_json": {"elapsedMs": 4.98, "fileCount": 4}, "totalMs": 2379.94}, "status": "ok", "elapsedMs": 2728.408}, {"aircraftID": 5, "label": "uav_tracking_5", "mode": "UAV_TRACK", "resolveArtifacts": {"elapsedMs": 0.024, "currentWaypointID": 901193, "sourcePathID": 500000150, "sourceImpID": 800000224}, "loadArtifacts": {"elapsedMs": 0.004, "impLoaded": true, "fpLoaded": true}, "cloneAndLocateMission": {"elapsedMs": 0.172, "missionCount": 2, "targetIndex": 0}, "allocateAndPlanUpdate": {"elapsedMs": 8.001, "newImpID": 800000246}, "builder": {"elapsedMs": 2107.933, "builderMode": "UAV_TRACK"}, "builderDetail": {"allocate_ids": {"elapsedMs": 334.58, "donePathID": 500000159, "attackPathID": 500000160, "resumePathID": 500000161, "trackingIndividualID": 900000600, "resumeIndividualID": 900000601, "targetWaypointID": 901271}, "split_done_resume": {"elapsedMs": 985.249, "sourceSinglePoint": false, "doneWaypointCount": 2, "resumeWaypointCount": 1, "removedWaypointID": 901192}, "clone_followups": {"elapsedMs": 384.219, "followUpMissionCount": 1, "followUpPathCount": 1}, "release_resume": {"elapsedMs": 337.128, "releaseWaypointCount": 2, "targetFinishEtaS": 115}, "write_json": {"elapsedMs": 57.193, "fileCount": 5}, "totalMs": 2104.311}, "trackingState": {"elapsedMs": 11.516}, "status": "ok", "elapsedMs": 2128.564}, {"aircraftID": 4, "label": "uav_resume_4", "mode": "UAV_RESUME", "resolveArtifacts": {"elapsedMs": 0.03, "currentWaypointID": 901189, "sourcePathID": 400000126, "sourceImpID": 800000223}, "loadArtifacts": {"elapsedMs": 0.01, "impLoaded": true, "fpLoaded": true}, "cloneAndLocateMission": {"elapsedMs": 0.212, "missionCount": 2, "targetIndex": 0}, "status": "handled_by_collab", "elapsedMs": 1.101}, {"aircraftID": 6, "label": "uav_resume_6", "mode": "UAV_RESUME", "resolveArtifacts": {"elapsedMs": 0.027, "currentWaypointID": 901197, "sourcePathID": 600000122, "sourceImpID": 800000225}, "loadArtifacts": {"elapsedMs": 0.004, "impLoaded": true, "fpLoaded": true}, "cloneAndLocateMission": {"elapsedMs": 0.224, "missionCount": 2, "targetIndex": 0}, "status": "handled_by_collab", "elapsedMs": 1.038}], "totalMs": 14567}
[ATTACK] [ATTACK][TIME] override_total=14567ms
[ATTACK] [TIME] apply_attack_plan_overrides=14588ms
[ATTACK] [TIME] timingMs={"read_source": 18.283, "descriptor_build": 6.645, "write_artifacts": 14599.319, "delivery_wait": 14.304}
[ATTACK] [TIME] total=14640ms
[ATTACK] 분석 로그 저장: C:\Users\TRL98\Desktop\LAH_MUMT\Logs\Scenario_2026-05-21T132543\SBC3\DSS_Internal\log_attack_algorithm_20260521T044448_227011.json
[ATTACK] mark target used: targetIDs=98
[ATTACK-EXCLUDE] ATTACK-EXCLUDE using requested missionPlanID 700000053 (sourcePlanID=700000049)
[ATTACK-EXCLUDE] [PRIOR][UAV] Resume trimmed by currentWP (lastRemovedWP=901188).
[ATTACK-EXCLUDE] [PRIOR][UAV] Added replan anchor waypoint to done path (anchorWP=901225).
[ATTACK-EXCLUDE] [PRIOR][UAV] Resume sweep trim applied (cutPoints=10, rawCutPoints=10, doneSweepPoints=0, pathID=400000126).
[ATTACK-EXCLUDE] [PRIOR][UAV] Resume searchSpeed scaled (factor=1.30, waypoints=1).
[ATTACK-EXCLUDE] [PRIOR][UAV] Generated done/resume mission -> aircraft=4 IMP:800000238.json PATHS:400000132.json/400000133.json
[ATTACK-EXCLUDE] [PRIOR][UAV] Resume trimmed by currentWP (lastRemovedWP=901192).
[ATTACK-EXCLUDE] [PRIOR][UAV] Added replan anchor waypoint to done path (anchorWP=901243).
[ATTACK-EXCLUDE] [PRIOR][UAV] Resume sweep trim applied (cutPoints=12, rawCutPoints=12, doneSweepPoints=0, pathID=500000150).
[ATTACK-EXCLUDE] [PRIOR][UAV] Resume searchSpeed scaled (factor=1.30, waypoints=1).
[ATTACK-EXCLUDE] [PRIOR][UAV] Generated done/resume mission -> aircraft=5 IMP:800000240.json PATHS:500000156.json/500000157.json
[ATTACK-EXCLUDE] [PRIOR][UAV] Resume trimmed by currentWP (lastRemovedWP=901196).
[ATTACK-EXCLUDE] [PRIOR][UAV] Added replan anchor waypoint to done path (anchorWP=901261).
[ATTACK-EXCLUDE] [PRIOR][UAV] Resume sweep trim applied (cutPoints=10, rawCutPoints=10, doneSweepPoints=0, pathID=600000122).
[ATTACK-EXCLUDE] [PRIOR][UAV] Resume searchSpeed scaled (factor=1.30, waypoints=1).
[ATTACK-EXCLUDE] [PRIOR][UAV] Generated done/resume mission -> aircraft=6 IMP:800000244.json PATHS:600000129.json/600000130.json
[ATTACK-EXCLUDE] 공격 배제 MissionPlan 저장 -> 700000053.json (planID=700000053)
[ATTACK-EXCLUDE] ATTACK-EXCLUDE carried area remaining snapshot -> mission_area_snapshot_700000053.json (sourcePlanID=700000049, planID=700000053)
[ATTACK] 공격 임무 계획 완료 (planIds=700000052)
[INFO] UAV params loaded (cruise=40.00, turn_step=15.0)
[INFO] Latest input snapshot → 0201:ID=4,ts=832653849166,src=-, 0203:ID=1,ts=832652848760,src=-
[STEP 0] Using latest 0201 ID 4 (4.json)
[STEP 0] Using latest 0203 ID 1 (1.json)
[CHECK] 0201/0203 필수 데이터 확인 시작
[OK] 0201 inputMissionList 확인됨 (count=6) → 진행
[OK] 0201 availableAircraftList 확인됨 (count=6) → 진행
[OK] 0201 inputMissionPackageType=1 확인
[OK] 0201 mainSensor=1 확인
[CHECK] 0201 기체 수=6 (UAV=3, LAH=3)
[CHECK] 0201 임무: total=6 missingID=0 missingDetail=0 missingShape=0 unknownType=0 typeZeroAuto=0 typeZeroInvalid=0 lineOnlyViolation=0 skippedSinglePoint=0
[OK] 0203 takeOverInfoList 확인됨 (count=3) → 진행
[OK] 0203 handOverInfoList 확인됨 (count=3) → 진행
[OK] 0203 flightAreaList 확인됨 (count=1) → 진행
[CHECK] 0203 flightAreaList count=1
[INFO] 임무 진행영역 스냅샷 적용: sourcePlan=700000049, updated=2, done=0
[INFO] 임무 진행영역 재계획 collapse 적용: groups=2, normalized=3, 6
[INFO] Filtered completed input missions (removed=1, 2, 4, 5, converted=-, widthAdjusted=-, skippedSinglePoint=-, snapshot=updated=2, done=0, collapse=groups=2, normalized=3,6)
[REPLAN][TIME] variant_started_ms=14701.8 wall_ms=1779338688274 variant=1 option=3 mode=attack_exclusion
[variant 1] 공격 배제 병렬 결과 병합
[REPLAN][TIME] attack_exclusion_parallel_joined_ms=14713.4 wall_ms=1779338688286 variant=1 duration_ms=10815.587 wait_ms=0.011
[OK] 공격 배제 variant 저장: MissionPlanID=700000053 (elapsed=10815.6 ms)
[INFO] Option mapping #1: planID=700000053, optionCode=3(공격배제)
[REPLAN][TIME] variant_finished_ms=14713.6 wall_ms=1779338688286 variant=1 option=3 mode=attack_exclusion status=success duration_ms=10815.587
[OK] Stored mission data: MissionPlan=1, IndividualMission=0, FlightPath=0
[REPLAN][TIME] id_tab_update_deferred_ms=14714.9 wall_ms=1779338688287
[REPLAN][TIME] pipeline_done_ms=14715.0 wall_ms=1779338688287 plans=2 force_direct=False
[REPLAN][TIME] 0301_queued_ms=14715.0 wall_ms=1779338688287 plans=2
[STEP 4] 0301 push queued (planIds=700000052, 700000053)
[0301] missionPlanID=700000052 전송
[0301] missionPlanID=700000053 전송
[PUSH] 0301 direct batch send
[REPLAN][TIME] 0301_sent_ms=15358.6 wall_ms=1779338688931 plans=2
[REPLAN][TIME] post_0301_delivery_queued_ms=15359.3 wall_ms=1779338688931 grace_ms=0 timeout_ms=20 force_direct=0 mode=option_or_0901
[INFO] Post-0301 apply queued (mode=option_or_0901, grace=0ms, timeout=20ms, plans=2)
[REPLAN][TIME] 0305_status_2_ms=15362.8 wall_ms=1779338688935 reason=표적98 발견 재계획
[0305] status=2, reason=표적98 발견 재계획, elapsed=15.36s 전송
[REPLAN][TIME] post_0301_completion_ready_ms=15364.4 wall_ms=1779338688936 mode=option_or_0901
[REPLAN][METRIC] source_artifact_cache entries=21 hits=39 misses=21
[INFO] Post-0301 ready (timeout) -> sending 0901
[REPLAN][TIME] post_0301_flushed_ms=15394.2 wall_ms=1779338688966 delivery=0901 trigger=timeout
[REPLAN][TIME] 0901_sent_ms=15397.0 wall_ms=1779338688969 options=2
[0901] option request sent (count=2, codes=2(공격특화), 3(공격배제))
[REPLAN][TIME] id_tab_update_flushed_ms=15398.4 wall_ms=1779338688971
[REPLAN][TIME] 0902_received_ms=0.3 wall_ms=1779338738965 trigger=attack_2_option replanLevel=2 optionCount=2 forceDirect=0
[REPLAN][TIME] 0902_archived_ms=1.8 wall_ms=1779338738967 path=replan_request_832653937571.json
[AUTO] 0902 received (planIds=700000054, 700000055)
[REPLAN][TIME] pipeline_scheduled_ms=3.5 wall_ms=1779338738969 delay_ms=0
[REPLAN][TIME] scheduled_start_ms=4.8 wall_ms=1779338738970
[REPLAN][TIME] 0305_status_1_ms=7.5 wall_ms=1779338738973 reason=표적99 발견 재계획
[0305] status=1, reason=표적99 발견 재계획 전송
[INFO] Using latest 0203 ID 1 for missionReferencePackageID (fallback)
[STEP 0] Replan pipeline start (reason=표적99 발견 재계획)
[REPLAN][TIME] attack_exclusion_parallel_started_ms=14.7 wall_ms=1779338738980 option_index=2 sourcePlanID=700000053
[ATTACK-EXCLUDE] parallel generation started (sourcePlanID=700000053, optionIndex=2)
[ATTACK] 공격 특화 재계획 요청 감지 → 전용 파이프라인 실행
[ATTACK] [TIME] select_manned_aircraft=10ms
[ATTACK] STEP1 Selected manned aircraft: aircraft 3 (fuel=1200.0, coord=(37.8477783203125, 128.23300170898438, alt=1199))
[ATTACK] [TIME] load_target_entries=2ms
[ATTACK] STEP2 UAV tracking summary: watcher 5?’target 99, watcher 4?’target unknown-10, watcher 4?’target unknown-13, watcher 4?’target unknown-17, watcher 4?’target unknown-2, watcher 4?’target unknown-22, watcher 4?’target unknown-27, watcher 4?’target unknown-31, watcher 4?’target unknown-33, watcher 4?’target unknown-34, watcher 4?’target unknown-35, watcher 4?’target unknown-38, watcher 4?’target unknown-41, watcher 4?’target unknown-44, watcher 4?’target unknown-45, watcher 4?’target unknown-49, watcher 4?’target unknown-51, watcher 5?’target unknown-12, watcher 5?’target unknown-15, watcher 5?’target unknown-16, watcher 5?’target unknown-18, watcher 5?’target unknown-19, watcher 5?’target unknown-20, watcher 5?’target unknown-28, watcher 5?’target unknown-3, watcher 5?’target unknown-32, watcher 5?’target unknown-36, watcher 5?’target unknown-4, watcher 5?’target unknown-43, watcher 5?’target unknown-47, watcher 5?’target unknown-50, watcher 5?’target unknown-52, watcher 5?’target unknown-6, watcher 5?’target unknown-7, watcher 5?’target unknown-8, watcher 5?’target unknown-9, watcher 6?’target unknown-1, watcher 6?’target unknown-11, watcher 6?’target unknown-21, watcher 6?’target unknown-23, watcher 6?’target unknown-25, watcher 6?’target unknown-29, watcher 6?’target unknown-30, watcher 6?’target unknown-37, watcher 6?’target unknown-39, watcher 6?’target unknown-42, watcher 6?’target unknown-46, watcher 6?’target unknown-48, watcher 6?’target unknown-5, watcher 4?’target 77, watcher 6?’target 78, watcher 5?’target 79, watcher 5?’target 80, watcher 4?’target 81, watcher 5?’target 82, watcher 5?’target 83, watcher 5?’target 84, watcher 4?’target 85, watcher 4?’target 86, watcher 5?’target 87, watcher 6?’target 88, watcher 5?’target 89, watcher 6?’target 90, watcher 5?’target 91, watcher 5?’target 92, watcher 4?’target 93, watcher 5?’target 94, watcher 6?’target 96, watcher 5?’target 97, watcher 5?’target 98
[ATTACK] STEP2.5 Using bundled 0402 targets: target=99 watcher=5
[ATTACK] [ATTACK] Selected target id=99 type=5 weaponType=2 (preferred=2, ammo={'type1': 500, 'type2': 7, 'type3': 2})
[ATTACK] [TIME] compute_attack_point=9ms
[ATTACK] STEP3 Attack plan completed: lat=37.899421, lon=128.194616, alt=948m
[ATTACK] [ATTACK] Using remembered waypoint 901251 for watcher 5 while auto-tracking.
[ATTACK] [ATTACK] Weapon choice aircraft=3 preferred=2 selected=2 ammo={'type1': 500, 'type2': 7, 'type3': 2}
[ATTACK] [ATTACK][ETA] Tracking ETA computed with LAH max attack speed (dist=6657.9m, speed=73.61m/s, +30s) -> 120s
[ATTACK] [ATTACK] Using requested missionPlanID 700000054 (sourcePlanID=700000053)
[ATTACK] [ATTACK][POINT] Primary target adaptive standoff mode=far_projected_to_preferred_standoff currentDist=8657.875259663453m candidateDist=2000.00000000058m standoff=300.0/2000.0m.
[ATTACK] [ATTACK][ETA] UAV 4 remaining mission time: 0.0s
[ATTACK] [ATTACK][ETA] UAV 6 remaining mission time: 0.0s
[ATTACK] [ATTACK][ETA] Non-tracking UAV ETA selected: UAV 4 with 0s remaining
[ATTACK] [ATTACK][ETA] All tracking ETAs unified to 0s
[ATTACK] [ATTACK][COLLAB] Remaining UAV entry lookahead applied: 9.0s (pathFollow=3, linearFallback=3, currentOnly=0)
[ATTACK] [PRIOR] Falling back to first mission for aircraft 3 (current waypoint not found in plan).
[FOV_DB] loaded 7010 rows, 7008 unique widths, path=C:\Users\TRL98\Desktop\LAH_MUMT\branNew\KU\DSS_KU\resource\db\fov_db_탱크_72_38_6_3.2.csv
[ATTACK] [ATTACK][LAH] Using max attack speed 73.61m/s (265.0km/h) for aircraft 3.
[ATTACK] [ATTACK][LAH] Inferred current waypoint from position -> 651194.
[ATTACK] [ATTACK][LAH] Dropped current waypoint from resume path (currentWP=651194, nextWP=651195).
[ATTACK] [ATTACK][LAH] Preserved completed prefix, inserted attack, and reattached 1 follow-up mission(s).
[ATTACK] [ATTACK][LAH] Generated attack/resume missions -> IMP:800000248.json PATHS:300000091.json/300000092.json (followUps=1)
[ATTACK] [PRIOR] Falling back to first mission for aircraft 1 (current waypoint not found in plan).
[ATTACK] [ATTACK][LAH] Inferred current waypoint from position -> 651186.
[ATTACK] [ATTACK][LAH] Dropped current waypoint from resume path (currentWP=651186, nextWP=651187).
[ATTACK] [ATTACK][LAH] Preserved completed prefix, inserted hold, and reattached 1 follow-up mission(s).
[ATTACK] [ATTACK][LAH] Generated hold/resume missions -> IMP:800000253.json PATHS:100000090.json/100000091.json (followUps=1)
[ATTACK] [PRIOR] Falling back to first mission for aircraft 2 (current waypoint not found in plan).
[ATTACK] [ATTACK][LAH] Inferred current waypoint from position -> 651190.
[ATTACK] [ATTACK][LAH] Dropped current waypoint from resume path (currentWP=651190, nextWP=651191).
[ATTACK] [ATTACK][LAH] Preserved completed prefix, inserted hold, and reattached 1 follow-up mission(s).
[ATTACK] [ATTACK][LAH] Generated hold/resume missions -> IMP:800000254.json PATHS:200000091.json/200000092.json (followUps=1)
[ATTACK] [NEXTCOLLAB] division planner area-division pieces=2
[ATTACK] [NEXTCOLLAB] division planner final workflow=no_split paths=2
[ATTACK] [ATTACK][COLLAB] Collaborative replacement IMP written (aircraft=4, imp=800000250.json, missions=1).
[ATTACK] [ATTACK][COLLAB] Collaborative replacement IMP written (aircraft=6, imp=800000251.json, missions=1).
[ATTACK] [ATTACK][COLLAB] First sweep searchSpeed boosted (aircraft=4, pathID=400000139, waypointID=901290, factor=1.30, old=472.98, new=614.88).
[ATTACK] [ATTACK][COLLAB] First sweep searchSpeed boosted (aircraft=6, pathID=600000132, waypointID=901297, factor=1.30, old=511.58, new=665.06).
[ATTACK] [ATTACK][COLLAB] Collaborative remaining mission replanned (inputMissionID=6, unavailable=[5], remaining=[4, 6], workflow=no_split).
[ATTACK] [ATTACK][UAV] Tracking target altitude kept for sensor only; flight altitude replaced 648m -> 1953m.
[ATTACK] [ATTACK][UAV] Source path has a single waypoint; preserving it as done and skipping done/resume split.
[ATTACK] [ATTACK][COLLAB] Tracking UAV resume replaced with release transit (aircraft=5, targetFinishEta=57, speed=58.0m/s).
[ATTACK] [ATTACK][UAV] Preserved completed prefix, inserted tracking, and reattached 1 follow-up mission(s).
[ATTACK] [ATTACK][UAV] Generated tracking/resume missions -> IMP:800000255.json PATHS:500000167.json/500000168.json (followUps=1)
[ATTACK] [ATTACK][UAV] Tracking assignment state saved (aircraft=5, sourcePlan=700000053, attackPlan=700000054).
[ATTACK] [ATTACK][COLLAB] Aircraft 4 handled by collaborative remaining replan (inputMissionID=6).
[ATTACK] [ATTACK][COLLAB] Aircraft 6 handled by collaborative remaining replan (inputMissionID=6).
[ATTACK] [ATTACK][PLAN] carried area remaining snapshot -> mission_area_snapshot_700000054.json (sourcePlanID=700000053, planID=700000054)
[ATTACK] [ATTACK][PLAN] MissionPlan saved -> 700000054.json (planID=700000054)
[ATTACK] [ATTACK][TIME] override_detail={"phases": {"metadata_normalize": {"elapsedMs": 0.009, "attackTargetCount": 1, "selectedMannedCount": 1}, "agent_index": {"elapsedMs": 0.119, "aircraftCount": 6}, "weapon_choice": {"elapsedMs": 5.433, "selectedWeaponType": 2, "ammoAvailable": true}, "initial_tracking_eta": {"elapsedMs": 0.871, "useDetectionTracking": true, "trackingEtaS": 120}, "resolve_source_plan": {"elapsedMs": 11.031, "sourcePlanID": 700000053}, "source_plan_load": {"elapsedMs": 0.573, "sourcePlanID": 700000053, "aircraftCount": 6}, "sweep_progress_load": {"elapsedMs": 1.303, "entries": 102}, "plan_id_resolve": {"elapsedMs": 0.025, "requested": true, "missionPlanID": 700000054}, "source_artifact_cache_build": {"elapsedMs": 0.015, "aircraftEntries": 6}, "done_input_ids_load": {"elapsedMs": 2.077, "count": 4}, "plan_deepcopy": {"elapsedMs": 0.051}, "target_uav_assignment": {"elapsedMs": 0.767, "assignedTargetCount": 1, "usedTrackingUavCount": 1}, "manned_sequence_assignment": {"elapsedMs": 2.893, "aircraftCount": 1, "error": null}, "attack_coordinate_resolution": {"elapsedMs": 2.907, "resolvedCount": 1, "mannedSequenceCount": 1}, "remaining_eta": {"elapsedMs": 11.345, "allUavCount": 3, "trackingUavCount": 1, "computedEtaCount": 1, "adjustedEtaS": 0}, "descriptor_list_build": {"elapsedMs": 0.048, "descriptorCount": 6, "activeMannedCount": 1, "otherLahCount": 2, "otherUavCount": 2}, "collab_tracking_scan": {"elapsedMs": 3.865, "inputCount": 1, "unavailableUavCount": 1}, "collab_agent_state_map": {"elapsedMs": 10.585, "aircraftCount": 6}, "collab_parallel_started": {"elapsedMs": 0.77, "inputCount": 1, "workers": 1}, "collab_parallel_join": {"elapsedMs": 4.572, "waitReason": "UAV_TRACK", "inputCount": 1}, "descriptor_loop": {"elapsedMs": 11437.739, "descriptorCount": 6, "updateCount": 4}, "final_collab_plan_update": {"elapsedMs": 0.013, "collabInputCount": 1}, "mission_plan_write": {"elapsedMs": 11.668, "missionPlanID": 700000054}, "option_meta_build": {"elapsedMs": 0.059, "targetCount": 1, "collabInputCount": 1}}, "collabRuns": [{"inputMissionID": 6, "unavailableAircraftIDs": [5], "elapsedMs": 5010.131, "status": "ok", "replacementAircraftIDs": [4, 6], "generatedPathCount": 2, "finishEtaS": 57, "workflow": "no_split"}], "descriptorDetails": [{"aircraftID": 3, "label": "manned", "mode": "LAH_ATTACK", "resolveArtifacts": {"elapsedMs": 0.746, "currentWaypointID": null, "sourcePathID": 300000082, "sourceImpID": 800000222}, "loadArtifacts": {"elapsedMs": 0.007, "impLoaded": true, "fpLoaded": true}, "cloneAndLocateMission": {"elapsedMs": 0.13, "missionCount": 2, "targetIndex": 0}, "allocateAndPlanUpdate": {"elapsedMs": 32.035, "newImpID": 800000248}, "builder": {"elapsedMs": 5968.908, "builderMode": "LAH_ATTACK"}, "builderDetail": {"allocate_ids": {"elapsedMs": 2257.293, "attackPathID": 300000091, "resumePathID": 300000092, "attackIndividualID": 900000607, "resumeIndividualID": 900000608, "entryWaypointID": 901285, "attackWaypointID": 901288}, "split_lah_resume": {"elapsedMs": 1925.692, "resumeWaypointCount": 1, "removedWaypointID": 651194}, "clone_followups": {"elapsedMs": 1447.318, "followUpMissionCount": 1, "followUpPathCount": 1}, "payload_build": {"elapsedMs": 328.361, "hasResume": true, "followUpMissionCount": 1, "attackSpeedMps": 73.61}, "write_json": {"elapsedMs": 4.369, "fileCount": 4}, "totalMs": 5966.613}, "status": "ok", "elapsedMs": 6001.997}, {"aircraftID": 1, "label": "lah_hold_1", "mode": "LAH_HOLD_RESUME", "resolveArtifacts": {"elapsedMs": 0.926, "currentWaypointID": null, "sourcePathID": 100000081, "sourceImpID": 800000220}, "loadArtifacts": {"elapsedMs": 0.005, "impLoaded": true, "fpLoaded": true}, "cloneAndLocateMission": {"elapsedMs": 0.121, "missionCount": 2, "targetIndex": 0}, "allocateAndPlanUpdate": {"elapsedMs": 18.239, "newImpID": 800000253}, "builder": {"elapsedMs": 2475.003, "builderMode": "LAH_HOLD_RESUME"}, "builderDetail": {"allocate_ids": {"elapsedMs": 42.269, "holdPathID": 100000090, "resumePathID": 100000091, "holdIndividualID": 900000614, "resumeIndividualID": 900000615}, "split_lah_resume": {"elapsedMs": 1686.378, "resumeWaypointCount": 1, "removedWaypointID": 651186}, "clone_followups": {"elapsedMs": 371.536, "followUpMissionCount": 1, "followUpPathCount": 1}, "payload_build": {"elapsedMs": 739.408, "hasResume": true, "followUpMissionCount": 1}, "write_json": {"elapsedMs": 3.982, "fileCount": 4}, "totalMs": 2474.963}, "status": "ok", "elapsedMs": 2494.428}, {"aircraftID": 2, "label": "lah_hold_2", "mode": "LAH_HOLD_RESUME", "resolveArtifacts": {"elapsedMs": 0.601, "currentWaypointID": null, "sourcePathID": 200000082, "sourceImpID": 800000221}, "loadArtifacts": {"elapsedMs": 0.007, "impLoaded": true, "fpLoaded": true}, "cloneAndLocateMission": {"elapsedMs": 0.094, "missionCount": 2, "targetIndex": 0}, "allocateAndPlanUpdate": {"elapsedMs": 7.259, "newImpID": 800000254}, "builder": {"elapsedMs": 1714.981, "builderMode": "LAH_HOLD_RESUME"}, "builderDetail": {"allocate_ids": {"elapsedMs": 21.507, "holdPathID": 200000091, "resumePathID": 200000092, "holdIndividualID": 900000617, "resumeIndividualID": 900000618}, "split_lah_resume": {"elapsedMs": 1016.769, "resumeWaypointCount": 1, "removedWaypointID": 651190}, "clone_followups": {"elapsedMs": 347.716, "followUpMissionCount": 1, "followUpPathCount": 1}, "payload_build": {"elapsedMs": 667.825, "hasResume": true, "followUpMissionCount": 1}, "write_json": {"elapsedMs": 4.835, "fileCount": 4}, "totalMs": 1714.932}, "status": "ok", "elapsedMs": 1723.089}, {"aircraftID": 5, "label": "uav_tracking_5", "mode": "UAV_TRACK", "resolveArtifacts": {"elapsedMs": 0.026, "currentWaypointID": 901251, "sourcePathID": 500000157, "sourceImpID": 800000240}, "loadArtifacts": {"elapsedMs": 0.005, "impLoaded": true, "fpLoaded": true}, "cloneAndLocateMission": {"elapsedMs": 0.197, "missionCount": 2, "targetIndex": 0}, "allocateAndPlanUpdate": {"elapsedMs": 7.754, "newImpID": 800000255}, "builder": {"elapsedMs": 1191.663, "builderMode": "UAV_TRACK"}, "builderDetail": {"allocate_ids": {"elapsedMs": 400.879, "donePathID": 500000166, "attackPathID": 500000167, "resumePathID": 500000168, "trackingIndividualID": 900000620, "resumeIndividualID": 900000621, "targetWaypointID": 901321}, "split_done_resume": {"elapsedMs": 1.526, "sourceSinglePoint": true, "doneWaypointCount": 1, "resumeWaypointCount": 0, "removedWaypointID": 901251}, "clone_followups": {"elapsedMs": 404.276, "followUpMissionCount": 1, "followUpPathCount": 1}, "release_resume": {"elapsedMs": 317.926, "releaseWaypointCount": 2, "targetFinishEtaS": 57}, "write_json": {"elapsedMs": 58.538, "fileCount": 5}, "totalMs": 1188.337}, "trackingState": {"elapsedMs": 10.555}, "status": "ok", "elapsedMs": 1211.136}, {"aircraftID": 4, "label": "uav_resume_4", "mode": "UAV_RESUME", "resolveArtifacts": {"elapsedMs": 0.028, "currentWaypointID": 901229, "sourcePathID": 400000133, "sourceImpID": 800000238}, "loadArtifacts": {"elapsedMs": 0.005, "impLoaded": true, "fpLoaded": true}, "cloneAndLocateMission": {"elapsedMs": 0.191, "missionCount": 2, "targetIndex": 0}, "status": "handled_by_collab", "elapsedMs": 1.007}, {"aircraftID": 6, "label": "uav_resume_6", "mode": "UAV_RESUME", "resolveArtifacts": {"elapsedMs": 0.022, "currentWaypointID": 901264, "sourcePathID": 600000130, "sourceImpID": 800000244}, "loadArtifacts": {"elapsedMs": 0.004, "impLoaded": true, "fpLoaded": true}, "cloneAndLocateMission": {"elapsedMs": 0.162, "missionCount": 2, "targetIndex": 0}, "status": "handled_by_collab", "elapsedMs": 0.888}], "totalMs": 11490}
[ATTACK] [ATTACK][TIME] override_total=11490ms
[ATTACK] [TIME] apply_attack_plan_overrides=11512ms
[ATTACK] [TIME] timingMs={"read_source": 14.039, "descriptor_build": 7.14, "write_artifacts": 11523.806, "delivery_wait": 9.619}
[ATTACK] [TIME] total=11555ms
[ATTACK] 분석 로그 저장: C:\Users\TRL98\Desktop\LAH_MUMT\Logs\Scenario_2026-05-21T132543\SBC3\DSS_Internal\log_attack_algorithm_20260521T044550_536555.json
[ATTACK] mark target used: targetIDs=99
[ATTACK-EXCLUDE] ATTACK-EXCLUDE using requested missionPlanID 700000055 (sourcePlanID=700000053)
[ATTACK-EXCLUDE] [PRIOR][UAV] Resume sweep trim applied (cutPoints=52, rawCutPoints=52, doneSweepPoints=0, pathID=400000133).
[ATTACK-EXCLUDE] [PRIOR][UAV] Resume searchSpeed scaled (factor=1.30, waypoints=1).
[ATTACK-EXCLUDE] [PRIOR][UAV] Generated done/resume mission -> aircraft=4 IMP:800000247.json PATHS:400000137.json
[ATTACK-EXCLUDE] [PRIOR][UAV] Resume sweep trim applied (cutPoints=43, rawCutPoints=43, doneSweepPoints=0, pathID=500000157).
[ATTACK-EXCLUDE] [PRIOR][UAV] Resume searchSpeed scaled (factor=1.30, waypoints=1).
[ATTACK-EXCLUDE] [PRIOR][UAV] Generated done/resume mission -> aircraft=5 IMP:800000249.json PATHS:500000164.json
[ATTACK-EXCLUDE] [PRIOR][UAV] Resume sweep trim applied (cutPoints=64, rawCutPoints=64, doneSweepPoints=0, pathID=600000130).
[ATTACK-EXCLUDE] [PRIOR][UAV] Resume searchSpeed scaled (factor=1.30, waypoints=1).
[ATTACK-EXCLUDE] [PRIOR][UAV] Generated done/resume mission -> aircraft=6 IMP:800000252.json PATHS:600000134.json
[ATTACK-EXCLUDE] 공격 배제 MissionPlan 저장 -> 700000055.json (planID=700000055)
[ATTACK-EXCLUDE] ATTACK-EXCLUDE carried area remaining snapshot -> mission_area_snapshot_700000055.json (sourcePlanID=700000053, planID=700000055)
[ATTACK] 공격 임무 계획 완료 (planIds=700000054)
[INFO] UAV params loaded (cruise=40.00, turn_step=15.0)
[INFO] Latest input snapshot → 0201:ID=4,ts=832653849166,src=-, 0203:ID=1,ts=832652848760,src=-
[STEP 0] Using latest 0201 ID 4 (4.json)
[STEP 0] Using latest 0203 ID 1 (1.json)
[CHECK] 0201/0203 필수 데이터 확인 시작
[OK] 0201 inputMissionList 확인됨 (count=6) → 진행
[OK] 0201 availableAircraftList 확인됨 (count=6) → 진행
[OK] 0201 inputMissionPackageType=1 확인
[OK] 0201 mainSensor=1 확인
[CHECK] 0201 기체 수=6 (UAV=3, LAH=3)
[CHECK] 0201 임무: total=6 missingID=0 missingDetail=0 missingShape=0 unknownType=0 typeZeroAuto=0 typeZeroInvalid=0 lineOnlyViolation=0 skippedSinglePoint=0
[OK] 0203 takeOverInfoList 확인됨 (count=3) → 진행
[OK] 0203 handOverInfoList 확인됨 (count=3) → 진행
[OK] 0203 flightAreaList 확인됨 (count=1) → 진행
[CHECK] 0203 flightAreaList count=1
[INFO] 임무 진행영역 스냅샷 적용: sourcePlan=700000053, updated=2, done=0
[INFO] 임무 진행영역 재계획 collapse 적용: groups=2, normalized=3, 6
[INFO] Filtered completed input missions (removed=1, 2, 4, 5, converted=-, widthAdjusted=-, skippedSinglePoint=-, snapshot=updated=2, done=0, collapse=groups=2, normalized=3,6)
[REPLAN][TIME] variant_started_ms=11628.3 wall_ms=1779338750593 variant=1 option=3 mode=attack_exclusion
[variant 1] 공격 배제 병렬 결과 병합
[REPLAN][TIME] attack_exclusion_parallel_joined_ms=11636.8 wall_ms=1779338750602 variant=1 duration_ms=7554.654 wait_ms=0.011
[OK] 공격 배제 variant 저장: MissionPlanID=700000055 (elapsed=7554.7 ms)
[INFO] Option mapping #1: planID=700000055, optionCode=3(공격배제)
[REPLAN][TIME] variant_finished_ms=11637.0 wall_ms=1779338750602 variant=1 option=3 mode=attack_exclusion status=success duration_ms=7554.654
[OK] Stored mission data: MissionPlan=1, IndividualMission=0, FlightPath=0
[REPLAN][TIME] id_tab_update_deferred_ms=11638.4 wall_ms=1779338750603
[REPLAN][TIME] pipeline_done_ms=11638.5 wall_ms=1779338750603 plans=2 force_direct=False
[REPLAN][TIME] 0301_queued_ms=11638.5 wall_ms=1779338750603 plans=2
[STEP 4] 0301 push queued (planIds=700000054, 700000055)
[0402] delivery suppressed before 0301: Target 정보 변경으로 인한 재계획 중단
[0001] notice sent: Target 정보 변경으로 인한 재계획 중단
[REPLAN][METRIC] source_artifact_cache entries=21 hits=39 misses=21
[REPLAN][TIME] 0902_received_ms=0.3 wall_ms=1779338751599 trigger=attack_2_option replanLevel=2 optionCount=2 forceDirect=0
[REPLAN][TIME] 0902_archived_ms=1.8 wall_ms=1779338751600 path=replan_request_832653944322.json
[AUTO] 0902 received (planIds=700000056, 700000057)
[REPLAN][TIME] pipeline_scheduled_ms=3.3 wall_ms=1779338751601 delay_ms=0
[REPLAN][TIME] scheduled_start_ms=4.5 wall_ms=1779338751603
[REPLAN][TIME] 0305_status_1_ms=6.9 wall_ms=1779338751605 reason=표적100 등 2개 발견
[0305] status=1, reason=표적100 등 2개 발견 전송
[INFO] Using latest 0203 ID 1 for missionReferencePackageID (fallback)
[STEP 0] Replan pipeline start (reason=표적100 등 2개 발견)
[REPLAN][TIME] attack_exclusion_parallel_started_ms=13.2 wall_ms=1779338751611 option_index=2 sourcePlanID=700000053
[ATTACK-EXCLUDE] parallel generation started (sourcePlanID=700000053, optionIndex=2)
[ATTACK] 공격 특화 재계획 요청 감지 → 전용 파이프라인 실행
[ATTACK] [TIME] select_manned_aircraft=12ms
[ATTACK] STEP1 Selected manned aircraft: aircraft 2 (fuel=1200.0, coord=(37.85672378540039, 128.23350524902344, alt=1199))
[ATTACK] [TIME] load_target_entries=5ms
[ATTACK] STEP2 UAV tracking summary: watcher 5?’target 99, watcher 4?’target 100, watcher 4?’target unknown-10, watcher 4?’target unknown-13, watcher 4?’target unknown-17, watcher 4?’target unknown-2, watcher 4?’target unknown-22, watcher 4?’target unknown-27, watcher 4?’target unknown-31, watcher 4?’target unknown-33, watcher 4?’target unknown-34, watcher 4?’target unknown-35, watcher 4?’target unknown-38, watcher 4?’target unknown-41, watcher 4?’target unknown-44, watcher 4?’target unknown-45, watcher 4?’target unknown-49, watcher 4?’target unknown-51, watcher 4?’target unknown-53, watcher 5?’target unknown-12, watcher 5?’target unknown-15, watcher 5?’target unknown-16, watcher 5?’target unknown-18, watcher 5?’target unknown-19, watcher 5?’target unknown-20, watcher 5?’target unknown-28, watcher 5?’target unknown-3, watcher 5?’target unknown-32, watcher 5?’target unknown-36, watcher 5?’target unknown-4, watcher 5?’target unknown-43, watcher 5?’target unknown-47, watcher 5?’target unknown-50, watcher 5?’target unknown-52, watcher 5?’target unknown-6, watcher 5?’target unknown-7, watcher 5?’target unknown-8, watcher 5?’target unknown-9, watcher 6?’target unknown-1, watcher 6?’target unknown-11, watcher 6?’target unknown-21, watcher 6?’target unknown-23, watcher 6?’target unknown-25, watcher 6?’target unknown-29, watcher 6?’target unknown-30, watcher 6?’target unknown-37, watcher 6?’target unknown-39, watcher 6?’target unknown-42, watcher 6?’target unknown-46, watcher 6?’target unknown-48, watcher 6?’target unknown-5, watcher 4?’target 77, watcher 6?’target 78, watcher 5?’target 79, watcher 5?’target 80, watcher 4?’target 81, watcher 5?’target 82, watcher 5?’target 83, watcher 5?’target 84, watcher 4?’target 85, watcher 4?’target 86, watcher 5?’target 87, watcher 6?’target 88, watcher 5?’target 89, watcher 6?’target 90, watcher 5?’target 91, watcher 5?’target 92, watcher 4?’target 93, watcher 5?’target 94, watcher 6?’target 96, watcher 5?’target 97, watcher 5?’target 98
[ATTACK] STEP2.5 Using bundled 0402 targets: target=100 watcher=4, target=99 watcher=5
[ATTACK] STEP2.6 Multi-target manned selection: 2, 3
[ATTACK] [ATTACK] Selected target id=100 type=1 weaponType=2 (preferred=2, ammo={'type1': 500, 'type2': 7, 'type3': 2})
[ATTACK] [TIME] compute_attack_point=10ms
[ATTACK] STEP3 Attack plan completed: lat=37.901835, lon=128.182550, alt=1018m
[ATTACK] [ATTACK] Using remembered waypoint 901229 for watcher 4 while auto-tracking.
[ATTACK] [ATTACK] Weapon choice aircraft=2 preferred=2 selected=2 ammo={'type1': 500, 'type2': 7, 'type3': 2}
[ATTACK] [ATTACK][ETA] Tracking ETA computed with LAH max attack speed (dist=6720.3m, speed=73.61m/s, +30s) -> 121s
[ATTACK] [ATTACK] Using requested missionPlanID 700000056 (sourcePlanID=700000053)
[ATTACK] [ATTACK][POINT] Primary target adaptive standoff mode=candidate_within_standoff currentDist=8720.27763719291m candidateDist=1999.9999999997294m standoff=300.0/2000.0m.
[ATTACK] [ATTACK][ETA] UAV 6 remaining mission time: 0.0s
[ATTACK] [ATTACK][ETA] Non-tracking UAV ETA selected: UAV 6 with 0s remaining
[ATTACK] [ATTACK][ETA] All tracking ETAs unified to 0s
[ATTACK] [ATTACK][COLLAB] Remaining UAV entry lookahead applied: 9.0s (pathFollow=3, linearFallback=3, currentOnly=0)
[ATTACK] [PRIOR] Falling back to first mission for aircraft 2 (current waypoint not found in plan).
[FOV_DB] loaded 7010 rows, 7008 unique widths, path=C:\Users\TRL98\Desktop\LAH_MUMT\branNew\KU\DSS_KU\resource\db\fov_db_탱크_72_38_6_3.2.csv
[ATTACK] [ATTACK][LAH] Using max attack speed 73.61m/s (265.0km/h) for aircraft 2.
[ATTACK] [ATTACK][LAH] Inferred current waypoint from position -> 651190.
[ATTACK] [ATTACK][LAH] Dropped current waypoint from resume path (currentWP=651190, nextWP=651191).
[ATTACK] [ATTACK][LAH] Preserved completed prefix, inserted attack, and reattached 1 follow-up mission(s).
[ATTACK] [ATTACK][LAH] Generated attack/resume missions -> IMP:800000257.json PATHS:200000094.json/200000095.json (followUps=1)
[ATTACK] [PRIOR] Falling back to first mission for aircraft 3 (current waypoint not found in plan).
[ATTACK] [ATTACK][LAH] Using max attack speed 73.61m/s (265.0km/h) for aircraft 3.
[ATTACK] [ATTACK][LAH] Inferred current waypoint from position -> 651194.
[ATTACK] [ATTACK][LAH] Dropped current waypoint from resume path (currentWP=651194, nextWP=651195).
[ATTACK] [ATTACK][LAH] Preserved completed prefix, inserted attack, and reattached 1 follow-up mission(s).
[ATTACK] [ATTACK][LAH] Generated attack/resume missions -> IMP:800000261.json PATHS:300000094.json/300000095.json (followUps=1)
[ATTACK] [PRIOR] Falling back to first mission for aircraft 1 (current waypoint not found in plan).
[ATTACK] [ATTACK][LAH] Inferred current waypoint from position -> 651186.
[ATTACK] [ATTACK][LAH] Dropped current waypoint from resume path (currentWP=651186, nextWP=651187).
[ATTACK] [ATTACK][LAH] Preserved completed prefix, inserted hold, and reattached 1 follow-up mission(s).
[ATTACK] [ATTACK][LAH] Generated hold/resume missions -> IMP:800000262.json PATHS:100000093.json/100000094.json (followUps=1)
[ATTACK] [NEXTCOLLAB] division planner area-division pieces=1
[ATTACK] [NEXTCOLLAB] division planner final workflow=no_split paths=1
[ATTACK] [ATTACK][COLLAB] Collaborative replacement IMP written (aircraft=6, imp=800000259.json, missions=1).
[ATTACK] [ATTACK][COLLAB] First sweep searchSpeed boosted (aircraft=6, pathID=600000136, waypointID=901336, factor=1.30, old=933.07, new=1213.00).
[ATTACK] [ATTACK][COLLAB] Collaborative remaining mission replanned (inputMissionID=6, unavailable=[4, 5], remaining=[6], workflow=no_split).
[ATTACK] [ATTACK][UAV] Source path has a single waypoint; preserving it as done and skipping done/resume split.
[ATTACK] [ATTACK][COLLAB] Tracking UAV resume replaced with release transit (aircraft=4, targetFinishEta=52, speed=58.0m/s).
[ATTACK] [ATTACK][UAV] Preserved completed prefix, inserted tracking, and reattached 1 follow-up mission(s).
[ATTACK] [ATTACK][UAV] Generated tracking/resume missions -> IMP:800000263.json PATHS:400000144.json/400000145.json (followUps=1)
[ATTACK] [ATTACK][UAV] Tracking assignment state saved (aircraft=4, sourcePlan=700000053, attackPlan=700000056).
[ATTACK] [ATTACK][UAV] Tracking target altitude kept for sensor only; flight altitude replaced 648m -> 1953m.
[ATTACK] [ATTACK][UAV] Source path has a single waypoint; preserving it as done and skipping done/resume split.
[ATTACK] [ATTACK][COLLAB] Tracking UAV resume replaced with release transit (aircraft=5, targetFinishEta=52, speed=58.0m/s).
[ATTACK] [ATTACK][UAV] Preserved completed prefix, inserted tracking, and reattached 1 follow-up mission(s).
[ATTACK] [ATTACK][UAV] Generated tracking/resume missions -> IMP:800000264.json PATHS:500000174.json/500000175.json (followUps=1)
[ATTACK] [ATTACK][UAV] Tracking assignment state saved (aircraft=5, sourcePlan=700000053, attackPlan=700000056).
[ATTACK] [ATTACK][COLLAB] Aircraft 6 handled by collaborative remaining replan (inputMissionID=6).
[ATTACK] [ATTACK][PLAN] carried area remaining snapshot -> mission_area_snapshot_700000056.json (sourcePlanID=700000053, planID=700000056)
[ATTACK] [ATTACK][PLAN] MissionPlan saved -> 700000056.json (planID=700000056)
[ATTACK] [ATTACK][TIME] override_detail={"phases": {"metadata_normalize": {"elapsedMs": 0.008, "attackTargetCount": 2, "selectedMannedCount": 2}, "agent_index": {"elapsedMs": 0.122, "aircraftCount": 6}, "weapon_choice": {"elapsedMs": 3.902, "selectedWeaponType": 2, "ammoAvailable": true}, "initial_tracking_eta": {"elapsedMs": 0.873, "useDetectionTracking": true, "trackingEtaS": 121}, "resolve_source_plan": {"elapsedMs": 3.844, "sourcePlanID": 700000053}, "source_plan_load": {"elapsedMs": 0.405, "sourcePlanID": 700000053, "aircraftCount": 6}, "sweep_progress_load": {"elapsedMs": 0.967, "entries": 102}, "plan_id_resolve": {"elapsedMs": 0.02, "requested": true, "missionPlanID": 700000056}, "source_artifact_cache_build": {"elapsedMs": 0.017, "aircraftEntries": 6}, "done_input_ids_load": {"elapsedMs": 1.721, "count": 4}, "plan_deepcopy": {"elapsedMs": 0.083}, "target_uav_assignment": {"elapsedMs": 0.975, "assignedTargetCount": 2, "usedTrackingUavCount": 2}, "manned_sequence_assignment": {"elapsedMs": 15.41, "aircraftCount": 2, "error": null}, "attack_coordinate_resolution": {"elapsedMs": 12.024, "resolvedCount": 2, "mannedSequenceCount": 2}, "remaining_eta": {"elapsedMs": 17.114, "allUavCount": 3, "trackingUavCount": 2, "computedEtaCount": 2, "adjustedEtaS": 0}, "descriptor_list_build": {"elapsedMs": 0.044, "descriptorCount": 6, "activeMannedCount": 2, "otherLahCount": 1, "otherUavCount": 1}, "collab_tracking_scan": {"elapsedMs": 4.325, "inputCount": 1, "unavailableUavCount": 2}, "collab_agent_state_map": {"elapsedMs": 10.862, "aircraftCount": 6}, "collab_parallel_started": {"elapsedMs": 1.294, "inputCount": 1, "workers": 1}, "collab_parallel_join": {"elapsedMs": 3.252, "waitReason": "UAV_TRACK", "inputCount": 1}, "descriptor_loop": {"elapsedMs": 12380.554, "descriptorCount": 6, "updateCount": 5}, "final_collab_plan_update": {"elapsedMs": 0.017, "collabInputCount": 1}, "mission_plan_write": {"elapsedMs": 14.309, "missionPlanID": 700000056}, "option_meta_build": {"elapsedMs": 0.064, "targetCount": 2, "collabInputCount": 1}}, "collabRuns": [{"inputMissionID": 6, "unavailableAircraftIDs": [4, 5], "elapsedMs": 2985.557, "status": "ok", "replacementAircraftIDs": [6], "generatedPathCount": 1, "finishEtaS": 52, "workflow": "no_split"}], "descriptorDetails": [{"aircraftID": 2, "label": "manned", "mode": "LAH_ATTACK", "resolveArtifacts": {"elapsedMs": 1.298, "currentWaypointID": null, "sourcePathID": 200000082, "sourceImpID": 800000221}, "loadArtifacts": {"elapsedMs": 0.007, "impLoaded": true, "fpLoaded": true}, "cloneAndLocateMission": {"elapsedMs": 0.133, "missionCount": 2, "targetIndex": 0}, "allocateAndPlanUpdate": {"elapsedMs": 568.655, "newImpID": 800000257}, "builder": {"elapsedMs": 4511.913, "builderMode": "LAH_ATTACK"}, "builderDetail": {"allocate_ids": {"elapsedMs": 1685.376, "attackPathID": 200000094, "resumePathID": 200000095, "attackIndividualID": 900000626, "resumeIndividualID": 900000627, "entryWaypointID": 901331, "attackWaypointID": 901334}, "split_lah_resume": {"elapsedMs": 1401.113, "resumeWaypointCount": 1, "removedWaypointID": 651190}, "clone_followups": {"elapsedMs": 1072.13, "followUpMissionCount": 1, "followUpPathCount": 1}, "payload_build": {"elapsedMs": 343.428, "hasResume": true, "followUpMissionCount": 1, "attackSpeedMps": 73.61}, "write_json": {"elapsedMs": 3.576, "fileCount": 4}, "totalMs": 4509.247}, "status": "ok", "elapsedMs": 5082.18}, {"aircraftID": 3, "label": "manned", "mode": "LAH_ATTACK", "resolveArtifacts": {"elapsedMs": 1.028, "currentWaypointID": null, "sourcePathID": 300000082, "sourceImpID": 800000222}, "loadArtifacts": {"elapsedMs": 0.005, "impLoaded": true, "fpLoaded": true}, "cloneAndLocateMission": {"elapsedMs": 0.088, "missionCount": 2, "targetIndex": 0}, "allocateAndPlanUpdate": {"elapsedMs": 17.754, "newImpID": 800000261}, "builder": {"elapsedMs": 3187.931, "builderMode": "LAH_ATTACK"}, "builderDetail": {"allocate_ids": {"elapsedMs": 1123.6, "attackPathID": 300000094, "resumePathID": 300000095, "attackIndividualID": 900000633, "resumeIndividualID": 900000634, "entryWaypointID": 901347, "attackWaypointID": 901351}, "split_lah_resume": {"elapsedMs": 1370.37, "resumeWaypointCount": 1, "removedWaypointID": 651194}, "clone_followups": {"elapsedMs": 362.125, "followUpMissionCount": 1, "followUpPathCount": 1}, "payload_build": {"elapsedMs": 317.957, "hasResume": true, "followUpMissionCount": 1, "attackSpeedMps": 73.61}, "write_json": {"elapsedMs": 8.711, "fileCount": 4}, "totalMs": 3186.25}, "status": "ok", "elapsedMs": 3206.954}, {"aircraftID": 1, "label": "lah_hold_1", "mode": "LAH_HOLD_RESUME", "resolveArtifacts": {"elapsedMs": 0.641, "currentWaypointID": null, "sourcePathID": 100000081, "sourceImpID": 800000220}, "loadArtifacts": {"elapsedMs": 0.005, "impLoaded": true, "fpLoaded": true}, "cloneAndLocateMission": {"elapsedMs": 0.12, "missionCount": 2, "targetIndex": 0}, "allocateAndPlanUpdate": {"elapsedMs": 9.033, "newImpID": 800000262}, "builder": {"elapsedMs": 1780.266, "builderMode": "LAH_HOLD_RESUME"}, "builderDetail": {"allocate_ids": {"elapsedMs": 20.716, "holdPathID": 100000093, "resumePathID": 100000094, "holdIndividualID": 900000636, "resumeIndividualID": 900000637}, "split_lah_resume": {"elapsedMs": 1014.408, "resumeWaypointCount": 1, "removedWaypointID": 651186}, "clone_followups": {"elapsedMs": 356.109, "followUpMissionCount": 1, "followUpPathCount": 1}, "payload_build": {"elapsedMs": 736.35, "hasResume": true, "followUpMissionCount": 1}, "write_json": {"elapsedMs": 4.578, "fileCount": 4}, "totalMs": 1780.221}, "status": "ok", "elapsedMs": 1790.201}, {"aircraftID": 4, "label": "uav_tracking_4", "mode": "UAV_TRACK", "resolveArtifacts": {"elapsedMs": 0.03, "currentWaypointID": 901229, "sourcePathID": 400000133, "sourceImpID": 800000238}, "loadArtifacts": {"elapsedMs": 0.005, "impLoaded": true, "fpLoaded": true}, "cloneAndLocateMission": {"elapsedMs": 0.203, "missionCount": 2, "targetIndex": 0}, "allocateAndPlanUpdate": {"elapsedMs": 8.51, "newImpID": 800000263}, "builder": {"elapsedMs": 1121.718, "builderMode": "UAV_TRACK"}, "builderDetail": {"allocate_ids": {"elapsedMs": 368.67, "donePathID": 400000143, "attackPathID": 400000144, "resumePathID": 400000145, "trackingIndividualID": 900000639, "resumeIndividualID": 900000640, "targetWaypointID": 901365}, "split_done_resume": {"elapsedMs": 1.3, "sourceSinglePoint": true, "doneWaypointCount": 1, "resumeWaypointCount": 0, "removedWaypointID": 901229}, "clone_followups": {"elapsedMs": 363.14, "followUpMissionCount": 1, "followUpPathCount": 1}, "release_resume": {"elapsedMs": 330.183, "releaseWaypointCount": 2, "targetFinishEtaS": 52}, "write_json": {"elapsedMs": 50.713, "fileCount": 5}, "totalMs": 1119.49}, "trackingState": {"elapsedMs": 7.581}, "status": "ok", "elapsedMs": 1138.844}, {"aircraftID": 5, "label": "uav_tracking_5", "mode": "UAV_TRACK", "resolveArtifacts": {"elapsedMs": 0.027, "currentWaypointID": 901251, "sourcePathID": 500000157, "sourceImpID": 800000240}, "loadArtifacts": {"elapsedMs": 0.004, "impLoaded": true, "fpLoaded": true}, "cloneAndLocateMission": {"elapsedMs": 0.174, "missionCount": 2, "targetIndex": 0}, "allocateAndPlanUpdate": {"elapsedMs": 6.66, "newImpID": 800000264}, "builder": {"elapsedMs": 1141.267, "builderMode": "UAV_TRACK"}, "builderDetail": {"allocate_ids": {"elapsedMs": 412.104, "donePathID": 500000173, "attackPathID": 500000174, "resumePathID": 500000175, "trackingIndividualID": 900000642, "resumeIndividualID": 900000643, "targetWaypointID": 901371}, "split_done_resume": {"elapsedMs": 1.383, "sourceSinglePoint": true, "doneWaypointCount": 1, "resumeWaypointCount": 0, "removedWaypointID": 901251}, "clone_followups": {"elapsedMs": 374.19, "followUpMissionCount": 1, "followUpPathCount": 1}, "release_resume": {"elapsedMs": 297.995, "releaseWaypointCount": 2, "targetFinishEtaS": 52}, "write_json": {"elapsedMs": 46.428, "fileCount": 5}, "totalMs": 1138.236}, "trackingState": {"elapsedMs": 8.348}, "status": "ok", "elapsedMs": 1157.299}, {"aircraftID": 6, "label": "uav_resume_6", "mode": "UAV_RESUME", "resolveArtifacts": {"elapsedMs": 0.03, "currentWaypointID": 901264, "sourcePathID": 600000130, "sourceImpID": 800000244}, "loadArtifacts": {"elapsedMs": 0.006, "impLoaded": true, "fpLoaded": true}, "cloneAndLocateMission": {"elapsedMs": 0.24, "missionCount": 2, "targetIndex": 0}, "status": "handled_by_collab", "elapsedMs": 1.148}], "totalMs": 12463}
[ATTACK] [ATTACK][TIME] override_total=12463ms
[ATTACK] [TIME] apply_attack_plan_overrides=12475ms
[ATTACK] [TIME] timingMs={"read_source": 20.551, "descriptor_build": 11.054, "write_artifacts": 12488.401, "delivery_wait": 3.715}
[ATTACK] [TIME] total=12524ms
[ATTACK] 분석 로그 저장: C:\Users\TRL98\Desktop\LAH_MUMT\Logs\Scenario_2026-05-21T132543\SBC3\DSS_Internal\log_attack_algorithm_20260521T044604_137207.json
[ATTACK] mark target used: targetIDs=100, 99
[ATTACK-EXCLUDE] ATTACK-EXCLUDE using requested missionPlanID 700000057 (sourcePlanID=700000053)
[ATTACK-EXCLUDE] [PRIOR][UAV] Resume sweep trim applied (cutPoints=55, rawCutPoints=55, doneSweepPoints=0, pathID=400000133).
[ATTACK-EXCLUDE] [PRIOR][UAV] Resume searchSpeed scaled (factor=1.30, waypoints=1).
[ATTACK-EXCLUDE] [PRIOR][UAV] Generated done/resume mission -> aircraft=4 IMP:800000256.json PATHS:400000141.json
[ATTACK-EXCLUDE] [PRIOR][UAV] Resume sweep trim applied (cutPoints=43, rawCutPoints=43, doneSweepPoints=0, pathID=500000157).
[ATTACK-EXCLUDE] [PRIOR][UAV] Resume searchSpeed scaled (factor=1.30, waypoints=1).
[ATTACK-EXCLUDE] [PRIOR][UAV] Generated done/resume mission -> aircraft=5 IMP:800000258.json PATHS:500000171.json
[ATTACK-EXCLUDE] [PRIOR][UAV] Resume sweep trim applied (cutPoints=76, rawCutPoints=76, doneSweepPoints=0, pathID=600000130).
[ATTACK-EXCLUDE] [PRIOR][UAV] Resume searchSpeed scaled (factor=1.30, waypoints=1).
[ATTACK-EXCLUDE] [PRIOR][UAV] Generated done/resume mission -> aircraft=6 IMP:800000260.json PATHS:600000138.json
[ATTACK-EXCLUDE] 공격 배제 MissionPlan 저장 -> 700000057.json (planID=700000057)
[ATTACK-EXCLUDE] ATTACK-EXCLUDE carried area remaining snapshot -> mission_area_snapshot_700000057.json (sourcePlanID=700000053, planID=700000057)
[ATTACK] 공격 임무 계획 완료 (planIds=700000056)
[INFO] UAV params loaded (cruise=40.00, turn_step=15.0)
[INFO] Latest input snapshot → 0201:ID=4,ts=832653849166,src=-, 0203:ID=1,ts=832652848760,src=-
[STEP 0] Using latest 0201 ID 4 (4.json)
[STEP 0] Using latest 0203 ID 1 (1.json)
[CHECK] 0201/0203 필수 데이터 확인 시작
[OK] 0201 inputMissionList 확인됨 (count=6) → 진행
[OK] 0201 availableAircraftList 확인됨 (count=6) → 진행
[OK] 0201 inputMissionPackageType=1 확인
[OK] 0201 mainSensor=1 확인
[CHECK] 0201 기체 수=6 (UAV=3, LAH=3)
[CHECK] 0201 임무: total=6 missingID=0 missingDetail=0 missingShape=0 unknownType=0 typeZeroAuto=0 typeZeroInvalid=0 lineOnlyViolation=0 skippedSinglePoint=0
[OK] 0203 takeOverInfoList 확인됨 (count=3) → 진행
[OK] 0203 handOverInfoList 확인됨 (count=3) → 진행
[OK] 0203 flightAreaList 확인됨 (count=1) → 진행
[CHECK] 0203 flightAreaList count=1
[INFO] 임무 진행영역 스냅샷 적용: sourcePlan=700000053, updated=2, done=0
[INFO] 임무 진행영역 재계획 collapse 적용: groups=2, normalized=3, 6
[INFO] Filtered completed input missions (removed=1, 2, 4, 5, converted=-, widthAdjusted=-, skippedSinglePoint=-, snapshot=updated=2, done=0, collapse=groups=2, normalized=3,6)
[REPLAN][TIME] variant_started_ms=12586.2 wall_ms=1779338764184 variant=1 option=3 mode=attack_exclusion
[variant 1] 공격 배제 병렬 결과 병합
[REPLAN][TIME] attack_exclusion_parallel_joined_ms=12594.0 wall_ms=1779338764192 variant=1 duration_ms=6783.626 wait_ms=0.01
[OK] 공격 배제 variant 저장: MissionPlanID=700000057 (elapsed=6783.6 ms)
[INFO] Option mapping #1: planID=700000057, optionCode=3(공격배제)
[REPLAN][TIME] variant_finished_ms=12594.2 wall_ms=1779338764192 variant=1 option=3 mode=attack_exclusion status=success duration_ms=6783.626
[OK] Stored mission data: MissionPlan=1, IndividualMission=0, FlightPath=0
[REPLAN][TIME] id_tab_update_deferred_ms=12595.1 wall_ms=1779338764193
[REPLAN][TIME] pipeline_done_ms=12595.2 wall_ms=1779338764193 plans=2 force_direct=False
[REPLAN][TIME] 0301_queued_ms=12595.2 wall_ms=1779338764193 plans=2
[STEP 4] 0301 push queued (planIds=700000056, 700000057)
[0301] missionPlanID=700000056 전송
[0301] missionPlanID=700000057 전송
[PUSH] 0301 direct batch send
[REPLAN][TIME] 0301_sent_ms=13402.3 wall_ms=1779338765000 plans=2
[REPLAN][TIME] post_0301_delivery_queued_ms=13403.0 wall_ms=1779338765001 grace_ms=0 timeout_ms=20 force_direct=0 mode=option_or_0901
[INFO] Post-0301 apply queued (mode=option_or_0901, grace=0ms, timeout=20ms, plans=2)
[REPLAN][TIME] 0305_status_2_ms=13405.9 wall_ms=1779338765004 reason=표적100 등 2개 발견
[0305] status=2, reason=표적100 등 2개 발견, elapsed=13.40s 전송
[REPLAN][TIME] post_0301_completion_ready_ms=13407.3 wall_ms=1779338765005 mode=option_or_0901
[REPLAN][METRIC] source_artifact_cache entries=21 hits=39 misses=21
[INFO] Post-0301 ready (timeout) -> sending 0901
[REPLAN][TIME] post_0301_flushed_ms=13433.4 wall_ms=1779338765031 delivery=0901 trigger=timeout
[REPLAN][TIME] 0901_sent_ms=13436.2 wall_ms=1779338765034 options=2
[0901] option request sent (count=2, codes=2(공격특화), 3(공격배제))
[REPLAN][TIME] id_tab_update_flushed_ms=13437.7 wall_ms=1779338765036
[REPLAN][TIME] 0902_received_ms=0.2 wall_ms=1779338776720 trigger=attack_2_option replanLevel=2 optionCount=2 forceDirect=0
[REPLAN][TIME] 0902_archived_ms=1.4 wall_ms=1779338776721 path=replan_request_832653975326.json
[AUTO] 0902 received (planIds=700000058, 700000059)
[REPLAN][TIME] pipeline_scheduled_ms=2.6 wall_ms=1779338776723 delay_ms=0
[REPLAN][TIME] scheduled_start_ms=3.7 wall_ms=1779338776724
[REPLAN][TIME] 0305_status_1_ms=6.2 wall_ms=1779338776726 reason=표적101 발견 재계획
[0305] status=1, reason=표적101 발견 재계획 전송
[INFO] Using latest 0203 ID 1 for missionReferencePackageID (fallback)
[STEP 0] Replan pipeline start (reason=표적101 발견 재계획)
[REPLAN][TIME] attack_exclusion_parallel_started_ms=12.4 wall_ms=1779338776732 option_index=2 sourcePlanID=700000057
[ATTACK-EXCLUDE] parallel generation started (sourcePlanID=700000057, optionIndex=2)
[ATTACK] 공격 특화 재계획 요청 감지 → 전용 파이프라인 실행
[ATTACK] [TIME] select_manned_aircraft=10ms
[ATTACK] STEP1 Selected manned aircraft: aircraft 2 (fuel=1200.0, coord=(37.85672378540039, 128.23350524902344, alt=1199))
[ATTACK] [TIME] load_target_entries=2ms
[ATTACK] STEP2 UAV tracking summary: watcher 5?’target 101, watcher 4?’target unknown-10, watcher 4?’target unknown-13, watcher 4?’target unknown-17, watcher 4?’target unknown-2, watcher 4?’target unknown-22, watcher 4?’target unknown-27, watcher 4?’target unknown-31, watcher 4?’target unknown-33, watcher 4?’target unknown-34, watcher 4?’target unknown-35, watcher 4?’target unknown-38, watcher 4?’target unknown-41, watcher 4?’target unknown-44, watcher 4?’target unknown-45, watcher 4?’target unknown-49, watcher 4?’target unknown-51, watcher 4?’target unknown-53, watcher 5?’target unknown-12, watcher 5?’target unknown-15, watcher 5?’target unknown-16, watcher 5?’target unknown-18, watcher 5?’target unknown-19, watcher 5?’target unknown-20, watcher 5?’target unknown-28, watcher 5?’target unknown-3, watcher 5?’target unknown-32, watcher 5?’target unknown-36, watcher 5?’target unknown-4, watcher 5?’target unknown-43, watcher 5?’target unknown-47, watcher 5?’target unknown-50, watcher 5?’target unknown-54, watcher 5?’target unknown-6, watcher 5?’target unknown-7, watcher 5?’target unknown-8, watcher 5?’target unknown-9, watcher 6?’target unknown-1, watcher 6?’target unknown-11, watcher 6?’target unknown-21, watcher 6?’target unknown-23, watcher 6?’target unknown-25, watcher 6?’target unknown-29, watcher 6?’target unknown-30, watcher 6?’target unknown-37, watcher 6?’target unknown-39, watcher 6?’target unknown-42, watcher 6?’target unknown-46, watcher 6?’target unknown-48, watcher 6?’target unknown-5, watcher 6?’target unknown-55, watcher 4?’target 77, watcher 6?’target 78, watcher 5?’target 79, watcher 5?’target 80, watcher 4?’target 81, watcher 5?’target 82, watcher 5?’target 83, watcher 5?’target 84, watcher 4?’target 85, watcher 4?’target 86, watcher 5?’target 87, watcher 6?’target 88, watcher 5?’target 89, watcher 6?’target 90, watcher 5?’target 91, watcher 5?’target 92, watcher 4?’target 93, watcher 5?’target 94, watcher 6?’target 96, watcher 5?’target 97, watcher 5?’target 98, watcher 5?’target 99, watcher 4?’target 100
[ATTACK] STEP2.5 Using bundled 0402 targets: target=101 watcher=5
[ATTACK] [ATTACK] Selected target id=101 type=2 weaponType=2 (preferred=2, ammo={'type1': 500, 'type2': 7, 'type3': 2})
[ATTACK] [TIME] compute_attack_point=7ms
[ATTACK] STEP3 Attack plan completed: lat=37.897563, lon=128.197295, alt=954m
[ATTACK] [ATTACK] Using remembered waypoint 901343 for watcher 5 while auto-tracking.
[ATTACK] [ATTACK] Weapon choice aircraft=2 preferred=2 selected=2 ammo={'type1': 500, 'type2': 7, 'type3': 2}
[ATTACK] [ATTACK][ETA] Tracking ETA computed with LAH max attack speed (dist=5542.8m, speed=73.61m/s, +30s) -> 105s
[ATTACK] [ATTACK] Using requested missionPlanID 700000058 (sourcePlanID=700000057)
[ATTACK] [ATTACK][POINT] Primary target adaptive standoff mode=candidate_within_standoff currentDist=7542.776875365416m candidateDist=1999.9999999994413m standoff=300.0/2000.0m.
[ATTACK] [ATTACK][ETA] UAV 4 remaining mission time: 0.0s
[ATTACK] [ATTACK][ETA] UAV 6 remaining mission time: 0.0s
[ATTACK] [ATTACK][ETA] Non-tracking UAV ETA selected: UAV 4 with 0s remaining
[ATTACK] [ATTACK][ETA] All tracking ETAs unified to 0s
[ATTACK] [ATTACK][COLLAB] Remaining UAV entry lookahead applied: 9.0s (pathFollow=3, linearFallback=3, currentOnly=0)
[ATTACK] [PRIOR] Falling back to first mission for aircraft 2 (current waypoint not found in plan).
[FOV_DB] loaded 7010 rows, 7008 unique widths, path=C:\Users\TRL98\Desktop\LAH_MUMT\branNew\KU\DSS_KU\resource\db\fov_db_탱크_72_38_6_3.2.csv
[ATTACK] [ATTACK][LAH] Using max attack speed 73.61m/s (265.0km/h) for aircraft 2.
[ATTACK] [ATTACK][LAH] Inferred current waypoint from position -> 651190.
[ATTACK] [ATTACK][LAH] Dropped current waypoint from resume path (currentWP=651190, nextWP=651191).
[ATTACK] [ATTACK][LAH] Preserved completed prefix, inserted attack, and reattached 1 follow-up mission(s).
[ATTACK] [ATTACK][LAH] Generated attack/resume missions -> IMP:800000266.json PATHS:200000097.json/200000098.json (followUps=1)
[ATTACK] [PRIOR] Falling back to first mission for aircraft 1 (current waypoint not found in plan).
[ATTACK] [ATTACK][LAH] Inferred current waypoint from position -> 651186.
[ATTACK] [ATTACK][LAH] Dropped current waypoint from resume path (currentWP=651186, nextWP=651187).
[ATTACK] [ATTACK][LAH] Preserved completed prefix, inserted hold, and reattached 1 follow-up mission(s).
[ATTACK] [ATTACK][LAH] Generated hold/resume missions -> IMP:800000269.json PATHS:100000096.json/100000097.json (followUps=1)
[ATTACK] [PRIOR] Falling back to first mission for aircraft 3 (current waypoint not found in plan).
[ATTACK] [ATTACK][LAH] Inferred current waypoint from position -> 651194.
[ATTACK] [ATTACK][LAH] Dropped current waypoint from resume path (currentWP=651194, nextWP=651195).
[ATTACK] [ATTACK][LAH] Preserved completed prefix, inserted hold, and reattached 1 follow-up mission(s).
[ATTACK] [ATTACK][LAH] Generated hold/resume missions -> IMP:800000272.json PATHS:300000097.json/300000098.json (followUps=1)
[ATTACK] [NEXTCOLLAB] division planner area-division pieces=2
[ATTACK] [NEXTCOLLAB] division planner final workflow=no_split paths=2
[ATTACK] [ATTACK][COLLAB] Collaborative replacement IMP written (aircraft=4, imp=800000270.json, missions=1).
[ATTACK] [ATTACK][COLLAB] Collaborative replacement IMP written (aircraft=6, imp=800000271.json, missions=1).
[ATTACK] [ATTACK][COLLAB] First sweep searchSpeed boosted (aircraft=4, pathID=400000150, waypointID=901388, factor=1.30, old=687.82, new=894.16).
[ATTACK] [ATTACK][COLLAB] First sweep searchSpeed boosted (aircraft=6, pathID=600000140, waypointID=901400, factor=1.30, old=438.07, refBase=448.40, refDist=1692.0m, new=582.92).
[ATTACK] [ATTACK][COLLAB] Collaborative remaining mission replanned (inputMissionID=6, unavailable=[5], remaining=[4, 6], workflow=no_split).
[ATTACK] [ATTACK][UAV] Tracking target altitude kept for sensor only; flight altitude replaced 654m -> 1953m.
[ATTACK] [ATTACK][UAV] Source path has a single waypoint; preserving it as done and skipping done/resume split.
[ATTACK] [ATTACK][COLLAB] Tracking UAV resume replaced with release transit (aircraft=5, targetFinishEta=54, speed=58.0m/s).
[ATTACK] [ATTACK][UAV] Preserved completed prefix, inserted tracking, and reattached 1 follow-up mission(s).
[ATTACK] [ATTACK][UAV] Generated tracking/resume missions -> IMP:800000273.json PATHS:500000181.json/500000182.json (followUps=1)
[ATTACK] [ATTACK][UAV] Tracking assignment state saved (aircraft=5, sourcePlan=700000057, attackPlan=700000058).
[ATTACK] [ATTACK][COLLAB] Aircraft 4 handled by collaborative remaining replan (inputMissionID=6).
[ATTACK] [ATTACK][COLLAB] Aircraft 6 handled by collaborative remaining replan (inputMissionID=6).
[ATTACK] [ATTACK][PLAN] carried area remaining snapshot -> mission_area_snapshot_700000058.json (sourcePlanID=700000057, planID=700000058)
[ATTACK] [ATTACK][PLAN] MissionPlan saved -> 700000058.json (planID=700000058)
[ATTACK] [ATTACK][TIME] override_detail={"phases": {"metadata_normalize": {"elapsedMs": 0.008, "attackTargetCount": 1, "selectedMannedCount": 1}, "agent_index": {"elapsedMs": 0.091, "aircraftCount": 6}, "weapon_choice": {"elapsedMs": 4.337, "selectedWeaponType": 2, "ammoAvailable": true}, "initial_tracking_eta": {"elapsedMs": 0.724, "useDetectionTracking": true, "trackingEtaS": 105}, "resolve_source_plan": {"elapsedMs": 3.724, "sourcePlanID": 700000057}, "source_plan_load": {"elapsedMs": 0.397, "sourcePlanID": 700000057, "aircraftCount": 6}, "sweep_progress_load": {"elapsedMs": 1.933, "entries": 108}, "plan_id_resolve": {"elapsedMs": 0.019, "requested": true, "missionPlanID": 700000058}, "source_artifact_cache_build": {"elapsedMs": 0.014, "aircraftEntries": 6}, "done_input_ids_load": {"elapsedMs": 3.065, "count": 4}, "plan_deepcopy": {"elapsedMs": 0.083}, "target_uav_assignment": {"elapsedMs": 0.992, "assignedTargetCount": 1, "usedTrackingUavCount": 1}, "manned_sequence_assignment": {"elapsedMs": 4.923, "aircraftCount": 1, "error": null}, "attack_coordinate_resolution": {"elapsedMs": 3.258, "resolvedCount": 1, "mannedSequenceCount": 1}, "remaining_eta": {"elapsedMs": 7.118, "allUavCount": 3, "trackingUavCount": 1, "computedEtaCount": 1, "adjustedEtaS": 0}, "descriptor_list_build": {"elapsedMs": 0.039, "descriptorCount": 6, "activeMannedCount": 1, "otherLahCount": 2, "otherUavCount": 2}, "collab_tracking_scan": {"elapsedMs": 2.745, "inputCount": 1, "unavailableUavCount": 1}, "collab_agent_state_map": {"elapsedMs": 8.523, "aircraftCount": 6}, "collab_parallel_started": {"elapsedMs": 0.886, "inputCount": 1, "workers": 1}, "collab_parallel_join": {"elapsedMs": 4.018, "waitReason": "UAV_TRACK", "inputCount": 1}, "descriptor_loop": {"elapsedMs": 12015.288, "descriptorCount": 6, "updateCount": 4}, "final_collab_plan_update": {"elapsedMs": 0.009, "collabInputCount": 1}, "mission_plan_write": {"elapsedMs": 12.381, "missionPlanID": 700000058}, "option_meta_build": {"elapsedMs": 0.045, "targetCount": 1, "collabInputCount": 1}}, "collabRuns": [{"inputMissionID": 6, "unavailableAircraftIDs": [5], "elapsedMs": 6500.194, "status": "ok", "replacementAircraftIDs": [4, 6], "generatedPathCount": 2, "finishEtaS": 54, "workflow": "no_split"}], "descriptorDetails": [{"aircraftID": 2, "label": "manned", "mode": "LAH_ATTACK", "resolveArtifacts": {"elapsedMs": 1.146, "currentWaypointID": null, "sourcePathID": 200000082, "sourceImpID": 800000221}, "loadArtifacts": {"elapsedMs": 0.006, "impLoaded": true, "fpLoaded": true}, "cloneAndLocateMission": {"elapsedMs": 0.134, "missionCount": 2, "targetIndex": 0}, "allocateAndPlanUpdate": {"elapsedMs": 7.813, "newImpID": 800000266}, "builder": {"elapsedMs": 5993.158, "builderMode": "LAH_ATTACK"}, "builderDetail": {"allocate_ids": {"elapsedMs": 1858.135, "attackPathID": 200000097, "resumePathID": 200000098, "attackIndividualID": 900000647, "resumeIndividualID": 900000648, "entryWaypointID": 901380, "attackWaypointID": 901382}, "split_lah_resume": {"elapsedMs": 2104.571, "resumeWaypointCount": 1, "removedWaypointID": 651190}, "clone_followups": {"elapsedMs": 914.422, "followUpMissionCount": 1, "followUpPathCount": 1}, "payload_build": {"elapsedMs": 1104.367, "hasResume": true, "followUpMissionCount": 1, "attackSpeedMps": 73.61}, "write_json": {"elapsedMs": 4.516, "fileCount": 4}, "totalMs": 5990.048}, "status": "ok", "elapsedMs": 6002.422}, {"aircraftID": 1, "label": "lah_hold_1", "mode": "LAH_HOLD_RESUME", "resolveArtifacts": {"elapsedMs": 0.871, "currentWaypointID": null, "sourcePathID": 100000081, "sourceImpID": 800000220}, "loadArtifacts": {"elapsedMs": 0.006, "impLoaded": true, "fpLoaded": true}, "cloneAndLocateMission": {"elapsedMs": 0.128, "missionCount": 2, "targetIndex": 0}, "allocateAndPlanUpdate": {"elapsedMs": 400.8, "newImpID": 800000269}, "builder": {"elapsedMs": 2572.987, "builderMode": "LAH_HOLD_RESUME"}, "builderDetail": {"allocate_ids": {"elapsedMs": 72.068, "holdPathID": 100000096, "resumePathID": 100000097, "holdIndividualID": 900000655, "resumeIndividualID": 900000656}, "split_lah_resume": {"elapsedMs": 1434.053, "resumeWaypointCount": 1, "removedWaypointID": 651186}, "clone_followups": {"elapsedMs": 702.754, "followUpMissionCount": 1, "followUpPathCount": 1}, "payload_build": {"elapsedMs": 1059.022, "hasResume": true, "followUpMissionCount": 1}, "write_json": {"elapsedMs": 4.132, "fileCount": 4}, "totalMs": 2572.939}, "status": "ok", "elapsedMs": 2974.949}, {"aircraftID": 3, "label": "lah_hold_3", "mode": "LAH_HOLD_RESUME", "resolveArtifacts": {"elapsedMs": 0.78, "currentWaypointID": null, "sourcePathID": 300000082, "sourceImpID": 800000222}, "loadArtifacts": {"elapsedMs": 0.006, "impLoaded": true, "fpLoaded": true}, "cloneAndLocateMission": {"elapsedMs": 0.139, "missionCount": 2, "targetIndex": 0}, "allocateAndPlanUpdate": {"elapsedMs": 9.036, "newImpID": 800000272}, "builder": {"elapsedMs": 1811.6, "builderMode": "LAH_HOLD_RESUME"}, "builderDetail": {"allocate_ids": {"elapsedMs": 21.353, "holdPathID": 300000097, "resumePathID": 300000098, "holdIndividualID": 900000659, "resumeIndividualID": 900000660}, "split_lah_resume": {"elapsedMs": 1049.471, "resumeWaypointCount": 1, "removedWaypointID": 651194}, "clone_followups": {"elapsedMs": 397.797, "followUpMissionCount": 1, "followUpPathCount": 1}, "payload_build": {"elapsedMs": 733.398, "hasResume": true, "followUpMissionCount": 1}, "write_json": {"elapsedMs": 3.584, "fileCount": 4}, "totalMs": 1811.552}, "status": "ok", "elapsedMs": 1821.714}, {"aircraftID": 5, "label": "uav_tracking_5", "mode": "UAV_TRACK", "resolveArtifacts": {"elapsedMs": 0.027, "currentWaypointID": 901343, "sourcePathID": 500000171, "sourceImpID": 800000258}, "loadArtifacts": {"elapsedMs": 0.005, "impLoaded": true, "fpLoaded": true}, "cloneAndLocateMission": {"elapsedMs": 0.208, "missionCount": 2, "targetIndex": 0}, "allocateAndPlanUpdate": {"elapsedMs": 11.363, "newImpID": 800000273}, "builder": {"elapsedMs": 1186.389, "builderMode": "UAV_TRACK"}, "builderDetail": {"allocate_ids": {"elapsedMs": 381.423, "donePathID": 500000180, "attackPathID": 500000181, "resumePathID": 500000182, "trackingIndividualID": 900000662, "resumeIndividualID": 900000663, "targetWaypointID": 901417}, "split_done_resume": {"elapsedMs": 1.363, "sourceSinglePoint": true, "doneWaypointCount": 1, "resumeWaypointCount": 0, "removedWaypointID": 901343}, "clone_followups": {"elapsedMs": 388.762, "followUpMissionCount": 1, "followUpPathCount": 1}, "release_resume": {"elapsedMs": 357.437, "releaseWaypointCount": 2, "targetFinishEtaS": 54}, "write_json": {"elapsedMs": 48.709, "fileCount": 5}, "totalMs": 1182.631}, "trackingState": {"elapsedMs": 11.361}, "status": "ok", "elapsedMs": 1210.118}, {"aircraftID": 4, "label": "uav_resume_4", "mode": "UAV_RESUME", "resolveArtifacts": {"elapsedMs": 0.024, "currentWaypointID": 901330, "sourcePathID": 400000141, "sourceImpID": 800000256}, "loadArtifacts": {"elapsedMs": 0.003, "impLoaded": true, "fpLoaded": true}, "cloneAndLocateMission": {"elapsedMs": 0.133, "missionCount": 2, "targetIndex": 0}, "status": "handled_by_collab", "elapsedMs": 0.757}, {"aircraftID": 6, "label": "uav_resume_6", "mode": "UAV_RESUME", "resolveArtifacts": {"elapsedMs": 0.016, "currentWaypointID": 901352, "sourcePathID": 600000138, "sourceImpID": 800000260}, "loadArtifacts": {"elapsedMs": 0.003, "impLoaded": true, "fpLoaded": true}, "cloneAndLocateMission": {"elapsedMs": 0.124, "missionCount": 2, "targetIndex": 0}, "status": "handled_by_collab", "elapsedMs": 0.709}], "totalMs": 12064}
[ATTACK] [ATTACK][TIME] override_total=12064ms
[ATTACK] [TIME] apply_attack_plan_overrides=12077ms
[ATTACK] [TIME] timingMs={"read_source": 16.045, "descriptor_build": 5.126, "write_artifacts": 12085.879, "delivery_wait": 8.803}
[ATTACK] [TIME] total=12117ms
[ATTACK] 분석 로그 저장: C:\Users\TRL98\Desktop\LAH_MUMT\Logs\Scenario_2026-05-21T132543\SBC3\DSS_Internal\log_attack_algorithm_20260521T044628_850569.json
[ATTACK] mark target used: targetIDs=101
[ATTACK-EXCLUDE] ATTACK-EXCLUDE using requested missionPlanID 700000059 (sourcePlanID=700000057)
[ATTACK-EXCLUDE] [PRIOR][UAV] Resume sweep trim applied (cutPoints=7, rawCutPoints=7, doneSweepPoints=0, pathID=400000141).
[ATTACK-EXCLUDE] [PRIOR][UAV] Resume searchSpeed scaled (factor=1.30, waypoints=1).
[ATTACK-EXCLUDE] [PRIOR][UAV] Generated done/resume mission -> aircraft=4 IMP:800000265.json PATHS:400000148.json
[ATTACK-EXCLUDE] [PRIOR][UAV] Resume sweep trim applied (cutPoints=10, rawCutPoints=10, doneSweepPoints=0, pathID=500000171).
[ATTACK-EXCLUDE] [PRIOR][UAV] Resume searchSpeed scaled (factor=1.30, waypoints=1).
[ATTACK-EXCLUDE] [PRIOR][UAV] Generated done/resume mission -> aircraft=5 IMP:800000267.json PATHS:500000178.json
[ATTACK-EXCLUDE] [PRIOR][UAV] Resume sweep trim applied (cutPoints=18, rawCutPoints=18, doneSweepPoints=0, pathID=600000138).
[ATTACK-EXCLUDE] [PRIOR][UAV] Resume searchSpeed scaled (factor=1.30, waypoints=1).
[ATTACK-EXCLUDE] [PRIOR][UAV] Generated done/resume mission -> aircraft=6 IMP:800000268.json PATHS:600000142.json
[ATTACK-EXCLUDE] 공격 배제 MissionPlan 저장 -> 700000059.json (planID=700000059)
[ATTACK-EXCLUDE] ATTACK-EXCLUDE carried area remaining snapshot -> mission_area_snapshot_700000059.json (sourcePlanID=700000057, planID=700000059)
[ATTACK] 공격 임무 계획 완료 (planIds=700000058)
[INFO] UAV params loaded (cruise=40.00, turn_step=15.0)
[INFO] Latest input snapshot → 0201:ID=4,ts=832653849166,src=-, 0203:ID=1,ts=832652848760,src=-
[STEP 0] Using latest 0201 ID 4 (4.json)
[STEP 0] Using latest 0203 ID 1 (1.json)
[CHECK] 0201/0203 필수 데이터 확인 시작
[OK] 0201 inputMissionList 확인됨 (count=6) → 진행
[OK] 0201 availableAircraftList 확인됨 (count=6) → 진행
[OK] 0201 inputMissionPackageType=1 확인
[OK] 0201 mainSensor=1 확인
[CHECK] 0201 기체 수=6 (UAV=3, LAH=3)
[CHECK] 0201 임무: total=6 missingID=0 missingDetail=0 missingShape=0 unknownType=0 typeZeroAuto=0 typeZeroInvalid=0 lineOnlyViolation=0 skippedSinglePoint=0
[OK] 0203 takeOverInfoList 확인됨 (count=3) → 진행
[OK] 0203 handOverInfoList 확인됨 (count=3) → 진행
[OK] 0203 flightAreaList 확인됨 (count=1) → 진행
[CHECK] 0203 flightAreaList count=1
[INFO] 임무 진행영역 스냅샷 적용: sourcePlan=700000057, updated=2, done=0
[INFO] 임무 진행영역 재계획 collapse 적용: groups=2, normalized=3, 6
[INFO] Filtered completed input missions (removed=1, 2, 4, 5, converted=-, widthAdjusted=-, skippedSinglePoint=-, snapshot=updated=2, done=0, collapse=groups=2, normalized=3,6)
[REPLAN][TIME] variant_started_ms=12177.1 wall_ms=1779338788897 variant=1 option=3 mode=attack_exclusion
[variant 1] 공격 배제 병렬 결과 병합
[REPLAN][TIME] attack_exclusion_parallel_joined_ms=12185.7 wall_ms=1779338788906 variant=1 duration_ms=8355.127 wait_ms=0.012
[OK] 공격 배제 variant 저장: MissionPlanID=700000059 (elapsed=8355.1 ms)
[INFO] Option mapping #1: planID=700000059, optionCode=3(공격배제)
[REPLAN][TIME] variant_finished_ms=12185.9 wall_ms=1779338788906 variant=1 option=3 mode=attack_exclusion status=success duration_ms=8355.127
[OK] Stored mission data: MissionPlan=1, IndividualMission=0, FlightPath=0
[REPLAN][TIME] id_tab_update_deferred_ms=12186.7 wall_ms=1779338788907
[REPLAN][TIME] pipeline_done_ms=12186.8 wall_ms=1779338788907 plans=2 force_direct=False
[REPLAN][TIME] 0301_queued_ms=12186.8 wall_ms=1779338788907 plans=2
[STEP 4] 0301 push queued (planIds=700000058, 700000059)
[0301] missionPlanID=700000058 전송
[0301] missionPlanID=700000059 전송
[PUSH] 0301 direct batch send
[REPLAN][TIME] 0301_sent_ms=12855.1 wall_ms=1779338789575 plans=2
[REPLAN][TIME] post_0301_delivery_queued_ms=12855.9 wall_ms=1779338789576 grace_ms=0 timeout_ms=20 force_direct=0 mode=option_or_0901
[INFO] Post-0301 apply queued (mode=option_or_0901, grace=0ms, timeout=20ms, plans=2)
[REPLAN][TIME] 0305_status_2_ms=12859.3 wall_ms=1779338789579 reason=표적101 발견 재계획
[0305] status=2, reason=표적101 발견 재계획, elapsed=12.85s 전송
[REPLAN][TIME] post_0301_completion_ready_ms=12860.7 wall_ms=1779338789581 mode=option_or_0901
[REPLAN][METRIC] source_artifact_cache entries=21 hits=39 misses=21
[INFO] Post-0301 ready (timeout) -> sending 0901
[REPLAN][TIME] post_0301_flushed_ms=12881.9 wall_ms=1779338789602 delivery=0901 trigger=timeout
[REPLAN][TIME] 0901_sent_ms=12884.6 wall_ms=1779338789604 options=2
[0901] option request sent (count=2, codes=2(공격특화), 3(공격배제))
[REPLAN][TIME] id_tab_update_flushed_ms=12886.1 wall_ms=1779338789606
[REPLAN][TIME] 0902_received_ms=0.2 wall_ms=1779338802008 trigger=attack_2_option replanLevel=2 optionCount=2 forceDirect=0
[REPLAN][TIME] 0902_archived_ms=1.4 wall_ms=1779338802009 path=replan_request_832654000581.json
[AUTO] 0902 received (planIds=700000060, 700000061)
[REPLAN][TIME] pipeline_scheduled_ms=2.6 wall_ms=1779338802010 delay_ms=0
[REPLAN][TIME] scheduled_start_ms=3.8 wall_ms=1779338802011
[REPLAN][TIME] 0305_status_1_ms=6.4 wall_ms=1779338802014 reason=표적102 발견 재계획
[0305] status=1, reason=표적102 발견 재계획 전송
[INFO] Using latest 0203 ID 1 for missionReferencePackageID (fallback)
[STEP 0] Replan pipeline start (reason=표적102 발견 재계획)
[REPLAN][TIME] attack_exclusion_parallel_started_ms=15.6 wall_ms=1779338802023 option_index=2 sourcePlanID=700000059
[ATTACK-EXCLUDE] parallel generation started (sourcePlanID=700000059, optionIndex=2)
[ATTACK] 공격 특화 재계획 요청 감지 → 전용 파이프라인 실행
[ATTACK] [TIME] select_manned_aircraft=14ms
[ATTACK] STEP1 Selected manned aircraft: aircraft 3 (fuel=1200.0, coord=(37.8477783203125, 128.23300170898438, alt=1199))
[ATTACK] [TIME] load_target_entries=1ms
[ATTACK] STEP2 UAV tracking summary: watcher 5?’target 102, watcher 4?’target unknown-10, watcher 4?’target unknown-13, watcher 4?’target unknown-17, watcher 4?’target unknown-2, watcher 4?’target unknown-22, watcher 4?’target unknown-27, watcher 4?’target unknown-31, watcher 4?’target unknown-33, watcher 4?’target unknown-34, watcher 4?’target unknown-35, watcher 4?’target unknown-38, watcher 4?’target unknown-41, watcher 4?’target unknown-44, watcher 4?’target unknown-45, watcher 4?’target unknown-49, watcher 4?’target unknown-51, watcher 4?’target unknown-53, watcher 5?’target unknown-12, watcher 5?’target unknown-15, watcher 5?’target unknown-16, watcher 5?’target unknown-18, watcher 5?’target unknown-19, watcher 5?’target unknown-20, watcher 5?’target unknown-28, watcher 5?’target unknown-3, watcher 5?’target unknown-32, watcher 5?’target unknown-36, watcher 5?’target unknown-4, watcher 5?’target unknown-43, watcher 5?’target unknown-47, watcher 5?’target unknown-50, watcher 5?’target unknown-54, watcher 5?’target unknown-57, watcher 5?’target unknown-6, watcher 5?’target unknown-7, watcher 5?’target unknown-8, watcher 5?’target unknown-9, watcher 6?’target unknown-1, watcher 6?’target unknown-11, watcher 6?’target unknown-21, watcher 6?’target unknown-23, watcher 6?’target unknown-25, watcher 6?’target unknown-29, watcher 6?’target unknown-30, watcher 6?’target unknown-37, watcher 6?’target unknown-39, watcher 6?’target unknown-42, watcher 6?’target unknown-46, watcher 6?’target unknown-48, watcher 6?’target unknown-5, watcher 6?’target unknown-55, watcher 6?’target unknown-56, watcher 4?’target 77, watcher 6?’target 78, watcher 5?’target 79, watcher 5?’target 80, watcher 4?’target 81, watcher 5?’target 82, watcher 5?’target 83, watcher 5?’target 84, watcher 4?’target 85, watcher 4?’target 86, watcher 5?’target 87, watcher 6?’target 88, watcher 5?’target 89, watcher 6?’target 90, watcher 5?’target 91, watcher 5?’target 92, watcher 4?’target 93, watcher 5?’target 94, watcher 6?’target 96, watcher 5?’target 97, watcher 5?’target 98, watcher 5?’target 99, watcher 4?’target 100, watcher 5?’target 101
[ATTACK] STEP2.5 Using bundled 0402 targets: target=102 watcher=5
[ATTACK] [ATTACK] Selected target id=102 type=4 weaponType=3 (preferred=3, ammo={'type1': 500, 'type2': 7, 'type3': 2})
[ATTACK] [TIME] compute_attack_point=7ms
[ATTACK] STEP3 Attack plan completed: lat=37.892720, lon=128.202173, alt=994m
[ATTACK] [ATTACK] Using remembered waypoint 901397 for watcher 5 while auto-tracking.
[ATTACK] [ATTACK] Weapon choice aircraft=3 preferred=3 selected=3 ammo={'type1': 500, 'type2': 7, 'type3': 2}
[ATTACK] [ATTACK][ETA] Tracking ETA computed with LAH max attack speed (dist=5683.0m, speed=73.61m/s, +30s) -> 107s
[ATTACK] [ATTACK] Using requested missionPlanID 700000060 (sourcePlanID=700000059)
[ATTACK] [ATTACK][POINT] Primary target adaptive standoff mode=far_projected_to_preferred_standoff currentDist=7682.972715950213m candidateDist=2000.0000000008708m standoff=300.0/2000.0m.
[ATTACK] [ATTACK][ETA] UAV 4 remaining mission time: 0.0s
[ATTACK] [ATTACK][ETA] UAV 6 remaining mission time: 0.0s
[ATTACK] [ATTACK][ETA] Non-tracking UAV ETA selected: UAV 4 with 0s remaining
[ATTACK] [ATTACK][ETA] All tracking ETAs unified to 0s
[ATTACK] [ATTACK][COLLAB] Remaining UAV entry lookahead applied: 9.0s (pathFollow=3, linearFallback=3, currentOnly=0)
[ATTACK] [PRIOR] Falling back to first mission for aircraft 3 (current waypoint not found in plan).
[FOV_DB] loaded 7010 rows, 7008 unique widths, path=C:\Users\TRL98\Desktop\LAH_MUMT\branNew\KU\DSS_KU\resource\db\fov_db_탱크_72_38_6_3.2.csv
[ATTACK] [ATTACK][LAH] Using max attack speed 73.61m/s (265.0km/h) for aircraft 3.
[ATTACK] [ATTACK][LAH] Inferred current waypoint from position -> 651194.
[ATTACK] [ATTACK][LAH] Dropped current waypoint from resume path (currentWP=651194, nextWP=651195).
[ATTACK] [ATTACK][LAH] Preserved completed prefix, inserted attack, and reattached 1 follow-up mission(s).
[ATTACK] [ATTACK][LAH] Generated attack/resume missions -> IMP:800000275.json PATHS:300000100.json/300000101.json (followUps=1)
[ATTACK] [PRIOR] Falling back to first mission for aircraft 1 (current waypoint not found in plan).
[ATTACK] [ATTACK][LAH] Inferred current waypoint from position -> 651186.
[ATTACK] [ATTACK][LAH] Dropped current waypoint from resume path (currentWP=651186, nextWP=651187).
[ATTACK] [ATTACK][LAH] Preserved completed prefix, inserted hold, and reattached 1 follow-up mission(s).
[ATTACK] [ATTACK][LAH] Generated hold/resume missions -> IMP:800000280.json PATHS:100000099.json/100000100.json (followUps=1)
[ATTACK] [PRIOR] Falling back to first mission for aircraft 2 (current waypoint not found in plan).
[ATTACK] [ATTACK][LAH] Inferred current waypoint from position -> 651190.
[ATTACK] [ATTACK][LAH] Dropped current waypoint from resume path (currentWP=651190, nextWP=651191).
[ATTACK] [ATTACK][LAH] Preserved completed prefix, inserted hold, and reattached 1 follow-up mission(s).
[ATTACK] [ATTACK][LAH] Generated hold/resume missions -> IMP:800000281.json PATHS:200000100.json/200000101.json (followUps=1)
[ATTACK] [NEXTCOLLAB] division planner area-division pieces=2
[ATTACK] [NEXTCOLLAB] division planner final workflow=no_split paths=2
[ATTACK] [ATTACK][COLLAB] Collaborative replacement IMP written (aircraft=4, imp=800000277.json, missions=1).
[ATTACK] [ATTACK][COLLAB] Collaborative replacement IMP written (aircraft=6, imp=800000278.json, missions=1).
[ATTACK] [ATTACK][COLLAB] First sweep searchSpeed boosted (aircraft=4, pathID=400000154, waypointID=901432, factor=1.30, old=466.78, new=606.81).
[ATTACK] [ATTACK][COLLAB] First sweep searchSpeed boosted (aircraft=6, pathID=600000144, waypointID=901439, factor=1.30, old=312.95, new=406.84).
[ATTACK] [ATTACK][COLLAB] Collaborative remaining mission replanned (inputMissionID=6, unavailable=[5], remaining=[4, 6], workflow=no_split).
[ATTACK] [ATTACK][UAV] Tracking target altitude kept for sensor only; flight altitude replaced 694m -> 1953m.
[ATTACK] [ATTACK][UAV] Source path has a single waypoint; preserving it as done and skipping done/resume split.
[ATTACK] [ATTACK][COLLAB] Tracking UAV resume replaced with release transit (aircraft=5, targetFinishEta=48, speed=58.0m/s).
[ATTACK] [ATTACK][UAV] Preserved completed prefix, inserted tracking, and reattached 1 follow-up mission(s).
[ATTACK] [ATTACK][UAV] Generated tracking/resume missions -> IMP:800000282.json PATHS:500000188.json/500000189.json (followUps=1)
[ATTACK] [ATTACK][UAV] Tracking assignment state saved (aircraft=5, sourcePlan=700000059, attackPlan=700000060).
[ATTACK] [ATTACK][COLLAB] Aircraft 4 handled by collaborative remaining replan (inputMissionID=6).
[ATTACK] [ATTACK][COLLAB] Aircraft 6 handled by collaborative remaining replan (inputMissionID=6).
[ATTACK] [ATTACK][PLAN] carried area remaining snapshot -> mission_area_snapshot_700000060.json (sourcePlanID=700000059, planID=700000060)
[ATTACK] [ATTACK][PLAN] MissionPlan saved -> 700000060.json (planID=700000060)
[ATTACK] [ATTACK][TIME] override_detail={"phases": {"metadata_normalize": {"elapsedMs": 0.007, "attackTargetCount": 1, "selectedMannedCount": 1}, "agent_index": {"elapsedMs": 0.082, "aircraftCount": 6}, "weapon_choice": {"elapsedMs": 3.423, "selectedWeaponType": 3, "ammoAvailable": true}, "initial_tracking_eta": {"elapsedMs": 0.69, "useDetectionTracking": true, "trackingEtaS": 107}, "resolve_source_plan": {"elapsedMs": 9.205, "sourcePlanID": 700000059}, "source_plan_load": {"elapsedMs": 0.553, "sourcePlanID": 700000059, "aircraftCount": 6}, "sweep_progress_load": {"elapsedMs": 1.828, "entries": 114}, "plan_id_resolve": {"elapsedMs": 0.025, "requested": true, "missionPlanID": 700000060}, "source_artifact_cache_build": {"elapsedMs": 0.016, "aircraftEntries": 6}, "done_input_ids_load": {"elapsedMs": 2.057, "count": 4}, "plan_deepcopy": {"elapsedMs": 0.091}, "target_uav_assignment": {"elapsedMs": 1.06, "assignedTargetCount": 1, "usedTrackingUavCount": 1}, "manned_sequence_assignment": {"elapsedMs": 4.317, "aircraftCount": 1, "error": null}, "attack_coordinate_resolution": {"elapsedMs": 3.979, "resolvedCount": 1, "mannedSequenceCount": 1}, "remaining_eta": {"elapsedMs": 8.316, "allUavCount": 3, "trackingUavCount": 1, "computedEtaCount": 1, "adjustedEtaS": 0}, "descriptor_list_build": {"elapsedMs": 0.04, "descriptorCount": 6, "activeMannedCount": 1, "otherLahCount": 2, "otherUavCount": 2}, "collab_tracking_scan": {"elapsedMs": 2.628, "inputCount": 1, "unavailableUavCount": 1}, "collab_agent_state_map": {"elapsedMs": 11.369, "aircraftCount": 6}, "collab_parallel_started": {"elapsedMs": 1.336, "inputCount": 1, "workers": 1}, "collab_parallel_join": {"elapsedMs": 4.485, "waitReason": "UAV_TRACK", "inputCount": 1}, "descriptor_loop": {"elapsedMs": 12187.009, "descriptorCount": 6, "updateCount": 4}, "final_collab_plan_update": {"elapsedMs": 0.011, "collabInputCount": 1}, "mission_plan_write": {"elapsedMs": 10.268, "missionPlanID": 700000060}, "option_meta_build": {"elapsedMs": 0.04, "targetCount": 1, "collabInputCount": 1}}, "collabRuns": [{"inputMissionID": 6, "unavailableAircraftIDs": [5], "elapsedMs": 5263.301, "status": "ok", "replacementAircraftIDs": [4, 6], "generatedPathCount": 2, "finishEtaS": 48, "workflow": "no_split"}], "descriptorDetails": [{"aircraftID": 3, "label": "manned", "mode": "LAH_ATTACK", "resolveArtifacts": {"elapsedMs": 1.15, "currentWaypointID": null, "sourcePathID": 300000082, "sourceImpID": 800000222}, "loadArtifacts": {"elapsedMs": 0.006, "impLoaded": true, "fpLoaded": true}, "cloneAndLocateMission": {"elapsedMs": 0.13, "missionCount": 2, "targetIndex": 0}, "allocateAndPlanUpdate": {"elapsedMs": 30.902, "newImpID": 800000275}, "builder": {"elapsedMs": 6332.185, "builderMode": "LAH_ATTACK"}, "builderDetail": {"allocate_ids": {"elapsedMs": 2349.36, "attackPathID": 300000100, "resumePathID": 300000101, "attackIndividualID": 900000669, "resumeIndividualID": 900000670, "entryWaypointID": 901427, "attackWaypointID": 901430}, "split_lah_resume": {"elapsedMs": 2012.518, "resumeWaypointCount": 1, "removedWaypointID": 651194}, "clone_followups": {"elapsedMs": 1601.517, "followUpMissionCount": 1, "followUpPathCount": 1}, "payload_build": {"elapsedMs": 357.367, "hasResume": true, "followUpMissionCount": 1, "attackSpeedMps": 73.61}, "write_json": {"elapsedMs": 5.219, "fileCount": 4}, "totalMs": 6329.851}, "status": "ok", "elapsedMs": 6364.526}, {"aircraftID": 1, "label": "lah_hold_1", "mode": "LAH_HOLD_RESUME", "resolveArtifacts": {"elapsedMs": 0.966, "currentWaypointID": null, "sourcePathID": 100000081, "sourceImpID": 800000220}, "loadArtifacts": {"elapsedMs": 0.005, "impLoaded": true, "fpLoaded": true}, "cloneAndLocateMission": {"elapsedMs": 0.09, "missionCount": 2, "targetIndex": 0}, "allocateAndPlanUpdate": {"elapsedMs": 18.922, "newImpID": 800000280}, "builder": {"elapsedMs": 2625.414, "builderMode": "LAH_HOLD_RESUME"}, "builderDetail": {"allocate_ids": {"elapsedMs": 36.955, "holdPathID": 100000099, "resumePathID": 100000100, "holdIndividualID": 900000676, "resumeIndividualID": 900000677}, "split_lah_resume": {"elapsedMs": 1815.691, "resumeWaypointCount": 1, "removedWaypointID": 651186}, "clone_followups": {"elapsedMs": 367.498, "followUpMissionCount": 1, "followUpPathCount": 1}, "payload_build": {"elapsedMs": 763.836, "hasResume": true, "followUpMissionCount": 1}, "write_json": {"elapsedMs": 5.128, "fileCount": 4}, "totalMs": 2625.366}, "status": "ok", "elapsedMs": 2645.534}, {"aircraftID": 2, "label": "lah_hold_2", "mode": "LAH_HOLD_RESUME", "resolveArtifacts": {"elapsedMs": 0.615, "currentWaypointID": null, "sourcePathID": 200000082, "sourceImpID": 800000221}, "loadArtifacts": {"elapsedMs": 0.006, "impLoaded": true, "fpLoaded": true}, "cloneAndLocateMission": {"elapsedMs": 0.124, "missionCount": 2, "targetIndex": 0}, "allocateAndPlanUpdate": {"elapsedMs": 7.941, "newImpID": 800000281}, "builder": {"elapsedMs": 1987.928, "builderMode": "LAH_HOLD_RESUME"}, "builderDetail": {"allocate_ids": {"elapsedMs": 26.315, "holdPathID": 200000100, "resumePathID": 200000101, "holdIndividualID": 900000679, "resumeIndividualID": 900000680}, "split_lah_resume": {"elapsedMs": 1087.75, "resumeWaypointCount": 1, "removedWaypointID": 651190}, "clone_followups": {"elapsedMs": 462.832, "followUpMissionCount": 1, "followUpPathCount": 1}, "payload_build": {"elapsedMs": 863.393, "hasResume": true, "followUpMissionCount": 1}, "write_json": {"elapsedMs": 5.919, "fileCount": 4}, "totalMs": 1987.872}, "status": "ok", "elapsedMs": 1996.76}, {"aircraftID": 5, "label": "uav_tracking_5", "mode": "UAV_TRACK", "resolveArtifacts": {"elapsedMs": 0.03, "currentWaypointID": 901397, "sourcePathID": 500000178, "sourceImpID": 800000267}, "loadArtifacts": {"elapsedMs": 0.005, "impLoaded": true, "fpLoaded": true}, "cloneAndLocateMission": {"elapsedMs": 0.234, "missionCount": 2, "targetIndex": 0}, "allocateAndPlanUpdate": {"elapsedMs": 9.413, "newImpID": 800000282}, "builder": {"elapsedMs": 1155.415, "builderMode": "UAV_TRACK"}, "builderDetail": {"allocate_ids": {"elapsedMs": 356.233, "donePathID": 500000187, "attackPathID": 500000188, "resumePathID": 500000189, "trackingIndividualID": 900000682, "resumeIndividualID": 900000683, "targetWaypointID": 901463}, "split_done_resume": {"elapsedMs": 1.109, "sourceSinglePoint": true, "doneWaypointCount": 1, "resumeWaypointCount": 0, "removedWaypointID": 901397}, "clone_followups": {"elapsedMs": 369.638, "followUpMissionCount": 1, "followUpPathCount": 1}, "release_resume": {"elapsedMs": 368.63, "releaseWaypointCount": 2, "targetFinishEtaS": 48}, "write_json": {"elapsedMs": 52.211, "fileCount": 5}, "totalMs": 1152.58}, "trackingState": {"elapsedMs": 7.634}, "status": "ok", "elapsedMs": 1173.51}, {"aircraftID": 4, "label": "uav_resume_4", "mode": "UAV_RESUME", "resolveArtifacts": {"elapsedMs": 0.029, "currentWaypointID": 901381, "sourcePathID": 400000148, "sourceImpID": 800000265}, "loadArtifacts": {"elapsedMs": 0.005, "impLoaded": true, "fpLoaded": true}, "cloneAndLocateMission": {"elapsedMs": 0.184, "missionCount": 2, "targetIndex": 0}, "status": "handled_by_collab", "elapsedMs": 0.842}, {"aircraftID": 6, "label": "uav_resume_6", "mode": "UAV_RESUME", "resolveArtifacts": {"elapsedMs": 0.019, "currentWaypointID": 901407, "sourcePathID": 600000142, "sourceImpID": 800000268}, "loadArtifacts": {"elapsedMs": 0.003, "impLoaded": true, "fpLoaded": true}, "cloneAndLocateMission": {"elapsedMs": 0.139, "missionCount": 2, "targetIndex": 0}, "status": "handled_by_collab", "elapsedMs": 0.727}], "totalMs": 12238}
[ATTACK] [ATTACK][TIME] override_total=12238ms
[ATTACK] [TIME] apply_attack_plan_overrides=12254ms
[ATTACK] [TIME] timingMs={"read_source": 16.984, "descriptor_build": 6.946, "write_artifacts": 12263.528, "delivery_wait": 7.798}
[ATTACK] [TIME] total=12296ms
[ATTACK] 분석 로그 저장: C:\Users\TRL98\Desktop\LAH_MUMT\Logs\Scenario_2026-05-21T132543\SBC3\DSS_Internal\log_attack_algorithm_20260521T044654_320392.json
[ATTACK] mark target used: targetIDs=102
[ATTACK-EXCLUDE] ATTACK-EXCLUDE using requested missionPlanID 700000061 (sourcePlanID=700000059)
[ATTACK-EXCLUDE] [PRIOR][UAV] Resume sweep trim applied (cutPoints=9, rawCutPoints=9, doneSweepPoints=0, pathID=400000148).
[ATTACK-EXCLUDE] [PRIOR][UAV] Resume searchSpeed scaled (factor=1.30, waypoints=1).
[ATTACK-EXCLUDE] [PRIOR][UAV] Generated done/resume mission -> aircraft=4 IMP:800000274.json PATHS:400000152.json
[ATTACK-EXCLUDE] [PRIOR][UAV] Resume sweep trim applied (cutPoints=7, rawCutPoints=7, doneSweepPoints=0, pathID=500000178).
[ATTACK-EXCLUDE] [PRIOR][UAV] Resume searchSpeed scaled (factor=1.30, waypoints=1).
[ATTACK-EXCLUDE] [PRIOR][UAV] Generated done/resume mission -> aircraft=5 IMP:800000276.json PATHS:500000185.json
[ATTACK-EXCLUDE] [PRIOR][UAV] Resume sweep trim applied (cutPoints=4, rawCutPoints=4, doneSweepPoints=0, pathID=600000142).
[ATTACK-EXCLUDE] [PRIOR][UAV] Resume searchSpeed scaled (factor=1.30, waypoints=1).
[ATTACK-EXCLUDE] [PRIOR][UAV] Generated done/resume mission -> aircraft=6 IMP:800000279.json PATHS:600000146.json
[ATTACK-EXCLUDE] 공격 배제 MissionPlan 저장 -> 700000061.json (planID=700000061)
[ATTACK-EXCLUDE] ATTACK-EXCLUDE carried area remaining snapshot -> mission_area_snapshot_700000061.json (sourcePlanID=700000059, planID=700000061)
[ATTACK] 공격 임무 계획 완료 (planIds=700000060)
[INFO] UAV params loaded (cruise=40.00, turn_step=15.0)
[INFO] Latest input snapshot → 0201:ID=4,ts=832653849166,src=-, 0203:ID=1,ts=832652848760,src=-
[STEP 0] Using latest 0201 ID 4 (4.json)
[STEP 0] Using latest 0203 ID 1 (1.json)
[CHECK] 0201/0203 필수 데이터 확인 시작
[OK] 0201 inputMissionList 확인됨 (count=6) → 진행
[OK] 0201 availableAircraftList 확인됨 (count=6) → 진행
[OK] 0201 inputMissionPackageType=1 확인
[OK] 0201 mainSensor=1 확인
[CHECK] 0201 기체 수=6 (UAV=3, LAH=3)
[CHECK] 0201 임무: total=6 missingID=0 missingDetail=0 missingShape=0 unknownType=0 typeZeroAuto=0 typeZeroInvalid=0 lineOnlyViolation=0 skippedSinglePoint=0
[OK] 0203 takeOverInfoList 확인됨 (count=3) → 진행
[OK] 0203 handOverInfoList 확인됨 (count=3) → 진행
[OK] 0203 flightAreaList 확인됨 (count=1) → 진행
[CHECK] 0203 flightAreaList count=1
[INFO] 임무 진행영역 스냅샷 적용: sourcePlan=700000059, updated=2, done=0
[INFO] 임무 진행영역 재계획 collapse 적용: groups=2, normalized=3, 6
[INFO] Filtered completed input missions (removed=1, 2, 4, 5, converted=-, widthAdjusted=-, skippedSinglePoint=-, snapshot=updated=2, done=0, collapse=groups=2, normalized=3,6)
[REPLAN][TIME] variant_started_ms=12361.1 wall_ms=1779338814368 variant=1 option=3 mode=attack_exclusion
[variant 1] 공격 배제 병렬 결과 병합
[REPLAN][TIME] attack_exclusion_parallel_joined_ms=12370.6 wall_ms=1779338814378 variant=1 duration_ms=7984.267 wait_ms=0.012
[OK] 공격 배제 variant 저장: MissionPlanID=700000061 (elapsed=7984.3 ms)
[INFO] Option mapping #1: planID=700000061, optionCode=3(공격배제)
[REPLAN][TIME] variant_finished_ms=12370.8 wall_ms=1779338814378 variant=1 option=3 mode=attack_exclusion status=success duration_ms=7984.267
[OK] Stored mission data: MissionPlan=1, IndividualMission=0, FlightPath=0
[REPLAN][TIME] id_tab_update_deferred_ms=12371.8 wall_ms=1779338814379
[REPLAN][TIME] pipeline_done_ms=12371.8 wall_ms=1779338814379 plans=2 force_direct=False
[REPLAN][TIME] 0301_queued_ms=12371.9 wall_ms=1779338814379 plans=2
[STEP 4] 0301 push queued (planIds=700000060, 700000061)
[0301] missionPlanID=700000060 전송
[0301] missionPlanID=700000061 전송
[PUSH] 0301 direct batch send
[REPLAN][TIME] 0301_sent_ms=13049.5 wall_ms=1779338815057 plans=2
[REPLAN][TIME] post_0301_delivery_queued_ms=13050.3 wall_ms=1779338815058 grace_ms=0 timeout_ms=20 force_direct=0 mode=option_or_0901
[INFO] Post-0301 apply queued (mode=option_or_0901, grace=0ms, timeout=20ms, plans=2)
[REPLAN][TIME] 0305_status_2_ms=13053.8 wall_ms=1779338815061 reason=표적102 발견 재계획
[0305] status=2, reason=표적102 발견 재계획, elapsed=13.05s 전송
[REPLAN][TIME] post_0301_completion_ready_ms=13055.4 wall_ms=1779338815063 mode=option_or_0901
[REPLAN][METRIC] source_artifact_cache entries=21 hits=39 misses=21
[INFO] Post-0301 ready (timeout) -> sending 0901
[REPLAN][TIME] post_0301_flushed_ms=13079.2 wall_ms=1779338815087 delivery=0901 trigger=timeout
[REPLAN][TIME] 0901_sent_ms=13082.0 wall_ms=1779338815089 options=2
[0901] option request sent (count=2, codes=2(공격특화), 3(공격배제))
[REPLAN][TIME] id_tab_update_flushed_ms=13083.5 wall_ms=1779338815091
[0201] DB 참조! (C:\Users\TRL98\Desktop\LAH_MUMT\Logs\Scenario_2026-05-21T132543\SBC3\InputMissionPlan\5.json)
[INFO] Latest 0201 ID updated → 5
[REPLAN][TIME] 0902_received_ms=0.2 wall_ms=1779338855891 trigger=general_3_option replanLevel=1 optionCount=3 forceDirect=0
[REPLAN][TIME] 0902_archived_ms=1.2 wall_ms=1779338855892 path=replan_request_832654055605.json
[AUTO] 0902 received (planIds=700000062, 700000063, 700000064)
[REPLAN][TIME] pipeline_scheduled_ms=2.3 wall_ms=1779338855893 delay_ms=100
[AUTO] replan pipeline scheduled after 0.1s delay
[REPLAN][TIME] scheduled_start_ms=99.2 wall_ms=1779338855990
[REPLAN][TIME] 0305_status_1_ms=101.9 wall_ms=1779338855993 reason=협업기저임무 재수행 요청
[0305] status=1, reason=협업기저임무 재수행 요청 전송
[INFO] Using latest 0203 ID 1 for missionReferencePackageID (fallback)
[STEP 0] Replan pipeline start (reason=협업기저임무 재수행 요청)
[INFO] UAV params loaded (cruise=40.00, turn_step=15.0)
[INFO] Latest input snapshot → 0201:ID=5,ts=832654055195,src=-, 0203:ID=1,ts=832652848760,src=-
[STEP 0] Using latest 0201 ID 5 (5.json)
[STEP 0] Using latest 0203 ID 1 (1.json)
[CHECK] 0201/0203 필수 데이터 확인 시작
[OK] 0201 inputMissionList 확인됨 (count=7) → 진행
[OK] 0201 availableAircraftList 확인됨 (count=6) → 진행
[OK] 0201 inputMissionPackageType=1 확인
[OK] 0201 mainSensor=1 확인
[CHECK] 0201 기체 수=6 (UAV=3, LAH=3)
[CHECK] 0201 임무: total=7 missingID=0 missingDetail=0 missingShape=0 unknownType=0 typeZeroAuto=0 typeZeroInvalid=0 lineOnlyViolation=0 skippedSinglePoint=0
[OK] 0203 takeOverInfoList 확인됨 (count=3) → 진행
[OK] 0203 handOverInfoList 확인됨 (count=3) → 진행
[OK] 0203 flightAreaList 확인됨 (count=1) → 진행
[CHECK] 0203 flightAreaList count=1
[INFO] 임무 진행영역 스냅샷 미적용: sourcePlan=700000061, reason=fresh collabReexecuteInputRefresh trigger
[INFO] 현재 임무 collaborative hybrid armed: inputMissionID=7, sourcePlan=700000061, mode=reexecute_first_mission, aircraft=[4, 5, 6], options=all
[INFO] Filtered completed input missions (removed=1, 2, 4, 5, 6, converted=-, widthAdjusted=-, skippedSinglePoint=-, snapshot=-, collapse=-)
[REPLAN][TIME] parallel_safety_gate_ms=134.3 wall_ms=1779338856025 enabled=True workers=3 waypoint_block_size=50000 reasons=-
[INFO] 현재임무 재수행 옵션 병렬 생성 활성화: variant별 hybrid 요청 격리 적용
[INFO] 일반 재계획 옵션 병렬 생성 활성화: variants=3, workers=3
[INFO] variant 1 waypointID blocks reserved: 0303=901469-951468, 0304=951469-1001468
[INFO] variant 2 waypointID blocks reserved: 0303=1001469-1051468, 0304=1051469-1101468
[INFO] variant 3 waypointID blocks reserved: 0303=1101469-1151468, 0304=1151469-1201468
[FOV_DB] loaded 7010 rows, 7008 unique widths, path=C:\Users\TRL98\Desktop\LAH_MUMT\branNew\KU\DSS_KU\resource\db\fov_db_탱크_72_38_6_3.2.csv
[SWEEP][LINE] separation=227.00m, fov=11.70°, spacing=31.01m (~32 strips/1km)
[SWEEP][LINE] separation=227.00m, fov=11.70°, spacing=31.01m (~32 strips/1km)
[FOV_DB] loaded 7010 rows, 7008 unique widths, path=C:\Users\TRL98\Desktop\LAH_MUMT\branNew\KU\DSS_KU\resource\db\fov_db_탱크_72_38_6_3.2.csv
[REPLAN][TIME] variant_started_ms=2183.1 wall_ms=1779338858074 variant=3 option=5 mode=parallel_core
[REPLAN][TIME] variant_core_finished_ms=7647.0 wall_ms=1779338863538 variant=3 option=5 mode=parallel_core status=success duration_ms=5463.907
[STEP 1.3] Divide & Pattern start
[variant 3] [ENHANCED][1] split start: uavs=[4, 5, 6]
[variant 3] [ENHANCED][1] split done: pieces=6
[variant 3] [ENHANCED][2] type-decider done: profile=6 changed=6/6
[variant 3] [ENHANCED][3] expected-path done: count=6
[variant 3] [ENHANCED][4] area-review done: overflow=0 targets=0 pieces=6->6
[variant 3] [ENHANCED][5] expected-velocity done: pieces=6 dbRows=7010
[variant 3] [ENHANCED][6] 0302 export done: files=6
[variant 3] [ENHANCED] total=1344.1 ms
[TIME] divide_and_pattern (variant=3): 1344.3 ms
[OK] IMP generated: 6 file(s) (variant=3)
[TIME] build_0301+load (variant=3): 140.2 ms
[OK] MissionPlan built: MissionPlan_1779338859418.json (variant=3)
[TIME] collect_missions (variant=3): 113.9 ms, count=12
[variant 3] [REEXEC-FIRST] current-position first mission builder armed: sourcePlan=700000061, inputMissionID=7, sourceTemplateInputID=6, aircraft=[4, 5, 6], entries=A4=37.9023887,128.1597605,alt=2000.0, A5=37.9035332,128.1751928,alt=1953.0, A6=37.8913038,128.1889703,alt=1901.0
[variant 3] [REEXEC-FIRST] division planner area-division pieces=3
[variant 3] [REEXEC-FIRST] division planner final workflow=no_split paths=3
[variant 3] current remaining generic 0303 skipped: inputMissionID=7, missions=3, aircraft=[4, 5, 6], pathIDs=[400000001, 500000001, 600000001]
[INFO] FlightPath build mode (variant=3): 0303=aircraft_parallel workers=2 aircraft=3, 0304=sequential
[REPLAN][METRIC] flightpath_build_0303 variant=3 option=5 recon=0 mode=parallel_core buildMode=aircraft_parallel workers=2 aircraft=3 paths=3 reassignedWaypoints=9 elapsed_ms=382.137 fallback=- worker_ms=4:175.818|5:143.754|6:234.758
[INFO] FlightPath build time: 0303=382.1 ms, 0304=9.4 ms
[variant 3] current remaining collaborative hybrid applied: inputMissionID=7, aircraft=[4, 5, 6], removedPaths=3, workflow=reexecute_first_mission:no_split
[INFO] Applied LAH-UAV ETA follow speed plan (variant=3)
[OK] FlightPath counts (variant=3): 0303=6 / 0304=6
[REPLAN][METRIC] flightpath_counts variant=3 option=5 recon=0 mode=parallel_core paths0303=6 paths0304=6 pathsTotal=12 waypoints0303=15 waypoints0304=12 waypointsTotal=27 maxWaypointsPerPath=3 emptyPaths=0 formationPaths=0
[SWEEP][LINE] separation=227.00m, fov=11.70°, spacing=31.01m (~32 strips/1km)
[SWEEP][LINE] separation=227.00m, fov=11.70°, spacing=31.01m (~32 strips/1km)
[FOV_DB] loaded 7010 rows, 7008 unique widths, path=C:\Users\TRL98\Desktop\LAH_MUMT\branNew\KU\DSS_KU\resource\db\fov_db_탱크_72_38_6_3.2.csv
[REPLAN][TIME] variant_started_ms=2180.5 wall_ms=1779338858071 variant=1 option=6 mode=parallel_core
[REPLAN][TIME] variant_core_finished_ms=10738.2 wall_ms=1779338866629 variant=1 option=6 mode=parallel_core status=success duration_ms=8557.622
[STEP 1.1] Divide & Pattern start
[variant 1] [ENHANCED][1] split start: uavs=[4, 5, 6]
[variant 1] [ENHANCED][1] split done: pieces=6
[variant 1] [ENHANCED][2] type-decider done: profile=6 changed=6/6
[variant 1] [ENHANCED][3] expected-path done: count=6
[variant 1] [ENHANCED][4] area-review done: overflow=0 targets=0 pieces=6->6
[variant 1] [ENHANCED][5] expected-velocity done: pieces=6 dbRows=7010
[variant 1] [ENHANCED][6] 0302 export done: files=6
[variant 1] [ENHANCED] total=1363.1 ms
[TIME] divide_and_pattern (variant=1): 1363.4 ms
[OK] IMP generated: 6 file(s) (variant=1)
[TIME] build_0301+load (variant=1): 141.2 ms
[OK] MissionPlan built: MissionPlan_1779338859435.json (variant=1)
[TIME] collect_missions (variant=1): 103.3 ms, count=12
[variant 1] [REEXEC-FIRST] current-position first mission builder armed: sourcePlan=700000061, inputMissionID=7, sourceTemplateInputID=6, aircraft=[4, 5, 6], entries=A4=37.9023887,128.1597605,alt=2000.0, A5=37.9035332,128.1751928,alt=1953.0, A6=37.8913038,128.1889703,alt=1901.0
[variant 1] [REEXEC-FIRST] division planner area-division pieces=3
[variant 1] [REEXEC-FIRST] division planner final workflow=no_split paths=3
[variant 1] current remaining generic 0303 skipped: inputMissionID=7, missions=3, aircraft=[4, 5, 6], pathIDs=[400000001, 500000001, 600000001]
[INFO] FlightPath build mode (variant=1): 0303=aircraft_parallel workers=2 aircraft=3, 0304=sequential
[REPLAN][METRIC] flightpath_build_0303 variant=1 option=6 recon=0 mode=parallel_core buildMode=aircraft_parallel workers=2 aircraft=3 paths=3 reassignedWaypoints=9 elapsed_ms=406.319 fallback=- worker_ms=4:179.283|5:144.379|6:258.234
[INFO] FlightPath build time: 0303=406.3 ms, 0304=6.5 ms
[variant 1] current remaining collaborative hybrid applied: inputMissionID=7, aircraft=[4, 5, 6], removedPaths=3, workflow=reexecute_first_mission:no_split
[INFO] Applied LAH-UAV ETA follow speed plan (variant=1)
[OK] FlightPath counts (variant=1): 0303=6 / 0304=6
[REPLAN][METRIC] flightpath_counts variant=1 option=6 recon=0 mode=parallel_core paths0303=6 paths0304=6 pathsTotal=12 waypoints0303=15 waypoints0304=12 waypointsTotal=27 maxWaypointsPerPath=3 emptyPaths=0 formationPaths=0
[SWEEP][LINE] separation=1000.00m, fov=2.40°, spacing=27.93m (~36 strips/1km)
[SWEEP][LINE] separation=1000.00m, fov=2.40°, spacing=27.93m (~36 strips/1km)
[REPLAN][TIME] variant_started_ms=2182.7 wall_ms=1779338858074 variant=2 option=4 mode=parallel_core
[REPLAN][TIME] variant_core_finished_ms=15205.9 wall_ms=1779338871097 variant=2 option=4 mode=parallel_core status=success duration_ms=13023.123
[STEP 1.2] Divide & Pattern start
[variant 2] [ENHANCED][1] split start: uavs=[4, 5, 6]
[variant 2] [ENHANCED][1] split done: pieces=6
[variant 2] [REPLAN][METRIC] recon_area_review_before option=4 pieces=6 areaPieces=3 maxSegmentM=600.000 maxSplitCountLimit=0 minSegmentM=0.000 fixedFovDeg=2.400 areaFovDeg=2.400 sweepSeparationM=1000.000 sweepSeparationScale=1.000 turnRadiusM=800.000
[variant 2] [REPLAN][METRIC] recon_area_review option=4 elapsed_ms=774.922 maxSegmentM=600.000 maxSplitCountLimit=0 minSegmentM=0.000 pieces_before=6 pieces_after=16 area_before=3 area_after=13 targets=3 localized=3 changed_details=3 detail_count=3 split_count_sum=13 raw_split_count_sum=13 max_split_count=5 max_raw_split_count=5 split_capped_count=0 max_projected_span_m=2497.311 max_total_len_m=0.000 max_segment_len_m=538.930 fixedFovDeg=2.400 areaFovDeg=2.400 sweepSeparationM=1000.000 sweepSeparationScale=1.000 turnRadiusM=800.000 reasons=-
[variant 2] [ENHANCED][1R] recon-area-review done: targets=3 localized=3 pieces=6->16
[variant 2] [ENHANCED][2] type-decider done: profile=6 changed=16/16
[variant 2] [ENHANCED][3] expected-path done: count=16
[variant 2] [ENHANCED][4] area-review done: overflow=0 targets=0 pieces=16->16
[variant 2] [ENHANCED][5] expected-velocity done: pieces=16 dbRows=7010
[variant 2] [ENHANCED][6] 0302 export done: files=6
[variant 2] [ENHANCED] total=1607.6 ms
[TIME] divide_and_pattern (variant=2): 1608.4 ms
[OK] IMP generated: 6 file(s) (variant=2)
[TIME] build_0301+load (variant=2): 16.1 ms
[OK] MissionPlan built: MissionPlan_1779338859682.json (variant=2)
[TIME] collect_missions (variant=2): 10.8 ms, count=22
[variant 2] [REEXEC-FIRST] current-position first mission builder armed: sourcePlan=700000061, inputMissionID=7, sourceTemplateInputID=6, aircraft=[4, 5, 6], entries=A4=37.9023887,128.1597605,alt=2000.0, A5=37.9035332,128.1751928,alt=1953.0, A6=37.8913038,128.1889703,alt=1901.0
[variant 2] [REEXEC-FIRST] division planner area-division pieces=3
[variant 2] [REEXEC-FIRST] division planner final workflow=no_split paths=3
[variant 2] current remaining generic 0303 skipped: inputMissionID=7, missions=13, aircraft=[4, 5, 6], pathIDs=[400000001, 400000002, 400000003, 400000004, 500000001, 500000002, 500000003, 500000004, 600000001, 600000002, 600000003, 600000004, 600000005]
[INFO] FlightPath build mode (variant=2): 0303=aircraft_parallel workers=2 aircraft=3, 0304=sequential
[REPLAN][METRIC] flightpath_build_0303 variant=2 option=4 recon=1 mode=parallel_core buildMode=aircraft_parallel workers=2 aircraft=3 paths=3 reassignedWaypoints=9 elapsed_ms=211.744 fallback=- worker_ms=4:114.514|5:178.203|6:95.165
[INFO] FlightPath build time: 0303=211.7 ms, 0304=7.4 ms
[variant 2] current remaining collaborative hybrid applied: inputMissionID=7, aircraft=[4, 5, 6], removedPaths=13, workflow=reexecute_first_mission:no_split
[INFO] Applied LAH-UAV ETA follow speed plan (variant=2)
[OK] FlightPath counts (variant=2): 0303=6 / 0304=6
[REPLAN][METRIC] flightpath_counts variant=2 option=4 recon=1 mode=parallel_core paths0303=6 paths0304=6 pathsTotal=12 waypoints0303=15 waypoints0304=12 waypointsTotal=27 maxWaypointsPerPath=3 emptyPaths=0 formationPaths=0
[TIME] pathID_mapping (variant=1, current_remaining_parallel_store): 90.0 ms
[INFO] pathID mapping done after current remaining hybrid merge (variant=1, parallel_store)
[INFO] FlightPath pathID enforced (variant=1): 0303=6, 0304=6
[TIME] build_0302 (variant=1): 42.7 ms, packages=6
[INFO] FlightPath individualMissionID synced (variant=1): fixed=12
[TIME] write_0302 (variant=1): 8.0 ms, files=6
[TIME] write_FlightPath (variant=1): 51.1 ms, files=12
[REPLAN][METRIC] flightpath_write variant=1 option=6 recon=0 mode=parallel_store files0303=6 files0304=6 filesTotal=12 write_ms=51.114
[TIME] write_0301 (variant=1): 1.0 ms
[OK] Stored variant 1: MissionPlanID=700000062, IMP=6, FlightPath=12
[REPLAN][TIME] variant_finished_ms=15435.4 wall_ms=1779338871326 variant=1 option=6 mode=parallel_store status=success duration_ms=8783.557
[TIME] variant_total (variant=1): 8783.6 ms
[INFO] Option mapping #1: planID=700000062, optionCode=6(정찰/시간 균형)
[TIME] pathID_mapping (variant=2, current_remaining_parallel_store): 88.6 ms
[INFO] pathID mapping done after current remaining hybrid merge (variant=2, parallel_store)
[INFO] FlightPath pathID enforced (variant=2): 0303=6, 0304=6
[TIME] build_0302 (variant=2): 41.1 ms, packages=6
[INFO] FlightPath individualMissionID synced (variant=2): fixed=12
[TIME] write_0302 (variant=2): 7.7 ms, files=6
[TIME] write_FlightPath (variant=2): 59.7 ms, files=12
[REPLAN][METRIC] flightpath_write variant=2 option=4 recon=1 mode=parallel_store files0303=6 files0304=6 filesTotal=12 write_ms=59.683
[TIME] write_0301 (variant=2): 1.2 ms
[OK] Stored variant 2: MissionPlanID=700000063, IMP=6, FlightPath=12
[REPLAN][TIME] variant_finished_ms=15684.1 wall_ms=1779338871575 variant=2 option=4 mode=parallel_store status=success duration_ms=13268.1
[TIME] variant_total (variant=2): 13268.1 ms
[INFO] Option mapping #2: planID=700000063, optionCode=4(정찰특화)
[TIME] pathID_mapping (variant=3, current_remaining_parallel_store): 90.0 ms
[INFO] pathID mapping done after current remaining hybrid merge (variant=3, parallel_store)
[INFO] FlightPath pathID enforced (variant=3): 0303=6, 0304=6
[TIME] build_0302 (variant=3): 44.0 ms, packages=6
[INFO] FlightPath individualMissionID synced (variant=3): fixed=12
[TIME] write_0302 (variant=3): 8.3 ms, files=6
[TIME] write_FlightPath (variant=3): 51.9 ms, files=12
[REPLAN][METRIC] flightpath_write variant=3 option=5 recon=0 mode=parallel_store files0303=6 files0304=6 filesTotal=12 write_ms=51.903
[TIME] write_0301 (variant=3): 1.3 ms
[OK] Stored variant 3: MissionPlanID=700000064, IMP=6, FlightPath=12
[REPLAN][TIME] variant_finished_ms=15916.8 wall_ms=1779338871807 variant=3 option=5 mode=parallel_store status=success duration_ms=5693.108
[TIME] variant_total (variant=3): 5693.1 ms
[INFO] Option mapping #3: planID=700000064, optionCode=5(최소시간)
[OK] Stored mission data: MissionPlan=3, IndividualMission=18, FlightPath=36
[REPLAN][TIME] id_tab_update_deferred_ms=15920.5 wall_ms=1779338871811
[REPLAN][TIME] pipeline_done_ms=15920.6 wall_ms=1779338871811 plans=3 force_direct=False
[REPLAN][TIME] 0301_queued_ms=15920.7 wall_ms=1779338871811 plans=3
[STEP 4] 0301 push queued (planIds=700000062, 700000063, 700000064)
[0301] missionPlanID=700000062 전송
[0301] missionPlanID=700000063 전송
[0301] missionPlanID=700000064 전송
[PUSH] 0301 direct batch send
[REPLAN][TIME] 0301_sent_ms=15940.0 wall_ms=1779338871831 plans=3
[REPLAN][TIME] post_0301_delivery_queued_ms=15940.7 wall_ms=1779338871831 grace_ms=0 timeout_ms=20 force_direct=0 mode=option_or_0901
[INFO] Post-0301 apply queued (mode=option_or_0901, grace=0ms, timeout=20ms, plans=3)
[REPLAN][TIME] 0305_status_2_ms=15944.2 wall_ms=1779338871835 reason=협업기저임무 재수행 요청
[0305] status=2, reason=협업기저임무 재수행 요청, elapsed=15.84s 전송
[REPLAN][TIME] post_0301_completion_ready_ms=15945.6 wall_ms=1779338871836 mode=option_or_0901
[REPLAN][METRIC] source_artifact_cache entries=34 hits=28 misses=34
[INFO] Post-0301 ready (timeout) -> sending 0901
[REPLAN][TIME] post_0301_flushed_ms=15986.2 wall_ms=1779338871877 delivery=0901 trigger=timeout
[REPLAN][TIME] 0901_sent_ms=15988.3 wall_ms=1779338871879 options=3
[0901] option request sent (count=3, codes=6(정찰/시간 균형), 4(정찰특화), 5(최소시간))
[REPLAN][TIME] id_tab_update_flushed_ms=15989.8 wall_ms=1779338871880
[REPLAN][TIME] 0902_received_ms=0.3 wall_ms=1779338929311 trigger=attack_2_option replanLevel=2 optionCount=2 forceDirect=0
[REPLAN][TIME] 0902_archived_ms=1.5 wall_ms=1779338929312 path=replan_request_832654127864.json
[AUTO] 0902 received (planIds=700000065, 700000066)
[REPLAN][TIME] pipeline_scheduled_ms=3.0 wall_ms=1779338929314 delay_ms=0
[REPLAN][TIME] scheduled_start_ms=4.4 wall_ms=1779338929315
[REPLAN][TIME] 0305_status_1_ms=7.2 wall_ms=1779338929318 reason=표적103 발견 재계획
[0305] status=1, reason=표적103 발견 재계획 전송
[INFO] Using latest 0203 ID 1 for missionReferencePackageID (fallback)
[STEP 0] Replan pipeline start (reason=표적103 발견 재계획)
[REPLAN][TIME] attack_exclusion_parallel_started_ms=14.7 wall_ms=1779338929326 option_index=2 sourcePlanID=700000062
[ATTACK-EXCLUDE] parallel generation started (sourcePlanID=700000062, optionIndex=2)
[ATTACK] 공격 특화 재계획 요청 감지 → 전용 파이프라인 실행
[ATTACK] [TIME] select_manned_aircraft=16ms
[ATTACK] STEP1 Selected manned aircraft: aircraft 2 (fuel=1200.0, coord=(37.85672378540039, 128.23350524902344, alt=1199))
[ATTACK] [TIME] load_target_entries=2ms
[ATTACK] STEP2 UAV tracking summary: watcher 5?’target 103, watcher 4?’target unknown-10, watcher 4?’target unknown-13, watcher 4?’target unknown-17, watcher 4?’target unknown-2, watcher 4?’target unknown-22, watcher 4?’target unknown-27, watcher 4?’target unknown-31, watcher 4?’target unknown-33, watcher 4?’target unknown-34, watcher 4?’target unknown-35, watcher 4?’target unknown-38, watcher 4?’target unknown-41, watcher 4?’target unknown-44, watcher 4?’target unknown-45, watcher 4?’target unknown-49, watcher 4?’target unknown-51, watcher 4?’target unknown-53, watcher 4?’target unknown-61, watcher 5?’target unknown-12, watcher 5?’target unknown-15, watcher 5?’target unknown-16, watcher 5?’target unknown-18, watcher 5?’target unknown-19, watcher 5?’target unknown-20, watcher 5?’target unknown-28, watcher 5?’target unknown-3, watcher 5?’target unknown-32, watcher 5?’target unknown-36, watcher 5?’target unknown-4, watcher 5?’target unknown-43, watcher 5?’target unknown-47, watcher 5?’target unknown-50, watcher 5?’target unknown-54, watcher 5?’target unknown-57, watcher 5?’target unknown-58, watcher 5?’target unknown-59, watcher 5?’target unknown-6, watcher 5?’target unknown-7, watcher 5?’target unknown-8, watcher 5?’target unknown-9, watcher 6?’target unknown-1, watcher 6?’target unknown-11, watcher 6?’target unknown-21, watcher 6?’target unknown-23, watcher 6?’target unknown-25, watcher 6?’target unknown-29, watcher 6?’target unknown-30, watcher 6?’target unknown-37, watcher 6?’target unknown-39, watcher 6?’target unknown-42, watcher 6?’target unknown-46, watcher 6?’target unknown-48, watcher 6?’target unknown-5, watcher 6?’target unknown-55, watcher 6?’target unknown-56, watcher 6?’target unknown-60, watcher 4?’target 77, watcher 6?’target 78, watcher 5?’target 79, watcher 5?’target 80, watcher 4?’target 81, watcher 5?’target 82, watcher 5?’target 83, watcher 5?’target 84, watcher 4?’target 85, watcher 4?’target 86, watcher 5?’target 87, watcher 6?’target 88, watcher 5?’target 89, watcher 6?’target 90, watcher 5?’target 91, watcher 5?’target 92, watcher 4?’target 93, watcher 5?’target 94, watcher 6?’target 96, watcher 5?’target 97, watcher 5?’target 98, watcher 5?’target 99, watcher 4?’target 100, watcher 5?’target 101, watcher 5?’target 102
[ATTACK] STEP2.5 Using bundled 0402 targets: target=103 watcher=5
[ATTACK] [ATTACK] Selected target id=103 type=3 weaponType=3 (preferred=3, ammo={'type1': 500, 'type2': 7, 'type3': 2})
[ATTACK] [TIME] compute_attack_point=9ms
[ATTACK] STEP3 Attack plan completed: lat=37.897530, lon=128.196661, alt=956m
[ATTACK] [ATTACK] Using remembered waypoint 1201488 for watcher 5 while auto-tracking.
[ATTACK] [ATTACK] Weapon choice aircraft=2 preferred=3 selected=3 ammo={'type1': 500, 'type2': 7, 'type3': 2}
[ATTACK] [ATTACK][ETA] Tracking ETA computed with LAH max attack speed (dist=5571.9m, speed=73.61m/s, +30s) -> 106s
[ATTACK] [ATTACK] Using requested missionPlanID 700000065 (sourcePlanID=700000062)
[ATTACK] [ATTACK][POINT] Primary target adaptive standoff mode=far_projected_to_preferred_standoff currentDist=7571.867781775113m candidateDist=2000.0000000002067m standoff=300.0/2000.0m.
[ATTACK] [ATTACK][ETA] UAV 4 remaining mission time: 0.0s
[ATTACK] [ATTACK][ETA] UAV 6 remaining mission time: 0.0s
[ATTACK] [ATTACK][ETA] Non-tracking UAV ETA selected: UAV 4 with 0s remaining
[ATTACK] [ATTACK][ETA] All tracking ETAs unified to 0s
[ATTACK] [ATTACK][COLLAB] Remaining UAV entry lookahead applied: 9.0s (pathFollow=3, linearFallback=3, currentOnly=0)
[ATTACK] [PRIOR] Falling back to first mission for aircraft 2 (current waypoint not found in plan).
[FOV_DB] loaded 7010 rows, 7008 unique widths, path=C:\Users\TRL98\Desktop\LAH_MUMT\branNew\KU\DSS_KU\resource\db\fov_db_탱크_72_38_6_3.2.csv
[ATTACK] [ATTACK][LAH] Using max attack speed 73.61m/s (265.0km/h) for aircraft 2.
[ATTACK] [ATTACK][LAH] Inferred current waypoint from position -> 951473.
[ATTACK] [ATTACK][LAH] Dropped current waypoint from resume path (currentWP=951473, nextWP=951474).
[ATTACK] [ATTACK][LAH] Preserved completed prefix, inserted attack, and reattached 1 follow-up mission(s).
[ATTACK] [ATTACK][LAH] Generated attack/resume missions -> IMP:800000302.json PATHS:200000109.json/200000110.json (followUps=1)
[ATTACK] [PRIOR] Falling back to first mission for aircraft 1 (current waypoint not found in plan).
[ATTACK] [ATTACK][LAH] Inferred current waypoint from position -> 951469.
[ATTACK] [ATTACK][LAH] Dropped current waypoint from resume path (currentWP=951469, nextWP=951470).
[ATTACK] [ATTACK][LAH] Preserved completed prefix, inserted hold, and reattached 1 follow-up mission(s).
[ATTACK] [ATTACK][LAH] Generated hold/resume missions -> IMP:800000306.json PATHS:100000108.json/100000109.json (followUps=1)
[ATTACK] [PRIOR] Falling back to first mission for aircraft 3 (current waypoint not found in plan).
[ATTACK] [ATTACK][LAH] Inferred current waypoint from position -> 951477.
[ATTACK] [ATTACK][LAH] Dropped current waypoint from resume path (currentWP=951477, nextWP=951478).
[ATTACK] [ATTACK][LAH] Preserved completed prefix, inserted hold, and reattached 1 follow-up mission(s).
[ATTACK] [ATTACK][LAH] Generated hold/resume missions -> IMP:800000308.json PATHS:300000109.json/300000110.json (followUps=1)
[ATTACK] [NEXTCOLLAB] division planner area-division pieces=2
[ATTACK] [NEXTCOLLAB] division planner final workflow=no_split paths=2
[ATTACK] [ATTACK][COLLAB] Collaborative replacement IMP written (aircraft=4, imp=800000304.json, missions=1).
[ATTACK] [ATTACK][COLLAB] Collaborative replacement IMP written (aircraft=6, imp=800000305.json, missions=1).
[ATTACK] [ATTACK][COLLAB] First sweep searchSpeed boosted (aircraft=4, pathID=400000167, waypointID=1201517, factor=1.30, old=821.26, new=1067.63).
[ATTACK] [ATTACK][COLLAB] First sweep searchSpeed boosted (aircraft=6, pathID=600000157, waypointID=1201524, factor=1.30, old=336.28, new=437.16).
[ATTACK] [ATTACK][COLLAB] Collaborative remaining mission replanned (inputMissionID=7, unavailable=[5], remaining=[4, 6], workflow=no_split).
[ATTACK] [ATTACK][UAV] Tracking target altitude kept for sensor only; flight altitude replaced 656m -> 2007m.
[ATTACK] [ATTACK][UAV] Resume trimmed by currentWP (lastRemovedWP=1201487).
[ATTACK] [ATTACK][UAV] Added replan anchor waypoint to done path (anchorWP=1201555).
[ATTACK] [ATTACK][UAV] Resume sweep trim applied (cutPoints=42, rawCutPoints=42, doneSweepPoints=0, pathID=500000194).
[ATTACK] [ATTACK][UAV] Resume searchSpeed scaled (factor=1.30, waypoints=1).
[ATTACK] [ATTACK][COLLAB] Tracking UAV resume replaced with release transit (aircraft=5, targetFinishEta=71, speed=58.0m/s).
[ATTACK] [ATTACK][UAV] Preserved completed prefix, inserted tracking, and reattached 1 follow-up mission(s).
[ATTACK] [ATTACK][UAV] Generated tracking/resume missions -> IMP:800000309.json PATHS:500000204.json/500000205.json (followUps=1)
[ATTACK] [ATTACK][UAV] Tracking assignment state saved (aircraft=5, sourcePlan=700000062, attackPlan=700000065).
[ATTACK] [ATTACK][COLLAB] Aircraft 4 handled by collaborative remaining replan (inputMissionID=7).
[ATTACK] [ATTACK][COLLAB] Aircraft 6 handled by collaborative remaining replan (inputMissionID=7).
[ATTACK] [ATTACK][PLAN] carried area remaining snapshot -> mission_area_snapshot_700000065.json (sourcePlanID=700000062, planID=700000065)
[ATTACK] [ATTACK][PLAN] MissionPlan saved -> 700000065.json (planID=700000065)
[ATTACK] [ATTACK][TIME] override_detail={"phases": {"metadata_normalize": {"elapsedMs": 0.014, "attackTargetCount": 1, "selectedMannedCount": 1}, "agent_index": {"elapsedMs": 0.136, "aircraftCount": 6}, "weapon_choice": {"elapsedMs": 6.476, "selectedWeaponType": 3, "ammoAvailable": true}, "initial_tracking_eta": {"elapsedMs": 1.732, "useDetectionTracking": true, "trackingEtaS": 106}, "resolve_source_plan": {"elapsedMs": 8.432, "sourcePlanID": 700000062}, "source_plan_load": {"elapsedMs": 0.547, "sourcePlanID": 700000062, "aircraftCount": 6}, "sweep_progress_load": {"elapsedMs": 2.064, "entries": 126}, "plan_id_resolve": {"elapsedMs": 0.035, "requested": true, "missionPlanID": 700000065}, "source_artifact_cache_build": {"elapsedMs": 0.027, "aircraftEntries": 6}, "done_input_ids_load": {"elapsedMs": 2.224, "count": 5}, "plan_deepcopy": {"elapsedMs": 0.094}, "target_uav_assignment": {"elapsedMs": 1.4, "assignedTargetCount": 1, "usedTrackingUavCount": 1}, "manned_sequence_assignment": {"elapsedMs": 4.19, "aircraftCount": 1, "error": null}, "attack_coordinate_resolution": {"elapsedMs": 3.779, "resolvedCount": 1, "mannedSequenceCount": 1}, "remaining_eta": {"elapsedMs": 13.17, "allUavCount": 3, "trackingUavCount": 1, "computedEtaCount": 1, "adjustedEtaS": 0}, "descriptor_list_build": {"elapsedMs": 0.062, "descriptorCount": 6, "activeMannedCount": 1, "otherLahCount": 2, "otherUavCount": 2}, "collab_tracking_scan": {"elapsedMs": 4.057, "inputCount": 1, "unavailableUavCount": 1}, "collab_agent_state_map": {"elapsedMs": 10.636, "aircraftCount": 6}, "collab_parallel_started": {"elapsedMs": 0.767, "inputCount": 1, "workers": 1}, "collab_parallel_join": {"elapsedMs": 3.99, "waitReason": "UAV_TRACK", "inputCount": 1}, "descriptor_loop": {"elapsedMs": 16561.85, "descriptorCount": 6, "updateCount": 4}, "final_collab_plan_update": {"elapsedMs": 0.018, "collabInputCount": 1}, "mission_plan_write": {"elapsedMs": 10.454, "missionPlanID": 700000065}, "option_meta_build": {"elapsedMs": 0.068, "targetCount": 1, "collabInputCount": 1}}, "collabRuns": [{"inputMissionID": 7, "unavailableAircraftIDs": [5], "elapsedMs": 6612.656, "status": "ok", "replacementAircraftIDs": [4, 6], "generatedPathCount": 2, "finishEtaS": 71, "workflow": "no_split"}], "descriptorDetails": [{"aircraftID": 2, "label": "manned", "mode": "LAH_ATTACK", "resolveArtifacts": {"elapsedMs": 1.237, "currentWaypointID": null, "sourcePathID": 200000103, "sourceImpID": 800000284}, "loadArtifacts": {"elapsedMs": 0.009, "impLoaded": true, "fpLoaded": true}, "cloneAndLocateMission": {"elapsedMs": 0.136, "missionCount": 2, "targetIndex": 0}, "allocateAndPlanUpdate": {"elapsedMs": 36.902, "newImpID": 800000302}, "builder": {"elapsedMs": 7693.562, "builderMode": "LAH_ATTACK"}, "builderDetail": {"allocate_ids": {"elapsedMs": 3434.707, "attackPathID": 200000109, "resumePathID": 200000110, "attackIndividualID": 900000734, "resumeIndividualID": 900000735, "entryWaypointID": 1201511, "attackWaypointID": 1201515}, "split_lah_resume": {"elapsedMs": 2228.493, "resumeWaypointCount": 1, "removedWaypointID": 951473}, "clone_followups": {"elapsedMs": 1250.09, "followUpMissionCount": 1, "followUpPathCount": 1}, "payload_build": {"elapsedMs": 768.372, "hasResume": true, "followUpMissionCount": 1, "attackSpeedMps": 73.61}, "write_json": {"elapsedMs": 5.155, "fileCount": 4}, "totalMs": 7690.621}, "status": "ok", "elapsedMs": 7732.024}, {"aircraftID": 1, "label": "lah_hold_1", "mode": "LAH_HOLD_RESUME", "resolveArtifacts": {"elapsedMs": 0.768, "currentWaypointID": null, "sourcePathID": 100000102, "sourceImpID": 800000283}, "loadArtifacts": {"elapsedMs": 0.007, "impLoaded": true, "fpLoaded": true}, "cloneAndLocateMission": {"elapsedMs": 0.092, "missionCount": 2, "targetIndex": 0}, "allocateAndPlanUpdate": {"elapsedMs": 392.468, "newImpID": 800000306}, "builder": {"elapsedMs": 2756.417, "builderMode": "LAH_HOLD_RESUME"}, "builderDetail": {"allocate_ids": {"elapsedMs": 390.261, "holdPathID": 100000108, "resumePathID": 100000109, "holdIndividualID": 900000739, "resumeIndividualID": 900000740}, "split_lah_resume": {"elapsedMs": 1185.668, "resumeWaypointCount": 1, "removedWaypointID": 951469}, "clone_followups": {"elapsedMs": 408.097, "followUpMissionCount": 1, "followUpPathCount": 1}, "payload_build": {"elapsedMs": 1171.025, "hasResume": true, "followUpMissionCount": 1}, "write_json": {"elapsedMs": 4.873, "fileCount": 4}, "totalMs": 2756.363}, "status": "ok", "elapsedMs": 3149.906}, {"aircraftID": 3, "label": "lah_hold_3", "mode": "LAH_HOLD_RESUME", "resolveArtifacts": {"elapsedMs": 0.849, "currentWaypointID": null, "sourcePathID": 300000103, "sourceImpID": 800000285}, "loadArtifacts": {"elapsedMs": 0.007, "impLoaded": true, "fpLoaded": true}, "cloneAndLocateMission": {"elapsedMs": 0.127, "missionCount": 2, "targetIndex": 0}, "allocateAndPlanUpdate": {"elapsedMs": 412.227, "newImpID": 800000308}, "builder": {"elapsedMs": 2794.295, "builderMode": "LAH_HOLD_RESUME"}, "builderDetail": {"allocate_ids": {"elapsedMs": 845.727, "holdPathID": 300000109, "resumePathID": 300000110, "holdIndividualID": 900000744, "resumeIndividualID": 900000745}, "split_lah_resume": {"elapsedMs": 1173.262, "resumeWaypointCount": 1, "removedWaypointID": 951477}, "clone_followups": {"elapsedMs": 401.155, "followUpMissionCount": 1, "followUpPathCount": 1}, "payload_build": {"elapsedMs": 766.993, "hasResume": true, "followUpMissionCount": 1}, "write_json": {"elapsedMs": 4.725, "fileCount": 4}, "totalMs": 2794.242}, "status": "ok", "elapsedMs": 3207.677}, {"aircraftID": 5, "label": "uav_tracking_5", "mode": "UAV_TRACK", "resolveArtifacts": {"elapsedMs": 0.027, "currentWaypointID": 1201488, "sourcePathID": 500000194, "sourceImpID": 800000287}, "loadArtifacts": {"elapsedMs": 0.005, "impLoaded": true, "fpLoaded": true}, "cloneAndLocateMission": {"elapsedMs": 0.174, "missionCount": 2, "targetIndex": 0}, "allocateAndPlanUpdate": {"elapsedMs": 7.915, "newImpID": 800000309}, "builder": {"elapsedMs": 2448.927, "builderMode": "UAV_TRACK"}, "builderDetail": {"allocate_ids": {"elapsedMs": 409.344, "donePathID": 500000203, "attackPathID": 500000204, "resumePathID": 500000205, "trackingIndividualID": 900000747, "resumeIndividualID": 900000748, "targetWaypointID": 1201554}, "split_done_resume": {"elapsedMs": 1174.18, "sourceSinglePoint": false, "doneWaypointCount": 2, "resumeWaypointCount": 1, "removedWaypointID": 1201487}, "clone_followups": {"elapsedMs": 427.264, "followUpMissionCount": 1, "followUpPathCount": 1}, "release_resume": {"elapsedMs": 371.113, "releaseWaypointCount": 2, "targetFinishEtaS": 71}, "write_json": {"elapsedMs": 58.684, "fileCount": 5}, "totalMs": 2445.794}, "trackingState": {"elapsedMs": 8.262}, "status": "ok", "elapsedMs": 2466.08}, {"aircraftID": 4, "label": "uav_resume_4", "mode": "UAV_RESUME", "resolveArtifacts": {"elapsedMs": 0.024, "currentWaypointID": 1201484, "sourcePathID": 400000158, "sourceImpID": 800000286}, "loadArtifacts": {"elapsedMs": 0.005, "impLoaded": true, "fpLoaded": true}, "cloneAndLocateMission": {"elapsedMs": 0.145, "missionCount": 2, "targetIndex": 0}, "status": "handled_by_collab", "elapsedMs": 0.82}, {"aircraftID": 6, "label": "uav_resume_6", "mode": "UAV_RESUME", "resolveArtifacts": {"elapsedMs": 0.018, "currentWaypointID": 1201492, "sourcePathID": 600000151, "sourceImpID": 800000288}, "loadArtifacts": {"elapsedMs": 0.004, "impLoaded": true, "fpLoaded": true}, "cloneAndLocateMission": {"elapsedMs": 0.136, "missionCount": 2, "targetIndex": 0}, "status": "handled_by_collab", "elapsedMs": 0.722}], "totalMs": 16619}
[ATTACK] [ATTACK][TIME] override_total=16619ms
[ATTACK] [TIME] apply_attack_plan_overrides=16640ms
[ATTACK] [TIME] timingMs={"read_source": 20.288, "descriptor_build": 7.64, "write_artifacts": 16652.203, "delivery_wait": 7.827}
[ATTACK] [TIME] total=16689ms
[ATTACK] 분석 로그 저장: C:\Users\TRL98\Desktop\LAH_MUMT\Logs\Scenario_2026-05-21T132543\SBC3\DSS_Internal\log_attack_algorithm_20260521T044906_015528.json
[ATTACK] mark target used: targetIDs=103
[ATTACK-EXCLUDE] ATTACK-EXCLUDE using requested missionPlanID 700000066 (sourcePlanID=700000062)
[ATTACK-EXCLUDE] [PRIOR][UAV] Resume trimmed by currentWP (lastRemovedWP=1201483).
[ATTACK-EXCLUDE] [PRIOR][UAV] Added replan anchor waypoint to done path (anchorWP=1201508).
[ATTACK-EXCLUDE] [PRIOR][UAV] Resume sweep trim applied (cutPoints=82, rawCutPoints=82, doneSweepPoints=0, pathID=400000158).
[ATTACK-EXCLUDE] [PRIOR][UAV] Resume searchSpeed scaled (factor=1.30, waypoints=1).
[ATTACK-EXCLUDE] [PRIOR][UAV] Generated done/resume mission -> aircraft=4 IMP:800000301.json PATHS:400000164.json/400000165.json
[ATTACK-EXCLUDE] [PRIOR][UAV] Resume trimmed by currentWP (lastRemovedWP=1201487).
[ATTACK-EXCLUDE] [PRIOR][UAV] Added replan anchor waypoint to done path (anchorWP=1201530).
[ATTACK-EXCLUDE] [PRIOR][UAV] Resume sweep trim applied (cutPoints=42, rawCutPoints=42, doneSweepPoints=0, pathID=500000194).
[ATTACK-EXCLUDE] [PRIOR][UAV] Resume searchSpeed scaled (factor=1.30, waypoints=1).
[ATTACK-EXCLUDE] [PRIOR][UAV] Generated done/resume mission -> aircraft=5 IMP:800000303.json PATHS:500000200.json/500000201.json
[ATTACK-EXCLUDE] [PRIOR][UAV] Resume trimmed by currentWP (lastRemovedWP=1201491).
[ATTACK-EXCLUDE] [PRIOR][UAV] Added replan anchor waypoint to done path (anchorWP=1201544).
[ATTACK-EXCLUDE] [PRIOR][UAV] Resume sweep trim applied (cutPoints=60, rawCutPoints=60, doneSweepPoints=0, pathID=600000151).
[ATTACK-EXCLUDE] [PRIOR][UAV] Resume searchSpeed scaled (factor=1.30, waypoints=1).
[ATTACK-EXCLUDE] [PRIOR][UAV] Generated done/resume mission -> aircraft=6 IMP:800000307.json PATHS:600000158.json/600000159.json
[ATTACK-EXCLUDE] 공격 배제 MissionPlan 저장 -> 700000066.json (planID=700000066)
[ATTACK-EXCLUDE] ATTACK-EXCLUDE carried area remaining snapshot -> mission_area_snapshot_700000066.json (sourcePlanID=700000062, planID=700000066)
[ATTACK] 공격 임무 계획 완료 (planIds=700000065)
[INFO] UAV params loaded (cruise=40.00, turn_step=15.0)
[INFO] Latest input snapshot → 0201:ID=5,ts=832654055195,src=-, 0203:ID=1,ts=832652848760,src=-
[STEP 0] Using latest 0201 ID 5 (5.json)
[STEP 0] Using latest 0203 ID 1 (1.json)
[CHECK] 0201/0203 필수 데이터 확인 시작
[OK] 0201 inputMissionList 확인됨 (count=7) → 진행
[OK] 0201 availableAircraftList 확인됨 (count=6) → 진행
[OK] 0201 inputMissionPackageType=1 확인
[OK] 0201 mainSensor=1 확인
[CHECK] 0201 기체 수=6 (UAV=3, LAH=3)
[CHECK] 0201 임무: total=7 missingID=0 missingDetail=0 missingShape=0 unknownType=0 typeZeroAuto=0 typeZeroInvalid=0 lineOnlyViolation=0 skippedSinglePoint=0
[OK] 0203 takeOverInfoList 확인됨 (count=3) → 진행
[OK] 0203 handOverInfoList 확인됨 (count=3) → 진행
[OK] 0203 flightAreaList 확인됨 (count=1) → 진행
[CHECK] 0203 flightAreaList count=1
[INFO] 임무 진행영역 스냅샷 적용: sourcePlan=700000062, updated=2, done=0
[INFO] 임무 진행영역 재계획 collapse 적용: groups=2, normalized=3, 7
[INFO] Filtered completed input missions (removed=1, 2, 4, 5, 6, converted=-, widthAdjusted=-, skippedSinglePoint=-, snapshot=updated=2, done=0, collapse=groups=2, normalized=3,7)
[REPLAN][TIME] variant_started_ms=16756.4 wall_ms=1779338946067 variant=1 option=3 mode=attack_exclusion
[variant 1] 공격 배제 병렬 결과 병합
[REPLAN][TIME] attack_exclusion_parallel_joined_ms=16769.6 wall_ms=1779338946080 variant=1 duration_ms=12308.678 wait_ms=0.011
[OK] 공격 배제 variant 저장: MissionPlanID=700000066 (elapsed=12308.7 ms)
[INFO] Option mapping #1: planID=700000066, optionCode=3(공격배제)
[REPLAN][TIME] variant_finished_ms=16770.1 wall_ms=1779338946081 variant=1 option=3 mode=attack_exclusion status=success duration_ms=12308.678
[OK] Stored mission data: MissionPlan=1, IndividualMission=0, FlightPath=0
[REPLAN][TIME] id_tab_update_deferred_ms=16771.0 wall_ms=1779338946082
[REPLAN][TIME] pipeline_done_ms=16771.1 wall_ms=1779338946082 plans=2 force_direct=False
[REPLAN][TIME] 0301_queued_ms=16771.1 wall_ms=1779338946082 plans=2
[STEP 4] 0301 push queued (planIds=700000065, 700000066)
[0301] missionPlanID=700000065 전송
[0301] missionPlanID=700000066 전송
[PUSH] 0301 direct batch send
[REPLAN][TIME] 0301_sent_ms=17491.6 wall_ms=1779338946802 plans=2
[REPLAN][TIME] post_0301_delivery_queued_ms=17492.3 wall_ms=1779338946803 grace_ms=0 timeout_ms=20 force_direct=0 mode=option_or_0901
[INFO] Post-0301 apply queued (mode=option_or_0901, grace=0ms, timeout=20ms, plans=2)
[REPLAN][TIME] 0305_status_2_ms=17495.9 wall_ms=1779338946807 reason=표적103 발견 재계획
[0305] status=2, reason=표적103 발견 재계획, elapsed=17.49s 전송
[REPLAN][TIME] post_0301_completion_ready_ms=17497.4 wall_ms=1779338946808 mode=option_or_0901
[REPLAN][METRIC] source_artifact_cache entries=21 hits=39 misses=21
[INFO] Post-0301 ready (timeout) -> sending 0901
[REPLAN][TIME] post_0301_flushed_ms=17535.2 wall_ms=1779338946846 delivery=0901 trigger=timeout
[REPLAN][TIME] 0901_sent_ms=17537.8 wall_ms=1779338946849 options=2
[0901] option request sent (count=2, codes=2(공격특화), 3(공격배제))
[REPLAN][TIME] id_tab_update_flushed_ms=17539.2 wall_ms=1779338946850
[REPLAN][TIME] 0902_received_ms=0.1 wall_ms=1779339084488 trigger=post_attack_direct replanLevel=2 optionCount=1 forceDirect=1
[REPLAN][TIME] 0902_archived_ms=1.1 wall_ms=1779339084489 path=replan_request_832654284126.json
[AUTO] 0902 received (planIds=700000067)
[REPLAN][TIME] pipeline_scheduled_ms=2.2 wall_ms=1779339084490 delay_ms=0
[REPLAN][TIME] scheduled_start_ms=3.2 wall_ms=1779339084491
[REPLAN][TIME] 0305_status_1_ms=6.3 wall_ms=1779339084494 reason=표적103 격파 후 복귀
[0305] status=1, reason=표적103 격파 후 복귀 전송
[INFO] Using latest 0203 ID 1 for missionReferencePackageID (fallback)
[STEP 0] Replan pipeline start (reason=표적103 격파 후 복귀)
[POSTATTACK] 공격 종료 재계획 요청 감지 → 복귀 협업 재계획 평가 실행
[POSTATTACK] [PRIOR] Falling back to first pending mission for aircraft 2 (current waypoint not found in plan).
[POSTATTACK] [POSTATTACK][LAH] returning LAH resume package written (aircraft=2, imp=800000310.json, missions=2).
[POSTATTACK] [POSTATTACK][ACTIVE-DONE] completion hold extended for returning UAV rejoin (hold=34s).
[POSTATTACK] [POSTATTACK][ACTIVE-DONE] completed current input preserved as active boundary marker (aircraft=6, inputMissionID=7, imp=800000311.json, donePath=600000161.json, hold=34s, followUps=1).
[POSTATTACK] [POSTATTACK][ACTIVE-SUFFIX] Resume trimmed by currentWP (lastRemovedWP=1201516).
[POSTATTACK] [POSTATTACK][ACTIVE-SUFFIX] Added replan anchor waypoint to done path (anchorWP=1201577).
[POSTATTACK] [POSTATTACK][ACTIVE-SUFFIX] Resume sweep trim applied (cutPoints=75, rawCutPoints=75, doneSweepPoints=0, pathID=400000167).
[POSTATTACK] [POSTATTACK][ACTIVE-SUFFIX] Resume searchSpeed scaled (factor=1.30, waypoints=1).
[POSTATTACK] [POSTATTACK][ACTIVE-SUFFIX] Generated done/resume mission -> aircraft=4 IMP:800000312.json PATHS:400000168.json/400000169.json
[POSTATTACK] [POSTATTACK][TRACK-RETURN] short return path collapsed (aircraft=5, distance=1222.6m, threshold=2000.0m).
[POSTATTACK] [POSTATTACK][TRACK-RETURN] tracking branch replaced with return-only package (aircraft=5, imp=800000313.json, path=500000207.json, hold=34s, followUps=1, speed=58.0).
[POSTATTACK] [ATTACK-SLOT] released manned attack slots after closed tracking assignments -> inputMissionPackageID=5, aircraft=[2].
[POSTATTACK] carried area remaining snapshot -> mission_area_snapshot_700000067.json (sourcePlan=700000065, plan=700000067).
[POSTATTACK] MissionPlan updated for post-attack rejoin -> 700000067.json (sourcePlan=700000065, updatedAircraft=[2, 4, 5, 6]).
[REPLAN][TIME] pipeline_done_ms=4871.5 wall_ms=1779339089359 plans=1 force_direct=True
[REPLAN][TIME] 0301_queued_ms=4871.6 wall_ms=1779339089359 plans=1
[STEP 4] 0301 push queued (planIds=700000067)
[INFO] Direct delivery -> skip 0901/0701, send 0301+0903 only
[0301] missionPlanID=700000067 전송
[PUSH] 0301 direct batch send
[REPLAN][TIME] 0301_sent_ms=4880.7 wall_ms=1779339089369 plans=1
[REPLAN][TIME] post_0301_delivery_queued_ms=4881.5 wall_ms=1779339089369 grace_ms=0 timeout_ms=1200 force_direct=1 mode=direct_0903
[INFO] Post-0301 apply queued (mode=direct_0903, grace=0ms, timeout=1200ms, plans=1)
[REPLAN][TIME] 0305_status_2_ms=4885.3 wall_ms=1779339089373 reason=표적103 격파 후 복귀
[0305] status=2, reason=표적103 격파 후 복귀, elapsed=4.88s 전송
[REPLAN][TIME] post_0301_completion_ready_ms=4886.9 wall_ms=1779339089375 mode=direct_0903
[INFO] Post-0301 ready (0305_status_2) -> sending 0903
[REPLAN][TIME] post_0301_flushed_ms=4888.5 wall_ms=1779339089376 delivery=0903 trigger=0305_status_2 plans=1
[REPLAN][TIME] id_tab_update_flushed_ms=4889.3 wall_ms=1779339089377
[REPLAN][TIME] id_tab_update_deferred_ms=4871.6 wall_ms=1779339089359
[REPLAN][METRIC] source_artifact_cache entries=16 hits=30 misses=16
[REPLAN][TIME] 0903_sent_ms=5771.3 wall_ms=1779339090259 missionPlanID=700000067
[0903] request sent (missionPlanID=700000067)
[REPLAN][TIME] 0902_received_ms=0.3 wall_ms=1779339260103 trigger=general_3_option replanLevel=1 optionCount=3 forceDirect=0
[REPLAN][TIME] 0902_archived_ms=1.6 wall_ms=1779339260105 path=replan_request_832654459613.json
[AUTO] 0902 received (planIds=700000068, 700000069, 700000070)
[REPLAN][TIME] pipeline_scheduled_ms=2.9 wall_ms=1779339260106 delay_ms=100
[AUTO] replan pipeline scheduled after 0.1s delay
[REPLAN][TIME] scheduled_start_ms=105.9 wall_ms=1779339260209
[REPLAN][TIME] 0305_status_1_ms=109.7 wall_ms=1779339260213 reason=무인기 1번 고장 재계획
[0305] status=1, reason=무인기 1번 고장 재계획 전송
[INFO] Using latest 0203 ID 1 for missionReferencePackageID (fallback)
[STEP 0] Replan pipeline start (reason=무인기 1번 고장 재계획)
[INFO] UAV params loaded (cruise=40.00, turn_step=15.0)
[INFO] Latest input snapshot → 0201:ID=5,ts=832654055195,src=-, 0203:ID=1,ts=832652848760,src=-
[STEP 0] Using latest 0201 ID 5 (5.json)
[STEP 0] Using latest 0203 ID 1 (1.json)
[CHECK] 0201/0203 필수 데이터 확인 시작
[OK] 0201 inputMissionList 확인됨 (count=7) → 진행
[OK] 0201 availableAircraftList 확인됨 (count=6) → 진행
[OK] 0201 inputMissionPackageType=1 확인
[OK] 0201 mainSensor=1 확인
[CHECK] 0201 기체 수=6 (UAV=3, LAH=3)
[CHECK] 0201 임무: total=7 missingID=0 missingDetail=0 missingShape=0 unknownType=0 typeZeroAuto=0 typeZeroInvalid=0 lineOnlyViolation=0 skippedSinglePoint=0
[OK] 0203 takeOverInfoList 확인됨 (count=3) → 진행
[OK] 0203 handOverInfoList 확인됨 (count=3) → 진행
[OK] 0203 flightAreaList 확인됨 (count=1) → 진행
[CHECK] 0203 flightAreaList count=1
[INFO] 임무 진행영역 스냅샷 적용: sourcePlan=700000067, updated=1, done=0
[INFO] 현재 임무 collaborative hybrid armed: inputMissionID=7, sourcePlan=700000067, mode=current_remaining, aircraft=[4, 5, 6], options=all
[INFO] Filtered completed input missions (removed=1, 2, 4, 5, 6, converted=-, widthAdjusted=-, skippedSinglePoint=-, snapshot=updated=1, done=0, collapse=-)
[REPLAN][TIME] parallel_safety_gate_ms=146.9 wall_ms=1779339260250 enabled=False workers=1 waypoint_block_size=50000 reasons=remaining_snapshot_mutated
[INFO] 일반 재계획 옵션 병렬 생성 비활성화(safety gate): remaining_snapshot_mutated
[variant 1] 일반 재계획 모드 적용
[REPLAN][TIME] variant_started_ms=149.5 wall_ms=1779339260253 variant=1 option=6 mode=sequential
[STEP 1.1] Divide & Pattern start
[variant 1] [ENHANCED] VehicleStatus filter removed aircraft [4, 5, 6]
[variant 1] [ENHANCED][1] split start: uavs=[4, 5, 6]
[variant 1] [ENHANCED][1] split done: pieces=6
[variant 1] [ENHANCED][2] type-decider done: profile=6 changed=6/6
[variant 1] [ENHANCED][3] expected-path done: count=6
[variant 1] [ENHANCED][4] area-review done: overflow=0 targets=0 pieces=6->6
[variant 1] [ENHANCED][5] expected-velocity done: pieces=6 dbRows=7010
[variant 1] [ENHANCED][6] 0302 export done: files=6
[variant 1] [ENHANCED] total=533.2 ms
[TIME] divide_and_pattern (variant=1): 533.4 ms
[OK] IMP generated: 6 file(s) (variant=1)
[TIME] build_0301+load (variant=1): 14.3 ms
[OK] MissionPlan built: MissionPlan_1779339260786.json (variant=1)
[TIME] collect_missions (variant=1): 6.9 ms, count=12
[INFO] pathID mapping delayed until current remaining hybrid merge (variant=1)
[variant 1] [NEXTCOLLAB] division planner area-division pieces=3
[FOV_DB] loaded 7010 rows, 7008 unique widths, path=C:\Users\TRL98\Desktop\LAH_MUMT\branNew\KU\DSS_KU\resource\db\fov_db_탱크_72_38_6_3.2.csv
[variant 1] [NEXTCOLLAB] division planner final workflow=no_split paths=2
[variant 1] current remaining generic 0303 skipped: inputMissionID=7, missions=2, aircraft=[5, 6], pathIDs=[500000001, 600000001]
[SWEEP][LINE] separation=227.00m, fov=11.70°, spacing=31.01m (~32 strips/1km)
[SWEEP][AREA-DB] missionID=900000001 widthRef=264.49m dbWidth=264.87m fov=11.70 sep=249.00
[SWEEP][AREA] separation=249.00m, fov=11.70°, spacing=34.02m (~29 strips/1km)
[SWEEP][LINE] separation=227.00m, fov=11.70°, spacing=31.01m (~32 strips/1km)
[INFO] FlightPath build mode (variant=1): 0303=aircraft_parallel workers=2 aircraft=3, 0304=sequential
[REPLAN][METRIC] flightpath_build_0303 variant=1 option=6 recon=0 mode=sequential buildMode=aircraft_parallel workers=2 aircraft=3 paths=4 reassignedWaypoints=10 elapsed_ms=4262.034 fallback=- worker_ms=4:236.642|5:128.376|6:70.474
[INFO] FlightPath build time: 0303=4262.0 ms, 0304=425.8 ms
[variant 1] current remaining collaborative hybrid applied: inputMissionID=7, aircraft=[5, 6], removedPaths=2, workflow=current_remaining:no_split
[TIME] pathID_mapping (variant=1, current_remaining): 92.1 ms
[INFO] pathID mapping done after current remaining hybrid merge (variant=1)
[INFO] Applied LAH-UAV ETA follow speed plan (variant=1)
[INFO] FlightPath pathID enforced (variant=1): 0303=6, 0304=6
[OK] FlightPath counts (variant=1): 0303=6 / 0304=6
[REPLAN][METRIC] flightpath_counts variant=1 option=6 recon=0 mode=sequential paths0303=6 paths0304=6 pathsTotal=12 waypoints0303=14 waypoints0304=12 waypointsTotal=26 maxWaypointsPerPath=3 emptyPaths=0 formationPaths=0
[TIME] build_0302 (variant=1): 48.8 ms, packages=6
[INFO] FlightPath individualMissionID synced (variant=1): fixed=12
[TIME] write_0302 (variant=1): 7.8 ms, files=6
[TIME] write_FlightPath (variant=1): 47.0 ms, files=12
[REPLAN][METRIC] flightpath_write variant=1 option=6 recon=0 mode=sequential files0303=6 files0304=6 filesTotal=12 write_ms=46.972
[TIME] write_0301 (variant=1): 1.4 ms
[OK] Stored variant 1: MissionPlanID=700000068, IMP=6, FlightPath=12
[REPLAN][TIME] variant_finished_ms=7621.5 wall_ms=1779339267724 variant=1 option=6 mode=sequential status=success duration_ms=7471.968
[TIME] variant_total (variant=1): 7472.0 ms
[INFO] Option mapping #1: planID=700000068, optionCode=6(정찰/시간 균형)
[variant 2] 정찰특화 전용 runtime 적용 (areaWidth=600.0m, areaFov=2.4deg, areaSep=1000.0m, turnR=800.0m, splitCap=0, minSeg=0.0m)
[REPLAN][TIME] variant_started_ms=7626.1 wall_ms=1779339267729 variant=2 option=4 mode=sequential
[STEP 1.2] Divide & Pattern start
[variant 2] [ENHANCED] VehicleStatus filter removed aircraft [4, 5, 6]
[variant 2] [ENHANCED][1] split start: uavs=[4, 5, 6]
[variant 2] [ENHANCED][1] split done: pieces=6
[variant 2] [REPLAN][METRIC] recon_area_review_before option=4 pieces=6 areaPieces=3 maxSegmentM=600.000 maxSplitCountLimit=0 minSegmentM=0.000 fixedFovDeg=2.400 areaFovDeg=2.400 sweepSeparationM=1000.000 sweepSeparationScale=1.000 turnRadiusM=800.000
[variant 2] [REPLAN][METRIC] recon_area_review option=4 elapsed_ms=2.487 maxSegmentM=600.000 maxSplitCountLimit=0 minSegmentM=0.000 pieces_before=6 pieces_after=6 area_before=3 area_after=3 targets=3 localized=3 changed_details=0 detail_count=3 split_count_sum=3 raw_split_count_sum=3 max_split_count=1 max_raw_split_count=1 split_capped_count=0 max_projected_span_m=108.019 max_total_len_m=0.000 max_segment_len_m=0.000 fixedFovDeg=2.400 areaFovDeg=2.400 sweepSeparationM=1000.000 sweepSeparationScale=1.000 turnRadiusM=800.000 reasons=-
[variant 2] [ENHANCED][1R] recon-area-review done: targets=3 localized=3 pieces=6->6
[variant 2] [ENHANCED][2] type-decider done: profile=6 changed=6/6
[variant 2] [ENHANCED][3] expected-path done: count=6
[variant 2] [ENHANCED][4] area-review done: overflow=0 targets=0 pieces=6->6
[variant 2] [ENHANCED][5] expected-velocity done: pieces=6 dbRows=7010
[variant 2] [ENHANCED][6] 0302 export done: files=6
[variant 2] [ENHANCED] total=370.8 ms
[TIME] divide_and_pattern (variant=2): 371.0 ms
[OK] IMP generated: 6 file(s) (variant=2)
[TIME] build_0301+load (variant=2): 15.1 ms
[OK] MissionPlan built: MissionPlan_1779339268100.json (variant=2)
[TIME] collect_missions (variant=2): 7.0 ms, count=12
[INFO] pathID mapping delayed until current remaining hybrid merge (variant=2)
[variant 2] [NEXTCOLLAB] division planner area-division pieces=3
[FOV_DB] loaded 7010 rows, 7008 unique widths, path=C:\Users\TRL98\Desktop\LAH_MUMT\branNew\KU\DSS_KU\resource\db\fov_db_탱크_72_38_6_3.2.csv
[variant 2] [NEXTCOLLAB] division planner final workflow=no_split paths=2
[variant 2] current remaining generic 0303 skipped: inputMissionID=7, missions=2, aircraft=[5, 6], pathIDs=[500000001, 600000001]
[SWEEP][LINE] separation=1000.00m, fov=2.40°, spacing=27.93m (~36 strips/1km)
[SWEEP][AREA-DB] missionID=900000001 widthRef=261.76m dbWidth=264.87m fov=11.70 sep=249.00
[SWEEP][AREA] separation=249.00m, fov=11.70°, spacing=34.02m (~29 strips/1km)
[SWEEP][LINE] separation=1000.00m, fov=2.40°, spacing=27.93m (~36 strips/1km)
[INFO] FlightPath build mode (variant=2): 0303=aircraft_parallel workers=2 aircraft=3, 0304=sequential
[REPLAN][METRIC] flightpath_build_0303 variant=2 option=4 recon=1 mode=sequential buildMode=aircraft_parallel workers=2 aircraft=3 paths=4 reassignedWaypoints=10 elapsed_ms=4318.877 fallback=- worker_ms=4:241.600|5:141.424|6:71.218
[INFO] FlightPath build time: 0303=4318.9 ms, 0304=435.5 ms
[variant 2] current remaining collaborative hybrid applied: inputMissionID=7, aircraft=[5, 6], removedPaths=2, workflow=current_remaining:no_split
[TIME] pathID_mapping (variant=2, current_remaining): 86.6 ms
[INFO] pathID mapping done after current remaining hybrid merge (variant=2)
[INFO] Applied LAH-UAV ETA follow speed plan (variant=2)
[INFO] FlightPath pathID enforced (variant=2): 0303=6, 0304=6
[OK] FlightPath counts (variant=2): 0303=6 / 0304=6
[REPLAN][METRIC] flightpath_counts variant=2 option=4 recon=1 mode=sequential paths0303=6 paths0304=6 pathsTotal=12 waypoints0303=14 waypoints0304=12 waypointsTotal=26 maxWaypointsPerPath=3 emptyPaths=0 formationPaths=0
[TIME] build_0302 (variant=2): 50.6 ms, packages=6
[INFO] FlightPath individualMissionID synced (variant=2): fixed=12
[TIME] write_0302 (variant=2): 8.1 ms, files=6
[TIME] write_FlightPath (variant=2): 48.9 ms, files=12
[REPLAN][METRIC] flightpath_write variant=2 option=4 recon=1 mode=sequential files0303=6 files0304=6 filesTotal=12 write_ms=48.913
[TIME] write_0301 (variant=2): 1.2 ms
[OK] Stored variant 2: MissionPlanID=700000069, IMP=6, FlightPath=12
[REPLAN][TIME] variant_finished_ms=15026.0 wall_ms=1779339275129 variant=2 option=4 mode=sequential status=success duration_ms=7399.972
[TIME] variant_total (variant=2): 7400.0 ms
[INFO] Option mapping #2: planID=700000069, optionCode=4(정찰특화)
[variant 3] 일반 재계획 모드 적용
[REPLAN][TIME] variant_started_ms=15030.4 wall_ms=1779339275133 variant=3 option=5 mode=sequential
[STEP 1.3] Divide & Pattern start
[variant 3] [ENHANCED] VehicleStatus filter removed aircraft [4, 5, 6]
[variant 3] [ENHANCED][1] split start: uavs=[4, 5, 6]
[variant 3] [ENHANCED][1] split done: pieces=6
[variant 3] [ENHANCED][2] type-decider done: profile=6 changed=6/6
[variant 3] [ENHANCED][3] expected-path done: count=6
[variant 3] [ENHANCED][4] area-review done: overflow=0 targets=0 pieces=6->6
[variant 3] [ENHANCED][5] expected-velocity done: pieces=6 dbRows=7010
[variant 3] [ENHANCED][6] 0302 export done: files=6
[variant 3] [ENHANCED] total=557.6 ms
[TIME] divide_and_pattern (variant=3): 557.7 ms
[OK] IMP generated: 6 file(s) (variant=3)
[TIME] build_0301+load (variant=3): 13.8 ms
[OK] MissionPlan built: MissionPlan_1779339275691.json (variant=3)
[TIME] collect_missions (variant=3): 7.6 ms, count=12
[INFO] pathID mapping delayed until current remaining hybrid merge (variant=3)
[variant 3] [NEXTCOLLAB] division planner area-division pieces=3
[FOV_DB] loaded 7010 rows, 7008 unique widths, path=C:\Users\TRL98\Desktop\LAH_MUMT\branNew\KU\DSS_KU\resource\db\fov_db_탱크_72_38_6_3.2.csv
[variant 3] [NEXTCOLLAB] division planner final workflow=no_split paths=2
[variant 3] current remaining generic 0303 skipped: inputMissionID=7, missions=2, aircraft=[5, 6], pathIDs=[500000001, 600000001]
[SWEEP][LINE] separation=227.00m, fov=11.70°, spacing=31.01m (~32 strips/1km)
[SWEEP][AREA-DB] missionID=900000001 widthRef=264.49m dbWidth=264.87m fov=11.70 sep=249.00
[SWEEP][AREA] separation=249.00m, fov=11.70°, spacing=34.02m (~29 strips/1km)
[SWEEP][LINE] separation=227.00m, fov=11.70°, spacing=31.01m (~32 strips/1km)
[INFO] FlightPath build mode (variant=3): 0303=aircraft_parallel workers=2 aircraft=3, 0304=sequential
[REPLAN][METRIC] flightpath_build_0303 variant=3 option=5 recon=0 mode=sequential buildMode=aircraft_parallel workers=2 aircraft=3 paths=4 reassignedWaypoints=10 elapsed_ms=4243.220 fallback=- worker_ms=4:221.463|5:149.557|6:101.984
[INFO] FlightPath build time: 0303=4243.2 ms, 0304=420.0 ms
[variant 3] current remaining collaborative hybrid applied: inputMissionID=7, aircraft=[5, 6], removedPaths=2, workflow=current_remaining:no_split
[TIME] pathID_mapping (variant=3, current_remaining): 92.7 ms
[INFO] pathID mapping done after current remaining hybrid merge (variant=3)
[INFO] Applied LAH-UAV ETA follow speed plan (variant=3)
[INFO] FlightPath pathID enforced (variant=3): 0303=6, 0304=6
[OK] FlightPath counts (variant=3): 0303=6 / 0304=6
[REPLAN][METRIC] flightpath_counts variant=3 option=5 recon=0 mode=sequential paths0303=6 paths0304=6 pathsTotal=12 waypoints0303=14 waypoints0304=12 waypointsTotal=26 maxWaypointsPerPath=3 emptyPaths=0 formationPaths=0
[TIME] build_0302 (variant=3): 50.5 ms, packages=6
[INFO] FlightPath individualMissionID synced (variant=3): fixed=12
[TIME] write_0302 (variant=3): 7.9 ms, files=6
[TIME] write_FlightPath (variant=3): 56.4 ms, files=12
[REPLAN][METRIC] flightpath_write variant=3 option=5 recon=0 mode=sequential files0303=6 files0304=6 filesTotal=12 write_ms=56.360
[TIME] write_0301 (variant=3): 1.1 ms
[OK] Stored variant 3: MissionPlanID=700000070, IMP=6, FlightPath=12
[REPLAN][TIME] variant_finished_ms=22573.7 wall_ms=1779339282677 variant=3 option=5 mode=sequential status=success duration_ms=7543.269
[TIME] variant_total (variant=3): 7543.3 ms
[INFO] Option mapping #3: planID=700000070, optionCode=5(최소시간)
[OK] Stored mission data: MissionPlan=3, IndividualMission=18, FlightPath=36
[REPLAN][TIME] id_tab_update_deferred_ms=22577.2 wall_ms=1779339282680
[REPLAN][TIME] pipeline_done_ms=22577.2 wall_ms=1779339282680 plans=3 force_direct=False
[REPLAN][TIME] 0301_queued_ms=22577.3 wall_ms=1779339282680 plans=3
[STEP 4] 0301 push queued (planIds=700000068, 700000069, 700000070)
[0301] missionPlanID=700000068 전송
[0301] missionPlanID=700000069 전송
[0301] missionPlanID=700000070 전송
[PUSH] 0301 direct batch send
[REPLAN][TIME] 0301_sent_ms=22592.8 wall_ms=1779339282696 plans=3
[REPLAN][TIME] post_0301_delivery_queued_ms=22593.7 wall_ms=1779339282697 grace_ms=0 timeout_ms=20 force_direct=0 mode=option_or_0901
[INFO] Post-0301 apply queued (mode=option_or_0901, grace=0ms, timeout=20ms, plans=3)
[REPLAN][TIME] 0305_status_2_ms=22597.1 wall_ms=1779339282700 reason=무인기 1번 고장 재계획
[0305] status=2, reason=무인기 1번 고장 재계획, elapsed=22.49s 전송
[REPLAN][TIME] post_0301_completion_ready_ms=22598.6 wall_ms=1779339282702 mode=option_or_0901
[REPLAN][METRIC] source_artifact_cache entries=35 hits=33 misses=35
[INFO] Post-0301 ready (timeout) -> sending 0901
[REPLAN][TIME] post_0301_flushed_ms=22617.9 wall_ms=1779339282721 delivery=0901 trigger=timeout
[REPLAN][TIME] 0901_sent_ms=22620.8 wall_ms=1779339282724 options=3
[0901] option request sent (count=3, codes=6(정찰/시간 균형), 4(정찰특화), 5(최소시간))
[REPLAN][TIME] id_tab_update_flushed_ms=22622.8 wall_ms=1779339282726
[REPLAN][TIME] 0902_received_ms=0.3 wall_ms=1779339305456 trigger=general_3_option replanLevel=1 optionCount=3 forceDirect=0
[REPLAN][TIME] 0902_archived_ms=1.4 wall_ms=1779339305457 path=replan_request_832654459613.json
[AUTO] 0902 received (planIds=700000071, 700000072, 700000073)
[REPLAN][TIME] pipeline_scheduled_ms=2.7 wall_ms=1779339305458 delay_ms=100
[AUTO] replan pipeline scheduled after 0.1s delay
[REPLAN][TIME] scheduled_start_ms=108.3 wall_ms=1779339305564
[REPLAN][TIME] 0305_status_1_ms=111.0 wall_ms=1779339305566 reason=무인기 2번 고장 재계획
[0305] status=1, reason=무인기 2번 고장 재계획 전송
[INFO] Using latest 0203 ID 1 for missionReferencePackageID (fallback)
[STEP 0] Replan pipeline start (reason=무인기 2번 고장 재계획)
[INFO] UAV params loaded (cruise=40.00, turn_step=15.0)
[INFO] Latest input snapshot → 0201:ID=5,ts=832654055195,src=-, 0203:ID=1,ts=832652848760,src=-
[STEP 0] Using latest 0201 ID 5 (5.json)
[STEP 0] Using latest 0203 ID 1 (1.json)
[CHECK] 0201/0203 필수 데이터 확인 시작
[OK] 0201 inputMissionList 확인됨 (count=7) → 진행
[OK] 0201 availableAircraftList 확인됨 (count=6) → 진행
[OK] 0201 inputMissionPackageType=1 확인
[OK] 0201 mainSensor=1 확인
[CHECK] 0201 기체 수=6 (UAV=3, LAH=3)
[CHECK] 0201 임무: total=7 missingID=0 missingDetail=0 missingShape=0 unknownType=0 typeZeroAuto=0 typeZeroInvalid=0 lineOnlyViolation=0 skippedSinglePoint=0
[OK] 0203 takeOverInfoList 확인됨 (count=3) → 진행
[OK] 0203 handOverInfoList 확인됨 (count=3) → 진행
[OK] 0203 flightAreaList 확인됨 (count=1) → 진행
[CHECK] 0203 flightAreaList count=1
[INFO] 임무 진행영역 스냅샷 적용: sourcePlan=700000067, updated=1, done=0
[INFO] 현재 임무 collaborative hybrid armed: inputMissionID=7, sourcePlan=700000067, mode=current_remaining, aircraft=[4, 5, 6], options=all
[INFO] Filtered completed input missions (removed=1, 2, 4, 5, 6, converted=-, widthAdjusted=-, skippedSinglePoint=-, snapshot=updated=1, done=0, collapse=-)
[REPLAN][TIME] parallel_safety_gate_ms=140.8 wall_ms=1779339305596 enabled=False workers=1 waypoint_block_size=50000 reasons=remaining_snapshot_mutated
[INFO] 일반 재계획 옵션 병렬 생성 비활성화(safety gate): remaining_snapshot_mutated
[variant 1] 일반 재계획 모드 적용
[REPLAN][TIME] variant_started_ms=143.2 wall_ms=1779339305599 variant=1 option=6 mode=sequential
[STEP 1.1] Divide & Pattern start
[variant 1] [ENHANCED] VehicleStatus filter removed aircraft [4, 5, 6]
[variant 1] [ENHANCED][1] split start: uavs=[4, 5, 6]
[variant 1] [ENHANCED][1] split done: pieces=6
[variant 1] [ENHANCED][2] type-decider done: profile=6 changed=6/6
[variant 1] [ENHANCED][3] expected-path done: count=6
[variant 1] [ENHANCED][4] area-review done: overflow=0 targets=0 pieces=6->6
[variant 1] [ENHANCED][5] expected-velocity done: pieces=6 dbRows=7010
[variant 1] [ENHANCED][6] 0302 export done: files=6
[variant 1] [ENHANCED] total=595.4 ms
[TIME] divide_and_pattern (variant=1): 595.7 ms
[OK] IMP generated: 6 file(s) (variant=1)
[TIME] build_0301+load (variant=1): 14.1 ms
[OK] MissionPlan built: MissionPlan_1779339306195.json (variant=1)
[TIME] collect_missions (variant=1): 6.8 ms, count=12
[INFO] pathID mapping delayed until current remaining hybrid merge (variant=1)
[variant 1] [NEXTCOLLAB] division planner area-division pieces=3
[FOV_DB] loaded 7010 rows, 7008 unique widths, path=C:\Users\TRL98\Desktop\LAH_MUMT\branNew\KU\DSS_KU\resource\db\fov_db_탱크_72_38_6_3.2.csv
[variant 1] [NEXTCOLLAB] division planner final workflow=no_split paths=2
[variant 1] current remaining generic 0303 skipped: inputMissionID=7, missions=2, aircraft=[5, 6], pathIDs=[500000001, 600000001]
[SWEEP][LINE] separation=227.00m, fov=11.70°, spacing=31.01m (~32 strips/1km)
[SWEEP][AREA-DB] missionID=900000001 widthRef=264.49m dbWidth=264.87m fov=11.70 sep=249.00
[SWEEP][AREA] separation=249.00m, fov=11.70°, spacing=34.02m (~29 strips/1km)
[SWEEP][LINE] separation=227.00m, fov=11.70°, spacing=31.01m (~32 strips/1km)
[INFO] FlightPath build mode (variant=1): 0303=aircraft_parallel workers=2 aircraft=3, 0304=sequential
[REPLAN][METRIC] flightpath_build_0303 variant=1 option=6 recon=0 mode=sequential buildMode=aircraft_parallel workers=2 aircraft=3 paths=4 reassignedWaypoints=10 elapsed_ms=4234.508 fallback=- worker_ms=4:189.797|5:125.536|6:83.010
[INFO] FlightPath build time: 0303=4234.5 ms, 0304=451.2 ms
[variant 1] current remaining collaborative hybrid applied: inputMissionID=7, aircraft=[5, 6], removedPaths=2, workflow=current_remaining:no_split
[TIME] pathID_mapping (variant=1, current_remaining): 97.5 ms
[INFO] pathID mapping done after current remaining hybrid merge (variant=1)
[INFO] Applied LAH-UAV ETA follow speed plan (variant=1)
[INFO] FlightPath pathID enforced (variant=1): 0303=6, 0304=6
[OK] FlightPath counts (variant=1): 0303=6 / 0304=6
[REPLAN][METRIC] flightpath_counts variant=1 option=6 recon=0 mode=sequential paths0303=6 paths0304=6 pathsTotal=12 waypoints0303=14 waypoints0304=12 waypointsTotal=26 maxWaypointsPerPath=3 emptyPaths=0 formationPaths=0
[TIME] build_0302 (variant=1): 44.1 ms, packages=6
[INFO] FlightPath individualMissionID synced (variant=1): fixed=12
[TIME] write_0302 (variant=1): 7.8 ms, files=6
[TIME] write_FlightPath (variant=1): 39.9 ms, files=12
[REPLAN][METRIC] flightpath_write variant=1 option=6 recon=0 mode=sequential files0303=6 files0304=6 filesTotal=12 write_ms=39.894
[TIME] write_0301 (variant=1): 1.4 ms
[OK] Stored variant 1: MissionPlanID=700000071, IMP=6, FlightPath=12
[REPLAN][TIME] variant_finished_ms=7678.7 wall_ms=1779339313134 variant=1 option=6 mode=sequential status=success duration_ms=7535.571
[TIME] variant_total (variant=1): 7535.6 ms
[INFO] Option mapping #1: planID=700000071, optionCode=6(정찰/시간 균형)
[variant 2] 정찰특화 전용 runtime 적용 (areaWidth=600.0m, areaFov=2.4deg, areaSep=1000.0m, turnR=800.0m, splitCap=0, minSeg=0.0m)
[REPLAN][TIME] variant_started_ms=7683.6 wall_ms=1779339313139 variant=2 option=4 mode=sequential
[STEP 1.2] Divide & Pattern start
[variant 2] [ENHANCED] VehicleStatus filter removed aircraft [4, 5, 6]
[variant 2] [ENHANCED][1] split start: uavs=[4, 5, 6]
[variant 2] [ENHANCED][1] split done: pieces=6
[variant 2] [REPLAN][METRIC] recon_area_review_before option=4 pieces=6 areaPieces=3 maxSegmentM=600.000 maxSplitCountLimit=0 minSegmentM=0.000 fixedFovDeg=2.400 areaFovDeg=2.400 sweepSeparationM=1000.000 sweepSeparationScale=1.000 turnRadiusM=800.000
[variant 2] [REPLAN][METRIC] recon_area_review option=4 elapsed_ms=2.222 maxSegmentM=600.000 maxSplitCountLimit=0 minSegmentM=0.000 pieces_before=6 pieces_after=6 area_before=3 area_after=3 targets=3 localized=3 changed_details=0 detail_count=3 split_count_sum=3 raw_split_count_sum=3 max_split_count=1 max_raw_split_count=1 split_capped_count=0 max_projected_span_m=108.019 max_total_len_m=0.000 max_segment_len_m=0.000 fixedFovDeg=2.400 areaFovDeg=2.400 sweepSeparationM=1000.000 sweepSeparationScale=1.000 turnRadiusM=800.000 reasons=-
[variant 2] [ENHANCED][1R] recon-area-review done: targets=3 localized=3 pieces=6->6
[variant 2] [ENHANCED][2] type-decider done: profile=6 changed=6/6
[variant 2] [ENHANCED][3] expected-path done: count=6
[variant 2] [ENHANCED][4] area-review done: overflow=0 targets=0 pieces=6->6
[variant 2] [ENHANCED][5] expected-velocity done: pieces=6 dbRows=7010
[variant 2] [ENHANCED][6] 0302 export done: files=6
[variant 2] [ENHANCED] total=402.0 ms
[TIME] divide_and_pattern (variant=2): 402.1 ms
[OK] IMP generated: 6 file(s) (variant=2)
[TIME] build_0301+load (variant=2): 14.5 ms
[OK] MissionPlan built: MissionPlan_1779339313541.json (variant=2)
[TIME] collect_missions (variant=2): 7.0 ms, count=12
[INFO] pathID mapping delayed until current remaining hybrid merge (variant=2)
[variant 2] [NEXTCOLLAB] division planner area-division pieces=3
[FOV_DB] loaded 7010 rows, 7008 unique widths, path=C:\Users\TRL98\Desktop\LAH_MUMT\branNew\KU\DSS_KU\resource\db\fov_db_탱크_72_38_6_3.2.csv
[variant 2] [NEXTCOLLAB] division planner final workflow=no_split paths=2
[variant 2] current remaining generic 0303 skipped: inputMissionID=7, missions=2, aircraft=[5, 6], pathIDs=[500000001, 600000001]
[SWEEP][LINE] separation=1000.00m, fov=2.40°, spacing=27.93m (~36 strips/1km)
[SWEEP][AREA-DB] missionID=900000001 widthRef=261.76m dbWidth=264.87m fov=11.70 sep=249.00
[SWEEP][AREA] separation=249.00m, fov=11.70°, spacing=34.02m (~29 strips/1km)
[SWEEP][LINE] separation=1000.00m, fov=2.40°, spacing=27.93m (~36 strips/1km)
[INFO] FlightPath build mode (variant=2): 0303=aircraft_parallel workers=2 aircraft=3, 0304=sequential
[REPLAN][METRIC] flightpath_build_0303 variant=2 option=4 recon=1 mode=sequential buildMode=aircraft_parallel workers=2 aircraft=3 paths=4 reassignedWaypoints=10 elapsed_ms=4455.880 fallback=- worker_ms=4:198.176|5:146.344|6:93.668
[INFO] FlightPath build time: 0303=4455.9 ms, 0304=469.6 ms
[variant 2] current remaining collaborative hybrid applied: inputMissionID=7, aircraft=[5, 6], removedPaths=2, workflow=current_remaining:no_split
[TIME] pathID_mapping (variant=2, current_remaining): 98.1 ms
[INFO] pathID mapping done after current remaining hybrid merge (variant=2)
[INFO] Applied LAH-UAV ETA follow speed plan (variant=2)
[INFO] FlightPath pathID enforced (variant=2): 0303=6, 0304=6
[OK] FlightPath counts (variant=2): 0303=6 / 0304=6
[REPLAN][METRIC] flightpath_counts variant=2 option=4 recon=1 mode=sequential paths0303=6 paths0304=6 pathsTotal=12 waypoints0303=14 waypoints0304=12 waypointsTotal=26 maxWaypointsPerPath=3 emptyPaths=0 formationPaths=0
[TIME] build_0302 (variant=2): 41.6 ms, packages=6
[INFO] FlightPath individualMissionID synced (variant=2): fixed=12
[TIME] write_0302 (variant=2): 7.8 ms, files=6
[TIME] write_FlightPath (variant=2): 53.2 ms, files=12
[REPLAN][METRIC] flightpath_write variant=2 option=4 recon=1 mode=sequential files0303=6 files0304=6 filesTotal=12 write_ms=53.169
[TIME] write_0301 (variant=2): 2.3 ms
[OK] Stored variant 2: MissionPlanID=700000072, IMP=6, FlightPath=12
[REPLAN][TIME] variant_finished_ms=15298.5 wall_ms=1779339320754 variant=2 option=4 mode=sequential status=success duration_ms=7614.852
[TIME] variant_total (variant=2): 7614.9 ms
[INFO] Option mapping #2: planID=700000072, optionCode=4(정찰특화)
[variant 3] 일반 재계획 모드 적용
[REPLAN][TIME] variant_started_ms=15302.2 wall_ms=1779339320758 variant=3 option=5 mode=sequential
[STEP 1.3] Divide & Pattern start
[variant 3] [ENHANCED] VehicleStatus filter removed aircraft [4, 5, 6]
[variant 3] [ENHANCED][1] split start: uavs=[4, 5, 6]
[variant 3] [ENHANCED][1] split done: pieces=6
[variant 3] [ENHANCED][2] type-decider done: profile=6 changed=6/6
[variant 3] [ENHANCED][3] expected-path done: count=6
[variant 3] [ENHANCED][4] area-review done: overflow=0 targets=0 pieces=6->6
[variant 3] [ENHANCED][5] expected-velocity done: pieces=6 dbRows=7010
[variant 3] [ENHANCED][6] 0302 export done: files=6
[variant 3] [ENHANCED] total=552.4 ms
[TIME] divide_and_pattern (variant=3): 552.5 ms
[OK] IMP generated: 6 file(s) (variant=3)
[TIME] build_0301+load (variant=3): 14.9 ms
[OK] MissionPlan built: MissionPlan_1779339321310.json (variant=3)
[TIME] collect_missions (variant=3): 10.5 ms, count=12
[INFO] pathID mapping delayed until current remaining hybrid merge (variant=3)
[variant 3] [NEXTCOLLAB] division planner area-division pieces=3
[FOV_DB] loaded 7010 rows, 7008 unique widths, path=C:\Users\TRL98\Desktop\LAH_MUMT\branNew\KU\DSS_KU\resource\db\fov_db_탱크_72_38_6_3.2.csv
[variant 3] [NEXTCOLLAB] division planner final workflow=no_split paths=2
[variant 3] current remaining generic 0303 skipped: inputMissionID=7, missions=2, aircraft=[5, 6], pathIDs=[500000001, 600000001]
[SWEEP][LINE] separation=227.00m, fov=11.70°, spacing=31.01m (~32 strips/1km)
[SWEEP][AREA-DB] missionID=900000001 widthRef=264.49m dbWidth=264.87m fov=11.70 sep=249.00
[SWEEP][AREA] separation=249.00m, fov=11.70°, spacing=34.02m (~29 strips/1km)
[SWEEP][LINE] separation=227.00m, fov=11.70°, spacing=31.01m (~32 strips/1km)
[INFO] FlightPath build mode (variant=3): 0303=aircraft_parallel workers=2 aircraft=3, 0304=sequential
[REPLAN][METRIC] flightpath_build_0303 variant=3 option=5 recon=0 mode=sequential buildMode=aircraft_parallel workers=2 aircraft=3 paths=4 reassignedWaypoints=10 elapsed_ms=4505.165 fallback=- worker_ms=4:208.657|5:168.099|6:80.819
[INFO] FlightPath build time: 0303=4505.2 ms, 0304=449.8 ms
[variant 3] current remaining collaborative hybrid applied: inputMissionID=7, aircraft=[5, 6], removedPaths=2, workflow=current_remaining:no_split
[TIME] pathID_mapping (variant=3, current_remaining): 86.7 ms
[INFO] pathID mapping done after current remaining hybrid merge (variant=3)
[INFO] Applied LAH-UAV ETA follow speed plan (variant=3)
[INFO] FlightPath pathID enforced (variant=3): 0303=6, 0304=6
[OK] FlightPath counts (variant=3): 0303=6 / 0304=6
[REPLAN][METRIC] flightpath_counts variant=3 option=5 recon=0 mode=sequential paths0303=6 paths0304=6 pathsTotal=12 waypoints0303=14 waypoints0304=12 waypointsTotal=26 maxWaypointsPerPath=3 emptyPaths=0 formationPaths=0
[TIME] build_0302 (variant=3): 44.4 ms, packages=6
[INFO] FlightPath individualMissionID synced (variant=3): fixed=12
[TIME] write_0302 (variant=3): 7.9 ms, files=6
[TIME] write_FlightPath (variant=3): 48.9 ms, files=12
[REPLAN][METRIC] flightpath_write variant=3 option=5 recon=0 mode=sequential files0303=6 files0304=6 filesTotal=12 write_ms=48.879
[TIME] write_0301 (variant=3): 1.3 ms
[OK] Stored variant 3: MissionPlanID=700000073, IMP=6, FlightPath=12
[REPLAN][TIME] variant_finished_ms=23136.6 wall_ms=1779339328592 variant=3 option=5 mode=sequential status=success duration_ms=7834.357
[TIME] variant_total (variant=3): 7834.4 ms
[INFO] Option mapping #3: planID=700000073, optionCode=5(최소시간)
[OK] Stored mission data: MissionPlan=3, IndividualMission=18, FlightPath=36
[REPLAN][TIME] id_tab_update_deferred_ms=23140.9 wall_ms=1779339328596
[REPLAN][TIME] pipeline_done_ms=23141.1 wall_ms=1779339328596 plans=3 force_direct=False
[REPLAN][TIME] 0301_queued_ms=23141.1 wall_ms=1779339328596 plans=3
[STEP 4] 0301 push queued (planIds=700000071, 700000072, 700000073)
[0301] missionPlanID=700000071 전송
[0301] missionPlanID=700000072 전송
[0301] missionPlanID=700000073 전송
[PUSH] 0301 direct batch send
[REPLAN][TIME] 0301_sent_ms=23157.8 wall_ms=1779339328613 plans=3
[REPLAN][TIME] post_0301_delivery_queued_ms=23158.6 wall_ms=1779339328614 grace_ms=0 timeout_ms=20 force_direct=0 mode=option_or_0901
[INFO] Post-0301 apply queued (mode=option_or_0901, grace=0ms, timeout=20ms, plans=3)
[REPLAN][TIME] 0305_status_2_ms=23162.2 wall_ms=1779339328617 reason=무인기 2번 고장 재계획
[0305] status=2, reason=무인기 2번 고장 재계획, elapsed=23.05s 전송
[REPLAN][TIME] post_0301_completion_ready_ms=23165.0 wall_ms=1779339328620 mode=option_or_0901
[REPLAN][METRIC] source_artifact_cache entries=35 hits=33 misses=35
[INFO] Post-0301 ready (timeout) -> sending 0901
[REPLAN][TIME] post_0301_flushed_ms=23201.6 wall_ms=1779339328657 delivery=0901 trigger=timeout
[REPLAN][TIME] 0901_sent_ms=23203.8 wall_ms=1779339328659 options=3
[0901] option request sent (count=3, codes=6(정찰/시간 균형), 4(정찰특화), 5(최소시간))
[REPLAN][TIME] id_tab_update_flushed_ms=23205.5 wall_ms=1779339328661
[REPLAN][TIME] 0902_received_ms=0.2 wall_ms=1779339350956 trigger=general_3_option replanLevel=1 optionCount=3 forceDirect=0
[REPLAN][TIME] 0902_archived_ms=1.4 wall_ms=1779339350957 path=replan_request_832654459613.json
[AUTO] 0902 received (planIds=700000074, 700000075, 700000076)
[REPLAN][TIME] pipeline_scheduled_ms=2.7 wall_ms=1779339350958 delay_ms=100
[AUTO] replan pipeline scheduled after 0.1s delay
[REPLAN][TIME] scheduled_start_ms=114.5 wall_ms=1779339351070
[REPLAN][TIME] 0305_status_1_ms=117.9 wall_ms=1779339351073 reason=무인기 3번 고장 재계획
[0305] status=1, reason=무인기 3번 고장 재계획 전송
[INFO] Using latest 0203 ID 1 for missionReferencePackageID (fallback)
[STEP 0] Replan pipeline start (reason=무인기 3번 고장 재계획)
[INFO] UAV params loaded (cruise=40.00, turn_step=15.0)
[INFO] Latest input snapshot → 0201:ID=5,ts=832654055195,src=-, 0203:ID=1,ts=832652848760,src=-
[STEP 0] Using latest 0201 ID 5 (5.json)
[STEP 0] Using latest 0203 ID 1 (1.json)
[CHECK] 0201/0203 필수 데이터 확인 시작
[OK] 0201 inputMissionList 확인됨 (count=7) → 진행
[OK] 0201 availableAircraftList 확인됨 (count=6) → 진행
[OK] 0201 inputMissionPackageType=1 확인
[OK] 0201 mainSensor=1 확인
[CHECK] 0201 기체 수=6 (UAV=3, LAH=3)
[CHECK] 0201 임무: total=7 missingID=0 missingDetail=0 missingShape=0 unknownType=0 typeZeroAuto=0 typeZeroInvalid=0 lineOnlyViolation=0 skippedSinglePoint=0
[OK] 0203 takeOverInfoList 확인됨 (count=3) → 진행
[OK] 0203 handOverInfoList 확인됨 (count=3) → 진행
[OK] 0203 flightAreaList 확인됨 (count=1) → 진행
[CHECK] 0203 flightAreaList count=1
[INFO] 임무 진행영역 스냅샷 적용: sourcePlan=700000067, updated=1, done=0
[INFO] 현재 임무 collaborative hybrid armed: inputMissionID=7, sourcePlan=700000067, mode=current_remaining, aircraft=[4, 5, 6], options=all
[INFO] Filtered completed input missions (removed=1, 2, 4, 5, 6, converted=-, widthAdjusted=-, skippedSinglePoint=-, snapshot=updated=1, done=0, collapse=-)
[REPLAN][TIME] parallel_safety_gate_ms=152.3 wall_ms=1779339351108 enabled=False workers=1 waypoint_block_size=50000 reasons=remaining_snapshot_mutated
[INFO] 일반 재계획 옵션 병렬 생성 비활성화(safety gate): remaining_snapshot_mutated
[variant 1] 일반 재계획 모드 적용
[REPLAN][TIME] variant_started_ms=154.6 wall_ms=1779339351110 variant=1 option=6 mode=sequential
[STEP 1.1] Divide & Pattern start
[variant 1] [ENHANCED] VehicleStatus filter removed aircraft [4, 5, 6]
[variant 1] [ENHANCED][1] split start: uavs=[4, 5, 6]
[variant 1] [ENHANCED][1] split done: pieces=6
[variant 1] [ENHANCED][2] type-decider done: profile=6 changed=6/6
[variant 1] [ENHANCED][3] expected-path done: count=6
[variant 1] [ENHANCED][4] area-review done: overflow=0 targets=0 pieces=6->6
[variant 1] [ENHANCED][5] expected-velocity done: pieces=6 dbRows=7010
[variant 1] [ENHANCED][6] 0302 export done: files=6
[variant 1] [ENHANCED] total=565.4 ms
[TIME] divide_and_pattern (variant=1): 565.6 ms
[OK] IMP generated: 6 file(s) (variant=1)
[TIME] build_0301+load (variant=1): 13.8 ms
[OK] MissionPlan built: MissionPlan_1779339351676.json (variant=1)
[TIME] collect_missions (variant=1): 8.4 ms, count=12
[INFO] pathID mapping delayed until current remaining hybrid merge (variant=1)
[variant 1] [NEXTCOLLAB] division planner area-division pieces=3
[FOV_DB] loaded 7010 rows, 7008 unique widths, path=C:\Users\TRL98\Desktop\LAH_MUMT\branNew\KU\DSS_KU\resource\db\fov_db_탱크_72_38_6_3.2.csv
[variant 1] [NEXTCOLLAB] division planner final workflow=no_split paths=2
[variant 1] current remaining generic 0303 skipped: inputMissionID=7, missions=2, aircraft=[5, 6], pathIDs=[500000001, 600000001]
[SWEEP][LINE] separation=227.00m, fov=11.70°, spacing=31.01m (~32 strips/1km)
[SWEEP][AREA-DB] missionID=900000001 widthRef=264.49m dbWidth=264.87m fov=11.70 sep=249.00
[SWEEP][AREA] separation=249.00m, fov=11.70°, spacing=34.02m (~29 strips/1km)
[SWEEP][LINE] separation=227.00m, fov=11.70°, spacing=31.01m (~32 strips/1km)
[INFO] FlightPath build mode (variant=1): 0303=aircraft_parallel workers=2 aircraft=3, 0304=sequential
[REPLAN][METRIC] flightpath_build_0303 variant=1 option=6 recon=0 mode=sequential buildMode=aircraft_parallel workers=2 aircraft=3 paths=4 reassignedWaypoints=10 elapsed_ms=4420.868 fallback=- worker_ms=4:201.318|5:121.278|6:97.577
[INFO] FlightPath build time: 0303=4420.9 ms, 0304=438.6 ms
[variant 1] current remaining collaborative hybrid applied: inputMissionID=7, aircraft=[5, 6], removedPaths=2, workflow=current_remaining:no_split
[TIME] pathID_mapping (variant=1, current_remaining): 86.9 ms
[INFO] pathID mapping done after current remaining hybrid merge (variant=1)
[INFO] Applied LAH-UAV ETA follow speed plan (variant=1)
[INFO] FlightPath pathID enforced (variant=1): 0303=6, 0304=6
[OK] FlightPath counts (variant=1): 0303=6 / 0304=6
[REPLAN][METRIC] flightpath_counts variant=1 option=6 recon=0 mode=sequential paths0303=6 paths0304=6 pathsTotal=12 waypoints0303=14 waypoints0304=12 waypointsTotal=26 maxWaypointsPerPath=3 emptyPaths=0 formationPaths=0
[TIME] build_0302 (variant=1): 45.7 ms, packages=6
[INFO] FlightPath individualMissionID synced (variant=1): fixed=12
[TIME] write_0302 (variant=1): 8.1 ms, files=6
[TIME] write_FlightPath (variant=1): 46.0 ms, files=12
[REPLAN][METRIC] flightpath_write variant=1 option=6 recon=0 mode=sequential files0303=6 files0304=6 filesTotal=12 write_ms=45.984
[TIME] write_0301 (variant=1): 2.5 ms
[OK] Stored variant 1: MissionPlanID=700000074, IMP=6, FlightPath=12
[REPLAN][TIME] variant_finished_ms=7934.4 wall_ms=1779339358890 variant=1 option=6 mode=sequential status=success duration_ms=7779.765
[TIME] variant_total (variant=1): 7779.8 ms
[INFO] Option mapping #1: planID=700000074, optionCode=6(정찰/시간 균형)
[variant 2] 정찰특화 전용 runtime 적용 (areaWidth=600.0m, areaFov=2.4deg, areaSep=1000.0m, turnR=800.0m, splitCap=0, minSeg=0.0m)
[REPLAN][TIME] variant_started_ms=7938.7 wall_ms=1779339358894 variant=2 option=4 mode=sequential
[STEP 1.2] Divide & Pattern start
[variant 2] [ENHANCED] VehicleStatus filter removed aircraft [4, 5, 6]
[variant 2] [ENHANCED][1] split start: uavs=[4, 5, 6]
[variant 2] [ENHANCED][1] split done: pieces=6
[variant 2] [REPLAN][METRIC] recon_area_review_before option=4 pieces=6 areaPieces=3 maxSegmentM=600.000 maxSplitCountLimit=0 minSegmentM=0.000 fixedFovDeg=2.400 areaFovDeg=2.400 sweepSeparationM=1000.000 sweepSeparationScale=1.000 turnRadiusM=800.000
[variant 2] [REPLAN][METRIC] recon_area_review option=4 elapsed_ms=2.114 maxSegmentM=600.000 maxSplitCountLimit=0 minSegmentM=0.000 pieces_before=6 pieces_after=6 area_before=3 area_after=3 targets=3 localized=3 changed_details=0 detail_count=3 split_count_sum=3 raw_split_count_sum=3 max_split_count=1 max_raw_split_count=1 split_capped_count=0 max_projected_span_m=108.019 max_total_len_m=0.000 max_segment_len_m=0.000 fixedFovDeg=2.400 areaFovDeg=2.400 sweepSeparationM=1000.000 sweepSeparationScale=1.000 turnRadiusM=800.000 reasons=-
[variant 2] [ENHANCED][1R] recon-area-review done: targets=3 localized=3 pieces=6->6
[variant 2] [ENHANCED][2] type-decider done: profile=6 changed=6/6
[variant 2] [ENHANCED][3] expected-path done: count=6
[variant 2] [ENHANCED][4] area-review done: overflow=0 targets=0 pieces=6->6
[variant 2] [ENHANCED][5] expected-velocity done: pieces=6 dbRows=7010
[variant 2] [ENHANCED][6] 0302 export done: files=6
[variant 2] [ENHANCED] total=402.0 ms
[TIME] divide_and_pattern (variant=2): 402.2 ms
[OK] IMP generated: 6 file(s) (variant=2)
[TIME] build_0301+load (variant=2): 14.3 ms
[OK] MissionPlan built: MissionPlan_1779339359296.json (variant=2)
[TIME] collect_missions (variant=2): 6.5 ms, count=12
[INFO] pathID mapping delayed until current remaining hybrid merge (variant=2)
[variant 2] [NEXTCOLLAB] division planner area-division pieces=3
[FOV_DB] loaded 7010 rows, 7008 unique widths, path=C:\Users\TRL98\Desktop\LAH_MUMT\branNew\KU\DSS_KU\resource\db\fov_db_탱크_72_38_6_3.2.csv
[variant 2] [NEXTCOLLAB] division planner final workflow=no_split paths=2
[variant 2] current remaining generic 0303 skipped: inputMissionID=7, missions=2, aircraft=[5, 6], pathIDs=[500000001, 600000001]
[SWEEP][LINE] separation=1000.00m, fov=2.40°, spacing=27.93m (~36 strips/1km)
[SWEEP][AREA-DB] missionID=900000001 widthRef=261.76m dbWidth=264.87m fov=11.70 sep=249.00
[SWEEP][AREA] separation=249.00m, fov=11.70°, spacing=34.02m (~29 strips/1km)
[SWEEP][LINE] separation=1000.00m, fov=2.40°, spacing=27.93m (~36 strips/1km)
[INFO] FlightPath build mode (variant=2): 0303=aircraft_parallel workers=2 aircraft=3, 0304=sequential
[REPLAN][METRIC] flightpath_build_0303 variant=2 option=4 recon=1 mode=sequential buildMode=aircraft_parallel workers=2 aircraft=3 paths=4 reassignedWaypoints=10 elapsed_ms=4593.449 fallback=- worker_ms=4:210.598|5:146.898|6:93.439
[INFO] FlightPath build time: 0303=4593.4 ms, 0304=458.3 ms
[variant 2] current remaining collaborative hybrid applied: inputMissionID=7, aircraft=[5, 6], removedPaths=2, workflow=current_remaining:no_split
[TIME] pathID_mapping (variant=2, current_remaining): 88.9 ms
[INFO] pathID mapping done after current remaining hybrid merge (variant=2)
[INFO] Applied LAH-UAV ETA follow speed plan (variant=2)
[INFO] FlightPath pathID enforced (variant=2): 0303=6, 0304=6
[OK] FlightPath counts (variant=2): 0303=6 / 0304=6
[REPLAN][METRIC] flightpath_counts variant=2 option=4 recon=1 mode=sequential paths0303=6 paths0304=6 pathsTotal=12 waypoints0303=14 waypoints0304=12 waypointsTotal=26 maxWaypointsPerPath=3 emptyPaths=0 formationPaths=0
[TIME] build_0302 (variant=2): 42.4 ms, packages=6
[INFO] FlightPath individualMissionID synced (variant=2): fixed=12
[TIME] write_0302 (variant=2): 9.4 ms, files=6
[TIME] write_FlightPath (variant=2): 51.7 ms, files=12
[REPLAN][METRIC] flightpath_write variant=2 option=4 recon=1 mode=sequential files0303=6 files0304=6 filesTotal=12 write_ms=51.691
[TIME] write_0301 (variant=2): 1.3 ms
[OK] Stored variant 2: MissionPlanID=700000075, IMP=6, FlightPath=12
[REPLAN][TIME] variant_finished_ms=15842.1 wall_ms=1779339366797 variant=2 option=4 mode=sequential status=success duration_ms=7903.429
[TIME] variant_total (variant=2): 7903.4 ms
[INFO] Option mapping #2: planID=700000075, optionCode=4(정찰특화)
[variant 3] 일반 재계획 모드 적용
[REPLAN][TIME] variant_started_ms=15846.6 wall_ms=1779339366802 variant=3 option=5 mode=sequential
[STEP 1.3] Divide & Pattern start
[variant 3] [ENHANCED] VehicleStatus filter removed aircraft [4, 5, 6]
[variant 3] [ENHANCED][1] split start: uavs=[4, 5, 6]
[variant 3] [ENHANCED][1] split done: pieces=6
[variant 3] [ENHANCED][2] type-decider done: profile=6 changed=6/6
[variant 3] [ENHANCED][3] expected-path done: count=6
[variant 3] [ENHANCED][4] area-review done: overflow=0 targets=0 pieces=6->6
[variant 3] [ENHANCED][5] expected-velocity done: pieces=6 dbRows=7010
[variant 3] [ENHANCED][6] 0302 export done: files=6
[variant 3] [ENHANCED] total=587.4 ms
[TIME] divide_and_pattern (variant=3): 587.6 ms
[OK] IMP generated: 6 file(s) (variant=3)
[TIME] build_0301+load (variant=3): 13.5 ms
[OK] MissionPlan built: MissionPlan_1779339367390.json (variant=3)
[TIME] collect_missions (variant=3): 6.4 ms, count=12
[INFO] pathID mapping delayed until current remaining hybrid merge (variant=3)
[variant 3] [NEXTCOLLAB] division planner area-division pieces=3
[FOV_DB] loaded 7010 rows, 7008 unique widths, path=C:\Users\TRL98\Desktop\LAH_MUMT\branNew\KU\DSS_KU\resource\db\fov_db_탱크_72_38_6_3.2.csv
[variant 3] [NEXTCOLLAB] division planner final workflow=no_split paths=2
[variant 3] current remaining generic 0303 skipped: inputMissionID=7, missions=2, aircraft=[5, 6], pathIDs=[500000001, 600000001]
[SWEEP][LINE] separation=227.00m, fov=11.70°, spacing=31.01m (~32 strips/1km)
[SWEEP][AREA-DB] missionID=900000001 widthRef=264.49m dbWidth=264.87m fov=11.70 sep=249.00
[SWEEP][AREA] separation=249.00m, fov=11.70°, spacing=34.02m (~29 strips/1km)
[SWEEP][LINE] separation=227.00m, fov=11.70°, spacing=31.01m (~32 strips/1km)
[INFO] FlightPath build mode (variant=3): 0303=aircraft_parallel workers=2 aircraft=3, 0304=sequential
[REPLAN][METRIC] flightpath_build_0303 variant=3 option=5 recon=0 mode=sequential buildMode=aircraft_parallel workers=2 aircraft=3 paths=4 reassignedWaypoints=10 elapsed_ms=4661.580 fallback=- worker_ms=4:205.068|5:132.740|6:89.351
[INFO] FlightPath build time: 0303=4661.6 ms, 0304=476.1 ms
[variant 3] current remaining collaborative hybrid applied: inputMissionID=7, aircraft=[5, 6], removedPaths=2, workflow=current_remaining:no_split
[TIME] pathID_mapping (variant=3, current_remaining): 84.9 ms
[INFO] pathID mapping done after current remaining hybrid merge (variant=3)
[INFO] Applied LAH-UAV ETA follow speed plan (variant=3)
[INFO] FlightPath pathID enforced (variant=3): 0303=6, 0304=6
[OK] FlightPath counts (variant=3): 0303=6 / 0304=6
[REPLAN][METRIC] flightpath_counts variant=3 option=5 recon=0 mode=sequential paths0303=6 paths0304=6 pathsTotal=12 waypoints0303=14 waypoints0304=12 waypointsTotal=26 maxWaypointsPerPath=3 emptyPaths=0 formationPaths=0
[TIME] build_0302 (variant=3): 47.9 ms, packages=6
[INFO] FlightPath individualMissionID synced (variant=3): fixed=12
[TIME] write_0302 (variant=3): 7.8 ms, files=6
[TIME] write_FlightPath (variant=3): 46.3 ms, files=12
[REPLAN][METRIC] flightpath_write variant=3 option=5 recon=0 mode=sequential files0303=6 files0304=6 filesTotal=12 write_ms=46.327
[TIME] write_0301 (variant=3): 1.2 ms
[OK] Stored variant 3: MissionPlanID=700000076, IMP=6, FlightPath=12
[REPLAN][TIME] variant_finished_ms=23933.0 wall_ms=1779339374888 variant=3 option=5 mode=sequential status=success duration_ms=8086.363
[TIME] variant_total (variant=3): 8086.4 ms
[INFO] Option mapping #3: planID=700000076, optionCode=5(최소시간)
[OK] Stored mission data: MissionPlan=3, IndividualMission=18, FlightPath=36
[REPLAN][TIME] id_tab_update_deferred_ms=23936.7 wall_ms=1779339374892
[REPLAN][TIME] pipeline_done_ms=23936.8 wall_ms=1779339374892 plans=3 force_direct=False
[REPLAN][TIME] 0301_queued_ms=23936.9 wall_ms=1779339374892 plans=3
[STEP 4] 0301 push queued (planIds=700000074, 700000075, 700000076)
[0301] missionPlanID=700000074 전송
[0301] missionPlanID=700000075 전송
[0301] missionPlanID=700000076 전송
[PUSH] 0301 direct batch send
[REPLAN][TIME] 0301_sent_ms=23952.0 wall_ms=1779339374907 plans=3
[REPLAN][TIME] post_0301_delivery_queued_ms=23952.6 wall_ms=1779339374908 grace_ms=0 timeout_ms=20 force_direct=0 mode=option_or_0901
[INFO] Post-0301 apply queued (mode=option_or_0901, grace=0ms, timeout=20ms, plans=3)
[REPLAN][TIME] 0305_status_2_ms=23955.7 wall_ms=1779339374911 reason=무인기 3번 고장 재계획
[0305] status=2, reason=무인기 3번 고장 재계획, elapsed=23.84s 전송
[REPLAN][TIME] post_0301_completion_ready_ms=23957.2 wall_ms=1779339374912 mode=option_or_0901
[REPLAN][METRIC] source_artifact_cache entries=35 hits=33 misses=35
[INFO] Post-0301 ready (timeout) -> sending 0901
[REPLAN][TIME] post_0301_flushed_ms=23996.7 wall_ms=1779339374952 delivery=0901 trigger=timeout
[REPLAN][TIME] 0901_sent_ms=23999.0 wall_ms=1779339374954 options=3
[0901] option request sent (count=3, codes=6(정찰/시간 균형), 4(정찰특화), 5(최소시간))
[REPLAN][TIME] id_tab_update_flushed_ms=24000.6 wall_ms=1779339374956

[2026-05-21 13:57:00] process-log attached: mission_planning
[LOG] Mission planning log started: C:\Users\TRL98\Desktop\LAH_MUMT\Logs\Scenario_2026-05-21T132543\SBC3\DSS_Internal\mission_planning_gui_20260521T045659_323135Z.log
[PATH] DB root -> C:\Users\TRL98\Desktop\LAH_MUMT\Logs\Scenario_2026-05-21T132543\SBC3
[CTRL] listener started @ 127.0.0.1:45981
[0101] 모드 수신 리스너 등록 완료
[0102] NodeMessenger 초기화 대기 중 ? 자동 송신 보류
[ERR] send_status_ok failed: Object reference not set to an instance of an object.
   at nFusion.Nodes.Core.NodeMessenger.Push[T](T data, String target)
   at System.RuntimeMethodHandle.InvokeMethod(Object target, Void** arguments, Signature sig, Boolean isConstructor)
   at System.Reflection.MethodBaseInvoker.InvokeDirectByRefWithFewArgs(Object obj, Span`1 copyOfArgs, BindingFlags invokeAttr)
[BUS] NodeMessenger 초기화 완료
Gym has been unmaintained since 2022 and does not support NumPy 2.0 amongst other critical functionality.
Please upgrade to Gymnasium, the maintained drop-in replacement of Gym, or contact the authors of your software and request that they upgrade.
Users of this version of Gym should be able to simply replace 'import gym' with 'import gymnasium as gym' in the vast majority of cases.
See the migration guide at https://gymnasium.farama.org/introduction/migration_guide/ for additional information.
[WARM] Mission planner runtime ready (algo_settings)
