
[2026-05-21 13:25:43] process-log attached: monitoring
[PATH] DB root -> C:\Users\TRL98\Desktop\LAH_MUMT\Logs\Scenario_2026-05-21T132543\SBC3
[0203] DB 참조! (C:\Users\TRL98\Desktop\LAH_MUMT\Logs\Scenario_2026-05-21T132543\SBC3\MissionReferenceInfo\1.json)
[0201] DB 참조! (C:\Users\TRL98\Desktop\LAH_MUMT\Logs\Scenario_2026-05-21T132543\SBC3\InputMissionPlan\1.json)
[REINPUT] skipped: mode=1 (need 3/4)
[STATUS] init availability seeded from InputMissionPlan: [1, 2, 3, 4, 5, 6]
[RQUEUE] dispatching #1 초기 재계획: 초기임무재계획
[0902] auto replan request queued (init plan mode)
[0902] replan request sent (level=1, reason=초기임무재계획, planIds=700000001)
[RQUEUE] active #1 초기 재계획: 초기임무재계획
[RQUEUE] signal 0305 -> #1 재계획 수행중
[RQUEUE] signal 0305 -> #1 재계획 산출 완료
[QUALITY] startup grace armed (missionPlanID=700000001, duration=10.0s)
[RQUEUE] completed #1 초기 재계획: 초기임무재계획 (수행임무 갱신, signal=0903, active_ms=4759)
[RealTimeInferrer] Loading/Reloading Mission Plan: C:\Users\TRL98\Desktop\LAH_MUMT\Logs\Scenario_2026-05-21T132543\SBC3\MissionPlan\700000001.json
Updated Mission Context: torch.Size([384])
[DL] realtime status -> WARMUP
[0401TRACE] slow phase=area_tab elapsed=0.178s seq=18
[0401TRACE] handler slow seq=18 elapsed=0.311s ts=832653109423 states=6
[0803] execute=1 aircraft 6: entry altitude sanitized 1259.0 -> 1994
[0803] execute=1 -> next collaborative mission replan prepared (currentInput=1, targetInput=2, strategy=turn_projection, aircraft=4,5,6, missionPlanID=700000002)
[RQUEUE] dispatching #2 다음 협업임무: _협업 기저 전환으로 인한 재계획
[0501] current rollback guarded: candidate=1 kept=2 plan=700000001
[0501] queued completion payload discarded: queuedInput=1 activeInput=2
[0902] replan request sent (level=3, reason=_협업 기저 전환으로 인한 재계획, planIds=700000002)
[RQUEUE] active #2 다음 협업임무: _협업 기저 전환으로 인한 재계획
[RQUEUE] signal 0305 -> #2 재계획 수행중
[0401TRACE] slow phase=area_tab elapsed=0.170s seq=26
[RQUEUE] signal 0305 -> #2 재계획 산출 완료
[QUALITY] startup grace armed (missionPlanID=700000002, duration=10.0s)
[RQUEUE] completed #2 다음 협업임무: _협업 기저 전환으로 인한 재계획 (수행임무 갱신, signal=0903, active_ms=3228)
[RealTimeInferrer] Loading/Reloading Mission Plan: C:\Users\TRL98\Desktop\LAH_MUMT\Logs\Scenario_2026-05-21T132543\SBC3\MissionPlan\700000002.json
Updated Mission Context: torch.Size([384])
[0401TRACE] slow phase=area_tab elapsed=0.165s seq=30
[0401TRACE] handler slow seq=30 elapsed=0.302s ts=832653115421 states=6
[DL] realtime status -> RUNNING
[0401TRACE] handler slow seq=103 elapsed=0.314s ts=832653134626 states=6
[0501] heartbeat failover send active
[0401TRACE] handler slow seq=104 elapsed=0.377s ts=832653135034 states=6
[0401TRACE] handler slow seq=105 elapsed=0.408s ts=832653135630 states=6
[0401TRACE] handler slow seq=106 elapsed=0.412s ts=832653136021 states=6
[0401TRACE] handler slow seq=634 elapsed=0.305s ts=832653272025 states=6
[0401TRACE] slow phase=area_tab elapsed=0.153s seq=678
[0401TRACE] slow phase=area_tab elapsed=0.152s seq=687
[0401TRACE] slow phase=area_tab elapsed=0.174s seq=696
[0401TRACE] handler slow seq=696 elapsed=0.323s ts=832653288621 states=6
[0401TRACE] slow phase=area_tab elapsed=0.178s seq=704
[0401TRACE] handler slow seq=704 elapsed=0.312s ts=832653290827 states=6
[CTRL] GUI window shown after 250 ms
[0401TRACE] slow phase=area_tab elapsed=0.195s seq=736
[0501] heartbeat failover send active
[0401TRACE] handler slow seq=736 elapsed=0.347s ts=832653300019 states=6
[0401TRACE] slow phase=area_tab elapsed=0.213s seq=742
[0401TRACE] handler slow seq=742 elapsed=0.364s ts=832653302025 states=6
[PATHDEV] monitoring trigger toggled -> OFF
[REPLANCFG] 현재값을 저장했습니다
[0402] new detections: 1
[0402] bundled target replan prepared: key=77-4, primaryTargetID=77, targets=[77]
[RQUEUE] queued #3 표적탐지: 표적77 발견 재계획
[CTRL] GUI close intercepted -> hidden; process remains running
[RQUEUE] dispatching #3 표적탐지: 표적77 발견 재계획
[0902] replan request sent (level=2, reason=표적77 발견 재계획, planIds=700000003, 700000004)
[RQUEUE] active #3 표적탐지: 표적77 발견 재계획
[RQUEUE] signal 0305 -> #3 재계획 수행중
[0402] new detections: 1
[0402] accumulated attack bundle prepared: count=2, targets=[77, 78]
[0402] bundled target replan prepared: key=78-6, primaryTargetID=78, targets=[77, 78]
[RQUEUE] queued #4 표적탐지: 표적78 등 2개 발견
[RQUEUE] suppress_options set on active #3 (targetID=77): 추가 표적 감지로 옵션 생략 예정
[RQUEUE] completed #3 표적탐지: 표적77 발견 재계획 (옵션 생략(표적 추가), signal=0001, active_ms=3749)
[RQUEUE] dispatching #4 표적탐지: 표적78 등 2개 발견
[RQUEUE] pending attack slot assignment cleared for suppressed planIDs=700000003
[0902] replan request sent (level=2, reason=표적78 등 2개 발견, planIds=700000005, 700000006)
[RQUEUE] active #4 표적탐지: 표적78 등 2개 발견
[RQUEUE] signal 0305 -> #4 재계획 수행중
[0402] new detections: 1
[0402] accumulated attack bundle prepared: count=3, targets=[77, 78, 79]
[0402] bundled target replan prepared: key=79-5, primaryTargetID=79, targets=[77, 78, 79]
[RQUEUE] queued #5 표적탐지: 표적79 등 3개 발견
[RQUEUE] suppress_options set on active #4 (targetID=78): 추가 표적 감지로 옵션 생략 예정
[RQUEUE] completed #4 표적탐지: 표적78 등 2개 발견 (옵션 생략(표적 추가), signal=0001, active_ms=3735)
[RQUEUE] dispatching #5 표적탐지: 표적79 등 3개 발견
[RQUEUE] pending attack slot assignment cleared for suppressed planIDs=700000005
[0902] replan request sent (level=2, reason=표적79 등 3개 발견, planIds=700000007, 700000008)
[RQUEUE] active #5 표적탐지: 표적79 등 3개 발견
[RQUEUE] signal 0305 -> #5 재계획 수행중
[RQUEUE] signal 0701 -> #5 옵션 정보 전송
[RQUEUE] signal 0305 -> #5 재계획 산출 완료
[0702] ignore=2 -> apply missionPlanID=700000008, source=DSC
[0702] 공격 배제 선택 -> target bundle isIgnored=1 반영 (count=3)
[QUALITY] startup grace armed (missionPlanID=700000008, duration=10.0s)
[RQUEUE] completed #5 표적탐지: 표적79 등 3개 발견 (결과 수신, signal=0702, active_ms=7504)
[0402-close] no active tracking assignment matched destroyed target (targetID=77, eventWatcher=4)
[0402-close] no active tracking assignment matched destroyed target (targetID=78, eventWatcher=6)
[0402-close] no active tracking assignment matched destroyed target (targetID=79, eventWatcher=5)
[RealTimeInferrer] Loading/Reloading Mission Plan: C:\Users\TRL98\Desktop\LAH_MUMT\Logs\Scenario_2026-05-21T132543\SBC3\MissionPlan\700000008.json
Updated Mission Context: torch.Size([384])
[0401] path-deviation trigger suppressed: within 3s after 0702 apply (remaining=2719ms)
[0501] heartbeat failover send active
[0402-close] no active tracking assignment matched destroyed target (targetID=77, eventWatcher=4)
[0402-close] no active tracking assignment matched destroyed target (targetID=78, eventWatcher=6)
[0402-close] no active tracking assignment matched destroyed target (targetID=79, eventWatcher=5)
[0402-close] no active tracking assignment matched destroyed target (targetID=77, eventWatcher=4)
[0402-close] no active tracking assignment matched destroyed target (targetID=78, eventWatcher=6)
[0402-close] no active tracking assignment matched destroyed target (targetID=79, eventWatcher=5)
[0402] new detections: 1
[0402] bundled target replan prepared: key=80-5, primaryTargetID=80, targets=[80]
[RQUEUE] queued #6 표적탐지: 표적80 발견 재계획
[0402-close] no active tracking assignment matched destroyed target (targetID=77, eventWatcher=4)
[0402-close] no active tracking assignment matched destroyed target (targetID=78, eventWatcher=6)
[0402-close] no active tracking assignment matched destroyed target (targetID=79, eventWatcher=5)
[RQUEUE] dispatching #6 표적탐지: 표적80 발견 재계획
[0902] replan request sent (level=2, reason=표적80 발견 재계획, planIds=700000009, 700000010)
[RQUEUE] active #6 표적탐지: 표적80 발견 재계획
[RQUEUE] bundle targets marked used: count=1
[0402-close] no active tracking assignment matched destroyed target (targetID=77, eventWatcher=4)
[0402-close] no active tracking assignment matched destroyed target (targetID=78, eventWatcher=6)
[0402-close] no active tracking assignment matched destroyed target (targetID=79, eventWatcher=5)
[RQUEUE] signal 0305 -> #6 재계획 수행중
[0402-close] no active tracking assignment matched destroyed target (targetID=77, eventWatcher=4)
[0402-close] no active tracking assignment matched destroyed target (targetID=78, eventWatcher=6)
[0402-close] no active tracking assignment matched destroyed target (targetID=79, eventWatcher=5)
[0402-close] no active tracking assignment matched destroyed target (targetID=77, eventWatcher=4)
[0402-close] no active tracking assignment matched destroyed target (targetID=78, eventWatcher=6)
[0402-close] no active tracking assignment matched destroyed target (targetID=79, eventWatcher=5)
[0402-close] no active tracking assignment matched destroyed target (targetID=77, eventWatcher=4)
[0402-close] no active tracking assignment matched destroyed target (targetID=78, eventWatcher=6)
[0402-close] no active tracking assignment matched destroyed target (targetID=79, eventWatcher=5)
[0402] new detections: 1
[0402] accumulated attack bundle prepared: count=2, targets=[80, 81]
[0402] bundled target replan prepared: key=81-4, primaryTargetID=81, targets=[80, 81]
[RQUEUE] queued #7 표적탐지: 표적81 등 2개 발견
[RQUEUE] suppress_options set on active #6 (targetID=80): 추가 표적 감지로 옵션 생략 예정
[0402-close] no active tracking assignment matched destroyed target (targetID=77, eventWatcher=4)
[0402-close] no active tracking assignment matched destroyed target (targetID=78, eventWatcher=6)
[0402-close] no active tracking assignment matched destroyed target (targetID=79, eventWatcher=5)
[0402-close] no active tracking assignment matched destroyed target (targetID=77, eventWatcher=4)
[0402-close] no active tracking assignment matched destroyed target (targetID=78, eventWatcher=6)
[0402-close] no active tracking assignment matched destroyed target (targetID=79, eventWatcher=5)
[RQUEUE] completed #6 표적탐지: 표적80 발견 재계획 (옵션 생략(표적 추가), signal=0001, active_ms=4008)
[RQUEUE] dispatching #7 표적탐지: 표적81 등 2개 발견
[RQUEUE] pending attack slot assignment cleared for suppressed planIDs=700000009
[0402-close] no active tracking assignment matched destroyed target (targetID=77, eventWatcher=4)
[0402-close] no active tracking assignment matched destroyed target (targetID=78, eventWatcher=6)
[0402-close] no active tracking assignment matched destroyed target (targetID=79, eventWatcher=5)
[0902] replan request sent (level=2, reason=표적81 등 2개 발견, planIds=700000011, 700000012)
[RQUEUE] active #7 표적탐지: 표적81 등 2개 발견
[RQUEUE] bundle targets marked used: count=2
[RQUEUE] signal 0305 -> #7 재계획 수행중
[0402-close] no active tracking assignment matched destroyed target (targetID=77, eventWatcher=4)
[0402-close] no active tracking assignment matched destroyed target (targetID=78, eventWatcher=6)
[0402-close] no active tracking assignment matched destroyed target (targetID=79, eventWatcher=5)
[0402-close] no active tracking assignment matched destroyed target (targetID=77, eventWatcher=4)
[0402-close] no active tracking assignment matched destroyed target (targetID=78, eventWatcher=6)
[0402-close] no active tracking assignment matched destroyed target (targetID=79, eventWatcher=5)
[0402-close] no active tracking assignment matched destroyed target (targetID=77, eventWatcher=4)
[0402-close] no active tracking assignment matched destroyed target (targetID=78, eventWatcher=6)
[0402-close] no active tracking assignment matched destroyed target (targetID=79, eventWatcher=5)
[0402-close] no active tracking assignment matched destroyed target (targetID=77, eventWatcher=4)
[0402-close] no active tracking assignment matched destroyed target (targetID=78, eventWatcher=6)
[0402-close] no active tracking assignment matched destroyed target (targetID=79, eventWatcher=5)
[0402-close] no active tracking assignment matched destroyed target (targetID=77, eventWatcher=4)
[0402-close] no active tracking assignment matched destroyed target (targetID=78, eventWatcher=6)
[0402-close] no active tracking assignment matched destroyed target (targetID=79, eventWatcher=5)
[0402-close] no active tracking assignment matched destroyed target (targetID=77, eventWatcher=4)
[0402-close] no active tracking assignment matched destroyed target (targetID=78, eventWatcher=6)
[0402-close] no active tracking assignment matched destroyed target (targetID=79, eventWatcher=5)
[0402-close] no active tracking assignment matched destroyed target (targetID=77, eventWatcher=4)
[0402-close] no active tracking assignment matched destroyed target (targetID=78, eventWatcher=6)
[0402-close] no active tracking assignment matched destroyed target (targetID=79, eventWatcher=5)
[RQUEUE] signal 0701 -> #7 옵션 정보 전송
[RQUEUE] signal 0305 -> #7 재계획 산출 완료
[0402-close] no active tracking assignment matched destroyed target (targetID=77, eventWatcher=4)
[0402-close] no active tracking assignment matched destroyed target (targetID=78, eventWatcher=6)
[0402-close] no active tracking assignment matched destroyed target (targetID=79, eventWatcher=5)
[0402-close] no active tracking assignment matched destroyed target (targetID=77, eventWatcher=4)
[0402-close] no active tracking assignment matched destroyed target (targetID=78, eventWatcher=6)
[0402-close] no active tracking assignment matched destroyed target (targetID=79, eventWatcher=5)
[0402-close] no active tracking assignment matched destroyed target (targetID=77, eventWatcher=4)
[0402-close] no active tracking assignment matched destroyed target (targetID=78, eventWatcher=6)
[0402-close] no active tracking assignment matched destroyed target (targetID=79, eventWatcher=5)
[0402-close] no active tracking assignment matched destroyed target (targetID=77, eventWatcher=4)
[0402-close] no active tracking assignment matched destroyed target (targetID=78, eventWatcher=6)
[0402-close] no active tracking assignment matched destroyed target (targetID=79, eventWatcher=5)
[0402-close] no active tracking assignment matched destroyed target (targetID=77, eventWatcher=4)
[0402-close] no active tracking assignment matched destroyed target (targetID=78, eventWatcher=6)
[0402-close] no active tracking assignment matched destroyed target (targetID=79, eventWatcher=5)
[0402-close] no active tracking assignment matched destroyed target (targetID=77, eventWatcher=4)
[0402-close] no active tracking assignment matched destroyed target (targetID=78, eventWatcher=6)
[0402-close] no active tracking assignment matched destroyed target (targetID=79, eventWatcher=5)
[0702] ignore=2 -> apply missionPlanID=700000012, source=DSC
[0702] 공격 배제 선택 -> target bundle isIgnored=1 반영 (count=2)
[QUALITY] startup grace armed (missionPlanID=700000012, duration=10.0s)
[RQUEUE] completed #7 표적탐지: 표적81 등 2개 발견 (결과 수신, signal=0702, active_ms=8293)
[0402-close] no active tracking assignment matched destroyed target (targetID=77, eventWatcher=4)
[0402-close] no active tracking assignment matched destroyed target (targetID=78, eventWatcher=6)
[0402-close] no active tracking assignment matched destroyed target (targetID=79, eventWatcher=5)
[0402-close] no active tracking assignment matched destroyed target (targetID=80, eventWatcher=5)
[0402-close] no active tracking assignment matched destroyed target (targetID=81, eventWatcher=4)
[RealTimeInferrer] Loading/Reloading Mission Plan: C:\Users\TRL98\Desktop\LAH_MUMT\Logs\Scenario_2026-05-21T132543\SBC3\MissionPlan\700000012.json
Updated Mission Context: torch.Size([384])
[0401] path-deviation trigger suppressed: within 3s after 0702 apply (remaining=2735ms)
[0501] heartbeat failover send active
[0402-close] no active tracking assignment matched destroyed target (targetID=77, eventWatcher=4)
[0402-close] no active tracking assignment matched destroyed target (targetID=78, eventWatcher=6)
[0402-close] no active tracking assignment matched destroyed target (targetID=79, eventWatcher=5)
[0402-close] no active tracking assignment matched destroyed target (targetID=80, eventWatcher=5)
[0402-close] no active tracking assignment matched destroyed target (targetID=81, eventWatcher=4)
[0402-close] no active tracking assignment matched destroyed target (targetID=77, eventWatcher=4)
[0402-close] no active tracking assignment matched destroyed target (targetID=78, eventWatcher=6)
[0402-close] no active tracking assignment matched destroyed target (targetID=79, eventWatcher=5)
[0402-close] no active tracking assignment matched destroyed target (targetID=80, eventWatcher=5)
[0402-close] no active tracking assignment matched destroyed target (targetID=81, eventWatcher=4)
[0402] new detections: 1
[0402] bundled target replan prepared: key=82-5, primaryTargetID=82, targets=[82]
[RQUEUE] queued #8 표적탐지: 표적82 발견 재계획
[RQUEUE] dispatching #8 표적탐지: 표적82 발견 재계획
[0902] replan request sent (level=2, reason=표적82 발견 재계획, planIds=700000013, 700000014)
[RQUEUE] active #8 표적탐지: 표적82 발견 재계획
[RQUEUE] bundle targets marked used: count=1
[0402-close] no active tracking assignment matched destroyed target (targetID=77, eventWatcher=4)
[0402-close] no active tracking assignment matched destroyed target (targetID=78, eventWatcher=6)
[0402-close] no active tracking assignment matched destroyed target (targetID=79, eventWatcher=5)
[0402-close] no active tracking assignment matched destroyed target (targetID=80, eventWatcher=5)
[0402-close] no active tracking assignment matched destroyed target (targetID=81, eventWatcher=4)
[RQUEUE] signal 0305 -> #8 재계획 수행중
[0402-close] no active tracking assignment matched destroyed target (targetID=77, eventWatcher=4)
[0402-close] no active tracking assignment matched destroyed target (targetID=78, eventWatcher=6)
[0402-close] no active tracking assignment matched destroyed target (targetID=79, eventWatcher=5)
[0402-close] no active tracking assignment matched destroyed target (targetID=80, eventWatcher=5)
[0402-close] no active tracking assignment matched destroyed target (targetID=81, eventWatcher=4)
[0402-close] no active tracking assignment matched destroyed target (targetID=77, eventWatcher=4)
[0402-close] no active tracking assignment matched destroyed target (targetID=78, eventWatcher=6)
[0402-close] no active tracking assignment matched destroyed target (targetID=79, eventWatcher=5)
[0402-close] no active tracking assignment matched destroyed target (targetID=80, eventWatcher=5)
[0402-close] no active tracking assignment matched destroyed target (targetID=81, eventWatcher=4)
[0402-close] no active tracking assignment matched destroyed target (targetID=77, eventWatcher=4)
[0402-close] no active tracking assignment matched destroyed target (targetID=78, eventWatcher=6)
[0402-close] no active tracking assignment matched destroyed target (targetID=79, eventWatcher=5)
[0402-close] no active tracking assignment matched destroyed target (targetID=80, eventWatcher=5)
[0402-close] no active tracking assignment matched destroyed target (targetID=81, eventWatcher=4)
[RQUEUE] signal 0701 -> #8 옵션 정보 전송
[RQUEUE] signal 0305 -> #8 재계획 산출 완료
[0402-close] no active tracking assignment matched destroyed target (targetID=77, eventWatcher=4)
[0402-close] no active tracking assignment matched destroyed target (targetID=78, eventWatcher=6)
[0402-close] no active tracking assignment matched destroyed target (targetID=79, eventWatcher=5)
[0402-close] no active tracking assignment matched destroyed target (targetID=80, eventWatcher=5)
[0402-close] no active tracking assignment matched destroyed target (targetID=81, eventWatcher=4)
[0402-close] no active tracking assignment matched destroyed target (targetID=77, eventWatcher=4)
[0402-close] no active tracking assignment matched destroyed target (targetID=78, eventWatcher=6)
[0402-close] no active tracking assignment matched destroyed target (targetID=79, eventWatcher=5)
[0402-close] no active tracking assignment matched destroyed target (targetID=80, eventWatcher=5)
[0402-close] no active tracking assignment matched destroyed target (targetID=81, eventWatcher=4)
[0402-close] no active tracking assignment matched destroyed target (targetID=77, eventWatcher=4)
[0402-close] no active tracking assignment matched destroyed target (targetID=78, eventWatcher=6)
[0402-close] no active tracking assignment matched destroyed target (targetID=79, eventWatcher=5)
[0402-close] no active tracking assignment matched destroyed target (targetID=80, eventWatcher=5)
[0402-close] no active tracking assignment matched destroyed target (targetID=81, eventWatcher=4)
[0402-close] no active tracking assignment matched destroyed target (targetID=77, eventWatcher=4)
[0402-close] no active tracking assignment matched destroyed target (targetID=78, eventWatcher=6)
[0402-close] no active tracking assignment matched destroyed target (targetID=79, eventWatcher=5)
[0402-close] no active tracking assignment matched destroyed target (targetID=80, eventWatcher=5)
[0402-close] no active tracking assignment matched destroyed target (targetID=81, eventWatcher=4)
[0702] ignore=2 -> apply missionPlanID=700000014, source=DSC
[0702] 공격 배제 선택 -> target bundle isIgnored=1 반영 (count=1)
[QUALITY] startup grace armed (missionPlanID=700000014, duration=10.0s)
[RQUEUE] completed #8 표적탐지: 표적82 발견 재계획 (결과 수신, signal=0702, active_ms=8056)
[0402-close] no active tracking assignment matched destroyed target (targetID=77, eventWatcher=4)
[0402-close] no active tracking assignment matched destroyed target (targetID=78, eventWatcher=6)
[0402-close] no active tracking assignment matched destroyed target (targetID=79, eventWatcher=5)
[0402-close] no active tracking assignment matched destroyed target (targetID=80, eventWatcher=5)
[0402-close] no active tracking assignment matched destroyed target (targetID=81, eventWatcher=4)
[0402-close] no active tracking assignment matched destroyed target (targetID=82, eventWatcher=5)
[RealTimeInferrer] Loading/Reloading Mission Plan: C:\Users\TRL98\Desktop\LAH_MUMT\Logs\Scenario_2026-05-21T132543\SBC3\MissionPlan\700000014.json
Updated Mission Context: torch.Size([384])
[0401] path-deviation trigger suppressed: within 3s after 0702 apply (remaining=2735ms)
[0402-close] no active tracking assignment matched destroyed target (targetID=77, eventWatcher=4)
[0402-close] no active tracking assignment matched destroyed target (targetID=78, eventWatcher=6)
[0402-close] no active tracking assignment matched destroyed target (targetID=79, eventWatcher=5)
[0402-close] no active tracking assignment matched destroyed target (targetID=80, eventWatcher=5)
[0402-close] no active tracking assignment matched destroyed target (targetID=81, eventWatcher=4)
[0402-close] no active tracking assignment matched destroyed target (targetID=82, eventWatcher=5)
[0402-close] no active tracking assignment matched destroyed target (targetID=77, eventWatcher=4)
[0402-close] no active tracking assignment matched destroyed target (targetID=78, eventWatcher=6)
[0402-close] no active tracking assignment matched destroyed target (targetID=79, eventWatcher=5)
[0402-close] no active tracking assignment matched destroyed target (targetID=80, eventWatcher=5)
[0402-close] no active tracking assignment matched destroyed target (targetID=81, eventWatcher=4)
[0402-close] no active tracking assignment matched destroyed target (targetID=82, eventWatcher=5)
[0402] new detections: 1
[0402] bundled target replan prepared: key=83-5, primaryTargetID=83, targets=[83]
[RQUEUE] queued #9 표적탐지: 표적83 발견 재계획
[0402-close] no active tracking assignment matched destroyed target (targetID=77, eventWatcher=4)
[0402-close] no active tracking assignment matched destroyed target (targetID=78, eventWatcher=6)
[0402-close] no active tracking assignment matched destroyed target (targetID=79, eventWatcher=5)
[0402-close] no active tracking assignment matched destroyed target (targetID=80, eventWatcher=5)
[0402-close] no active tracking assignment matched destroyed target (targetID=81, eventWatcher=4)
[0402-close] no active tracking assignment matched destroyed target (targetID=82, eventWatcher=5)
[RQUEUE] dispatching #9 표적탐지: 표적83 발견 재계획
[0902] replan request sent (level=2, reason=표적83 발견 재계획, planIds=700000015, 700000016)
[RQUEUE] active #9 표적탐지: 표적83 발견 재계획
[RQUEUE] bundle targets marked used: count=1
[RQUEUE] signal 0305 -> #9 재계획 수행중
[0402-close] no active tracking assignment matched destroyed target (targetID=77, eventWatcher=4)
[0402-close] no active tracking assignment matched destroyed target (targetID=78, eventWatcher=6)
[0402-close] no active tracking assignment matched destroyed target (targetID=79, eventWatcher=5)
[0402-close] no active tracking assignment matched destroyed target (targetID=80, eventWatcher=5)
[0402-close] no active tracking assignment matched destroyed target (targetID=81, eventWatcher=4)
[0402-close] no active tracking assignment matched destroyed target (targetID=82, eventWatcher=5)
[0402-close] no active tracking assignment matched destroyed target (targetID=77, eventWatcher=4)
[0402-close] no active tracking assignment matched destroyed target (targetID=78, eventWatcher=6)
[0402-close] no active tracking assignment matched destroyed target (targetID=79, eventWatcher=5)
[0402-close] no active tracking assignment matched destroyed target (targetID=80, eventWatcher=5)
[0402-close] no active tracking assignment matched destroyed target (targetID=81, eventWatcher=4)
[0402-close] no active tracking assignment matched destroyed target (targetID=82, eventWatcher=5)
[0402-close] no active tracking assignment matched destroyed target (targetID=77, eventWatcher=4)
[0402-close] no active tracking assignment matched destroyed target (targetID=78, eventWatcher=6)
[0402-close] no active tracking assignment matched destroyed target (targetID=79, eventWatcher=5)
[0402-close] no active tracking assignment matched destroyed target (targetID=80, eventWatcher=5)
[0402-close] no active tracking assignment matched destroyed target (targetID=81, eventWatcher=4)
[0402-close] no active tracking assignment matched destroyed target (targetID=82, eventWatcher=5)
[0402-close] no active tracking assignment matched destroyed target (targetID=77, eventWatcher=4)
[0402-close] no active tracking assignment matched destroyed target (targetID=78, eventWatcher=6)
[0402-close] no active tracking assignment matched destroyed target (targetID=79, eventWatcher=5)
[0402-close] no active tracking assignment matched destroyed target (targetID=80, eventWatcher=5)
[0402-close] no active tracking assignment matched destroyed target (targetID=81, eventWatcher=4)
[0402-close] no active tracking assignment matched destroyed target (targetID=82, eventWatcher=5)
[RQUEUE] signal 0701 -> #9 옵션 정보 전송
[RQUEUE] signal 0305 -> #9 재계획 산출 완료
[0402-close] no active tracking assignment matched destroyed target (targetID=77, eventWatcher=4)
[0402-close] no active tracking assignment matched destroyed target (targetID=78, eventWatcher=6)
[0402-close] no active tracking assignment matched destroyed target (targetID=79, eventWatcher=5)
[0402-close] no active tracking assignment matched destroyed target (targetID=80, eventWatcher=5)
[0402-close] no active tracking assignment matched destroyed target (targetID=81, eventWatcher=4)
[0402-close] no active tracking assignment matched destroyed target (targetID=82, eventWatcher=5)
[0402-close] no active tracking assignment matched destroyed target (targetID=77, eventWatcher=4)
[0402-close] no active tracking assignment matched destroyed target (targetID=78, eventWatcher=6)
[0402-close] no active tracking assignment matched destroyed target (targetID=79, eventWatcher=5)
[0402-close] no active tracking assignment matched destroyed target (targetID=80, eventWatcher=5)
[0402-close] no active tracking assignment matched destroyed target (targetID=81, eventWatcher=4)
[0402-close] no active tracking assignment matched destroyed target (targetID=82, eventWatcher=5)
[0402-close] no active tracking assignment matched destroyed target (targetID=77, eventWatcher=4)
[0402-close] no active tracking assignment matched destroyed target (targetID=78, eventWatcher=6)
[0402-close] no active tracking assignment matched destroyed target (targetID=79, eventWatcher=5)
[0402-close] no active tracking assignment matched destroyed target (targetID=80, eventWatcher=5)
[0402-close] no active tracking assignment matched destroyed target (targetID=81, eventWatcher=4)
[0402-close] no active tracking assignment matched destroyed target (targetID=82, eventWatcher=5)
[0702] ignore=2 -> apply missionPlanID=700000016, source=DSC
[0702] 공격 배제 선택 -> target bundle isIgnored=1 반영 (count=1)
[QUALITY] startup grace armed (missionPlanID=700000016, duration=10.0s)
[RQUEUE] completed #9 표적탐지: 표적83 발견 재계획 (결과 수신, signal=0702, active_ms=8032)
[0402-close] no active tracking assignment matched destroyed target (targetID=77, eventWatcher=4)
[0402-close] no active tracking assignment matched destroyed target (targetID=78, eventWatcher=6)
[0402-close] no active tracking assignment matched destroyed target (targetID=79, eventWatcher=5)
[0402-close] no active tracking assignment matched destroyed target (targetID=80, eventWatcher=5)
[0402-close] no active tracking assignment matched destroyed target (targetID=81, eventWatcher=4)
[0402-close] no active tracking assignment matched destroyed target (targetID=82, eventWatcher=5)
[0402-close] no active tracking assignment matched destroyed target (targetID=83, eventWatcher=5)
[RealTimeInferrer] Loading/Reloading Mission Plan: C:\Users\TRL98\Desktop\LAH_MUMT\Logs\Scenario_2026-05-21T132543\SBC3\MissionPlan\700000016.json
Updated Mission Context: torch.Size([384])
[0401] path-deviation trigger suppressed: within 3s after 0702 apply (remaining=2737ms)
[0501] heartbeat failover send active
[0402-close] no active tracking assignment matched destroyed target (targetID=77, eventWatcher=4)
[0402-close] no active tracking assignment matched destroyed target (targetID=78, eventWatcher=6)
[0402-close] no active tracking assignment matched destroyed target (targetID=79, eventWatcher=5)
[0402-close] no active tracking assignment matched destroyed target (targetID=80, eventWatcher=5)
[0402-close] no active tracking assignment matched destroyed target (targetID=81, eventWatcher=4)
[0402-close] no active tracking assignment matched destroyed target (targetID=82, eventWatcher=5)
[0402-close] no active tracking assignment matched destroyed target (targetID=83, eventWatcher=5)
[0402-close] no active tracking assignment matched destroyed target (targetID=77, eventWatcher=4)
[0402-close] no active tracking assignment matched destroyed target (targetID=78, eventWatcher=6)
[0402-close] no active tracking assignment matched destroyed target (targetID=79, eventWatcher=5)
[0402-close] no active tracking assignment matched destroyed target (targetID=80, eventWatcher=5)
[0402-close] no active tracking assignment matched destroyed target (targetID=81, eventWatcher=4)
[0402-close] no active tracking assignment matched destroyed target (targetID=82, eventWatcher=5)
[0402-close] no active tracking assignment matched destroyed target (targetID=83, eventWatcher=5)
[0401TRACE] slow phase=path_deviation elapsed=0.150s seq=1128
[0201] DB 참조! (C:\Users\TRL98\Desktop\LAH_MUMT\Logs\Scenario_2026-05-21T132543\SBC3\InputMissionPlan\2.json)
[REEXEC] refreshed 0201 clone detected before execute=2 listener -> dispatching 0902 replan request (package=2, timestamp=832653415542, inputMissionID=4)
[CURRENT] reexecute attach start: currentInputMissionID=4, firstPayloadInputID=4, aircraft=4,5,6
[CURRENT] reexecute cached 0401 rows loaded: count=6
[CURRENT] reexecute source missionPlanID attached: 700000016
[CURRENT] reexecute snapshot entries resolved: count=3, lead=5.0s
[CURRENT] reexecute current-position hybrid attached for all options
[RQUEUE] dispatching #10 재실행: 협업기저임무 재수행 요청
[REINPUT] skipped: reexecute 0201 already handled
[REEXEC] execute=2 received after refreshed 0201 clone -> already dispatched reexecute 0902 (package=2, timestamp=832653415542, inputMissionID=4)
[0902] replan request sent (level=1, reason=협업기저임무 재수행 요청, planIds=700000017, 700000018, 700000019)
[RQUEUE] active #10 재실행: 협업기저임무 재수행 요청
[RQUEUE] signal 0305 -> #10 재계획 수행중
[0401TRACE] slow phase=turn_tab elapsed=0.261s seq=1172
[0501] heartbeat failover send active
[0401TRACE] handler slow seq=1172 elapsed=0.395s ts=832653426028 states=6
[RQUEUE] signal 0701 -> #10 옵션 정보 전송
[RQUEUE] signal 0305 -> #10 재계획 산출 완료
[0702] ignore=2 -> apply missionPlanID=700000017, source=DSC
[QUALITY] startup grace armed (missionPlanID=700000017, duration=10.0s)
[RQUEUE] completed #10 재실행: 협업기저임무 재수행 요청 (결과 수신, signal=0702, active_ms=14094)
[RealTimeInferrer] Loading/Reloading Mission Plan: C:\Users\TRL98\Desktop\LAH_MUMT\Logs\Scenario_2026-05-21T132543\SBC3\MissionPlan\700000017.json
Updated Mission Context: torch.Size([384])
[0401] path-deviation trigger suppressed: within 3s after 0702 apply (remaining=2791ms)
[0402-close] no active tracking assignment matched destroyed target (targetID=77, eventWatcher=4)
[0402-close] no active tracking assignment matched destroyed target (targetID=78, eventWatcher=6)
[0402-close] no active tracking assignment matched destroyed target (targetID=79, eventWatcher=5)
[0402-close] no active tracking assignment matched destroyed target (targetID=80, eventWatcher=5)
[0402-close] no active tracking assignment matched destroyed target (targetID=81, eventWatcher=4)
[0402-close] no active tracking assignment matched destroyed target (targetID=82, eventWatcher=5)
[0402-close] no active tracking assignment matched destroyed target (targetID=83, eventWatcher=5)
[0402-close] no active tracking assignment matched destroyed target (targetID=77, eventWatcher=4)
[0402-close] no active tracking assignment matched destroyed target (targetID=78, eventWatcher=6)
[0402-close] no active tracking assignment matched destroyed target (targetID=79, eventWatcher=5)
[0402-close] no active tracking assignment matched destroyed target (targetID=80, eventWatcher=5)
[0402-close] no active tracking assignment matched destroyed target (targetID=81, eventWatcher=4)
[0402-close] no active tracking assignment matched destroyed target (targetID=82, eventWatcher=5)
[0402-close] no active tracking assignment matched destroyed target (targetID=83, eventWatcher=5)
[0401TRACE] handler slow seq=1322 elapsed=0.304s ts=832653470021 states=6
[0401TRACE] handler slow seq=1323 elapsed=0.301s ts=832653470629 states=6
[0402-close] no active tracking assignment matched destroyed target (targetID=77, eventWatcher=4)
[0402-close] no active tracking assignment matched destroyed target (targetID=78, eventWatcher=6)
[0402-close] no active tracking assignment matched destroyed target (targetID=79, eventWatcher=5)
[0402-close] no active tracking assignment matched destroyed target (targetID=80, eventWatcher=5)
[0402-close] no active tracking assignment matched destroyed target (targetID=81, eventWatcher=4)
[0402-close] no active tracking assignment matched destroyed target (targetID=82, eventWatcher=5)
[0402-close] no active tracking assignment matched destroyed target (targetID=83, eventWatcher=5)
[0402-close] no active tracking assignment matched destroyed target (targetID=77, eventWatcher=4)
[0402-close] no active tracking assignment matched destroyed target (targetID=78, eventWatcher=6)
[0402-close] no active tracking assignment matched destroyed target (targetID=79, eventWatcher=5)
[0402-close] no active tracking assignment matched destroyed target (targetID=80, eventWatcher=5)
[0402-close] no active tracking assignment matched destroyed target (targetID=81, eventWatcher=4)
[0402-close] no active tracking assignment matched destroyed target (targetID=82, eventWatcher=5)
[0402-close] no active tracking assignment matched destroyed target (targetID=83, eventWatcher=5)
[0401TRACE] handler slow seq=1327 elapsed=0.305s ts=832653472632 states=6
[0402-close] no active tracking assignment matched destroyed target (targetID=77, eventWatcher=4)
[0402-close] no active tracking assignment matched destroyed target (targetID=78, eventWatcher=6)
[0402-close] no active tracking assignment matched destroyed target (targetID=79, eventWatcher=5)
[0402-close] no active tracking assignment matched destroyed target (targetID=80, eventWatcher=5)
[0402-close] no active tracking assignment matched destroyed target (targetID=81, eventWatcher=4)
[0402-close] no active tracking assignment matched destroyed target (targetID=82, eventWatcher=5)
[0402-close] no active tracking assignment matched destroyed target (targetID=83, eventWatcher=5)
[0402] new detections: 1
[0402] bundled target replan prepared: key=84-5, primaryTargetID=84, targets=[84]
[RQUEUE] queued #11 표적탐지: 표적84 발견 재계획
[RQUEUE] dispatching #11 표적탐지: 표적84 발견 재계획
[0902] replan request sent (level=2, reason=표적84 발견 재계획, planIds=700000020, 700000021)
[RQUEUE] active #11 표적탐지: 표적84 발견 재계획
[RQUEUE] signal 0305 -> #11 재계획 수행중
[0402-close] no active tracking assignment matched destroyed target (targetID=77, eventWatcher=4)
[0402-close] no active tracking assignment matched destroyed target (targetID=78, eventWatcher=6)
[0402-close] no active tracking assignment matched destroyed target (targetID=79, eventWatcher=5)
[0402-close] no active tracking assignment matched destroyed target (targetID=80, eventWatcher=5)
[0402-close] no active tracking assignment matched destroyed target (targetID=81, eventWatcher=4)
[0402-close] no active tracking assignment matched destroyed target (targetID=82, eventWatcher=5)
[0402-close] no active tracking assignment matched destroyed target (targetID=83, eventWatcher=5)
[0402-close] no active tracking assignment matched destroyed target (targetID=77, eventWatcher=4)
[0402-close] no active tracking assignment matched destroyed target (targetID=78, eventWatcher=6)
[0402-close] no active tracking assignment matched destroyed target (targetID=79, eventWatcher=5)
[0402-close] no active tracking assignment matched destroyed target (targetID=80, eventWatcher=5)
[0402-close] no active tracking assignment matched destroyed target (targetID=81, eventWatcher=4)
[0402-close] no active tracking assignment matched destroyed target (targetID=82, eventWatcher=5)
[0402-close] no active tracking assignment matched destroyed target (targetID=83, eventWatcher=5)
[0402] new detections: 1
[0402] accumulated attack bundle prepared: count=2, targets=[84, 85]
[0402] bundled target replan prepared: key=85-4, primaryTargetID=85, targets=[84, 85]
[RQUEUE] queued #12 표적탐지: 표적85 등 2개 발견
[RQUEUE] suppress_options set on active #11 (targetID=84): 추가 표적 감지로 옵션 생략 예정
[0402-close] no active tracking assignment matched destroyed target (targetID=77, eventWatcher=4)
[0402-close] no active tracking assignment matched destroyed target (targetID=78, eventWatcher=6)
[0402-close] no active tracking assignment matched destroyed target (targetID=79, eventWatcher=5)
[0402-close] no active tracking assignment matched destroyed target (targetID=80, eventWatcher=5)
[0402-close] no active tracking assignment matched destroyed target (targetID=81, eventWatcher=4)
[0402-close] no active tracking assignment matched destroyed target (targetID=82, eventWatcher=5)
[0402-close] no active tracking assignment matched destroyed target (targetID=83, eventWatcher=5)
[0402-close] no active tracking assignment matched destroyed target (targetID=77, eventWatcher=4)
[0402-close] no active tracking assignment matched destroyed target (targetID=78, eventWatcher=6)
[0402-close] no active tracking assignment matched destroyed target (targetID=79, eventWatcher=5)
[0402-close] no active tracking assignment matched destroyed target (targetID=80, eventWatcher=5)
[0402-close] no active tracking assignment matched destroyed target (targetID=81, eventWatcher=4)
[0402-close] no active tracking assignment matched destroyed target (targetID=82, eventWatcher=5)
[0402-close] no active tracking assignment matched destroyed target (targetID=83, eventWatcher=5)
[0402-close] no active tracking assignment matched destroyed target (targetID=77, eventWatcher=4)
[0402-close] no active tracking assignment matched destroyed target (targetID=78, eventWatcher=6)
[0402-close] no active tracking assignment matched destroyed target (targetID=79, eventWatcher=5)
[0402-close] no active tracking assignment matched destroyed target (targetID=80, eventWatcher=5)
[0402-close] no active tracking assignment matched destroyed target (targetID=81, eventWatcher=4)
[0402-close] no active tracking assignment matched destroyed target (targetID=82, eventWatcher=5)
[0402-close] no active tracking assignment matched destroyed target (targetID=83, eventWatcher=5)
[0402-close] no active tracking assignment matched destroyed target (targetID=77, eventWatcher=4)
[0402-close] no active tracking assignment matched destroyed target (targetID=78, eventWatcher=6)
[0402-close] no active tracking assignment matched destroyed target (targetID=79, eventWatcher=5)
[0402-close] no active tracking assignment matched destroyed target (targetID=80, eventWatcher=5)
[0402-close] no active tracking assignment matched destroyed target (targetID=81, eventWatcher=4)
[0402-close] no active tracking assignment matched destroyed target (targetID=82, eventWatcher=5)
[0402-close] no active tracking assignment matched destroyed target (targetID=83, eventWatcher=5)
[0402-close] no active tracking assignment matched destroyed target (targetID=77, eventWatcher=4)
[0402-close] no active tracking assignment matched destroyed target (targetID=78, eventWatcher=6)
[0402-close] no active tracking assignment matched destroyed target (targetID=79, eventWatcher=5)
[0402-close] no active tracking assignment matched destroyed target (targetID=80, eventWatcher=5)
[0402-close] no active tracking assignment matched destroyed target (targetID=81, eventWatcher=4)
[0402-close] no active tracking assignment matched destroyed target (targetID=82, eventWatcher=5)
[0402-close] no active tracking assignment matched destroyed target (targetID=83, eventWatcher=5)
[0402-close] no active tracking assignment matched destroyed target (targetID=77, eventWatcher=4)
[0402-close] no active tracking assignment matched destroyed target (targetID=78, eventWatcher=6)
[0402-close] no active tracking assignment matched destroyed target (targetID=79, eventWatcher=5)
[0402-close] no active tracking assignment matched destroyed target (targetID=80, eventWatcher=5)
[0402-close] no active tracking assignment matched destroyed target (targetID=81, eventWatcher=4)
[0402-close] no active tracking assignment matched destroyed target (targetID=82, eventWatcher=5)
[0402-close] no active tracking assignment matched destroyed target (targetID=83, eventWatcher=5)
[0401TRACE] slow phase=area_tab elapsed=0.187s seq=1345
[0401TRACE] handler slow seq=1345 elapsed=0.377s ts=832653480624 states=6
[RQUEUE] completed #11 표적탐지: 표적84 발견 재계획 (옵션 생략(표적 추가), signal=0001, active_ms=6731)
[RQUEUE] dispatching #12 표적탐지: 표적85 등 2개 발견
[RQUEUE] pending attack slot assignment cleared for suppressed planIDs=700000020
[0402-close] no active tracking assignment matched destroyed target (targetID=77, eventWatcher=4)
[0402-close] no active tracking assignment matched destroyed target (targetID=78, eventWatcher=6)
[0402-close] no active tracking assignment matched destroyed target (targetID=79, eventWatcher=5)
[0402-close] no active tracking assignment matched destroyed target (targetID=80, eventWatcher=5)
[0402-close] no active tracking assignment matched destroyed target (targetID=81, eventWatcher=4)
[0402-close] no active tracking assignment matched destroyed target (targetID=82, eventWatcher=5)
[0402-close] no active tracking assignment matched destroyed target (targetID=83, eventWatcher=5)
[0902] replan request sent (level=2, reason=표적85 등 2개 발견, planIds=700000022, 700000023)
[RQUEUE] active #12 표적탐지: 표적85 등 2개 발견
[RQUEUE] signal 0305 -> #12 재계획 수행중
[0402-close] no active tracking assignment matched destroyed target (targetID=77, eventWatcher=4)
[0402-close] no active tracking assignment matched destroyed target (targetID=78, eventWatcher=6)
[0402-close] no active tracking assignment matched destroyed target (targetID=79, eventWatcher=5)
[0402-close] no active tracking assignment matched destroyed target (targetID=80, eventWatcher=5)
[0402-close] no active tracking assignment matched destroyed target (targetID=81, eventWatcher=4)
[0402-close] no active tracking assignment matched destroyed target (targetID=82, eventWatcher=5)
[0402-close] no active tracking assignment matched destroyed target (targetID=83, eventWatcher=5)
[0402-close] no active tracking assignment matched destroyed target (targetID=77, eventWatcher=4)
[0402-close] no active tracking assignment matched destroyed target (targetID=78, eventWatcher=6)
[0402-close] no active tracking assignment matched destroyed target (targetID=79, eventWatcher=5)
[0402-close] no active tracking assignment matched destroyed target (targetID=80, eventWatcher=5)
[0402-close] no active tracking assignment matched destroyed target (targetID=81, eventWatcher=4)
[0402-close] no active tracking assignment matched destroyed target (targetID=82, eventWatcher=5)
[0402-close] no active tracking assignment matched destroyed target (targetID=83, eventWatcher=5)
[0402-close] no active tracking assignment matched destroyed target (targetID=77, eventWatcher=4)
[0402-close] no active tracking assignment matched destroyed target (targetID=78, eventWatcher=6)
[0402-close] no active tracking assignment matched destroyed target (targetID=79, eventWatcher=5)
[0402-close] no active tracking assignment matched destroyed target (targetID=80, eventWatcher=5)
[0402-close] no active tracking assignment matched destroyed target (targetID=81, eventWatcher=4)
[0402-close] no active tracking assignment matched destroyed target (targetID=82, eventWatcher=5)
[0402-close] no active tracking assignment matched destroyed target (targetID=83, eventWatcher=5)
[0401TRACE] slow phase=area_tab elapsed=0.174s seq=1350
[0401TRACE] handler slow seq=1350 elapsed=0.352s ts=832653483029 states=6
[0402-close] no active tracking assignment matched destroyed target (targetID=77, eventWatcher=4)
[0402-close] no active tracking assignment matched destroyed target (targetID=78, eventWatcher=6)
[0402-close] no active tracking assignment matched destroyed target (targetID=79, eventWatcher=5)
[0402-close] no active tracking assignment matched destroyed target (targetID=80, eventWatcher=5)
[0402-close] no active tracking assignment matched destroyed target (targetID=81, eventWatcher=4)
[0402-close] no active tracking assignment matched destroyed target (targetID=82, eventWatcher=5)
[0402-close] no active tracking assignment matched destroyed target (targetID=83, eventWatcher=5)
[0402-close] no active tracking assignment matched destroyed target (targetID=77, eventWatcher=4)
[0402-close] no active tracking assignment matched destroyed target (targetID=78, eventWatcher=6)
[0402-close] no active tracking assignment matched destroyed target (targetID=79, eventWatcher=5)
[0402-close] no active tracking assignment matched destroyed target (targetID=80, eventWatcher=5)
[0402-close] no active tracking assignment matched destroyed target (targetID=81, eventWatcher=4)
[0402-close] no active tracking assignment matched destroyed target (targetID=82, eventWatcher=5)
[0402-close] no active tracking assignment matched destroyed target (targetID=83, eventWatcher=5)
[0402-close] no active tracking assignment matched destroyed target (targetID=77, eventWatcher=4)
[0402-close] no active tracking assignment matched destroyed target (targetID=78, eventWatcher=6)
[0402-close] no active tracking assignment matched destroyed target (targetID=79, eventWatcher=5)
[0402-close] no active tracking assignment matched destroyed target (targetID=80, eventWatcher=5)
[0402-close] no active tracking assignment matched destroyed target (targetID=81, eventWatcher=4)
[0402-close] no active tracking assignment matched destroyed target (targetID=82, eventWatcher=5)
[0402-close] no active tracking assignment matched destroyed target (targetID=83, eventWatcher=5)
[0402-close] no active tracking assignment matched destroyed target (targetID=77, eventWatcher=4)
[0402-close] no active tracking assignment matched destroyed target (targetID=78, eventWatcher=6)
[0402-close] no active tracking assignment matched destroyed target (targetID=79, eventWatcher=5)
[0402-close] no active tracking assignment matched destroyed target (targetID=80, eventWatcher=5)
[0402-close] no active tracking assignment matched destroyed target (targetID=81, eventWatcher=4)
[0402-close] no active tracking assignment matched destroyed target (targetID=82, eventWatcher=5)
[0402-close] no active tracking assignment matched destroyed target (targetID=83, eventWatcher=5)
[0401TRACE] handler slow seq=1358 elapsed=0.306s ts=832653487019 states=6
[0401TRACE] handler slow seq=1359 elapsed=0.374s ts=832653487623 states=6
[0402-close] no active tracking assignment matched destroyed target (targetID=77, eventWatcher=4)
[0402-close] no active tracking assignment matched destroyed target (targetID=78, eventWatcher=6)
[0402-close] no active tracking assignment matched destroyed target (targetID=79, eventWatcher=5)
[0402-close] no active tracking assignment matched destroyed target (targetID=80, eventWatcher=5)
[0402-close] no active tracking assignment matched destroyed target (targetID=81, eventWatcher=4)
[0402-close] no active tracking assignment matched destroyed target (targetID=82, eventWatcher=5)
[0402-close] no active tracking assignment matched destroyed target (targetID=83, eventWatcher=5)
[0402-close] no active tracking assignment matched destroyed target (targetID=77, eventWatcher=4)
[0402-close] no active tracking assignment matched destroyed target (targetID=78, eventWatcher=6)
[0402-close] no active tracking assignment matched destroyed target (targetID=79, eventWatcher=5)
[0402-close] no active tracking assignment matched destroyed target (targetID=80, eventWatcher=5)
[0402-close] no active tracking assignment matched destroyed target (targetID=81, eventWatcher=4)
[0402-close] no active tracking assignment matched destroyed target (targetID=82, eventWatcher=5)
[0402-close] no active tracking assignment matched destroyed target (targetID=83, eventWatcher=5)
[RQUEUE] signal 0701 -> #12 옵션 정보 전송
[RQUEUE] signal 0305 -> #12 재계획 산출 완료
[0402-close] no active tracking assignment matched destroyed target (targetID=77, eventWatcher=4)
[0402-close] no active tracking assignment matched destroyed target (targetID=78, eventWatcher=6)
[0402-close] no active tracking assignment matched destroyed target (targetID=79, eventWatcher=5)
[0402-close] no active tracking assignment matched destroyed target (targetID=80, eventWatcher=5)
[0402-close] no active tracking assignment matched destroyed target (targetID=81, eventWatcher=4)
[0402-close] no active tracking assignment matched destroyed target (targetID=82, eventWatcher=5)
[0402-close] no active tracking assignment matched destroyed target (targetID=83, eventWatcher=5)
[0401TRACE] slow phase=area_tab elapsed=0.202s seq=1366
[0501] heartbeat failover send active
[0401TRACE] handler slow seq=1366 elapsed=0.394s ts=832653490821 states=6
[0402-close] no active tracking assignment matched destroyed target (targetID=77, eventWatcher=4)
[0402-close] no active tracking assignment matched destroyed target (targetID=78, eventWatcher=6)
[0402-close] no active tracking assignment matched destroyed target (targetID=79, eventWatcher=5)
[0402-close] no active tracking assignment matched destroyed target (targetID=80, eventWatcher=5)
[0402-close] no active tracking assignment matched destroyed target (targetID=81, eventWatcher=4)
[0402-close] no active tracking assignment matched destroyed target (targetID=82, eventWatcher=5)
[0402-close] no active tracking assignment matched destroyed target (targetID=83, eventWatcher=5)
[0402-close] no active tracking assignment matched destroyed target (targetID=77, eventWatcher=4)
[0402-close] no active tracking assignment matched destroyed target (targetID=78, eventWatcher=6)
[0402-close] no active tracking assignment matched destroyed target (targetID=79, eventWatcher=5)
[0402-close] no active tracking assignment matched destroyed target (targetID=80, eventWatcher=5)
[0402-close] no active tracking assignment matched destroyed target (targetID=81, eventWatcher=4)
[0402-close] no active tracking assignment matched destroyed target (targetID=82, eventWatcher=5)
[0402-close] no active tracking assignment matched destroyed target (targetID=83, eventWatcher=5)
[0702] ignore=2 -> apply missionPlanID=700000023, source=DSC
[0702] 공격 배제 선택 -> target bundle isIgnored=1 반영 (count=2)
[QUALITY] startup grace armed (missionPlanID=700000023, duration=10.0s)
[RQUEUE] completed #12 표적탐지: 표적85 등 2개 발견 (결과 수신, signal=0702, active_ms=11714)
[0402-close] no active tracking assignment matched destroyed target (targetID=77, eventWatcher=4)
[0402-close] no active tracking assignment matched destroyed target (targetID=78, eventWatcher=6)
[0402-close] no active tracking assignment matched destroyed target (targetID=79, eventWatcher=5)
[0402-close] no active tracking assignment matched destroyed target (targetID=80, eventWatcher=5)
[0402-close] no active tracking assignment matched destroyed target (targetID=81, eventWatcher=4)
[0402-close] no active tracking assignment matched destroyed target (targetID=82, eventWatcher=5)
[0402-close] no active tracking assignment matched destroyed target (targetID=83, eventWatcher=5)
[0402-close] no active tracking assignment matched destroyed target (targetID=84, eventWatcher=5)
[0402-close] no active tracking assignment matched destroyed target (targetID=85, eventWatcher=4)
[RealTimeInferrer] Loading/Reloading Mission Plan: C:\Users\TRL98\Desktop\LAH_MUMT\Logs\Scenario_2026-05-21T132543\SBC3\MissionPlan\700000023.json
Updated Mission Context: torch.Size([384])
[0401TRACE] slow phase=area_tab elapsed=0.201s seq=1371
[0401] path-deviation trigger suppressed: within 3s after 0702 apply (remaining=2526ms)
[0401TRACE] handler slow seq=1371 elapsed=0.411s ts=832653493023 states=6
[0402-close] no active tracking assignment matched destroyed target (targetID=77, eventWatcher=4)
[0402-close] no active tracking assignment matched destroyed target (targetID=78, eventWatcher=6)
[0402-close] no active tracking assignment matched destroyed target (targetID=79, eventWatcher=5)
[0402-close] no active tracking assignment matched destroyed target (targetID=80, eventWatcher=5)
[0402-close] no active tracking assignment matched destroyed target (targetID=81, eventWatcher=4)
[0402-close] no active tracking assignment matched destroyed target (targetID=82, eventWatcher=5)
[0402-close] no active tracking assignment matched destroyed target (targetID=83, eventWatcher=5)
[0402-close] no active tracking assignment matched destroyed target (targetID=84, eventWatcher=5)
[0402-close] no active tracking assignment matched destroyed target (targetID=85, eventWatcher=4)
[0402-close] no active tracking assignment matched destroyed target (targetID=77, eventWatcher=4)
[0402-close] no active tracking assignment matched destroyed target (targetID=78, eventWatcher=6)
[0402-close] no active tracking assignment matched destroyed target (targetID=79, eventWatcher=5)
[0402-close] no active tracking assignment matched destroyed target (targetID=80, eventWatcher=5)
[0402-close] no active tracking assignment matched destroyed target (targetID=81, eventWatcher=4)
[0402-close] no active tracking assignment matched destroyed target (targetID=82, eventWatcher=5)
[0402-close] no active tracking assignment matched destroyed target (targetID=83, eventWatcher=5)
[0402-close] no active tracking assignment matched destroyed target (targetID=84, eventWatcher=5)
[0402-close] no active tracking assignment matched destroyed target (targetID=85, eventWatcher=4)
[0402-close] no active tracking assignment matched destroyed target (targetID=77, eventWatcher=4)
[0402-close] no active tracking assignment matched destroyed target (targetID=78, eventWatcher=6)
[0402-close] no active tracking assignment matched destroyed target (targetID=79, eventWatcher=5)
[0402-close] no active tracking assignment matched destroyed target (targetID=80, eventWatcher=5)
[0402-close] no active tracking assignment matched destroyed target (targetID=81, eventWatcher=4)
[0402-close] no active tracking assignment matched destroyed target (targetID=82, eventWatcher=5)
[0402-close] no active tracking assignment matched destroyed target (targetID=83, eventWatcher=5)
[0402-close] no active tracking assignment matched destroyed target (targetID=84, eventWatcher=5)
[0402-close] no active tracking assignment matched destroyed target (targetID=85, eventWatcher=4)
[0402] new detections: 1
[0402] bundled target replan prepared: key=86-4, primaryTargetID=86, targets=[86]
[RQUEUE] queued #13 표적탐지: 표적86 발견 재계획
[0402-close] no active tracking assignment matched destroyed target (targetID=77, eventWatcher=4)
[0402-close] no active tracking assignment matched destroyed target (targetID=78, eventWatcher=6)
[0402-close] no active tracking assignment matched destroyed target (targetID=79, eventWatcher=5)
[0402-close] no active tracking assignment matched destroyed target (targetID=80, eventWatcher=5)
[0402-close] no active tracking assignment matched destroyed target (targetID=81, eventWatcher=4)
[0402-close] no active tracking assignment matched destroyed target (targetID=82, eventWatcher=5)
[0402-close] no active tracking assignment matched destroyed target (targetID=83, eventWatcher=5)
[0402-close] no active tracking assignment matched destroyed target (targetID=84, eventWatcher=5)
[0402-close] no active tracking assignment matched destroyed target (targetID=85, eventWatcher=4)
[0402] new detections: 1
[0402] accumulated attack bundle prepared: count=2, targets=[86, 87]
[0402] bundled target replan prepared: key=87-5, primaryTargetID=87, targets=[86, 87]
[RQUEUE] merged queued #13 표적탐지: 표적87 등 2개 발견 (staleMerged=0)
[RQUEUE] dispatching #13 표적탐지: 표적87 등 2개 발견
[0902] replan request sent (level=2, reason=표적87 등 2개 발견, planIds=700000026, 700000027)
[RQUEUE] active #13 표적탐지: 표적87 등 2개 발견
[RQUEUE] bundle targets marked used: count=2
[RQUEUE] signal 0305 -> #13 재계획 수행중
[0402-close] no active tracking assignment matched destroyed target (targetID=77, eventWatcher=4)
[0402-close] no active tracking assignment matched destroyed target (targetID=78, eventWatcher=6)
[0402-close] no active tracking assignment matched destroyed target (targetID=79, eventWatcher=5)
[0402-close] no active tracking assignment matched destroyed target (targetID=80, eventWatcher=5)
[0402-close] no active tracking assignment matched destroyed target (targetID=81, eventWatcher=4)
[0402-close] no active tracking assignment matched destroyed target (targetID=82, eventWatcher=5)
[0402-close] no active tracking assignment matched destroyed target (targetID=83, eventWatcher=5)
[0402-close] no active tracking assignment matched destroyed target (targetID=84, eventWatcher=5)
[0402-close] no active tracking assignment matched destroyed target (targetID=85, eventWatcher=4)
[0402-close] no active tracking assignment matched destroyed target (targetID=77, eventWatcher=4)
[0402-close] no active tracking assignment matched destroyed target (targetID=78, eventWatcher=6)
[0402-close] no active tracking assignment matched destroyed target (targetID=79, eventWatcher=5)
[0402-close] no active tracking assignment matched destroyed target (targetID=80, eventWatcher=5)
[0402-close] no active tracking assignment matched destroyed target (targetID=81, eventWatcher=4)
[0402-close] no active tracking assignment matched destroyed target (targetID=82, eventWatcher=5)
[0402-close] no active tracking assignment matched destroyed target (targetID=83, eventWatcher=5)
[0402-close] no active tracking assignment matched destroyed target (targetID=84, eventWatcher=5)
[0402-close] no active tracking assignment matched destroyed target (targetID=85, eventWatcher=4)
[0402-close] no active tracking assignment matched destroyed target (targetID=77, eventWatcher=4)
[0402-close] no active tracking assignment matched destroyed target (targetID=78, eventWatcher=6)
[0402-close] no active tracking assignment matched destroyed target (targetID=79, eventWatcher=5)
[0402-close] no active tracking assignment matched destroyed target (targetID=80, eventWatcher=5)
[0402-close] no active tracking assignment matched destroyed target (targetID=81, eventWatcher=4)
[0402-close] no active tracking assignment matched destroyed target (targetID=82, eventWatcher=5)
[0402-close] no active tracking assignment matched destroyed target (targetID=83, eventWatcher=5)
[0402-close] no active tracking assignment matched destroyed target (targetID=84, eventWatcher=5)
[0402-close] no active tracking assignment matched destroyed target (targetID=85, eventWatcher=4)
[0402-close] no active tracking assignment matched destroyed target (targetID=77, eventWatcher=4)
[0402-close] no active tracking assignment matched destroyed target (targetID=78, eventWatcher=6)
[0402-close] no active tracking assignment matched destroyed target (targetID=79, eventWatcher=5)
[0402-close] no active tracking assignment matched destroyed target (targetID=80, eventWatcher=5)
[0402-close] no active tracking assignment matched destroyed target (targetID=81, eventWatcher=4)
[0402-close] no active tracking assignment matched destroyed target (targetID=82, eventWatcher=5)
[0402-close] no active tracking assignment matched destroyed target (targetID=83, eventWatcher=5)
[0402-close] no active tracking assignment matched destroyed target (targetID=84, eventWatcher=5)
[0402-close] no active tracking assignment matched destroyed target (targetID=85, eventWatcher=4)
[0402-close] no active tracking assignment matched destroyed target (targetID=77, eventWatcher=4)
[0402-close] no active tracking assignment matched destroyed target (targetID=78, eventWatcher=6)
[0402-close] no active tracking assignment matched destroyed target (targetID=79, eventWatcher=5)
[0402-close] no active tracking assignment matched destroyed target (targetID=80, eventWatcher=5)
[0402-close] no active tracking assignment matched destroyed target (targetID=81, eventWatcher=4)
[0402-close] no active tracking assignment matched destroyed target (targetID=82, eventWatcher=5)
[0402-close] no active tracking assignment matched destroyed target (targetID=83, eventWatcher=5)
[0402-close] no active tracking assignment matched destroyed target (targetID=84, eventWatcher=5)
[0402-close] no active tracking assignment matched destroyed target (targetID=85, eventWatcher=4)
[0402-close] no active tracking assignment matched destroyed target (targetID=77, eventWatcher=4)
[0402-close] no active tracking assignment matched destroyed target (targetID=78, eventWatcher=6)
[0402-close] no active tracking assignment matched destroyed target (targetID=79, eventWatcher=5)
[0402-close] no active tracking assignment matched destroyed target (targetID=80, eventWatcher=5)
[0402-close] no active tracking assignment matched destroyed target (targetID=81, eventWatcher=4)
[0402-close] no active tracking assignment matched destroyed target (targetID=82, eventWatcher=5)
[0402-close] no active tracking assignment matched destroyed target (targetID=83, eventWatcher=5)
[0402-close] no active tracking assignment matched destroyed target (targetID=84, eventWatcher=5)
[0402-close] no active tracking assignment matched destroyed target (targetID=85, eventWatcher=4)
[0402-close] no active tracking assignment matched destroyed target (targetID=77, eventWatcher=4)
[0402-close] no active tracking assignment matched destroyed target (targetID=78, eventWatcher=6)
[0402-close] no active tracking assignment matched destroyed target (targetID=79, eventWatcher=5)
[0402-close] no active tracking assignment matched destroyed target (targetID=80, eventWatcher=5)
[0402-close] no active tracking assignment matched destroyed target (targetID=81, eventWatcher=4)
[0402-close] no active tracking assignment matched destroyed target (targetID=82, eventWatcher=5)
[0402-close] no active tracking assignment matched destroyed target (targetID=83, eventWatcher=5)
[0402-close] no active tracking assignment matched destroyed target (targetID=84, eventWatcher=5)
[0402-close] no active tracking assignment matched destroyed target (targetID=85, eventWatcher=4)
[0402] new detections: 1
[0402] accumulated attack bundle prepared: count=3, targets=[87, 86, 88]
[0402] bundled target replan prepared: key=88-6, primaryTargetID=88, targets=[87, 86, 88]
[RQUEUE] queued #15 표적탐지: 표적88 등 3개 발견
[RQUEUE] suppress_options set on active #13 (targetID=87): 추가 표적 감지로 옵션 생략 예정
[0402-close] no active tracking assignment matched destroyed target (targetID=77, eventWatcher=4)
[0402-close] no active tracking assignment matched destroyed target (targetID=78, eventWatcher=6)
[0402-close] no active tracking assignment matched destroyed target (targetID=79, eventWatcher=5)
[0402-close] no active tracking assignment matched destroyed target (targetID=80, eventWatcher=5)
[0402-close] no active tracking assignment matched destroyed target (targetID=81, eventWatcher=4)
[0402-close] no active tracking assignment matched destroyed target (targetID=82, eventWatcher=5)
[0402-close] no active tracking assignment matched destroyed target (targetID=83, eventWatcher=5)
[0402-close] no active tracking assignment matched destroyed target (targetID=84, eventWatcher=5)
[0402-close] no active tracking assignment matched destroyed target (targetID=85, eventWatcher=4)
[0402-close] no active tracking assignment matched destroyed target (targetID=77, eventWatcher=4)
[0402-close] no active tracking assignment matched destroyed target (targetID=78, eventWatcher=6)
[0402-close] no active tracking assignment matched destroyed target (targetID=79, eventWatcher=5)
[0402-close] no active tracking assignment matched destroyed target (targetID=80, eventWatcher=5)
[0402-close] no active tracking assignment matched destroyed target (targetID=81, eventWatcher=4)
[0402-close] no active tracking assignment matched destroyed target (targetID=82, eventWatcher=5)
[0402-close] no active tracking assignment matched destroyed target (targetID=83, eventWatcher=5)
[0402-close] no active tracking assignment matched destroyed target (targetID=84, eventWatcher=5)
[0402-close] no active tracking assignment matched destroyed target (targetID=85, eventWatcher=4)
[0402-close] no active tracking assignment matched destroyed target (targetID=77, eventWatcher=4)
[0402-close] no active tracking assignment matched destroyed target (targetID=78, eventWatcher=6)
[0402-close] no active tracking assignment matched destroyed target (targetID=79, eventWatcher=5)
[0402-close] no active tracking assignment matched destroyed target (targetID=80, eventWatcher=5)
[0402-close] no active tracking assignment matched destroyed target (targetID=81, eventWatcher=4)
[0402-close] no active tracking assignment matched destroyed target (targetID=82, eventWatcher=5)
[0402-close] no active tracking assignment matched destroyed target (targetID=83, eventWatcher=5)
[0402-close] no active tracking assignment matched destroyed target (targetID=84, eventWatcher=5)
[0402-close] no active tracking assignment matched destroyed target (targetID=85, eventWatcher=4)
[0402-close] no active tracking assignment matched destroyed target (targetID=77, eventWatcher=4)
[0402-close] no active tracking assignment matched destroyed target (targetID=78, eventWatcher=6)
[0402-close] no active tracking assignment matched destroyed target (targetID=79, eventWatcher=5)
[0402-close] no active tracking assignment matched destroyed target (targetID=80, eventWatcher=5)
[0402-close] no active tracking assignment matched destroyed target (targetID=81, eventWatcher=4)
[0402-close] no active tracking assignment matched destroyed target (targetID=82, eventWatcher=5)
[0402-close] no active tracking assignment matched destroyed target (targetID=83, eventWatcher=5)
[0402-close] no active tracking assignment matched destroyed target (targetID=84, eventWatcher=5)
[0402-close] no active tracking assignment matched destroyed target (targetID=85, eventWatcher=4)
[0402-close] no active tracking assignment matched destroyed target (targetID=77, eventWatcher=4)
[0402-close] no active tracking assignment matched destroyed target (targetID=78, eventWatcher=6)
[0402-close] no active tracking assignment matched destroyed target (targetID=79, eventWatcher=5)
[0402-close] no active tracking assignment matched destroyed target (targetID=80, eventWatcher=5)
[0402-close] no active tracking assignment matched destroyed target (targetID=81, eventWatcher=4)
[0402-close] no active tracking assignment matched destroyed target (targetID=82, eventWatcher=5)
[0402-close] no active tracking assignment matched destroyed target (targetID=83, eventWatcher=5)
[0402-close] no active tracking assignment matched destroyed target (targetID=84, eventWatcher=5)
[0402-close] no active tracking assignment matched destroyed target (targetID=85, eventWatcher=4)
[0402-close] no active tracking assignment matched destroyed target (targetID=77, eventWatcher=4)
[0402-close] no active tracking assignment matched destroyed target (targetID=78, eventWatcher=6)
[0402-close] no active tracking assignment matched destroyed target (targetID=79, eventWatcher=5)
[0402-close] no active tracking assignment matched destroyed target (targetID=80, eventWatcher=5)
[0402-close] no active tracking assignment matched destroyed target (targetID=81, eventWatcher=4)
[0402-close] no active tracking assignment matched destroyed target (targetID=82, eventWatcher=5)
[0402-close] no active tracking assignment matched destroyed target (targetID=83, eventWatcher=5)
[0402-close] no active tracking assignment matched destroyed target (targetID=84, eventWatcher=5)
[0402-close] no active tracking assignment matched destroyed target (targetID=85, eventWatcher=4)
[0401TRACE] handler slow seq=1401 elapsed=0.309s ts=832653506619 states=6
[0402-close] no active tracking assignment matched destroyed target (targetID=77, eventWatcher=4)
[0402-close] no active tracking assignment matched destroyed target (targetID=78, eventWatcher=6)
[0402-close] no active tracking assignment matched destroyed target (targetID=79, eventWatcher=5)
[0402-close] no active tracking assignment matched destroyed target (targetID=80, eventWatcher=5)
[0402-close] no active tracking assignment matched destroyed target (targetID=81, eventWatcher=4)
[0402-close] no active tracking assignment matched destroyed target (targetID=82, eventWatcher=5)
[0402-close] no active tracking assignment matched destroyed target (targetID=83, eventWatcher=5)
[0402-close] no active tracking assignment matched destroyed target (targetID=84, eventWatcher=5)
[0402-close] no active tracking assignment matched destroyed target (targetID=85, eventWatcher=4)
[RQUEUE] completed #13 표적탐지: 표적87 등 2개 발견 (옵션 생략(표적 추가), signal=0001, active_ms=7774)
[RQUEUE] dispatching #15 표적탐지: 표적88 등 3개 발견
[RQUEUE] pending attack slot assignment cleared for suppressed planIDs=700000026
[0402-close] no active tracking assignment matched destroyed target (targetID=77, eventWatcher=4)
[0402-close] no active tracking assignment matched destroyed target (targetID=78, eventWatcher=6)
[0402-close] no active tracking assignment matched destroyed target (targetID=79, eventWatcher=5)
[0402-close] no active tracking assignment matched destroyed target (targetID=80, eventWatcher=5)
[0402-close] no active tracking assignment matched destroyed target (targetID=81, eventWatcher=4)
[0402-close] no active tracking assignment matched destroyed target (targetID=82, eventWatcher=5)
[0402-close] no active tracking assignment matched destroyed target (targetID=83, eventWatcher=5)
[0402-close] no active tracking assignment matched destroyed target (targetID=84, eventWatcher=5)
[0402-close] no active tracking assignment matched destroyed target (targetID=85, eventWatcher=4)
[0902] replan request sent (level=2, reason=표적88 등 3개 발견, planIds=700000028, 700000029)
[RQUEUE] active #15 표적탐지: 표적88 등 3개 발견
[RQUEUE] bundle targets marked used: count=3
[RQUEUE] signal 0305 -> #15 재계획 수행중
[0402-close] no active tracking assignment matched destroyed target (targetID=77, eventWatcher=4)
[0402-close] no active tracking assignment matched destroyed target (targetID=78, eventWatcher=6)
[0402-close] no active tracking assignment matched destroyed target (targetID=79, eventWatcher=5)
[0402-close] no active tracking assignment matched destroyed target (targetID=80, eventWatcher=5)
[0402-close] no active tracking assignment matched destroyed target (targetID=81, eventWatcher=4)
[0402-close] no active tracking assignment matched destroyed target (targetID=82, eventWatcher=5)
[0402-close] no active tracking assignment matched destroyed target (targetID=83, eventWatcher=5)
[0402-close] no active tracking assignment matched destroyed target (targetID=84, eventWatcher=5)
[0402-close] no active tracking assignment matched destroyed target (targetID=85, eventWatcher=4)
[0402-close] no active tracking assignment matched destroyed target (targetID=77, eventWatcher=4)
[0402-close] no active tracking assignment matched destroyed target (targetID=78, eventWatcher=6)
[0402-close] no active tracking assignment matched destroyed target (targetID=79, eventWatcher=5)
[0402-close] no active tracking assignment matched destroyed target (targetID=80, eventWatcher=5)
[0402-close] no active tracking assignment matched destroyed target (targetID=81, eventWatcher=4)
[0402-close] no active tracking assignment matched destroyed target (targetID=82, eventWatcher=5)
[0402-close] no active tracking assignment matched destroyed target (targetID=83, eventWatcher=5)
[0402-close] no active tracking assignment matched destroyed target (targetID=84, eventWatcher=5)
[0402-close] no active tracking assignment matched destroyed target (targetID=85, eventWatcher=4)
[0402-close] no active tracking assignment matched destroyed target (targetID=77, eventWatcher=4)
[0402-close] no active tracking assignment matched destroyed target (targetID=78, eventWatcher=6)
[0402-close] no active tracking assignment matched destroyed target (targetID=79, eventWatcher=5)
[0402-close] no active tracking assignment matched destroyed target (targetID=80, eventWatcher=5)
[0402-close] no active tracking assignment matched destroyed target (targetID=81, eventWatcher=4)
[0402-close] no active tracking assignment matched destroyed target (targetID=82, eventWatcher=5)
[0402-close] no active tracking assignment matched destroyed target (targetID=83, eventWatcher=5)
[0402-close] no active tracking assignment matched destroyed target (targetID=84, eventWatcher=5)
[0402-close] no active tracking assignment matched destroyed target (targetID=85, eventWatcher=4)
[0402-close] no active tracking assignment matched destroyed target (targetID=77, eventWatcher=4)
[0402-close] no active tracking assignment matched destroyed target (targetID=78, eventWatcher=6)
[0402-close] no active tracking assignment matched destroyed target (targetID=79, eventWatcher=5)
[0402-close] no active tracking assignment matched destroyed target (targetID=80, eventWatcher=5)
[0402-close] no active tracking assignment matched destroyed target (targetID=81, eventWatcher=4)
[0402-close] no active tracking assignment matched destroyed target (targetID=82, eventWatcher=5)
[0402-close] no active tracking assignment matched destroyed target (targetID=83, eventWatcher=5)
[0402-close] no active tracking assignment matched destroyed target (targetID=84, eventWatcher=5)
[0402-close] no active tracking assignment matched destroyed target (targetID=85, eventWatcher=4)
[0402-close] no active tracking assignment matched destroyed target (targetID=77, eventWatcher=4)
[0402-close] no active tracking assignment matched destroyed target (targetID=78, eventWatcher=6)
[0402-close] no active tracking assignment matched destroyed target (targetID=79, eventWatcher=5)
[0402-close] no active tracking assignment matched destroyed target (targetID=80, eventWatcher=5)
[0402-close] no active tracking assignment matched destroyed target (targetID=81, eventWatcher=4)
[0402-close] no active tracking assignment matched destroyed target (targetID=82, eventWatcher=5)
[0402-close] no active tracking assignment matched destroyed target (targetID=83, eventWatcher=5)
[0402-close] no active tracking assignment matched destroyed target (targetID=84, eventWatcher=5)
[0402-close] no active tracking assignment matched destroyed target (targetID=85, eventWatcher=4)
[0402-close] no active tracking assignment matched destroyed target (targetID=77, eventWatcher=4)
[0402-close] no active tracking assignment matched destroyed target (targetID=78, eventWatcher=6)
[0402-close] no active tracking assignment matched destroyed target (targetID=79, eventWatcher=5)
[0402-close] no active tracking assignment matched destroyed target (targetID=80, eventWatcher=5)
[0402-close] no active tracking assignment matched destroyed target (targetID=81, eventWatcher=4)
[0402-close] no active tracking assignment matched destroyed target (targetID=82, eventWatcher=5)
[0402-close] no active tracking assignment matched destroyed target (targetID=83, eventWatcher=5)
[0402-close] no active tracking assignment matched destroyed target (targetID=84, eventWatcher=5)
[0402-close] no active tracking assignment matched destroyed target (targetID=85, eventWatcher=4)
[0402-close] no active tracking assignment matched destroyed target (targetID=77, eventWatcher=4)
[0402-close] no active tracking assignment matched destroyed target (targetID=78, eventWatcher=6)
[0402-close] no active tracking assignment matched destroyed target (targetID=79, eventWatcher=5)
[0402-close] no active tracking assignment matched destroyed target (targetID=80, eventWatcher=5)
[0402-close] no active tracking assignment matched destroyed target (targetID=81, eventWatcher=4)
[0402-close] no active tracking assignment matched destroyed target (targetID=82, eventWatcher=5)
[0402-close] no active tracking assignment matched destroyed target (targetID=83, eventWatcher=5)
[0402-close] no active tracking assignment matched destroyed target (targetID=84, eventWatcher=5)
[0402-close] no active tracking assignment matched destroyed target (targetID=85, eventWatcher=4)
[0402-close] no active tracking assignment matched destroyed target (targetID=77, eventWatcher=4)
[0402-close] no active tracking assignment matched destroyed target (targetID=78, eventWatcher=6)
[0402-close] no active tracking assignment matched destroyed target (targetID=79, eventWatcher=5)
[0402-close] no active tracking assignment matched destroyed target (targetID=80, eventWatcher=5)
[0402-close] no active tracking assignment matched destroyed target (targetID=81, eventWatcher=4)
[0402-close] no active tracking assignment matched destroyed target (targetID=82, eventWatcher=5)
[0402-close] no active tracking assignment matched destroyed target (targetID=83, eventWatcher=5)
[0402-close] no active tracking assignment matched destroyed target (targetID=84, eventWatcher=5)
[0402-close] no active tracking assignment matched destroyed target (targetID=85, eventWatcher=4)
[0402-close] no active tracking assignment matched destroyed target (targetID=77, eventWatcher=4)
[0402-close] no active tracking assignment matched destroyed target (targetID=78, eventWatcher=6)
[0402-close] no active tracking assignment matched destroyed target (targetID=79, eventWatcher=5)
[0402-close] no active tracking assignment matched destroyed target (targetID=80, eventWatcher=5)
[0402-close] no active tracking assignment matched destroyed target (targetID=81, eventWatcher=4)
[0402-close] no active tracking assignment matched destroyed target (targetID=82, eventWatcher=5)
[0402-close] no active tracking assignment matched destroyed target (targetID=83, eventWatcher=5)
[0402-close] no active tracking assignment matched destroyed target (targetID=84, eventWatcher=5)
[0402-close] no active tracking assignment matched destroyed target (targetID=85, eventWatcher=4)
[0402-close] no active tracking assignment matched destroyed target (targetID=77, eventWatcher=4)
[0402-close] no active tracking assignment matched destroyed target (targetID=78, eventWatcher=6)
[0402-close] no active tracking assignment matched destroyed target (targetID=79, eventWatcher=5)
[0402-close] no active tracking assignment matched destroyed target (targetID=80, eventWatcher=5)
[0402-close] no active tracking assignment matched destroyed target (targetID=81, eventWatcher=4)
[0402-close] no active tracking assignment matched destroyed target (targetID=82, eventWatcher=5)
[0402-close] no active tracking assignment matched destroyed target (targetID=83, eventWatcher=5)
[0402-close] no active tracking assignment matched destroyed target (targetID=84, eventWatcher=5)
[0402-close] no active tracking assignment matched destroyed target (targetID=85, eventWatcher=4)
[0402-close] no active tracking assignment matched destroyed target (targetID=77, eventWatcher=4)
[0402-close] no active tracking assignment matched destroyed target (targetID=78, eventWatcher=6)
[0402-close] no active tracking assignment matched destroyed target (targetID=79, eventWatcher=5)
[0402-close] no active tracking assignment matched destroyed target (targetID=80, eventWatcher=5)
[0402-close] no active tracking assignment matched destroyed target (targetID=81, eventWatcher=4)
[0402-close] no active tracking assignment matched destroyed target (targetID=82, eventWatcher=5)
[0402-close] no active tracking assignment matched destroyed target (targetID=83, eventWatcher=5)
[0402-close] no active tracking assignment matched destroyed target (targetID=84, eventWatcher=5)
[0402-close] no active tracking assignment matched destroyed target (targetID=85, eventWatcher=4)
[0402-close] no active tracking assignment matched destroyed target (targetID=77, eventWatcher=4)
[0402-close] no active tracking assignment matched destroyed target (targetID=78, eventWatcher=6)
[0402-close] no active tracking assignment matched destroyed target (targetID=79, eventWatcher=5)
[0402-close] no active tracking assignment matched destroyed target (targetID=80, eventWatcher=5)
[0402-close] no active tracking assignment matched destroyed target (targetID=81, eventWatcher=4)
[0402-close] no active tracking assignment matched destroyed target (targetID=82, eventWatcher=5)
[0402-close] no active tracking assignment matched destroyed target (targetID=83, eventWatcher=5)
[0402-close] no active tracking assignment matched destroyed target (targetID=84, eventWatcher=5)
[0402-close] no active tracking assignment matched destroyed target (targetID=85, eventWatcher=4)
[0402-close] no active tracking assignment matched destroyed target (targetID=77, eventWatcher=4)
[0402-close] no active tracking assignment matched destroyed target (targetID=78, eventWatcher=6)
[0402-close] no active tracking assignment matched destroyed target (targetID=79, eventWatcher=5)
[0402-close] no active tracking assignment matched destroyed target (targetID=80, eventWatcher=5)
[0402-close] no active tracking assignment matched destroyed target (targetID=81, eventWatcher=4)
[0402-close] no active tracking assignment matched destroyed target (targetID=82, eventWatcher=5)
[0402-close] no active tracking assignment matched destroyed target (targetID=83, eventWatcher=5)
[0402-close] no active tracking assignment matched destroyed target (targetID=84, eventWatcher=5)
[0402-close] no active tracking assignment matched destroyed target (targetID=85, eventWatcher=4)
[RQUEUE] signal 0701 -> #15 옵션 정보 전송
[RQUEUE] signal 0305 -> #15 재계획 산출 완료
[0402-close] no active tracking assignment matched destroyed target (targetID=77, eventWatcher=4)
[0402-close] no active tracking assignment matched destroyed target (targetID=78, eventWatcher=6)
[0402-close] no active tracking assignment matched destroyed target (targetID=79, eventWatcher=5)
[0402-close] no active tracking assignment matched destroyed target (targetID=80, eventWatcher=5)
[0402-close] no active tracking assignment matched destroyed target (targetID=81, eventWatcher=4)
[0402-close] no active tracking assignment matched destroyed target (targetID=82, eventWatcher=5)
[0402-close] no active tracking assignment matched destroyed target (targetID=83, eventWatcher=5)
[0402-close] no active tracking assignment matched destroyed target (targetID=84, eventWatcher=5)
[0402-close] no active tracking assignment matched destroyed target (targetID=85, eventWatcher=4)
[0402-close] no active tracking assignment matched destroyed target (targetID=77, eventWatcher=4)
[0402-close] no active tracking assignment matched destroyed target (targetID=78, eventWatcher=6)
[0402-close] no active tracking assignment matched destroyed target (targetID=79, eventWatcher=5)
[0402-close] no active tracking assignment matched destroyed target (targetID=80, eventWatcher=5)
[0402-close] no active tracking assignment matched destroyed target (targetID=81, eventWatcher=4)
[0402-close] no active tracking assignment matched destroyed target (targetID=82, eventWatcher=5)
[0402-close] no active tracking assignment matched destroyed target (targetID=83, eventWatcher=5)
[0402-close] no active tracking assignment matched destroyed target (targetID=84, eventWatcher=5)
[0402-close] no active tracking assignment matched destroyed target (targetID=85, eventWatcher=4)
[0402-close] no active tracking assignment matched destroyed target (targetID=77, eventWatcher=4)
[0402-close] no active tracking assignment matched destroyed target (targetID=78, eventWatcher=6)
[0402-close] no active tracking assignment matched destroyed target (targetID=79, eventWatcher=5)
[0402-close] no active tracking assignment matched destroyed target (targetID=80, eventWatcher=5)
[0402-close] no active tracking assignment matched destroyed target (targetID=81, eventWatcher=4)
[0402-close] no active tracking assignment matched destroyed target (targetID=82, eventWatcher=5)
[0402-close] no active tracking assignment matched destroyed target (targetID=83, eventWatcher=5)
[0402-close] no active tracking assignment matched destroyed target (targetID=84, eventWatcher=5)
[0402-close] no active tracking assignment matched destroyed target (targetID=85, eventWatcher=4)
[0402-close] no active tracking assignment matched destroyed target (targetID=77, eventWatcher=4)
[0402-close] no active tracking assignment matched destroyed target (targetID=78, eventWatcher=6)
[0402-close] no active tracking assignment matched destroyed target (targetID=79, eventWatcher=5)
[0402-close] no active tracking assignment matched destroyed target (targetID=80, eventWatcher=5)
[0402-close] no active tracking assignment matched destroyed target (targetID=81, eventWatcher=4)
[0402-close] no active tracking assignment matched destroyed target (targetID=82, eventWatcher=5)
[0402-close] no active tracking assignment matched destroyed target (targetID=83, eventWatcher=5)
[0402-close] no active tracking assignment matched destroyed target (targetID=84, eventWatcher=5)
[0402-close] no active tracking assignment matched destroyed target (targetID=85, eventWatcher=4)
[0402-close] no active tracking assignment matched destroyed target (targetID=77, eventWatcher=4)
[0402-close] no active tracking assignment matched destroyed target (targetID=78, eventWatcher=6)
[0402-close] no active tracking assignment matched destroyed target (targetID=79, eventWatcher=5)
[0402-close] no active tracking assignment matched destroyed target (targetID=80, eventWatcher=5)
[0402-close] no active tracking assignment matched destroyed target (targetID=81, eventWatcher=4)
[0402-close] no active tracking assignment matched destroyed target (targetID=82, eventWatcher=5)
[0402-close] no active tracking assignment matched destroyed target (targetID=83, eventWatcher=5)
[0402-close] no active tracking assignment matched destroyed target (targetID=84, eventWatcher=5)
[0402-close] no active tracking assignment matched destroyed target (targetID=85, eventWatcher=4)
[0702] ignore=2 -> apply missionPlanID=700000029, source=DSC
[0702] 공격 배제 선택 -> target bundle isIgnored=1 반영 (count=3)
[QUALITY] startup grace armed (missionPlanID=700000029, duration=10.0s)
[RQUEUE] completed #15 표적탐지: 표적88 등 3개 발견 (결과 수신, signal=0702, active_ms=9994)
[0402-close] no active tracking assignment matched destroyed target (targetID=77, eventWatcher=4)
[0402-close] no active tracking assignment matched destroyed target (targetID=78, eventWatcher=6)
[0402-close] no active tracking assignment matched destroyed target (targetID=79, eventWatcher=5)
[0402-close] no active tracking assignment matched destroyed target (targetID=80, eventWatcher=5)
[0402-close] no active tracking assignment matched destroyed target (targetID=81, eventWatcher=4)
[0402-close] no active tracking assignment matched destroyed target (targetID=82, eventWatcher=5)
[0402-close] no active tracking assignment matched destroyed target (targetID=83, eventWatcher=5)
[0402-close] no active tracking assignment matched destroyed target (targetID=84, eventWatcher=5)
[0402-close] no active tracking assignment matched destroyed target (targetID=85, eventWatcher=4)
[0402-close] no active tracking assignment matched destroyed target (targetID=86, eventWatcher=4)
[0402-close] no active tracking assignment matched destroyed target (targetID=87, eventWatcher=5)
[0402-close] no active tracking assignment matched destroyed target (targetID=88, eventWatcher=6)
[RealTimeInferrer] Loading/Reloading Mission Plan: C:\Users\TRL98\Desktop\LAH_MUMT\Logs\Scenario_2026-05-21T132543\SBC3\MissionPlan\700000029.json
Updated Mission Context: torch.Size([384])
[0401] path-deviation trigger suppressed: within 3s after 0702 apply (remaining=2671ms)
[0402-close] no active tracking assignment matched destroyed target (targetID=77, eventWatcher=4)
[0402-close] no active tracking assignment matched destroyed target (targetID=78, eventWatcher=6)
[0402-close] no active tracking assignment matched destroyed target (targetID=79, eventWatcher=5)
[0402-close] no active tracking assignment matched destroyed target (targetID=80, eventWatcher=5)
[0402-close] no active tracking assignment matched destroyed target (targetID=81, eventWatcher=4)
[0402-close] no active tracking assignment matched destroyed target (targetID=82, eventWatcher=5)
[0402-close] no active tracking assignment matched destroyed target (targetID=83, eventWatcher=5)
[0402-close] no active tracking assignment matched destroyed target (targetID=84, eventWatcher=5)
[0402-close] no active tracking assignment matched destroyed target (targetID=85, eventWatcher=4)
[0402-close] no active tracking assignment matched destroyed target (targetID=86, eventWatcher=4)
[0402-close] no active tracking assignment matched destroyed target (targetID=87, eventWatcher=5)
[0402-close] no active tracking assignment matched destroyed target (targetID=88, eventWatcher=6)
[0402-close] no active tracking assignment matched destroyed target (targetID=77, eventWatcher=4)
[0402-close] no active tracking assignment matched destroyed target (targetID=78, eventWatcher=6)
[0402-close] no active tracking assignment matched destroyed target (targetID=79, eventWatcher=5)
[0402-close] no active tracking assignment matched destroyed target (targetID=80, eventWatcher=5)
[0402-close] no active tracking assignment matched destroyed target (targetID=81, eventWatcher=4)
[0402-close] no active tracking assignment matched destroyed target (targetID=82, eventWatcher=5)
[0402-close] no active tracking assignment matched destroyed target (targetID=83, eventWatcher=5)
[0402-close] no active tracking assignment matched destroyed target (targetID=84, eventWatcher=5)
[0402-close] no active tracking assignment matched destroyed target (targetID=85, eventWatcher=4)
[0402-close] no active tracking assignment matched destroyed target (targetID=86, eventWatcher=4)
[0402-close] no active tracking assignment matched destroyed target (targetID=87, eventWatcher=5)
[0402-close] no active tracking assignment matched destroyed target (targetID=88, eventWatcher=6)
[0402-close] no active tracking assignment matched destroyed target (targetID=77, eventWatcher=4)
[0402-close] no active tracking assignment matched destroyed target (targetID=78, eventWatcher=6)
[0402-close] no active tracking assignment matched destroyed target (targetID=79, eventWatcher=5)
[0402-close] no active tracking assignment matched destroyed target (targetID=80, eventWatcher=5)
[0402-close] no active tracking assignment matched destroyed target (targetID=81, eventWatcher=4)
[0402-close] no active tracking assignment matched destroyed target (targetID=82, eventWatcher=5)
[0402-close] no active tracking assignment matched destroyed target (targetID=83, eventWatcher=5)
[0402-close] no active tracking assignment matched destroyed target (targetID=84, eventWatcher=5)
[0402-close] no active tracking assignment matched destroyed target (targetID=85, eventWatcher=4)
[0402-close] no active tracking assignment matched destroyed target (targetID=86, eventWatcher=4)
[0402-close] no active tracking assignment matched destroyed target (targetID=87, eventWatcher=5)
[0402-close] no active tracking assignment matched destroyed target (targetID=88, eventWatcher=6)
[0402] new detections: 1
[0402] bundled target replan prepared: key=89-5, primaryTargetID=89, targets=[89]
[RQUEUE] queued #16 표적탐지: 표적89 발견 재계획
[RQUEUE] dispatching #16 표적탐지: 표적89 발견 재계획
[0902] replan request sent (level=2, reason=표적89 발견 재계획, planIds=700000030, 700000031)
[RQUEUE] active #16 표적탐지: 표적89 발견 재계획
[RQUEUE] bundle targets marked used: count=1
[RQUEUE] signal 0305 -> #16 재계획 수행중
[0402-close] no active tracking assignment matched destroyed target (targetID=77, eventWatcher=4)
[0402-close] no active tracking assignment matched destroyed target (targetID=78, eventWatcher=6)
[0402-close] no active tracking assignment matched destroyed target (targetID=79, eventWatcher=5)
[0402-close] no active tracking assignment matched destroyed target (targetID=80, eventWatcher=5)
[0402-close] no active tracking assignment matched destroyed target (targetID=81, eventWatcher=4)
[0402-close] no active tracking assignment matched destroyed target (targetID=82, eventWatcher=5)
[0402-close] no active tracking assignment matched destroyed target (targetID=83, eventWatcher=5)
[0402-close] no active tracking assignment matched destroyed target (targetID=84, eventWatcher=5)
[0402-close] no active tracking assignment matched destroyed target (targetID=85, eventWatcher=4)
[0402-close] no active tracking assignment matched destroyed target (targetID=86, eventWatcher=4)
[0402-close] no active tracking assignment matched destroyed target (targetID=87, eventWatcher=5)
[0402-close] no active tracking assignment matched destroyed target (targetID=88, eventWatcher=6)
[0402-close] no active tracking assignment matched destroyed target (targetID=77, eventWatcher=4)
[0402-close] no active tracking assignment matched destroyed target (targetID=78, eventWatcher=6)
[0402-close] no active tracking assignment matched destroyed target (targetID=79, eventWatcher=5)
[0402-close] no active tracking assignment matched destroyed target (targetID=80, eventWatcher=5)
[0402-close] no active tracking assignment matched destroyed target (targetID=81, eventWatcher=4)
[0402-close] no active tracking assignment matched destroyed target (targetID=82, eventWatcher=5)
[0402-close] no active tracking assignment matched destroyed target (targetID=83, eventWatcher=5)
[0402-close] no active tracking assignment matched destroyed target (targetID=84, eventWatcher=5)
[0402-close] no active tracking assignment matched destroyed target (targetID=85, eventWatcher=4)
[0402-close] no active tracking assignment matched destroyed target (targetID=86, eventWatcher=4)
[0402-close] no active tracking assignment matched destroyed target (targetID=87, eventWatcher=5)
[0402-close] no active tracking assignment matched destroyed target (targetID=88, eventWatcher=6)
[0402] new detections: 1
[0402] accumulated attack bundle prepared: count=2, targets=[89, 90]
[0402] bundled target replan prepared: key=90-6, primaryTargetID=90, targets=[89, 90]
[RQUEUE] queued #17 표적탐지: 표적90 등 2개 발견
[RQUEUE] suppress_options set on active #16 (targetID=89): 추가 표적 감지로 옵션 생략 예정
[0402-close] no active tracking assignment matched destroyed target (targetID=77, eventWatcher=4)
[0402-close] no active tracking assignment matched destroyed target (targetID=78, eventWatcher=6)
[0402-close] no active tracking assignment matched destroyed target (targetID=79, eventWatcher=5)
[0402-close] no active tracking assignment matched destroyed target (targetID=80, eventWatcher=5)
[0402-close] no active tracking assignment matched destroyed target (targetID=81, eventWatcher=4)
[0402-close] no active tracking assignment matched destroyed target (targetID=82, eventWatcher=5)
[0402-close] no active tracking assignment matched destroyed target (targetID=83, eventWatcher=5)
[0402-close] no active tracking assignment matched destroyed target (targetID=84, eventWatcher=5)
[0402-close] no active tracking assignment matched destroyed target (targetID=85, eventWatcher=4)
[0402-close] no active tracking assignment matched destroyed target (targetID=86, eventWatcher=4)
[0402-close] no active tracking assignment matched destroyed target (targetID=87, eventWatcher=5)
[0402-close] no active tracking assignment matched destroyed target (targetID=88, eventWatcher=6)
[0402-close] no active tracking assignment matched destroyed target (targetID=77, eventWatcher=4)
[0402-close] no active tracking assignment matched destroyed target (targetID=78, eventWatcher=6)
[0402-close] no active tracking assignment matched destroyed target (targetID=79, eventWatcher=5)
[0402-close] no active tracking assignment matched destroyed target (targetID=80, eventWatcher=5)
[0402-close] no active tracking assignment matched destroyed target (targetID=81, eventWatcher=4)
[0402-close] no active tracking assignment matched destroyed target (targetID=82, eventWatcher=5)
[0402-close] no active tracking assignment matched destroyed target (targetID=83, eventWatcher=5)
[0402-close] no active tracking assignment matched destroyed target (targetID=84, eventWatcher=5)
[0402-close] no active tracking assignment matched destroyed target (targetID=85, eventWatcher=4)
[0402-close] no active tracking assignment matched destroyed target (targetID=86, eventWatcher=4)
[0402-close] no active tracking assignment matched destroyed target (targetID=87, eventWatcher=5)
[0402-close] no active tracking assignment matched destroyed target (targetID=88, eventWatcher=6)
[0401TRACE] handler slow seq=1450 elapsed=0.306s ts=832653527627 states=6
[0402-close] no active tracking assignment matched destroyed target (targetID=77, eventWatcher=4)
[0402-close] no active tracking assignment matched destroyed target (targetID=78, eventWatcher=6)
[0402-close] no active tracking assignment matched destroyed target (targetID=79, eventWatcher=5)
[0402-close] no active tracking assignment matched destroyed target (targetID=80, eventWatcher=5)
[0402-close] no active tracking assignment matched destroyed target (targetID=81, eventWatcher=4)
[0402-close] no active tracking assignment matched destroyed target (targetID=82, eventWatcher=5)
[0402-close] no active tracking assignment matched destroyed target (targetID=83, eventWatcher=5)
[0402-close] no active tracking assignment matched destroyed target (targetID=84, eventWatcher=5)
[0402-close] no active tracking assignment matched destroyed target (targetID=85, eventWatcher=4)
[0402-close] no active tracking assignment matched destroyed target (targetID=86, eventWatcher=4)
[0402-close] no active tracking assignment matched destroyed target (targetID=87, eventWatcher=5)
[0402-close] no active tracking assignment matched destroyed target (targetID=88, eventWatcher=6)
[0402-close] no active tracking assignment matched destroyed target (targetID=77, eventWatcher=4)
[0402-close] no active tracking assignment matched destroyed target (targetID=78, eventWatcher=6)
[0402-close] no active tracking assignment matched destroyed target (targetID=79, eventWatcher=5)
[0402-close] no active tracking assignment matched destroyed target (targetID=80, eventWatcher=5)
[0402-close] no active tracking assignment matched destroyed target (targetID=81, eventWatcher=4)
[0402-close] no active tracking assignment matched destroyed target (targetID=82, eventWatcher=5)
[0402-close] no active tracking assignment matched destroyed target (targetID=83, eventWatcher=5)
[0402-close] no active tracking assignment matched destroyed target (targetID=84, eventWatcher=5)
[0402-close] no active tracking assignment matched destroyed target (targetID=85, eventWatcher=4)
[0402-close] no active tracking assignment matched destroyed target (targetID=86, eventWatcher=4)
[0402-close] no active tracking assignment matched destroyed target (targetID=87, eventWatcher=5)
[0402-close] no active tracking assignment matched destroyed target (targetID=88, eventWatcher=6)
[0402-close] no active tracking assignment matched destroyed target (targetID=77, eventWatcher=4)
[0402-close] no active tracking assignment matched destroyed target (targetID=78, eventWatcher=6)
[0402-close] no active tracking assignment matched destroyed target (targetID=79, eventWatcher=5)
[0402-close] no active tracking assignment matched destroyed target (targetID=80, eventWatcher=5)
[0402-close] no active tracking assignment matched destroyed target (targetID=81, eventWatcher=4)
[0402-close] no active tracking assignment matched destroyed target (targetID=82, eventWatcher=5)
[0402-close] no active tracking assignment matched destroyed target (targetID=83, eventWatcher=5)
[0402-close] no active tracking assignment matched destroyed target (targetID=84, eventWatcher=5)
[0402-close] no active tracking assignment matched destroyed target (targetID=85, eventWatcher=4)
[0402-close] no active tracking assignment matched destroyed target (targetID=86, eventWatcher=4)
[0402-close] no active tracking assignment matched destroyed target (targetID=87, eventWatcher=5)
[0402-close] no active tracking assignment matched destroyed target (targetID=88, eventWatcher=6)
[0401TRACE] handler slow seq=1457 elapsed=0.301s ts=832653530624 states=6
[0402-close] no active tracking assignment matched destroyed target (targetID=77, eventWatcher=4)
[0402-close] no active tracking assignment matched destroyed target (targetID=78, eventWatcher=6)
[0402-close] no active tracking assignment matched destroyed target (targetID=79, eventWatcher=5)
[0402-close] no active tracking assignment matched destroyed target (targetID=80, eventWatcher=5)
[0402-close] no active tracking assignment matched destroyed target (targetID=81, eventWatcher=4)
[0402-close] no active tracking assignment matched destroyed target (targetID=82, eventWatcher=5)
[0402-close] no active tracking assignment matched destroyed target (targetID=83, eventWatcher=5)
[0402-close] no active tracking assignment matched destroyed target (targetID=84, eventWatcher=5)
[0402-close] no active tracking assignment matched destroyed target (targetID=85, eventWatcher=4)
[0402-close] no active tracking assignment matched destroyed target (targetID=86, eventWatcher=4)
[0402-close] no active tracking assignment matched destroyed target (targetID=87, eventWatcher=5)
[0402-close] no active tracking assignment matched destroyed target (targetID=88, eventWatcher=6)
[0402-close] no active tracking assignment matched destroyed target (targetID=77, eventWatcher=4)
[0402-close] no active tracking assignment matched destroyed target (targetID=78, eventWatcher=6)
[0402-close] no active tracking assignment matched destroyed target (targetID=79, eventWatcher=5)
[0402-close] no active tracking assignment matched destroyed target (targetID=80, eventWatcher=5)
[0402-close] no active tracking assignment matched destroyed target (targetID=81, eventWatcher=4)
[0402-close] no active tracking assignment matched destroyed target (targetID=82, eventWatcher=5)
[0402-close] no active tracking assignment matched destroyed target (targetID=83, eventWatcher=5)
[0402-close] no active tracking assignment matched destroyed target (targetID=84, eventWatcher=5)
[0402-close] no active tracking assignment matched destroyed target (targetID=85, eventWatcher=4)
[0402-close] no active tracking assignment matched destroyed target (targetID=86, eventWatcher=4)
[0402-close] no active tracking assignment matched destroyed target (targetID=87, eventWatcher=5)
[0402-close] no active tracking assignment matched destroyed target (targetID=88, eventWatcher=6)
[RQUEUE] completed #16 표적탐지: 표적89 발견 재계획 (옵션 생략(표적 추가), signal=0001, active_ms=8050)
[RQUEUE] dispatching #17 표적탐지: 표적90 등 2개 발견
[RQUEUE] pending attack slot assignment cleared for suppressed planIDs=700000030
[0902] replan request sent (level=2, reason=표적90 등 2개 발견, planIds=700000032, 700000033)
[RQUEUE] active #17 표적탐지: 표적90 등 2개 발견
[RQUEUE] bundle targets marked used: count=2
[RQUEUE] signal 0305 -> #17 재계획 수행중
[0402-close] no active tracking assignment matched destroyed target (targetID=77, eventWatcher=4)
[0402-close] no active tracking assignment matched destroyed target (targetID=78, eventWatcher=6)
[0402-close] no active tracking assignment matched destroyed target (targetID=79, eventWatcher=5)
[0402-close] no active tracking assignment matched destroyed target (targetID=80, eventWatcher=5)
[0402-close] no active tracking assignment matched destroyed target (targetID=81, eventWatcher=4)
[0402-close] no active tracking assignment matched destroyed target (targetID=82, eventWatcher=5)
[0402-close] no active tracking assignment matched destroyed target (targetID=83, eventWatcher=5)
[0402-close] no active tracking assignment matched destroyed target (targetID=84, eventWatcher=5)
[0402-close] no active tracking assignment matched destroyed target (targetID=85, eventWatcher=4)
[0402-close] no active tracking assignment matched destroyed target (targetID=86, eventWatcher=4)
[0402-close] no active tracking assignment matched destroyed target (targetID=87, eventWatcher=5)
[0402-close] no active tracking assignment matched destroyed target (targetID=88, eventWatcher=6)
[0401TRACE] handler slow seq=1465 elapsed=0.305s ts=832653533830 states=6
[0402-close] no active tracking assignment matched destroyed target (targetID=77, eventWatcher=4)
[0402-close] no active tracking assignment matched destroyed target (targetID=78, eventWatcher=6)
[0402-close] no active tracking assignment matched destroyed target (targetID=79, eventWatcher=5)
[0402-close] no active tracking assignment matched destroyed target (targetID=80, eventWatcher=5)
[0402-close] no active tracking assignment matched destroyed target (targetID=81, eventWatcher=4)
[0402-close] no active tracking assignment matched destroyed target (targetID=82, eventWatcher=5)
[0402-close] no active tracking assignment matched destroyed target (targetID=83, eventWatcher=5)
[0402-close] no active tracking assignment matched destroyed target (targetID=84, eventWatcher=5)
[0402-close] no active tracking assignment matched destroyed target (targetID=85, eventWatcher=4)
[0402-close] no active tracking assignment matched destroyed target (targetID=86, eventWatcher=4)
[0402-close] no active tracking assignment matched destroyed target (targetID=87, eventWatcher=5)
[0402-close] no active tracking assignment matched destroyed target (targetID=88, eventWatcher=6)
[0402-close] no active tracking assignment matched destroyed target (targetID=77, eventWatcher=4)
[0402-close] no active tracking assignment matched destroyed target (targetID=78, eventWatcher=6)
[0402-close] no active tracking assignment matched destroyed target (targetID=79, eventWatcher=5)
[0402-close] no active tracking assignment matched destroyed target (targetID=80, eventWatcher=5)
[0402-close] no active tracking assignment matched destroyed target (targetID=81, eventWatcher=4)
[0402-close] no active tracking assignment matched destroyed target (targetID=82, eventWatcher=5)
[0402-close] no active tracking assignment matched destroyed target (targetID=83, eventWatcher=5)
[0402-close] no active tracking assignment matched destroyed target (targetID=84, eventWatcher=5)
[0402-close] no active tracking assignment matched destroyed target (targetID=85, eventWatcher=4)
[0402-close] no active tracking assignment matched destroyed target (targetID=86, eventWatcher=4)
[0402-close] no active tracking assignment matched destroyed target (targetID=87, eventWatcher=5)
[0402-close] no active tracking assignment matched destroyed target (targetID=88, eventWatcher=6)
[0401TRACE] handler slow seq=1468 elapsed=0.305s ts=832653535424 states=6
[0402-close] no active tracking assignment matched destroyed target (targetID=77, eventWatcher=4)
[0402-close] no active tracking assignment matched destroyed target (targetID=78, eventWatcher=6)
[0402-close] no active tracking assignment matched destroyed target (targetID=79, eventWatcher=5)
[0402-close] no active tracking assignment matched destroyed target (targetID=80, eventWatcher=5)
[0402-close] no active tracking assignment matched destroyed target (targetID=81, eventWatcher=4)
[0402-close] no active tracking assignment matched destroyed target (targetID=82, eventWatcher=5)
[0402-close] no active tracking assignment matched destroyed target (targetID=83, eventWatcher=5)
[0402-close] no active tracking assignment matched destroyed target (targetID=84, eventWatcher=5)
[0402-close] no active tracking assignment matched destroyed target (targetID=85, eventWatcher=4)
[0402-close] no active tracking assignment matched destroyed target (targetID=86, eventWatcher=4)
[0402-close] no active tracking assignment matched destroyed target (targetID=87, eventWatcher=5)
[0402-close] no active tracking assignment matched destroyed target (targetID=88, eventWatcher=6)
[0401TRACE] handler slow seq=1470 elapsed=0.316s ts=832653536223 states=6
[0402-close] no active tracking assignment matched destroyed target (targetID=77, eventWatcher=4)
[0402-close] no active tracking assignment matched destroyed target (targetID=78, eventWatcher=6)
[0402-close] no active tracking assignment matched destroyed target (targetID=79, eventWatcher=5)
[0402-close] no active tracking assignment matched destroyed target (targetID=80, eventWatcher=5)
[0402-close] no active tracking assignment matched destroyed target (targetID=81, eventWatcher=4)
[0402-close] no active tracking assignment matched destroyed target (targetID=82, eventWatcher=5)
[0402-close] no active tracking assignment matched destroyed target (targetID=83, eventWatcher=5)
[0402-close] no active tracking assignment matched destroyed target (targetID=84, eventWatcher=5)
[0402-close] no active tracking assignment matched destroyed target (targetID=85, eventWatcher=4)
[0402-close] no active tracking assignment matched destroyed target (targetID=86, eventWatcher=4)
[0402-close] no active tracking assignment matched destroyed target (targetID=87, eventWatcher=5)
[0402-close] no active tracking assignment matched destroyed target (targetID=88, eventWatcher=6)
[0401TRACE] slow phase=area_tab elapsed=0.153s seq=1474
[0401TRACE] handler slow seq=1474 elapsed=0.315s ts=832653537827 states=6
[0402-close] no active tracking assignment matched destroyed target (targetID=77, eventWatcher=4)
[0402-close] no active tracking assignment matched destroyed target (targetID=78, eventWatcher=6)
[0402-close] no active tracking assignment matched destroyed target (targetID=79, eventWatcher=5)
[0402-close] no active tracking assignment matched destroyed target (targetID=80, eventWatcher=5)
[0402-close] no active tracking assignment matched destroyed target (targetID=81, eventWatcher=4)
[0402-close] no active tracking assignment matched destroyed target (targetID=82, eventWatcher=5)
[0402-close] no active tracking assignment matched destroyed target (targetID=83, eventWatcher=5)
[0402-close] no active tracking assignment matched destroyed target (targetID=84, eventWatcher=5)
[0402-close] no active tracking assignment matched destroyed target (targetID=85, eventWatcher=4)
[0402-close] no active tracking assignment matched destroyed target (targetID=86, eventWatcher=4)
[0402-close] no active tracking assignment matched destroyed target (targetID=87, eventWatcher=5)
[0402-close] no active tracking assignment matched destroyed target (targetID=88, eventWatcher=6)
[0401TRACE] handler slow seq=1476 elapsed=0.308s ts=832653538828 states=6
[0402-close] no active tracking assignment matched destroyed target (targetID=77, eventWatcher=4)
[0402-close] no active tracking assignment matched destroyed target (targetID=78, eventWatcher=6)
[0402-close] no active tracking assignment matched destroyed target (targetID=79, eventWatcher=5)
[0402-close] no active tracking assignment matched destroyed target (targetID=80, eventWatcher=5)
[0402-close] no active tracking assignment matched destroyed target (targetID=81, eventWatcher=4)
[0402-close] no active tracking assignment matched destroyed target (targetID=82, eventWatcher=5)
[0402-close] no active tracking assignment matched destroyed target (targetID=83, eventWatcher=5)
[0402-close] no active tracking assignment matched destroyed target (targetID=84, eventWatcher=5)
[0402-close] no active tracking assignment matched destroyed target (targetID=85, eventWatcher=4)
[0402-close] no active tracking assignment matched destroyed target (targetID=86, eventWatcher=4)
[0402-close] no active tracking assignment matched destroyed target (targetID=87, eventWatcher=5)
[0402-close] no active tracking assignment matched destroyed target (targetID=88, eventWatcher=6)
[0402-close] no active tracking assignment matched destroyed target (targetID=77, eventWatcher=4)
[0402-close] no active tracking assignment matched destroyed target (targetID=78, eventWatcher=6)
[0402-close] no active tracking assignment matched destroyed target (targetID=79, eventWatcher=5)
[0402-close] no active tracking assignment matched destroyed target (targetID=80, eventWatcher=5)
[0402-close] no active tracking assignment matched destroyed target (targetID=81, eventWatcher=4)
[0402-close] no active tracking assignment matched destroyed target (targetID=82, eventWatcher=5)
[0402-close] no active tracking assignment matched destroyed target (targetID=83, eventWatcher=5)
[0402-close] no active tracking assignment matched destroyed target (targetID=84, eventWatcher=5)
[0402-close] no active tracking assignment matched destroyed target (targetID=85, eventWatcher=4)
[0402-close] no active tracking assignment matched destroyed target (targetID=86, eventWatcher=4)
[0402-close] no active tracking assignment matched destroyed target (targetID=87, eventWatcher=5)
[0402-close] no active tracking assignment matched destroyed target (targetID=88, eventWatcher=6)
[RQUEUE] signal 0701 -> #17 옵션 정보 전송
[RQUEUE] signal 0305 -> #17 재계획 산출 완료
[0402-close] no active tracking assignment matched destroyed target (targetID=77, eventWatcher=4)
[0402-close] no active tracking assignment matched destroyed target (targetID=78, eventWatcher=6)
[0402-close] no active tracking assignment matched destroyed target (targetID=79, eventWatcher=5)
[0402-close] no active tracking assignment matched destroyed target (targetID=80, eventWatcher=5)
[0402-close] no active tracking assignment matched destroyed target (targetID=81, eventWatcher=4)
[0402-close] no active tracking assignment matched destroyed target (targetID=82, eventWatcher=5)
[0402-close] no active tracking assignment matched destroyed target (targetID=83, eventWatcher=5)
[0402-close] no active tracking assignment matched destroyed target (targetID=84, eventWatcher=5)
[0402-close] no active tracking assignment matched destroyed target (targetID=85, eventWatcher=4)
[0402-close] no active tracking assignment matched destroyed target (targetID=86, eventWatcher=4)
[0402-close] no active tracking assignment matched destroyed target (targetID=87, eventWatcher=5)
[0402-close] no active tracking assignment matched destroyed target (targetID=88, eventWatcher=6)
[0402-close] no active tracking assignment matched destroyed target (targetID=77, eventWatcher=4)
[0402-close] no active tracking assignment matched destroyed target (targetID=78, eventWatcher=6)
[0402-close] no active tracking assignment matched destroyed target (targetID=79, eventWatcher=5)
[0402-close] no active tracking assignment matched destroyed target (targetID=80, eventWatcher=5)
[0402-close] no active tracking assignment matched destroyed target (targetID=81, eventWatcher=4)
[0402-close] no active tracking assignment matched destroyed target (targetID=82, eventWatcher=5)
[0402-close] no active tracking assignment matched destroyed target (targetID=83, eventWatcher=5)
[0402-close] no active tracking assignment matched destroyed target (targetID=84, eventWatcher=5)
[0402-close] no active tracking assignment matched destroyed target (targetID=85, eventWatcher=4)
[0402-close] no active tracking assignment matched destroyed target (targetID=86, eventWatcher=4)
[0402-close] no active tracking assignment matched destroyed target (targetID=87, eventWatcher=5)
[0402-close] no active tracking assignment matched destroyed target (targetID=88, eventWatcher=6)
[0402-close] no active tracking assignment matched destroyed target (targetID=77, eventWatcher=4)
[0402-close] no active tracking assignment matched destroyed target (targetID=78, eventWatcher=6)
[0402-close] no active tracking assignment matched destroyed target (targetID=79, eventWatcher=5)
[0402-close] no active tracking assignment matched destroyed target (targetID=80, eventWatcher=5)
[0402-close] no active tracking assignment matched destroyed target (targetID=81, eventWatcher=4)
[0402-close] no active tracking assignment matched destroyed target (targetID=82, eventWatcher=5)
[0402-close] no active tracking assignment matched destroyed target (targetID=83, eventWatcher=5)
[0402-close] no active tracking assignment matched destroyed target (targetID=84, eventWatcher=5)
[0402-close] no active tracking assignment matched destroyed target (targetID=85, eventWatcher=4)
[0402-close] no active tracking assignment matched destroyed target (targetID=86, eventWatcher=4)
[0402-close] no active tracking assignment matched destroyed target (targetID=87, eventWatcher=5)
[0402-close] no active tracking assignment matched destroyed target (targetID=88, eventWatcher=6)
[0402-close] no active tracking assignment matched destroyed target (targetID=77, eventWatcher=4)
[0402-close] no active tracking assignment matched destroyed target (targetID=78, eventWatcher=6)
[0402-close] no active tracking assignment matched destroyed target (targetID=79, eventWatcher=5)
[0402-close] no active tracking assignment matched destroyed target (targetID=80, eventWatcher=5)
[0402-close] no active tracking assignment matched destroyed target (targetID=81, eventWatcher=4)
[0402-close] no active tracking assignment matched destroyed target (targetID=82, eventWatcher=5)
[0402-close] no active tracking assignment matched destroyed target (targetID=83, eventWatcher=5)
[0402-close] no active tracking assignment matched destroyed target (targetID=84, eventWatcher=5)
[0402-close] no active tracking assignment matched destroyed target (targetID=85, eventWatcher=4)
[0402-close] no active tracking assignment matched destroyed target (targetID=86, eventWatcher=4)
[0402-close] no active tracking assignment matched destroyed target (targetID=87, eventWatcher=5)
[0402-close] no active tracking assignment matched destroyed target (targetID=88, eventWatcher=6)
[0402-close] no active tracking assignment matched destroyed target (targetID=77, eventWatcher=4)
[0402-close] no active tracking assignment matched destroyed target (targetID=78, eventWatcher=6)
[0402-close] no active tracking assignment matched destroyed target (targetID=79, eventWatcher=5)
[0402-close] no active tracking assignment matched destroyed target (targetID=80, eventWatcher=5)
[0402-close] no active tracking assignment matched destroyed target (targetID=81, eventWatcher=4)
[0402-close] no active tracking assignment matched destroyed target (targetID=82, eventWatcher=5)
[0402-close] no active tracking assignment matched destroyed target (targetID=83, eventWatcher=5)
[0402-close] no active tracking assignment matched destroyed target (targetID=84, eventWatcher=5)
[0402-close] no active tracking assignment matched destroyed target (targetID=85, eventWatcher=4)
[0402-close] no active tracking assignment matched destroyed target (targetID=86, eventWatcher=4)
[0402-close] no active tracking assignment matched destroyed target (targetID=87, eventWatcher=5)
[0402-close] no active tracking assignment matched destroyed target (targetID=88, eventWatcher=6)
[0402-close] no active tracking assignment matched destroyed target (targetID=77, eventWatcher=4)
[0402-close] no active tracking assignment matched destroyed target (targetID=78, eventWatcher=6)
[0402-close] no active tracking assignment matched destroyed target (targetID=79, eventWatcher=5)
[0402-close] no active tracking assignment matched destroyed target (targetID=80, eventWatcher=5)
[0402-close] no active tracking assignment matched destroyed target (targetID=81, eventWatcher=4)
[0402-close] no active tracking assignment matched destroyed target (targetID=82, eventWatcher=5)
[0402-close] no active tracking assignment matched destroyed target (targetID=83, eventWatcher=5)
[0402-close] no active tracking assignment matched destroyed target (targetID=84, eventWatcher=5)
[0402-close] no active tracking assignment matched destroyed target (targetID=85, eventWatcher=4)
[0402-close] no active tracking assignment matched destroyed target (targetID=86, eventWatcher=4)
[0402-close] no active tracking assignment matched destroyed target (targetID=87, eventWatcher=5)
[0402-close] no active tracking assignment matched destroyed target (targetID=88, eventWatcher=6)
[0402-close] no active tracking assignment matched destroyed target (targetID=77, eventWatcher=4)
[0402-close] no active tracking assignment matched destroyed target (targetID=78, eventWatcher=6)
[0402-close] no active tracking assignment matched destroyed target (targetID=79, eventWatcher=5)
[0402-close] no active tracking assignment matched destroyed target (targetID=80, eventWatcher=5)
[0402-close] no active tracking assignment matched destroyed target (targetID=81, eventWatcher=4)
[0402-close] no active tracking assignment matched destroyed target (targetID=82, eventWatcher=5)
[0402-close] no active tracking assignment matched destroyed target (targetID=83, eventWatcher=5)
[0402-close] no active tracking assignment matched destroyed target (targetID=84, eventWatcher=5)
[0402-close] no active tracking assignment matched destroyed target (targetID=85, eventWatcher=4)
[0402-close] no active tracking assignment matched destroyed target (targetID=86, eventWatcher=4)
[0402-close] no active tracking assignment matched destroyed target (targetID=87, eventWatcher=5)
[0402-close] no active tracking assignment matched destroyed target (targetID=88, eventWatcher=6)
[0402-close] no active tracking assignment matched destroyed target (targetID=77, eventWatcher=4)
[0402-close] no active tracking assignment matched destroyed target (targetID=78, eventWatcher=6)
[0402-close] no active tracking assignment matched destroyed target (targetID=79, eventWatcher=5)
[0402-close] no active tracking assignment matched destroyed target (targetID=80, eventWatcher=5)
[0402-close] no active tracking assignment matched destroyed target (targetID=81, eventWatcher=4)
[0402-close] no active tracking assignment matched destroyed target (targetID=82, eventWatcher=5)
[0402-close] no active tracking assignment matched destroyed target (targetID=83, eventWatcher=5)
[0402-close] no active tracking assignment matched destroyed target (targetID=84, eventWatcher=5)
[0402-close] no active tracking assignment matched destroyed target (targetID=85, eventWatcher=4)
[0402-close] no active tracking assignment matched destroyed target (targetID=86, eventWatcher=4)
[0402-close] no active tracking assignment matched destroyed target (targetID=87, eventWatcher=5)
[0402-close] no active tracking assignment matched destroyed target (targetID=88, eventWatcher=6)
[0702] ignore=2 -> apply missionPlanID=700000033, source=DSC
[0702] 공격 배제 선택 -> target bundle isIgnored=1 반영 (count=2)
[QUALITY] startup grace armed (missionPlanID=700000033, duration=10.0s)
[RQUEUE] completed #17 표적탐지: 표적90 등 2개 발견 (결과 수신, signal=0702, active_ms=14796)
[0402-close] no active tracking assignment matched destroyed target (targetID=77, eventWatcher=4)
[0402-close] no active tracking assignment matched destroyed target (targetID=78, eventWatcher=6)
[0402-close] no active tracking assignment matched destroyed target (targetID=79, eventWatcher=5)
[0402-close] no active tracking assignment matched destroyed target (targetID=80, eventWatcher=5)
[0402-close] no active tracking assignment matched destroyed target (targetID=81, eventWatcher=4)
[0402-close] no active tracking assignment matched destroyed target (targetID=82, eventWatcher=5)
[0402-close] no active tracking assignment matched destroyed target (targetID=83, eventWatcher=5)
[0402-close] no active tracking assignment matched destroyed target (targetID=84, eventWatcher=5)
[0402-close] no active tracking assignment matched destroyed target (targetID=85, eventWatcher=4)
[0402-close] no active tracking assignment matched destroyed target (targetID=86, eventWatcher=4)
[0402-close] no active tracking assignment matched destroyed target (targetID=87, eventWatcher=5)
[0402-close] no active tracking assignment matched destroyed target (targetID=88, eventWatcher=6)
[0402-close] no active tracking assignment matched destroyed target (targetID=89, eventWatcher=5)
[0402-close] no active tracking assignment matched destroyed target (targetID=90, eventWatcher=6)
[RealTimeInferrer] Loading/Reloading Mission Plan: C:\Users\TRL98\Desktop\LAH_MUMT\Logs\Scenario_2026-05-21T132543\SBC3\MissionPlan\700000033.json
Updated Mission Context: torch.Size([384])
[0401] path-deviation trigger suppressed: within 3s after 0702 apply (remaining=2645ms)
[0401TRACE] handler slow seq=1525 elapsed=0.307s ts=832653556818 states=6
[0402-close] no active tracking assignment matched destroyed target (targetID=77, eventWatcher=4)
[0402-close] no active tracking assignment matched destroyed target (targetID=78, eventWatcher=6)
[0402-close] no active tracking assignment matched destroyed target (targetID=79, eventWatcher=5)
[0402-close] no active tracking assignment matched destroyed target (targetID=80, eventWatcher=5)
[0402-close] no active tracking assignment matched destroyed target (targetID=81, eventWatcher=4)
[0402-close] no active tracking assignment matched destroyed target (targetID=82, eventWatcher=5)
[0402-close] no active tracking assignment matched destroyed target (targetID=83, eventWatcher=5)
[0402-close] no active tracking assignment matched destroyed target (targetID=84, eventWatcher=5)
[0402-close] no active tracking assignment matched destroyed target (targetID=85, eventWatcher=4)
[0402-close] no active tracking assignment matched destroyed target (targetID=86, eventWatcher=4)
[0402-close] no active tracking assignment matched destroyed target (targetID=87, eventWatcher=5)
[0402-close] no active tracking assignment matched destroyed target (targetID=88, eventWatcher=6)
[0402-close] no active tracking assignment matched destroyed target (targetID=89, eventWatcher=5)
[0402-close] no active tracking assignment matched destroyed target (targetID=90, eventWatcher=6)
[0401TRACE] handler slow seq=1611 elapsed=0.302s ts=832653585626 states=6
[0401TRACE] handler slow seq=1619 elapsed=0.357s ts=832653589621 states=6
[0401TRACE] handler slow seq=1620 elapsed=0.355s ts=832653590216 states=6
[0201] DB 참조! (C:\Users\TRL98\Desktop\LAH_MUMT\Logs\Scenario_2026-05-21T132543\SBC3\InputMissionPlan\3.json)
[0401TRACE] handler slow seq=1621 elapsed=0.374s ts=832653590624 states=6
[REEXEC] refreshed 0201 clone detected before execute=2 listener -> dispatching 0902 replan request (package=3, timestamp=832653591020, inputMissionID=5)
[CURRENT] reexecute attach start: currentInputMissionID=5, firstPayloadInputID=5, aircraft=4,5,6
[CURRENT] reexecute cached 0401 rows loaded: count=6
[CURRENT] reexecute source missionPlanID attached: 700000033
[CURRENT] reexecute snapshot entries resolved: count=3, lead=5.0s
[CURRENT] reexecute current-position hybrid attached for all options
[RQUEUE] dispatching #18 재실행: 협업기저임무 재수행 요청
[REINPUT] skipped: reexecute 0201 already handled
[REEXEC] execute=2 received after refreshed 0201 clone -> already dispatched reexecute 0902 (package=3, timestamp=832653591020, inputMissionID=5)
[0401TRACE] handler slow seq=1622 elapsed=0.325s ts=832653591231 states=6
[0902] replan request sent (level=1, reason=협업기저임무 재수행 요청, planIds=700000034, 700000035, 700000036)
[RQUEUE] active #18 재실행: 협업기저임무 재수행 요청
[RQUEUE] signal 0305 -> #18 재계획 수행중
[0401TRACE] handler slow seq=1623 elapsed=0.390s ts=832653591621 states=6
[0501] heartbeat failover send active
[0401TRACE] handler slow seq=1624 elapsed=0.358s ts=832653592229 states=6
[0401TRACE] handler slow seq=1625 elapsed=0.402s ts=832653592631 states=6
[0401TRACE] handler slow seq=1626 elapsed=0.357s ts=832653593239 states=6
[0401TRACE] handler slow seq=1627 elapsed=0.392s ts=832653593628 states=6
[0501] heartbeat skipped: push lock busy
[0401TRACE] handler slow seq=1628 elapsed=0.394s ts=832653594224 states=6
[0401TRACE] handler slow seq=1629 elapsed=0.374s ts=832653594631 states=6
[0401TRACE] handler slow seq=1630 elapsed=0.395s ts=832653595227 states=6
[0401TRACE] handler slow seq=1631 elapsed=0.405s ts=832653595660 states=6
[0401TRACE] handler slow seq=1632 elapsed=0.411s ts=832653596227 states=6
[0401TRACE] handler slow seq=1633 elapsed=0.393s ts=832653596617 states=6
[0401TRACE] handler slow seq=1634 elapsed=0.410s ts=832653597226 states=6
[0401TRACE] handler slow seq=1635 elapsed=0.370s ts=832653597620 states=6
[0401TRACE] handler slow seq=1636 elapsed=0.405s ts=832653598217 states=6
[0401TRACE] handler slow seq=1637 elapsed=0.361s ts=832653598624 states=6
[0401TRACE] handler slow seq=1638 elapsed=0.403s ts=832653599216 states=6
[0401TRACE] handler slow seq=1639 elapsed=0.382s ts=832653599621 states=6
[0401TRACE] handler slow seq=1640 elapsed=0.380s ts=832653600227 states=6
[0401TRACE] handler slow seq=1641 elapsed=0.367s ts=832653600616 states=6
[0401TRACE] handler slow seq=1642 elapsed=0.402s ts=832653601223 states=6
[0401TRACE] handler slow seq=1643 elapsed=0.372s ts=832653601628 states=6
[0401TRACE] handler slow seq=1644 elapsed=0.398s ts=832653602228 states=6
[0401TRACE] handler slow seq=1645 elapsed=0.390s ts=832653602627 states=6
[0501] heartbeat failover send active
[0401TRACE] handler slow seq=1646 elapsed=0.427s ts=832653603218 states=6
[RQUEUE] signal 0701 -> #18 옵션 정보 전송
[RQUEUE] signal 0305 -> #18 재계획 산출 완료
[0401TRACE] handler slow seq=1647 elapsed=0.385s ts=832653603626 states=6
[0401TRACE] handler slow seq=1648 elapsed=0.347s ts=832653604230 states=6
[0401TRACE] handler slow seq=1649 elapsed=0.349s ts=832653604617 states=6
[0401TRACE] handler slow seq=1650 elapsed=0.317s ts=832653605227 states=6
[0401TRACE] handler slow seq=1651 elapsed=0.301s ts=832653605616 states=6
[0401TRACE] handler slow seq=1652 elapsed=0.340s ts=832653606020 states=6
[0401TRACE] handler slow seq=1653 elapsed=0.328s ts=832653606626 states=6
[0401TRACE] handler slow seq=1654 elapsed=0.346s ts=832653607218 states=6
[0702] ignore=2 -> apply missionPlanID=700000034, source=DSC
[QUALITY] startup grace armed (missionPlanID=700000034, duration=10.0s)
[RQUEUE] completed #18 재실행: 협업기저임무 재수행 요청 (결과 수신, signal=0702, active_ms=16181)
[RealTimeInferrer] Loading/Reloading Mission Plan: C:\Users\TRL98\Desktop\LAH_MUMT\Logs\Scenario_2026-05-21T132543\SBC3\MissionPlan\700000034.json
Updated Mission Context: torch.Size([384])
[0401] path-deviation trigger suppressed: within 3s after 0702 apply (remaining=2669ms)
[0401TRACE] handler slow seq=1655 elapsed=0.325s ts=832653607625 states=6
[0501] heartbeat failover send active
[0402-close] no active tracking assignment matched destroyed target (targetID=77, eventWatcher=4)
[0402-close] no active tracking assignment matched destroyed target (targetID=78, eventWatcher=6)
[0402-close] no active tracking assignment matched destroyed target (targetID=79, eventWatcher=5)
[0402-close] no active tracking assignment matched destroyed target (targetID=80, eventWatcher=5)
[0402-close] no active tracking assignment matched destroyed target (targetID=81, eventWatcher=4)
[0402-close] no active tracking assignment matched destroyed target (targetID=82, eventWatcher=5)
[0402-close] no active tracking assignment matched destroyed target (targetID=83, eventWatcher=5)
[0402-close] no active tracking assignment matched destroyed target (targetID=84, eventWatcher=5)
[0402-close] no active tracking assignment matched destroyed target (targetID=85, eventWatcher=4)
[0402-close] no active tracking assignment matched destroyed target (targetID=86, eventWatcher=4)
[0402-close] no active tracking assignment matched destroyed target (targetID=87, eventWatcher=5)
[0402-close] no active tracking assignment matched destroyed target (targetID=88, eventWatcher=6)
[0402-close] no active tracking assignment matched destroyed target (targetID=89, eventWatcher=5)
[0402-close] no active tracking assignment matched destroyed target (targetID=90, eventWatcher=6)
[0401TRACE] handler slow seq=1708 elapsed=0.329s ts=832653628224 states=6
[0401TRACE] handler slow seq=1709 elapsed=0.315s ts=832653628627 states=6
[0401TRACE] handler slow seq=1710 elapsed=0.302s ts=832653629220 states=6
[0401TRACE] handler slow seq=1711 elapsed=0.318s ts=832653629628 states=6
[0401TRACE] handler slow seq=1712 elapsed=0.347s ts=832653630252 states=6
[0401TRACE] handler slow seq=1713 elapsed=0.324s ts=832653630627 states=6
[0401TRACE] handler slow seq=1714 elapsed=0.337s ts=832653631219 states=6
[0401TRACE] handler slow seq=1715 elapsed=0.365s ts=832653631625 states=6
[0401TRACE] slow phase=area_tab elapsed=0.163s seq=1716
[0501] heartbeat failover send active
[0401TRACE] handler slow seq=1716 elapsed=0.485s ts=832653632217 states=6
[0401TRACE] handler slow seq=1721 elapsed=0.316s ts=832653634621 states=6
[0402-close] no active tracking assignment matched destroyed target (targetID=77, eventWatcher=4)
[0402-close] no active tracking assignment matched destroyed target (targetID=78, eventWatcher=6)
[0402-close] no active tracking assignment matched destroyed target (targetID=79, eventWatcher=5)
[0402-close] no active tracking assignment matched destroyed target (targetID=80, eventWatcher=5)
[0402-close] no active tracking assignment matched destroyed target (targetID=81, eventWatcher=4)
[0402-close] no active tracking assignment matched destroyed target (targetID=82, eventWatcher=5)
[0402-close] no active tracking assignment matched destroyed target (targetID=83, eventWatcher=5)
[0402-close] no active tracking assignment matched destroyed target (targetID=84, eventWatcher=5)
[0402-close] no active tracking assignment matched destroyed target (targetID=85, eventWatcher=4)
[0402-close] no active tracking assignment matched destroyed target (targetID=86, eventWatcher=4)
[0402-close] no active tracking assignment matched destroyed target (targetID=87, eventWatcher=5)
[0402-close] no active tracking assignment matched destroyed target (targetID=88, eventWatcher=6)
[0402-close] no active tracking assignment matched destroyed target (targetID=89, eventWatcher=5)
[0402-close] no active tracking assignment matched destroyed target (targetID=90, eventWatcher=6)
[0401TRACE] handler slow seq=1725 elapsed=0.305s ts=832653636628 states=6
[0402-close] no active tracking assignment matched destroyed target (targetID=77, eventWatcher=4)
[0402-close] no active tracking assignment matched destroyed target (targetID=78, eventWatcher=6)
[0402-close] no active tracking assignment matched destroyed target (targetID=79, eventWatcher=5)
[0402-close] no active tracking assignment matched destroyed target (targetID=80, eventWatcher=5)
[0402-close] no active tracking assignment matched destroyed target (targetID=81, eventWatcher=4)
[0402-close] no active tracking assignment matched destroyed target (targetID=82, eventWatcher=5)
[0402-close] no active tracking assignment matched destroyed target (targetID=83, eventWatcher=5)
[0402-close] no active tracking assignment matched destroyed target (targetID=84, eventWatcher=5)
[0402-close] no active tracking assignment matched destroyed target (targetID=85, eventWatcher=4)
[0402-close] no active tracking assignment matched destroyed target (targetID=86, eventWatcher=4)
[0402-close] no active tracking assignment matched destroyed target (targetID=87, eventWatcher=5)
[0402-close] no active tracking assignment matched destroyed target (targetID=88, eventWatcher=6)
[0402-close] no active tracking assignment matched destroyed target (targetID=89, eventWatcher=5)
[0402-close] no active tracking assignment matched destroyed target (targetID=90, eventWatcher=6)
[0402] new detections: 1
[0402] bundled target replan prepared: key=91-5, primaryTargetID=91, targets=[91]
[RQUEUE] queued #19 표적탐지: 표적91 발견 재계획
[0401TRACE] handler slow seq=1731 elapsed=0.310s ts=832653639627 states=6
[RQUEUE] dispatching #19 표적탐지: 표적91 발견 재계획
[0902] replan request sent (level=2, reason=표적91 발견 재계획, planIds=700000037, 700000038)
[RQUEUE] active #19 표적탐지: 표적91 발견 재계획
[RQUEUE] signal 0305 -> #19 재계획 수행중
[0402-close] no active tracking assignment matched destroyed target (targetID=77, eventWatcher=4)
[0402-close] no active tracking assignment matched destroyed target (targetID=78, eventWatcher=6)
[0402-close] no active tracking assignment matched destroyed target (targetID=79, eventWatcher=5)
[0402-close] no active tracking assignment matched destroyed target (targetID=80, eventWatcher=5)
[0402-close] no active tracking assignment matched destroyed target (targetID=81, eventWatcher=4)
[0402-close] no active tracking assignment matched destroyed target (targetID=82, eventWatcher=5)
[0402-close] no active tracking assignment matched destroyed target (targetID=83, eventWatcher=5)
[0402-close] no active tracking assignment matched destroyed target (targetID=84, eventWatcher=5)
[0402-close] no active tracking assignment matched destroyed target (targetID=85, eventWatcher=4)
[0402-close] no active tracking assignment matched destroyed target (targetID=86, eventWatcher=4)
[0402-close] no active tracking assignment matched destroyed target (targetID=87, eventWatcher=5)
[0402-close] no active tracking assignment matched destroyed target (targetID=88, eventWatcher=6)
[0402-close] no active tracking assignment matched destroyed target (targetID=89, eventWatcher=5)
[0402-close] no active tracking assignment matched destroyed target (targetID=90, eventWatcher=6)
[0402-close] no active tracking assignment matched destroyed target (targetID=77, eventWatcher=4)
[0402-close] no active tracking assignment matched destroyed target (targetID=78, eventWatcher=6)
[0402-close] no active tracking assignment matched destroyed target (targetID=79, eventWatcher=5)
[0402-close] no active tracking assignment matched destroyed target (targetID=80, eventWatcher=5)
[0402-close] no active tracking assignment matched destroyed target (targetID=81, eventWatcher=4)
[0402-close] no active tracking assignment matched destroyed target (targetID=82, eventWatcher=5)
[0402-close] no active tracking assignment matched destroyed target (targetID=83, eventWatcher=5)
[0402-close] no active tracking assignment matched destroyed target (targetID=84, eventWatcher=5)
[0402-close] no active tracking assignment matched destroyed target (targetID=85, eventWatcher=4)
[0402-close] no active tracking assignment matched destroyed target (targetID=86, eventWatcher=4)
[0402-close] no active tracking assignment matched destroyed target (targetID=87, eventWatcher=5)
[0402-close] no active tracking assignment matched destroyed target (targetID=88, eventWatcher=6)
[0402-close] no active tracking assignment matched destroyed target (targetID=89, eventWatcher=5)
[0402-close] no active tracking assignment matched destroyed target (targetID=90, eventWatcher=6)
[0401TRACE] handler slow seq=1735 elapsed=0.310s ts=832653641654 states=6
[0402-close] no active tracking assignment matched destroyed target (targetID=77, eventWatcher=4)
[0402-close] no active tracking assignment matched destroyed target (targetID=78, eventWatcher=6)
[0402-close] no active tracking assignment matched destroyed target (targetID=79, eventWatcher=5)
[0402-close] no active tracking assignment matched destroyed target (targetID=80, eventWatcher=5)
[0402-close] no active tracking assignment matched destroyed target (targetID=81, eventWatcher=4)
[0402-close] no active tracking assignment matched destroyed target (targetID=82, eventWatcher=5)
[0402-close] no active tracking assignment matched destroyed target (targetID=83, eventWatcher=5)
[0402-close] no active tracking assignment matched destroyed target (targetID=84, eventWatcher=5)
[0402-close] no active tracking assignment matched destroyed target (targetID=85, eventWatcher=4)
[0402-close] no active tracking assignment matched destroyed target (targetID=86, eventWatcher=4)
[0402-close] no active tracking assignment matched destroyed target (targetID=87, eventWatcher=5)
[0402-close] no active tracking assignment matched destroyed target (targetID=88, eventWatcher=6)
[0402-close] no active tracking assignment matched destroyed target (targetID=89, eventWatcher=5)
[0402-close] no active tracking assignment matched destroyed target (targetID=90, eventWatcher=6)
[0402-close] no active tracking assignment matched destroyed target (targetID=77, eventWatcher=4)
[0402-close] no active tracking assignment matched destroyed target (targetID=78, eventWatcher=6)
[0402-close] no active tracking assignment matched destroyed target (targetID=79, eventWatcher=5)
[0402-close] no active tracking assignment matched destroyed target (targetID=80, eventWatcher=5)
[0402-close] no active tracking assignment matched destroyed target (targetID=81, eventWatcher=4)
[0402-close] no active tracking assignment matched destroyed target (targetID=82, eventWatcher=5)
[0402-close] no active tracking assignment matched destroyed target (targetID=83, eventWatcher=5)
[0402-close] no active tracking assignment matched destroyed target (targetID=84, eventWatcher=5)
[0402-close] no active tracking assignment matched destroyed target (targetID=85, eventWatcher=4)
[0402-close] no active tracking assignment matched destroyed target (targetID=86, eventWatcher=4)
[0402-close] no active tracking assignment matched destroyed target (targetID=87, eventWatcher=5)
[0402-close] no active tracking assignment matched destroyed target (targetID=88, eventWatcher=6)
[0402-close] no active tracking assignment matched destroyed target (targetID=89, eventWatcher=5)
[0402-close] no active tracking assignment matched destroyed target (targetID=90, eventWatcher=6)
[0402-close] no active tracking assignment matched destroyed target (targetID=77, eventWatcher=4)
[0402-close] no active tracking assignment matched destroyed target (targetID=78, eventWatcher=6)
[0402-close] no active tracking assignment matched destroyed target (targetID=79, eventWatcher=5)
[0402-close] no active tracking assignment matched destroyed target (targetID=80, eventWatcher=5)
[0402-close] no active tracking assignment matched destroyed target (targetID=81, eventWatcher=4)
[0402-close] no active tracking assignment matched destroyed target (targetID=82, eventWatcher=5)
[0402-close] no active tracking assignment matched destroyed target (targetID=83, eventWatcher=5)
[0402-close] no active tracking assignment matched destroyed target (targetID=84, eventWatcher=5)
[0402-close] no active tracking assignment matched destroyed target (targetID=85, eventWatcher=4)
[0402-close] no active tracking assignment matched destroyed target (targetID=86, eventWatcher=4)
[0402-close] no active tracking assignment matched destroyed target (targetID=87, eventWatcher=5)
[0402-close] no active tracking assignment matched destroyed target (targetID=88, eventWatcher=6)
[0402-close] no active tracking assignment matched destroyed target (targetID=89, eventWatcher=5)
[0402-close] no active tracking assignment matched destroyed target (targetID=90, eventWatcher=6)
[0401TRACE] handler slow seq=1741 elapsed=0.311s ts=832653644622 states=6
[0402-close] no active tracking assignment matched destroyed target (targetID=77, eventWatcher=4)
[0402-close] no active tracking assignment matched destroyed target (targetID=78, eventWatcher=6)
[0402-close] no active tracking assignment matched destroyed target (targetID=79, eventWatcher=5)
[0402-close] no active tracking assignment matched destroyed target (targetID=80, eventWatcher=5)
[0402-close] no active tracking assignment matched destroyed target (targetID=81, eventWatcher=4)
[0402-close] no active tracking assignment matched destroyed target (targetID=82, eventWatcher=5)
[0402-close] no active tracking assignment matched destroyed target (targetID=83, eventWatcher=5)
[0402-close] no active tracking assignment matched destroyed target (targetID=84, eventWatcher=5)
[0402-close] no active tracking assignment matched destroyed target (targetID=85, eventWatcher=4)
[0402-close] no active tracking assignment matched destroyed target (targetID=86, eventWatcher=4)
[0402-close] no active tracking assignment matched destroyed target (targetID=87, eventWatcher=5)
[0402-close] no active tracking assignment matched destroyed target (targetID=88, eventWatcher=6)
[0402-close] no active tracking assignment matched destroyed target (targetID=89, eventWatcher=5)
[0402-close] no active tracking assignment matched destroyed target (targetID=90, eventWatcher=6)
[0402-close] no active tracking assignment matched destroyed target (targetID=77, eventWatcher=4)
[0402-close] no active tracking assignment matched destroyed target (targetID=78, eventWatcher=6)
[0402-close] no active tracking assignment matched destroyed target (targetID=79, eventWatcher=5)
[0402-close] no active tracking assignment matched destroyed target (targetID=80, eventWatcher=5)
[0402-close] no active tracking assignment matched destroyed target (targetID=81, eventWatcher=4)
[0402-close] no active tracking assignment matched destroyed target (targetID=82, eventWatcher=5)
[0402-close] no active tracking assignment matched destroyed target (targetID=83, eventWatcher=5)
[0402-close] no active tracking assignment matched destroyed target (targetID=84, eventWatcher=5)
[0402-close] no active tracking assignment matched destroyed target (targetID=85, eventWatcher=4)
[0402-close] no active tracking assignment matched destroyed target (targetID=86, eventWatcher=4)
[0402-close] no active tracking assignment matched destroyed target (targetID=87, eventWatcher=5)
[0402-close] no active tracking assignment matched destroyed target (targetID=88, eventWatcher=6)
[0402-close] no active tracking assignment matched destroyed target (targetID=89, eventWatcher=5)
[0402-close] no active tracking assignment matched destroyed target (targetID=90, eventWatcher=6)
[0401TRACE] handler slow seq=1745 elapsed=0.305s ts=832653646639 states=6
[0402-close] no active tracking assignment matched destroyed target (targetID=77, eventWatcher=4)
[0402-close] no active tracking assignment matched destroyed target (targetID=78, eventWatcher=6)
[0402-close] no active tracking assignment matched destroyed target (targetID=79, eventWatcher=5)
[0402-close] no active tracking assignment matched destroyed target (targetID=80, eventWatcher=5)
[0402-close] no active tracking assignment matched destroyed target (targetID=81, eventWatcher=4)
[0402-close] no active tracking assignment matched destroyed target (targetID=82, eventWatcher=5)
[0402-close] no active tracking assignment matched destroyed target (targetID=83, eventWatcher=5)
[0402-close] no active tracking assignment matched destroyed target (targetID=84, eventWatcher=5)
[0402-close] no active tracking assignment matched destroyed target (targetID=85, eventWatcher=4)
[0402-close] no active tracking assignment matched destroyed target (targetID=86, eventWatcher=4)
[0402-close] no active tracking assignment matched destroyed target (targetID=87, eventWatcher=5)
[0402-close] no active tracking assignment matched destroyed target (targetID=88, eventWatcher=6)
[0402-close] no active tracking assignment matched destroyed target (targetID=89, eventWatcher=5)
[0402-close] no active tracking assignment matched destroyed target (targetID=90, eventWatcher=6)
[0402-close] no active tracking assignment matched destroyed target (targetID=77, eventWatcher=4)
[0402-close] no active tracking assignment matched destroyed target (targetID=78, eventWatcher=6)
[0402-close] no active tracking assignment matched destroyed target (targetID=79, eventWatcher=5)
[0402-close] no active tracking assignment matched destroyed target (targetID=80, eventWatcher=5)
[0402-close] no active tracking assignment matched destroyed target (targetID=81, eventWatcher=4)
[0402-close] no active tracking assignment matched destroyed target (targetID=82, eventWatcher=5)
[0402-close] no active tracking assignment matched destroyed target (targetID=83, eventWatcher=5)
[0402-close] no active tracking assignment matched destroyed target (targetID=84, eventWatcher=5)
[0402-close] no active tracking assignment matched destroyed target (targetID=85, eventWatcher=4)
[0402-close] no active tracking assignment matched destroyed target (targetID=86, eventWatcher=4)
[0402-close] no active tracking assignment matched destroyed target (targetID=87, eventWatcher=5)
[0402-close] no active tracking assignment matched destroyed target (targetID=88, eventWatcher=6)
[0402-close] no active tracking assignment matched destroyed target (targetID=89, eventWatcher=5)
[0402-close] no active tracking assignment matched destroyed target (targetID=90, eventWatcher=6)
[0401TRACE] handler slow seq=1749 elapsed=0.306s ts=832653648627 states=6
[0402-close] no active tracking assignment matched destroyed target (targetID=77, eventWatcher=4)
[0402-close] no active tracking assignment matched destroyed target (targetID=78, eventWatcher=6)
[0402-close] no active tracking assignment matched destroyed target (targetID=79, eventWatcher=5)
[0402-close] no active tracking assignment matched destroyed target (targetID=80, eventWatcher=5)
[0402-close] no active tracking assignment matched destroyed target (targetID=81, eventWatcher=4)
[0402-close] no active tracking assignment matched destroyed target (targetID=82, eventWatcher=5)
[0402-close] no active tracking assignment matched destroyed target (targetID=83, eventWatcher=5)
[0402-close] no active tracking assignment matched destroyed target (targetID=84, eventWatcher=5)
[0402-close] no active tracking assignment matched destroyed target (targetID=85, eventWatcher=4)
[0402-close] no active tracking assignment matched destroyed target (targetID=86, eventWatcher=4)
[0402-close] no active tracking assignment matched destroyed target (targetID=87, eventWatcher=5)
[0402-close] no active tracking assignment matched destroyed target (targetID=88, eventWatcher=6)
[0402-close] no active tracking assignment matched destroyed target (targetID=89, eventWatcher=5)
[0402-close] no active tracking assignment matched destroyed target (targetID=90, eventWatcher=6)
[0401TRACE] handler slow seq=1751 elapsed=0.321s ts=832653649636 states=6
[0401TRACE] handler slow seq=1753 elapsed=0.300s ts=832653650626 states=6
[0402-close] no active tracking assignment matched destroyed target (targetID=77, eventWatcher=4)
[0402-close] no active tracking assignment matched destroyed target (targetID=78, eventWatcher=6)
[0402-close] no active tracking assignment matched destroyed target (targetID=79, eventWatcher=5)
[0402-close] no active tracking assignment matched destroyed target (targetID=80, eventWatcher=5)
[0402-close] no active tracking assignment matched destroyed target (targetID=81, eventWatcher=4)
[0402-close] no active tracking assignment matched destroyed target (targetID=82, eventWatcher=5)
[0402-close] no active tracking assignment matched destroyed target (targetID=83, eventWatcher=5)
[0402-close] no active tracking assignment matched destroyed target (targetID=84, eventWatcher=5)
[0402-close] no active tracking assignment matched destroyed target (targetID=85, eventWatcher=4)
[0402-close] no active tracking assignment matched destroyed target (targetID=86, eventWatcher=4)
[0402-close] no active tracking assignment matched destroyed target (targetID=87, eventWatcher=5)
[0402-close] no active tracking assignment matched destroyed target (targetID=88, eventWatcher=6)
[0402-close] no active tracking assignment matched destroyed target (targetID=89, eventWatcher=5)
[0402-close] no active tracking assignment matched destroyed target (targetID=90, eventWatcher=6)
[0401TRACE] handler slow seq=1754 elapsed=0.310s ts=832653651226 states=6
[RQUEUE] signal 0701 -> #19 옵션 정보 전송
[RQUEUE] signal 0305 -> #19 재계획 산출 완료
[0402-close] no active tracking assignment matched destroyed target (targetID=77, eventWatcher=4)
[0402-close] no active tracking assignment matched destroyed target (targetID=78, eventWatcher=6)
[0402-close] no active tracking assignment matched destroyed target (targetID=79, eventWatcher=5)
[0402-close] no active tracking assignment matched destroyed target (targetID=80, eventWatcher=5)
[0402-close] no active tracking assignment matched destroyed target (targetID=81, eventWatcher=4)
[0402-close] no active tracking assignment matched destroyed target (targetID=82, eventWatcher=5)
[0402-close] no active tracking assignment matched destroyed target (targetID=83, eventWatcher=5)
[0402-close] no active tracking assignment matched destroyed target (targetID=84, eventWatcher=5)
[0402-close] no active tracking assignment matched destroyed target (targetID=85, eventWatcher=4)
[0402-close] no active tracking assignment matched destroyed target (targetID=86, eventWatcher=4)
[0402-close] no active tracking assignment matched destroyed target (targetID=87, eventWatcher=5)
[0402-close] no active tracking assignment matched destroyed target (targetID=88, eventWatcher=6)
[0402-close] no active tracking assignment matched destroyed target (targetID=89, eventWatcher=5)
[0402-close] no active tracking assignment matched destroyed target (targetID=90, eventWatcher=6)
[0402-close] no active tracking assignment matched destroyed target (targetID=77, eventWatcher=4)
[0402-close] no active tracking assignment matched destroyed target (targetID=78, eventWatcher=6)
[0402-close] no active tracking assignment matched destroyed target (targetID=79, eventWatcher=5)
[0402-close] no active tracking assignment matched destroyed target (targetID=80, eventWatcher=5)
[0402-close] no active tracking assignment matched destroyed target (targetID=81, eventWatcher=4)
[0402-close] no active tracking assignment matched destroyed target (targetID=82, eventWatcher=5)
[0402-close] no active tracking assignment matched destroyed target (targetID=83, eventWatcher=5)
[0402-close] no active tracking assignment matched destroyed target (targetID=84, eventWatcher=5)
[0402-close] no active tracking assignment matched destroyed target (targetID=85, eventWatcher=4)
[0402-close] no active tracking assignment matched destroyed target (targetID=86, eventWatcher=4)
[0402-close] no active tracking assignment matched destroyed target (targetID=87, eventWatcher=5)
[0402-close] no active tracking assignment matched destroyed target (targetID=88, eventWatcher=6)
[0402-close] no active tracking assignment matched destroyed target (targetID=89, eventWatcher=5)
[0402-close] no active tracking assignment matched destroyed target (targetID=90, eventWatcher=6)
[0402-close] no active tracking assignment matched destroyed target (targetID=77, eventWatcher=4)
[0402-close] no active tracking assignment matched destroyed target (targetID=78, eventWatcher=6)
[0402-close] no active tracking assignment matched destroyed target (targetID=79, eventWatcher=5)
[0402-close] no active tracking assignment matched destroyed target (targetID=80, eventWatcher=5)
[0402-close] no active tracking assignment matched destroyed target (targetID=81, eventWatcher=4)
[0402-close] no active tracking assignment matched destroyed target (targetID=82, eventWatcher=5)
[0402-close] no active tracking assignment matched destroyed target (targetID=83, eventWatcher=5)
[0402-close] no active tracking assignment matched destroyed target (targetID=84, eventWatcher=5)
[0402-close] no active tracking assignment matched destroyed target (targetID=85, eventWatcher=4)
[0402-close] no active tracking assignment matched destroyed target (targetID=86, eventWatcher=4)
[0402-close] no active tracking assignment matched destroyed target (targetID=87, eventWatcher=5)
[0402-close] no active tracking assignment matched destroyed target (targetID=88, eventWatcher=6)
[0402-close] no active tracking assignment matched destroyed target (targetID=89, eventWatcher=5)
[0402-close] no active tracking assignment matched destroyed target (targetID=90, eventWatcher=6)
[0402-close] no active tracking assignment matched destroyed target (targetID=77, eventWatcher=4)
[0402-close] no active tracking assignment matched destroyed target (targetID=78, eventWatcher=6)
[0402-close] no active tracking assignment matched destroyed target (targetID=79, eventWatcher=5)
[0402-close] no active tracking assignment matched destroyed target (targetID=80, eventWatcher=5)
[0402-close] no active tracking assignment matched destroyed target (targetID=81, eventWatcher=4)
[0402-close] no active tracking assignment matched destroyed target (targetID=82, eventWatcher=5)
[0402-close] no active tracking assignment matched destroyed target (targetID=83, eventWatcher=5)
[0402-close] no active tracking assignment matched destroyed target (targetID=84, eventWatcher=5)
[0402-close] no active tracking assignment matched destroyed target (targetID=85, eventWatcher=4)
[0402-close] no active tracking assignment matched destroyed target (targetID=86, eventWatcher=4)
[0402-close] no active tracking assignment matched destroyed target (targetID=87, eventWatcher=5)
[0402-close] no active tracking assignment matched destroyed target (targetID=88, eventWatcher=6)
[0402-close] no active tracking assignment matched destroyed target (targetID=89, eventWatcher=5)
[0402-close] no active tracking assignment matched destroyed target (targetID=90, eventWatcher=6)
[0402-close] no active tracking assignment matched destroyed target (targetID=77, eventWatcher=4)
[0402-close] no active tracking assignment matched destroyed target (targetID=78, eventWatcher=6)
[0402-close] no active tracking assignment matched destroyed target (targetID=79, eventWatcher=5)
[0402-close] no active tracking assignment matched destroyed target (targetID=80, eventWatcher=5)
[0402-close] no active tracking assignment matched destroyed target (targetID=81, eventWatcher=4)
[0402-close] no active tracking assignment matched destroyed target (targetID=82, eventWatcher=5)
[0402-close] no active tracking assignment matched destroyed target (targetID=83, eventWatcher=5)
[0402-close] no active tracking assignment matched destroyed target (targetID=84, eventWatcher=5)
[0402-close] no active tracking assignment matched destroyed target (targetID=85, eventWatcher=4)
[0402-close] no active tracking assignment matched destroyed target (targetID=86, eventWatcher=4)
[0402-close] no active tracking assignment matched destroyed target (targetID=87, eventWatcher=5)
[0402-close] no active tracking assignment matched destroyed target (targetID=88, eventWatcher=6)
[0402-close] no active tracking assignment matched destroyed target (targetID=89, eventWatcher=5)
[0402-close] no active tracking assignment matched destroyed target (targetID=90, eventWatcher=6)
[0702] ignore=2 -> apply missionPlanID=700000038, source=DSC
[0702] 공격 배제 선택 -> target bundle isIgnored=1 반영 (count=1)
[QUALITY] startup grace armed (missionPlanID=700000038, duration=10.0s)
[RQUEUE] completed #19 표적탐지: 표적91 발견 재계획 (결과 수신, signal=0702, active_ms=16703)
[0402-close] no active tracking assignment matched destroyed target (targetID=77, eventWatcher=4)
[0402-close] no active tracking assignment matched destroyed target (targetID=78, eventWatcher=6)
[0402-close] no active tracking assignment matched destroyed target (targetID=79, eventWatcher=5)
[0402-close] no active tracking assignment matched destroyed target (targetID=80, eventWatcher=5)
[0402-close] no active tracking assignment matched destroyed target (targetID=81, eventWatcher=4)
[0402-close] no active tracking assignment matched destroyed target (targetID=82, eventWatcher=5)
[0402-close] no active tracking assignment matched destroyed target (targetID=83, eventWatcher=5)
[0402-close] no active tracking assignment matched destroyed target (targetID=84, eventWatcher=5)
[0402-close] no active tracking assignment matched destroyed target (targetID=85, eventWatcher=4)
[0402-close] no active tracking assignment matched destroyed target (targetID=86, eventWatcher=4)
[0402-close] no active tracking assignment matched destroyed target (targetID=87, eventWatcher=5)
[0402-close] no active tracking assignment matched destroyed target (targetID=88, eventWatcher=6)
[0402-close] no active tracking assignment matched destroyed target (targetID=89, eventWatcher=5)
[0402-close] no active tracking assignment matched destroyed target (targetID=90, eventWatcher=6)
[0402-close] no active tracking assignment matched destroyed target (targetID=91, eventWatcher=5)
[RealTimeInferrer] Loading/Reloading Mission Plan: C:\Users\TRL98\Desktop\LAH_MUMT\Logs\Scenario_2026-05-21T132543\SBC3\MissionPlan\700000038.json
Updated Mission Context: torch.Size([384])
[0401] path-deviation trigger suppressed: within 3s after 0702 apply (remaining=2591ms)
[0401TRACE] handler slow seq=1765 elapsed=0.333s ts=832653656630 states=6
[0501] heartbeat failover send active
[0402-close] no active tracking assignment matched destroyed target (targetID=77, eventWatcher=4)
[0402-close] no active tracking assignment matched destroyed target (targetID=78, eventWatcher=6)
[0402-close] no active tracking assignment matched destroyed target (targetID=79, eventWatcher=5)
[0402-close] no active tracking assignment matched destroyed target (targetID=80, eventWatcher=5)
[0402-close] no active tracking assignment matched destroyed target (targetID=81, eventWatcher=4)
[0402-close] no active tracking assignment matched destroyed target (targetID=82, eventWatcher=5)
[0402-close] no active tracking assignment matched destroyed target (targetID=83, eventWatcher=5)
[0402-close] no active tracking assignment matched destroyed target (targetID=84, eventWatcher=5)
[0402-close] no active tracking assignment matched destroyed target (targetID=85, eventWatcher=4)
[0402-close] no active tracking assignment matched destroyed target (targetID=86, eventWatcher=4)
[0402-close] no active tracking assignment matched destroyed target (targetID=87, eventWatcher=5)
[0402-close] no active tracking assignment matched destroyed target (targetID=88, eventWatcher=6)
[0402-close] no active tracking assignment matched destroyed target (targetID=89, eventWatcher=5)
[0402-close] no active tracking assignment matched destroyed target (targetID=90, eventWatcher=6)
[0402-close] no active tracking assignment matched destroyed target (targetID=91, eventWatcher=5)
[0402-close] no active tracking assignment matched destroyed target (targetID=77, eventWatcher=4)
[0402-close] no active tracking assignment matched destroyed target (targetID=78, eventWatcher=6)
[0402-close] no active tracking assignment matched destroyed target (targetID=79, eventWatcher=5)
[0402-close] no active tracking assignment matched destroyed target (targetID=80, eventWatcher=5)
[0402-close] no active tracking assignment matched destroyed target (targetID=81, eventWatcher=4)
[0402-close] no active tracking assignment matched destroyed target (targetID=82, eventWatcher=5)
[0402-close] no active tracking assignment matched destroyed target (targetID=83, eventWatcher=5)
[0402-close] no active tracking assignment matched destroyed target (targetID=84, eventWatcher=5)
[0402-close] no active tracking assignment matched destroyed target (targetID=85, eventWatcher=4)
[0402-close] no active tracking assignment matched destroyed target (targetID=86, eventWatcher=4)
[0402-close] no active tracking assignment matched destroyed target (targetID=87, eventWatcher=5)
[0402-close] no active tracking assignment matched destroyed target (targetID=88, eventWatcher=6)
[0402-close] no active tracking assignment matched destroyed target (targetID=89, eventWatcher=5)
[0402-close] no active tracking assignment matched destroyed target (targetID=90, eventWatcher=6)
[0402-close] no active tracking assignment matched destroyed target (targetID=91, eventWatcher=5)
[0402-close] no active tracking assignment matched destroyed target (targetID=77, eventWatcher=4)
[0402-close] no active tracking assignment matched destroyed target (targetID=78, eventWatcher=6)
[0402-close] no active tracking assignment matched destroyed target (targetID=79, eventWatcher=5)
[0402-close] no active tracking assignment matched destroyed target (targetID=80, eventWatcher=5)
[0402-close] no active tracking assignment matched destroyed target (targetID=81, eventWatcher=4)
[0402-close] no active tracking assignment matched destroyed target (targetID=82, eventWatcher=5)
[0402-close] no active tracking assignment matched destroyed target (targetID=83, eventWatcher=5)
[0402-close] no active tracking assignment matched destroyed target (targetID=84, eventWatcher=5)
[0402-close] no active tracking assignment matched destroyed target (targetID=85, eventWatcher=4)
[0402-close] no active tracking assignment matched destroyed target (targetID=86, eventWatcher=4)
[0402-close] no active tracking assignment matched destroyed target (targetID=87, eventWatcher=5)
[0402-close] no active tracking assignment matched destroyed target (targetID=88, eventWatcher=6)
[0402-close] no active tracking assignment matched destroyed target (targetID=89, eventWatcher=5)
[0402-close] no active tracking assignment matched destroyed target (targetID=90, eventWatcher=6)
[0402-close] no active tracking assignment matched destroyed target (targetID=91, eventWatcher=5)
[0402] new detections: 1
[0402] bundled target replan prepared: key=92-5, primaryTargetID=92, targets=[92]
[RQUEUE] queued #20 표적탐지: 표적92 발견 재계획
[0401TRACE] handler slow seq=1794 elapsed=0.316s ts=832653670022 states=6
[0402-close] no active tracking assignment matched destroyed target (targetID=77, eventWatcher=4)
[0402-close] no active tracking assignment matched destroyed target (targetID=78, eventWatcher=6)
[0402-close] no active tracking assignment matched destroyed target (targetID=79, eventWatcher=5)
[0402-close] no active tracking assignment matched destroyed target (targetID=80, eventWatcher=5)
[0402-close] no active tracking assignment matched destroyed target (targetID=81, eventWatcher=4)
[0402-close] no active tracking assignment matched destroyed target (targetID=82, eventWatcher=5)
[0402-close] no active tracking assignment matched destroyed target (targetID=83, eventWatcher=5)
[0402-close] no active tracking assignment matched destroyed target (targetID=84, eventWatcher=5)
[0402-close] no active tracking assignment matched destroyed target (targetID=85, eventWatcher=4)
[0402-close] no active tracking assignment matched destroyed target (targetID=86, eventWatcher=4)
[0402-close] no active tracking assignment matched destroyed target (targetID=87, eventWatcher=5)
[0402-close] no active tracking assignment matched destroyed target (targetID=88, eventWatcher=6)
[0402-close] no active tracking assignment matched destroyed target (targetID=89, eventWatcher=5)
[0402-close] no active tracking assignment matched destroyed target (targetID=90, eventWatcher=6)
[0402-close] no active tracking assignment matched destroyed target (targetID=91, eventWatcher=5)
[RQUEUE] dispatching #20 표적탐지: 표적92 발견 재계획
[0902] replan request sent (level=2, reason=표적92 발견 재계획, planIds=700000039, 700000040)
[RQUEUE] active #20 표적탐지: 표적92 발견 재계획
[RQUEUE] bundle targets marked used: count=1
[RQUEUE] signal 0305 -> #20 재계획 수행중
[0402-close] no active tracking assignment matched destroyed target (targetID=77, eventWatcher=4)
[0402-close] no active tracking assignment matched destroyed target (targetID=78, eventWatcher=6)
[0402-close] no active tracking assignment matched destroyed target (targetID=79, eventWatcher=5)
[0402-close] no active tracking assignment matched destroyed target (targetID=80, eventWatcher=5)
[0402-close] no active tracking assignment matched destroyed target (targetID=81, eventWatcher=4)
[0402-close] no active tracking assignment matched destroyed target (targetID=82, eventWatcher=5)
[0402-close] no active tracking assignment matched destroyed target (targetID=83, eventWatcher=5)
[0402-close] no active tracking assignment matched destroyed target (targetID=84, eventWatcher=5)
[0402-close] no active tracking assignment matched destroyed target (targetID=85, eventWatcher=4)
[0402-close] no active tracking assignment matched destroyed target (targetID=86, eventWatcher=4)
[0402-close] no active tracking assignment matched destroyed target (targetID=87, eventWatcher=5)
[0402-close] no active tracking assignment matched destroyed target (targetID=88, eventWatcher=6)
[0402-close] no active tracking assignment matched destroyed target (targetID=89, eventWatcher=5)
[0402-close] no active tracking assignment matched destroyed target (targetID=90, eventWatcher=6)
[0402-close] no active tracking assignment matched destroyed target (targetID=91, eventWatcher=5)
[0402-close] no active tracking assignment matched destroyed target (targetID=77, eventWatcher=4)
[0402-close] no active tracking assignment matched destroyed target (targetID=78, eventWatcher=6)
[0402-close] no active tracking assignment matched destroyed target (targetID=79, eventWatcher=5)
[0402-close] no active tracking assignment matched destroyed target (targetID=80, eventWatcher=5)
[0402-close] no active tracking assignment matched destroyed target (targetID=81, eventWatcher=4)
[0402-close] no active tracking assignment matched destroyed target (targetID=82, eventWatcher=5)
[0402-close] no active tracking assignment matched destroyed target (targetID=83, eventWatcher=5)
[0402-close] no active tracking assignment matched destroyed target (targetID=84, eventWatcher=5)
[0402-close] no active tracking assignment matched destroyed target (targetID=85, eventWatcher=4)
[0402-close] no active tracking assignment matched destroyed target (targetID=86, eventWatcher=4)
[0402-close] no active tracking assignment matched destroyed target (targetID=87, eventWatcher=5)
[0402-close] no active tracking assignment matched destroyed target (targetID=88, eventWatcher=6)
[0402-close] no active tracking assignment matched destroyed target (targetID=89, eventWatcher=5)
[0402-close] no active tracking assignment matched destroyed target (targetID=90, eventWatcher=6)
[0402-close] no active tracking assignment matched destroyed target (targetID=91, eventWatcher=5)
[0401TRACE] handler slow seq=1798 elapsed=0.341s ts=832653672219 states=6
[0402-close] no active tracking assignment matched destroyed target (targetID=77, eventWatcher=4)
[0402-close] no active tracking assignment matched destroyed target (targetID=78, eventWatcher=6)
[0402-close] no active tracking assignment matched destroyed target (targetID=79, eventWatcher=5)
[0402-close] no active tracking assignment matched destroyed target (targetID=80, eventWatcher=5)
[0402-close] no active tracking assignment matched destroyed target (targetID=81, eventWatcher=4)
[0402-close] no active tracking assignment matched destroyed target (targetID=82, eventWatcher=5)
[0402-close] no active tracking assignment matched destroyed target (targetID=83, eventWatcher=5)
[0402-close] no active tracking assignment matched destroyed target (targetID=84, eventWatcher=5)
[0402-close] no active tracking assignment matched destroyed target (targetID=85, eventWatcher=4)
[0402-close] no active tracking assignment matched destroyed target (targetID=86, eventWatcher=4)
[0402-close] no active tracking assignment matched destroyed target (targetID=87, eventWatcher=5)
[0402-close] no active tracking assignment matched destroyed target (targetID=88, eventWatcher=6)
[0402-close] no active tracking assignment matched destroyed target (targetID=89, eventWatcher=5)
[0402-close] no active tracking assignment matched destroyed target (targetID=90, eventWatcher=6)
[0402-close] no active tracking assignment matched destroyed target (targetID=91, eventWatcher=5)
[0402-close] no active tracking assignment matched destroyed target (targetID=77, eventWatcher=4)
[0402-close] no active tracking assignment matched destroyed target (targetID=78, eventWatcher=6)
[0402-close] no active tracking assignment matched destroyed target (targetID=79, eventWatcher=5)
[0402-close] no active tracking assignment matched destroyed target (targetID=80, eventWatcher=5)
[0402-close] no active tracking assignment matched destroyed target (targetID=81, eventWatcher=4)
[0402-close] no active tracking assignment matched destroyed target (targetID=82, eventWatcher=5)
[0402-close] no active tracking assignment matched destroyed target (targetID=83, eventWatcher=5)
[0402-close] no active tracking assignment matched destroyed target (targetID=84, eventWatcher=5)
[0402-close] no active tracking assignment matched destroyed target (targetID=85, eventWatcher=4)
[0402-close] no active tracking assignment matched destroyed target (targetID=86, eventWatcher=4)
[0402-close] no active tracking assignment matched destroyed target (targetID=87, eventWatcher=5)
[0402-close] no active tracking assignment matched destroyed target (targetID=88, eventWatcher=6)
[0402-close] no active tracking assignment matched destroyed target (targetID=89, eventWatcher=5)
[0402-close] no active tracking assignment matched destroyed target (targetID=90, eventWatcher=6)
[0402-close] no active tracking assignment matched destroyed target (targetID=91, eventWatcher=5)
[0402-close] no active tracking assignment matched destroyed target (targetID=77, eventWatcher=4)
[0402-close] no active tracking assignment matched destroyed target (targetID=78, eventWatcher=6)
[0402-close] no active tracking assignment matched destroyed target (targetID=79, eventWatcher=5)
[0402-close] no active tracking assignment matched destroyed target (targetID=80, eventWatcher=5)
[0402-close] no active tracking assignment matched destroyed target (targetID=81, eventWatcher=4)
[0402-close] no active tracking assignment matched destroyed target (targetID=82, eventWatcher=5)
[0402-close] no active tracking assignment matched destroyed target (targetID=83, eventWatcher=5)
[0402-close] no active tracking assignment matched destroyed target (targetID=84, eventWatcher=5)
[0402-close] no active tracking assignment matched destroyed target (targetID=85, eventWatcher=4)
[0402-close] no active tracking assignment matched destroyed target (targetID=86, eventWatcher=4)
[0402-close] no active tracking assignment matched destroyed target (targetID=87, eventWatcher=5)
[0402-close] no active tracking assignment matched destroyed target (targetID=88, eventWatcher=6)
[0402-close] no active tracking assignment matched destroyed target (targetID=89, eventWatcher=5)
[0402-close] no active tracking assignment matched destroyed target (targetID=90, eventWatcher=6)
[0402-close] no active tracking assignment matched destroyed target (targetID=91, eventWatcher=5)
[0402] new detections: 1
[0402] accumulated attack bundle prepared: count=2, targets=[92, 93]
[0402] bundled target replan prepared: key=93-4, primaryTargetID=93, targets=[92, 93]
[RQUEUE] queued #21 표적탐지: 표적93 등 2개 발견
[RQUEUE] suppress_options set on active #20 (targetID=92): 추가 표적 감지로 옵션 생략 예정
[0402-close] no active tracking assignment matched destroyed target (targetID=77, eventWatcher=4)
[0402-close] no active tracking assignment matched destroyed target (targetID=78, eventWatcher=6)
[0402-close] no active tracking assignment matched destroyed target (targetID=79, eventWatcher=5)
[0402-close] no active tracking assignment matched destroyed target (targetID=80, eventWatcher=5)
[0402-close] no active tracking assignment matched destroyed target (targetID=81, eventWatcher=4)
[0402-close] no active tracking assignment matched destroyed target (targetID=82, eventWatcher=5)
[0402-close] no active tracking assignment matched destroyed target (targetID=83, eventWatcher=5)
[0402-close] no active tracking assignment matched destroyed target (targetID=84, eventWatcher=5)
[0402-close] no active tracking assignment matched destroyed target (targetID=85, eventWatcher=4)
[0402-close] no active tracking assignment matched destroyed target (targetID=86, eventWatcher=4)
[0402-close] no active tracking assignment matched destroyed target (targetID=87, eventWatcher=5)
[0402-close] no active tracking assignment matched destroyed target (targetID=88, eventWatcher=6)
[0402-close] no active tracking assignment matched destroyed target (targetID=89, eventWatcher=5)
[0402-close] no active tracking assignment matched destroyed target (targetID=90, eventWatcher=6)
[0402-close] no active tracking assignment matched destroyed target (targetID=91, eventWatcher=5)
[0401TRACE] handler slow seq=1805 elapsed=0.371s ts=832653675625 states=6
[0402-close] no active tracking assignment matched destroyed target (targetID=77, eventWatcher=4)
[0402-close] no active tracking assignment matched destroyed target (targetID=78, eventWatcher=6)
[0402-close] no active tracking assignment matched destroyed target (targetID=79, eventWatcher=5)
[0402-close] no active tracking assignment matched destroyed target (targetID=80, eventWatcher=5)
[0402-close] no active tracking assignment matched destroyed target (targetID=81, eventWatcher=4)
[0402-close] no active tracking assignment matched destroyed target (targetID=82, eventWatcher=5)
[0402-close] no active tracking assignment matched destroyed target (targetID=83, eventWatcher=5)
[0402-close] no active tracking assignment matched destroyed target (targetID=84, eventWatcher=5)
[0402-close] no active tracking assignment matched destroyed target (targetID=85, eventWatcher=4)
[0402-close] no active tracking assignment matched destroyed target (targetID=86, eventWatcher=4)
[0402-close] no active tracking assignment matched destroyed target (targetID=87, eventWatcher=5)
[0402-close] no active tracking assignment matched destroyed target (targetID=88, eventWatcher=6)
[0402-close] no active tracking assignment matched destroyed target (targetID=89, eventWatcher=5)
[0402-close] no active tracking assignment matched destroyed target (targetID=90, eventWatcher=6)
[0402-close] no active tracking assignment matched destroyed target (targetID=91, eventWatcher=5)
[0402-close] no active tracking assignment matched destroyed target (targetID=77, eventWatcher=4)
[0402-close] no active tracking assignment matched destroyed target (targetID=78, eventWatcher=6)
[0402-close] no active tracking assignment matched destroyed target (targetID=79, eventWatcher=5)
[0402-close] no active tracking assignment matched destroyed target (targetID=80, eventWatcher=5)
[0402-close] no active tracking assignment matched destroyed target (targetID=81, eventWatcher=4)
[0402-close] no active tracking assignment matched destroyed target (targetID=82, eventWatcher=5)
[0402-close] no active tracking assignment matched destroyed target (targetID=83, eventWatcher=5)
[0402-close] no active tracking assignment matched destroyed target (targetID=84, eventWatcher=5)
[0402-close] no active tracking assignment matched destroyed target (targetID=85, eventWatcher=4)
[0402-close] no active tracking assignment matched destroyed target (targetID=86, eventWatcher=4)
[0402-close] no active tracking assignment matched destroyed target (targetID=87, eventWatcher=5)
[0402-close] no active tracking assignment matched destroyed target (targetID=88, eventWatcher=6)
[0402-close] no active tracking assignment matched destroyed target (targetID=89, eventWatcher=5)
[0402-close] no active tracking assignment matched destroyed target (targetID=90, eventWatcher=6)
[0402-close] no active tracking assignment matched destroyed target (targetID=91, eventWatcher=5)
[0402-close] no active tracking assignment matched destroyed target (targetID=77, eventWatcher=4)
[0402-close] no active tracking assignment matched destroyed target (targetID=78, eventWatcher=6)
[0402-close] no active tracking assignment matched destroyed target (targetID=79, eventWatcher=5)
[0402-close] no active tracking assignment matched destroyed target (targetID=80, eventWatcher=5)
[0402-close] no active tracking assignment matched destroyed target (targetID=81, eventWatcher=4)
[0402-close] no active tracking assignment matched destroyed target (targetID=82, eventWatcher=5)
[0402-close] no active tracking assignment matched destroyed target (targetID=83, eventWatcher=5)
[0402-close] no active tracking assignment matched destroyed target (targetID=84, eventWatcher=5)
[0402-close] no active tracking assignment matched destroyed target (targetID=85, eventWatcher=4)
[0402-close] no active tracking assignment matched destroyed target (targetID=86, eventWatcher=4)
[0402-close] no active tracking assignment matched destroyed target (targetID=87, eventWatcher=5)
[0402-close] no active tracking assignment matched destroyed target (targetID=88, eventWatcher=6)
[0402-close] no active tracking assignment matched destroyed target (targetID=89, eventWatcher=5)
[0402-close] no active tracking assignment matched destroyed target (targetID=90, eventWatcher=6)
[0402-close] no active tracking assignment matched destroyed target (targetID=91, eventWatcher=5)
[0401TRACE] handler slow seq=1811 elapsed=0.317s ts=832653678620 states=6
[0402-close] no active tracking assignment matched destroyed target (targetID=77, eventWatcher=4)
[0402-close] no active tracking assignment matched destroyed target (targetID=78, eventWatcher=6)
[0402-close] no active tracking assignment matched destroyed target (targetID=79, eventWatcher=5)
[0402-close] no active tracking assignment matched destroyed target (targetID=80, eventWatcher=5)
[0402-close] no active tracking assignment matched destroyed target (targetID=81, eventWatcher=4)
[0402-close] no active tracking assignment matched destroyed target (targetID=82, eventWatcher=5)
[0402-close] no active tracking assignment matched destroyed target (targetID=83, eventWatcher=5)
[0402-close] no active tracking assignment matched destroyed target (targetID=84, eventWatcher=5)
[0402-close] no active tracking assignment matched destroyed target (targetID=85, eventWatcher=4)
[0402-close] no active tracking assignment matched destroyed target (targetID=86, eventWatcher=4)
[0402-close] no active tracking assignment matched destroyed target (targetID=87, eventWatcher=5)
[0402-close] no active tracking assignment matched destroyed target (targetID=88, eventWatcher=6)
[0402-close] no active tracking assignment matched destroyed target (targetID=89, eventWatcher=5)
[0402-close] no active tracking assignment matched destroyed target (targetID=90, eventWatcher=6)
[0402-close] no active tracking assignment matched destroyed target (targetID=91, eventWatcher=5)
[0402-close] no active tracking assignment matched destroyed target (targetID=77, eventWatcher=4)
[0402-close] no active tracking assignment matched destroyed target (targetID=78, eventWatcher=6)
[0402-close] no active tracking assignment matched destroyed target (targetID=79, eventWatcher=5)
[0402-close] no active tracking assignment matched destroyed target (targetID=80, eventWatcher=5)
[0402-close] no active tracking assignment matched destroyed target (targetID=81, eventWatcher=4)
[0402-close] no active tracking assignment matched destroyed target (targetID=82, eventWatcher=5)
[0402-close] no active tracking assignment matched destroyed target (targetID=83, eventWatcher=5)
[0402-close] no active tracking assignment matched destroyed target (targetID=84, eventWatcher=5)
[0402-close] no active tracking assignment matched destroyed target (targetID=85, eventWatcher=4)
[0402-close] no active tracking assignment matched destroyed target (targetID=86, eventWatcher=4)
[0402-close] no active tracking assignment matched destroyed target (targetID=87, eventWatcher=5)
[0402-close] no active tracking assignment matched destroyed target (targetID=88, eventWatcher=6)
[0402-close] no active tracking assignment matched destroyed target (targetID=89, eventWatcher=5)
[0402-close] no active tracking assignment matched destroyed target (targetID=90, eventWatcher=6)
[0402-close] no active tracking assignment matched destroyed target (targetID=91, eventWatcher=5)
[0401TRACE] handler slow seq=1813 elapsed=0.317s ts=832653679619 states=6
[0402-close] no active tracking assignment matched destroyed target (targetID=77, eventWatcher=4)
[0402-close] no active tracking assignment matched destroyed target (targetID=78, eventWatcher=6)
[0402-close] no active tracking assignment matched destroyed target (targetID=79, eventWatcher=5)
[0402-close] no active tracking assignment matched destroyed target (targetID=80, eventWatcher=5)
[0402-close] no active tracking assignment matched destroyed target (targetID=81, eventWatcher=4)
[0402-close] no active tracking assignment matched destroyed target (targetID=82, eventWatcher=5)
[0402-close] no active tracking assignment matched destroyed target (targetID=83, eventWatcher=5)
[0402-close] no active tracking assignment matched destroyed target (targetID=84, eventWatcher=5)
[0402-close] no active tracking assignment matched destroyed target (targetID=85, eventWatcher=4)
[0402-close] no active tracking assignment matched destroyed target (targetID=86, eventWatcher=4)
[0402-close] no active tracking assignment matched destroyed target (targetID=87, eventWatcher=5)
[0402-close] no active tracking assignment matched destroyed target (targetID=88, eventWatcher=6)
[0402-close] no active tracking assignment matched destroyed target (targetID=89, eventWatcher=5)
[0402-close] no active tracking assignment matched destroyed target (targetID=90, eventWatcher=6)
[0402-close] no active tracking assignment matched destroyed target (targetID=91, eventWatcher=5)
[0401TRACE] handler slow seq=1814 elapsed=0.319s ts=832653680225 states=6
[0402-close] no active tracking assignment matched destroyed target (targetID=77, eventWatcher=4)
[0402-close] no active tracking assignment matched destroyed target (targetID=78, eventWatcher=6)
[0402-close] no active tracking assignment matched destroyed target (targetID=79, eventWatcher=5)
[0402-close] no active tracking assignment matched destroyed target (targetID=80, eventWatcher=5)
[0402-close] no active tracking assignment matched destroyed target (targetID=81, eventWatcher=4)
[0402-close] no active tracking assignment matched destroyed target (targetID=82, eventWatcher=5)
[0402-close] no active tracking assignment matched destroyed target (targetID=83, eventWatcher=5)
[0402-close] no active tracking assignment matched destroyed target (targetID=84, eventWatcher=5)
[0402-close] no active tracking assignment matched destroyed target (targetID=85, eventWatcher=4)
[0402-close] no active tracking assignment matched destroyed target (targetID=86, eventWatcher=4)
[0402-close] no active tracking assignment matched destroyed target (targetID=87, eventWatcher=5)
[0402-close] no active tracking assignment matched destroyed target (targetID=88, eventWatcher=6)
[0402-close] no active tracking assignment matched destroyed target (targetID=89, eventWatcher=5)
[0402-close] no active tracking assignment matched destroyed target (targetID=90, eventWatcher=6)
[0402-close] no active tracking assignment matched destroyed target (targetID=91, eventWatcher=5)
[RQUEUE] completed #20 표적탐지: 표적92 발견 재계획 (옵션 생략(표적 추가), signal=0001, active_ms=10160)
[RQUEUE] dispatching #21 표적탐지: 표적93 등 2개 발견
[RQUEUE] pending attack slot assignment cleared for suppressed planIDs=700000039
[0402-close] no active tracking assignment matched destroyed target (targetID=77, eventWatcher=4)
[0402-close] no active tracking assignment matched destroyed target (targetID=78, eventWatcher=6)
[0402-close] no active tracking assignment matched destroyed target (targetID=79, eventWatcher=5)
[0402-close] no active tracking assignment matched destroyed target (targetID=80, eventWatcher=5)
[0402-close] no active tracking assignment matched destroyed target (targetID=81, eventWatcher=4)
[0402-close] no active tracking assignment matched destroyed target (targetID=82, eventWatcher=5)
[0402-close] no active tracking assignment matched destroyed target (targetID=83, eventWatcher=5)
[0402-close] no active tracking assignment matched destroyed target (targetID=84, eventWatcher=5)
[0402-close] no active tracking assignment matched destroyed target (targetID=85, eventWatcher=4)
[0402-close] no active tracking assignment matched destroyed target (targetID=86, eventWatcher=4)
[0402-close] no active tracking assignment matched destroyed target (targetID=87, eventWatcher=5)
[0402-close] no active tracking assignment matched destroyed target (targetID=88, eventWatcher=6)
[0402-close] no active tracking assignment matched destroyed target (targetID=89, eventWatcher=5)
[0402-close] no active tracking assignment matched destroyed target (targetID=90, eventWatcher=6)
[0402-close] no active tracking assignment matched destroyed target (targetID=91, eventWatcher=5)
[0401TRACE] handler slow seq=1816 elapsed=0.318s ts=832653681228 states=6
[0902] replan request sent (level=2, reason=표적93 등 2개 발견, planIds=700000041, 700000042)
[RQUEUE] active #21 표적탐지: 표적93 등 2개 발견
[RQUEUE] bundle targets marked used: count=2
[RQUEUE] signal 0305 -> #21 재계획 수행중
[0402-close] no active tracking assignment matched destroyed target (targetID=77, eventWatcher=4)
[0402-close] no active tracking assignment matched destroyed target (targetID=78, eventWatcher=6)
[0402-close] no active tracking assignment matched destroyed target (targetID=79, eventWatcher=5)
[0402-close] no active tracking assignment matched destroyed target (targetID=80, eventWatcher=5)
[0402-close] no active tracking assignment matched destroyed target (targetID=81, eventWatcher=4)
[0402-close] no active tracking assignment matched destroyed target (targetID=82, eventWatcher=5)
[0402-close] no active tracking assignment matched destroyed target (targetID=83, eventWatcher=5)
[0402-close] no active tracking assignment matched destroyed target (targetID=84, eventWatcher=5)
[0402-close] no active tracking assignment matched destroyed target (targetID=85, eventWatcher=4)
[0402-close] no active tracking assignment matched destroyed target (targetID=86, eventWatcher=4)
[0402-close] no active tracking assignment matched destroyed target (targetID=87, eventWatcher=5)
[0402-close] no active tracking assignment matched destroyed target (targetID=88, eventWatcher=6)
[0402-close] no active tracking assignment matched destroyed target (targetID=89, eventWatcher=5)
[0402-close] no active tracking assignment matched destroyed target (targetID=90, eventWatcher=6)
[0402-close] no active tracking assignment matched destroyed target (targetID=91, eventWatcher=5)
[0402-close] no active tracking assignment matched destroyed target (targetID=77, eventWatcher=4)
[0402-close] no active tracking assignment matched destroyed target (targetID=78, eventWatcher=6)
[0402-close] no active tracking assignment matched destroyed target (targetID=79, eventWatcher=5)
[0402-close] no active tracking assignment matched destroyed target (targetID=80, eventWatcher=5)
[0402-close] no active tracking assignment matched destroyed target (targetID=81, eventWatcher=4)
[0402-close] no active tracking assignment matched destroyed target (targetID=82, eventWatcher=5)
[0402-close] no active tracking assignment matched destroyed target (targetID=83, eventWatcher=5)
[0402-close] no active tracking assignment matched destroyed target (targetID=84, eventWatcher=5)
[0402-close] no active tracking assignment matched destroyed target (targetID=85, eventWatcher=4)
[0402-close] no active tracking assignment matched destroyed target (targetID=86, eventWatcher=4)
[0402-close] no active tracking assignment matched destroyed target (targetID=87, eventWatcher=5)
[0402-close] no active tracking assignment matched destroyed target (targetID=88, eventWatcher=6)
[0402-close] no active tracking assignment matched destroyed target (targetID=89, eventWatcher=5)
[0402-close] no active tracking assignment matched destroyed target (targetID=90, eventWatcher=6)
[0402-close] no active tracking assignment matched destroyed target (targetID=91, eventWatcher=5)
[0401TRACE] handler slow seq=1818 elapsed=0.306s ts=832653682217 states=6
[0402-close] no active tracking assignment matched destroyed target (targetID=77, eventWatcher=4)
[0402-close] no active tracking assignment matched destroyed target (targetID=78, eventWatcher=6)
[0402-close] no active tracking assignment matched destroyed target (targetID=79, eventWatcher=5)
[0402-close] no active tracking assignment matched destroyed target (targetID=80, eventWatcher=5)
[0402-close] no active tracking assignment matched destroyed target (targetID=81, eventWatcher=4)
[0402-close] no active tracking assignment matched destroyed target (targetID=82, eventWatcher=5)
[0402-close] no active tracking assignment matched destroyed target (targetID=83, eventWatcher=5)
[0402-close] no active tracking assignment matched destroyed target (targetID=84, eventWatcher=5)
[0402-close] no active tracking assignment matched destroyed target (targetID=85, eventWatcher=4)
[0402-close] no active tracking assignment matched destroyed target (targetID=86, eventWatcher=4)
[0402-close] no active tracking assignment matched destroyed target (targetID=87, eventWatcher=5)
[0402-close] no active tracking assignment matched destroyed target (targetID=88, eventWatcher=6)
[0402-close] no active tracking assignment matched destroyed target (targetID=89, eventWatcher=5)
[0402-close] no active tracking assignment matched destroyed target (targetID=90, eventWatcher=6)
[0402-close] no active tracking assignment matched destroyed target (targetID=91, eventWatcher=5)
[0401TRACE] handler slow seq=1819 elapsed=0.357s ts=832653682622 states=6
[0402-close] no active tracking assignment matched destroyed target (targetID=77, eventWatcher=4)
[0402-close] no active tracking assignment matched destroyed target (targetID=78, eventWatcher=6)
[0402-close] no active tracking assignment matched destroyed target (targetID=79, eventWatcher=5)
[0402-close] no active tracking assignment matched destroyed target (targetID=80, eventWatcher=5)
[0402-close] no active tracking assignment matched destroyed target (targetID=81, eventWatcher=4)
[0402-close] no active tracking assignment matched destroyed target (targetID=82, eventWatcher=5)
[0402-close] no active tracking assignment matched destroyed target (targetID=83, eventWatcher=5)
[0402-close] no active tracking assignment matched destroyed target (targetID=84, eventWatcher=5)
[0402-close] no active tracking assignment matched destroyed target (targetID=85, eventWatcher=4)
[0402-close] no active tracking assignment matched destroyed target (targetID=86, eventWatcher=4)
[0402-close] no active tracking assignment matched destroyed target (targetID=87, eventWatcher=5)
[0402-close] no active tracking assignment matched destroyed target (targetID=88, eventWatcher=6)
[0402-close] no active tracking assignment matched destroyed target (targetID=89, eventWatcher=5)
[0402-close] no active tracking assignment matched destroyed target (targetID=90, eventWatcher=6)
[0402-close] no active tracking assignment matched destroyed target (targetID=91, eventWatcher=5)
[0401TRACE] handler slow seq=1820 elapsed=0.302s ts=832653683227 states=6
[0402-close] no active tracking assignment matched destroyed target (targetID=77, eventWatcher=4)
[0402-close] no active tracking assignment matched destroyed target (targetID=78, eventWatcher=6)
[0402-close] no active tracking assignment matched destroyed target (targetID=79, eventWatcher=5)
[0402-close] no active tracking assignment matched destroyed target (targetID=80, eventWatcher=5)
[0402-close] no active tracking assignment matched destroyed target (targetID=81, eventWatcher=4)
[0402-close] no active tracking assignment matched destroyed target (targetID=82, eventWatcher=5)
[0402-close] no active tracking assignment matched destroyed target (targetID=83, eventWatcher=5)
[0402-close] no active tracking assignment matched destroyed target (targetID=84, eventWatcher=5)
[0402-close] no active tracking assignment matched destroyed target (targetID=85, eventWatcher=4)
[0402-close] no active tracking assignment matched destroyed target (targetID=86, eventWatcher=4)
[0402-close] no active tracking assignment matched destroyed target (targetID=87, eventWatcher=5)
[0402-close] no active tracking assignment matched destroyed target (targetID=88, eventWatcher=6)
[0402-close] no active tracking assignment matched destroyed target (targetID=89, eventWatcher=5)
[0402-close] no active tracking assignment matched destroyed target (targetID=90, eventWatcher=6)
[0402-close] no active tracking assignment matched destroyed target (targetID=91, eventWatcher=5)
[0401TRACE] handler slow seq=1821 elapsed=0.319s ts=832653683616 states=6
[0402-close] no active tracking assignment matched destroyed target (targetID=77, eventWatcher=4)
[0402-close] no active tracking assignment matched destroyed target (targetID=78, eventWatcher=6)
[0402-close] no active tracking assignment matched destroyed target (targetID=79, eventWatcher=5)
[0402-close] no active tracking assignment matched destroyed target (targetID=80, eventWatcher=5)
[0402-close] no active tracking assignment matched destroyed target (targetID=81, eventWatcher=4)
[0402-close] no active tracking assignment matched destroyed target (targetID=82, eventWatcher=5)
[0402-close] no active tracking assignment matched destroyed target (targetID=83, eventWatcher=5)
[0402-close] no active tracking assignment matched destroyed target (targetID=84, eventWatcher=5)
[0402-close] no active tracking assignment matched destroyed target (targetID=85, eventWatcher=4)
[0402-close] no active tracking assignment matched destroyed target (targetID=86, eventWatcher=4)
[0402-close] no active tracking assignment matched destroyed target (targetID=87, eventWatcher=5)
[0402-close] no active tracking assignment matched destroyed target (targetID=88, eventWatcher=6)
[0402-close] no active tracking assignment matched destroyed target (targetID=89, eventWatcher=5)
[0402-close] no active tracking assignment matched destroyed target (targetID=90, eventWatcher=6)
[0402-close] no active tracking assignment matched destroyed target (targetID=91, eventWatcher=5)
[0402-close] no active tracking assignment matched destroyed target (targetID=77, eventWatcher=4)
[0402-close] no active tracking assignment matched destroyed target (targetID=78, eventWatcher=6)
[0402-close] no active tracking assignment matched destroyed target (targetID=79, eventWatcher=5)
[0402-close] no active tracking assignment matched destroyed target (targetID=80, eventWatcher=5)
[0402-close] no active tracking assignment matched destroyed target (targetID=81, eventWatcher=4)
[0402-close] no active tracking assignment matched destroyed target (targetID=82, eventWatcher=5)
[0402-close] no active tracking assignment matched destroyed target (targetID=83, eventWatcher=5)
[0402-close] no active tracking assignment matched destroyed target (targetID=84, eventWatcher=5)
[0402-close] no active tracking assignment matched destroyed target (targetID=85, eventWatcher=4)
[0402-close] no active tracking assignment matched destroyed target (targetID=86, eventWatcher=4)
[0402-close] no active tracking assignment matched destroyed target (targetID=87, eventWatcher=5)
[0402-close] no active tracking assignment matched destroyed target (targetID=88, eventWatcher=6)
[0402-close] no active tracking assignment matched destroyed target (targetID=89, eventWatcher=5)
[0402-close] no active tracking assignment matched destroyed target (targetID=90, eventWatcher=6)
[0402-close] no active tracking assignment matched destroyed target (targetID=91, eventWatcher=5)
[0402-close] no active tracking assignment matched destroyed target (targetID=77, eventWatcher=4)
[0402-close] no active tracking assignment matched destroyed target (targetID=78, eventWatcher=6)
[0402-close] no active tracking assignment matched destroyed target (targetID=79, eventWatcher=5)
[0402-close] no active tracking assignment matched destroyed target (targetID=80, eventWatcher=5)
[0402-close] no active tracking assignment matched destroyed target (targetID=81, eventWatcher=4)
[0402-close] no active tracking assignment matched destroyed target (targetID=82, eventWatcher=5)
[0402-close] no active tracking assignment matched destroyed target (targetID=83, eventWatcher=5)
[0402-close] no active tracking assignment matched destroyed target (targetID=84, eventWatcher=5)
[0402-close] no active tracking assignment matched destroyed target (targetID=85, eventWatcher=4)
[0402-close] no active tracking assignment matched destroyed target (targetID=86, eventWatcher=4)
[0402-close] no active tracking assignment matched destroyed target (targetID=87, eventWatcher=5)
[0402-close] no active tracking assignment matched destroyed target (targetID=88, eventWatcher=6)
[0402-close] no active tracking assignment matched destroyed target (targetID=89, eventWatcher=5)
[0402-close] no active tracking assignment matched destroyed target (targetID=90, eventWatcher=6)
[0402-close] no active tracking assignment matched destroyed target (targetID=91, eventWatcher=5)
[0401TRACE] handler slow seq=1824 elapsed=0.382s ts=832653685229 states=6
[0402-close] no active tracking assignment matched destroyed target (targetID=77, eventWatcher=4)
[0402-close] no active tracking assignment matched destroyed target (targetID=78, eventWatcher=6)
[0402-close] no active tracking assignment matched destroyed target (targetID=79, eventWatcher=5)
[0402-close] no active tracking assignment matched destroyed target (targetID=80, eventWatcher=5)
[0402-close] no active tracking assignment matched destroyed target (targetID=81, eventWatcher=4)
[0402-close] no active tracking assignment matched destroyed target (targetID=82, eventWatcher=5)
[0402-close] no active tracking assignment matched destroyed target (targetID=83, eventWatcher=5)
[0402-close] no active tracking assignment matched destroyed target (targetID=84, eventWatcher=5)
[0402-close] no active tracking assignment matched destroyed target (targetID=85, eventWatcher=4)
[0402-close] no active tracking assignment matched destroyed target (targetID=86, eventWatcher=4)
[0402-close] no active tracking assignment matched destroyed target (targetID=87, eventWatcher=5)
[0402-close] no active tracking assignment matched destroyed target (targetID=88, eventWatcher=6)
[0402-close] no active tracking assignment matched destroyed target (targetID=89, eventWatcher=5)
[0402-close] no active tracking assignment matched destroyed target (targetID=90, eventWatcher=6)
[0402-close] no active tracking assignment matched destroyed target (targetID=91, eventWatcher=5)
[0401TRACE] handler slow seq=1826 elapsed=0.378s ts=832653686224 states=6
[0402-close] no active tracking assignment matched destroyed target (targetID=77, eventWatcher=4)
[0402-close] no active tracking assignment matched destroyed target (targetID=78, eventWatcher=6)
[0402-close] no active tracking assignment matched destroyed target (targetID=79, eventWatcher=5)
[0402-close] no active tracking assignment matched destroyed target (targetID=80, eventWatcher=5)
[0402-close] no active tracking assignment matched destroyed target (targetID=81, eventWatcher=4)
[0402-close] no active tracking assignment matched destroyed target (targetID=82, eventWatcher=5)
[0402-close] no active tracking assignment matched destroyed target (targetID=83, eventWatcher=5)
[0402-close] no active tracking assignment matched destroyed target (targetID=84, eventWatcher=5)
[0402-close] no active tracking assignment matched destroyed target (targetID=85, eventWatcher=4)
[0402-close] no active tracking assignment matched destroyed target (targetID=86, eventWatcher=4)
[0402-close] no active tracking assignment matched destroyed target (targetID=87, eventWatcher=5)
[0402-close] no active tracking assignment matched destroyed target (targetID=88, eventWatcher=6)
[0402-close] no active tracking assignment matched destroyed target (targetID=89, eventWatcher=5)
[0402-close] no active tracking assignment matched destroyed target (targetID=90, eventWatcher=6)
[0402-close] no active tracking assignment matched destroyed target (targetID=91, eventWatcher=5)
[0402-close] no active tracking assignment matched destroyed target (targetID=77, eventWatcher=4)
[0402-close] no active tracking assignment matched destroyed target (targetID=78, eventWatcher=6)
[0402-close] no active tracking assignment matched destroyed target (targetID=79, eventWatcher=5)
[0402-close] no active tracking assignment matched destroyed target (targetID=80, eventWatcher=5)
[0402-close] no active tracking assignment matched destroyed target (targetID=81, eventWatcher=4)
[0402-close] no active tracking assignment matched destroyed target (targetID=82, eventWatcher=5)
[0402-close] no active tracking assignment matched destroyed target (targetID=83, eventWatcher=5)
[0402-close] no active tracking assignment matched destroyed target (targetID=84, eventWatcher=5)
[0402-close] no active tracking assignment matched destroyed target (targetID=85, eventWatcher=4)
[0402-close] no active tracking assignment matched destroyed target (targetID=86, eventWatcher=4)
[0402-close] no active tracking assignment matched destroyed target (targetID=87, eventWatcher=5)
[0402-close] no active tracking assignment matched destroyed target (targetID=88, eventWatcher=6)
[0402-close] no active tracking assignment matched destroyed target (targetID=89, eventWatcher=5)
[0402-close] no active tracking assignment matched destroyed target (targetID=90, eventWatcher=6)
[0402-close] no active tracking assignment matched destroyed target (targetID=91, eventWatcher=5)
[0401TRACE] handler slow seq=1829 elapsed=0.332s ts=832653687621 states=6
[0402-close] no active tracking assignment matched destroyed target (targetID=77, eventWatcher=4)
[0402-close] no active tracking assignment matched destroyed target (targetID=78, eventWatcher=6)
[0402-close] no active tracking assignment matched destroyed target (targetID=79, eventWatcher=5)
[0402-close] no active tracking assignment matched destroyed target (targetID=80, eventWatcher=5)
[0402-close] no active tracking assignment matched destroyed target (targetID=81, eventWatcher=4)
[0402-close] no active tracking assignment matched destroyed target (targetID=82, eventWatcher=5)
[0402-close] no active tracking assignment matched destroyed target (targetID=83, eventWatcher=5)
[0402-close] no active tracking assignment matched destroyed target (targetID=84, eventWatcher=5)
[0402-close] no active tracking assignment matched destroyed target (targetID=85, eventWatcher=4)
[0402-close] no active tracking assignment matched destroyed target (targetID=86, eventWatcher=4)
[0402-close] no active tracking assignment matched destroyed target (targetID=87, eventWatcher=5)
[0402-close] no active tracking assignment matched destroyed target (targetID=88, eventWatcher=6)
[0402-close] no active tracking assignment matched destroyed target (targetID=89, eventWatcher=5)
[0402-close] no active tracking assignment matched destroyed target (targetID=90, eventWatcher=6)
[0402-close] no active tracking assignment matched destroyed target (targetID=91, eventWatcher=5)
[0402-close] no active tracking assignment matched destroyed target (targetID=77, eventWatcher=4)
[0402-close] no active tracking assignment matched destroyed target (targetID=78, eventWatcher=6)
[0402-close] no active tracking assignment matched destroyed target (targetID=79, eventWatcher=5)
[0402-close] no active tracking assignment matched destroyed target (targetID=80, eventWatcher=5)
[0402-close] no active tracking assignment matched destroyed target (targetID=81, eventWatcher=4)
[0402-close] no active tracking assignment matched destroyed target (targetID=82, eventWatcher=5)
[0402-close] no active tracking assignment matched destroyed target (targetID=83, eventWatcher=5)
[0402-close] no active tracking assignment matched destroyed target (targetID=84, eventWatcher=5)
[0402-close] no active tracking assignment matched destroyed target (targetID=85, eventWatcher=4)
[0402-close] no active tracking assignment matched destroyed target (targetID=86, eventWatcher=4)
[0402-close] no active tracking assignment matched destroyed target (targetID=87, eventWatcher=5)
[0402-close] no active tracking assignment matched destroyed target (targetID=88, eventWatcher=6)
[0402-close] no active tracking assignment matched destroyed target (targetID=89, eventWatcher=5)
[0402-close] no active tracking assignment matched destroyed target (targetID=90, eventWatcher=6)
[0402-close] no active tracking assignment matched destroyed target (targetID=91, eventWatcher=5)
[0402-close] no active tracking assignment matched destroyed target (targetID=77, eventWatcher=4)
[0402-close] no active tracking assignment matched destroyed target (targetID=78, eventWatcher=6)
[0402-close] no active tracking assignment matched destroyed target (targetID=79, eventWatcher=5)
[0402-close] no active tracking assignment matched destroyed target (targetID=80, eventWatcher=5)
[0402-close] no active tracking assignment matched destroyed target (targetID=81, eventWatcher=4)
[0402-close] no active tracking assignment matched destroyed target (targetID=82, eventWatcher=5)
[0402-close] no active tracking assignment matched destroyed target (targetID=83, eventWatcher=5)
[0402-close] no active tracking assignment matched destroyed target (targetID=84, eventWatcher=5)
[0402-close] no active tracking assignment matched destroyed target (targetID=85, eventWatcher=4)
[0402-close] no active tracking assignment matched destroyed target (targetID=86, eventWatcher=4)
[0402-close] no active tracking assignment matched destroyed target (targetID=87, eventWatcher=5)
[0402-close] no active tracking assignment matched destroyed target (targetID=88, eventWatcher=6)
[0402-close] no active tracking assignment matched destroyed target (targetID=89, eventWatcher=5)
[0402-close] no active tracking assignment matched destroyed target (targetID=90, eventWatcher=6)
[0402-close] no active tracking assignment matched destroyed target (targetID=91, eventWatcher=5)
[0401TRACE] slow phase=area_tab elapsed=0.155s seq=1832
[0401TRACE] handler slow seq=1832 elapsed=0.356s ts=832653689227 states=6
[0402-close] no active tracking assignment matched destroyed target (targetID=77, eventWatcher=4)
[0402-close] no active tracking assignment matched destroyed target (targetID=78, eventWatcher=6)
[0402-close] no active tracking assignment matched destroyed target (targetID=79, eventWatcher=5)
[0402-close] no active tracking assignment matched destroyed target (targetID=80, eventWatcher=5)
[0402-close] no active tracking assignment matched destroyed target (targetID=81, eventWatcher=4)
[0402-close] no active tracking assignment matched destroyed target (targetID=82, eventWatcher=5)
[0402-close] no active tracking assignment matched destroyed target (targetID=83, eventWatcher=5)
[0402-close] no active tracking assignment matched destroyed target (targetID=84, eventWatcher=5)
[0402-close] no active tracking assignment matched destroyed target (targetID=85, eventWatcher=4)
[0402-close] no active tracking assignment matched destroyed target (targetID=86, eventWatcher=4)
[0402-close] no active tracking assignment matched destroyed target (targetID=87, eventWatcher=5)
[0402-close] no active tracking assignment matched destroyed target (targetID=88, eventWatcher=6)
[0402-close] no active tracking assignment matched destroyed target (targetID=89, eventWatcher=5)
[0402-close] no active tracking assignment matched destroyed target (targetID=90, eventWatcher=6)
[0402-close] no active tracking assignment matched destroyed target (targetID=91, eventWatcher=5)
[0402-close] no active tracking assignment matched destroyed target (targetID=77, eventWatcher=4)
[0402-close] no active tracking assignment matched destroyed target (targetID=78, eventWatcher=6)
[0402-close] no active tracking assignment matched destroyed target (targetID=79, eventWatcher=5)
[0402-close] no active tracking assignment matched destroyed target (targetID=80, eventWatcher=5)
[0402-close] no active tracking assignment matched destroyed target (targetID=81, eventWatcher=4)
[0402-close] no active tracking assignment matched destroyed target (targetID=82, eventWatcher=5)
[0402-close] no active tracking assignment matched destroyed target (targetID=83, eventWatcher=5)
[0402-close] no active tracking assignment matched destroyed target (targetID=84, eventWatcher=5)
[0402-close] no active tracking assignment matched destroyed target (targetID=85, eventWatcher=4)
[0402-close] no active tracking assignment matched destroyed target (targetID=86, eventWatcher=4)
[0402-close] no active tracking assignment matched destroyed target (targetID=87, eventWatcher=5)
[0402-close] no active tracking assignment matched destroyed target (targetID=88, eventWatcher=6)
[0402-close] no active tracking assignment matched destroyed target (targetID=89, eventWatcher=5)
[0402-close] no active tracking assignment matched destroyed target (targetID=90, eventWatcher=6)
[0402-close] no active tracking assignment matched destroyed target (targetID=91, eventWatcher=5)
[0401TRACE] handler slow seq=1834 elapsed=0.408s ts=832653690227 states=6
[0501] heartbeat failover send active
[0402-close] no active tracking assignment matched destroyed target (targetID=77, eventWatcher=4)
[0402-close] no active tracking assignment matched destroyed target (targetID=78, eventWatcher=6)
[0402-close] no active tracking assignment matched destroyed target (targetID=79, eventWatcher=5)
[0402-close] no active tracking assignment matched destroyed target (targetID=80, eventWatcher=5)
[0402-close] no active tracking assignment matched destroyed target (targetID=81, eventWatcher=4)
[0402-close] no active tracking assignment matched destroyed target (targetID=82, eventWatcher=5)
[0402-close] no active tracking assignment matched destroyed target (targetID=83, eventWatcher=5)
[0402-close] no active tracking assignment matched destroyed target (targetID=84, eventWatcher=5)
[0402-close] no active tracking assignment matched destroyed target (targetID=85, eventWatcher=4)
[0402-close] no active tracking assignment matched destroyed target (targetID=86, eventWatcher=4)
[0402-close] no active tracking assignment matched destroyed target (targetID=87, eventWatcher=5)
[0402-close] no active tracking assignment matched destroyed target (targetID=88, eventWatcher=6)
[0402-close] no active tracking assignment matched destroyed target (targetID=89, eventWatcher=5)
[0402-close] no active tracking assignment matched destroyed target (targetID=90, eventWatcher=6)
[0402-close] no active tracking assignment matched destroyed target (targetID=91, eventWatcher=5)
[0402-close] no active tracking assignment matched destroyed target (targetID=77, eventWatcher=4)
[0402-close] no active tracking assignment matched destroyed target (targetID=78, eventWatcher=6)
[0402-close] no active tracking assignment matched destroyed target (targetID=79, eventWatcher=5)
[0402-close] no active tracking assignment matched destroyed target (targetID=80, eventWatcher=5)
[0402-close] no active tracking assignment matched destroyed target (targetID=81, eventWatcher=4)
[0402-close] no active tracking assignment matched destroyed target (targetID=82, eventWatcher=5)
[0402-close] no active tracking assignment matched destroyed target (targetID=83, eventWatcher=5)
[0402-close] no active tracking assignment matched destroyed target (targetID=84, eventWatcher=5)
[0402-close] no active tracking assignment matched destroyed target (targetID=85, eventWatcher=4)
[0402-close] no active tracking assignment matched destroyed target (targetID=86, eventWatcher=4)
[0402-close] no active tracking assignment matched destroyed target (targetID=87, eventWatcher=5)
[0402-close] no active tracking assignment matched destroyed target (targetID=88, eventWatcher=6)
[0402-close] no active tracking assignment matched destroyed target (targetID=89, eventWatcher=5)
[0402-close] no active tracking assignment matched destroyed target (targetID=90, eventWatcher=6)
[0402-close] no active tracking assignment matched destroyed target (targetID=91, eventWatcher=5)
[0402-close] no active tracking assignment matched destroyed target (targetID=77, eventWatcher=4)
[0402-close] no active tracking assignment matched destroyed target (targetID=78, eventWatcher=6)
[0402-close] no active tracking assignment matched destroyed target (targetID=79, eventWatcher=5)
[0402-close] no active tracking assignment matched destroyed target (targetID=80, eventWatcher=5)
[0402-close] no active tracking assignment matched destroyed target (targetID=81, eventWatcher=4)
[0402-close] no active tracking assignment matched destroyed target (targetID=82, eventWatcher=5)
[0402-close] no active tracking assignment matched destroyed target (targetID=83, eventWatcher=5)
[0402-close] no active tracking assignment matched destroyed target (targetID=84, eventWatcher=5)
[0402-close] no active tracking assignment matched destroyed target (targetID=85, eventWatcher=4)
[0402-close] no active tracking assignment matched destroyed target (targetID=86, eventWatcher=4)
[0402-close] no active tracking assignment matched destroyed target (targetID=87, eventWatcher=5)
[0402-close] no active tracking assignment matched destroyed target (targetID=88, eventWatcher=6)
[0402-close] no active tracking assignment matched destroyed target (targetID=89, eventWatcher=5)
[0402-close] no active tracking assignment matched destroyed target (targetID=90, eventWatcher=6)
[0402-close] no active tracking assignment matched destroyed target (targetID=91, eventWatcher=5)
[0401TRACE] handler slow seq=1837 elapsed=0.385s ts=832653691615 states=6
[0402-close] no active tracking assignment matched destroyed target (targetID=77, eventWatcher=4)
[0402-close] no active tracking assignment matched destroyed target (targetID=78, eventWatcher=6)
[0402-close] no active tracking assignment matched destroyed target (targetID=79, eventWatcher=5)
[0402-close] no active tracking assignment matched destroyed target (targetID=80, eventWatcher=5)
[0402-close] no active tracking assignment matched destroyed target (targetID=81, eventWatcher=4)
[0402-close] no active tracking assignment matched destroyed target (targetID=82, eventWatcher=5)
[0402-close] no active tracking assignment matched destroyed target (targetID=83, eventWatcher=5)
[0402-close] no active tracking assignment matched destroyed target (targetID=84, eventWatcher=5)
[0402-close] no active tracking assignment matched destroyed target (targetID=85, eventWatcher=4)
[0402-close] no active tracking assignment matched destroyed target (targetID=86, eventWatcher=4)
[0402-close] no active tracking assignment matched destroyed target (targetID=87, eventWatcher=5)
[0402-close] no active tracking assignment matched destroyed target (targetID=88, eventWatcher=6)
[0402-close] no active tracking assignment matched destroyed target (targetID=89, eventWatcher=5)
[0402-close] no active tracking assignment matched destroyed target (targetID=90, eventWatcher=6)
[0402-close] no active tracking assignment matched destroyed target (targetID=91, eventWatcher=5)
[0401TRACE] handler slow seq=1838 elapsed=0.312s ts=832653692025 states=6
[RQUEUE] signal 0701 -> #21 옵션 정보 전송
[RQUEUE] signal 0305 -> #21 재계획 산출 완료
[0402-close] no active tracking assignment matched destroyed target (targetID=77, eventWatcher=4)
[0402-close] no active tracking assignment matched destroyed target (targetID=78, eventWatcher=6)
[0402-close] no active tracking assignment matched destroyed target (targetID=79, eventWatcher=5)
[0402-close] no active tracking assignment matched destroyed target (targetID=80, eventWatcher=5)
[0402-close] no active tracking assignment matched destroyed target (targetID=81, eventWatcher=4)
[0402-close] no active tracking assignment matched destroyed target (targetID=82, eventWatcher=5)
[0402-close] no active tracking assignment matched destroyed target (targetID=83, eventWatcher=5)
[0402-close] no active tracking assignment matched destroyed target (targetID=84, eventWatcher=5)
[0402-close] no active tracking assignment matched destroyed target (targetID=85, eventWatcher=4)
[0402-close] no active tracking assignment matched destroyed target (targetID=86, eventWatcher=4)
[0402-close] no active tracking assignment matched destroyed target (targetID=87, eventWatcher=5)
[0402-close] no active tracking assignment matched destroyed target (targetID=88, eventWatcher=6)
[0402-close] no active tracking assignment matched destroyed target (targetID=89, eventWatcher=5)
[0402-close] no active tracking assignment matched destroyed target (targetID=90, eventWatcher=6)
[0402-close] no active tracking assignment matched destroyed target (targetID=91, eventWatcher=5)
[0401TRACE] slow phase=area_tab elapsed=0.179s seq=1839
[0401TRACE] handler slow seq=1839 elapsed=0.407s ts=832653692615 states=6
[0402-close] no active tracking assignment matched destroyed target (targetID=77, eventWatcher=4)
[0402-close] no active tracking assignment matched destroyed target (targetID=78, eventWatcher=6)
[0402-close] no active tracking assignment matched destroyed target (targetID=79, eventWatcher=5)
[0402-close] no active tracking assignment matched destroyed target (targetID=80, eventWatcher=5)
[0402-close] no active tracking assignment matched destroyed target (targetID=81, eventWatcher=4)
[0402-close] no active tracking assignment matched destroyed target (targetID=82, eventWatcher=5)
[0402-close] no active tracking assignment matched destroyed target (targetID=83, eventWatcher=5)
[0402-close] no active tracking assignment matched destroyed target (targetID=84, eventWatcher=5)
[0402-close] no active tracking assignment matched destroyed target (targetID=85, eventWatcher=4)
[0402-close] no active tracking assignment matched destroyed target (targetID=86, eventWatcher=4)
[0402-close] no active tracking assignment matched destroyed target (targetID=87, eventWatcher=5)
[0402-close] no active tracking assignment matched destroyed target (targetID=88, eventWatcher=6)
[0402-close] no active tracking assignment matched destroyed target (targetID=89, eventWatcher=5)
[0402-close] no active tracking assignment matched destroyed target (targetID=90, eventWatcher=6)
[0402-close] no active tracking assignment matched destroyed target (targetID=91, eventWatcher=5)
[0401TRACE] handler slow seq=1840 elapsed=0.313s ts=832653693425 states=6
[0402-close] no active tracking assignment matched destroyed target (targetID=77, eventWatcher=4)
[0402-close] no active tracking assignment matched destroyed target (targetID=78, eventWatcher=6)
[0402-close] no active tracking assignment matched destroyed target (targetID=79, eventWatcher=5)
[0402-close] no active tracking assignment matched destroyed target (targetID=80, eventWatcher=5)
[0402-close] no active tracking assignment matched destroyed target (targetID=81, eventWatcher=4)
[0402-close] no active tracking assignment matched destroyed target (targetID=82, eventWatcher=5)
[0402-close] no active tracking assignment matched destroyed target (targetID=83, eventWatcher=5)
[0402-close] no active tracking assignment matched destroyed target (targetID=84, eventWatcher=5)
[0402-close] no active tracking assignment matched destroyed target (targetID=85, eventWatcher=4)
[0402-close] no active tracking assignment matched destroyed target (targetID=86, eventWatcher=4)
[0402-close] no active tracking assignment matched destroyed target (targetID=87, eventWatcher=5)
[0402-close] no active tracking assignment matched destroyed target (targetID=88, eventWatcher=6)
[0402-close] no active tracking assignment matched destroyed target (targetID=89, eventWatcher=5)
[0402-close] no active tracking assignment matched destroyed target (targetID=90, eventWatcher=6)
[0402-close] no active tracking assignment matched destroyed target (targetID=91, eventWatcher=5)
[0401TRACE] handler slow seq=1841 elapsed=0.389s ts=832653693817 states=6
[0402-close] no active tracking assignment matched destroyed target (targetID=77, eventWatcher=4)
[0402-close] no active tracking assignment matched destroyed target (targetID=78, eventWatcher=6)
[0402-close] no active tracking assignment matched destroyed target (targetID=79, eventWatcher=5)
[0402-close] no active tracking assignment matched destroyed target (targetID=80, eventWatcher=5)
[0402-close] no active tracking assignment matched destroyed target (targetID=81, eventWatcher=4)
[0402-close] no active tracking assignment matched destroyed target (targetID=82, eventWatcher=5)
[0402-close] no active tracking assignment matched destroyed target (targetID=83, eventWatcher=5)
[0402-close] no active tracking assignment matched destroyed target (targetID=84, eventWatcher=5)
[0402-close] no active tracking assignment matched destroyed target (targetID=85, eventWatcher=4)
[0402-close] no active tracking assignment matched destroyed target (targetID=86, eventWatcher=4)
[0402-close] no active tracking assignment matched destroyed target (targetID=87, eventWatcher=5)
[0402-close] no active tracking assignment matched destroyed target (targetID=88, eventWatcher=6)
[0402-close] no active tracking assignment matched destroyed target (targetID=89, eventWatcher=5)
[0402-close] no active tracking assignment matched destroyed target (targetID=90, eventWatcher=6)
[0402-close] no active tracking assignment matched destroyed target (targetID=91, eventWatcher=5)
[0402-close] no active tracking assignment matched destroyed target (targetID=77, eventWatcher=4)
[0402-close] no active tracking assignment matched destroyed target (targetID=78, eventWatcher=6)
[0402-close] no active tracking assignment matched destroyed target (targetID=79, eventWatcher=5)
[0402-close] no active tracking assignment matched destroyed target (targetID=80, eventWatcher=5)
[0402-close] no active tracking assignment matched destroyed target (targetID=81, eventWatcher=4)
[0402-close] no active tracking assignment matched destroyed target (targetID=82, eventWatcher=5)
[0402-close] no active tracking assignment matched destroyed target (targetID=83, eventWatcher=5)
[0402-close] no active tracking assignment matched destroyed target (targetID=84, eventWatcher=5)
[0402-close] no active tracking assignment matched destroyed target (targetID=85, eventWatcher=4)
[0402-close] no active tracking assignment matched destroyed target (targetID=86, eventWatcher=4)
[0402-close] no active tracking assignment matched destroyed target (targetID=87, eventWatcher=5)
[0402-close] no active tracking assignment matched destroyed target (targetID=88, eventWatcher=6)
[0402-close] no active tracking assignment matched destroyed target (targetID=89, eventWatcher=5)
[0402-close] no active tracking assignment matched destroyed target (targetID=90, eventWatcher=6)
[0402-close] no active tracking assignment matched destroyed target (targetID=91, eventWatcher=5)
[0401TRACE] slow phase=area_tab elapsed=0.180s seq=1843
[0401TRACE] handler slow seq=1843 elapsed=0.429s ts=832653695018 states=6
[0702] ignore=2 -> apply missionPlanID=700000042, source=DSC
[0702] 공격 배제 선택 -> target bundle isIgnored=1 반영 (count=2)
[QUALITY] startup grace armed (missionPlanID=700000042, duration=10.0s)
[RQUEUE] completed #21 표적탐지: 표적93 등 2개 발견 (결과 수신, signal=0702, active_ms=13891)
[0402-close] no active tracking assignment matched destroyed target (targetID=77, eventWatcher=4)
[0402-close] no active tracking assignment matched destroyed target (targetID=78, eventWatcher=6)
[0402-close] no active tracking assignment matched destroyed target (targetID=79, eventWatcher=5)
[0402-close] no active tracking assignment matched destroyed target (targetID=80, eventWatcher=5)
[0402-close] no active tracking assignment matched destroyed target (targetID=81, eventWatcher=4)
[0402-close] no active tracking assignment matched destroyed target (targetID=82, eventWatcher=5)
[0402-close] no active tracking assignment matched destroyed target (targetID=83, eventWatcher=5)
[0402-close] no active tracking assignment matched destroyed target (targetID=84, eventWatcher=5)
[0402-close] no active tracking assignment matched destroyed target (targetID=85, eventWatcher=4)
[0402-close] no active tracking assignment matched destroyed target (targetID=86, eventWatcher=4)
[0402-close] no active tracking assignment matched destroyed target (targetID=87, eventWatcher=5)
[0402-close] no active tracking assignment matched destroyed target (targetID=88, eventWatcher=6)
[0402-close] no active tracking assignment matched destroyed target (targetID=89, eventWatcher=5)
[0402-close] no active tracking assignment matched destroyed target (targetID=90, eventWatcher=6)
[0402-close] no active tracking assignment matched destroyed target (targetID=91, eventWatcher=5)
[0402-close] no active tracking assignment matched destroyed target (targetID=92, eventWatcher=5)
[0402-close] no active tracking assignment matched destroyed target (targetID=93, eventWatcher=4)
[RealTimeInferrer] Loading/Reloading Mission Plan: C:\Users\TRL98\Desktop\LAH_MUMT\Logs\Scenario_2026-05-21T132543\SBC3\MissionPlan\700000042.json
Updated Mission Context: torch.Size([384])
[0401] path-deviation trigger suppressed: within 3s after 0702 apply (remaining=2632ms)
[0401TRACE] handler slow seq=1844 elapsed=0.301s ts=832653695424 states=6
[0501] heartbeat failover send active
[0402-close] no active tracking assignment matched destroyed target (targetID=77, eventWatcher=4)
[0402-close] no active tracking assignment matched destroyed target (targetID=78, eventWatcher=6)
[0402-close] no active tracking assignment matched destroyed target (targetID=79, eventWatcher=5)
[0402-close] no active tracking assignment matched destroyed target (targetID=80, eventWatcher=5)
[0402-close] no active tracking assignment matched destroyed target (targetID=81, eventWatcher=4)
[0402-close] no active tracking assignment matched destroyed target (targetID=82, eventWatcher=5)
[0402-close] no active tracking assignment matched destroyed target (targetID=83, eventWatcher=5)
[0402-close] no active tracking assignment matched destroyed target (targetID=84, eventWatcher=5)
[0402-close] no active tracking assignment matched destroyed target (targetID=85, eventWatcher=4)
[0402-close] no active tracking assignment matched destroyed target (targetID=86, eventWatcher=4)
[0402-close] no active tracking assignment matched destroyed target (targetID=87, eventWatcher=5)
[0402-close] no active tracking assignment matched destroyed target (targetID=88, eventWatcher=6)
[0402-close] no active tracking assignment matched destroyed target (targetID=89, eventWatcher=5)
[0402-close] no active tracking assignment matched destroyed target (targetID=90, eventWatcher=6)
[0402-close] no active tracking assignment matched destroyed target (targetID=91, eventWatcher=5)
[0402-close] no active tracking assignment matched destroyed target (targetID=92, eventWatcher=5)
[0402-close] no active tracking assignment matched destroyed target (targetID=93, eventWatcher=4)
[0402-close] no active tracking assignment matched destroyed target (targetID=77, eventWatcher=4)
[0402-close] no active tracking assignment matched destroyed target (targetID=78, eventWatcher=6)
[0402-close] no active tracking assignment matched destroyed target (targetID=79, eventWatcher=5)
[0402-close] no active tracking assignment matched destroyed target (targetID=80, eventWatcher=5)
[0402-close] no active tracking assignment matched destroyed target (targetID=81, eventWatcher=4)
[0402-close] no active tracking assignment matched destroyed target (targetID=82, eventWatcher=5)
[0402-close] no active tracking assignment matched destroyed target (targetID=83, eventWatcher=5)
[0402-close] no active tracking assignment matched destroyed target (targetID=84, eventWatcher=5)
[0402-close] no active tracking assignment matched destroyed target (targetID=85, eventWatcher=4)
[0402-close] no active tracking assignment matched destroyed target (targetID=86, eventWatcher=4)
[0402-close] no active tracking assignment matched destroyed target (targetID=87, eventWatcher=5)
[0402-close] no active tracking assignment matched destroyed target (targetID=88, eventWatcher=6)
[0402-close] no active tracking assignment matched destroyed target (targetID=89, eventWatcher=5)
[0402-close] no active tracking assignment matched destroyed target (targetID=90, eventWatcher=6)
[0402-close] no active tracking assignment matched destroyed target (targetID=91, eventWatcher=5)
[0402-close] no active tracking assignment matched destroyed target (targetID=92, eventWatcher=5)
[0402-close] no active tracking assignment matched destroyed target (targetID=93, eventWatcher=4)
[0402-close] no active tracking assignment matched destroyed target (targetID=77, eventWatcher=4)
[0402-close] no active tracking assignment matched destroyed target (targetID=78, eventWatcher=6)
[0402-close] no active tracking assignment matched destroyed target (targetID=79, eventWatcher=5)
[0402-close] no active tracking assignment matched destroyed target (targetID=80, eventWatcher=5)
[0402-close] no active tracking assignment matched destroyed target (targetID=81, eventWatcher=4)
[0402-close] no active tracking assignment matched destroyed target (targetID=82, eventWatcher=5)
[0402-close] no active tracking assignment matched destroyed target (targetID=83, eventWatcher=5)
[0402-close] no active tracking assignment matched destroyed target (targetID=84, eventWatcher=5)
[0402-close] no active tracking assignment matched destroyed target (targetID=85, eventWatcher=4)
[0402-close] no active tracking assignment matched destroyed target (targetID=86, eventWatcher=4)
[0402-close] no active tracking assignment matched destroyed target (targetID=87, eventWatcher=5)
[0402-close] no active tracking assignment matched destroyed target (targetID=88, eventWatcher=6)
[0402-close] no active tracking assignment matched destroyed target (targetID=89, eventWatcher=5)
[0402-close] no active tracking assignment matched destroyed target (targetID=90, eventWatcher=6)
[0402-close] no active tracking assignment matched destroyed target (targetID=91, eventWatcher=5)
[0402-close] no active tracking assignment matched destroyed target (targetID=92, eventWatcher=5)
[0402-close] no active tracking assignment matched destroyed target (targetID=93, eventWatcher=4)
[0402] new detections: 1
[0402] bundled target replan prepared: key=94-5, primaryTargetID=94, targets=[94]
[RQUEUE] queued #22 표적탐지: 표적94 발견 재계획
[RQUEUE] dispatching #22 표적탐지: 표적94 발견 재계획
[0902] replan request sent (level=2, reason=표적94 발견 재계획, planIds=700000043, 700000044)
[RQUEUE] active #22 표적탐지: 표적94 발견 재계획
[RQUEUE] bundle targets marked used: count=1
[RQUEUE] signal 0305 -> #22 재계획 수행중
[0401TRACE] handler slow seq=1859 elapsed=0.312s ts=832653702021 states=6
[0401TRACE] handler slow seq=1864 elapsed=0.322s ts=832653704419 states=6
[0402-close] no active tracking assignment matched destroyed target (targetID=77, eventWatcher=4)
[0402-close] no active tracking assignment matched destroyed target (targetID=78, eventWatcher=6)
[0402-close] no active tracking assignment matched destroyed target (targetID=79, eventWatcher=5)
[0402-close] no active tracking assignment matched destroyed target (targetID=80, eventWatcher=5)
[0402-close] no active tracking assignment matched destroyed target (targetID=81, eventWatcher=4)
[0402-close] no active tracking assignment matched destroyed target (targetID=82, eventWatcher=5)
[0402-close] no active tracking assignment matched destroyed target (targetID=83, eventWatcher=5)
[0402-close] no active tracking assignment matched destroyed target (targetID=84, eventWatcher=5)
[0402-close] no active tracking assignment matched destroyed target (targetID=85, eventWatcher=4)
[0402-close] no active tracking assignment matched destroyed target (targetID=86, eventWatcher=4)
[0402-close] no active tracking assignment matched destroyed target (targetID=87, eventWatcher=5)
[0402-close] no active tracking assignment matched destroyed target (targetID=88, eventWatcher=6)
[0402-close] no active tracking assignment matched destroyed target (targetID=89, eventWatcher=5)
[0402-close] no active tracking assignment matched destroyed target (targetID=90, eventWatcher=6)
[0402-close] no active tracking assignment matched destroyed target (targetID=91, eventWatcher=5)
[0402-close] no active tracking assignment matched destroyed target (targetID=92, eventWatcher=5)
[0402-close] no active tracking assignment matched destroyed target (targetID=93, eventWatcher=4)
[0401TRACE] handler slow seq=1865 elapsed=0.335s ts=832653704824 states=6
[0401TRACE] handler slow seq=1868 elapsed=0.319s ts=832653706421 states=6
[0401TRACE] handler slow seq=1870 elapsed=0.335s ts=832653707420 states=6
[0401TRACE] handler slow seq=1874 elapsed=0.307s ts=832653709428 states=6
[0401TRACE] handler slow seq=1877 elapsed=0.316s ts=832653710618 states=6
[RQUEUE] signal 0701 -> #22 옵션 정보 전송
[RQUEUE] signal 0305 -> #22 재계획 산출 완료
[0401TRACE] handler slow seq=1886 elapsed=0.311s ts=832653714627 states=6
[0402-close] no active tracking assignment matched destroyed target (targetID=77, eventWatcher=4)
[0402-close] no active tracking assignment matched destroyed target (targetID=78, eventWatcher=6)
[0402-close] no active tracking assignment matched destroyed target (targetID=79, eventWatcher=5)
[0402-close] no active tracking assignment matched destroyed target (targetID=80, eventWatcher=5)
[0402-close] no active tracking assignment matched destroyed target (targetID=81, eventWatcher=4)
[0402-close] no active tracking assignment matched destroyed target (targetID=82, eventWatcher=5)
[0402-close] no active tracking assignment matched destroyed target (targetID=83, eventWatcher=5)
[0402-close] no active tracking assignment matched destroyed target (targetID=84, eventWatcher=5)
[0402-close] no active tracking assignment matched destroyed target (targetID=85, eventWatcher=4)
[0402-close] no active tracking assignment matched destroyed target (targetID=86, eventWatcher=4)
[0402-close] no active tracking assignment matched destroyed target (targetID=87, eventWatcher=5)
[0402-close] no active tracking assignment matched destroyed target (targetID=88, eventWatcher=6)
[0402-close] no active tracking assignment matched destroyed target (targetID=89, eventWatcher=5)
[0402-close] no active tracking assignment matched destroyed target (targetID=90, eventWatcher=6)
[0402-close] no active tracking assignment matched destroyed target (targetID=91, eventWatcher=5)
[0402-close] no active tracking assignment matched destroyed target (targetID=92, eventWatcher=5)
[0402-close] no active tracking assignment matched destroyed target (targetID=93, eventWatcher=4)
[0402-close] no active tracking assignment matched destroyed target (targetID=94, eventWatcher=5)
[0702] ignore=2 -> apply missionPlanID=700000044, source=DSC
[0702] 공격 배제 선택 -> target bundle isIgnored=1 반영 (count=1)
[QUALITY] startup grace armed (missionPlanID=700000044, duration=10.0s)
[RQUEUE] completed #22 표적탐지: 표적94 발견 재계획 (결과 수신, signal=0702, active_ms=15367)
[RealTimeInferrer] Loading/Reloading Mission Plan: C:\Users\TRL98\Desktop\LAH_MUMT\Logs\Scenario_2026-05-21T132543\SBC3\MissionPlan\700000044.json
Updated Mission Context: torch.Size([384])
[0401] path-deviation trigger suppressed: within 3s after 0702 apply (remaining=2697ms)
[0402-close] no active tracking assignment matched destroyed target (targetID=77, eventWatcher=4)
[0402-close] no active tracking assignment matched destroyed target (targetID=78, eventWatcher=6)
[0402-close] no active tracking assignment matched destroyed target (targetID=79, eventWatcher=5)
[0402-close] no active tracking assignment matched destroyed target (targetID=80, eventWatcher=5)
[0402-close] no active tracking assignment matched destroyed target (targetID=81, eventWatcher=4)
[0402-close] no active tracking assignment matched destroyed target (targetID=82, eventWatcher=5)
[0402-close] no active tracking assignment matched destroyed target (targetID=83, eventWatcher=5)
[0402-close] no active tracking assignment matched destroyed target (targetID=84, eventWatcher=5)
[0402-close] no active tracking assignment matched destroyed target (targetID=85, eventWatcher=4)
[0402-close] no active tracking assignment matched destroyed target (targetID=86, eventWatcher=4)
[0402-close] no active tracking assignment matched destroyed target (targetID=87, eventWatcher=5)
[0402-close] no active tracking assignment matched destroyed target (targetID=88, eventWatcher=6)
[0402-close] no active tracking assignment matched destroyed target (targetID=89, eventWatcher=5)
[0402-close] no active tracking assignment matched destroyed target (targetID=90, eventWatcher=6)
[0402-close] no active tracking assignment matched destroyed target (targetID=91, eventWatcher=5)
[0402-close] no active tracking assignment matched destroyed target (targetID=92, eventWatcher=5)
[0402-close] no active tracking assignment matched destroyed target (targetID=93, eventWatcher=4)
[0402-close] no active tracking assignment matched destroyed target (targetID=94, eventWatcher=5)
[0402-close] no active tracking assignment matched destroyed target (targetID=77, eventWatcher=4)
[0402-close] no active tracking assignment matched destroyed target (targetID=78, eventWatcher=6)
[0402-close] no active tracking assignment matched destroyed target (targetID=79, eventWatcher=5)
[0402-close] no active tracking assignment matched destroyed target (targetID=80, eventWatcher=5)
[0402-close] no active tracking assignment matched destroyed target (targetID=81, eventWatcher=4)
[0402-close] no active tracking assignment matched destroyed target (targetID=82, eventWatcher=5)
[0402-close] no active tracking assignment matched destroyed target (targetID=83, eventWatcher=5)
[0402-close] no active tracking assignment matched destroyed target (targetID=84, eventWatcher=5)
[0402-close] no active tracking assignment matched destroyed target (targetID=85, eventWatcher=4)
[0402-close] no active tracking assignment matched destroyed target (targetID=86, eventWatcher=4)
[0402-close] no active tracking assignment matched destroyed target (targetID=87, eventWatcher=5)
[0402-close] no active tracking assignment matched destroyed target (targetID=88, eventWatcher=6)
[0402-close] no active tracking assignment matched destroyed target (targetID=89, eventWatcher=5)
[0402-close] no active tracking assignment matched destroyed target (targetID=90, eventWatcher=6)
[0402-close] no active tracking assignment matched destroyed target (targetID=91, eventWatcher=5)
[0402-close] no active tracking assignment matched destroyed target (targetID=92, eventWatcher=5)
[0402-close] no active tracking assignment matched destroyed target (targetID=93, eventWatcher=4)
[0402-close] no active tracking assignment matched destroyed target (targetID=94, eventWatcher=5)
[0402] new detections: 1
[0402] bundled target replan prepared: key=96-6, primaryTargetID=96, targets=[96]
[RQUEUE] queued #23 표적탐지: 표적96 발견 재계획
[0402-close] no active tracking assignment matched destroyed target (targetID=77, eventWatcher=4)
[0402-close] no active tracking assignment matched destroyed target (targetID=78, eventWatcher=6)
[0402-close] no active tracking assignment matched destroyed target (targetID=79, eventWatcher=5)
[0402-close] no active tracking assignment matched destroyed target (targetID=80, eventWatcher=5)
[0402-close] no active tracking assignment matched destroyed target (targetID=81, eventWatcher=4)
[0402-close] no active tracking assignment matched destroyed target (targetID=82, eventWatcher=5)
[0402-close] no active tracking assignment matched destroyed target (targetID=83, eventWatcher=5)
[0402-close] no active tracking assignment matched destroyed target (targetID=84, eventWatcher=5)
[0402-close] no active tracking assignment matched destroyed target (targetID=85, eventWatcher=4)
[0402-close] no active tracking assignment matched destroyed target (targetID=86, eventWatcher=4)
[0402-close] no active tracking assignment matched destroyed target (targetID=87, eventWatcher=5)
[0402-close] no active tracking assignment matched destroyed target (targetID=88, eventWatcher=6)
[0402-close] no active tracking assignment matched destroyed target (targetID=89, eventWatcher=5)
[0402-close] no active tracking assignment matched destroyed target (targetID=90, eventWatcher=6)
[0402-close] no active tracking assignment matched destroyed target (targetID=91, eventWatcher=5)
[0402-close] no active tracking assignment matched destroyed target (targetID=92, eventWatcher=5)
[0402-close] no active tracking assignment matched destroyed target (targetID=93, eventWatcher=4)
[0402-close] no active tracking assignment matched destroyed target (targetID=94, eventWatcher=5)
[RQUEUE] dispatching #23 표적탐지: 표적96 발견 재계획
[0902] replan request sent (level=2, reason=표적96 발견 재계획, planIds=700000045, 700000046)
[RQUEUE] active #23 표적탐지: 표적96 발견 재계획
[RQUEUE] bundle targets marked used: count=1
[RQUEUE] signal 0305 -> #23 재계획 수행중
[0402-close] no active tracking assignment matched destroyed target (targetID=77, eventWatcher=4)
[0402-close] no active tracking assignment matched destroyed target (targetID=78, eventWatcher=6)
[0402-close] no active tracking assignment matched destroyed target (targetID=79, eventWatcher=5)
[0402-close] no active tracking assignment matched destroyed target (targetID=80, eventWatcher=5)
[0402-close] no active tracking assignment matched destroyed target (targetID=81, eventWatcher=4)
[0402-close] no active tracking assignment matched destroyed target (targetID=82, eventWatcher=5)
[0402-close] no active tracking assignment matched destroyed target (targetID=83, eventWatcher=5)
[0402-close] no active tracking assignment matched destroyed target (targetID=84, eventWatcher=5)
[0402-close] no active tracking assignment matched destroyed target (targetID=85, eventWatcher=4)
[0402-close] no active tracking assignment matched destroyed target (targetID=86, eventWatcher=4)
[0402-close] no active tracking assignment matched destroyed target (targetID=87, eventWatcher=5)
[0402-close] no active tracking assignment matched destroyed target (targetID=88, eventWatcher=6)
[0402-close] no active tracking assignment matched destroyed target (targetID=89, eventWatcher=5)
[0402-close] no active tracking assignment matched destroyed target (targetID=90, eventWatcher=6)
[0402-close] no active tracking assignment matched destroyed target (targetID=91, eventWatcher=5)
[0402-close] no active tracking assignment matched destroyed target (targetID=92, eventWatcher=5)
[0402-close] no active tracking assignment matched destroyed target (targetID=93, eventWatcher=4)
[0402-close] no active tracking assignment matched destroyed target (targetID=94, eventWatcher=5)
[0401TRACE] handler slow seq=1904 elapsed=0.314s ts=832653722615 states=6
[0402-close] no active tracking assignment matched destroyed target (targetID=77, eventWatcher=4)
[0402-close] no active tracking assignment matched destroyed target (targetID=78, eventWatcher=6)
[0402-close] no active tracking assignment matched destroyed target (targetID=79, eventWatcher=5)
[0402-close] no active tracking assignment matched destroyed target (targetID=80, eventWatcher=5)
[0402-close] no active tracking assignment matched destroyed target (targetID=81, eventWatcher=4)
[0402-close] no active tracking assignment matched destroyed target (targetID=82, eventWatcher=5)
[0402-close] no active tracking assignment matched destroyed target (targetID=83, eventWatcher=5)
[0402-close] no active tracking assignment matched destroyed target (targetID=84, eventWatcher=5)
[0402-close] no active tracking assignment matched destroyed target (targetID=85, eventWatcher=4)
[0402-close] no active tracking assignment matched destroyed target (targetID=86, eventWatcher=4)
[0402-close] no active tracking assignment matched destroyed target (targetID=87, eventWatcher=5)
[0402-close] no active tracking assignment matched destroyed target (targetID=88, eventWatcher=6)
[0402-close] no active tracking assignment matched destroyed target (targetID=89, eventWatcher=5)
[0402-close] no active tracking assignment matched destroyed target (targetID=90, eventWatcher=6)
[0402-close] no active tracking assignment matched destroyed target (targetID=91, eventWatcher=5)
[0402-close] no active tracking assignment matched destroyed target (targetID=92, eventWatcher=5)
[0402-close] no active tracking assignment matched destroyed target (targetID=93, eventWatcher=4)
[0402-close] no active tracking assignment matched destroyed target (targetID=94, eventWatcher=5)
[0402-close] no active tracking assignment matched destroyed target (targetID=77, eventWatcher=4)
[0402-close] no active tracking assignment matched destroyed target (targetID=78, eventWatcher=6)
[0402-close] no active tracking assignment matched destroyed target (targetID=79, eventWatcher=5)
[0402-close] no active tracking assignment matched destroyed target (targetID=80, eventWatcher=5)
[0402-close] no active tracking assignment matched destroyed target (targetID=81, eventWatcher=4)
[0402-close] no active tracking assignment matched destroyed target (targetID=82, eventWatcher=5)
[0402-close] no active tracking assignment matched destroyed target (targetID=83, eventWatcher=5)
[0402-close] no active tracking assignment matched destroyed target (targetID=84, eventWatcher=5)
[0402-close] no active tracking assignment matched destroyed target (targetID=85, eventWatcher=4)
[0402-close] no active tracking assignment matched destroyed target (targetID=86, eventWatcher=4)
[0402-close] no active tracking assignment matched destroyed target (targetID=87, eventWatcher=5)
[0402-close] no active tracking assignment matched destroyed target (targetID=88, eventWatcher=6)
[0402-close] no active tracking assignment matched destroyed target (targetID=89, eventWatcher=5)
[0402-close] no active tracking assignment matched destroyed target (targetID=90, eventWatcher=6)
[0402-close] no active tracking assignment matched destroyed target (targetID=91, eventWatcher=5)
[0402-close] no active tracking assignment matched destroyed target (targetID=92, eventWatcher=5)
[0402-close] no active tracking assignment matched destroyed target (targetID=93, eventWatcher=4)
[0402-close] no active tracking assignment matched destroyed target (targetID=94, eventWatcher=5)
[0402-close] no active tracking assignment matched destroyed target (targetID=77, eventWatcher=4)
[0402-close] no active tracking assignment matched destroyed target (targetID=78, eventWatcher=6)
[0402-close] no active tracking assignment matched destroyed target (targetID=79, eventWatcher=5)
[0402-close] no active tracking assignment matched destroyed target (targetID=80, eventWatcher=5)
[0402-close] no active tracking assignment matched destroyed target (targetID=81, eventWatcher=4)
[0402-close] no active tracking assignment matched destroyed target (targetID=82, eventWatcher=5)
[0402-close] no active tracking assignment matched destroyed target (targetID=83, eventWatcher=5)
[0402-close] no active tracking assignment matched destroyed target (targetID=84, eventWatcher=5)
[0402-close] no active tracking assignment matched destroyed target (targetID=85, eventWatcher=4)
[0402-close] no active tracking assignment matched destroyed target (targetID=86, eventWatcher=4)
[0402-close] no active tracking assignment matched destroyed target (targetID=87, eventWatcher=5)
[0402-close] no active tracking assignment matched destroyed target (targetID=88, eventWatcher=6)
[0402-close] no active tracking assignment matched destroyed target (targetID=89, eventWatcher=5)
[0402-close] no active tracking assignment matched destroyed target (targetID=90, eventWatcher=6)
[0402-close] no active tracking assignment matched destroyed target (targetID=91, eventWatcher=5)
[0402-close] no active tracking assignment matched destroyed target (targetID=92, eventWatcher=5)
[0402-close] no active tracking assignment matched destroyed target (targetID=93, eventWatcher=4)
[0402-close] no active tracking assignment matched destroyed target (targetID=94, eventWatcher=5)
[0402-close] no active tracking assignment matched destroyed target (targetID=77, eventWatcher=4)
[0402-close] no active tracking assignment matched destroyed target (targetID=78, eventWatcher=6)
[0402-close] no active tracking assignment matched destroyed target (targetID=79, eventWatcher=5)
[0402-close] no active tracking assignment matched destroyed target (targetID=80, eventWatcher=5)
[0402-close] no active tracking assignment matched destroyed target (targetID=81, eventWatcher=4)
[0402-close] no active tracking assignment matched destroyed target (targetID=82, eventWatcher=5)
[0402-close] no active tracking assignment matched destroyed target (targetID=83, eventWatcher=5)
[0402-close] no active tracking assignment matched destroyed target (targetID=84, eventWatcher=5)
[0402-close] no active tracking assignment matched destroyed target (targetID=85, eventWatcher=4)
[0402-close] no active tracking assignment matched destroyed target (targetID=86, eventWatcher=4)
[0402-close] no active tracking assignment matched destroyed target (targetID=87, eventWatcher=5)
[0402-close] no active tracking assignment matched destroyed target (targetID=88, eventWatcher=6)
[0402-close] no active tracking assignment matched destroyed target (targetID=89, eventWatcher=5)
[0402-close] no active tracking assignment matched destroyed target (targetID=90, eventWatcher=6)
[0402-close] no active tracking assignment matched destroyed target (targetID=91, eventWatcher=5)
[0402-close] no active tracking assignment matched destroyed target (targetID=92, eventWatcher=5)
[0402-close] no active tracking assignment matched destroyed target (targetID=93, eventWatcher=4)
[0402-close] no active tracking assignment matched destroyed target (targetID=94, eventWatcher=5)
[0402-close] no active tracking assignment matched destroyed target (targetID=77, eventWatcher=4)
[0402-close] no active tracking assignment matched destroyed target (targetID=78, eventWatcher=6)
[0402-close] no active tracking assignment matched destroyed target (targetID=79, eventWatcher=5)
[0402-close] no active tracking assignment matched destroyed target (targetID=80, eventWatcher=5)
[0402-close] no active tracking assignment matched destroyed target (targetID=81, eventWatcher=4)
[0402-close] no active tracking assignment matched destroyed target (targetID=82, eventWatcher=5)
[0402-close] no active tracking assignment matched destroyed target (targetID=83, eventWatcher=5)
[0402-close] no active tracking assignment matched destroyed target (targetID=84, eventWatcher=5)
[0402-close] no active tracking assignment matched destroyed target (targetID=85, eventWatcher=4)
[0402-close] no active tracking assignment matched destroyed target (targetID=86, eventWatcher=4)
[0402-close] no active tracking assignment matched destroyed target (targetID=87, eventWatcher=5)
[0402-close] no active tracking assignment matched destroyed target (targetID=88, eventWatcher=6)
[0402-close] no active tracking assignment matched destroyed target (targetID=89, eventWatcher=5)
[0402-close] no active tracking assignment matched destroyed target (targetID=90, eventWatcher=6)
[0402-close] no active tracking assignment matched destroyed target (targetID=91, eventWatcher=5)
[0402-close] no active tracking assignment matched destroyed target (targetID=92, eventWatcher=5)
[0402-close] no active tracking assignment matched destroyed target (targetID=93, eventWatcher=4)
[0402-close] no active tracking assignment matched destroyed target (targetID=94, eventWatcher=5)
[0402] new detections: 1
[0402] accumulated attack bundle prepared: count=2, targets=[96, 97]
[0402] bundled target replan prepared: key=97-5, primaryTargetID=97, targets=[96, 97]
[RQUEUE] queued #24 표적탐지: 표적97 등 2개 발견
[RQUEUE] suppress_options set on active #23 (targetID=96): 추가 표적 감지로 옵션 생략 예정
[0402-close] no active tracking assignment matched destroyed target (targetID=77, eventWatcher=4)
[0402-close] no active tracking assignment matched destroyed target (targetID=78, eventWatcher=6)
[0402-close] no active tracking assignment matched destroyed target (targetID=79, eventWatcher=5)
[0402-close] no active tracking assignment matched destroyed target (targetID=80, eventWatcher=5)
[0402-close] no active tracking assignment matched destroyed target (targetID=81, eventWatcher=4)
[0402-close] no active tracking assignment matched destroyed target (targetID=82, eventWatcher=5)
[0402-close] no active tracking assignment matched destroyed target (targetID=83, eventWatcher=5)
[0402-close] no active tracking assignment matched destroyed target (targetID=84, eventWatcher=5)
[0402-close] no active tracking assignment matched destroyed target (targetID=85, eventWatcher=4)
[0402-close] no active tracking assignment matched destroyed target (targetID=86, eventWatcher=4)
[0402-close] no active tracking assignment matched destroyed target (targetID=87, eventWatcher=5)
[0402-close] no active tracking assignment matched destroyed target (targetID=88, eventWatcher=6)
[0402-close] no active tracking assignment matched destroyed target (targetID=89, eventWatcher=5)
[0402-close] no active tracking assignment matched destroyed target (targetID=90, eventWatcher=6)
[0402-close] no active tracking assignment matched destroyed target (targetID=91, eventWatcher=5)
[0402-close] no active tracking assignment matched destroyed target (targetID=92, eventWatcher=5)
[0402-close] no active tracking assignment matched destroyed target (targetID=93, eventWatcher=4)
[0402-close] no active tracking assignment matched destroyed target (targetID=94, eventWatcher=5)
[0402-close] no active tracking assignment matched destroyed target (targetID=77, eventWatcher=4)
[0402-close] no active tracking assignment matched destroyed target (targetID=78, eventWatcher=6)
[0402-close] no active tracking assignment matched destroyed target (targetID=79, eventWatcher=5)
[0402-close] no active tracking assignment matched destroyed target (targetID=80, eventWatcher=5)
[0402-close] no active tracking assignment matched destroyed target (targetID=81, eventWatcher=4)
[0402-close] no active tracking assignment matched destroyed target (targetID=82, eventWatcher=5)
[0402-close] no active tracking assignment matched destroyed target (targetID=83, eventWatcher=5)
[0402-close] no active tracking assignment matched destroyed target (targetID=84, eventWatcher=5)
[0402-close] no active tracking assignment matched destroyed target (targetID=85, eventWatcher=4)
[0402-close] no active tracking assignment matched destroyed target (targetID=86, eventWatcher=4)
[0402-close] no active tracking assignment matched destroyed target (targetID=87, eventWatcher=5)
[0402-close] no active tracking assignment matched destroyed target (targetID=88, eventWatcher=6)
[0402-close] no active tracking assignment matched destroyed target (targetID=89, eventWatcher=5)
[0402-close] no active tracking assignment matched destroyed target (targetID=90, eventWatcher=6)
[0402-close] no active tracking assignment matched destroyed target (targetID=91, eventWatcher=5)
[0402-close] no active tracking assignment matched destroyed target (targetID=92, eventWatcher=5)
[0402-close] no active tracking assignment matched destroyed target (targetID=93, eventWatcher=4)
[0402-close] no active tracking assignment matched destroyed target (targetID=94, eventWatcher=5)
[0402-close] no active tracking assignment matched destroyed target (targetID=77, eventWatcher=4)
[0402-close] no active tracking assignment matched destroyed target (targetID=78, eventWatcher=6)
[0402-close] no active tracking assignment matched destroyed target (targetID=79, eventWatcher=5)
[0402-close] no active tracking assignment matched destroyed target (targetID=80, eventWatcher=5)
[0402-close] no active tracking assignment matched destroyed target (targetID=81, eventWatcher=4)
[0402-close] no active tracking assignment matched destroyed target (targetID=82, eventWatcher=5)
[0402-close] no active tracking assignment matched destroyed target (targetID=83, eventWatcher=5)
[0402-close] no active tracking assignment matched destroyed target (targetID=84, eventWatcher=5)
[0402-close] no active tracking assignment matched destroyed target (targetID=85, eventWatcher=4)
[0402-close] no active tracking assignment matched destroyed target (targetID=86, eventWatcher=4)
[0402-close] no active tracking assignment matched destroyed target (targetID=87, eventWatcher=5)
[0402-close] no active tracking assignment matched destroyed target (targetID=88, eventWatcher=6)
[0402-close] no active tracking assignment matched destroyed target (targetID=89, eventWatcher=5)
[0402-close] no active tracking assignment matched destroyed target (targetID=90, eventWatcher=6)
[0402-close] no active tracking assignment matched destroyed target (targetID=91, eventWatcher=5)
[0402-close] no active tracking assignment matched destroyed target (targetID=92, eventWatcher=5)
[0402-close] no active tracking assignment matched destroyed target (targetID=93, eventWatcher=4)
[0402-close] no active tracking assignment matched destroyed target (targetID=94, eventWatcher=5)
[0402-close] no active tracking assignment matched destroyed target (targetID=77, eventWatcher=4)
[0402-close] no active tracking assignment matched destroyed target (targetID=78, eventWatcher=6)
[0402-close] no active tracking assignment matched destroyed target (targetID=79, eventWatcher=5)
[0402-close] no active tracking assignment matched destroyed target (targetID=80, eventWatcher=5)
[0402-close] no active tracking assignment matched destroyed target (targetID=81, eventWatcher=4)
[0402-close] no active tracking assignment matched destroyed target (targetID=82, eventWatcher=5)
[0402-close] no active tracking assignment matched destroyed target (targetID=83, eventWatcher=5)
[0402-close] no active tracking assignment matched destroyed target (targetID=84, eventWatcher=5)
[0402-close] no active tracking assignment matched destroyed target (targetID=85, eventWatcher=4)
[0402-close] no active tracking assignment matched destroyed target (targetID=86, eventWatcher=4)
[0402-close] no active tracking assignment matched destroyed target (targetID=87, eventWatcher=5)
[0402-close] no active tracking assignment matched destroyed target (targetID=88, eventWatcher=6)
[0402-close] no active tracking assignment matched destroyed target (targetID=89, eventWatcher=5)
[0402-close] no active tracking assignment matched destroyed target (targetID=90, eventWatcher=6)
[0402-close] no active tracking assignment matched destroyed target (targetID=91, eventWatcher=5)
[0402-close] no active tracking assignment matched destroyed target (targetID=92, eventWatcher=5)
[0402-close] no active tracking assignment matched destroyed target (targetID=93, eventWatcher=4)
[0402-close] no active tracking assignment matched destroyed target (targetID=94, eventWatcher=5)
[0402-close] no active tracking assignment matched destroyed target (targetID=77, eventWatcher=4)
[0402-close] no active tracking assignment matched destroyed target (targetID=78, eventWatcher=6)
[0402-close] no active tracking assignment matched destroyed target (targetID=79, eventWatcher=5)
[0402-close] no active tracking assignment matched destroyed target (targetID=80, eventWatcher=5)
[0402-close] no active tracking assignment matched destroyed target (targetID=81, eventWatcher=4)
[0402-close] no active tracking assignment matched destroyed target (targetID=82, eventWatcher=5)
[0402-close] no active tracking assignment matched destroyed target (targetID=83, eventWatcher=5)
[0402-close] no active tracking assignment matched destroyed target (targetID=84, eventWatcher=5)
[0402-close] no active tracking assignment matched destroyed target (targetID=85, eventWatcher=4)
[0402-close] no active tracking assignment matched destroyed target (targetID=86, eventWatcher=4)
[0402-close] no active tracking assignment matched destroyed target (targetID=87, eventWatcher=5)
[0402-close] no active tracking assignment matched destroyed target (targetID=88, eventWatcher=6)
[0402-close] no active tracking assignment matched destroyed target (targetID=89, eventWatcher=5)
[0402-close] no active tracking assignment matched destroyed target (targetID=90, eventWatcher=6)
[0402-close] no active tracking assignment matched destroyed target (targetID=91, eventWatcher=5)
[0402-close] no active tracking assignment matched destroyed target (targetID=92, eventWatcher=5)
[0402-close] no active tracking assignment matched destroyed target (targetID=93, eventWatcher=4)
[0402-close] no active tracking assignment matched destroyed target (targetID=94, eventWatcher=5)
[0402-close] no active tracking assignment matched destroyed target (targetID=77, eventWatcher=4)
[0402-close] no active tracking assignment matched destroyed target (targetID=78, eventWatcher=6)
[0402-close] no active tracking assignment matched destroyed target (targetID=79, eventWatcher=5)
[0402-close] no active tracking assignment matched destroyed target (targetID=80, eventWatcher=5)
[0402-close] no active tracking assignment matched destroyed target (targetID=81, eventWatcher=4)
[0402-close] no active tracking assignment matched destroyed target (targetID=82, eventWatcher=5)
[0402-close] no active tracking assignment matched destroyed target (targetID=83, eventWatcher=5)
[0402-close] no active tracking assignment matched destroyed target (targetID=84, eventWatcher=5)
[0402-close] no active tracking assignment matched destroyed target (targetID=85, eventWatcher=4)
[0402-close] no active tracking assignment matched destroyed target (targetID=86, eventWatcher=4)
[0402-close] no active tracking assignment matched destroyed target (targetID=87, eventWatcher=5)
[0402-close] no active tracking assignment matched destroyed target (targetID=88, eventWatcher=6)
[0402-close] no active tracking assignment matched destroyed target (targetID=89, eventWatcher=5)
[0402-close] no active tracking assignment matched destroyed target (targetID=90, eventWatcher=6)
[0402-close] no active tracking assignment matched destroyed target (targetID=91, eventWatcher=5)
[0402-close] no active tracking assignment matched destroyed target (targetID=92, eventWatcher=5)
[0402-close] no active tracking assignment matched destroyed target (targetID=93, eventWatcher=4)
[0402-close] no active tracking assignment matched destroyed target (targetID=94, eventWatcher=5)
[RQUEUE] completed #23 표적탐지: 표적96 발견 재계획 (옵션 생략(표적 추가), signal=0001, active_ms=10411)
[RQUEUE] dispatching #24 표적탐지: 표적97 등 2개 발견
[RQUEUE] pending attack slot assignment cleared for suppressed planIDs=700000045
[0402-close] no active tracking assignment matched destroyed target (targetID=77, eventWatcher=4)
[0402-close] no active tracking assignment matched destroyed target (targetID=78, eventWatcher=6)
[0402-close] no active tracking assignment matched destroyed target (targetID=79, eventWatcher=5)
[0402-close] no active tracking assignment matched destroyed target (targetID=80, eventWatcher=5)
[0402-close] no active tracking assignment matched destroyed target (targetID=81, eventWatcher=4)
[0402-close] no active tracking assignment matched destroyed target (targetID=82, eventWatcher=5)
[0402-close] no active tracking assignment matched destroyed target (targetID=83, eventWatcher=5)
[0402-close] no active tracking assignment matched destroyed target (targetID=84, eventWatcher=5)
[0402-close] no active tracking assignment matched destroyed target (targetID=85, eventWatcher=4)
[0402-close] no active tracking assignment matched destroyed target (targetID=86, eventWatcher=4)
[0402-close] no active tracking assignment matched destroyed target (targetID=87, eventWatcher=5)
[0402-close] no active tracking assignment matched destroyed target (targetID=88, eventWatcher=6)
[0402-close] no active tracking assignment matched destroyed target (targetID=89, eventWatcher=5)
[0402-close] no active tracking assignment matched destroyed target (targetID=90, eventWatcher=6)
[0402-close] no active tracking assignment matched destroyed target (targetID=91, eventWatcher=5)
[0402-close] no active tracking assignment matched destroyed target (targetID=92, eventWatcher=5)
[0402-close] no active tracking assignment matched destroyed target (targetID=93, eventWatcher=4)
[0402-close] no active tracking assignment matched destroyed target (targetID=94, eventWatcher=5)
[0902] replan request sent (level=2, reason=표적97 등 2개 발견, planIds=700000047, 700000048)
[RQUEUE] active #24 표적탐지: 표적97 등 2개 발견
[RQUEUE] bundle targets marked used: count=2
[RQUEUE] signal 0305 -> #24 재계획 수행중
[0402-close] no active tracking assignment matched destroyed target (targetID=77, eventWatcher=4)
[0402-close] no active tracking assignment matched destroyed target (targetID=78, eventWatcher=6)
[0402-close] no active tracking assignment matched destroyed target (targetID=79, eventWatcher=5)
[0402-close] no active tracking assignment matched destroyed target (targetID=80, eventWatcher=5)
[0402-close] no active tracking assignment matched destroyed target (targetID=81, eventWatcher=4)
[0402-close] no active tracking assignment matched destroyed target (targetID=82, eventWatcher=5)
[0402-close] no active tracking assignment matched destroyed target (targetID=83, eventWatcher=5)
[0402-close] no active tracking assignment matched destroyed target (targetID=84, eventWatcher=5)
[0402-close] no active tracking assignment matched destroyed target (targetID=85, eventWatcher=4)
[0402-close] no active tracking assignment matched destroyed target (targetID=86, eventWatcher=4)
[0402-close] no active tracking assignment matched destroyed target (targetID=87, eventWatcher=5)
[0402-close] no active tracking assignment matched destroyed target (targetID=88, eventWatcher=6)
[0402-close] no active tracking assignment matched destroyed target (targetID=89, eventWatcher=5)
[0402-close] no active tracking assignment matched destroyed target (targetID=90, eventWatcher=6)
[0402-close] no active tracking assignment matched destroyed target (targetID=91, eventWatcher=5)
[0402-close] no active tracking assignment matched destroyed target (targetID=92, eventWatcher=5)
[0402-close] no active tracking assignment matched destroyed target (targetID=93, eventWatcher=4)
[0402-close] no active tracking assignment matched destroyed target (targetID=94, eventWatcher=5)
[0402-close] no active tracking assignment matched destroyed target (targetID=77, eventWatcher=4)
[0402-close] no active tracking assignment matched destroyed target (targetID=78, eventWatcher=6)
[0402-close] no active tracking assignment matched destroyed target (targetID=79, eventWatcher=5)
[0402-close] no active tracking assignment matched destroyed target (targetID=80, eventWatcher=5)
[0402-close] no active tracking assignment matched destroyed target (targetID=81, eventWatcher=4)
[0402-close] no active tracking assignment matched destroyed target (targetID=82, eventWatcher=5)
[0402-close] no active tracking assignment matched destroyed target (targetID=83, eventWatcher=5)
[0402-close] no active tracking assignment matched destroyed target (targetID=84, eventWatcher=5)
[0402-close] no active tracking assignment matched destroyed target (targetID=85, eventWatcher=4)
[0402-close] no active tracking assignment matched destroyed target (targetID=86, eventWatcher=4)
[0402-close] no active tracking assignment matched destroyed target (targetID=87, eventWatcher=5)
[0402-close] no active tracking assignment matched destroyed target (targetID=88, eventWatcher=6)
[0402-close] no active tracking assignment matched destroyed target (targetID=89, eventWatcher=5)
[0402-close] no active tracking assignment matched destroyed target (targetID=90, eventWatcher=6)
[0402-close] no active tracking assignment matched destroyed target (targetID=91, eventWatcher=5)
[0402-close] no active tracking assignment matched destroyed target (targetID=92, eventWatcher=5)
[0402-close] no active tracking assignment matched destroyed target (targetID=93, eventWatcher=4)
[0402-close] no active tracking assignment matched destroyed target (targetID=94, eventWatcher=5)
[0402-close] no active tracking assignment matched destroyed target (targetID=77, eventWatcher=4)
[0402-close] no active tracking assignment matched destroyed target (targetID=78, eventWatcher=6)
[0402-close] no active tracking assignment matched destroyed target (targetID=79, eventWatcher=5)
[0402-close] no active tracking assignment matched destroyed target (targetID=80, eventWatcher=5)
[0402-close] no active tracking assignment matched destroyed target (targetID=81, eventWatcher=4)
[0402-close] no active tracking assignment matched destroyed target (targetID=82, eventWatcher=5)
[0402-close] no active tracking assignment matched destroyed target (targetID=83, eventWatcher=5)
[0402-close] no active tracking assignment matched destroyed target (targetID=84, eventWatcher=5)
[0402-close] no active tracking assignment matched destroyed target (targetID=85, eventWatcher=4)
[0402-close] no active tracking assignment matched destroyed target (targetID=86, eventWatcher=4)
[0402-close] no active tracking assignment matched destroyed target (targetID=87, eventWatcher=5)
[0402-close] no active tracking assignment matched destroyed target (targetID=88, eventWatcher=6)
[0402-close] no active tracking assignment matched destroyed target (targetID=89, eventWatcher=5)
[0402-close] no active tracking assignment matched destroyed target (targetID=90, eventWatcher=6)
[0402-close] no active tracking assignment matched destroyed target (targetID=91, eventWatcher=5)
[0402-close] no active tracking assignment matched destroyed target (targetID=92, eventWatcher=5)
[0402-close] no active tracking assignment matched destroyed target (targetID=93, eventWatcher=4)
[0402-close] no active tracking assignment matched destroyed target (targetID=94, eventWatcher=5)
[0402-close] no active tracking assignment matched destroyed target (targetID=77, eventWatcher=4)
[0402-close] no active tracking assignment matched destroyed target (targetID=78, eventWatcher=6)
[0402-close] no active tracking assignment matched destroyed target (targetID=79, eventWatcher=5)
[0402-close] no active tracking assignment matched destroyed target (targetID=80, eventWatcher=5)
[0402-close] no active tracking assignment matched destroyed target (targetID=81, eventWatcher=4)
[0402-close] no active tracking assignment matched destroyed target (targetID=82, eventWatcher=5)
[0402-close] no active tracking assignment matched destroyed target (targetID=83, eventWatcher=5)
[0402-close] no active tracking assignment matched destroyed target (targetID=84, eventWatcher=5)
[0402-close] no active tracking assignment matched destroyed target (targetID=85, eventWatcher=4)
[0402-close] no active tracking assignment matched destroyed target (targetID=86, eventWatcher=4)
[0402-close] no active tracking assignment matched destroyed target (targetID=87, eventWatcher=5)
[0402-close] no active tracking assignment matched destroyed target (targetID=88, eventWatcher=6)
[0402-close] no active tracking assignment matched destroyed target (targetID=89, eventWatcher=5)
[0402-close] no active tracking assignment matched destroyed target (targetID=90, eventWatcher=6)
[0402-close] no active tracking assignment matched destroyed target (targetID=91, eventWatcher=5)
[0402-close] no active tracking assignment matched destroyed target (targetID=92, eventWatcher=5)
[0402-close] no active tracking assignment matched destroyed target (targetID=93, eventWatcher=4)
[0402-close] no active tracking assignment matched destroyed target (targetID=94, eventWatcher=5)
[0402-close] no active tracking assignment matched destroyed target (targetID=77, eventWatcher=4)
[0402-close] no active tracking assignment matched destroyed target (targetID=78, eventWatcher=6)
[0402-close] no active tracking assignment matched destroyed target (targetID=79, eventWatcher=5)
[0402-close] no active tracking assignment matched destroyed target (targetID=80, eventWatcher=5)
[0402-close] no active tracking assignment matched destroyed target (targetID=81, eventWatcher=4)
[0402-close] no active tracking assignment matched destroyed target (targetID=82, eventWatcher=5)
[0402-close] no active tracking assignment matched destroyed target (targetID=83, eventWatcher=5)
[0402-close] no active tracking assignment matched destroyed target (targetID=84, eventWatcher=5)
[0402-close] no active tracking assignment matched destroyed target (targetID=85, eventWatcher=4)
[0402-close] no active tracking assignment matched destroyed target (targetID=86, eventWatcher=4)
[0402-close] no active tracking assignment matched destroyed target (targetID=87, eventWatcher=5)
[0402-close] no active tracking assignment matched destroyed target (targetID=88, eventWatcher=6)
[0402-close] no active tracking assignment matched destroyed target (targetID=89, eventWatcher=5)
[0402-close] no active tracking assignment matched destroyed target (targetID=90, eventWatcher=6)
[0402-close] no active tracking assignment matched destroyed target (targetID=91, eventWatcher=5)
[0402-close] no active tracking assignment matched destroyed target (targetID=92, eventWatcher=5)
[0402-close] no active tracking assignment matched destroyed target (targetID=93, eventWatcher=4)
[0402-close] no active tracking assignment matched destroyed target (targetID=94, eventWatcher=5)
[0402-close] no active tracking assignment matched destroyed target (targetID=77, eventWatcher=4)
[0402-close] no active tracking assignment matched destroyed target (targetID=78, eventWatcher=6)
[0402-close] no active tracking assignment matched destroyed target (targetID=79, eventWatcher=5)
[0402-close] no active tracking assignment matched destroyed target (targetID=80, eventWatcher=5)
[0402-close] no active tracking assignment matched destroyed target (targetID=81, eventWatcher=4)
[0402-close] no active tracking assignment matched destroyed target (targetID=82, eventWatcher=5)
[0402-close] no active tracking assignment matched destroyed target (targetID=83, eventWatcher=5)
[0402-close] no active tracking assignment matched destroyed target (targetID=84, eventWatcher=5)
[0402-close] no active tracking assignment matched destroyed target (targetID=85, eventWatcher=4)
[0402-close] no active tracking assignment matched destroyed target (targetID=86, eventWatcher=4)
[0402-close] no active tracking assignment matched destroyed target (targetID=87, eventWatcher=5)
[0402-close] no active tracking assignment matched destroyed target (targetID=88, eventWatcher=6)
[0402-close] no active tracking assignment matched destroyed target (targetID=89, eventWatcher=5)
[0402-close] no active tracking assignment matched destroyed target (targetID=90, eventWatcher=6)
[0402-close] no active tracking assignment matched destroyed target (targetID=91, eventWatcher=5)
[0402-close] no active tracking assignment matched destroyed target (targetID=92, eventWatcher=5)
[0402-close] no active tracking assignment matched destroyed target (targetID=93, eventWatcher=4)
[0402-close] no active tracking assignment matched destroyed target (targetID=94, eventWatcher=5)
[0402-close] no active tracking assignment matched destroyed target (targetID=77, eventWatcher=4)
[0402-close] no active tracking assignment matched destroyed target (targetID=78, eventWatcher=6)
[0402-close] no active tracking assignment matched destroyed target (targetID=79, eventWatcher=5)
[0402-close] no active tracking assignment matched destroyed target (targetID=80, eventWatcher=5)
[0402-close] no active tracking assignment matched destroyed target (targetID=81, eventWatcher=4)
[0402-close] no active tracking assignment matched destroyed target (targetID=82, eventWatcher=5)
[0402-close] no active tracking assignment matched destroyed target (targetID=83, eventWatcher=5)
[0402-close] no active tracking assignment matched destroyed target (targetID=84, eventWatcher=5)
[0402-close] no active tracking assignment matched destroyed target (targetID=85, eventWatcher=4)
[0402-close] no active tracking assignment matched destroyed target (targetID=86, eventWatcher=4)
[0402-close] no active tracking assignment matched destroyed target (targetID=87, eventWatcher=5)
[0402-close] no active tracking assignment matched destroyed target (targetID=88, eventWatcher=6)
[0402-close] no active tracking assignment matched destroyed target (targetID=89, eventWatcher=5)
[0402-close] no active tracking assignment matched destroyed target (targetID=90, eventWatcher=6)
[0402-close] no active tracking assignment matched destroyed target (targetID=91, eventWatcher=5)
[0402-close] no active tracking assignment matched destroyed target (targetID=92, eventWatcher=5)
[0402-close] no active tracking assignment matched destroyed target (targetID=93, eventWatcher=4)
[0402-close] no active tracking assignment matched destroyed target (targetID=94, eventWatcher=5)
[0402-close] no active tracking assignment matched destroyed target (targetID=77, eventWatcher=4)
[0402-close] no active tracking assignment matched destroyed target (targetID=78, eventWatcher=6)
[0402-close] no active tracking assignment matched destroyed target (targetID=79, eventWatcher=5)
[0402-close] no active tracking assignment matched destroyed target (targetID=80, eventWatcher=5)
[0402-close] no active tracking assignment matched destroyed target (targetID=81, eventWatcher=4)
[0402-close] no active tracking assignment matched destroyed target (targetID=82, eventWatcher=5)
[0402-close] no active tracking assignment matched destroyed target (targetID=83, eventWatcher=5)
[0402-close] no active tracking assignment matched destroyed target (targetID=84, eventWatcher=5)
[0402-close] no active tracking assignment matched destroyed target (targetID=85, eventWatcher=4)
[0402-close] no active tracking assignment matched destroyed target (targetID=86, eventWatcher=4)
[0402-close] no active tracking assignment matched destroyed target (targetID=87, eventWatcher=5)
[0402-close] no active tracking assignment matched destroyed target (targetID=88, eventWatcher=6)
[0402-close] no active tracking assignment matched destroyed target (targetID=89, eventWatcher=5)
[0402-close] no active tracking assignment matched destroyed target (targetID=90, eventWatcher=6)
[0402-close] no active tracking assignment matched destroyed target (targetID=91, eventWatcher=5)
[0402-close] no active tracking assignment matched destroyed target (targetID=92, eventWatcher=5)
[0402-close] no active tracking assignment matched destroyed target (targetID=93, eventWatcher=4)
[0402-close] no active tracking assignment matched destroyed target (targetID=94, eventWatcher=5)
[0402-close] no active tracking assignment matched destroyed target (targetID=77, eventWatcher=4)
[0402-close] no active tracking assignment matched destroyed target (targetID=78, eventWatcher=6)
[0402-close] no active tracking assignment matched destroyed target (targetID=79, eventWatcher=5)
[0402-close] no active tracking assignment matched destroyed target (targetID=80, eventWatcher=5)
[0402-close] no active tracking assignment matched destroyed target (targetID=81, eventWatcher=4)
[0402-close] no active tracking assignment matched destroyed target (targetID=82, eventWatcher=5)
[0402-close] no active tracking assignment matched destroyed target (targetID=83, eventWatcher=5)
[0402-close] no active tracking assignment matched destroyed target (targetID=84, eventWatcher=5)
[0402-close] no active tracking assignment matched destroyed target (targetID=85, eventWatcher=4)
[0402-close] no active tracking assignment matched destroyed target (targetID=86, eventWatcher=4)
[0402-close] no active tracking assignment matched destroyed target (targetID=87, eventWatcher=5)
[0402-close] no active tracking assignment matched destroyed target (targetID=88, eventWatcher=6)
[0402-close] no active tracking assignment matched destroyed target (targetID=89, eventWatcher=5)
[0402-close] no active tracking assignment matched destroyed target (targetID=90, eventWatcher=6)
[0402-close] no active tracking assignment matched destroyed target (targetID=91, eventWatcher=5)
[0402-close] no active tracking assignment matched destroyed target (targetID=92, eventWatcher=5)
[0402-close] no active tracking assignment matched destroyed target (targetID=93, eventWatcher=4)
[0402-close] no active tracking assignment matched destroyed target (targetID=94, eventWatcher=5)
[0402-close] no active tracking assignment matched destroyed target (targetID=77, eventWatcher=4)
[0402-close] no active tracking assignment matched destroyed target (targetID=78, eventWatcher=6)
[0402-close] no active tracking assignment matched destroyed target (targetID=79, eventWatcher=5)
[0402-close] no active tracking assignment matched destroyed target (targetID=80, eventWatcher=5)
[0402-close] no active tracking assignment matched destroyed target (targetID=81, eventWatcher=4)
[0402-close] no active tracking assignment matched destroyed target (targetID=82, eventWatcher=5)
[0402-close] no active tracking assignment matched destroyed target (targetID=83, eventWatcher=5)
[0402-close] no active tracking assignment matched destroyed target (targetID=84, eventWatcher=5)
[0402-close] no active tracking assignment matched destroyed target (targetID=85, eventWatcher=4)
[0402-close] no active tracking assignment matched destroyed target (targetID=86, eventWatcher=4)
[0402-close] no active tracking assignment matched destroyed target (targetID=87, eventWatcher=5)
[0402-close] no active tracking assignment matched destroyed target (targetID=88, eventWatcher=6)
[0402-close] no active tracking assignment matched destroyed target (targetID=89, eventWatcher=5)
[0402-close] no active tracking assignment matched destroyed target (targetID=90, eventWatcher=6)
[0402-close] no active tracking assignment matched destroyed target (targetID=91, eventWatcher=5)
[0402-close] no active tracking assignment matched destroyed target (targetID=92, eventWatcher=5)
[0402-close] no active tracking assignment matched destroyed target (targetID=93, eventWatcher=4)
[0402-close] no active tracking assignment matched destroyed target (targetID=94, eventWatcher=5)
[0402-close] no active tracking assignment matched destroyed target (targetID=77, eventWatcher=4)
[0402-close] no active tracking assignment matched destroyed target (targetID=78, eventWatcher=6)
[0402-close] no active tracking assignment matched destroyed target (targetID=79, eventWatcher=5)
[0402-close] no active tracking assignment matched destroyed target (targetID=80, eventWatcher=5)
[0402-close] no active tracking assignment matched destroyed target (targetID=81, eventWatcher=4)
[0402-close] no active tracking assignment matched destroyed target (targetID=82, eventWatcher=5)
[0402-close] no active tracking assignment matched destroyed target (targetID=83, eventWatcher=5)
[0402-close] no active tracking assignment matched destroyed target (targetID=84, eventWatcher=5)
[0402-close] no active tracking assignment matched destroyed target (targetID=85, eventWatcher=4)
[0402-close] no active tracking assignment matched destroyed target (targetID=86, eventWatcher=4)
[0402-close] no active tracking assignment matched destroyed target (targetID=87, eventWatcher=5)
[0402-close] no active tracking assignment matched destroyed target (targetID=88, eventWatcher=6)
[0402-close] no active tracking assignment matched destroyed target (targetID=89, eventWatcher=5)
[0402-close] no active tracking assignment matched destroyed target (targetID=90, eventWatcher=6)
[0402-close] no active tracking assignment matched destroyed target (targetID=91, eventWatcher=5)
[0402-close] no active tracking assignment matched destroyed target (targetID=92, eventWatcher=5)
[0402-close] no active tracking assignment matched destroyed target (targetID=93, eventWatcher=4)
[0402-close] no active tracking assignment matched destroyed target (targetID=94, eventWatcher=5)
[0402-close] no active tracking assignment matched destroyed target (targetID=77, eventWatcher=4)
[0402-close] no active tracking assignment matched destroyed target (targetID=78, eventWatcher=6)
[0402-close] no active tracking assignment matched destroyed target (targetID=79, eventWatcher=5)
[0402-close] no active tracking assignment matched destroyed target (targetID=80, eventWatcher=5)
[0402-close] no active tracking assignment matched destroyed target (targetID=81, eventWatcher=4)
[0402-close] no active tracking assignment matched destroyed target (targetID=82, eventWatcher=5)
[0402-close] no active tracking assignment matched destroyed target (targetID=83, eventWatcher=5)
[0402-close] no active tracking assignment matched destroyed target (targetID=84, eventWatcher=5)
[0402-close] no active tracking assignment matched destroyed target (targetID=85, eventWatcher=4)
[0402-close] no active tracking assignment matched destroyed target (targetID=86, eventWatcher=4)
[0402-close] no active tracking assignment matched destroyed target (targetID=87, eventWatcher=5)
[0402-close] no active tracking assignment matched destroyed target (targetID=88, eventWatcher=6)
[0402-close] no active tracking assignment matched destroyed target (targetID=89, eventWatcher=5)
[0402-close] no active tracking assignment matched destroyed target (targetID=90, eventWatcher=6)
[0402-close] no active tracking assignment matched destroyed target (targetID=91, eventWatcher=5)
[0402-close] no active tracking assignment matched destroyed target (targetID=92, eventWatcher=5)
[0402-close] no active tracking assignment matched destroyed target (targetID=93, eventWatcher=4)
[0402-close] no active tracking assignment matched destroyed target (targetID=94, eventWatcher=5)
[0402-close] no active tracking assignment matched destroyed target (targetID=77, eventWatcher=4)
[0402-close] no active tracking assignment matched destroyed target (targetID=78, eventWatcher=6)
[0402-close] no active tracking assignment matched destroyed target (targetID=79, eventWatcher=5)
[0402-close] no active tracking assignment matched destroyed target (targetID=80, eventWatcher=5)
[0402-close] no active tracking assignment matched destroyed target (targetID=81, eventWatcher=4)
[0402-close] no active tracking assignment matched destroyed target (targetID=82, eventWatcher=5)
[0402-close] no active tracking assignment matched destroyed target (targetID=83, eventWatcher=5)
[0402-close] no active tracking assignment matched destroyed target (targetID=84, eventWatcher=5)
[0402-close] no active tracking assignment matched destroyed target (targetID=85, eventWatcher=4)
[0402-close] no active tracking assignment matched destroyed target (targetID=86, eventWatcher=4)
[0402-close] no active tracking assignment matched destroyed target (targetID=87, eventWatcher=5)
[0402-close] no active tracking assignment matched destroyed target (targetID=88, eventWatcher=6)
[0402-close] no active tracking assignment matched destroyed target (targetID=89, eventWatcher=5)
[0402-close] no active tracking assignment matched destroyed target (targetID=90, eventWatcher=6)
[0402-close] no active tracking assignment matched destroyed target (targetID=91, eventWatcher=5)
[0402-close] no active tracking assignment matched destroyed target (targetID=92, eventWatcher=5)
[0402-close] no active tracking assignment matched destroyed target (targetID=93, eventWatcher=4)
[0402-close] no active tracking assignment matched destroyed target (targetID=94, eventWatcher=5)
[0402-close] no active tracking assignment matched destroyed target (targetID=77, eventWatcher=4)
[0402-close] no active tracking assignment matched destroyed target (targetID=78, eventWatcher=6)
[0402-close] no active tracking assignment matched destroyed target (targetID=79, eventWatcher=5)
[0402-close] no active tracking assignment matched destroyed target (targetID=80, eventWatcher=5)
[0402-close] no active tracking assignment matched destroyed target (targetID=81, eventWatcher=4)
[0402-close] no active tracking assignment matched destroyed target (targetID=82, eventWatcher=5)
[0402-close] no active tracking assignment matched destroyed target (targetID=83, eventWatcher=5)
[0402-close] no active tracking assignment matched destroyed target (targetID=84, eventWatcher=5)
[0402-close] no active tracking assignment matched destroyed target (targetID=85, eventWatcher=4)
[0402-close] no active tracking assignment matched destroyed target (targetID=86, eventWatcher=4)
[0402-close] no active tracking assignment matched destroyed target (targetID=87, eventWatcher=5)
[0402-close] no active tracking assignment matched destroyed target (targetID=88, eventWatcher=6)
[0402-close] no active tracking assignment matched destroyed target (targetID=89, eventWatcher=5)
[0402-close] no active tracking assignment matched destroyed target (targetID=90, eventWatcher=6)
[0402-close] no active tracking assignment matched destroyed target (targetID=91, eventWatcher=5)
[0402-close] no active tracking assignment matched destroyed target (targetID=92, eventWatcher=5)
[0402-close] no active tracking assignment matched destroyed target (targetID=93, eventWatcher=4)
[0402-close] no active tracking assignment matched destroyed target (targetID=94, eventWatcher=5)
[0402-close] no active tracking assignment matched destroyed target (targetID=77, eventWatcher=4)
[0402-close] no active tracking assignment matched destroyed target (targetID=78, eventWatcher=6)
[0402-close] no active tracking assignment matched destroyed target (targetID=79, eventWatcher=5)
[0402-close] no active tracking assignment matched destroyed target (targetID=80, eventWatcher=5)
[0402-close] no active tracking assignment matched destroyed target (targetID=81, eventWatcher=4)
[0402-close] no active tracking assignment matched destroyed target (targetID=82, eventWatcher=5)
[0402-close] no active tracking assignment matched destroyed target (targetID=83, eventWatcher=5)
[0402-close] no active tracking assignment matched destroyed target (targetID=84, eventWatcher=5)
[0402-close] no active tracking assignment matched destroyed target (targetID=85, eventWatcher=4)
[0402-close] no active tracking assignment matched destroyed target (targetID=86, eventWatcher=4)
[0402-close] no active tracking assignment matched destroyed target (targetID=87, eventWatcher=5)
[0402-close] no active tracking assignment matched destroyed target (targetID=88, eventWatcher=6)
[0402-close] no active tracking assignment matched destroyed target (targetID=89, eventWatcher=5)
[0402-close] no active tracking assignment matched destroyed target (targetID=90, eventWatcher=6)
[0402-close] no active tracking assignment matched destroyed target (targetID=91, eventWatcher=5)
[0402-close] no active tracking assignment matched destroyed target (targetID=92, eventWatcher=5)
[0402-close] no active tracking assignment matched destroyed target (targetID=93, eventWatcher=4)
[0402-close] no active tracking assignment matched destroyed target (targetID=94, eventWatcher=5)
[0402-close] no active tracking assignment matched destroyed target (targetID=77, eventWatcher=4)
[0402-close] no active tracking assignment matched destroyed target (targetID=78, eventWatcher=6)
[0402-close] no active tracking assignment matched destroyed target (targetID=79, eventWatcher=5)
[0402-close] no active tracking assignment matched destroyed target (targetID=80, eventWatcher=5)
[0402-close] no active tracking assignment matched destroyed target (targetID=81, eventWatcher=4)
[0402-close] no active tracking assignment matched destroyed target (targetID=82, eventWatcher=5)
[0402-close] no active tracking assignment matched destroyed target (targetID=83, eventWatcher=5)
[0402-close] no active tracking assignment matched destroyed target (targetID=84, eventWatcher=5)
[0402-close] no active tracking assignment matched destroyed target (targetID=85, eventWatcher=4)
[0402-close] no active tracking assignment matched destroyed target (targetID=86, eventWatcher=4)
[0402-close] no active tracking assignment matched destroyed target (targetID=87, eventWatcher=5)
[0402-close] no active tracking assignment matched destroyed target (targetID=88, eventWatcher=6)
[0402-close] no active tracking assignment matched destroyed target (targetID=89, eventWatcher=5)
[0402-close] no active tracking assignment matched destroyed target (targetID=90, eventWatcher=6)
[0402-close] no active tracking assignment matched destroyed target (targetID=91, eventWatcher=5)
[0402-close] no active tracking assignment matched destroyed target (targetID=92, eventWatcher=5)
[0402-close] no active tracking assignment matched destroyed target (targetID=93, eventWatcher=4)
[0402-close] no active tracking assignment matched destroyed target (targetID=94, eventWatcher=5)
[RQUEUE] signal 0701 -> #24 옵션 정보 전송
[RQUEUE] signal 0305 -> #24 재계획 산출 완료
[0402-close] no active tracking assignment matched destroyed target (targetID=77, eventWatcher=4)
[0402-close] no active tracking assignment matched destroyed target (targetID=78, eventWatcher=6)
[0402-close] no active tracking assignment matched destroyed target (targetID=79, eventWatcher=5)
[0402-close] no active tracking assignment matched destroyed target (targetID=80, eventWatcher=5)
[0402-close] no active tracking assignment matched destroyed target (targetID=81, eventWatcher=4)
[0402-close] no active tracking assignment matched destroyed target (targetID=82, eventWatcher=5)
[0402-close] no active tracking assignment matched destroyed target (targetID=83, eventWatcher=5)
[0402-close] no active tracking assignment matched destroyed target (targetID=84, eventWatcher=5)
[0402-close] no active tracking assignment matched destroyed target (targetID=85, eventWatcher=4)
[0402-close] no active tracking assignment matched destroyed target (targetID=86, eventWatcher=4)
[0402-close] no active tracking assignment matched destroyed target (targetID=87, eventWatcher=5)
[0402-close] no active tracking assignment matched destroyed target (targetID=88, eventWatcher=6)
[0402-close] no active tracking assignment matched destroyed target (targetID=89, eventWatcher=5)
[0402-close] no active tracking assignment matched destroyed target (targetID=90, eventWatcher=6)
[0402-close] no active tracking assignment matched destroyed target (targetID=91, eventWatcher=5)
[0402-close] no active tracking assignment matched destroyed target (targetID=92, eventWatcher=5)
[0402-close] no active tracking assignment matched destroyed target (targetID=93, eventWatcher=4)
[0402-close] no active tracking assignment matched destroyed target (targetID=94, eventWatcher=5)
[0402-close] no active tracking assignment matched destroyed target (targetID=77, eventWatcher=4)
[0402-close] no active tracking assignment matched destroyed target (targetID=78, eventWatcher=6)
[0402-close] no active tracking assignment matched destroyed target (targetID=79, eventWatcher=5)
[0402-close] no active tracking assignment matched destroyed target (targetID=80, eventWatcher=5)
[0402-close] no active tracking assignment matched destroyed target (targetID=81, eventWatcher=4)
[0402-close] no active tracking assignment matched destroyed target (targetID=82, eventWatcher=5)
[0402-close] no active tracking assignment matched destroyed target (targetID=83, eventWatcher=5)
[0402-close] no active tracking assignment matched destroyed target (targetID=84, eventWatcher=5)
[0402-close] no active tracking assignment matched destroyed target (targetID=85, eventWatcher=4)
[0402-close] no active tracking assignment matched destroyed target (targetID=86, eventWatcher=4)
[0402-close] no active tracking assignment matched destroyed target (targetID=87, eventWatcher=5)
[0402-close] no active tracking assignment matched destroyed target (targetID=88, eventWatcher=6)
[0402-close] no active tracking assignment matched destroyed target (targetID=89, eventWatcher=5)
[0402-close] no active tracking assignment matched destroyed target (targetID=90, eventWatcher=6)
[0402-close] no active tracking assignment matched destroyed target (targetID=91, eventWatcher=5)
[0402-close] no active tracking assignment matched destroyed target (targetID=92, eventWatcher=5)
[0402-close] no active tracking assignment matched destroyed target (targetID=93, eventWatcher=4)
[0402-close] no active tracking assignment matched destroyed target (targetID=94, eventWatcher=5)
[0402-close] no active tracking assignment matched destroyed target (targetID=77, eventWatcher=4)
[0402-close] no active tracking assignment matched destroyed target (targetID=78, eventWatcher=6)
[0402-close] no active tracking assignment matched destroyed target (targetID=79, eventWatcher=5)
[0402-close] no active tracking assignment matched destroyed target (targetID=80, eventWatcher=5)
[0402-close] no active tracking assignment matched destroyed target (targetID=81, eventWatcher=4)
[0402-close] no active tracking assignment matched destroyed target (targetID=82, eventWatcher=5)
[0402-close] no active tracking assignment matched destroyed target (targetID=83, eventWatcher=5)
[0402-close] no active tracking assignment matched destroyed target (targetID=84, eventWatcher=5)
[0402-close] no active tracking assignment matched destroyed target (targetID=85, eventWatcher=4)
[0402-close] no active tracking assignment matched destroyed target (targetID=86, eventWatcher=4)
[0402-close] no active tracking assignment matched destroyed target (targetID=87, eventWatcher=5)
[0402-close] no active tracking assignment matched destroyed target (targetID=88, eventWatcher=6)
[0402-close] no active tracking assignment matched destroyed target (targetID=89, eventWatcher=5)
[0402-close] no active tracking assignment matched destroyed target (targetID=90, eventWatcher=6)
[0402-close] no active tracking assignment matched destroyed target (targetID=91, eventWatcher=5)
[0402-close] no active tracking assignment matched destroyed target (targetID=92, eventWatcher=5)
[0402-close] no active tracking assignment matched destroyed target (targetID=93, eventWatcher=4)
[0402-close] no active tracking assignment matched destroyed target (targetID=94, eventWatcher=5)
[0402-close] no active tracking assignment matched destroyed target (targetID=77, eventWatcher=4)
[0402-close] no active tracking assignment matched destroyed target (targetID=78, eventWatcher=6)
[0402-close] no active tracking assignment matched destroyed target (targetID=79, eventWatcher=5)
[0402-close] no active tracking assignment matched destroyed target (targetID=80, eventWatcher=5)
[0402-close] no active tracking assignment matched destroyed target (targetID=81, eventWatcher=4)
[0402-close] no active tracking assignment matched destroyed target (targetID=82, eventWatcher=5)
[0402-close] no active tracking assignment matched destroyed target (targetID=83, eventWatcher=5)
[0402-close] no active tracking assignment matched destroyed target (targetID=84, eventWatcher=5)
[0402-close] no active tracking assignment matched destroyed target (targetID=85, eventWatcher=4)
[0402-close] no active tracking assignment matched destroyed target (targetID=86, eventWatcher=4)
[0402-close] no active tracking assignment matched destroyed target (targetID=87, eventWatcher=5)
[0402-close] no active tracking assignment matched destroyed target (targetID=88, eventWatcher=6)
[0402-close] no active tracking assignment matched destroyed target (targetID=89, eventWatcher=5)
[0402-close] no active tracking assignment matched destroyed target (targetID=90, eventWatcher=6)
[0402-close] no active tracking assignment matched destroyed target (targetID=91, eventWatcher=5)
[0402-close] no active tracking assignment matched destroyed target (targetID=92, eventWatcher=5)
[0402-close] no active tracking assignment matched destroyed target (targetID=93, eventWatcher=4)
[0402-close] no active tracking assignment matched destroyed target (targetID=94, eventWatcher=5)
[0402-close] no active tracking assignment matched destroyed target (targetID=77, eventWatcher=4)
[0402-close] no active tracking assignment matched destroyed target (targetID=78, eventWatcher=6)
[0402-close] no active tracking assignment matched destroyed target (targetID=79, eventWatcher=5)
[0402-close] no active tracking assignment matched destroyed target (targetID=80, eventWatcher=5)
[0402-close] no active tracking assignment matched destroyed target (targetID=81, eventWatcher=4)
[0402-close] no active tracking assignment matched destroyed target (targetID=82, eventWatcher=5)
[0402-close] no active tracking assignment matched destroyed target (targetID=83, eventWatcher=5)
[0402-close] no active tracking assignment matched destroyed target (targetID=84, eventWatcher=5)
[0402-close] no active tracking assignment matched destroyed target (targetID=85, eventWatcher=4)
[0402-close] no active tracking assignment matched destroyed target (targetID=86, eventWatcher=4)
[0402-close] no active tracking assignment matched destroyed target (targetID=87, eventWatcher=5)
[0402-close] no active tracking assignment matched destroyed target (targetID=88, eventWatcher=6)
[0402-close] no active tracking assignment matched destroyed target (targetID=89, eventWatcher=5)
[0402-close] no active tracking assignment matched destroyed target (targetID=90, eventWatcher=6)
[0402-close] no active tracking assignment matched destroyed target (targetID=91, eventWatcher=5)
[0402-close] no active tracking assignment matched destroyed target (targetID=92, eventWatcher=5)
[0402-close] no active tracking assignment matched destroyed target (targetID=93, eventWatcher=4)
[0402-close] no active tracking assignment matched destroyed target (targetID=94, eventWatcher=5)
[0702] ignore=2 -> apply missionPlanID=700000048, source=DSC
[0702] 공격 배제 선택 -> target bundle isIgnored=1 반영 (count=2)
[QUALITY] startup grace armed (missionPlanID=700000048, duration=10.0s)
[RQUEUE] completed #24 표적탐지: 표적97 등 2개 발견 (결과 수신, signal=0702, active_ms=15006)
[0402-close] no active tracking assignment matched destroyed target (targetID=77, eventWatcher=4)
[0402-close] no active tracking assignment matched destroyed target (targetID=78, eventWatcher=6)
[0402-close] no active tracking assignment matched destroyed target (targetID=79, eventWatcher=5)
[0402-close] no active tracking assignment matched destroyed target (targetID=80, eventWatcher=5)
[0402-close] no active tracking assignment matched destroyed target (targetID=81, eventWatcher=4)
[0402-close] no active tracking assignment matched destroyed target (targetID=82, eventWatcher=5)
[0402-close] no active tracking assignment matched destroyed target (targetID=83, eventWatcher=5)
[0402-close] no active tracking assignment matched destroyed target (targetID=84, eventWatcher=5)
[0402-close] no active tracking assignment matched destroyed target (targetID=85, eventWatcher=4)
[0402-close] no active tracking assignment matched destroyed target (targetID=86, eventWatcher=4)
[0402-close] no active tracking assignment matched destroyed target (targetID=87, eventWatcher=5)
[0402-close] no active tracking assignment matched destroyed target (targetID=88, eventWatcher=6)
[0402-close] no active tracking assignment matched destroyed target (targetID=89, eventWatcher=5)
[0402-close] no active tracking assignment matched destroyed target (targetID=90, eventWatcher=6)
[0402-close] no active tracking assignment matched destroyed target (targetID=91, eventWatcher=5)
[0402-close] no active tracking assignment matched destroyed target (targetID=92, eventWatcher=5)
[0402-close] no active tracking assignment matched destroyed target (targetID=93, eventWatcher=4)
[0402-close] no active tracking assignment matched destroyed target (targetID=94, eventWatcher=5)
[0402-close] no active tracking assignment matched destroyed target (targetID=96, eventWatcher=6)
[0402-close] no active tracking assignment matched destroyed target (targetID=97, eventWatcher=5)
[RealTimeInferrer] Loading/Reloading Mission Plan: C:\Users\TRL98\Desktop\LAH_MUMT\Logs\Scenario_2026-05-21T132543\SBC3\MissionPlan\700000048.json
Updated Mission Context: torch.Size([384])
[0401] path-deviation trigger suppressed: within 3s after 0702 apply (remaining=2628ms)
[0402-close] no active tracking assignment matched destroyed target (targetID=77, eventWatcher=4)
[0402-close] no active tracking assignment matched destroyed target (targetID=78, eventWatcher=6)
[0402-close] no active tracking assignment matched destroyed target (targetID=79, eventWatcher=5)
[0402-close] no active tracking assignment matched destroyed target (targetID=80, eventWatcher=5)
[0402-close] no active tracking assignment matched destroyed target (targetID=81, eventWatcher=4)
[0402-close] no active tracking assignment matched destroyed target (targetID=82, eventWatcher=5)
[0402-close] no active tracking assignment matched destroyed target (targetID=83, eventWatcher=5)
[0402-close] no active tracking assignment matched destroyed target (targetID=84, eventWatcher=5)
[0402-close] no active tracking assignment matched destroyed target (targetID=85, eventWatcher=4)
[0402-close] no active tracking assignment matched destroyed target (targetID=86, eventWatcher=4)
[0402-close] no active tracking assignment matched destroyed target (targetID=87, eventWatcher=5)
[0402-close] no active tracking assignment matched destroyed target (targetID=88, eventWatcher=6)
[0402-close] no active tracking assignment matched destroyed target (targetID=89, eventWatcher=5)
[0402-close] no active tracking assignment matched destroyed target (targetID=90, eventWatcher=6)
[0402-close] no active tracking assignment matched destroyed target (targetID=91, eventWatcher=5)
[0402-close] no active tracking assignment matched destroyed target (targetID=92, eventWatcher=5)
[0402-close] no active tracking assignment matched destroyed target (targetID=93, eventWatcher=4)
[0402-close] no active tracking assignment matched destroyed target (targetID=94, eventWatcher=5)
[0402-close] no active tracking assignment matched destroyed target (targetID=96, eventWatcher=6)
[0402-close] no active tracking assignment matched destroyed target (targetID=97, eventWatcher=5)
[0503] recommend=1, inputID=5 sent
[0201] DB 참조! (C:\Users\TRL98\Desktop\LAH_MUMT\Logs\Scenario_2026-05-21T132543\SBC3\InputMissionPlan\4.json)
[REEXEC] refreshed 0201 clone detected before execute=2 listener -> dispatching 0902 replan request (package=4, timestamp=832653849166, inputMissionID=6)
[CURRENT] reexecute attach start: currentInputMissionID=6, firstPayloadInputID=6, aircraft=4,5,6
[CURRENT] reexecute cached 0401 rows loaded: count=6
[CURRENT] reexecute source missionPlanID attached: 700000048
[CURRENT] reexecute snapshot entries resolved: count=3, lead=5.0s
[CURRENT] reexecute current-position hybrid attached for all options
[RQUEUE] dispatching #25 재실행: 협업기저임무 재수행 요청
[REINPUT] skipped: reexecute 0201 already handled
[REEXEC] execute=2 received after refreshed 0201 clone -> already dispatched reexecute 0902 (package=4, timestamp=832653849166, inputMissionID=6)
[0902] replan request sent (level=1, reason=협업기저임무 재수행 요청, planIds=700000049, 700000050, 700000051)
[RQUEUE] active #25 재실행: 협업기저임무 재수행 요청
[RQUEUE] signal 0305 -> #25 재계획 수행중
[0401TRACE] slow phase=turn_tab elapsed=0.268s seq=2270
[0501] heartbeat failover send active
[0401TRACE] handler slow seq=2270 elapsed=0.452s ts=832653864423 states=6
[RQUEUE] signal 0701 -> #25 옵션 정보 전송
[RQUEUE] signal 0305 -> #25 재계획 산출 완료
[0702] ignore=2 -> apply missionPlanID=700000049, source=DSC
[QUALITY] startup grace armed (missionPlanID=700000049, duration=10.0s)
[RQUEUE] completed #25 재실행: 협업기저임무 재수행 요청 (결과 수신, signal=0702, active_ms=18256)
[RealTimeInferrer] Loading/Reloading Mission Plan: C:\Users\TRL98\Desktop\LAH_MUMT\Logs\Scenario_2026-05-21T132543\SBC3\MissionPlan\700000049.json
Updated Mission Context: torch.Size([384])
[0401] path-deviation trigger suppressed: within 3s after 0702 apply (remaining=2708ms)
[0401TRACE] handler slow seq=2283 elapsed=0.303s ts=832653868428 states=6
[0402-close] no active tracking assignment matched destroyed target (targetID=77, eventWatcher=4)
[0402-close] no active tracking assignment matched destroyed target (targetID=78, eventWatcher=6)
[0402-close] no active tracking assignment matched destroyed target (targetID=79, eventWatcher=5)
[0402-close] no active tracking assignment matched destroyed target (targetID=80, eventWatcher=5)
[0402-close] no active tracking assignment matched destroyed target (targetID=81, eventWatcher=4)
[0402-close] no active tracking assignment matched destroyed target (targetID=82, eventWatcher=5)
[0402-close] no active tracking assignment matched destroyed target (targetID=83, eventWatcher=5)
[0402-close] no active tracking assignment matched destroyed target (targetID=84, eventWatcher=5)
[0402-close] no active tracking assignment matched destroyed target (targetID=85, eventWatcher=4)
[0402-close] no active tracking assignment matched destroyed target (targetID=86, eventWatcher=4)
[0402-close] no active tracking assignment matched destroyed target (targetID=87, eventWatcher=5)
[0402-close] no active tracking assignment matched destroyed target (targetID=88, eventWatcher=6)
[0402-close] no active tracking assignment matched destroyed target (targetID=89, eventWatcher=5)
[0402-close] no active tracking assignment matched destroyed target (targetID=90, eventWatcher=6)
[0402-close] no active tracking assignment matched destroyed target (targetID=91, eventWatcher=5)
[0402-close] no active tracking assignment matched destroyed target (targetID=92, eventWatcher=5)
[0402-close] no active tracking assignment matched destroyed target (targetID=93, eventWatcher=4)
[0402-close] no active tracking assignment matched destroyed target (targetID=94, eventWatcher=5)
[0402-close] no active tracking assignment matched destroyed target (targetID=96, eventWatcher=6)
[0402-close] no active tracking assignment matched destroyed target (targetID=97, eventWatcher=5)
[0402-close] no active tracking assignment matched destroyed target (targetID=77, eventWatcher=4)
[0402-close] no active tracking assignment matched destroyed target (targetID=78, eventWatcher=6)
[0402-close] no active tracking assignment matched destroyed target (targetID=79, eventWatcher=5)
[0402-close] no active tracking assignment matched destroyed target (targetID=80, eventWatcher=5)
[0402-close] no active tracking assignment matched destroyed target (targetID=81, eventWatcher=4)
[0402-close] no active tracking assignment matched destroyed target (targetID=82, eventWatcher=5)
[0402-close] no active tracking assignment matched destroyed target (targetID=83, eventWatcher=5)
[0402-close] no active tracking assignment matched destroyed target (targetID=84, eventWatcher=5)
[0402-close] no active tracking assignment matched destroyed target (targetID=85, eventWatcher=4)
[0402-close] no active tracking assignment matched destroyed target (targetID=86, eventWatcher=4)
[0402-close] no active tracking assignment matched destroyed target (targetID=87, eventWatcher=5)
[0402-close] no active tracking assignment matched destroyed target (targetID=88, eventWatcher=6)
[0402-close] no active tracking assignment matched destroyed target (targetID=89, eventWatcher=5)
[0402-close] no active tracking assignment matched destroyed target (targetID=90, eventWatcher=6)
[0402-close] no active tracking assignment matched destroyed target (targetID=91, eventWatcher=5)
[0402-close] no active tracking assignment matched destroyed target (targetID=92, eventWatcher=5)
[0402-close] no active tracking assignment matched destroyed target (targetID=93, eventWatcher=4)
[0402-close] no active tracking assignment matched destroyed target (targetID=94, eventWatcher=5)
[0402-close] no active tracking assignment matched destroyed target (targetID=96, eventWatcher=6)
[0402-close] no active tracking assignment matched destroyed target (targetID=97, eventWatcher=5)
[0402] new detections: 1
[0402] bundled target replan prepared: key=98-5, primaryTargetID=98, targets=[98]
[RQUEUE] queued #26 표적탐지: 표적98 발견 재계획
[RQUEUE] dispatching #26 표적탐지: 표적98 발견 재계획
[0902] replan request sent (level=2, reason=표적98 발견 재계획, planIds=700000052, 700000053)
[RQUEUE] active #26 표적탐지: 표적98 발견 재계획
[RQUEUE] signal 0305 -> #26 재계획 수행중
[0402-close] no active tracking assignment matched destroyed target (targetID=77, eventWatcher=4)
[0402-close] no active tracking assignment matched destroyed target (targetID=78, eventWatcher=6)
[0402-close] no active tracking assignment matched destroyed target (targetID=79, eventWatcher=5)
[0402-close] no active tracking assignment matched destroyed target (targetID=80, eventWatcher=5)
[0402-close] no active tracking assignment matched destroyed target (targetID=81, eventWatcher=4)
[0402-close] no active tracking assignment matched destroyed target (targetID=82, eventWatcher=5)
[0402-close] no active tracking assignment matched destroyed target (targetID=83, eventWatcher=5)
[0402-close] no active tracking assignment matched destroyed target (targetID=84, eventWatcher=5)
[0402-close] no active tracking assignment matched destroyed target (targetID=85, eventWatcher=4)
[0402-close] no active tracking assignment matched destroyed target (targetID=86, eventWatcher=4)
[0402-close] no active tracking assignment matched destroyed target (targetID=87, eventWatcher=5)
[0402-close] no active tracking assignment matched destroyed target (targetID=88, eventWatcher=6)
[0402-close] no active tracking assignment matched destroyed target (targetID=89, eventWatcher=5)
[0402-close] no active tracking assignment matched destroyed target (targetID=90, eventWatcher=6)
[0402-close] no active tracking assignment matched destroyed target (targetID=91, eventWatcher=5)
[0402-close] no active tracking assignment matched destroyed target (targetID=92, eventWatcher=5)
[0402-close] no active tracking assignment matched destroyed target (targetID=93, eventWatcher=4)
[0402-close] no active tracking assignment matched destroyed target (targetID=94, eventWatcher=5)
[0402-close] no active tracking assignment matched destroyed target (targetID=96, eventWatcher=6)
[0402-close] no active tracking assignment matched destroyed target (targetID=97, eventWatcher=5)
[0402-close] no active tracking assignment matched destroyed target (targetID=77, eventWatcher=4)
[0402-close] no active tracking assignment matched destroyed target (targetID=78, eventWatcher=6)
[0402-close] no active tracking assignment matched destroyed target (targetID=79, eventWatcher=5)
[0402-close] no active tracking assignment matched destroyed target (targetID=80, eventWatcher=5)
[0402-close] no active tracking assignment matched destroyed target (targetID=81, eventWatcher=4)
[0402-close] no active tracking assignment matched destroyed target (targetID=82, eventWatcher=5)
[0402-close] no active tracking assignment matched destroyed target (targetID=83, eventWatcher=5)
[0402-close] no active tracking assignment matched destroyed target (targetID=84, eventWatcher=5)
[0402-close] no active tracking assignment matched destroyed target (targetID=85, eventWatcher=4)
[0402-close] no active tracking assignment matched destroyed target (targetID=86, eventWatcher=4)
[0402-close] no active tracking assignment matched destroyed target (targetID=87, eventWatcher=5)
[0402-close] no active tracking assignment matched destroyed target (targetID=88, eventWatcher=6)
[0402-close] no active tracking assignment matched destroyed target (targetID=89, eventWatcher=5)
[0402-close] no active tracking assignment matched destroyed target (targetID=90, eventWatcher=6)
[0402-close] no active tracking assignment matched destroyed target (targetID=91, eventWatcher=5)
[0402-close] no active tracking assignment matched destroyed target (targetID=92, eventWatcher=5)
[0402-close] no active tracking assignment matched destroyed target (targetID=93, eventWatcher=4)
[0402-close] no active tracking assignment matched destroyed target (targetID=94, eventWatcher=5)
[0402-close] no active tracking assignment matched destroyed target (targetID=96, eventWatcher=6)
[0402-close] no active tracking assignment matched destroyed target (targetID=97, eventWatcher=5)
[0402-close] no active tracking assignment matched destroyed target (targetID=77, eventWatcher=4)
[0402-close] no active tracking assignment matched destroyed target (targetID=78, eventWatcher=6)
[0402-close] no active tracking assignment matched destroyed target (targetID=79, eventWatcher=5)
[0402-close] no active tracking assignment matched destroyed target (targetID=80, eventWatcher=5)
[0402-close] no active tracking assignment matched destroyed target (targetID=81, eventWatcher=4)
[0402-close] no active tracking assignment matched destroyed target (targetID=82, eventWatcher=5)
[0402-close] no active tracking assignment matched destroyed target (targetID=83, eventWatcher=5)
[0402-close] no active tracking assignment matched destroyed target (targetID=84, eventWatcher=5)
[0402-close] no active tracking assignment matched destroyed target (targetID=85, eventWatcher=4)
[0402-close] no active tracking assignment matched destroyed target (targetID=86, eventWatcher=4)
[0402-close] no active tracking assignment matched destroyed target (targetID=87, eventWatcher=5)
[0402-close] no active tracking assignment matched destroyed target (targetID=88, eventWatcher=6)
[0402-close] no active tracking assignment matched destroyed target (targetID=89, eventWatcher=5)
[0402-close] no active tracking assignment matched destroyed target (targetID=90, eventWatcher=6)
[0402-close] no active tracking assignment matched destroyed target (targetID=91, eventWatcher=5)
[0402-close] no active tracking assignment matched destroyed target (targetID=92, eventWatcher=5)
[0402-close] no active tracking assignment matched destroyed target (targetID=93, eventWatcher=4)
[0402-close] no active tracking assignment matched destroyed target (targetID=94, eventWatcher=5)
[0402-close] no active tracking assignment matched destroyed target (targetID=96, eventWatcher=6)
[0402-close] no active tracking assignment matched destroyed target (targetID=97, eventWatcher=5)
[0401TRACE] handler slow seq=2302 elapsed=0.340s ts=832653875617 states=6
[0402-close] no active tracking assignment matched destroyed target (targetID=77, eventWatcher=4)
[0402-close] no active tracking assignment matched destroyed target (targetID=78, eventWatcher=6)
[0402-close] no active tracking assignment matched destroyed target (targetID=79, eventWatcher=5)
[0402-close] no active tracking assignment matched destroyed target (targetID=80, eventWatcher=5)
[0402-close] no active tracking assignment matched destroyed target (targetID=81, eventWatcher=4)
[0402-close] no active tracking assignment matched destroyed target (targetID=82, eventWatcher=5)
[0402-close] no active tracking assignment matched destroyed target (targetID=83, eventWatcher=5)
[0402-close] no active tracking assignment matched destroyed target (targetID=84, eventWatcher=5)
[0402-close] no active tracking assignment matched destroyed target (targetID=85, eventWatcher=4)
[0402-close] no active tracking assignment matched destroyed target (targetID=86, eventWatcher=4)
[0402-close] no active tracking assignment matched destroyed target (targetID=87, eventWatcher=5)
[0402-close] no active tracking assignment matched destroyed target (targetID=88, eventWatcher=6)
[0402-close] no active tracking assignment matched destroyed target (targetID=89, eventWatcher=5)
[0402-close] no active tracking assignment matched destroyed target (targetID=90, eventWatcher=6)
[0402-close] no active tracking assignment matched destroyed target (targetID=91, eventWatcher=5)
[0402-close] no active tracking assignment matched destroyed target (targetID=92, eventWatcher=5)
[0402-close] no active tracking assignment matched destroyed target (targetID=93, eventWatcher=4)
[0402-close] no active tracking assignment matched destroyed target (targetID=94, eventWatcher=5)
[0402-close] no active tracking assignment matched destroyed target (targetID=96, eventWatcher=6)
[0402-close] no active tracking assignment matched destroyed target (targetID=97, eventWatcher=5)
[0402-close] no active tracking assignment matched destroyed target (targetID=77, eventWatcher=4)
[0402-close] no active tracking assignment matched destroyed target (targetID=78, eventWatcher=6)
[0402-close] no active tracking assignment matched destroyed target (targetID=79, eventWatcher=5)
[0402-close] no active tracking assignment matched destroyed target (targetID=80, eventWatcher=5)
[0402-close] no active tracking assignment matched destroyed target (targetID=81, eventWatcher=4)
[0402-close] no active tracking assignment matched destroyed target (targetID=82, eventWatcher=5)
[0402-close] no active tracking assignment matched destroyed target (targetID=83, eventWatcher=5)
[0402-close] no active tracking assignment matched destroyed target (targetID=84, eventWatcher=5)
[0402-close] no active tracking assignment matched destroyed target (targetID=85, eventWatcher=4)
[0402-close] no active tracking assignment matched destroyed target (targetID=86, eventWatcher=4)
[0402-close] no active tracking assignment matched destroyed target (targetID=87, eventWatcher=5)
[0402-close] no active tracking assignment matched destroyed target (targetID=88, eventWatcher=6)
[0402-close] no active tracking assignment matched destroyed target (targetID=89, eventWatcher=5)
[0402-close] no active tracking assignment matched destroyed target (targetID=90, eventWatcher=6)
[0402-close] no active tracking assignment matched destroyed target (targetID=91, eventWatcher=5)
[0402-close] no active tracking assignment matched destroyed target (targetID=92, eventWatcher=5)
[0402-close] no active tracking assignment matched destroyed target (targetID=93, eventWatcher=4)
[0402-close] no active tracking assignment matched destroyed target (targetID=94, eventWatcher=5)
[0402-close] no active tracking assignment matched destroyed target (targetID=96, eventWatcher=6)
[0402-close] no active tracking assignment matched destroyed target (targetID=97, eventWatcher=5)
[0401TRACE] handler slow seq=2308 elapsed=0.303s ts=832653878624 states=6
[0402-close] no active tracking assignment matched destroyed target (targetID=77, eventWatcher=4)
[0402-close] no active tracking assignment matched destroyed target (targetID=78, eventWatcher=6)
[0402-close] no active tracking assignment matched destroyed target (targetID=79, eventWatcher=5)
[0402-close] no active tracking assignment matched destroyed target (targetID=80, eventWatcher=5)
[0402-close] no active tracking assignment matched destroyed target (targetID=81, eventWatcher=4)
[0402-close] no active tracking assignment matched destroyed target (targetID=82, eventWatcher=5)
[0402-close] no active tracking assignment matched destroyed target (targetID=83, eventWatcher=5)
[0402-close] no active tracking assignment matched destroyed target (targetID=84, eventWatcher=5)
[0402-close] no active tracking assignment matched destroyed target (targetID=85, eventWatcher=4)
[0402-close] no active tracking assignment matched destroyed target (targetID=86, eventWatcher=4)
[0402-close] no active tracking assignment matched destroyed target (targetID=87, eventWatcher=5)
[0402-close] no active tracking assignment matched destroyed target (targetID=88, eventWatcher=6)
[0402-close] no active tracking assignment matched destroyed target (targetID=89, eventWatcher=5)
[0402-close] no active tracking assignment matched destroyed target (targetID=90, eventWatcher=6)
[0402-close] no active tracking assignment matched destroyed target (targetID=91, eventWatcher=5)
[0402-close] no active tracking assignment matched destroyed target (targetID=92, eventWatcher=5)
[0402-close] no active tracking assignment matched destroyed target (targetID=93, eventWatcher=4)
[0402-close] no active tracking assignment matched destroyed target (targetID=94, eventWatcher=5)
[0402-close] no active tracking assignment matched destroyed target (targetID=96, eventWatcher=6)
[0402-close] no active tracking assignment matched destroyed target (targetID=97, eventWatcher=5)
[0401TRACE] handler slow seq=2309 elapsed=0.314s ts=832653879219 states=6
[0402-close] no active tracking assignment matched destroyed target (targetID=77, eventWatcher=4)
[0402-close] no active tracking assignment matched destroyed target (targetID=78, eventWatcher=6)
[0402-close] no active tracking assignment matched destroyed target (targetID=79, eventWatcher=5)
[0402-close] no active tracking assignment matched destroyed target (targetID=80, eventWatcher=5)
[0402-close] no active tracking assignment matched destroyed target (targetID=81, eventWatcher=4)
[0402-close] no active tracking assignment matched destroyed target (targetID=82, eventWatcher=5)
[0402-close] no active tracking assignment matched destroyed target (targetID=83, eventWatcher=5)
[0402-close] no active tracking assignment matched destroyed target (targetID=84, eventWatcher=5)
[0402-close] no active tracking assignment matched destroyed target (targetID=85, eventWatcher=4)
[0402-close] no active tracking assignment matched destroyed target (targetID=86, eventWatcher=4)
[0402-close] no active tracking assignment matched destroyed target (targetID=87, eventWatcher=5)
[0402-close] no active tracking assignment matched destroyed target (targetID=88, eventWatcher=6)
[0402-close] no active tracking assignment matched destroyed target (targetID=89, eventWatcher=5)
[0402-close] no active tracking assignment matched destroyed target (targetID=90, eventWatcher=6)
[0402-close] no active tracking assignment matched destroyed target (targetID=91, eventWatcher=5)
[0402-close] no active tracking assignment matched destroyed target (targetID=92, eventWatcher=5)
[0402-close] no active tracking assignment matched destroyed target (targetID=93, eventWatcher=4)
[0402-close] no active tracking assignment matched destroyed target (targetID=94, eventWatcher=5)
[0402-close] no active tracking assignment matched destroyed target (targetID=96, eventWatcher=6)
[0402-close] no active tracking assignment matched destroyed target (targetID=97, eventWatcher=5)
[0402-close] no active tracking assignment matched destroyed target (targetID=77, eventWatcher=4)
[0402-close] no active tracking assignment matched destroyed target (targetID=78, eventWatcher=6)
[0402-close] no active tracking assignment matched destroyed target (targetID=79, eventWatcher=5)
[0402-close] no active tracking assignment matched destroyed target (targetID=80, eventWatcher=5)
[0402-close] no active tracking assignment matched destroyed target (targetID=81, eventWatcher=4)
[0402-close] no active tracking assignment matched destroyed target (targetID=82, eventWatcher=5)
[0402-close] no active tracking assignment matched destroyed target (targetID=83, eventWatcher=5)
[0402-close] no active tracking assignment matched destroyed target (targetID=84, eventWatcher=5)
[0402-close] no active tracking assignment matched destroyed target (targetID=85, eventWatcher=4)
[0402-close] no active tracking assignment matched destroyed target (targetID=86, eventWatcher=4)
[0402-close] no active tracking assignment matched destroyed target (targetID=87, eventWatcher=5)
[0402-close] no active tracking assignment matched destroyed target (targetID=88, eventWatcher=6)
[0402-close] no active tracking assignment matched destroyed target (targetID=89, eventWatcher=5)
[0402-close] no active tracking assignment matched destroyed target (targetID=90, eventWatcher=6)
[0402-close] no active tracking assignment matched destroyed target (targetID=91, eventWatcher=5)
[0402-close] no active tracking assignment matched destroyed target (targetID=92, eventWatcher=5)
[0402-close] no active tracking assignment matched destroyed target (targetID=93, eventWatcher=4)
[0402-close] no active tracking assignment matched destroyed target (targetID=94, eventWatcher=5)
[0402-close] no active tracking assignment matched destroyed target (targetID=96, eventWatcher=6)
[0402-close] no active tracking assignment matched destroyed target (targetID=97, eventWatcher=5)
[0401TRACE] handler slow seq=2313 elapsed=0.314s ts=832653881217 states=6
[0402-close] no active tracking assignment matched destroyed target (targetID=77, eventWatcher=4)
[0402-close] no active tracking assignment matched destroyed target (targetID=78, eventWatcher=6)
[0402-close] no active tracking assignment matched destroyed target (targetID=79, eventWatcher=5)
[0402-close] no active tracking assignment matched destroyed target (targetID=80, eventWatcher=5)
[0402-close] no active tracking assignment matched destroyed target (targetID=81, eventWatcher=4)
[0402-close] no active tracking assignment matched destroyed target (targetID=82, eventWatcher=5)
[0402-close] no active tracking assignment matched destroyed target (targetID=83, eventWatcher=5)
[0402-close] no active tracking assignment matched destroyed target (targetID=84, eventWatcher=5)
[0402-close] no active tracking assignment matched destroyed target (targetID=85, eventWatcher=4)
[0402-close] no active tracking assignment matched destroyed target (targetID=86, eventWatcher=4)
[0402-close] no active tracking assignment matched destroyed target (targetID=87, eventWatcher=5)
[0402-close] no active tracking assignment matched destroyed target (targetID=88, eventWatcher=6)
[0402-close] no active tracking assignment matched destroyed target (targetID=89, eventWatcher=5)
[0402-close] no active tracking assignment matched destroyed target (targetID=90, eventWatcher=6)
[0402-close] no active tracking assignment matched destroyed target (targetID=91, eventWatcher=5)
[0402-close] no active tracking assignment matched destroyed target (targetID=92, eventWatcher=5)
[0402-close] no active tracking assignment matched destroyed target (targetID=93, eventWatcher=4)
[0402-close] no active tracking assignment matched destroyed target (targetID=94, eventWatcher=5)
[0402-close] no active tracking assignment matched destroyed target (targetID=96, eventWatcher=6)
[0402-close] no active tracking assignment matched destroyed target (targetID=97, eventWatcher=5)
[0402-close] no active tracking assignment matched destroyed target (targetID=77, eventWatcher=4)
[0402-close] no active tracking assignment matched destroyed target (targetID=78, eventWatcher=6)
[0402-close] no active tracking assignment matched destroyed target (targetID=79, eventWatcher=5)
[0402-close] no active tracking assignment matched destroyed target (targetID=80, eventWatcher=5)
[0402-close] no active tracking assignment matched destroyed target (targetID=81, eventWatcher=4)
[0402-close] no active tracking assignment matched destroyed target (targetID=82, eventWatcher=5)
[0402-close] no active tracking assignment matched destroyed target (targetID=83, eventWatcher=5)
[0402-close] no active tracking assignment matched destroyed target (targetID=84, eventWatcher=5)
[0402-close] no active tracking assignment matched destroyed target (targetID=85, eventWatcher=4)
[0402-close] no active tracking assignment matched destroyed target (targetID=86, eventWatcher=4)
[0402-close] no active tracking assignment matched destroyed target (targetID=87, eventWatcher=5)
[0402-close] no active tracking assignment matched destroyed target (targetID=88, eventWatcher=6)
[0402-close] no active tracking assignment matched destroyed target (targetID=89, eventWatcher=5)
[0402-close] no active tracking assignment matched destroyed target (targetID=90, eventWatcher=6)
[0402-close] no active tracking assignment matched destroyed target (targetID=91, eventWatcher=5)
[0402-close] no active tracking assignment matched destroyed target (targetID=92, eventWatcher=5)
[0402-close] no active tracking assignment matched destroyed target (targetID=93, eventWatcher=4)
[0402-close] no active tracking assignment matched destroyed target (targetID=94, eventWatcher=5)
[0402-close] no active tracking assignment matched destroyed target (targetID=96, eventWatcher=6)
[0402-close] no active tracking assignment matched destroyed target (targetID=97, eventWatcher=5)
[0402-close] no active tracking assignment matched destroyed target (targetID=77, eventWatcher=4)
[0402-close] no active tracking assignment matched destroyed target (targetID=78, eventWatcher=6)
[0402-close] no active tracking assignment matched destroyed target (targetID=79, eventWatcher=5)
[0402-close] no active tracking assignment matched destroyed target (targetID=80, eventWatcher=5)
[0402-close] no active tracking assignment matched destroyed target (targetID=81, eventWatcher=4)
[0402-close] no active tracking assignment matched destroyed target (targetID=82, eventWatcher=5)
[0402-close] no active tracking assignment matched destroyed target (targetID=83, eventWatcher=5)
[0402-close] no active tracking assignment matched destroyed target (targetID=84, eventWatcher=5)
[0402-close] no active tracking assignment matched destroyed target (targetID=85, eventWatcher=4)
[0402-close] no active tracking assignment matched destroyed target (targetID=86, eventWatcher=4)
[0402-close] no active tracking assignment matched destroyed target (targetID=87, eventWatcher=5)
[0402-close] no active tracking assignment matched destroyed target (targetID=88, eventWatcher=6)
[0402-close] no active tracking assignment matched destroyed target (targetID=89, eventWatcher=5)
[0402-close] no active tracking assignment matched destroyed target (targetID=90, eventWatcher=6)
[0402-close] no active tracking assignment matched destroyed target (targetID=91, eventWatcher=5)
[0402-close] no active tracking assignment matched destroyed target (targetID=92, eventWatcher=5)
[0402-close] no active tracking assignment matched destroyed target (targetID=93, eventWatcher=4)
[0402-close] no active tracking assignment matched destroyed target (targetID=94, eventWatcher=5)
[0402-close] no active tracking assignment matched destroyed target (targetID=96, eventWatcher=6)
[0402-close] no active tracking assignment matched destroyed target (targetID=97, eventWatcher=5)
[0402-close] no active tracking assignment matched destroyed target (targetID=77, eventWatcher=4)
[0402-close] no active tracking assignment matched destroyed target (targetID=78, eventWatcher=6)
[0402-close] no active tracking assignment matched destroyed target (targetID=79, eventWatcher=5)
[0402-close] no active tracking assignment matched destroyed target (targetID=80, eventWatcher=5)
[0402-close] no active tracking assignment matched destroyed target (targetID=81, eventWatcher=4)
[0402-close] no active tracking assignment matched destroyed target (targetID=82, eventWatcher=5)
[0402-close] no active tracking assignment matched destroyed target (targetID=83, eventWatcher=5)
[0402-close] no active tracking assignment matched destroyed target (targetID=84, eventWatcher=5)
[0402-close] no active tracking assignment matched destroyed target (targetID=85, eventWatcher=4)
[0402-close] no active tracking assignment matched destroyed target (targetID=86, eventWatcher=4)
[0402-close] no active tracking assignment matched destroyed target (targetID=87, eventWatcher=5)
[0402-close] no active tracking assignment matched destroyed target (targetID=88, eventWatcher=6)
[0402-close] no active tracking assignment matched destroyed target (targetID=89, eventWatcher=5)
[0402-close] no active tracking assignment matched destroyed target (targetID=90, eventWatcher=6)
[0402-close] no active tracking assignment matched destroyed target (targetID=91, eventWatcher=5)
[0402-close] no active tracking assignment matched destroyed target (targetID=92, eventWatcher=5)
[0402-close] no active tracking assignment matched destroyed target (targetID=93, eventWatcher=4)
[0402-close] no active tracking assignment matched destroyed target (targetID=94, eventWatcher=5)
[0402-close] no active tracking assignment matched destroyed target (targetID=96, eventWatcher=6)
[0402-close] no active tracking assignment matched destroyed target (targetID=97, eventWatcher=5)
[0401TRACE] handler slow seq=2321 elapsed=0.303s ts=832653885214 states=6
[0402-close] no active tracking assignment matched destroyed target (targetID=77, eventWatcher=4)
[0402-close] no active tracking assignment matched destroyed target (targetID=78, eventWatcher=6)
[0402-close] no active tracking assignment matched destroyed target (targetID=79, eventWatcher=5)
[0402-close] no active tracking assignment matched destroyed target (targetID=80, eventWatcher=5)
[0402-close] no active tracking assignment matched destroyed target (targetID=81, eventWatcher=4)
[0402-close] no active tracking assignment matched destroyed target (targetID=82, eventWatcher=5)
[0402-close] no active tracking assignment matched destroyed target (targetID=83, eventWatcher=5)
[0402-close] no active tracking assignment matched destroyed target (targetID=84, eventWatcher=5)
[0402-close] no active tracking assignment matched destroyed target (targetID=85, eventWatcher=4)
[0402-close] no active tracking assignment matched destroyed target (targetID=86, eventWatcher=4)
[0402-close] no active tracking assignment matched destroyed target (targetID=87, eventWatcher=5)
[0402-close] no active tracking assignment matched destroyed target (targetID=88, eventWatcher=6)
[0402-close] no active tracking assignment matched destroyed target (targetID=89, eventWatcher=5)
[0402-close] no active tracking assignment matched destroyed target (targetID=90, eventWatcher=6)
[0402-close] no active tracking assignment matched destroyed target (targetID=91, eventWatcher=5)
[0402-close] no active tracking assignment matched destroyed target (targetID=92, eventWatcher=5)
[0402-close] no active tracking assignment matched destroyed target (targetID=93, eventWatcher=4)
[0402-close] no active tracking assignment matched destroyed target (targetID=94, eventWatcher=5)
[0402-close] no active tracking assignment matched destroyed target (targetID=96, eventWatcher=6)
[0402-close] no active tracking assignment matched destroyed target (targetID=97, eventWatcher=5)
[0401TRACE] handler slow seq=2323 elapsed=0.324s ts=832653886221 states=6
[0402-close] no active tracking assignment matched destroyed target (targetID=77, eventWatcher=4)
[0402-close] no active tracking assignment matched destroyed target (targetID=78, eventWatcher=6)
[0402-close] no active tracking assignment matched destroyed target (targetID=79, eventWatcher=5)
[0402-close] no active tracking assignment matched destroyed target (targetID=80, eventWatcher=5)
[0402-close] no active tracking assignment matched destroyed target (targetID=81, eventWatcher=4)
[0402-close] no active tracking assignment matched destroyed target (targetID=82, eventWatcher=5)
[0402-close] no active tracking assignment matched destroyed target (targetID=83, eventWatcher=5)
[0402-close] no active tracking assignment matched destroyed target (targetID=84, eventWatcher=5)
[0402-close] no active tracking assignment matched destroyed target (targetID=85, eventWatcher=4)
[0402-close] no active tracking assignment matched destroyed target (targetID=86, eventWatcher=4)
[0402-close] no active tracking assignment matched destroyed target (targetID=87, eventWatcher=5)
[0402-close] no active tracking assignment matched destroyed target (targetID=88, eventWatcher=6)
[0402-close] no active tracking assignment matched destroyed target (targetID=89, eventWatcher=5)
[0402-close] no active tracking assignment matched destroyed target (targetID=90, eventWatcher=6)
[0402-close] no active tracking assignment matched destroyed target (targetID=91, eventWatcher=5)
[0402-close] no active tracking assignment matched destroyed target (targetID=92, eventWatcher=5)
[0402-close] no active tracking assignment matched destroyed target (targetID=93, eventWatcher=4)
[0402-close] no active tracking assignment matched destroyed target (targetID=94, eventWatcher=5)
[0402-close] no active tracking assignment matched destroyed target (targetID=96, eventWatcher=6)
[0402-close] no active tracking assignment matched destroyed target (targetID=97, eventWatcher=5)
[0401TRACE] handler slow seq=2324 elapsed=0.325s ts=832653886628 states=6
[0402-close] no active tracking assignment matched destroyed target (targetID=77, eventWatcher=4)
[0402-close] no active tracking assignment matched destroyed target (targetID=78, eventWatcher=6)
[0402-close] no active tracking assignment matched destroyed target (targetID=79, eventWatcher=5)
[0402-close] no active tracking assignment matched destroyed target (targetID=80, eventWatcher=5)
[0402-close] no active tracking assignment matched destroyed target (targetID=81, eventWatcher=4)
[0402-close] no active tracking assignment matched destroyed target (targetID=82, eventWatcher=5)
[0402-close] no active tracking assignment matched destroyed target (targetID=83, eventWatcher=5)
[0402-close] no active tracking assignment matched destroyed target (targetID=84, eventWatcher=5)
[0402-close] no active tracking assignment matched destroyed target (targetID=85, eventWatcher=4)
[0402-close] no active tracking assignment matched destroyed target (targetID=86, eventWatcher=4)
[0402-close] no active tracking assignment matched destroyed target (targetID=87, eventWatcher=5)
[0402-close] no active tracking assignment matched destroyed target (targetID=88, eventWatcher=6)
[0402-close] no active tracking assignment matched destroyed target (targetID=89, eventWatcher=5)
[0402-close] no active tracking assignment matched destroyed target (targetID=90, eventWatcher=6)
[0402-close] no active tracking assignment matched destroyed target (targetID=91, eventWatcher=5)
[0402-close] no active tracking assignment matched destroyed target (targetID=92, eventWatcher=5)
[0402-close] no active tracking assignment matched destroyed target (targetID=93, eventWatcher=4)
[0402-close] no active tracking assignment matched destroyed target (targetID=94, eventWatcher=5)
[0402-close] no active tracking assignment matched destroyed target (targetID=96, eventWatcher=6)
[0402-close] no active tracking assignment matched destroyed target (targetID=97, eventWatcher=5)
[0501] heartbeat failover send active
[0401TRACE] handler slow seq=2326 elapsed=0.356s ts=832653887625 states=6
[0402-close] no active tracking assignment matched destroyed target (targetID=77, eventWatcher=4)
[0402-close] no active tracking assignment matched destroyed target (targetID=78, eventWatcher=6)
[0402-close] no active tracking assignment matched destroyed target (targetID=79, eventWatcher=5)
[0402-close] no active tracking assignment matched destroyed target (targetID=80, eventWatcher=5)
[0402-close] no active tracking assignment matched destroyed target (targetID=81, eventWatcher=4)
[0402-close] no active tracking assignment matched destroyed target (targetID=82, eventWatcher=5)
[0402-close] no active tracking assignment matched destroyed target (targetID=83, eventWatcher=5)
[0402-close] no active tracking assignment matched destroyed target (targetID=84, eventWatcher=5)
[0402-close] no active tracking assignment matched destroyed target (targetID=85, eventWatcher=4)
[0402-close] no active tracking assignment matched destroyed target (targetID=86, eventWatcher=4)
[0402-close] no active tracking assignment matched destroyed target (targetID=87, eventWatcher=5)
[0402-close] no active tracking assignment matched destroyed target (targetID=88, eventWatcher=6)
[0402-close] no active tracking assignment matched destroyed target (targetID=89, eventWatcher=5)
[0402-close] no active tracking assignment matched destroyed target (targetID=90, eventWatcher=6)
[0402-close] no active tracking assignment matched destroyed target (targetID=91, eventWatcher=5)
[0402-close] no active tracking assignment matched destroyed target (targetID=92, eventWatcher=5)
[0402-close] no active tracking assignment matched destroyed target (targetID=93, eventWatcher=4)
[0402-close] no active tracking assignment matched destroyed target (targetID=94, eventWatcher=5)
[0402-close] no active tracking assignment matched destroyed target (targetID=96, eventWatcher=6)
[0402-close] no active tracking assignment matched destroyed target (targetID=97, eventWatcher=5)
[0401TRACE] handler slow seq=2327 elapsed=0.324s ts=832653888218 states=6
[RQUEUE] signal 0701 -> #26 옵션 정보 전송
[RQUEUE] signal 0305 -> #26 재계획 산출 완료
[0402-close] no active tracking assignment matched destroyed target (targetID=77, eventWatcher=4)
[0402-close] no active tracking assignment matched destroyed target (targetID=78, eventWatcher=6)
[0402-close] no active tracking assignment matched destroyed target (targetID=79, eventWatcher=5)
[0402-close] no active tracking assignment matched destroyed target (targetID=80, eventWatcher=5)
[0402-close] no active tracking assignment matched destroyed target (targetID=81, eventWatcher=4)
[0402-close] no active tracking assignment matched destroyed target (targetID=82, eventWatcher=5)
[0402-close] no active tracking assignment matched destroyed target (targetID=83, eventWatcher=5)
[0402-close] no active tracking assignment matched destroyed target (targetID=84, eventWatcher=5)
[0402-close] no active tracking assignment matched destroyed target (targetID=85, eventWatcher=4)
[0402-close] no active tracking assignment matched destroyed target (targetID=86, eventWatcher=4)
[0402-close] no active tracking assignment matched destroyed target (targetID=87, eventWatcher=5)
[0402-close] no active tracking assignment matched destroyed target (targetID=88, eventWatcher=6)
[0402-close] no active tracking assignment matched destroyed target (targetID=89, eventWatcher=5)
[0402-close] no active tracking assignment matched destroyed target (targetID=90, eventWatcher=6)
[0402-close] no active tracking assignment matched destroyed target (targetID=91, eventWatcher=5)
[0402-close] no active tracking assignment matched destroyed target (targetID=92, eventWatcher=5)
[0402-close] no active tracking assignment matched destroyed target (targetID=93, eventWatcher=4)
[0402-close] no active tracking assignment matched destroyed target (targetID=94, eventWatcher=5)
[0402-close] no active tracking assignment matched destroyed target (targetID=96, eventWatcher=6)
[0402-close] no active tracking assignment matched destroyed target (targetID=97, eventWatcher=5)
[0402-close] no active tracking assignment matched destroyed target (targetID=77, eventWatcher=4)
[0402-close] no active tracking assignment matched destroyed target (targetID=78, eventWatcher=6)
[0402-close] no active tracking assignment matched destroyed target (targetID=79, eventWatcher=5)
[0402-close] no active tracking assignment matched destroyed target (targetID=80, eventWatcher=5)
[0402-close] no active tracking assignment matched destroyed target (targetID=81, eventWatcher=4)
[0402-close] no active tracking assignment matched destroyed target (targetID=82, eventWatcher=5)
[0402-close] no active tracking assignment matched destroyed target (targetID=83, eventWatcher=5)
[0402-close] no active tracking assignment matched destroyed target (targetID=84, eventWatcher=5)
[0402-close] no active tracking assignment matched destroyed target (targetID=85, eventWatcher=4)
[0402-close] no active tracking assignment matched destroyed target (targetID=86, eventWatcher=4)
[0402-close] no active tracking assignment matched destroyed target (targetID=87, eventWatcher=5)
[0402-close] no active tracking assignment matched destroyed target (targetID=88, eventWatcher=6)
[0402-close] no active tracking assignment matched destroyed target (targetID=89, eventWatcher=5)
[0402-close] no active tracking assignment matched destroyed target (targetID=90, eventWatcher=6)
[0402-close] no active tracking assignment matched destroyed target (targetID=91, eventWatcher=5)
[0402-close] no active tracking assignment matched destroyed target (targetID=92, eventWatcher=5)
[0402-close] no active tracking assignment matched destroyed target (targetID=93, eventWatcher=4)
[0402-close] no active tracking assignment matched destroyed target (targetID=94, eventWatcher=5)
[0402-close] no active tracking assignment matched destroyed target (targetID=96, eventWatcher=6)
[0402-close] no active tracking assignment matched destroyed target (targetID=97, eventWatcher=5)
[0402-close] no active tracking assignment matched destroyed target (targetID=77, eventWatcher=4)
[0402-close] no active tracking assignment matched destroyed target (targetID=78, eventWatcher=6)
[0402-close] no active tracking assignment matched destroyed target (targetID=79, eventWatcher=5)
[0402-close] no active tracking assignment matched destroyed target (targetID=80, eventWatcher=5)
[0402-close] no active tracking assignment matched destroyed target (targetID=81, eventWatcher=4)
[0402-close] no active tracking assignment matched destroyed target (targetID=82, eventWatcher=5)
[0402-close] no active tracking assignment matched destroyed target (targetID=83, eventWatcher=5)
[0402-close] no active tracking assignment matched destroyed target (targetID=84, eventWatcher=5)
[0402-close] no active tracking assignment matched destroyed target (targetID=85, eventWatcher=4)
[0402-close] no active tracking assignment matched destroyed target (targetID=86, eventWatcher=4)
[0402-close] no active tracking assignment matched destroyed target (targetID=87, eventWatcher=5)
[0402-close] no active tracking assignment matched destroyed target (targetID=88, eventWatcher=6)
[0402-close] no active tracking assignment matched destroyed target (targetID=89, eventWatcher=5)
[0402-close] no active tracking assignment matched destroyed target (targetID=90, eventWatcher=6)
[0402-close] no active tracking assignment matched destroyed target (targetID=91, eventWatcher=5)
[0402-close] no active tracking assignment matched destroyed target (targetID=92, eventWatcher=5)
[0402-close] no active tracking assignment matched destroyed target (targetID=93, eventWatcher=4)
[0402-close] no active tracking assignment matched destroyed target (targetID=94, eventWatcher=5)
[0402-close] no active tracking assignment matched destroyed target (targetID=96, eventWatcher=6)
[0402-close] no active tracking assignment matched destroyed target (targetID=97, eventWatcher=5)
[0401TRACE] handler slow seq=2334 elapsed=0.321s ts=832653891622 states=6
[0402-close] no active tracking assignment matched destroyed target (targetID=77, eventWatcher=4)
[0402-close] no active tracking assignment matched destroyed target (targetID=78, eventWatcher=6)
[0402-close] no active tracking assignment matched destroyed target (targetID=79, eventWatcher=5)
[0402-close] no active tracking assignment matched destroyed target (targetID=80, eventWatcher=5)
[0402-close] no active tracking assignment matched destroyed target (targetID=81, eventWatcher=4)
[0402-close] no active tracking assignment matched destroyed target (targetID=82, eventWatcher=5)
[0402-close] no active tracking assignment matched destroyed target (targetID=83, eventWatcher=5)
[0402-close] no active tracking assignment matched destroyed target (targetID=84, eventWatcher=5)
[0402-close] no active tracking assignment matched destroyed target (targetID=85, eventWatcher=4)
[0402-close] no active tracking assignment matched destroyed target (targetID=86, eventWatcher=4)
[0402-close] no active tracking assignment matched destroyed target (targetID=87, eventWatcher=5)
[0402-close] no active tracking assignment matched destroyed target (targetID=88, eventWatcher=6)
[0402-close] no active tracking assignment matched destroyed target (targetID=89, eventWatcher=5)
[0402-close] no active tracking assignment matched destroyed target (targetID=90, eventWatcher=6)
[0402-close] no active tracking assignment matched destroyed target (targetID=91, eventWatcher=5)
[0402-close] no active tracking assignment matched destroyed target (targetID=92, eventWatcher=5)
[0402-close] no active tracking assignment matched destroyed target (targetID=93, eventWatcher=4)
[0402-close] no active tracking assignment matched destroyed target (targetID=94, eventWatcher=5)
[0402-close] no active tracking assignment matched destroyed target (targetID=96, eventWatcher=6)
[0402-close] no active tracking assignment matched destroyed target (targetID=97, eventWatcher=5)
[0402-close] no active tracking assignment matched destroyed target (targetID=77, eventWatcher=4)
[0402-close] no active tracking assignment matched destroyed target (targetID=78, eventWatcher=6)
[0402-close] no active tracking assignment matched destroyed target (targetID=79, eventWatcher=5)
[0402-close] no active tracking assignment matched destroyed target (targetID=80, eventWatcher=5)
[0402-close] no active tracking assignment matched destroyed target (targetID=81, eventWatcher=4)
[0402-close] no active tracking assignment matched destroyed target (targetID=82, eventWatcher=5)
[0402-close] no active tracking assignment matched destroyed target (targetID=83, eventWatcher=5)
[0402-close] no active tracking assignment matched destroyed target (targetID=84, eventWatcher=5)
[0402-close] no active tracking assignment matched destroyed target (targetID=85, eventWatcher=4)
[0402-close] no active tracking assignment matched destroyed target (targetID=86, eventWatcher=4)
[0402-close] no active tracking assignment matched destroyed target (targetID=87, eventWatcher=5)
[0402-close] no active tracking assignment matched destroyed target (targetID=88, eventWatcher=6)
[0402-close] no active tracking assignment matched destroyed target (targetID=89, eventWatcher=5)
[0402-close] no active tracking assignment matched destroyed target (targetID=90, eventWatcher=6)
[0402-close] no active tracking assignment matched destroyed target (targetID=91, eventWatcher=5)
[0402-close] no active tracking assignment matched destroyed target (targetID=92, eventWatcher=5)
[0402-close] no active tracking assignment matched destroyed target (targetID=93, eventWatcher=4)
[0402-close] no active tracking assignment matched destroyed target (targetID=94, eventWatcher=5)
[0402-close] no active tracking assignment matched destroyed target (targetID=96, eventWatcher=6)
[0402-close] no active tracking assignment matched destroyed target (targetID=97, eventWatcher=5)
[0401TRACE] handler slow seq=2338 elapsed=0.311s ts=832653893658 states=6
[0402-close] no active tracking assignment matched destroyed target (targetID=77, eventWatcher=4)
[0402-close] no active tracking assignment matched destroyed target (targetID=78, eventWatcher=6)
[0402-close] no active tracking assignment matched destroyed target (targetID=79, eventWatcher=5)
[0402-close] no active tracking assignment matched destroyed target (targetID=80, eventWatcher=5)
[0402-close] no active tracking assignment matched destroyed target (targetID=81, eventWatcher=4)
[0402-close] no active tracking assignment matched destroyed target (targetID=82, eventWatcher=5)
[0402-close] no active tracking assignment matched destroyed target (targetID=83, eventWatcher=5)
[0402-close] no active tracking assignment matched destroyed target (targetID=84, eventWatcher=5)
[0402-close] no active tracking assignment matched destroyed target (targetID=85, eventWatcher=4)
[0402-close] no active tracking assignment matched destroyed target (targetID=86, eventWatcher=4)
[0402-close] no active tracking assignment matched destroyed target (targetID=87, eventWatcher=5)
[0402-close] no active tracking assignment matched destroyed target (targetID=88, eventWatcher=6)
[0402-close] no active tracking assignment matched destroyed target (targetID=89, eventWatcher=5)
[0402-close] no active tracking assignment matched destroyed target (targetID=90, eventWatcher=6)
[0402-close] no active tracking assignment matched destroyed target (targetID=91, eventWatcher=5)
[0402-close] no active tracking assignment matched destroyed target (targetID=92, eventWatcher=5)
[0402-close] no active tracking assignment matched destroyed target (targetID=93, eventWatcher=4)
[0402-close] no active tracking assignment matched destroyed target (targetID=94, eventWatcher=5)
[0402-close] no active tracking assignment matched destroyed target (targetID=96, eventWatcher=6)
[0402-close] no active tracking assignment matched destroyed target (targetID=97, eventWatcher=5)
[0402-close] no active tracking assignment matched destroyed target (targetID=77, eventWatcher=4)
[0402-close] no active tracking assignment matched destroyed target (targetID=78, eventWatcher=6)
[0402-close] no active tracking assignment matched destroyed target (targetID=79, eventWatcher=5)
[0402-close] no active tracking assignment matched destroyed target (targetID=80, eventWatcher=5)
[0402-close] no active tracking assignment matched destroyed target (targetID=81, eventWatcher=4)
[0402-close] no active tracking assignment matched destroyed target (targetID=82, eventWatcher=5)
[0402-close] no active tracking assignment matched destroyed target (targetID=83, eventWatcher=5)
[0402-close] no active tracking assignment matched destroyed target (targetID=84, eventWatcher=5)
[0402-close] no active tracking assignment matched destroyed target (targetID=85, eventWatcher=4)
[0402-close] no active tracking assignment matched destroyed target (targetID=86, eventWatcher=4)
[0402-close] no active tracking assignment matched destroyed target (targetID=87, eventWatcher=5)
[0402-close] no active tracking assignment matched destroyed target (targetID=88, eventWatcher=6)
[0402-close] no active tracking assignment matched destroyed target (targetID=89, eventWatcher=5)
[0402-close] no active tracking assignment matched destroyed target (targetID=90, eventWatcher=6)
[0402-close] no active tracking assignment matched destroyed target (targetID=91, eventWatcher=5)
[0402-close] no active tracking assignment matched destroyed target (targetID=92, eventWatcher=5)
[0402-close] no active tracking assignment matched destroyed target (targetID=93, eventWatcher=4)
[0402-close] no active tracking assignment matched destroyed target (targetID=94, eventWatcher=5)
[0402-close] no active tracking assignment matched destroyed target (targetID=96, eventWatcher=6)
[0402-close] no active tracking assignment matched destroyed target (targetID=97, eventWatcher=5)
[0402-close] no active tracking assignment matched destroyed target (targetID=77, eventWatcher=4)
[0402-close] no active tracking assignment matched destroyed target (targetID=78, eventWatcher=6)
[0402-close] no active tracking assignment matched destroyed target (targetID=79, eventWatcher=5)
[0402-close] no active tracking assignment matched destroyed target (targetID=80, eventWatcher=5)
[0402-close] no active tracking assignment matched destroyed target (targetID=81, eventWatcher=4)
[0402-close] no active tracking assignment matched destroyed target (targetID=82, eventWatcher=5)
[0402-close] no active tracking assignment matched destroyed target (targetID=83, eventWatcher=5)
[0402-close] no active tracking assignment matched destroyed target (targetID=84, eventWatcher=5)
[0402-close] no active tracking assignment matched destroyed target (targetID=85, eventWatcher=4)
[0402-close] no active tracking assignment matched destroyed target (targetID=86, eventWatcher=4)
[0402-close] no active tracking assignment matched destroyed target (targetID=87, eventWatcher=5)
[0402-close] no active tracking assignment matched destroyed target (targetID=88, eventWatcher=6)
[0402-close] no active tracking assignment matched destroyed target (targetID=89, eventWatcher=5)
[0402-close] no active tracking assignment matched destroyed target (targetID=90, eventWatcher=6)
[0402-close] no active tracking assignment matched destroyed target (targetID=91, eventWatcher=5)
[0402-close] no active tracking assignment matched destroyed target (targetID=92, eventWatcher=5)
[0402-close] no active tracking assignment matched destroyed target (targetID=93, eventWatcher=4)
[0402-close] no active tracking assignment matched destroyed target (targetID=94, eventWatcher=5)
[0402-close] no active tracking assignment matched destroyed target (targetID=96, eventWatcher=6)
[0402-close] no active tracking assignment matched destroyed target (targetID=97, eventWatcher=5)
[0402-close] no active tracking assignment matched destroyed target (targetID=77, eventWatcher=4)
[0402-close] no active tracking assignment matched destroyed target (targetID=78, eventWatcher=6)
[0402-close] no active tracking assignment matched destroyed target (targetID=79, eventWatcher=5)
[0402-close] no active tracking assignment matched destroyed target (targetID=80, eventWatcher=5)
[0402-close] no active tracking assignment matched destroyed target (targetID=81, eventWatcher=4)
[0402-close] no active tracking assignment matched destroyed target (targetID=82, eventWatcher=5)
[0402-close] no active tracking assignment matched destroyed target (targetID=83, eventWatcher=5)
[0402-close] no active tracking assignment matched destroyed target (targetID=84, eventWatcher=5)
[0402-close] no active tracking assignment matched destroyed target (targetID=85, eventWatcher=4)
[0402-close] no active tracking assignment matched destroyed target (targetID=86, eventWatcher=4)
[0402-close] no active tracking assignment matched destroyed target (targetID=87, eventWatcher=5)
[0402-close] no active tracking assignment matched destroyed target (targetID=88, eventWatcher=6)
[0402-close] no active tracking assignment matched destroyed target (targetID=89, eventWatcher=5)
[0402-close] no active tracking assignment matched destroyed target (targetID=90, eventWatcher=6)
[0402-close] no active tracking assignment matched destroyed target (targetID=91, eventWatcher=5)
[0402-close] no active tracking assignment matched destroyed target (targetID=92, eventWatcher=5)
[0402-close] no active tracking assignment matched destroyed target (targetID=93, eventWatcher=4)
[0402-close] no active tracking assignment matched destroyed target (targetID=94, eventWatcher=5)
[0402-close] no active tracking assignment matched destroyed target (targetID=96, eventWatcher=6)
[0402-close] no active tracking assignment matched destroyed target (targetID=97, eventWatcher=5)
[0702] ignore=2 -> apply missionPlanID=700000053, source=DSC
[0702] 공격 배제 선택 -> target bundle isIgnored=1 반영 (count=1)
[QUALITY] startup grace armed (missionPlanID=700000053, duration=10.0s)
[RQUEUE] completed #26 표적탐지: 표적98 발견 재계획 (결과 수신, signal=0702, active_ms=25296)
[0402-close] no active tracking assignment matched destroyed target (targetID=77, eventWatcher=4)
[0402-close] no active tracking assignment matched destroyed target (targetID=78, eventWatcher=6)
[0402-close] no active tracking assignment matched destroyed target (targetID=79, eventWatcher=5)
[0402-close] no active tracking assignment matched destroyed target (targetID=80, eventWatcher=5)
[0402-close] no active tracking assignment matched destroyed target (targetID=81, eventWatcher=4)
[0402-close] no active tracking assignment matched destroyed target (targetID=82, eventWatcher=5)
[0402-close] no active tracking assignment matched destroyed target (targetID=83, eventWatcher=5)
[0402-close] no active tracking assignment matched destroyed target (targetID=84, eventWatcher=5)
[0402-close] no active tracking assignment matched destroyed target (targetID=85, eventWatcher=4)
[0402-close] no active tracking assignment matched destroyed target (targetID=86, eventWatcher=4)
[0402-close] no active tracking assignment matched destroyed target (targetID=87, eventWatcher=5)
[0402-close] no active tracking assignment matched destroyed target (targetID=88, eventWatcher=6)
[0402-close] no active tracking assignment matched destroyed target (targetID=89, eventWatcher=5)
[0402-close] no active tracking assignment matched destroyed target (targetID=90, eventWatcher=6)
[0402-close] no active tracking assignment matched destroyed target (targetID=91, eventWatcher=5)
[0402-close] no active tracking assignment matched destroyed target (targetID=92, eventWatcher=5)
[0402-close] no active tracking assignment matched destroyed target (targetID=93, eventWatcher=4)
[0402-close] no active tracking assignment matched destroyed target (targetID=94, eventWatcher=5)
[0402-close] no active tracking assignment matched destroyed target (targetID=96, eventWatcher=6)
[0402-close] no active tracking assignment matched destroyed target (targetID=97, eventWatcher=5)
[0402-close] no active tracking assignment matched destroyed target (targetID=98, eventWatcher=5)
[RealTimeInferrer] Loading/Reloading Mission Plan: C:\Users\TRL98\Desktop\LAH_MUMT\Logs\Scenario_2026-05-21T132543\SBC3\MissionPlan\700000053.json
Updated Mission Context: torch.Size([384])
[0401] path-deviation trigger suppressed: within 3s after 0702 apply (remaining=2602ms)
[0401TRACE] handler slow seq=2348 elapsed=0.309s ts=832653898624 states=6
[0401TRACE] handler slow seq=2349 elapsed=0.304s ts=832653899225 states=6
[0402-close] no active tracking assignment matched destroyed target (targetID=77, eventWatcher=4)
[0402-close] no active tracking assignment matched destroyed target (targetID=78, eventWatcher=6)
[0402-close] no active tracking assignment matched destroyed target (targetID=79, eventWatcher=5)
[0402-close] no active tracking assignment matched destroyed target (targetID=80, eventWatcher=5)
[0402-close] no active tracking assignment matched destroyed target (targetID=81, eventWatcher=4)
[0402-close] no active tracking assignment matched destroyed target (targetID=82, eventWatcher=5)
[0402-close] no active tracking assignment matched destroyed target (targetID=83, eventWatcher=5)
[0402-close] no active tracking assignment matched destroyed target (targetID=84, eventWatcher=5)
[0402-close] no active tracking assignment matched destroyed target (targetID=85, eventWatcher=4)
[0402-close] no active tracking assignment matched destroyed target (targetID=86, eventWatcher=4)
[0402-close] no active tracking assignment matched destroyed target (targetID=87, eventWatcher=5)
[0402-close] no active tracking assignment matched destroyed target (targetID=88, eventWatcher=6)
[0402-close] no active tracking assignment matched destroyed target (targetID=89, eventWatcher=5)
[0402-close] no active tracking assignment matched destroyed target (targetID=90, eventWatcher=6)
[0402-close] no active tracking assignment matched destroyed target (targetID=91, eventWatcher=5)
[0402-close] no active tracking assignment matched destroyed target (targetID=92, eventWatcher=5)
[0402-close] no active tracking assignment matched destroyed target (targetID=93, eventWatcher=4)
[0402-close] no active tracking assignment matched destroyed target (targetID=94, eventWatcher=5)
[0402-close] no active tracking assignment matched destroyed target (targetID=96, eventWatcher=6)
[0402-close] no active tracking assignment matched destroyed target (targetID=97, eventWatcher=5)
[0402-close] no active tracking assignment matched destroyed target (targetID=98, eventWatcher=5)
[0402-close] no active tracking assignment matched destroyed target (targetID=77, eventWatcher=4)
[0402-close] no active tracking assignment matched destroyed target (targetID=78, eventWatcher=6)
[0402-close] no active tracking assignment matched destroyed target (targetID=79, eventWatcher=5)
[0402-close] no active tracking assignment matched destroyed target (targetID=80, eventWatcher=5)
[0402-close] no active tracking assignment matched destroyed target (targetID=81, eventWatcher=4)
[0402-close] no active tracking assignment matched destroyed target (targetID=82, eventWatcher=5)
[0402-close] no active tracking assignment matched destroyed target (targetID=83, eventWatcher=5)
[0402-close] no active tracking assignment matched destroyed target (targetID=84, eventWatcher=5)
[0402-close] no active tracking assignment matched destroyed target (targetID=85, eventWatcher=4)
[0402-close] no active tracking assignment matched destroyed target (targetID=86, eventWatcher=4)
[0402-close] no active tracking assignment matched destroyed target (targetID=87, eventWatcher=5)
[0402-close] no active tracking assignment matched destroyed target (targetID=88, eventWatcher=6)
[0402-close] no active tracking assignment matched destroyed target (targetID=89, eventWatcher=5)
[0402-close] no active tracking assignment matched destroyed target (targetID=90, eventWatcher=6)
[0402-close] no active tracking assignment matched destroyed target (targetID=91, eventWatcher=5)
[0402-close] no active tracking assignment matched destroyed target (targetID=92, eventWatcher=5)
[0402-close] no active tracking assignment matched destroyed target (targetID=93, eventWatcher=4)
[0402-close] no active tracking assignment matched destroyed target (targetID=94, eventWatcher=5)
[0402-close] no active tracking assignment matched destroyed target (targetID=96, eventWatcher=6)
[0402-close] no active tracking assignment matched destroyed target (targetID=97, eventWatcher=5)
[0402-close] no active tracking assignment matched destroyed target (targetID=98, eventWatcher=5)
[0402-close] no active tracking assignment matched destroyed target (targetID=77, eventWatcher=4)
[0402-close] no active tracking assignment matched destroyed target (targetID=78, eventWatcher=6)
[0402-close] no active tracking assignment matched destroyed target (targetID=79, eventWatcher=5)
[0402-close] no active tracking assignment matched destroyed target (targetID=80, eventWatcher=5)
[0402-close] no active tracking assignment matched destroyed target (targetID=81, eventWatcher=4)
[0402-close] no active tracking assignment matched destroyed target (targetID=82, eventWatcher=5)
[0402-close] no active tracking assignment matched destroyed target (targetID=83, eventWatcher=5)
[0402-close] no active tracking assignment matched destroyed target (targetID=84, eventWatcher=5)
[0402-close] no active tracking assignment matched destroyed target (targetID=85, eventWatcher=4)
[0402-close] no active tracking assignment matched destroyed target (targetID=86, eventWatcher=4)
[0402-close] no active tracking assignment matched destroyed target (targetID=87, eventWatcher=5)
[0402-close] no active tracking assignment matched destroyed target (targetID=88, eventWatcher=6)
[0402-close] no active tracking assignment matched destroyed target (targetID=89, eventWatcher=5)
[0402-close] no active tracking assignment matched destroyed target (targetID=90, eventWatcher=6)
[0402-close] no active tracking assignment matched destroyed target (targetID=91, eventWatcher=5)
[0402-close] no active tracking assignment matched destroyed target (targetID=92, eventWatcher=5)
[0402-close] no active tracking assignment matched destroyed target (targetID=93, eventWatcher=4)
[0402-close] no active tracking assignment matched destroyed target (targetID=94, eventWatcher=5)
[0402-close] no active tracking assignment matched destroyed target (targetID=96, eventWatcher=6)
[0402-close] no active tracking assignment matched destroyed target (targetID=97, eventWatcher=5)
[0402-close] no active tracking assignment matched destroyed target (targetID=98, eventWatcher=5)
[0402-close] no active tracking assignment matched destroyed target (targetID=77, eventWatcher=4)
[0402-close] no active tracking assignment matched destroyed target (targetID=78, eventWatcher=6)
[0402-close] no active tracking assignment matched destroyed target (targetID=79, eventWatcher=5)
[0402-close] no active tracking assignment matched destroyed target (targetID=80, eventWatcher=5)
[0402-close] no active tracking assignment matched destroyed target (targetID=81, eventWatcher=4)
[0402-close] no active tracking assignment matched destroyed target (targetID=82, eventWatcher=5)
[0402-close] no active tracking assignment matched destroyed target (targetID=83, eventWatcher=5)
[0402-close] no active tracking assignment matched destroyed target (targetID=84, eventWatcher=5)
[0402-close] no active tracking assignment matched destroyed target (targetID=85, eventWatcher=4)
[0402-close] no active tracking assignment matched destroyed target (targetID=86, eventWatcher=4)
[0402-close] no active tracking assignment matched destroyed target (targetID=87, eventWatcher=5)
[0402-close] no active tracking assignment matched destroyed target (targetID=88, eventWatcher=6)
[0402-close] no active tracking assignment matched destroyed target (targetID=89, eventWatcher=5)
[0402-close] no active tracking assignment matched destroyed target (targetID=90, eventWatcher=6)
[0402-close] no active tracking assignment matched destroyed target (targetID=91, eventWatcher=5)
[0402-close] no active tracking assignment matched destroyed target (targetID=92, eventWatcher=5)
[0402-close] no active tracking assignment matched destroyed target (targetID=93, eventWatcher=4)
[0402-close] no active tracking assignment matched destroyed target (targetID=94, eventWatcher=5)
[0402-close] no active tracking assignment matched destroyed target (targetID=96, eventWatcher=6)
[0402-close] no active tracking assignment matched destroyed target (targetID=97, eventWatcher=5)
[0402-close] no active tracking assignment matched destroyed target (targetID=98, eventWatcher=5)
[0402-close] no active tracking assignment matched destroyed target (targetID=77, eventWatcher=4)
[0402-close] no active tracking assignment matched destroyed target (targetID=78, eventWatcher=6)
[0402-close] no active tracking assignment matched destroyed target (targetID=79, eventWatcher=5)
[0402-close] no active tracking assignment matched destroyed target (targetID=80, eventWatcher=5)
[0402-close] no active tracking assignment matched destroyed target (targetID=81, eventWatcher=4)
[0402-close] no active tracking assignment matched destroyed target (targetID=82, eventWatcher=5)
[0402-close] no active tracking assignment matched destroyed target (targetID=83, eventWatcher=5)
[0402-close] no active tracking assignment matched destroyed target (targetID=84, eventWatcher=5)
[0402-close] no active tracking assignment matched destroyed target (targetID=85, eventWatcher=4)
[0402-close] no active tracking assignment matched destroyed target (targetID=86, eventWatcher=4)
[0402-close] no active tracking assignment matched destroyed target (targetID=87, eventWatcher=5)
[0402-close] no active tracking assignment matched destroyed target (targetID=88, eventWatcher=6)
[0402-close] no active tracking assignment matched destroyed target (targetID=89, eventWatcher=5)
[0402-close] no active tracking assignment matched destroyed target (targetID=90, eventWatcher=6)
[0402-close] no active tracking assignment matched destroyed target (targetID=91, eventWatcher=5)
[0402-close] no active tracking assignment matched destroyed target (targetID=92, eventWatcher=5)
[0402-close] no active tracking assignment matched destroyed target (targetID=93, eventWatcher=4)
[0402-close] no active tracking assignment matched destroyed target (targetID=94, eventWatcher=5)
[0402-close] no active tracking assignment matched destroyed target (targetID=96, eventWatcher=6)
[0402-close] no active tracking assignment matched destroyed target (targetID=97, eventWatcher=5)
[0402-close] no active tracking assignment matched destroyed target (targetID=98, eventWatcher=5)
[0401TRACE] handler slow seq=2448 elapsed=0.311s ts=832653932432 states=6
[0402-close] no active tracking assignment matched destroyed target (targetID=77, eventWatcher=4)
[0402-close] no active tracking assignment matched destroyed target (targetID=78, eventWatcher=6)
[0402-close] no active tracking assignment matched destroyed target (targetID=79, eventWatcher=5)
[0402-close] no active tracking assignment matched destroyed target (targetID=80, eventWatcher=5)
[0402-close] no active tracking assignment matched destroyed target (targetID=81, eventWatcher=4)
[0402-close] no active tracking assignment matched destroyed target (targetID=82, eventWatcher=5)
[0402-close] no active tracking assignment matched destroyed target (targetID=83, eventWatcher=5)
[0402-close] no active tracking assignment matched destroyed target (targetID=84, eventWatcher=5)
[0402-close] no active tracking assignment matched destroyed target (targetID=85, eventWatcher=4)
[0402-close] no active tracking assignment matched destroyed target (targetID=86, eventWatcher=4)
[0402-close] no active tracking assignment matched destroyed target (targetID=87, eventWatcher=5)
[0402-close] no active tracking assignment matched destroyed target (targetID=88, eventWatcher=6)
[0402-close] no active tracking assignment matched destroyed target (targetID=89, eventWatcher=5)
[0402-close] no active tracking assignment matched destroyed target (targetID=90, eventWatcher=6)
[0402-close] no active tracking assignment matched destroyed target (targetID=91, eventWatcher=5)
[0402-close] no active tracking assignment matched destroyed target (targetID=92, eventWatcher=5)
[0402-close] no active tracking assignment matched destroyed target (targetID=93, eventWatcher=4)
[0402-close] no active tracking assignment matched destroyed target (targetID=94, eventWatcher=5)
[0402-close] no active tracking assignment matched destroyed target (targetID=96, eventWatcher=6)
[0402-close] no active tracking assignment matched destroyed target (targetID=97, eventWatcher=5)
[0402-close] no active tracking assignment matched destroyed target (targetID=98, eventWatcher=5)
[0402-close] no active tracking assignment matched destroyed target (targetID=77, eventWatcher=4)
[0402-close] no active tracking assignment matched destroyed target (targetID=78, eventWatcher=6)
[0402-close] no active tracking assignment matched destroyed target (targetID=79, eventWatcher=5)
[0402-close] no active tracking assignment matched destroyed target (targetID=80, eventWatcher=5)
[0402-close] no active tracking assignment matched destroyed target (targetID=81, eventWatcher=4)
[0402-close] no active tracking assignment matched destroyed target (targetID=82, eventWatcher=5)
[0402-close] no active tracking assignment matched destroyed target (targetID=83, eventWatcher=5)
[0402-close] no active tracking assignment matched destroyed target (targetID=84, eventWatcher=5)
[0402-close] no active tracking assignment matched destroyed target (targetID=85, eventWatcher=4)
[0402-close] no active tracking assignment matched destroyed target (targetID=86, eventWatcher=4)
[0402-close] no active tracking assignment matched destroyed target (targetID=87, eventWatcher=5)
[0402-close] no active tracking assignment matched destroyed target (targetID=88, eventWatcher=6)
[0402-close] no active tracking assignment matched destroyed target (targetID=89, eventWatcher=5)
[0402-close] no active tracking assignment matched destroyed target (targetID=90, eventWatcher=6)
[0402-close] no active tracking assignment matched destroyed target (targetID=91, eventWatcher=5)
[0402-close] no active tracking assignment matched destroyed target (targetID=92, eventWatcher=5)
[0402-close] no active tracking assignment matched destroyed target (targetID=93, eventWatcher=4)
[0402-close] no active tracking assignment matched destroyed target (targetID=94, eventWatcher=5)
[0402-close] no active tracking assignment matched destroyed target (targetID=96, eventWatcher=6)
[0402-close] no active tracking assignment matched destroyed target (targetID=97, eventWatcher=5)
[0402-close] no active tracking assignment matched destroyed target (targetID=98, eventWatcher=5)
[0402] new detections: 1
[0402] bundled target replan prepared: key=99-5, primaryTargetID=99, targets=[99]
[RQUEUE] queued #27 표적탐지: 표적99 발견 재계획
[0402-close] no active tracking assignment matched destroyed target (targetID=77, eventWatcher=4)
[0402-close] no active tracking assignment matched destroyed target (targetID=78, eventWatcher=6)
[0402-close] no active tracking assignment matched destroyed target (targetID=79, eventWatcher=5)
[0402-close] no active tracking assignment matched destroyed target (targetID=80, eventWatcher=5)
[0402-close] no active tracking assignment matched destroyed target (targetID=81, eventWatcher=4)
[0402-close] no active tracking assignment matched destroyed target (targetID=82, eventWatcher=5)
[0402-close] no active tracking assignment matched destroyed target (targetID=83, eventWatcher=5)
[0402-close] no active tracking assignment matched destroyed target (targetID=84, eventWatcher=5)
[0402-close] no active tracking assignment matched destroyed target (targetID=85, eventWatcher=4)
[0402-close] no active tracking assignment matched destroyed target (targetID=86, eventWatcher=4)
[0402-close] no active tracking assignment matched destroyed target (targetID=87, eventWatcher=5)
[0402-close] no active tracking assignment matched destroyed target (targetID=88, eventWatcher=6)
[0402-close] no active tracking assignment matched destroyed target (targetID=89, eventWatcher=5)
[0402-close] no active tracking assignment matched destroyed target (targetID=90, eventWatcher=6)
[0402-close] no active tracking assignment matched destroyed target (targetID=91, eventWatcher=5)
[0402-close] no active tracking assignment matched destroyed target (targetID=92, eventWatcher=5)
[0402-close] no active tracking assignment matched destroyed target (targetID=93, eventWatcher=4)
[0402-close] no active tracking assignment matched destroyed target (targetID=94, eventWatcher=5)
[0402-close] no active tracking assignment matched destroyed target (targetID=96, eventWatcher=6)
[0402-close] no active tracking assignment matched destroyed target (targetID=97, eventWatcher=5)
[0402-close] no active tracking assignment matched destroyed target (targetID=98, eventWatcher=5)
[RQUEUE] dispatching #27 표적탐지: 표적99 발견 재계획
[0902] replan request sent (level=2, reason=표적99 발견 재계획, planIds=700000054, 700000055)
[RQUEUE] active #27 표적탐지: 표적99 발견 재계획
[RQUEUE] bundle targets marked used: count=1
[RQUEUE] signal 0305 -> #27 재계획 수행중
[0402-close] no active tracking assignment matched destroyed target (targetID=77, eventWatcher=4)
[0402-close] no active tracking assignment matched destroyed target (targetID=78, eventWatcher=6)
[0402-close] no active tracking assignment matched destroyed target (targetID=79, eventWatcher=5)
[0402-close] no active tracking assignment matched destroyed target (targetID=80, eventWatcher=5)
[0402-close] no active tracking assignment matched destroyed target (targetID=81, eventWatcher=4)
[0402-close] no active tracking assignment matched destroyed target (targetID=82, eventWatcher=5)
[0402-close] no active tracking assignment matched destroyed target (targetID=83, eventWatcher=5)
[0402-close] no active tracking assignment matched destroyed target (targetID=84, eventWatcher=5)
[0402-close] no active tracking assignment matched destroyed target (targetID=85, eventWatcher=4)
[0402-close] no active tracking assignment matched destroyed target (targetID=86, eventWatcher=4)
[0402-close] no active tracking assignment matched destroyed target (targetID=87, eventWatcher=5)
[0402-close] no active tracking assignment matched destroyed target (targetID=88, eventWatcher=6)
[0402-close] no active tracking assignment matched destroyed target (targetID=89, eventWatcher=5)
[0402-close] no active tracking assignment matched destroyed target (targetID=90, eventWatcher=6)
[0402-close] no active tracking assignment matched destroyed target (targetID=91, eventWatcher=5)
[0402-close] no active tracking assignment matched destroyed target (targetID=92, eventWatcher=5)
[0402-close] no active tracking assignment matched destroyed target (targetID=93, eventWatcher=4)
[0402-close] no active tracking assignment matched destroyed target (targetID=94, eventWatcher=5)
[0402-close] no active tracking assignment matched destroyed target (targetID=96, eventWatcher=6)
[0402-close] no active tracking assignment matched destroyed target (targetID=97, eventWatcher=5)
[0402-close] no active tracking assignment matched destroyed target (targetID=98, eventWatcher=5)
[0402-close] no active tracking assignment matched destroyed target (targetID=77, eventWatcher=4)
[0402-close] no active tracking assignment matched destroyed target (targetID=78, eventWatcher=6)
[0402-close] no active tracking assignment matched destroyed target (targetID=79, eventWatcher=5)
[0402-close] no active tracking assignment matched destroyed target (targetID=80, eventWatcher=5)
[0402-close] no active tracking assignment matched destroyed target (targetID=81, eventWatcher=4)
[0402-close] no active tracking assignment matched destroyed target (targetID=82, eventWatcher=5)
[0402-close] no active tracking assignment matched destroyed target (targetID=83, eventWatcher=5)
[0402-close] no active tracking assignment matched destroyed target (targetID=84, eventWatcher=5)
[0402-close] no active tracking assignment matched destroyed target (targetID=85, eventWatcher=4)
[0402-close] no active tracking assignment matched destroyed target (targetID=86, eventWatcher=4)
[0402-close] no active tracking assignment matched destroyed target (targetID=87, eventWatcher=5)
[0402-close] no active tracking assignment matched destroyed target (targetID=88, eventWatcher=6)
[0402-close] no active tracking assignment matched destroyed target (targetID=89, eventWatcher=5)
[0402-close] no active tracking assignment matched destroyed target (targetID=90, eventWatcher=6)
[0402-close] no active tracking assignment matched destroyed target (targetID=91, eventWatcher=5)
[0402-close] no active tracking assignment matched destroyed target (targetID=92, eventWatcher=5)
[0402-close] no active tracking assignment matched destroyed target (targetID=93, eventWatcher=4)
[0402-close] no active tracking assignment matched destroyed target (targetID=94, eventWatcher=5)
[0402-close] no active tracking assignment matched destroyed target (targetID=96, eventWatcher=6)
[0402-close] no active tracking assignment matched destroyed target (targetID=97, eventWatcher=5)
[0402-close] no active tracking assignment matched destroyed target (targetID=98, eventWatcher=5)
[0401TRACE] handler slow seq=2470 elapsed=0.344s ts=832653940614 states=6
[0402-close] no active tracking assignment matched destroyed target (targetID=77, eventWatcher=4)
[0402-close] no active tracking assignment matched destroyed target (targetID=78, eventWatcher=6)
[0402-close] no active tracking assignment matched destroyed target (targetID=79, eventWatcher=5)
[0402-close] no active tracking assignment matched destroyed target (targetID=80, eventWatcher=5)
[0402-close] no active tracking assignment matched destroyed target (targetID=81, eventWatcher=4)
[0402-close] no active tracking assignment matched destroyed target (targetID=82, eventWatcher=5)
[0402-close] no active tracking assignment matched destroyed target (targetID=83, eventWatcher=5)
[0402-close] no active tracking assignment matched destroyed target (targetID=84, eventWatcher=5)
[0402-close] no active tracking assignment matched destroyed target (targetID=85, eventWatcher=4)
[0402-close] no active tracking assignment matched destroyed target (targetID=86, eventWatcher=4)
[0402-close] no active tracking assignment matched destroyed target (targetID=87, eventWatcher=5)
[0402-close] no active tracking assignment matched destroyed target (targetID=88, eventWatcher=6)
[0402-close] no active tracking assignment matched destroyed target (targetID=89, eventWatcher=5)
[0402-close] no active tracking assignment matched destroyed target (targetID=90, eventWatcher=6)
[0402-close] no active tracking assignment matched destroyed target (targetID=91, eventWatcher=5)
[0402-close] no active tracking assignment matched destroyed target (targetID=92, eventWatcher=5)
[0402-close] no active tracking assignment matched destroyed target (targetID=93, eventWatcher=4)
[0402-close] no active tracking assignment matched destroyed target (targetID=94, eventWatcher=5)
[0402-close] no active tracking assignment matched destroyed target (targetID=96, eventWatcher=6)
[0402-close] no active tracking assignment matched destroyed target (targetID=97, eventWatcher=5)
[0402-close] no active tracking assignment matched destroyed target (targetID=98, eventWatcher=5)
[0402-close] no active tracking assignment matched destroyed target (targetID=77, eventWatcher=4)
[0402-close] no active tracking assignment matched destroyed target (targetID=78, eventWatcher=6)
[0402-close] no active tracking assignment matched destroyed target (targetID=79, eventWatcher=5)
[0402-close] no active tracking assignment matched destroyed target (targetID=80, eventWatcher=5)
[0402-close] no active tracking assignment matched destroyed target (targetID=81, eventWatcher=4)
[0402-close] no active tracking assignment matched destroyed target (targetID=82, eventWatcher=5)
[0402-close] no active tracking assignment matched destroyed target (targetID=83, eventWatcher=5)
[0402-close] no active tracking assignment matched destroyed target (targetID=84, eventWatcher=5)
[0402-close] no active tracking assignment matched destroyed target (targetID=85, eventWatcher=4)
[0402-close] no active tracking assignment matched destroyed target (targetID=86, eventWatcher=4)
[0402-close] no active tracking assignment matched destroyed target (targetID=87, eventWatcher=5)
[0402-close] no active tracking assignment matched destroyed target (targetID=88, eventWatcher=6)
[0402-close] no active tracking assignment matched destroyed target (targetID=89, eventWatcher=5)
[0402-close] no active tracking assignment matched destroyed target (targetID=90, eventWatcher=6)
[0402-close] no active tracking assignment matched destroyed target (targetID=91, eventWatcher=5)
[0402-close] no active tracking assignment matched destroyed target (targetID=92, eventWatcher=5)
[0402-close] no active tracking assignment matched destroyed target (targetID=93, eventWatcher=4)
[0402-close] no active tracking assignment matched destroyed target (targetID=94, eventWatcher=5)
[0402-close] no active tracking assignment matched destroyed target (targetID=96, eventWatcher=6)
[0402-close] no active tracking assignment matched destroyed target (targetID=97, eventWatcher=5)
[0402-close] no active tracking assignment matched destroyed target (targetID=98, eventWatcher=5)
[0402-close] no active tracking assignment matched destroyed target (targetID=77, eventWatcher=4)
[0402-close] no active tracking assignment matched destroyed target (targetID=78, eventWatcher=6)
[0402-close] no active tracking assignment matched destroyed target (targetID=79, eventWatcher=5)
[0402-close] no active tracking assignment matched destroyed target (targetID=80, eventWatcher=5)
[0402-close] no active tracking assignment matched destroyed target (targetID=81, eventWatcher=4)
[0402-close] no active tracking assignment matched destroyed target (targetID=82, eventWatcher=5)
[0402-close] no active tracking assignment matched destroyed target (targetID=83, eventWatcher=5)
[0402-close] no active tracking assignment matched destroyed target (targetID=84, eventWatcher=5)
[0402-close] no active tracking assignment matched destroyed target (targetID=85, eventWatcher=4)
[0402-close] no active tracking assignment matched destroyed target (targetID=86, eventWatcher=4)
[0402-close] no active tracking assignment matched destroyed target (targetID=87, eventWatcher=5)
[0402-close] no active tracking assignment matched destroyed target (targetID=88, eventWatcher=6)
[0402-close] no active tracking assignment matched destroyed target (targetID=89, eventWatcher=5)
[0402-close] no active tracking assignment matched destroyed target (targetID=90, eventWatcher=6)
[0402-close] no active tracking assignment matched destroyed target (targetID=91, eventWatcher=5)
[0402-close] no active tracking assignment matched destroyed target (targetID=92, eventWatcher=5)
[0402-close] no active tracking assignment matched destroyed target (targetID=93, eventWatcher=4)
[0402-close] no active tracking assignment matched destroyed target (targetID=94, eventWatcher=5)
[0402-close] no active tracking assignment matched destroyed target (targetID=96, eventWatcher=6)
[0402-close] no active tracking assignment matched destroyed target (targetID=97, eventWatcher=5)
[0402-close] no active tracking assignment matched destroyed target (targetID=98, eventWatcher=5)
[0402-close] no active tracking assignment matched destroyed target (targetID=77, eventWatcher=4)
[0402-close] no active tracking assignment matched destroyed target (targetID=78, eventWatcher=6)
[0402-close] no active tracking assignment matched destroyed target (targetID=79, eventWatcher=5)
[0402-close] no active tracking assignment matched destroyed target (targetID=80, eventWatcher=5)
[0402-close] no active tracking assignment matched destroyed target (targetID=81, eventWatcher=4)
[0402-close] no active tracking assignment matched destroyed target (targetID=82, eventWatcher=5)
[0402-close] no active tracking assignment matched destroyed target (targetID=83, eventWatcher=5)
[0402-close] no active tracking assignment matched destroyed target (targetID=84, eventWatcher=5)
[0402-close] no active tracking assignment matched destroyed target (targetID=85, eventWatcher=4)
[0402-close] no active tracking assignment matched destroyed target (targetID=86, eventWatcher=4)
[0402-close] no active tracking assignment matched destroyed target (targetID=87, eventWatcher=5)
[0402-close] no active tracking assignment matched destroyed target (targetID=88, eventWatcher=6)
[0402-close] no active tracking assignment matched destroyed target (targetID=89, eventWatcher=5)
[0402-close] no active tracking assignment matched destroyed target (targetID=90, eventWatcher=6)
[0402-close] no active tracking assignment matched destroyed target (targetID=91, eventWatcher=5)
[0402-close] no active tracking assignment matched destroyed target (targetID=92, eventWatcher=5)
[0402-close] no active tracking assignment matched destroyed target (targetID=93, eventWatcher=4)
[0402-close] no active tracking assignment matched destroyed target (targetID=94, eventWatcher=5)
[0402-close] no active tracking assignment matched destroyed target (targetID=96, eventWatcher=6)
[0402-close] no active tracking assignment matched destroyed target (targetID=97, eventWatcher=5)
[0402-close] no active tracking assignment matched destroyed target (targetID=98, eventWatcher=5)
[0402-close] no active tracking assignment matched destroyed target (targetID=77, eventWatcher=4)
[0402-close] no active tracking assignment matched destroyed target (targetID=78, eventWatcher=6)
[0402-close] no active tracking assignment matched destroyed target (targetID=79, eventWatcher=5)
[0402-close] no active tracking assignment matched destroyed target (targetID=80, eventWatcher=5)
[0402-close] no active tracking assignment matched destroyed target (targetID=81, eventWatcher=4)
[0402-close] no active tracking assignment matched destroyed target (targetID=82, eventWatcher=5)
[0402-close] no active tracking assignment matched destroyed target (targetID=83, eventWatcher=5)
[0402-close] no active tracking assignment matched destroyed target (targetID=84, eventWatcher=5)
[0402-close] no active tracking assignment matched destroyed target (targetID=85, eventWatcher=4)
[0402-close] no active tracking assignment matched destroyed target (targetID=86, eventWatcher=4)
[0402-close] no active tracking assignment matched destroyed target (targetID=87, eventWatcher=5)
[0402-close] no active tracking assignment matched destroyed target (targetID=88, eventWatcher=6)
[0402-close] no active tracking assignment matched destroyed target (targetID=89, eventWatcher=5)
[0402-close] no active tracking assignment matched destroyed target (targetID=90, eventWatcher=6)
[0402-close] no active tracking assignment matched destroyed target (targetID=91, eventWatcher=5)
[0402-close] no active tracking assignment matched destroyed target (targetID=92, eventWatcher=5)
[0402-close] no active tracking assignment matched destroyed target (targetID=93, eventWatcher=4)
[0402-close] no active tracking assignment matched destroyed target (targetID=94, eventWatcher=5)
[0402-close] no active tracking assignment matched destroyed target (targetID=96, eventWatcher=6)
[0402-close] no active tracking assignment matched destroyed target (targetID=97, eventWatcher=5)
[0402-close] no active tracking assignment matched destroyed target (targetID=98, eventWatcher=5)
[0402] new detections: 1
[0402] accumulated attack bundle prepared: count=2, targets=[99, 100]
[0402] bundled target replan prepared: key=100-4, primaryTargetID=100, targets=[99, 100]
[RQUEUE] queued #28 표적탐지: 표적100 등 2개 발견
[RQUEUE] suppress_options set on active #27 (targetID=99): 추가 표적 감지로 옵션 생략 예정
[0401TRACE] handler slow seq=2479 elapsed=0.317s ts=832653945016 states=6
[0402-close] no active tracking assignment matched destroyed target (targetID=77, eventWatcher=4)
[0402-close] no active tracking assignment matched destroyed target (targetID=78, eventWatcher=6)
[0402-close] no active tracking assignment matched destroyed target (targetID=79, eventWatcher=5)
[0402-close] no active tracking assignment matched destroyed target (targetID=80, eventWatcher=5)
[0402-close] no active tracking assignment matched destroyed target (targetID=81, eventWatcher=4)
[0402-close] no active tracking assignment matched destroyed target (targetID=82, eventWatcher=5)
[0402-close] no active tracking assignment matched destroyed target (targetID=83, eventWatcher=5)
[0402-close] no active tracking assignment matched destroyed target (targetID=84, eventWatcher=5)
[0402-close] no active tracking assignment matched destroyed target (targetID=85, eventWatcher=4)
[0402-close] no active tracking assignment matched destroyed target (targetID=86, eventWatcher=4)
[0402-close] no active tracking assignment matched destroyed target (targetID=87, eventWatcher=5)
[0402-close] no active tracking assignment matched destroyed target (targetID=88, eventWatcher=6)
[0402-close] no active tracking assignment matched destroyed target (targetID=89, eventWatcher=5)
[0402-close] no active tracking assignment matched destroyed target (targetID=90, eventWatcher=6)
[0402-close] no active tracking assignment matched destroyed target (targetID=91, eventWatcher=5)
[0402-close] no active tracking assignment matched destroyed target (targetID=92, eventWatcher=5)
[0402-close] no active tracking assignment matched destroyed target (targetID=93, eventWatcher=4)
[0402-close] no active tracking assignment matched destroyed target (targetID=94, eventWatcher=5)
[0402-close] no active tracking assignment matched destroyed target (targetID=96, eventWatcher=6)
[0402-close] no active tracking assignment matched destroyed target (targetID=97, eventWatcher=5)
[0402-close] no active tracking assignment matched destroyed target (targetID=98, eventWatcher=5)
[0402-close] no active tracking assignment matched destroyed target (targetID=77, eventWatcher=4)
[0402-close] no active tracking assignment matched destroyed target (targetID=78, eventWatcher=6)
[0402-close] no active tracking assignment matched destroyed target (targetID=79, eventWatcher=5)
[0402-close] no active tracking assignment matched destroyed target (targetID=80, eventWatcher=5)
[0402-close] no active tracking assignment matched destroyed target (targetID=81, eventWatcher=4)
[0402-close] no active tracking assignment matched destroyed target (targetID=82, eventWatcher=5)
[0402-close] no active tracking assignment matched destroyed target (targetID=83, eventWatcher=5)
[0402-close] no active tracking assignment matched destroyed target (targetID=84, eventWatcher=5)
[0402-close] no active tracking assignment matched destroyed target (targetID=85, eventWatcher=4)
[0402-close] no active tracking assignment matched destroyed target (targetID=86, eventWatcher=4)
[0402-close] no active tracking assignment matched destroyed target (targetID=87, eventWatcher=5)
[0402-close] no active tracking assignment matched destroyed target (targetID=88, eventWatcher=6)
[0402-close] no active tracking assignment matched destroyed target (targetID=89, eventWatcher=5)
[0402-close] no active tracking assignment matched destroyed target (targetID=90, eventWatcher=6)
[0402-close] no active tracking assignment matched destroyed target (targetID=91, eventWatcher=5)
[0402-close] no active tracking assignment matched destroyed target (targetID=92, eventWatcher=5)
[0402-close] no active tracking assignment matched destroyed target (targetID=93, eventWatcher=4)
[0402-close] no active tracking assignment matched destroyed target (targetID=94, eventWatcher=5)
[0402-close] no active tracking assignment matched destroyed target (targetID=96, eventWatcher=6)
[0402-close] no active tracking assignment matched destroyed target (targetID=97, eventWatcher=5)
[0402-close] no active tracking assignment matched destroyed target (targetID=98, eventWatcher=5)
[0401TRACE] handler slow seq=2482 elapsed=0.317s ts=832653946419 states=6
[0402-close] no active tracking assignment matched destroyed target (targetID=77, eventWatcher=4)
[0402-close] no active tracking assignment matched destroyed target (targetID=78, eventWatcher=6)
[0402-close] no active tracking assignment matched destroyed target (targetID=79, eventWatcher=5)
[0402-close] no active tracking assignment matched destroyed target (targetID=80, eventWatcher=5)
[0402-close] no active tracking assignment matched destroyed target (targetID=81, eventWatcher=4)
[0402-close] no active tracking assignment matched destroyed target (targetID=82, eventWatcher=5)
[0402-close] no active tracking assignment matched destroyed target (targetID=83, eventWatcher=5)
[0402-close] no active tracking assignment matched destroyed target (targetID=84, eventWatcher=5)
[0402-close] no active tracking assignment matched destroyed target (targetID=85, eventWatcher=4)
[0402-close] no active tracking assignment matched destroyed target (targetID=86, eventWatcher=4)
[0402-close] no active tracking assignment matched destroyed target (targetID=87, eventWatcher=5)
[0402-close] no active tracking assignment matched destroyed target (targetID=88, eventWatcher=6)
[0402-close] no active tracking assignment matched destroyed target (targetID=89, eventWatcher=5)
[0402-close] no active tracking assignment matched destroyed target (targetID=90, eventWatcher=6)
[0402-close] no active tracking assignment matched destroyed target (targetID=91, eventWatcher=5)
[0402-close] no active tracking assignment matched destroyed target (targetID=92, eventWatcher=5)
[0402-close] no active tracking assignment matched destroyed target (targetID=93, eventWatcher=4)
[0402-close] no active tracking assignment matched destroyed target (targetID=94, eventWatcher=5)
[0402-close] no active tracking assignment matched destroyed target (targetID=96, eventWatcher=6)
[0402-close] no active tracking assignment matched destroyed target (targetID=97, eventWatcher=5)
[0402-close] no active tracking assignment matched destroyed target (targetID=98, eventWatcher=5)
[0401TRACE] handler slow seq=2486 elapsed=0.305s ts=832653948216 states=6
[0402-close] no active tracking assignment matched destroyed target (targetID=77, eventWatcher=4)
[0402-close] no active tracking assignment matched destroyed target (targetID=78, eventWatcher=6)
[0402-close] no active tracking assignment matched destroyed target (targetID=79, eventWatcher=5)
[0402-close] no active tracking assignment matched destroyed target (targetID=80, eventWatcher=5)
[0402-close] no active tracking assignment matched destroyed target (targetID=81, eventWatcher=4)
[0402-close] no active tracking assignment matched destroyed target (targetID=82, eventWatcher=5)
[0402-close] no active tracking assignment matched destroyed target (targetID=83, eventWatcher=5)
[0402-close] no active tracking assignment matched destroyed target (targetID=84, eventWatcher=5)
[0402-close] no active tracking assignment matched destroyed target (targetID=85, eventWatcher=4)
[0402-close] no active tracking assignment matched destroyed target (targetID=86, eventWatcher=4)
[0402-close] no active tracking assignment matched destroyed target (targetID=87, eventWatcher=5)
[0402-close] no active tracking assignment matched destroyed target (targetID=88, eventWatcher=6)
[0402-close] no active tracking assignment matched destroyed target (targetID=89, eventWatcher=5)
[0402-close] no active tracking assignment matched destroyed target (targetID=90, eventWatcher=6)
[0402-close] no active tracking assignment matched destroyed target (targetID=91, eventWatcher=5)
[0402-close] no active tracking assignment matched destroyed target (targetID=92, eventWatcher=5)
[0402-close] no active tracking assignment matched destroyed target (targetID=93, eventWatcher=4)
[0402-close] no active tracking assignment matched destroyed target (targetID=94, eventWatcher=5)
[0402-close] no active tracking assignment matched destroyed target (targetID=96, eventWatcher=6)
[0402-close] no active tracking assignment matched destroyed target (targetID=97, eventWatcher=5)
[0402-close] no active tracking assignment matched destroyed target (targetID=98, eventWatcher=5)
[0402-close] no active tracking assignment matched destroyed target (targetID=77, eventWatcher=4)
[0402-close] no active tracking assignment matched destroyed target (targetID=78, eventWatcher=6)
[0402-close] no active tracking assignment matched destroyed target (targetID=79, eventWatcher=5)
[0402-close] no active tracking assignment matched destroyed target (targetID=80, eventWatcher=5)
[0402-close] no active tracking assignment matched destroyed target (targetID=81, eventWatcher=4)
[0402-close] no active tracking assignment matched destroyed target (targetID=82, eventWatcher=5)
[0402-close] no active tracking assignment matched destroyed target (targetID=83, eventWatcher=5)
[0402-close] no active tracking assignment matched destroyed target (targetID=84, eventWatcher=5)
[0402-close] no active tracking assignment matched destroyed target (targetID=85, eventWatcher=4)
[0402-close] no active tracking assignment matched destroyed target (targetID=86, eventWatcher=4)
[0402-close] no active tracking assignment matched destroyed target (targetID=87, eventWatcher=5)
[0402-close] no active tracking assignment matched destroyed target (targetID=88, eventWatcher=6)
[0402-close] no active tracking assignment matched destroyed target (targetID=89, eventWatcher=5)
[0402-close] no active tracking assignment matched destroyed target (targetID=90, eventWatcher=6)
[0402-close] no active tracking assignment matched destroyed target (targetID=91, eventWatcher=5)
[0402-close] no active tracking assignment matched destroyed target (targetID=92, eventWatcher=5)
[0402-close] no active tracking assignment matched destroyed target (targetID=93, eventWatcher=4)
[0402-close] no active tracking assignment matched destroyed target (targetID=94, eventWatcher=5)
[0402-close] no active tracking assignment matched destroyed target (targetID=96, eventWatcher=6)
[0402-close] no active tracking assignment matched destroyed target (targetID=97, eventWatcher=5)
[0402-close] no active tracking assignment matched destroyed target (targetID=98, eventWatcher=5)
[0401TRACE] handler slow seq=2489 elapsed=0.301s ts=832653949660 states=6
[0402-close] no active tracking assignment matched destroyed target (targetID=77, eventWatcher=4)
[0402-close] no active tracking assignment matched destroyed target (targetID=78, eventWatcher=6)
[0402-close] no active tracking assignment matched destroyed target (targetID=79, eventWatcher=5)
[0402-close] no active tracking assignment matched destroyed target (targetID=80, eventWatcher=5)
[0402-close] no active tracking assignment matched destroyed target (targetID=81, eventWatcher=4)
[0402-close] no active tracking assignment matched destroyed target (targetID=82, eventWatcher=5)
[0402-close] no active tracking assignment matched destroyed target (targetID=83, eventWatcher=5)
[0402-close] no active tracking assignment matched destroyed target (targetID=84, eventWatcher=5)
[0402-close] no active tracking assignment matched destroyed target (targetID=85, eventWatcher=4)
[0402-close] no active tracking assignment matched destroyed target (targetID=86, eventWatcher=4)
[0402-close] no active tracking assignment matched destroyed target (targetID=87, eventWatcher=5)
[0402-close] no active tracking assignment matched destroyed target (targetID=88, eventWatcher=6)
[0402-close] no active tracking assignment matched destroyed target (targetID=89, eventWatcher=5)
[0402-close] no active tracking assignment matched destroyed target (targetID=90, eventWatcher=6)
[0402-close] no active tracking assignment matched destroyed target (targetID=91, eventWatcher=5)
[0402-close] no active tracking assignment matched destroyed target (targetID=92, eventWatcher=5)
[0402-close] no active tracking assignment matched destroyed target (targetID=93, eventWatcher=4)
[0402-close] no active tracking assignment matched destroyed target (targetID=94, eventWatcher=5)
[0402-close] no active tracking assignment matched destroyed target (targetID=96, eventWatcher=6)
[0402-close] no active tracking assignment matched destroyed target (targetID=97, eventWatcher=5)
[0402-close] no active tracking assignment matched destroyed target (targetID=98, eventWatcher=5)
[RQUEUE] completed #27 표적탐지: 표적99 발견 재계획 (옵션 생략(표적 추가), signal=0001, active_ms=12374)
[RQUEUE] dispatching #28 표적탐지: 표적100 등 2개 발견
[RQUEUE] pending attack slot assignment cleared for suppressed planIDs=700000054
[0902] replan request sent (level=2, reason=표적100 등 2개 발견, planIds=700000056, 700000057)
[RQUEUE] active #28 표적탐지: 표적100 등 2개 발견
[RQUEUE] bundle targets marked used: count=2
[RQUEUE] signal 0305 -> #28 재계획 수행중
[0402-close] no active tracking assignment matched destroyed target (targetID=77, eventWatcher=4)
[0402-close] no active tracking assignment matched destroyed target (targetID=78, eventWatcher=6)
[0402-close] no active tracking assignment matched destroyed target (targetID=79, eventWatcher=5)
[0402-close] no active tracking assignment matched destroyed target (targetID=80, eventWatcher=5)
[0402-close] no active tracking assignment matched destroyed target (targetID=81, eventWatcher=4)
[0402-close] no active tracking assignment matched destroyed target (targetID=82, eventWatcher=5)
[0402-close] no active tracking assignment matched destroyed target (targetID=83, eventWatcher=5)
[0402-close] no active tracking assignment matched destroyed target (targetID=84, eventWatcher=5)
[0402-close] no active tracking assignment matched destroyed target (targetID=85, eventWatcher=4)
[0402-close] no active tracking assignment matched destroyed target (targetID=86, eventWatcher=4)
[0402-close] no active tracking assignment matched destroyed target (targetID=87, eventWatcher=5)
[0402-close] no active tracking assignment matched destroyed target (targetID=88, eventWatcher=6)
[0402-close] no active tracking assignment matched destroyed target (targetID=89, eventWatcher=5)
[0402-close] no active tracking assignment matched destroyed target (targetID=90, eventWatcher=6)
[0402-close] no active tracking assignment matched destroyed target (targetID=91, eventWatcher=5)
[0402-close] no active tracking assignment matched destroyed target (targetID=92, eventWatcher=5)
[0402-close] no active tracking assignment matched destroyed target (targetID=93, eventWatcher=4)
[0402-close] no active tracking assignment matched destroyed target (targetID=94, eventWatcher=5)
[0402-close] no active tracking assignment matched destroyed target (targetID=96, eventWatcher=6)
[0402-close] no active tracking assignment matched destroyed target (targetID=97, eventWatcher=5)
[0402-close] no active tracking assignment matched destroyed target (targetID=98, eventWatcher=5)
[0402-close] no active tracking assignment matched destroyed target (targetID=77, eventWatcher=4)
[0402-close] no active tracking assignment matched destroyed target (targetID=78, eventWatcher=6)
[0402-close] no active tracking assignment matched destroyed target (targetID=79, eventWatcher=5)
[0402-close] no active tracking assignment matched destroyed target (targetID=80, eventWatcher=5)
[0402-close] no active tracking assignment matched destroyed target (targetID=81, eventWatcher=4)
[0402-close] no active tracking assignment matched destroyed target (targetID=82, eventWatcher=5)
[0402-close] no active tracking assignment matched destroyed target (targetID=83, eventWatcher=5)
[0402-close] no active tracking assignment matched destroyed target (targetID=84, eventWatcher=5)
[0402-close] no active tracking assignment matched destroyed target (targetID=85, eventWatcher=4)
[0402-close] no active tracking assignment matched destroyed target (targetID=86, eventWatcher=4)
[0402-close] no active tracking assignment matched destroyed target (targetID=87, eventWatcher=5)
[0402-close] no active tracking assignment matched destroyed target (targetID=88, eventWatcher=6)
[0402-close] no active tracking assignment matched destroyed target (targetID=89, eventWatcher=5)
[0402-close] no active tracking assignment matched destroyed target (targetID=90, eventWatcher=6)
[0402-close] no active tracking assignment matched destroyed target (targetID=91, eventWatcher=5)
[0402-close] no active tracking assignment matched destroyed target (targetID=92, eventWatcher=5)
[0402-close] no active tracking assignment matched destroyed target (targetID=93, eventWatcher=4)
[0402-close] no active tracking assignment matched destroyed target (targetID=94, eventWatcher=5)
[0402-close] no active tracking assignment matched destroyed target (targetID=96, eventWatcher=6)
[0402-close] no active tracking assignment matched destroyed target (targetID=97, eventWatcher=5)
[0402-close] no active tracking assignment matched destroyed target (targetID=98, eventWatcher=5)
[0402-close] no active tracking assignment matched destroyed target (targetID=77, eventWatcher=4)
[0402-close] no active tracking assignment matched destroyed target (targetID=78, eventWatcher=6)
[0402-close] no active tracking assignment matched destroyed target (targetID=79, eventWatcher=5)
[0402-close] no active tracking assignment matched destroyed target (targetID=80, eventWatcher=5)
[0402-close] no active tracking assignment matched destroyed target (targetID=81, eventWatcher=4)
[0402-close] no active tracking assignment matched destroyed target (targetID=82, eventWatcher=5)
[0402-close] no active tracking assignment matched destroyed target (targetID=83, eventWatcher=5)
[0402-close] no active tracking assignment matched destroyed target (targetID=84, eventWatcher=5)
[0402-close] no active tracking assignment matched destroyed target (targetID=85, eventWatcher=4)
[0402-close] no active tracking assignment matched destroyed target (targetID=86, eventWatcher=4)
[0402-close] no active tracking assignment matched destroyed target (targetID=87, eventWatcher=5)
[0402-close] no active tracking assignment matched destroyed target (targetID=88, eventWatcher=6)
[0402-close] no active tracking assignment matched destroyed target (targetID=89, eventWatcher=5)
[0402-close] no active tracking assignment matched destroyed target (targetID=90, eventWatcher=6)
[0402-close] no active tracking assignment matched destroyed target (targetID=91, eventWatcher=5)
[0402-close] no active tracking assignment matched destroyed target (targetID=92, eventWatcher=5)
[0402-close] no active tracking assignment matched destroyed target (targetID=93, eventWatcher=4)
[0402-close] no active tracking assignment matched destroyed target (targetID=94, eventWatcher=5)
[0402-close] no active tracking assignment matched destroyed target (targetID=96, eventWatcher=6)
[0402-close] no active tracking assignment matched destroyed target (targetID=97, eventWatcher=5)
[0402-close] no active tracking assignment matched destroyed target (targetID=98, eventWatcher=5)
[0402-close] no active tracking assignment matched destroyed target (targetID=77, eventWatcher=4)
[0402-close] no active tracking assignment matched destroyed target (targetID=78, eventWatcher=6)
[0402-close] no active tracking assignment matched destroyed target (targetID=79, eventWatcher=5)
[0402-close] no active tracking assignment matched destroyed target (targetID=80, eventWatcher=5)
[0402-close] no active tracking assignment matched destroyed target (targetID=81, eventWatcher=4)
[0402-close] no active tracking assignment matched destroyed target (targetID=82, eventWatcher=5)
[0402-close] no active tracking assignment matched destroyed target (targetID=83, eventWatcher=5)
[0402-close] no active tracking assignment matched destroyed target (targetID=84, eventWatcher=5)
[0402-close] no active tracking assignment matched destroyed target (targetID=85, eventWatcher=4)
[0402-close] no active tracking assignment matched destroyed target (targetID=86, eventWatcher=4)
[0402-close] no active tracking assignment matched destroyed target (targetID=87, eventWatcher=5)
[0402-close] no active tracking assignment matched destroyed target (targetID=88, eventWatcher=6)
[0402-close] no active tracking assignment matched destroyed target (targetID=89, eventWatcher=5)
[0402-close] no active tracking assignment matched destroyed target (targetID=90, eventWatcher=6)
[0402-close] no active tracking assignment matched destroyed target (targetID=91, eventWatcher=5)
[0402-close] no active tracking assignment matched destroyed target (targetID=92, eventWatcher=5)
[0402-close] no active tracking assignment matched destroyed target (targetID=93, eventWatcher=4)
[0402-close] no active tracking assignment matched destroyed target (targetID=94, eventWatcher=5)
[0402-close] no active tracking assignment matched destroyed target (targetID=96, eventWatcher=6)
[0402-close] no active tracking assignment matched destroyed target (targetID=97, eventWatcher=5)
[0402-close] no active tracking assignment matched destroyed target (targetID=98, eventWatcher=5)
[0402-close] no active tracking assignment matched destroyed target (targetID=77, eventWatcher=4)
[0402-close] no active tracking assignment matched destroyed target (targetID=78, eventWatcher=6)
[0402-close] no active tracking assignment matched destroyed target (targetID=79, eventWatcher=5)
[0402-close] no active tracking assignment matched destroyed target (targetID=80, eventWatcher=5)
[0402-close] no active tracking assignment matched destroyed target (targetID=81, eventWatcher=4)
[0402-close] no active tracking assignment matched destroyed target (targetID=82, eventWatcher=5)
[0402-close] no active tracking assignment matched destroyed target (targetID=83, eventWatcher=5)
[0402-close] no active tracking assignment matched destroyed target (targetID=84, eventWatcher=5)
[0402-close] no active tracking assignment matched destroyed target (targetID=85, eventWatcher=4)
[0402-close] no active tracking assignment matched destroyed target (targetID=86, eventWatcher=4)
[0402-close] no active tracking assignment matched destroyed target (targetID=87, eventWatcher=5)
[0402-close] no active tracking assignment matched destroyed target (targetID=88, eventWatcher=6)
[0402-close] no active tracking assignment matched destroyed target (targetID=89, eventWatcher=5)
[0402-close] no active tracking assignment matched destroyed target (targetID=90, eventWatcher=6)
[0402-close] no active tracking assignment matched destroyed target (targetID=91, eventWatcher=5)
[0402-close] no active tracking assignment matched destroyed target (targetID=92, eventWatcher=5)
[0402-close] no active tracking assignment matched destroyed target (targetID=93, eventWatcher=4)
[0402-close] no active tracking assignment matched destroyed target (targetID=94, eventWatcher=5)
[0402-close] no active tracking assignment matched destroyed target (targetID=96, eventWatcher=6)
[0402-close] no active tracking assignment matched destroyed target (targetID=97, eventWatcher=5)
[0402-close] no active tracking assignment matched destroyed target (targetID=98, eventWatcher=5)
[0401TRACE] handler slow seq=2498 elapsed=0.313s ts=832653954213 states=6
[0402-close] no active tracking assignment matched destroyed target (targetID=77, eventWatcher=4)
[0402-close] no active tracking assignment matched destroyed target (targetID=78, eventWatcher=6)
[0402-close] no active tracking assignment matched destroyed target (targetID=79, eventWatcher=5)
[0402-close] no active tracking assignment matched destroyed target (targetID=80, eventWatcher=5)
[0402-close] no active tracking assignment matched destroyed target (targetID=81, eventWatcher=4)
[0402-close] no active tracking assignment matched destroyed target (targetID=82, eventWatcher=5)
[0402-close] no active tracking assignment matched destroyed target (targetID=83, eventWatcher=5)
[0402-close] no active tracking assignment matched destroyed target (targetID=84, eventWatcher=5)
[0402-close] no active tracking assignment matched destroyed target (targetID=85, eventWatcher=4)
[0402-close] no active tracking assignment matched destroyed target (targetID=86, eventWatcher=4)
[0402-close] no active tracking assignment matched destroyed target (targetID=87, eventWatcher=5)
[0402-close] no active tracking assignment matched destroyed target (targetID=88, eventWatcher=6)
[0402-close] no active tracking assignment matched destroyed target (targetID=89, eventWatcher=5)
[0402-close] no active tracking assignment matched destroyed target (targetID=90, eventWatcher=6)
[0402-close] no active tracking assignment matched destroyed target (targetID=91, eventWatcher=5)
[0402-close] no active tracking assignment matched destroyed target (targetID=92, eventWatcher=5)
[0402-close] no active tracking assignment matched destroyed target (targetID=93, eventWatcher=4)
[0402-close] no active tracking assignment matched destroyed target (targetID=94, eventWatcher=5)
[0402-close] no active tracking assignment matched destroyed target (targetID=96, eventWatcher=6)
[0402-close] no active tracking assignment matched destroyed target (targetID=97, eventWatcher=5)
[0402-close] no active tracking assignment matched destroyed target (targetID=98, eventWatcher=5)
[0401TRACE] handler slow seq=2499 elapsed=0.302s ts=832653954619 states=6
[0402-close] no active tracking assignment matched destroyed target (targetID=77, eventWatcher=4)
[0402-close] no active tracking assignment matched destroyed target (targetID=78, eventWatcher=6)
[0402-close] no active tracking assignment matched destroyed target (targetID=79, eventWatcher=5)
[0402-close] no active tracking assignment matched destroyed target (targetID=80, eventWatcher=5)
[0402-close] no active tracking assignment matched destroyed target (targetID=81, eventWatcher=4)
[0402-close] no active tracking assignment matched destroyed target (targetID=82, eventWatcher=5)
[0402-close] no active tracking assignment matched destroyed target (targetID=83, eventWatcher=5)
[0402-close] no active tracking assignment matched destroyed target (targetID=84, eventWatcher=5)
[0402-close] no active tracking assignment matched destroyed target (targetID=85, eventWatcher=4)
[0402-close] no active tracking assignment matched destroyed target (targetID=86, eventWatcher=4)
[0402-close] no active tracking assignment matched destroyed target (targetID=87, eventWatcher=5)
[0402-close] no active tracking assignment matched destroyed target (targetID=88, eventWatcher=6)
[0402-close] no active tracking assignment matched destroyed target (targetID=89, eventWatcher=5)
[0402-close] no active tracking assignment matched destroyed target (targetID=90, eventWatcher=6)
[0402-close] no active tracking assignment matched destroyed target (targetID=91, eventWatcher=5)
[0402-close] no active tracking assignment matched destroyed target (targetID=92, eventWatcher=5)
[0402-close] no active tracking assignment matched destroyed target (targetID=93, eventWatcher=4)
[0402-close] no active tracking assignment matched destroyed target (targetID=94, eventWatcher=5)
[0402-close] no active tracking assignment matched destroyed target (targetID=96, eventWatcher=6)
[0402-close] no active tracking assignment matched destroyed target (targetID=97, eventWatcher=5)
[0402-close] no active tracking assignment matched destroyed target (targetID=98, eventWatcher=5)
[0402-close] no active tracking assignment matched destroyed target (targetID=77, eventWatcher=4)
[0402-close] no active tracking assignment matched destroyed target (targetID=78, eventWatcher=6)
[0402-close] no active tracking assignment matched destroyed target (targetID=79, eventWatcher=5)
[0402-close] no active tracking assignment matched destroyed target (targetID=80, eventWatcher=5)
[0402-close] no active tracking assignment matched destroyed target (targetID=81, eventWatcher=4)
[0402-close] no active tracking assignment matched destroyed target (targetID=82, eventWatcher=5)
[0402-close] no active tracking assignment matched destroyed target (targetID=83, eventWatcher=5)
[0402-close] no active tracking assignment matched destroyed target (targetID=84, eventWatcher=5)
[0402-close] no active tracking assignment matched destroyed target (targetID=85, eventWatcher=4)
[0402-close] no active tracking assignment matched destroyed target (targetID=86, eventWatcher=4)
[0402-close] no active tracking assignment matched destroyed target (targetID=87, eventWatcher=5)
[0402-close] no active tracking assignment matched destroyed target (targetID=88, eventWatcher=6)
[0402-close] no active tracking assignment matched destroyed target (targetID=89, eventWatcher=5)
[0402-close] no active tracking assignment matched destroyed target (targetID=90, eventWatcher=6)
[0402-close] no active tracking assignment matched destroyed target (targetID=91, eventWatcher=5)
[0402-close] no active tracking assignment matched destroyed target (targetID=92, eventWatcher=5)
[0402-close] no active tracking assignment matched destroyed target (targetID=93, eventWatcher=4)
[0402-close] no active tracking assignment matched destroyed target (targetID=94, eventWatcher=5)
[0402-close] no active tracking assignment matched destroyed target (targetID=96, eventWatcher=6)
[0402-close] no active tracking assignment matched destroyed target (targetID=97, eventWatcher=5)
[0402-close] no active tracking assignment matched destroyed target (targetID=98, eventWatcher=5)
[0402-close] no active tracking assignment matched destroyed target (targetID=77, eventWatcher=4)
[0402-close] no active tracking assignment matched destroyed target (targetID=78, eventWatcher=6)
[0402-close] no active tracking assignment matched destroyed target (targetID=79, eventWatcher=5)
[0402-close] no active tracking assignment matched destroyed target (targetID=80, eventWatcher=5)
[0402-close] no active tracking assignment matched destroyed target (targetID=81, eventWatcher=4)
[0402-close] no active tracking assignment matched destroyed target (targetID=82, eventWatcher=5)
[0402-close] no active tracking assignment matched destroyed target (targetID=83, eventWatcher=5)
[0402-close] no active tracking assignment matched destroyed target (targetID=84, eventWatcher=5)
[0402-close] no active tracking assignment matched destroyed target (targetID=85, eventWatcher=4)
[0402-close] no active tracking assignment matched destroyed target (targetID=86, eventWatcher=4)
[0402-close] no active tracking assignment matched destroyed target (targetID=87, eventWatcher=5)
[0402-close] no active tracking assignment matched destroyed target (targetID=88, eventWatcher=6)
[0402-close] no active tracking assignment matched destroyed target (targetID=89, eventWatcher=5)
[0402-close] no active tracking assignment matched destroyed target (targetID=90, eventWatcher=6)
[0402-close] no active tracking assignment matched destroyed target (targetID=91, eventWatcher=5)
[0402-close] no active tracking assignment matched destroyed target (targetID=92, eventWatcher=5)
[0402-close] no active tracking assignment matched destroyed target (targetID=93, eventWatcher=4)
[0402-close] no active tracking assignment matched destroyed target (targetID=94, eventWatcher=5)
[0402-close] no active tracking assignment matched destroyed target (targetID=96, eventWatcher=6)
[0402-close] no active tracking assignment matched destroyed target (targetID=97, eventWatcher=5)
[0402-close] no active tracking assignment matched destroyed target (targetID=98, eventWatcher=5)
[0402-close] no active tracking assignment matched destroyed target (targetID=77, eventWatcher=4)
[0402-close] no active tracking assignment matched destroyed target (targetID=78, eventWatcher=6)
[0402-close] no active tracking assignment matched destroyed target (targetID=79, eventWatcher=5)
[0402-close] no active tracking assignment matched destroyed target (targetID=80, eventWatcher=5)
[0402-close] no active tracking assignment matched destroyed target (targetID=81, eventWatcher=4)
[0402-close] no active tracking assignment matched destroyed target (targetID=82, eventWatcher=5)
[0402-close] no active tracking assignment matched destroyed target (targetID=83, eventWatcher=5)
[0402-close] no active tracking assignment matched destroyed target (targetID=84, eventWatcher=5)
[0402-close] no active tracking assignment matched destroyed target (targetID=85, eventWatcher=4)
[0402-close] no active tracking assignment matched destroyed target (targetID=86, eventWatcher=4)
[0402-close] no active tracking assignment matched destroyed target (targetID=87, eventWatcher=5)
[0402-close] no active tracking assignment matched destroyed target (targetID=88, eventWatcher=6)
[0402-close] no active tracking assignment matched destroyed target (targetID=89, eventWatcher=5)
[0402-close] no active tracking assignment matched destroyed target (targetID=90, eventWatcher=6)
[0402-close] no active tracking assignment matched destroyed target (targetID=91, eventWatcher=5)
[0402-close] no active tracking assignment matched destroyed target (targetID=92, eventWatcher=5)
[0402-close] no active tracking assignment matched destroyed target (targetID=93, eventWatcher=4)
[0402-close] no active tracking assignment matched destroyed target (targetID=94, eventWatcher=5)
[0402-close] no active tracking assignment matched destroyed target (targetID=96, eventWatcher=6)
[0402-close] no active tracking assignment matched destroyed target (targetID=97, eventWatcher=5)
[0402-close] no active tracking assignment matched destroyed target (targetID=98, eventWatcher=5)
[0402-close] no active tracking assignment matched destroyed target (targetID=77, eventWatcher=4)
[0402-close] no active tracking assignment matched destroyed target (targetID=78, eventWatcher=6)
[0402-close] no active tracking assignment matched destroyed target (targetID=79, eventWatcher=5)
[0402-close] no active tracking assignment matched destroyed target (targetID=80, eventWatcher=5)
[0402-close] no active tracking assignment matched destroyed target (targetID=81, eventWatcher=4)
[0402-close] no active tracking assignment matched destroyed target (targetID=82, eventWatcher=5)
[0402-close] no active tracking assignment matched destroyed target (targetID=83, eventWatcher=5)
[0402-close] no active tracking assignment matched destroyed target (targetID=84, eventWatcher=5)
[0402-close] no active tracking assignment matched destroyed target (targetID=85, eventWatcher=4)
[0402-close] no active tracking assignment matched destroyed target (targetID=86, eventWatcher=4)
[0402-close] no active tracking assignment matched destroyed target (targetID=87, eventWatcher=5)
[0402-close] no active tracking assignment matched destroyed target (targetID=88, eventWatcher=6)
[0402-close] no active tracking assignment matched destroyed target (targetID=89, eventWatcher=5)
[0402-close] no active tracking assignment matched destroyed target (targetID=90, eventWatcher=6)
[0402-close] no active tracking assignment matched destroyed target (targetID=91, eventWatcher=5)
[0402-close] no active tracking assignment matched destroyed target (targetID=92, eventWatcher=5)
[0402-close] no active tracking assignment matched destroyed target (targetID=93, eventWatcher=4)
[0402-close] no active tracking assignment matched destroyed target (targetID=94, eventWatcher=5)
[0402-close] no active tracking assignment matched destroyed target (targetID=96, eventWatcher=6)
[0402-close] no active tracking assignment matched destroyed target (targetID=97, eventWatcher=5)
[0402-close] no active tracking assignment matched destroyed target (targetID=98, eventWatcher=5)
[0402-close] no active tracking assignment matched destroyed target (targetID=77, eventWatcher=4)
[0402-close] no active tracking assignment matched destroyed target (targetID=78, eventWatcher=6)
[0402-close] no active tracking assignment matched destroyed target (targetID=79, eventWatcher=5)
[0402-close] no active tracking assignment matched destroyed target (targetID=80, eventWatcher=5)
[0402-close] no active tracking assignment matched destroyed target (targetID=81, eventWatcher=4)
[0402-close] no active tracking assignment matched destroyed target (targetID=82, eventWatcher=5)
[0402-close] no active tracking assignment matched destroyed target (targetID=83, eventWatcher=5)
[0402-close] no active tracking assignment matched destroyed target (targetID=84, eventWatcher=5)
[0402-close] no active tracking assignment matched destroyed target (targetID=85, eventWatcher=4)
[0402-close] no active tracking assignment matched destroyed target (targetID=86, eventWatcher=4)
[0402-close] no active tracking assignment matched destroyed target (targetID=87, eventWatcher=5)
[0402-close] no active tracking assignment matched destroyed target (targetID=88, eventWatcher=6)
[0402-close] no active tracking assignment matched destroyed target (targetID=89, eventWatcher=5)
[0402-close] no active tracking assignment matched destroyed target (targetID=90, eventWatcher=6)
[0402-close] no active tracking assignment matched destroyed target (targetID=91, eventWatcher=5)
[0402-close] no active tracking assignment matched destroyed target (targetID=92, eventWatcher=5)
[0402-close] no active tracking assignment matched destroyed target (targetID=93, eventWatcher=4)
[0402-close] no active tracking assignment matched destroyed target (targetID=94, eventWatcher=5)
[0402-close] no active tracking assignment matched destroyed target (targetID=96, eventWatcher=6)
[0402-close] no active tracking assignment matched destroyed target (targetID=97, eventWatcher=5)
[0402-close] no active tracking assignment matched destroyed target (targetID=98, eventWatcher=5)
[0401TRACE] handler slow seq=2505 elapsed=0.308s ts=832653957625 states=6
[0402-close] no active tracking assignment matched destroyed target (targetID=77, eventWatcher=4)
[0402-close] no active tracking assignment matched destroyed target (targetID=78, eventWatcher=6)
[0402-close] no active tracking assignment matched destroyed target (targetID=79, eventWatcher=5)
[0402-close] no active tracking assignment matched destroyed target (targetID=80, eventWatcher=5)
[0402-close] no active tracking assignment matched destroyed target (targetID=81, eventWatcher=4)
[0402-close] no active tracking assignment matched destroyed target (targetID=82, eventWatcher=5)
[0402-close] no active tracking assignment matched destroyed target (targetID=83, eventWatcher=5)
[0402-close] no active tracking assignment matched destroyed target (targetID=84, eventWatcher=5)
[0402-close] no active tracking assignment matched destroyed target (targetID=85, eventWatcher=4)
[0402-close] no active tracking assignment matched destroyed target (targetID=86, eventWatcher=4)
[0402-close] no active tracking assignment matched destroyed target (targetID=87, eventWatcher=5)
[0402-close] no active tracking assignment matched destroyed target (targetID=88, eventWatcher=6)
[0402-close] no active tracking assignment matched destroyed target (targetID=89, eventWatcher=5)
[0402-close] no active tracking assignment matched destroyed target (targetID=90, eventWatcher=6)
[0402-close] no active tracking assignment matched destroyed target (targetID=91, eventWatcher=5)
[0402-close] no active tracking assignment matched destroyed target (targetID=92, eventWatcher=5)
[0402-close] no active tracking assignment matched destroyed target (targetID=93, eventWatcher=4)
[0402-close] no active tracking assignment matched destroyed target (targetID=94, eventWatcher=5)
[0402-close] no active tracking assignment matched destroyed target (targetID=96, eventWatcher=6)
[0402-close] no active tracking assignment matched destroyed target (targetID=97, eventWatcher=5)
[0402-close] no active tracking assignment matched destroyed target (targetID=98, eventWatcher=5)
[0402-close] no active tracking assignment matched destroyed target (targetID=77, eventWatcher=4)
[0402-close] no active tracking assignment matched destroyed target (targetID=78, eventWatcher=6)
[0402-close] no active tracking assignment matched destroyed target (targetID=79, eventWatcher=5)
[0402-close] no active tracking assignment matched destroyed target (targetID=80, eventWatcher=5)
[0402-close] no active tracking assignment matched destroyed target (targetID=81, eventWatcher=4)
[0402-close] no active tracking assignment matched destroyed target (targetID=82, eventWatcher=5)
[0402-close] no active tracking assignment matched destroyed target (targetID=83, eventWatcher=5)
[0402-close] no active tracking assignment matched destroyed target (targetID=84, eventWatcher=5)
[0402-close] no active tracking assignment matched destroyed target (targetID=85, eventWatcher=4)
[0402-close] no active tracking assignment matched destroyed target (targetID=86, eventWatcher=4)
[0402-close] no active tracking assignment matched destroyed target (targetID=87, eventWatcher=5)
[0402-close] no active tracking assignment matched destroyed target (targetID=88, eventWatcher=6)
[0402-close] no active tracking assignment matched destroyed target (targetID=89, eventWatcher=5)
[0402-close] no active tracking assignment matched destroyed target (targetID=90, eventWatcher=6)
[0402-close] no active tracking assignment matched destroyed target (targetID=91, eventWatcher=5)
[0402-close] no active tracking assignment matched destroyed target (targetID=92, eventWatcher=5)
[0402-close] no active tracking assignment matched destroyed target (targetID=93, eventWatcher=4)
[0402-close] no active tracking assignment matched destroyed target (targetID=94, eventWatcher=5)
[0402-close] no active tracking assignment matched destroyed target (targetID=96, eventWatcher=6)
[0402-close] no active tracking assignment matched destroyed target (targetID=97, eventWatcher=5)
[0402-close] no active tracking assignment matched destroyed target (targetID=98, eventWatcher=5)
[0402-close] no active tracking assignment matched destroyed target (targetID=77, eventWatcher=4)
[0402-close] no active tracking assignment matched destroyed target (targetID=78, eventWatcher=6)
[0402-close] no active tracking assignment matched destroyed target (targetID=79, eventWatcher=5)
[0402-close] no active tracking assignment matched destroyed target (targetID=80, eventWatcher=5)
[0402-close] no active tracking assignment matched destroyed target (targetID=81, eventWatcher=4)
[0402-close] no active tracking assignment matched destroyed target (targetID=82, eventWatcher=5)
[0402-close] no active tracking assignment matched destroyed target (targetID=83, eventWatcher=5)
[0402-close] no active tracking assignment matched destroyed target (targetID=84, eventWatcher=5)
[0402-close] no active tracking assignment matched destroyed target (targetID=85, eventWatcher=4)
[0402-close] no active tracking assignment matched destroyed target (targetID=86, eventWatcher=4)
[0402-close] no active tracking assignment matched destroyed target (targetID=87, eventWatcher=5)
[0402-close] no active tracking assignment matched destroyed target (targetID=88, eventWatcher=6)
[0402-close] no active tracking assignment matched destroyed target (targetID=89, eventWatcher=5)
[0402-close] no active tracking assignment matched destroyed target (targetID=90, eventWatcher=6)
[0402-close] no active tracking assignment matched destroyed target (targetID=91, eventWatcher=5)
[0402-close] no active tracking assignment matched destroyed target (targetID=92, eventWatcher=5)
[0402-close] no active tracking assignment matched destroyed target (targetID=93, eventWatcher=4)
[0402-close] no active tracking assignment matched destroyed target (targetID=94, eventWatcher=5)
[0402-close] no active tracking assignment matched destroyed target (targetID=96, eventWatcher=6)
[0402-close] no active tracking assignment matched destroyed target (targetID=97, eventWatcher=5)
[0402-close] no active tracking assignment matched destroyed target (targetID=98, eventWatcher=5)
[0402-close] no active tracking assignment matched destroyed target (targetID=77, eventWatcher=4)
[0402-close] no active tracking assignment matched destroyed target (targetID=78, eventWatcher=6)
[0402-close] no active tracking assignment matched destroyed target (targetID=79, eventWatcher=5)
[0402-close] no active tracking assignment matched destroyed target (targetID=80, eventWatcher=5)
[0402-close] no active tracking assignment matched destroyed target (targetID=81, eventWatcher=4)
[0402-close] no active tracking assignment matched destroyed target (targetID=82, eventWatcher=5)
[0402-close] no active tracking assignment matched destroyed target (targetID=83, eventWatcher=5)
[0402-close] no active tracking assignment matched destroyed target (targetID=84, eventWatcher=5)
[0402-close] no active tracking assignment matched destroyed target (targetID=85, eventWatcher=4)
[0402-close] no active tracking assignment matched destroyed target (targetID=86, eventWatcher=4)
[0402-close] no active tracking assignment matched destroyed target (targetID=87, eventWatcher=5)
[0402-close] no active tracking assignment matched destroyed target (targetID=88, eventWatcher=6)
[0402-close] no active tracking assignment matched destroyed target (targetID=89, eventWatcher=5)
[0402-close] no active tracking assignment matched destroyed target (targetID=90, eventWatcher=6)
[0402-close] no active tracking assignment matched destroyed target (targetID=91, eventWatcher=5)
[0402-close] no active tracking assignment matched destroyed target (targetID=92, eventWatcher=5)
[0402-close] no active tracking assignment matched destroyed target (targetID=93, eventWatcher=4)
[0402-close] no active tracking assignment matched destroyed target (targetID=94, eventWatcher=5)
[0402-close] no active tracking assignment matched destroyed target (targetID=96, eventWatcher=6)
[0402-close] no active tracking assignment matched destroyed target (targetID=97, eventWatcher=5)
[0402-close] no active tracking assignment matched destroyed target (targetID=98, eventWatcher=5)
[0401TRACE] handler slow seq=2512 elapsed=0.315s ts=832653961219 states=6
[0402-close] no active tracking assignment matched destroyed target (targetID=77, eventWatcher=4)
[0402-close] no active tracking assignment matched destroyed target (targetID=78, eventWatcher=6)
[0402-close] no active tracking assignment matched destroyed target (targetID=79, eventWatcher=5)
[0402-close] no active tracking assignment matched destroyed target (targetID=80, eventWatcher=5)
[0402-close] no active tracking assignment matched destroyed target (targetID=81, eventWatcher=4)
[0402-close] no active tracking assignment matched destroyed target (targetID=82, eventWatcher=5)
[0402-close] no active tracking assignment matched destroyed target (targetID=83, eventWatcher=5)
[0402-close] no active tracking assignment matched destroyed target (targetID=84, eventWatcher=5)
[0402-close] no active tracking assignment matched destroyed target (targetID=85, eventWatcher=4)
[0402-close] no active tracking assignment matched destroyed target (targetID=86, eventWatcher=4)
[0402-close] no active tracking assignment matched destroyed target (targetID=87, eventWatcher=5)
[0402-close] no active tracking assignment matched destroyed target (targetID=88, eventWatcher=6)
[0402-close] no active tracking assignment matched destroyed target (targetID=89, eventWatcher=5)
[0402-close] no active tracking assignment matched destroyed target (targetID=90, eventWatcher=6)
[0402-close] no active tracking assignment matched destroyed target (targetID=91, eventWatcher=5)
[0402-close] no active tracking assignment matched destroyed target (targetID=92, eventWatcher=5)
[0402-close] no active tracking assignment matched destroyed target (targetID=93, eventWatcher=4)
[0402-close] no active tracking assignment matched destroyed target (targetID=94, eventWatcher=5)
[0402-close] no active tracking assignment matched destroyed target (targetID=96, eventWatcher=6)
[0402-close] no active tracking assignment matched destroyed target (targetID=97, eventWatcher=5)
[0402-close] no active tracking assignment matched destroyed target (targetID=98, eventWatcher=5)
[0402-close] no active tracking assignment matched destroyed target (targetID=77, eventWatcher=4)
[0402-close] no active tracking assignment matched destroyed target (targetID=78, eventWatcher=6)
[0402-close] no active tracking assignment matched destroyed target (targetID=79, eventWatcher=5)
[0402-close] no active tracking assignment matched destroyed target (targetID=80, eventWatcher=5)
[0402-close] no active tracking assignment matched destroyed target (targetID=81, eventWatcher=4)
[0402-close] no active tracking assignment matched destroyed target (targetID=82, eventWatcher=5)
[0402-close] no active tracking assignment matched destroyed target (targetID=83, eventWatcher=5)
[0402-close] no active tracking assignment matched destroyed target (targetID=84, eventWatcher=5)
[0402-close] no active tracking assignment matched destroyed target (targetID=85, eventWatcher=4)
[0402-close] no active tracking assignment matched destroyed target (targetID=86, eventWatcher=4)
[0402-close] no active tracking assignment matched destroyed target (targetID=87, eventWatcher=5)
[0402-close] no active tracking assignment matched destroyed target (targetID=88, eventWatcher=6)
[0402-close] no active tracking assignment matched destroyed target (targetID=89, eventWatcher=5)
[0402-close] no active tracking assignment matched destroyed target (targetID=90, eventWatcher=6)
[0402-close] no active tracking assignment matched destroyed target (targetID=91, eventWatcher=5)
[0402-close] no active tracking assignment matched destroyed target (targetID=92, eventWatcher=5)
[0402-close] no active tracking assignment matched destroyed target (targetID=93, eventWatcher=4)
[0402-close] no active tracking assignment matched destroyed target (targetID=94, eventWatcher=5)
[0402-close] no active tracking assignment matched destroyed target (targetID=96, eventWatcher=6)
[0402-close] no active tracking assignment matched destroyed target (targetID=97, eventWatcher=5)
[0402-close] no active tracking assignment matched destroyed target (targetID=98, eventWatcher=5)
[0402-close] no active tracking assignment matched destroyed target (targetID=77, eventWatcher=4)
[0402-close] no active tracking assignment matched destroyed target (targetID=78, eventWatcher=6)
[0402-close] no active tracking assignment matched destroyed target (targetID=79, eventWatcher=5)
[0402-close] no active tracking assignment matched destroyed target (targetID=80, eventWatcher=5)
[0402-close] no active tracking assignment matched destroyed target (targetID=81, eventWatcher=4)
[0402-close] no active tracking assignment matched destroyed target (targetID=82, eventWatcher=5)
[0402-close] no active tracking assignment matched destroyed target (targetID=83, eventWatcher=5)
[0402-close] no active tracking assignment matched destroyed target (targetID=84, eventWatcher=5)
[0402-close] no active tracking assignment matched destroyed target (targetID=85, eventWatcher=4)
[0402-close] no active tracking assignment matched destroyed target (targetID=86, eventWatcher=4)
[0402-close] no active tracking assignment matched destroyed target (targetID=87, eventWatcher=5)
[0402-close] no active tracking assignment matched destroyed target (targetID=88, eventWatcher=6)
[0402-close] no active tracking assignment matched destroyed target (targetID=89, eventWatcher=5)
[0402-close] no active tracking assignment matched destroyed target (targetID=90, eventWatcher=6)
[0402-close] no active tracking assignment matched destroyed target (targetID=91, eventWatcher=5)
[0402-close] no active tracking assignment matched destroyed target (targetID=92, eventWatcher=5)
[0402-close] no active tracking assignment matched destroyed target (targetID=93, eventWatcher=4)
[0402-close] no active tracking assignment matched destroyed target (targetID=94, eventWatcher=5)
[0402-close] no active tracking assignment matched destroyed target (targetID=96, eventWatcher=6)
[0402-close] no active tracking assignment matched destroyed target (targetID=97, eventWatcher=5)
[0402-close] no active tracking assignment matched destroyed target (targetID=98, eventWatcher=5)
[0402-close] no active tracking assignment matched destroyed target (targetID=77, eventWatcher=4)
[0402-close] no active tracking assignment matched destroyed target (targetID=78, eventWatcher=6)
[0402-close] no active tracking assignment matched destroyed target (targetID=79, eventWatcher=5)
[0402-close] no active tracking assignment matched destroyed target (targetID=80, eventWatcher=5)
[0402-close] no active tracking assignment matched destroyed target (targetID=81, eventWatcher=4)
[0402-close] no active tracking assignment matched destroyed target (targetID=82, eventWatcher=5)
[0402-close] no active tracking assignment matched destroyed target (targetID=83, eventWatcher=5)
[0402-close] no active tracking assignment matched destroyed target (targetID=84, eventWatcher=5)
[0402-close] no active tracking assignment matched destroyed target (targetID=85, eventWatcher=4)
[0402-close] no active tracking assignment matched destroyed target (targetID=86, eventWatcher=4)
[0402-close] no active tracking assignment matched destroyed target (targetID=87, eventWatcher=5)
[0402-close] no active tracking assignment matched destroyed target (targetID=88, eventWatcher=6)
[0402-close] no active tracking assignment matched destroyed target (targetID=89, eventWatcher=5)
[0402-close] no active tracking assignment matched destroyed target (targetID=90, eventWatcher=6)
[0402-close] no active tracking assignment matched destroyed target (targetID=91, eventWatcher=5)
[0402-close] no active tracking assignment matched destroyed target (targetID=92, eventWatcher=5)
[0402-close] no active tracking assignment matched destroyed target (targetID=93, eventWatcher=4)
[0402-close] no active tracking assignment matched destroyed target (targetID=94, eventWatcher=5)
[0402-close] no active tracking assignment matched destroyed target (targetID=96, eventWatcher=6)
[0402-close] no active tracking assignment matched destroyed target (targetID=97, eventWatcher=5)
[0402-close] no active tracking assignment matched destroyed target (targetID=98, eventWatcher=5)
[0402-close] no active tracking assignment matched destroyed target (targetID=77, eventWatcher=4)
[0402-close] no active tracking assignment matched destroyed target (targetID=78, eventWatcher=6)
[0402-close] no active tracking assignment matched destroyed target (targetID=79, eventWatcher=5)
[0402-close] no active tracking assignment matched destroyed target (targetID=80, eventWatcher=5)
[0402-close] no active tracking assignment matched destroyed target (targetID=81, eventWatcher=4)
[0402-close] no active tracking assignment matched destroyed target (targetID=82, eventWatcher=5)
[0402-close] no active tracking assignment matched destroyed target (targetID=83, eventWatcher=5)
[0402-close] no active tracking assignment matched destroyed target (targetID=84, eventWatcher=5)
[0402-close] no active tracking assignment matched destroyed target (targetID=85, eventWatcher=4)
[0402-close] no active tracking assignment matched destroyed target (targetID=86, eventWatcher=4)
[0402-close] no active tracking assignment matched destroyed target (targetID=87, eventWatcher=5)
[0402-close] no active tracking assignment matched destroyed target (targetID=88, eventWatcher=6)
[0402-close] no active tracking assignment matched destroyed target (targetID=89, eventWatcher=5)
[0402-close] no active tracking assignment matched destroyed target (targetID=90, eventWatcher=6)
[0402-close] no active tracking assignment matched destroyed target (targetID=91, eventWatcher=5)
[0402-close] no active tracking assignment matched destroyed target (targetID=92, eventWatcher=5)
[0402-close] no active tracking assignment matched destroyed target (targetID=93, eventWatcher=4)
[0402-close] no active tracking assignment matched destroyed target (targetID=94, eventWatcher=5)
[0402-close] no active tracking assignment matched destroyed target (targetID=96, eventWatcher=6)
[0402-close] no active tracking assignment matched destroyed target (targetID=97, eventWatcher=5)
[0402-close] no active tracking assignment matched destroyed target (targetID=98, eventWatcher=5)
[RQUEUE] signal 0701 -> #28 옵션 정보 전송
[RQUEUE] signal 0305 -> #28 재계획 산출 완료
[0402-close] no active tracking assignment matched destroyed target (targetID=77, eventWatcher=4)
[0402-close] no active tracking assignment matched destroyed target (targetID=78, eventWatcher=6)
[0402-close] no active tracking assignment matched destroyed target (targetID=79, eventWatcher=5)
[0402-close] no active tracking assignment matched destroyed target (targetID=80, eventWatcher=5)
[0402-close] no active tracking assignment matched destroyed target (targetID=81, eventWatcher=4)
[0402-close] no active tracking assignment matched destroyed target (targetID=82, eventWatcher=5)
[0402-close] no active tracking assignment matched destroyed target (targetID=83, eventWatcher=5)
[0402-close] no active tracking assignment matched destroyed target (targetID=84, eventWatcher=5)
[0402-close] no active tracking assignment matched destroyed target (targetID=85, eventWatcher=4)
[0402-close] no active tracking assignment matched destroyed target (targetID=86, eventWatcher=4)
[0402-close] no active tracking assignment matched destroyed target (targetID=87, eventWatcher=5)
[0402-close] no active tracking assignment matched destroyed target (targetID=88, eventWatcher=6)
[0402-close] no active tracking assignment matched destroyed target (targetID=89, eventWatcher=5)
[0402-close] no active tracking assignment matched destroyed target (targetID=90, eventWatcher=6)
[0402-close] no active tracking assignment matched destroyed target (targetID=91, eventWatcher=5)
[0402-close] no active tracking assignment matched destroyed target (targetID=92, eventWatcher=5)
[0402-close] no active tracking assignment matched destroyed target (targetID=93, eventWatcher=4)
[0402-close] no active tracking assignment matched destroyed target (targetID=94, eventWatcher=5)
[0402-close] no active tracking assignment matched destroyed target (targetID=96, eventWatcher=6)
[0402-close] no active tracking assignment matched destroyed target (targetID=97, eventWatcher=5)
[0402-close] no active tracking assignment matched destroyed target (targetID=98, eventWatcher=5)
[0402-close] no active tracking assignment matched destroyed target (targetID=77, eventWatcher=4)
[0402-close] no active tracking assignment matched destroyed target (targetID=78, eventWatcher=6)
[0402-close] no active tracking assignment matched destroyed target (targetID=79, eventWatcher=5)
[0402-close] no active tracking assignment matched destroyed target (targetID=80, eventWatcher=5)
[0402-close] no active tracking assignment matched destroyed target (targetID=81, eventWatcher=4)
[0402-close] no active tracking assignment matched destroyed target (targetID=82, eventWatcher=5)
[0402-close] no active tracking assignment matched destroyed target (targetID=83, eventWatcher=5)
[0402-close] no active tracking assignment matched destroyed target (targetID=84, eventWatcher=5)
[0402-close] no active tracking assignment matched destroyed target (targetID=85, eventWatcher=4)
[0402-close] no active tracking assignment matched destroyed target (targetID=86, eventWatcher=4)
[0402-close] no active tracking assignment matched destroyed target (targetID=87, eventWatcher=5)
[0402-close] no active tracking assignment matched destroyed target (targetID=88, eventWatcher=6)
[0402-close] no active tracking assignment matched destroyed target (targetID=89, eventWatcher=5)
[0402-close] no active tracking assignment matched destroyed target (targetID=90, eventWatcher=6)
[0402-close] no active tracking assignment matched destroyed target (targetID=91, eventWatcher=5)
[0402-close] no active tracking assignment matched destroyed target (targetID=92, eventWatcher=5)
[0402-close] no active tracking assignment matched destroyed target (targetID=93, eventWatcher=4)
[0402-close] no active tracking assignment matched destroyed target (targetID=94, eventWatcher=5)
[0402-close] no active tracking assignment matched destroyed target (targetID=96, eventWatcher=6)
[0402-close] no active tracking assignment matched destroyed target (targetID=97, eventWatcher=5)
[0402-close] no active tracking assignment matched destroyed target (targetID=98, eventWatcher=5)
[0402-close] no active tracking assignment matched destroyed target (targetID=77, eventWatcher=4)
[0402-close] no active tracking assignment matched destroyed target (targetID=78, eventWatcher=6)
[0402-close] no active tracking assignment matched destroyed target (targetID=79, eventWatcher=5)
[0402-close] no active tracking assignment matched destroyed target (targetID=80, eventWatcher=5)
[0402-close] no active tracking assignment matched destroyed target (targetID=81, eventWatcher=4)
[0402-close] no active tracking assignment matched destroyed target (targetID=82, eventWatcher=5)
[0402-close] no active tracking assignment matched destroyed target (targetID=83, eventWatcher=5)
[0402-close] no active tracking assignment matched destroyed target (targetID=84, eventWatcher=5)
[0402-close] no active tracking assignment matched destroyed target (targetID=85, eventWatcher=4)
[0402-close] no active tracking assignment matched destroyed target (targetID=86, eventWatcher=4)
[0402-close] no active tracking assignment matched destroyed target (targetID=87, eventWatcher=5)
[0402-close] no active tracking assignment matched destroyed target (targetID=88, eventWatcher=6)
[0402-close] no active tracking assignment matched destroyed target (targetID=89, eventWatcher=5)
[0402-close] no active tracking assignment matched destroyed target (targetID=90, eventWatcher=6)
[0402-close] no active tracking assignment matched destroyed target (targetID=91, eventWatcher=5)
[0402-close] no active tracking assignment matched destroyed target (targetID=92, eventWatcher=5)
[0402-close] no active tracking assignment matched destroyed target (targetID=93, eventWatcher=4)
[0402-close] no active tracking assignment matched destroyed target (targetID=94, eventWatcher=5)
[0402-close] no active tracking assignment matched destroyed target (targetID=96, eventWatcher=6)
[0402-close] no active tracking assignment matched destroyed target (targetID=97, eventWatcher=5)
[0402-close] no active tracking assignment matched destroyed target (targetID=98, eventWatcher=5)
[0702] ignore=2 -> apply missionPlanID=700000057, source=DSC
[0702] 공격 배제 선택 -> target bundle isIgnored=1 반영 (count=2)
[QUALITY] startup grace armed (missionPlanID=700000057, duration=10.0s)
[RQUEUE] completed #28 표적탐지: 표적100 등 2개 발견 (결과 수신, signal=0702, active_ms=16767)
[0402-close] no active tracking assignment matched destroyed target (targetID=77, eventWatcher=4)
[0402-close] no active tracking assignment matched destroyed target (targetID=78, eventWatcher=6)
[0402-close] no active tracking assignment matched destroyed target (targetID=79, eventWatcher=5)
[0402-close] no active tracking assignment matched destroyed target (targetID=80, eventWatcher=5)
[0402-close] no active tracking assignment matched destroyed target (targetID=81, eventWatcher=4)
[0402-close] no active tracking assignment matched destroyed target (targetID=82, eventWatcher=5)
[0402-close] no active tracking assignment matched destroyed target (targetID=83, eventWatcher=5)
[0402-close] no active tracking assignment matched destroyed target (targetID=84, eventWatcher=5)
[0402-close] no active tracking assignment matched destroyed target (targetID=85, eventWatcher=4)
[0402-close] no active tracking assignment matched destroyed target (targetID=86, eventWatcher=4)
[0402-close] no active tracking assignment matched destroyed target (targetID=87, eventWatcher=5)
[0402-close] no active tracking assignment matched destroyed target (targetID=88, eventWatcher=6)
[0402-close] no active tracking assignment matched destroyed target (targetID=89, eventWatcher=5)
[0402-close] no active tracking assignment matched destroyed target (targetID=90, eventWatcher=6)
[0402-close] no active tracking assignment matched destroyed target (targetID=91, eventWatcher=5)
[0402-close] no active tracking assignment matched destroyed target (targetID=92, eventWatcher=5)
[0402-close] no active tracking assignment matched destroyed target (targetID=93, eventWatcher=4)
[0402-close] no active tracking assignment matched destroyed target (targetID=94, eventWatcher=5)
[0402-close] no active tracking assignment matched destroyed target (targetID=96, eventWatcher=6)
[0402-close] no active tracking assignment matched destroyed target (targetID=97, eventWatcher=5)
[0402-close] no active tracking assignment matched destroyed target (targetID=98, eventWatcher=5)
[0402-close] no active tracking assignment matched destroyed target (targetID=99, eventWatcher=5)
[0402-close] no active tracking assignment matched destroyed target (targetID=100, eventWatcher=4)
[RealTimeInferrer] Loading/Reloading Mission Plan: C:\Users\TRL98\Desktop\LAH_MUMT\Logs\Scenario_2026-05-21T132543\SBC3\MissionPlan\700000057.json
Updated Mission Context: torch.Size([384])
[0401] path-deviation trigger suppressed: within 3s after 0702 apply (remaining=2597ms)
[0401TRACE] handler slow seq=2527 elapsed=0.303s ts=832653968222 states=6
[0402-close] no active tracking assignment matched destroyed target (targetID=77, eventWatcher=4)
[0402-close] no active tracking assignment matched destroyed target (targetID=78, eventWatcher=6)
[0402-close] no active tracking assignment matched destroyed target (targetID=79, eventWatcher=5)
[0402-close] no active tracking assignment matched destroyed target (targetID=80, eventWatcher=5)
[0402-close] no active tracking assignment matched destroyed target (targetID=81, eventWatcher=4)
[0402-close] no active tracking assignment matched destroyed target (targetID=82, eventWatcher=5)
[0402-close] no active tracking assignment matched destroyed target (targetID=83, eventWatcher=5)
[0402-close] no active tracking assignment matched destroyed target (targetID=84, eventWatcher=5)
[0402-close] no active tracking assignment matched destroyed target (targetID=85, eventWatcher=4)
[0402-close] no active tracking assignment matched destroyed target (targetID=86, eventWatcher=4)
[0402-close] no active tracking assignment matched destroyed target (targetID=87, eventWatcher=5)
[0402-close] no active tracking assignment matched destroyed target (targetID=88, eventWatcher=6)
[0402-close] no active tracking assignment matched destroyed target (targetID=89, eventWatcher=5)
[0402-close] no active tracking assignment matched destroyed target (targetID=90, eventWatcher=6)
[0402-close] no active tracking assignment matched destroyed target (targetID=91, eventWatcher=5)
[0402-close] no active tracking assignment matched destroyed target (targetID=92, eventWatcher=5)
[0402-close] no active tracking assignment matched destroyed target (targetID=93, eventWatcher=4)
[0402-close] no active tracking assignment matched destroyed target (targetID=94, eventWatcher=5)
[0402-close] no active tracking assignment matched destroyed target (targetID=96, eventWatcher=6)
[0402-close] no active tracking assignment matched destroyed target (targetID=97, eventWatcher=5)
[0402-close] no active tracking assignment matched destroyed target (targetID=98, eventWatcher=5)
[0402-close] no active tracking assignment matched destroyed target (targetID=99, eventWatcher=5)
[0402-close] no active tracking assignment matched destroyed target (targetID=100, eventWatcher=4)
[0402-close] no active tracking assignment matched destroyed target (targetID=77, eventWatcher=4)
[0402-close] no active tracking assignment matched destroyed target (targetID=78, eventWatcher=6)
[0402-close] no active tracking assignment matched destroyed target (targetID=79, eventWatcher=5)
[0402-close] no active tracking assignment matched destroyed target (targetID=80, eventWatcher=5)
[0402-close] no active tracking assignment matched destroyed target (targetID=81, eventWatcher=4)
[0402-close] no active tracking assignment matched destroyed target (targetID=82, eventWatcher=5)
[0402-close] no active tracking assignment matched destroyed target (targetID=83, eventWatcher=5)
[0402-close] no active tracking assignment matched destroyed target (targetID=84, eventWatcher=5)
[0402-close] no active tracking assignment matched destroyed target (targetID=85, eventWatcher=4)
[0402-close] no active tracking assignment matched destroyed target (targetID=86, eventWatcher=4)
[0402-close] no active tracking assignment matched destroyed target (targetID=87, eventWatcher=5)
[0402-close] no active tracking assignment matched destroyed target (targetID=88, eventWatcher=6)
[0402-close] no active tracking assignment matched destroyed target (targetID=89, eventWatcher=5)
[0402-close] no active tracking assignment matched destroyed target (targetID=90, eventWatcher=6)
[0402-close] no active tracking assignment matched destroyed target (targetID=91, eventWatcher=5)
[0402-close] no active tracking assignment matched destroyed target (targetID=92, eventWatcher=5)
[0402-close] no active tracking assignment matched destroyed target (targetID=93, eventWatcher=4)
[0402-close] no active tracking assignment matched destroyed target (targetID=94, eventWatcher=5)
[0402-close] no active tracking assignment matched destroyed target (targetID=96, eventWatcher=6)
[0402-close] no active tracking assignment matched destroyed target (targetID=97, eventWatcher=5)
[0402-close] no active tracking assignment matched destroyed target (targetID=98, eventWatcher=5)
[0402-close] no active tracking assignment matched destroyed target (targetID=99, eventWatcher=5)
[0402-close] no active tracking assignment matched destroyed target (targetID=100, eventWatcher=4)
[0402] new detections: 1
[0402] bundled target replan prepared: key=101-5, primaryTargetID=101, targets=[101]
[RQUEUE] queued #29 표적탐지: 표적101 발견 재계획
[0402-close] no active tracking assignment matched destroyed target (targetID=77, eventWatcher=4)
[0402-close] no active tracking assignment matched destroyed target (targetID=78, eventWatcher=6)
[0402-close] no active tracking assignment matched destroyed target (targetID=79, eventWatcher=5)
[0402-close] no active tracking assignment matched destroyed target (targetID=80, eventWatcher=5)
[0402-close] no active tracking assignment matched destroyed target (targetID=81, eventWatcher=4)
[0402-close] no active tracking assignment matched destroyed target (targetID=82, eventWatcher=5)
[0402-close] no active tracking assignment matched destroyed target (targetID=83, eventWatcher=5)
[0402-close] no active tracking assignment matched destroyed target (targetID=84, eventWatcher=5)
[0402-close] no active tracking assignment matched destroyed target (targetID=85, eventWatcher=4)
[0402-close] no active tracking assignment matched destroyed target (targetID=86, eventWatcher=4)
[0402-close] no active tracking assignment matched destroyed target (targetID=87, eventWatcher=5)
[0402-close] no active tracking assignment matched destroyed target (targetID=88, eventWatcher=6)
[0402-close] no active tracking assignment matched destroyed target (targetID=89, eventWatcher=5)
[0402-close] no active tracking assignment matched destroyed target (targetID=90, eventWatcher=6)
[0402-close] no active tracking assignment matched destroyed target (targetID=91, eventWatcher=5)
[0402-close] no active tracking assignment matched destroyed target (targetID=92, eventWatcher=5)
[0402-close] no active tracking assignment matched destroyed target (targetID=93, eventWatcher=4)
[0402-close] no active tracking assignment matched destroyed target (targetID=94, eventWatcher=5)
[0402-close] no active tracking assignment matched destroyed target (targetID=96, eventWatcher=6)
[0402-close] no active tracking assignment matched destroyed target (targetID=97, eventWatcher=5)
[0402-close] no active tracking assignment matched destroyed target (targetID=98, eventWatcher=5)
[0402-close] no active tracking assignment matched destroyed target (targetID=99, eventWatcher=5)
[0402-close] no active tracking assignment matched destroyed target (targetID=100, eventWatcher=4)
[0402-close] no active tracking assignment matched destroyed target (targetID=77, eventWatcher=4)
[0402-close] no active tracking assignment matched destroyed target (targetID=78, eventWatcher=6)
[0402-close] no active tracking assignment matched destroyed target (targetID=79, eventWatcher=5)
[0402-close] no active tracking assignment matched destroyed target (targetID=80, eventWatcher=5)
[0402-close] no active tracking assignment matched destroyed target (targetID=81, eventWatcher=4)
[0402-close] no active tracking assignment matched destroyed target (targetID=82, eventWatcher=5)
[0402-close] no active tracking assignment matched destroyed target (targetID=83, eventWatcher=5)
[0402-close] no active tracking assignment matched destroyed target (targetID=84, eventWatcher=5)
[0402-close] no active tracking assignment matched destroyed target (targetID=85, eventWatcher=4)
[0402-close] no active tracking assignment matched destroyed target (targetID=86, eventWatcher=4)
[0402-close] no active tracking assignment matched destroyed target (targetID=87, eventWatcher=5)
[0402-close] no active tracking assignment matched destroyed target (targetID=88, eventWatcher=6)
[0402-close] no active tracking assignment matched destroyed target (targetID=89, eventWatcher=5)
[0402-close] no active tracking assignment matched destroyed target (targetID=90, eventWatcher=6)
[0402-close] no active tracking assignment matched destroyed target (targetID=91, eventWatcher=5)
[0402-close] no active tracking assignment matched destroyed target (targetID=92, eventWatcher=5)
[0402-close] no active tracking assignment matched destroyed target (targetID=93, eventWatcher=4)
[0402-close] no active tracking assignment matched destroyed target (targetID=94, eventWatcher=5)
[0402-close] no active tracking assignment matched destroyed target (targetID=96, eventWatcher=6)
[0402-close] no active tracking assignment matched destroyed target (targetID=97, eventWatcher=5)
[0402-close] no active tracking assignment matched destroyed target (targetID=98, eventWatcher=5)
[0402-close] no active tracking assignment matched destroyed target (targetID=99, eventWatcher=5)
[0402-close] no active tracking assignment matched destroyed target (targetID=100, eventWatcher=4)
[RQUEUE] dispatching #29 표적탐지: 표적101 발견 재계획
[0902] replan request sent (level=2, reason=표적101 발견 재계획, planIds=700000058, 700000059)
[RQUEUE] active #29 표적탐지: 표적101 발견 재계획
[RQUEUE] bundle targets marked used: count=1
[RQUEUE] signal 0305 -> #29 재계획 수행중
[0402-close] no active tracking assignment matched destroyed target (targetID=77, eventWatcher=4)
[0402-close] no active tracking assignment matched destroyed target (targetID=78, eventWatcher=6)
[0402-close] no active tracking assignment matched destroyed target (targetID=79, eventWatcher=5)
[0402-close] no active tracking assignment matched destroyed target (targetID=80, eventWatcher=5)
[0402-close] no active tracking assignment matched destroyed target (targetID=81, eventWatcher=4)
[0402-close] no active tracking assignment matched destroyed target (targetID=82, eventWatcher=5)
[0402-close] no active tracking assignment matched destroyed target (targetID=83, eventWatcher=5)
[0402-close] no active tracking assignment matched destroyed target (targetID=84, eventWatcher=5)
[0402-close] no active tracking assignment matched destroyed target (targetID=85, eventWatcher=4)
[0402-close] no active tracking assignment matched destroyed target (targetID=86, eventWatcher=4)
[0402-close] no active tracking assignment matched destroyed target (targetID=87, eventWatcher=5)
[0402-close] no active tracking assignment matched destroyed target (targetID=88, eventWatcher=6)
[0402-close] no active tracking assignment matched destroyed target (targetID=89, eventWatcher=5)
[0402-close] no active tracking assignment matched destroyed target (targetID=90, eventWatcher=6)
[0402-close] no active tracking assignment matched destroyed target (targetID=91, eventWatcher=5)
[0402-close] no active tracking assignment matched destroyed target (targetID=92, eventWatcher=5)
[0402-close] no active tracking assignment matched destroyed target (targetID=93, eventWatcher=4)
[0402-close] no active tracking assignment matched destroyed target (targetID=94, eventWatcher=5)
[0402-close] no active tracking assignment matched destroyed target (targetID=96, eventWatcher=6)
[0402-close] no active tracking assignment matched destroyed target (targetID=97, eventWatcher=5)
[0402-close] no active tracking assignment matched destroyed target (targetID=98, eventWatcher=5)
[0402-close] no active tracking assignment matched destroyed target (targetID=99, eventWatcher=5)
[0402-close] no active tracking assignment matched destroyed target (targetID=100, eventWatcher=4)
[0401TRACE] handler slow seq=2547 elapsed=0.321s ts=832653977214 states=6
[0402-close] no active tracking assignment matched destroyed target (targetID=77, eventWatcher=4)
[0402-close] no active tracking assignment matched destroyed target (targetID=78, eventWatcher=6)
[0402-close] no active tracking assignment matched destroyed target (targetID=79, eventWatcher=5)
[0402-close] no active tracking assignment matched destroyed target (targetID=80, eventWatcher=5)
[0402-close] no active tracking assignment matched destroyed target (targetID=81, eventWatcher=4)
[0402-close] no active tracking assignment matched destroyed target (targetID=82, eventWatcher=5)
[0402-close] no active tracking assignment matched destroyed target (targetID=83, eventWatcher=5)
[0402-close] no active tracking assignment matched destroyed target (targetID=84, eventWatcher=5)
[0402-close] no active tracking assignment matched destroyed target (targetID=85, eventWatcher=4)
[0402-close] no active tracking assignment matched destroyed target (targetID=86, eventWatcher=4)
[0402-close] no active tracking assignment matched destroyed target (targetID=87, eventWatcher=5)
[0402-close] no active tracking assignment matched destroyed target (targetID=88, eventWatcher=6)
[0402-close] no active tracking assignment matched destroyed target (targetID=89, eventWatcher=5)
[0402-close] no active tracking assignment matched destroyed target (targetID=90, eventWatcher=6)
[0402-close] no active tracking assignment matched destroyed target (targetID=91, eventWatcher=5)
[0402-close] no active tracking assignment matched destroyed target (targetID=92, eventWatcher=5)
[0402-close] no active tracking assignment matched destroyed target (targetID=93, eventWatcher=4)
[0402-close] no active tracking assignment matched destroyed target (targetID=94, eventWatcher=5)
[0402-close] no active tracking assignment matched destroyed target (targetID=96, eventWatcher=6)
[0402-close] no active tracking assignment matched destroyed target (targetID=97, eventWatcher=5)
[0402-close] no active tracking assignment matched destroyed target (targetID=98, eventWatcher=5)
[0402-close] no active tracking assignment matched destroyed target (targetID=99, eventWatcher=5)
[0402-close] no active tracking assignment matched destroyed target (targetID=100, eventWatcher=4)
[0401TRACE] handler slow seq=2549 elapsed=0.351s ts=832653978221 states=6
[0402-close] no active tracking assignment matched destroyed target (targetID=77, eventWatcher=4)
[0402-close] no active tracking assignment matched destroyed target (targetID=78, eventWatcher=6)
[0402-close] no active tracking assignment matched destroyed target (targetID=79, eventWatcher=5)
[0402-close] no active tracking assignment matched destroyed target (targetID=80, eventWatcher=5)
[0402-close] no active tracking assignment matched destroyed target (targetID=81, eventWatcher=4)
[0402-close] no active tracking assignment matched destroyed target (targetID=82, eventWatcher=5)
[0402-close] no active tracking assignment matched destroyed target (targetID=83, eventWatcher=5)
[0402-close] no active tracking assignment matched destroyed target (targetID=84, eventWatcher=5)
[0402-close] no active tracking assignment matched destroyed target (targetID=85, eventWatcher=4)
[0402-close] no active tracking assignment matched destroyed target (targetID=86, eventWatcher=4)
[0402-close] no active tracking assignment matched destroyed target (targetID=87, eventWatcher=5)
[0402-close] no active tracking assignment matched destroyed target (targetID=88, eventWatcher=6)
[0402-close] no active tracking assignment matched destroyed target (targetID=89, eventWatcher=5)
[0402-close] no active tracking assignment matched destroyed target (targetID=90, eventWatcher=6)
[0402-close] no active tracking assignment matched destroyed target (targetID=91, eventWatcher=5)
[0402-close] no active tracking assignment matched destroyed target (targetID=92, eventWatcher=5)
[0402-close] no active tracking assignment matched destroyed target (targetID=93, eventWatcher=4)
[0402-close] no active tracking assignment matched destroyed target (targetID=94, eventWatcher=5)
[0402-close] no active tracking assignment matched destroyed target (targetID=96, eventWatcher=6)
[0402-close] no active tracking assignment matched destroyed target (targetID=97, eventWatcher=5)
[0402-close] no active tracking assignment matched destroyed target (targetID=98, eventWatcher=5)
[0402-close] no active tracking assignment matched destroyed target (targetID=99, eventWatcher=5)
[0402-close] no active tracking assignment matched destroyed target (targetID=100, eventWatcher=4)
[0401TRACE] handler slow seq=2551 elapsed=0.365s ts=832653979224 states=6
[0401TRACE] handler slow seq=2553 elapsed=0.315s ts=832653980022 states=6
[0402-close] no active tracking assignment matched destroyed target (targetID=77, eventWatcher=4)
[0402-close] no active tracking assignment matched destroyed target (targetID=78, eventWatcher=6)
[0402-close] no active tracking assignment matched destroyed target (targetID=79, eventWatcher=5)
[0402-close] no active tracking assignment matched destroyed target (targetID=80, eventWatcher=5)
[0402-close] no active tracking assignment matched destroyed target (targetID=81, eventWatcher=4)
[0402-close] no active tracking assignment matched destroyed target (targetID=82, eventWatcher=5)
[0402-close] no active tracking assignment matched destroyed target (targetID=83, eventWatcher=5)
[0402-close] no active tracking assignment matched destroyed target (targetID=84, eventWatcher=5)
[0402-close] no active tracking assignment matched destroyed target (targetID=85, eventWatcher=4)
[0402-close] no active tracking assignment matched destroyed target (targetID=86, eventWatcher=4)
[0402-close] no active tracking assignment matched destroyed target (targetID=87, eventWatcher=5)
[0402-close] no active tracking assignment matched destroyed target (targetID=88, eventWatcher=6)
[0402-close] no active tracking assignment matched destroyed target (targetID=89, eventWatcher=5)
[0402-close] no active tracking assignment matched destroyed target (targetID=90, eventWatcher=6)
[0402-close] no active tracking assignment matched destroyed target (targetID=91, eventWatcher=5)
[0402-close] no active tracking assignment matched destroyed target (targetID=92, eventWatcher=5)
[0402-close] no active tracking assignment matched destroyed target (targetID=93, eventWatcher=4)
[0402-close] no active tracking assignment matched destroyed target (targetID=94, eventWatcher=5)
[0402-close] no active tracking assignment matched destroyed target (targetID=96, eventWatcher=6)
[0402-close] no active tracking assignment matched destroyed target (targetID=97, eventWatcher=5)
[0402-close] no active tracking assignment matched destroyed target (targetID=98, eventWatcher=5)
[0402-close] no active tracking assignment matched destroyed target (targetID=99, eventWatcher=5)
[0402-close] no active tracking assignment matched destroyed target (targetID=100, eventWatcher=4)
[0401TRACE] handler slow seq=2555 elapsed=0.301s ts=832653981017 states=6
[0402-close] no active tracking assignment matched destroyed target (targetID=77, eventWatcher=4)
[0402-close] no active tracking assignment matched destroyed target (targetID=78, eventWatcher=6)
[0402-close] no active tracking assignment matched destroyed target (targetID=79, eventWatcher=5)
[0402-close] no active tracking assignment matched destroyed target (targetID=80, eventWatcher=5)
[0402-close] no active tracking assignment matched destroyed target (targetID=81, eventWatcher=4)
[0402-close] no active tracking assignment matched destroyed target (targetID=82, eventWatcher=5)
[0402-close] no active tracking assignment matched destroyed target (targetID=83, eventWatcher=5)
[0402-close] no active tracking assignment matched destroyed target (targetID=84, eventWatcher=5)
[0402-close] no active tracking assignment matched destroyed target (targetID=85, eventWatcher=4)
[0402-close] no active tracking assignment matched destroyed target (targetID=86, eventWatcher=4)
[0402-close] no active tracking assignment matched destroyed target (targetID=87, eventWatcher=5)
[0402-close] no active tracking assignment matched destroyed target (targetID=88, eventWatcher=6)
[0402-close] no active tracking assignment matched destroyed target (targetID=89, eventWatcher=5)
[0402-close] no active tracking assignment matched destroyed target (targetID=90, eventWatcher=6)
[0402-close] no active tracking assignment matched destroyed target (targetID=91, eventWatcher=5)
[0402-close] no active tracking assignment matched destroyed target (targetID=92, eventWatcher=5)
[0402-close] no active tracking assignment matched destroyed target (targetID=93, eventWatcher=4)
[0402-close] no active tracking assignment matched destroyed target (targetID=94, eventWatcher=5)
[0402-close] no active tracking assignment matched destroyed target (targetID=96, eventWatcher=6)
[0402-close] no active tracking assignment matched destroyed target (targetID=97, eventWatcher=5)
[0402-close] no active tracking assignment matched destroyed target (targetID=98, eventWatcher=5)
[0402-close] no active tracking assignment matched destroyed target (targetID=99, eventWatcher=5)
[0402-close] no active tracking assignment matched destroyed target (targetID=100, eventWatcher=4)
[0402-close] no active tracking assignment matched destroyed target (targetID=77, eventWatcher=4)
[0402-close] no active tracking assignment matched destroyed target (targetID=78, eventWatcher=6)
[0402-close] no active tracking assignment matched destroyed target (targetID=79, eventWatcher=5)
[0402-close] no active tracking assignment matched destroyed target (targetID=80, eventWatcher=5)
[0402-close] no active tracking assignment matched destroyed target (targetID=81, eventWatcher=4)
[0402-close] no active tracking assignment matched destroyed target (targetID=82, eventWatcher=5)
[0402-close] no active tracking assignment matched destroyed target (targetID=83, eventWatcher=5)
[0402-close] no active tracking assignment matched destroyed target (targetID=84, eventWatcher=5)
[0402-close] no active tracking assignment matched destroyed target (targetID=85, eventWatcher=4)
[0402-close] no active tracking assignment matched destroyed target (targetID=86, eventWatcher=4)
[0402-close] no active tracking assignment matched destroyed target (targetID=87, eventWatcher=5)
[0402-close] no active tracking assignment matched destroyed target (targetID=88, eventWatcher=6)
[0402-close] no active tracking assignment matched destroyed target (targetID=89, eventWatcher=5)
[0402-close] no active tracking assignment matched destroyed target (targetID=90, eventWatcher=6)
[0402-close] no active tracking assignment matched destroyed target (targetID=91, eventWatcher=5)
[0402-close] no active tracking assignment matched destroyed target (targetID=92, eventWatcher=5)
[0402-close] no active tracking assignment matched destroyed target (targetID=93, eventWatcher=4)
[0402-close] no active tracking assignment matched destroyed target (targetID=94, eventWatcher=5)
[0402-close] no active tracking assignment matched destroyed target (targetID=96, eventWatcher=6)
[0402-close] no active tracking assignment matched destroyed target (targetID=97, eventWatcher=5)
[0402-close] no active tracking assignment matched destroyed target (targetID=98, eventWatcher=5)
[0402-close] no active tracking assignment matched destroyed target (targetID=99, eventWatcher=5)
[0402-close] no active tracking assignment matched destroyed target (targetID=100, eventWatcher=4)
[0401TRACE] handler slow seq=2559 elapsed=0.332s ts=832653983017 states=6
[0402-close] no active tracking assignment matched destroyed target (targetID=77, eventWatcher=4)
[0402-close] no active tracking assignment matched destroyed target (targetID=78, eventWatcher=6)
[0402-close] no active tracking assignment matched destroyed target (targetID=79, eventWatcher=5)
[0402-close] no active tracking assignment matched destroyed target (targetID=80, eventWatcher=5)
[0402-close] no active tracking assignment matched destroyed target (targetID=81, eventWatcher=4)
[0402-close] no active tracking assignment matched destroyed target (targetID=82, eventWatcher=5)
[0402-close] no active tracking assignment matched destroyed target (targetID=83, eventWatcher=5)
[0402-close] no active tracking assignment matched destroyed target (targetID=84, eventWatcher=5)
[0402-close] no active tracking assignment matched destroyed target (targetID=85, eventWatcher=4)
[0402-close] no active tracking assignment matched destroyed target (targetID=86, eventWatcher=4)
[0402-close] no active tracking assignment matched destroyed target (targetID=87, eventWatcher=5)
[0402-close] no active tracking assignment matched destroyed target (targetID=88, eventWatcher=6)
[0402-close] no active tracking assignment matched destroyed target (targetID=89, eventWatcher=5)
[0402-close] no active tracking assignment matched destroyed target (targetID=90, eventWatcher=6)
[0402-close] no active tracking assignment matched destroyed target (targetID=91, eventWatcher=5)
[0402-close] no active tracking assignment matched destroyed target (targetID=92, eventWatcher=5)
[0402-close] no active tracking assignment matched destroyed target (targetID=93, eventWatcher=4)
[0402-close] no active tracking assignment matched destroyed target (targetID=94, eventWatcher=5)
[0402-close] no active tracking assignment matched destroyed target (targetID=96, eventWatcher=6)
[0402-close] no active tracking assignment matched destroyed target (targetID=97, eventWatcher=5)
[0402-close] no active tracking assignment matched destroyed target (targetID=98, eventWatcher=5)
[0402-close] no active tracking assignment matched destroyed target (targetID=99, eventWatcher=5)
[0402-close] no active tracking assignment matched destroyed target (targetID=100, eventWatcher=4)
[0402-close] no active tracking assignment matched destroyed target (targetID=77, eventWatcher=4)
[0402-close] no active tracking assignment matched destroyed target (targetID=78, eventWatcher=6)
[0402-close] no active tracking assignment matched destroyed target (targetID=79, eventWatcher=5)
[0402-close] no active tracking assignment matched destroyed target (targetID=80, eventWatcher=5)
[0402-close] no active tracking assignment matched destroyed target (targetID=81, eventWatcher=4)
[0402-close] no active tracking assignment matched destroyed target (targetID=82, eventWatcher=5)
[0402-close] no active tracking assignment matched destroyed target (targetID=83, eventWatcher=5)
[0402-close] no active tracking assignment matched destroyed target (targetID=84, eventWatcher=5)
[0402-close] no active tracking assignment matched destroyed target (targetID=85, eventWatcher=4)
[0402-close] no active tracking assignment matched destroyed target (targetID=86, eventWatcher=4)
[0402-close] no active tracking assignment matched destroyed target (targetID=87, eventWatcher=5)
[0402-close] no active tracking assignment matched destroyed target (targetID=88, eventWatcher=6)
[0402-close] no active tracking assignment matched destroyed target (targetID=89, eventWatcher=5)
[0402-close] no active tracking assignment matched destroyed target (targetID=90, eventWatcher=6)
[0402-close] no active tracking assignment matched destroyed target (targetID=91, eventWatcher=5)
[0402-close] no active tracking assignment matched destroyed target (targetID=92, eventWatcher=5)
[0402-close] no active tracking assignment matched destroyed target (targetID=93, eventWatcher=4)
[0402-close] no active tracking assignment matched destroyed target (targetID=94, eventWatcher=5)
[0402-close] no active tracking assignment matched destroyed target (targetID=96, eventWatcher=6)
[0402-close] no active tracking assignment matched destroyed target (targetID=97, eventWatcher=5)
[0402-close] no active tracking assignment matched destroyed target (targetID=98, eventWatcher=5)
[0402-close] no active tracking assignment matched destroyed target (targetID=99, eventWatcher=5)
[0402-close] no active tracking assignment matched destroyed target (targetID=100, eventWatcher=4)
[0401TRACE] handler slow seq=2562 elapsed=0.348s ts=832653984469 states=6
[0401TRACE] handler slow seq=2564 elapsed=0.353s ts=832653985213 states=6
[0402-close] no active tracking assignment matched destroyed target (targetID=77, eventWatcher=4)
[0402-close] no active tracking assignment matched destroyed target (targetID=78, eventWatcher=6)
[0402-close] no active tracking assignment matched destroyed target (targetID=79, eventWatcher=5)
[0402-close] no active tracking assignment matched destroyed target (targetID=80, eventWatcher=5)
[0402-close] no active tracking assignment matched destroyed target (targetID=81, eventWatcher=4)
[0402-close] no active tracking assignment matched destroyed target (targetID=82, eventWatcher=5)
[0402-close] no active tracking assignment matched destroyed target (targetID=83, eventWatcher=5)
[0402-close] no active tracking assignment matched destroyed target (targetID=84, eventWatcher=5)
[0402-close] no active tracking assignment matched destroyed target (targetID=85, eventWatcher=4)
[0402-close] no active tracking assignment matched destroyed target (targetID=86, eventWatcher=4)
[0402-close] no active tracking assignment matched destroyed target (targetID=87, eventWatcher=5)
[0402-close] no active tracking assignment matched destroyed target (targetID=88, eventWatcher=6)
[0402-close] no active tracking assignment matched destroyed target (targetID=89, eventWatcher=5)
[0402-close] no active tracking assignment matched destroyed target (targetID=90, eventWatcher=6)
[0402-close] no active tracking assignment matched destroyed target (targetID=91, eventWatcher=5)
[0402-close] no active tracking assignment matched destroyed target (targetID=92, eventWatcher=5)
[0402-close] no active tracking assignment matched destroyed target (targetID=93, eventWatcher=4)
[0402-close] no active tracking assignment matched destroyed target (targetID=94, eventWatcher=5)
[0402-close] no active tracking assignment matched destroyed target (targetID=96, eventWatcher=6)
[0402-close] no active tracking assignment matched destroyed target (targetID=97, eventWatcher=5)
[0402-close] no active tracking assignment matched destroyed target (targetID=98, eventWatcher=5)
[0402-close] no active tracking assignment matched destroyed target (targetID=99, eventWatcher=5)
[0402-close] no active tracking assignment matched destroyed target (targetID=100, eventWatcher=4)
[0401TRACE] handler slow seq=2565 elapsed=0.331s ts=832653985618 states=6
[0402-close] no active tracking assignment matched destroyed target (targetID=77, eventWatcher=4)
[0402-close] no active tracking assignment matched destroyed target (targetID=78, eventWatcher=6)
[0402-close] no active tracking assignment matched destroyed target (targetID=79, eventWatcher=5)
[0402-close] no active tracking assignment matched destroyed target (targetID=80, eventWatcher=5)
[0402-close] no active tracking assignment matched destroyed target (targetID=81, eventWatcher=4)
[0402-close] no active tracking assignment matched destroyed target (targetID=82, eventWatcher=5)
[0402-close] no active tracking assignment matched destroyed target (targetID=83, eventWatcher=5)
[0402-close] no active tracking assignment matched destroyed target (targetID=84, eventWatcher=5)
[0402-close] no active tracking assignment matched destroyed target (targetID=85, eventWatcher=4)
[0402-close] no active tracking assignment matched destroyed target (targetID=86, eventWatcher=4)
[0402-close] no active tracking assignment matched destroyed target (targetID=87, eventWatcher=5)
[0402-close] no active tracking assignment matched destroyed target (targetID=88, eventWatcher=6)
[0402-close] no active tracking assignment matched destroyed target (targetID=89, eventWatcher=5)
[0402-close] no active tracking assignment matched destroyed target (targetID=90, eventWatcher=6)
[0402-close] no active tracking assignment matched destroyed target (targetID=91, eventWatcher=5)
[0402-close] no active tracking assignment matched destroyed target (targetID=92, eventWatcher=5)
[0402-close] no active tracking assignment matched destroyed target (targetID=93, eventWatcher=4)
[0402-close] no active tracking assignment matched destroyed target (targetID=94, eventWatcher=5)
[0402-close] no active tracking assignment matched destroyed target (targetID=96, eventWatcher=6)
[0402-close] no active tracking assignment matched destroyed target (targetID=97, eventWatcher=5)
[0402-close] no active tracking assignment matched destroyed target (targetID=98, eventWatcher=5)
[0402-close] no active tracking assignment matched destroyed target (targetID=99, eventWatcher=5)
[0402-close] no active tracking assignment matched destroyed target (targetID=100, eventWatcher=4)
[0401TRACE] handler slow seq=2567 elapsed=0.313s ts=832653986620 states=6
[0402-close] no active tracking assignment matched destroyed target (targetID=77, eventWatcher=4)
[0402-close] no active tracking assignment matched destroyed target (targetID=78, eventWatcher=6)
[0402-close] no active tracking assignment matched destroyed target (targetID=79, eventWatcher=5)
[0402-close] no active tracking assignment matched destroyed target (targetID=80, eventWatcher=5)
[0402-close] no active tracking assignment matched destroyed target (targetID=81, eventWatcher=4)
[0402-close] no active tracking assignment matched destroyed target (targetID=82, eventWatcher=5)
[0402-close] no active tracking assignment matched destroyed target (targetID=83, eventWatcher=5)
[0402-close] no active tracking assignment matched destroyed target (targetID=84, eventWatcher=5)
[0402-close] no active tracking assignment matched destroyed target (targetID=85, eventWatcher=4)
[0402-close] no active tracking assignment matched destroyed target (targetID=86, eventWatcher=4)
[0402-close] no active tracking assignment matched destroyed target (targetID=87, eventWatcher=5)
[0402-close] no active tracking assignment matched destroyed target (targetID=88, eventWatcher=6)
[0402-close] no active tracking assignment matched destroyed target (targetID=89, eventWatcher=5)
[0402-close] no active tracking assignment matched destroyed target (targetID=90, eventWatcher=6)
[0402-close] no active tracking assignment matched destroyed target (targetID=91, eventWatcher=5)
[0402-close] no active tracking assignment matched destroyed target (targetID=92, eventWatcher=5)
[0402-close] no active tracking assignment matched destroyed target (targetID=93, eventWatcher=4)
[0402-close] no active tracking assignment matched destroyed target (targetID=94, eventWatcher=5)
[0402-close] no active tracking assignment matched destroyed target (targetID=96, eventWatcher=6)
[0402-close] no active tracking assignment matched destroyed target (targetID=97, eventWatcher=5)
[0402-close] no active tracking assignment matched destroyed target (targetID=98, eventWatcher=5)
[0402-close] no active tracking assignment matched destroyed target (targetID=99, eventWatcher=5)
[0402-close] no active tracking assignment matched destroyed target (targetID=100, eventWatcher=4)
[0402-close] no active tracking assignment matched destroyed target (targetID=77, eventWatcher=4)
[0402-close] no active tracking assignment matched destroyed target (targetID=78, eventWatcher=6)
[0402-close] no active tracking assignment matched destroyed target (targetID=79, eventWatcher=5)
[0402-close] no active tracking assignment matched destroyed target (targetID=80, eventWatcher=5)
[0402-close] no active tracking assignment matched destroyed target (targetID=81, eventWatcher=4)
[0402-close] no active tracking assignment matched destroyed target (targetID=82, eventWatcher=5)
[0402-close] no active tracking assignment matched destroyed target (targetID=83, eventWatcher=5)
[0402-close] no active tracking assignment matched destroyed target (targetID=84, eventWatcher=5)
[0402-close] no active tracking assignment matched destroyed target (targetID=85, eventWatcher=4)
[0402-close] no active tracking assignment matched destroyed target (targetID=86, eventWatcher=4)
[0402-close] no active tracking assignment matched destroyed target (targetID=87, eventWatcher=5)
[0402-close] no active tracking assignment matched destroyed target (targetID=88, eventWatcher=6)
[0402-close] no active tracking assignment matched destroyed target (targetID=89, eventWatcher=5)
[0402-close] no active tracking assignment matched destroyed target (targetID=90, eventWatcher=6)
[0402-close] no active tracking assignment matched destroyed target (targetID=91, eventWatcher=5)
[0402-close] no active tracking assignment matched destroyed target (targetID=92, eventWatcher=5)
[0402-close] no active tracking assignment matched destroyed target (targetID=93, eventWatcher=4)
[0402-close] no active tracking assignment matched destroyed target (targetID=94, eventWatcher=5)
[0402-close] no active tracking assignment matched destroyed target (targetID=96, eventWatcher=6)
[0402-close] no active tracking assignment matched destroyed target (targetID=97, eventWatcher=5)
[0402-close] no active tracking assignment matched destroyed target (targetID=98, eventWatcher=5)
[0402-close] no active tracking assignment matched destroyed target (targetID=99, eventWatcher=5)
[0402-close] no active tracking assignment matched destroyed target (targetID=100, eventWatcher=4)
[0401TRACE] handler slow seq=2572 elapsed=0.322s ts=832653989014 states=6
[RQUEUE] signal 0701 -> #29 옵션 정보 전송
[RQUEUE] signal 0305 -> #29 재계획 산출 완료
[0402-close] no active tracking assignment matched destroyed target (targetID=77, eventWatcher=4)
[0402-close] no active tracking assignment matched destroyed target (targetID=78, eventWatcher=6)
[0402-close] no active tracking assignment matched destroyed target (targetID=79, eventWatcher=5)
[0402-close] no active tracking assignment matched destroyed target (targetID=80, eventWatcher=5)
[0402-close] no active tracking assignment matched destroyed target (targetID=81, eventWatcher=4)
[0402-close] no active tracking assignment matched destroyed target (targetID=82, eventWatcher=5)
[0402-close] no active tracking assignment matched destroyed target (targetID=83, eventWatcher=5)
[0402-close] no active tracking assignment matched destroyed target (targetID=84, eventWatcher=5)
[0402-close] no active tracking assignment matched destroyed target (targetID=85, eventWatcher=4)
[0402-close] no active tracking assignment matched destroyed target (targetID=86, eventWatcher=4)
[0402-close] no active tracking assignment matched destroyed target (targetID=87, eventWatcher=5)
[0402-close] no active tracking assignment matched destroyed target (targetID=88, eventWatcher=6)
[0402-close] no active tracking assignment matched destroyed target (targetID=89, eventWatcher=5)
[0402-close] no active tracking assignment matched destroyed target (targetID=90, eventWatcher=6)
[0402-close] no active tracking assignment matched destroyed target (targetID=91, eventWatcher=5)
[0402-close] no active tracking assignment matched destroyed target (targetID=92, eventWatcher=5)
[0402-close] no active tracking assignment matched destroyed target (targetID=93, eventWatcher=4)
[0402-close] no active tracking assignment matched destroyed target (targetID=94, eventWatcher=5)
[0402-close] no active tracking assignment matched destroyed target (targetID=96, eventWatcher=6)
[0402-close] no active tracking assignment matched destroyed target (targetID=97, eventWatcher=5)
[0402-close] no active tracking assignment matched destroyed target (targetID=98, eventWatcher=5)
[0402-close] no active tracking assignment matched destroyed target (targetID=99, eventWatcher=5)
[0402-close] no active tracking assignment matched destroyed target (targetID=100, eventWatcher=4)
[0401TRACE] handler slow seq=2574 elapsed=0.317s ts=832653989653 states=6
[0401TRACE] handler slow seq=2576 elapsed=0.318s ts=832653990421 states=6
[0402-close] no active tracking assignment matched destroyed target (targetID=77, eventWatcher=4)
[0402-close] no active tracking assignment matched destroyed target (targetID=78, eventWatcher=6)
[0402-close] no active tracking assignment matched destroyed target (targetID=79, eventWatcher=5)
[0402-close] no active tracking assignment matched destroyed target (targetID=80, eventWatcher=5)
[0402-close] no active tracking assignment matched destroyed target (targetID=81, eventWatcher=4)
[0402-close] no active tracking assignment matched destroyed target (targetID=82, eventWatcher=5)
[0402-close] no active tracking assignment matched destroyed target (targetID=83, eventWatcher=5)
[0402-close] no active tracking assignment matched destroyed target (targetID=84, eventWatcher=5)
[0402-close] no active tracking assignment matched destroyed target (targetID=85, eventWatcher=4)
[0402-close] no active tracking assignment matched destroyed target (targetID=86, eventWatcher=4)
[0402-close] no active tracking assignment matched destroyed target (targetID=87, eventWatcher=5)
[0402-close] no active tracking assignment matched destroyed target (targetID=88, eventWatcher=6)
[0402-close] no active tracking assignment matched destroyed target (targetID=89, eventWatcher=5)
[0402-close] no active tracking assignment matched destroyed target (targetID=90, eventWatcher=6)
[0402-close] no active tracking assignment matched destroyed target (targetID=91, eventWatcher=5)
[0402-close] no active tracking assignment matched destroyed target (targetID=92, eventWatcher=5)
[0402-close] no active tracking assignment matched destroyed target (targetID=93, eventWatcher=4)
[0402-close] no active tracking assignment matched destroyed target (targetID=94, eventWatcher=5)
[0402-close] no active tracking assignment matched destroyed target (targetID=96, eventWatcher=6)
[0402-close] no active tracking assignment matched destroyed target (targetID=97, eventWatcher=5)
[0402-close] no active tracking assignment matched destroyed target (targetID=98, eventWatcher=5)
[0402-close] no active tracking assignment matched destroyed target (targetID=99, eventWatcher=5)
[0402-close] no active tracking assignment matched destroyed target (targetID=100, eventWatcher=4)
[0702] ignore=2 -> apply missionPlanID=700000059, source=DSC
[0702] 공격 배제 선택 -> target bundle isIgnored=1 반영 (count=1)
[QUALITY] startup grace armed (missionPlanID=700000059, duration=10.0s)
[RQUEUE] completed #29 표적탐지: 표적101 발견 재계획 (결과 수신, signal=0702, active_ms=15655)
[0402-close] no active tracking assignment matched destroyed target (targetID=77, eventWatcher=4)
[0402-close] no active tracking assignment matched destroyed target (targetID=78, eventWatcher=6)
[0402-close] no active tracking assignment matched destroyed target (targetID=79, eventWatcher=5)
[0402-close] no active tracking assignment matched destroyed target (targetID=80, eventWatcher=5)
[0402-close] no active tracking assignment matched destroyed target (targetID=81, eventWatcher=4)
[0402-close] no active tracking assignment matched destroyed target (targetID=82, eventWatcher=5)
[0402-close] no active tracking assignment matched destroyed target (targetID=83, eventWatcher=5)
[0402-close] no active tracking assignment matched destroyed target (targetID=84, eventWatcher=5)
[0402-close] no active tracking assignment matched destroyed target (targetID=85, eventWatcher=4)
[0402-close] no active tracking assignment matched destroyed target (targetID=86, eventWatcher=4)
[0402-close] no active tracking assignment matched destroyed target (targetID=87, eventWatcher=5)
[0402-close] no active tracking assignment matched destroyed target (targetID=88, eventWatcher=6)
[0402-close] no active tracking assignment matched destroyed target (targetID=89, eventWatcher=5)
[0402-close] no active tracking assignment matched destroyed target (targetID=90, eventWatcher=6)
[0402-close] no active tracking assignment matched destroyed target (targetID=91, eventWatcher=5)
[0402-close] no active tracking assignment matched destroyed target (targetID=92, eventWatcher=5)
[0402-close] no active tracking assignment matched destroyed target (targetID=93, eventWatcher=4)
[0402-close] no active tracking assignment matched destroyed target (targetID=94, eventWatcher=5)
[0402-close] no active tracking assignment matched destroyed target (targetID=96, eventWatcher=6)
[0402-close] no active tracking assignment matched destroyed target (targetID=97, eventWatcher=5)
[0402-close] no active tracking assignment matched destroyed target (targetID=98, eventWatcher=5)
[0402-close] no active tracking assignment matched destroyed target (targetID=99, eventWatcher=5)
[0402-close] no active tracking assignment matched destroyed target (targetID=100, eventWatcher=4)
[0402-close] no active tracking assignment matched destroyed target (targetID=101, eventWatcher=5)
[RealTimeInferrer] Loading/Reloading Mission Plan: C:\Users\TRL98\Desktop\LAH_MUMT\Logs\Scenario_2026-05-21T132543\SBC3\MissionPlan\700000059.json
Updated Mission Context: torch.Size([384])
[0401] path-deviation trigger suppressed: within 3s after 0702 apply (remaining=2614ms)
[0402-close] no active tracking assignment matched destroyed target (targetID=77, eventWatcher=4)
[0402-close] no active tracking assignment matched destroyed target (targetID=78, eventWatcher=6)
[0402-close] no active tracking assignment matched destroyed target (targetID=79, eventWatcher=5)
[0402-close] no active tracking assignment matched destroyed target (targetID=80, eventWatcher=5)
[0402-close] no active tracking assignment matched destroyed target (targetID=81, eventWatcher=4)
[0402-close] no active tracking assignment matched destroyed target (targetID=82, eventWatcher=5)
[0402-close] no active tracking assignment matched destroyed target (targetID=83, eventWatcher=5)
[0402-close] no active tracking assignment matched destroyed target (targetID=84, eventWatcher=5)
[0402-close] no active tracking assignment matched destroyed target (targetID=85, eventWatcher=4)
[0402-close] no active tracking assignment matched destroyed target (targetID=86, eventWatcher=4)
[0402-close] no active tracking assignment matched destroyed target (targetID=87, eventWatcher=5)
[0402-close] no active tracking assignment matched destroyed target (targetID=88, eventWatcher=6)
[0402-close] no active tracking assignment matched destroyed target (targetID=89, eventWatcher=5)
[0402-close] no active tracking assignment matched destroyed target (targetID=90, eventWatcher=6)
[0402-close] no active tracking assignment matched destroyed target (targetID=91, eventWatcher=5)
[0402-close] no active tracking assignment matched destroyed target (targetID=92, eventWatcher=5)
[0402-close] no active tracking assignment matched destroyed target (targetID=93, eventWatcher=4)
[0402-close] no active tracking assignment matched destroyed target (targetID=94, eventWatcher=5)
[0402-close] no active tracking assignment matched destroyed target (targetID=96, eventWatcher=6)
[0402-close] no active tracking assignment matched destroyed target (targetID=97, eventWatcher=5)
[0402-close] no active tracking assignment matched destroyed target (targetID=98, eventWatcher=5)
[0402-close] no active tracking assignment matched destroyed target (targetID=99, eventWatcher=5)
[0402-close] no active tracking assignment matched destroyed target (targetID=100, eventWatcher=4)
[0402-close] no active tracking assignment matched destroyed target (targetID=101, eventWatcher=5)
[0402-close] no active tracking assignment matched destroyed target (targetID=77, eventWatcher=4)
[0402-close] no active tracking assignment matched destroyed target (targetID=78, eventWatcher=6)
[0402-close] no active tracking assignment matched destroyed target (targetID=79, eventWatcher=5)
[0402-close] no active tracking assignment matched destroyed target (targetID=80, eventWatcher=5)
[0402-close] no active tracking assignment matched destroyed target (targetID=81, eventWatcher=4)
[0402-close] no active tracking assignment matched destroyed target (targetID=82, eventWatcher=5)
[0402-close] no active tracking assignment matched destroyed target (targetID=83, eventWatcher=5)
[0402-close] no active tracking assignment matched destroyed target (targetID=84, eventWatcher=5)
[0402-close] no active tracking assignment matched destroyed target (targetID=85, eventWatcher=4)
[0402-close] no active tracking assignment matched destroyed target (targetID=86, eventWatcher=4)
[0402-close] no active tracking assignment matched destroyed target (targetID=87, eventWatcher=5)
[0402-close] no active tracking assignment matched destroyed target (targetID=88, eventWatcher=6)
[0402-close] no active tracking assignment matched destroyed target (targetID=89, eventWatcher=5)
[0402-close] no active tracking assignment matched destroyed target (targetID=90, eventWatcher=6)
[0402-close] no active tracking assignment matched destroyed target (targetID=91, eventWatcher=5)
[0402-close] no active tracking assignment matched destroyed target (targetID=92, eventWatcher=5)
[0402-close] no active tracking assignment matched destroyed target (targetID=93, eventWatcher=4)
[0402-close] no active tracking assignment matched destroyed target (targetID=94, eventWatcher=5)
[0402-close] no active tracking assignment matched destroyed target (targetID=96, eventWatcher=6)
[0402-close] no active tracking assignment matched destroyed target (targetID=97, eventWatcher=5)
[0402-close] no active tracking assignment matched destroyed target (targetID=98, eventWatcher=5)
[0402-close] no active tracking assignment matched destroyed target (targetID=99, eventWatcher=5)
[0402-close] no active tracking assignment matched destroyed target (targetID=100, eventWatcher=4)
[0402-close] no active tracking assignment matched destroyed target (targetID=101, eventWatcher=5)
[0402] new detections: 1
[0402] bundled target replan prepared: key=102-5, primaryTargetID=102, targets=[102]
[RQUEUE] queued #30 표적탐지: 표적102 발견 재계획
[0401TRACE] handler slow seq=2600 elapsed=0.300s ts=832654001014 states=6
[0402-close] no active tracking assignment matched destroyed target (targetID=77, eventWatcher=4)
[0402-close] no active tracking assignment matched destroyed target (targetID=78, eventWatcher=6)
[0402-close] no active tracking assignment matched destroyed target (targetID=79, eventWatcher=5)
[0402-close] no active tracking assignment matched destroyed target (targetID=80, eventWatcher=5)
[0402-close] no active tracking assignment matched destroyed target (targetID=81, eventWatcher=4)
[0402-close] no active tracking assignment matched destroyed target (targetID=82, eventWatcher=5)
[0402-close] no active tracking assignment matched destroyed target (targetID=83, eventWatcher=5)
[0402-close] no active tracking assignment matched destroyed target (targetID=84, eventWatcher=5)
[0402-close] no active tracking assignment matched destroyed target (targetID=85, eventWatcher=4)
[0402-close] no active tracking assignment matched destroyed target (targetID=86, eventWatcher=4)
[0402-close] no active tracking assignment matched destroyed target (targetID=87, eventWatcher=5)
[0402-close] no active tracking assignment matched destroyed target (targetID=88, eventWatcher=6)
[0402-close] no active tracking assignment matched destroyed target (targetID=89, eventWatcher=5)
[0402-close] no active tracking assignment matched destroyed target (targetID=90, eventWatcher=6)
[0402-close] no active tracking assignment matched destroyed target (targetID=91, eventWatcher=5)
[0402-close] no active tracking assignment matched destroyed target (targetID=92, eventWatcher=5)
[0402-close] no active tracking assignment matched destroyed target (targetID=93, eventWatcher=4)
[0402-close] no active tracking assignment matched destroyed target (targetID=94, eventWatcher=5)
[0402-close] no active tracking assignment matched destroyed target (targetID=96, eventWatcher=6)
[0402-close] no active tracking assignment matched destroyed target (targetID=97, eventWatcher=5)
[0402-close] no active tracking assignment matched destroyed target (targetID=98, eventWatcher=5)
[0402-close] no active tracking assignment matched destroyed target (targetID=99, eventWatcher=5)
[0402-close] no active tracking assignment matched destroyed target (targetID=100, eventWatcher=4)
[0402-close] no active tracking assignment matched destroyed target (targetID=101, eventWatcher=5)
[0401TRACE] handler slow seq=2601 elapsed=0.309s ts=832654001416 states=6
[RQUEUE] dispatching #30 표적탐지: 표적102 발견 재계획
[0902] replan request sent (level=2, reason=표적102 발견 재계획, planIds=700000060, 700000061)
[RQUEUE] active #30 표적탐지: 표적102 발견 재계획
[RQUEUE] bundle targets marked used: count=1
[RQUEUE] signal 0305 -> #30 재계획 수행중
[0402-close] no active tracking assignment matched destroyed target (targetID=77, eventWatcher=4)
[0402-close] no active tracking assignment matched destroyed target (targetID=78, eventWatcher=6)
[0402-close] no active tracking assignment matched destroyed target (targetID=79, eventWatcher=5)
[0402-close] no active tracking assignment matched destroyed target (targetID=80, eventWatcher=5)
[0402-close] no active tracking assignment matched destroyed target (targetID=81, eventWatcher=4)
[0402-close] no active tracking assignment matched destroyed target (targetID=82, eventWatcher=5)
[0402-close] no active tracking assignment matched destroyed target (targetID=83, eventWatcher=5)
[0402-close] no active tracking assignment matched destroyed target (targetID=84, eventWatcher=5)
[0402-close] no active tracking assignment matched destroyed target (targetID=85, eventWatcher=4)
[0402-close] no active tracking assignment matched destroyed target (targetID=86, eventWatcher=4)
[0402-close] no active tracking assignment matched destroyed target (targetID=87, eventWatcher=5)
[0402-close] no active tracking assignment matched destroyed target (targetID=88, eventWatcher=6)
[0402-close] no active tracking assignment matched destroyed target (targetID=89, eventWatcher=5)
[0402-close] no active tracking assignment matched destroyed target (targetID=90, eventWatcher=6)
[0402-close] no active tracking assignment matched destroyed target (targetID=91, eventWatcher=5)
[0402-close] no active tracking assignment matched destroyed target (targetID=92, eventWatcher=5)
[0402-close] no active tracking assignment matched destroyed target (targetID=93, eventWatcher=4)
[0402-close] no active tracking assignment matched destroyed target (targetID=94, eventWatcher=5)
[0402-close] no active tracking assignment matched destroyed target (targetID=96, eventWatcher=6)
[0402-close] no active tracking assignment matched destroyed target (targetID=97, eventWatcher=5)
[0402-close] no active tracking assignment matched destroyed target (targetID=98, eventWatcher=5)
[0402-close] no active tracking assignment matched destroyed target (targetID=99, eventWatcher=5)
[0402-close] no active tracking assignment matched destroyed target (targetID=100, eventWatcher=4)
[0402-close] no active tracking assignment matched destroyed target (targetID=101, eventWatcher=5)
[0402-close] no active tracking assignment matched destroyed target (targetID=77, eventWatcher=4)
[0402-close] no active tracking assignment matched destroyed target (targetID=78, eventWatcher=6)
[0402-close] no active tracking assignment matched destroyed target (targetID=79, eventWatcher=5)
[0402-close] no active tracking assignment matched destroyed target (targetID=80, eventWatcher=5)
[0402-close] no active tracking assignment matched destroyed target (targetID=81, eventWatcher=4)
[0402-close] no active tracking assignment matched destroyed target (targetID=82, eventWatcher=5)
[0402-close] no active tracking assignment matched destroyed target (targetID=83, eventWatcher=5)
[0402-close] no active tracking assignment matched destroyed target (targetID=84, eventWatcher=5)
[0402-close] no active tracking assignment matched destroyed target (targetID=85, eventWatcher=4)
[0402-close] no active tracking assignment matched destroyed target (targetID=86, eventWatcher=4)
[0402-close] no active tracking assignment matched destroyed target (targetID=87, eventWatcher=5)
[0402-close] no active tracking assignment matched destroyed target (targetID=88, eventWatcher=6)
[0402-close] no active tracking assignment matched destroyed target (targetID=89, eventWatcher=5)
[0402-close] no active tracking assignment matched destroyed target (targetID=90, eventWatcher=6)
[0402-close] no active tracking assignment matched destroyed target (targetID=91, eventWatcher=5)
[0402-close] no active tracking assignment matched destroyed target (targetID=92, eventWatcher=5)
[0402-close] no active tracking assignment matched destroyed target (targetID=93, eventWatcher=4)
[0402-close] no active tracking assignment matched destroyed target (targetID=94, eventWatcher=5)
[0402-close] no active tracking assignment matched destroyed target (targetID=96, eventWatcher=6)
[0402-close] no active tracking assignment matched destroyed target (targetID=97, eventWatcher=5)
[0402-close] no active tracking assignment matched destroyed target (targetID=98, eventWatcher=5)
[0402-close] no active tracking assignment matched destroyed target (targetID=99, eventWatcher=5)
[0402-close] no active tracking assignment matched destroyed target (targetID=100, eventWatcher=4)
[0402-close] no active tracking assignment matched destroyed target (targetID=101, eventWatcher=5)
[0402-close] no active tracking assignment matched destroyed target (targetID=77, eventWatcher=4)
[0402-close] no active tracking assignment matched destroyed target (targetID=78, eventWatcher=6)
[0402-close] no active tracking assignment matched destroyed target (targetID=79, eventWatcher=5)
[0402-close] no active tracking assignment matched destroyed target (targetID=80, eventWatcher=5)
[0402-close] no active tracking assignment matched destroyed target (targetID=81, eventWatcher=4)
[0402-close] no active tracking assignment matched destroyed target (targetID=82, eventWatcher=5)
[0402-close] no active tracking assignment matched destroyed target (targetID=83, eventWatcher=5)
[0402-close] no active tracking assignment matched destroyed target (targetID=84, eventWatcher=5)
[0402-close] no active tracking assignment matched destroyed target (targetID=85, eventWatcher=4)
[0402-close] no active tracking assignment matched destroyed target (targetID=86, eventWatcher=4)
[0402-close] no active tracking assignment matched destroyed target (targetID=87, eventWatcher=5)
[0402-close] no active tracking assignment matched destroyed target (targetID=88, eventWatcher=6)
[0402-close] no active tracking assignment matched destroyed target (targetID=89, eventWatcher=5)
[0402-close] no active tracking assignment matched destroyed target (targetID=90, eventWatcher=6)
[0402-close] no active tracking assignment matched destroyed target (targetID=91, eventWatcher=5)
[0402-close] no active tracking assignment matched destroyed target (targetID=92, eventWatcher=5)
[0402-close] no active tracking assignment matched destroyed target (targetID=93, eventWatcher=4)
[0402-close] no active tracking assignment matched destroyed target (targetID=94, eventWatcher=5)
[0402-close] no active tracking assignment matched destroyed target (targetID=96, eventWatcher=6)
[0402-close] no active tracking assignment matched destroyed target (targetID=97, eventWatcher=5)
[0402-close] no active tracking assignment matched destroyed target (targetID=98, eventWatcher=5)
[0402-close] no active tracking assignment matched destroyed target (targetID=99, eventWatcher=5)
[0402-close] no active tracking assignment matched destroyed target (targetID=100, eventWatcher=4)
[0402-close] no active tracking assignment matched destroyed target (targetID=101, eventWatcher=5)
[0402-close] no active tracking assignment matched destroyed target (targetID=77, eventWatcher=4)
[0402-close] no active tracking assignment matched destroyed target (targetID=78, eventWatcher=6)
[0402-close] no active tracking assignment matched destroyed target (targetID=79, eventWatcher=5)
[0402-close] no active tracking assignment matched destroyed target (targetID=80, eventWatcher=5)
[0402-close] no active tracking assignment matched destroyed target (targetID=81, eventWatcher=4)
[0402-close] no active tracking assignment matched destroyed target (targetID=82, eventWatcher=5)
[0402-close] no active tracking assignment matched destroyed target (targetID=83, eventWatcher=5)
[0402-close] no active tracking assignment matched destroyed target (targetID=84, eventWatcher=5)
[0402-close] no active tracking assignment matched destroyed target (targetID=85, eventWatcher=4)
[0402-close] no active tracking assignment matched destroyed target (targetID=86, eventWatcher=4)
[0402-close] no active tracking assignment matched destroyed target (targetID=87, eventWatcher=5)
[0402-close] no active tracking assignment matched destroyed target (targetID=88, eventWatcher=6)
[0402-close] no active tracking assignment matched destroyed target (targetID=89, eventWatcher=5)
[0402-close] no active tracking assignment matched destroyed target (targetID=90, eventWatcher=6)
[0402-close] no active tracking assignment matched destroyed target (targetID=91, eventWatcher=5)
[0402-close] no active tracking assignment matched destroyed target (targetID=92, eventWatcher=5)
[0402-close] no active tracking assignment matched destroyed target (targetID=93, eventWatcher=4)
[0402-close] no active tracking assignment matched destroyed target (targetID=94, eventWatcher=5)
[0402-close] no active tracking assignment matched destroyed target (targetID=96, eventWatcher=6)
[0402-close] no active tracking assignment matched destroyed target (targetID=97, eventWatcher=5)
[0402-close] no active tracking assignment matched destroyed target (targetID=98, eventWatcher=5)
[0402-close] no active tracking assignment matched destroyed target (targetID=99, eventWatcher=5)
[0402-close] no active tracking assignment matched destroyed target (targetID=100, eventWatcher=4)
[0402-close] no active tracking assignment matched destroyed target (targetID=101, eventWatcher=5)
[0401TRACE] handler slow seq=2610 elapsed=0.308s ts=832654005622 states=6
[0402-close] no active tracking assignment matched destroyed target (targetID=77, eventWatcher=4)
[0402-close] no active tracking assignment matched destroyed target (targetID=78, eventWatcher=6)
[0402-close] no active tracking assignment matched destroyed target (targetID=79, eventWatcher=5)
[0402-close] no active tracking assignment matched destroyed target (targetID=80, eventWatcher=5)
[0402-close] no active tracking assignment matched destroyed target (targetID=81, eventWatcher=4)
[0402-close] no active tracking assignment matched destroyed target (targetID=82, eventWatcher=5)
[0402-close] no active tracking assignment matched destroyed target (targetID=83, eventWatcher=5)
[0402-close] no active tracking assignment matched destroyed target (targetID=84, eventWatcher=5)
[0402-close] no active tracking assignment matched destroyed target (targetID=85, eventWatcher=4)
[0402-close] no active tracking assignment matched destroyed target (targetID=86, eventWatcher=4)
[0402-close] no active tracking assignment matched destroyed target (targetID=87, eventWatcher=5)
[0402-close] no active tracking assignment matched destroyed target (targetID=88, eventWatcher=6)
[0402-close] no active tracking assignment matched destroyed target (targetID=89, eventWatcher=5)
[0402-close] no active tracking assignment matched destroyed target (targetID=90, eventWatcher=6)
[0402-close] no active tracking assignment matched destroyed target (targetID=91, eventWatcher=5)
[0402-close] no active tracking assignment matched destroyed target (targetID=92, eventWatcher=5)
[0402-close] no active tracking assignment matched destroyed target (targetID=93, eventWatcher=4)
[0402-close] no active tracking assignment matched destroyed target (targetID=94, eventWatcher=5)
[0402-close] no active tracking assignment matched destroyed target (targetID=96, eventWatcher=6)
[0402-close] no active tracking assignment matched destroyed target (targetID=97, eventWatcher=5)
[0402-close] no active tracking assignment matched destroyed target (targetID=98, eventWatcher=5)
[0402-close] no active tracking assignment matched destroyed target (targetID=99, eventWatcher=5)
[0402-close] no active tracking assignment matched destroyed target (targetID=100, eventWatcher=4)
[0402-close] no active tracking assignment matched destroyed target (targetID=101, eventWatcher=5)
[0402-close] no active tracking assignment matched destroyed target (targetID=77, eventWatcher=4)
[0402-close] no active tracking assignment matched destroyed target (targetID=78, eventWatcher=6)
[0402-close] no active tracking assignment matched destroyed target (targetID=79, eventWatcher=5)
[0402-close] no active tracking assignment matched destroyed target (targetID=80, eventWatcher=5)
[0402-close] no active tracking assignment matched destroyed target (targetID=81, eventWatcher=4)
[0402-close] no active tracking assignment matched destroyed target (targetID=82, eventWatcher=5)
[0402-close] no active tracking assignment matched destroyed target (targetID=83, eventWatcher=5)
[0402-close] no active tracking assignment matched destroyed target (targetID=84, eventWatcher=5)
[0402-close] no active tracking assignment matched destroyed target (targetID=85, eventWatcher=4)
[0402-close] no active tracking assignment matched destroyed target (targetID=86, eventWatcher=4)
[0402-close] no active tracking assignment matched destroyed target (targetID=87, eventWatcher=5)
[0402-close] no active tracking assignment matched destroyed target (targetID=88, eventWatcher=6)
[0402-close] no active tracking assignment matched destroyed target (targetID=89, eventWatcher=5)
[0402-close] no active tracking assignment matched destroyed target (targetID=90, eventWatcher=6)
[0402-close] no active tracking assignment matched destroyed target (targetID=91, eventWatcher=5)
[0402-close] no active tracking assignment matched destroyed target (targetID=92, eventWatcher=5)
[0402-close] no active tracking assignment matched destroyed target (targetID=93, eventWatcher=4)
[0402-close] no active tracking assignment matched destroyed target (targetID=94, eventWatcher=5)
[0402-close] no active tracking assignment matched destroyed target (targetID=96, eventWatcher=6)
[0402-close] no active tracking assignment matched destroyed target (targetID=97, eventWatcher=5)
[0402-close] no active tracking assignment matched destroyed target (targetID=98, eventWatcher=5)
[0402-close] no active tracking assignment matched destroyed target (targetID=99, eventWatcher=5)
[0402-close] no active tracking assignment matched destroyed target (targetID=100, eventWatcher=4)
[0402-close] no active tracking assignment matched destroyed target (targetID=101, eventWatcher=5)
[0401TRACE] handler slow seq=2614 elapsed=0.324s ts=832654007417 states=6
[0402-close] no active tracking assignment matched destroyed target (targetID=77, eventWatcher=4)
[0402-close] no active tracking assignment matched destroyed target (targetID=78, eventWatcher=6)
[0402-close] no active tracking assignment matched destroyed target (targetID=79, eventWatcher=5)
[0402-close] no active tracking assignment matched destroyed target (targetID=80, eventWatcher=5)
[0402-close] no active tracking assignment matched destroyed target (targetID=81, eventWatcher=4)
[0402-close] no active tracking assignment matched destroyed target (targetID=82, eventWatcher=5)
[0402-close] no active tracking assignment matched destroyed target (targetID=83, eventWatcher=5)
[0402-close] no active tracking assignment matched destroyed target (targetID=84, eventWatcher=5)
[0402-close] no active tracking assignment matched destroyed target (targetID=85, eventWatcher=4)
[0402-close] no active tracking assignment matched destroyed target (targetID=86, eventWatcher=4)
[0402-close] no active tracking assignment matched destroyed target (targetID=87, eventWatcher=5)
[0402-close] no active tracking assignment matched destroyed target (targetID=88, eventWatcher=6)
[0402-close] no active tracking assignment matched destroyed target (targetID=89, eventWatcher=5)
[0402-close] no active tracking assignment matched destroyed target (targetID=90, eventWatcher=6)
[0402-close] no active tracking assignment matched destroyed target (targetID=91, eventWatcher=5)
[0402-close] no active tracking assignment matched destroyed target (targetID=92, eventWatcher=5)
[0402-close] no active tracking assignment matched destroyed target (targetID=93, eventWatcher=4)
[0402-close] no active tracking assignment matched destroyed target (targetID=94, eventWatcher=5)
[0402-close] no active tracking assignment matched destroyed target (targetID=96, eventWatcher=6)
[0402-close] no active tracking assignment matched destroyed target (targetID=97, eventWatcher=5)
[0402-close] no active tracking assignment matched destroyed target (targetID=98, eventWatcher=5)
[0402-close] no active tracking assignment matched destroyed target (targetID=99, eventWatcher=5)
[0402-close] no active tracking assignment matched destroyed target (targetID=100, eventWatcher=4)
[0402-close] no active tracking assignment matched destroyed target (targetID=101, eventWatcher=5)
[0402-close] no active tracking assignment matched destroyed target (targetID=77, eventWatcher=4)
[0402-close] no active tracking assignment matched destroyed target (targetID=78, eventWatcher=6)
[0402-close] no active tracking assignment matched destroyed target (targetID=79, eventWatcher=5)
[0402-close] no active tracking assignment matched destroyed target (targetID=80, eventWatcher=5)
[0402-close] no active tracking assignment matched destroyed target (targetID=81, eventWatcher=4)
[0402-close] no active tracking assignment matched destroyed target (targetID=82, eventWatcher=5)
[0402-close] no active tracking assignment matched destroyed target (targetID=83, eventWatcher=5)
[0402-close] no active tracking assignment matched destroyed target (targetID=84, eventWatcher=5)
[0402-close] no active tracking assignment matched destroyed target (targetID=85, eventWatcher=4)
[0402-close] no active tracking assignment matched destroyed target (targetID=86, eventWatcher=4)
[0402-close] no active tracking assignment matched destroyed target (targetID=87, eventWatcher=5)
[0402-close] no active tracking assignment matched destroyed target (targetID=88, eventWatcher=6)
[0402-close] no active tracking assignment matched destroyed target (targetID=89, eventWatcher=5)
[0402-close] no active tracking assignment matched destroyed target (targetID=90, eventWatcher=6)
[0402-close] no active tracking assignment matched destroyed target (targetID=91, eventWatcher=5)
[0402-close] no active tracking assignment matched destroyed target (targetID=92, eventWatcher=5)
[0402-close] no active tracking assignment matched destroyed target (targetID=93, eventWatcher=4)
[0402-close] no active tracking assignment matched destroyed target (targetID=94, eventWatcher=5)
[0402-close] no active tracking assignment matched destroyed target (targetID=96, eventWatcher=6)
[0402-close] no active tracking assignment matched destroyed target (targetID=97, eventWatcher=5)
[0402-close] no active tracking assignment matched destroyed target (targetID=98, eventWatcher=5)
[0402-close] no active tracking assignment matched destroyed target (targetID=99, eventWatcher=5)
[0402-close] no active tracking assignment matched destroyed target (targetID=100, eventWatcher=4)
[0402-close] no active tracking assignment matched destroyed target (targetID=101, eventWatcher=5)
[0401TRACE] handler slow seq=2619 elapsed=0.312s ts=832654009812 states=6
[0402-close] no active tracking assignment matched destroyed target (targetID=77, eventWatcher=4)
[0402-close] no active tracking assignment matched destroyed target (targetID=78, eventWatcher=6)
[0402-close] no active tracking assignment matched destroyed target (targetID=79, eventWatcher=5)
[0402-close] no active tracking assignment matched destroyed target (targetID=80, eventWatcher=5)
[0402-close] no active tracking assignment matched destroyed target (targetID=81, eventWatcher=4)
[0402-close] no active tracking assignment matched destroyed target (targetID=82, eventWatcher=5)
[0402-close] no active tracking assignment matched destroyed target (targetID=83, eventWatcher=5)
[0402-close] no active tracking assignment matched destroyed target (targetID=84, eventWatcher=5)
[0402-close] no active tracking assignment matched destroyed target (targetID=85, eventWatcher=4)
[0402-close] no active tracking assignment matched destroyed target (targetID=86, eventWatcher=4)
[0402-close] no active tracking assignment matched destroyed target (targetID=87, eventWatcher=5)
[0402-close] no active tracking assignment matched destroyed target (targetID=88, eventWatcher=6)
[0402-close] no active tracking assignment matched destroyed target (targetID=89, eventWatcher=5)
[0402-close] no active tracking assignment matched destroyed target (targetID=90, eventWatcher=6)
[0402-close] no active tracking assignment matched destroyed target (targetID=91, eventWatcher=5)
[0402-close] no active tracking assignment matched destroyed target (targetID=92, eventWatcher=5)
[0402-close] no active tracking assignment matched destroyed target (targetID=93, eventWatcher=4)
[0402-close] no active tracking assignment matched destroyed target (targetID=94, eventWatcher=5)
[0402-close] no active tracking assignment matched destroyed target (targetID=96, eventWatcher=6)
[0402-close] no active tracking assignment matched destroyed target (targetID=97, eventWatcher=5)
[0402-close] no active tracking assignment matched destroyed target (targetID=98, eventWatcher=5)
[0402-close] no active tracking assignment matched destroyed target (targetID=99, eventWatcher=5)
[0402-close] no active tracking assignment matched destroyed target (targetID=100, eventWatcher=4)
[0402-close] no active tracking assignment matched destroyed target (targetID=101, eventWatcher=5)
[0401TRACE] handler slow seq=2621 elapsed=0.306s ts=832654010625 states=6
[0402-close] no active tracking assignment matched destroyed target (targetID=77, eventWatcher=4)
[0402-close] no active tracking assignment matched destroyed target (targetID=78, eventWatcher=6)
[0402-close] no active tracking assignment matched destroyed target (targetID=79, eventWatcher=5)
[0402-close] no active tracking assignment matched destroyed target (targetID=80, eventWatcher=5)
[0402-close] no active tracking assignment matched destroyed target (targetID=81, eventWatcher=4)
[0402-close] no active tracking assignment matched destroyed target (targetID=82, eventWatcher=5)
[0402-close] no active tracking assignment matched destroyed target (targetID=83, eventWatcher=5)
[0402-close] no active tracking assignment matched destroyed target (targetID=84, eventWatcher=5)
[0402-close] no active tracking assignment matched destroyed target (targetID=85, eventWatcher=4)
[0402-close] no active tracking assignment matched destroyed target (targetID=86, eventWatcher=4)
[0402-close] no active tracking assignment matched destroyed target (targetID=87, eventWatcher=5)
[0402-close] no active tracking assignment matched destroyed target (targetID=88, eventWatcher=6)
[0402-close] no active tracking assignment matched destroyed target (targetID=89, eventWatcher=5)
[0402-close] no active tracking assignment matched destroyed target (targetID=90, eventWatcher=6)
[0402-close] no active tracking assignment matched destroyed target (targetID=91, eventWatcher=5)
[0402-close] no active tracking assignment matched destroyed target (targetID=92, eventWatcher=5)
[0402-close] no active tracking assignment matched destroyed target (targetID=93, eventWatcher=4)
[0402-close] no active tracking assignment matched destroyed target (targetID=94, eventWatcher=5)
[0402-close] no active tracking assignment matched destroyed target (targetID=96, eventWatcher=6)
[0402-close] no active tracking assignment matched destroyed target (targetID=97, eventWatcher=5)
[0402-close] no active tracking assignment matched destroyed target (targetID=98, eventWatcher=5)
[0402-close] no active tracking assignment matched destroyed target (targetID=99, eventWatcher=5)
[0402-close] no active tracking assignment matched destroyed target (targetID=100, eventWatcher=4)
[0402-close] no active tracking assignment matched destroyed target (targetID=101, eventWatcher=5)
[0401TRACE] handler slow seq=2624 elapsed=0.328s ts=832654012219 states=6
[0402-close] no active tracking assignment matched destroyed target (targetID=77, eventWatcher=4)
[0402-close] no active tracking assignment matched destroyed target (targetID=78, eventWatcher=6)
[0402-close] no active tracking assignment matched destroyed target (targetID=79, eventWatcher=5)
[0402-close] no active tracking assignment matched destroyed target (targetID=80, eventWatcher=5)
[0402-close] no active tracking assignment matched destroyed target (targetID=81, eventWatcher=4)
[0402-close] no active tracking assignment matched destroyed target (targetID=82, eventWatcher=5)
[0402-close] no active tracking assignment matched destroyed target (targetID=83, eventWatcher=5)
[0402-close] no active tracking assignment matched destroyed target (targetID=84, eventWatcher=5)
[0402-close] no active tracking assignment matched destroyed target (targetID=85, eventWatcher=4)
[0402-close] no active tracking assignment matched destroyed target (targetID=86, eventWatcher=4)
[0402-close] no active tracking assignment matched destroyed target (targetID=87, eventWatcher=5)
[0402-close] no active tracking assignment matched destroyed target (targetID=88, eventWatcher=6)
[0402-close] no active tracking assignment matched destroyed target (targetID=89, eventWatcher=5)
[0402-close] no active tracking assignment matched destroyed target (targetID=90, eventWatcher=6)
[0402-close] no active tracking assignment matched destroyed target (targetID=91, eventWatcher=5)
[0402-close] no active tracking assignment matched destroyed target (targetID=92, eventWatcher=5)
[0402-close] no active tracking assignment matched destroyed target (targetID=93, eventWatcher=4)
[0402-close] no active tracking assignment matched destroyed target (targetID=94, eventWatcher=5)
[0402-close] no active tracking assignment matched destroyed target (targetID=96, eventWatcher=6)
[0402-close] no active tracking assignment matched destroyed target (targetID=97, eventWatcher=5)
[0402-close] no active tracking assignment matched destroyed target (targetID=98, eventWatcher=5)
[0402-close] no active tracking assignment matched destroyed target (targetID=99, eventWatcher=5)
[0402-close] no active tracking assignment matched destroyed target (targetID=100, eventWatcher=4)
[0402-close] no active tracking assignment matched destroyed target (targetID=101, eventWatcher=5)
[0402-close] no active tracking assignment matched destroyed target (targetID=77, eventWatcher=4)
[0402-close] no active tracking assignment matched destroyed target (targetID=78, eventWatcher=6)
[0402-close] no active tracking assignment matched destroyed target (targetID=79, eventWatcher=5)
[0402-close] no active tracking assignment matched destroyed target (targetID=80, eventWatcher=5)
[0402-close] no active tracking assignment matched destroyed target (targetID=81, eventWatcher=4)
[0402-close] no active tracking assignment matched destroyed target (targetID=82, eventWatcher=5)
[0402-close] no active tracking assignment matched destroyed target (targetID=83, eventWatcher=5)
[0402-close] no active tracking assignment matched destroyed target (targetID=84, eventWatcher=5)
[0402-close] no active tracking assignment matched destroyed target (targetID=85, eventWatcher=4)
[0402-close] no active tracking assignment matched destroyed target (targetID=86, eventWatcher=4)
[0402-close] no active tracking assignment matched destroyed target (targetID=87, eventWatcher=5)
[0402-close] no active tracking assignment matched destroyed target (targetID=88, eventWatcher=6)
[0402-close] no active tracking assignment matched destroyed target (targetID=89, eventWatcher=5)
[0402-close] no active tracking assignment matched destroyed target (targetID=90, eventWatcher=6)
[0402-close] no active tracking assignment matched destroyed target (targetID=91, eventWatcher=5)
[0402-close] no active tracking assignment matched destroyed target (targetID=92, eventWatcher=5)
[0402-close] no active tracking assignment matched destroyed target (targetID=93, eventWatcher=4)
[0402-close] no active tracking assignment matched destroyed target (targetID=94, eventWatcher=5)
[0402-close] no active tracking assignment matched destroyed target (targetID=96, eventWatcher=6)
[0402-close] no active tracking assignment matched destroyed target (targetID=97, eventWatcher=5)
[0402-close] no active tracking assignment matched destroyed target (targetID=98, eventWatcher=5)
[0402-close] no active tracking assignment matched destroyed target (targetID=99, eventWatcher=5)
[0402-close] no active tracking assignment matched destroyed target (targetID=100, eventWatcher=4)
[0402-close] no active tracking assignment matched destroyed target (targetID=101, eventWatcher=5)
[RQUEUE] signal 0305 -> #30 재계획 산출 완료
[RQUEUE] signal 0701 -> #30 옵션 정보 전송
[0401] path-deviation trigger suppressed: option pending until 0702 (queueID=30, source=target_detection, stage=옵션 정보 전송)
[0402-close] no active tracking assignment matched destroyed target (targetID=77, eventWatcher=4)
[0402-close] no active tracking assignment matched destroyed target (targetID=78, eventWatcher=6)
[0402-close] no active tracking assignment matched destroyed target (targetID=79, eventWatcher=5)
[0402-close] no active tracking assignment matched destroyed target (targetID=80, eventWatcher=5)
[0402-close] no active tracking assignment matched destroyed target (targetID=81, eventWatcher=4)
[0402-close] no active tracking assignment matched destroyed target (targetID=82, eventWatcher=5)
[0402-close] no active tracking assignment matched destroyed target (targetID=83, eventWatcher=5)
[0402-close] no active tracking assignment matched destroyed target (targetID=84, eventWatcher=5)
[0402-close] no active tracking assignment matched destroyed target (targetID=85, eventWatcher=4)
[0402-close] no active tracking assignment matched destroyed target (targetID=86, eventWatcher=4)
[0402-close] no active tracking assignment matched destroyed target (targetID=87, eventWatcher=5)
[0402-close] no active tracking assignment matched destroyed target (targetID=88, eventWatcher=6)
[0402-close] no active tracking assignment matched destroyed target (targetID=89, eventWatcher=5)
[0402-close] no active tracking assignment matched destroyed target (targetID=90, eventWatcher=6)
[0402-close] no active tracking assignment matched destroyed target (targetID=91, eventWatcher=5)
[0402-close] no active tracking assignment matched destroyed target (targetID=92, eventWatcher=5)
[0402-close] no active tracking assignment matched destroyed target (targetID=93, eventWatcher=4)
[0402-close] no active tracking assignment matched destroyed target (targetID=94, eventWatcher=5)
[0402-close] no active tracking assignment matched destroyed target (targetID=96, eventWatcher=6)
[0402-close] no active tracking assignment matched destroyed target (targetID=97, eventWatcher=5)
[0402-close] no active tracking assignment matched destroyed target (targetID=98, eventWatcher=5)
[0402-close] no active tracking assignment matched destroyed target (targetID=99, eventWatcher=5)
[0402-close] no active tracking assignment matched destroyed target (targetID=100, eventWatcher=4)
[0402-close] no active tracking assignment matched destroyed target (targetID=101, eventWatcher=5)
[0402-close] no active tracking assignment matched destroyed target (targetID=77, eventWatcher=4)
[0402-close] no active tracking assignment matched destroyed target (targetID=78, eventWatcher=6)
[0402-close] no active tracking assignment matched destroyed target (targetID=79, eventWatcher=5)
[0402-close] no active tracking assignment matched destroyed target (targetID=80, eventWatcher=5)
[0402-close] no active tracking assignment matched destroyed target (targetID=81, eventWatcher=4)
[0402-close] no active tracking assignment matched destroyed target (targetID=82, eventWatcher=5)
[0402-close] no active tracking assignment matched destroyed target (targetID=83, eventWatcher=5)
[0402-close] no active tracking assignment matched destroyed target (targetID=84, eventWatcher=5)
[0402-close] no active tracking assignment matched destroyed target (targetID=85, eventWatcher=4)
[0402-close] no active tracking assignment matched destroyed target (targetID=86, eventWatcher=4)
[0402-close] no active tracking assignment matched destroyed target (targetID=87, eventWatcher=5)
[0402-close] no active tracking assignment matched destroyed target (targetID=88, eventWatcher=6)
[0402-close] no active tracking assignment matched destroyed target (targetID=89, eventWatcher=5)
[0402-close] no active tracking assignment matched destroyed target (targetID=90, eventWatcher=6)
[0402-close] no active tracking assignment matched destroyed target (targetID=91, eventWatcher=5)
[0402-close] no active tracking assignment matched destroyed target (targetID=92, eventWatcher=5)
[0402-close] no active tracking assignment matched destroyed target (targetID=93, eventWatcher=4)
[0402-close] no active tracking assignment matched destroyed target (targetID=94, eventWatcher=5)
[0402-close] no active tracking assignment matched destroyed target (targetID=96, eventWatcher=6)
[0402-close] no active tracking assignment matched destroyed target (targetID=97, eventWatcher=5)
[0402-close] no active tracking assignment matched destroyed target (targetID=98, eventWatcher=5)
[0402-close] no active tracking assignment matched destroyed target (targetID=99, eventWatcher=5)
[0402-close] no active tracking assignment matched destroyed target (targetID=100, eventWatcher=4)
[0402-close] no active tracking assignment matched destroyed target (targetID=101, eventWatcher=5)
[0402-close] no active tracking assignment matched destroyed target (targetID=77, eventWatcher=4)
[0402-close] no active tracking assignment matched destroyed target (targetID=78, eventWatcher=6)
[0402-close] no active tracking assignment matched destroyed target (targetID=79, eventWatcher=5)
[0402-close] no active tracking assignment matched destroyed target (targetID=80, eventWatcher=5)
[0402-close] no active tracking assignment matched destroyed target (targetID=81, eventWatcher=4)
[0402-close] no active tracking assignment matched destroyed target (targetID=82, eventWatcher=5)
[0402-close] no active tracking assignment matched destroyed target (targetID=83, eventWatcher=5)
[0402-close] no active tracking assignment matched destroyed target (targetID=84, eventWatcher=5)
[0402-close] no active tracking assignment matched destroyed target (targetID=85, eventWatcher=4)
[0402-close] no active tracking assignment matched destroyed target (targetID=86, eventWatcher=4)
[0402-close] no active tracking assignment matched destroyed target (targetID=87, eventWatcher=5)
[0402-close] no active tracking assignment matched destroyed target (targetID=88, eventWatcher=6)
[0402-close] no active tracking assignment matched destroyed target (targetID=89, eventWatcher=5)
[0402-close] no active tracking assignment matched destroyed target (targetID=90, eventWatcher=6)
[0402-close] no active tracking assignment matched destroyed target (targetID=91, eventWatcher=5)
[0402-close] no active tracking assignment matched destroyed target (targetID=92, eventWatcher=5)
[0402-close] no active tracking assignment matched destroyed target (targetID=93, eventWatcher=4)
[0402-close] no active tracking assignment matched destroyed target (targetID=94, eventWatcher=5)
[0402-close] no active tracking assignment matched destroyed target (targetID=96, eventWatcher=6)
[0402-close] no active tracking assignment matched destroyed target (targetID=97, eventWatcher=5)
[0402-close] no active tracking assignment matched destroyed target (targetID=98, eventWatcher=5)
[0402-close] no active tracking assignment matched destroyed target (targetID=99, eventWatcher=5)
[0402-close] no active tracking assignment matched destroyed target (targetID=100, eventWatcher=4)
[0402-close] no active tracking assignment matched destroyed target (targetID=101, eventWatcher=5)
[0402-close] no active tracking assignment matched destroyed target (targetID=77, eventWatcher=4)
[0402-close] no active tracking assignment matched destroyed target (targetID=78, eventWatcher=6)
[0402-close] no active tracking assignment matched destroyed target (targetID=79, eventWatcher=5)
[0402-close] no active tracking assignment matched destroyed target (targetID=80, eventWatcher=5)
[0402-close] no active tracking assignment matched destroyed target (targetID=81, eventWatcher=4)
[0402-close] no active tracking assignment matched destroyed target (targetID=82, eventWatcher=5)
[0402-close] no active tracking assignment matched destroyed target (targetID=83, eventWatcher=5)
[0402-close] no active tracking assignment matched destroyed target (targetID=84, eventWatcher=5)
[0402-close] no active tracking assignment matched destroyed target (targetID=85, eventWatcher=4)
[0402-close] no active tracking assignment matched destroyed target (targetID=86, eventWatcher=4)
[0402-close] no active tracking assignment matched destroyed target (targetID=87, eventWatcher=5)
[0402-close] no active tracking assignment matched destroyed target (targetID=88, eventWatcher=6)
[0402-close] no active tracking assignment matched destroyed target (targetID=89, eventWatcher=5)
[0402-close] no active tracking assignment matched destroyed target (targetID=90, eventWatcher=6)
[0402-close] no active tracking assignment matched destroyed target (targetID=91, eventWatcher=5)
[0402-close] no active tracking assignment matched destroyed target (targetID=92, eventWatcher=5)
[0402-close] no active tracking assignment matched destroyed target (targetID=93, eventWatcher=4)
[0402-close] no active tracking assignment matched destroyed target (targetID=94, eventWatcher=5)
[0402-close] no active tracking assignment matched destroyed target (targetID=96, eventWatcher=6)
[0402-close] no active tracking assignment matched destroyed target (targetID=97, eventWatcher=5)
[0402-close] no active tracking assignment matched destroyed target (targetID=98, eventWatcher=5)
[0402-close] no active tracking assignment matched destroyed target (targetID=99, eventWatcher=5)
[0402-close] no active tracking assignment matched destroyed target (targetID=100, eventWatcher=4)
[0402-close] no active tracking assignment matched destroyed target (targetID=101, eventWatcher=5)
[0402-close] no active tracking assignment matched destroyed target (targetID=77, eventWatcher=4)
[0402-close] no active tracking assignment matched destroyed target (targetID=78, eventWatcher=6)
[0402-close] no active tracking assignment matched destroyed target (targetID=79, eventWatcher=5)
[0402-close] no active tracking assignment matched destroyed target (targetID=80, eventWatcher=5)
[0402-close] no active tracking assignment matched destroyed target (targetID=81, eventWatcher=4)
[0402-close] no active tracking assignment matched destroyed target (targetID=82, eventWatcher=5)
[0402-close] no active tracking assignment matched destroyed target (targetID=83, eventWatcher=5)
[0402-close] no active tracking assignment matched destroyed target (targetID=84, eventWatcher=5)
[0402-close] no active tracking assignment matched destroyed target (targetID=85, eventWatcher=4)
[0402-close] no active tracking assignment matched destroyed target (targetID=86, eventWatcher=4)
[0402-close] no active tracking assignment matched destroyed target (targetID=87, eventWatcher=5)
[0402-close] no active tracking assignment matched destroyed target (targetID=88, eventWatcher=6)
[0402-close] no active tracking assignment matched destroyed target (targetID=89, eventWatcher=5)
[0402-close] no active tracking assignment matched destroyed target (targetID=90, eventWatcher=6)
[0402-close] no active tracking assignment matched destroyed target (targetID=91, eventWatcher=5)
[0402-close] no active tracking assignment matched destroyed target (targetID=92, eventWatcher=5)
[0402-close] no active tracking assignment matched destroyed target (targetID=93, eventWatcher=4)
[0402-close] no active tracking assignment matched destroyed target (targetID=94, eventWatcher=5)
[0402-close] no active tracking assignment matched destroyed target (targetID=96, eventWatcher=6)
[0402-close] no active tracking assignment matched destroyed target (targetID=97, eventWatcher=5)
[0402-close] no active tracking assignment matched destroyed target (targetID=98, eventWatcher=5)
[0402-close] no active tracking assignment matched destroyed target (targetID=99, eventWatcher=5)
[0402-close] no active tracking assignment matched destroyed target (targetID=100, eventWatcher=4)
[0402-close] no active tracking assignment matched destroyed target (targetID=101, eventWatcher=5)
[0402-close] no active tracking assignment matched destroyed target (targetID=77, eventWatcher=4)
[0402-close] no active tracking assignment matched destroyed target (targetID=78, eventWatcher=6)
[0402-close] no active tracking assignment matched destroyed target (targetID=79, eventWatcher=5)
[0402-close] no active tracking assignment matched destroyed target (targetID=80, eventWatcher=5)
[0402-close] no active tracking assignment matched destroyed target (targetID=81, eventWatcher=4)
[0402-close] no active tracking assignment matched destroyed target (targetID=82, eventWatcher=5)
[0402-close] no active tracking assignment matched destroyed target (targetID=83, eventWatcher=5)
[0402-close] no active tracking assignment matched destroyed target (targetID=84, eventWatcher=5)
[0402-close] no active tracking assignment matched destroyed target (targetID=85, eventWatcher=4)
[0402-close] no active tracking assignment matched destroyed target (targetID=86, eventWatcher=4)
[0402-close] no active tracking assignment matched destroyed target (targetID=87, eventWatcher=5)
[0402-close] no active tracking assignment matched destroyed target (targetID=88, eventWatcher=6)
[0402-close] no active tracking assignment matched destroyed target (targetID=89, eventWatcher=5)
[0402-close] no active tracking assignment matched destroyed target (targetID=90, eventWatcher=6)
[0402-close] no active tracking assignment matched destroyed target (targetID=91, eventWatcher=5)
[0402-close] no active tracking assignment matched destroyed target (targetID=92, eventWatcher=5)
[0402-close] no active tracking assignment matched destroyed target (targetID=93, eventWatcher=4)
[0402-close] no active tracking assignment matched destroyed target (targetID=94, eventWatcher=5)
[0402-close] no active tracking assignment matched destroyed target (targetID=96, eventWatcher=6)
[0402-close] no active tracking assignment matched destroyed target (targetID=97, eventWatcher=5)
[0402-close] no active tracking assignment matched destroyed target (targetID=98, eventWatcher=5)
[0402-close] no active tracking assignment matched destroyed target (targetID=99, eventWatcher=5)
[0402-close] no active tracking assignment matched destroyed target (targetID=100, eventWatcher=4)
[0402-close] no active tracking assignment matched destroyed target (targetID=101, eventWatcher=5)
[0402-close] no active tracking assignment matched destroyed target (targetID=77, eventWatcher=4)
[0402-close] no active tracking assignment matched destroyed target (targetID=78, eventWatcher=6)
[0402-close] no active tracking assignment matched destroyed target (targetID=79, eventWatcher=5)
[0402-close] no active tracking assignment matched destroyed target (targetID=80, eventWatcher=5)
[0402-close] no active tracking assignment matched destroyed target (targetID=81, eventWatcher=4)
[0402-close] no active tracking assignment matched destroyed target (targetID=82, eventWatcher=5)
[0402-close] no active tracking assignment matched destroyed target (targetID=83, eventWatcher=5)
[0402-close] no active tracking assignment matched destroyed target (targetID=84, eventWatcher=5)
[0402-close] no active tracking assignment matched destroyed target (targetID=85, eventWatcher=4)
[0402-close] no active tracking assignment matched destroyed target (targetID=86, eventWatcher=4)
[0402-close] no active tracking assignment matched destroyed target (targetID=87, eventWatcher=5)
[0402-close] no active tracking assignment matched destroyed target (targetID=88, eventWatcher=6)
[0402-close] no active tracking assignment matched destroyed target (targetID=89, eventWatcher=5)
[0402-close] no active tracking assignment matched destroyed target (targetID=90, eventWatcher=6)
[0402-close] no active tracking assignment matched destroyed target (targetID=91, eventWatcher=5)
[0402-close] no active tracking assignment matched destroyed target (targetID=92, eventWatcher=5)
[0402-close] no active tracking assignment matched destroyed target (targetID=93, eventWatcher=4)
[0402-close] no active tracking assignment matched destroyed target (targetID=94, eventWatcher=5)
[0402-close] no active tracking assignment matched destroyed target (targetID=96, eventWatcher=6)
[0402-close] no active tracking assignment matched destroyed target (targetID=97, eventWatcher=5)
[0402-close] no active tracking assignment matched destroyed target (targetID=98, eventWatcher=5)
[0402-close] no active tracking assignment matched destroyed target (targetID=99, eventWatcher=5)
[0402-close] no active tracking assignment matched destroyed target (targetID=100, eventWatcher=4)
[0402-close] no active tracking assignment matched destroyed target (targetID=101, eventWatcher=5)
[0702] ignore=2 -> apply missionPlanID=700000061, source=DSC
[0702] 공격 배제 선택 -> target bundle isIgnored=1 반영 (count=1)
[QUALITY] startup grace armed (missionPlanID=700000061, duration=10.0s)
[RQUEUE] completed #30 표적탐지: 표적102 발견 재계획 (결과 수신, signal=0702, active_ms=21381)
[0402-close] no active tracking assignment matched destroyed target (targetID=77, eventWatcher=4)
[0402-close] no active tracking assignment matched destroyed target (targetID=78, eventWatcher=6)
[0402-close] no active tracking assignment matched destroyed target (targetID=79, eventWatcher=5)
[0402-close] no active tracking assignment matched destroyed target (targetID=80, eventWatcher=5)
[0402-close] no active tracking assignment matched destroyed target (targetID=81, eventWatcher=4)
[0402-close] no active tracking assignment matched destroyed target (targetID=82, eventWatcher=5)
[0402-close] no active tracking assignment matched destroyed target (targetID=83, eventWatcher=5)
[0402-close] no active tracking assignment matched destroyed target (targetID=84, eventWatcher=5)
[0402-close] no active tracking assignment matched destroyed target (targetID=85, eventWatcher=4)
[0402-close] no active tracking assignment matched destroyed target (targetID=86, eventWatcher=4)
[0402-close] no active tracking assignment matched destroyed target (targetID=87, eventWatcher=5)
[0402-close] no active tracking assignment matched destroyed target (targetID=88, eventWatcher=6)
[0402-close] no active tracking assignment matched destroyed target (targetID=89, eventWatcher=5)
[0402-close] no active tracking assignment matched destroyed target (targetID=90, eventWatcher=6)
[0402-close] no active tracking assignment matched destroyed target (targetID=91, eventWatcher=5)
[0402-close] no active tracking assignment matched destroyed target (targetID=92, eventWatcher=5)
[0402-close] no active tracking assignment matched destroyed target (targetID=93, eventWatcher=4)
[0402-close] no active tracking assignment matched destroyed target (targetID=94, eventWatcher=5)
[0402-close] no active tracking assignment matched destroyed target (targetID=96, eventWatcher=6)
[0402-close] no active tracking assignment matched destroyed target (targetID=97, eventWatcher=5)
[0402-close] no active tracking assignment matched destroyed target (targetID=98, eventWatcher=5)
[0402-close] no active tracking assignment matched destroyed target (targetID=99, eventWatcher=5)
[0402-close] no active tracking assignment matched destroyed target (targetID=100, eventWatcher=4)
[0402-close] no active tracking assignment matched destroyed target (targetID=101, eventWatcher=5)
[0402-close] no active tracking assignment matched destroyed target (targetID=102, eventWatcher=5)
[RealTimeInferrer] Loading/Reloading Mission Plan: C:\Users\TRL98\Desktop\LAH_MUMT\Logs\Scenario_2026-05-21T132543\SBC3\MissionPlan\700000061.json
Updated Mission Context: torch.Size([384])
[0401] path-deviation trigger suppressed: within 3s after 0702 apply (remaining=2581ms)
[0401TRACE] handler slow seq=2650 elapsed=0.313s ts=832654023214 states=6
[0501] heartbeat failover send active
[0401TRACE] handler slow seq=2663 elapsed=0.306s ts=832654029221 states=6
[0401TRACE] handler slow seq=2665 elapsed=0.308s ts=832654030015 states=6
[0201] DB 참조! (C:\Users\TRL98\Desktop\LAH_MUMT\Logs\Scenario_2026-05-21T132543\SBC3\InputMissionPlan\5.json)
[0401TRACE] handler slow seq=2724 elapsed=0.301s ts=832654055021 states=6
[REEXEC] refreshed 0201 clone detected before execute=2 listener -> dispatching 0902 replan request (package=5, timestamp=832654055195, inputMissionID=7)
[CURRENT] reexecute attach start: currentInputMissionID=7, firstPayloadInputID=7, aircraft=4,5,6
[CURRENT] reexecute cached 0401 rows loaded: count=6
[CURRENT] reexecute source missionPlanID attached: 700000061
[CURRENT] reexecute snapshot entries resolved: count=3, lead=5.0s
[CURRENT] reexecute current-position hybrid attached for all options
[RQUEUE] dispatching #31 재실행: 협업기저임무 재수행 요청
[REINPUT] skipped: reexecute 0201 already handled
[REEXEC] execute=2 received after refreshed 0201 clone -> already dispatched reexecute 0902 (package=5, timestamp=832654055195, inputMissionID=7)
[0902] replan request sent (level=1, reason=협업기저임무 재수행 요청, planIds=700000062, 700000063, 700000064)
[RQUEUE] active #31 재실행: 협업기저임무 재수행 요청
[RQUEUE] signal 0305 -> #31 재계획 수행중
[0401TRACE] handler slow seq=2733 elapsed=0.302s ts=832654059216 states=6
[0401TRACE] slow phase=turn_tab elapsed=0.181s seq=2761
[0401TRACE] handler slow seq=2761 elapsed=0.376s ts=832654071219 states=6
[RQUEUE] signal 0305 -> #31 재계획 산출 완료
[0401TRACE] handler slow seq=2762 elapsed=0.313s ts=832654071813 states=6
[RQUEUE] signal 0701 -> #31 옵션 정보 전송
[0401] path-deviation trigger suppressed: option pending until 0702 (queueID=31, source=reexecute_0201, stage=옵션 정보 전송)
[0702] ignore=2 -> apply missionPlanID=700000062, source=DSC
[QUALITY] startup grace armed (missionPlanID=700000062, duration=10.0s)
[RQUEUE] completed #31 재실행: 협업기저임무 재수행 요청 (결과 수신, signal=0702, active_ms=20510)
[RealTimeInferrer] Loading/Reloading Mission Plan: C:\Users\TRL98\Desktop\LAH_MUMT\Logs\Scenario_2026-05-21T132543\SBC3\MissionPlan\700000062.json
Updated Mission Context: torch.Size([384])
[0401] path-deviation trigger suppressed: within 3s after 0702 apply (remaining=2693ms)
[0401TRACE] handler slow seq=2772 elapsed=0.303s ts=832654076231 states=6
[0501] heartbeat failover send active
[0401TRACE] handler slow seq=2774 elapsed=0.307s ts=832654077218 states=6
[0402-close] no active tracking assignment matched destroyed target (targetID=77, eventWatcher=4)
[0402-close] no active tracking assignment matched destroyed target (targetID=78, eventWatcher=6)
[0402-close] no active tracking assignment matched destroyed target (targetID=79, eventWatcher=5)
[0402-close] no active tracking assignment matched destroyed target (targetID=80, eventWatcher=5)
[0402-close] no active tracking assignment matched destroyed target (targetID=81, eventWatcher=4)
[0402-close] no active tracking assignment matched destroyed target (targetID=82, eventWatcher=5)
[0402-close] no active tracking assignment matched destroyed target (targetID=83, eventWatcher=5)
[0402-close] no active tracking assignment matched destroyed target (targetID=84, eventWatcher=5)
[0402-close] no active tracking assignment matched destroyed target (targetID=85, eventWatcher=4)
[0402-close] no active tracking assignment matched destroyed target (targetID=86, eventWatcher=4)
[0402-close] no active tracking assignment matched destroyed target (targetID=87, eventWatcher=5)
[0402-close] no active tracking assignment matched destroyed target (targetID=88, eventWatcher=6)
[0402-close] no active tracking assignment matched destroyed target (targetID=89, eventWatcher=5)
[0402-close] no active tracking assignment matched destroyed target (targetID=90, eventWatcher=6)
[0402-close] no active tracking assignment matched destroyed target (targetID=91, eventWatcher=5)
[0402-close] no active tracking assignment matched destroyed target (targetID=92, eventWatcher=5)
[0402-close] no active tracking assignment matched destroyed target (targetID=93, eventWatcher=4)
[0402-close] no active tracking assignment matched destroyed target (targetID=94, eventWatcher=5)
[0402-close] no active tracking assignment matched destroyed target (targetID=96, eventWatcher=6)
[0402-close] no active tracking assignment matched destroyed target (targetID=97, eventWatcher=5)
[0402-close] no active tracking assignment matched destroyed target (targetID=98, eventWatcher=5)
[0402-close] no active tracking assignment matched destroyed target (targetID=99, eventWatcher=5)
[0402-close] no active tracking assignment matched destroyed target (targetID=100, eventWatcher=4)
[0402-close] no active tracking assignment matched destroyed target (targetID=101, eventWatcher=5)
[0402-close] no active tracking assignment matched destroyed target (targetID=102, eventWatcher=5)
[0401TRACE] handler slow seq=2804 elapsed=0.315s ts=832654090436 states=6
[0401TRACE] handler slow seq=2810 elapsed=0.311s ts=832654093415 states=6
[0401TRACE] handler slow seq=2826 elapsed=0.335s ts=832654101420 states=6
[0401TRACE] slow phase=area_tab elapsed=0.158s seq=2829
[0401TRACE] handler slow seq=2829 elapsed=0.329s ts=832654103023 states=6
[0401TRACE] handler slow seq=2833 elapsed=0.332s ts=832654105013 states=6
[0401TRACE] slow phase=area_tab elapsed=0.163s seq=2836
[0401TRACE] handler slow seq=2836 elapsed=0.346s ts=832654106422 states=6
[0401TRACE] handler slow seq=2837 elapsed=0.309s ts=832654107017 states=6
[0402-close] no active tracking assignment matched destroyed target (targetID=77, eventWatcher=4)
[0402-close] no active tracking assignment matched destroyed target (targetID=78, eventWatcher=6)
[0402-close] no active tracking assignment matched destroyed target (targetID=79, eventWatcher=5)
[0402-close] no active tracking assignment matched destroyed target (targetID=80, eventWatcher=5)
[0402-close] no active tracking assignment matched destroyed target (targetID=81, eventWatcher=4)
[0402-close] no active tracking assignment matched destroyed target (targetID=82, eventWatcher=5)
[0402-close] no active tracking assignment matched destroyed target (targetID=83, eventWatcher=5)
[0402-close] no active tracking assignment matched destroyed target (targetID=84, eventWatcher=5)
[0402-close] no active tracking assignment matched destroyed target (targetID=85, eventWatcher=4)
[0402-close] no active tracking assignment matched destroyed target (targetID=86, eventWatcher=4)
[0402-close] no active tracking assignment matched destroyed target (targetID=87, eventWatcher=5)
[0402-close] no active tracking assignment matched destroyed target (targetID=88, eventWatcher=6)
[0402-close] no active tracking assignment matched destroyed target (targetID=89, eventWatcher=5)
[0402-close] no active tracking assignment matched destroyed target (targetID=90, eventWatcher=6)
[0402-close] no active tracking assignment matched destroyed target (targetID=91, eventWatcher=5)
[0402-close] no active tracking assignment matched destroyed target (targetID=92, eventWatcher=5)
[0402-close] no active tracking assignment matched destroyed target (targetID=93, eventWatcher=4)
[0402-close] no active tracking assignment matched destroyed target (targetID=94, eventWatcher=5)
[0402-close] no active tracking assignment matched destroyed target (targetID=96, eventWatcher=6)
[0402-close] no active tracking assignment matched destroyed target (targetID=97, eventWatcher=5)
[0402-close] no active tracking assignment matched destroyed target (targetID=98, eventWatcher=5)
[0402-close] no active tracking assignment matched destroyed target (targetID=99, eventWatcher=5)
[0402-close] no active tracking assignment matched destroyed target (targetID=100, eventWatcher=4)
[0402-close] no active tracking assignment matched destroyed target (targetID=101, eventWatcher=5)
[0402-close] no active tracking assignment matched destroyed target (targetID=102, eventWatcher=5)
[0401TRACE] slow phase=area_tab elapsed=0.182s seq=2841
[0401TRACE] handler slow seq=2841 elapsed=0.381s ts=832654109030 states=6
[0401TRACE] handler slow seq=2844 elapsed=0.338s ts=832654110424 states=6
[0402-close] no active tracking assignment matched destroyed target (targetID=77, eventWatcher=4)
[0402-close] no active tracking assignment matched destroyed target (targetID=78, eventWatcher=6)
[0402-close] no active tracking assignment matched destroyed target (targetID=79, eventWatcher=5)
[0402-close] no active tracking assignment matched destroyed target (targetID=80, eventWatcher=5)
[0402-close] no active tracking assignment matched destroyed target (targetID=81, eventWatcher=4)
[0402-close] no active tracking assignment matched destroyed target (targetID=82, eventWatcher=5)
[0402-close] no active tracking assignment matched destroyed target (targetID=83, eventWatcher=5)
[0402-close] no active tracking assignment matched destroyed target (targetID=84, eventWatcher=5)
[0402-close] no active tracking assignment matched destroyed target (targetID=85, eventWatcher=4)
[0402-close] no active tracking assignment matched destroyed target (targetID=86, eventWatcher=4)
[0402-close] no active tracking assignment matched destroyed target (targetID=87, eventWatcher=5)
[0402-close] no active tracking assignment matched destroyed target (targetID=88, eventWatcher=6)
[0402-close] no active tracking assignment matched destroyed target (targetID=89, eventWatcher=5)
[0402-close] no active tracking assignment matched destroyed target (targetID=90, eventWatcher=6)
[0402-close] no active tracking assignment matched destroyed target (targetID=91, eventWatcher=5)
[0402-close] no active tracking assignment matched destroyed target (targetID=92, eventWatcher=5)
[0402-close] no active tracking assignment matched destroyed target (targetID=93, eventWatcher=4)
[0402-close] no active tracking assignment matched destroyed target (targetID=94, eventWatcher=5)
[0402-close] no active tracking assignment matched destroyed target (targetID=96, eventWatcher=6)
[0402-close] no active tracking assignment matched destroyed target (targetID=97, eventWatcher=5)
[0402-close] no active tracking assignment matched destroyed target (targetID=98, eventWatcher=5)
[0402-close] no active tracking assignment matched destroyed target (targetID=99, eventWatcher=5)
[0402-close] no active tracking assignment matched destroyed target (targetID=100, eventWatcher=4)
[0402-close] no active tracking assignment matched destroyed target (targetID=101, eventWatcher=5)
[0402-close] no active tracking assignment matched destroyed target (targetID=102, eventWatcher=5)
[0401TRACE] handler slow seq=2847 elapsed=0.301s ts=832654112013 states=6
[0402-close] no active tracking assignment matched destroyed target (targetID=77, eventWatcher=4)
[0402-close] no active tracking assignment matched destroyed target (targetID=78, eventWatcher=6)
[0402-close] no active tracking assignment matched destroyed target (targetID=79, eventWatcher=5)
[0402-close] no active tracking assignment matched destroyed target (targetID=80, eventWatcher=5)
[0402-close] no active tracking assignment matched destroyed target (targetID=81, eventWatcher=4)
[0402-close] no active tracking assignment matched destroyed target (targetID=82, eventWatcher=5)
[0402-close] no active tracking assignment matched destroyed target (targetID=83, eventWatcher=5)
[0402-close] no active tracking assignment matched destroyed target (targetID=84, eventWatcher=5)
[0402-close] no active tracking assignment matched destroyed target (targetID=85, eventWatcher=4)
[0402-close] no active tracking assignment matched destroyed target (targetID=86, eventWatcher=4)
[0402-close] no active tracking assignment matched destroyed target (targetID=87, eventWatcher=5)
[0402-close] no active tracking assignment matched destroyed target (targetID=88, eventWatcher=6)
[0402-close] no active tracking assignment matched destroyed target (targetID=89, eventWatcher=5)
[0402-close] no active tracking assignment matched destroyed target (targetID=90, eventWatcher=6)
[0402-close] no active tracking assignment matched destroyed target (targetID=91, eventWatcher=5)
[0402-close] no active tracking assignment matched destroyed target (targetID=92, eventWatcher=5)
[0402-close] no active tracking assignment matched destroyed target (targetID=93, eventWatcher=4)
[0402-close] no active tracking assignment matched destroyed target (targetID=94, eventWatcher=5)
[0402-close] no active tracking assignment matched destroyed target (targetID=96, eventWatcher=6)
[0402-close] no active tracking assignment matched destroyed target (targetID=97, eventWatcher=5)
[0402-close] no active tracking assignment matched destroyed target (targetID=98, eventWatcher=5)
[0402-close] no active tracking assignment matched destroyed target (targetID=99, eventWatcher=5)
[0402-close] no active tracking assignment matched destroyed target (targetID=100, eventWatcher=4)
[0402-close] no active tracking assignment matched destroyed target (targetID=101, eventWatcher=5)
[0402-close] no active tracking assignment matched destroyed target (targetID=102, eventWatcher=5)
[0401TRACE] slow phase=area_tab elapsed=0.205s seq=2848
[0401TRACE] handler slow seq=2848 elapsed=0.401s ts=832654112430 states=6
[0401TRACE] handler slow seq=2853 elapsed=0.310s ts=832654115023 states=6
[0401TRACE] handler slow seq=2856 elapsed=0.309s ts=832654116419 states=6
[0401TRACE] handler slow seq=2859 elapsed=0.326s ts=832654118076 states=6
[0401TRACE] handler slow seq=2861 elapsed=0.300s ts=832654119015 states=6
[0401TRACE] handler slow seq=2863 elapsed=0.333s ts=832654120025 states=6
[0401TRACE] slow phase=area_tab elapsed=0.169s seq=2864
[0501] heartbeat failover send active
[0401TRACE] handler slow seq=2864 elapsed=0.348s ts=832654120415 states=6
[0401TRACE] handler slow seq=2866 elapsed=0.355s ts=832654121416 states=6
[0401TRACE] handler slow seq=2867 elapsed=0.322s ts=832654122015 states=6
[0401TRACE] handler slow seq=2868 elapsed=0.301s ts=832654122422 states=6
[0401TRACE] slow phase=area_tab elapsed=0.165s seq=2869
[0401TRACE] handler slow seq=2869 elapsed=0.358s ts=832654123023 states=6
[0401TRACE] handler slow seq=2870 elapsed=0.380s ts=832654123425 states=6
[0401TRACE] handler slow seq=2873 elapsed=0.301s ts=832654125017 states=6
[0401TRACE] slow phase=area_tab elapsed=0.312s seq=2874
[0401TRACE] handler slow seq=2874 elapsed=0.521s ts=832654125420 states=6
[0501] heartbeat failover send active
[0402-close] no active tracking assignment matched destroyed target (targetID=77, eventWatcher=4)
[0402-close] no active tracking assignment matched destroyed target (targetID=78, eventWatcher=6)
[0402-close] no active tracking assignment matched destroyed target (targetID=79, eventWatcher=5)
[0402-close] no active tracking assignment matched destroyed target (targetID=80, eventWatcher=5)
[0402-close] no active tracking assignment matched destroyed target (targetID=81, eventWatcher=4)
[0402-close] no active tracking assignment matched destroyed target (targetID=82, eventWatcher=5)
[0402-close] no active tracking assignment matched destroyed target (targetID=83, eventWatcher=5)
[0402-close] no active tracking assignment matched destroyed target (targetID=84, eventWatcher=5)
[0402-close] no active tracking assignment matched destroyed target (targetID=85, eventWatcher=4)
[0402-close] no active tracking assignment matched destroyed target (targetID=86, eventWatcher=4)
[0402-close] no active tracking assignment matched destroyed target (targetID=87, eventWatcher=5)
[0402-close] no active tracking assignment matched destroyed target (targetID=88, eventWatcher=6)
[0402-close] no active tracking assignment matched destroyed target (targetID=89, eventWatcher=5)
[0402-close] no active tracking assignment matched destroyed target (targetID=90, eventWatcher=6)
[0402-close] no active tracking assignment matched destroyed target (targetID=91, eventWatcher=5)
[0402-close] no active tracking assignment matched destroyed target (targetID=92, eventWatcher=5)
[0402-close] no active tracking assignment matched destroyed target (targetID=93, eventWatcher=4)
[0402-close] no active tracking assignment matched destroyed target (targetID=94, eventWatcher=5)
[0402-close] no active tracking assignment matched destroyed target (targetID=96, eventWatcher=6)
[0402-close] no active tracking assignment matched destroyed target (targetID=97, eventWatcher=5)
[0402-close] no active tracking assignment matched destroyed target (targetID=98, eventWatcher=5)
[0402-close] no active tracking assignment matched destroyed target (targetID=99, eventWatcher=5)
[0402-close] no active tracking assignment matched destroyed target (targetID=100, eventWatcher=4)
[0402-close] no active tracking assignment matched destroyed target (targetID=101, eventWatcher=5)
[0402-close] no active tracking assignment matched destroyed target (targetID=102, eventWatcher=5)
[0401TRACE] handler slow seq=2877 elapsed=0.367s ts=832654127220 states=6
[0402-close] no active tracking assignment matched destroyed target (targetID=77, eventWatcher=4)
[0402-close] no active tracking assignment matched destroyed target (targetID=78, eventWatcher=6)
[0402-close] no active tracking assignment matched destroyed target (targetID=79, eventWatcher=5)
[0402-close] no active tracking assignment matched destroyed target (targetID=80, eventWatcher=5)
[0402-close] no active tracking assignment matched destroyed target (targetID=81, eventWatcher=4)
[0402-close] no active tracking assignment matched destroyed target (targetID=82, eventWatcher=5)
[0402-close] no active tracking assignment matched destroyed target (targetID=83, eventWatcher=5)
[0402-close] no active tracking assignment matched destroyed target (targetID=84, eventWatcher=5)
[0402-close] no active tracking assignment matched destroyed target (targetID=85, eventWatcher=4)
[0402-close] no active tracking assignment matched destroyed target (targetID=86, eventWatcher=4)
[0402-close] no active tracking assignment matched destroyed target (targetID=87, eventWatcher=5)
[0402-close] no active tracking assignment matched destroyed target (targetID=88, eventWatcher=6)
[0402-close] no active tracking assignment matched destroyed target (targetID=89, eventWatcher=5)
[0402-close] no active tracking assignment matched destroyed target (targetID=90, eventWatcher=6)
[0402-close] no active tracking assignment matched destroyed target (targetID=91, eventWatcher=5)
[0402-close] no active tracking assignment matched destroyed target (targetID=92, eventWatcher=5)
[0402-close] no active tracking assignment matched destroyed target (targetID=93, eventWatcher=4)
[0402-close] no active tracking assignment matched destroyed target (targetID=94, eventWatcher=5)
[0402-close] no active tracking assignment matched destroyed target (targetID=96, eventWatcher=6)
[0402-close] no active tracking assignment matched destroyed target (targetID=97, eventWatcher=5)
[0402-close] no active tracking assignment matched destroyed target (targetID=98, eventWatcher=5)
[0402-close] no active tracking assignment matched destroyed target (targetID=99, eventWatcher=5)
[0402-close] no active tracking assignment matched destroyed target (targetID=100, eventWatcher=4)
[0402-close] no active tracking assignment matched destroyed target (targetID=101, eventWatcher=5)
[0402-close] no active tracking assignment matched destroyed target (targetID=102, eventWatcher=5)
[0402] new detections: 1
[0402] bundled target replan prepared: key=103-5, primaryTargetID=103, targets=[103]
[RQUEUE] queued #32 표적탐지: 표적103 발견 재계획
[0401TRACE] handler slow seq=2878 elapsed=0.322s ts=832654127817 states=6
[0402-close] no active tracking assignment matched destroyed target (targetID=77, eventWatcher=4)
[0402-close] no active tracking assignment matched destroyed target (targetID=78, eventWatcher=6)
[0402-close] no active tracking assignment matched destroyed target (targetID=79, eventWatcher=5)
[0402-close] no active tracking assignment matched destroyed target (targetID=80, eventWatcher=5)
[0402-close] no active tracking assignment matched destroyed target (targetID=81, eventWatcher=4)
[0402-close] no active tracking assignment matched destroyed target (targetID=82, eventWatcher=5)
[0402-close] no active tracking assignment matched destroyed target (targetID=83, eventWatcher=5)
[0402-close] no active tracking assignment matched destroyed target (targetID=84, eventWatcher=5)
[0402-close] no active tracking assignment matched destroyed target (targetID=85, eventWatcher=4)
[0402-close] no active tracking assignment matched destroyed target (targetID=86, eventWatcher=4)
[0402-close] no active tracking assignment matched destroyed target (targetID=87, eventWatcher=5)
[0402-close] no active tracking assignment matched destroyed target (targetID=88, eventWatcher=6)
[0402-close] no active tracking assignment matched destroyed target (targetID=89, eventWatcher=5)
[0402-close] no active tracking assignment matched destroyed target (targetID=90, eventWatcher=6)
[0402-close] no active tracking assignment matched destroyed target (targetID=91, eventWatcher=5)
[0402-close] no active tracking assignment matched destroyed target (targetID=92, eventWatcher=5)
[0402-close] no active tracking assignment matched destroyed target (targetID=93, eventWatcher=4)
[0402-close] no active tracking assignment matched destroyed target (targetID=94, eventWatcher=5)
[0402-close] no active tracking assignment matched destroyed target (targetID=96, eventWatcher=6)
[0402-close] no active tracking assignment matched destroyed target (targetID=97, eventWatcher=5)
[0402-close] no active tracking assignment matched destroyed target (targetID=98, eventWatcher=5)
[0402-close] no active tracking assignment matched destroyed target (targetID=99, eventWatcher=5)
[0402-close] no active tracking assignment matched destroyed target (targetID=100, eventWatcher=4)
[0402-close] no active tracking assignment matched destroyed target (targetID=101, eventWatcher=5)
[0402-close] no active tracking assignment matched destroyed target (targetID=102, eventWatcher=5)
[0401TRACE] handler slow seq=2880 elapsed=0.323s ts=832654128814 states=6
[RQUEUE] dispatching #32 표적탐지: 표적103 발견 재계획
[0902] replan request sent (level=2, reason=표적103 발견 재계획, planIds=700000065, 700000066)
[RQUEUE] active #32 표적탐지: 표적103 발견 재계획
[RQUEUE] signal 0305 -> #32 재계획 수행중
[0401TRACE] slow phase=area_tab elapsed=0.219s seq=2882
[0401TRACE] handler slow seq=2882 elapsed=0.495s ts=832654129813 states=6
[0402-close] no active tracking assignment matched destroyed target (targetID=77, eventWatcher=4)
[0402-close] no active tracking assignment matched destroyed target (targetID=78, eventWatcher=6)
[0402-close] no active tracking assignment matched destroyed target (targetID=79, eventWatcher=5)
[0402-close] no active tracking assignment matched destroyed target (targetID=80, eventWatcher=5)
[0402-close] no active tracking assignment matched destroyed target (targetID=81, eventWatcher=4)
[0402-close] no active tracking assignment matched destroyed target (targetID=82, eventWatcher=5)
[0402-close] no active tracking assignment matched destroyed target (targetID=83, eventWatcher=5)
[0402-close] no active tracking assignment matched destroyed target (targetID=84, eventWatcher=5)
[0402-close] no active tracking assignment matched destroyed target (targetID=85, eventWatcher=4)
[0402-close] no active tracking assignment matched destroyed target (targetID=86, eventWatcher=4)
[0402-close] no active tracking assignment matched destroyed target (targetID=87, eventWatcher=5)
[0402-close] no active tracking assignment matched destroyed target (targetID=88, eventWatcher=6)
[0402-close] no active tracking assignment matched destroyed target (targetID=89, eventWatcher=5)
[0402-close] no active tracking assignment matched destroyed target (targetID=90, eventWatcher=6)
[0402-close] no active tracking assignment matched destroyed target (targetID=91, eventWatcher=5)
[0402-close] no active tracking assignment matched destroyed target (targetID=92, eventWatcher=5)
[0402-close] no active tracking assignment matched destroyed target (targetID=93, eventWatcher=4)
[0402-close] no active tracking assignment matched destroyed target (targetID=94, eventWatcher=5)
[0402-close] no active tracking assignment matched destroyed target (targetID=96, eventWatcher=6)
[0402-close] no active tracking assignment matched destroyed target (targetID=97, eventWatcher=5)
[0402-close] no active tracking assignment matched destroyed target (targetID=98, eventWatcher=5)
[0402-close] no active tracking assignment matched destroyed target (targetID=99, eventWatcher=5)
[0402-close] no active tracking assignment matched destroyed target (targetID=100, eventWatcher=4)
[0402-close] no active tracking assignment matched destroyed target (targetID=101, eventWatcher=5)
[0402-close] no active tracking assignment matched destroyed target (targetID=102, eventWatcher=5)
[0401TRACE] handler slow seq=2883 elapsed=0.344s ts=832654130423 states=6
[0402-close] no active tracking assignment matched destroyed target (targetID=77, eventWatcher=4)
[0402-close] no active tracking assignment matched destroyed target (targetID=78, eventWatcher=6)
[0402-close] no active tracking assignment matched destroyed target (targetID=79, eventWatcher=5)
[0402-close] no active tracking assignment matched destroyed target (targetID=80, eventWatcher=5)
[0402-close] no active tracking assignment matched destroyed target (targetID=81, eventWatcher=4)
[0402-close] no active tracking assignment matched destroyed target (targetID=82, eventWatcher=5)
[0402-close] no active tracking assignment matched destroyed target (targetID=83, eventWatcher=5)
[0402-close] no active tracking assignment matched destroyed target (targetID=84, eventWatcher=5)
[0402-close] no active tracking assignment matched destroyed target (targetID=85, eventWatcher=4)
[0402-close] no active tracking assignment matched destroyed target (targetID=86, eventWatcher=4)
[0402-close] no active tracking assignment matched destroyed target (targetID=87, eventWatcher=5)
[0402-close] no active tracking assignment matched destroyed target (targetID=88, eventWatcher=6)
[0402-close] no active tracking assignment matched destroyed target (targetID=89, eventWatcher=5)
[0402-close] no active tracking assignment matched destroyed target (targetID=90, eventWatcher=6)
[0402-close] no active tracking assignment matched destroyed target (targetID=91, eventWatcher=5)
[0402-close] no active tracking assignment matched destroyed target (targetID=92, eventWatcher=5)
[0402-close] no active tracking assignment matched destroyed target (targetID=93, eventWatcher=4)
[0402-close] no active tracking assignment matched destroyed target (targetID=94, eventWatcher=5)
[0402-close] no active tracking assignment matched destroyed target (targetID=96, eventWatcher=6)
[0402-close] no active tracking assignment matched destroyed target (targetID=97, eventWatcher=5)
[0402-close] no active tracking assignment matched destroyed target (targetID=98, eventWatcher=5)
[0402-close] no active tracking assignment matched destroyed target (targetID=99, eventWatcher=5)
[0402-close] no active tracking assignment matched destroyed target (targetID=100, eventWatcher=4)
[0402-close] no active tracking assignment matched destroyed target (targetID=101, eventWatcher=5)
[0402-close] no active tracking assignment matched destroyed target (targetID=102, eventWatcher=5)
[0401TRACE] handler slow seq=2884 elapsed=0.400s ts=832654131016 states=6
[0401TRACE] handler slow seq=2885 elapsed=0.306s ts=832654131817 states=6
[0402-close] no active tracking assignment matched destroyed target (targetID=77, eventWatcher=4)
[0402-close] no active tracking assignment matched destroyed target (targetID=78, eventWatcher=6)
[0402-close] no active tracking assignment matched destroyed target (targetID=79, eventWatcher=5)
[0402-close] no active tracking assignment matched destroyed target (targetID=80, eventWatcher=5)
[0402-close] no active tracking assignment matched destroyed target (targetID=81, eventWatcher=4)
[0402-close] no active tracking assignment matched destroyed target (targetID=82, eventWatcher=5)
[0402-close] no active tracking assignment matched destroyed target (targetID=83, eventWatcher=5)
[0402-close] no active tracking assignment matched destroyed target (targetID=84, eventWatcher=5)
[0402-close] no active tracking assignment matched destroyed target (targetID=85, eventWatcher=4)
[0402-close] no active tracking assignment matched destroyed target (targetID=86, eventWatcher=4)
[0402-close] no active tracking assignment matched destroyed target (targetID=87, eventWatcher=5)
[0402-close] no active tracking assignment matched destroyed target (targetID=88, eventWatcher=6)
[0402-close] no active tracking assignment matched destroyed target (targetID=89, eventWatcher=5)
[0402-close] no active tracking assignment matched destroyed target (targetID=90, eventWatcher=6)
[0402-close] no active tracking assignment matched destroyed target (targetID=91, eventWatcher=5)
[0402-close] no active tracking assignment matched destroyed target (targetID=92, eventWatcher=5)
[0402-close] no active tracking assignment matched destroyed target (targetID=93, eventWatcher=4)
[0402-close] no active tracking assignment matched destroyed target (targetID=94, eventWatcher=5)
[0402-close] no active tracking assignment matched destroyed target (targetID=96, eventWatcher=6)
[0402-close] no active tracking assignment matched destroyed target (targetID=97, eventWatcher=5)
[0402-close] no active tracking assignment matched destroyed target (targetID=98, eventWatcher=5)
[0402-close] no active tracking assignment matched destroyed target (targetID=99, eventWatcher=5)
[0402-close] no active tracking assignment matched destroyed target (targetID=100, eventWatcher=4)
[0402-close] no active tracking assignment matched destroyed target (targetID=101, eventWatcher=5)
[0402-close] no active tracking assignment matched destroyed target (targetID=102, eventWatcher=5)
[0401TRACE] slow phase=area_tab elapsed=0.230s seq=2886
[0501] heartbeat failover send active
[0401TRACE] handler slow seq=2886 elapsed=0.539s ts=832654132225 states=6
[0402-close] no active tracking assignment matched destroyed target (targetID=77, eventWatcher=4)
[0402-close] no active tracking assignment matched destroyed target (targetID=78, eventWatcher=6)
[0402-close] no active tracking assignment matched destroyed target (targetID=79, eventWatcher=5)
[0402-close] no active tracking assignment matched destroyed target (targetID=80, eventWatcher=5)
[0402-close] no active tracking assignment matched destroyed target (targetID=81, eventWatcher=4)
[0402-close] no active tracking assignment matched destroyed target (targetID=82, eventWatcher=5)
[0402-close] no active tracking assignment matched destroyed target (targetID=83, eventWatcher=5)
[0402-close] no active tracking assignment matched destroyed target (targetID=84, eventWatcher=5)
[0402-close] no active tracking assignment matched destroyed target (targetID=85, eventWatcher=4)
[0402-close] no active tracking assignment matched destroyed target (targetID=86, eventWatcher=4)
[0402-close] no active tracking assignment matched destroyed target (targetID=87, eventWatcher=5)
[0402-close] no active tracking assignment matched destroyed target (targetID=88, eventWatcher=6)
[0402-close] no active tracking assignment matched destroyed target (targetID=89, eventWatcher=5)
[0402-close] no active tracking assignment matched destroyed target (targetID=90, eventWatcher=6)
[0402-close] no active tracking assignment matched destroyed target (targetID=91, eventWatcher=5)
[0402-close] no active tracking assignment matched destroyed target (targetID=92, eventWatcher=5)
[0402-close] no active tracking assignment matched destroyed target (targetID=93, eventWatcher=4)
[0402-close] no active tracking assignment matched destroyed target (targetID=94, eventWatcher=5)
[0402-close] no active tracking assignment matched destroyed target (targetID=96, eventWatcher=6)
[0402-close] no active tracking assignment matched destroyed target (targetID=97, eventWatcher=5)
[0402-close] no active tracking assignment matched destroyed target (targetID=98, eventWatcher=5)
[0402-close] no active tracking assignment matched destroyed target (targetID=99, eventWatcher=5)
[0402-close] no active tracking assignment matched destroyed target (targetID=100, eventWatcher=4)
[0402-close] no active tracking assignment matched destroyed target (targetID=101, eventWatcher=5)
[0402-close] no active tracking assignment matched destroyed target (targetID=102, eventWatcher=5)
[0401TRACE] handler slow seq=2887 elapsed=0.336s ts=832654133024 states=6
[0401TRACE] handler slow seq=2888 elapsed=0.352s ts=832654133414 states=6
[0402-close] no active tracking assignment matched destroyed target (targetID=77, eventWatcher=4)
[0402-close] no active tracking assignment matched destroyed target (targetID=78, eventWatcher=6)
[0402-close] no active tracking assignment matched destroyed target (targetID=79, eventWatcher=5)
[0402-close] no active tracking assignment matched destroyed target (targetID=80, eventWatcher=5)
[0402-close] no active tracking assignment matched destroyed target (targetID=81, eventWatcher=4)
[0402-close] no active tracking assignment matched destroyed target (targetID=82, eventWatcher=5)
[0402-close] no active tracking assignment matched destroyed target (targetID=83, eventWatcher=5)
[0402-close] no active tracking assignment matched destroyed target (targetID=84, eventWatcher=5)
[0402-close] no active tracking assignment matched destroyed target (targetID=85, eventWatcher=4)
[0402-close] no active tracking assignment matched destroyed target (targetID=86, eventWatcher=4)
[0402-close] no active tracking assignment matched destroyed target (targetID=87, eventWatcher=5)
[0402-close] no active tracking assignment matched destroyed target (targetID=88, eventWatcher=6)
[0402-close] no active tracking assignment matched destroyed target (targetID=89, eventWatcher=5)
[0402-close] no active tracking assignment matched destroyed target (targetID=90, eventWatcher=6)
[0402-close] no active tracking assignment matched destroyed target (targetID=91, eventWatcher=5)
[0402-close] no active tracking assignment matched destroyed target (targetID=92, eventWatcher=5)
[0402-close] no active tracking assignment matched destroyed target (targetID=93, eventWatcher=4)
[0402-close] no active tracking assignment matched destroyed target (targetID=94, eventWatcher=5)
[0402-close] no active tracking assignment matched destroyed target (targetID=96, eventWatcher=6)
[0402-close] no active tracking assignment matched destroyed target (targetID=97, eventWatcher=5)
[0402-close] no active tracking assignment matched destroyed target (targetID=98, eventWatcher=5)
[0402-close] no active tracking assignment matched destroyed target (targetID=99, eventWatcher=5)
[0402-close] no active tracking assignment matched destroyed target (targetID=100, eventWatcher=4)
[0402-close] no active tracking assignment matched destroyed target (targetID=101, eventWatcher=5)
[0402-close] no active tracking assignment matched destroyed target (targetID=102, eventWatcher=5)
[0401TRACE] handler slow seq=2889 elapsed=0.335s ts=832654134025 states=6
[0402-close] no active tracking assignment matched destroyed target (targetID=77, eventWatcher=4)
[0402-close] no active tracking assignment matched destroyed target (targetID=78, eventWatcher=6)
[0402-close] no active tracking assignment matched destroyed target (targetID=79, eventWatcher=5)
[0402-close] no active tracking assignment matched destroyed target (targetID=80, eventWatcher=5)
[0402-close] no active tracking assignment matched destroyed target (targetID=81, eventWatcher=4)
[0402-close] no active tracking assignment matched destroyed target (targetID=82, eventWatcher=5)
[0402-close] no active tracking assignment matched destroyed target (targetID=83, eventWatcher=5)
[0402-close] no active tracking assignment matched destroyed target (targetID=84, eventWatcher=5)
[0402-close] no active tracking assignment matched destroyed target (targetID=85, eventWatcher=4)
[0402-close] no active tracking assignment matched destroyed target (targetID=86, eventWatcher=4)
[0402-close] no active tracking assignment matched destroyed target (targetID=87, eventWatcher=5)
[0402-close] no active tracking assignment matched destroyed target (targetID=88, eventWatcher=6)
[0402-close] no active tracking assignment matched destroyed target (targetID=89, eventWatcher=5)
[0402-close] no active tracking assignment matched destroyed target (targetID=90, eventWatcher=6)
[0402-close] no active tracking assignment matched destroyed target (targetID=91, eventWatcher=5)
[0402-close] no active tracking assignment matched destroyed target (targetID=92, eventWatcher=5)
[0402-close] no active tracking assignment matched destroyed target (targetID=93, eventWatcher=4)
[0402-close] no active tracking assignment matched destroyed target (targetID=94, eventWatcher=5)
[0402-close] no active tracking assignment matched destroyed target (targetID=96, eventWatcher=6)
[0402-close] no active tracking assignment matched destroyed target (targetID=97, eventWatcher=5)
[0402-close] no active tracking assignment matched destroyed target (targetID=98, eventWatcher=5)
[0402-close] no active tracking assignment matched destroyed target (targetID=99, eventWatcher=5)
[0402-close] no active tracking assignment matched destroyed target (targetID=100, eventWatcher=4)
[0402-close] no active tracking assignment matched destroyed target (targetID=101, eventWatcher=5)
[0402-close] no active tracking assignment matched destroyed target (targetID=102, eventWatcher=5)
[0401TRACE] slow phase=area_tab elapsed=0.271s seq=2891
[0401TRACE] handler slow seq=2891 elapsed=0.525s ts=832654135025 states=6
[0401TRACE] handler slow seq=2892 elapsed=0.323s ts=832654135813 states=6
[0402-close] no active tracking assignment matched destroyed target (targetID=77, eventWatcher=4)
[0402-close] no active tracking assignment matched destroyed target (targetID=78, eventWatcher=6)
[0402-close] no active tracking assignment matched destroyed target (targetID=79, eventWatcher=5)
[0402-close] no active tracking assignment matched destroyed target (targetID=80, eventWatcher=5)
[0402-close] no active tracking assignment matched destroyed target (targetID=81, eventWatcher=4)
[0402-close] no active tracking assignment matched destroyed target (targetID=82, eventWatcher=5)
[0402-close] no active tracking assignment matched destroyed target (targetID=83, eventWatcher=5)
[0402-close] no active tracking assignment matched destroyed target (targetID=84, eventWatcher=5)
[0402-close] no active tracking assignment matched destroyed target (targetID=85, eventWatcher=4)
[0402-close] no active tracking assignment matched destroyed target (targetID=86, eventWatcher=4)
[0402-close] no active tracking assignment matched destroyed target (targetID=87, eventWatcher=5)
[0402-close] no active tracking assignment matched destroyed target (targetID=88, eventWatcher=6)
[0402-close] no active tracking assignment matched destroyed target (targetID=89, eventWatcher=5)
[0402-close] no active tracking assignment matched destroyed target (targetID=90, eventWatcher=6)
[0402-close] no active tracking assignment matched destroyed target (targetID=91, eventWatcher=5)
[0402-close] no active tracking assignment matched destroyed target (targetID=92, eventWatcher=5)
[0402-close] no active tracking assignment matched destroyed target (targetID=93, eventWatcher=4)
[0402-close] no active tracking assignment matched destroyed target (targetID=94, eventWatcher=5)
[0402-close] no active tracking assignment matched destroyed target (targetID=96, eventWatcher=6)
[0402-close] no active tracking assignment matched destroyed target (targetID=97, eventWatcher=5)
[0402-close] no active tracking assignment matched destroyed target (targetID=98, eventWatcher=5)
[0402-close] no active tracking assignment matched destroyed target (targetID=99, eventWatcher=5)
[0402-close] no active tracking assignment matched destroyed target (targetID=100, eventWatcher=4)
[0402-close] no active tracking assignment matched destroyed target (targetID=101, eventWatcher=5)
[0402-close] no active tracking assignment matched destroyed target (targetID=102, eventWatcher=5)
[0401TRACE] handler slow seq=2893 elapsed=0.424s ts=832654136215 states=6
[0401TRACE] handler slow seq=2894 elapsed=0.328s ts=832654137017 states=6
[0402-close] no active tracking assignment matched destroyed target (targetID=77, eventWatcher=4)
[0402-close] no active tracking assignment matched destroyed target (targetID=78, eventWatcher=6)
[0402-close] no active tracking assignment matched destroyed target (targetID=79, eventWatcher=5)
[0402-close] no active tracking assignment matched destroyed target (targetID=80, eventWatcher=5)
[0402-close] no active tracking assignment matched destroyed target (targetID=81, eventWatcher=4)
[0402-close] no active tracking assignment matched destroyed target (targetID=82, eventWatcher=5)
[0402-close] no active tracking assignment matched destroyed target (targetID=83, eventWatcher=5)
[0402-close] no active tracking assignment matched destroyed target (targetID=84, eventWatcher=5)
[0402-close] no active tracking assignment matched destroyed target (targetID=85, eventWatcher=4)
[0402-close] no active tracking assignment matched destroyed target (targetID=86, eventWatcher=4)
[0402-close] no active tracking assignment matched destroyed target (targetID=87, eventWatcher=5)
[0402-close] no active tracking assignment matched destroyed target (targetID=88, eventWatcher=6)
[0402-close] no active tracking assignment matched destroyed target (targetID=89, eventWatcher=5)
[0402-close] no active tracking assignment matched destroyed target (targetID=90, eventWatcher=6)
[0402-close] no active tracking assignment matched destroyed target (targetID=91, eventWatcher=5)
[0402-close] no active tracking assignment matched destroyed target (targetID=92, eventWatcher=5)
[0402-close] no active tracking assignment matched destroyed target (targetID=93, eventWatcher=4)
[0402-close] no active tracking assignment matched destroyed target (targetID=94, eventWatcher=5)
[0402-close] no active tracking assignment matched destroyed target (targetID=96, eventWatcher=6)
[0402-close] no active tracking assignment matched destroyed target (targetID=97, eventWatcher=5)
[0402-close] no active tracking assignment matched destroyed target (targetID=98, eventWatcher=5)
[0402-close] no active tracking assignment matched destroyed target (targetID=99, eventWatcher=5)
[0402-close] no active tracking assignment matched destroyed target (targetID=100, eventWatcher=4)
[0402-close] no active tracking assignment matched destroyed target (targetID=101, eventWatcher=5)
[0402-close] no active tracking assignment matched destroyed target (targetID=102, eventWatcher=5)
[0501] heartbeat failover send active
[0401TRACE] slow phase=area_tab elapsed=0.253s seq=2895
[0401TRACE] handler slow seq=2895 elapsed=0.514s ts=832654137422 states=6
[0402-close] no active tracking assignment matched destroyed target (targetID=77, eventWatcher=4)
[0402-close] no active tracking assignment matched destroyed target (targetID=78, eventWatcher=6)
[0402-close] no active tracking assignment matched destroyed target (targetID=79, eventWatcher=5)
[0402-close] no active tracking assignment matched destroyed target (targetID=80, eventWatcher=5)
[0402-close] no active tracking assignment matched destroyed target (targetID=81, eventWatcher=4)
[0402-close] no active tracking assignment matched destroyed target (targetID=82, eventWatcher=5)
[0402-close] no active tracking assignment matched destroyed target (targetID=83, eventWatcher=5)
[0402-close] no active tracking assignment matched destroyed target (targetID=84, eventWatcher=5)
[0402-close] no active tracking assignment matched destroyed target (targetID=85, eventWatcher=4)
[0402-close] no active tracking assignment matched destroyed target (targetID=86, eventWatcher=4)
[0402-close] no active tracking assignment matched destroyed target (targetID=87, eventWatcher=5)
[0402-close] no active tracking assignment matched destroyed target (targetID=88, eventWatcher=6)
[0402-close] no active tracking assignment matched destroyed target (targetID=89, eventWatcher=5)
[0402-close] no active tracking assignment matched destroyed target (targetID=90, eventWatcher=6)
[0402-close] no active tracking assignment matched destroyed target (targetID=91, eventWatcher=5)
[0402-close] no active tracking assignment matched destroyed target (targetID=92, eventWatcher=5)
[0402-close] no active tracking assignment matched destroyed target (targetID=93, eventWatcher=4)
[0402-close] no active tracking assignment matched destroyed target (targetID=94, eventWatcher=5)
[0402-close] no active tracking assignment matched destroyed target (targetID=96, eventWatcher=6)
[0402-close] no active tracking assignment matched destroyed target (targetID=97, eventWatcher=5)
[0402-close] no active tracking assignment matched destroyed target (targetID=98, eventWatcher=5)
[0402-close] no active tracking assignment matched destroyed target (targetID=99, eventWatcher=5)
[0402-close] no active tracking assignment matched destroyed target (targetID=100, eventWatcher=4)
[0402-close] no active tracking assignment matched destroyed target (targetID=101, eventWatcher=5)
[0402-close] no active tracking assignment matched destroyed target (targetID=102, eventWatcher=5)
[0401TRACE] handler slow seq=2896 elapsed=0.334s ts=832654138219 states=6
[0401TRACE] handler slow seq=2897 elapsed=0.535s ts=832654138825 states=6
[0402-close] no active tracking assignment matched destroyed target (targetID=77, eventWatcher=4)
[0402-close] no active tracking assignment matched destroyed target (targetID=78, eventWatcher=6)
[0402-close] no active tracking assignment matched destroyed target (targetID=79, eventWatcher=5)
[0402-close] no active tracking assignment matched destroyed target (targetID=80, eventWatcher=5)
[0402-close] no active tracking assignment matched destroyed target (targetID=81, eventWatcher=4)
[0402-close] no active tracking assignment matched destroyed target (targetID=82, eventWatcher=5)
[0402-close] no active tracking assignment matched destroyed target (targetID=83, eventWatcher=5)
[0402-close] no active tracking assignment matched destroyed target (targetID=84, eventWatcher=5)
[0402-close] no active tracking assignment matched destroyed target (targetID=85, eventWatcher=4)
[0402-close] no active tracking assignment matched destroyed target (targetID=86, eventWatcher=4)
[0402-close] no active tracking assignment matched destroyed target (targetID=87, eventWatcher=5)
[0402-close] no active tracking assignment matched destroyed target (targetID=88, eventWatcher=6)
[0402-close] no active tracking assignment matched destroyed target (targetID=89, eventWatcher=5)
[0402-close] no active tracking assignment matched destroyed target (targetID=90, eventWatcher=6)
[0402-close] no active tracking assignment matched destroyed target (targetID=91, eventWatcher=5)
[0402-close] no active tracking assignment matched destroyed target (targetID=92, eventWatcher=5)
[0402-close] no active tracking assignment matched destroyed target (targetID=93, eventWatcher=4)
[0402-close] no active tracking assignment matched destroyed target (targetID=94, eventWatcher=5)
[0402-close] no active tracking assignment matched destroyed target (targetID=96, eventWatcher=6)
[0402-close] no active tracking assignment matched destroyed target (targetID=97, eventWatcher=5)
[0402-close] no active tracking assignment matched destroyed target (targetID=98, eventWatcher=5)
[0402-close] no active tracking assignment matched destroyed target (targetID=99, eventWatcher=5)
[0402-close] no active tracking assignment matched destroyed target (targetID=100, eventWatcher=4)
[0402-close] no active tracking assignment matched destroyed target (targetID=101, eventWatcher=5)
[0402-close] no active tracking assignment matched destroyed target (targetID=102, eventWatcher=5)
[0401TRACE] handler slow seq=2898 elapsed=0.313s ts=832654139421 states=6
[0402-close] no active tracking assignment matched destroyed target (targetID=77, eventWatcher=4)
[0402-close] no active tracking assignment matched destroyed target (targetID=78, eventWatcher=6)
[0402-close] no active tracking assignment matched destroyed target (targetID=79, eventWatcher=5)
[0402-close] no active tracking assignment matched destroyed target (targetID=80, eventWatcher=5)
[0402-close] no active tracking assignment matched destroyed target (targetID=81, eventWatcher=4)
[0402-close] no active tracking assignment matched destroyed target (targetID=82, eventWatcher=5)
[0402-close] no active tracking assignment matched destroyed target (targetID=83, eventWatcher=5)
[0402-close] no active tracking assignment matched destroyed target (targetID=84, eventWatcher=5)
[0402-close] no active tracking assignment matched destroyed target (targetID=85, eventWatcher=4)
[0402-close] no active tracking assignment matched destroyed target (targetID=86, eventWatcher=4)
[0402-close] no active tracking assignment matched destroyed target (targetID=87, eventWatcher=5)
[0402-close] no active tracking assignment matched destroyed target (targetID=88, eventWatcher=6)
[0402-close] no active tracking assignment matched destroyed target (targetID=89, eventWatcher=5)
[0402-close] no active tracking assignment matched destroyed target (targetID=90, eventWatcher=6)
[0402-close] no active tracking assignment matched destroyed target (targetID=91, eventWatcher=5)
[0402-close] no active tracking assignment matched destroyed target (targetID=92, eventWatcher=5)
[0402-close] no active tracking assignment matched destroyed target (targetID=93, eventWatcher=4)
[0402-close] no active tracking assignment matched destroyed target (targetID=94, eventWatcher=5)
[0402-close] no active tracking assignment matched destroyed target (targetID=96, eventWatcher=6)
[0402-close] no active tracking assignment matched destroyed target (targetID=97, eventWatcher=5)
[0402-close] no active tracking assignment matched destroyed target (targetID=98, eventWatcher=5)
[0402-close] no active tracking assignment matched destroyed target (targetID=99, eventWatcher=5)
[0402-close] no active tracking assignment matched destroyed target (targetID=100, eventWatcher=4)
[0402-close] no active tracking assignment matched destroyed target (targetID=101, eventWatcher=5)
[0402-close] no active tracking assignment matched destroyed target (targetID=102, eventWatcher=5)
[0401TRACE] handler slow seq=2900 elapsed=0.320s ts=832654140423 states=6
[0402-close] no active tracking assignment matched destroyed target (targetID=77, eventWatcher=4)
[0402-close] no active tracking assignment matched destroyed target (targetID=78, eventWatcher=6)
[0402-close] no active tracking assignment matched destroyed target (targetID=79, eventWatcher=5)
[0402-close] no active tracking assignment matched destroyed target (targetID=80, eventWatcher=5)
[0402-close] no active tracking assignment matched destroyed target (targetID=81, eventWatcher=4)
[0402-close] no active tracking assignment matched destroyed target (targetID=82, eventWatcher=5)
[0402-close] no active tracking assignment matched destroyed target (targetID=83, eventWatcher=5)
[0402-close] no active tracking assignment matched destroyed target (targetID=84, eventWatcher=5)
[0402-close] no active tracking assignment matched destroyed target (targetID=85, eventWatcher=4)
[0402-close] no active tracking assignment matched destroyed target (targetID=86, eventWatcher=4)
[0402-close] no active tracking assignment matched destroyed target (targetID=87, eventWatcher=5)
[0402-close] no active tracking assignment matched destroyed target (targetID=88, eventWatcher=6)
[0402-close] no active tracking assignment matched destroyed target (targetID=89, eventWatcher=5)
[0402-close] no active tracking assignment matched destroyed target (targetID=90, eventWatcher=6)
[0402-close] no active tracking assignment matched destroyed target (targetID=91, eventWatcher=5)
[0402-close] no active tracking assignment matched destroyed target (targetID=92, eventWatcher=5)
[0402-close] no active tracking assignment matched destroyed target (targetID=93, eventWatcher=4)
[0402-close] no active tracking assignment matched destroyed target (targetID=94, eventWatcher=5)
[0402-close] no active tracking assignment matched destroyed target (targetID=96, eventWatcher=6)
[0402-close] no active tracking assignment matched destroyed target (targetID=97, eventWatcher=5)
[0402-close] no active tracking assignment matched destroyed target (targetID=98, eventWatcher=5)
[0402-close] no active tracking assignment matched destroyed target (targetID=99, eventWatcher=5)
[0402-close] no active tracking assignment matched destroyed target (targetID=100, eventWatcher=4)
[0402-close] no active tracking assignment matched destroyed target (targetID=101, eventWatcher=5)
[0402-close] no active tracking assignment matched destroyed target (targetID=102, eventWatcher=5)
[0401TRACE] slow phase=area_tab elapsed=0.184s seq=2902
[0401TRACE] handler slow seq=2902 elapsed=0.456s ts=832654141420 states=6
[0401TRACE] handler slow seq=2903 elapsed=0.302s ts=832654142225 states=6
[0402-close] no active tracking assignment matched destroyed target (targetID=77, eventWatcher=4)
[0402-close] no active tracking assignment matched destroyed target (targetID=78, eventWatcher=6)
[0402-close] no active tracking assignment matched destroyed target (targetID=79, eventWatcher=5)
[0402-close] no active tracking assignment matched destroyed target (targetID=80, eventWatcher=5)
[0402-close] no active tracking assignment matched destroyed target (targetID=81, eventWatcher=4)
[0402-close] no active tracking assignment matched destroyed target (targetID=82, eventWatcher=5)
[0402-close] no active tracking assignment matched destroyed target (targetID=83, eventWatcher=5)
[0402-close] no active tracking assignment matched destroyed target (targetID=84, eventWatcher=5)
[0402-close] no active tracking assignment matched destroyed target (targetID=85, eventWatcher=4)
[0402-close] no active tracking assignment matched destroyed target (targetID=86, eventWatcher=4)
[0402-close] no active tracking assignment matched destroyed target (targetID=87, eventWatcher=5)
[0402-close] no active tracking assignment matched destroyed target (targetID=88, eventWatcher=6)
[0402-close] no active tracking assignment matched destroyed target (targetID=89, eventWatcher=5)
[0402-close] no active tracking assignment matched destroyed target (targetID=90, eventWatcher=6)
[0402-close] no active tracking assignment matched destroyed target (targetID=91, eventWatcher=5)
[0402-close] no active tracking assignment matched destroyed target (targetID=92, eventWatcher=5)
[0402-close] no active tracking assignment matched destroyed target (targetID=93, eventWatcher=4)
[0402-close] no active tracking assignment matched destroyed target (targetID=94, eventWatcher=5)
[0402-close] no active tracking assignment matched destroyed target (targetID=96, eventWatcher=6)
[0402-close] no active tracking assignment matched destroyed target (targetID=97, eventWatcher=5)
[0402-close] no active tracking assignment matched destroyed target (targetID=98, eventWatcher=5)
[0402-close] no active tracking assignment matched destroyed target (targetID=99, eventWatcher=5)
[0402-close] no active tracking assignment matched destroyed target (targetID=100, eventWatcher=4)
[0402-close] no active tracking assignment matched destroyed target (targetID=101, eventWatcher=5)
[0402-close] no active tracking assignment matched destroyed target (targetID=102, eventWatcher=5)
[0401TRACE] handler slow seq=2904 elapsed=0.319s ts=832654142821 states=6
[0402-close] no active tracking assignment matched destroyed target (targetID=77, eventWatcher=4)
[0402-close] no active tracking assignment matched destroyed target (targetID=78, eventWatcher=6)
[0402-close] no active tracking assignment matched destroyed target (targetID=79, eventWatcher=5)
[0402-close] no active tracking assignment matched destroyed target (targetID=80, eventWatcher=5)
[0402-close] no active tracking assignment matched destroyed target (targetID=81, eventWatcher=4)
[0402-close] no active tracking assignment matched destroyed target (targetID=82, eventWatcher=5)
[0402-close] no active tracking assignment matched destroyed target (targetID=83, eventWatcher=5)
[0402-close] no active tracking assignment matched destroyed target (targetID=84, eventWatcher=5)
[0402-close] no active tracking assignment matched destroyed target (targetID=85, eventWatcher=4)
[0402-close] no active tracking assignment matched destroyed target (targetID=86, eventWatcher=4)
[0402-close] no active tracking assignment matched destroyed target (targetID=87, eventWatcher=5)
[0402-close] no active tracking assignment matched destroyed target (targetID=88, eventWatcher=6)
[0402-close] no active tracking assignment matched destroyed target (targetID=89, eventWatcher=5)
[0402-close] no active tracking assignment matched destroyed target (targetID=90, eventWatcher=6)
[0402-close] no active tracking assignment matched destroyed target (targetID=91, eventWatcher=5)
[0402-close] no active tracking assignment matched destroyed target (targetID=92, eventWatcher=5)
[0402-close] no active tracking assignment matched destroyed target (targetID=93, eventWatcher=4)
[0402-close] no active tracking assignment matched destroyed target (targetID=94, eventWatcher=5)
[0402-close] no active tracking assignment matched destroyed target (targetID=96, eventWatcher=6)
[0402-close] no active tracking assignment matched destroyed target (targetID=97, eventWatcher=5)
[0402-close] no active tracking assignment matched destroyed target (targetID=98, eventWatcher=5)
[0402-close] no active tracking assignment matched destroyed target (targetID=99, eventWatcher=5)
[0402-close] no active tracking assignment matched destroyed target (targetID=100, eventWatcher=4)
[0402-close] no active tracking assignment matched destroyed target (targetID=101, eventWatcher=5)
[0402-close] no active tracking assignment matched destroyed target (targetID=102, eventWatcher=5)
[0401TRACE] slow phase=area_tab elapsed=0.184s seq=2906
[0401TRACE] handler slow seq=2906 elapsed=0.424s ts=832654143811 states=6
[0402-close] no active tracking assignment matched destroyed target (targetID=77, eventWatcher=4)
[0402-close] no active tracking assignment matched destroyed target (targetID=78, eventWatcher=6)
[0402-close] no active tracking assignment matched destroyed target (targetID=79, eventWatcher=5)
[0402-close] no active tracking assignment matched destroyed target (targetID=80, eventWatcher=5)
[0402-close] no active tracking assignment matched destroyed target (targetID=81, eventWatcher=4)
[0402-close] no active tracking assignment matched destroyed target (targetID=82, eventWatcher=5)
[0402-close] no active tracking assignment matched destroyed target (targetID=83, eventWatcher=5)
[0402-close] no active tracking assignment matched destroyed target (targetID=84, eventWatcher=5)
[0402-close] no active tracking assignment matched destroyed target (targetID=85, eventWatcher=4)
[0402-close] no active tracking assignment matched destroyed target (targetID=86, eventWatcher=4)
[0402-close] no active tracking assignment matched destroyed target (targetID=87, eventWatcher=5)
[0402-close] no active tracking assignment matched destroyed target (targetID=88, eventWatcher=6)
[0402-close] no active tracking assignment matched destroyed target (targetID=89, eventWatcher=5)
[0402-close] no active tracking assignment matched destroyed target (targetID=90, eventWatcher=6)
[0402-close] no active tracking assignment matched destroyed target (targetID=91, eventWatcher=5)
[0402-close] no active tracking assignment matched destroyed target (targetID=92, eventWatcher=5)
[0402-close] no active tracking assignment matched destroyed target (targetID=93, eventWatcher=4)
[0402-close] no active tracking assignment matched destroyed target (targetID=94, eventWatcher=5)
[0402-close] no active tracking assignment matched destroyed target (targetID=96, eventWatcher=6)
[0402-close] no active tracking assignment matched destroyed target (targetID=97, eventWatcher=5)
[0402-close] no active tracking assignment matched destroyed target (targetID=98, eventWatcher=5)
[0402-close] no active tracking assignment matched destroyed target (targetID=99, eventWatcher=5)
[0402-close] no active tracking assignment matched destroyed target (targetID=100, eventWatcher=4)
[0402-close] no active tracking assignment matched destroyed target (targetID=101, eventWatcher=5)
[0402-close] no active tracking assignment matched destroyed target (targetID=102, eventWatcher=5)
[0402-close] no active tracking assignment matched destroyed target (targetID=77, eventWatcher=4)
[0402-close] no active tracking assignment matched destroyed target (targetID=78, eventWatcher=6)
[0402-close] no active tracking assignment matched destroyed target (targetID=79, eventWatcher=5)
[0402-close] no active tracking assignment matched destroyed target (targetID=80, eventWatcher=5)
[0402-close] no active tracking assignment matched destroyed target (targetID=81, eventWatcher=4)
[0402-close] no active tracking assignment matched destroyed target (targetID=82, eventWatcher=5)
[0402-close] no active tracking assignment matched destroyed target (targetID=83, eventWatcher=5)
[0402-close] no active tracking assignment matched destroyed target (targetID=84, eventWatcher=5)
[0402-close] no active tracking assignment matched destroyed target (targetID=85, eventWatcher=4)
[0402-close] no active tracking assignment matched destroyed target (targetID=86, eventWatcher=4)
[0402-close] no active tracking assignment matched destroyed target (targetID=87, eventWatcher=5)
[0402-close] no active tracking assignment matched destroyed target (targetID=88, eventWatcher=6)
[0402-close] no active tracking assignment matched destroyed target (targetID=89, eventWatcher=5)
[0402-close] no active tracking assignment matched destroyed target (targetID=90, eventWatcher=6)
[0402-close] no active tracking assignment matched destroyed target (targetID=91, eventWatcher=5)
[0402-close] no active tracking assignment matched destroyed target (targetID=92, eventWatcher=5)
[0402-close] no active tracking assignment matched destroyed target (targetID=93, eventWatcher=4)
[0402-close] no active tracking assignment matched destroyed target (targetID=94, eventWatcher=5)
[0402-close] no active tracking assignment matched destroyed target (targetID=96, eventWatcher=6)
[0402-close] no active tracking assignment matched destroyed target (targetID=97, eventWatcher=5)
[0402-close] no active tracking assignment matched destroyed target (targetID=98, eventWatcher=5)
[0402-close] no active tracking assignment matched destroyed target (targetID=99, eventWatcher=5)
[0402-close] no active tracking assignment matched destroyed target (targetID=100, eventWatcher=4)
[0402-close] no active tracking assignment matched destroyed target (targetID=101, eventWatcher=5)
[0402-close] no active tracking assignment matched destroyed target (targetID=102, eventWatcher=5)
[0401TRACE] handler slow seq=2910 elapsed=0.337s ts=832654146017 states=6
[0401TRACE] slow phase=area_tab elapsed=0.193s seq=2911
[0501] heartbeat failover send active
[0401TRACE] handler slow seq=2911 elapsed=0.376s ts=832654146423 states=6
[RQUEUE] signal 0701 -> #32 옵션 정보 전송
[RQUEUE] signal 0305 -> #32 재계획 산출 완료
[0402-close] no active tracking assignment matched destroyed target (targetID=77, eventWatcher=4)
[0402-close] no active tracking assignment matched destroyed target (targetID=78, eventWatcher=6)
[0402-close] no active tracking assignment matched destroyed target (targetID=79, eventWatcher=5)
[0402-close] no active tracking assignment matched destroyed target (targetID=80, eventWatcher=5)
[0402-close] no active tracking assignment matched destroyed target (targetID=81, eventWatcher=4)
[0402-close] no active tracking assignment matched destroyed target (targetID=82, eventWatcher=5)
[0402-close] no active tracking assignment matched destroyed target (targetID=83, eventWatcher=5)
[0402-close] no active tracking assignment matched destroyed target (targetID=84, eventWatcher=5)
[0402-close] no active tracking assignment matched destroyed target (targetID=85, eventWatcher=4)
[0402-close] no active tracking assignment matched destroyed target (targetID=86, eventWatcher=4)
[0402-close] no active tracking assignment matched destroyed target (targetID=87, eventWatcher=5)
[0402-close] no active tracking assignment matched destroyed target (targetID=88, eventWatcher=6)
[0402-close] no active tracking assignment matched destroyed target (targetID=89, eventWatcher=5)
[0402-close] no active tracking assignment matched destroyed target (targetID=90, eventWatcher=6)
[0402-close] no active tracking assignment matched destroyed target (targetID=91, eventWatcher=5)
[0402-close] no active tracking assignment matched destroyed target (targetID=92, eventWatcher=5)
[0402-close] no active tracking assignment matched destroyed target (targetID=93, eventWatcher=4)
[0402-close] no active tracking assignment matched destroyed target (targetID=94, eventWatcher=5)
[0402-close] no active tracking assignment matched destroyed target (targetID=96, eventWatcher=6)
[0402-close] no active tracking assignment matched destroyed target (targetID=97, eventWatcher=5)
[0402-close] no active tracking assignment matched destroyed target (targetID=98, eventWatcher=5)
[0402-close] no active tracking assignment matched destroyed target (targetID=99, eventWatcher=5)
[0402-close] no active tracking assignment matched destroyed target (targetID=100, eventWatcher=4)
[0402-close] no active tracking assignment matched destroyed target (targetID=101, eventWatcher=5)
[0402-close] no active tracking assignment matched destroyed target (targetID=102, eventWatcher=5)
[0401TRACE] handler slow seq=2912 elapsed=0.313s ts=832654147011 states=6
[0402-close] no active tracking assignment matched destroyed target (targetID=77, eventWatcher=4)
[0402-close] no active tracking assignment matched destroyed target (targetID=78, eventWatcher=6)
[0402-close] no active tracking assignment matched destroyed target (targetID=79, eventWatcher=5)
[0402-close] no active tracking assignment matched destroyed target (targetID=80, eventWatcher=5)
[0402-close] no active tracking assignment matched destroyed target (targetID=81, eventWatcher=4)
[0402-close] no active tracking assignment matched destroyed target (targetID=82, eventWatcher=5)
[0402-close] no active tracking assignment matched destroyed target (targetID=83, eventWatcher=5)
[0402-close] no active tracking assignment matched destroyed target (targetID=84, eventWatcher=5)
[0402-close] no active tracking assignment matched destroyed target (targetID=85, eventWatcher=4)
[0402-close] no active tracking assignment matched destroyed target (targetID=86, eventWatcher=4)
[0402-close] no active tracking assignment matched destroyed target (targetID=87, eventWatcher=5)
[0402-close] no active tracking assignment matched destroyed target (targetID=88, eventWatcher=6)
[0402-close] no active tracking assignment matched destroyed target (targetID=89, eventWatcher=5)
[0402-close] no active tracking assignment matched destroyed target (targetID=90, eventWatcher=6)
[0402-close] no active tracking assignment matched destroyed target (targetID=91, eventWatcher=5)
[0402-close] no active tracking assignment matched destroyed target (targetID=92, eventWatcher=5)
[0402-close] no active tracking assignment matched destroyed target (targetID=93, eventWatcher=4)
[0402-close] no active tracking assignment matched destroyed target (targetID=94, eventWatcher=5)
[0402-close] no active tracking assignment matched destroyed target (targetID=96, eventWatcher=6)
[0402-close] no active tracking assignment matched destroyed target (targetID=97, eventWatcher=5)
[0402-close] no active tracking assignment matched destroyed target (targetID=98, eventWatcher=5)
[0402-close] no active tracking assignment matched destroyed target (targetID=99, eventWatcher=5)
[0402-close] no active tracking assignment matched destroyed target (targetID=100, eventWatcher=4)
[0402-close] no active tracking assignment matched destroyed target (targetID=101, eventWatcher=5)
[0402-close] no active tracking assignment matched destroyed target (targetID=102, eventWatcher=5)
[0402-close] no active tracking assignment matched destroyed target (targetID=77, eventWatcher=4)
[0402-close] no active tracking assignment matched destroyed target (targetID=78, eventWatcher=6)
[0402-close] no active tracking assignment matched destroyed target (targetID=79, eventWatcher=5)
[0402-close] no active tracking assignment matched destroyed target (targetID=80, eventWatcher=5)
[0402-close] no active tracking assignment matched destroyed target (targetID=81, eventWatcher=4)
[0402-close] no active tracking assignment matched destroyed target (targetID=82, eventWatcher=5)
[0402-close] no active tracking assignment matched destroyed target (targetID=83, eventWatcher=5)
[0402-close] no active tracking assignment matched destroyed target (targetID=84, eventWatcher=5)
[0402-close] no active tracking assignment matched destroyed target (targetID=85, eventWatcher=4)
[0402-close] no active tracking assignment matched destroyed target (targetID=86, eventWatcher=4)
[0402-close] no active tracking assignment matched destroyed target (targetID=87, eventWatcher=5)
[0402-close] no active tracking assignment matched destroyed target (targetID=88, eventWatcher=6)
[0402-close] no active tracking assignment matched destroyed target (targetID=89, eventWatcher=5)
[0402-close] no active tracking assignment matched destroyed target (targetID=90, eventWatcher=6)
[0402-close] no active tracking assignment matched destroyed target (targetID=91, eventWatcher=5)
[0402-close] no active tracking assignment matched destroyed target (targetID=92, eventWatcher=5)
[0402-close] no active tracking assignment matched destroyed target (targetID=93, eventWatcher=4)
[0402-close] no active tracking assignment matched destroyed target (targetID=94, eventWatcher=5)
[0402-close] no active tracking assignment matched destroyed target (targetID=96, eventWatcher=6)
[0402-close] no active tracking assignment matched destroyed target (targetID=97, eventWatcher=5)
[0402-close] no active tracking assignment matched destroyed target (targetID=98, eventWatcher=5)
[0402-close] no active tracking assignment matched destroyed target (targetID=99, eventWatcher=5)
[0402-close] no active tracking assignment matched destroyed target (targetID=100, eventWatcher=4)
[0402-close] no active tracking assignment matched destroyed target (targetID=101, eventWatcher=5)
[0402-close] no active tracking assignment matched destroyed target (targetID=102, eventWatcher=5)
[0401TRACE] slow phase=area_tab elapsed=0.206s seq=2916
[0401TRACE] handler slow seq=2916 elapsed=0.445s ts=832654149026 states=6
[0402-close] no active tracking assignment matched destroyed target (targetID=77, eventWatcher=4)
[0402-close] no active tracking assignment matched destroyed target (targetID=78, eventWatcher=6)
[0402-close] no active tracking assignment matched destroyed target (targetID=79, eventWatcher=5)
[0402-close] no active tracking assignment matched destroyed target (targetID=80, eventWatcher=5)
[0402-close] no active tracking assignment matched destroyed target (targetID=81, eventWatcher=4)
[0402-close] no active tracking assignment matched destroyed target (targetID=82, eventWatcher=5)
[0402-close] no active tracking assignment matched destroyed target (targetID=83, eventWatcher=5)
[0402-close] no active tracking assignment matched destroyed target (targetID=84, eventWatcher=5)
[0402-close] no active tracking assignment matched destroyed target (targetID=85, eventWatcher=4)
[0402-close] no active tracking assignment matched destroyed target (targetID=86, eventWatcher=4)
[0402-close] no active tracking assignment matched destroyed target (targetID=87, eventWatcher=5)
[0402-close] no active tracking assignment matched destroyed target (targetID=88, eventWatcher=6)
[0402-close] no active tracking assignment matched destroyed target (targetID=89, eventWatcher=5)
[0402-close] no active tracking assignment matched destroyed target (targetID=90, eventWatcher=6)
[0402-close] no active tracking assignment matched destroyed target (targetID=91, eventWatcher=5)
[0402-close] no active tracking assignment matched destroyed target (targetID=92, eventWatcher=5)
[0402-close] no active tracking assignment matched destroyed target (targetID=93, eventWatcher=4)
[0402-close] no active tracking assignment matched destroyed target (targetID=94, eventWatcher=5)
[0402-close] no active tracking assignment matched destroyed target (targetID=96, eventWatcher=6)
[0402-close] no active tracking assignment matched destroyed target (targetID=97, eventWatcher=5)
[0402-close] no active tracking assignment matched destroyed target (targetID=98, eventWatcher=5)
[0402-close] no active tracking assignment matched destroyed target (targetID=99, eventWatcher=5)
[0402-close] no active tracking assignment matched destroyed target (targetID=100, eventWatcher=4)
[0402-close] no active tracking assignment matched destroyed target (targetID=101, eventWatcher=5)
[0402-close] no active tracking assignment matched destroyed target (targetID=102, eventWatcher=5)
[0402-close] no active tracking assignment matched destroyed target (targetID=77, eventWatcher=4)
[0402-close] no active tracking assignment matched destroyed target (targetID=78, eventWatcher=6)
[0402-close] no active tracking assignment matched destroyed target (targetID=79, eventWatcher=5)
[0402-close] no active tracking assignment matched destroyed target (targetID=80, eventWatcher=5)
[0402-close] no active tracking assignment matched destroyed target (targetID=81, eventWatcher=4)
[0402-close] no active tracking assignment matched destroyed target (targetID=82, eventWatcher=5)
[0402-close] no active tracking assignment matched destroyed target (targetID=83, eventWatcher=5)
[0402-close] no active tracking assignment matched destroyed target (targetID=84, eventWatcher=5)
[0402-close] no active tracking assignment matched destroyed target (targetID=85, eventWatcher=4)
[0402-close] no active tracking assignment matched destroyed target (targetID=86, eventWatcher=4)
[0402-close] no active tracking assignment matched destroyed target (targetID=87, eventWatcher=5)
[0402-close] no active tracking assignment matched destroyed target (targetID=88, eventWatcher=6)
[0402-close] no active tracking assignment matched destroyed target (targetID=89, eventWatcher=5)
[0402-close] no active tracking assignment matched destroyed target (targetID=90, eventWatcher=6)
[0402-close] no active tracking assignment matched destroyed target (targetID=91, eventWatcher=5)
[0402-close] no active tracking assignment matched destroyed target (targetID=92, eventWatcher=5)
[0402-close] no active tracking assignment matched destroyed target (targetID=93, eventWatcher=4)
[0402-close] no active tracking assignment matched destroyed target (targetID=94, eventWatcher=5)
[0402-close] no active tracking assignment matched destroyed target (targetID=96, eventWatcher=6)
[0402-close] no active tracking assignment matched destroyed target (targetID=97, eventWatcher=5)
[0402-close] no active tracking assignment matched destroyed target (targetID=98, eventWatcher=5)
[0402-close] no active tracking assignment matched destroyed target (targetID=99, eventWatcher=5)
[0402-close] no active tracking assignment matched destroyed target (targetID=100, eventWatcher=4)
[0402-close] no active tracking assignment matched destroyed target (targetID=101, eventWatcher=5)
[0402-close] no active tracking assignment matched destroyed target (targetID=102, eventWatcher=5)
[0401TRACE] handler slow seq=2918 elapsed=0.321s ts=832654150217 states=6
[0401TRACE] handler slow seq=2919 elapsed=0.396s ts=832654150825 states=6
[0402-close] no active tracking assignment matched destroyed target (targetID=77, eventWatcher=4)
[0402-close] no active tracking assignment matched destroyed target (targetID=78, eventWatcher=6)
[0402-close] no active tracking assignment matched destroyed target (targetID=79, eventWatcher=5)
[0402-close] no active tracking assignment matched destroyed target (targetID=80, eventWatcher=5)
[0402-close] no active tracking assignment matched destroyed target (targetID=81, eventWatcher=4)
[0402-close] no active tracking assignment matched destroyed target (targetID=82, eventWatcher=5)
[0402-close] no active tracking assignment matched destroyed target (targetID=83, eventWatcher=5)
[0402-close] no active tracking assignment matched destroyed target (targetID=84, eventWatcher=5)
[0402-close] no active tracking assignment matched destroyed target (targetID=85, eventWatcher=4)
[0402-close] no active tracking assignment matched destroyed target (targetID=86, eventWatcher=4)
[0402-close] no active tracking assignment matched destroyed target (targetID=87, eventWatcher=5)
[0402-close] no active tracking assignment matched destroyed target (targetID=88, eventWatcher=6)
[0402-close] no active tracking assignment matched destroyed target (targetID=89, eventWatcher=5)
[0402-close] no active tracking assignment matched destroyed target (targetID=90, eventWatcher=6)
[0402-close] no active tracking assignment matched destroyed target (targetID=91, eventWatcher=5)
[0402-close] no active tracking assignment matched destroyed target (targetID=92, eventWatcher=5)
[0402-close] no active tracking assignment matched destroyed target (targetID=93, eventWatcher=4)
[0402-close] no active tracking assignment matched destroyed target (targetID=94, eventWatcher=5)
[0402-close] no active tracking assignment matched destroyed target (targetID=96, eventWatcher=6)
[0402-close] no active tracking assignment matched destroyed target (targetID=97, eventWatcher=5)
[0402-close] no active tracking assignment matched destroyed target (targetID=98, eventWatcher=5)
[0402-close] no active tracking assignment matched destroyed target (targetID=99, eventWatcher=5)
[0402-close] no active tracking assignment matched destroyed target (targetID=100, eventWatcher=4)
[0402-close] no active tracking assignment matched destroyed target (targetID=101, eventWatcher=5)
[0402-close] no active tracking assignment matched destroyed target (targetID=102, eventWatcher=5)
[0402-close] no active tracking assignment matched destroyed target (targetID=77, eventWatcher=4)
[0402-close] no active tracking assignment matched destroyed target (targetID=78, eventWatcher=6)
[0402-close] no active tracking assignment matched destroyed target (targetID=79, eventWatcher=5)
[0402-close] no active tracking assignment matched destroyed target (targetID=80, eventWatcher=5)
[0402-close] no active tracking assignment matched destroyed target (targetID=81, eventWatcher=4)
[0402-close] no active tracking assignment matched destroyed target (targetID=82, eventWatcher=5)
[0402-close] no active tracking assignment matched destroyed target (targetID=83, eventWatcher=5)
[0402-close] no active tracking assignment matched destroyed target (targetID=84, eventWatcher=5)
[0402-close] no active tracking assignment matched destroyed target (targetID=85, eventWatcher=4)
[0402-close] no active tracking assignment matched destroyed target (targetID=86, eventWatcher=4)
[0402-close] no active tracking assignment matched destroyed target (targetID=87, eventWatcher=5)
[0402-close] no active tracking assignment matched destroyed target (targetID=88, eventWatcher=6)
[0402-close] no active tracking assignment matched destroyed target (targetID=89, eventWatcher=5)
[0402-close] no active tracking assignment matched destroyed target (targetID=90, eventWatcher=6)
[0402-close] no active tracking assignment matched destroyed target (targetID=91, eventWatcher=5)
[0402-close] no active tracking assignment matched destroyed target (targetID=92, eventWatcher=5)
[0402-close] no active tracking assignment matched destroyed target (targetID=93, eventWatcher=4)
[0402-close] no active tracking assignment matched destroyed target (targetID=94, eventWatcher=5)
[0402-close] no active tracking assignment matched destroyed target (targetID=96, eventWatcher=6)
[0402-close] no active tracking assignment matched destroyed target (targetID=97, eventWatcher=5)
[0402-close] no active tracking assignment matched destroyed target (targetID=98, eventWatcher=5)
[0402-close] no active tracking assignment matched destroyed target (targetID=99, eventWatcher=5)
[0402-close] no active tracking assignment matched destroyed target (targetID=100, eventWatcher=4)
[0402-close] no active tracking assignment matched destroyed target (targetID=101, eventWatcher=5)
[0402-close] no active tracking assignment matched destroyed target (targetID=102, eventWatcher=5)
[0402-close] no active tracking assignment matched destroyed target (targetID=77, eventWatcher=4)
[0402-close] no active tracking assignment matched destroyed target (targetID=78, eventWatcher=6)
[0402-close] no active tracking assignment matched destroyed target (targetID=79, eventWatcher=5)
[0402-close] no active tracking assignment matched destroyed target (targetID=80, eventWatcher=5)
[0402-close] no active tracking assignment matched destroyed target (targetID=81, eventWatcher=4)
[0402-close] no active tracking assignment matched destroyed target (targetID=82, eventWatcher=5)
[0402-close] no active tracking assignment matched destroyed target (targetID=83, eventWatcher=5)
[0402-close] no active tracking assignment matched destroyed target (targetID=84, eventWatcher=5)
[0402-close] no active tracking assignment matched destroyed target (targetID=85, eventWatcher=4)
[0402-close] no active tracking assignment matched destroyed target (targetID=86, eventWatcher=4)
[0402-close] no active tracking assignment matched destroyed target (targetID=87, eventWatcher=5)
[0402-close] no active tracking assignment matched destroyed target (targetID=88, eventWatcher=6)
[0402-close] no active tracking assignment matched destroyed target (targetID=89, eventWatcher=5)
[0402-close] no active tracking assignment matched destroyed target (targetID=90, eventWatcher=6)
[0402-close] no active tracking assignment matched destroyed target (targetID=91, eventWatcher=5)
[0402-close] no active tracking assignment matched destroyed target (targetID=92, eventWatcher=5)
[0402-close] no active tracking assignment matched destroyed target (targetID=93, eventWatcher=4)
[0402-close] no active tracking assignment matched destroyed target (targetID=94, eventWatcher=5)
[0402-close] no active tracking assignment matched destroyed target (targetID=96, eventWatcher=6)
[0402-close] no active tracking assignment matched destroyed target (targetID=97, eventWatcher=5)
[0402-close] no active tracking assignment matched destroyed target (targetID=98, eventWatcher=5)
[0402-close] no active tracking assignment matched destroyed target (targetID=99, eventWatcher=5)
[0402-close] no active tracking assignment matched destroyed target (targetID=100, eventWatcher=4)
[0402-close] no active tracking assignment matched destroyed target (targetID=101, eventWatcher=5)
[0402-close] no active tracking assignment matched destroyed target (targetID=102, eventWatcher=5)
[0402-close] no active tracking assignment matched destroyed target (targetID=77, eventWatcher=4)
[0402-close] no active tracking assignment matched destroyed target (targetID=78, eventWatcher=6)
[0402-close] no active tracking assignment matched destroyed target (targetID=79, eventWatcher=5)
[0402-close] no active tracking assignment matched destroyed target (targetID=80, eventWatcher=5)
[0402-close] no active tracking assignment matched destroyed target (targetID=81, eventWatcher=4)
[0402-close] no active tracking assignment matched destroyed target (targetID=82, eventWatcher=5)
[0402-close] no active tracking assignment matched destroyed target (targetID=83, eventWatcher=5)
[0402-close] no active tracking assignment matched destroyed target (targetID=84, eventWatcher=5)
[0402-close] no active tracking assignment matched destroyed target (targetID=85, eventWatcher=4)
[0402-close] no active tracking assignment matched destroyed target (targetID=86, eventWatcher=4)
[0402-close] no active tracking assignment matched destroyed target (targetID=87, eventWatcher=5)
[0402-close] no active tracking assignment matched destroyed target (targetID=88, eventWatcher=6)
[0402-close] no active tracking assignment matched destroyed target (targetID=89, eventWatcher=5)
[0402-close] no active tracking assignment matched destroyed target (targetID=90, eventWatcher=6)
[0402-close] no active tracking assignment matched destroyed target (targetID=91, eventWatcher=5)
[0402-close] no active tracking assignment matched destroyed target (targetID=92, eventWatcher=5)
[0402-close] no active tracking assignment matched destroyed target (targetID=93, eventWatcher=4)
[0402-close] no active tracking assignment matched destroyed target (targetID=94, eventWatcher=5)
[0402-close] no active tracking assignment matched destroyed target (targetID=96, eventWatcher=6)
[0402-close] no active tracking assignment matched destroyed target (targetID=97, eventWatcher=5)
[0402-close] no active tracking assignment matched destroyed target (targetID=98, eventWatcher=5)
[0402-close] no active tracking assignment matched destroyed target (targetID=99, eventWatcher=5)
[0402-close] no active tracking assignment matched destroyed target (targetID=100, eventWatcher=4)
[0402-close] no active tracking assignment matched destroyed target (targetID=101, eventWatcher=5)
[0402-close] no active tracking assignment matched destroyed target (targetID=102, eventWatcher=5)
[0401TRACE] handler slow seq=2926 elapsed=0.302s ts=832654154226 states=6
[0402-close] no active tracking assignment matched destroyed target (targetID=77, eventWatcher=4)
[0402-close] no active tracking assignment matched destroyed target (targetID=78, eventWatcher=6)
[0402-close] no active tracking assignment matched destroyed target (targetID=79, eventWatcher=5)
[0402-close] no active tracking assignment matched destroyed target (targetID=80, eventWatcher=5)
[0402-close] no active tracking assignment matched destroyed target (targetID=81, eventWatcher=4)
[0402-close] no active tracking assignment matched destroyed target (targetID=82, eventWatcher=5)
[0402-close] no active tracking assignment matched destroyed target (targetID=83, eventWatcher=5)
[0402-close] no active tracking assignment matched destroyed target (targetID=84, eventWatcher=5)
[0402-close] no active tracking assignment matched destroyed target (targetID=85, eventWatcher=4)
[0402-close] no active tracking assignment matched destroyed target (targetID=86, eventWatcher=4)
[0402-close] no active tracking assignment matched destroyed target (targetID=87, eventWatcher=5)
[0402-close] no active tracking assignment matched destroyed target (targetID=88, eventWatcher=6)
[0402-close] no active tracking assignment matched destroyed target (targetID=89, eventWatcher=5)
[0402-close] no active tracking assignment matched destroyed target (targetID=90, eventWatcher=6)
[0402-close] no active tracking assignment matched destroyed target (targetID=91, eventWatcher=5)
[0402-close] no active tracking assignment matched destroyed target (targetID=92, eventWatcher=5)
[0402-close] no active tracking assignment matched destroyed target (targetID=93, eventWatcher=4)
[0402-close] no active tracking assignment matched destroyed target (targetID=94, eventWatcher=5)
[0402-close] no active tracking assignment matched destroyed target (targetID=96, eventWatcher=6)
[0402-close] no active tracking assignment matched destroyed target (targetID=97, eventWatcher=5)
[0402-close] no active tracking assignment matched destroyed target (targetID=98, eventWatcher=5)
[0402-close] no active tracking assignment matched destroyed target (targetID=99, eventWatcher=5)
[0402-close] no active tracking assignment matched destroyed target (targetID=100, eventWatcher=4)
[0402-close] no active tracking assignment matched destroyed target (targetID=101, eventWatcher=5)
[0402-close] no active tracking assignment matched destroyed target (targetID=102, eventWatcher=5)
[0402-close] no active tracking assignment matched destroyed target (targetID=77, eventWatcher=4)
[0402-close] no active tracking assignment matched destroyed target (targetID=78, eventWatcher=6)
[0402-close] no active tracking assignment matched destroyed target (targetID=79, eventWatcher=5)
[0402-close] no active tracking assignment matched destroyed target (targetID=80, eventWatcher=5)
[0402-close] no active tracking assignment matched destroyed target (targetID=81, eventWatcher=4)
[0402-close] no active tracking assignment matched destroyed target (targetID=82, eventWatcher=5)
[0402-close] no active tracking assignment matched destroyed target (targetID=83, eventWatcher=5)
[0402-close] no active tracking assignment matched destroyed target (targetID=84, eventWatcher=5)
[0402-close] no active tracking assignment matched destroyed target (targetID=85, eventWatcher=4)
[0402-close] no active tracking assignment matched destroyed target (targetID=86, eventWatcher=4)
[0402-close] no active tracking assignment matched destroyed target (targetID=87, eventWatcher=5)
[0402-close] no active tracking assignment matched destroyed target (targetID=88, eventWatcher=6)
[0402-close] no active tracking assignment matched destroyed target (targetID=89, eventWatcher=5)
[0402-close] no active tracking assignment matched destroyed target (targetID=90, eventWatcher=6)
[0402-close] no active tracking assignment matched destroyed target (targetID=91, eventWatcher=5)
[0402-close] no active tracking assignment matched destroyed target (targetID=92, eventWatcher=5)
[0402-close] no active tracking assignment matched destroyed target (targetID=93, eventWatcher=4)
[0402-close] no active tracking assignment matched destroyed target (targetID=94, eventWatcher=5)
[0402-close] no active tracking assignment matched destroyed target (targetID=96, eventWatcher=6)
[0402-close] no active tracking assignment matched destroyed target (targetID=97, eventWatcher=5)
[0402-close] no active tracking assignment matched destroyed target (targetID=98, eventWatcher=5)
[0402-close] no active tracking assignment matched destroyed target (targetID=99, eventWatcher=5)
[0402-close] no active tracking assignment matched destroyed target (targetID=100, eventWatcher=4)
[0402-close] no active tracking assignment matched destroyed target (targetID=101, eventWatcher=5)
[0402-close] no active tracking assignment matched destroyed target (targetID=102, eventWatcher=5)
[0702] ignore=2 -> apply missionPlanID=700000065, source=DSC
[0702] 공격 임무 확정 -> aircraftID=2 슬롯 점유
[QUALITY] startup grace armed (missionPlanID=700000065, duration=10.0s)
[RQUEUE] completed #32 표적탐지: 표적103 발견 재계획 (결과 수신, signal=0702, active_ms=27584)
[RealTimeInferrer] Loading/Reloading Mission Plan: C:\Users\TRL98\Desktop\LAH_MUMT\Logs\Scenario_2026-05-21T132543\SBC3\MissionPlan\700000065.json
Updated Mission Context: torch.Size([384])
[0401] path-deviation trigger suppressed: within 3s after 0702 apply (remaining=2737ms)
[0402-close] no active tracking assignment matched destroyed target (targetID=77, eventWatcher=4)
[0402-close] no active tracking assignment matched destroyed target (targetID=78, eventWatcher=6)
[0402-close] no active tracking assignment matched destroyed target (targetID=79, eventWatcher=5)
[0402-close] no active tracking assignment matched destroyed target (targetID=80, eventWatcher=5)
[0402-close] no active tracking assignment matched destroyed target (targetID=81, eventWatcher=4)
[0402-close] no active tracking assignment matched destroyed target (targetID=82, eventWatcher=5)
[0402-close] no active tracking assignment matched destroyed target (targetID=83, eventWatcher=5)
[0402-close] no active tracking assignment matched destroyed target (targetID=84, eventWatcher=5)
[0402-close] no active tracking assignment matched destroyed target (targetID=85, eventWatcher=4)
[0402-close] no active tracking assignment matched destroyed target (targetID=86, eventWatcher=4)
[0402-close] no active tracking assignment matched destroyed target (targetID=87, eventWatcher=5)
[0402-close] no active tracking assignment matched destroyed target (targetID=88, eventWatcher=6)
[0402-close] no active tracking assignment matched destroyed target (targetID=89, eventWatcher=5)
[0402-close] no active tracking assignment matched destroyed target (targetID=90, eventWatcher=6)
[0402-close] no active tracking assignment matched destroyed target (targetID=91, eventWatcher=5)
[0402-close] no active tracking assignment matched destroyed target (targetID=92, eventWatcher=5)
[0402-close] no active tracking assignment matched destroyed target (targetID=93, eventWatcher=4)
[0402-close] no active tracking assignment matched destroyed target (targetID=94, eventWatcher=5)
[0402-close] no active tracking assignment matched destroyed target (targetID=96, eventWatcher=6)
[0402-close] no active tracking assignment matched destroyed target (targetID=97, eventWatcher=5)
[0402-close] no active tracking assignment matched destroyed target (targetID=98, eventWatcher=5)
[0402-close] no active tracking assignment matched destroyed target (targetID=99, eventWatcher=5)
[0402-close] no active tracking assignment matched destroyed target (targetID=100, eventWatcher=4)
[0402-close] no active tracking assignment matched destroyed target (targetID=101, eventWatcher=5)
[0402-close] no active tracking assignment matched destroyed target (targetID=102, eventWatcher=5)
[0402-close] no active tracking assignment matched destroyed target (targetID=77, eventWatcher=4)
[0402-close] no active tracking assignment matched destroyed target (targetID=78, eventWatcher=6)
[0402-close] no active tracking assignment matched destroyed target (targetID=79, eventWatcher=5)
[0402-close] no active tracking assignment matched destroyed target (targetID=80, eventWatcher=5)
[0402-close] no active tracking assignment matched destroyed target (targetID=81, eventWatcher=4)
[0402-close] no active tracking assignment matched destroyed target (targetID=82, eventWatcher=5)
[0402-close] no active tracking assignment matched destroyed target (targetID=83, eventWatcher=5)
[0402-close] no active tracking assignment matched destroyed target (targetID=84, eventWatcher=5)
[0402-close] no active tracking assignment matched destroyed target (targetID=85, eventWatcher=4)
[0402-close] no active tracking assignment matched destroyed target (targetID=86, eventWatcher=4)
[0402-close] no active tracking assignment matched destroyed target (targetID=87, eventWatcher=5)
[0402-close] no active tracking assignment matched destroyed target (targetID=88, eventWatcher=6)
[0402-close] no active tracking assignment matched destroyed target (targetID=89, eventWatcher=5)
[0402-close] no active tracking assignment matched destroyed target (targetID=90, eventWatcher=6)
[0402-close] no active tracking assignment matched destroyed target (targetID=91, eventWatcher=5)
[0402-close] no active tracking assignment matched destroyed target (targetID=92, eventWatcher=5)
[0402-close] no active tracking assignment matched destroyed target (targetID=93, eventWatcher=4)
[0402-close] no active tracking assignment matched destroyed target (targetID=94, eventWatcher=5)
[0402-close] no active tracking assignment matched destroyed target (targetID=96, eventWatcher=6)
[0402-close] no active tracking assignment matched destroyed target (targetID=97, eventWatcher=5)
[0402-close] no active tracking assignment matched destroyed target (targetID=98, eventWatcher=5)
[0402-close] no active tracking assignment matched destroyed target (targetID=99, eventWatcher=5)
[0402-close] no active tracking assignment matched destroyed target (targetID=100, eventWatcher=4)
[0402-close] no active tracking assignment matched destroyed target (targetID=101, eventWatcher=5)
[0402-close] no active tracking assignment matched destroyed target (targetID=102, eventWatcher=5)
[0402-close] no active tracking assignment matched destroyed target (targetID=77, eventWatcher=4)
[0402-close] no active tracking assignment matched destroyed target (targetID=78, eventWatcher=6)
[0402-close] no active tracking assignment matched destroyed target (targetID=79, eventWatcher=5)
[0402-close] no active tracking assignment matched destroyed target (targetID=80, eventWatcher=5)
[0402-close] no active tracking assignment matched destroyed target (targetID=81, eventWatcher=4)
[0402-close] no active tracking assignment matched destroyed target (targetID=82, eventWatcher=5)
[0402-close] no active tracking assignment matched destroyed target (targetID=83, eventWatcher=5)
[0402-close] no active tracking assignment matched destroyed target (targetID=84, eventWatcher=5)
[0402-close] no active tracking assignment matched destroyed target (targetID=85, eventWatcher=4)
[0402-close] no active tracking assignment matched destroyed target (targetID=86, eventWatcher=4)
[0402-close] no active tracking assignment matched destroyed target (targetID=87, eventWatcher=5)
[0402-close] no active tracking assignment matched destroyed target (targetID=88, eventWatcher=6)
[0402-close] no active tracking assignment matched destroyed target (targetID=89, eventWatcher=5)
[0402-close] no active tracking assignment matched destroyed target (targetID=90, eventWatcher=6)
[0402-close] no active tracking assignment matched destroyed target (targetID=91, eventWatcher=5)
[0402-close] no active tracking assignment matched destroyed target (targetID=92, eventWatcher=5)
[0402-close] no active tracking assignment matched destroyed target (targetID=93, eventWatcher=4)
[0402-close] no active tracking assignment matched destroyed target (targetID=94, eventWatcher=5)
[0402-close] no active tracking assignment matched destroyed target (targetID=96, eventWatcher=6)
[0402-close] no active tracking assignment matched destroyed target (targetID=97, eventWatcher=5)
[0402-close] no active tracking assignment matched destroyed target (targetID=98, eventWatcher=5)
[0402-close] no active tracking assignment matched destroyed target (targetID=99, eventWatcher=5)
[0402-close] no active tracking assignment matched destroyed target (targetID=100, eventWatcher=4)
[0402-close] no active tracking assignment matched destroyed target (targetID=101, eventWatcher=5)
[0402-close] no active tracking assignment matched destroyed target (targetID=102, eventWatcher=5)
[0402-close] no active tracking assignment matched destroyed target (targetID=77, eventWatcher=4)
[0402-close] no active tracking assignment matched destroyed target (targetID=78, eventWatcher=6)
[0402-close] no active tracking assignment matched destroyed target (targetID=79, eventWatcher=5)
[0402-close] no active tracking assignment matched destroyed target (targetID=80, eventWatcher=5)
[0402-close] no active tracking assignment matched destroyed target (targetID=81, eventWatcher=4)
[0402-close] no active tracking assignment matched destroyed target (targetID=82, eventWatcher=5)
[0402-close] no active tracking assignment matched destroyed target (targetID=83, eventWatcher=5)
[0402-close] no active tracking assignment matched destroyed target (targetID=84, eventWatcher=5)
[0402-close] no active tracking assignment matched destroyed target (targetID=85, eventWatcher=4)
[0402-close] no active tracking assignment matched destroyed target (targetID=86, eventWatcher=4)
[0402-close] no active tracking assignment matched destroyed target (targetID=87, eventWatcher=5)
[0402-close] no active tracking assignment matched destroyed target (targetID=88, eventWatcher=6)
[0402-close] no active tracking assignment matched destroyed target (targetID=89, eventWatcher=5)
[0402-close] no active tracking assignment matched destroyed target (targetID=90, eventWatcher=6)
[0402-close] no active tracking assignment matched destroyed target (targetID=91, eventWatcher=5)
[0402-close] no active tracking assignment matched destroyed target (targetID=92, eventWatcher=5)
[0402-close] no active tracking assignment matched destroyed target (targetID=93, eventWatcher=4)
[0402-close] no active tracking assignment matched destroyed target (targetID=94, eventWatcher=5)
[0402-close] no active tracking assignment matched destroyed target (targetID=96, eventWatcher=6)
[0402-close] no active tracking assignment matched destroyed target (targetID=97, eventWatcher=5)
[0402-close] no active tracking assignment matched destroyed target (targetID=98, eventWatcher=5)
[0402-close] no active tracking assignment matched destroyed target (targetID=99, eventWatcher=5)
[0402-close] no active tracking assignment matched destroyed target (targetID=100, eventWatcher=4)
[0402-close] no active tracking assignment matched destroyed target (targetID=101, eventWatcher=5)
[0402-close] no active tracking assignment matched destroyed target (targetID=102, eventWatcher=5)
[0402-close] no active tracking assignment matched destroyed target (targetID=77, eventWatcher=4)
[0402-close] no active tracking assignment matched destroyed target (targetID=78, eventWatcher=6)
[0402-close] no active tracking assignment matched destroyed target (targetID=79, eventWatcher=5)
[0402-close] no active tracking assignment matched destroyed target (targetID=80, eventWatcher=5)
[0402-close] no active tracking assignment matched destroyed target (targetID=81, eventWatcher=4)
[0402-close] no active tracking assignment matched destroyed target (targetID=82, eventWatcher=5)
[0402-close] no active tracking assignment matched destroyed target (targetID=83, eventWatcher=5)
[0402-close] no active tracking assignment matched destroyed target (targetID=84, eventWatcher=5)
[0402-close] no active tracking assignment matched destroyed target (targetID=85, eventWatcher=4)
[0402-close] no active tracking assignment matched destroyed target (targetID=86, eventWatcher=4)
[0402-close] no active tracking assignment matched destroyed target (targetID=87, eventWatcher=5)
[0402-close] no active tracking assignment matched destroyed target (targetID=88, eventWatcher=6)
[0402-close] no active tracking assignment matched destroyed target (targetID=89, eventWatcher=5)
[0402-close] no active tracking assignment matched destroyed target (targetID=90, eventWatcher=6)
[0402-close] no active tracking assignment matched destroyed target (targetID=91, eventWatcher=5)
[0402-close] no active tracking assignment matched destroyed target (targetID=92, eventWatcher=5)
[0402-close] no active tracking assignment matched destroyed target (targetID=93, eventWatcher=4)
[0402-close] no active tracking assignment matched destroyed target (targetID=94, eventWatcher=5)
[0402-close] no active tracking assignment matched destroyed target (targetID=96, eventWatcher=6)
[0402-close] no active tracking assignment matched destroyed target (targetID=97, eventWatcher=5)
[0402-close] no active tracking assignment matched destroyed target (targetID=98, eventWatcher=5)
[0402-close] no active tracking assignment matched destroyed target (targetID=99, eventWatcher=5)
[0402-close] no active tracking assignment matched destroyed target (targetID=100, eventWatcher=4)
[0402-close] no active tracking assignment matched destroyed target (targetID=101, eventWatcher=5)
[0402-close] no active tracking assignment matched destroyed target (targetID=102, eventWatcher=5)
[0402-close] no active tracking assignment matched destroyed target (targetID=77, eventWatcher=4)
[0402-close] no active tracking assignment matched destroyed target (targetID=78, eventWatcher=6)
[0402-close] no active tracking assignment matched destroyed target (targetID=79, eventWatcher=5)
[0402-close] no active tracking assignment matched destroyed target (targetID=80, eventWatcher=5)
[0402-close] no active tracking assignment matched destroyed target (targetID=81, eventWatcher=4)
[0402-close] no active tracking assignment matched destroyed target (targetID=82, eventWatcher=5)
[0402-close] no active tracking assignment matched destroyed target (targetID=83, eventWatcher=5)
[0402-close] no active tracking assignment matched destroyed target (targetID=84, eventWatcher=5)
[0402-close] no active tracking assignment matched destroyed target (targetID=85, eventWatcher=4)
[0402-close] no active tracking assignment matched destroyed target (targetID=86, eventWatcher=4)
[0402-close] no active tracking assignment matched destroyed target (targetID=87, eventWatcher=5)
[0402-close] no active tracking assignment matched destroyed target (targetID=88, eventWatcher=6)
[0402-close] no active tracking assignment matched destroyed target (targetID=89, eventWatcher=5)
[0402-close] no active tracking assignment matched destroyed target (targetID=90, eventWatcher=6)
[0402-close] no active tracking assignment matched destroyed target (targetID=91, eventWatcher=5)
[0402-close] no active tracking assignment matched destroyed target (targetID=92, eventWatcher=5)
[0402-close] no active tracking assignment matched destroyed target (targetID=93, eventWatcher=4)
[0402-close] no active tracking assignment matched destroyed target (targetID=94, eventWatcher=5)
[0402-close] no active tracking assignment matched destroyed target (targetID=96, eventWatcher=6)
[0402-close] no active tracking assignment matched destroyed target (targetID=97, eventWatcher=5)
[0402-close] no active tracking assignment matched destroyed target (targetID=98, eventWatcher=5)
[0402-close] no active tracking assignment matched destroyed target (targetID=99, eventWatcher=5)
[0402-close] no active tracking assignment matched destroyed target (targetID=100, eventWatcher=4)
[0402-close] no active tracking assignment matched destroyed target (targetID=101, eventWatcher=5)
[0402-close] no active tracking assignment matched destroyed target (targetID=102, eventWatcher=5)
[0402-close] no active tracking assignment matched destroyed target (targetID=77, eventWatcher=4)
[0402-close] no active tracking assignment matched destroyed target (targetID=78, eventWatcher=6)
[0402-close] no active tracking assignment matched destroyed target (targetID=79, eventWatcher=5)
[0402-close] no active tracking assignment matched destroyed target (targetID=80, eventWatcher=5)
[0402-close] no active tracking assignment matched destroyed target (targetID=81, eventWatcher=4)
[0402-close] no active tracking assignment matched destroyed target (targetID=82, eventWatcher=5)
[0402-close] no active tracking assignment matched destroyed target (targetID=83, eventWatcher=5)
[0402-close] no active tracking assignment matched destroyed target (targetID=84, eventWatcher=5)
[0402-close] no active tracking assignment matched destroyed target (targetID=85, eventWatcher=4)
[0402-close] no active tracking assignment matched destroyed target (targetID=86, eventWatcher=4)
[0402-close] no active tracking assignment matched destroyed target (targetID=87, eventWatcher=5)
[0402-close] no active tracking assignment matched destroyed target (targetID=88, eventWatcher=6)
[0402-close] no active tracking assignment matched destroyed target (targetID=89, eventWatcher=5)
[0402-close] no active tracking assignment matched destroyed target (targetID=90, eventWatcher=6)
[0402-close] no active tracking assignment matched destroyed target (targetID=91, eventWatcher=5)
[0402-close] no active tracking assignment matched destroyed target (targetID=92, eventWatcher=5)
[0402-close] no active tracking assignment matched destroyed target (targetID=93, eventWatcher=4)
[0402-close] no active tracking assignment matched destroyed target (targetID=94, eventWatcher=5)
[0402-close] no active tracking assignment matched destroyed target (targetID=96, eventWatcher=6)
[0402-close] no active tracking assignment matched destroyed target (targetID=97, eventWatcher=5)
[0402-close] no active tracking assignment matched destroyed target (targetID=98, eventWatcher=5)
[0402-close] no active tracking assignment matched destroyed target (targetID=99, eventWatcher=5)
[0402-close] no active tracking assignment matched destroyed target (targetID=100, eventWatcher=4)
[0402-close] no active tracking assignment matched destroyed target (targetID=101, eventWatcher=5)
[0402-close] no active tracking assignment matched destroyed target (targetID=102, eventWatcher=5)
[0402-close] no active tracking assignment matched destroyed target (targetID=77, eventWatcher=4)
[0402-close] no active tracking assignment matched destroyed target (targetID=78, eventWatcher=6)
[0402-close] no active tracking assignment matched destroyed target (targetID=79, eventWatcher=5)
[0402-close] no active tracking assignment matched destroyed target (targetID=80, eventWatcher=5)
[0402-close] no active tracking assignment matched destroyed target (targetID=81, eventWatcher=4)
[0402-close] no active tracking assignment matched destroyed target (targetID=82, eventWatcher=5)
[0402-close] no active tracking assignment matched destroyed target (targetID=83, eventWatcher=5)
[0402-close] no active tracking assignment matched destroyed target (targetID=84, eventWatcher=5)
[0402-close] no active tracking assignment matched destroyed target (targetID=85, eventWatcher=4)
[0402-close] no active tracking assignment matched destroyed target (targetID=86, eventWatcher=4)
[0402-close] no active tracking assignment matched destroyed target (targetID=87, eventWatcher=5)
[0402-close] no active tracking assignment matched destroyed target (targetID=88, eventWatcher=6)
[0402-close] no active tracking assignment matched destroyed target (targetID=89, eventWatcher=5)
[0402-close] no active tracking assignment matched destroyed target (targetID=90, eventWatcher=6)
[0402-close] no active tracking assignment matched destroyed target (targetID=91, eventWatcher=5)
[0402-close] no active tracking assignment matched destroyed target (targetID=92, eventWatcher=5)
[0402-close] no active tracking assignment matched destroyed target (targetID=93, eventWatcher=4)
[0402-close] no active tracking assignment matched destroyed target (targetID=94, eventWatcher=5)
[0402-close] no active tracking assignment matched destroyed target (targetID=96, eventWatcher=6)
[0402-close] no active tracking assignment matched destroyed target (targetID=97, eventWatcher=5)
[0402-close] no active tracking assignment matched destroyed target (targetID=98, eventWatcher=5)
[0402-close] no active tracking assignment matched destroyed target (targetID=99, eventWatcher=5)
[0402-close] no active tracking assignment matched destroyed target (targetID=100, eventWatcher=4)
[0402-close] no active tracking assignment matched destroyed target (targetID=101, eventWatcher=5)
[0402-close] no active tracking assignment matched destroyed target (targetID=102, eventWatcher=5)
[0402-close] no active tracking assignment matched destroyed target (targetID=77, eventWatcher=4)
[0402-close] no active tracking assignment matched destroyed target (targetID=78, eventWatcher=6)
[0402-close] no active tracking assignment matched destroyed target (targetID=79, eventWatcher=5)
[0402-close] no active tracking assignment matched destroyed target (targetID=80, eventWatcher=5)
[0402-close] no active tracking assignment matched destroyed target (targetID=81, eventWatcher=4)
[0402-close] no active tracking assignment matched destroyed target (targetID=82, eventWatcher=5)
[0402-close] no active tracking assignment matched destroyed target (targetID=83, eventWatcher=5)
[0402-close] no active tracking assignment matched destroyed target (targetID=84, eventWatcher=5)
[0402-close] no active tracking assignment matched destroyed target (targetID=85, eventWatcher=4)
[0402-close] no active tracking assignment matched destroyed target (targetID=86, eventWatcher=4)
[0402-close] no active tracking assignment matched destroyed target (targetID=87, eventWatcher=5)
[0402-close] no active tracking assignment matched destroyed target (targetID=88, eventWatcher=6)
[0402-close] no active tracking assignment matched destroyed target (targetID=89, eventWatcher=5)
[0402-close] no active tracking assignment matched destroyed target (targetID=90, eventWatcher=6)
[0402-close] no active tracking assignment matched destroyed target (targetID=91, eventWatcher=5)
[0402-close] no active tracking assignment matched destroyed target (targetID=92, eventWatcher=5)
[0402-close] no active tracking assignment matched destroyed target (targetID=93, eventWatcher=4)
[0402-close] no active tracking assignment matched destroyed target (targetID=94, eventWatcher=5)
[0402-close] no active tracking assignment matched destroyed target (targetID=96, eventWatcher=6)
[0402-close] no active tracking assignment matched destroyed target (targetID=97, eventWatcher=5)
[0402-close] no active tracking assignment matched destroyed target (targetID=98, eventWatcher=5)
[0402-close] no active tracking assignment matched destroyed target (targetID=99, eventWatcher=5)
[0402-close] no active tracking assignment matched destroyed target (targetID=100, eventWatcher=4)
[0402-close] no active tracking assignment matched destroyed target (targetID=101, eventWatcher=5)
[0402-close] no active tracking assignment matched destroyed target (targetID=102, eventWatcher=5)
[0402-close] no active tracking assignment matched destroyed target (targetID=77, eventWatcher=4)
[0402-close] no active tracking assignment matched destroyed target (targetID=78, eventWatcher=6)
[0402-close] no active tracking assignment matched destroyed target (targetID=79, eventWatcher=5)
[0402-close] no active tracking assignment matched destroyed target (targetID=80, eventWatcher=5)
[0402-close] no active tracking assignment matched destroyed target (targetID=81, eventWatcher=4)
[0402-close] no active tracking assignment matched destroyed target (targetID=82, eventWatcher=5)
[0402-close] no active tracking assignment matched destroyed target (targetID=83, eventWatcher=5)
[0402-close] no active tracking assignment matched destroyed target (targetID=84, eventWatcher=5)
[0402-close] no active tracking assignment matched destroyed target (targetID=85, eventWatcher=4)
[0402-close] no active tracking assignment matched destroyed target (targetID=86, eventWatcher=4)
[0402-close] no active tracking assignment matched destroyed target (targetID=87, eventWatcher=5)
[0402-close] no active tracking assignment matched destroyed target (targetID=88, eventWatcher=6)
[0402-close] no active tracking assignment matched destroyed target (targetID=89, eventWatcher=5)
[0402-close] no active tracking assignment matched destroyed target (targetID=90, eventWatcher=6)
[0402-close] no active tracking assignment matched destroyed target (targetID=91, eventWatcher=5)
[0402-close] no active tracking assignment matched destroyed target (targetID=92, eventWatcher=5)
[0402-close] no active tracking assignment matched destroyed target (targetID=93, eventWatcher=4)
[0402-close] no active tracking assignment matched destroyed target (targetID=94, eventWatcher=5)
[0402-close] no active tracking assignment matched destroyed target (targetID=96, eventWatcher=6)
[0402-close] no active tracking assignment matched destroyed target (targetID=97, eventWatcher=5)
[0402-close] no active tracking assignment matched destroyed target (targetID=98, eventWatcher=5)
[0402-close] no active tracking assignment matched destroyed target (targetID=99, eventWatcher=5)
[0402-close] no active tracking assignment matched destroyed target (targetID=100, eventWatcher=4)
[0402-close] no active tracking assignment matched destroyed target (targetID=101, eventWatcher=5)
[0402-close] no active tracking assignment matched destroyed target (targetID=102, eventWatcher=5)
[0402-close] no active tracking assignment matched destroyed target (targetID=77, eventWatcher=4)
[0402-close] no active tracking assignment matched destroyed target (targetID=78, eventWatcher=6)
[0402-close] no active tracking assignment matched destroyed target (targetID=79, eventWatcher=5)
[0402-close] no active tracking assignment matched destroyed target (targetID=80, eventWatcher=5)
[0402-close] no active tracking assignment matched destroyed target (targetID=81, eventWatcher=4)
[0402-close] no active tracking assignment matched destroyed target (targetID=82, eventWatcher=5)
[0402-close] no active tracking assignment matched destroyed target (targetID=83, eventWatcher=5)
[0402-close] no active tracking assignment matched destroyed target (targetID=84, eventWatcher=5)
[0402-close] no active tracking assignment matched destroyed target (targetID=85, eventWatcher=4)
[0402-close] no active tracking assignment matched destroyed target (targetID=86, eventWatcher=4)
[0402-close] no active tracking assignment matched destroyed target (targetID=87, eventWatcher=5)
[0402-close] no active tracking assignment matched destroyed target (targetID=88, eventWatcher=6)
[0402-close] no active tracking assignment matched destroyed target (targetID=89, eventWatcher=5)
[0402-close] no active tracking assignment matched destroyed target (targetID=90, eventWatcher=6)
[0402-close] no active tracking assignment matched destroyed target (targetID=91, eventWatcher=5)
[0402-close] no active tracking assignment matched destroyed target (targetID=92, eventWatcher=5)
[0402-close] no active tracking assignment matched destroyed target (targetID=93, eventWatcher=4)
[0402-close] no active tracking assignment matched destroyed target (targetID=94, eventWatcher=5)
[0402-close] no active tracking assignment matched destroyed target (targetID=96, eventWatcher=6)
[0402-close] no active tracking assignment matched destroyed target (targetID=97, eventWatcher=5)
[0402-close] no active tracking assignment matched destroyed target (targetID=98, eventWatcher=5)
[0402-close] no active tracking assignment matched destroyed target (targetID=99, eventWatcher=5)
[0402-close] no active tracking assignment matched destroyed target (targetID=100, eventWatcher=4)
[0402-close] no active tracking assignment matched destroyed target (targetID=101, eventWatcher=5)
[0402-close] no active tracking assignment matched destroyed target (targetID=102, eventWatcher=5)
[0402-close] no active tracking assignment matched destroyed target (targetID=77, eventWatcher=4)
[0402-close] no active tracking assignment matched destroyed target (targetID=78, eventWatcher=6)
[0402-close] no active tracking assignment matched destroyed target (targetID=79, eventWatcher=5)
[0402-close] no active tracking assignment matched destroyed target (targetID=80, eventWatcher=5)
[0402-close] no active tracking assignment matched destroyed target (targetID=81, eventWatcher=4)
[0402-close] no active tracking assignment matched destroyed target (targetID=82, eventWatcher=5)
[0402-close] no active tracking assignment matched destroyed target (targetID=83, eventWatcher=5)
[0402-close] no active tracking assignment matched destroyed target (targetID=84, eventWatcher=5)
[0402-close] no active tracking assignment matched destroyed target (targetID=85, eventWatcher=4)
[0402-close] no active tracking assignment matched destroyed target (targetID=86, eventWatcher=4)
[0402-close] no active tracking assignment matched destroyed target (targetID=87, eventWatcher=5)
[0402-close] no active tracking assignment matched destroyed target (targetID=88, eventWatcher=6)
[0402-close] no active tracking assignment matched destroyed target (targetID=89, eventWatcher=5)
[0402-close] no active tracking assignment matched destroyed target (targetID=90, eventWatcher=6)
[0402-close] no active tracking assignment matched destroyed target (targetID=91, eventWatcher=5)
[0402-close] no active tracking assignment matched destroyed target (targetID=92, eventWatcher=5)
[0402-close] no active tracking assignment matched destroyed target (targetID=93, eventWatcher=4)
[0402-close] no active tracking assignment matched destroyed target (targetID=94, eventWatcher=5)
[0402-close] no active tracking assignment matched destroyed target (targetID=96, eventWatcher=6)
[0402-close] no active tracking assignment matched destroyed target (targetID=97, eventWatcher=5)
[0402-close] no active tracking assignment matched destroyed target (targetID=98, eventWatcher=5)
[0402-close] no active tracking assignment matched destroyed target (targetID=99, eventWatcher=5)
[0402-close] no active tracking assignment matched destroyed target (targetID=100, eventWatcher=4)
[0402-close] no active tracking assignment matched destroyed target (targetID=101, eventWatcher=5)
[0402-close] no active tracking assignment matched destroyed target (targetID=102, eventWatcher=5)
[0402-close] no active tracking assignment matched destroyed target (targetID=77, eventWatcher=4)
[0402-close] no active tracking assignment matched destroyed target (targetID=78, eventWatcher=6)
[0402-close] no active tracking assignment matched destroyed target (targetID=79, eventWatcher=5)
[0402-close] no active tracking assignment matched destroyed target (targetID=80, eventWatcher=5)
[0402-close] no active tracking assignment matched destroyed target (targetID=81, eventWatcher=4)
[0402-close] no active tracking assignment matched destroyed target (targetID=82, eventWatcher=5)
[0402-close] no active tracking assignment matched destroyed target (targetID=83, eventWatcher=5)
[0402-close] no active tracking assignment matched destroyed target (targetID=84, eventWatcher=5)
[0402-close] no active tracking assignment matched destroyed target (targetID=85, eventWatcher=4)
[0402-close] no active tracking assignment matched destroyed target (targetID=86, eventWatcher=4)
[0402-close] no active tracking assignment matched destroyed target (targetID=87, eventWatcher=5)
[0402-close] no active tracking assignment matched destroyed target (targetID=88, eventWatcher=6)
[0402-close] no active tracking assignment matched destroyed target (targetID=89, eventWatcher=5)
[0402-close] no active tracking assignment matched destroyed target (targetID=90, eventWatcher=6)
[0402-close] no active tracking assignment matched destroyed target (targetID=91, eventWatcher=5)
[0402-close] no active tracking assignment matched destroyed target (targetID=92, eventWatcher=5)
[0402-close] no active tracking assignment matched destroyed target (targetID=93, eventWatcher=4)
[0402-close] no active tracking assignment matched destroyed target (targetID=94, eventWatcher=5)
[0402-close] no active tracking assignment matched destroyed target (targetID=96, eventWatcher=6)
[0402-close] no active tracking assignment matched destroyed target (targetID=97, eventWatcher=5)
[0402-close] no active tracking assignment matched destroyed target (targetID=98, eventWatcher=5)
[0402-close] no active tracking assignment matched destroyed target (targetID=99, eventWatcher=5)
[0402-close] no active tracking assignment matched destroyed target (targetID=100, eventWatcher=4)
[0402-close] no active tracking assignment matched destroyed target (targetID=101, eventWatcher=5)
[0402-close] no active tracking assignment matched destroyed target (targetID=102, eventWatcher=5)
[0402-close] no active tracking assignment matched destroyed target (targetID=77, eventWatcher=4)
[0402-close] no active tracking assignment matched destroyed target (targetID=78, eventWatcher=6)
[0402-close] no active tracking assignment matched destroyed target (targetID=79, eventWatcher=5)
[0402-close] no active tracking assignment matched destroyed target (targetID=80, eventWatcher=5)
[0402-close] no active tracking assignment matched destroyed target (targetID=81, eventWatcher=4)
[0402-close] no active tracking assignment matched destroyed target (targetID=82, eventWatcher=5)
[0402-close] no active tracking assignment matched destroyed target (targetID=83, eventWatcher=5)
[0402-close] no active tracking assignment matched destroyed target (targetID=84, eventWatcher=5)
[0402-close] no active tracking assignment matched destroyed target (targetID=85, eventWatcher=4)
[0402-close] no active tracking assignment matched destroyed target (targetID=86, eventWatcher=4)
[0402-close] no active tracking assignment matched destroyed target (targetID=87, eventWatcher=5)
[0402-close] no active tracking assignment matched destroyed target (targetID=88, eventWatcher=6)
[0402-close] no active tracking assignment matched destroyed target (targetID=89, eventWatcher=5)
[0402-close] no active tracking assignment matched destroyed target (targetID=90, eventWatcher=6)
[0402-close] no active tracking assignment matched destroyed target (targetID=91, eventWatcher=5)
[0402-close] no active tracking assignment matched destroyed target (targetID=92, eventWatcher=5)
[0402-close] no active tracking assignment matched destroyed target (targetID=93, eventWatcher=4)
[0402-close] no active tracking assignment matched destroyed target (targetID=94, eventWatcher=5)
[0402-close] no active tracking assignment matched destroyed target (targetID=96, eventWatcher=6)
[0402-close] no active tracking assignment matched destroyed target (targetID=97, eventWatcher=5)
[0402-close] no active tracking assignment matched destroyed target (targetID=98, eventWatcher=5)
[0402-close] no active tracking assignment matched destroyed target (targetID=99, eventWatcher=5)
[0402-close] no active tracking assignment matched destroyed target (targetID=100, eventWatcher=4)
[0402-close] no active tracking assignment matched destroyed target (targetID=101, eventWatcher=5)
[0402-close] no active tracking assignment matched destroyed target (targetID=102, eventWatcher=5)
[0402-close] no active tracking assignment matched destroyed target (targetID=77, eventWatcher=4)
[0402-close] no active tracking assignment matched destroyed target (targetID=78, eventWatcher=6)
[0402-close] no active tracking assignment matched destroyed target (targetID=79, eventWatcher=5)
[0402-close] no active tracking assignment matched destroyed target (targetID=80, eventWatcher=5)
[0402-close] no active tracking assignment matched destroyed target (targetID=81, eventWatcher=4)
[0402-close] no active tracking assignment matched destroyed target (targetID=82, eventWatcher=5)
[0402-close] no active tracking assignment matched destroyed target (targetID=83, eventWatcher=5)
[0402-close] no active tracking assignment matched destroyed target (targetID=84, eventWatcher=5)
[0402-close] no active tracking assignment matched destroyed target (targetID=85, eventWatcher=4)
[0402-close] no active tracking assignment matched destroyed target (targetID=86, eventWatcher=4)
[0402-close] no active tracking assignment matched destroyed target (targetID=87, eventWatcher=5)
[0402-close] no active tracking assignment matched destroyed target (targetID=88, eventWatcher=6)
[0402-close] no active tracking assignment matched destroyed target (targetID=89, eventWatcher=5)
[0402-close] no active tracking assignment matched destroyed target (targetID=90, eventWatcher=6)
[0402-close] no active tracking assignment matched destroyed target (targetID=91, eventWatcher=5)
[0402-close] no active tracking assignment matched destroyed target (targetID=92, eventWatcher=5)
[0402-close] no active tracking assignment matched destroyed target (targetID=93, eventWatcher=4)
[0402-close] no active tracking assignment matched destroyed target (targetID=94, eventWatcher=5)
[0402-close] no active tracking assignment matched destroyed target (targetID=96, eventWatcher=6)
[0402-close] no active tracking assignment matched destroyed target (targetID=97, eventWatcher=5)
[0402-close] no active tracking assignment matched destroyed target (targetID=98, eventWatcher=5)
[0402-close] no active tracking assignment matched destroyed target (targetID=99, eventWatcher=5)
[0402-close] no active tracking assignment matched destroyed target (targetID=100, eventWatcher=4)
[0402-close] no active tracking assignment matched destroyed target (targetID=101, eventWatcher=5)
[0402-close] no active tracking assignment matched destroyed target (targetID=102, eventWatcher=5)
[0402-close] no active tracking assignment matched destroyed target (targetID=77, eventWatcher=4)
[0402-close] no active tracking assignment matched destroyed target (targetID=78, eventWatcher=6)
[0402-close] no active tracking assignment matched destroyed target (targetID=79, eventWatcher=5)
[0402-close] no active tracking assignment matched destroyed target (targetID=80, eventWatcher=5)
[0402-close] no active tracking assignment matched destroyed target (targetID=81, eventWatcher=4)
[0402-close] no active tracking assignment matched destroyed target (targetID=82, eventWatcher=5)
[0402-close] no active tracking assignment matched destroyed target (targetID=83, eventWatcher=5)
[0402-close] no active tracking assignment matched destroyed target (targetID=84, eventWatcher=5)
[0402-close] no active tracking assignment matched destroyed target (targetID=85, eventWatcher=4)
[0402-close] no active tracking assignment matched destroyed target (targetID=86, eventWatcher=4)
[0402-close] no active tracking assignment matched destroyed target (targetID=87, eventWatcher=5)
[0402-close] no active tracking assignment matched destroyed target (targetID=88, eventWatcher=6)
[0402-close] no active tracking assignment matched destroyed target (targetID=89, eventWatcher=5)
[0402-close] no active tracking assignment matched destroyed target (targetID=90, eventWatcher=6)
[0402-close] no active tracking assignment matched destroyed target (targetID=91, eventWatcher=5)
[0402-close] no active tracking assignment matched destroyed target (targetID=92, eventWatcher=5)
[0402-close] no active tracking assignment matched destroyed target (targetID=93, eventWatcher=4)
[0402-close] no active tracking assignment matched destroyed target (targetID=94, eventWatcher=5)
[0402-close] no active tracking assignment matched destroyed target (targetID=96, eventWatcher=6)
[0402-close] no active tracking assignment matched destroyed target (targetID=97, eventWatcher=5)
[0402-close] no active tracking assignment matched destroyed target (targetID=98, eventWatcher=5)
[0402-close] no active tracking assignment matched destroyed target (targetID=99, eventWatcher=5)
[0402-close] no active tracking assignment matched destroyed target (targetID=100, eventWatcher=4)
[0402-close] no active tracking assignment matched destroyed target (targetID=101, eventWatcher=5)
[0402-close] no active tracking assignment matched destroyed target (targetID=102, eventWatcher=5)
[0402-close] no active tracking assignment matched destroyed target (targetID=77, eventWatcher=4)
[0402-close] no active tracking assignment matched destroyed target (targetID=78, eventWatcher=6)
[0402-close] no active tracking assignment matched destroyed target (targetID=79, eventWatcher=5)
[0402-close] no active tracking assignment matched destroyed target (targetID=80, eventWatcher=5)
[0402-close] no active tracking assignment matched destroyed target (targetID=81, eventWatcher=4)
[0402-close] no active tracking assignment matched destroyed target (targetID=82, eventWatcher=5)
[0402-close] no active tracking assignment matched destroyed target (targetID=83, eventWatcher=5)
[0402-close] no active tracking assignment matched destroyed target (targetID=84, eventWatcher=5)
[0402-close] no active tracking assignment matched destroyed target (targetID=85, eventWatcher=4)
[0402-close] no active tracking assignment matched destroyed target (targetID=86, eventWatcher=4)
[0402-close] no active tracking assignment matched destroyed target (targetID=87, eventWatcher=5)
[0402-close] no active tracking assignment matched destroyed target (targetID=88, eventWatcher=6)
[0402-close] no active tracking assignment matched destroyed target (targetID=89, eventWatcher=5)
[0402-close] no active tracking assignment matched destroyed target (targetID=90, eventWatcher=6)
[0402-close] no active tracking assignment matched destroyed target (targetID=91, eventWatcher=5)
[0402-close] no active tracking assignment matched destroyed target (targetID=92, eventWatcher=5)
[0402-close] no active tracking assignment matched destroyed target (targetID=93, eventWatcher=4)
[0402-close] no active tracking assignment matched destroyed target (targetID=94, eventWatcher=5)
[0402-close] no active tracking assignment matched destroyed target (targetID=96, eventWatcher=6)
[0402-close] no active tracking assignment matched destroyed target (targetID=97, eventWatcher=5)
[0402-close] no active tracking assignment matched destroyed target (targetID=98, eventWatcher=5)
[0402-close] no active tracking assignment matched destroyed target (targetID=99, eventWatcher=5)
[0402-close] no active tracking assignment matched destroyed target (targetID=100, eventWatcher=4)
[0402-close] no active tracking assignment matched destroyed target (targetID=101, eventWatcher=5)
[0402-close] no active tracking assignment matched destroyed target (targetID=102, eventWatcher=5)
[0402-close] no active tracking assignment matched destroyed target (targetID=77, eventWatcher=4)
[0402-close] no active tracking assignment matched destroyed target (targetID=78, eventWatcher=6)
[0402-close] no active tracking assignment matched destroyed target (targetID=79, eventWatcher=5)
[0402-close] no active tracking assignment matched destroyed target (targetID=80, eventWatcher=5)
[0402-close] no active tracking assignment matched destroyed target (targetID=81, eventWatcher=4)
[0402-close] no active tracking assignment matched destroyed target (targetID=82, eventWatcher=5)
[0402-close] no active tracking assignment matched destroyed target (targetID=83, eventWatcher=5)
[0402-close] no active tracking assignment matched destroyed target (targetID=84, eventWatcher=5)
[0402-close] no active tracking assignment matched destroyed target (targetID=85, eventWatcher=4)
[0402-close] no active tracking assignment matched destroyed target (targetID=86, eventWatcher=4)
[0402-close] no active tracking assignment matched destroyed target (targetID=87, eventWatcher=5)
[0402-close] no active tracking assignment matched destroyed target (targetID=88, eventWatcher=6)
[0402-close] no active tracking assignment matched destroyed target (targetID=89, eventWatcher=5)
[0402-close] no active tracking assignment matched destroyed target (targetID=90, eventWatcher=6)
[0402-close] no active tracking assignment matched destroyed target (targetID=91, eventWatcher=5)
[0402-close] no active tracking assignment matched destroyed target (targetID=92, eventWatcher=5)
[0402-close] no active tracking assignment matched destroyed target (targetID=93, eventWatcher=4)
[0402-close] no active tracking assignment matched destroyed target (targetID=94, eventWatcher=5)
[0402-close] no active tracking assignment matched destroyed target (targetID=96, eventWatcher=6)
[0402-close] no active tracking assignment matched destroyed target (targetID=97, eventWatcher=5)
[0402-close] no active tracking assignment matched destroyed target (targetID=98, eventWatcher=5)
[0402-close] no active tracking assignment matched destroyed target (targetID=99, eventWatcher=5)
[0402-close] no active tracking assignment matched destroyed target (targetID=100, eventWatcher=4)
[0402-close] no active tracking assignment matched destroyed target (targetID=101, eventWatcher=5)
[0402-close] no active tracking assignment matched destroyed target (targetID=102, eventWatcher=5)
[0402-close] no active tracking assignment matched destroyed target (targetID=77, eventWatcher=4)
[0402-close] no active tracking assignment matched destroyed target (targetID=78, eventWatcher=6)
[0402-close] no active tracking assignment matched destroyed target (targetID=79, eventWatcher=5)
[0402-close] no active tracking assignment matched destroyed target (targetID=80, eventWatcher=5)
[0402-close] no active tracking assignment matched destroyed target (targetID=81, eventWatcher=4)
[0402-close] no active tracking assignment matched destroyed target (targetID=82, eventWatcher=5)
[0402-close] no active tracking assignment matched destroyed target (targetID=83, eventWatcher=5)
[0402-close] no active tracking assignment matched destroyed target (targetID=84, eventWatcher=5)
[0402-close] no active tracking assignment matched destroyed target (targetID=85, eventWatcher=4)
[0402-close] no active tracking assignment matched destroyed target (targetID=86, eventWatcher=4)
[0402-close] no active tracking assignment matched destroyed target (targetID=87, eventWatcher=5)
[0402-close] no active tracking assignment matched destroyed target (targetID=88, eventWatcher=6)
[0402-close] no active tracking assignment matched destroyed target (targetID=89, eventWatcher=5)
[0402-close] no active tracking assignment matched destroyed target (targetID=90, eventWatcher=6)
[0402-close] no active tracking assignment matched destroyed target (targetID=91, eventWatcher=5)
[0402-close] no active tracking assignment matched destroyed target (targetID=92, eventWatcher=5)
[0402-close] no active tracking assignment matched destroyed target (targetID=93, eventWatcher=4)
[0402-close] no active tracking assignment matched destroyed target (targetID=94, eventWatcher=5)
[0402-close] no active tracking assignment matched destroyed target (targetID=96, eventWatcher=6)
[0402-close] no active tracking assignment matched destroyed target (targetID=97, eventWatcher=5)
[0402-close] no active tracking assignment matched destroyed target (targetID=98, eventWatcher=5)
[0402-close] no active tracking assignment matched destroyed target (targetID=99, eventWatcher=5)
[0402-close] no active tracking assignment matched destroyed target (targetID=100, eventWatcher=4)
[0402-close] no active tracking assignment matched destroyed target (targetID=101, eventWatcher=5)
[0402-close] no active tracking assignment matched destroyed target (targetID=102, eventWatcher=5)
[0402-close] no active tracking assignment matched destroyed target (targetID=77, eventWatcher=4)
[0402-close] no active tracking assignment matched destroyed target (targetID=78, eventWatcher=6)
[0402-close] no active tracking assignment matched destroyed target (targetID=79, eventWatcher=5)
[0402-close] no active tracking assignment matched destroyed target (targetID=80, eventWatcher=5)
[0402-close] no active tracking assignment matched destroyed target (targetID=81, eventWatcher=4)
[0402-close] no active tracking assignment matched destroyed target (targetID=82, eventWatcher=5)
[0402-close] no active tracking assignment matched destroyed target (targetID=83, eventWatcher=5)
[0402-close] no active tracking assignment matched destroyed target (targetID=84, eventWatcher=5)
[0402-close] no active tracking assignment matched destroyed target (targetID=85, eventWatcher=4)
[0402-close] no active tracking assignment matched destroyed target (targetID=86, eventWatcher=4)
[0402-close] no active tracking assignment matched destroyed target (targetID=87, eventWatcher=5)
[0402-close] no active tracking assignment matched destroyed target (targetID=88, eventWatcher=6)
[0402-close] no active tracking assignment matched destroyed target (targetID=89, eventWatcher=5)
[0402-close] no active tracking assignment matched destroyed target (targetID=90, eventWatcher=6)
[0402-close] no active tracking assignment matched destroyed target (targetID=91, eventWatcher=5)
[0402-close] no active tracking assignment matched destroyed target (targetID=92, eventWatcher=5)
[0402-close] no active tracking assignment matched destroyed target (targetID=93, eventWatcher=4)
[0402-close] no active tracking assignment matched destroyed target (targetID=94, eventWatcher=5)
[0402-close] no active tracking assignment matched destroyed target (targetID=96, eventWatcher=6)
[0402-close] no active tracking assignment matched destroyed target (targetID=97, eventWatcher=5)
[0402-close] no active tracking assignment matched destroyed target (targetID=98, eventWatcher=5)
[0402-close] no active tracking assignment matched destroyed target (targetID=99, eventWatcher=5)
[0402-close] no active tracking assignment matched destroyed target (targetID=100, eventWatcher=4)
[0402-close] no active tracking assignment matched destroyed target (targetID=101, eventWatcher=5)
[0402-close] no active tracking assignment matched destroyed target (targetID=102, eventWatcher=5)
[0402-close] no active tracking assignment matched destroyed target (targetID=77, eventWatcher=4)
[0402-close] no active tracking assignment matched destroyed target (targetID=78, eventWatcher=6)
[0402-close] no active tracking assignment matched destroyed target (targetID=79, eventWatcher=5)
[0402-close] no active tracking assignment matched destroyed target (targetID=80, eventWatcher=5)
[0402-close] no active tracking assignment matched destroyed target (targetID=81, eventWatcher=4)
[0402-close] no active tracking assignment matched destroyed target (targetID=82, eventWatcher=5)
[0402-close] no active tracking assignment matched destroyed target (targetID=83, eventWatcher=5)
[0402-close] no active tracking assignment matched destroyed target (targetID=84, eventWatcher=5)
[0402-close] no active tracking assignment matched destroyed target (targetID=85, eventWatcher=4)
[0402-close] no active tracking assignment matched destroyed target (targetID=86, eventWatcher=4)
[0402-close] no active tracking assignment matched destroyed target (targetID=87, eventWatcher=5)
[0402-close] no active tracking assignment matched destroyed target (targetID=88, eventWatcher=6)
[0402-close] no active tracking assignment matched destroyed target (targetID=89, eventWatcher=5)
[0402-close] no active tracking assignment matched destroyed target (targetID=90, eventWatcher=6)
[0402-close] no active tracking assignment matched destroyed target (targetID=91, eventWatcher=5)
[0402-close] no active tracking assignment matched destroyed target (targetID=92, eventWatcher=5)
[0402-close] no active tracking assignment matched destroyed target (targetID=93, eventWatcher=4)
[0402-close] no active tracking assignment matched destroyed target (targetID=94, eventWatcher=5)
[0402-close] no active tracking assignment matched destroyed target (targetID=96, eventWatcher=6)
[0402-close] no active tracking assignment matched destroyed target (targetID=97, eventWatcher=5)
[0402-close] no active tracking assignment matched destroyed target (targetID=98, eventWatcher=5)
[0402-close] no active tracking assignment matched destroyed target (targetID=99, eventWatcher=5)
[0402-close] no active tracking assignment matched destroyed target (targetID=100, eventWatcher=4)
[0402-close] no active tracking assignment matched destroyed target (targetID=101, eventWatcher=5)
[0402-close] no active tracking assignment matched destroyed target (targetID=102, eventWatcher=5)
[0402-close] no active tracking assignment matched destroyed target (targetID=77, eventWatcher=4)
[0402-close] no active tracking assignment matched destroyed target (targetID=78, eventWatcher=6)
[0402-close] no active tracking assignment matched destroyed target (targetID=79, eventWatcher=5)
[0402-close] no active tracking assignment matched destroyed target (targetID=80, eventWatcher=5)
[0402-close] no active tracking assignment matched destroyed target (targetID=81, eventWatcher=4)
[0402-close] no active tracking assignment matched destroyed target (targetID=82, eventWatcher=5)
[0402-close] no active tracking assignment matched destroyed target (targetID=83, eventWatcher=5)
[0402-close] no active tracking assignment matched destroyed target (targetID=84, eventWatcher=5)
[0402-close] no active tracking assignment matched destroyed target (targetID=85, eventWatcher=4)
[0402-close] no active tracking assignment matched destroyed target (targetID=86, eventWatcher=4)
[0402-close] no active tracking assignment matched destroyed target (targetID=87, eventWatcher=5)
[0402-close] no active tracking assignment matched destroyed target (targetID=88, eventWatcher=6)
[0402-close] no active tracking assignment matched destroyed target (targetID=89, eventWatcher=5)
[0402-close] no active tracking assignment matched destroyed target (targetID=90, eventWatcher=6)
[0402-close] no active tracking assignment matched destroyed target (targetID=91, eventWatcher=5)
[0402-close] no active tracking assignment matched destroyed target (targetID=92, eventWatcher=5)
[0402-close] no active tracking assignment matched destroyed target (targetID=93, eventWatcher=4)
[0402-close] no active tracking assignment matched destroyed target (targetID=94, eventWatcher=5)
[0402-close] no active tracking assignment matched destroyed target (targetID=96, eventWatcher=6)
[0402-close] no active tracking assignment matched destroyed target (targetID=97, eventWatcher=5)
[0402-close] no active tracking assignment matched destroyed target (targetID=98, eventWatcher=5)
[0402-close] no active tracking assignment matched destroyed target (targetID=99, eventWatcher=5)
[0402-close] no active tracking assignment matched destroyed target (targetID=100, eventWatcher=4)
[0402-close] no active tracking assignment matched destroyed target (targetID=101, eventWatcher=5)
[0402-close] no active tracking assignment matched destroyed target (targetID=102, eventWatcher=5)
[0402-close] no active tracking assignment matched destroyed target (targetID=77, eventWatcher=4)
[0402-close] no active tracking assignment matched destroyed target (targetID=78, eventWatcher=6)
[0402-close] no active tracking assignment matched destroyed target (targetID=79, eventWatcher=5)
[0402-close] no active tracking assignment matched destroyed target (targetID=80, eventWatcher=5)
[0402-close] no active tracking assignment matched destroyed target (targetID=81, eventWatcher=4)
[0402-close] no active tracking assignment matched destroyed target (targetID=82, eventWatcher=5)
[0402-close] no active tracking assignment matched destroyed target (targetID=83, eventWatcher=5)
[0402-close] no active tracking assignment matched destroyed target (targetID=84, eventWatcher=5)
[0402-close] no active tracking assignment matched destroyed target (targetID=85, eventWatcher=4)
[0402-close] no active tracking assignment matched destroyed target (targetID=86, eventWatcher=4)
[0402-close] no active tracking assignment matched destroyed target (targetID=87, eventWatcher=5)
[0402-close] no active tracking assignment matched destroyed target (targetID=88, eventWatcher=6)
[0402-close] no active tracking assignment matched destroyed target (targetID=89, eventWatcher=5)
[0402-close] no active tracking assignment matched destroyed target (targetID=90, eventWatcher=6)
[0402-close] no active tracking assignment matched destroyed target (targetID=91, eventWatcher=5)
[0402-close] no active tracking assignment matched destroyed target (targetID=92, eventWatcher=5)
[0402-close] no active tracking assignment matched destroyed target (targetID=93, eventWatcher=4)
[0402-close] no active tracking assignment matched destroyed target (targetID=94, eventWatcher=5)
[0402-close] no active tracking assignment matched destroyed target (targetID=96, eventWatcher=6)
[0402-close] no active tracking assignment matched destroyed target (targetID=97, eventWatcher=5)
[0402-close] no active tracking assignment matched destroyed target (targetID=98, eventWatcher=5)
[0402-close] no active tracking assignment matched destroyed target (targetID=99, eventWatcher=5)
[0402-close] no active tracking assignment matched destroyed target (targetID=100, eventWatcher=4)
[0402-close] no active tracking assignment matched destroyed target (targetID=101, eventWatcher=5)
[0402-close] no active tracking assignment matched destroyed target (targetID=102, eventWatcher=5)
[0402-close] no active tracking assignment matched destroyed target (targetID=77, eventWatcher=4)
[0402-close] no active tracking assignment matched destroyed target (targetID=78, eventWatcher=6)
[0402-close] no active tracking assignment matched destroyed target (targetID=79, eventWatcher=5)
[0402-close] no active tracking assignment matched destroyed target (targetID=80, eventWatcher=5)
[0402-close] no active tracking assignment matched destroyed target (targetID=81, eventWatcher=4)
[0402-close] no active tracking assignment matched destroyed target (targetID=82, eventWatcher=5)
[0402-close] no active tracking assignment matched destroyed target (targetID=83, eventWatcher=5)
[0402-close] no active tracking assignment matched destroyed target (targetID=84, eventWatcher=5)
[0402-close] no active tracking assignment matched destroyed target (targetID=85, eventWatcher=4)
[0402-close] no active tracking assignment matched destroyed target (targetID=86, eventWatcher=4)
[0402-close] no active tracking assignment matched destroyed target (targetID=87, eventWatcher=5)
[0402-close] no active tracking assignment matched destroyed target (targetID=88, eventWatcher=6)
[0402-close] no active tracking assignment matched destroyed target (targetID=89, eventWatcher=5)
[0402-close] no active tracking assignment matched destroyed target (targetID=90, eventWatcher=6)
[0402-close] no active tracking assignment matched destroyed target (targetID=91, eventWatcher=5)
[0402-close] no active tracking assignment matched destroyed target (targetID=92, eventWatcher=5)
[0402-close] no active tracking assignment matched destroyed target (targetID=93, eventWatcher=4)
[0402-close] no active tracking assignment matched destroyed target (targetID=94, eventWatcher=5)
[0402-close] no active tracking assignment matched destroyed target (targetID=96, eventWatcher=6)
[0402-close] no active tracking assignment matched destroyed target (targetID=97, eventWatcher=5)
[0402-close] no active tracking assignment matched destroyed target (targetID=98, eventWatcher=5)
[0402-close] no active tracking assignment matched destroyed target (targetID=99, eventWatcher=5)
[0402-close] no active tracking assignment matched destroyed target (targetID=100, eventWatcher=4)
[0402-close] no active tracking assignment matched destroyed target (targetID=101, eventWatcher=5)
[0402-close] no active tracking assignment matched destroyed target (targetID=102, eventWatcher=5)
[0402-close] no active tracking assignment matched destroyed target (targetID=77, eventWatcher=4)
[0402-close] no active tracking assignment matched destroyed target (targetID=78, eventWatcher=6)
[0402-close] no active tracking assignment matched destroyed target (targetID=79, eventWatcher=5)
[0402-close] no active tracking assignment matched destroyed target (targetID=80, eventWatcher=5)
[0402-close] no active tracking assignment matched destroyed target (targetID=81, eventWatcher=4)
[0402-close] no active tracking assignment matched destroyed target (targetID=82, eventWatcher=5)
[0402-close] no active tracking assignment matched destroyed target (targetID=83, eventWatcher=5)
[0402-close] no active tracking assignment matched destroyed target (targetID=84, eventWatcher=5)
[0402-close] no active tracking assignment matched destroyed target (targetID=85, eventWatcher=4)
[0402-close] no active tracking assignment matched destroyed target (targetID=86, eventWatcher=4)
[0402-close] no active tracking assignment matched destroyed target (targetID=87, eventWatcher=5)
[0402-close] no active tracking assignment matched destroyed target (targetID=88, eventWatcher=6)
[0402-close] no active tracking assignment matched destroyed target (targetID=89, eventWatcher=5)
[0402-close] no active tracking assignment matched destroyed target (targetID=90, eventWatcher=6)
[0402-close] no active tracking assignment matched destroyed target (targetID=91, eventWatcher=5)
[0402-close] no active tracking assignment matched destroyed target (targetID=92, eventWatcher=5)
[0402-close] no active tracking assignment matched destroyed target (targetID=93, eventWatcher=4)
[0402-close] no active tracking assignment matched destroyed target (targetID=94, eventWatcher=5)
[0402-close] no active tracking assignment matched destroyed target (targetID=96, eventWatcher=6)
[0402-close] no active tracking assignment matched destroyed target (targetID=97, eventWatcher=5)
[0402-close] no active tracking assignment matched destroyed target (targetID=98, eventWatcher=5)
[0402-close] no active tracking assignment matched destroyed target (targetID=99, eventWatcher=5)
[0402-close] no active tracking assignment matched destroyed target (targetID=100, eventWatcher=4)
[0402-close] no active tracking assignment matched destroyed target (targetID=101, eventWatcher=5)
[0402-close] no active tracking assignment matched destroyed target (targetID=102, eventWatcher=5)
[0402-close] no active tracking assignment matched destroyed target (targetID=77, eventWatcher=4)
[0402-close] no active tracking assignment matched destroyed target (targetID=78, eventWatcher=6)
[0402-close] no active tracking assignment matched destroyed target (targetID=79, eventWatcher=5)
[0402-close] no active tracking assignment matched destroyed target (targetID=80, eventWatcher=5)
[0402-close] no active tracking assignment matched destroyed target (targetID=81, eventWatcher=4)
[0402-close] no active tracking assignment matched destroyed target (targetID=82, eventWatcher=5)
[0402-close] no active tracking assignment matched destroyed target (targetID=83, eventWatcher=5)
[0402-close] no active tracking assignment matched destroyed target (targetID=84, eventWatcher=5)
[0402-close] no active tracking assignment matched destroyed target (targetID=85, eventWatcher=4)
[0402-close] no active tracking assignment matched destroyed target (targetID=86, eventWatcher=4)
[0402-close] no active tracking assignment matched destroyed target (targetID=87, eventWatcher=5)
[0402-close] no active tracking assignment matched destroyed target (targetID=88, eventWatcher=6)
[0402-close] no active tracking assignment matched destroyed target (targetID=89, eventWatcher=5)
[0402-close] no active tracking assignment matched destroyed target (targetID=90, eventWatcher=6)
[0402-close] no active tracking assignment matched destroyed target (targetID=91, eventWatcher=5)
[0402-close] no active tracking assignment matched destroyed target (targetID=92, eventWatcher=5)
[0402-close] no active tracking assignment matched destroyed target (targetID=93, eventWatcher=4)
[0402-close] no active tracking assignment matched destroyed target (targetID=94, eventWatcher=5)
[0402-close] no active tracking assignment matched destroyed target (targetID=96, eventWatcher=6)
[0402-close] no active tracking assignment matched destroyed target (targetID=97, eventWatcher=5)
[0402-close] no active tracking assignment matched destroyed target (targetID=98, eventWatcher=5)
[0402-close] no active tracking assignment matched destroyed target (targetID=99, eventWatcher=5)
[0402-close] no active tracking assignment matched destroyed target (targetID=100, eventWatcher=4)
[0402-close] no active tracking assignment matched destroyed target (targetID=101, eventWatcher=5)
[0402-close] no active tracking assignment matched destroyed target (targetID=102, eventWatcher=5)
[0402-close] no active tracking assignment matched destroyed target (targetID=77, eventWatcher=4)
[0402-close] no active tracking assignment matched destroyed target (targetID=78, eventWatcher=6)
[0402-close] no active tracking assignment matched destroyed target (targetID=79, eventWatcher=5)
[0402-close] no active tracking assignment matched destroyed target (targetID=80, eventWatcher=5)
[0402-close] no active tracking assignment matched destroyed target (targetID=81, eventWatcher=4)
[0402-close] no active tracking assignment matched destroyed target (targetID=82, eventWatcher=5)
[0402-close] no active tracking assignment matched destroyed target (targetID=83, eventWatcher=5)
[0402-close] no active tracking assignment matched destroyed target (targetID=84, eventWatcher=5)
[0402-close] no active tracking assignment matched destroyed target (targetID=85, eventWatcher=4)
[0402-close] no active tracking assignment matched destroyed target (targetID=86, eventWatcher=4)
[0402-close] no active tracking assignment matched destroyed target (targetID=87, eventWatcher=5)
[0402-close] no active tracking assignment matched destroyed target (targetID=88, eventWatcher=6)
[0402-close] no active tracking assignment matched destroyed target (targetID=89, eventWatcher=5)
[0402-close] no active tracking assignment matched destroyed target (targetID=90, eventWatcher=6)
[0402-close] no active tracking assignment matched destroyed target (targetID=91, eventWatcher=5)
[0402-close] no active tracking assignment matched destroyed target (targetID=92, eventWatcher=5)
[0402-close] no active tracking assignment matched destroyed target (targetID=93, eventWatcher=4)
[0402-close] no active tracking assignment matched destroyed target (targetID=94, eventWatcher=5)
[0402-close] no active tracking assignment matched destroyed target (targetID=96, eventWatcher=6)
[0402-close] no active tracking assignment matched destroyed target (targetID=97, eventWatcher=5)
[0402-close] no active tracking assignment matched destroyed target (targetID=98, eventWatcher=5)
[0402-close] no active tracking assignment matched destroyed target (targetID=99, eventWatcher=5)
[0402-close] no active tracking assignment matched destroyed target (targetID=100, eventWatcher=4)
[0402-close] no active tracking assignment matched destroyed target (targetID=101, eventWatcher=5)
[0402-close] no active tracking assignment matched destroyed target (targetID=102, eventWatcher=5)
[0402-close] no active tracking assignment matched destroyed target (targetID=77, eventWatcher=4)
[0402-close] no active tracking assignment matched destroyed target (targetID=78, eventWatcher=6)
[0402-close] no active tracking assignment matched destroyed target (targetID=79, eventWatcher=5)
[0402-close] no active tracking assignment matched destroyed target (targetID=80, eventWatcher=5)
[0402-close] no active tracking assignment matched destroyed target (targetID=81, eventWatcher=4)
[0402-close] no active tracking assignment matched destroyed target (targetID=82, eventWatcher=5)
[0402-close] no active tracking assignment matched destroyed target (targetID=83, eventWatcher=5)
[0402-close] no active tracking assignment matched destroyed target (targetID=84, eventWatcher=5)
[0402-close] no active tracking assignment matched destroyed target (targetID=85, eventWatcher=4)
[0402-close] no active tracking assignment matched destroyed target (targetID=86, eventWatcher=4)
[0402-close] no active tracking assignment matched destroyed target (targetID=87, eventWatcher=5)
[0402-close] no active tracking assignment matched destroyed target (targetID=88, eventWatcher=6)
[0402-close] no active tracking assignment matched destroyed target (targetID=89, eventWatcher=5)
[0402-close] no active tracking assignment matched destroyed target (targetID=90, eventWatcher=6)
[0402-close] no active tracking assignment matched destroyed target (targetID=91, eventWatcher=5)
[0402-close] no active tracking assignment matched destroyed target (targetID=92, eventWatcher=5)
[0402-close] no active tracking assignment matched destroyed target (targetID=93, eventWatcher=4)
[0402-close] no active tracking assignment matched destroyed target (targetID=94, eventWatcher=5)
[0402-close] no active tracking assignment matched destroyed target (targetID=96, eventWatcher=6)
[0402-close] no active tracking assignment matched destroyed target (targetID=97, eventWatcher=5)
[0402-close] no active tracking assignment matched destroyed target (targetID=98, eventWatcher=5)
[0402-close] no active tracking assignment matched destroyed target (targetID=99, eventWatcher=5)
[0402-close] no active tracking assignment matched destroyed target (targetID=100, eventWatcher=4)
[0402-close] no active tracking assignment matched destroyed target (targetID=101, eventWatcher=5)
[0402-close] no active tracking assignment matched destroyed target (targetID=102, eventWatcher=5)
[0402-close] no active tracking assignment matched destroyed target (targetID=77, eventWatcher=4)
[0402-close] no active tracking assignment matched destroyed target (targetID=78, eventWatcher=6)
[0402-close] no active tracking assignment matched destroyed target (targetID=79, eventWatcher=5)
[0402-close] no active tracking assignment matched destroyed target (targetID=80, eventWatcher=5)
[0402-close] no active tracking assignment matched destroyed target (targetID=81, eventWatcher=4)
[0402-close] no active tracking assignment matched destroyed target (targetID=82, eventWatcher=5)
[0402-close] no active tracking assignment matched destroyed target (targetID=83, eventWatcher=5)
[0402-close] no active tracking assignment matched destroyed target (targetID=84, eventWatcher=5)
[0402-close] no active tracking assignment matched destroyed target (targetID=85, eventWatcher=4)
[0402-close] no active tracking assignment matched destroyed target (targetID=86, eventWatcher=4)
[0402-close] no active tracking assignment matched destroyed target (targetID=87, eventWatcher=5)
[0402-close] no active tracking assignment matched destroyed target (targetID=88, eventWatcher=6)
[0402-close] no active tracking assignment matched destroyed target (targetID=89, eventWatcher=5)
[0402-close] no active tracking assignment matched destroyed target (targetID=90, eventWatcher=6)
[0402-close] no active tracking assignment matched destroyed target (targetID=91, eventWatcher=5)
[0402-close] no active tracking assignment matched destroyed target (targetID=92, eventWatcher=5)
[0402-close] no active tracking assignment matched destroyed target (targetID=93, eventWatcher=4)
[0402-close] no active tracking assignment matched destroyed target (targetID=94, eventWatcher=5)
[0402-close] no active tracking assignment matched destroyed target (targetID=96, eventWatcher=6)
[0402-close] no active tracking assignment matched destroyed target (targetID=97, eventWatcher=5)
[0402-close] no active tracking assignment matched destroyed target (targetID=98, eventWatcher=5)
[0402-close] no active tracking assignment matched destroyed target (targetID=99, eventWatcher=5)
[0402-close] no active tracking assignment matched destroyed target (targetID=100, eventWatcher=4)
[0402-close] no active tracking assignment matched destroyed target (targetID=101, eventWatcher=5)
[0402-close] no active tracking assignment matched destroyed target (targetID=102, eventWatcher=5)
[0402-close] no active tracking assignment matched destroyed target (targetID=77, eventWatcher=4)
[0402-close] no active tracking assignment matched destroyed target (targetID=78, eventWatcher=6)
[0402-close] no active tracking assignment matched destroyed target (targetID=79, eventWatcher=5)
[0402-close] no active tracking assignment matched destroyed target (targetID=80, eventWatcher=5)
[0402-close] no active tracking assignment matched destroyed target (targetID=81, eventWatcher=4)
[0402-close] no active tracking assignment matched destroyed target (targetID=82, eventWatcher=5)
[0402-close] no active tracking assignment matched destroyed target (targetID=83, eventWatcher=5)
[0402-close] no active tracking assignment matched destroyed target (targetID=84, eventWatcher=5)
[0402-close] no active tracking assignment matched destroyed target (targetID=85, eventWatcher=4)
[0402-close] no active tracking assignment matched destroyed target (targetID=86, eventWatcher=4)
[0402-close] no active tracking assignment matched destroyed target (targetID=87, eventWatcher=5)
[0402-close] no active tracking assignment matched destroyed target (targetID=88, eventWatcher=6)
[0402-close] no active tracking assignment matched destroyed target (targetID=89, eventWatcher=5)
[0402-close] no active tracking assignment matched destroyed target (targetID=90, eventWatcher=6)
[0402-close] no active tracking assignment matched destroyed target (targetID=91, eventWatcher=5)
[0402-close] no active tracking assignment matched destroyed target (targetID=92, eventWatcher=5)
[0402-close] no active tracking assignment matched destroyed target (targetID=93, eventWatcher=4)
[0402-close] no active tracking assignment matched destroyed target (targetID=94, eventWatcher=5)
[0402-close] no active tracking assignment matched destroyed target (targetID=96, eventWatcher=6)
[0402-close] no active tracking assignment matched destroyed target (targetID=97, eventWatcher=5)
[0402-close] no active tracking assignment matched destroyed target (targetID=98, eventWatcher=5)
[0402-close] no active tracking assignment matched destroyed target (targetID=99, eventWatcher=5)
[0402-close] no active tracking assignment matched destroyed target (targetID=100, eventWatcher=4)
[0402-close] no active tracking assignment matched destroyed target (targetID=101, eventWatcher=5)
[0402-close] no active tracking assignment matched destroyed target (targetID=102, eventWatcher=5)
[0402-close] no active tracking assignment matched destroyed target (targetID=77, eventWatcher=4)
[0402-close] no active tracking assignment matched destroyed target (targetID=78, eventWatcher=6)
[0402-close] no active tracking assignment matched destroyed target (targetID=79, eventWatcher=5)
[0402-close] no active tracking assignment matched destroyed target (targetID=80, eventWatcher=5)
[0402-close] no active tracking assignment matched destroyed target (targetID=81, eventWatcher=4)
[0402-close] no active tracking assignment matched destroyed target (targetID=82, eventWatcher=5)
[0402-close] no active tracking assignment matched destroyed target (targetID=83, eventWatcher=5)
[0402-close] no active tracking assignment matched destroyed target (targetID=84, eventWatcher=5)
[0402-close] no active tracking assignment matched destroyed target (targetID=85, eventWatcher=4)
[0402-close] no active tracking assignment matched destroyed target (targetID=86, eventWatcher=4)
[0402-close] no active tracking assignment matched destroyed target (targetID=87, eventWatcher=5)
[0402-close] no active tracking assignment matched destroyed target (targetID=88, eventWatcher=6)
[0402-close] no active tracking assignment matched destroyed target (targetID=89, eventWatcher=5)
[0402-close] no active tracking assignment matched destroyed target (targetID=90, eventWatcher=6)
[0402-close] no active tracking assignment matched destroyed target (targetID=91, eventWatcher=5)
[0402-close] no active tracking assignment matched destroyed target (targetID=92, eventWatcher=5)
[0402-close] no active tracking assignment matched destroyed target (targetID=93, eventWatcher=4)
[0402-close] no active tracking assignment matched destroyed target (targetID=94, eventWatcher=5)
[0402-close] no active tracking assignment matched destroyed target (targetID=96, eventWatcher=6)
[0402-close] no active tracking assignment matched destroyed target (targetID=97, eventWatcher=5)
[0402-close] no active tracking assignment matched destroyed target (targetID=98, eventWatcher=5)
[0402-close] no active tracking assignment matched destroyed target (targetID=99, eventWatcher=5)
[0402-close] no active tracking assignment matched destroyed target (targetID=100, eventWatcher=4)
[0402-close] no active tracking assignment matched destroyed target (targetID=101, eventWatcher=5)
[0402-close] no active tracking assignment matched destroyed target (targetID=102, eventWatcher=5)
[0402-close] no active tracking assignment matched destroyed target (targetID=77, eventWatcher=4)
[0402-close] no active tracking assignment matched destroyed target (targetID=78, eventWatcher=6)
[0402-close] no active tracking assignment matched destroyed target (targetID=79, eventWatcher=5)
[0402-close] no active tracking assignment matched destroyed target (targetID=80, eventWatcher=5)
[0402-close] no active tracking assignment matched destroyed target (targetID=81, eventWatcher=4)
[0402-close] no active tracking assignment matched destroyed target (targetID=82, eventWatcher=5)
[0402-close] no active tracking assignment matched destroyed target (targetID=83, eventWatcher=5)
[0402-close] no active tracking assignment matched destroyed target (targetID=84, eventWatcher=5)
[0402-close] no active tracking assignment matched destroyed target (targetID=85, eventWatcher=4)
[0402-close] no active tracking assignment matched destroyed target (targetID=86, eventWatcher=4)
[0402-close] no active tracking assignment matched destroyed target (targetID=87, eventWatcher=5)
[0402-close] no active tracking assignment matched destroyed target (targetID=88, eventWatcher=6)
[0402-close] no active tracking assignment matched destroyed target (targetID=89, eventWatcher=5)
[0402-close] no active tracking assignment matched destroyed target (targetID=90, eventWatcher=6)
[0402-close] no active tracking assignment matched destroyed target (targetID=91, eventWatcher=5)
[0402-close] no active tracking assignment matched destroyed target (targetID=92, eventWatcher=5)
[0402-close] no active tracking assignment matched destroyed target (targetID=93, eventWatcher=4)
[0402-close] no active tracking assignment matched destroyed target (targetID=94, eventWatcher=5)
[0402-close] no active tracking assignment matched destroyed target (targetID=96, eventWatcher=6)
[0402-close] no active tracking assignment matched destroyed target (targetID=97, eventWatcher=5)
[0402-close] no active tracking assignment matched destroyed target (targetID=98, eventWatcher=5)
[0402-close] no active tracking assignment matched destroyed target (targetID=99, eventWatcher=5)
[0402-close] no active tracking assignment matched destroyed target (targetID=100, eventWatcher=4)
[0402-close] no active tracking assignment matched destroyed target (targetID=101, eventWatcher=5)
[0402-close] no active tracking assignment matched destroyed target (targetID=102, eventWatcher=5)
[0402-close] no active tracking assignment matched destroyed target (targetID=77, eventWatcher=4)
[0402-close] no active tracking assignment matched destroyed target (targetID=78, eventWatcher=6)
[0402-close] no active tracking assignment matched destroyed target (targetID=79, eventWatcher=5)
[0402-close] no active tracking assignment matched destroyed target (targetID=80, eventWatcher=5)
[0402-close] no active tracking assignment matched destroyed target (targetID=81, eventWatcher=4)
[0402-close] no active tracking assignment matched destroyed target (targetID=82, eventWatcher=5)
[0402-close] no active tracking assignment matched destroyed target (targetID=83, eventWatcher=5)
[0402-close] no active tracking assignment matched destroyed target (targetID=84, eventWatcher=5)
[0402-close] no active tracking assignment matched destroyed target (targetID=85, eventWatcher=4)
[0402-close] no active tracking assignment matched destroyed target (targetID=86, eventWatcher=4)
[0402-close] no active tracking assignment matched destroyed target (targetID=87, eventWatcher=5)
[0402-close] no active tracking assignment matched destroyed target (targetID=88, eventWatcher=6)
[0402-close] no active tracking assignment matched destroyed target (targetID=89, eventWatcher=5)
[0402-close] no active tracking assignment matched destroyed target (targetID=90, eventWatcher=6)
[0402-close] no active tracking assignment matched destroyed target (targetID=91, eventWatcher=5)
[0402-close] no active tracking assignment matched destroyed target (targetID=92, eventWatcher=5)
[0402-close] no active tracking assignment matched destroyed target (targetID=93, eventWatcher=4)
[0402-close] no active tracking assignment matched destroyed target (targetID=94, eventWatcher=5)
[0402-close] no active tracking assignment matched destroyed target (targetID=96, eventWatcher=6)
[0402-close] no active tracking assignment matched destroyed target (targetID=97, eventWatcher=5)
[0402-close] no active tracking assignment matched destroyed target (targetID=98, eventWatcher=5)
[0402-close] no active tracking assignment matched destroyed target (targetID=99, eventWatcher=5)
[0402-close] no active tracking assignment matched destroyed target (targetID=100, eventWatcher=4)
[0402-close] no active tracking assignment matched destroyed target (targetID=101, eventWatcher=5)
[0402-close] no active tracking assignment matched destroyed target (targetID=102, eventWatcher=5)
[0402-close] no active tracking assignment matched destroyed target (targetID=77, eventWatcher=4)
[0402-close] no active tracking assignment matched destroyed target (targetID=78, eventWatcher=6)
[0402-close] no active tracking assignment matched destroyed target (targetID=79, eventWatcher=5)
[0402-close] no active tracking assignment matched destroyed target (targetID=80, eventWatcher=5)
[0402-close] no active tracking assignment matched destroyed target (targetID=81, eventWatcher=4)
[0402-close] no active tracking assignment matched destroyed target (targetID=82, eventWatcher=5)
[0402-close] no active tracking assignment matched destroyed target (targetID=83, eventWatcher=5)
[0402-close] no active tracking assignment matched destroyed target (targetID=84, eventWatcher=5)
[0402-close] no active tracking assignment matched destroyed target (targetID=85, eventWatcher=4)
[0402-close] no active tracking assignment matched destroyed target (targetID=86, eventWatcher=4)
[0402-close] no active tracking assignment matched destroyed target (targetID=87, eventWatcher=5)
[0402-close] no active tracking assignment matched destroyed target (targetID=88, eventWatcher=6)
[0402-close] no active tracking assignment matched destroyed target (targetID=89, eventWatcher=5)
[0402-close] no active tracking assignment matched destroyed target (targetID=90, eventWatcher=6)
[0402-close] no active tracking assignment matched destroyed target (targetID=91, eventWatcher=5)
[0402-close] no active tracking assignment matched destroyed target (targetID=92, eventWatcher=5)
[0402-close] no active tracking assignment matched destroyed target (targetID=93, eventWatcher=4)
[0402-close] no active tracking assignment matched destroyed target (targetID=94, eventWatcher=5)
[0402-close] no active tracking assignment matched destroyed target (targetID=96, eventWatcher=6)
[0402-close] no active tracking assignment matched destroyed target (targetID=97, eventWatcher=5)
[0402-close] no active tracking assignment matched destroyed target (targetID=98, eventWatcher=5)
[0402-close] no active tracking assignment matched destroyed target (targetID=99, eventWatcher=5)
[0402-close] no active tracking assignment matched destroyed target (targetID=100, eventWatcher=4)
[0402-close] no active tracking assignment matched destroyed target (targetID=101, eventWatcher=5)
[0402-close] no active tracking assignment matched destroyed target (targetID=102, eventWatcher=5)
[0402-close] no active tracking assignment matched destroyed target (targetID=77, eventWatcher=4)
[0402-close] no active tracking assignment matched destroyed target (targetID=78, eventWatcher=6)
[0402-close] no active tracking assignment matched destroyed target (targetID=79, eventWatcher=5)
[0402-close] no active tracking assignment matched destroyed target (targetID=80, eventWatcher=5)
[0402-close] no active tracking assignment matched destroyed target (targetID=81, eventWatcher=4)
[0402-close] no active tracking assignment matched destroyed target (targetID=82, eventWatcher=5)
[0402-close] no active tracking assignment matched destroyed target (targetID=83, eventWatcher=5)
[0402-close] no active tracking assignment matched destroyed target (targetID=84, eventWatcher=5)
[0402-close] no active tracking assignment matched destroyed target (targetID=85, eventWatcher=4)
[0402-close] no active tracking assignment matched destroyed target (targetID=86, eventWatcher=4)
[0402-close] no active tracking assignment matched destroyed target (targetID=87, eventWatcher=5)
[0402-close] no active tracking assignment matched destroyed target (targetID=88, eventWatcher=6)
[0402-close] no active tracking assignment matched destroyed target (targetID=89, eventWatcher=5)
[0402-close] no active tracking assignment matched destroyed target (targetID=90, eventWatcher=6)
[0402-close] no active tracking assignment matched destroyed target (targetID=91, eventWatcher=5)
[0402-close] no active tracking assignment matched destroyed target (targetID=92, eventWatcher=5)
[0402-close] no active tracking assignment matched destroyed target (targetID=93, eventWatcher=4)
[0402-close] no active tracking assignment matched destroyed target (targetID=94, eventWatcher=5)
[0402-close] no active tracking assignment matched destroyed target (targetID=96, eventWatcher=6)
[0402-close] no active tracking assignment matched destroyed target (targetID=97, eventWatcher=5)
[0402-close] no active tracking assignment matched destroyed target (targetID=98, eventWatcher=5)
[0402-close] no active tracking assignment matched destroyed target (targetID=99, eventWatcher=5)
[0402-close] no active tracking assignment matched destroyed target (targetID=100, eventWatcher=4)
[0402-close] no active tracking assignment matched destroyed target (targetID=101, eventWatcher=5)
[0402-close] no active tracking assignment matched destroyed target (targetID=102, eventWatcher=5)
[0402-close] no active tracking assignment matched destroyed target (targetID=77, eventWatcher=4)
[0402-close] no active tracking assignment matched destroyed target (targetID=78, eventWatcher=6)
[0402-close] no active tracking assignment matched destroyed target (targetID=79, eventWatcher=5)
[0402-close] no active tracking assignment matched destroyed target (targetID=80, eventWatcher=5)
[0402-close] no active tracking assignment matched destroyed target (targetID=81, eventWatcher=4)
[0402-close] no active tracking assignment matched destroyed target (targetID=82, eventWatcher=5)
[0402-close] no active tracking assignment matched destroyed target (targetID=83, eventWatcher=5)
[0402-close] no active tracking assignment matched destroyed target (targetID=84, eventWatcher=5)
[0402-close] no active tracking assignment matched destroyed target (targetID=85, eventWatcher=4)
[0402-close] no active tracking assignment matched destroyed target (targetID=86, eventWatcher=4)
[0402-close] no active tracking assignment matched destroyed target (targetID=87, eventWatcher=5)
[0402-close] no active tracking assignment matched destroyed target (targetID=88, eventWatcher=6)
[0402-close] no active tracking assignment matched destroyed target (targetID=89, eventWatcher=5)
[0402-close] no active tracking assignment matched destroyed target (targetID=90, eventWatcher=6)
[0402-close] no active tracking assignment matched destroyed target (targetID=91, eventWatcher=5)
[0402-close] no active tracking assignment matched destroyed target (targetID=92, eventWatcher=5)
[0402-close] no active tracking assignment matched destroyed target (targetID=93, eventWatcher=4)
[0402-close] no active tracking assignment matched destroyed target (targetID=94, eventWatcher=5)
[0402-close] no active tracking assignment matched destroyed target (targetID=96, eventWatcher=6)
[0402-close] no active tracking assignment matched destroyed target (targetID=97, eventWatcher=5)
[0402-close] no active tracking assignment matched destroyed target (targetID=98, eventWatcher=5)
[0402-close] no active tracking assignment matched destroyed target (targetID=99, eventWatcher=5)
[0402-close] no active tracking assignment matched destroyed target (targetID=100, eventWatcher=4)
[0402-close] no active tracking assignment matched destroyed target (targetID=101, eventWatcher=5)
[0402-close] no active tracking assignment matched destroyed target (targetID=102, eventWatcher=5)
[0402-close] no active tracking assignment matched destroyed target (targetID=77, eventWatcher=4)
[0402-close] no active tracking assignment matched destroyed target (targetID=78, eventWatcher=6)
[0402-close] no active tracking assignment matched destroyed target (targetID=79, eventWatcher=5)
[0402-close] no active tracking assignment matched destroyed target (targetID=80, eventWatcher=5)
[0402-close] no active tracking assignment matched destroyed target (targetID=81, eventWatcher=4)
[0402-close] no active tracking assignment matched destroyed target (targetID=82, eventWatcher=5)
[0402-close] no active tracking assignment matched destroyed target (targetID=83, eventWatcher=5)
[0402-close] no active tracking assignment matched destroyed target (targetID=84, eventWatcher=5)
[0402-close] no active tracking assignment matched destroyed target (targetID=85, eventWatcher=4)
[0402-close] no active tracking assignment matched destroyed target (targetID=86, eventWatcher=4)
[0402-close] no active tracking assignment matched destroyed target (targetID=87, eventWatcher=5)
[0402-close] no active tracking assignment matched destroyed target (targetID=88, eventWatcher=6)
[0402-close] no active tracking assignment matched destroyed target (targetID=89, eventWatcher=5)
[0402-close] no active tracking assignment matched destroyed target (targetID=90, eventWatcher=6)
[0402-close] no active tracking assignment matched destroyed target (targetID=91, eventWatcher=5)
[0402-close] no active tracking assignment matched destroyed target (targetID=92, eventWatcher=5)
[0402-close] no active tracking assignment matched destroyed target (targetID=93, eventWatcher=4)
[0402-close] no active tracking assignment matched destroyed target (targetID=94, eventWatcher=5)
[0402-close] no active tracking assignment matched destroyed target (targetID=96, eventWatcher=6)
[0402-close] no active tracking assignment matched destroyed target (targetID=97, eventWatcher=5)
[0402-close] no active tracking assignment matched destroyed target (targetID=98, eventWatcher=5)
[0402-close] no active tracking assignment matched destroyed target (targetID=99, eventWatcher=5)
[0402-close] no active tracking assignment matched destroyed target (targetID=100, eventWatcher=4)
[0402-close] no active tracking assignment matched destroyed target (targetID=101, eventWatcher=5)
[0402-close] no active tracking assignment matched destroyed target (targetID=102, eventWatcher=5)
[0402-close] no active tracking assignment matched destroyed target (targetID=77, eventWatcher=4)
[0402-close] no active tracking assignment matched destroyed target (targetID=78, eventWatcher=6)
[0402-close] no active tracking assignment matched destroyed target (targetID=79, eventWatcher=5)
[0402-close] no active tracking assignment matched destroyed target (targetID=80, eventWatcher=5)
[0402-close] no active tracking assignment matched destroyed target (targetID=81, eventWatcher=4)
[0402-close] no active tracking assignment matched destroyed target (targetID=82, eventWatcher=5)
[0402-close] no active tracking assignment matched destroyed target (targetID=83, eventWatcher=5)
[0402-close] no active tracking assignment matched destroyed target (targetID=84, eventWatcher=5)
[0402-close] no active tracking assignment matched destroyed target (targetID=85, eventWatcher=4)
[0402-close] no active tracking assignment matched destroyed target (targetID=86, eventWatcher=4)
[0402-close] no active tracking assignment matched destroyed target (targetID=87, eventWatcher=5)
[0402-close] no active tracking assignment matched destroyed target (targetID=88, eventWatcher=6)
[0402-close] no active tracking assignment matched destroyed target (targetID=89, eventWatcher=5)
[0402-close] no active tracking assignment matched destroyed target (targetID=90, eventWatcher=6)
[0402-close] no active tracking assignment matched destroyed target (targetID=91, eventWatcher=5)
[0402-close] no active tracking assignment matched destroyed target (targetID=92, eventWatcher=5)
[0402-close] no active tracking assignment matched destroyed target (targetID=93, eventWatcher=4)
[0402-close] no active tracking assignment matched destroyed target (targetID=94, eventWatcher=5)
[0402-close] no active tracking assignment matched destroyed target (targetID=96, eventWatcher=6)
[0402-close] no active tracking assignment matched destroyed target (targetID=97, eventWatcher=5)
[0402-close] no active tracking assignment matched destroyed target (targetID=98, eventWatcher=5)
[0402-close] no active tracking assignment matched destroyed target (targetID=99, eventWatcher=5)
[0402-close] no active tracking assignment matched destroyed target (targetID=100, eventWatcher=4)
[0402-close] no active tracking assignment matched destroyed target (targetID=101, eventWatcher=5)
[0402-close] no active tracking assignment matched destroyed target (targetID=102, eventWatcher=5)
[0402-close] no active tracking assignment matched destroyed target (targetID=77, eventWatcher=4)
[0402-close] no active tracking assignment matched destroyed target (targetID=78, eventWatcher=6)
[0402-close] no active tracking assignment matched destroyed target (targetID=79, eventWatcher=5)
[0402-close] no active tracking assignment matched destroyed target (targetID=80, eventWatcher=5)
[0402-close] no active tracking assignment matched destroyed target (targetID=81, eventWatcher=4)
[0402-close] no active tracking assignment matched destroyed target (targetID=82, eventWatcher=5)
[0402-close] no active tracking assignment matched destroyed target (targetID=83, eventWatcher=5)
[0402-close] no active tracking assignment matched destroyed target (targetID=84, eventWatcher=5)
[0402-close] no active tracking assignment matched destroyed target (targetID=85, eventWatcher=4)
[0402-close] no active tracking assignment matched destroyed target (targetID=86, eventWatcher=4)
[0402-close] no active tracking assignment matched destroyed target (targetID=87, eventWatcher=5)
[0402-close] no active tracking assignment matched destroyed target (targetID=88, eventWatcher=6)
[0402-close] no active tracking assignment matched destroyed target (targetID=89, eventWatcher=5)
[0402-close] no active tracking assignment matched destroyed target (targetID=90, eventWatcher=6)
[0402-close] no active tracking assignment matched destroyed target (targetID=91, eventWatcher=5)
[0402-close] no active tracking assignment matched destroyed target (targetID=92, eventWatcher=5)
[0402-close] no active tracking assignment matched destroyed target (targetID=93, eventWatcher=4)
[0402-close] no active tracking assignment matched destroyed target (targetID=94, eventWatcher=5)
[0402-close] no active tracking assignment matched destroyed target (targetID=96, eventWatcher=6)
[0402-close] no active tracking assignment matched destroyed target (targetID=97, eventWatcher=5)
[0402-close] no active tracking assignment matched destroyed target (targetID=98, eventWatcher=5)
[0402-close] no active tracking assignment matched destroyed target (targetID=99, eventWatcher=5)
[0402-close] no active tracking assignment matched destroyed target (targetID=100, eventWatcher=4)
[0402-close] no active tracking assignment matched destroyed target (targetID=101, eventWatcher=5)
[0402-close] no active tracking assignment matched destroyed target (targetID=102, eventWatcher=5)
[0402-close] no active tracking assignment matched destroyed target (targetID=77, eventWatcher=4)
[0402-close] no active tracking assignment matched destroyed target (targetID=78, eventWatcher=6)
[0402-close] no active tracking assignment matched destroyed target (targetID=79, eventWatcher=5)
[0402-close] no active tracking assignment matched destroyed target (targetID=80, eventWatcher=5)
[0402-close] no active tracking assignment matched destroyed target (targetID=81, eventWatcher=4)
[0402-close] no active tracking assignment matched destroyed target (targetID=82, eventWatcher=5)
[0402-close] no active tracking assignment matched destroyed target (targetID=83, eventWatcher=5)
[0402-close] no active tracking assignment matched destroyed target (targetID=84, eventWatcher=5)
[0402-close] no active tracking assignment matched destroyed target (targetID=85, eventWatcher=4)
[0402-close] no active tracking assignment matched destroyed target (targetID=86, eventWatcher=4)
[0402-close] no active tracking assignment matched destroyed target (targetID=87, eventWatcher=5)
[0402-close] no active tracking assignment matched destroyed target (targetID=88, eventWatcher=6)
[0402-close] no active tracking assignment matched destroyed target (targetID=89, eventWatcher=5)
[0402-close] no active tracking assignment matched destroyed target (targetID=90, eventWatcher=6)
[0402-close] no active tracking assignment matched destroyed target (targetID=91, eventWatcher=5)
[0402-close] no active tracking assignment matched destroyed target (targetID=92, eventWatcher=5)
[0402-close] no active tracking assignment matched destroyed target (targetID=93, eventWatcher=4)
[0402-close] no active tracking assignment matched destroyed target (targetID=94, eventWatcher=5)
[0402-close] no active tracking assignment matched destroyed target (targetID=96, eventWatcher=6)
[0402-close] no active tracking assignment matched destroyed target (targetID=97, eventWatcher=5)
[0402-close] no active tracking assignment matched destroyed target (targetID=98, eventWatcher=5)
[0402-close] no active tracking assignment matched destroyed target (targetID=99, eventWatcher=5)
[0402-close] no active tracking assignment matched destroyed target (targetID=100, eventWatcher=4)
[0402-close] no active tracking assignment matched destroyed target (targetID=101, eventWatcher=5)
[0402-close] no active tracking assignment matched destroyed target (targetID=102, eventWatcher=5)
[0402-close] no active tracking assignment matched destroyed target (targetID=77, eventWatcher=4)
[0402-close] no active tracking assignment matched destroyed target (targetID=78, eventWatcher=6)
[0402-close] no active tracking assignment matched destroyed target (targetID=79, eventWatcher=5)
[0402-close] no active tracking assignment matched destroyed target (targetID=80, eventWatcher=5)
[0402-close] no active tracking assignment matched destroyed target (targetID=81, eventWatcher=4)
[0402-close] no active tracking assignment matched destroyed target (targetID=82, eventWatcher=5)
[0402-close] no active tracking assignment matched destroyed target (targetID=83, eventWatcher=5)
[0402-close] no active tracking assignment matched destroyed target (targetID=84, eventWatcher=5)
[0402-close] no active tracking assignment matched destroyed target (targetID=85, eventWatcher=4)
[0402-close] no active tracking assignment matched destroyed target (targetID=86, eventWatcher=4)
[0402-close] no active tracking assignment matched destroyed target (targetID=87, eventWatcher=5)
[0402-close] no active tracking assignment matched destroyed target (targetID=88, eventWatcher=6)
[0402-close] no active tracking assignment matched destroyed target (targetID=89, eventWatcher=5)
[0402-close] no active tracking assignment matched destroyed target (targetID=90, eventWatcher=6)
[0402-close] no active tracking assignment matched destroyed target (targetID=91, eventWatcher=5)
[0402-close] no active tracking assignment matched destroyed target (targetID=92, eventWatcher=5)
[0402-close] no active tracking assignment matched destroyed target (targetID=93, eventWatcher=4)
[0402-close] no active tracking assignment matched destroyed target (targetID=94, eventWatcher=5)
[0402-close] no active tracking assignment matched destroyed target (targetID=96, eventWatcher=6)
[0402-close] no active tracking assignment matched destroyed target (targetID=97, eventWatcher=5)
[0402-close] no active tracking assignment matched destroyed target (targetID=98, eventWatcher=5)
[0402-close] no active tracking assignment matched destroyed target (targetID=99, eventWatcher=5)
[0402-close] no active tracking assignment matched destroyed target (targetID=100, eventWatcher=4)
[0402-close] no active tracking assignment matched destroyed target (targetID=101, eventWatcher=5)
[0402-close] no active tracking assignment matched destroyed target (targetID=102, eventWatcher=5)
[0402-close] no active tracking assignment matched destroyed target (targetID=77, eventWatcher=4)
[0402-close] no active tracking assignment matched destroyed target (targetID=78, eventWatcher=6)
[0402-close] no active tracking assignment matched destroyed target (targetID=79, eventWatcher=5)
[0402-close] no active tracking assignment matched destroyed target (targetID=80, eventWatcher=5)
[0402-close] no active tracking assignment matched destroyed target (targetID=81, eventWatcher=4)
[0402-close] no active tracking assignment matched destroyed target (targetID=82, eventWatcher=5)
[0402-close] no active tracking assignment matched destroyed target (targetID=83, eventWatcher=5)
[0402-close] no active tracking assignment matched destroyed target (targetID=84, eventWatcher=5)
[0402-close] no active tracking assignment matched destroyed target (targetID=85, eventWatcher=4)
[0402-close] no active tracking assignment matched destroyed target (targetID=86, eventWatcher=4)
[0402-close] no active tracking assignment matched destroyed target (targetID=87, eventWatcher=5)
[0402-close] no active tracking assignment matched destroyed target (targetID=88, eventWatcher=6)
[0402-close] no active tracking assignment matched destroyed target (targetID=89, eventWatcher=5)
[0402-close] no active tracking assignment matched destroyed target (targetID=90, eventWatcher=6)
[0402-close] no active tracking assignment matched destroyed target (targetID=91, eventWatcher=5)
[0402-close] no active tracking assignment matched destroyed target (targetID=92, eventWatcher=5)
[0402-close] no active tracking assignment matched destroyed target (targetID=93, eventWatcher=4)
[0402-close] no active tracking assignment matched destroyed target (targetID=94, eventWatcher=5)
[0402-close] no active tracking assignment matched destroyed target (targetID=96, eventWatcher=6)
[0402-close] no active tracking assignment matched destroyed target (targetID=97, eventWatcher=5)
[0402-close] no active tracking assignment matched destroyed target (targetID=98, eventWatcher=5)
[0402-close] no active tracking assignment matched destroyed target (targetID=99, eventWatcher=5)
[0402-close] no active tracking assignment matched destroyed target (targetID=100, eventWatcher=4)
[0402-close] no active tracking assignment matched destroyed target (targetID=101, eventWatcher=5)
[0402-close] no active tracking assignment matched destroyed target (targetID=102, eventWatcher=5)
[0402-close] no active tracking assignment matched destroyed target (targetID=77, eventWatcher=4)
[0402-close] no active tracking assignment matched destroyed target (targetID=78, eventWatcher=6)
[0402-close] no active tracking assignment matched destroyed target (targetID=79, eventWatcher=5)
[0402-close] no active tracking assignment matched destroyed target (targetID=80, eventWatcher=5)
[0402-close] no active tracking assignment matched destroyed target (targetID=81, eventWatcher=4)
[0402-close] no active tracking assignment matched destroyed target (targetID=82, eventWatcher=5)
[0402-close] no active tracking assignment matched destroyed target (targetID=83, eventWatcher=5)
[0402-close] no active tracking assignment matched destroyed target (targetID=84, eventWatcher=5)
[0402-close] no active tracking assignment matched destroyed target (targetID=85, eventWatcher=4)
[0402-close] no active tracking assignment matched destroyed target (targetID=86, eventWatcher=4)
[0402-close] no active tracking assignment matched destroyed target (targetID=87, eventWatcher=5)
[0402-close] no active tracking assignment matched destroyed target (targetID=88, eventWatcher=6)
[0402-close] no active tracking assignment matched destroyed target (targetID=89, eventWatcher=5)
[0402-close] no active tracking assignment matched destroyed target (targetID=90, eventWatcher=6)
[0402-close] no active tracking assignment matched destroyed target (targetID=91, eventWatcher=5)
[0402-close] no active tracking assignment matched destroyed target (targetID=92, eventWatcher=5)
[0402-close] no active tracking assignment matched destroyed target (targetID=93, eventWatcher=4)
[0402-close] no active tracking assignment matched destroyed target (targetID=94, eventWatcher=5)
[0402-close] no active tracking assignment matched destroyed target (targetID=96, eventWatcher=6)
[0402-close] no active tracking assignment matched destroyed target (targetID=97, eventWatcher=5)
[0402-close] no active tracking assignment matched destroyed target (targetID=98, eventWatcher=5)
[0402-close] no active tracking assignment matched destroyed target (targetID=99, eventWatcher=5)
[0402-close] no active tracking assignment matched destroyed target (targetID=100, eventWatcher=4)
[0402-close] no active tracking assignment matched destroyed target (targetID=101, eventWatcher=5)
[0402-close] no active tracking assignment matched destroyed target (targetID=102, eventWatcher=5)
[0402-close] no active tracking assignment matched destroyed target (targetID=77, eventWatcher=4)
[0402-close] no active tracking assignment matched destroyed target (targetID=78, eventWatcher=6)
[0402-close] no active tracking assignment matched destroyed target (targetID=79, eventWatcher=5)
[0402-close] no active tracking assignment matched destroyed target (targetID=80, eventWatcher=5)
[0402-close] no active tracking assignment matched destroyed target (targetID=81, eventWatcher=4)
[0402-close] no active tracking assignment matched destroyed target (targetID=82, eventWatcher=5)
[0402-close] no active tracking assignment matched destroyed target (targetID=83, eventWatcher=5)
[0402-close] no active tracking assignment matched destroyed target (targetID=84, eventWatcher=5)
[0402-close] no active tracking assignment matched destroyed target (targetID=85, eventWatcher=4)
[0402-close] no active tracking assignment matched destroyed target (targetID=86, eventWatcher=4)
[0402-close] no active tracking assignment matched destroyed target (targetID=87, eventWatcher=5)
[0402-close] no active tracking assignment matched destroyed target (targetID=88, eventWatcher=6)
[0402-close] no active tracking assignment matched destroyed target (targetID=89, eventWatcher=5)
[0402-close] no active tracking assignment matched destroyed target (targetID=90, eventWatcher=6)
[0402-close] no active tracking assignment matched destroyed target (targetID=91, eventWatcher=5)
[0402-close] no active tracking assignment matched destroyed target (targetID=92, eventWatcher=5)
[0402-close] no active tracking assignment matched destroyed target (targetID=93, eventWatcher=4)
[0402-close] no active tracking assignment matched destroyed target (targetID=94, eventWatcher=5)
[0402-close] no active tracking assignment matched destroyed target (targetID=96, eventWatcher=6)
[0402-close] no active tracking assignment matched destroyed target (targetID=97, eventWatcher=5)
[0402-close] no active tracking assignment matched destroyed target (targetID=98, eventWatcher=5)
[0402-close] no active tracking assignment matched destroyed target (targetID=99, eventWatcher=5)
[0402-close] no active tracking assignment matched destroyed target (targetID=100, eventWatcher=4)
[0402-close] no active tracking assignment matched destroyed target (targetID=101, eventWatcher=5)
[0402-close] no active tracking assignment matched destroyed target (targetID=102, eventWatcher=5)
[0401TRACE] handler slow seq=3041 elapsed=0.322s ts=832654201824 states=6
[0402-close] no active tracking assignment matched destroyed target (targetID=77, eventWatcher=4)
[0402-close] no active tracking assignment matched destroyed target (targetID=78, eventWatcher=6)
[0402-close] no active tracking assignment matched destroyed target (targetID=79, eventWatcher=5)
[0402-close] no active tracking assignment matched destroyed target (targetID=80, eventWatcher=5)
[0402-close] no active tracking assignment matched destroyed target (targetID=81, eventWatcher=4)
[0402-close] no active tracking assignment matched destroyed target (targetID=82, eventWatcher=5)
[0402-close] no active tracking assignment matched destroyed target (targetID=83, eventWatcher=5)
[0402-close] no active tracking assignment matched destroyed target (targetID=84, eventWatcher=5)
[0402-close] no active tracking assignment matched destroyed target (targetID=85, eventWatcher=4)
[0402-close] no active tracking assignment matched destroyed target (targetID=86, eventWatcher=4)
[0402-close] no active tracking assignment matched destroyed target (targetID=87, eventWatcher=5)
[0402-close] no active tracking assignment matched destroyed target (targetID=88, eventWatcher=6)
[0402-close] no active tracking assignment matched destroyed target (targetID=89, eventWatcher=5)
[0402-close] no active tracking assignment matched destroyed target (targetID=90, eventWatcher=6)
[0402-close] no active tracking assignment matched destroyed target (targetID=91, eventWatcher=5)
[0402-close] no active tracking assignment matched destroyed target (targetID=92, eventWatcher=5)
[0402-close] no active tracking assignment matched destroyed target (targetID=93, eventWatcher=4)
[0402-close] no active tracking assignment matched destroyed target (targetID=94, eventWatcher=5)
[0402-close] no active tracking assignment matched destroyed target (targetID=96, eventWatcher=6)
[0402-close] no active tracking assignment matched destroyed target (targetID=97, eventWatcher=5)
[0402-close] no active tracking assignment matched destroyed target (targetID=98, eventWatcher=5)
[0402-close] no active tracking assignment matched destroyed target (targetID=99, eventWatcher=5)
[0402-close] no active tracking assignment matched destroyed target (targetID=100, eventWatcher=4)
[0402-close] no active tracking assignment matched destroyed target (targetID=101, eventWatcher=5)
[0402-close] no active tracking assignment matched destroyed target (targetID=102, eventWatcher=5)
[0402-close] no active tracking assignment matched destroyed target (targetID=77, eventWatcher=4)
[0402-close] no active tracking assignment matched destroyed target (targetID=78, eventWatcher=6)
[0402-close] no active tracking assignment matched destroyed target (targetID=79, eventWatcher=5)
[0402-close] no active tracking assignment matched destroyed target (targetID=80, eventWatcher=5)
[0402-close] no active tracking assignment matched destroyed target (targetID=81, eventWatcher=4)
[0402-close] no active tracking assignment matched destroyed target (targetID=82, eventWatcher=5)
[0402-close] no active tracking assignment matched destroyed target (targetID=83, eventWatcher=5)
[0402-close] no active tracking assignment matched destroyed target (targetID=84, eventWatcher=5)
[0402-close] no active tracking assignment matched destroyed target (targetID=85, eventWatcher=4)
[0402-close] no active tracking assignment matched destroyed target (targetID=86, eventWatcher=4)
[0402-close] no active tracking assignment matched destroyed target (targetID=87, eventWatcher=5)
[0402-close] no active tracking assignment matched destroyed target (targetID=88, eventWatcher=6)
[0402-close] no active tracking assignment matched destroyed target (targetID=89, eventWatcher=5)
[0402-close] no active tracking assignment matched destroyed target (targetID=90, eventWatcher=6)
[0402-close] no active tracking assignment matched destroyed target (targetID=91, eventWatcher=5)
[0402-close] no active tracking assignment matched destroyed target (targetID=92, eventWatcher=5)
[0402-close] no active tracking assignment matched destroyed target (targetID=93, eventWatcher=4)
[0402-close] no active tracking assignment matched destroyed target (targetID=94, eventWatcher=5)
[0402-close] no active tracking assignment matched destroyed target (targetID=96, eventWatcher=6)
[0402-close] no active tracking assignment matched destroyed target (targetID=97, eventWatcher=5)
[0402-close] no active tracking assignment matched destroyed target (targetID=98, eventWatcher=5)
[0402-close] no active tracking assignment matched destroyed target (targetID=99, eventWatcher=5)
[0402-close] no active tracking assignment matched destroyed target (targetID=100, eventWatcher=4)
[0402-close] no active tracking assignment matched destroyed target (targetID=101, eventWatcher=5)
[0402-close] no active tracking assignment matched destroyed target (targetID=102, eventWatcher=5)
[0402-close] no active tracking assignment matched destroyed target (targetID=77, eventWatcher=4)
[0402-close] no active tracking assignment matched destroyed target (targetID=78, eventWatcher=6)
[0402-close] no active tracking assignment matched destroyed target (targetID=79, eventWatcher=5)
[0402-close] no active tracking assignment matched destroyed target (targetID=80, eventWatcher=5)
[0402-close] no active tracking assignment matched destroyed target (targetID=81, eventWatcher=4)
[0402-close] no active tracking assignment matched destroyed target (targetID=82, eventWatcher=5)
[0402-close] no active tracking assignment matched destroyed target (targetID=83, eventWatcher=5)
[0402-close] no active tracking assignment matched destroyed target (targetID=84, eventWatcher=5)
[0402-close] no active tracking assignment matched destroyed target (targetID=85, eventWatcher=4)
[0402-close] no active tracking assignment matched destroyed target (targetID=86, eventWatcher=4)
[0402-close] no active tracking assignment matched destroyed target (targetID=87, eventWatcher=5)
[0402-close] no active tracking assignment matched destroyed target (targetID=88, eventWatcher=6)
[0402-close] no active tracking assignment matched destroyed target (targetID=89, eventWatcher=5)
[0402-close] no active tracking assignment matched destroyed target (targetID=90, eventWatcher=6)
[0402-close] no active tracking assignment matched destroyed target (targetID=91, eventWatcher=5)
[0402-close] no active tracking assignment matched destroyed target (targetID=92, eventWatcher=5)
[0402-close] no active tracking assignment matched destroyed target (targetID=93, eventWatcher=4)
[0402-close] no active tracking assignment matched destroyed target (targetID=94, eventWatcher=5)
[0402-close] no active tracking assignment matched destroyed target (targetID=96, eventWatcher=6)
[0402-close] no active tracking assignment matched destroyed target (targetID=97, eventWatcher=5)
[0402-close] no active tracking assignment matched destroyed target (targetID=98, eventWatcher=5)
[0402-close] no active tracking assignment matched destroyed target (targetID=99, eventWatcher=5)
[0402-close] no active tracking assignment matched destroyed target (targetID=100, eventWatcher=4)
[0402-close] no active tracking assignment matched destroyed target (targetID=101, eventWatcher=5)
[0402-close] no active tracking assignment matched destroyed target (targetID=102, eventWatcher=5)
[0402-close] no active tracking assignment matched destroyed target (targetID=77, eventWatcher=4)
[0402-close] no active tracking assignment matched destroyed target (targetID=78, eventWatcher=6)
[0402-close] no active tracking assignment matched destroyed target (targetID=79, eventWatcher=5)
[0402-close] no active tracking assignment matched destroyed target (targetID=80, eventWatcher=5)
[0402-close] no active tracking assignment matched destroyed target (targetID=81, eventWatcher=4)
[0402-close] no active tracking assignment matched destroyed target (targetID=82, eventWatcher=5)
[0402-close] no active tracking assignment matched destroyed target (targetID=83, eventWatcher=5)
[0402-close] no active tracking assignment matched destroyed target (targetID=84, eventWatcher=5)
[0402-close] no active tracking assignment matched destroyed target (targetID=85, eventWatcher=4)
[0402-close] no active tracking assignment matched destroyed target (targetID=86, eventWatcher=4)
[0402-close] no active tracking assignment matched destroyed target (targetID=87, eventWatcher=5)
[0402-close] no active tracking assignment matched destroyed target (targetID=88, eventWatcher=6)
[0402-close] no active tracking assignment matched destroyed target (targetID=89, eventWatcher=5)
[0402-close] no active tracking assignment matched destroyed target (targetID=90, eventWatcher=6)
[0402-close] no active tracking assignment matched destroyed target (targetID=91, eventWatcher=5)
[0402-close] no active tracking assignment matched destroyed target (targetID=92, eventWatcher=5)
[0402-close] no active tracking assignment matched destroyed target (targetID=93, eventWatcher=4)
[0402-close] no active tracking assignment matched destroyed target (targetID=94, eventWatcher=5)
[0402-close] no active tracking assignment matched destroyed target (targetID=96, eventWatcher=6)
[0402-close] no active tracking assignment matched destroyed target (targetID=97, eventWatcher=5)
[0402-close] no active tracking assignment matched destroyed target (targetID=98, eventWatcher=5)
[0402-close] no active tracking assignment matched destroyed target (targetID=99, eventWatcher=5)
[0402-close] no active tracking assignment matched destroyed target (targetID=100, eventWatcher=4)
[0402-close] no active tracking assignment matched destroyed target (targetID=101, eventWatcher=5)
[0402-close] no active tracking assignment matched destroyed target (targetID=102, eventWatcher=5)
[0402-close] no active tracking assignment matched destroyed target (targetID=77, eventWatcher=4)
[0402-close] no active tracking assignment matched destroyed target (targetID=78, eventWatcher=6)
[0402-close] no active tracking assignment matched destroyed target (targetID=79, eventWatcher=5)
[0402-close] no active tracking assignment matched destroyed target (targetID=80, eventWatcher=5)
[0402-close] no active tracking assignment matched destroyed target (targetID=81, eventWatcher=4)
[0402-close] no active tracking assignment matched destroyed target (targetID=82, eventWatcher=5)
[0402-close] no active tracking assignment matched destroyed target (targetID=83, eventWatcher=5)
[0402-close] no active tracking assignment matched destroyed target (targetID=84, eventWatcher=5)
[0402-close] no active tracking assignment matched destroyed target (targetID=85, eventWatcher=4)
[0402-close] no active tracking assignment matched destroyed target (targetID=86, eventWatcher=4)
[0402-close] no active tracking assignment matched destroyed target (targetID=87, eventWatcher=5)
[0402-close] no active tracking assignment matched destroyed target (targetID=88, eventWatcher=6)
[0402-close] no active tracking assignment matched destroyed target (targetID=89, eventWatcher=5)
[0402-close] no active tracking assignment matched destroyed target (targetID=90, eventWatcher=6)
[0402-close] no active tracking assignment matched destroyed target (targetID=91, eventWatcher=5)
[0402-close] no active tracking assignment matched destroyed target (targetID=92, eventWatcher=5)
[0402-close] no active tracking assignment matched destroyed target (targetID=93, eventWatcher=4)
[0402-close] no active tracking assignment matched destroyed target (targetID=94, eventWatcher=5)
[0402-close] no active tracking assignment matched destroyed target (targetID=96, eventWatcher=6)
[0402-close] no active tracking assignment matched destroyed target (targetID=97, eventWatcher=5)
[0402-close] no active tracking assignment matched destroyed target (targetID=98, eventWatcher=5)
[0402-close] no active tracking assignment matched destroyed target (targetID=99, eventWatcher=5)
[0402-close] no active tracking assignment matched destroyed target (targetID=100, eventWatcher=4)
[0402-close] no active tracking assignment matched destroyed target (targetID=101, eventWatcher=5)
[0402-close] no active tracking assignment matched destroyed target (targetID=102, eventWatcher=5)
[0402-close] no active tracking assignment matched destroyed target (targetID=77, eventWatcher=4)
[0402-close] no active tracking assignment matched destroyed target (targetID=78, eventWatcher=6)
[0402-close] no active tracking assignment matched destroyed target (targetID=79, eventWatcher=5)
[0402-close] no active tracking assignment matched destroyed target (targetID=80, eventWatcher=5)
[0402-close] no active tracking assignment matched destroyed target (targetID=81, eventWatcher=4)
[0402-close] no active tracking assignment matched destroyed target (targetID=82, eventWatcher=5)
[0402-close] no active tracking assignment matched destroyed target (targetID=83, eventWatcher=5)
[0402-close] no active tracking assignment matched destroyed target (targetID=84, eventWatcher=5)
[0402-close] no active tracking assignment matched destroyed target (targetID=85, eventWatcher=4)
[0402-close] no active tracking assignment matched destroyed target (targetID=86, eventWatcher=4)
[0402-close] no active tracking assignment matched destroyed target (targetID=87, eventWatcher=5)
[0402-close] no active tracking assignment matched destroyed target (targetID=88, eventWatcher=6)
[0402-close] no active tracking assignment matched destroyed target (targetID=89, eventWatcher=5)
[0402-close] no active tracking assignment matched destroyed target (targetID=90, eventWatcher=6)
[0402-close] no active tracking assignment matched destroyed target (targetID=91, eventWatcher=5)
[0402-close] no active tracking assignment matched destroyed target (targetID=92, eventWatcher=5)
[0402-close] no active tracking assignment matched destroyed target (targetID=93, eventWatcher=4)
[0402-close] no active tracking assignment matched destroyed target (targetID=94, eventWatcher=5)
[0402-close] no active tracking assignment matched destroyed target (targetID=96, eventWatcher=6)
[0402-close] no active tracking assignment matched destroyed target (targetID=97, eventWatcher=5)
[0402-close] no active tracking assignment matched destroyed target (targetID=98, eventWatcher=5)
[0402-close] no active tracking assignment matched destroyed target (targetID=99, eventWatcher=5)
[0402-close] no active tracking assignment matched destroyed target (targetID=100, eventWatcher=4)
[0402-close] no active tracking assignment matched destroyed target (targetID=101, eventWatcher=5)
[0402-close] no active tracking assignment matched destroyed target (targetID=102, eventWatcher=5)
[0402-close] no active tracking assignment matched destroyed target (targetID=77, eventWatcher=4)
[0402-close] no active tracking assignment matched destroyed target (targetID=78, eventWatcher=6)
[0402-close] no active tracking assignment matched destroyed target (targetID=79, eventWatcher=5)
[0402-close] no active tracking assignment matched destroyed target (targetID=80, eventWatcher=5)
[0402-close] no active tracking assignment matched destroyed target (targetID=81, eventWatcher=4)
[0402-close] no active tracking assignment matched destroyed target (targetID=82, eventWatcher=5)
[0402-close] no active tracking assignment matched destroyed target (targetID=83, eventWatcher=5)
[0402-close] no active tracking assignment matched destroyed target (targetID=84, eventWatcher=5)
[0402-close] no active tracking assignment matched destroyed target (targetID=85, eventWatcher=4)
[0402-close] no active tracking assignment matched destroyed target (targetID=86, eventWatcher=4)
[0402-close] no active tracking assignment matched destroyed target (targetID=87, eventWatcher=5)
[0402-close] no active tracking assignment matched destroyed target (targetID=88, eventWatcher=6)
[0402-close] no active tracking assignment matched destroyed target (targetID=89, eventWatcher=5)
[0402-close] no active tracking assignment matched destroyed target (targetID=90, eventWatcher=6)
[0402-close] no active tracking assignment matched destroyed target (targetID=91, eventWatcher=5)
[0402-close] no active tracking assignment matched destroyed target (targetID=92, eventWatcher=5)
[0402-close] no active tracking assignment matched destroyed target (targetID=93, eventWatcher=4)
[0402-close] no active tracking assignment matched destroyed target (targetID=94, eventWatcher=5)
[0402-close] no active tracking assignment matched destroyed target (targetID=96, eventWatcher=6)
[0402-close] no active tracking assignment matched destroyed target (targetID=97, eventWatcher=5)
[0402-close] no active tracking assignment matched destroyed target (targetID=98, eventWatcher=5)
[0402-close] no active tracking assignment matched destroyed target (targetID=99, eventWatcher=5)
[0402-close] no active tracking assignment matched destroyed target (targetID=100, eventWatcher=4)
[0402-close] no active tracking assignment matched destroyed target (targetID=101, eventWatcher=5)
[0402-close] no active tracking assignment matched destroyed target (targetID=102, eventWatcher=5)
[0402-close] no active tracking assignment matched destroyed target (targetID=77, eventWatcher=4)
[0402-close] no active tracking assignment matched destroyed target (targetID=78, eventWatcher=6)
[0402-close] no active tracking assignment matched destroyed target (targetID=79, eventWatcher=5)
[0402-close] no active tracking assignment matched destroyed target (targetID=80, eventWatcher=5)
[0402-close] no active tracking assignment matched destroyed target (targetID=81, eventWatcher=4)
[0402-close] no active tracking assignment matched destroyed target (targetID=82, eventWatcher=5)
[0402-close] no active tracking assignment matched destroyed target (targetID=83, eventWatcher=5)
[0402-close] no active tracking assignment matched destroyed target (targetID=84, eventWatcher=5)
[0402-close] no active tracking assignment matched destroyed target (targetID=85, eventWatcher=4)
[0402-close] no active tracking assignment matched destroyed target (targetID=86, eventWatcher=4)
[0402-close] no active tracking assignment matched destroyed target (targetID=87, eventWatcher=5)
[0402-close] no active tracking assignment matched destroyed target (targetID=88, eventWatcher=6)
[0402-close] no active tracking assignment matched destroyed target (targetID=89, eventWatcher=5)
[0402-close] no active tracking assignment matched destroyed target (targetID=90, eventWatcher=6)
[0402-close] no active tracking assignment matched destroyed target (targetID=91, eventWatcher=5)
[0402-close] no active tracking assignment matched destroyed target (targetID=92, eventWatcher=5)
[0402-close] no active tracking assignment matched destroyed target (targetID=93, eventWatcher=4)
[0402-close] no active tracking assignment matched destroyed target (targetID=94, eventWatcher=5)
[0402-close] no active tracking assignment matched destroyed target (targetID=96, eventWatcher=6)
[0402-close] no active tracking assignment matched destroyed target (targetID=97, eventWatcher=5)
[0402-close] no active tracking assignment matched destroyed target (targetID=98, eventWatcher=5)
[0402-close] no active tracking assignment matched destroyed target (targetID=99, eventWatcher=5)
[0402-close] no active tracking assignment matched destroyed target (targetID=100, eventWatcher=4)
[0402-close] no active tracking assignment matched destroyed target (targetID=101, eventWatcher=5)
[0402-close] no active tracking assignment matched destroyed target (targetID=102, eventWatcher=5)
[0402-close] no active tracking assignment matched destroyed target (targetID=77, eventWatcher=4)
[0402-close] no active tracking assignment matched destroyed target (targetID=78, eventWatcher=6)
[0402-close] no active tracking assignment matched destroyed target (targetID=79, eventWatcher=5)
[0402-close] no active tracking assignment matched destroyed target (targetID=80, eventWatcher=5)
[0402-close] no active tracking assignment matched destroyed target (targetID=81, eventWatcher=4)
[0402-close] no active tracking assignment matched destroyed target (targetID=82, eventWatcher=5)
[0402-close] no active tracking assignment matched destroyed target (targetID=83, eventWatcher=5)
[0402-close] no active tracking assignment matched destroyed target (targetID=84, eventWatcher=5)
[0402-close] no active tracking assignment matched destroyed target (targetID=85, eventWatcher=4)
[0402-close] no active tracking assignment matched destroyed target (targetID=86, eventWatcher=4)
[0402-close] no active tracking assignment matched destroyed target (targetID=87, eventWatcher=5)
[0402-close] no active tracking assignment matched destroyed target (targetID=88, eventWatcher=6)
[0402-close] no active tracking assignment matched destroyed target (targetID=89, eventWatcher=5)
[0402-close] no active tracking assignment matched destroyed target (targetID=90, eventWatcher=6)
[0402-close] no active tracking assignment matched destroyed target (targetID=91, eventWatcher=5)
[0402-close] no active tracking assignment matched destroyed target (targetID=92, eventWatcher=5)
[0402-close] no active tracking assignment matched destroyed target (targetID=93, eventWatcher=4)
[0402-close] no active tracking assignment matched destroyed target (targetID=94, eventWatcher=5)
[0402-close] no active tracking assignment matched destroyed target (targetID=96, eventWatcher=6)
[0402-close] no active tracking assignment matched destroyed target (targetID=97, eventWatcher=5)
[0402-close] no active tracking assignment matched destroyed target (targetID=98, eventWatcher=5)
[0402-close] no active tracking assignment matched destroyed target (targetID=99, eventWatcher=5)
[0402-close] no active tracking assignment matched destroyed target (targetID=100, eventWatcher=4)
[0402-close] no active tracking assignment matched destroyed target (targetID=101, eventWatcher=5)
[0402-close] no active tracking assignment matched destroyed target (targetID=102, eventWatcher=5)
[0402-close] no active tracking assignment matched destroyed target (targetID=77, eventWatcher=4)
[0402-close] no active tracking assignment matched destroyed target (targetID=78, eventWatcher=6)
[0402-close] no active tracking assignment matched destroyed target (targetID=79, eventWatcher=5)
[0402-close] no active tracking assignment matched destroyed target (targetID=80, eventWatcher=5)
[0402-close] no active tracking assignment matched destroyed target (targetID=81, eventWatcher=4)
[0402-close] no active tracking assignment matched destroyed target (targetID=82, eventWatcher=5)
[0402-close] no active tracking assignment matched destroyed target (targetID=83, eventWatcher=5)
[0402-close] no active tracking assignment matched destroyed target (targetID=84, eventWatcher=5)
[0402-close] no active tracking assignment matched destroyed target (targetID=85, eventWatcher=4)
[0402-close] no active tracking assignment matched destroyed target (targetID=86, eventWatcher=4)
[0402-close] no active tracking assignment matched destroyed target (targetID=87, eventWatcher=5)
[0402-close] no active tracking assignment matched destroyed target (targetID=88, eventWatcher=6)
[0402-close] no active tracking assignment matched destroyed target (targetID=89, eventWatcher=5)
[0402-close] no active tracking assignment matched destroyed target (targetID=90, eventWatcher=6)
[0402-close] no active tracking assignment matched destroyed target (targetID=91, eventWatcher=5)
[0402-close] no active tracking assignment matched destroyed target (targetID=92, eventWatcher=5)
[0402-close] no active tracking assignment matched destroyed target (targetID=93, eventWatcher=4)
[0402-close] no active tracking assignment matched destroyed target (targetID=94, eventWatcher=5)
[0402-close] no active tracking assignment matched destroyed target (targetID=96, eventWatcher=6)
[0402-close] no active tracking assignment matched destroyed target (targetID=97, eventWatcher=5)
[0402-close] no active tracking assignment matched destroyed target (targetID=98, eventWatcher=5)
[0402-close] no active tracking assignment matched destroyed target (targetID=99, eventWatcher=5)
[0402-close] no active tracking assignment matched destroyed target (targetID=100, eventWatcher=4)
[0402-close] no active tracking assignment matched destroyed target (targetID=101, eventWatcher=5)
[0402-close] no active tracking assignment matched destroyed target (targetID=102, eventWatcher=5)
[0402-close] no active tracking assignment matched destroyed target (targetID=77, eventWatcher=4)
[0402-close] no active tracking assignment matched destroyed target (targetID=78, eventWatcher=6)
[0402-close] no active tracking assignment matched destroyed target (targetID=79, eventWatcher=5)
[0402-close] no active tracking assignment matched destroyed target (targetID=80, eventWatcher=5)
[0402-close] no active tracking assignment matched destroyed target (targetID=81, eventWatcher=4)
[0402-close] no active tracking assignment matched destroyed target (targetID=82, eventWatcher=5)
[0402-close] no active tracking assignment matched destroyed target (targetID=83, eventWatcher=5)
[0402-close] no active tracking assignment matched destroyed target (targetID=84, eventWatcher=5)
[0402-close] no active tracking assignment matched destroyed target (targetID=85, eventWatcher=4)
[0402-close] no active tracking assignment matched destroyed target (targetID=86, eventWatcher=4)
[0402-close] no active tracking assignment matched destroyed target (targetID=87, eventWatcher=5)
[0402-close] no active tracking assignment matched destroyed target (targetID=88, eventWatcher=6)
[0402-close] no active tracking assignment matched destroyed target (targetID=89, eventWatcher=5)
[0402-close] no active tracking assignment matched destroyed target (targetID=90, eventWatcher=6)
[0402-close] no active tracking assignment matched destroyed target (targetID=91, eventWatcher=5)
[0402-close] no active tracking assignment matched destroyed target (targetID=92, eventWatcher=5)
[0402-close] no active tracking assignment matched destroyed target (targetID=93, eventWatcher=4)
[0402-close] no active tracking assignment matched destroyed target (targetID=94, eventWatcher=5)
[0402-close] no active tracking assignment matched destroyed target (targetID=96, eventWatcher=6)
[0402-close] no active tracking assignment matched destroyed target (targetID=97, eventWatcher=5)
[0402-close] no active tracking assignment matched destroyed target (targetID=98, eventWatcher=5)
[0402-close] no active tracking assignment matched destroyed target (targetID=99, eventWatcher=5)
[0402-close] no active tracking assignment matched destroyed target (targetID=100, eventWatcher=4)
[0402-close] no active tracking assignment matched destroyed target (targetID=101, eventWatcher=5)
[0402-close] no active tracking assignment matched destroyed target (targetID=102, eventWatcher=5)
[0401TRACE] handler slow seq=3070 elapsed=0.326s ts=832654214429 states=6
[0402-close] no active tracking assignment matched destroyed target (targetID=77, eventWatcher=4)
[0402-close] no active tracking assignment matched destroyed target (targetID=78, eventWatcher=6)
[0402-close] no active tracking assignment matched destroyed target (targetID=79, eventWatcher=5)
[0402-close] no active tracking assignment matched destroyed target (targetID=80, eventWatcher=5)
[0402-close] no active tracking assignment matched destroyed target (targetID=81, eventWatcher=4)
[0402-close] no active tracking assignment matched destroyed target (targetID=82, eventWatcher=5)
[0402-close] no active tracking assignment matched destroyed target (targetID=83, eventWatcher=5)
[0402-close] no active tracking assignment matched destroyed target (targetID=84, eventWatcher=5)
[0402-close] no active tracking assignment matched destroyed target (targetID=85, eventWatcher=4)
[0402-close] no active tracking assignment matched destroyed target (targetID=86, eventWatcher=4)
[0402-close] no active tracking assignment matched destroyed target (targetID=87, eventWatcher=5)
[0402-close] no active tracking assignment matched destroyed target (targetID=88, eventWatcher=6)
[0402-close] no active tracking assignment matched destroyed target (targetID=89, eventWatcher=5)
[0402-close] no active tracking assignment matched destroyed target (targetID=90, eventWatcher=6)
[0402-close] no active tracking assignment matched destroyed target (targetID=91, eventWatcher=5)
[0402-close] no active tracking assignment matched destroyed target (targetID=92, eventWatcher=5)
[0402-close] no active tracking assignment matched destroyed target (targetID=93, eventWatcher=4)
[0402-close] no active tracking assignment matched destroyed target (targetID=94, eventWatcher=5)
[0402-close] no active tracking assignment matched destroyed target (targetID=96, eventWatcher=6)
[0402-close] no active tracking assignment matched destroyed target (targetID=97, eventWatcher=5)
[0402-close] no active tracking assignment matched destroyed target (targetID=98, eventWatcher=5)
[0402-close] no active tracking assignment matched destroyed target (targetID=99, eventWatcher=5)
[0402-close] no active tracking assignment matched destroyed target (targetID=100, eventWatcher=4)
[0402-close] no active tracking assignment matched destroyed target (targetID=101, eventWatcher=5)
[0402-close] no active tracking assignment matched destroyed target (targetID=102, eventWatcher=5)
[0402-close] no active tracking assignment matched destroyed target (targetID=77, eventWatcher=4)
[0402-close] no active tracking assignment matched destroyed target (targetID=78, eventWatcher=6)
[0402-close] no active tracking assignment matched destroyed target (targetID=79, eventWatcher=5)
[0402-close] no active tracking assignment matched destroyed target (targetID=80, eventWatcher=5)
[0402-close] no active tracking assignment matched destroyed target (targetID=81, eventWatcher=4)
[0402-close] no active tracking assignment matched destroyed target (targetID=82, eventWatcher=5)
[0402-close] no active tracking assignment matched destroyed target (targetID=83, eventWatcher=5)
[0402-close] no active tracking assignment matched destroyed target (targetID=84, eventWatcher=5)
[0402-close] no active tracking assignment matched destroyed target (targetID=85, eventWatcher=4)
[0402-close] no active tracking assignment matched destroyed target (targetID=86, eventWatcher=4)
[0402-close] no active tracking assignment matched destroyed target (targetID=87, eventWatcher=5)
[0402-close] no active tracking assignment matched destroyed target (targetID=88, eventWatcher=6)
[0402-close] no active tracking assignment matched destroyed target (targetID=89, eventWatcher=5)
[0402-close] no active tracking assignment matched destroyed target (targetID=90, eventWatcher=6)
[0402-close] no active tracking assignment matched destroyed target (targetID=91, eventWatcher=5)
[0402-close] no active tracking assignment matched destroyed target (targetID=92, eventWatcher=5)
[0402-close] no active tracking assignment matched destroyed target (targetID=93, eventWatcher=4)
[0402-close] no active tracking assignment matched destroyed target (targetID=94, eventWatcher=5)
[0402-close] no active tracking assignment matched destroyed target (targetID=96, eventWatcher=6)
[0402-close] no active tracking assignment matched destroyed target (targetID=97, eventWatcher=5)
[0402-close] no active tracking assignment matched destroyed target (targetID=98, eventWatcher=5)
[0402-close] no active tracking assignment matched destroyed target (targetID=99, eventWatcher=5)
[0402-close] no active tracking assignment matched destroyed target (targetID=100, eventWatcher=4)
[0402-close] no active tracking assignment matched destroyed target (targetID=101, eventWatcher=5)
[0402-close] no active tracking assignment matched destroyed target (targetID=102, eventWatcher=5)
[0402-close] no active tracking assignment matched destroyed target (targetID=77, eventWatcher=4)
[0402-close] no active tracking assignment matched destroyed target (targetID=78, eventWatcher=6)
[0402-close] no active tracking assignment matched destroyed target (targetID=79, eventWatcher=5)
[0402-close] no active tracking assignment matched destroyed target (targetID=80, eventWatcher=5)
[0402-close] no active tracking assignment matched destroyed target (targetID=81, eventWatcher=4)
[0402-close] no active tracking assignment matched destroyed target (targetID=82, eventWatcher=5)
[0402-close] no active tracking assignment matched destroyed target (targetID=83, eventWatcher=5)
[0402-close] no active tracking assignment matched destroyed target (targetID=84, eventWatcher=5)
[0402-close] no active tracking assignment matched destroyed target (targetID=85, eventWatcher=4)
[0402-close] no active tracking assignment matched destroyed target (targetID=86, eventWatcher=4)
[0402-close] no active tracking assignment matched destroyed target (targetID=87, eventWatcher=5)
[0402-close] no active tracking assignment matched destroyed target (targetID=88, eventWatcher=6)
[0402-close] no active tracking assignment matched destroyed target (targetID=89, eventWatcher=5)
[0402-close] no active tracking assignment matched destroyed target (targetID=90, eventWatcher=6)
[0402-close] no active tracking assignment matched destroyed target (targetID=91, eventWatcher=5)
[0402-close] no active tracking assignment matched destroyed target (targetID=92, eventWatcher=5)
[0402-close] no active tracking assignment matched destroyed target (targetID=93, eventWatcher=4)
[0402-close] no active tracking assignment matched destroyed target (targetID=94, eventWatcher=5)
[0402-close] no active tracking assignment matched destroyed target (targetID=96, eventWatcher=6)
[0402-close] no active tracking assignment matched destroyed target (targetID=97, eventWatcher=5)
[0402-close] no active tracking assignment matched destroyed target (targetID=98, eventWatcher=5)
[0402-close] no active tracking assignment matched destroyed target (targetID=99, eventWatcher=5)
[0402-close] no active tracking assignment matched destroyed target (targetID=100, eventWatcher=4)
[0402-close] no active tracking assignment matched destroyed target (targetID=101, eventWatcher=5)
[0402-close] no active tracking assignment matched destroyed target (targetID=102, eventWatcher=5)
[0402-close] no active tracking assignment matched destroyed target (targetID=77, eventWatcher=4)
[0402-close] no active tracking assignment matched destroyed target (targetID=78, eventWatcher=6)
[0402-close] no active tracking assignment matched destroyed target (targetID=79, eventWatcher=5)
[0402-close] no active tracking assignment matched destroyed target (targetID=80, eventWatcher=5)
[0402-close] no active tracking assignment matched destroyed target (targetID=81, eventWatcher=4)
[0402-close] no active tracking assignment matched destroyed target (targetID=82, eventWatcher=5)
[0402-close] no active tracking assignment matched destroyed target (targetID=83, eventWatcher=5)
[0402-close] no active tracking assignment matched destroyed target (targetID=84, eventWatcher=5)
[0402-close] no active tracking assignment matched destroyed target (targetID=85, eventWatcher=4)
[0402-close] no active tracking assignment matched destroyed target (targetID=86, eventWatcher=4)
[0402-close] no active tracking assignment matched destroyed target (targetID=87, eventWatcher=5)
[0402-close] no active tracking assignment matched destroyed target (targetID=88, eventWatcher=6)
[0402-close] no active tracking assignment matched destroyed target (targetID=89, eventWatcher=5)
[0402-close] no active tracking assignment matched destroyed target (targetID=90, eventWatcher=6)
[0402-close] no active tracking assignment matched destroyed target (targetID=91, eventWatcher=5)
[0402-close] no active tracking assignment matched destroyed target (targetID=92, eventWatcher=5)
[0402-close] no active tracking assignment matched destroyed target (targetID=93, eventWatcher=4)
[0402-close] no active tracking assignment matched destroyed target (targetID=94, eventWatcher=5)
[0402-close] no active tracking assignment matched destroyed target (targetID=96, eventWatcher=6)
[0402-close] no active tracking assignment matched destroyed target (targetID=97, eventWatcher=5)
[0402-close] no active tracking assignment matched destroyed target (targetID=98, eventWatcher=5)
[0402-close] no active tracking assignment matched destroyed target (targetID=99, eventWatcher=5)
[0402-close] no active tracking assignment matched destroyed target (targetID=100, eventWatcher=4)
[0402-close] no active tracking assignment matched destroyed target (targetID=101, eventWatcher=5)
[0402-close] no active tracking assignment matched destroyed target (targetID=102, eventWatcher=5)
[0402-close] no active tracking assignment matched destroyed target (targetID=77, eventWatcher=4)
[0402-close] no active tracking assignment matched destroyed target (targetID=78, eventWatcher=6)
[0402-close] no active tracking assignment matched destroyed target (targetID=79, eventWatcher=5)
[0402-close] no active tracking assignment matched destroyed target (targetID=80, eventWatcher=5)
[0402-close] no active tracking assignment matched destroyed target (targetID=81, eventWatcher=4)
[0402-close] no active tracking assignment matched destroyed target (targetID=82, eventWatcher=5)
[0402-close] no active tracking assignment matched destroyed target (targetID=83, eventWatcher=5)
[0402-close] no active tracking assignment matched destroyed target (targetID=84, eventWatcher=5)
[0402-close] no active tracking assignment matched destroyed target (targetID=85, eventWatcher=4)
[0402-close] no active tracking assignment matched destroyed target (targetID=86, eventWatcher=4)
[0402-close] no active tracking assignment matched destroyed target (targetID=87, eventWatcher=5)
[0402-close] no active tracking assignment matched destroyed target (targetID=88, eventWatcher=6)
[0402-close] no active tracking assignment matched destroyed target (targetID=89, eventWatcher=5)
[0402-close] no active tracking assignment matched destroyed target (targetID=90, eventWatcher=6)
[0402-close] no active tracking assignment matched destroyed target (targetID=91, eventWatcher=5)
[0402-close] no active tracking assignment matched destroyed target (targetID=92, eventWatcher=5)
[0402-close] no active tracking assignment matched destroyed target (targetID=93, eventWatcher=4)
[0402-close] no active tracking assignment matched destroyed target (targetID=94, eventWatcher=5)
[0402-close] no active tracking assignment matched destroyed target (targetID=96, eventWatcher=6)
[0402-close] no active tracking assignment matched destroyed target (targetID=97, eventWatcher=5)
[0402-close] no active tracking assignment matched destroyed target (targetID=98, eventWatcher=5)
[0402-close] no active tracking assignment matched destroyed target (targetID=99, eventWatcher=5)
[0402-close] no active tracking assignment matched destroyed target (targetID=100, eventWatcher=4)
[0402-close] no active tracking assignment matched destroyed target (targetID=101, eventWatcher=5)
[0402-close] no active tracking assignment matched destroyed target (targetID=102, eventWatcher=5)
[0402-close] no active tracking assignment matched destroyed target (targetID=77, eventWatcher=4)
[0402-close] no active tracking assignment matched destroyed target (targetID=78, eventWatcher=6)
[0402-close] no active tracking assignment matched destroyed target (targetID=79, eventWatcher=5)
[0402-close] no active tracking assignment matched destroyed target (targetID=80, eventWatcher=5)
[0402-close] no active tracking assignment matched destroyed target (targetID=81, eventWatcher=4)
[0402-close] no active tracking assignment matched destroyed target (targetID=82, eventWatcher=5)
[0402-close] no active tracking assignment matched destroyed target (targetID=83, eventWatcher=5)
[0402-close] no active tracking assignment matched destroyed target (targetID=84, eventWatcher=5)
[0402-close] no active tracking assignment matched destroyed target (targetID=85, eventWatcher=4)
[0402-close] no active tracking assignment matched destroyed target (targetID=86, eventWatcher=4)
[0402-close] no active tracking assignment matched destroyed target (targetID=87, eventWatcher=5)
[0402-close] no active tracking assignment matched destroyed target (targetID=88, eventWatcher=6)
[0402-close] no active tracking assignment matched destroyed target (targetID=89, eventWatcher=5)
[0402-close] no active tracking assignment matched destroyed target (targetID=90, eventWatcher=6)
[0402-close] no active tracking assignment matched destroyed target (targetID=91, eventWatcher=5)
[0402-close] no active tracking assignment matched destroyed target (targetID=92, eventWatcher=5)
[0402-close] no active tracking assignment matched destroyed target (targetID=93, eventWatcher=4)
[0402-close] no active tracking assignment matched destroyed target (targetID=94, eventWatcher=5)
[0402-close] no active tracking assignment matched destroyed target (targetID=96, eventWatcher=6)
[0402-close] no active tracking assignment matched destroyed target (targetID=97, eventWatcher=5)
[0402-close] no active tracking assignment matched destroyed target (targetID=98, eventWatcher=5)
[0402-close] no active tracking assignment matched destroyed target (targetID=99, eventWatcher=5)
[0402-close] no active tracking assignment matched destroyed target (targetID=100, eventWatcher=4)
[0402-close] no active tracking assignment matched destroyed target (targetID=101, eventWatcher=5)
[0402-close] no active tracking assignment matched destroyed target (targetID=102, eventWatcher=5)
[0402-close] no active tracking assignment matched destroyed target (targetID=77, eventWatcher=4)
[0402-close] no active tracking assignment matched destroyed target (targetID=78, eventWatcher=6)
[0402-close] no active tracking assignment matched destroyed target (targetID=79, eventWatcher=5)
[0402-close] no active tracking assignment matched destroyed target (targetID=80, eventWatcher=5)
[0402-close] no active tracking assignment matched destroyed target (targetID=81, eventWatcher=4)
[0402-close] no active tracking assignment matched destroyed target (targetID=82, eventWatcher=5)
[0402-close] no active tracking assignment matched destroyed target (targetID=83, eventWatcher=5)
[0402-close] no active tracking assignment matched destroyed target (targetID=84, eventWatcher=5)
[0402-close] no active tracking assignment matched destroyed target (targetID=85, eventWatcher=4)
[0402-close] no active tracking assignment matched destroyed target (targetID=86, eventWatcher=4)
[0402-close] no active tracking assignment matched destroyed target (targetID=87, eventWatcher=5)
[0402-close] no active tracking assignment matched destroyed target (targetID=88, eventWatcher=6)
[0402-close] no active tracking assignment matched destroyed target (targetID=89, eventWatcher=5)
[0402-close] no active tracking assignment matched destroyed target (targetID=90, eventWatcher=6)
[0402-close] no active tracking assignment matched destroyed target (targetID=91, eventWatcher=5)
[0402-close] no active tracking assignment matched destroyed target (targetID=92, eventWatcher=5)
[0402-close] no active tracking assignment matched destroyed target (targetID=93, eventWatcher=4)
[0402-close] no active tracking assignment matched destroyed target (targetID=94, eventWatcher=5)
[0402-close] no active tracking assignment matched destroyed target (targetID=96, eventWatcher=6)
[0402-close] no active tracking assignment matched destroyed target (targetID=97, eventWatcher=5)
[0402-close] no active tracking assignment matched destroyed target (targetID=98, eventWatcher=5)
[0402-close] no active tracking assignment matched destroyed target (targetID=99, eventWatcher=5)
[0402-close] no active tracking assignment matched destroyed target (targetID=100, eventWatcher=4)
[0402-close] no active tracking assignment matched destroyed target (targetID=101, eventWatcher=5)
[0402-close] no active tracking assignment matched destroyed target (targetID=102, eventWatcher=5)
[0402-close] no active tracking assignment matched destroyed target (targetID=77, eventWatcher=4)
[0402-close] no active tracking assignment matched destroyed target (targetID=78, eventWatcher=6)
[0402-close] no active tracking assignment matched destroyed target (targetID=79, eventWatcher=5)
[0402-close] no active tracking assignment matched destroyed target (targetID=80, eventWatcher=5)
[0402-close] no active tracking assignment matched destroyed target (targetID=81, eventWatcher=4)
[0402-close] no active tracking assignment matched destroyed target (targetID=82, eventWatcher=5)
[0402-close] no active tracking assignment matched destroyed target (targetID=83, eventWatcher=5)
[0402-close] no active tracking assignment matched destroyed target (targetID=84, eventWatcher=5)
[0402-close] no active tracking assignment matched destroyed target (targetID=85, eventWatcher=4)
[0402-close] no active tracking assignment matched destroyed target (targetID=86, eventWatcher=4)
[0402-close] no active tracking assignment matched destroyed target (targetID=87, eventWatcher=5)
[0402-close] no active tracking assignment matched destroyed target (targetID=88, eventWatcher=6)
[0402-close] no active tracking assignment matched destroyed target (targetID=89, eventWatcher=5)
[0402-close] no active tracking assignment matched destroyed target (targetID=90, eventWatcher=6)
[0402-close] no active tracking assignment matched destroyed target (targetID=91, eventWatcher=5)
[0402-close] no active tracking assignment matched destroyed target (targetID=92, eventWatcher=5)
[0402-close] no active tracking assignment matched destroyed target (targetID=93, eventWatcher=4)
[0402-close] no active tracking assignment matched destroyed target (targetID=94, eventWatcher=5)
[0402-close] no active tracking assignment matched destroyed target (targetID=96, eventWatcher=6)
[0402-close] no active tracking assignment matched destroyed target (targetID=97, eventWatcher=5)
[0402-close] no active tracking assignment matched destroyed target (targetID=98, eventWatcher=5)
[0402-close] no active tracking assignment matched destroyed target (targetID=99, eventWatcher=5)
[0402-close] no active tracking assignment matched destroyed target (targetID=100, eventWatcher=4)
[0402-close] no active tracking assignment matched destroyed target (targetID=101, eventWatcher=5)
[0402-close] no active tracking assignment matched destroyed target (targetID=102, eventWatcher=5)
[0402-close] no active tracking assignment matched destroyed target (targetID=77, eventWatcher=4)
[0402-close] no active tracking assignment matched destroyed target (targetID=78, eventWatcher=6)
[0402-close] no active tracking assignment matched destroyed target (targetID=79, eventWatcher=5)
[0402-close] no active tracking assignment matched destroyed target (targetID=80, eventWatcher=5)
[0402-close] no active tracking assignment matched destroyed target (targetID=81, eventWatcher=4)
[0402-close] no active tracking assignment matched destroyed target (targetID=82, eventWatcher=5)
[0402-close] no active tracking assignment matched destroyed target (targetID=83, eventWatcher=5)
[0402-close] no active tracking assignment matched destroyed target (targetID=84, eventWatcher=5)
[0402-close] no active tracking assignment matched destroyed target (targetID=85, eventWatcher=4)
[0402-close] no active tracking assignment matched destroyed target (targetID=86, eventWatcher=4)
[0402-close] no active tracking assignment matched destroyed target (targetID=87, eventWatcher=5)
[0402-close] no active tracking assignment matched destroyed target (targetID=88, eventWatcher=6)
[0402-close] no active tracking assignment matched destroyed target (targetID=89, eventWatcher=5)
[0402-close] no active tracking assignment matched destroyed target (targetID=90, eventWatcher=6)
[0402-close] no active tracking assignment matched destroyed target (targetID=91, eventWatcher=5)
[0402-close] no active tracking assignment matched destroyed target (targetID=92, eventWatcher=5)
[0402-close] no active tracking assignment matched destroyed target (targetID=93, eventWatcher=4)
[0402-close] no active tracking assignment matched destroyed target (targetID=94, eventWatcher=5)
[0402-close] no active tracking assignment matched destroyed target (targetID=96, eventWatcher=6)
[0402-close] no active tracking assignment matched destroyed target (targetID=97, eventWatcher=5)
[0402-close] no active tracking assignment matched destroyed target (targetID=98, eventWatcher=5)
[0402-close] no active tracking assignment matched destroyed target (targetID=99, eventWatcher=5)
[0402-close] no active tracking assignment matched destroyed target (targetID=100, eventWatcher=4)
[0402-close] no active tracking assignment matched destroyed target (targetID=101, eventWatcher=5)
[0402-close] no active tracking assignment matched destroyed target (targetID=102, eventWatcher=5)
[0402-close] no active tracking assignment matched destroyed target (targetID=77, eventWatcher=4)
[0402-close] no active tracking assignment matched destroyed target (targetID=78, eventWatcher=6)
[0402-close] no active tracking assignment matched destroyed target (targetID=79, eventWatcher=5)
[0402-close] no active tracking assignment matched destroyed target (targetID=80, eventWatcher=5)
[0402-close] no active tracking assignment matched destroyed target (targetID=81, eventWatcher=4)
[0402-close] no active tracking assignment matched destroyed target (targetID=82, eventWatcher=5)
[0402-close] no active tracking assignment matched destroyed target (targetID=83, eventWatcher=5)
[0402-close] no active tracking assignment matched destroyed target (targetID=84, eventWatcher=5)
[0402-close] no active tracking assignment matched destroyed target (targetID=85, eventWatcher=4)
[0402-close] no active tracking assignment matched destroyed target (targetID=86, eventWatcher=4)
[0402-close] no active tracking assignment matched destroyed target (targetID=87, eventWatcher=5)
[0402-close] no active tracking assignment matched destroyed target (targetID=88, eventWatcher=6)
[0402-close] no active tracking assignment matched destroyed target (targetID=89, eventWatcher=5)
[0402-close] no active tracking assignment matched destroyed target (targetID=90, eventWatcher=6)
[0402-close] no active tracking assignment matched destroyed target (targetID=91, eventWatcher=5)
[0402-close] no active tracking assignment matched destroyed target (targetID=92, eventWatcher=5)
[0402-close] no active tracking assignment matched destroyed target (targetID=93, eventWatcher=4)
[0402-close] no active tracking assignment matched destroyed target (targetID=94, eventWatcher=5)
[0402-close] no active tracking assignment matched destroyed target (targetID=96, eventWatcher=6)
[0402-close] no active tracking assignment matched destroyed target (targetID=97, eventWatcher=5)
[0402-close] no active tracking assignment matched destroyed target (targetID=98, eventWatcher=5)
[0402-close] no active tracking assignment matched destroyed target (targetID=99, eventWatcher=5)
[0402-close] no active tracking assignment matched destroyed target (targetID=100, eventWatcher=4)
[0402-close] no active tracking assignment matched destroyed target (targetID=101, eventWatcher=5)
[0402-close] no active tracking assignment matched destroyed target (targetID=102, eventWatcher=5)
[0402-close] no active tracking assignment matched destroyed target (targetID=77, eventWatcher=4)
[0402-close] no active tracking assignment matched destroyed target (targetID=78, eventWatcher=6)
[0402-close] no active tracking assignment matched destroyed target (targetID=79, eventWatcher=5)
[0402-close] no active tracking assignment matched destroyed target (targetID=80, eventWatcher=5)
[0402-close] no active tracking assignment matched destroyed target (targetID=81, eventWatcher=4)
[0402-close] no active tracking assignment matched destroyed target (targetID=82, eventWatcher=5)
[0402-close] no active tracking assignment matched destroyed target (targetID=83, eventWatcher=5)
[0402-close] no active tracking assignment matched destroyed target (targetID=84, eventWatcher=5)
[0402-close] no active tracking assignment matched destroyed target (targetID=85, eventWatcher=4)
[0402-close] no active tracking assignment matched destroyed target (targetID=86, eventWatcher=4)
[0402-close] no active tracking assignment matched destroyed target (targetID=87, eventWatcher=5)
[0402-close] no active tracking assignment matched destroyed target (targetID=88, eventWatcher=6)
[0402-close] no active tracking assignment matched destroyed target (targetID=89, eventWatcher=5)
[0402-close] no active tracking assignment matched destroyed target (targetID=90, eventWatcher=6)
[0402-close] no active tracking assignment matched destroyed target (targetID=91, eventWatcher=5)
[0402-close] no active tracking assignment matched destroyed target (targetID=92, eventWatcher=5)
[0402-close] no active tracking assignment matched destroyed target (targetID=93, eventWatcher=4)
[0402-close] no active tracking assignment matched destroyed target (targetID=94, eventWatcher=5)
[0402-close] no active tracking assignment matched destroyed target (targetID=96, eventWatcher=6)
[0402-close] no active tracking assignment matched destroyed target (targetID=97, eventWatcher=5)
[0402-close] no active tracking assignment matched destroyed target (targetID=98, eventWatcher=5)
[0402-close] no active tracking assignment matched destroyed target (targetID=99, eventWatcher=5)
[0402-close] no active tracking assignment matched destroyed target (targetID=100, eventWatcher=4)
[0402-close] no active tracking assignment matched destroyed target (targetID=101, eventWatcher=5)
[0402-close] no active tracking assignment matched destroyed target (targetID=102, eventWatcher=5)
[0402-close] no active tracking assignment matched destroyed target (targetID=77, eventWatcher=4)
[0402-close] no active tracking assignment matched destroyed target (targetID=78, eventWatcher=6)
[0402-close] no active tracking assignment matched destroyed target (targetID=79, eventWatcher=5)
[0402-close] no active tracking assignment matched destroyed target (targetID=80, eventWatcher=5)
[0402-close] no active tracking assignment matched destroyed target (targetID=81, eventWatcher=4)
[0402-close] no active tracking assignment matched destroyed target (targetID=82, eventWatcher=5)
[0402-close] no active tracking assignment matched destroyed target (targetID=83, eventWatcher=5)
[0402-close] no active tracking assignment matched destroyed target (targetID=84, eventWatcher=5)
[0402-close] no active tracking assignment matched destroyed target (targetID=85, eventWatcher=4)
[0402-close] no active tracking assignment matched destroyed target (targetID=86, eventWatcher=4)
[0402-close] no active tracking assignment matched destroyed target (targetID=87, eventWatcher=5)
[0402-close] no active tracking assignment matched destroyed target (targetID=88, eventWatcher=6)
[0402-close] no active tracking assignment matched destroyed target (targetID=89, eventWatcher=5)
[0402-close] no active tracking assignment matched destroyed target (targetID=90, eventWatcher=6)
[0402-close] no active tracking assignment matched destroyed target (targetID=91, eventWatcher=5)
[0402-close] no active tracking assignment matched destroyed target (targetID=92, eventWatcher=5)
[0402-close] no active tracking assignment matched destroyed target (targetID=93, eventWatcher=4)
[0402-close] no active tracking assignment matched destroyed target (targetID=94, eventWatcher=5)
[0402-close] no active tracking assignment matched destroyed target (targetID=96, eventWatcher=6)
[0402-close] no active tracking assignment matched destroyed target (targetID=97, eventWatcher=5)
[0402-close] no active tracking assignment matched destroyed target (targetID=98, eventWatcher=5)
[0402-close] no active tracking assignment matched destroyed target (targetID=99, eventWatcher=5)
[0402-close] no active tracking assignment matched destroyed target (targetID=100, eventWatcher=4)
[0402-close] no active tracking assignment matched destroyed target (targetID=101, eventWatcher=5)
[0402-close] no active tracking assignment matched destroyed target (targetID=102, eventWatcher=5)
[0402-close] no active tracking assignment matched destroyed target (targetID=77, eventWatcher=4)
[0402-close] no active tracking assignment matched destroyed target (targetID=78, eventWatcher=6)
[0402-close] no active tracking assignment matched destroyed target (targetID=79, eventWatcher=5)
[0402-close] no active tracking assignment matched destroyed target (targetID=80, eventWatcher=5)
[0402-close] no active tracking assignment matched destroyed target (targetID=81, eventWatcher=4)
[0402-close] no active tracking assignment matched destroyed target (targetID=82, eventWatcher=5)
[0402-close] no active tracking assignment matched destroyed target (targetID=83, eventWatcher=5)
[0402-close] no active tracking assignment matched destroyed target (targetID=84, eventWatcher=5)
[0402-close] no active tracking assignment matched destroyed target (targetID=85, eventWatcher=4)
[0402-close] no active tracking assignment matched destroyed target (targetID=86, eventWatcher=4)
[0402-close] no active tracking assignment matched destroyed target (targetID=87, eventWatcher=5)
[0402-close] no active tracking assignment matched destroyed target (targetID=88, eventWatcher=6)
[0402-close] no active tracking assignment matched destroyed target (targetID=89, eventWatcher=5)
[0402-close] no active tracking assignment matched destroyed target (targetID=90, eventWatcher=6)
[0402-close] no active tracking assignment matched destroyed target (targetID=91, eventWatcher=5)
[0402-close] no active tracking assignment matched destroyed target (targetID=92, eventWatcher=5)
[0402-close] no active tracking assignment matched destroyed target (targetID=93, eventWatcher=4)
[0402-close] no active tracking assignment matched destroyed target (targetID=94, eventWatcher=5)
[0402-close] no active tracking assignment matched destroyed target (targetID=96, eventWatcher=6)
[0402-close] no active tracking assignment matched destroyed target (targetID=97, eventWatcher=5)
[0402-close] no active tracking assignment matched destroyed target (targetID=98, eventWatcher=5)
[0402-close] no active tracking assignment matched destroyed target (targetID=99, eventWatcher=5)
[0402-close] no active tracking assignment matched destroyed target (targetID=100, eventWatcher=4)
[0402-close] no active tracking assignment matched destroyed target (targetID=101, eventWatcher=5)
[0402-close] no active tracking assignment matched destroyed target (targetID=102, eventWatcher=5)
[0402-close] no active tracking assignment matched destroyed target (targetID=77, eventWatcher=4)
[0402-close] no active tracking assignment matched destroyed target (targetID=78, eventWatcher=6)
[0402-close] no active tracking assignment matched destroyed target (targetID=79, eventWatcher=5)
[0402-close] no active tracking assignment matched destroyed target (targetID=80, eventWatcher=5)
[0402-close] no active tracking assignment matched destroyed target (targetID=81, eventWatcher=4)
[0402-close] no active tracking assignment matched destroyed target (targetID=82, eventWatcher=5)
[0402-close] no active tracking assignment matched destroyed target (targetID=83, eventWatcher=5)
[0402-close] no active tracking assignment matched destroyed target (targetID=84, eventWatcher=5)
[0402-close] no active tracking assignment matched destroyed target (targetID=85, eventWatcher=4)
[0402-close] no active tracking assignment matched destroyed target (targetID=86, eventWatcher=4)
[0402-close] no active tracking assignment matched destroyed target (targetID=87, eventWatcher=5)
[0402-close] no active tracking assignment matched destroyed target (targetID=88, eventWatcher=6)
[0402-close] no active tracking assignment matched destroyed target (targetID=89, eventWatcher=5)
[0402-close] no active tracking assignment matched destroyed target (targetID=90, eventWatcher=6)
[0402-close] no active tracking assignment matched destroyed target (targetID=91, eventWatcher=5)
[0402-close] no active tracking assignment matched destroyed target (targetID=92, eventWatcher=5)
[0402-close] no active tracking assignment matched destroyed target (targetID=93, eventWatcher=4)
[0402-close] no active tracking assignment matched destroyed target (targetID=94, eventWatcher=5)
[0402-close] no active tracking assignment matched destroyed target (targetID=96, eventWatcher=6)
[0402-close] no active tracking assignment matched destroyed target (targetID=97, eventWatcher=5)
[0402-close] no active tracking assignment matched destroyed target (targetID=98, eventWatcher=5)
[0402-close] no active tracking assignment matched destroyed target (targetID=99, eventWatcher=5)
[0402-close] no active tracking assignment matched destroyed target (targetID=100, eventWatcher=4)
[0402-close] no active tracking assignment matched destroyed target (targetID=101, eventWatcher=5)
[0402-close] no active tracking assignment matched destroyed target (targetID=102, eventWatcher=5)
[0402-close] no active tracking assignment matched destroyed target (targetID=77, eventWatcher=4)
[0402-close] no active tracking assignment matched destroyed target (targetID=78, eventWatcher=6)
[0402-close] no active tracking assignment matched destroyed target (targetID=79, eventWatcher=5)
[0402-close] no active tracking assignment matched destroyed target (targetID=80, eventWatcher=5)
[0402-close] no active tracking assignment matched destroyed target (targetID=81, eventWatcher=4)
[0402-close] no active tracking assignment matched destroyed target (targetID=82, eventWatcher=5)
[0402-close] no active tracking assignment matched destroyed target (targetID=83, eventWatcher=5)
[0402-close] no active tracking assignment matched destroyed target (targetID=84, eventWatcher=5)
[0402-close] no active tracking assignment matched destroyed target (targetID=85, eventWatcher=4)
[0402-close] no active tracking assignment matched destroyed target (targetID=86, eventWatcher=4)
[0402-close] no active tracking assignment matched destroyed target (targetID=87, eventWatcher=5)
[0402-close] no active tracking assignment matched destroyed target (targetID=88, eventWatcher=6)
[0402-close] no active tracking assignment matched destroyed target (targetID=89, eventWatcher=5)
[0402-close] no active tracking assignment matched destroyed target (targetID=90, eventWatcher=6)
[0402-close] no active tracking assignment matched destroyed target (targetID=91, eventWatcher=5)
[0402-close] no active tracking assignment matched destroyed target (targetID=92, eventWatcher=5)
[0402-close] no active tracking assignment matched destroyed target (targetID=93, eventWatcher=4)
[0402-close] no active tracking assignment matched destroyed target (targetID=94, eventWatcher=5)
[0402-close] no active tracking assignment matched destroyed target (targetID=96, eventWatcher=6)
[0402-close] no active tracking assignment matched destroyed target (targetID=97, eventWatcher=5)
[0402-close] no active tracking assignment matched destroyed target (targetID=98, eventWatcher=5)
[0402-close] no active tracking assignment matched destroyed target (targetID=99, eventWatcher=5)
[0402-close] no active tracking assignment matched destroyed target (targetID=100, eventWatcher=4)
[0402-close] no active tracking assignment matched destroyed target (targetID=101, eventWatcher=5)
[0402-close] no active tracking assignment matched destroyed target (targetID=102, eventWatcher=5)
[0402-close] no active tracking assignment matched destroyed target (targetID=77, eventWatcher=4)
[0402-close] no active tracking assignment matched destroyed target (targetID=78, eventWatcher=6)
[0402-close] no active tracking assignment matched destroyed target (targetID=79, eventWatcher=5)
[0402-close] no active tracking assignment matched destroyed target (targetID=80, eventWatcher=5)
[0402-close] no active tracking assignment matched destroyed target (targetID=81, eventWatcher=4)
[0402-close] no active tracking assignment matched destroyed target (targetID=82, eventWatcher=5)
[0402-close] no active tracking assignment matched destroyed target (targetID=83, eventWatcher=5)
[0402-close] no active tracking assignment matched destroyed target (targetID=84, eventWatcher=5)
[0402-close] no active tracking assignment matched destroyed target (targetID=85, eventWatcher=4)
[0402-close] no active tracking assignment matched destroyed target (targetID=86, eventWatcher=4)
[0402-close] no active tracking assignment matched destroyed target (targetID=87, eventWatcher=5)
[0402-close] no active tracking assignment matched destroyed target (targetID=88, eventWatcher=6)
[0402-close] no active tracking assignment matched destroyed target (targetID=89, eventWatcher=5)
[0402-close] no active tracking assignment matched destroyed target (targetID=90, eventWatcher=6)
[0402-close] no active tracking assignment matched destroyed target (targetID=91, eventWatcher=5)
[0402-close] no active tracking assignment matched destroyed target (targetID=92, eventWatcher=5)
[0402-close] no active tracking assignment matched destroyed target (targetID=93, eventWatcher=4)
[0402-close] no active tracking assignment matched destroyed target (targetID=94, eventWatcher=5)
[0402-close] no active tracking assignment matched destroyed target (targetID=96, eventWatcher=6)
[0402-close] no active tracking assignment matched destroyed target (targetID=97, eventWatcher=5)
[0402-close] no active tracking assignment matched destroyed target (targetID=98, eventWatcher=5)
[0402-close] no active tracking assignment matched destroyed target (targetID=99, eventWatcher=5)
[0402-close] no active tracking assignment matched destroyed target (targetID=100, eventWatcher=4)
[0402-close] no active tracking assignment matched destroyed target (targetID=101, eventWatcher=5)
[0402-close] no active tracking assignment matched destroyed target (targetID=102, eventWatcher=5)
[0402-close] no active tracking assignment matched destroyed target (targetID=77, eventWatcher=4)
[0402-close] no active tracking assignment matched destroyed target (targetID=78, eventWatcher=6)
[0402-close] no active tracking assignment matched destroyed target (targetID=79, eventWatcher=5)
[0402-close] no active tracking assignment matched destroyed target (targetID=80, eventWatcher=5)
[0402-close] no active tracking assignment matched destroyed target (targetID=81, eventWatcher=4)
[0402-close] no active tracking assignment matched destroyed target (targetID=82, eventWatcher=5)
[0402-close] no active tracking assignment matched destroyed target (targetID=83, eventWatcher=5)
[0402-close] no active tracking assignment matched destroyed target (targetID=84, eventWatcher=5)
[0402-close] no active tracking assignment matched destroyed target (targetID=85, eventWatcher=4)
[0402-close] no active tracking assignment matched destroyed target (targetID=86, eventWatcher=4)
[0402-close] no active tracking assignment matched destroyed target (targetID=87, eventWatcher=5)
[0402-close] no active tracking assignment matched destroyed target (targetID=88, eventWatcher=6)
[0402-close] no active tracking assignment matched destroyed target (targetID=89, eventWatcher=5)
[0402-close] no active tracking assignment matched destroyed target (targetID=90, eventWatcher=6)
[0402-close] no active tracking assignment matched destroyed target (targetID=91, eventWatcher=5)
[0402-close] no active tracking assignment matched destroyed target (targetID=92, eventWatcher=5)
[0402-close] no active tracking assignment matched destroyed target (targetID=93, eventWatcher=4)
[0402-close] no active tracking assignment matched destroyed target (targetID=94, eventWatcher=5)
[0402-close] no active tracking assignment matched destroyed target (targetID=96, eventWatcher=6)
[0402-close] no active tracking assignment matched destroyed target (targetID=97, eventWatcher=5)
[0402-close] no active tracking assignment matched destroyed target (targetID=98, eventWatcher=5)
[0402-close] no active tracking assignment matched destroyed target (targetID=99, eventWatcher=5)
[0402-close] no active tracking assignment matched destroyed target (targetID=100, eventWatcher=4)
[0402-close] no active tracking assignment matched destroyed target (targetID=101, eventWatcher=5)
[0402-close] no active tracking assignment matched destroyed target (targetID=102, eventWatcher=5)
[0402-close] no active tracking assignment matched destroyed target (targetID=77, eventWatcher=4)
[0402-close] no active tracking assignment matched destroyed target (targetID=78, eventWatcher=6)
[0402-close] no active tracking assignment matched destroyed target (targetID=79, eventWatcher=5)
[0402-close] no active tracking assignment matched destroyed target (targetID=80, eventWatcher=5)
[0402-close] no active tracking assignment matched destroyed target (targetID=81, eventWatcher=4)
[0402-close] no active tracking assignment matched destroyed target (targetID=82, eventWatcher=5)
[0402-close] no active tracking assignment matched destroyed target (targetID=83, eventWatcher=5)
[0402-close] no active tracking assignment matched destroyed target (targetID=84, eventWatcher=5)
[0402-close] no active tracking assignment matched destroyed target (targetID=85, eventWatcher=4)
[0402-close] no active tracking assignment matched destroyed target (targetID=86, eventWatcher=4)
[0402-close] no active tracking assignment matched destroyed target (targetID=87, eventWatcher=5)
[0402-close] no active tracking assignment matched destroyed target (targetID=88, eventWatcher=6)
[0402-close] no active tracking assignment matched destroyed target (targetID=89, eventWatcher=5)
[0402-close] no active tracking assignment matched destroyed target (targetID=90, eventWatcher=6)
[0402-close] no active tracking assignment matched destroyed target (targetID=91, eventWatcher=5)
[0402-close] no active tracking assignment matched destroyed target (targetID=92, eventWatcher=5)
[0402-close] no active tracking assignment matched destroyed target (targetID=93, eventWatcher=4)
[0402-close] no active tracking assignment matched destroyed target (targetID=94, eventWatcher=5)
[0402-close] no active tracking assignment matched destroyed target (targetID=96, eventWatcher=6)
[0402-close] no active tracking assignment matched destroyed target (targetID=97, eventWatcher=5)
[0402-close] no active tracking assignment matched destroyed target (targetID=98, eventWatcher=5)
[0402-close] no active tracking assignment matched destroyed target (targetID=99, eventWatcher=5)
[0402-close] no active tracking assignment matched destroyed target (targetID=100, eventWatcher=4)
[0402-close] no active tracking assignment matched destroyed target (targetID=101, eventWatcher=5)
[0402-close] no active tracking assignment matched destroyed target (targetID=102, eventWatcher=5)
[0402-close] no active tracking assignment matched destroyed target (targetID=77, eventWatcher=4)
[0402-close] no active tracking assignment matched destroyed target (targetID=78, eventWatcher=6)
[0402-close] no active tracking assignment matched destroyed target (targetID=79, eventWatcher=5)
[0402-close] no active tracking assignment matched destroyed target (targetID=80, eventWatcher=5)
[0402-close] no active tracking assignment matched destroyed target (targetID=81, eventWatcher=4)
[0402-close] no active tracking assignment matched destroyed target (targetID=82, eventWatcher=5)
[0402-close] no active tracking assignment matched destroyed target (targetID=83, eventWatcher=5)
[0402-close] no active tracking assignment matched destroyed target (targetID=84, eventWatcher=5)
[0402-close] no active tracking assignment matched destroyed target (targetID=85, eventWatcher=4)
[0402-close] no active tracking assignment matched destroyed target (targetID=86, eventWatcher=4)
[0402-close] no active tracking assignment matched destroyed target (targetID=87, eventWatcher=5)
[0402-close] no active tracking assignment matched destroyed target (targetID=88, eventWatcher=6)
[0402-close] no active tracking assignment matched destroyed target (targetID=89, eventWatcher=5)
[0402-close] no active tracking assignment matched destroyed target (targetID=90, eventWatcher=6)
[0402-close] no active tracking assignment matched destroyed target (targetID=91, eventWatcher=5)
[0402-close] no active tracking assignment matched destroyed target (targetID=92, eventWatcher=5)
[0402-close] no active tracking assignment matched destroyed target (targetID=93, eventWatcher=4)
[0402-close] no active tracking assignment matched destroyed target (targetID=94, eventWatcher=5)
[0402-close] no active tracking assignment matched destroyed target (targetID=96, eventWatcher=6)
[0402-close] no active tracking assignment matched destroyed target (targetID=97, eventWatcher=5)
[0402-close] no active tracking assignment matched destroyed target (targetID=98, eventWatcher=5)
[0402-close] no active tracking assignment matched destroyed target (targetID=99, eventWatcher=5)
[0402-close] no active tracking assignment matched destroyed target (targetID=100, eventWatcher=4)
[0402-close] no active tracking assignment matched destroyed target (targetID=101, eventWatcher=5)
[0402-close] no active tracking assignment matched destroyed target (targetID=102, eventWatcher=5)
[0402-close] no active tracking assignment matched destroyed target (targetID=77, eventWatcher=4)
[0402-close] no active tracking assignment matched destroyed target (targetID=78, eventWatcher=6)
[0402-close] no active tracking assignment matched destroyed target (targetID=79, eventWatcher=5)
[0402-close] no active tracking assignment matched destroyed target (targetID=80, eventWatcher=5)
[0402-close] no active tracking assignment matched destroyed target (targetID=81, eventWatcher=4)
[0402-close] no active tracking assignment matched destroyed target (targetID=82, eventWatcher=5)
[0402-close] no active tracking assignment matched destroyed target (targetID=83, eventWatcher=5)
[0402-close] no active tracking assignment matched destroyed target (targetID=84, eventWatcher=5)
[0402-close] no active tracking assignment matched destroyed target (targetID=85, eventWatcher=4)
[0402-close] no active tracking assignment matched destroyed target (targetID=86, eventWatcher=4)
[0402-close] no active tracking assignment matched destroyed target (targetID=87, eventWatcher=5)
[0402-close] no active tracking assignment matched destroyed target (targetID=88, eventWatcher=6)
[0402-close] no active tracking assignment matched destroyed target (targetID=89, eventWatcher=5)
[0402-close] no active tracking assignment matched destroyed target (targetID=90, eventWatcher=6)
[0402-close] no active tracking assignment matched destroyed target (targetID=91, eventWatcher=5)
[0402-close] no active tracking assignment matched destroyed target (targetID=92, eventWatcher=5)
[0402-close] no active tracking assignment matched destroyed target (targetID=93, eventWatcher=4)
[0402-close] no active tracking assignment matched destroyed target (targetID=94, eventWatcher=5)
[0402-close] no active tracking assignment matched destroyed target (targetID=96, eventWatcher=6)
[0402-close] no active tracking assignment matched destroyed target (targetID=97, eventWatcher=5)
[0402-close] no active tracking assignment matched destroyed target (targetID=98, eventWatcher=5)
[0402-close] no active tracking assignment matched destroyed target (targetID=99, eventWatcher=5)
[0402-close] no active tracking assignment matched destroyed target (targetID=100, eventWatcher=4)
[0402-close] no active tracking assignment matched destroyed target (targetID=101, eventWatcher=5)
[0402-close] no active tracking assignment matched destroyed target (targetID=102, eventWatcher=5)
[0402-close] no active tracking assignment matched destroyed target (targetID=77, eventWatcher=4)
[0402-close] no active tracking assignment matched destroyed target (targetID=78, eventWatcher=6)
[0402-close] no active tracking assignment matched destroyed target (targetID=79, eventWatcher=5)
[0402-close] no active tracking assignment matched destroyed target (targetID=80, eventWatcher=5)
[0402-close] no active tracking assignment matched destroyed target (targetID=81, eventWatcher=4)
[0402-close] no active tracking assignment matched destroyed target (targetID=82, eventWatcher=5)
[0402-close] no active tracking assignment matched destroyed target (targetID=83, eventWatcher=5)
[0402-close] no active tracking assignment matched destroyed target (targetID=84, eventWatcher=5)
[0402-close] no active tracking assignment matched destroyed target (targetID=85, eventWatcher=4)
[0402-close] no active tracking assignment matched destroyed target (targetID=86, eventWatcher=4)
[0402-close] no active tracking assignment matched destroyed target (targetID=87, eventWatcher=5)
[0402-close] no active tracking assignment matched destroyed target (targetID=88, eventWatcher=6)
[0402-close] no active tracking assignment matched destroyed target (targetID=89, eventWatcher=5)
[0402-close] no active tracking assignment matched destroyed target (targetID=90, eventWatcher=6)
[0402-close] no active tracking assignment matched destroyed target (targetID=91, eventWatcher=5)
[0402-close] no active tracking assignment matched destroyed target (targetID=92, eventWatcher=5)
[0402-close] no active tracking assignment matched destroyed target (targetID=93, eventWatcher=4)
[0402-close] no active tracking assignment matched destroyed target (targetID=94, eventWatcher=5)
[0402-close] no active tracking assignment matched destroyed target (targetID=96, eventWatcher=6)
[0402-close] no active tracking assignment matched destroyed target (targetID=97, eventWatcher=5)
[0402-close] no active tracking assignment matched destroyed target (targetID=98, eventWatcher=5)
[0402-close] no active tracking assignment matched destroyed target (targetID=99, eventWatcher=5)
[0402-close] no active tracking assignment matched destroyed target (targetID=100, eventWatcher=4)
[0402-close] no active tracking assignment matched destroyed target (targetID=101, eventWatcher=5)
[0402-close] no active tracking assignment matched destroyed target (targetID=102, eventWatcher=5)
[0402-close] no active tracking assignment matched destroyed target (targetID=77, eventWatcher=4)
[0402-close] no active tracking assignment matched destroyed target (targetID=78, eventWatcher=6)
[0402-close] no active tracking assignment matched destroyed target (targetID=79, eventWatcher=5)
[0402-close] no active tracking assignment matched destroyed target (targetID=80, eventWatcher=5)
[0402-close] no active tracking assignment matched destroyed target (targetID=81, eventWatcher=4)
[0402-close] no active tracking assignment matched destroyed target (targetID=82, eventWatcher=5)
[0402-close] no active tracking assignment matched destroyed target (targetID=83, eventWatcher=5)
[0402-close] no active tracking assignment matched destroyed target (targetID=84, eventWatcher=5)
[0402-close] no active tracking assignment matched destroyed target (targetID=85, eventWatcher=4)
[0402-close] no active tracking assignment matched destroyed target (targetID=86, eventWatcher=4)
[0402-close] no active tracking assignment matched destroyed target (targetID=87, eventWatcher=5)
[0402-close] no active tracking assignment matched destroyed target (targetID=88, eventWatcher=6)
[0402-close] no active tracking assignment matched destroyed target (targetID=89, eventWatcher=5)
[0402-close] no active tracking assignment matched destroyed target (targetID=90, eventWatcher=6)
[0402-close] no active tracking assignment matched destroyed target (targetID=91, eventWatcher=5)
[0402-close] no active tracking assignment matched destroyed target (targetID=92, eventWatcher=5)
[0402-close] no active tracking assignment matched destroyed target (targetID=93, eventWatcher=4)
[0402-close] no active tracking assignment matched destroyed target (targetID=94, eventWatcher=5)
[0402-close] no active tracking assignment matched destroyed target (targetID=96, eventWatcher=6)
[0402-close] no active tracking assignment matched destroyed target (targetID=97, eventWatcher=5)
[0402-close] no active tracking assignment matched destroyed target (targetID=98, eventWatcher=5)
[0402-close] no active tracking assignment matched destroyed target (targetID=99, eventWatcher=5)
[0402-close] no active tracking assignment matched destroyed target (targetID=100, eventWatcher=4)
[0402-close] no active tracking assignment matched destroyed target (targetID=101, eventWatcher=5)
[0402-close] no active tracking assignment matched destroyed target (targetID=102, eventWatcher=5)
[0402-close] no active tracking assignment matched destroyed target (targetID=77, eventWatcher=4)
[0402-close] no active tracking assignment matched destroyed target (targetID=78, eventWatcher=6)
[0402-close] no active tracking assignment matched destroyed target (targetID=79, eventWatcher=5)
[0402-close] no active tracking assignment matched destroyed target (targetID=80, eventWatcher=5)
[0402-close] no active tracking assignment matched destroyed target (targetID=81, eventWatcher=4)
[0402-close] no active tracking assignment matched destroyed target (targetID=82, eventWatcher=5)
[0402-close] no active tracking assignment matched destroyed target (targetID=83, eventWatcher=5)
[0402-close] no active tracking assignment matched destroyed target (targetID=84, eventWatcher=5)
[0402-close] no active tracking assignment matched destroyed target (targetID=85, eventWatcher=4)
[0402-close] no active tracking assignment matched destroyed target (targetID=86, eventWatcher=4)
[0402-close] no active tracking assignment matched destroyed target (targetID=87, eventWatcher=5)
[0402-close] no active tracking assignment matched destroyed target (targetID=88, eventWatcher=6)
[0402-close] no active tracking assignment matched destroyed target (targetID=89, eventWatcher=5)
[0402-close] no active tracking assignment matched destroyed target (targetID=90, eventWatcher=6)
[0402-close] no active tracking assignment matched destroyed target (targetID=91, eventWatcher=5)
[0402-close] no active tracking assignment matched destroyed target (targetID=92, eventWatcher=5)
[0402-close] no active tracking assignment matched destroyed target (targetID=93, eventWatcher=4)
[0402-close] no active tracking assignment matched destroyed target (targetID=94, eventWatcher=5)
[0402-close] no active tracking assignment matched destroyed target (targetID=96, eventWatcher=6)
[0402-close] no active tracking assignment matched destroyed target (targetID=97, eventWatcher=5)
[0402-close] no active tracking assignment matched destroyed target (targetID=98, eventWatcher=5)
[0402-close] no active tracking assignment matched destroyed target (targetID=99, eventWatcher=5)
[0402-close] no active tracking assignment matched destroyed target (targetID=100, eventWatcher=4)
[0402-close] no active tracking assignment matched destroyed target (targetID=101, eventWatcher=5)
[0402-close] no active tracking assignment matched destroyed target (targetID=102, eventWatcher=5)
[0402-close] no active tracking assignment matched destroyed target (targetID=77, eventWatcher=4)
[0402-close] no active tracking assignment matched destroyed target (targetID=78, eventWatcher=6)
[0402-close] no active tracking assignment matched destroyed target (targetID=79, eventWatcher=5)
[0402-close] no active tracking assignment matched destroyed target (targetID=80, eventWatcher=5)
[0402-close] no active tracking assignment matched destroyed target (targetID=81, eventWatcher=4)
[0402-close] no active tracking assignment matched destroyed target (targetID=82, eventWatcher=5)
[0402-close] no active tracking assignment matched destroyed target (targetID=83, eventWatcher=5)
[0402-close] no active tracking assignment matched destroyed target (targetID=84, eventWatcher=5)
[0402-close] no active tracking assignment matched destroyed target (targetID=85, eventWatcher=4)
[0402-close] no active tracking assignment matched destroyed target (targetID=86, eventWatcher=4)
[0402-close] no active tracking assignment matched destroyed target (targetID=87, eventWatcher=5)
[0402-close] no active tracking assignment matched destroyed target (targetID=88, eventWatcher=6)
[0402-close] no active tracking assignment matched destroyed target (targetID=89, eventWatcher=5)
[0402-close] no active tracking assignment matched destroyed target (targetID=90, eventWatcher=6)
[0402-close] no active tracking assignment matched destroyed target (targetID=91, eventWatcher=5)
[0402-close] no active tracking assignment matched destroyed target (targetID=92, eventWatcher=5)
[0402-close] no active tracking assignment matched destroyed target (targetID=93, eventWatcher=4)
[0402-close] no active tracking assignment matched destroyed target (targetID=94, eventWatcher=5)
[0402-close] no active tracking assignment matched destroyed target (targetID=96, eventWatcher=6)
[0402-close] no active tracking assignment matched destroyed target (targetID=97, eventWatcher=5)
[0402-close] no active tracking assignment matched destroyed target (targetID=98, eventWatcher=5)
[0402-close] no active tracking assignment matched destroyed target (targetID=99, eventWatcher=5)
[0402-close] no active tracking assignment matched destroyed target (targetID=100, eventWatcher=4)
[0402-close] no active tracking assignment matched destroyed target (targetID=101, eventWatcher=5)
[0402-close] no active tracking assignment matched destroyed target (targetID=102, eventWatcher=5)
[0402-close] no active tracking assignment matched destroyed target (targetID=77, eventWatcher=4)
[0402-close] no active tracking assignment matched destroyed target (targetID=78, eventWatcher=6)
[0402-close] no active tracking assignment matched destroyed target (targetID=79, eventWatcher=5)
[0402-close] no active tracking assignment matched destroyed target (targetID=80, eventWatcher=5)
[0402-close] no active tracking assignment matched destroyed target (targetID=81, eventWatcher=4)
[0402-close] no active tracking assignment matched destroyed target (targetID=82, eventWatcher=5)
[0402-close] no active tracking assignment matched destroyed target (targetID=83, eventWatcher=5)
[0402-close] no active tracking assignment matched destroyed target (targetID=84, eventWatcher=5)
[0402-close] no active tracking assignment matched destroyed target (targetID=85, eventWatcher=4)
[0402-close] no active tracking assignment matched destroyed target (targetID=86, eventWatcher=4)
[0402-close] no active tracking assignment matched destroyed target (targetID=87, eventWatcher=5)
[0402-close] no active tracking assignment matched destroyed target (targetID=88, eventWatcher=6)
[0402-close] no active tracking assignment matched destroyed target (targetID=89, eventWatcher=5)
[0402-close] no active tracking assignment matched destroyed target (targetID=90, eventWatcher=6)
[0402-close] no active tracking assignment matched destroyed target (targetID=91, eventWatcher=5)
[0402-close] no active tracking assignment matched destroyed target (targetID=92, eventWatcher=5)
[0402-close] no active tracking assignment matched destroyed target (targetID=93, eventWatcher=4)
[0402-close] no active tracking assignment matched destroyed target (targetID=94, eventWatcher=5)
[0402-close] no active tracking assignment matched destroyed target (targetID=96, eventWatcher=6)
[0402-close] no active tracking assignment matched destroyed target (targetID=97, eventWatcher=5)
[0402-close] no active tracking assignment matched destroyed target (targetID=98, eventWatcher=5)
[0402-close] no active tracking assignment matched destroyed target (targetID=99, eventWatcher=5)
[0402-close] no active tracking assignment matched destroyed target (targetID=100, eventWatcher=4)
[0402-close] no active tracking assignment matched destroyed target (targetID=101, eventWatcher=5)
[0402-close] no active tracking assignment matched destroyed target (targetID=102, eventWatcher=5)
[0402-close] no active tracking assignment matched destroyed target (targetID=77, eventWatcher=4)
[0402-close] no active tracking assignment matched destroyed target (targetID=78, eventWatcher=6)
[0402-close] no active tracking assignment matched destroyed target (targetID=79, eventWatcher=5)
[0402-close] no active tracking assignment matched destroyed target (targetID=80, eventWatcher=5)
[0402-close] no active tracking assignment matched destroyed target (targetID=81, eventWatcher=4)
[0402-close] no active tracking assignment matched destroyed target (targetID=82, eventWatcher=5)
[0402-close] no active tracking assignment matched destroyed target (targetID=83, eventWatcher=5)
[0402-close] no active tracking assignment matched destroyed target (targetID=84, eventWatcher=5)
[0402-close] no active tracking assignment matched destroyed target (targetID=85, eventWatcher=4)
[0402-close] no active tracking assignment matched destroyed target (targetID=86, eventWatcher=4)
[0402-close] no active tracking assignment matched destroyed target (targetID=87, eventWatcher=5)
[0402-close] no active tracking assignment matched destroyed target (targetID=88, eventWatcher=6)
[0402-close] no active tracking assignment matched destroyed target (targetID=89, eventWatcher=5)
[0402-close] no active tracking assignment matched destroyed target (targetID=90, eventWatcher=6)
[0402-close] no active tracking assignment matched destroyed target (targetID=91, eventWatcher=5)
[0402-close] no active tracking assignment matched destroyed target (targetID=92, eventWatcher=5)
[0402-close] no active tracking assignment matched destroyed target (targetID=93, eventWatcher=4)
[0402-close] no active tracking assignment matched destroyed target (targetID=94, eventWatcher=5)
[0402-close] no active tracking assignment matched destroyed target (targetID=96, eventWatcher=6)
[0402-close] no active tracking assignment matched destroyed target (targetID=97, eventWatcher=5)
[0402-close] no active tracking assignment matched destroyed target (targetID=98, eventWatcher=5)
[0402-close] no active tracking assignment matched destroyed target (targetID=99, eventWatcher=5)
[0402-close] no active tracking assignment matched destroyed target (targetID=100, eventWatcher=4)
[0402-close] no active tracking assignment matched destroyed target (targetID=101, eventWatcher=5)
[0402-close] no active tracking assignment matched destroyed target (targetID=102, eventWatcher=5)
[0402-close] no active tracking assignment matched destroyed target (targetID=77, eventWatcher=4)
[0402-close] no active tracking assignment matched destroyed target (targetID=78, eventWatcher=6)
[0402-close] no active tracking assignment matched destroyed target (targetID=79, eventWatcher=5)
[0402-close] no active tracking assignment matched destroyed target (targetID=80, eventWatcher=5)
[0402-close] no active tracking assignment matched destroyed target (targetID=81, eventWatcher=4)
[0402-close] no active tracking assignment matched destroyed target (targetID=82, eventWatcher=5)
[0402-close] no active tracking assignment matched destroyed target (targetID=83, eventWatcher=5)
[0402-close] no active tracking assignment matched destroyed target (targetID=84, eventWatcher=5)
[0402-close] no active tracking assignment matched destroyed target (targetID=85, eventWatcher=4)
[0402-close] no active tracking assignment matched destroyed target (targetID=86, eventWatcher=4)
[0402-close] no active tracking assignment matched destroyed target (targetID=87, eventWatcher=5)
[0402-close] no active tracking assignment matched destroyed target (targetID=88, eventWatcher=6)
[0402-close] no active tracking assignment matched destroyed target (targetID=89, eventWatcher=5)
[0402-close] no active tracking assignment matched destroyed target (targetID=90, eventWatcher=6)
[0402-close] no active tracking assignment matched destroyed target (targetID=91, eventWatcher=5)
[0402-close] no active tracking assignment matched destroyed target (targetID=92, eventWatcher=5)
[0402-close] no active tracking assignment matched destroyed target (targetID=93, eventWatcher=4)
[0402-close] no active tracking assignment matched destroyed target (targetID=94, eventWatcher=5)
[0402-close] no active tracking assignment matched destroyed target (targetID=96, eventWatcher=6)
[0402-close] no active tracking assignment matched destroyed target (targetID=97, eventWatcher=5)
[0402-close] no active tracking assignment matched destroyed target (targetID=98, eventWatcher=5)
[0402-close] no active tracking assignment matched destroyed target (targetID=99, eventWatcher=5)
[0402-close] no active tracking assignment matched destroyed target (targetID=100, eventWatcher=4)
[0402-close] no active tracking assignment matched destroyed target (targetID=101, eventWatcher=5)
[0402-close] no active tracking assignment matched destroyed target (targetID=102, eventWatcher=5)
[0402-close] no active tracking assignment matched destroyed target (targetID=77, eventWatcher=4)
[0402-close] no active tracking assignment matched destroyed target (targetID=78, eventWatcher=6)
[0402-close] no active tracking assignment matched destroyed target (targetID=79, eventWatcher=5)
[0402-close] no active tracking assignment matched destroyed target (targetID=80, eventWatcher=5)
[0402-close] no active tracking assignment matched destroyed target (targetID=81, eventWatcher=4)
[0402-close] no active tracking assignment matched destroyed target (targetID=82, eventWatcher=5)
[0402-close] no active tracking assignment matched destroyed target (targetID=83, eventWatcher=5)
[0402-close] no active tracking assignment matched destroyed target (targetID=84, eventWatcher=5)
[0402-close] no active tracking assignment matched destroyed target (targetID=85, eventWatcher=4)
[0402-close] no active tracking assignment matched destroyed target (targetID=86, eventWatcher=4)
[0402-close] no active tracking assignment matched destroyed target (targetID=87, eventWatcher=5)
[0402-close] no active tracking assignment matched destroyed target (targetID=88, eventWatcher=6)
[0402-close] no active tracking assignment matched destroyed target (targetID=89, eventWatcher=5)
[0402-close] no active tracking assignment matched destroyed target (targetID=90, eventWatcher=6)
[0402-close] no active tracking assignment matched destroyed target (targetID=91, eventWatcher=5)
[0402-close] no active tracking assignment matched destroyed target (targetID=92, eventWatcher=5)
[0402-close] no active tracking assignment matched destroyed target (targetID=93, eventWatcher=4)
[0402-close] no active tracking assignment matched destroyed target (targetID=94, eventWatcher=5)
[0402-close] no active tracking assignment matched destroyed target (targetID=96, eventWatcher=6)
[0402-close] no active tracking assignment matched destroyed target (targetID=97, eventWatcher=5)
[0402-close] no active tracking assignment matched destroyed target (targetID=98, eventWatcher=5)
[0402-close] no active tracking assignment matched destroyed target (targetID=99, eventWatcher=5)
[0402-close] no active tracking assignment matched destroyed target (targetID=100, eventWatcher=4)
[0402-close] no active tracking assignment matched destroyed target (targetID=101, eventWatcher=5)
[0402-close] no active tracking assignment matched destroyed target (targetID=102, eventWatcher=5)
[0402-close] no active tracking assignment matched destroyed target (targetID=77, eventWatcher=4)
[0402-close] no active tracking assignment matched destroyed target (targetID=78, eventWatcher=6)
[0402-close] no active tracking assignment matched destroyed target (targetID=79, eventWatcher=5)
[0402-close] no active tracking assignment matched destroyed target (targetID=80, eventWatcher=5)
[0402-close] no active tracking assignment matched destroyed target (targetID=81, eventWatcher=4)
[0402-close] no active tracking assignment matched destroyed target (targetID=82, eventWatcher=5)
[0402-close] no active tracking assignment matched destroyed target (targetID=83, eventWatcher=5)
[0402-close] no active tracking assignment matched destroyed target (targetID=84, eventWatcher=5)
[0402-close] no active tracking assignment matched destroyed target (targetID=85, eventWatcher=4)
[0402-close] no active tracking assignment matched destroyed target (targetID=86, eventWatcher=4)
[0402-close] no active tracking assignment matched destroyed target (targetID=87, eventWatcher=5)
[0402-close] no active tracking assignment matched destroyed target (targetID=88, eventWatcher=6)
[0402-close] no active tracking assignment matched destroyed target (targetID=89, eventWatcher=5)
[0402-close] no active tracking assignment matched destroyed target (targetID=90, eventWatcher=6)
[0402-close] no active tracking assignment matched destroyed target (targetID=91, eventWatcher=5)
[0402-close] no active tracking assignment matched destroyed target (targetID=92, eventWatcher=5)
[0402-close] no active tracking assignment matched destroyed target (targetID=93, eventWatcher=4)
[0402-close] no active tracking assignment matched destroyed target (targetID=94, eventWatcher=5)
[0402-close] no active tracking assignment matched destroyed target (targetID=96, eventWatcher=6)
[0402-close] no active tracking assignment matched destroyed target (targetID=97, eventWatcher=5)
[0402-close] no active tracking assignment matched destroyed target (targetID=98, eventWatcher=5)
[0402-close] no active tracking assignment matched destroyed target (targetID=99, eventWatcher=5)
[0402-close] no active tracking assignment matched destroyed target (targetID=100, eventWatcher=4)
[0402-close] no active tracking assignment matched destroyed target (targetID=101, eventWatcher=5)
[0402-close] no active tracking assignment matched destroyed target (targetID=102, eventWatcher=5)
[0402-close] no active tracking assignment matched destroyed target (targetID=77, eventWatcher=4)
[0402-close] no active tracking assignment matched destroyed target (targetID=78, eventWatcher=6)
[0402-close] no active tracking assignment matched destroyed target (targetID=79, eventWatcher=5)
[0402-close] no active tracking assignment matched destroyed target (targetID=80, eventWatcher=5)
[0402-close] no active tracking assignment matched destroyed target (targetID=81, eventWatcher=4)
[0402-close] no active tracking assignment matched destroyed target (targetID=82, eventWatcher=5)
[0402-close] no active tracking assignment matched destroyed target (targetID=83, eventWatcher=5)
[0402-close] no active tracking assignment matched destroyed target (targetID=84, eventWatcher=5)
[0402-close] no active tracking assignment matched destroyed target (targetID=85, eventWatcher=4)
[0402-close] no active tracking assignment matched destroyed target (targetID=86, eventWatcher=4)
[0402-close] no active tracking assignment matched destroyed target (targetID=87, eventWatcher=5)
[0402-close] no active tracking assignment matched destroyed target (targetID=88, eventWatcher=6)
[0402-close] no active tracking assignment matched destroyed target (targetID=89, eventWatcher=5)
[0402-close] no active tracking assignment matched destroyed target (targetID=90, eventWatcher=6)
[0402-close] no active tracking assignment matched destroyed target (targetID=91, eventWatcher=5)
[0402-close] no active tracking assignment matched destroyed target (targetID=92, eventWatcher=5)
[0402-close] no active tracking assignment matched destroyed target (targetID=93, eventWatcher=4)
[0402-close] no active tracking assignment matched destroyed target (targetID=94, eventWatcher=5)
[0402-close] no active tracking assignment matched destroyed target (targetID=96, eventWatcher=6)
[0402-close] no active tracking assignment matched destroyed target (targetID=97, eventWatcher=5)
[0402-close] no active tracking assignment matched destroyed target (targetID=98, eventWatcher=5)
[0402-close] no active tracking assignment matched destroyed target (targetID=99, eventWatcher=5)
[0402-close] no active tracking assignment matched destroyed target (targetID=100, eventWatcher=4)
[0402-close] no active tracking assignment matched destroyed target (targetID=101, eventWatcher=5)
[0402-close] no active tracking assignment matched destroyed target (targetID=102, eventWatcher=5)
[0402-close] no active tracking assignment matched destroyed target (targetID=77, eventWatcher=4)
[0402-close] no active tracking assignment matched destroyed target (targetID=78, eventWatcher=6)
[0402-close] no active tracking assignment matched destroyed target (targetID=79, eventWatcher=5)
[0402-close] no active tracking assignment matched destroyed target (targetID=80, eventWatcher=5)
[0402-close] no active tracking assignment matched destroyed target (targetID=81, eventWatcher=4)
[0402-close] no active tracking assignment matched destroyed target (targetID=82, eventWatcher=5)
[0402-close] no active tracking assignment matched destroyed target (targetID=83, eventWatcher=5)
[0402-close] no active tracking assignment matched destroyed target (targetID=84, eventWatcher=5)
[0402-close] no active tracking assignment matched destroyed target (targetID=85, eventWatcher=4)
[0402-close] no active tracking assignment matched destroyed target (targetID=86, eventWatcher=4)
[0402-close] no active tracking assignment matched destroyed target (targetID=87, eventWatcher=5)
[0402-close] no active tracking assignment matched destroyed target (targetID=88, eventWatcher=6)
[0402-close] no active tracking assignment matched destroyed target (targetID=89, eventWatcher=5)
[0402-close] no active tracking assignment matched destroyed target (targetID=90, eventWatcher=6)
[0402-close] no active tracking assignment matched destroyed target (targetID=91, eventWatcher=5)
[0402-close] no active tracking assignment matched destroyed target (targetID=92, eventWatcher=5)
[0402-close] no active tracking assignment matched destroyed target (targetID=93, eventWatcher=4)
[0402-close] no active tracking assignment matched destroyed target (targetID=94, eventWatcher=5)
[0402-close] no active tracking assignment matched destroyed target (targetID=96, eventWatcher=6)
[0402-close] no active tracking assignment matched destroyed target (targetID=97, eventWatcher=5)
[0402-close] no active tracking assignment matched destroyed target (targetID=98, eventWatcher=5)
[0402-close] no active tracking assignment matched destroyed target (targetID=99, eventWatcher=5)
[0402-close] no active tracking assignment matched destroyed target (targetID=100, eventWatcher=4)
[0402-close] no active tracking assignment matched destroyed target (targetID=101, eventWatcher=5)
[0402-close] no active tracking assignment matched destroyed target (targetID=102, eventWatcher=5)
[0402-close] no active tracking assignment matched destroyed target (targetID=77, eventWatcher=4)
[0402-close] no active tracking assignment matched destroyed target (targetID=78, eventWatcher=6)
[0402-close] no active tracking assignment matched destroyed target (targetID=79, eventWatcher=5)
[0402-close] no active tracking assignment matched destroyed target (targetID=80, eventWatcher=5)
[0402-close] no active tracking assignment matched destroyed target (targetID=81, eventWatcher=4)
[0402-close] no active tracking assignment matched destroyed target (targetID=82, eventWatcher=5)
[0402-close] no active tracking assignment matched destroyed target (targetID=83, eventWatcher=5)
[0402-close] no active tracking assignment matched destroyed target (targetID=84, eventWatcher=5)
[0402-close] no active tracking assignment matched destroyed target (targetID=85, eventWatcher=4)
[0402-close] no active tracking assignment matched destroyed target (targetID=86, eventWatcher=4)
[0402-close] no active tracking assignment matched destroyed target (targetID=87, eventWatcher=5)
[0402-close] no active tracking assignment matched destroyed target (targetID=88, eventWatcher=6)
[0402-close] no active tracking assignment matched destroyed target (targetID=89, eventWatcher=5)
[0402-close] no active tracking assignment matched destroyed target (targetID=90, eventWatcher=6)
[0402-close] no active tracking assignment matched destroyed target (targetID=91, eventWatcher=5)
[0402-close] no active tracking assignment matched destroyed target (targetID=92, eventWatcher=5)
[0402-close] no active tracking assignment matched destroyed target (targetID=93, eventWatcher=4)
[0402-close] no active tracking assignment matched destroyed target (targetID=94, eventWatcher=5)
[0402-close] no active tracking assignment matched destroyed target (targetID=96, eventWatcher=6)
[0402-close] no active tracking assignment matched destroyed target (targetID=97, eventWatcher=5)
[0402-close] no active tracking assignment matched destroyed target (targetID=98, eventWatcher=5)
[0402-close] no active tracking assignment matched destroyed target (targetID=99, eventWatcher=5)
[0402-close] no active tracking assignment matched destroyed target (targetID=100, eventWatcher=4)
[0402-close] no active tracking assignment matched destroyed target (targetID=101, eventWatcher=5)
[0402-close] no active tracking assignment matched destroyed target (targetID=102, eventWatcher=5)
[0402-close] no active tracking assignment matched destroyed target (targetID=77, eventWatcher=4)
[0402-close] no active tracking assignment matched destroyed target (targetID=78, eventWatcher=6)
[0402-close] no active tracking assignment matched destroyed target (targetID=79, eventWatcher=5)
[0402-close] no active tracking assignment matched destroyed target (targetID=80, eventWatcher=5)
[0402-close] no active tracking assignment matched destroyed target (targetID=81, eventWatcher=4)
[0402-close] no active tracking assignment matched destroyed target (targetID=82, eventWatcher=5)
[0402-close] no active tracking assignment matched destroyed target (targetID=83, eventWatcher=5)
[0402-close] no active tracking assignment matched destroyed target (targetID=84, eventWatcher=5)
[0402-close] no active tracking assignment matched destroyed target (targetID=85, eventWatcher=4)
[0402-close] no active tracking assignment matched destroyed target (targetID=86, eventWatcher=4)
[0402-close] no active tracking assignment matched destroyed target (targetID=87, eventWatcher=5)
[0402-close] no active tracking assignment matched destroyed target (targetID=88, eventWatcher=6)
[0402-close] no active tracking assignment matched destroyed target (targetID=89, eventWatcher=5)
[0402-close] no active tracking assignment matched destroyed target (targetID=90, eventWatcher=6)
[0402-close] no active tracking assignment matched destroyed target (targetID=91, eventWatcher=5)
[0402-close] no active tracking assignment matched destroyed target (targetID=92, eventWatcher=5)
[0402-close] no active tracking assignment matched destroyed target (targetID=93, eventWatcher=4)
[0402-close] no active tracking assignment matched destroyed target (targetID=94, eventWatcher=5)
[0402-close] no active tracking assignment matched destroyed target (targetID=96, eventWatcher=6)
[0402-close] no active tracking assignment matched destroyed target (targetID=97, eventWatcher=5)
[0402-close] no active tracking assignment matched destroyed target (targetID=98, eventWatcher=5)
[0402-close] no active tracking assignment matched destroyed target (targetID=99, eventWatcher=5)
[0402-close] no active tracking assignment matched destroyed target (targetID=100, eventWatcher=4)
[0402-close] no active tracking assignment matched destroyed target (targetID=101, eventWatcher=5)
[0402-close] no active tracking assignment matched destroyed target (targetID=102, eventWatcher=5)
[0402-close] no active tracking assignment matched destroyed target (targetID=77, eventWatcher=4)
[0402-close] no active tracking assignment matched destroyed target (targetID=78, eventWatcher=6)
[0402-close] no active tracking assignment matched destroyed target (targetID=79, eventWatcher=5)
[0402-close] no active tracking assignment matched destroyed target (targetID=80, eventWatcher=5)
[0402-close] no active tracking assignment matched destroyed target (targetID=81, eventWatcher=4)
[0402-close] no active tracking assignment matched destroyed target (targetID=82, eventWatcher=5)
[0402-close] no active tracking assignment matched destroyed target (targetID=83, eventWatcher=5)
[0402-close] no active tracking assignment matched destroyed target (targetID=84, eventWatcher=5)
[0402-close] no active tracking assignment matched destroyed target (targetID=85, eventWatcher=4)
[0402-close] no active tracking assignment matched destroyed target (targetID=86, eventWatcher=4)
[0402-close] no active tracking assignment matched destroyed target (targetID=87, eventWatcher=5)
[0402-close] no active tracking assignment matched destroyed target (targetID=88, eventWatcher=6)
[0402-close] no active tracking assignment matched destroyed target (targetID=89, eventWatcher=5)
[0402-close] no active tracking assignment matched destroyed target (targetID=90, eventWatcher=6)
[0402-close] no active tracking assignment matched destroyed target (targetID=91, eventWatcher=5)
[0402-close] no active tracking assignment matched destroyed target (targetID=92, eventWatcher=5)
[0402-close] no active tracking assignment matched destroyed target (targetID=93, eventWatcher=4)
[0402-close] no active tracking assignment matched destroyed target (targetID=94, eventWatcher=5)
[0402-close] no active tracking assignment matched destroyed target (targetID=96, eventWatcher=6)
[0402-close] no active tracking assignment matched destroyed target (targetID=97, eventWatcher=5)
[0402-close] no active tracking assignment matched destroyed target (targetID=98, eventWatcher=5)
[0402-close] no active tracking assignment matched destroyed target (targetID=99, eventWatcher=5)
[0402-close] no active tracking assignment matched destroyed target (targetID=100, eventWatcher=4)
[0402-close] no active tracking assignment matched destroyed target (targetID=101, eventWatcher=5)
[0402-close] no active tracking assignment matched destroyed target (targetID=102, eventWatcher=5)
[0402-close] no active tracking assignment matched destroyed target (targetID=77, eventWatcher=4)
[0402-close] no active tracking assignment matched destroyed target (targetID=78, eventWatcher=6)
[0402-close] no active tracking assignment matched destroyed target (targetID=79, eventWatcher=5)
[0402-close] no active tracking assignment matched destroyed target (targetID=80, eventWatcher=5)
[0402-close] no active tracking assignment matched destroyed target (targetID=81, eventWatcher=4)
[0402-close] no active tracking assignment matched destroyed target (targetID=82, eventWatcher=5)
[0402-close] no active tracking assignment matched destroyed target (targetID=83, eventWatcher=5)
[0402-close] no active tracking assignment matched destroyed target (targetID=84, eventWatcher=5)
[0402-close] no active tracking assignment matched destroyed target (targetID=85, eventWatcher=4)
[0402-close] no active tracking assignment matched destroyed target (targetID=86, eventWatcher=4)
[0402-close] no active tracking assignment matched destroyed target (targetID=87, eventWatcher=5)
[0402-close] no active tracking assignment matched destroyed target (targetID=88, eventWatcher=6)
[0402-close] no active tracking assignment matched destroyed target (targetID=89, eventWatcher=5)
[0402-close] no active tracking assignment matched destroyed target (targetID=90, eventWatcher=6)
[0402-close] no active tracking assignment matched destroyed target (targetID=91, eventWatcher=5)
[0402-close] no active tracking assignment matched destroyed target (targetID=92, eventWatcher=5)
[0402-close] no active tracking assignment matched destroyed target (targetID=93, eventWatcher=4)
[0402-close] no active tracking assignment matched destroyed target (targetID=94, eventWatcher=5)
[0402-close] no active tracking assignment matched destroyed target (targetID=96, eventWatcher=6)
[0402-close] no active tracking assignment matched destroyed target (targetID=97, eventWatcher=5)
[0402-close] no active tracking assignment matched destroyed target (targetID=98, eventWatcher=5)
[0402-close] no active tracking assignment matched destroyed target (targetID=99, eventWatcher=5)
[0402-close] no active tracking assignment matched destroyed target (targetID=100, eventWatcher=4)
[0402-close] no active tracking assignment matched destroyed target (targetID=101, eventWatcher=5)
[0402-close] no active tracking assignment matched destroyed target (targetID=102, eventWatcher=5)
[0402-close] no active tracking assignment matched destroyed target (targetID=77, eventWatcher=4)
[0402-close] no active tracking assignment matched destroyed target (targetID=78, eventWatcher=6)
[0402-close] no active tracking assignment matched destroyed target (targetID=79, eventWatcher=5)
[0402-close] no active tracking assignment matched destroyed target (targetID=80, eventWatcher=5)
[0402-close] no active tracking assignment matched destroyed target (targetID=81, eventWatcher=4)
[0402-close] no active tracking assignment matched destroyed target (targetID=82, eventWatcher=5)
[0402-close] no active tracking assignment matched destroyed target (targetID=83, eventWatcher=5)
[0402-close] no active tracking assignment matched destroyed target (targetID=84, eventWatcher=5)
[0402-close] no active tracking assignment matched destroyed target (targetID=85, eventWatcher=4)
[0402-close] no active tracking assignment matched destroyed target (targetID=86, eventWatcher=4)
[0402-close] no active tracking assignment matched destroyed target (targetID=87, eventWatcher=5)
[0402-close] no active tracking assignment matched destroyed target (targetID=88, eventWatcher=6)
[0402-close] no active tracking assignment matched destroyed target (targetID=89, eventWatcher=5)
[0402-close] no active tracking assignment matched destroyed target (targetID=90, eventWatcher=6)
[0402-close] no active tracking assignment matched destroyed target (targetID=91, eventWatcher=5)
[0402-close] no active tracking assignment matched destroyed target (targetID=92, eventWatcher=5)
[0402-close] no active tracking assignment matched destroyed target (targetID=93, eventWatcher=4)
[0402-close] no active tracking assignment matched destroyed target (targetID=94, eventWatcher=5)
[0402-close] no active tracking assignment matched destroyed target (targetID=96, eventWatcher=6)
[0402-close] no active tracking assignment matched destroyed target (targetID=97, eventWatcher=5)
[0402-close] no active tracking assignment matched destroyed target (targetID=98, eventWatcher=5)
[0402-close] no active tracking assignment matched destroyed target (targetID=99, eventWatcher=5)
[0402-close] no active tracking assignment matched destroyed target (targetID=100, eventWatcher=4)
[0402-close] no active tracking assignment matched destroyed target (targetID=101, eventWatcher=5)
[0402-close] no active tracking assignment matched destroyed target (targetID=102, eventWatcher=5)
[0402-close] no active tracking assignment matched destroyed target (targetID=77, eventWatcher=4)
[0402-close] no active tracking assignment matched destroyed target (targetID=78, eventWatcher=6)
[0402-close] no active tracking assignment matched destroyed target (targetID=79, eventWatcher=5)
[0402-close] no active tracking assignment matched destroyed target (targetID=80, eventWatcher=5)
[0402-close] no active tracking assignment matched destroyed target (targetID=81, eventWatcher=4)
[0402-close] no active tracking assignment matched destroyed target (targetID=82, eventWatcher=5)
[0402-close] no active tracking assignment matched destroyed target (targetID=83, eventWatcher=5)
[0402-close] no active tracking assignment matched destroyed target (targetID=84, eventWatcher=5)
[0402-close] no active tracking assignment matched destroyed target (targetID=85, eventWatcher=4)
[0402-close] no active tracking assignment matched destroyed target (targetID=86, eventWatcher=4)
[0402-close] no active tracking assignment matched destroyed target (targetID=87, eventWatcher=5)
[0402-close] no active tracking assignment matched destroyed target (targetID=88, eventWatcher=6)
[0402-close] no active tracking assignment matched destroyed target (targetID=89, eventWatcher=5)
[0402-close] no active tracking assignment matched destroyed target (targetID=90, eventWatcher=6)
[0402-close] no active tracking assignment matched destroyed target (targetID=91, eventWatcher=5)
[0402-close] no active tracking assignment matched destroyed target (targetID=92, eventWatcher=5)
[0402-close] no active tracking assignment matched destroyed target (targetID=93, eventWatcher=4)
[0402-close] no active tracking assignment matched destroyed target (targetID=94, eventWatcher=5)
[0402-close] no active tracking assignment matched destroyed target (targetID=96, eventWatcher=6)
[0402-close] no active tracking assignment matched destroyed target (targetID=97, eventWatcher=5)
[0402-close] no active tracking assignment matched destroyed target (targetID=98, eventWatcher=5)
[0402-close] no active tracking assignment matched destroyed target (targetID=99, eventWatcher=5)
[0402-close] no active tracking assignment matched destroyed target (targetID=100, eventWatcher=4)
[0402-close] no active tracking assignment matched destroyed target (targetID=101, eventWatcher=5)
[0402-close] no active tracking assignment matched destroyed target (targetID=102, eventWatcher=5)
[0402-close] no active tracking assignment matched destroyed target (targetID=77, eventWatcher=4)
[0402-close] no active tracking assignment matched destroyed target (targetID=78, eventWatcher=6)
[0402-close] no active tracking assignment matched destroyed target (targetID=79, eventWatcher=5)
[0402-close] no active tracking assignment matched destroyed target (targetID=80, eventWatcher=5)
[0402-close] no active tracking assignment matched destroyed target (targetID=81, eventWatcher=4)
[0402-close] no active tracking assignment matched destroyed target (targetID=82, eventWatcher=5)
[0402-close] no active tracking assignment matched destroyed target (targetID=83, eventWatcher=5)
[0402-close] no active tracking assignment matched destroyed target (targetID=84, eventWatcher=5)
[0402-close] no active tracking assignment matched destroyed target (targetID=85, eventWatcher=4)
[0402-close] no active tracking assignment matched destroyed target (targetID=86, eventWatcher=4)
[0402-close] no active tracking assignment matched destroyed target (targetID=87, eventWatcher=5)
[0402-close] no active tracking assignment matched destroyed target (targetID=88, eventWatcher=6)
[0402-close] no active tracking assignment matched destroyed target (targetID=89, eventWatcher=5)
[0402-close] no active tracking assignment matched destroyed target (targetID=90, eventWatcher=6)
[0402-close] no active tracking assignment matched destroyed target (targetID=91, eventWatcher=5)
[0402-close] no active tracking assignment matched destroyed target (targetID=92, eventWatcher=5)
[0402-close] no active tracking assignment matched destroyed target (targetID=93, eventWatcher=4)
[0402-close] no active tracking assignment matched destroyed target (targetID=94, eventWatcher=5)
[0402-close] no active tracking assignment matched destroyed target (targetID=96, eventWatcher=6)
[0402-close] no active tracking assignment matched destroyed target (targetID=97, eventWatcher=5)
[0402-close] no active tracking assignment matched destroyed target (targetID=98, eventWatcher=5)
[0402-close] no active tracking assignment matched destroyed target (targetID=99, eventWatcher=5)
[0402-close] no active tracking assignment matched destroyed target (targetID=100, eventWatcher=4)
[0402-close] no active tracking assignment matched destroyed target (targetID=101, eventWatcher=5)
[0402-close] no active tracking assignment matched destroyed target (targetID=102, eventWatcher=5)
[0402-close] no active tracking assignment matched destroyed target (targetID=77, eventWatcher=4)
[0402-close] no active tracking assignment matched destroyed target (targetID=78, eventWatcher=6)
[0402-close] no active tracking assignment matched destroyed target (targetID=79, eventWatcher=5)
[0402-close] no active tracking assignment matched destroyed target (targetID=80, eventWatcher=5)
[0402-close] no active tracking assignment matched destroyed target (targetID=81, eventWatcher=4)
[0402-close] no active tracking assignment matched destroyed target (targetID=82, eventWatcher=5)
[0402-close] no active tracking assignment matched destroyed target (targetID=83, eventWatcher=5)
[0402-close] no active tracking assignment matched destroyed target (targetID=84, eventWatcher=5)
[0402-close] no active tracking assignment matched destroyed target (targetID=85, eventWatcher=4)
[0402-close] no active tracking assignment matched destroyed target (targetID=86, eventWatcher=4)
[0402-close] no active tracking assignment matched destroyed target (targetID=87, eventWatcher=5)
[0402-close] no active tracking assignment matched destroyed target (targetID=88, eventWatcher=6)
[0402-close] no active tracking assignment matched destroyed target (targetID=89, eventWatcher=5)
[0402-close] no active tracking assignment matched destroyed target (targetID=90, eventWatcher=6)
[0402-close] no active tracking assignment matched destroyed target (targetID=91, eventWatcher=5)
[0402-close] no active tracking assignment matched destroyed target (targetID=92, eventWatcher=5)
[0402-close] no active tracking assignment matched destroyed target (targetID=93, eventWatcher=4)
[0402-close] no active tracking assignment matched destroyed target (targetID=94, eventWatcher=5)
[0402-close] no active tracking assignment matched destroyed target (targetID=96, eventWatcher=6)
[0402-close] no active tracking assignment matched destroyed target (targetID=97, eventWatcher=5)
[0402-close] no active tracking assignment matched destroyed target (targetID=98, eventWatcher=5)
[0402-close] no active tracking assignment matched destroyed target (targetID=99, eventWatcher=5)
[0402-close] no active tracking assignment matched destroyed target (targetID=100, eventWatcher=4)
[0402-close] no active tracking assignment matched destroyed target (targetID=101, eventWatcher=5)
[0402-close] no active tracking assignment matched destroyed target (targetID=102, eventWatcher=5)
[0402-close] no active tracking assignment matched destroyed target (targetID=77, eventWatcher=4)
[0402-close] no active tracking assignment matched destroyed target (targetID=78, eventWatcher=6)
[0402-close] no active tracking assignment matched destroyed target (targetID=79, eventWatcher=5)
[0402-close] no active tracking assignment matched destroyed target (targetID=80, eventWatcher=5)
[0402-close] no active tracking assignment matched destroyed target (targetID=81, eventWatcher=4)
[0402-close] no active tracking assignment matched destroyed target (targetID=82, eventWatcher=5)
[0402-close] no active tracking assignment matched destroyed target (targetID=83, eventWatcher=5)
[0402-close] no active tracking assignment matched destroyed target (targetID=84, eventWatcher=5)
[0402-close] no active tracking assignment matched destroyed target (targetID=85, eventWatcher=4)
[0402-close] no active tracking assignment matched destroyed target (targetID=86, eventWatcher=4)
[0402-close] no active tracking assignment matched destroyed target (targetID=87, eventWatcher=5)
[0402-close] no active tracking assignment matched destroyed target (targetID=88, eventWatcher=6)
[0402-close] no active tracking assignment matched destroyed target (targetID=89, eventWatcher=5)
[0402-close] no active tracking assignment matched destroyed target (targetID=90, eventWatcher=6)
[0402-close] no active tracking assignment matched destroyed target (targetID=91, eventWatcher=5)
[0402-close] no active tracking assignment matched destroyed target (targetID=92, eventWatcher=5)
[0402-close] no active tracking assignment matched destroyed target (targetID=93, eventWatcher=4)
[0402-close] no active tracking assignment matched destroyed target (targetID=94, eventWatcher=5)
[0402-close] no active tracking assignment matched destroyed target (targetID=96, eventWatcher=6)
[0402-close] no active tracking assignment matched destroyed target (targetID=97, eventWatcher=5)
[0402-close] no active tracking assignment matched destroyed target (targetID=98, eventWatcher=5)
[0402-close] no active tracking assignment matched destroyed target (targetID=99, eventWatcher=5)
[0402-close] no active tracking assignment matched destroyed target (targetID=100, eventWatcher=4)
[0402-close] no active tracking assignment matched destroyed target (targetID=101, eventWatcher=5)
[0402-close] no active tracking assignment matched destroyed target (targetID=102, eventWatcher=5)
[0402-close] no active tracking assignment matched destroyed target (targetID=77, eventWatcher=4)
[0402-close] no active tracking assignment matched destroyed target (targetID=78, eventWatcher=6)
[0402-close] no active tracking assignment matched destroyed target (targetID=79, eventWatcher=5)
[0402-close] no active tracking assignment matched destroyed target (targetID=80, eventWatcher=5)
[0402-close] no active tracking assignment matched destroyed target (targetID=81, eventWatcher=4)
[0402-close] no active tracking assignment matched destroyed target (targetID=82, eventWatcher=5)
[0402-close] no active tracking assignment matched destroyed target (targetID=83, eventWatcher=5)
[0402-close] no active tracking assignment matched destroyed target (targetID=84, eventWatcher=5)
[0402-close] no active tracking assignment matched destroyed target (targetID=85, eventWatcher=4)
[0402-close] no active tracking assignment matched destroyed target (targetID=86, eventWatcher=4)
[0402-close] no active tracking assignment matched destroyed target (targetID=87, eventWatcher=5)
[0402-close] no active tracking assignment matched destroyed target (targetID=88, eventWatcher=6)
[0402-close] no active tracking assignment matched destroyed target (targetID=89, eventWatcher=5)
[0402-close] no active tracking assignment matched destroyed target (targetID=90, eventWatcher=6)
[0402-close] no active tracking assignment matched destroyed target (targetID=91, eventWatcher=5)
[0402-close] no active tracking assignment matched destroyed target (targetID=92, eventWatcher=5)
[0402-close] no active tracking assignment matched destroyed target (targetID=93, eventWatcher=4)
[0402-close] no active tracking assignment matched destroyed target (targetID=94, eventWatcher=5)
[0402-close] no active tracking assignment matched destroyed target (targetID=96, eventWatcher=6)
[0402-close] no active tracking assignment matched destroyed target (targetID=97, eventWatcher=5)
[0402-close] no active tracking assignment matched destroyed target (targetID=98, eventWatcher=5)
[0402-close] no active tracking assignment matched destroyed target (targetID=99, eventWatcher=5)
[0402-close] no active tracking assignment matched destroyed target (targetID=100, eventWatcher=4)
[0402-close] no active tracking assignment matched destroyed target (targetID=101, eventWatcher=5)
[0402-close] no active tracking assignment matched destroyed target (targetID=102, eventWatcher=5)
[0402-close] no active tracking assignment matched destroyed target (targetID=77, eventWatcher=4)
[0402-close] no active tracking assignment matched destroyed target (targetID=78, eventWatcher=6)
[0402-close] no active tracking assignment matched destroyed target (targetID=79, eventWatcher=5)
[0402-close] no active tracking assignment matched destroyed target (targetID=80, eventWatcher=5)
[0402-close] no active tracking assignment matched destroyed target (targetID=81, eventWatcher=4)
[0402-close] no active tracking assignment matched destroyed target (targetID=82, eventWatcher=5)
[0402-close] no active tracking assignment matched destroyed target (targetID=83, eventWatcher=5)
[0402-close] no active tracking assignment matched destroyed target (targetID=84, eventWatcher=5)
[0402-close] no active tracking assignment matched destroyed target (targetID=85, eventWatcher=4)
[0402-close] no active tracking assignment matched destroyed target (targetID=86, eventWatcher=4)
[0402-close] no active tracking assignment matched destroyed target (targetID=87, eventWatcher=5)
[0402-close] no active tracking assignment matched destroyed target (targetID=88, eventWatcher=6)
[0402-close] no active tracking assignment matched destroyed target (targetID=89, eventWatcher=5)
[0402-close] no active tracking assignment matched destroyed target (targetID=90, eventWatcher=6)
[0402-close] no active tracking assignment matched destroyed target (targetID=91, eventWatcher=5)
[0402-close] no active tracking assignment matched destroyed target (targetID=92, eventWatcher=5)
[0402-close] no active tracking assignment matched destroyed target (targetID=93, eventWatcher=4)
[0402-close] no active tracking assignment matched destroyed target (targetID=94, eventWatcher=5)
[0402-close] no active tracking assignment matched destroyed target (targetID=96, eventWatcher=6)
[0402-close] no active tracking assignment matched destroyed target (targetID=97, eventWatcher=5)
[0402-close] no active tracking assignment matched destroyed target (targetID=98, eventWatcher=5)
[0402-close] no active tracking assignment matched destroyed target (targetID=99, eventWatcher=5)
[0402-close] no active tracking assignment matched destroyed target (targetID=100, eventWatcher=4)
[0402-close] no active tracking assignment matched destroyed target (targetID=101, eventWatcher=5)
[0402-close] no active tracking assignment matched destroyed target (targetID=102, eventWatcher=5)
[0402-close] no active tracking assignment matched destroyed target (targetID=77, eventWatcher=4)
[0402-close] no active tracking assignment matched destroyed target (targetID=78, eventWatcher=6)
[0402-close] no active tracking assignment matched destroyed target (targetID=79, eventWatcher=5)
[0402-close] no active tracking assignment matched destroyed target (targetID=80, eventWatcher=5)
[0402-close] no active tracking assignment matched destroyed target (targetID=81, eventWatcher=4)
[0402-close] no active tracking assignment matched destroyed target (targetID=82, eventWatcher=5)
[0402-close] no active tracking assignment matched destroyed target (targetID=83, eventWatcher=5)
[0402-close] no active tracking assignment matched destroyed target (targetID=84, eventWatcher=5)
[0402-close] no active tracking assignment matched destroyed target (targetID=85, eventWatcher=4)
[0402-close] no active tracking assignment matched destroyed target (targetID=86, eventWatcher=4)
[0402-close] no active tracking assignment matched destroyed target (targetID=87, eventWatcher=5)
[0402-close] no active tracking assignment matched destroyed target (targetID=88, eventWatcher=6)
[0402-close] no active tracking assignment matched destroyed target (targetID=89, eventWatcher=5)
[0402-close] no active tracking assignment matched destroyed target (targetID=90, eventWatcher=6)
[0402-close] no active tracking assignment matched destroyed target (targetID=91, eventWatcher=5)
[0402-close] no active tracking assignment matched destroyed target (targetID=92, eventWatcher=5)
[0402-close] no active tracking assignment matched destroyed target (targetID=93, eventWatcher=4)
[0402-close] no active tracking assignment matched destroyed target (targetID=94, eventWatcher=5)
[0402-close] no active tracking assignment matched destroyed target (targetID=96, eventWatcher=6)
[0402-close] no active tracking assignment matched destroyed target (targetID=97, eventWatcher=5)
[0402-close] no active tracking assignment matched destroyed target (targetID=98, eventWatcher=5)
[0402-close] no active tracking assignment matched destroyed target (targetID=99, eventWatcher=5)
[0402-close] no active tracking assignment matched destroyed target (targetID=100, eventWatcher=4)
[0402-close] no active tracking assignment matched destroyed target (targetID=101, eventWatcher=5)
[0402-close] no active tracking assignment matched destroyed target (targetID=102, eventWatcher=5)
[0402-close] no active tracking assignment matched destroyed target (targetID=77, eventWatcher=4)
[0402-close] no active tracking assignment matched destroyed target (targetID=78, eventWatcher=6)
[0402-close] no active tracking assignment matched destroyed target (targetID=79, eventWatcher=5)
[0402-close] no active tracking assignment matched destroyed target (targetID=80, eventWatcher=5)
[0402-close] no active tracking assignment matched destroyed target (targetID=81, eventWatcher=4)
[0402-close] no active tracking assignment matched destroyed target (targetID=82, eventWatcher=5)
[0402-close] no active tracking assignment matched destroyed target (targetID=83, eventWatcher=5)
[0402-close] no active tracking assignment matched destroyed target (targetID=84, eventWatcher=5)
[0402-close] no active tracking assignment matched destroyed target (targetID=85, eventWatcher=4)
[0402-close] no active tracking assignment matched destroyed target (targetID=86, eventWatcher=4)
[0402-close] no active tracking assignment matched destroyed target (targetID=87, eventWatcher=5)
[0402-close] no active tracking assignment matched destroyed target (targetID=88, eventWatcher=6)
[0402-close] no active tracking assignment matched destroyed target (targetID=89, eventWatcher=5)
[0402-close] no active tracking assignment matched destroyed target (targetID=90, eventWatcher=6)
[0402-close] no active tracking assignment matched destroyed target (targetID=91, eventWatcher=5)
[0402-close] no active tracking assignment matched destroyed target (targetID=92, eventWatcher=5)
[0402-close] no active tracking assignment matched destroyed target (targetID=93, eventWatcher=4)
[0402-close] no active tracking assignment matched destroyed target (targetID=94, eventWatcher=5)
[0402-close] no active tracking assignment matched destroyed target (targetID=96, eventWatcher=6)
[0402-close] no active tracking assignment matched destroyed target (targetID=97, eventWatcher=5)
[0402-close] no active tracking assignment matched destroyed target (targetID=98, eventWatcher=5)
[0402-close] no active tracking assignment matched destroyed target (targetID=99, eventWatcher=5)
[0402-close] no active tracking assignment matched destroyed target (targetID=100, eventWatcher=4)
[0402-close] no active tracking assignment matched destroyed target (targetID=101, eventWatcher=5)
[0402-close] no active tracking assignment matched destroyed target (targetID=102, eventWatcher=5)
[0402-close] no active tracking assignment matched destroyed target (targetID=77, eventWatcher=4)
[0402-close] no active tracking assignment matched destroyed target (targetID=78, eventWatcher=6)
[0402-close] no active tracking assignment matched destroyed target (targetID=79, eventWatcher=5)
[0402-close] no active tracking assignment matched destroyed target (targetID=80, eventWatcher=5)
[0402-close] no active tracking assignment matched destroyed target (targetID=81, eventWatcher=4)
[0402-close] no active tracking assignment matched destroyed target (targetID=82, eventWatcher=5)
[0402-close] no active tracking assignment matched destroyed target (targetID=83, eventWatcher=5)
[0402-close] no active tracking assignment matched destroyed target (targetID=84, eventWatcher=5)
[0402-close] no active tracking assignment matched destroyed target (targetID=85, eventWatcher=4)
[0402-close] no active tracking assignment matched destroyed target (targetID=86, eventWatcher=4)
[0402-close] no active tracking assignment matched destroyed target (targetID=87, eventWatcher=5)
[0402-close] no active tracking assignment matched destroyed target (targetID=88, eventWatcher=6)
[0402-close] no active tracking assignment matched destroyed target (targetID=89, eventWatcher=5)
[0402-close] no active tracking assignment matched destroyed target (targetID=90, eventWatcher=6)
[0402-close] no active tracking assignment matched destroyed target (targetID=91, eventWatcher=5)
[0402-close] no active tracking assignment matched destroyed target (targetID=92, eventWatcher=5)
[0402-close] no active tracking assignment matched destroyed target (targetID=93, eventWatcher=4)
[0402-close] no active tracking assignment matched destroyed target (targetID=94, eventWatcher=5)
[0402-close] no active tracking assignment matched destroyed target (targetID=96, eventWatcher=6)
[0402-close] no active tracking assignment matched destroyed target (targetID=97, eventWatcher=5)
[0402-close] no active tracking assignment matched destroyed target (targetID=98, eventWatcher=5)
[0402-close] no active tracking assignment matched destroyed target (targetID=99, eventWatcher=5)
[0402-close] no active tracking assignment matched destroyed target (targetID=100, eventWatcher=4)
[0402-close] no active tracking assignment matched destroyed target (targetID=101, eventWatcher=5)
[0402-close] no active tracking assignment matched destroyed target (targetID=102, eventWatcher=5)
[0402-close] no active tracking assignment matched destroyed target (targetID=77, eventWatcher=4)
[0402-close] no active tracking assignment matched destroyed target (targetID=78, eventWatcher=6)
[0402-close] no active tracking assignment matched destroyed target (targetID=79, eventWatcher=5)
[0402-close] no active tracking assignment matched destroyed target (targetID=80, eventWatcher=5)
[0402-close] no active tracking assignment matched destroyed target (targetID=81, eventWatcher=4)
[0402-close] no active tracking assignment matched destroyed target (targetID=82, eventWatcher=5)
[0402-close] no active tracking assignment matched destroyed target (targetID=83, eventWatcher=5)
[0402-close] no active tracking assignment matched destroyed target (targetID=84, eventWatcher=5)
[0402-close] no active tracking assignment matched destroyed target (targetID=85, eventWatcher=4)
[0402-close] no active tracking assignment matched destroyed target (targetID=86, eventWatcher=4)
[0402-close] no active tracking assignment matched destroyed target (targetID=87, eventWatcher=5)
[0402-close] no active tracking assignment matched destroyed target (targetID=88, eventWatcher=6)
[0402-close] no active tracking assignment matched destroyed target (targetID=89, eventWatcher=5)
[0402-close] no active tracking assignment matched destroyed target (targetID=90, eventWatcher=6)
[0402-close] no active tracking assignment matched destroyed target (targetID=91, eventWatcher=5)
[0402-close] no active tracking assignment matched destroyed target (targetID=92, eventWatcher=5)
[0402-close] no active tracking assignment matched destroyed target (targetID=93, eventWatcher=4)
[0402-close] no active tracking assignment matched destroyed target (targetID=94, eventWatcher=5)
[0402-close] no active tracking assignment matched destroyed target (targetID=96, eventWatcher=6)
[0402-close] no active tracking assignment matched destroyed target (targetID=97, eventWatcher=5)
[0402-close] no active tracking assignment matched destroyed target (targetID=98, eventWatcher=5)
[0402-close] no active tracking assignment matched destroyed target (targetID=99, eventWatcher=5)
[0402-close] no active tracking assignment matched destroyed target (targetID=100, eventWatcher=4)
[0402-close] no active tracking assignment matched destroyed target (targetID=101, eventWatcher=5)
[0402-close] no active tracking assignment matched destroyed target (targetID=102, eventWatcher=5)
[0402-close] no active tracking assignment matched destroyed target (targetID=77, eventWatcher=4)
[0402-close] no active tracking assignment matched destroyed target (targetID=78, eventWatcher=6)
[0402-close] no active tracking assignment matched destroyed target (targetID=79, eventWatcher=5)
[0402-close] no active tracking assignment matched destroyed target (targetID=80, eventWatcher=5)
[0402-close] no active tracking assignment matched destroyed target (targetID=81, eventWatcher=4)
[0402-close] no active tracking assignment matched destroyed target (targetID=82, eventWatcher=5)
[0402-close] no active tracking assignment matched destroyed target (targetID=83, eventWatcher=5)
[0402-close] no active tracking assignment matched destroyed target (targetID=84, eventWatcher=5)
[0402-close] no active tracking assignment matched destroyed target (targetID=85, eventWatcher=4)
[0402-close] no active tracking assignment matched destroyed target (targetID=86, eventWatcher=4)
[0402-close] no active tracking assignment matched destroyed target (targetID=87, eventWatcher=5)
[0402-close] no active tracking assignment matched destroyed target (targetID=88, eventWatcher=6)
[0402-close] no active tracking assignment matched destroyed target (targetID=89, eventWatcher=5)
[0402-close] no active tracking assignment matched destroyed target (targetID=90, eventWatcher=6)
[0402-close] no active tracking assignment matched destroyed target (targetID=91, eventWatcher=5)
[0402-close] no active tracking assignment matched destroyed target (targetID=92, eventWatcher=5)
[0402-close] no active tracking assignment matched destroyed target (targetID=93, eventWatcher=4)
[0402-close] no active tracking assignment matched destroyed target (targetID=94, eventWatcher=5)
[0402-close] no active tracking assignment matched destroyed target (targetID=96, eventWatcher=6)
[0402-close] no active tracking assignment matched destroyed target (targetID=97, eventWatcher=5)
[0402-close] no active tracking assignment matched destroyed target (targetID=98, eventWatcher=5)
[0402-close] no active tracking assignment matched destroyed target (targetID=99, eventWatcher=5)
[0402-close] no active tracking assignment matched destroyed target (targetID=100, eventWatcher=4)
[0402-close] no active tracking assignment matched destroyed target (targetID=101, eventWatcher=5)
[0402-close] no active tracking assignment matched destroyed target (targetID=102, eventWatcher=5)
[0402-close] no active tracking assignment matched destroyed target (targetID=77, eventWatcher=4)
[0402-close] no active tracking assignment matched destroyed target (targetID=78, eventWatcher=6)
[0402-close] no active tracking assignment matched destroyed target (targetID=79, eventWatcher=5)
[0402-close] no active tracking assignment matched destroyed target (targetID=80, eventWatcher=5)
[0402-close] no active tracking assignment matched destroyed target (targetID=81, eventWatcher=4)
[0402-close] no active tracking assignment matched destroyed target (targetID=82, eventWatcher=5)
[0402-close] no active tracking assignment matched destroyed target (targetID=83, eventWatcher=5)
[0402-close] no active tracking assignment matched destroyed target (targetID=84, eventWatcher=5)
[0402-close] no active tracking assignment matched destroyed target (targetID=85, eventWatcher=4)
[0402-close] no active tracking assignment matched destroyed target (targetID=86, eventWatcher=4)
[0402-close] no active tracking assignment matched destroyed target (targetID=87, eventWatcher=5)
[0402-close] no active tracking assignment matched destroyed target (targetID=88, eventWatcher=6)
[0402-close] no active tracking assignment matched destroyed target (targetID=89, eventWatcher=5)
[0402-close] no active tracking assignment matched destroyed target (targetID=90, eventWatcher=6)
[0402-close] no active tracking assignment matched destroyed target (targetID=91, eventWatcher=5)
[0402-close] no active tracking assignment matched destroyed target (targetID=92, eventWatcher=5)
[0402-close] no active tracking assignment matched destroyed target (targetID=93, eventWatcher=4)
[0402-close] no active tracking assignment matched destroyed target (targetID=94, eventWatcher=5)
[0402-close] no active tracking assignment matched destroyed target (targetID=96, eventWatcher=6)
[0402-close] no active tracking assignment matched destroyed target (targetID=97, eventWatcher=5)
[0402-close] no active tracking assignment matched destroyed target (targetID=98, eventWatcher=5)
[0402-close] no active tracking assignment matched destroyed target (targetID=99, eventWatcher=5)
[0402-close] no active tracking assignment matched destroyed target (targetID=100, eventWatcher=4)
[0402-close] no active tracking assignment matched destroyed target (targetID=101, eventWatcher=5)
[0402-close] no active tracking assignment matched destroyed target (targetID=102, eventWatcher=5)
[0402-close] no active tracking assignment matched destroyed target (targetID=77, eventWatcher=4)
[0402-close] no active tracking assignment matched destroyed target (targetID=78, eventWatcher=6)
[0402-close] no active tracking assignment matched destroyed target (targetID=79, eventWatcher=5)
[0402-close] no active tracking assignment matched destroyed target (targetID=80, eventWatcher=5)
[0402-close] no active tracking assignment matched destroyed target (targetID=81, eventWatcher=4)
[0402-close] no active tracking assignment matched destroyed target (targetID=82, eventWatcher=5)
[0402-close] no active tracking assignment matched destroyed target (targetID=83, eventWatcher=5)
[0402-close] no active tracking assignment matched destroyed target (targetID=84, eventWatcher=5)
[0402-close] no active tracking assignment matched destroyed target (targetID=85, eventWatcher=4)
[0402-close] no active tracking assignment matched destroyed target (targetID=86, eventWatcher=4)
[0402-close] no active tracking assignment matched destroyed target (targetID=87, eventWatcher=5)
[0402-close] no active tracking assignment matched destroyed target (targetID=88, eventWatcher=6)
[0402-close] no active tracking assignment matched destroyed target (targetID=89, eventWatcher=5)
[0402-close] no active tracking assignment matched destroyed target (targetID=90, eventWatcher=6)
[0402-close] no active tracking assignment matched destroyed target (targetID=91, eventWatcher=5)
[0402-close] no active tracking assignment matched destroyed target (targetID=92, eventWatcher=5)
[0402-close] no active tracking assignment matched destroyed target (targetID=93, eventWatcher=4)
[0402-close] no active tracking assignment matched destroyed target (targetID=94, eventWatcher=5)
[0402-close] no active tracking assignment matched destroyed target (targetID=96, eventWatcher=6)
[0402-close] no active tracking assignment matched destroyed target (targetID=97, eventWatcher=5)
[0402-close] no active tracking assignment matched destroyed target (targetID=98, eventWatcher=5)
[0402-close] no active tracking assignment matched destroyed target (targetID=99, eventWatcher=5)
[0402-close] no active tracking assignment matched destroyed target (targetID=100, eventWatcher=4)
[0402-close] no active tracking assignment matched destroyed target (targetID=101, eventWatcher=5)
[0402-close] no active tracking assignment matched destroyed target (targetID=102, eventWatcher=5)
[0402-close] no active tracking assignment matched destroyed target (targetID=77, eventWatcher=4)
[0402-close] no active tracking assignment matched destroyed target (targetID=78, eventWatcher=6)
[0402-close] no active tracking assignment matched destroyed target (targetID=79, eventWatcher=5)
[0402-close] no active tracking assignment matched destroyed target (targetID=80, eventWatcher=5)
[0402-close] no active tracking assignment matched destroyed target (targetID=81, eventWatcher=4)
[0402-close] no active tracking assignment matched destroyed target (targetID=82, eventWatcher=5)
[0402-close] no active tracking assignment matched destroyed target (targetID=83, eventWatcher=5)
[0402-close] no active tracking assignment matched destroyed target (targetID=84, eventWatcher=5)
[0402-close] no active tracking assignment matched destroyed target (targetID=85, eventWatcher=4)
[0402-close] no active tracking assignment matched destroyed target (targetID=86, eventWatcher=4)
[0402-close] no active tracking assignment matched destroyed target (targetID=87, eventWatcher=5)
[0402-close] no active tracking assignment matched destroyed target (targetID=88, eventWatcher=6)
[0402-close] no active tracking assignment matched destroyed target (targetID=89, eventWatcher=5)
[0402-close] no active tracking assignment matched destroyed target (targetID=90, eventWatcher=6)
[0402-close] no active tracking assignment matched destroyed target (targetID=91, eventWatcher=5)
[0402-close] no active tracking assignment matched destroyed target (targetID=92, eventWatcher=5)
[0402-close] no active tracking assignment matched destroyed target (targetID=93, eventWatcher=4)
[0402-close] no active tracking assignment matched destroyed target (targetID=94, eventWatcher=5)
[0402-close] no active tracking assignment matched destroyed target (targetID=96, eventWatcher=6)
[0402-close] no active tracking assignment matched destroyed target (targetID=97, eventWatcher=5)
[0402-close] no active tracking assignment matched destroyed target (targetID=98, eventWatcher=5)
[0402-close] no active tracking assignment matched destroyed target (targetID=99, eventWatcher=5)
[0402-close] no active tracking assignment matched destroyed target (targetID=100, eventWatcher=4)
[0402-close] no active tracking assignment matched destroyed target (targetID=101, eventWatcher=5)
[0402-close] no active tracking assignment matched destroyed target (targetID=102, eventWatcher=5)
[0402-close] no active tracking assignment matched destroyed target (targetID=77, eventWatcher=4)
[0402-close] no active tracking assignment matched destroyed target (targetID=78, eventWatcher=6)
[0402-close] no active tracking assignment matched destroyed target (targetID=79, eventWatcher=5)
[0402-close] no active tracking assignment matched destroyed target (targetID=80, eventWatcher=5)
[0402-close] no active tracking assignment matched destroyed target (targetID=81, eventWatcher=4)
[0402-close] no active tracking assignment matched destroyed target (targetID=82, eventWatcher=5)
[0402-close] no active tracking assignment matched destroyed target (targetID=83, eventWatcher=5)
[0402-close] no active tracking assignment matched destroyed target (targetID=84, eventWatcher=5)
[0402-close] no active tracking assignment matched destroyed target (targetID=85, eventWatcher=4)
[0402-close] no active tracking assignment matched destroyed target (targetID=86, eventWatcher=4)
[0402-close] no active tracking assignment matched destroyed target (targetID=87, eventWatcher=5)
[0402-close] no active tracking assignment matched destroyed target (targetID=88, eventWatcher=6)
[0402-close] no active tracking assignment matched destroyed target (targetID=89, eventWatcher=5)
[0402-close] no active tracking assignment matched destroyed target (targetID=90, eventWatcher=6)
[0402-close] no active tracking assignment matched destroyed target (targetID=91, eventWatcher=5)
[0402-close] no active tracking assignment matched destroyed target (targetID=92, eventWatcher=5)
[0402-close] no active tracking assignment matched destroyed target (targetID=93, eventWatcher=4)
[0402-close] no active tracking assignment matched destroyed target (targetID=94, eventWatcher=5)
[0402-close] no active tracking assignment matched destroyed target (targetID=96, eventWatcher=6)
[0402-close] no active tracking assignment matched destroyed target (targetID=97, eventWatcher=5)
[0402-close] no active tracking assignment matched destroyed target (targetID=98, eventWatcher=5)
[0402-close] no active tracking assignment matched destroyed target (targetID=99, eventWatcher=5)
[0402-close] no active tracking assignment matched destroyed target (targetID=100, eventWatcher=4)
[0402-close] no active tracking assignment matched destroyed target (targetID=101, eventWatcher=5)
[0402-close] no active tracking assignment matched destroyed target (targetID=102, eventWatcher=5)
[0402-close] no active tracking assignment matched destroyed target (targetID=77, eventWatcher=4)
[0402-close] no active tracking assignment matched destroyed target (targetID=78, eventWatcher=6)
[0402-close] no active tracking assignment matched destroyed target (targetID=79, eventWatcher=5)
[0402-close] no active tracking assignment matched destroyed target (targetID=80, eventWatcher=5)
[0402-close] no active tracking assignment matched destroyed target (targetID=81, eventWatcher=4)
[0402-close] no active tracking assignment matched destroyed target (targetID=82, eventWatcher=5)
[0402-close] no active tracking assignment matched destroyed target (targetID=83, eventWatcher=5)
[0402-close] no active tracking assignment matched destroyed target (targetID=84, eventWatcher=5)
[0402-close] no active tracking assignment matched destroyed target (targetID=85, eventWatcher=4)
[0402-close] no active tracking assignment matched destroyed target (targetID=86, eventWatcher=4)
[0402-close] no active tracking assignment matched destroyed target (targetID=87, eventWatcher=5)
[0402-close] no active tracking assignment matched destroyed target (targetID=88, eventWatcher=6)
[0402-close] no active tracking assignment matched destroyed target (targetID=89, eventWatcher=5)
[0402-close] no active tracking assignment matched destroyed target (targetID=90, eventWatcher=6)
[0402-close] no active tracking assignment matched destroyed target (targetID=91, eventWatcher=5)
[0402-close] no active tracking assignment matched destroyed target (targetID=92, eventWatcher=5)
[0402-close] no active tracking assignment matched destroyed target (targetID=93, eventWatcher=4)
[0402-close] no active tracking assignment matched destroyed target (targetID=94, eventWatcher=5)
[0402-close] no active tracking assignment matched destroyed target (targetID=96, eventWatcher=6)
[0402-close] no active tracking assignment matched destroyed target (targetID=97, eventWatcher=5)
[0402-close] no active tracking assignment matched destroyed target (targetID=98, eventWatcher=5)
[0402-close] no active tracking assignment matched destroyed target (targetID=99, eventWatcher=5)
[0402-close] no active tracking assignment matched destroyed target (targetID=100, eventWatcher=4)
[0402-close] no active tracking assignment matched destroyed target (targetID=101, eventWatcher=5)
[0402-close] no active tracking assignment matched destroyed target (targetID=102, eventWatcher=5)
[0402-close] attack target destroyed -> post-attack rejoin request queued (targetID=103, trackingAircraft=[5])
[RQUEUE] dispatching #33 공격 후 복귀: 표적103 격파 후 복귀
[0902] replan request sent (level=2, reason=표적103 격파 후 복귀, planIds=700000067)
[RQUEUE] active #33 공격 후 복귀: 표적103 격파 후 복귀
[RQUEUE] signal 0305 -> #33 재계획 수행중
[RQUEUE] signal 0305 -> #33 재계획 산출 완료
[QUALITY] startup grace armed (missionPlanID=700000067, duration=10.0s)
[RQUEUE] completed #33 공격 후 복귀: 표적103 격파 후 복귀 (수행임무 갱신, signal=0903, active_ms=5920)
[RealTimeInferrer] Loading/Reloading Mission Plan: C:\Users\TRL98\Desktop\LAH_MUMT\Logs\Scenario_2026-05-21T132543\SBC3\MissionPlan\700000067.json
Updated Mission Context: torch.Size([384])
[0401TRACE] handler slow seq=3312 elapsed=0.313s ts=832654303415 states=6
[0501] heartbeat failover send active
[0401TRACE] handler slow seq=3314 elapsed=0.303s ts=832654304242 states=6
[0401TRACE] handler slow seq=3316 elapsed=0.337s ts=832654305057 states=6
[0401TRACE] slow phase=area_tab elapsed=0.156s seq=3323
[0401TRACE] handler slow seq=3323 elapsed=0.316s ts=832654307416 states=6
[0402-close] no active tracking assignment matched destroyed target (targetID=77, eventWatcher=4)
[0402-close] no active tracking assignment matched destroyed target (targetID=78, eventWatcher=6)
[0402-close] no active tracking assignment matched destroyed target (targetID=79, eventWatcher=5)
[0402-close] no active tracking assignment matched destroyed target (targetID=80, eventWatcher=5)
[0402-close] no active tracking assignment matched destroyed target (targetID=81, eventWatcher=4)
[0402-close] no active tracking assignment matched destroyed target (targetID=82, eventWatcher=5)
[0402-close] no active tracking assignment matched destroyed target (targetID=83, eventWatcher=5)
[0402-close] no active tracking assignment matched destroyed target (targetID=84, eventWatcher=5)
[0402-close] no active tracking assignment matched destroyed target (targetID=85, eventWatcher=4)
[0402-close] no active tracking assignment matched destroyed target (targetID=86, eventWatcher=4)
[0402-close] no active tracking assignment matched destroyed target (targetID=87, eventWatcher=5)
[0402-close] no active tracking assignment matched destroyed target (targetID=88, eventWatcher=6)
[0402-close] no active tracking assignment matched destroyed target (targetID=89, eventWatcher=5)
[0402-close] no active tracking assignment matched destroyed target (targetID=90, eventWatcher=6)
[0402-close] no active tracking assignment matched destroyed target (targetID=91, eventWatcher=5)
[0402-close] no active tracking assignment matched destroyed target (targetID=92, eventWatcher=5)
[0402-close] no active tracking assignment matched destroyed target (targetID=93, eventWatcher=4)
[0402-close] no active tracking assignment matched destroyed target (targetID=94, eventWatcher=5)
[0402-close] no active tracking assignment matched destroyed target (targetID=96, eventWatcher=6)
[0402-close] no active tracking assignment matched destroyed target (targetID=97, eventWatcher=5)
[0402-close] no active tracking assignment matched destroyed target (targetID=98, eventWatcher=5)
[0402-close] no active tracking assignment matched destroyed target (targetID=99, eventWatcher=5)
[0402-close] no active tracking assignment matched destroyed target (targetID=100, eventWatcher=4)
[0402-close] no active tracking assignment matched destroyed target (targetID=101, eventWatcher=5)
[0402-close] no active tracking assignment matched destroyed target (targetID=102, eventWatcher=5)
[0402-close] no active tracking assignment matched destroyed target (targetID=103, eventWatcher=5)
[0001] notice sent: 무인기 1번 고장
[0001] notice sent: 무인기 2번 고장
[0001] notice sent: 무인기 3번 고장
[0401] unavailable replan pending (무인기 1번, aircraftID=4, trigger=abnormalHealthUnavailable, cause=health, hold=55.0s)
[0401] unavailable replan pending (무인기 2번, aircraftID=5, trigger=abnormalHealthUnavailable, cause=health, hold=55.0s)
[0401] unavailable replan pending (무인기 3번, aircraftID=6, trigger=abnormalHealthUnavailable, cause=health, hold=55.0s)
[0001] notice sent: 0004 무인기 고장 재계획 45초
[0001] notice sent: 0005 무인기 고장 재계획 45초
[0001] notice sent: 0006 무인기 고장 재계획 45초
[0001] notice sent: 0004 무인기 고장 재계획 35초
[0001] notice sent: 0005 무인기 고장 재계획 35초
[0001] notice sent: 0006 무인기 고장 재계획 35초
[0001] notice sent: 0004 무인기 고장 재계획 25초
[0001] notice sent: 0005 무인기 고장 재계획 25초
[0001] notice sent: 0006 무인기 고장 재계획 25초
[0001] notice sent: 0004 무인기 고장 재계획 15초
[0001] notice sent: 0005 무인기 고장 재계획 15초
[0001] notice sent: 0006 무인기 고장 재계획 15초
[0001] notice sent: 0004 무인기 고장 재계획 05초
[0001] notice sent: 0005 무인기 고장 재계획 05초
[0001] notice sent: 0006 무인기 고장 재계획 05초
[0401] unavailable replan prepared (무인기 1번, aircraftID=4, trigger=abnormalHealthUnavailable, cause=health)
[0401] unavailable replan prepared (무인기 2번, aircraftID=5, trigger=abnormalHealthUnavailable, cause=health)
[0401] unavailable replan prepared (무인기 3번, aircraftID=6, trigger=abnormalHealthUnavailable, cause=health)
[RQUEUE] dispatching #34 RTB: 무인기 1번 고장 재계획
[RQUEUE] queued #35 RTB: 무인기 2번 고장 재계획
[RQUEUE] queued #36 RTB: 무인기 3번 고장 재계획
[0401TRACE] slow phase=rtb_coord elapsed=0.157s seq=3887
[0401TRACE] handler slow seq=3887 elapsed=0.380s ts=832654459613 states=6
[0902] replan request sent (level=1, reason=무인기 1번 고장 재계획, planIds=700000068, 700000069, 700000070)
[RQUEUE] active #34 RTB: 무인기 1번 고장 재계획
[RQUEUE] signal 0305 -> #34 재계획 수행중
[0401TRACE] slow phase=turn_tab elapsed=0.184s seq=3911
[0501] heartbeat failover send active
[0401TRACE] handler slow seq=3911 elapsed=0.345s ts=832654468012 states=6
[0401TRACE] slow phase=turn_tab elapsed=0.176s seq=3932
[0401TRACE] handler slow seq=3932 elapsed=0.330s ts=832654475410 states=6
[RQUEUE] signal 0701 -> #34 옵션 정보 전송
[RQUEUE] signal 0305 -> #34 재계획 산출 완료
[RQUEUE] completed #34 RTB: 무인기 1번 고장 재계획 (시간 초과, signal=timeout, active_ms=45330)
[RQUEUE] dispatching #35 RTB: 무인기 2번 고장 재계획
[0902] replan request sent (level=1, reason=무인기 2번 고장 재계획, planIds=700000071, 700000072, 700000073)
[RQUEUE] active #35 RTB: 무인기 2번 고장 재계획
[RQUEUE] signal 0305 -> #35 재계획 수행중
[0401TRACE] slow phase=turn_tab elapsed=0.175s seq=4056
[0401TRACE] handler slow seq=4056 elapsed=0.336s ts=832654513418 states=6
[0401TRACE] slow phase=turn_tab elapsed=0.199s seq=4078
[0401TRACE] handler slow seq=4078 elapsed=0.367s ts=832654520814 states=6
[RQUEUE] signal 0701 -> #35 옵션 정보 전송
[RQUEUE] signal 0305 -> #35 재계획 산출 완료
[RQUEUE] completed #35 RTB: 무인기 2번 고장 재계획 (시간 초과, signal=timeout, active_ms=45484)
[RQUEUE] dispatching #36 RTB: 무인기 3번 고장 재계획
[0902] replan request sent (level=1, reason=무인기 3번 고장 재계획, planIds=700000074, 700000075, 700000076)
[RQUEUE] active #36 RTB: 무인기 3번 고장 재계획
[RQUEUE] signal 0305 -> #36 재계획 수행중
[0401TRACE] slow phase=turn_tab elapsed=0.198s seq=4196
[0401TRACE] handler slow seq=4196 elapsed=0.351s ts=832654559448 states=6
[0401TRACE] slow phase=turn_tab elapsed=0.158s seq=4214
[0401TRACE] handler slow seq=4214 elapsed=0.322s ts=832654566616 states=6
[0401TRACE] slow phase=dl_update elapsed=0.230s seq=4218
[0401TRACE] handler slow seq=4218 elapsed=0.462s ts=832654568417 states=6
[0501] heartbeat skipped: push lock busy
[RQUEUE] signal 0701 -> #36 옵션 정보 전송
[RQUEUE] signal 0305 -> #36 재계획 산출 완료
[RQUEUE] completed #36 RTB: 무인기 3번 고장 재계획 (시간 초과, signal=timeout, active_ms=45475)

[2026-05-21 13:57:01] process-log attached: monitoring
[PATH] DB root -> C:\Users\TRL98\Desktop\LAH_MUMT\Logs\Scenario_2026-05-21T132543\SBC3
[CTRL] listener started @ 127.0.0.1:45982
[DL] DNN inferrer initialized
[DL] realtime status -> NO_DATA
[0102] status=1 sent
