2026-05-21T04:05:06.817659Z [PATH] DB root changed: C:\Users\LAHMUMT_2\Desktop\DSS_KU\Logs\Scenario_2026-05-21T125649\SBC3 -> C:\Users\LAHMUMT_2\Desktop\DSS_KU\Logs\Scenario_2026-05-21T130506\SBC3
2026-05-21T04:05:06.817659Z [LOG] Mission planning log rebound: C:\Users\LAHMUMT_2\Desktop\DSS_KU\Logs\Scenario_2026-05-21T130506\SBC3\DSS_Internal\mission_planning_gui_20260521T040506_816659Z.log
2026-05-21T04:05:07.007208Z [MODE] 슬라이더 변경 → 대기모드
2026-05-21T04:05:07.008345Z [0101/POLL] 모드 동기화 code=1
2026-05-21T04:05:09.768096Z [MODE] 슬라이더 변경 → 초기 임무 계획
2026-05-21T04:05:09.769097Z [0101/POLL] 모드 동기화 code=2
2026-05-21T04:05:09.848624Z [REPLAN][TIME] 0902_received_ms=0.0 wall_ms=1779336309848 trigger=general_or_unknown replanLevel=1 optionCount=1 forceDirect=0
2026-05-21T04:05:09.849625Z [REPLAN][TIME] 0902_archived_ms=0.7 wall_ms=1779336309849 path=replan_request_832651509828.json
2026-05-21T04:05:09.849625Z [AUTO] 0902 received (planIds=700000001)
2026-05-21T04:05:09.849625Z [REPLAN][TIME] pipeline_scheduled_ms=1.3 wall_ms=1779336309849 delay_ms=100
2026-05-21T04:05:09.849625Z [AUTO] replan pipeline scheduled after 0.1s delay
2026-05-21T04:05:09.961911Z [REPLAN][TIME] scheduled_start_ms=113.1 wall_ms=1779336309961
2026-05-21T04:05:09.970913Z [REPLAN][TIME] 0305_status_1_ms=121.9 wall_ms=1779336309969 reason=초기임무재계획
2026-05-21T04:05:09.971913Z [0305] status=1, reason=초기임무재계획 전송
2026-05-21T04:05:09.973911Z [STEP 0] Replan pipeline start (reason=초기임무재계획)
2026-05-21T04:05:09.974913Z [INFO] UAV params loaded (cruise=40.00, turn_step=15.0)
2026-05-21T04:05:09.974913Z [INFO] Latest input snapshot → 0201:ID=-,ts=-,src=-, 0203:ID=-,ts=-,src=-
2026-05-21T04:05:09.974913Z [INFO] Fallback 0201 file selected: 1.json
2026-05-21T04:05:09.975912Z [INFO] Fallback 0203 file selected: 1.json
2026-05-21T04:05:09.983925Z [CHECK] 0201/0203 필수 데이터 확인 시작
2026-05-21T04:05:09.983925Z [OK] 0201 inputMissionList 확인됨 (count=3) → 진행
2026-05-21T04:05:09.984926Z [OK] 0201 availableAircraftList 확인됨 (count=6) → 진행
2026-05-21T04:05:09.984926Z [OK] 0201 inputMissionPackageType=1 확인
2026-05-21T04:05:09.985926Z [OK] 0201 mainSensor=1 확인
2026-05-21T04:05:09.985926Z [CHECK] 0201 기체 수=6 (UAV=3, LAH=3)
2026-05-21T04:05:09.985926Z [CHECK] 0201 임무: total=3 missingID=0 missingDetail=0 missingShape=0 unknownType=0 typeZeroAuto=0 typeZeroInvalid=0 lineOnlyViolation=0 skippedSinglePoint=0
2026-05-21T04:05:09.986928Z [OK] 0203 takeOverInfoList 확인됨 (count=3) → 진행
2026-05-21T04:05:09.986928Z [OK] 0203 handOverInfoList 확인됨 (count=3) → 진행
2026-05-21T04:05:09.986928Z [OK] 0203 flightAreaList 확인됨 (count=1) → 진행
2026-05-21T04:05:09.987926Z [CHECK] 0203 flightAreaList count=1
2026-05-21T04:05:09.987926Z [INFO] Filtered completed input missions (removed=1, converted=-, widthAdjusted=-, skippedSinglePoint=-, snapshot=-, collapse=-)
2026-05-21T04:05:09.988926Z [variant 1] 일반 재계획 모드 적용
2026-05-21T04:05:09.988926Z [REPLAN][TIME] variant_started_ms=140.3 wall_ms=1779336309988 variant=1 option=1 mode=sequential
2026-05-21T04:05:09.989927Z [STEP 1.1] Divide & Pattern start
2026-05-21T04:05:09.994929Z [variant 1] [ENHANCED][1] split start: uavs=[4, 5, 6]
2026-05-21T04:05:09.998928Z [variant 1] [ENHANCED][1] split done: pieces=6
2026-05-21T04:05:10.030434Z [variant 1] [ENHANCED][2] type-decider done: profile=6 changed=6/6
2026-05-21T04:05:10.068076Z [variant 1] [ENHANCED][3] expected-path done: count=6
2026-05-21T04:05:10.068076Z [variant 1] [ENHANCED][4] area-review done: overflow=0 targets=0 pieces=6->6
2026-05-21T04:05:10.106035Z [variant 1] [ENHANCED][5] expected-velocity done: pieces=6 dbRows=7010
2026-05-21T04:05:10.191637Z [variant 1] [ENHANCED][6] 0302 export done: files=6
2026-05-21T04:05:10.192638Z [variant 1] [ENHANCED] total=202.8 ms
2026-05-21T04:05:10.192638Z [TIME] divide_and_pattern (variant=1): 202.8 ms
2026-05-21T04:05:10.193639Z [OK] IMP generated: 6 file(s) (variant=1)
2026-05-21T04:05:10.202688Z [TIME] build_0301+load (variant=1): 9.1 ms
2026-05-21T04:05:10.203689Z [OK] MissionPlan built: MissionPlan_1779336310191.json (variant=1)
2026-05-21T04:05:10.204688Z [TIME] collect_missions (variant=1): 3.4 ms, count=12
2026-05-21T04:05:10.247197Z [TIME] pathID_mapping (variant=1): 43.0 ms
2026-05-21T04:05:10.248199Z [INFO] pathID mapping done for 0302/0303/0304 (variant=1)
2026-05-21T04:05:11.478401Z [INFO] FlightPath build mode (variant=1): 0303=aircraft_parallel workers=2 aircraft=3, 0304=sequential
2026-05-21T04:05:11.478401Z [REPLAN][METRIC] flightpath_build_0303 variant=1 option=1 recon=0 mode=sequential buildMode=aircraft_parallel workers=2 aircraft=3 paths=6 reassignedWaypoints=12 elapsed_ms=1219.470 fallback=- worker_ms=4:985.241|5:827.783|6:322.414
2026-05-21T04:05:11.478401Z [INFO] FlightPath build time: 0303=1219.5 ms, 0304=13.1 ms
2026-05-21T04:05:11.478401Z [INFO] Applied LAH-UAV ETA follow speed plan (variant=1)
2026-05-21T04:05:11.478401Z [OK] FlightPath counts (variant=1): 0303=6 / 0304=6
2026-05-21T04:05:11.478401Z [REPLAN][METRIC] flightpath_counts variant=1 option=1 recon=0 mode=sequential paths0303=6 paths0304=6 pathsTotal=12 waypoints0303=12 waypoints0304=12 waypointsTotal=24 maxWaypointsPerPath=2 emptyPaths=0 formationPaths=0
2026-05-21T04:05:11.507141Z [TIME] build_0302 (variant=1): 20.3 ms, packages=6
2026-05-21T04:05:11.508256Z [INFO] FlightPath individualMissionID synced (variant=1): fixed=12
2026-05-21T04:05:11.511114Z [TIME] write_0302 (variant=1): 6.2 ms, files=6
2026-05-21T04:05:11.542837Z [TIME] write_FlightPath (variant=1): 24.6 ms, files=12
2026-05-21T04:05:11.542837Z [REPLAN][METRIC] flightpath_write variant=1 option=1 recon=0 mode=sequential files0303=6 files0304=6 filesTotal=12 write_ms=24.596
2026-05-21T04:05:11.542837Z [TIME] write_0301 (variant=1): 1.2 ms
2026-05-21T04:05:11.542837Z [OK] Stored variant 1: MissionPlanID=700000001, IMP=6, FlightPath=12
2026-05-21T04:05:11.542837Z [REPLAN][TIME] variant_finished_ms=1696.6 wall_ms=1779336311542 variant=1 option=1 mode=sequential status=success duration_ms=1556.27
2026-05-21T04:05:11.542837Z [TIME] variant_total (variant=1): 1556.3 ms
2026-05-21T04:05:11.542837Z [INFO] Option mapping #1: planID=700000001, optionCode=1(시스템 추천)
2026-05-21T04:05:11.542837Z [OK] Stored mission data: MissionPlan=1, IndividualMission=6, FlightPath=12
2026-05-21T04:05:11.542837Z [REPLAN][TIME] id_tab_update_deferred_ms=1698.8 wall_ms=1779336311542
2026-05-21T04:05:11.542837Z [REPLAN][TIME] pipeline_done_ms=1698.8 wall_ms=1779336311542 plans=1 force_direct=False
2026-05-21T04:05:11.542837Z [REPLAN][TIME] 0301_queued_ms=1698.8 wall_ms=1779336311542 plans=1
2026-05-21T04:05:11.542837Z [STEP 4] 0301 push queued (planIds=700000001)
2026-05-21T04:05:11.542837Z [0301] missionPlanID=700000001 전송
2026-05-21T04:05:11.542837Z [PUSH] 0301 direct batch send
2026-05-21T04:05:11.542837Z [REPLAN][TIME] 0301_sent_ms=1706.9 wall_ms=1779336311542 plans=1
2026-05-21T04:05:11.556104Z [REPLAN][TIME] post_0301_delivery_queued_ms=1707.4 wall_ms=1779336311556 grace_ms=0 timeout_ms=20 force_direct=0 mode=option_or_0901
2026-05-21T04:05:11.556104Z [INFO] Post-0301 apply queued (mode=option_or_0901, grace=0ms, timeout=20ms, plans=1)
2026-05-21T04:05:11.556104Z [REPLAN][TIME] 0305_status_2_ms=1708.9 wall_ms=1779336311556 reason=초기임무재계획
2026-05-21T04:05:11.556104Z [0305] status=2, reason=초기임무재계획, elapsed=1.59s 전송
2026-05-21T04:05:11.556104Z [REPLAN][TIME] post_0301_completion_ready_ms=1709.6 wall_ms=1779336311556 mode=option_or_0901
2026-05-21T04:05:11.556104Z [REPLAN][METRIC] source_artifact_cache entries=8 hits=0 misses=8
2026-05-21T04:05:11.588078Z [INFO] Post-0301 ready (timeout) -> sending 0903
2026-05-21T04:05:11.588078Z [REPLAN][TIME] post_0301_flushed_ms=1740.3 wall_ms=1779336311588 delivery=0903 trigger=timeout plans=1
2026-05-21T04:05:11.588078Z [REPLAN][TIME] id_tab_update_flushed_ms=1740.7 wall_ms=1779336311588
2026-05-21T04:05:11.698845Z [REPLAN][TIME] 0903_sent_ms=1857.6 wall_ms=1779336311698 missionPlanID=700000001
2026-05-21T04:05:11.698845Z [0903] request sent (missionPlanID=700000001)
2026-05-21T04:05:14.527760Z [MODE] 슬라이더 변경 → 임무 수행
2026-05-21T04:05:14.529079Z [0101/POLL] 모드 동기화 code=3
2026-05-21T04:05:23.718557Z [REPLAN][TIME] 0902_received_ms=0.1 wall_ms=1779336323718 trigger=attack_2_option replanLevel=2 optionCount=2 forceDirect=0
2026-05-21T04:05:23.719560Z [REPLAN][TIME] 0902_archived_ms=0.8 wall_ms=1779336323719 path=replan_request_832651522561.json
2026-05-21T04:05:23.719560Z [AUTO] 0902 received (planIds=700000002, 700000003)
2026-05-21T04:05:23.719560Z [REPLAN][TIME] pipeline_scheduled_ms=1.5 wall_ms=1779336323719 delay_ms=0
2026-05-21T04:05:23.720557Z [REPLAN][TIME] scheduled_start_ms=2.1 wall_ms=1779336323720
2026-05-21T04:05:23.721557Z [REPLAN][TIME] 0305_status_1_ms=2.9 wall_ms=1779336323721 reason=표적7 발견 재계획
2026-05-21T04:05:23.721557Z [0305] status=1, reason=표적7 발견 재계획 전송
2026-05-21T04:05:23.724557Z [STEP 0] Replan pipeline start (reason=표적7 발견 재계획)
2026-05-21T04:05:23.724557Z [REPLAN][TIME] attack_exclusion_parallel_started_ms=6.0 wall_ms=1779336323724 option_index=2 sourcePlanID=700000001
2026-05-21T04:05:23.724557Z [ATTACK-EXCLUDE] parallel generation started (sourcePlanID=700000001, optionIndex=2)
2026-05-21T04:05:23.724557Z [ATTACK] 공격 특화 재계획 요청 감지 → 전용 파이프라인 실행
2026-05-21T04:05:23.733069Z [ATTACK] [TIME] select_manned_aircraft=9ms
2026-05-21T04:05:23.734069Z [ATTACK] STEP1 Selected manned aircraft: aircraft 2 (fuel=14.98731517791748, coord=(37.926570892333984, 128.1556854248047, alt=1761))
2026-05-21T04:05:23.736069Z [ATTACK] [TIME] load_target_entries=2ms
2026-05-21T04:05:23.736069Z [ATTACK] STEP2 UAV tracking summary: watcher 4?’target 7
2026-05-21T04:05:23.736069Z [ATTACK] STEP2.5 Using bundled 0402 targets: target=7 watcher=4
2026-05-21T04:05:23.738068Z [ATTACK] [ATTACK] Selected target id=7 type=2 weaponType=2 (preferred=2, ammo={'type1': 5, 'type2': 10, 'type3': 100})
2026-05-21T04:05:23.741067Z [ATTACK] [TIME] compute_attack_point=3ms
2026-05-21T04:05:23.742068Z [ATTACK] STEP3 Attack plan completed: lat=37.915149, lon=128.164458, alt=300m
2026-05-21T04:05:23.742068Z [ATTACK] [ATTACK] Using remembered waypoint 51 for watcher 4 while auto-tracking.
2026-05-21T04:05:23.745071Z [ATTACK] [ATTACK] Weapon choice aircraft=2 preferred=2 selected=2 ammo={'type1': 5, 'type2': 10, 'type3': 100}
2026-05-21T04:05:23.746073Z [ATTACK] [ATTACK][ETA] Tracking ETA computed with LAH max attack speed (dist=1485.0m, speed=73.61m/s, +30s) -> 50s
2026-05-21T04:05:23.747072Z [ATTACK] [ATTACK] Using requested missionPlanID 700000002 (sourcePlanID=700000001)
2026-05-21T04:05:23.749072Z [ATTACK] [ATTACK][POINT] Primary target adaptive standoff mode=far_projected_to_preferred_standoff currentDist=3485.0030025351625m candidateDist=2000.0000000005089m standoff=300.0/2000.0m.
2026-05-21T04:05:23.752074Z [ATTACK] [ATTACK][ETA] UAV 5 remaining mission time: 0.0s
2026-05-21T04:05:23.754072Z [ATTACK] [ATTACK][ETA] UAV 6 remaining mission time: 0.0s
2026-05-21T04:05:23.754072Z [ATTACK] [ATTACK][ETA] Non-tracking UAV ETA selected: UAV 5 with 0s remaining
2026-05-21T04:05:23.755072Z [ATTACK] [ATTACK][ETA] All tracking ETAs unified to 0s
2026-05-21T04:05:23.760334Z [ATTACK] [ATTACK][COLLAB] Remaining UAV entry lookahead applied: 9.0s (pathFollow=3, linearFallback=3, currentOnly=0)
2026-05-21T04:05:23.761335Z [ATTACK] [PRIOR] Falling back to first mission for aircraft 2 (current waypoint not found in plan).
2026-05-21T04:05:23.931854Z [ATTACK] [ATTACK][LAH] Using max attack speed 73.61m/s (265.0km/h) for aircraft 2.
2026-05-21T04:05:23.931854Z [ATTACK] [ATTACK][LAH] Inferred current waypoint from position -> 66.
2026-05-21T04:05:23.932857Z [ATTACK] [ATTACK][LAH] Dropped current waypoint from resume path (currentWP=66, nextWP=67).
2026-05-21T04:05:24.043625Z [ATTACK] [ATTACK][LAH] Preserved completed prefix, inserted attack, and reattached 1 follow-up mission(s).
2026-05-21T04:05:24.050625Z [ATTACK] [ATTACK][LAH] Generated attack/resume missions -> IMP:800000008.json PATHS:200000003.json/200000004.json (followUps=1)
2026-05-21T04:05:24.051624Z [ATTACK] [PRIOR] Falling back to first mission for aircraft 1 (current waypoint not found in plan).
2026-05-21T04:05:24.080139Z [ATTACK] [ATTACK][LAH] Inferred current waypoint from position -> 62.
2026-05-21T04:05:24.081138Z [ATTACK] [ATTACK][LAH] Dropped current waypoint from resume path (currentWP=62, nextWP=63).
2026-05-21T04:05:24.179701Z [ATTACK] [ATTACK][LAH] Preserved completed prefix, inserted hold, and reattached 1 follow-up mission(s).
2026-05-21T04:05:24.185706Z [ATTACK] [ATTACK][LAH] Generated hold/resume missions -> IMP:800000009.json PATHS:100000003.json/100000004.json (followUps=1)
2026-05-21T04:05:24.186706Z [ATTACK] [PRIOR] Falling back to first mission for aircraft 3 (current waypoint not found in plan).
2026-05-21T04:05:24.214218Z [ATTACK] [ATTACK][LAH] Inferred current waypoint from position -> 70.
2026-05-21T04:05:24.215218Z [ATTACK] [ATTACK][LAH] Dropped current waypoint from resume path (currentWP=70, nextWP=71).
2026-05-21T04:05:24.472108Z [ATTACK] [ATTACK][LAH] Preserved completed prefix, inserted hold, and reattached 1 follow-up mission(s).
2026-05-21T04:05:24.479133Z [ATTACK] [ATTACK][LAH] Generated hold/resume missions -> IMP:800000010.json PATHS:300000003.json/300000004.json (followUps=1)
2026-05-21T04:05:25.436518Z [ATTACK] [NEXTCOLLAB] division planner area-division pieces=2
2026-05-21T04:05:25.437887Z [ATTACK] [NEXTCOLLAB] division planner final workflow=no_split paths=2
2026-05-21T04:05:25.437887Z [ATTACK] [ATTACK][COLLAB] Collaborative replacement IMP written (aircraft=5, imp=800000012.json, missions=1).
2026-05-21T04:05:25.437887Z [ATTACK] [ATTACK][COLLAB] Collaborative replacement IMP written (aircraft=6, imp=800000013.json, missions=1).
2026-05-21T04:05:25.438886Z [ATTACK] [ATTACK][COLLAB] First sweep searchSpeed boosted (aircraft=5, pathID=500000003, waypointID=103, factor=1.30, old=851.80, new=1107.34).
2026-05-21T04:05:25.438886Z [ATTACK] [ATTACK][COLLAB] First sweep searchSpeed boosted (aircraft=6, pathID=600000003, waypointID=113, factor=1.30, old=893.86, new=1162.02).
2026-05-21T04:05:25.439886Z [ATTACK] [ATTACK][COLLAB] Collaborative remaining mission replanned (inputMissionID=2, unavailable=[4], remaining=[5, 6], workflow=no_split).
2026-05-21T04:05:25.498913Z [ATTACK] [ATTACK][UAV] Resume trimmed by currentWP (lastRemovedWP=50).
2026-05-21T04:05:25.513423Z [ATTACK] [ATTACK][UAV] Added replan anchor waypoint to done path (anchorWP=115).
2026-05-21T04:05:25.514421Z [ATTACK] [ATTACK][UAV] Resume sweep trim applied (cutPoints=33, rawCutPoints=33, doneSweepPoints=0, pathID=400000001).
2026-05-21T04:05:25.528426Z [ATTACK] [ATTACK][UAV] Resume searchSpeed scaled (factor=1.30, waypoints=1).
2026-05-21T04:05:25.624257Z [ATTACK] [ATTACK][COLLAB] Tracking UAV resume replaced with release transit (aircraft=4, targetFinishEta=120, speed=58.0m/s).
2026-05-21T04:05:25.625256Z [ATTACK] [ATTACK][UAV] Preserved completed prefix, inserted tracking, and reattached 1 follow-up mission(s).
2026-05-21T04:05:25.646771Z [ATTACK] [ATTACK][UAV] Generated tracking/resume missions -> IMP:800000014.json PATHS:400000007.json/400000008.json (followUps=1)
2026-05-21T04:05:25.648771Z [ATTACK] [ATTACK][UAV] Tracking assignment state saved (aircraft=4, sourcePlan=700000001, attackPlan=700000002).
2026-05-21T04:05:25.648771Z [ATTACK] [ATTACK][COLLAB] Aircraft 5 handled by collaborative remaining replan (inputMissionID=2).
2026-05-21T04:05:25.649772Z [ATTACK] [ATTACK][COLLAB] Aircraft 6 handled by collaborative remaining replan (inputMissionID=2).
2026-05-21T04:05:25.660949Z [ATTACK] [ATTACK][PLAN] carried area remaining snapshot -> mission_area_snapshot_700000002.json (sourcePlanID=700000001, planID=700000002)
2026-05-21T04:05:25.660949Z [ATTACK] [ATTACK][PLAN] MissionPlan saved -> 700000002.json (planID=700000002)
2026-05-21T04:05:25.661951Z [ATTACK] [ATTACK][TIME] override_detail={"phases": {"metadata_normalize": {"elapsedMs": 0.003, "attackTargetCount": 1, "selectedMannedCount": 1}, "agent_index": {"elapsedMs": 0.031, "aircraftCount": 6}, "weapon_choice": {"elapsedMs": 2.564, "selectedWeaponType": 2, "ammoAvailable": true}, "initial_tracking_eta": {"elapsedMs": 0.35, "useDetectionTracking": true, "trackingEtaS": 50}, "resolve_source_plan": {"elapsedMs": 0.278, "sourcePlanID": 700000001}, "source_plan_load": {"elapsedMs": 0.236, "sourcePlanID": 700000001, "aircraftCount": 6}, "sweep_progress_load": {"elapsedMs": 0.21, "entries": 6}, "plan_id_resolve": {"elapsedMs": 0.01, "requested": true, "missionPlanID": 700000002}, "source_artifact_cache_build": {"elapsedMs": 0.007, "aircraftEntries": 6}, "done_input_ids_load": {"elapsedMs": 0.61, "count": 1}, "plan_deepcopy": {"elapsedMs": 0.02}, "target_uav_assignment": {"elapsedMs": 0.183, "assignedTargetCount": 1, "usedTrackingUavCount": 1}, "manned_sequence_assignment": {"elapsedMs": 0.932, "aircraftCount": 1, "error": null}, "attack_coordinate_resolution": {"elapsedMs": 0.917, "resolvedCount": 1, "mannedSequenceCount": 1}, "remaining_eta": {"elapsedMs": 4.939, "allUavCount": 3, "trackingUavCount": 1, "computedEtaCount": 1, "adjustedEtaS": 0}, "descriptor_list_build": {"elapsedMs": 0.014, "descriptorCount": 6, "activeMannedCount": 1, "otherLahCount": 2, "otherUavCount": 2}, "collab_tracking_scan": {"elapsedMs": 0.906, "inputCount": 1, "unavailableUavCount": 1}, "collab_agent_state_map": {"elapsedMs": 4.542, "aircraftCount": 6}, "collab_parallel_started": {"elapsedMs": 0.611, "inputCount": 1, "workers": 1}, "collab_parallel_join": {"elapsedMs": 958.28, "waitReason": "UAV_TRACK", "inputCount": 1}, "descriptor_loop": {"elapsedMs": 1888.735, "descriptorCount": 6, "updateCount": 4}, "final_collab_plan_update": {"elapsedMs": 0.007, "collabInputCount": 1}, "mission_plan_write": {"elapsedMs": 11.307, "missionPlanID": 700000002}, "option_meta_build": {"elapsedMs": 0.021, "targetCount": 1, "collabInputCount": 1}}, "collabRuns": [{"inputMissionID": 2, "unavailableAircraftIDs": [4], "elapsedMs": 1676.065, "status": "ok", "replacementAircraftIDs": [5, 6], "generatedPathCount": 2, "finishEtaS": 120, "workflow": "no_split"}], "descriptorDetails": [{"aircraftID": 2, "label": "manned", "mode": "LAH_ATTACK", "resolveArtifacts": {"elapsedMs": 0.47, "currentWaypointID": null, "sourcePathID": 200000001, "sourceImpID": 800000002}, "loadArtifacts": {"elapsedMs": 0.004, "impLoaded": true, "fpLoaded": true}, "cloneAndLocateMission": {"elapsedMs": 0.044, "missionCount": 2, "targetIndex": 0}, "allocateAndPlanUpdate": {"elapsedMs": 9.052, "newImpID": 800000008}, "builder": {"elapsedMs": 280.644, "builderMode": "LAH_ATTACK"}, "builderDetail": {"allocate_ids": {"elapsedMs": 159.998, "attackPathID": 200000003, "resumePathID": 200000004, "attackIndividualID": 900000015, "resumeIndividualID": 900000016, "entryWaypointID": 76, "attackWaypointID": 78}, "split_lah_resume": {"elapsedMs": 67.075, "resumeWaypointCount": 1, "removedWaypointID": 66}, "clone_followups": {"elapsedMs": 30.875, "followUpMissionCount": 1, "followUpPathCount": 1}, "payload_build": {"elapsedMs": 13.001, "hasResume": true, "followUpMissionCount": 1, "attackSpeedMps": 73.61}, "write_json": {"elapsedMs": 5.086, "fileCount": 4}, "totalMs": 279.772}, "status": "ok", "elapsedMs": 290.296}, {"aircraftID": 1, "label": "lah_hold_1", "mode": "LAH_HOLD_RESUME", "resolveArtifacts": {"elapsedMs": 0.652, "currentWaypointID": null, "sourcePathID": 100000001, "sourceImpID": 800000001}, "loadArtifacts": {"elapsedMs": 0.002, "impLoaded": true, "fpLoaded": true}, "cloneAndLocateMission": {"elapsedMs": 0.033, "missionCount": 2, "targetIndex": 0}, "allocateAndPlanUpdate": {"elapsedMs": 7.464, "newImpID": 800000009}, "builder": {"elapsedMs": 126.763, "builderMode": "LAH_HOLD_RESUME"}, "builderDetail": {"allocate_ids": {"elapsedMs": 20.516, "holdPathID": 100000003, "resumePathID": 100000004, "holdIndividualID": 900000020, "resumeIndividualID": 900000021}, "split_lah_resume": {"elapsedMs": 57.727, "resumeWaypointCount": 1, "removedWaypointID": 62}, "clone_followups": {"elapsedMs": 27.443, "followUpMissionCount": 1, "followUpPathCount": 1}, "payload_build": {"elapsedMs": 42.068, "hasResume": true, "followUpMissionCount": 1}, "write_json": {"elapsedMs": 3.2, "fileCount": 4}, "totalMs": 126.743}, "status": "ok", "elapsedMs": 134.971}, {"aircraftID": 3, "label": "lah_hold_3", "mode": "LAH_HOLD_RESUME", "resolveArtifacts": {"elapsedMs": 0.393, "currentWaypointID": null, "sourcePathID": 300000001, "sourceImpID": 800000003}, "loadArtifacts": {"elapsedMs": 0.003, "impLoaded": true, "fpLoaded": true}, "cloneAndLocateMission": {"elapsedMs": 0.032, "missionCount": 2, "targetIndex": 0}, "allocateAndPlanUpdate": {"elapsedMs": 6.223, "newImpID": 800000010}, "builder": {"elapsedMs": 288.225, "builderMode": "LAH_HOLD_RESUME"}, "builderDetail": {"allocate_ids": {"elapsedMs": 21.05, "holdPathID": 300000003, "resumePathID": 300000004, "holdIndividualID": 900000023, "resumeIndividualID": 900000024}, "split_lah_resume": {"elapsedMs": 177.567, "resumeWaypointCount": 1, "removedWaypointID": 70}, "clone_followups": {"elapsedMs": 59.872, "followUpMissionCount": 1, "followUpPathCount": 1}, "payload_build": {"elapsedMs": 79.603, "hasResume": true, "followUpMissionCount": 1}, "write_json": {"elapsedMs": 5.525, "fileCount": 4}, "totalMs": 288.204}, "status": "ok", "elapsedMs": 294.924}, {"aircraftID": 4, "label": "uav_tracking_4", "mode": "UAV_TRACK", "resolveArtifacts": {"elapsedMs": 0.011, "currentWaypointID": 51, "sourcePathID": 400000001, "sourceImpID": 800000004}, "loadArtifacts": {"elapsedMs": 0.001, "impLoaded": true, "fpLoaded": true}, "cloneAndLocateMission": {"elapsedMs": 0.045, "missionCount": 2, "targetIndex": 0}, "allocateAndPlanUpdate": {"elapsedMs": 7.673, "newImpID": 800000014}, "builder": {"elapsedMs": 200.07, "builderMode": "UAV_TRACK"}, "builderDetail": {"allocate_ids": {"elapsedMs": 49.103, "donePathID": 400000006, "attackPathID": 400000007, "resumePathID": 400000008, "trackingIndividualID": 900000028, "resumeIndividualID": 900000029, "targetWaypointID": 114}, "split_done_resume": {"elapsedMs": 42.888, "sourceSinglePoint": false, "doneWaypointCount": 2, "resumeWaypointCount": 1, "removedWaypointID": 50}, "clone_followups": {"elapsedMs": 58.822, "followUpMissionCount": 1, "followUpPathCount": 1}, "release_resume": {"elapsedMs": 23.697, "releaseWaypointCount": 2, "targetFinishEtaS": 120}, "write_json": {"elapsedMs": 21.0, "fileCount": 5}, "totalMs": 198.421}, "trackingState": {"elapsedMs": 1.059}, "status": "ok", "elapsedMs": 209.232}, {"aircraftID": 5, "label": "uav_resume_5", "mode": "UAV_RESUME", "resolveArtifacts": {"elapsedMs": 0.01, "currentWaypointID": 55, "sourcePathID": 500000001, "sourceImpID": 800000005}, "loadArtifacts": {"elapsedMs": 0.001, "impLoaded": true, "fpLoaded": true}, "cloneAndLocateMission": {"elapsedMs": 0.043, "missionCount": 2, "targetIndex": 0}, "status": "handled_by_collab", "elapsedMs": 0.495}, {"aircraftID": 6, "label": "uav_resume_6", "mode": "UAV_RESUME", "resolveArtifacts": {"elapsedMs": 0.01, "currentWaypointID": 59, "sourcePathID": 600000001, "sourceImpID": 800000006}, "loadArtifacts": {"elapsedMs": 0.001, "impLoaded": true, "fpLoaded": true}, "cloneAndLocateMission": {"elapsedMs": 0.043, "missionCount": 2, "targetIndex": 0}, "status": "handled_by_collab", "elapsedMs": 0.322}], "totalMs": 1915}
2026-05-21T04:05:25.661951Z [ATTACK] [ATTACK][TIME] override_total=1915ms
2026-05-21T04:05:25.661951Z [ATTACK] [TIME] apply_attack_plan_overrides=1920ms
2026-05-21T04:05:25.669461Z [ATTACK] [TIME] timingMs={"read_source": 11.547, "descriptor_build": 1.854, "write_artifacts": 1924.844, "delivery_wait": 6.141}
2026-05-21T04:05:25.669461Z [ATTACK] [TIME] total=1945ms
2026-05-21T04:05:25.673461Z [ATTACK] 분석 로그 저장: C:\Users\LAHMUMT_2\Desktop\DSS_KU\Logs\Scenario_2026-05-21T130506\SBC3\DSS_Internal\log_attack_algorithm_20260521T040525_670461.json
2026-05-21T04:05:25.675460Z [ATTACK] mark target used: targetIDs=7
2026-05-21T04:05:25.753464Z [ATTACK] 공격 임무 계획 완료 (planIds=700000002)
2026-05-21T04:05:25.754463Z [INFO] UAV params loaded (cruise=40.00, turn_step=15.0)
2026-05-21T04:05:25.754463Z [INFO] Latest input snapshot → 0201:ID=-,ts=-,src=-, 0203:ID=-,ts=-,src=-
2026-05-21T04:05:25.755463Z [INFO] Fallback 0201 file selected: 1.json
2026-05-21T04:05:25.755463Z [INFO] Fallback 0203 file selected: 1.json
2026-05-21T04:05:25.755463Z [CHECK] 0201/0203 필수 데이터 확인 시작
2026-05-21T04:05:25.756466Z [OK] 0201 inputMissionList 확인됨 (count=3) → 진행
2026-05-21T04:05:25.756466Z [OK] 0201 availableAircraftList 확인됨 (count=6) → 진행
2026-05-21T04:05:25.757464Z [OK] 0201 inputMissionPackageType=1 확인
2026-05-21T04:05:25.757464Z [OK] 0201 mainSensor=1 확인
2026-05-21T04:05:25.757464Z [CHECK] 0201 기체 수=6 (UAV=3, LAH=3)
2026-05-21T04:05:25.758515Z [CHECK] 0201 임무: total=3 missingID=0 missingDetail=0 missingShape=0 unknownType=0 typeZeroAuto=0 typeZeroInvalid=0 lineOnlyViolation=0 skippedSinglePoint=0
2026-05-21T04:05:25.758515Z [OK] 0203 takeOverInfoList 확인됨 (count=3) → 진행
2026-05-21T04:05:25.759516Z [OK] 0203 handOverInfoList 확인됨 (count=3) → 진행
2026-05-21T04:05:25.759516Z [OK] 0203 flightAreaList 확인됨 (count=1) → 진행
2026-05-21T04:05:25.759516Z [CHECK] 0203 flightAreaList count=1
2026-05-21T04:05:25.760515Z [INFO] 임무 진행영역 스냅샷 적용: sourcePlan=700000001, updated=2, done=0
2026-05-21T04:05:25.760515Z [INFO] 임무 진행영역 재계획 collapse 적용: groups=1, normalized=3
2026-05-21T04:05:25.760515Z [INFO] Filtered completed input missions (removed=1, converted=-, widthAdjusted=-, skippedSinglePoint=-, snapshot=updated=2, done=0, collapse=groups=1, normalized=3)
2026-05-21T04:05:25.761514Z [REPLAN][TIME] variant_started_ms=1963.0 wall_ms=1779336325681 variant=1 option=3 mode=attack_exclusion
2026-05-21T04:05:25.761514Z [variant 1] 공격 배제 병렬 결과 병합
2026-05-21T04:05:26.065731Z [ATTACK-EXCLUDE] ATTACK-EXCLUDE using requested missionPlanID 700000003 (sourcePlanID=700000001)
2026-05-21T04:05:26.065731Z [ATTACK-EXCLUDE] [PRIOR][UAV] Resume trimmed by currentWP (lastRemovedWP=50).
2026-05-21T04:05:26.066731Z [ATTACK-EXCLUDE] [PRIOR][UAV] Added replan anchor waypoint to done path (anchorWP=77).
2026-05-21T04:05:26.066731Z [ATTACK-EXCLUDE] [PRIOR][UAV] Resume sweep trim applied (cutPoints=33, rawCutPoints=33, doneSweepPoints=0, pathID=400000001).
2026-05-21T04:05:26.066731Z [ATTACK-EXCLUDE] [PRIOR][UAV] Resume searchSpeed scaled (factor=1.30, waypoints=1).
2026-05-21T04:05:26.067731Z [ATTACK-EXCLUDE] [PRIOR][UAV] Generated done/resume mission -> aircraft=4 IMP:800000007.json PATHS:400000003.json/400000004.json
2026-05-21T04:05:26.067731Z [ATTACK-EXCLUDE] [PRIOR][UAV] Resume trimmed by currentWP (lastRemovedWP=54).
2026-05-21T04:05:26.068731Z [ATTACK-EXCLUDE] [PRIOR][UAV] Added replan anchor waypoint to done path (anchorWP=106).
2026-05-21T04:05:26.068731Z [ATTACK-EXCLUDE] [PRIOR][UAV] Resume sweep trim applied (cutPoints=40, rawCutPoints=40, doneSweepPoints=0, pathID=500000001).
2026-05-21T04:05:26.068731Z [ATTACK-EXCLUDE] [PRIOR][UAV] Resume searchSpeed scaled (factor=1.30, waypoints=1).
2026-05-21T04:05:26.069731Z [ATTACK-EXCLUDE] [PRIOR][UAV] Generated done/resume mission -> aircraft=5 IMP:800000011.json PATHS:500000004.json/500000005.json
2026-05-21T04:05:26.070236Z [ATTACK-EXCLUDE] [PRIOR][UAV] Resume trimmed by currentWP (lastRemovedWP=58).
2026-05-21T04:05:26.070236Z [ATTACK-EXCLUDE] [PRIOR][UAV] Added replan anchor waypoint to done path (anchorWP=125).
2026-05-21T04:05:26.070236Z [ATTACK-EXCLUDE] [PRIOR][UAV] Resume sweep trim applied (cutPoints=38, rawCutPoints=38, doneSweepPoints=0, pathID=600000001).
2026-05-21T04:05:26.071240Z [ATTACK-EXCLUDE] [PRIOR][UAV] Resume searchSpeed scaled (factor=1.30, waypoints=1).
2026-05-21T04:05:26.071240Z [ATTACK-EXCLUDE] [PRIOR][UAV] Generated done/resume mission -> aircraft=6 IMP:800000015.json PATHS:600000004.json/600000005.json
2026-05-21T04:05:26.072240Z [ATTACK-EXCLUDE] 공격 배제 MissionPlan 저장 -> 700000003.json (planID=700000003)
2026-05-21T04:05:26.072240Z [ATTACK-EXCLUDE] ATTACK-EXCLUDE carried area remaining snapshot -> mission_area_snapshot_700000003.json (sourcePlanID=700000001, planID=700000003)
2026-05-21T04:05:26.073240Z [REPLAN][TIME] attack_exclusion_parallel_joined_ms=2354.1 wall_ms=1779336326072 variant=1 duration_ms=2341.175 wait_ms=384.14
2026-05-21T04:05:26.073240Z [OK] 공격 배제 variant 저장: MissionPlanID=700000003 (elapsed=2341.2 ms)
2026-05-21T04:05:26.073240Z [INFO] Option mapping #1: planID=700000003, optionCode=3(공격배제)
2026-05-21T04:05:26.074240Z [REPLAN][TIME] variant_finished_ms=2354.2 wall_ms=1779336326072 variant=1 option=3 mode=attack_exclusion status=success duration_ms=2341.175
2026-05-21T04:05:26.075240Z [OK] Stored mission data: MissionPlan=1, IndividualMission=0, FlightPath=0
2026-05-21T04:05:26.076240Z [REPLAN][TIME] id_tab_update_deferred_ms=2355.6 wall_ms=1779336326074
2026-05-21T04:05:26.076240Z [REPLAN][TIME] pipeline_done_ms=2355.6 wall_ms=1779336326074 plans=2 force_direct=False
2026-05-21T04:05:26.077240Z [REPLAN][TIME] 0301_queued_ms=2355.6 wall_ms=1779336326074 plans=2
2026-05-21T04:05:26.077240Z [STEP 4] 0301 push queued (planIds=700000002, 700000003)
2026-05-21T04:05:26.082242Z [0301] missionPlanID=700000002 전송
2026-05-21T04:05:26.083240Z [0301] missionPlanID=700000003 전송
2026-05-21T04:05:26.083240Z [PUSH] 0301 direct batch send
2026-05-21T04:05:26.083240Z [REPLAN][TIME] 0301_sent_ms=2365.2 wall_ms=1779336326083 plans=2
2026-05-21T04:05:26.084240Z [REPLAN][TIME] post_0301_delivery_queued_ms=2365.6 wall_ms=1779336326084 grace_ms=0 timeout_ms=20 force_direct=0 mode=option_or_0901
2026-05-21T04:05:26.084240Z [INFO] Post-0301 apply queued (mode=option_or_0901, grace=0ms, timeout=20ms, plans=2)
2026-05-21T04:05:26.085240Z [REPLAN][TIME] 0305_status_2_ms=2367.2 wall_ms=1779336326085 reason=표적7 발견 재계획
2026-05-21T04:05:26.086245Z [0305] status=2, reason=표적7 발견 재계획, elapsed=2.36s 전송
2026-05-21T04:05:26.086245Z [REPLAN][TIME] post_0301_completion_ready_ms=2367.9 wall_ms=1779336326086 mode=option_or_0901
2026-05-21T04:05:26.086245Z [REPLAN][METRIC] source_artifact_cache entries=21 hits=39 misses=21
2026-05-21T04:05:26.108750Z [INFO] Post-0301 ready (timeout) -> sending 0901
2026-05-21T04:05:26.109750Z [REPLAN][TIME] post_0301_flushed_ms=2390.8 wall_ms=1779336326108 delivery=0901 trigger=timeout
2026-05-21T04:05:26.113750Z [REPLAN][TIME] 0901_sent_ms=2395.5 wall_ms=1779336326113 options=2
2026-05-21T04:05:26.114750Z [0901] option request sent (count=2, codes=2(공격특화), 3(공격배제))
2026-05-21T04:05:26.114750Z [REPLAN][TIME] id_tab_update_flushed_ms=2396.3 wall_ms=1779336326114
2026-05-21T04:05:51.087563Z [REPLAN][TIME] 0902_received_ms=0.1 wall_ms=1779336351087 trigger=attack_2_option replanLevel=2 optionCount=2 forceDirect=0
2026-05-21T04:05:51.087563Z [REPLAN][TIME] 0902_archived_ms=0.6 wall_ms=1779336351087 path=replan_request_832651549871.json
2026-05-21T04:05:51.088562Z [AUTO] 0902 received (planIds=700000004, 700000005)
2026-05-21T04:05:51.088562Z [REPLAN][TIME] pipeline_scheduled_ms=1.4 wall_ms=1779336351088 delay_ms=0
2026-05-21T04:05:51.089563Z [REPLAN][TIME] scheduled_start_ms=1.9 wall_ms=1779336351089
2026-05-21T04:05:51.089563Z [REPLAN][TIME] 0305_status_1_ms=2.7 wall_ms=1779336351089 reason=표적8 발견 재계획
2026-05-21T04:05:51.090565Z [0305] status=1, reason=표적8 발견 재계획 전송
2026-05-21T04:05:51.092563Z [STEP 0] Replan pipeline start (reason=표적8 발견 재계획)
2026-05-21T04:05:51.093562Z [REPLAN][TIME] attack_exclusion_parallel_started_ms=5.9 wall_ms=1779336351093 option_index=2 sourcePlanID=700000003
2026-05-21T04:05:51.093562Z [ATTACK-EXCLUDE] parallel generation started (sourcePlanID=700000003, optionIndex=2)
2026-05-21T04:05:51.093562Z [ATTACK] 공격 특화 재계획 요청 감지 → 전용 파이프라인 실행
2026-05-21T04:05:51.101065Z [ATTACK] [TIME] select_manned_aircraft=7ms
2026-05-21T04:05:51.101065Z [ATTACK] STEP1 Selected manned aircraft: aircraft 3 (fuel=14.949629783630371, coord=(37.92477035522461, 128.1556854248047, alt=1764))
2026-05-21T04:05:51.102070Z [ATTACK] [TIME] load_target_entries=0ms
2026-05-21T04:05:51.102070Z [ATTACK] STEP2 UAV tracking summary: watcher 4?’target 7, watcher 5?’target 8
2026-05-21T04:05:51.102070Z [ATTACK] STEP2.5 Using bundled 0402 targets: target=8 watcher=5
2026-05-21T04:05:51.104071Z [ATTACK] [ATTACK] Selected target id=8 type=4 weaponType=3 (preferred=3, ammo={'type1': 5, 'type2': 10, 'type3': 100})
2026-05-21T04:05:51.107071Z [ATTACK] [TIME] compute_attack_point=3ms
2026-05-21T04:05:51.108069Z [ATTACK] STEP3 Attack plan completed: lat=37.924770, lon=128.155685, alt=300m
2026-05-21T04:05:51.108069Z [ATTACK] [ATTACK] Using remembered waypoint 111 for watcher 5 while auto-tracking.
2026-05-21T04:05:51.110071Z [ATTACK] [ATTACK] Weapon choice aircraft=3 preferred=3 selected=3 ammo={'type1': 5, 'type2': 10, 'type3': 100}
2026-05-21T04:05:51.110071Z [ATTACK] [ATTACK][ETA] Tracking ETA computed with LAH max attack speed (dist=0.0m, speed=73.61m/s, +30s) -> 30s
2026-05-21T04:05:51.111071Z [ATTACK] [ATTACK] Using requested missionPlanID 700000004 (sourcePlanID=700000003)
2026-05-21T04:05:51.116069Z [ATTACK] [ATTACK][POINT] Primary target adaptive standoff mode=current_position_within_standoff currentDist=1296.1105125004221m candidateDist=1296.1105125004221m standoff=300.0/2000.0m.
2026-05-21T04:05:51.118072Z [ATTACK] [ATTACK][ETA] UAV 4 remaining mission time: 0.0s
2026-05-21T04:05:51.120072Z [ATTACK] [ATTACK][ETA] UAV 6 remaining mission time: 0.0s
2026-05-21T04:05:51.121074Z [ATTACK] [ATTACK][ETA] Non-tracking UAV ETA selected: UAV 4 with 0s remaining
2026-05-21T04:05:51.121074Z [ATTACK] [ATTACK][ETA] All tracking ETAs unified to 0s
2026-05-21T04:05:51.126072Z [ATTACK] [ATTACK][COLLAB] Remaining UAV entry lookahead applied: 9.0s (pathFollow=3, linearFallback=3, currentOnly=0)
2026-05-21T04:05:51.127072Z [ATTACK] [PRIOR] Falling back to first mission for aircraft 3 (current waypoint not found in plan).
2026-05-21T04:05:51.262405Z [ATTACK] [ATTACK][LAH] Using max attack speed 73.61m/s (265.0km/h) for aircraft 3.
2026-05-21T04:05:51.264405Z [ATTACK] [ATTACK][LAH] Inferred current waypoint from position -> 70.
2026-05-21T04:05:51.264405Z [ATTACK] [ATTACK][LAH] Dropped current waypoint from resume path (currentWP=70, nextWP=71).
2026-05-21T04:05:51.499126Z [ATTACK] [ATTACK][LAH] Preserved completed prefix, inserted attack, and reattached 1 follow-up mission(s).
2026-05-21T04:05:51.504125Z [ATTACK] [ATTACK][LAH] Generated attack/resume missions -> IMP:800000017.json PATHS:300000006.json/300000007.json (followUps=1)
2026-05-21T04:05:51.504125Z [ATTACK] [PRIOR] Falling back to first mission for aircraft 1 (current waypoint not found in plan).
2026-05-21T04:05:51.606689Z [ATTACK] [ATTACK][LAH] Inferred current waypoint from position -> 62.
2026-05-21T04:05:51.606689Z [ATTACK] [ATTACK][LAH] Dropped current waypoint from resume path (currentWP=62, nextWP=63).
2026-05-21T04:05:51.842855Z [ATTACK] [ATTACK][LAH] Preserved completed prefix, inserted hold, and reattached 1 follow-up mission(s).
2026-05-21T04:05:51.848855Z [ATTACK] [ATTACK][LAH] Generated hold/resume missions -> IMP:800000019.json PATHS:100000006.json/100000007.json (followUps=1)
2026-05-21T04:05:51.849855Z [ATTACK] [PRIOR] Falling back to first mission for aircraft 2 (current waypoint not found in plan).
2026-05-21T04:05:51.905403Z [ATTACK] [ATTACK][LAH] Inferred current waypoint from position -> 66.
2026-05-21T04:05:51.905403Z [ATTACK] [ATTACK][LAH] Dropped current waypoint from resume path (currentWP=66, nextWP=67).
2026-05-21T04:05:52.060745Z [ATTACK] [ATTACK][LAH] Preserved completed prefix, inserted hold, and reattached 1 follow-up mission(s).
2026-05-21T04:05:52.064745Z [ATTACK] [ATTACK][LAH] Generated hold/resume missions -> IMP:800000021.json PATHS:200000006.json/200000007.json (followUps=1)
2026-05-21T04:05:52.080251Z [ATTACK] [NEXTCOLLAB] division planner area-division pieces=2
2026-05-21T04:05:52.080251Z [ATTACK] [NEXTCOLLAB] division planner final workflow=no_split paths=2
2026-05-21T04:05:52.081252Z [ATTACK] [ATTACK][COLLAB] Collaborative replacement IMP written (aircraft=4, imp=800000022.json, missions=1).
2026-05-21T04:05:52.081252Z [ATTACK] [ATTACK][COLLAB] Collaborative replacement IMP written (aircraft=6, imp=800000023.json, missions=1).
2026-05-21T04:05:52.081252Z [ATTACK] [ATTACK][COLLAB] First sweep searchSpeed boosted (aircraft=4, pathID=400000013, waypointID=146, factor=1.30, old=828.38, new=1076.90).
2026-05-21T04:05:52.082250Z [ATTACK] [ATTACK][COLLAB] First sweep searchSpeed boosted (aircraft=6, pathID=600000007, waypointID=162, factor=1.30, old=1295.89, new=1684.66).
2026-05-21T04:05:52.082250Z [ATTACK] [ATTACK][COLLAB] Collaborative remaining mission replanned (inputMissionID=2, unavailable=[5], remaining=[4, 6], workflow=no_split).
2026-05-21T04:05:52.146136Z [ATTACK] [ATTACK][UAV] Source path has a single waypoint; preserving it as done and skipping done/resume split.
2026-05-21T04:05:52.198804Z [ATTACK] [ATTACK][COLLAB] Tracking UAV resume replaced with release transit (aircraft=5, targetFinishEta=68, speed=58.0m/s).
2026-05-21T04:05:52.199804Z [ATTACK] [ATTACK][UAV] Preserved completed prefix, inserted tracking, and reattached 1 follow-up mission(s).
2026-05-21T04:05:52.220808Z [ATTACK] [ATTACK][UAV] Generated tracking/resume missions -> IMP:800000024.json PATHS:500000011.json/500000012.json (followUps=1)
2026-05-21T04:05:52.229316Z [ATTACK] [ATTACK][UAV] Tracking assignment state saved (aircraft=5, sourcePlan=700000003, attackPlan=700000004).
2026-05-21T04:05:52.229316Z [ATTACK] [ATTACK][COLLAB] Aircraft 4 handled by collaborative remaining replan (inputMissionID=2).
2026-05-21T04:05:52.230318Z [ATTACK] [ATTACK][COLLAB] Aircraft 6 handled by collaborative remaining replan (inputMissionID=2).
2026-05-21T04:05:52.241316Z [ATTACK] [ATTACK][PLAN] carried area remaining snapshot -> mission_area_snapshot_700000004.json (sourcePlanID=700000003, planID=700000004)
2026-05-21T04:05:52.241316Z [ATTACK] [ATTACK][PLAN] MissionPlan saved -> 700000004.json (planID=700000004)
2026-05-21T04:05:52.242317Z [ATTACK] [ATTACK][TIME] override_detail={"phases": {"metadata_normalize": {"elapsedMs": 0.003, "attackTargetCount": 1, "selectedMannedCount": 1}, "agent_index": {"elapsedMs": 0.036, "aircraftCount": 6}, "weapon_choice": {"elapsedMs": 1.112, "selectedWeaponType": 3, "ammoAvailable": true}, "initial_tracking_eta": {"elapsedMs": 0.33, "useDetectionTracking": true, "trackingEtaS": 30}, "resolve_source_plan": {"elapsedMs": 0.394, "sourcePlanID": 700000003}, "source_plan_load": {"elapsedMs": 0.223, "sourcePlanID": 700000003, "aircraftCount": 6}, "sweep_progress_load": {"elapsedMs": 0.226, "entries": 12}, "plan_id_resolve": {"elapsedMs": 0.009, "requested": true, "missionPlanID": 700000004}, "source_artifact_cache_build": {"elapsedMs": 0.006, "aircraftEntries": 6}, "done_input_ids_load": {"elapsedMs": 0.88, "count": 1}, "plan_deepcopy": {"elapsedMs": 0.02}, "target_uav_assignment": {"elapsedMs": 0.433, "assignedTargetCount": 1, "usedTrackingUavCount": 1}, "manned_sequence_assignment": {"elapsedMs": 2.211, "aircraftCount": 1, "error": null}, "attack_coordinate_resolution": {"elapsedMs": 1.761, "resolvedCount": 1, "mannedSequenceCount": 1}, "remaining_eta": {"elapsedMs": 4.155, "allUavCount": 3, "trackingUavCount": 1, "computedEtaCount": 1, "adjustedEtaS": 0}, "descriptor_list_build": {"elapsedMs": 0.012, "descriptorCount": 6, "activeMannedCount": 1, "otherLahCount": 2, "otherUavCount": 2}, "collab_tracking_scan": {"elapsedMs": 1.327, "inputCount": 1, "unavailableUavCount": 1}, "collab_agent_state_map": {"elapsedMs": 3.83, "aircraftCount": 6}, "collab_parallel_started": {"elapsedMs": 0.559, "inputCount": 1, "workers": 1}, "collab_parallel_join": {"elapsedMs": 16.829, "waitReason": "UAV_TRACK", "inputCount": 1}, "descriptor_loop": {"elapsedMs": 1103.436, "descriptorCount": 6, "updateCount": 4}, "final_collab_plan_update": {"elapsedMs": 0.007, "collabInputCount": 1}, "mission_plan_write": {"elapsedMs": 11.161, "missionPlanID": 700000004}, "option_meta_build": {"elapsedMs": 0.027, "targetCount": 1, "collabInputCount": 1}}, "collabRuns": [{"inputMissionID": 2, "unavailableAircraftIDs": [5], "elapsedMs": 953.085, "status": "ok", "replacementAircraftIDs": [4, 6], "generatedPathCount": 2, "finishEtaS": 68, "workflow": "no_split"}], "descriptorDetails": [{"aircraftID": 3, "label": "manned", "mode": "LAH_ATTACK", "resolveArtifacts": {"elapsedMs": 0.376, "currentWaypointID": null, "sourcePathID": 300000001, "sourceImpID": 800000003}, "loadArtifacts": {"elapsedMs": 0.001, "impLoaded": true, "fpLoaded": true}, "cloneAndLocateMission": {"elapsedMs": 0.029, "missionCount": 2, "targetIndex": 0}, "allocateAndPlanUpdate": {"elapsedMs": 7.615, "newImpID": 800000017}, "builder": {"elapsedMs": 369.338, "builderMode": "LAH_ATTACK"}, "builderDetail": {"allocate_ids": {"elapsedMs": 126.487, "attackPathID": 300000006, "resumePathID": 300000007, "attackIndividualID": 900000035, "resumeIndividualID": 900000036, "entryWaypointID": 129, "attackWaypointID": 130}, "split_lah_resume": {"elapsedMs": 125.555, "resumeWaypointCount": 1, "removedWaypointID": 70}, "clone_followups": {"elapsedMs": 68.464, "followUpMissionCount": 1, "followUpPathCount": 1}, "payload_build": {"elapsedMs": 40.683, "hasResume": true, "followUpMissionCount": 1, "attackSpeedMps": 73.61}, "write_json": {"elapsedMs": 3.512, "fileCount": 4}, "totalMs": 368.198}, "status": "ok", "elapsedMs": 377.409}, {"aircraftID": 1, "label": "lah_hold_1", "mode": "LAH_HOLD_RESUME", "resolveArtifacts": {"elapsedMs": 0.405, "currentWaypointID": null, "sourcePathID": 100000001, "sourceImpID": 800000001}, "loadArtifacts": {"elapsedMs": 0.002, "impLoaded": true, "fpLoaded": true}, "cloneAndLocateMission": {"elapsedMs": 0.032, "missionCount": 2, "targetIndex": 0}, "allocateAndPlanUpdate": {"elapsedMs": 14.831, "newImpID": 800000019}, "builder": {"elapsedMs": 330.16, "builderMode": "LAH_HOLD_RESUME"}, "builderDetail": {"allocate_ids": {"elapsedMs": 86.374, "holdPathID": 100000006, "resumePathID": 100000007, "holdIndividualID": 900000042, "resumeIndividualID": 900000043}, "split_lah_resume": {"elapsedMs": 128.762, "resumeWaypointCount": 1, "removedWaypointID": 62}, "clone_followups": {"elapsedMs": 56.761, "followUpMissionCount": 1, "followUpPathCount": 1}, "payload_build": {"elapsedMs": 107.977, "hasResume": true, "followUpMissionCount": 1}, "write_json": {"elapsedMs": 3.964, "fileCount": 4}, "totalMs": 330.141}, "status": "ok", "elapsedMs": 345.481}, {"aircraftID": 2, "label": "lah_hold_2", "mode": "LAH_HOLD_RESUME", "resolveArtifacts": {"elapsedMs": 0.415, "currentWaypointID": null, "sourcePathID": 200000001, "sourceImpID": 800000002}, "loadArtifacts": {"elapsedMs": 0.003, "impLoaded": true, "fpLoaded": true}, "cloneAndLocateMission": {"elapsedMs": 0.03, "missionCount": 2, "targetIndex": 0}, "allocateAndPlanUpdate": {"elapsedMs": 31.234, "newImpID": 800000021}, "builder": {"elapsedMs": 183.891, "builderMode": "LAH_HOLD_RESUME"}, "builderDetail": {"allocate_ids": {"elapsedMs": 23.292, "holdPathID": 200000006, "resumePathID": 200000007, "holdIndividualID": 900000047, "resumeIndividualID": 900000048}, "split_lah_resume": {"elapsedMs": 79.956, "resumeWaypointCount": 1, "removedWaypointID": 66}, "clone_followups": {"elapsedMs": 53.099, "followUpMissionCount": 1, "followUpPathCount": 1}, "payload_build": {"elapsedMs": 75.513, "hasResume": true, "followUpMissionCount": 1}, "write_json": {"elapsedMs": 3.144, "fileCount": 4}, "totalMs": 183.874}, "status": "ok", "elapsedMs": 215.62}, {"aircraftID": 5, "label": "uav_tracking_5", "mode": "UAV_TRACK", "resolveArtifacts": {"elapsedMs": 0.01, "currentWaypointID": 111, "sourcePathID": 500000005, "sourceImpID": 800000011}, "loadArtifacts": {"elapsedMs": 0.001, "impLoaded": true, "fpLoaded": true}, "cloneAndLocateMission": {"elapsedMs": 0.044, "missionCount": 2, "targetIndex": 0}, "allocateAndPlanUpdate": {"elapsedMs": 6.201, "newImpID": 800000024}, "builder": {"elapsedMs": 132.975, "builderMode": "UAV_TRACK"}, "builderDetail": {"allocate_ids": {"elapsedMs": 56.406, "donePathID": 500000010, "attackPathID": 500000011, "resumePathID": 500000012, "trackingIndividualID": 900000050, "resumeIndividualID": 900000051, "targetWaypointID": 166}, "split_done_resume": {"elapsedMs": 0.678, "sourceSinglePoint": true, "doneWaypointCount": 1, "resumeWaypointCount": 0, "removedWaypointID": 111}, "clone_followups": {"elapsedMs": 35.536, "followUpMissionCount": 1, "followUpPathCount": 1}, "release_resume": {"elapsedMs": 15.655, "releaseWaypointCount": 2, "targetFinishEtaS": 68}, "write_json": {"elapsedMs": 20.842, "fileCount": 5}, "totalMs": 131.89}, "trackingState": {"elapsedMs": 7.407}, "status": "ok", "elapsedMs": 147.031}, {"aircraftID": 4, "label": "uav_resume_4", "mode": "UAV_RESUME", "resolveArtifacts": {"elapsedMs": 0.011, "currentWaypointID": 82, "sourcePathID": 400000004, "sourceImpID": 800000007}, "loadArtifacts": {"elapsedMs": 0.001, "impLoaded": true, "fpLoaded": true}, "cloneAndLocateMission": {"elapsedMs": 0.049, "missionCount": 2, "targetIndex": 0}, "status": "handled_by_collab", "elapsedMs": 0.446}, {"aircraftID": 6, "label": "uav_resume_6", "mode": "UAV_RESUME", "resolveArtifacts": {"elapsedMs": 0.012, "currentWaypointID": 128, "sourcePathID": 600000005, "sourceImpID": 800000015}, "loadArtifacts": {"elapsedMs": 0.001, "impLoaded": true, "fpLoaded": true}, "cloneAndLocateMission": {"elapsedMs": 0.048, "missionCount": 2, "targetIndex": 0}, "status": "handled_by_collab", "elapsedMs": 0.415}], "totalMs": 1131}
2026-05-21T04:05:52.242317Z [ATTACK] [ATTACK][TIME] override_total=1131ms
2026-05-21T04:05:52.243321Z [ATTACK] [TIME] apply_attack_plan_overrides=1135ms
2026-05-21T04:05:52.249320Z [ATTACK] [TIME] timingMs={"read_source": 8.556, "descriptor_build": 1.825, "write_artifacts": 1139.532, "delivery_wait": 6.245}
2026-05-21T04:05:52.250322Z [ATTACK] [TIME] total=1157ms
2026-05-21T04:05:52.252320Z [ATTACK] 분석 로그 저장: C:\Users\LAHMUMT_2\Desktop\DSS_KU\Logs\Scenario_2026-05-21T130506\SBC3\DSS_Internal\log_attack_algorithm_20260521T040552_250322.json
2026-05-21T04:05:52.254320Z [ATTACK] mark target used: targetIDs=8
2026-05-21T04:05:52.267831Z [ATTACK-EXCLUDE] ATTACK-EXCLUDE using requested missionPlanID 700000005 (sourcePlanID=700000003)
2026-05-21T04:05:52.268831Z [ATTACK-EXCLUDE] [PRIOR][UAV] Resume sweep trim applied (cutPoints=56, rawCutPoints=56, doneSweepPoints=0, pathID=400000004).
2026-05-21T04:05:52.268831Z [ATTACK-EXCLUDE] [PRIOR][UAV] Resume searchSpeed scaled (factor=1.30, waypoints=1).
2026-05-21T04:05:52.268831Z [ATTACK-EXCLUDE] [PRIOR][UAV] Generated done/resume mission -> aircraft=4 IMP:800000016.json PATHS:400000011.json
2026-05-21T04:05:52.269831Z [ATTACK-EXCLUDE] [PRIOR][UAV] Resume sweep trim applied (cutPoints=68, rawCutPoints=68, doneSweepPoints=0, pathID=500000005).
2026-05-21T04:05:52.269831Z [ATTACK-EXCLUDE] [PRIOR][UAV] Resume searchSpeed scaled (factor=1.30, waypoints=1).
2026-05-21T04:05:52.269831Z [ATTACK-EXCLUDE] [PRIOR][UAV] Generated done/resume mission -> aircraft=5 IMP:800000018.json PATHS:500000008.json
2026-05-21T04:05:52.270832Z [ATTACK-EXCLUDE] [PRIOR][UAV] Resume sweep trim applied (cutPoints=69, rawCutPoints=69, doneSweepPoints=0, pathID=600000005).
2026-05-21T04:05:52.270832Z [ATTACK-EXCLUDE] [PRIOR][UAV] Resume searchSpeed scaled (factor=1.30, waypoints=1).
2026-05-21T04:05:52.271830Z [ATTACK-EXCLUDE] [PRIOR][UAV] Generated done/resume mission -> aircraft=6 IMP:800000020.json PATHS:600000009.json
2026-05-21T04:05:52.271830Z [ATTACK-EXCLUDE] 공격 배제 MissionPlan 저장 -> 700000005.json (planID=700000005)
2026-05-21T04:05:52.271830Z [ATTACK-EXCLUDE] ATTACK-EXCLUDE carried area remaining snapshot -> mission_area_snapshot_700000005.json (sourcePlanID=700000003, planID=700000005)
2026-05-21T04:05:52.380739Z [ATTACK] 공격 임무 계획 완료 (planIds=700000004)
2026-05-21T04:05:52.382243Z [INFO] UAV params loaded (cruise=40.00, turn_step=15.0)
2026-05-21T04:05:52.382243Z [INFO] Latest input snapshot → 0201:ID=-,ts=-,src=-, 0203:ID=-,ts=-,src=-
2026-05-21T04:05:52.383249Z [INFO] Fallback 0201 file selected: 1.json
2026-05-21T04:05:52.383249Z [INFO] Fallback 0203 file selected: 1.json
2026-05-21T04:05:52.383249Z [CHECK] 0201/0203 필수 데이터 확인 시작
2026-05-21T04:05:52.384248Z [OK] 0201 inputMissionList 확인됨 (count=3) → 진행
2026-05-21T04:05:52.384248Z [OK] 0201 availableAircraftList 확인됨 (count=6) → 진행
2026-05-21T04:05:52.384248Z [OK] 0201 inputMissionPackageType=1 확인
2026-05-21T04:05:52.385248Z [OK] 0201 mainSensor=1 확인
2026-05-21T04:05:52.385248Z [CHECK] 0201 기체 수=6 (UAV=3, LAH=3)
2026-05-21T04:05:52.385248Z [CHECK] 0201 임무: total=3 missingID=0 missingDetail=0 missingShape=0 unknownType=0 typeZeroAuto=0 typeZeroInvalid=0 lineOnlyViolation=0 skippedSinglePoint=0
2026-05-21T04:05:52.386249Z [OK] 0203 takeOverInfoList 확인됨 (count=3) → 진행
2026-05-21T04:05:52.386249Z [OK] 0203 handOverInfoList 확인됨 (count=3) → 진행
2026-05-21T04:05:52.386249Z [OK] 0203 flightAreaList 확인됨 (count=1) → 진행
2026-05-21T04:05:52.386249Z [CHECK] 0203 flightAreaList count=1
2026-05-21T04:05:52.387249Z [INFO] 임무 진행영역 스냅샷 적용: sourcePlan=700000003, updated=2, done=0
2026-05-21T04:05:52.387249Z [INFO] 임무 진행영역 재계획 collapse 적용: groups=1, normalized=3
2026-05-21T04:05:52.387249Z [INFO] Filtered completed input missions (removed=1, converted=-, widthAdjusted=-, skippedSinglePoint=-, snapshot=updated=2, done=0, collapse=groups=1, normalized=3)
2026-05-21T04:05:52.388249Z [REPLAN][TIME] variant_started_ms=1180.6 wall_ms=1779336352267 variant=1 option=3 mode=attack_exclusion
2026-05-21T04:05:52.388249Z [variant 1] 공격 배제 병렬 결과 병합
2026-05-21T04:05:52.389250Z [REPLAN][TIME] attack_exclusion_parallel_joined_ms=1185.2 wall_ms=1779336352272 variant=1 duration_ms=814.797 wait_ms=0.006
2026-05-21T04:05:52.389250Z [OK] 공격 배제 variant 저장: MissionPlanID=700000005 (elapsed=814.8 ms)
2026-05-21T04:05:52.390249Z [INFO] Option mapping #1: planID=700000005, optionCode=3(공격배제)
2026-05-21T04:05:52.390249Z [REPLAN][TIME] variant_finished_ms=1185.3 wall_ms=1779336352272 variant=1 option=3 mode=attack_exclusion status=success duration_ms=814.797
2026-05-21T04:05:52.390249Z [OK] Stored mission data: MissionPlan=1, IndividualMission=0, FlightPath=0
2026-05-21T04:05:52.391249Z [REPLAN][TIME] id_tab_update_deferred_ms=1185.8 wall_ms=1779336352272
2026-05-21T04:05:52.391249Z [REPLAN][TIME] pipeline_done_ms=1185.9 wall_ms=1779336352272 plans=2 force_direct=False
2026-05-21T04:05:52.391249Z [REPLAN][TIME] 0301_queued_ms=1185.9 wall_ms=1779336352272 plans=2
2026-05-21T04:05:52.392252Z [STEP 4] 0301 push queued (planIds=700000004, 700000005)
2026-05-21T04:05:52.393250Z [0301] missionPlanID=700000004 전송
2026-05-21T04:05:52.393250Z [0301] missionPlanID=700000005 전송
2026-05-21T04:05:52.394250Z [PUSH] 0301 direct batch send
2026-05-21T04:05:52.394250Z [REPLAN][TIME] 0301_sent_ms=1307.0 wall_ms=1779336352394 plans=2
2026-05-21T04:05:52.394250Z [REPLAN][TIME] post_0301_delivery_queued_ms=1307.4 wall_ms=1779336352394 grace_ms=0 timeout_ms=20 force_direct=0 mode=option_or_0901
2026-05-21T04:05:52.395249Z [INFO] Post-0301 apply queued (mode=option_or_0901, grace=0ms, timeout=20ms, plans=2)
2026-05-21T04:05:52.396249Z [REPLAN][TIME] 0305_status_2_ms=1308.9 wall_ms=1779336352396 reason=표적8 발견 재계획
2026-05-21T04:05:52.396249Z [0305] status=2, reason=표적8 발견 재계획, elapsed=1.31s 전송
2026-05-21T04:05:52.397249Z [REPLAN][TIME] post_0301_completion_ready_ms=1309.6 wall_ms=1779336352397 mode=option_or_0901
2026-05-21T04:05:52.397249Z [REPLAN][METRIC] source_artifact_cache entries=21 hits=39 misses=21
2026-05-21T04:05:52.432346Z [INFO] Post-0301 ready (timeout) -> sending 0901
2026-05-21T04:05:52.433346Z [REPLAN][TIME] post_0301_flushed_ms=1345.6 wall_ms=1779336352433 delivery=0901 trigger=timeout
2026-05-21T04:05:52.434347Z [REPLAN][TIME] 0901_sent_ms=1347.1 wall_ms=1779336352434 options=2
2026-05-21T04:05:52.434347Z [0901] option request sent (count=2, codes=2(공격특화), 3(공격배제))
2026-05-21T04:05:52.435348Z [REPLAN][TIME] id_tab_update_flushed_ms=1348.0 wall_ms=1779336352435
2026-05-21T04:06:51.997495Z [INFO] Latest 0201 ID updated → 2
2026-05-21T04:06:52.193555Z [REPLAN][TIME] 0902_received_ms=0.1 wall_ms=1779336412193 trigger=general_3_option replanLevel=1 optionCount=3 forceDirect=0
2026-05-21T04:06:52.194556Z [REPLAN][TIME] 0902_archived_ms=0.6 wall_ms=1779336412194 path=replan_request_832651612175.json
2026-05-21T04:06:52.194556Z [AUTO] 0902 received (planIds=700000006, 700000007, 700000008)
2026-05-21T04:06:52.194556Z [REPLAN][TIME] pipeline_scheduled_ms=1.3 wall_ms=1779336412194 delay_ms=100
2026-05-21T04:06:52.195693Z [AUTO] replan pipeline scheduled after 0.1s delay
2026-05-21T04:06:52.307192Z [REPLAN][TIME] scheduled_start_ms=113.6 wall_ms=1779336412307
2026-05-21T04:06:52.308186Z [REPLAN][TIME] 0305_status_1_ms=114.9 wall_ms=1779336412308 reason=협업기저임무 재수행 요청
2026-05-21T04:06:52.309187Z [0305] status=1, reason=협업기저임무 재수행 요청 전송
2026-05-21T04:06:52.311187Z [STEP 0] Replan pipeline start (reason=협업기저임무 재수행 요청)
2026-05-21T04:06:52.313186Z [INFO] UAV params loaded (cruise=40.00, turn_step=15.0)
2026-05-21T04:06:52.314187Z [INFO] Latest input snapshot → 0201:ID=2,ts=832651611819,src=-, 0203:ID=-,ts=-,src=-
2026-05-21T04:06:52.314187Z [STEP 0] Using latest 0201 ID 2 (2.json)
2026-05-21T04:06:52.314187Z [INFO] Fallback 0203 file selected: 1.json
2026-05-21T04:06:52.320691Z [CHECK] 0201/0203 필수 데이터 확인 시작
2026-05-21T04:06:52.321690Z [OK] 0201 inputMissionList 확인됨 (count=4) → 진행
2026-05-21T04:06:52.321690Z [OK] 0201 availableAircraftList 확인됨 (count=6) → 진행
2026-05-21T04:06:52.321690Z [OK] 0201 inputMissionPackageType=1 확인
2026-05-21T04:06:52.322691Z [OK] 0201 mainSensor=1 확인
2026-05-21T04:06:52.322691Z [CHECK] 0201 기체 수=6 (UAV=3, LAH=3)
2026-05-21T04:06:52.322691Z [CHECK] 0201 임무: total=4 missingID=0 missingDetail=0 missingShape=0 unknownType=0 typeZeroAuto=0 typeZeroInvalid=0 lineOnlyViolation=0 skippedSinglePoint=0
2026-05-21T04:06:52.323692Z [OK] 0203 takeOverInfoList 확인됨 (count=3) → 진행
2026-05-21T04:06:52.323692Z [OK] 0203 handOverInfoList 확인됨 (count=3) → 진행
2026-05-21T04:06:52.324692Z [OK] 0203 flightAreaList 확인됨 (count=1) → 진행
2026-05-21T04:06:52.325692Z [CHECK] 0203 flightAreaList count=1
2026-05-21T04:06:52.325692Z [INFO] 임무 진행영역 스냅샷 미적용: sourcePlan=700000005, reason=fresh collabReexecuteInputRefresh trigger
2026-05-21T04:06:52.326691Z [INFO] 현재 임무 collaborative hybrid armed: inputMissionID=4, sourcePlan=700000005, mode=reexecute_first_mission, aircraft=[4, 5, 6], options=all
2026-05-21T04:06:52.327690Z [INFO] Filtered completed input missions (removed=1, 2, converted=-, widthAdjusted=-, skippedSinglePoint=-, snapshot=-, collapse=-)
2026-05-21T04:06:52.328690Z [REPLAN][TIME] parallel_safety_gate_ms=134.7 wall_ms=1779336412328 enabled=True workers=3 waypoint_block_size=50000 reasons=-
2026-05-21T04:06:52.328690Z [INFO] 현재임무 재수행 옵션 병렬 생성 활성화: variant별 hybrid 요청 격리 적용
2026-05-21T04:06:52.329690Z [INFO] 일반 재계획 옵션 병렬 생성 활성화: variants=3, workers=3
2026-05-21T04:06:52.381201Z [INFO] variant 1 waypointID blocks reserved: 0303=171-50170, 0304=50171-100170
2026-05-21T04:06:52.426248Z [INFO] variant 2 waypointID blocks reserved: 0303=100171-150170, 0304=150171-200170
2026-05-21T04:06:52.456969Z [INFO] variant 3 waypointID blocks reserved: 0303=200171-250170, 0304=250171-300170
2026-05-21T04:06:54.540000Z [REPLAN][TIME] variant_started_ms=265.6 wall_ms=1779336412458 variant=2 option=4 mode=parallel_core
2026-05-21T04:06:54.540999Z [REPLAN][TIME] variant_core_finished_ms=2346.5 wall_ms=1779336414540 variant=2 option=4 mode=parallel_core status=success duration_ms=2080.905
2026-05-21T04:06:54.540999Z [STEP 1.2] Divide & Pattern start
2026-05-21T04:06:54.542002Z [variant 2] [ENHANCED][1] split start: uavs=[4, 5, 6]
2026-05-21T04:06:54.542002Z [variant 2] [ENHANCED][1] split done: pieces=6
2026-05-21T04:06:54.542002Z [variant 2] [REPLAN][METRIC] recon_area_review_before option=4 pieces=6 areaPieces=3 maxSegmentM=600.000 maxSplitCountLimit=0 minSegmentM=0.000 fixedFovDeg=2.400 areaFovDeg=2.400 sweepSeparationM=1000.000 sweepSeparationScale=1.000 turnRadiusM=800.000
2026-05-21T04:06:54.543000Z [variant 2] [REPLAN][METRIC] recon_area_review option=4 elapsed_ms=90.476 maxSegmentM=600.000 maxSplitCountLimit=0 minSegmentM=0.000 pieces_before=6 pieces_after=16 area_before=3 area_after=13 targets=3 localized=3 changed_details=3 detail_count=3 split_count_sum=13 raw_split_count_sum=13 max_split_count=5 max_raw_split_count=5 split_capped_count=0 max_projected_span_m=2497.311 max_total_len_m=0.000 max_segment_len_m=538.930 fixedFovDeg=2.400 areaFovDeg=2.400 sweepSeparationM=1000.000 sweepSeparationScale=1.000 turnRadiusM=800.000 reasons=-
2026-05-21T04:06:54.543000Z [variant 2] [ENHANCED][1R] recon-area-review done: targets=3 localized=3 pieces=6->16
2026-05-21T04:06:54.544002Z [variant 2] [ENHANCED][2] type-decider done: profile=6 changed=16/16
2026-05-21T04:06:54.544002Z [variant 2] [ENHANCED][3] expected-path done: count=16
2026-05-21T04:06:54.545002Z [variant 2] [ENHANCED][4] area-review done: overflow=0 targets=0 pieces=16->16
2026-05-21T04:06:54.545002Z [variant 2] [ENHANCED][5] expected-velocity done: pieces=16 dbRows=7010
2026-05-21T04:06:54.546002Z [variant 2] [ENHANCED][6] 0302 export done: files=6
2026-05-21T04:06:54.546002Z [variant 2] [ENHANCED] total=416.0 ms
2026-05-21T04:06:54.547001Z [TIME] divide_and_pattern (variant=2): 416.2 ms
2026-05-21T04:06:54.547001Z [OK] IMP generated: 6 file(s) (variant=2)
2026-05-21T04:06:54.547001Z [TIME] build_0301+load (variant=2): 13.5 ms
2026-05-21T04:06:54.548001Z [OK] MissionPlan built: MissionPlan_1779336412875.json (variant=2)
2026-05-21T04:06:54.548001Z [TIME] collect_missions (variant=2): 6.7 ms, count=22
2026-05-21T04:06:54.548001Z [variant 2] [REEXEC-FIRST] current-position first mission builder armed: sourcePlan=700000005, inputMissionID=4, sourceTemplateInputID=2, aircraft=[4, 5, 6], entries=A4=37.9160584,128.1964727,alt=1911.0, A5=37.9255287,128.1677924,alt=1961.0, A6=37.9233302,128.2071603,alt=1994.0
2026-05-21T04:06:54.549003Z [variant 2] [REEXEC-FIRST] division planner area-division pieces=3
2026-05-21T04:06:54.549003Z [variant 2] [REEXEC-FIRST] division planner final workflow=no_split paths=3
2026-05-21T04:06:54.549003Z [variant 2] current remaining generic 0303 skipped: inputMissionID=4, missions=13, aircraft=[4, 5, 6], pathIDs=[400000001, 400000002, 400000003, 400000004, 500000001, 500000002, 500000003, 500000004, 600000001, 600000002, 600000003, 600000004, 600000005]
2026-05-21T04:06:54.550002Z [INFO] FlightPath build mode (variant=2): 0303=aircraft_parallel workers=2 aircraft=3, 0304=sequential
2026-05-21T04:06:54.550002Z [REPLAN][METRIC] flightpath_build_0303 variant=2 option=4 recon=1 mode=parallel_core buildMode=aircraft_parallel workers=2 aircraft=3 paths=3 reassignedWaypoints=9 elapsed_ms=734.727 fallback=- worker_ms=4:495.928|5:489.449|6:243.241
2026-05-21T04:06:54.550002Z [INFO] FlightPath build time: 0303=734.7 ms, 0304=1.9 ms
2026-05-21T04:06:54.551002Z [variant 2] current remaining collaborative hybrid applied: inputMissionID=4, aircraft=[4, 5, 6], removedPaths=13, workflow=reexecute_first_mission:no_split
2026-05-21T04:06:54.551002Z [INFO] Applied LAH-UAV ETA follow speed plan (variant=2)
2026-05-21T04:06:54.551002Z [OK] FlightPath counts (variant=2): 0303=6 / 0304=6
2026-05-21T04:06:54.552002Z [REPLAN][METRIC] flightpath_counts variant=2 option=4 recon=1 mode=parallel_core paths0303=6 paths0304=6 pathsTotal=12 waypoints0303=15 waypoints0304=12 waypointsTotal=27 maxWaypointsPerPath=3 emptyPaths=0 formationPaths=0
2026-05-21T04:06:54.878452Z [REPLAN][TIME] variant_started_ms=265.1 wall_ms=1779336412458 variant=1 option=6 mode=parallel_core
2026-05-21T04:06:54.880452Z [REPLAN][TIME] variant_core_finished_ms=2684.5 wall_ms=1779336414878 variant=1 option=6 mode=parallel_core status=success duration_ms=2419.376
2026-05-21T04:06:54.881452Z [STEP 1.1] Divide & Pattern start
2026-05-21T04:06:54.881452Z [variant 1] [ENHANCED][1] split start: uavs=[4, 5, 6]
2026-05-21T04:06:54.881452Z [variant 1] [ENHANCED][1] split done: pieces=6
2026-05-21T04:06:54.882959Z [variant 1] [ENHANCED][2] type-decider done: profile=6 changed=6/6
2026-05-21T04:06:54.883964Z [variant 1] [ENHANCED][3] expected-path done: count=6
2026-05-21T04:06:54.884964Z [variant 1] [ENHANCED][4] area-review done: overflow=0 targets=0 pieces=6->6
2026-05-21T04:06:54.884964Z [variant 1] [ENHANCED][5] expected-velocity done: pieces=6 dbRows=7010
2026-05-21T04:06:54.885963Z [variant 1] [ENHANCED][6] 0302 export done: files=6
2026-05-21T04:06:54.886964Z [variant 1] [ENHANCED] total=420.8 ms
2026-05-21T04:06:54.887965Z [TIME] divide_and_pattern (variant=1): 421.0 ms
2026-05-21T04:06:54.888965Z [OK] IMP generated: 6 file(s) (variant=1)
2026-05-21T04:06:54.889965Z [TIME] build_0301+load (variant=1): 12.9 ms
2026-05-21T04:06:54.889965Z [OK] MissionPlan built: MissionPlan_1779336412880.json (variant=1)
2026-05-21T04:06:54.890964Z [TIME] collect_missions (variant=1): 6.1 ms, count=12
2026-05-21T04:06:54.891965Z [variant 1] [REEXEC-FIRST] current-position first mission builder armed: sourcePlan=700000005, inputMissionID=4, sourceTemplateInputID=2, aircraft=[4, 5, 6], entries=A4=37.9160584,128.1964727,alt=1911.0, A5=37.9255287,128.1677924,alt=1961.0, A6=37.9233302,128.2071603,alt=1994.0
2026-05-21T04:06:54.892965Z [variant 1] [REEXEC-FIRST] division planner area-division pieces=3
2026-05-21T04:06:54.892965Z [variant 1] [REEXEC-FIRST] division planner final workflow=no_split paths=3
2026-05-21T04:06:54.893964Z [variant 1] current remaining generic 0303 skipped: inputMissionID=4, missions=3, aircraft=[4, 5, 6], pathIDs=[400000001, 500000001, 600000001]
2026-05-21T04:06:54.894963Z [INFO] FlightPath build mode (variant=1): 0303=aircraft_parallel workers=2 aircraft=3, 0304=sequential
2026-05-21T04:06:54.895964Z [REPLAN][METRIC] flightpath_build_0303 variant=1 option=6 recon=0 mode=parallel_core buildMode=aircraft_parallel workers=2 aircraft=3 paths=3 reassignedWaypoints=9 elapsed_ms=132.288 fallback=- worker_ms=4:65.548|5:62.545|6:67.850
2026-05-21T04:06:54.896963Z [INFO] FlightPath build time: 0303=132.3 ms, 0304=1.8 ms
2026-05-21T04:06:54.896963Z [variant 1] current remaining collaborative hybrid applied: inputMissionID=4, aircraft=[4, 5, 6], removedPaths=3, workflow=reexecute_first_mission:no_split
2026-05-21T04:06:54.897965Z [INFO] Applied LAH-UAV ETA follow speed plan (variant=1)
2026-05-21T04:06:54.898969Z [OK] FlightPath counts (variant=1): 0303=6 / 0304=6
2026-05-21T04:06:54.899971Z [REPLAN][METRIC] flightpath_counts variant=1 option=6 recon=0 mode=parallel_core paths0303=6 paths0304=6 pathsTotal=12 waypoints0303=15 waypoints0304=12 waypointsTotal=27 maxWaypointsPerPath=3 emptyPaths=0 formationPaths=0
2026-05-21T04:06:55.244831Z [REPLAN][TIME] variant_started_ms=265.8 wall_ms=1779336412458 variant=3 option=5 mode=parallel_core
2026-05-21T04:06:55.244831Z [REPLAN][TIME] variant_core_finished_ms=3050.7 wall_ms=1779336415243 variant=3 option=5 mode=parallel_core status=success duration_ms=2784.894
2026-05-21T04:06:55.245832Z [STEP 1.3] Divide & Pattern start
2026-05-21T04:06:55.245832Z [variant 3] [ENHANCED][1] split start: uavs=[4, 5, 6]
2026-05-21T04:06:55.246831Z [variant 3] [ENHANCED][1] split done: pieces=6
2026-05-21T04:06:55.246831Z [variant 3] [ENHANCED][2] type-decider done: profile=6 changed=6/6
2026-05-21T04:06:55.246831Z [variant 3] [ENHANCED][3] expected-path done: count=6
2026-05-21T04:06:55.246831Z [variant 3] [ENHANCED][4] area-review done: overflow=0 targets=0 pieces=6->6
2026-05-21T04:06:55.247831Z [variant 3] [ENHANCED][5] expected-velocity done: pieces=6 dbRows=7010
2026-05-21T04:06:55.247831Z [variant 3] [ENHANCED][6] 0302 export done: files=6
2026-05-21T04:06:55.247831Z [variant 3] [ENHANCED] total=418.6 ms
2026-05-21T04:06:55.248832Z [TIME] divide_and_pattern (variant=3): 418.6 ms
2026-05-21T04:06:55.248832Z [OK] IMP generated: 6 file(s) (variant=3)
2026-05-21T04:06:55.248832Z [TIME] build_0301+load (variant=3): 18.5 ms
2026-05-21T04:06:55.248832Z [OK] MissionPlan built: MissionPlan_1779336412878.json (variant=3)
2026-05-21T04:06:55.249832Z [TIME] collect_missions (variant=3): 3.7 ms, count=12
2026-05-21T04:06:55.249832Z [variant 3] [REEXEC-FIRST] current-position first mission builder armed: sourcePlan=700000005, inputMissionID=4, sourceTemplateInputID=2, aircraft=[4, 5, 6], entries=A4=37.9160584,128.1964727,alt=1911.0, A5=37.9255287,128.1677924,alt=1961.0, A6=37.9233302,128.2071603,alt=1994.0
2026-05-21T04:06:55.249832Z [variant 3] [REEXEC-FIRST] division planner area-division pieces=3
2026-05-21T04:06:55.250832Z [variant 3] [REEXEC-FIRST] division planner final workflow=no_split paths=3
2026-05-21T04:06:55.250832Z [variant 3] current remaining generic 0303 skipped: inputMissionID=4, missions=3, aircraft=[4, 5, 6], pathIDs=[400000001, 500000001, 600000001]
2026-05-21T04:06:55.250832Z [INFO] FlightPath build mode (variant=3): 0303=aircraft_parallel workers=2 aircraft=3, 0304=sequential
2026-05-21T04:06:55.251833Z [REPLAN][METRIC] flightpath_build_0303 variant=3 option=5 recon=0 mode=parallel_core buildMode=aircraft_parallel workers=2 aircraft=3 paths=3 reassignedWaypoints=9 elapsed_ms=67.830 fallback=- worker_ms=4:49.557|5:50.828|6:17.049
2026-05-21T04:06:55.251833Z [INFO] FlightPath build time: 0303=67.8 ms, 0304=1.8 ms
2026-05-21T04:06:55.251833Z [variant 3] current remaining collaborative hybrid applied: inputMissionID=4, aircraft=[4, 5, 6], removedPaths=3, workflow=reexecute_first_mission:no_split
2026-05-21T04:06:55.252832Z [INFO] Applied LAH-UAV ETA follow speed plan (variant=3)
2026-05-21T04:06:55.252832Z [OK] FlightPath counts (variant=3): 0303=6 / 0304=6
2026-05-21T04:06:55.252832Z [REPLAN][METRIC] flightpath_counts variant=3 option=5 recon=0 mode=parallel_core paths0303=6 paths0304=6 pathsTotal=12 waypoints0303=15 waypoints0304=12 waypointsTotal=27 maxWaypointsPerPath=3 emptyPaths=0 formationPaths=0
2026-05-21T04:06:55.312455Z [TIME] pathID_mapping (variant=1, current_remaining_parallel_store): 67.0 ms
2026-05-21T04:06:55.312455Z [INFO] pathID mapping done after current remaining hybrid merge (variant=1, parallel_store)
2026-05-21T04:06:55.313455Z [INFO] FlightPath pathID enforced (variant=1): 0303=6, 0304=6
2026-05-21T04:06:55.357461Z [TIME] build_0302 (variant=1): 33.6 ms, packages=6
2026-05-21T04:06:55.358463Z [INFO] FlightPath individualMissionID synced (variant=1): fixed=12
2026-05-21T04:06:55.363462Z [TIME] write_0302 (variant=1): 6.1 ms, files=6
2026-05-21T04:06:55.400981Z [TIME] write_FlightPath (variant=1): 31.2 ms, files=12
2026-05-21T04:06:55.401980Z [REPLAN][METRIC] flightpath_write variant=1 option=6 recon=0 mode=parallel_store files0303=6 files0304=6 filesTotal=12 write_ms=31.236
2026-05-21T04:06:55.402981Z [TIME] write_0301 (variant=1): 1.1 ms
2026-05-21T04:06:55.403983Z [OK] Stored variant 1: MissionPlanID=700000006, IMP=6, FlightPath=12
2026-05-21T04:06:55.403983Z [REPLAN][TIME] variant_finished_ms=3209.6 wall_ms=1779336415402 variant=1 option=6 mode=parallel_store status=success duration_ms=2576.542
2026-05-21T04:06:55.403983Z [TIME] variant_total (variant=1): 2576.5 ms
2026-05-21T04:06:55.404981Z [INFO] Option mapping #1: planID=700000006, optionCode=6(정찰/시간 균형)
2026-05-21T04:06:55.482512Z [TIME] pathID_mapping (variant=2, current_remaining_parallel_store): 76.9 ms
2026-05-21T04:06:55.483514Z [INFO] pathID mapping done after current remaining hybrid merge (variant=2, parallel_store)
2026-05-21T04:06:55.483514Z [INFO] FlightPath pathID enforced (variant=2): 0303=6, 0304=6
2026-05-21T04:06:55.531139Z [TIME] build_0302 (variant=2): 37.1 ms, packages=6
2026-05-21T04:06:55.532140Z [INFO] FlightPath individualMissionID synced (variant=2): fixed=12
2026-05-21T04:06:55.536139Z [TIME] write_0302 (variant=2): 4.5 ms, files=6
2026-05-21T04:06:55.569652Z [TIME] write_FlightPath (variant=2): 28.7 ms, files=12
2026-05-21T04:06:55.569652Z [REPLAN][METRIC] flightpath_write variant=2 option=4 recon=1 mode=parallel_store files0303=6 files0304=6 filesTotal=12 write_ms=28.696
2026-05-21T04:06:55.570681Z [TIME] write_0301 (variant=2): 0.9 ms
2026-05-21T04:06:55.571681Z [OK] Stored variant 2: MissionPlanID=700000007, IMP=6, FlightPath=12
2026-05-21T04:06:55.571681Z [REPLAN][TIME] variant_finished_ms=3377.4 wall_ms=1779336415570 variant=2 option=4 mode=parallel_store status=success duration_ms=2245.478
2026-05-21T04:06:55.571681Z [TIME] variant_total (variant=2): 2245.5 ms
2026-05-21T04:06:55.572681Z [INFO] Option mapping #2: planID=700000007, optionCode=4(정찰특화)
2026-05-21T04:06:55.645317Z [TIME] pathID_mapping (variant=3, current_remaining_parallel_store): 72.5 ms
2026-05-21T04:06:55.646317Z [INFO] pathID mapping done after current remaining hybrid merge (variant=3, parallel_store)
2026-05-21T04:06:55.646317Z [INFO] FlightPath pathID enforced (variant=3): 0303=6, 0304=6
2026-05-21T04:06:55.693878Z [TIME] build_0302 (variant=3): 36.7 ms, packages=6
2026-05-21T04:06:55.693878Z [INFO] FlightPath individualMissionID synced (variant=3): fixed=12
2026-05-21T04:06:55.699388Z [TIME] write_0302 (variant=3): 5.3 ms, files=6
2026-05-21T04:06:55.728902Z [TIME] write_FlightPath (variant=3): 26.7 ms, files=12
2026-05-21T04:06:55.729903Z [REPLAN][METRIC] flightpath_write variant=3 option=5 recon=0 mode=parallel_store files0303=6 files0304=6 filesTotal=12 write_ms=26.710
2026-05-21T04:06:55.730903Z [TIME] write_0301 (variant=3): 1.1 ms
2026-05-21T04:06:55.730903Z [OK] Stored variant 3: MissionPlanID=700000008, IMP=6, FlightPath=12
2026-05-21T04:06:55.731906Z [REPLAN][TIME] variant_finished_ms=3537.3 wall_ms=1779336415730 variant=3 option=5 mode=parallel_store status=success duration_ms=2941.54
2026-05-21T04:06:55.731906Z [TIME] variant_total (variant=3): 2941.5 ms
2026-05-21T04:06:55.732907Z [INFO] Option mapping #3: planID=700000008, optionCode=5(최소시간)
2026-05-21T04:06:55.732907Z [OK] Stored mission data: MissionPlan=3, IndividualMission=18, FlightPath=36
2026-05-21T04:06:55.733905Z [REPLAN][TIME] id_tab_update_deferred_ms=3539.8 wall_ms=1779336415732
2026-05-21T04:06:55.734905Z [REPLAN][TIME] pipeline_done_ms=3539.8 wall_ms=1779336415732 plans=3 force_direct=False
2026-05-21T04:06:55.734905Z [REPLAN][TIME] 0301_queued_ms=3539.9 wall_ms=1779336415732 plans=3
2026-05-21T04:06:55.735905Z [STEP 4] 0301 push queued (planIds=700000006, 700000007, 700000008)
2026-05-21T04:06:55.736905Z [0301] missionPlanID=700000006 전송
2026-05-21T04:06:55.737904Z [0301] missionPlanID=700000007 전송
2026-05-21T04:06:55.739905Z [0301] missionPlanID=700000008 전송
2026-05-21T04:06:55.739905Z [PUSH] 0301 direct batch send
2026-05-21T04:06:55.740906Z [REPLAN][TIME] 0301_sent_ms=3547.3 wall_ms=1779336415740 plans=3
2026-05-21T04:06:55.742912Z [REPLAN][TIME] post_0301_delivery_queued_ms=3549.5 wall_ms=1779336415742 grace_ms=0 timeout_ms=20 force_direct=0 mode=option_or_0901
2026-05-21T04:06:55.743910Z [INFO] Post-0301 apply queued (mode=option_or_0901, grace=0ms, timeout=20ms, plans=3)
2026-05-21T04:06:55.744909Z [REPLAN][TIME] 0305_status_2_ms=3551.5 wall_ms=1779336415744 reason=협업기저임무 재수행 요청
2026-05-21T04:06:55.745911Z [0305] status=2, reason=협업기저임무 재수행 요청, elapsed=3.44s 전송
2026-05-21T04:06:55.745911Z [REPLAN][TIME] post_0301_completion_ready_ms=3552.4 wall_ms=1779336415745 mode=option_or_0901
2026-05-21T04:06:55.745911Z [REPLAN][METRIC] source_artifact_cache entries=34 hits=28 misses=34
2026-05-21T04:06:55.767258Z [INFO] Post-0301 ready (timeout) -> sending 0901
2026-05-21T04:06:55.768258Z [REPLAN][TIME] post_0301_flushed_ms=3574.4 wall_ms=1779336415768 delivery=0901 trigger=timeout
2026-05-21T04:06:55.769259Z [REPLAN][TIME] 0901_sent_ms=3575.8 wall_ms=1779336415769 options=3
2026-05-21T04:06:55.770260Z [0901] option request sent (count=3, codes=6(정찰/시간 균형), 4(정찰특화), 5(최소시간))
2026-05-21T04:06:55.770260Z [REPLAN][TIME] id_tab_update_flushed_ms=3576.6 wall_ms=1779336415770
2026-05-21T04:08:12.532977Z [INFO] Latest 0201 ID updated → 3
2026-05-21T04:08:12.715615Z [REPLAN][TIME] 0902_received_ms=0.1 wall_ms=1779336492715 trigger=general_3_option replanLevel=1 optionCount=3 forceDirect=0
2026-05-21T04:08:12.715615Z [REPLAN][TIME] 0902_archived_ms=0.7 wall_ms=1779336492715 path=replan_request_832651692574.json
2026-05-21T04:08:12.716616Z [AUTO] 0902 received (planIds=700000009, 700000010, 700000011)
2026-05-21T04:08:12.716616Z [REPLAN][TIME] pipeline_scheduled_ms=1.4 wall_ms=1779336492716 delay_ms=100
2026-05-21T04:08:12.716616Z [AUTO] replan pipeline scheduled after 0.1s delay
2026-05-21T04:08:12.824599Z [REPLAN][TIME] scheduled_start_ms=109.1 wall_ms=1779336492824
2026-05-21T04:08:12.825599Z [REPLAN][TIME] 0305_status_1_ms=110.6 wall_ms=1779336492825 reason=협업기저임무 재수행 요청
2026-05-21T04:08:12.826599Z [0305] status=1, reason=협업기저임무 재수행 요청 전송
2026-05-21T04:08:12.828598Z [STEP 0] Replan pipeline start (reason=협업기저임무 재수행 요청)
2026-05-21T04:08:12.830599Z [INFO] UAV params loaded (cruise=40.00, turn_step=15.0)
2026-05-21T04:08:12.831598Z [INFO] Latest input snapshot → 0201:ID=3,ts=832651692367,src=-, 0203:ID=-,ts=-,src=-
2026-05-21T04:08:12.831598Z [STEP 0] Using latest 0201 ID 3 (3.json)
2026-05-21T04:08:12.832598Z [INFO] Fallback 0203 file selected: 1.json
2026-05-21T04:08:12.838601Z [CHECK] 0201/0203 필수 데이터 확인 시작
2026-05-21T04:08:12.838601Z [OK] 0201 inputMissionList 확인됨 (count=5) → 진행
2026-05-21T04:08:12.839602Z [OK] 0201 availableAircraftList 확인됨 (count=6) → 진행
2026-05-21T04:08:12.840601Z [OK] 0201 inputMissionPackageType=1 확인
2026-05-21T04:08:12.841601Z [OK] 0201 mainSensor=1 확인
2026-05-21T04:08:12.841601Z [CHECK] 0201 기체 수=6 (UAV=3, LAH=3)
2026-05-21T04:08:12.841601Z [CHECK] 0201 임무: total=5 missingID=0 missingDetail=0 missingShape=0 unknownType=0 typeZeroAuto=0 typeZeroInvalid=0 lineOnlyViolation=0 skippedSinglePoint=0
2026-05-21T04:08:12.842601Z [OK] 0203 takeOverInfoList 확인됨 (count=3) → 진행
2026-05-21T04:08:12.842601Z [OK] 0203 handOverInfoList 확인됨 (count=3) → 진행
2026-05-21T04:08:12.842601Z [OK] 0203 flightAreaList 확인됨 (count=1) → 진행
2026-05-21T04:08:12.843602Z [CHECK] 0203 flightAreaList count=1
2026-05-21T04:08:12.843602Z [INFO] 임무 진행영역 스냅샷 미적용: sourcePlan=700000006, reason=fresh collabReexecuteInputRefresh trigger
2026-05-21T04:08:12.843602Z [INFO] 현재 임무 collaborative hybrid armed: inputMissionID=5, sourcePlan=700000006, mode=reexecute_first_mission, aircraft=[4, 5, 6], options=all
2026-05-21T04:08:12.844602Z [INFO] Filtered completed input missions (removed=1, 2, 4, converted=-, widthAdjusted=-, skippedSinglePoint=-, snapshot=-, collapse=-)
2026-05-21T04:08:12.845602Z [REPLAN][TIME] parallel_safety_gate_ms=130.2 wall_ms=1779336492845 enabled=True workers=3 waypoint_block_size=50000 reasons=-
2026-05-21T04:08:12.845602Z [INFO] 현재임무 재수행 옵션 병렬 생성 활성화: variant별 hybrid 요청 격리 적용
2026-05-21T04:08:12.846602Z [INFO] 일반 재계획 옵션 병렬 생성 활성화: variants=3, workers=3
2026-05-21T04:08:12.913651Z [INFO] variant 1 waypointID blocks reserved: 0303=300207-350206, 0304=350207-400206
2026-05-21T04:08:12.977004Z [INFO] variant 2 waypointID blocks reserved: 0303=400207-450206, 0304=450207-500206
2026-05-21T04:08:13.034081Z [INFO] variant 3 waypointID blocks reserved: 0303=500207-550206, 0304=550207-600206
2026-05-21T04:08:14.296202Z [REPLAN][TIME] variant_started_ms=319.6 wall_ms=1779336493035 variant=1 option=6 mode=parallel_core
2026-05-21T04:08:14.297199Z [REPLAN][TIME] variant_core_finished_ms=1579.9 wall_ms=1779336494295 variant=1 option=6 mode=parallel_core status=success duration_ms=1260.242
2026-05-21T04:08:14.298200Z [STEP 1.1] Divide & Pattern start
2026-05-21T04:08:14.299203Z [variant 1] [ENHANCED][1] split start: uavs=[4, 5, 6]
2026-05-21T04:08:14.300200Z [variant 1] [ENHANCED][1] split done: pieces=6
2026-05-21T04:08:14.301202Z [variant 1] [ENHANCED][2] type-decider done: profile=6 changed=6/6
2026-05-21T04:08:14.302200Z [variant 1] [ENHANCED][3] expected-path done: count=6
2026-05-21T04:08:14.303199Z [variant 1] [ENHANCED][4] area-review done: overflow=0 targets=0 pieces=6->6
2026-05-21T04:08:14.304199Z [variant 1] [ENHANCED][5] expected-velocity done: pieces=6 dbRows=7010
2026-05-21T04:08:14.304199Z [variant 1] [ENHANCED][6] 0302 export done: files=6
2026-05-21T04:08:14.305202Z [variant 1] [ENHANCED] total=417.1 ms
2026-05-21T04:08:14.306202Z [TIME] divide_and_pattern (variant=1): 417.2 ms
2026-05-21T04:08:14.307202Z [OK] IMP generated: 6 file(s) (variant=1)
2026-05-21T04:08:14.308202Z [TIME] build_0301+load (variant=1): 33.9 ms
2026-05-21T04:08:14.308202Z [OK] MissionPlan built: MissionPlan_1779336493451.json (variant=1)
2026-05-21T04:08:14.309202Z [TIME] collect_missions (variant=1): 9.5 ms, count=12
2026-05-21T04:08:14.310202Z [variant 1] [REEXEC-FIRST] current-position first mission builder armed: sourcePlan=700000006, inputMissionID=5, sourceTemplateInputID=4, aircraft=[4, 5, 6], entries=A4=37.8913202,128.1681618,alt=1997.0, A5=37.8999278,128.1642260,alt=2009.0, A6=37.8943178,128.2054460,alt=1969.0
2026-05-21T04:08:14.311202Z [variant 1] [REEXEC-FIRST] division planner area-division pieces=3
2026-05-21T04:08:14.311202Z [variant 1] [REEXEC-FIRST] division planner final workflow=no_split paths=3
2026-05-21T04:08:14.313203Z [variant 1] current remaining generic 0303 skipped: inputMissionID=5, missions=3, aircraft=[4, 5, 6], pathIDs=[400000001, 500000001, 600000001]
2026-05-21T04:08:14.314204Z [INFO] FlightPath build mode (variant=1): 0303=aircraft_parallel workers=2 aircraft=3, 0304=sequential
2026-05-21T04:08:14.314204Z [REPLAN][METRIC] flightpath_build_0303 variant=1 option=6 recon=0 mode=parallel_core buildMode=aircraft_parallel workers=2 aircraft=3 paths=3 reassignedWaypoints=9 elapsed_ms=134.069 fallback=- worker_ms=4:66.217|5:67.874|6:66.109
2026-05-21T04:08:14.315205Z [INFO] FlightPath build time: 0303=134.1 ms, 0304=2.0 ms
2026-05-21T04:08:14.316203Z [variant 1] current remaining collaborative hybrid applied: inputMissionID=5, aircraft=[4, 5, 6], removedPaths=3, workflow=reexecute_first_mission:no_split
2026-05-21T04:08:14.317202Z [INFO] Applied LAH-UAV ETA follow speed plan (variant=1)
2026-05-21T04:08:14.318202Z [OK] FlightPath counts (variant=1): 0303=6 / 0304=6
2026-05-21T04:08:14.318202Z [REPLAN][METRIC] flightpath_counts variant=1 option=6 recon=0 mode=parallel_core paths0303=6 paths0304=6 pathsTotal=12 waypoints0303=15 waypoints0304=12 waypointsTotal=27 maxWaypointsPerPath=3 emptyPaths=0 formationPaths=0
2026-05-21T04:08:14.764475Z [REPLAN][TIME] variant_started_ms=320.6 wall_ms=1779336493036 variant=3 option=5 mode=parallel_core
2026-05-21T04:08:14.767472Z [REPLAN][TIME] variant_core_finished_ms=2048.7 wall_ms=1779336494764 variant=3 option=5 mode=parallel_core status=success duration_ms=1728.127
2026-05-21T04:08:14.768474Z [STEP 1.3] Divide & Pattern start
2026-05-21T04:08:14.768474Z [variant 3] [ENHANCED][1] split start: uavs=[4, 5, 6]
2026-05-21T04:08:14.770475Z [variant 3] [ENHANCED][1] split done: pieces=6
2026-05-21T04:08:14.770475Z [variant 3] [ENHANCED][2] type-decider done: profile=6 changed=6/6
2026-05-21T04:08:14.771474Z [variant 3] [ENHANCED][3] expected-path done: count=6
2026-05-21T04:08:14.772473Z [variant 3] [ENHANCED][4] area-review done: overflow=0 targets=0 pieces=6->6
2026-05-21T04:08:14.773474Z [variant 3] [ENHANCED][5] expected-velocity done: pieces=6 dbRows=7010
2026-05-21T04:08:14.773474Z [variant 3] [ENHANCED][6] 0302 export done: files=6
2026-05-21T04:08:14.774479Z [variant 3] [ENHANCED] total=419.0 ms
2026-05-21T04:08:14.775479Z [TIME] divide_and_pattern (variant=3): 419.1 ms
2026-05-21T04:08:14.775479Z [OK] IMP generated: 6 file(s) (variant=3)
2026-05-21T04:08:14.776479Z [TIME] build_0301+load (variant=3): 32.3 ms
2026-05-21T04:08:14.777478Z [OK] MissionPlan built: MissionPlan_1779336493454.json (variant=3)
2026-05-21T04:08:14.778478Z [TIME] collect_missions (variant=3): 12.7 ms, count=12
2026-05-21T04:08:14.779477Z [variant 3] [REEXEC-FIRST] current-position first mission builder armed: sourcePlan=700000006, inputMissionID=5, sourceTemplateInputID=4, aircraft=[4, 5, 6], entries=A4=37.8913202,128.1681618,alt=1997.0, A5=37.8999278,128.1642260,alt=2009.0, A6=37.8943178,128.2054460,alt=1969.0
2026-05-21T04:08:14.780477Z [variant 3] [REEXEC-FIRST] division planner area-division pieces=3
2026-05-21T04:08:14.780477Z [variant 3] [REEXEC-FIRST] division planner final workflow=no_split paths=3
2026-05-21T04:08:14.782480Z [variant 3] current remaining generic 0303 skipped: inputMissionID=5, missions=3, aircraft=[4, 5, 6], pathIDs=[400000001, 500000001, 600000001]
2026-05-21T04:08:14.782480Z [INFO] FlightPath build mode (variant=3): 0303=aircraft_parallel workers=2 aircraft=3, 0304=sequential
2026-05-21T04:08:14.783478Z [REPLAN][METRIC] flightpath_build_0303 variant=3 option=5 recon=0 mode=parallel_core buildMode=aircraft_parallel workers=2 aircraft=3 paths=3 reassignedWaypoints=9 elapsed_ms=127.242 fallback=- worker_ms=4:60.485|5:63.695|6:65.472
2026-05-21T04:08:14.784478Z [INFO] FlightPath build time: 0303=127.2 ms, 0304=1.9 ms
2026-05-21T04:08:14.785478Z [variant 3] current remaining collaborative hybrid applied: inputMissionID=5, aircraft=[4, 5, 6], removedPaths=3, workflow=reexecute_first_mission:no_split
2026-05-21T04:08:14.785478Z [INFO] Applied LAH-UAV ETA follow speed plan (variant=3)
2026-05-21T04:08:14.786477Z [OK] FlightPath counts (variant=3): 0303=6 / 0304=6
2026-05-21T04:08:14.787477Z [REPLAN][METRIC] flightpath_counts variant=3 option=5 recon=0 mode=parallel_core paths0303=6 paths0304=6 pathsTotal=12 waypoints0303=15 waypoints0304=12 waypointsTotal=27 maxWaypointsPerPath=3 emptyPaths=0 formationPaths=0
2026-05-21T04:08:15.980052Z [REPLAN][TIME] variant_started_ms=320.4 wall_ms=1779336493036 variant=2 option=4 mode=parallel_core
2026-05-21T04:08:15.981052Z [REPLAN][TIME] variant_core_finished_ms=3264.5 wall_ms=1779336495980 variant=2 option=4 mode=parallel_core status=success duration_ms=2944.088
2026-05-21T04:08:15.981052Z [STEP 1.2] Divide & Pattern start
2026-05-21T04:08:15.982053Z [variant 2] [ENHANCED][1] split start: uavs=[4, 5, 6]
2026-05-21T04:08:15.982053Z [variant 2] [ENHANCED][1] split done: pieces=6
2026-05-21T04:08:15.983053Z [variant 2] [REPLAN][METRIC] recon_area_review_before option=4 pieces=6 areaPieces=3 maxSegmentM=600.000 maxSplitCountLimit=0 minSegmentM=0.000 fixedFovDeg=2.400 areaFovDeg=2.400 sweepSeparationM=1000.000 sweepSeparationScale=1.000 turnRadiusM=800.000
2026-05-21T04:08:15.983053Z [variant 2] [REPLAN][METRIC] recon_area_review option=4 elapsed_ms=168.496 maxSegmentM=600.000 maxSplitCountLimit=0 minSegmentM=0.000 pieces_before=6 pieces_after=16 area_before=3 area_after=13 targets=3 localized=3 changed_details=3 detail_count=3 split_count_sum=13 raw_split_count_sum=13 max_split_count=5 max_raw_split_count=5 split_capped_count=0 max_projected_span_m=2497.311 max_total_len_m=0.000 max_segment_len_m=538.930 fixedFovDeg=2.400 areaFovDeg=2.400 sweepSeparationM=1000.000 sweepSeparationScale=1.000 turnRadiusM=800.000 reasons=-
2026-05-21T04:08:15.983053Z [variant 2] [ENHANCED][1R] recon-area-review done: targets=3 localized=3 pieces=6->16
2026-05-21T04:08:15.984053Z [variant 2] [ENHANCED][2] type-decider done: profile=6 changed=16/16
2026-05-21T04:08:15.984053Z [variant 2] [ENHANCED][3] expected-path done: count=16
2026-05-21T04:08:15.984053Z [variant 2] [ENHANCED][4] area-review done: overflow=0 targets=0 pieces=16->16
2026-05-21T04:08:15.985053Z [variant 2] [ENHANCED][5] expected-velocity done: pieces=16 dbRows=7010
2026-05-21T04:08:15.985053Z [variant 2] [ENHANCED][6] 0302 export done: files=6
2026-05-21T04:08:15.985053Z [variant 2] [ENHANCED] total=447.1 ms
2026-05-21T04:08:15.986053Z [TIME] divide_and_pattern (variant=2): 447.3 ms
2026-05-21T04:08:15.986053Z [OK] IMP generated: 6 file(s) (variant=2)
2026-05-21T04:08:15.986053Z [TIME] build_0301+load (variant=2): 16.6 ms
2026-05-21T04:08:15.986053Z [OK] MissionPlan built: MissionPlan_1779336493483.json (variant=2)
2026-05-21T04:08:15.987053Z [TIME] collect_missions (variant=2): 4.5 ms, count=22
2026-05-21T04:08:15.987053Z [variant 2] [REEXEC-FIRST] current-position first mission builder armed: sourcePlan=700000006, inputMissionID=5, sourceTemplateInputID=4, aircraft=[4, 5, 6], entries=A4=37.8913202,128.1681618,alt=1997.0, A5=37.8999278,128.1642260,alt=2009.0, A6=37.8943178,128.2054460,alt=1969.0
2026-05-21T04:08:15.988054Z [variant 2] [REEXEC-FIRST] division planner area-division pieces=3
2026-05-21T04:08:15.988054Z [variant 2] [REEXEC-FIRST] division planner final workflow=no_split paths=3
2026-05-21T04:08:15.988054Z [variant 2] current remaining generic 0303 skipped: inputMissionID=5, missions=13, aircraft=[4, 5, 6], pathIDs=[400000001, 400000002, 400000003, 400000004, 500000001, 500000002, 500000003, 500000004, 600000001, 600000002, 600000003, 600000004, 600000005]
2026-05-21T04:08:15.989052Z [INFO] FlightPath build mode (variant=2): 0303=aircraft_parallel workers=2 aircraft=3, 0304=sequential
2026-05-21T04:08:15.989052Z [REPLAN][METRIC] flightpath_build_0303 variant=2 option=4 recon=1 mode=parallel_core buildMode=aircraft_parallel workers=2 aircraft=3 paths=3 reassignedWaypoints=9 elapsed_ms=70.311 fallback=- worker_ms=4:52.645|5:55.199|6:16.557
2026-05-21T04:08:15.989052Z [INFO] FlightPath build time: 0303=70.3 ms, 0304=1.9 ms
2026-05-21T04:08:15.990054Z [variant 2] current remaining collaborative hybrid applied: inputMissionID=5, aircraft=[4, 5, 6], removedPaths=13, workflow=reexecute_first_mission:no_split
2026-05-21T04:08:15.990054Z [INFO] Applied LAH-UAV ETA follow speed plan (variant=2)
2026-05-21T04:08:15.990054Z [OK] FlightPath counts (variant=2): 0303=6 / 0304=6
2026-05-21T04:08:15.991053Z [REPLAN][METRIC] flightpath_counts variant=2 option=4 recon=1 mode=parallel_core paths0303=6 paths0304=6 pathsTotal=12 waypoints0303=15 waypoints0304=12 waypointsTotal=27 maxWaypointsPerPath=3 emptyPaths=0 formationPaths=0
2026-05-21T04:08:16.056156Z [TIME] pathID_mapping (variant=1, current_remaining_parallel_store): 75.6 ms
2026-05-21T04:08:16.057157Z [INFO] pathID mapping done after current remaining hybrid merge (variant=1, parallel_store)
2026-05-21T04:08:16.057157Z [INFO] FlightPath pathID enforced (variant=1): 0303=6, 0304=6
2026-05-21T04:08:16.103170Z [TIME] build_0302 (variant=1): 36.1 ms, packages=6
2026-05-21T04:08:16.103170Z [INFO] FlightPath individualMissionID synced (variant=1): fixed=12
2026-05-21T04:08:16.108174Z [TIME] write_0302 (variant=1): 5.4 ms, files=6
2026-05-21T04:08:16.142729Z [TIME] write_FlightPath (variant=1): 30.0 ms, files=12
2026-05-21T04:08:16.142729Z [REPLAN][METRIC] flightpath_write variant=1 option=6 recon=0 mode=parallel_store files0303=6 files0304=6 filesTotal=12 write_ms=30.007
2026-05-21T04:08:16.143729Z [TIME] write_0301 (variant=1): 1.2 ms
2026-05-21T04:08:16.144729Z [OK] Stored variant 1: MissionPlanID=700000009, IMP=6, FlightPath=12
2026-05-21T04:08:16.144729Z [REPLAN][TIME] variant_finished_ms=3428.8 wall_ms=1779336496143 variant=1 option=6 mode=parallel_store status=success duration_ms=1422.554
2026-05-21T04:08:16.145730Z [TIME] variant_total (variant=1): 1422.6 ms
2026-05-21T04:08:16.145730Z [INFO] Option mapping #1: planID=700000009, optionCode=6(정찰/시간 균형)
2026-05-21T04:08:16.224950Z [TIME] pathID_mapping (variant=2, current_remaining_parallel_store): 77.7 ms
2026-05-21T04:08:16.224950Z [INFO] pathID mapping done after current remaining hybrid merge (variant=2, parallel_store)
2026-05-21T04:08:16.224950Z [INFO] FlightPath pathID enforced (variant=2): 0303=6, 0304=6
2026-05-21T04:08:16.280062Z [TIME] build_0302 (variant=2): 38.0 ms, packages=6
2026-05-21T04:08:16.280062Z [INFO] FlightPath individualMissionID synced (variant=2): fixed=12
2026-05-21T04:08:16.284063Z [TIME] write_0302 (variant=2): 4.4 ms, files=6
2026-05-21T04:08:16.318568Z [TIME] write_FlightPath (variant=2): 29.5 ms, files=12
2026-05-21T04:08:16.318568Z [REPLAN][METRIC] flightpath_write variant=2 option=4 recon=1 mode=parallel_store files0303=6 files0304=6 filesTotal=12 write_ms=29.470
2026-05-21T04:08:16.319569Z [TIME] write_0301 (variant=2): 0.9 ms
2026-05-21T04:08:16.319569Z [OK] Stored variant 2: MissionPlanID=700000010, IMP=6, FlightPath=12
2026-05-21T04:08:16.320617Z [REPLAN][TIME] variant_finished_ms=3604.4 wall_ms=1779336496319 variant=2 option=4 mode=parallel_store status=success duration_ms=3116.256
2026-05-21T04:08:16.320617Z [TIME] variant_total (variant=2): 3116.3 ms
2026-05-21T04:08:16.321615Z [INFO] Option mapping #2: planID=700000010, optionCode=4(정찰특화)
2026-05-21T04:08:16.399497Z [TIME] pathID_mapping (variant=3, current_remaining_parallel_store): 77.6 ms
2026-05-21T04:08:16.400497Z [INFO] pathID mapping done after current remaining hybrid merge (variant=3, parallel_store)
2026-05-21T04:08:16.400497Z [INFO] FlightPath pathID enforced (variant=3): 0303=6, 0304=6
2026-05-21T04:08:16.448675Z [TIME] build_0302 (variant=3): 38.4 ms, packages=6
2026-05-21T04:08:16.448675Z [INFO] FlightPath individualMissionID synced (variant=3): fixed=12
2026-05-21T04:08:16.454674Z [TIME] write_0302 (variant=3): 6.2 ms, files=6
2026-05-21T04:08:16.482184Z [TIME] write_FlightPath (variant=3): 23.9 ms, files=12
2026-05-21T04:08:16.483184Z [REPLAN][METRIC] flightpath_write variant=3 option=5 recon=0 mode=parallel_store files0303=6 files0304=6 filesTotal=12 write_ms=23.852
2026-05-21T04:08:16.484185Z [TIME] write_0301 (variant=3): 1.0 ms
2026-05-21T04:08:16.484185Z [OK] Stored variant 3: MissionPlanID=700000011, IMP=6, FlightPath=12
2026-05-21T04:08:16.485185Z [REPLAN][TIME] variant_finished_ms=3768.7 wall_ms=1779336496484 variant=3 option=5 mode=parallel_store status=success duration_ms=1889.035
2026-05-21T04:08:16.485185Z [TIME] variant_total (variant=3): 1889.0 ms
2026-05-21T04:08:16.485185Z [INFO] Option mapping #3: planID=700000011, optionCode=5(최소시간)
2026-05-21T04:08:16.486185Z [OK] Stored mission data: MissionPlan=3, IndividualMission=18, FlightPath=36
2026-05-21T04:08:16.487185Z [REPLAN][TIME] id_tab_update_deferred_ms=3771.1 wall_ms=1779336496486
2026-05-21T04:08:16.488185Z [REPLAN][TIME] pipeline_done_ms=3771.2 wall_ms=1779336496486 plans=3 force_direct=False
2026-05-21T04:08:16.488185Z [REPLAN][TIME] 0301_queued_ms=3771.2 wall_ms=1779336496486 plans=3
2026-05-21T04:08:16.488185Z [STEP 4] 0301 push queued (planIds=700000009, 700000010, 700000011)
2026-05-21T04:08:16.490185Z [0301] missionPlanID=700000009 전송
2026-05-21T04:08:16.491184Z [0301] missionPlanID=700000010 전송
2026-05-21T04:08:16.492185Z [0301] missionPlanID=700000011 전송
2026-05-21T04:08:16.492185Z [PUSH] 0301 direct batch send
2026-05-21T04:08:16.493189Z [REPLAN][TIME] 0301_sent_ms=3778.1 wall_ms=1779336496493 plans=3
2026-05-21T04:08:16.494187Z [REPLAN][TIME] post_0301_delivery_queued_ms=3778.5 wall_ms=1779336496494 grace_ms=0 timeout_ms=20 force_direct=0 mode=option_or_0901
2026-05-21T04:08:16.494187Z [INFO] Post-0301 apply queued (mode=option_or_0901, grace=0ms, timeout=20ms, plans=3)
2026-05-21T04:08:16.495188Z [REPLAN][TIME] 0305_status_2_ms=3779.8 wall_ms=1779336496495 reason=협업기저임무 재수행 요청
2026-05-21T04:08:16.495188Z [0305] status=2, reason=협업기저임무 재수행 요청, elapsed=3.67s 전송
2026-05-21T04:08:16.496189Z [REPLAN][TIME] post_0301_completion_ready_ms=3780.4 wall_ms=1779336496495 mode=option_or_0901
2026-05-21T04:08:16.496189Z [REPLAN][METRIC] source_artifact_cache entries=34 hits=28 misses=34
2026-05-21T04:08:16.515048Z [INFO] Post-0301 ready (timeout) -> sending 0901
2026-05-21T04:08:16.515048Z [REPLAN][TIME] post_0301_flushed_ms=3800.1 wall_ms=1779336496515 delivery=0901 trigger=timeout
2026-05-21T04:08:16.517049Z [REPLAN][TIME] 0901_sent_ms=3801.4 wall_ms=1779336496517 options=3
2026-05-21T04:08:16.517049Z [0901] option request sent (count=3, codes=6(정찰/시간 균형), 4(정찰특화), 5(최소시간))
2026-05-21T04:08:16.518048Z [REPLAN][TIME] id_tab_update_flushed_ms=3802.5 wall_ms=1779336496518
2026-05-21T04:08:48.237101Z [REPLAN][TIME] 0902_received_ms=0.1 wall_ms=1779336528237 trigger=attack_2_option replanLevel=2 optionCount=2 forceDirect=0
2026-05-21T04:08:48.238099Z [REPLAN][TIME] 0902_archived_ms=0.9 wall_ms=1779336528238 path=replan_request_832651727240.json
2026-05-21T04:08:48.238099Z [AUTO] 0902 received (planIds=700000012, 700000013)
2026-05-21T04:08:48.239101Z [REPLAN][TIME] pipeline_scheduled_ms=1.5 wall_ms=1779336528238 delay_ms=0
2026-05-21T04:08:48.239101Z [REPLAN][TIME] scheduled_start_ms=2.2 wall_ms=1779336528239
2026-05-21T04:08:48.240101Z [REPLAN][TIME] 0305_status_1_ms=3.2 wall_ms=1779336528240 reason=표적9 발견 재계획
2026-05-21T04:08:48.241101Z [0305] status=1, reason=표적9 발견 재계획 전송
2026-05-21T04:08:48.243107Z [STEP 0] Replan pipeline start (reason=표적9 발견 재계획)
2026-05-21T04:08:48.244105Z [REPLAN][TIME] attack_exclusion_parallel_started_ms=6.6 wall_ms=1779336528244 option_index=2 sourcePlanID=700000009
2026-05-21T04:08:48.244105Z [ATTACK-EXCLUDE] parallel generation started (sourcePlanID=700000009, optionIndex=2)
2026-05-21T04:08:48.245108Z [ATTACK] 공격 특화 재계획 요청 감지 → 전용 파이프라인 실행
2026-05-21T04:08:48.252107Z [ATTACK] [TIME] select_manned_aircraft=8ms
2026-05-21T04:08:48.252107Z [ATTACK] STEP1 Selected manned aircraft: aircraft 2 (fuel=14.526110649108887, coord=(37.926483154296875, 128.1553192138672, alt=1742))
2026-05-21T04:08:48.258616Z [ATTACK] [TIME] load_target_entries=5ms
2026-05-21T04:08:48.259617Z [ATTACK] STEP2 UAV tracking summary: watcher 4?’target 7, watcher 5?’target 8, watcher 6?’target 9
2026-05-21T04:08:48.259617Z [ATTACK] STEP2.5 Using bundled 0402 targets: target=9 watcher=6
2026-05-21T04:08:48.262617Z [ATTACK] [ATTACK] Selected target id=9 type=3 weaponType=3 (preferred=3, ammo={'type1': 5, 'type2': 10, 'type3': 100})
2026-05-21T04:08:48.266616Z [ATTACK] [TIME] compute_attack_point=4ms
2026-05-21T04:08:48.267617Z [ATTACK] STEP3 Attack plan completed: lat=37.920356, lon=128.173185, alt=300m
2026-05-21T04:08:48.268616Z [ATTACK] [ATTACK] Using remembered waypoint 600218 for watcher 6 while auto-tracking.
2026-05-21T04:08:48.270616Z [ATTACK] [ATTACK] Weapon choice aircraft=2 preferred=3 selected=3 ammo={'type1': 5, 'type2': 10, 'type3': 100}
2026-05-21T04:08:48.270616Z [ATTACK] [ATTACK][ETA] Tracking ETA computed with LAH max attack speed (dist=1708.8m, speed=73.61m/s, +30s) -> 53s
2026-05-21T04:08:48.271617Z [ATTACK] [ATTACK] Using requested missionPlanID 700000012 (sourcePlanID=700000009)
2026-05-21T04:08:48.275622Z [ATTACK] [ATTACK][POINT] Primary target adaptive standoff mode=candidate_within_standoff currentDist=3708.7770277984973m candidateDist=1999.9999999995237m standoff=300.0/2000.0m.
2026-05-21T04:08:48.276623Z [ATTACK] [ATTACK][ETA] UAV 4 remaining mission time: 0.0s
2026-05-21T04:08:48.279622Z [ATTACK] [ATTACK][ETA] UAV 5 remaining mission time: 0.0s
2026-05-21T04:08:48.279622Z [ATTACK] [ATTACK][ETA] Non-tracking UAV ETA selected: UAV 4 with 0s remaining
2026-05-21T04:08:48.279622Z [ATTACK] [ATTACK][ETA] All tracking ETAs unified to 0s
2026-05-21T04:08:48.285621Z [ATTACK] [ATTACK][COLLAB] Remaining UAV entry lookahead applied: 9.0s (pathFollow=3, linearFallback=3, currentOnly=0)
2026-05-21T04:08:48.286623Z [ATTACK] [PRIOR] Falling back to first mission for aircraft 2 (current waypoint not found in plan).
2026-05-21T04:08:48.557018Z [ATTACK] [ATTACK][LAH] Using max attack speed 73.61m/s (265.0km/h) for aircraft 2.
2026-05-21T04:08:48.558055Z [ATTACK] [ATTACK][LAH] Inferred current waypoint from position -> 350211.
2026-05-21T04:08:48.558055Z [ATTACK] [ATTACK][LAH] Dropped current waypoint from resume path (currentWP=350211, nextWP=350212).
2026-05-21T04:08:49.033417Z [ATTACK] [ATTACK][LAH] Preserved completed prefix, inserted attack, and reattached 1 follow-up mission(s).
2026-05-21T04:08:49.037517Z [ATTACK] [ATTACK][LAH] Generated attack/resume missions -> IMP:800000062.json PATHS:200000021.json/200000022.json (followUps=1)
2026-05-21T04:08:49.037517Z [ATTACK] [PRIOR] Falling back to first mission for aircraft 1 (current waypoint not found in plan).
2026-05-21T04:08:49.234916Z [ATTACK] [ATTACK][LAH] Inferred current waypoint from position -> 350207.
2026-05-21T04:08:49.235916Z [ATTACK] [ATTACK][LAH] Dropped current waypoint from resume path (currentWP=350207, nextWP=350208).
2026-05-21T04:08:49.625891Z [ATTACK] [ATTACK][LAH] Preserved completed prefix, inserted hold, and reattached 1 follow-up mission(s).
2026-05-21T04:08:49.629891Z [ATTACK] [ATTACK][LAH] Generated hold/resume missions -> IMP:800000064.json PATHS:100000021.json/100000022.json (followUps=1)
2026-05-21T04:08:49.630892Z [ATTACK] [PRIOR] Falling back to first mission for aircraft 3 (current waypoint not found in plan).
2026-05-21T04:08:49.785398Z [ATTACK] [ATTACK][LAH] Inferred current waypoint from position -> 350215.
2026-05-21T04:08:49.786400Z [ATTACK] [ATTACK][LAH] Dropped current waypoint from resume path (currentWP=350215, nextWP=350216).
2026-05-21T04:08:50.091349Z [ATTACK] [ATTACK][LAH] Preserved completed prefix, inserted hold, and reattached 1 follow-up mission(s).
2026-05-21T04:08:50.095351Z [ATTACK] [ATTACK][LAH] Generated hold/resume missions -> IMP:800000068.json PATHS:300000021.json/300000022.json (followUps=1)
2026-05-21T04:08:50.096351Z [ATTACK] [NEXTCOLLAB] division planner area-division pieces=2
2026-05-21T04:08:50.097349Z [ATTACK] [NEXTCOLLAB] division planner final workflow=no_split paths=2
2026-05-21T04:08:50.097349Z [ATTACK] [ATTACK][COLLAB] Collaborative replacement IMP written (aircraft=4, imp=800000066.json, missions=1).
2026-05-21T04:08:50.097349Z [ATTACK] [ATTACK][COLLAB] Collaborative replacement IMP written (aircraft=5, imp=800000067.json, missions=1).
2026-05-21T04:08:50.097349Z [ATTACK] [ATTACK][COLLAB] First sweep searchSpeed boosted (aircraft=4, pathID=400000035, waypointID=600260, factor=1.30, old=634.67, new=825.07).
2026-05-21T04:08:50.098349Z [ATTACK] [ATTACK][COLLAB] First sweep searchSpeed boosted (aircraft=5, pathID=500000035, waypointID=600275, factor=1.30, old=454.84, new=591.29).
2026-05-21T04:08:50.098349Z [ATTACK] [ATTACK][COLLAB] Collaborative remaining mission replanned (inputMissionID=5, unavailable=[6], remaining=[4, 5], workflow=no_split).
2026-05-21T04:08:50.188900Z [ATTACK] [ATTACK][UAV] Resume trimmed by currentWP (lastRemovedWP=600217).
2026-05-21T04:08:50.230487Z [ATTACK] [ATTACK][UAV] Added replan anchor waypoint to done path (anchorWP=600293).
2026-05-21T04:08:50.231487Z [ATTACK] [ATTACK][UAV] Resume sweep trim applied (cutPoints=67, rawCutPoints=67, doneSweepPoints=0, pathID=600000023).
2026-05-21T04:08:50.273061Z [ATTACK] [ATTACK][UAV] Resume searchSpeed scaled (factor=1.30, waypoints=1).
2026-05-21T04:08:50.410119Z [ATTACK] [ATTACK][COLLAB] Tracking UAV resume replaced with release transit (aircraft=6, targetFinishEta=92, speed=58.0m/s).
2026-05-21T04:08:50.411119Z [ATTACK] [ATTACK][UAV] Preserved completed prefix, inserted tracking, and reattached 1 follow-up mission(s).
2026-05-21T04:08:50.432636Z [ATTACK] [ATTACK][UAV] Generated tracking/resume missions -> IMP:800000069.json PATHS:600000033.json/600000034.json (followUps=1)
2026-05-21T04:08:50.440636Z [ATTACK] [ATTACK][UAV] Tracking assignment state saved (aircraft=6, sourcePlan=700000009, attackPlan=700000012).
2026-05-21T04:08:50.440636Z [ATTACK] [ATTACK][COLLAB] Aircraft 4 handled by collaborative remaining replan (inputMissionID=5).
2026-05-21T04:08:50.441636Z [ATTACK] [ATTACK][COLLAB] Aircraft 5 handled by collaborative remaining replan (inputMissionID=5).
2026-05-21T04:08:50.451145Z [ATTACK] [ATTACK][PLAN] carried area remaining snapshot -> mission_area_snapshot_700000012.json (sourcePlanID=700000009, planID=700000012)
2026-05-21T04:08:50.451145Z [ATTACK] [ATTACK][PLAN] MissionPlan saved -> 700000012.json (planID=700000012)
2026-05-21T04:08:50.452144Z [ATTACK] [ATTACK][TIME] override_detail={"phases": {"metadata_normalize": {"elapsedMs": 0.003, "attackTargetCount": 1, "selectedMannedCount": 1}, "agent_index": {"elapsedMs": 0.036, "aircraftCount": 6}, "weapon_choice": {"elapsedMs": 1.338, "selectedWeaponType": 3, "ammoAvailable": true}, "initial_tracking_eta": {"elapsedMs": 0.294, "useDetectionTracking": true, "trackingEtaS": 53}, "resolve_source_plan": {"elapsedMs": 0.41, "sourcePlanID": 700000009}, "source_plan_load": {"elapsedMs": 0.237, "sourcePlanID": 700000009, "aircraftCount": 6}, "sweep_progress_load": {"elapsedMs": 0.302, "entries": 30}, "plan_id_resolve": {"elapsedMs": 0.01, "requested": true, "missionPlanID": 700000012}, "source_artifact_cache_build": {"elapsedMs": 0.009, "aircraftEntries": 6}, "done_input_ids_load": {"elapsedMs": 0.716, "count": 3}, "plan_deepcopy": {"elapsedMs": 0.021}, "target_uav_assignment": {"elapsedMs": 0.356, "assignedTargetCount": 1, "usedTrackingUavCount": 1}, "manned_sequence_assignment": {"elapsedMs": 1.405, "aircraftCount": 1, "error": null}, "attack_coordinate_resolution": {"elapsedMs": 1.244, "resolvedCount": 1, "mannedSequenceCount": 1}, "remaining_eta": {"elapsedMs": 3.89, "allUavCount": 3, "trackingUavCount": 1, "computedEtaCount": 1, "adjustedEtaS": 0}, "descriptor_list_build": {"elapsedMs": 0.014, "descriptorCount": 6, "activeMannedCount": 1, "otherLahCount": 2, "otherUavCount": 2}, "collab_tracking_scan": {"elapsedMs": 1.458, "inputCount": 1, "unavailableUavCount": 1}, "collab_agent_state_map": {"elapsedMs": 4.244, "aircraftCount": 6}, "collab_parallel_started": {"elapsedMs": 0.572, "inputCount": 1, "workers": 1}, "collab_parallel_join": {"elapsedMs": 1.955, "waitReason": "UAV_TRACK", "inputCount": 1}, "descriptor_loop": {"elapsedMs": 2155.251, "descriptorCount": 6, "updateCount": 4}, "final_collab_plan_update": {"elapsedMs": 0.007, "collabInputCount": 1}, "mission_plan_write": {"elapsedMs": 9.736, "missionPlanID": 700000012}, "option_meta_build": {"elapsedMs": 0.027, "targetCount": 1, "collabInputCount": 1}}, "collabRuns": [{"inputMissionID": 5, "unavailableAircraftIDs": [6], "elapsedMs": 1409.928, "status": "ok", "replacementAircraftIDs": [4, 5], "generatedPathCount": 2, "finishEtaS": 92, "workflow": "no_split"}], "descriptorDetails": [{"aircraftID": 2, "label": "manned", "mode": "LAH_ATTACK", "resolveArtifacts": {"elapsedMs": 0.385, "currentWaypointID": null, "sourcePathID": 200000015, "sourceImpID": 800000044}, "loadArtifacts": {"elapsedMs": 0.002, "impLoaded": true, "fpLoaded": true}, "cloneAndLocateMission": {"elapsedMs": 0.027, "missionCount": 2, "targetIndex": 0}, "allocateAndPlanUpdate": {"elapsedMs": 9.517, "newImpID": 800000062}, "builder": {"elapsedMs": 741.29, "builderMode": "LAH_ATTACK"}, "builderDetail": {"allocate_ids": {"elapsedMs": 259.713, "attackPathID": 200000021, "resumePathID": 200000022, "attackIndividualID": 900000145, "resumeIndividualID": 900000146, "entryWaypointID": 600246, "attackWaypointID": 600248}, "split_lah_resume": {"elapsedMs": 275.815, "resumeWaypointCount": 1, "removedWaypointID": 350211}, "clone_followups": {"elapsedMs": 113.671, "followUpMissionCount": 1, "followUpPathCount": 1}, "payload_build": {"elapsedMs": 85.83, "hasResume": true, "followUpMissionCount": 1, "attackSpeedMps": 73.61}, "write_json": {"elapsedMs": 3.19, "fileCount": 4}, "totalMs": 740.36}, "status": "ok", "elapsedMs": 751.277}, {"aircraftID": 1, "label": "lah_hold_1", "mode": "LAH_HOLD_RESUME", "resolveArtifacts": {"elapsedMs": 0.391, "currentWaypointID": null, "sourcePathID": 100000015, "sourceImpID": 800000043}, "loadArtifacts": {"elapsedMs": 0.005, "impLoaded": true, "fpLoaded": true}, "cloneAndLocateMission": {"elapsedMs": 0.054, "missionCount": 2, "targetIndex": 0}, "allocateAndPlanUpdate": {"elapsedMs": 63.953, "newImpID": 800000064}, "builder": {"elapsedMs": 528.6, "builderMode": "LAH_HOLD_RESUME"}, "builderDetail": {"allocate_ids": {"elapsedMs": 132.887, "holdPathID": 100000021, "resumePathID": 100000022, "holdIndividualID": 900000152, "resumeIndividualID": 900000153}, "split_lah_resume": {"elapsedMs": 217.363, "resumeWaypointCount": 1, "removedWaypointID": 350207}, "clone_followups": {"elapsedMs": 119.044, "followUpMissionCount": 1, "followUpPathCount": 1}, "payload_build": {"elapsedMs": 172.8, "hasResume": true, "followUpMissionCount": 1}, "write_json": {"elapsedMs": 3.353, "fileCount": 4}, "totalMs": 528.58}, "status": "ok", "elapsedMs": 593.073}, {"aircraftID": 3, "label": "lah_hold_3", "mode": "LAH_HOLD_RESUME", "resolveArtifacts": {"elapsedMs": 0.348, "currentWaypointID": null, "sourcePathID": 300000015, "sourceImpID": 800000045}, "loadArtifacts": {"elapsedMs": 0.003, "impLoaded": true, "fpLoaded": true}, "cloneAndLocateMission": {"elapsedMs": 0.03, "missionCount": 2, "targetIndex": 0}, "allocateAndPlanUpdate": {"elapsedMs": 59.562, "newImpID": 800000068}, "builder": {"elapsedMs": 405.562, "builderMode": "LAH_HOLD_RESUME"}, "builderDetail": {"allocate_ids": {"elapsedMs": 94.706, "holdPathID": 300000021, "resumePathID": 300000022, "holdIndividualID": 900000157, "resumeIndividualID": 900000158}, "split_lah_resume": {"elapsedMs": 213.481, "resumeWaypointCount": 1, "removedWaypointID": 350215}, "clone_followups": {"elapsedMs": 52.432, "followUpMissionCount": 1, "followUpPathCount": 1}, "payload_build": {"elapsedMs": 92.19, "hasResume": true, "followUpMissionCount": 1}, "write_json": {"elapsedMs": 2.988, "fileCount": 4}, "totalMs": 405.546}, "status": "ok", "elapsedMs": 465.553}, {"aircraftID": 6, "label": "uav_tracking_6", "mode": "UAV_TRACK", "resolveArtifacts": {"elapsedMs": 0.01, "currentWaypointID": 600218, "sourcePathID": 600000023, "sourceImpID": 800000048}, "loadArtifacts": {"elapsedMs": 0.002, "impLoaded": true, "fpLoaded": true}, "cloneAndLocateMission": {"elapsedMs": 0.047, "missionCount": 2, "targetIndex": 0}, "allocateAndPlanUpdate": {"elapsedMs": 6.673, "newImpID": 800000069}, "builder": {"elapsedMs": 327.788, "builderMode": "UAV_TRACK"}, "builderDetail": {"allocate_ids": {"elapsedMs": 82.423, "donePathID": 600000032, "attackPathID": 600000033, "resumePathID": 600000034, "trackingIndividualID": 900000160, "resumeIndividualID": 900000161, "targetWaypointID": 600292}, "split_done_resume": {"elapsedMs": 129.054, "sourceSinglePoint": false, "doneWaypointCount": 2, "resumeWaypointCount": 1, "removedWaypointID": 600217}, "clone_followups": {"elapsedMs": 53.718, "followUpMissionCount": 1, "followUpPathCount": 1}, "release_resume": {"elapsedMs": 38.236, "releaseWaypointCount": 2, "targetFinishEtaS": 92}, "write_json": {"elapsedMs": 20.051, "fileCount": 5}, "totalMs": 326.774}, "trackingState": {"elapsedMs": 7.418}, "status": "ok", "elapsedMs": 342.409}, {"aircraftID": 4, "label": "uav_resume_4", "mode": "UAV_RESUME", "resolveArtifacts": {"elapsedMs": 0.012, "currentWaypointID": 600210, "sourcePathID": 400000026, "sourceImpID": 800000046}, "loadArtifacts": {"elapsedMs": 0.002, "impLoaded": true, "fpLoaded": true}, "cloneAndLocateMission": {"elapsedMs": 0.049, "missionCount": 2, "targetIndex": 0}, "status": "handled_by_collab", "elapsedMs": 0.436}, {"aircraftID": 5, "label": "uav_resume_5", "mode": "UAV_RESUME", "resolveArtifacts": {"elapsedMs": 0.009, "currentWaypointID": 600214, "sourcePathID": 500000026, "sourceImpID": 800000047}, "loadArtifacts": {"elapsedMs": 0.001, "impLoaded": true, "fpLoaded": true}, "cloneAndLocateMission": {"elapsedMs": 0.047, "missionCount": 2, "targetIndex": 0}, "status": "handled_by_collab", "elapsedMs": 0.358}], "totalMs": 2181}
2026-05-21T04:08:50.452144Z [ATTACK] [ATTACK][TIME] override_total=2181ms
2026-05-21T04:08:50.453144Z [ATTACK] [TIME] apply_attack_plan_overrides=2185ms
2026-05-21T04:08:50.460146Z [ATTACK] [TIME] timingMs={"read_source": 15.455, "descriptor_build": 3.201, "write_artifacts": 2190.971, "delivery_wait": 6.694}
2026-05-21T04:08:50.460146Z [ATTACK] [TIME] total=2217ms
2026-05-21T04:08:50.463151Z [ATTACK] 분석 로그 저장: C:\Users\LAHMUMT_2\Desktop\DSS_KU\Logs\Scenario_2026-05-21T130506\SBC3\DSS_Internal\log_attack_algorithm_20260521T040850_461152.json
2026-05-21T04:08:50.465151Z [ATTACK] mark target used: targetIDs=9
2026-05-21T04:08:50.472150Z [ATTACK-EXCLUDE] ATTACK-EXCLUDE using requested missionPlanID 700000013 (sourcePlanID=700000009)
2026-05-21T04:08:50.473150Z [ATTACK-EXCLUDE] [PRIOR][UAV] Resume trimmed by currentWP (lastRemovedWP=600209).
2026-05-21T04:08:50.473150Z [ATTACK-EXCLUDE] [PRIOR][UAV] Added replan anchor waypoint to done path (anchorWP=600247).
2026-05-21T04:08:50.473150Z [ATTACK-EXCLUDE] [PRIOR][UAV] Resume sweep trim applied (cutPoints=41, rawCutPoints=41, doneSweepPoints=0, pathID=400000026).
2026-05-21T04:08:50.474152Z [ATTACK-EXCLUDE] [PRIOR][UAV] Resume searchSpeed scaled (factor=1.30, waypoints=1).
2026-05-21T04:08:50.474152Z [ATTACK-EXCLUDE] [PRIOR][UAV] Generated done/resume mission -> aircraft=4 IMP:800000061.json PATHS:400000032.json/400000033.json
2026-05-21T04:08:50.475152Z [ATTACK-EXCLUDE] [PRIOR][UAV] Resume trimmed by currentWP (lastRemovedWP=600213).
2026-05-21T04:08:50.475152Z [ATTACK-EXCLUDE] [PRIOR][UAV] Added replan anchor waypoint to done path (anchorWP=600265).
2026-05-21T04:08:50.475152Z [ATTACK-EXCLUDE] [PRIOR][UAV] Resume sweep trim applied (cutPoints=95, rawCutPoints=95, doneSweepPoints=0, pathID=500000026).
2026-05-21T04:08:50.476152Z [ATTACK-EXCLUDE] [PRIOR][UAV] Resume searchSpeed scaled (factor=1.30, waypoints=1).
2026-05-21T04:08:50.476152Z [ATTACK-EXCLUDE] [PRIOR][UAV] Generated done/resume mission -> aircraft=5 IMP:800000063.json PATHS:500000032.json/500000033.json
2026-05-21T04:08:50.476152Z [ATTACK-EXCLUDE] [PRIOR][UAV] Resume trimmed by currentWP (lastRemovedWP=600217).
2026-05-21T04:08:50.477199Z [ATTACK-EXCLUDE] [PRIOR][UAV] Added replan anchor waypoint to done path (anchorWP=600282).
2026-05-21T04:08:50.477199Z [ATTACK-EXCLUDE] [PRIOR][UAV] Resume sweep trim applied (cutPoints=67, rawCutPoints=67, doneSweepPoints=0, pathID=600000023).
2026-05-21T04:08:50.478200Z [ATTACK-EXCLUDE] [PRIOR][UAV] Resume searchSpeed scaled (factor=1.30, waypoints=1).
2026-05-21T04:08:50.478200Z [ATTACK-EXCLUDE] [PRIOR][UAV] Generated done/resume mission -> aircraft=6 IMP:800000065.json PATHS:600000029.json/600000030.json
2026-05-21T04:08:50.478200Z [ATTACK-EXCLUDE] 공격 배제 MissionPlan 저장 -> 700000013.json (planID=700000013)
2026-05-21T04:08:50.479199Z [ATTACK-EXCLUDE] ATTACK-EXCLUDE carried area remaining snapshot -> mission_area_snapshot_700000013.json (sourcePlanID=700000009, planID=700000013)
2026-05-21T04:08:50.636283Z [ATTACK] 공격 임무 계획 완료 (planIds=700000012)
2026-05-21T04:08:50.636283Z [INFO] UAV params loaded (cruise=40.00, turn_step=15.0)
2026-05-21T04:08:50.636283Z [INFO] Latest input snapshot → 0201:ID=3,ts=832651692367,src=-, 0203:ID=-,ts=-,src=-
2026-05-21T04:08:50.637282Z [STEP 0] Using latest 0201 ID 3 (3.json)
2026-05-21T04:08:50.637282Z [INFO] Fallback 0203 file selected: 1.json
2026-05-21T04:08:50.637282Z [CHECK] 0201/0203 필수 데이터 확인 시작
2026-05-21T04:08:50.638283Z [OK] 0201 inputMissionList 확인됨 (count=5) → 진행
2026-05-21T04:08:50.638283Z [OK] 0201 availableAircraftList 확인됨 (count=6) → 진행
2026-05-21T04:08:50.638283Z [OK] 0201 inputMissionPackageType=1 확인
2026-05-21T04:08:50.639284Z [OK] 0201 mainSensor=1 확인
2026-05-21T04:08:50.639284Z [CHECK] 0201 기체 수=6 (UAV=3, LAH=3)
2026-05-21T04:08:50.639284Z [CHECK] 0201 임무: total=5 missingID=0 missingDetail=0 missingShape=0 unknownType=0 typeZeroAuto=0 typeZeroInvalid=0 lineOnlyViolation=0 skippedSinglePoint=0
2026-05-21T04:08:50.640284Z [OK] 0203 takeOverInfoList 확인됨 (count=3) → 진행
2026-05-21T04:08:50.640284Z [OK] 0203 handOverInfoList 확인됨 (count=3) → 진행
2026-05-21T04:08:50.640284Z [OK] 0203 flightAreaList 확인됨 (count=1) → 진행
2026-05-21T04:08:50.641284Z [CHECK] 0203 flightAreaList count=1
2026-05-21T04:08:50.641284Z [INFO] 임무 진행영역 스냅샷 적용: sourcePlan=700000009, updated=2, done=0
2026-05-21T04:08:50.641788Z [INFO] 임무 진행영역 재계획 collapse 적용: groups=2, normalized=3, 5
2026-05-21T04:08:50.641788Z [INFO] Filtered completed input missions (removed=1, 2, 4, converted=-, widthAdjusted=-, skippedSinglePoint=-, snapshot=updated=2, done=0, collapse=groups=2, normalized=3,5)
2026-05-21T04:08:50.641788Z [REPLAN][TIME] variant_started_ms=2235.4 wall_ms=1779336530472 variant=1 option=3 mode=attack_exclusion
2026-05-21T04:08:50.642793Z [variant 1] 공격 배제 병렬 결과 병합
2026-05-21T04:08:50.642793Z [REPLAN][TIME] attack_exclusion_parallel_joined_ms=2242.2 wall_ms=1779336530479 variant=1 duration_ms=1632.523 wait_ms=0.004
2026-05-21T04:08:50.643793Z [OK] 공격 배제 variant 저장: MissionPlanID=700000013 (elapsed=1632.5 ms)
2026-05-21T04:08:50.643793Z [INFO] Option mapping #1: planID=700000013, optionCode=3(공격배제)
2026-05-21T04:08:50.643793Z [REPLAN][TIME] variant_finished_ms=2242.4 wall_ms=1779336530479 variant=1 option=3 mode=attack_exclusion status=success duration_ms=1632.523
2026-05-21T04:08:50.644793Z [OK] Stored mission data: MissionPlan=1, IndividualMission=0, FlightPath=0
2026-05-21T04:08:50.644793Z [REPLAN][TIME] id_tab_update_deferred_ms=2243.5 wall_ms=1779336530480
2026-05-21T04:08:50.644793Z [REPLAN][TIME] pipeline_done_ms=2243.5 wall_ms=1779336530480 plans=2 force_direct=False
2026-05-21T04:08:50.644793Z [REPLAN][TIME] 0301_queued_ms=2243.5 wall_ms=1779336530480 plans=2
2026-05-21T04:08:50.645793Z [STEP 4] 0301 push queued (planIds=700000012, 700000013)
2026-05-21T04:08:50.646793Z [0301] missionPlanID=700000012 전송
2026-05-21T04:08:50.646793Z [0301] missionPlanID=700000013 전송
2026-05-21T04:08:50.647793Z [PUSH] 0301 direct batch send
2026-05-21T04:08:50.647793Z [REPLAN][TIME] 0301_sent_ms=2410.8 wall_ms=1779336530647 plans=2
2026-05-21T04:08:50.647793Z [REPLAN][TIME] post_0301_delivery_queued_ms=2411.1 wall_ms=1779336530647 grace_ms=0 timeout_ms=20 force_direct=0 mode=option_or_0901
2026-05-21T04:08:50.648799Z [INFO] Post-0301 apply queued (mode=option_or_0901, grace=0ms, timeout=20ms, plans=2)
2026-05-21T04:08:50.649796Z [REPLAN][TIME] 0305_status_2_ms=2412.4 wall_ms=1779336530649 reason=표적9 발견 재계획
2026-05-21T04:08:50.649796Z [0305] status=2, reason=표적9 발견 재계획, elapsed=2.41s 전송
2026-05-21T04:08:50.649796Z [REPLAN][TIME] post_0301_completion_ready_ms=2413.1 wall_ms=1779336530649 mode=option_or_0901
2026-05-21T04:08:50.650798Z [REPLAN][METRIC] source_artifact_cache entries=21 hits=39 misses=21
2026-05-21T04:08:50.674303Z [INFO] Post-0301 ready (timeout) -> sending 0901
2026-05-21T04:08:50.675306Z [REPLAN][TIME] post_0301_flushed_ms=2437.9 wall_ms=1779336530675 delivery=0901 trigger=timeout
2026-05-21T04:08:50.676305Z [REPLAN][TIME] 0901_sent_ms=2439.2 wall_ms=1779336530676 options=2
2026-05-21T04:08:50.676305Z [0901] option request sent (count=2, codes=2(공격특화), 3(공격배제))
2026-05-21T04:08:50.677306Z [REPLAN][TIME] id_tab_update_flushed_ms=2439.9 wall_ms=1779336530677
2026-05-21T04:09:29.931438Z [REPLAN][TIME] 0902_received_ms=0.0 wall_ms=1779336569931 trigger=post_attack_direct replanLevel=2 optionCount=1 forceDirect=1
2026-05-21T04:09:29.931438Z [REPLAN][TIME] 0902_archived_ms=0.6 wall_ms=1779336569931 path=replan_request_832651769813.json
2026-05-21T04:09:29.932437Z [AUTO] 0902 received (planIds=700000014)
2026-05-21T04:09:29.932437Z [REPLAN][TIME] pipeline_scheduled_ms=1.3 wall_ms=1779336569932 delay_ms=0
2026-05-21T04:09:29.933437Z [REPLAN][TIME] scheduled_start_ms=1.8 wall_ms=1779336569933
2026-05-21T04:09:29.933437Z [REPLAN][TIME] 0305_status_1_ms=2.7 wall_ms=1779336569933 reason=표적9 격파 후 복귀
2026-05-21T04:09:29.934437Z [0305] status=1, reason=표적9 격파 후 복귀 전송
2026-05-21T04:09:29.936436Z [STEP 0] Replan pipeline start (reason=표적9 격파 후 복귀)
2026-05-21T04:09:29.937437Z [POSTATTACK] 공격 종료 재계획 요청 감지 → 복귀 협업 재계획 평가 실행
2026-05-21T04:09:29.944944Z [POSTATTACK] watcher mismatch on closure detail -> using trackingAircraftIDList fallback (eventWatcher=2, trackingAircraft=6).
2026-05-21T04:09:29.970950Z [POSTATTACK] [PRIOR] Falling back to first pending mission for aircraft 2 (current waypoint not found in plan).
2026-05-21T04:09:30.006996Z [POSTATTACK] [POSTATTACK][LAH] Trimmed stale start waypoint(s) before replan anchor (aircraft=2, pathID=200000022, removedWaypoints=1, firstWP=600302).
2026-05-21T04:09:30.137389Z [POSTATTACK] [POSTATTACK][LAH] returning LAH resume package written (aircraft=2, imp=800000070.json, missions=2).
2026-05-21T04:09:30.138388Z [POSTATTACK] [POSTATTACK][ACTIVE-DONE] completion hold extended for returning UAV rejoin (hold=64s).
2026-05-21T04:09:30.229145Z [POSTATTACK] [POSTATTACK][ACTIVE-SUFFIX] Resume trimmed by currentWP (lastRemovedWP=600259).
2026-05-21T04:09:30.265261Z [POSTATTACK] [POSTATTACK][ACTIVE-SUFFIX] Added replan anchor waypoint to done path (anchorWP=600311).
2026-05-21T04:09:30.265261Z [POSTATTACK] [POSTATTACK][ACTIVE-SUFFIX] Resume sweep trim applied (cutPoints=107, rawCutPoints=107, doneSweepPoints=0, pathID=400000035).
2026-05-21T04:09:30.296400Z [POSTATTACK] [POSTATTACK][ACTIVE-SUFFIX] Resume searchSpeed scaled (factor=1.30, waypoints=1).
2026-05-21T04:09:30.346913Z [POSTATTACK] [POSTATTACK][ACTIVE-SUFFIX] Generated done/resume mission -> aircraft=4 IMP:800000071.json PATHS:400000036.json/400000037.json
2026-05-21T04:09:30.450498Z [POSTATTACK] [POSTATTACK][ACTIVE-SUFFIX] Resume trimmed by currentWP (lastRemovedWP=600274).
2026-05-21T04:09:30.490005Z [POSTATTACK] [POSTATTACK][ACTIVE-SUFFIX] Added replan anchor waypoint to done path (anchorWP=600318).
2026-05-21T04:09:30.491005Z [POSTATTACK] [POSTATTACK][ACTIVE-SUFFIX] Resume sweep trim applied (cutPoints=53, rawCutPoints=53, doneSweepPoints=0, pathID=500000035).
2026-05-21T04:09:30.529092Z [POSTATTACK] [POSTATTACK][ACTIVE-SUFFIX] Resume searchSpeed scaled (factor=1.30, waypoints=1).
2026-05-21T04:09:30.586630Z [POSTATTACK] [POSTATTACK][ACTIVE-SUFFIX] Generated done/resume mission -> aircraft=5 IMP:800000072.json PATHS:500000036.json/500000037.json
2026-05-21T04:09:30.650773Z [POSTATTACK] [POSTATTACK][TRACK-RETURN] short return path collapsed (aircraft=6, distance=898.0m, threshold=2000.0m).
2026-05-21T04:09:30.733168Z [POSTATTACK] [POSTATTACK][TRACK-RETURN] tracking branch replaced with return-only package (aircraft=6, imp=800000073.json, path=600000036.json, hold=64s, followUps=1, speed=58.0).
2026-05-21T04:09:30.747172Z [POSTATTACK] [ATTACK-SLOT] released manned attack slots after closed tracking assignments -> inputMissionPackageID=3, aircraft=[2].
2026-05-21T04:09:30.757171Z [POSTATTACK] carried area remaining snapshot -> mission_area_snapshot_700000014.json (sourcePlan=700000012, plan=700000014).
2026-05-21T04:09:30.758335Z [POSTATTACK] MissionPlan updated for post-attack rejoin -> 700000014.json (sourcePlan=700000012, updatedAircraft=[2, 4, 5, 6]).
2026-05-21T04:09:30.761335Z [REPLAN][TIME] pipeline_done_ms=829.7 wall_ms=1779336570760 plans=1 force_direct=True
2026-05-21T04:09:30.762335Z [REPLAN][TIME] 0301_queued_ms=829.7 wall_ms=1779336570761 plans=1
2026-05-21T04:09:30.762335Z [STEP 4] 0301 push queued (planIds=700000014)
2026-05-21T04:09:30.763335Z [INFO] Direct delivery -> skip 0901/0701, send 0301+0903 only
2026-05-21T04:09:30.764335Z [0301] missionPlanID=700000014 전송
2026-05-21T04:09:30.764335Z [PUSH] 0301 direct batch send
2026-05-21T04:09:30.764335Z [REPLAN][TIME] 0301_sent_ms=833.5 wall_ms=1779336570764 plans=1
2026-05-21T04:09:30.765335Z [REPLAN][TIME] post_0301_delivery_queued_ms=833.8 wall_ms=1779336570765 grace_ms=0 timeout_ms=1200 force_direct=1 mode=direct_0903
2026-05-21T04:09:30.765335Z [INFO] Post-0301 apply queued (mode=direct_0903, grace=0ms, timeout=1200ms, plans=1)
2026-05-21T04:09:30.766335Z [REPLAN][TIME] 0305_status_2_ms=835.4 wall_ms=1779336570766 reason=표적9 격파 후 복귀
2026-05-21T04:09:30.767335Z [0305] status=2, reason=표적9 격파 후 복귀, elapsed=0.83s 전송
2026-05-21T04:09:30.767335Z [REPLAN][TIME] post_0301_completion_ready_ms=836.1 wall_ms=1779336570767 mode=direct_0903
2026-05-21T04:09:30.767335Z [INFO] Post-0301 ready (0305_status_2) -> sending 0903
2026-05-21T04:09:30.768335Z [REPLAN][TIME] post_0301_flushed_ms=836.9 wall_ms=1779336570768 delivery=0903 trigger=0305_status_2 plans=1
2026-05-21T04:09:30.768335Z [REPLAN][TIME] id_tab_update_flushed_ms=837.3 wall_ms=1779336570768
2026-05-21T04:09:30.899453Z [REPLAN][TIME] id_tab_update_deferred_ms=829.7 wall_ms=1779336570761
2026-05-21T04:09:30.899453Z [REPLAN][METRIC] source_artifact_cache entries=16 hits=35 misses=16
2026-05-21T04:09:30.901455Z [REPLAN][TIME] 0903_sent_ms=970.3 wall_ms=1779336570901 missionPlanID=700000014
2026-05-21T04:09:30.902455Z [0903] request sent (missionPlanID=700000014)
