fov,sep,width,vel,dps,foot,,,,,,,,
3.7,1193,3228.983,100,42,74.094,,,,,,,,
3.7,1195,3226.024,100,42,74.2443,,,,,,,,
3.7,1197,3223.057,100,42,74.395,,,,,,,,
3.7,1199,3220.082,100,42,74.5459,,,,,,,,
3.7,1201,3217.099,100,42,74.6971,,,,,,,,
3.7,1203,3214.108,100,42,74.8486,,,,,,,,
3.7,1205,3211.11,100,42,75.0003,,,,,,,,
3.7,1207,3208.104,100,42,75.1523,,,,,,,,
3.7,1209,3205.091,100,42,75.3046,,,,,,,,
3.7,1211,3202.069,100,42,75.4571,,,,,,,,
3.7,1213,3199.039,100,42,75.6099,,,,,,,,
3.7,1215,3196.002,100,42,75.763,,,,,,,,
3.7,1217,3192.957,100,42,75.9163,,,,,,,,
3.7,1219,3189.904,100,42,76.07,,,,,,,,
3.7,1221,3186.843,100,42,76.2239,,,,,,,,
3.7,1223,3183.773,105,42,76.2432,,,,,,,,
3.7,1225,3180.696,105,42,76.3976,,,,,,,,
3.7,1227,3177.611,105,42,76.5523,,,,,,,,
3.7,1229,3174.518,105,42,76.7072,,,,,,,,
3.7,1231,3171.417,105,42,76.8624,,,,,,,,
3.7,1233,3168.308,105,42,77.0178,,,,,,,,
3.7,1235,3165.19,105,42,77.1736,,,,,,,,
3.7,1237,3162.065,105,44,77.4585,,,,,,,,
3.7,1239,3158.931,110,44,77.4859,,,,,,,,
3.7,1241,3155.789,110,44,77.6424,,,,,,,,
3.7,1243,3152.639,110,44,77.7993,,,,,,,,
3.7,1245,3149.481,110,44,77.9564,,,,,,,,
3.7,1247,3146.314,110,44,78.1137,,,,,,,,
3.7,1249,3143.139,115,44,78.1422,,,,,,,,
3.7,1251,3139.956,115,44,78.3001,,,,,,,,
3.7,1253,3136.765,115,44,78.4582,,,,,,,,
3.7,1255,3133.565,115,44,78.6166,,,,,,,,
3.7,1257,3130.357,115,44,78.7753,,,,,,,,
3.7,1259,3127.14,115,44,78.9343,,,,,,,,
3.7,1261,3123.915,115,44,79.0935,,,,,,,,
3.7,1263,3120.682,115,44,79.2531,,,,,,,,
3.7,1265,3117.44,115,44,79.4128,,,,,,,,
3.7,1267,3114.189,115,44,79.5729,,,,,,,,
3.7,1269,3110.93,115,44,79.7332,,,,,,,,
3.7,1271,3107.662,115,44,79.8938,,,,,,,,
3.7,1273,3104.386,115,44,80.0547,,,,,,,,
3.7,1275,3101.101,120,44,80.0863,,,,,,,,
3.7,1277,3097.808,120,44,80.2477,,,,,,,,
3.7,1279,3094.506,120,44,80.4094,,,,,,,,
3.7,1281,3091.195,120,44,80.5713,,,,,,,,
3.7,1283,3087.875,120,44,80.7336,,,,,,,,
3.7,1285,3084.547,120,44,80.896,,,,,,,,
3.7,1287,3081.21,120,44,81.0588,,,,,,,,
3.7,1289,3077.864,120,44,81.2219,,,,,,,,
3.7,1291,3074.509,120,44,81.3852,,,,,,,,
3.7,1293,3071.145,120,44,81.5488,,,,,,,,
3.7,1295,3067.773,120,44,81.7126,,,,,,,,
3.7,1297,3064.391,120,46,82.0121,,,,,,,,
3.7,1299,3061.001,125,46,82.0525,,,,,,,,
3.7,1301,3057.601,125,46,82.2171,,,,,,,,
3.7,1303,3054.193,125,46,82.3821,,,,,,,,
3.7,1305,3050.775,125,46,82.5473,,,,,,,,
3.7,1307,3047.349,125,46,82.7129,,,,,,,,
3.7,1309,3043.913,125,46,82.8786,,,,,,,,
3.7,1311,3040.468,125,46,83.0447,,,,,,,,
3.7,1313,3037.014,125,46,83.211,,,,,,,,
3.7,1315,3033.551,125,46,83.3776,,,,,,,,
3.7,1317,3030.078,125,46,83.5445,,,,,,,,
3.7,1319,3026.596,125,46,83.7117,,,,,,,,
3.7,1321,3023.105,125,46,83.8791,,,,,,,,
3.7,1323,3019.605,130,44,83.7758,,,,,,,,
3.7,1325,3016.095,130,44,83.9438,,,,,,,,
3.7,1327,3012.576,130,44,84.112,,,,,,,,
3.7,1329,3009.047,130,44,84.2806,,,,,,,,
3.7,1331,3005.509,130,44,84.4494,,,,,,,,
3.7,1333,3001.962,130,44,84.6185,,,,,,,,
3.7,1335,2998.404,130,44,84.7878,,,,,,,,
3.7,1337,2994.838,130,44,84.9575,,,,,,,,
3.7,1339,2991.261,135,46,85.15,,,,,,,,
3.7,1341,2987.676,140,46,85.1959,,,,,,,,
3.7,1343,2984.08,140,46,85.3664,,,,,,,,
3.7,1345,2980.475,140,60,86.3482,,,,,,,,
3.7,1347,2976.86,140,60,86.5191,,,,,,,,
3.7,1349,2973.235,140,60,86.6904,,,,,,,,
3.7,1351,2969.6,140,60,86.8619,,,,,,,,
3.7,1353,2965.956,140,60,87.0337,,,,,,,,
3.7,1355,2962.301,140,60,87.2058,,,,,,,,
3.7,1357,2958.637,140,60,87.3781,,,,,,,,
3.7,1359,2954.963,140,60,87.5507,,,,,,,,
3.7,1361,2951.279,140,46,86.9132,,,,,,,,
3.7,1363,2947.584,140,46,87.0865,,,,,,,,
3.7,1365,2943.88,140,46,87.26,,,,,,,,
3.7,1367,2940.166,140,46,87.4338,,,,,,,,
3.7,1369,2936.441,140,46,87.6079,,,,,,,,
3.7,1371,2932.706,140,46,87.7823,,,,,,,,
3.7,1373,2928.961,140,60,88.7666,,,,,,,,
3.7,1375,2925.206,140,60,88.9414,,,,,,,,
3.7,1377,2921.44,140,60,89.1165,,,,,,,,
3.7,1379,2917.664,140,60,89.2918,,,,,,,,
3.7,1381,2913.878,140,60,89.4674,,,,,,,,
3.7,1383,2910.081,140,60,89.6433,,,,,,,,
3.7,1385,2906.274,140,60,89.8195,,,,,,,,
3.7,1387,2902.456,140,60,89.9959,,,,,,,,
3.7,1389,2898.628,140,60,90.1726,,,,,,,,
3.7,1391,2894.789,140,60,90.3496,,,,,,,,
3.7,1393,2890.94,140,60,90.5268,,,,,,,,
3.7,1395,2887.08,140,60,90.7044,,,,,,,,
3.7,1397,2883.209,140,60,90.8822,,,,,,,,
3.7,1399,2879.327,140,60,91.0602,,,,,,,,
3.7,1401,2875.435,140,60,91.2386,,,,,,,,
3.7,1403,2871.532,140,60,91.4172,,,,,,,,
3.7,1405,2867.617,140,60,91.5961,,,,,,,,
3.7,1407,2863.692,140,60,91.7753,,,,,,,,
3.7,1409,2859.756,140,60,91.9547,,,,,,,,
3.7,1411,2855.809,140,46,91.3285,,,,,,,,
3.7,1413,2851.851,140,46,91.5087,,,,,,,,
3.7,1415,2847.882,140,46,91.6892,,,,,,,,
3.7,1417,2843.901,140,46,91.87,,,,,,,,
3.7,1419,2839.909,140,46,92.0511,,,,,,,,
3.7,1421,2835.906,140,60,93.0371,,,,,,,,
3.7,1423,2831.892,140,60,93.2185,,,,,,,,
3.7,1425,2827.867,140,60,93.4001,,,,,,,,
3.7,1427,2823.83,140,60,93.5821,,,,,,,,
3.7,1429,2819.781,140,60,93.7642,,,,,,,,
3.7,1431,2815.721,140,60,93.9467,,,,,,,,
3.7,1433,2811.65,140,60,94.1294,,,,,,,,
3.7,1435,2807.566,140,60,94.3125,,,,,,,,
3.7,1437,2803.472,140,60,94.4957,,,,,,,,
3.7,1439,2799.365,140,60,94.6793,,,,,,,,
3.7,1441,2795.247,140,60,94.8631,,,,,,,,
3.7,1443,2791.117,140,60,95.0473,,,,,,,,
3.7,1445,2786.975,140,60,95.2316,,,,,,,,
3.7,1447,2782.821,140,60,95.4163,,,,,,,,
3.7,1449,2778.655,140,60,95.6013,,,,,,,,
3.7,1451,2774.477,140,60,95.7865,,,,,,,,
3.7,1453,2770.288,140,60,95.972,,,,,,,,
3.7,1455,2766.086,140,60,96.1577,,,,,,,,
3.7,1457,2761.871,140,60,96.3438,,,,,,,,
3.7,1459,2757.645,140,48,95.8747,,,,,,,,
3.7,1461,2753.406,140,48,96.0616,,,,,,,,
3.7,1463,2749.155,140,48,96.2488,,,,,,,,
3.7,1465,2744.891,140,48,96.4363,,,,,,,,
3.7,1467,2740.615,140,60,97.2781,,,,,,,,
3.7,1469,2736.327,140,60,97.4658,,,,,,,,
3.7,1471,2732.026,140,60,97.6538,,,,,,,,
3.7,1473,2727.712,140,60,97.8421,,,,,,,,
3.7,1475,2723.386,140,60,98.0306,,,,,,,,
3.7,1477,2719.046,140,60,98.2194,,,,,,,,
3.7,1479,2714.694,140,60,98.4085,,,,,,,,
3.7,1481,2710.329,140,60,98.5978,,,,,,,,
3.7,1483,2705.951,140,60,98.7875,,,,,,,,
3.7,1485,2701.561,140,60,98.9774,,,,,,,,
3.7,1487,2697.157,140,60,99.1676,,,,,,,,
3.7,1489,2692.739,140,60,99.358,,,,,,,,
3.7,1491,2688.309,140,60,99.5488,,,,,,,,
3.7,1493,2683.865,140,60,99.7398,,,,,,,,
3.7,1495,2679.408,140,60,99.9311,,,,,,,,
3.7,1497,2674.938,140,60,100.1227,,,,,,,,
3.7,1499,2670.454,140,60,100.3145,,,,,,,,
3.7,1501,2665.957,140,60,100.5067,,,,,,,,
3.7,1503,2661.446,140,60,100.6991,,,,,,,,
3.7,1505,2656.921,140,58,100.8027,,,,,,,,
3.7,1507,2652.383,140,58,100.9957,,,,,,,,
3.7,1509,2647.83,140,58,101.1891,,,,,,,,
3.7,1511,2643.264,140,58,101.3826,,,,,,,,
3.7,1513,2638.684,140,60,101.6653,,,,,,,,
3.7,1515,2634.09,140,60,101.8594,,,,,,,,
3.7,1517,2629.482,140,60,102.0537,,,,,,,,
3.7,1519,2624.859,140,60,102.2484,,,,,,,,
3.7,1521,2620.222,140,60,102.4433,,,,,,,,
3.7,1523,2615.571,140,60,102.6385,,,,,,,,
3.7,1525,2610.906,140,60,102.8339,,,,,,,,
3.7,1527,2606.226,140,60,103.0297,,,,,,,,
3.7,1529,2601.531,140,60,103.2257,,,,,,,,
3.7,1531,2596.822,140,60,103.422,,,,,,,,
3.7,1533,2592.098,140,60,103.6186,,,,,,,,
3.7,1535,2587.36,140,60,103.8155,,,,,,,,
3.7,1537,2582.606,140,60,104.0126,,,,,,,,
3.7,1539,2577.837,140,60,104.2101,,,,,,,,
3.7,1541,2573.054,140,60,104.4078,,,,,,,,
3.7,1543,2568.255,140,60,104.6058,,,,,,,,
3.7,1545,2563.441,140,60,104.804,,,,,,,,
3.7,1547,2558.612,140,60,105.0026,,,,,,,,
3.7,1549,2553.767,140,58,105.114,,,,,,,,
3.7,1551,2548.907,140,58,105.3132,,,,,,,,
3.7,1553,2544.031,140,58,105.5127,,,,,,,,
3.7,1555,2539.139,140,58,105.7124,,,,,,,,
3.7,1557,2534.232,140,60,105.9995,,,,,,,,
3.7,1559,2529.309,140,60,106.1998,,,,,,,,
3.7,1561,2524.37,140,60,106.4003,,,,,,,,
3.7,1563,2519.415,140,60,106.6011,,,,,,,,
3.7,1565,2514.444,140,60,106.8021,,,,,,,,
3.7,1567,2509.457,140,60,107.0035,,,,,,,,
3.7,1569,2504.453,140,60,107.2051,,,,,,,,
3.7,1571,2499.433,140,60,107.4071,,,,,,,,
3.7,1573,2494.396,140,60,107.6093,,,,,,,,
3.7,1575,2489.343,140,60,107.8117,,,,,,,,
3.7,1577,2484.273,140,60,108.0145,,,,,,,,
3.7,1579,2479.186,140,60,108.2175,,,,,,,,
3.7,1581,2474.083,140,60,108.4209,,,,,,,,
3.7,1583,2468.962,140,60,108.6245,,,,,,,,
3.7,1585,2463.824,140,60,108.8284,,,,,,,,
3.7,1587,2458.669,140,60,109.0326,,,,,,,,
3.7,1589,2453.497,140,60,109.237,,,,,,,,
3.7,1591,2448.307,140,60,109.4418,,,,,,,,
3.7,1593,2443.099,140,58,109.5615,,,,,,,,
3.7,1595,2437.874,140,58,109.7669,,,,,,,,
3.7,1597,2432.631,140,58,109.9726,,,,,,,,
3.7,1599,2427.37,140,60,110.2636,,,,,,,,
3.7,1601,2422.091,140,60,110.4697,,,,,,,,
3.7,1603,2416.794,140,60,110.6762,,,,,,,,
3.7,1605,2411.479,140,60,110.8829,,,,,,,,
3.7,1607,2406.145,140,60,111.0899,,,,,,,,
3.7,1609,2400.793,140,60,111.2972,,,,,,,,
3.7,1611,2395.422,140,60,111.5048,,,,,,,,
3.7,1613,2390.032,140,60,111.7127,,,,,,,,
3.7,1615,2384.623,140,60,111.9208,,,,,,,,
3.7,1617,2379.196,140,60,112.1293,,,,,,,,
3.7,1619,2373.749,140,60,112.338,,,,,,,,
3.7,1621,2368.283,140,60,112.547,,,,,,,,
3.7,1623,2362.798,140,60,112.7563,,,,,,,,
3.7,1625,2357.293,140,60,112.9659,,,,,,,,
3.7,1627,2351.768,140,60,113.1757,,,,,,,,
3.7,1629,2346.224,140,60,113.3859,,,,,,,,
3.7,1631,2340.659,140,60,113.5963,,,,,,,,
3.7,1633,2335.075,140,58,113.7241,,,,,,,,
3.7,1635,2329.47,140,58,113.9352,,,,,,,,
3.7,1637,2323.844,140,58,114.1466,,,,,,,,
3.7,1639,2318.199,140,60,114.441,,,,,,,,
3.7,1641,2312.532,140,60,114.6528,,,,,,,,
3.7,1643,2306.845,140,60,114.865,,,,,,,,
3.7,1645,2301.137,140,60,115.0774,,,,,,,,
3.7,1647,2295.407,140,60,115.2902,,,,,,,,
3.7,1649,2289.656,140,60,115.5032,,,,,,,,
3.7,1651,2283.884,140,60,115.7165,,,,,,,,
3.7,1653,2278.09,140,60,115.9301,,,,,,,,
3.7,1655,2272.274,140,60,116.144,,,,,,,,
3.7,1657,2266.436,140,60,116.3582,,,,,,,,
3.7,1659,2260.576,140,60,116.5727,,,,,,,,
3.7,1661,2254.694,140,60,116.7874,,,,,,,,
3.7,1663,2248.789,140,60,117.0025,,,,,,,,
3.7,1665,2242.862,140,60,117.2178,,,,,,,,
3.7,1667,2236.912,140,60,117.4334,,,,,,,,
3.7,1669,2230.938,140,60,117.6494,,,,,,,,
3.7,1671,2224.942,140,60,117.8656,,,,,,,,
3.7,1673,2218.922,140,58,118.0018,,,,,,,,
3.7,1675,2212.878,140,58,118.2188,,,,,,,,
3.7,1677,2206.811,140,58,118.436,,,,,,,,
3.7,1679,2200.719,140,60,118.7333,,,,,,,,
3.7,1681,2194.604,140,60,118.951,,,,,,,,
3.7,1683,2188.464,140,60,119.169,,,,,,,,
3.7,1685,2182.299,140,60,119.3872,,,,,,,,
3.7,1687,2176.11,140,60,119.6058,,,,,,,,
3.7,1689,2169.895,140,60,119.8246,,,,,,,,
3.7,1691,2163.656,140,60,120.0437,,,,,,,,
3.7,1693,2157.39,140,60,120.2632,,,,,,,,
3.7,1695,2151.1,140,60,120.4829,,,,,,,,
3.7,1697,2144.783,140,60,120.7029,,,,,,,,
3.7,1699,2138.44,140,60,120.9232,,,,,,,,
3.7,1701,2132.071,140,60,121.1438,,,,,,,,
3.7,1703,2125.675,140,60,121.3647,,,,,,,,
3.7,1705,2119.252,140,60,121.5859,,,,,,,,
3.7,1707,2112.802,140,60,121.8074,,,,,,,,
3.7,1709,2106.325,140,58,121.9519,,,,,,,,
3.7,1711,2099.82,140,58,122.1742,,,,,,,,
3.7,1713,2093.288,140,58,122.3967,,,,,,,,
3.7,1715,2086.727,140,60,122.6963,,,,,,,,
3.7,1717,2080.138,140,60,122.9193,,,,,,,,
3.7,1719,2073.52,140,60,123.1426,,,,,,,,
3.7,1721,2066.873,140,60,123.3662,,,,,,,,
3.7,1723,2060.197,140,60,123.59,,,,,,,,
3.7,1725,2053.492,140,60,123.8142,,,,,,,,
3.7,1727,2046.757,140,60,124.0387,,,,,,,,
3.7,1729,2039.991,140,60,124.2634,,,,,,,,
3.7,1731,2033.196,140,60,124.4885,,,,,,,,
3.7,1733,2026.369,140,60,124.7139,,,,,,,,
3.7,1735,2019.512,140,60,124.9395,,,,,,,,
3.7,1737,2012.623,140,60,125.1655,,,,,,,,
3.7,1739,2005.703,140,60,125.3918,,,,,,,,
3.7,1741,1998.751,140,60,125.6183,,,,,,,,
3.7,1743,1991.766,140,60,125.8452,,,,,,,,
3.7,1745,1984.749,140,58,125.9985,,,,,,,,
3.7,1747,1977.699,140,58,126.2262,,,,,,,,
3.7,1749,1970.615,140,60,126.5277,,,,,,,,
3.7,1751,1963.498,140,60,126.7558,,,,,,,,
3.7,1753,1956.347,140,60,126.9842,,,,,,,,
3.7,1755,1949.161,140,60,127.2129,,,,,,,,
3.7,1757,1941.941,140,60,127.4419,,,,,,,,
3.7,1759,1934.685,140,60,127.6712,,,,,,,,
3.7,1761,1927.393,140,60,127.9008,,,,,,,,
3.7,1763,1920.066,140,60,128.1307,,,,,,,,
3.7,1765,1912.702,140,60,128.361,,,,,,,,
3.7,1767,1905.301,140,60,128.5915,,,,,,,,
3.7,1769,1897.863,140,60,128.8224,,,,,,,,
3.7,1771,1890.388,140,60,129.0535,,,,,,,,
3.7,1773,1882.874,140,60,129.285,,,,,,,,
3.7,1775,1875.321,140,60,129.5168,,,,,,,,
3.7,1777,1867.729,140,58,129.6785,,,,,,,,
3.7,1779,1860.098,140,58,129.9111,,,,,,,,
3.7,1781,1852.427,140,58,130.1441,,,,,,,,
3.7,1783,1844.715,140,60,130.447,,,,,,,,
3.7,1785,1836.962,140,60,130.6804,,,,,,,,
3.7,1787,1829.167,140,60,130.914,,,,,,,,
3.7,1789,1821.331,140,60,131.148,,,,,,,,
3.7,1791,1813.451,140,60,131.3823,,,,,,,,
3.7,1793,1805.529,140,60,131.6169,,,,,,,,
3.7,1795,1797.562,140,60,131.8518,,,,,,,,
3.7,1797,1789.551,140,60,132.0871,,,,,,,,
3.7,1799,1781.495,140,60,132.3226,,,,,,,,
3.7,1801,1773.394,140,60,132.5585,,,,,,,,
3.7,1803,1765.246,140,60,132.7947,,,,,,,,
3.7,1805,1757.051,140,60,133.0312,,,,,,,,
3.7,1807,1748.809,140,60,133.2681,,,,,,,,
3.7,1809,1740.519,140,58,133.4388,,,,,,,,
3.7,1811,1732.179,140,58,133.6766,,,,,,,,
3.7,1813,1723.79,140,60,133.9805,,,,,,,,
3.7,1815,1715.351,140,60,134.2187,,,,,,,,
3.7,1817,1706.861,140,60,134.4571,,,,,,,,
3.7,1819,1698.318,140,60,134.6959,,,,,,,,
3.7,1821,1689.723,140,60,134.9351,,,,,,,,
3.7,1823,1681.075,140,60,135.1745,,,,,,,,
3.7,1825,1672.372,140,60,135.4143,,,,,,,,
3.7,1827,1663.615,140,60,135.6544,,,,,,,,
3.7,1829,1654.801,140,60,135.8948,,,,,,,,
3.7,1831,1645.93,140,60,136.1356,,,,,,,,
3.7,1833,1637.001,140,60,136.3767,,,,,,,,
3.7,1835,1628.014,140,60,136.6182,,,,,,,,
3.7,1837,1618.967,140,58,136.7976,,,,,,,,
3.7,1839,1609.859,140,58,137.04,,,,,,,,
3.7,1841,1600.689,140,60,137.3446,,,,,,,,
3.7,1843,1591.456,140,60,137.5874,,,,,,,,
3.7,1845,1582.16,140,60,137.8305,,,,,,,,
3.7,1847,1572.798,140,60,138.074,,,,,,,,
3.7,1849,1563.37,140,60,138.3179,,,,,,,,
3.7,1851,1553.874,140,60,138.562,,,,,,,,
3.7,1853,1544.31,140,60,138.8066,,,,,,,,
3.7,1855,1534.676,140,60,139.0515,,,,,,,,
3.7,1857,1524.97,140,60,139.2967,,,,,,,,
3.7,1859,1515.191,140,60,139.5423,,,,,,,,
3.7,1861,1505.339,140,60,139.7882,,,,,,,,
3.7,1863,1495.411,140,60,140.0345,,,,,,,,
3.7,1865,1485.405,140,58,140.2234,,,,,,,,
3.7,1867,1475.321,140,60,140.5282,,,,,,,,
3.7,1869,1465.157,140,60,140.7756,,,,,,,,
3.7,1871,1454.911,140,60,141.0233,,,,,,,,
3.7,1873,1444.581,140,60,141.2714,,,,,,,,
3.7,1875,1434.165,140,60,141.5199,,,,,,,,
3.7,1877,1423.662,140,60,141.7688,,,,,,,,
3.7,1879,1413.069,140,60,142.018,,,,,,,,
3.7,1881,1402.386,140,60,142.2676,,,,,,,,
3.7,1883,1391.608,140,60,142.5176,,,,,,,,
3.7,1885,1380.735,140,60,142.768,,,,,,,,
3.7,1887,1369.764,140,60,143.0187,,,,,,,,
3.7,1889,1358.692,140,58,143.2165,,,,,,,,
3.7,1891,1347.518,140,58,143.4685,,,,,,,,
3.7,1893,1336.238,140,60,143.7733,,,,,,,,
3.7,1895,1324.851,140,60,144.0256,,,,,,,,
3.7,1897,1313.352,140,60,144.2783,,,,,,,,
3.7,1899,1301.739,140,60,144.5315,,,,,,,,
3.7,1901,1290.01,140,60,144.785,,,,,,,,
3.7,1903,1278.16,140,60,145.0389,,,,,,,,
3.7,1905,1266.187,140,60,145.2933,,,,,,,,
3.7,1907,1254.087,140,60,145.5481,,,,,,,,
3.7,1909,1241.856,140,60,145.8033,,,,,,,,
3.7,1911,1229.49,140,58,146.0103,,,,,,,,
3.7,1913,1216.985,140,58,146.2668,,,,,,,,
3.7,1915,1204.338,140,60,146.5715,,,,,,,,
3.7,1917,1191.542,140,60,146.8284,,,,,,,,
3.7,1919,1178.595,140,60,147.0858,,,,,,,,
3.7,1921,1165.489,140,60,147.3437,,,,,,,,
3.7,1923,1152.221,140,60,147.602,,,,,,,,
3.7,1925,1138.784,140,60,147.8608,,,,,,,,
3.7,1927,1125.173,140,60,148.12,,,,,,,,
3.7,1929,1111.38,140,60,148.3798,,,,,,,,
3.7,1931,1097.399,140,58,148.5964,,,,,,,,
3.7,1933,1083.224,140,60,148.9008,,,,,,,,
3.7,1935,1068.845,140,60,149.1621,,,,,,,,
3.7,1937,1054.255,140,60,149.4238,,,,,,,,
3.7,1939,1039.445,140,60,149.6862,,,,,,,,
3.7,1941,1024.405,140,60,149.949,,,,,,,,
3.7,1943,1009.125,140,60,150.2124,,,,,,,,
3.7,1945,993.594,140,60,150.4764,,,,,,,,
3.7,1947,977.8,140,60,150.741,,,,,,,,
3.7,1949,961.73,140,58,150.9677,,,,,,,,
3.7,1951,945.37,140,60,151.272,,,,,,,,
3.7,1953,928.705,140,60,151.5384,,,,,,,,
3.7,1955,911.718,140,60,151.8055,,,,,,,,
3.7,1957,894.39,140,60,152.0732,,,,,,,,
3.7,1959,876.701,140,60,152.3417,,,,,,,,
3.7,1961,858.63,140,60,152.6109,,,,,,,,
3.7,1963,840.151,140,60,152.8808,,,,,,,,
3.7,1965,821.236,140,58,153.1185,,,,,,,,
3.7,1967,801.856,140,60,153.4231,,,,,,,,
3.7,1969,781.975,140,60,153.6956,,,,,,,,
3.7,1971,761.554,140,60,153.9689,,,,,,,,
3.7,1973,740.549,140,60,154.2432,,,,,,,,
3.7,1975,718.908,140,60,154.5186,,,,,,,,
3.7,1977,696.572,140,60,154.795,,,,,,,,
3.7,1979,673.473,140,60,155.0727,,,,,,,,
3.7,1981,649.527,140,60,155.3516,,,,,,,,
3.7,1983,624.638,140,60,155.6319,,,,,,,,
3.7,1985,598.69,140,60,155.9137,,,,,,,,
3.7,1987,571.536,140,60,156.1973,,,,,,,,
3.7,1989,542.997,140,58,156.4608,,,,,,,,
3.7,1991,512.84,140,60,156.7704,,,,,,,,
3.7,1993,480.763,140,60,157.0606,,,,,,,,
3.7,1995,446.351,140,60,157.3539,,,,,,,,
3.7,1997,409.015,140,58,157.6343,,,,,,,,
3.7,1999,367.866,140,60,157.9528,,,,,,,,
3.7,2001,321.442,140,60,158.2611,,,,,,,,
3.7,2003,267.008,140,56,158.5567,,,,,,,,
3.7,2005,198.064,140,60,158.9147,,,,,,,,
4.2,1042,2939.931,100,44,72.4298,,,,,,,,
4.2,1044,2937.092,100,44,72.5786,,,,,,,,
4.2,1046,2934.244,100,44,72.7276,,,,,,,,
4.2,1048,2931.388,100,44,72.877,,,,,,,,
4.2,1050,2928.524,100,44,73.0267,,,,,,,,
4.2,1052,2925.651,100,46,73.2896,,,,,,,,
4.2,1054,2922.771,105,46,73.3157,,,,,,,,
4.2,1056,2919.882,105,46,73.4663,,,,,,,,
4.2,1058,2916.984,105,46,73.6173,,,,,,,,
4.2,1060,2914.078,105,46,73.7685,,,,,,,,
4.2,1062,2911.164,105,46,73.92,,,,,,,,
4.2,1064,2908.241,105,46,74.0718,,,,,,,,
4.2,1066,2905.31,105,46,74.224,,,,,,,,
4.2,1068,2902.371,105,46,74.3764,,,,,,,,
4.2,1070,2899.423,105,46,74.5292,,,,,,,,
4.2,1072,2896.466,110,46,74.5575,,,,,,,,
4.2,1074,2893.501,110,48,74.8252,,,,,,,,
4.2,1076,2890.527,115,48,74.8592,,,,,,,,
4.2,1078,2887.545,115,48,75.0131,,,,,,,,
4.2,1080,2884.554,115,48,75.1674,,,,,,,,
4.2,1082,2881.555,115,48,75.3219,,,,,,,,
4.2,1084,2878.546,115,48,75.4768,,,,,,,,
4.2,1086,2875.529,115,48,75.6319,,,,,,,,
4.2,1088,2872.504,115,48,75.7874,,,,,,,,
4.2,1090,2869.469,115,48,75.9432,,,,,,,,
4.2,1092,2866.426,115,48,76.0993,,,,,,,,
4.2,1094,2863.374,115,48,76.2557,,,,,,,,
4.2,1096,2860.313,115,48,76.4124,,,,,,,,
4.2,1098,2857.243,120,48,76.4492,,,,,,,,
4.2,1100,2854.164,120,48,76.6064,,,,,,,,
4.2,1102,2851.076,120,48,76.764,,,,,,,,
4.2,1104,2847.98,120,48,76.9219,,,,,,,,
4.2,1106,2844.874,120,48,77.0801,,,,,,,,
4.2,1108,2841.759,120,48,77.2386,,,,,,,,
4.2,1110,2838.636,120,48,77.3975,,,,,,,,
4.2,1112,2835.503,120,48,77.5566,,,,,,,,
4.2,1114,2832.361,120,48,77.7161,,,,,,,,
4.2,1116,2829.21,120,48,77.8758,,,,,,,,
4.2,1118,2826.05,120,48,78.0359,,,,,,,,
4.2,1120,2822.88,125,48,78.0756,,,,,,,,
4.2,1122,2819.701,125,48,78.2362,,,,,,,,
4.2,1124,2816.514,125,48,78.3972,,,,,,,,
4.2,1126,2813.316,125,48,78.5585,,,,,,,,
4.2,1128,2810.11,125,48,78.7201,,,,,,,,
4.2,1130,2806.894,125,48,78.882,,,,,,,,
4.2,1132,2803.668,125,48,79.0442,,,,,,,,
4.2,1134,2800.434,125,48,79.2067,,,,,,,,
4.2,1136,2797.189,125,48,79.3695,,,,,,,,
4.2,1138,2793.936,125,48,79.5327,,,,,,,,
4.2,1140,2790.672,125,48,79.6961,,,,,,,,
4.2,1142,2787.4,130,50,79.8648,,,,,,,,
4.2,1144,2784.117,135,50,79.9126,,,,,,,,
4.2,1146,2780.825,135,50,80.077,,,,,,,,
4.2,1148,2777.523,135,50,80.2417,,,,,,,,
4.2,1150,2774.212,135,50,80.4067,,,,,,,,
4.2,1152,2770.891,135,50,80.572,,,,,,,,
4.2,1154,2767.56,135,50,80.7376,,,,,,,,
4.2,1156,2764.219,135,50,80.9036,,,,,,,,
4.2,1158,2760.869,135,50,81.0698,,,,,,,,
4.2,1160,2757.508,135,50,81.2364,,,,,,,,
4.2,1162,2754.138,140,50,81.2869,,,,,,,,
4.2,1164,2750.758,140,50,81.4541,,,,,,,,
4.2,1166,2747.368,140,50,81.6215,,,,,,,,
4.2,1168,2743.967,140,50,81.7894,,,,,,,,
4.2,1170,2740.557,140,50,81.9575,,,,,,,,
4.2,1172,2737.137,140,50,82.1259,,,,,,,,
4.2,1174,2733.706,140,50,82.2947,,,,,,,,
4.2,1176,2730.265,140,52,82.5892,,,,,,,,
4.2,1178,2726.814,140,52,82.7586,,,,,,,,
4.2,1180,2723.353,140,52,82.9283,,,,,,,,
4.2,1182,2719.882,140,52,83.0983,,,,,,,,
4.2,1184,2716.4,140,52,83.2687,,,,,,,,
4.2,1186,2712.908,140,52,83.4393,,,,,,,,
4.2,1188,2709.405,140,52,83.6103,,,,,,,,
4.2,1190,2705.892,140,52,83.7815,,,,,,,,
4.2,1192,2702.369,140,52,83.9531,,,,,,,,
4.2,1194,2698.835,140,52,84.125,,,,,,,,
4.2,1196,2695.29,140,52,84.2973,,,,,,,,
4.2,1198,2691.735,140,52,84.4698,,,,,,,,
4.2,1200,2688.169,140,52,84.6427,,,,,,,,
4.2,1202,2684.592,140,52,84.8158,,,,,,,,
4.2,1204,2681.005,140,52,84.9893,,,,,,,,
4.2,1206,2677.407,140,52,85.1631,,,,,,,,
4.2,1208,2673.798,140,52,85.3372,,,,,,,,
4.2,1210,2670.178,140,52,85.5117,,,,,,,,
4.2,1212,2666.548,140,52,85.6864,,,,,,,,
4.2,1214,2662.906,140,54,85.9775,,,,,,,,
4.2,1216,2659.253,140,52,86.0368,,,,,,,,
4.2,1218,2655.59,140,52,86.2125,,,,,,,,
4.2,1220,2651.915,140,52,86.3885,,,,,,,,
4.2,1222,2648.229,140,52,86.5649,,,,,,,,
4.2,1224,2644.532,140,52,86.7415,,,,,,,,
4.2,1226,2640.823,140,52,86.9184,,,,,,,,
4.2,1228,2637.104,140,52,87.0957,,,,,,,,
4.2,1230,2633.373,140,52,87.2733,,,,,,,,
4.2,1232,2629.63,140,52,87.4512,,,,,,,,
4.2,1234,2625.877,140,52,87.6294,,,,,,,,
4.2,1236,2622.111,140,52,87.808,,,,,,,,
4.2,1238,2618.335,140,52,87.9868,,,,,,,,
4.2,1240,2614.546,140,52,88.166,,,,,,,,
4.2,1242,2610.746,140,52,88.3455,,,,,,,,
4.2,1244,2606.935,140,52,88.5253,,,,,,,,
4.2,1246,2603.111,140,52,88.7054,,,,,,,,
4.2,1248,2599.276,140,52,88.8858,,,,,,,,
4.2,1250,2595.429,140,52,89.0666,,,,,,,,
4.2,1252,2591.57,140,54,89.3633,,,,,,,,
4.2,1254,2587.699,140,54,89.5447,,,,,,,,
4.2,1256,2583.817,140,54,89.7263,,,,,,,,
4.2,1258,2579.922,140,54,89.9083,,,,,,,,
4.2,1260,2576.015,140,54,90.0906,,,,,,,,
4.2,1262,2572.096,140,54,90.2733,,,,,,,,
4.2,1264,2568.164,140,54,90.4562,,,,,,,,
4.2,1266,2564.221,140,54,90.6395,,,,,,,,
4.2,1268,2560.265,140,54,90.823,,,,,,,,
4.2,1270,2556.297,140,54,91.0069,,,,,,,,
4.2,1272,2552.316,140,54,91.1911,,,,,,,,
4.2,1274,2548.323,140,54,91.3756,,,,,,,,
4.2,1276,2544.317,140,54,91.5605,,,,,,,,
4.2,1278,2540.298,140,54,91.7456,,,,,,,,
4.2,1280,2536.267,140,54,91.9311,,,,,,,,
4.2,1282,2532.224,140,54,92.1169,,,,,,,,
4.2,1284,2528.167,140,54,92.303,,,,,,,,
4.2,1286,2524.098,140,54,92.4895,,,,,,,,
4.2,1288,2520.015,140,54,92.6762,,,,,,,,
4.2,1290,2515.92,140,54,92.8633,,,,,,,,
4.2,1292,2511.811,140,54,93.0506,,,,,,,,
4.2,1294,2507.69,140,54,93.2383,,,,,,,,
4.2,1296,2503.555,140,56,93.5328,,,,,,,,
4.2,1298,2499.407,140,56,93.7211,,,,,,,,
4.2,1300,2495.246,140,56,93.9097,,,,,,,,
4.2,1302,2491.071,140,56,94.0987,,,,,,,,
4.2,1304,2486.883,140,56,94.2879,,,,,,,,
4.2,1306,2482.682,140,56,94.4774,,,,,,,,
4.2,1308,2478.467,140,56,94.6673,,,,,,,,
4.2,1310,2474.238,140,56,94.8575,,,,,,,,
4.2,1312,2469.995,140,56,95.048,,,,,,,,
4.2,1314,2465.739,140,56,95.2389,,,,,,,,
4.2,1316,2461.469,140,56,95.43,,,,,,,,
4.2,1318,2457.185,140,56,95.6215,,,,,,,,
4.2,1320,2452.887,140,54,95.7075,,,,,,,,
4.2,1322,2448.574,140,54,95.8997,,,,,,,,
4.2,1324,2444.248,140,54,96.0922,,,,,,,,
4.2,1326,2439.907,140,54,96.285,,,,,,,,
4.2,1328,2435.553,140,54,96.4781,,,,,,,,
4.2,1330,2431.183,140,54,96.6716,,,,,,,,
4.2,1332,2426.8,140,54,96.8653,,,,,,,,
4.2,1334,2422.401,140,56,97.1647,,,,,,,,
4.2,1336,2417.989,140,56,97.359,,,,,,,,
4.2,1338,2413.561,140,56,97.5537,,,,,,,,
4.2,1340,2409.119,140,56,97.7487,,,,,,,,
4.2,1342,2404.661,140,56,97.944,,,,,,,,
4.2,1344,2400.189,140,56,98.1396,,,,,,,,
4.2,1346,2395.702,140,56,98.3355,,,,,,,,
4.2,1348,2391.2,140,56,98.5318,,,,,,,,
4.2,1350,2386.682,140,56,98.7284,,,,,,,,
4.2,1352,2382.15,140,56,98.9253,,,,,,,,
4.2,1354,2377.601,140,56,99.1225,,,,,,,,
4.2,1356,2373.038,140,56,99.32,,,,,,,,
4.2,1358,2368.459,140,56,99.5179,,,,,,,,
4.2,1360,2363.864,140,56,99.7161,,,,,,,,
4.2,1362,2359.253,140,56,99.9146,,,,,,,,
4.2,1364,2354.627,140,56,100.1134,,,,,,,,
4.2,1366,2349.985,140,56,100.3126,,,,,,,,
4.2,1368,2345.326,140,56,100.5121,,,,,,,,
4.2,1370,2340.652,140,56,100.7119,,,,,,,,
4.2,1372,2335.962,140,56,100.912,,,,,,,,
4.2,1374,2331.255,140,56,101.1124,,,,,,,,
4.2,1376,2326.531,140,56,101.3132,,,,,,,,
4.2,1378,2321.792,140,56,101.5143,,,,,,,,
4.2,1380,2317.035,140,56,101.7157,,,,,,,,
4.2,1382,2312.262,140,56,101.9174,,,,,,,,
4.2,1384,2307.472,140,56,102.1195,,,,,,,,
4.2,1386,2302.665,140,56,102.3219,,,,,,,,
4.2,1388,2297.842,140,56,102.5246,,,,,,,,
4.2,1390,2293.001,140,56,102.7276,,,,,,,,
4.2,1392,2288.143,140,56,102.931,,,,,,,,
4.2,1394,2283.267,140,56,103.1347,,,,,,,,
4.2,1396,2278.374,140,56,103.3387,,,,,,,,
4.2,1398,2273.464,140,56,103.543,,,,,,,,
4.2,1400,2268.535,140,56,103.7476,,,,,,,,
4.2,1402,2263.589,140,56,103.9526,,,,,,,,
4.2,1404,2258.625,140,56,104.1579,,,,,,,,
4.2,1406,2253.643,140,56,104.3636,,,,,,,,
4.2,1408,2248.643,140,56,104.5695,,,,,,,,
4.2,1410,2243.625,140,56,104.7758,,,,,,,,
4.2,1412,2238.588,140,56,104.9824,,,,,,,,
4.2,1414,2233.533,140,56,105.1893,,,,,,,,
4.2,1416,2228.459,140,56,105.3966,,,,,,,,
4.2,1418,2223.366,140,58,105.6982,,,,,,,,
4.2,1420,2218.254,140,58,105.906,,,,,,,,
4.2,1422,2213.124,140,58,106.1141,,,,,,,,
4.2,1424,2207.974,140,58,106.3226,,,,,,,,
4.2,1426,2202.805,140,58,106.5313,,,,,,,,
4.2,1428,2197.616,140,58,106.7404,,,,,,,,
4.2,1430,2192.408,140,58,106.9499,,,,,,,,
4.2,1432,2187.18,140,58,107.1596,,,,,,,,
4.2,1434,2181.932,140,58,107.3697,,,,,,,,
4.2,1436,2176.665,140,58,107.5801,,,,,,,,
4.2,1438,2171.377,140,56,107.6981,,,,,,,,
4.2,1440,2166.068,140,56,107.9093,,,,,,,,
4.2,1442,2160.74,140,56,108.1208,,,,,,,,
4.2,1444,2155.391,140,56,108.3326,,,,,,,,
4.2,1446,2150.021,140,56,108.5448,,,,,,,,
4.2,1448,2144.63,140,56,108.7573,,,,,,,,
4.2,1450,2139.218,140,56,108.9702,,,,,,,,
4.2,1452,2133.785,140,56,109.1834,,,,,,,,
4.2,1454,2128.33,140,58,109.4885,,,,,,,,
4.2,1456,2122.854,140,58,109.7022,,,,,,,,
4.2,1458,2117.356,140,58,109.9162,,,,,,,,
4.2,1460,2111.836,140,58,110.1306,,,,,,,,
4.2,1462,2106.294,140,58,110.3453,,,,,,,,
4.2,1464,2100.73,140,58,110.5603,,,,,,,,
4.2,1466,2095.144,140,58,110.7756,,,,,,,,
4.2,1468,2089.535,140,58,110.9913,,,,,,,,
4.2,1470,2083.903,140,58,111.2073,,,,,,,,
4.2,1472,2078.248,140,58,111.4236,,,,,,,,
4.2,1474,2072.57,140,58,111.6403,,,,,,,,
4.2,1476,2066.869,140,58,111.8573,,,,,,,,
4.2,1478,2061.144,140,58,112.0747,,,,,,,,
4.2,1480,2055.396,140,58,112.2923,,,,,,,,
4.2,1482,2049.623,140,58,112.5103,,,,,,,,
4.2,1484,2043.827,140,58,112.7287,,,,,,,,
4.2,1486,2038.006,140,58,112.9474,,,,,,,,
4.2,1488,2032.161,140,58,113.1664,,,,,,,,
4.2,1490,2026.29,140,58,113.3857,,,,,,,,
4.2,1492,2020.395,140,58,113.6054,,,,,,,,
4.2,1494,2014.475,140,58,113.8254,,,,,,,,
4.2,1496,2008.529,140,58,114.0457,,,,,,,,
4.2,1498,2002.557,140,58,114.2664,,,,,,,,
4.2,1500,1996.56,140,58,114.4874,,,,,,,,
4.2,1502,1990.537,140,58,114.7088,,,,,,,,
4.2,1504,1984.487,140,58,114.9305,,,,,,,,
4.2,1506,1978.411,140,58,115.1525,,,,,,,,
4.2,1508,1972.307,140,58,115.3749,,,,,,,,
4.2,1510,1966.177,140,58,115.5976,,,,,,,,
4.2,1512,1960.019,140,58,115.8207,,,,,,,,
4.2,1514,1953.834,140,58,116.0441,,,,,,,,
4.2,1516,1947.621,140,58,116.2678,,,,,,,,
4.2,1518,1941.38,140,58,116.4918,,,,,,,,
4.2,1520,1935.11,140,58,116.7163,,,,,,,,
4.2,1522,1928.812,140,58,116.941,,,,,,,,
4.2,1524,1922.485,140,58,117.1661,,,,,,,,
4.2,1526,1916.128,140,58,117.3915,,,,,,,,
4.2,1528,1909.742,140,58,117.6173,,,,,,,,
4.2,1530,1903.327,140,58,117.8434,,,,,,,,
4.2,1532,1896.881,140,58,118.0699,,,,,,,,
4.2,1534,1890.404,140,58,118.2967,,,,,,,,
4.2,1536,1883.897,140,58,118.5238,,,,,,,,
4.2,1538,1877.359,140,58,118.7513,,,,,,,,
4.2,1540,1870.789,140,58,118.9791,,,,,,,,
4.2,1542,1864.188,140,58,119.2073,,,,,,,,
4.2,1544,1857.554,140,58,119.4359,,,,,,,,
4.2,1546,1850.889,140,58,119.6647,,,,,,,,
4.2,1548,1844.19,140,58,119.8939,,,,,,,,
4.2,1550,1837.458,140,58,120.1235,,,,,,,,
4.2,1552,1830.693,140,58,120.3534,,,,,,,,
4.2,1554,1823.894,140,58,120.5837,,,,,,,,
4.2,1556,1817.06,140,58,120.8143,,,,,,,,
4.2,1558,1810.192,140,58,121.0453,,,,,,,,
4.2,1560,1803.289,140,58,121.2766,,,,,,,,
4.2,1562,1796.351,140,58,121.5083,,,,,,,,
4.2,1564,1789.377,140,58,121.7403,,,,,,,,
4.2,1566,1782.366,140,58,121.9726,,,,,,,,
4.2,1568,1775.319,140,58,122.2054,,,,,,,,
4.2,1570,1768.234,140,58,122.4384,,,,,,,,
4.2,1572,1761.112,140,58,122.6719,,,,,,,,
4.2,1574,1753.952,140,58,122.9057,,,,,,,,
4.2,1576,1746.754,140,58,123.1398,,,,,,,,
4.2,1578,1739.516,140,58,123.3743,,,,,,,,
4.2,1580,1732.239,140,58,123.6092,,,,,,,,
4.2,1582,1724.922,140,58,123.8444,,,,,,,,
4.2,1584,1717.565,140,58,124.0799,,,,,,,,
4.2,1586,1710.166,140,58,124.3159,,,,,,,,
4.2,1588,1702.726,140,58,124.5522,,,,,,,,
4.2,1590,1695.244,140,58,124.7888,,,,,,,,
4.2,1592,1687.719,140,58,125.0258,,,,,,,,
4.2,1594,1680.151,140,58,125.2632,,,,,,,,
4.2,1596,1672.54,140,58,125.501,,,,,,,,
4.2,1598,1664.883,140,58,125.7391,,,,,,,,
4.2,1600,1657.182,140,58,125.9775,,,,,,,,
4.2,1602,1649.435,140,58,126.2164,,,,,,,,
4.2,1604,1641.642,140,58,126.4556,,,,,,,,
4.2,1606,1633.802,140,58,126.6951,,,,,,,,
4.2,1608,1625.914,140,58,126.9351,,,,,,,,
4.2,1610,1617.978,140,58,127.1754,,,,,,,,
4.2,1612,1609.993,140,58,127.4161,,,,,,,,
4.2,1614,1601.958,140,58,127.6571,,,,,,,,
4.2,1616,1593.872,140,58,127.8986,,,,,,,,
4.2,1618,1585.735,140,58,128.1404,,,,,,,,
4.2,1620,1577.546,140,58,128.3826,,,,,,,,
4.2,1622,1569.304,140,58,128.6251,,,,,,,,
4.2,1624,1561.009,140,60,128.9357,,,,,,,,
4.2,1626,1552.658,140,58,129.1114,,,,,,,,
4.2,1628,1544.253,140,58,129.3551,,,,,,,,
4.2,1630,1535.79,140,58,129.5992,,,,,,,,
4.2,1632,1527.271,140,58,129.8436,,,,,,,,
4.2,1634,1518.693,140,58,130.0885,,,,,,,,
4.2,1636,1510.056,140,58,130.3337,,,,,,,,
4.2,1638,1501.358,140,58,130.5793,,,,,,,,
4.2,1640,1492.599,140,58,130.8253,,,,,,,,
4.2,1642,1483.778,140,58,131.0717,,,,,,,,
4.2,1644,1474.893,140,58,131.3185,,,,,,,,
4.2,1646,1465.943,140,58,131.5657,,,,,,,,
4.2,1648,1456.927,140,58,131.8133,,,,,,,,
4.2,1650,1447.844,140,60,132.1248,,,,,,,,
4.2,1652,1438.693,140,60,132.3728,,,,,,,,
4.2,1654,1429.471,140,60,132.6212,,,,,,,,
4.2,1656,1420.179,140,60,132.8701,,,,,,,,
4.2,1658,1410.814,140,60,133.1193,,,,,,,,
4.2,1660,1401.375,140,60,133.3689,,,,,,,,
4.2,1662,1391.861,140,60,133.619,,,,,,,,
4.2,1664,1382.269,140,58,133.8085,,,,,,,,
4.2,1666,1372.599,140,58,134.0598,,,,,,,,
4.2,1668,1362.849,140,58,134.3114,,,,,,,,
4.2,1670,1353.016,140,58,134.5635,,,,,,,,
4.2,1672,1343.1,140,58,134.816,,,,,,,,
4.2,1674,1333.097,140,60,135.1279,,,,,,,,
4.2,1676,1323.007,140,60,135.3809,,,,,,,,
4.2,1678,1312.828,140,60,135.6343,,,,,,,,
4.2,1680,1302.556,140,60,135.8881,,,,,,,,
4.2,1682,1292.191,140,60,136.1423,,,,,,,,
4.2,1684,1281.729,140,60,136.397,,,,,,,,
4.2,1686,1271.168,140,60,136.6521,,,,,,,,
4.2,1688,1260.506,140,60,136.9077,,,,,,,,
4.2,1690,1249.741,140,60,137.1637,,,,,,,,
4.2,1692,1238.869,140,60,137.4201,,,,,,,,
4.2,1694,1227.888,140,60,137.677,,,,,,,,
4.2,1696,1216.794,140,60,137.9344,,,,,,,,
4.2,1698,1205.585,140,60,138.1922,,,,,,,,
4.2,1700,1194.258,140,60,138.4505,,,,,,,,
4.2,1702,1182.809,140,60,138.7093,,,,,,,,
4.2,1704,1171.234,140,60,138.9686,,,,,,,,
4.2,1706,1159.529,140,60,139.2283,,,,,,,,
4.2,1708,1147.692,140,60,139.4885,,,,,,,,
4.2,1710,1135.717,140,60,139.7492,,,,,,,,
4.2,1712,1123.6,140,60,140.0104,,,,,,,,
4.2,1714,1111.336,140,60,140.2721,,,,,,,,
4.2,1716,1098.921,140,60,140.5343,,,,,,,,
4.2,1718,1086.35,140,60,140.7971,,,,,,,,
4.2,1720,1073.616,140,60,141.0603,,,,,,,,
4.2,1722,1060.715,140,60,141.3241,,,,,,,,
4.2,1724,1047.639,140,60,141.5885,,,,,,,,
4.2,1726,1034.383,140,60,141.8534,,,,,,,,
4.2,1728,1020.939,140,60,142.1188,,,,,,,,
4.2,1730,1007.3,140,60,142.3849,,,,,,,,
4.2,1732,993.457,140,60,142.6515,,,,,,,,
4.2,1734,979.402,140,60,142.9187,,,,,,,,
4.2,1736,965.126,140,60,143.1865,,,,,,,,
4.2,1738,950.619,140,60,143.4549,,,,,,,,
4.2,1740,935.87,140,60,143.724,,,,,,,,
4.2,1742,920.867,140,60,143.9937,,,,,,,,
4.2,1744,905.598,140,60,144.2641,,,,,,,,
4.2,1746,890.05,140,60,144.5352,,,,,,,,
4.2,1748,874.206,140,60,144.807,,,,,,,,
4.2,1750,858.052,140,60,145.0796,,,,,,,,
4.2,1752,841.568,140,60,145.3528,,,,,,,,
4.2,1754,824.735,140,60,145.6269,,,,,,,,
4.2,1756,807.532,140,60,145.9018,,,,,,,,
4.2,1758,789.934,140,60,146.1775,,,,,,,,
4.2,1760,771.915,140,60,146.4541,,,,,,,,
4.2,1762,753.443,140,60,146.7316,,,,,,,,
4.2,1764,734.485,140,60,147.0101,,,,,,,,
4.2,1766,715.002,140,60,147.2896,,,,,,,,
4.2,1768,694.951,140,60,147.5702,,,,,,,,
4.2,1770,674.279,140,60,147.852,,,,,,,,
4.2,1772,652.929,140,60,148.135,,,,,,,,
4.2,1774,630.832,140,60,148.4193,,,,,,,,
4.2,1776,607.905,140,60,148.705,,,,,,,,
4.2,1778,584.052,140,60,148.9923,,,,,,,,
4.2,1780,559.153,140,60,149.2813,,,,,,,,
4.2,1782,533.063,140,60,149.5723,,,,,,,,
4.2,1784,505.597,140,60,149.8654,,,,,,,,
4.2,1786,476.517,140,60,150.161,,,,,,,,
4.2,1788,445.507,140,60,150.4596,,,,,,,,
4.2,1790,412.132,140,60,150.7616,,,,,,,,
4.2,1792,375.761,140,60,151.068,,,,,,,,
4.2,1794,335.423,140,60,151.38,,,,,,,,
4.2,1796,289.462,140,60,151.7,,,,,,,,
4.2,1798,234.598,140,60,152.0322,,,,,,,,
4.2,1800,162.026,140,60,152.3885,,,,,,,,
4.7,900,2716.328,100,48,70.4897,,,,,,,,
4.7,902,2713.673,100,48,70.633,,,,,,,,
4.7,904,2711.01,100,48,70.7767,,,,,,,,
4.7,906,2708.338,100,48,70.9207,,,,,,,,
4.7,908,2705.658,100,48,71.065,,,,,,,,
4.7,910,2702.969,100,48,71.2097,,,,,,,,
4.7,912,2700.271,100,48,71.3548,,,,,,,,
4.7,914,2697.565,105,48,71.3813,,,,,,,,
4.7,916,2694.85,105,48,71.5269,,,,,,,,
4.7,918,2692.126,105,48,71.6729,,,,,,,,
4.7,920,2689.394,105,48,71.8192,,,,,,,,
4.7,922,2686.653,110,50,71.9516,,,,,,,,
4.7,924,2683.903,110,50,72.0986,,,,,,,,
4.7,926,2681.145,110,50,72.2459,,,,,,,,
4.7,928,2678.377,110,50,72.3936,,,,,,,,
4.7,930,2675.601,110,50,72.5417,,,,,,,,
4.7,932,2672.816,110,50,72.69,,,,,,,,
4.7,934,2670.022,110,50,72.8388,,,,,,,,
4.7,936,2667.219,110,50,72.9878,,,,,,,,
4.7,938,2664.407,105,50,73.2523,,,,,,,,
4.7,940,2661.586,110,48,73.1814,,,,,,,,
4.7,942,2658.756,110,48,73.3314,,,,,,,,
4.7,944,2655.917,110,48,73.4818,,,,,,,,
4.7,946,2653.069,110,48,73.6325,,,,,,,,
4.7,948,2650.212,110,52,73.9872,,,,,,,,
4.7,950,2647.346,115,52,74.0276,,,,,,,,
4.7,952,2644.47,120,52,74.0683,,,,,,,,
4.7,954,2641.586,120,52,74.2203,,,,,,,,
4.7,956,2638.692,120,52,74.3728,,,,,,,,
4.7,958,2635.789,120,52,74.5256,,,,,,,,
4.7,960,2632.877,120,52,74.6787,,,,,,,,
4.7,962,2629.955,115,52,74.9437,,,,,,,,
4.7,964,2627.024,115,50,74.9949,,,,,,,,
4.7,966,2624.084,120,50,75.033,,,,,,,,
4.7,968,2621.134,120,50,75.1875,,,,,,,,
4.7,970,2618.175,120,50,75.3423,,,,,,,,
4.7,972,2615.206,120,50,75.4974,,,,,,,,
4.7,974,2612.228,120,50,75.6529,,,,,,,,
4.7,976,2609.24,120,50,75.8088,,,,,,,,
4.7,978,2606.243,120,50,75.965,,,,,,,,
4.7,980,2603.236,120,50,76.1215,,,,,,,,
4.7,982,2600.22,120,54,76.4856,,,,,,,,
4.7,984,2597.194,130,54,76.427,,,,,,,,
4.7,986,2594.158,130,54,76.5846,,,,,,,,
4.7,988,2591.112,130,54,76.7425,,,,,,,,
4.7,990,2588.057,135,54,76.7927,,,,,,,,
4.7,992,2584.992,135,54,76.9513,,,,,,,,
4.7,994,2581.917,135,54,77.1102,,,,,,,,
4.7,996,2578.832,135,54,77.2695,,,,,,,,
4.7,998,2575.738,135,54,77.4291,,,,,,,,
4.7,1000,2572.633,135,54,77.5891,,,,,,,,
4.7,1002,2569.518,130,54,77.8578,,,,,,,,
4.7,1004,2566.394,130,54,78.0186,,,,,,,,
4.7,1006,2563.259,130,52,78.0711,,,,,,,,
4.7,1008,2560.114,130,52,78.2325,,,,,,,,
4.7,1010,2556.959,135,52,78.2815,,,,,,,,
4.7,1012,2553.794,135,52,78.4436,,,,,,,,
4.7,1014,2550.619,135,52,78.6059,,,,,,,,
4.7,1016,2547.433,135,52,78.7687,,,,,,,,
4.7,1018,2544.237,135,52,78.9318,,,,,,,,
4.7,1020,2541.031,135,52,79.0952,,,,,,,,
4.7,1022,2537.815,140,56,79.372,,,,,,,,
4.7,1024,2534.588,140,56,79.5362,,,,,,,,
4.7,1026,2531.351,140,56,79.7007,,,,,,,,
4.7,1028,2528.103,140,56,79.8656,,,,,,,,
4.7,1030,2524.845,140,56,80.0308,,,,,,,,
4.7,1032,2521.576,140,56,80.1964,,,,,,,,
4.7,1034,2518.296,140,56,80.3624,,,,,,,,
4.7,1036,2515.006,140,56,80.5286,,,,,,,,
4.7,1038,2511.705,140,56,80.6953,,,,,,,,
4.7,1040,2508.394,140,56,80.8623,,,,,,,,
4.7,1042,2505.072,140,56,81.0296,,,,,,,,
4.7,1044,2501.739,140,56,81.1973,,,,,,,,
4.7,1046,2498.395,140,56,81.3653,,,,,,,,
4.7,1048,2495.04,140,56,81.5337,,,,,,,,
4.7,1050,2491.674,140,56,81.7025,,,,,,,,
4.7,1052,2488.297,140,56,81.8716,,,,,,,,
4.7,1054,2484.91,140,56,82.041,,,,,,,,
4.7,1056,2481.511,140,56,82.2108,,,,,,,,
4.7,1058,2478.101,140,56,82.381,,,,,,,,
4.7,1060,2474.68,140,56,82.5515,,,,,,,,
4.7,1062,2471.247,140,56,82.7224,,,,,,,,
4.7,1064,2467.804,140,58,82.9952,,,,,,,,
4.7,1066,2464.349,140,58,83.1668,,,,,,,,
4.7,1068,2460.883,140,58,83.3387,,,,,,,,
4.7,1070,2457.405,140,58,83.511,,,,,,,,
4.7,1072,2453.916,140,58,83.6836,,,,,,,,
4.7,1074,2450.415,140,58,83.8566,,,,,,,,
4.7,1076,2446.903,140,58,84.0299,,,,,,,,
4.7,1078,2443.38,140,58,84.2036,,,,,,,,
4.7,1080,2439.844,140,58,84.3776,,,,,,,,
4.7,1082,2436.297,140,58,84.552,,,,,,,,
4.7,1084,2432.738,140,58,84.7267,,,,,,,,
4.7,1086,2429.168,140,58,84.9018,,,,,,,,
4.7,1088,2425.585,140,58,85.0773,,,,,,,,
4.7,1090,2421.991,140,58,85.253,,,,,,,,
4.7,1092,2418.385,140,58,85.4292,,,,,,,,
4.7,1094,2414.766,140,58,85.6057,,,,,,,,
4.7,1096,2411.136,140,58,85.7825,,,,,,,,
4.7,1098,2407.493,140,58,85.9597,,,,,,,,
4.7,1100,2403.839,140,58,86.1373,,,,,,,,
4.7,1102,2400.172,140,58,86.3152,,,,,,,,
4.7,1104,2396.492,140,58,86.4935,,,,,,,,
4.7,1106,2392.801,140,58,86.6721,,,,,,,,
4.7,1108,2389.097,140,58,86.8511,,,,,,,,
4.7,1110,2385.38,140,60,87.1251,,,,,,,,
4.7,1112,2381.651,140,60,87.3048,,,,,,,,
4.7,1114,2377.91,140,60,87.4848,,,,,,,,
4.7,1116,2374.156,140,60,87.6651,,,,,,,,
4.7,1118,2370.389,140,60,87.8459,,,,,,,,
4.7,1120,2366.609,140,60,88.0269,,,,,,,,
4.7,1122,2362.817,140,60,88.2083,,,,,,,,
4.7,1124,2359.012,140,60,88.3901,,,,,,,,
4.7,1126,2355.193,140,60,88.5723,,,,,,,,
4.7,1128,2351.362,140,60,88.7547,,,,,,,,
4.7,1130,2347.518,140,60,88.9376,,,,,,,,
4.7,1132,2343.66,140,60,89.1208,,,,,,,,
4.7,1134,2339.79,140,60,89.3043,,,,,,,,
4.7,1136,2335.906,140,60,89.4882,,,,,,,,
4.7,1138,2332.009,140,60,89.6725,,,,,,,,
4.7,1140,2328.098,140,60,89.8571,,,,,,,,
4.7,1142,2324.174,140,60,90.042,,,,,,,,
4.7,1144,2320.236,140,60,90.2273,,,,,,,,
4.7,1146,2316.285,140,60,90.413,,,,,,,,
4.7,1148,2312.32,140,60,90.599,,,,,,,,
4.7,1150,2308.341,140,60,90.7854,,,,,,,,
4.7,1152,2304.349,140,60,90.9722,,,,,,,,
4.7,1154,2300.343,140,60,91.1592,,,,,,,,
4.7,1156,2296.322,140,60,91.3467,,,,,,,,
4.7,1158,2292.288,140,60,91.5345,,,,,,,,
4.7,1160,2288.239,140,60,91.7226,,,,,,,,
4.7,1162,2284.177,140,60,91.9112,,,,,,,,
4.7,1164,2280.1,140,60,92.1,,,,,,,,
4.7,1166,2276.009,140,60,92.2893,,,,,,,,
4.7,1168,2271.903,140,60,92.4788,,,,,,,,
4.7,1170,2267.783,140,60,92.6688,,,,,,,,
4.7,1172,2263.648,140,60,92.8591,,,,,,,,
4.7,1174,2259.499,140,60,93.0497,,,,,,,,
4.7,1176,2255.335,140,60,93.2407,,,,,,,,
4.7,1178,2251.156,140,60,93.4321,,,,,,,,
4.7,1180,2246.962,140,60,93.6238,,,,,,,,
4.7,1182,2242.754,140,60,93.8159,,,,,,,,
4.7,1184,2238.53,140,60,94.0083,,,,,,,,
4.7,1186,2234.291,140,60,94.2011,,,,,,,,
4.7,1188,2230.037,140,60,94.3942,,,,,,,,
4.7,1190,2225.767,140,60,94.5877,,,,,,,,
4.7,1192,2221.482,140,60,94.7816,,,,,,,,
4.7,1194,2217.182,140,60,94.9758,,,,,,,,
4.7,1196,2212.866,140,60,95.1704,,,,,,,,
4.7,1198,2208.534,140,60,95.3653,,,,,,,,
4.7,1200,2204.187,140,60,95.5606,,,,,,,,
4.7,1202,2199.824,140,60,95.7563,,,,,,,,
4.7,1204,2195.444,140,60,95.9523,,,,,,,,
4.7,1206,2191.049,140,60,96.1487,,,,,,,,
4.7,1208,2186.638,140,60,96.3454,,,,,,,,
4.7,1210,2182.21,140,60,96.5425,,,,,,,,
4.7,1212,2177.766,140,60,96.7399,,,,,,,,
4.7,1214,2173.305,140,60,96.9377,,,,,,,,
4.7,1216,2168.828,140,60,97.1359,,,,,,,,
4.7,1218,2164.335,140,60,97.3344,,,,,,,,
4.7,1220,2159.824,140,60,97.5333,,,,,,,,
4.7,1222,2155.297,140,60,97.7326,,,,,,,,
4.7,1224,2150.752,140,60,97.9322,,,,,,,,
4.7,1226,2146.191,140,60,98.1322,,,,,,,,
4.7,1228,2141.612,140,60,98.3325,,,,,,,,
4.7,1230,2137.017,140,60,98.5332,,,,,,,,
4.7,1232,2132.403,140,60,98.7342,,,,,,,,
4.7,1234,2127.773,140,60,98.9357,,,,,,,,
4.7,1236,2123.124,140,60,99.1374,,,,,,,,
4.7,1238,2118.458,140,60,99.3396,,,,,,,,
4.7,1240,2113.774,140,60,99.5421,,,,,,,,
4.7,1242,2109.072,140,60,99.7449,,,,,,,,
4.7,1244,2104.352,140,60,99.9482,,,,,,,,
4.7,1246,2099.613,140,60,100.1518,,,,,,,,
4.7,1248,2094.857,140,60,100.3557,,,,,,,,
4.7,1250,2090.081,140,60,100.56,,,,,,,,
4.7,1252,2085.287,140,60,100.7647,,,,,,,,
4.7,1254,2080.475,140,60,100.9697,,,,,,,,
4.7,1256,2075.643,140,60,101.1751,,,,,,,,
4.7,1258,2070.793,140,60,101.3809,,,,,,,,
4.7,1260,2065.923,140,60,101.5871,,,,,,,,
4.7,1262,2061.035,140,60,101.7936,,,,,,,,
4.7,1264,2056.126,140,60,102.0004,,,,,,,,
4.7,1266,2051.199,140,60,102.2076,,,,,,,,
4.7,1268,2046.251,140,60,102.4152,,,,,,,,
4.7,1270,2041.284,140,60,102.6232,,,,,,,,
4.7,1272,2036.297,140,60,102.8315,,,,,,,,
4.7,1274,2031.289,140,60,103.0402,,,,,,,,
4.7,1276,2026.262,140,60,103.2493,,,,,,,,
4.7,1278,2021.213,140,60,103.4587,,,,,,,,
4.7,1280,2016.145,140,60,103.6685,,,,,,,,
4.7,1282,2011.055,140,60,103.8786,,,,,,,,
4.7,1284,2005.945,140,60,104.0892,,,,,,,,
4.7,1286,2000.814,140,60,104.3001,,,,,,,,
4.7,1288,1995.661,140,60,104.5113,,,,,,,,
4.7,1290,1990.487,140,60,104.723,,,,,,,,
4.7,1292,1985.292,140,60,104.935,,,,,,,,
4.7,1294,1980.075,140,60,105.1473,,,,,,,,
4.7,1296,1974.836,140,60,105.3601,,,,,,,,
4.7,1298,1969.575,140,60,105.5732,,,,,,,,
4.7,1300,1964.291,140,60,105.7866,,,,,,,,
4.7,1302,1958.985,140,60,106.0005,,,,,,,,
4.7,1304,1953.657,140,60,106.2147,,,,,,,,
4.7,1306,1948.306,140,60,106.4293,,,,,,,,
4.7,1308,1942.932,140,60,106.6442,,,,,,,,
4.7,1310,1937.534,140,60,106.8596,,,,,,,,
4.7,1312,1932.114,140,60,107.0753,,,,,,,,
4.7,1314,1926.67,140,60,107.2913,,,,,,,,
4.7,1316,1921.202,140,60,107.5078,,,,,,,,
4.7,1318,1915.71,140,60,107.7246,,,,,,,,
4.7,1320,1910.194,140,60,107.9418,,,,,,,,
4.7,1322,1904.653,140,60,108.1593,,,,,,,,
4.7,1324,1899.088,140,60,108.3773,,,,,,,,
4.7,1326,1893.498,140,60,108.5956,,,,,,,,
4.7,1328,1887.883,140,60,108.8143,,,,,,,,
4.7,1330,1882.243,140,60,109.0333,,,,,,,,
4.7,1332,1876.578,140,60,109.2528,,,,,,,,
4.7,1334,1870.886,140,60,109.4726,,,,,,,,
4.7,1336,1865.169,140,60,109.6928,,,,,,,,
4.7,1338,1859.426,140,60,109.9133,,,,,,,,
4.7,1340,1853.656,140,60,110.1343,,,,,,,,
4.7,1342,1847.859,140,60,110.3556,,,,,,,,
4.7,1344,1842.036,140,60,110.5773,,,,,,,,
4.7,1346,1836.185,140,60,110.7993,,,,,,,,
4.7,1348,1830.307,140,60,111.0218,,,,,,,,
4.7,1350,1824.401,140,60,111.2446,,,,,,,,
4.7,1352,1818.467,140,60,111.4678,,,,,,,,
4.7,1354,1812.505,140,60,111.6914,,,,,,,,
4.7,1356,1806.515,140,60,111.9154,,,,,,,,
4.7,1358,1800.495,140,60,112.1397,,,,,,,,
4.7,1360,1794.447,140,60,112.3645,,,,,,,,
4.7,1362,1788.369,140,60,112.5896,,,,,,,,
4.7,1364,1782.261,140,60,112.8151,,,,,,,,
4.7,1366,1776.124,140,60,113.0409,,,,,,,,
4.7,1368,1769.956,140,60,113.2672,,,,,,,,
4.7,1370,1763.757,140,60,113.4938,,,,,,,,
4.7,1372,1757.528,140,60,113.7209,,,,,,,,
4.7,1374,1751.267,140,60,113.9483,,,,,,,,
4.7,1376,1744.974,140,60,114.1761,,,,,,,,
4.7,1378,1738.65,140,60,114.4043,,,,,,,,
4.7,1380,1732.293,140,60,114.6328,,,,,,,,
4.7,1382,1725.904,140,60,114.8618,,,,,,,,
4.7,1384,1719.481,140,60,115.0911,,,,,,,,
4.7,1386,1713.025,140,60,115.3209,,,,,,,,
4.7,1388,1706.536,140,60,115.551,,,,,,,,
4.7,1390,1700.012,140,60,115.7815,,,,,,,,
4.7,1392,1693.453,140,60,116.0124,,,,,,,,
4.7,1394,1686.86,140,60,116.2437,,,,,,,,
4.7,1396,1680.231,140,60,116.4754,,,,,,,,
4.7,1398,1673.566,140,60,116.7075,,,,,,,,
4.7,1400,1666.865,140,60,116.94,,,,,,,,
4.7,1402,1660.128,140,60,117.1728,,,,,,,,
4.7,1404,1653.353,140,60,117.4061,,,,,,,,
4.7,1406,1646.541,140,60,117.6397,,,,,,,,
4.7,1408,1639.69,140,60,117.8738,,,,,,,,
4.7,1410,1632.801,140,60,118.1082,,,,,,,,
4.7,1412,1625.873,140,60,118.3431,,,,,,,,
4.7,1414,1618.906,140,60,118.5783,,,,,,,,
4.7,1416,1611.898,140,60,118.814,,,,,,,,
4.7,1418,1604.85,140,60,119.05,,,,,,,,
4.7,1420,1597.761,140,60,119.2864,,,,,,,,
4.7,1422,1590.63,140,60,119.5233,,,,,,,,
4.7,1424,1583.457,140,60,119.7605,,,,,,,,
4.7,1426,1576.241,140,60,119.9982,,,,,,,,
4.7,1428,1568.982,140,60,120.2363,,,,,,,,
4.7,1430,1561.679,140,60,120.4747,,,,,,,,
4.7,1432,1554.331,140,60,120.7136,,,,,,,,
4.7,1434,1546.938,140,60,120.9529,,,,,,,,
4.7,1436,1539.499,140,60,121.1925,,,,,,,,
4.7,1438,1532.013,140,60,121.4326,,,,,,,,
4.7,1440,1524.48,140,60,121.6732,,,,,,,,
4.7,1442,1516.899,140,60,121.9141,,,,,,,,
4.7,1444,1509.27,140,60,122.1554,,,,,,,,
4.7,1446,1501.591,140,60,122.3971,,,,,,,,
4.7,1448,1493.862,140,60,122.6393,,,,,,,,
4.7,1450,1486.082,140,60,122.8819,,,,,,,,
4.7,1452,1478.25,140,60,123.1249,,,,,,,,
4.7,1454,1470.366,140,60,123.3683,,,,,,,,
4.7,1456,1462.428,140,60,123.6121,,,,,,,,
4.7,1458,1454.436,140,60,123.8564,,,,,,,,
4.7,1460,1446.389,140,60,124.1011,,,,,,,,
4.7,1462,1438.285,140,60,124.3462,,,,,,,,
4.7,1464,1430.124,140,60,124.5917,,,,,,,,
4.7,1466,1421.906,140,60,124.8377,,,,,,,,
4.7,1468,1413.628,140,60,125.0841,,,,,,,,
4.7,1470,1405.29,140,60,125.3309,,,,,,,,
4.7,1472,1396.891,140,60,125.5782,,,,,,,,
4.7,1474,1388.429,140,60,125.8259,,,,,,,,
4.7,1476,1379.904,140,60,126.074,,,,,,,,
4.7,1478,1371.315,140,60,126.3226,,,,,,,,
4.7,1480,1362.659,140,60,126.5716,,,,,,,,
4.7,1482,1353.936,140,60,126.821,,,,,,,,
4.7,1484,1345.145,140,60,127.0709,,,,,,,,
4.7,1486,1336.284,140,60,127.3213,,,,,,,,
4.7,1488,1327.352,140,60,127.5721,,,,,,,,
4.7,1490,1318.347,140,60,127.8233,,,,,,,,
4.7,1492,1309.268,140,60,128.075,,,,,,,,
4.7,1494,1300.114,140,60,128.3272,,,,,,,,
4.7,1496,1290.882,140,60,128.5798,,,,,,,,
4.7,1498,1281.571,140,60,128.8329,,,,,,,,
4.7,1500,1272.179,140,60,129.0864,,,,,,,,
4.7,1502,1262.705,140,60,129.3404,,,,,,,,
4.7,1504,1253.146,140,60,129.5949,,,,,,,,
4.7,1506,1243.501,140,60,129.8499,,,,,,,,
4.7,1508,1233.768,140,60,130.1053,,,,,,,,
4.7,1510,1223.944,140,60,130.3612,,,,,,,,
4.7,1512,1214.028,140,60,130.6176,,,,,,,,
4.7,1514,1204.017,140,60,130.8745,,,,,,,,
4.7,1516,1193.908,140,60,131.1318,,,,,,,,
4.7,1518,1183.699,140,60,131.3897,,,,,,,,
4.7,1520,1173.388,140,60,131.6481,,,,,,,,
4.7,1522,1162.972,140,60,131.9069,,,,,,,,
4.7,1524,1152.448,140,60,132.1663,,,,,,,,
4.7,1526,1141.813,140,60,132.4262,,,,,,,,
4.7,1528,1131.063,140,60,132.6866,,,,,,,,
4.7,1530,1120.196,140,60,132.9475,,,,,,,,
4.7,1532,1109.209,140,60,133.2089,,,,,,,,
4.7,1534,1098.096,140,60,133.4709,,,,,,,,
4.7,1536,1086.856,140,60,133.7334,,,,,,,,
4.7,1538,1075.483,140,60,133.9965,,,,,,,,
4.7,1540,1063.974,140,60,134.2601,,,,,,,,
4.7,1542,1052.323,140,60,134.5243,,,,,,,,
4.7,1544,1040.527,140,60,134.789,,,,,,,,
4.7,1546,1028.58,140,60,135.0544,,,,,,,,
4.7,1548,1016.476,140,60,135.3203,,,,,,,,
4.7,1550,1004.211,140,60,135.5867,,,,,,,,
4.7,1552,991.778,140,60,135.8538,,,,,,,,
4.7,1554,979.171,140,60,136.1215,,,,,,,,
4.7,1556,966.383,140,60,136.3899,,,,,,,,
4.7,1558,953.406,140,60,136.6588,,,,,,,,
4.7,1560,940.234,140,60,136.9284,,,,,,,,
4.7,1562,926.857,140,60,137.1987,,,,,,,,
4.7,1564,913.267,140,60,137.4696,,,,,,,,
4.7,1566,899.453,140,60,137.7412,,,,,,,,
4.7,1568,885.406,140,60,138.0135,,,,,,,,
4.7,1570,871.114,140,60,138.2865,,,,,,,,
4.7,1572,856.565,140,60,138.5603,,,,,,,,
4.7,1574,841.746,140,60,138.8348,,,,,,,,
4.7,1576,826.641,140,60,139.1101,,,,,,,,
4.7,1578,811.236,140,60,139.3862,,,,,,,,
4.7,1580,795.512,140,60,139.6632,,,,,,,,
4.7,1582,779.451,140,60,139.941,,,,,,,,
4.7,1584,763.031,140,60,140.2197,,,,,,,,
4.7,1586,746.228,140,60,140.4993,,,,,,,,
4.7,1588,729.016,140,60,140.7799,,,,,,,,
4.7,1590,711.365,140,60,141.0615,,,,,,,,
4.7,1592,693.242,140,60,141.3442,,,,,,,,
4.7,1594,674.608,140,60,141.628,,,,,,,,
4.7,1596,655.42,140,60,141.9129,,,,,,,,
4.7,1598,635.629,140,60,142.1992,,,,,,,,
4.7,1600,615.175,140,60,142.4868,,,,,,,,
4.7,1602,593.99,140,60,142.7759,,,,,,,,
4.7,1604,571.993,140,60,143.0665,,,,,,,,
4.7,1606,549.086,140,60,143.3589,,,,,,,,
4.7,1608,525.151,140,60,143.6532,,,,,,,,
4.7,1610,500.04,140,60,143.9496,,,,,,,,
4.7,1612,473.565,140,60,144.2485,,,,,,,,
4.7,1614,445.484,140,60,144.5501,,,,,,,,
4.7,1616,415.471,140,60,144.855,,,,,,,,
4.7,1618,383.072,140,60,145.1638,,,,,,,,
4.7,1620,347.62,140,60,145.4777,,,,,,,,
4.7,1622,308.065,140,60,145.798,,,,,,,,
4.7,1624,262.556,140,60,146.1277,,,,,,,,
4.7,1626,207.21,140,60,146.4725,,,,,,,,
4.7,1628,130.015,140,60,146.8505,,,,,,,,
5.2,792,2502.61,100,48,70.1256,,,,,,,,
5.2,794,2500.074,100,48,70.2647,,,,,,,,
5.2,796,2497.529,100,48,70.4041,,,,,,,,
5.2,798,2494.975,100,48,70.5439,,,,,,,,
5.2,800,2492.411,100,48,70.684,,,,,,,,
5.2,802,2489.839,100,48,70.8246,,,,,,,,
5.2,804,2487.258,105,50,70.9466,,,,,,,,
5.2,806,2484.667,105,50,71.0879,,,,,,,,
5.2,808,2482.067,105,50,71.2296,,,,,,,,
5.2,810,2479.459,105,50,71.3716,,,,,,,,
5.2,812,2476.84,105,50,71.5141,,,,,,,,
5.2,814,2474.213,105,50,71.6569,,,,,,,,
5.2,816,2471.577,105,50,71.8001,,,,,,,,
5.2,818,2468.931,105,50,71.9436,,,,,,,,
5.2,820,2466.275,105,50,72.0876,,,,,,,,
5.2,822,2463.611,105,50,72.2319,,,,,,,,
5.2,824,2460.937,110,50,72.2623,,,,,,,,
5.2,826,2458.254,110,50,72.4073,,,,,,,,
5.2,828,2455.561,110,52,72.6496,,,,,,,,
5.2,830,2452.858,115,52,72.6852,,,,,,,,
5.2,832,2450.147,115,52,72.8313,,,,,,,,
5.2,834,2447.425,115,52,72.9778,,,,,,,,
5.2,836,2444.694,115,52,73.1247,,,,,,,,
5.2,838,2441.954,115,52,73.272,,,,,,,,
5.2,840,2439.204,115,52,73.4197,,,,,,,,
5.2,842,2436.444,115,52,73.5677,,,,,,,,
5.2,844,2433.674,115,52,73.7162,,,,,,,,
5.2,846,2430.895,115,52,73.865,,,,,,,,
5.2,848,2428.106,115,52,74.0142,,,,,,,,
5.2,850,2425.307,120,52,74.0526,,,,,,,,
5.2,852,2422.498,120,52,74.2025,,,,,,,,
5.2,854,2419.68,120,52,74.3528,,,,,,,,
5.2,856,2416.851,120,52,74.5034,,,,,,,,
5.2,858,2414.013,130,56,74.6385,,,,,,,,
5.2,860,2411.165,130,56,74.7899,,,,,,,,
5.2,862,2408.306,130,56,74.9417,,,,,,,,
5.2,864,2405.438,130,56,75.0939,,,,,,,,
5.2,866,2402.559,130,56,75.2465,,,,,,,,
5.2,868,2399.671,125,56,75.5034,,,,,,,,
5.2,870,2396.772,125,54,75.5605,,,,,,,,
5.2,872,2393.863,125,54,75.7143,,,,,,,,
5.2,874,2390.943,130,54,75.7604,,,,,,,,
5.2,876,2388.014,130,54,75.9148,,,,,,,,
5.2,878,2385.074,130,54,76.0696,,,,,,,,
5.2,880,2382.124,130,54,76.2249,,,,,,,,
5.2,882,2379.163,130,54,76.3805,,,,,,,,
5.2,884,2376.192,130,54,76.5365,,,,,,,,
5.2,886,2373.211,130,54,76.6928,,,,,,,,
5.2,888,2370.219,130,54,76.8496,,,,,,,,
5.2,890,2367.217,130,54,77.0068,,,,,,,,
5.2,892,2364.204,130,58,77.359,,,,,,,,
5.2,894,2361.18,140,58,77.3147,,,,,,,,
5.2,896,2358.146,140,58,77.4731,,,,,,,,
5.2,898,2355.101,140,58,77.6318,,,,,,,,
5.2,900,2352.045,140,58,77.7909,,,,,,,,
5.2,902,2348.978,140,58,77.9503,,,,,,,,
5.2,904,2345.901,140,58,78.1102,,,,,,,,
5.2,906,2342.813,140,58,78.2705,,,,,,,,
5.2,908,2339.713,140,58,78.4311,,,,,,,,
5.2,910,2336.603,140,58,78.5921,,,,,,,,
5.2,912,2333.482,140,58,78.7536,,,,,,,,
5.2,914,2330.35,140,58,78.9154,,,,,,,,
5.2,916,2327.207,140,58,79.0776,,,,,,,,
5.2,918,2324.052,140,58,79.2402,,,,,,,,
5.2,920,2320.887,140,58,79.4032,,,,,,,,
5.2,922,2317.71,140,58,79.5665,,,,,,,,
5.2,924,2314.522,140,58,79.7303,,,,,,,,
5.2,926,2311.322,140,58,79.8944,,,,,,,,
5.2,928,2308.112,140,58,80.059,,,,,,,,
5.2,930,2304.889,140,58,80.2239,,,,,,,,
5.2,932,2301.656,140,58,80.3892,,,,,,,,
5.2,934,2298.41,140,60,80.6501,,,,,,,,
5.2,936,2295.154,140,60,80.8162,,,,,,,,
5.2,938,2291.885,140,60,80.9827,,,,,,,,
5.2,940,2288.605,140,60,81.1496,,,,,,,,
5.2,942,2285.314,140,60,81.3169,,,,,,,,
5.2,944,2282.01,140,60,81.4846,,,,,,,,
5.2,946,2278.695,140,60,81.6527,,,,,,,,
5.2,948,2275.368,140,60,81.8212,,,,,,,,
5.2,950,2272.029,140,60,81.99,,,,,,,,
5.2,952,2268.678,140,60,82.1592,,,,,,,,
5.2,954,2265.315,140,60,82.3289,,,,,,,,
5.2,956,2261.94,140,60,82.4989,,,,,,,,
5.2,958,2258.552,140,60,82.6693,,,,,,,,
5.2,960,2255.153,140,60,82.8401,,,,,,,,
5.2,962,2251.741,140,60,83.0113,,,,,,,,
5.2,964,2248.317,140,60,83.1829,,,,,,,,
5.2,966,2244.881,140,60,83.3549,,,,,,,,
5.2,968,2241.432,140,60,83.5272,,,,,,,,
5.2,970,2237.971,140,60,83.7,,,,,,,,
5.2,972,2234.497,140,60,83.8731,,,,,,,,
5.2,974,2231.011,140,60,84.0467,,,,,,,,
5.2,976,2227.512,140,60,84.2206,,,,,,,,
5.2,978,2224.001,140,60,84.3949,,,,,,,,
5.2,980,2220.476,140,60,84.5696,,,,,,,,
5.2,982,2216.939,140,60,84.7447,,,,,,,,
5.2,984,2213.389,140,60,84.9202,,,,,,,,
5.2,986,2209.826,140,60,85.0961,,,,,,,,
5.2,988,2206.25,140,60,85.2724,,,,,,,,
5.2,990,2202.661,140,60,85.4491,,,,,,,,
5.2,992,2199.059,140,60,85.6261,,,,,,,,
5.2,994,2195.443,140,60,85.8036,,,,,,,,
5.2,996,2191.814,140,60,85.9814,,,,,,,,
5.2,998,2188.172,140,60,86.1597,,,,,,,,
5.2,1000,2184.517,140,60,86.3383,,,,,,,,
5.2,1002,2180.848,140,60,86.5173,,,,,,,,
5.2,1004,2177.166,140,60,86.6968,,,,,,,,
5.2,1006,2173.47,140,60,86.8766,,,,,,,,
5.2,1008,2169.76,140,60,87.0568,,,,,,,,
5.2,1010,2166.037,140,60,87.2374,,,,,,,,
5.2,1012,2162.299,140,60,87.4184,,,,,,,,
5.2,1014,2158.548,140,60,87.5998,,,,,,,,
5.2,1016,2154.783,140,60,87.7815,,,,,,,,
5.2,1018,2151.004,140,60,87.9637,,,,,,,,
5.2,1020,2147.211,140,60,88.1463,,,,,,,,
5.2,1022,2143.404,140,60,88.3293,,,,,,,,
5.2,1024,2139.582,140,60,88.5126,,,,,,,,
5.2,1026,2135.746,140,60,88.6964,,,,,,,,
5.2,1028,2131.896,140,60,88.8805,,,,,,,,
5.2,1030,2128.031,140,60,89.0651,,,,,,,,
5.2,1032,2124.151,140,60,89.25,,,,,,,,
5.2,1034,2120.257,140,60,89.4353,,,,,,,,
5.2,1036,2116.348,140,60,89.6211,,,,,,,,
5.2,1038,2112.425,140,60,89.8072,,,,,,,,
5.2,1040,2108.486,140,60,89.9937,,,,,,,,
5.2,1042,2104.533,140,60,90.1806,,,,,,,,
5.2,1044,2100.564,140,60,90.3679,,,,,,,,
5.2,1046,2096.581,140,60,90.5557,,,,,,,,
5.2,1048,2092.582,140,60,90.7438,,,,,,,,
5.2,1050,2088.568,140,60,90.9323,,,,,,,,
5.2,1052,2084.538,140,60,91.1212,,,,,,,,
5.2,1054,2080.493,140,60,91.3105,,,,,,,,
5.2,1056,2076.432,140,60,91.5001,,,,,,,,
5.2,1058,2072.356,140,60,91.6902,,,,,,,,
5.2,1060,2068.264,140,60,91.8807,,,,,,,,
5.2,1062,2064.156,140,60,92.0716,,,,,,,,
5.2,1064,2060.032,140,60,92.2629,,,,,,,,
5.2,1066,2055.892,140,60,92.4546,,,,,,,,
5.2,1068,2051.736,140,60,92.6467,,,,,,,,
5.2,1070,2047.563,140,60,92.8391,,,,,,,,
5.2,1072,2043.374,140,60,93.032,,,,,,,,
5.2,1074,2039.169,140,60,93.2253,,,,,,,,
5.2,1076,2034.947,140,60,93.419,,,,,,,,
5.2,1078,2030.709,140,60,93.613,,,,,,,,
5.2,1080,2026.454,140,60,93.8075,,,,,,,,
5.2,1082,2022.182,140,60,94.0024,,,,,,,,
5.2,1084,2017.893,140,60,94.1977,,,,,,,,
5.2,1086,2013.587,140,60,94.3933,,,,,,,,
5.2,1088,2009.263,140,60,94.5894,,,,,,,,
5.2,1090,2004.923,140,60,94.7859,,,,,,,,
5.2,1092,2000.565,140,60,94.9828,,,,,,,,
5.2,1094,1996.189,140,60,95.18,,,,,,,,
5.2,1096,1991.796,140,60,95.3777,,,,,,,,
5.2,1098,1987.385,140,60,95.5758,,,,,,,,
5.2,1100,1982.956,140,60,95.7743,,,,,,,,
5.2,1102,1978.509,140,60,95.9732,,,,,,,,
5.2,1104,1974.044,140,60,96.1725,,,,,,,,
5.2,1106,1969.561,140,60,96.3721,,,,,,,,
5.2,1108,1965.059,140,60,96.5722,,,,,,,,
5.2,1110,1960.539,140,60,96.7727,,,,,,,,
5.2,1112,1956.001,140,60,96.9736,,,,,,,,
5.2,1114,1951.443,140,60,97.1749,,,,,,,,
5.2,1116,1946.867,140,60,97.3766,,,,,,,,
5.2,1118,1942.272,140,60,97.5787,,,,,,,,
5.2,1120,1937.657,140,60,97.7813,,,,,,,,
5.2,1122,1933.023,140,60,97.9842,,,,,,,,
5.2,1124,1928.37,140,60,98.1875,,,,,,,,
5.2,1126,1923.697,140,60,98.3912,,,,,,,,
5.2,1128,1919.005,140,60,98.5954,,,,,,,,
5.2,1130,1914.292,140,60,98.7999,,,,,,,,
5.2,1132,1909.56,140,60,99.0048,,,,,,,,
5.2,1134,1904.807,140,60,99.2102,,,,,,,,
5.2,1136,1900.034,140,60,99.4159,,,,,,,,
5.2,1138,1895.241,140,60,99.6221,,,,,,,,
5.2,1140,1890.427,140,60,99.8287,,,,,,,,
5.2,1142,1885.592,140,60,100.0356,,,,,,,,
5.2,1144,1880.737,140,60,100.243,,,,,,,,
5.2,1146,1875.86,140,60,100.4508,,,,,,,,
5.2,1148,1870.962,140,60,100.659,,,,,,,,
5.2,1150,1866.043,140,60,100.8676,,,,,,,,
5.2,1152,1861.101,140,60,101.0767,,,,,,,,
5.2,1154,1856.139,140,60,101.2861,,,,,,,,
5.2,1156,1851.154,140,60,101.4959,,,,,,,,
5.2,1158,1846.147,140,60,101.7062,,,,,,,,
5.2,1160,1841.118,140,60,101.9168,,,,,,,,
5.2,1162,1836.066,140,60,102.1279,,,,,,,,
5.2,1164,1830.992,140,60,102.3394,,,,,,,,
5.2,1166,1825.895,140,60,102.5513,,,,,,,,
5.2,1168,1820.774,140,60,102.7636,,,,,,,,
5.2,1170,1815.631,140,60,102.9763,,,,,,,,
5.2,1172,1810.464,140,60,103.1894,,,,,,,,
5.2,1174,1805.273,140,60,103.4029,,,,,,,,
5.2,1176,1800.059,140,60,103.6169,,,,,,,,
5.2,1178,1794.82,140,60,103.8313,,,,,,,,
5.2,1180,1789.557,140,60,104.046,,,,,,,,
5.2,1182,1784.27,140,60,104.2612,,,,,,,,
5.2,1184,1778.958,140,60,104.4768,,,,,,,,
5.2,1186,1773.621,140,60,104.6929,,,,,,,,
5.2,1188,1768.259,140,60,104.9093,,,,,,,,
5.2,1190,1762.871,140,60,105.1262,,,,,,,,
5.2,1192,1757.458,140,60,105.3434,,,,,,,,
5.2,1194,1752.019,140,60,105.5611,,,,,,,,
5.2,1196,1746.554,140,60,105.7792,,,,,,,,
5.2,1198,1741.063,140,60,105.9978,,,,,,,,
5.2,1200,1735.545,140,60,106.2167,,,,,,,,
5.2,1202,1730.0,140,60,106.4361,,,,,,,,
5.2,1204,1724.428,140,60,106.6558,,,,,,,,
5.2,1206,1718.828,140,60,106.876,,,,,,,,
5.2,1208,1713.201,140,60,107.0967,,,,,,,,
5.2,1210,1707.546,140,60,107.3177,,,,,,,,
5.2,1212,1701.863,140,60,107.5392,,,,,,,,
5.2,1214,1696.152,140,60,107.761,,,,,,,,
5.2,1216,1690.411,140,60,107.9834,,,,,,,,
5.2,1218,1684.642,140,60,108.2061,,,,,,,,
5.2,1220,1678.843,140,60,108.4292,,,,,,,,
5.2,1222,1673.015,140,60,108.6528,,,,,,,,
5.2,1224,1667.156,140,60,108.8768,,,,,,,,
5.2,1226,1661.268,140,60,109.1012,,,,,,,,
5.2,1228,1655.349,140,60,109.3261,,,,,,,,
5.2,1230,1649.398,140,60,109.5514,,,,,,,,
5.2,1232,1643.417,140,60,109.7771,,,,,,,,
5.2,1234,1637.404,140,60,110.0032,,,,,,,,
5.2,1236,1631.359,140,60,110.2298,,,,,,,,
5.2,1238,1625.281,140,60,110.4568,,,,,,,,
5.2,1240,1619.171,140,60,110.6842,,,,,,,,
5.2,1242,1613.028,140,60,110.912,,,,,,,,
5.2,1244,1606.851,140,60,111.1403,,,,,,,,
5.2,1246,1600.641,140,60,111.369,,,,,,,,
5.2,1248,1594.396,140,60,111.5982,,,,,,,,
5.2,1250,1588.117,140,60,111.8278,,,,,,,,
5.2,1252,1581.802,140,60,112.0578,,,,,,,,
5.2,1254,1575.453,140,60,112.2882,,,,,,,,
5.2,1256,1569.067,140,60,112.5191,,,,,,,,
5.2,1258,1562.645,140,60,112.7504,,,,,,,,
5.2,1260,1556.186,140,60,112.9822,,,,,,,,
5.2,1262,1549.69,140,60,113.2144,,,,,,,,
5.2,1264,1543.156,140,60,113.447,,,,,,,,
5.2,1266,1536.584,140,60,113.6801,,,,,,,,
5.2,1268,1529.973,140,60,113.9136,,,,,,,,
5.2,1270,1523.324,140,60,114.1476,,,,,,,,
5.2,1272,1516.634,140,60,114.382,,,,,,,,
5.2,1274,1509.904,140,60,114.6168,,,,,,,,
5.2,1276,1503.134,140,60,114.8521,,,,,,,,
5.2,1278,1496.322,140,60,115.0878,,,,,,,,
5.2,1280,1489.468,140,60,115.324,,,,,,,,
5.2,1282,1482.572,140,60,115.5606,,,,,,,,
5.2,1284,1475.632,140,60,115.7977,,,,,,,,
5.2,1286,1468.649,140,60,116.0352,,,,,,,,
5.2,1288,1461.622,140,60,116.2732,,,,,,,,
5.2,1290,1454.55,140,60,116.5116,,,,,,,,
5.2,1292,1447.432,140,60,116.7505,,,,,,,,
5.2,1294,1440.268,140,60,116.9899,,,,,,,,
5.2,1296,1433.056,140,60,117.2296,,,,,,,,
5.2,1298,1425.798,140,60,117.4699,,,,,,,,
5.2,1300,1418.49,140,60,117.7106,,,,,,,,
5.2,1302,1411.134,140,60,117.9518,,,,,,,,
5.2,1304,1403.727,140,60,118.1934,,,,,,,,
5.2,1306,1396.27,140,60,118.4355,,,,,,,,
5.2,1308,1388.762,140,60,118.678,,,,,,,,
5.2,1310,1381.2,140,60,118.921,,,,,,,,
5.2,1312,1373.586,140,60,119.1645,,,,,,,,
5.2,1314,1365.918,140,60,119.4085,,,,,,,,
5.2,1316,1358.194,140,60,119.6529,,,,,,,,
5.2,1318,1350.414,140,60,119.8978,,,,,,,,
5.2,1320,1342.578,140,60,120.1432,,,,,,,,
5.2,1322,1334.683,140,60,120.389,,,,,,,,
5.2,1324,1326.729,140,60,120.6353,,,,,,,,
5.2,1326,1318.716,140,60,120.8821,,,,,,,,
5.2,1328,1310.641,140,60,121.1294,,,,,,,,
5.2,1330,1302.503,140,60,121.3772,,,,,,,,
5.2,1332,1294.302,140,60,121.6254,,,,,,,,
5.2,1334,1286.037,140,60,121.8742,,,,,,,,
5.2,1336,1277.705,140,60,122.1234,,,,,,,,
5.2,1338,1269.306,140,60,122.3731,,,,,,,,
5.2,1340,1260.839,140,60,122.6233,,,,,,,,
5.2,1342,1252.301,140,60,122.874,,,,,,,,
5.2,1344,1243.692,140,60,123.1252,,,,,,,,
5.2,1346,1235.01,140,60,123.3769,,,,,,,,
5.2,1348,1226.254,140,60,123.6291,,,,,,,,
5.2,1350,1217.421,140,60,123.8819,,,,,,,,
5.2,1352,1208.511,140,60,124.1351,,,,,,,,
5.2,1354,1199.521,140,60,124.3888,,,,,,,,
5.2,1356,1190.45,140,60,124.6431,,,,,,,,
5.2,1358,1181.295,140,60,124.8979,,,,,,,,
5.2,1360,1172.056,140,60,125.1532,,,,,,,,
5.2,1362,1162.729,140,60,125.409,,,,,,,,
5.2,1364,1153.313,140,60,125.6654,,,,,,,,
5.2,1366,1143.805,140,60,125.9223,,,,,,,,
5.2,1368,1134.204,140,60,126.1797,,,,,,,,
5.2,1370,1124.506,140,60,126.4377,,,,,,,,
5.2,1372,1114.71,140,60,126.6962,,,,,,,,
5.2,1374,1104.813,140,60,126.9553,,,,,,,,
5.2,1376,1094.811,140,60,127.2149,,,,,,,,
5.2,1378,1084.702,140,60,127.4751,,,,,,,,
5.2,1380,1074.483,140,60,127.7358,,,,,,,,
5.2,1382,1064.152,140,60,127.9972,,,,,,,,
5.2,1384,1053.703,140,60,128.2591,,,,,,,,
5.2,1386,1043.135,140,60,128.5216,,,,,,,,
5.2,1388,1032.443,140,60,128.7846,,,,,,,,
5.2,1390,1021.624,140,60,129.0483,,,,,,,,
5.2,1392,1010.672,140,60,129.3126,,,,,,,,
5.2,1394,999.585,140,60,129.5775,,,,,,,,
5.2,1396,988.358,140,60,129.843,,,,,,,,
5.2,1398,976.985,140,60,130.1091,,,,,,,,
5.2,1400,965.461,140,60,130.3759,,,,,,,,
5.2,1402,953.781,140,60,130.6433,,,,,,,,
5.2,1404,941.94,140,60,130.9114,,,,,,,,
5.2,1406,929.931,140,60,131.1802,,,,,,,,
5.2,1408,917.747,140,60,131.4496,,,,,,,,
5.2,1410,905.381,140,60,131.7197,,,,,,,,
5.2,1412,892.826,140,60,131.9905,,,,,,,,
5.2,1414,880.074,140,60,132.262,,,,,,,,
5.2,1416,867.116,140,60,132.5343,,,,,,,,
5.2,1418,853.943,140,60,132.8073,,,,,,,,
5.2,1420,840.544,140,60,133.0811,,,,,,,,
5.2,1422,826.909,140,60,133.3556,,,,,,,,
5.2,1424,813.026,140,60,133.631,,,,,,,,
5.2,1426,798.881,140,60,133.9072,,,,,,,,
5.2,1428,784.461,140,60,134.1842,,,,,,,,
5.2,1430,769.75,140,60,134.4621,,,,,,,,
5.2,1432,754.731,140,60,134.7409,,,,,,,,
5.2,1434,739.385,140,60,135.0207,,,,,,,,
5.2,1436,723.692,140,60,135.3014,,,,,,,,
5.2,1438,707.629,140,60,135.5831,,,,,,,,
5.2,1440,691.169,140,60,135.8659,,,,,,,,
5.2,1442,674.284,140,60,136.1498,,,,,,,,
5.2,1444,656.94,140,60,136.4349,,,,,,,,
5.2,1446,639.102,140,60,136.7211,,,,,,,,
5.2,1448,620.724,140,60,137.0087,,,,,,,,
5.2,1450,601.76,140,60,137.2976,,,,,,,,
5.2,1452,582.15,140,60,137.5881,,,,,,,,
5.2,1454,561.828,140,60,137.8801,,,,,,,,
5.2,1456,540.713,140,60,138.1738,,,,,,,,
5.2,1458,518.709,140,60,138.4694,,,,,,,,
5.2,1460,495.696,140,60,138.7671,,,,,,,,
5.2,1462,471.528,140,60,139.0671,,,,,,,,
5.2,1464,446.017,140,60,139.3698,,,,,,,,
5.2,1466,418.916,140,60,139.6755,,,,,,,,
5.2,1468,389.896,140,60,139.9848,,,,,,,,
5.2,1470,358.49,140,60,140.2985,,,,,,,,
5.2,1472,324.004,140,60,140.6177,,,,,,,,
5.2,1474,285.326,140,60,140.9444,,,,,,,,
5.2,1476,240.439,140,60,141.2818,,,,,,,,
5.2,1478,184.875,140,60,141.6373,,,,,,,,
5.7,681,2332.31,110,56,69.3108,,,,,,,,
5.7,683,2329.969,110,56,69.4411,,,,,,,,
5.7,703,2306.052,100,50,70.7276,,,,,,,,
5.7,705,2303.609,100,50,70.8625,,,,,,,,
5.7,707,2301.156,100,50,70.9977,,,,,,,,
5.7,709,2298.693,100,50,71.1334,,,,,,,,
5.7,711,2296.221,100,50,71.2696,,,,,,,,
5.7,713,2293.739,100,50,71.4061,,,,,,,,
5.7,715,2291.247,105,60,71.8233,,,,,,,,
5.7,717,2288.746,115,60,71.7739,,,,,,,,
5.7,719,2286.235,110,54,71.7766,,,,,,,,
5.7,721,2283.714,110,54,71.9148,,,,,,,,
5.7,723,2281.183,115,54,71.9491,,,,,,,,
5.7,725,2278.643,115,54,72.0879,,,,,,,,
5.7,727,2276.092,110,54,72.3317,,,,,,,,
5.7,729,2273.532,110,52,72.383,,,,,,,,
5.7,731,2270.962,110,52,72.5232,,,,,,,,
5.7,733,2268.382,110,52,72.6638,,,,,,,,
5.7,735,2265.792,110,52,72.8048,,,,,,,,
5.7,737,2263.192,110,52,72.9462,,,,,,,,
5.7,739,2260.582,110,52,73.088,,,,,,,,
5.7,741,2257.961,110,52,73.2303,,,,,,,,
5.7,743,2255.331,115,52,73.2635,,,,,,,,
5.7,745,2252.69,115,56,73.5865,,,,,,,,
5.7,747,2250.039,120,56,73.6282,,,,,,,,
5.7,749,2247.378,125,56,73.6701,,,,,,,,
5.7,751,2244.707,125,56,73.8144,,,,,,,,
5.7,753,2242.025,125,56,73.959,,,,,,,,
5.7,755,2239.333,125,56,74.1041,,,,,,,,
5.7,757,2236.631,125,56,74.2496,,,,,,,,
5.7,759,2233.918,125,56,74.3955,,,,,,,,
5.7,761,2231.195,125,56,74.5418,,,,,,,,
5.7,763,2228.461,125,56,74.6886,,,,,,,,
5.7,765,2225.716,125,56,74.8358,,,,,,,,
5.7,767,2222.961,125,56,74.9834,,,,,,,,
5.7,769,2220.196,130,56,75.0285,,,,,,,,
5.7,771,2217.419,130,56,75.1768,,,,,,,,
5.7,773,2214.632,130,56,75.3256,,,,,,,,
5.7,775,2211.835,130,56,75.4748,,,,,,,,
5.7,777,2209.026,125,56,75.7278,,,,,,,,
5.7,779,2206.207,125,58,75.9671,,,,,,,,
5.7,781,2203.377,135,58,75.9179,,,,,,,,
5.7,783,2200.536,140,60,76.0622,,,,,,,,
5.7,785,2197.684,140,60,76.2135,,,,,,,,
5.7,787,2194.821,140,60,76.3653,,,,,,,,
5.7,789,2191.946,140,60,76.5174,,,,,,,,
5.7,791,2189.061,140,60,76.6701,,,,,,,,
5.7,793,2186.165,140,60,76.8231,,,,,,,,
5.7,795,2183.257,140,60,76.9766,,,,,,,,
5.7,797,2180.339,140,60,77.1305,,,,,,,,
5.7,799,2177.409,140,60,77.2848,,,,,,,,
5.7,801,2174.468,140,60,77.4395,,,,,,,,
5.7,803,2171.515,140,60,77.5947,,,,,,,,
5.7,805,2168.551,140,60,77.7503,,,,,,,,
5.7,807,2165.575,140,60,77.9063,,,,,,,,
5.7,809,2162.589,140,60,78.0628,,,,,,,,
5.7,811,2159.59,140,60,78.2197,,,,,,,,
5.7,813,2156.58,140,60,78.377,,,,,,,,
5.7,815,2153.558,140,58,78.4403,,,,,,,,
5.7,817,2150.525,140,60,78.6929,,,,,,,,
5.7,819,2147.48,140,60,78.8515,,,,,,,,
5.7,821,2144.423,140,60,79.0105,,,,,,,,
5.7,823,2141.354,140,60,79.17,,,,,,,,
5.7,825,2138.273,140,60,79.3298,,,,,,,,
5.7,827,2135.181,140,60,79.4901,,,,,,,,
5.7,829,2132.076,140,60,79.6509,,,,,,,,
5.7,831,2128.96,140,60,79.812,,,,,,,,
5.7,833,2125.831,140,60,79.9736,,,,,,,,
5.7,835,2122.69,140,60,80.1357,,,,,,,,
5.7,837,2119.537,140,60,80.2981,,,,,,,,
5.7,839,2116.372,140,60,80.461,,,,,,,,
5.7,841,2113.194,140,60,80.6243,,,,,,,,
5.7,843,2110.004,140,60,80.788,,,,,,,,
5.7,845,2106.802,140,60,80.9522,,,,,,,,
5.7,847,2103.587,140,60,81.1168,,,,,,,,
5.7,849,2100.359,140,60,81.2818,,,,,,,,
5.7,851,2097.119,140,60,81.4473,,,,,,,,
5.7,853,2093.867,140,60,81.6132,,,,,,,,
5.7,855,2090.601,140,60,81.7795,,,,,,,,
5.7,857,2087.323,140,60,81.9462,,,,,,,,
5.7,859,2084.032,140,60,82.1134,,,,,,,,
5.7,861,2080.728,140,60,82.281,,,,,,,,
5.7,863,2077.411,140,60,82.449,,,,,,,,
5.7,865,2074.081,140,60,82.6175,,,,,,,,
5.7,867,2070.738,140,60,82.7864,,,,,,,,
5.7,869,2067.382,140,60,82.9557,,,,,,,,
5.7,871,2064.013,140,60,83.1255,,,,,,,,
5.7,873,2060.63,140,60,83.2957,,,,,,,,
5.7,875,2057.234,140,60,83.4663,,,,,,,,
5.7,877,2053.825,140,60,83.6374,,,,,,,,
5.7,879,2050.402,140,60,83.8089,,,,,,,,
5.7,881,2046.966,140,60,83.9808,,,,,,,,
5.7,883,2043.516,140,60,84.1531,,,,,,,,
5.7,885,2040.052,140,60,84.3259,,,,,,,,
5.7,887,2036.575,140,60,84.4991,,,,,,,,
5.7,889,2033.084,140,60,84.6728,,,,,,,,
5.7,891,2029.579,140,60,84.8469,,,,,,,,
5.7,893,2026.059,140,60,85.0214,,,,,,,,
5.7,895,2022.526,140,60,85.1963,,,,,,,,
5.7,897,2018.979,140,60,85.3717,,,,,,,,
5.7,899,2015.418,140,60,85.5475,,,,,,,,
5.7,901,2011.842,140,60,85.7238,,,,,,,,
5.7,903,2008.252,140,60,85.9005,,,,,,,,
5.7,905,2004.648,140,60,86.0776,,,,,,,,
5.7,907,2001.029,140,60,86.2551,,,,,,,,
5.7,909,1997.396,140,60,86.4331,,,,,,,,
5.7,911,1993.747,140,60,86.6116,,,,,,,,
5.7,913,1990.085,140,60,86.7904,,,,,,,,
5.7,915,1986.407,140,60,86.9697,,,,,,,,
5.7,917,1982.715,140,60,87.1494,,,,,,,,
5.7,919,1979.007,140,60,87.3296,,,,,,,,
5.7,921,1975.285,140,60,87.5102,,,,,,,,
5.7,923,1971.547,140,60,87.6912,,,,,,,,
5.7,925,1967.794,140,60,87.8727,,,,,,,,
5.7,927,1964.026,140,60,88.0546,,,,,,,,
5.7,929,1960.242,140,60,88.2369,,,,,,,,
5.7,931,1956.443,140,60,88.4197,,,,,,,,
5.7,933,1952.628,140,60,88.6029,,,,,,,,
5.7,935,1948.798,140,60,88.7865,,,,,,,,
5.7,937,1944.952,140,60,88.9706,,,,,,,,
5.7,939,1941.09,140,60,89.1552,,,,,,,,
5.7,941,1937.212,140,60,89.3401,,,,,,,,
5.7,943,1933.318,140,60,89.5255,,,,,,,,
5.7,945,1929.407,140,60,89.7113,,,,,,,,
5.7,947,1925.481,140,60,89.8976,,,,,,,,
5.7,949,1921.538,140,60,90.0843,,,,,,,,
5.7,951,1917.579,140,60,90.2715,,,,,,,,
5.7,953,1913.603,140,60,90.4591,,,,,,,,
5.7,955,1909.611,140,60,90.6471,,,,,,,,
5.7,957,1905.601,140,60,90.8356,,,,,,,,
5.7,959,1901.575,140,60,91.0245,,,,,,,,
5.7,961,1897.532,140,60,91.2138,,,,,,,,
5.7,963,1893.472,140,60,91.4036,,,,,,,,
5.7,965,1889.395,140,60,91.5938,,,,,,,,
5.7,967,1885.3,140,60,91.7845,,,,,,,,
5.7,969,1881.188,140,60,91.9756,,,,,,,,
5.7,971,1877.059,140,60,92.1671,,,,,,,,
5.7,973,1872.911,140,60,92.3591,,,,,,,,
5.7,975,1868.746,140,60,92.5515,,,,,,,,
5.7,977,1864.564,140,60,92.7444,,,,,,,,
5.7,979,1860.363,140,60,92.9377,,,,,,,,
5.7,981,1856.144,140,60,93.1315,,,,,,,,
5.7,983,1851.906,140,60,93.3257,,,,,,,,
5.7,985,1847.651,140,60,93.5203,,,,,,,,
5.7,987,1843.377,140,60,93.7154,,,,,,,,
5.7,989,1839.084,140,60,93.9109,,,,,,,,
5.7,991,1834.772,140,60,94.1069,,,,,,,,
5.7,993,1830.442,140,60,94.3033,,,,,,,,
5.7,995,1826.092,140,60,94.5002,,,,,,,,
5.7,997,1821.724,140,60,94.6975,,,,,,,,
5.7,999,1817.336,140,60,94.8952,,,,,,,,
5.7,1001,1812.928,140,60,95.0934,,,,,,,,
5.7,1003,1808.501,140,60,95.292,,,,,,,,
5.7,1005,1804.055,140,60,95.4911,,,,,,,,
5.7,1007,1799.588,140,60,95.6906,,,,,,,,
5.7,1009,1795.101,140,60,95.8906,,,,,,,,
5.7,1011,1790.595,140,60,96.091,,,,,,,,
5.7,1013,1786.067,140,60,96.2919,,,,,,,,
5.7,1015,1781.52,140,60,96.4932,,,,,,,,
5.7,1017,1776.952,140,60,96.695,,,,,,,,
5.7,1019,1772.363,140,60,96.8972,,,,,,,,
5.7,1021,1767.753,140,60,97.0998,,,,,,,,
5.7,1023,1763.121,140,60,97.303,,,,,,,,
5.7,1025,1758.469,140,60,97.5065,,,,,,,,
5.7,1027,1753.795,140,60,97.7105,,,,,,,,
5.7,1029,1749.099,140,60,97.915,,,,,,,,
5.7,1031,1744.382,140,60,98.1199,,,,,,,,
5.7,1033,1739.643,140,60,98.3252,,,,,,,,
5.7,1035,1734.881,140,60,98.531,,,,,,,,
5.7,1037,1730.097,140,60,98.7373,,,,,,,,
5.7,1039,1725.291,140,60,98.944,,,,,,,,
5.7,1041,1720.462,140,60,99.1511,,,,,,,,
5.7,1043,1715.61,140,60,99.3588,,,,,,,,
5.7,1045,1710.735,140,60,99.5668,,,,,,,,
5.7,1047,1705.836,140,60,99.7753,,,,,,,,
5.7,1049,1700.914,140,60,99.9843,,,,,,,,
5.7,1051,1695.968,140,60,100.1937,,,,,,,,
5.7,1053,1690.999,140,60,100.4036,,,,,,,,
5.7,1055,1686.005,140,60,100.6139,,,,,,,,
5.7,1057,1680.987,140,60,100.8247,,,,,,,,
5.7,1059,1675.944,140,60,101.036,,,,,,,,
5.7,1061,1670.877,140,60,101.2477,,,,,,,,
5.7,1063,1665.784,140,60,101.4598,,,,,,,,
5.7,1065,1660.666,140,60,101.6724,,,,,,,,
5.7,1067,1655.523,140,60,101.8855,,,,,,,,
5.7,1069,1650.354,140,60,102.099,,,,,,,,
5.7,1071,1645.159,140,60,102.313,,,,,,,,
5.7,1073,1639.938,140,60,102.5275,,,,,,,,
5.7,1075,1634.691,140,60,102.7424,,,,,,,,
5.7,1077,1629.416,140,60,102.9578,,,,,,,,
5.7,1079,1624.115,140,60,103.1736,,,,,,,,
5.7,1081,1618.786,140,60,103.3899,,,,,,,,
5.7,1083,1613.43,140,60,103.6066,,,,,,,,
5.7,1085,1608.046,140,60,103.8238,,,,,,,,
5.7,1087,1602.634,140,60,104.0415,,,,,,,,
5.7,1089,1597.194,140,60,104.2597,,,,,,,,
5.7,1091,1591.725,140,60,104.4783,,,,,,,,
5.7,1093,1586.227,140,60,104.6973,,,,,,,,
5.7,1095,1580.7,140,60,104.9169,,,,,,,,
5.7,1097,1575.144,140,60,105.1369,,,,,,,,
5.7,1099,1569.557,140,60,105.3573,,,,,,,,
5.7,1101,1563.94,140,60,105.5783,,,,,,,,
5.7,1103,1558.293,140,60,105.7997,,,,,,,,
5.7,1105,1552.615,140,60,106.0215,,,,,,,,
5.7,1107,1546.906,140,60,106.2439,,,,,,,,
5.7,1109,1541.165,140,60,106.4667,,,,,,,,
5.7,1111,1535.392,140,60,106.69,,,,,,,,
5.7,1113,1529.587,140,60,106.9137,,,,,,,,
5.7,1115,1523.75,140,60,107.1379,,,,,,,,
5.7,1117,1517.879,140,60,107.3626,,,,,,,,
5.7,1119,1511.975,140,60,107.5878,,,,,,,,
5.7,1121,1506.038,140,60,107.8135,,,,,,,,
5.7,1123,1500.066,140,60,108.0396,,,,,,,,
5.7,1125,1494.059,140,60,108.2662,,,,,,,,
5.7,1127,1488.018,140,60,108.4932,,,,,,,,
5.7,1129,1481.941,140,60,108.7208,,,,,,,,
5.7,1131,1475.828,140,60,108.9488,,,,,,,,
5.7,1133,1469.679,140,60,109.1773,,,,,,,,
5.7,1135,1463.493,140,60,109.4063,,,,,,,,
5.7,1137,1457.27,140,60,109.6358,,,,,,,,
5.7,1139,1451.01,140,60,109.8658,,,,,,,,
5.7,1141,1444.711,140,60,110.0962,,,,,,,,
5.7,1143,1438.373,140,60,110.3271,,,,,,,,
5.7,1145,1431.996,140,60,110.5585,,,,,,,,
5.7,1147,1425.58,140,60,110.7904,,,,,,,,
5.7,1149,1419.123,140,60,111.0228,,,,,,,,
5.7,1151,1412.625,140,60,111.2557,,,,,,,,
5.7,1153,1406.086,140,60,111.4891,,,,,,,,
5.7,1155,1399.505,140,60,111.7229,,,,,,,,
5.7,1157,1392.881,140,60,111.9573,,,,,,,,
5.7,1159,1386.214,140,60,112.1921,,,,,,,,
5.7,1161,1379.503,140,60,112.4274,,,,,,,,
5.7,1163,1372.748,140,60,112.6633,,,,,,,,
5.7,1165,1365.948,140,60,112.8996,,,,,,,,
5.7,1167,1359.102,140,60,113.1364,,,,,,,,
5.7,1169,1352.209,140,60,113.3737,,,,,,,,
5.7,1171,1345.269,140,60,113.6116,,,,,,,,
5.7,1173,1338.281,140,60,113.8499,,,,,,,,
5.7,1175,1331.245,140,60,114.0887,,,,,,,,
5.7,1177,1324.159,140,60,114.3281,,,,,,,,
5.7,1179,1317.023,140,60,114.5679,,,,,,,,
5.7,1181,1309.836,140,60,114.8083,,,,,,,,
5.7,1183,1302.596,140,60,115.0491,,,,,,,,
5.7,1185,1295.304,140,60,115.2905,,,,,,,,
5.7,1187,1287.958,140,60,115.5324,,,,,,,,
5.7,1189,1280.558,140,60,115.7748,,,,,,,,
5.7,1191,1273.102,140,60,116.0178,,,,,,,,
5.7,1193,1265.59,140,60,116.2612,,,,,,,,
5.7,1195,1258.019,140,60,116.5052,,,,,,,,
5.7,1197,1250.391,140,60,116.7497,,,,,,,,
5.7,1199,1242.702,140,60,116.9947,,,,,,,,
5.7,1201,1234.953,140,60,117.2402,,,,,,,,
5.7,1203,1227.142,140,60,117.4863,,,,,,,,
5.7,1205,1219.267,140,60,117.7329,,,,,,,,
5.7,1207,1211.329,140,60,117.9801,,,,,,,,
5.7,1209,1203.324,140,60,118.2278,,,,,,,,
5.7,1211,1195.253,140,60,118.476,,,,,,,,
5.7,1213,1187.113,140,60,118.7248,,,,,,,,
5.7,1215,1178.903,140,60,118.9741,,,,,,,,
5.7,1217,1170.623,140,60,119.2239,,,,,,,,
5.7,1219,1162.269,140,60,119.4744,,,,,,,,
5.7,1221,1153.841,140,60,119.7253,,,,,,,,
5.7,1223,1145.337,140,60,119.9769,,,,,,,,
5.7,1225,1136.755,140,60,120.2289,,,,,,,,
5.7,1227,1128.094,140,60,120.4816,,,,,,,,
5.7,1229,1119.352,140,60,120.7348,,,,,,,,
5.7,1231,1110.526,140,60,120.9886,,,,,,,,
5.7,1233,1101.616,140,60,121.243,,,,,,,,
5.7,1235,1092.618,140,60,121.4979,,,,,,,,
5.7,1237,1083.53,140,60,121.7534,,,,,,,,
5.7,1239,1074.351,140,60,122.0096,,,,,,,,
5.7,1241,1065.077,140,60,122.2663,,,,,,,,
5.7,1243,1055.707,140,60,122.5236,,,,,,,,
5.7,1245,1046.238,140,60,122.7815,,,,,,,,
5.7,1247,1036.666,140,60,123.04,,,,,,,,
5.7,1249,1026.99,140,60,123.2991,,,,,,,,
5.7,1251,1017.206,140,60,123.5589,,,,,,,,
5.7,1253,1007.312,140,60,123.8193,,,,,,,,
5.7,1255,997.303,140,60,124.0803,,,,,,,,
5.7,1257,987.176,140,60,124.3419,,,,,,,,
5.7,1259,976.928,140,60,124.6042,,,,,,,,
5.7,1261,966.555,140,60,124.8671,,,,,,,,
5.7,1263,956.053,140,60,125.1307,,,,,,,,
5.7,1265,945.417,140,60,125.395,,,,,,,,
5.7,1267,934.643,140,60,125.6599,,,,,,,,
5.7,1269,923.726,140,60,125.9256,,,,,,,,
5.7,1271,912.66,140,60,126.1919,,,,,,,,
5.7,1273,901.442,140,60,126.4589,,,,,,,,
5.7,1275,890.064,140,60,126.7267,,,,,,,,
5.7,1277,878.52,140,60,126.9951,,,,,,,,
5.7,1279,866.804,140,60,127.2644,,,,,,,,
5.7,1281,854.909,140,60,127.5343,,,,,,,,
5.7,1283,842.827,140,60,127.8051,,,,,,,,
5.7,1285,830.55,140,60,128.0766,,,,,,,,
5.7,1287,818.069,140,60,128.3489,,,,,,,,
5.7,1289,805.375,140,60,128.622,,,,,,,,
5.7,1291,792.458,140,60,128.896,,,,,,,,
5.7,1293,779.305,140,60,129.1708,,,,,,,,
5.7,1295,765.907,140,60,129.4466,,,,,,,,
5.7,1297,752.248,140,60,129.7232,,,,,,,,
5.7,1299,738.315,140,60,130.0007,,,,,,,,
5.7,1301,724.092,140,60,130.2792,,,,,,,,
5.7,1303,709.561,140,60,130.5587,,,,,,,,
5.7,1305,694.704,140,60,130.8393,,,,,,,,
5.7,1307,679.498,140,60,131.1209,,,,,,,,
5.7,1309,663.919,140,60,131.4036,,,,,,,,
5.7,1311,647.942,140,60,131.6875,,,,,,,,
5.7,1313,631.535,140,60,131.9726,,,,,,,,
5.7,1315,614.665,140,60,132.259,,,,,,,,
5.7,1317,597.291,140,60,132.5467,,,,,,,,
5.7,1319,579.37,140,60,132.8359,,,,,,,,
5.7,1321,560.847,140,60,133.1266,,,,,,,,
5.7,1323,541.661,140,60,133.419,,,,,,,,
5.7,1325,521.74,140,60,133.7132,,,,,,,,
5.7,1327,500.996,140,60,134.0093,,,,,,,,
5.7,1329,479.321,140,60,134.3075,,,,,,,,
5.7,1331,456.584,140,60,134.6081,,,,,,,,
5.7,1333,432.617,140,60,134.9115,,,,,,,,
5.7,1335,407.201,140,60,135.2179,,,,,,,,
5.7,1337,380.049,140,60,135.528,,,,,,,,
5.7,1339,350.755,140,60,135.8424,,,,,,,,
5.7,1341,318.73,140,60,136.1622,,,,,,,,
5.7,1343,283.05,140,60,136.4892,,,,,,,,
5.7,1345,242.101,140,60,136.8263,,,,,,,,
5.7,1347,192.554,140,60,137.1795,,,,,,,,
5.7,1349,124.535,140,60,137.5668,,,,,,,,
6.2,617,2138.405,120,60,71.1618,,,,,,,,
6.2,619,2136.092,120,60,71.2898,,,,,,,,
6.2,621,2133.768,120,60,71.4183,,,,,,,,
6.2,623,2131.435,120,60,71.5472,,,,,,,,
6.2,625,2129.092,120,60,71.6766,,,,,,,,
6.2,627,2126.738,120,60,71.8064,,,,,,,,
6.2,629,2124.375,120,60,71.9367,,,,,,,,
6.2,631,2122.001,120,60,72.0675,,,,,,,,
6.2,633,2119.617,120,60,72.1987,,,,,,,,
6.2,635,2117.223,110,54,72.2897,,,,,,,,
6.2,637,2114.818,110,54,72.4217,,,,,,,,
6.2,639,2112.403,110,54,72.5543,,,,,,,,
6.2,641,2109.978,110,54,72.6872,,,,,,,,
6.2,643,2107.543,110,52,72.7341,,,,,,,,
6.2,645,2105.097,110,52,72.8678,,,,,,,,
6.2,647,2102.64,110,52,73.0021,,,,,,,,
6.2,649,2100.173,110,56,73.3045,,,,,,,,
6.2,651,2097.696,115,56,73.3406,,,,,,,,
6.2,653,2095.208,120,56,73.3769,,,,,,,,
6.2,655,2092.709,120,56,73.513,,,,,,,,
6.2,657,2090.2,120,56,73.6494,,,,,,,,
6.2,659,2087.68,120,56,73.7864,,,,,,,,
6.2,661,2085.149,120,56,73.9238,,,,,,,,
6.2,663,2082.608,120,56,74.0617,,,,,,,,
6.2,665,2080.056,120,56,74.2,,,,,,,,
6.2,667,2077.493,120,56,74.3388,,,,,,,,
6.2,669,2074.919,120,56,74.478,,,,,,,,
6.2,671,2072.334,120,56,74.6177,,,,,,,,
6.2,673,2069.738,125,56,74.6572,,,,,,,,
6.2,675,2067.131,125,56,74.7977,,,,,,,,
6.2,677,2064.514,125,56,74.9387,,,,,,,,
6.2,679,2061.885,125,56,75.0801,,,,,,,,
6.2,681,2059.245,125,60,75.3907,,,,,,,,
6.2,683,2056.593,135,60,75.3441,,,,,,,,
6.2,685,2053.931,135,60,75.4869,,,,,,,,
6.2,687,2051.257,135,60,75.6302,,,,,,,,
6.2,689,2048.572,135,60,75.7739,,,,,,,,
6.2,691,2045.876,135,60,75.9181,,,,,,,,
6.2,693,2043.168,135,60,76.0628,,,,,,,,
6.2,695,2040.449,135,60,76.2079,,,,,,,,
6.2,697,2037.718,140,60,76.2582,,,,,,,,
6.2,699,2034.976,140,60,76.4041,,,,,,,,
6.2,701,2032.222,140,60,76.5505,,,,,,,,
6.2,703,2029.457,140,60,76.6974,,,,,,,,
6.2,705,2026.68,140,60,76.8448,,,,,,,,
6.2,707,2023.891,140,60,76.9926,,,,,,,,
6.2,709,2021.091,140,60,77.1409,,,,,,,,
6.2,711,2018.278,140,60,77.2896,,,,,,,,
6.2,713,2015.454,140,60,77.4388,,,,,,,,
6.2,715,2012.618,140,60,77.5885,,,,,,,,
6.2,717,2009.77,140,60,77.7387,,,,,,,,
6.2,719,2006.91,140,60,77.8893,,,,,,,,
6.2,721,2004.038,140,60,78.0404,,,,,,,,
6.2,723,2001.154,140,60,78.1919,,,,,,,,
6.2,725,1998.257,140,60,78.344,,,,,,,,
6.2,727,1995.349,140,60,78.4964,,,,,,,,
6.2,729,1992.428,140,60,78.6494,,,,,,,,
6.2,731,1989.494,140,60,78.8028,,,,,,,,
6.2,733,1986.549,140,60,78.9567,,,,,,,,
6.2,735,1983.591,140,60,79.1111,,,,,,,,
6.2,737,1980.62,140,60,79.2659,,,,,,,,
6.2,739,1977.637,140,60,79.4212,,,,,,,,
6.2,741,1974.641,140,60,79.577,,,,,,,,
6.2,743,1971.633,140,60,79.7332,,,,,,,,
6.2,745,1968.612,140,60,79.8899,,,,,,,,
6.2,747,1965.578,140,60,80.0471,,,,,,,,
6.2,749,1962.531,140,60,80.2047,,,,,,,,
6.2,751,1959.471,140,60,80.3629,,,,,,,,
6.2,753,1956.399,140,60,80.5214,,,,,,,,
6.2,755,1953.313,140,60,80.6805,,,,,,,,
6.2,757,1950.214,140,60,80.84,,,,,,,,
6.2,759,1947.102,140,60,81.0,,,,,,,,
6.2,761,1943.977,140,60,81.1605,,,,,,,,
6.2,763,1940.839,140,60,81.3214,,,,,,,,
6.2,765,1937.687,140,60,81.4828,,,,,,,,
6.2,767,1934.522,140,60,81.6447,,,,,,,,
6.2,769,1931.344,140,60,81.807,,,,,,,,
6.2,771,1928.151,140,60,81.9698,,,,,,,,
6.2,773,1924.946,140,60,82.1331,,,,,,,,
6.2,775,1921.726,140,60,82.2969,,,,,,,,
6.2,777,1918.493,140,60,82.4611,,,,,,,,
6.2,779,1915.246,140,60,82.6258,,,,,,,,
6.2,781,1911.985,140,60,82.791,,,,,,,,
6.2,783,1908.711,140,60,82.9567,,,,,,,,
6.2,785,1905.422,140,60,83.1228,,,,,,,,
6.2,787,1902.119,140,60,83.2894,,,,,,,,
6.2,789,1898.802,140,60,83.4564,,,,,,,,
6.2,791,1895.47,140,60,83.624,,,,,,,,
6.2,793,1892.125,140,60,83.792,,,,,,,,
6.2,795,1888.765,140,60,83.9605,,,,,,,,
6.2,797,1885.39,140,60,84.1294,,,,,,,,
6.2,799,1882.001,140,60,84.2989,,,,,,,,
6.2,801,1878.597,140,60,84.4688,,,,,,,,
6.2,803,1875.179,140,60,84.6391,,,,,,,,
6.2,805,1871.746,140,60,84.81,,,,,,,,
6.2,807,1868.298,140,60,84.9813,,,,,,,,
6.2,809,1864.835,140,60,85.1531,,,,,,,,
6.2,811,1861.356,140,60,85.3254,,,,,,,,
6.2,813,1857.863,140,60,85.4982,,,,,,,,
6.2,815,1854.355,140,60,85.6714,,,,,,,,
6.2,817,1850.831,140,60,85.8451,,,,,,,,
6.2,819,1847.292,140,60,86.0193,,,,,,,,
6.2,821,1843.738,140,60,86.1939,,,,,,,,
6.2,823,1840.167,140,60,86.3691,,,,,,,,
6.2,825,1836.582,140,60,86.5447,,,,,,,,
6.2,827,1832.98,140,60,86.7207,,,,,,,,
6.2,829,1829.363,140,60,86.8973,,,,,,,,
6.2,831,1825.729,140,60,87.0743,,,,,,,,
6.2,833,1822.08,140,60,87.2519,,,,,,,,
6.2,835,1818.415,140,60,87.4299,,,,,,,,
6.2,837,1814.733,140,60,87.6083,,,,,,,,
6.2,839,1811.035,140,60,87.7873,,,,,,,,
6.2,841,1807.321,140,60,87.9667,,,,,,,,
6.2,843,1803.59,140,60,88.1466,,,,,,,,
6.2,845,1799.842,140,60,88.327,,,,,,,,
6.2,847,1796.078,140,60,88.5078,,,,,,,,
6.2,849,1792.297,140,60,88.6892,,,,,,,,
6.2,851,1788.499,140,60,88.871,,,,,,,,
6.2,853,1784.684,140,60,89.0533,,,,,,,,
6.2,855,1780.851,140,60,89.2361,,,,,,,,
6.2,857,1777.002,140,60,89.4193,,,,,,,,
6.2,859,1773.135,140,60,89.6031,,,,,,,,
6.2,861,1769.251,140,60,89.7873,,,,,,,,
6.2,863,1765.349,140,60,89.972,,,,,,,,
6.2,865,1761.429,140,60,90.1572,,,,,,,,
6.2,867,1757.491,140,60,90.3429,,,,,,,,
6.2,869,1753.536,140,60,90.529,,,,,,,,
6.2,871,1749.562,140,60,90.7156,,,,,,,,
6.2,873,1745.57,140,60,90.9028,,,,,,,,
6.2,875,1741.56,140,60,91.0903,,,,,,,,
6.2,877,1737.532,140,60,91.2784,,,,,,,,
6.2,879,1733.484,140,60,91.467,,,,,,,,
6.2,881,1729.418,140,60,91.656,,,,,,,,
6.2,883,1725.334,140,60,91.8456,,,,,,,,
6.2,885,1721.23,140,60,92.0356,,,,,,,,
6.2,887,1717.107,140,60,92.2261,,,,,,,,
6.2,889,1712.965,140,60,92.4171,,,,,,,,
6.2,891,1708.803,140,60,92.6085,,,,,,,,
6.2,893,1704.622,140,60,92.8005,,,,,,,,
6.2,895,1700.421,140,60,92.9929,,,,,,,,
6.2,897,1696.2,140,60,93.1858,,,,,,,,
6.2,899,1691.96,140,60,93.3792,,,,,,,,
6.2,901,1687.699,140,60,93.5731,,,,,,,,
6.2,903,1683.418,140,60,93.7675,,,,,,,,
6.2,905,1679.116,140,60,93.9624,,,,,,,,
6.2,907,1674.794,140,60,94.1578,,,,,,,,
6.2,909,1670.451,140,60,94.3536,,,,,,,,
6.2,911,1666.088,140,60,94.55,,,,,,,,
6.2,913,1661.703,140,60,94.7468,,,,,,,,
6.2,915,1657.297,140,60,94.9441,,,,,,,,
6.2,917,1652.869,140,60,95.1419,,,,,,,,
6.2,919,1648.42,140,60,95.3402,,,,,,,,
6.2,921,1643.949,140,60,95.539,,,,,,,,
6.2,923,1639.456,140,60,95.7383,,,,,,,,
6.2,925,1634.941,140,60,95.9381,,,,,,,,
6.2,927,1630.404,140,60,96.1383,,,,,,,,
6.2,929,1625.844,140,60,96.3391,,,,,,,,
6.2,931,1621.261,140,60,96.5403,,,,,,,,
6.2,933,1616.656,140,60,96.7421,,,,,,,,
6.2,935,1612.027,140,60,96.9443,,,,,,,,
6.2,937,1607.376,140,60,97.147,,,,,,,,
6.2,939,1602.7,140,60,97.3503,,,,,,,,
6.2,941,1598.001,140,60,97.554,,,,,,,,
6.2,943,1593.278,140,60,97.7582,,,,,,,,
6.2,945,1588.531,140,60,97.9629,,,,,,,,
6.2,947,1583.76,140,60,98.1681,,,,,,,,
6.2,949,1578.964,140,60,98.3738,,,,,,,,
6.2,951,1574.144,140,60,98.58,,,,,,,,
6.2,953,1569.298,140,60,98.7867,,,,,,,,
6.2,955,1564.427,140,60,98.9939,,,,,,,,
6.2,957,1559.531,140,60,99.2016,,,,,,,,
6.2,959,1554.609,140,60,99.4098,,,,,,,,
6.2,961,1549.661,140,60,99.6185,,,,,,,,
6.2,963,1544.686,140,60,99.8277,,,,,,,,
6.2,965,1539.686,140,60,100.0374,,,,,,,,
6.2,967,1534.658,140,60,100.2477,,,,,,,,
6.2,969,1529.604,140,60,100.4584,,,,,,,,
6.2,971,1524.522,140,60,100.6696,,,,,,,,
6.2,973,1519.413,140,60,100.8813,,,,,,,,
6.2,975,1514.276,140,60,101.0935,,,,,,,,
6.2,977,1509.111,140,60,101.3062,,,,,,,,
6.2,979,1503.918,140,60,101.5195,,,,,,,,
6.2,981,1498.695,140,60,101.7332,,,,,,,,
6.2,983,1493.444,140,60,101.9474,,,,,,,,
6.2,985,1488.164,140,60,102.1622,,,,,,,,
6.2,987,1482.854,140,60,102.3775,,,,,,,,
6.2,989,1477.514,140,60,102.5932,,,,,,,,
6.2,991,1472.144,140,60,102.8095,,,,,,,,
6.2,993,1466.743,140,60,103.0263,,,,,,,,
6.2,995,1461.312,140,60,103.2436,,,,,,,,
6.2,997,1455.849,140,60,103.4614,,,,,,,,
6.2,999,1450.354,140,60,103.6797,,,,,,,,
6.2,1001,1444.828,140,60,103.8986,,,,,,,,
6.2,1003,1439.269,140,60,104.1179,,,,,,,,
6.2,1005,1433.678,140,60,104.3378,,,,,,,,
6.2,1007,1428.053,140,60,104.5582,,,,,,,,
6.2,1009,1422.395,140,60,104.7791,,,,,,,,
6.2,1011,1416.703,140,60,105.0005,,,,,,,,
6.2,1013,1410.977,140,60,105.2225,,,,,,,,
6.2,1015,1405.216,140,60,105.4449,,,,,,,,
6.2,1017,1399.42,140,60,105.6679,,,,,,,,
6.2,1019,1393.588,140,60,105.8914,,,,,,,,
6.2,1021,1387.72,140,60,106.1155,,,,,,,,
6.2,1023,1381.816,140,60,106.34,,,,,,,,
6.2,1025,1375.875,140,60,106.5651,,,,,,,,
6.2,1027,1369.896,140,60,106.7907,,,,,,,,
6.2,1029,1363.88,140,60,107.0168,,,,,,,,
6.2,1031,1357.825,140,60,107.2435,,,,,,,,
6.2,1033,1351.731,140,60,107.4707,,,,,,,,
6.2,1035,1345.597,140,60,107.6984,,,,,,,,
6.2,1037,1339.424,140,60,107.9266,,,,,,,,
6.2,1039,1333.21,140,60,108.1554,,,,,,,,
6.2,1041,1326.954,140,60,108.3847,,,,,,,,
6.2,1043,1320.657,140,60,108.6146,,,,,,,,
6.2,1045,1314.318,140,60,108.845,,,,,,,,
6.2,1047,1307.936,140,60,109.0759,,,,,,,,
6.2,1049,1301.51,140,60,109.3074,,,,,,,,
6.2,1051,1295.04,140,60,109.5394,,,,,,,,
6.2,1053,1288.525,140,60,109.7719,,,,,,,,
6.2,1055,1281.964,140,60,110.005,,,,,,,,
6.2,1057,1275.357,140,60,110.2387,,,,,,,,
6.2,1059,1268.703,140,60,110.4729,,,,,,,,
6.2,1061,1262.002,140,60,110.7076,,,,,,,,
6.2,1063,1255.251,140,60,110.9429,,,,,,,,
6.2,1065,1248.452,140,60,111.1787,,,,,,,,
6.2,1067,1241.602,140,60,111.4151,,,,,,,,
6.2,1069,1234.702,140,60,111.652,,,,,,,,
6.2,1071,1227.749,140,60,111.8895,,,,,,,,
6.2,1073,1220.744,140,60,112.1276,,,,,,,,
6.2,1075,1213.685,140,60,112.3662,,,,,,,,
6.2,1077,1206.572,140,60,112.6054,,,,,,,,
6.2,1079,1199.403,140,60,112.8452,,,,,,,,
6.2,1081,1192.178,140,60,113.0855,,,,,,,,
6.2,1083,1184.895,140,60,113.3264,,,,,,,,
6.2,1085,1177.553,140,60,113.5678,,,,,,,,
6.2,1087,1170.152,140,60,113.8099,,,,,,,,
6.2,1089,1162.69,140,60,114.0525,,,,,,,,
6.2,1091,1155.166,140,60,114.2957,,,,,,,,
6.2,1093,1147.578,140,60,114.5394,,,,,,,,
6.2,1095,1139.926,140,60,114.7838,,,,,,,,
6.2,1097,1132.208,140,60,115.0287,,,,,,,,
6.2,1099,1124.423,140,60,115.2743,,,,,,,,
6.2,1101,1116.57,140,60,115.5204,,,,,,,,
6.2,1103,1108.646,140,60,115.7671,,,,,,,,
6.2,1105,1100.651,140,60,116.0144,,,,,,,,
6.2,1107,1092.582,140,60,116.2624,,,,,,,,
6.2,1109,1084.439,140,60,116.5109,,,,,,,,
6.2,1111,1076.219,140,60,116.76,,,,,,,,
6.2,1113,1067.921,140,60,117.0098,,,,,,,,
6.2,1115,1059.543,140,60,117.2602,,,,,,,,
6.2,1117,1051.083,140,60,117.5112,,,,,,,,
6.2,1119,1042.539,140,60,117.7628,,,,,,,,
6.2,1121,1033.909,140,60,118.015,,,,,,,,
6.2,1123,1025.191,140,60,118.2679,,,,,,,,
6.2,1125,1016.382,140,60,118.5214,,,,,,,,
6.2,1127,1007.48,140,60,118.7756,,,,,,,,
6.2,1129,998.483,140,60,119.0304,,,,,,,,
6.2,1131,989.388,140,60,119.2859,,,,,,,,
6.2,1133,980.192,140,60,119.542,,,,,,,,
6.2,1135,970.892,140,60,119.7988,,,,,,,,
6.2,1137,961.486,140,60,120.0563,,,,,,,,
6.2,1139,951.971,140,60,120.3144,,,,,,,,
6.2,1141,942.342,140,60,120.5733,,,,,,,,
6.2,1143,932.596,140,60,120.8328,,,,,,,,
6.2,1145,922.731,140,60,121.093,,,,,,,,
6.2,1147,912.741,140,60,121.354,,,,,,,,
6.2,1149,902.623,140,60,121.6156,,,,,,,,
6.2,1151,892.372,140,60,121.878,,,,,,,,
6.2,1153,881.984,140,60,122.1411,,,,,,,,
6.2,1155,871.454,140,60,122.405,,,,,,,,
6.2,1157,860.776,140,60,122.6696,,,,,,,,
6.2,1159,849.946,140,60,122.935,,,,,,,,
6.2,1161,838.956,140,60,123.2012,,,,,,,,
6.2,1163,827.802,140,60,123.4682,,,,,,,,
6.2,1165,816.475,140,60,123.736,,,,,,,,
6.2,1167,804.97,140,60,124.0046,,,,,,,,
6.2,1169,793.277,140,60,124.274,,,,,,,,
6.2,1171,781.389,140,60,124.5443,,,,,,,,
6.2,1173,769.296,140,60,124.8155,,,,,,,,
6.2,1175,756.989,140,60,125.0875,,,,,,,,
6.2,1177,744.457,140,60,125.3605,,,,,,,,
6.2,1179,731.688,140,60,125.6344,,,,,,,,
6.2,1181,718.671,140,60,125.9093,,,,,,,,
6.2,1183,705.391,140,60,126.1852,,,,,,,,
6.2,1185,691.832,140,60,126.4621,,,,,,,,
6.2,1187,677.979,140,60,126.74,,,,,,,,
6.2,1189,663.813,140,60,127.0191,,,,,,,,
6.2,1191,649.313,140,60,127.2993,,,,,,,,
6.2,1193,634.457,140,60,127.5807,,,,,,,,
6.2,1195,619.219,140,60,127.8633,,,,,,,,
6.2,1197,603.569,140,60,128.1472,,,,,,,,
6.2,1199,587.476,140,60,128.4325,,,,,,,,
6.2,1201,570.901,140,60,128.7192,,,,,,,,
6.2,1203,553.801,140,60,129.0074,,,,,,,,
6.2,1205,536.127,140,60,129.2972,,,,,,,,
6.2,1207,517.819,140,60,129.5888,,,,,,,,
6.2,1209,498.807,140,60,129.8823,,,,,,,,
6.2,1211,479.007,140,60,130.1778,,,,,,,,
6.2,1213,458.319,140,60,130.4756,,,,,,,,
6.2,1215,436.614,140,60,130.7759,,,,,,,,
6.2,1217,413.734,140,60,131.079,,,,,,,,
6.2,1219,389.471,140,60,131.3854,,,,,,,,
6.2,1221,363.549,140,60,131.6955,,,,,,,,
6.2,1223,335.583,140,60,132.0102,,,,,,,,
6.2,1225,305.011,140,60,132.3306,,,,,,,,
6.2,1227,270.954,140,60,132.6584,,,,,,,,
6.2,1229,231.879,140,60,132.9967,,,,,,,,
6.2,1231,184.629,140,60,133.3517,,,,,,,,
6.2,1233,119.9,140,60,133.7419,,,,,,,,
6.7,564,1957.216,105,52,73.5006,,,,,,,,
6.7,566,1954.905,110,56,73.6856,,,,,,,,
6.7,568,1952.583,115,58,73.7924,,,,,,,,
6.7,570,1950.251,120,58,73.8269,,,,,,,,
6.7,572,1947.907,120,58,73.9544,,,,,,,,
6.7,574,1945.552,115,56,74.0991,,,,,,,,
6.7,576,1943.187,115,56,74.2276,,,,,,,,
6.7,578,1940.81,115,56,74.3566,,,,,,,,
6.7,580,1938.422,120,56,74.3893,,,,,,,,
6.7,582,1936.022,120,56,74.5192,,,,,,,,
6.7,584,1933.612,120,56,74.6496,,,,,,,,
6.7,586,1931.19,120,56,74.7804,,,,,,,,
6.7,588,1928.757,120,56,74.9118,,,,,,,,
6.7,590,1926.312,120,56,75.0437,,,,,,,,
6.7,592,1923.856,120,56,75.176,,,,,,,,
6.7,594,1921.389,125,60,75.3742,,,,,,,,
6.7,596,1918.91,130,60,75.4161,,,,,,,,
6.7,598,1916.419,130,60,75.5499,,,,,,,,
6.7,600,1913.917,130,60,75.6843,,,,,,,,
6.7,602,1911.403,130,60,75.8191,,,,,,,,
6.7,604,1908.878,130,60,75.9544,,,,,,,,
6.7,606,1906.341,135,60,75.998,,,,,,,,
6.7,608,1903.792,135,60,76.1342,,,,,,,,
6.7,610,1901.231,135,60,76.2709,,,,,,,,
6.7,612,1898.658,135,60,76.4081,,,,,,,,
6.7,614,1896.073,135,60,76.5458,,,,,,,,
6.7,616,1893.477,135,60,76.6841,,,,,,,,
6.7,618,1890.868,135,60,76.8228,,,,,,,,
6.7,620,1888.247,135,60,76.962,,,,,,,,
6.7,622,1885.615,135,60,77.1018,,,,,,,,
6.7,624,1882.969,135,60,77.242,,,,,,,,
6.7,626,1880.312,140,60,77.2892,,,,,,,,
6.7,628,1877.643,140,60,77.4303,,,,,,,,
6.7,630,1874.961,140,60,77.572,,,,,,,,
6.7,632,1872.267,140,60,77.7141,,,,,,,,
6.7,634,1869.56,140,60,77.8568,,,,,,,,
6.7,636,1866.841,140,60,77.9999,,,,,,,,
6.7,638,1864.109,140,60,78.1436,,,,,,,,
6.7,640,1861.365,140,60,78.2878,,,,,,,,
6.7,642,1858.608,140,60,78.4325,,,,,,,,
6.7,644,1855.838,140,60,78.5777,,,,,,,,
6.7,646,1853.055,140,60,78.7234,,,,,,,,
6.7,648,1850.26,140,60,78.8696,,,,,,,,
6.7,650,1847.452,140,60,79.0163,,,,,,,,
6.7,652,1844.631,140,60,79.1635,,,,,,,,
6.7,654,1841.796,140,60,79.3113,,,,,,,,
6.7,656,1838.949,140,60,79.4595,,,,,,,,
6.7,658,1836.089,140,60,79.6083,,,,,,,,
6.7,660,1833.215,140,60,79.7575,,,,,,,,
6.7,662,1830.328,140,60,79.9073,,,,,,,,
6.7,664,1827.428,140,60,80.0576,,,,,,,,
6.7,666,1824.515,140,60,80.2084,,,,,,,,
6.7,668,1821.588,140,60,80.3597,,,,,,,,
6.7,670,1818.647,140,60,80.5115,,,,,,,,
6.7,672,1815.693,140,60,80.6638,,,,,,,,
6.7,674,1812.726,140,60,80.8167,,,,,,,,
6.7,676,1809.744,140,60,80.97,,,,,,,,
6.7,678,1806.749,140,60,81.1239,,,,,,,,
6.7,680,1803.74,140,60,81.2783,,,,,,,,
6.7,682,1800.717,140,60,81.4332,,,,,,,,
6.7,684,1797.68,140,60,81.5886,,,,,,,,
6.7,686,1794.629,140,60,81.7445,,,,,,,,
6.7,688,1791.564,140,60,81.9009,,,,,,,,
6.7,690,1788.485,140,60,82.0578,,,,,,,,
6.7,692,1785.391,140,60,82.2153,,,,,,,,
6.7,694,1782.283,140,60,82.3732,,,,,,,,
6.7,696,1779.161,140,60,82.5317,,,,,,,,
6.7,698,1776.024,140,60,82.6907,,,,,,,,
6.7,700,1772.873,140,60,82.8502,,,,,,,,
6.7,702,1769.707,140,60,83.0102,,,,,,,,
6.7,704,1766.526,140,60,83.1707,,,,,,,,
6.7,706,1763.33,140,60,83.3317,,,,,,,,
6.7,708,1760.12,140,60,83.4933,,,,,,,,
6.7,710,1756.894,140,60,83.6554,,,,,,,,
6.7,712,1753.654,140,60,83.8179,,,,,,,,
6.7,714,1750.398,140,60,83.981,,,,,,,,
6.7,716,1747.127,140,60,84.1447,,,,,,,,
6.7,718,1743.841,140,60,84.3088,,,,,,,,
6.7,720,1740.54,140,60,84.4734,,,,,,,,
6.7,722,1737.223,140,60,84.6386,,,,,,,,
6.7,724,1733.89,140,60,84.8043,,,,,,,,
6.7,726,1730.542,140,60,84.9705,,,,,,,,
6.7,728,1727.177,140,60,85.1372,,,,,,,,
6.7,730,1723.798,140,60,85.3044,,,,,,,,
6.7,732,1720.402,140,60,85.4721,,,,,,,,
6.7,734,1716.99,140,60,85.6404,,,,,,,,
6.7,736,1713.562,140,60,85.8092,,,,,,,,
6.7,738,1710.118,140,60,85.9785,,,,,,,,
6.7,740,1706.657,140,60,86.1483,,,,,,,,
6.7,742,1703.18,140,60,86.3186,,,,,,,,
6.7,744,1699.686,140,60,86.4894,,,,,,,,
6.7,746,1696.176,140,60,86.6608,,,,,,,,
6.7,748,1692.649,140,60,86.8327,,,,,,,,
6.7,750,1689.106,140,60,87.0051,,,,,,,,
6.7,752,1685.545,140,60,87.178,,,,,,,,
6.7,754,1681.967,140,60,87.3515,,,,,,,,
6.7,756,1678.372,140,60,87.5255,,,,,,,,
6.7,758,1674.76,140,60,87.6999,,,,,,,,
6.7,760,1671.131,140,60,87.8749,,,,,,,,
6.7,762,1667.484,140,60,88.0505,,,,,,,,
6.7,764,1663.819,140,60,88.2265,,,,,,,,
6.7,766,1660.137,140,60,88.4031,,,,,,,,
6.7,768,1656.437,140,60,88.5802,,,,,,,,
6.7,770,1652.718,140,60,88.7578,,,,,,,,
6.7,772,1648.982,140,60,88.9359,,,,,,,,
6.7,774,1645.228,140,60,89.1146,,,,,,,,
6.7,776,1641.455,140,60,89.2938,,,,,,,,
6.7,778,1637.664,140,60,89.4735,,,,,,,,
6.7,780,1633.854,140,60,89.6537,,,,,,,,
6.7,782,1630.025,140,60,89.8345,,,,,,,,
6.7,784,1626.178,140,60,90.0158,,,,,,,,
6.7,786,1622.311,140,60,90.1976,,,,,,,,
6.7,788,1618.426,140,60,90.3799,,,,,,,,
6.7,790,1614.521,140,60,90.5628,,,,,,,,
6.7,792,1610.597,140,60,90.7462,,,,,,,,
6.7,794,1606.653,140,60,90.9301,,,,,,,,
6.7,796,1602.69,140,60,91.1145,,,,,,,,
6.7,798,1598.706,140,60,91.2995,,,,,,,,
6.7,800,1594.703,140,60,91.485,,,,,,,,
6.7,802,1590.68,140,60,91.671,,,,,,,,
6.7,804,1586.636,140,60,91.8575,,,,,,,,
6.7,806,1582.572,140,60,92.0446,,,,,,,,
6.7,808,1578.487,140,60,92.2322,,,,,,,,
6.7,810,1574.382,140,60,92.4203,,,,,,,,
6.7,812,1570.255,140,60,92.609,,,,,,,,
6.7,814,1566.108,140,60,92.7982,,,,,,,,
6.7,816,1561.939,140,60,92.9879,,,,,,,,
6.7,818,1557.749,140,60,93.1782,,,,,,,,
6.7,820,1553.537,140,60,93.369,,,,,,,,
6.7,822,1549.304,140,60,93.5603,,,,,,,,
6.7,824,1545.048,140,60,93.7522,,,,,,,,
6.7,826,1540.771,140,60,93.9445,,,,,,,,
6.7,828,1536.471,140,60,94.1375,,,,,,,,
6.7,830,1532.148,140,60,94.3309,,,,,,,,
6.7,832,1527.803,140,60,94.5249,,,,,,,,
6.7,834,1523.435,140,60,94.7194,,,,,,,,
6.7,836,1519.044,140,60,94.9145,,,,,,,,
6.7,838,1514.629,140,60,95.1101,,,,,,,,
6.7,840,1510.191,140,60,95.3062,,,,,,,,
6.7,842,1505.73,140,60,95.5029,,,,,,,,
6.7,844,1501.244,140,60,95.7001,,,,,,,,
6.7,846,1496.734,140,60,95.8978,,,,,,,,
6.7,848,1492.2,140,60,96.0961,,,,,,,,
6.7,850,1487.642,140,60,96.2949,,,,,,,,
6.7,852,1483.058,140,60,96.4943,,,,,,,,
6.7,854,1478.45,140,60,96.6942,,,,,,,,
6.7,856,1473.816,140,60,96.8946,,,,,,,,
6.7,858,1469.157,140,60,97.0956,,,,,,,,
6.7,860,1464.472,140,60,97.2971,,,,,,,,
6.7,862,1459.761,140,60,97.4992,,,,,,,,
6.7,864,1455.024,140,60,97.7018,,,,,,,,
6.7,866,1450.26,140,60,97.905,,,,,,,,
6.7,868,1445.47,140,60,98.1087,,,,,,,,
6.7,870,1440.652,140,60,98.3129,,,,,,,,
6.7,872,1435.807,140,60,98.5177,,,,,,,,
6.7,874,1430.935,140,60,98.723,,,,,,,,
6.7,876,1426.034,140,60,98.9289,,,,,,,,
6.7,878,1421.106,140,60,99.1354,,,,,,,,
6.7,880,1416.149,140,60,99.3423,,,,,,,,
6.7,882,1411.163,140,60,99.5499,,,,,,,,
6.7,884,1406.149,140,60,99.7579,,,,,,,,
6.7,886,1401.105,140,60,99.9666,,,,,,,,
6.7,888,1396.031,140,60,100.1758,,,,,,,,
6.7,890,1390.927,140,60,100.3855,,,,,,,,
6.7,892,1385.793,140,60,100.5958,,,,,,,,
6.7,894,1380.628,140,60,100.8066,,,,,,,,
6.7,896,1375.432,140,60,101.018,,,,,,,,
6.7,898,1370.205,140,60,101.23,,,,,,,,
6.7,900,1364.946,140,60,101.4425,,,,,,,,
6.7,902,1359.655,140,60,101.6556,,,,,,,,
6.7,904,1354.332,140,60,101.8692,,,,,,,,
6.7,906,1348.975,140,60,102.0834,,,,,,,,
6.7,908,1343.586,140,60,102.2981,,,,,,,,
6.7,910,1338.162,140,60,102.5134,,,,,,,,
6.7,912,1332.705,140,60,102.7293,,,,,,,,
6.7,914,1327.213,140,60,102.9457,,,,,,,,
6.7,916,1321.686,140,60,103.1627,,,,,,,,
6.7,918,1316.124,140,60,103.3803,,,,,,,,
6.7,920,1310.526,140,60,103.5984,,,,,,,,
6.7,922,1304.892,140,60,103.8171,,,,,,,,
6.7,924,1299.221,140,60,104.0364,,,,,,,,
6.7,926,1293.512,140,60,104.2562,,,,,,,,
6.7,928,1287.766,140,60,104.4766,,,,,,,,
6.7,930,1281.982,140,60,104.6976,,,,,,,,
6.7,932,1276.159,140,60,104.9191,,,,,,,,
6.7,934,1270.297,140,60,105.1413,,,,,,,,
6.7,936,1264.395,140,60,105.364,,,,,,,,
6.7,938,1258.452,140,60,105.5873,,,,,,,,
6.7,940,1252.469,140,60,105.8111,,,,,,,,
6.7,942,1246.444,140,60,106.0356,,,,,,,,
6.7,944,1240.377,140,60,106.2606,,,,,,,,
6.7,946,1234.267,140,60,106.4862,,,,,,,,
6.7,948,1228.113,140,60,106.7124,,,,,,,,
6.7,950,1221.916,140,60,106.9391,,,,,,,,
6.7,952,1215.674,140,60,107.1665,,,,,,,,
6.7,954,1209.386,140,60,107.3945,,,,,,,,
6.7,956,1203.052,140,60,107.623,,,,,,,,
6.7,958,1196.671,140,60,107.8521,,,,,,,,
6.7,960,1190.243,140,60,108.0819,,,,,,,,
6.7,962,1183.766,140,60,108.3122,,,,,,,,
6.7,964,1177.24,140,60,108.5431,,,,,,,,
6.7,966,1170.664,140,60,108.7747,,,,,,,,
6.7,968,1164.037,140,60,109.0068,,,,,,,,
6.7,970,1157.358,140,60,109.2395,,,,,,,,
6.7,972,1150.627,140,60,109.4729,,,,,,,,
6.7,974,1143.842,140,60,109.7068,,,,,,,,
6.7,976,1137.002,140,60,109.9414,,,,,,,,
6.7,978,1130.107,140,60,110.1765,,,,,,,,
6.7,980,1123.155,140,60,110.4123,,,,,,,,
6.7,982,1116.146,140,60,110.6487,,,,,,,,
6.7,984,1109.078,140,60,110.8857,,,,,,,,
6.7,986,1101.95,140,60,111.1234,,,,,,,,
6.7,988,1094.761,140,60,111.3617,,,,,,,,
6.7,990,1087.51,140,60,111.6006,,,,,,,,
6.7,992,1080.195,140,60,111.8401,,,,,,,,
6.7,994,1072.816,140,60,112.0803,,,,,,,,
6.7,996,1065.37,140,60,112.3211,,,,,,,,
6.7,998,1057.857,140,60,112.5625,,,,,,,,
6.7,1000,1050.275,140,60,112.8046,,,,,,,,
6.7,1002,1042.623,140,60,113.0474,,,,,,,,
6.7,1004,1034.898,140,60,113.2907,,,,,,,,
6.7,1006,1027.1,140,60,113.5348,,,,,,,,
6.7,1008,1019.226,140,60,113.7795,,,,,,,,
6.7,1010,1011.275,140,60,114.0249,,,,,,,,
6.7,1012,1003.246,140,60,114.2709,,,,,,,,
6.7,1014,995.135,140,60,114.5176,,,,,,,,
6.7,1016,986.942,140,60,114.765,,,,,,,,
6.7,1018,978.663,140,60,115.013,,,,,,,,
6.7,1020,970.298,140,60,115.2618,,,,,,,,
6.7,1022,961.843,140,60,115.5112,,,,,,,,
6.7,1024,953.296,140,60,115.7613,,,,,,,,
6.7,1026,944.656,140,60,116.0122,,,,,,,,
6.7,1028,935.918,140,60,116.2637,,,,,,,,
6.7,1030,927.08,140,60,116.516,,,,,,,,
6.7,1032,918.141,140,60,116.769,,,,,,,,
6.7,1034,909.095,140,60,117.0227,,,,,,,,
6.7,1036,899.941,140,60,117.2771,,,,,,,,
6.7,1038,890.675,140,60,117.5323,,,,,,,,
6.7,1040,881.293,140,60,117.7882,,,,,,,,
6.7,1042,871.792,140,60,118.0449,,,,,,,,
6.7,1044,862.168,140,60,118.3024,,,,,,,,
6.7,1046,852.417,140,60,118.5606,,,,,,,,
6.7,1048,842.533,140,60,118.8196,,,,,,,,
6.7,1050,832.513,140,60,119.0794,,,,,,,,
6.7,1052,822.352,140,60,119.3401,,,,,,,,
6.7,1054,812.043,140,60,119.6015,,,,,,,,
6.7,1056,801.582,140,60,119.8638,,,,,,,,
6.7,1058,790.963,140,60,120.1269,,,,,,,,
6.7,1060,780.178,140,60,120.3909,,,,,,,,
6.7,1062,769.222,140,60,120.6557,,,,,,,,
6.7,1064,758.086,140,60,120.9215,,,,,,,,
6.7,1066,746.762,140,60,121.1882,,,,,,,,
6.7,1068,735.243,140,60,121.4558,,,,,,,,
6.7,1070,723.518,140,60,121.7243,,,,,,,,
6.7,1072,711.577,140,60,121.9938,,,,,,,,
6.7,1074,699.41,140,60,122.2643,,,,,,,,
6.7,1076,687.004,140,60,122.5359,,,,,,,,
6.7,1078,674.346,140,60,122.8085,,,,,,,,
6.7,1080,661.421,140,60,123.0821,,,,,,,,
6.7,1082,648.215,140,60,123.3569,,,,,,,,
6.7,1084,634.708,140,60,123.6329,,,,,,,,
6.7,1086,620.882,140,60,123.91,,,,,,,,
6.7,1088,606.714,140,60,124.1885,,,,,,,,
6.7,1090,592.181,140,60,124.4682,,,,,,,,
6.7,1092,577.254,140,60,124.7492,,,,,,,,
6.7,1094,561.902,140,60,125.0317,,,,,,,,
6.7,1096,546.09,140,60,125.3158,,,,,,,,
6.7,1098,529.776,140,60,125.6014,,,,,,,,
6.7,1100,512.911,140,60,125.8887,,,,,,,,
6.7,1102,495.441,140,60,126.1778,,,,,,,,
6.7,1104,477.299,140,60,126.469,,,,,,,,
6.7,1106,458.404,140,60,126.7622,,,,,,,,
6.7,1108,438.659,140,60,127.0578,,,,,,,,
6.7,1110,417.945,140,60,127.3561,,,,,,,,
6.7,1112,396.109,140,60,127.6573,,,,,,,,
6.7,1114,372.953,140,60,127.9618,,,,,,,,
6.7,1116,348.216,140,60,128.2703,,,,,,,,
6.7,1118,321.531,140,60,128.5835,,,,,,,,
6.7,1120,292.366,140,60,128.9026,,,,,,,,
6.7,1122,259.889,140,60,129.2294,,,,,,,,
6.7,1124,222.652,140,60,129.5669,,,,,,,,
6.7,1126,177.691,140,60,129.9215,,,,,,,,
6.7,1128,116.371,140,60,130.3118,,,,,,,,
7.2,516,1789.789,125,60,75.9327,,,,,,,,
7.2,518,1787.477,125,60,76.0563,,,,,,,,
7.2,520,1785.153,125,60,76.1804,,,,,,,,
7.2,522,1782.816,130,60,76.217,,,,,,,,
7.2,524,1780.468,130,60,76.3419,,,,,,,,
7.2,526,1778.107,130,60,76.4675,,,,,,,,
7.2,528,1775.735,130,60,76.5935,,,,,,,,
7.2,530,1773.35,130,60,76.7201,,,,,,,,
7.2,532,1770.953,130,60,76.8473,,,,,,,,
7.2,534,1768.543,130,60,76.975,,,,,,,,
7.2,536,1766.122,130,60,77.1032,,,,,,,,
7.2,538,1763.688,130,60,77.232,,,,,,,,
7.2,540,1761.241,130,60,77.3613,,,,,,,,
7.2,542,1758.782,135,60,77.4015,,,,,,,,
7.2,544,1756.31,130,60,77.6216,,,,,,,,
7.2,546,1753.826,135,60,77.6625,,,,,,,,
7.2,548,1751.329,135,60,77.7938,,,,,,,,
7.2,550,1748.82,135,60,77.9257,,,,,,,,
7.2,552,1746.297,135,60,78.0581,,,,,,,,
7.2,554,1743.762,135,60,78.1911,,,,,,,,
7.2,556,1741.214,135,60,78.3246,,,,,,,,
7.2,558,1738.653,135,60,78.4587,,,,,,,,
7.2,560,1736.079,135,60,78.5933,,,,,,,,
7.2,562,1733.492,140,60,78.6373,,,,,,,,
7.2,564,1730.892,140,60,78.7728,,,,,,,,
7.2,566,1728.278,140,60,78.9089,,,,,,,,
7.2,568,1725.652,140,60,79.0456,,,,,,,,
7.2,570,1723.012,140,60,79.1828,,,,,,,,
7.2,572,1720.359,140,60,79.3206,,,,,,,,
7.2,574,1717.692,140,60,79.4589,,,,,,,,
7.2,576,1715.012,140,60,79.5978,,,,,,,,
7.2,578,1712.318,140,60,79.7372,,,,,,,,
7.2,580,1709.611,140,60,79.8771,,,,,,,,
7.2,582,1706.89,140,60,80.0177,,,,,,,,
7.2,584,1704.156,140,60,80.1587,,,,,,,,
7.2,586,1701.407,140,60,80.3003,,,,,,,,
7.2,588,1698.645,140,60,80.4425,,,,,,,,
7.2,590,1695.869,140,60,80.5852,,,,,,,,
7.2,592,1693.078,140,60,80.7285,,,,,,,,
7.2,594,1690.274,140,60,80.8723,,,,,,,,
7.2,596,1687.455,140,60,81.0167,,,,,,,,
7.2,598,1684.623,140,60,81.1616,,,,,,,,
7.2,600,1681.776,140,60,81.3071,,,,,,,,
7.2,602,1678.915,140,60,81.4531,,,,,,,,
7.2,604,1676.039,140,60,81.5997,,,,,,,,
7.2,606,1673.149,140,60,81.7469,,,,,,,,
7.2,608,1670.244,140,60,81.8946,,,,,,,,
7.2,610,1667.324,140,60,82.0428,,,,,,,,
7.2,612,1664.39,140,60,82.1916,,,,,,,,
7.2,614,1661.441,140,60,82.341,,,,,,,,
7.2,616,1658.477,140,60,82.4909,,,,,,,,
7.2,618,1655.498,140,60,82.6414,,,,,,,,
7.2,620,1652.504,140,60,82.7924,,,,,,,,
7.2,622,1649.495,140,60,82.9439,,,,,,,,
7.2,624,1646.471,140,60,83.0961,,,,,,,,
7.2,626,1643.431,140,60,83.2488,,,,,,,,
7.2,628,1640.376,140,60,83.402,,,,,,,,
7.2,630,1637.306,140,60,83.5558,,,,,,,,
7.2,632,1634.22,140,60,83.7102,,,,,,,,
7.2,634,1631.118,140,60,83.8651,,,,,,,,
7.2,636,1628.001,140,60,84.0205,,,,,,,,
7.2,638,1624.867,140,60,84.1766,,,,,,,,
7.2,640,1621.718,140,60,84.3331,,,,,,,,
7.2,642,1618.553,140,60,84.4903,,,,,,,,
7.2,644,1615.372,140,60,84.648,,,,,,,,
7.2,646,1612.174,140,60,84.8062,,,,,,,,
7.2,648,1608.961,140,60,84.9651,,,,,,,,
7.2,650,1605.73,140,60,85.1244,,,,,,,,
7.2,652,1602.484,140,60,85.2844,,,,,,,,
7.2,654,1599.22,140,60,85.4448,,,,,,,,
7.2,656,1595.94,140,60,85.6059,,,,,,,,
7.2,658,1592.644,140,60,85.7675,,,,,,,,
7.2,660,1589.33,140,60,85.9297,,,,,,,,
7.2,662,1585.999,140,60,86.0924,,,,,,,,
7.2,664,1582.652,140,60,86.2557,,,,,,,,
7.2,666,1579.287,140,60,86.4196,,,,,,,,
7.2,668,1575.904,140,60,86.584,,,,,,,,
7.2,670,1572.504,140,60,86.749,,,,,,,,
7.2,672,1569.087,140,60,86.9145,,,,,,,,
7.2,674,1565.652,140,60,87.0806,,,,,,,,
7.2,676,1562.199,140,60,87.2473,,,,,,,,
7.2,678,1558.728,140,60,87.4145,,,,,,,,
7.2,680,1555.24,140,60,87.5823,,,,,,,,
7.2,682,1551.733,140,60,87.7506,,,,,,,,
7.2,684,1548.207,140,60,87.9195,,,,,,,,
7.2,686,1544.664,140,60,88.089,,,,,,,,
7.2,688,1541.102,140,60,88.2591,,,,,,,,
7.2,690,1537.521,140,60,88.4297,,,,,,,,
7.2,692,1533.921,140,60,88.6009,,,,,,,,
7.2,694,1530.303,140,60,88.7726,,,,,,,,
7.2,696,1526.665,140,60,88.9449,,,,,,,,
7.2,698,1523.008,140,60,89.1178,,,,,,,,
7.2,700,1519.332,140,60,89.2912,,,,,,,,
7.2,702,1515.636,140,60,89.4653,,,,,,,,
7.2,704,1511.921,140,60,89.6398,,,,,,,,
7.2,706,1508.186,140,60,89.815,,,,,,,,
7.2,708,1504.431,140,60,89.9907,,,,,,,,
7.2,710,1500.657,140,60,90.167,,,,,,,,
7.2,712,1496.861,140,60,90.3438,,,,,,,,
7.2,714,1493.046,140,60,90.5213,,,,,,,,
7.2,716,1489.21,140,60,90.6993,,,,,,,,
7.2,718,1485.353,140,60,90.8778,,,,,,,,
7.2,720,1481.476,140,60,91.057,,,,,,,,
7.2,722,1477.577,140,60,91.2367,,,,,,,,
7.2,724,1473.657,140,60,91.417,,,,,,,,
7.2,726,1469.716,140,60,91.5978,,,,,,,,
7.2,728,1465.754,140,60,91.7792,,,,,,,,
7.2,730,1461.769,140,60,91.9612,,,,,,,,
7.2,732,1457.763,140,60,92.1438,,,,,,,,
7.2,734,1453.735,140,60,92.327,,,,,,,,
7.2,736,1449.685,140,60,92.5107,,,,,,,,
7.2,738,1445.612,140,60,92.695,,,,,,,,
7.2,740,1441.517,140,60,92.8799,,,,,,,,
7.2,742,1437.398,140,60,93.0653,,,,,,,,
7.2,744,1433.257,140,60,93.2513,,,,,,,,
7.2,746,1429.093,140,60,93.4379,,,,,,,,
7.2,748,1424.905,140,60,93.6251,,,,,,,,
7.2,750,1420.693,140,60,93.8129,,,,,,,,
7.2,752,1416.458,140,60,94.0012,,,,,,,,
7.2,754,1412.199,140,60,94.1902,,,,,,,,
7.2,756,1407.915,140,60,94.3797,,,,,,,,
7.2,758,1403.607,140,60,94.5697,,,,,,,,
7.2,760,1399.275,140,60,94.7604,,,,,,,,
7.2,762,1394.917,140,60,94.9517,,,,,,,,
7.2,764,1390.534,140,60,95.1435,,,,,,,,
7.2,766,1386.126,140,60,95.3359,,,,,,,,
7.2,768,1381.692,140,60,95.5289,,,,,,,,
7.2,770,1377.233,140,60,95.7225,,,,,,,,
7.2,772,1372.747,140,60,95.9167,,,,,,,,
7.2,774,1368.235,140,60,96.1114,,,,,,,,
7.2,776,1363.696,140,60,96.3068,,,,,,,,
7.2,778,1359.13,140,60,96.5027,,,,,,,,
7.2,780,1354.537,140,60,96.6992,,,,,,,,
7.2,782,1349.916,140,60,96.8963,,,,,,,,
7.2,784,1345.268,140,60,97.094,,,,,,,,
7.2,786,1340.592,140,60,97.2923,,,,,,,,
7.2,788,1335.887,140,60,97.4912,,,,,,,,
7.2,790,1331.154,140,60,97.6907,,,,,,,,
7.2,792,1326.391,140,60,97.8907,,,,,,,,
7.2,794,1321.6,140,60,98.0914,,,,,,,,
7.2,796,1316.779,140,60,98.2926,,,,,,,,
7.2,798,1311.928,140,60,98.4945,,,,,,,,
7.2,800,1307.046,140,60,98.6969,,,,,,,,
7.2,802,1302.134,140,60,98.9,,,,,,,,
7.2,804,1297.192,140,60,99.1036,,,,,,,,
7.2,806,1292.217,140,60,99.3079,,,,,,,,
7.2,808,1287.212,140,60,99.5127,,,,,,,,
7.2,810,1282.174,140,60,99.7182,,,,,,,,
7.2,812,1277.104,140,60,99.9242,,,,,,,,
7.2,814,1272.001,140,60,100.1309,,,,,,,,
7.2,816,1266.865,140,60,100.3381,,,,,,,,
7.2,818,1261.695,140,60,100.546,,,,,,,,
7.2,820,1256.491,140,60,100.7544,,,,,,,,
7.2,822,1251.253,140,60,100.9635,,,,,,,,
7.2,824,1245.98,140,60,101.1732,,,,,,,,
7.2,826,1240.672,140,60,101.3835,,,,,,,,
7.2,828,1235.327,140,60,101.5944,,,,,,,,
7.2,830,1229.947,140,60,101.8059,,,,,,,,
7.2,832,1224.53,140,60,102.018,,,,,,,,
7.2,834,1219.076,140,60,102.2308,,,,,,,,
7.2,836,1213.584,140,60,102.4441,,,,,,,,
7.2,838,1208.054,140,60,102.6581,,,,,,,,
7.2,840,1202.485,140,60,102.8727,,,,,,,,
7.2,842,1196.877,140,60,103.0879,,,,,,,,
7.2,844,1191.229,140,60,103.3037,,,,,,,,
7.2,846,1185.54,140,60,103.5202,,,,,,,,
7.2,848,1179.811,140,60,103.7373,,,,,,,,
7.2,850,1174.04,140,60,103.955,,,,,,,,
7.2,852,1168.227,140,60,104.1733,,,,,,,,
7.2,854,1162.371,140,60,104.3923,,,,,,,,
7.2,856,1156.471,140,60,104.6119,,,,,,,,
7.2,858,1150.528,140,60,104.8321,,,,,,,,
7.2,860,1144.539,140,60,105.053,,,,,,,,
7.2,862,1138.505,140,60,105.2745,,,,,,,,
7.2,864,1132.425,140,60,105.4966,,,,,,,,
7.2,866,1126.297,140,60,105.7194,,,,,,,,
7.2,868,1120.122,140,60,105.9428,,,,,,,,
7.2,870,1113.899,140,60,106.1669,,,,,,,,
7.2,872,1107.625,140,60,106.3916,,,,,,,,
7.2,874,1101.302,140,60,106.6169,,,,,,,,
7.2,876,1094.927,140,60,106.843,,,,,,,,
7.2,878,1088.501,140,60,107.0696,,,,,,,,
7.2,880,1082.021,140,60,107.2969,,,,,,,,
7.2,882,1075.488,140,60,107.5249,,,,,,,,
7.2,884,1068.899,140,60,107.7535,,,,,,,,
7.2,886,1062.255,140,60,107.9828,,,,,,,,
7.2,888,1055.554,140,60,108.2128,,,,,,,,
7.2,890,1048.795,140,60,108.4434,,,,,,,,
7.2,892,1041.976,140,60,108.6747,,,,,,,,
7.2,894,1035.097,140,60,108.9067,,,,,,,,
7.2,896,1028.157,140,60,109.1393,,,,,,,,
7.2,898,1021.153,140,60,109.3727,,,,,,,,
7.2,900,1014.086,140,60,109.6067,,,,,,,,
7.2,902,1006.953,140,60,109.8414,,,,,,,,
7.2,904,999.753,140,60,110.0767,,,,,,,,
7.2,906,992.485,140,60,110.3128,,,,,,,,
7.2,908,985.147,140,60,110.5496,,,,,,,,
7.2,910,977.737,140,60,110.7871,,,,,,,,
7.2,912,970.255,140,60,111.0253,,,,,,,,
7.2,914,962.697,140,60,111.2642,,,,,,,,
7.2,916,955.063,140,60,111.5038,,,,,,,,
7.2,918,947.351,140,60,111.7441,,,,,,,,
7.2,920,939.558,140,60,111.9851,,,,,,,,
7.2,922,931.683,140,60,112.2269,,,,,,,,
7.2,924,923.724,140,60,112.4694,,,,,,,,
7.2,926,915.678,140,60,112.7127,,,,,,,,
7.2,928,907.543,140,60,112.9566,,,,,,,,
7.2,930,899.316,140,60,113.2014,,,,,,,,
7.2,932,890.996,140,60,113.4469,,,,,,,,
7.2,934,882.579,140,60,113.6931,,,,,,,,
7.2,936,874.063,140,60,113.9402,,,,,,,,
7.2,938,865.444,140,60,114.188,,,,,,,,
7.2,940,856.72,140,60,114.4366,,,,,,,,
7.2,942,847.888,140,60,114.686,,,,,,,,
7.2,944,838.943,140,60,114.9361,,,,,,,,
7.2,946,829.883,140,60,115.1871,,,,,,,,
7.2,948,820.703,140,60,115.4389,,,,,,,,
7.2,950,811.4,140,60,115.6916,,,,,,,,
7.2,952,801.969,140,60,115.9451,,,,,,,,
7.2,954,792.405,140,60,116.1994,,,,,,,,
7.2,956,782.704,140,60,116.4546,,,,,,,,
7.2,958,772.861,140,60,116.7106,,,,,,,,
7.2,960,762.87,140,60,116.9676,,,,,,,,
7.2,962,752.724,140,60,117.2254,,,,,,,,
7.2,964,742.419,140,60,117.4842,,,,,,,,
7.2,966,731.947,140,60,117.7439,,,,,,,,
7.2,968,721.3,140,60,118.0046,,,,,,,,
7.2,970,710.472,140,60,118.2662,,,,,,,,
7.2,972,699.453,140,60,118.5288,,,,,,,,
7.2,974,688.234,140,60,118.7924,,,,,,,,
7.2,976,676.806,140,60,119.0571,,,,,,,,
7.2,978,665.157,140,60,119.3228,,,,,,,,
7.2,980,653.276,140,60,119.5896,,,,,,,,
7.2,982,641.151,140,60,119.8575,,,,,,,,
7.2,984,628.765,140,60,120.1266,,,,,,,,
7.2,986,616.105,140,60,120.3969,,,,,,,,
7.2,988,603.153,140,60,120.6684,,,,,,,,
7.2,990,589.89,140,60,120.9412,,,,,,,,
7.2,992,576.293,140,60,121.2153,,,,,,,,
7.2,994,562.34,140,60,121.4908,,,,,,,,
7.2,996,548.002,140,60,121.7677,,,,,,,,
7.2,998,533.249,140,60,122.0462,,,,,,,,
7.2,1000,518.044,140,60,122.3262,,,,,,,,
7.2,1002,502.348,140,60,122.608,,,,,,,,
7.2,1004,486.113,140,60,122.8916,,,,,,,,
7.2,1006,469.282,140,60,123.1771,,,,,,,,
7.2,1008,451.79,140,60,123.4647,,,,,,,,
7.2,1010,433.555,140,60,123.7546,,,,,,,,
7.2,1012,414.48,140,60,124.047,,,,,,,,
7.2,1014,394.444,140,60,124.3422,,,,,,,,
7.2,1016,373.291,140,60,124.6406,,,,,,,,
7.2,1018,350.819,140,60,124.9426,,,,,,,,
7.2,1020,326.757,140,60,125.2489,,,,,,,,
7.2,1022,300.722,140,60,125.5603,,,,,,,,
7.2,1024,272.151,140,60,125.8782,,,,,,,,
7.2,1026,240.137,140,60,126.2046,,,,,,,,
7.2,1028,203.062,140,60,126.5433,,,,,,,,
7.2,1030,157.385,140,60,126.9024,,,,,,,,
7.2,1032,90.961,140,60,127.3099,,,,,,,,
7.7,471,1633.928,125,58,78.4216,,,,,,,,
7.7,473,1631.615,130,60,78.5298,,,,,,,,
7.7,475,1629.289,130,60,78.6504,,,,,,,,
7.7,477,1626.95,130,60,78.7716,,,,,,,,
7.7,479,1624.598,130,60,78.8934,,,,,,,,
7.7,481,1622.233,135,60,78.9295,,,,,,,,
7.7,483,1619.854,135,60,79.0523,,,,,,,,
7.7,485,1617.462,135,60,79.1756,,,,,,,,
7.7,487,1615.056,135,60,79.2995,,,,,,,,
7.7,489,1612.637,135,60,79.424,,,,,,,,
7.7,491,1610.205,135,60,79.5491,,,,,,,,
7.7,493,1607.759,135,60,79.6748,,,,,,,,
7.7,495,1605.299,135,60,79.8011,,,,,,,,
7.7,497,1602.825,135,60,79.928,,,,,,,,
7.7,499,1600.337,135,60,80.0554,,,,,,,,
7.7,501,1597.836,140,60,80.0955,,,,,,,,
7.7,503,1595.32,140,60,80.2239,,,,,,,,
7.7,505,1592.791,140,60,80.353,,,,,,,,
7.7,507,1590.248,140,60,80.4826,,,,,,,,
7.7,509,1587.69,140,60,80.6129,,,,,,,,
7.7,511,1585.118,140,60,80.7437,,,,,,,,
7.7,513,1582.532,140,60,80.8751,,,,,,,,
7.7,515,1579.931,140,60,81.0072,,,,,,,,
7.7,517,1577.317,140,60,81.1398,,,,,,,,
7.7,519,1574.687,140,60,81.273,,,,,,,,
7.7,521,1572.043,140,60,81.4068,,,,,,,,
7.7,523,1569.384,140,60,81.5412,,,,,,,,
7.7,525,1566.711,140,60,81.6762,,,,,,,,
7.7,527,1564.023,140,60,81.8118,,,,,,,,
7.7,529,1561.32,140,60,81.948,,,,,,,,
7.7,531,1558.602,140,60,82.0848,,,,,,,,
7.7,533,1555.869,140,60,82.2221,,,,,,,,
7.7,535,1553.121,140,60,82.3601,,,,,,,,
7.7,537,1550.357,140,60,82.4987,,,,,,,,
7.7,539,1547.579,140,60,82.6378,,,,,,,,
7.7,541,1544.785,140,60,82.7776,,,,,,,,
7.7,543,1541.975,140,60,82.9179,,,,,,,,
7.7,545,1539.15,140,60,83.0589,,,,,,,,
7.7,547,1536.31,140,60,83.2005,,,,,,,,
7.7,549,1533.453,140,60,83.3426,,,,,,,,
7.7,551,1530.581,140,60,83.4853,,,,,,,,
7.7,553,1527.694,140,60,83.6287,,,,,,,,
7.7,555,1524.79,140,60,83.7726,,,,,,,,
7.7,557,1521.87,140,60,83.9172,,,,,,,,
7.7,559,1518.934,140,60,84.0623,,,,,,,,
7.7,561,1515.981,140,60,84.2081,,,,,,,,
7.7,563,1513.013,140,60,84.3544,,,,,,,,
7.7,565,1510.028,140,60,84.5013,,,,,,,,
7.7,567,1507.026,140,60,84.6489,,,,,,,,
7.7,569,1504.008,140,60,84.797,,,,,,,,
7.7,571,1500.973,140,60,84.9457,,,,,,,,
7.7,573,1497.921,140,60,85.0951,,,,,,,,
7.7,575,1494.852,140,60,85.245,,,,,,,,
7.7,577,1491.767,140,60,85.3956,,,,,,,,
7.7,579,1488.664,140,60,85.5467,,,,,,,,
7.7,581,1485.543,140,60,85.6985,,,,,,,,
7.7,583,1482.406,140,60,85.8508,,,,,,,,
7.7,585,1479.251,140,60,86.0038,,,,,,,,
7.7,587,1476.078,140,60,86.1573,,,,,,,,
7.7,589,1472.888,140,60,86.3115,,,,,,,,
7.7,591,1469.68,140,60,86.4663,,,,,,,,
7.7,593,1466.454,140,60,86.6216,,,,,,,,
7.7,595,1463.21,140,60,86.7776,,,,,,,,
7.7,597,1459.948,140,60,86.9342,,,,,,,,
7.7,599,1456.667,140,60,87.0914,,,,,,,,
7.7,601,1453.368,140,60,87.2492,,,,,,,,
7.7,603,1450.051,140,60,87.4076,,,,,,,,
7.7,605,1446.715,140,60,87.5666,,,,,,,,
7.7,607,1443.36,140,60,87.7262,,,,,,,,
7.7,609,1439.986,140,60,87.8864,,,,,,,,
7.7,611,1436.593,140,60,88.0472,,,,,,,,
7.7,613,1433.181,140,60,88.2087,,,,,,,,
7.7,615,1429.749,140,60,88.3707,,,,,,,,
7.7,617,1426.299,140,60,88.5334,,,,,,,,
7.7,619,1422.828,140,60,88.6966,,,,,,,,
7.7,621,1419.338,140,60,88.8605,,,,,,,,
7.7,623,1415.827,140,60,89.025,,,,,,,,
7.7,625,1412.297,140,60,89.1901,,,,,,,,
7.7,627,1408.747,140,60,89.3558,,,,,,,,
7.7,629,1405.176,140,60,89.5221,,,,,,,,
7.7,631,1401.585,140,60,89.689,,,,,,,,
7.7,633,1397.973,140,60,89.8566,,,,,,,,
7.7,635,1394.34,140,60,90.0247,,,,,,,,
7.7,637,1390.686,140,60,90.1935,,,,,,,,
7.7,639,1387.011,140,60,90.3629,,,,,,,,
7.7,641,1383.315,140,60,90.5329,,,,,,,,
7.7,643,1379.597,140,60,90.7035,,,,,,,,
7.7,645,1375.857,140,60,90.8747,,,,,,,,
7.7,647,1372.096,140,60,91.0466,,,,,,,,
7.7,649,1368.313,140,60,91.2191,,,,,,,,
7.7,651,1364.507,140,60,91.3921,,,,,,,,
7.7,653,1360.679,140,60,91.5658,,,,,,,,
7.7,655,1356.828,140,60,91.7402,,,,,,,,
7.7,657,1352.955,140,60,91.9151,,,,,,,,
7.7,659,1349.059,140,60,92.0906,,,,,,,,
7.7,661,1345.139,140,60,92.2668,,,,,,,,
7.7,663,1341.196,140,60,92.4436,,,,,,,,
7.7,665,1337.23,140,60,92.621,,,,,,,,
7.7,667,1333.239,140,60,92.7991,,,,,,,,
7.7,669,1329.225,140,60,92.9777,,,,,,,,
7.7,671,1325.187,140,60,93.157,,,,,,,,
7.7,673,1321.124,140,60,93.3369,,,,,,,,
7.7,675,1317.036,140,60,93.5175,,,,,,,,
7.7,677,1312.923,140,60,93.6986,,,,,,,,
7.7,679,1308.785,140,60,93.8804,,,,,,,,
7.7,681,1304.622,140,60,94.0628,,,,,,,,
7.7,683,1300.434,140,60,94.2459,,,,,,,,
7.7,685,1296.219,140,60,94.4295,,,,,,,,
7.7,687,1291.978,140,60,94.6138,,,,,,,,
7.7,689,1287.711,140,60,94.7988,,,,,,,,
7.7,691,1283.417,140,60,94.9843,,,,,,,,
7.7,693,1279.096,140,60,95.1705,,,,,,,,
7.7,695,1274.748,140,60,95.3573,,,,,,,,
7.7,697,1270.373,140,60,95.5448,,,,,,,,
7.7,699,1265.97,140,60,95.7329,,,,,,,,
7.7,701,1261.539,140,60,95.9216,,,,,,,,
7.7,703,1257.079,140,60,96.1109,,,,,,,,
7.7,705,1252.591,140,60,96.3009,,,,,,,,
7.7,707,1248.073,140,60,96.4916,,,,,,,,
7.7,709,1243.527,140,60,96.6828,,,,,,,,
7.7,711,1238.951,140,60,96.8747,,,,,,,,
7.7,713,1234.345,140,60,97.0673,,,,,,,,
7.7,715,1229.709,140,60,97.2605,,,,,,,,
7.7,717,1225.042,140,60,97.4543,,,,,,,,
7.7,719,1220.344,140,60,97.6487,,,,,,,,
7.7,721,1215.615,140,60,97.8439,,,,,,,,
7.7,723,1210.854,140,60,98.0396,,,,,,,,
7.7,725,1206.061,140,60,98.236,,,,,,,,
7.7,727,1201.236,140,60,98.4331,,,,,,,,
7.7,729,1196.378,140,60,98.6308,,,,,,,,
7.7,731,1191.486,140,60,98.8291,,,,,,,,
7.7,733,1186.561,140,60,99.0281,,,,,,,,
7.7,735,1181.602,140,60,99.2278,,,,,,,,
7.7,737,1176.608,140,60,99.4281,,,,,,,,
7.7,739,1171.58,140,60,99.629,,,,,,,,
7.7,741,1166.516,140,60,99.8306,,,,,,,,
7.7,743,1161.416,140,60,100.0329,,,,,,,,
7.7,745,1156.28,140,60,100.2358,,,,,,,,
7.7,747,1151.107,140,60,100.4394,,,,,,,,
7.7,749,1145.897,140,60,100.6436,,,,,,,,
7.7,751,1140.649,140,60,100.8486,,,,,,,,
7.7,753,1135.362,140,60,101.0541,,,,,,,,
7.7,755,1130.037,140,60,101.2604,,,,,,,,
7.7,757,1124.672,140,60,101.4673,,,,,,,,
7.7,759,1119.267,140,60,101.6748,,,,,,,,
7.7,761,1113.822,140,60,101.8831,,,,,,,,
7.7,763,1108.335,140,60,102.092,,,,,,,,
7.7,765,1102.807,140,60,102.3016,,,,,,,,
7.7,767,1097.236,140,60,102.5118,,,,,,,,
7.7,769,1091.622,140,60,102.7227,,,,,,,,
7.7,771,1085.965,140,60,102.9344,,,,,,,,
7.7,773,1080.263,140,60,103.1466,,,,,,,,
7.7,775,1074.515,140,60,103.3596,,,,,,,,
7.7,777,1068.722,140,60,103.5733,,,,,,,,
7.7,779,1062.883,140,60,103.7876,,,,,,,,
7.7,781,1056.995,140,60,104.0026,,,,,,,,
7.7,783,1051.06,140,60,104.2184,,,,,,,,
7.7,785,1045.076,140,60,104.4348,,,,,,,,
7.7,787,1039.042,140,60,104.6519,,,,,,,,
7.7,789,1032.957,140,60,104.8697,,,,,,,,
7.7,791,1026.82,140,60,105.0882,,,,,,,,
7.7,793,1020.631,140,60,105.3074,,,,,,,,
7.7,795,1014.388,140,60,105.5273,,,,,,,,
7.7,797,1008.091,140,60,105.748,,,,,,,,
7.7,799,1001.738,140,60,105.9693,,,,,,,,
7.7,801,995.329,140,60,106.1913,,,,,,,,
7.7,803,988.862,140,60,106.4141,,,,,,,,
7.7,805,982.336,140,60,106.6376,,,,,,,,
7.7,807,975.75,140,60,106.8618,,,,,,,,
7.7,809,969.102,140,60,107.0867,,,,,,,,
7.7,811,962.393,140,60,107.3124,,,,,,,,
7.7,813,955.619,140,60,107.5388,,,,,,,,
7.7,815,948.78,140,60,107.7659,,,,,,,,
7.7,817,941.874,140,60,107.9938,,,,,,,,
7.7,819,934.901,140,60,108.2224,,,,,,,,
7.7,821,927.857,140,60,108.4517,,,,,,,,
7.7,823,920.743,140,60,108.6818,,,,,,,,
7.7,825,913.555,140,60,108.9127,,,,,,,,
7.7,827,906.293,140,60,109.1443,,,,,,,,
7.7,829,898.955,140,60,109.3767,,,,,,,,
7.7,831,891.538,140,60,109.6099,,,,,,,,
7.7,833,884.04,140,60,109.8439,,,,,,,,
7.7,835,876.461,140,60,110.0786,,,,,,,,
7.7,837,868.797,140,60,110.3141,,,,,,,,
7.7,839,861.046,140,60,110.5504,,,,,,,,
7.7,841,853.205,140,60,110.7875,,,,,,,,
7.7,843,845.274,140,60,111.0254,,,,,,,,
7.7,845,837.248,140,60,111.2642,,,,,,,,
7.7,847,829.125,140,60,111.5037,,,,,,,,
7.7,849,820.902,140,60,111.7441,,,,,,,,
7.7,851,812.576,140,60,111.9853,,,,,,,,
7.7,853,804.144,140,60,112.2274,,,,,,,,
7.7,855,795.603,140,60,112.4703,,,,,,,,
7.7,857,786.948,140,60,112.714,,,,,,,,
7.7,859,778.177,140,60,112.9587,,,,,,,,
7.7,861,769.285,140,60,113.2042,,,,,,,,
7.7,863,760.268,140,60,113.4506,,,,,,,,
7.7,865,751.121,140,60,113.698,,,,,,,,
7.7,867,741.841,140,60,113.9462,,,,,,,,
7.7,869,732.42,140,60,114.1954,,,,,,,,
7.7,871,722.855,140,60,114.4455,,,,,,,,
7.7,873,713.139,140,60,114.6966,,,,,,,,
7.7,875,703.266,140,60,114.9486,,,,,,,,
7.7,877,693.23,140,60,115.2017,,,,,,,,
7.7,879,683.022,140,60,115.4558,,,,,,,,
7.7,881,672.636,140,60,115.7109,,,,,,,,
7.7,883,662.063,140,60,115.967,,,,,,,,
7.7,885,651.294,140,60,116.2242,,,,,,,,
7.7,887,640.318,140,60,116.4826,,,,,,,,
7.7,889,629.126,140,60,116.742,,,,,,,,
7.7,891,617.705,140,60,117.0026,,,,,,,,
7.7,893,606.042,140,60,117.2644,,,,,,,,
7.7,895,594.124,140,60,117.5275,,,,,,,,
7.7,897,581.934,140,60,117.7918,,,,,,,,
7.7,899,569.455,140,60,118.0574,,,,,,,,
7.7,901,556.668,140,60,118.3244,,,,,,,,
7.7,903,543.551,140,60,118.5928,,,,,,,,
7.7,905,530.079,140,60,118.8627,,,,,,,,
7.7,907,516.224,140,60,119.1341,,,,,,,,
7.7,909,501.956,140,60,119.4071,,,,,,,,
7.7,911,487.237,140,60,119.6819,,,,,,,,
7.7,913,472.025,140,60,119.9585,,,,,,,,
7.7,915,456.271,140,60,120.2371,,,,,,,,
7.7,917,439.918,140,60,120.5177,,,,,,,,
7.7,919,422.894,140,60,120.8007,,,,,,,,
7.7,921,405.117,140,60,121.0861,,,,,,,,
7.7,923,386.481,140,60,121.3742,,,,,,,,
7.7,925,366.856,140,60,121.6654,,,,,,,,
7.7,927,346.074,140,60,121.9601,,,,,,,,
7.7,929,323.913,140,60,122.2589,,,,,,,,
7.7,931,300.066,140,60,122.5624,,,,,,,,
7.7,933,274.094,140,60,122.8718,,,,,,,,
7.7,935,245.323,140,60,123.1888,,,,,,,,
7.7,937,212.62,140,60,123.5162,,,,,,,,
7.7,939,173.78,140,60,123.8593,,,,,,,,
7.7,941,123.124,140,60,124.2323,,,,,,,,
8.2,429,1487.528,135,60,80.991,,,,,,,,
8.2,431,1485.214,135,60,81.1067,,,,,,,,
8.2,433,1482.885,135,60,81.2231,,,,,,,,
8.2,435,1480.542,135,60,81.3401,,,,,,,,
8.2,437,1478.184,135,60,81.4578,,,,,,,,
8.2,439,1475.811,135,60,81.5761,,,,,,,,
8.2,441,1473.424,135,60,81.695,,,,,,,,
8.2,443,1471.023,140,60,81.7305,,,,,,,,
8.2,445,1468.606,140,60,81.8505,,,,,,,,
8.2,447,1466.174,140,60,81.9711,,,,,,,,
8.2,449,1463.728,140,60,82.0923,,,,,,,,
8.2,451,1461.266,140,60,82.2142,,,,,,,,
8.2,453,1458.79,140,60,82.3368,,,,,,,,
8.2,455,1456.298,140,60,82.4599,,,,,,,,
8.2,457,1453.791,140,60,82.5837,,,,,,,,
8.2,459,1451.268,140,60,82.7082,,,,,,,,
8.2,461,1448.73,140,60,82.8332,,,,,,,,
8.2,463,1446.177,140,60,82.959,,,,,,,,
8.2,465,1443.608,140,60,83.0853,,,,,,,,
8.2,467,1441.023,140,60,83.2123,,,,,,,,
8.2,469,1438.422,140,60,83.3399,,,,,,,,
8.2,471,1435.806,140,60,83.4682,,,,,,,,
8.2,473,1433.174,140,60,83.5971,,,,,,,,
8.2,475,1430.525,140,60,83.7267,,,,,,,,
8.2,477,1427.861,140,60,83.8569,,,,,,,,
8.2,479,1425.18,140,60,83.9877,,,,,,,,
8.2,481,1422.483,140,60,84.1192,,,,,,,,
8.2,483,1419.77,140,60,84.2513,,,,,,,,
8.2,485,1417.04,140,60,84.384,,,,,,,,
8.2,487,1414.294,140,60,84.5174,,,,,,,,
8.2,489,1411.531,140,60,84.6515,,,,,,,,
8.2,491,1408.751,140,60,84.7861,,,,,,,,
8.2,493,1405.954,140,60,84.9215,,,,,,,,
8.2,495,1403.14,140,60,85.0574,,,,,,,,
8.2,497,1400.31,140,60,85.1941,,,,,,,,
8.2,499,1397.462,140,60,85.3313,,,,,,,,
8.2,501,1394.596,140,60,85.4692,,,,,,,,
8.2,503,1391.714,140,60,85.6078,,,,,,,,
8.2,505,1388.814,140,60,85.747,,,,,,,,
8.2,507,1385.896,140,60,85.8868,,,,,,,,
8.2,509,1382.96,140,60,86.0273,,,,,,,,
8.2,511,1380.007,140,60,86.1684,,,,,,,,
8.2,513,1377.036,140,60,86.3102,,,,,,,,
8.2,515,1374.046,140,60,86.4526,,,,,,,,
8.2,517,1371.039,140,60,86.5957,,,,,,,,
8.2,519,1368.013,140,60,86.7394,,,,,,,,
8.2,521,1364.969,140,60,86.8837,,,,,,,,
8.2,523,1361.906,140,60,87.0288,,,,,,,,
8.2,525,1358.824,140,60,87.1744,,,,,,,,
8.2,527,1355.724,140,60,87.3207,,,,,,,,
8.2,529,1352.605,140,60,87.4677,,,,,,,,
8.2,531,1349.466,140,60,87.6153,,,,,,,,
8.2,533,1346.309,140,60,87.7636,,,,,,,,
8.2,535,1343.132,140,60,87.9125,,,,,,,,
8.2,537,1339.936,140,60,88.0621,,,,,,,,
8.2,539,1336.72,140,60,88.2123,,,,,,,,
8.2,541,1333.484,140,60,88.3631,,,,,,,,
8.2,543,1330.228,140,60,88.5147,,,,,,,,
8.2,545,1326.953,140,60,88.6668,,,,,,,,
8.2,547,1323.657,140,60,88.8197,,,,,,,,
8.2,549,1320.341,140,60,88.9732,,,,,,,,
8.2,551,1317.004,140,60,89.1273,,,,,,,,
8.2,553,1313.647,140,60,89.2821,,,,,,,,
8.2,555,1310.268,140,60,89.4375,,,,,,,,
8.2,557,1306.869,140,60,89.5936,,,,,,,,
8.2,559,1303.449,140,60,89.7504,,,,,,,,
8.2,561,1300.007,140,60,89.9078,,,,,,,,
8.2,563,1296.544,140,60,90.0659,,,,,,,,
8.2,565,1293.06,140,60,90.2246,,,,,,,,
8.2,567,1289.553,140,60,90.384,,,,,,,,
8.2,569,1286.025,140,60,90.5441,,,,,,,,
8.2,571,1282.474,140,60,90.7048,,,,,,,,
8.2,573,1278.901,140,60,90.8662,,,,,,,,
8.2,575,1275.305,140,60,91.0282,,,,,,,,
8.2,577,1271.687,140,60,91.1909,,,,,,,,
8.2,579,1268.045,140,60,91.3543,,,,,,,,
8.2,581,1264.381,140,60,91.5183,,,,,,,,
8.2,583,1260.693,140,60,91.683,,,,,,,,
8.2,585,1256.982,140,60,91.8484,,,,,,,,
8.2,587,1253.247,140,60,92.0144,,,,,,,,
8.2,589,1249.488,140,60,92.1811,,,,,,,,
8.2,591,1245.704,140,60,92.3484,,,,,,,,
8.2,593,1241.897,140,60,92.5165,,,,,,,,
8.2,595,1238.064,140,60,92.6852,,,,,,,,
8.2,597,1234.207,140,60,92.8545,,,,,,,,
8.2,599,1230.325,140,60,93.0245,,,,,,,,
8.2,601,1226.417,140,60,93.1952,,,,,,,,
8.2,603,1222.484,140,60,93.3666,,,,,,,,
8.2,605,1218.525,140,60,93.5386,,,,,,,,
8.2,607,1214.54,140,60,93.7114,,,,,,,,
8.2,609,1210.528,140,60,93.8847,,,,,,,,
8.2,611,1206.49,140,60,94.0588,,,,,,,,
8.2,613,1202.426,140,60,94.2335,,,,,,,,
8.2,615,1198.334,140,60,94.4089,,,,,,,,
8.2,617,1194.214,140,60,94.585,,,,,,,,
8.2,619,1190.067,140,60,94.7618,,,,,,,,
8.2,621,1185.892,140,60,94.9392,,,,,,,,
8.2,623,1181.688,140,60,95.1174,,,,,,,,
8.2,625,1177.456,140,60,95.2962,,,,,,,,
8.2,627,1173.195,140,60,95.4757,,,,,,,,
8.2,629,1168.905,140,60,95.6558,,,,,,,,
8.2,631,1164.585,140,60,95.8367,,,,,,,,
8.2,633,1160.236,140,60,96.0182,,,,,,,,
8.2,635,1155.856,140,60,96.2004,,,,,,,,
8.2,637,1151.446,140,60,96.3833,,,,,,,,
8.2,639,1147.004,140,60,96.5669,,,,,,,,
8.2,641,1142.532,140,60,96.7512,,,,,,,,
8.2,643,1138.028,140,60,96.9362,,,,,,,,
8.2,645,1133.492,140,60,97.1218,,,,,,,,
8.2,647,1128.923,140,60,97.3082,,,,,,,,
8.2,649,1124.322,140,60,97.4953,,,,,,,,
8.2,651,1119.687,140,60,97.683,,,,,,,,
8.2,653,1115.019,140,60,97.8714,,,,,,,,
8.2,655,1110.317,140,60,98.0606,,,,,,,,
8.2,657,1105.58,140,60,98.2504,,,,,,,,
8.2,659,1100.808,140,60,98.4409,,,,,,,,
8.2,661,1096.001,140,60,98.6322,,,,,,,,
8.2,663,1091.159,140,60,98.8241,,,,,,,,
8.2,665,1086.28,140,60,99.0167,,,,,,,,
8.2,667,1081.364,140,60,99.2101,,,,,,,,
8.2,669,1076.41,140,60,99.4041,,,,,,,,
8.2,671,1071.419,140,60,99.5989,,,,,,,,
8.2,673,1066.39,140,60,99.7944,,,,,,,,
8.2,675,1061.321,140,60,99.9905,,,,,,,,
8.2,677,1056.214,140,60,100.1874,,,,,,,,
8.2,679,1051.066,140,60,100.385,,,,,,,,
8.2,681,1045.877,140,60,100.5834,,,,,,,,
8.2,683,1040.647,140,60,100.7824,,,,,,,,
8.2,685,1035.376,140,60,100.9822,,,,,,,,
8.2,687,1030.062,140,60,101.1827,,,,,,,,
8.2,689,1024.704,140,60,101.3839,,,,,,,,
8.2,691,1019.303,140,60,101.5858,,,,,,,,
8.2,693,1013.858,140,60,101.7885,,,,,,,,
8.2,695,1008.367,140,60,101.9919,,,,,,,,
8.2,697,1002.83,140,60,102.196,,,,,,,,
8.2,699,997.246,140,60,102.4009,,,,,,,,
8.2,701,991.614,140,60,102.6065,,,,,,,,
8.2,703,985.935,140,60,102.8128,,,,,,,,
8.2,705,980.206,140,60,103.0199,,,,,,,,
8.2,707,974.427,140,60,103.2277,,,,,,,,
8.2,709,968.597,140,60,103.4363,,,,,,,,
8.2,711,962.714,140,60,103.6456,,,,,,,,
8.2,713,956.78,140,60,103.8557,,,,,,,,
8.2,715,950.791,140,60,104.0665,,,,,,,,
8.2,717,944.747,140,60,104.2781,,,,,,,,
8.2,719,938.648,140,60,104.4904,,,,,,,,
8.2,721,932.491,140,60,104.7035,,,,,,,,
8.2,723,926.276,140,60,104.9174,,,,,,,,
8.2,725,920.002,140,60,105.1321,,,,,,,,
8.2,727,913.667,140,60,105.3475,,,,,,,,
8.2,729,907.27,140,60,105.5637,,,,,,,,
8.2,731,900.81,140,60,105.7807,,,,,,,,
8.2,733,894.286,140,60,105.9985,,,,,,,,
8.2,735,887.695,140,60,106.217,,,,,,,,
8.2,737,881.038,140,60,106.4364,,,,,,,,
8.2,739,874.311,140,60,106.6566,,,,,,,,
8.2,741,867.513,140,60,106.8775,,,,,,,,
8.2,743,860.643,140,60,107.0993,,,,,,,,
8.2,745,853.7,140,60,107.3219,,,,,,,,
8.2,747,846.68,140,60,107.5453,,,,,,,,
8.2,749,839.583,140,60,107.7695,,,,,,,,
8.2,751,832.406,140,60,107.9946,,,,,,,,
8.2,753,825.147,140,60,108.2204,,,,,,,,
8.2,755,817.804,140,60,108.4472,,,,,,,,
8.2,757,810.375,140,60,108.6747,,,,,,,,
8.2,759,802.857,140,60,108.9032,,,,,,,,
8.2,761,795.248,140,60,109.1325,,,,,,,,
8.2,763,787.545,140,60,109.3626,,,,,,,,
8.2,765,779.746,140,60,109.5937,,,,,,,,
8.2,767,771.847,140,60,109.8256,,,,,,,,
8.2,769,763.845,140,60,110.0584,,,,,,,,
8.2,771,755.738,140,60,110.2921,,,,,,,,
8.2,773,747.521,140,60,110.5268,,,,,,,,
8.2,775,739.191,140,60,110.7623,,,,,,,,
8.2,777,730.744,140,60,110.9988,,,,,,,,
8.2,779,722.177,140,60,111.2363,,,,,,,,
8.2,781,713.484,140,60,111.4747,,,,,,,,
8.2,783,704.661,140,60,111.714,,,,,,,,
8.2,785,695.703,140,60,111.9544,,,,,,,,
8.2,787,686.606,140,60,112.1957,,,,,,,,
8.2,789,677.362,140,60,112.4381,,,,,,,,
8.2,791,667.966,140,60,112.6815,,,,,,,,
8.2,793,658.413,140,60,112.9259,,,,,,,,
8.2,795,648.693,140,60,113.1714,,,,,,,,
8.2,797,638.801,140,60,113.418,,,,,,,,
8.2,799,628.728,140,60,113.6657,,,,,,,,
8.2,801,618.465,140,60,113.9145,,,,,,,,
8.2,803,608.003,140,60,114.1645,,,,,,,,
8.2,805,597.33,140,60,114.4157,,,,,,,,
8.2,807,586.436,140,60,114.6681,,,,,,,,
8.2,809,575.308,140,60,114.9218,,,,,,,,
8.2,811,563.932,140,60,115.1767,,,,,,,,
8.2,813,552.293,140,60,115.433,,,,,,,,
8.2,815,540.373,140,60,115.6907,,,,,,,,
8.2,817,528.155,140,60,115.9498,,,,,,,,
8.2,819,515.615,140,60,116.2104,,,,,,,,
8.2,821,502.732,140,60,116.4725,,,,,,,,
8.2,823,489.476,140,60,116.7363,,,,,,,,
8.2,825,475.818,140,60,117.0018,,,,,,,,
8.2,827,461.722,140,60,117.2691,,,,,,,,
8.2,829,447.146,140,60,117.5383,,,,,,,,
8.2,831,432.041,140,60,117.8095,,,,,,,,
8.2,833,416.35,140,60,118.083,,,,,,,,
8.2,835,400.004,140,60,118.3588,,,,,,,,
8.2,837,382.919,140,60,118.6373,,,,,,,,
8.2,839,364.992,140,60,118.9186,,,,,,,,
8.2,841,346.091,140,60,119.2032,,,,,,,,
8.2,843,326.048,140,60,119.4915,,,,,,,,
8.2,845,304.636,140,60,119.784,,,,,,,,
8.2,847,281.544,140,60,120.0817,,,,,,,,
8.2,849,256.319,140,60,120.3856,,,,,,,,
8.2,851,228.252,140,60,120.6977,,,,,,,,
8.2,853,196.131,140,60,121.0212,,,,,,,,
8.2,855,157.49,140,60,121.3626,,,,,,,,
8.2,857,105.391,140,60,121.74,,,,,,,,
