fov,sep,width,vel,dps,foot,,,,,,,,
1.2,3384,6363.251,100,20,123.7066,,,,,,,,
1.2,3386,6358.994,100,20,123.8467,,,,,,,,
1.2,3388,6354.732,100,20,123.9869,,,,,,,,
1.2,3390,6350.464,100,20,124.1272,,,,,,,,
1.2,3392,6346.191,100,20,124.2676,,,,,,,,
1.2,3394,6341.912,100,20,124.4081,,,,,,,,
1.2,3396,6337.628,100,20,124.5486,,,,,,,,
1.2,3398,6333.339,100,20,124.6893,,,,,,,,
1.2,3400,6329.044,100,20,124.83,,,,,,,,
1.2,3402,6324.743,100,20,124.9709,,,,,,,,
1.2,3404,6320.437,100,20,125.1118,,,,,,,,
1.2,3406,6316.126,100,20,125.2528,,,,,,,,
1.2,3416,6294.487,100,20,125.9591,,,,,,,,
1.2,3418,6290.143,100,20,126.1007,,,,,,,,
1.2,3420,6285.793,100,20,126.2423,,,,,,,,
1.2,3422,6281.438,100,20,126.384,,,,,,,,
1.2,3424,6277.076,100,20,126.5258,,,,,,,,
1.2,3426,6272.71,100,20,126.6677,,,,,,,,
1.2,3428,6268.338,100,20,126.8097,,,,,,,,
1.2,3430,6263.96,100,20,126.9518,,,,,,,,
1.2,3432,6259.576,100,20,127.0939,,,,,,,,
1.2,3434,6255.187,105,20,127.0274,,,,,,,,
1.2,3436,6250.793,105,20,127.1698,,,,,,,,
1.2,3438,6246.392,105,20,127.3123,,,,,,,,
1.2,3440,6241.986,105,20,127.4549,,,,,,,,
1.2,3442,6237.575,105,20,127.5975,,,,,,,,
1.2,3444,6233.157,105,20,127.7403,,,,,,,,
1.2,3452,6215.431,100,20,128.5205,,,,,,,,
1.2,3454,6210.985,105,20,128.4554,,,,,,,,
1.2,3456,6206.533,105,20,128.5987,,,,,,,,
1.2,3458,6202.075,105,20,128.7421,,,,,,,,
1.2,3460,6197.612,105,20,128.8855,,,,,,,,
1.2,3462,6193.143,105,20,129.0291,,,,,,,,
1.2,3464,6188.668,105,20,129.1728,,,,,,,,
1.2,3466,6184.187,105,20,129.3165,,,,,,,,
1.2,3468,6179.7,105,20,129.4603,,,,,,,,
1.2,3470,6175.208,105,20,129.6042,,,,,,,,
1.2,3472,6170.71,105,20,129.7483,,,,,,,,
1.2,3474,6166.205,105,20,129.8924,,,,,,,,
1.2,3476,6161.695,105,20,130.0365,,,,,,,,
1.2,3478,6157.179,105,20,130.1808,,,,,,,,
1.2,3488,6134.51,100,20,131.1107,,,,,,,,
1.2,3490,6129.959,110,20,130.8413,,,,,,,,
1.2,3492,6125.401,110,20,130.9862,,,,,,,,
1.2,3494,6120.837,110,20,131.1313,,,,,,,,
1.2,3496,6116.268,110,20,131.2765,,,,,,,,
1.2,3498,6111.692,110,20,131.4217,,,,,,,,
1.2,3500,6107.11,110,20,131.567,,,,,,,,
1.2,3502,6102.522,110,20,131.7125,,,,,,,,
1.2,3504,6097.928,110,20,131.858,,,,,,,,
1.2,3506,6093.328,110,20,132.0036,,,,,,,,
1.2,3508,6088.722,110,20,132.1493,,,,,,,,
1.2,3510,6084.11,110,20,132.2951,,,,,,,,
1.2,3512,6079.492,110,20,132.4409,,,,,,,,
1.2,3514,6074.867,110,20,132.5869,,,,,,,,
1.2,3518,6065.599,100,18,132.8333,,,,,,,,
1.2,3520,6060.956,100,18,132.9796,,,,,,,,
1.2,3522,6056.307,100,20,133.5836,,,,,,,,
1.2,3524,6051.652,110,20,133.3181,,,,,,,,
1.2,3526,6046.99,110,20,133.4646,,,,,,,,
1.2,3528,6042.322,115,20,133.4054,,,,,,,,
1.2,3530,6037.648,115,20,133.5521,,,,,,,,
1.2,3532,6032.968,115,20,133.699,,,,,,,,
1.2,3534,6028.281,115,20,133.8459,,,,,,,,
1.2,3536,6023.588,115,20,133.993,,,,,,,,
1.2,3538,6018.888,115,20,134.1401,,,,,,,,
1.2,3540,6014.183,115,20,134.2873,,,,,,,,
1.2,3542,6009.471,115,20,134.4346,,,,,,,,
1.2,3544,6004.752,115,20,134.582,,,,,,,,
1.2,3546,6000.027,115,20,134.7295,,,,,,,,
1.2,3548,5995.296,115,20,134.8771,,,,,,,,
1.2,3550,5990.559,115,20,135.0248,,,,,,,,
1.2,3552,5985.815,105,18,135.1042,,,,,,,,
1.2,3554,5981.064,105,18,135.2521,,,,,,,,
1.2,3556,5976.307,105,18,135.4001,,,,,,,,
1.2,3558,5971.544,105,20,136.0257,,,,,,,,
1.2,3560,5966.774,115,20,135.7645,,,,,,,,
1.2,3562,5961.998,115,20,135.9127,,,,,,,,
1.2,3564,5957.215,115,20,136.0611,,,,,,,,
1.2,3566,5952.425,115,20,136.2095,,,,,,,,
1.2,3568,5947.63,115,20,136.358,,,,,,,,
1.2,3570,5942.827,115,20,136.5065,,,,,,,,
1.2,3572,5938.018,120,20,136.451,,,,,,,,
1.2,3574,5933.202,120,20,136.5999,,,,,,,,
1.2,3576,5928.38,120,20,136.7488,,,,,,,,
1.2,3578,5923.551,120,20,136.8978,,,,,,,,
1.2,3580,5918.715,120,20,137.047,,,,,,,,
1.2,3582,5913.873,120,20,137.1962,,,,,,,,
1.2,3584,5909.024,120,20,137.3455,,,,,,,,
1.2,3586,5904.169,105,18,137.6306,,,,,,,,
1.2,3588,5899.306,105,18,137.7801,,,,,,,,
1.2,3590,5894.437,110,18,137.7035,,,,,,,,
1.2,3592,5889.562,110,20,138.3503,,,,,,,,
1.2,3594,5884.679,115,20,138.2967,,,,,,,,
1.2,3596,5879.79,120,20,138.2433,,,,,,,,
1.2,3598,5874.894,120,20,138.3932,,,,,,,,
1.2,3600,5869.991,120,20,138.5433,,,,,,,,
1.2,3602,5865.081,120,20,138.6934,,,,,,,,
1.2,3604,5860.165,120,20,138.8436,,,,,,,,
1.2,3606,5855.241,120,20,138.9939,,,,,,,,
1.2,3608,5850.311,120,20,139.1443,,,,,,,,
1.2,3610,5845.374,120,20,139.2949,,,,,,,,
1.2,3612,5840.43,125,20,139.2429,,,,,,,,
1.2,3614,5835.478,125,20,139.3937,,,,,,,,
1.2,3616,5830.52,125,20,139.5445,,,,,,,,
1.2,3618,5825.556,125,20,139.6955,,,,,,,,
1.2,3620,5820.584,125,20,139.8465,,,,,,,,
1.2,3622,5815.605,110,18,140.11,,,,,,,,
1.2,3624,5810.619,110,18,140.2612,,,,,,,,
1.2,3626,5805.626,110,20,140.9058,,,,,,,,
1.2,3628,5800.626,120,20,140.6535,,,,,,,,
1.2,3630,5795.618,125,20,140.6032,,,,,,,,
1.2,3632,5790.604,125,20,140.7548,,,,,,,,
1.2,3634,5785.583,125,20,140.9065,,,,,,,,
1.2,3636,5780.554,125,20,141.0583,,,,,,,,
1.2,3638,5775.519,125,20,141.2102,,,,,,,,
1.2,3640,5770.476,125,20,141.3622,,,,,,,,
1.2,3642,5765.426,125,20,141.5143,,,,,,,,
1.2,3644,5760.369,125,20,141.6664,,,,,,,,
1.2,3646,5755.304,125,20,141.8187,,,,,,,,
1.2,3648,5750.233,125,20,141.971,,,,,,,,
1.2,3650,5745.154,125,20,142.1235,,,,,,,,
1.2,3652,5740.068,130,20,142.0753,,,,,,,,
1.2,3654,5734.974,130,20,142.228,,,,,,,,
1.2,3656,5729.873,115,18,142.47,,,,,,,,
1.2,3658,5724.765,115,18,142.6228,,,,,,,,
1.2,3660,5719.65,120,20,143.0874,,,,,,,,
1.2,3662,5714.527,125,20,143.0401,,,,,,,,
1.2,3664,5709.397,130,20,142.993,,,,,,,,
1.2,3666,5704.259,130,20,143.1463,,,,,,,,
1.2,3668,5699.114,130,20,143.2997,,,,,,,,
1.2,3670,5693.961,130,20,143.4532,,,,,,,,
1.2,3672,5688.801,130,20,143.6068,,,,,,,,
1.2,3674,5683.633,130,20,143.7604,,,,,,,,
1.2,3676,5678.458,130,20,143.9142,,,,,,,,
1.2,3678,5673.276,130,20,144.068,,,,,,,,
1.2,3680,5668.085,130,20,144.222,,,,,,,,
1.2,3682,5662.888,130,20,144.376,,,,,,,,
1.2,3684,5657.682,130,20,144.5301,,,,,,,,
1.2,3686,5652.469,130,20,144.6844,,,,,,,,
1.2,3688,5647.249,120,18,144.706,,,,,,,,
1.2,3690,5642.02,120,18,144.8605,,,,,,,,
1.2,3692,5636.784,120,18,145.0151,,,,,,,,
1.2,3694,5631.541,125,20,145.5008,,,,,,,,
1.2,3696,5626.289,135,20,145.2583,,,,,,,,
1.2,3698,5621.03,135,20,145.4132,,,,,,,,
1.2,3700,5615.763,135,20,145.5682,,,,,,,,
1.2,3702,5610.488,135,20,145.7233,,,,,,,,
1.2,3704,5605.206,135,20,145.8785,,,,,,,,
1.2,3706,5599.915,135,20,146.0338,,,,,,,,
1.2,3708,5594.617,135,20,146.1891,,,,,,,,
1.2,3710,5589.311,135,20,146.3446,,,,,,,,
1.2,3712,5583.997,135,20,146.5001,,,,,,,,
1.2,3714,5578.674,135,20,146.6558,,,,,,,,
1.2,3716,5573.345,135,20,146.8115,,,,,,,,
1.2,3718,5568.007,135,20,146.9674,,,,,,,,
1.2,3720,5562.661,125,18,146.9699,,,,,,,,
1.2,3722,5557.307,125,18,147.126,,,,,,,,
1.2,3724,5551.945,125,18,147.2822,,,,,,,,
1.2,3726,5546.575,130,20,147.7886,,,,,,,,
1.2,3728,5541.196,140,20,147.5512,,,,,,,,
1.2,3730,5535.81,140,20,147.7077,,,,,,,,
1.2,3732,5530.416,140,20,147.8643,,,,,,,,
1.2,3734,5525.013,140,20,148.021,,,,,,,,
1.2,3736,5519.602,140,20,148.1778,,,,,,,,
1.2,3738,5514.183,140,20,148.3347,,,,,,,,
1.2,3740,5508.756,140,20,148.4917,,,,,,,,
1.2,3742,5503.321,140,20,148.6488,,,,,,,,
1.2,3744,5497.877,140,20,148.806,,,,,,,,
1.2,3746,5492.425,140,20,148.9633,,,,,,,,
1.2,3748,5486.964,140,20,149.1207,,,,,,,,
1.2,3750,5481.496,140,20,149.2782,,,,,,,,
1.2,3752,5476.018,130,18,149.262,,,,,,,,
1.2,3754,5470.533,130,18,149.4198,,,,,,,,
1.2,3756,5465.039,120,20,150.5313,,,,,,,,
1.2,3758,5459.536,130,20,150.299,,,,,,,,
1.2,3760,5454.025,140,20,150.067,,,,,,,,
1.2,3762,5448.506,140,20,150.225,,,,,,,,
1.2,3764,5442.978,140,20,150.3832,,,,,,,,
1.2,3766,5437.441,140,20,150.5414,,,,,,,,
1.2,3768,5431.896,140,20,150.6998,,,,,,,,
1.2,3770,5426.343,140,20,150.8582,,,,,,,,
1.2,3772,5420.78,140,20,151.0167,,,,,,,,
1.2,3774,5415.209,140,20,151.1754,,,,,,,,
1.2,3776,5409.629,140,20,151.3341,,,,,,,,
1.2,3778,5404.041,140,20,151.4929,,,,,,,,
1.2,3780,5398.444,140,20,151.6518,,,,,,,,
1.2,3782,5392.838,140,20,151.8108,,,,,,,,
1.2,3784,5387.223,110,18,152.6572,,,,,,,,
1.2,3786,5381.599,120,18,152.3868,,,,,,,,
1.2,3788,5375.967,130,20,152.6746,,,,,,,,
1.2,3790,5370.325,140,20,152.4478,,,,,,,,
1.2,3792,5364.675,140,20,152.6073,,,,,,,,
1.2,3794,5359.016,140,20,152.7669,,,,,,,,
1.2,3796,5353.347,140,20,152.9266,,,,,,,,
1.2,3798,5347.67,140,20,153.0863,,,,,,,,
1.2,3800,5341.984,140,20,153.2462,,,,,,,,
1.2,3802,5336.289,140,20,153.4062,,,,,,,,
1.2,3804,5330.584,140,20,153.5663,,,,,,,,
1.2,3806,5324.871,140,20,153.7264,,,,,,,,
1.2,3808,5319.148,140,20,153.8867,,,,,,,,
1.2,3810,5313.416,140,20,154.047,,,,,,,,
1.2,3812,5307.675,140,20,154.2075,,,,,,,,
1.2,3814,5301.925,125,18,154.4106,,,,,,,,
1.2,3816,5296.166,135,18,154.1459,,,,,,,,
1.2,3818,5290.397,135,18,154.307,,,,,,,,
1.2,3820,5284.619,140,20,154.8503,,,,,,,,
1.2,3822,5278.831,140,20,155.0112,,,,,,,,
1.2,3824,5273.034,140,20,155.1722,,,,,,,,
1.2,3826,5267.228,140,20,155.3334,,,,,,,,
1.2,3828,5261.412,140,20,155.4946,,,,,,,,
1.2,3830,5255.587,140,20,155.6559,,,,,,,,
1.2,3832,5249.752,140,20,155.8173,,,,,,,,
1.2,3834,5243.908,140,20,155.9789,,,,,,,,
1.2,3836,5238.054,140,20,156.1405,,,,,,,,
1.2,3838,5232.19,140,20,156.3022,,,,,,,,
1.2,3840,5226.317,140,20,156.464,,,,,,,,
1.2,3842,5220.435,140,20,156.6259,,,,,,,,
1.2,3844,5214.542,140,18,156.1985,,,,,,,,
1.2,3846,5208.64,140,18,156.3611,,,,,,,,
1.2,3848,5202.728,140,18,156.5238,,,,,,,,
1.2,3850,5196.806,140,20,157.2745,,,,,,,,
1.2,3852,5190.874,140,20,157.4369,,,,,,,,
1.2,3854,5184.933,140,20,157.5994,,,,,,,,
1.2,3856,5178.981,140,20,157.762,,,,,,,,
1.2,3858,5173.02,140,20,157.9247,,,,,,,,
1.2,3860,5167.049,140,20,158.0874,,,,,,,,
1.2,3862,5161.067,140,20,158.2503,,,,,,,,
1.2,3864,5155.076,140,20,158.4133,,,,,,,,
1.2,3866,5149.075,140,20,158.5764,,,,,,,,
1.2,3868,5143.063,140,20,158.7395,,,,,,,,
1.2,3870,5137.041,140,20,158.9028,,,,,,,,
1.2,3872,5131.009,140,18,158.4833,,,,,,,,
1.2,3874,5124.967,140,18,158.6473,,,,,,,,
1.2,3876,5118.915,140,18,158.8113,,,,,,,,
1.2,3878,5112.852,140,18,158.9754,,,,,,,,
1.2,3880,5106.779,140,20,159.7206,,,,,,,,
1.2,3882,5100.696,140,20,159.8845,,,,,,,,
1.2,3884,5094.602,140,20,160.0485,,,,,,,,
1.2,3886,5088.498,140,20,160.2125,,,,,,,,
1.2,3888,5082.383,140,20,160.3767,,,,,,,,
1.2,3890,5076.258,140,20,160.5409,,,,,,,,
1.2,3892,5070.122,140,20,160.7053,,,,,,,,
1.2,3894,5063.976,140,20,160.8697,,,,,,,,
1.2,3896,5057.819,140,20,161.0343,,,,,,,,
1.2,3898,5051.651,140,20,161.1989,,,,,,,,
1.2,3900,5045.473,140,20,161.3637,,,,,,,,
1.2,3902,5039.283,140,18,160.953,,,,,,,,
1.2,3904,5033.083,140,18,161.1184,,,,,,,,
1.2,3906,5026.873,140,18,161.2839,,,,,,,,
1.2,3908,5020.651,140,20,162.0236,,,,,,,,
1.2,3910,5014.419,140,20,162.1889,,,,,,,,
1.2,3912,5008.175,140,20,162.3542,,,,,,,,
1.2,3914,5001.921,140,20,162.5196,,,,,,,,
1.2,3916,4995.655,140,20,162.6852,,,,,,,,
1.2,3918,4989.378,140,20,162.8508,,,,,,,,
1.2,3920,4983.091,140,20,163.0165,,,,,,,,
1.2,3922,4976.792,140,20,163.1823,,,,,,,,
1.2,3924,4970.482,140,20,163.3483,,,,,,,,
1.2,3926,4964.16,140,20,163.5143,,,,,,,,
1.2,3928,4957.828,140,20,163.6804,,,,,,,,
1.2,3930,4951.484,140,18,163.2783,,,,,,,,
1.2,3932,4945.129,140,18,163.4452,,,,,,,,
1.2,3934,4938.762,140,18,163.6122,,,,,,,,
1.2,3936,4932.384,140,20,164.3459,,,,,,,,
1.2,3938,4925.994,140,20,164.5126,,,,,,,,
1.2,3940,4919.593,140,20,164.6793,,,,,,,,
1.2,3942,4913.18,140,20,164.8461,,,,,,,,
1.2,3944,4906.755,140,20,165.013,,,,,,,,
1.2,3946,4900.319,140,20,165.1801,,,,,,,,
1.2,3948,4893.871,140,20,165.3472,,,,,,,,
1.2,3950,4887.412,140,20,165.5144,,,,,,,,
1.2,3952,4880.94,140,20,165.6817,,,,,,,,
1.2,3954,4874.457,140,20,165.8491,,,,,,,,
1.2,3956,4867.961,140,20,166.0167,,,,,,,,
1.2,3958,4861.454,140,18,165.6236,,,,,,,,
1.2,3960,4854.935,140,18,165.7918,,,,,,,,
1.2,3962,4848.404,140,18,165.9602,,,,,,,,
1.2,3964,4841.86,140,20,166.6878,,,,,,,,
1.2,3966,4835.304,140,20,166.8558,,,,,,,,
1.2,3968,4828.737,140,20,167.0239,,,,,,,,
1.2,3970,4822.156,140,20,167.1921,,,,,,,,
1.2,3972,4815.564,140,20,167.3604,,,,,,,,
1.2,3974,4808.959,140,20,167.5289,,,,,,,,
1.2,3976,4802.342,140,20,167.6974,,,,,,,,
1.2,3978,4795.712,140,20,167.866,,,,,,,,
1.2,3980,4789.07,140,20,168.0348,,,,,,,,
1.2,3982,4782.415,140,20,168.2036,,,,,,,,
1.2,3984,4775.748,140,18,167.8192,,,,,,,,
1.2,3986,4769.068,140,18,167.9888,,,,,,,,
1.2,3988,4762.375,140,18,168.1585,,,,,,,,
1.2,3990,4755.67,140,18,168.3283,,,,,,,,
1.2,3992,4748.951,140,20,169.0492,,,,,,,,
1.2,3994,4742.22,140,20,169.2187,,,,,,,,
1.2,3996,4735.476,140,20,169.3882,,,,,,,,
1.2,3998,4728.718,140,20,169.5578,,,,,,,,
1.2,4000,4721.948,140,20,169.7276,,,,,,,,
1.2,4002,4715.165,140,20,169.8974,,,,,,,,
1.2,4004,4708.368,140,20,170.0674,,,,,,,,
1.2,4006,4701.558,140,20,170.2374,,,,,,,,
1.2,4008,4694.735,140,20,170.4075,,,,,,,,
1.2,4010,4687.899,140,20,170.5778,,,,,,,,
1.2,4012,4681.049,140,18,170.2032,,,,,,,,
1.2,4014,4674.185,140,18,170.3743,,,,,,,,
1.2,4016,4667.309,135,14,169.2389,,,,,,,,
1.2,4018,4660.418,140,20,171.2598,,,,,,,,
1.2,4020,4653.514,140,20,171.4306,,,,,,,,
1.2,4022,4646.596,140,20,171.6014,,,,,,,,
1.2,4024,4639.665,140,20,171.7724,,,,,,,,
1.2,4026,4632.719,140,20,171.9434,,,,,,,,
1.2,4028,4625.76,140,20,172.1146,,,,,,,,
1.2,4030,4618.787,140,20,172.2859,,,,,,,,
1.2,4032,4611.8,140,20,172.4572,,,,,,,,
1.2,4034,4604.798,140,20,172.6287,,,,,,,,
1.2,4036,4597.783,140,20,172.8003,,,,,,,,
1.2,4038,4590.753,140,18,172.4352,,,,,,,,
1.2,4040,4583.71,140,14,171.0721,,,,,,,,
1.2,4042,4576.651,140,14,171.2465,,,,,,,,
1.2,4044,4569.579,140,20,173.4876,,,,,,,,
1.2,4046,4562.492,140,20,173.6597,,,,,,,,
1.2,4048,4555.39,140,20,173.8319,,,,,,,,
1.2,4050,4548.274,140,20,174.0042,,,,,,,,
1.2,4052,4541.143,140,20,174.1766,,,,,,,,
1.2,4054,4533.997,140,20,174.3491,,,,,,,,
1.2,4056,4526.837,140,20,174.5217,,,,,,,,
1.2,4058,4519.661,140,20,174.6944,,,,,,,,
1.2,4060,4512.471,140,20,174.8673,,,,,,,,
1.2,4062,4505.265,140,20,175.0402,,,,,,,,
1.2,4064,4498.045,140,14,173.1722,,,,,,,,
1.2,4066,4490.809,140,18,174.8588,,,,,,,,
1.2,4068,4483.559,140,18,175.0327,,,,,,,,
1.2,4070,4476.292,140,20,175.7329,,,,,,,,
1.2,4072,4469.011,140,20,175.9063,,,,,,,,
1.2,4074,4461.714,140,20,176.0799,,,,,,,,
1.2,4076,4454.401,140,20,176.2535,,,,,,,,
1.2,4078,4447.073,140,20,176.4273,,,,,,,,
1.2,4080,4439.729,140,20,176.6011,,,,,,,,
1.2,4082,4432.369,140,20,176.7751,,,,,,,,
1.2,4084,4424.994,140,20,176.9492,,,,,,,,
1.2,4086,4417.602,140,20,177.1233,,,,,,,,
1.2,4088,4410.195,140,20,177.2976,,,,,,,,
1.2,4090,4402.771,140,18,176.9527,,,,,,,,
1.2,4092,4395.331,140,18,177.1279,,,,,,,,
1.2,4094,4387.875,140,18,177.3032,,,,,,,,
1.2,4096,4380.403,140,20,177.9958,,,,,,,,
1.2,4098,4372.914,140,20,178.1706,,,,,,,,
1.2,4100,4365.409,140,20,178.3455,,,,,,,,
1.2,4102,4357.887,140,20,178.5205,,,,,,,,
1.2,4104,4350.348,140,20,178.6957,,,,,,,,
1.2,4106,4342.793,140,20,178.8709,,,,,,,,
1.2,4108,4335.221,140,20,179.0462,,,,,,,,
1.2,4110,4327.631,140,20,179.2217,,,,,,,,
1.2,4112,4320.025,140,20,179.3972,,,,,,,,
1.2,4114,4312.402,140,18,179.0622,,,,,,,,
1.2,4116,4304.761,140,18,179.2387,,,,,,,,
1.2,4118,4297.103,140,18,179.4154,,,,,,,,
1.2,4120,4289.428,140,20,180.1005,,,,,,,,
1.2,4122,4281.735,140,20,180.2765,,,,,,,,
1.2,4124,4274.025,140,20,180.4527,,,,,,,,
1.2,4126,4266.297,140,20,180.629,,,,,,,,
1.2,4128,4258.551,140,20,180.8054,,,,,,,,
1.2,4130,4250.787,140,20,180.9819,,,,,,,,
1.2,4132,4243.006,140,20,181.1586,,,,,,,,
1.2,4134,4235.206,140,20,181.3353,,,,,,,,
1.2,4136,4227.388,140,20,181.5121,,,,,,,,
1.2,4138,4219.552,140,18,181.1875,,,,,,,,
1.2,4140,4211.697,140,18,181.3653,,,,,,,,
1.2,4142,4203.824,140,18,181.5433,,,,,,,,
1.2,4144,4195.932,140,20,182.2205,,,,,,,,
1.2,4146,4188.022,140,20,182.3979,,,,,,,,
1.2,4148,4180.093,140,20,182.5754,,,,,,,,
1.2,4150,4172.145,140,20,182.753,,,,,,,,
1.2,4152,4164.178,140,20,182.9307,,,,,,,,
1.2,4154,4156.192,140,20,183.1085,,,,,,,,
1.2,4156,4148.186,140,20,183.2864,,,,,,,,
1.2,4158,4140.161,140,20,183.4644,,,,,,,,
1.2,4160,4132.117,140,20,183.6426,,,,,,,,
1.2,4162,4124.053,140,18,183.3287,,,,,,,,
1.2,4164,4115.97,140,18,183.5079,,,,,,,,
1.2,4166,4107.867,140,18,183.6872,,,,,,,,
1.2,4168,4099.744,140,20,184.3562,,,,,,,,
1.2,4170,4091.6,140,20,184.5349,,,,,,,,
1.2,4172,4083.437,140,20,184.7137,,,,,,,,
1.2,4174,4075.253,140,20,184.8926,,,,,,,,
1.2,4176,4067.049,140,20,185.0716,,,,,,,,
1.2,4178,4058.825,140,20,185.2507,,,,,,,,
1.2,4180,4050.579,140,20,185.43,,,,,,,,
1.2,4182,4042.313,140,20,185.6093,,,,,,,,
1.2,4184,4034.026,140,20,185.7888,,,,,,,,
1.2,4186,4025.718,140,18,185.4862,,,,,,,,
1.2,4188,4017.389,140,18,185.6667,,,,,,,,
1.2,4190,4009.039,140,20,186.3278,,,,,,,,
1.2,4192,4000.667,140,20,186.5077,,,,,,,,
1.2,4194,3992.274,140,20,186.6878,,,,,,,,
1.2,4196,3983.859,140,20,186.8679,,,,,,,,
1.2,4198,3975.422,140,20,187.0481,,,,,,,,
1.2,4200,3966.963,140,20,187.2285,,,,,,,,
1.2,4202,3958.482,140,20,187.4089,,,,,,,,
1.2,4204,3949.978,140,20,187.5895,,,,,,,,
1.2,4206,3941.453,140,20,187.7702,,,,,,,,
1.2,4208,3932.904,140,18,187.4783,,,,,,,,
1.2,4210,3924.333,140,18,187.6601,,,,,,,,
1.2,4212,3915.74,140,18,187.842,,,,,,,,
1.2,4214,3907.123,140,20,188.4941,,,,,,,,
1.2,4216,3898.483,140,20,188.6754,,,,,,,,
1.2,4218,3889.82,140,20,188.8567,,,,,,,,
1.2,4220,3881.133,140,20,189.0382,,,,,,,,
1.2,4222,3872.423,140,20,189.2198,,,,,,,,
1.2,4224,3863.689,140,20,189.4016,,,,,,,,
1.2,4226,3854.93,140,20,189.5834,,,,,,,,
1.2,4228,3846.148,140,20,189.7653,,,,,,,,
1.2,4230,3837.342,140,18,189.4846,,,,,,,,
1.2,4232,3828.511,140,18,189.6677,,,,,,,,
1.2,4234,3819.656,140,14,188.5312,,,,,,,,
1.2,4236,3810.775,140,20,190.4943,,,,,,,,
1.2,4238,3801.87,140,20,190.6768,,,,,,,,
1.2,4240,3792.94,140,20,190.8594,,,,,,,,
1.2,4242,3783.984,140,20,191.0422,,,,,,,,
1.2,4244,3775.003,140,20,191.2251,,,,,,,,
1.2,4246,3765.996,140,20,191.4081,,,,,,,,
1.2,4248,3756.964,140,20,191.5912,,,,,,,,
1.2,4250,3747.905,140,20,191.7744,,,,,,,,
1.2,4252,3738.82,140,14,190.21,,,,,,,,
1.2,4254,3729.709,140,14,190.3972,,,,,,,,
1.2,4256,3720.571,140,18,191.8743,,,,,,,,
1.2,4258,3711.406,140,20,192.5085,,,,,,,,
1.2,4260,3702.215,140,20,192.6923,,,,,,,,
1.2,4262,3692.996,140,20,192.8762,,,,,,,,
1.2,4264,3683.749,140,20,193.0603,,,,,,,,
1.2,4266,3674.475,140,20,193.2444,,,,,,,,
1.2,4268,3665.174,140,20,193.4287,,,,,,,,
1.2,4270,3655.844,140,20,193.6131,,,,,,,,
1.2,4272,3646.486,140,20,193.7977,,,,,,,,
1.2,4274,3637.099,140,18,193.5407,,,,,,,,
1.2,4276,3627.684,140,18,193.7265,,,,,,,,
1.2,4278,3618.24,140,20,194.352,,,,,,,,
1.2,4280,3608.766,140,20,194.537,,,,,,,,
1.2,4282,3599.263,140,20,194.7221,,,,,,,,
1.2,4284,3589.731,140,20,194.9074,,,,,,,,
1.2,4286,3580.169,140,20,195.0928,,,,,,,,
1.2,4288,3570.577,140,20,195.2783,,,,,,,,
1.2,4290,3560.954,140,20,195.4639,,,,,,,,
1.2,4292,3551.301,140,20,195.6496,,,,,,,,
1.2,4294,3541.617,140,18,195.4042,,,,,,,,
1.2,4296,3531.902,140,18,195.5913,,,,,,,,
1.2,4298,3522.155,140,20,196.2076,,,,,,,,
1.2,4300,3512.377,140,20,196.3939,,,,,,,,
1.2,4302,3502.567,140,20,196.5802,,,,,,,,
1.2,4304,3492.725,140,20,196.7667,,,,,,,,
1.2,4306,3482.851,140,20,196.9533,,,,,,,,
1.2,4308,3472.944,140,20,197.1401,,,,,,,,
1.2,4310,3463.003,140,20,197.3269,,,,,,,,
1.2,4312,3453.03,140,20,197.5139,,,,,,,,
1.2,4314,3443.023,140,18,197.2805,,,,,,,,
1.2,4316,3432.983,140,18,197.4689,,,,,,,,
1.2,4318,3422.908,140,20,198.0757,,,,,,,,
1.2,4320,3412.798,140,20,198.2632,,,,,,,,
1.2,4322,3402.654,140,20,198.4508,,,,,,,,
1.2,4324,3392.475,140,20,198.6385,,,,,,,,
1.2,4326,3382.261,140,20,198.8264,,,,,,,,
1.2,4328,3372.011,140,20,199.0144,,,,,,,,
1.2,4330,3361.725,140,20,199.2026,,,,,,,,
1.2,4332,3351.402,140,20,199.3908,,,,,,,,
1.2,4334,3341.043,140,18,199.17,,,,,,,,
1.2,4336,3330.647,140,18,199.3597,,,,,,,,
1.2,4338,3320.213,140,20,199.9564,,,,,,,,
1.2,4340,3309.742,140,20,200.1452,,,,,,,,
1.2,4342,3299.233,140,20,200.3342,,,,,,,,
1.2,4344,3288.685,140,20,200.5232,,,,,,,,
1.2,4346,3278.098,140,20,200.7124,,,,,,,,
1.2,4348,3267.473,140,20,200.9017,,,,,,,,
1.2,4350,3256.807,140,20,201.0912,,,,,,,,
1.2,4352,3246.102,140,18,200.8821,,,,,,,,
1.2,4354,3235.356,140,18,201.073,,,,,,,,
1.2,4356,3224.57,140,20,201.6604,,,,,,,,
1.2,4358,3213.742,140,20,201.8504,,,,,,,,
1.2,4360,3202.873,140,20,202.0405,,,,,,,,
1.2,4362,3191.961,140,20,202.2308,,,,,,,,
1.2,4364,3181.008,140,20,202.4212,,,,,,,,
1.2,4366,3170.011,140,20,202.6117,,,,,,,,
1.2,4368,3158.971,140,20,202.8024,,,,,,,,
1.2,4370,3147.887,140,18,202.6056,,,,,,,,
1.2,4372,3136.759,140,18,202.7978,,,,,,,,
1.2,4374,3125.586,140,20,203.3753,,,,,,,,
1.2,4376,3114.368,140,20,203.5665,,,,,,,,
1.2,4378,3103.104,140,20,203.7579,,,,,,,,
1.2,4380,3091.794,140,20,203.9494,,,,,,,,
1.2,4382,3080.438,140,20,204.1411,,,,,,,,
1.2,4384,3069.034,140,20,204.3329,,,,,,,,
1.2,4386,3057.582,140,20,204.5248,,,,,,,,
1.2,4388,3046.082,140,18,204.3409,,,,,,,,
1.2,4390,3034.533,140,18,204.5344,,,,,,,,
1.2,4392,3022.935,140,20,205.1016,,,,,,,,
1.2,4394,3011.287,140,20,205.2941,,,,,,,,
1.2,4396,2999.588,140,20,205.4868,,,,,,,,
1.2,4398,2987.838,140,20,205.6796,,,,,,,,
1.2,4400,2976.036,140,20,205.8726,,,,,,,,
1.2,4402,2964.182,140,20,206.0657,,,,,,,,
1.2,4404,2952.275,140,20,206.259,,,,,,,,
1.2,4406,2940.314,140,18,206.0885,,,,,,,,
1.2,4408,2928.299,140,14,205.2459,,,,,,,,
1.2,4410,2916.229,140,20,206.8397,,,,,,,,
1.2,4412,2904.103,140,20,207.0335,,,,,,,,
1.2,4414,2891.921,140,20,207.2276,,,,,,,,
1.2,4416,2879.682,140,20,207.4218,,,,,,,,
1.2,4418,2867.385,140,20,207.6161,,,,,,,,
1.2,4420,2855.029,140,20,207.8106,,,,,,,,
1.2,4422,2842.614,140,14,206.6435,,,,,,,,
1.2,4424,2830.139,140,18,207.8489,,,,,,,,
1.2,4426,2817.603,140,20,208.395,,,,,,,,
1.2,4428,2805.006,140,20,208.5902,,,,,,,,
1.2,4430,2792.345,140,20,208.7854,,,,,,,,
1.2,4432,2779.622,140,20,208.9809,,,,,,,,
1.2,4434,2766.834,140,20,209.1765,,,,,,,,
1.2,4436,2753.981,140,20,209.3723,,,,,,,,
1.2,4438,2741.061,140,18,209.2275,,,,,,,,
1.2,4440,2728.075,140,18,209.4251,,,,,,,,
1.2,4442,2715.021,140,20,209.9606,,,,,,,,
1.2,4444,2701.897,140,20,210.1571,,,,,,,,
1.2,4446,2688.704,140,20,210.3537,,,,,,,,
1.2,4448,2675.44,140,20,210.5505,,,,,,,,
1.2,4450,2662.103,140,20,210.7474,,,,,,,,
1.2,4452,2648.693,140,20,210.9446,,,,,,,,
1.2,4454,2635.21,140,18,210.8135,,,,,,,,
1.2,4456,2621.65,140,20,211.3393,,,,,,,,
1.2,4458,2608.014,140,20,211.537,,,,,,,,
1.2,4460,2594.3,140,20,211.7348,,,,,,,,
1.2,4462,2580.507,140,20,211.9329,,,,,,,,
1.2,4464,2566.634,140,20,212.1311,,,,,,,,
1.2,4466,2552.679,140,20,212.3294,,,,,,,,
1.2,4468,2538.641,140,18,212.2111,,,,,,,,
1.2,4470,2524.518,140,18,212.4116,,,,,,,,
1.2,4472,2510.31,140,20,212.9257,,,,,,,,
1.2,4474,2496.015,140,20,213.1248,,,,,,,,
1.2,4476,2481.63,140,20,213.3242,,,,,,,,
1.2,4478,2467.156,140,20,213.5237,,,,,,,,
1.2,4480,2452.589,140,20,213.7234,,,,,,,,
1.2,4482,2437.929,140,18,213.6184,,,,,,,,
1.2,4484,2423.173,140,18,213.8203,,,,,,,,
1.2,4486,2408.321,140,20,214.3237,,,,,,,,
1.2,4488,2393.369,140,20,214.5242,,,,,,,,
1.2,4490,2378.317,140,20,214.725,,,,,,,,
1.2,4492,2363.163,140,20,214.9259,,,,,,,,
1.2,4494,2347.903,140,20,215.127,,,,,,,,
1.2,4496,2332.537,140,18,215.0361,,,,,,,,
1.2,4498,2317.062,140,18,215.2396,,,,,,,,
1.2,4500,2301.476,140,20,215.7317,,,,,,,,
1.2,4502,2285.777,140,20,215.9337,,,,,,,,
1.2,4504,2269.962,140,20,216.136,,,,,,,,
1.2,4506,2254.03,140,20,216.3384,,,,,,,,
1.2,4508,2237.976,140,20,216.5411,,,,,,,,
1.2,4510,2221.8,140,18,216.4651,,,,,,,,
1.2,4512,2205.497,140,20,216.9472,,,,,,,,
1.2,4514,2189.066,140,20,217.1506,,,,,,,,
1.2,4516,2172.503,140,20,217.3542,,,,,,,,
1.2,4518,2155.805,140,20,217.5581,,,,,,,,
1.2,4520,2138.97,140,20,217.7622,,,,,,,,
1.2,4522,2121.994,140,18,217.6998,,,,,,,,
1.2,4524,2104.873,140,20,218.1712,,,,,,,,
1.2,4526,2087.604,140,20,218.3761,,,,,,,,
1.2,4528,2070.183,140,20,218.5812,,,,,,,,
1.2,4530,2052.606,140,20,218.7867,,,,,,,,
1.2,4532,2034.87,140,20,218.9924,,,,,,,,
1.2,4534,2016.97,140,18,218.9444,,,,,,,,
1.2,4536,1998.902,140,20,219.4046,,,,,,,,
1.2,4538,1980.661,140,20,219.6112,,,,,,,,
1.2,4540,1962.242,140,20,219.818,,,,,,,,
1.2,4542,1943.64,140,20,220.0252,,,,,,,,
1.2,4544,1924.85,140,20,220.2327,,,,,,,,
1.2,4546,1905.867,140,18,220.2001,,,,,,,,
1.2,4548,1886.684,140,20,220.6485,,,,,,,,
1.2,4550,1867.296,140,20,220.857,,,,,,,,
1.2,4552,1847.695,140,20,221.0657,,,,,,,,
1.2,4554,1827.876,140,20,221.2748,,,,,,,,
1.2,4556,1807.83,140,18,221.2561,,,,,,,,
1.2,4558,1787.551,140,20,221.6941,,,,,,,,
1.2,4560,1767.029,140,20,221.9043,,,,,,,,
1.2,4562,1746.258,140,20,222.1148,,,,,,,,
1.2,4564,1725.227,140,20,222.3258,,,,,,,,
1.2,4566,1703.928,140,18,222.3218,,,,,,,,
1.2,4568,1682.349,140,20,222.7489,,,,,,,,
1.2,4570,1660.48,140,20,222.9611,,,,,,,,
1.2,4572,1638.309,140,20,223.1738,,,,,,,,
1.2,4574,1615.825,140,20,223.3868,,,,,,,,
1.2,4576,1593.013,140,18,223.3988,,,,,,,,
1.2,4578,1569.859,140,20,223.8144,,,,,,,,
1.2,4580,1546.348,140,20,224.029,,,,,,,,
1.2,4582,1522.464,140,20,224.2441,,,,,,,,
1.2,4584,1498.189,140,18,224.2699,,,,,,,,
1.2,4586,1473.502,140,20,224.6758,,,,,,,,
1.2,4588,1448.384,140,20,224.8926,,,,,,,,
1.2,4590,1422.812,140,20,225.11,,,,,,,,
1.2,4592,1396.76,140,20,225.328,,,,,,,,
1.2,4594,1370.2,140,20,225.5467,,,,,,,,
1.2,4596,1343.104,140,20,225.7661,,,,,,,,
1.2,4598,1315.438,140,20,225.9863,,,,,,,,
1.2,4600,1287.165,140,18,226.0439,,,,,,,,
1.2,4602,1258.244,140,20,226.429,,,,,,,,
1.2,4604,1228.629,140,20,226.6517,,,,,,,,
1.2,4606,1198.269,140,20,226.8754,,,,,,,,
1.2,4608,1167.106,140,18,226.9518,,,,,,,,
1.2,4610,1135.074,140,20,227.3258,,,,,,,,
1.2,4612,1102.097,140,20,227.5527,,,,,,,,
1.2,4614,1068.087,140,18,227.6452,,,,,,,,
1.2,4616,1032.942,140,20,228.0105,,,,,,,,
1.2,4618,996.543,140,20,228.2417,,,,,,,,
1.2,4620,958.746,140,14,228.0042,,,,,,,,
1.2,4622,919.379,140,20,228.7093,,,,,,,,
1.2,4624,878.231,140,20,228.9462,,,,,,,,
1.2,4626,835.038,140,20,229.1855,,,,,,,,
1.2,4628,789.466,140,20,229.4277,,,,,,,,
1.2,4630,741.076,140,18,229.5789,,,,,,,,
1.2,4632,689.273,140,20,229.9227,,,,,,,,
1.2,4634,633.221,140,18,230.0966,,,,,,,,
1.2,4636,571.672,140,20,230.4381,,,,,,,,
1.2,4638,502.61,140,20,230.7077,,,,,,,,
1.2,4640,422.366,140,18,230.9365,,,,,,,,
1.2,4642,322.703,140,18,231.2541,,,,,,,,
1.7,2382,5486.138,100,30,93.9642,,,,,,,,
1.7,2384,5482.662,100,30,94.1029,,,,,,,,
1.7,2386,5479.181,100,30,94.2418,,,,,,,,
1.7,2388,5475.695,100,30,94.3808,,,,,,,,
1.7,2390,5472.203,100,30,94.52,,,,,,,,
1.7,2392,5468.707,100,30,94.6592,,,,,,,,
1.7,2394,5465.205,100,30,94.7986,,,,,,,,
1.7,2396,5461.698,100,30,94.9381,,,,,,,,
1.7,2398,5458.186,100,30,95.0778,,,,,,,,
1.7,2400,5454.668,100,30,95.2175,,,,,,,,
1.7,2402,5451.146,100,30,95.3574,,,,,,,,
1.7,2404,5447.618,100,30,95.4974,,,,,,,,
1.7,2406,5444.085,100,30,95.6375,,,,,,,,
1.7,2408,5440.547,100,30,95.7777,,,,,,,,
1.7,2424,5412.052,100,30,96.9041,,,,,,,,
1.7,2426,5408.466,105,30,96.8876,,,,,,,,
1.7,2428,5404.875,105,30,97.029,,,,,,,,
1.7,2430,5401.278,105,30,97.1706,,,,,,,,
1.7,2432,5397.677,105,30,97.3124,,,,,,,,
1.7,2434,5394.069,105,30,97.4542,,,,,,,,
1.7,2436,5390.457,105,30,97.5962,,,,,,,,
1.7,2438,5386.839,105,30,97.7383,,,,,,,,
1.7,2440,5383.215,105,30,97.8805,,,,,,,,
1.7,2442,5379.587,105,30,98.0228,,,,,,,,
1.7,2444,5375.952,105,30,98.1653,,,,,,,,
1.7,2446,5372.313,105,30,98.3079,,,,,,,,
1.7,2448,5368.668,105,30,98.4506,,,,,,,,
1.7,2450,5365.017,105,30,98.5935,,,,,,,,
1.7,2452,5361.361,105,30,98.7364,,,,,,,,
1.7,2454,5357.699,105,30,98.8795,,,,,,,,
1.7,2456,5354.032,105,30,99.0227,,,,,,,,
1.7,2458,5350.36,100,28,99.0984,,,,,,,,
1.7,2460,5346.682,100,28,99.2419,,,,,,,,
1.7,2462,5342.998,100,28,99.3855,,,,,,,,
1.7,2464,5339.309,100,28,99.5292,,,,,,,,
1.7,2466,5335.615,100,28,99.673,,,,,,,,
1.7,2468,5331.914,100,28,99.817,,,,,,,,
1.7,2470,5328.209,105,30,100.0286,,,,,,,,
1.7,2472,5324.497,110,30,100.0151,,,,,,,,
1.7,2474,5320.78,110,30,100.1595,,,,,,,,
1.7,2476,5317.058,110,30,100.3039,,,,,,,,
1.7,2478,5313.33,110,30,100.4485,,,,,,,,
1.7,2480,5309.596,110,30,100.5932,,,,,,,,
1.7,2482,5305.856,110,30,100.738,,,,,,,,
1.7,2484,5302.111,110,30,100.883,,,,,,,,
1.7,2486,5298.36,110,30,101.0281,,,,,,,,
1.7,2488,5294.604,110,30,101.1733,,,,,,,,
1.7,2490,5290.842,110,30,101.3186,,,,,,,,
1.7,2492,5287.074,110,30,101.4641,,,,,,,,
1.7,2494,5283.3,110,30,101.6096,,,,,,,,
1.7,2496,5279.521,110,30,101.7553,,,,,,,,
1.7,2498,5275.736,110,30,101.9012,,,,,,,,
1.7,2500,5271.945,110,30,102.0471,,,,,,,,
1.7,2502,5268.149,110,30,102.1932,,,,,,,,
1.7,2504,5264.346,115,30,102.1819,,,,,,,,
1.7,2506,5260.538,105,28,102.407,,,,,,,,
1.7,2508,5256.724,105,28,102.5534,,,,,,,,
1.7,2510,5252.905,105,28,102.7,,,,,,,,
1.7,2512,5249.079,105,28,102.8467,,,,,,,,
1.7,2514,5245.248,105,28,102.9935,,,,,,,,
1.7,2516,5241.41,105,30,103.3765,,,,,,,,
1.7,2518,5237.567,115,30,103.2089,,,,,,,,
1.7,2520,5233.718,115,30,103.3561,,,,,,,,
1.7,2522,5229.863,115,30,103.5035,,,,,,,,
1.7,2524,5226.003,115,30,103.6509,,,,,,,,
1.7,2526,5222.136,115,30,103.7985,,,,,,,,
1.7,2528,5218.263,115,30,103.9462,,,,,,,,
1.7,2530,5214.385,115,30,104.0941,,,,,,,,
1.7,2532,5210.5,115,30,104.242,,,,,,,,
1.7,2534,5206.61,115,30,104.3901,,,,,,,,
1.7,2536,5202.713,115,30,104.5383,,,,,,,,
1.7,2538,5198.811,115,30,104.6867,,,,,,,,
1.7,2540,5194.902,115,30,104.8351,,,,,,,,
1.7,2542,5190.988,120,30,104.8266,,,,,,,,
1.7,2544,5187.067,120,30,104.9754,,,,,,,,
1.7,2546,5183.14,120,30,105.1242,,,,,,,,
1.7,2548,5179.208,120,30,105.2732,,,,,,,,
1.7,2550,5175.269,120,30,105.4223,,,,,,,,
1.7,2552,5171.324,110,28,105.6388,,,,,,,,
1.7,2554,5167.373,110,28,105.7882,,,,,,,,
1.7,2556,5163.416,110,28,105.9377,,,,,,,,
1.7,2558,5159.453,110,28,106.0873,,,,,,,,
1.7,2560,5155.483,110,28,106.237,,,,,,,,
1.7,2562,5151.508,115,30,106.4764,,,,,,,,
1.7,2564,5147.526,120,30,106.4696,,,,,,,,
1.7,2566,5143.538,120,30,106.6197,,,,,,,,
1.7,2568,5139.544,120,30,106.77,,,,,,,,
1.7,2570,5135.544,120,30,106.9203,,,,,,,,
1.7,2572,5131.537,120,30,107.0708,,,,,,,,
1.7,2574,5127.524,120,30,107.2215,,,,,,,,
1.7,2576,5123.505,125,30,107.2156,,,,,,,,
1.7,2578,5119.48,125,30,107.3665,,,,,,,,
1.7,2580,5115.448,125,30,107.5175,,,,,,,,
1.7,2582,5111.41,125,30,107.6686,,,,,,,,
1.7,2584,5107.366,125,30,107.8199,,,,,,,,
1.7,2586,5103.315,125,30,107.9713,,,,,,,,
1.7,2588,5099.258,125,30,108.1229,,,,,,,,
1.7,2590,5095.195,125,30,108.2745,,,,,,,,
1.7,2592,5091.125,125,30,108.4263,,,,,,,,
1.7,2594,5087.049,125,30,108.5782,,,,,,,,
1.7,2596,5082.966,115,28,108.7861,,,,,,,,
1.7,2598,5078.877,115,28,108.9382,,,,,,,,
1.7,2600,5074.782,120,28,108.9231,,,,,,,,
1.7,2602,5070.68,120,28,109.0755,,,,,,,,
1.7,2604,5066.571,120,28,109.2281,,,,,,,,
1.7,2606,5062.456,115,30,109.8045,,,,,,,,
1.7,2608,5058.335,125,30,109.6451,,,,,,,,
1.7,2610,5054.207,130,30,109.6419,,,,,,,,
1.7,2612,5050.072,130,30,109.795,,,,,,,,
1.7,2614,5045.931,130,30,109.9482,,,,,,,,
1.7,2616,5041.784,130,30,110.1016,,,,,,,,
1.7,2618,5037.63,130,30,110.255,,,,,,,,
1.7,2620,5033.469,130,30,110.4086,,,,,,,,
1.7,2622,5029.301,130,30,110.5623,,,,,,,,
1.7,2624,5025.127,130,30,110.7162,,,,,,,,
1.7,2626,5020.947,130,30,110.8701,,,,,,,,
1.7,2628,5016.759,130,30,111.0242,,,,,,,,
1.7,2630,5012.565,130,30,111.1785,,,,,,,,
1.7,2632,5008.364,130,30,111.3328,,,,,,,,
1.7,2634,5004.157,130,30,111.4873,,,,,,,,
1.7,2636,4999.942,130,30,111.6419,,,,,,,,
1.7,2638,4995.721,130,30,111.7966,,,,,,,,
1.7,2640,4991.494,125,28,111.8293,,,,,,,,
1.7,2642,4987.259,125,28,111.9843,,,,,,,,
1.7,2644,4983.018,125,28,112.1395,,,,,,,,
1.7,2646,4978.769,115,26,112.3332,,,,,,,,
1.7,2648,4974.514,115,26,112.4885,,,,,,,,
1.7,2650,4970.252,120,30,113.0381,,,,,,,,
1.7,2652,4965.983,130,30,112.8833,,,,,,,,
1.7,2654,4961.708,135,30,112.8839,,,,,,,,
1.7,2656,4957.425,135,30,113.0398,,,,,,,,
1.7,2658,4953.136,135,30,113.1958,,,,,,,,
1.7,2660,4948.839,135,30,113.352,,,,,,,,
1.7,2662,4944.536,135,30,113.5083,,,,,,,,
1.7,2664,4940.225,135,30,113.6647,,,,,,,,
1.7,2666,4935.908,135,30,113.8213,,,,,,,,
1.7,2668,4931.583,135,30,113.978,,,,,,,,
1.7,2670,4927.252,135,30,114.1348,,,,,,,,
1.7,2672,4922.913,135,30,114.2917,,,,,,,,
1.7,2674,4918.567,140,30,114.2941,,,,,,,,
1.7,2676,4914.214,140,30,114.4513,,,,,,,,
1.7,2678,4909.855,140,30,114.6087,,,,,,,,
1.7,2680,4905.488,140,30,114.7662,,,,,,,,
1.7,2682,4901.113,140,30,114.9238,,,,,,,,
1.7,2684,4896.732,130,28,115.1036,,,,,,,,
1.7,2686,4892.343,120,26,115.287,,,,,,,,
1.7,2688,4887.948,120,26,115.445,,,,,,,,
1.7,2690,4883.545,120,26,115.6031,,,,,,,,
1.7,2692,4879.134,120,30,116.3306,,,,,,,,
1.7,2694,4874.717,130,30,116.1807,,,,,,,,
1.7,2696,4870.292,140,30,116.0308,,,,,,,,
1.7,2698,4865.86,140,30,116.1895,,,,,,,,
1.7,2700,4861.42,140,30,116.3483,,,,,,,,
1.7,2702,4856.974,140,30,116.5072,,,,,,,,
1.7,2704,4852.519,140,30,116.6662,,,,,,,,
1.7,2706,4848.058,140,30,116.8254,,,,,,,,
1.7,2708,4843.589,140,30,116.9847,,,,,,,,
1.7,2710,4839.112,140,30,117.1441,,,,,,,,
1.7,2712,4834.628,140,30,117.3037,,,,,,,,
1.7,2714,4830.137,140,30,117.4634,,,,,,,,
1.7,2716,4825.638,140,30,117.6232,,,,,,,,
1.7,2718,4821.132,140,30,117.7831,,,,,,,,
1.7,2720,4816.618,140,30,117.9432,,,,,,,,
1.7,2722,4812.096,140,30,118.1034,,,,,,,,
1.7,2724,4807.567,140,30,118.2637,,,,,,,,
1.7,2726,4803.031,125,26,118.2945,,,,,,,,
1.7,2728,4798.486,125,26,118.4551,,,,,,,,
1.7,2730,4793.934,130,26,118.4391,,,,,,,,
1.7,2732,4789.375,130,26,118.6,,,,,,,,
1.7,2734,4784.808,130,28,119.0892,,,,,,,,
1.7,2736,4780.233,140,30,119.2284,,,,,,,,
1.7,2738,4775.65,140,30,119.3896,,,,,,,,
1.7,2740,4771.059,140,30,119.551,,,,,,,,
1.7,2742,4766.461,140,30,119.7125,,,,,,,,
1.7,2744,4761.855,140,30,119.8741,,,,,,,,
1.7,2746,4757.241,140,30,120.0358,,,,,,,,
1.7,2748,4752.619,140,30,120.1977,,,,,,,,
1.7,2750,4747.99,140,30,120.3597,,,,,,,,
1.7,2752,4743.352,140,30,120.5218,,,,,,,,
1.7,2754,4738.707,140,30,120.6841,,,,,,,,
1.7,2756,4734.054,140,30,120.8465,,,,,,,,
1.7,2758,4729.392,140,30,121.009,,,,,,,,
1.7,2760,4724.723,140,30,121.1717,,,,,,,,
1.7,2762,4720.046,140,30,121.3345,,,,,,,,
1.7,2764,4715.36,140,30,121.4974,,,,,,,,
1.7,2766,4710.667,135,26,121.1809,,,,,,,,
1.7,2768,4705.966,135,26,121.3443,,,,,,,,
1.7,2770,4701.256,135,26,121.5079,,,,,,,,
1.7,2772,4696.538,135,28,122.0094,,,,,,,,
1.7,2774,4691.812,140,28,122.0104,,,,,,,,
1.7,2776,4687.078,140,28,122.1743,,,,,,,,
1.7,2778,4682.336,140,30,122.6413,,,,,,,,
1.7,2780,4677.586,140,30,122.8053,,,,,,,,
1.7,2782,4672.827,140,30,122.9694,,,,,,,,
1.7,2784,4668.06,140,30,123.1336,,,,,,,,
1.7,2786,4663.285,140,30,123.2979,,,,,,,,
1.7,2788,4658.501,140,30,123.4624,,,,,,,,
1.7,2790,4653.709,140,30,123.6269,,,,,,,,
1.7,2792,4648.909,140,30,123.7917,,,,,,,,
1.7,2794,4644.1,140,30,123.9565,,,,,,,,
1.7,2796,4639.283,140,30,124.1215,,,,,,,,
1.7,2798,4634.457,140,30,124.2866,,,,,,,,
1.7,2800,4629.623,140,30,124.4518,,,,,,,,
1.7,2802,4624.78,140,30,124.6172,,,,,,,,
1.7,2804,4619.929,140,30,124.7827,,,,,,,,
1.7,2806,4615.069,140,26,124.2999,,,,,,,,
1.7,2808,4610.201,140,26,124.466,,,,,,,,
1.7,2810,4605.324,140,28,124.9794,,,,,,,,
1.7,2812,4600.438,140,28,125.1456,,,,,,,,
1.7,2814,4595.544,140,28,125.3119,,,,,,,,
1.7,2816,4590.641,140,30,125.7784,,,,,,,,
1.7,2818,4585.729,140,30,125.9449,,,,,,,,
1.7,2820,4580.809,140,30,126.1114,,,,,,,,
1.7,2822,4575.879,140,30,126.2781,,,,,,,,
1.7,2824,4570.941,140,30,126.4449,,,,,,,,
1.7,2826,4565.994,140,30,126.6118,,,,,,,,
1.7,2828,4561.038,140,30,126.7789,,,,,,,,
1.7,2830,4556.074,140,30,126.946,,,,,,,,
1.7,2832,4551.1,140,30,127.1134,,,,,,,,
1.7,2834,4546.117,140,30,127.2808,,,,,,,,
1.7,2836,4541.126,140,30,127.4484,,,,,,,,
1.7,2838,4536.125,140,30,127.6161,,,,,,,,
1.7,2840,4531.116,140,30,127.784,,,,,,,,
1.7,2842,4526.097,140,30,127.9519,,,,,,,,
1.7,2844,4521.069,140,26,127.4786,,,,,,,,
1.7,2846,4516.032,140,28,127.9908,,,,,,,,
1.7,2848,4510.986,140,28,128.1593,,,,,,,,
1.7,2850,4505.93,140,28,128.328,,,,,,,,
1.7,2852,4500.866,140,28,128.4968,,,,,,,,
1.7,2854,4495.792,140,28,128.6657,,,,,,,,
1.7,2856,4490.709,140,30,129.1314,,,,,,,,
1.7,2858,4485.616,140,30,129.3004,,,,,,,,
1.7,2860,4480.514,140,30,129.4696,,,,,,,,
1.7,2862,4475.403,140,30,129.6389,,,,,,,,
1.7,2864,4470.282,140,30,129.8083,,,,,,,,
1.7,2866,4465.152,140,30,129.9778,,,,,,,,
1.7,2868,4460.013,140,30,130.1475,,,,,,,,
1.7,2870,4454.863,140,30,130.3173,,,,,,,,
1.7,2872,4449.705,140,30,130.4872,,,,,,,,
1.7,2874,4444.536,140,30,130.6573,,,,,,,,
1.7,2876,4439.358,140,30,130.8275,,,,,,,,
1.7,2878,4434.171,140,30,130.9978,,,,,,,,
1.7,2880,4428.974,140,30,131.1683,,,,,,,,
1.7,2882,4423.767,140,28,131.0448,,,,,,,,
1.7,2884,4418.55,140,28,131.2157,,,,,,,,
1.7,2886,4413.323,140,28,131.3868,,,,,,,,
1.7,2888,4408.087,140,28,131.558,,,,,,,,
1.7,2890,4402.841,140,28,131.7293,,,,,,,,
1.7,2892,4397.585,140,28,131.9008,,,,,,,,
1.7,2894,4392.319,140,30,132.3652,,,,,,,,
1.7,2896,4387.043,140,30,132.5367,,,,,,,,
1.7,2898,4381.757,140,30,132.7084,,,,,,,,
1.7,2900,4376.461,140,30,132.8802,,,,,,,,
1.7,2902,4371.155,140,30,133.0521,,,,,,,,
1.7,2904,4365.838,140,30,133.2241,,,,,,,,
1.7,2906,4360.512,140,30,133.3963,,,,,,,,
1.7,2908,4355.175,140,30,133.5686,,,,,,,,
1.7,2910,4349.828,140,30,133.741,,,,,,,,
1.7,2912,4344.471,140,30,133.9136,,,,,,,,
1.7,2914,4339.104,140,30,134.0863,,,,,,,,
1.7,2916,4333.726,140,30,134.2591,,,,,,,,
1.7,2918,4328.338,140,30,134.4321,,,,,,,,
1.7,2920,4322.94,140,28,134.3151,,,,,,,,
1.7,2922,4317.531,140,28,134.4886,,,,,,,,
1.7,2924,4312.111,140,28,134.6622,,,,,,,,
1.7,2926,4306.681,140,28,134.8359,,,,,,,,
1.7,2928,4301.241,140,28,135.0097,,,,,,,,
1.7,2930,4295.79,140,30,135.4727,,,,,,,,
1.7,2932,4290.328,140,30,135.6466,,,,,,,,
1.7,2934,4284.855,140,30,135.8206,,,,,,,,
1.7,2936,4279.372,140,30,135.9948,,,,,,,,
1.7,2938,4273.878,140,30,136.169,,,,,,,,
1.7,2940,4268.373,140,30,136.3435,,,,,,,,
1.7,2942,4262.857,140,30,136.518,,,,,,,,
1.7,2944,4257.331,140,30,136.6927,,,,,,,,
1.7,2946,4251.793,140,30,136.8675,,,,,,,,
1.7,2948,4246.244,140,30,137.0425,,,,,,,,
1.7,2950,4240.685,140,30,137.2176,,,,,,,,
1.7,2952,4235.114,140,30,137.3928,,,,,,,,
1.7,2954,4229.532,140,30,137.5682,,,,,,,,
1.7,2956,4223.939,140,28,137.4577,,,,,,,,
1.7,2958,4218.335,140,28,137.6336,,,,,,,,
1.7,2960,4212.72,140,28,137.8096,,,,,,,,
1.7,2962,4207.093,140,28,137.9857,,,,,,,,
1.7,2964,4201.455,140,28,138.162,,,,,,,,
1.7,2966,4195.806,140,30,138.6231,,,,,,,,
1.7,2968,4190.145,140,30,138.7994,,,,,,,,
1.7,2970,4184.472,140,30,138.9758,,,,,,,,
1.7,2972,4178.788,140,30,139.1523,,,,,,,,
1.7,2974,4173.093,140,30,139.329,,,,,,,,
1.7,2976,4167.386,140,30,139.5058,,,,,,,,
1.7,2978,4161.667,140,30,139.6828,,,,,,,,
1.7,2980,4155.936,140,30,139.8599,,,,,,,,
1.7,2982,4150.194,140,30,140.0371,,,,,,,,
1.7,2984,4144.44,140,30,140.2145,,,,,,,,
1.7,2986,4138.674,140,30,140.3919,,,,,,,,
1.7,2988,4132.896,140,30,140.5696,,,,,,,,
1.7,2990,4127.106,140,30,140.7473,,,,,,,,
1.7,2992,4121.305,140,28,140.6439,,,,,,,,
1.7,2994,4115.491,140,28,140.8221,,,,,,,,
1.7,2996,4109.665,140,28,141.0006,,,,,,,,
1.7,2998,4103.826,140,28,141.1791,,,,,,,,
1.7,3000,4097.976,140,28,141.3578,,,,,,,,
1.7,3002,4092.113,140,30,141.8167,,,,,,,,
1.7,3004,4086.238,140,30,141.9954,,,,,,,,
1.7,3006,4080.351,140,30,142.1742,,,,,,,,
1.7,3008,4074.451,140,30,142.3532,,,,,,,,
1.7,3010,4068.539,140,30,142.5323,,,,,,,,
1.7,3012,4062.614,140,30,142.7115,,,,,,,,
1.7,3014,4056.676,140,30,142.8909,,,,,,,,
1.7,3016,4050.726,140,30,143.0704,,,,,,,,
1.7,3018,4044.764,140,30,143.2501,,,,,,,,
1.7,3020,4038.788,140,30,143.4298,,,,,,,,
1.7,3022,4032.8,140,30,143.6097,,,,,,,,
1.7,3024,4026.798,140,30,143.7898,,,,,,,,
1.7,3026,4020.784,140,28,143.6933,,,,,,,,
1.7,3028,4014.757,140,28,143.8739,,,,,,,,
1.7,3030,4008.716,140,28,144.0546,,,,,,,,
1.7,3032,4002.663,140,28,144.2355,,,,,,,,
1.7,3034,3996.597,140,28,144.4165,,,,,,,,
1.7,3036,3990.517,140,30,144.8729,,,,,,,,
1.7,3038,3984.424,140,30,145.0539,,,,,,,,
1.7,3040,3978.317,140,30,145.235,,,,,,,,
1.7,3042,3972.197,140,30,145.4163,,,,,,,,
1.7,3044,3966.064,140,30,145.5977,,,,,,,,
1.7,3046,3959.917,140,30,145.7792,,,,,,,,
1.7,3048,3953.757,140,30,145.9609,,,,,,,,
1.7,3050,3947.583,140,30,146.1427,,,,,,,,
1.7,3052,3941.395,140,30,146.3247,,,,,,,,
1.7,3054,3935.193,140,30,146.5068,,,,,,,,
1.7,3056,3928.977,140,30,146.689,,,,,,,,
1.7,3058,3922.748,140,30,146.8713,,,,,,,,
1.7,3060,3916.505,140,28,146.7822,,,,,,,,
1.7,3062,3910.247,140,28,146.9652,,,,,,,,
1.7,3064,3903.975,140,28,147.1482,,,,,,,,
1.7,3066,3897.69,140,28,147.3315,,,,,,,,
1.7,3068,3891.389,140,28,147.5148,,,,,,,,
1.7,3070,3885.075,140,30,147.9684,,,,,,,,
1.7,3072,3878.746,140,30,148.1517,,,,,,,,
1.7,3074,3872.403,140,30,148.3351,,,,,,,,
1.7,3076,3866.045,140,30,148.5187,,,,,,,,
1.7,3078,3859.673,140,30,148.7024,,,,,,,,
1.7,3080,3853.285,140,30,148.8863,,,,,,,,
1.7,3082,3846.883,140,30,149.0703,,,,,,,,
1.7,3084,3840.467,140,30,149.2544,,,,,,,,
1.7,3086,3834.035,140,30,149.4387,,,,,,,,
1.7,3088,3827.588,140,30,149.6231,,,,,,,,
1.7,3090,3821.127,140,30,149.8077,,,,,,,,
1.7,3092,3814.65,140,30,149.9924,,,,,,,,
1.7,3094,3808.158,140,28,149.9111,,,,,,,,
1.7,3096,3801.65,140,28,150.0964,,,,,,,,
1.7,3098,3795.127,140,28,150.2818,,,,,,,,
1.7,3100,3788.589,140,28,150.4674,,,,,,,,
1.7,3102,3782.035,140,30,150.9179,,,,,,,,
1.7,3104,3775.466,140,30,151.1034,,,,,,,,
1.7,3106,3768.881,140,30,151.2891,,,,,,,,
1.7,3108,3762.28,140,30,151.4748,,,,,,,,
1.7,3110,3755.663,140,30,151.6608,,,,,,,,
1.7,3112,3749.031,140,30,151.8469,,,,,,,,
1.7,3114,3742.382,140,30,152.0331,,,,,,,,
1.7,3116,3735.717,140,30,152.2194,,,,,,,,
1.7,3118,3729.036,140,30,152.4059,,,,,,,,
1.7,3120,3722.339,140,30,152.5925,,,,,,,,
1.7,3122,3715.625,140,30,152.7793,,,,,,,,
1.7,3124,3708.895,140,30,152.9662,,,,,,,,
1.7,3126,3702.149,140,28,152.8927,,,,,,,,
1.7,3128,3695.385,140,28,153.0802,,,,,,,,
1.7,3130,3688.605,140,28,153.2679,,,,,,,,
1.7,3132,3681.808,140,26,153.1562,,,,,,,,
1.7,3134,3674.994,140,30,153.9028,,,,,,,,
1.7,3136,3668.164,140,30,154.0906,,,,,,,,
1.7,3138,3661.316,140,30,154.2785,,,,,,,,
1.7,3140,3654.45,140,30,154.4665,,,,,,,,
1.7,3142,3647.568,140,30,154.6547,,,,,,,,
1.7,3144,3640.668,140,30,154.843,,,,,,,,
1.7,3146,3633.751,140,30,155.0314,,,,,,,,
1.7,3148,3626.816,140,30,155.22,,,,,,,,
1.7,3150,3619.863,140,30,155.4088,,,,,,,,
1.7,3152,3612.892,140,30,155.5976,,,,,,,,
1.7,3154,3605.904,140,30,155.7866,,,,,,,,
1.7,3156,3598.898,140,28,155.7208,,,,,,,,
1.7,3158,3591.873,140,28,155.9105,,,,,,,,
1.7,3160,3584.83,140,28,156.1004,,,,,,,,
1.7,3162,3577.769,140,26,155.9973,,,,,,,,
1.7,3164,3570.69,140,26,156.1879,,,,,,,,
1.7,3166,3563.591,140,30,156.9237,,,,,,,,
1.7,3168,3556.475,140,30,157.1137,,,,,,,,
1.7,3170,3549.339,140,30,157.3039,,,,,,,,
1.7,3172,3542.185,140,30,157.4941,,,,,,,,
1.7,3174,3535.011,140,30,157.6846,,,,,,,,
1.7,3176,3527.819,140,30,157.8751,,,,,,,,
1.7,3178,3520.607,140,30,158.0659,,,,,,,,
1.7,3180,3513.376,140,30,158.2567,,,,,,,,
1.7,3182,3506.125,140,30,158.4477,,,,,,,,
1.7,3184,3498.855,140,30,158.6389,,,,,,,,
1.7,3186,3491.565,140,30,158.8302,,,,,,,,
1.7,3188,3484.255,140,28,158.7731,,,,,,,,
1.7,3190,3476.925,140,26,158.6786,,,,,,,,
1.7,3192,3469.575,140,26,158.8712,,,,,,,,
1.7,3194,3462.205,140,26,159.064,,,,,,,,
1.7,3196,3454.815,140,30,159.7888,,,,,,,,
1.7,3198,3447.404,140,30,159.9809,,,,,,,,
1.7,3200,3439.972,140,30,160.1732,,,,,,,,
1.7,3202,3432.52,140,30,160.3657,,,,,,,,
1.7,3204,3425.047,140,30,160.5582,,,,,,,,
1.7,3206,3417.552,140,30,160.751,,,,,,,,
1.7,3208,3410.037,140,30,160.9439,,,,,,,,
1.7,3210,3402.5,140,30,161.1369,,,,,,,,
1.7,3212,3394.942,140,30,161.33,,,,,,,,
1.7,3214,3387.362,140,30,161.5234,,,,,,,,
1.7,3216,3379.761,140,28,161.4743,,,,,,,,
1.7,3218,3372.138,140,26,161.3889,,,,,,,,
1.7,3220,3364.492,140,26,161.5836,,,,,,,,
1.7,3222,3356.825,140,26,161.7784,,,,,,,,
1.7,3224,3349.135,140,30,162.4921,,,,,,,,
1.7,3226,3341.422,140,30,162.6863,,,,,,,,
1.7,3228,3333.687,140,30,162.8806,,,,,,,,
1.7,3230,3325.93,140,30,163.0751,,,,,,,,
1.7,3232,3318.149,140,30,163.2697,,,,,,,,
1.7,3234,3310.345,140,30,163.4645,,,,,,,,
1.7,3236,3302.518,140,30,163.6594,,,,,,,,
1.7,3238,3294.667,140,30,163.8545,,,,,,,,
1.7,3240,3286.793,140,30,164.0497,,,,,,,,
1.7,3242,3278.895,140,30,164.2451,,,,,,,,
1.7,3244,3270.973,140,30,164.4406,,,,,,,,
1.7,3246,3263.027,140,26,164.1287,,,,,,,,
1.7,3248,3255.056,140,26,164.3255,,,,,,,,
1.7,3250,3247.061,140,28,164.7934,,,,,,,,
1.7,3252,3239.042,140,30,165.2242,,,,,,,,
1.7,3254,3230.997,140,30,165.4204,,,,,,,,
1.7,3256,3222.928,140,30,165.6168,,,,,,,,
1.7,3258,3214.833,140,30,165.8134,,,,,,,,
1.7,3260,3206.713,140,30,166.0101,,,,,,,,
1.7,3262,3198.567,140,30,166.2069,,,,,,,,
1.7,3264,3190.396,140,30,166.404,,,,,,,,
1.7,3266,3182.198,140,30,166.6011,,,,,,,,
1.7,3268,3173.974,140,30,166.7984,,,,,,,,
1.7,3270,3165.724,140,30,166.9959,,,,,,,,
1.7,3272,3157.447,140,26,166.6997,,,,,,,,
1.7,3274,3149.143,140,24,166.5903,,,,,,,,
1.7,3276,3140.813,140,28,167.361,,,,,,,,
1.7,3278,3132.455,140,28,167.5596,,,,,,,,
1.7,3280,3124.069,140,30,167.9855,,,,,,,,
1.7,3282,3115.656,140,30,168.1838,,,,,,,,
1.7,3284,3107.215,140,30,168.3824,,,,,,,,
1.7,3286,3098.746,140,30,168.581,,,,,,,,
1.7,3288,3090.248,140,30,168.7799,,,,,,,,
1.7,3290,3081.722,140,30,168.9789,,,,,,,,
1.7,3292,3073.166,140,30,169.178,,,,,,,,
1.7,3294,3064.582,140,30,169.3773,,,,,,,,
1.7,3296,3055.969,140,30,169.5768,,,,,,,,
1.7,3298,3047.325,140,30,169.7764,,,,,,,,
1.7,3300,3038.652,140,28,169.7543,,,,,,,,
1.7,3302,3029.949,140,28,169.9548,,,,,,,,
1.7,3304,3021.216,140,28,170.1554,,,,,,,,
1.7,3306,3012.451,140,30,170.5763,,,,,,,,
1.7,3308,3003.656,140,30,170.7767,,,,,,,,
1.7,3310,2994.83,140,30,170.9772,,,,,,,,
1.7,3312,2985.973,140,30,171.1779,,,,,,,,
1.7,3314,2977.083,140,30,171.3788,,,,,,,,
1.7,3316,2968.162,140,30,171.5798,,,,,,,,
1.7,3318,2959.208,140,30,171.781,,,,,,,,
1.7,3320,2950.222,140,30,171.9823,,,,,,,,
1.7,3322,2941.202,140,30,172.1838,,,,,,,,
1.7,3324,2932.15,140,30,172.3854,,,,,,,,
1.7,3326,2923.064,140,28,172.3727,,,,,,,,
1.7,3328,2913.944,140,28,172.5753,,,,,,,,
1.7,3330,2904.79,140,28,172.778,,,,,,,,
1.7,3332,2895.602,140,30,173.1936,,,,,,,,
1.7,3334,2886.379,140,30,173.396,,,,,,,,
1.7,3336,2877.121,140,30,173.5986,,,,,,,,
1.7,3338,2867.827,140,30,173.8014,,,,,,,,
1.7,3340,2858.497,140,30,174.0043,,,,,,,,
1.7,3342,2849.132,140,30,174.2074,,,,,,,,
1.7,3344,2839.73,140,30,174.4107,,,,,,,,
1.7,3346,2830.29,140,30,174.6141,,,,,,,,
1.7,3348,2820.814,140,30,174.8177,,,,,,,,
1.7,3350,2811.3,140,28,174.8141,,,,,,,,
1.7,3352,2801.748,140,28,175.0187,,,,,,,,
1.7,3354,2792.158,140,28,175.2234,,,,,,,,
1.7,3356,2782.528,140,30,175.6336,,,,,,,,
1.7,3358,2772.86,140,30,175.838,,,,,,,,
1.7,3360,2763.152,140,30,176.0426,,,,,,,,
1.7,3362,2753.404,140,30,176.2473,,,,,,,,
1.7,3364,2743.615,140,30,176.4522,,,,,,,,
1.7,3366,2733.786,140,30,176.6573,,,,,,,,
1.7,3368,2723.915,140,30,176.8625,,,,,,,,
1.7,3370,2714.002,140,30,177.0679,,,,,,,,
1.7,3372,2704.047,140,30,177.2735,,,,,,,,
1.7,3374,2694.05,140,28,177.2797,,,,,,,,
1.7,3376,2684.009,140,28,177.4863,,,,,,,,
1.7,3378,2673.924,140,28,177.6931,,,,,,,,
1.7,3380,2663.796,140,30,178.0975,,,,,,,,
1.7,3382,2653.622,140,30,178.3039,,,,,,,,
1.7,3384,2643.404,140,30,178.5105,,,,,,,,
1.7,3386,2633.14,140,30,178.7173,,,,,,,,
1.7,3388,2622.829,140,30,178.9243,,,,,,,,
1.7,3390,2612.472,140,30,179.1314,,,,,,,,
1.7,3392,2602.067,140,30,179.3387,,,,,,,,
1.7,3394,2591.614,140,30,179.5462,,,,,,,,
1.7,3396,2581.113,140,28,179.5618,,,,,,,,
1.7,3398,2570.563,140,28,179.7704,,,,,,,,
1.7,3400,2559.962,140,28,179.9791,,,,,,,,
1.7,3402,2549.312,140,30,180.3778,,,,,,,,
1.7,3404,2538.611,140,30,180.5862,,,,,,,,
1.7,3406,2527.858,140,30,180.7947,,,,,,,,
1.7,3408,2517.052,140,30,181.0034,,,,,,,,
1.7,3410,2506.194,140,30,181.2123,,,,,,,,
1.7,3412,2495.282,140,30,181.4214,,,,,,,,
1.7,3414,2484.316,140,30,181.6307,,,,,,,,
1.7,3416,2473.294,140,30,181.8402,,,,,,,,
1.7,3418,2462.217,140,28,181.8659,,,,,,,,
1.7,3420,2451.083,140,28,182.0765,,,,,,,,
1.7,3422,2439.892,140,28,182.2873,,,,,,,,
1.7,3424,2428.642,140,30,182.6798,,,,,,,,
1.7,3426,2417.334,140,30,182.8902,,,,,,,,
1.7,3428,2405.966,140,30,183.1008,,,,,,,,
1.7,3430,2394.537,140,30,183.3115,,,,,,,,
1.7,3432,2383.047,140,30,183.5225,,,,,,,,
1.7,3434,2371.494,140,30,183.7336,,,,,,,,
1.7,3436,2359.878,140,30,183.945,,,,,,,,
1.7,3438,2348.198,140,28,183.9805,,,,,,,,
1.7,3440,2336.452,140,28,184.193,,,,,,,,
1.7,3442,2324.64,140,28,184.4058,,,,,,,,
1.7,3444,2312.761,140,30,184.7923,,,,,,,,
1.7,3446,2300.814,140,30,185.0046,,,,,,,,
1.7,3448,2288.797,140,30,185.2171,,,,,,,,
1.7,3450,2276.71,140,30,185.4298,,,,,,,,
1.7,3452,2264.551,140,30,185.6427,,,,,,,,
1.7,3454,2252.32,140,30,185.8559,,,,,,,,
1.7,3456,2240.014,140,30,186.0692,,,,,,,,
1.7,3458,2227.634,140,28,186.1151,,,,,,,,
1.7,3460,2215.177,140,28,186.3298,,,,,,,,
1.7,3462,2202.642,140,28,186.5446,,,,,,,,
1.7,3464,2190.028,140,30,186.9246,,,,,,,,
1.7,3466,2177.334,140,30,187.139,,,,,,,,
1.7,3468,2164.558,140,30,187.3535,,,,,,,,
1.7,3470,2151.699,140,30,187.5684,,,,,,,,
1.7,3472,2138.755,140,30,187.7834,,,,,,,,
1.7,3474,2125.724,140,30,187.9986,,,,,,,,
1.7,3476,2112.606,140,30,188.2141,,,,,,,,
1.7,3478,2099.398,140,28,188.2712,,,,,,,,
1.7,3480,2086.099,140,26,188.3062,,,,,,,,
1.7,3482,2072.706,140,30,188.8618,,,,,,,,
1.7,3484,2059.219,140,30,189.0781,,,,,,,,
1.7,3486,2045.635,140,30,189.2947,,,,,,,,
1.7,3488,2031.953,140,30,189.5116,,,,,,,,
1.7,3490,2018.169,140,30,189.7286,,,,,,,,
1.7,3492,2004.283,140,30,189.9459,,,,,,,,
1.7,3494,1990.292,140,28,190.0127,,,,,,,,
1.7,3496,1976.194,140,28,190.2315,,,,,,,,
1.7,3498,1961.987,140,26,190.279,,,,,,,,
1.7,3500,1947.667,140,30,190.8175,,,,,,,,
1.7,3502,1933.234,140,30,191.036,,,,,,,,
1.7,3504,1918.683,140,30,191.2548,,,,,,,,
1.7,3506,1904.013,140,30,191.4738,,,,,,,,
1.7,3508,1889.22,140,30,191.6931,,,,,,,,
1.7,3510,1874.302,140,30,191.9126,,,,,,,,
1.7,3512,1859.256,140,26,191.8282,,,,,,,,
1.7,3514,1844.078,140,26,192.0507,,,,,,,,
1.7,3516,1828.766,140,30,192.5729,,,,,,,,
1.7,3518,1813.315,140,30,192.7935,,,,,,,,
1.7,3520,1797.723,140,30,193.0144,,,,,,,,
1.7,3522,1781.985,140,30,193.2356,,,,,,,,
1.7,3524,1766.098,140,30,193.4571,,,,,,,,
1.7,3526,1750.058,140,30,193.6788,,,,,,,,
1.7,3528,1733.86,140,26,193.6164,,,,,,,,
1.7,3530,1717.5,140,28,193.9924,,,,,,,,
1.7,3532,1700.974,140,30,194.346,,,,,,,,
1.7,3534,1684.275,140,30,194.5689,,,,,,,,
1.7,3536,1667.4,140,30,194.7923,,,,,,,,
1.7,3538,1650.343,140,30,195.0159,,,,,,,,
1.7,3540,1633.098,140,30,195.2399,,,,,,,,
1.7,3542,1615.658,140,24,195.0323,,,,,,,,
1.7,3544,1598.019,140,28,195.5668,,,,,,,,
1.7,3546,1580.172,140,30,195.9138,,,,,,,,
1.7,3548,1562.111,140,30,196.1392,,,,,,,,
1.7,3550,1543.829,140,30,196.3649,,,,,,,,
1.7,3552,1525.317,140,30,196.591,,,,,,,,
1.7,3554,1506.567,140,30,196.8175,,,,,,,,
1.7,3556,1487.57,140,28,196.9306,,,,,,,,
1.7,3558,1468.316,140,30,197.2717,,,,,,,,
1.7,3560,1448.795,140,30,197.4994,,,,,,,,
1.7,3562,1428.997,140,30,197.7275,,,,,,,,
1.7,3564,1408.909,140,30,197.9561,,,,,,,,
1.7,3566,1388.519,140,30,198.1852,,,,,,,,
1.7,3568,1367.813,140,28,198.3098,,,,,,,,
1.7,3570,1346.777,140,30,198.6447,,,,,,,,
1.7,3572,1325.395,140,30,198.8752,,,,,,,,
1.7,3574,1303.65,140,30,199.1062,,,,,,,,
1.7,3576,1281.524,140,30,199.3378,,,,,,,,
1.7,3578,1258.996,140,30,199.5699,,,,,,,,
1.7,3580,1236.045,140,28,199.7077,,,,,,,,
1.7,3582,1212.647,140,30,200.0359,,,,,,,,
1.7,3584,1188.774,140,30,200.2699,,,,,,,,
1.7,3586,1164.398,140,30,200.5046,,,,,,,,
1.7,3588,1139.488,140,30,200.74,,,,,,,,
1.7,3590,1114.005,140,28,200.8904,,,,,,,,
1.7,3592,1087.912,140,30,201.213,,,,,,,,
1.7,3594,1061.162,140,30,201.4507,,,,,,,,
1.7,3596,1033.704,140,30,201.6894,,,,,,,,
1.7,3598,1005.481,140,28,201.8516,,,,,,,,
1.7,3600,976.426,140,28,202.0944,,,,,,,,
1.7,3602,946.463,140,30,202.4114,,,,,,,,
1.7,3604,915.502,140,30,202.6544,,,,,,,,
1.7,3606,883.439,140,30,202.8987,,,,,,,,
1.7,3608,850.148,140,30,203.1445,,,,,,,,
1.7,3610,815.48,140,30,203.3919,,,,,,,,
1.7,3612,779.251,140,30,203.6412,,,,,,,,
1.7,3614,741.231,140,28,203.8353,,,,,,,,
1.7,3616,701.13,140,30,204.1462,,,,,,,,
1.7,3618,658.568,140,30,204.4027,,,,,,,,
1.7,3620,613.032,140,28,204.6152,,,,,,,,
1.7,3622,563.801,140,30,204.9266,,,,,,,,
1.7,3624,509.808,140,30,205.1959,,,,,,,,
1.7,3626,449.337,140,30,205.4724,,,,,,,,
1.7,3628,379.304,140,28,205.73,,,,,,,,
1.7,3630,292.93,140,30,206.0642,,,,,,,,
2.2,1844,4757.085,100,38,80.2162,,,,,,,,
2.2,1846,4753.981,100,38,80.3547,,,,,,,,
2.2,1848,4750.872,100,38,80.4935,,,,,,,,
2.2,1850,4747.758,100,38,80.6324,,,,,,,,
2.2,1852,4744.638,100,38,80.7714,,,,,,,,
2.2,1854,4741.512,100,38,80.9106,,,,,,,,
2.2,1856,4738.382,100,38,81.05,,,,,,,,
2.2,1858,4735.245,100,38,81.1895,,,,,,,,
2.2,1860,4732.103,100,38,81.3292,,,,,,,,
2.2,1862,4728.956,100,38,81.469,,,,,,,,
2.2,1864,4725.804,100,38,81.609,,,,,,,,
2.2,1866,4722.645,100,38,81.7492,,,,,,,,
2.2,1868,4719.482,100,38,81.8895,,,,,,,,
2.2,1870,4716.312,100,38,82.0299,,,,,,,,
2.2,1872,4713.138,100,38,82.1706,,,,,,,,
2.2,1874,4709.957,105,38,82.1782,,,,,,,,
2.2,1876,4706.772,105,38,82.3191,,,,,,,,
2.2,1878,4703.58,105,38,82.4602,,,,,,,,
2.2,1880,4700.383,105,38,82.6014,,,,,,,,
2.2,1882,4697.181,100,36,82.728,,,,,,,,
2.2,1884,4693.973,100,36,82.8696,,,,,,,,
2.2,1886,4690.759,100,36,83.0113,,,,,,,,
2.2,1888,4687.54,100,36,83.1532,,,,,,,,
2.2,1890,4684.315,100,36,83.2952,,,,,,,,
2.2,1892,4681.084,100,36,83.4374,,,,,,,,
2.2,1894,4677.848,100,38,83.7279,,,,,,,,
2.2,1896,4674.606,105,38,83.7371,,,,,,,,
2.2,1898,4671.358,105,38,83.8797,,,,,,,,
2.2,1900,4668.105,105,38,84.0226,,,,,,,,
2.2,1902,4664.846,105,38,84.1655,,,,,,,,
2.2,1904,4661.581,105,38,84.3087,,,,,,,,
2.2,1906,4658.311,105,38,84.452,,,,,,,,
2.2,1908,4655.035,110,38,84.462,,,,,,,,
2.2,1910,4651.753,110,38,84.6056,,,,,,,,
2.2,1912,4648.465,110,38,84.7494,,,,,,,,
2.2,1914,4645.172,110,38,84.8933,,,,,,,,
2.2,1916,4641.872,110,38,85.0374,,,,,,,,
2.2,1918,4638.567,110,38,85.1816,,,,,,,,
2.2,1920,4635.257,110,38,85.326,,,,,,,,
2.2,1922,4631.94,110,38,85.4706,,,,,,,,
2.2,1924,4628.617,110,38,85.6153,,,,,,,,
2.2,1926,4625.289,110,38,85.7602,,,,,,,,
2.2,1928,4621.955,110,38,85.9052,,,,,,,,
2.2,1930,4618.615,110,38,86.0504,,,,,,,,
2.2,1932,4615.269,110,38,86.1958,,,,,,,,
2.2,1934,4611.917,105,36,86.319,,,,,,,,
2.2,1936,4608.559,105,36,86.4647,,,,,,,,
2.2,1938,4605.196,105,36,86.6105,,,,,,,,
2.2,1940,4601.826,105,36,86.7565,,,,,,,,
2.2,1942,4598.451,105,36,86.9027,,,,,,,,
2.2,1944,4595.069,100,38,87.3385,,,,,,,,
2.2,1946,4591.682,110,38,87.2177,,,,,,,,
2.2,1948,4588.288,115,38,87.2307,,,,,,,,
2.2,1950,4584.889,115,38,87.3775,,,,,,,,
2.2,1952,4581.483,115,38,87.5244,,,,,,,,
2.2,1954,4578.072,115,38,87.6715,,,,,,,,
2.2,1956,4574.654,115,38,87.8188,,,,,,,,
2.2,1958,4571.23,115,38,87.9662,,,,,,,,
2.2,1960,4567.801,115,38,88.1138,,,,,,,,
2.2,1962,4564.365,115,38,88.2615,,,,,,,,
2.2,1964,4560.923,115,38,88.4094,,,,,,,,
2.2,1966,4557.475,115,38,88.5575,,,,,,,,
2.2,1968,4554.021,115,38,88.7057,,,,,,,,
2.2,1970,4550.561,115,38,88.8541,,,,,,,,
2.2,1972,4547.094,115,38,89.0026,,,,,,,,
2.2,1974,4543.622,115,38,89.1513,,,,,,,,
2.2,1976,4540.143,120,38,89.1664,,,,,,,,
2.2,1978,4536.658,120,38,89.3154,,,,,,,,
2.2,1980,4533.167,120,38,89.4646,,,,,,,,
2.2,1982,4529.67,120,38,89.614,,,,,,,,
2.2,1984,4526.166,115,36,89.7263,,,,,,,,
2.2,1986,4522.656,115,36,89.876,,,,,,,,
2.2,1988,4519.14,115,36,90.0258,,,,,,,,
2.2,1990,4515.618,115,36,90.1758,,,,,,,,
2.2,1992,4512.089,105,34,90.4339,,,,,,,,
2.2,1994,4508.554,110,34,90.4347,,,,,,,,
2.2,1996,4505.013,110,38,90.9313,,,,,,,,
2.2,1998,4501.465,120,38,90.8145,,,,,,,,
2.2,2000,4497.911,120,38,90.9652,,,,,,,,
2.2,2002,4494.351,120,38,91.1162,,,,,,,,
2.2,2004,4490.784,120,38,91.2673,,,,,,,,
2.2,2006,4487.211,125,38,91.2848,,,,,,,,
2.2,2008,4483.631,125,38,91.4362,,,,,,,,
2.2,2010,4480.045,125,38,91.5878,,,,,,,,
2.2,2012,4476.453,125,38,91.7396,,,,,,,,
2.2,2014,4472.854,125,38,91.8915,,,,,,,,
2.2,2016,4469.248,125,38,92.0436,,,,,,,,
2.2,2018,4465.636,125,38,92.1958,,,,,,,,
2.2,2020,4462.018,125,38,92.3482,,,,,,,,
2.2,2022,4458.393,125,38,92.5008,,,,,,,,
2.2,2024,4454.761,125,38,92.6535,,,,,,,,
2.2,2026,4451.123,125,38,92.8064,,,,,,,,
2.2,2028,4447.479,125,38,92.9594,,,,,,,,
2.2,2030,4443.828,125,38,93.1126,,,,,,,,
2.2,2032,4440.17,125,38,93.266,,,,,,,,
2.2,2034,4436.505,120,36,93.375,,,,,,,,
2.2,2036,4432.834,120,36,93.5287,,,,,,,,
2.2,2038,4429.157,120,36,93.6825,,,,,,,,
2.2,2040,4425.472,115,34,93.7867,,,,,,,,
2.2,2042,4421.781,115,34,93.9409,,,,,,,,
2.2,2044,4418.083,115,34,94.0953,,,,,,,,
2.2,2046,4414.379,120,38,94.4776,,,,,,,,
2.2,2048,4410.667,130,38,94.3651,,,,,,,,
2.2,2050,4406.949,130,38,94.52,,,,,,,,
2.2,2052,4403.225,130,38,94.675,,,,,,,,
2.2,2054,4399.493,130,38,94.8301,,,,,,,,
2.2,2056,4395.755,130,38,94.9854,,,,,,,,
2.2,2058,4392.009,130,38,95.1409,,,,,,,,
2.2,2060,4388.257,130,38,95.2966,,,,,,,,
2.2,2062,4384.499,130,38,95.4524,,,,,,,,
2.2,2064,4380.733,130,38,95.6083,,,,,,,,
2.2,2066,4376.96,135,38,95.631,,,,,,,,
2.2,2068,4373.18,135,38,95.7873,,,,,,,,
2.2,2070,4369.394,135,38,95.9438,,,,,,,,
2.2,2072,4365.6,135,38,96.1004,,,,,,,,
2.2,2074,4361.8,135,38,96.2572,,,,,,,,
2.2,2076,4357.993,135,38,96.4141,,,,,,,,
2.2,2078,4354.178,135,38,96.5713,,,,,,,,
2.2,2080,4350.357,135,38,96.7285,,,,,,,,
2.2,2082,4346.528,135,38,96.886,,,,,,,,
2.2,2084,4342.693,130,36,96.9843,,,,,,,,
2.2,2086,4338.85,120,34,97.2249,,,,,,,,
2.2,2088,4335.0,120,34,97.3828,,,,,,,,
2.2,2090,4331.143,125,34,97.392,,,,,,,,
2.2,2092,4327.279,125,34,97.5502,,,,,,,,
2.2,2094,4323.408,125,38,98.1004,,,,,,,,
2.2,2096,4319.53,135,38,97.9927,,,,,,,,
2.2,2098,4315.644,140,38,98.0182,,,,,,,,
2.2,2100,4311.752,140,38,98.1772,,,,,,,,
2.2,2102,4307.852,140,38,98.3363,,,,,,,,
2.2,2104,4303.945,140,38,98.4955,,,,,,,,
2.2,2106,4300.03,140,38,98.6549,,,,,,,,
2.2,2108,4296.108,140,38,98.8145,,,,,,,,
2.2,2110,4292.179,140,38,98.9743,,,,,,,,
2.2,2112,4288.243,140,38,99.1342,,,,,,,,
2.2,2114,4284.299,140,38,99.2943,,,,,,,,
2.2,2116,4280.348,140,38,99.4545,,,,,,,,
2.2,2118,4276.39,140,38,99.6149,,,,,,,,
2.2,2120,4272.424,140,38,99.7755,,,,,,,,
2.2,2122,4268.45,140,38,99.9362,,,,,,,,
2.2,2124,4264.469,140,38,100.0971,,,,,,,,
2.2,2126,4260.481,140,38,100.2582,,,,,,,,
2.2,2128,4256.485,140,38,100.4194,,,,,,,,
2.2,2130,4252.482,135,36,100.5144,,,,,,,,
2.2,2132,4248.471,130,34,100.6018,,,,,,,,
2.2,2134,4244.453,130,34,100.7636,,,,,,,,
2.2,2136,4240.427,130,34,100.9255,,,,,,,,
2.2,2138,4236.393,130,34,101.0875,,,,,,,,
2.2,2140,4232.352,135,36,101.3239,,,,,,,,
2.2,2142,4228.303,140,38,101.5526,,,,,,,,
2.2,2144,4224.247,140,38,101.7151,,,,,,,,
2.2,2146,4220.182,140,38,101.8778,,,,,,,,
2.2,2148,4216.11,140,38,102.0406,,,,,,,,
2.2,2150,4212.031,140,38,102.2037,,,,,,,,
2.2,2152,4207.943,140,38,102.3669,,,,,,,,
2.2,2154,4203.848,140,38,102.5302,,,,,,,,
2.2,2156,4199.745,140,38,102.6937,,,,,,,,
2.2,2158,4195.634,140,38,102.8574,,,,,,,,
2.2,2160,4191.516,140,38,103.0213,,,,,,,,
2.2,2162,4187.389,140,38,103.1853,,,,,,,,
2.2,2164,4183.255,140,38,103.3494,,,,,,,,
2.2,2166,4179.112,140,38,103.5138,,,,,,,,
2.2,2168,4174.962,140,38,103.6783,,,,,,,,
2.2,2170,4170.804,140,38,103.843,,,,,,,,
2.2,2172,4166.637,140,38,104.0078,,,,,,,,
2.2,2174,4162.463,140,38,104.1728,,,,,,,,
2.2,2176,4158.281,140,34,103.9033,,,,,,,,
2.2,2178,4154.09,140,34,104.0688,,,,,,,,
2.2,2180,4149.892,140,34,104.2344,,,,,,,,
2.2,2182,4145.685,140,34,104.4002,,,,,,,,
2.2,2184,4141.471,140,36,104.7953,,,,,,,,
2.2,2186,4137.248,140,36,104.9614,,,,,,,,
2.2,2188,4133.017,140,38,105.3324,,,,,,,,
2.2,2190,4128.777,140,38,105.4987,,,,,,,,
2.2,2192,4124.53,140,38,105.6652,,,,,,,,
2.2,2194,4120.274,140,38,105.8318,,,,,,,,
2.2,2196,4116.01,140,38,105.9986,,,,,,,,
2.2,2198,4111.738,140,38,106.1656,,,,,,,,
2.2,2200,4107.457,140,38,106.3327,,,,,,,,
2.2,2202,4103.168,140,38,106.5,,,,,,,,
2.2,2204,4098.87,140,38,106.6675,,,,,,,,
2.2,2206,4094.565,140,38,106.8351,,,,,,,,
2.2,2208,4090.25,140,38,107.0029,,,,,,,,
2.2,2210,4085.927,140,38,107.1709,,,,,,,,
2.2,2212,4081.596,140,38,107.339,,,,,,,,
2.2,2214,4077.256,140,38,107.5073,,,,,,,,
2.2,2216,4072.908,140,38,107.6757,,,,,,,,
2.2,2218,4068.551,140,38,107.8444,,,,,,,,
2.2,2220,4064.185,140,34,107.582,,,,,,,,
2.2,2222,4059.811,140,32,107.495,,,,,,,,
2.2,2224,4055.428,140,32,107.6644,,,,,,,,
2.2,2226,4051.037,140,36,108.3172,,,,,,,,
2.2,2228,4046.637,140,36,108.4867,,,,,,,,
2.2,2230,4042.228,140,36,108.6564,,,,,,,,
2.2,2232,4037.81,140,38,109.0293,,,,,,,,
2.2,2234,4033.383,140,38,109.1993,,,,,,,,
2.2,2236,4028.948,140,38,109.3694,,,,,,,,
2.2,2238,4024.503,140,38,109.5397,,,,,,,,
2.2,2240,4020.05,140,38,109.7101,,,,,,,,
2.2,2242,4015.588,140,38,109.8807,,,,,,,,
2.2,2244,4011.117,140,38,110.0515,,,,,,,,
2.2,2246,4006.637,140,38,110.2224,,,,,,,,
2.2,2248,4002.148,140,38,110.3935,,,,,,,,
2.2,2250,3997.65,140,38,110.5648,,,,,,,,
2.2,2252,3993.143,140,38,110.7362,,,,,,,,
2.2,2254,3988.626,140,38,110.9078,,,,,,,,
2.2,2256,3984.101,140,38,111.0796,,,,,,,,
2.2,2258,3979.566,140,38,111.2515,,,,,,,,
2.2,2260,3975.022,140,38,111.4236,,,,,,,,
2.2,2262,3970.469,140,38,111.5959,,,,,,,,
2.2,2264,3965.907,140,32,111.0878,,,,,,,,
2.2,2266,3961.336,140,32,111.2607,,,,,,,,
2.2,2268,3956.755,140,36,111.9123,,,,,,,,
2.2,2270,3952.164,140,36,112.0854,,,,,,,,
2.2,2272,3947.565,140,36,112.2586,,,,,,,,
2.2,2274,3942.956,140,38,112.6329,,,,,,,,
2.2,2276,3938.337,140,38,112.8064,,,,,,,,
2.2,2278,3933.709,140,38,112.98,,,,,,,,
2.2,2280,3929.072,140,38,113.1537,,,,,,,,
2.2,2282,3924.424,140,38,113.3276,,,,,,,,
2.2,2284,3919.768,140,38,113.5017,,,,,,,,
2.2,2286,3915.101,140,38,113.676,,,,,,,,
2.2,2288,3910.425,140,38,113.8504,,,,,,,,
2.2,2290,3905.74,140,38,114.025,,,,,,,,
2.2,2292,3901.044,140,38,114.1998,,,,,,,,
2.2,2294,3896.339,140,38,114.3747,,,,,,,,
2.2,2296,3891.624,140,38,114.5498,,,,,,,,
2.2,2298,3886.899,140,38,114.725,,,,,,,,
2.2,2300,3882.165,140,38,114.9005,,,,,,,,
2.2,2302,3877.42,140,38,115.076,,,,,,,,
2.2,2304,3872.666,140,38,115.2518,,,,,,,,
2.2,2306,3867.901,140,36,115.2285,,,,,,,,
2.2,2308,3863.127,140,36,115.4047,,,,,,,,
2.2,2310,3858.342,140,36,115.5811,,,,,,,,
2.2,2312,3853.547,140,36,115.7577,,,,,,,,
2.2,2314,3848.743,140,36,115.9344,,,,,,,,
2.2,2316,3843.928,140,38,116.3099,,,,,,,,
2.2,2318,3839.102,140,38,116.4868,,,,,,,,
2.2,2320,3834.267,140,38,116.6639,,,,,,,,
2.2,2322,3829.421,140,38,116.8411,,,,,,,,
2.2,2324,3824.565,140,38,117.0186,,,,,,,,
2.2,2326,3819.699,140,38,117.1962,,,,,,,,
2.2,2328,3814.822,140,38,117.3739,,,,,,,,
2.2,2330,3809.935,140,38,117.5519,,,,,,,,
2.2,2332,3805.037,140,38,117.73,,,,,,,,
2.2,2334,3800.129,140,38,117.9082,,,,,,,,
2.2,2336,3795.21,140,38,118.0867,,,,,,,,
2.2,2338,3790.281,140,38,118.2653,,,,,,,,
2.2,2340,3785.341,140,38,118.444,,,,,,,,
2.2,2342,3780.39,140,38,118.623,,,,,,,,
2.2,2344,3775.428,140,38,118.8021,,,,,,,,
2.2,2346,3770.456,140,38,118.9814,,,,,,,,
2.2,2348,3765.473,140,36,118.9643,,,,,,,,
2.2,2350,3760.479,140,36,119.1441,,,,,,,,
2.2,2352,3755.474,140,36,119.324,,,,,,,,
2.2,2354,3750.459,140,36,119.5041,,,,,,,,
2.2,2356,3745.432,140,36,119.6843,,,,,,,,
2.2,2358,3740.394,140,38,120.0605,,,,,,,,
2.2,2360,3735.345,140,38,120.241,,,,,,,,
2.2,2362,3730.285,140,38,120.4216,,,,,,,,
2.2,2364,3725.214,140,38,120.6024,,,,,,,,
2.2,2366,3720.132,140,38,120.7834,,,,,,,,
2.2,2368,3715.038,140,38,120.9645,,,,,,,,
2.2,2370,3709.933,140,38,121.1458,,,,,,,,
2.2,2372,3704.817,140,38,121.3272,,,,,,,,
2.2,2374,3699.689,140,38,121.5089,,,,,,,,
2.2,2376,3694.55,140,38,121.6907,,,,,,,,
2.2,2378,3689.399,140,38,121.8726,,,,,,,,
2.2,2380,3684.237,140,38,122.0548,,,,,,,,
2.2,2382,3679.063,140,38,122.2371,,,,,,,,
2.2,2384,3673.878,140,38,122.4196,,,,,,,,
2.2,2386,3668.681,140,38,122.6022,,,,,,,,
2.2,2388,3663.472,140,36,122.5915,,,,,,,,
2.2,2390,3658.251,140,36,122.7747,,,,,,,,
2.2,2392,3653.019,140,36,122.958,,,,,,,,
2.2,2394,3647.775,140,36,123.1415,,,,,,,,
2.2,2396,3642.518,140,36,123.3251,,,,,,,,
2.2,2398,3637.25,140,38,123.7016,,,,,,,,
2.2,2400,3631.97,140,38,123.8855,,,,,,,,
2.2,2402,3626.677,140,38,124.0695,,,,,,,,
2.2,2404,3621.373,140,38,124.2536,,,,,,,,
2.2,2406,3616.056,140,38,124.438,,,,,,,,
2.2,2408,3610.727,140,38,124.6225,,,,,,,,
2.2,2410,3605.385,140,38,124.8072,,,,,,,,
2.2,2412,3600.032,140,38,124.992,,,,,,,,
2.2,2414,3594.665,140,38,125.177,,,,,,,,
2.2,2416,3589.287,140,38,125.3622,,,,,,,,
2.2,2418,3583.896,140,38,125.5476,,,,,,,,
2.2,2420,3578.492,140,38,125.7331,,,,,,,,
2.2,2422,3573.075,140,38,125.9188,,,,,,,,
2.2,2424,3567.646,140,38,126.1047,,,,,,,,
2.2,2426,3562.204,140,36,126.1004,,,,,,,,
2.2,2428,3556.75,140,36,126.2868,,,,,,,,
2.2,2430,3551.282,140,36,126.4734,,,,,,,,
2.2,2432,3545.801,140,36,126.6601,,,,,,,,
2.2,2434,3540.308,140,36,126.847,,,,,,,,
2.2,2436,3534.801,140,38,127.2235,,,,,,,,
2.2,2438,3529.281,140,38,127.4106,,,,,,,,
2.2,2440,3523.748,140,38,127.5978,,,,,,,,
2.2,2442,3518.202,140,38,127.7852,,,,,,,,
2.2,2444,3512.643,140,38,127.9728,,,,,,,,
2.2,2446,3507.07,140,38,128.1605,,,,,,,,
2.2,2448,3501.484,140,38,128.3484,,,,,,,,
2.2,2450,3495.884,140,38,128.5365,,,,,,,,
2.2,2452,3490.27,140,38,128.7248,,,,,,,,
2.2,2454,3484.643,140,38,128.9132,,,,,,,,
2.2,2456,3479.003,140,38,129.1018,,,,,,,,
2.2,2458,3473.348,140,38,129.2906,,,,,,,,
2.2,2460,3467.68,140,38,129.4796,,,,,,,,
2.2,2462,3461.998,140,38,129.6687,,,,,,,,
2.2,2464,3456.301,140,36,129.6713,,,,,,,,
2.2,2466,3450.591,140,36,129.861,,,,,,,,
2.2,2468,3444.867,140,36,130.0508,,,,,,,,
2.2,2470,3439.128,140,36,130.2408,,,,,,,,
2.2,2472,3433.375,140,36,130.431,,,,,,,,
2.2,2474,3427.608,140,38,130.807,,,,,,,,
2.2,2476,3421.827,140,38,130.9974,,,,,,,,
2.2,2478,3416.031,140,38,131.1879,,,,,,,,
2.2,2480,3410.22,140,38,131.3785,,,,,,,,
2.2,2482,3404.395,140,38,131.5694,,,,,,,,
2.2,2484,3398.555,140,38,131.7604,,,,,,,,
2.2,2486,3392.701,140,38,131.9516,,,,,,,,
2.2,2488,3386.831,140,38,132.143,,,,,,,,
2.2,2490,3380.947,140,38,132.3345,,,,,,,,
2.2,2492,3375.048,140,38,132.5262,,,,,,,,
2.2,2494,3369.133,140,38,132.7181,,,,,,,,
2.2,2496,3363.204,140,38,132.9102,,,,,,,,
2.2,2498,3357.259,140,38,133.1024,,,,,,,,
2.2,2500,3351.299,140,38,133.2948,,,,,,,,
2.2,2502,3345.323,140,36,133.3047,,,,,,,,
2.2,2504,3339.332,140,36,133.4977,,,,,,,,
2.2,2506,3333.326,140,36,133.6909,,,,,,,,
2.2,2508,3327.303,140,36,133.8842,,,,,,,,
2.2,2510,3321.265,140,38,134.2594,,,,,,,,
2.2,2512,3315.212,140,38,134.4529,,,,,,,,
2.2,2514,3309.142,140,38,134.6465,,,,,,,,
2.2,2516,3303.056,140,38,134.8403,,,,,,,,
2.2,2518,3296.954,140,38,135.0343,,,,,,,,
2.2,2520,3290.836,140,38,135.2284,,,,,,,,
2.2,2522,3284.702,140,38,135.4227,,,,,,,,
2.2,2524,3278.551,140,38,135.6172,,,,,,,,
2.2,2526,3272.384,140,38,135.8119,,,,,,,,
2.2,2528,3266.201,140,38,136.0067,,,,,,,,
2.2,2530,3260.001,140,38,136.2018,,,,,,,,
2.2,2532,3253.784,140,38,136.397,,,,,,,,
2.2,2534,3247.55,140,38,136.5923,,,,,,,,
2.2,2536,3241.299,140,36,136.6093,,,,,,,,
2.2,2538,3235.031,140,36,136.8052,,,,,,,,
2.2,2540,3228.746,140,36,137.0014,,,,,,,,
2.2,2542,3222.444,140,36,137.1977,,,,,,,,
2.2,2544,3216.125,140,36,137.3942,,,,,,,,
2.2,2546,3209.788,140,38,137.7683,,,,,,,,
2.2,2548,3203.434,140,38,137.9649,,,,,,,,
2.2,2550,3197.062,140,38,138.1617,,,,,,,,
2.2,2552,3190.672,140,38,138.3586,,,,,,,,
2.2,2554,3184.264,140,38,138.5557,,,,,,,,
2.2,2556,3177.839,140,38,138.7531,,,,,,,,
2.2,2558,3171.395,140,38,138.9505,,,,,,,,
2.2,2560,3164.933,140,38,139.1482,,,,,,,,
2.2,2562,3158.453,140,38,139.3461,,,,,,,,
2.2,2564,3151.955,140,38,139.5441,,,,,,,,
2.2,2566,3145.438,140,38,139.7423,,,,,,,,
2.2,2568,3138.902,140,38,139.9406,,,,,,,,
2.2,2570,3132.348,140,38,140.1392,,,,,,,,
2.2,2572,3125.775,140,36,140.164,,,,,,,,
2.2,2574,3119.182,140,36,140.3632,,,,,,,,
2.2,2576,3112.571,140,36,140.5625,,,,,,,,
2.2,2578,3105.941,140,36,140.7621,,,,,,,,
2.2,2580,3099.291,140,38,141.1346,,,,,,,,
2.2,2582,3092.621,140,38,141.3343,,,,,,,,
2.2,2584,3085.932,140,38,141.5341,,,,,,,,
2.2,2586,3079.224,140,38,141.734,,,,,,,,
2.2,2588,3072.495,140,38,141.9342,,,,,,,,
2.2,2590,3065.747,140,38,142.1345,,,,,,,,
2.2,2592,3058.978,140,38,142.3351,,,,,,,,
2.2,2594,3052.189,140,38,142.5357,,,,,,,,
2.2,2596,3045.38,140,38,142.7366,,,,,,,,
2.2,2598,3038.55,140,38,142.9377,,,,,,,,
2.2,2600,3031.7,140,38,143.1389,,,,,,,,
2.2,2602,3024.828,140,38,143.3403,,,,,,,,
2.2,2604,3017.936,140,36,143.3726,,,,,,,,
2.2,2606,3011.023,140,36,143.5746,,,,,,,,
2.2,2608,3004.088,140,36,143.7769,,,,,,,,
2.2,2610,2997.133,140,36,143.9793,,,,,,,,
2.2,2612,2990.155,140,38,144.3501,,,,,,,,
2.2,2614,2983.156,140,38,144.5526,,,,,,,,
2.2,2616,2976.135,140,38,144.7553,,,,,,,,
2.2,2618,2969.092,140,38,144.9582,,,,,,,,
2.2,2620,2962.027,140,38,145.1612,,,,,,,,
2.2,2622,2954.939,140,38,145.3645,,,,,,,,
2.2,2624,2947.83,140,38,145.5679,,,,,,,,
2.2,2626,2940.697,140,38,145.7715,,,,,,,,
2.2,2628,2933.542,140,38,145.9753,,,,,,,,
2.2,2630,2926.363,140,38,146.1792,,,,,,,,
2.2,2632,2919.162,140,38,146.3834,,,,,,,,
2.2,2634,2911.937,140,38,146.5877,,,,,,,,
2.2,2636,2904.689,140,36,146.6278,,,,,,,,
2.2,2638,2897.417,140,36,146.8328,,,,,,,,
2.2,2640,2890.122,140,36,147.0381,,,,,,,,
2.2,2642,2882.802,140,36,147.2434,,,,,,,,
2.2,2644,2875.458,140,38,147.6121,,,,,,,,
2.2,2646,2868.09,140,38,147.8175,,,,,,,,
2.2,2648,2860.697,140,38,148.0231,,,,,,,,
2.2,2650,2853.279,140,38,148.2289,,,,,,,,
2.2,2652,2845.837,140,38,148.4349,,,,,,,,
2.2,2654,2838.369,140,38,148.6411,,,,,,,,
2.2,2656,2830.876,140,38,148.8475,,,,,,,,
2.2,2658,2823.357,140,38,149.054,,,,,,,,
2.2,2660,2815.813,140,38,149.2607,,,,,,,,
2.2,2662,2808.243,140,38,149.4677,,,,,,,,
2.2,2664,2800.646,140,38,149.6748,,,,,,,,
2.2,2666,2793.023,140,38,149.8821,,,,,,,,
2.2,2668,2785.374,140,36,149.9306,,,,,,,,
2.2,2670,2777.697,140,36,150.1386,,,,,,,,
2.2,2672,2769.994,140,36,150.3468,,,,,,,,
2.2,2674,2762.263,140,34,150.3787,,,,,,,,
2.2,2676,2754.505,140,38,150.9213,,,,,,,,
2.2,2678,2746.719,140,38,151.1297,,,,,,,,
2.2,2680,2738.905,140,38,151.3383,,,,,,,,
2.2,2682,2731.063,140,38,151.5471,,,,,,,,
2.2,2684,2723.193,140,38,151.7561,,,,,,,,
2.2,2686,2715.294,140,38,151.9653,,,,,,,,
2.2,2688,2707.365,140,38,152.1747,,,,,,,,
2.2,2690,2699.408,140,38,152.3842,,,,,,,,
2.2,2692,2691.421,140,38,152.594,,,,,,,,
2.2,2694,2683.404,140,38,152.8039,,,,,,,,
2.2,2696,2675.358,140,38,153.014,,,,,,,,
2.2,2698,2667.281,140,36,153.071,,,,,,,,
2.2,2700,2659.173,140,36,153.2819,,,,,,,,
2.2,2702,2651.035,140,34,153.3224,,,,,,,,
2.2,2704,2642.866,140,38,153.8565,,,,,,,,
2.2,2706,2634.665,140,38,154.0676,,,,,,,,
2.2,2708,2626.432,140,38,154.2788,,,,,,,,
2.2,2710,2618.168,140,38,154.4903,,,,,,,,
2.2,2712,2609.871,140,38,154.702,,,,,,,,
2.2,2714,2601.542,140,38,154.9139,,,,,,,,
2.2,2716,2593.179,140,38,155.1259,,,,,,,,
2.2,2718,2584.784,140,38,155.3382,,,,,,,,
2.2,2720,2576.355,140,38,155.5506,,,,,,,,
2.2,2722,2567.892,140,38,155.7633,,,,,,,,
2.2,2724,2559.394,140,38,155.9761,,,,,,,,
2.2,2726,2550.862,140,36,156.0415,,,,,,,,
2.2,2728,2542.296,140,36,156.2552,,,,,,,,
2.2,2730,2533.694,140,34,156.3049,,,,,,,,
2.2,2732,2525.056,140,38,156.8295,,,,,,,,
2.2,2734,2516.382,140,38,157.0433,,,,,,,,
2.2,2736,2507.672,140,38,157.2573,,,,,,,,
2.2,2738,2498.925,140,38,157.4715,,,,,,,,
2.2,2740,2490.141,140,38,157.686,,,,,,,,
2.2,2742,2481.32,140,38,157.9006,,,,,,,,
2.2,2744,2472.46,140,38,158.1154,,,,,,,,
2.2,2746,2463.562,140,38,158.3305,,,,,,,,
2.2,2748,2454.626,140,38,158.5457,,,,,,,,
2.2,2750,2445.65,140,38,158.7611,,,,,,,,
2.2,2752,2436.634,140,38,158.9768,,,,,,,,
2.2,2754,2427.579,140,34,158.8929,,,,,,,,
2.2,2756,2418.483,140,34,159.11,,,,,,,,
2.2,2758,2409.346,140,34,159.3272,,,,,,,,
2.2,2760,2400.167,140,38,159.8413,,,,,,,,
2.2,2762,2390.947,140,38,160.058,,,,,,,,
2.2,2764,2381.684,140,38,160.2749,,,,,,,,
2.2,2766,2372.378,140,38,160.4919,,,,,,,,
2.2,2768,2363.029,140,38,160.7092,,,,,,,,
2.2,2770,2353.636,140,38,160.9267,,,,,,,,
2.2,2772,2344.199,140,38,161.1444,,,,,,,,
2.2,2774,2334.716,140,38,161.3623,,,,,,,,
2.2,2776,2325.188,140,38,161.5804,,,,,,,,
2.2,2778,2315.614,140,36,161.663,,,,,,,,
2.2,2780,2305.993,140,34,161.7308,,,,,,,,
2.2,2782,2296.325,140,32,161.7811,,,,,,,,
2.2,2784,2286.609,140,38,162.4549,,,,,,,,
2.2,2786,2276.844,140,38,162.6741,,,,,,,,
2.2,2788,2267.031,140,38,162.8935,,,,,,,,
2.2,2790,2257.167,140,38,163.1131,,,,,,,,
2.2,2792,2247.253,140,38,163.3329,,,,,,,,
2.2,2794,2237.288,140,38,163.5529,,,,,,,,
2.2,2796,2227.272,140,38,163.7732,,,,,,,,
2.2,2798,2217.203,140,38,163.9936,,,,,,,,
2.2,2800,2207.08,140,38,164.2143,,,,,,,,
2.2,2802,2196.904,140,38,164.4352,,,,,,,,
2.2,2804,2186.673,140,32,164.221,,,,,,,,
2.2,2806,2176.387,140,36,164.7493,,,,,,,,
2.2,2808,2166.044,140,36,164.9714,,,,,,,,
2.2,2810,2155.645,140,38,165.321,,,,,,,,
2.2,2812,2145.187,140,38,165.543,,,,,,,,
2.2,2814,2134.671,140,38,165.7653,,,,,,,,
2.2,2816,2124.095,140,38,165.9877,,,,,,,,
2.2,2818,2113.459,140,38,166.2104,,,,,,,,
2.2,2820,2102.761,140,38,166.4333,,,,,,,,
2.2,2822,2092.001,140,38,166.6565,,,,,,,,
2.2,2824,2081.177,140,38,166.8798,,,,,,,,
2.2,2826,2070.29,140,32,166.6892,,,,,,,,
2.2,2828,2059.337,140,36,167.2052,,,,,,,,
2.2,2830,2048.317,140,36,167.4298,,,,,,,,
2.2,2832,2037.23,140,38,167.7756,,,,,,,,
2.2,2834,2026.075,140,38,168.0002,,,,,,,,
2.2,2836,2014.85,140,38,168.225,,,,,,,,
2.2,2838,2003.554,140,38,168.45,,,,,,,,
2.2,2840,1992.186,140,38,168.6752,,,,,,,,
2.2,2842,1980.744,140,38,168.9007,,,,,,,,
2.2,2844,1969.228,140,38,169.1265,,,,,,,,
2.2,2846,1957.636,140,38,169.3525,,,,,,,,
2.2,2848,1945.967,140,34,169.3332,,,,,,,,
2.2,2850,1934.219,140,36,169.6899,,,,,,,,
2.2,2852,1922.391,140,36,169.9173,,,,,,,,
2.2,2854,1910.481,140,38,170.2589,,,,,,,,
2.2,2856,1898.489,140,38,170.4861,,,,,,,,
2.2,2858,1886.411,140,38,170.7136,,,,,,,,
2.2,2860,1874.247,140,38,170.9413,,,,,,,,
2.2,2862,1861.996,140,38,171.1693,,,,,,,,
2.2,2864,1849.654,140,38,171.3976,,,,,,,,
2.2,2866,1837.221,140,38,171.6261,,,,,,,,
2.2,2868,1824.694,140,38,171.8549,,,,,,,,
2.2,2870,1812.072,140,36,171.9755,,,,,,,,
2.2,2872,1799.352,140,36,172.2056,,,,,,,,
2.2,2874,1786.533,140,38,172.5429,,,,,,,,
2.2,2876,1773.612,140,38,172.7728,,,,,,,,
2.2,2878,1760.587,140,38,173.0029,,,,,,,,
2.2,2880,1747.456,140,38,173.2333,,,,,,,,
2.2,2882,1734.217,140,38,173.464,,,,,,,,
2.2,2884,1720.866,140,38,173.695,,,,,,,,
2.2,2886,1707.401,140,38,173.9263,,,,,,,,
2.2,2888,1693.82,140,36,174.0561,,,,,,,,
2.2,2890,1680.12,140,36,174.2888,,,,,,,,
2.2,2892,1666.297,140,38,174.6219,,,,,,,,
2.2,2894,1652.35,140,38,174.8544,,,,,,,,
2.2,2896,1638.273,140,38,175.0872,,,,,,,,
2.2,2898,1624.065,140,38,175.3202,,,,,,,,
2.2,2900,1609.722,140,38,175.5536,,,,,,,,
2.2,2902,1595.239,140,38,175.7873,,,,,,,,
2.2,2904,1580.614,140,38,176.0213,,,,,,,,
2.2,2906,1565.841,140,36,176.1613,,,,,,,,
2.2,2908,1550.918,140,36,176.3968,,,,,,,,
2.2,2910,1535.84,140,38,176.7254,,,,,,,,
2.2,2912,1520.601,140,38,176.9607,,,,,,,,
2.2,2914,1505.197,140,38,177.1964,,,,,,,,
2.2,2916,1489.624,140,38,177.4325,,,,,,,,
2.2,2918,1473.875,140,38,177.6689,,,,,,,,
2.2,2920,1457.945,140,38,177.9057,,,,,,,,
2.2,2922,1441.828,140,36,178.0556,,,,,,,,
2.2,2924,1425.517,140,36,178.2941,,,,,,,,
2.2,2926,1409.007,140,38,178.6183,,,,,,,,
2.2,2928,1392.289,140,38,178.8566,,,,,,,,
2.2,2930,1375.356,140,38,179.0953,,,,,,,,
2.2,2932,1358.2,140,38,179.3344,,,,,,,,
2.2,2934,1340.813,140,38,179.5739,,,,,,,,
2.2,2936,1323.185,140,38,179.8139,,,,,,,,
2.2,2938,1305.307,140,36,179.975,,,,,,,,
2.2,2940,1287.169,140,36,180.217,,,,,,,,
2.2,2942,1268.758,140,38,180.5365,,,,,,,,
2.2,2944,1250.064,140,38,180.7783,,,,,,,,
2.2,2946,1231.072,140,38,181.0206,,,,,,,,
2.2,2948,1211.77,140,38,181.2634,,,,,,,,
2.2,2950,1192.142,140,38,181.5067,,,,,,,,
2.2,2952,1172.172,140,36,181.6792,,,,,,,,
2.2,2954,1151.842,140,38,181.995,,,,,,,,
2.2,2956,1131.132,140,38,182.2401,,,,,,,,
2.2,2958,1110.021,140,38,182.4857,,,,,,,,
2.2,2960,1088.487,140,38,182.732,,,,,,,,
2.2,2962,1066.502,140,38,182.9789,,,,,,,,
2.2,2964,1044.04,140,36,183.1629,,,,,,,,
2.2,2966,1021.068,140,38,183.475,,,,,,,,
2.2,2968,997.551,140,38,183.7241,,,,,,,,
2.2,2970,973.449,140,38,183.9741,,,,,,,,
2.2,2972,948.719,140,38,184.2249,,,,,,,,
2.2,2974,923.309,140,36,184.4202,,,,,,,,
2.2,2976,897.162,140,36,184.6745,,,,,,,,
2.2,2978,870.211,140,38,184.9832,,,,,,,,
2.2,2980,842.38,140,38,185.2381,,,,,,,,
2.2,2982,813.577,140,38,185.4943,,,,,,,,
2.2,2984,783.696,140,36,185.7039,,,,,,,,
2.2,2986,752.608,140,38,186.0109,,,,,,,,
2.2,2988,720.158,140,38,186.2717,,,,,,,,
2.2,2990,686.151,140,38,186.5343,,,,,,,,
2.2,2992,650.344,140,36,186.7592,,,,,,,,
2.2,2994,612.421,140,38,187.0664,,,,,,,,
2.2,2996,571.961,140,38,187.3368,,,,,,,,
2.2,2998,528.382,140,36,187.5783,,,,,,,,
2.2,3000,480.836,140,38,187.8892,,,,,,,,
2.2,3002,428.004,140,38,188.1738,,,,,,,,
2.2,3004,367.613,140,38,188.4669,,,,,,,,
2.2,3006,295.058,140,38,188.7736,,,,,,,,
2.2,3008,197.351,140,38,189.1084,,,,,,,,
2.7,1427,4297.644,100,48,68.0276,,,,,,,,
2.7,1429,4294.985,100,48,68.1586,,,,,,,,
2.7,1431,4292.32,100,48,68.2899,,,,,,,,
2.7,1433,4289.65,100,48,68.4213,,,,,,,,
2.7,1435,4286.975,100,48,68.5529,,,,,,,,
2.7,1437,4284.295,100,48,68.6848,,,,,,,,
2.7,1439,4281.609,100,48,68.8168,,,,,,,,
2.7,1441,4278.917,100,48,68.949,,,,,,,,
2.7,1443,4276.22,100,48,69.0814,,,,,,,,
2.7,1445,4273.518,100,48,69.214,,,,,,,,
2.7,1447,4270.81,100,48,69.3467,,,,,,,,
2.7,1449,4268.097,100,48,69.4797,,,,,,,,
2.7,1451,4265.378,100,48,69.6129,,,,,,,,
2.7,1453,4262.654,100,48,69.7462,,,,,,,,
2.7,1455,4259.925,100,48,69.8798,,,,,,,,
2.7,1457,4257.189,100,48,70.0135,,,,,,,,
2.7,1459,4254.449,100,48,70.1475,,,,,,,,
2.7,1461,4251.702,100,48,70.2816,,,,,,,,
2.7,1463,4248.951,105,48,70.3075,,,,,,,,
2.7,1465,4246.193,105,48,70.4419,,,,,,,,
2.7,1467,4243.43,100,46,70.5907,,,,,,,,
2.7,1469,4240.662,100,46,70.7256,,,,,,,,
2.7,1471,4237.888,100,46,70.8607,,,,,,,,
2.7,1473,4235.108,100,46,70.9959,,,,,,,,
2.7,1475,4232.323,100,46,71.1313,,,,,,,,
2.7,1477,4229.532,100,46,71.267,,,,,,,,
2.7,1479,4226.736,100,46,71.4028,,,,,,,,
2.7,1481,4223.933,100,46,71.5388,,,,,,,,
2.7,1483,4221.126,100,46,71.675,,,,,,,,
2.7,1485,4218.312,100,48,71.9062,,,,,,,,
2.7,1487,4215.493,105,48,71.9338,,,,,,,,
2.7,1489,4212.668,105,48,72.0706,,,,,,,,
2.7,1491,4209.838,105,48,72.2076,,,,,,,,
2.7,1493,4207.001,105,48,72.3447,,,,,,,,
2.7,1495,4204.159,110,48,72.3729,,,,,,,,
2.7,1497,4201.312,110,48,72.5104,,,,,,,,
2.7,1499,4198.458,110,48,72.6481,,,,,,,,
2.7,1501,4195.599,110,48,72.786,,,,,,,,
2.7,1503,4192.734,110,48,72.9241,,,,,,,,
2.7,1505,4189.864,110,48,73.0624,,,,,,,,
2.7,1507,4186.987,110,48,73.2009,,,,,,,,
2.7,1509,4184.105,110,48,73.3396,,,,,,,,
2.7,1511,4181.217,110,48,73.4784,,,,,,,,
2.7,1513,4178.323,110,48,73.6175,,,,,,,,
2.7,1515,4175.423,110,48,73.7567,,,,,,,,
2.7,1517,4172.517,110,48,73.8962,,,,,,,,
2.7,1519,4169.606,110,48,74.0358,,,,,,,,
2.7,1521,4166.689,110,48,74.1757,,,,,,,,
2.7,1523,4163.765,110,48,74.3157,,,,,,,,
2.7,1525,4160.836,110,46,74.3509,,,,,,,,
2.7,1527,4157.901,110,46,74.4913,,,,,,,,
2.7,1529,4154.96,110,46,74.6319,,,,,,,,
2.7,1531,4152.013,110,46,74.7726,,,,,,,,
2.7,1533,4149.06,110,46,74.9136,,,,,,,,
2.7,1535,4146.101,110,46,75.0548,,,,,,,,
2.7,1537,4143.137,110,46,75.1961,,,,,,,,
2.7,1539,4140.166,110,46,75.3377,,,,,,,,
2.7,1541,4137.189,110,46,75.4794,,,,,,,,
2.7,1543,4134.206,110,48,75.7266,,,,,,,,
2.7,1545,4131.217,115,48,75.7587,,,,,,,,
2.7,1547,4128.223,115,48,75.901,,,,,,,,
2.7,1549,4125.222,115,48,76.0435,,,,,,,,
2.7,1551,4122.215,115,48,76.1862,,,,,,,,
2.7,1553,4119.202,115,48,76.3291,,,,,,,,
2.7,1555,4116.182,115,48,76.4722,,,,,,,,
2.7,1557,4113.157,120,48,76.5052,,,,,,,,
2.7,1559,4110.126,120,48,76.6487,,,,,,,,
2.7,1561,4107.088,120,48,76.7923,,,,,,,,
2.7,1563,4104.044,120,48,76.9362,,,,,,,,
2.7,1565,4100.995,120,48,77.0802,,,,,,,,
2.7,1567,4097.939,120,48,77.2245,,,,,,,,
2.7,1569,4094.876,120,48,77.3689,,,,,,,,
2.7,1571,4091.808,120,48,77.5135,,,,,,,,
2.7,1573,4088.733,120,48,77.6583,,,,,,,,
2.7,1575,4085.653,120,48,77.8033,,,,,,,,
2.7,1577,4082.565,120,48,77.9486,,,,,,,,
2.7,1579,4079.472,120,48,78.094,,,,,,,,
2.7,1581,4076.373,120,48,78.2396,,,,,,,,
2.7,1583,4073.267,115,46,78.3854,,,,,,,,
2.7,1585,4070.154,115,46,78.5313,,,,,,,,
2.7,1587,4067.036,120,46,78.562,,,,,,,,
2.7,1589,4063.911,120,46,78.7084,,,,,,,,
2.7,1591,4060.78,120,46,78.8549,,,,,,,,
2.7,1593,4057.642,120,46,79.0017,,,,,,,,
2.7,1595,4054.498,120,46,79.1486,,,,,,,,
2.7,1597,4051.348,120,46,79.2957,,,,,,,,
2.7,1599,4048.191,120,46,79.4431,,,,,,,,
2.7,1601,4045.028,120,48,79.7063,,,,,,,,
2.7,1603,4041.859,125,48,79.7431,,,,,,,,
2.7,1605,4038.683,125,48,79.891,,,,,,,,
2.7,1607,4035.5,125,48,80.0392,,,,,,,,
2.7,1609,4032.311,125,48,80.1875,,,,,,,,
2.7,1611,4029.116,125,48,80.336,,,,,,,,
2.7,1613,4025.914,130,48,80.3737,,,,,,,,
2.7,1615,4022.705,130,48,80.5226,,,,,,,,
2.7,1617,4019.49,130,48,80.6716,,,,,,,,
2.7,1619,4016.269,130,48,80.8209,,,,,,,,
2.7,1621,4013.04,130,48,80.9704,,,,,,,,
2.7,1623,4009.806,130,48,81.12,,,,,,,,
2.7,1625,4006.564,130,48,81.2699,,,,,,,,
2.7,1627,4003.316,130,48,81.4199,,,,,,,,
2.7,1629,4000.062,130,48,81.5702,,,,,,,,
2.7,1631,3996.8,130,48,81.7206,,,,,,,,
2.7,1633,3993.532,130,48,81.8713,,,,,,,,
2.7,1635,3990.258,130,48,82.0221,,,,,,,,
2.7,1637,3986.976,130,48,82.1731,,,,,,,,
2.7,1639,3983.688,135,48,82.2132,,,,,,,,
2.7,1641,3980.394,125,46,82.4661,,,,,,,,
2.7,1643,3977.092,130,46,82.5017,,,,,,,,
2.7,1645,3973.784,130,46,82.6535,,,,,,,,
2.7,1647,3970.469,130,46,82.8055,,,,,,,,
2.7,1649,3967.147,130,46,82.9577,,,,,,,,
2.7,1651,3963.818,130,46,83.1101,,,,,,,,
2.7,1653,3960.482,130,46,83.2627,,,,,,,,
2.7,1655,3957.14,130,46,83.4155,,,,,,,,
2.7,1657,3953.791,130,48,83.6943,,,,,,,,
2.7,1659,3950.435,135,48,83.7361,,,,,,,,
2.7,1661,3947.071,135,48,83.8895,,,,,,,,
2.7,1663,3943.701,135,48,84.0431,,,,,,,,
2.7,1665,3940.324,140,48,84.0855,,,,,,,,
2.7,1667,3936.941,140,48,84.2395,,,,,,,,
2.7,1669,3933.55,140,48,84.3936,,,,,,,,
2.7,1671,3930.152,140,48,84.548,,,,,,,,
2.7,1673,3926.747,140,48,84.7026,,,,,,,,
2.7,1675,3923.335,140,48,84.8573,,,,,,,,
2.7,1677,3919.916,140,48,85.0123,,,,,,,,
2.7,1679,3916.49,140,48,85.1674,,,,,,,,
2.7,1681,3913.057,140,48,85.3228,,,,,,,,
2.7,1683,3909.616,140,48,85.4783,,,,,,,,
2.7,1685,3906.169,140,48,85.634,,,,,,,,
2.7,1687,3902.715,140,48,85.79,,,,,,,,
2.7,1689,3899.253,140,48,85.9461,,,,,,,,
2.7,1691,3895.784,140,48,86.1025,,,,,,,,
2.7,1693,3892.308,140,48,86.259,,,,,,,,
2.7,1695,3888.825,140,48,86.4157,,,,,,,,
2.7,1697,3885.334,140,46,86.437,,,,,,,,
2.7,1699,3881.836,140,46,86.5941,,,,,,,,
2.7,1701,3878.331,140,46,86.7514,,,,,,,,
2.7,1703,3874.819,140,46,86.9089,,,,,,,,
2.7,1705,3871.299,140,46,87.0667,,,,,,,,
2.7,1707,3867.772,140,46,87.2246,,,,,,,,
2.7,1709,3864.238,140,46,87.3827,,,,,,,,
2.7,1711,3860.696,140,48,87.6767,,,,,,,,
2.7,1713,3857.147,140,48,87.8352,,,,,,,,
2.7,1715,3853.59,140,48,87.9939,,,,,,,,
2.7,1717,3850.026,140,48,88.1528,,,,,,,,
2.7,1719,3846.455,140,48,88.3119,,,,,,,,
2.7,1721,3842.876,140,48,88.4712,,,,,,,,
2.7,1723,3839.289,140,48,88.6307,,,,,,,,
2.7,1725,3835.695,140,48,88.7904,,,,,,,,
2.7,1727,3832.094,140,48,88.9503,,,,,,,,
2.7,1729,3828.484,140,48,89.1104,,,,,,,,
2.7,1731,3824.868,140,48,89.2707,,,,,,,,
2.7,1733,3821.243,140,48,89.4312,,,,,,,,
2.7,1735,3817.611,140,48,89.5919,,,,,,,,
2.7,1737,3813.972,140,48,89.7528,,,,,,,,
2.7,1739,3810.325,140,48,89.9139,,,,,,,,
2.7,1741,3806.67,140,48,90.0752,,,,,,,,
2.7,1743,3803.007,140,48,90.2367,,,,,,,,
2.7,1745,3799.336,140,48,90.3983,,,,,,,,
2.7,1747,3795.658,140,48,90.5602,,,,,,,,
2.7,1749,3791.972,140,46,90.5868,,,,,,,,
2.7,1751,3788.278,140,46,90.7491,,,,,,,,
2.7,1753,3784.577,140,46,90.9116,,,,,,,,
2.7,1755,3780.867,140,46,91.0743,,,,,,,,
2.7,1757,3777.15,140,46,91.2372,,,,,,,,
2.7,1759,3773.425,140,46,91.4002,,,,,,,,
2.7,1761,3769.691,140,46,91.5635,,,,,,,,
2.7,1763,3765.95,140,48,91.8624,,,,,,,,
2.7,1765,3762.201,140,48,92.0261,,,,,,,,
2.7,1767,3758.444,140,48,92.19,,,,,,,,
2.7,1769,3754.679,140,48,92.354,,,,,,,,
2.7,1771,3750.906,140,48,92.5183,,,,,,,,
2.7,1773,3747.124,140,48,92.6828,,,,,,,,
2.7,1775,3743.335,140,48,92.8474,,,,,,,,
2.7,1777,3739.538,140,48,93.0123,,,,,,,,
2.7,1779,3735.732,140,48,93.1773,,,,,,,,
2.7,1781,3731.918,140,48,93.3426,,,,,,,,
2.7,1783,3728.096,140,48,93.5081,,,,,,,,
2.7,1785,3724.266,140,48,93.6737,,,,,,,,
2.7,1787,3720.428,140,48,93.8396,,,,,,,,
2.7,1789,3716.581,140,48,94.0056,,,,,,,,
2.7,1791,3712.726,140,48,94.1719,,,,,,,,
2.7,1793,3708.863,140,48,94.3384,,,,,,,,
2.7,1795,3704.991,140,48,94.505,,,,,,,,
2.7,1797,3701.111,140,48,94.6719,,,,,,,,
2.7,1799,3697.222,140,46,94.7039,,,,,,,,
2.7,1801,3693.325,140,46,94.8712,,,,,,,,
2.7,1803,3689.42,140,46,95.0387,,,,,,,,
2.7,1805,3685.506,140,46,95.2064,,,,,,,,
2.7,1807,3681.584,140,46,95.3743,,,,,,,,
2.7,1809,3677.653,140,46,95.5423,,,,,,,,
2.7,1811,3673.714,140,46,95.7106,,,,,,,,
2.7,1813,3669.766,140,48,96.0139,,,,,,,,
2.7,1815,3665.809,140,48,96.1825,,,,,,,,
2.7,1817,3661.844,140,48,96.3514,,,,,,,,
2.7,1819,3657.87,140,48,96.5204,,,,,,,,
2.7,1821,3653.887,140,48,96.6897,,,,,,,,
2.7,1823,3649.896,140,48,96.8591,,,,,,,,
2.7,1825,3645.896,140,48,97.0288,,,,,,,,
2.7,1827,3641.887,140,48,97.1986,,,,,,,,
2.7,1829,3637.869,140,48,97.3687,,,,,,,,
2.7,1831,3633.843,140,48,97.5389,,,,,,,,
2.7,1833,3629.807,140,48,97.7093,,,,,,,,
2.7,1835,3625.763,140,48,97.88,,,,,,,,
2.7,1837,3621.71,140,48,98.0508,,,,,,,,
2.7,1839,3617.647,140,48,98.2219,,,,,,,,
2.7,1841,3613.576,140,48,98.3931,,,,,,,,
2.7,1843,3609.496,140,48,98.5646,,,,,,,,
2.7,1845,3605.407,140,48,98.7362,,,,,,,,
2.7,1847,3601.308,140,48,98.9081,,,,,,,,
2.7,1849,3597.201,140,46,98.9461,,,,,,,,
2.7,1851,3593.084,140,46,99.1184,,,,,,,,
2.7,1853,3588.958,140,46,99.2909,,,,,,,,
2.7,1855,3584.823,140,46,99.4635,,,,,,,,
2.7,1857,3580.679,140,46,99.6364,,,,,,,,
2.7,1859,3576.525,140,46,99.8095,,,,,,,,
2.7,1861,3572.362,140,44,99.8369,,,,,,,,
2.7,1863,3568.19,140,48,100.2901,,,,,,,,
2.7,1865,3564.009,140,48,100.4637,,,,,,,,
2.7,1867,3559.818,140,48,100.6376,,,,,,,,
2.7,1869,3555.617,140,48,100.8116,,,,,,,,
2.7,1871,3551.407,140,48,100.9859,,,,,,,,
2.7,1873,3547.188,140,48,101.1603,,,,,,,,
2.7,1875,3542.959,140,48,101.335,,,,,,,,
2.7,1877,3538.72,140,48,101.5098,,,,,,,,
2.7,1879,3534.472,140,48,101.6849,,,,,,,,
2.7,1881,3530.214,140,48,101.8601,,,,,,,,
2.7,1883,3525.947,140,48,102.0356,,,,,,,,
2.7,1885,3521.67,140,48,102.2113,,,,,,,,
2.7,1887,3517.383,140,48,102.3871,,,,,,,,
2.7,1889,3513.086,140,48,102.5632,,,,,,,,
2.7,1891,3508.779,140,48,102.7394,,,,,,,,
2.7,1893,3504.463,140,48,102.9159,,,,,,,,
2.7,1895,3500.137,140,48,103.0926,,,,,,,,
2.7,1897,3495.8,140,46,103.1367,,,,,,,,
2.7,1899,3491.454,140,46,103.3138,,,,,,,,
2.7,1901,3487.098,140,46,103.4911,,,,,,,,
2.7,1903,3482.732,140,46,103.6687,,,,,,,,
2.7,1905,3478.356,140,46,103.8464,,,,,,,,
2.7,1907,3473.969,140,44,103.8798,,,,,,,,
2.7,1909,3469.572,140,44,104.058,,,,,,,,
2.7,1911,3465.166,140,48,104.5131,,,,,,,,
2.7,1913,3460.749,140,48,104.6916,,,,,,,,
2.7,1915,3456.321,140,48,104.8703,,,,,,,,
2.7,1917,3451.884,140,48,105.0492,,,,,,,,
2.7,1919,3447.436,140,48,105.2283,,,,,,,,
2.7,1921,3442.977,140,48,105.4075,,,,,,,,
2.7,1923,3438.509,140,48,105.587,,,,,,,,
2.7,1925,3434.029,140,48,105.7667,,,,,,,,
2.7,1927,3429.539,140,48,105.9466,,,,,,,,
2.7,1929,3425.039,140,48,106.1267,,,,,,,,
2.7,1931,3420.528,140,48,106.307,,,,,,,,
2.7,1933,3416.007,140,48,106.4875,,,,,,,,
2.7,1935,3411.474,140,48,106.6682,,,,,,,,
2.7,1937,3406.931,140,48,106.8491,,,,,,,,
2.7,1939,3402.378,140,48,107.0302,,,,,,,,
2.7,1941,3397.813,140,48,107.2115,,,,,,,,
2.7,1943,3393.238,140,48,107.393,,,,,,,,
2.7,1945,3388.651,140,46,107.4436,,,,,,,,
2.7,1947,3384.054,140,46,107.6256,,,,,,,,
2.7,1949,3379.446,140,46,107.8078,,,,,,,,
2.7,1951,3374.826,140,44,107.8474,,,,,,,,
2.7,1953,3370.196,140,44,108.0301,,,,,,,,
2.7,1955,3365.554,140,44,108.213,,,,,,,,
2.7,1957,3360.902,140,48,108.6693,,,,,,,,
2.7,1959,3356.238,140,48,108.8524,,,,,,,,
2.7,1961,3351.563,140,48,109.0357,,,,,,,,
2.7,1963,3346.876,140,48,109.2193,,,,,,,,
2.7,1965,3342.178,140,48,109.403,,,,,,,,
2.7,1967,3337.469,140,48,109.5869,,,,,,,,
2.7,1969,3332.749,140,48,109.7711,,,,,,,,
2.7,1971,3328.016,140,48,109.9554,,,,,,,,
2.7,1973,3323.273,140,48,110.14,,,,,,,,
2.7,1975,3318.517,140,48,110.3247,,,,,,,,
2.7,1977,3313.75,140,48,110.5097,,,,,,,,
2.7,1979,3308.972,140,48,110.6949,,,,,,,,
2.7,1981,3304.181,140,48,110.8802,,,,,,,,
2.7,1983,3299.379,140,48,111.0658,,,,,,,,
2.7,1985,3294.565,140,48,111.2516,,,,,,,,
2.7,1987,3289.739,140,48,111.4376,,,,,,,,
2.7,1989,3284.901,140,48,111.6237,,,,,,,,
2.7,1991,3280.051,140,46,111.6811,,,,,,,,
2.7,1993,3275.189,140,46,111.8677,,,,,,,,
2.7,1995,3270.315,140,44,111.914,,,,,,,,
2.7,1997,3265.428,140,44,112.1012,,,,,,,,
2.7,1999,3260.53,140,44,112.2886,,,,,,,,
2.7,2001,3255.619,140,44,112.4762,,,,,,,,
2.7,2003,3250.695,140,48,112.9327,,,,,,,,
2.7,2005,3245.76,140,48,113.1205,,,,,,,,
2.7,2007,3240.812,140,48,113.3086,,,,,,,,
2.7,2009,3235.851,140,48,113.4968,,,,,,,,
2.7,2011,3230.878,140,48,113.6852,,,,,,,,
2.7,2013,3225.892,140,48,113.8738,,,,,,,,
2.7,2015,3220.894,140,48,114.0627,,,,,,,,
2.7,2017,3215.883,140,48,114.2517,,,,,,,,
2.7,2019,3210.859,140,48,114.441,,,,,,,,
2.7,2021,3205.822,140,48,114.6304,,,,,,,,
2.7,2023,3200.772,140,48,114.8201,,,,,,,,
2.7,2025,3195.709,140,48,115.0099,,,,,,,,
2.7,2027,3190.633,140,48,115.2,,,,,,,,
2.7,2029,3185.544,140,48,115.3903,,,,,,,,
2.7,2031,3180.442,140,48,115.5808,,,,,,,,
2.7,2033,3175.327,140,48,115.7714,,,,,,,,
2.7,2035,3170.198,140,46,115.8356,,,,,,,,
2.7,2037,3165.056,140,44,115.8886,,,,,,,,
2.7,2039,3159.901,140,44,116.0802,,,,,,,,
2.7,2041,3154.732,140,44,116.2719,,,,,,,,
2.7,2043,3149.549,140,42,116.3129,,,,,,,,
2.7,2045,3144.353,140,42,116.5052,,,,,,,,
2.7,2047,3139.143,140,48,117.112,,,,,,,,
2.7,2049,3133.92,140,48,117.3043,,,,,,,,
2.7,2051,3128.682,140,48,117.4968,,,,,,,,
2.7,2053,3123.431,140,48,117.6896,,,,,,,,
2.7,2055,3118.166,140,48,117.8825,,,,,,,,
2.7,2057,3112.886,140,48,118.0757,,,,,,,,
2.7,2059,3107.593,140,48,118.2691,,,,,,,,
2.7,2061,3102.285,140,48,118.4626,,,,,,,,
2.7,2063,3096.963,140,48,118.6564,,,,,,,,
2.7,2065,3091.627,140,48,118.8504,,,,,,,,
2.7,2067,3086.276,140,48,119.0446,,,,,,,,
2.7,2069,3080.911,140,48,119.239,,,,,,,,
2.7,2071,3075.531,140,48,119.4336,,,,,,,,
2.7,2073,3070.137,140,48,119.6284,,,,,,,,
2.7,2075,3064.728,140,48,119.8234,,,,,,,,
2.7,2077,3059.304,140,44,119.7591,,,,,,,,
2.7,2079,3053.865,140,44,119.9548,,,,,,,,
2.7,2081,3048.412,140,42,120.0027,,,,,,,,
2.7,2083,3042.943,140,42,120.199,,,,,,,,
2.7,2085,3037.459,140,42,120.3955,,,,,,,,
2.7,2087,3031.96,140,46,120.8744,,,,,,,,
2.7,2089,3026.446,140,48,121.1943,,,,,,,,
2.7,2091,3020.916,140,48,121.391,,,,,,,,
2.7,2093,3015.371,140,48,121.5879,,,,,,,,
2.7,2095,3009.81,140,48,121.785,,,,,,,,
2.7,2097,3004.234,140,48,121.9823,,,,,,,,
2.7,2099,2998.642,140,48,122.1798,,,,,,,,
2.7,2101,2993.034,140,48,122.3775,,,,,,,,
2.7,2103,2987.41,140,48,122.5754,,,,,,,,
2.7,2105,2981.771,140,48,122.7736,,,,,,,,
2.7,2107,2976.115,140,48,122.9719,,,,,,,,
2.7,2109,2970.443,140,48,123.1705,,,,,,,,
2.7,2111,2964.755,140,48,123.3692,,,,,,,,
2.7,2113,2959.051,140,48,123.5682,,,,,,,,
2.7,2115,2953.33,140,48,123.7674,,,,,,,,
2.7,2117,2947.592,140,48,123.9668,,,,,,,,
2.7,2119,2941.838,140,42,123.7685,,,,,,,,
2.7,2121,2936.068,140,42,123.9689,,,,,,,,
2.7,2123,2930.28,140,42,124.1694,,,,,,,,
2.7,2125,2924.476,140,46,124.6459,,,,,,,,
2.7,2127,2918.654,140,46,124.8465,,,,,,,,
2.7,2129,2912.815,140,48,125.1675,,,,,,,,
2.7,2131,2906.959,140,48,125.3684,,,,,,,,
2.7,2133,2901.086,140,48,125.5695,,,,,,,,
2.7,2135,2895.196,140,48,125.7707,,,,,,,,
2.7,2137,2889.287,140,48,125.9722,,,,,,,,
2.7,2139,2883.361,140,48,126.1739,,,,,,,,
2.7,2141,2877.418,140,48,126.3759,,,,,,,,
2.7,2143,2871.456,140,48,126.578,,,,,,,,
2.7,2145,2865.477,140,48,126.7803,,,,,,,,
2.7,2147,2859.479,140,48,126.9829,,,,,,,,
2.7,2149,2853.463,140,48,127.1856,,,,,,,,
2.7,2151,2847.429,140,48,127.3886,,,,,,,,
2.7,2153,2841.377,140,48,127.5918,,,,,,,,
2.7,2155,2835.305,140,48,127.7952,,,,,,,,
2.7,2157,2829.216,140,42,127.6114,,,,,,,,
2.7,2159,2823.107,140,40,127.6609,,,,,,,,
2.7,2161,2816.979,140,40,127.8658,,,,,,,,
2.7,2163,2810.833,140,46,128.4935,,,,,,,,
2.7,2165,2804.667,140,46,128.6982,,,,,,,,
2.7,2167,2798.482,140,48,129.02,,,,,,,,
2.7,2169,2792.277,140,48,129.2249,,,,,,,,
2.7,2171,2786.053,140,48,129.43,,,,,,,,
2.7,2173,2779.81,140,48,129.6353,,,,,,,,
2.7,2175,2773.546,140,48,129.8408,,,,,,,,
2.7,2177,2767.262,140,48,130.0465,,,,,,,,
2.7,2179,2760.959,140,48,130.2525,,,,,,,,
2.7,2181,2754.635,140,48,130.4586,,,,,,,,
2.7,2183,2748.291,140,48,130.665,,,,,,,,
2.7,2185,2741.926,140,48,130.8716,,,,,,,,
2.7,2187,2735.54,140,48,131.0784,,,,,,,,
2.7,2189,2729.134,140,48,131.2854,,,,,,,,
2.7,2191,2722.707,140,48,131.4927,,,,,,,,
2.7,2193,2716.259,140,48,131.7001,,,,,,,,
2.7,2195,2709.789,140,40,131.3818,,,,,,,,
2.7,2197,2703.298,140,44,131.8771,,,,,,,,
2.7,2199,2696.786,140,46,132.2099,,,,,,,,
2.7,2201,2690.251,140,46,132.4184,,,,,,,,
2.7,2203,2683.695,140,46,132.6271,,,,,,,,
2.7,2205,2677.117,140,48,132.9493,,,,,,,,
2.7,2207,2670.517,140,48,133.1583,,,,,,,,
2.7,2209,2663.894,140,48,133.3675,,,,,,,,
2.7,2211,2657.249,140,48,133.5769,,,,,,,,
2.7,2213,2650.581,140,48,133.7865,,,,,,,,
2.7,2215,2643.891,140,48,133.9963,,,,,,,,
2.7,2217,2637.177,140,48,134.2063,,,,,,,,
2.7,2219,2630.44,140,48,134.4166,,,,,,,,
2.7,2221,2623.679,140,48,134.6271,,,,,,,,
2.7,2223,2616.895,140,48,134.8378,,,,,,,,
2.7,2225,2610.088,140,48,135.0487,,,,,,,,
2.7,2227,2603.256,140,48,135.2598,,,,,,,,
2.7,2229,2596.4,140,48,135.4712,,,,,,,,
2.7,2231,2589.52,140,48,135.6827,,,,,,,,
2.7,2233,2582.615,140,44,135.6641,,,,,,,,
2.7,2235,2575.686,140,46,135.9965,,,,,,,,
2.7,2237,2568.731,140,46,136.209,,,,,,,,
2.7,2239,2561.752,140,46,136.4217,,,,,,,,
2.7,2241,2554.747,140,48,136.7439,,,,,,,,
2.7,2243,2547.717,140,48,136.9567,,,,,,,,
2.7,2245,2540.661,140,48,137.1698,,,,,,,,
2.7,2247,2533.579,140,48,137.3832,,,,,,,,
2.7,2249,2526.47,140,48,137.5967,,,,,,,,
2.7,2251,2519.336,140,48,137.8105,,,,,,,,
2.7,2253,2512.175,140,48,138.0245,,,,,,,,
2.7,2255,2504.986,140,48,138.2387,,,,,,,,
2.7,2257,2497.771,140,48,138.4531,,,,,,,,
2.7,2259,2490.529,140,48,138.6678,,,,,,,,
2.7,2261,2483.259,140,48,138.8827,,,,,,,,
2.7,2263,2475.961,140,48,139.0978,,,,,,,,
2.7,2265,2468.635,140,48,139.3131,,,,,,,,
2.7,2267,2461.28,140,46,139.4225,,,,,,,,
2.7,2269,2453.898,140,46,139.6385,,,,,,,,
2.7,2271,2446.486,140,46,139.8548,,,,,,,,
2.7,2273,2439.045,140,46,140.0713,,,,,,,,
2.7,2275,2431.575,140,48,140.3931,,,,,,,,
2.7,2277,2424.075,140,48,140.6097,,,,,,,,
2.7,2279,2416.546,140,48,140.8266,,,,,,,,
2.7,2281,2408.986,140,48,141.0437,,,,,,,,
2.7,2283,2401.396,140,48,141.2611,,,,,,,,
2.7,2285,2393.775,140,48,141.4786,,,,,,,,
2.7,2287,2386.123,140,48,141.6964,,,,,,,,
2.7,2289,2378.439,140,48,141.9145,,,,,,,,
2.7,2291,2370.724,140,48,142.1327,,,,,,,,
2.7,2293,2362.977,140,48,142.3512,,,,,,,,
2.7,2295,2355.198,140,48,142.5699,,,,,,,,
2.7,2297,2347.386,140,48,142.7888,,,,,,,,
2.7,2299,2339.541,140,46,142.9062,,,,,,,,
2.7,2301,2331.663,140,46,143.1259,,,,,,,,
2.7,2303,2323.752,140,46,143.3458,,,,,,,,
2.7,2305,2315.806,140,46,143.5659,,,,,,,,
2.7,2307,2307.826,140,48,143.887,,,,,,,,
2.7,2309,2299.812,140,48,144.1073,,,,,,,,
2.7,2311,2291.762,140,48,144.3278,,,,,,,,
2.7,2313,2283.677,140,48,144.5486,,,,,,,,
2.7,2315,2275.556,140,48,144.7696,,,,,,,,
2.7,2317,2267.4,140,48,144.9908,,,,,,,,
2.7,2319,2259.206,140,48,145.2123,,,,,,,,
2.7,2321,2250.976,140,48,145.434,,,,,,,,
2.7,2323,2242.708,140,48,145.656,,,,,,,,
2.7,2325,2234.403,140,48,145.8781,,,,,,,,
2.7,2327,2226.06,140,48,146.1005,,,,,,,,
2.7,2329,2217.677,140,48,146.3232,,,,,,,,
2.7,2331,2209.256,140,46,146.449,,,,,,,,
2.7,2333,2200.796,140,46,146.6724,,,,,,,,
2.7,2335,2192.295,140,46,146.8961,,,,,,,,
2.7,2337,2183.754,140,46,147.12,,,,,,,,
2.7,2339,2175.172,140,48,147.4399,,,,,,,,
2.7,2341,2166.549,140,48,147.664,,,,,,,,
2.7,2343,2157.883,140,48,147.8883,,,,,,,,
2.7,2345,2149.176,140,48,148.1129,,,,,,,,
2.7,2347,2140.425,140,48,148.3376,,,,,,,,
2.7,2349,2131.632,140,48,148.5627,,,,,,,,
2.7,2351,2122.794,140,48,148.7879,,,,,,,,
2.7,2353,2113.911,140,48,149.0135,,,,,,,,
2.7,2355,2104.984,140,48,149.2392,,,,,,,,
2.7,2357,2096.011,140,48,149.4652,,,,,,,,
2.7,2359,2086.991,140,48,149.6914,,,,,,,,
2.7,2361,2077.925,140,46,149.8259,,,,,,,,
2.7,2363,2068.812,140,46,150.0529,,,,,,,,
2.7,2365,2059.65,140,46,150.2803,,,,,,,,
2.7,2367,2050.439,140,48,150.5988,,,,,,,,
2.7,2369,2041.179,140,48,150.8263,,,,,,,,
2.7,2371,2031.869,140,48,151.054,,,,,,,,
2.7,2373,2022.509,140,48,151.282,,,,,,,,
2.7,2375,2013.096,140,48,151.5102,,,,,,,,
2.7,2377,2003.632,140,48,151.7387,,,,,,,,
2.7,2379,1994.115,140,48,151.9674,,,,,,,,
2.7,2381,1984.544,140,48,152.1964,,,,,,,,
2.7,2383,1974.918,140,48,152.4256,,,,,,,,
2.7,2385,1965.237,140,48,152.6551,,,,,,,,
2.7,2387,1955.5,140,48,152.8848,,,,,,,,
2.7,2389,1945.706,140,46,153.0279,,,,,,,,
2.7,2391,1935.855,140,46,153.2586,,,,,,,,
2.7,2393,1925.944,140,46,153.4895,,,,,,,,
2.7,2395,1915.974,140,48,153.8063,,,,,,,,
2.7,2397,1905.944,140,48,154.0373,,,,,,,,
2.7,2399,1895.852,140,48,154.2686,,,,,,,,
2.7,2401,1885.697,140,48,154.5002,,,,,,,,
2.7,2403,1875.479,140,48,154.732,,,,,,,,
2.7,2405,1865.196,140,48,154.964,,,,,,,,
2.7,2407,1854.848,140,48,155.1964,,,,,,,,
2.7,2409,1844.433,140,48,155.429,,,,,,,,
2.7,2411,1833.95,140,48,155.6619,,,,,,,,
2.7,2413,1823.398,140,48,155.895,,,,,,,,
2.7,2415,1812.776,140,46,156.0469,,,,,,,,
2.7,2417,1802.082,140,46,156.281,,,,,,,,
2.7,2419,1791.316,140,46,156.5155,,,,,,,,
2.7,2421,1780.476,140,48,156.8303,,,,,,,,
2.7,2423,1769.56,140,48,157.0648,,,,,,,,
2.7,2425,1758.567,140,48,157.2996,,,,,,,,
2.7,2427,1747.496,140,48,157.5347,,,,,,,,
2.7,2429,1736.345,140,48,157.7701,,,,,,,,
2.7,2431,1725.112,140,48,158.0057,,,,,,,,
2.7,2433,1713.797,140,48,158.2416,,,,,,,,
2.7,2435,1702.397,140,48,158.4778,,,,,,,,
2.7,2437,1690.911,140,48,158.7143,,,,,,,,
2.7,2439,1679.337,140,46,158.8751,,,,,,,,
2.7,2441,1667.673,140,46,159.1127,,,,,,,,
2.7,2443,1655.917,140,46,159.3506,,,,,,,,
2.7,2445,1644.067,140,48,159.6633,,,,,,,,
2.7,2447,1632.122,140,48,159.9012,,,,,,,,
2.7,2449,1620.078,140,48,160.1395,,,,,,,,
2.7,2451,1607.934,140,48,160.3781,,,,,,,,
2.7,2453,1595.688,140,48,160.617,,,,,,,,
2.7,2455,1583.337,140,48,160.8562,,,,,,,,
2.7,2457,1570.879,140,48,161.0957,,,,,,,,
2.7,2459,1558.311,140,48,161.3355,,,,,,,,
2.7,2461,1545.63,140,46,161.5053,,,,,,,,
2.7,2463,1532.834,140,46,161.7463,,,,,,,,
2.7,2465,1519.92,140,46,161.9877,,,,,,,,
2.7,2467,1506.885,140,48,162.298,,,,,,,,
2.7,2469,1493.725,140,48,162.5395,,,,,,,,
2.7,2471,1480.437,140,48,162.7813,,,,,,,,
2.7,2473,1467.018,140,48,163.0234,,,,,,,,
2.7,2475,1453.464,140,48,163.2658,,,,,,,,
2.7,2477,1439.771,140,48,163.5087,,,,,,,,
2.7,2479,1425.936,140,48,163.7518,,,,,,,,
2.7,2481,1411.954,140,46,163.9308,,,,,,,,
2.7,2483,1397.82,140,46,164.1752,,,,,,,,
2.7,2485,1383.531,140,46,164.4201,,,,,,,,
2.7,2487,1369.08,140,48,164.7281,,,,,,,,
2.7,2489,1354.464,140,48,164.9731,,,,,,,,
2.7,2491,1339.676,140,48,165.2184,,,,,,,,
2.7,2493,1324.712,140,48,165.4642,,,,,,,,
2.7,2495,1309.564,140,48,165.7104,,,,,,,,
2.7,2497,1294.226,140,48,165.9569,,,,,,,,
2.7,2499,1278.692,140,48,166.2039,,,,,,,,
2.7,2501,1262.954,140,46,166.3933,,,,,,,,
2.7,2503,1247.005,140,46,166.6418,,,,,,,,
2.7,2505,1230.836,140,48,166.9474,,,,,,,,
2.7,2507,1214.439,140,48,167.1961,,,,,,,,
2.7,2509,1197.803,140,48,167.4453,,,,,,,,
2.7,2511,1180.92,140,48,167.6949,,,,,,,,
2.7,2513,1163.779,140,48,167.945,,,,,,,,
2.7,2515,1146.367,140,48,168.1956,,,,,,,,
2.7,2517,1128.672,140,46,168.3946,,,,,,,,
2.7,2519,1110.681,140,46,168.647,,,,,,,,
2.7,2521,1092.38,140,48,168.9505,,,,,,,,
2.7,2523,1073.751,140,48,169.2032,,,,,,,,
2.7,2525,1054.778,140,48,169.4565,,,,,,,,
2.7,2527,1035.442,140,48,169.7103,,,,,,,,
2.7,2529,1015.723,140,48,169.9648,,,,,,,,
2.7,2531,995.597,140,46,170.1739,,,,,,,,
2.7,2533,975.039,140,46,170.4306,,,,,,,,
2.7,2535,954.022,140,48,170.7322,,,,,,,,
2.7,2537,932.513,140,48,170.9895,,,,,,,,
2.7,2539,910.48,140,48,171.2475,,,,,,,,
2.7,2541,887.881,140,48,171.5063,,,,,,,,
2.7,2543,864.674,140,48,171.7659,,,,,,,,
2.7,2545,840.807,140,46,171.9875,,,,,,,,
2.7,2547,816.224,140,48,172.2881,,,,,,,,
2.7,2549,790.856,140,48,172.5507,,,,,,,,
2.7,2551,764.626,140,48,172.8144,,,,,,,,
2.7,2553,737.442,140,48,173.0794,,,,,,,,
2.7,2555,709.195,140,46,173.3127,,,,,,,,
2.7,2557,679.751,140,48,173.6136,,,,,,,,
2.7,2559,648.948,140,48,173.8831,,,,,,,,
2.7,2561,616.582,140,48,174.1545,,,,,,,,
2.7,2563,582.393,140,48,174.428,,,,,,,,
2.7,2565,546.038,140,44,174.6509,,,,,,,,
2.7,2567,507.051,140,48,174.9833,,,,,,,,
2.7,2569,464.772,140,48,175.2662,,,,,,,,
2.7,2571,418.202,140,46,175.5344,,,,,,,,
2.7,2573,365.706,140,48,175.8483,,,,,,,,
2.7,2575,304.232,140,48,176.1525,,,,,,,,
2.7,2577,226.586,140,48,176.4744,,,,,,,,
3.2,1129,3912.718,100,58,60.5392,,,,,,,,
3.2,1131,3910.407,100,58,60.6616,,,,,,,,
3.2,1133,3908.09,100,58,60.7843,,,,,,,,
3.2,1135,3905.768,100,58,60.9071,,,,,,,,
3.2,1137,3903.441,100,58,61.0302,,,,,,,,
3.2,1139,3901.108,100,58,61.1536,,,,,,,,
3.2,1141,3898.769,100,58,61.2771,,,,,,,,
3.2,1143,3896.425,100,58,61.4009,,,,,,,,
3.2,1145,3894.076,100,58,61.5249,,,,,,,,
3.2,1147,3891.721,100,58,61.6491,,,,,,,,
3.2,1149,3889.36,100,58,61.7736,,,,,,,,
3.2,1151,3886.994,100,58,61.8983,,,,,,,,
3.2,1153,3884.622,100,58,62.0232,,,,,,,,
3.2,1155,3882.245,100,56,62.0844,,,,,,,,
3.2,1157,3879.862,100,56,62.2097,,,,,,,,
3.2,1159,3877.474,100,56,62.3352,,,,,,,,
3.2,1181,3850.829,100,58,63.7957,,,,,,,,
3.2,1183,3848.372,105,58,63.8336,,,,,,,,
3.2,1185,3845.91,105,58,63.9621,,,,,,,,
3.2,1187,3843.442,105,58,64.0908,,,,,,,,
3.2,1189,3840.969,110,58,64.1291,,,,,,,,
3.2,1191,3838.489,110,58,64.2582,,,,,,,,
3.2,1193,3836.004,110,58,64.3875,,,,,,,,
3.2,1195,3833.513,110,58,64.5171,,,,,,,,
3.2,1197,3831.017,110,58,64.6469,,,,,,,,
3.2,1199,3828.514,110,58,64.7769,,,,,,,,
3.2,1201,3826.006,110,58,64.9071,,,,,,,,
3.2,1203,3823.492,110,58,65.0376,,,,,,,,
3.2,1205,3820.972,110,58,65.1682,,,,,,,,
3.2,1207,3818.446,110,58,65.2992,,,,,,,,
3.2,1209,3815.914,110,58,65.4303,,,,,,,,
3.2,1211,3813.377,110,58,65.5617,,,,,,,,
3.2,1213,3810.833,110,58,65.6933,,,,,,,,
3.2,1215,3808.284,110,58,65.8251,,,,,,,,
3.2,1217,3805.728,110,58,65.9572,,,,,,,,
3.2,1219,3803.167,115,58,65.9979,,,,,,,,
3.2,1221,3800.6,110,56,66.15,,,,,,,,
3.2,1223,3798.027,110,56,66.2827,,,,,,,,
3.2,1225,3795.448,105,54,66.4367,,,,,,,,
3.2,1227,3792.863,105,54,66.5699,,,,,,,,
3.2,1229,3790.272,105,54,66.7033,,,,,,,,
3.2,1231,3787.675,105,54,66.8369,,,,,,,,
3.2,1243,3771.966,105,58,67.7869,,,,,,,,
3.2,1245,3769.327,115,58,67.7376,,,,,,,,
3.2,1247,3766.681,120,58,67.7808,,,,,,,,
3.2,1249,3764.03,120,58,67.9164,,,,,,,,
3.2,1251,3761.372,120,58,68.0522,,,,,,,,
3.2,1253,3758.708,120,58,68.1882,,,,,,,,
3.2,1255,3756.038,120,58,68.3245,,,,,,,,
3.2,1257,3753.362,120,58,68.461,,,,,,,,
3.2,1259,3750.68,120,58,68.5978,,,,,,,,
3.2,1261,3747.992,120,58,68.7348,,,,,,,,
3.2,1263,3745.297,120,58,68.872,,,,,,,,
3.2,1265,3742.596,120,58,69.0094,,,,,,,,
3.2,1267,3739.889,120,58,69.1471,,,,,,,,
3.2,1269,3737.176,120,58,69.285,,,,,,,,
3.2,1271,3734.456,120,58,69.4231,,,,,,,,
3.2,1273,3731.73,120,58,69.5614,,,,,,,,
3.2,1275,3728.998,125,58,69.607,,,,,,,,
3.2,1277,3726.259,125,58,69.7458,,,,,,,,
3.2,1279,3723.515,125,58,69.8847,,,,,,,,
3.2,1281,3720.764,125,58,70.024,,,,,,,,
3.2,1283,3718.006,125,58,70.1634,,,,,,,,
3.2,1285,3715.242,120,56,70.3164,,,,,,,,
3.2,1287,3712.472,115,54,70.4707,,,,,,,,
3.2,1289,3709.696,115,54,70.6108,,,,,,,,
3.2,1291,3706.913,115,54,70.7512,,,,,,,,
3.2,1303,3690.08,105,58,71.9452,,,,,,,,
3.2,1305,3687.252,115,58,71.9,,,,,,,,
3.2,1307,3684.417,125,58,71.8548,,,,,,,,
3.2,1309,3681.576,130,58,71.9034,,,,,,,,
3.2,1311,3678.728,130,58,72.046,,,,,,,,
3.2,1313,3675.874,130,58,72.1889,,,,,,,,
3.2,1315,3673.013,130,58,72.332,,,,,,,,
3.2,1317,3670.146,130,58,72.4753,,,,,,,,
3.2,1319,3667.272,130,58,72.6189,,,,,,,,
3.2,1321,3664.391,130,58,72.7626,,,,,,,,
3.2,1323,3661.504,130,58,72.9066,,,,,,,,
3.2,1325,3658.61,135,58,72.9568,,,,,,,,
3.2,1327,3655.709,135,58,73.1012,,,,,,,,
3.2,1329,3652.802,135,58,73.2459,,,,,,,,
3.2,1331,3649.888,135,58,73.3908,,,,,,,,
3.2,1333,3646.967,135,58,73.5359,,,,,,,,
3.2,1335,3644.04,135,58,73.6813,,,,,,,,
3.2,1337,3641.105,135,58,73.8269,,,,,,,,
3.2,1339,3638.165,135,58,73.9727,,,,,,,,
3.2,1341,3635.217,135,58,74.1187,,,,,,,,
3.2,1343,3632.262,135,58,74.265,,,,,,,,
3.2,1345,3629.301,135,58,74.4115,,,,,,,,
3.2,1347,3626.333,130,54,74.4708,,,,,,,,
3.2,1349,3623.358,130,54,74.6177,,,,,,,,
3.2,1351,3620.376,130,54,74.7649,,,,,,,,
3.2,1353,3617.387,125,52,74.9162,,,,,,,,
3.2,1355,3614.391,125,52,75.0639,,,,,,,,
3.2,1357,3611.389,125,52,75.2117,,,,,,,,
3.2,1359,3608.379,125,52,75.3598,,,,,,,,
3.2,1361,3605.363,105,56,76.0892,,,,,,,,
3.2,1363,3602.339,120,56,75.9436,,,,,,,,
3.2,1365,3599.309,130,56,75.8962,,,,,,,,
3.2,1367,3596.272,135,58,76.0385,,,,,,,,
3.2,1369,3593.227,140,58,76.0929,,,,,,,,
3.2,1371,3590.176,140,58,76.2424,,,,,,,,
3.2,1373,3587.117,140,58,76.3921,,,,,,,,
3.2,1375,3584.051,140,58,76.5421,,,,,,,,
3.2,1377,3580.979,140,58,76.6923,,,,,,,,
3.2,1379,3577.899,140,58,76.8427,,,,,,,,
3.2,1381,3574.812,140,58,76.9934,,,,,,,,
3.2,1383,3571.718,140,58,77.1443,,,,,,,,
3.2,1385,3568.617,140,58,77.2954,,,,,,,,
3.2,1387,3565.508,140,58,77.4467,,,,,,,,
3.2,1389,3562.393,140,58,77.5983,,,,,,,,
3.2,1391,3559.27,140,58,77.7501,,,,,,,,
3.2,1393,3556.14,140,58,77.9022,,,,,,,,
3.2,1395,3553.002,140,58,78.0545,,,,,,,,
3.2,1397,3549.858,140,58,78.207,,,,,,,,
3.2,1399,3546.706,140,58,78.3597,,,,,,,,
3.2,1401,3543.546,140,58,78.5127,,,,,,,,
3.2,1403,3540.38,140,58,78.6659,,,,,,,,
3.2,1405,3537.206,140,58,78.8194,,,,,,,,
3.2,1407,3534.024,140,54,78.7753,,,,,,,,
3.2,1409,3530.836,135,52,78.9253,,,,,,,,
3.2,1411,3527.64,135,52,79.0794,,,,,,,,
3.2,1413,3524.436,135,52,79.2337,,,,,,,,
3.2,1415,3521.225,100,38,79.3491,,,,,,,,
3.2,1417,3518.006,105,56,80.341,,,,,,,,
3.2,1419,3514.78,120,56,80.1998,,,,,,,,
3.2,1421,3511.547,130,56,80.1575,,,,,,,,
3.2,1423,3508.306,140,56,80.1154,,,,,,,,
3.2,1425,3505.057,140,56,80.2711,,,,,,,,
3.2,1427,3501.801,140,58,80.5226,,,,,,,,
3.2,1429,3498.537,140,58,80.6788,,,,,,,,
3.2,1431,3495.266,140,58,80.8353,,,,,,,,
3.2,1433,3491.986,140,58,80.992,,,,,,,,
3.2,1435,3488.7,140,58,81.1489,,,,,,,,
3.2,1437,3485.405,140,58,81.3061,,,,,,,,
3.2,1439,3482.103,140,58,81.4635,,,,,,,,
3.2,1441,3478.793,140,58,81.6211,,,,,,,,
3.2,1443,3475.475,140,58,81.779,,,,,,,,
3.2,1445,3472.15,140,58,81.9371,,,,,,,,
3.2,1447,3468.817,140,58,82.0954,,,,,,,,
3.2,1449,3465.476,140,58,82.254,,,,,,,,
3.2,1451,3462.127,140,58,82.4128,,,,,,,,
3.2,1453,3458.77,140,58,82.5718,,,,,,,,
3.2,1455,3455.405,140,58,82.7311,,,,,,,,
3.2,1457,3452.033,140,58,82.8906,,,,,,,,
3.2,1459,3448.652,140,58,83.0503,,,,,,,,
3.2,1461,3445.264,140,58,83.2103,,,,,,,,
3.2,1463,3441.867,140,58,83.3705,,,,,,,,
3.2,1465,3438.463,140,52,83.2217,,,,,,,,
3.2,1467,3435.05,110,38,83.1575,,,,,,,,
3.2,1469,3431.63,110,38,83.3184,,,,,,,,
3.2,1471,3428.201,110,54,84.4317,,,,,,,,
3.2,1473,3424.764,125,54,84.2848,,,,,,,,
3.2,1475,3421.319,135,54,84.2408,,,,,,,,
3.2,1477,3417.866,140,56,84.4026,,,,,,,,
3.2,1479,3414.405,140,56,84.5647,,,,,,,,
3.2,1481,3410.936,140,56,84.727,,,,,,,,
3.2,1483,3407.458,140,58,84.9853,,,,,,,,
3.2,1485,3403.972,140,58,85.148,,,,,,,,
3.2,1487,3400.478,140,58,85.311,,,,,,,,
3.2,1489,3396.975,140,58,85.4742,,,,,,,,
3.2,1491,3393.464,140,58,85.6377,,,,,,,,
3.2,1493,3389.945,140,58,85.8014,,,,,,,,
3.2,1495,3386.418,140,58,85.9653,,,,,,,,
3.2,1497,3382.882,140,58,86.1295,,,,,,,,
3.2,1499,3379.337,140,58,86.2939,,,,,,,,
3.2,1501,3375.785,140,58,86.4585,,,,,,,,
3.2,1503,3372.223,140,58,86.6234,,,,,,,,
3.2,1505,3368.653,140,58,86.7885,,,,,,,,
3.2,1507,3365.075,140,58,86.9539,,,,,,,,
3.2,1509,3361.488,140,58,87.1194,,,,,,,,
3.2,1511,3357.892,140,58,87.2852,,,,,,,,
3.2,1513,3354.288,140,58,87.4513,,,,,,,,
3.2,1515,3350.675,140,58,87.6175,,,,,,,,
3.2,1517,3347.054,140,58,87.784,,,,,,,,
3.2,1519,3343.424,140,58,87.9508,,,,,,,,
3.2,1521,3339.785,140,50,87.6891,,,,,,,,
3.2,1523,3336.137,125,40,87.4954,,,,,,,,
3.2,1525,3332.48,130,54,88.4595,,,,,,,,
3.2,1527,3328.815,140,54,88.4217,,,,,,,,
3.2,1529,3325.141,140,54,88.5897,,,,,,,,
3.2,1531,3321.458,140,56,88.8606,,,,,,,,
3.2,1533,3317.766,140,56,89.0289,,,,,,,,
3.2,1535,3314.065,140,56,89.1976,,,,,,,,
3.2,1537,3310.355,140,58,89.462,,,,,,,,
3.2,1539,3306.636,140,58,89.6311,,,,,,,,
3.2,1541,3302.908,140,58,89.8004,,,,,,,,
3.2,1543,3299.171,140,58,89.97,,,,,,,,
3.2,1545,3295.425,140,58,90.1397,,,,,,,,
3.2,1547,3291.67,140,58,90.3098,,,,,,,,
3.2,1549,3287.905,140,58,90.48,,,,,,,,
3.2,1551,3284.132,140,58,90.6505,,,,,,,,
3.2,1553,3280.349,140,58,90.8213,,,,,,,,
3.2,1555,3276.557,140,58,90.9922,,,,,,,,
3.2,1557,3272.756,140,58,91.1634,,,,,,,,
3.2,1559,3268.945,140,58,91.3348,,,,,,,,
3.2,1561,3265.125,140,58,91.5065,,,,,,,,
3.2,1563,3261.296,140,58,91.6784,,,,,,,,
3.2,1565,3257.457,140,58,91.8506,,,,,,,,
3.2,1567,3253.609,140,58,92.0229,,,,,,,,
3.2,1569,3249.751,140,58,92.1955,,,,,,,,
3.2,1571,3245.884,140,58,92.3684,,,,,,,,
3.2,1573,3242.007,140,58,92.5415,,,,,,,,
3.2,1575,3238.121,135,52,92.5133,,,,,,,,
3.2,1577,3234.225,140,54,92.6909,,,,,,,,
3.2,1579,3230.319,140,54,92.8647,,,,,,,,
3.2,1581,3226.404,140,54,93.0388,,,,,,,,
3.2,1583,3222.479,140,56,93.3153,,,,,,,,
3.2,1585,3218.544,140,56,93.4898,,,,,,,,
3.2,1587,3214.599,140,56,93.6646,,,,,,,,
3.2,1589,3210.645,140,56,93.8395,,,,,,,,
3.2,1591,3206.681,140,58,94.1098,,,,,,,,
3.2,1593,3202.707,140,58,94.2852,,,,,,,,
3.2,1595,3198.722,140,58,94.4609,,,,,,,,
3.2,1597,3194.728,140,58,94.6368,,,,,,,,
3.2,1599,3190.724,140,58,94.8129,,,,,,,,
3.2,1601,3186.71,140,58,94.9893,,,,,,,,
3.2,1603,3182.686,140,58,95.1659,,,,,,,,
3.2,1605,3178.651,140,58,95.3428,,,,,,,,
3.2,1607,3174.607,140,58,95.5199,,,,,,,,
3.2,1609,3170.552,140,58,95.6972,,,,,,,,
3.2,1611,3166.487,140,58,95.8748,,,,,,,,
3.2,1613,3162.412,140,58,96.0525,,,,,,,,
3.2,1615,3158.326,140,58,96.2306,,,,,,,,
3.2,1617,3154.23,140,58,96.4088,,,,,,,,
3.2,1619,3150.124,140,58,96.5874,,,,,,,,
3.2,1621,3146.007,140,58,96.7661,,,,,,,,
3.2,1623,3141.88,140,58,96.9451,,,,,,,,
3.2,1625,3137.742,140,58,97.1243,,,,,,,,
3.2,1627,3133.594,140,54,97.1079,,,,,,,,
3.2,1629,3129.435,140,54,97.2877,,,,,,,,
3.2,1631,3125.265,140,54,97.4677,,,,,,,,
3.2,1633,3121.085,140,56,97.7492,,,,,,,,
3.2,1635,3116.894,140,56,97.9297,,,,,,,,
3.2,1637,3112.692,140,56,98.1103,,,,,,,,
3.2,1639,3108.479,140,56,98.2912,,,,,,,,
3.2,1641,3104.255,140,56,98.4724,,,,,,,,
3.2,1643,3100.021,140,58,98.7479,,,,,,,,
3.2,1645,3095.775,140,58,98.9294,,,,,,,,
3.2,1647,3091.519,140,58,99.1113,,,,,,,,
3.2,1649,3087.251,140,58,99.2933,,,,,,,,
3.2,1651,3082.973,140,58,99.4756,,,,,,,,
3.2,1653,3078.683,140,58,99.6582,,,,,,,,
3.2,1655,3074.382,140,58,99.8409,,,,,,,,
3.2,1657,3070.07,140,58,100.0239,,,,,,,,
3.2,1659,3065.746,140,58,100.2072,,,,,,,,
3.2,1661,3061.412,140,58,100.3907,,,,,,,,
3.2,1663,3057.065,140,58,100.5744,,,,,,,,
3.2,1665,3052.708,140,58,100.7583,,,,,,,,
3.2,1667,3048.339,140,58,100.9425,,,,,,,,
3.2,1669,3043.958,140,58,101.127,,,,,,,,
3.2,1671,3039.566,140,58,101.3116,,,,,,,,
3.2,1673,3035.162,140,58,101.4965,,,,,,,,
3.2,1675,3030.747,140,58,101.6817,,,,,,,,
3.2,1677,3026.319,140,58,101.8671,,,,,,,,
3.2,1679,3021.88,140,54,101.8594,,,,,,,,
3.2,1681,3017.43,140,56,102.1454,,,,,,,,
3.2,1683,3012.967,140,56,102.3316,,,,,,,,
3.2,1685,3008.492,140,56,102.518,,,,,,,,
3.2,1687,3004.006,140,56,102.7046,,,,,,,,
3.2,1689,2999.507,140,56,102.8915,,,,,,,,
3.2,1691,2994.996,140,56,103.0786,,,,,,,,
3.2,1693,2990.473,140,58,103.3587,,,,,,,,
3.2,1695,2985.938,140,58,103.5462,,,,,,,,
3.2,1697,2981.39,140,58,103.734,,,,,,,,
3.2,1699,2976.831,140,58,103.922,,,,,,,,
3.2,1701,2972.259,140,58,104.1103,,,,,,,,
3.2,1703,2967.674,140,58,104.2988,,,,,,,,
3.2,1705,2963.077,140,58,104.4875,,,,,,,,
3.2,1707,2958.467,140,58,104.6764,,,,,,,,
3.2,1709,2953.845,140,58,104.8656,,,,,,,,
3.2,1711,2949.21,140,58,105.0551,,,,,,,,
3.2,1713,2944.563,140,58,105.2448,,,,,,,,
3.2,1715,2939.902,140,58,105.4347,,,,,,,,
3.2,1717,2935.229,140,58,105.6248,,,,,,,,
3.2,1719,2930.543,140,58,105.8152,,,,,,,,
3.2,1721,2925.844,140,58,106.0059,,,,,,,,
3.2,1723,2921.131,140,58,106.1968,,,,,,,,
3.2,1725,2916.406,140,58,106.3879,,,,,,,,
3.2,1727,2911.668,140,56,106.4876,,,,,,,,
3.2,1729,2906.916,140,56,106.6793,,,,,,,,
3.2,1731,2902.151,140,56,106.8712,,,,,,,,
3.2,1733,2897.373,140,56,107.0633,,,,,,,,
3.2,1735,2892.581,140,56,107.2557,,,,,,,,
3.2,1737,2887.776,140,56,107.4483,,,,,,,,
3.2,1739,2882.957,140,56,107.6412,,,,,,,,
3.2,1741,2878.125,140,58,107.9255,,,,,,,,
3.2,1743,2873.278,140,58,108.1188,,,,,,,,
3.2,1745,2868.419,140,58,108.3123,,,,,,,,
3.2,1747,2863.545,140,58,108.506,,,,,,,,
3.2,1749,2858.657,140,58,108.7,,,,,,,,
3.2,1751,2853.756,140,58,108.8943,,,,,,,,
3.2,1753,2848.84,140,58,109.0888,,,,,,,,
3.2,1755,2843.91,140,58,109.2835,,,,,,,,
3.2,1757,2838.966,140,58,109.4785,,,,,,,,
3.2,1759,2834.008,140,58,109.6737,,,,,,,,
3.2,1761,2829.035,140,58,109.8691,,,,,,,,
3.2,1763,2824.048,140,58,110.0648,,,,,,,,
3.2,1765,2819.047,140,58,110.2607,,,,,,,,
3.2,1767,2814.031,140,58,110.4569,,,,,,,,
3.2,1769,2809.0,140,58,110.6533,,,,,,,,
3.2,1771,2803.955,140,58,110.85,,,,,,,,
3.2,1773,2798.894,140,58,111.0469,,,,,,,,
3.2,1775,2793.819,140,56,111.1543,,,,,,,,
3.2,1777,2788.729,140,56,111.3518,,,,,,,,
3.2,1779,2783.624,140,56,111.5495,,,,,,,,
3.2,1781,2778.503,140,56,111.7475,,,,,,,,
3.2,1783,2773.368,140,56,111.9457,,,,,,,,
3.2,1785,2768.217,140,56,112.1441,,,,,,,,
3.2,1787,2763.051,140,58,112.4319,,,,,,,,
3.2,1789,2757.869,140,58,112.6308,,,,,,,,
3.2,1791,2752.672,140,58,112.8299,,,,,,,,
3.2,1793,2747.459,140,58,113.0292,,,,,,,,
3.2,1795,2742.23,140,58,113.2287,,,,,,,,
3.2,1797,2736.985,140,58,113.4286,,,,,,,,
3.2,1799,2731.725,140,58,113.6286,,,,,,,,
3.2,1801,2726.448,140,58,113.8289,,,,,,,,
3.2,1803,2721.156,140,58,114.0294,,,,,,,,
3.2,1805,2715.847,140,58,114.2302,,,,,,,,
3.2,1807,2710.522,140,58,114.4312,,,,,,,,
3.2,1809,2705.18,140,58,114.6325,,,,,,,,
3.2,1811,2699.822,140,58,114.834,,,,,,,,
3.2,1813,2694.448,140,58,115.0358,,,,,,,,
3.2,1815,2689.057,140,58,115.2378,,,,,,,,
3.2,1817,2683.648,140,58,115.44,,,,,,,,
3.2,1819,2678.224,140,58,115.6425,,,,,,,,
3.2,1821,2672.782,140,56,115.7578,,,,,,,,
3.2,1823,2667.322,140,56,115.9609,,,,,,,,
3.2,1825,2661.846,140,56,116.1643,,,,,,,,
3.2,1827,2656.353,140,56,116.3679,,,,,,,,
3.2,1829,2650.842,140,56,116.5717,,,,,,,,
3.2,1831,2645.313,140,58,116.8626,,,,,,,,
3.2,1833,2639.767,140,58,117.0668,,,,,,,,
3.2,1835,2634.203,140,58,117.2712,,,,,,,,
3.2,1837,2628.621,140,58,117.4759,,,,,,,,
3.2,1839,2623.021,140,58,117.6809,,,,,,,,
3.2,1841,2617.404,140,58,117.8861,,,,,,,,
3.2,1843,2611.767,140,58,118.0915,,,,,,,,
3.2,1845,2606.113,140,58,118.2972,,,,,,,,
3.2,1847,2600.44,140,58,118.5031,,,,,,,,
3.2,1849,2594.749,140,58,118.7093,,,,,,,,
3.2,1851,2589.039,140,58,118.9157,,,,,,,,
3.2,1853,2583.31,140,58,119.1224,,,,,,,,
3.2,1855,2577.562,140,58,119.3293,,,,,,,,
3.2,1857,2571.795,140,58,119.5364,,,,,,,,
3.2,1859,2566.009,140,58,119.7438,,,,,,,,
3.2,1861,2560.203,140,58,119.9515,,,,,,,,
3.2,1863,2554.378,140,56,120.0745,,,,,,,,
3.2,1865,2548.534,140,56,120.2828,,,,,,,,
3.2,1867,2542.67,140,56,120.4913,,,,,,,,
3.2,1869,2536.786,140,56,120.7001,,,,,,,,
3.2,1871,2530.881,140,56,120.9091,,,,,,,,
3.2,1873,2524.957,140,56,121.1184,,,,,,,,
3.2,1875,2519.013,140,58,121.412,,,,,,,,
3.2,1877,2513.048,140,58,121.6216,,,,,,,,
3.2,1879,2507.062,140,58,121.8315,,,,,,,,
3.2,1881,2501.056,140,58,122.0416,,,,,,,,
3.2,1883,2495.029,140,58,122.252,,,,,,,,
3.2,1885,2488.981,140,58,122.4627,,,,,,,,
3.2,1887,2482.911,140,58,122.6735,,,,,,,,
3.2,1889,2476.821,140,58,122.8847,,,,,,,,
3.2,1891,2470.709,140,58,123.096,,,,,,,,
3.2,1893,2464.575,140,58,123.3077,,,,,,,,
3.2,1895,2458.419,140,58,123.5196,,,,,,,,
3.2,1897,2452.242,140,58,123.7317,,,,,,,,
3.2,1899,2446.042,140,58,123.9441,,,,,,,,
3.2,1901,2439.82,140,58,124.1567,,,,,,,,
3.2,1903,2433.575,140,58,124.3696,,,,,,,,
3.2,1905,2427.308,140,56,124.5008,,,,,,,,
3.2,1907,2421.018,140,56,124.7143,,,,,,,,
3.2,1909,2414.705,140,56,124.9281,,,,,,,,
3.2,1911,2408.369,140,56,125.1422,,,,,,,,
3.2,1913,2402.009,140,56,125.3565,,,,,,,,
3.2,1915,2395.626,140,58,125.6522,,,,,,,,
3.2,1917,2389.219,140,58,125.8668,,,,,,,,
3.2,1919,2382.789,140,58,126.0817,,,,,,,,
3.2,1921,2376.334,140,58,126.2969,,,,,,,,
3.2,1923,2369.854,140,58,126.5123,,,,,,,,
3.2,1925,2363.35,140,58,126.7279,,,,,,,,
3.2,1927,2356.822,140,58,126.9438,,,,,,,,
3.2,1929,2350.268,140,58,127.16,,,,,,,,
3.2,1931,2343.69,140,58,127.3764,,,,,,,,
3.2,1933,2337.086,140,58,127.5931,,,,,,,,
3.2,1935,2330.456,140,58,127.81,,,,,,,,
3.2,1937,2323.801,140,58,128.0272,,,,,,,,
3.2,1939,2317.119,140,58,128.2447,,,,,,,,
3.2,1941,2310.411,140,58,128.4624,,,,,,,,
3.2,1943,2303.677,140,56,128.6015,,,,,,,,
3.2,1945,2296.916,140,56,128.8199,,,,,,,,
3.2,1947,2290.129,140,56,129.0385,,,,,,,,
3.2,1949,2283.314,140,56,129.2574,,,,,,,,
3.2,1951,2276.471,140,56,129.4765,,,,,,,,
3.2,1953,2269.601,140,58,129.7739,,,,,,,,
3.2,1955,2262.703,140,58,129.9934,,,,,,,,
3.2,1957,2255.777,140,58,130.2131,,,,,,,,
3.2,1959,2248.822,140,58,130.4331,,,,,,,,
3.2,1961,2241.839,140,58,130.6534,,,,,,,,
3.2,1963,2234.826,140,58,130.8739,,,,,,,,
3.2,1965,2227.785,140,58,131.0947,,,,,,,,
3.2,1967,2220.714,140,58,131.3157,,,,,,,,
3.2,1969,2213.613,140,58,131.537,,,,,,,,
3.2,1971,2206.482,140,58,131.7586,,,,,,,,
3.2,1973,2199.32,140,58,131.9804,,,,,,,,
3.2,1975,2192.128,140,58,132.2025,,,,,,,,
3.2,1977,2184.905,140,58,132.4248,,,,,,,,
3.2,1979,2177.65,140,58,132.6474,,,,,,,,
3.2,1981,2170.364,140,56,132.795,,,,,,,,
3.2,1983,2163.046,140,56,133.0184,,,,,,,,
3.2,1985,2155.696,140,56,133.242,,,,,,,,
3.2,1987,2148.313,140,56,133.4658,,,,,,,,
3.2,1989,2140.897,140,56,133.6899,,,,,,,,
3.2,1991,2133.448,140,58,133.9886,,,,,,,,
3.2,1993,2125.965,140,58,134.213,,,,,,,,
3.2,1995,2118.449,140,58,134.4377,,,,,,,,
3.2,1997,2110.898,140,58,134.6627,,,,,,,,
3.2,1999,2103.312,140,58,134.8879,,,,,,,,
3.2,2001,2095.691,140,58,135.1134,,,,,,,,
3.2,2003,2088.035,140,58,135.3392,,,,,,,,
3.2,2005,2080.343,140,58,135.5652,,,,,,,,
3.2,2007,2072.614,140,58,135.7915,,,,,,,,
3.2,2009,2064.849,140,58,136.0181,,,,,,,,
3.2,2011,2057.047,140,58,136.2449,,,,,,,,
3.2,2013,2049.207,140,58,136.472,,,,,,,,
3.2,2015,2041.329,140,58,136.6994,,,,,,,,
3.2,2017,2033.413,140,56,136.8556,,,,,,,,
3.2,2019,2025.458,140,56,137.0838,,,,,,,,
3.2,2021,2017.464,140,56,137.3122,,,,,,,,
3.2,2023,2009.43,140,56,137.5409,,,,,,,,
3.2,2025,2001.356,140,58,137.8403,,,,,,,,
3.2,2027,1993.241,140,58,138.0693,,,,,,,,
3.2,2029,1985.085,140,58,138.2985,,,,,,,,
3.2,2031,1976.887,140,58,138.5281,,,,,,,,
3.2,2033,1968.647,140,58,138.7579,,,,,,,,
3.2,2035,1960.364,140,58,138.988,,,,,,,,
3.2,2037,1952.037,140,58,139.2183,,,,,,,,
3.2,2039,1943.667,140,58,139.449,,,,,,,,
3.2,2041,1935.252,140,58,139.6799,,,,,,,,
3.2,2043,1926.792,140,58,139.9111,,,,,,,,
3.2,2045,1918.287,140,58,140.1425,,,,,,,,
3.2,2047,1909.735,140,58,140.3743,,,,,,,,
3.2,2049,1901.137,140,56,140.5389,,,,,,,,
3.2,2051,1892.491,140,56,140.7714,,,,,,,,
3.2,2053,1883.796,140,56,141.0043,,,,,,,,
3.2,2055,1875.053,140,56,141.2374,,,,,,,,
3.2,2057,1866.261,140,58,141.5372,,,,,,,,
3.2,2059,1857.418,140,58,141.7706,,,,,,,,
3.2,2061,1848.524,140,58,142.0043,,,,,,,,
3.2,2063,1839.579,140,58,142.2383,,,,,,,,
3.2,2065,1830.581,140,58,142.4726,,,,,,,,
3.2,2067,1821.529,140,58,142.7072,,,,,,,,
3.2,2069,1812.424,140,58,142.942,,,,,,,,
3.2,2071,1803.264,140,58,143.1772,,,,,,,,
3.2,2073,1794.048,140,58,143.4126,,,,,,,,
3.2,2075,1784.776,140,58,143.6483,,,,,,,,
3.2,2077,1775.446,140,58,143.8843,,,,,,,,
3.2,2079,1766.058,140,56,144.0574,,,,,,,,
3.2,2081,1756.611,140,56,144.2943,,,,,,,,
3.2,2083,1747.103,140,56,144.5315,,,,,,,,
3.2,2085,1737.534,140,56,144.7689,,,,,,,,
3.2,2087,1727.903,140,58,145.0688,,,,,,,,
3.2,2089,1718.209,140,58,145.3066,,,,,,,,
3.2,2091,1708.45,140,58,145.5446,,,,,,,,
3.2,2093,1698.626,140,58,145.783,,,,,,,,
3.2,2095,1688.735,140,58,146.0217,,,,,,,,
3.2,2097,1678.776,140,58,146.2607,,,,,,,,
3.2,2099,1668.748,140,58,146.4999,,,,,,,,
3.2,2101,1658.65,140,58,146.7395,,,,,,,,
3.2,2103,1648.481,140,58,146.9794,,,,,,,,
3.2,2105,1638.238,140,58,147.2196,,,,,,,,
3.2,2107,1627.922,140,56,147.4013,,,,,,,,
3.2,2109,1617.529,140,56,147.6425,,,,,,,,
3.2,2111,1607.06,140,56,147.8839,,,,,,,,
3.2,2113,1596.512,140,56,148.1257,,,,,,,,
3.2,2115,1585.883,140,58,148.4253,,,,,,,,
3.2,2117,1575.173,140,58,148.6674,,,,,,,,
3.2,2119,1564.379,140,58,148.9098,,,,,,,,
3.2,2121,1553.5,140,58,149.1525,,,,,,,,
3.2,2123,1542.533,140,58,149.3955,,,,,,,,
3.2,2125,1531.478,140,58,149.6389,,,,,,,,
3.2,2127,1520.332,140,58,149.8826,,,,,,,,
3.2,2129,1509.093,140,58,150.1266,,,,,,,,
3.2,2131,1497.759,140,58,150.371,,,,,,,,
3.2,2133,1486.327,140,56,150.5615,,,,,,,,
3.2,2135,1474.797,140,56,150.8069,,,,,,,,
3.2,2137,1463.164,140,56,151.0527,,,,,,,,
3.2,2139,1451.427,140,58,151.3518,,,,,,,,
3.2,2141,1439.584,140,58,151.5978,,,,,,,,
3.2,2143,1427.631,140,58,151.8442,,,,,,,,
3.2,2145,1415.565,140,58,152.091,,,,,,,,
3.2,2147,1403.385,140,58,152.3381,,,,,,,,
3.2,2149,1391.086,140,58,152.5855,,,,,,,,
3.2,2151,1378.666,140,58,152.8334,,,,,,,,
3.2,2153,1366.122,140,58,153.0816,,,,,,,,
3.2,2155,1353.449,140,58,153.3301,,,,,,,,
3.2,2157,1340.645,140,56,153.5299,,,,,,,,
3.2,2159,1327.705,140,56,153.7796,,,,,,,,
3.2,2161,1314.626,140,56,154.0297,,,,,,,,
3.2,2163,1301.403,140,58,154.3281,,,,,,,,
3.2,2165,1288.031,140,58,154.5786,,,,,,,,
3.2,2167,1274.507,140,58,154.8294,,,,,,,,
3.2,2169,1260.826,140,58,155.0807,,,,,,,,
3.2,2171,1246.981,140,58,155.3323,,,,,,,,
3.2,2173,1232.968,140,58,155.5844,,,,,,,,
3.2,2175,1218.78,140,58,155.8369,,,,,,,,
3.2,2177,1204.412,140,58,156.0898,,,,,,,,
3.2,2179,1189.858,140,56,156.2992,,,,,,,,
3.2,2181,1175.109,140,56,156.5535,,,,,,,,
3.2,2183,1160.159,140,58,156.8512,,,,,,,,
3.2,2185,1145.0,140,58,157.1059,,,,,,,,
3.2,2187,1129.623,140,58,157.361,,,,,,,,
3.2,2189,1114.02,140,58,157.6167,,,,,,,,
3.2,2191,1098.181,140,58,157.8728,,,,,,,,
3.2,2193,1082.095,140,58,158.1294,,,,,,,,
3.2,2195,1065.751,140,58,158.3865,,,,,,,,
3.2,2197,1049.137,140,56,158.6052,,,,,,,,
3.2,2199,1032.241,140,56,158.864,,,,,,,,
3.2,2201,1015.047,140,58,159.161,,,,,,,,
3.2,2203,997.542,140,58,159.4203,,,,,,,,
3.2,2205,979.707,140,58,159.6802,,,,,,,,
3.2,2207,961.524,140,58,159.9407,,,,,,,,
3.2,2209,942.975,140,58,160.2018,,,,,,,,
3.2,2211,924.035,140,58,160.4636,,,,,,,,
3.2,2213,904.682,140,56,160.6923,,,,,,,,
3.2,2215,884.887,140,56,160.9561,,,,,,,,
3.2,2217,864.621,140,58,161.253,,,,,,,,
3.2,2219,843.849,140,58,161.5176,,,,,,,,
3.2,2221,822.533,140,58,161.7831,,,,,,,,
3.2,2223,800.63,140,58,162.0494,,,,,,,,
3.2,2225,778.091,140,58,162.3167,,,,,,,,
3.2,2227,754.857,140,56,162.5566,,,,,,,,
3.2,2229,730.863,140,56,162.8268,,,,,,,,
3.2,2231,706.032,140,58,163.1245,,,,,,,,
3.2,2233,680.271,140,58,163.3961,,,,,,,,
3.2,2235,653.472,140,58,163.669,,,,,,,,
3.2,2237,625.499,140,58,163.9435,,,,,,,,
3.2,2239,596.189,140,56,164.1972,,,,,,,,
3.2,2241,565.333,140,58,164.4975,,,,,,,,
3.2,2243,532.662,140,58,164.7777,,,,,,,,
3.2,2245,497.82,140,58,165.0603,,,,,,,,
3.2,2247,460.314,140,58,165.3461,,,,,,,,
3.2,2249,419.43,140,58,165.6356,,,,,,,,
3.2,2251,374.06,140,58,165.9302,,,,,,,,
3.2,2253,322.318,140,58,166.2317,,,,,,,,
3.2,2255,260.433,140,58,166.5442,,,,,,,,
3.2,2257,178.127,140,58,166.8785,,,,,,,,
3.7,1193,3228.983,100,42,74.094,,,,,,,,
3.7,1195,3226.024,100,42,74.2443,,,,,,,,
3.7,1197,3223.057,100,42,74.395,,,,,,,,
3.7,1199,3220.082,100,42,74.5459,,,,,,,,
3.7,1201,3217.099,100,42,74.6971,,,,,,,,
3.7,1203,3214.108,100,42,74.8486,,,,,,,,
3.7,1205,3211.11,100,42,75.0003,,,,,,,,
3.7,1207,3208.104,100,42,75.1523,,,,,,,,
3.7,1209,3205.091,100,42,75.3046,,,,,,,,
3.7,1211,3202.069,100,42,75.4571,,,,,,,,
3.7,1213,3199.039,100,42,75.6099,,,,,,,,
3.7,1215,3196.002,100,42,75.763,,,,,,,,
3.7,1217,3192.957,100,42,75.9163,,,,,,,,
3.7,1219,3189.904,100,42,76.07,,,,,,,,
3.7,1221,3186.843,100,42,76.2239,,,,,,,,
3.7,1223,3183.773,105,42,76.2432,,,,,,,,
3.7,1225,3180.696,105,42,76.3976,,,,,,,,
3.7,1227,3177.611,105,42,76.5523,,,,,,,,
3.7,1229,3174.518,105,42,76.7072,,,,,,,,
3.7,1231,3171.417,105,42,76.8624,,,,,,,,
3.7,1233,3168.308,105,42,77.0178,,,,,,,,
3.7,1235,3165.19,105,42,77.1736,,,,,,,,
3.7,1237,3162.065,105,44,77.4585,,,,,,,,
3.7,1239,3158.931,110,44,77.4859,,,,,,,,
3.7,1241,3155.789,110,44,77.6424,,,,,,,,
3.7,1243,3152.639,110,44,77.7993,,,,,,,,
3.7,1245,3149.481,110,44,77.9564,,,,,,,,
3.7,1247,3146.314,110,44,78.1137,,,,,,,,
3.7,1249,3143.139,115,44,78.1422,,,,,,,,
3.7,1251,3139.956,115,44,78.3001,,,,,,,,
3.7,1253,3136.765,115,44,78.4582,,,,,,,,
3.7,1255,3133.565,115,44,78.6166,,,,,,,,
3.7,1257,3130.357,115,44,78.7753,,,,,,,,
3.7,1259,3127.14,115,44,78.9343,,,,,,,,
3.7,1261,3123.915,115,44,79.0935,,,,,,,,
3.7,1263,3120.682,115,44,79.2531,,,,,,,,
3.7,1265,3117.44,115,44,79.4128,,,,,,,,
3.7,1267,3114.189,115,44,79.5729,,,,,,,,
3.7,1269,3110.93,115,44,79.7332,,,,,,,,
3.7,1271,3107.662,115,44,79.8938,,,,,,,,
3.7,1273,3104.386,115,44,80.0547,,,,,,,,
3.7,1275,3101.101,120,44,80.0863,,,,,,,,
3.7,1277,3097.808,120,44,80.2477,,,,,,,,
3.7,1279,3094.506,120,44,80.4094,,,,,,,,
3.7,1281,3091.195,120,44,80.5713,,,,,,,,
3.7,1283,3087.875,120,44,80.7336,,,,,,,,
3.7,1285,3084.547,120,44,80.896,,,,,,,,
3.7,1287,3081.21,120,44,81.0588,,,,,,,,
3.7,1289,3077.864,120,44,81.2219,,,,,,,,
3.7,1291,3074.509,120,44,81.3852,,,,,,,,
3.7,1293,3071.145,120,44,81.5488,,,,,,,,
3.7,1295,3067.773,120,44,81.7126,,,,,,,,
3.7,1297,3064.391,120,46,82.0121,,,,,,,,
3.7,1299,3061.001,125,46,82.0525,,,,,,,,
3.7,1301,3057.601,125,46,82.2171,,,,,,,,
3.7,1303,3054.193,125,46,82.3821,,,,,,,,
3.7,1305,3050.775,125,46,82.5473,,,,,,,,
3.7,1307,3047.349,125,46,82.7129,,,,,,,,
3.7,1309,3043.913,125,46,82.8786,,,,,,,,
3.7,1311,3040.468,125,46,83.0447,,,,,,,,
3.7,1313,3037.014,125,46,83.211,,,,,,,,
3.7,1315,3033.551,125,46,83.3776,,,,,,,,
3.7,1317,3030.078,125,46,83.5445,,,,,,,,
3.7,1319,3026.596,125,46,83.7117,,,,,,,,
3.7,1321,3023.105,125,46,83.8791,,,,,,,,
3.7,1323,3019.605,130,44,83.7758,,,,,,,,
3.7,1325,3016.095,130,44,83.9438,,,,,,,,
3.7,1327,3012.576,130,44,84.112,,,,,,,,
3.7,1329,3009.047,130,44,84.2806,,,,,,,,
3.7,1331,3005.509,130,44,84.4494,,,,,,,,
3.7,1333,3001.962,130,44,84.6185,,,,,,,,
3.7,1335,2998.404,130,44,84.7878,,,,,,,,
3.7,1337,2994.838,130,44,84.9575,,,,,,,,
3.7,1339,2991.261,135,46,85.15,,,,,,,,
3.7,1341,2987.676,140,46,85.1959,,,,,,,,
3.7,1343,2984.08,140,46,85.3664,,,,,,,,
3.7,1345,2980.475,140,60,86.3482,,,,,,,,
3.7,1347,2976.86,140,60,86.5191,,,,,,,,
3.7,1349,2973.235,140,60,86.6904,,,,,,,,
3.7,1351,2969.6,140,60,86.8619,,,,,,,,
3.7,1353,2965.956,140,60,87.0337,,,,,,,,
3.7,1355,2962.301,140,60,87.2058,,,,,,,,
3.7,1357,2958.637,140,60,87.3781,,,,,,,,
3.7,1359,2954.963,140,60,87.5507,,,,,,,,
3.7,1361,2951.279,140,46,86.9132,,,,,,,,
3.7,1363,2947.584,140,46,87.0865,,,,,,,,
3.7,1365,2943.88,140,46,87.26,,,,,,,,
3.7,1367,2940.166,140,46,87.4338,,,,,,,,
3.7,1369,2936.441,140,46,87.6079,,,,,,,,
3.7,1371,2932.706,140,46,87.7823,,,,,,,,
3.7,1373,2928.961,140,60,88.7666,,,,,,,,
3.7,1375,2925.206,140,60,88.9414,,,,,,,,
3.7,1377,2921.44,140,60,89.1165,,,,,,,,
3.7,1379,2917.664,140,60,89.2918,,,,,,,,
3.7,1381,2913.878,140,60,89.4674,,,,,,,,
3.7,1383,2910.081,140,60,89.6433,,,,,,,,
3.7,1385,2906.274,140,60,89.8195,,,,,,,,
3.7,1387,2902.456,140,60,89.9959,,,,,,,,
3.7,1389,2898.628,140,60,90.1726,,,,,,,,
3.7,1391,2894.789,140,60,90.3496,,,,,,,,
3.7,1393,2890.94,140,60,90.5268,,,,,,,,
3.7,1395,2887.08,140,60,90.7044,,,,,,,,
3.7,1397,2883.209,140,60,90.8822,,,,,,,,
3.7,1399,2879.327,140,60,91.0602,,,,,,,,
3.7,1401,2875.435,140,60,91.2386,,,,,,,,
3.7,1403,2871.532,140,60,91.4172,,,,,,,,
3.7,1405,2867.617,140,60,91.5961,,,,,,,,
3.7,1407,2863.692,140,60,91.7753,,,,,,,,
3.7,1409,2859.756,140,60,91.9547,,,,,,,,
3.7,1411,2855.809,140,46,91.3285,,,,,,,,
3.7,1413,2851.851,140,46,91.5087,,,,,,,,
3.7,1415,2847.882,140,46,91.6892,,,,,,,,
3.7,1417,2843.901,140,46,91.87,,,,,,,,
3.7,1419,2839.909,140,46,92.0511,,,,,,,,
3.7,1421,2835.906,140,60,93.0371,,,,,,,,
3.7,1423,2831.892,140,60,93.2185,,,,,,,,
3.7,1425,2827.867,140,60,93.4001,,,,,,,,
3.7,1427,2823.83,140,60,93.5821,,,,,,,,
3.7,1429,2819.781,140,60,93.7642,,,,,,,,
3.7,1431,2815.721,140,60,93.9467,,,,,,,,
3.7,1433,2811.65,140,60,94.1294,,,,,,,,
3.7,1435,2807.566,140,60,94.3125,,,,,,,,
3.7,1437,2803.472,140,60,94.4957,,,,,,,,
3.7,1439,2799.365,140,60,94.6793,,,,,,,,
3.7,1441,2795.247,140,60,94.8631,,,,,,,,
3.7,1443,2791.117,140,60,95.0473,,,,,,,,
3.7,1445,2786.975,140,60,95.2316,,,,,,,,
3.7,1447,2782.821,140,60,95.4163,,,,,,,,
3.7,1449,2778.655,140,60,95.6013,,,,,,,,
3.7,1451,2774.477,140,60,95.7865,,,,,,,,
3.7,1453,2770.288,140,60,95.972,,,,,,,,
3.7,1455,2766.086,140,60,96.1577,,,,,,,,
3.7,1457,2761.871,140,60,96.3438,,,,,,,,
3.7,1459,2757.645,140,48,95.8747,,,,,,,,
3.7,1461,2753.406,140,48,96.0616,,,,,,,,
3.7,1463,2749.155,140,48,96.2488,,,,,,,,
3.7,1465,2744.891,140,48,96.4363,,,,,,,,
3.7,1467,2740.615,140,60,97.2781,,,,,,,,
3.7,1469,2736.327,140,60,97.4658,,,,,,,,
3.7,1471,2732.026,140,60,97.6538,,,,,,,,
3.7,1473,2727.712,140,60,97.8421,,,,,,,,
3.7,1475,2723.386,140,60,98.0306,,,,,,,,
3.7,1477,2719.046,140,60,98.2194,,,,,,,,
3.7,1479,2714.694,140,60,98.4085,,,,,,,,
3.7,1481,2710.329,140,60,98.5978,,,,,,,,
3.7,1483,2705.951,140,60,98.7875,,,,,,,,
3.7,1485,2701.561,140,60,98.9774,,,,,,,,
3.7,1487,2697.157,140,60,99.1676,,,,,,,,
3.7,1489,2692.739,140,60,99.358,,,,,,,,
3.7,1491,2688.309,140,60,99.5488,,,,,,,,
3.7,1493,2683.865,140,60,99.7398,,,,,,,,
3.7,1495,2679.408,140,60,99.9311,,,,,,,,
3.7,1497,2674.938,140,60,100.1227,,,,,,,,
3.7,1499,2670.454,140,60,100.3145,,,,,,,,
3.7,1501,2665.957,140,60,100.5067,,,,,,,,
3.7,1503,2661.446,140,60,100.6991,,,,,,,,
3.7,1505,2656.921,140,58,100.8027,,,,,,,,
3.7,1507,2652.383,140,58,100.9957,,,,,,,,
3.7,1509,2647.83,140,58,101.1891,,,,,,,,
3.7,1511,2643.264,140,58,101.3826,,,,,,,,
3.7,1513,2638.684,140,60,101.6653,,,,,,,,
3.7,1515,2634.09,140,60,101.8594,,,,,,,,
3.7,1517,2629.482,140,60,102.0537,,,,,,,,
3.7,1519,2624.859,140,60,102.2484,,,,,,,,
3.7,1521,2620.222,140,60,102.4433,,,,,,,,
3.7,1523,2615.571,140,60,102.6385,,,,,,,,
3.7,1525,2610.906,140,60,102.8339,,,,,,,,
3.7,1527,2606.226,140,60,103.0297,,,,,,,,
3.7,1529,2601.531,140,60,103.2257,,,,,,,,
3.7,1531,2596.822,140,60,103.422,,,,,,,,
3.7,1533,2592.098,140,60,103.6186,,,,,,,,
3.7,1535,2587.36,140,60,103.8155,,,,,,,,
3.7,1537,2582.606,140,60,104.0126,,,,,,,,
3.7,1539,2577.837,140,60,104.2101,,,,,,,,
3.7,1541,2573.054,140,60,104.4078,,,,,,,,
3.7,1543,2568.255,140,60,104.6058,,,,,,,,
3.7,1545,2563.441,140,60,104.804,,,,,,,,
3.7,1547,2558.612,140,60,105.0026,,,,,,,,
3.7,1549,2553.767,140,58,105.114,,,,,,,,
3.7,1551,2548.907,140,58,105.3132,,,,,,,,
3.7,1553,2544.031,140,58,105.5127,,,,,,,,
3.7,1555,2539.139,140,58,105.7124,,,,,,,,
3.7,1557,2534.232,140,60,105.9995,,,,,,,,
3.7,1559,2529.309,140,60,106.1998,,,,,,,,
3.7,1561,2524.37,140,60,106.4003,,,,,,,,
3.7,1563,2519.415,140,60,106.6011,,,,,,,,
3.7,1565,2514.444,140,60,106.8021,,,,,,,,
3.7,1567,2509.457,140,60,107.0035,,,,,,,,
3.7,1569,2504.453,140,60,107.2051,,,,,,,,
3.7,1571,2499.433,140,60,107.4071,,,,,,,,
3.7,1573,2494.396,140,60,107.6093,,,,,,,,
3.7,1575,2489.343,140,60,107.8117,,,,,,,,
3.7,1577,2484.273,140,60,108.0145,,,,,,,,
3.7,1579,2479.186,140,60,108.2175,,,,,,,,
3.7,1581,2474.083,140,60,108.4209,,,,,,,,
3.7,1583,2468.962,140,60,108.6245,,,,,,,,
3.7,1585,2463.824,140,60,108.8284,,,,,,,,
3.7,1587,2458.669,140,60,109.0326,,,,,,,,
3.7,1589,2453.497,140,60,109.237,,,,,,,,
3.7,1591,2448.307,140,60,109.4418,,,,,,,,
3.7,1593,2443.099,140,58,109.5615,,,,,,,,
3.7,1595,2437.874,140,58,109.7669,,,,,,,,
3.7,1597,2432.631,140,58,109.9726,,,,,,,,
3.7,1599,2427.37,140,60,110.2636,,,,,,,,
3.7,1601,2422.091,140,60,110.4697,,,,,,,,
3.7,1603,2416.794,140,60,110.6762,,,,,,,,
3.7,1605,2411.479,140,60,110.8829,,,,,,,,
3.7,1607,2406.145,140,60,111.0899,,,,,,,,
3.7,1609,2400.793,140,60,111.2972,,,,,,,,
3.7,1611,2395.422,140,60,111.5048,,,,,,,,
3.7,1613,2390.032,140,60,111.7127,,,,,,,,
3.7,1615,2384.623,140,60,111.9208,,,,,,,,
3.7,1617,2379.196,140,60,112.1293,,,,,,,,
3.7,1619,2373.749,140,60,112.338,,,,,,,,
3.7,1621,2368.283,140,60,112.547,,,,,,,,
3.7,1623,2362.798,140,60,112.7563,,,,,,,,
3.7,1625,2357.293,140,60,112.9659,,,,,,,,
3.7,1627,2351.768,140,60,113.1757,,,,,,,,
3.7,1629,2346.224,140,60,113.3859,,,,,,,,
3.7,1631,2340.659,140,60,113.5963,,,,,,,,
3.7,1633,2335.075,140,58,113.7241,,,,,,,,
3.7,1635,2329.47,140,58,113.9352,,,,,,,,
3.7,1637,2323.844,140,58,114.1466,,,,,,,,
3.7,1639,2318.199,140,60,114.441,,,,,,,,
3.7,1641,2312.532,140,60,114.6528,,,,,,,,
3.7,1643,2306.845,140,60,114.865,,,,,,,,
3.7,1645,2301.137,140,60,115.0774,,,,,,,,
3.7,1647,2295.407,140,60,115.2902,,,,,,,,
3.7,1649,2289.656,140,60,115.5032,,,,,,,,
3.7,1651,2283.884,140,60,115.7165,,,,,,,,
3.7,1653,2278.09,140,60,115.9301,,,,,,,,
3.7,1655,2272.274,140,60,116.144,,,,,,,,
3.7,1657,2266.436,140,60,116.3582,,,,,,,,
3.7,1659,2260.576,140,60,116.5727,,,,,,,,
3.7,1661,2254.694,140,60,116.7874,,,,,,,,
3.7,1663,2248.789,140,60,117.0025,,,,,,,,
3.7,1665,2242.862,140,60,117.2178,,,,,,,,
3.7,1667,2236.912,140,60,117.4334,,,,,,,,
3.7,1669,2230.938,140,60,117.6494,,,,,,,,
3.7,1671,2224.942,140,60,117.8656,,,,,,,,
3.7,1673,2218.922,140,58,118.0018,,,,,,,,
3.7,1675,2212.878,140,58,118.2188,,,,,,,,
3.7,1677,2206.811,140,58,118.436,,,,,,,,
3.7,1679,2200.719,140,60,118.7333,,,,,,,,
3.7,1681,2194.604,140,60,118.951,,,,,,,,
3.7,1683,2188.464,140,60,119.169,,,,,,,,
3.7,1685,2182.299,140,60,119.3872,,,,,,,,
3.7,1687,2176.11,140,60,119.6058,,,,,,,,
3.7,1689,2169.895,140,60,119.8246,,,,,,,,
3.7,1691,2163.656,140,60,120.0437,,,,,,,,
3.7,1693,2157.39,140,60,120.2632,,,,,,,,
3.7,1695,2151.1,140,60,120.4829,,,,,,,,
3.7,1697,2144.783,140,60,120.7029,,,,,,,,
3.7,1699,2138.44,140,60,120.9232,,,,,,,,
3.7,1701,2132.071,140,60,121.1438,,,,,,,,
3.7,1703,2125.675,140,60,121.3647,,,,,,,,
3.7,1705,2119.252,140,60,121.5859,,,,,,,,
3.7,1707,2112.802,140,60,121.8074,,,,,,,,
3.7,1709,2106.325,140,58,121.9519,,,,,,,,
3.7,1711,2099.82,140,58,122.1742,,,,,,,,
3.7,1713,2093.288,140,58,122.3967,,,,,,,,
3.7,1715,2086.727,140,60,122.6963,,,,,,,,
3.7,1717,2080.138,140,60,122.9193,,,,,,,,
3.7,1719,2073.52,140,60,123.1426,,,,,,,,
3.7,1721,2066.873,140,60,123.3662,,,,,,,,
3.7,1723,2060.197,140,60,123.59,,,,,,,,
3.7,1725,2053.492,140,60,123.8142,,,,,,,,
3.7,1727,2046.757,140,60,124.0387,,,,,,,,
3.7,1729,2039.991,140,60,124.2634,,,,,,,,
3.7,1731,2033.196,140,60,124.4885,,,,,,,,
3.7,1733,2026.369,140,60,124.7139,,,,,,,,
3.7,1735,2019.512,140,60,124.9395,,,,,,,,
3.7,1737,2012.623,140,60,125.1655,,,,,,,,
3.7,1739,2005.703,140,60,125.3918,,,,,,,,
3.7,1741,1998.751,140,60,125.6183,,,,,,,,
3.7,1743,1991.766,140,60,125.8452,,,,,,,,
3.7,1745,1984.749,140,58,125.9985,,,,,,,,
3.7,1747,1977.699,140,58,126.2262,,,,,,,,
3.7,1749,1970.615,140,60,126.5277,,,,,,,,
3.7,1751,1963.498,140,60,126.7558,,,,,,,,
3.7,1753,1956.347,140,60,126.9842,,,,,,,,
3.7,1755,1949.161,140,60,127.2129,,,,,,,,
3.7,1757,1941.941,140,60,127.4419,,,,,,,,
3.7,1759,1934.685,140,60,127.6712,,,,,,,,
3.7,1761,1927.393,140,60,127.9008,,,,,,,,
3.7,1763,1920.066,140,60,128.1307,,,,,,,,
3.7,1765,1912.702,140,60,128.361,,,,,,,,
3.7,1767,1905.301,140,60,128.5915,,,,,,,,
3.7,1769,1897.863,140,60,128.8224,,,,,,,,
3.7,1771,1890.388,140,60,129.0535,,,,,,,,
3.7,1773,1882.874,140,60,129.285,,,,,,,,
3.7,1775,1875.321,140,60,129.5168,,,,,,,,
3.7,1777,1867.729,140,58,129.6785,,,,,,,,
3.7,1779,1860.098,140,58,129.9111,,,,,,,,
3.7,1781,1852.427,140,58,130.1441,,,,,,,,
3.7,1783,1844.715,140,60,130.447,,,,,,,,
3.7,1785,1836.962,140,60,130.6804,,,,,,,,
3.7,1787,1829.167,140,60,130.914,,,,,,,,
3.7,1789,1821.331,140,60,131.148,,,,,,,,
3.7,1791,1813.451,140,60,131.3823,,,,,,,,
3.7,1793,1805.529,140,60,131.6169,,,,,,,,
3.7,1795,1797.562,140,60,131.8518,,,,,,,,
3.7,1797,1789.551,140,60,132.0871,,,,,,,,
3.7,1799,1781.495,140,60,132.3226,,,,,,,,
3.7,1801,1773.394,140,60,132.5585,,,,,,,,
3.7,1803,1765.246,140,60,132.7947,,,,,,,,
3.7,1805,1757.051,140,60,133.0312,,,,,,,,
3.7,1807,1748.809,140,60,133.2681,,,,,,,,
3.7,1809,1740.519,140,58,133.4388,,,,,,,,
3.7,1811,1732.179,140,58,133.6766,,,,,,,,
3.7,1813,1723.79,140,60,133.9805,,,,,,,,
3.7,1815,1715.351,140,60,134.2187,,,,,,,,
3.7,1817,1706.861,140,60,134.4571,,,,,,,,
3.7,1819,1698.318,140,60,134.6959,,,,,,,,
3.7,1821,1689.723,140,60,134.9351,,,,,,,,
3.7,1823,1681.075,140,60,135.1745,,,,,,,,
3.7,1825,1672.372,140,60,135.4143,,,,,,,,
3.7,1827,1663.615,140,60,135.6544,,,,,,,,
3.7,1829,1654.801,140,60,135.8948,,,,,,,,
3.7,1831,1645.93,140,60,136.1356,,,,,,,,
3.7,1833,1637.001,140,60,136.3767,,,,,,,,
3.7,1835,1628.014,140,60,136.6182,,,,,,,,
3.7,1837,1618.967,140,58,136.7976,,,,,,,,
3.7,1839,1609.859,140,58,137.04,,,,,,,,
3.7,1841,1600.689,140,60,137.3446,,,,,,,,
3.7,1843,1591.456,140,60,137.5874,,,,,,,,
3.7,1845,1582.16,140,60,137.8305,,,,,,,,
3.7,1847,1572.798,140,60,138.074,,,,,,,,
3.7,1849,1563.37,140,60,138.3179,,,,,,,,
3.7,1851,1553.874,140,60,138.562,,,,,,,,
3.7,1853,1544.31,140,60,138.8066,,,,,,,,
3.7,1855,1534.676,140,60,139.0515,,,,,,,,
3.7,1857,1524.97,140,60,139.2967,,,,,,,,
3.7,1859,1515.191,140,60,139.5423,,,,,,,,
3.7,1861,1505.339,140,60,139.7882,,,,,,,,
3.7,1863,1495.411,140,60,140.0345,,,,,,,,
3.7,1865,1485.405,140,58,140.2234,,,,,,,,
3.7,1867,1475.321,140,60,140.5282,,,,,,,,
3.7,1869,1465.157,140,60,140.7756,,,,,,,,
3.7,1871,1454.911,140,60,141.0233,,,,,,,,
3.7,1873,1444.581,140,60,141.2714,,,,,,,,
3.7,1875,1434.165,140,60,141.5199,,,,,,,,
3.7,1877,1423.662,140,60,141.7688,,,,,,,,
3.7,1879,1413.069,140,60,142.018,,,,,,,,
3.7,1881,1402.386,140,60,142.2676,,,,,,,,
3.7,1883,1391.608,140,60,142.5176,,,,,,,,
3.7,1885,1380.735,140,60,142.768,,,,,,,,
3.7,1887,1369.764,140,60,143.0187,,,,,,,,
3.7,1889,1358.692,140,58,143.2165,,,,,,,,
3.7,1891,1347.518,140,58,143.4685,,,,,,,,
3.7,1893,1336.238,140,60,143.7733,,,,,,,,
3.7,1895,1324.851,140,60,144.0256,,,,,,,,
3.7,1897,1313.352,140,60,144.2783,,,,,,,,
3.7,1899,1301.739,140,60,144.5315,,,,,,,,
3.7,1901,1290.01,140,60,144.785,,,,,,,,
3.7,1903,1278.16,140,60,145.0389,,,,,,,,
3.7,1905,1266.187,140,60,145.2933,,,,,,,,
3.7,1907,1254.087,140,60,145.5481,,,,,,,,
3.7,1909,1241.856,140,60,145.8033,,,,,,,,
3.7,1911,1229.49,140,58,146.0103,,,,,,,,
3.7,1913,1216.985,140,58,146.2668,,,,,,,,
3.7,1915,1204.338,140,60,146.5715,,,,,,,,
3.7,1917,1191.542,140,60,146.8284,,,,,,,,
3.7,1919,1178.595,140,60,147.0858,,,,,,,,
3.7,1921,1165.489,140,60,147.3437,,,,,,,,
3.7,1923,1152.221,140,60,147.602,,,,,,,,
3.7,1925,1138.784,140,60,147.8608,,,,,,,,
3.7,1927,1125.173,140,60,148.12,,,,,,,,
3.7,1929,1111.38,140,60,148.3798,,,,,,,,
3.7,1931,1097.399,140,58,148.5964,,,,,,,,
3.7,1933,1083.224,140,60,148.9008,,,,,,,,
3.7,1935,1068.845,140,60,149.1621,,,,,,,,
3.7,1937,1054.255,140,60,149.4238,,,,,,,,
3.7,1939,1039.445,140,60,149.6862,,,,,,,,
3.7,1941,1024.405,140,60,149.949,,,,,,,,
3.7,1943,1009.125,140,60,150.2124,,,,,,,,
3.7,1945,993.594,140,60,150.4764,,,,,,,,
3.7,1947,977.8,140,60,150.741,,,,,,,,
3.7,1949,961.73,140,58,150.9677,,,,,,,,
3.7,1951,945.37,140,60,151.272,,,,,,,,
3.7,1953,928.705,140,60,151.5384,,,,,,,,
3.7,1955,911.718,140,60,151.8055,,,,,,,,
3.7,1957,894.39,140,60,152.0732,,,,,,,,
3.7,1959,876.701,140,60,152.3417,,,,,,,,
3.7,1961,858.63,140,60,152.6109,,,,,,,,
3.7,1963,840.151,140,60,152.8808,,,,,,,,
3.7,1965,821.236,140,58,153.1185,,,,,,,,
3.7,1967,801.856,140,60,153.4231,,,,,,,,
3.7,1969,781.975,140,60,153.6956,,,,,,,,
3.7,1971,761.554,140,60,153.9689,,,,,,,,
3.7,1973,740.549,140,60,154.2432,,,,,,,,
3.7,1975,718.908,140,60,154.5186,,,,,,,,
3.7,1977,696.572,140,60,154.795,,,,,,,,
3.7,1979,673.473,140,60,155.0727,,,,,,,,
3.7,1981,649.527,140,60,155.3516,,,,,,,,
3.7,1983,624.638,140,60,155.6319,,,,,,,,
3.7,1985,598.69,140,60,155.9137,,,,,,,,
3.7,1987,571.536,140,60,156.1973,,,,,,,,
3.7,1989,542.997,140,58,156.4608,,,,,,,,
3.7,1991,512.84,140,60,156.7704,,,,,,,,
3.7,1993,480.763,140,60,157.0606,,,,,,,,
3.7,1995,446.351,140,60,157.3539,,,,,,,,
3.7,1997,409.015,140,58,157.6343,,,,,,,,
3.7,1999,367.866,140,60,157.9528,,,,,,,,
3.7,2001,321.442,140,60,158.2611,,,,,,,,
3.7,2003,267.008,140,56,158.5567,,,,,,,,
3.7,2005,198.064,140,60,158.9147,,,,,,,,
4.2,1042,2939.931,100,44,72.4298,,,,,,,,
4.2,1044,2937.092,100,44,72.5786,,,,,,,,
4.2,1046,2934.244,100,44,72.7276,,,,,,,,
4.2,1048,2931.388,100,44,72.877,,,,,,,,
4.2,1050,2928.524,100,44,73.0267,,,,,,,,
4.2,1052,2925.651,100,46,73.2896,,,,,,,,
4.2,1054,2922.771,105,46,73.3157,,,,,,,,
4.2,1056,2919.882,105,46,73.4663,,,,,,,,
4.2,1058,2916.984,105,46,73.6173,,,,,,,,
4.2,1060,2914.078,105,46,73.7685,,,,,,,,
4.2,1062,2911.164,105,46,73.92,,,,,,,,
4.2,1064,2908.241,105,46,74.0718,,,,,,,,
4.2,1066,2905.31,105,46,74.224,,,,,,,,
4.2,1068,2902.371,105,46,74.3764,,,,,,,,
4.2,1070,2899.423,105,46,74.5292,,,,,,,,
4.2,1072,2896.466,110,46,74.5575,,,,,,,,
4.2,1074,2893.501,110,48,74.8252,,,,,,,,
4.2,1076,2890.527,115,48,74.8592,,,,,,,,
4.2,1078,2887.545,115,48,75.0131,,,,,,,,
4.2,1080,2884.554,115,48,75.1674,,,,,,,,
4.2,1082,2881.555,115,48,75.3219,,,,,,,,
4.2,1084,2878.546,115,48,75.4768,,,,,,,,
4.2,1086,2875.529,115,48,75.6319,,,,,,,,
4.2,1088,2872.504,115,48,75.7874,,,,,,,,
4.2,1090,2869.469,115,48,75.9432,,,,,,,,
4.2,1092,2866.426,115,48,76.0993,,,,,,,,
4.2,1094,2863.374,115,48,76.2557,,,,,,,,
4.2,1096,2860.313,115,48,76.4124,,,,,,,,
4.2,1098,2857.243,120,48,76.4492,,,,,,,,
4.2,1100,2854.164,120,48,76.6064,,,,,,,,
4.2,1102,2851.076,120,48,76.764,,,,,,,,
4.2,1104,2847.98,120,48,76.9219,,,,,,,,
4.2,1106,2844.874,120,48,77.0801,,,,,,,,
4.2,1108,2841.759,120,48,77.2386,,,,,,,,
4.2,1110,2838.636,120,48,77.3975,,,,,,,,
4.2,1112,2835.503,120,48,77.5566,,,,,,,,
4.2,1114,2832.361,120,48,77.7161,,,,,,,,
4.2,1116,2829.21,120,48,77.8758,,,,,,,,
4.2,1118,2826.05,120,48,78.0359,,,,,,,,
4.2,1120,2822.88,125,48,78.0756,,,,,,,,
4.2,1122,2819.701,125,48,78.2362,,,,,,,,
4.2,1124,2816.514,125,48,78.3972,,,,,,,,
4.2,1126,2813.316,125,48,78.5585,,,,,,,,
4.2,1128,2810.11,125,48,78.7201,,,,,,,,
4.2,1130,2806.894,125,48,78.882,,,,,,,,
4.2,1132,2803.668,125,48,79.0442,,,,,,,,
4.2,1134,2800.434,125,48,79.2067,,,,,,,,
4.2,1136,2797.189,125,48,79.3695,,,,,,,,
4.2,1138,2793.936,125,48,79.5327,,,,,,,,
4.2,1140,2790.672,125,48,79.6961,,,,,,,,
4.2,1142,2787.4,130,50,79.8648,,,,,,,,
4.2,1144,2784.117,135,50,79.9126,,,,,,,,
4.2,1146,2780.825,135,50,80.077,,,,,,,,
4.2,1148,2777.523,135,50,80.2417,,,,,,,,
4.2,1150,2774.212,135,50,80.4067,,,,,,,,
4.2,1152,2770.891,135,50,80.572,,,,,,,,
4.2,1154,2767.56,135,50,80.7376,,,,,,,,
4.2,1156,2764.219,135,50,80.9036,,,,,,,,
4.2,1158,2760.869,135,50,81.0698,,,,,,,,
4.2,1160,2757.508,135,50,81.2364,,,,,,,,
4.2,1162,2754.138,140,50,81.2869,,,,,,,,
4.2,1164,2750.758,140,50,81.4541,,,,,,,,
4.2,1166,2747.368,140,50,81.6215,,,,,,,,
4.2,1168,2743.967,140,50,81.7894,,,,,,,,
4.2,1170,2740.557,140,50,81.9575,,,,,,,,
4.2,1172,2737.137,140,50,82.1259,,,,,,,,
4.2,1174,2733.706,140,50,82.2947,,,,,,,,
4.2,1176,2730.265,140,52,82.5892,,,,,,,,
4.2,1178,2726.814,140,52,82.7586,,,,,,,,
4.2,1180,2723.353,140,52,82.9283,,,,,,,,
4.2,1182,2719.882,140,52,83.0983,,,,,,,,
4.2,1184,2716.4,140,52,83.2687,,,,,,,,
4.2,1186,2712.908,140,52,83.4393,,,,,,,,
4.2,1188,2709.405,140,52,83.6103,,,,,,,,
4.2,1190,2705.892,140,52,83.7815,,,,,,,,
4.2,1192,2702.369,140,52,83.9531,,,,,,,,
4.2,1194,2698.835,140,52,84.125,,,,,,,,
4.2,1196,2695.29,140,52,84.2973,,,,,,,,
4.2,1198,2691.735,140,52,84.4698,,,,,,,,
4.2,1200,2688.169,140,52,84.6427,,,,,,,,
4.2,1202,2684.592,140,52,84.8158,,,,,,,,
4.2,1204,2681.005,140,52,84.9893,,,,,,,,
4.2,1206,2677.407,140,52,85.1631,,,,,,,,
4.2,1208,2673.798,140,52,85.3372,,,,,,,,
4.2,1210,2670.178,140,52,85.5117,,,,,,,,
4.2,1212,2666.548,140,52,85.6864,,,,,,,,
4.2,1214,2662.906,140,54,85.9775,,,,,,,,
4.2,1216,2659.253,140,52,86.0368,,,,,,,,
4.2,1218,2655.59,140,52,86.2125,,,,,,,,
4.2,1220,2651.915,140,52,86.3885,,,,,,,,
4.2,1222,2648.229,140,52,86.5649,,,,,,,,
4.2,1224,2644.532,140,52,86.7415,,,,,,,,
4.2,1226,2640.823,140,52,86.9184,,,,,,,,
4.2,1228,2637.104,140,52,87.0957,,,,,,,,
4.2,1230,2633.373,140,52,87.2733,,,,,,,,
4.2,1232,2629.63,140,52,87.4512,,,,,,,,
4.2,1234,2625.877,140,52,87.6294,,,,,,,,
4.2,1236,2622.111,140,52,87.808,,,,,,,,
4.2,1238,2618.335,140,52,87.9868,,,,,,,,
4.2,1240,2614.546,140,52,88.166,,,,,,,,
4.2,1242,2610.746,140,52,88.3455,,,,,,,,
4.2,1244,2606.935,140,52,88.5253,,,,,,,,
4.2,1246,2603.111,140,52,88.7054,,,,,,,,
4.2,1248,2599.276,140,52,88.8858,,,,,,,,
4.2,1250,2595.429,140,52,89.0666,,,,,,,,
4.2,1252,2591.57,140,54,89.3633,,,,,,,,
4.2,1254,2587.699,140,54,89.5447,,,,,,,,
4.2,1256,2583.817,140,54,89.7263,,,,,,,,
4.2,1258,2579.922,140,54,89.9083,,,,,,,,
4.2,1260,2576.015,140,54,90.0906,,,,,,,,
4.2,1262,2572.096,140,54,90.2733,,,,,,,,
4.2,1264,2568.164,140,54,90.4562,,,,,,,,
4.2,1266,2564.221,140,54,90.6395,,,,,,,,
4.2,1268,2560.265,140,54,90.823,,,,,,,,
4.2,1270,2556.297,140,54,91.0069,,,,,,,,
4.2,1272,2552.316,140,54,91.1911,,,,,,,,
4.2,1274,2548.323,140,54,91.3756,,,,,,,,
4.2,1276,2544.317,140,54,91.5605,,,,,,,,
4.2,1278,2540.298,140,54,91.7456,,,,,,,,
4.2,1280,2536.267,140,54,91.9311,,,,,,,,
4.2,1282,2532.224,140,54,92.1169,,,,,,,,
4.2,1284,2528.167,140,54,92.303,,,,,,,,
4.2,1286,2524.098,140,54,92.4895,,,,,,,,
4.2,1288,2520.015,140,54,92.6762,,,,,,,,
4.2,1290,2515.92,140,54,92.8633,,,,,,,,
4.2,1292,2511.811,140,54,93.0506,,,,,,,,
4.2,1294,2507.69,140,54,93.2383,,,,,,,,
4.2,1296,2503.555,140,56,93.5328,,,,,,,,
4.2,1298,2499.407,140,56,93.7211,,,,,,,,
4.2,1300,2495.246,140,56,93.9097,,,,,,,,
4.2,1302,2491.071,140,56,94.0987,,,,,,,,
4.2,1304,2486.883,140,56,94.2879,,,,,,,,
4.2,1306,2482.682,140,56,94.4774,,,,,,,,
4.2,1308,2478.467,140,56,94.6673,,,,,,,,
4.2,1310,2474.238,140,56,94.8575,,,,,,,,
4.2,1312,2469.995,140,56,95.048,,,,,,,,
4.2,1314,2465.739,140,56,95.2389,,,,,,,,
4.2,1316,2461.469,140,56,95.43,,,,,,,,
4.2,1318,2457.185,140,56,95.6215,,,,,,,,
4.2,1320,2452.887,140,54,95.7075,,,,,,,,
4.2,1322,2448.574,140,54,95.8997,,,,,,,,
4.2,1324,2444.248,140,54,96.0922,,,,,,,,
4.2,1326,2439.907,140,54,96.285,,,,,,,,
4.2,1328,2435.553,140,54,96.4781,,,,,,,,
4.2,1330,2431.183,140,54,96.6716,,,,,,,,
4.2,1332,2426.8,140,54,96.8653,,,,,,,,
4.2,1334,2422.401,140,56,97.1647,,,,,,,,
4.2,1336,2417.989,140,56,97.359,,,,,,,,
4.2,1338,2413.561,140,56,97.5537,,,,,,,,
4.2,1340,2409.119,140,56,97.7487,,,,,,,,
4.2,1342,2404.661,140,56,97.944,,,,,,,,
4.2,1344,2400.189,140,56,98.1396,,,,,,,,
4.2,1346,2395.702,140,56,98.3355,,,,,,,,
4.2,1348,2391.2,140,56,98.5318,,,,,,,,
4.2,1350,2386.682,140,56,98.7284,,,,,,,,
4.2,1352,2382.15,140,56,98.9253,,,,,,,,
4.2,1354,2377.601,140,56,99.1225,,,,,,,,
4.2,1356,2373.038,140,56,99.32,,,,,,,,
4.2,1358,2368.459,140,56,99.5179,,,,,,,,
4.2,1360,2363.864,140,56,99.7161,,,,,,,,
4.2,1362,2359.253,140,56,99.9146,,,,,,,,
4.2,1364,2354.627,140,56,100.1134,,,,,,,,
4.2,1366,2349.985,140,56,100.3126,,,,,,,,
4.2,1368,2345.326,140,56,100.5121,,,,,,,,
4.2,1370,2340.652,140,56,100.7119,,,,,,,,
4.2,1372,2335.962,140,56,100.912,,,,,,,,
4.2,1374,2331.255,140,56,101.1124,,,,,,,,
4.2,1376,2326.531,140,56,101.3132,,,,,,,,
4.2,1378,2321.792,140,56,101.5143,,,,,,,,
4.2,1380,2317.035,140,56,101.7157,,,,,,,,
4.2,1382,2312.262,140,56,101.9174,,,,,,,,
4.2,1384,2307.472,140,56,102.1195,,,,,,,,
4.2,1386,2302.665,140,56,102.3219,,,,,,,,
4.2,1388,2297.842,140,56,102.5246,,,,,,,,
4.2,1390,2293.001,140,56,102.7276,,,,,,,,
4.2,1392,2288.143,140,56,102.931,,,,,,,,
4.2,1394,2283.267,140,56,103.1347,,,,,,,,
4.2,1396,2278.374,140,56,103.3387,,,,,,,,
4.2,1398,2273.464,140,56,103.543,,,,,,,,
4.2,1400,2268.535,140,56,103.7476,,,,,,,,
4.2,1402,2263.589,140,56,103.9526,,,,,,,,
4.2,1404,2258.625,140,56,104.1579,,,,,,,,
4.2,1406,2253.643,140,56,104.3636,,,,,,,,
4.2,1408,2248.643,140,56,104.5695,,,,,,,,
4.2,1410,2243.625,140,56,104.7758,,,,,,,,
4.2,1412,2238.588,140,56,104.9824,,,,,,,,
4.2,1414,2233.533,140,56,105.1893,,,,,,,,
4.2,1416,2228.459,140,56,105.3966,,,,,,,,
4.2,1418,2223.366,140,58,105.6982,,,,,,,,
4.2,1420,2218.254,140,58,105.906,,,,,,,,
4.2,1422,2213.124,140,58,106.1141,,,,,,,,
4.2,1424,2207.974,140,58,106.3226,,,,,,,,
4.2,1426,2202.805,140,58,106.5313,,,,,,,,
4.2,1428,2197.616,140,58,106.7404,,,,,,,,
4.2,1430,2192.408,140,58,106.9499,,,,,,,,
4.2,1432,2187.18,140,58,107.1596,,,,,,,,
4.2,1434,2181.932,140,58,107.3697,,,,,,,,
4.2,1436,2176.665,140,58,107.5801,,,,,,,,
4.2,1438,2171.377,140,56,107.6981,,,,,,,,
4.2,1440,2166.068,140,56,107.9093,,,,,,,,
4.2,1442,2160.74,140,56,108.1208,,,,,,,,
4.2,1444,2155.391,140,56,108.3326,,,,,,,,
4.2,1446,2150.021,140,56,108.5448,,,,,,,,
4.2,1448,2144.63,140,56,108.7573,,,,,,,,
4.2,1450,2139.218,140,56,108.9702,,,,,,,,
4.2,1452,2133.785,140,56,109.1834,,,,,,,,
4.2,1454,2128.33,140,58,109.4885,,,,,,,,
4.2,1456,2122.854,140,58,109.7022,,,,,,,,
4.2,1458,2117.356,140,58,109.9162,,,,,,,,
4.2,1460,2111.836,140,58,110.1306,,,,,,,,
4.2,1462,2106.294,140,58,110.3453,,,,,,,,
4.2,1464,2100.73,140,58,110.5603,,,,,,,,
4.2,1466,2095.144,140,58,110.7756,,,,,,,,
4.2,1468,2089.535,140,58,110.9913,,,,,,,,
4.2,1470,2083.903,140,58,111.2073,,,,,,,,
4.2,1472,2078.248,140,58,111.4236,,,,,,,,
4.2,1474,2072.57,140,58,111.6403,,,,,,,,
4.2,1476,2066.869,140,58,111.8573,,,,,,,,
4.2,1478,2061.144,140,58,112.0747,,,,,,,,
4.2,1480,2055.396,140,58,112.2923,,,,,,,,
4.2,1482,2049.623,140,58,112.5103,,,,,,,,
4.2,1484,2043.827,140,58,112.7287,,,,,,,,
4.2,1486,2038.006,140,58,112.9474,,,,,,,,
4.2,1488,2032.161,140,58,113.1664,,,,,,,,
4.2,1490,2026.29,140,58,113.3857,,,,,,,,
4.2,1492,2020.395,140,58,113.6054,,,,,,,,
4.2,1494,2014.475,140,58,113.8254,,,,,,,,
4.2,1496,2008.529,140,58,114.0457,,,,,,,,
4.2,1498,2002.557,140,58,114.2664,,,,,,,,
4.2,1500,1996.56,140,58,114.4874,,,,,,,,
4.2,1502,1990.537,140,58,114.7088,,,,,,,,
4.2,1504,1984.487,140,58,114.9305,,,,,,,,
4.2,1506,1978.411,140,58,115.1525,,,,,,,,
4.2,1508,1972.307,140,58,115.3749,,,,,,,,
4.2,1510,1966.177,140,58,115.5976,,,,,,,,
4.2,1512,1960.019,140,58,115.8207,,,,,,,,
4.2,1514,1953.834,140,58,116.0441,,,,,,,,
4.2,1516,1947.621,140,58,116.2678,,,,,,,,
4.2,1518,1941.38,140,58,116.4918,,,,,,,,
4.2,1520,1935.11,140,58,116.7163,,,,,,,,
4.2,1522,1928.812,140,58,116.941,,,,,,,,
4.2,1524,1922.485,140,58,117.1661,,,,,,,,
4.2,1526,1916.128,140,58,117.3915,,,,,,,,
4.2,1528,1909.742,140,58,117.6173,,,,,,,,
4.2,1530,1903.327,140,58,117.8434,,,,,,,,
4.2,1532,1896.881,140,58,118.0699,,,,,,,,
4.2,1534,1890.404,140,58,118.2967,,,,,,,,
4.2,1536,1883.897,140,58,118.5238,,,,,,,,
4.2,1538,1877.359,140,58,118.7513,,,,,,,,
4.2,1540,1870.789,140,58,118.9791,,,,,,,,
4.2,1542,1864.188,140,58,119.2073,,,,,,,,
4.2,1544,1857.554,140,58,119.4359,,,,,,,,
4.2,1546,1850.889,140,58,119.6647,,,,,,,,
4.2,1548,1844.19,140,58,119.8939,,,,,,,,
4.2,1550,1837.458,140,58,120.1235,,,,,,,,
4.2,1552,1830.693,140,58,120.3534,,,,,,,,
4.2,1554,1823.894,140,58,120.5837,,,,,,,,
4.2,1556,1817.06,140,58,120.8143,,,,,,,,
4.2,1558,1810.192,140,58,121.0453,,,,,,,,
4.2,1560,1803.289,140,58,121.2766,,,,,,,,
4.2,1562,1796.351,140,58,121.5083,,,,,,,,
4.2,1564,1789.377,140,58,121.7403,,,,,,,,
4.2,1566,1782.366,140,58,121.9726,,,,,,,,
4.2,1568,1775.319,140,58,122.2054,,,,,,,,
4.2,1570,1768.234,140,58,122.4384,,,,,,,,
4.2,1572,1761.112,140,58,122.6719,,,,,,,,
4.2,1574,1753.952,140,58,122.9057,,,,,,,,
4.2,1576,1746.754,140,58,123.1398,,,,,,,,
4.2,1578,1739.516,140,58,123.3743,,,,,,,,
4.2,1580,1732.239,140,58,123.6092,,,,,,,,
4.2,1582,1724.922,140,58,123.8444,,,,,,,,
4.2,1584,1717.565,140,58,124.0799,,,,,,,,
4.2,1586,1710.166,140,58,124.3159,,,,,,,,
4.2,1588,1702.726,140,58,124.5522,,,,,,,,
4.2,1590,1695.244,140,58,124.7888,,,,,,,,
4.2,1592,1687.719,140,58,125.0258,,,,,,,,
4.2,1594,1680.151,140,58,125.2632,,,,,,,,
4.2,1596,1672.54,140,58,125.501,,,,,,,,
4.2,1598,1664.883,140,58,125.7391,,,,,,,,
4.2,1600,1657.182,140,58,125.9775,,,,,,,,
4.2,1602,1649.435,140,58,126.2164,,,,,,,,
4.2,1604,1641.642,140,58,126.4556,,,,,,,,
4.2,1606,1633.802,140,58,126.6951,,,,,,,,
4.2,1608,1625.914,140,58,126.9351,,,,,,,,
4.2,1610,1617.978,140,58,127.1754,,,,,,,,
4.2,1612,1609.993,140,58,127.4161,,,,,,,,
4.2,1614,1601.958,140,58,127.6571,,,,,,,,
4.2,1616,1593.872,140,58,127.8986,,,,,,,,
4.2,1618,1585.735,140,58,128.1404,,,,,,,,
4.2,1620,1577.546,140,58,128.3826,,,,,,,,
4.2,1622,1569.304,140,58,128.6251,,,,,,,,
4.2,1624,1561.009,140,60,128.9357,,,,,,,,
4.2,1626,1552.658,140,58,129.1114,,,,,,,,
4.2,1628,1544.253,140,58,129.3551,,,,,,,,
4.2,1630,1535.79,140,58,129.5992,,,,,,,,
4.2,1632,1527.271,140,58,129.8436,,,,,,,,
4.2,1634,1518.693,140,58,130.0885,,,,,,,,
4.2,1636,1510.056,140,58,130.3337,,,,,,,,
4.2,1638,1501.358,140,58,130.5793,,,,,,,,
4.2,1640,1492.599,140,58,130.8253,,,,,,,,
4.2,1642,1483.778,140,58,131.0717,,,,,,,,
4.2,1644,1474.893,140,58,131.3185,,,,,,,,
4.2,1646,1465.943,140,58,131.5657,,,,,,,,
4.2,1648,1456.927,140,58,131.8133,,,,,,,,
4.2,1650,1447.844,140,60,132.1248,,,,,,,,
4.2,1652,1438.693,140,60,132.3728,,,,,,,,
4.2,1654,1429.471,140,60,132.6212,,,,,,,,
4.2,1656,1420.179,140,60,132.8701,,,,,,,,
4.2,1658,1410.814,140,60,133.1193,,,,,,,,
4.2,1660,1401.375,140,60,133.3689,,,,,,,,
4.2,1662,1391.861,140,60,133.619,,,,,,,,
4.2,1664,1382.269,140,58,133.8085,,,,,,,,
4.2,1666,1372.599,140,58,134.0598,,,,,,,,
4.2,1668,1362.849,140,58,134.3114,,,,,,,,
4.2,1670,1353.016,140,58,134.5635,,,,,,,,
4.2,1672,1343.1,140,58,134.816,,,,,,,,
4.2,1674,1333.097,140,60,135.1279,,,,,,,,
4.2,1676,1323.007,140,60,135.3809,,,,,,,,
4.2,1678,1312.828,140,60,135.6343,,,,,,,,
4.2,1680,1302.556,140,60,135.8881,,,,,,,,
4.2,1682,1292.191,140,60,136.1423,,,,,,,,
4.2,1684,1281.729,140,60,136.397,,,,,,,,
4.2,1686,1271.168,140,60,136.6521,,,,,,,,
4.2,1688,1260.506,140,60,136.9077,,,,,,,,
4.2,1690,1249.741,140,60,137.1637,,,,,,,,
4.2,1692,1238.869,140,60,137.4201,,,,,,,,
4.2,1694,1227.888,140,60,137.677,,,,,,,,
4.2,1696,1216.794,140,60,137.9344,,,,,,,,
4.2,1698,1205.585,140,60,138.1922,,,,,,,,
4.2,1700,1194.258,140,60,138.4505,,,,,,,,
4.2,1702,1182.809,140,60,138.7093,,,,,,,,
4.2,1704,1171.234,140,60,138.9686,,,,,,,,
4.2,1706,1159.529,140,60,139.2283,,,,,,,,
4.2,1708,1147.692,140,60,139.4885,,,,,,,,
4.2,1710,1135.717,140,60,139.7492,,,,,,,,
4.2,1712,1123.6,140,60,140.0104,,,,,,,,
4.2,1714,1111.336,140,60,140.2721,,,,,,,,
4.2,1716,1098.921,140,60,140.5343,,,,,,,,
4.2,1718,1086.35,140,60,140.7971,,,,,,,,
4.2,1720,1073.616,140,60,141.0603,,,,,,,,
4.2,1722,1060.715,140,60,141.3241,,,,,,,,
4.2,1724,1047.639,140,60,141.5885,,,,,,,,
4.2,1726,1034.383,140,60,141.8534,,,,,,,,
4.2,1728,1020.939,140,60,142.1188,,,,,,,,
4.2,1730,1007.3,140,60,142.3849,,,,,,,,
4.2,1732,993.457,140,60,142.6515,,,,,,,,
4.2,1734,979.402,140,60,142.9187,,,,,,,,
4.2,1736,965.126,140,60,143.1865,,,,,,,,
4.2,1738,950.619,140,60,143.4549,,,,,,,,
4.2,1740,935.87,140,60,143.724,,,,,,,,
4.2,1742,920.867,140,60,143.9937,,,,,,,,
4.2,1744,905.598,140,60,144.2641,,,,,,,,
4.2,1746,890.05,140,60,144.5352,,,,,,,,
4.2,1748,874.206,140,60,144.807,,,,,,,,
4.2,1750,858.052,140,60,145.0796,,,,,,,,
4.2,1752,841.568,140,60,145.3528,,,,,,,,
4.2,1754,824.735,140,60,145.6269,,,,,,,,
4.2,1756,807.532,140,60,145.9018,,,,,,,,
4.2,1758,789.934,140,60,146.1775,,,,,,,,
4.2,1760,771.915,140,60,146.4541,,,,,,,,
4.2,1762,753.443,140,60,146.7316,,,,,,,,
4.2,1764,734.485,140,60,147.0101,,,,,,,,
4.2,1766,715.002,140,60,147.2896,,,,,,,,
4.2,1768,694.951,140,60,147.5702,,,,,,,,
4.2,1770,674.279,140,60,147.852,,,,,,,,
4.2,1772,652.929,140,60,148.135,,,,,,,,
4.2,1774,630.832,140,60,148.4193,,,,,,,,
4.2,1776,607.905,140,60,148.705,,,,,,,,
4.2,1778,584.052,140,60,148.9923,,,,,,,,
4.2,1780,559.153,140,60,149.2813,,,,,,,,
4.2,1782,533.063,140,60,149.5723,,,,,,,,
4.2,1784,505.597,140,60,149.8654,,,,,,,,
4.2,1786,476.517,140,60,150.161,,,,,,,,
4.2,1788,445.507,140,60,150.4596,,,,,,,,
4.2,1790,412.132,140,60,150.7616,,,,,,,,
4.2,1792,375.761,140,60,151.068,,,,,,,,
4.2,1794,335.423,140,60,151.38,,,,,,,,
4.2,1796,289.462,140,60,151.7,,,,,,,,
4.2,1798,234.598,140,60,152.0322,,,,,,,,
4.2,1800,162.026,140,60,152.3885,,,,,,,,
4.7,900,2716.328,100,48,70.4897,,,,,,,,
4.7,902,2713.673,100,48,70.633,,,,,,,,
4.7,904,2711.01,100,48,70.7767,,,,,,,,
4.7,906,2708.338,100,48,70.9207,,,,,,,,
4.7,908,2705.658,100,48,71.065,,,,,,,,
4.7,910,2702.969,100,48,71.2097,,,,,,,,
4.7,912,2700.271,100,48,71.3548,,,,,,,,
4.7,914,2697.565,105,48,71.3813,,,,,,,,
4.7,916,2694.85,105,48,71.5269,,,,,,,,
4.7,918,2692.126,105,48,71.6729,,,,,,,,
4.7,920,2689.394,105,48,71.8192,,,,,,,,
4.7,922,2686.653,110,50,71.9516,,,,,,,,
4.7,924,2683.903,110,50,72.0986,,,,,,,,
4.7,926,2681.145,110,50,72.2459,,,,,,,,
4.7,928,2678.377,110,50,72.3936,,,,,,,,
4.7,930,2675.601,110,50,72.5417,,,,,,,,
4.7,932,2672.816,110,50,72.69,,,,,,,,
4.7,934,2670.022,110,50,72.8388,,,,,,,,
4.7,936,2667.219,110,50,72.9878,,,,,,,,
4.7,938,2664.407,105,50,73.2523,,,,,,,,
4.7,940,2661.586,110,48,73.1814,,,,,,,,
4.7,942,2658.756,110,48,73.3314,,,,,,,,
4.7,944,2655.917,110,48,73.4818,,,,,,,,
4.7,946,2653.069,110,48,73.6325,,,,,,,,
4.7,948,2650.212,110,52,73.9872,,,,,,,,
4.7,950,2647.346,115,52,74.0276,,,,,,,,
4.7,952,2644.47,120,52,74.0683,,,,,,,,
4.7,954,2641.586,120,52,74.2203,,,,,,,,
4.7,956,2638.692,120,52,74.3728,,,,,,,,
4.7,958,2635.789,120,52,74.5256,,,,,,,,
4.7,960,2632.877,120,52,74.6787,,,,,,,,
4.7,962,2629.955,115,52,74.9437,,,,,,,,
4.7,964,2627.024,115,50,74.9949,,,,,,,,
4.7,966,2624.084,120,50,75.033,,,,,,,,
4.7,968,2621.134,120,50,75.1875,,,,,,,,
4.7,970,2618.175,120,50,75.3423,,,,,,,,
4.7,972,2615.206,120,50,75.4974,,,,,,,,
4.7,974,2612.228,120,50,75.6529,,,,,,,,
4.7,976,2609.24,120,50,75.8088,,,,,,,,
4.7,978,2606.243,120,50,75.965,,,,,,,,
4.7,980,2603.236,120,50,76.1215,,,,,,,,
4.7,982,2600.22,120,54,76.4856,,,,,,,,
4.7,984,2597.194,130,54,76.427,,,,,,,,
4.7,986,2594.158,130,54,76.5846,,,,,,,,
4.7,988,2591.112,130,54,76.7425,,,,,,,,
4.7,990,2588.057,135,54,76.7927,,,,,,,,
4.7,992,2584.992,135,54,76.9513,,,,,,,,
4.7,994,2581.917,135,54,77.1102,,,,,,,,
4.7,996,2578.832,135,54,77.2695,,,,,,,,
4.7,998,2575.738,135,54,77.4291,,,,,,,,
4.7,1000,2572.633,135,54,77.5891,,,,,,,,
4.7,1002,2569.518,130,54,77.8578,,,,,,,,
4.7,1004,2566.394,130,54,78.0186,,,,,,,,
4.7,1006,2563.259,130,52,78.0711,,,,,,,,
4.7,1008,2560.114,130,52,78.2325,,,,,,,,
4.7,1010,2556.959,135,52,78.2815,,,,,,,,
4.7,1012,2553.794,135,52,78.4436,,,,,,,,
4.7,1014,2550.619,135,52,78.6059,,,,,,,,
4.7,1016,2547.433,135,52,78.7687,,,,,,,,
4.7,1018,2544.237,135,52,78.9318,,,,,,,,
4.7,1020,2541.031,135,52,79.0952,,,,,,,,
4.7,1022,2537.815,140,56,79.372,,,,,,,,
4.7,1024,2534.588,140,56,79.5362,,,,,,,,
4.7,1026,2531.351,140,56,79.7007,,,,,,,,
4.7,1028,2528.103,140,56,79.8656,,,,,,,,
4.7,1030,2524.845,140,56,80.0308,,,,,,,,
4.7,1032,2521.576,140,56,80.1964,,,,,,,,
4.7,1034,2518.296,140,56,80.3624,,,,,,,,
4.7,1036,2515.006,140,56,80.5286,,,,,,,,
4.7,1038,2511.705,140,56,80.6953,,,,,,,,
4.7,1040,2508.394,140,56,80.8623,,,,,,,,
4.7,1042,2505.072,140,56,81.0296,,,,,,,,
4.7,1044,2501.739,140,56,81.1973,,,,,,,,
4.7,1046,2498.395,140,56,81.3653,,,,,,,,
4.7,1048,2495.04,140,56,81.5337,,,,,,,,
4.7,1050,2491.674,140,56,81.7025,,,,,,,,
4.7,1052,2488.297,140,56,81.8716,,,,,,,,
4.7,1054,2484.91,140,56,82.041,,,,,,,,
4.7,1056,2481.511,140,56,82.2108,,,,,,,,
4.7,1058,2478.101,140,56,82.381,,,,,,,,
4.7,1060,2474.68,140,56,82.5515,,,,,,,,
4.7,1062,2471.247,140,56,82.7224,,,,,,,,
4.7,1064,2467.804,140,58,82.9952,,,,,,,,
4.7,1066,2464.349,140,58,83.1668,,,,,,,,
4.7,1068,2460.883,140,58,83.3387,,,,,,,,
4.7,1070,2457.405,140,58,83.511,,,,,,,,
4.7,1072,2453.916,140,58,83.6836,,,,,,,,
4.7,1074,2450.415,140,58,83.8566,,,,,,,,
4.7,1076,2446.903,140,58,84.0299,,,,,,,,
4.7,1078,2443.38,140,58,84.2036,,,,,,,,
4.7,1080,2439.844,140,58,84.3776,,,,,,,,
4.7,1082,2436.297,140,58,84.552,,,,,,,,
4.7,1084,2432.738,140,58,84.7267,,,,,,,,
4.7,1086,2429.168,140,58,84.9018,,,,,,,,
4.7,1088,2425.585,140,58,85.0773,,,,,,,,
4.7,1090,2421.991,140,58,85.253,,,,,,,,
4.7,1092,2418.385,140,58,85.4292,,,,,,,,
4.7,1094,2414.766,140,58,85.6057,,,,,,,,
4.7,1096,2411.136,140,58,85.7825,,,,,,,,
4.7,1098,2407.493,140,58,85.9597,,,,,,,,
4.7,1100,2403.839,140,58,86.1373,,,,,,,,
4.7,1102,2400.172,140,58,86.3152,,,,,,,,
4.7,1104,2396.492,140,58,86.4935,,,,,,,,
4.7,1106,2392.801,140,58,86.6721,,,,,,,,
4.7,1108,2389.097,140,58,86.8511,,,,,,,,
4.7,1110,2385.38,140,60,87.1251,,,,,,,,
4.7,1112,2381.651,140,60,87.3048,,,,,,,,
4.7,1114,2377.91,140,60,87.4848,,,,,,,,
4.7,1116,2374.156,140,60,87.6651,,,,,,,,
4.7,1118,2370.389,140,60,87.8459,,,,,,,,
4.7,1120,2366.609,140,60,88.0269,,,,,,,,
4.7,1122,2362.817,140,60,88.2083,,,,,,,,
4.7,1124,2359.012,140,60,88.3901,,,,,,,,
4.7,1126,2355.193,140,60,88.5723,,,,,,,,
4.7,1128,2351.362,140,60,88.7547,,,,,,,,
4.7,1130,2347.518,140,60,88.9376,,,,,,,,
4.7,1132,2343.66,140,60,89.1208,,,,,,,,
4.7,1134,2339.79,140,60,89.3043,,,,,,,,
4.7,1136,2335.906,140,60,89.4882,,,,,,,,
4.7,1138,2332.009,140,60,89.6725,,,,,,,,
4.7,1140,2328.098,140,60,89.8571,,,,,,,,
4.7,1142,2324.174,140,60,90.042,,,,,,,,
4.7,1144,2320.236,140,60,90.2273,,,,,,,,
4.7,1146,2316.285,140,60,90.413,,,,,,,,
4.7,1148,2312.32,140,60,90.599,,,,,,,,
4.7,1150,2308.341,140,60,90.7854,,,,,,,,
4.7,1152,2304.349,140,60,90.9722,,,,,,,,
4.7,1154,2300.343,140,60,91.1592,,,,,,,,
4.7,1156,2296.322,140,60,91.3467,,,,,,,,
4.7,1158,2292.288,140,60,91.5345,,,,,,,,
4.7,1160,2288.239,140,60,91.7226,,,,,,,,
4.7,1162,2284.177,140,60,91.9112,,,,,,,,
4.7,1164,2280.1,140,60,92.1,,,,,,,,
4.7,1166,2276.009,140,60,92.2893,,,,,,,,
4.7,1168,2271.903,140,60,92.4788,,,,,,,,
4.7,1170,2267.783,140,60,92.6688,,,,,,,,
4.7,1172,2263.648,140,60,92.8591,,,,,,,,
4.7,1174,2259.499,140,60,93.0497,,,,,,,,
4.7,1176,2255.335,140,60,93.2407,,,,,,,,
4.7,1178,2251.156,140,60,93.4321,,,,,,,,
4.7,1180,2246.962,140,60,93.6238,,,,,,,,
4.7,1182,2242.754,140,60,93.8159,,,,,,,,
4.7,1184,2238.53,140,60,94.0083,,,,,,,,
4.7,1186,2234.291,140,60,94.2011,,,,,,,,
4.7,1188,2230.037,140,60,94.3942,,,,,,,,
4.7,1190,2225.767,140,60,94.5877,,,,,,,,
4.7,1192,2221.482,140,60,94.7816,,,,,,,,
4.7,1194,2217.182,140,60,94.9758,,,,,,,,
4.7,1196,2212.866,140,60,95.1704,,,,,,,,
4.7,1198,2208.534,140,60,95.3653,,,,,,,,
4.7,1200,2204.187,140,60,95.5606,,,,,,,,
4.7,1202,2199.824,140,60,95.7563,,,,,,,,
4.7,1204,2195.444,140,60,95.9523,,,,,,,,
4.7,1206,2191.049,140,60,96.1487,,,,,,,,
4.7,1208,2186.638,140,60,96.3454,,,,,,,,
4.7,1210,2182.21,140,60,96.5425,,,,,,,,
4.7,1212,2177.766,140,60,96.7399,,,,,,,,
4.7,1214,2173.305,140,60,96.9377,,,,,,,,
4.7,1216,2168.828,140,60,97.1359,,,,,,,,
4.7,1218,2164.335,140,60,97.3344,,,,,,,,
4.7,1220,2159.824,140,60,97.5333,,,,,,,,
4.7,1222,2155.297,140,60,97.7326,,,,,,,,
4.7,1224,2150.752,140,60,97.9322,,,,,,,,
4.7,1226,2146.191,140,60,98.1322,,,,,,,,
4.7,1228,2141.612,140,60,98.3325,,,,,,,,
4.7,1230,2137.017,140,60,98.5332,,,,,,,,
4.7,1232,2132.403,140,60,98.7342,,,,,,,,
4.7,1234,2127.773,140,60,98.9357,,,,,,,,
4.7,1236,2123.124,140,60,99.1374,,,,,,,,
4.7,1238,2118.458,140,60,99.3396,,,,,,,,
4.7,1240,2113.774,140,60,99.5421,,,,,,,,
4.7,1242,2109.072,140,60,99.7449,,,,,,,,
4.7,1244,2104.352,140,60,99.9482,,,,,,,,
4.7,1246,2099.613,140,60,100.1518,,,,,,,,
4.7,1248,2094.857,140,60,100.3557,,,,,,,,
4.7,1250,2090.081,140,60,100.56,,,,,,,,
4.7,1252,2085.287,140,60,100.7647,,,,,,,,
4.7,1254,2080.475,140,60,100.9697,,,,,,,,
4.7,1256,2075.643,140,60,101.1751,,,,,,,,
4.7,1258,2070.793,140,60,101.3809,,,,,,,,
4.7,1260,2065.923,140,60,101.5871,,,,,,,,
4.7,1262,2061.035,140,60,101.7936,,,,,,,,
4.7,1264,2056.126,140,60,102.0004,,,,,,,,
4.7,1266,2051.199,140,60,102.2076,,,,,,,,
4.7,1268,2046.251,140,60,102.4152,,,,,,,,
4.7,1270,2041.284,140,60,102.6232,,,,,,,,
4.7,1272,2036.297,140,60,102.8315,,,,,,,,
4.7,1274,2031.289,140,60,103.0402,,,,,,,,
4.7,1276,2026.262,140,60,103.2493,,,,,,,,
4.7,1278,2021.213,140,60,103.4587,,,,,,,,
4.7,1280,2016.145,140,60,103.6685,,,,,,,,
4.7,1282,2011.055,140,60,103.8786,,,,,,,,
4.7,1284,2005.945,140,60,104.0892,,,,,,,,
4.7,1286,2000.814,140,60,104.3001,,,,,,,,
4.7,1288,1995.661,140,60,104.5113,,,,,,,,
4.7,1290,1990.487,140,60,104.723,,,,,,,,
4.7,1292,1985.292,140,60,104.935,,,,,,,,
4.7,1294,1980.075,140,60,105.1473,,,,,,,,
4.7,1296,1974.836,140,60,105.3601,,,,,,,,
4.7,1298,1969.575,140,60,105.5732,,,,,,,,
4.7,1300,1964.291,140,60,105.7866,,,,,,,,
4.7,1302,1958.985,140,60,106.0005,,,,,,,,
4.7,1304,1953.657,140,60,106.2147,,,,,,,,
4.7,1306,1948.306,140,60,106.4293,,,,,,,,
4.7,1308,1942.932,140,60,106.6442,,,,,,,,
4.7,1310,1937.534,140,60,106.8596,,,,,,,,
4.7,1312,1932.114,140,60,107.0753,,,,,,,,
4.7,1314,1926.67,140,60,107.2913,,,,,,,,
4.7,1316,1921.202,140,60,107.5078,,,,,,,,
4.7,1318,1915.71,140,60,107.7246,,,,,,,,
4.7,1320,1910.194,140,60,107.9418,,,,,,,,
4.7,1322,1904.653,140,60,108.1593,,,,,,,,
4.7,1324,1899.088,140,60,108.3773,,,,,,,,
4.7,1326,1893.498,140,60,108.5956,,,,,,,,
4.7,1328,1887.883,140,60,108.8143,,,,,,,,
4.7,1330,1882.243,140,60,109.0333,,,,,,,,
4.7,1332,1876.578,140,60,109.2528,,,,,,,,
4.7,1334,1870.886,140,60,109.4726,,,,,,,,
4.7,1336,1865.169,140,60,109.6928,,,,,,,,
4.7,1338,1859.426,140,60,109.9133,,,,,,,,
4.7,1340,1853.656,140,60,110.1343,,,,,,,,
4.7,1342,1847.859,140,60,110.3556,,,,,,,,
4.7,1344,1842.036,140,60,110.5773,,,,,,,,
4.7,1346,1836.185,140,60,110.7993,,,,,,,,
4.7,1348,1830.307,140,60,111.0218,,,,,,,,
4.7,1350,1824.401,140,60,111.2446,,,,,,,,
4.7,1352,1818.467,140,60,111.4678,,,,,,,,
4.7,1354,1812.505,140,60,111.6914,,,,,,,,
4.7,1356,1806.515,140,60,111.9154,,,,,,,,
4.7,1358,1800.495,140,60,112.1397,,,,,,,,
4.7,1360,1794.447,140,60,112.3645,,,,,,,,
4.7,1362,1788.369,140,60,112.5896,,,,,,,,
4.7,1364,1782.261,140,60,112.8151,,,,,,,,
4.7,1366,1776.124,140,60,113.0409,,,,,,,,
4.7,1368,1769.956,140,60,113.2672,,,,,,,,
4.7,1370,1763.757,140,60,113.4938,,,,,,,,
4.7,1372,1757.528,140,60,113.7209,,,,,,,,
4.7,1374,1751.267,140,60,113.9483,,,,,,,,
4.7,1376,1744.974,140,60,114.1761,,,,,,,,
4.7,1378,1738.65,140,60,114.4043,,,,,,,,
4.7,1380,1732.293,140,60,114.6328,,,,,,,,
4.7,1382,1725.904,140,60,114.8618,,,,,,,,
4.7,1384,1719.481,140,60,115.0911,,,,,,,,
4.7,1386,1713.025,140,60,115.3209,,,,,,,,
4.7,1388,1706.536,140,60,115.551,,,,,,,,
4.7,1390,1700.012,140,60,115.7815,,,,,,,,
4.7,1392,1693.453,140,60,116.0124,,,,,,,,
4.7,1394,1686.86,140,60,116.2437,,,,,,,,
4.7,1396,1680.231,140,60,116.4754,,,,,,,,
4.7,1398,1673.566,140,60,116.7075,,,,,,,,
4.7,1400,1666.865,140,60,116.94,,,,,,,,
4.7,1402,1660.128,140,60,117.1728,,,,,,,,
4.7,1404,1653.353,140,60,117.4061,,,,,,,,
4.7,1406,1646.541,140,60,117.6397,,,,,,,,
4.7,1408,1639.69,140,60,117.8738,,,,,,,,
4.7,1410,1632.801,140,60,118.1082,,,,,,,,
4.7,1412,1625.873,140,60,118.3431,,,,,,,,
4.7,1414,1618.906,140,60,118.5783,,,,,,,,
4.7,1416,1611.898,140,60,118.814,,,,,,,,
4.7,1418,1604.85,140,60,119.05,,,,,,,,
4.7,1420,1597.761,140,60,119.2864,,,,,,,,
4.7,1422,1590.63,140,60,119.5233,,,,,,,,
4.7,1424,1583.457,140,60,119.7605,,,,,,,,
4.7,1426,1576.241,140,60,119.9982,,,,,,,,
4.7,1428,1568.982,140,60,120.2363,,,,,,,,
4.7,1430,1561.679,140,60,120.4747,,,,,,,,
4.7,1432,1554.331,140,60,120.7136,,,,,,,,
4.7,1434,1546.938,140,60,120.9529,,,,,,,,
4.7,1436,1539.499,140,60,121.1925,,,,,,,,
4.7,1438,1532.013,140,60,121.4326,,,,,,,,
4.7,1440,1524.48,140,60,121.6732,,,,,,,,
4.7,1442,1516.899,140,60,121.9141,,,,,,,,
4.7,1444,1509.27,140,60,122.1554,,,,,,,,
4.7,1446,1501.591,140,60,122.3971,,,,,,,,
4.7,1448,1493.862,140,60,122.6393,,,,,,,,
4.7,1450,1486.082,140,60,122.8819,,,,,,,,
4.7,1452,1478.25,140,60,123.1249,,,,,,,,
4.7,1454,1470.366,140,60,123.3683,,,,,,,,
4.7,1456,1462.428,140,60,123.6121,,,,,,,,
4.7,1458,1454.436,140,60,123.8564,,,,,,,,
4.7,1460,1446.389,140,60,124.1011,,,,,,,,
4.7,1462,1438.285,140,60,124.3462,,,,,,,,
4.7,1464,1430.124,140,60,124.5917,,,,,,,,
4.7,1466,1421.906,140,60,124.8377,,,,,,,,
4.7,1468,1413.628,140,60,125.0841,,,,,,,,
4.7,1470,1405.29,140,60,125.3309,,,,,,,,
4.7,1472,1396.891,140,60,125.5782,,,,,,,,
4.7,1474,1388.429,140,60,125.8259,,,,,,,,
4.7,1476,1379.904,140,60,126.074,,,,,,,,
4.7,1478,1371.315,140,60,126.3226,,,,,,,,
4.7,1480,1362.659,140,60,126.5716,,,,,,,,
4.7,1482,1353.936,140,60,126.821,,,,,,,,
4.7,1484,1345.145,140,60,127.0709,,,,,,,,
4.7,1486,1336.284,140,60,127.3213,,,,,,,,
4.7,1488,1327.352,140,60,127.5721,,,,,,,,
4.7,1490,1318.347,140,60,127.8233,,,,,,,,
4.7,1492,1309.268,140,60,128.075,,,,,,,,
4.7,1494,1300.114,140,60,128.3272,,,,,,,,
4.7,1496,1290.882,140,60,128.5798,,,,,,,,
4.7,1498,1281.571,140,60,128.8329,,,,,,,,
4.7,1500,1272.179,140,60,129.0864,,,,,,,,
4.7,1502,1262.705,140,60,129.3404,,,,,,,,
4.7,1504,1253.146,140,60,129.5949,,,,,,,,
4.7,1506,1243.501,140,60,129.8499,,,,,,,,
4.7,1508,1233.768,140,60,130.1053,,,,,,,,
4.7,1510,1223.944,140,60,130.3612,,,,,,,,
4.7,1512,1214.028,140,60,130.6176,,,,,,,,
4.7,1514,1204.017,140,60,130.8745,,,,,,,,
4.7,1516,1193.908,140,60,131.1318,,,,,,,,
4.7,1518,1183.699,140,60,131.3897,,,,,,,,
4.7,1520,1173.388,140,60,131.6481,,,,,,,,
4.7,1522,1162.972,140,60,131.9069,,,,,,,,
4.7,1524,1152.448,140,60,132.1663,,,,,,,,
4.7,1526,1141.813,140,60,132.4262,,,,,,,,
4.7,1528,1131.063,140,60,132.6866,,,,,,,,
4.7,1530,1120.196,140,60,132.9475,,,,,,,,
4.7,1532,1109.209,140,60,133.2089,,,,,,,,
4.7,1534,1098.096,140,60,133.4709,,,,,,,,
4.7,1536,1086.856,140,60,133.7334,,,,,,,,
4.7,1538,1075.483,140,60,133.9965,,,,,,,,
4.7,1540,1063.974,140,60,134.2601,,,,,,,,
4.7,1542,1052.323,140,60,134.5243,,,,,,,,
4.7,1544,1040.527,140,60,134.789,,,,,,,,
4.7,1546,1028.58,140,60,135.0544,,,,,,,,
4.7,1548,1016.476,140,60,135.3203,,,,,,,,
4.7,1550,1004.211,140,60,135.5867,,,,,,,,
4.7,1552,991.778,140,60,135.8538,,,,,,,,
4.7,1554,979.171,140,60,136.1215,,,,,,,,
4.7,1556,966.383,140,60,136.3899,,,,,,,,
4.7,1558,953.406,140,60,136.6588,,,,,,,,
4.7,1560,940.234,140,60,136.9284,,,,,,,,
4.7,1562,926.857,140,60,137.1987,,,,,,,,
4.7,1564,913.267,140,60,137.4696,,,,,,,,
4.7,1566,899.453,140,60,137.7412,,,,,,,,
4.7,1568,885.406,140,60,138.0135,,,,,,,,
4.7,1570,871.114,140,60,138.2865,,,,,,,,
4.7,1572,856.565,140,60,138.5603,,,,,,,,
4.7,1574,841.746,140,60,138.8348,,,,,,,,
4.7,1576,826.641,140,60,139.1101,,,,,,,,
4.7,1578,811.236,140,60,139.3862,,,,,,,,
4.7,1580,795.512,140,60,139.6632,,,,,,,,
4.7,1582,779.451,140,60,139.941,,,,,,,,
4.7,1584,763.031,140,60,140.2197,,,,,,,,
4.7,1586,746.228,140,60,140.4993,,,,,,,,
4.7,1588,729.016,140,60,140.7799,,,,,,,,
4.7,1590,711.365,140,60,141.0615,,,,,,,,
4.7,1592,693.242,140,60,141.3442,,,,,,,,
4.7,1594,674.608,140,60,141.628,,,,,,,,
4.7,1596,655.42,140,60,141.9129,,,,,,,,
4.7,1598,635.629,140,60,142.1992,,,,,,,,
4.7,1600,615.175,140,60,142.4868,,,,,,,,
4.7,1602,593.99,140,60,142.7759,,,,,,,,
4.7,1604,571.993,140,60,143.0665,,,,,,,,
4.7,1606,549.086,140,60,143.3589,,,,,,,,
4.7,1608,525.151,140,60,143.6532,,,,,,,,
4.7,1610,500.04,140,60,143.9496,,,,,,,,
4.7,1612,473.565,140,60,144.2485,,,,,,,,
4.7,1614,445.484,140,60,144.5501,,,,,,,,
4.7,1616,415.471,140,60,144.855,,,,,,,,
4.7,1618,383.072,140,60,145.1638,,,,,,,,
4.7,1620,347.62,140,60,145.4777,,,,,,,,
4.7,1622,308.065,140,60,145.798,,,,,,,,
4.7,1624,262.556,140,60,146.1277,,,,,,,,
4.7,1626,207.21,140,60,146.4725,,,,,,,,
4.7,1628,130.015,140,60,146.8505,,,,,,,,
5.2,792,2502.61,100,48,70.1256,,,,,,,,
5.2,794,2500.074,100,48,70.2647,,,,,,,,
5.2,796,2497.529,100,48,70.4041,,,,,,,,
5.2,798,2494.975,100,48,70.5439,,,,,,,,
5.2,800,2492.411,100,48,70.684,,,,,,,,
5.2,802,2489.839,100,48,70.8246,,,,,,,,
5.2,804,2487.258,105,50,70.9466,,,,,,,,
5.2,806,2484.667,105,50,71.0879,,,,,,,,
5.2,808,2482.067,105,50,71.2296,,,,,,,,
5.2,810,2479.459,105,50,71.3716,,,,,,,,
5.2,812,2476.84,105,50,71.5141,,,,,,,,
5.2,814,2474.213,105,50,71.6569,,,,,,,,
5.2,816,2471.577,105,50,71.8001,,,,,,,,
5.2,818,2468.931,105,50,71.9436,,,,,,,,
5.2,820,2466.275,105,50,72.0876,,,,,,,,
5.2,822,2463.611,105,50,72.2319,,,,,,,,
5.2,824,2460.937,110,50,72.2623,,,,,,,,
5.2,826,2458.254,110,50,72.4073,,,,,,,,
5.2,828,2455.561,110,52,72.6496,,,,,,,,
5.2,830,2452.858,115,52,72.6852,,,,,,,,
5.2,832,2450.147,115,52,72.8313,,,,,,,,
5.2,834,2447.425,115,52,72.9778,,,,,,,,
5.2,836,2444.694,115,52,73.1247,,,,,,,,
5.2,838,2441.954,115,52,73.272,,,,,,,,
5.2,840,2439.204,115,52,73.4197,,,,,,,,
5.2,842,2436.444,115,52,73.5677,,,,,,,,
5.2,844,2433.674,115,52,73.7162,,,,,,,,
5.2,846,2430.895,115,52,73.865,,,,,,,,
5.2,848,2428.106,115,52,74.0142,,,,,,,,
5.2,850,2425.307,120,52,74.0526,,,,,,,,
5.2,852,2422.498,120,52,74.2025,,,,,,,,
5.2,854,2419.68,120,52,74.3528,,,,,,,,
5.2,856,2416.851,120,52,74.5034,,,,,,,,
5.2,858,2414.013,130,56,74.6385,,,,,,,,
5.2,860,2411.165,130,56,74.7899,,,,,,,,
5.2,862,2408.306,130,56,74.9417,,,,,,,,
5.2,864,2405.438,130,56,75.0939,,,,,,,,
5.2,866,2402.559,130,56,75.2465,,,,,,,,
5.2,868,2399.671,125,56,75.5034,,,,,,,,
5.2,870,2396.772,125,54,75.5605,,,,,,,,
5.2,872,2393.863,125,54,75.7143,,,,,,,,
5.2,874,2390.943,130,54,75.7604,,,,,,,,
5.2,876,2388.014,130,54,75.9148,,,,,,,,
5.2,878,2385.074,130,54,76.0696,,,,,,,,
5.2,880,2382.124,130,54,76.2249,,,,,,,,
5.2,882,2379.163,130,54,76.3805,,,,,,,,
5.2,884,2376.192,130,54,76.5365,,,,,,,,
5.2,886,2373.211,130,54,76.6928,,,,,,,,
5.2,888,2370.219,130,54,76.8496,,,,,,,,
5.2,890,2367.217,130,54,77.0068,,,,,,,,
5.2,892,2364.204,130,58,77.359,,,,,,,,
5.2,894,2361.18,140,58,77.3147,,,,,,,,
5.2,896,2358.146,140,58,77.4731,,,,,,,,
5.2,898,2355.101,140,58,77.6318,,,,,,,,
5.2,900,2352.045,140,58,77.7909,,,,,,,,
5.2,902,2348.978,140,58,77.9503,,,,,,,,
5.2,904,2345.901,140,58,78.1102,,,,,,,,
5.2,906,2342.813,140,58,78.2705,,,,,,,,
5.2,908,2339.713,140,58,78.4311,,,,,,,,
5.2,910,2336.603,140,58,78.5921,,,,,,,,
5.2,912,2333.482,140,58,78.7536,,,,,,,,
5.2,914,2330.35,140,58,78.9154,,,,,,,,
5.2,916,2327.207,140,58,79.0776,,,,,,,,
5.2,918,2324.052,140,58,79.2402,,,,,,,,
5.2,920,2320.887,140,58,79.4032,,,,,,,,
5.2,922,2317.71,140,58,79.5665,,,,,,,,
5.2,924,2314.522,140,58,79.7303,,,,,,,,
5.2,926,2311.322,140,58,79.8944,,,,,,,,
5.2,928,2308.112,140,58,80.059,,,,,,,,
5.2,930,2304.889,140,58,80.2239,,,,,,,,
5.2,932,2301.656,140,58,80.3892,,,,,,,,
5.2,934,2298.41,140,60,80.6501,,,,,,,,
5.2,936,2295.154,140,60,80.8162,,,,,,,,
5.2,938,2291.885,140,60,80.9827,,,,,,,,
5.2,940,2288.605,140,60,81.1496,,,,,,,,
5.2,942,2285.314,140,60,81.3169,,,,,,,,
5.2,944,2282.01,140,60,81.4846,,,,,,,,
5.2,946,2278.695,140,60,81.6527,,,,,,,,
5.2,948,2275.368,140,60,81.8212,,,,,,,,
5.2,950,2272.029,140,60,81.99,,,,,,,,
5.2,952,2268.678,140,60,82.1592,,,,,,,,
5.2,954,2265.315,140,60,82.3289,,,,,,,,
5.2,956,2261.94,140,60,82.4989,,,,,,,,
5.2,958,2258.552,140,60,82.6693,,,,,,,,
5.2,960,2255.153,140,60,82.8401,,,,,,,,
5.2,962,2251.741,140,60,83.0113,,,,,,,,
5.2,964,2248.317,140,60,83.1829,,,,,,,,
5.2,966,2244.881,140,60,83.3549,,,,,,,,
5.2,968,2241.432,140,60,83.5272,,,,,,,,
5.2,970,2237.971,140,60,83.7,,,,,,,,
5.2,972,2234.497,140,60,83.8731,,,,,,,,
5.2,974,2231.011,140,60,84.0467,,,,,,,,
5.2,976,2227.512,140,60,84.2206,,,,,,,,
5.2,978,2224.001,140,60,84.3949,,,,,,,,
5.2,980,2220.476,140,60,84.5696,,,,,,,,
5.2,982,2216.939,140,60,84.7447,,,,,,,,
5.2,984,2213.389,140,60,84.9202,,,,,,,,
5.2,986,2209.826,140,60,85.0961,,,,,,,,
5.2,988,2206.25,140,60,85.2724,,,,,,,,
5.2,990,2202.661,140,60,85.4491,,,,,,,,
5.2,992,2199.059,140,60,85.6261,,,,,,,,
5.2,994,2195.443,140,60,85.8036,,,,,,,,
5.2,996,2191.814,140,60,85.9814,,,,,,,,
5.2,998,2188.172,140,60,86.1597,,,,,,,,
5.2,1000,2184.517,140,60,86.3383,,,,,,,,
5.2,1002,2180.848,140,60,86.5173,,,,,,,,
5.2,1004,2177.166,140,60,86.6968,,,,,,,,
5.2,1006,2173.47,140,60,86.8766,,,,,,,,
5.2,1008,2169.76,140,60,87.0568,,,,,,,,
5.2,1010,2166.037,140,60,87.2374,,,,,,,,
5.2,1012,2162.299,140,60,87.4184,,,,,,,,
5.2,1014,2158.548,140,60,87.5998,,,,,,,,
5.2,1016,2154.783,140,60,87.7815,,,,,,,,
5.2,1018,2151.004,140,60,87.9637,,,,,,,,
5.2,1020,2147.211,140,60,88.1463,,,,,,,,
5.2,1022,2143.404,140,60,88.3293,,,,,,,,
5.2,1024,2139.582,140,60,88.5126,,,,,,,,
5.2,1026,2135.746,140,60,88.6964,,,,,,,,
5.2,1028,2131.896,140,60,88.8805,,,,,,,,
5.2,1030,2128.031,140,60,89.0651,,,,,,,,
5.2,1032,2124.151,140,60,89.25,,,,,,,,
5.2,1034,2120.257,140,60,89.4353,,,,,,,,
5.2,1036,2116.348,140,60,89.6211,,,,,,,,
5.2,1038,2112.425,140,60,89.8072,,,,,,,,
5.2,1040,2108.486,140,60,89.9937,,,,,,,,
5.2,1042,2104.533,140,60,90.1806,,,,,,,,
5.2,1044,2100.564,140,60,90.3679,,,,,,,,
5.2,1046,2096.581,140,60,90.5557,,,,,,,,
5.2,1048,2092.582,140,60,90.7438,,,,,,,,
5.2,1050,2088.568,140,60,90.9323,,,,,,,,
5.2,1052,2084.538,140,60,91.1212,,,,,,,,
5.2,1054,2080.493,140,60,91.3105,,,,,,,,
5.2,1056,2076.432,140,60,91.5001,,,,,,,,
5.2,1058,2072.356,140,60,91.6902,,,,,,,,
5.2,1060,2068.264,140,60,91.8807,,,,,,,,
5.2,1062,2064.156,140,60,92.0716,,,,,,,,
5.2,1064,2060.032,140,60,92.2629,,,,,,,,
5.2,1066,2055.892,140,60,92.4546,,,,,,,,
5.2,1068,2051.736,140,60,92.6467,,,,,,,,
5.2,1070,2047.563,140,60,92.8391,,,,,,,,
5.2,1072,2043.374,140,60,93.032,,,,,,,,
5.2,1074,2039.169,140,60,93.2253,,,,,,,,
5.2,1076,2034.947,140,60,93.419,,,,,,,,
5.2,1078,2030.709,140,60,93.613,,,,,,,,
5.2,1080,2026.454,140,60,93.8075,,,,,,,,
5.2,1082,2022.182,140,60,94.0024,,,,,,,,
5.2,1084,2017.893,140,60,94.1977,,,,,,,,
5.2,1086,2013.587,140,60,94.3933,,,,,,,,
5.2,1088,2009.263,140,60,94.5894,,,,,,,,
5.2,1090,2004.923,140,60,94.7859,,,,,,,,
5.2,1092,2000.565,140,60,94.9828,,,,,,,,
5.2,1094,1996.189,140,60,95.18,,,,,,,,
5.2,1096,1991.796,140,60,95.3777,,,,,,,,
5.2,1098,1987.385,140,60,95.5758,,,,,,,,
5.2,1100,1982.956,140,60,95.7743,,,,,,,,
5.2,1102,1978.509,140,60,95.9732,,,,,,,,
5.2,1104,1974.044,140,60,96.1725,,,,,,,,
5.2,1106,1969.561,140,60,96.3721,,,,,,,,
5.2,1108,1965.059,140,60,96.5722,,,,,,,,
5.2,1110,1960.539,140,60,96.7727,,,,,,,,
5.2,1112,1956.001,140,60,96.9736,,,,,,,,
5.2,1114,1951.443,140,60,97.1749,,,,,,,,
5.2,1116,1946.867,140,60,97.3766,,,,,,,,
5.2,1118,1942.272,140,60,97.5787,,,,,,,,
5.2,1120,1937.657,140,60,97.7813,,,,,,,,
5.2,1122,1933.023,140,60,97.9842,,,,,,,,
5.2,1124,1928.37,140,60,98.1875,,,,,,,,
5.2,1126,1923.697,140,60,98.3912,,,,,,,,
5.2,1128,1919.005,140,60,98.5954,,,,,,,,
5.2,1130,1914.292,140,60,98.7999,,,,,,,,
5.2,1132,1909.56,140,60,99.0048,,,,,,,,
5.2,1134,1904.807,140,60,99.2102,,,,,,,,
5.2,1136,1900.034,140,60,99.4159,,,,,,,,
5.2,1138,1895.241,140,60,99.6221,,,,,,,,
5.2,1140,1890.427,140,60,99.8287,,,,,,,,
5.2,1142,1885.592,140,60,100.0356,,,,,,,,
5.2,1144,1880.737,140,60,100.243,,,,,,,,
5.2,1146,1875.86,140,60,100.4508,,,,,,,,
5.2,1148,1870.962,140,60,100.659,,,,,,,,
5.2,1150,1866.043,140,60,100.8676,,,,,,,,
5.2,1152,1861.101,140,60,101.0767,,,,,,,,
5.2,1154,1856.139,140,60,101.2861,,,,,,,,
5.2,1156,1851.154,140,60,101.4959,,,,,,,,
5.2,1158,1846.147,140,60,101.7062,,,,,,,,
5.2,1160,1841.118,140,60,101.9168,,,,,,,,
5.2,1162,1836.066,140,60,102.1279,,,,,,,,
5.2,1164,1830.992,140,60,102.3394,,,,,,,,
5.2,1166,1825.895,140,60,102.5513,,,,,,,,
5.2,1168,1820.774,140,60,102.7636,,,,,,,,
5.2,1170,1815.631,140,60,102.9763,,,,,,,,
5.2,1172,1810.464,140,60,103.1894,,,,,,,,
5.2,1174,1805.273,140,60,103.4029,,,,,,,,
5.2,1176,1800.059,140,60,103.6169,,,,,,,,
5.2,1178,1794.82,140,60,103.8313,,,,,,,,
5.2,1180,1789.557,140,60,104.046,,,,,,,,
5.2,1182,1784.27,140,60,104.2612,,,,,,,,
5.2,1184,1778.958,140,60,104.4768,,,,,,,,
5.2,1186,1773.621,140,60,104.6929,,,,,,,,
5.2,1188,1768.259,140,60,104.9093,,,,,,,,
5.2,1190,1762.871,140,60,105.1262,,,,,,,,
5.2,1192,1757.458,140,60,105.3434,,,,,,,,
5.2,1194,1752.019,140,60,105.5611,,,,,,,,
5.2,1196,1746.554,140,60,105.7792,,,,,,,,
5.2,1198,1741.063,140,60,105.9978,,,,,,,,
5.2,1200,1735.545,140,60,106.2167,,,,,,,,
5.2,1202,1730.0,140,60,106.4361,,,,,,,,
5.2,1204,1724.428,140,60,106.6558,,,,,,,,
5.2,1206,1718.828,140,60,106.876,,,,,,,,
5.2,1208,1713.201,140,60,107.0967,,,,,,,,
5.2,1210,1707.546,140,60,107.3177,,,,,,,,
5.2,1212,1701.863,140,60,107.5392,,,,,,,,
5.2,1214,1696.152,140,60,107.761,,,,,,,,
5.2,1216,1690.411,140,60,107.9834,,,,,,,,
5.2,1218,1684.642,140,60,108.2061,,,,,,,,
5.2,1220,1678.843,140,60,108.4292,,,,,,,,
5.2,1222,1673.015,140,60,108.6528,,,,,,,,
5.2,1224,1667.156,140,60,108.8768,,,,,,,,
5.2,1226,1661.268,140,60,109.1012,,,,,,,,
5.2,1228,1655.349,140,60,109.3261,,,,,,,,
5.2,1230,1649.398,140,60,109.5514,,,,,,,,
5.2,1232,1643.417,140,60,109.7771,,,,,,,,
5.2,1234,1637.404,140,60,110.0032,,,,,,,,
5.2,1236,1631.359,140,60,110.2298,,,,,,,,
5.2,1238,1625.281,140,60,110.4568,,,,,,,,
5.2,1240,1619.171,140,60,110.6842,,,,,,,,
5.2,1242,1613.028,140,60,110.912,,,,,,,,
5.2,1244,1606.851,140,60,111.1403,,,,,,,,
5.2,1246,1600.641,140,60,111.369,,,,,,,,
5.2,1248,1594.396,140,60,111.5982,,,,,,,,
5.2,1250,1588.117,140,60,111.8278,,,,,,,,
5.2,1252,1581.802,140,60,112.0578,,,,,,,,
5.2,1254,1575.453,140,60,112.2882,,,,,,,,
5.2,1256,1569.067,140,60,112.5191,,,,,,,,
5.2,1258,1562.645,140,60,112.7504,,,,,,,,
5.2,1260,1556.186,140,60,112.9822,,,,,,,,
5.2,1262,1549.69,140,60,113.2144,,,,,,,,
5.2,1264,1543.156,140,60,113.447,,,,,,,,
5.2,1266,1536.584,140,60,113.6801,,,,,,,,
5.2,1268,1529.973,140,60,113.9136,,,,,,,,
5.2,1270,1523.324,140,60,114.1476,,,,,,,,
5.2,1272,1516.634,140,60,114.382,,,,,,,,
5.2,1274,1509.904,140,60,114.6168,,,,,,,,
5.2,1276,1503.134,140,60,114.8521,,,,,,,,
5.2,1278,1496.322,140,60,115.0878,,,,,,,,
5.2,1280,1489.468,140,60,115.324,,,,,,,,
5.2,1282,1482.572,140,60,115.5606,,,,,,,,
5.2,1284,1475.632,140,60,115.7977,,,,,,,,
5.2,1286,1468.649,140,60,116.0352,,,,,,,,
5.2,1288,1461.622,140,60,116.2732,,,,,,,,
5.2,1290,1454.55,140,60,116.5116,,,,,,,,
5.2,1292,1447.432,140,60,116.7505,,,,,,,,
5.2,1294,1440.268,140,60,116.9899,,,,,,,,
5.2,1296,1433.056,140,60,117.2296,,,,,,,,
5.2,1298,1425.798,140,60,117.4699,,,,,,,,
5.2,1300,1418.49,140,60,117.7106,,,,,,,,
5.2,1302,1411.134,140,60,117.9518,,,,,,,,
5.2,1304,1403.727,140,60,118.1934,,,,,,,,
5.2,1306,1396.27,140,60,118.4355,,,,,,,,
5.2,1308,1388.762,140,60,118.678,,,,,,,,
5.2,1310,1381.2,140,60,118.921,,,,,,,,
5.2,1312,1373.586,140,60,119.1645,,,,,,,,
5.2,1314,1365.918,140,60,119.4085,,,,,,,,
5.2,1316,1358.194,140,60,119.6529,,,,,,,,
5.2,1318,1350.414,140,60,119.8978,,,,,,,,
5.2,1320,1342.578,140,60,120.1432,,,,,,,,
5.2,1322,1334.683,140,60,120.389,,,,,,,,
5.2,1324,1326.729,140,60,120.6353,,,,,,,,
5.2,1326,1318.716,140,60,120.8821,,,,,,,,
5.2,1328,1310.641,140,60,121.1294,,,,,,,,
5.2,1330,1302.503,140,60,121.3772,,,,,,,,
5.2,1332,1294.302,140,60,121.6254,,,,,,,,
5.2,1334,1286.037,140,60,121.8742,,,,,,,,
5.2,1336,1277.705,140,60,122.1234,,,,,,,,
5.2,1338,1269.306,140,60,122.3731,,,,,,,,
5.2,1340,1260.839,140,60,122.6233,,,,,,,,
5.2,1342,1252.301,140,60,122.874,,,,,,,,
5.2,1344,1243.692,140,60,123.1252,,,,,,,,
5.2,1346,1235.01,140,60,123.3769,,,,,,,,
5.2,1348,1226.254,140,60,123.6291,,,,,,,,
5.2,1350,1217.421,140,60,123.8819,,,,,,,,
5.2,1352,1208.511,140,60,124.1351,,,,,,,,
5.2,1354,1199.521,140,60,124.3888,,,,,,,,
5.2,1356,1190.45,140,60,124.6431,,,,,,,,
5.2,1358,1181.295,140,60,124.8979,,,,,,,,
5.2,1360,1172.056,140,60,125.1532,,,,,,,,
5.2,1362,1162.729,140,60,125.409,,,,,,,,
5.2,1364,1153.313,140,60,125.6654,,,,,,,,
5.2,1366,1143.805,140,60,125.9223,,,,,,,,
5.2,1368,1134.204,140,60,126.1797,,,,,,,,
5.2,1370,1124.506,140,60,126.4377,,,,,,,,
5.2,1372,1114.71,140,60,126.6962,,,,,,,,
5.2,1374,1104.813,140,60,126.9553,,,,,,,,
5.2,1376,1094.811,140,60,127.2149,,,,,,,,
5.2,1378,1084.702,140,60,127.4751,,,,,,,,
5.2,1380,1074.483,140,60,127.7358,,,,,,,,
5.2,1382,1064.152,140,60,127.9972,,,,,,,,
5.2,1384,1053.703,140,60,128.2591,,,,,,,,
5.2,1386,1043.135,140,60,128.5216,,,,,,,,
5.2,1388,1032.443,140,60,128.7846,,,,,,,,
5.2,1390,1021.624,140,60,129.0483,,,,,,,,
5.2,1392,1010.672,140,60,129.3126,,,,,,,,
5.2,1394,999.585,140,60,129.5775,,,,,,,,
5.2,1396,988.358,140,60,129.843,,,,,,,,
5.2,1398,976.985,140,60,130.1091,,,,,,,,
5.2,1400,965.461,140,60,130.3759,,,,,,,,
5.2,1402,953.781,140,60,130.6433,,,,,,,,
5.2,1404,941.94,140,60,130.9114,,,,,,,,
5.2,1406,929.931,140,60,131.1802,,,,,,,,
5.2,1408,917.747,140,60,131.4496,,,,,,,,
5.2,1410,905.381,140,60,131.7197,,,,,,,,
5.2,1412,892.826,140,60,131.9905,,,,,,,,
5.2,1414,880.074,140,60,132.262,,,,,,,,
5.2,1416,867.116,140,60,132.5343,,,,,,,,
5.2,1418,853.943,140,60,132.8073,,,,,,,,
5.2,1420,840.544,140,60,133.0811,,,,,,,,
5.2,1422,826.909,140,60,133.3556,,,,,,,,
5.2,1424,813.026,140,60,133.631,,,,,,,,
5.2,1426,798.881,140,60,133.9072,,,,,,,,
5.2,1428,784.461,140,60,134.1842,,,,,,,,
5.2,1430,769.75,140,60,134.4621,,,,,,,,
5.2,1432,754.731,140,60,134.7409,,,,,,,,
5.2,1434,739.385,140,60,135.0207,,,,,,,,
5.2,1436,723.692,140,60,135.3014,,,,,,,,
5.2,1438,707.629,140,60,135.5831,,,,,,,,
5.2,1440,691.169,140,60,135.8659,,,,,,,,
5.2,1442,674.284,140,60,136.1498,,,,,,,,
5.2,1444,656.94,140,60,136.4349,,,,,,,,
5.2,1446,639.102,140,60,136.7211,,,,,,,,
5.2,1448,620.724,140,60,137.0087,,,,,,,,
5.2,1450,601.76,140,60,137.2976,,,,,,,,
5.2,1452,582.15,140,60,137.5881,,,,,,,,
5.2,1454,561.828,140,60,137.8801,,,,,,,,
5.2,1456,540.713,140,60,138.1738,,,,,,,,
5.2,1458,518.709,140,60,138.4694,,,,,,,,
5.2,1460,495.696,140,60,138.7671,,,,,,,,
5.2,1462,471.528,140,60,139.0671,,,,,,,,
5.2,1464,446.017,140,60,139.3698,,,,,,,,
5.2,1466,418.916,140,60,139.6755,,,,,,,,
5.2,1468,389.896,140,60,139.9848,,,,,,,,
5.2,1470,358.49,140,60,140.2985,,,,,,,,
5.2,1472,324.004,140,60,140.6177,,,,,,,,
5.2,1474,285.326,140,60,140.9444,,,,,,,,
5.2,1476,240.439,140,60,141.2818,,,,,,,,
5.2,1478,184.875,140,60,141.6373,,,,,,,,
5.7,681,2332.31,110,56,69.3108,,,,,,,,
5.7,683,2329.969,110,56,69.4411,,,,,,,,
5.7,703,2306.052,100,50,70.7276,,,,,,,,
5.7,705,2303.609,100,50,70.8625,,,,,,,,
5.7,707,2301.156,100,50,70.9977,,,,,,,,
5.7,709,2298.693,100,50,71.1334,,,,,,,,
5.7,711,2296.221,100,50,71.2696,,,,,,,,
5.7,713,2293.739,100,50,71.4061,,,,,,,,
5.7,715,2291.247,105,60,71.8233,,,,,,,,
5.7,717,2288.746,115,60,71.7739,,,,,,,,
5.7,719,2286.235,110,54,71.7766,,,,,,,,
5.7,721,2283.714,110,54,71.9148,,,,,,,,
5.7,723,2281.183,115,54,71.9491,,,,,,,,
5.7,725,2278.643,115,54,72.0879,,,,,,,,
5.7,727,2276.092,110,54,72.3317,,,,,,,,
5.7,729,2273.532,110,52,72.383,,,,,,,,
5.7,731,2270.962,110,52,72.5232,,,,,,,,
5.7,733,2268.382,110,52,72.6638,,,,,,,,
5.7,735,2265.792,110,52,72.8048,,,,,,,,
5.7,737,2263.192,110,52,72.9462,,,,,,,,
5.7,739,2260.582,110,52,73.088,,,,,,,,
5.7,741,2257.961,110,52,73.2303,,,,,,,,
5.7,743,2255.331,115,52,73.2635,,,,,,,,
5.7,745,2252.69,115,56,73.5865,,,,,,,,
5.7,747,2250.039,120,56,73.6282,,,,,,,,
5.7,749,2247.378,125,56,73.6701,,,,,,,,
5.7,751,2244.707,125,56,73.8144,,,,,,,,
5.7,753,2242.025,125,56,73.959,,,,,,,,
5.7,755,2239.333,125,56,74.1041,,,,,,,,
5.7,757,2236.631,125,56,74.2496,,,,,,,,
5.7,759,2233.918,125,56,74.3955,,,,,,,,
5.7,761,2231.195,125,56,74.5418,,,,,,,,
5.7,763,2228.461,125,56,74.6886,,,,,,,,
5.7,765,2225.716,125,56,74.8358,,,,,,,,
5.7,767,2222.961,125,56,74.9834,,,,,,,,
5.7,769,2220.196,130,56,75.0285,,,,,,,,
5.7,771,2217.419,130,56,75.1768,,,,,,,,
5.7,773,2214.632,130,56,75.3256,,,,,,,,
5.7,775,2211.835,130,56,75.4748,,,,,,,,
5.7,777,2209.026,125,56,75.7278,,,,,,,,
5.7,779,2206.207,125,58,75.9671,,,,,,,,
5.7,781,2203.377,135,58,75.9179,,,,,,,,
5.7,783,2200.536,140,60,76.0622,,,,,,,,
5.7,785,2197.684,140,60,76.2135,,,,,,,,
5.7,787,2194.821,140,60,76.3653,,,,,,,,
5.7,789,2191.946,140,60,76.5174,,,,,,,,
5.7,791,2189.061,140,60,76.6701,,,,,,,,
5.7,793,2186.165,140,60,76.8231,,,,,,,,
5.7,795,2183.257,140,60,76.9766,,,,,,,,
5.7,797,2180.339,140,60,77.1305,,,,,,,,
5.7,799,2177.409,140,60,77.2848,,,,,,,,
5.7,801,2174.468,140,60,77.4395,,,,,,,,
5.7,803,2171.515,140,60,77.5947,,,,,,,,
5.7,805,2168.551,140,60,77.7503,,,,,,,,
5.7,807,2165.575,140,60,77.9063,,,,,,,,
5.7,809,2162.589,140,60,78.0628,,,,,,,,
5.7,811,2159.59,140,60,78.2197,,,,,,,,
5.7,813,2156.58,140,60,78.377,,,,,,,,
5.7,815,2153.558,140,58,78.4403,,,,,,,,
5.7,817,2150.525,140,60,78.6929,,,,,,,,
5.7,819,2147.48,140,60,78.8515,,,,,,,,
5.7,821,2144.423,140,60,79.0105,,,,,,,,
5.7,823,2141.354,140,60,79.17,,,,,,,,
5.7,825,2138.273,140,60,79.3298,,,,,,,,
5.7,827,2135.181,140,60,79.4901,,,,,,,,
5.7,829,2132.076,140,60,79.6509,,,,,,,,
5.7,831,2128.96,140,60,79.812,,,,,,,,
5.7,833,2125.831,140,60,79.9736,,,,,,,,
5.7,835,2122.69,140,60,80.1357,,,,,,,,
5.7,837,2119.537,140,60,80.2981,,,,,,,,
5.7,839,2116.372,140,60,80.461,,,,,,,,
5.7,841,2113.194,140,60,80.6243,,,,,,,,
5.7,843,2110.004,140,60,80.788,,,,,,,,
5.7,845,2106.802,140,60,80.9522,,,,,,,,
5.7,847,2103.587,140,60,81.1168,,,,,,,,
5.7,849,2100.359,140,60,81.2818,,,,,,,,
5.7,851,2097.119,140,60,81.4473,,,,,,,,
5.7,853,2093.867,140,60,81.6132,,,,,,,,
5.7,855,2090.601,140,60,81.7795,,,,,,,,
5.7,857,2087.323,140,60,81.9462,,,,,,,,
5.7,859,2084.032,140,60,82.1134,,,,,,,,
5.7,861,2080.728,140,60,82.281,,,,,,,,
5.7,863,2077.411,140,60,82.449,,,,,,,,
5.7,865,2074.081,140,60,82.6175,,,,,,,,
5.7,867,2070.738,140,60,82.7864,,,,,,,,
5.7,869,2067.382,140,60,82.9557,,,,,,,,
5.7,871,2064.013,140,60,83.1255,,,,,,,,
5.7,873,2060.63,140,60,83.2957,,,,,,,,
5.7,875,2057.234,140,60,83.4663,,,,,,,,
5.7,877,2053.825,140,60,83.6374,,,,,,,,
5.7,879,2050.402,140,60,83.8089,,,,,,,,
5.7,881,2046.966,140,60,83.9808,,,,,,,,
5.7,883,2043.516,140,60,84.1531,,,,,,,,
5.7,885,2040.052,140,60,84.3259,,,,,,,,
5.7,887,2036.575,140,60,84.4991,,,,,,,,
5.7,889,2033.084,140,60,84.6728,,,,,,,,
5.7,891,2029.579,140,60,84.8469,,,,,,,,
5.7,893,2026.059,140,60,85.0214,,,,,,,,
5.7,895,2022.526,140,60,85.1963,,,,,,,,
5.7,897,2018.979,140,60,85.3717,,,,,,,,
5.7,899,2015.418,140,60,85.5475,,,,,,,,
5.7,901,2011.842,140,60,85.7238,,,,,,,,
5.7,903,2008.252,140,60,85.9005,,,,,,,,
5.7,905,2004.648,140,60,86.0776,,,,,,,,
5.7,907,2001.029,140,60,86.2551,,,,,,,,
5.7,909,1997.396,140,60,86.4331,,,,,,,,
5.7,911,1993.747,140,60,86.6116,,,,,,,,
5.7,913,1990.085,140,60,86.7904,,,,,,,,
5.7,915,1986.407,140,60,86.9697,,,,,,,,
5.7,917,1982.715,140,60,87.1494,,,,,,,,
5.7,919,1979.007,140,60,87.3296,,,,,,,,
5.7,921,1975.285,140,60,87.5102,,,,,,,,
5.7,923,1971.547,140,60,87.6912,,,,,,,,
5.7,925,1967.794,140,60,87.8727,,,,,,,,
5.7,927,1964.026,140,60,88.0546,,,,,,,,
5.7,929,1960.242,140,60,88.2369,,,,,,,,
5.7,931,1956.443,140,60,88.4197,,,,,,,,
5.7,933,1952.628,140,60,88.6029,,,,,,,,
5.7,935,1948.798,140,60,88.7865,,,,,,,,
5.7,937,1944.952,140,60,88.9706,,,,,,,,
5.7,939,1941.09,140,60,89.1552,,,,,,,,
5.7,941,1937.212,140,60,89.3401,,,,,,,,
5.7,943,1933.318,140,60,89.5255,,,,,,,,
5.7,945,1929.407,140,60,89.7113,,,,,,,,
5.7,947,1925.481,140,60,89.8976,,,,,,,,
5.7,949,1921.538,140,60,90.0843,,,,,,,,
5.7,951,1917.579,140,60,90.2715,,,,,,,,
5.7,953,1913.603,140,60,90.4591,,,,,,,,
5.7,955,1909.611,140,60,90.6471,,,,,,,,
5.7,957,1905.601,140,60,90.8356,,,,,,,,
5.7,959,1901.575,140,60,91.0245,,,,,,,,
5.7,961,1897.532,140,60,91.2138,,,,,,,,
5.7,963,1893.472,140,60,91.4036,,,,,,,,
5.7,965,1889.395,140,60,91.5938,,,,,,,,
5.7,967,1885.3,140,60,91.7845,,,,,,,,
5.7,969,1881.188,140,60,91.9756,,,,,,,,
5.7,971,1877.059,140,60,92.1671,,,,,,,,
5.7,973,1872.911,140,60,92.3591,,,,,,,,
5.7,975,1868.746,140,60,92.5515,,,,,,,,
5.7,977,1864.564,140,60,92.7444,,,,,,,,
5.7,979,1860.363,140,60,92.9377,,,,,,,,
5.7,981,1856.144,140,60,93.1315,,,,,,,,
5.7,983,1851.906,140,60,93.3257,,,,,,,,
5.7,985,1847.651,140,60,93.5203,,,,,,,,
5.7,987,1843.377,140,60,93.7154,,,,,,,,
5.7,989,1839.084,140,60,93.9109,,,,,,,,
5.7,991,1834.772,140,60,94.1069,,,,,,,,
5.7,993,1830.442,140,60,94.3033,,,,,,,,
5.7,995,1826.092,140,60,94.5002,,,,,,,,
5.7,997,1821.724,140,60,94.6975,,,,,,,,
5.7,999,1817.336,140,60,94.8952,,,,,,,,
5.7,1001,1812.928,140,60,95.0934,,,,,,,,
5.7,1003,1808.501,140,60,95.292,,,,,,,,
5.7,1005,1804.055,140,60,95.4911,,,,,,,,
5.7,1007,1799.588,140,60,95.6906,,,,,,,,
5.7,1009,1795.101,140,60,95.8906,,,,,,,,
5.7,1011,1790.595,140,60,96.091,,,,,,,,
5.7,1013,1786.067,140,60,96.2919,,,,,,,,
5.7,1015,1781.52,140,60,96.4932,,,,,,,,
5.7,1017,1776.952,140,60,96.695,,,,,,,,
5.7,1019,1772.363,140,60,96.8972,,,,,,,,
5.7,1021,1767.753,140,60,97.0998,,,,,,,,
5.7,1023,1763.121,140,60,97.303,,,,,,,,
5.7,1025,1758.469,140,60,97.5065,,,,,,,,
5.7,1027,1753.795,140,60,97.7105,,,,,,,,
5.7,1029,1749.099,140,60,97.915,,,,,,,,
5.7,1031,1744.382,140,60,98.1199,,,,,,,,
5.7,1033,1739.643,140,60,98.3252,,,,,,,,
5.7,1035,1734.881,140,60,98.531,,,,,,,,
5.7,1037,1730.097,140,60,98.7373,,,,,,,,
5.7,1039,1725.291,140,60,98.944,,,,,,,,
5.7,1041,1720.462,140,60,99.1511,,,,,,,,
5.7,1043,1715.61,140,60,99.3588,,,,,,,,
5.7,1045,1710.735,140,60,99.5668,,,,,,,,
5.7,1047,1705.836,140,60,99.7753,,,,,,,,
5.7,1049,1700.914,140,60,99.9843,,,,,,,,
5.7,1051,1695.968,140,60,100.1937,,,,,,,,
5.7,1053,1690.999,140,60,100.4036,,,,,,,,
5.7,1055,1686.005,140,60,100.6139,,,,,,,,
5.7,1057,1680.987,140,60,100.8247,,,,,,,,
5.7,1059,1675.944,140,60,101.036,,,,,,,,
5.7,1061,1670.877,140,60,101.2477,,,,,,,,
5.7,1063,1665.784,140,60,101.4598,,,,,,,,
5.7,1065,1660.666,140,60,101.6724,,,,,,,,
5.7,1067,1655.523,140,60,101.8855,,,,,,,,
5.7,1069,1650.354,140,60,102.099,,,,,,,,
5.7,1071,1645.159,140,60,102.313,,,,,,,,
5.7,1073,1639.938,140,60,102.5275,,,,,,,,
5.7,1075,1634.691,140,60,102.7424,,,,,,,,
5.7,1077,1629.416,140,60,102.9578,,,,,,,,
5.7,1079,1624.115,140,60,103.1736,,,,,,,,
5.7,1081,1618.786,140,60,103.3899,,,,,,,,
5.7,1083,1613.43,140,60,103.6066,,,,,,,,
5.7,1085,1608.046,140,60,103.8238,,,,,,,,
5.7,1087,1602.634,140,60,104.0415,,,,,,,,
5.7,1089,1597.194,140,60,104.2597,,,,,,,,
5.7,1091,1591.725,140,60,104.4783,,,,,,,,
5.7,1093,1586.227,140,60,104.6973,,,,,,,,
5.7,1095,1580.7,140,60,104.9169,,,,,,,,
5.7,1097,1575.144,140,60,105.1369,,,,,,,,
5.7,1099,1569.557,140,60,105.3573,,,,,,,,
5.7,1101,1563.94,140,60,105.5783,,,,,,,,
5.7,1103,1558.293,140,60,105.7997,,,,,,,,
5.7,1105,1552.615,140,60,106.0215,,,,,,,,
5.7,1107,1546.906,140,60,106.2439,,,,,,,,
5.7,1109,1541.165,140,60,106.4667,,,,,,,,
5.7,1111,1535.392,140,60,106.69,,,,,,,,
5.7,1113,1529.587,140,60,106.9137,,,,,,,,
5.7,1115,1523.75,140,60,107.1379,,,,,,,,
5.7,1117,1517.879,140,60,107.3626,,,,,,,,
5.7,1119,1511.975,140,60,107.5878,,,,,,,,
5.7,1121,1506.038,140,60,107.8135,,,,,,,,
5.7,1123,1500.066,140,60,108.0396,,,,,,,,
5.7,1125,1494.059,140,60,108.2662,,,,,,,,
5.7,1127,1488.018,140,60,108.4932,,,,,,,,
5.7,1129,1481.941,140,60,108.7208,,,,,,,,
5.7,1131,1475.828,140,60,108.9488,,,,,,,,
5.7,1133,1469.679,140,60,109.1773,,,,,,,,
5.7,1135,1463.493,140,60,109.4063,,,,,,,,
5.7,1137,1457.27,140,60,109.6358,,,,,,,,
5.7,1139,1451.01,140,60,109.8658,,,,,,,,
5.7,1141,1444.711,140,60,110.0962,,,,,,,,
5.7,1143,1438.373,140,60,110.3271,,,,,,,,
5.7,1145,1431.996,140,60,110.5585,,,,,,,,
5.7,1147,1425.58,140,60,110.7904,,,,,,,,
5.7,1149,1419.123,140,60,111.0228,,,,,,,,
5.7,1151,1412.625,140,60,111.2557,,,,,,,,
5.7,1153,1406.086,140,60,111.4891,,,,,,,,
5.7,1155,1399.505,140,60,111.7229,,,,,,,,
5.7,1157,1392.881,140,60,111.9573,,,,,,,,
5.7,1159,1386.214,140,60,112.1921,,,,,,,,
5.7,1161,1379.503,140,60,112.4274,,,,,,,,
5.7,1163,1372.748,140,60,112.6633,,,,,,,,
5.7,1165,1365.948,140,60,112.8996,,,,,,,,
5.7,1167,1359.102,140,60,113.1364,,,,,,,,
5.7,1169,1352.209,140,60,113.3737,,,,,,,,
5.7,1171,1345.269,140,60,113.6116,,,,,,,,
5.7,1173,1338.281,140,60,113.8499,,,,,,,,
5.7,1175,1331.245,140,60,114.0887,,,,,,,,
5.7,1177,1324.159,140,60,114.3281,,,,,,,,
5.7,1179,1317.023,140,60,114.5679,,,,,,,,
5.7,1181,1309.836,140,60,114.8083,,,,,,,,
5.7,1183,1302.596,140,60,115.0491,,,,,,,,
5.7,1185,1295.304,140,60,115.2905,,,,,,,,
5.7,1187,1287.958,140,60,115.5324,,,,,,,,
5.7,1189,1280.558,140,60,115.7748,,,,,,,,
5.7,1191,1273.102,140,60,116.0178,,,,,,,,
5.7,1193,1265.59,140,60,116.2612,,,,,,,,
5.7,1195,1258.019,140,60,116.5052,,,,,,,,
5.7,1197,1250.391,140,60,116.7497,,,,,,,,
5.7,1199,1242.702,140,60,116.9947,,,,,,,,
5.7,1201,1234.953,140,60,117.2402,,,,,,,,
5.7,1203,1227.142,140,60,117.4863,,,,,,,,
5.7,1205,1219.267,140,60,117.7329,,,,,,,,
5.7,1207,1211.329,140,60,117.9801,,,,,,,,
5.7,1209,1203.324,140,60,118.2278,,,,,,,,
5.7,1211,1195.253,140,60,118.476,,,,,,,,
5.7,1213,1187.113,140,60,118.7248,,,,,,,,
5.7,1215,1178.903,140,60,118.9741,,,,,,,,
5.7,1217,1170.623,140,60,119.2239,,,,,,,,
5.7,1219,1162.269,140,60,119.4744,,,,,,,,
5.7,1221,1153.841,140,60,119.7253,,,,,,,,
5.7,1223,1145.337,140,60,119.9769,,,,,,,,
5.7,1225,1136.755,140,60,120.2289,,,,,,,,
5.7,1227,1128.094,140,60,120.4816,,,,,,,,
5.7,1229,1119.352,140,60,120.7348,,,,,,,,
5.7,1231,1110.526,140,60,120.9886,,,,,,,,
5.7,1233,1101.616,140,60,121.243,,,,,,,,
5.7,1235,1092.618,140,60,121.4979,,,,,,,,
5.7,1237,1083.53,140,60,121.7534,,,,,,,,
5.7,1239,1074.351,140,60,122.0096,,,,,,,,
5.7,1241,1065.077,140,60,122.2663,,,,,,,,
5.7,1243,1055.707,140,60,122.5236,,,,,,,,
5.7,1245,1046.238,140,60,122.7815,,,,,,,,
5.7,1247,1036.666,140,60,123.04,,,,,,,,
5.7,1249,1026.99,140,60,123.2991,,,,,,,,
5.7,1251,1017.206,140,60,123.5589,,,,,,,,
5.7,1253,1007.312,140,60,123.8193,,,,,,,,
5.7,1255,997.303,140,60,124.0803,,,,,,,,
5.7,1257,987.176,140,60,124.3419,,,,,,,,
5.7,1259,976.928,140,60,124.6042,,,,,,,,
5.7,1261,966.555,140,60,124.8671,,,,,,,,
5.7,1263,956.053,140,60,125.1307,,,,,,,,
5.7,1265,945.417,140,60,125.395,,,,,,,,
5.7,1267,934.643,140,60,125.6599,,,,,,,,
5.7,1269,923.726,140,60,125.9256,,,,,,,,
5.7,1271,912.66,140,60,126.1919,,,,,,,,
5.7,1273,901.442,140,60,126.4589,,,,,,,,
5.7,1275,890.064,140,60,126.7267,,,,,,,,
5.7,1277,878.52,140,60,126.9951,,,,,,,,
5.7,1279,866.804,140,60,127.2644,,,,,,,,
5.7,1281,854.909,140,60,127.5343,,,,,,,,
5.7,1283,842.827,140,60,127.8051,,,,,,,,
5.7,1285,830.55,140,60,128.0766,,,,,,,,
5.7,1287,818.069,140,60,128.3489,,,,,,,,
5.7,1289,805.375,140,60,128.622,,,,,,,,
5.7,1291,792.458,140,60,128.896,,,,,,,,
5.7,1293,779.305,140,60,129.1708,,,,,,,,
5.7,1295,765.907,140,60,129.4466,,,,,,,,
5.7,1297,752.248,140,60,129.7232,,,,,,,,
5.7,1299,738.315,140,60,130.0007,,,,,,,,
5.7,1301,724.092,140,60,130.2792,,,,,,,,
5.7,1303,709.561,140,60,130.5587,,,,,,,,
5.7,1305,694.704,140,60,130.8393,,,,,,,,
5.7,1307,679.498,140,60,131.1209,,,,,,,,
5.7,1309,663.919,140,60,131.4036,,,,,,,,
5.7,1311,647.942,140,60,131.6875,,,,,,,,
5.7,1313,631.535,140,60,131.9726,,,,,,,,
5.7,1315,614.665,140,60,132.259,,,,,,,,
5.7,1317,597.291,140,60,132.5467,,,,,,,,
5.7,1319,579.37,140,60,132.8359,,,,,,,,
5.7,1321,560.847,140,60,133.1266,,,,,,,,
5.7,1323,541.661,140,60,133.419,,,,,,,,
5.7,1325,521.74,140,60,133.7132,,,,,,,,
5.7,1327,500.996,140,60,134.0093,,,,,,,,
5.7,1329,479.321,140,60,134.3075,,,,,,,,
5.7,1331,456.584,140,60,134.6081,,,,,,,,
5.7,1333,432.617,140,60,134.9115,,,,,,,,
5.7,1335,407.201,140,60,135.2179,,,,,,,,
5.7,1337,380.049,140,60,135.528,,,,,,,,
5.7,1339,350.755,140,60,135.8424,,,,,,,,
5.7,1341,318.73,140,60,136.1622,,,,,,,,
5.7,1343,283.05,140,60,136.4892,,,,,,,,
5.7,1345,242.101,140,60,136.8263,,,,,,,,
5.7,1347,192.554,140,60,137.1795,,,,,,,,
5.7,1349,124.535,140,60,137.5668,,,,,,,,
6.2,617,2138.405,120,60,71.1618,,,,,,,,
6.2,619,2136.092,120,60,71.2898,,,,,,,,
6.2,621,2133.768,120,60,71.4183,,,,,,,,
6.2,623,2131.435,120,60,71.5472,,,,,,,,
6.2,625,2129.092,120,60,71.6766,,,,,,,,
6.2,627,2126.738,120,60,71.8064,,,,,,,,
6.2,629,2124.375,120,60,71.9367,,,,,,,,
6.2,631,2122.001,120,60,72.0675,,,,,,,,
6.2,633,2119.617,120,60,72.1987,,,,,,,,
6.2,635,2117.223,110,54,72.2897,,,,,,,,
6.2,637,2114.818,110,54,72.4217,,,,,,,,
6.2,639,2112.403,110,54,72.5543,,,,,,,,
6.2,641,2109.978,110,54,72.6872,,,,,,,,
6.2,643,2107.543,110,52,72.7341,,,,,,,,
6.2,645,2105.097,110,52,72.8678,,,,,,,,
6.2,647,2102.64,110,52,73.0021,,,,,,,,
6.2,649,2100.173,110,56,73.3045,,,,,,,,
6.2,651,2097.696,115,56,73.3406,,,,,,,,
6.2,653,2095.208,120,56,73.3769,,,,,,,,
6.2,655,2092.709,120,56,73.513,,,,,,,,
6.2,657,2090.2,120,56,73.6494,,,,,,,,
6.2,659,2087.68,120,56,73.7864,,,,,,,,
6.2,661,2085.149,120,56,73.9238,,,,,,,,
6.2,663,2082.608,120,56,74.0617,,,,,,,,
6.2,665,2080.056,120,56,74.2,,,,,,,,
6.2,667,2077.493,120,56,74.3388,,,,,,,,
6.2,669,2074.919,120,56,74.478,,,,,,,,
6.2,671,2072.334,120,56,74.6177,,,,,,,,
6.2,673,2069.738,125,56,74.6572,,,,,,,,
6.2,675,2067.131,125,56,74.7977,,,,,,,,
6.2,677,2064.514,125,56,74.9387,,,,,,,,
6.2,679,2061.885,125,56,75.0801,,,,,,,,
6.2,681,2059.245,125,60,75.3907,,,,,,,,
6.2,683,2056.593,135,60,75.3441,,,,,,,,
6.2,685,2053.931,135,60,75.4869,,,,,,,,
6.2,687,2051.257,135,60,75.6302,,,,,,,,
6.2,689,2048.572,135,60,75.7739,,,,,,,,
6.2,691,2045.876,135,60,75.9181,,,,,,,,
6.2,693,2043.168,135,60,76.0628,,,,,,,,
6.2,695,2040.449,135,60,76.2079,,,,,,,,
6.2,697,2037.718,140,60,76.2582,,,,,,,,
6.2,699,2034.976,140,60,76.4041,,,,,,,,
6.2,701,2032.222,140,60,76.5505,,,,,,,,
6.2,703,2029.457,140,60,76.6974,,,,,,,,
6.2,705,2026.68,140,60,76.8448,,,,,,,,
6.2,707,2023.891,140,60,76.9926,,,,,,,,
6.2,709,2021.091,140,60,77.1409,,,,,,,,
6.2,711,2018.278,140,60,77.2896,,,,,,,,
6.2,713,2015.454,140,60,77.4388,,,,,,,,
6.2,715,2012.618,140,60,77.5885,,,,,,,,
6.2,717,2009.77,140,60,77.7387,,,,,,,,
6.2,719,2006.91,140,60,77.8893,,,,,,,,
6.2,721,2004.038,140,60,78.0404,,,,,,,,
6.2,723,2001.154,140,60,78.1919,,,,,,,,
6.2,725,1998.257,140,60,78.344,,,,,,,,
6.2,727,1995.349,140,60,78.4964,,,,,,,,
6.2,729,1992.428,140,60,78.6494,,,,,,,,
6.2,731,1989.494,140,60,78.8028,,,,,,,,
6.2,733,1986.549,140,60,78.9567,,,,,,,,
6.2,735,1983.591,140,60,79.1111,,,,,,,,
6.2,737,1980.62,140,60,79.2659,,,,,,,,
6.2,739,1977.637,140,60,79.4212,,,,,,,,
6.2,741,1974.641,140,60,79.577,,,,,,,,
6.2,743,1971.633,140,60,79.7332,,,,,,,,
6.2,745,1968.612,140,60,79.8899,,,,,,,,
6.2,747,1965.578,140,60,80.0471,,,,,,,,
6.2,749,1962.531,140,60,80.2047,,,,,,,,
6.2,751,1959.471,140,60,80.3629,,,,,,,,
6.2,753,1956.399,140,60,80.5214,,,,,,,,
6.2,755,1953.313,140,60,80.6805,,,,,,,,
6.2,757,1950.214,140,60,80.84,,,,,,,,
6.2,759,1947.102,140,60,81.0,,,,,,,,
6.2,761,1943.977,140,60,81.1605,,,,,,,,
6.2,763,1940.839,140,60,81.3214,,,,,,,,
6.2,765,1937.687,140,60,81.4828,,,,,,,,
6.2,767,1934.522,140,60,81.6447,,,,,,,,
6.2,769,1931.344,140,60,81.807,,,,,,,,
6.2,771,1928.151,140,60,81.9698,,,,,,,,
6.2,773,1924.946,140,60,82.1331,,,,,,,,
6.2,775,1921.726,140,60,82.2969,,,,,,,,
6.2,777,1918.493,140,60,82.4611,,,,,,,,
6.2,779,1915.246,140,60,82.6258,,,,,,,,
6.2,781,1911.985,140,60,82.791,,,,,,,,
6.2,783,1908.711,140,60,82.9567,,,,,,,,
6.2,785,1905.422,140,60,83.1228,,,,,,,,
6.2,787,1902.119,140,60,83.2894,,,,,,,,
6.2,789,1898.802,140,60,83.4564,,,,,,,,
6.2,791,1895.47,140,60,83.624,,,,,,,,
6.2,793,1892.125,140,60,83.792,,,,,,,,
6.2,795,1888.765,140,60,83.9605,,,,,,,,
6.2,797,1885.39,140,60,84.1294,,,,,,,,
6.2,799,1882.001,140,60,84.2989,,,,,,,,
6.2,801,1878.597,140,60,84.4688,,,,,,,,
6.2,803,1875.179,140,60,84.6391,,,,,,,,
6.2,805,1871.746,140,60,84.81,,,,,,,,
6.2,807,1868.298,140,60,84.9813,,,,,,,,
6.2,809,1864.835,140,60,85.1531,,,,,,,,
6.2,811,1861.356,140,60,85.3254,,,,,,,,
6.2,813,1857.863,140,60,85.4982,,,,,,,,
6.2,815,1854.355,140,60,85.6714,,,,,,,,
6.2,817,1850.831,140,60,85.8451,,,,,,,,
6.2,819,1847.292,140,60,86.0193,,,,,,,,
6.2,821,1843.738,140,60,86.1939,,,,,,,,
6.2,823,1840.167,140,60,86.3691,,,,,,,,
6.2,825,1836.582,140,60,86.5447,,,,,,,,
6.2,827,1832.98,140,60,86.7207,,,,,,,,
6.2,829,1829.363,140,60,86.8973,,,,,,,,
6.2,831,1825.729,140,60,87.0743,,,,,,,,
6.2,833,1822.08,140,60,87.2519,,,,,,,,
6.2,835,1818.415,140,60,87.4299,,,,,,,,
6.2,837,1814.733,140,60,87.6083,,,,,,,,
6.2,839,1811.035,140,60,87.7873,,,,,,,,
6.2,841,1807.321,140,60,87.9667,,,,,,,,
6.2,843,1803.59,140,60,88.1466,,,,,,,,
6.2,845,1799.842,140,60,88.327,,,,,,,,
6.2,847,1796.078,140,60,88.5078,,,,,,,,
6.2,849,1792.297,140,60,88.6892,,,,,,,,
6.2,851,1788.499,140,60,88.871,,,,,,,,
6.2,853,1784.684,140,60,89.0533,,,,,,,,
6.2,855,1780.851,140,60,89.2361,,,,,,,,
6.2,857,1777.002,140,60,89.4193,,,,,,,,
6.2,859,1773.135,140,60,89.6031,,,,,,,,
6.2,861,1769.251,140,60,89.7873,,,,,,,,
6.2,863,1765.349,140,60,89.972,,,,,,,,
6.2,865,1761.429,140,60,90.1572,,,,,,,,
6.2,867,1757.491,140,60,90.3429,,,,,,,,
6.2,869,1753.536,140,60,90.529,,,,,,,,
6.2,871,1749.562,140,60,90.7156,,,,,,,,
6.2,873,1745.57,140,60,90.9028,,,,,,,,
6.2,875,1741.56,140,60,91.0903,,,,,,,,
6.2,877,1737.532,140,60,91.2784,,,,,,,,
6.2,879,1733.484,140,60,91.467,,,,,,,,
6.2,881,1729.418,140,60,91.656,,,,,,,,
6.2,883,1725.334,140,60,91.8456,,,,,,,,
6.2,885,1721.23,140,60,92.0356,,,,,,,,
6.2,887,1717.107,140,60,92.2261,,,,,,,,
6.2,889,1712.965,140,60,92.4171,,,,,,,,
6.2,891,1708.803,140,60,92.6085,,,,,,,,
6.2,893,1704.622,140,60,92.8005,,,,,,,,
6.2,895,1700.421,140,60,92.9929,,,,,,,,
6.2,897,1696.2,140,60,93.1858,,,,,,,,
6.2,899,1691.96,140,60,93.3792,,,,,,,,
6.2,901,1687.699,140,60,93.5731,,,,,,,,
6.2,903,1683.418,140,60,93.7675,,,,,,,,
6.2,905,1679.116,140,60,93.9624,,,,,,,,
6.2,907,1674.794,140,60,94.1578,,,,,,,,
6.2,909,1670.451,140,60,94.3536,,,,,,,,
6.2,911,1666.088,140,60,94.55,,,,,,,,
6.2,913,1661.703,140,60,94.7468,,,,,,,,
6.2,915,1657.297,140,60,94.9441,,,,,,,,
6.2,917,1652.869,140,60,95.1419,,,,,,,,
6.2,919,1648.42,140,60,95.3402,,,,,,,,
6.2,921,1643.949,140,60,95.539,,,,,,,,
6.2,923,1639.456,140,60,95.7383,,,,,,,,
6.2,925,1634.941,140,60,95.9381,,,,,,,,
6.2,927,1630.404,140,60,96.1383,,,,,,,,
6.2,929,1625.844,140,60,96.3391,,,,,,,,
6.2,931,1621.261,140,60,96.5403,,,,,,,,
6.2,933,1616.656,140,60,96.7421,,,,,,,,
6.2,935,1612.027,140,60,96.9443,,,,,,,,
6.2,937,1607.376,140,60,97.147,,,,,,,,
6.2,939,1602.7,140,60,97.3503,,,,,,,,
6.2,941,1598.001,140,60,97.554,,,,,,,,
6.2,943,1593.278,140,60,97.7582,,,,,,,,
6.2,945,1588.531,140,60,97.9629,,,,,,,,
6.2,947,1583.76,140,60,98.1681,,,,,,,,
6.2,949,1578.964,140,60,98.3738,,,,,,,,
6.2,951,1574.144,140,60,98.58,,,,,,,,
6.2,953,1569.298,140,60,98.7867,,,,,,,,
6.2,955,1564.427,140,60,98.9939,,,,,,,,
6.2,957,1559.531,140,60,99.2016,,,,,,,,
6.2,959,1554.609,140,60,99.4098,,,,,,,,
6.2,961,1549.661,140,60,99.6185,,,,,,,,
6.2,963,1544.686,140,60,99.8277,,,,,,,,
6.2,965,1539.686,140,60,100.0374,,,,,,,,
6.2,967,1534.658,140,60,100.2477,,,,,,,,
6.2,969,1529.604,140,60,100.4584,,,,,,,,
6.2,971,1524.522,140,60,100.6696,,,,,,,,
6.2,973,1519.413,140,60,100.8813,,,,,,,,
6.2,975,1514.276,140,60,101.0935,,,,,,,,
6.2,977,1509.111,140,60,101.3062,,,,,,,,
6.2,979,1503.918,140,60,101.5195,,,,,,,,
6.2,981,1498.695,140,60,101.7332,,,,,,,,
6.2,983,1493.444,140,60,101.9474,,,,,,,,
6.2,985,1488.164,140,60,102.1622,,,,,,,,
6.2,987,1482.854,140,60,102.3775,,,,,,,,
6.2,989,1477.514,140,60,102.5932,,,,,,,,
6.2,991,1472.144,140,60,102.8095,,,,,,,,
6.2,993,1466.743,140,60,103.0263,,,,,,,,
6.2,995,1461.312,140,60,103.2436,,,,,,,,
6.2,997,1455.849,140,60,103.4614,,,,,,,,
6.2,999,1450.354,140,60,103.6797,,,,,,,,
6.2,1001,1444.828,140,60,103.8986,,,,,,,,
6.2,1003,1439.269,140,60,104.1179,,,,,,,,
6.2,1005,1433.678,140,60,104.3378,,,,,,,,
6.2,1007,1428.053,140,60,104.5582,,,,,,,,
6.2,1009,1422.395,140,60,104.7791,,,,,,,,
6.2,1011,1416.703,140,60,105.0005,,,,,,,,
6.2,1013,1410.977,140,60,105.2225,,,,,,,,
6.2,1015,1405.216,140,60,105.4449,,,,,,,,
6.2,1017,1399.42,140,60,105.6679,,,,,,,,
6.2,1019,1393.588,140,60,105.8914,,,,,,,,
6.2,1021,1387.72,140,60,106.1155,,,,,,,,
6.2,1023,1381.816,140,60,106.34,,,,,,,,
6.2,1025,1375.875,140,60,106.5651,,,,,,,,
6.2,1027,1369.896,140,60,106.7907,,,,,,,,
6.2,1029,1363.88,140,60,107.0168,,,,,,,,
6.2,1031,1357.825,140,60,107.2435,,,,,,,,
6.2,1033,1351.731,140,60,107.4707,,,,,,,,
6.2,1035,1345.597,140,60,107.6984,,,,,,,,
6.2,1037,1339.424,140,60,107.9266,,,,,,,,
6.2,1039,1333.21,140,60,108.1554,,,,,,,,
6.2,1041,1326.954,140,60,108.3847,,,,,,,,
6.2,1043,1320.657,140,60,108.6146,,,,,,,,
6.2,1045,1314.318,140,60,108.845,,,,,,,,
6.2,1047,1307.936,140,60,109.0759,,,,,,,,
6.2,1049,1301.51,140,60,109.3074,,,,,,,,
6.2,1051,1295.04,140,60,109.5394,,,,,,,,
6.2,1053,1288.525,140,60,109.7719,,,,,,,,
6.2,1055,1281.964,140,60,110.005,,,,,,,,
6.2,1057,1275.357,140,60,110.2387,,,,,,,,
6.2,1059,1268.703,140,60,110.4729,,,,,,,,
6.2,1061,1262.002,140,60,110.7076,,,,,,,,
6.2,1063,1255.251,140,60,110.9429,,,,,,,,
6.2,1065,1248.452,140,60,111.1787,,,,,,,,
6.2,1067,1241.602,140,60,111.4151,,,,,,,,
6.2,1069,1234.702,140,60,111.652,,,,,,,,
6.2,1071,1227.749,140,60,111.8895,,,,,,,,
6.2,1073,1220.744,140,60,112.1276,,,,,,,,
6.2,1075,1213.685,140,60,112.3662,,,,,,,,
6.2,1077,1206.572,140,60,112.6054,,,,,,,,
6.2,1079,1199.403,140,60,112.8452,,,,,,,,
6.2,1081,1192.178,140,60,113.0855,,,,,,,,
6.2,1083,1184.895,140,60,113.3264,,,,,,,,
6.2,1085,1177.553,140,60,113.5678,,,,,,,,
6.2,1087,1170.152,140,60,113.8099,,,,,,,,
6.2,1089,1162.69,140,60,114.0525,,,,,,,,
6.2,1091,1155.166,140,60,114.2957,,,,,,,,
6.2,1093,1147.578,140,60,114.5394,,,,,,,,
6.2,1095,1139.926,140,60,114.7838,,,,,,,,
6.2,1097,1132.208,140,60,115.0287,,,,,,,,
6.2,1099,1124.423,140,60,115.2743,,,,,,,,
6.2,1101,1116.57,140,60,115.5204,,,,,,,,
6.2,1103,1108.646,140,60,115.7671,,,,,,,,
6.2,1105,1100.651,140,60,116.0144,,,,,,,,
6.2,1107,1092.582,140,60,116.2624,,,,,,,,
6.2,1109,1084.439,140,60,116.5109,,,,,,,,
6.2,1111,1076.219,140,60,116.76,,,,,,,,
6.2,1113,1067.921,140,60,117.0098,,,,,,,,
6.2,1115,1059.543,140,60,117.2602,,,,,,,,
6.2,1117,1051.083,140,60,117.5112,,,,,,,,
6.2,1119,1042.539,140,60,117.7628,,,,,,,,
6.2,1121,1033.909,140,60,118.015,,,,,,,,
6.2,1123,1025.191,140,60,118.2679,,,,,,,,
6.2,1125,1016.382,140,60,118.5214,,,,,,,,
6.2,1127,1007.48,140,60,118.7756,,,,,,,,
6.2,1129,998.483,140,60,119.0304,,,,,,,,
6.2,1131,989.388,140,60,119.2859,,,,,,,,
6.2,1133,980.192,140,60,119.542,,,,,,,,
6.2,1135,970.892,140,60,119.7988,,,,,,,,
6.2,1137,961.486,140,60,120.0563,,,,,,,,
6.2,1139,951.971,140,60,120.3144,,,,,,,,
6.2,1141,942.342,140,60,120.5733,,,,,,,,
6.2,1143,932.596,140,60,120.8328,,,,,,,,
6.2,1145,922.731,140,60,121.093,,,,,,,,
6.2,1147,912.741,140,60,121.354,,,,,,,,
6.2,1149,902.623,140,60,121.6156,,,,,,,,
6.2,1151,892.372,140,60,121.878,,,,,,,,
6.2,1153,881.984,140,60,122.1411,,,,,,,,
6.2,1155,871.454,140,60,122.405,,,,,,,,
6.2,1157,860.776,140,60,122.6696,,,,,,,,
6.2,1159,849.946,140,60,122.935,,,,,,,,
6.2,1161,838.956,140,60,123.2012,,,,,,,,
6.2,1163,827.802,140,60,123.4682,,,,,,,,
6.2,1165,816.475,140,60,123.736,,,,,,,,
6.2,1167,804.97,140,60,124.0046,,,,,,,,
6.2,1169,793.277,140,60,124.274,,,,,,,,
6.2,1171,781.389,140,60,124.5443,,,,,,,,
6.2,1173,769.296,140,60,124.8155,,,,,,,,
6.2,1175,756.989,140,60,125.0875,,,,,,,,
6.2,1177,744.457,140,60,125.3605,,,,,,,,
6.2,1179,731.688,140,60,125.6344,,,,,,,,
6.2,1181,718.671,140,60,125.9093,,,,,,,,
6.2,1183,705.391,140,60,126.1852,,,,,,,,
6.2,1185,691.832,140,60,126.4621,,,,,,,,
6.2,1187,677.979,140,60,126.74,,,,,,,,
6.2,1189,663.813,140,60,127.0191,,,,,,,,
6.2,1191,649.313,140,60,127.2993,,,,,,,,
6.2,1193,634.457,140,60,127.5807,,,,,,,,
6.2,1195,619.219,140,60,127.8633,,,,,,,,
6.2,1197,603.569,140,60,128.1472,,,,,,,,
6.2,1199,587.476,140,60,128.4325,,,,,,,,
6.2,1201,570.901,140,60,128.7192,,,,,,,,
6.2,1203,553.801,140,60,129.0074,,,,,,,,
6.2,1205,536.127,140,60,129.2972,,,,,,,,
6.2,1207,517.819,140,60,129.5888,,,,,,,,
6.2,1209,498.807,140,60,129.8823,,,,,,,,
6.2,1211,479.007,140,60,130.1778,,,,,,,,
6.2,1213,458.319,140,60,130.4756,,,,,,,,
6.2,1215,436.614,140,60,130.7759,,,,,,,,
6.2,1217,413.734,140,60,131.079,,,,,,,,
6.2,1219,389.471,140,60,131.3854,,,,,,,,
6.2,1221,363.549,140,60,131.6955,,,,,,,,
6.2,1223,335.583,140,60,132.0102,,,,,,,,
6.2,1225,305.011,140,60,132.3306,,,,,,,,
6.2,1227,270.954,140,60,132.6584,,,,,,,,
6.2,1229,231.879,140,60,132.9967,,,,,,,,
6.2,1231,184.629,140,60,133.3517,,,,,,,,
6.2,1233,119.9,140,60,133.7419,,,,,,,,
6.7,564,1957.216,105,52,73.5006,,,,,,,,
6.7,566,1954.905,110,56,73.6856,,,,,,,,
6.7,568,1952.583,115,58,73.7924,,,,,,,,
6.7,570,1950.251,120,58,73.8269,,,,,,,,
6.7,572,1947.907,120,58,73.9544,,,,,,,,
6.7,574,1945.552,115,56,74.0991,,,,,,,,
6.7,576,1943.187,115,56,74.2276,,,,,,,,
6.7,578,1940.81,115,56,74.3566,,,,,,,,
6.7,580,1938.422,120,56,74.3893,,,,,,,,
6.7,582,1936.022,120,56,74.5192,,,,,,,,
6.7,584,1933.612,120,56,74.6496,,,,,,,,
6.7,586,1931.19,120,56,74.7804,,,,,,,,
6.7,588,1928.757,120,56,74.9118,,,,,,,,
6.7,590,1926.312,120,56,75.0437,,,,,,,,
6.7,592,1923.856,120,56,75.176,,,,,,,,
6.7,594,1921.389,125,60,75.3742,,,,,,,,
6.7,596,1918.91,130,60,75.4161,,,,,,,,
6.7,598,1916.419,130,60,75.5499,,,,,,,,
6.7,600,1913.917,130,60,75.6843,,,,,,,,
6.7,602,1911.403,130,60,75.8191,,,,,,,,
6.7,604,1908.878,130,60,75.9544,,,,,,,,
6.7,606,1906.341,135,60,75.998,,,,,,,,
6.7,608,1903.792,135,60,76.1342,,,,,,,,
6.7,610,1901.231,135,60,76.2709,,,,,,,,
6.7,612,1898.658,135,60,76.4081,,,,,,,,
6.7,614,1896.073,135,60,76.5458,,,,,,,,
6.7,616,1893.477,135,60,76.6841,,,,,,,,
6.7,618,1890.868,135,60,76.8228,,,,,,,,
6.7,620,1888.247,135,60,76.962,,,,,,,,
6.7,622,1885.615,135,60,77.1018,,,,,,,,
6.7,624,1882.969,135,60,77.242,,,,,,,,
6.7,626,1880.312,140,60,77.2892,,,,,,,,
6.7,628,1877.643,140,60,77.4303,,,,,,,,
6.7,630,1874.961,140,60,77.572,,,,,,,,
6.7,632,1872.267,140,60,77.7141,,,,,,,,
6.7,634,1869.56,140,60,77.8568,,,,,,,,
6.7,636,1866.841,140,60,77.9999,,,,,,,,
6.7,638,1864.109,140,60,78.1436,,,,,,,,
6.7,640,1861.365,140,60,78.2878,,,,,,,,
6.7,642,1858.608,140,60,78.4325,,,,,,,,
6.7,644,1855.838,140,60,78.5777,,,,,,,,
6.7,646,1853.055,140,60,78.7234,,,,,,,,
6.7,648,1850.26,140,60,78.8696,,,,,,,,
6.7,650,1847.452,140,60,79.0163,,,,,,,,
6.7,652,1844.631,140,60,79.1635,,,,,,,,
6.7,654,1841.796,140,60,79.3113,,,,,,,,
6.7,656,1838.949,140,60,79.4595,,,,,,,,
6.7,658,1836.089,140,60,79.6083,,,,,,,,
6.7,660,1833.215,140,60,79.7575,,,,,,,,
6.7,662,1830.328,140,60,79.9073,,,,,,,,
6.7,664,1827.428,140,60,80.0576,,,,,,,,
6.7,666,1824.515,140,60,80.2084,,,,,,,,
6.7,668,1821.588,140,60,80.3597,,,,,,,,
6.7,670,1818.647,140,60,80.5115,,,,,,,,
6.7,672,1815.693,140,60,80.6638,,,,,,,,
6.7,674,1812.726,140,60,80.8167,,,,,,,,
6.7,676,1809.744,140,60,80.97,,,,,,,,
6.7,678,1806.749,140,60,81.1239,,,,,,,,
6.7,680,1803.74,140,60,81.2783,,,,,,,,
6.7,682,1800.717,140,60,81.4332,,,,,,,,
6.7,684,1797.68,140,60,81.5886,,,,,,,,
6.7,686,1794.629,140,60,81.7445,,,,,,,,
6.7,688,1791.564,140,60,81.9009,,,,,,,,
6.7,690,1788.485,140,60,82.0578,,,,,,,,
6.7,692,1785.391,140,60,82.2153,,,,,,,,
6.7,694,1782.283,140,60,82.3732,,,,,,,,
6.7,696,1779.161,140,60,82.5317,,,,,,,,
6.7,698,1776.024,140,60,82.6907,,,,,,,,
6.7,700,1772.873,140,60,82.8502,,,,,,,,
6.7,702,1769.707,140,60,83.0102,,,,,,,,
6.7,704,1766.526,140,60,83.1707,,,,,,,,
6.7,706,1763.33,140,60,83.3317,,,,,,,,
6.7,708,1760.12,140,60,83.4933,,,,,,,,
6.7,710,1756.894,140,60,83.6554,,,,,,,,
6.7,712,1753.654,140,60,83.8179,,,,,,,,
6.7,714,1750.398,140,60,83.981,,,,,,,,
6.7,716,1747.127,140,60,84.1447,,,,,,,,
6.7,718,1743.841,140,60,84.3088,,,,,,,,
6.7,720,1740.54,140,60,84.4734,,,,,,,,
6.7,722,1737.223,140,60,84.6386,,,,,,,,
6.7,724,1733.89,140,60,84.8043,,,,,,,,
6.7,726,1730.542,140,60,84.9705,,,,,,,,
6.7,728,1727.177,140,60,85.1372,,,,,,,,
6.7,730,1723.798,140,60,85.3044,,,,,,,,
6.7,732,1720.402,140,60,85.4721,,,,,,,,
6.7,734,1716.99,140,60,85.6404,,,,,,,,
6.7,736,1713.562,140,60,85.8092,,,,,,,,
6.7,738,1710.118,140,60,85.9785,,,,,,,,
6.7,740,1706.657,140,60,86.1483,,,,,,,,
6.7,742,1703.18,140,60,86.3186,,,,,,,,
6.7,744,1699.686,140,60,86.4894,,,,,,,,
6.7,746,1696.176,140,60,86.6608,,,,,,,,
6.7,748,1692.649,140,60,86.8327,,,,,,,,
6.7,750,1689.106,140,60,87.0051,,,,,,,,
6.7,752,1685.545,140,60,87.178,,,,,,,,
6.7,754,1681.967,140,60,87.3515,,,,,,,,
6.7,756,1678.372,140,60,87.5255,,,,,,,,
6.7,758,1674.76,140,60,87.6999,,,,,,,,
6.7,760,1671.131,140,60,87.8749,,,,,,,,
6.7,762,1667.484,140,60,88.0505,,,,,,,,
6.7,764,1663.819,140,60,88.2265,,,,,,,,
6.7,766,1660.137,140,60,88.4031,,,,,,,,
6.7,768,1656.437,140,60,88.5802,,,,,,,,
6.7,770,1652.718,140,60,88.7578,,,,,,,,
6.7,772,1648.982,140,60,88.9359,,,,,,,,
6.7,774,1645.228,140,60,89.1146,,,,,,,,
6.7,776,1641.455,140,60,89.2938,,,,,,,,
6.7,778,1637.664,140,60,89.4735,,,,,,,,
6.7,780,1633.854,140,60,89.6537,,,,,,,,
6.7,782,1630.025,140,60,89.8345,,,,,,,,
6.7,784,1626.178,140,60,90.0158,,,,,,,,
6.7,786,1622.311,140,60,90.1976,,,,,,,,
6.7,788,1618.426,140,60,90.3799,,,,,,,,
6.7,790,1614.521,140,60,90.5628,,,,,,,,
6.7,792,1610.597,140,60,90.7462,,,,,,,,
6.7,794,1606.653,140,60,90.9301,,,,,,,,
6.7,796,1602.69,140,60,91.1145,,,,,,,,
6.7,798,1598.706,140,60,91.2995,,,,,,,,
6.7,800,1594.703,140,60,91.485,,,,,,,,
6.7,802,1590.68,140,60,91.671,,,,,,,,
6.7,804,1586.636,140,60,91.8575,,,,,,,,
6.7,806,1582.572,140,60,92.0446,,,,,,,,
6.7,808,1578.487,140,60,92.2322,,,,,,,,
6.7,810,1574.382,140,60,92.4203,,,,,,,,
6.7,812,1570.255,140,60,92.609,,,,,,,,
6.7,814,1566.108,140,60,92.7982,,,,,,,,
6.7,816,1561.939,140,60,92.9879,,,,,,,,
6.7,818,1557.749,140,60,93.1782,,,,,,,,
6.7,820,1553.537,140,60,93.369,,,,,,,,
6.7,822,1549.304,140,60,93.5603,,,,,,,,
6.7,824,1545.048,140,60,93.7522,,,,,,,,
6.7,826,1540.771,140,60,93.9445,,,,,,,,
6.7,828,1536.471,140,60,94.1375,,,,,,,,
6.7,830,1532.148,140,60,94.3309,,,,,,,,
6.7,832,1527.803,140,60,94.5249,,,,,,,,
6.7,834,1523.435,140,60,94.7194,,,,,,,,
6.7,836,1519.044,140,60,94.9145,,,,,,,,
6.7,838,1514.629,140,60,95.1101,,,,,,,,
6.7,840,1510.191,140,60,95.3062,,,,,,,,
6.7,842,1505.73,140,60,95.5029,,,,,,,,
6.7,844,1501.244,140,60,95.7001,,,,,,,,
6.7,846,1496.734,140,60,95.8978,,,,,,,,
6.7,848,1492.2,140,60,96.0961,,,,,,,,
6.7,850,1487.642,140,60,96.2949,,,,,,,,
6.7,852,1483.058,140,60,96.4943,,,,,,,,
6.7,854,1478.45,140,60,96.6942,,,,,,,,
6.7,856,1473.816,140,60,96.8946,,,,,,,,
6.7,858,1469.157,140,60,97.0956,,,,,,,,
6.7,860,1464.472,140,60,97.2971,,,,,,,,
6.7,862,1459.761,140,60,97.4992,,,,,,,,
6.7,864,1455.024,140,60,97.7018,,,,,,,,
6.7,866,1450.26,140,60,97.905,,,,,,,,
6.7,868,1445.47,140,60,98.1087,,,,,,,,
6.7,870,1440.652,140,60,98.3129,,,,,,,,
6.7,872,1435.807,140,60,98.5177,,,,,,,,
6.7,874,1430.935,140,60,98.723,,,,,,,,
6.7,876,1426.034,140,60,98.9289,,,,,,,,
6.7,878,1421.106,140,60,99.1354,,,,,,,,
6.7,880,1416.149,140,60,99.3423,,,,,,,,
6.7,882,1411.163,140,60,99.5499,,,,,,,,
6.7,884,1406.149,140,60,99.7579,,,,,,,,
6.7,886,1401.105,140,60,99.9666,,,,,,,,
6.7,888,1396.031,140,60,100.1758,,,,,,,,
6.7,890,1390.927,140,60,100.3855,,,,,,,,
6.7,892,1385.793,140,60,100.5958,,,,,,,,
6.7,894,1380.628,140,60,100.8066,,,,,,,,
6.7,896,1375.432,140,60,101.018,,,,,,,,
6.7,898,1370.205,140,60,101.23,,,,,,,,
6.7,900,1364.946,140,60,101.4425,,,,,,,,
6.7,902,1359.655,140,60,101.6556,,,,,,,,
6.7,904,1354.332,140,60,101.8692,,,,,,,,
6.7,906,1348.975,140,60,102.0834,,,,,,,,
6.7,908,1343.586,140,60,102.2981,,,,,,,,
6.7,910,1338.162,140,60,102.5134,,,,,,,,
6.7,912,1332.705,140,60,102.7293,,,,,,,,
6.7,914,1327.213,140,60,102.9457,,,,,,,,
6.7,916,1321.686,140,60,103.1627,,,,,,,,
6.7,918,1316.124,140,60,103.3803,,,,,,,,
6.7,920,1310.526,140,60,103.5984,,,,,,,,
6.7,922,1304.892,140,60,103.8171,,,,,,,,
6.7,924,1299.221,140,60,104.0364,,,,,,,,
6.7,926,1293.512,140,60,104.2562,,,,,,,,
6.7,928,1287.766,140,60,104.4766,,,,,,,,
6.7,930,1281.982,140,60,104.6976,,,,,,,,
6.7,932,1276.159,140,60,104.9191,,,,,,,,
6.7,934,1270.297,140,60,105.1413,,,,,,,,
6.7,936,1264.395,140,60,105.364,,,,,,,,
6.7,938,1258.452,140,60,105.5873,,,,,,,,
6.7,940,1252.469,140,60,105.8111,,,,,,,,
6.7,942,1246.444,140,60,106.0356,,,,,,,,
6.7,944,1240.377,140,60,106.2606,,,,,,,,
6.7,946,1234.267,140,60,106.4862,,,,,,,,
6.7,948,1228.113,140,60,106.7124,,,,,,,,
6.7,950,1221.916,140,60,106.9391,,,,,,,,
6.7,952,1215.674,140,60,107.1665,,,,,,,,
6.7,954,1209.386,140,60,107.3945,,,,,,,,
6.7,956,1203.052,140,60,107.623,,,,,,,,
6.7,958,1196.671,140,60,107.8521,,,,,,,,
6.7,960,1190.243,140,60,108.0819,,,,,,,,
6.7,962,1183.766,140,60,108.3122,,,,,,,,
6.7,964,1177.24,140,60,108.5431,,,,,,,,
6.7,966,1170.664,140,60,108.7747,,,,,,,,
6.7,968,1164.037,140,60,109.0068,,,,,,,,
6.7,970,1157.358,140,60,109.2395,,,,,,,,
6.7,972,1150.627,140,60,109.4729,,,,,,,,
6.7,974,1143.842,140,60,109.7068,,,,,,,,
6.7,976,1137.002,140,60,109.9414,,,,,,,,
6.7,978,1130.107,140,60,110.1765,,,,,,,,
6.7,980,1123.155,140,60,110.4123,,,,,,,,
6.7,982,1116.146,140,60,110.6487,,,,,,,,
6.7,984,1109.078,140,60,110.8857,,,,,,,,
6.7,986,1101.95,140,60,111.1234,,,,,,,,
6.7,988,1094.761,140,60,111.3617,,,,,,,,
6.7,990,1087.51,140,60,111.6006,,,,,,,,
6.7,992,1080.195,140,60,111.8401,,,,,,,,
6.7,994,1072.816,140,60,112.0803,,,,,,,,
6.7,996,1065.37,140,60,112.3211,,,,,,,,
6.7,998,1057.857,140,60,112.5625,,,,,,,,
6.7,1000,1050.275,140,60,112.8046,,,,,,,,
6.7,1002,1042.623,140,60,113.0474,,,,,,,,
6.7,1004,1034.898,140,60,113.2907,,,,,,,,
6.7,1006,1027.1,140,60,113.5348,,,,,,,,
6.7,1008,1019.226,140,60,113.7795,,,,,,,,
6.7,1010,1011.275,140,60,114.0249,,,,,,,,
6.7,1012,1003.246,140,60,114.2709,,,,,,,,
6.7,1014,995.135,140,60,114.5176,,,,,,,,
6.7,1016,986.942,140,60,114.765,,,,,,,,
6.7,1018,978.663,140,60,115.013,,,,,,,,
6.7,1020,970.298,140,60,115.2618,,,,,,,,
6.7,1022,961.843,140,60,115.5112,,,,,,,,
6.7,1024,953.296,140,60,115.7613,,,,,,,,
6.7,1026,944.656,140,60,116.0122,,,,,,,,
6.7,1028,935.918,140,60,116.2637,,,,,,,,
6.7,1030,927.08,140,60,116.516,,,,,,,,
6.7,1032,918.141,140,60,116.769,,,,,,,,
6.7,1034,909.095,140,60,117.0227,,,,,,,,
6.7,1036,899.941,140,60,117.2771,,,,,,,,
6.7,1038,890.675,140,60,117.5323,,,,,,,,
6.7,1040,881.293,140,60,117.7882,,,,,,,,
6.7,1042,871.792,140,60,118.0449,,,,,,,,
6.7,1044,862.168,140,60,118.3024,,,,,,,,
6.7,1046,852.417,140,60,118.5606,,,,,,,,
6.7,1048,842.533,140,60,118.8196,,,,,,,,
6.7,1050,832.513,140,60,119.0794,,,,,,,,
6.7,1052,822.352,140,60,119.3401,,,,,,,,
6.7,1054,812.043,140,60,119.6015,,,,,,,,
6.7,1056,801.582,140,60,119.8638,,,,,,,,
6.7,1058,790.963,140,60,120.1269,,,,,,,,
6.7,1060,780.178,140,60,120.3909,,,,,,,,
6.7,1062,769.222,140,60,120.6557,,,,,,,,
6.7,1064,758.086,140,60,120.9215,,,,,,,,
6.7,1066,746.762,140,60,121.1882,,,,,,,,
6.7,1068,735.243,140,60,121.4558,,,,,,,,
6.7,1070,723.518,140,60,121.7243,,,,,,,,
6.7,1072,711.577,140,60,121.9938,,,,,,,,
6.7,1074,699.41,140,60,122.2643,,,,,,,,
6.7,1076,687.004,140,60,122.5359,,,,,,,,
6.7,1078,674.346,140,60,122.8085,,,,,,,,
6.7,1080,661.421,140,60,123.0821,,,,,,,,
6.7,1082,648.215,140,60,123.3569,,,,,,,,
6.7,1084,634.708,140,60,123.6329,,,,,,,,
6.7,1086,620.882,140,60,123.91,,,,,,,,
6.7,1088,606.714,140,60,124.1885,,,,,,,,
6.7,1090,592.181,140,60,124.4682,,,,,,,,
6.7,1092,577.254,140,60,124.7492,,,,,,,,
6.7,1094,561.902,140,60,125.0317,,,,,,,,
6.7,1096,546.09,140,60,125.3158,,,,,,,,
6.7,1098,529.776,140,60,125.6014,,,,,,,,
6.7,1100,512.911,140,60,125.8887,,,,,,,,
6.7,1102,495.441,140,60,126.1778,,,,,,,,
6.7,1104,477.299,140,60,126.469,,,,,,,,
6.7,1106,458.404,140,60,126.7622,,,,,,,,
6.7,1108,438.659,140,60,127.0578,,,,,,,,
6.7,1110,417.945,140,60,127.3561,,,,,,,,
6.7,1112,396.109,140,60,127.6573,,,,,,,,
6.7,1114,372.953,140,60,127.9618,,,,,,,,
6.7,1116,348.216,140,60,128.2703,,,,,,,,
6.7,1118,321.531,140,60,128.5835,,,,,,,,
6.7,1120,292.366,140,60,128.9026,,,,,,,,
6.7,1122,259.889,140,60,129.2294,,,,,,,,
6.7,1124,222.652,140,60,129.5669,,,,,,,,
6.7,1126,177.691,140,60,129.9215,,,,,,,,
6.7,1128,116.371,140,60,130.3118,,,,,,,,
7.2,516,1789.789,125,60,75.9327,,,,,,,,
7.2,518,1787.477,125,60,76.0563,,,,,,,,
7.2,520,1785.153,125,60,76.1804,,,,,,,,
7.2,522,1782.816,130,60,76.217,,,,,,,,
7.2,524,1780.468,130,60,76.3419,,,,,,,,
7.2,526,1778.107,130,60,76.4675,,,,,,,,
7.2,528,1775.735,130,60,76.5935,,,,,,,,
7.2,530,1773.35,130,60,76.7201,,,,,,,,
7.2,532,1770.953,130,60,76.8473,,,,,,,,
7.2,534,1768.543,130,60,76.975,,,,,,,,
7.2,536,1766.122,130,60,77.1032,,,,,,,,
7.2,538,1763.688,130,60,77.232,,,,,,,,
7.2,540,1761.241,130,60,77.3613,,,,,,,,
7.2,542,1758.782,135,60,77.4015,,,,,,,,
7.2,544,1756.31,130,60,77.6216,,,,,,,,
7.2,546,1753.826,135,60,77.6625,,,,,,,,
7.2,548,1751.329,135,60,77.7938,,,,,,,,
7.2,550,1748.82,135,60,77.9257,,,,,,,,
7.2,552,1746.297,135,60,78.0581,,,,,,,,
7.2,554,1743.762,135,60,78.1911,,,,,,,,
7.2,556,1741.214,135,60,78.3246,,,,,,,,
7.2,558,1738.653,135,60,78.4587,,,,,,,,
7.2,560,1736.079,135,60,78.5933,,,,,,,,
7.2,562,1733.492,140,60,78.6373,,,,,,,,
7.2,564,1730.892,140,60,78.7728,,,,,,,,
7.2,566,1728.278,140,60,78.9089,,,,,,,,
7.2,568,1725.652,140,60,79.0456,,,,,,,,
7.2,570,1723.012,140,60,79.1828,,,,,,,,
7.2,572,1720.359,140,60,79.3206,,,,,,,,
7.2,574,1717.692,140,60,79.4589,,,,,,,,
7.2,576,1715.012,140,60,79.5978,,,,,,,,
7.2,578,1712.318,140,60,79.7372,,,,,,,,
7.2,580,1709.611,140,60,79.8771,,,,,,,,
7.2,582,1706.89,140,60,80.0177,,,,,,,,
7.2,584,1704.156,140,60,80.1587,,,,,,,,
7.2,586,1701.407,140,60,80.3003,,,,,,,,
7.2,588,1698.645,140,60,80.4425,,,,,,,,
7.2,590,1695.869,140,60,80.5852,,,,,,,,
7.2,592,1693.078,140,60,80.7285,,,,,,,,
7.2,594,1690.274,140,60,80.8723,,,,,,,,
7.2,596,1687.455,140,60,81.0167,,,,,,,,
7.2,598,1684.623,140,60,81.1616,,,,,,,,
7.2,600,1681.776,140,60,81.3071,,,,,,,,
7.2,602,1678.915,140,60,81.4531,,,,,,,,
7.2,604,1676.039,140,60,81.5997,,,,,,,,
7.2,606,1673.149,140,60,81.7469,,,,,,,,
7.2,608,1670.244,140,60,81.8946,,,,,,,,
7.2,610,1667.324,140,60,82.0428,,,,,,,,
7.2,612,1664.39,140,60,82.1916,,,,,,,,
7.2,614,1661.441,140,60,82.341,,,,,,,,
7.2,616,1658.477,140,60,82.4909,,,,,,,,
7.2,618,1655.498,140,60,82.6414,,,,,,,,
7.2,620,1652.504,140,60,82.7924,,,,,,,,
7.2,622,1649.495,140,60,82.9439,,,,,,,,
7.2,624,1646.471,140,60,83.0961,,,,,,,,
7.2,626,1643.431,140,60,83.2488,,,,,,,,
7.2,628,1640.376,140,60,83.402,,,,,,,,
7.2,630,1637.306,140,60,83.5558,,,,,,,,
7.2,632,1634.22,140,60,83.7102,,,,,,,,
7.2,634,1631.118,140,60,83.8651,,,,,,,,
7.2,636,1628.001,140,60,84.0205,,,,,,,,
7.2,638,1624.867,140,60,84.1766,,,,,,,,
7.2,640,1621.718,140,60,84.3331,,,,,,,,
7.2,642,1618.553,140,60,84.4903,,,,,,,,
7.2,644,1615.372,140,60,84.648,,,,,,,,
7.2,646,1612.174,140,60,84.8062,,,,,,,,
7.2,648,1608.961,140,60,84.9651,,,,,,,,
7.2,650,1605.73,140,60,85.1244,,,,,,,,
7.2,652,1602.484,140,60,85.2844,,,,,,,,
7.2,654,1599.22,140,60,85.4448,,,,,,,,
7.2,656,1595.94,140,60,85.6059,,,,,,,,
7.2,658,1592.644,140,60,85.7675,,,,,,,,
7.2,660,1589.33,140,60,85.9297,,,,,,,,
7.2,662,1585.999,140,60,86.0924,,,,,,,,
7.2,664,1582.652,140,60,86.2557,,,,,,,,
7.2,666,1579.287,140,60,86.4196,,,,,,,,
7.2,668,1575.904,140,60,86.584,,,,,,,,
7.2,670,1572.504,140,60,86.749,,,,,,,,
7.2,672,1569.087,140,60,86.9145,,,,,,,,
7.2,674,1565.652,140,60,87.0806,,,,,,,,
7.2,676,1562.199,140,60,87.2473,,,,,,,,
7.2,678,1558.728,140,60,87.4145,,,,,,,,
7.2,680,1555.24,140,60,87.5823,,,,,,,,
7.2,682,1551.733,140,60,87.7506,,,,,,,,
7.2,684,1548.207,140,60,87.9195,,,,,,,,
7.2,686,1544.664,140,60,88.089,,,,,,,,
7.2,688,1541.102,140,60,88.2591,,,,,,,,
7.2,690,1537.521,140,60,88.4297,,,,,,,,
7.2,692,1533.921,140,60,88.6009,,,,,,,,
7.2,694,1530.303,140,60,88.7726,,,,,,,,
7.2,696,1526.665,140,60,88.9449,,,,,,,,
7.2,698,1523.008,140,60,89.1178,,,,,,,,
7.2,700,1519.332,140,60,89.2912,,,,,,,,
7.2,702,1515.636,140,60,89.4653,,,,,,,,
7.2,704,1511.921,140,60,89.6398,,,,,,,,
7.2,706,1508.186,140,60,89.815,,,,,,,,
7.2,708,1504.431,140,60,89.9907,,,,,,,,
7.2,710,1500.657,140,60,90.167,,,,,,,,
7.2,712,1496.861,140,60,90.3438,,,,,,,,
7.2,714,1493.046,140,60,90.5213,,,,,,,,
7.2,716,1489.21,140,60,90.6993,,,,,,,,
7.2,718,1485.353,140,60,90.8778,,,,,,,,
7.2,720,1481.476,140,60,91.057,,,,,,,,
7.2,722,1477.577,140,60,91.2367,,,,,,,,
7.2,724,1473.657,140,60,91.417,,,,,,,,
7.2,726,1469.716,140,60,91.5978,,,,,,,,
7.2,728,1465.754,140,60,91.7792,,,,,,,,
7.2,730,1461.769,140,60,91.9612,,,,,,,,
7.2,732,1457.763,140,60,92.1438,,,,,,,,
7.2,734,1453.735,140,60,92.327,,,,,,,,
7.2,736,1449.685,140,60,92.5107,,,,,,,,
7.2,738,1445.612,140,60,92.695,,,,,,,,
7.2,740,1441.517,140,60,92.8799,,,,,,,,
7.2,742,1437.398,140,60,93.0653,,,,,,,,
7.2,744,1433.257,140,60,93.2513,,,,,,,,
7.2,746,1429.093,140,60,93.4379,,,,,,,,
7.2,748,1424.905,140,60,93.6251,,,,,,,,
7.2,750,1420.693,140,60,93.8129,,,,,,,,
7.2,752,1416.458,140,60,94.0012,,,,,,,,
7.2,754,1412.199,140,60,94.1902,,,,,,,,
7.2,756,1407.915,140,60,94.3797,,,,,,,,
7.2,758,1403.607,140,60,94.5697,,,,,,,,
7.2,760,1399.275,140,60,94.7604,,,,,,,,
7.2,762,1394.917,140,60,94.9517,,,,,,,,
7.2,764,1390.534,140,60,95.1435,,,,,,,,
7.2,766,1386.126,140,60,95.3359,,,,,,,,
7.2,768,1381.692,140,60,95.5289,,,,,,,,
7.2,770,1377.233,140,60,95.7225,,,,,,,,
7.2,772,1372.747,140,60,95.9167,,,,,,,,
7.2,774,1368.235,140,60,96.1114,,,,,,,,
7.2,776,1363.696,140,60,96.3068,,,,,,,,
7.2,778,1359.13,140,60,96.5027,,,,,,,,
7.2,780,1354.537,140,60,96.6992,,,,,,,,
7.2,782,1349.916,140,60,96.8963,,,,,,,,
7.2,784,1345.268,140,60,97.094,,,,,,,,
7.2,786,1340.592,140,60,97.2923,,,,,,,,
7.2,788,1335.887,140,60,97.4912,,,,,,,,
7.2,790,1331.154,140,60,97.6907,,,,,,,,
7.2,792,1326.391,140,60,97.8907,,,,,,,,
7.2,794,1321.6,140,60,98.0914,,,,,,,,
7.2,796,1316.779,140,60,98.2926,,,,,,,,
7.2,798,1311.928,140,60,98.4945,,,,,,,,
7.2,800,1307.046,140,60,98.6969,,,,,,,,
7.2,802,1302.134,140,60,98.9,,,,,,,,
7.2,804,1297.192,140,60,99.1036,,,,,,,,
7.2,806,1292.217,140,60,99.3079,,,,,,,,
7.2,808,1287.212,140,60,99.5127,,,,,,,,
7.2,810,1282.174,140,60,99.7182,,,,,,,,
7.2,812,1277.104,140,60,99.9242,,,,,,,,
7.2,814,1272.001,140,60,100.1309,,,,,,,,
7.2,816,1266.865,140,60,100.3381,,,,,,,,
7.2,818,1261.695,140,60,100.546,,,,,,,,
7.2,820,1256.491,140,60,100.7544,,,,,,,,
7.2,822,1251.253,140,60,100.9635,,,,,,,,
7.2,824,1245.98,140,60,101.1732,,,,,,,,
7.2,826,1240.672,140,60,101.3835,,,,,,,,
7.2,828,1235.327,140,60,101.5944,,,,,,,,
7.2,830,1229.947,140,60,101.8059,,,,,,,,
7.2,832,1224.53,140,60,102.018,,,,,,,,
7.2,834,1219.076,140,60,102.2308,,,,,,,,
7.2,836,1213.584,140,60,102.4441,,,,,,,,
7.2,838,1208.054,140,60,102.6581,,,,,,,,
7.2,840,1202.485,140,60,102.8727,,,,,,,,
7.2,842,1196.877,140,60,103.0879,,,,,,,,
7.2,844,1191.229,140,60,103.3037,,,,,,,,
7.2,846,1185.54,140,60,103.5202,,,,,,,,
7.2,848,1179.811,140,60,103.7373,,,,,,,,
7.2,850,1174.04,140,60,103.955,,,,,,,,
7.2,852,1168.227,140,60,104.1733,,,,,,,,
7.2,854,1162.371,140,60,104.3923,,,,,,,,
7.2,856,1156.471,140,60,104.6119,,,,,,,,
7.2,858,1150.528,140,60,104.8321,,,,,,,,
7.2,860,1144.539,140,60,105.053,,,,,,,,
7.2,862,1138.505,140,60,105.2745,,,,,,,,
7.2,864,1132.425,140,60,105.4966,,,,,,,,
7.2,866,1126.297,140,60,105.7194,,,,,,,,
7.2,868,1120.122,140,60,105.9428,,,,,,,,
7.2,870,1113.899,140,60,106.1669,,,,,,,,
7.2,872,1107.625,140,60,106.3916,,,,,,,,
7.2,874,1101.302,140,60,106.6169,,,,,,,,
7.2,876,1094.927,140,60,106.843,,,,,,,,
7.2,878,1088.501,140,60,107.0696,,,,,,,,
7.2,880,1082.021,140,60,107.2969,,,,,,,,
7.2,882,1075.488,140,60,107.5249,,,,,,,,
7.2,884,1068.899,140,60,107.7535,,,,,,,,
7.2,886,1062.255,140,60,107.9828,,,,,,,,
7.2,888,1055.554,140,60,108.2128,,,,,,,,
7.2,890,1048.795,140,60,108.4434,,,,,,,,
7.2,892,1041.976,140,60,108.6747,,,,,,,,
7.2,894,1035.097,140,60,108.9067,,,,,,,,
7.2,896,1028.157,140,60,109.1393,,,,,,,,
7.2,898,1021.153,140,60,109.3727,,,,,,,,
7.2,900,1014.086,140,60,109.6067,,,,,,,,
7.2,902,1006.953,140,60,109.8414,,,,,,,,
7.2,904,999.753,140,60,110.0767,,,,,,,,
7.2,906,992.485,140,60,110.3128,,,,,,,,
7.2,908,985.147,140,60,110.5496,,,,,,,,
7.2,910,977.737,140,60,110.7871,,,,,,,,
7.2,912,970.255,140,60,111.0253,,,,,,,,
7.2,914,962.697,140,60,111.2642,,,,,,,,
7.2,916,955.063,140,60,111.5038,,,,,,,,
7.2,918,947.351,140,60,111.7441,,,,,,,,
7.2,920,939.558,140,60,111.9851,,,,,,,,
7.2,922,931.683,140,60,112.2269,,,,,,,,
7.2,924,923.724,140,60,112.4694,,,,,,,,
7.2,926,915.678,140,60,112.7127,,,,,,,,
7.2,928,907.543,140,60,112.9566,,,,,,,,
7.2,930,899.316,140,60,113.2014,,,,,,,,
7.2,932,890.996,140,60,113.4469,,,,,,,,
7.2,934,882.579,140,60,113.6931,,,,,,,,
7.2,936,874.063,140,60,113.9402,,,,,,,,
7.2,938,865.444,140,60,114.188,,,,,,,,
7.2,940,856.72,140,60,114.4366,,,,,,,,
7.2,942,847.888,140,60,114.686,,,,,,,,
7.2,944,838.943,140,60,114.9361,,,,,,,,
7.2,946,829.883,140,60,115.1871,,,,,,,,
7.2,948,820.703,140,60,115.4389,,,,,,,,
7.2,950,811.4,140,60,115.6916,,,,,,,,
7.2,952,801.969,140,60,115.9451,,,,,,,,
7.2,954,792.405,140,60,116.1994,,,,,,,,
7.2,956,782.704,140,60,116.4546,,,,,,,,
7.2,958,772.861,140,60,116.7106,,,,,,,,
7.2,960,762.87,140,60,116.9676,,,,,,,,
7.2,962,752.724,140,60,117.2254,,,,,,,,
7.2,964,742.419,140,60,117.4842,,,,,,,,
7.2,966,731.947,140,60,117.7439,,,,,,,,
7.2,968,721.3,140,60,118.0046,,,,,,,,
7.2,970,710.472,140,60,118.2662,,,,,,,,
7.2,972,699.453,140,60,118.5288,,,,,,,,
7.2,974,688.234,140,60,118.7924,,,,,,,,
7.2,976,676.806,140,60,119.0571,,,,,,,,
7.2,978,665.157,140,60,119.3228,,,,,,,,
7.2,980,653.276,140,60,119.5896,,,,,,,,
7.2,982,641.151,140,60,119.8575,,,,,,,,
7.2,984,628.765,140,60,120.1266,,,,,,,,
7.2,986,616.105,140,60,120.3969,,,,,,,,
7.2,988,603.153,140,60,120.6684,,,,,,,,
7.2,990,589.89,140,60,120.9412,,,,,,,,
7.2,992,576.293,140,60,121.2153,,,,,,,,
7.2,994,562.34,140,60,121.4908,,,,,,,,
7.2,996,548.002,140,60,121.7677,,,,,,,,
7.2,998,533.249,140,60,122.0462,,,,,,,,
7.2,1000,518.044,140,60,122.3262,,,,,,,,
7.2,1002,502.348,140,60,122.608,,,,,,,,
7.2,1004,486.113,140,60,122.8916,,,,,,,,
7.2,1006,469.282,140,60,123.1771,,,,,,,,
7.2,1008,451.79,140,60,123.4647,,,,,,,,
7.2,1010,433.555,140,60,123.7546,,,,,,,,
7.2,1012,414.48,140,60,124.047,,,,,,,,
7.2,1014,394.444,140,60,124.3422,,,,,,,,
7.2,1016,373.291,140,60,124.6406,,,,,,,,
7.2,1018,350.819,140,60,124.9426,,,,,,,,
7.2,1020,326.757,140,60,125.2489,,,,,,,,
7.2,1022,300.722,140,60,125.5603,,,,,,,,
7.2,1024,272.151,140,60,125.8782,,,,,,,,
7.2,1026,240.137,140,60,126.2046,,,,,,,,
7.2,1028,203.062,140,60,126.5433,,,,,,,,
7.2,1030,157.385,140,60,126.9024,,,,,,,,
7.2,1032,90.961,140,60,127.3099,,,,,,,,
7.7,471,1633.928,125,58,78.4216,,,,,,,,
7.7,473,1631.615,130,60,78.5298,,,,,,,,
7.7,475,1629.289,130,60,78.6504,,,,,,,,
7.7,477,1626.95,130,60,78.7716,,,,,,,,
7.7,479,1624.598,130,60,78.8934,,,,,,,,
7.7,481,1622.233,135,60,78.9295,,,,,,,,
7.7,483,1619.854,135,60,79.0523,,,,,,,,
7.7,485,1617.462,135,60,79.1756,,,,,,,,
7.7,487,1615.056,135,60,79.2995,,,,,,,,
7.7,489,1612.637,135,60,79.424,,,,,,,,
7.7,491,1610.205,135,60,79.5491,,,,,,,,
7.7,493,1607.759,135,60,79.6748,,,,,,,,
7.7,495,1605.299,135,60,79.8011,,,,,,,,
7.7,497,1602.825,135,60,79.928,,,,,,,,
7.7,499,1600.337,135,60,80.0554,,,,,,,,
7.7,501,1597.836,140,60,80.0955,,,,,,,,
7.7,503,1595.32,140,60,80.2239,,,,,,,,
7.7,505,1592.791,140,60,80.353,,,,,,,,
7.7,507,1590.248,140,60,80.4826,,,,,,,,
7.7,509,1587.69,140,60,80.6129,,,,,,,,
7.7,511,1585.118,140,60,80.7437,,,,,,,,
7.7,513,1582.532,140,60,80.8751,,,,,,,,
7.7,515,1579.931,140,60,81.0072,,,,,,,,
7.7,517,1577.317,140,60,81.1398,,,,,,,,
7.7,519,1574.687,140,60,81.273,,,,,,,,
7.7,521,1572.043,140,60,81.4068,,,,,,,,
7.7,523,1569.384,140,60,81.5412,,,,,,,,
7.7,525,1566.711,140,60,81.6762,,,,,,,,
7.7,527,1564.023,140,60,81.8118,,,,,,,,
7.7,529,1561.32,140,60,81.948,,,,,,,,
7.7,531,1558.602,140,60,82.0848,,,,,,,,
7.7,533,1555.869,140,60,82.2221,,,,,,,,
7.7,535,1553.121,140,60,82.3601,,,,,,,,
7.7,537,1550.357,140,60,82.4987,,,,,,,,
7.7,539,1547.579,140,60,82.6378,,,,,,,,
7.7,541,1544.785,140,60,82.7776,,,,,,,,
7.7,543,1541.975,140,60,82.9179,,,,,,,,
7.7,545,1539.15,140,60,83.0589,,,,,,,,
7.7,547,1536.31,140,60,83.2005,,,,,,,,
7.7,549,1533.453,140,60,83.3426,,,,,,,,
7.7,551,1530.581,140,60,83.4853,,,,,,,,
7.7,553,1527.694,140,60,83.6287,,,,,,,,
7.7,555,1524.79,140,60,83.7726,,,,,,,,
7.7,557,1521.87,140,60,83.9172,,,,,,,,
7.7,559,1518.934,140,60,84.0623,,,,,,,,
7.7,561,1515.981,140,60,84.2081,,,,,,,,
7.7,563,1513.013,140,60,84.3544,,,,,,,,
7.7,565,1510.028,140,60,84.5013,,,,,,,,
7.7,567,1507.026,140,60,84.6489,,,,,,,,
7.7,569,1504.008,140,60,84.797,,,,,,,,
7.7,571,1500.973,140,60,84.9457,,,,,,,,
7.7,573,1497.921,140,60,85.0951,,,,,,,,
7.7,575,1494.852,140,60,85.245,,,,,,,,
7.7,577,1491.767,140,60,85.3956,,,,,,,,
7.7,579,1488.664,140,60,85.5467,,,,,,,,
7.7,581,1485.543,140,60,85.6985,,,,,,,,
7.7,583,1482.406,140,60,85.8508,,,,,,,,
7.7,585,1479.251,140,60,86.0038,,,,,,,,
7.7,587,1476.078,140,60,86.1573,,,,,,,,
7.7,589,1472.888,140,60,86.3115,,,,,,,,
7.7,591,1469.68,140,60,86.4663,,,,,,,,
7.7,593,1466.454,140,60,86.6216,,,,,,,,
7.7,595,1463.21,140,60,86.7776,,,,,,,,
7.7,597,1459.948,140,60,86.9342,,,,,,,,
7.7,599,1456.667,140,60,87.0914,,,,,,,,
7.7,601,1453.368,140,60,87.2492,,,,,,,,
7.7,603,1450.051,140,60,87.4076,,,,,,,,
7.7,605,1446.715,140,60,87.5666,,,,,,,,
7.7,607,1443.36,140,60,87.7262,,,,,,,,
7.7,609,1439.986,140,60,87.8864,,,,,,,,
7.7,611,1436.593,140,60,88.0472,,,,,,,,
7.7,613,1433.181,140,60,88.2087,,,,,,,,
7.7,615,1429.749,140,60,88.3707,,,,,,,,
7.7,617,1426.299,140,60,88.5334,,,,,,,,
7.7,619,1422.828,140,60,88.6966,,,,,,,,
7.7,621,1419.338,140,60,88.8605,,,,,,,,
7.7,623,1415.827,140,60,89.025,,,,,,,,
7.7,625,1412.297,140,60,89.1901,,,,,,,,
7.7,627,1408.747,140,60,89.3558,,,,,,,,
7.7,629,1405.176,140,60,89.5221,,,,,,,,
7.7,631,1401.585,140,60,89.689,,,,,,,,
7.7,633,1397.973,140,60,89.8566,,,,,,,,
7.7,635,1394.34,140,60,90.0247,,,,,,,,
7.7,637,1390.686,140,60,90.1935,,,,,,,,
7.7,639,1387.011,140,60,90.3629,,,,,,,,
7.7,641,1383.315,140,60,90.5329,,,,,,,,
7.7,643,1379.597,140,60,90.7035,,,,,,,,
7.7,645,1375.857,140,60,90.8747,,,,,,,,
7.7,647,1372.096,140,60,91.0466,,,,,,,,
7.7,649,1368.313,140,60,91.2191,,,,,,,,
7.7,651,1364.507,140,60,91.3921,,,,,,,,
7.7,653,1360.679,140,60,91.5658,,,,,,,,
7.7,655,1356.828,140,60,91.7402,,,,,,,,
7.7,657,1352.955,140,60,91.9151,,,,,,,,
7.7,659,1349.059,140,60,92.0906,,,,,,,,
7.7,661,1345.139,140,60,92.2668,,,,,,,,
7.7,663,1341.196,140,60,92.4436,,,,,,,,
7.7,665,1337.23,140,60,92.621,,,,,,,,
7.7,667,1333.239,140,60,92.7991,,,,,,,,
7.7,669,1329.225,140,60,92.9777,,,,,,,,
7.7,671,1325.187,140,60,93.157,,,,,,,,
7.7,673,1321.124,140,60,93.3369,,,,,,,,
7.7,675,1317.036,140,60,93.5175,,,,,,,,
7.7,677,1312.923,140,60,93.6986,,,,,,,,
7.7,679,1308.785,140,60,93.8804,,,,,,,,
7.7,681,1304.622,140,60,94.0628,,,,,,,,
7.7,683,1300.434,140,60,94.2459,,,,,,,,
7.7,685,1296.219,140,60,94.4295,,,,,,,,
7.7,687,1291.978,140,60,94.6138,,,,,,,,
7.7,689,1287.711,140,60,94.7988,,,,,,,,
7.7,691,1283.417,140,60,94.9843,,,,,,,,
7.7,693,1279.096,140,60,95.1705,,,,,,,,
7.7,695,1274.748,140,60,95.3573,,,,,,,,
7.7,697,1270.373,140,60,95.5448,,,,,,,,
7.7,699,1265.97,140,60,95.7329,,,,,,,,
7.7,701,1261.539,140,60,95.9216,,,,,,,,
7.7,703,1257.079,140,60,96.1109,,,,,,,,
7.7,705,1252.591,140,60,96.3009,,,,,,,,
7.7,707,1248.073,140,60,96.4916,,,,,,,,
7.7,709,1243.527,140,60,96.6828,,,,,,,,
7.7,711,1238.951,140,60,96.8747,,,,,,,,
7.7,713,1234.345,140,60,97.0673,,,,,,,,
7.7,715,1229.709,140,60,97.2605,,,,,,,,
7.7,717,1225.042,140,60,97.4543,,,,,,,,
7.7,719,1220.344,140,60,97.6487,,,,,,,,
7.7,721,1215.615,140,60,97.8439,,,,,,,,
7.7,723,1210.854,140,60,98.0396,,,,,,,,
7.7,725,1206.061,140,60,98.236,,,,,,,,
7.7,727,1201.236,140,60,98.4331,,,,,,,,
7.7,729,1196.378,140,60,98.6308,,,,,,,,
7.7,731,1191.486,140,60,98.8291,,,,,,,,
7.7,733,1186.561,140,60,99.0281,,,,,,,,
7.7,735,1181.602,140,60,99.2278,,,,,,,,
7.7,737,1176.608,140,60,99.4281,,,,,,,,
7.7,739,1171.58,140,60,99.629,,,,,,,,
7.7,741,1166.516,140,60,99.8306,,,,,,,,
7.7,743,1161.416,140,60,100.0329,,,,,,,,
7.7,745,1156.28,140,60,100.2358,,,,,,,,
7.7,747,1151.107,140,60,100.4394,,,,,,,,
7.7,749,1145.897,140,60,100.6436,,,,,,,,
7.7,751,1140.649,140,60,100.8486,,,,,,,,
7.7,753,1135.362,140,60,101.0541,,,,,,,,
7.7,755,1130.037,140,60,101.2604,,,,,,,,
7.7,757,1124.672,140,60,101.4673,,,,,,,,
7.7,759,1119.267,140,60,101.6748,,,,,,,,
7.7,761,1113.822,140,60,101.8831,,,,,,,,
7.7,763,1108.335,140,60,102.092,,,,,,,,
7.7,765,1102.807,140,60,102.3016,,,,,,,,
7.7,767,1097.236,140,60,102.5118,,,,,,,,
7.7,769,1091.622,140,60,102.7227,,,,,,,,
7.7,771,1085.965,140,60,102.9344,,,,,,,,
7.7,773,1080.263,140,60,103.1466,,,,,,,,
7.7,775,1074.515,140,60,103.3596,,,,,,,,
7.7,777,1068.722,140,60,103.5733,,,,,,,,
7.7,779,1062.883,140,60,103.7876,,,,,,,,
7.7,781,1056.995,140,60,104.0026,,,,,,,,
7.7,783,1051.06,140,60,104.2184,,,,,,,,
7.7,785,1045.076,140,60,104.4348,,,,,,,,
7.7,787,1039.042,140,60,104.6519,,,,,,,,
7.7,789,1032.957,140,60,104.8697,,,,,,,,
7.7,791,1026.82,140,60,105.0882,,,,,,,,
7.7,793,1020.631,140,60,105.3074,,,,,,,,
7.7,795,1014.388,140,60,105.5273,,,,,,,,
7.7,797,1008.091,140,60,105.748,,,,,,,,
7.7,799,1001.738,140,60,105.9693,,,,,,,,
7.7,801,995.329,140,60,106.1913,,,,,,,,
7.7,803,988.862,140,60,106.4141,,,,,,,,
7.7,805,982.336,140,60,106.6376,,,,,,,,
7.7,807,975.75,140,60,106.8618,,,,,,,,
7.7,809,969.102,140,60,107.0867,,,,,,,,
7.7,811,962.393,140,60,107.3124,,,,,,,,
7.7,813,955.619,140,60,107.5388,,,,,,,,
7.7,815,948.78,140,60,107.7659,,,,,,,,
7.7,817,941.874,140,60,107.9938,,,,,,,,
7.7,819,934.901,140,60,108.2224,,,,,,,,
7.7,821,927.857,140,60,108.4517,,,,,,,,
7.7,823,920.743,140,60,108.6818,,,,,,,,
7.7,825,913.555,140,60,108.9127,,,,,,,,
7.7,827,906.293,140,60,109.1443,,,,,,,,
7.7,829,898.955,140,60,109.3767,,,,,,,,
7.7,831,891.538,140,60,109.6099,,,,,,,,
7.7,833,884.04,140,60,109.8439,,,,,,,,
7.7,835,876.461,140,60,110.0786,,,,,,,,
7.7,837,868.797,140,60,110.3141,,,,,,,,
7.7,839,861.046,140,60,110.5504,,,,,,,,
7.7,841,853.205,140,60,110.7875,,,,,,,,
7.7,843,845.274,140,60,111.0254,,,,,,,,
7.7,845,837.248,140,60,111.2642,,,,,,,,
7.7,847,829.125,140,60,111.5037,,,,,,,,
7.7,849,820.902,140,60,111.7441,,,,,,,,
7.7,851,812.576,140,60,111.9853,,,,,,,,
7.7,853,804.144,140,60,112.2274,,,,,,,,
7.7,855,795.603,140,60,112.4703,,,,,,,,
7.7,857,786.948,140,60,112.714,,,,,,,,
7.7,859,778.177,140,60,112.9587,,,,,,,,
7.7,861,769.285,140,60,113.2042,,,,,,,,
7.7,863,760.268,140,60,113.4506,,,,,,,,
7.7,865,751.121,140,60,113.698,,,,,,,,
7.7,867,741.841,140,60,113.9462,,,,,,,,
7.7,869,732.42,140,60,114.1954,,,,,,,,
7.7,871,722.855,140,60,114.4455,,,,,,,,
7.7,873,713.139,140,60,114.6966,,,,,,,,
7.7,875,703.266,140,60,114.9486,,,,,,,,
7.7,877,693.23,140,60,115.2017,,,,,,,,
7.7,879,683.022,140,60,115.4558,,,,,,,,
7.7,881,672.636,140,60,115.7109,,,,,,,,
7.7,883,662.063,140,60,115.967,,,,,,,,
7.7,885,651.294,140,60,116.2242,,,,,,,,
7.7,887,640.318,140,60,116.4826,,,,,,,,
7.7,889,629.126,140,60,116.742,,,,,,,,
7.7,891,617.705,140,60,117.0026,,,,,,,,
7.7,893,606.042,140,60,117.2644,,,,,,,,
7.7,895,594.124,140,60,117.5275,,,,,,,,
7.7,897,581.934,140,60,117.7918,,,,,,,,
7.7,899,569.455,140,60,118.0574,,,,,,,,
7.7,901,556.668,140,60,118.3244,,,,,,,,
7.7,903,543.551,140,60,118.5928,,,,,,,,
7.7,905,530.079,140,60,118.8627,,,,,,,,
7.7,907,516.224,140,60,119.1341,,,,,,,,
7.7,909,501.956,140,60,119.4071,,,,,,,,
7.7,911,487.237,140,60,119.6819,,,,,,,,
7.7,913,472.025,140,60,119.9585,,,,,,,,
7.7,915,456.271,140,60,120.2371,,,,,,,,
7.7,917,439.918,140,60,120.5177,,,,,,,,
7.7,919,422.894,140,60,120.8007,,,,,,,,
7.7,921,405.117,140,60,121.0861,,,,,,,,
7.7,923,386.481,140,60,121.3742,,,,,,,,
7.7,925,366.856,140,60,121.6654,,,,,,,,
7.7,927,346.074,140,60,121.9601,,,,,,,,
7.7,929,323.913,140,60,122.2589,,,,,,,,
7.7,931,300.066,140,60,122.5624,,,,,,,,
7.7,933,274.094,140,60,122.8718,,,,,,,,
7.7,935,245.323,140,60,123.1888,,,,,,,,
7.7,937,212.62,140,60,123.5162,,,,,,,,
7.7,939,173.78,140,60,123.8593,,,,,,,,
7.7,941,123.124,140,60,124.2323,,,,,,,,
8.2,429,1487.528,135,60,80.991,,,,,,,,
8.2,431,1485.214,135,60,81.1067,,,,,,,,
8.2,433,1482.885,135,60,81.2231,,,,,,,,
8.2,435,1480.542,135,60,81.3401,,,,,,,,
8.2,437,1478.184,135,60,81.4578,,,,,,,,
8.2,439,1475.811,135,60,81.5761,,,,,,,,
8.2,441,1473.424,135,60,81.695,,,,,,,,
8.2,443,1471.023,140,60,81.7305,,,,,,,,
8.2,445,1468.606,140,60,81.8505,,,,,,,,
8.2,447,1466.174,140,60,81.9711,,,,,,,,
8.2,449,1463.728,140,60,82.0923,,,,,,,,
8.2,451,1461.266,140,60,82.2142,,,,,,,,
8.2,453,1458.79,140,60,82.3368,,,,,,,,
8.2,455,1456.298,140,60,82.4599,,,,,,,,
8.2,457,1453.791,140,60,82.5837,,,,,,,,
8.2,459,1451.268,140,60,82.7082,,,,,,,,
8.2,461,1448.73,140,60,82.8332,,,,,,,,
8.2,463,1446.177,140,60,82.959,,,,,,,,
8.2,465,1443.608,140,60,83.0853,,,,,,,,
8.2,467,1441.023,140,60,83.2123,,,,,,,,
8.2,469,1438.422,140,60,83.3399,,,,,,,,
8.2,471,1435.806,140,60,83.4682,,,,,,,,
8.2,473,1433.174,140,60,83.5971,,,,,,,,
8.2,475,1430.525,140,60,83.7267,,,,,,,,
8.2,477,1427.861,140,60,83.8569,,,,,,,,
8.2,479,1425.18,140,60,83.9877,,,,,,,,
8.2,481,1422.483,140,60,84.1192,,,,,,,,
8.2,483,1419.77,140,60,84.2513,,,,,,,,
8.2,485,1417.04,140,60,84.384,,,,,,,,
8.2,487,1414.294,140,60,84.5174,,,,,,,,
8.2,489,1411.531,140,60,84.6515,,,,,,,,
8.2,491,1408.751,140,60,84.7861,,,,,,,,
8.2,493,1405.954,140,60,84.9215,,,,,,,,
8.2,495,1403.14,140,60,85.0574,,,,,,,,
8.2,497,1400.31,140,60,85.1941,,,,,,,,
8.2,499,1397.462,140,60,85.3313,,,,,,,,
8.2,501,1394.596,140,60,85.4692,,,,,,,,
8.2,503,1391.714,140,60,85.6078,,,,,,,,
8.2,505,1388.814,140,60,85.747,,,,,,,,
8.2,507,1385.896,140,60,85.8868,,,,,,,,
8.2,509,1382.96,140,60,86.0273,,,,,,,,
8.2,511,1380.007,140,60,86.1684,,,,,,,,
8.2,513,1377.036,140,60,86.3102,,,,,,,,
8.2,515,1374.046,140,60,86.4526,,,,,,,,
8.2,517,1371.039,140,60,86.5957,,,,,,,,
8.2,519,1368.013,140,60,86.7394,,,,,,,,
8.2,521,1364.969,140,60,86.8837,,,,,,,,
8.2,523,1361.906,140,60,87.0288,,,,,,,,
8.2,525,1358.824,140,60,87.1744,,,,,,,,
8.2,527,1355.724,140,60,87.3207,,,,,,,,
8.2,529,1352.605,140,60,87.4677,,,,,,,,
8.2,531,1349.466,140,60,87.6153,,,,,,,,
8.2,533,1346.309,140,60,87.7636,,,,,,,,
8.2,535,1343.132,140,60,87.9125,,,,,,,,
8.2,537,1339.936,140,60,88.0621,,,,,,,,
8.2,539,1336.72,140,60,88.2123,,,,,,,,
8.2,541,1333.484,140,60,88.3631,,,,,,,,
8.2,543,1330.228,140,60,88.5147,,,,,,,,
8.2,545,1326.953,140,60,88.6668,,,,,,,,
8.2,547,1323.657,140,60,88.8197,,,,,,,,
8.2,549,1320.341,140,60,88.9732,,,,,,,,
8.2,551,1317.004,140,60,89.1273,,,,,,,,
8.2,553,1313.647,140,60,89.2821,,,,,,,,
8.2,555,1310.268,140,60,89.4375,,,,,,,,
8.2,557,1306.869,140,60,89.5936,,,,,,,,
8.2,559,1303.449,140,60,89.7504,,,,,,,,
8.2,561,1300.007,140,60,89.9078,,,,,,,,
8.2,563,1296.544,140,60,90.0659,,,,,,,,
8.2,565,1293.06,140,60,90.2246,,,,,,,,
8.2,567,1289.553,140,60,90.384,,,,,,,,
8.2,569,1286.025,140,60,90.5441,,,,,,,,
8.2,571,1282.474,140,60,90.7048,,,,,,,,
8.2,573,1278.901,140,60,90.8662,,,,,,,,
8.2,575,1275.305,140,60,91.0282,,,,,,,,
8.2,577,1271.687,140,60,91.1909,,,,,,,,
8.2,579,1268.045,140,60,91.3543,,,,,,,,
8.2,581,1264.381,140,60,91.5183,,,,,,,,
8.2,583,1260.693,140,60,91.683,,,,,,,,
8.2,585,1256.982,140,60,91.8484,,,,,,,,
8.2,587,1253.247,140,60,92.0144,,,,,,,,
8.2,589,1249.488,140,60,92.1811,,,,,,,,
8.2,591,1245.704,140,60,92.3484,,,,,,,,
8.2,593,1241.897,140,60,92.5165,,,,,,,,
8.2,595,1238.064,140,60,92.6852,,,,,,,,
8.2,597,1234.207,140,60,92.8545,,,,,,,,
8.2,599,1230.325,140,60,93.0245,,,,,,,,
8.2,601,1226.417,140,60,93.1952,,,,,,,,
8.2,603,1222.484,140,60,93.3666,,,,,,,,
8.2,605,1218.525,140,60,93.5386,,,,,,,,
8.2,607,1214.54,140,60,93.7114,,,,,,,,
8.2,609,1210.528,140,60,93.8847,,,,,,,,
8.2,611,1206.49,140,60,94.0588,,,,,,,,
8.2,613,1202.426,140,60,94.2335,,,,,,,,
8.2,615,1198.334,140,60,94.4089,,,,,,,,
8.2,617,1194.214,140,60,94.585,,,,,,,,
8.2,619,1190.067,140,60,94.7618,,,,,,,,
8.2,621,1185.892,140,60,94.9392,,,,,,,,
8.2,623,1181.688,140,60,95.1174,,,,,,,,
8.2,625,1177.456,140,60,95.2962,,,,,,,,
8.2,627,1173.195,140,60,95.4757,,,,,,,,
8.2,629,1168.905,140,60,95.6558,,,,,,,,
8.2,631,1164.585,140,60,95.8367,,,,,,,,
8.2,633,1160.236,140,60,96.0182,,,,,,,,
8.2,635,1155.856,140,60,96.2004,,,,,,,,
8.2,637,1151.446,140,60,96.3833,,,,,,,,
8.2,639,1147.004,140,60,96.5669,,,,,,,,
8.2,641,1142.532,140,60,96.7512,,,,,,,,
8.2,643,1138.028,140,60,96.9362,,,,,,,,
8.2,645,1133.492,140,60,97.1218,,,,,,,,
8.2,647,1128.923,140,60,97.3082,,,,,,,,
8.2,649,1124.322,140,60,97.4953,,,,,,,,
8.2,651,1119.687,140,60,97.683,,,,,,,,
8.2,653,1115.019,140,60,97.8714,,,,,,,,
8.2,655,1110.317,140,60,98.0606,,,,,,,,
8.2,657,1105.58,140,60,98.2504,,,,,,,,
8.2,659,1100.808,140,60,98.4409,,,,,,,,
8.2,661,1096.001,140,60,98.6322,,,,,,,,
8.2,663,1091.159,140,60,98.8241,,,,,,,,
8.2,665,1086.28,140,60,99.0167,,,,,,,,
8.2,667,1081.364,140,60,99.2101,,,,,,,,
8.2,669,1076.41,140,60,99.4041,,,,,,,,
8.2,671,1071.419,140,60,99.5989,,,,,,,,
8.2,673,1066.39,140,60,99.7944,,,,,,,,
8.2,675,1061.321,140,60,99.9905,,,,,,,,
8.2,677,1056.214,140,60,100.1874,,,,,,,,
8.2,679,1051.066,140,60,100.385,,,,,,,,
8.2,681,1045.877,140,60,100.5834,,,,,,,,
8.2,683,1040.647,140,60,100.7824,,,,,,,,
8.2,685,1035.376,140,60,100.9822,,,,,,,,
8.2,687,1030.062,140,60,101.1827,,,,,,,,
8.2,689,1024.704,140,60,101.3839,,,,,,,,
8.2,691,1019.303,140,60,101.5858,,,,,,,,
8.2,693,1013.858,140,60,101.7885,,,,,,,,
8.2,695,1008.367,140,60,101.9919,,,,,,,,
8.2,697,1002.83,140,60,102.196,,,,,,,,
8.2,699,997.246,140,60,102.4009,,,,,,,,
8.2,701,991.614,140,60,102.6065,,,,,,,,
8.2,703,985.935,140,60,102.8128,,,,,,,,
8.2,705,980.206,140,60,103.0199,,,,,,,,
8.2,707,974.427,140,60,103.2277,,,,,,,,
8.2,709,968.597,140,60,103.4363,,,,,,,,
8.2,711,962.714,140,60,103.6456,,,,,,,,
8.2,713,956.78,140,60,103.8557,,,,,,,,
8.2,715,950.791,140,60,104.0665,,,,,,,,
8.2,717,944.747,140,60,104.2781,,,,,,,,
8.2,719,938.648,140,60,104.4904,,,,,,,,
8.2,721,932.491,140,60,104.7035,,,,,,,,
8.2,723,926.276,140,60,104.9174,,,,,,,,
8.2,725,920.002,140,60,105.1321,,,,,,,,
8.2,727,913.667,140,60,105.3475,,,,,,,,
8.2,729,907.27,140,60,105.5637,,,,,,,,
8.2,731,900.81,140,60,105.7807,,,,,,,,
8.2,733,894.286,140,60,105.9985,,,,,,,,
8.2,735,887.695,140,60,106.217,,,,,,,,
8.2,737,881.038,140,60,106.4364,,,,,,,,
8.2,739,874.311,140,60,106.6566,,,,,,,,
8.2,741,867.513,140,60,106.8775,,,,,,,,
8.2,743,860.643,140,60,107.0993,,,,,,,,
8.2,745,853.7,140,60,107.3219,,,,,,,,
8.2,747,846.68,140,60,107.5453,,,,,,,,
8.2,749,839.583,140,60,107.7695,,,,,,,,
8.2,751,832.406,140,60,107.9946,,,,,,,,
8.2,753,825.147,140,60,108.2204,,,,,,,,
8.2,755,817.804,140,60,108.4472,,,,,,,,
8.2,757,810.375,140,60,108.6747,,,,,,,,
8.2,759,802.857,140,60,108.9032,,,,,,,,
8.2,761,795.248,140,60,109.1325,,,,,,,,
8.2,763,787.545,140,60,109.3626,,,,,,,,
8.2,765,779.746,140,60,109.5937,,,,,,,,
8.2,767,771.847,140,60,109.8256,,,,,,,,
8.2,769,763.845,140,60,110.0584,,,,,,,,
8.2,771,755.738,140,60,110.2921,,,,,,,,
8.2,773,747.521,140,60,110.5268,,,,,,,,
8.2,775,739.191,140,60,110.7623,,,,,,,,
8.2,777,730.744,140,60,110.9988,,,,,,,,
8.2,779,722.177,140,60,111.2363,,,,,,,,
8.2,781,713.484,140,60,111.4747,,,,,,,,
8.2,783,704.661,140,60,111.714,,,,,,,,
8.2,785,695.703,140,60,111.9544,,,,,,,,
8.2,787,686.606,140,60,112.1957,,,,,,,,
8.2,789,677.362,140,60,112.4381,,,,,,,,
8.2,791,667.966,140,60,112.6815,,,,,,,,
8.2,793,658.413,140,60,112.9259,,,,,,,,
8.2,795,648.693,140,60,113.1714,,,,,,,,
8.2,797,638.801,140,60,113.418,,,,,,,,
8.2,799,628.728,140,60,113.6657,,,,,,,,
8.2,801,618.465,140,60,113.9145,,,,,,,,
8.2,803,608.003,140,60,114.1645,,,,,,,,
8.2,805,597.33,140,60,114.4157,,,,,,,,
8.2,807,586.436,140,60,114.6681,,,,,,,,
8.2,809,575.308,140,60,114.9218,,,,,,,,
8.2,811,563.932,140,60,115.1767,,,,,,,,
8.2,813,552.293,140,60,115.433,,,,,,,,
8.2,815,540.373,140,60,115.6907,,,,,,,,
8.2,817,528.155,140,60,115.9498,,,,,,,,
8.2,819,515.615,140,60,116.2104,,,,,,,,
8.2,821,502.732,140,60,116.4725,,,,,,,,
8.2,823,489.476,140,60,116.7363,,,,,,,,
8.2,825,475.818,140,60,117.0018,,,,,,,,
8.2,827,461.722,140,60,117.2691,,,,,,,,
8.2,829,447.146,140,60,117.5383,,,,,,,,
8.2,831,432.041,140,60,117.8095,,,,,,,,
8.2,833,416.35,140,60,118.083,,,,,,,,
8.2,835,400.004,140,60,118.3588,,,,,,,,
8.2,837,382.919,140,60,118.6373,,,,,,,,
8.2,839,364.992,140,60,118.9186,,,,,,,,
8.2,841,346.091,140,60,119.2032,,,,,,,,
8.2,843,326.048,140,60,119.4915,,,,,,,,
8.2,845,304.636,140,60,119.784,,,,,,,,
8.2,847,281.544,140,60,120.0817,,,,,,,,
8.2,849,256.319,140,60,120.3856,,,,,,,,
8.2,851,228.252,140,60,120.6977,,,,,,,,
8.2,853,196.131,140,60,121.0212,,,,,,,,
8.2,855,157.49,140,60,121.3626,,,,,,,,
8.2,857,105.391,140,60,121.74,,,,,,,,
8.7,388,1347.853,140,60,83.5965,,,,,,,,
8.7,390,1345.542,140,60,83.7068,,,,,,,,
8.7,392,1343.216,140,60,83.8177,,,,,,,,
8.7,394,1340.873,140,60,83.9294,,,,,,,,
8.7,396,1338.514,140,60,84.0417,,,,,,,,
8.7,398,1336.139,140,60,84.1547,,,,,,,,
8.7,400,1333.748,140,60,84.2683,,,,,,,,
8.7,402,1331.341,140,60,84.3827,,,,,,,,
8.7,404,1328.917,140,60,84.4977,,,,,,,,
8.7,406,1326.477,140,60,84.6135,,,,,,,,
8.7,408,1324.02,140,60,84.7299,,,,,,,,
8.7,410,1321.546,140,60,84.847,,,,,,,,
8.7,412,1319.056,140,60,84.9648,,,,,,,,
8.7,414,1316.549,140,60,85.0832,,,,,,,,
8.7,416,1314.025,140,60,85.2024,,,,,,,,
8.7,418,1311.483,140,60,85.3222,,,,,,,,
8.7,420,1308.925,140,60,85.4427,,,,,,,,
8.7,422,1306.349,140,60,85.564,,,,,,,,
8.7,424,1303.756,140,60,85.6859,,,,,,,,
8.7,426,1301.146,140,60,85.8084,,,,,,,,
8.7,428,1298.518,140,60,85.9317,,,,,,,,
8.7,430,1295.872,140,60,86.0557,,,,,,,,
8.7,432,1293.209,140,60,86.1803,,,,,,,,
8.7,434,1290.527,140,60,86.3057,,,,,,,,
8.7,436,1287.828,140,60,86.4317,,,,,,,,
8.7,438,1285.11,140,60,86.5584,,,,,,,,
8.7,440,1282.375,140,60,86.6858,,,,,,,,
8.7,442,1279.62,140,60,86.8139,,,,,,,,
8.7,444,1276.848,140,60,86.9427,,,,,,,,
8.7,446,1274.057,140,60,87.0722,,,,,,,,
8.7,448,1271.247,140,60,87.2024,,,,,,,,
8.7,450,1268.418,140,60,87.3333,,,,,,,,
8.7,452,1265.57,140,60,87.4648,,,,,,,,
8.7,454,1262.704,140,60,87.5971,,,,,,,,
8.7,456,1259.818,140,60,87.73,,,,,,,,
8.7,458,1256.912,140,60,87.8637,,,,,,,,
8.7,460,1253.987,140,60,87.998,,,,,,,,
8.7,462,1251.043,140,60,88.133,,,,,,,,
8.7,464,1248.079,140,60,88.2688,,,,,,,,
8.7,466,1245.095,140,60,88.4052,,,,,,,,
8.7,468,1242.09,140,60,88.5423,,,,,,,,
8.7,470,1239.066,140,60,88.6801,,,,,,,,
8.7,472,1236.021,140,60,88.8187,,,,,,,,
8.7,474,1232.956,140,60,88.9579,,,,,,,,
8.7,476,1229.87,140,60,89.0978,,,,,,,,
8.7,478,1226.763,140,60,89.2384,,,,,,,,
8.7,480,1223.636,140,60,89.3797,,,,,,,,
8.7,482,1220.487,140,60,89.5217,,,,,,,,
8.7,484,1217.317,140,60,89.6645,,,,,,,,
8.7,486,1214.125,140,60,89.8079,,,,,,,,
8.7,488,1210.912,140,60,89.952,,,,,,,,
8.7,490,1207.677,140,60,90.0968,,,,,,,,
8.7,492,1204.42,140,60,90.2424,,,,,,,,
8.7,494,1201.141,140,60,90.3886,,,,,,,,
8.7,496,1197.84,140,60,90.5355,,,,,,,,
8.7,498,1194.516,140,60,90.6832,,,,,,,,
8.7,500,1191.169,140,60,90.8315,,,,,,,,
8.7,502,1187.8,140,60,90.9806,,,,,,,,
8.7,504,1184.407,140,60,91.1303,,,,,,,,
8.7,506,1180.991,140,60,91.2808,,,,,,,,
8.7,508,1177.552,140,60,91.432,,,,,,,,
8.7,510,1174.089,140,60,91.5839,,,,,,,,
8.7,512,1170.602,140,60,91.7365,,,,,,,,
8.7,514,1167.091,140,60,91.8898,,,,,,,,
8.7,516,1163.555,140,60,92.0438,,,,,,,,
8.7,518,1159.995,140,60,92.1985,,,,,,,,
8.7,520,1156.41,140,60,92.354,,,,,,,,
8.7,522,1152.8,140,60,92.5101,,,,,,,,
8.7,524,1149.165,140,60,92.667,,,,,,,,
8.7,526,1145.505,140,60,92.8246,,,,,,,,
8.7,528,1141.818,140,60,92.9829,,,,,,,,
8.7,530,1138.106,140,60,93.1419,,,,,,,,
8.7,532,1134.367,140,60,93.3017,,,,,,,,
8.7,534,1130.602,140,60,93.4621,,,,,,,,
8.7,536,1126.81,140,60,93.6233,,,,,,,,
8.7,538,1122.991,140,60,93.7852,,,,,,,,
8.7,540,1119.145,140,60,93.9478,,,,,,,,
8.7,542,1115.271,140,60,94.1112,,,,,,,,
8.7,544,1111.369,140,60,94.2752,,,,,,,,
8.7,546,1107.439,140,60,94.44,,,,,,,,
8.7,548,1103.48,140,60,94.6056,,,,,,,,
8.7,550,1099.493,140,60,94.7718,,,,,,,,
8.7,552,1095.476,140,60,94.9388,,,,,,,,
8.7,554,1091.431,140,60,95.1065,,,,,,,,
8.7,556,1087.355,140,60,95.2749,,,,,,,,
8.7,558,1083.249,140,60,95.4441,,,,,,,,
8.7,560,1079.113,140,60,95.614,,,,,,,,
8.7,562,1074.946,140,60,95.7846,,,,,,,,
8.7,564,1070.748,140,60,95.9559,,,,,,,,
8.7,566,1066.518,140,60,96.128,,,,,,,,
8.7,568,1062.256,140,60,96.3009,,,,,,,,
8.7,570,1057.962,140,60,96.4744,,,,,,,,
8.7,572,1053.636,140,60,96.6487,,,,,,,,
8.7,574,1049.276,140,60,96.8238,,,,,,,,
8.7,576,1044.883,140,60,96.9996,,,,,,,,
8.7,578,1040.456,140,60,97.1761,,,,,,,,
8.7,580,1035.995,140,60,97.3534,,,,,,,,
8.7,582,1031.498,140,60,97.5314,,,,,,,,
8.7,584,1026.967,140,60,97.7102,,,,,,,,
8.7,586,1022.399,140,60,97.8897,,,,,,,,
8.7,588,1017.796,140,60,98.07,,,,,,,,
8.7,590,1013.156,140,60,98.251,,,,,,,,
8.7,592,1008.478,140,60,98.4328,,,,,,,,
8.7,594,1003.763,140,60,98.6153,,,,,,,,
8.7,596,999.01,140,60,98.7986,,,,,,,,
8.7,598,994.218,140,60,98.9827,,,,,,,,
8.7,600,989.386,140,60,99.1675,,,,,,,,
8.7,602,984.514,140,60,99.353,,,,,,,,
8.7,604,979.602,140,60,99.5394,,,,,,,,
8.7,606,974.649,140,60,99.7265,,,,,,,,
8.7,608,969.654,140,60,99.9143,,,,,,,,
8.7,610,964.616,140,60,100.103,,,,,,,,
8.7,612,959.536,140,60,100.2924,,,,,,,,
8.7,614,954.411,140,60,100.4826,,,,,,,,
8.7,616,949.242,140,60,100.6736,,,,,,,,
8.7,618,944.028,140,60,100.8653,,,,,,,,
8.7,620,938.768,140,60,101.0578,,,,,,,,
8.7,622,933.461,140,60,101.2511,,,,,,,,
8.7,624,928.106,140,60,101.4452,,,,,,,,
8.7,626,922.703,140,60,101.6401,,,,,,,,
8.7,628,917.251,140,60,101.8358,,,,,,,,
8.7,630,911.748,140,60,102.0323,,,,,,,,
8.7,632,906.195,140,60,102.2295,,,,,,,,
8.7,634,900.589,140,60,102.4276,,,,,,,,
8.7,636,894.931,140,60,102.6265,,,,,,,,
8.7,638,889.218,140,60,102.8261,,,,,,,,
8.7,640,883.45,140,60,103.0266,,,,,,,,
8.7,642,877.627,140,60,103.2279,,,,,,,,
8.7,644,871.746,140,60,103.43,,,,,,,,
8.7,646,865.806,140,60,103.633,,,,,,,,
8.7,648,859.807,140,60,103.8367,,,,,,,,
8.7,650,853.747,140,60,104.0413,,,,,,,,
8.7,652,847.625,140,60,104.2468,,,,,,,,
8.7,654,841.44,140,60,104.453,,,,,,,,
8.7,656,835.189,140,60,104.6601,,,,,,,,
8.7,658,828.872,140,60,104.868,,,,,,,,
8.7,660,822.487,140,60,105.0768,,,,,,,,
8.7,662,816.032,140,60,105.2865,,,,,,,,
8.7,664,809.506,140,60,105.497,,,,,,,,
8.7,666,802.908,140,60,105.7083,,,,,,,,
8.7,668,796.234,140,60,105.9206,,,,,,,,
8.7,670,789.484,140,60,106.1337,,,,,,,,
8.7,672,782.655,140,60,106.3477,,,,,,,,
8.7,674,775.745,140,60,106.5626,,,,,,,,
8.7,676,768.753,140,60,106.7784,,,,,,,,
8.7,678,761.675,140,60,106.995,,,,,,,,
8.7,680,754.51,140,60,107.2126,,,,,,,,
8.7,682,747.254,140,60,107.4311,,,,,,,,
8.7,684,739.906,140,60,107.6505,,,,,,,,
8.7,686,732.462,140,60,107.8709,,,,,,,,
8.7,688,724.92,140,60,108.0922,,,,,,,,
8.7,690,717.276,140,60,108.3145,,,,,,,,
8.7,692,709.527,140,60,108.5377,,,,,,,,
8.7,694,701.67,140,60,108.7619,,,,,,,,
8.7,696,693.701,140,60,108.987,,,,,,,,
8.7,698,685.615,140,60,109.2132,,,,,,,,
8.7,700,677.41,140,60,109.4403,,,,,,,,
8.7,702,669.08,140,60,109.6685,,,,,,,,
8.7,704,660.621,140,60,109.8977,,,,,,,,
8.7,706,652.028,140,60,110.128,,,,,,,,
8.7,708,643.295,140,60,110.3593,,,,,,,,
8.7,710,634.417,140,60,110.5917,,,,,,,,
8.7,712,625.387,140,60,110.8252,,,,,,,,
8.7,714,616.199,140,60,111.0598,,,,,,,,
8.7,716,606.845,140,60,111.2956,,,,,,,,
8.7,718,597.318,140,60,111.5325,,,,,,,,
8.7,720,587.609,140,60,111.7706,,,,,,,,
8.7,722,577.71,140,60,112.0099,,,,,,,,
8.7,724,567.61,140,60,112.2505,,,,,,,,
8.7,726,557.298,140,60,112.4923,,,,,,,,
8.7,728,546.762,140,60,112.7355,,,,,,,,
8.7,730,535.989,140,60,112.98,,,,,,,,
8.7,732,524.965,140,60,113.2258,,,,,,,,
8.7,734,513.674,140,60,113.4731,,,,,,,,
8.7,736,502.096,140,60,113.7219,,,,,,,,
8.7,738,490.213,140,60,113.9723,,,,,,,,
8.7,740,478.001,140,60,114.2242,,,,,,,,
8.7,742,465.434,140,60,114.4779,,,,,,,,
8.7,744,452.483,140,60,114.7333,,,,,,,,
8.7,746,439.113,140,60,114.9906,,,,,,,,
8.7,748,425.286,140,60,115.2498,,,,,,,,
8.7,750,410.956,140,60,115.5112,,,,,,,,
8.7,752,396.066,140,60,115.7748,,,,,,,,
8.7,754,380.553,140,60,116.0409,,,,,,,,
8.7,756,364.336,140,60,116.3097,,,,,,,,
8.7,758,347.316,140,60,116.5814,,,,,,,,
8.7,760,329.37,140,60,116.8564,,,,,,,,
8.7,762,310.336,140,60,117.1352,,,,,,,,
8.7,764,290.001,140,60,117.4184,,,,,,,,
8.7,766,268.068,140,60,117.7067,,,,,,,,
8.7,768,244.108,140,60,118.0015,,,,,,,,
8.7,770,217.45,140,60,118.3046,,,,,,,,
8.7,772,186.945,140,60,118.6191,,,,,,,,
8.7,774,150.268,140,60,118.9516,,,,,,,,
8.7,776,100.899,140,60,119.3204,,,,,,,,
9.2,349,1212.267,140,60,86.3913,,,,,,,,
9.2,351,1209.955,140,60,86.4955,,,,,,,,
9.2,353,1207.626,140,60,86.6004,,,,,,,,
9.2,355,1205.278,140,60,86.7061,,,,,,,,
9.2,357,1202.913,140,60,86.8125,,,,,,,,
9.2,359,1200.53,140,60,86.9197,,,,,,,,
9.2,361,1198.128,140,60,87.0275,,,,,,,,
9.2,363,1195.709,140,60,87.1362,,,,,,,,
9.2,365,1193.271,140,60,87.2455,,,,,,,,
9.2,367,1190.815,140,60,87.3556,,,,,,,,
9.2,369,1188.34,140,60,87.4664,,,,,,,,
9.2,371,1185.846,140,60,87.5779,,,,,,,,
9.2,373,1183.334,140,60,87.6902,,,,,,,,
9.2,375,1180.803,140,60,87.8033,,,,,,,,
9.2,377,1178.253,140,60,87.917,,,,,,,,
9.2,379,1175.683,140,60,88.0315,,,,,,,,
9.2,381,1173.095,140,60,88.1468,,,,,,,,
9.2,383,1170.487,140,60,88.2627,,,,,,,,
9.2,385,1167.859,140,60,88.3794,,,,,,,,
9.2,387,1165.212,140,60,88.4969,,,,,,,,
9.2,389,1162.545,140,60,88.6151,,,,,,,,
9.2,391,1159.858,140,60,88.734,,,,,,,,
9.2,393,1157.151,140,60,88.8537,,,,,,,,
9.2,395,1154.424,140,60,88.9741,,,,,,,,
9.2,397,1151.677,140,60,89.0953,,,,,,,,
9.2,399,1148.909,140,60,89.2172,,,,,,,,
9.2,401,1146.12,140,60,89.3399,,,,,,,,
9.2,403,1143.311,140,60,89.4633,,,,,,,,
9.2,405,1140.48,140,60,89.5874,,,,,,,,
9.2,407,1137.629,140,60,89.7123,,,,,,,,
9.2,409,1134.756,140,60,89.8379,,,,,,,,
9.2,411,1131.862,140,60,89.9643,,,,,,,,
9.2,413,1128.946,140,60,90.0914,,,,,,,,
9.2,415,1126.009,140,60,90.2193,,,,,,,,
9.2,417,1123.049,140,60,90.3479,,,,,,,,
9.2,419,1120.068,140,60,90.4773,,,,,,,,
9.2,421,1117.064,140,60,90.6074,,,,,,,,
9.2,423,1114.037,140,60,90.7383,,,,,,,,
9.2,425,1110.988,140,60,90.8699,,,,,,,,
9.2,427,1107.917,140,60,91.0023,,,,,,,,
9.2,429,1104.822,140,60,91.1354,,,,,,,,
9.2,431,1101.704,140,60,91.2693,,,,,,,,
9.2,433,1098.562,140,60,91.4039,,,,,,,,
9.2,435,1095.397,140,60,91.5393,,,,,,,,
9.2,437,1092.208,140,60,91.6754,,,,,,,,
9.2,439,1088.996,140,60,91.8123,,,,,,,,
9.2,441,1085.758,140,60,91.95,,,,,,,,
9.2,443,1082.497,140,60,92.0884,,,,,,,,
9.2,445,1079.211,140,60,92.2276,,,,,,,,
9.2,447,1075.899,140,60,92.3675,,,,,,,,
9.2,449,1072.563,140,60,92.5082,,,,,,,,
9.2,451,1069.201,140,60,92.6496,,,,,,,,
9.2,453,1065.814,140,60,92.7919,,,,,,,,
9.2,455,1062.401,140,60,92.9348,,,,,,,,
9.2,457,1058.961,140,60,93.0786,,,,,,,,
9.2,459,1055.496,140,60,93.2231,,,,,,,,
9.2,461,1052.004,140,60,93.3683,,,,,,,,
9.2,463,1048.484,140,60,93.5144,,,,,,,,
9.2,465,1044.938,140,60,93.6612,,,,,,,,
9.2,467,1041.364,140,60,93.8088,,,,,,,,
9.2,469,1037.763,140,60,93.9571,,,,,,,,
9.2,471,1034.133,140,60,94.1062,,,,,,,,
9.2,473,1030.475,140,60,94.2561,,,,,,,,
9.2,475,1026.789,140,60,94.4068,,,,,,,,
9.2,477,1023.073,140,60,94.5582,,,,,,,,
9.2,479,1019.329,140,60,94.7104,,,,,,,,
9.2,481,1015.555,140,60,94.8634,,,,,,,,
9.2,483,1011.751,140,60,95.0171,,,,,,,,
9.2,485,1007.916,140,60,95.1717,,,,,,,,
9.2,487,1004.051,140,60,95.327,,,,,,,,
9.2,489,1000.156,140,60,95.4831,,,,,,,,
9.2,491,996.229,140,60,95.64,,,,,,,,
9.2,493,992.27,140,60,95.7976,,,,,,,,
9.2,495,988.279,140,60,95.9561,,,,,,,,
9.2,497,984.256,140,60,96.1153,,,,,,,,
9.2,499,980.2,140,60,96.2753,,,,,,,,
9.2,501,976.11,140,60,96.4361,,,,,,,,
9.2,503,971.987,140,60,96.5977,,,,,,,,
9.2,505,967.83,140,60,96.7601,,,,,,,,
9.2,507,963.639,140,60,96.9233,,,,,,,,
9.2,509,959.412,140,60,97.0873,,,,,,,,
9.2,511,955.15,140,60,97.2521,,,,,,,,
9.2,513,950.852,140,60,97.4176,,,,,,,,
9.2,515,946.517,140,60,97.584,,,,,,,,
9.2,517,942.146,140,60,97.7512,,,,,,,,
9.2,519,937.737,140,60,97.9192,,,,,,,,
9.2,521,933.291,140,60,98.0879,,,,,,,,
9.2,523,928.805,140,60,98.2575,,,,,,,,
9.2,525,924.281,140,60,98.4279,,,,,,,,
9.2,527,919.717,140,60,98.5991,,,,,,,,
9.2,529,915.113,140,60,98.7711,,,,,,,,
9.2,531,910.468,140,60,98.944,,,,,,,,
9.2,533,905.781,140,60,99.1176,,,,,,,,
9.2,535,901.052,140,60,99.2921,,,,,,,,
9.2,537,896.281,140,60,99.4674,,,,,,,,
9.2,539,891.466,140,60,99.6435,,,,,,,,
9.2,541,886.607,140,60,99.8205,,,,,,,,
9.2,543,881.703,140,60,99.9982,,,,,,,,
9.2,545,876.753,140,60,100.1768,,,,,,,,
9.2,547,871.756,140,60,100.3563,,,,,,,,
9.2,549,866.713,140,60,100.5365,,,,,,,,
9.2,551,861.621,140,60,100.7177,,,,,,,,
9.2,553,856.481,140,60,100.8996,,,,,,,,
9.2,555,851.29,140,60,101.0824,,,,,,,,
9.2,557,846.049,140,60,101.266,,,,,,,,
9.2,559,840.756,140,60,101.4505,,,,,,,,
9.2,561,835.411,140,60,101.6359,,,,,,,,
9.2,563,830.012,140,60,101.8221,,,,,,,,
9.2,565,824.558,140,60,102.0092,,,,,,,,
9.2,567,819.048,140,60,102.1971,,,,,,,,
9.2,569,813.481,140,60,102.3859,,,,,,,,
9.2,571,807.856,140,60,102.5756,,,,,,,,
9.2,573,802.172,140,60,102.7661,,,,,,,,
9.2,575,796.427,140,60,102.9576,,,,,,,,
9.2,577,790.62,140,60,103.1499,,,,,,,,
9.2,579,784.749,140,60,103.3431,,,,,,,,
9.2,581,778.814,140,60,103.5372,,,,,,,,
9.2,583,772.813,140,60,103.7322,,,,,,,,
9.2,585,766.743,140,60,103.9281,,,,,,,,
9.2,587,760.605,140,60,104.1249,,,,,,,,
9.2,589,754.395,140,60,104.3226,,,,,,,,
9.2,591,748.112,140,60,104.5213,,,,,,,,
9.2,593,741.754,140,60,104.7208,,,,,,,,
9.2,595,735.32,140,60,104.9213,,,,,,,,
9.2,597,728.807,140,60,105.1228,,,,,,,,
9.2,599,722.213,140,60,105.3252,,,,,,,,
9.2,601,715.536,140,60,105.5285,,,,,,,,
9.2,603,708.773,140,60,105.7328,,,,,,,,
9.2,605,701.923,140,60,105.9381,,,,,,,,
9.2,607,694.982,140,60,106.1443,,,,,,,,
9.2,609,687.947,140,60,106.3516,,,,,,,,
9.2,611,680.817,140,60,106.5598,,,,,,,,
9.2,613,673.587,140,60,106.769,,,,,,,,
9.2,615,666.255,140,60,106.9793,,,,,,,,
9.2,617,658.817,140,60,107.1905,,,,,,,,
9.2,619,651.269,140,60,107.4028,,,,,,,,
9.2,621,643.608,140,60,107.6162,,,,,,,,
9.2,623,635.83,140,60,107.8306,,,,,,,,
9.2,625,627.929,140,60,108.0461,,,,,,,,
9.2,627,619.903,140,60,108.2627,,,,,,,,
9.2,629,611.745,140,60,108.4804,,,,,,,,
9.2,631,603.45,140,60,108.6992,,,,,,,,
9.2,633,595.012,140,60,108.9191,,,,,,,,
9.2,635,586.426,140,60,109.1403,,,,,,,,
9.2,637,577.684,140,60,109.3625,,,,,,,,
9.2,639,568.781,140,60,109.586,,,,,,,,
9.2,641,559.706,140,60,109.8108,,,,,,,,
9.2,643,550.454,140,60,110.0367,,,,,,,,
9.2,645,541.013,140,60,110.264,,,,,,,,
9.2,647,531.375,140,60,110.4925,,,,,,,,
9.2,649,521.528,140,60,110.7224,,,,,,,,
9.2,651,511.46,140,60,110.9537,,,,,,,,
9.2,653,501.158,140,60,111.1865,,,,,,,,
9.2,655,490.607,140,60,111.4206,,,,,,,,
9.2,657,479.791,140,60,111.6563,,,,,,,,
9.2,659,468.691,140,60,111.8936,,,,,,,,
9.2,661,457.287,140,60,112.1325,,,,,,,,
9.2,663,445.555,140,60,112.3732,,,,,,,,
9.2,665,433.469,140,60,112.6156,,,,,,,,
9.2,667,420.998,140,60,112.8599,,,,,,,,
9.2,669,408.107,140,60,113.1061,,,,,,,,
9.2,671,394.755,140,60,113.3545,,,,,,,,
9.2,673,380.893,140,60,113.6052,,,,,,,,
9.2,675,366.463,140,60,113.8583,,,,,,,,
9.2,677,351.396,140,60,114.114,,,,,,,,
9.2,679,335.606,140,60,114.3727,,,,,,,,
9.2,681,318.985,140,60,114.6345,,,,,,,,
9.2,683,301.396,140,60,114.9,,,,,,,,
9.2,685,282.658,140,60,115.1697,,,,,,,,
9.2,687,262.525,140,60,115.4443,,,,,,,,
9.2,689,240.648,140,60,115.7248,,,,,,,,
9.2,691,216.498,140,60,116.0129,,,,,,,,
9.2,693,189.207,140,60,116.311,,,,,,,,
9.2,695,157.148,140,60,116.624,,,,,,,,
9.2,697,116.445,140,60,116.9634,,,,,,,,
9.7,311,1078.364,140,60,89.2673,,,,,,,,
9.7,313,1076.046,140,60,89.3644,,,,,,,,
9.7,315,1073.709,140,60,89.4623,,,,,,,,
9.7,317,1071.352,140,60,89.561,,,,,,,,
9.7,319,1068.975,140,60,89.6605,,,,,,,,
9.7,321,1066.578,140,60,89.7608,,,,,,,,
9.7,323,1064.16,140,60,89.8619,,,,,,,,
9.7,325,1061.721,140,60,89.9637,,,,,,,,
9.7,327,1059.262,140,60,90.0664,,,,,,,,
9.7,329,1056.782,140,60,90.1698,,,,,,,,
9.7,331,1054.281,140,60,90.2741,,,,,,,,
9.7,333,1051.759,140,60,90.3791,,,,,,,,
9.7,335,1049.215,140,60,90.4849,,,,,,,,
9.7,337,1046.65,140,60,90.5915,,,,,,,,
9.7,339,1044.063,140,60,90.6989,,,,,,,,
9.7,341,1041.455,140,60,90.8071,,,,,,,,
9.7,343,1038.824,140,60,90.9161,,,,,,,,
9.7,345,1036.172,140,60,91.0259,,,,,,,,
9.7,347,1033.497,140,60,91.1365,,,,,,,,
9.7,349,1030.8,140,60,91.2479,,,,,,,,
9.7,351,1028.08,140,60,91.3601,,,,,,,,
9.7,353,1025.337,140,60,91.473,,,,,,,,
9.7,355,1022.571,140,60,91.5868,,,,,,,,
9.7,357,1019.782,140,60,91.7014,,,,,,,,
9.7,359,1016.97,140,60,91.8168,,,,,,,,
9.7,361,1014.134,140,60,91.933,,,,,,,,
9.7,363,1011.274,140,60,92.05,,,,,,,,
9.7,365,1008.391,140,60,92.1677,,,,,,,,
9.7,367,1005.483,140,60,92.2863,,,,,,,,
9.7,369,1002.551,140,60,92.4057,,,,,,,,
9.7,371,999.594,140,60,92.5259,,,,,,,,
9.7,373,996.612,140,60,92.647,,,,,,,,
9.7,375,993.606,140,60,92.7688,,,,,,,,
9.7,377,990.574,140,60,92.8914,,,,,,,,
9.7,379,987.516,140,60,93.0148,,,,,,,,
9.7,381,984.433,140,60,93.1391,,,,,,,,
9.7,383,981.324,140,60,93.2642,,,,,,,,
9.7,385,978.188,140,60,93.39,,,,,,,,
9.7,387,975.026,140,60,93.5167,,,,,,,,
9.7,389,971.837,140,60,93.6442,,,,,,,,
9.7,391,968.622,140,60,93.7725,,,,,,,,
9.7,393,965.379,140,60,93.9017,,,,,,,,
9.7,395,962.108,140,60,94.0316,,,,,,,,
9.7,397,958.81,140,60,94.1624,,,,,,,,
9.7,399,955.483,140,60,94.294,,,,,,,,
9.7,401,952.128,140,60,94.4264,,,,,,,,
9.7,403,948.744,140,60,94.5596,,,,,,,,
9.7,405,945.332,140,60,94.6936,,,,,,,,
9.7,407,941.89,140,60,94.8285,,,,,,,,
9.7,409,938.418,140,60,94.9642,,,,,,,,
9.7,411,934.916,140,60,95.1007,,,,,,,,
9.7,413,931.384,140,60,95.2381,,,,,,,,
9.7,415,927.821,140,60,95.3763,,,,,,,,
9.7,417,924.227,140,60,95.5153,,,,,,,,
9.7,419,920.602,140,60,95.6551,,,,,,,,
9.7,421,916.945,140,60,95.7958,,,,,,,,
9.7,423,913.256,140,60,95.9373,,,,,,,,
9.7,425,909.534,140,60,96.0797,,,,,,,,
9.7,427,905.779,140,60,96.2229,,,,,,,,
9.7,429,901.991,140,60,96.3669,,,,,,,,
9.7,431,898.169,140,60,96.5118,,,,,,,,
9.7,433,894.313,140,60,96.6575,,,,,,,,
9.7,435,890.422,140,60,96.804,,,,,,,,
9.7,437,886.496,140,60,96.9514,,,,,,,,
9.7,439,882.535,140,60,97.0997,,,,,,,,
9.7,441,878.537,140,60,97.2488,,,,,,,,
9.7,443,874.503,140,60,97.3987,,,,,,,,
9.7,445,870.432,140,60,97.5495,,,,,,,,
9.7,447,866.323,140,60,97.7012,,,,,,,,
9.7,449,862.176,140,60,97.8537,,,,,,,,
9.7,451,857.991,140,60,98.0071,,,,,,,,
9.7,453,853.766,140,60,98.1613,,,,,,,,
9.7,455,849.501,140,60,98.3164,,,,,,,,
9.7,457,845.196,140,60,98.4723,,,,,,,,
9.7,459,840.85,140,60,98.6292,,,,,,,,
9.7,461,836.462,140,60,98.7869,,,,,,,,
9.7,463,832.031,140,60,98.9454,,,,,,,,
9.7,465,827.558,140,60,99.1049,,,,,,,,
9.7,467,823.041,140,60,99.2652,,,,,,,,
9.7,469,818.479,140,60,99.4264,,,,,,,,
9.7,471,813.872,140,60,99.5885,,,,,,,,
9.7,473,809.219,140,60,99.7514,,,,,,,,
9.7,475,804.52,140,60,99.9153,,,,,,,,
9.7,477,799.772,140,60,100.08,,,,,,,,
9.7,479,794.977,140,60,100.2456,,,,,,,,
9.7,481,790.132,140,60,100.4122,,,,,,,,
9.7,483,785.236,140,60,100.5796,,,,,,,,
9.7,485,780.29,140,60,100.7479,,,,,,,,
9.7,487,775.291,140,60,100.9172,,,,,,,,
9.7,489,770.239,140,60,101.0873,,,,,,,,
9.7,491,765.133,140,60,101.2584,,,,,,,,
9.7,493,759.971,140,60,101.4304,,,,,,,,
9.7,495,754.753,140,60,101.6033,,,,,,,,
9.7,497,749.477,140,60,101.7771,,,,,,,,
9.7,499,744.142,140,60,101.9519,,,,,,,,
9.7,501,738.748,140,60,102.1276,,,,,,,,
9.7,503,733.291,140,60,102.3042,,,,,,,,
9.7,505,727.772,140,60,102.4818,,,,,,,,
9.7,507,722.188,140,60,102.6603,,,,,,,,
9.7,509,716.539,140,60,102.8398,,,,,,,,
9.7,511,710.822,140,60,103.0202,,,,,,,,
9.7,513,705.036,140,60,103.2016,,,,,,,,
9.7,515,699.18,140,60,103.384,,,,,,,,
9.7,517,693.25,140,60,103.5674,,,,,,,,
9.7,519,687.247,140,60,103.7517,,,,,,,,
9.7,521,681.167,140,60,103.937,,,,,,,,
9.7,523,675.008,140,60,104.1234,,,,,,,,
9.7,525,668.769,140,60,104.3107,,,,,,,,
9.7,527,662.447,140,60,104.499,,,,,,,,
9.7,529,656.04,140,60,104.6884,,,,,,,,
9.7,531,649.544,140,60,104.8788,,,,,,,,
9.7,533,642.959,140,60,105.0702,,,,,,,,
9.7,535,636.28,140,60,105.2627,,,,,,,,
9.7,537,629.505,140,60,105.4562,,,,,,,,
9.7,539,622.63,140,60,105.6508,,,,,,,,
9.7,541,615.653,140,60,105.8465,,,,,,,,
9.7,543,608.569,140,60,106.0433,,,,,,,,
9.7,545,601.375,140,60,106.2412,,,,,,,,
9.7,547,594.067,140,60,106.4402,,,,,,,,
9.7,549,586.641,140,60,106.6403,,,,,,,,
9.7,551,579.092,140,60,106.8416,,,,,,,,
9.7,553,571.416,140,60,107.044,,,,,,,,
9.7,555,563.606,140,60,107.2476,,,,,,,,
9.7,557,555.658,140,60,107.4524,,,,,,,,
9.7,559,547.566,140,60,107.6585,,,,,,,,
9.7,561,539.322,140,60,107.8657,,,,,,,,
9.7,563,530.92,140,60,108.0743,,,,,,,,
9.7,565,522.352,140,60,108.2841,,,,,,,,
9.7,567,513.611,140,60,108.4952,,,,,,,,
9.7,569,504.686,140,60,108.7077,,,,,,,,
9.7,571,495.568,140,60,108.9216,,,,,,,,
9.7,573,486.247,140,60,109.1368,,,,,,,,
9.7,575,476.71,140,60,109.3535,,,,,,,,
9.7,577,466.943,140,60,109.5718,,,,,,,,
9.7,579,456.933,140,60,109.7915,,,,,,,,
9.7,581,446.663,140,60,110.0129,,,,,,,,
9.7,583,436.115,140,60,110.2359,,,,,,,,
9.7,585,425.267,140,60,110.4606,,,,,,,,
9.7,587,414.097,140,60,110.6871,,,,,,,,
9.7,589,402.577,140,60,110.9155,,,,,,,,
9.7,591,390.676,140,60,111.1459,,,,,,,,
9.7,593,378.36,140,60,111.3784,,,,,,,,
9.7,595,365.584,140,60,111.6131,,,,,,,,
9.7,597,352.301,140,60,111.8503,,,,,,,,
9.7,599,338.449,140,60,112.0899,,,,,,,,
9.7,601,323.957,140,60,112.3325,,,,,,,,
9.7,603,308.733,140,60,112.5781,,,,,,,,
9.7,605,292.664,140,60,112.8271,,,,,,,,
9.7,607,275.601,140,60,113.0801,,,,,,,,
9.7,609,257.348,140,60,113.3376,,,,,,,,
9.7,611,237.63,140,60,113.6006,,,,,,,,
9.7,613,216.046,140,60,113.8702,,,,,,,,
9.7,615,191.969,140,60,114.1485,,,,,,,,
9.7,617,164.305,140,60,114.4388,,,,,,,,
9.7,619,130.798,140,60,114.7482,,,,,,,,
9.7,621,84.782,140,60,115.0974,,,,,,,,
10.2,272,945.047,140,60,92.165,,,,,,,,
10.2,274,942.733,140,60,92.2533,,,,,,,,
10.2,276,940.396,140,60,92.3424,,,,,,,,
10.2,278,938.037,140,60,92.4324,,,,,,,,
10.2,280,935.655,140,60,92.5232,,,,,,,,
10.2,282,933.249,140,60,92.6149,,,,,,,,
10.2,284,930.82,140,60,92.7074,,,,,,,,
10.2,286,928.367,140,60,92.8008,,,,,,,,
10.2,288,925.891,140,60,92.895,,,,,,,,
10.2,290,923.39,140,60,92.9901,,,,,,,,
10.2,292,920.866,140,60,93.086,,,,,,,,
10.2,294,918.317,140,60,93.1828,,,,,,,,
10.2,296,915.743,140,60,93.2804,,,,,,,,
10.2,298,913.145,140,60,93.3789,,,,,,,,
10.2,300,910.521,140,60,93.4783,,,,,,,,
10.2,302,907.873,140,60,93.5785,,,,,,,,
10.2,304,905.199,140,60,93.6796,,,,,,,,
10.2,306,902.5,140,60,93.7815,,,,,,,,
10.2,308,899.774,140,60,93.8843,,,,,,,,
10.2,310,897.022,140,60,93.988,,,,,,,,
10.2,312,894.245,140,60,94.0925,,,,,,,,
10.2,314,891.44,140,60,94.1979,,,,,,,,
10.2,316,888.609,140,60,94.3042,,,,,,,,
10.2,318,885.75,140,60,94.4113,,,,,,,,
10.2,320,882.864,140,60,94.5193,,,,,,,,
10.2,322,879.951,140,60,94.6281,,,,,,,,
10.2,324,877.009,140,60,94.7379,,,,,,,,
10.2,326,874.04,140,60,94.8485,,,,,,,,
10.2,328,871.042,140,60,94.9599,,,,,,,,
10.2,330,868.015,140,60,95.0723,,,,,,,,
10.2,332,864.959,140,60,95.1855,,,,,,,,
10.2,334,861.873,140,60,95.2996,,,,,,,,
10.2,336,858.758,140,60,95.4146,,,,,,,,
10.2,338,855.613,140,60,95.5304,,,,,,,,
10.2,340,852.437,140,60,95.6472,,,,,,,,
10.2,342,849.231,140,60,95.7648,,,,,,,,
10.2,344,845.994,140,60,95.8833,,,,,,,,
10.2,346,842.725,140,60,96.0027,,,,,,,,
10.2,348,839.424,140,60,96.123,,,,,,,,
10.2,350,836.092,140,60,96.2441,,,,,,,,
10.2,352,832.726,140,60,96.3662,,,,,,,,
10.2,354,829.328,140,60,96.4891,,,,,,,,
10.2,356,825.897,140,60,96.6129,,,,,,,,
10.2,358,822.431,140,60,96.7377,,,,,,,,
10.2,360,818.932,140,60,96.8633,,,,,,,,
10.2,362,815.398,140,60,96.9898,,,,,,,,
10.2,364,811.828,140,60,97.1172,,,,,,,,
10.2,366,808.224,140,60,97.2455,,,,,,,,
10.2,368,804.583,140,60,97.3747,,,,,,,,
10.2,370,800.905,140,60,97.5049,,,,,,,,
10.2,372,797.191,140,60,97.6359,,,,,,,,
10.2,374,793.439,140,60,97.7678,,,,,,,,
10.2,376,789.649,140,60,97.9007,,,,,,,,
10.2,378,785.82,140,60,98.0345,,,,,,,,
10.2,380,781.952,140,60,98.1691,,,,,,,,
10.2,382,778.045,140,60,98.3047,,,,,,,,
10.2,384,774.096,140,60,98.4413,,,,,,,,
10.2,386,770.107,140,60,98.5787,,,,,,,,
10.2,388,766.077,140,60,98.7171,,,,,,,,
10.2,390,762.004,140,60,98.8563,,,,,,,,
10.2,392,757.887,140,60,98.9966,,,,,,,,
10.2,394,753.728,140,60,99.1377,,,,,,,,
10.2,396,749.523,140,60,99.2798,,,,,,,,
10.2,398,745.274,140,60,99.4228,,,,,,,,
10.2,400,740.979,140,60,99.5668,,,,,,,,
10.2,402,736.637,140,60,99.7117,,,,,,,,
10.2,404,732.247,140,60,99.8576,,,,,,,,
10.2,406,727.809,140,60,100.0044,,,,,,,,
10.2,408,723.321,140,60,100.1521,,,,,,,,
10.2,410,718.783,140,60,100.3008,,,,,,,,
10.2,412,714.194,140,60,100.4505,,,,,,,,
10.2,414,709.553,140,60,100.6012,,,,,,,,
10.2,416,704.858,140,60,100.7528,,,,,,,,
10.2,418,700.11,140,60,100.9054,,,,,,,,
10.2,420,695.305,140,60,101.0589,,,,,,,,
10.2,422,690.444,140,60,101.2135,,,,,,,,
10.2,424,685.526,140,60,101.369,,,,,,,,
10.2,426,680.548,140,60,101.5255,,,,,,,,
10.2,428,675.51,140,60,101.683,,,,,,,,
10.2,430,670.41,140,60,101.8415,,,,,,,,
10.2,432,665.247,140,60,102.001,,,,,,,,
10.2,434,660.019,140,60,102.1616,,,,,,,,
10.2,436,654.725,140,60,102.3231,,,,,,,,
10.2,438,649.364,140,60,102.4857,,,,,,,,
10.2,440,643.933,140,60,102.6493,,,,,,,,
10.2,442,638.43,140,60,102.8139,,,,,,,,
10.2,444,632.855,140,60,102.9796,,,,,,,,
10.2,446,627.204,140,60,103.1463,,,,,,,,
10.2,448,621.477,140,60,103.314,,,,,,,,
10.2,450,615.67,140,60,103.4829,,,,,,,,
10.2,452,609.781,140,60,103.6528,,,,,,,,
10.2,454,603.809,140,60,103.8238,,,,,,,,
10.2,456,597.75,140,60,103.9958,,,,,,,,
10.2,458,591.602,140,60,104.169,,,,,,,,
10.2,460,585.363,140,60,104.3433,,,,,,,,
10.2,462,579.028,140,60,104.5187,,,,,,,,
10.2,464,572.595,140,60,104.6952,,,,,,,,
10.2,466,566.061,140,60,104.8729,,,,,,,,
10.2,468,559.422,140,60,105.0517,,,,,,,,
10.2,470,552.675,140,60,105.2317,,,,,,,,
10.2,472,545.814,140,60,105.4129,,,,,,,,
10.2,474,538.837,140,60,105.5953,,,,,,,,
10.2,476,531.738,140,60,105.7789,,,,,,,,
10.2,478,524.512,140,60,105.9637,,,,,,,,
10.2,480,517.155,140,60,106.1497,,,,,,,,
10.2,482,509.66,140,60,106.3371,,,,,,,,
10.2,484,502.021,140,60,106.5257,,,,,,,,
10.2,486,494.232,140,60,106.7157,,,,,,,,
10.2,488,486.285,140,60,106.9069,,,,,,,,
10.2,490,478.173,140,60,107.0996,,,,,,,,
10.2,492,469.887,140,60,107.2936,,,,,,,,
10.2,494,461.417,140,60,107.4891,,,,,,,,
10.2,496,452.753,140,60,107.6861,,,,,,,,
10.2,498,443.884,140,60,107.8845,,,,,,,,
10.2,500,434.798,140,60,108.0845,,,,,,,,
10.2,502,425.48,140,60,108.2861,,,,,,,,
10.2,504,415.915,140,60,108.4893,,,,,,,,
10.2,506,406.085,140,60,108.6942,,,,,,,,
10.2,508,395.971,140,60,108.901,,,,,,,,
10.2,510,385.551,140,60,109.1095,,,,,,,,
10.2,512,374.798,140,60,109.32,,,,,,,,
10.2,514,363.683,140,60,109.5326,,,,,,,,
10.2,516,352.172,140,60,109.7472,,,,,,,,
10.2,518,340.225,140,60,109.9642,,,,,,,,
10.2,520,327.795,140,60,110.1836,,,,,,,,
10.2,522,314.823,140,60,110.4057,,,,,,,,
10.2,524,301.24,140,60,110.6307,,,,,,,,
10.2,526,286.959,140,60,110.8588,,,,,,,,
10.2,528,271.87,140,60,111.0904,,,,,,,,
10.2,530,255.831,140,60,111.326,,,,,,,,
10.2,532,238.649,140,60,111.5663,,,,,,,,
10.2,534,220.058,140,60,111.8122,,,,,,,,
10.2,536,199.663,140,60,112.0648,,,,,,,,
10.2,538,176.843,140,60,112.3263,,,,,,,,
10.2,540,150.497,140,60,112.6004,,,,,,,,
10.2,542,118.294,140,60,112.8946,,,,,,,,
10.2,544,72.838,140,60,113.2331,,,,,,,,
10.7,232,807.037,140,60,95.141,,,,,,,,
10.7,234,804.724,140,60,95.2186,,,,,,,,
10.7,236,802.384,140,60,95.2971,,,,,,,,
10.7,238,800.018,140,60,95.3766,,,,,,,,
10.7,240,797.624,140,60,95.4569,,,,,,,,
10.7,242,795.203,140,60,95.5382,,,,,,,,
10.7,244,792.755,140,60,95.6204,,,,,,,,
10.7,246,790.279,140,60,95.7035,,,,,,,,
10.7,248,787.774,140,60,95.7876,,,,,,,,
10.7,250,785.242,140,60,95.8726,,,,,,,,
10.7,252,782.68,140,60,95.9585,,,,,,,,
10.7,254,780.09,140,60,96.0454,,,,,,,,
10.7,256,777.471,140,60,96.1332,,,,,,,,
10.7,258,774.822,140,60,96.2219,,,,,,,,
10.7,260,772.143,140,60,96.3115,,,,,,,,
10.7,262,769.434,140,60,96.4021,,,,,,,,
10.7,264,766.695,140,60,96.4936,,,,,,,,
10.7,266,763.924,140,60,96.5861,,,,,,,,
10.7,268,761.123,140,60,96.6795,,,,,,,,
10.7,270,758.291,140,60,96.7739,,,,,,,,
10.7,272,755.426,140,60,96.8692,,,,,,,,
10.7,274,752.529,140,60,96.9654,,,,,,,,
10.7,276,749.6,140,60,97.0626,,,,,,,,
10.7,278,746.638,140,60,97.1607,,,,,,,,
10.7,280,743.643,140,60,97.2598,,,,,,,,
10.7,282,740.614,140,60,97.3599,,,,,,,,
10.7,284,737.55,140,60,97.4609,,,,,,,,
10.7,286,734.453,140,60,97.5628,,,,,,,,
10.7,288,731.32,140,60,97.6657,,,,,,,,
10.7,290,728.151,140,60,97.7696,,,,,,,,
10.7,292,724.947,140,60,97.8744,,,,,,,,
10.7,294,721.707,140,60,97.9802,,,,,,,,
10.7,296,718.429,140,60,98.087,,,,,,,,
10.7,298,715.114,140,60,98.1947,,,,,,,,
10.7,300,711.762,140,60,98.3034,,,,,,,,
10.7,302,708.37,140,60,98.4131,,,,,,,,
10.7,304,704.94,140,60,98.5237,,,,,,,,
10.7,306,701.47,140,60,98.6354,,,,,,,,
10.7,308,697.96,140,60,98.748,,,,,,,,
10.7,310,694.41,140,60,98.8616,,,,,,,,
10.7,312,690.817,140,60,98.9761,,,,,,,,
10.7,314,687.183,140,60,99.0917,,,,,,,,
10.7,316,683.506,140,60,99.2083,,,,,,,,
10.7,318,679.786,140,60,99.3258,,,,,,,,
10.7,320,676.021,140,60,99.4443,,,,,,,,
10.7,322,672.212,140,60,99.5639,,,,,,,,
10.7,324,668.357,140,60,99.6844,,,,,,,,
10.7,326,664.455,140,60,99.806,,,,,,,,
10.7,328,660.506,140,60,99.9285,,,,,,,,
10.7,330,656.509,140,60,100.0521,,,,,,,,
10.7,332,652.463,140,60,100.1767,,,,,,,,
10.7,334,648.368,140,60,100.3023,,,,,,,,
10.7,336,644.221,140,60,100.4289,,,,,,,,
10.7,338,640.022,140,60,100.5566,,,,,,,,
10.7,340,635.771,140,60,100.6853,,,,,,,,
10.7,342,631.465,140,60,100.815,,,,,,,,
10.7,344,627.105,140,60,100.9458,,,,,,,,
10.7,346,622.688,140,60,101.0776,,,,,,,,
10.7,348,618.214,140,60,101.2105,,,,,,,,
10.7,350,613.681,140,60,101.3444,,,,,,,,
10.7,352,609.088,140,60,101.4793,,,,,,,,
10.7,354,604.434,140,60,101.6154,,,,,,,,
10.7,356,599.717,140,60,101.7525,,,,,,,,
10.7,358,594.936,140,60,101.8907,,,,,,,,
10.7,360,590.089,140,60,102.0299,,,,,,,,
10.7,362,585.174,140,60,102.1703,,,,,,,,
10.7,364,580.19,140,60,102.3117,,,,,,,,
10.7,366,575.135,140,60,102.4543,,,,,,,,
10.7,368,570.008,140,60,102.5979,,,,,,,,
10.7,370,564.805,140,60,102.7427,,,,,,,,
10.7,372,559.525,140,60,102.8886,,,,,,,,
10.7,374,554.167,140,60,103.0357,,,,,,,,
10.7,376,548.726,140,60,103.1838,,,,,,,,
10.7,378,543.202,140,60,103.3332,,,,,,,,
10.7,380,537.591,140,60,103.4837,,,,,,,,
10.7,382,531.892,140,60,103.6353,,,,,,,,
10.7,384,526.099,140,60,103.7882,,,,,,,,
10.7,386,520.212,140,60,103.9422,,,,,,,,
10.7,388,514.226,140,60,104.0974,,,,,,,,
10.7,390,508.138,140,60,104.2539,,,,,,,,
10.7,392,501.945,140,60,104.4116,,,,,,,,
10.7,394,495.642,140,60,104.5705,,,,,,,,
10.7,396,489.224,140,60,104.7307,,,,,,,,
10.7,398,482.689,140,60,104.8922,,,,,,,,
10.7,400,476.03,140,60,105.055,,,,,,,,
10.7,402,469.243,140,60,105.2191,,,,,,,,
10.7,404,462.321,140,60,105.3845,,,,,,,,
10.7,406,455.259,140,60,105.5513,,,,,,,,
10.7,408,448.05,140,60,105.7195,,,,,,,,
10.7,410,440.687,140,60,105.8891,,,,,,,,
10.7,412,433.161,140,60,106.0602,,,,,,,,
10.7,414,425.465,140,60,106.2327,,,,,,,,
10.7,416,417.589,140,60,106.4067,,,,,,,,
10.7,418,409.522,140,60,106.5823,,,,,,,,
10.7,420,401.254,140,60,106.7594,,,,,,,,
10.7,422,392.77,140,60,106.9382,,,,,,,,
10.7,424,384.058,140,60,107.1187,,,,,,,,
10.7,426,375.101,140,60,107.3009,,,,,,,,
10.7,428,365.881,140,60,107.4849,,,,,,,,
10.7,430,356.377,140,60,107.6708,,,,,,,,
10.7,432,346.567,140,60,107.8586,,,,,,,,
10.7,434,336.423,140,60,108.0485,,,,,,,,
10.7,436,325.915,140,60,108.2406,,,,,,,,
10.7,438,315.006,140,60,108.435,,,,,,,,
10.7,440,303.652,140,60,108.6318,,,,,,,,
10.7,442,291.802,140,60,108.8313,,,,,,,,
10.7,444,279.393,140,60,109.0336,,,,,,,,
10.7,446,266.347,140,60,109.2391,,,,,,,,
10.7,448,252.564,140,60,109.448,,,,,,,,
10.7,450,237.917,140,60,109.6609,,,,,,,,
10.7,452,222.235,140,60,109.8783,,,,,,,,
10.7,454,205.282,140,60,110.1011,,,,,,,,
10.7,456,186.71,140,60,110.3304,,,,,,,,
10.7,458,165.978,140,60,110.5681,,,,,,,,
10.7,460,142.143,140,60,110.8175,,,,,,,,
10.7,462,113.263,140,60,111.0853,,,,,,,,
10.7,464,73.625,140,60,111.3912,,,,,,,,
11.2,190,658.789,140,60,98.2254,,,,,,,,
11.2,192,656.465,140,60,98.29,,,,,,,,
11.2,194,654.109,140,60,98.3556,,,,,,,,
11.2,196,651.72,140,60,98.4222,,,,,,,,
11.2,198,649.297,140,60,98.4898,,,,,,,,
11.2,200,646.84,140,60,98.5585,,,,,,,,
11.2,202,644.35,140,60,98.6282,,,,,,,,
11.2,204,641.824,140,60,98.6989,,,,,,,,
11.2,206,639.264,140,60,98.7707,,,,,,,,
11.2,208,636.668,140,60,98.8435,,,,,,,,
11.2,210,634.037,140,60,98.9173,,,,,,,,
11.2,212,631.369,140,60,98.9921,,,,,,,,
11.2,214,628.664,140,60,99.068,,,,,,,,
11.2,216,625.922,140,60,99.1449,,,,,,,,
11.2,218,623.142,140,60,99.2229,,,,,,,,
11.2,220,620.324,140,60,99.3019,,,,,,,,
11.2,222,617.468,140,60,99.382,,,,,,,,
11.2,224,614.572,140,60,99.4631,,,,,,,,
11.2,226,611.636,140,60,99.5452,,,,,,,,
11.2,228,608.66,140,60,99.6285,,,,,,,,
11.2,230,605.642,140,60,99.7127,,,,,,,,
11.2,232,602.583,140,60,99.7981,,,,,,,,
11.2,234,599.482,140,60,99.8845,,,,,,,,
11.2,236,596.337,140,60,99.9719,,,,,,,,
11.2,238,593.15,140,60,100.0605,,,,,,,,
11.2,240,589.917,140,60,100.1501,,,,,,,,
11.2,242,586.64,140,60,100.2408,,,,,,,,
11.2,244,583.317,140,60,100.3325,,,,,,,,
11.2,246,579.947,140,60,100.4254,,,,,,,,
11.2,248,576.53,140,60,100.5193,,,,,,,,
11.2,250,573.064,140,60,100.6143,,,,,,,,
11.2,252,569.549,140,60,100.7105,,,,,,,,
11.2,254,565.984,140,60,100.8077,,,,,,,,
11.2,256,562.369,140,60,100.906,,,,,,,,
11.2,258,558.701,140,60,101.0054,,,,,,,,
11.2,260,554.98,140,60,101.106,,,,,,,,
11.2,262,551.204,140,60,101.2076,,,,,,,,
11.2,264,547.374,140,60,101.3104,,,,,,,,
11.2,266,543.487,140,60,101.4143,,,,,,,,
11.2,268,539.543,140,60,101.5193,,,,,,,,
11.2,270,535.539,140,60,101.6255,,,,,,,,
11.2,272,531.476,140,60,101.7328,,,,,,,,
11.2,274,527.35,140,60,101.8413,,,,,,,,
11.2,276,523.162,140,60,101.9509,,,,,,,,
11.2,278,518.909,140,60,102.0616,,,,,,,,
11.2,280,514.59,140,60,102.1736,,,,,,,,
11.2,282,510.202,140,60,102.2867,,,,,,,,
11.2,284,505.745,140,60,102.401,,,,,,,,
11.2,286,501.217,140,60,102.5164,,,,,,,,
11.2,288,496.615,140,60,102.6331,,,,,,,,
11.2,290,491.937,140,60,102.751,,,,,,,,
11.2,292,487.182,140,60,102.8701,,,,,,,,
11.2,294,482.347,140,60,102.9904,,,,,,,,
11.2,296,477.429,140,60,103.1119,,,,,,,,
11.2,298,472.426,140,60,103.2347,,,,,,,,
11.2,300,467.335,140,60,103.3587,,,,,,,,
11.2,302,462.154,140,60,103.484,,,,,,,,
11.2,304,456.879,140,60,103.6106,,,,,,,,
11.2,306,451.507,140,60,103.7385,,,,,,,,
11.2,308,446.034,140,60,103.8677,,,,,,,,
11.2,310,440.457,140,60,103.9981,,,,,,,,
11.2,312,434.772,140,60,104.13,,,,,,,,
11.2,314,428.974,140,60,104.2631,,,,,,,,
11.2,316,423.058,140,60,104.3977,,,,,,,,
11.2,318,417.021,140,60,104.5336,,,,,,,,
11.2,320,410.856,140,60,104.671,,,,,,,,
11.2,322,404.557,140,60,104.8097,,,,,,,,
11.2,324,398.119,140,60,104.95,,,,,,,,
11.2,326,391.533,140,60,105.0917,,,,,,,,
11.2,328,384.794,140,60,105.2349,,,,,,,,
11.2,330,377.892,140,60,105.3797,,,,,,,,
11.2,332,370.819,140,60,105.526,,,,,,,,
11.2,334,363.563,140,60,105.674,,,,,,,,
11.2,336,356.116,140,60,105.8236,,,,,,,,
11.2,338,348.463,140,60,105.9749,,,,,,,,
11.2,340,340.591,140,60,106.128,,,,,,,,
11.2,342,332.485,140,60,106.2829,,,,,,,,
11.2,344,324.127,140,60,106.4397,,,,,,,,
11.2,346,315.497,140,60,106.5985,,,,,,,,
11.2,348,306.572,140,60,106.7593,,,,,,,,
11.2,350,297.325,140,60,106.9222,,,,,,,,
11.2,352,287.726,140,60,107.0874,,,,,,,,
11.2,354,277.738,140,60,107.255,,,,,,,,
11.2,356,267.317,140,60,107.4252,,,,,,,,
11.2,358,256.411,140,60,107.5981,,,,,,,,
11.2,360,244.954,140,60,107.774,,,,,,,,
11.2,362,232.866,140,60,107.9532,,,,,,,,
11.2,364,220.042,140,60,108.1361,,,,,,,,
11.2,366,206.345,140,60,108.3232,,,,,,,,
11.2,368,191.589,140,60,108.5152,,,,,,,,
11.2,370,175.506,140,60,108.713,,,,,,,,
11.2,372,157.691,140,60,108.9181,,,,,,,,
11.2,374,137.471,140,60,109.133,,,,,,,,
11.2,376,113.571,140,60,109.3623,,,,,,,,
11.2,378,82.864,140,60,109.6172,,,,,,,,
11.7,141,488.506,140,60,101.3954,,,,,,,,
11.7,143,486.175,140,60,101.4419,,,,,,,,
11.7,145,483.799,140,60,101.4896,,,,,,,,
11.7,147,481.379,140,60,101.5385,,,,,,,,
11.7,149,478.913,140,60,101.5886,,,,,,,,
11.7,151,476.401,140,60,101.6398,,,,,,,,
11.7,153,473.842,140,60,101.6923,,,,,,,,
11.7,155,471.234,140,60,101.746,,,,,,,,
11.7,157,468.578,140,60,101.8009,,,,,,,,
11.7,159,465.873,140,60,101.857,,,,,,,,
11.7,161,463.117,140,60,101.9143,,,,,,,,
11.7,163,460.311,140,60,101.9728,,,,,,,,
11.7,165,457.451,140,60,102.0326,,,,,,,,
11.7,167,454.539,140,60,102.0936,,,,,,,,
11.7,169,451.573,140,60,102.1558,,,,,,,,
11.7,171,448.551,140,60,102.2193,,,,,,,,
11.7,173,445.473,140,60,102.284,,,,,,,,
11.7,175,442.337,140,60,102.35,,,,,,,,
11.7,177,439.142,140,60,102.4172,,,,,,,,
11.7,179,435.887,140,60,102.4857,,,,,,,,
11.7,181,432.571,140,60,102.5555,,,,,,,,
11.7,183,429.192,140,60,102.6266,,,,,,,,
11.7,185,425.749,140,60,102.699,,,,,,,,
11.7,187,422.239,140,60,102.7726,,,,,,,,
11.7,189,418.662,140,60,102.8476,,,,,,,,
11.7,191,415.015,140,60,102.9239,,,,,,,,
11.7,193,411.298,140,60,103.0015,,,,,,,,
11.7,195,407.507,140,60,103.0804,,,,,,,,
11.7,197,403.641,140,60,103.1607,,,,,,,,
11.7,199,399.697,140,60,103.2423,,,,,,,,
11.7,201,395.674,140,60,103.3253,,,,,,,,
11.7,203,391.568,140,60,103.4096,,,,,,,,
11.7,205,387.378,140,60,103.4953,,,,,,,,
11.7,207,383.1,140,60,103.5825,,,,,,,,
11.7,209,378.732,140,60,103.671,,,,,,,,
11.7,211,374.27,140,60,103.7609,,,,,,,,
11.7,213,369.71,140,60,103.8523,,,,,,,,
11.7,215,365.05,140,60,103.9451,,,,,,,,
11.7,217,360.286,140,60,104.0394,,,,,,,,
11.7,219,355.412,140,60,104.1352,,,,,,,,
11.7,221,350.425,140,60,104.2324,,,,,,,,
11.7,223,345.32,140,60,104.3312,,,,,,,,
11.7,225,340.091,140,60,104.4315,,,,,,,,
11.7,227,334.732,140,60,104.5334,,,,,,,,
11.7,229,329.238,140,60,104.6369,,,,,,,,
11.7,231,323.601,140,60,104.7419,,,,,,,,
11.7,233,317.814,140,60,104.8487,,,,,,,,
11.7,235,311.868,140,60,104.9571,,,,,,,,
11.7,237,305.754,140,60,105.0672,,,,,,,,
11.7,239,299.463,140,60,105.1791,,,,,,,,
11.7,241,292.981,140,60,105.2928,,,,,,,,
11.7,243,286.297,140,60,105.4083,,,,,,,,
11.7,245,279.395,140,60,105.5258,,,,,,,,
11.7,247,272.261,140,60,105.6452,,,,,,,,
11.7,249,264.873,140,60,105.7667,,,,,,,,
11.7,251,257.212,140,60,105.8903,,,,,,,,
11.7,253,249.25,140,60,106.0161,,,,,,,,
11.7,255,240.96,140,60,106.1443,,,,,,,,
11.7,257,232.305,140,60,106.275,,,,,,,,
11.7,259,223.244,140,60,106.4083,,,,,,,,
11.7,261,213.724,140,60,106.5445,,,,,,,,
11.7,263,203.681,140,60,106.6838,,,,,,,,
11.7,265,193.033,140,60,106.8265,,,,,,,,
11.7,267,181.675,140,60,106.973,,,,,,,,
11.7,269,169.463,140,60,107.1239,,,,,,,,
11.7,271,156.198,140,60,107.28,,,,,,,,
11.7,273,141.583,140,60,107.4423,,,,,,,,
11.7,275,125.147,140,60,107.6128,,,,,,,,
11.7,277,106.046,140,60,107.7944,,,,,,,,
11.7,279,82.449,140,60,107.9944,,,,,,,,
11.7,281,48.144,140,60,108.2359,,,,,,,,
12.2,0,0,0,0,0,,,,,,,,
12.7,0,0,0,0,0,,,,,,,,
13.2,0,0,0,0,0,,,,,,,,
13.7,0,0,0,0,0,,,,,,,,
14.2,0,0,0,0,0,,,,,,,,
14.7,0,0,0,0,0,,,,,,,,
15.2,0,0,0,0,0,,,,,,,,
15.7,0,0,0,0,0,,,,,,,,
16.2,0,0,0,0,0,,,,,,,,
16.7,0,0,0,0,0,,,,,,,,
17.2,0,0,0,0,0,,,,,,,,
17.7,0,0,0,0,0,,,,,,,,
18.2,0,0,0,0,0,,,,,,,,
18.7,0,0,0,0,0,,,,,,,,
19.2,0,0,0,0,0,,,,,,,,
19.7,0,0,0,0,0,,,,,,,,
20.2,0,0,0,0,0,,,,,,,,
20.7,0,0,0,0,0,,,,,,,,
21.2,0,0,0,0,0,,,,,,,,
21.7,0,0,0,0,0,,,,,,,,
22.2,0,0,0,0,0,,,,,,,,
22.7,0,0,0,0,0,,,,,,,,
23.2,0,0,0,0,0,,,,,,,,
23.7,0,0,0,0,0,,,,,,,,
24.2,0,0,0,0,0,,,,,,,,
24.7,0,0,0,0,0,,,,,,,,
25.2,0,0,0,0,0,,,,,,,,
25.7,0,0,0,0,0,,,,,,,,
26.2,0,0,0,0,0,,,,,,,,
26.7,0,0,0,0,0,,,,,,,,
27.2,0,0,0,0,0,,,,,,,,
27.7,0,0,0,0,0,,,,,,,,
28.2,0,0,0,0,0,,,,,,,,
28.7,0,0,0,0,0,,,,,,,,
29.2,0,0,0,0,0,,,,,,,,
29.7,0,0,0,0,0,,,,,,,,
30.2,0,0,0,0,0,,,,,,,,
30.7,0,0,0,0,0,,,,,,,,
31.2,0,0,0,0,0,,,,,,,,
