sample_index,log_frame_index,timestamp,time_s,fov_deg,uav_lat,uav_lon,uav_alt,actual_area_m2,predicted_area_m2,area_error_m2,area_error_pct,centroid_error_m,corner_error_c1_m,corner_error_c2_m,corner_error_c3_m,corner_error_c4_m,mean_corner_error_m,max_corner_error_m,actual_center_lat,actual_center_lon,predicted_center_lat,predicted_center_lon,actual_c1_lat,actual_c1_lon,predicted_c1_lat,predicted_c1_lon,actual_c2_lat,actual_c2_lon,predicted_c2_lat,predicted_c2_lon,actual_c3_lat,actual_c3_lon,predicted_c3_lat,predicted_c3_lon,actual_c4_lat,actual_c4_lon,predicted_c4_lat,predicted_c4_lon
0,0,826609413281,0.000,4.097963,37.908768000,128.171600000,1395.000000,2676.163112,2519.608930,-156.554181,-5.849949,9.356453,17.546136,34.452281,29.399208,11.216903,23.153632,34.452281,37.912796000,128.172270000,37.912796000,128.172270000,37.913086000,128.172120000,37.912968160,128.171987318,37.912685000,128.172600000,37.912994047,128.172620978,37.912308000,128.172380000,37.912544813,128.172528181,37.912674000,128.171900000,37.912577298,128.171935893
1,1,826609413485,0.204,4.097963,37.908836000,128.171590000,1395.000000,3137.610067,2736.012570,-401.597497,-12.799471,13.158881,13.273202,61.921958,31.359129,47.273093,38.456846,61.921958,37.913055000,128.172910000,37.913055000,128.172910000,37.913254000,128.172590000,37.913356778,128.172666615,37.913670000,128.172870000,37.913230786,128.173302648,37.913105000,128.173320000,37.912849233,128.173170346,37.912754000,128.173050000,37.912888603,128.172539489
2,2,826609413688,0.407,4.097963,37.908897000,128.171570000,1394.000000,3629.056539,4099.803745,470.747206,12.971614,1.293683,17.200516,26.706978,22.113199,27.388849,23.352385,27.388849,37.913544000,128.173610000,37.913544000,128.173610000,37.914013000,128.173550000,37.913915963,128.173397587,37.913612000,128.174070000,37.913847528,128.174127875,37.913147000,128.173690000,37.913294378,128.173858824,37.913567000,128.173220000,37.913324593,128.173166616
3,3,826609413891,0.610,4.097963,37.908960000,128.171550000,1394.000000,3948.529821,4341.446526,392.916705,9.950962,7.564655,25.062264,17.282368,11.372601,31.789779,21.376753,31.789779,37.914000000,128.174320000,37.914000000,128.174320000,37.914490000,128.174270000,37.914319258,128.174083995,37.914030000,128.174800000,37.914182081,128.174839558,37.913624000,128.174410000,37.913662591,128.174529900,37.914013000,128.173870000,37.913734289,128.173791130
4,4,826609414082,0.801,4.097963,37.909027000,128.171540000,1394.000000,4790.256528,5361.613104,571.356576,11.927473,0.353041,17.720314,28.381530,13.128548,22.716709,20.486775,28.381530,37.914450000,128.174970000,37.914450000,128.174970000,37.914963000,128.174940000,37.914866712,128.174779326,37.914402000,128.175450000,37.914643902,128.175552079,37.913950000,128.174990000,37.914011118,128.175117849,37.914455000,128.174480000,37.914255833,128.174423654
5,5,826609414285,1.004,4.097963,37.909090000,128.171520000,1393.000000,5083.721542,5459.321779,375.600236,7.388293,0.084077,21.929032,27.197163,17.531315,22.859000,22.379128,27.197163,37.914790000,128.174910000,37.914790000,128.174910000,37.915320000,128.174880000,37.915191479,128.174690765,37.914745000,128.175400000,37.914979700,128.175486031,37.914280000,128.174930000,37.914370519,128.175093353,37.914745000,128.174400000,37.914545454,128.174338573
6,6,826609414489,1.208,4.097963,37.909157000,128.171520000,1393.000000,3988.299814,4459.216156,470.916342,11.807446,3.533427,18.971504,32.261829,23.278153,23.586127,24.524403,32.261829,37.914375000,128.174260000,37.914375000,128.174260000,37.914820000,128.174200000,37.914720462,128.174024656,37.914337000,128.174710000,37.914615224,128.174812841,37.913920000,128.174300000,37.914060910,128.174495842,37.914368000,128.173800000,37.914159034,128.173755629
7,7,826609414692,1.411,4.097963,37.909218000,128.171510000,1392.000000,3850.818489,3993.305948,142.487459,3.700186,0.866724,22.164310,27.261241,22.560142,28.512035,25.124432,28.512035,37.913910000,128.173570000,37.913910000,128.173570000,37.914400000,128.173520000,37.914257635,128.173343567,37.913914000,128.174000000,37.914153880,128.174062477,37.913445000,128.173600000,37.913585326,128.173785338,37.913975000,128.173170000,37.913720626,128.173132072
8,8,826609414880,1.599,4.097963,37.909286000,128.171510000,1392.000000,3128.649193,2802.440718,-326.208475,-10.426496,8.124545,30.973152,49.728553,15.369828,54.838503,37.727509,54.838503,37.913414000,128.172730000,37.913414000,128.172730000,37.913418000,128.172360000,37.913681075,128.172474829,37.913845000,128.172650000,37.913596513,128.173120544,37.913246000,128.173050000,37.913126828,128.172961626,37.912890000,128.172760000,37.913274231,128.172369234
9,9,826609415085,1.804,4.097963,37.909348000,128.171510000,1391.000000,2252.392575,2277.814366,25.421791,1.128657,6.792996,14.789165,41.651562,31.863224,36.256329,31.140070,41.651562,37.912846000,128.172000000,37.912846000,128.172000000,37.912857000,128.171660000,37.912978681,128.171727592,37.913216000,128.171890000,37.913098061,128.172340080,37.912945000,128.172350000,37.912667358,128.172261786,37.912575000,128.172100000,37.912605242,128.171688959
10,10,826609415304,2.023,4.097963,37.909410000,128.171500000,1391.000000,2271.601924,2106.950806,-164.651118,-7.248238,3.416225,22.921804,41.208868,7.956263,36.740848,27.206946,41.208868,37.912903000,128.171620000,37.912903000,128.171620000,37.912850000,128.171300000,37.913053704,128.171338105,37.913270000,128.171480000,37.913150820,128.171924233,37.912865000,128.171940000,37.912800469,128.171901054,37.912550000,128.171740000,37.912647788,128.171340442
11,11,826609415501,2.220,4.097963,37.909480000,128.171500000,1390.000000,2569.079466,3010.768813,441.689347,17.192514,0.849293,21.400827,27.738424,16.953850,25.383269,22.869092,27.738424,37.913635000,128.172440000,37.913635000,128.172440000,37.913994000,128.172330000,37.913854563,128.172162245,37.913650000,128.172820000,37.913898804,128.172837318,37.913310000,128.172550000,37.913402230,128.172703620,37.913624000,128.172060000,37.913396373,128.172077007
12,12,826609415682,2.401,4.097963,37.909542000,128.171500000,1390.000000,3371.126045,3445.911368,74.785323,2.218408,4.280711,22.918509,56.071590,30.842404,49.764903,39.899351,56.071590,37.914090000,128.173170000,37.914090000,128.173170000,37.914204000,128.172800000,37.914388488,128.172915833,37.914600000,128.173130000,37.914255964,128.173596329,37.913998000,128.173540000,37.913748408,128.173387541,37.913643000,128.173220000,37.913900599,128.172756885
13,13,826609415885,2.604,4.097963,37.909610000,128.171510000,1389.000000,3591.469854,3937.352120,345.882266,9.630660,1.571979,21.715224,27.054198,22.422965,34.541946,26.433583,34.541946,37.914460000,128.173830000,37.914460000,128.173830000,37.914948000,128.173810000,37.914831504,128.173611674,37.914433000,128.174270000,37.914671261,128.174330739,37.914040000,128.173870000,37.914167605,128.174067552,37.914597000,128.173450000,37.914291956,128.173377942
14,14,826609416088,2.807,4.097963,37.909670000,128.171510000,1389.000000,4699.358137,4781.506336,82.148198,1.748073,2.259168,31.760515,29.730249,22.707009,28.728914,28.231672,31.760515,37.914864000,128.174510000,37.914864000,128.174510000,37.915447000,128.174560000,37.915248201,128.174300600,37.914840000,128.174990000,37.915096537,128.175084141,37.914406000,128.174510000,37.914521297,128.174723290,37.914913000,128.174070000,37.914662602,128.173990797
15,15,826609416291,3.010,4.097963,37.909733000,128.171510000,1388.000000,4690.580094,4929.292771,238.712677,5.089193,3.604695,23.669141,22.148183,22.630559,34.257113,25.676249,34.257113,37.915306000,128.175190000,37.915306000,128.175190000,37.915863000,128.175220000,37.915737004,128.175002905,37.915222000,128.175640000,37.915408599,128.175727507,37.914810000,128.175160000,37.914915991,128.175379892,37.915420000,128.174740000,37.915124860,128.174629536
16,16,826609416478,3.197,4.097963,37.909805000,128.171520000,1388.000000,5041.424221,5116.756772,75.332551,1.494271,1.641091,26.082234,28.543425,24.913136,33.791486,28.332570,33.791486,37.915714000,128.175140000,37.915714000,128.175140000,37.916270000,128.175160000,37.916131502,128.174920450,37.915590000,128.175600000,37.915836345,128.175690169,37.915165000,128.175100000,37.915293199,128.175332523,37.915836000,128.174680000,37.915541566,128.174586390
17,17,826609416684,3.403,4.097963,37.909866000,128.171520000,1388.000000,4663.355329,4936.382336,273.027007,5.854733,2.226004,31.746346,61.871116,36.468931,55.763016,46.462352,61.871116,37.915270000,128.174470000,37.915270000,128.174470000,37.915436000,128.174060000,37.915676426,128.174254414,37.915855000,128.174500000,37.915492784,128.175034347,37.915190000,128.174910000,37.914912327,128.174689637,37.914750000,128.174440000,37.915071247,128.173952809
18,18,826609416887,3.606,4.097963,37.909935000,128.171540000,1387.000000,3802.429116,3942.299442,139.870326,3.678447,3.214044,25.643215,57.832855,30.041220,52.322830,41.460030,57.832855,37.914772000,128.173750000,37.914772000,128.173750000,37.914948000,128.173390000,37.915151028,128.173527948,37.915340000,128.173780000,37.914963331,128.174233532,37.914680000,128.174150000,37.914448075,128.173975107,37.914320000,128.173770000,37.914615986,128.173307190
19,19,826609417091,3.810,4.097963,37.909996000,128.171550000,1387.000000,2780.717350,2931.314025,150.596675,5.415749,2.860419,26.559316,47.674957,13.658727,44.899641,33.198160,47.674957,37.914276000,128.172910000,37.914276000,128.172910000,37.914260000,128.172530000,37.914484712,128.172631625,37.914670000,128.172850000,37.914454639,128.173319222,37.914110000,128.173250000,37.914009749,128.173160330,37.913857000,128.172960000,37.914047781,128.172509559
20,20,826609417280,3.999,4.097963,37.910053000,128.171570000,1386.000000,2390.943314,2601.929931,210.986617,8.824409,3.608569,12.941254,42.571748,22.895637,39.448001,29.464160,42.571748,37.913868000,128.172420000,37.913868000,128.172420000,37.913994000,128.172090000,37.914099477,128.172151959,37.914270000,128.172360000,37.914113849,128.172802491,37.913887000,128.172800000,37.913698955,128.172694397,37.913560000,128.172500000,37.913670916,128.172073397
21,21,826609417483,4.202,4.097963,37.910126000,128.171590000,1386.000000,2278.232912,2285.494530,7.261618,0.318739,2.978792,20.147377,39.846048,6.184246,37.033804,25.802869,39.846048,37.913456000,128.171700000,37.913456000,128.171700000,37.913467000,128.171390000,37.913647132,128.171412271,37.913837000,128.171620000,37.913642432,128.172000820,37.913307000,128.172010000,37.913259354,128.171973791,37.913044000,128.171780000,37.913213078,128.171416840
22,22,826609417688,4.407,4.097963,37.910183000,128.171600000,1385.000000,2793.238276,2719.517157,-73.721118,-2.639271,4.626152,19.937259,46.983284,7.120057,46.625281,30.166470,46.983284,37.914090000,128.172040000,37.914090000,128.172040000,37.914196000,128.171690000,37.914369091,128.171748307,37.914536000,128.171950000,37.914287626,128.172382531,37.913914000,128.172360000,37.913859293,128.172317997,37.913620000,128.172100000,37.913908404,128.171715012
23,23,826609417891,4.610,4.097963,37.910250000,128.171620000,1385.000000,2892.402192,3062.643713,170.241521,5.885818,0.841934,19.665884,46.947661,17.681017,42.666035,31.740150,46.947661,37.914560000,128.172790000,37.914560000,128.172790000,37.914658000,128.172420000,37.914818250,128.172514254,37.915005000,128.172740000,37.914803121,128.173209347,37.914494000,128.173170000,37.914355761,128.173070861,37.914192000,128.172850000,37.914345808,128.172405016
24,24,826609418078,4.797,4.097963,37.910313000,128.171650000,1384.000000,3507.561560,3785.121112,277.559552,7.913177,2.254394,23.059653,56.082212,19.870194,47.503043,36.628776,56.082212,37.915016000,128.173510000,37.915016000,128.173510000,37.915165000,128.173140000,37.915349174,128.173260185,37.915554000,128.173520000,37.915189826,128.173961259,37.914833000,128.173860000,37.914682405,128.173738537,37.914562000,128.173510000,37.914811594,128.173071276
25,25,826609418284,5.003,4.097963,37.910370000,128.171660000,1384.000000,4043.281823,4387.882884,344.601060,8.522806,6.621522,32.413699,55.632279,24.395161,57.306044,42.436796,57.306044,37.915455000,128.174200000,37.915455000,128.174200000,37.915585000,128.173800000,37.915840939,128.173976001,37.915943000,128.174200000,37.915661776,128.174723651,37.915287000,128.174560000,37.915099500,128.174416209,37.914886000,128.174120000,37.915298073,128.173728894
26,26,826609418489,5.208,4.097963,37.910440000,128.171690000,1383.000000,4182.767493,4340.972858,158.205365,3.782313,1.411935,30.121571,59.690259,27.040099,54.977715,42.957411,59.690259,37.915844000,128.174840000,37.915844000,128.174840000,37.915985000,128.174420000,37.916210997,128.174608619,37.916340000,128.174870000,37.915967992,128.175359496,37.915680000,128.175230000,37.915480478,128.175054389,37.915325000,128.174760000,37.915677268,128.174321236
27,27,826609418691,5.410,4.097963,37.910496000,128.171700000,1383.000000,4792.481688,4911.826328,119.344639,2.490247,0.331315,29.796685,35.146414,25.404772,31.851504,30.549844,35.146414,37.916310000,128.175460000,37.916310000,128.175460000,37.916880000,128.175540000,37.916735250,128.175254603,37.916138000,128.175890000,37.916435930,128.176022463,37.915794000,128.175400000,37.915903825,128.175653580,37.916470000,128.175030000,37.916195091,128.174929440
28,28,826609418889,5.608,4.097963,37.910560000,128.171740000,1382.000000,4451.037394,4661.619097,210.581703,4.731070,1.694232,23.656748,62.764544,31.625602,58.875777,44.230668,62.764544,37.916492000,128.175170000,37.916492000,128.175170000,37.916687000,128.174760000,37.916860000,128.174916444,37.917020000,128.175200000,37.916636884,128.175724352,37.916332000,128.175600000,37.916100776,128.175390765,37.915974000,128.175110000,37.916354654,128.174644561
29,29,826609419082,5.801,4.097963,37.910560000,128.171740000,1382.000000,4451.037394,4661.619097,210.581703,4.731070,1.694232,23.656748,62.764544,31.625602,58.875777,44.230668,62.764544,37.916492000,128.175170000,37.916492000,128.175170000,37.916687000,128.174760000,37.916860000,128.174916444,37.917020000,128.175200000,37.916636884,128.175724352,37.916332000,128.175600000,37.916100776,128.175390765,37.915974000,128.175110000,37.916354654,128.174644561
30,30,826609419287,6.006,4.097963,37.910618000,128.171770000,1382.000000,4227.088064,4354.440472,127.352408,3.012769,1.162513,28.675792,60.226283,26.421881,54.305645,42.407400,60.226283,37.916100000,128.174530000,37.916100000,128.174530000,37.916270000,128.174130000,37.916493574,128.174292188,37.916660000,128.174580000,37.916266281,128.175050352,37.915960000,128.174940000,37.915761408,128.174775231,37.915623000,128.174500000,37.915950665,128.174041883
31,31,826609419490,6.209,4.097963,37.910740000,128.171830000,1381.000000,3199.450518,3645.384823,445.934305,13.937840,0.774061,20.407009,47.625946,13.559657,44.596003,31.547154,47.625946,37.915226000,128.173140000,37.915226000,128.173140000,37.915390000,128.172790000,37.915561433,128.172872310,37.915707000,128.173140000,37.915447716,128.173571362,37.915066000,128.173500000,37.914966239,128.173411406,37.914776000,128.173160000,37.914991315,128.172731781
32,32,826609419678,6.397,4.097963,37.910740000,128.171830000,1381.000000,3199.450518,3645.384823,445.934305,13.937840,0.774061,20.407009,47.625946,13.559657,44.596003,31.547154,47.625946,37.915226000,128.173140000,37.915226000,128.173140000,37.915390000,128.172790000,37.915561433,128.172872310,37.915707000,128.173140000,37.915447716,128.173571362,37.915066000,128.173500000,37.914966239,128.173411406,37.914776000,128.173160000,37.914991315,128.172731781
33,33,826609419883,6.602,4.097963,37.910797000,128.171860000,1380.000000,2805.435918,2663.989763,-141.446155,-5.041860,0.557230,8.954813,46.157042,9.680157,43.945698,27.184428,46.157042,37.914692000,128.172450000,37.914692000,128.172450000,37.914883000,128.172120000,37.914956348,128.172161869,37.915173000,128.172410000,37.914905214,128.172811261,37.914566000,128.172780000,37.914487453,128.172732708,37.914265000,128.172490000,37.914524312,128.172112703
34,34,826609420087,6.806,4.097963,37.910862000,128.171890000,1380.000000,2111.127886,2207.354477,96.226591,4.558065,0.408300,9.249744,35.608684,9.943932,33.890889,22.173312,35.608684,37.914276000,128.171700000,37.914276000,128.171700000,37.914326000,128.171370000,37.914407635,128.171389638,37.914608000,128.171630000,37.914469953,128.171995757,37.914158000,128.172030000,37.914071276,128.172002863,37.913918000,128.171770000,37.914048606,128.171421416
35,35,826609420291,7.010,4.097963,37.910915000,128.171920000,1379.000000,2102.029895,2310.506664,208.476769,9.917878,2.420017,7.721139,37.145748,12.400901,32.047677,22.328866,37.145748,37.914482000,128.171620000,37.914482000,128.171620000,37.914543000,128.171280000,37.914610413,128.171300688,37.914830000,128.171520000,37.914710517,128.171914916,37.914417000,128.171940000,37.914305701,128.171934000,37.914146000,128.171690000,37.914238626,128.171344492
36,36,826609420478,7.197,4.097963,37.910980000,128.171970000,1379.000000,3026.171822,2975.389119,-50.782704,-1.678117,2.836960,15.303677,45.822599,7.136030,44.835874,28.274545,45.822599,37.915062000,128.172330000,37.915062000,128.172330000,37.915176000,128.171980000,37.915310306,128.172017203,37.915554000,128.172270000,37.915308931,128.172689216,37.914870000,128.172670000,37.914816458,128.172625318,37.914608000,128.172380000,37.914872112,128.171994559
37,37,826609420707,7.426,4.097963,37.911034000,128.172010000,1378.000000,3249.775466,3659.502159,409.726693,12.607846,1.304528,17.674070,51.822853,17.657631,46.569378,33.430983,51.822853,37.915750000,128.173360000,37.915750000,128.173360000,37.915947000,128.173000000,37.916092623,128.173080182,37.916240000,128.173340000,37.915938848,128.173789990,37.915596000,128.173720000,37.915453363,128.173632041,37.915302000,128.173370000,37.915556391,128.172949036
38,38,826609420922,7.641,4.097963,37.911087000,128.172040000,1378.000000,3597.643038,3764.797823,167.154785,4.646230,0.678453,21.294525,54.605297,22.385285,51.579904,37.466253,54.605297,37.916172000,128.174030000,37.916172000,128.174030000,37.916340000,128.173650000,37.916510418,128.173760143,37.916660000,128.174030000,37.916335972,128.174496809,37.916020000,128.174410000,37.915844703,128.174285105,37.915700000,128.174010000,37.916021892,128.173587537
39,39,826609421090,7.809,4.097963,37.911148000,128.172090000,1377.000000,3760.884015,3767.969626,7.085611,0.188403,1.171109,20.057518,57.234073,24.324676,56.269674,39.471485,57.234073,37.916595000,128.174730000,37.916595000,128.174730000,37.916744000,128.174320000,37.916893051,128.174448323,37.917046000,128.174710000,37.916735334,128.175229288,37.916430000,128.175130000,37.916249228,128.174974396,37.916100000,128.174700000,37.916463191,128.174254358
40,40,826609421279,7.998,4.097963,37.911198000,128.172130000,1377.000000,3528.192993,3195.684933,-332.508060,-9.424316,3.609495,21.812369,23.056845,31.765861,20.548727,24.295950,31.765861,37.916985000,128.175450000,37.916985000,128.175450000,37.917343000,128.175380000,37.917258042,128.175156186,37.916860000,128.175890000,37.917061656,128.175949925,37.916515000,128.175450000,37.916695889,128.175729755,37.917076000,128.175000000,37.916894476,128.174957516
41,41,826609421482,8.201,4.097963,37.911310000,128.172210000,1376.000000,3603.834938,3411.122447,-192.712491,-5.347428,1.107137,23.876598,18.527210,20.441628,18.833584,20.419755,23.876598,37.917496000,128.175770000,37.917496000,128.175770000,37.917910000,128.175700000,37.917787604,128.175476731,37.917435000,128.176270000,37.917600027,128.176297364,37.917126000,128.175860000,37.917214730,128.176063791,37.917580000,128.175300000,37.917412309,128.175271566
42,42,826609421686,8.405,4.097963,37.911310000,128.172210000,1376.000000,2857.148761,3030.659262,173.510500,6.072855,0.476856,18.586434,18.174269,18.625995,19.866914,18.813403,19.866914,37.917320000,128.175140000,37.917320000,128.175140000,37.917664000,128.175020000,37.917587806,128.174831680,37.917250000,128.175610000,37.917412632,128.175628167,37.916980000,128.175260000,37.917058900,128.175447032,37.917408000,128.174700000,37.917231481,128.174666663
43,43,826609421890,8.609,4.097963,37.911415000,128.172320000,1375.000000,3338.634722,3053.048769,-285.585953,-8.553974,1.764422,19.623986,19.572822,25.729681,19.090188,21.004169,25.729681,37.916980000,128.174480000,37.916980000,128.174480000,37.917340000,128.174330000,37.917222377,128.174163558,37.916927000,128.174930000,37.917102546,128.174942571,37.916560000,128.174590000,37.916730010,128.174788487,37.917000000,128.174030000,37.916828636,128.174021673
44,44,826609422093,8.812,4.097963,37.911465000,128.172360000,1374.000000,3189.423595,3082.809859,-106.613736,-3.342727,0.386158,20.241818,19.597584,18.686214,19.082639,19.402064,20.241818,37.916496000,128.173750000,37.916496000,128.173750000,37.916847000,128.173580000,37.916710377,128.173427900,37.916477000,128.174180000,37.916653048,128.174179774,37.916080000,128.173890000,37.916199849,128.174038979,37.916500000,128.173320000,37.916328860,128.173332465
45,45,826609422280,8.999,4.097963,37.911522000,128.172410000,1374.000000,2724.048789,3207.935143,483.886354,17.763498,1.675167,11.124829,22.565698,13.982302,20.265875,16.984676,22.565698,37.915974000,128.173020000,37.915974000,128.173020000,37.916294000,128.172800000,37.916235539,128.172697261,37.915974000,128.173420000,37.916176428,128.173406414,37.915610000,128.173220000,37.915704956,128.173324219,37.915950000,128.172620000,37.915769528,128.172650333
46,46,826609422486,9.205,4.097963,37.911570000,128.172450000,1374.000000,2947.310122,3109.453578,162.143456,5.501405,3.966223,10.709847,21.625215,17.466045,13.961356,15.940616,21.625215,37.915447000,128.172300000,37.915447000,128.172300000,37.915745000,128.172030000,37.915667147,128.171958353,37.915540000,128.172670000,37.915731139,128.172626021,37.915090000,128.172550000,37.915235597,128.172624120,37.915300000,128.171940000,37.915183074,128.171997501
47,47,826609422689,9.408,4.097963,37.911617000,128.172500000,1373.000000,2217.774066,2044.514979,-173.259086,-7.812297,2.941314,17.416816,9.445821,8.643119,10.101480,11.401809,17.416816,37.914772000,128.171630000,37.914772000,128.171630000,37.915035000,128.171310000,37.914879188,128.171292004,37.914960000,128.171940000,37.915026107,128.171872570,37.914623000,128.171900000,37.914687188,128.171955371,37.914610000,128.171340000,37.914532455,128.171399738
48,48,826609422907,9.626,4.097963,37.911674000,128.172560000,1373.000000,2720.455586,2868.693914,148.238328,5.449026,1.778252,7.581970,13.014679,11.851710,14.182744,11.657776,14.182744,37.915325000,128.171590000,37.915325000,128.171590000,37.915554000,128.171230000,37.915486833,128.171215683,37.915554000,128.171890000,37.915663326,128.171837484,37.915096000,128.171900000,37.915197399,128.171941135,37.915154000,128.171260000,37.915048578,128.171350685
49,49,826609423082,9.801,4.097963,37.911720000,128.172600000,1373.000000,2530.865801,2894.499086,363.633285,14.367940,2.235230,4.421976,5.175964,2.428465,10.348190,5.593649,10.348190,37.916110000,128.172620000,37.916110000,128.172620000,37.916320000,128.172300000,37.916288241,128.172269755,37.916267000,128.172990000,37.916311736,128.172973935,37.915880000,128.172930000,37.915878120,128.172957549,37.915955000,128.172260000,37.915863617,128.172281608
50,50,826609423285,10.004,4.097963,37.911777000,128.172670000,1372.000000,2624.413447,2568.704743,-55.708704,-2.122711,1.542127,1.903187,2.978648,3.969074,0.507160,2.339517,3.969074,37.916410000,128.173080000,37.916410000,128.173080000,37.916588000,128.172760000,37.916587104,128.172738359,37.916576000,128.173480000,37.916595925,128.173457362,37.916170000,128.173400000,37.916204373,128.173412009,37.916240000,128.172710000,37.916237644,128.172714943
51,51,826609423490,10.209,4.097963,37.911823000,128.172710000,1372.000000,2741.019780,2767.757263,26.737482,0.975457,1.297456,2.938407,0.953500,1.528271,1.025540,1.611430,2.938407,37.917038000,128.174090000,37.917038000,128.174090000,37.917230000,128.173750000,37.917253937,128.173764102,37.917200000,128.174510000,37.917200330,128.174520849,37.916824000,128.174420000,37.916837426,128.174416364,37.916866000,128.173680000,37.916873498,128.173673214
52,52,826609423693,10.412,4.097963,37.911873000,128.172760000,1372.000000,2592.506611,2661.507464,69.000853,2.661550,0.703720,2.822224,2.240248,2.628132,2.776407,2.616753,2.822224,37.917446000,128.174770000,37.917446000,128.174770000,37.917652000,128.174440000,37.917675732,128.174451306,37.917570000,128.175200000,37.917552770,128.175213180,37.917220000,128.175110000,37.917210799,128.175082440,37.917320000,128.174360000,37.917336231,128.174335996
53,53,826609423881,10.600,4.097963,37.911926000,128.172820000,1372.000000,2900.438766,2816.208801,-84.229965,-2.904042,0.821759,10.280193,9.324692,6.082634,6.363839,8.012840,10.280193,37.917774000,128.175420000,37.917774000,128.175420000,37.917934000,128.175030000,37.918004968,128.175104905,37.917957000,128.175870000,37.917874418,128.175887787,37.917560000,128.175770000,37.917520820,128.175721721,37.917610000,128.174970000,37.917666837,128.174962225
54,54,826609424084,10.803,4.097963,37.911976000,128.172870000,1371.000000,2933.185424,2759.941818,-173.243606,-5.906330,4.472430,2.682802,12.279726,8.860748,3.736588,6.889966,12.279726,37.917847000,128.175020000,37.917847000,128.175020000,37.918080000,128.174670000,37.918084067,128.174700111,37.918102000,128.175480000,37.917991763,128.175485116,37.917698000,128.175400000,37.917631580,128.175344396,37.917730000,128.174620000,37.917748119,128.174584182
55,55,826609424291,11.010,4.097963,37.912025000,128.172910000,1371.000000,2485.259322,2572.599988,87.340667,3.514348,0.954840,8.859032,6.213548,6.540299,6.762077,7.093739,8.859032,37.917570000,128.174330000,37.917570000,128.174330000,37.917713000,128.173950000,37.917783700,128.173996312,37.917730000,128.174710000,37.917683271,128.174748697,37.917400000,128.174710000,37.917357004,128.174659246,37.917374000,128.173950000,37.917427266,128.173912986
56,56,826609424490,11.209,4.097963,37.912080000,128.172960000,1371.000000,2467.878811,2512.637305,44.758494,1.813642,0.258945,9.994384,8.614455,9.507768,8.844447,9.240264,9.994384,37.916950000,128.173550000,37.916950000,128.173550000,37.917060000,128.173170000,37.917143928,128.173210420,37.917202000,128.173890000,37.917134845,128.173938742,37.916860000,128.173930000,37.916781205,128.173888223,37.916714000,128.173220000,37.916785118,128.173175100
57,57,826609424691,11.410,4.097963,37.912136000,128.173020000,1370.000000,2365.666469,2608.925071,243.258602,10.282878,1.733982,12.160180,5.502243,8.961199,6.211810,8.208858,12.160180,37.915530000,128.172530000,37.915530000,128.172530000,37.915585000,128.172160000,37.915692599,128.172183887,37.915806000,128.172760000,37.915788832,128.172818751,37.915447000,128.172880000,37.915367622,128.172863027,37.915222000,128.172300000,37.915269216,128.172262303
58,58,826609424878,11.597,4.097963,37.912186000,128.173070000,1370.000000,1593.857576,1585.524209,-8.333367,-0.522843,1.879052,7.083540,2.761370,0.752740,2.439405,3.259264,7.083540,37.914185000,128.172000000,37.914185000,128.172000000,37.914177000,128.171680000,37.914240413,128.171673308,37.914433000,128.172150000,37.914416982,128.172174008,37.914143000,128.172320000,37.914141680,128.172311594,37.913940000,128.171840000,37.913961404,128.171834043
59,59,826609425088,11.807,4.097963,37.912235000,128.173110000,1370.000000,1213.715804,1068.026856,-145.688947,-12.003547,0.350188,3.261500,1.483010,3.012191,1.612371,2.342268,3.261500,37.913204000,128.171830000,37.913204000,128.171830000,37.913150000,128.171550000,37.913131588,128.171578888,37.913445000,128.171890000,37.913441746,128.171873625,37.913258000,128.172100000,37.913280779,128.172081489,37.912970000,128.171770000,37.912980159,128.171783086
60,60,826609425298,12.017,4.097963,37.912292000,128.173160000,1369.000000,850.181707,867.495095,17.313387,2.036434,0.633321,9.815840,10.868817,11.222143,9.910026,10.454207,11.222143,37.912450000,128.171880000,37.912450000,128.171880000,37.912357000,128.171680000,37.912286208,128.171746634,37.912663000,128.171900000,37.912648077,128.171777700,37.912544000,128.172100000,37.912620726,128.172017118,37.912240000,128.171880000,37.912255832,128.171991039
61,61,826609425478,12.197,4.097963,37.912342000,128.173200000,1369.000000,809.027272,800.488147,-8.539125,-1.055480,1.091500,1.639111,25.091793,4.599223,25.922992,14.313280,25.922992,37.911953000,128.172200000,37.911953000,128.172200000,37.911750000,128.172210000,37.911756106,128.172193017,37.911842000,128.172000000,37.912067327,128.171992562,37.912150000,128.172150000,37.912150963,128.172202353,37.912067000,128.172380000,37.911834765,128.172401779
62,62,826609425685,12.404,4.097963,37.912395000,128.173230000,1369.000000,881.865906,855.690362,-26.175544,-2.968200,0.692691,4.198943,20.037011,5.643756,20.255804,12.533878,20.255804,37.911808000,128.172620000,37.911808000,128.172620000,37.911594000,128.172670000,37.911611911,128.172712076,37.911680000,128.172440000,37.911853145,128.172377659,37.912014000,128.172590000,37.912000754,128.172527972,37.911940000,128.172820000,37.911762498,128.172870747
63,63,826609425888,12.607,4.097963,37.912453000,128.173300000,1369.000000,925.079392,883.444189,-41.635203,-4.500717,1.086870,7.271038,18.818924,5.716016,20.039309,12.961322,20.039309,37.911800000,128.172760000,37.911800000,128.172760000,37.911587000,128.172800000,37.911608164,128.172878322,37.911660000,128.172560000,37.911824429,128.172510228,37.912010000,128.172700000,37.911986605,128.172642065,37.911945000,128.172940000,37.911775857,128.173018097
64,64,826609426091,12.810,4.097963,37.912506000,128.173320000,1369.000000,940.575084,889.796394,-50.778691,-5.398686,0.613468,6.376828,19.763710,5.931142,19.463531,12.883803,19.763710,37.911840000,128.172790000,37.911840000,128.172790000,37.911620000,128.172850000,37.911648935,128.172912664,37.911690000,128.172600000,37.911860853,128.172538819,37.912045000,128.172730000,37.912025191,128.172667308,37.911983000,128.172970000,37.911819760,128.173049389
65,65,826609426283,13.002,4.097963,37.912567000,128.173370000,1369.000000,956.364103,893.379370,-62.984733,-6.585853,0.406819,5.058607,20.697369,5.631222,20.053265,12.860116,20.697369,37.911877000,128.172800000,37.911877000,128.172800000,37.911660000,128.172870000,37.911684082,128.172918845,37.911724000,128.172620000,37.911901122,128.172548333,37.912083000,128.172740000,37.912063955,128.172680600,37.912025000,128.172990000,37.911853375,128.173059374
66,66,826609426484,13.203,2.886702,37.912620000,128.173420000,1369.000000,453.691798,430.049070,-23.642728,-5.211187,0.554826,2.157816,16.274624,1.305547,17.386269,9.281064,17.386269,37.911785000,128.172620000,37.911785000,128.172620000,37.911636000,128.172670000,37.911646227,128.172690872,37.911674000,128.172500000,37.911814193,128.172447439,37.911930000,128.172560000,37.911921705,128.172549491,37.911903000,128.172730000,37.911755944,128.172796682
67,67,826609426687,13.406,0.609750,37.912674000,128.173450000,1369.000000,15.545177,18.042959,2.497783,16.067895,0.448385,0.536695,3.998555,0.631432,4.468064,2.408686,4.468064,37.911380000,128.172200000,37.911380000,128.172200000,37.911354000,128.172210000,37.911350194,128.172213751,37.911354000,128.172180000,37.911388018,128.172165381,37.911407000,128.172180000,37.911409714,128.172186313,37.911407000,128.172210000,37.911371954,128.172234798
68,68,826609426891,13.610,0.609750,37.912735000,128.173500000,1369.000000,28.841933,26.888745,-1.953187,-6.772041,0.054199,1.186603,4.795839,0.446346,5.161458,2.897561,5.161458,37.910736000,128.172200000,37.910736000,128.172200000,37.910700000,128.172230000,37.910699233,128.172216524,37.910698000,128.172180000,37.910738528,128.172161478,37.910770000,128.172180000,37.910772634,128.172183832,37.910774000,128.172210000,37.910733516,128.172238648
69,69,826609427079,13.798,0.609750,37.912790000,128.173520000,1369.000000,27.424545,31.673802,4.249257,15.494357,0.654705,0.894484,5.297448,1.495926,4.073386,2.940311,5.297448,37.910020000,128.172700000,37.910020000,128.172700000,37.909990000,128.172740000,37.909986557,128.172730798,37.909980000,128.172700000,37.910013918,128.172657693,37.910040000,128.172670000,37.910053433,128.172669534,37.910053000,128.172710000,37.910026981,128.172742611
70,70,826609427284,14.003,0.609750,37.912853000,128.173570000,1369.000000,39.157354,41.069437,1.912083,4.883075,0.312400,1.165634,5.506001,0.859301,5.204333,3.183817,5.506001,37.909300000,128.173510000,37.909300000,128.173510000,37.909280000,128.173550000,37.909269792,128.173552957,37.909256000,128.173520000,37.909281592,128.173466354,37.909325000,128.173460000,37.909330073,128.173467374,37.909350000,128.173510000,37.909318320,128.173553576
71,71,826609427529,14.248,0.609750,37.912907000,128.173600000,1369.000000,40.575393,50.532343,9.956950,24.539381,0.893757,1.211003,5.142177,1.131636,6.784867,3.567420,6.784867,37.908653000,128.174470000,37.908653000,128.174470000,37.908630000,128.174510000,37.908627478,128.174523412,37.908604000,128.174480000,37.908624745,128.174427689,37.908670000,128.174410000,37.908678576,128.174416918,37.908703000,128.174440000,37.908681271,128.174512174
72,72,826609427689,14.408,0.609750,37.912970000,128.173630000,1368.000000,68.538672,75.667004,7.128332,10.400453,0.799326,2.380113,9.030498,3.031069,7.689078,5.532689,9.030498,37.908140000,128.175640000,37.908140000,128.175640000,37.908120000,128.175720000,37.908099596,128.175711904,37.908073000,128.175690000,37.908109333,128.175598072,37.908154000,128.175580000,37.908179849,128.175569153,37.908195000,128.175600000,37.908170627,128.175681913
73,73,826609427880,14.599,0.609750,37.912970000,128.173630000,1368.000000,68.538672,75.667004,7.128332,10.400453,0.799326,2.380113,9.030498,3.031069,7.689078,5.532689,9.030498,37.908140000,128.175640000,37.908140000,128.175640000,37.908120000,128.175720000,37.908099596,128.175711904,37.908073000,128.175690000,37.908109333,128.175598072,37.908154000,128.175580000,37.908179849,128.175569153,37.908195000,128.175600000,37.908170627,128.175681913
74,74,826609428083,14.802,0.609750,37.913030000,128.173660000,1368.000000,68.636892,71.854877,3.217985,4.688418,0.076165,2.008725,8.145628,1.995965,8.136537,5.071714,8.145628,37.907660000,128.176960000,37.907660000,128.176960000,37.907670000,128.177020000,37.907653140,128.177028151,37.907610000,128.177020000,37.907609145,128.176927265,37.907650000,128.176900000,37.907666817,128.176892119,37.907707000,128.176900000,37.907710634,128.176992524
75,75,826609428287,15.006,0.609750,37.913140000,128.173720000,1368.000000,63.943628,82.778213,18.834585,29.454983,0.199165,2.766257,2.703216,2.387529,3.013438,2.717610,3.013438,37.907825000,128.179610000,37.907825000,128.179610000,37.907818000,128.179670000,37.907842786,128.179672251,37.907772000,128.179580000,37.907756462,128.179603652,37.907830000,128.179550000,37.907808777,128.179546076,37.907875000,128.179640000,37.907893808,128.179615324
76,76,826609428491,15.210,0.609750,37.913140000,128.173720000,1368.000000,63.943628,82.778213,18.834585,29.454983,0.199165,2.766257,2.703216,2.387529,3.013438,2.717610,3.013438,37.907825000,128.179610000,37.907825000,128.179610000,37.907818000,128.179670000,37.907842786,128.179672251,37.907772000,128.179580000,37.907756462,128.179603652,37.907830000,128.179550000,37.907808777,128.179546076,37.907875000,128.179640000,37.907893808,128.179615324
77,77,826609428678,15.397,0.609750,37.913204000,128.173750000,1368.000000,103.638808,104.574942,0.936134,0.903266,0.812806,3.647340,3.581495,1.589312,3.998570,3.204179,3.998570,37.908330000,128.180680000,37.908330000,128.180680000,37.908300000,128.180790000,37.908330140,128.180773715,37.908283000,128.180630000,37.908272283,128.180668448,37.908344000,128.180590000,37.908329894,128.180587207,37.908367000,128.180730000,37.908387009,128.180692191
78,78,826609428885,15.604,0.609750,37.913265000,128.173770000,1368.000000,131.405862,151.232472,19.826610,15.088071,0.741352,2.565641,3.806780,0.788938,4.132707,2.823516,4.132707,37.908512000,128.182080000,37.908512000,128.182080000,37.908480000,128.182240000,37.908497595,128.182221133,37.908474000,128.182020000,37.908458542,128.182058661,37.908530000,128.181950000,37.908524845,128.181943836,37.908546000,128.182140000,37.908566005,128.182100363
79,79,826609429089,15.808,0.609750,37.913330000,128.173800000,1368.000000,139.863159,151.095748,11.232589,8.031128,0.741032,3.044957,5.520076,1.172604,5.765042,3.875670,5.765042,37.908512000,128.182080000,37.908512000,128.182080000,37.908474000,128.182240000,37.908496829,128.182220902,37.908478000,128.182000000,37.908458703,128.182057895,37.908535000,128.181950000,37.908525559,128.181944078,37.908543000,128.182160000,37.908565868,128.182101108
80,80,826609429291,16.010,0.609750,37.913390000,128.173830000,1368.000000,179.509799,161.190852,-18.318947,-10.204984,0.855451,6.074694,6.706385,2.270608,6.021538,5.268306,6.706385,37.908510000,128.182170000,37.908510000,128.182170000,37.908447000,128.182360000,37.908490632,128.182318461,37.908480000,128.182080000,37.908455157,128.182149562,37.908543000,128.182020000,37.908524800,128.182031672,37.908540000,128.182250000,37.908565376,128.182189454
81,81,826609429494,16.213,0.609750,37.913450000,128.173840000,1367.000000,145.191745,153.062489,7.870744,5.420931,0.428214,3.343844,7.381828,2.106530,6.908023,4.935056,7.381828,37.908512000,128.182100000,37.908512000,128.182100000,37.908466000,128.182250000,37.908495258,128.182241380,37.908485000,128.182000000,37.908458583,128.182077089,37.908546000,128.181960000,37.908527256,128.181963291,37.908535000,128.182190000,37.908566019,128.182121879
82,82,826609429681,16.400,0.609750,37.913517000,128.173860000,1367.000000,135.512295,151.626331,16.114035,11.891198,0.805456,3.594089,6.730230,2.845939,6.789938,4.990049,6.789938,37.908512000,128.182080000,37.908512000,128.182080000,37.908466000,128.182240000,37.908494535,128.182220855,37.908490000,128.181990000,37.908459078,128.182055847,37.908550000,128.181960000,37.908527649,128.181944269,37.908535000,128.182170000,37.908565561,128.182103096
83,83,826609429886,16.605,0.609750,37.913647000,128.173890000,1367.000000,139.618729,152.423117,12.804389,9.170968,1.240489,4.938799,16.298579,5.679162,12.747346,9.915972,16.298579,37.908512000,128.182080000,37.908512000,128.182080000,37.908530000,128.182190000,37.908492992,128.182221014,37.908463000,128.182240000,37.908459269,128.182054491,37.908493000,128.181990000,37.908529038,128.181944232,37.908554000,128.181960000,37.908565416,128.182104413
84,84,826609430090,16.809,0.609750,37.913647000,128.173890000,1367.000000,137.321081,154.116808,16.795726,12.230989,0.839727,5.029279,15.402774,4.834157,12.707964,9.493543,15.402774,37.908512000,128.182100000,37.908512000,128.182100000,37.908524000,128.182200000,37.908492905,128.182241541,37.908450000,128.182250000,37.908458887,128.182074992,37.908497000,128.182000000,37.908529380,128.181963324,37.908554000,128.181980000,37.908565787,128.182123914
85,85,826609430293,17.012,0.609750,37.913770000,128.173920000,1366.000000,138.054366,152.937242,14.882876,10.780446,0.942391,3.650292,14.644783,4.932558,12.825836,9.013367,14.644783,37.908516000,128.182080000,37.908516000,128.182080000,37.908524000,128.182200000,37.908495674,128.182220937,37.908460000,128.182220000,37.908463448,128.182053318,37.908500000,128.181980000,37.908534245,128.181944362,37.908560000,128.181960000,37.908569277,128.182105556
86,86,826609430484,17.203,0.609750,37.913837000,128.173920000,1366.000000,162.301888,158.214355,-4.087532,-2.518475,1.419557,2.679643,17.482701,3.379513,13.634021,9.293969,17.482701,37.908510000,128.182130000,37.908510000,128.182130000,37.908504000,128.182250000,37.908488279,128.182273104,37.908430000,128.182300000,37.908456555,128.182103815,37.908500000,128.182000000,37.908529711,128.181992097,37.908558000,128.182000000,37.908564174,128.182155034
87,87,826609430687,17.406,0.609750,37.913900000,128.173920000,1366.000000,131.796944,154.745866,22.948922,17.412332,1.348376,3.093013,14.821650,4.268163,11.135616,8.329611,14.821650,37.908516000,128.182080000,37.908516000,128.182080000,37.908516000,128.182200000,37.908494110,128.182221688,37.908450000,128.182220000,37.908463501,128.182052117,37.908510000,128.181980000,37.908535603,128.181943826,37.908566000,128.181980000,37.908569269,128.182106718
88,88,826609430891,17.610,0.609750,37.913960000,128.173930000,1366.000000,140.791987,155.312146,14.520158,10.313199,1.737388,2.076767,14.873480,4.173801,11.179926,8.075993,14.873480,37.908516000,128.182080000,37.908516000,128.182080000,37.908512000,128.182220000,37.908493401,128.182221845,37.908450000,128.182220000,37.908463571,128.182051532,37.908512000,128.181980000,37.908536230,128.181943735,37.908570000,128.181980000,37.908569221,128.182107286
89,89,826609431078,17.797,0.609750,37.913960000,128.173930000,1366.000000,160.737532,158.265881,-2.471651,-1.537694,1.218990,1.483509,15.004658,2.626263,12.024341,7.784693,15.004658,37.908510000,128.182110000,37.908510000,128.182110000,37.908500000,128.182250000,37.908486898,128.182253088,37.908432000,128.182250000,37.908457040,128.182082137,37.908512000,128.181990000,37.908530957,128.181972200,37.908570000,128.182000000,37.908563743,128.182136674
90,90,826609431281,18.000,0.609750,37.914090000,128.173920000,1365.000000,140.791987,159.370440,18.578453,13.195675,0.254855,2.901940,13.220613,2.562975,13.015436,7.925241,13.220613,37.908516000,128.182100000,37.908516000,128.182100000,37.908510000,128.182220000,37.908491616,128.182243426,37.908447000,128.182220000,37.908463209,128.182070884,37.908520000,128.181980000,37.908538101,128.181961967,37.908577000,128.181980000,37.908569620,128.182127893
91,91,826609431486,18.205,0.609750,37.914160000,128.173920000,1365.000000,129.059322,160.458969,31.399647,24.329624,0.306012,2.560125,13.275736,2.309403,13.068827,7.803523,13.275736,37.908516000,128.182100000,37.908516000,128.182100000,37.908504000,128.182220000,37.908490768,128.182243841,37.908447000,128.182220000,37.908463233,128.182070255,37.908524000,128.181980000,37.908538853,128.181961643,37.908577000,128.181980000,37.908569620,128.182128502
92,92,826609431690,18.409,0.609750,37.914223000,128.173900000,1365.000000,132.432456,161.750461,29.318005,22.138081,0.649263,2.398639,11.648796,2.455769,12.218796,7.180500,12.218796,37.908520000,128.182100000,37.908520000,128.182100000,37.908504000,128.182220000,37.908494203,128.182244324,37.908447000,128.182200000,37.908467123,128.182069847,37.908527000,128.181980000,37.908543350,128.181961229,37.908580000,128.181990000,37.908573749,128.182128892
93,93,826609431878,18.597,0.609750,37.914280000,128.173900000,1364.000000,161.177485,162.695098,1.517613,0.941579,0.624158,0.841357,11.692085,1.897547,12.304803,6.683948,12.304803,37.908520000,128.182100000,37.908520000,128.182100000,37.908500000,128.182240000,37.908493429,128.182244733,37.908447000,128.182200000,37.908467166,128.182069355,37.908527000,128.181960000,37.908544031,128.181960912,37.908585000,128.181990000,37.908573726,128.182129367
94,94,826609432082,18.801,0.609750,37.914352000,128.173890000,1364.000000,189.042554,178.597873,-10.444681,-5.525042,1.910098,1.114918,18.414088,0.701019,13.093072,8.330774,18.414088,37.908524000,128.182190000,37.908524000,128.182190000,37.908485000,128.182360000,37.908488795,128.182348252,37.908417000,128.182360000,37.908469231,128.182161070,37.908543000,128.182050000,37.908549150,128.182048285,37.908596000,128.182070000,37.908579643,128.182217624
95,95,826609432285,19.004,0.609750,37.914410000,128.173870000,1364.000000,162.204093,165.757660,3.553567,2.190800,0.486665,0.787495,11.871987,1.163355,12.458184,6.570255,12.458184,37.908520000,128.182100000,37.908520000,128.182100000,37.908497000,128.182240000,37.908491806,128.182246088,37.908443000,128.182200000,37.908467068,128.182068317,37.908535000,128.181960000,37.908545449,128.181959778,37.908590000,128.181990000,37.908573871,128.182130363
96,96,826609432489,19.208,0.609750,37.914480000,128.173860000,1364.000000,193.442296,181.829713,-11.612583,-6.003125,1.950384,1.441348,16.947367,0.860946,12.316876,7.891634,16.947367,37.908527000,128.182190000,37.908527000,128.182190000,37.908480000,128.182360000,37.908490044,128.182349643,37.908417000,128.182340000,37.908472074,128.182160113,37.908546000,128.182050000,37.908553434,128.182047298,37.908600000,128.182080000,37.908582845,128.182218539
97,97,826609432693,19.412,0.609750,37.914540000,128.173830000,1363.000000,155.702242,169.246657,13.544415,8.698921,0.427434,0.751828,11.952602,0.786370,12.570051,6.515213,12.570051,37.908520000,128.182100000,37.908520000,128.182100000,37.908493000,128.182240000,37.908490072,128.182247713,37.908443000,128.182200000,37.908466945,128.182067340,37.908540000,128.181960000,37.908546952,128.181958414,37.908592000,128.181990000,37.908574041,128.182131296
98,98,826609432880,19.599,0.609750,37.914597000,128.173810000,1363.000000,155.702242,170.864522,15.162280,9.737997,0.427554,0.846212,11.986969,0.866071,12.603350,6.575650,12.603350,37.908520000,128.182100000,37.908520000,128.182100000,37.908493000,128.182240000,37.908489341,128.182248445,37.908443000,128.182200000,37.908466868,128.182066916,37.908540000,128.181960000,37.908547583,128.181957794,37.908592000,128.181990000,37.908574139,128.182131700
99,99,826609433085,19.804,0.609750,37.914660000,128.173780000,1363.000000,193.882263,188.188885,-5.693377,-2.936513,1.851965,1.285062,17.151736,0.653673,12.480891,7.892841,17.151736,37.908530000,128.182190000,37.908530000,128.182190000,37.908480000,128.182360000,37.908490093,128.182352898,37.908417000,128.182340000,37.908474699,128.182158927,37.908554000,128.182050000,37.908558423,128.182045104,37.908607000,128.182080000,37.908586286,128.182219656
100,100,826609433289,20.008,0.609750,37.914720000,128.173750000,1362.000000,146.853817,174.066485,27.212668,18.530447,0.296344,0.829108,12.843842,1.451497,12.658128,6.945644,12.843842,37.908540000,128.182110000,37.908540000,128.182110000,37.908510000,128.182250000,37.908508771,128.182259310,37.908463000,128.182220000,37.908486206,128.182076754,37.908560000,128.181980000,37.908568063,128.181967013,37.908615000,128.182000000,37.908594821,128.182141833
101,101,826609433478,20.197,0.609750,37.914776000,128.173720000,1362.000000,195.153301,193.043426,-2.109875,-1.081137,2.182601,1.540162,18.844690,0.615760,12.600605,8.400304,18.844690,37.908530000,128.182190000,37.908530000,128.182190000,37.908480000,128.182370000,37.908487848,128.182355559,37.908417000,128.182360000,37.908474439,128.182158170,37.908558000,128.182050000,37.908559853,128.182043394,37.908610000,128.182080000,37.908586592,128.182220364
102,102,826609433682,20.401,0.609750,37.914837000,128.173680000,1361.000000,157.413247,179.075673,21.662426,13.761502,0.526640,1.081492,12.205092,1.037281,12.788898,6.778191,12.788898,37.908524000,128.182100000,37.908524000,128.182100000,37.908490000,128.182240000,37.908490213,128.182252310,37.908443000,128.182200000,37.908470323,128.182065422,37.908546000,128.181960000,37.908554244,128.181954496,37.908600000,128.181990000,37.908578772,128.182133102
103,103,826609433885,20.604,0.609750,37.914890000,128.173650000,1361.000000,208.059217,197.638807,-10.420410,-5.008386,2.293465,1.634424,19.073698,0.981165,12.762176,8.612866,19.073698,37.908535000,128.182190000,37.908535000,128.182190000,37.908480000,128.182370000,37.908491095,128.182357813,37.908417000,128.182360000,37.908479069,128.182157585,37.908560000,128.182050000,37.908566004,128.182041821,37.908620000,128.182080000,37.908592000,128.182220905
104,104,826609434090,20.809,0.609750,37.914950000,128.173600000,1361.000000,168.314840,183.533473,15.218632,9.041765,0.263102,0.404509,12.220576,1.132374,12.917656,6.668779,12.917656,37.908527000,128.182100000,37.908527000,128.182100000,37.908493000,128.182250000,37.908491840,128.182254365,37.908447000,128.182200000,37.908472936,128.182064800,37.908550000,128.181960000,37.908558396,128.181952721,37.908607000,128.181990000,37.908582200,128.182133677
105,105,826609434293,21.012,0.609750,37.915000000,128.173550000,1360.000000,204.539404,203.453551,-1.085853,-0.530877,2.466585,1.770172,19.294511,1.133445,12.727853,8.731495,19.294511,37.908540000,128.182190000,37.908540000,128.182190000,37.908480000,128.182370000,37.908494183,128.182360886,37.908417000,128.182360000,37.908483546,128.182157157,37.908566000,128.182050000,37.908572157,128.182039722,37.908623000,128.182080000,37.908597562,128.182221282
106,106,826609434480,21.199,0.609750,37.915060000,128.173500000,1360.000000,205.908215,206.868410,0.960195,0.466322,2.279857,1.085007,19.309931,1.059002,12.745999,8.549985,19.309931,37.908540000,128.182190000,37.908540000,128.182190000,37.908485000,128.182370000,37.908492906,128.182362776,37.908417000,128.182360000,37.908483300,128.182156837,37.908570000,128.182050000,37.908572893,128.182038514,37.908623000,128.182080000,37.908597832,128.182221572
107,107,826609434686,21.405,0.609750,37.915104000,128.173450000,1359.000000,183.371719,190.090426,6.718707,3.663982,0.822590,1.152243,14.020046,1.366356,13.025285,7.390982,14.020046,37.908543000,128.182100000,37.908543000,128.182100000,37.908504000,128.182270000,37.908506458,128.182257256,37.908460000,128.182220000,37.908488104,128.182064398,37.908566000,128.181960000,37.908575523,128.181950185,37.908627000,128.181990000,37.908599076,128.182134016
108,108,826609434890,21.609,0.609750,37.915157000,128.173390000,1359.000000,175.549964,193.975711,18.425747,10.496013,0.571581,0.828341,12.497080,1.564997,12.954806,6.961306,12.954806,37.908535000,128.182100000,37.908535000,128.182100000,37.908497000,128.182250000,37.908497108,128.182259430,37.908447000,128.182200000,37.908479928,128.182063971,37.908558000,128.181960000,37.908568636,128.181948347,37.908615000,128.181990000,37.908591285,128.182134403
109,109,826609435079,21.798,0.609750,37.915200000,128.173340000,1359.000000,183.616190,194.036915,10.420725,5.675276,1.199925,0.983418,14.241586,2.151143,12.176778,7.388231,14.241586,37.908527000,128.182080000,37.908527000,128.182080000,37.908493000,128.182250000,37.908488151,128.182240641,37.908440000,128.182200000,37.908472253,128.182043088,37.908550000,128.181950000,37.908560073,128.181929099,37.908607000,128.181980000,37.908582995,128.182115260
110,110,826609435281,22.000,0.609750,37.915240000,128.173280000,1358.000000,238.955202,220.225921,-18.729281,-7.837988,2.452911,1.719939,20.250321,1.552259,13.821120,9.335910,20.250321,37.908543000,128.182190000,37.908543000,128.182190000,37.908490000,128.182390000,37.908491482,128.182370508,37.908417000,128.182370000,37.908485212,128.182156261,37.908573000,128.182050000,37.908578243,128.182033623,37.908634000,128.182070000,37.908601992,128.182222043
111,111,826609435484,22.203,0.609750,37.915287000,128.173220000,1358.000000,193.784438,200.926869,7.142431,3.685761,0.523493,0.856033,14.066728,1.786585,13.993737,7.675771,14.066728,37.908550000,128.182100000,37.908550000,128.182100000,37.908516000,128.182270000,37.908510986,128.182262610,37.908466000,128.182220000,37.908493968,128.182063814,37.908573000,128.181960000,37.908584405,128.181945689,37.908638000,128.181980000,37.908607282,128.182134497
112,112,826609435688,22.407,0.609750,37.915325000,128.173140000,1357.000000,182.442916,203.170369,20.727453,11.361062,1.671950,0.591066,16.027519,2.707474,12.172152,7.874553,16.027519,37.908530000,128.182080000,37.908530000,128.182080000,37.908493000,128.182250000,37.908489018,128.182245548,37.908440000,128.182220000,37.908474340,128.182042783,37.908550000,128.181950000,37.908564492,128.181925244,37.908610000,128.181980000,37.908586963,128.182115476
113,113,826609435892,22.611,0.609750,37.915360000,128.173080000,1357.000000,245.652586,231.797033,-13.855554,-5.640304,1.998463,0.676998,20.521427,1.439715,13.825044,9.115796,20.521427,37.908546000,128.182190000,37.908546000,128.182190000,37.908493000,128.182370000,37.908491100,128.182377322,37.908413000,128.182370000,37.908487190,128.182156108,37.908573000,128.182040000,37.908582856,128.182029387,37.908638000,128.182070000,37.908606062,128.182222112
114,114,826609436079,22.798,0.609750,37.915360000,128.173080000,1357.000000,245.652586,231.797033,-13.855554,-5.640304,1.998463,0.676998,20.521427,1.439715,13.825044,9.115796,20.521427,37.908546000,128.182190000,37.908546000,128.182190000,37.908493000,128.182370000,37.908491100,128.182377322,37.908413000,128.182370000,37.908487190,128.182156108,37.908573000,128.182040000,37.908582856,128.182029387,37.908638000,128.182070000,37.908606062,128.182222112
115,115,826609436284,23.003,0.609750,37.915398000,128.173000000,1356.000000,184.496072,210.626083,26.130012,14.162909,0.149059,1.982283,14.148385,2.147100,13.911349,8.047279,14.148385,37.908554000,128.182100000,37.908554000,128.182100000,37.908524000,128.182250000,37.908513044,128.182267792,37.908466000,128.182220000,37.908496918,128.182063751,37.908577000,128.181960000,37.908589662,128.181941560,37.908640000,128.181980000,37.908612378,128.182134471
116,116,826609436488,23.207,0.609750,37.915455000,128.172870000,1355.000000,189.629172,215.645194,26.016022,13.719420,0.937572,1.879626,16.012192,3.469164,13.982954,8.835984,16.012192,37.908530000,128.182080000,37.908530000,128.182080000,37.908500000,128.182240000,37.908486269,128.182252455,37.908440000,128.182220000,37.908473125,128.182042592,37.908546000,128.181950000,37.908566204,128.181919927,37.908615000,128.181960000,37.908588243,128.182115550
117,117,826609436737,23.456,0.609750,37.915478000,128.172790000,1355.000000,195.690984,216.647463,20.956479,10.708965,1.362541,1.728180,17.676871,3.432584,14.749875,9.396878,17.676871,37.908554000,128.182080000,37.908554000,128.182080000,37.908527000,128.182250000,37.908511570,128.182252168,37.908463000,128.182240000,37.908496423,128.182043247,37.908570000,128.181950000,37.908589406,128.181919628,37.908638000,128.181950000,37.908612920,128.182114900
118,118,826609436880,23.599,0.609750,37.915478000,128.172790000,1355.000000,195.690984,216.647463,20.956479,10.708965,1.362541,1.728180,17.676871,3.432584,14.749875,9.396878,17.676871,37.908554000,128.182080000,37.908554000,128.182080000,37.908527000,128.182250000,37.908511570,128.182252168,37.908463000,128.182240000,37.908496423,128.182043247,37.908570000,128.181950000,37.908589406,128.181919628,37.908638000,128.181950000,37.908612920,128.182114900
119,119,826609437091,23.810,0.609750,37.915500000,128.172710000,1354.000000,195.642109,220.591171,24.949062,12.752399,1.173129,2.322036,17.647200,4.041555,14.740275,9.687766,17.647200,37.908550000,128.182080000,37.908550000,128.182080000,37.908524000,128.182240000,37.908506595,128.182254571,37.908460000,128.182240000,37.908492119,128.182043243,37.908560000,128.181950000,37.908585979,128.181917856,37.908634000,128.181950000,37.908609243,128.182114868
120,120,826609437289,24.008,0.609750,37.915520000,128.172640000,1354.000000,209.819130,225.782300,15.963170,7.608062,1.076391,3.457077,17.778769,4.051619,14.792106,10.019893,17.778769,37.908530000,128.182080000,37.908530000,128.182080000,37.908512000,128.182240000,37.908484475,128.182258226,37.908436000,128.182240000,37.908472060,128.182042805,37.908543000,128.181950000,37.908567181,128.181915522,37.908615000,128.181950000,37.908589345,128.182115248
121,121,826609437492,24.211,0.609750,37.915530000,128.172560000,1354.000000,252.495904,228.466948,-24.028956,-9.516573,0.249177,3.606321,19.256327,1.632724,18.155050,10.662605,19.256327,37.908760000,128.182140000,37.908760000,128.182140000,37.908750000,128.182280000,37.908725988,128.182307563,37.908653000,128.182330000,37.908692841,128.182116649,37.908775000,128.181990000,37.908788456,128.181982603,37.908863000,128.181960000,37.908827962,128.182161880
122,122,826609437680,24.399,0.609750,37.915546000,128.172470000,1353.000000,174.277161,203.155814,28.878653,16.570532,1.031858,4.021767,13.819098,5.188438,11.172524,8.550456,13.819098,37.909280000,128.181840000,37.909280000,128.181840000,37.909290000,128.181960000,37.909261103,128.181987483,37.909210000,128.181980000,37.909212398,128.181822689,37.909267000,128.181730000,37.909301644,128.181690481,37.909340000,128.181730000,37.909347660,128.181856836
123,123,826609437884,24.603,0.609750,37.915554000,128.172400000,1353.000000,150.078559,196.466721,46.388163,30.909254,1.067112,5.072192,13.810228,5.874551,11.156980,8.978488,13.810228,37.909393000,128.181810000,37.909393000,128.181810000,37.909412000,128.181920000,37.909376314,128.181955908,37.909336000,128.181950000,37.909325618,128.181793312,37.909378000,128.181720000,37.909409516,128.181666352,37.909447000,128.181700000,37.909460684,128.181825841
124,124,826609438088,24.807,0.609750,37.915558000,128.172320000,1352.000000,150.078559,199.158121,49.079562,32.702581,1.068610,5.142464,13.773838,5.973610,11.123701,9.003403,13.773838,37.909393000,128.181810000,37.909393000,128.181810000,37.909412000,128.181920000,37.909376286,128.181957138,37.909336000,128.181950000,37.909325210,128.181793772,37.909378000,128.181720000,37.909409617,128.181665045,37.909447000,128.181700000,37.909461078,128.181825388
125,125,826609438291,25.010,0.609750,37.915558000,128.172230000,1352.000000,150.078559,202.078687,52.000128,34.648606,1.070485,5.207341,13.732538,6.072419,11.086187,9.024621,13.732538,37.909393000,128.181810000,37.909393000,128.181810000,37.909412000,128.181920000,37.909376381,128.181958434,37.909336000,128.181950000,37.909324745,128.181794297,37.909378000,128.181720000,37.909409609,128.181663651,37.909447000,128.181700000,37.909461528,128.181824874
126,126,826609438479,25.198,0.609750,37.915554000,128.172150000,1351.000000,150.078559,204.701336,54.622777,36.396123,1.072110,5.272217,13.689764,6.166967,11.046982,9.043983,13.689764,37.909393000,128.181810000,37.909393000,128.181810000,37.909412000,128.181920000,37.909376433,128.181959638,37.909336000,128.181950000,37.909324348,128.181794833,37.909378000,128.181720000,37.909409635,128.181662359,37.909447000,128.181700000,37.909461908,128.181824351
127,127,826609438682,25.401,0.609750,37.915546000,128.172060000,1351.000000,150.078559,207.556656,57.478097,38.298674,1.074127,5.331977,13.642024,6.261533,11.003527,9.059765,13.642024,37.909393000,128.181810000,37.909393000,128.181810000,37.909412000,128.181920000,37.909376609,128.181960908,37.909336000,128.181950000,37.909323894,128.181795435,37.909378000,128.181720000,37.909409550,128.181660979,37.909447000,128.181700000,37.909462342,128.181823765
128,128,826609438887,25.606,0.609750,37.915540000,128.171980000,1350.000000,150.078559,210.230100,60.151541,40.080036,1.075874,5.399198,13.597241,6.358317,10.962657,9.079353,13.597241,37.909393000,128.181810000,37.909393000,128.181810000,37.909412000,128.181920000,37.909376677,128.181962127,37.909336000,128.181950000,37.909323498,128.181795999,37.909378000,128.181720000,37.909409564,128.181659664,37.909447000,128.181700000,37.909462720,128.181823217
129,129,826609439090,25.809,0.609750,37.915524000,128.171900000,1350.000000,150.078559,212.675046,62.596487,41.709147,1.077811,5.445516,13.547569,6.436875,10.917316,9.086819,13.547569,37.909393000,128.181810000,37.909393000,128.181810000,37.909412000,128.181920000,37.909376927,128.181963221,37.909336000,128.181950000,37.909323109,128.181796619,37.909378000,128.181720000,37.909409400,128.181658459,37.909447000,128.181700000,37.909463088,128.181822618
130,130,826609439278,25.997,0.609750,37.915510000,128.171830000,1350.000000,150.078559,214.846517,64.767958,43.156037,1.079552,5.487814,13.503883,6.507229,10.877543,9.094117,13.503883,37.909393000,128.181810000,37.909393000,128.181810000,37.909412000,128.181920000,37.909377145,128.181964188,37.909336000,128.181950000,37.909322767,128.181797166,37.909378000,128.181720000,37.909409259,128.181657394,37.909447000,128.181700000,37.909463411,128.181822090
131,131,826609439485,26.204,0.609750,37.915490000,128.171750000,1349.000000,115.462799,116.554746,1.091947,0.945713,0.645592,5.342373,8.606185,4.451157,10.128136,7.131963,10.128136,37.912457000,128.179000000,37.912457000,128.179000000,37.912500000,128.179030000,37.912476488,128.179083029,37.912437000,128.179100000,37.912395647,128.179017205,37.912415000,128.178960000,37.912437526,128.178918126,37.912483000,128.178860000,37.912526952,128.178960973
132,132,826609439688,26.407,0.609750,37.915462000,128.171680000,1349.000000,164.248036,235.353326,71.105290,43.291410,3.248282,11.334659,8.949645,9.526372,10.104408,9.978771,11.334659,37.912674000,128.178390000,37.912674000,128.178390000,37.912720000,128.178420000,37.912666971,128.178530175,37.912640000,128.178540000,37.912559607,128.178540891,37.912630000,128.178360000,37.912674899,128.178267659,37.912720000,128.178220000,37.912749412,128.178328844
133,133,826609439890,26.609,0.609750,37.915410000,128.171520000,1348.000000,106.467515,96.616383,-9.851133,-9.252712,0.368823,4.114776,9.018745,3.904753,9.935575,6.743462,9.935575,37.912956000,128.177750000,37.912956000,128.177750000,37.912990000,128.177800000,37.912968470,128.177838084,37.912930000,128.177870000,37.912899065,128.177775091,37.912918000,128.177700000,37.912941958,128.177667526,37.912975000,128.177630000,37.913008680,128.177734765
134,134,826609440093,26.812,0.609750,37.915375000,128.171450000,1348.000000,50.447346,64.531632,14.084286,27.918784,0.435679,3.272987,7.541066,2.356608,8.379197,5.387465,8.379197,37.913060000,128.177370000,37.913060000,128.177370000,37.913094000,128.177410000,37.913077749,128.177441057,37.913055000,128.177440000,37.913013999,128.177371648,37.913030000,128.177320000,37.913042818,128.177298644,37.913063000,128.177290000,37.913105898,128.177368397
135,135,826609440281,27.000,0.609750,37.915340000,128.171390000,1347.000000,53.184750,53.941324,0.756574,1.422539,0.233640,2.374271,3.404445,2.391723,2.576548,2.686747,3.404445,37.913128000,128.176940000,37.913128000,128.176940000,37.913128000,128.177020000,37.913146128,128.177005757,37.913094000,128.176900000,37.913085023,128.176937057,37.913128000,128.176860000,37.913110003,128.176874876,37.913162000,128.176970000,37.913170961,128.176942951
136,136,826609440487,27.206,0.609750,37.915300000,128.171330000,1347.000000,55.971069,51.067898,-4.903171,-8.760189,0.864854,3.361346,1.659416,1.945509,2.471331,2.359401,3.361346,37.913147000,128.176530000,37.913147000,128.176530000,37.913143000,128.176620000,37.913164426,128.176593031,37.913110000,128.176510000,37.913104627,128.176527625,37.913147000,128.176470000,37.913129615,128.176467736,37.913185000,128.176560000,37.913189334,128.176532402
137,137,826609440704,27.423,0.609750,37.915257000,128.171260000,1347.000000,38.617593,45.461996,6.844403,17.723535,0.307841,2.158728,2.519239,1.445147,1.869491,1.998151,2.519239,37.913147000,128.176250000,37.913147000,128.176250000,37.913150000,128.176320000,37.913166170,128.176306432,37.913110000,128.176220000,37.913104943,128.176247960,37.913140000,128.176200000,37.913127925,128.176193958,37.913180000,128.176270000,37.913189019,128.176252044
138,138,826609440879,27.598,0.609750,37.915215000,128.171200000,1346.000000,40.524046,49.819584,9.295538,22.938325,0.065926,1.275561,0.610860,0.937657,1.484266,1.077086,1.484266,37.913120000,128.176040000,37.913120000,128.176040000,37.913130000,128.176090000,37.913135717,128.176102587,37.913080000,128.176030000,37.913078764,128.176036777,37.913113000,128.175980000,37.913105008,128.175976629,37.913160000,128.176060000,37.913161236,128.176043172
139,139,826609441082,27.801,0.609750,37.915165000,128.171140000,1346.000000,65.356679,43.760672,-21.596007,-33.043305,1.091661,4.092352,0.438249,2.316497,2.102663,2.237440,4.092352,37.913070000,128.175670000,37.913070000,128.175670000,37.913067000,128.175770000,37.913084945,128.175729332,37.913033000,128.175660000,37.913030589,128.175663945,37.913074000,128.175600000,37.913055152,128.175611180,37.913110000,128.175700000,37.913109414,128.175676070
140,140,826609441286,28.005,0.609750,37.915120000,128.171100000,1345.000000,40.621859,39.585190,-1.036669,-2.551998,0.527235,1.270545,0.430299,0.676091,1.179796,0.889183,1.270545,37.913036000,128.175430000,37.913036000,128.175430000,37.913044000,128.175500000,37.913050246,128.175487892,37.913000000,128.175420000,37.912997226,128.175423413,37.913025000,128.175380000,37.913019100,128.175378171,37.913074000,128.175450000,37.913074776,128.175436603
141,141,826609441490,28.209,0.609750,37.915062000,128.171040000,1345.000000,28.596667,34.887229,6.290562,21.997535,0.452176,0.862660,1.125994,0.249147,0.302934,0.635184,1.125994,37.912903000,128.175220000,37.912903000,128.175220000,37.912918000,128.175260000,37.912920013,128.175269485,37.912865000,128.175200000,37.912864229,128.175212784,37.912888000,128.175170000,37.912885899,128.175170978,37.912940000,128.175230000,37.912941712,128.175227319
142,142,826609441693,28.412,0.609750,37.915012000,128.171000000,1345.000000,35.684780,34.765683,-0.919097,-2.575600,0.523075,0.260423,0.706112,0.412956,1.131851,0.627836,1.131851,37.912800000,128.175080000,37.912800000,128.175080000,37.912815000,128.175130000,37.912816877,128.175128231,37.912758000,128.175080000,37.912760898,128.175072848,37.912780000,128.175030000,37.912783601,128.175031132,37.912838000,128.175100000,37.912839055,128.175087182
143,143,826609441880,28.599,0.609750,37.914950000,128.170960000,1344.000000,29.623310,33.305141,3.681831,12.428831,0.696939,0.110975,1.027596,0.881228,0.882328,0.725532,1.027596,37.912666000,128.174940000,37.912666000,128.174940000,37.912680000,128.174990000,37.912680994,128.174989910,37.912630000,128.174940000,37.912629147,128.174928350,37.912650000,128.174900000,37.912651171,128.174890076,37.912704000,128.174960000,37.912703847,128.174949955
144,144,826609442086,28.805,0.609750,37.914898000,128.170910000,1344.000000,33.827356,32.464380,-1.362976,-4.029214,0.449617,0.698694,0.576247,0.284507,1.248346,0.701949,1.248346,37.912495000,128.174790000,37.912495000,128.174790000,37.912514000,128.174840000,37.912507813,128.174841340,37.912457000,128.174770000,37.912459231,128.174775921,37.912480000,128.174740000,37.912482343,128.174738707,37.912533000,128.174790000,37.912530898,128.174803962
145,145,826609442290,29.009,0.609750,37.914840000,128.170880000,1344.000000,31.236593,31.315858,0.079266,0.253759,0.194239,0.515918,0.703485,1.364445,1.416149,0.999999,1.416149,37.912354000,128.174680000,37.912354000,128.174680000,37.912370000,128.174730000,37.912365537,128.174731582,37.912315000,128.174670000,37.912319262,128.174664086,37.912334000,128.174640000,37.912342443,128.174628738,37.912390000,128.174680000,37.912388729,128.174696044
146,146,826609442479,29.198,0.609750,37.914776000,128.170850000,1343.000000,33.436433,30.551412,-2.885021,-8.628375,0.210807,0.890266,1.478455,1.186278,1.500935,1.263984,1.500935,37.912178000,128.174590000,37.912178000,128.174590000,37.912197000,128.174640000,37.912189013,128.174640505,37.912140000,128.174590000,37.912143333,128.174573705,37.912160000,128.174550000,37.912166961,128.174539772,37.912216000,128.174590000,37.912212561,128.174606525
147,147,826609442682,29.401,0.609750,37.914720000,128.170840000,1343.000000,33.876459,33.029379,-0.847079,-2.500496,0.304717,1.871008,1.271194,1.095225,1.311992,1.387355,1.871008,37.912020000,128.174550000,37.912020000,128.174550000,37.912045000,128.174590000,37.912030322,128.174600379,37.911983000,128.174550000,37.911983602,128.174535546,37.912000000,128.174500000,37.912009834,128.174499631,37.912060000,128.174550000,37.912056508,128.174564268
148,148,826609442885,29.604,0.609750,37.914650000,128.170800000,1343.000000,32.996615,35.002098,2.005483,6.077845,0.290036,1.872873,1.121416,1.543830,1.328298,1.466605,1.872873,37.911877000,128.174550000,37.911877000,128.174550000,37.911900000,128.174590000,37.911886034,128.174601890,37.911840000,128.174550000,37.911839055,128.174537288,37.911854000,128.174500000,37.911867822,128.174498569,37.911915000,128.174550000,37.911913233,128.174564957
149,149,826609443090,29.809,0.609750,37.914590000,128.170790000,1342.000000,29.721474,37.675427,7.953953,26.761639,0.452208,2.769331,1.257260,2.291487,1.234253,1.888082,2.769331,37.911682000,128.174530000,37.911682000,128.174530000,37.911705000,128.174560000,37.911688779,128.174583907,37.911644000,128.174530000,37.911644509,128.174515699,37.911655000,128.174480000,37.911675368,128.174476221,37.911720000,128.174530000,37.911719610,128.174544045
150,150,826609443316,30.035,0.609750,37.914530000,128.170780000,1342.000000,46.928799,45.166363,-1.762436,-3.755553,0.549433,2.028990,2.782208,2.988382,1.801706,2.400322,2.988382,37.911438000,128.174600000,37.911438000,128.174600000,37.911460000,128.174650000,37.911442551,128.174656676,37.911390000,128.174620000,37.911396256,128.174589330,37.911410000,128.174560000,37.911433523,128.174543605,37.911480000,128.174590000,37.911479661,128.174610510
151,151,826609443480,30.199,0.609750,37.914460000,128.170780000,1342.000000,96.253251,66.715012,-29.538239,-30.688043,0.580267,8.304036,2.829027,8.111147,4.627810,5.968005,8.304036,37.911186000,128.174790000,37.911186000,128.174790000,37.911106000,128.174850000,37.911180071,128.174861207,37.911150000,128.174760000,37.911136263,128.174787100,37.911260000,128.174740000,37.911188234,128.174724032,37.911217000,128.174840000,37.911235416,128.174792760
152,152,826609443687,30.406,3.183337,37.914400000,128.170780000,1342.000000,868.565384,812.670312,-55.895071,-6.435333,0.588635,10.392787,10.507114,9.772762,11.529414,10.550519,11.529414,37.912155000,128.174410000,37.912155000,128.174410000,37.912300000,128.174600000,37.912222343,128.174665684,37.911970000,128.174470000,37.911968764,128.174350375,37.912010000,128.174220000,37.912085789,128.174163839,37.912346000,128.174350000,37.912335467,128.174480595
153,153,826609443891,30.610,4.097963,37.914337000,128.170780000,1341.000000,1532.008874,1533.638142,1.629268,0.106348,0.376196,38.295229,16.602397,36.505506,17.195749,27.149720,38.295229,37.912440000,128.173570000,37.912440000,128.173570000,37.912186000,128.173700000,37.912458821,128.173965611,37.912296000,128.173320000,37.912222559,128.173484531,37.912666000,128.173480000,37.912410818,128.173218933,37.912586000,128.173840000,37.912654294,128.173664380
154,154,826609444079,30.798,4.097963,37.914337000,128.170780000,1341.000000,1532.008874,1533.638142,1.629268,0.106348,0.376196,38.295229,16.602397,36.505506,17.195749,27.149720,38.295229,37.912440000,128.173570000,37.912440000,128.173570000,37.912186000,128.173700000,37.912458821,128.173965611,37.912296000,128.173320000,37.912222559,128.173484531,37.912666000,128.173480000,37.912410818,128.173218933,37.912586000,128.173840000,37.912654294,128.173664380
155,155,826609444282,31.001,4.097963,37.914270000,128.170780000,1341.000000,1261.043556,1172.490052,-88.553504,-7.022240,0.758653,33.106745,10.559984,31.052230,10.713423,21.358096,33.106745,37.912678000,128.172780000,37.912678000,128.172780000,37.912434000,128.172930000,37.912691096,128.173119493,37.912520000,128.172580000,37.912478273,128.172687981,37.912876000,128.172680000,37.912642273,128.172487010,37.912827000,128.172990000,37.912872517,128.172882520
156,156,826609444485,31.204,4.097963,37.914207000,128.170790000,1341.000000,1125.782310,981.651473,-144.130837,-12.802727,1.248703,27.205717,6.900313,28.291650,6.624903,17.255646,28.291650,37.912746000,128.172180000,37.912746000,128.172180000,37.912560000,128.172290000,37.912762519,128.172463395,37.912605000,128.172000000,37.912564076,128.172059011,37.912970000,128.172040000,37.912744090,128.171892424,37.912903000,128.172380000,37.912923864,128.172309355
157,157,826609444689,31.408,4.097963,37.914078000,128.170820000,1340.000000,833.752502,800.055388,-33.697114,-4.041621,0.398924,17.080245,5.310124,16.749793,5.764980,11.226285,17.080245,37.912834000,128.171300000,37.912834000,128.171300000,37.912655000,128.171430000,37.912772268,128.171555416,37.912678000,128.171170000,37.912708165,128.171123162,37.913002000,128.171170000,37.912881535,128.171055725,37.912987000,128.171430000,37.912956920,128.171483434
158,158,826609444892,31.611,4.097963,37.914078000,128.170820000,1340.000000,833.752502,800.055388,-33.697114,-4.041621,0.398924,17.080245,5.310124,16.749793,5.764980,11.226285,17.080245,37.912834000,128.171300000,37.912834000,128.171300000,37.912655000,128.171430000,37.912772268,128.171555416,37.912678000,128.171170000,37.912708165,128.171123162,37.913002000,128.171170000,37.912881535,128.171055725,37.912987000,128.171430000,37.912956920,128.171483434
159,159,826609445080,31.799,4.097963,37.914020000,128.170840000,1340.000000,811.266676,796.627630,-14.639046,-1.804468,0.730729,15.437369,6.319332,15.769813,7.693380,11.304974,15.769813,37.912792000,128.171310000,37.912792000,128.171310000,37.912624000,128.171450000,37.912728948,128.171564897,37.912632000,128.171190000,37.912667134,128.171133483,37.912956000,128.171170000,37.912840100,128.171066750,37.912952000,128.171420000,37.912914017,128.171493183
160,160,826609445285,32.004,4.097963,37.913956000,128.170870000,1340.000000,841.183669,794.186952,-46.996716,-5.586974,0.506704,13.676815,7.255568,14.904427,7.861515,10.924581,14.904427,37.912754000,128.171340000,37.912754000,128.171340000,37.912594000,128.171500000,37.912691085,128.171595438,37.912590000,128.171230000,37.912629903,128.171164678,37.912914000,128.171190000,37.912802108,128.171096802,37.912918000,128.171450000,37.912876144,128.171522097
161,161,826609445489,32.208,4.097963,37.913900000,128.170900000,1339.000000,795.331401,788.137910,-7.193491,-0.904465,1.085209,13.809497,7.935192,14.166526,9.607405,11.379655,14.166526,37.912730000,128.171360000,37.912730000,128.171360000,37.912575000,128.171510000,37.912667601,128.171614631,37.912567000,128.171260000,37.912607284,128.171185460,37.912888000,128.171200000,37.912778642,128.171117506,37.912900000,128.171450000,37.912852177,128.171541062
162,162,826609445678,32.397,2.870222,37.913845000,128.170940000,1339.000000,405.045351,412.438688,7.393337,1.825311,0.342967,12.121598,4.708871,12.990483,2.788161,8.152278,12.990483,37.913044000,128.171630000,37.913044000,128.171630000,37.912952000,128.171750000,37.913047370,128.171816609,37.912910000,128.171590000,37.912930234,128.171542915,37.913147000,128.171510000,37.913041236,128.171447495,37.913174000,128.171690000,37.913161719,128.171717669
163,163,826609445880,32.599,0.609750,37.913784000,128.170990000,1339.000000,22.192611,22.756764,0.564153,2.542078,0.222427,0.842478,0.168397,0.288463,0.173912,0.368312,0.842478,37.914090000,128.172070000,37.914090000,128.172070000,37.914124000,128.172070000,37.914122620,128.172079432,37.914070000,128.172100000,37.914068531,128.172099541,37.914055000,128.172060000,37.914057548,128.172060598,37.914110000,128.172040000,37.914111523,128.172040441
164,164,826609446083,32.802,0.609750,37.913730000,128.171020000,1339.000000,36.367954,33.358635,-3.009319,-8.274645,0.884257,2.861905,1.706710,1.064960,2.164194,1.949442,2.861905,37.915210000,128.172500000,37.915210000,128.172500000,37.915253000,128.172520000,37.915248784,128.172487854,37.915190000,128.172550000,37.915204956,128.172545722,37.915170000,128.172500000,37.915171467,128.172511983,37.915230000,128.172470000,37.915215001,128.172454322
165,165,826609446288,33.007,0.609750,37.913680000,128.171070000,1339.000000,36.954371,40.044369,3.089999,8.361659,0.227173,0.785171,1.279488,0.786458,0.948670,0.949947,1.279488,37.915535000,128.173160000,37.915535000,128.173160000,37.915577000,128.173160000,37.915577725,128.173151107,37.915520000,128.173200000,37.915528593,128.173209675,37.915493000,128.173160000,37.915492721,128.173168948,37.915550000,128.173110000,37.915541491,128.173110595
166,166,826609446492,33.211,0.609750,37.913628000,128.171130000,1338.000000,43.992859,52.204493,8.211634,18.665835,0.267299,0.620684,0.866067,0.629725,1.949244,1.016430,1.949244,37.916270000,128.174450000,37.916270000,128.174450000,37.916320000,128.174450000,37.916318268,128.174443282,37.916256000,128.174500000,37.916261646,128.174506785,37.916220000,128.174450000,37.916222059,128.174456679,37.916290000,128.174410000,37.916278328,128.174393455
167,167,826609446680,33.399,0.609750,37.913580000,128.171170000,1338.000000,63.349378,57.421948,-5.927430,-9.356729,0.102029,1.002400,0.158666,1.015211,0.528504,0.676195,1.015211,37.916664000,128.174990000,37.916664000,128.174990000,37.916718000,128.174990000,37.916713171,128.174980366,37.916656000,128.175050000,37.916656748,128.175051538,37.916610000,128.174990000,37.916615096,128.174999587,37.916676000,128.174930000,37.916671332,128.174928900
168,168,826609446884,33.603,0.609750,37.913540000,128.171230000,1338.000000,64.522548,56.739604,-7.782943,-12.062362,0.160570,1.290103,0.142966,1.034678,0.154329,0.655519,1.290103,37.916626000,128.174970000,37.916626000,128.174970000,37.916683000,128.174970000,37.916674807,128.174959610,37.916620000,128.175030000,37.916619150,128.175031220,37.916573000,128.174970000,37.916577455,128.174980340,37.916634000,128.174910000,37.916632821,128.174909075
169,169,826609447088,33.807,0.609750,37.913498000,128.171300000,1338.000000,62.176273,56.651241,-5.525032,-8.886078,0.261032,0.614087,0.256239,1.125681,0.239111,0.558779,1.125681,37.916626000,128.174970000,37.916626000,128.174970000,37.916680000,128.174960000,37.916674600,128.174958569,37.916622000,128.175030000,37.916619957,128.175031344,37.916573000,128.174970000,37.916577660,128.174981376,37.916634000,128.174910000,37.916632018,128.174908952
170,170,826609447291,34.010,0.609750,37.913452000,128.171360000,1338.000000,60.807613,56.692534,-4.115079,-6.767375,0.311761,0.653862,0.599969,1.103147,0.173804,0.632696,1.103147,37.916626000,128.174970000,37.916626000,128.174970000,37.916680000,128.174960000,37.916674442,128.174957592,37.916626000,128.175030000,37.916620744,128.175031509,37.916576000,128.174970000,37.916577818,128.174982348,37.916630000,128.174910000,37.916631234,128.174908788
171,171,826609447480,34.199,0.609750,37.913418000,128.171420000,1338.000000,66.086731,56.619308,-9.467423,-14.325755,0.551815,0.702079,0.964700,1.181627,0.767507,0.903979,1.181627,37.916626000,128.174970000,37.916626000,128.174970000,37.916680000,128.174960000,37.916674247,128.174956725,37.916630000,128.175030000,37.916621425,128.175031587,37.916576000,128.174970000,37.916578011,128.174983211,37.916630000,128.174900000,37.916630556,128.174908711
172,172,826609447709,34.428,0.609750,37.913376000,128.171500000,1339.000000,56.603837,57.311781,0.707944,1.250700,0.237562,0.472376,0.416493,0.400352,0.625022,0.478561,0.625022,37.916670000,128.174990000,37.916670000,128.174990000,37.916718000,128.174970000,37.916718224,128.174975371,37.916670000,128.175050000,37.916666686,128.175052201,37.916622000,128.175000000,37.916622034,128.175004559,37.916668000,128.174930000,37.916673444,128.174928258
173,173,826609447888,34.607,0.609750,37.913310000,128.171630000,1339.000000,57.483690,57.140230,-0.343460,-0.597491,0.248958,0.316116,0.899957,0.559336,0.475607,0.562754,0.899957,37.916670000,128.174990000,37.916670000,128.174990000,37.916718000,128.174970000,37.916717747,128.174973585,37.916676000,128.175050000,37.916668117,128.175052271,37.916622000,128.175000000,37.916622508,128.175006337,37.916668000,128.174930000,37.916672026,128.174928186
174,174,826609448091,34.810,0.609750,37.913280000,128.171700000,1340.000000,55.528462,57.084052,1.555590,2.801428,0.494776,1.111823,0.823681,0.733958,0.403861,0.768331,1.111823,37.916670000,128.174990000,37.916670000,128.174990000,37.916718000,128.174960000,37.916717500,128.174972644,37.916676000,128.175050000,37.916668829,128.175052311,37.916626000,128.175000000,37.916622753,128.175007273,37.916668000,128.174930000,37.916671319,128.174928144
175,175,826609448279,34.998,0.609750,37.913258000,128.171750000,1340.000000,56.603800,55.594791,-1.009010,-1.782583,0.566319,0.987483,0.251411,0.177784,1.166522,0.645800,1.166522,37.916718000,128.175000000,37.916718000,128.175000000,37.916756000,128.174970000,37.916761906,128.174978390,37.916718000,128.175060000,37.916717944,128.175062862,37.916670000,128.175020000,37.916670771,128.175018227,37.916710000,128.174930000,37.916718461,128.174937836
176,176,826609448483,35.202,0.609750,37.913258000,128.171750000,1340.000000,58.070278,56.481474,-1.588803,-2.736001,0.259704,0.740019,1.002795,0.393500,0.998250,0.783641,1.002795,37.916645000,128.174970000,37.916645000,128.174970000,37.916690000,128.174960000,37.916692126,128.174952016,37.916653000,128.175030000,37.916644123,128.175031945,37.916595000,128.174990000,37.916598122,128.174987899,37.916637000,128.174910000,37.916645873,128.174908356
177,177,826609448687,35.406,0.609750,37.913216000,128.171880000,1341.000000,62.860600,55.965547,-6.895053,-10.968798,0.437292,0.066403,1.299859,0.925300,0.866910,0.789618,1.299859,37.916630000,128.174960000,37.916630000,128.174960000,37.916676000,128.174940000,37.916676485,128.174940441,37.916640000,128.175030000,37.916630300,128.175021760,37.916584000,128.174990000,37.916583757,128.174979468,37.916622000,128.174900000,37.916629702,128.174898538
178,178,826609448891,35.610,0.609750,37.913193000,128.171950000,1341.000000,63.349407,55.793507,-7.555900,-11.927342,0.434691,0.040186,1.240988,0.850649,1.011737,0.785890,1.240988,37.916630000,128.174960000,37.916630000,128.174960000,37.916676000,128.174940000,37.916676162,128.174939591,37.916640000,128.175030000,37.916630983,128.175021691,37.916584000,128.174990000,37.916584077,128.174980314,37.916620000,128.174900000,37.916629022,128.174898606
179,179,826609449089,35.808,0.609750,37.913170000,128.172030000,1342.000000,62.567287,56.325085,-6.242201,-9.976781,0.887975,0.881904,1.133362,1.078136,2.110134,1.300884,2.110134,37.916664000,128.174990000,37.916664000,128.174990000,37.916706000,128.174960000,37.916710062,128.174968621,37.916676000,128.175050000,37.916665948,128.175052050,37.916622000,128.175000000,37.916618177,128.175011280,37.916650000,128.174910000,37.916662209,128.174928380
180,180,826609449290,36.009,0.609750,37.913150000,128.172100000,1343.000000,63.935946,56.221039,-7.714907,-12.066620,0.893745,0.800144,1.060848,1.078335,2.067751,1.251769,2.067751,37.916664000,128.174990000,37.916664000,128.174990000,37.916706000,128.174960000,37.916709753,128.174967770,37.916676000,128.175050000,37.916666601,128.175051997,37.916620000,128.175000000,37.916618483,128.175012127,37.916650000,128.174910000,37.916661561,128.174928429
181,181,826609449485,36.204,0.609750,37.913130000,128.172180000,1343.000000,53.377697,56.340092,2.962395,5.549873,0.209835,0.643805,0.950343,1.087664,0.749121,0.857733,1.087664,37.916690000,128.174990000,37.916690000,128.174990000,37.916733000,128.174960000,37.916735418,128.174966660,37.916702000,128.175050000,37.916693617,128.175052046,37.916653000,128.175020000,37.916644817,128.175013233,37.916680000,128.174930000,37.916686614,128.174928429
182,182,826609449689,36.408,0.609750,37.913113000,128.172260000,1344.000000,66.282216,55.667080,-10.615135,-16.015058,0.435060,0.595226,2.024075,0.590399,1.223246,1.108236,2.024075,37.916668000,128.174970000,37.916668000,128.174970000,37.916710000,128.174940000,37.916712860,128.174945727,37.916683000,128.175050000,37.916672075,128.175031576,37.916626000,128.175000000,37.916623369,128.174994163,37.916653000,128.174910000,37.916663942,128.174908721
183,183,826609449893,36.612,0.609750,37.913097000,128.172330000,1345.000000,52.791126,56.123251,3.332126,6.311905,0.152708,0.861088,0.686421,0.751564,1.146437,0.861378,1.146437,37.916695000,128.174990000,37.916695000,128.174990000,37.916733000,128.174960000,37.916739703,128.174964893,37.916706000,128.175050000,37.916700012,128.175051866,37.916656000,128.175020000,37.916650525,128.175014993,37.916680000,128.174930000,37.916690240,128.174928607
184,184,826609450083,36.802,0.609750,37.913082000,128.172420000,1346.000000,53.964262,55.902914,1.938652,3.592473,0.041871,0.774154,1.036019,0.660226,1.059261,0.882415,1.059261,37.916695000,128.174990000,37.916695000,128.174990000,37.916733000,128.174960000,37.916739236,128.174963901,37.916710000,128.175050000,37.916700789,128.175051689,37.916656000,128.175020000,37.916650987,128.175015982,37.916680000,128.174930000,37.916689466,128.174928776
185,185,826609450287,37.006,0.609750,37.913067000,128.172490000,1347.000000,57.190437,54.731391,-2.459046,-4.299750,0.132502,0.489094,1.571330,0.476414,1.016973,0.888453,1.571330,37.916630000,128.174960000,37.916630000,128.174960000,37.916670000,128.174930000,37.916673540,128.174933299,37.916650000,128.175020000,37.916635906,128.175020981,37.916590000,128.174990000,37.916586676,128.174986583,37.916615000,128.174900000,37.916624119,128.174899309
186,186,826609450490,37.209,0.609750,37.913055000,128.172560000,1348.000000,54.550826,55.742283,1.191457,2.184122,0.660587,2.280911,0.348235,0.424476,1.469934,1.130889,2.280911,37.916700000,128.174990000,37.916700000,128.174990000,37.916733000,128.174940000,37.916743524,128.174962285,37.916710000,128.175050000,37.916707094,128.175051467,37.916660000,128.175020000,37.916656694,128.175017592,37.916680000,128.174930000,37.916693181,128.174928995
187,187,826609450693,37.412,0.609750,37.913040000,128.172650000,1349.000000,58.656818,55.089273,-3.567546,-6.082065,0.607974,0.992195,0.822850,1.901087,1.825129,1.385315,1.901087,37.916680000,128.174970000,37.916680000,128.174970000,37.916714000,128.174940000,37.916722857,128.174941260,37.916695000,128.175030000,37.916687645,128.175030933,37.916640000,128.175020000,37.916637354,128.174998614,37.916656000,128.174910000,37.916672388,128.174909358
188,188,826609450881,37.600,0.609750,37.913030000,128.172730000,1350.000000,57.874735,54.798310,-3.076426,-5.315663,0.435644,0.711438,1.308385,1.935397,1.311344,1.316641,1.935397,37.916670000,128.174970000,37.916670000,128.174970000,37.916706000,128.174940000,37.916712380,128.174940474,37.916690000,128.175030000,37.916678259,128.175030694,37.916634000,128.175020000,37.916627827,128.174999398,37.916650000,128.174910000,37.916661776,128.174909594
189,189,826609451086,37.805,0.609750,37.913013000,128.172800000,1351.000000,63.740453,54.237578,-9.502875,-14.908703,0.449132,1.755233,1.591054,0.182063,1.260901,1.197313,1.755233,37.916630000,128.174960000,37.916630000,128.174960000,37.916670000,128.174910000,37.916671837,128.174929850,37.916653000,128.175020000,37.916638710,128.175020341,37.916590000,128.174990000,37.916588365,128.174990020,37.916610000,128.174900000,37.916621327,128.174899943
190,190,826609451289,38.008,0.609750,37.913002000,128.172880000,1352.000000,58.559076,54.464081,-4.094995,-6.992930,0.291666,0.829929,1.609796,0.816702,1.391427,1.161964,1.609796,37.916656000,128.174970000,37.916656000,128.174970000,37.916695000,128.174930000,37.916697497,128.174938904,37.916680000,128.175030000,37.916665541,128.175030295,37.916622000,128.175000000,37.916614703,128.175000962,37.916634000,128.174910000,37.916646499,128.174909990
191,191,826609451478,38.197,0.609750,37.912990000,128.172960000,1353.000000,53.671025,53.916644,0.245619,0.457638,0.908360,0.356813,1.745984,1.704512,2.031272,1.459645,2.031272,37.916630000,128.174940000,37.916630000,128.174940000,37.916668000,128.174910000,37.916670764,128.174907943,37.916656000,128.175000000,37.916640316,128.174999850,37.916595000,128.174990000,37.916589429,128.174971921,37.916610000,128.174900000,37.916619727,128.174880431
192,192,826609451682,38.401,0.609750,37.912975000,128.173030000,1354.000000,54.844162,53.898559,-0.945604,-1.724165,0.889662,0.361819,1.670729,1.624046,2.168804,1.456350,2.168804,37.916630000,128.174940000,37.916630000,128.174940000,37.916668000,128.174910000,37.916670353,128.174907158,37.916656000,128.175000000,37.916640994,128.174999683,37.916595000,128.174990000,37.916589837,128.174972704,37.916607000,128.174900000,37.916619052,128.174880597
193,193,826609451885,38.604,0.609750,37.912964000,128.173110000,1356.000000,61.980747,53.891171,-8.089576,-13.051756,0.464640,0.389268,1.589718,1.533140,1.262448,1.193644,1.589718,37.916630000,128.174940000,37.916630000,128.174940000,37.916668000,128.174910000,37.916669888,128.174906269,37.916656000,128.175000000,37.916641725,128.174999505,37.916595000,128.174990000,37.916590299,128.174973591,37.916607000,128.174880000,37.916618324,128.174880773
194,194,826609452090,38.809,0.609750,37.912952000,128.173200000,1357.000000,55.332967,53.837464,-1.495502,-2.702733,0.901546,0.554401,1.940258,1.472294,2.098534,1.516372,2.098534,37.916634000,128.174940000,37.916634000,128.174940000,37.916670000,128.174910000,37.916673326,128.174905302,37.916664000,128.175000000,37.916646581,128.174999239,37.916600000,128.174990000,37.916594857,128.174974555,37.916610000,128.174900000,37.916621472,128.174881038
195,195,826609452278,38.997,0.609750,37.912952000,128.173200000,1357.000000,55.332967,53.837464,-1.495502,-2.702733,0.901546,0.554401,1.940258,1.472294,2.098534,1.516372,2.098534,37.916634000,128.174940000,37.916634000,128.174940000,37.916670000,128.174910000,37.916673326,128.174905302,37.916664000,128.175000000,37.916646581,128.174999239,37.916600000,128.174990000,37.916594857,128.174974555,37.916610000,128.174900000,37.916621472,128.174881038
196,196,826609452506,39.225,0.609750,37.912926000,128.173360000,1359.000000,62.616196,53.719006,-8.897191,-14.209088,0.287127,0.574398,1.776849,1.510231,1.452316,1.328448,1.776849,37.916630000,128.174940000,37.916630000,128.174940000,37.916664000,128.174900000,37.916668291,128.174903633,37.916660000,128.175000000,37.916644070,128.174998716,37.916600000,128.174990000,37.916591885,128.174976219,37.916603000,128.174880000,37.916615988,128.174881559
197,197,826609452686,39.405,0.609750,37.912926000,128.173360000,1359.000000,62.616196,53.719006,-8.897191,-14.209088,0.287127,0.574398,1.776849,1.510231,1.452316,1.328448,1.776849,37.916630000,128.174940000,37.916630000,128.174940000,37.916664000,128.174900000,37.916668291,128.174903633,37.916660000,128.175000000,37.916644070,128.174998716,37.916600000,128.174990000,37.916591885,128.174976219,37.916603000,128.174880000,37.916615988,128.174881559
198,198,826609452890,39.609,0.609750,37.912914000,128.173430000,1360.000000,62.616196,53.722304,-8.893892,-14.203821,0.287182,0.496855,1.703541,1.428147,1.380194,1.252184,1.703541,37.916630000,128.174940000,37.916630000,128.174940000,37.916664000,128.174900000,37.916667836,128.174902891,37.916660000,128.175000000,37.916644743,128.174998488,37.916600000,128.174990000,37.916592337,128.174976958,37.916603000,128.174880000,37.916615318,128.174881785
199,199,826609453078,39.797,0.609750,37.912903000,128.173510000,1361.000000,64.375902,53.694081,-10.681821,-16.592888,0.369897,0.409933,2.065934,1.335145,1.300647,1.277915,2.065934,37.916630000,128.174940000,37.916630000,128.174940000,37.916664000,128.174900000,37.916667300,128.174902072,37.916664000,128.175000000,37.916645496,128.174998200,37.916600000,128.174990000,37.916592870,128.174977775,37.916603000,128.174880000,37.916614569,128.174882072
200,200,826609453281,40.000,0.609750,37.912888000,128.173580000,1363.000000,62.616196,53.838605,-8.777591,-14.018084,0.440285,0.338267,1.989487,1.474645,1.226234,1.257158,1.989487,37.916630000,128.174940000,37.916630000,128.174940000,37.916664000,128.174900000,37.916666865,128.174901282,37.916664000,128.175000000,37.916646197,128.174998018,37.916603000,128.174990000,37.916593301,128.174978563,37.916603000,128.174880000,37.916613871,128.174882253
201,201,826609453484,40.203,0.609750,37.912876000,128.173660000,1364.000000,58.803500,53.845674,-4.957826,-8.431175,0.188307,0.704328,2.014064,1.381821,1.476637,1.394212,2.014064,37.916630000,128.174940000,37.916630000,128.174940000,37.916660000,128.174900000,37.916666316,128.174900471,37.916664000,128.174990000,37.916646961,128.174997711,37.916603000,128.174990000,37.916593847,128.174979371,37.916600000,128.174880000,37.916613110,128.174882559
202,202,826609453689,40.408,0.609750,37.912860000,128.173750000,1365.000000,53.475492,54.125267,0.649775,1.215090,0.671499,1.478676,2.130425,1.193903,1.942531,1.686384,2.130425,37.916645000,128.174960000,37.916645000,128.174960000,37.916670000,128.174910000,37.916680885,128.174919650,37.916676000,128.175000000,37.916662760,128.175017517,37.916620000,128.175000000,37.916609276,128.175000190,37.916610000,128.174900000,37.916627314,128.174902754
203,203,826609453892,40.611,0.609750,37.912850000,128.173810000,1366.000000,54.257583,54.180585,-0.076998,-0.141912,0.662834,1.410413,2.396633,1.372634,1.881369,1.765262,2.396633,37.916645000,128.174960000,37.916645000,128.174960000,37.916670000,128.174910000,37.916680473,128.174919038,37.916680000,128.175000000,37.916663341,128.175017287,37.916622000,128.175000000,37.916609686,128.175000800,37.916610000,128.174900000,37.916626736,128.174902983
204,204,826609454080,40.799,0.609750,37.912834000,128.173890000,1367.000000,65.597920,54.034101,-11.563819,-17.628331,0.469623,1.865773,2.174780,1.479753,1.792620,1.828231,2.174780,37.916630000,128.174940000,37.916630000,128.174940000,37.916656000,128.174880000,37.916664718,128.174898145,37.916668000,128.174990000,37.916649213,128.174996792,37.916607000,128.174990000,37.916595436,128.174981691,37.916595000,128.174880000,37.916610868,128.174883476
205,205,826609454285,41.004,0.609750,37.912820000,128.173980000,1369.000000,66.673292,54.228510,-12.444782,-18.665319,0.497252,2.024716,1.857694,1.009313,2.138805,1.757632,2.138805,37.916634000,128.174940000,37.916634000,128.174940000,37.916656000,128.174880000,37.916668103,128.174897209,37.916670000,128.174990000,37.916654108,128.174996456,37.916607000,128.174990000,37.916600047,128.174982624,37.916595000,128.174880000,37.916613977,128.174883811
206,206,826609454489,41.208,0.609750,37.912807000,128.174060000,1370.000000,65.060228,54.309498,-10.750731,-16.524274,0.464649,1.931260,1.766004,1.194208,2.059719,1.737798,2.059719,37.916634000,128.174940000,37.916634000,128.174940000,37.916656000,128.174880000,37.916667523,128.174896440,37.916670000,128.174990000,37.916654881,128.174996091,37.916610000,128.174990000,37.916600624,128.174983391,37.916595000,128.174880000,37.916613207,128.174884174
207,207,826609454678,41.397,0.609750,37.912790000,128.174130000,1371.000000,69.361731,54.468329,-14.893402,-21.472073,0.484946,2.085755,2.328129,1.117055,2.535505,2.016611,2.535505,37.916634000,128.174940000,37.916634000,128.174940000,37.916653000,128.174880000,37.916667028,128.174895744,37.916676000,128.174990000,37.916655590,128.174995787,37.916610000,128.174990000,37.916601116,128.174984085,37.916590000,128.174880000,37.916612501,128.174884478
208,208,826609454881,41.600,0.609750,37.912773000,128.174210000,1372.000000,66.673292,54.603220,-12.070071,-18.103308,0.441545,1.549125,2.212141,1.979998,2.448488,2.047438,2.448488,37.916634000,128.174930000,37.916634000,128.174930000,37.916653000,128.174880000,37.916666368,128.174884900,37.916676000,128.174990000,37.916656470,128.174985349,37.916615000,128.174990000,37.916601773,128.174974926,37.916590000,128.174880000,37.916611626,128.174874914
209,209,826609455084,41.803,0.609750,37.912760000,128.174290000,1373.000000,62.958358,54.721238,-8.237120,-13.083441,0.062305,1.468082,2.466993,1.887785,2.358559,2.045355,2.466993,37.916634000,128.174930000,37.916634000,128.174930000,37.916653000,128.174880000,37.916665773,128.174884163,37.916676000,128.174970000,37.916657237,128.174984949,37.916615000,128.174990000,37.916602366,128.174975661,37.916590000,128.174880000,37.916610862,128.174875314
210,210,826609455289,42.008,0.609750,37.912743000,128.174360000,1374.000000,62.665073,54.913212,-7.751861,-12.370306,0.049051,1.727071,2.770962,2.253722,2.496690,2.312111,2.770962,37.916634000,128.174930000,37.916634000,128.174930000,37.916650000,128.174880000,37.916665267,128.174883498,37.916680000,128.174970000,37.916657939,128.174984614,37.916620000,128.174990000,37.916602869,128.174976324,37.916588000,128.174880000,37.916610164,128.174875648
211,211,826609455484,42.203,1.093156,37.912727000,128.174440000,1375.000000,160.084190,177.779324,17.695134,11.053643,0.512590,3.739042,3.467872,4.128515,4.930638,4.066517,4.930638,37.916700000,128.174930000,37.916700000,128.174930000,37.916720000,128.174840000,37.916753404,128.174844457,37.916767000,128.175000000,37.916744867,128.175027789,37.916680000,128.175030000,37.916644922,128.175014737,37.916622000,128.174870000,37.916655345,128.174833044
212,212,826609455684,42.403,1.499657,37.912710000,128.174510000,1377.000000,342.361116,327.922667,-14.438449,-4.217316,0.557742,5.730324,6.763217,6.521454,5.421677,6.109168,6.763217,37.916504000,128.174960000,37.916504000,128.174960000,37.916530000,128.174820000,37.916577948,128.174843741,37.916615000,128.175050000,37.916564243,128.175092325,37.916485000,128.175100000,37.916429820,128.175075059,37.916397000,128.174850000,37.916442815,128.174829055
213,213,826609455884,42.603,1.499657,37.912690000,128.174590000,1378.000000,301.350453,327.965147,26.614694,8.831808,1.563650,19.103368,5.688669,18.330197,8.948587,13.017705,19.103368,37.916424000,128.174970000,37.916424000,128.174970000,37.916550000,128.175060000,37.916497119,128.174853059,37.916435000,128.175110000,37.916485582,128.175100785,37.916325000,128.174880000,37.916352029,128.175085892,37.916440000,128.174840000,37.916359614,128.174840497
214,214,826609456088,42.807,1.499657,37.912674000,128.174670000,1379.000000,307.216155,329.284979,22.068824,7.183484,1.528983,18.743921,5.043413,16.975038,8.060114,12.205622,18.743921,37.916424000,128.174970000,37.916424000,128.174970000,37.916557000,128.175050000,37.916495579,128.174851273,37.916443000,128.175110000,37.916487568,128.175099681,37.916317000,128.174900000,37.916353554,128.175087656,37.916430000,128.174840000,37.916357607,128.174841670
215,215,826609456291,43.010,1.499657,37.912650000,128.174760000,1380.000000,305.749730,331.231991,25.482261,8.334353,1.476542,18.977189,5.313729,17.189357,8.098338,12.394653,18.977189,37.916424000,128.174970000,37.916424000,128.174970000,37.916557000,128.175050000,37.916493886,128.174849265,37.916443000,128.175110000,37.916489854,128.175098437,37.916317000,128.174900000,37.916355233,128.175089637,37.916428000,128.174840000,37.916355290,128.174842995
216,216,826609456480,43.199,1.499657,37.912632000,128.174840000,1381.000000,307.216155,332.860499,25.644343,8.347329,1.530469,19.181784,5.549439,17.377065,8.547273,12.663890,19.181784,37.916424000,128.174970000,37.916424000,128.174970000,37.916557000,128.175050000,37.916492354,128.174847534,37.916443000,128.175110000,37.916491833,128.175097290,37.916317000,128.174900000,37.916356751,128.175091346,37.916430000,128.174840000,37.916353291,128.174844213
217,217,826609456683,43.402,4.446784,37.912610000,128.174930000,1382.000000,2960.995908,2851.600899,-109.395009,-3.694534,0.874427,17.072015,18.888498,21.364442,19.451389,19.194086,21.364442,37.916687000,128.174910000,37.916687000,128.174910000,37.916710000,128.174480000,37.916858293,128.174529560,37.917015000,128.175160000,37.916880057,128.175290389,37.916676000,128.175340000,37.916489548,128.175282346,37.916330000,128.174670000,37.916472113,128.174541130
218,218,826609456888,43.607,5.498741,37.912586000,128.175000000,1382.000000,4491.940981,4403.002821,-88.938159,-1.979949,1.243733,18.415827,21.187186,23.869957,21.214916,21.171972,23.869957,37.916650000,128.174930000,37.916650000,128.174930000,37.916702000,128.174400000,37.916861385,128.174456180,37.917046000,128.175250000,37.916896088,128.175398642,37.916620000,128.175450000,37.916410605,128.175391457,37.916220000,128.174620000,37.916375546,128.174480422
219,219,826609457091,43.810,5.498741,37.912563000,128.175080000,1383.000000,4501.323811,4386.374515,-114.949296,-2.553678,1.223144,15.798566,18.738483,21.028564,19.168376,18.683498,21.028564,37.916687000,128.174910000,37.916687000,128.174910000,37.916750000,128.174380000,37.916886464,128.174429403,37.917070000,128.175250000,37.916933400,128.175374686,37.916637000,128.175430000,37.916452322,128.175379639,37.916264000,128.174590000,37.916404884,128.174464504
220,220,826609457279,43.998,5.498741,37.912514000,128.175260000,1385.000000,4517.601077,4446.606802,-70.994275,-1.571504,1.325317,12.599784,15.826334,17.705698,15.714832,15.461662,17.705698,37.916687000,128.174910000,37.916687000,128.174910000,37.916767000,128.174380000,37.916876142,128.174418009,37.917060000,128.175260000,37.916945362,128.175366587,37.916620000,128.175430000,37.916463769,128.175392188,37.916275000,128.174580000,37.916389118,128.174474664
221,221,826609457485,44.204,5.498741,37.912487000,128.175340000,1386.000000,4617.516508,4542.360993,-75.155515,-1.627618,1.669007,10.022160,13.465475,14.986944,13.227832,12.925603,14.986944,37.916634000,128.174910000,37.916634000,128.174910000,37.916740000,128.174380000,37.916826223,128.174412839,37.917010000,128.175280000,37.916907318,128.175361049,37.916550000,128.175430000,37.916418056,128.175396081,37.916237000,128.174580000,37.916327164,128.174481892
222,222,826609457705,44.424,5.498741,37.912487000,128.175340000,1386.000000,4622.890055,4480.329335,-142.560720,-3.083801,1.454604,7.970660,11.387813,12.718269,11.049222,10.781491,12.718269,37.916687000,128.174910000,37.916687000,128.174910000,37.916805000,128.174380000,37.916871750,128.174412840,37.917040000,128.175300000,37.916950686,128.175363227,37.916580000,128.175430000,37.916468610,128.175397797,37.916300000,128.174550000,37.916381983,128.174479076
223,223,826609457879,44.598,5.498741,37.912434000,128.175520000,1388.000000,4668.348895,4546.490239,-121.858656,-2.610316,1.379608,4.883382,9.125728,8.769889,8.252052,7.757763,9.125728,37.916690000,128.174910000,37.916690000,128.174910000,37.916824000,128.174380000,37.916864342,128.174401843,37.917034000,128.175300000,37.916964659,128.175355430,37.916560000,128.175430000,37.916482847,128.175409800,37.916313000,128.174550000,37.916369657,128.174489405
224,224,826609458080,44.799,5.498741,37.912403000,128.175610000,1389.000000,4806.538746,4666.605082,-139.933665,-2.911319,1.833456,2.469126,7.635624,5.931859,4.475449,5.128015,7.635624,37.916626000,128.174910000,37.916626000,128.174910000,37.916786000,128.174380000,37.916804453,128.174395601,37.916980000,128.175310000,37.916918320,128.175348036,37.916480000,128.175420000,37.916426951,128.175413621,37.916264000,128.174530000,37.916295571,128.174498447
225,225,826609458283,45.002,5.498741,37.912403000,128.175610000,1389.000000,4874.727083,4661.873932,-212.853151,-4.366463,1.423300,1.761777,6.238618,4.595347,4.328461,4.231051,6.238618,37.916630000,128.174910000,37.916630000,128.174910000,37.916798000,128.174380000,37.916807905,128.174395647,37.916973000,128.175320000,37.916921584,128.175348264,37.916470000,128.175430000,37.916430760,128.175413751,37.916270000,128.174530000,37.916299712,128.174498207
226,226,826609458487,45.206,5.498741,37.912354000,128.175770000,1390.000000,4901.074055,4734.597503,-166.476552,-3.396736,2.225075,2.748994,3.956566,1.188552,1.144435,2.259637,3.956566,37.916626000,128.174910000,37.916626000,128.174910000,37.916820000,128.174380000,37.916795782,128.174386120,37.916960000,128.175320000,37.916928241,128.175340228,37.916447000,128.175420000,37.916436638,128.175423262,37.916290000,128.174500000,37.916282295,128.174508628
227,227,826609458711,45.430,5.498741,37.912323000,128.175860000,1391.000000,4971.364527,4781.035806,-190.328720,-3.828501,2.135136,5.172317,2.157312,1.383678,2.927724,2.910257,5.172317,37.916626000,128.174900000,37.916626000,128.174900000,37.916836000,128.174380000,37.916790178,128.174370249,37.916950000,128.175340000,37.916934328,128.175325549,37.916430000,128.175420000,37.916442417,128.175419297,37.916300000,128.174500000,37.916273990,128.174504939
228,228,826609458879,45.598,5.498741,37.912296000,128.175950000,1392.000000,5054.410805,4787.476893,-266.933912,-5.281207,1.791775,7.540302,1.514285,4.718132,5.324744,4.774366,7.540302,37.916656000,128.174910000,37.916656000,128.174910000,37.916880000,128.174380000,37.916812339,128.174375962,37.916958000,128.175350000,37.916963639,128.175334308,37.916435000,128.175420000,37.916475653,128.175435197,37.916336000,128.174480000,37.916298549,128.174517719
229,229,826609459083,45.802,5.498741,37.912266000,128.176040000,1393.000000,5048.009492,4873.792758,-174.216734,-3.451197,2.412624,9.640158,2.292122,6.442920,7.878720,6.563480,9.640158,37.916626000,128.174900000,37.916626000,128.174900000,37.916866000,128.174380000,37.916780919,128.174359538,37.916935000,128.175340000,37.916945253,128.175317366,37.916400000,128.175400000,37.916452823,128.175429985,37.916320000,128.174470000,37.916259344,128.174516229
230,230,826609459287,46.006,5.498741,37.912240000,128.176120000,1394.000000,5051.231225,4827.574193,-223.657032,-4.427773,1.687236,10.751466,3.847513,8.709612,7.700713,7.752326,10.751466,37.916690000,128.174900000,37.916690000,128.174900000,37.916927000,128.174380000,37.916832171,128.174356782,37.916977000,128.175350000,37.917001684,128.175319334,37.916447000,128.175400000,37.916519716,128.175436603,37.916378000,128.174470000,37.916319364,128.174516526
231,231,826609459490,46.209,5.498741,37.912212000,128.176210000,1394.000000,5184.093411,4960.115118,-223.978293,-4.320491,2.529097,13.102906,5.845545,10.279172,11.150872,10.094624,13.102906,37.916626000,128.174910000,37.916626000,128.174910000,37.916890000,128.174380000,37.916773323,128.174360320,37.916920000,128.175370000,37.916954704,128.175320046,37.916378000,128.175400000,37.916461900,128.175448885,37.916332000,128.174470000,37.916246679,128.174536525
232,232,826609459679,46.398,5.498741,37.912186000,128.176300000,1395.000000,5253.303936,4914.540759,-338.763177,-6.448574,1.805941,15.499629,8.238784,13.774465,13.065585,12.644616,15.499629,37.916690000,128.174900000,37.916690000,128.174900000,37.916960000,128.174380000,37.916823164,128.174347375,37.916954000,128.175370000,37.917011810,128.175311422,37.916412000,128.175400000,37.916530272,128.175446104,37.916400000,128.174440000,37.916305510,128.174528254
233,233,826609459881,46.600,5.498741,37.912160000,128.176380000,1396.000000,5203.934454,4960.248835,-243.685619,-4.682719,2.276313,17.421970,10.054061,16.229491,15.736245,14.860442,17.421970,37.916690000,128.174900000,37.916690000,128.174900000,37.916973000,128.174380000,37.916819247,128.174342968,37.916946000,128.175380000,37.917016385,128.175308260,37.916400000,128.175380000,37.916534752,128.175450544,37.916420000,128.174440000,37.916299264,128.174533197
234,234,826609460089,46.808,5.498741,37.912132000,128.176470000,1396.000000,5314.698570,5015.156712,-299.541858,-5.636102,2.222332,18.643443,11.659345,18.243440,17.600440,16.536667,18.643443,37.916683000,128.174900000,37.916683000,128.174900000,37.916973000,128.174380000,37.916808785,128.174338308,37.916930000,128.175380000,37.917015610,128.175303514,37.916380000,128.175380000,37.916532921,128.175454701,37.916412000,128.174420000,37.916285281,128.174539854
235,235,826609460279,46.998,5.498741,37.912110000,128.176560000,1397.000000,5338.358198,5091.118180,-247.240019,-4.631387,2.456810,19.612538,12.299253,18.747786,19.010485,17.417516,19.612538,37.916664000,128.174900000,37.916664000,128.174900000,37.916960000,128.174380000,37.916787794,128.174332822,37.916916000,128.175380000,37.917005288,128.175297512,37.916363000,128.175380000,37.916519540,128.175458740,37.916397000,128.174420000,37.916258943,128.174547416
236,236,826609460484,47.203,5.498741,37.912083000,128.176650000,1397.000000,5436.312815,5081.495636,-354.817179,-6.526798,2.542565,20.401089,12.699519,19.627963,19.850925,18.144874,20.401089,37.916695000,128.174900000,37.916695000,128.174900000,37.916992000,128.174360000,37.916810267,128.174330019,37.916940000,128.175380000,37.917033566,128.175297266,37.916386000,128.175400000,37.916554996,128.175463750,37.916430000,128.174420000,37.916284656,128.174550963
237,237,826609460692,47.411,5.498741,37.912083000,128.176650000,1397.000000,5436.312815,5081.495636,-354.817179,-6.526798,2.542565,20.401089,12.699519,19.627963,19.850925,18.144874,20.401089,37.916695000,128.174900000,37.916695000,128.174900000,37.916992000,128.174360000,37.916810267,128.174330019,37.916940000,128.175380000,37.917033566,128.175297266,37.916386000,128.175400000,37.916554996,128.175463750,37.916430000,128.174420000,37.916284656,128.174550963
238,238,826609460889,47.608,5.498741,37.912060000,128.176730000,1398.000000,5511.785996,5163.626087,-348.159909,-6.316644,1.864125,21.436422,13.916586,19.908747,19.473705,18.683865,21.436422,37.916676000,128.174880000,37.916676000,128.174880000,37.916977000,128.174350000,37.916787777,128.174304712,37.916927000,128.175370000,37.917024280,128.175270470,37.916367000,128.175400000,37.916541771,128.175448101,37.916405000,128.174420000,37.916257650,128.174539519
239,239,826609461090,47.809,5.498741,37.912037000,128.176820000,1398.000000,5513.252117,5199.232169,-314.019948,-5.695730,1.689303,21.597863,14.476834,20.634243,19.956393,19.166333,21.597863,37.916680000,128.174880000,37.916680000,128.174880000,37.916977000,128.174350000,37.916786896,128.174300856,37.916930000,128.175370000,37.917031507,128.175266953,37.916370000,128.175400000,37.916550743,128.175452115,37.916405000,128.174420000,37.916255576,128.174545553
240,240,826609461290,48.009,5.498741,37.912014000,128.176910000,1399.000000,5559.932942,5244.525309,-315.407633,-5.672868,1.640734,22.186030,14.795776,21.148031,20.078950,19.552197,22.186030,37.916683000,128.174880000,37.916683000,128.174880000,37.916980000,128.174350000,37.916785214,128.174296536,37.916935000,128.175370000,37.917038147,128.175263747,37.916374000,128.175400000,37.916558672,128.175456506,37.916400000,128.174420000,37.916252332,128.174551292
241,241,826609461494,48.213,5.498741,37.911995000,128.177000000,1399.000000,5681.987073,5262.498932,-419.488140,-7.382772,1.877711,22.362318,15.339678,20.962135,20.852235,19.879092,22.362318,37.916695000,128.174880000,37.916695000,128.174880000,37.916990000,128.174330000,37.916791201,128.174293409,37.916950000,128.175380000,37.917051161,128.175261395,37.916390000,128.175420000,37.916575579,128.175460472,37.916412000,128.174420000,37.916258862,128.174556740
242,242,826609461678,48.397,5.498741,37.911972000,128.177100000,1399.000000,5700.757251,5312.057170,-388.700080,-6.818394,1.746677,22.387199,15.051951,21.299015,20.746139,19.871076,22.387199,37.916695000,128.174880000,37.916695000,128.174880000,37.916985000,128.174330000,37.916786498,128.174289101,37.916954000,128.175370000,37.917055668,128.175257004,37.916393000,128.175420000,37.916581080,128.175464530,37.916400000,128.174420000,37.916252237,128.174563959
243,243,826609461890,48.609,5.498741,37.911957000,128.177190000,1400.000000,5806.877189,5358.563146,-448.314043,-7.720398,1.865787,22.798888,15.125979,21.343861,20.993751,20.065620,22.798888,37.916695000,128.174880000,37.916695000,128.174880000,37.916985000,128.174320000,37.916782064,128.174284996,37.916960000,128.175370000,37.917059818,128.175253139,37.916397000,128.175430000,37.916586330,128.175468373,37.916393000,128.174420000,37.916246377,128.174570345
244,244,826609462090,48.809,5.498741,37.911938000,128.177280000,1400.000000,5756.432336,5404.110961,-352.321375,-6.120481,1.762901,22.756276,15.279769,21.604240,20.524115,20.041100,22.756276,37.916695000,128.174880000,37.916695000,128.174880000,37.916980000,128.174320000,37.916777880,128.174281213,37.916965000,128.175370000,37.917063770,128.175249181,37.916400000,128.175430000,37.916591244,128.175471858,37.916390000,128.174440000,37.916240596,128.174576941
245,245,826609462288,49.007,5.498741,37.911922000,128.177370000,1400.000000,5790.942720,5464.398954,-326.543766,-5.638871,2.074102,22.166112,14.247961,21.673341,20.736274,19.705922,22.166112,37.916687000,128.174880000,37.916687000,128.174880000,37.916965000,128.174300000,37.916766710,128.174276952,37.916965000,128.175350000,37.917061708,128.175243724,37.916397000,128.175430000,37.916588435,128.175474973,37.916374000,128.174440000,37.916226678,128.174584501
246,246,826609462480,49.199,5.498741,37.911907000,128.177460000,1401.000000,5858.104134,5498.190618,-359.913516,-6.143857,2.007967,22.457795,14.218447,21.450655,21.161803,19.822175,22.457795,37.916695000,128.174880000,37.916695000,128.174880000,37.916970000,128.174300000,37.916769345,128.174273494,37.916977000,128.175350000,37.917071690,128.175241344,37.916410000,128.175450000,37.916601343,128.175478875,37.916378000,128.174440000,37.916229292,128.174590110
247,247,826609462684,49.403,5.498741,37.911892000,128.177550000,1401.000000,5918.618406,5543.437462,-375.180943,-6.338995,1.992283,22.316779,14.524247,21.812527,21.322625,19.994044,22.316779,37.916695000,128.174880000,37.916695000,128.174880000,37.916965000,128.174290000,37.916765154,128.174269889,37.916980000,128.175350000,37.917075480,128.175237286,37.916412000,128.175450000,37.916606305,128.175482073,37.916370000,128.174440000,37.916223833,128.174596916
248,248,826609462887,49.606,5.498741,37.911880000,128.177640000,1401.000000,5978.937155,5586.759543,-392.177612,-6.559320,2.003321,22.040785,14.282413,21.419031,21.579315,19.830386,22.040785,37.916695000,128.174880000,37.916695000,128.174880000,37.916958000,128.174290000,37.916760881,128.174266402,37.916990000,128.175350000,37.917079195,128.175233097,37.916420000,128.175460000,37.916611388,128.175485110,37.916363000,128.174440000,37.916218552,128.174603869
249,249,826609463091,49.810,5.498741,37.911870000,128.177750000,1401.000000,6007.825632,5636.399236,-371.426396,-6.182376,2.158882,22.105530,14.808168,21.720217,21.771412,20.101332,22.105530,37.916695000,128.174880000,37.916695000,128.174880000,37.916954000,128.174270000,37.916755515,128.174262325,37.916992000,128.175350000,37.917083626,128.175227759,37.916424000,128.175460000,37.916617809,128.175488574,37.916360000,128.174450000,37.916212366,128.174612596
250,250,826609463279,49.998,5.498741,37.911860000,128.177840000,1401.000000,6043.117477,5680.418184,-362.699293,-6.001857,2.349842,22.144466,14.104550,21.648245,21.781261,19.919630,22.144466,37.916695000,128.174880000,37.916695000,128.174880000,37.916950000,128.174270000,37.916751265,128.174258927,37.917000000,128.175340000,37.917087246,128.175223535,37.916430000,128.175460000,37.916622881,128.175491440,37.916350000,128.174450000,37.916207278,128.174619662
251,251,826609463483,50.202,5.498741,37.911854000,128.177920000,1402.000000,6094.393302,5723.799786,-370.593516,-6.080893,2.526292,22.119028,14.287838,21.650048,22.033571,20.022621,22.119028,37.916695000,128.174880000,37.916695000,128.174880000,37.916946000,128.174260000,37.916747332,128.174255593,37.917004000,128.175340000,37.917090632,128.175219957,37.916435000,128.175460000,37.916627598,128.175494268,37.916344000,128.174450000,37.916202729,128.174625728
252,252,826609463687,50.406,5.498741,37.911846000,128.178020000,1402.000000,6187.218119,5781.576342,-405.641776,-6.556125,2.187355,21.486900,13.882684,21.033979,21.716353,19.529979,21.716353,37.916690000,128.174870000,37.916690000,128.174870000,37.916930000,128.174240000,37.916736985,128.174241714,37.917007000,128.175320000,37.917091307,128.175203514,37.916440000,128.175480000,37.916628860,128.175487442,37.916330000,128.174450000,37.916192053,128.174624849
253,253,826609463903,50.622,5.498741,37.911840000,128.178120000,1402.000000,6154.907156,5809.683708,-345.223448,-5.608914,1.742129,21.588232,14.308054,21.659027,20.705773,19.565271,21.659027,37.916700000,128.174870000,37.916700000,128.174870000,37.916935000,128.174240000,37.916741071,128.174238972,37.917015000,128.175320000,37.917102582,128.175200755,37.916450000,128.175480000,37.916644389,128.175490541,37.916332000,128.174470000,37.916196873,128.174632022
254,254,826609464093,50.812,5.498741,37.911835000,128.178200000,1402.000000,6251.740610,5858.159535,-393.581075,-6.295544,2.193323,21.511949,14.385049,21.086339,21.027247,19.502646,21.511949,37.916690000,128.174870000,37.916690000,128.174870000,37.916920000,128.174220000,37.916727181,128.174236262,37.917015000,128.175320000,37.917098240,128.175194710,37.916450000,128.175480000,37.916639164,128.175492528,37.916317000,128.174470000,37.916183187,128.174638993
255,255,826609464281,51.000,5.498741,37.911830000,128.178300000,1402.000000,6310.494324,5889.729570,-420.764754,-6.667699,1.882798,20.996336,14.507668,21.448106,21.100432,19.513135,21.448106,37.916700000,128.174870000,37.916700000,128.174870000,37.916920000,128.174220000,37.916731681,128.174233341,37.917027000,128.175320000,37.917109448,128.175192063,37.916462000,128.175490000,37.916654623,128.175495512,37.916317000,128.174470000,37.916188133,128.174646198
256,256,826609464484,51.203,5.498741,37.911827000,128.178400000,1403.000000,6350.577336,5950.333848,-400.243487,-6.302474,2.524741,21.640839,14.058522,21.020363,21.907280,19.656751,21.907280,37.916690000,128.174870000,37.916690000,128.174870000,37.916910000,128.174210000,37.916716241,128.174230036,37.917027000,128.175310000,37.917106010,128.175185116,37.916462000,128.175490000,37.916650717,128.175498259,37.916306000,128.174470000,37.916173563,128.174654515
257,257,826609464687,51.406,5.498741,37.911827000,128.178500000,1403.000000,6311.618579,5978.902884,-332.715695,-5.271480,2.190876,21.140275,14.534695,21.101519,21.349817,19.531576,21.349817,37.916700000,128.174870000,37.916700000,128.174870000,37.916910000,128.174210000,37.916720590,128.174227396,37.917034000,128.175310000,37.917117099,128.175182343,37.916477000,128.175490000,37.916666362,128.175500933,37.916306000,128.174480000,37.916178811,128.174661958
258,258,826609464887,51.606,5.498741,37.911827000,128.178590000,1403.000000,6378.682857,6016.709415,-361.973442,-5.674736,2.062777,21.007858,14.658210,20.774077,21.546367,19.496628,21.546367,37.916700000,128.174870000,37.916700000,128.174870000,37.916904000,128.174210000,37.916715654,128.174224979,37.917040000,128.175310000,37.917120380,128.175177796,37.916485000,128.175500000,37.916671601,128.175503071,37.916298000,128.174480000,37.916174834,128.174669262
259,259,826609465091,51.810,5.498741,37.911830000,128.178680000,1403.000000,6405.812499,6064.772130,-341.040369,-5.323921,2.264548,21.497689,14.177442,20.290267,20.640595,19.151498,21.497689,37.916690000,128.174870000,37.916690000,128.174870000,37.916893000,128.174200000,37.916700709,128.174222619,37.917040000,128.175300000,37.917116171,128.175170619,37.916485000,128.175500000,37.916667232,128.175504771,37.916283000,128.174500000,37.916161355,128.174677381
260,260,826609465279,51.998,5.498741,37.911830000,128.178770000,1403.000000,6426.341509,6092.577987,-333.763522,-5.193679,2.081458,20.918117,14.364649,20.727507,20.673845,19.171029,20.918117,37.916700000,128.174870000,37.916700000,128.174870000,37.916893000,128.174200000,37.916705773,128.174220302,37.917050000,128.175300000,37.917126841,128.175168595,37.916496000,128.175500000,37.916682114,128.175507121,37.916283000,128.174500000,37.916167147,128.174683990
261,261,826609465482,52.201,5.498741,37.911840000,128.178860000,1403.000000,6516.771632,6135.411035,-381.360597,-5.851987,2.718515,21.357112,13.208471,20.285467,20.159059,18.752527,21.357112,37.916690000,128.174870000,37.916690000,128.174870000,37.916880000,128.174180000,37.916690536,128.174218271,37.917050000,128.175280000,37.917122484,128.175160923,37.916496000,128.175500000,37.916678107,128.175508412,37.916264000,128.174510000,37.916154095,128.174692439
262,262,826609465685,52.404,5.498741,37.911850000,128.179050000,1404.000000,6547.418925,6206.374527,-341.044398,-5.208837,2.763217,21.924763,13.997667,21.090895,21.032045,19.511342,21.924763,37.916700000,128.174870000,37.916700000,128.174870000,37.916885000,128.174180000,37.916689820,128.174213424,37.917060000,128.175280000,37.917136777,128.175153771,37.916510000,128.175500000,37.916699192,128.175512831,37.916264000,128.174510000,37.916156416,128.174706870
263,263,826609465888,52.607,5.498741,37.911858000,128.179150000,1404.000000,6690.492642,6245.774579,-444.718063,-6.647015,2.402082,22.033417,14.271187,20.619984,19.890252,19.203710,22.033417,37.916700000,128.174870000,37.916700000,128.174870000,37.916878000,128.174160000,37.916684228,128.174211155,37.917065000,128.175280000,37.917140184,128.175148375,37.916520000,128.175520000,37.916705184,128.175514622,37.916256000,128.174530000,37.916152939,128.174715014
264,264,826609466091,52.810,5.498741,37.911858000,128.179150000,1404.000000,6690.492642,6245.774579,-444.718063,-6.647015,2.402082,22.033417,14.271187,20.619984,19.890252,19.203710,22.033417,37.916700000,128.174870000,37.916700000,128.174870000,37.916878000,128.174160000,37.916684228,128.174211155,37.917065000,128.175280000,37.917140184,128.175148375,37.916520000,128.175520000,37.916705184,128.175514622,37.916256000,128.174530000,37.916152939,128.174715014
265,265,826609466279,52.998,5.498741,37.911870000,128.179240000,1404.000000,6675.095232,6291.654875,-383.440356,-5.744343,1.379494,21.625658,14.667304,20.651414,19.103725,19.012025,21.625658,37.916700000,128.174850000,37.916700000,128.174850000,37.916870000,128.174160000,37.916677153,128.174189712,37.917070000,128.175260000,37.917144184,128.175121973,37.916527000,128.175520000,37.916711594,128.175496597,37.916250000,128.174530000,37.916148304,128.174705222
266,266,826609466483,53.202,5.498741,37.911880000,128.179350000,1404.000000,6703.250497,6337.628890,-365.621606,-5.454393,1.258978,21.500383,14.964588,20.583100,18.243146,18.822804,21.500383,37.916700000,128.174850000,37.916700000,128.174850000,37.916862000,128.174150000,37.916671108,128.174187258,37.917076000,128.175260000,37.917147879,128.175116005,37.916534000,128.175520000,37.916718117,128.175498442,37.916245000,128.174550000,37.916144633,128.174714216
267,267,826609466687,53.406,5.498741,37.911892000,128.179430000,1404.000000,6731.552404,6366.860670,-364.691734,-5.417647,1.207660,21.218977,15.229494,20.243633,18.352481,18.761147,21.218977,37.916700000,128.174850000,37.916700000,128.174850000,37.916855000,128.174150000,37.916666481,128.174185719,37.917080000,128.175260000,37.917150483,128.175111370,37.916542000,128.175520000,37.916723131,128.175499505,37.916237000,128.174550000,37.916142216,128.174720987
268,268,826609466890,53.609,5.498741,37.911903000,128.179520000,1404.000000,6807.366321,6403.798256,-403.568065,-5.928402,1.551704,21.513867,14.795870,20.391724,18.094307,18.698942,21.513867,37.916700000,128.174850000,37.916700000,128.174850000,37.916850000,128.174130000,37.916661465,128.174183850,37.917084000,128.175250000,37.917153435,128.175106339,37.916546000,128.175520000,37.916728556,128.175500819,37.916233000,128.174560000,37.916139409,128.174728456
269,269,826609467093,53.812,5.498741,37.911920000,128.179630000,1404.000000,6902.439222,6446.642231,-455.796991,-6.603419,1.171603,21.069308,15.249010,20.130143,18.477223,18.731421,21.069308,37.916700000,128.174850000,37.916700000,128.174850000,37.916840000,128.174130000,37.916655187,128.174181749,37.917088000,128.175250000,37.917156971,128.175099977,37.916557000,128.175540000,37.916735356,128.175502199,37.916225000,128.174560000,37.916136188,128.174737746
270,270,826609467281,54.000,5.498741,37.911934000,128.179700000,1404.000000,6914.806971,6486.069802,-428.737169,-6.200277,1.473860,21.025577,13.983865,19.549745,17.529628,18.022204,21.025577,37.916690000,128.174850000,37.916690000,128.174850000,37.916824000,128.174120000,37.916641209,128.174180282,37.917088000,128.175230000,37.917151627,128.175092704,37.916557000,128.175540000,37.916730124,128.175502615,37.916214000,128.174580000,37.916124741,128.174744444
271,271,826609467484,54.203,5.498741,37.911953000,128.179810000,1404.000000,6956.794525,6515.067165,-441.727360,-6.349582,1.364558,20.606443,14.190288,19.918028,17.779054,18.123453,20.606443,37.916700000,128.174850000,37.916700000,128.174850000,37.916824000,128.174120000,37.916644750,128.174178576,37.917100000,128.175230000,37.917162637,128.175089269,37.916570000,128.175540000,37.916746670,128.175504094,37.916214000,128.174580000,37.916131261,128.174753163
272,272,826609467687,54.406,5.498741,37.911972000,128.179890000,1404.000000,6952.297976,6549.897807,-402.400169,-5.788017,1.449038,20.874971,14.474750,19.295474,17.742811,18.097002,20.874971,37.916695000,128.174850000,37.916695000,128.174850000,37.916817000,128.174120000,37.916634994,128.174177235,37.917103000,128.175230000,37.917161294,128.175082670,37.916576000,128.175540000,37.916747060,128.175504524,37.916210000,128.174590000,37.916124536,128.174760535
273,273,826609467891,54.610,5.498741,37.911987000,128.179980000,1404.000000,6931.328168,6596.888137,-334.440031,-4.825050,1.662111,20.950706,14.249297,18.846751,18.220075,18.066707,20.950706,37.916695000,128.174850000,37.916695000,128.174850000,37.916813000,128.174120000,37.916629968,128.174175539,37.917103000,128.175220000,37.917164112,128.175077431,37.916584000,128.175540000,37.916751251,128.175506684,37.916206000,128.174590000,37.916122073,128.174768118
274,274,826609468096,54.815,5.498741,37.912010000,128.180080000,1404.000000,7067.411959,6645.215078,-422.196881,-5.973854,2.070832,21.165213,14.533955,18.683930,18.688211,18.267827,21.165213,37.916695000,128.174850000,37.916695000,128.174850000,37.916805000,128.174100000,37.916624055,128.174174002,37.917110000,128.175220000,37.917167131,128.175071190,37.916590000,128.175540000,37.916756046,128.175508972,37.916200000,128.174590000,37.916119672,128.174776859
275,275,826609468283,55.002,5.498741,37.912033000,128.180160000,1404.000000,7080.609740,6680.516451,-400.093289,-5.650549,2.032824,20.923960,13.510693,18.700217,18.298144,17.858253,20.923960,37.916695000,128.174850000,37.916695000,128.174850000,37.916798000,128.174100000,37.916619084,128.174173030,37.917110000,128.175200000,37.917169465,128.175065887,37.916595000,128.175550000,37.916760089,128.175510622,37.916195000,128.174600000,37.916117997,128.174784082
276,276,826609468486,55.205,5.498741,37.912056000,128.180250000,1404.000000,7097.473572,6724.515832,-372.957740,-5.254796,2.083796,20.612362,13.883234,18.271296,18.769016,17.883977,20.612362,37.916695000,128.174850000,37.916695000,128.174850000,37.916790000,128.174100000,37.916613704,128.174171764,37.917114000,128.175200000,37.917172122,128.175060131,37.916603000,128.175550000,37.916764465,128.175512631,37.916190000,128.174600000,37.916116001,128.174792036
277,277,826609468689,55.408,5.498741,37.912083000,128.180340000,1404.000000,7123.380328,6777.570315,-345.810013,-4.854577,1.418381,20.397383,14.364332,18.166633,17.154097,17.520611,20.397383,37.916695000,128.174840000,37.916695000,128.174840000,37.916782000,128.174090000,37.916607473,128.174160742,37.917118000,128.175190000,37.917175245,128.175043412,37.916610000,128.175550000,37.916769270,128.175504910,37.916187000,128.174620000,37.916113403,128.174791614
278,278,826609468893,55.612,5.498741,37.912106000,128.180440000,1404.000000,7154.175151,6832.695260,-321.479891,-4.493598,1.373416,20.218287,14.900485,18.085121,17.590821,17.698679,20.218287,37.916695000,128.174840000,37.916695000,128.174840000,37.916775000,128.174090000,37.916601761,128.174159142,37.917120000,128.175190000,37.917178212,128.175037215,37.916615000,128.175550000,37.916773935,128.175507324,37.916180000,128.174620000,37.916111126,128.174800277
279,279,826609469080,55.799,5.498741,37.912136000,128.180530000,1404.000000,7169.572563,6874.655607,-294.916956,-4.113452,1.086842,19.946147,15.235454,17.797074,16.547976,17.381663,19.946147,37.916695000,128.174840000,37.916695000,128.174840000,37.916767000,128.174090000,37.916596100,128.174158242,37.917126000,128.175190000,37.917180724,128.175030987,37.916622000,128.175550000,37.916778585,128.175509108,37.916176000,128.174640000,37.916109555,128.174808558
280,280,826609469284,56.003,5.498741,37.912163000,128.180600000,1404.000000,7173.629659,6904.780009,-268.849649,-3.747749,1.500574,19.678418,13.945886,17.316173,16.929849,16.967581,19.678418,37.916695000,128.174840000,37.916695000,128.174840000,37.916760000,128.174090000,37.916591501,128.174157757,37.917130000,128.175170000,37.917182612,128.175025883,37.916630000,128.175550000,37.916782376,128.175510348,37.916172000,128.174640000,37.916108529,128.174815187
281,281,826609469488,56.207,5.498741,37.912193000,128.180700000,1404.000000,7262.593272,6958.945844,-303.647428,-4.180978,1.772366,19.594326,13.947569,17.220597,16.770423,16.883229,19.594326,37.916687000,128.174840000,37.916687000,128.174840000,37.916740000,128.174070000,37.916577627,128.174156136,37.917126000,128.175160000,37.917179332,128.175016287,37.916630000,128.175550000,37.916781471,128.175510177,37.916160000,128.174650000,37.916099066,128.174824645
282,282,826609469692,56.411,5.498741,37.912224000,128.180790000,1404.000000,7275.839144,7004.110747,-271.728397,-3.734667,1.962106,19.347323,14.115368,16.654114,17.307325,16.856032,19.347323,37.916695000,128.174840000,37.916695000,128.174840000,37.916740000,128.174070000,37.916579877,128.174155664,37.917137000,128.175160000,37.917187976,128.175012831,37.916645000,128.175550000,37.916791943,128.175514376,37.916164000,128.174650000,37.916105221,128.174832449
283,283,826609469879,56.598,5.498741,37.912254000,128.180860000,1404.000000,7259.561880,7035.211343,-224.350537,-3.090414,1.563781,19.100421,14.628094,16.185754,16.096961,16.502808,19.100421,37.916695000,128.174840000,37.916695000,128.174840000,37.916733000,128.174070000,37.916575179,128.174155343,37.917137000,128.175160000,37.917189817,128.175007479,37.916653000,128.175550000,37.916795836,128.175515548,37.916160000,128.174670000,37.916104396,128.174839201
284,284,826609470085,56.804,5.498741,37.912290000,128.180950000,1404.000000,7286.446250,7079.163260,-207.282989,-2.844775,1.801130,18.860565,13.536625,15.923603,15.737056,16.014462,18.860565,37.916695000,128.174840000,37.916695000,128.174840000,37.916725000,128.174070000,37.916569327,128.174154762,37.917140000,128.175140000,37.917192209,128.175000790,37.916660000,128.175550000,37.916800685,128.175517204,37.916153000,128.174680000,37.916103232,128.174847724
285,285,826609470285,57.004,5.498741,37.912323000,128.181030000,1404.000000,7319.587345,7118.686055,-200.901290,-2.744708,1.850799,18.663821,13.884718,15.938642,16.289515,16.194174,18.663821,37.916695000,128.174840000,37.916695000,128.174840000,37.916718000,128.174070000,37.916564094,128.174154300,37.917145000,128.175140000,37.917194305,128.174994774,37.916664000,128.175550000,37.916805028,128.175518658,37.916150000,128.174680000,37.916102265,128.174855340
286,286,826609470488,57.207,5.498741,37.912354000,128.181100000,1404.000000,7480.942444,7152.366039,-328.576405,-4.392179,1.467006,18.288574,13.375095,15.438832,15.036169,15.534668,18.288574,37.916695000,128.174840000,37.916695000,128.174840000,37.916706000,128.174060000,37.916559409,128.174154023,37.917150000,128.175130000,37.917196095,128.174989353,37.916676000,128.175570000,37.916808927,128.175519853,37.916145000,128.174700000,37.916101538,128.174862109
287,287,826609470692,57.411,5.498741,37.912395000,128.181200000,1404.000000,7511.590625,7205.383827,-306.206798,-4.076457,1.514360,18.309387,14.009483,15.538666,15.700759,15.889574,18.309387,37.916695000,128.174840000,37.916695000,128.174840000,37.916700000,128.174060000,37.916552954,128.174153403,37.917152000,128.175130000,37.917198687,128.174981859,37.916680000,128.175570000,37.916814297,128.175521757,37.916140000,128.174700000,37.916100361,128.174871576
288,288,826609470880,57.599,5.498741,37.912430000,128.181270000,1404.000000,7428.885336,7269.896520,-158.988816,-2.140144,0.421614,17.212705,14.824786,15.103923,14.043749,15.296291,17.212705,37.916687000,128.174820000,37.916687000,128.174820000,37.916683000,128.174060000,37.916539320,128.174132428,37.917150000,128.175110000,37.917195379,128.174951295,37.916683000,128.175550000,37.916813057,128.175500999,37.916130000,128.174710000,37.916090782,128.174861991
289,289,826609471084,57.803,5.498741,37.912470000,128.181370000,1404.000000,7519.900850,7327.548145,-192.352705,-2.557915,0.523387,17.540199,15.303811,15.129988,14.892492,15.716622,17.540199,37.916690000,128.174820000,37.916690000,128.174820000,37.916683000,128.174060000,37.916535981,128.174131847,37.917156000,128.175110000,37.917200279,128.174945024,37.916695000,128.175570000,37.916820541,128.175503983,37.916134000,128.174710000,37.916092462,128.174871197
290,290,826609471287,58.006,5.498741,37.912510000,128.181440000,1404.000000,7629.784608,7358.678493,-271.106115,-3.553260,0.641693,18.065919,14.896025,15.032044,13.837876,15.457966,18.065919,37.916690000,128.174820000,37.916690000,128.174820000,37.916676000,128.174040000,37.916530873,128.174132070,37.917160000,128.175100000,37.917201857,128.174938893,37.916700000,128.175570000,37.916824865,128.175504832,37.916134000,128.174730000,37.916092258,128.174878421
291,291,826609471491,58.210,5.498741,37.912548000,128.181520000,1404.000000,7666.151831,7402.721439,-263.430392,-3.436279,0.513143,17.791343,15.364201,14.832545,13.532592,15.380170,17.791343,37.916690000,128.174820000,37.916690000,128.174820000,37.916668000,128.174040000,37.916525531,128.174131808,37.917164000,128.175100000,37.917203778,128.174932473,37.916706000,128.175570000,37.916829373,128.175506208,37.916130000,128.174740000,37.916091657,128.174886228
292,292,826609471678,58.397,5.498741,37.912594000,128.181600000,1403.000000,7673.190648,7435.226006,-237.964642,-3.101248,0.736894,17.574963,14.344587,14.472436,14.114799,15.126696,17.574963,37.916690000,128.174820000,37.916690000,128.174820000,37.916660000,128.174040000,37.916519933,128.174132341,37.917164000,128.175080000,37.917205279,128.174925268,37.916714000,128.175570000,37.916834105,128.175506913,37.916126000,128.174740000,37.916091703,128.174894732
293,293,826609471881,58.600,5.498741,37.912636000,128.181670000,1403.000000,7744.019484,7470.504476,-273.515008,-3.531951,0.639573,17.277803,13.306390,14.445395,12.944113,14.493425,17.277803,37.916683000,128.174820000,37.916683000,128.174820000,37.916645000,128.174040000,37.916507870,128.174132153,37.917164000,128.175060000,37.917201260,128.174916031,37.916714000,128.175570000,37.916833301,128.175505287,37.916115000,128.174760000,37.916085020,128.174902409
294,294,826609472084,58.803,5.498741,37.912680000,128.181760000,1403.000000,7720.409380,7522.097875,-198.311506,-2.568666,0.798913,17.199847,13.727713,14.234556,13.685792,14.711977,17.199847,37.916690000,128.174820000,37.916690000,128.174820000,37.916645000,128.174040000,37.916508773,128.174132412,37.917170000,128.175060000,37.917208876,128.174911655,37.916725000,128.175570000,37.916843584,128.175509357,37.916122000,128.174760000,37.916091078,128.174910828
295,295,826609472288,59.007,5.498741,37.912727000,128.181820000,1403.000000,7712.344069,7543.498972,-168.845097,-2.189284,0.582595,16.664197,14.287331,13.851737,13.350017,14.538321,16.664197,37.916690000,128.174820000,37.916690000,128.174820000,37.916634000,128.174040000,37.916503708,128.174133433,37.917170000,128.175060000,37.917209947,128.174905393,37.916733000,128.175570000,37.916847940,128.175509578,37.916120000,128.174770000,37.916091594,128.174917689
296,296,826609472492,59.211,5.498741,37.912823000,128.181980000,1403.000000,7834.399435,7631.884091,-202.515344,-2.584950,0.705987,17.761349,14.638119,13.891066,13.016810,14.826836,17.761349,37.916687000,128.174820000,37.916687000,128.174820000,37.916626000,128.174030000,37.916489106,128.174133889,37.917175000,128.175050000,37.917210885,128.174889644,37.916740000,128.175570000,37.916855656,128.175510612,37.916115000,128.174790000,37.916088717,128.174934428
297,297,826609472680,59.399,5.498741,37.912823000,128.181980000,1403.000000,7833.812867,7631.884091,-201.928776,-2.577656,1.099647,17.191712,12.957244,13.479401,13.016810,14.161292,17.191712,37.916687000,128.174820000,37.916687000,128.174820000,37.916620000,128.174030000,37.916489106,128.174133889,37.917175000,128.175030000,37.917210885,128.174889644,37.916744000,128.175570000,37.916855656,128.175510612,37.916115000,128.174790000,37.916088717,128.174934428
298,298,826609472884,59.603,5.498741,37.912918000,128.182130000,1403.000000,7899.509249,7755.637534,-143.871715,-1.821274,0.732013,16.451885,16.205980,14.343263,12.851282,14.963103,16.451885,37.916680000,128.174800000,37.916680000,128.174800000,37.916603000,128.174030000,37.916470544,128.174113095,37.917175000,128.175030000,37.917209395,128.174850689,37.916748000,128.175570000,37.916860584,128.175490571,37.916103000,128.174790000,37.916081040,128.174933664
299,299,826609473087,59.806,5.498741,37.912968000,128.182190000,1402.000000,7927.663767,7735.917374,-191.746394,-2.418700,1.212374,16.937329,13.719997,13.195170,13.955241,14.451934,16.937329,37.916687000,128.174820000,37.916687000,128.174820000,37.916600000,128.174030000,37.916473041,128.174136289,37.917183000,128.175020000,37.917214514,128.174868966,37.916760000,128.175570000,37.916869480,128.175512404,37.916107000,128.174800000,37.916089941,128.174957428
300,300,826609473290,60.009,5.498741,37.913017000,128.182250000,1402.000000,7926.686154,7763.600603,-163.085551,-2.057424,0.811124,16.540831,14.297856,12.921729,12.807396,14.141953,16.540831,37.916687000,128.174820000,37.916687000,128.174820000,37.916590000,128.174030000,37.916467953,128.174137432,37.917183000,128.175020000,37.917215460,128.174862477,37.916767000,128.175570000,37.916873903,128.175512666,37.916107000,128.174820000,37.916090618,128.174964350
301,301,826609473485,60.204,4.097963,37.913070000,128.182330000,1402.000000,3377.257589,3320.549876,-56.707713,-1.679105,1.079941,18.363092,19.197462,20.737012,17.807213,19.026195,20.737012,37.914692000,128.174850000,37.914692000,128.174850000,37.914536000,128.174420000,37.914423861,128.174573347,37.915070000,128.174840000,37.915076811,128.174621578,37.914837000,128.175310000,37.914957925,128.175130389,37.914314000,128.174900000,37.914318592,128.175102679
302,302,826609473681,60.400,4.097963,37.913124000,128.182390000,1402.000000,2873.555524,2912.135829,38.580304,1.342598,0.624832,30.407153,28.969560,18.152126,16.691390,23.555057,30.407153,37.912750000,128.175630000,37.912750000,128.175630000,37.912540000,128.175190000,37.912461161,128.175521489,37.913074000,128.175490000,37.913019673,128.175167413,37.912945000,128.175900000,37.913039974,128.175731991,37.912440000,128.175830000,37.912496121,128.176006238
303,303,826609473884,60.603,4.097963,37.913174000,128.182450000,1402.000000,1873.906055,1889.652604,15.746549,0.840306,0.667192,16.133082,50.027199,13.897104,49.645019,32.425601,50.027199,37.912205000,128.176820000,37.912205000,128.176820000,37.911896000,128.176860000,37.911904209,128.176676601,37.911995000,128.176530000,37.912440561,128.176604317,37.912514000,128.176800000,37.912498382,128.176956992,37.912410000,128.177110000,37.911968293,128.177032040
304,304,826609474089,60.808,4.097963,37.913230000,128.182510000,1402.000000,1921.375610,1916.339505,-5.036105,-0.262109,1.677472,17.050039,48.525283,14.789812,49.593448,32.489645,49.593448,37.912070000,128.177340000,37.912070000,128.177340000,37.911762000,128.177410000,37.911762538,128.177215867,37.911858000,128.177080000,37.912293386,128.177107087,37.912380000,128.177300000,37.912370993,128.177468012,37.912285000,128.177640000,37.911843450,128.177564920
305,305,826609474292,61.011,4.097963,37.913280000,128.182570000,1402.000000,1922.303774,1927.207647,4.903873,0.255104,1.650943,16.276295,48.743263,13.769266,49.816783,32.151402,49.816783,37.912094000,128.177370000,37.912094000,128.177370000,37.911785000,128.177430000,37.911784511,128.177244677,37.911880000,128.177100000,37.912317045,128.177134025,37.912407000,128.177340000,37.912396209,128.177496181,37.912310000,128.177670000,37.911866596,128.177593326
306,306,826609474480,61.199,4.097963,37.913280000,128.182570000,1402.000000,1922.303774,1927.207647,4.903873,0.255104,1.650943,16.276295,48.743263,13.769266,49.816783,32.151402,49.816783,37.912094000,128.177370000,37.912094000,128.177370000,37.911785000,128.177430000,37.911784511,128.177244677,37.911880000,128.177100000,37.912317045,128.177134025,37.912407000,128.177340000,37.912396209,128.177496181,37.912310000,128.177670000,37.911866596,128.177593326
307,307,826609474683,61.402,4.097963,37.913338000,128.182630000,1402.000000,1976.906067,1935.549138,-41.356929,-2.092003,0.884022,16.434189,49.656523,15.288887,50.365996,32.936399,50.365996,37.912125000,128.177400000,37.912125000,128.177400000,37.911810000,128.177460000,37.911813298,128.177272924,37.911903000,128.177120000,37.912347836,128.177162057,37.912434000,128.177350000,37.912428346,128.177523934,37.912346000,128.177690000,37.911896771,128.177621742
308,308,826609474901,61.620,4.998856,37.913440000,128.182720000,1402.000000,4544.541226,4692.894294,148.353068,3.264423,2.739692,12.091318,18.216247,14.021337,9.867110,13.549003,18.216247,37.914993000,128.176500000,37.914993000,128.176500000,37.914790000,128.176010000,37.914707804,128.176100003,37.915430000,128.176470000,37.915444282,128.176263370,37.915180000,128.177000000,37.915272576,128.176891741,37.914550000,128.176620000,37.914565070,128.176730717
309,309,826609475089,61.808,4.998856,37.913440000,128.182720000,1402.000000,4544.541226,4692.894294,148.353068,3.264423,2.739692,12.091318,18.216247,14.021337,9.867110,13.549003,18.216247,37.914993000,128.176500000,37.914993000,128.176500000,37.914790000,128.176010000,37.914707804,128.176100003,37.915430000,128.176470000,37.915444282,128.176263370,37.915180000,128.177000000,37.915272576,128.176891741,37.914550000,128.176620000,37.914565070,128.176730717
310,310,826609475293,62.012,4.998856,37.913498000,128.182790000,1402.000000,6146.544804,6216.262277,69.717472,1.134255,0.885824,10.802978,11.364444,12.451096,10.427333,11.261462,12.451096,37.916160000,128.175500000,37.916160000,128.175500000,37.915990000,128.174900000,37.915906827,128.174963377,37.916676000,128.175430000,37.916687472,128.175301415,37.916325000,128.176100000,37.916409393,128.176006955,37.915670000,128.175580000,37.915659869,128.175698037
311,311,826609475482,62.201,4.998856,37.913548000,128.182830000,1402.000000,6530.872528,6283.599752,-247.272776,-3.786213,6.352376,19.510281,5.118221,7.453702,15.448377,11.882645,19.510281,37.916428000,128.174990000,37.916428000,128.174990000,37.916267000,128.174290000,37.916156684,128.174462631,37.916960000,128.174910000,37.916946370,128.174854339,37.916615000,128.175550000,37.916680084,128.175530063,37.915930000,128.175020000,37.915908529,128.175193790
312,312,826609475685,62.404,5.078508,37.913600000,128.182880000,1402.000000,6689.681224,6488.029569,-201.651655,-3.014369,3.361043,16.902631,8.123696,9.784014,13.409042,12.054846,16.902631,37.916485000,128.174940000,37.916485000,128.174940000,37.916313000,128.174260000,37.916207221,128.174398078,37.917010000,128.174910000,37.917006388,128.174817610,37.916670000,128.175550000,37.916744287,128.175490461,37.915974000,128.175000000,37.915955135,128.175150802
313,313,826609475888,62.607,4.998856,37.913650000,128.182920000,1402.000000,6633.034225,6340.775391,-292.258835,-4.406111,5.309282,18.969139,6.770300,8.858454,15.686795,12.571172,18.969139,37.916420000,128.174960000,37.916420000,128.174960000,37.916245000,128.174270000,37.916139143,128.174439265,37.916954000,128.174880000,37.916939830,128.174805029,37.916610000,128.175540000,37.916681330,128.175495283,37.915920000,128.175000000,37.915902559,128.175177249
314,314,826609476091,62.810,4.998856,37.913700000,128.182950000,1402.000000,6582.686229,6305.514727,-277.171501,-4.210614,6.284119,19.762283,5.865317,7.726393,16.063868,12.354465,19.762283,37.916428000,128.174990000,37.916428000,128.174990000,37.916250000,128.174290000,37.916145212,128.174471647,37.916960000,128.174900000,37.916944740,128.174836075,37.916626000,128.175550000,37.916691779,128.175521926,37.915930000,128.175030000,37.915911872,128.175211467
315,315,826609476279,62.998,4.998856,37.913754000,128.183000000,1401.000000,6540.013959,6352.588754,-187.425205,-2.865823,5.505396,17.722991,5.352283,7.918258,14.962089,11.488905,17.722991,37.916420000,128.174960000,37.916420000,128.174960000,37.916233000,128.174290000,37.916131686,128.174445673,37.916954000,128.174850000,37.916938320,128.174792386,37.916622000,128.175520000,37.916688937,128.175489499,37.915920000,128.175020000,37.915905191,128.175189333
316,316,826609476482,63.201,4.998856,37.913803000,128.183030000,1401.000000,6607.126654,6319.081111,-288.045542,-4.359619,6.449276,19.131492,4.483685,7.243607,15.311908,11.542673,19.131492,37.916428000,128.174990000,37.916428000,128.174990000,37.916237000,128.174300000,37.916137835,128.174477925,37.916960000,128.174870000,37.916943299,128.174823541,37.916637000,128.175540000,37.916699303,128.175516200,37.915928000,128.175050000,37.915914495,128.175223512
317,317,826609476685,63.404,4.998856,37.913857000,128.183070000,1400.000000,6535.076282,6323.685389,-211.390892,-3.234712,5.780352,17.734240,5.054171,7.404690,14.967632,11.290183,17.734240,37.916428000,128.174990000,37.916428000,128.174990000,37.916230000,128.174320000,37.916134178,128.174481325,37.916960000,128.174870000,37.916942358,128.174816972,37.916640000,128.175540000,37.916703035,128.175513075,37.915928000,128.175060000,37.915916067,128.175229761
318,318,826609476889,63.608,4.998856,37.913902000,128.183100000,1400.000000,6595.688535,6328.345831,-267.342704,-4.053295,6.193621,17.483657,3.926713,6.774913,15.380436,10.891430,17.483657,37.916428000,128.174990000,37.916428000,128.174990000,37.916220000,128.174320000,37.916131060,128.174484086,37.916960000,128.174850000,37.916941657,128.174811808,37.916650000,128.175540000,37.916706241,128.175510519,37.915928000,128.175060000,37.915917272,128.175234605
319,319,826609477093,63.812,4.998856,37.913948000,128.183140000,1400.000000,6643.347363,6342.881372,-300.465991,-4.522810,5.777639,17.763193,4.391281,6.910831,14.110596,10.793975,17.763193,37.916428000,128.174990000,37.916428000,128.174990000,37.916218000,128.174320000,37.916127606,128.174486682,37.916960000,128.174850000,37.916941185,128.174806052,37.916653000,128.175540000,37.916709765,128.175508140,37.915928000,128.175080000,37.915918257,128.175240200
320,320,826609477281,64.000,4.998856,37.914000000,128.183170000,1399.000000,6637.042455,6376.294577,-260.747878,-3.928676,5.845843,17.019772,3.905869,6.609801,13.771226,10.326667,17.019772,37.916420000,128.174960000,37.916420000,128.174960000,37.916200000,128.174300000,37.916114953,128.174461050,37.916954000,128.174800000,37.916934049,128.174763415,37.916650000,128.175500000,37.916706113,128.175475388,37.915920000,128.175060000,37.915912084,128.175216489
321,321,826609477484,64.203,4.998856,37.914047000,128.183200000,1399.000000,6618.173726,6346.562275,-271.611451,-4.104024,6.185712,17.145435,3.205180,6.028582,13.259725,9.909731,17.145435,37.916428000,128.174990000,37.916428000,128.174990000,37.916206000,128.174330000,37.916121259,128.174493026,37.916960000,128.174820000,37.916939184,128.174794784,37.916664000,128.175520000,37.916716305,128.175502206,37.915930000,128.175100000,37.915921379,128.175250590
322,322,826609477687,64.406,4.998856,37.914100000,128.183210000,1398.000000,6631.860363,6325.766974,-306.093389,-4.615498,6.149724,17.237342,3.658864,5.990741,13.604096,10.122761,17.237342,37.916428000,128.174990000,37.916428000,128.174990000,37.916200000,128.174330000,37.916118664,128.174497020,37.916960000,128.174820000,37.916937380,128.174789773,37.916668000,128.175520000,37.916719044,128.175498388,37.915930000,128.175100000,37.915923782,128.175254707
323,323,826609477890,64.609,4.998856,37.914146000,128.183240000,1398.000000,6610.401671,6332.994866,-277.406804,-4.196520,5.907045,15.851878,2.941154,6.190852,13.150243,9.533532,15.851878,37.916428000,128.174990000,37.916428000,128.174990000,37.916195000,128.174350000,37.916115585,128.174499826,37.916960000,128.174800000,37.916936582,128.174784494,37.916670000,128.175520000,37.916722219,128.175495749,37.915930000,128.175110000,37.915925081,128.175259610
324,324,826609478078,64.797,4.998856,37.914192000,128.183260000,1397.000000,6561.080893,6326.775738,-234.305156,-3.571137,6.544993,15.759343,2.902195,5.033317,13.526412,9.305317,15.759343,37.916428000,128.174990000,37.916428000,128.174990000,37.916187000,128.174350000,37.916113056,128.174503025,37.916960000,128.174790000,37.916935270,128.174779540,37.916680000,128.175500000,37.916724848,128.175492707,37.915930000,128.175110000,37.915926912,128.175263973
325,325,826609478281,65.000,4.998856,37.914246000,128.183290000,1397.000000,6582.980230,6367.125271,-215.854959,-3.278985,4.695546,13.622291,3.179474,5.705234,11.439712,8.486678,13.622291,37.916420000,128.174960000,37.916420000,128.174960000,37.916170000,128.174350000,37.916100211,128.174477416,37.916950000,128.174760000,37.916928060,128.174736820,37.916676000,128.175490000,37.916721443,128.175459960,37.915924000,128.175110000,37.915920603,128.175240191
326,326,826609478486,65.205,4.998856,37.914290000,128.183300000,1396.000000,6594.222109,6317.254684,-276.967425,-4.200153,6.301836,15.197612,2.825615,5.002373,12.566558,8.898039,15.197612,37.916428000,128.174990000,37.916428000,128.174990000,37.916176000,128.174360000,37.916107524,128.174509710,37.916958000,128.174770000,37.916932623,128.174769287,37.916687000,128.175500000,37.916730620,128.175486312,37.915936000,128.175130000,37.915930618,128.175272930
327,327,826609478686,65.405,4.998856,37.914337000,128.183320000,1396.000000,6616.511777,6316.292026,-300.219750,-4.537432,6.527695,15.367006,2.978601,4.327161,12.057720,8.682622,15.367006,37.916428000,128.174990000,37.916428000,128.174990000,37.916172000,128.174360000,37.916104754,128.174512816,37.916958000,128.174760000,37.916931469,128.174764398,37.916695000,128.175490000,37.916733514,128.175483328,37.915936000,128.175140000,37.915932263,128.175277217
328,328,826609478892,65.611,4.998856,37.914390000,128.183350000,1395.000000,6519.043363,6319.388889,-199.654474,-3.062635,6.096889,13.833057,3.106910,4.178234,12.547301,8.416375,13.833057,37.916428000,128.174990000,37.916428000,128.174990000,37.916164000,128.174380000,37.916101671,128.174516267,37.916958000,128.174760000,37.916930121,128.174758342,37.916700000,128.175490000,37.916736700,128.175480030,37.915940000,128.175140000,37.915934189,128.175282684
329,329,826609479102,65.821,4.998856,37.914436000,128.183360000,1395.000000,6614.458781,6310.157643,-304.301138,-4.600545,6.036718,13.995695,3.073066,4.304106,11.100861,8.118432,13.995695,37.916428000,128.174990000,37.916428000,128.174990000,37.916160000,128.174380000,37.916099268,128.174519540,37.916954000,128.174740000,37.916928706,128.174754018,37.916702000,128.175490000,37.916739246,128.175476847,37.915940000,128.175160000,37.915936052,128.175286304
330,330,826609479283,66.002,4.998856,37.914494000,128.183380000,1394.000000,6634.598413,6329.905634,-304.692779,-4.592483,4.559496,12.418531,2.626443,4.572105,9.853160,7.367560,12.418531,37.916420000,128.174970000,37.916420000,128.174970000,37.916140000,128.174380000,37.916087237,128.174504592,37.916943000,128.174730000,37.916920216,128.174722233,37.916700000,128.175480000,37.916735166,128.175453103,37.915928000,128.175160000,37.915930601,128.175272148
331,331,826609479486,66.205,4.998856,37.914540000,128.183380000,1394.000000,6550.229345,6284.815035,-265.414310,-4.051985,5.821114,12.777255,3.443261,3.533728,10.941707,7.673988,12.777255,37.916428000,128.174990000,37.916428000,128.174990000,37.916150000,128.174400000,37.916094191,128.174527136,37.916954000,128.174730000,37.916925163,128.174744182,37.916714000,128.175480000,37.916744631,128.175469436,37.915943000,128.175170000,37.915940595,128.175294554
332,332,826609479690,66.409,4.998856,37.914590000,128.183400000,1393.000000,6604.487088,6282.029300,-322.457788,-4.882405,6.196758,12.916899,3.880451,3.485700,11.351946,7.908749,12.916899,37.916428000,128.174990000,37.916428000,128.174990000,37.916145000,128.174400000,37.916091600,128.174530581,37.916950000,128.174710000,37.916923595,128.174738847,37.916718000,128.175480000,37.916747332,128.175466109,37.915943000,128.175170000,37.915942662,128.175299262
333,333,826609479894,66.613,4.998856,37.914642000,128.183410000,1393.000000,6513.422065,6278.007655,-235.414410,-3.614297,5.986234,12.204107,3.770757,3.331264,9.954603,7.315183,12.204107,37.916428000,128.174990000,37.916428000,128.174990000,37.916138000,128.174410000,37.916088975,128.174534297,37.916950000,128.174710000,37.916921905,128.174733986,37.916720000,128.175460000,37.916749780,128.175463734,37.915947000,128.175190000,37.915944827,128.175303318
334,334,826609480081,66.800,4.998856,37.914690000,128.183430000,1392.000000,6542.897217,6281.861726,-261.035492,-3.989601,6.194738,12.388445,3.812160,3.015895,10.352684,7.392296,12.388445,37.916428000,128.174990000,37.916428000,128.174990000,37.916134000,128.174410000,37.916086503,128.174537572,37.916946000,128.174700000,37.916920383,128.174728808,37.916725000,128.175460000,37.916752058,128.175461736,37.915947000,128.175190000,37.915946822,128.175307884
335,335,826609480285,67.004,4.998856,37.914745000,128.183430000,1392.000000,6536.005729,6281.063900,-254.941829,-3.900575,4.861643,10.855506,2.617651,3.566424,8.950553,6.497534,10.855506,37.916420000,128.174970000,37.916420000,128.174970000,37.916115000,128.174410000,37.916075054,128.174522763,37.916930000,128.174680000,37.916911479,128.174698366,37.916718000,128.175450000,37.916748003,128.175435759,37.915940000,128.175190000,37.915941534,128.175291900
336,336,826609480488,67.207,4.998856,37.914790000,128.183440000,1391.000000,6527.353108,6262.504116,-264.848992,-4.057525,6.423549,11.851186,4.562719,2.659728,10.125690,7.299831,11.851186,37.916428000,128.174990000,37.916428000,128.174990000,37.916122000,128.174420000,37.916082026,128.174545073,37.916943000,128.174680000,37.916916578,128.174719720,37.916733000,128.175450000,37.916756326,128.175456555,37.915955000,128.175200000,37.915951518,128.175315215
337,337,826609480691,67.410,4.998856,37.914840000,128.183440000,1391.000000,6527.499750,6250.475909,-277.023841,-4.243950,6.419914,12.170775,4.204406,2.413668,10.407986,7.299209,12.170775,37.916428000,128.174990000,37.916428000,128.174990000,37.916120000,128.174420000,37.916079823,128.174548890,37.916940000,128.174680000,37.916914642,128.174715480,37.916737000,128.175450000,37.916758467,128.175453867,37.915955000,128.175200000,37.915953870,128.175318505
338,338,826609480878,67.597,4.998856,37.914944000,128.183460000,1390.000000,6529.259461,6244.114367,-285.145094,-4.367189,5.832420,11.151919,4.499738,2.133665,9.375365,6.790172,11.151919,37.916428000,128.174990000,37.916428000,128.174990000,37.916115000,128.174440000,37.916074960,128.174556401,37.916940000,128.174670000,37.916910863,128.174705514,37.916744000,128.175450000,37.916763146,128.175448856,37.915960000,128.175220000,37.915958550,128.175326740
339,339,826609481081,67.800,4.998856,37.915000000,128.183460000,1389.000000,6499.345088,6236.703576,-262.641511,-4.041046,4.711047,9.629152,3.414939,2.516966,8.001638,5.890674,9.629152,37.916420000,128.174970000,37.916420000,128.174970000,37.916096000,128.174440000,37.916063820,128.174541776,37.916924000,128.174650000,37.916901195,128.174676008,37.916737000,128.175430000,37.916758820,128.175422487,37.915950000,128.175220000,37.915953575,128.175311000
340,340,826609481285,68.004,4.998856,37.915000000,128.183460000,1389.000000,6471.335654,6228.019344,-243.316310,-3.759909,6.179752,10.294801,5.051646,2.186895,8.829939,6.590820,10.294801,37.916428000,128.174990000,37.916428000,128.174990000,37.916103000,128.174450000,37.916072778,128.174560789,37.916930000,128.174650000,37.916908405,128.174700591,37.916750000,128.175430000,37.916765309,128.175445605,37.915962000,128.175230000,37.915961472,128.175330543
341,341,826609481489,68.208,4.998856,37.915000000,128.183460000,1389.000000,6471.335654,6228.019344,-243.316310,-3.759909,6.179752,10.294801,5.051646,2.186895,8.829939,6.590820,10.294801,37.916428000,128.174990000,37.916428000,128.174990000,37.916103000,128.174450000,37.916072778,128.174560789,37.916930000,128.174650000,37.916908405,128.174700591,37.916750000,128.175430000,37.916765309,128.175445605,37.915962000,128.175230000,37.915961472,128.175330543
342,342,826609481693,68.412,4.998856,37.915154000,128.183460000,1387.000000,6423.872349,6190.082287,-233.790062,-3.639395,5.786728,9.595556,5.009501,1.949128,7.985285,6.134867,9.595556,37.916428000,128.174990000,37.916428000,128.174990000,37.916096000,128.174470000,37.916066660,128.174572739,37.916927000,128.174640000,37.916901716,128.174687188,37.916760000,128.175420000,37.916771444,128.175436798,37.915970000,128.175250000,37.915969350,128.175340923
343,343,826609481880,68.599,4.998856,37.915154000,128.183460000,1387.000000,6423.872349,6190.082287,-233.790062,-3.639395,5.786728,9.595556,5.009501,1.949128,7.985285,6.134867,9.595556,37.916428000,128.174990000,37.916428000,128.174990000,37.916096000,128.174470000,37.916066660,128.174572739,37.916927000,128.174640000,37.916901716,128.174687188,37.916760000,128.175420000,37.916771444,128.175436798,37.915970000,128.175250000,37.915969350,128.175340923
344,344,826609482083,68.802,4.998856,37.915200000,128.183440000,1387.000000,6496.411530,6159.787918,-336.623611,-5.181685,6.189119,9.840275,6.295217,1.619244,8.147457,6.475548,9.840275,37.916428000,128.174990000,37.916428000,128.174990000,37.916092000,128.174470000,37.916065251,128.174576796,37.916924000,128.174620000,37.916899262,128.174684460,37.916763000,128.175420000,37.916772970,128.175433426,37.915970000,128.175250000,37.915972037,128.175342738
345,345,826609482320,69.039,4.998856,37.915302000,128.183440000,1385.000000,6435.848157,6131.961623,-303.886534,-4.721779,6.624042,9.537472,7.111508,2.525620,7.876448,6.762762,9.537472,37.916428000,128.174990000,37.916428000,128.174990000,37.916084000,128.174480000,37.916061440,128.174584769,37.916916000,128.174600000,37.916894424,128.174676219,37.916770000,128.175400000,37.916776870,128.175427409,37.915977000,128.175260000,37.915977481,128.175349686
346,346,826609482490,69.209,4.998856,37.915302000,128.183440000,1385.000000,6435.848157,6131.961623,-303.886534,-4.721779,6.624042,9.537472,7.111508,2.525620,7.876448,6.762762,9.537472,37.916428000,128.174990000,37.916428000,128.174990000,37.916084000,128.174480000,37.916061440,128.174584769,37.916916000,128.174600000,37.916894424,128.174676219,37.916770000,128.175400000,37.916776870,128.175427409,37.915977000,128.175260000,37.915977481,128.175349686
347,347,826609482693,69.412,4.998856,37.915350000,128.183430000,1385.000000,6451.392268,6113.347381,-338.044887,-5.239875,6.642108,9.809627,6.929682,2.175949,8.103056,6.754579,9.809627,37.916428000,128.174990000,37.916428000,128.174990000,37.916080000,128.174480000,37.916059695,128.174588695,37.916916000,128.174600000,37.916892114,128.174672867,37.916775000,128.175400000,37.916778714,128.175424326,37.915980000,128.175260000,37.915980036,128.175352268
348,348,826609482881,69.600,4.998856,37.915405000,128.183430000,1384.000000,6349.964505,6100.161837,-249.802668,-3.933922,6.435704,8.444417,7.254491,3.609210,6.678733,6.496713,8.444417,37.916428000,128.174990000,37.916428000,128.174990000,37.916077000,128.174500000,37.916057648,128.174592973,37.916910000,128.174590000,37.916889496,128.174668410,37.916780000,128.175380000,37.916780837,128.175421084,37.915985000,128.175280000,37.915982969,128.175356006
349,349,826609483085,69.804,4.998856,37.915455000,128.183410000,1384.000000,6363.455619,6071.825938,-291.629682,-4.582882,6.409255,8.752823,7.098178,3.299325,6.862525,6.503213,8.752823,37.916428000,128.174990000,37.916428000,128.174990000,37.916073000,128.174500000,37.916056107,128.174597339,37.916910000,128.174590000,37.916886825,128.174665298,37.916780000,128.175380000,37.916782543,128.175417430,37.915985000,128.175280000,37.915985868,128.175358135
350,350,826609483288,70.007,4.998856,37.915510000,128.183400000,1383.000000,6348.058152,6049.361731,-298.696421,-4.705320,6.180787,8.256871,7.476485,3.850067,5.382479,6.241475,8.256871,37.916428000,128.174990000,37.916428000,128.174990000,37.916070000,128.174510000,37.916054351,128.174601903,37.916904000,128.174580000,37.916883928,128.174661242,37.916782000,128.175370000,37.916784439,128.175413731,37.915990000,128.175300000,37.915989051,128.175361278
351,351,826609483492,70.211,4.998856,37.915554000,128.183400000,1382.000000,6332.709565,6039.329308,-293.380257,-4.632776,6.196597,8.589070,7.113967,3.607934,5.647750,6.239680,8.589070,37.916428000,128.174990000,37.916428000,128.174990000,37.916070000,128.174510000,37.916052792,128.174605339,37.916900000,128.174580000,37.916881752,128.174657633,37.916786000,128.175370000,37.916786085,128.175411083,37.915993000,128.175300000,37.915991469,128.175364281
352,352,826609483679,70.398,4.998856,37.915607000,128.183380000,1382.000000,6283.633876,6017.600636,-266.033240,-4.233748,4.484137,5.414235,6.401120,2.986643,3.274422,4.519105,6.401120,37.916420000,128.174970000,37.916420000,128.174970000,37.916050000,128.174530000,37.916042296,128.174590872,37.916885000,128.174560000,37.916871303,128.174630790,37.916780000,128.175350000,37.916781204,128.175383974,37.915985000,128.175310000,37.915986562,128.175347233
353,353,826609483888,70.607,4.998856,37.915657000,128.183360000,1381.000000,6277.571967,5981.707171,-295.864796,-4.713045,6.376533,7.467692,8.211072,4.711756,5.176182,6.391676,8.211072,37.916428000,128.174990000,37.916428000,128.174990000,37.916058000,128.174530000,37.916049895,128.174614410,37.916893000,128.174560000,37.916875950,128.174650966,37.916794000,128.175350000,37.916789376,128.175403331,37.916000000,128.175310000,37.915997717,128.175368869
354,354,826609484085,70.804,4.998856,37.915703000,128.183350000,1381.000000,6170.425145,5966.980513,-203.444632,-3.297093,6.394827,6.084856,8.769659,5.349192,5.405997,6.402426,8.769659,37.916428000,128.174990000,37.916428000,128.174990000,37.916058000,128.174550000,37.916048285,128.174618184,37.916890000,128.174550000,37.916873658,128.174647686,37.916798000,128.175340000,37.916791140,128.175400286,37.916004000,128.175310000,37.916000206,128.175371369
355,355,826609484289,71.008,4.998856,37.915756000,128.183330000,1380.000000,6144.029319,5937.822590,-206.206729,-3.356213,5.934577,5.537095,8.461261,5.039399,4.722096,5.939963,8.461261,37.916430000,128.174990000,37.916430000,128.174990000,37.916054000,128.174560000,37.916048999,128.174622730,37.916885000,128.174550000,37.916872534,128.174645042,37.916798000,128.175340000,37.916794524,128.175397213,37.916008000,128.175320000,37.916005448,128.175373672
356,356,826609484493,71.212,4.998856,37.915802000,128.183320000,1379.000000,6113.332978,5924.898346,-188.434632,-3.082355,4.880968,4.201968,7.692274,4.375517,3.255322,4.881270,7.692274,37.916420000,128.174970000,37.916420000,128.174970000,37.916040000,128.174560000,37.916036769,128.174607671,37.916866000,128.174530000,37.916860296,128.174617292,37.916790000,128.175320000,37.916787418,128.175369716,37.916000000,128.175320000,37.915998348,128.175357009
357,357,826609484681,71.400,4.998856,37.915848000,128.183290000,1379.000000,6118.367706,5891.321774,-227.045932,-3.710891,4.863764,4.570919,7.464038,4.064639,3.385076,4.871168,7.464038,37.916420000,128.174970000,37.916420000,128.174970000,37.916035000,128.174560000,37.916035716,128.174612040,37.916862000,128.174530000,37.916857451,128.174614796,37.916794000,128.175320000,37.916788704,128.175365794,37.916004000,128.175320000,37.916001308,128.175358394
358,358,826609484884,71.603,4.998856,37.915900000,128.183270000,1378.000000,6038.202283,5857.533366,-180.668917,-2.992098,6.107117,4.885236,9.302289,6.701927,3.566094,6.113886,9.302289,37.916430000,128.174990000,37.916430000,128.174990000,37.916046000,128.174580000,37.916045305,128.174635620,37.916870000,128.174530000,37.916864025,128.174635652,37.916805000,128.175310000,37.916798888,128.175385919,37.916020000,128.175340000,37.916014500,128.175380003
359,359,826609485087,71.806,4.998856,37.915947000,128.183260000,1377.000000,6082.732736,5840.453688,-242.279048,-3.983063,6.318742,4.358817,10.739546,6.463389,3.793339,6.338773,10.739546,37.916430000,128.174990000,37.916430000,128.174990000,37.916042000,128.174590000,37.916043952,128.174639571,37.916866000,128.174510000,37.916861378,128.174632149,37.916810000,128.175310000,37.916800434,128.175382592,37.916023000,128.175340000,37.916017341,128.175382594
360,360,826609485290,72.009,4.998856,37.915997000,128.183230000,1377.000000,6071.832307,5807.922641,-263.909666,-4.346458,6.302912,4.775346,10.482736,6.988624,3.093676,6.335095,10.482736,37.916430000,128.174990000,37.916430000,128.174990000,37.916040000,128.174590000,37.916042747,128.174644264,37.916862000,128.174510000,37.916858334,128.174629275,37.916813000,128.175300000,37.916801925,128.175378330,37.916027000,128.175350000,37.916020513,128.175384254
361,361,826609485478,72.197,4.998856,37.916042000,128.183210000,1376.000000,6044.362092,5789.562402,-254.799690,-4.215493,4.372184,2.725862,8.958483,4.495586,1.663014,4.460736,8.958483,37.916420000,128.174970000,37.916420000,128.174970000,37.916023000,128.174600000,37.916030896,128.174629381,37.916843000,128.174500000,37.916845741,128.174601949,37.916800000,128.175300000,37.916794382,128.175350693,37.916020000,128.175350000,37.916013599,128.175367110
362,362,826609485694,72.413,4.998856,37.916084000,128.183180000,1376.000000,5974.706061,5750.587364,-224.118697,-3.751125,6.707730,4.653999,10.897680,8.100478,3.420002,6.768040,10.897680,37.916430000,128.174990000,37.916430000,128.174990000,37.916035000,128.174600000,37.916040871,128.174652469,37.916855000,128.174500000,37.916852801,128.174624059,37.916817000,128.175280000,37.916804299,128.175370823,37.916035000,128.175350000,37.916026271,128.175387338
363,363,826609485884,72.603,4.998856,37.916134000,128.183150000,1375.000000,5950.314518,5715.553206,-234.761312,-3.945360,5.798248,3.455225,10.634739,7.697454,2.027685,5.953776,10.634739,37.916430000,128.174990000,37.916430000,128.174990000,37.916030000,128.174620000,37.916039947,128.174657269,37.916847000,128.174500000,37.916849457,128.174621056,37.916817000,128.175280000,37.916805511,128.175366431,37.916040000,128.175370000,37.916029734,128.175389072
364,364,826609486089,72.808,4.998856,37.916180000,128.183120000,1374.000000,5868.537657,5689.865615,-178.672043,-3.044575,4.322325,2.203116,8.270852,7.018137,0.780122,4.568057,8.270852,37.916420000,128.174970000,37.916420000,128.174970000,37.916020000,128.174620000,37.916028356,128.174642741,37.916832000,128.174500000,37.916836474,128.174594008,37.916810000,128.175260000,37.916797698,128.175338378,37.916030000,128.175370000,37.916023103,128.175371578
365,365,826609486292,73.011,4.998856,37.916230000,128.183090000,1374.000000,5856.170005,5652.012165,-204.157840,-3.486201,6.199465,2.629090,11.896355,8.708944,2.243482,6.369468,11.896355,37.916430000,128.174990000,37.916430000,128.174990000,37.916027000,128.174640000,37.916038007,128.174666487,37.916840000,128.174480000,37.916843177,128.174615402,37.916820000,128.175260000,37.916808031,128.175358000,37.916046000,128.175370000,37.916036191,128.175392316
366,366,826609486479,73.198,4.998856,37.916270000,128.183070000,1373.000000,5888.284722,5628.513487,-259.771235,-4.411662,5.970986,2.888859,11.673070,8.474194,1.736978,6.193275,11.673070,37.916430000,128.174990000,37.916430000,128.174990000,37.916027000,128.174640000,37.916037233,128.174670229,37.916836000,128.174480000,37.916840515,128.174612796,37.916824000,128.175260000,37.916809031,128.175354610,37.916050000,128.175380000,37.916038939,128.175393951
367,367,826609486683,73.402,4.998856,37.916313000,128.183040000,1372.000000,5793.847711,5604.976435,-188.871277,-3.259859,4.050225,1.822435,9.379668,6.867382,1.572621,4.910526,9.379668,37.916420000,128.174970000,37.916420000,128.174970000,37.916010000,128.174650000,37.916025797,128.174655448,37.916817000,128.174480000,37.916827582,128.174585959,37.916813000,128.175250000,37.916801013,128.175326707,37.916046000,128.175380000,37.916032168,128.175376361
368,368,826609486886,73.605,4.998856,37.916360000,128.183000000,1372.000000,5790.914073,5558.326877,-232.587196,-4.016416,5.927043,2.944767,11.292144,8.689779,2.174369,6.275264,11.292144,37.916430000,128.174990000,37.916430000,128.174990000,37.916023000,128.174650000,37.916035813,128.174679336,37.916824000,128.174480000,37.916834184,128.174607932,37.916830000,128.175250000,37.916811060,128.175345992,37.916060000,128.175380000,37.916045343,128.175396366
369,369,826609487089,73.808,4.998856,37.916400000,128.182970000,1371.000000,5659.083195,5536.016332,-123.066863,-2.174678,4.228091,1.691228,9.857730,7.908784,1.737781,5.298881,9.857730,37.916420000,128.174970000,37.916420000,128.174970000,37.916010000,128.174670000,37.916024515,128.174664311,37.916810000,128.174470000,37.916821334,128.174581325,37.916817000,128.175230000,37.916802862,128.175318255,37.916054000,128.175380000,37.916038427,128.175378625
370,370,826609487292,74.011,4.998856,37.916447000,128.182940000,1370.000000,5716.028613,5495.389269,-220.639344,-3.860011,5.662245,2.263094,11.782221,9.657646,2.041593,6.436139,11.782221,37.916430000,128.174990000,37.916430000,128.174990000,37.916020000,128.174670000,37.916034542,128.174688007,37.916813000,128.174470000,37.916827929,128.174602821,37.916830000,128.175230000,37.916812899,128.175337812,37.916070000,128.175400000,37.916051672,128.175399149
371,371,826609487481,74.200,4.998856,37.916490000,128.182900000,1369.000000,5626.087853,5454.990016,-171.097837,-3.041151,5.642647,1.930056,11.588651,10.156782,2.444369,6.529964,11.588651,37.916430000,128.174990000,37.916430000,128.174990000,37.916020000,128.174680000,37.916034188,128.174692632,37.916810000,128.174470000,37.916824549,128.174600663,37.916832000,128.175220000,37.916813569,128.175333269,37.916077000,128.175400000,37.916055042,128.175400018
372,372,826609487684,74.403,4.998856,37.916573000,128.182830000,1368.000000,5600.767574,5390.617214,-210.150360,-3.752171,5.586965,1.457744,13.004468,9.401673,2.108590,6.493119,13.004468,37.916430000,128.174990000,37.916430000,128.174990000,37.916020000,128.174700000,37.916033066,128.174701115,37.916800000,128.174450000,37.916818420,128.174596227,37.916832000,128.175220000,37.916815279,128.175324936,37.916080000,128.175400000,37.916061134,128.175402140
373,373,826609487888,74.607,4.998856,37.916573000,128.182830000,1368.000000,5534.289620,5390.617214,-143.672407,-2.596041,6.025186,1.902252,13.041426,11.128758,2.552405,7.156210,13.041426,37.916430000,128.174990000,37.916430000,128.174990000,37.916016000,128.174700000,37.916033066,128.174701115,37.916798000,128.174450000,37.916818420,128.174596227,37.916832000,128.175200000,37.916815279,128.175324936,37.916084000,128.175400000,37.916061134,128.175402140
374,374,826609488091,74.810,4.998856,37.916573000,128.182830000,1368.000000,5534.289620,5390.617214,-143.672407,-2.596041,6.025186,1.902252,13.041426,11.128758,2.552405,7.156210,13.041426,37.916430000,128.174990000,37.916430000,128.174990000,37.916016000,128.174700000,37.916033066,128.174701115,37.916798000,128.174450000,37.916818420,128.174596227,37.916832000,128.175200000,37.916815279,128.175324936,37.916084000,128.175400000,37.916061134,128.175402140
375,375,826609488278,74.997,4.998856,37.916650000,128.182750000,1367.000000,5574.176392,5319.078117,-255.098276,-4.576430,5.312299,1.828325,12.687428,10.453735,2.929504,6.974748,12.687428,37.916430000,128.174990000,37.916430000,128.174990000,37.916016000,128.174710000,37.916032415,128.174709289,37.916794000,128.174450000,37.916812280,128.174592599,37.916836000,128.175200000,37.916816504,128.175316441,37.916090000,128.175420000,37.916067157,128.175403437
376,376,826609488481,75.200,4.998856,37.916690000,128.182710000,1366.000000,5525.686591,5281.927691,-243.758900,-4.411378,5.498887,1.826960,12.528390,10.921408,2.776718,7.013369,12.528390,37.916430000,128.174990000,37.916430000,128.174990000,37.916016000,128.174710000,37.916032173,128.174713539,37.916790000,128.174450000,37.916808978,128.174590616,37.916836000,128.175190000,37.916817034,128.175312014,37.916092000,128.175420000,37.916070396,128.175404196
377,377,826609488684,75.403,4.998856,37.916730000,128.182680000,1365.000000,5470.548994,5254.600065,-215.948929,-3.947482,5.252731,2.063303,13.289791,10.563473,2.819852,7.184105,13.289791,37.916430000,128.174990000,37.916430000,128.174990000,37.916016000,128.174730000,37.916031685,128.174717483,37.916782000,128.174440000,37.916805918,128.174588260,37.916836000,128.175190000,37.916817783,128.175308047,37.916096000,128.175420000,37.916073418,128.175405452
378,378,826609488888,75.607,4.998856,37.916767000,128.182630000,1365.000000,5412.869594,5213.568804,-199.300789,-3.681980,5.658334,2.502877,13.146255,11.884607,3.214373,7.687028,13.146255,37.916430000,128.174990000,37.916430000,128.174990000,37.916010000,128.174730000,37.916031526,128.174721771,37.916780000,128.174440000,37.916802758,128.174586888,37.916836000,128.175170000,37.916818248,128.175303444,37.916103000,128.175420000,37.916076447,128.175405618
379,379,826609489092,75.811,4.998856,37.916805000,128.182590000,1364.000000,5390.726569,5177.716051,-213.010518,-3.951425,5.191468,2.681204,13.153619,11.500441,3.693092,7.757089,13.153619,37.916430000,128.174990000,37.916430000,128.174990000,37.916010000,128.174740000,37.916031364,128.174725902,37.916770000,128.174440000,37.916799514,128.174585031,37.916836000,128.175170000,37.916818684,128.175299101,37.916107000,128.175430000,37.916079598,128.175406295
380,380,826609489280,75.999,4.998856,37.916843000,128.182540000,1363.000000,5384.420940,5133.279010,-251.141930,-4.664233,5.152896,2.533258,12.931034,11.078531,3.647146,7.547493,12.931034,37.916430000,128.174990000,37.916430000,128.174990000,37.916010000,128.174740000,37.916031448,128.174730361,37.916770000,128.174440000,37.916795998,128.174583508,37.916836000,128.175170000,37.916818896,128.175294272,37.916110000,128.175430000,37.916082975,128.175406521
381,381,826609489483,76.202,4.998856,37.916878000,128.182500000,1362.000000,5305.625013,5097.993121,-207.631892,-3.913429,5.563806,2.434593,12.788631,11.576613,2.906520,7.426589,12.788631,37.916430000,128.174990000,37.916430000,128.174990000,37.916010000,128.174740000,37.916031401,128.174734290,37.916767000,128.174440000,37.916792879,128.174581879,37.916836000,128.175160000,37.916819199,128.175290089,37.916110000,128.175420000,37.916085980,128.175407026
382,382,826609489686,76.405,4.998856,37.916912000,128.182460000,1362.000000,5258.406114,5067.791345,-190.614769,-3.624953,5.534164,1.690154,12.687749,11.220137,3.130149,7.182047,12.687749,37.916430000,128.174990000,37.916430000,128.174990000,37.916016000,128.174740000,37.916031108,128.174738085,37.916763000,128.174440000,37.916790076,128.174580337,37.916836000,128.175160000,37.916819752,128.175286091,37.916115000,128.175420000,37.916088652,128.175407553
383,383,826609489889,76.608,4.998856,37.916950000,128.182400000,1361.000000,5241.982149,5016.180052,-225.802096,-4.307571,5.492411,1.736945,12.560912,10.757596,3.279460,7.083728,12.560912,37.916430000,128.174990000,37.916430000,128.174990000,37.916016000,128.174740000,37.916031435,128.174742899,37.916760000,128.174440000,37.916786255,128.174579103,37.916836000,128.175160000,37.916819736,128.175280748,37.916120000,128.175420000,37.916092268,128.175407398
384,384,826609490093,76.812,4.998856,37.916980000,128.182360000,1360.000000,5203.954264,4999.044376,-204.909887,-3.937580,3.712959,2.112738,10.031934,7.995369,2.956624,5.774166,10.031934,37.916410000,128.174940000,37.916410000,128.174940000,37.915993000,128.174710000,37.916010233,128.174699922,37.916737000,128.174410000,37.916763302,128.174519258,37.916813000,128.175130000,37.916801395,128.175219846,37.916096000,128.175380000,37.916074914,128.175359530
385,385,826609490281,77.000,4.998856,37.917010000,128.182310000,1360.000000,5182.934084,4943.237364,-239.696720,-4.624730,5.211425,1.966398,11.378996,9.977012,2.712379,6.508696,11.378996,37.916430000,128.174990000,37.916430000,128.174990000,37.916016000,128.174740000,37.916031668,128.174750341,37.916760000,128.174450000,37.916780469,128.174576946,37.916832000,128.175160000,37.916819982,128.175272580,37.916120000,128.175420000,37.916097724,128.175407487
386,386,826609490485,77.204,4.998856,37.917050000,128.182270000,1359.000000,5098.174694,4911.364816,-186.809877,-3.664250,5.401327,1.813206,11.207804,8.673283,2.238614,5.983227,11.207804,37.916430000,128.174990000,37.916430000,128.174990000,37.916020000,128.174740000,37.916031441,128.174754696,37.916756000,128.174450000,37.916777011,128.174574811,37.916830000,128.175170000,37.916820479,128.175268021,37.916120000,128.175400000,37.916101023,128.175408436
387,387,826609490688,77.407,4.998856,37.917080000,128.182220000,1358.000000,5018.987720,4869.328139,-149.659581,-2.981868,4.927379,2.100366,9.334183,8.290573,1.921368,5.411622,9.334183,37.916430000,128.174990000,37.916430000,128.174990000,37.916020000,128.174740000,37.916031821,128.174758640,37.916756000,128.174470000,37.916773813,128.174573861,37.916830000,128.175170000,37.916820336,128.175263605,37.916120000,128.175400000,37.916104019,128.175408266
388,388,826609490891,77.610,4.998856,37.917114000,128.182160000,1358.000000,4899.767331,4824.999523,-74.767808,-1.525946,5.331590,2.267365,9.174667,7.788704,2.849544,5.520070,9.174667,37.916430000,128.174990000,37.916430000,128.174990000,37.916023000,128.174740000,37.916032000,128.174763161,37.916756000,128.174470000,37.916770404,128.174572862,37.916824000,128.175170000,37.916820443,128.175258574,37.916120000,128.175380000,37.916107172,128.175408079
389,389,826609491079,77.798,4.998856,37.917140000,128.182110000,1357.000000,4893.853946,4800.767048,-93.086898,-1.902118,3.368034,2.043919,5.843231,5.142435,1.239883,3.567367,5.843231,37.916412000,128.174940000,37.916412000,128.174940000,37.916004000,128.174700000,37.916013366,128.174720018,37.916737000,128.174450000,37.916749350,128.174514668,37.916805000,128.175140000,37.916803461,128.175198523,37.916100000,128.175350000,37.916091726,128.175359451
390,390,826609491312,78.031,4.998856,37.917170000,128.182070000,1356.000000,4856.507781,4751.219418,-105.288363,-2.167985,5.268523,3.610458,8.037700,7.062469,2.588021,5.324662,8.037700,37.916430000,128.174990000,37.916430000,128.174990000,37.916027000,128.174730000,37.916032667,128.174770479,37.916756000,128.174480000,37.916764417,128.174570900,37.916820000,128.175170000,37.916820196,128.175250419,37.916120000,128.175380000,37.916112759,128.175408003
391,391,826609491485,78.204,4.998856,37.917202000,128.182020000,1356.000000,4813.639277,4716.629314,-97.009963,-2.015314,4.587554,3.964163,6.148861,4.914031,3.354435,4.595372,6.148861,37.916430000,128.174990000,37.916430000,128.174990000,37.916027000,128.174730000,37.916032678,128.174774562,37.916756000,128.174500000,37.916761334,128.174569689,37.916820000,128.175190000,37.916820433,128.175245953,37.916115000,128.175370000,37.916115604,128.175408189
392,392,826609491688,78.407,4.998856,37.917233000,128.181960000,1355.000000,4711.185019,4669.190654,-41.994365,-0.891376,4.986047,4.316461,6.052024,4.486335,5.094791,4.987403,6.052024,37.916430000,128.174990000,37.916430000,128.174990000,37.916030000,128.174730000,37.916033252,128.174778978,37.916756000,128.174500000,37.916757742,128.174568878,37.916817000,128.175190000,37.916820103,128.175240933,37.916115000,128.175350000,37.916118911,128.175407801
393,393,826609491893,78.612,4.998856,37.917263000,128.181920000,1354.000000,4718.957074,4638.523817,-80.433258,-1.704471,5.184777,6.392524,5.052983,4.197199,5.163893,5.201650,6.392524,37.916430000,128.174990000,37.916430000,128.174990000,37.916030000,128.174710000,37.916033398,128.174782663,37.916756000,128.174510000,37.916754718,128.174567514,37.916813000,128.175190000,37.916820158,128.175236924,37.916115000,128.175350000,37.916121725,128.175408179
394,394,826609492081,78.800,4.998856,37.917290000,128.181850000,1354.000000,4698.427118,4588.156852,-110.270266,-2.346961,5.134648,6.770125,5.058115,3.745982,5.148482,5.180676,6.770125,37.916430000,128.174990000,37.916430000,128.174990000,37.916035000,128.174710000,37.916034046,128.174787081,37.916756000,128.174510000,37.916751337,128.174567292,37.916813000,128.175190000,37.916819756,128.175231786,37.916115000,128.175350000,37.916124772,128.175407301
395,395,826609492284,79.003,4.998856,37.917316000,128.181810000,1353.000000,4570.995368,4565.349188,-5.646180,-0.123522,3.946448,5.481332,2.951477,2.480174,5.369435,4.070604,5.481332,37.916420000,128.174960000,37.916420000,128.174960000,37.916027000,128.174700000,37.916023748,128.174762279,37.916744000,128.174500000,37.916738528,128.174532884,37.916800000,128.175170000,37.916810314,128.175195033,37.916103000,128.175320000,37.916117181,128.175378439
396,396,826609492488,79.207,4.998856,37.917347000,128.181750000,1352.000000,4597.537423,4519.974023,-77.563400,-1.687064,3.393494,5.846221,2.290136,1.781071,5.609667,3.881774,5.846221,37.916424000,128.174960000,37.916424000,128.174960000,37.916027000,128.174700000,37.916028480,128.174766543,37.916748000,128.174510000,37.916739204,128.174533573,37.916798000,128.175190000,37.916813934,128.175191831,37.916103000,128.175320000,37.916124289,128.175377896
397,397,826609492697,79.416,4.998856,37.917374000,128.181700000,1352.000000,4426.600722,4479.824008,53.223287,1.202351,4.620425,7.813641,2.014827,2.290310,8.084800,5.050894,8.084800,37.916430000,128.174990000,37.916430000,128.174990000,37.916040000,128.174710000,37.916035086,128.174798754,37.916756000,128.174550000,37.916741947,128.174564459,37.916805000,128.175200000,37.916819323,128.175218722,37.916110000,128.175320000,37.916133350,128.175407173
398,398,826609492878,79.597,4.998856,37.917400000,128.181660000,1351.000000,4431.830972,4448.368965,16.537992,0.373164,4.832397,9.004983,2.240836,2.506714,8.199062,5.487899,9.004983,37.916430000,128.174990000,37.916430000,128.174990000,37.916042000,128.174700000,37.916035378,128.174802194,37.916756000,128.174550000,37.916739124,128.174563910,37.916800000,128.175200000,37.916819198,128.175214917,37.916110000,128.175320000,37.916135983,128.175407359
399,399,826609493081,79.800,4.998856,37.917430000,128.181600000,1351.000000,4431.830972,4406.429172,-25.401801,-0.573167,4.818813,9.387439,2.555497,2.302406,8.316408,5.640437,9.387439,37.916430000,128.174990000,37.916430000,128.174990000,37.916042000,128.174700000,37.916035676,128.174806592,37.916756000,128.174550000,37.916735842,128.174563924,37.916800000,128.175200000,37.916819125,128.175209983,37.916110000,128.175320000,37.916139020,128.175407261
400,400,826609493285,80.004,4.998856,37.917454000,128.181550000,1350.000000,4343.063352,4366.498325,23.434972,0.539595,4.829062,9.703071,1.940056,2.143437,9.222142,5.752176,9.703071,37.916430000,128.174990000,37.916430000,128.174990000,37.916042000,128.174700000,37.916036265,128.174810248,37.916750000,128.174560000,37.916732877,128.174564116,37.916800000,128.175200000,37.916818702,128.175205808,37.916110000,128.175310000,37.916141787,128.175406973
401,401,826609493489,80.208,4.998856,37.917484000,128.181490000,1349.000000,4299.657159,4326.106870,26.449711,0.615159,3.806205,8.409109,2.079736,2.413708,8.551746,5.363575,8.551746,37.916430000,128.174970000,37.916430000,128.174970000,37.916042000,128.174700000,37.916036774,128.174795524,37.916748000,128.174550000,37.916729875,128.174544259,37.916798000,128.175190000,37.916818704,128.175181836,37.916110000,128.175300000,37.916144585,128.175386951
402,402,826609493692,80.411,4.998856,37.917510000,128.181440000,1349.000000,4308.846759,4287.446581,-21.400177,-0.496657,4.775481,10.456680,2.643237,2.277684,9.254030,6.157908,10.456680,37.916430000,128.174990000,37.916430000,128.174990000,37.916046000,128.174700000,37.916037077,128.174818530,37.916750000,128.174560000,37.916726473,128.174564063,37.916798000,128.175200000,37.916818273,128.175196496,37.916115000,128.175310000,37.916147750,128.175406852
403,403,826609493880,80.599,4.998856,37.917538000,128.181380000,1348.000000,4303.958674,4242.312831,-61.645843,-1.432306,4.766785,10.832215,2.809908,2.325197,9.380454,6.336944,10.832215,37.916430000,128.174990000,37.916430000,128.174990000,37.916046000,128.174700000,37.916037748,128.174822900,37.916748000,128.174560000,37.916722981,128.174564241,37.916798000,128.175200000,37.916817786,128.175191515,37.916115000,128.175310000,37.916151005,128.175406572
404,404,826609494083,80.802,4.998856,37.917564000,128.181340000,1347.000000,4221.789968,4217.953124,-3.836844,-0.090882,3.523587,9.453646,3.349765,3.262183,8.741756,6.201838,9.453646,37.916430000,128.174970000,37.916430000,128.174970000,37.916046000,128.174700000,37.916037979,128.174807166,37.916748000,128.174560000,37.916720719,128.174543903,37.916794000,128.175190000,37.916818036,128.175168750,37.916115000,128.175300000,37.916153135,128.175387016
405,405,826609494286,81.005,4.998856,37.917590000,128.181270000,1347.000000,4149.397432,4165.942443,16.545011,0.398733,4.083975,10.699062,3.333278,3.008713,9.401551,6.610651,10.699062,37.916430000,128.174990000,37.916430000,128.174990000,37.916050000,128.174710000,37.916038695,128.174830983,37.916744000,128.174580000,37.916716734,128.174564311,37.916794000,128.175200000,37.916817180,128.175182381,37.916120000,128.175310000,37.916156818,128.175406346
406,406,826609494489,81.208,4.998856,37.917618000,128.181230000,1346.000000,4113.030081,4137.518521,24.488440,0.595387,4.291853,11.019963,3.658166,3.198876,10.367284,7.061072,11.019963,37.916430000,128.174990000,37.916430000,128.174990000,37.916050000,128.174710000,37.916038930,128.174834695,37.916744000,128.174580000,37.916713742,128.174563750,37.916794000,128.175200000,37.916817094,128.175178323,37.916120000,128.175300000,37.916159644,128.175406821
407,407,826609494692,81.411,4.998856,37.917645000,128.181170000,1346.000000,4098.659112,4099.909529,1.250417,0.030508,4.286467,11.393121,3.578329,3.453049,10.410785,7.208821,11.393121,37.916430000,128.174990000,37.916430000,128.174990000,37.916050000,128.174710000,37.916039322,128.174839023,37.916740000,128.174580000,37.916710530,128.174563728,37.916794000,128.175200000,37.916816879,128.175173449,37.916122000,128.175300000,37.916162621,128.175406779
408,408,826609494880,81.599,4.998856,37.917645000,128.181170000,1346.000000,4098.659112,4099.909529,1.250417,0.030508,4.286467,11.393121,3.578329,3.453049,10.410785,7.208821,11.393121,37.916430000,128.174990000,37.916430000,128.174990000,37.916050000,128.174710000,37.916039322,128.174839023,37.916740000,128.174580000,37.916710530,128.174563728,37.916794000,128.175200000,37.916816879,128.175173449,37.916122000,128.175300000,37.916162621,128.175406779
409,409,826609495085,81.804,4.998856,37.917725000,128.181020000,1344.000000,4037.949099,4001.223796,-36.725302,-0.909504,4.480809,12.431619,4.263850,3.921502,10.695542,7.828128,12.431619,37.916430000,128.174990000,37.916430000,128.174990000,37.916050000,128.174710000,37.916040518,128.174851045,37.916737000,128.174580000,37.916701133,128.174562962,37.916790000,128.175190000,37.916816124,128.175160043,37.916126000,128.175300000,37.916171423,128.175407318
410,410,826609495288,82.007,4.998856,37.917725000,128.181020000,1344.000000,4037.949099,4001.223796,-36.725302,-0.909504,4.480809,12.431619,4.263850,3.921502,10.695542,7.828128,12.431619,37.916430000,128.174990000,37.916430000,128.174990000,37.916050000,128.174710000,37.916040518,128.174851045,37.916737000,128.174580000,37.916701133,128.174562962,37.916790000,128.175190000,37.916816124,128.175160043,37.916126000,128.175300000,37.916171423,128.175407318
411,411,826609495491,82.210,4.998856,37.917747000,128.180950000,1343.000000,3969.222626,3952.202753,-17.019874,-0.428796,4.050833,11.058382,4.192467,4.167990,10.811604,7.557611,11.058382,37.916430000,128.174990000,37.916430000,128.174990000,37.916050000,128.174730000,37.916041610,128.174855470,37.916733000,128.174580000,37.916697608,128.174563678,37.916790000,128.175190000,37.916815162,128.175154854,37.916126000,128.175300000,37.916174689,128.175406523
412,412,826609495679,82.398,4.998856,37.917778000,128.180910000,1342.000000,4019.178580,3935.342410,-83.836170,-2.085903,2.931777,11.433146,4.849043,5.763004,9.579105,7.906075,11.433146,37.916435000,128.174970000,37.916435000,128.174970000,37.916054000,128.174710000,37.916046950,128.174839880,37.916733000,128.174580000,37.916700352,128.174543447,37.916794000,128.175190000,37.916820673,128.175133758,37.916130000,128.175300000,37.916181852,128.175387049
413,413,826609495882,82.601,4.998856,37.917800000,128.180850000,1342.000000,3953.482993,3891.741144,-61.741849,-1.561708,4.022420,11.763220,4.555319,4.754917,10.960829,8.008571,11.763220,37.916430000,128.174990000,37.916430000,128.174990000,37.916050000,128.174730000,37.916042326,128.174863592,37.916730000,128.174580000,37.916691348,128.174562967,37.916790000,128.175190000,37.916814713,128.175145839,37.916130000,128.175300000,37.916180555,128.175407102
414,414,826609496085,82.804,4.998856,37.917828000,128.180800000,1341.000000,3877.619653,3867.836309,-9.783344,-0.252303,2.856337,10.396325,5.149792,4.934529,9.449489,7.482534,10.396325,37.916435000,128.174970000,37.916435000,128.174970000,37.916054000,128.174730000,37.916048000,128.174848137,37.916730000,128.174580000,37.916693977,128.174543208,37.916794000,128.175170000,37.916819911,128.175124410,37.916138000,128.175300000,37.916187803,128.175387134
415,415,826609496289,83.008,4.998856,37.917854000,128.180740000,1340.000000,3821.993512,3821.298170,-0.695342,-0.018193,4.221253,11.676151,4.246579,3.981469,11.122833,7.756758,11.676151,37.916430000,128.174990000,37.916430000,128.174990000,37.916054000,128.174740000,37.916043559,128.174872294,37.916720000,128.174580000,37.916684409,128.174562595,37.916790000,128.175170000,37.916813721,128.175136069,37.916134000,128.175300000,37.916187067,128.175407315
416,416,826609496483,83.202,4.998856,37.917880000,128.180700000,1340.000000,3809.381994,3809.705082,0.323088,0.008481,2.667920,10.262056,4.879653,5.571418,9.752582,7.616427,10.262056,37.916435000,128.174970000,37.916435000,128.174970000,37.916058000,128.174740000,37.916048784,128.174856267,37.916720000,128.174580000,37.916687695,128.174542443,37.916794000,128.175170000,37.916819398,128.175115335,37.916140000,128.175300000,37.916193693,128.175387750
417,417,826609496681,83.400,4.998856,37.917904000,128.180630000,1339.000000,3805.178500,3757.325508,-47.852992,-1.257575,4.174448,12.403758,4.728563,4.584822,11.147361,8.216126,12.403758,37.916430000,128.174990000,37.916430000,128.174990000,37.916054000,128.174740000,37.916044609,128.174880737,37.916718000,128.174580000,37.916677908,128.174562211,37.916790000,128.175170000,37.916812894,128.175126602,37.916140000,128.175300000,37.916193147,128.175407580
418,418,826609496884,83.603,4.998856,37.917934000,128.180590000,1339.000000,3768.713387,3740.065204,-28.648183,-0.760158,4.403607,12.760941,4.659628,4.196375,11.396576,8.253380,12.760941,37.916430000,128.174990000,37.916430000,128.174990000,37.916054000,128.174740000,37.916044504,128.174884807,37.916714000,128.174580000,37.916674886,128.174561105,37.916790000,128.175160000,37.916813123,128.175122262,37.916140000,128.175300000,37.916196003,128.175408633
419,419,826609497087,83.806,4.998856,37.917957000,128.180530000,1338.000000,3695.001069,3702.758239,7.757170,0.209937,3.952416,11.381116,4.598210,4.497850,11.274230,7.937851,11.381116,37.916430000,128.174990000,37.916430000,128.174990000,37.916054000,128.174760000,37.916045372,128.174889132,37.916710000,128.174580000,37.916671433,128.174561250,37.916790000,128.175160000,37.916812341,128.175117325,37.916145000,128.175300000,37.916199232,128.175408421
420,420,826609497290,84.009,4.998856,37.917984000,128.180470000,1337.000000,3677.403963,3667.249160,-10.154803,-0.276141,3.931875,11.784798,4.575059,4.853449,11.192734,8.101510,11.784798,37.916430000,128.174990000,37.916430000,128.174990000,37.916054000,128.174760000,37.916046120,128.174893819,37.916706000,128.174580000,37.916667708,128.174561080,37.916790000,128.175160000,37.916811684,128.175112055,37.916150000,128.175300000,37.916202729,128.175408518
421,421,826609497478,84.197,4.998856,37.918010000,128.180420000,1337.000000,3646.022211,3646.870295,0.848084,0.023261,4.334448,12.100704,3.936296,4.008671,10.780484,7.706539,12.100704,37.916435000,128.174990000,37.916435000,128.174990000,37.916054000,128.174760000,37.916051547,128.174897753,37.916702000,128.174580000,37.916669961,128.174561034,37.916790000,128.175140000,37.916816757,128.175109452,37.916153000,128.175310000,37.916210385,128.175408883
422,422,826609497681,84.400,4.998856,37.918034000,128.180370000,1336.000000,3615.569445,3618.018866,2.449422,0.067746,4.135676,11.579427,4.074623,4.244340,11.009654,7.727011,11.579427,37.916435000,128.174990000,37.916435000,128.174990000,37.916054000,128.174770000,37.916052192,128.174901833,37.916700000,128.174580000,37.916666683,128.174560787,37.916790000,128.175140000,37.916816190,128.175104877,37.916153000,128.175310000,37.916213511,128.175409163
423,423,826609497884,84.603,4.998856,37.918064000,128.180310000,1335.000000,3570.549944,3592.868174,22.318230,0.625064,2.867600,10.275151,5.041306,5.889862,10.414463,7.905196,10.414463,37.916440000,128.174970000,37.916440000,128.174970000,37.916058000,128.174770000,37.916058138,128.174887001,37.916702000,128.174580000,37.916668795,128.174540965,37.916794000,128.175140000,37.916821260,128.175082520,37.916160000,128.175300000,37.916221366,128.175389512
424,424,826609498089,84.808,4.998856,37.918087000,128.180270000,1334.000000,3593.866350,3563.225995,-30.640355,-0.852574,4.096781,12.337014,4.302799,4.825649,11.050763,8.129056,12.337014,37.916435000,128.174990000,37.916435000,128.174990000,37.916054000,128.174770000,37.916053355,128.174910477,37.916695000,128.174580000,37.916659751,128.174559897,37.916790000,128.175140000,37.916815184,128.175095275,37.916160000,128.175310000,37.916220137,128.175410116
425,425,826609498292,85.011,4.998856,37.918114000,128.180200000,1334.000000,3632.628612,3537.474984,-95.153629,-2.619415,3.265803,11.051071,4.066835,5.828255,10.016595,7.740689,11.051071,37.916440000,128.174970000,37.916440000,128.174970000,37.916058000,128.174770000,37.916059291,128.174895826,37.916695000,128.174560000,37.916661968,128.174540219,37.916794000,128.175130000,37.916820299,128.175072615,37.916164000,128.175310000,37.916227869,128.175390341
426,426,826609498479,85.198,4.998856,37.918140000,128.180150000,1333.000000,3562.435724,3511.074742,-51.360982,-1.441738,2.868007,9.676071,3.932841,6.170212,9.838879,7.404501,9.838879,37.916440000,128.174970000,37.916440000,128.174970000,37.916058000,128.174790000,37.916059915,128.174900153,37.916690000,128.174560000,37.916658483,128.174539764,37.916794000,128.175130000,37.916819755,128.175067786,37.916170000,128.175310000,37.916231208,128.175390821
427,427,826609498683,85.402,4.998856,37.918163000,128.180100000,1332.000000,3542.785626,3484.096104,-58.689522,-1.656593,2.970861,10.037602,3.973811,6.703308,10.103421,7.704536,10.103421,37.916440000,128.174970000,37.916440000,128.174970000,37.916058000,128.174790000,37.916060635,128.174904248,37.916687000,128.174560000,37.916655171,128.174539512,37.916790000,128.175130000,37.916819099,128.175063174,37.916170000,128.175310000,37.916234375,128.175391098
428,428,826609498886,85.605,4.998856,37.918190000,128.180040000,1332.000000,3459.590669,3451.634311,-7.956358,-0.229980,3.942363,12.218752,4.300868,5.725235,11.426993,8.417962,12.218752,37.916435000,128.174990000,37.916435000,128.174990000,37.916054000,128.174790000,37.916055820,128.174929114,37.916680000,128.174580000,37.916645361,128.174558309,37.916786000,128.175130000,37.916812989,128.175074505,37.916170000,128.175310000,37.916233846,128.175411887
429,429,826609499089,85.808,4.998856,37.918217000,128.180000000,1331.000000,3375.711139,3432.674093,56.962954,1.687436,4.157756,11.698268,4.262296,4.590445,11.562658,8.028417,11.698268,37.916435000,128.174990000,37.916435000,128.174990000,37.916054000,128.174800000,37.916056234,128.174933176,37.916676000,128.174580000,37.916642057,128.174557542,37.916786000,128.175110000,37.916812621,128.175070081,37.916172000,128.175310000,37.916237030,128.175412665
430,430,826609499292,86.011,4.998856,37.918243000,128.179930000,1330.000000,3441.211471,3396.900271,-44.311200,-1.287663,4.508955,12.170327,4.256707,4.938752,11.573851,8.234909,12.170327,37.916435000,128.174990000,37.916435000,128.174990000,37.916054000,128.174800000,37.916057311,128.174938518,37.916676000,128.174560000,37.916637813,128.174557470,37.916786000,128.175110000,37.916811574,128.175064047,37.916176000,128.175310000,37.916241073,128.175412784
431,431,826609499481,86.200,4.998856,37.918266000,128.179890000,1330.000000,3410.905116,3389.530659,-21.374457,-0.626651,3.307449,10.750976,4.363291,5.837518,10.521373,7.868290,10.750976,37.916440000,128.174970000,37.916440000,128.174970000,37.916058000,128.174800000,37.916062829,128.174922266,37.916676000,128.174560000,37.916641148,128.174537266,37.916790000,128.175100000,37.916817177,128.175043153,37.916180000,128.175310000,37.916247800,128.175393471
432,432,826609499684,86.403,4.998856,37.918293000,128.179820000,1329.000000,3351.466240,3352.748079,1.281839,0.038247,2.820514,9.499783,4.570694,6.336209,10.500231,7.726729,10.500231,37.916435000,128.174970000,37.916435000,128.174970000,37.916054000,128.174820000,37.916058726,128.174928006,37.916668000,128.174560000,37.916631361,128.174536508,37.916786000,128.175100000,37.916810793,128.175035055,37.916180000,128.175310000,37.916247238,128.175393854
433,433,826609499887,86.606,4.998856,37.918320000,128.179760000,1328.000000,3341.885595,3324.519933,-17.365662,-0.519637,2.824347,9.948787,4.593438,6.748299,10.598135,7.972165,10.598135,37.916435000,128.174970000,37.916435000,128.174970000,37.916054000,128.174820000,37.916059614,128.174933061,37.916664000,128.174560000,37.916627293,128.174536108,37.916786000,128.175100000,37.916809918,128.175029392,37.916183000,128.175310000,37.916251138,128.175394284
434,434,826609500090,86.809,4.998856,37.918343000,128.179720000,1327.000000,3330.936285,3305.737958,-25.198327,-0.756494,2.813615,10.286685,4.529940,7.071480,10.553267,8.110343,10.553267,37.916435000,128.174970000,37.916435000,128.174970000,37.916054000,128.174820000,37.916060202,128.174936869,37.916660000,128.174560000,37.916624150,128.174535593,37.916786000,128.175100000,37.916809310,128.175025095,37.916187000,128.175310000,37.916254166,128.175394805
435,435,826609500278,86.997,4.998856,37.918365000,128.179670000,1327.000000,3275.798693,3287.060483,11.261791,0.343788,2.484913,8.910650,4.476663,7.445289,10.596087,7.857172,10.596087,37.916435000,128.174970000,37.916435000,128.174970000,37.916054000,128.174840000,37.916060691,128.174941109,37.916656000,128.174560000,37.916620942,128.174535028,37.916786000,128.175100000,37.916808804,128.175020302,37.916190000,128.175310000,37.916257236,128.175395407
436,436,826609500481,87.200,4.998856,37.918392000,128.179610000,1326.000000,3262.503103,3259.907914,-2.595189,-0.079546,2.687515,9.369568,4.607305,6.248523,10.355924,7.645330,10.355924,37.916435000,128.174970000,37.916435000,128.174970000,37.916054000,128.174840000,37.916061624,128.174946251,37.916653000,128.174560000,37.916616785,128.174534603,37.916786000,128.175080000,37.916807819,128.175014444,37.916190000,128.175320000,37.916261226,128.175395856
437,437,826609500684,87.403,4.998856,37.918420000,128.179550000,1325.000000,3256.637401,3233.694940,-22.942462,-0.704483,2.581018,9.839301,5.047056,6.695713,10.308545,7.972654,10.308545,37.916435000,128.174970000,37.916435000,128.174970000,37.916054000,128.174840000,37.916062552,128.174951513,37.916653000,128.174560000,37.916612525,128.174534103,37.916786000,128.175080000,37.916806828,128.175008474,37.916195000,128.175320000,37.916265319,128.175396377
438,438,826609500888,87.607,4.998856,37.918446000,128.179490000,1325.000000,3170.704661,3214.999098,44.294437,1.396990,3.257373,10.288756,4.904621,5.430851,11.218311,7.960635,11.218311,37.916440000,128.174970000,37.916440000,128.174970000,37.916058000,128.174840000,37.916068383,128.174956415,37.916653000,128.174560000,37.916614026,128.174533953,37.916790000,128.175060000,37.916811551,128.175004520,37.916200000,128.175310000,37.916273822,128.175396957
439,439,826609501092,87.811,4.998856,37.918470000,128.179440000,1324.000000,3176.130650,3191.191114,15.060464,0.474176,2.776343,9.827241,5.055253,5.884477,10.571909,7.834720,10.571909,37.916435000,128.174970000,37.916435000,128.174970000,37.916054000,128.174850000,37.916064050,128.174961174,37.916645000,128.174560000,37.916604896,128.174532993,37.916786000,128.175060000,37.916805202,128.174997572,37.916200000,128.175320000,37.916272647,128.175397536
440,440,826609501280,87.999,4.998856,37.918470000,128.179440000,1324.000000,3176.130650,3191.191114,15.060464,0.474176,2.776343,9.827241,5.055253,5.884477,10.571909,7.834720,10.571909,37.916435000,128.174970000,37.916435000,128.174970000,37.916054000,128.174850000,37.916064050,128.174961174,37.916645000,128.174560000,37.916604896,128.174532993,37.916786000,128.175060000,37.916805202,128.174997572,37.916200000,128.175320000,37.916272647,128.175397536
441,441,826609501483,88.202,4.998856,37.918518000,128.179340000,1322.000000,3146.899905,3149.195740,2.295835,0.072955,2.855365,10.639333,5.037257,6.805342,10.720901,8.300708,10.720901,37.916435000,128.174970000,37.916435000,128.174970000,37.916054000,128.174850000,37.916065797,128.174970222,37.916637000,128.174560000,37.916597436,128.174532163,37.916782000,128.175060000,37.916803276,128.174987353,37.916206000,128.175320000,37.916279833,128.175398383
442,442,826609501686,88.405,4.998856,37.918518000,128.179340000,1322.000000,3146.899905,3149.195740,2.295835,0.072955,2.855365,10.639333,5.037257,6.805342,10.720901,8.300708,10.720901,37.916435000,128.174970000,37.916435000,128.174970000,37.916054000,128.174850000,37.916065797,128.174970222,37.916637000,128.174560000,37.916597436,128.174532163,37.916782000,128.175060000,37.916803276,128.174987353,37.916206000,128.175320000,37.916279833,128.175398383
443,443,826609501926,88.645,4.097963,37.918590000,128.179170000,1320.000000,2575.851576,2440.238352,-135.613224,-5.264792,4.783157,15.247895,5.528767,6.340557,13.751593,10.217203,15.247895,37.914280000,128.174670000,37.914280000,128.174670000,37.913887000,128.174650000,37.913956888,128.174799320,37.914390000,128.174270000,37.914340344,128.174268742,37.914600000,128.174620000,37.914598316,128.174547835,37.914130000,128.175020000,37.914242208,128.175085492
444,444,826609502092,88.811,4.097963,37.918590000,128.179170000,1320.000000,2575.851576,2440.238352,-135.613224,-5.264792,4.783157,15.247895,5.528767,6.340557,13.751593,10.217203,15.247895,37.914280000,128.174670000,37.914280000,128.174670000,37.913887000,128.174650000,37.913956888,128.174799320,37.914390000,128.174270000,37.914340344,128.174268742,37.914600000,128.174620000,37.914598316,128.174547835,37.914130000,128.175020000,37.914242208,128.175085492
445,445,826609502280,88.999,4.097963,37.918613000,128.179110000,1319.000000,3400.420355,3236.931058,-163.489297,-4.807914,1.251301,9.240011,10.458773,8.240972,4.874827,8.203646,10.458773,37.912735000,128.174220000,37.912735000,128.174220000,37.912346000,128.174320000,37.912387966,128.174410772,37.912870000,128.173810000,37.912778943,128.173780664,37.913147000,128.174160000,37.913116026,128.174074774,37.912712000,128.174710000,37.912755227,128.174701115
446,446,826609502485,89.204,4.097963,37.918640000,128.179050000,1319.000000,3567.252614,3943.409037,376.156422,10.544709,1.138734,8.723718,14.254944,5.445105,15.094789,10.879639,15.094789,37.911860000,128.173130000,37.911860000,128.173130000,37.911346000,128.173160000,37.911381195,128.173248748,37.912052000,128.172730000,37.911933224,128.172669342,37.912323000,128.173080000,37.912313362,128.173019217,37.911648000,128.173510000,37.911773855,128.173573975
447,447,826609502688,89.407,4.097963,37.918667000,128.179000000,1318.000000,6331.363567,6851.503197,520.139631,8.215286,2.042504,8.098696,14.887031,3.890888,18.203083,11.269924,18.203083,37.911053000,128.172200000,37.911053000,128.172200000,37.910110000,128.171900000,37.910128437,128.171989202,37.911312000,128.171830000,37.911191944,128.171755327,37.911617000,128.172210000,37.911628541,128.172168183,37.910780000,128.172580000,37.910931323,128.172658547
448,448,826609502891,89.610,2.167086,37.918694000,128.178920000,1318.000000,999.762151,1137.191838,137.429687,13.746238,6.672891,2.541118,15.044656,5.633131,5.224933,7.110959,15.044656,37.912674000,128.172260000,37.912674000,128.172260000,37.912518000,128.172350000,37.912496285,128.172358920,37.912780000,128.172060000,37.912671125,128.171958509,37.912895000,128.172240000,37.912869750,128.172184416,37.912720000,128.172620000,37.912693342,128.172571035
449,449,826609503078,89.797,0.609750,37.918720000,128.178860000,1317.000000,64.524539,85.907707,21.383168,33.139590,0.052866,1.685379,3.632129,1.472540,3.534936,2.581246,3.632129,37.914356000,128.171890000,37.914356000,128.171890000,37.914300000,128.171890000,37.914307432,128.171906719,37.914380000,128.171830000,37.914358373,128.171799033,37.914410000,128.171890000,37.914405175,128.171874388,37.914333000,128.171950000,37.914353884,128.171980321
450,450,826609503284,90.003,0.609750,37.918747000,128.178800000,1317.000000,64.963276,61.179702,-3.783574,-5.824173,0.304479,1.575195,1.666133,0.765017,0.437570,1.110979,1.666133,37.915718000,128.172130000,37.915718000,128.172130000,37.915670000,128.172120000,37.915670828,128.172137906,37.915750000,128.172070000,37.915737208,128.172060150,37.915768000,128.172130000,37.915765142,128.172122078,37.915695000,128.172200000,37.915698890,128.172199286
451,451,826609503484,90.203,0.609750,37.918777000,128.178740000,1316.000000,63.398817,56.983609,-6.415208,-10.118814,0.235602,2.473605,1.911097,2.458107,1.284146,2.031739,2.473605,37.916016000,128.173050000,37.916016000,128.173050000,37.915966000,128.173030000,37.915970951,128.173057458,37.916042000,128.173000000,37.916031995,128.172982316,37.916065000,128.173070000,37.916060991,128.173042475,37.915990000,128.173110000,37.916000085,128.173117098
452,452,826609503688,90.407,0.609750,37.918804000,128.178670000,1316.000000,53.866782,47.789216,-6.077566,-11.282586,1.361812,3.207211,1.211293,0.685375,2.233407,1.834322,3.207211,37.916310000,128.174000000,37.916310000,128.174000000,37.916264000,128.173970000,37.916266375,128.174006396,37.916332000,128.173930000,37.916325813,128.173941346,37.916350000,128.174000000,37.916353595,128.173993665,37.916280000,128.174040000,37.916294123,128.174058064
453,453,826609503892,90.611,0.609750,37.918835000,128.178600000,1315.000000,50.053914,43.377777,-6.676136,-13.337890,0.663654,2.248713,1.287239,0.611688,1.174303,1.330486,2.248713,37.916540000,128.174790000,37.916540000,128.174790000,37.916496000,128.174770000,37.916496591,128.174795595,37.916565000,128.174730000,37.916554765,128.174736821,37.916580000,128.174790000,37.916583287,128.174784419,37.916515000,128.174840000,37.916525283,128.174842981
454,454,826609504121,90.840,0.609750,37.918865000,128.178530000,1315.000000,44.285964,42.494931,-1.791033,-4.044245,0.472638,1.473331,1.677717,2.371196,1.590046,1.778072,2.371196,37.916570000,128.174880000,37.916570000,128.174880000,37.916527000,128.174870000,37.916527050,128.174886776,37.916595000,128.174840000,37.916583928,128.174827038,37.916610000,128.174900000,37.916612833,128.174873239,37.916542000,128.174930000,37.916556115,128.174932772
455,455,826609504284,91.003,0.609750,37.918896000,128.178470000,1314.000000,39.788933,42.127939,2.339006,5.878534,0.710784,2.430061,1.554846,1.670257,2.817704,2.118217,2.817704,37.916573000,128.174900000,37.916573000,128.174900000,37.916530000,128.174880000,37.916530294,128.174907668,37.916600000,128.174850000,37.916586233,128.174847011,37.916610000,128.174910000,37.916615589,128.174892350,37.916542000,128.174930000,37.916559808,128.174952801
456,456,826609504487,91.206,0.609750,37.918930000,128.178390000,1314.000000,39.788933,41.875215,2.086282,5.243373,0.710859,2.516492,1.637513,1.742101,2.882720,2.194706,2.882720,37.916573000,128.174900000,37.916573000,128.174900000,37.916530000,128.174880000,37.916530503,128.174908648,37.916600000,128.174850000,37.916585494,128.174846903,37.916610000,128.174910000,37.916615381,128.174891372,37.916542000,128.174930000,37.916560544,128.174952912
457,457,826609504690,91.409,0.609750,37.918960000,128.178330000,1314.000000,42.966182,41.720905,-1.245277,-2.898272,0.601766,2.585929,1.159531,1.801208,2.418190,1.991215,2.585929,37.916573000,128.174900000,37.916573000,128.174900000,37.916530000,128.174880000,37.916530660,128.174909434,37.916595000,128.174850000,37.916584895,128.174846796,37.916610000,128.174910000,37.916615224,128.174890588,37.916542000,128.174940000,37.916561141,128.174953021
458,458,826609504893,91.612,0.609750,37.918995000,128.178250000,1313.000000,42.966182,41.420593,-1.545589,-3.597222,0.601796,2.673030,1.245389,1.873782,2.497372,2.072393,2.673030,37.916573000,128.174900000,37.916573000,128.174900000,37.916530000,128.174880000,37.916530927,128.174910415,37.916595000,128.174850000,37.916584112,128.174846741,37.916610000,128.174910000,37.916614957,128.174889610,37.916542000,128.174940000,37.916561921,128.174953078
459,459,826609505080,91.799,0.609750,37.919030000,128.178190000,1313.000000,42.966184,41.330714,-1.635470,-3.806412,0.443241,2.755828,1.648903,1.877729,2.277320,2.139945,2.755828,37.916570000,128.174900000,37.916570000,128.174900000,37.916530000,128.174880000,37.916528090,128.174911287,37.916595000,128.174850000,37.916580433,128.174846597,37.916610000,128.174910000,37.916611794,128.174888740,37.916542000,128.174940000,37.916559597,128.174953224
460,460,826609505284,92.003,0.609750,37.919060000,128.178130000,1313.000000,44.285964,41.204753,-3.081211,-6.957533,0.465865,2.820601,1.717846,1.944695,2.340490,2.205908,2.820601,37.916570000,128.174900000,37.916570000,128.174900000,37.916527000,128.174880000,37.916528268,128.174912077,37.916595000,128.174850000,37.916579817,128.174846505,37.916610000,128.174910000,37.916611616,128.174887951,37.916542000,128.174940000,37.916560212,128.174953318
461,461,826609505488,92.207,0.609750,37.919098000,128.178050000,1312.000000,41.841918,40.975043,-0.866876,-2.071788,0.670739,1.124909,1.938168,2.878090,2.002823,1.985998,2.878090,37.916584000,128.174880000,37.916584000,128.174880000,37.916542000,128.174880000,37.916542503,128.174892793,37.916607000,128.174840000,37.916593227,128.174826499,37.916626000,128.174900000,37.916625382,128.174867237,37.916557000,128.174930000,37.916574799,128.174933325
462,462,826609505691,92.410,0.609750,37.919130000,128.178000000,1312.000000,38.664677,40.913279,2.248602,5.815649,0.192280,1.228760,1.329722,2.093235,2.103069,1.688697,2.103069,37.916570000,128.174900000,37.916570000,128.174900000,37.916527000,128.174900000,37.916528713,128.174913822,37.916590000,128.174850000,37.916578407,128.174846348,37.916610000,128.174910000,37.916611171,128.174886211,37.916546000,128.174940000,37.916561616,128.174953478
463,463,826609505879,92.598,0.609750,37.919163000,128.177930000,1312.000000,38.566916,40.785844,2.218928,5.753449,0.247875,1.311329,1.193667,2.170867,2.173200,1.712266,2.173200,37.916570000,128.174900000,37.916570000,128.174900000,37.916527000,128.174900000,37.916528949,128.174914726,37.916588000,128.174850000,37.916577688,128.174846274,37.916610000,128.174910000,37.916610936,128.174885309,37.916546000,128.174940000,37.916562333,128.174953554
464,464,826609506082,92.801,0.609750,37.919205000,128.177860000,1311.000000,36.513924,40.648662,4.134738,11.323729,0.329133,1.400274,1.282298,1.376812,2.252111,1.577874,2.252111,37.916570000,128.174900000,37.916570000,128.174900000,37.916527000,128.174900000,37.916529225,128.174915693,37.916588000,128.174850000,37.916576875,128.174846213,37.916610000,128.174900000,37.916610660,128.174884345,37.916546000,128.174940000,37.916563144,128.174953616
465,465,826609506285,93.004,0.609750,37.919240000,128.177800000,1311.000000,36.513924,40.601754,4.087830,11.195265,0.329140,1.476741,0.932924,1.448963,1.953214,1.452961,1.953214,37.916570000,128.174900000,37.916570000,128.174900000,37.916527000,128.174900000,37.916529435,128.174916530,37.916584000,128.174850000,37.916576195,128.174846129,37.916610000,128.174900000,37.916610449,128.174883511,37.916550000,128.174940000,37.916563821,128.174953701
466,466,826609506488,93.207,0.609750,37.919273000,128.177730000,1311.000000,34.851978,40.506908,5.654930,16.225563,0.247676,0.718213,1.010886,1.527088,2.020635,1.319205,2.020635,37.916570000,128.174900000,37.916570000,128.174900000,37.916527000,128.174910000,37.916529696,128.174917430,37.916584000,128.174850000,37.916575462,128.174846081,37.916610000,128.174900000,37.916610189,128.174882613,37.916550000,128.174940000,37.916564553,128.174953752
467,467,826609506691,93.410,0.609750,37.919310000,128.177660000,1310.000000,41.548642,40.371451,-1.177191,-2.833284,0.625188,0.804962,0.685169,1.638256,1.792702,1.230272,1.792702,37.916570000,128.174900000,37.916570000,128.174900000,37.916527000,128.174910000,37.916530002,128.174918339,37.916580000,128.174850000,37.916574680,128.174846077,37.916607000,128.174900000,37.916609883,128.174881707,37.916550000,128.174960000,37.916565333,128.174953757
468,468,826609506879,93.598,0.609750,37.919350000,128.177600000,1310.000000,41.695284,40.387718,-1.307566,-3.136005,0.569067,0.885190,0.759518,1.708590,1.550994,1.226073,1.708590,37.916570000,128.174900000,37.916570000,128.174900000,37.916527000,128.174910000,37.916530230,128.174919211,37.916580000,128.174850000,37.916573953,128.174845996,37.916607000,128.174900000,37.916609654,128.174880838,37.916553000,128.174960000,37.916566058,128.174953840
469,469,826609507084,93.803,0.609750,37.919390000,128.177540000,1310.000000,41.890807,40.378063,-1.512744,-3.611159,0.641595,1.813197,0.610399,0.926566,1.579599,1.232440,1.813197,37.916570000,128.174910000,37.916570000,128.174910000,37.916527000,128.174910000,37.916530507,128.174930162,37.916576000,128.174850000,37.916573155,128.174855942,37.916607000,128.174900000,37.916609377,128.174889889,37.916553000,128.174960000,37.916566853,128.174963895
470,470,826609507287,94.006,0.609750,37.919426000,128.177470000,1310.000000,41.890807,40.348063,-1.542744,-3.682774,0.641615,1.898487,0.657417,0.995305,1.663574,1.303696,1.898487,37.916570000,128.174910000,37.916570000,128.174910000,37.916527000,128.174910000,37.916530798,128.174931075,37.916576000,128.174850000,37.916572385,128.174855920,37.916607000,128.174900000,37.916609085,128.174888979,37.916553000,128.174960000,37.916567621,128.174963918
471,471,826609507490,94.209,0.609750,37.919464000,128.177410000,1309.000000,41.890810,40.335310,-1.555500,-3.713225,0.445325,1.927947,1.165758,1.101255,1.205654,1.350154,1.927947,37.916565000,128.174910000,37.916565000,128.174910000,37.916527000,128.174910000,37.916526084,128.174931922,37.916576000,128.174850000,37.916566625,128.174855915,37.916607000,128.174900000,37.916603799,128.174888135,37.916553000,128.174960000,37.916563379,128.174963923
472,472,826609507678,94.397,0.609750,37.919506000,128.177340000,1309.000000,38.518038,40.370837,1.852800,4.810213,0.003893,0.261261,0.953013,1.126384,0.872550,0.803302,1.126384,37.916565000,128.174910000,37.916565000,128.174910000,37.916527000,128.174930000,37.916526384,128.174932871,37.916573000,128.174850000,37.916565810,128.174855890,37.916603000,128.174900000,37.916603498,128.174887190,37.916557000,128.174960000,37.916564192,128.174963950
473,473,826609507881,94.600,0.609750,37.919544000,128.177280000,1309.000000,38.518038,40.425968,1.907930,4.953342,0.003900,0.326682,1.019706,1.197240,0.946415,0.872511,1.197240,37.916565000,128.174910000,37.916565000,128.174910000,37.916527000,128.174930000,37.916526646,128.174933693,37.916573000,128.174850000,37.916565097,128.174855870,37.916603000,128.174900000,37.916603236,128.174886370,37.916557000,128.174960000,37.916564904,128.174963971
474,474,826609508084,94.803,0.609750,37.919586000,128.177220000,1309.000000,38.957964,40.520474,1.562510,4.010759,0.080165,0.398697,0.811205,1.270952,1.024123,0.876244,1.270952,37.916565000,128.174910000,37.916565000,128.174910000,37.916527000,128.174930000,37.916526909,128.174934538,37.916570000,128.174850000,37.916564356,128.174855843,37.916603000,128.174900000,37.916602972,128.174885528,37.916557000,128.174960000,37.916565642,128.174963998
475,475,826609508288,95.007,0.609750,37.919624000,128.177150000,1309.000000,37.687065,40.561113,2.874048,7.626087,0.444447,0.477660,0.881847,0.409230,1.105694,0.718608,1.105694,37.916565000,128.174910000,37.916565000,128.174910000,37.916527000,128.174930000,37.916527232,128.174935431,37.916570000,128.174850000,37.916563572,128.174855868,37.916603000,128.174880000,37.916602649,128.174884639,37.916557000,128.174960000,37.916566425,128.174963975
476,476,826609508563,95.282,0.609750,37.919670000,128.177100000,1308.000000,37.687065,40.663502,2.976438,7.897770,0.444500,0.544382,0.945925,0.349401,1.178764,0.754618,1.178764,37.916565000,128.174910000,37.916565000,128.174910000,37.916527000,128.174930000,37.916527483,128.174936168,37.916570000,128.174850000,37.916562878,128.174855876,37.916603000,128.174880000,37.916602397,128.174883904,37.916557000,128.174960000,37.916567116,128.174963966
477,477,826609508680,95.399,0.609750,37.919710000,128.177030000,1308.000000,39.642295,40.741915,1.099620,2.773856,0.457876,0.626299,0.612418,0.284824,0.945402,0.617236,0.945402,37.916565000,128.174910000,37.916565000,128.174910000,37.916527000,128.174930000,37.916527813,128.174937057,37.916565000,128.174850000,37.916562086,128.174855915,37.916603000,128.174880000,37.916602066,128.174883020,37.916560000,128.174960000,37.916567907,128.174963929
478,478,826609508883,95.602,0.609750,37.919746000,128.176970000,1308.000000,38.029230,40.832396,2.803166,7.371083,0.489194,0.697755,0.658779,0.280358,1.015974,0.663216,1.015974,37.916565000,128.174910000,37.916565000,128.174910000,37.916527000,128.174930000,37.916528098,128.174937822,37.916565000,128.174850000,37.916561397,128.174855951,37.916600000,128.174880000,37.916601781,128.174882257,37.916560000,128.174960000,37.916568594,128.174963893
479,479,826609509086,95.805,0.609750,37.919790000,128.176900000,1308.000000,38.029230,40.965794,2.936564,7.721860,0.489249,0.782155,0.720440,0.200669,1.100258,0.700881,1.100258,37.916565000,128.174910000,37.916565000,128.174910000,37.916527000,128.174930000,37.916528432,128.174938719,37.916565000,128.174850000,37.916560583,128.174855996,37.916600000,128.174880000,37.916601446,128.174881364,37.916560000,128.174960000,37.916569406,128.174963849
480,480,826609509289,96.008,0.609750,37.919827000,128.176850000,1308.000000,36.904967,41.033876,4.128909,11.187949,0.458064,0.819342,0.766432,0.253965,0.945846,0.696396,0.945846,37.916576000,128.174910000,37.916576000,128.174910000,37.916540000,128.174930000,37.916539678,128.174939321,37.916576000,128.174850000,37.916571037,128.174856048,37.916610000,128.174880000,37.916612200,128.174880765,37.916573000,128.174960000,37.916580951,128.174963797
481,481,826609509492,96.211,0.609750,37.919872000,128.176770000,1308.000000,37.638178,41.169328,3.531150,9.381830,0.489360,0.903603,0.625911,0.201489,1.036236,0.691810,1.036236,37.916576000,128.174910000,37.916576000,128.174910000,37.916540000,128.174930000,37.916540075,128.174940289,37.916573000,128.174850000,37.916570148,128.174856142,37.916610000,128.174880000,37.916611803,128.174879801,37.916573000,128.174960000,37.916581838,128.174963704
482,482,826609509680,96.399,0.609750,37.919910000,128.176710000,1308.000000,41.402005,41.437614,0.035609,0.086009,0.235076,0.179832,0.915491,0.506030,0.804683,0.601509,0.915491,37.916560000,128.174910000,37.916560000,128.174910000,37.916523000,128.174940000,37.916524349,128.174941127,37.916560000,128.174850000,37.916553366,128.174856160,37.916600000,128.174880000,37.916595528,128.174878968,37.916560000,128.174960000,37.916566618,128.174963685
483,483,826609509883,96.602,0.609750,37.919950000,128.176670000,1308.000000,41.402005,41.666373,0.264368,0.638539,0.235153,0.226290,0.964738,0.536305,0.860297,0.646907,0.964738,37.916560000,128.174910000,37.916560000,128.174910000,37.916523000,128.174940000,37.916524523,128.174941706,37.916560000,128.174850000,37.916552823,128.174856157,37.916600000,128.174880000,37.916595353,128.174878391,37.916560000,128.174960000,37.916567160,128.174963688
484,484,826609510088,96.807,0.609750,37.919950000,128.176670000,1308.000000,41.402005,41.666373,0.264368,0.638539,0.235153,0.226290,0.964738,0.536305,0.860297,0.646907,0.964738,37.916560000,128.174910000,37.916560000,128.174910000,37.916523000,128.174940000,37.916524523,128.174941706,37.916560000,128.174850000,37.916552823,128.174856157,37.916600000,128.174880000,37.916595353,128.174878391,37.916560000,128.174960000,37.916567160,128.174963688
485,485,826609510348,97.067,0.609750,37.920033000,128.176530000,1307.000000,36.074002,41.945817,5.871815,16.277138,0.460425,0.383522,1.351460,0.284311,1.127521,0.786704,1.351460,37.916560000,128.174910000,37.916560000,128.174910000,37.916523000,128.174940000,37.916525249,128.174943308,37.916557000,128.174870000,37.916551281,128.174856426,37.916595000,128.174880000,37.916594625,128.174876798,37.916560000,128.174970000,37.916568698,128.174963420
486,486,826609510479,97.198,0.609750,37.920070000,128.176470000,1307.000000,37.784822,42.022467,4.237645,11.215204,0.220890,0.380703,0.908668,0.337913,0.757346,0.596158,0.908668,37.916573000,128.174910000,37.916573000,128.174910000,37.916540000,128.174940000,37.916538568,128.174943937,37.916570000,128.174850000,37.916563687,128.174856560,37.916607000,128.174880000,37.916607307,128.174876172,37.916576000,128.174960000,37.916582290,128.174963287
487,487,826609510682,97.401,0.609750,37.920070000,128.176470000,1307.000000,37.784822,42.022467,4.237645,11.215204,0.220890,0.380703,0.908668,0.337913,0.757346,0.596158,0.908668,37.916573000,128.174910000,37.916573000,128.174910000,37.916540000,128.174940000,37.916538568,128.174943937,37.916570000,128.174850000,37.916563687,128.174856560,37.916607000,128.174880000,37.916607307,128.174876172,37.916576000,128.174960000,37.916582290,128.174963287
488,488,826609510885,97.604,0.609750,37.920113000,128.176400000,1307.000000,36.074002,42.349588,6.275586,17.396423,0.460213,0.530930,1.417159,0.427503,1.275250,0.912710,1.417159,37.916560000,128.174910000,37.916560000,128.174910000,37.916523000,128.174940000,37.916525892,128.174944807,37.916557000,128.174870000,37.916549853,128.174856646,37.916595000,128.174880000,37.916593981,128.174875307,37.916560000,128.174970000,37.916570122,128.174963200
489,489,826609511088,97.807,0.609750,37.920155000,128.176350000,1307.000000,38.713563,42.618935,3.905372,10.087865,0.452750,0.590048,1.240322,0.487040,0.876564,0.798494,1.240322,37.916560000,128.174910000,37.916560000,128.174910000,37.916523000,128.174940000,37.916526117,128.174945434,37.916553000,128.174870000,37.916549250,128.174856701,37.916595000,128.174880000,37.916593755,128.174874683,37.916565000,128.174970000,37.916570724,128.174963145
490,490,826609511292,98.011,0.609750,37.920193000,128.176280000,1307.000000,38.713563,42.819993,4.106429,10.607211,0.452641,0.666822,1.257450,0.561694,0.945637,0.857901,1.257450,37.916560000,128.174910000,37.916560000,128.174910000,37.916523000,128.174940000,37.916526472,128.174946187,37.916553000,128.174870000,37.916548523,128.174856854,37.916595000,128.174880000,37.916593400,128.174873934,37.916565000,128.174970000,37.916571449,128.174962992
491,491,826609511480,98.199,0.609750,37.920273000,128.176160000,1307.000000,38.713563,43.333221,4.619658,11.932919,0.452445,0.800151,1.304289,0.693620,1.072013,0.967518,1.304289,37.916560000,128.174910000,37.916560000,128.174910000,37.916523000,128.174940000,37.916527045,128.174947531,37.916553000,128.174870000,37.916547215,128.174857085,37.916595000,128.174880000,37.916592826,128.174872598,37.916565000,128.174970000,37.916572754,128.174962761
492,492,826609511684,98.403,0.609750,37.920320000,128.176100000,1307.000000,36.269525,43.673019,7.403494,20.412438,0.503679,0.867263,1.335936,0.765477,1.138558,1.026809,1.335936,37.916560000,128.174910000,37.916560000,128.174910000,37.916523000,128.174940000,37.916527312,128.174948225,37.916553000,128.174870000,37.916546535,128.174857184,37.916590000,128.174880000,37.916592558,128.174871909,37.916565000,128.174970000,37.916573431,128.174962661
493,493,826609511887,98.606,0.609750,37.920320000,128.176100000,1307.000000,36.269525,43.673019,7.403494,20.412438,0.503679,0.867263,1.335936,0.765477,1.138558,1.026809,1.335936,37.916560000,128.174910000,37.916560000,128.174910000,37.916523000,128.174940000,37.916527312,128.174948225,37.916553000,128.174870000,37.916546535,128.174857184,37.916590000,128.174880000,37.916592558,128.174871909,37.916565000,128.174970000,37.916573431,128.174962661
494,494,826609512090,98.809,0.609750,37.920395000,128.175980000,1307.000000,38.029227,44.113187,6.083959,15.998114,0.642279,1.209736,1.215512,0.845857,1.458666,1.182443,1.458666,37.916570000,128.174910000,37.916570000,128.174910000,37.916530000,128.174940000,37.916537909,128.174949447,37.916560000,128.174870000,37.916555330,128.174857489,37.916600000,128.174880000,37.916601961,128.174870695,37.916573000,128.174970000,37.916584633,128.174962356
495,495,826609512278,98.997,0.609750,37.920437000,128.175920000,1307.000000,38.615803,44.557509,5.941706,15.386721,0.878420,0.897606,1.434123,0.889623,1.061313,1.070666,1.434123,37.916557000,128.174910000,37.916557000,128.174910000,37.916523000,128.174960000,37.916525144,128.174950147,37.916550000,128.174870000,37.916541636,128.174857579,37.916590000,128.174880000,37.916588724,128.174870000,37.916565000,128.174970000,37.916572325,128.174962265
496,496,826609512481,99.200,0.609750,37.920475000,128.175860000,1307.000000,38.615803,44.854970,6.239167,16.157029,0.878335,0.854807,1.469906,0.947815,1.122306,1.098708,1.469906,37.916557000,128.174910000,37.916557000,128.174910000,37.916523000,128.174960000,37.916525421,128.174950763,37.916550000,128.174870000,37.916541024,128.174857725,37.916590000,128.174880000,37.916588447,128.174869388,37.916565000,128.174970000,37.916572936,128.174962119
497,497,826609512684,99.403,0.609750,37.920517000,128.175780000,1307.000000,38.615803,45.179475,6.563672,16.997373,0.878221,0.806764,1.515315,1.022214,1.202700,1.136748,1.515315,37.916557000,128.174910000,37.916557000,128.174910000,37.916523000,128.174960000,37.916525811,128.174951533,37.916550000,128.174870000,37.916540253,128.174857955,37.916590000,128.174880000,37.916588056,128.174868624,37.916565000,128.174970000,37.916573705,128.174961888
498,498,826609512887,99.606,0.609750,37.920555000,128.175720000,1307.000000,40.179988,45.489850,5.309863,13.215192,0.884739,1.135612,1.020594,0.739780,1.467006,1.090748,1.467006,37.916557000,128.174930000,37.916557000,128.174930000,37.916523000,128.174960000,37.916526205,128.174972276,37.916546000,128.174870000,37.916539505,128.174878202,37.916590000,128.174880000,37.916587662,128.174887885,37.916565000,128.174970000,37.916574451,128.174981642
499,499,826609513092,99.811,0.609750,37.920593000,128.175660000,1307.000000,40.179988,45.824044,5.644056,14.046934,0.884817,1.194290,1.077951,0.703518,1.505732,1.120373,1.505732,37.916557000,128.174930000,37.916557000,128.174930000,37.916523000,128.174960000,37.916526472,128.174972868,37.916546000,128.174870000,37.916538910,128.174878360,37.916590000,128.174880000,37.916587395,128.174887299,37.916565000,128.174970000,37.916575044,128.174981483
500,500,826609513280,99.999,0.609750,37.920635000,128.175600000,1307.000000,39.202372,46.211515,7.009142,17.879383,0.893288,1.253359,1.136710,0.596148,1.548081,1.133575,1.548081,37.916557000,128.174930000,37.916557000,128.174930000,37.916523000,128.174960000,37.916526721,128.174973470,37.916546000,128.174870000,37.916538303,128.174878505,37.916588000,128.174880000,37.916587145,128.174886701,37.916565000,128.174970000,37.916575649,128.174981337
501,501,826609513483,100.202,0.609750,37.920673000,128.175540000,1307.000000,39.593414,46.492399,6.898984,17.424576,0.911503,0.764664,1.276239,1.203355,1.451337,1.173899,1.451337,37.916565000,128.174910000,37.916565000,128.174910000,37.916530000,128.174960000,37.916534883,128.174953876,37.916553000,128.174870000,37.916545893,128.174858597,37.916595000,128.174880000,37.916594982,128.174866298,37.916573000,128.174970000,37.916584058,128.174961245
502,502,826609513690,100.409,0.609750,37.920715000,128.175460000,1307.000000,40.668795,46.966101,6.297306,15.484368,0.912281,1.533684,1.273406,0.502932,1.641454,1.237869,1.641454,37.916557000,128.174930000,37.916557000,128.174930000,37.916520000,128.174960000,37.916527349,128.174974772,37.916546000,128.174870000,37.916536981,128.174878920,37.916588000,128.174880000,37.916586516,128.174885409,37.916565000,128.174970000,37.916576967,128.174980921
503,503,826609513889,100.608,0.609750,37.920750000,128.175400000,1307.000000,42.232980,47.314284,5.081304,12.031603,0.948347,1.590149,1.012105,0.469064,1.683554,1.188718,1.683554,37.916557000,128.174930000,37.916557000,128.174930000,37.916520000,128.174960000,37.916527609,128.174975324,37.916542000,128.174870000,37.916536420,128.174879099,37.916588000,128.174880000,37.916586255,128.174884862,37.916565000,128.174970000,37.916577526,128.174980742
504,504,826609514092,100.811,0.609750,37.920788000,128.175340000,1307.000000,42.232980,47.706269,5.473289,12.959751,0.948403,1.646272,1.063472,0.438391,1.728143,1.219070,1.728143,37.916557000,128.174930000,37.916557000,128.174930000,37.916520000,128.174960000,37.916527855,128.174975883,37.916542000,128.174870000,37.916535851,128.174879268,37.916588000,128.174880000,37.916586009,128.174884307,37.916565000,128.174970000,37.916578093,128.174980572
505,505,826609514280,100.999,0.609750,37.920830000,128.175280000,1307.000000,42.232982,48.197077,5.964094,14.121888,0.883448,1.515461,1.453567,0.763929,1.414698,1.286914,1.515461,37.916553000,128.174930000,37.916553000,128.174930000,37.916520000,128.174960000,37.916524064,128.174976470,37.916542000,128.174870000,37.916531257,128.174879409,37.916588000,128.174880000,37.916581799,128.174883726,37.916565000,128.174970000,37.916574685,128.174980430
506,506,826609514484,101.203,0.609750,37.920864000,128.175220000,1307.000000,42.232982,48.567070,6.334088,14.997965,0.883543,1.568465,1.512845,0.771263,1.450943,1.325879,1.568465,37.916553000,128.174930000,37.916553000,128.174930000,37.916520000,128.174960000,37.916524315,128.174977002,37.916542000,128.174870000,37.916530713,128.174879595,37.916588000,128.174880000,37.916581547,128.174883198,37.916565000,128.174970000,37.916575227,128.174980243
507,507,826609514688,101.407,0.609750,37.920902000,128.175160000,1307.000000,43.357240,48.993626,5.636387,12.999874,0.665573,0.833813,1.572727,0.779830,1.490660,1.169257,1.572727,37.916553000,128.174930000,37.916553000,128.174930000,37.916520000,128.174970000,37.916524546,128.174977546,37.916542000,128.174870000,37.916530158,128.174879768,37.916588000,128.174880000,37.916581316,128.174882659,37.916565000,128.174970000,37.916575780,128.174980070
508,508,826609514891,101.610,0.609750,37.920940000,128.175080000,1307.000000,43.357240,49.431996,6.074757,14.010940,0.665699,0.904211,1.650351,0.802832,1.538560,1.223989,1.650351,37.916553000,128.174930000,37.916553000,128.174930000,37.916520000,128.174970000,37.916524899,128.174978213,37.916542000,128.174870000,37.916529473,128.174880050,37.916588000,128.174880000,37.916580962,128.174881998,37.916565000,128.174970000,37.916576463,128.174979787
509,509,826609515079,101.798,0.609750,37.920980000,128.175020000,1307.000000,44.237094,49.907439,5.670346,12.818080,0.660649,0.956528,1.525226,0.817209,1.581881,1.220211,1.581881,37.916553000,128.174930000,37.916553000,128.174930000,37.916520000,128.174970000,37.916525111,128.174978756,37.916540000,128.174870000,37.916528920,128.174880216,37.916588000,128.174880000,37.916580750,128.174881460,37.916565000,128.174970000,37.916577014,128.174979620
510,510,826609515282,102.001,0.609750,37.921017000,128.174940000,1307.000000,42.281863,50.364534,8.082671,19.116167,0.664476,1.025377,1.600759,0.406745,1.632315,1.166299,1.632315,37.916553000,128.174930000,37.916553000,128.174930000,37.916520000,128.174970000,37.916525457,128.174979406,37.916540000,128.174870000,37.916528249,128.174880506,37.916584000,128.174880000,37.916580403,128.174880816,37.916565000,128.174970000,37.916577682,128.174979329
511,511,826609515485,102.204,0.609750,37.921050000,128.174880000,1307.000000,39.153494,50.781619,11.628126,29.698820,0.447247,1.076470,1.367190,0.427183,1.673891,1.136184,1.673891,37.916553000,128.174930000,37.916553000,128.174930000,37.916520000,128.174970000,37.916525690,128.174979911,37.916540000,128.174880000,37.916527731,128.174880703,37.916584000,128.174880000,37.916580171,128.174880315,37.916565000,128.174970000,37.916578199,128.174979132
512,512,826609515688,102.407,0.609750,37.921085000,128.174820000,1307.000000,45.410232,51.233696,5.823464,12.824123,0.077587,1.127069,1.426056,0.451004,1.809792,1.203480,1.809792,37.916553000,128.174930000,37.916553000,128.174930000,37.916520000,128.174970000,37.916525908,128.174980422,37.916540000,128.174880000,37.916527209,128.174880892,37.916584000,128.174880000,37.916579951,128.174879810,37.916565000,128.174990000,37.916578719,128.174978942
513,513,826609515891,102.610,0.609750,37.921127000,128.174740000,1307.000000,45.410232,51.796016,6.385785,14.062435,0.077504,1.193812,1.502400,0.490441,1.885841,1.268124,1.885841,37.916553000,128.174930000,37.916553000,128.174930000,37.916520000,128.174970000,37.916526215,128.174981078,37.916540000,128.174880000,37.916526535,128.174881165,37.916584000,128.174880000,37.916579644,128.174879160,37.916565000,128.174990000,37.916579390,128.174978668
514,514,826609516080,102.799,0.609750,37.921158000,128.174680000,1307.000000,45.410232,52.223595,6.813363,15.004026,0.077443,1.243344,1.559219,0.523260,1.942605,1.317107,1.942605,37.916553000,128.174930000,37.916553000,128.174930000,37.916520000,128.174970000,37.916526442,128.174981565,37.916540000,128.174880000,37.916526035,128.174881373,37.916584000,128.174880000,37.916579417,128.174878678,37.916565000,128.174990000,37.916579888,128.174978460
515,515,826609516283,103.002,0.609750,37.921192000,128.174620000,1307.000000,50.738235,52.699360,1.961124,3.865181,0.383486,1.674604,0.953101,0.556768,1.999599,1.296018,1.999599,37.916553000,128.174930000,37.916553000,128.174930000,37.916515000,128.174970000,37.916526651,128.174982062,37.916534000,128.174880000,37.916525528,128.174881567,37.916584000,128.174880000,37.916579208,128.174878186,37.916565000,128.174990000,37.916580393,128.174978264
516,516,826609516486,103.205,0.609750,37.921230000,128.174550000,1307.000000,50.738235,53.247220,2.508985,4.944959,0.383405,1.727580,1.020255,0.598519,2.065617,1.352993,2.065617,37.916553000,128.174930000,37.916553000,128.174930000,37.916515000,128.174970000,37.916526897,128.174982632,37.916534000,128.174880000,37.916524946,128.174881802,37.916584000,128.174880000,37.916578961,128.174877622,37.916565000,128.174990000,37.916580973,128.174978029
517,517,826609516690,103.409,0.609750,37.921265000,128.174480000,1307.000000,50.738235,53.771126,3.032891,5.977525,0.383330,1.780697,1.086122,0.642929,2.130952,1.410175,2.130952,37.916553000,128.174930000,37.916553000,128.174930000,37.916515000,128.174970000,37.916527152,128.174983186,37.916534000,128.174880000,37.916524378,128.174882051,37.916584000,128.174880000,37.916578706,128.174877074,37.916565000,128.174990000,37.916581538,128.174977779
518,518,826609516893,103.612,0.609750,37.921303000,128.174410000,1307.000000,50.738238,54.385731,3.647493,7.188845,0.049319,1.596377,1.483489,0.996078,1.914290,1.497558,1.914290,37.916550000,128.174930000,37.916550000,128.174930000,37.916515000,128.174970000,37.916524370,128.174983761,37.916534000,128.174880000,37.916520795,128.174882273,37.916584000,128.174880000,37.916575488,128.174876505,37.916565000,128.174990000,37.916579119,128.174977556
519,519,826609517080,103.799,0.609750,37.921333000,128.174350000,1307.000000,50.738238,54.858864,4.120626,8.121343,0.049256,1.642890,1.539035,1.031326,1.968776,1.545507,1.968776,37.916550000,128.174930000,37.916550000,128.174930000,37.916515000,128.174970000,37.916524579,128.174984232,37.916534000,128.174880000,37.916520315,128.174882487,37.916584000,128.174880000,37.916575278,128.174876039,37.916565000,128.174990000,37.916579597,128.174977342
520,520,826609517284,104.003,0.609750,37.921364000,128.174270000,1307.000000,49.760615,55.258576,5.497961,11.048820,0.117836,1.571295,1.827424,1.191637,1.948557,1.634728,1.948557,37.916560000,128.174930000,37.916560000,128.174930000,37.916527000,128.174970000,37.916534956,128.174984779,37.916546000,128.174880000,37.916529739,128.174882856,37.916595000,128.174880000,37.916584902,128.174875497,37.916576000,128.174990000,37.916590170,128.174976973
521,521,826609517487,104.206,0.609750,37.921402000,128.174210000,1307.000000,54.844215,55.861304,1.017090,1.854507,0.493205,0.993738,1.884941,1.223173,1.659975,1.440457,1.884941,37.916560000,128.174930000,37.916560000,128.174930000,37.916527000,128.174990000,37.916535113,128.174985280,37.916546000,128.174880000,37.916529237,128.174883033,37.916595000,128.174880000,37.916584744,128.174875002,37.916580000,128.174990000,37.916590669,128.174976795
522,522,826609517691,104.410,0.609750,37.921432000,128.174130000,1307.000000,55.919599,56.534157,0.614558,1.099004,0.465067,1.209381,1.300794,1.167987,2.166423,1.461146,2.166423,37.916550000,128.174930000,37.916550000,128.174930000,37.916515000,128.174990000,37.916525371,128.174985897,37.916530000,128.174880000,37.916518612,128.174883321,37.916584000,128.174880000,37.916574486,128.174874393,37.916565000,128.174990000,37.916581291,128.174976505
523,523,826609517879,104.598,0.609750,37.921432000,128.174130000,1307.000000,55.919599,56.534157,0.614558,1.099004,0.465067,1.209381,1.300794,1.167987,2.166423,1.461146,2.166423,37.916550000,128.174930000,37.916550000,128.174930000,37.916515000,128.174990000,37.916525371,128.174985897,37.916530000,128.174880000,37.916518612,128.174883321,37.916584000,128.174880000,37.916574486,128.174874393,37.916565000,128.174990000,37.916581291,128.174976505
524,524,826609518133,104.852,0.609750,37.921497000,128.174000000,1307.000000,55.919599,57.704651,1.785052,3.192175,0.469996,1.352113,1.844771,1.149014,1.964775,1.577668,1.964775,37.916550000,128.174940000,37.916550000,128.174940000,37.916515000,128.174990000,37.916525835,128.174996958,37.916530000,128.174880000,37.916517535,128.174893843,37.916584000,128.174880000,37.916574021,128.174883343,37.916565000,128.174990000,37.916582363,128.174985982
525,525,826609518285,105.004,0.609750,37.921497000,128.174000000,1307.000000,55.919599,57.704651,1.785052,3.192175,0.469996,1.352113,1.844771,1.149014,1.964775,1.577668,1.964775,37.916550000,128.174940000,37.916550000,128.174940000,37.916515000,128.174990000,37.916525835,128.174996958,37.916530000,128.174880000,37.916517535,128.174893843,37.916584000,128.174880000,37.916574021,128.174883343,37.916565000,128.174990000,37.916582363,128.174985982
526,526,826609518488,105.207,0.609750,37.921528000,128.173930000,1307.000000,53.768845,58.286881,4.518036,8.402702,0.518656,1.396319,1.904639,0.734889,2.026585,1.515608,2.026585,37.916550000,128.174940000,37.916550000,128.174940000,37.916515000,128.174990000,37.916526069,128.174997479,37.916530000,128.174880000,37.916517007,128.174894111,37.916580000,128.174880000,37.916573787,128.174882828,37.916565000,128.174990000,37.916582888,128.174985713
527,527,826609518692,105.411,0.609750,37.921560000,128.173840000,1307.000000,54.844215,58.808248,3.964033,7.227806,0.498195,1.270412,2.529150,1.307765,1.559249,1.666644,2.529150,37.916560000,128.174940000,37.916560000,128.174940000,37.916527000,128.174990000,37.916536471,128.174998071,37.916546000,128.174880000,37.916526389,128.174894541,37.916595000,128.174880000,37.916583386,128.174882242,37.916580000,128.174990000,37.916593504,128.174985283
528,528,826609518879,105.598,0.609750,37.921590000,128.173780000,1307.000000,53.768845,59.518110,5.749265,10.692558,0.518789,1.492745,2.032803,0.764034,2.157056,1.611659,2.157056,37.916550000,128.174940000,37.916550000,128.174940000,37.916515000,128.174990000,37.916526579,128.174998572,37.916530000,128.174880000,37.916515900,128.174894709,37.916580000,128.174880000,37.916573276,128.174881748,37.916565000,128.174990000,37.916583990,128.174985114
529,529,826609519101,105.820,0.609750,37.921646000,128.173630000,1308.000000,53.768845,60.792065,7.023220,13.061876,0.518934,1.593308,2.159667,0.808971,2.285943,1.711972,2.285943,37.916550000,128.174940000,37.916550000,128.174940000,37.916515000,128.174990000,37.916527105,128.174999680,37.916530000,128.174880000,37.916514809,128.174895296,37.916580000,128.174880000,37.916572751,128.174880652,37.916565000,128.174990000,37.916585076,128.174984526
530,530,826609519306,106.025,0.609750,37.921646000,128.173630000,1308.000000,53.768845,60.792065,7.023220,13.061876,0.518934,1.593308,2.159667,0.808971,2.285943,1.711972,2.285943,37.916550000,128.174940000,37.916550000,128.174940000,37.916515000,128.174990000,37.916527105,128.174999680,37.916530000,128.174880000,37.916514809,128.174895296,37.916580000,128.174880000,37.916572751,128.174880652,37.916565000,128.174990000,37.916585076,128.174984526
531,531,826609519490,106.209,0.609750,37.921703000,128.173500000,1308.000000,56.457287,62.010597,5.553310,9.836303,0.603468,2.159709,2.270432,0.850434,2.398495,1.919767,2.398495,37.916550000,128.174940000,37.916550000,128.174940000,37.916510000,128.174990000,37.916527492,128.175000638,37.916530000,128.174880000,37.916513856,128.174895799,37.916580000,128.174880000,37.916572364,128.174879707,37.916565000,128.174990000,37.916586024,128.174984022
532,532,826609519693,106.412,0.609750,37.921730000,128.173420000,1308.000000,58.070356,62.722498,4.652142,8.011217,0.445486,1.819309,2.427752,1.325648,2.034765,1.901868,2.427752,37.916546000,128.174940000,37.916546000,128.174940000,37.916510000,128.174990000,37.916523745,128.175001207,37.916527000,128.174880000,37.916509288,128.174896130,37.916580000,128.174880000,37.916568111,128.174879145,37.916565000,128.174990000,37.916582588,128.174983690
533,533,826609519880,106.599,2.466468,37.921753000,128.173360000,1308.000000,1018.825982,953.418373,-65.407610,-6.419900,0.267880,6.141821,5.168388,5.473506,4.766537,5.387563,6.141821,37.916252000,128.173810000,37.916252000,128.173810000,37.916096000,128.174010000,37.916146659,128.174037705,37.916172000,128.173570000,37.916132535,128.173601000,37.916405000,128.173610000,37.916359646,128.173585929,37.916330000,128.174040000,37.916368503,128.174016255
534,534,826609520084,106.803,4.097963,37.921783000,128.173260000,1308.000000,3028.649936,3194.376618,165.726682,5.471966,1.531437,9.732370,10.504435,7.691718,14.295410,10.555983,14.295410,37.916610000,128.172700000,37.916610000,128.172700000,37.916240000,128.172970000,37.916314727,128.173027524,37.916510000,128.172300000,37.916417443,128.172323289,37.916927000,128.172440000,37.916871453,128.172387909,37.916668000,128.173080000,37.916795680,128.173062571
535,535,826609520287,107.006,4.097963,37.921806000,128.173200000,1308.000000,2941.347755,3173.609220,232.261465,7.896430,1.698587,9.387800,10.169145,7.684301,13.518293,10.189885,13.518293,37.916640000,128.172650000,37.916640000,128.172650000,37.916270000,128.172930000,37.916345499,128.172977627,37.916540000,128.172270000,37.916448714,128.172274365,37.916946000,128.172400000,37.916897826,128.172337331,37.916706000,128.173030000,37.916826585,128.173011802
536,536,826609520491,107.210,4.097963,37.921830000,128.173110000,1308.000000,2975.368526,3189.541811,214.173285,7.198210,1.624771,9.706109,10.228924,6.853234,13.521321,10.077397,13.521321,37.916645000,128.172620000,37.916645000,128.172620000,37.916275000,128.172900000,37.916352162,128.172951463,37.916540000,128.172230000,37.916448979,128.172245958,37.916950000,128.172350000,37.916900354,128.172303853,37.916714000,128.172990000,37.916835207,128.172979989
537,537,826609520679,107.398,4.097963,37.921852000,128.173050000,1308.000000,2997.608228,3171.181214,173.572986,5.790383,1.880998,10.341878,10.587816,5.421764,13.017326,9.842196,13.017326,37.916670000,128.172580000,37.916670000,128.172580000,37.916300000,128.172850000,37.916378840,128.172912294,37.916565000,128.172180000,37.916472281,128.172206874,37.916960000,128.172300000,37.916921214,128.172262659,37.916744000,128.172960000,37.916859749,128.172938928
538,538,826609520887,107.606,4.097963,37.921875000,128.172960000,1308.000000,2915.634917,3171.479247,255.844330,8.774910,1.918926,9.772982,10.602701,5.665390,12.864440,9.726378,12.864440,37.916680000,128.172530000,37.916680000,128.172530000,37.916310000,128.172820000,37.916390377,128.172864763,37.916573000,128.172150000,37.916477958,128.172157885,37.916960000,128.172260000,37.916927663,128.172210185,37.916756000,128.172910000,37.916870204,128.172887598
539,539,826609521085,107.804,4.097963,37.921894000,128.172880000,1308.000000,2982.014478,3169.600245,187.585767,6.290572,1.347742,9.607056,11.424430,6.100455,12.048912,9.795213,12.048912,37.916690000,128.172500000,37.916690000,128.172500000,37.916325000,128.172790000,37.916402680,128.172837662,37.916584000,128.172100000,37.916484052,128.172129530,37.916970000,128.172230000,37.916934149,128.172177462,37.916775000,128.172880000,37.916881546,128.172855838
540,540,826609521289,108.008,4.097963,37.921913000,128.172820000,1308.000000,2953.222957,3148.234584,195.011627,6.603349,1.954487,10.312105,10.394393,5.550146,11.695184,9.487957,11.695184,37.916710000,128.172450000,37.916710000,128.172450000,37.916340000,128.172740000,37.916424545,128.172787990,37.916595000,128.172070000,37.916501954,128.172079922,37.916977000,128.172180000,37.916950171,128.172126731,37.916798000,128.172840000,37.916899416,128.172805230
541,541,826609521492,108.211,4.097963,37.921932000,128.172730000,1308.000000,2917.197512,3142.042981,224.845469,7.707585,1.727023,9.841201,10.669044,4.829010,11.037350,9.094151,11.037350,37.916720000,128.172410000,37.916720000,128.172410000,37.916355000,128.172710000,37.916437330,128.172750825,37.916603000,128.172030000,37.916507596,128.172041593,37.916980000,128.172130000,37.916956165,128.172084057,37.916813000,128.172790000,37.916909918,128.172763484
542,542,826609521679,108.398,4.097963,37.921950000,128.172650000,1308.000000,2916.903713,3129.805885,212.902172,7.298910,1.937035,10.499625,10.026894,4.004565,10.765574,8.824165,10.765574,37.916733000,128.172380000,37.916733000,128.172380000,37.916370000,128.172670000,37.916454345,128.172723511,37.916607000,128.172000000,37.916517563,128.172013547,37.916985000,128.172090000,37.916965604,128.172051596,37.916830000,128.172760000,37.916924090,128.172731666
543,543,826609521883,108.602,2.741131,37.921967000,128.172580000,1308.000000,1439.049037,1626.804168,187.755131,13.047167,1.284125,4.307360,10.165211,7.191997,10.485692,8.037565,10.485692,37.916590000,128.173260000,37.916590000,128.173260000,37.916386000,128.173500000,37.916418834,128.173525952,37.916515000,128.173020000,37.916424859,128.173038508,37.916820000,128.173050000,37.916766708,128.173003704,37.916687000,128.173520000,37.916773290,128.173472123
544,544,826609522087,108.806,0.609750,37.921980000,128.172500000,1308.000000,76.303153,74.150789,-2.152365,-2.820807,0.383428,2.314604,3.201565,3.034956,2.289183,2.710077,3.201565,37.916286000,128.175030000,37.916286000,128.175030000,37.916245000,128.175100000,37.916265775,128.175098932,37.916270000,128.174970000,37.916245129,128.174988307,37.916336000,128.174960000,37.916308738,128.174960368,37.916310000,128.175080000,37.916329136,128.175070456
545,545,826609522291,109.010,0.609750,37.921993000,128.172420000,1308.000000,78.356153,74.837964,-3.518189,-4.489997,0.457915,2.346028,3.264670,3.063434,2.044407,2.679635,3.264670,37.916286000,128.175030000,37.916286000,128.175030000,37.916245000,128.175100000,37.916266070,128.175099430,37.916270000,128.174970000,37.916244649,128.174988690,37.916336000,128.174960000,37.916308481,128.174959826,37.916313000,128.175080000,37.916329602,128.175070048
546,546,826609522480,109.199,0.609750,37.922010000,128.172330000,1308.000000,78.356153,75.670702,-2.685451,-3.427237,0.456505,2.380023,3.335671,3.093879,2.114702,2.731069,3.335671,37.916286000,128.175030000,37.916286000,128.175030000,37.916245000,128.175100000,37.916266380,128.175100004,37.916270000,128.174970000,37.916244103,128.174989108,37.916336000,128.174960000,37.916308214,128.174959201,37.916313000,128.175080000,37.916330134,128.175069600
547,547,826609522681,109.400,0.609750,37.922016000,128.172260000,1308.000000,78.356153,76.209173,-2.146980,-2.740028,0.455638,2.412558,3.390700,3.123814,2.168214,2.773822,3.390700,37.916286000,128.175030000,37.916286000,128.175030000,37.916245000,128.175100000,37.916266670,128.175100413,37.916270000,128.174970000,37.916243700,128.174989476,37.916336000,128.174960000,37.916307956,128.174958752,37.916313000,128.175080000,37.916330519,128.175069212
548,548,826609522884,109.603,0.609750,37.922028000,128.172160000,1308.000000,78.356153,76.863777,-1.492376,-1.904606,0.828451,2.515740,3.098270,3.327053,2.680868,2.905483,3.327053,37.916286000,128.175020000,37.916286000,128.175020000,37.916245000,128.175100000,37.916266510,128.175091212,37.916270000,128.174970000,37.916243281,128.174979877,37.916336000,128.174960000,37.916307604,128.174948181,37.916313000,128.175080000,37.916330485,128.175059008
549,549,826609523087,109.806,0.609750,37.922030000,128.172090000,1308.000000,88.572238,76.942197,-11.630040,-13.130571,1.157398,3.512696,1.835427,3.116906,3.479411,2.986110,3.512696,37.916313000,128.175030000,37.916313000,128.175030000,37.916264000,128.175110000,37.916294775,128.175101159,37.916286000,128.174990000,37.916269520,128.174990666,37.916360000,128.174970000,37.916333639,128.174958037,37.916340000,128.175100000,37.916358487,128.175068054
550,550,826609523291,110.010,0.609750,37.922040000,128.172010000,1308.000000,83.146485,78.073245,-5.073240,-6.101569,0.845328,2.558262,2.891615,3.411656,2.491144,2.838169,3.411656,37.916286000,128.175020000,37.916286000,128.175020000,37.916245000,128.175100000,37.916267120,128.175092102,37.916267000,128.174970000,37.916242427,128.174980674,37.916336000,128.174960000,37.916307060,128.174947215,37.916317000,128.175080000,37.916331300,128.175058181
551,551,826609523479,110.198,0.609750,37.922043000,128.171940000,1308.000000,84.661795,78.611294,-6.050501,-7.146672,0.779980,2.048003,3.338235,3.452862,2.544596,2.845924,3.452862,37.916286000,128.175020000,37.916286000,128.175020000,37.916250000,128.175100000,37.916267421,128.175092504,37.916267000,128.174960000,37.916242037,128.174981064,37.916336000,128.174960000,37.916306790,128.174946776,37.916317000,128.175080000,37.916331670,128.175057779
552,552,826609523683,110.402,0.609750,37.922043000,128.171860000,1308.000000,94.731234,78.748975,-15.982259,-16.871161,0.930461,3.268060,1.652603,3.047285,3.405882,2.843457,3.405882,37.916313000,128.175030000,37.916313000,128.175030000,37.916267000,128.175110000,37.916295749,128.175102463,37.916283000,128.174990000,37.916268234,128.174991943,37.916360000,128.174960000,37.916332757,128.174956605,37.916344000,128.175100000,37.916359713,128.175066723
553,553,826609523886,110.605,0.609750,37.922047000,128.171780000,1308.000000,89.549889,79.835530,-9.714359,-10.847986,0.587773,2.098692,3.464205,2.921224,2.464305,2.737107,3.464205,37.916286000,128.175020000,37.916286000,128.175020000,37.916250000,128.175100000,37.916268122,128.175093410,37.916267000,128.174960000,37.916241157,128.174981975,37.916332000,128.174940000,37.916306158,128.174945783,37.916320000,128.175080000,37.916332502,128.175056843
554,554,826609524089,110.808,0.609750,37.922043000,128.171690000,1308.000000,91.896174,80.441922,-11.454252,-12.464340,0.504544,2.134544,3.263872,2.957459,2.533131,2.722252,3.263872,37.916286000,128.175020000,37.916286000,128.175020000,37.916250000,128.175100000,37.916268558,128.175093885,37.916264000,128.174960000,37.916240681,128.174982528,37.916332000,128.174940000,37.916305758,128.174945256,37.916320000,128.175080000,37.916332945,128.175056278
555,555,826609524292,111.011,0.609750,37.922040000,128.171620000,1308.000000,83.879700,80.928727,-2.950973,-3.518101,0.637864,2.162990,3.319582,2.985931,1.523878,2.498095,3.319582,37.916286000,128.175020000,37.916286000,128.175020000,37.916250000,128.175100000,37.916268895,128.175094257,37.916264000,128.174960000,37.916240311,128.174982960,37.916332000,128.174940000,37.916305451,128.174944844,37.916320000,128.175060000,37.916333290,128.175055839
556,556,826609524486,111.205,0.609750,37.922040000,128.171620000,1308.000000,83.879700,80.928727,-2.950973,-3.518101,0.637864,2.162990,3.319582,2.985931,1.523878,2.498095,3.319582,37.916286000,128.175020000,37.916286000,128.175020000,37.916250000,128.175100000,37.916268895,128.175094257,37.916264000,128.174960000,37.916240311,128.174982960,37.916332000,128.174940000,37.916305451,128.174944844,37.916320000,128.175060000,37.916333290,128.175055839
557,557,826609524683,111.402,0.609750,37.922035000,128.171520000,1308.000000,87.790175,81.631878,-6.158297,-7.014791,0.751480,2.205231,3.399287,3.027840,1.063994,2.424088,3.399287,37.916286000,128.175020000,37.916286000,128.175020000,37.916250000,128.175100000,37.916269378,128.175094784,37.916264000,128.174960000,37.916239786,128.174983584,37.916332000,128.174940000,37.916305009,128.174944257,37.916325000,128.175060000,37.916333778,128.175055205
558,558,826609524892,111.611,0.609750,37.922020000,128.171370000,1307.000000,88.718880,82.085956,-6.632924,-7.476339,0.498864,3.160256,1.654357,2.771835,1.975436,2.390471,3.160256,37.916313000,128.175030000,37.916313000,128.175030000,37.916270000,128.175110000,37.916298108,128.175104945,37.916280000,128.174990000,37.916265684,128.174995054,37.916355000,128.174960000,37.916330582,128.174953821,37.916350000,128.175080000,37.916362089,128.175063533
559,559,826609525091,111.810,0.609750,37.922020000,128.171370000,1307.000000,88.718880,82.085956,-6.632924,-7.476339,0.498864,3.160256,1.654357,2.771835,1.975436,2.390471,3.160256,37.916313000,128.175030000,37.916313000,128.175030000,37.916270000,128.175110000,37.916298108,128.175104945,37.916280000,128.174990000,37.916265684,128.174995054,37.916355000,128.174960000,37.916330582,128.174953821,37.916350000,128.175080000,37.916362089,128.175063533
560,560,826609525279,111.998,0.609750,37.922010000,128.171280000,1307.000000,92.873793,83.137400,-9.736393,-10.483467,0.773665,2.101079,3.253363,2.919035,0.783712,2.264297,3.253363,37.916286000,128.175020000,37.916286000,128.175020000,37.916252000,128.175100000,37.916270602,128.175095949,37.916260000,128.174960000,37.916238586,128.174985210,37.916330000,128.174940000,37.916303881,128.174942942,37.916330000,128.175060000,37.916334878,128.175053565
561,561,826609525482,112.201,0.609750,37.921997000,128.171200000,1307.000000,92.873793,83.605523,-9.268271,-9.979425,0.773250,2.144873,3.318939,2.962167,0.846771,2.318188,3.318939,37.916286000,128.175020000,37.916286000,128.175020000,37.916252000,128.175100000,37.916271048,128.175096322,37.916260000,128.174960000,37.916238195,128.174985774,37.916330000,128.174940000,37.916303465,128.174942517,37.916330000,128.175060000,37.916335231,128.175053000
562,562,826609525685,112.404,0.609750,37.921980000,128.171130000,1307.000000,95.317805,83.454095,-11.863710,-12.446479,0.117080,2.744900,1.822428,2.554488,1.837080,2.239724,2.744900,37.916313000,128.175030000,37.916313000,128.175030000,37.916275000,128.175110000,37.916299457,128.175106021,37.916280000,128.174990000,37.916264524,128.174996768,37.916350000,128.174940000,37.916329311,128.174952583,37.916355000,128.175080000,37.916363140,128.175061803
563,563,826609525888,112.607,0.609750,37.921963000,128.171050000,1307.000000,96.882031,84.356330,-12.525700,-12.928817,0.842192,1.795942,3.134526,2.698270,0.832415,2.115288,3.134526,37.916286000,128.175020000,37.916286000,128.175020000,37.916256000,128.175100000,37.916271955,128.175096965,37.916256000,128.174960000,37.916237493,128.174986900,37.916325000,128.174930000,37.916302611,128.174941772,37.916332000,128.175060000,37.916335857,128.175051880
564,564,826609526112,112.831,0.609750,37.921947000,128.170970000,1307.000000,88.181223,84.817039,-3.364184,-3.815080,0.751162,1.842823,2.603823,2.220913,0.480762,1.787080,2.603823,37.916286000,128.175020000,37.916286000,128.175020000,37.916256000,128.175100000,37.916272419,128.175097322,37.916256000,128.174970000,37.916237113,128.174987491,37.916320000,128.174930000,37.916302175,128.174941359,37.916332000,128.175050000,37.916336197,128.175051292
565,565,826609526278,112.997,0.609750,37.921925000,128.170880000,1307.000000,100.205850,83.261939,-16.943911,-16.909104,1.174739,3.171509,0.187551,1.910530,1.910504,1.795023,3.171509,37.916348000,128.175000000,37.916348000,128.175000000,37.916313000,128.175100000,37.916335198,128.175077363,37.916300000,128.174970000,37.916298707,128.174968631,37.916378000,128.174930000,37.916361943,128.174922319,37.916390000,128.175050000,37.916397869,128.175030667
566,566,826609526482,113.201,0.609750,37.921900000,128.170820000,1306.000000,69.606254,80.424820,10.818567,15.542521,0.951289,1.388802,0.905106,1.387173,2.364350,1.511358,2.364350,37.916508000,128.174880000,37.916508000,128.174880000,37.916485000,128.174960000,37.916496957,128.174955486,37.916466000,128.174850000,37.916457886,128.174850655,37.916523000,128.174820000,37.916518952,128.174805061,37.916546000,128.174930000,37.916558803,128.174908519
567,567,826609526686,113.405,0.609750,37.921880000,128.170750000,1306.000000,63.936019,79.718519,15.782500,24.684834,0.064628,0.445428,1.608528,0.397909,1.441751,0.973404,1.608528,37.916580000,128.174840000,37.916580000,128.174840000,37.916570000,128.174910000,37.916569860,128.174915069,37.916540000,128.174800000,37.916529141,128.174812084,37.916590000,128.174770000,37.916590058,128.174765470,37.916622000,128.174880000,37.916630640,128.174867769
568,568,826609526889,113.608,0.609750,37.921852000,128.170670000,1306.000000,83.585923,82.899480,-0.686443,-0.821243,0.381661,0.959380,0.356941,1.090403,1.120415,0.881785,1.120415,37.916718000,128.174740000,37.916718000,128.174740000,37.916702000,128.174820000,37.916709160,128.174813919,37.916670000,128.174710000,37.916667804,128.174712961,37.916737000,128.174670000,37.916727779,128.174665811,37.916770000,128.174770000,37.916776382,128.174760135
569,569,826609527093,113.812,0.609750,37.921820000,128.170600000,1306.000000,78.111177,99.756415,21.645238,27.710808,0.525863,0.622161,2.201053,1.642690,1.819906,1.571453,2.201053,37.916824000,128.174680000,37.916824000,128.174680000,37.916810000,128.174760000,37.916813941,128.174754977,37.916775000,128.174650000,37.916759611,128.174665737,37.916836000,128.174620000,37.916838891,128.174601657,37.916878000,128.174710000,37.916888159,128.174693763
570,570,826609527280,113.999,0.609750,37.921790000,128.170530000,1306.000000,82.168129,98.579200,16.411071,19.972551,0.534510,0.708725,2.567934,0.341966,2.322655,1.485320,2.567934,37.916946000,128.174550000,37.916946000,128.174550000,37.916930000,128.174620000,37.916932009,128.174627658,37.916893000,128.174510000,37.916882909,128.174536294,37.916958000,128.174470000,37.916959944,128.174473016,37.916992000,128.174580000,37.917008384,128.174563625
571,571,826609527483,114.202,0.609750,37.921757000,128.170460000,1305.000000,113.793680,97.913222,-15.880458,-13.955483,1.582548,0.279710,2.213950,2.388661,1.982758,1.716270,2.388661,37.917034000,128.174450000,37.917034000,128.174450000,37.917020000,128.174530000,37.917020551,128.174526893,37.916985000,128.174420000,37.916970886,128.174437761,37.917065000,128.174360000,37.917046756,128.174374318,37.917114000,128.174450000,37.917098258,128.174460562
572,572,826609527686,114.405,0.609750,37.921680000,128.170320000,1305.000000,75.569031,89.911155,14.342124,18.978839,0.964390,0.681952,1.225411,1.308159,1.801850,1.254343,1.801850,37.917170000,128.174330000,37.917170000,128.174330000,37.917164000,128.174410000,37.917161480,128.174402922,37.917120000,128.174320000,37.917109032,128.174318805,37.917183000,128.174270000,37.917181194,128.174255281,37.917225000,128.174360000,37.917230684,128.174340789
573,573,826609527890,114.609,0.609750,37.921646000,128.170260000,1305.000000,86.029357,86.287596,0.258239,0.300176,0.635916,0.305384,1.463963,1.822684,0.868744,1.115194,1.822684,37.917230000,128.174220000,37.917230000,128.174220000,37.917220000,128.174290000,37.917220407,128.174293439,37.917183000,128.174200000,37.917171353,128.174207742,37.917248000,128.174130000,37.917239191,128.174147495,37.917286000,128.174240000,37.917289311,128.174231042
574,574,826609528078,114.797,0.609750,37.921604000,128.170200000,1305.000000,86.078155,85.141000,-0.937155,-1.088726,0.165487,0.985514,1.226034,0.997556,0.763582,0.993171,1.226034,37.917300000,128.174120000,37.917300000,128.174120000,37.917286000,128.174200000,37.917291965,128.174191708,37.917250000,128.174100000,37.917241492,128.174108865,37.917313000,128.174040000,37.917307689,128.174049149,37.917355000,128.174130000,37.917361603,128.174127647
575,575,826609528282,115.001,0.609750,37.921560000,128.170140000,1304.000000,88.962016,82.025210,-6.936806,-7.797492,0.246377,1.153146,0.837427,0.866439,0.997318,0.963583,1.153146,37.917362000,128.174010000,37.917362000,128.174010000,37.917350000,128.174090000,37.917356024,128.174079318,37.917310000,128.174000000,37.917302514,128.174000945,37.917370000,128.173930000,37.917369448,128.173939841,37.917420000,128.174030000,37.917421116,128.174018732
576,576,826609528485,115.204,0.609750,37.921516000,128.170070000,1304.000000,77.621774,80.060768,2.438994,3.142152,0.451211,0.855040,1.063231,0.926343,0.995608,0.960055,1.063231,37.917390000,128.173950000,37.917390000,128.173950000,37.917385000,128.174010000,37.917383888,128.174019634,37.917336000,128.173930000,37.917331743,128.173940838,37.917397000,128.173870000,37.917396494,128.173880529,37.917446000,128.173970000,37.917447850,128.173958908
577,577,826609528688,115.407,0.609750,37.921470000,128.170030000,1304.000000,73.857960,75.855264,1.997303,2.704249,0.571594,0.652219,0.979677,0.751294,0.797922,0.795278,0.979677,37.917427000,128.173830000,37.917427000,128.173830000,37.917427000,128.173900000,37.917421252,128.173898564,37.917374000,128.173830000,37.917370823,128.173819597,37.917430000,128.173770000,37.917432579,128.173762095,37.917490000,128.173840000,37.917482833,128.173840138
578,578,826609528891,115.610,0.609750,37.921417000,128.169970000,1304.000000,71.804980,73.725162,1.920182,2.674162,0.764731,0.872127,1.030969,0.578979,1.259951,0.935507,1.259951,37.917440000,128.173770000,37.917440000,128.173770000,37.917440000,128.173830000,37.917435157,128.173837807,37.917390000,128.173750000,37.917384696,128.173759623,37.917440000,128.173700000,37.917444704,128.173702813,37.917503000,128.173770000,37.917494976,128.173780119
579,579,826609529079,115.798,0.609750,37.921370000,128.169920000,1303.000000,77.230679,71.416084,-5.814595,-7.528867,0.508036,0.755927,0.486878,0.536622,1.358016,0.784361,1.358016,37.917440000,128.173700000,37.917440000,128.173700000,37.917442000,128.173770000,37.917435571,128.173767228,37.917390000,128.173690000,37.917385665,128.173689260,37.917440000,128.173630000,37.917443653,128.173633987,37.917503000,128.173700000,37.917494032,128.173710483
580,580,826609529282,116.001,0.609750,37.921314000,128.169860000,1303.000000,61.784558,69.387560,7.603002,12.305667,0.601098,0.981783,0.994040,0.478990,0.994471,0.862321,0.994471,37.917423000,128.173630000,37.917423000,128.173630000,37.917427000,128.173690000,37.917419642,128.173696164,37.917374000,128.173610000,37.917368994,128.173619373,37.917423000,128.173570000,37.917425247,128.173565349,37.917480000,128.173630000,37.917476605,128.173640474
581,581,826609529486,116.205,0.609750,37.921260000,128.169830000,1303.000000,58.069674,68.070249,10.000575,17.221683,0.474075,0.498896,0.933922,0.957832,0.975877,0.841631,0.975877,37.917410000,128.173600000,37.917410000,128.173600000,37.917410000,128.173660000,37.917407900,128.173665019,37.917360000,128.173580000,37.917356312,128.173589552,37.917404000,128.173540000,37.917411879,128.173535616,37.917460000,128.173600000,37.917463292,128.173610299
582,582,826609529765,116.484,0.609750,37.921210000,128.169780000,1303.000000,58.754021,67.819696,9.065676,15.429882,0.451401,0.856836,0.877572,0.935689,0.953736,0.905958,0.953736,37.917380000,128.173570000,37.917380000,128.173570000,37.917385000,128.173630000,37.917378324,128.173634857,37.917328000,128.173550000,37.917326399,128.173559785,37.917374000,128.173510000,37.917381650,128.173505586,37.917430000,128.173570000,37.917433207,128.173580070
583,583,826609529878,116.597,0.609750,37.921150000,128.169740000,1302.000000,60.611505,67.807500,7.195995,11.872325,0.655894,1.046001,2.645418,1.656857,0.867598,1.553968,2.645418,37.917336000,128.173550000,37.917336000,128.173550000,37.917343000,128.173610000,37.917334451,128.173614944,37.917280000,128.173570000,37.917282454,128.173540038,37.917328000,128.173500000,37.917337525,128.173485503,37.917390000,128.173550000,37.917389153,128.173559821
584,584,826609530081,116.800,0.609750,37.921093000,128.169710000,1302.000000,69.116739,67.089123,-2.027616,-2.933611,0.305305,1.381428,2.100281,1.581877,0.974386,1.509493,2.100281,37.917260000,128.173540000,37.917260000,128.173540000,37.917270000,128.173600000,37.917258318,128.173605306,37.917200000,128.173550000,37.917207980,128.173528329,37.917248000,128.173480000,37.917261680,128.173475126,37.917316000,128.173540000,37.917312843,128.173550349
585,585,826609530284,117.003,0.609750,37.921036000,128.169680000,1302.000000,60.122822,66.945735,6.822913,11.348292,0.962335,3.262301,1.110031,1.333995,2.880319,2.146662,3.262301,37.917190000,128.173570000,37.917190000,128.173570000,37.917210000,128.173610000,37.917188710,128.173635527,37.917133000,128.173570000,37.917137578,128.173558771,37.917180000,128.173510000,37.917191289,128.173504904,37.917250000,128.173550000,37.917241985,128.173581185
586,586,826609530487,117.206,0.609750,37.920970000,128.169650000,1301.000000,69.507895,66.935726,-2.572169,-3.700542,0.887970,2.350706,2.820621,2.746650,2.015060,2.483259,2.820621,37.917140000,128.173580000,37.917140000,128.173580000,37.917160000,128.173650000,37.917139191,128.173645445,37.917080000,128.173600000,37.917087432,128.173569294,37.917126000,128.173540000,37.917140809,128.173514984,37.917200000,128.173570000,37.917192131,128.173590664
587,587,826609530681,117.400,0.609750,37.920914000,128.169620000,1301.000000,81.874706,70.017055,-11.857651,-14.482680,0.557277,3.094365,4.081242,2.524268,2.274529,2.993601,4.081242,37.917072000,128.173660000,37.917072000,128.173660000,37.917095000,128.173720000,37.917068275,128.173729694,37.917000000,128.173690000,37.917018849,128.173650139,37.917053000,128.173610000,37.917072135,128.173594576,37.917137000,128.173650000,37.917124286,128.173670275
588,588,826609530885,117.604,0.609750,37.920845000,128.169600000,1301.000000,83.194680,84.356971,1.162292,1.397075,1.439548,3.956619,1.269559,3.311230,5.526048,3.515864,5.526048,37.916893000,128.173800000,37.916893000,128.173800000,37.916912000,128.173840000,37.916887775,128.173872968,37.916832000,128.173810000,37.916833597,128.173795686,37.916870000,128.173740000,37.916898133,128.173727754,37.916977000,128.173750000,37.916951831,128.173804237
589,589,826609531090,117.809,0.609750,37.920784000,128.169590000,1300.000000,80.261930,87.605809,7.343879,9.149891,0.684526,4.049906,1.293403,3.739558,2.864312,2.986795,4.049906,37.916817000,128.173920000,37.916817000,128.173920000,37.916843000,128.173970000,37.916812043,128.173994226,37.916750000,128.173930000,37.916756182,128.173917530,37.916790000,128.173860000,37.916821866,128.173846523,37.916880000,128.173890000,37.916877198,128.173922422
590,590,826609531315,118.034,0.609750,37.920727000,128.169570000,1300.000000,71.854588,79.426753,7.572165,10.538179,0.373880,4.194750,3.642277,4.326622,3.373754,3.884350,4.326622,37.916695000,128.174030000,37.916695000,128.174030000,37.916720000,128.174070000,37.916692600,128.174102790,37.916630000,128.174060000,37.916640154,128.174020574,37.916664000,128.173980000,37.916698296,128.173956820,37.916756000,128.174000000,37.916750798,128.174037846
591,591,826609531481,118.200,0.609750,37.920654000,128.169560000,1300.000000,69.312882,74.270695,4.957813,7.152801,0.297975,7.895116,3.716759,7.997371,4.054312,5.915889,7.997371,37.916600000,128.174160000,37.916600000,128.174160000,37.916542000,128.174180000,37.916600254,128.174231280,37.916570000,128.174120000,37.916546130,128.174149592,37.916664000,128.174130000,37.916599759,128.174089234,37.916634000,128.174210000,37.916653171,128.174170748
592,592,826609531684,118.403,0.609750,37.920593000,128.169560000,1299.000000,63.447272,70.299895,6.852623,10.800501,0.936128,3.132915,2.951216,3.603787,1.978626,2.916636,3.603787,37.916510000,128.174330000,37.916510000,128.174330000,37.916540000,128.174400000,37.916511868,128.174401039,37.916462000,128.174350000,37.916458832,128.174316636,37.916485000,128.174290000,37.916507375,128.174260343,37.916565000,128.174320000,37.916561868,128.174342178
593,593,826609531887,118.606,0.609750,37.920525000,128.169560000,1299.000000,65.744742,66.119393,0.374650,0.569856,0.906259,2.434526,4.369899,3.718092,2.411537,3.233513,4.369899,37.916428000,128.174560000,37.916428000,128.174560000,37.916450000,128.174620000,37.916430512,128.174632580,37.916370000,128.174590000,37.916380785,128.174542156,37.916397000,128.174510000,37.916425509,128.174487943,37.916473000,128.174550000,37.916475521,128.174577273
594,594,826609532090,118.809,0.609750,37.920464000,128.169560000,1299.000000,80.506860,75.484124,-5.022736,-6.238892,0.254842,8.647727,2.732853,7.729362,3.750485,5.715107,8.647727,37.916336000,128.174940000,37.916336000,128.174940000,37.916270000,128.174970000,37.916338348,128.175016803,37.916298000,128.174900000,37.916285189,128.174926546,37.916397000,128.174900000,37.916333724,128.174863764,37.916370000,128.174990000,37.916386895,128.174953052
595,595,826609532293,119.012,0.609750,37.920403000,128.169560000,1299.000000,85.786052,76.931453,-8.854599,-10.321723,0.610154,7.569258,3.623898,8.234354,3.750332,5.794461,8.234354,37.916290000,128.175060000,37.916290000,128.175060000,37.916230000,128.175110000,37.916295228,128.175134341,37.916260000,128.175020000,37.916237176,128.175049423,37.916355000,128.175020000,37.916286870,128.174983484,37.916330000,128.175110000,37.916342667,128.175070429
596,596,826609532481,119.200,0.609750,37.920340000,128.169570000,1298.000000,65.695994,75.914594,10.218600,15.554373,0.396296,8.158042,3.059926,7.652367,2.274121,5.286114,8.158042,37.916280000,128.175000000,37.916280000,128.175000000,37.916220000,128.175030000,37.916283869,128.175075552,37.916245000,128.174960000,37.916228697,128.174988053,37.916340000,128.174960000,37.916277810,128.174922872,37.916317000,128.175030000,37.916331350,128.175011570
597,597,826609532685,119.404,0.609750,37.920273000,128.169590000,1298.000000,65.695994,74.866710,9.170717,13.959324,0.396913,8.180384,3.072905,7.682611,2.279075,5.303744,8.180384,37.916280000,128.175000000,37.916280000,128.175000000,37.916220000,128.175030000,37.916284352,128.175074975,37.916245000,128.174960000,37.916228946,128.174988465,37.916340000,128.174960000,37.916277294,128.174923461,37.916317000,128.175030000,37.916331091,128.175011173
598,598,826609532888,119.607,0.609750,37.920210000,128.169600000,1298.000000,86.225985,73.800780,-12.425205,-14.410047,0.495946,7.793347,4.121098,7.793872,2.048917,5.439309,7.793872,37.916286000,128.175080000,37.916286000,128.175080000,37.916225000,128.175130000,37.916292637,128.175152902,37.916252000,128.175030000,37.916233791,128.175070858,37.916348000,128.175030000,37.916280599,128.175005984,37.916330000,128.175110000,37.916338045,128.175089016
599,599,826609533091,119.810,0.609750,37.920147000,128.169630000,1297.000000,66.038160,72.862710,6.824549,10.334251,0.464454,8.218880,2.825622,7.330535,2.290046,5.166271,8.218880,37.916280000,128.175000000,37.916280000,128.175000000,37.916220000,128.175030000,37.916285224,128.175073855,37.916240000,128.174960000,37.916229444,128.174989261,37.916336000,128.174960000,37.916276362,128.174924605,37.916317000,128.175030000,37.916330574,128.175010406
600,600,826609533279,119.998,0.609750,37.920090000,128.169660000,1297.000000,66.038160,71.858897,5.820736,8.814201,0.464501,8.231406,2.835402,7.348688,2.287770,5.175817,8.231406,37.916280000,128.175000000,37.916280000,128.175000000,37.916220000,128.175030000,37.916285584,128.175073293,37.916240000,128.174960000,37.916229708,128.174989533,37.916336000,128.174960000,37.916275970,128.174925187,37.916317000,128.175030000,37.916330305,128.175010145
601,601,826609533482,120.201,0.609750,37.920033000,128.169700000,1297.000000,87.594655,70.552661,-17.041994,-19.455518,0.861745,6.998099,4.178097,7.585679,1.958176,5.180012,7.585679,37.916283000,128.175080000,37.916283000,128.175080000,37.916230000,128.175130000,37.916290611,128.175151146,37.916250000,128.175030000,37.916231753,128.175071574,37.916344000,128.175020000,37.916276540,128.175007801,37.916330000,128.175110000,37.916334087,128.175088313
602,602,826609533685,120.404,0.609750,37.920033000,128.169700000,1297.000000,87.594655,70.552661,-17.041994,-19.455518,0.861745,6.998099,4.178097,7.585679,1.958176,5.180012,7.585679,37.916283000,128.175080000,37.916283000,128.175080000,37.916230000,128.175130000,37.916290611,128.175151146,37.916250000,128.175030000,37.916231753,128.175071574,37.916344000,128.175020000,37.916276540,128.175007801,37.916330000,128.175110000,37.916334087,128.175088313
603,603,826609533889,120.608,0.609750,37.919968000,128.169720000,1297.000000,87.594655,69.590166,-18.004488,-20.554323,0.862738,7.033320,4.193537,7.631419,1.984164,5.210610,7.631419,37.916283000,128.175080000,37.916283000,128.175080000,37.916230000,128.175130000,37.916291059,128.175150585,37.916250000,128.175030000,37.916232021,128.175071961,37.916344000,128.175020000,37.916276061,128.175008380,37.916330000,128.175110000,37.916333819,128.175087931
604,604,826609534078,120.797,0.609750,37.919914000,128.169750000,1297.000000,73.516950,69.010047,-4.506904,-6.130428,0.131812,7.118614,2.958071,7.505439,1.996551,4.894669,7.505439,37.916275000,128.175000000,37.916275000,128.175000000,37.916220000,128.175050000,37.916281618,128.175071679,37.916237000,128.174960000,37.916225493,128.174990361,37.916332000,128.174960000,37.916269862,128.174926833,37.916317000,128.175030000,37.916324503,128.175009351
605,605,826609534299,121.018,0.609750,37.919853000,128.169800000,1297.000000,77.965109,67.429360,-10.535749,-13.513415,0.918597,7.072939,4.190075,7.250444,1.422594,4.984013,7.250444,37.916283000,128.175080000,37.916283000,128.175080000,37.916230000,128.175130000,37.916291672,128.175149372,37.916250000,128.175030000,37.916232671,128.175072354,37.916340000,128.175020000,37.916275382,128.175009652,37.916325000,128.175100000,37.916333172,128.175087546
606,606,826609534484,121.203,0.609750,37.919804000,128.169850000,1297.000000,65.695998,66.724962,1.028964,1.566250,0.259600,7.145611,2.176795,7.315496,2.196187,4.708522,7.315496,37.916275000,128.175000000,37.916275000,128.175000000,37.916220000,128.175050000,37.916282143,128.175070386,37.916237000,128.174970000,37.916226158,128.174990628,37.916330000,128.174960000,37.916269262,128.174928195,37.916313000,128.175030000,37.916323833,128.175009100
607,607,826609534688,121.407,0.609750,37.919743000,128.169890000,1297.000000,70.632967,65.549445,-5.083522,-7.197095,0.579507,7.093839,2.695874,7.640060,2.972674,5.100612,7.640060,37.916283000,128.175060000,37.916283000,128.175060000,37.916230000,128.175110000,37.916292109,128.175128073,37.916250000,128.175030000,37.916233472,128.175052436,37.916340000,128.175020000,37.916275584,128.174989980,37.916325000,128.175100000,37.916332379,128.175067469
608,608,826609534891,121.610,0.609750,37.919697000,128.169940000,1297.000000,64.229570,64.661199,0.431629,0.672010,0.309783,7.177946,2.164686,6.821457,2.182978,4.586767,7.177946,37.916275000,128.175000000,37.916275000,128.175000000,37.916220000,128.175050000,37.916282680,128.175069181,37.916237000,128.174970000,37.916226759,128.174990954,37.916325000,128.174960000,37.916268657,128.174929461,37.916313000,128.175030000,37.916323227,128.175008791
609,609,826609535078,121.797,0.609750,37.919647000,128.170000000,1298.000000,64.229574,63.693503,-0.536071,-0.834617,0.458259,6.639434,2.475860,7.333381,1.936904,4.596395,7.333381,37.916270000,128.175000000,37.916270000,128.175000000,37.916220000,128.175050000,37.916277799,128.175068654,37.916237000,128.174970000,37.916222080,128.174990908,37.916325000,128.174960000,37.916263520,128.174930005,37.916313000,128.175030000,37.916317908,128.175008840
610,610,826609535287,122.006,0.609750,37.919594000,128.170040000,1298.000000,62.909788,62.764563,-0.145225,-0.230847,0.391823,6.658101,2.469249,7.347821,2.058980,4.633538,7.347821,37.916270000,128.175000000,37.916270000,128.175000000,37.916220000,128.175050000,37.916278083,128.175068089,37.916237000,128.174970000,37.916222349,128.174991111,37.916325000,128.174960000,37.916263204,128.174930597,37.916310000,128.175030000,37.916317636,128.175008646
611,611,826609535486,122.205,0.609750,37.919550000,128.170100000,1298.000000,66.869134,61.486651,-5.382483,-8.049279,0.887771,7.035488,3.329809,6.856622,1.306829,4.632187,7.035488,37.916283000,128.175060000,37.916283000,128.175060000,37.916233000,128.175100000,37.916292839,128.175125778,37.916250000,128.175020000,37.916234763,128.175052628,37.916336000,128.175000000,37.916274695,128.174992445,37.916325000,128.175080000,37.916331099,128.175067285
612,612,826609535689,122.408,0.609750,37.919506000,128.170150000,1298.000000,61.443360,60.799047,-0.644313,-1.048629,0.299097,6.666019,2.426877,6.826434,2.033947,4.488319,6.826434,37.916270000,128.175000000,37.916270000,128.175000000,37.916220000,128.175050000,37.916278370,128.175066948,37.916237000,128.174970000,37.916222969,128.174991151,37.916320000,128.174960000,37.916262852,128.174931811,37.916310000,128.175030000,37.916317016,128.175008616
613,613,826609535893,122.612,0.609750,37.919456000,128.170210000,1299.000000,63.251946,59.742294,-3.509652,-5.548686,0.374340,6.483993,2.782130,6.872475,2.152471,4.572767,6.872475,37.916280000,128.175050000,37.916280000,128.175050000,37.916233000,128.175100000,37.916290085,128.175114670,37.916250000,128.175020000,37.916232442,128.175042545,37.916332000,128.175000000,37.916271715,128.174983130,37.916320000,128.175080000,37.916327428,128.175057371
614,614,826609536080,122.799,0.609750,37.919415000,128.170270000,1299.000000,59.683645,58.841112,-0.842533,-1.411665,0.255345,6.675714,2.382330,6.825239,2.204599,4.521971,6.825239,37.916270000,128.175000000,37.916270000,128.175000000,37.916220000,128.175050000,37.916278661,128.175065791,37.916237000,128.174970000,37.916223588,128.174991139,37.916320000,128.174960000,37.916262494,128.174933044,37.916306000,128.175030000,37.916316400,128.175008636
615,615,826609536284,123.003,0.609750,37.919370000,128.170330000,1300.000000,55.431002,57.929463,2.498460,4.507334,0.469718,6.682383,2.361495,6.875062,2.186664,4.526401,6.875062,37.916270000,128.175000000,37.916270000,128.175000000,37.916220000,128.175050000,37.916278812,128.175065243,37.916237000,128.174970000,37.916223872,128.174991123,37.916317000,128.174970000,37.916262310,128.174933630,37.916306000,128.175030000,37.916316116,128.175008657
616,616,826609536486,123.205,0.609750,37.919330000,128.170400000,1300.000000,55.431002,56.913326,1.482324,2.674178,0.468680,6.676271,2.329903,6.856487,2.158410,4.505268,6.856487,37.916270000,128.175000000,37.916270000,128.175000000,37.916220000,128.175050000,37.916278849,128.175064657,37.916237000,128.174970000,37.916224220,128.174991010,37.916317000,128.174970000,37.916262241,128.174934258,37.916306000,128.175030000,37.916315771,128.175008772
617,617,826609536689,123.408,0.609750,37.919250000,128.170530000,1301.000000,55.431002,55.104499,-0.326503,-0.589027,0.466790,6.673676,2.277307,6.830601,2.111939,4.473381,6.830601,37.916270000,128.175000000,37.916270000,128.175000000,37.916220000,128.175050000,37.916278985,128.175063586,37.916237000,128.174970000,37.916224828,128.174990842,37.916317000,128.174970000,37.916262044,128.174935405,37.916306000,128.175030000,37.916315168,128.175008946
618,618,826609536893,123.612,0.609750,37.919250000,128.170530000,1301.000000,56.408624,55.154986,-1.253638,-2.222422,0.486232,6.892078,2.488127,7.127874,3.848595,5.089169,7.127874,37.916267000,128.175000000,37.916267000,128.175000000,37.916220000,128.175030000,37.916275938,128.175063636,37.916237000,128.174970000,37.916221829,128.174990806,37.916317000,128.174970000,37.916259100,128.174935344,37.916300000,128.175050000,37.916312167,128.175008980
619,619,826609537082,123.801,0.609750,37.919178000,128.170650000,1303.000000,56.408624,53.639424,-2.769200,-4.909179,0.485108,6.871109,2.438042,7.110020,3.813414,5.058146,7.110020,37.916267000,128.175000000,37.916267000,128.175000000,37.916220000,128.175030000,37.916276066,128.175062725,37.916237000,128.174970000,37.916222334,128.174990618,37.916317000,128.174970000,37.916258918,128.174936323,37.916300000,128.175050000,37.916311666,128.175009173
620,620,826609537285,124.004,0.609750,37.919144000,128.170720000,1303.000000,54.844433,52.761086,-2.083347,-3.798648,0.464619,6.849679,2.403373,6.686597,3.787677,4.931831,6.849679,37.916267000,128.175000000,37.916267000,128.175000000,37.916220000,128.175030000,37.916276038,128.175062215,37.916237000,128.174970000,37.916222655,128.174990453,37.916313000,128.174970000,37.916258917,128.174936871,37.916300000,128.175050000,37.916311348,128.175009340
621,621,826609537488,124.207,0.609750,37.919110000,128.170790000,1304.000000,54.257862,51.972431,-2.285430,-4.212165,0.463606,6.832238,2.370612,6.669622,3.840840,4.928328,6.832238,37.916267000,128.175000000,37.916267000,128.175000000,37.916220000,128.175030000,37.916276031,128.175061752,37.916237000,128.174970000,37.916222936,128.174990269,37.916313000,128.174970000,37.916258897,128.174937371,37.916298000,128.175050000,37.916311072,128.175009525
622,622,826609537691,124.410,0.609750,37.919075000,128.170850000,1305.000000,48.880951,51.278011,2.397059,4.903872,0.920296,3.787504,1.631293,2.052203,3.435247,2.726562,3.787504,37.916275000,128.175050000,37.916275000,128.175050000,37.916310000,128.175080000,37.916285458,128.175109870,37.916230000,128.175060000,37.916230407,128.175041432,37.916250000,128.175000000,37.916266002,128.174988396,37.916325000,128.175020000,37.916319498,128.175058490
623,623,826609537879,124.598,0.609750,37.919040000,128.170930000,1306.000000,48.294385,50.436435,2.142050,4.435401,0.900691,6.799133,2.307375,7.543542,3.789654,5.109926,7.543542,37.916267000,128.175000000,37.916267000,128.175000000,37.916220000,128.175030000,37.916276023,128.175060838,37.916237000,128.174970000,37.916223487,128.174989922,37.916313000,128.174990000,37.916258851,128.174938356,37.916298000,128.175050000,37.916310527,128.175009876
624,624,826609538082,124.801,0.609750,37.919006000,128.171000000,1306.000000,48.294385,49.629065,1.334681,2.763635,0.899875,6.778313,2.274095,7.515200,3.763592,5.082800,7.515200,37.916267000,128.175000000,37.916267000,128.175000000,37.916220000,128.175030000,37.916275982,128.175060360,37.916237000,128.174970000,37.916223794,128.174989757,37.916313000,128.174990000,37.916258866,128.174938868,37.916298000,128.175050000,37.916310222,128.175010043
625,625,826609538285,125.004,0.609750,37.918980000,128.171070000,1307.000000,47.512290,48.967464,1.455175,3.062733,0.908888,2.198609,3.586156,3.639204,1.815342,2.809828,3.639204,37.916267000,128.175000000,37.916267000,128.175000000,37.916294000,128.175050000,37.916275888,128.175059984,37.916220000,128.175030000,37.916224052,128.174989490,37.916237000,128.174970000,37.916258938,128.174939277,37.916313000,128.174990000,37.916309968,128.175010311
626,626,826609538489,125.208,0.609750,37.918950000,128.171130000,1308.000000,46.339147,48.295221,1.956074,4.221214,0.872641,3.198063,1.844480,2.593471,3.527074,2.790772,3.527074,37.916267000,128.175020000,37.916267000,128.175020000,37.916294000,128.175050000,37.916276524,128.175078903,37.916220000,128.175030000,37.916224075,128.175009642,37.916237000,128.174970000,37.916258807,128.174959605,37.916310000,128.174990000,37.916309941,128.175030162
627,627,826609538693,125.412,0.609750,37.918920000,128.171200000,1309.000000,44.970475,47.745436,2.774961,6.170630,0.844363,2.956153,1.737145,1.979362,3.481587,2.538562,3.481587,37.916275000,128.175050000,37.916275000,128.175050000,37.916300000,128.175080000,37.916285146,128.175107902,37.916230000,128.175060000,37.916231770,128.175040347,37.916250000,128.175000000,37.916266162,128.174990602,37.916320000,128.175020000,37.916318153,128.175059575
628,628,826609538881,125.600,1.016251,37.918888000,128.171280000,1310.000000,117.607568,127.871802,10.264233,8.727528,0.889781,3.943375,4.471066,4.705550,2.734448,3.963609,4.705550,37.916275000,128.174910000,37.916275000,128.174910000,37.916320000,128.174990000,37.916287884,128.175008946,37.916203000,128.174940000,37.916206145,128.174889245,37.916233000,128.174850000,37.916262537,128.174811671,37.916350000,128.174900000,37.916344013,128.174930197
629,629,826609539084,125.803,3.999084,37.918860000,128.171340000,1310.000000,1728.616272,1871.325313,142.709041,8.255681,0.273578,7.434742,5.159293,6.345979,4.094363,5.758594,7.434742,37.916687000,128.174650000,37.916687000,128.174650000,37.916824000,128.174960000,37.916766163,128.175002336,37.916424000,128.174650000,37.916416853,128.174591955,37.916565000,128.174330000,37.916616384,128.174298707,37.916973000,128.174620000,37.916976782,128.174666375
630,630,826609539287,126.006,4.097963,37.918830000,128.171430000,1311.000000,2191.626770,2152.276188,-39.350582,-1.795497,0.892658,2.285041,0.381373,1.609754,2.580833,1.714250,2.580833,37.916260000,128.175380000,37.916260000,128.175380000,37.916330000,128.175800000,37.916337156,128.175775613,37.915966000,128.175320000,37.915964826,128.175324080,37.916200000,128.174990000,37.916186538,128.174996695,37.916542000,128.175460000,37.916551174,128.175433011
631,631,826609539490,126.209,4.097963,37.918804000,128.171500000,1312.000000,2396.601908,2342.028440,-54.573467,-2.277119,0.650607,6.927816,6.679260,6.941331,5.774581,6.580747,6.941331,37.915730000,128.175660000,37.915730000,128.175660000,37.915718000,128.176100000,37.915779615,128.176088902,37.915447000,128.175500000,37.915431886,128.175573602,37.915737000,128.175230000,37.915677610,128.175254085,37.916004000,128.175800000,37.916026218,128.175740583
632,632,826609539695,126.414,4.097963,37.918774000,128.171570000,1313.000000,2429.172714,2383.098933,-46.073780,-1.896686,1.438879,13.926730,12.347479,8.737867,12.130052,11.785532,13.926730,37.915250000,128.175250000,37.915250000,128.175250000,37.915142000,128.175720000,37.915262058,128.175675410,37.915028000,128.175000000,37.914964275,128.175115077,37.915337000,128.174820000,37.915258516,128.174821566,37.915474000,128.175490000,37.915536337,128.175376714
633,633,826609539886,126.605,4.097963,37.918747000,128.171650000,1314.000000,1886.447209,1905.869149,19.421940,1.029551,0.909894,10.827248,10.290658,8.167263,10.464094,9.937316,10.827248,37.914967000,128.174000000,37.914967000,128.174000000,37.914790000,128.174380000,37.914884724,128.174407983,37.914818000,128.173700000,37.914753467,128.173783899,37.915090000,128.173660000,37.915022647,128.173623124,37.915104000,128.174300000,37.915173612,128.174219931
634,634,826609540085,126.804,4.097963,37.918720000,128.171720000,1315.000000,1614.467092,1567.303834,-47.163259,-2.921290,1.343259,9.423467,7.950899,8.172040,9.996211,8.885654,9.996211,37.915043000,128.172790000,37.915043000,128.172790000,37.914833000,128.173100000,37.914912024,128.173138472,37.914940000,128.172470000,37.914887519,128.172531410,37.915195000,128.172520000,37.915137542,128.172462083,37.915110000,128.173110000,37.915187681,128.173052900
635,635,826609540289,127.008,4.097963,37.918690000,128.171800000,1316.000000,1427.345310,1390.369934,-36.975377,-2.590500,1.666529,11.023075,8.988534,6.945929,10.795429,9.438242,11.023075,37.915165000,128.171900000,37.915165000,128.171900000,37.914936000,128.172150000,37.915027985,128.172196470,37.915130000,128.171590000,37.915051380,128.171613327,37.915340000,128.171660000,37.915292480,128.171608743,37.915190000,128.172240000,37.915277348,128.172186600
636,636,826609540492,127.211,4.097963,37.918660000,128.171860000,1317.000000,1447.631703,1399.704651,-47.927052,-3.310721,1.168151,11.384545,9.719735,7.472518,10.384421,9.740305,11.384545,37.915140000,128.171940000,37.915140000,128.171940000,37.914910000,128.172180000,37.915002370,128.172235639,37.915110000,128.171620000,37.915026574,128.171652658,37.915325000,128.171700000,37.915270903,128.171649623,37.915165000,128.172270000,37.915251947,128.172227160
637,637,826609540679,127.398,4.097963,37.918633000,128.171940000,1318.000000,1465.572285,1424.311932,-41.260353,-2.815307,0.412753,10.436708,11.641251,9.260782,9.500401,10.209785,11.641251,37.915090000,128.171970000,37.915090000,128.171970000,37.914867000,128.172210000,37.914950533,128.172263958,37.915077000,128.171650000,37.914975212,128.171680400,37.915295000,128.171740000,37.915225883,128.171681313,37.915123000,128.172300000,37.915201934,128.172258868
638,638,826609540883,127.602,4.097963,37.918600000,128.172010000,1319.000000,1461.319971,1427.136035,-34.183936,-2.339251,1.211680,9.641860,12.868728,9.951714,8.819493,10.320448,12.868728,37.915070000,128.172000000,37.915070000,128.172000000,37.914856000,128.172240000,37.914932261,128.172292050,37.915070000,128.171680000,37.914956702,128.171709105,37.915287000,128.171770000,37.915209718,128.171713039,37.915110000,128.172330000,37.915182631,128.172289885
639,639,826609541086,127.805,4.097963,37.918600000,128.172010000,1319.000000,1461.319971,1427.136035,-34.183936,-2.339251,1.211680,9.641860,12.868728,9.951714,8.819493,10.320448,12.868728,37.915070000,128.172000000,37.915070000,128.172000000,37.914856000,128.172240000,37.914932261,128.172292050,37.915070000,128.171680000,37.914956702,128.171709105,37.915287000,128.171770000,37.915209718,128.171713039,37.915110000,128.172330000,37.915182631,128.172289885
640,640,826609541290,128.009,4.097963,37.918537000,128.172150000,1320.000000,1446.412020,1444.332370,-2.079651,-0.143780,2.197405,9.102166,14.009789,10.627449,7.500146,10.309888,14.009789,37.915020000,128.172090000,37.915020000,128.172090000,37.914820000,128.172320000,37.914886991,128.172379425,37.915028000,128.171770000,37.914903990,128.171797192,37.915250000,128.171860000,37.915164765,128.171805494,37.915073000,128.172410000,37.915136331,128.172380858
641,641,826609541478,128.197,4.097963,37.918537000,128.172150000,1320.000000,1446.412020,1444.332370,-2.079651,-0.143780,2.197405,9.102166,14.009789,10.627449,7.500146,10.309888,14.009789,37.915020000,128.172090000,37.915020000,128.172090000,37.914820000,128.172320000,37.914886991,128.172379425,37.915028000,128.171770000,37.914903990,128.171797192,37.915250000,128.171860000,37.915164765,128.171805494,37.915073000,128.172410000,37.915136331,128.172380858
642,642,826609541682,128.401,4.097963,37.918500000,128.172230000,1321.000000,1444.652728,1454.359532,9.706804,0.671913,2.502539,8.245387,14.331901,10.271406,7.135156,9.995963,14.331901,37.914997000,128.172130000,37.914997000,128.172130000,37.914806000,128.172360000,37.914864494,128.172417596,37.915005000,128.171800000,37.914879360,128.171835626,37.915226000,128.171900000,37.915143626,128.171847307,37.915054000,128.172450000,37.915114131,128.172421868
643,643,826609541885,128.604,4.097963,37.918470000,128.172290000,1322.000000,1477.306152,1462.817522,-14.488630,-0.980747,2.765650,7.403395,13.689402,11.006314,7.425706,9.881204,13.689402,37.914978000,128.172160000,37.914978000,128.172160000,37.914790000,128.172400000,37.914845584,128.172446286,37.914980000,128.171840000,37.914858529,128.171864294,37.915207000,128.171950000,37.915125735,128.171878615,37.915040000,128.172500000,37.915095301,128.172452717
644,644,826609542088,128.807,4.097963,37.918430000,128.172360000,1323.000000,1436.148114,1473.501440,37.353325,2.600938,2.857174,8.690072,14.173106,9.742654,6.259145,9.716244,14.173106,37.914955000,128.172210000,37.914955000,128.172210000,37.914772000,128.172420000,37.914822779,128.172495155,37.914955000,128.171880000,37.914830389,128.171913111,37.915180000,128.171980000,37.915102044,128.171929574,37.915020000,128.172530000,37.915072061,128.172503078
645,645,826609542291,129.010,4.097963,37.918392000,128.172440000,1323.000000,1463.473514,1469.537757,6.064243,0.414373,2.477849,8.404701,13.418962,9.830710,6.879795,9.633542,13.418962,37.914932000,128.172260000,37.914932000,128.172260000,37.914750000,128.172470000,37.914798484,128.172543361,37.914920000,128.171920000,37.914804092,128.171961970,37.915150000,128.172040000,37.915075068,128.171980764,37.914993000,128.172590000,37.915047667,128.172553459
646,646,826609542479,129.198,4.097963,37.918358000,128.172500000,1324.000000,1428.914284,1465.036012,36.121729,2.527914,2.265301,7.438123,12.763983,9.806380,6.887800,9.224071,12.763983,37.914920000,128.172270000,37.914920000,128.172270000,37.914738000,128.172490000,37.914784315,128.172551047,37.914906000,128.171940000,37.914793850,128.171970246,37.915134000,128.172060000,37.915063588,128.171992900,37.914978000,128.172600000,37.915033310,128.172564845
647,647,826609542682,129.401,4.097963,37.918316000,128.172580000,1325.000000,1431.260885,1452.494828,21.233943,1.483583,1.559302,8.764127,11.497046,8.532548,7.536851,9.082643,11.497046,37.914906000,128.172320000,37.914906000,128.172320000,37.914720000,128.172520000,37.914767845,128.172599251,37.914880000,128.171980000,37.914781559,128.172019600,37.915110000,128.172100000,37.915047283,128.172044147,37.914955000,128.172650000,37.915016946,128.172615365
648,648,826609542885,129.604,3.422293,37.918278000,128.172640000,1325.000000,1018.941973,992.793637,-26.148336,-2.566224,0.864629,8.095904,7.677505,9.356519,9.250704,8.595158,9.356519,37.914936000,128.172710000,37.914936000,128.172710000,37.914745000,128.172900000,37.914803005,128.172955608,37.914900000,128.172440000,37.914835820,128.172472006,37.915096000,128.172550000,37.915040948,128.172469495,37.914944000,128.172990000,37.915020384,128.172948515
649,649,826609543090,129.809,1.483177,37.918240000,128.172700000,1326.000000,186.532816,197.933205,11.400389,6.111734,0.423042,4.377789,5.092004,5.722831,4.852668,5.011323,5.722831,37.915050000,128.173720000,37.915050000,128.173720000,37.914986000,128.173810000,37.915017129,128.173840463,37.915028000,128.173600000,37.914988870,128.173630028,37.915115000,128.173650000,37.915081107,128.173601003,37.915073000,128.173840000,37.915109788,128.173810357
650,650,826609543278,129.997,0.609750,37.918194000,128.172760000,1327.000000,38.420885,39.077714,0.656829,1.709563,0.955166,2.482141,6.870587,2.195933,5.040087,4.147187,6.870587,37.915400000,128.174880000,37.915400000,128.174880000,37.915417000,128.174940000,37.915394868,128.174936563,37.915375000,128.174930000,37.915367185,128.174852397,37.915390000,128.174840000,37.915405041,128.174823821,37.915432000,128.174850000,37.915433133,128.174907372
651,651,826609543481,130.200,0.609750,37.918150000,128.172820000,1328.000000,37.736131,36.633778,-1.102353,-2.921214,0.885039,0.904664,5.892859,1.437579,4.281836,3.129234,5.892859,37.916203000,128.175000000,37.916203000,128.175000000,37.916214000,128.175060000,37.916208291,128.175052669,37.916172000,128.175050000,37.916165584,128.174983394,37.916190000,128.174960000,37.916198057,128.174947207,37.916230000,128.174970000,37.916239919,128.175017107
652,652,826609543684,130.403,0.609750,37.918106000,128.172900000,1328.000000,36.171939,36.113671,-0.058268,-0.161086,0.912344,0.705669,5.915956,1.426970,4.298061,3.086664,5.915956,37.916203000,128.175000000,37.916203000,128.175000000,37.916210000,128.175060000,37.916208093,128.175052337,37.916172000,128.175050000,37.916165894,128.174983082,37.916190000,128.174960000,37.916198240,128.174947553,37.916230000,128.174970000,37.916239628,128.175017395
653,653,826609543887,130.606,0.609750,37.918060000,128.172940000,1329.000000,36.171946,35.842988,-0.328958,-0.909428,0.871482,1.124587,4.178962,0.875592,5.963268,3.035602,5.963268,37.916190000,128.175020000,37.916190000,128.175020000,37.916200000,128.175060000,37.916195803,128.175071648,37.916160000,128.175050000,37.916152860,128.175003284,37.916180000,128.174960000,37.916185032,128.174967662,37.916218000,128.174970000,37.916226865,128.175036966
654,654,826609544090,130.809,0.609750,37.918020000,128.173000000,1330.000000,34.607749,35.543328,0.935579,2.703380,0.873695,0.718153,5.966317,1.200045,4.225148,3.027416,5.966317,37.916200000,128.175000000,37.916200000,128.175000000,37.916206000,128.175060000,37.916205204,128.175051885,37.916172000,128.175050000,37.916163134,128.174982999,37.916190000,128.174960000,37.916195137,128.174947987,37.916230000,128.174970000,37.916236454,128.175017410
655,655,826609544278,130.997,0.609750,37.917970000,128.173070000,1330.000000,35.585369,34.986113,-0.599256,-1.683994,0.881519,0.977844,4.185761,0.915661,5.947351,3.006654,5.947351,37.916200000,128.175020000,37.916200000,128.175020000,37.916206000,128.175060000,37.916205745,128.175071130,37.916170000,128.175050000,37.916163241,128.175003114,37.916190000,128.174960000,37.916194991,128.174968288,37.916230000,128.174970000,37.916236405,128.175037233
656,656,826609544482,131.201,0.609750,37.917923000,128.173130000,1331.000000,34.509993,34.781088,0.271095,0.785556,0.877464,0.997464,4.205986,0.747642,5.943928,2.973755,5.943928,37.916187000,128.175020000,37.916187000,128.175020000,37.916195000,128.175060000,37.916192608,128.175070946,37.916157000,128.175050000,37.916150430,128.175002837,37.916183000,128.174960000,37.916182155,128.174968446,37.916218000,128.174970000,37.916223367,128.175037339
657,657,826609544686,131.405,0.609750,37.917877000,128.173170000,1332.000000,32.456985,34.445508,1.988524,6.126643,0.876094,0.996192,4.177328,0.767751,5.938870,2.970035,5.938870,37.916200000,128.175020000,37.916200000,128.175020000,37.916203000,128.175060000,37.916205914,128.175070725,37.916170000,128.175050000,37.916163430,128.175003168,37.916195000,128.174960000,37.916194772,128.174968737,37.916230000,128.174970000,37.916236238,128.175037161
658,658,826609544889,131.608,0.609750,37.917820000,128.173230000,1332.000000,32.456985,34.036137,1.579152,4.865370,0.876431,0.974186,4.167337,0.797964,5.929171,2.967164,5.929171,37.916200000,128.175020000,37.916200000,128.175020000,37.916203000,128.175060000,37.916206014,128.175070414,37.916170000,128.175050000,37.916163588,128.175003249,37.916195000,128.174960000,37.916194643,128.174969075,37.916230000,128.174970000,37.916236093,128.175037071
659,659,826609545092,131.811,0.609750,37.917717000,128.173340000,1334.000000,33.727891,33.500124,-0.227767,-0.675307,0.537349,1.117035,4.098445,0.840253,4.177447,2.558295,4.177447,37.916200000,128.175020000,37.916200000,128.175020000,37.916200000,128.175060000,37.916206203,128.175069998,37.916164000,128.175050000,37.916163767,128.175003333,37.916195000,128.174960000,37.916194402,128.174969538,37.916230000,128.174990000,37.916235938,128.175036968
660,660,826609545289,132.008,0.609750,37.917667000,128.173390000,1334.000000,33.727891,33.185907,-0.541984,-1.606930,0.537366,1.107943,4.088416,0.865633,4.165338,2.556832,4.165338,37.916200000,128.175020000,37.916200000,128.175020000,37.916200000,128.175060000,37.916206321,128.175069745,37.916164000,128.175050000,37.916163873,128.175003446,37.916195000,128.174960000,37.916194259,128.174969812,37.916230000,128.174990000,37.916235842,128.175036848
661,661,826609545483,132.202,0.609750,37.917667000,128.173390000,1334.000000,33.727893,33.212337,-0.515556,-1.528575,0.496022,0.867405,4.134941,1.065522,4.118100,2.546492,4.134941,37.916195000,128.175020000,37.916195000,128.175020000,37.916200000,128.175060000,37.916201274,128.175069744,37.916164000,128.175050000,37.916158893,128.175003363,37.916195000,128.174960000,37.916189336,128.174969781,37.916230000,128.174990000,37.916230866,128.175036879
662,662,826609545686,132.405,0.609750,37.917618000,128.173430000,1335.000000,30.795033,33.024785,2.229753,7.240624,0.214981,1.108904,4.078237,0.659076,4.098616,2.486208,4.098616,37.916195000,128.175020000,37.916195000,128.175020000,37.916195000,128.175060000,37.916201508,128.175069560,37.916160000,128.175050000,37.916158895,128.175003583,37.916195000,128.174970000,37.916189079,128.174969981,37.916230000,128.174990000,37.916230871,128.175036657
663,663,826609545946,132.665,0.609750,37.917507000,128.173520000,1337.000000,30.795033,32.616283,1.821251,5.914105,0.215515,1.124009,4.028998,0.728940,4.048467,2.482603,4.048467,37.916195000,128.175020000,37.916195000,128.175020000,37.916195000,128.175060000,37.916202075,128.175069132,37.916160000,128.175050000,37.916158883,128.175004145,37.916195000,128.174970000,37.916188461,128.174970446,37.916230000,128.174990000,37.916230903,128.175036085
664,664,826609546094,132.813,0.609750,37.917454000,128.173570000,1337.000000,29.035321,32.412371,3.377049,11.630832,0.216335,1.369400,4.042811,0.730955,4.039918,2.545771,4.042811,37.916183000,128.175020000,37.916183000,128.175020000,37.916180000,128.175060000,37.916190082,128.175068934,37.916150000,128.175050000,37.916147005,128.175004122,37.916183000,128.174970000,37.916176453,128.174970642,37.916218000,128.174990000,37.916218884,128.175035988
665,665,826609546282,133.001,0.609750,37.917393000,128.173610000,1338.000000,27.862172,32.161711,4.299539,15.431456,0.216048,1.607320,3.965463,1.366494,3.984065,2.730835,3.984065,37.916195000,128.175020000,37.916195000,128.175020000,37.916190000,128.175060000,37.916202735,128.175068624,37.916160000,128.175050000,37.916158869,128.175004869,37.916200000,128.174970000,37.916187749,128.174970990,37.916230000,128.174990000,37.916230937,128.175035350
666,666,826609546485,133.204,0.609750,37.917340000,128.173660000,1339.000000,29.426369,32.059103,2.632733,8.946851,0.177767,1.805538,3.971456,1.260075,3.098736,2.533951,3.971456,37.916183000,128.175020000,37.916183000,128.175020000,37.916176000,128.175060000,37.916190768,128.175068500,37.916145000,128.175050000,37.916146926,128.175004844,37.916187000,128.174970000,37.916175715,128.174971113,37.916218000,128.175000000,37.916218975,128.175035263
667,667,826609546688,133.407,0.609750,37.917280000,128.173700000,1339.000000,29.426371,31.836823,2.410453,8.191472,0.156330,1.537326,3.922534,1.645538,3.057311,2.540677,3.922534,37.916180000,128.175020000,37.916180000,128.175020000,37.916176000,128.175060000,37.916188201,128.175068201,37.916145000,128.175050000,37.916143894,128.175005357,37.916187000,128.174970000,37.916172261,128.174971424,37.916218000,128.175000000,37.916216032,128.175034723
668,668,826609546891,133.610,0.609750,37.917220000,128.173740000,1340.000000,29.621891,31.644242,2.022351,6.827219,0.512336,1.901662,2.122304,2.064762,3.014366,2.275773,3.014366,37.916190000,128.175020000,37.916190000,128.175020000,37.916183000,128.175060000,37.916198913,128.175067876,37.916157000,128.175030000,37.916153732,128.175006191,37.916200000,128.174970000,37.916181505,128.174971782,37.916230000,128.175000000,37.916226134,128.175033972
669,669,826609547099,133.818,0.609750,37.917164000,128.173770000,1341.000000,32.114826,31.596577,-0.518250,-1.613739,0.443206,2.047396,2.085015,1.785197,2.936952,2.213640,2.936952,37.916180000,128.175020000,37.916180000,128.175020000,37.916172000,128.175060000,37.916189370,128.175067663,37.916140000,128.175030000,37.916143630,128.175006709,37.916187000,128.174970000,37.916171040,128.174971992,37.916218000,128.175000000,37.916216303,128.175033373
670,670,826609547285,134.004,0.609750,37.917110000,128.173810000,1342.000000,28.742032,31.442530,2.700497,9.395637,0.440216,2.324774,1.973351,2.201887,2.869210,2.342305,2.869210,37.916190000,128.175020000,37.916190000,128.175020000,37.916180000,128.175060000,37.916200065,128.175067339,37.916153000,128.175030000,37.916153473,128.175007538,37.916200000,128.174970000,37.916180307,128.174972347,37.916225000,128.175000000,37.916226407,128.175032622
671,671,826609547485,134.204,0.609750,37.917046000,128.173840000,1342.000000,29.621895,31.309357,1.687462,5.696673,0.468087,2.388911,1.934251,2.282127,2.797776,2.350766,2.797776,37.916180000,128.175020000,37.916180000,128.175020000,37.916170000,128.175060000,37.916190747,128.175066954,37.916140000,128.175030000,37.916143367,128.175008393,37.916190000,128.174970000,37.916169613,128.174972732,37.916214000,128.175000000,37.916216572,128.175031690
672,672,826609547689,134.408,0.609750,37.916977000,128.173870000,1343.000000,27.715532,31.193944,3.478412,12.550406,0.499468,2.620497,1.789246,3.094551,2.653307,2.539400,3.094551,37.916187000,128.175020000,37.916187000,128.175020000,37.916176000,128.175060000,37.916198996,128.175066379,37.916153000,128.175030000,37.916150091,128.175009963,37.916203000,128.174970000,37.916175326,128.174973331,37.916225000,128.175000000,37.916223817,128.175030175
673,673,826609547892,134.611,0.609750,37.916920000,128.173900000,1344.000000,31.479370,31.136894,-0.342476,-1.087938,0.049861,3.149450,1.659179,3.201531,0.800759,2.202730,3.201531,37.916187000,128.175020000,37.916187000,128.175020000,37.916172000,128.175060000,37.916199903,128.175065930,37.916150000,128.175030000,37.916149908,128.175011108,37.916203000,128.174970000,37.916174396,128.174973793,37.916225000,128.175020000,37.916224005,128.175029030
674,674,826609548080,134.799,0.609750,37.916862000,128.173930000,1344.000000,31.479370,31.001710,-0.477660,-1.517374,0.050345,3.249951,1.544331,3.319107,0.684734,2.199531,3.319107,37.916187000,128.175020000,37.916187000,128.175020000,37.916172000,128.175060000,37.916200889,128.175065342,37.916150000,128.175030000,37.916149777,128.175012417,37.916203000,128.174970000,37.916173386,128.174974396,37.916225000,128.175020000,37.916224142,128.175027721
675,675,826609548284,135.003,0.609750,37.916794000,128.173970000,1345.000000,31.381608,30.932195,-0.449413,-1.432091,0.005366,3.596641,1.404464,3.463687,0.542749,2.251885,3.596641,37.916187000,128.175020000,37.916187000,128.175020000,37.916170000,128.175060000,37.916202101,128.175064643,37.916150000,128.175030000,37.916149597,128.175014016,37.916203000,128.174970000,37.916172148,128.174975113,37.916225000,128.175020000,37.916224328,128.175026121
676,676,826609548486,135.205,0.609750,37.916737000,128.174000000,1346.000000,32.994681,30.905972,-2.088709,-6.330443,0.231480,3.720774,0.391013,3.935588,0.402179,2.112389,3.935588,37.916187000,128.175020000,37.916187000,128.175020000,37.916170000,128.175060000,37.916203280,128.175063937,37.916150000,128.175020000,37.916149444,128.175015604,37.916206000,128.174970000,37.916170947,128.174975835,37.916225000,128.175020000,37.916224486,128.175024533
677,677,826609548689,135.408,0.796521,37.916676000,128.174010000,1347.000000,53.769101,52.728343,-1.040758,-1.935606,0.242905,5.759770,0.230799,5.394897,0.263149,2.912154,5.759770,37.916200000,128.175000000,37.916200000,128.175000000,37.916172000,128.175050000,37.916223515,128.175056122,37.916150000,128.175000000,37.916150762,128.174997556,37.916225000,128.174940000,37.916176637,128.174943939,37.916250000,128.175000000,37.916249096,128.175002769
678,678,826609548893,135.612,3.768368,37.916615000,128.174030000,1347.000000,1136.775986,1170.859563,34.083577,2.998267,0.866725,29.513700,1.836873,28.796068,3.472370,15.904753,29.513700,37.916237000,128.174970000,37.916237000,128.174970000,37.916100000,128.175220000,37.916365118,128.175222696,37.916004000,128.174960000,37.916004353,128.174980911,37.916370000,128.174740000,37.916111870,128.174718644,37.916466000,128.175000000,37.916469412,128.174960698
679,679,826609549081,135.800,5.498741,37.916546000,128.174060000,1348.000000,2455.780251,2493.012439,37.232188,1.516104,0.846485,47.145020,9.152882,46.132228,10.765270,28.298850,47.145020,37.916237000,128.174970000,37.916237000,128.174970000,37.916020000,128.175310000,37.916443394,128.175322619,37.915900000,128.174910000,37.915898629,128.175014207,37.916450000,128.174650000,37.916036216,128.174621083,37.916570000,128.175050000,37.916575365,128.174927607
680,680,826609549285,136.004,5.498741,37.916477000,128.174070000,1349.000000,2438.574148,2498.428049,59.853901,2.454463,1.246828,51.361653,13.109641,49.881985,14.676670,32.257487,51.361653,37.916237000,128.174970000,37.916237000,128.174970000,37.916004000,128.175310000,37.916465329,128.175300540,37.915905000,128.174900000,37.915901941,128.175049226,37.916462000,128.174670000,37.916014415,128.174642831,37.916570000,128.175060000,37.916571894,128.174892897
681,681,826609549488,136.207,5.498741,37.916416000,128.174090000,1350.000000,2454.313956,2501.217209,46.903253,1.911054,1.208352,54.108383,17.418142,53.454099,18.987854,35.992120,54.108383,37.916233000,128.174970000,37.916233000,128.174970000,37.915993000,128.175300000,37.916478811,128.175280124,37.915910000,128.174880000,37.915902739,128.175078123,37.916473000,128.174680000,37.915993000,128.174663065,37.916565000,128.175080000,37.916563251,128.174863801
682,682,826609549691,136.410,5.498741,37.916355000,128.174100000,1350.000000,2404.650881,2499.756546,95.105665,3.955072,0.777206,14.221485,15.098275,15.651012,13.811377,14.695537,15.651012,37.916233000,128.174970000,37.916233000,128.174970000,37.916557000,128.175110000,37.916497930,128.175253587,37.915980000,128.175260000,37.915910894,128.175112069,37.915913000,128.174850000,37.915973995,128.174689430,37.916485000,128.174700000,37.916555150,128.174829716
683,683,826609549878,136.597,5.498741,37.916355000,128.174100000,1350.000000,2404.650881,2499.756546,95.105665,3.955072,0.777206,14.221485,15.098275,15.651012,13.811377,14.695537,15.651012,37.916233000,128.174970000,37.916233000,128.174970000,37.916557000,128.175110000,37.916497930,128.175253587,37.915980000,128.175260000,37.915910894,128.175112069,37.915913000,128.174850000,37.915973995,128.174689430,37.916485000,128.174700000,37.916555150,128.174829716
684,684,826609550082,136.801,5.498741,37.916220000,128.174130000,1352.000000,2444.831478,2512.333294,67.501817,2.761001,0.589441,4.956525,3.741425,4.465331,4.989102,4.538096,4.989102,37.916220000,128.174990000,37.916220000,128.174990000,37.916540000,128.175160000,37.916520805,128.175210925,37.915947000,128.175230000,37.915921686,128.175201976,37.915913000,128.174820000,37.915925166,128.174771549,37.916496000,128.174730000,37.916518365,128.174779231
685,685,826609550285,137.004,5.498741,37.916220000,128.174130000,1352.000000,2444.831478,2512.333294,67.501817,2.761001,0.589441,4.956525,3.741425,4.465331,4.989102,4.538096,4.989102,37.916220000,128.174990000,37.916220000,128.174990000,37.916540000,128.175160000,37.916520805,128.175210925,37.915947000,128.175230000,37.915921686,128.175201976,37.915913000,128.174820000,37.915925166,128.174771549,37.916496000,128.174730000,37.916518365,128.174779231
686,686,826609550489,137.208,5.498741,37.916160000,128.174150000,1353.000000,2504.954650,2518.099258,13.144608,0.524744,0.792486,2.301289,0.952337,0.980718,2.203373,1.609429,2.301289,37.916233000,128.174970000,37.916233000,128.174970000,37.916542000,128.175170000,37.916551788,128.175146919,37.915947000,128.175220000,37.915954972,128.175223934,37.915928000,128.174790000,37.915920293,128.174795409,37.916520000,128.174740000,37.916510982,128.174717666
687,687,826609550727,137.446,5.498741,37.916027000,128.174160000,1354.000000,2506.616705,2530.164738,23.548032,0.939435,0.817233,14.405955,12.874278,13.068408,14.331582,13.670056,14.405955,37.916230000,128.174970000,37.916230000,128.174970000,37.916527000,128.175220000,37.916570425,128.175065474,37.915928000,128.175170000,37.915995679,128.175288873,37.915943000,128.174740000,37.915895731,128.174876211,37.916534000,128.174790000,37.916463984,128.174653052
688,688,826609550909,137.628,5.498741,37.915955000,128.174160000,1355.000000,2514.437662,2543.014117,28.576455,1.136495,0.801955,19.466949,17.870821,17.896595,19.290580,18.631236,19.466949,37.916230000,128.174970000,37.916230000,128.174970000,37.916515000,128.175230000,37.916576872,128.175022672,37.915920000,128.175160000,37.916021272,128.175317892,37.915950000,128.174730000,37.915889321,128.174918712,37.916542000,128.174800000,37.916438056,128.174624245
689,689,826609551084,137.803,5.498741,37.915955000,128.174160000,1355.000000,2514.437662,2543.014117,28.576455,1.136495,0.801955,19.466949,17.870821,17.896595,19.290580,18.631236,19.466949,37.916230000,128.174970000,37.916230000,128.174970000,37.916515000,128.175230000,37.916576872,128.175022672,37.915920000,128.175160000,37.916021272,128.175317892,37.915950000,128.174730000,37.915889321,128.174918712,37.916542000,128.174800000,37.916438056,128.174624245
690,690,826609551287,138.006,5.498741,37.915894000,128.174180000,1356.000000,2494.396867,2554.037146,59.640279,2.390970,0.531414,15.664406,53.058914,15.523220,51.866520,34.028265,53.058914,37.916218000,128.174990000,37.916218000,128.174990000,37.916540000,128.174840000,37.916567386,128.175014957,37.916496000,128.175250000,37.916026570,128.175354661,37.915900000,128.175140000,37.915874736,128.174966166,37.915947000,128.174710000,37.916408323,128.174627201
691,691,826609551490,138.209,5.498741,37.915830000,128.174180000,1356.000000,2516.979473,2560.638087,43.658614,1.734564,1.236925,9.154555,48.050850,10.667054,47.843825,28.929071,48.050850,37.916230000,128.174970000,37.916230000,128.174970000,37.916557000,128.174850000,37.916579774,128.174950164,37.916496000,128.175280000,37.916068830,128.175358605,37.915905000,128.175110000,37.915886464,128.174990831,37.915970000,128.174700000,37.916389965,128.174584188
692,692,826609551693,138.412,5.498741,37.915760000,128.174180000,1357.000000,2513.264519,2576.609941,63.345423,2.520444,1.228194,3.563868,43.648010,5.013697,44.090512,24.079022,44.090512,37.916230000,128.174970000,37.916230000,128.174970000,37.916565000,128.174880000,37.916578452,128.174916825,37.916480000,128.175300000,37.916092343,128.175374580,37.915897000,128.175080000,37.915887915,128.175024084,37.915980000,128.174680000,37.916366215,128.174568694
693,693,826609551881,138.600,5.498741,37.915695000,128.174180000,1358.000000,2589.714795,2593.642035,3.927240,0.151648,0.540568,3.577505,42.317211,1.751758,41.289406,22.233970,42.317211,37.916218000,128.174990000,37.916218000,128.174990000,37.916557000,128.174880000,37.916565439,128.174919307,37.916466000,128.175310000,37.916092923,128.175402465,37.915882000,128.175080000,37.915876917,128.175061122,37.915977000,128.174670000,37.916341156,128.174580695
694,694,826609552085,138.804,5.498741,37.915627000,128.174160000,1359.000000,2566.105034,2613.277750,47.172717,1.838300,1.096259,3.506810,38.403170,1.761088,37.356008,20.256769,38.403170,37.916225000,128.174970000,37.916225000,128.174970000,37.916573000,128.174910000,37.916569086,128.174870378,37.916462000,128.175320000,37.916122020,128.175394193,37.915886000,128.175050000,37.915887587,128.175069952,37.916000000,128.174650000,37.916326157,128.174549935
695,695,826609552289,139.008,5.498741,37.915560000,128.174160000,1359.000000,2588.248119,2625.675897,37.427778,1.446066,1.252075,7.350762,34.580683,5.587554,34.234110,20.438277,34.580683,37.916225000,128.174970000,37.916225000,128.174970000,37.916576000,128.174930000,37.916564984,128.174847471,37.916447000,128.175340000,37.916140198,128.175401730,37.915882000,128.175030000,37.915891761,128.175092410,37.916010000,128.174640000,37.916307828,128.174542854
696,696,826609552492,139.211,5.498741,37.915500000,128.174160000,1360.000000,2628.624206,2645.050134,16.425928,0.624887,1.079195,7.518716,33.461862,9.048812,31.672659,20.425512,33.461862,37.916214000,128.174990000,37.916214000,128.174990000,37.916570000,128.174940000,37.916552643,128.174857261,37.916430000,128.175340000,37.916137061,128.175425437,37.915870000,128.175020000,37.915881920,128.175121923,37.916008000,128.174620000,37.916288413,128.174558943
697,697,826609552679,139.398,5.498741,37.915430000,128.174150000,1361.000000,2626.962252,2668.248695,41.286443,1.571642,1.259061,11.727129,30.315897,13.238405,28.566568,20.962000,30.315897,37.916214000,128.174990000,37.916214000,128.174990000,37.916573000,128.174970000,37.916549386,128.174839864,37.916416000,128.175350000,37.916151272,128.175431005,37.915867000,128.174990000,37.915885265,128.175138954,37.916020000,128.174600000,37.916274015,128.174553788
698,698,826609552882,139.601,5.498741,37.915367000,128.174130000,1362.000000,2635.760436,2692.031749,56.271313,2.134918,1.043460,16.869945,26.775769,15.034913,26.059457,21.185021,26.775769,37.916225000,128.174970000,37.916225000,128.174970000,37.916584000,128.174990000,37.916556231,128.174801158,37.916416000,128.175370000,37.916178276,128.175416439,37.915874000,128.174970000,37.915900881,128.175137774,37.916042000,128.174600000,37.916269354,128.174529295
699,699,826609553085,139.804,5.498741,37.915306000,128.174130000,1362.000000,2687.769986,2705.556737,17.786751,0.661766,1.340930,19.106903,24.798755,16.938172,23.276774,21.030151,24.798755,37.916220000,128.174970000,37.916220000,128.174970000,37.916588000,128.175000000,37.916547705,128.174788514,37.916405000,128.175380000,37.916184380,128.175419143,37.915874000,128.174960000,37.915899512,128.175150141,37.916050000,128.174590000,37.916253087,128.174526901
700,700,826609553288,140.007,5.498741,37.915234000,128.174120000,1363.000000,2645.634791,2730.860958,85.226167,3.221388,0.624681,21.734439,21.417084,20.657527,20.926225,21.183819,21.734439,37.916214000,128.174970000,37.916214000,128.174970000,37.916576000,128.175020000,37.916539068,128.174776983,37.916378000,128.175380000,37.916188511,128.175422212,37.915863000,128.174930000,37.915896324,128.175161399,37.916054000,128.174580000,37.916236748,128.174524158
701,701,826609553492,140.211,5.498741,37.915173000,128.174100000,1364.000000,2663.427254,2758.591205,95.163951,3.572989,1.428268,25.216698,18.820156,23.051947,18.007363,21.274041,25.216698,37.916220000,128.174970000,37.916220000,128.174970000,37.916588000,128.175050000,37.916543521,128.174768452,37.916370000,128.175400000,37.916202087,128.175424969,37.915874000,128.174910000,37.915904040,128.175169711,37.916080000,128.174580000,37.916235097,128.174521745
702,702,826609553680,140.399,5.498741,37.915104000,128.174090000,1365.000000,2709.913295,2783.762532,73.849238,2.725151,0.876795,27.836532,15.404746,26.687838,14.782194,21.177828,27.836532,37.916214000,128.174960000,37.916214000,128.174960000,37.916576000,128.175060000,37.916534639,128.174747397,37.916344000,128.175400000,37.916206307,128.175417502,37.915867000,128.174870000,37.915901368,128.175170750,37.916090000,128.174550000,37.916218940,128.174509761
703,703,826609553884,140.603,5.498741,37.915043000,128.174060000,1366.000000,2744.178646,2815.736938,71.558292,2.607640,1.396843,31.528486,12.816839,29.429210,11.704022,21.369639,31.528486,37.916220000,128.174970000,37.916220000,128.174970000,37.916580000,128.175110000,37.916541361,128.174754348,37.916330000,128.175430000,37.916214865,128.175429765,37.915880000,128.174850000,37.915906610,128.175183402,37.916120000,128.174550000,37.916221958,128.174517467
704,704,826609554087,140.806,5.498741,37.914980000,128.174040000,1366.000000,2730.247936,2833.765206,103.517271,3.791497,0.722723,35.476439,8.563802,34.256874,7.350049,21.411791,35.476439,37.916210000,128.174960000,37.916210000,128.174960000,37.916565000,128.175140000,37.916529958,128.174738487,37.916286000,128.175400000,37.916210913,128.175421214,37.915880000,128.174790000,37.915898564,128.175179365,37.916140000,128.174510000,37.916205969,128.174506495
705,705,826609554290,141.009,5.498741,37.914852000,128.174000000,1368.000000,2786.216295,2900.319198,114.102903,4.095264,1.329895,39.850617,4.987232,36.006902,4.279933,21.281171,39.850617,37.916220000,128.174970000,37.916220000,128.174970000,37.916570000,128.175190000,37.916539379,128.174737893,37.916275000,128.175430000,37.916230428,128.175435737,37.915890000,128.174790000,37.915909235,128.175199277,37.916170000,128.174530000,37.916205785,128.174512182
706,706,826609554493,141.212,5.498741,37.914795000,128.173980000,1369.000000,2860.710998,2930.051306,69.340307,2.423884,1.329058,42.725452,1.398281,40.659212,1.721961,21.626226,42.725452,37.916218000,128.174970000,37.916218000,128.174970000,37.916557000,128.175220000,37.916537527,128.174734121,37.916240000,128.175450000,37.916232000,128.175437725,37.915900000,128.174740000,37.915907297,128.175202885,37.916200000,128.174530000,37.916200015,128.174510392
707,707,826609554681,141.400,5.498741,37.914726000,128.173950000,1370.000000,2876.842038,2959.151612,82.309575,2.861109,1.535507,46.816388,4.195726,43.994282,5.629956,25.159088,46.816388,37.916210000,128.174940000,37.916210000,128.174940000,37.916530000,128.175230000,37.916528268,128.174696916,37.916195000,128.175420000,37.916231836,128.175409885,37.915913000,128.174680000,37.915902002,128.175180759,37.916233000,128.174500000,37.916185128,128.174479323
708,708,826609554884,141.603,5.498741,37.914665000,128.173920000,1371.000000,2870.487508,2993.994296,123.506788,4.302642,1.027840,49.702743,8.328089,46.901121,9.274777,28.551682,49.702743,37.916210000,128.174940000,37.916210000,128.174940000,37.916510000,128.175260000,37.916529396,128.174694580,37.916160000,128.175400000,37.916234193,128.175412183,37.915928000,128.174650000,37.915901187,128.175182970,37.916264000,128.174500000,37.916182638,128.174477258
709,709,826609555088,141.807,5.498741,37.914665000,128.173920000,1371.000000,2948.892623,2993.994296,45.101673,1.529444,1.273605,53.269271,10.539911,49.629113,11.678263,31.279139,53.269271,37.916210000,128.174940000,37.916210000,128.174940000,37.916500000,128.175300000,37.916529396,128.174694580,37.916140000,128.175400000,37.916234193,128.175412183,37.915940000,128.174620000,37.915901187,128.175182970,37.916286000,128.174500000,37.916182638,128.174477258
710,710,826609555292,142.011,5.498741,37.914608000,128.173890000,1372.000000,2964.045731,3028.283966,64.238235,2.167248,0.885760,55.497065,15.443212,52.736048,16.902949,35.144818,55.497065,37.916210000,128.174940000,37.916210000,128.174940000,37.916470000,128.175320000,37.916530737,128.174692774,37.916100000,128.175380000,37.916236040,128.175414452,37.915966000,128.174590000,37.915900146,128.175184664,37.916330000,128.174510000,37.916180660,128.174475206
711,711,826609555479,142.198,5.498741,37.914486000,128.173830000,1374.000000,2982.131537,3110.220920,128.089383,4.295229,0.903953,57.760706,19.095695,55.803657,20.709273,38.342333,57.760706,37.916214000,128.174970000,37.916214000,128.174970000,37.916450000,128.175370000,37.916539274,128.174722099,37.916073000,128.175400000,37.916240025,128.175449554,37.915993000,128.174590000,37.915898863,128.175214120,37.916363000,128.174560000,37.916183152,128.174499692
712,712,826609555682,142.401,5.498741,37.914417000,128.173800000,1375.000000,2981.545127,3149.530584,167.985457,5.634175,0.613149,22.246341,21.416453,20.580500,19.401130,20.911106,22.246341,37.916210000,128.174960000,37.916210000,128.174960000,37.916380000,128.174550000,37.916536009,128.174708311,37.916424000,128.175370000,37.916240210,128.175442085,37.916042000,128.175350000,37.915894897,128.175208052,37.916008000,128.174550000,37.916175217,128.174487733
