sample_index,log_frame_index,timestamp,time_s,fov_deg,uav_lat,uav_lon,uav_alt,actual_area_m2,predicted_area_m2,area_error_m2,area_error_pct,centroid_error_m,corner_error_c1_m,corner_error_c2_m,corner_error_c3_m,corner_error_c4_m,mean_corner_error_m,max_corner_error_m,actual_center_lat,actual_center_lon,predicted_center_lat,predicted_center_lon,actual_c1_lat,actual_c1_lon,predicted_c1_lat,predicted_c1_lon,actual_c2_lat,actual_c2_lon,predicted_c2_lat,predicted_c2_lon,actual_c3_lat,actual_c3_lon,predicted_c3_lat,predicted_c3_lon,actual_c4_lat,actual_c4_lon,predicted_c4_lat,predicted_c4_lon
0,0,825323836148,0.000,4.998856,37.920597000,128.181350000,1305.000000,2152.284449,1691.812759,-460.471690,-21.394555,0.295561,21.745094,17.028297,21.228534,16.569567,19.142873,21.745094,37.922707000,128.181140000,37.922707000,128.181140000,37.922985000,128.180940000,37.922810003,128.180829970,37.923027000,128.181320000,37.922899761,128.181427636,37.922432000,128.181340000,37.922601510,128.181450750,37.922410000,128.180970000,37.922532112,128.180862104
1,1,825323836351,0.203,4.998856,37.920536000,128.181320000,1305.000000,2286.303954,1719.016178,-567.287776,-24.812439,0.463644,19.038135,18.564971,19.563492,17.681283,18.711970,19.563492,37.922718000,128.181150000,37.922718000,128.181150000,37.922985000,128.180920000,37.922825792,128.180840818,37.923046000,128.181320000,37.922910357,128.181442998,37.922447000,128.181370000,37.922607881,128.181459662,37.922413000,128.180980000,37.922544700,128.180867445
2,2,825323836554,0.406,4.998856,37.920470000,128.181290000,1304.000000,2224.572721,1737.110224,-487.462497,-21.912635,0.251515,17.834659,20.583149,18.006592,19.691232,19.028908,20.583149,37.922718000,128.181150000,37.922718000,128.181150000,37.922977000,128.180920000,37.922829171,128.180841708,37.923054000,128.181300000,37.922909772,128.181446674,37.922455000,128.181380000,37.922604415,128.181458558,37.922405000,128.181000000,37.922545810,128.180864279
3,3,825323836742,0.594,4.998856,37.920410000,128.181260000,1304.000000,2288.210144,1758.125460,-530.084684,-23.165909,0.035924,16.125714,21.910835,16.286101,21.660674,18.995831,21.910835,37.922718000,128.181150000,37.922718000,128.181150000,37.922970000,128.180900000,37.922832500,128.180842213,37.923060000,128.181290000,37.922909302,128.181450509,37.922462000,128.181400000,37.922600999,128.181457859,37.922398000,128.181020000,37.922546722,128.180860940
4,4,825323836946,0.798,4.998856,37.920353000,128.181230000,1303.000000,2327.605214,1766.610278,-560.994936,-24.101808,0.659481,14.452480,24.497583,14.256893,22.763364,18.992580,24.497583,37.922703000,128.181150000,37.922703000,128.181150000,37.922947000,128.180880000,37.922820423,128.180843395,37.923058000,128.181270000,37.922892143,128.181453356,37.922460000,128.181410000,37.922582714,128.181456469,37.922380000,128.181030000,37.922533269,128.180858402
5,5,825323837149,1.001,4.998856,37.920290000,128.181210000,1303.000000,2385.670709,1789.378747,-596.291962,-24.994730,0.401587,12.582996,25.368394,12.497429,24.506581,18.738850,25.368394,37.922703000,128.181150000,37.922703000,128.181150000,37.922935000,128.180860000,37.922822740,128.180843249,37.923060000,128.181260000,37.922892806,128.181456304,37.922470000,128.181430000,37.922580312,128.181456437,37.922375000,128.181050000,37.922533150,128.180855862
6,6,825323837353,1.205,4.998856,37.920223000,128.181180000,1303.000000,2347.595297,1823.254379,-524.340919,-22.335235,0.271522,9.929468,28.045908,10.704133,27.370778,19.012572,28.045908,37.922718000,128.181150000,37.922718000,128.181150000,37.922930000,128.180850000,37.922840966,128.180843148,37.923084000,128.181230000,37.922909634,128.181460533,37.922497000,128.181440000,37.922592289,128.181456343,37.922380000,128.181080000,37.922547940,128.180852342
7,7,825323837540,1.392,4.998856,37.920223000,128.181180000,1303.000000,2347.595297,1823.254379,-524.340919,-22.335235,0.271522,9.929468,28.045908,10.704133,27.370778,19.012572,28.045908,37.922718000,128.181150000,37.922718000,128.181150000,37.922930000,128.180850000,37.922840966,128.180843148,37.923084000,128.181230000,37.922909634,128.181460533,37.922497000,128.181440000,37.922592289,128.181456343,37.922380000,128.181080000,37.922547940,128.180852342
8,8,825323837744,1.596,4.998856,37.920162000,128.181150000,1302.000000,2357.224001,1843.360541,-513.863460,-21.799518,0.144034,8.945687,29.845043,9.513569,28.234185,19.134621,29.845043,37.922718000,128.181150000,37.922718000,128.181150000,37.922924000,128.180850000,37.922843789,128.180843787,37.923088000,128.181210000,37.922909624,128.181463730,37.922504000,128.181460000,37.922589388,128.181455499,37.922380000,128.181090000,37.922548470,128.180849651
9,9,825323837944,1.796,4.998856,37.920094000,128.181140000,1302.000000,2399.453443,1870.082137,-529.371306,-22.062162,0.513922,6.955608,32.009843,7.327238,30.991029,19.320930,32.009843,37.922718000,128.181150000,37.922718000,128.181150000,37.922905000,128.180820000,37.922845176,128.180842864,37.923090000,128.181180000,37.922911677,128.181465962,37.922523000,128.181470000,37.922587924,128.181456262,37.922370000,128.181120000,37.922547178,128.180847779
10,10,825323838147,1.999,4.998856,37.920033000,128.181120000,1301.000000,2428.779445,1891.204792,-537.574652,-22.133531,0.179625,5.180183,33.212371,5.917137,32.480225,19.197479,33.212371,37.922718000,128.181150000,37.922718000,128.181150000,37.922890000,128.180820000,37.922847117,128.180842905,37.923096000,128.181170000,37.922912663,128.181468381,37.922540000,128.181490000,37.922585911,128.181456042,37.922370000,128.181140000,37.922546825,128.180845785
11,11,825323838344,2.196,7.078050,37.919970000,128.181090000,1301.000000,4335.547157,3253.612562,-1081.934595,-24.954972,1.793178,15.078914,40.716937,14.111404,35.315683,26.305735,40.716937,37.922040000,128.180860000,37.922040000,128.180860000,37.922330000,128.180420000,37.922194547,128.180421210,37.922535000,128.180920000,37.922286771,128.181260547,37.921764000,128.181290000,37.921890691,128.181295492,37.921600000,128.180790000,37.921798092,128.180475871
12,12,825323838543,2.395,9.997711,37.919900000,128.181080000,1301.000000,7434.880962,5479.870307,-1955.010655,-26.295117,1.757430,54.447431,19.308697,50.006837,18.159606,35.480643,54.447431,37.921204000,128.180280000,37.921204000,128.180280000,37.921680000,128.179800000,37.921199887,128.179681627,37.921825000,128.180500000,37.921683387,128.180626966,37.920760000,128.180760000,37.921194131,128.180906347,37.920643000,128.180080000,37.920771134,128.179952015
13,13,825323838742,2.594,9.997711,37.919838000,128.181060000,1300.000000,6565.787865,4854.860712,-1710.927153,-26.058216,0.661967,76.846392,21.421034,78.095114,19.757123,49.029916,78.095114,37.920647000,128.179760000,37.920647000,128.179760000,37.921130000,128.179400000,37.920454500,128.179219633,37.921165000,128.180080000,37.921142407,128.179837756,37.920162000,128.180130000,37.920849862,128.180304758,37.920147000,128.179460000,37.920170670,128.179682974
14,14,825323838942,2.794,9.997711,37.919765000,128.181050000,1300.000000,6217.749284,4685.304826,-1532.444457,-24.646289,2.366517,15.942263,18.540510,20.535932,15.135315,17.538505,20.535932,37.920387000,128.179280000,37.920387000,128.179280000,37.919960000,128.178820000,37.920100923,128.178787672,37.920920000,128.179020000,37.920867124,128.179220207,37.920853000,128.179660000,37.920681585,128.179746430,37.919884000,128.179470000,37.919917429,128.179302938
15,15,825323839141,2.993,9.997711,37.919704000,128.181030000,1300.000000,6379.551713,4711.842277,-1667.709436,-26.141483,1.342043,7.802966,10.694699,8.088862,8.143548,8.682519,10.694699,37.920208000,128.179320000,37.920208000,128.179320000,37.919860000,128.178770000,37.919898750,128.178844044,37.920773000,128.179200000,37.920680196,128.179231494,37.920570000,128.179840000,37.920516659,128.179777451,37.919666000,128.179370000,37.919739155,128.179370057
16,16,825323839344,3.196,9.997711,37.919643000,128.181030000,1300.000000,6414.610390,4837.142764,-1577.467625,-24.591792,2.088184,14.269665,13.689664,12.319377,17.477438,14.439036,17.477438,37.920060000,128.179600000,37.920060000,128.179600000,37.919800000,128.178960000,37.919751384,128.179110354,37.920624000,128.179610000,37.920529436,128.179510341,37.920326000,128.180190000,37.920366353,128.180059373,37.919510000,128.179500000,37.919590614,128.179670784
17,17,825323839547,3.399,9.997711,37.919570000,128.181020000,1300.000000,6534.277416,4944.574936,-1589.702480,-24.328665,0.778208,21.749022,22.757053,22.453488,25.886482,23.211511,25.886482,37.919918000,128.179890000,37.919918000,128.179890000,37.919760000,128.179200000,37.919619290,128.179371820,37.920470000,128.180040000,37.920390549,128.179801229,37.920080000,128.180540000,37.920216046,128.180351231,37.919384000,128.179670000,37.919449954,128.179952674
18,18,825323839751,3.603,9.997711,37.919510000,128.181000000,1300.000000,6491.668136,4813.592168,-1678.075968,-25.849688,1.475429,27.610964,82.098109,29.199659,80.214069,54.780700,82.098109,37.919773000,128.180250000,37.919773000,128.180250000,37.919280000,128.179900000,37.919491827,128.179736431,37.919730000,128.179520000,37.920243342,128.180191231,37.920273000,128.180540000,37.920054544,128.180724050,37.919827000,128.180920000,37.919303667,128.180292105
19,19,825323839956,3.808,9.997711,37.919437000,128.181000000,1300.000000,6451.304303,4752.187181,-1699.117122,-26.337575,0.341354,27.046376,79.964475,26.861280,80.310320,53.545613,80.310320,37.919660000,128.180570000,37.919660000,128.180570000,37.919216000,128.180130000,37.919444404,128.180024994,37.919712000,128.179870000,37.920130001,128.180610537,37.920105000,128.180980000,37.919882821,128.181099331,37.919613000,128.181260000,37.919188363,128.180520678
20,20,825323840144,3.996,9.997711,37.919373000,128.180980000,1301.000000,6541.641927,4864.898396,-1676.743531,-25.631845,0.857341,9.405346,9.375028,8.776708,11.309503,9.716646,11.309503,37.919550000,128.180910000,37.919550000,128.180910000,37.919704000,128.180250000,37.919646561,128.180328545,37.919940000,128.181430000,37.919908795,128.181330843,37.919395000,128.181580000,37.919454506,128.181514435,37.919180000,128.180370000,37.919204899,128.180494857
21,21,825323840347,4.199,9.997711,37.919304000,128.180970000,1301.000000,6900.031704,5148.533022,-1751.498682,-25.383922,1.499176,59.931759,10.037966,57.620805,8.929195,34.129931,59.931759,37.919437000,128.181290000,37.919437000,128.181290000,37.919740000,128.181950000,37.919923745,128.181308518,37.919163000,128.181960000,37.919168149,128.181845881,37.919163000,128.180680000,37.918949268,128.181277596,37.919693000,128.180680000,37.919687645,128.180781452
22,22,825323840551,4.403,9.997711,37.919240000,128.180970000,1301.000000,7091.743713,5365.198869,-1726.544844,-24.345844,1.269108,52.631447,16.131472,50.107444,15.579208,33.612393,52.631447,37.919342000,128.181460000,37.919342000,128.181460000,37.919610000,128.182160000,37.919825855,128.181626778,37.919025000,128.182110000,37.918978364,128.181936079,37.919100000,128.180820000,37.918865478,128.181307023,37.919632000,128.180860000,37.919679868,128.181026705
23,23,825323840754,4.606,9.997711,37.919178000,128.180970000,1301.000000,7151.236351,5383.798803,-1767.437548,-24.715133,2.233188,52.331187,18.639585,49.125693,15.017536,33.778500,52.331187,37.919270000,128.181460000,37.919270000,128.181460000,37.919533000,128.182170000,37.919751014,128.181642049,37.918945000,128.182130000,37.918896544,128.181926828,37.919030000,128.180820000,37.918794946,128.181293451,37.919563000,128.180880000,37.919616189,128.181037156
24,24,825323840942,4.794,9.997711,37.919106000,128.180950000,1302.000000,7095.325573,5328.873274,-1766.452299,-24.896001,1.087744,54.044533,14.355377,52.232641,13.985910,33.654615,54.044533,37.919200000,128.181380000,37.919200000,128.181380000,37.919456000,128.182080000,37.919681285,128.181534852,37.918873000,128.182020000,37.918839961,128.181861988,37.918964000,128.180730000,37.918718711,128.181237041,37.919500000,128.180790000,37.919532797,128.180943739
25,25,825323841145,4.997,9.997711,37.919044000,128.180950000,1302.000000,6979.977759,5133.018642,-1846.959117,-26.460817,1.335180,62.673184,9.359548,60.388349,8.518846,35.234982,62.673184,37.919130000,128.181180000,37.919130000,128.181180000,37.919376000,128.181870000,37.919610611,128.181221243,37.918800000,128.181810000,37.918840569,128.181716648,37.918896000,128.180540000,37.918634891,128.181142759,37.919437000,128.180600000,37.919400743,128.180685427
26,26,825323841348,5.200,9.997711,37.918980000,128.180940000,1302.000000,6819.855820,5049.304239,-1770.551581,-25.961716,1.450036,17.551354,19.957440,18.629252,17.255403,18.348362,19.957440,37.919067000,128.180920000,37.919067000,128.180920000,37.919380000,128.180360000,37.919222702,128.180346341,37.919300000,128.181600000,37.919378673,128.181395791,37.918740000,128.181530000,37.918906936,128.181515092,37.918835000,128.180270000,37.918753756,128.180437340
27,27,825323841553,5.405,9.997711,37.918910000,128.180920000,1303.000000,6681.776826,4997.902770,-1683.874056,-25.200992,0.612176,12.016614,52.735432,11.800394,53.547078,32.524880,53.547078,37.919018000,128.180660000,37.919018000,128.180660000,37.918790000,128.180000000,37.918751107,128.180127646,37.919340000,128.180080000,37.919487610,128.180650614,37.919240000,128.181300000,37.919278714,128.181174908,37.918690000,128.181240000,37.918520658,128.180669283
28,28,825323841740,5.592,9.997711,37.918846000,128.180920000,1303.000000,6826.414622,4994.160356,-1832.254266,-26.840653,0.194029,24.844611,41.296888,24.538299,41.851958,33.132939,41.851958,37.918970000,128.180310000,37.918970000,128.180310000,37.918740000,128.179640000,37.918614349,128.179873815,37.919296000,128.179730000,37.919430264,128.180168377,37.919180000,128.180970000,37.919310049,128.180744388,37.918633000,128.180900000,37.918489343,128.180459586
29,29,825323841944,5.796,9.997711,37.918785000,128.180910000,1303.000000,6863.420252,5035.287855,-1828.132397,-26.635880,1.078039,29.437239,37.743103,27.198089,36.564614,32.735761,37.743103,37.918926000,128.179980000,37.918926000,128.179980000,37.918700000,128.179320000,37.918550347,128.179596364,37.919262000,128.179400000,37.919387623,128.179799199,37.919140000,128.180650000,37.919286767,128.180402396,37.918590000,128.180560000,37.918456892,128.180179352
30,30,825323842147,5.999,9.997711,37.918713000,128.180910000,1304.000000,6764.004211,5083.630420,-1680.373791,-24.842885,0.567712,30.947060,33.413031,30.083037,32.587882,31.757753,33.413031,37.918880000,128.179530000,37.918880000,128.179530000,37.918655000,128.178900000,37.918492418,128.179185854,37.919216000,128.178970000,37.919345203,128.179313426,37.919098000,128.180200000,37.919263679,128.179929369,37.918540000,128.180110000,37.918420997,128.179770960
31,31,825323842351,6.203,9.997711,37.918650000,128.180900000,1304.000000,6688.929185,5045.352471,-1643.576714,-24.571597,1.195465,29.518212,32.033305,33.223941,32.236320,31.752945,33.223941,37.918842000,128.179170000,37.918842000,128.179170000,37.918617000,128.178560000,37.918449075,128.178820138,37.919178000,128.178620000,37.919303484,128.178948260,37.919064000,128.179840000,37.919240345,128.179534775,37.918507000,128.179760000,37.918387601,128.179425574
32,32,825323842553,6.405,9.997711,37.918580000,128.180900000,1304.000000,6810.446137,5202.771136,-1607.675002,-23.606016,0.741453,32.236515,32.615238,30.898965,31.337730,31.772112,32.615238,37.918808000,128.178820000,37.918808000,128.178820000,37.918583000,128.178150000,37.918409616,128.178444016,37.919144000,128.178270000,37.919269203,128.178605777,37.919033000,128.179460000,37.919207081,128.179185945,37.918472000,128.179410000,37.918352001,128.179087195
33,33,825323842741,6.593,9.997711,37.918518000,128.180880000,1305.000000,7383.804566,5639.604212,-1744.200355,-23.621973,2.060641,35.306697,34.825492,30.350678,32.783235,33.316525,35.306697,37.918762000,128.178400000,37.918762000,128.178400000,37.918537000,128.177630000,37.918350663,128.177955342,37.919110000,128.177810000,37.919225550,128.178178523,37.918995000,128.179050000,37.919163111,128.178777909,37.918430000,128.179000000,37.918302121,128.178663722
34,34,825323842946,6.798,9.997711,37.918385000,128.180880000,1305.000000,7897.432313,6032.985584,-1864.446730,-23.608265,1.119060,32.347493,40.119511,28.810442,41.185690,35.615784,41.185690,37.918724000,128.178040000,37.918724000,128.178040000,37.918490000,128.177250000,37.918314054,128.177543149,37.919075000,128.177410000,37.919199528,128.177838710,37.918953000,128.178730000,37.919113937,128.178473074,37.918390000,128.178710000,37.918248824,128.178276497
35,35,825323843149,7.001,9.997711,37.918320000,128.180860000,1305.000000,8214.811793,6192.275881,-2022.535912,-24.620600,2.385480,31.447054,39.159938,32.853440,46.638477,37.524727,46.638477,37.918670000,128.177670000,37.918670000,128.177670000,37.918423000,128.176900000,37.918247074,128.177180177,37.919018000,128.177060000,37.919150973,128.177472836,37.918890000,128.178440000,37.919064342,128.178138146,37.918330000,128.178390000,37.918185658,128.177891434
36,36,825323843353,7.205,9.997711,37.918247000,128.180860000,1306.000000,8142.234357,6277.104140,-1865.130217,-22.906860,3.357546,29.888590,37.428275,35.371816,43.997869,36.671638,43.997869,37.918594000,128.177380000,37.918594000,128.177380000,37.918335000,128.176640000,37.918159413,128.176897479,37.918938000,128.176790000,37.919081121,128.177175660,37.918823000,128.178190000,37.918999076,128.177854711,37.918260000,128.178050000,37.918103121,128.177590146
37,37,825323843555,7.407,9.997711,37.918186000,128.180860000,1306.000000,8178.169174,6219.493356,-1958.675818,-23.950053,2.536044,28.714710,39.352895,33.409791,43.851324,36.332180,43.851324,37.918518000,128.177170000,37.918518000,128.177170000,37.918243000,128.176450000,37.918074594,128.176697677,37.918858000,128.176560000,37.919006458,128.176966688,37.918762000,128.177950000,37.918933470,128.177637763,37.918182000,128.177830000,37.918023855,128.177372665
38,38,825323843743,7.595,9.997711,37.918114000,128.180860000,1306.000000,8131.160178,6265.554558,-1865.605620,-22.943904,3.204715,28.092443,37.742158,32.141919,44.535007,35.627881,44.535007,37.918400000,128.176910000,37.918400000,128.176910000,37.918110000,128.176200000,37.917942018,128.176438724,37.918728000,128.176330000,37.918888884,128.176708306,37.918667000,128.177670000,37.918830534,128.177368359,37.918070000,128.177580000,37.917902817,128.177119277
39,39,825323843946,7.798,9.997711,37.918053000,128.180860000,1306.000000,8659.118438,6495.399625,-2163.718813,-24.987749,0.669663,37.587574,38.440500,31.076417,43.631627,37.684029,43.631627,37.918312000,128.176770000,37.918312000,128.176770000,37.918010000,128.175900000,37.917844891,128.176273353,37.918636000,128.176180000,37.918802609,128.176563407,37.918590000,128.177520000,37.918749419,128.177229504,37.917990000,128.177430000,37.917813159,128.176986606
40,40,825323844149,8.001,9.997711,37.917988000,128.180860000,1306.000000,9305.909719,6806.917557,-2498.992162,-26.853819,6.950631,41.746195,49.757590,27.969111,40.202703,39.918900,49.757590,37.918182000,128.176640000,37.918182000,128.176640000,37.917862000,128.175670000,37.917699531,128.176098439,37.918510000,128.175890000,37.918673141,128.176417507,37.918476000,128.177340000,37.918631008,128.177089349,37.917870000,128.177250000,37.917682529,128.176858719
41,41,825323844353,8.205,9.997711,37.917915000,128.180880000,1306.000000,10171.784076,7265.015906,-2906.768170,-28.576778,6.361258,38.482495,57.599858,29.517292,45.436280,42.758981,57.599858,37.918040000,128.176450000,37.918040000,128.176450000,37.917698000,128.175460000,37.917536982,128.175847766,37.918370000,128.175580000,37.918535017,128.176201644,37.918354000,128.177170000,37.918502796,128.176891795,37.917740000,128.177110000,37.917536683,128.176661373
42,42,825323844541,8.393,9.997711,37.917854000,128.180880000,1306.000000,10602.189261,7632.403885,-2969.785376,-28.011058,7.891670,41.205124,59.388788,28.432958,45.437861,43.616183,59.388788,37.917910000,128.176300000,37.917910000,128.176300000,37.917545000,128.175260000,37.917389055,128.175685532,37.918230000,128.175400000,37.918407826,128.176037590,37.918236000,128.177020000,37.918383765,128.176755914,37.917614000,128.176970000,37.917403544,128.176526674
43,43,825323844745,8.597,9.997711,37.917854000,128.180880000,1306.000000,10602.189261,7632.403885,-2969.785376,-28.011058,7.891670,41.205124,59.388788,28.432958,45.437861,43.616183,59.388788,37.917910000,128.176300000,37.917910000,128.176300000,37.917545000,128.175260000,37.917389055,128.175685532,37.918230000,128.175400000,37.918407826,128.176037590,37.918236000,128.177020000,37.918383765,128.176755914,37.917614000,128.176970000,37.917403544,128.176526674
44,44,825323844948,8.800,9.997711,37.917790000,128.180900000,1306.000000,11156.951569,8602.082508,-2554.869061,-22.899347,3.942195,40.255273,52.287333,29.386176,50.522790,43.112893,52.287333,37.917747000,128.176070000,37.917747000,128.176070000,37.917350000,128.175020000,37.917198236,128.175436066,37.918053000,128.175220000,37.918253874,128.175758203,37.918090000,128.176860000,37.918235838,128.176581080,37.917460000,128.176830000,37.917235247,128.176330191
45,45,825323845151,9.003,9.997711,37.917720000,128.180900000,1306.000000,11879.914633,9354.343360,-2525.571273,-21.259170,2.615383,41.768510,51.127259,33.338588,51.503392,44.434437,51.503392,37.917572000,128.175870000,37.917572000,128.175870000,37.917145000,128.174790000,37.916996539,128.175226804,37.917866000,128.175030000,37.918083069,128.175543060,37.917940000,128.176770000,37.918077831,128.176432967,37.917297000,128.176670000,37.917057134,128.176168504
46,46,825323845354,9.206,9.997711,37.917656000,128.180910000,1306.000000,12770.538332,9762.557055,-3007.981277,-23.554068,4.571429,44.090128,58.169172,34.138159,53.049641,47.361775,58.169172,37.917408000,128.175700000,37.917408000,128.175700000,37.916946000,128.174590000,37.916810552,128.175061783,37.917690000,128.174760000,37.917922455,128.175353221,37.917797000,128.176620000,37.917932847,128.176271491,37.917145000,128.176530000,37.916889855,128.176019798
47,47,825323845542,9.394,9.997711,37.917587000,128.180920000,1306.000000,13591.909629,9959.117760,-3632.791868,-26.727605,6.204606,46.046164,64.894554,34.914387,55.125394,50.245125,64.894554,37.917206000,128.175500000,37.917206000,128.175500000,37.916720000,128.174440000,37.916591845,128.174938525,37.917477000,128.174470000,37.917724337,128.175139143,37.917625000,128.176440000,37.917756056,128.176078803,37.916960000,128.176400000,37.916688707,128.175874871
48,48,825323845746,9.598,9.997711,37.917526000,128.180940000,1306.000000,14047.368555,10435.747258,-3611.621297,-25.710305,8.154885,47.439939,67.841550,35.756417,51.275918,50.578456,67.841550,37.916992000,128.175310000,37.916992000,128.175310000,37.916485000,128.174350000,37.916370179,128.174870217,37.917240000,128.174220000,37.917514279,128.174909847,37.917442000,128.176270000,37.917570067,128.175896607,37.916770000,128.176280000,37.916491878,128.175814573
49,49,825323845949,9.801,9.997711,37.917454000,128.180970000,1306.000000,14296.989967,10849.513193,-3447.476773,-24.113305,9.751085,49.413515,67.006857,34.632030,47.977306,49.757427,67.006857,37.916798000,128.175190000,37.916798000,128.175190000,37.916270000,128.174290000,37.916174173,128.174839398,37.917027000,128.174070000,37.917320807,128.174735934,37.917270000,128.176130000,37.917396608,128.175769782,37.916595000,128.176200000,37.916314213,128.175785540
50,50,825323846152,10.004,9.997711,37.917393000,128.180980000,1306.000000,14532.633595,11151.195459,-3381.438136,-23.267896,10.055558,51.370650,66.417033,36.464655,46.270633,50.130743,66.417033,37.916600000,128.175110000,37.916600000,128.175110000,37.916054000,128.174220000,37.915968098,128.174794726,37.916800000,128.173920000,37.917113880,128.174563165,37.917090000,128.176000000,37.917213399,128.175615371,37.916416000,128.176130000,37.916130510,128.175747063
51,51,825323846356,10.208,9.997711,37.917330000,128.181000000,1306.000000,14920.794707,11243.682334,-3677.112373,-24.644213,9.521463,53.567791,65.449970,38.372854,47.495237,51.221463,65.449970,37.916363000,128.175050000,37.916363000,128.175050000,37.915790000,128.174160000,37.915720231,128.174763521,37.916530000,128.173780000,37.916859300,128.174397405,37.916874000,128.175840000,37.916986728,128.175427080,37.916210000,128.176100000,37.915909555,128.175716009
52,52,825323846544,10.396,9.997711,37.917263000,128.181030000,1306.000000,15111.878555,11254.015077,-3857.863478,-25.528682,5.965381,54.408539,60.107044,45.358051,48.919540,52.198294,60.107044,37.916084000,128.174970000,37.916084000,128.174970000,37.915485000,128.174120000,37.915434210,128.174736183,37.916218000,128.173700000,37.916558126,128.174231565,37.916622000,128.175740000,37.916716241,128.175237523,37.915966000,128.176060000,37.915650362,128.175672425
53,53,825323846747,10.599,9.997711,37.917206000,128.181060000,1306.000000,14793.610025,11311.092271,-3482.517754,-23.540689,3.118297,49.935847,55.877847,45.888885,49.791721,50.373575,55.877847,37.915860000,128.174910000,37.915860000,128.174910000,37.915257000,128.174160000,37.915208892,128.174725327,37.915970000,128.173690000,37.916319882,128.174146228,37.916420000,128.175670000,37.916502590,128.175158070,37.915768000,128.176030000,37.915442336,128.175641355
54,54,825323846950,10.802,9.997711,37.917137000,128.181090000,1306.000000,14775.374645,11187.441504,-3587.933141,-24.283196,3.058928,47.536740,58.493657,48.180275,48.118517,50.582298,58.493657,37.915630000,128.174900000,37.915630000,128.174900000,37.915024000,128.174210000,37.914975651,128.174747806,37.915714000,128.173650000,37.916076298,128.174132416,37.916214000,128.175660000,37.916279025,128.175117613,37.915558000,128.176000000,37.915227111,128.175647450
55,55,825323847153,11.005,9.997711,37.917080000,128.181120000,1306.000000,15106.845234,11015.785360,-4091.059873,-27.080835,3.529764,48.899689,61.283943,50.026179,49.076864,52.321669,61.283943,37.915363000,128.174900000,37.915363000,128.174900000,37.914730000,128.174220000,37.914701227,128.174775608,37.915410000,128.173610000,37.915789049,128.174116067,37.915970000,128.175630000,37.916015712,128.175063324,37.915320000,128.176000000,37.914974884,128.175652272
56,56,825323847341,11.193,9.997711,37.917023000,128.181150000,1306.000000,14969.048082,10806.221777,-4162.826305,-27.809559,3.735649,53.081322,57.822617,49.722570,49.163533,52.447510,57.822617,37.915123000,128.174910000,37.915123000,128.174910000,37.914455000,128.174210000,37.914457238,128.174814410,37.915150000,128.173680000,37.915533938,128.174123460,37.915745000,128.175600000,37.915778846,128.175035456,37.915100000,128.176000000,37.914746471,128.175664478
57,57,825323847545,11.397,9.997711,37.916958000,128.181200000,1306.000000,14624.887251,10800.072710,-3824.814541,-26.152780,1.197748,50.727821,52.328848,51.550605,49.395055,51.000582,52.328848,37.914800000,128.174910000,37.914800000,128.174910000,37.914112000,128.174270000,37.914126259,128.174847333,37.914814000,128.173770000,37.915193224,128.174122101,37.915450000,128.175580000,37.915461284,128.174993190,37.914818000,128.176010000,37.914449938,128.175695860
58,58,825323847748,11.600,9.997711,37.916904000,128.181240000,1305.000000,14933.335528,10839.096053,-4094.239474,-27.416778,2.262636,54.744797,52.762611,52.152304,49.061474,52.180296,54.744797,37.914543000,128.174940000,37.914543000,128.174940000,37.913820000,128.174290000,37.913868136,128.174910360,37.914530000,128.173810000,37.914920909,128.174149744,37.915210000,128.175580000,37.915205164,128.174986198,37.914597000,128.176070000,37.914225836,128.175768770
59,59,825323847952,11.804,9.997711,37.916840000,128.181290000,1305.000000,15540.025156,11113.978191,-4426.046965,-28.481595,3.127195,58.777859,53.922837,53.636822,49.493328,53.957711,58.777859,37.914246000,128.175000000,37.914246000,128.175000000,37.913475000,128.174330000,37.913561831,128.174990161,37.914192000,128.173840000,37.914596921,128.174176982,37.914936000,128.175610000,37.914906438,128.175000416,37.914345000,128.176150000,37.913962339,128.175863062
60,60,825323848155,12.007,9.997711,37.916790000,128.181340000,1305.000000,15709.261463,11236.130137,-4473.131326,-28.474485,5.038884,63.814136,54.265098,53.617555,47.358096,54.763721,63.814136,37.913990000,128.175100000,37.913990000,128.175100000,37.913190000,128.174420000,37.913310887,128.175130276,37.913890000,128.173900000,37.914304860,128.174224449,37.914696000,128.175660000,37.914643884,128.175053071,37.914116000,128.176220000,37.913734300,128.175981881
61,61,825323848342,12.194,9.997711,37.916737000,128.181380000,1305.000000,15933.095224,11413.377001,-4519.718223,-28.366856,5.038423,66.687294,51.776507,54.357358,46.966321,54.946870,66.687294,37.913760000,128.175170000,37.913760000,128.175170000,37.912940000,128.174530000,37.913101506,128.175261213,37.913630000,128.173970000,37.914041605,128.174244543,37.914486000,128.175720000,37.914416828,128.175107307,37.913918000,128.176300000,37.913533777,128.176079083
62,62,825323848545,12.397,9.997711,37.916680000,128.181430000,1305.000000,16329.801410,11568.938871,-4760.862539,-29.154442,6.991058,68.132340,54.908220,52.243623,46.904345,55.547132,68.132340,37.913433000,128.175340000,37.913433000,128.175340000,37.912590000,128.174760000,37.912793761,128.175491525,37.913208000,128.174040000,37.913646420,128.174326479,37.914160000,128.175810000,37.914078741,128.175224120,37.913630000,128.176450000,37.913238301,128.176253201
63,63,825323848749,12.601,9.997711,37.916630000,128.181490000,1305.000000,16734.695267,11450.068642,-5284.626624,-31.578864,15.748531,73.982102,68.615550,43.236264,43.029699,57.215904,73.982102,37.913230000,128.175580000,37.913230000,128.175580000,37.912354000,128.175000000,37.912612362,128.175776124,37.912860000,128.174100000,37.913386120,128.174507044,37.913902000,128.175900000,37.913855626,128.175411220,37.913425000,128.176640000,37.913057665,128.176487474
64,64,825323848953,12.805,9.997711,37.916576000,128.181550000,1304.000000,15938.079626,12569.750759,-3368.328867,-21.133844,5.644423,48.669165,60.119667,44.876062,44.960745,49.656410,60.119667,37.912865000,128.175750000,37.912865000,128.175750000,37.912094000,128.175400000,37.912213520,128.175933051,37.912450000,128.174300000,37.912938292,128.174592463,37.913574000,128.176060000,37.913492698,128.175559529,37.913116000,128.176800000,37.912726518,128.176664487
65,65,825323849141,12.993,9.997711,37.916530000,128.181600000,1304.000000,16838.074813,13665.657948,-3172.416865,-18.840734,1.106008,43.581999,55.679665,50.390758,52.972290,50.656178,55.679665,37.912624000,128.175960000,37.912624000,128.175960000,37.911736000,128.175520000,37.911834758,128.176000187,37.912180000,128.174560000,37.912648620,128.174781631,37.913360000,128.176270000,37.913231753,128.175719748,37.912914000,128.177020000,37.912465180,128.176819581
66,66,825323849344,13.196,9.997711,37.916490000,128.181660000,1304.000000,17590.299289,13740.534539,-3849.764750,-21.885726,1.849998,57.168288,58.100546,51.264786,58.206268,56.184972,58.206268,37.912390000,128.176200000,37.912390000,128.176200000,37.911210000,128.175460000,37.911406182,128.176061561,37.911945000,128.174900000,37.912436930,128.175121038,37.913128000,128.176470000,37.912980163,128.175917184,37.912636000,128.177140000,37.912138971,128.176934206
67,67,825323849547,13.399,9.997711,37.916443000,128.181720000,1303.000000,17952.050938,13857.903067,-4094.147870,-22.806017,1.246292,54.006868,59.466147,49.757181,68.553794,57.945997,68.553794,37.911934000,128.176250000,37.911934000,128.176250000,37.910732000,128.175610000,37.910922164,128.176175722,37.911594000,128.175170000,37.912104037,128.175371310,37.912827000,128.176650000,37.912666315,128.176121333,37.912273000,128.177260000,37.911689722,128.177009584
68,68,825323849751,13.603,9.997711,37.916400000,128.181800000,1303.000000,19767.032056,14828.514110,-4938.517947,-24.983609,3.067894,43.561458,86.082026,46.766115,74.641059,62.762664,86.082026,37.911488000,128.176300000,37.911488000,128.176300000,37.910435000,128.175920000,37.910556592,128.176391442,37.911037000,128.175110000,37.911740697,128.175516357,37.912594000,128.176880000,37.912436212,128.176386503,37.911930000,128.177380000,37.911288820,128.177131381
69,69,825323849954,13.806,9.997711,37.916363000,128.181850000,1303.000000,20598.324307,16603.020511,-3995.303796,-19.396256,4.179335,44.472206,82.154479,39.974843,73.067446,59.917244,82.154479,37.911076000,128.176510000,37.911076000,128.176510000,37.909966000,128.176180000,37.910110039,128.176652303,37.910560000,128.175320000,37.911255562,128.175632651,37.912186000,128.176990000,37.912070038,128.176559232,37.911552000,128.177580000,37.910914543,128.177381694
70,70,825323850141,13.993,9.997711,37.916325000,128.181930000,1303.000000,21925.968119,16719.340336,-5206.627783,-23.746399,11.518621,75.510094,74.193180,41.908674,66.733511,64.586365,75.510094,37.910774000,128.176800000,37.910774000,128.176800000,37.909325000,128.176270000,37.909739431,128.176950629,37.910244000,128.175660000,37.910890969,128.175862947,37.911858000,128.177150000,37.911708557,128.176712036,37.911163000,128.177750000,37.910569985,128.177638735
71,71,825323850344,14.196,9.997711,37.916286000,128.182000000,1302.000000,24331.463829,17270.426302,-7061.037527,-29.020192,14.695501,79.815361,92.481030,43.050246,76.808003,73.038660,92.481030,37.910385000,128.177120000,37.910385000,128.177120000,37.908756000,128.176570000,37.909218091,128.177264860,37.909702000,128.175900000,37.910500464,128.176190791,37.911438000,128.177340000,37.911268574,128.176899378,37.910866000,128.178090000,37.910182503,128.177970414
72,72,825323850549,14.401,9.997711,37.916256000,128.182080000,1302.000000,27934.000534,20135.602331,-7798.398203,-27.917227,19.326158,70.646614,120.372628,41.816362,79.064268,77.974968,120.372628,37.909958000,128.177370000,37.909958000,128.177370000,37.908337000,128.176960000,37.908742878,128.177578358,37.909042000,128.176010000,37.910071316,128.176429937,37.911114000,128.177580000,37.910937092,128.177159991,37.910620000,128.178420000,37.909912753,128.178337361
73,73,825323850752,14.604,9.997711,37.916230000,128.182140000,1302.000000,29309.172374,21740.599114,-7568.573260,-25.823224,32.826011,87.710254,128.468123,43.476842,51.701114,77.839083,128.468123,37.909508000,128.177830000,37.909508000,128.177830000,37.908030000,128.177640000,37.908608633,128.178317814,37.908504000,128.176510000,37.909618894,128.176887780,37.910744000,128.177980000,37.910538891,128.177558742,37.910427000,128.178960000,37.909968552,128.179054246
74,74,825323850955,14.807,9.997711,37.916203000,128.182240000,1301.000000,31404.499979,22995.413104,-8409.086876,-26.776694,22.298738,87.938779,121.580143,60.740020,67.136420,84.348841,121.580143,37.909280000,128.178280000,37.909280000,128.178280000,37.907870000,128.178240000,37.908488331,128.178863137,37.908092000,128.176940000,37.909166422,128.177188562,37.910522000,128.178380000,37.910171321,128.177850175,37.910510000,128.179490000,37.909908053,128.179537168
75,75,825323851143,14.995,9.997711,37.916180000,128.182310000,1301.000000,31378.563210,22268.995269,-9109.567941,-29.031182,13.561064,114.959649,81.292904,73.310554,72.827694,85.597700,114.959649,37.909115000,128.178790000,37.909115000,128.178790000,37.907677000,128.178820000,37.908561329,128.179495957,37.907910000,128.177540000,37.908639865,128.177509298,37.910343000,128.178790000,37.909857344,128.178226249,37.910366000,128.179920000,37.909713101,128.179972712
76,76,825323851346,15.198,9.997711,37.916150000,128.182460000,1300.000000,30028.621004,20699.304283,-9329.316721,-31.068082,7.793970,109.785159,77.368828,97.068584,63.951052,87.043406,109.785159,37.909145000,128.179400000,37.909145000,128.179400000,37.907684000,128.179490000,37.908549603,128.180089003,37.907745000,128.178160000,37.908435939,128.178064723,37.910423000,128.179370000,37.909709544,128.178734588,37.910088000,128.180300000,37.909524812,128.180443672
77,77,825323851550,15.402,9.997711,37.916134000,128.182560000,1300.000000,27861.183071,20497.357160,-7363.825911,-26.430414,24.338829,94.370805,101.933113,55.313054,52.181255,75.949557,101.933113,37.909256000,128.180080000,37.909256000,128.180080000,37.907883000,128.180280000,37.908636555,128.180772238,37.907560000,128.178860000,37.908474932,128.178813071,37.910290000,128.179870000,37.909911101,128.179462576,37.909954000,128.180820000,37.909516325,128.181032724
78,78,825323851753,15.605,9.997711,37.916122000,128.182650000,1299.000000,23840.580839,17670.253276,-6170.327563,-25.881616,13.714291,58.806288,99.936453,47.013745,63.162161,67.229662,99.936453,37.909120000,128.180660000,37.909120000,128.180660000,37.907986000,128.181020000,37.908432433,128.181377956,37.907684000,128.179690000,37.908576911,128.179572089,37.910030000,128.180340000,37.909714228,128.179984543,37.909866000,128.181350000,37.909327403,128.181576200
79,79,825323851942,15.794,9.997711,37.916120000,128.182720000,1299.000000,21989.814056,16010.891382,-5978.922674,-27.189510,6.116226,54.595959,86.975603,50.274739,70.600243,65.611636,86.975603,37.908966000,128.181180000,37.908966000,128.181180000,37.907852000,128.181600000,37.908259714,128.181945491,37.907856000,128.180390000,37.908623367,128.180203720,37.909916000,128.180820000,37.909560206,128.180467439,37.909786000,128.181840000,37.909182408,128.182086754
80,80,825323852145,15.997,9.997711,37.916120000,128.182800000,1299.000000,23433.415944,17112.693403,-6320.722541,-26.973116,1.696907,65.977452,71.956880,50.652029,84.260966,68.211832,84.260966,37.908800000,128.181780000,37.908800000,128.181780000,37.907450000,128.182280000,37.907984116,128.182605604,37.907910000,128.181100000,37.908524828,128.180847086,37.909830000,128.181350000,37.909449088,128.181034551,37.909763000,128.182390000,37.909041978,128.182681978
81,81,825323852349,16.201,9.997711,37.916120000,128.182890000,1298.000000,25479.152171,18312.012594,-7167.139577,-28.129427,0.843727,71.452751,78.003147,53.481140,97.377281,75.078580,97.377281,37.908638000,128.182400000,37.908638000,128.182400000,37.907116000,128.183010000,37.907713919,128.183305862,37.907738000,128.181800000,37.908393879,128.181487419,37.909737000,128.181900000,37.909316784,128.181604844,37.909718000,128.182950000,37.908887985,128.183300033
82,82,825323852552,16.404,9.997711,37.916120000,128.182890000,1298.000000,25479.152171,18312.012594,-7167.139577,-28.129427,0.843727,71.452751,78.003147,53.481140,97.377281,75.078580,97.377281,37.908638000,128.182400000,37.908638000,128.182400000,37.907116000,128.183010000,37.907713919,128.183305862,37.907738000,128.181800000,37.908393879,128.181487419,37.909737000,128.181900000,37.909316784,128.181604844,37.909718000,128.182950000,37.908887985,128.183300033
83,83,825323852755,16.607,9.997711,37.916134000,128.183060000,1297.000000,29692.806260,20957.802842,-8735.003418,-29.417911,10.999507,74.144071,112.897081,69.883843,78.602773,83.881942,112.897081,37.908344000,128.183620000,37.908344000,128.183620000,37.907024000,128.184450000,37.907670640,128.184652299,37.907036000,128.183140000,37.907991308,128.182708456,37.909683000,128.182970000,37.909091092,128.182704900,37.909523000,128.184040000,37.908905278,128.184473525
84,84,825323852943,16.795,9.997711,37.916134000,128.183060000,1297.000000,29692.806260,20957.802842,-8735.003418,-29.417911,10.999507,74.144071,112.897081,69.883843,78.602773,83.881942,112.897081,37.908344000,128.183620000,37.908344000,128.183620000,37.907024000,128.184450000,37.907670640,128.184652299,37.907036000,128.183140000,37.907991308,128.182708456,37.909683000,128.182970000,37.909091092,128.182704900,37.909523000,128.184040000,37.908905278,128.184473525
85,85,825323853146,16.998,9.997711,37.916145000,128.183140000,1297.000000,30156.289965,21693.827241,-8462.462724,-28.062015,16.633088,83.395709,107.479536,56.656962,74.212749,80.436239,107.479536,37.908360000,128.184220000,37.908360000,128.184220000,37.907063000,128.185120000,37.907800974,128.185283446,37.906937000,128.183800000,37.907828621,128.183330515,37.909485000,128.183470000,37.909006194,128.183251268,37.909560000,128.184560000,37.909005234,128.185028568
86,86,825323853350,17.202,9.997711,37.916160000,128.183210000,1297.000000,30399.042359,22564.359855,-7834.682504,-25.772794,12.427599,88.794558,95.808977,62.995566,77.798879,81.349495,95.808977,37.908400000,128.184800000,37.908400000,128.184800000,37.907085000,128.185800000,37.907878471,128.185903412,37.906960000,128.184480000,37.907713888,128.183953747,37.909485000,128.183990000,37.908940930,128.183792714,37.909653000,128.185040000,37.909089857,128.185564575
87,87,825323853554,17.406,9.997711,37.916180000,128.183300000,1296.000000,31234.177840,23278.876262,-7955.301578,-25.469861,9.174678,85.742051,94.169860,64.562680,83.290619,81.941302,94.169860,37.908485000,128.185550000,37.908485000,128.185550000,37.907230000,128.186660000,37.907999313,128.186707718,37.907017000,128.185350000,37.907726162,128.184765455,37.909527000,128.184650000,37.908959522,128.184498216,37.909830000,128.185670000,37.909236957,128.186248209
88,88,825323853742,17.594,9.997711,37.916203000,128.183380000,1296.000000,32112.086705,23343.445393,-8768.641312,-27.306358,9.456351,85.229060,100.596731,69.122462,83.724489,84.668186,100.596731,37.908570000,128.186050000,37.908570000,128.186050000,37.907356000,128.187230000,37.908121610,128.187236241,37.907040000,128.185940000,37.907791260,128.185303450,37.909610000,128.185070000,37.908993653,128.184974480,37.909935000,128.186080000,37.909363909,128.186700301
89,89,825323853946,17.798,9.997711,37.916230000,128.183460000,1296.000000,31965.388315,23620.110480,-8345.277835,-26.107231,11.175261,86.480350,102.087831,72.548803,76.865039,84.495506,102.087831,37.908775000,128.186770000,37.908775000,128.186770000,37.907627000,128.188030000,37.908403010,128.187983778,37.907196000,128.186800000,37.907929414,128.186102190,37.909786000,128.185700000,37.909134921,128.185663471,37.910095000,128.186700000,37.909622053,128.187337636
90,90,825323854149,18.001,9.997711,37.916256000,128.183530000,1295.000000,32219.415515,23956.140867,-8263.274648,-25.646879,10.980158,88.082335,99.604006,72.144137,76.438622,84.067275,99.604006,37.908962000,128.187300000,37.908962000,128.187300000,37.907867000,128.188640000,37.908652906,128.188523559,37.907375000,128.187450000,37.908049960,128.186705521,37.909916000,128.186190000,37.909267981,128.186178528,37.910316000,128.187150000,37.909854160,128.187794040
91,91,825323854352,18.204,9.997711,37.916286000,128.183610000,1295.000000,31898.877982,24716.807533,-7182.070448,-22.515119,11.935655,86.598272,97.271075,69.298321,72.016014,81.295921,97.271075,37.909172000,128.187840000,37.909172000,128.187840000,37.908120000,128.189250000,37.908888584,128.189097657,37.907580000,128.188100000,37.908203143,128.187323620,37.910040000,128.186680000,37.909417901,128.186708906,37.910500000,128.187590000,37.910114759,128.188248719
92,92,825323854555,18.407,9.997711,37.916325000,128.183690000,1295.000000,32233.238522,24983.323870,-7249.914652,-22.492045,8.083608,86.434446,91.984181,77.358506,72.803726,82.145215,91.984181,37.909435000,128.188420000,37.909435000,128.188420000,37.908450000,128.189910000,37.909207408,128.189693369,37.907864000,128.188800000,37.908400394,128.188003350,37.910290000,128.187180000,37.909600750,128.187292321,37.910778000,128.188060000,37.910407666,128.188743225
93,93,825323854743,18.595,9.997711,37.916363000,128.183750000,1295.000000,32215.020407,24493.023678,-7721.996729,-23.970175,12.830616,97.334562,90.506593,69.779706,71.987837,82.402174,97.334562,37.909733000,128.188890000,37.909733000,128.188890000,37.908745000,128.190490000,37.909577488,128.190151116,37.908176000,128.189360000,37.908679948,128.188551344,37.910473000,128.187640000,37.909853258,128.187759237,37.911040000,128.188450000,37.910705474,128.189151450
94,94,825323854948,18.800,9.997711,37.916405000,128.183820000,1294.000000,33257.142474,24773.814984,-8483.327491,-25.508287,14.406198,98.898541,100.703302,70.367735,76.882065,86.712911,100.703302,37.910090000,128.189480000,37.910090000,128.189480000,37.909187000,128.191160000,37.910009749,128.190735115,37.908447000,128.190190000,37.908982282,128.189265676,37.910790000,128.188160000,37.910172633,128.188332112,37.911404000,128.188900000,37.911064336,128.189662185
95,95,825323855151,19.003,9.997711,37.916447000,128.183880000,1294.000000,32808.608159,24512.546504,-8296.061655,-25.286235,19.567770,105.349589,99.859443,66.044317,66.799045,84.513099,105.349589,37.910450000,128.189870000,37.910450000,128.189870000,37.909565000,128.191650000,37.910414927,128.191122447,37.908836000,128.190690000,37.909332366,128.189742931,37.911060000,128.188540000,37.910486056,128.188730445,37.911667000,128.189290000,37.911421494,128.189983999
96,96,825323855354,19.206,9.997711,37.916492000,128.183930000,1294.000000,31726.404634,22819.414016,-8906.990618,-28.074378,22.226696,107.719974,103.704888,70.777329,59.448068,85.412565,107.719974,37.910770000,128.190280000,37.910770000,128.190280000,37.910076000,128.191970000,37.910914087,128.191356895,37.909172000,128.191220000,37.909663894,128.190217239,37.911350000,128.188900000,37.910747142,128.189156043,37.911950000,128.189620000,37.911788535,128.190265193
97,97,825323855541,19.393,9.997711,37.916546000,128.183990000,1293.000000,29542.462722,21586.150653,-7956.312070,-26.931783,16.817057,87.977223,101.510819,70.823193,58.543574,79.713702,101.510819,37.911190000,128.190690000,37.911190000,128.190690000,37.910760000,128.192150000,37.911444007,128.191648216,37.909607000,128.191770000,37.910049673,128.190759521,37.911655000,128.189330000,37.911065850,128.189634389,37.912334000,128.189930000,37.912208160,128.190577214
98,98,825323855745,19.597,9.997711,37.916595000,128.184050000,1293.000000,29542.245881,20207.645147,-9334.600734,-31.597465,10.354554,111.016623,76.440170,78.110655,72.557351,84.531199,111.016623,37.911730000,128.191010000,37.911730000,128.191010000,37.911190000,128.192800000,37.911969271,128.192011192,37.910248000,128.192210000,37.910455685,128.191380408,37.912033000,128.189760000,37.911410801,128.190171151,37.912785000,128.190230000,37.912592684,128.191019365
99,99,825323855948,19.800,9.997711,37.916645000,128.184100000,1293.000000,27706.913900,20608.331478,-7098.582422,-25.620257,11.304147,108.954527,66.033703,71.946846,61.729490,77.166141,108.954527,37.912075000,128.191240000,37.912075000,128.191240000,37.911560000,128.193100000,37.912304029,128.192293984,37.910828000,128.192260000,37.910945516,128.191523032,37.912327000,128.189990000,37.911762346,128.190388572,37.913124000,128.190340000,37.913017846,128.191029862
100,100,825323856151,20.003,9.997711,37.916706000,128.184140000,1293.000000,27953.049604,19496.391910,-8456.657694,-30.253077,12.138196,92.466795,90.919501,75.568194,63.868442,80.705733,92.466795,37.912445000,128.191680000,37.912445000,128.191680000,37.912197000,128.193200000,37.912823015,128.192507991,37.911200000,128.192840000,37.911456924,128.191857326,37.912730000,128.190250000,37.912169703,128.190735791,37.913563000,128.190490000,37.913467732,128.191207124
101,101,825323856355,20.207,9.997711,37.916760000,128.184190000,1292.000000,27390.154349,17520.351820,-9869.802529,-36.034125,13.823653,98.031961,96.918504,94.958118,51.338411,85.311748,98.031961,37.912975000,128.191800000,37.912975000,128.191800000,37.912770000,128.193400000,37.913372947,128.192586441,37.911724000,128.193200000,37.911968300,128.192140793,37.913193000,128.190400000,37.912545626,128.191104076,37.913940000,128.190730000,37.913924837,128.191314238
102,102,825323856544,20.396,9.997711,37.916824000,128.184220000,1292.000000,26203.942335,17790.524755,-8413.417580,-32.107450,11.636473,107.616920,74.491907,81.132955,59.022040,80.565956,107.616920,37.913425000,128.191910000,37.913425000,128.191910000,37.913284000,128.193480000,37.913890411,128.192525688,37.912285000,128.193300000,37.912372941,128.192459165,37.913580000,128.190520000,37.913040863,128.191141635,37.914356000,128.190700000,37.914334866,128.191371512
103,103,825323856747,20.599,9.997711,37.916880000,128.184270000,1292.000000,22424.793152,15857.462462,-6567.330690,-29.286026,12.273714,74.645089,83.442133,61.828504,52.464342,68.095017,83.442133,37.913960000,128.191910000,37.913960000,128.191910000,37.913994000,128.193150000,37.914426697,128.192500696,37.912860000,128.193480000,37.912960621,128.192538491,37.913963000,128.190750000,37.913546533,128.191215791,37.914738000,128.190890000,37.914764651,128.191486426
104,104,825323856951,20.803,9.997711,37.916943000,128.184280000,1292.000000,18641.106294,13276.151722,-5364.954572,-28.780237,5.926965,62.412610,67.145206,63.831080,46.143598,59.883123,67.145206,37.914486000,128.191860000,37.914486000,128.191860000,37.914574000,128.193040000,37.914938353,128.192499860,37.913574000,128.193240000,37.913578025,128.192475467,37.914436000,128.190730000,37.914040082,128.191255750,37.915100000,128.191150000,37.915176844,128.191666308
105,105,825323857154,21.006,9.997711,37.917007000,128.184310000,1291.000000,17087.306872,12673.526187,-4413.780686,-25.830757,1.050099,48.923479,62.836826,51.897546,57.584142,55.310498,62.836826,37.914833000,128.191930000,37.914833000,128.191930000,37.914960000,128.193080000,37.915270150,128.192685315,37.914040000,128.193160000,37.914009193,128.192445570,37.914720000,128.190890000,37.914390999,128.191308683,37.915417000,128.191160000,37.915486490,128.191809743
106,106,825323857341,21.193,9.997711,37.917070000,128.184340000,1291.000000,16850.481760,13741.687606,-3108.794154,-18.449289,3.465244,52.211884,43.181084,48.780448,59.129553,50.825742,59.129553,37.915226000,128.192250000,37.915226000,128.192250000,37.915417000,128.193360000,37.915715420,128.192901341,37.914620000,128.193050000,37.914497165,128.192583616,37.915077000,128.191160000,37.914779020,128.191567256,37.915867000,128.190980000,37.915946116,128.191645776
107,107,825323857545,21.397,9.997711,37.917140000,128.184360000,1291.000000,17346.376783,13440.847336,-3905.529447,-22.514958,8.540198,43.236178,51.578730,64.184566,62.866027,55.466375,64.184566,37.915680000,128.192340000,37.915680000,128.192340000,37.915947000,128.193240000,37.916204731,128.192871693,37.915110000,128.193200000,37.914996782,128.192630492,37.915512000,128.191150000,37.915188783,128.191755220,37.916298000,128.190750000,37.916390943,128.191456076
108,108,825323857748,21.600,9.997711,37.917202000,128.184360000,1291.000000,19204.169510,14218.113216,-4986.056295,-25.963405,2.591238,69.358790,61.857292,62.427242,60.620736,63.566015,69.358790,37.916210000,128.191850000,37.916210000,128.191850000,37.916430000,128.193390000,37.916702533,128.192679786,37.915596000,128.193390000,37.915474299,128.192702745,37.915966000,128.190950000,37.915676957,128.191559152,37.916687000,128.190660000,37.916814575,128.191331066
109,109,825323857952,21.804,9.997711,37.917274000,128.184370000,1290.000000,19256.715382,16430.173251,-2826.542131,-14.678215,2.365164,61.488008,56.385103,58.088451,51.752819,56.928595,61.488008,37.916588000,128.191830000,37.916588000,128.191830000,37.916855000,128.193620000,37.917098579,128.192991600,37.916060000,128.193270000,37.915905615,128.192658502,37.916344000,128.190750000,37.916092920,128.191329842,37.917000000,128.190840000,37.917162079,128.191392329
110,110,825323858155,22.007,9.997711,37.917340000,128.184370000,1290.000000,20461.769400,17998.764685,-2463.004715,-12.037105,7.169134,57.159890,70.088053,61.680029,40.269298,57.299318,70.088053,37.916950000,128.192000000,37.916950000,128.192000000,37.917297000,128.193880000,37.917518630,128.193292878,37.916480000,128.193440000,37.916318569,128.192668593,37.916687000,128.190670000,37.916454998,128.191307811,37.917328000,128.191040000,37.917512305,128.191434566
111,111,825323858343,22.195,9.997711,37.917400000,128.184370000,1290.000000,22649.137242,19476.633000,-3172.504242,-14.007175,20.937048,75.184642,86.315486,50.407107,34.604514,61.627937,86.315486,37.917380000,128.191900000,37.917380000,128.191900000,37.917830000,128.194290000,37.918025904,128.193470681,37.916965000,128.193660000,37.916782128,128.192704855,37.917046000,128.190810000,37.916853040,128.191329260,37.917713000,128.191070000,37.917912772,128.191371898
112,112,825323858546,22.398,9.997711,37.917473000,128.184370000,1290.000000,25590.749199,16799.875609,-8790.873591,-34.351763,44.678724,168.290321,88.908252,45.222751,42.152306,86.143407,168.290321,37.917800000,128.191730000,37.917800000,128.191730000,37.918410000,128.194720000,37.918460467,128.192804741,37.917473000,128.193760000,37.917241681,128.192790991,37.917416000,128.190810000,37.917251457,128.191280822,37.918090000,128.190920000,37.918317261,128.191303931
113,113,825323858750,22.602,9.997711,37.917534000,128.184360000,1289.000000,22278.861686,13298.711890,-8980.149796,-40.307938,44.848375,95.253633,148.558408,31.506723,43.775195,79.773490,148.558408,37.918213000,128.191600000,37.918213000,128.191600000,37.918840000,128.193590000,37.918906448,128.192508613,37.917990000,128.193850000,37.917696766,128.192199694,37.917790000,128.190810000,37.917641908,128.191115739,37.918470000,128.190780000,37.918715083,128.191169820
114,114,825323858953,22.805,9.997711,37.917600000,128.184340000,1289.000000,18750.232803,12974.622367,-5775.610436,-30.802873,28.173311,66.824973,111.890319,29.620458,45.290138,63.406472,111.890319,37.918620000,128.191450000,37.918620000,128.191450000,37.919280000,128.193040000,37.919356202,128.192285209,37.918453000,128.193150000,37.918120932,128.191947428,37.918150000,128.190630000,37.918017163,128.190922254,37.918835000,128.190570000,37.919099842,128.190961494
115,115,825323859141,22.993,9.997711,37.917730000,128.184300000,1289.000000,16452.729767,12817.933747,-3634.796020,-22.092358,16.371028,53.228902,81.208963,27.650278,48.428030,52.629043,81.208963,37.918950000,128.191180000,37.918950000,128.191180000,37.919655000,128.192640000,37.919727013,128.192040785,37.918808000,128.192540000,37.918472248,128.191719018,37.918457000,128.190440000,37.918336502,128.190715327,37.919140000,128.190340000,37.919432388,128.190748334
116,116,825323859344,23.196,9.997711,37.917797000,128.184270000,1289.000000,16771.584738,12776.966836,-3994.617902,-23.817773,11.847640,47.850759,82.874941,27.642038,61.144807,54.878136,82.874941,37.919308000,128.190870000,37.919308000,128.190870000,37.920090000,128.192340000,37.920166504,128.191803810,37.919235000,128.192280000,37.918862030,128.191463251,37.918780000,128.190190000,37.918678468,128.190477252,37.919460000,128.190030000,37.919817627,128.190558470
117,117,825323859548,23.400,9.997711,37.917797000,128.184270000,1289.000000,17034.244629,12932.082320,-4102.162310,-24.081856,12.144619,46.094709,87.572527,29.718244,60.623544,56.002256,87.572527,37.919586000,128.190730000,37.919586000,128.190730000,37.920403000,128.192100000,37.920486743,128.191585952,37.919540000,128.192080000,37.919134528,128.191225451,37.919003000,128.189960000,37.918913019,128.190278609,37.919690000,128.189820000,37.920066656,128.190318598
118,118,825323859752,23.604,9.997711,37.917797000,128.184270000,1289.000000,17034.244629,12932.082320,-4102.162310,-24.081856,12.144619,46.094709,87.572527,29.718244,60.623544,56.002256,87.572527,37.919586000,128.190730000,37.919586000,128.190730000,37.920403000,128.192100000,37.920486743,128.191585952,37.919540000,128.192080000,37.919134528,128.191225451,37.919003000,128.189960000,37.918913019,128.190278609,37.919690000,128.189820000,37.920066656,128.190318598
119,119,825323859955,23.807,9.997711,37.917910000,128.184200000,1289.000000,17920.718717,12588.896814,-5331.821902,-29.752277,11.850656,50.426945,94.839945,38.151526,64.412127,61.957636,94.839945,37.919950000,128.190410000,37.919950000,128.190410000,37.920826000,128.191670000,37.920852428,128.191096748,37.919970000,128.191760000,37.919497564,128.190861281,37.919290000,128.189530000,37.919240040,128.189959805,37.919975000,128.189380000,37.920388960,128.189892481
120,120,825323860143,23.995,9.997711,37.917976000,128.184160000,1289.000000,17572.994273,12146.657246,-5426.337027,-30.878841,14.670004,56.161717,94.208117,40.336349,56.777926,61.871027,94.208117,37.920166000,128.190020000,37.920166000,128.190020000,37.921066000,128.191180000,37.921038587,128.190541409,37.920250000,128.191400000,37.919746149,128.190538066,37.919490000,128.189210000,37.919458409,128.189667577,37.920155000,128.189000000,37.920549573,128.189409700
121,121,825323860346,24.198,9.997711,37.918030000,128.184130000,1289.000000,16861.626384,11712.428982,-5149.197402,-30.537964,13.925820,61.952601,83.207275,41.583794,53.420318,60.040997,83.207275,37.920345000,128.189620000,37.920345000,128.189620000,37.921270000,128.190700000,37.921186145,128.190002573,37.920456000,128.190920000,37.919965065,128.190205512,37.919660000,128.188870000,37.919640869,128.189342911,37.920300000,128.188600000,37.920685460,128.188962351
122,122,825323860550,24.402,9.997711,37.918080000,128.184080000,1289.000000,15843.941442,11827.056997,-4016.884444,-25.352810,8.626236,59.008574,67.103438,41.411147,54.312059,55.458804,67.103438,37.920530000,128.189160000,37.920530000,128.189160000,37.921455000,128.190140000,37.921377803,128.189475206,37.920650000,128.190350000,37.920206631,128.189832291,37.919823000,128.188480000,37.919827874,128.188951527,37.920430000,128.188140000,37.920835647,128.188483649
123,123,825323860753,24.605,9.997711,37.918140000,128.184020000,1289.000000,15123.743205,11598.256166,-3525.487039,-23.310942,5.744719,53.251825,60.698656,42.039115,51.685143,51.918685,60.698656,37.920666000,128.188800000,37.920666000,128.188800000,37.921570000,128.189640000,37.921498781,128.189040354,37.920803000,128.189930000,37.920375148,128.189501511,37.919945000,128.188160000,37.919966873,128.188637916,37.920544000,128.187790000,37.920938426,128.188100506
124,124,825323860941,24.793,9.997711,37.918190000,128.183980000,1290.000000,13855.924627,10973.248575,-2882.676052,-20.804646,6.134418,52.237044,54.906073,41.542547,44.536679,48.305586,54.906073,37.920773000,128.188340000,37.920773000,128.188340000,37.921670000,128.189070000,37.921579230,128.188486386,37.920930000,128.189400000,37.920518393,128.189055500,37.920067000,128.187790000,37.920093286,128.188261890,37.920640000,128.187400000,37.921001374,128.187617624
125,125,825323861144,24.996,9.997711,37.918243000,128.183910000,1290.000000,13314.197141,10250.940851,-3063.256291,-23.007443,5.894471,52.565637,53.635331,41.088043,44.829573,48.029646,53.635331,37.920845000,128.187880000,37.920845000,128.187880000,37.921738000,128.188550000,37.921635832,128.187965588,37.921047000,128.188950000,37.920637757,128.188627643,37.920147000,128.187410000,37.920189942,128.187874713,37.920715000,128.187000000,37.921083752,128.187205180
126,126,825323861347,25.199,9.997711,37.918290000,128.183870000,1290.000000,12912.940260,9664.515777,-3248.424483,-25.156350,1.939179,48.509147,50.663995,45.744204,47.747767,48.166278,50.663995,37.920948000,128.187470000,37.920948000,128.187470000,37.921790000,128.187990000,37.921694132,128.187451135,37.921165000,128.188490000,37.920767558,128.188208889,37.920220000,128.187000000,37.920298036,128.187511434,37.920757000,128.186550000,37.921147044,128.186776206
127,127,825323861551,25.403,9.997711,37.918335000,128.183800000,1291.000000,12563.994829,9157.579515,-3406.415314,-27.112518,4.525552,52.153885,53.249251,46.064019,44.059634,48.881697,53.249251,37.920986000,128.187180000,37.920986000,128.187180000,37.921820000,128.187650000,37.921680101,128.187083192,37.921223000,128.188170000,37.920800636,128.187885345,37.920240000,128.186720000,37.920330830,128.187231762,37.920776000,128.186280000,37.921145821,128.186458760
128,128,825323861754,25.606,9.997711,37.918385000,128.183750000,1291.000000,12246.576603,8840.775246,-3405.801357,-27.810232,3.673768,53.680751,48.697327,48.969988,41.541930,48.222499,53.680751,37.921020000,128.186840000,37.921020000,128.186840000,37.921833000,128.187260000,37.921676028,128.186682002,37.921253000,128.187790000,37.920859552,128.187547596,37.920235000,128.186390000,37.920370383,128.186920582,37.920790000,128.185970000,37.921146503,128.186109830
129,129,825323861941,25.793,9.997711,37.918427000,128.183690000,1292.000000,11512.673339,9049.411706,-2463.261633,-21.396087,4.248668,52.259107,43.510684,42.133648,39.000038,44.225869,52.259107,37.921040000,128.186450000,37.921040000,128.186450000,37.921837000,128.186800000,37.921671826,128.186242949,37.921303000,128.187360000,37.920934877,128.187193461,37.920288000,128.186070000,37.920377820,128.186536092,37.920795000,128.185600000,37.921132784,128.185717849
130,130,825323862145,25.997,9.997711,37.918470000,128.183620000,1293.000000,11210.705320,8997.134453,-2213.570867,-19.745153,4.286060,51.906149,41.515039,40.025385,39.191675,43.159562,51.906149,37.921047000,128.186190000,37.921047000,128.186190000,37.921833000,128.186510000,37.921665479,128.185958381,37.921320000,128.187090000,37.920965994,128.186941294,37.920310000,128.185850000,37.920389057,128.186294636,37.920780000,128.185350000,37.921121561,128.185458202
131,131,825323862348,26.200,9.997711,37.918507000,128.183560000,1293.000000,11030.737335,8714.479057,-2316.258278,-20.998218,3.669957,52.709511,38.810495,41.551664,37.727024,42.699674,52.709511,37.921047000,128.185820000,37.921047000,128.185820000,37.921825000,128.186100000,37.921643165,128.185545793,37.921337000,128.186700000,37.921003269,128.186572139,37.920303000,128.185530000,37.920414121,128.185981717,37.920757000,128.185000000,37.921088152,128.185091382
132,132,825323862552,26.404,9.997711,37.918552000,128.183500000,1294.000000,10574.171576,8466.818701,-2107.352875,-19.929248,3.382247,51.605223,36.508887,43.180282,33.708374,41.250691,51.605223,37.921036000,128.185550000,37.921036000,128.185550000,37.921806000,128.185790000,37.921619973,128.185251735,37.921333000,128.186400000,37.921014765,128.186299485,37.920303000,128.185290000,37.920428451,128.185755291,37.920760000,128.184770000,37.921059476,128.184826782
133,133,825323862755,26.607,9.997711,37.918594000,128.183430000,1295.000000,10254.757468,8144.668903,-2110.088565,-20.576679,2.816078,52.010197,33.455680,44.274369,31.935563,40.418952,52.010197,37.921020000,128.185260000,37.921020000,128.185260000,37.921790000,128.185470000,37.921589822,128.184934847,37.921320000,128.186080000,37.921025143,128.186006277,37.920307000,128.185040000,37.920443194,128.185513694,37.920750000,128.184500000,37.921034331,128.184548392
134,134,825323862943,26.795,9.997711,37.918630000,128.183360000,1295.000000,10044.146043,7894.222182,-2149.923861,-21.404745,2.464939,51.037054,31.700033,43.599872,30.463815,39.200194,51.037054,37.920998000,128.184980000,37.920998000,128.184980000,37.921753000,128.185150000,37.921552502,128.184627335,37.921307000,128.185780000,37.921026407,128.185718424,37.920300000,128.184810000,37.920444659,128.185271389,37.920727000,128.184230000,37.920998140,128.184276985
135,135,825323863146,26.998,9.997711,37.918663000,128.183290000,1296.000000,9687.780284,7716.822405,-1970.957879,-20.344783,3.054164,50.834475,31.046890,42.201420,29.230337,38.328281,50.834475,37.920980000,128.184750000,37.920980000,128.184750000,37.921722000,128.184890000,37.921517805,128.184372218,37.921295000,128.185530000,37.921019238,128.185477119,37.920303000,128.184620000,37.920440677,128.185067759,37.920700000,128.184020000,37.920961611,128.184048584
136,136,825323863349,27.201,9.997711,37.918700000,128.183210000,1297.000000,9507.913769,7483.010389,-2024.903380,-21.297031,3.990393,52.306790,31.521739,42.986524,27.372202,38.546814,52.306790,37.920950000,128.184500000,37.920950000,128.184500000,37.921684000,128.184620000,37.921464088,128.184093617,37.921272000,128.185270000,37.920992942,128.185209089,37.920284000,128.184390000,37.920425437,128.184845493,37.920660000,128.183780000,37.920905459,128.183798428
137,137,825323863553,27.405,9.997711,37.918736000,128.183150000,1298.000000,9323.353565,7308.354067,-2014.999498,-21.612390,2.557312,52.190309,29.498666,45.834253,27.598916,38.780536,52.190309,37.920930000,128.184300000,37.920930000,128.184300000,37.921654000,128.184390000,37.921425555,128.183871008,37.921250000,128.185040000,37.920986710,128.185001996,37.920265000,128.184200000,37.920429707,128.184678357,37.920616000,128.183580000,37.920863397,128.183600506
138,138,825323863741,27.593,9.997711,37.918766000,128.183090000,1299.000000,9210.498099,7182.259006,-2028.239093,-22.020949,2.433740,54.165385,26.678077,47.038347,25.847057,38.432216,54.165385,37.920902000,128.184080000,37.920902000,128.184080000,37.921616000,128.184160000,37.921375043,128.183624133,37.921220000,128.184810000,37.920981744,128.184777241,37.920235000,128.184020000,37.920429890,128.184495274,37.920574000,128.183380000,37.920806162,128.183384373
139,139,825323863945,27.797,9.997711,37.918800000,128.183010000,1300.000000,9165.047780,7069.709742,-2095.338038,-22.862271,1.611942,53.789437,24.497462,50.190165,22.769431,37.811624,53.789437,37.920853000,128.183840000,37.920853000,128.183840000,37.921555000,128.183880000,37.921300902,128.183359004,37.921180000,128.184560000,37.920960868,128.184534348,37.920193000,128.183790000,37.920411181,128.184290164,37.920525000,128.183140000,37.920729358,128.183150960
140,140,825323864148,28.000,9.997711,37.918830000,128.182940000,1301.000000,9085.576995,6967.773870,-2117.803126,-23.309506,2.018135,54.742681,24.539189,50.705986,21.663060,37.912729,54.742681,37.920815000,128.183670000,37.920815000,128.183670000,37.921513000,128.183700000,37.921247924,128.183174934,37.921160000,128.184390000,37.920940746,128.184361064,37.920166000,128.183640000,37.920393251,128.184140420,37.920486000,128.182980000,37.920680522,128.182987085
141,141,825323864351,28.203,9.997711,37.918865000,128.182860000,1302.000000,8871.644913,6879.547790,-1992.097123,-22.454653,1.807833,55.182780,23.187443,52.168335,20.448100,37.746664,55.182780,37.920760000,128.183440000,37.920760000,128.183440000,37.921450000,128.183440000,37.921168893,128.182922413,37.921124000,128.184140000,37.920916093,128.184123861,37.920120000,128.183430000,37.920364437,128.183936854,37.920420000,128.182770000,37.920603683,128.182768195
142,142,825323864554,28.406,9.997711,37.918890000,128.182790000,1303.000000,8836.115434,6852.369460,-1983.745975,-22.450431,1.862306,57.546178,20.646046,53.123889,18.898624,37.553684,57.546178,37.920720000,128.183260000,37.920720000,128.183260000,37.921406000,128.183260000,37.921107552,128.182724935,37.921085000,128.183960000,37.920900417,128.183937083,37.920082000,128.183270000,37.920343622,128.183775938,37.920370000,128.182600000,37.920539763,128.182598105
143,143,825323864742,28.594,9.997711,37.918922000,128.182720000,1304.000000,8888.468966,6816.242267,-2072.226699,-23.313652,1.483994,58.396391,18.376693,53.969083,17.661005,37.100793,58.396391,37.920677000,128.183090000,37.920677000,128.183090000,37.921356000,128.183070000,37.921039618,128.182539568,37.921040000,128.183780000,37.920875866,128.183757626,37.920036000,128.183120000,37.920316107,128.183621616,37.920310000,128.182430000,37.920468477,128.182439433
144,144,825323864945,28.797,9.997711,37.918953000,128.182650000,1305.000000,8617.788670,6642.774476,-1975.014194,-22.917877,2.671308,62.612659,16.447744,56.105471,13.873414,37.259822,62.612659,37.920624000,128.182900000,37.920624000,128.182900000,37.921295000,128.182880000,37.920933379,128.182333895,37.920990000,128.183580000,37.920843815,128.183552787,37.919983000,128.182940000,37.920284078,128.183452375,37.920250000,128.182270000,37.920374616,128.182267928
145,145,825323865148,29.000,9.997711,37.918976000,128.182570000,1306.000000,8531.526317,6416.620566,-2114.905751,-24.789301,2.792938,64.949029,14.317946,59.544416,12.346013,37.789351,64.949029,37.920560000,128.182710000,37.920560000,128.182710000,37.921230000,128.182660000,37.920819023,128.182135022,37.920933000,128.183360000,37.920804806,128.183346740,37.919920000,128.182750000,37.920249809,128.183283828,37.920170000,128.182080000,37.920279769,128.182100082
146,146,825323865352,29.204,9.997711,37.919006000,128.182500000,1307.000000,8576.645471,6331.355419,-2245.290052,-26.179117,3.185286,65.831241,14.314935,59.884302,11.759906,37.947596,65.831241,37.920520000,128.182600000,37.920520000,128.182600000,37.921192000,128.182540000,37.920763059,128.182023941,37.920902000,128.183260000,37.920775580,128.183230157,37.919888000,128.182650000,37.920224713,128.183181829,37.920124000,128.181980000,37.920228325,128.182001068
147,147,825323865540,29.392,9.997711,37.919030000,128.182420000,1308.000000,8384.220025,6224.552880,-2159.667145,-25.758713,2.809634,66.610082,11.412716,62.444227,10.531065,37.749522,66.610082,37.920452000,128.182420000,37.920452000,128.182420000,37.921110000,128.182340000,37.920661674,128.181837640,37.920845000,128.183060000,37.920744876,128.183032055,37.919827000,128.182480000,37.920192220,128.183019717,37.920048000,128.181810000,37.920137604,128.181848466
148,148,825323865744,29.596,9.997711,37.919056000,128.182340000,1309.000000,7981.476233,6063.259208,-1918.217025,-24.033361,1.133261,68.680669,9.046399,66.067616,8.072053,37.966684,68.680669,37.920338000,128.182200000,37.920338000,128.182200000,37.920963000,128.182130000,37.920502724,128.181609190,37.920742000,128.182850000,37.920686473,128.182774783,37.919724000,128.182280000,37.920135548,128.182822078,37.919933000,128.181630000,37.919997769,128.181671331
149,149,825323865947,29.799,9.997711,37.919083000,128.182270000,1310.000000,7874.202820,5901.076863,-1973.125957,-25.058104,1.016976,68.804391,9.039734,68.542598,8.945964,38.833172,68.804391,37.920204000,128.182050000,37.920204000,128.182050000,37.920810000,128.181960000,37.920337225,128.181455315,37.920620000,128.182680000,37.920582023,128.182589011,37.919600000,128.182140000,37.920041843,128.182683605,37.919804000,128.181470000,37.919847645,128.181555538
150,150,825323866150,30.002,9.997711,37.919106000,128.182190000,1311.000000,7476.644090,5668.235217,-1808.408874,-24.187441,0.417091,72.313443,12.649371,73.380988,10.589931,42.233433,73.380988,37.920030000,128.181850000,37.920030000,128.181850000,37.920616000,128.181760000,37.920109252,128.181244787,37.920440000,128.182460000,37.920446206,128.182316172,37.919437000,128.181960000,37.919941111,128.182498420,37.919630000,128.181300000,37.919641401,128.181419722
151,151,825323866353,30.205,9.997711,37.919132000,128.182110000,1312.000000,7107.246331,5338.985698,-1768.260633,-24.879687,0.359742,81.291950,25.021275,84.627858,22.264229,53.301328,84.627858,37.919765000,128.181610000,37.919765000,128.181610000,37.920338000,128.181500000,37.919719452,128.181007945,37.920177000,128.182190000,37.920237260,128.181915505,37.919186000,128.181720000,37.919817028,128.182257431,37.919380000,128.181080000,37.919316596,128.181320453
152,152,825323866541,30.393,9.997711,37.919132000,128.182110000,1312.000000,7107.246331,5338.985698,-1768.260633,-24.879687,0.359742,81.291950,25.021275,84.627858,22.264229,53.301328,84.627858,37.919765000,128.181610000,37.919765000,128.181610000,37.920338000,128.181500000,37.919719452,128.181007945,37.920177000,128.182190000,37.920237260,128.181915505,37.919186000,128.181720000,37.919817028,128.182257431,37.919380000,128.181080000,37.919316596,128.181320453
153,153,825323866744,30.596,9.997711,37.919174000,128.181960000,1315.000000,7030.038644,5223.610938,-1806.427705,-25.695843,1.242168,23.000310,24.485879,25.512147,22.815791,23.953532,25.512147,37.919550000,128.181430000,37.919550000,128.181430000,37.919178000,128.180880000,37.919383792,128.180856644,37.920124000,128.181300000,37.920051722,128.181563345,37.919960000,128.181980000,37.919734693,128.182033181,37.918980000,128.181530000,37.919062513,128.181292174
154,154,825323866949,30.801,9.997711,37.919200000,128.181880000,1316.000000,7171.462490,5189.992925,-1981.469565,-27.629923,1.082652,10.727941,9.430799,8.817568,8.563763,9.385018,10.727941,37.919370000,128.181240000,37.919370000,128.181240000,37.918990000,128.180660000,37.919036640,128.180766902,37.919937000,128.181100000,37.919854838,128.181126181,37.919765000,128.181780000,37.919716765,128.181700356,37.918800000,128.181350000,37.918876832,128.181345087
155,155,825323867152,31.004,9.997711,37.919220000,128.181810000,1317.000000,7176.753803,5210.219542,-1966.534261,-27.401445,0.639490,20.977365,19.260045,19.464464,19.906883,19.902189,20.977365,37.919243000,128.181090000,37.919243000,128.181090000,37.918854000,128.180500000,37.918810655,128.180732470,37.919804000,128.180970000,37.919676512,128.180821730,37.919632000,128.181630000,37.919668957,128.181413361,37.918663000,128.181200000,37.918789618,128.181360077
156,156,825323867355,31.207,9.997711,37.919220000,128.181810000,1317.000000,7176.753803,5210.219542,-1966.534261,-27.401445,0.639490,20.977365,19.260045,19.464464,19.906883,19.902189,20.977365,37.919243000,128.181090000,37.919243000,128.181090000,37.918854000,128.180500000,37.918810655,128.180732470,37.919804000,128.180970000,37.919676512,128.180821730,37.919632000,128.181630000,37.919668957,128.181413361,37.918663000,128.181200000,37.918789618,128.181360077
157,157,825323867543,31.395,9.997711,37.919270000,128.181660000,1320.000000,7266.370014,5480.634176,-1785.735838,-24.575350,0.525004,24.310691,82.790334,20.141469,81.353697,52.149048,82.790334,37.919030000,128.180790000,37.919030000,128.180790000,37.918427000,128.180900000,37.918507422,128.180642623,37.918625000,128.180200000,37.919361476,128.180331244,37.919590000,128.180710000,37.919516978,128.180919847,37.919410000,128.181350000,37.918682993,128.181255581
158,158,825323867745,31.597,9.997711,37.919290000,128.181580000,1321.000000,7325.230036,5640.071769,-1685.158268,-23.004851,0.098804,17.529241,77.245023,16.125136,76.991984,46.972846,77.245023,37.918934000,128.180650000,37.918934000,128.180650000,37.918330000,128.180760000,37.918398185,128.180580075,37.918533000,128.180070000,37.919225019,128.180134793,37.919506000,128.180560000,37.919434143,128.180719435,37.919323000,128.181210000,37.918632131,128.181168865
159,159,825323867953,31.805,9.997711,37.919315000,128.181500000,1322.000000,7408.430466,5757.298453,-1651.132013,-22.287204,0.883772,13.564321,72.998436,12.701236,73.572801,43.209198,73.572801,37.918854000,128.180510000,37.918854000,128.180510000,37.918250000,128.180630000,37.918317920,128.180501761,37.918457000,128.179950000,37.919112753,128.179952415,37.919434000,128.180420000,37.919363027,128.180533244,37.919247000,128.181090000,37.918586413,128.181063585
160,160,825323868152,32.004,9.997711,37.919340000,128.181430000,1323.000000,7421.243788,5833.026241,-1588.217547,-21.400962,1.770579,10.945411,69.211992,10.797166,71.844567,40.699784,71.844567,37.918785000,128.180390000,37.918785000,128.180390000,37.918194000,128.180530000,37.918254289,128.180431542,37.918396000,128.179840000,37.919017009,128.179801737,37.919376000,128.180300000,37.919299836,128.180376127,37.919190000,128.180970000,37.918544611,128.180968142
161,161,825323868355,32.207,9.997711,37.919360000,128.181350000,1324.000000,7427.409142,5805.733486,-1621.675655,-21.833665,1.846551,8.947948,66.023849,9.337770,69.386494,38.424015,69.386494,37.918720000,128.180270000,37.918720000,128.180270000,37.918137000,128.180420000,37.918197710,128.180353219,37.918340000,128.179720000,37.918931795,128.179670102,37.919315000,128.180180000,37.919237985,128.180222137,37.919125000,128.180850000,37.918501819,128.180866065
162,162,825323868544,32.396,9.997711,37.919388000,128.181270000,1326.000000,7292.018662,5737.391672,-1554.626991,-21.319570,1.968527,7.455716,63.738202,8.947425,66.982866,36.781052,66.982866,37.918667000,128.180160000,37.918667000,128.180160000,37.918090000,128.180310000,37.918152402,128.180279165,37.918293000,128.179630000,37.918862753,128.179558094,37.919266000,128.180070000,37.919185849,128.180077628,37.919070000,128.180740000,37.918468771,128.180770723
163,163,825323868747,32.599,9.997711,37.919410000,128.181200000,1327.000000,7251.258205,5638.132344,-1613.125861,-22.246151,2.664149,6.372030,61.590585,10.158093,65.936314,36.014256,65.936314,37.918617000,128.180050000,37.918617000,128.180050000,37.918050000,128.180200000,37.918106561,128.180188848,37.918250000,128.179520000,37.918800152,128.179445552,37.919220000,128.179960000,37.919130905,128.179934999,37.919020000,128.180630000,37.918428283,128.180663772
164,164,825323868951,32.803,9.997711,37.919437000,128.181100000,1328.000000,7296.720704,5538.338965,-1758.381739,-24.098246,3.630626,7.068566,59.091390,12.033812,64.162321,35.589022,64.162321,37.918570000,128.179930000,37.918570000,128.179930000,37.918000000,128.180080000,37.918063010,128.180089958,37.918210000,128.179410000,37.918736056,128.179319985,37.919170000,128.179840000,37.919074588,128.179775583,37.918970000,128.180530000,37.918393766,128.180546454
165,165,825323869154,33.006,9.997711,37.919460000,128.181050000,1329.000000,7348.145857,5507.153604,-1840.992253,-25.053834,2.921956,7.429123,56.794020,12.127762,62.671654,34.755640,62.671654,37.918530000,128.179840000,37.918530000,128.179840000,37.917960000,128.179980000,37.918022725,128.180008890,37.918180000,128.179300000,37.918686862,128.179226257,37.919130000,128.179720000,37.919029202,128.179667600,37.918922000,128.180420000,37.918359752,128.180456608
166,166,825323869341,33.193,9.997711,37.919483000,128.180970000,1330.000000,7177.071188,5486.575773,-1690.495415,-23.554112,3.090565,7.895179,55.448497,12.457764,60.572873,34.093578,60.572873,37.918495000,128.179730000,37.918495000,128.179730000,37.917923000,128.179870000,37.917987612,128.179907075,37.918150000,128.179210000,37.918642160,128.179112761,37.919086000,128.179610000,37.918988091,128.179541296,37.918877000,128.180310000,37.918333669,128.180347480
167,167,825323869544,33.396,9.997711,37.919514000,128.180900000,1331.000000,7076.579027,5515.940138,-1560.638889,-22.053578,3.862289,8.005567,53.836254,14.078625,59.153438,33.768471,59.153438,37.918453000,128.179610000,37.918453000,128.179610000,37.917880000,128.179750000,37.917943494,128.179792805,37.918114000,128.179100000,37.918588899,128.178984108,37.919044000,128.179500000,37.918940476,128.179407912,37.918830000,128.180190000,37.918299451,128.180227745
168,168,825323869748,33.600,9.997711,37.919537000,128.180820000,1332.000000,7261.591207,5585.606817,-1675.984389,-23.080126,2.418884,9.694210,54.173426,14.000862,57.049584,33.729520,57.049584,37.918420000,128.179500000,37.918420000,128.179500000,37.917830000,128.179630000,37.917905237,128.179685590,37.918064000,128.178960000,37.918544896,128.178865434,37.919006000,128.179380000,37.918903160,128.179288219,37.918785000,128.180070000,37.918273941,128.180118435
169,169,825323869953,33.805,9.997711,37.919567000,128.180740000,1334.000000,7530.089512,5691.916624,-1838.172888,-24.411036,0.788310,12.278422,54.903397,14.121543,54.973056,34.069104,54.973056,37.918390000,128.179380000,37.918390000,128.179380000,37.917778000,128.179490000,37.917869495,128.179568085,37.918015000,128.178800000,37.918505591,128.178735710,37.918972000,128.179260000,37.918871556,128.179161783,37.918743000,128.179950000,37.918250816,128.180001095
170,170,825323870155,34.007,9.997711,37.919594000,128.180660000,1335.000000,7559.518082,5806.554354,-1752.963728,-23.188829,0.842894,15.802383,55.143021,15.128526,53.539271,34.903300,55.143021,37.918360000,128.179280000,37.918360000,128.179280000,37.917732000,128.179350000,37.917834662,128.179474276,37.917970000,128.178670000,37.918464181,128.178626731,37.918940000,128.179170000,37.918839835,128.179053571,37.918710000,128.179840000,37.918231857,128.179905786
171,171,825323870343,34.195,9.997711,37.919594000,128.180660000,1335.000000,7559.518082,5806.554354,-1752.963728,-23.188829,0.842894,15.802383,55.143021,15.128526,53.539271,34.903300,55.143021,37.918360000,128.179280000,37.918360000,128.179280000,37.917732000,128.179350000,37.917834662,128.179474276,37.917970000,128.178670000,37.918464181,128.178626731,37.918940000,128.179170000,37.918839835,128.179053571,37.918710000,128.179840000,37.918231857,128.179905786
172,172,825323870547,34.399,9.997711,37.919594000,128.180660000,1335.000000,7756.210930,5895.742503,-1860.468426,-23.986821,1.302770,14.541191,57.629510,14.859619,53.477965,35.127071,57.629510,37.918346000,128.179210000,37.918346000,128.179210000,37.917706000,128.179290000,37.917811732,128.179387234,37.917940000,128.178590000,37.918456885,128.178553302,37.918926000,128.179110000,37.918828681,128.178994184,37.918690000,128.179780000,37.918211507,128.179834213
173,173,825323870750,34.602,9.997711,37.919594000,128.180660000,1335.000000,7756.210930,5895.742503,-1860.468426,-23.986821,1.302770,14.541191,57.629510,14.859619,53.477965,35.127071,57.629510,37.918346000,128.179210000,37.918346000,128.179210000,37.917706000,128.179290000,37.917811732,128.179387234,37.917940000,128.178590000,37.918456885,128.178553302,37.918926000,128.179110000,37.918828681,128.178994184,37.918690000,128.179780000,37.918211507,128.179834213
174,174,825323870953,34.805,9.997711,37.919710000,128.180370000,1339.000000,8516.833636,6387.161683,-2129.671953,-25.005443,6.981211,22.152107,61.986041,15.072321,47.061396,36.567966,61.986041,37.918280000,128.178880000,37.918280000,128.178880000,37.917600000,128.178900000,37.917734382,128.179086044,37.917793000,128.178120000,37.918347568,128.178183562,37.918850000,128.178770000,37.918762689,128.178638822,37.918600000,128.179430000,37.918183999,128.179525441
175,175,825323871140,34.992,9.997711,37.919740000,128.180300000,1340.000000,8758.742798,6668.204644,-2090.538154,-23.868016,7.060813,23.222492,61.788487,16.447642,46.647306,37.026482,61.788487,37.918247000,128.178740000,37.918247000,128.178740000,37.917557000,128.178740000,37.917691678,128.178941946,37.917755000,128.177950000,37.918306852,128.178025478,37.918830000,128.178650000,37.918736570,128.178504908,37.918570000,128.179300000,37.918157509,128.179393540
176,176,825323871344,35.196,9.997711,37.919740000,128.180300000,1340.000000,8758.742798,6668.204644,-2090.538154,-23.868016,7.060813,23.222492,61.788487,16.447642,46.647306,37.026482,61.788487,37.918247000,128.178740000,37.918247000,128.178740000,37.917557000,128.178740000,37.917691678,128.178941946,37.917755000,128.177950000,37.918306852,128.178025478,37.918830000,128.178650000,37.918736570,128.178504908,37.918570000,128.179300000,37.918157509,128.179393540
177,177,825323871548,35.400,9.997711,37.919740000,128.180300000,1340.000000,8758.742798,6668.204644,-2090.538154,-23.868016,7.060813,23.222492,61.788487,16.447642,46.647306,37.026482,61.788487,37.918247000,128.178740000,37.918247000,128.178740000,37.917557000,128.178740000,37.917691678,128.178941946,37.917755000,128.177950000,37.918306852,128.178025478,37.918830000,128.178650000,37.918736570,128.178504908,37.918570000,128.179300000,37.918157509,128.179393540
178,178,825323871751,35.603,9.997711,37.919834000,128.180080000,1343.000000,9654.719343,7349.268403,-2305.450940,-23.879005,3.975547,28.724697,57.085475,24.833920,47.444513,39.522151,57.085475,37.918150000,128.178360000,37.918150000,128.178360000,37.917404000,128.178330000,37.917578223,128.178571279,37.917686000,128.177580000,37.918197977,128.177616977,37.918793000,128.178360000,37.918661482,128.178131583,37.918518000,128.179020000,37.918092364,128.179047826
179,179,825323871955,35.807,9.997711,37.919870000,128.180010000,1344.000000,10086.335367,7698.807115,-2387.528252,-23.670919,3.790331,30.647646,58.435712,26.077096,50.685918,41.461593,58.435712,37.918090000,128.178120000,37.918090000,128.178120000,37.917328000,128.178050000,37.917502156,128.178320290,37.917645000,128.177320000,37.918167095,128.177389142,37.918766000,128.178160000,37.918628002,128.177920052,37.918495000,128.178820000,37.918039803,128.178833388
180,180,825323872142,35.994,9.997711,37.919903000,128.179930000,1345.000000,10274.718882,7843.305285,-2431.413596,-23.664040,1.663661,27.189596,57.483848,27.724959,52.117706,41.129027,57.483848,37.918083000,128.177980000,37.918083000,128.177980000,37.917330000,128.177930000,37.917481571,128.178172784,37.917660000,128.177200000,37.918174203,128.177260134,37.918770000,128.178050000,37.918630625,128.177788356,37.918503000,128.178730000,37.918035301,128.178703068
181,181,825323872345,36.197,9.997711,37.919937000,128.179870000,1346.000000,9860.691717,7653.499548,-2207.192169,-22.383746,1.986097,25.819782,57.166622,26.935393,50.738915,40.165178,57.166622,37.918200000,128.177930000,37.918200000,128.177930000,37.917465000,128.177870000,37.917601002,128.178108165,37.917800000,128.177150000,37.918309777,128.177228620,37.918884000,128.178010000,37.918748660,128.177755751,37.918594000,128.178650000,37.918138218,128.178645631
182,182,825323872548,36.400,9.997711,37.919975000,128.179800000,1347.000000,9404.228281,7212.370055,-2191.858225,-23.307157,2.805815,26.085135,57.808657,25.821295,49.381646,39.774183,57.808657,37.918396000,128.177920000,37.918396000,128.177920000,37.917675000,128.177840000,37.917811483,128.178081450,37.918015000,128.177150000,37.918528850,128.177245153,37.919064000,128.178020000,37.918941361,128.177770428,37.918747000,128.178630000,37.918303598,128.178613087
183,183,825323872752,36.604,8.574960,37.920010000,128.179730000,1348.000000,6561.265429,4982.619852,-1578.645576,-24.060078,0.892890,9.723667,61.213667,11.349531,57.122014,34.852220,61.213667,37.918743000,128.177600000,37.918743000,128.177600000,37.918150000,128.177580000,37.918231814,128.177618790,37.918400000,128.176990000,37.918943596,128.177095178,37.919304000,128.177660000,37.919220945,128.177585044,37.919075000,128.178200000,37.918564148,128.178138697
184,184,825323872941,36.793,5.526207,37.920050000,128.179660000,1349.000000,2570.060298,1818.547096,-751.513202,-29.241073,1.472725,11.327147,49.995818,13.584866,48.805275,30.928277,49.995818,37.919140000,128.176880000,37.919140000,128.176880000,37.918777000,128.176910000,37.918832151,128.176801604,37.918888000,128.176540000,37.919331978,128.176625901,37.919470000,128.176800000,37.919436162,128.176948628,37.919384000,128.177220000,37.918949198,128.177148694
185,185,825323873144,36.996,1.947356,37.920090000,128.179600000,1350.000000,299.530365,236.312615,-63.217750,-21.105623,0.617615,4.410828,3.923328,3.175893,4.977407,4.121864,4.977407,37.919247000,128.176220000,37.919247000,128.176220000,37.919144000,128.176120000,37.919139320,128.176169876,37.919353000,128.176160000,37.919321273,128.176140546,37.919346000,128.176300000,37.919351766,128.176264582,37.919136000,128.176270000,37.919172915,128.176301981
186,186,825323873347,37.199,0.609750,37.920124000,128.179530000,1351.000000,39.787523,28.371773,-11.415749,-28.691782,0.164880,1.910851,1.355523,1.095085,0.883536,1.311249,1.910851,37.919180000,128.176000000,37.919180000,128.176000000,37.919144000,128.175960000,37.919144945,128.175981726,37.919212000,128.175980000,37.919202245,128.175970761,37.919220000,128.176030000,37.919215075,128.176019205,37.919150000,128.176030000,37.919157936,128.176029848
187,187,825323873551,37.403,0.609750,37.920166000,128.179460000,1352.000000,48.145969,32.246601,-15.899367,-33.023258,0.653957,1.332021,1.609493,0.736357,0.621049,1.074730,1.609493,37.918976000,128.175720000,37.918976000,128.175720000,37.918930000,128.175690000,37.918938146,128.175701111,37.919003000,128.175670000,37.918997154,128.175686763,37.919020000,128.175740000,37.919013483,128.175738565,37.918950000,128.175750000,37.918954920,128.175753335
188,188,825323873754,37.606,0.609750,37.920204000,128.179400000,1354.000000,58.459698,34.828932,-23.630766,-40.422320,1.134336,1.186933,0.404753,1.558318,2.815180,1.491296,2.815180,37.918690000,128.175670000,37.918690000,128.175670000,37.918640000,128.175660000,37.918650090,128.175655631,37.918705000,128.175630000,37.918708402,128.175631627,37.918736000,128.175700000,37.918729576,128.175684234,37.918670000,128.175740000,37.918671524,128.175708001
189,189,825323873942,37.794,0.609750,37.920250000,128.179320000,1355.000000,53.963017,36.433944,-17.529073,-32.483493,0.094335,0.859406,1.965058,0.918034,1.785231,1.381932,1.965058,37.918392000,128.175890000,37.918392000,128.175890000,37.918346000,128.175890000,37.918350513,128.175882060,37.918396000,128.175830000,37.918406381,128.175848098,37.918438000,128.175890000,37.918433698,128.175898919,37.918385000,128.175950000,37.918377710,128.175931893
190,190,825323874145,37.997,0.609750,37.920288000,128.179260000,1356.000000,43.014215,35.143986,-7.870229,-18.296809,0.176337,1.719774,0.715950,1.729631,1.158430,1.330946,1.729631,37.918022000,128.176300000,37.918022000,128.176300000,37.917976000,128.176320000,37.917979341,128.176300880,37.918030000,128.176250000,37.918032599,128.176257457,37.918068000,128.176280000,37.918064297,128.176299128,37.918020000,128.176350000,37.918011426,128.176342524
191,191,825323874348,38.200,0.609750,37.920326000,128.179200000,1357.000000,46.631576,35.977265,-10.654311,-22.847847,1.310542,2.424505,1.106210,0.198408,2.362309,1.522858,2.424505,37.917618000,128.176860000,37.917618000,128.176860000,37.917576000,128.176900000,37.917575256,128.176872408,37.917614000,128.176820000,37.917623254,128.176815410,37.917660000,128.176850000,37.917660571,128.176847860,37.917620000,128.176930000,37.917612837,128.176904679
192,192,825323874552,38.404,0.609750,37.920370000,128.179140000,1358.000000,51.617463,36.902476,-14.714987,-28.507769,1.123803,0.482824,2.318559,2.164265,1.053350,1.504749,2.318559,37.917446000,128.177570000,37.917446000,128.177570000,37.917408000,128.177600000,37.917410520,128.177595525,37.917427000,128.177500000,37.917438906,128.177521663,37.917480000,128.177520000,37.917481254,128.177544593,37.917460000,128.177610000,37.917453084,128.177618186
193,193,825323874740,38.592,0.609750,37.920406000,128.179080000,1359.000000,58.020809,37.733647,-20.287162,-34.965321,0.564145,0.586215,2.305787,1.227682,1.215544,1.333807,2.305787,37.917390000,128.177540000,37.917390000,128.177540000,37.917350000,128.177570000,37.917354462,128.177566454,37.917370000,128.177470000,37.917382028,128.177491376,37.917423000,128.177500000,37.917425308,128.177513670,37.917404000,128.177600000,37.917397960,128.177588469
194,194,825323874944,38.796,0.609750,37.920450000,128.179020000,1360.000000,52.595096,37.868702,-14.726394,-27.999557,1.098880,0.395929,1.969397,2.013983,1.067451,1.361690,2.013983,37.917404000,128.177570000,37.917404000,128.177570000,37.917366000,128.177600000,37.917368992,128.177597563,37.917390000,128.177500000,37.917394976,128.177521520,37.917442000,128.177520000,37.917438780,128.177542567,37.917420000,128.177610000,37.917413010,128.177618321
195,195,825323875147,38.999,0.609750,37.920490000,128.178940000,1362.000000,51.715255,38.229722,-13.485533,-26.076509,1.099838,0.396412,1.971167,1.985155,0.727406,1.270035,1.985155,37.917400000,128.177570000,37.917400000,128.177570000,37.917362000,128.177600000,37.917365407,128.177598689,37.917385000,128.177500000,37.917389939,128.177521555,37.917440000,128.177520000,37.917434366,128.177541447,37.917410000,128.177610000,37.917410045,128.177618283
196,196,825323875350,39.202,0.609750,37.920530000,128.178880000,1363.000000,54.843599,38.712982,-16.130618,-29.412033,0.187990,0.840599,1.112167,0.423820,1.031969,0.852139,1.112167,37.917385000,128.177550000,37.917385000,128.177550000,37.917343000,128.177580000,37.917350538,128.177579426,37.917370000,128.177490000,37.917374218,128.177501480,37.917423000,128.177520000,37.917419235,128.177520714,37.917397000,128.177610000,37.917395765,128.177598354
197,197,825323875553,39.405,0.609750,37.920570000,128.178800000,1364.000000,45.849606,38.386229,-7.463377,-16.277952,0.446295,0.714651,0.722203,0.738536,1.079784,0.813794,1.079784,37.917440000,128.177580000,37.917440000,128.177580000,37.917400000,128.177610000,37.917406411,128.177610431,37.917427000,128.177540000,37.917428241,128.177531928,37.917480000,128.177550000,37.917473370,128.177549712,37.917450000,128.177640000,37.917451739,128.177627904
198,198,825323875741,39.593,0.609750,37.920610000,128.178740000,1365.000000,53.670474,39.318675,-14.351799,-26.740585,0.076627,0.933022,1.042291,0.515533,1.044179,0.883756,1.044179,37.917385000,128.177550000,37.917385000,128.177550000,37.917343000,128.177580000,37.917351322,128.177581265,37.917374000,128.177490000,37.917372406,128.177501695,37.917423000,128.177520000,37.917418453,128.177518885,37.917397000,128.177610000,37.917397573,128.177598132
199,199,825323875945,39.797,0.609750,37.920650000,128.178670000,1366.000000,50.444284,38.225965,-12.218319,-24.221414,1.113654,1.963817,0.751508,0.861006,2.230332,1.451666,2.230332,37.917526000,128.177760000,37.917526000,128.177760000,37.917484000,128.177810000,37.917496111,128.177793740,37.917515000,128.177720000,37.917510935,128.177713168,37.917564000,128.177730000,37.917556718,128.177726695,37.917534000,128.177830000,37.917542664,128.177807101
200,200,825323876148,40.000,0.609750,37.920685000,128.178600000,1367.000000,50.102159,39.081192,-11.020967,-21.996991,0.657088,1.411715,1.041607,1.275481,2.287406,1.504053,2.287406,37.917473000,128.177730000,37.917473000,128.177730000,37.917430000,128.177760000,37.917442215,128.177764319,37.917465000,128.177690000,37.917457373,128.177683129,37.917515000,128.177700000,37.917503996,128.177695951,37.917480000,128.177800000,37.917489549,128.177776937
201,201,825323876352,40.204,0.609750,37.920723000,128.178540000,1368.000000,52.252852,38.894153,-13.358700,-25.565493,0.943388,2.045154,0.944191,1.201506,2.470623,1.665368,2.470623,37.917520000,128.177760000,37.917520000,128.177760000,37.917473000,128.177800000,37.917490997,128.177795319,37.917510000,128.177720000,37.917503225,128.177713531,37.917560000,128.177730000,37.917549924,128.177725096,37.917526000,128.177830000,37.917538390,128.177806659
202,202,825323876555,40.407,0.609750,37.920760000,128.178470000,1369.000000,51.715204,39.732983,-11.982221,-23.169629,0.674744,1.863483,1.180870,1.402422,2.411260,1.714509,2.411260,37.917473000,128.177730000,37.917473000,128.177730000,37.917427000,128.177760000,37.917443085,128.177765878,37.917465000,128.177690000,37.917455710,128.177683509,37.917515000,128.177700000,37.917503203,128.177694398,37.917480000,128.177800000,37.917491213,128.177776508
203,203,825323876742,40.594,0.609750,37.920795000,128.178400000,1370.000000,54.403612,40.044028,-14.359584,-26.394542,0.653720,1.935274,1.255478,1.999906,2.481308,1.917991,2.481308,37.917473000,128.177730000,37.917473000,128.177730000,37.917427000,128.177760000,37.917443571,128.177766665,37.917465000,128.177690000,37.917454856,128.177683751,37.917520000,128.177700000,37.917502756,128.177693609,37.917480000,128.177800000,37.917492063,128.177776241
204,204,825323876945,40.797,0.609750,37.920830000,128.178330000,1370.000000,45.067433,39.559448,-5.507985,-12.221653,0.448014,1.874105,2.051261,2.290314,2.511392,2.181768,2.511392,37.917587000,128.177870000,37.917587000,128.177870000,37.917545000,128.177900000,37.917560578,128.177908091,37.917583000,128.177830000,37.917565000,128.177825003,37.917633000,128.177840000,37.917613399,128.177832074,37.917590000,128.177930000,37.917609093,128.177914766
205,205,825323877149,41.001,0.609750,37.920868000,128.178250000,1371.000000,46.533834,39.895841,-6.637992,-14.264873,0.454732,2.271099,1.824700,2.064557,2.435301,2.148914,2.435301,37.917590000,128.177870000,37.917590000,128.177870000,37.917545000,128.177900000,37.917564162,128.177908878,37.917583000,128.177830000,37.917567011,128.177825422,37.917633000,128.177840000,37.917615776,128.177831282,37.917595000,128.177930000,37.917613053,128.177914337
206,206,825323877351,41.203,0.609750,37.920900000,128.178190000,1372.000000,46.533834,40.211865,-6.321968,-13.585745,0.454857,2.335390,1.899501,2.130048,2.518899,2.220959,2.518899,37.917590000,128.177870000,37.917590000,128.177870000,37.917545000,128.177900000,37.917564599,128.177909488,37.917583000,128.177830000,37.917566274,128.177825721,37.917633000,128.177840000,37.917615337,128.177830672,37.917595000,128.177930000,37.917613798,128.177914035
207,207,825323877540,41.392,0.609750,37.920900000,128.178190000,1372.000000,46.533834,40.211865,-6.321968,-13.585745,0.454857,2.335390,1.899501,2.130048,2.518899,2.220959,2.518899,37.917590000,128.177870000,37.917590000,128.177870000,37.917545000,128.177900000,37.917564599,128.177909488,37.917583000,128.177830000,37.917566274,128.177825721,37.917633000,128.177840000,37.917615337,128.177830672,37.917595000,128.177930000,37.917613798,128.177914035
208,208,825323877743,41.595,0.609750,37.920930000,128.178120000,1372.000000,46.533834,40.439043,-6.094791,-13.097547,0.454999,2.412145,1.979677,2.207915,2.614766,2.303626,2.614766,37.917590000,128.177870000,37.917590000,128.177870000,37.917545000,128.177900000,37.917565149,128.177910106,37.917583000,128.177830000,37.917565477,128.177826153,37.917633000,128.177840000,37.917614784,128.177830052,37.917595000,128.177930000,37.917614603,128.177913598
209,209,825323877947,41.799,0.609750,37.920963000,128.178040000,1373.000000,54.256876,40.725486,-13.531390,-24.939494,0.048998,2.309873,2.463623,2.222549,2.562541,2.389647,2.562541,37.917603000,128.177890000,37.917603000,128.177890000,37.917560000,128.177920000,37.917578882,128.177930907,37.917595000,128.177830000,37.917577288,128.177846820,37.917645000,128.177860000,37.917626926,128.177849246,37.917610000,128.177950000,37.917628662,128.177932917
210,210,825323878150,42.002,0.609750,37.921020000,128.177890000,1374.000000,54.012437,40.709872,-13.302564,-24.628706,0.479803,1.844729,2.612048,2.386686,1.987187,2.207662,2.612048,37.917656000,128.178010000,37.917656000,128.178010000,37.917618000,128.178050000,37.917634438,128.178052662,37.917650000,128.177960000,37.917627650,128.177969058,37.917698000,128.177960000,37.917677392,128.177967495,37.917675000,128.178070000,37.917684280,128.178050670
211,211,825323878353,42.205,0.609750,37.921020000,128.177890000,1374.000000,54.012437,40.709872,-13.302564,-24.628706,0.479803,1.844729,2.612048,2.386686,1.987187,2.207662,2.612048,37.917656000,128.178010000,37.917656000,128.178010000,37.917618000,128.178050000,37.917634438,128.178052662,37.917650000,128.177960000,37.917627650,128.177969058,37.917698000,128.177960000,37.917677392,128.177967495,37.917675000,128.178070000,37.917684280,128.178050670
212,212,825323878540,42.392,0.609750,37.921043000,128.177810000,1374.000000,54.598987,40.747642,-13.851345,-25.369234,0.145846,1.909411,2.428114,2.183005,1.709547,2.057519,2.428114,37.917670000,128.178020000,37.917670000,128.178020000,37.917633000,128.178070000,37.917649297,128.178063221,37.917656000,128.177960000,37.917640793,128.177979822,37.917710000,128.177980000,37.917690539,128.177976937,37.917686000,128.178070000,37.917699130,128.178059904
213,213,825323878744,42.596,0.609750,37.921066000,128.177730000,1375.000000,56.358668,41.029838,-15.328830,-27.198709,0.257172,1.964985,2.527687,2.262653,1.450047,2.051343,2.527687,37.917670000,128.178020000,37.917670000,128.178020000,37.917633000,128.178070000,37.917649962,128.178063807,37.917656000,128.177960000,37.917639981,128.177980399,37.917710000,128.177980000,37.917689879,128.177976351,37.917690000,128.178070000,37.917699937,128.178059325
214,214,825323878948,42.800,0.609750,37.921090000,128.177660000,1375.000000,56.358668,41.268475,-15.090193,-26.775283,0.257206,2.015655,2.617175,2.331261,1.540774,2.126216,2.617175,37.917670000,128.178020000,37.917670000,128.178020000,37.917633000,128.178070000,37.917650534,128.178064273,37.917656000,128.177960000,37.917639271,128.177980940,37.917710000,128.177980000,37.917689311,128.177975887,37.917690000,128.178070000,37.917700642,128.178058782
215,215,825323879151,43.003,0.609750,37.921124000,128.177490000,1376.000000,55.967628,41.692697,-14.274930,-25.505691,0.034679,2.155061,2.525050,2.070609,1.752007,2.125682,2.525050,37.917670000,128.178020000,37.917670000,128.178020000,37.917633000,128.178070000,37.917652005,128.178065327,37.917652000,128.177960000,37.917637695,128.177982314,37.917706000,128.177980000,37.917687851,128.177974834,37.917690000,128.178070000,37.917702206,128.178057406
216,216,825323879355,43.207,0.609750,37.921140000,128.177410000,1376.000000,50.150914,42.045069,-8.105845,-16.162907,0.521369,2.121702,2.200070,2.330043,1.024879,1.919173,2.330043,37.917656000,128.178010000,37.917656000,128.178010000,37.917620000,128.178050000,37.917638504,128.178055791,37.917640000,128.177960000,37.917623022,128.177972823,37.917694000,128.177960000,37.917673355,128.177964373,37.917680000,128.178050000,37.917688875,128.178046896
217,217,825323879542,43.394,0.609750,37.921150000,128.177340000,1376.000000,49.710986,42.044174,-7.666812,-15.422773,0.694215,1.517874,1.878395,2.551298,1.418604,1.841543,2.551298,37.917667000,128.178020000,37.917667000,128.178020000,37.917637000,128.178070000,37.917650293,128.178066150,37.917650000,128.177980000,37.917633366,128.177983596,37.917706000,128.177980000,37.917683573,128.177974012,37.917694000,128.178070000,37.917700523,128.178056123
218,218,825323879745,43.597,0.609750,37.921160000,128.177250000,1377.000000,50.590835,42.381626,-8.209209,-16.226672,0.608720,1.760431,2.114675,2.473681,0.895480,1.811067,2.473681,37.917656000,128.178010000,37.917656000,128.178010000,37.917625000,128.178050000,37.917639919,128.178056650,37.917637000,128.177960000,37.917621659,128.177974201,37.917694000,128.177960000,37.917671952,128.177963513,37.917683000,128.178050000,37.917690225,128.178045517
219,219,825323879949,43.801,0.609750,37.921170000,128.177150000,1377.000000,49.271066,42.416824,-6.854242,-13.911293,0.497768,1.687596,1.541298,2.105726,1.635948,1.742642,2.105726,37.917667000,128.178020000,37.917667000,128.178020000,37.917637000,128.178070000,37.917651986,128.178067101,37.917645000,128.177980000,37.917631796,128.177985281,37.917700000,128.177980000,37.917681894,128.177973060,37.917694000,128.178070000,37.917702078,128.178054438
220,220,825323880152,44.004,0.609750,37.921177000,128.177080000,1377.000000,49.710986,42.539706,-7.171281,-14.425947,0.612496,1.421974,1.617925,2.179385,1.513931,1.683304,2.179385,37.917667000,128.178020000,37.917667000,128.178020000,37.917640000,128.178070000,37.917652609,128.178067409,37.917645000,128.177980000,37.917631239,128.177985930,37.917700000,128.177980000,37.917681276,128.177972751,37.917698000,128.178070000,37.917702629,128.178053790
221,221,825323880355,44.207,0.609750,37.921180000,128.176990000,1378.000000,54.892277,42.835034,-12.057243,-21.965282,0.424334,1.732553,2.084812,2.276150,0.921627,1.753785,2.276150,37.917656000,128.178010000,37.917656000,128.178010000,37.917630000,128.178070000,37.917642255,128.178057839,37.917633000,128.177960000,37.917619598,128.177976582,37.917690000,128.177960000,37.917669635,128.177962322,37.917686000,128.178050000,37.917692265,128.178043139
222,222,825323880544,44.396,0.609750,37.921180000,128.176900000,1378.000000,51.910588,42.792699,-9.117889,-17.564603,0.525786,1.596827,1.309693,2.162127,1.633896,1.675636,2.162127,37.917667000,128.178020000,37.917667000,128.178020000,37.917640000,128.178070000,37.917654270,128.178068149,37.917640000,128.177980000,37.917629896,128.177987640,37.917698000,128.177980000,37.917679629,128.177972007,37.917700000,128.178070000,37.917703957,128.178052084
223,223,825323880747,44.599,0.609750,37.921180000,128.176820000,1378.000000,55.576598,43.000954,-12.575644,-22.627589,0.424373,1.575624,2.060307,2.001582,0.843074,1.620147,2.060307,37.917656000,128.178010000,37.917656000,128.178010000,37.917633000,128.178070000,37.917643834,128.178058454,37.917630000,128.177960000,37.917618378,128.177978258,37.917686000,128.177960000,37.917668070,128.177961702,37.917690000,128.178050000,37.917693470,128.178041467
224,224,825323880950,44.802,0.609750,37.921177000,128.176740000,1378.000000,64.130594,42.938123,-21.192471,-33.045805,0.457269,2.223057,0.938141,2.032179,1.804339,1.749429,2.223057,37.917667000,128.178020000,37.917667000,128.178020000,37.917645000,128.178090000,37.917655765,128.178068679,37.917633000,128.177980000,37.917628784,128.177989250,37.917694000,128.177960000,37.917678146,128.177971473,37.917700000,128.178070000,37.917705055,128.178050479
225,225,825323881154,45.006,2.702678,37.921170000,128.176670000,1379.000000,816.485150,678.609797,-137.875353,-16.886450,1.024480,3.708774,1.480154,3.221555,2.472551,2.720759,3.708774,37.918280000,128.176740000,37.918280000,128.176740000,37.918144000,128.176960000,37.918157240,128.176921246,37.918217000,128.176560000,37.918204791,128.176566675,37.918420000,128.176540000,37.918399058,128.176565319,37.918365000,128.176940000,37.918359812,128.176912624
226,226,825323881341,45.193,6.111238,37.921158000,128.176570000,1379.000000,3836.521000,2915.081030,-921.439970,-24.017592,1.279910,22.673065,21.589387,23.369182,26.116035,23.436917,26.116035,37.919052000,128.175050000,37.919052000,128.175050000,37.918823000,128.175450000,37.918707869,128.175237022,37.918846000,128.174590000,37.919039123,128.174612558,37.919273000,128.174650000,37.919381578,128.174877752,37.919304000,128.175520000,37.919071470,128.175480536
227,227,825323881544,45.396,9.149004,37.921150000,128.176480000,1379.000000,8298.539137,5816.644187,-2481.894949,-29.907613,1.200633,77.737966,16.234551,72.603132,15.990806,45.641614,77.737966,37.919563000,128.173680000,37.919563000,128.173680000,37.919310000,128.172910000,37.919030583,128.173721276,37.919952000,128.173170000,37.919806420,128.173159024,37.919840000,128.174450000,37.920092791,128.173687873,37.919235000,128.174290000,37.919378631,128.174292798
228,228,825323881748,45.600,9.997711,37.921135000,128.176400000,1379.000000,8608.504931,6864.749808,-1743.755123,-20.256190,2.962041,67.983771,10.041131,60.484278,9.889110,37.099573,67.983771,37.920180000,128.172680000,37.920180000,128.172680000,37.920010000,128.171830000,37.919582251,128.172382545,37.920630000,128.172160000,37.920557649,128.172228283,37.920322000,128.173400000,37.920716903,128.172926932,37.919697000,128.173110000,37.919785086,128.173095405
229,229,825323881952,45.804,9.997711,37.921116000,128.176330000,1380.000000,9986.207102,6717.994601,-3268.212500,-32.727265,7.049956,78.989416,9.721556,63.511779,7.622770,39.961380,78.989416,37.920776000,128.171890000,37.920776000,128.171890000,37.920696000,128.170800000,37.920254021,128.171503688,37.921284000,128.171400000,37.921227311,128.171484210,37.920837000,128.172680000,37.921264686,128.172201311,37.920258000,128.172210000,37.920325831,128.172221892
230,230,825323882155,46.007,9.997711,37.921097000,128.176240000,1380.000000,9781.176165,7090.752502,-2690.423663,-27.506136,6.620778,72.659589,12.347169,55.806148,8.728338,37.385311,72.659589,37.921420000,128.171280000,37.921420000,128.171280000,37.921490000,128.170230000,37.920951143,128.170696917,37.921974000,128.171070000,37.921899126,128.171173734,37.921368000,128.172090000,37.921836736,128.171864643,37.920864000,128.171590000,37.920924355,128.171526553
231,231,825323882342,46.194,9.997711,37.921074000,128.176160000,1381.000000,9256.686933,6530.612176,-2726.074756,-29.449789,4.047059,71.329346,9.478726,58.757268,8.879603,37.111236,71.329346,37.922073000,128.171170000,37.922073000,128.171170000,37.922310000,128.170210000,37.921702208,128.170467202,37.922640000,128.171130000,37.922555375,128.171141958,37.921890000,128.171900000,37.922409808,128.171783817,37.921497000,128.171220000,37.921576236,128.171208349
232,232,825323882546,46.398,9.997711,37.921050000,128.176090000,1381.000000,7860.558332,5931.318196,-1929.240136,-24.543296,1.613191,69.308167,10.922700,62.276543,10.210484,38.179473,69.308167,37.922560000,128.171460000,37.922560000,128.171460000,37.922900000,128.170700000,37.922278314,128.170742890,37.923134000,128.171520000,37.923052957,128.171449879,37.922290000,128.172040000,37.922849343,128.172026794,37.921993000,128.171390000,37.922084526,128.171397608
233,233,825323882749,46.601,9.997711,37.921024000,128.176010000,1382.000000,6286.427814,5049.624049,-1236.803765,-19.674190,3.222741,62.356452,10.270041,63.481993,10.057213,36.541425,63.481993,37.922620000,128.172040000,37.922620000,128.172040000,37.922916000,128.171500000,37.922358557,128.171430182,37.923183000,128.172120000,37.923114390,128.172041813,37.922340000,128.172560000,37.922909887,128.172533564,37.922062000,128.171950000,37.922148564,128.171982790
234,234,825323882952,46.804,9.997711,37.920998000,128.175930000,1382.000000,6021.518779,4654.051879,-1367.466900,-22.709668,1.182744,59.533704,8.093336,61.278331,9.214924,34.530074,61.278331,37.922585000,128.172550000,37.922585000,128.172550000,37.922860000,128.172030000,37.922325232,128.172022569,37.923150000,128.172600000,37.923078837,128.172581126,37.922306000,128.173070000,37.922856207,128.173048342,37.922024000,128.172490000,37.922106632,128.172496261
235,235,825323883155,47.007,9.997711,37.920967000,128.175860000,1383.000000,6481.600546,4798.350659,-1683.249887,-25.969664,2.833489,54.915079,8.867742,57.944046,13.372844,33.774928,57.944046,37.922530000,128.173230000,37.922530000,128.173230000,37.922790000,128.172730000,37.922296851,128.172713996,37.923073000,128.173320000,37.922998511,128.173355793,37.922200000,128.173860000,37.922719387,128.173816491,37.921936000,128.173250000,37.922033235,128.173160571
236,236,825323883343,47.195,9.997711,37.920937000,128.175780000,1384.000000,6865.288234,4860.457701,-2004.830534,-29.202423,2.469789,48.912651,16.365168,52.863387,20.940622,34.770457,52.863387,37.922478000,128.173890000,37.922478000,128.173890000,37.922780000,128.173310000,37.922340759,128.173295495,37.923040000,128.173950000,37.922939389,128.174085882,37.922153000,128.174500000,37.922627423,128.174473606,37.921886000,128.173900000,37.922005176,128.173715495
237,237,825323883547,47.399,9.997711,37.920906000,128.175700000,1384.000000,6860.368093,4911.891322,-1948.476771,-28.401927,0.381048,45.221598,23.815054,46.804453,22.847259,34.672091,46.804453,37.922302000,128.174260000,37.922302000,128.174260000,37.922596000,128.173660000,37.922190007,128.173677682,37.922882000,128.174270000,37.922762969,128.174495346,37.921990000,128.174870000,37.922410410,128.174862538,37.921722000,128.174270000,37.921832035,128.174050373
238,238,825323883750,47.602,9.997711,37.920870000,128.175630000,1385.000000,6909.257910,4993.160076,-1916.097834,-27.732325,0.845918,46.644917,22.267933,45.378778,22.021209,34.078209,46.644917,37.922165000,128.174260000,37.922165000,128.174260000,37.922474000,128.173630000,37.922056201,128.173670487,37.922740000,128.174260000,37.922638205,128.174478291,37.921864000,128.174870000,37.922271598,128.174862202,37.921600000,128.174260000,37.921702792,128.174045743
239,239,825323883954,47.806,9.997711,37.920837000,128.175570000,1386.000000,6879.987020,5128.477346,-1751.509674,-25.458037,0.918365,44.572222,23.197426,41.490555,24.204468,33.366168,44.572222,37.922096000,128.174320000,37.922096000,128.174320000,37.922405000,128.173690000,37.922005415,128.173722354,37.922680000,128.174320000,37.922575957,128.174548883,37.921806000,128.174930000,37.922178716,128.174930301,37.921540000,128.174330000,37.921640895,128.174085838
240,240,825323884141,47.993,9.997711,37.920800000,128.175490000,1387.000000,6812.341694,5251.173142,-1561.168551,-22.916768,0.802597,38.942496,29.357036,35.909087,30.607026,33.703911,38.942496,37.922090000,128.174440000,37.922090000,128.174440000,37.922390000,128.173810000,37.922040818,128.173836904,37.922672000,128.174420000,37.922559780,128.174722531,37.921795000,128.175050000,37.922117416,128.175062917,37.921524000,128.174470000,37.921648271,128.174159090
241,241,825323884345,48.197,9.997711,37.920770000,128.175420000,1387.000000,6945.186498,5388.554419,-1556.632079,-22.413107,2.262803,31.105450,40.022575,27.457087,35.941372,33.631621,40.022575,37.922123000,128.174640000,37.922123000,128.174640000,37.922417000,128.174010000,37.922138298,128.174035458,37.922720000,128.174600000,37.922558846,128.175007415,37.921820000,128.175250000,37.922066291,128.175266900,37.921550000,128.174650000,37.921705453,128.174291274
242,242,825323884548,48.400,9.997711,37.920734000,128.175350000,1388.000000,7173.828529,5510.705379,-1663.123150,-23.183202,0.342022,22.494030,44.858819,21.620686,44.503673,33.369302,44.858819,37.922173000,128.174770000,37.922173000,128.174770000,37.922455000,128.174150000,37.922253226,128.174163792,37.922783000,128.174760000,37.922579509,128.175200923,37.921867000,128.175400000,37.922060896,128.175385734,37.921590000,128.174800000,37.921789104,128.174360528
243,243,825323884752,48.604,9.997711,37.920696000,128.175280000,1388.000000,7248.701833,5714.493856,-1534.207977,-21.165279,1.731080,10.853664,53.233083,14.258785,53.764767,33.027575,53.764767,37.922237000,128.174960000,37.922237000,128.174960000,37.922500000,128.174330000,37.922405856,128.174362151,37.922844000,128.174940000,37.922603095,128.175463660,37.921936000,128.175580000,37.922062173,128.175552021,37.921635000,128.174990000,37.921904154,128.174481627
244,244,825323884956,48.808,9.997711,37.920662000,128.175200000,1388.000000,7545.331559,5821.989905,-1723.341655,-22.839840,2.900016,7.496596,61.492795,8.564727,60.028544,34.395666,61.492795,37.922283000,128.175100000,37.922283000,128.175100000,37.922535000,128.174450000,37.922505160,128.174526531,37.922897000,128.175060000,37.922609348,128.175657829,37.921990000,128.175720000,37.922054432,128.175666697,37.921660000,128.175110000,37.921993537,128.174572860
245,245,825323885143,48.995,9.997711,37.920662000,128.175200000,1388.000000,7545.331559,5821.989905,-1723.341655,-22.839840,2.900016,7.496596,61.492795,8.564727,60.028544,34.395666,61.492795,37.922283000,128.175100000,37.922283000,128.175100000,37.922535000,128.174450000,37.922505160,128.174526531,37.922897000,128.175060000,37.922609348,128.175657829,37.921990000,128.175720000,37.922054432,128.175666697,37.921660000,128.175110000,37.921993537,128.174572860
246,246,825323885347,49.199,9.997711,37.920630000,128.175140000,1387.000000,7619.329513,5873.763809,-1745.565703,-22.909702,2.601586,7.032216,63.297430,8.764372,64.468407,35.890606,64.468407,37.922300000,128.175140000,37.922300000,128.175140000,37.922546000,128.174500000,37.922542733,128.174579974,37.922913000,128.175110000,37.922609554,128.175719591,37.922010000,128.175780000,37.922048171,128.175692708,37.921670000,128.175170000,37.922029602,128.174594529
247,247,825323885550,49.402,9.997711,37.920593000,128.175060000,1387.000000,7561.462909,5907.741685,-1653.721224,-21.870387,2.392086,7.739592,66.254395,8.893150,65.318807,37.051486,66.254395,37.922264000,128.175110000,37.922264000,128.175110000,37.922512000,128.174470000,37.922521725,128.174557270,37.922882000,128.175060000,37.922564419,128.175698100,37.921978000,128.175750000,37.921999022,128.175652296,37.921640000,128.175140000,37.922005016,128.174557613
248,248,825323885753,49.605,9.997711,37.920560000,128.174990000,1386.000000,7406.726476,5865.779253,-1540.947223,-20.804700,1.672669,7.253113,64.723663,9.084997,63.268132,36.082476,64.723663,37.922184000,128.174990000,37.922184000,128.174990000,37.922440000,128.174350000,37.922436864,128.174432501,37.922802000,128.174940000,37.922492650,128.175564070,37.921898000,128.175630000,37.921927933,128.175533752,37.921580000,128.175030000,37.921917565,128.174450369
249,249,825323885941,49.793,9.997711,37.920517000,128.174910000,1385.000000,7121.932646,5600.199624,-1521.733023,-21.366855,1.104721,8.999592,61.643027,8.395163,59.185472,34.555813,61.643027,37.922054000,128.174790000,37.922054000,128.174790000,37.922314000,128.174150000,37.922259478,128.174225671,37.922670000,128.174740000,37.922371924,128.175331595,37.921783000,128.175430000,37.921817452,128.175344957,37.921486000,128.174850000,37.921765022,128.174276286
250,250,825323886145,49.997,9.997711,37.920483000,128.174850000,1384.000000,6757.521358,5204.886186,-1552.635172,-22.976401,2.994534,12.480463,58.486378,8.238265,51.992943,32.799512,58.486378,37.921875000,128.174530000,37.921875000,128.174530000,37.922120000,128.173890000,37.922018551,128.173950499,37.922497000,128.174450000,37.922216389,128.175013071,37.921630000,128.175140000,37.921700070,128.175109816,37.921340000,128.174580000,37.921560243,128.174057883
251,251,825323886348,50.200,9.997711,37.920450000,128.174790000,1384.000000,6654.351028,5152.268964,-1502.082064,-22.572931,1.820430,13.931999,52.235245,11.869818,48.245804,31.570717,52.235245,37.921770000,128.174320000,37.921770000,128.174320000,37.921997000,128.173690000,37.921875021,128.173725503,37.922380000,128.174240000,37.922148460,128.174757377,37.921543000,128.174940000,37.921647806,128.174915116,37.921240000,128.174380000,37.921428879,128.173885513
252,252,825323886578,50.430,9.997711,37.920370000,128.174640000,1383.000000,6544.577063,5158.163088,-1386.413976,-21.184165,2.038076,12.448344,53.773521,11.025081,48.346249,31.398299,53.773521,37.921720000,128.174200000,37.921720000,128.174200000,37.921936000,128.173550000,37.921834409,128.173609245,37.922306000,128.174100000,37.922090031,128.174647744,37.921494000,128.174820000,37.921590519,128.174791854,37.921196000,128.174260000,37.921380418,128.173761551
253,253,825323886755,50.607,9.997711,37.920370000,128.174640000,1383.000000,6544.577063,5158.163088,-1386.413976,-21.184165,2.038076,12.448344,53.773521,11.025081,48.346249,31.398299,53.773521,37.921720000,128.174200000,37.921720000,128.174200000,37.921936000,128.173550000,37.921834409,128.173609245,37.922306000,128.174100000,37.922090031,128.174647744,37.921494000,128.174820000,37.921590519,128.174791854,37.921196000,128.174260000,37.921380418,128.173761551
254,254,825323886944,50.796,9.997711,37.920284000,128.174500000,1383.000000,6788.960310,5175.867886,-1613.092424,-23.760522,2.181536,8.700460,61.523418,6.910900,55.629974,33.191188,61.523418,37.921757000,128.174260000,37.921757000,128.174260000,37.921970000,128.173610000,37.921925132,128.173691126,37.922363000,128.174160000,37.922082595,128.174763736,37.921543000,128.174900000,37.921569083,128.174828584,37.921230000,128.174330000,37.921462841,128.173769471
255,255,825323887147,50.999,9.997711,37.920242000,128.174440000,1382.000000,6768.918865,5180.786271,-1588.132594,-23.462131,2.710277,7.741954,65.222203,7.577196,58.995286,34.884160,65.222203,37.921776000,128.174300000,37.921776000,128.174300000,37.921990000,128.173660000,37.921968013,128.173743641,37.922394000,128.174200000,37.922079061,128.174826302,37.921570000,128.174940000,37.921561630,128.174854368,37.921253000,128.174380000,37.921504434,128.173788606
256,256,825323887351,51.203,9.997711,37.920204000,128.174360000,1382.000000,6807.627924,5211.347163,-1596.280761,-23.448414,2.279697,8.322514,65.041433,8.004669,59.000171,35.092197,65.041433,37.921795000,128.174200000,37.921795000,128.174200000,37.921997000,128.173550000,37.921980136,128.173642331,37.922410000,128.174090000,37.922110288,128.174725799,37.921590000,128.174850000,37.921589270,128.174758850,37.921276000,128.174290000,37.921517321,128.173691811
257,257,825323887553,51.405,9.997711,37.920166000,128.174300000,1381.000000,6586.212132,5158.462301,-1427.749831,-21.677860,1.806234,7.517887,63.100489,7.521034,56.117623,33.564258,63.100489,37.921814000,128.174030000,37.921814000,128.174030000,37.922000000,128.173390000,37.921968068,128.173465437,37.922417000,128.173900000,37.922152236,128.174535365,37.921597000,128.174670000,37.921638500,128.174602415,37.921295000,128.174120000,37.921511651,128.173542978
258,258,825323887740,51.592,9.997711,37.920120000,128.174240000,1380.000000,6636.848442,4942.285589,-1694.562854,-25.532644,1.398181,10.327415,56.083651,12.264142,51.400022,32.518808,56.083651,37.921820000,128.173680000,37.921820000,128.173680000,37.921980000,128.173050000,37.921899016,128.173107374,37.922398000,128.173550000,37.922182678,128.174127393,37.921600000,128.174320000,37.921704039,128.174274056,37.921260000,128.173780000,37.921461999,128.173253658
259,259,825323887945,51.797,9.997711,37.920080000,128.174180000,1380.000000,6544.230295,4627.182995,-1917.047300,-29.293702,0.734339,17.877871,46.279502,18.593538,44.362403,31.778329,46.279502,37.921772000,128.173220000,37.921772000,128.173220000,37.921925000,128.172590000,37.921770954,128.172647566,37.922337000,128.173100000,37.922172497,128.173584001,37.921593000,128.173860000,37.921756782,128.173818458,37.921220000,128.173340000,37.921372575,128.172873308
260,260,825323888148,52.000,9.997711,37.920036000,128.174120000,1380.000000,6069.737905,4504.222050,-1565.515855,-25.792149,0.772577,24.055503,37.060982,26.137859,37.778334,31.258169,37.778334,37.921670000,128.172740000,37.921670000,128.172740000,37.921830000,128.172130000,37.921614816,128.172155112,37.922210000,128.172620000,37.922097855,128.173017372,37.921505000,128.173370000,37.921737003,128.173324190,37.921143000,128.172870000,37.921251595,128.172462414
261,261,825323888351,52.203,9.997711,37.919987000,128.174040000,1380.000000,5775.699526,4421.517172,-1354.182354,-23.446205,0.688010,30.281680,28.368112,32.509830,28.727237,29.971715,32.509830,37.921570000,128.172120000,37.921570000,128.172120000,37.921720000,128.171510000,37.921448461,128.171530608,37.922070000,128.172030000,37.921987312,128.172335566,37.921402000,128.172740000,37.921692183,128.172698304,37.921055000,128.172240000,37.921127106,128.171925895
262,262,825323888557,52.409,9.997711,37.919945000,128.173980000,1381.000000,6013.200693,4666.961174,-1346.239519,-22.388069,0.715402,37.635492,23.538756,35.047030,24.590068,30.202836,37.635492,37.921500000,128.171570000,37.921500000,128.171570000,37.921677000,128.170900000,37.921341560,128.170953510,37.921997000,128.171480000,37.921929198,128.171733897,37.921352000,128.172180000,37.921665462,128.172142803,37.920980000,128.171700000,37.921044134,128.171432040
263,263,825323888742,52.594,9.997711,37.919890000,128.173920000,1381.000000,6587.216369,5068.940537,-1518.275833,-23.048823,1.713175,41.335084,24.164276,38.994782,20.216453,31.177649,41.335084,37.921516000,128.171050000,37.921516000,128.171050000,37.921715000,128.170320000,37.921347056,128.170383327,37.922030000,128.170940000,37.921950339,128.171195974,37.921350000,128.171720000,37.921694446,128.171639186,37.921010000,128.171160000,37.921052706,128.170936239
264,264,825323888945,52.797,9.997711,37.919846000,128.173870000,1382.000000,7151.256127,5531.213588,-1620.042540,-22.653958,1.896824,41.926407,24.100507,39.534208,25.974438,32.883890,41.926407,37.921580000,128.170650000,37.921580000,128.170650000,37.921803000,128.169850000,37.921428303,128.169898322,37.922110000,128.170530000,37.922026487,128.170783207,37.921413000,128.171340000,37.921761985,128.171256533,37.921060000,128.170790000,37.921125190,128.170505992
265,265,825323889149,53.001,9.997711,37.919790000,128.173810000,1383.000000,7690.165028,5787.453573,-1902.711455,-24.742141,3.571395,38.519307,28.327872,40.434156,34.289554,35.392722,40.434156,37.921710000,128.170290000,37.921710000,128.170290000,37.921917000,128.169480000,37.921571146,128.169493761,37.922260000,128.170140000,37.922161245,128.170437306,37.921520000,128.171040000,37.921873985,128.170936798,37.921170000,128.170460000,37.921267752,128.170089707
266,266,825323889352,53.204,9.997711,37.919743000,128.173770000,1384.000000,8071.484076,5816.846578,-2254.637498,-27.933370,1.900969,40.377947,29.938079,39.505368,35.793108,36.403626,40.377947,37.921910000,128.169950000,37.921910000,128.169950000,37.922100000,128.169140000,37.921742187,128.169215386,37.922462000,128.169800000,37.922367886,128.170119368,37.921696000,128.170750000,37.922042743,128.170654201,37.921356000,128.170120000,37.921460348,128.169734461
267,267,825323889541,53.393,9.997711,37.919693000,128.173720000,1385.000000,9111.674159,6089.139123,-3022.535035,-33.172115,1.970188,52.494656,28.917718,39.983674,36.458964,39.463753,52.494656,37.922028000,128.169710000,37.922028000,128.169710000,37.922306000,128.168700000,37.921874593,128.168941405,37.922580000,128.169560000,37.922502794,128.169874426,37.921810000,128.170530000,37.922159057,128.170422666,37.921480000,128.169860000,37.921583319,128.169466017
268,268,825323889744,53.596,9.997711,37.919636000,128.173660000,1386.000000,10217.068166,7825.608820,-2391.459345,-23.406513,3.351469,41.599297,45.195665,38.212311,36.126296,40.283392,45.195665,37.922108000,128.169420000,37.922108000,128.169420000,37.922424000,128.168290000,37.922061002,128.168402520,37.922770000,128.169080000,37.922615142,128.169555765,37.921920000,128.170230000,37.922253775,128.170128376,37.921560000,128.169590000,37.921646994,128.169193661
269,269,825323889948,53.800,9.997711,37.919586000,128.173610000,1387.000000,10927.493622,8479.114901,-2448.378721,-22.405675,5.804975,42.582834,51.132993,35.199596,37.534097,41.612380,51.132993,37.922127000,128.169190000,37.922127000,128.169190000,37.922450000,128.168000000,37.922082967,128.168136618,37.922844000,128.168760000,37.922663901,128.169295663,37.921967000,128.170000000,37.922275789,128.169913706,37.921574000,128.169390000,37.921652851,128.168974425
270,270,825323890151,54.003,9.997711,37.919533000,128.173570000,1387.000000,11614.013096,8899.404209,-2714.608887,-23.373565,3.649181,44.122409,49.617459,35.961609,46.786542,44.122005,49.617459,37.922176000,128.168840000,37.922176000,128.168840000,37.922440000,128.167710000,37.922064631,128.167871337,37.922867000,128.168460000,37.922703093,128.168985438,37.921967000,128.169780000,37.922278747,128.169672625,37.921550000,128.169200000,37.921656515,128.168684602
271,271,825323890354,54.206,9.997711,37.919476000,128.173520000,1388.000000,12375.911428,9072.758287,-3303.153141,-26.690181,10.928865,56.582181,57.035776,31.363547,44.859854,47.460339,57.035776,37.922157000,128.168460000,37.922157000,128.168460000,37.922370000,128.167330000,37.921934210,128.167661641,37.922825000,128.168080000,37.922647231,128.168689159,37.921925000,128.169510000,37.922201775,128.169443222,37.921490000,128.168930000,37.921566155,128.168428354
272,272,825323890542,54.394,9.997711,37.919422000,128.173480000,1388.000000,13597.018957,9705.183172,-3891.835785,-28.622714,13.969406,73.233609,54.085251,34.109151,43.745989,51.293500,73.233609,37.922090000,128.168140000,37.922090000,128.168140000,37.922330000,128.166850000,37.921824663,128.167383968,37.922740000,128.167740000,37.922610756,128.168333715,37.921850000,128.169270000,37.922144625,128.169163320,37.921406000,128.168670000,37.921466796,128.168177832
273,273,825323890745,54.597,9.997711,37.919360000,128.173430000,1388.000000,14029.108617,9928.062478,-4101.046139,-29.232407,7.214465,60.662150,57.882294,47.239391,45.961959,52.936449,60.662150,37.922005000,128.167900000,37.922005000,128.167900000,37.922200000,128.166660000,37.921756404,128.167061232,37.922720000,128.167370000,37.922580067,128.168004827,37.921772000,128.169080000,37.922143591,128.168820203,37.921350000,128.168410000,37.921400113,128.167890469
274,274,825323890949,54.801,9.997711,37.919304000,128.173400000,1389.000000,14262.574749,10232.152333,-4030.422416,-28.258729,1.170968,52.385972,54.030054,58.287741,44.720335,52.356026,58.287741,37.921856000,128.167620000,37.921856000,128.167620000,37.922012000,128.166350000,37.921618233,128.166676665,37.922596000,128.166980000,37.922504272,128.167584188,37.921696000,128.168750000,37.922122190,128.168364397,37.921234000,128.168090000,37.921263261,128.167582093
275,275,825323891153,55.005,9.997711,37.919240000,128.173360000,1389.000000,14404.988629,10429.287218,-3975.701411,-27.599476,4.097867,53.153240,56.827144,51.089113,44.783492,51.463247,56.827144,37.921680000,128.167330000,37.921680000,128.167330000,37.921800000,128.166050000,37.921407918,128.166395453,37.922424000,128.166630000,37.922334777,128.167267166,37.921585000,128.168430000,37.921960152,128.168094876,37.921080000,128.167800000,37.921086645,128.167290092
276,276,825323891340,55.192,9.997711,37.919180000,128.173320000,1389.000000,14176.813974,10669.676227,-3507.137747,-24.738547,1.964443,55.761502,45.660765,46.615617,49.351297,49.347295,55.761502,37.921505000,128.166990000,37.921505000,128.166990000,37.921550000,128.165770000,37.921163812,128.166174410,37.922184000,128.166370000,37.922173351,128.166889792,37.921432000,128.168120000,37.921781268,128.167827151,37.920890000,128.167560000,37.920892983,128.166998020
277,277,825323891544,55.396,9.997711,37.919125000,128.173300000,1389.000000,13695.407156,10649.467666,-3045.939489,-22.240591,2.395922,44.482380,43.937862,45.922186,51.436874,46.444825,51.436874,37.921310000,128.166630000,37.921310000,128.166630000,37.921234000,128.165650000,37.920904352,128.165936294,37.921947000,128.166050000,37.921964949,128.166549828,37.921270000,128.167820000,37.921603114,128.167511532,37.920677000,128.167330000,37.920668087,128.166744368
278,278,825323891747,55.599,9.997711,37.919056000,128.173260000,1390.000000,14253.334900,10618.088717,-3635.246183,-25.504531,5.044849,52.622413,54.547557,44.566088,45.530158,49.316554,54.547557,37.921110000,128.166470000,37.921110000,128.166470000,37.921030000,128.165420000,37.920679195,128.165821660,37.921776000,128.165740000,37.921769140,128.166361102,37.921116000,128.167620000,37.921436344,128.167315617,37.920506000,128.167160000,37.920458898,128.166644973
279,279,825323891950,55.802,9.997711,37.918995000,128.173230000,1390.000000,13851.913432,10606.603274,-3245.310158,-23.428606,0.149765,50.243954,44.090186,48.700993,46.007053,47.260547,50.243954,37.920790000,128.166260000,37.920790000,128.166260000,37.920670000,128.165190000,37.920342162,128.165583254,37.921400000,128.165570000,37.921460511,128.166066183,37.920864000,128.167340000,37.921190913,128.166971456,37.920210000,128.166990000,37.920145731,128.166472468
280,280,825323892153,56.005,9.997711,37.918934000,128.173220000,1390.000000,14918.876108,10551.054457,-4367.821651,-29.277149,3.438046,59.139188,52.049815,49.109840,51.339597,52.909610,59.139188,37.920520000,128.166140000,37.920520000,128.166140000,37.920414000,128.164830000,37.920071864,128.165345196,37.921135000,128.165330000,37.921182329,128.165919671,37.920650000,128.167130000,37.920969753,128.166744708,37.919968000,128.166890000,37.919892428,128.166313275
281,281,825323892341,56.193,9.997711,37.918934000,128.173220000,1390.000000,14918.876108,10551.054457,-4367.821651,-29.277149,3.438046,59.139188,52.049815,49.109840,51.339597,52.909610,59.139188,37.920520000,128.166140000,37.920520000,128.166140000,37.920414000,128.164830000,37.920071864,128.165345196,37.921135000,128.165330000,37.921182329,128.165919671,37.920650000,128.167130000,37.920969753,128.166744708,37.919968000,128.166890000,37.919892428,128.166313275
282,282,825323892546,56.398,9.997711,37.918865000,128.173200000,1390.000000,15455.270466,10665.533692,-4789.736774,-30.990961,1.222985,56.744140,51.601126,49.550622,64.509598,55.601371,64.509598,37.920260000,128.165950000,37.920260000,128.165950000,37.920113000,128.164600000,37.919792638,128.165102607,37.920840000,128.165150000,37.920911422,128.165730587,37.920418000,128.166960000,37.920726611,128.166553382,37.919716000,128.166820000,37.919639877,128.166091768
283,283,825323892749,56.601,9.997711,37.918800000,128.173190000,1390.000000,15867.085148,10256.515849,-5610.569299,-35.359798,1.982566,55.933706,62.819347,51.836549,62.081775,58.167844,62.819347,37.919964000,128.165650000,37.919964000,128.165650000,37.919735000,128.164490000,37.919440023,128.165005627,37.920530000,128.164780000,37.920597358,128.165490233,37.920128000,128.166820000,37.920431042,128.166371822,37.919437000,128.166560000,37.919333524,128.165865327
284,284,825323892952,56.804,9.997711,37.918728000,128.173170000,1390.000000,15590.894672,11028.825533,-4562.069139,-29.261112,2.063523,48.681884,62.433855,57.178653,47.498389,53.948195,62.433855,37.919630000,128.165470000,37.919630000,128.165470000,37.919340000,128.164520000,37.919072705,128.164958752,37.920170000,128.164520000,37.920274122,128.165218595,37.919823000,128.166750000,37.920118788,128.166217686,37.919136000,128.166350000,37.918997029,128.165838613
285,285,825323893155,57.007,9.997711,37.918667000,128.173160000,1390.000000,15516.578051,11208.043549,-4308.534503,-27.767298,4.581095,58.190855,54.496536,53.638783,43.869806,52.548995,58.190855,37.919266000,128.165420000,37.919266000,128.165420000,37.918950000,128.164370000,37.918691076,128.164945636,37.919780000,128.164370000,37.919923040,128.164963486,37.919537000,128.166500000,37.919804415,128.165991899,37.918816000,128.166280000,37.918650125,128.165826850
286,286,825323893343,57.195,9.997711,37.918594000,128.173160000,1390.000000,15333.592213,11339.849845,-3993.742368,-26.045706,5.354685,64.703905,45.746999,50.524089,41.769554,50.686137,64.703905,37.918950000,128.165370000,37.918950000,128.165370000,37.918600000,128.164100000,37.918357432,128.164769569,37.919420000,128.164380000,37.919594334,128.164851734,37.919270000,128.166260000,37.919521222,128.165780844,37.918526000,128.166180000,37.918347414,128.165761688
287,287,825323893546,57.398,9.997711,37.918530000,128.173160000,1390.000000,16446.740306,13070.463894,-3376.276412,-20.528545,1.194964,49.814797,53.278625,52.809341,46.408275,50.577759,53.278625,37.918630000,128.165280000,37.918630000,128.165280000,37.918230000,128.163900000,37.917996852,128.164384176,37.919070000,128.164170000,37.919258143,128.164727850,37.918980000,128.166170000,37.919216555,128.165648748,37.918232000,128.166120000,37.918036283,128.165653398
288,288,825323893750,57.602,9.997711,37.918470000,128.173160000,1390.000000,19496.975535,14692.669922,-4804.305613,-24.641287,13.224132,72.330402,69.140537,45.532181,48.643061,58.911545,72.330402,37.918205000,128.165180000,37.918205000,128.165180000,37.917706000,128.163310000,37.917500424,128.164091322,37.918602000,128.163910000,37.918809679,128.164651993,37.918600000,128.166080000,37.918807642,128.165633299,37.917843000,128.166020000,37.917617698,128.165545401
289,289,825323893954,57.806,9.997711,37.918396000,128.173170000,1390.000000,21400.435659,15770.640056,-5629.795603,-26.306921,18.594782,82.481518,78.691234,40.891261,53.750562,63.953644,82.481518,37.917910000,128.165080000,37.917910000,128.165080000,37.917330000,128.163010000,37.917155163,128.163922699,37.918278000,128.163670000,37.918508452,128.164517107,37.918335000,128.166000000,37.918531265,128.165606404,37.917570000,128.165920000,37.917314392,128.165400735
290,290,825323894141,57.993,9.997711,37.918335000,128.173170000,1390.000000,23657.621008,19385.450077,-4272.170932,-18.058329,6.093012,52.056630,84.544448,46.132695,69.111489,62.961316,84.544448,37.917420000,128.164580000,37.917420000,128.164580000,37.916775000,128.162920000,37.916574262,128.163455375,37.917744000,128.163150000,37.918028111,128.164042806,37.917934000,128.165910000,37.918111342,128.165435217,37.917137000,128.165760000,37.916828134,128.165077330
291,291,825323894345,58.197,9.997711,37.918200000,128.173220000,1390.000000,26121.668585,20674.555090,-5447.113495,-20.852854,11.052740,62.751758,95.163335,43.192848,75.664879,69.193205,95.163335,37.917015000,128.164320000,37.917015000,128.164320000,37.916300000,128.162700000,37.916149730,128.163388692,37.917290000,128.162720000,37.917629294,128.163714612,37.917603000,128.165790000,37.917763600,128.165342275,37.916775000,128.165600000,37.916416838,128.164867730
292,292,825323894548,58.400,9.997711,37.918140000,128.173230000,1390.000000,26243.101555,21004.162347,-5238.939208,-19.963110,5.667396,65.025130,62.263789,56.044903,93.058024,69.097962,93.058024,37.916565000,128.163960000,37.916565000,128.163960000,37.915810000,128.162550000,37.915687044,128.163273842,37.916850000,128.162730000,37.917183061,128.163299585,37.917255000,128.165620000,37.917384591,128.165003329,37.916405000,128.165500000,37.915970066,128.164595078
293,293,825323894751,58.603,9.997711,37.918070000,128.173260000,1390.000000,26280.817763,19886.206810,-6394.610952,-24.331857,2.300393,64.296291,79.937486,58.503641,81.695637,71.108264,81.695637,37.916073000,128.163900000,37.916073000,128.163900000,37.915287000,128.162660000,37.915182972,128.163380154,37.916286000,128.162480000,37.916684114,128.163237535,37.916840000,128.165500000,37.916945559,128.164847409,37.915924000,128.165280000,37.915477778,128.164541460
294,294,825323894954,58.806,9.997711,37.918010000,128.173300000,1390.000000,27588.945122,20349.734841,-7239.210282,-26.239533,2.705611,68.589825,83.107845,64.056883,80.868347,74.155725,83.107845,37.915627000,128.163860000,37.915627000,128.163860000,37.914726000,128.162490000,37.914662970,128.163266914,37.915790000,128.162430000,37.916232555,128.163192133,37.916460000,128.165390000,37.916531901,128.164666320,37.915512000,128.165220000,37.915036370,128.164523984
295,295,825323895143,58.995,9.997711,37.917946000,128.173320000,1390.000000,26908.554012,20924.617107,-5983.936905,-22.238047,4.790842,66.516493,78.394444,54.677091,74.930713,68.629685,78.394444,37.915123000,128.163960000,37.915123000,128.163960000,37.914130000,128.162570000,37.914082560,128.163325007,37.915240000,128.162570000,37.915704766,128.163240643,37.915974000,128.165200000,37.916045318,128.164584011,37.915047000,128.165280000,37.914561900,128.164688499
296,296,825323895346,59.198,9.997711,37.917890000,128.173370000,1390.000000,30320.110334,20891.817827,-9428.292507,-31.095838,8.156905,76.237881,102.076298,64.249559,86.562434,82.281543,102.076298,37.914640000,128.163960000,37.914640000,128.163960000,37.913548000,128.162550000,37.913571499,128.163417575,37.914660000,128.162380000,37.915232518,128.163287912,37.915550000,128.165180000,37.915582215,128.164449560,37.914707000,128.165540000,37.914146891,128.164856296
297,297,825323895550,59.402,9.997711,37.917835000,128.173400000,1390.000000,31844.301754,22956.119133,-8888.182622,-27.911375,17.167897,86.078221,107.837622,60.092240,72.007965,81.504012,107.837622,37.914074000,128.164200000,37.914074000,128.164200000,37.912945000,128.162960000,37.913061021,128.163929030,37.913933000,128.162380000,37.914579882,128.163294002,37.915012000,128.165240000,37.915032280,128.164556245,37.914276000,128.165910000,37.913760043,128.165415476
298,298,825323895753,59.605,9.997711,37.917774000,128.173460000,1390.000000,32526.870041,22254.885497,-10271.984543,-31.579997,30.094160,123.301125,106.108294,68.737933,50.460953,87.152076,123.301125,37.913690000,128.164540000,37.913690000,128.164540000,37.912530000,128.163390000,37.912887217,128.164718939,37.913403000,128.162570000,37.914087954,128.163410213,37.914665000,128.165530000,37.914626418,128.164748852,37.913975000,128.166260000,37.913563541,128.166018899
299,299,825323895941,59.793,9.997711,37.917720000,128.173510000,1390.000000,33156.498932,24023.642972,-9132.855960,-27.544693,18.085895,123.852605,80.626735,86.351044,53.000911,85.957824,123.852605,37.913320000,128.164920000,37.913320000,128.164920000,37.912113000,128.163830000,37.912529503,128.165137683,37.912937000,128.162920000,37.913529685,128.163447675,37.914320000,128.165820000,37.914164865,128.164856641,37.913754000,128.166730000,37.913317387,128.166489322
300,300,825323896144,59.996,9.997711,37.917667000,128.173550000,1389.000000,30300.820690,25209.421563,-5091.399127,-16.802842,3.816275,85.894723,65.092712,89.864362,51.454258,73.076514,89.864362,37.912933000,128.165390000,37.912933000,128.165390000,37.911890000,128.164700000,37.912139352,128.165625545,37.912460000,128.163450000,37.912992250,128.163756908,37.913967000,128.166230000,37.913751176,128.165244026,37.913445000,128.167160000,37.913013035,128.166951515
301,301,825323896347,60.199,9.997711,37.917618000,128.173610000,1389.000000,30125.124283,23764.041654,-6361.082630,-21.115540,3.476377,64.930816,92.102013,99.272856,48.293358,76.149761,99.272856,37.912600000,128.165820000,37.912600000,128.165820000,37.911613000,128.165310000,37.911762109,128.166024752,37.912037000,128.163880000,37.912729850,128.164453181,37.913750000,128.166730000,37.913431443,128.165674234,37.913160000,128.167510000,37.912742008,128.167362792
302,302,825323896550,60.402,9.997711,37.917576000,128.173680000,1389.000000,28677.039520,24882.815212,-3794.224307,-13.230879,2.465026,65.528412,73.045922,69.007485,60.790943,67.093190,73.045922,37.912380000,128.166380000,37.912380000,128.166380000,37.911260000,128.165770000,37.911441566,128.166479740,37.911870000,128.164720000,37.912468305,128.165061537,37.913483000,128.167110000,37.913289058,128.166363711,37.913033000,128.168060000,37.912522761,128.167813324
303,303,825323896759,60.611,9.997711,37.917526000,128.173740000,1389.000000,28575.814975,20863.039489,-7712.775486,-26.990570,18.194475,130.694920,59.617993,58.994144,62.689373,77.999107,130.694920,37.912220000,128.167220000,37.912220000,128.167220000,37.910720000,128.166290000,37.911423865,128.167481029,37.911507000,128.165480000,37.912025362,128.165650634,37.913113000,128.167570000,37.912946985,128.166932093,37.912773000,128.168600000,37.912238310,128.168375963
304,304,825323896942,60.794,9.997711,37.917490000,128.173800000,1389.000000,28038.166143,18685.950374,-9352.215769,-33.355305,23.121861,141.528512,65.179433,71.051924,48.919515,81.669846,141.528512,37.912033000,128.167860000,37.912033000,128.167860000,37.910560000,128.167080000,37.911398496,128.168291315,37.911068000,128.165970000,37.911632981,128.166164825,37.912990000,128.168210000,37.912701208,128.167488540,37.912422000,128.168960000,37.911986996,128.168880953
305,305,825323897146,60.998,9.997711,37.917446000,128.173870000,1389.000000,26060.212979,18255.919327,-7804.293652,-29.947160,10.353319,88.443025,83.880348,72.688782,63.153348,77.041376,88.443025,37.911808000,128.168320000,37.911808000,128.168320000,37.910667000,128.167950000,37.911151964,128.168747653,37.910650000,128.166380000,37.911362995,128.166688954,37.912760000,128.168610000,37.912436021,128.167891414,37.912340000,128.169460000,37.911784087,128.169316555
306,306,825323897349,61.201,9.997711,37.917410000,128.173930000,1389.000000,23245.491841,16765.137279,-6480.354561,-27.877898,20.724861,56.020075,119.674242,47.178265,51.557188,68.607442,119.674242,37.911606000,128.168810000,37.911606000,128.168810000,37.910686000,128.168690000,37.910930826,128.169247275,37.910553000,128.167130000,37.911534735,128.167685291,37.912445000,128.168910000,37.912279096,128.168415694,37.912365000,128.170060000,37.911904191,128.170001102
307,307,825323897553,61.405,9.997711,37.917380000,128.174010000,1389.000000,20686.011644,14649.471982,-6036.539661,-29.181747,4.791388,68.833978,70.886351,83.255379,42.308387,66.321024,83.255379,37.911290000,128.169370000,37.911290000,128.169370000,37.910477000,128.169400000,37.910869557,128.170005550,37.910656000,128.168210000,37.911280855,128.168365485,37.912376000,128.169620000,37.911903892,128.168884789,37.912224000,128.170620000,37.911844763,128.170651745
308,308,825323897756,61.608,9.997711,37.917347000,128.174090000,1389.000000,19319.967984,15718.555925,-3601.412059,-18.640880,17.956377,38.910044,46.282475,95.791944,53.894799,58.719815,95.791944,37.911373000,128.170040000,37.911373000,128.170040000,37.910465000,128.170040000,37.910593699,128.170451906,37.910640000,128.168910000,37.911053839,128.168859368,37.912346000,128.170150000,37.911740072,128.169375550,37.912160000,128.171100000,37.911676112,128.171080007
309,309,825323897944,61.796,9.997711,37.917324000,128.174160000,1388.000000,22134.387087,19232.393544,-2901.993543,-13.110792,10.216083,81.352362,54.030322,52.971458,44.651562,58.251426,81.352362,37.911507000,128.170760000,37.911507000,128.170760000,37.909714000,128.170360000,37.910262098,128.170972682,37.910496000,128.169570000,37.910980544,128.169534287,37.912247000,128.170680000,37.911960267,128.170198657,37.911940000,128.171540000,37.911541284,128.171595481
310,310,825323898147,61.999,9.997711,37.917300000,128.174240000,1388.000000,21765.090345,17185.825340,-4579.265005,-21.039495,15.007832,85.737740,67.325197,41.598528,56.562920,62.806096,85.737740,37.911430000,128.171260000,37.911430000,128.171260000,37.909477000,128.170910000,37.910084832,128.171509538,37.910600000,128.170270000,37.911204387,128.170298069,37.912243000,128.171170000,37.912028259,128.170782374,37.911880000,128.172000000,37.911373070,128.172043935
311,311,825323898350,62.202,9.997711,37.917280000,128.174330000,1388.000000,22130.691295,15726.263465,-6404.427830,-28.939122,26.355345,78.631331,107.113714,32.328832,57.180443,68.813580,107.113714,37.911280000,128.171800000,37.911280000,128.171800000,37.909378000,128.171630000,37.909946482,128.172161391,37.910294000,128.170820000,37.911248040,128.170978678,37.912106000,128.171650000,37.911964928,128.171328249,37.911724000,128.172490000,37.911215925,128.172585754
312,312,825323898555,62.407,9.997711,37.917263000,128.174410000,1388.000000,22551.378449,16274.899465,-6276.478984,-27.831908,26.776238,79.487529,107.134317,35.786272,52.697057,68.776294,107.134317,37.911156000,128.172290000,37.911156000,128.172290000,37.909306000,128.172270000,37.909901260,128.172769863,37.910190000,128.171390000,37.911149329,128.171487441,37.912113000,128.172130000,37.911918707,128.171805377,37.911663000,128.172960000,37.911204875,128.173111123
313,313,825323898742,62.594,9.997711,37.917250000,128.174500000,1388.000000,23039.207305,16256.681004,-6782.526301,-29.439061,29.624941,83.924449,109.765965,38.356808,46.200294,69.561879,109.765965,37.911118000,128.172790000,37.911118000,128.172790000,37.909332000,128.172930000,37.909999269,128.173374752,37.910088000,128.171950000,37.911073737,128.171981196,37.912117000,128.172590000,37.911889053,128.172262495,37.911663000,128.173450000,37.911271490,128.173624551
314,314,825323898946,62.798,9.997711,37.917240000,128.174580000,1388.000000,22778.935111,15921.964289,-6856.970822,-30.102245,29.159624,85.509672,107.813630,42.560597,43.873583,69.939370,107.813630,37.911156000,128.173250000,37.911156000,128.173250000,37.909492000,128.173500000,37.910188039,128.173911843,37.910038000,128.172440000,37.911006366,128.172419071,37.912140000,128.172990000,37.911858853,128.172661598,37.911750000,128.173870000,37.911392279,128.174079687
315,315,825323899149,63.001,9.997711,37.917240000,128.174580000,1388.000000,22778.935111,15921.964289,-6856.970822,-30.102245,29.159624,85.509672,107.813630,42.560597,43.873583,69.939370,107.813630,37.911156000,128.173250000,37.911156000,128.173250000,37.909492000,128.173500000,37.910188039,128.173911843,37.910038000,128.172440000,37.911006366,128.172419071,37.912140000,128.172990000,37.911858853,128.172661598,37.911750000,128.173870000,37.911392279,128.174079687
316,316,825323899352,63.204,9.997711,37.917236000,128.174650000,1388.000000,21108.555742,14996.256692,-6112.299050,-28.956501,23.556676,77.701436,96.395112,44.493610,42.882592,65.368188,96.395112,37.911330000,128.173980000,37.911330000,128.173980000,37.909946000,128.174380000,37.910587260,128.174729410,37.910170000,128.173280000,37.911030202,128.173153946,37.912205000,128.173610000,37.911886117,128.173304570,37.912052000,128.174550000,37.911708696,128.174771494
317,317,825323899555,63.407,9.997711,37.917233000,128.174740000,1388.000000,17827.044195,14460.156062,-3366.888133,-18.886407,11.204459,56.419923,69.860571,42.952179,43.833762,53.266608,69.860571,37.911575000,128.174470000,37.911575000,128.174470000,37.910362000,128.174940000,37.910803156,128.175256256,37.910570000,128.173870000,37.911177389,128.173669912,37.912270000,128.174040000,37.911959419,128.173749812,37.912290000,128.174970000,37.911949955,128.175221655
318,318,825323899743,63.595,9.997711,37.917236000,128.174820000,1388.000000,17804.974965,13511.927809,-4293.047157,-24.111503,13.400663,64.331368,71.134135,44.274383,42.713783,55.613417,71.134135,37.911870000,128.174970000,37.911870000,128.174970000,37.910600000,128.175520000,37.911134674,128.175797956,37.910820000,128.174450000,37.911432168,128.174217726,37.912490000,128.174500000,37.912153263,128.174231746,37.912575000,128.175430000,37.912245925,128.175680114
319,319,825323899947,63.799,9.997711,37.917240000,128.174910000,1388.000000,16907.405829,12752.476030,-4154.929799,-24.574614,14.867132,64.944262,71.610197,43.849888,39.871012,55.068840,71.610197,37.912136000,128.175370000,37.912136000,128.175370000,37.910854000,128.176000000,37.911406717,128.176236668,37.911102000,128.174930000,37.911709135,128.174660518,37.912716000,128.174880000,37.912376130,128.174627599,37.912777000,128.175780000,37.912491153,128.176053543
320,320,825323900150,64.002,9.997711,37.917248000,128.175000000,1389.000000,16381.547269,10771.586495,-5609.960774,-34.245610,15.324657,80.822355,63.912926,49.660243,40.587512,58.745759,80.822355,37.912430000,128.175830000,37.912430000,128.175830000,37.911182000,128.176540000,37.911897361,128.176697250,37.911476000,128.175450000,37.912004561,128.175165841,37.913044000,128.175310000,37.912636528,128.175079828,37.913050000,128.176210000,37.912760988,128.176491740
321,321,825323900353,64.205,9.997711,37.917260000,128.175080000,1389.000000,16030.233351,10640.915854,-5389.317498,-33.619707,12.244613,70.981269,65.629915,48.820336,44.315917,57.436859,70.981269,37.912600000,128.176160000,37.912600000,128.176160000,37.911490000,128.176910000,37.912117828,128.177051207,37.911686000,128.175830000,37.912220646,128.175515059,37.913260000,128.175600000,37.912853172,128.175392398,37.913284000,128.176500000,37.912963561,128.176799411
322,322,825323900542,64.394,9.997711,37.917270000,128.175170000,1389.000000,14478.390673,10055.894335,-4422.496338,-30.545497,8.488173,60.173702,57.885682,44.531307,44.636620,51.806828,60.173702,37.912800000,128.176470000,37.912800000,128.176470000,37.911858000,128.177220000,37.912385514,128.177369563,37.911976000,128.176160000,37.912432942,128.175845413,37.913395000,128.175890000,37.913026963,128.175691302,37.913498000,128.176770000,37.913184306,128.177086571
323,323,825323900744,64.596,9.997711,37.917286000,128.175250000,1390.000000,13309.004634,9598.943137,-3710.061497,-27.876326,5.414057,63.686551,40.469275,44.849712,40.648082,47.413405,63.686551,37.913074000,128.176820000,37.913074000,128.176820000,37.912197000,128.177600000,37.912761586,128.177717191,37.912390000,128.176530000,37.912665692,128.176229632,37.913643000,128.176200000,37.913264040,128.176026619,37.913746000,128.177100000,37.913475953,128.177411530
324,324,825323900948,64.800,9.997711,37.917305000,128.175320000,1390.000000,13203.039289,9270.649796,-3932.389493,-29.783972,3.017718,62.151320,39.534554,48.317325,44.619177,48.655594,62.151320,37.913273000,128.177060000,37.913273000,128.177060000,37.912460000,128.177870000,37.913013995,128.177957861,37.912586000,128.176800000,37.912846157,128.176493568,37.913857000,128.176420000,37.913442450,128.176256985,37.913967000,128.177300000,37.913671545,128.177643318
325,325,825323901150,65.002,9.997711,37.917324000,128.175400000,1391.000000,12953.159638,9159.443006,-3793.716632,-29.287963,1.462592,54.610938,37.029860,50.795890,47.982850,47.604885,54.610938,37.913494000,128.177320000,37.913494000,128.177320000,37.912790000,128.178130000,37.913273953,128.178231850,37.912827000,128.177080000,37.913057449,128.176775937,37.914085000,128.176640000,37.913641679,128.176502997,37.914223000,128.177520000,37.913904655,128.177888345
326,326,825323901354,65.206,9.997711,37.917347000,128.175480000,1391.000000,12817.034034,9177.949665,-3639.084368,-28.392562,3.232645,52.064546,37.182153,51.457188,48.139086,47.210743,52.064546,37.913700000,128.177540000,37.913700000,128.177540000,37.913055000,128.178330000,37.913510027,128.178467086,37.913025000,128.177300000,37.913268035,128.177009577,37.914284000,128.176820000,37.913830094,128.176709195,37.914444000,128.177690000,37.914141008,128.178081091
327,327,825323901543,65.395,9.997711,37.917397000,128.175630000,1393.000000,13046.204047,9431.484699,-3614.719348,-27.707058,0.843213,52.365432,41.677184,52.364500,44.296948,47.676016,52.365432,37.913930000,128.177730000,37.913930000,128.177730000,37.913300000,128.178560000,37.913763107,128.178664631,37.913230000,128.177550000,37.913491464,128.177210343,37.914505000,128.176990000,37.914040977,128.176892167,37.914692000,128.177860000,37.914420382,128.178228608
328,328,825323901746,65.598,9.997711,37.917427000,128.175720000,1393.000000,13141.828530,9627.766124,-3514.062406,-26.739524,2.543324,55.169704,43.952323,51.613830,39.787485,47.630835,55.169704,37.914146000,128.177890000,37.914146000,128.177890000,37.913530000,128.178740000,37.914021767,128.178817958,37.913406000,128.177750000,37.913683994,128.177394614,37.914696000,128.177120000,37.914236029,128.177046062,37.914900000,128.177980000,37.914681428,128.178338453
329,329,825323901949,65.801,9.997711,37.917454000,128.175780000,1394.000000,13016.155552,9770.961136,-3245.194417,-24.932050,3.310249,56.234374,44.034561,52.776279,36.326533,47.342937,56.234374,37.914402000,128.178050000,37.914402000,128.178050000,37.913826000,128.178920000,37.914329801,128.178966965,37.913628000,128.177980000,37.913889462,128.177603746,37.914930000,128.177290000,37.914460869,128.177203242,37.915160000,128.178130000,37.914959436,128.178456286
330,330,825323902152,66.004,9.997711,37.917480000,128.175860000,1395.000000,13101.865001,9859.906793,-3241.958208,-24.744250,2.525111,56.284375,42.432346,52.564518,38.178130,47.364842,56.284375,37.914570000,128.178160000,37.914570000,128.178160000,37.914013000,128.179050000,37.914518240,128.179074556,37.913776000,128.178120000,37.914021059,128.177749926,37.915077000,128.177380000,37.914607405,128.177317271,37.915330000,128.178200000,37.915128224,128.178551519
331,331,825323902356,66.208,9.997711,37.917515000,128.175930000,1396.000000,12924.482147,9792.547190,-3131.934957,-24.232576,2.089827,57.441318,37.487348,52.340809,36.043538,45.828253,57.441318,37.914790000,128.178280000,37.914790000,128.178280000,37.914265000,128.179170000,37.914780972,128.179177300,37.914005000,128.178250000,37.914210505,128.177911844,37.915268000,128.177490000,37.914799463,128.177440137,37.915543000,128.178310000,37.915355906,128.178644960
332,332,825323902543,66.395,9.997711,37.917550000,128.176010000,1397.000000,12511.832289,9620.065638,-2891.766651,-23.112256,2.950205,58.334200,36.514784,51.481620,33.800010,45.032653,58.334200,37.915010000,128.178390000,37.915010000,128.178390000,37.914513000,128.179280000,37.915037002,128.179273755,37.914227000,128.178390000,37.914419668,128.178053502,37.915450000,128.177600000,37.914988819,128.177556318,37.915745000,128.178400000,37.915584462,128.178726672
333,333,825323902746,66.598,9.997711,37.917580000,128.176070000,1397.000000,12318.768284,9416.284152,-2902.484132,-23.561480,3.309985,58.533055,37.473078,52.202049,31.915463,45.030911,58.533055,37.915188000,128.178470000,37.915188000,128.178470000,37.914715000,128.179350000,37.915240798,128.179345283,37.914400000,128.178500000,37.914598043,128.178154964,37.915607000,128.177670000,37.915138468,128.177645227,37.915916000,128.178470000,37.915768886,128.178781919
334,334,825323902950,66.802,9.997711,37.917618000,128.176150000,1398.000000,12150.192230,9325.628379,-2824.563851,-23.247071,2.663467,58.419354,35.314935,53.445765,31.457895,44.659487,58.419354,37.915382000,128.178560000,37.915382000,128.178560000,37.914940000,128.179440000,37.915464613,128.179422718,37.914604000,128.178600000,37.914786322,128.178270924,37.915790000,128.177750000,37.915309961,128.177739438,37.916110000,128.178530000,37.915972243,128.178842757
335,335,825323903154,67.006,9.997711,37.917652000,128.176210000,1399.000000,12206.818061,9291.423284,-2915.394777,-23.883331,3.686451,60.503791,34.533234,52.564197,30.189724,44.447736,60.503791,37.915550000,128.178620000,37.915550000,128.178620000,37.915115000,128.179530000,37.915656640,128.179472824,37.914776000,128.178680000,37.914949469,128.178354004,37.915930000,128.177810000,37.915457829,128.177804371,37.916280000,128.178570000,37.916150457,128.178872008
336,336,825323903341,67.193,9.997711,37.917694000,128.176280000,1400.000000,11915.752577,9225.343444,-2690.409134,-22.578592,2.346208,60.573334,31.874720,54.638788,31.495546,44.645597,60.573334,37.915707000,128.178700000,37.915707000,128.178700000,37.915295000,128.179580000,37.915838252,128.179540630,37.914944000,128.178760000,37.915101330,128.178456749,37.916080000,128.177870000,37.915589518,128.177893382,37.916443000,128.178600000,37.916317191,128.178921224
337,337,825323903545,67.397,9.997711,37.917730000,128.176350000,1401.000000,12047.261114,9156.642410,-2890.618704,-23.993991,1.075023,61.424661,27.796417,57.853404,29.515041,44.147381,61.424661,37.915897000,128.178770000,37.915897000,128.178770000,37.915512000,128.179670000,37.916060290,128.179591384,37.915154000,128.178830000,37.915283828,128.178559636,37.916267000,128.177920000,37.915749156,128.177975718,37.916640000,128.178650000,37.916518134,128.178948476
338,338,825323903748,67.600,9.997711,37.917767000,128.176400000,1402.000000,11917.455438,9135.966128,-2781.489310,-23.339624,2.337496,63.472250,28.487847,57.996792,26.576018,44.133227,63.472250,37.916058000,128.178800000,37.916058000,128.178800000,37.915680000,128.179720000,37.916243234,128.179607522,37.915310000,128.178900000,37.915437218,128.178618537,37.916405000,128.177960000,37.915886064,128.178018638,37.916790000,128.178670000,37.916686379,128.178942624
339,339,825323903951,67.803,9.997711,37.917810000,128.176480000,1403.000000,11732.902665,9096.972773,-2635.929893,-22.466136,1.646036,63.870913,26.422152,59.268554,26.332410,43.973507,63.870913,37.916225000,128.178850000,37.916225000,128.178850000,37.915867000,128.179750000,37.916433819,128.179637200,37.915478000,128.178960000,37.915596531,128.178699338,37.916557000,128.178000000,37.916028696,128.178083744,37.916960000,128.178680000,37.916860420,128.178951979
340,340,825323904154,68.006,9.997711,37.917847000,128.176540000,1404.000000,11800.234192,9081.029634,-2719.204557,-23.043649,1.780237,65.635241,25.734887,60.631391,25.562589,44.391027,65.635241,37.916390000,128.178880000,37.916390000,128.178880000,37.916046000,128.179800000,37.916622925,128.179645795,37.915640000,128.179020000,37.915753777,128.178764908,37.916706000,128.178020000,37.916168418,128.178130947,37.917126000,128.178670000,37.917031236,128.178935135
341,341,825323904342,68.194,9.997711,37.917885000,128.176600000,1405.000000,11625.075052,9079.428991,-2545.646062,-21.897889,1.917593,65.831965,25.376398,61.112908,24.591986,44.228314,65.831965,37.916510000,128.178900000,37.916510000,128.178900000,37.916180000,128.179820000,37.916756278,128.179651680,37.915760000,128.179060000,37.915869196,128.178806352,37.916817000,128.178050000,37.916275065,128.178161174,37.917244000,128.178670000,37.917153920,128.178925687
342,342,825323904546,68.398,9.997711,37.917930000,128.176680000,1406.000000,11490.576960,9035.374144,-2455.202817,-21.367098,2.336726,66.419231,25.296381,62.127255,21.934037,43.944226,66.419231,37.916683000,128.178920000,37.916683000,128.178920000,37.916370000,128.179840000,37.916948119,128.179652953,37.915930000,128.179120000,37.916035574,128.178864928,37.916973000,128.178070000,37.916424777,128.178202497,37.917408000,128.178680000,37.917324971,128.178906502
343,343,825323904749,68.601,9.997711,37.917973000,128.176730000,1407.000000,11444.999939,8986.030697,-2458.969242,-21.485096,1.717018,67.009931,22.073079,63.080712,21.315392,43.369778,67.009931,37.916813000,128.178940000,37.916813000,128.178940000,37.916515000,128.179870000,37.917093067,128.179657154,37.916070000,128.179140000,37.916160682,128.178916481,37.917090000,128.178090000,37.916535938,128.178240642,37.917534000,128.178680000,37.917451669,128.178899134
344,344,825323904953,68.805,9.997711,37.918020000,128.176800000,1409.000000,11204.288743,8854.410088,-2349.878655,-20.973028,2.153213,68.119235,21.174092,63.762758,19.257238,43.078331,68.119235,37.916965000,128.178940000,37.916965000,128.178940000,37.916676000,128.179870000,37.917259446,128.179636118,37.916220000,128.179170000,37.916306211,128.178955080,37.917225000,128.178100000,37.916667276,128.178265433,37.917667000,128.178680000,37.917595090,128.178879437
345,345,825323905156,69.008,9.997711,37.918060000,128.176860000,1410.000000,11094.092505,8689.112818,-2404.979687,-21.678021,3.831118,70.413787,20.849391,64.069907,15.856739,42.797456,70.413787,37.917095000,128.178940000,37.917095000,128.178940000,37.916810000,128.179890000,37.917403207,128.179611679,37.916348000,128.179200000,37.916433446,128.178988736,37.917340000,128.178120000,37.916779923,128.178288028,37.917780000,128.178700000,37.917716592,128.178861684
346,346,825323905343,69.195,9.997711,37.918102000,128.176910000,1411.000000,10972.114262,8492.066325,-2480.047937,-22.603191,4.902650,73.451656,20.034005,64.334537,13.736617,42.889204,73.451656,37.917240000,128.178940000,37.917240000,128.178940000,37.916958000,128.179900000,37.917566953,128.179577953,37.916490000,128.179230000,37.916578242,128.179031178,37.917465000,128.178130000,37.916905543,128.178313725,37.917910000,128.178700000,37.917851102,128.178837451
347,347,825323905547,69.399,9.997711,37.918150000,128.176990000,1412.000000,10880.150577,8274.286554,-2605.864024,-23.950625,4.838245,74.373031,18.454724,64.346059,13.120455,42.573567,74.373031,37.917374000,128.178940000,37.917374000,128.178940000,37.917103000,128.179900000,37.917712084,128.179551976,37.916630000,128.179240000,37.916715066,128.179059630,37.917583000,128.178130000,37.917027669,128.178333317,37.918034000,128.178700000,37.917974610,128.178829049
348,348,825323905750,69.602,9.997711,37.918194000,128.177030000,1413.000000,10658.999649,8088.022685,-2570.976964,-24.120246,5.547113,75.510278,18.062810,64.376783,12.004728,42.488650,75.510278,37.917490000,128.178940000,37.917490000,128.178940000,37.917230000,128.179900000,37.917840790,128.179525999,37.916748000,128.179260000,37.916836165,128.179087330,37.917686000,128.178150000,37.917130320,128.178353043,37.918140000,128.178700000,37.918082076,128.178815305
349,349,825323905954,69.806,9.997711,37.918236000,128.177100000,1414.000000,10489.661717,7934.209090,-2555.452628,-24.361630,4.935626,74.078305,17.801309,66.050942,11.744001,42.418639,74.078305,37.917610000,128.178940000,37.917610000,128.178940000,37.917374000,128.179890000,37.917970143,128.179515156,37.916878000,128.179280000,37.916965043,128.179109957,37.917805000,128.178150000,37.917238327,128.178372971,37.918255000,128.178700000,37.918192600,128.178807829
350,350,825323906142,69.994,9.997711,37.918236000,128.177100000,1414.000000,10489.661717,7934.209090,-2555.452628,-24.361630,4.935626,74.078305,17.801309,66.050942,11.744001,42.418639,74.078305,37.917610000,128.178940000,37.917610000,128.178940000,37.917374000,128.179890000,37.917970143,128.179515156,37.916878000,128.179280000,37.916965043,128.179109957,37.917805000,128.178150000,37.917238327,128.178372971,37.918255000,128.178700000,37.918192600,128.178807829
351,351,825323906345,70.197,9.997711,37.918285000,128.177150000,1415.000000,10227.551936,7819.330124,-2408.221812,-23.546415,4.192814,73.200455,16.467328,65.976654,11.453321,41.774440,73.200455,37.917717000,128.178940000,37.917717000,128.178940000,37.917492000,128.179870000,37.918084586,128.179508698,37.916992000,128.179280000,37.917079515,128.179128821,37.917900000,128.178160000,37.917335770,128.178389962,37.918354000,128.178700000,37.918292193,128.178804264
352,352,825323906549,70.401,9.997711,37.918330000,128.177220000,1416.000000,9951.022529,7711.985661,-2239.036868,-22.500571,2.914999,71.051171,15.698731,67.340451,11.463703,41.388514,71.051171,37.917830000,128.178940000,37.917830000,128.178940000,37.917625000,128.179840000,37.918206419,128.179506228,37.917118000,128.179290000,37.917203253,128.179147601,37.918010000,128.178160000,37.917438017,128.178409607,37.918465000,128.178700000,37.918397182,128.178798234
353,353,825323906752,70.604,9.997711,37.918380000,128.177280000,1417.000000,9786.527768,7624.445673,-2162.082095,-22.092433,2.430713,70.599243,15.119396,67.254836,10.549707,40.880796,70.599243,37.917934000,128.178940000,37.917934000,128.178940000,37.917736000,128.179820000,37.918319027,128.179503621,37.917230000,128.179290000,37.917317933,128.179158788,37.918102000,128.178160000,37.917534498,128.178422707,37.918564000,128.178710000,37.918496040,128.178793726
354,354,825323906955,70.807,9.997711,37.918427000,128.177320000,1418.000000,9760.703018,7551.612556,-2209.090462,-22.632493,2.305670,71.220800,13.785234,69.226186,9.207105,40.859831,71.220800,37.918056000,128.178940000,37.918056000,128.178940000,37.917873000,128.179820000,37.918459307,128.179495406,37.917366000,128.179290000,37.917456201,128.179182449,37.918220000,128.178160000,37.917640814,128.178447009,37.918686000,128.178730000,37.918610917,128.178773971
355,355,825323907142,70.994,9.997711,37.918472000,128.177380000,1420.000000,9826.824785,7528.789651,-2298.035134,-23.385327,2.761894,72.516355,13.424178,70.104967,8.620815,41.166579,72.516355,37.918150000,128.178940000,37.918150000,128.178940000,37.917973000,128.179840000,37.918565051,128.179495567,37.917470000,128.179290000,37.917561527,128.179190470,37.918310000,128.178160000,37.917726193,128.178459357,37.918777000,128.178740000,37.918701652,128.178762674
356,356,825323907346,71.198,9.997711,37.918526000,128.177440000,1421.000000,9777.101762,7507.623428,-2269.478334,-23.212179,2.163985,73.574529,12.472947,70.248209,9.035998,41.332921,73.574529,37.918243000,128.178960000,37.918243000,128.178960000,37.918068000,128.179860000,37.918669628,128.179513144,37.917572000,128.179290000,37.917666214,128.179213123,37.918396000,128.178180000,37.917813191,128.178486747,37.918870000,128.178740000,37.918792137,128.178769079
357,357,825323907550,71.402,9.997711,37.918570000,128.177490000,1422.000000,9737.937649,7458.248560,-2279.689089,-23.410389,1.723268,74.547092,11.374459,71.481891,9.254642,41.664521,74.547092,37.918330000,128.178970000,37.918330000,128.178970000,37.918163000,128.179870000,37.918770061,128.179511618,37.917675000,128.179290000,37.917765412,128.179229657,37.918480000,128.178180000,37.917892163,128.178507580,37.918957000,128.178740000,37.918875575,128.178761272
358,358,825323907753,71.605,9.997711,37.918625000,128.177550000,1423.000000,9779.764214,7438.884902,-2340.879312,-23.935948,0.632898,75.851665,9.827127,74.142689,10.151115,42.493149,75.851665,37.918438000,128.179000000,37.918438000,128.179000000,37.918280000,128.179890000,37.918896923,128.179523281,37.917800000,128.179280000,37.917888059,128.179272117,37.918587000,128.178180000,37.917989127,128.178552061,37.919067000,128.178740000,37.918977334,128.178761037
359,359,825323907941,71.793,9.997711,37.918670000,128.177600000,1424.000000,9809.228425,7444.966298,-2364.262127,-24.102427,1.615085,76.989098,10.312681,74.969411,10.272880,43.136017,76.989098,37.918514000,128.179020000,37.918514000,128.179020000,37.918358000,128.179900000,37.918983766,128.179526679,37.917880000,128.179280000,37.917971294,128.179299951,37.918655000,128.178180000,37.918059151,128.178577865,37.919140000,128.178740000,37.919048868,128.178758418
360,360,825323908144,71.996,9.997711,37.918716000,128.177660000,1425.000000,9831.503291,7411.988664,-2419.514628,-24.609814,0.868916,80.460410,11.176749,77.177894,11.582616,45.099417,80.460410,37.918620000,128.179030000,37.918620000,128.179030000,37.918472000,128.179930000,37.919109330,128.179497832,37.918000000,128.179280000,37.918091571,128.179332193,37.918760000,128.178190000,37.918150440,128.178608701,37.919247000,128.178730000,37.919143006,128.178725741
361,361,825323908347,72.199,9.997711,37.918762000,128.177700000,1426.000000,9886.580420,7413.262053,-2473.318367,-25.016925,0.762267,81.776511,12.636409,77.691077,12.405451,46.127362,81.776511,37.918694000,128.179030000,37.918694000,128.179030000,37.918550000,128.179930000,37.919192484,128.179478495,37.918070000,128.179280000,37.918171766,128.179343750,37.918827000,128.178190000,37.918216774,128.178619314,37.919320000,128.178730000,37.919210465,128.178703994
362,362,825323908550,72.402,9.997711,37.918816000,128.177760000,1427.000000,9986.524692,7415.009287,-2571.515405,-25.749853,0.815827,84.274898,14.747439,80.553427,14.156232,48.432999,84.274898,37.918797000,128.179050000,37.918797000,128.179050000,37.918660000,128.179950000,37.919310203,128.179458453,37.918175000,128.179300000,37.918285581,128.179392479,37.918926000,128.178190000,37.918305636,128.178662226,37.919422000,128.178730000,37.919299635,128.178686118
