sample_index,log_frame_index,timestamp,time_s,fov_deg,uav_lat,uav_lon,uav_alt,actual_area_m2,predicted_area_m2,area_error_m2,area_error_pct,centroid_error_m,corner_error_c1_m,corner_error_c2_m,corner_error_c3_m,corner_error_c4_m,mean_corner_error_m,max_corner_error_m,actual_center_lat,actual_center_lon,predicted_center_lat,predicted_center_lon,actual_c1_lat,actual_c1_lon,predicted_c1_lat,predicted_c1_lon,actual_c2_lat,actual_c2_lon,predicted_c2_lat,predicted_c2_lon,actual_c3_lat,actual_c3_lon,predicted_c3_lat,predicted_c3_lon,actual_c4_lat,actual_c4_lon,predicted_c4_lat,predicted_c4_lon
0,0,825159703941,0.000,10.000000,38.054370000,127.254430000,637.000000,8819.742374,9363.874079,544.131705,6.169474,405.390016,304.826111,464.727954,414.041710,445.939503,407.383819,464.727954,38.053955000,127.244125000,38.053955000,127.244125000,38.053970000,127.243210000,38.053586480,127.246653235,38.054447000,127.244026000,38.054470710,127.249327616,38.053950000,127.245060000,38.054465033,127.249737959,38.053467000,127.244290000,38.053855857,127.249353335
1,1,825159704144,0.203,10.000000,38.054314000,127.254340000,637.000000,8149.181550,183390.315410,175241.133859,2150.413913,933.248194,4806.907993,381.862142,331.238161,365.153252,1471.290387,4806.907993,38.054222000,127.244910000,38.054222000,127.244910000,38.054240000,127.243996000,38.049782131,127.189450723,38.054676000,127.244804000,38.054574189,127.249158450,38.054207000,127.245850000,38.054553676,127.249603105,38.053770000,127.245090000,38.053956487,127.249249013
2,2,825159704334,0.393,10.000000,38.054268000,127.254265000,636.000000,7204.830953,3015.154632,-4189.676321,-58.150932,315.219319,364.476625,316.652168,269.991091,313.565766,316.171413,364.476625,38.054596000,127.245930000,38.054596000,127.245930000,38.054634000,127.245030000,38.054162101,127.249144638,38.055004000,127.245810000,38.054752916,127.249408357,38.054558000,127.246860000,38.054702810,127.249934640,38.054184000,127.246124000,38.054171079,127.249701209
3,3,825159704532,0.591,10.000000,38.054207000,127.254170000,636.000000,6298.478271,3055.051373,-3243.426898,-51.495405,251.195003,305.619069,246.738500,219.883445,235.735111,251.994031,305.619069,38.054840000,127.246820000,38.054840000,127.246820000,38.054897000,127.245930000,38.054331602,127.249341862,38.055218000,127.246670000,38.054902073,127.249456132,38.054783000,127.247710000,38.054791857,127.250218476,38.054470000,127.247025000,38.054319769,127.249707566
4,4,825159704733,0.792,10.000000,38.054142000,127.254100000,636.000000,5239.650860,3367.392255,-1872.258604,-35.732507,198.207371,236.538914,200.079412,189.156586,169.789762,198.891169,236.538914,38.055042000,127.247620000,38.055042000,127.247620000,38.055115000,127.246765000,38.054511057,127.249352225,38.055386000,127.247444000,38.055033143,127.249682157,38.054970000,127.248410000,38.054857493,127.250563230,38.054700000,127.247820000,38.054478759,127.249736535
5,5,825159704953,1.012,10.000000,38.054077000,127.254010000,636.000000,4338.516492,3566.339141,-772.177351,-17.798189,124.227593,149.808324,133.170671,121.246711,96.427911,125.163404,149.808324,38.055195000,127.248290000,38.055195000,127.248290000,38.055280000,127.247520000,38.054732251,127.249081096,38.055520000,127.248110000,38.055229494,127.249583785,38.055115000,127.249010000,38.055021361,127.250388107,38.054880000,127.248500000,38.054666302,127.249566084
11,11,825159706133,2.192,10.000000,38.053635000,127.253640000,637.000000,2274.330941,2517.470590,243.139649,10.690601,2.443849,15.852122,31.888915,14.753513,33.624520,24.029767,33.624520,38.054980000,127.250030000,38.054980000,127.250030000,38.055030000,127.249504000,38.054914142,127.249398851,38.055240000,127.249810000,38.055193068,127.250168884,38.054935000,127.250500000,38.054974321,127.250660735,38.054730000,127.250250000,38.054769894,127.249869760
12,12,825159706344,2.403,10.000000,38.053555000,127.253586000,637.000000,2297.323427,2069.886303,-227.437124,-9.900092,10.814073,22.289007,36.585300,16.615199,25.369567,25.214768,36.585300,38.054720000,127.249990000,38.054720000,127.249990000,38.054756000,127.249460000,38.054578729,127.249578218,38.054977000,127.249756000,38.054912919,127.250165365,38.054690000,127.250465000,38.054723954,127.250649581,38.054478000,127.250220000,38.054485117,127.249930717
13,13,825159706535,2.594,10.000000,38.053470000,127.253550000,637.000000,2327.649060,1933.731360,-393.917700,-16.923415,12.327050,34.364695,27.069314,11.801832,16.253196,22.372259,34.364695,38.054460000,127.249985000,38.054460000,127.249985000,38.054474000,127.249450000,38.054272316,127.249746806,38.054707000,127.249740000,38.054689358,127.250048000,38.054443000,127.250465000,38.054513352,127.250565723,38.054222000,127.250230000,38.054204746,127.250045879
14,14,825159706741,2.800,10.000000,38.053390000,127.253500000,638.000000,2310.859223,1572.642086,-738.217137,-31.945569,3.661973,34.203860,16.512060,21.425148,15.562448,21.925879,34.203860,38.054200000,127.249990000,38.054200000,127.249990000,38.054195000,127.249466000,38.054006926,127.249774565,38.054440000,127.249730000,38.054461454,127.249916392,38.054203000,127.250465000,38.054349779,127.250306897,38.053970000,127.250244000,38.053953402,127.250067716
15,15,825159706946,3.005,10.000000,38.053307000,127.253470000,638.000000,2284.023419,1436.083302,-847.940117,-37.124843,2.006235,25.833993,16.059614,30.656730,18.113169,22.665877,30.656730,38.053944000,127.250020000,38.053944000,127.250020000,38.053920000,127.249510000,38.053759076,127.249722353,38.054176000,127.249750000,38.054195310,127.249931562,38.053963000,127.250490000,38.054130434,127.250212325,38.053722000,127.250290000,38.053710049,127.250083920
16,16,825159707139,3.198,10.000000,38.053223000,127.253440000,639.000000,2235.729747,1867.134156,-368.595591,-16.486590,8.953929,16.552614,19.383003,27.845409,24.378912,22.039984,27.845409,38.053690000,127.250090000,38.053690000,127.250090000,38.053650000,127.249590000,38.053521501,127.249494983,38.053913000,127.249810000,38.053921749,127.250030845,38.053726000,127.250550000,38.053874174,127.250294068,38.053480000,127.250370000,38.053469906,127.250092178
17,17,825159707343,3.402,10.000000,38.053140000,127.253410000,639.000000,2168.408778,2403.238085,234.829307,10.829568,8.388049,24.880060,18.621771,22.405436,15.127691,20.258740,24.880060,38.053402000,127.250206000,38.053402000,127.250206000,38.053340000,127.249720000,38.053208621,127.249490381,38.053610000,127.249916000,38.053622925,127.250127804,38.053450000,127.250650000,38.053581786,127.250456807,38.053200000,127.250490000,38.053186775,127.250318241
18,18,825159707530,3.589,10.000000,38.053055000,127.253390000,640.000000,2107.038320,1978.650479,-128.387841,-6.093285,17.355418,34.054002,18.302098,16.170707,47.697471,29.056069,47.697471,38.053160000,127.250310000,38.053160000,127.250310000,38.053090000,127.249840000,38.052933362,127.249506301,38.053364000,127.250015000,38.053371563,127.250223570,38.053230000,127.250730000,38.053340780,127.250610670,38.052970000,127.250595000,38.052941088,127.250052105
19,19,825159707736,3.795,10.000000,38.052967000,127.253365000,641.000000,2041.885812,1966.608386,-75.277427,-3.686662,16.362981,44.293973,28.823305,12.382624,51.027518,34.131855,51.027518,38.052933000,127.250430000,38.052933000,127.250430000,38.052850000,127.249985000,38.052661358,127.249540091,38.053127000,127.250130000,38.053131393,127.250458770,38.053013000,127.250840000,38.053120936,127.250805852,38.052750000,127.250720000,38.052697811,127.250141662
20,20,825159707939,3.998,10.000000,38.052883000,127.253350000,642.000000,1961.461476,2315.498008,354.036532,18.049630,7.035010,41.798747,31.858466,13.115016,20.669017,26.860312,41.798747,38.052710000,127.250570000,38.052710000,127.250570000,38.052616000,127.250150000,38.052399063,127.249760798,38.052895000,127.250275000,38.052908315,127.250638047,38.052800000,127.250970000,38.052916254,127.250945734,38.052536000,127.250860000,38.052503363,127.250627879
21,21,825159708141,4.200,10.000000,38.052800000,127.253334000,643.000000,1898.625267,2214.725171,316.099904,16.648883,12.062215,41.271912,21.771261,14.759152,30.666981,27.117327,41.271912,38.052498000,127.250730000,38.052498000,127.250730000,38.052395000,127.250320000,38.052148321,127.249968512,38.052673000,127.250430000,38.052692498,127.250677128,38.052597000,127.251110000,38.052719822,127.251046592,38.052330000,127.251015000,38.052269608,127.250673662
22,22,825159708333,4.392,10.000000,38.052710000,127.253320000,645.000000,1837.261059,2093.014701,255.753642,13.920376,7.451153,34.451748,22.868275,15.378639,23.781192,24.119964,34.451748,38.052330000,127.250860000,38.052330000,127.250860000,38.052220000,127.250465000,38.051972734,127.250228642,38.052500000,127.250560000,38.052525649,127.250818838,38.052433000,127.251220000,38.052566041,127.251172735,38.052166000,127.251144000,38.052110888,127.250881889
23,23,825159708538,4.597,10.000000,38.052628000,127.253310000,646.000000,1787.124659,2290.990853,503.866195,28.194239,4.228313,31.041989,16.490631,17.351834,15.060285,19.986185,31.041989,38.052105000,127.251045000,38.052105000,127.251045000,38.051987000,127.250670000,38.051725929,127.250545561,38.052265000,127.250750000,38.052292265,127.250934910,38.052216000,127.251396000,38.052371005,127.251375130,38.051945000,127.251335000,38.051908664,127.251169506
24,24,825159708744,4.803,10.000000,38.052544000,127.253300000,647.000000,1739.192386,2349.057661,609.865275,35.066004,3.985234,31.175632,11.840531,19.266397,10.792335,18.268724,31.175632,38.051918000,127.251210000,38.051918000,127.251210000,38.051796000,127.250860000,38.051521078,127.250792215,38.052074000,127.250916000,38.052093258,127.251048843,38.052036000,127.251560000,38.052203715,127.251505736,38.051765000,127.251500000,38.051737262,127.251382029
25,25,825159708946,5.005,10.000000,38.052460000,127.253300000,649.000000,1698.988053,2610.033140,911.045087,53.622807,3.441104,34.549273,7.312462,21.314081,3.078633,16.563612,34.549273,38.051743000,127.251390000,38.051743000,127.251390000,38.051617000,127.251045000,38.051308393,127.251003150,38.051895000,127.251100000,38.051902498,127.251182874,38.051865000,127.251724000,38.052046394,127.251646170,38.051594000,127.251680000,38.051603033,127.251646806
26,26,825159709137,5.196,10.000000,38.052460000,127.253300000,649.000000,1698.988053,2610.033140,911.045087,53.622807,3.441104,34.549273,7.312462,21.314081,3.078633,16.563612,34.549273,38.051743000,127.251390000,38.051743000,127.251390000,38.051617000,127.251045000,38.051308393,127.251003150,38.051895000,127.251100000,38.051902498,127.251182874,38.051865000,127.251724000,38.052046394,127.251646170,38.051594000,127.251680000,38.051603033,127.251646806
27,27,825159709343,5.402,10.000000,38.052380000,127.253296000,651.000000,1665.135945,2700.137010,1035.001065,62.157151,4.852950,36.651361,2.458014,23.807608,2.801840,16.429706,36.651361,38.051575000,127.251564000,38.051575000,127.251564000,38.051445000,127.251230000,38.051115817,127.251238131,38.051723000,127.251274000,38.051704845,127.251289960,38.051700000,127.251890000,38.051889705,127.251764598,38.051430000,127.251854000,38.051444847,127.251828191
28,28,825159709542,5.601,10.000000,38.052380000,127.253296000,651.000000,1665.135945,2700.137010,1035.001065,62.157151,4.852950,36.651361,2.458014,23.807608,2.801840,16.429706,36.651361,38.051575000,127.251564000,38.051575000,127.251564000,38.051445000,127.251230000,38.051115817,127.251238131,38.051723000,127.251274000,38.051704845,127.251289960,38.051700000,127.251890000,38.051889705,127.251764598,38.051430000,127.251854000,38.051444847,127.251828191
29,29,825159709732,5.791,10.000000,38.052296000,127.253296000,652.000000,1656.162061,2588.778834,932.616772,56.311927,2.739285,34.661223,5.391891,25.766810,4.209163,17.507272,34.661223,38.051414000,127.251750000,38.051414000,127.251750000,38.051280000,127.251420000,38.050991090,127.251567442,38.051560000,127.251450000,38.051513708,127.251431901,38.051544000,127.252060000,38.051743809,127.251911614,38.051273000,127.252040000,38.051310683,127.252043962
30,30,825159709949,6.008,10.000000,38.052296000,127.253296000,652.000000,1656.162061,2588.778834,932.616772,56.311927,2.739285,34.661223,5.391891,25.766810,4.209163,17.507272,34.661223,38.051414000,127.251750000,38.051414000,127.251750000,38.051280000,127.251420000,38.050991090,127.251567442,38.051560000,127.251450000,38.051513708,127.251431901,38.051544000,127.252060000,38.051743809,127.251911614,38.051273000,127.252040000,38.051310683,127.252043962
31,31,825159710137,6.196,10.000000,38.051970000,127.253300000,661.000000,1669.173075,2464.719419,795.546344,47.661106,0.975072,26.842774,16.675439,26.936946,13.705791,21.040237,26.936946,38.050840000,127.252480000,38.050840000,127.252480000,38.050697000,127.252785000,38.050493054,127.252621627,38.050694000,127.252174000,38.050833998,127.252106326,38.050976000,127.252180000,38.051158516,127.252381757,38.050980000,127.252780000,38.050870780,127.252852171
32,32,825159710337,6.396,10.000000,38.051890000,127.253310000,663.000000,1676.962747,2482.250664,805.287917,48.020621,1.009515,19.249949,13.155827,21.942831,9.997088,16.086424,21.942831,38.050728000,127.252630000,38.050728000,127.252630000,38.050587000,127.252940000,38.050437095,127.252830525,38.050583000,127.252330000,38.050670337,127.252228894,38.050865000,127.252330000,38.051024756,127.252476631,38.050873000,127.252930000,38.050809586,127.253010753
33,33,825159710534,6.593,10.000000,38.051823000,127.253310000,665.000000,1711.353382,2403.154368,691.800986,40.424204,2.820423,9.400845,10.544956,18.315993,7.099336,11.340283,18.315993,38.050625000,127.252770000,38.050625000,127.252770000,38.050484000,127.253080000,38.050413252,127.253021441,38.050476000,127.252464000,38.050520664,127.252357917,38.050762000,127.252460000,38.050901779,127.252570223,38.050770000,127.253070000,38.050755792,127.253148951
34,34,825159710738,6.797,10.000000,38.051823000,127.253310000,665.000000,1711.353382,2403.154368,691.800986,40.424204,2.820423,9.400845,10.544956,18.315993,7.099336,11.340283,18.315993,38.050625000,127.252770000,38.050625000,127.252770000,38.050484000,127.253080000,38.050413252,127.253021441,38.050476000,127.252464000,38.050520664,127.252357917,38.050762000,127.252460000,38.050901779,127.252570223,38.050770000,127.253070000,38.050755792,127.253148951
35,35,825159710963,7.022,10.000000,38.051666000,127.253330000,670.000000,1773.285414,2215.849360,442.563946,24.957288,2.152980,3.540213,11.156363,3.995533,4.450369,5.785619,11.156363,38.050385000,127.253010000,38.050385000,127.253010000,38.050240000,127.253340000,38.050243364,127.253299841,38.050232000,127.252710000,38.050185771,127.252597081,38.050520000,127.252700000,38.050554109,127.252714187,38.050533000,127.253320000,38.050555272,127.253362160
36,36,825159711134,7.193,10.000000,38.051590000,127.253334000,672.000000,1794.415037,2131.044645,336.629608,18.759852,2.415836,2.317185,10.492834,2.131171,4.146487,4.771919,10.492834,38.050270000,127.253105000,38.050270000,127.253105000,38.050125000,127.253430000,38.050127273,127.253403725,38.050120000,127.252800000,38.050056076,127.252712034,38.050410000,127.252790000,38.050391309,127.252784738,38.050423000,127.253410000,38.050450142,127.253442396
37,37,825159711340,7.399,10.000000,38.051514000,127.253334000,675.000000,1833.597511,2178.997669,345.400157,18.837294,2.978657,1.991785,9.994268,4.411148,4.058053,5.113813,9.994268,38.050163000,127.253200000,38.050163000,127.253200000,38.050014000,127.253530000,38.050003089,127.253511992,38.050010000,127.252890000,38.049935862,127.252825698,38.050304000,127.252880000,38.050265043,127.252870792,38.050316000,127.253500000,38.050346587,127.253525186
38,38,825159711546,7.605,10.000000,38.051437000,127.253340000,677.000000,1873.341104,2409.927984,536.586879,28.643309,4.454553,6.474804,10.769476,4.373906,3.570585,6.297193,10.769476,38.050060000,127.253290000,38.050060000,127.253290000,38.049910000,127.253624000,38.049851841,127.253622972,38.049908000,127.252975000,38.049817976,127.252930012,38.050205000,127.252960000,38.050165710,127.252959512,38.050213000,127.253590000,38.050242083,127.253607179
39,39,825159711735,7.794,10.000000,38.051360000,127.253350000,680.000000,1880.706373,2643.156949,762.450576,40.540649,4.614968,9.166527,11.908621,2.086274,4.090409,6.812958,11.908621,38.049960000,127.253350000,38.049960000,127.253350000,38.049812000,127.253690000,38.049730186,127.253701845,38.049812000,127.253044000,38.049712432,127.252994322,38.050106000,127.253020000,38.050087389,127.253017198,38.050117000,127.253660000,38.050153487,127.253665516
40,40,825159711941,8.000,10.000000,38.051285000,127.253360000,682.000000,1926.339001,2861.639853,935.300852,48.553284,3.718851,9.763259,12.135516,0.807933,5.865634,7.143086,12.135516,38.049870000,127.253400000,38.049870000,127.253400000,38.049717000,127.253746000,38.049630925,127.253767373,38.049717000,127.253090000,38.049613732,127.253045644,38.050014000,127.253070000,38.050019416,127.253063864,38.050026000,127.253716000,38.050078652,127.253713413
41,41,825159712141,8.200,10.000000,38.051210000,127.253365000,685.000000,1950.708144,3041.229856,1090.521713,55.903889,3.671767,10.856104,13.119931,1.560190,6.764827,8.075263,13.119931,38.049780000,127.253450000,38.049780000,127.253450000,38.049630000,127.253790000,38.049538860,127.253834064,38.049630000,127.253130000,38.049515085,127.253096761,38.049930000,127.253110000,38.049943588,127.253105637,38.049940000,127.253760000,38.050000731,127.253762754
42,42,825159712331,8.390,10.000000,38.051132000,127.253365000,688.000000,2006.723667,3138.212612,1131.488944,56.384891,2.457030,9.834874,12.106845,3.432019,8.001849,8.343897,12.106845,38.049700000,127.253494000,38.049700000,127.253494000,38.049545000,127.253845000,38.049464990,127.253892580,38.049545000,127.253174000,38.049438907,127.253143616,38.049850000,127.253160000,38.049876745,127.253140525,38.049860000,127.253815000,38.049931525,127.253805913
43,43,825159712534,8.593,10.000000,38.051132000,127.253365000,688.000000,2006.723667,3138.212612,1131.488944,56.384891,2.457030,9.834874,12.106845,3.432019,8.001849,8.343897,12.106845,38.049700000,127.253494000,38.049700000,127.253494000,38.049545000,127.253845000,38.049464990,127.253892580,38.049545000,127.253174000,38.049438907,127.253143616,38.049850000,127.253160000,38.049876745,127.253140525,38.049860000,127.253815000,38.049931525,127.253805913
44,44,825159712738,8.797,10.000000,38.050983000,127.253380000,693.000000,2016.695954,3224.021868,1207.325914,59.866531,0.691987,8.540457,10.982000,5.415316,9.628062,8.641459,10.982000,38.049553000,127.253555000,38.049553000,127.253555000,38.049397000,127.253910000,38.049336391,127.253969733,38.049397000,127.253235000,38.049301637,127.253202917,38.049700000,127.253210000,38.049744730,127.253185714,38.049710000,127.253876000,38.049796405,127.253871131
45,45,825159712942,9.001,10.000000,38.050907000,127.253390000,695.000000,2045.031541,3231.144088,1186.112547,57.999719,0.841087,8.099281,10.980778,4.861421,9.343001,8.321120,10.980778,38.049484000,127.253580000,38.049484000,127.253580000,38.049328000,127.253940000,38.049273327,127.254000960,38.049330000,127.253260000,38.049234966,127.253226431,38.049637000,127.253235000,38.049672779,127.253203202,38.049644000,127.253900000,38.049727929,127.253899751
46,46,825159713144,9.203,10.000000,38.050835000,127.253395000,698.000000,2049.034105,3248.837687,1199.803582,58.554593,0.887368,8.280092,10.969330,5.229991,9.427318,8.476683,10.969330,38.049427000,127.253600000,38.049427000,127.253600000,38.049267000,127.253960000,38.049216146,127.254028930,38.049270000,127.253280000,38.049175277,127.253245515,38.049576000,127.253260000,38.049607631,127.253215886,38.049583000,127.253930000,38.049667554,127.253923975
47,47,825159713335,9.394,10.000000,38.050835000,127.253395000,698.000000,2049.034105,3248.837687,1199.803582,58.554593,0.887368,8.280092,10.969330,5.229991,9.427318,8.476683,10.969330,38.049427000,127.253600000,38.049427000,127.253600000,38.049267000,127.253960000,38.049216146,127.254028930,38.049270000,127.253280000,38.049175277,127.253245515,38.049576000,127.253260000,38.049607631,127.253215886,38.049583000,127.253930000,38.049667554,127.253923975
48,48,825159713538,9.597,10.000000,38.050686000,127.253400000,703.000000,2064.309123,3278.919063,1214.609940,58.838569,1.886503,9.625074,11.378471,4.311107,8.745266,8.514980,11.378471,38.049320000,127.253630000,38.049320000,127.253630000,38.049164000,127.253990000,38.049108068,127.254073730,38.049164000,127.253300000,38.049063734,127.253274779,38.049473000,127.253280000,38.049485814,127.253233591,38.049477000,127.253950000,38.049555082,127.253960990
49,49,825159713740,9.799,10.000000,38.050610000,127.253410000,705.000000,2063.041817,3284.697442,1221.655625,59.216232,1.854162,9.906759,11.365554,4.662369,8.407980,8.585665,11.365554,38.049274000,127.253640000,38.049274000,127.253640000,38.049118000,127.254000000,38.049061932,127.254087761,38.049118000,127.253310000,38.049018062,127.253283467,38.049423000,127.253290000,38.049438271,127.253240475,38.049430000,127.253970000,38.049505426,127.253975028
50,50,825159713929,9.988,10.000000,38.050537000,127.253420000,707.000000,2038.061454,3316.281316,1278.219863,62.717435,1.959254,10.623497,11.714949,4.594317,8.708733,8.910374,11.714949,38.049225000,127.253654000,38.049225000,127.253654000,38.049070000,127.254010000,38.049012766,127.254106973,38.049070000,127.253330000,38.048968149,127.253296373,38.049374000,127.253300000,38.049387663,127.253250546,38.049380000,127.253980000,38.049457766,127.253990827
51,51,825159714138,10.197,10.000000,38.050460000,127.253420000,710.000000,2076.413526,3337.978321,1261.564795,60.756915,1.553598,9.624491,11.561001,5.798051,8.732696,8.929060,11.561001,38.049183000,127.253654000,38.049183000,127.253654000,38.049023000,127.254020000,38.048974220,127.254110647,38.049026000,127.253330000,38.048925956,127.253294605,38.049330000,127.253310000,38.049344757,127.253246569,38.049340000,127.253990000,38.049418423,127.253992476
52,52,825159714341,10.400,10.000000,38.050385000,127.253426000,712.000000,2096.468560,3358.587876,1262.119317,60.202158,1.763895,9.871456,11.546869,5.886365,8.551979,8.964167,11.546869,38.049137000,127.253654000,38.049137000,127.253654000,38.048980000,127.254020000,38.048929821,127.254112845,38.048980000,127.253330000,38.048880711,127.253291883,38.049290000,127.253310000,38.049299559,127.253243958,38.049297000,127.253990000,38.049373723,127.253994998
53,53,825159714530,10.589,10.000000,38.050310000,127.253430000,714.000000,2094.488785,3375.928983,1281.440199,61.181526,1.667034,9.710336,11.870601,5.737665,8.815430,9.033508,11.870601,38.049095000,127.253660000,38.049095000,127.253660000,38.048940000,127.254030000,38.048891667,127.254122211,38.048940000,127.253334000,38.048837405,127.253297079,38.049244000,127.253310000,38.049256072,127.253246369,38.049255000,127.254000000,38.049334178,127.254001788
54,54,825159714731,10.790,10.000000,38.050236000,127.253440000,716.000000,2105.546271,3388.320178,1282.773907,60.923568,1.651445,10.364726,11.563159,5.908573,9.085619,9.230519,11.563159,38.049057000,127.253670000,38.049057000,127.253670000,38.048900000,127.254030000,38.048857445,127.254135163,38.048900000,127.253334000,38.048798453,127.253306236,38.049210000,127.253320000,38.049216685,127.253253135,38.049217000,127.254000000,38.049297993,127.254012800
55,55,825159714938,10.997,10.000000,38.050156000,127.253440000,718.000000,2082.371132,3410.256249,1327.885117,63.767937,1.544951,10.529375,11.921465,6.256713,9.401982,9.527384,11.921465,38.049010000,127.253670000,38.049010000,127.253670000,38.048855000,127.254030000,38.048814246,127.254138392,38.048855000,127.253334000,38.048750376,127.253304973,38.049160000,127.253320000,38.049169070,127.253249563,38.049170000,127.254000000,38.049253758,127.254013797
56,56,825159715141,11.200,10.000000,38.050080000,127.253450000,720.000000,2097.742238,3432.736884,1334.994647,63.639594,1.375141,9.901914,11.896079,6.423461,9.089491,9.327736,11.896079,38.048960000,127.253660000,38.048960000,127.253660000,38.048805000,127.254030000,38.048761644,127.254128629,38.048805000,127.253334000,38.048704200,127.253288935,38.049110000,127.253310000,38.049123828,127.253238860,38.049120000,127.254000000,38.049201245,127.254010337
57,57,825159715345,11.404,10.000000,38.050003000,127.253456000,722.000000,2131.556997,3471.175978,1339.618981,62.846970,1.064561,9.789757,11.699888,6.715264,9.161204,9.341528,11.699888,38.048910000,127.253660000,38.048910000,127.253660000,38.048750000,127.254030000,38.048712928,127.254131268,38.048750000,127.253334000,38.048652107,127.253285422,38.049060000,127.253310000,38.049075591,127.253235999,38.049070000,127.254000000,38.049151537,127.254014168
58,58,825159715534,11.593,10.000000,38.050003000,127.253456000,722.000000,2131.556997,3471.175978,1339.618981,62.846970,1.064561,9.789757,11.699888,6.715264,9.161204,9.341528,11.699888,38.048910000,127.253660000,38.048910000,127.253660000,38.048750000,127.254030000,38.048712928,127.254131268,38.048750000,127.253334000,38.048652107,127.253285422,38.049060000,127.253310000,38.049075591,127.253235999,38.049070000,127.254000000,38.049151537,127.254014168
59,59,825159715740,11.799,10.000000,38.049850000,127.253460000,726.000000,2134.590405,3577.011199,1442.420794,67.573657,1.221816,10.334211,13.258090,6.646530,9.914317,10.038287,13.258090,38.048794000,127.253670000,38.048794000,127.253670000,38.048637000,127.254036000,38.048607731,127.254147874,38.048637000,127.253334000,38.048523038,127.253290060,38.048946000,127.253310000,38.048960938,127.253236592,38.048954000,127.254005000,38.049040977,127.254029329
60,60,825159715940,11.999,10.000000,38.049770000,127.253470000,728.000000,2151.762369,3619.002512,1467.240143,68.187834,1.006854,9.891927,13.389850,7.741596,9.573452,10.149206,13.389850,38.048733000,127.253660000,38.048733000,127.253660000,38.048573000,127.254030000,38.048545347,127.254137238,38.048573000,127.253330000,38.048461771,127.253271861,38.048885000,127.253310000,38.048905023,127.253225428,38.048893000,127.254005000,38.048977161,127.254027461
61,61,825159716133,12.192,10.000000,38.049706000,127.253470000,730.000000,2131.124675,3689.219032,1558.094357,73.111366,1.306640,10.157752,14.721540,8.095574,9.907888,10.720689,14.721540,38.048676000,127.253660000,38.048676000,127.253660000,38.048520000,127.254030000,38.048491466,127.254140062,38.048520000,127.253330000,38.048397302,127.253267347,38.048830000,127.253310000,38.048849302,127.253220963,38.048836000,127.254005000,38.048922597,127.254031105
62,62,825159716336,12.395,10.000000,38.049625000,127.253480000,731.000000,2137.084207,3769.439061,1632.354854,76.382337,1.434824,9.638740,15.904882,8.450848,10.069913,11.016096,15.904882,38.048610000,127.253660000,38.048610000,127.253660000,38.048454000,127.254036000,38.048427176,127.254140543,38.048454000,127.253330000,38.048322173,127.253260040,38.048763000,127.253310000,38.048787131,127.253218598,38.048770000,127.254005000,38.048857030,127.254036331
63,63,825159716533,12.592,10.000000,38.049550000,127.253490000,733.000000,2167.723151,3922.160896,1754.437745,80.934585,1.592998,10.519318,16.635184,8.830220,10.303934,11.572164,16.635184,38.048546000,127.253660000,38.048546000,127.253660000,38.048386000,127.254036000,38.048352512,127.254148210,38.048386000,127.253330000,38.048249898,127.253251643,38.048700000,127.253310000,38.048727589,127.253215559,38.048706000,127.254005000,38.048793712,127.254042548
64,64,825159716743,12.802,10.000000,38.049470000,127.253490000,735.000000,2173.970694,4080.928811,1906.958117,87.717747,2.259295,12.189601,18.370732,8.369940,10.470424,12.350174,18.370732,38.048477000,127.253660000,38.048477000,127.253660000,38.048320000,127.254030000,38.048276541,127.254157631,38.048320000,127.253330000,38.048168986,127.253245492,38.048634000,127.253300000,38.048659163,127.253210027,38.048640000,127.254005000,38.048728244,127.254046341
65,65,825159716953,13.012,10.000000,38.049390000,127.253494000,737.000000,2173.972506,4189.874910,2015.902404,92.728974,2.090670,12.860261,18.744480,8.901346,11.272151,12.944560,18.744480,38.048416000,127.253660000,38.048416000,127.253660000,38.048256000,127.254030000,38.048210645,127.254164923,38.048256000,127.253330000,38.048103337,127.253239783,38.048570000,127.253300000,38.048598095,127.253204933,38.048576000,127.254005000,38.048670930,127.254049748
66,66,825159717132,13.191,10.000000,38.049310000,127.253500000,738.000000,2156.165001,4269.535131,2113.370130,98.015232,1.504682,13.064078,18.901767,9.618299,12.379644,13.490947,18.901767,38.048350000,127.253660000,38.048350000,127.253660000,38.048190000,127.254030000,38.048147383,127.254168853,38.048195000,127.253330000,38.048043282,127.253233185,38.048504000,127.253300000,38.048539975,127.253200244,38.048510000,127.254005000,38.048615033,127.254051403
67,67,825159717339,13.398,10.000000,38.049230000,127.253500000,740.000000,2171.707368,4337.509877,2165.802508,99.728101,0.770682,13.166329,18.346016,10.386341,13.501300,13.849996,18.346016,38.048290000,127.253660000,38.048290000,127.253660000,38.048130000,127.254030000,38.048094313,127.254173192,38.048134000,127.253320000,38.047985818,127.253228406,38.048443000,127.253300000,38.048484333,127.253193780,38.048450000,127.254005000,38.048565509,127.254051961
68,68,825159717541,13.600,10.000000,38.049230000,127.253500000,740.000000,2171.707368,4337.509877,2165.802508,99.728101,0.770682,13.166329,18.346016,10.386341,13.501300,13.849996,18.346016,38.048290000,127.253660000,38.048290000,127.253660000,38.048130000,127.254030000,38.048094313,127.254173192,38.048134000,127.253320000,38.047985818,127.253228406,38.048443000,127.253300000,38.048484333,127.253193780,38.048450000,127.254005000,38.048565509,127.254051961
69,69,825159717740,13.799,10.000000,38.049070000,127.253520000,743.000000,2177.878683,4479.735402,2301.856719,105.692605,0.978167,13.026614,17.961992,12.010870,14.960837,14.490078,17.961992,38.048160000,127.253654000,38.048160000,127.253654000,38.048000000,127.254030000,38.047965238,127.254171890,38.048004000,127.253320000,38.047870591,127.253204746,38.048313000,127.253296000,38.048371117,127.253180563,38.048320000,127.254005000,38.048448333,127.254055678
70,70,825159717936,13.995,10.000000,38.048990000,127.253520000,745.000000,2219.184231,4549.811489,2330.627258,105.021802,0.842981,13.622689,18.278283,12.135314,14.735137,14.692856,18.278283,38.048090000,127.253654000,38.048090000,127.253654000,38.047930000,127.254030000,38.047894401,127.254178677,38.047935000,127.253320000,38.047800678,127.253200080,38.048250000,127.253296000,38.048299574,127.253172711,38.048256000,127.254005000,38.048380677,127.254061462
71,71,825159718140,14.199,10.000000,38.048904000,127.253525000,747.000000,2221.045164,4602.053208,2381.008043,107.202144,0.814788,14.093298,17.470547,12.896470,15.437410,14.974431,17.470547,38.048027000,127.253654000,38.048027000,127.253654000,38.047863000,127.254030000,38.047828501,127.254184682,38.047867000,127.253310000,38.047738746,127.253195141,38.048180000,127.253296000,38.048234990,127.253166516,38.048187000,127.254005000,38.048316122,127.254069234
72,72,825159718330,14.389,10.000000,38.048824000,127.253530000,748.000000,2217.656062,4659.407299,2441.751237,110.105046,0.791415,14.618375,17.589260,13.460865,15.549768,15.304567,17.589260,38.047960000,127.253654000,38.047960000,127.253654000,38.047794000,127.254030000,38.047757515,127.254190190,38.047800000,127.253310000,38.047673269,127.253190166,38.048110000,127.253296000,38.048167773,127.253161108,38.048120000,127.254005000,38.048247662,127.254076997
73,73,825159718537,14.596,10.000000,38.048740000,127.253530000,750.000000,2231.222736,4736.830550,2505.607814,112.297521,0.534287,15.386608,17.888380,13.693924,15.893372,15.715571,17.888380,38.047890000,127.253654000,38.047890000,127.253654000,38.047726000,127.254030000,38.047685496,127.254197814,38.047730000,127.253310000,38.047602447,127.253185887,38.048046000,127.253296000,38.048096706,127.253153678,38.048050000,127.254005000,38.048178568,127.254083837
74,74,825159718743,14.802,10.000000,38.048656000,127.253540000,752.000000,2203.144264,4782.784701,2579.640436,117.089039,0.360069,16.189226,17.883622,14.139273,16.105602,16.079431,17.883622,38.047820000,127.253654000,38.047820000,127.253654000,38.047660000,127.254030000,38.047609121,127.254203004,38.047665000,127.253310000,38.047540915,127.253180427,38.047977000,127.253296000,38.048029506,127.253149136,38.047980000,127.254005000,38.048106984,127.254093042
75,75,825159718937,14.996,10.000000,38.048576000,127.253540000,753.000000,2224.444652,4786.821194,2562.376542,115.191742,0.425447,16.318070,17.495918,14.538260,16.085574,16.109455,17.495918,38.047752000,127.253654000,38.047752000,127.253654000,38.047592000,127.254030000,38.047544316,127.254206020,38.047596000,127.253310000,38.047477480,127.253178923,38.047910000,127.253296000,38.047960422,127.253143017,38.047916000,127.254005000,38.048040840,127.254097402
76,76,825159719131,15.190,10.000000,38.048492000,127.253550000,755.000000,2224.637013,4805.945948,2581.308935,116.032814,0.663138,16.469424,17.122367,15.106408,16.354852,16.263263,17.122367,38.047684000,127.253654000,38.047684000,127.253654000,38.047523000,127.254030000,38.047474951,127.254207686,38.047527000,127.253310000,38.047416869,127.253173649,38.047840000,127.253296000,38.047895458,127.253138725,38.047848000,127.254005000,38.047971482,127.254106088
77,77,825159719338,15.397,10.000000,38.048410000,127.253555000,756.000000,2249.138348,4819.407853,2570.269505,114.277964,1.059084,16.475218,16.635544,15.575915,16.572253,16.314732,16.635544,38.047615000,127.253654000,38.047615000,127.253654000,38.047450000,127.254030000,38.047406551,127.254209655,38.047455000,127.253310000,38.047353622,127.253170579,38.047770000,127.253296000,38.047828873,127.253134816,38.047780000,127.254005000,38.047902492,127.254112437
78,78,825159719546,15.605,10.000000,38.048325000,127.253555000,758.000000,2231.233708,4792.051951,2560.818243,114.771404,0.420287,16.886422,16.712046,15.630477,16.530880,16.439956,16.886422,38.047530000,127.253654000,38.047530000,127.253654000,38.047370000,127.254030000,38.047320330,127.254212008,38.047375000,127.253310000,38.047272575,127.253170623,38.047690000,127.253296000,38.047738969,127.253128895,38.047695000,127.254005000,38.047811827,127.254121408
79,79,825159719736,15.795,10.000000,38.048240000,127.253560000,759.000000,2245.561594,4691.611815,2446.050220,108.928218,0.710451,16.214403,15.881946,15.828734,16.478242,16.100831,16.478242,38.047462000,127.253654000,38.047462000,127.253654000,38.047300000,127.254030000,38.047258180,127.254207173,38.047302000,127.253310000,38.047210359,127.253171148,38.047620000,127.253296000,38.047667215,127.253125684,38.047626000,127.254005000,38.047737044,127.254129296
80,80,825159719947,16.006,10.000000,38.048157000,127.253560000,760.000000,2253.370671,4599.122684,2345.752014,104.099696,0.892361,15.660288,15.461873,16.073927,16.170710,15.841699,16.170710,38.047394000,127.253654000,38.047394000,127.253654000,38.047230000,127.254030000,38.047197547,127.254203821,38.047234000,127.253310000,38.047146303,127.253173226,38.047550000,127.253296000,38.047594154,127.253121425,38.047558000,127.254010000,38.047664587,127.254135327
81,81,825159720135,16.194,10.000000,38.048073000,127.253570000,762.000000,2266.469188,4526.773290,2260.304102,99.727987,0.726304,14.723573,15.156268,16.009752,16.038414,15.482002,16.038414,38.047320000,127.253654000,38.047320000,127.253654000,38.047160000,127.254036000,38.047125482,127.254198133,38.047160000,127.253310000,38.047078734,127.253171286,38.047480000,127.253296000,38.047521447,127.253121123,38.047485000,127.254010000,38.047582075,127.254145190
82,82,825159720330,16.389,10.000000,38.047990000,127.253580000,763.000000,2270.081661,4459.275809,2189.194148,96.436802,0.712349,14.209219,14.931603,16.022724,15.771109,15.233664,16.022724,38.047264000,127.253654000,38.047264000,127.253654000,38.047100000,127.254036000,38.047068597,127.254193105,38.047104000,127.253310000,38.047026344,127.253171121,38.047420000,127.253296000,38.047463757,127.253121877,38.047430000,127.254010000,38.047518034,127.254150956
83,83,825159720559,16.618,10.000000,38.047905000,127.253580000,765.000000,2277.305504,4387.868468,2110.562964,92.678078,0.279985,14.663212,14.233314,15.519563,16.033230,15.112330,16.033230,38.047188000,127.253660000,38.047188000,127.253660000,38.047028000,127.254036000,38.046997250,127.254198644,38.047028000,127.253310000,38.046949697,127.253181647,38.047348000,127.253296000,38.047378940,127.253123381,38.047356000,127.254010000,38.047438881,127.254159577
84,84,825159720740,16.799,10.000000,38.047820000,127.253586000,766.000000,2262.669457,4316.015652,2053.346195,90.748836,0.479552,14.158142,13.912867,15.495364,16.265811,14.958046,16.265811,38.047120000,127.253660000,38.047120000,127.253660000,38.046955000,127.254036000,38.046929396,127.254194197,38.046960000,127.253310000,38.046885108,127.253182943,38.047276000,127.253296000,38.047309105,127.253124314,38.047283000,127.254010000,38.047363339,127.254164983
85,85,825159720932,16.991,10.000000,38.047737000,127.253586000,767.000000,2278.480944,4261.665732,1983.184788,87.039779,0.427994,13.866958,13.502373,15.281317,15.324693,14.493835,15.324693,38.047047000,127.253660000,38.047047000,127.253660000,38.046883000,127.254036000,38.046858898,127.254191193,38.046886000,127.253310000,38.046813903,127.253186139,38.047203000,127.253296000,38.047234577,127.253126359,38.047210000,127.254020000,38.047289624,127.254162603
86,86,825159721133,17.192,10.000000,38.047653000,127.253590000,768.000000,2313.185487,4226.649556,1913.464069,82.719872,0.177701,13.264686,13.307361,14.937344,14.760167,14.067390,14.937344,38.046974000,127.253660000,38.046974000,127.253660000,38.046810000,127.254040000,38.046785365,127.254188043,38.046814000,127.253310000,38.046743380,127.253187522,38.047134000,127.253296000,38.047162065,127.253129377,38.047142000,127.254020000,38.047215531,127.254160108
87,87,825159721370,17.429,10.000000,38.047570000,127.253590000,770.000000,2327.708925,4230.051327,1902.342402,81.725957,0.007830,13.489381,13.042590,14.772334,14.479878,13.946046,14.772334,38.046900000,127.253660000,38.046900000,127.253660000,38.046738000,127.254040000,38.046708733,127.254189319,38.046738000,127.253310000,38.046669563,127.253189242,38.047062000,127.253296000,38.047087115,127.253130536,38.047070000,127.254020000,38.047142429,127.254157197
88,88,825159721542,17.601,10.000000,38.047485000,127.253600000,771.000000,2331.175530,4221.251345,1890.075815,81.078228,0.246174,13.366138,12.651002,14.484754,14.415643,13.729384,14.484754,38.046830000,127.253660000,38.046830000,127.253660000,38.046665000,127.254040000,38.046632271,127.254186695,38.046665000,127.253310000,38.046603840,127.253188369,38.046990000,127.253296000,38.047020874,127.253135490,38.046997000,127.254020000,38.047068790,127.254156858
89,89,825159721745,17.804,10.000000,38.047400000,127.253610000,772.000000,2353.242553,4212.335761,1859.093208,79.001342,0.458336,13.506145,11.755699,13.731824,14.145097,13.284691,14.145097,38.046757000,127.253670000,38.046757000,127.253670000,38.046593000,127.254050000,38.046557303,127.254197246,38.046593000,127.253310000,38.046531556,127.253200938,38.046917000,127.253300000,38.046947654,127.253148274,38.046925000,127.254030000,38.046996333,127.254163530
90,90,825159721935,17.994,10.000000,38.047330000,127.253610000,773.000000,2351.293133,4183.711962,1832.418829,77.932386,0.401781,13.328568,12.123735,13.489063,13.923865,13.216308,13.923865,38.046684000,127.253670000,38.046684000,127.253670000,38.046516000,127.254050000,38.046483397,127.254196295,38.046520000,127.253320000,38.046461494,127.253203354,38.046844000,127.253300000,38.046875172,127.253151308,38.046852000,127.254030000,38.046923091,127.254160682
91,91,825159722138,18.197,10.000000,38.047245000,127.253620000,774.000000,2351.295509,4149.367105,1798.071596,76.471528,0.318148,13.149074,11.888767,13.091603,13.556659,12.921526,13.556659,38.046610000,127.253670000,38.046610000,127.253670000,38.046444000,127.254050000,38.046405209,127.254191673,38.046448000,127.253320000,38.046393952,127.253203033,38.046772000,127.253300000,38.046805754,127.253156947,38.046780000,127.254030000,38.046845072,127.254160714
92,92,825159722332,18.391,10.000000,38.047160000,127.253620000,775.000000,2388.654642,4113.874720,1725.220078,72.225597,0.791279,12.062692,11.113110,13.100112,13.142347,12.354565,13.142347,38.046540000,127.253670000,38.046540000,127.253670000,38.046370000,127.254060000,38.046335904,127.254190610,38.046370000,127.253320000,38.046325867,127.253206292,38.046696000,127.253300000,38.046734792,127.253158919,38.046707000,127.254036000,38.046774845,127.254158688
93,93,825159722553,18.612,10.000000,38.047077000,127.253624000,777.000000,2370.759401,4086.467892,1715.708491,72.369575,0.952598,13.218339,10.408923,12.035447,13.516696,12.294851,13.516696,38.046463000,127.253680000,38.046463000,127.253680000,38.046300000,127.254060000,38.046261180,127.254202496,38.046300000,127.253320000,38.046248479,127.253220915,38.046623000,127.253300000,38.046654112,127.253168519,38.046635000,127.254036000,38.046698864,127.254167135
94,94,825159722744,18.803,10.000000,38.046993000,127.253624000,778.000000,2370.761765,4022.490178,1651.728413,69.670788,1.033029,12.920114,9.881396,11.817038,13.373204,11.997938,13.373204,38.046390000,127.253680000,38.046390000,127.253680000,38.046227000,127.254060000,38.046190423,127.254199870,38.046227000,127.253320000,38.046179075,127.253225123,38.046550000,127.253300000,38.046579640,127.253170564,38.046562000,127.254036000,38.046623930,127.254166716
95,95,825159722934,18.993,10.000000,38.046910000,127.253630000,779.000000,2406.149801,3961.184283,1555.034482,64.627501,0.664203,11.692092,9.127441,12.318916,12.941987,11.520109,12.941987,38.046318000,127.253680000,38.046318000,127.253680000,38.046154000,127.254070000,38.046117640,127.254195125,38.046150000,127.253320000,38.046113046,127.253227057,38.046480000,127.253310000,38.046509362,127.253174515,38.046490000,127.254040000,38.046547085,127.254168607
96,96,825159723141,19.200,10.000000,38.046825000,127.253630000,780.000000,2393.465609,3904.575119,1511.109511,63.134791,0.777387,11.267536,9.426975,12.117864,12.826581,11.409739,12.826581,38.046246000,127.253680000,38.046246000,127.253680000,38.046078000,127.254070000,38.046047808,127.254192677,38.046078000,127.253330000,38.046044339,127.253231327,38.046406000,127.253310000,38.046436557,127.253177330,38.046417000,127.254040000,38.046474206,127.254167007
97,97,825159723354,19.413,10.000000,38.046825000,127.253630000,780.000000,2393.465609,3904.575119,1511.109511,63.134791,0.777387,11.267536,9.426975,12.117864,12.826581,11.409739,12.826581,38.046246000,127.253680000,38.046246000,127.253680000,38.046078000,127.254070000,38.046047808,127.254192677,38.046078000,127.253330000,38.046044339,127.253231327,38.046406000,127.253310000,38.046436557,127.253177330,38.046417000,127.254040000,38.046474206,127.254167007
98,98,825159723533,19.592,10.000000,38.046658000,127.253640000,782.000000,2416.306331,3813.570444,1397.264113,57.826448,0.824683,10.979337,8.351077,11.021497,11.993007,10.586230,11.993007,38.046097000,127.253685000,38.046097000,127.253685000,38.045933000,127.254074000,38.045899070,127.254191597,38.045930000,127.253330000,38.045902359,127.253241441,38.046260000,127.253310000,38.046289169,127.253189858,38.046270000,127.254050000,38.046320676,127.254170724
99,99,825159723736,19.795,10.000000,38.046574000,127.253650000,783.000000,2409.282318,3776.687294,1367.404976,56.755697,0.948342,10.679412,8.143840,10.733481,11.885775,10.360627,11.885775,38.046024000,127.253685000,38.046024000,127.253685000,38.045860000,127.254074000,38.045822007,127.254185859,38.045856000,127.253330000,38.045835265,127.253240913,38.046185000,127.253310000,38.046221113,127.253196475,38.046196000,127.254050000,38.046241783,127.254172484
100,100,825159723942,20.001,10.000000,38.046490000,127.253650000,784.000000,2419.238862,3746.531820,1327.292958,54.864072,0.977527,10.871036,7.477621,10.807342,11.149968,10.076492,11.149968,38.045950000,127.253690000,38.045950000,127.253690000,38.045784000,127.254074000,38.045751689,127.254191021,38.045784000,127.253330000,38.045759771,127.253250445,38.046112000,127.253320000,38.046144759,127.253203952,38.046124000,127.254060000,38.046170372,127.254172735
101,101,825159724131,20.190,10.000000,38.046406000,127.253654000,785.000000,2437.295213,3711.479340,1274.184127,52.278613,1.253977,9.931747,7.405998,10.542149,11.145799,9.756423,11.145799,38.045880000,127.253690000,38.045880000,127.253690000,38.045710000,127.254080000,38.045681285,127.254187262,38.045708000,127.253334000,38.045692188,127.253251941,38.046040000,127.253320000,38.046076562,127.253209070,38.046050000,127.254060000,38.046098225,127.254171420
102,102,825159724335,20.394,10.000000,38.046406000,127.253654000,785.000000,2437.295213,3711.479340,1274.184127,52.278613,1.253977,9.931747,7.405998,10.542149,11.145799,9.756423,11.145799,38.045880000,127.253690000,38.045880000,127.253690000,38.045710000,127.254080000,38.045681285,127.254187262,38.045708000,127.253334000,38.045692188,127.253251941,38.046040000,127.253320000,38.046076562,127.253209070,38.046050000,127.254060000,38.046098225,127.254171420
103,103,825159724541,20.600,10.000000,38.046320000,127.253660000,785.000000,2471.707835,3655.716938,1184.009103,47.902470,0.790861,9.533089,7.272830,9.899373,9.677749,9.095760,9.899373,38.045803000,127.253690000,38.045803000,127.253690000,38.045635000,127.254080000,38.045603352,127.254181045,38.045635000,127.253334000,38.045619420,127.253253433,38.045967000,127.253320000,38.046002430,127.253216428,38.045980000,127.254070000,38.046016930,127.254169938
104,104,825159724730,20.789,10.000000,38.046158000,127.253670000,787.000000,2468.472617,3585.873331,1117.400714,45.266887,1.412276,9.035248,5.810178,9.521463,10.282391,8.662320,10.282391,38.045662000,127.253700000,38.045662000,127.253700000,38.045494000,127.254090000,38.045465188,127.254186352,38.045486000,127.253334000,38.045478441,127.253268423,38.045822000,127.253330000,38.045858896,127.253232014,38.045834000,127.254070000,38.045874253,127.254175567
105,105,825159724942,21.001,10.000000,38.046074000,127.253670000,788.000000,2498.786090,3555.579177,1056.793087,42.292259,0.817181,8.047097,5.751309,9.017497,9.581770,8.099418,9.581770,38.045600000,127.253700000,38.045600000,127.253700000,38.045433000,127.254100000,38.045404651,127.254184439,38.045430000,127.253334000,38.045414962,127.253271236,38.045765000,127.253330000,38.045794211,127.253234059,38.045776000,127.254074000,38.045811919,127.254173327
106,106,825159725131,21.190,10.000000,38.045986000,127.253680000,789.000000,2496.582880,3526.936104,1030.353224,41.270539,1.451213,8.608023,5.186978,7.966650,10.187449,7.987275,10.187449,38.045532000,127.253710000,38.045532000,127.253710000,38.045364000,127.254100000,38.045338117,127.254192527,38.045360000,127.253340000,38.045345335,127.253283840,38.045696000,127.253330000,38.045723658,127.253246186,38.045708000,127.254074000,38.045743601,127.254181054
107,107,825159725334,21.393,10.000000,38.045906000,127.253680000,790.000000,2513.819585,3492.095780,978.276196,38.915927,1.321199,8.377155,4.922324,7.686375,9.449734,7.608897,9.449734,38.045464000,127.253710000,38.045464000,127.253710000,38.045296000,127.254100000,38.045271240,127.254190236,38.045290000,127.253340000,38.045276627,127.253286481,38.045628000,127.253330000,38.045653296,127.253248418,38.045640000,127.254080000,38.045674702,127.254178374
108,108,825159725536,21.595,10.000000,38.045906000,127.253680000,790.000000,2513.819585,3492.095780,978.276196,38.915927,1.321199,8.377155,4.922324,7.686375,9.449734,7.608897,9.449734,38.045464000,127.253710000,38.045464000,127.253710000,38.045296000,127.254100000,38.045271240,127.254190236,38.045290000,127.253340000,38.045276627,127.253286481,38.045628000,127.253330000,38.045653296,127.253248418,38.045640000,127.254080000,38.045674702,127.254178374
109,109,825159725742,21.801,10.000000,38.045740000,127.253685000,791.000000,2550.543169,3405.987928,855.444759,33.539709,1.316364,7.966345,3.872706,6.846789,8.267770,6.738403,8.267770,38.045310000,127.253716000,38.045310000,127.253716000,38.045143000,127.254105000,38.045119897,127.254191005,38.045135000,127.253340000,38.045122549,127.253298751,38.045475000,127.253334000,38.045494764,127.253260042,38.045490000,127.254090000,38.045518694,127.254176986
110,110,825159725931,21.990,10.000000,38.045654000,127.253690000,792.000000,2520.639075,3378.255737,857.616662,34.023779,1.179663,7.192782,4.565211,6.757887,8.322861,6.709685,8.322861,38.045240000,127.253716000,38.045240000,127.253716000,38.045070000,127.254110000,38.045047660,127.254186987,38.045063000,127.253350000,38.045054428,127.253299076,38.045400000,127.253334000,38.045425668,127.253264143,38.045414000,127.254090000,38.045445378,127.254176172
111,111,825159726140,22.199,10.000000,38.045570000,127.253690000,793.000000,2551.636457,3345.719388,794.082931,31.120536,0.778935,7.081375,4.416394,6.306911,7.044059,6.212185,7.081375,38.045162000,127.253716000,38.045162000,127.253716000,38.044994000,127.254110000,38.044970216,127.254184918,38.044987000,127.253350000,38.044976416,127.253301449,38.045326000,127.253334000,38.045346007,127.253266693,38.045340000,127.254100000,38.045366463,127.254172987
112,112,825159726331,22.390,10.000000,38.045486000,127.253700000,793.000000,2577.266219,3307.315511,730.049292,28.326499,0.779357,6.184579,3.931449,6.142013,7.041606,5.824912,7.041606,38.045090000,127.253720000,38.045090000,127.253720000,38.044920000,127.254120000,38.044895816,127.254183512,38.044914000,127.253350000,38.044908638,127.253305675,38.045254000,127.253340000,38.045276502,127.253276031,38.045270000,127.254100000,38.045290428,127.254176018
113,113,825159726542,22.601,10.000000,38.045403000,127.253700000,794.000000,2574.487458,3286.601943,712.114485,27.660437,0.673349,6.261477,3.725135,5.959890,6.387866,5.583592,6.387866,38.045017000,127.253720000,38.045017000,127.253720000,38.044850000,127.254120000,38.044823028,127.254182676,38.044840000,127.253350000,38.044835807,127.253307843,38.045180000,127.253340000,38.045202407,127.253278257,38.045197000,127.254105000,38.045217632,127.254172992
114,114,825159726738,22.797,10.000000,38.045320000,127.253710000,794.000000,2594.422879,3258.122887,663.700008,25.581798,1.110095,6.062281,3.466689,4.808589,6.980692,5.329563,6.980692,38.044945000,127.253730000,38.044945000,127.253730000,38.044777000,127.254130000,38.044751740,127.254191262,38.044765000,127.253360000,38.044764105,127.253320473,38.045110000,127.253340000,38.045128985,127.253290731,38.045124000,127.254105000,38.045145606,127.254179751
115,115,825159726930,22.989,10.000000,38.045235000,127.253710000,795.000000,2591.180573,3237.556320,646.375747,24.945222,1.033745,5.970290,3.274627,4.652470,6.431511,5.082225,6.431511,38.044872000,127.253730000,38.044872000,127.253730000,38.044704000,127.254130000,38.044679354,127.254190485,38.044693000,127.253360000,38.044691190,127.253322718,38.045036000,127.253340000,38.045054678,127.253292525,38.045050000,127.254110000,38.045072857,127.254177377
116,116,825159727137,23.196,10.000000,38.045150000,127.253716000,796.000000,2598.136610,3223.407865,625.271254,24.066142,0.659726,5.791393,3.372911,5.232254,6.136770,5.133332,6.136770,38.044796000,127.253730000,38.044796000,127.253730000,38.044630000,127.254135000,38.044598107,127.254187192,38.044617000,127.253360000,38.044619577,127.253321665,38.044960000,127.253350000,38.044982081,127.253297313,38.044980000,127.254110000,38.044992322,127.254178230
117,117,825159727343,23.402,10.000000,38.045067000,127.253716000,796.000000,2620.926793,3217.757089,596.830297,22.771727,1.252975,6.446215,2.420741,4.217027,5.727979,4.702990,6.446215,38.044720000,127.253740000,38.044720000,127.253740000,38.044550000,127.254135000,38.044528632,127.254203341,38.044540000,127.253365000,38.044535428,127.253338004,38.044884000,127.253350000,38.044897545,127.253305077,38.044903000,127.254120000,38.044923861,127.254179727
118,118,825159727544,23.603,10.000000,38.044983000,127.253720000,797.000000,2629.785793,3217.519687,587.733894,22.349117,1.214169,6.098761,2.462504,4.057359,5.789953,4.602144,6.098761,38.044647000,127.253740000,38.044647000,127.253740000,38.044476000,127.254140000,38.044451320,127.254202109,38.044464000,127.253365000,38.044463868,127.253336911,38.044810000,127.253350000,38.044826299,127.253308604,38.044827000,127.254120000,38.044847805,127.254180531
119,119,825159727735,23.794,10.000000,38.044983000,127.253720000,797.000000,2629.785793,3217.519687,587.733894,22.349117,1.214169,6.098761,2.462504,4.057359,5.789953,4.602144,6.098761,38.044647000,127.253740000,38.044647000,127.253740000,38.044476000,127.254140000,38.044451320,127.254202109,38.044464000,127.253365000,38.044463868,127.253336911,38.044810000,127.253350000,38.044826299,127.253308604,38.044827000,127.254120000,38.044847805,127.254180531
120,120,825159727942,24.001,10.000000,38.044900000,127.253730000,797.000000,2624.713819,3206.149153,581.435334,22.152333,1.287475,6.781077,2.007635,4.070535,5.217467,4.519179,6.781077,38.044570000,127.253746000,38.044570000,127.253746000,38.044403000,127.254140000,38.044370889,127.254205730,38.044390000,127.253365000,38.044390144,127.253342100,38.044735000,127.253360000,38.044752236,127.253319050,38.044754000,127.254130000,38.044767861,127.254186852
121,121,825159728145,24.204,10.000000,38.044730000,127.253740000,798.000000,2627.061388,3200.526846,573.465457,21.829161,0.802285,5.631336,3.088047,4.138095,4.978479,4.458989,5.631336,38.044420000,127.253746000,38.044420000,127.253746000,38.044250000,127.254150000,38.044215572,127.254197064,38.044240000,127.253370000,38.044243255,127.253335019,38.044582000,127.253360000,38.044609524,127.253328274,38.044600000,127.254135000,38.044610425,127.254190223
122,122,825159728335,24.394,10.000000,38.044660000,127.253740000,799.000000,2675.175748,3214.340676,539.164928,20.154374,0.948571,4.830434,2.640818,3.628350,5.289567,4.097292,5.289567,38.044370000,127.253750000,38.044370000,127.253750000,38.044197000,127.254160000,38.044170851,127.254203971,38.044186000,127.253370000,38.044186602,127.253339887,38.044533000,127.253360000,38.044555107,127.253329587,38.044550000,127.254135000,38.044565484,127.254192043
123,123,825159728540,24.599,10.000000,38.044575000,127.253746000,799.000000,2682.253983,3205.590986,523.337003,19.511091,0.665658,4.614909,3.073543,4.051988,4.962299,4.175685,4.962299,38.044292000,127.253750000,38.044292000,127.253750000,38.044120000,127.254160000,38.044090935,127.254197536,38.044110000,127.253370000,38.044113426,127.253335212,38.044456000,127.253365000,38.044483374,127.253334536,38.044476000,127.254140000,38.044483294,127.254195841
124,124,825159728731,24.790,10.000000,38.044490000,127.253746000,800.000000,2680.485479,3194.849129,514.363650,19.189197,1.210721,4.268028,2.611949,3.184876,5.633955,3.924702,5.633955,38.044216000,127.253760000,38.044216000,127.253760000,38.044044000,127.254166000,38.044030438,127.254211537,38.044033000,127.253380000,38.044028167,127.253350845,38.044380000,127.253365000,38.044399254,127.253338129,38.044400000,127.254140000,38.044419530,127.254199287
125,125,825159728937,24.996,10.000000,38.044407000,127.253750000,800.000000,2701.094752,3158.322624,457.227871,16.927502,1.172647,3.653669,2.736235,3.367964,4.925265,3.670783,4.925265,38.044140000,127.253760000,38.044140000,127.253760000,38.043970000,127.254166000,38.043956568,127.254204026,38.043953000,127.253380000,38.043957388,127.253349290,38.044304000,127.253365000,38.044327347,127.253340566,38.044323000,127.254150000,38.044341158,127.254201232
126,126,825159729137,25.196,10.000000,38.044323000,127.253750000,801.000000,2714.321247,3136.929459,422.608211,15.569572,1.174988,2.726981,2.696076,3.728293,4.883313,3.508666,4.883313,38.044064000,127.253760000,38.044064000,127.253760000,38.043890000,127.254170000,38.043884664,127.254200359,38.043877000,127.253380000,38.043880880,127.253349644,38.044228000,127.253370000,38.044250256,127.253338220,38.044247000,127.254150000,38.044265815,127.254200318
127,127,825159729343,25.402,10.000000,38.044323000,127.253750000,801.000000,2714.321247,3136.929459,422.608211,15.569572,1.174988,2.726981,2.696076,3.728293,4.883313,3.508666,4.883313,38.044064000,127.253760000,38.044064000,127.253760000,38.043890000,127.254170000,38.043884664,127.254200359,38.043877000,127.253380000,38.043880880,127.253349644,38.044228000,127.253370000,38.044250256,127.253338220,38.044247000,127.254150000,38.044265815,127.254200318
128,128,825159729532,25.591,10.000000,38.044240000,127.253760000,801.000000,2756.483962,3099.805561,343.321599,12.455055,0.995046,2.314806,1.632316,2.781916,4.515761,2.811200,4.515761,38.043983000,127.253770000,38.043983000,127.253770000,38.043810000,127.254180000,38.043806016,127.254205915,38.043800000,127.253380000,38.043799403,127.253361396,38.044150000,127.253370000,38.044166658,127.253346345,38.044170000,127.254160000,38.044182892,127.254208839
129,129,825159729734,25.793,10.000000,38.044150000,127.253760000,802.000000,2733.162329,3066.894012,333.731683,12.210460,0.942862,2.123397,2.223968,3.011054,4.406621,2.941260,4.406621,38.043907000,127.253770000,38.043907000,127.253770000,38.043736000,127.254180000,38.043731515,127.254203542,38.043720000,127.253390000,38.043724242,127.253365211,38.044070000,127.253370000,38.044087680,127.253344006,38.044094000,127.254160000,38.044106340,127.254207760
130,130,825159729940,25.999,10.000000,38.043983000,127.253770000,802.000000,2746.733510,2959.473389,212.739879,7.745195,0.842589,1.494151,0.874786,2.432477,3.751158,2.138143,3.751158,38.043750000,127.253780000,38.043750000,127.253780000,38.043580000,127.254190000,38.043576813,127.254206556,38.043564000,127.253390000,38.043570280,127.253384001,38.043915000,127.253380000,38.043925193,127.253355458,38.043938000,127.254166000,38.043945744,127.254207643
131,131,825159730144,26.203,10.000000,38.043896000,127.253780000,803.000000,2782.923752,2924.143292,141.219540,5.074503,0.591377,1.282329,1.584963,1.747924,3.688170,2.075847,3.688170,38.043670000,127.253784000,38.043670000,127.253784000,38.043500000,127.254196000,38.043490121,127.254203523,38.043484000,127.253395000,38.043496466,127.253386264,38.043840000,127.253380000,38.043849197,127.253363840,38.043860000,127.254170000,38.043857065,127.254211904
132,132,825159730335,26.394,10.000000,38.043810000,127.253780000,803.000000,2781.169977,2879.765512,98.595535,3.545110,0.578346,0.748982,1.898691,2.332438,2.441123,1.855309,2.441123,38.043594000,127.253784000,38.043594000,127.253784000,38.043420000,127.254196000,38.043414372,127.254200682,38.043404000,127.253395000,38.043420570,127.253389866,38.043760000,127.253390000,38.043770515,127.253366988,38.043780000,127.254180000,38.043779039,127.254207818
133,133,825159730540,26.599,10.000000,38.043728000,127.253784000,803.000000,2796.172991,2832.602282,36.429291,1.302827,0.722825,0.603567,1.792839,1.305802,2.495374,1.549396,2.495374,38.043514000,127.253790000,38.043514000,127.253790000,38.043340000,127.254200000,38.043336945,127.254205688,38.043324000,127.253395000,38.043339372,127.253401099,38.043682000,127.253390000,38.043686073,127.253376032,38.043700000,127.254180000,38.043699313,127.254208450
134,134,825159730744,26.803,10.000000,38.043644000,127.253784000,804.000000,2839.165612,2805.097312,-34.068300,-1.199941,0.201639,0.763275,1.851482,0.946548,1.556609,1.279479,1.851482,38.043434000,127.253790000,38.043434000,127.253790000,38.043262000,127.254210000,38.043256746,127.254204406,38.043243000,127.253400000,38.043259444,127.253403169,38.043602000,127.253390000,38.043604655,127.253379743,38.043625000,127.254190000,38.043618072,127.254205423
135,135,825159730934,26.993,10.000000,38.043556000,127.253790000,804.000000,2815.453672,2786.675197,-28.778476,-1.022161,0.973147,0.663524,1.711046,0.252974,1.646221,1.068442,1.711046,38.043354000,127.253800000,38.043354000,127.253800000,38.043182000,127.254210000,38.043180880,127.254217434,38.043167000,127.253400000,38.043173203,127.253417857,38.043520000,127.253390000,38.043517809,127.253390764,38.043545000,127.254190000,38.043541844,127.254208345
136,136,825159731130,27.189,10.000000,38.043556000,127.253790000,804.000000,2815.453672,2786.675197,-28.778476,-1.022161,0.973147,0.663524,1.711046,0.252974,1.646221,1.068442,1.711046,38.043354000,127.253800000,38.043354000,127.253800000,38.043182000,127.254210000,38.043180880,127.254217434,38.043167000,127.253400000,38.043173203,127.253417857,38.043520000,127.253390000,38.043517809,127.253390764,38.043545000,127.254190000,38.043541844,127.254208345
137,137,825159731350,27.409,10.000000,38.043472000,127.253790000,804.000000,2857.880369,2765.104012,-92.776357,-3.246335,0.598441,0.356927,1.756393,1.097121,0.942548,1.038247,1.756393,38.043274000,127.253800000,38.043274000,127.253800000,38.043102000,127.254220000,38.043100653,127.254216305,38.043087000,127.253400000,38.043092048,127.253418981,38.043446000,127.253395000,38.043436159,127.253394330,38.043465000,127.254196000,38.043460549,127.254205146
138,138,825159731542,27.601,10.000000,38.043390000,127.253800000,805.000000,2864.085369,2756.707870,-107.377499,-3.749103,0.192051,1.573344,2.341324,1.229283,2.248024,1.847994,2.341324,38.043198000,127.253800000,38.043198000,127.253800000,38.043022000,127.254220000,38.043012641,127.254206552,38.043007000,127.253410000,38.043028032,127.253410030,38.043365000,127.253395000,38.043372932,127.253404756,38.043390000,127.254200000,38.043372203,127.254212118
139,139,825159731743,27.802,10.000000,38.043300000,127.253800000,805.000000,2899.075617,2761.495823,-137.579794,-4.745644,0.881221,0.473055,1.937054,1.432928,0.943362,1.196600,1.937054,38.043118000,127.253810000,38.043118000,127.253810000,38.042942000,127.254230000,38.042945742,127.254227444,38.042923000,127.253410000,38.042932928,127.253428146,38.043285000,127.253395000,38.043279290,127.253409649,38.043310000,127.254200000,38.043306202,127.254209619
140,140,825159731934,27.993,10.000000,38.043217000,127.253810000,805.000000,2913.927628,2766.969488,-146.958140,-5.043301,0.413435,1.932154,2.340210,1.858752,2.215375,2.086623,2.340210,38.043037000,127.253810000,38.043037000,127.253810000,38.042862000,127.254234000,38.042850308,127.254217711,38.042843000,127.253410000,38.042863335,127.253416772,38.043205000,127.253400000,38.043211430,127.253419567,38.043230000,127.254210000,38.043211176,127.254218202
141,141,825159732130,28.189,10.000000,38.043045000,127.253815000,806.000000,2952.981720,2817.458642,-135.523077,-4.589364,0.374027,1.870465,1.862593,2.274651,2.091575,2.024821,2.274651,38.042862000,127.253815000,38.042862000,127.253815000,38.042686000,127.254240000,38.042673145,127.254226261,38.042667000,127.253420000,38.042683244,127.253414909,38.043034000,127.253400000,38.043037571,127.253425546,38.043056000,127.254220000,38.043037247,127.254221470
142,142,825159732337,28.396,10.000000,38.042960000,127.253815000,806.000000,2930.099344,2856.532145,-73.567199,-2.510741,0.717195,1.022276,0.377169,1.348126,1.486766,1.058584,1.486766,38.042780000,127.253820000,38.042780000,127.253820000,38.042606000,127.254240000,38.042596880,127.254238631,38.042587000,127.253420000,38.042590384,127.253420212,38.042953000,127.253410000,38.042949142,127.253424576,38.042976000,127.254220000,38.042962705,127.254221617
143,143,825159732545,28.604,10.000000,38.042873000,127.253820000,807.000000,2959.780770,2902.815621,-56.965149,-1.924641,0.595053,1.905422,1.613916,1.665344,2.109201,1.823470,2.109201,38.042700000,127.253820000,38.042700000,127.253820000,38.042522000,127.254250000,38.042508822,127.254236131,38.042507000,127.253426000,38.042514215,127.253410033,38.042870000,127.253410000,38.042876957,127.253426817,38.042896000,127.254230000,38.042877108,127.254228167
144,144,825159732738,28.797,10.000000,38.042790000,127.253830000,807.000000,3002.149530,2956.643415,-45.506115,-1.515784,0.737705,2.148372,1.171731,2.287057,2.239962,1.961780,2.287057,38.042618000,127.253830000,38.042618000,127.253830000,38.042442000,127.254260000,38.042424213,127.254250490,38.042423000,127.253426000,38.042429024,127.253415040,38.042790000,127.253410000,38.042796058,127.253434927,38.042816000,127.254234000,38.042796272,127.254239028
145,145,825159732933,28.992,10.000000,38.042706000,127.253830000,807.000000,2966.579850,3015.544746,48.964895,1.650550,0.715956,2.324180,1.471042,1.340272,1.711306,1.711700,2.324180,38.042538000,127.253830000,38.042538000,127.253830000,38.042362000,127.254260000,38.042341480,127.254255105,38.042343000,127.253426000,38.042345437,127.253409508,38.042710000,127.253420000,38.042717054,127.253432389,38.042732000,127.254234000,38.042717402,127.254240120
146,146,825159733131,29.190,10.000000,38.042618000,127.253840000,807.000000,3007.820926,3061.546327,53.725401,1.786190,0.984812,2.447226,1.310815,1.745758,2.099825,1.900906,2.447226,38.042470000,127.253840000,38.042470000,127.253840000,38.042294000,127.254265000,38.042272239,127.254268960,38.042274000,127.253430000,38.042275578,127.253415183,38.042645000,127.253420000,38.042649846,127.253438938,38.042667000,127.254240000,38.042650722,127.254252103
147,147,825159733335,29.394,10.000000,38.042618000,127.253840000,807.000000,3007.820926,3061.546327,53.725401,1.786190,0.984812,2.447226,1.310815,1.745758,2.099825,1.900906,2.447226,38.042470000,127.253840000,38.042470000,127.253840000,38.042294000,127.254265000,38.042272239,127.254268960,38.042274000,127.253430000,38.042275578,127.253415183,38.042645000,127.253420000,38.042649846,127.253438938,38.042667000,127.254240000,38.042650722,127.254252103
148,148,825159733530,29.589,10.000000,38.042450000,127.253845000,808.000000,3035.510081,3199.207937,163.697856,5.392763,0.549533,2.732653,1.820344,1.847550,1.624982,2.006382,2.732653,38.042310000,127.253845000,38.042310000,127.253845000,38.042130000,127.254270000,38.042108548,127.254285152,38.042110000,127.253430000,38.042112083,127.253409406,38.042480000,127.253426000,38.042495011,127.253434990,38.042507000,127.254250000,38.042495759,127.254261825
149,149,825159733734,29.793,10.000000,38.042362000,127.253845000,808.000000,3038.216758,3266.752716,228.535957,7.522043,0.425014,2.753099,3.083216,1.960278,0.742405,2.134749,3.083216,38.042230000,127.253845000,38.042230000,127.253845000,38.042050000,127.254280000,38.042026736,127.254290657,38.042030000,127.253440000,38.042030878,127.253404849,38.042400000,127.253426000,38.042417312,127.253430095,38.042423000,127.254260000,38.042418088,127.254265728
150,150,825159733943,30.002,10.000000,38.042280000,127.253850000,808.000000,3095.181243,3347.735475,252.554233,8.159594,0.640211,3.069318,3.081035,1.661998,1.225949,2.259575,3.081035,38.042145000,127.253850000,38.042145000,127.253850000,38.041965000,127.254290000,38.041939010,127.254301690,38.041946000,127.253440000,38.041944021,127.253404947,38.042320000,127.253430000,38.042334928,127.253429672,38.042343000,127.254265000,38.042335582,127.254275336
151,151,825159734135,30.194,10.000000,38.042194000,127.253850000,808.000000,3095.184624,3413.943306,318.758682,10.298535,0.591961,3.513086,3.365701,1.962496,1.402553,2.560959,3.513086,38.042065000,127.253850000,38.042065000,127.253850000,38.041885000,127.254290000,38.041856622,127.254307531,38.041866000,127.253440000,38.041863462,127.253401745,38.042240000,127.253430000,38.042257085,127.253424481,38.042263000,127.254265000,38.042257675,127.254279499
152,152,825159734339,30.398,10.000000,38.042110000,127.253860000,809.000000,3117.098204,3502.943432,385.845228,12.378347,0.734831,4.399670,3.745517,2.112655,2.377755,3.158899,4.399670,38.041980000,127.253860000,38.041980000,127.253860000,38.041800000,127.254295000,38.041768245,127.254324878,38.041782000,127.253450000,38.041777467,127.253407667,38.042156000,127.253430000,38.042174941,127.253428496,38.042183000,127.254270000,38.042175529,127.254295408
153,153,825159734532,30.591,10.000000,38.042038000,127.253860000,809.000000,3124.689598,3578.396326,453.706728,14.520058,0.699189,4.747200,4.014814,2.756937,1.896332,3.353821,4.747200,38.041900000,127.253860000,38.041900000,127.253860000,38.041720000,127.254300000,38.041685010,127.254330954,38.041702000,127.253450000,38.041696740,127.253404695,38.042076000,127.253440000,38.042097333,127.253424027,38.042103000,127.254280000,38.042097972,127.254300666
154,154,825159734737,30.796,10.000000,38.041954000,127.253870000,809.000000,3132.646989,3637.893230,505.246242,16.128413,0.834938,5.497919,3.300289,2.751025,3.158810,3.677011,5.497919,38.041820000,127.253870000,38.041820000,127.253870000,38.041637000,127.254300000,38.041603221,127.254345749,38.041620000,127.253450000,38.041616738,127.253412584,38.041996000,127.253440000,38.042019320,127.253429616,38.042020000,127.254280000,38.042020158,127.254316030
155,155,825159734930,30.989,10.000000,38.041870000,127.253870000,809.000000,3168.370280,3694.904171,526.533890,16.618446,0.437965,5.571313,3.912631,3.223712,2.763203,3.867715,5.571313,38.041737000,127.253870000,38.041737000,127.253870000,38.041557000,127.254310000,38.041518385,127.254350427,38.041534000,127.253456000,38.041534341,127.253411374,38.041912000,127.253440000,38.041938435,127.253424986,38.041940000,127.254290000,38.041939434,127.254321510
156,156,825159735138,31.197,10.000000,38.041782000,127.253876000,809.000000,3184.477095,3751.806263,567.329168,17.815458,0.961105,6.159904,3.503857,3.103693,3.821914,4.147342,6.159904,38.041653000,127.253876000,38.041653000,127.253876000,38.041470000,127.254310000,38.041432303,127.254361435,38.041450000,127.253456000,38.041450657,127.253416043,38.041830000,127.253440000,38.041856121,127.253427622,38.041855000,127.254290000,38.041857624,127.254333466
157,157,825159735335,31.394,10.000000,38.041700000,127.253876000,809.000000,3185.075904,3772.969364,587.893460,18.457754,0.434190,5.433749,3.514061,3.922606,3.897489,4.191976,5.433749,38.041573000,127.253876000,38.041573000,127.253876000,38.041390000,127.254320000,38.041353275,127.254360827,38.041370000,127.253456000,38.041370985,127.253415937,38.041748000,127.253450000,38.041776991,127.253424568,38.041775000,127.254295000,38.041778993,127.254339166
158,158,825159735536,31.595,10.000000,38.041610000,127.253880000,810.000000,3210.805622,3776.587709,565.782087,17.621188,0.540203,4.867907,3.329893,3.757890,4.471775,4.106866,4.867907,38.041490000,127.253880000,38.041490000,127.253880000,38.041306000,127.254326000,38.041272951,127.254362360,38.041286000,127.253460000,38.041290256,127.253422405,38.041668000,127.253450000,38.041695164,127.253424552,38.041690000,127.254300000,38.041697888,127.254350013
159,159,825159735734,31.793,10.000000,38.041527000,127.253880000,810.000000,3232.006400,3763.215046,531.208646,16.435879,0.563109,4.549895,3.076287,3.712222,4.771208,4.027403,4.771208,38.041420000,127.253880000,38.041420000,127.253880000,38.041237000,127.254326000,38.041205665,127.254359320,38.041218000,127.253460000,38.041222180,127.253425315,38.041600000,127.253450000,38.041625499,127.253422712,38.041626000,127.254300000,38.041629158,127.254354274
160,160,825159735938,31.997,10.000000,38.041443000,127.253890000,810.000000,3225.002578,3748.434248,523.431670,16.230426,0.490824,6.260367,6.005594,6.459457,6.557394,6.320703,6.557394,38.041340000,127.253880000,38.041340000,127.253880000,38.041157000,127.254330000,38.041100790,127.254332254,38.041134000,127.253460000,38.041170834,127.253409949,38.041515000,127.253456000,38.041572071,127.253442684,38.041542000,127.254310000,38.041520599,127.254379684
161,161,825159736142,32.201,10.000000,38.041443000,127.253890000,810.000000,3225.002578,3748.434248,523.431670,16.230426,0.490824,6.260367,6.005594,6.459457,6.557394,6.320703,6.557394,38.041340000,127.253880000,38.041340000,127.253880000,38.041157000,127.254330000,38.041100790,127.254332254,38.041134000,127.253460000,38.041170834,127.253409949,38.041515000,127.253456000,38.041572071,127.253442684,38.041542000,127.254310000,38.041520599,127.254379684
162,162,825159736334,32.393,10.000000,38.041275000,127.253900000,810.000000,3273.954028,3735.524257,461.570229,14.098250,1.521165,4.031341,1.903116,3.133261,5.909411,3.744282,5.909411,38.041176000,127.253900000,38.041176000,127.253900000,38.040990000,127.254340000,38.040964165,127.254372222,38.040970000,127.253470000,38.040981065,127.253453453,38.041355000,127.253456000,38.041379860,127.253439242,38.041378000,127.254320000,38.041385760,127.254386680
163,163,825159736539,32.598,10.000000,38.041190000,127.253900000,810.000000,3293.076797,3690.300730,397.223933,12.062395,1.038390,3.667394,1.815343,3.097243,5.023096,3.400769,5.023096,38.041092000,127.253900000,38.041092000,127.253900000,38.040910000,127.254350000,38.040881003,127.254369856,38.040886000,127.253470000,38.040897938,127.253455895,38.041270000,127.253460000,38.041294318,127.253442834,38.041298000,127.254326000,38.041300263,127.254383222
164,164,825159736745,32.804,10.000000,38.041103000,127.253910000,810.000000,3324.780219,3661.066759,336.286540,10.114549,1.511293,3.283871,1.882891,2.466279,5.570616,3.300914,5.570616,38.040997000,127.253910000,38.040997000,127.253910000,38.040810000,127.254360000,38.040785119,127.254380124,38.040790000,127.253480000,38.040803495,127.253467053,38.041176000,127.253460000,38.041198009,127.253456772,38.041203000,127.254326000,38.041203523,127.254389536
165,165,825159736935,32.994,10.000000,38.041020000,127.253910000,811.000000,3340.467029,3661.975803,321.508773,9.624665,1.429685,3.279519,1.922660,2.376409,5.051435,3.157506,5.051435,38.040928000,127.253910000,38.040928000,127.253910000,38.040740000,127.254360000,38.040715729,127.254381202,38.040720000,127.253480000,38.040733321,127.253466042,38.041107000,127.253460000,38.041128328,127.253458845,38.041134000,127.254330000,38.041134681,127.254387611
166,166,825159737142,33.201,10.000000,38.040936000,127.253914000,811.000000,3328.994059,3648.872799,319.878740,9.608871,1.043806,3.501953,2.447464,2.530303,4.294577,3.193574,4.294577,38.040833000,127.253914000,38.040833000,127.253914000,38.040646000,127.254364000,38.040619639,127.254385798,38.040623000,127.253490000,38.040638016,127.253469609,38.041010000,127.253470000,38.041032485,127.253465772,38.041040000,127.254340000,38.041038233,127.254388933
167,167,825159737332,33.391,10.000000,38.040850000,127.253914000,811.000000,3366.094161,3644.031198,277.937037,8.256960,0.913113,3.079202,2.254366,2.141691,4.116767,2.898007,4.116767,38.040750000,127.253914000,38.040750000,127.253914000,38.040560000,127.254370000,38.040535981,127.254387419,38.040543000,127.253490000,38.040555057,127.253469340,38.040930000,127.253470000,38.040949189,127.253468240,38.040960000,127.254340000,38.040955151,127.254386551
168,168,825159737537,33.596,10.000000,38.040768000,127.253920000,811.000000,3362.584370,3645.156027,282.571657,8.403407,1.304839,3.600609,2.132734,2.399579,3.549886,2.920702,3.600609,38.040670000,127.253920000,38.040670000,127.253920000,38.040480000,127.254370000,38.040454826,127.254395787,38.040460000,127.253490000,38.040474940,127.253474771,38.040848000,127.253470000,38.040868919,127.253476603,38.040874000,127.254350000,38.040875080,127.254390467
169,169,825159737739,33.798,10.000000,38.040768000,127.253920000,811.000000,3362.584370,3645.156027,282.571657,8.403407,1.304839,3.600609,2.132734,2.399579,3.549886,2.920702,3.600609,38.040670000,127.253920000,38.040670000,127.253920000,38.040480000,127.254370000,38.040454826,127.254395787,38.040460000,127.253490000,38.040474940,127.253474771,38.040848000,127.253470000,38.040868919,127.253476603,38.040874000,127.254350000,38.040875080,127.254390467
170,170,825159737944,34.003,10.000000,38.040600000,127.253930000,811.000000,3420.681467,3667.235864,246.554397,7.207757,1.439724,3.849248,1.791668,1.828562,3.625043,2.773630,3.849248,38.040504000,127.253930000,38.040504000,127.253930000,38.040314000,127.254380000,38.040287807,127.254408663,38.040295000,127.253494000,38.040308867,127.253483627,38.040688000,127.253480000,38.040703646,127.253486350,38.040714000,127.254360000,38.040710046,127.254401042
171,171,825159738144,34.203,10.000000,38.040516000,127.253930000,811.000000,3435.890953,3656.524273,220.633320,6.421430,1.089642,3.461561,1.936558,1.871095,3.298051,2.641816,3.461561,38.040420000,127.253930000,38.040420000,127.253930000,38.040234000,127.254390000,38.040205714,127.254406400,38.040210000,127.253494000,38.040225509,127.253483993,38.040604000,127.253480000,38.040620140,127.253485960,38.040630000,127.254364000,38.040626547,127.254401361
172,172,825159738335,34.394,10.000000,38.040432000,127.253940000,811.000000,3455.877789,3645.350713,189.472924,5.482628,0.744297,6.213417,5.680128,4.922605,6.705114,5.880316,6.705114,38.040337000,127.253930000,38.040337000,127.253930000,38.040150000,127.254395000,38.040095683,127.254378684,38.040127000,127.253494000,38.040172996,127.253465953,38.040524000,127.253490000,38.040565984,127.253507629,38.040550000,127.254364000,38.040513095,127.254424442
173,173,825159738546,34.605,10.000000,38.040348000,127.253940000,811.000000,3455.881565,3650.583050,194.701485,5.633917,1.427755,2.736005,2.261299,1.986338,3.972603,2.739061,3.972603,38.040257000,127.253940000,38.040257000,127.253940000,38.040066000,127.254395000,38.040045618,127.254412439,38.040043000,127.253500000,38.040062841,127.253494470,38.040440000,127.253490000,38.040457438,127.253494805,38.040466000,127.254370000,38.040464835,127.254415288
174,174,825159738742,34.801,10.000000,38.040264000,127.253944000,811.000000,3459.023273,3661.840418,202.817145,5.863422,1.314622,3.095510,1.675531,1.940725,3.699134,2.602725,3.699134,38.040173000,127.253944000,38.040173000,127.253944000,38.039986000,127.254400000,38.039961286,127.254416184,38.039963000,127.253500000,38.039977953,127.253497813,38.040356000,127.253494000,38.040373115,127.253498213,38.040386000,127.254380000,38.040380926,127.254421698
175,175,825159738932,34.991,10.000000,38.040180000,127.253950000,812.000000,3462.023424,3678.733100,216.709676,6.259625,1.059295,4.589095,4.274509,3.883894,5.631558,4.594764,5.631558,38.040090000,127.253944000,38.040090000,127.253944000,38.039900000,127.254400000,38.039858790,127.254401382,38.039880000,127.253510000,38.039912458,127.253483951,38.040276000,127.253494000,38.040308382,127.253510492,38.040302000,127.254380000,38.040277937,127.254436502
176,176,825159739131,35.190,10.000000,38.040096000,127.253950000,812.000000,3506.141151,3678.850039,172.708888,4.925897,1.153111,2.518697,2.099147,2.333537,3.318014,2.567349,3.318014,38.040010000,127.253950000,38.040010000,127.253950000,38.039818000,127.254410000,38.039797627,127.254422496,38.039795000,127.253510000,38.039812484,127.253501033,38.040190000,127.253494000,38.040209626,127.253503353,38.040222000,127.254390000,38.040217450,127.254427402
177,177,825159739336,35.395,10.000000,38.040012000,127.253960000,812.000000,3496.424526,3679.340928,182.916402,5.231527,0.467076,6.849657,6.113683,5.623350,6.569247,6.288984,6.849657,38.039925000,127.253950000,38.039925000,127.253950000,38.039738000,127.254420000,38.039679186,127.254397039,38.039715000,127.253520000,38.039759657,127.253479410,38.040110000,127.253500000,38.040155579,127.253527654,38.040140000,127.254395000,38.040097049,127.254446384
178,178,825159739544,35.603,10.000000,38.039930000,127.253960000,812.000000,3519.949329,3707.341508,187.392179,5.323718,0.938605,2.762061,1.999108,2.189909,2.919854,2.467733,2.919854,38.039845000,127.253960000,38.039845000,127.253960000,38.039654000,127.254425000,38.039630609,127.254435509,38.039630000,127.253520000,38.039643492,127.253504952,38.040028000,127.253500000,38.040044296,127.253513992,38.040054000,127.254400000,38.040051244,127.254433119
179,179,825159739739,35.798,10.000000,38.039856000,127.253960000,812.000000,3542.302481,3729.243475,186.940995,5.277387,0.886566,2.867499,1.975826,2.066074,3.003007,2.478102,3.003007,38.039776000,127.253960000,38.039776000,127.253960000,38.039585000,127.254425000,38.039560967,127.254436771,38.039562000,127.253520000,38.039572447,127.253501781,38.039960000,127.253500000,38.039975295,127.253513349,38.039990000,127.254400000,38.039982285,127.254432821
180,180,825159739930,35.989,10.000000,38.039772000,127.253970000,812.000000,3524.690169,3764.049194,239.359025,6.790924,1.413942,3.447069,1.666596,1.711816,3.833319,2.664700,3.833319,38.039692000,127.253970000,38.039692000,127.253970000,38.039500000,127.254425000,38.039475717,127.254449397,38.039480000,127.253525000,38.039486329,127.253507773,38.039880000,127.253510000,38.039891915,127.253522342,38.039906000,127.254400000,38.039898626,127.254442708
181,181,825159740130,36.189,10.000000,38.039690000,127.253975000,812.000000,3544.994546,3804.862269,259.867723,7.330554,1.045590,5.089042,3.972287,3.979185,4.688373,4.432222,5.089042,38.039608000,127.253970000,38.039608000,127.253970000,38.039417000,127.254430000,38.039371836,127.254438993,38.039394000,127.253525000,38.039417741,127.253491176,38.039795000,127.253510000,38.039825208,127.253534265,38.039820000,127.254410000,38.039796764,127.254454601
182,182,825159740340,36.399,10.000000,38.039604000,127.253975000,812.000000,3511.717738,3860.804684,349.086946,9.940632,1.090358,4.542276,2.466139,1.754613,2.656482,2.854877,4.542276,38.039524000,127.253975000,38.039524000,127.253975000,38.039337000,127.254430000,38.039304322,127.254461027,38.039314000,127.253530000,38.039312325,127.253501952,38.039710000,127.253520000,38.039725412,127.253524192,38.039740000,127.254420000,38.039731469,127.254448297
183,183,825159740532,36.591,10.000000,38.039520000,127.253980000,812.000000,3558.861397,3906.472687,347.611289,9.767486,0.705604,5.496503,4.577441,4.122206,4.714448,4.727650,5.496503,38.039444000,127.253975000,38.039444000,127.253975000,38.039253000,127.254440000,38.039204080,127.254448502,38.039230000,127.253530000,38.039250567,127.253484790,38.039630000,127.253520000,38.039664946,127.253535554,38.039658000,127.254420000,38.039633279,127.254463661
184,184,825159740734,36.793,10.000000,38.039436000,127.253980000,812.000000,3560.109855,3959.343721,399.233866,11.214088,0.530647,3.866555,3.684879,1.996322,2.798920,3.086669,3.866555,38.039360000,127.253980000,38.039360000,127.253980000,38.039170000,127.254450000,38.039139346,127.254470737,38.039146000,127.253540000,38.039144631,127.253498007,38.039547000,127.253525000,38.039564807,127.253522298,38.039574000,127.254425000,38.039570108,127.254456539
185,185,825159740947,37.006,10.000000,38.039352000,127.253990000,812.000000,3560.113744,3992.567418,432.453674,12.147187,0.514727,8.010190,7.699009,6.770402,7.359010,7.459653,8.010190,38.039280000,127.253980000,38.039280000,127.253980000,38.039090000,127.254450000,38.039018582,127.254438837,38.039066000,127.253540000,38.039107238,127.253469503,38.039467000,127.253525000,38.039523960,127.253552070,38.039494000,127.254425000,38.039449773,127.254487385
186,186,825159741133,37.192,10.000000,38.039270000,127.253990000,812.000000,3567.745135,4062.769257,495.024122,13.874986,0.572027,4.206843,4.373704,2.424534,3.674328,3.669852,4.373704,38.039196000,127.253990000,38.039196000,127.253990000,38.039005000,127.254456000,38.038974671,127.254484626,38.038982000,127.253550000,38.038977681,127.253500416,38.039383000,127.253525000,38.039404749,127.253523521,38.039410000,127.254430000,38.039409202,127.254471897
187,187,825159741336,37.395,10.000000,38.039185000,127.254000000,812.000000,3574.932471,4106.638976,531.706505,14.873190,0.630311,7.852476,7.926023,7.006272,8.201344,7.746529,8.201344,38.039112000,127.253990000,38.039112000,127.253990000,38.038920000,127.254456000,38.038849489,127.254453426,38.038900000,127.253550000,38.038936219,127.253472168,38.039300000,127.253530000,38.039360444,127.253552273,38.039330000,127.254430000,38.039284985,127.254504052
188,188,825159741542,37.601,10.000000,38.039104000,127.254000000,812.000000,3579.644968,4140.975469,561.330501,15.681178,0.457352,9.016888,9.305882,8.127389,8.479065,8.732306,9.305882,38.039043000,127.253990000,38.039043000,127.253990000,38.038853000,127.254460000,38.038772566,127.254447863,38.038830000,127.253555000,38.038875655,127.253466086,38.039230000,127.253530000,38.039300234,127.253555318,38.039260000,127.254440000,38.039208495,127.254511249
189,189,825159741741,37.800,10.000000,38.039020000,127.254005000,812.000000,3581.552198,4192.625756,611.073558,17.061696,0.573832,7.051682,6.337114,5.326995,5.824890,6.135170,7.051682,38.038960000,127.254000000,38.038960000,127.254000000,38.038773000,127.254460000,38.038711805,127.254480782,38.038746000,127.253555000,38.038765954,127.253487306,38.039150000,127.253540000,38.039197853,127.253539824,38.039177000,127.254450000,38.039151703,127.254508158
190,190,825159741944,38.003,10.000000,38.038933000,127.254005000,812.000000,3570.893450,4243.403342,672.509892,18.833099,0.248059,7.202455,7.199219,6.286288,6.069136,6.689274,7.202455,38.038880000,127.254000000,38.038880000,127.254000000,38.038690000,127.254470000,38.038626065,127.254482600,38.038666000,127.253560000,38.038688826,127.253483172,38.039066000,127.253540000,38.039122466,127.253539049,38.039093000,127.254450000,38.039069047,127.254512185
191,191,825159742135,38.194,10.000000,38.038853000,127.254010000,812.000000,3581.340670,4312.664194,731.323524,20.420384,0.456458,7.514370,6.885316,6.214616,6.572030,6.796583,7.514370,38.038795000,127.254005000,38.038795000,127.254005000,38.038605000,127.254470000,38.038540387,127.254494807,38.038580000,127.253560000,38.038599438,127.253485446,38.038982000,127.253550000,38.039037062,127.253538305,38.039013000,127.254450000,38.038987438,127.254517569
192,192,825159742338,38.397,10.000000,38.038770000,127.254010000,813.000000,3609.755883,4395.160074,785.404191,21.757820,0.772397,7.969663,7.088130,5.911523,6.276200,6.811379,7.969663,38.038710000,127.254005000,38.038710000,127.254005000,38.038520000,127.254470000,38.038452835,127.254501473,38.038498000,127.253560000,38.038511462,127.253480982,38.038902000,127.253550000,38.038953423,127.253533169,38.038930000,127.254456000,38.038904528,127.254519863
193,193,825159742542,38.601,10.000000,38.038685000,127.254020000,813.000000,3577.859671,4445.724633,867.864962,24.256540,0.854449,11.027246,10.125368,8.761016,9.337152,9.812695,11.027246,38.038628000,127.254010000,38.038628000,127.254010000,38.038440000,127.254480000,38.038341050,127.254485919,38.038418000,127.253570000,38.038459110,127.253466981,38.038820000,127.253555000,38.038898602,127.253560024,38.038845000,127.254460000,38.038794098,127.254544645
194,194,825159742733,38.792,10.000000,38.038600000,127.254020000,813.000000,3554.395859,4496.195342,941.799483,26.496753,0.415469,6.890668,6.756170,4.757040,5.439513,5.960847,6.890668,38.038548000,127.254020000,38.038548000,127.254020000,38.038357000,127.254486000,38.038314627,127.254543293,38.038334000,127.253580000,38.038319281,127.253505241,38.038734000,127.253555000,38.038769008,127.253523884,38.038760000,127.254460000,38.038770530,127.254520584
195,195,825159742943,39.002,10.000000,38.038517000,127.254030000,813.000000,3580.478464,4554.513462,974.034998,27.204046,0.460919,11.541701,11.172885,10.174599,10.064754,10.738485,11.541701,38.038464000,127.254020000,38.038464000,127.254020000,38.038273000,127.254486000,38.038169788,127.254498506,38.038250000,127.253580000,38.038297673,127.253467858,38.038650000,127.253560000,38.038741094,127.253569481,38.038680000,127.254470000,38.038628171,127.254564062
196,196,825159743142,39.201,10.000000,38.038433000,127.254030000,813.000000,3559.460147,4629.396976,1069.936829,30.058964,0.646203,7.883019,7.072342,5.243324,6.291000,6.622421,7.883019,38.038370000,127.254030000,38.038370000,127.254030000,38.038177000,127.254490000,38.038133256,127.254560706,38.038155000,127.253586000,38.038138275,127.253508180,38.038555000,127.253560000,38.038594451,127.253527327,38.038580000,127.254470000,38.038596378,127.254538674
197,197,825159743345,39.404,10.000000,38.038350000,127.254036000,813.000000,3563.553747,4700.127498,1136.573751,31.894391,0.474994,9.816083,9.175157,7.824433,7.687691,8.625841,9.816083,38.038284000,127.254030000,38.038284000,127.254030000,38.038094000,127.254490000,38.038015829,127.254541808,38.038070000,127.253590000,38.038081605,127.253486393,38.038470000,127.253570000,38.038537750,127.253546235,38.038500000,127.254480000,38.038483507,127.254565146
198,198,825159743534,39.593,10.000000,38.038265000,127.254036000,813.000000,3558.921852,4767.965730,1209.043879,33.972195,1.017943,9.387080,7.755375,5.730540,6.674263,7.386815,9.387080,38.038200000,127.254036000,38.038200000,127.254036000,38.038013000,127.254490000,38.037960249,127.254573531,38.037990000,127.253590000,38.037965261,127.253507309,38.038390000,127.253570000,38.038427820,127.253525658,38.038418000,127.254480000,38.038430415,127.254554475
199,199,825159743760,39.819,10.000000,38.038180000,127.254040000,813.000000,3554.436151,4818.630162,1264.194010,35.566654,0.480487,9.644678,8.753347,7.847033,8.205583,8.612660,9.644678,38.038120000,127.254036000,38.038120000,127.254036000,38.037930000,127.254500000,38.037857160,127.254559564,38.037907000,127.253590000,38.037906660,127.253490163,38.038307000,127.253580000,38.038369700,127.253539099,38.038334000,127.254480000,38.038330184,127.254573465
200,200,825159743968,40.027,10.000000,38.038097000,127.254040000,813.000000,3529.786506,4865.222747,1335.436241,37.833343,0.727874,9.453755,8.797605,6.920194,7.125415,8.074242,9.453755,38.038036000,127.254040000,38.038036000,127.254040000,38.037850000,127.254500000,38.037794627,127.254581753,38.037827000,127.253600000,38.037799037,127.253506148,38.038223000,127.253580000,38.038266359,127.253523439,38.038254000,127.254486000,38.038269116,127.254564972
201,201,825159744133,40.192,10.000000,38.038013000,127.254050000,813.000000,3531.498554,4905.704326,1374.205773,38.912823,0.792005,12.364288,12.526716,10.602436,10.930041,11.605870,12.526716,38.037952000,127.254040000,38.037952000,127.254040000,38.037766000,127.254510000,38.037657358,127.254539325,38.037743000,127.253610000,38.037770910,127.253471589,38.038140000,127.253586000,38.038233589,127.253563556,38.038170000,127.254490000,38.038131883,127.254604887
202,202,825159744340,40.399,10.000000,38.037930000,127.254050000,813.000000,3512.431357,4948.493500,1436.062143,40.885130,0.384123,9.286533,9.969152,7.436603,8.382623,8.768728,9.969152,38.037872000,127.254050000,38.037872000,127.254050000,38.037680000,127.254510000,38.037629698,127.254594498,38.037663000,127.253620000,38.037633609,127.253512593,38.038060000,127.253590000,38.038104878,127.253527170,38.038086000,127.254490000,38.038107785,127.254581521
203,203,825159744539,40.598,10.000000,38.037850000,127.254060000,813.000000,3507.311281,4992.135730,1484.824449,42.335120,0.259562,12.250048,12.909950,11.328462,12.107820,12.149070,12.909950,38.037790000,127.254050000,38.037790000,127.254050000,38.037600000,127.254520000,38.037492803,127.254551576,38.037580000,127.253620000,38.037608678,127.253477327,38.037975000,127.253590000,38.038075370,127.253568677,38.038002000,127.254490000,38.037970823,127.254622303
204,204,825159744745,40.804,10.000000,38.037766000,127.254060000,813.000000,3498.345932,5038.892694,1540.546761,44.036433,0.545780,10.057426,9.815308,8.201017,8.958415,9.258042,10.057426,38.037704000,127.254060000,38.037704000,127.254060000,38.037518000,127.254520000,38.037460026,127.254607980,38.037495000,127.253624000,38.037464026,127.253519185,38.037890000,127.253600000,38.037939434,127.253530646,38.037920000,127.254500000,38.037942321,127.254598167
205,205,825159744964,41.023,10.000000,38.037680000,127.254070000,813.000000,3501.902408,5071.192044,1569.289636,44.812489,0.482189,13.292549,12.927314,11.962724,12.859871,12.760614,13.292549,38.037624000,127.254060000,38.037624000,127.254060000,38.037437000,127.254524000,38.037321261,127.254561298,38.037415000,127.253624000,38.037445775,127.253481827,38.037810000,127.253600000,38.037915827,127.253576280,38.037838000,127.254500000,38.037802041,127.254639388
206,206,825159745130,41.189,10.000000,38.037610000,127.254070000,813.000000,3501.593625,5104.912242,1603.318617,45.788255,0.974482,10.857798,10.008988,8.330761,9.204042,9.600397,10.857798,38.037550000,127.254070000,38.037550000,127.254070000,38.037365000,127.254524000,38.037304596,127.254621235,38.037346000,127.253630000,38.037308682,127.253526139,38.037740000,127.253610000,38.037787189,127.253536253,38.037770000,127.254510000,38.037789893,127.254611894
207,207,825159745336,41.395,10.000000,38.037525000,127.254074000,813.000000,3497.302403,5124.810510,1627.508108,46.536099,0.631819,11.994083,11.028240,10.075895,10.997010,11.023807,11.994083,38.037483000,127.254070000,38.037483000,127.254070000,38.037296000,127.254524000,38.037205350,127.254597942,38.037273000,127.253630000,38.037274382,127.253504228,38.037670000,127.253610000,38.037751258,127.253559376,38.037697000,127.254510000,38.037691065,127.254635201
208,208,825159745547,41.606,10.000000,38.037440000,127.254074000,813.000000,3454.088776,5156.091807,1702.003031,49.275023,0.483403,11.073886,10.639665,9.322365,9.168905,10.051205,11.073886,38.037400000,127.254074000,38.037400000,127.254074000,38.037216000,127.254530000,38.037153611,127.254628377,38.037193000,127.253640000,38.037157572,127.253527293,38.037586000,127.253620000,38.037638376,127.253537035,38.037613000,127.254520000,38.037641089,127.254618308
209,209,825159745744,41.803,10.000000,38.037357000,127.254080000,813.000000,3441.101882,5182.760003,1741.658121,50.613384,0.310823,13.450833,14.081198,12.701593,12.304298,13.134481,14.081198,38.037320000,127.254074000,38.037320000,127.254074000,38.037132000,127.254530000,38.037019446,127.254585804,38.037110000,127.253650000,38.037134057,127.253492327,38.037502000,127.253624000,38.037610465,127.253579033,38.037533000,127.254520000,38.037505806,127.254656024
210,210,825159745935,41.994,10.000000,38.037277000,127.254080000,813.000000,3464.090892,5220.354684,1756.263792,50.699126,0.607987,11.026684,11.452319,9.441035,9.577689,10.374432,11.452319,38.037235000,127.254080000,38.037235000,127.254080000,38.037050000,127.254540000,38.036987291,127.254637354,38.037030000,127.253650000,38.036990733,127.253529269,38.037422000,127.253624000,38.037474850,127.253539784,38.037450000,127.254524000,38.037477518,127.254627501
211,211,825159746155,42.214,10.000000,38.037193000,127.254090000,813.000000,3436.044376,5246.313820,1810.269444,52.684693,0.889381,16.216256,15.792836,13.887938,14.767817,15.166212,16.216256,38.037150000,127.254080000,38.037150000,127.254080000,38.036970000,127.254540000,38.036826605,127.254572585,38.036945000,127.253654000,38.036987970,127.253482335,38.037340000,127.253630000,38.037462950,127.253603138,38.037365000,127.254524000,38.037311854,127.254678328
212,212,825159746332,42.391,10.000000,38.037193000,127.254090000,813.000000,3436.044376,5246.313820,1810.269444,52.684693,0.889381,16.216256,15.792836,13.887938,14.767817,15.166212,16.216256,38.037150000,127.254080000,38.037150000,127.254080000,38.036970000,127.254540000,38.036826605,127.254572585,38.036945000,127.253654000,38.036987970,127.253482335,38.037340000,127.253630000,38.037462950,127.253603138,38.037365000,127.254524000,38.037311854,127.254678328
213,213,825159746536,42.595,10.000000,38.037110000,127.254090000,813.000000,3413.843870,5287.531538,1873.687669,54.884984,0.633288,11.901027,11.466752,9.702910,10.926866,10.999389,11.901027,38.037070000,127.254090000,38.037070000,127.254090000,38.036884000,127.254540000,38.036821258,127.254649904,38.036865000,127.253654000,38.036823443,127.253534331,38.037254000,127.253630000,38.037311259,127.253546562,38.037280000,127.254524000,38.037314023,127.254640901
214,214,825159746742,42.801,10.000000,38.037110000,127.254090000,813.000000,3413.843870,5287.531538,1873.687669,54.884984,0.633288,11.901027,11.466752,9.702910,10.926866,10.999389,11.901027,38.037070000,127.254090000,38.037070000,127.254090000,38.036884000,127.254540000,38.036821258,127.254649904,38.036865000,127.253654000,38.036823443,127.253534331,38.037254000,127.253630000,38.037311259,127.253546562,38.037280000,127.254524000,38.037314023,127.254640901
215,215,825159746945,43.004,10.000000,38.037110000,127.254090000,813.000000,3413.843870,5287.531538,1873.687669,54.884984,0.633288,11.901027,11.466752,9.702910,10.926866,10.999389,11.901027,38.037070000,127.254090000,38.037070000,127.254090000,38.036884000,127.254540000,38.036821258,127.254649904,38.036865000,127.253654000,38.036823443,127.253534331,38.037254000,127.253630000,38.037311259,127.253546562,38.037280000,127.254524000,38.037314023,127.254640901
216,216,825159747144,43.203,10.000000,38.037025000,127.254100000,813.000000,3419.069406,5317.570482,1898.501077,55.526836,0.494187,16.982680,16.702142,15.720677,16.162697,16.392049,16.982680,38.036987000,127.254090000,38.036987000,127.254090000,38.036804000,127.254550000,38.036652801,127.254575800,38.036780000,127.253660000,38.036834560,127.253482545,38.037170000,127.253640000,38.037310326,127.253619843,38.037200000,127.254530000,38.037138924,127.254697241
217,217,825159747335,43.394,10.000000,38.036860000,127.254105000,813.000000,3363.151420,5392.238776,2029.087356,60.332917,0.505674,14.398527,14.233670,12.808412,13.853559,13.823542,14.398527,38.036823000,127.254100000,38.036823000,127.254100000,38.036640000,127.254550000,38.036526263,127.254628204,38.036617000,127.253670000,38.036621851,127.253507775,38.037006000,127.253650000,38.037110295,127.253588304,38.037033000,127.254530000,38.037021912,127.254687379
218,218,825159747533,43.592,10.000000,38.036777000,127.254105000,813.000000,3351.994491,5435.282257,2083.287766,62.150692,0.466038,12.693519,13.476054,11.152996,11.494860,12.204357,13.476054,38.036740000,127.254105000,38.036740000,127.254105000,38.036556000,127.254555000,38.036488359,127.254671553,38.036537000,127.253680000,38.036488679,127.253539074,38.036922000,127.253654000,38.036984339,127.253554417,38.036950000,127.254540000,38.036986920,127.254662438
219,219,825159747740,43.799,10.000000,38.036777000,127.254105000,813.000000,3351.994491,5435.282257,2083.287766,62.150692,0.466038,12.693519,13.476054,11.152996,11.494860,12.204357,13.476054,38.036740000,127.254105000,38.036740000,127.254105000,38.036556000,127.254555000,38.036488359,127.254671553,38.036537000,127.253680000,38.036488679,127.253539074,38.036922000,127.253654000,38.036984339,127.253554417,38.036950000,127.254540000,38.036986920,127.254662438
220,220,825159747931,43.990,10.000000,38.036777000,127.254105000,813.000000,3351.994491,5435.282257,2083.287766,62.150692,0.466038,12.693519,13.476054,11.152996,11.494860,12.204357,13.476054,38.036740000,127.254105000,38.036740000,127.254105000,38.036556000,127.254555000,38.036488359,127.254671553,38.036537000,127.253680000,38.036488679,127.253539074,38.036922000,127.253654000,38.036984339,127.253554417,38.036950000,127.254540000,38.036986920,127.254662438
221,221,825159748141,44.200,10.000000,38.036610000,127.254110000,813.000000,3352.914619,5516.874046,2163.959427,64.539652,0.653411,13.442927,14.142091,11.487049,11.336880,12.602237,14.142091,38.036575000,127.254110000,38.036575000,127.254110000,38.036392000,127.254555000,38.036321958,127.254679898,38.036373000,127.253685000,38.036320854,127.253537917,38.036760000,127.253660000,38.036821371,127.253554675,38.036785000,127.254550000,38.036823115,127.254669905
222,222,825159748332,44.391,10.000000,38.036360000,127.254130000,813.000000,3282.506708,5619.756654,2337.249945,71.203204,0.916012,17.099411,17.821942,15.895235,15.928551,16.686285,17.821942,38.036312000,127.254120000,38.036312000,127.254120000,38.036133000,127.254570000,38.035987743,127.254633425,38.036114000,127.253700000,38.036132600,127.253498109,38.036495000,127.253680000,38.036629164,127.253617945,38.036522000,127.254555000,38.036487638,127.254731356
223,223,825159748534,44.593,10.000000,38.036278000,127.254130000,813.000000,3246.641465,5655.884554,2409.243089,74.207242,0.288314,14.290263,15.232689,13.326612,13.407743,14.064327,15.232689,38.036232000,127.254130000,38.036232000,127.254130000,38.036050000,127.254570000,38.035977187,127.254704232,38.036030000,127.253710000,38.035974726,127.253551069,38.036410000,127.253685000,38.036482859,127.253564396,38.036438000,127.254555000,38.036483261,127.254696713
224,224,825159748735,44.794,10.000000,38.036198000,127.254135000,813.000000,3215.851641,5689.929583,2474.077942,76.933833,0.580208,15.716520,16.329435,14.794912,14.320385,15.290313,16.329435,38.036148000,127.254130000,38.036148000,127.254130000,38.035970000,127.254570000,38.035857645,127.254678546,38.035950000,127.253710000,38.035926894,127.253526081,38.036327000,127.253690000,38.036433871,127.253589687,38.036354000,127.254560000,38.036364381,127.254722797
225,225,825159748940,44.999,10.000000,38.036114000,127.254135000,813.000000,3263.084991,5728.411898,2465.326906,75.552029,0.379454,14.095272,15.662905,13.828149,13.732707,14.329759,15.662905,38.036068000,127.254135000,38.036068000,127.254135000,38.035885000,127.254580000,38.035812225,127.254711557,38.035866000,127.253716000,38.035809159,127.253552585,38.036247000,127.253690000,38.036321233,127.253563544,38.036274000,127.254560000,38.036320695,127.254704973
226,226,825159749132,45.191,10.000000,38.036030000,127.254140000,813.000000,3202.536089,5759.770293,2557.234205,79.850285,0.733357,15.755007,17.199534,15.703288,15.141314,15.949786,17.199534,38.035984000,127.254135000,38.035984000,127.254135000,38.035805000,127.254580000,38.035689385,127.254683643,38.035786000,127.253720000,38.035764925,127.253525666,38.036163000,127.253700000,38.036275410,127.253591794,38.036190000,127.254560000,38.036198215,127.254732377
227,227,825159749347,45.406,10.000000,38.035950000,127.254140000,813.000000,3246.802409,5787.316852,2540.514443,78.246660,0.539430,14.297472,15.793366,14.775338,13.727373,14.648388,15.793366,38.035904000,127.254140000,38.035904000,127.254140000,38.035720000,127.254585000,38.035647111,127.254719265,38.035700000,127.253720000,38.035643882,127.253554561,38.036080000,127.253700000,38.036158979,127.253564563,38.036106000,127.254570000,38.036157768,127.254712102
228,228,825159749537,45.596,10.000000,38.035866000,127.254150000,813.000000,3209.424258,5814.814346,2605.390088,81.179360,0.971104,18.146329,19.685530,17.963855,17.068871,18.216146,19.685530,38.035820000,127.254140000,38.035820000,127.254140000,38.035640000,127.254585000,38.035487747,127.254658941,38.035620000,127.253730000,38.035641565,127.253507155,38.036000000,127.253710000,38.036147818,127.253627807,38.036026000,127.254570000,38.035994741,127.254760588
229,229,825159749741,45.800,10.000000,38.035780000,127.254150000,813.000000,3190.717459,5838.021826,2647.304367,82.968937,0.903991,15.281774,17.102887,15.291307,13.732862,15.352207,17.102887,38.035736000,127.254150000,38.035736000,127.254150000,38.035557000,127.254590000,38.035477830,127.254732389,38.035538000,127.253740000,38.035474973,127.253562105,38.035915000,127.253716000,38.035992307,127.253571839,38.035942000,127.254580000,38.035990737,127.254723887
230,230,825159749939,45.998,10.000000,38.035618000,127.254160000,813.000000,3168.285643,5918.874759,2750.589116,86.816324,0.482723,16.572534,17.225369,15.272276,14.767426,15.959401,17.225369,38.035572000,127.254160000,38.035572000,127.254160000,38.035393000,127.254590000,38.035311304,127.254748013,38.035374000,127.253746000,38.035309058,127.253567679,38.035750000,127.253720000,38.035829959,127.253578457,38.035778000,127.254580000,38.035827950,127.254736032
231,231,825159750132,46.191,10.000000,38.035618000,127.254160000,813.000000,3168.285643,5918.874759,2750.589116,86.816324,0.482723,16.572534,17.225369,15.272276,14.767426,15.959401,17.225369,38.035572000,127.254160000,38.035572000,127.254160000,38.035393000,127.254590000,38.035311304,127.254748013,38.035374000,127.253746000,38.035309058,127.253567679,38.035750000,127.253720000,38.035829959,127.253578457,38.035778000,127.254580000,38.035827950,127.254736032
232,232,825159750335,46.394,10.000000,38.035534000,127.254166000,813.000000,3147.733861,5959.271069,2811.537209,89.319407,0.662561,17.888783,18.692530,17.754973,16.281371,17.654414,18.692530,38.035492000,127.254160000,38.035492000,127.254160000,38.035313000,127.254600000,38.035178523,127.254711696,38.035294000,127.253746000,38.035282777,127.253533283,38.035667000,127.253730000,38.035799984,127.253618199,38.035694000,127.254585000,38.035696251,127.254770672
233,233,825159750538,46.597,10.000000,38.035385000,127.254170000,813.000000,3108.059712,6015.596033,2907.536321,93.548277,0.573130,17.741638,18.784587,17.524968,16.261847,17.578260,18.784587,38.035340000,127.254166000,38.035340000,127.254166000,38.035160000,127.254600000,38.035043165,127.254737627,38.035140000,127.253760000,38.035109606,127.253549261,38.035515000,127.253740000,38.035631299,127.253605284,38.035540000,127.254585000,38.035565372,127.254767652
234,234,825159750736,46.795,10.000000,38.035300000,127.254170000,813.000000,3115.993609,6031.182628,2915.189019,93.555680,0.948398,17.824023,18.694018,17.648534,15.886567,17.513285,18.694018,38.035255000,127.254166000,38.035255000,127.254166000,38.035080000,127.254610000,38.034956883,127.254739970,38.035060000,127.253760000,38.035025628,127.253551304,38.035430000,127.253740000,38.035546944,127.253604091,38.035460000,127.254590000,38.035480963,127.254769225
235,235,825159750938,46.997,10.000000,38.035217000,127.254180000,813.000000,3094.777975,6061.789321,2967.011346,95.871541,0.732751,20.551085,21.454838,20.185576,19.362103,20.388401,21.454838,38.035175000,127.254170000,38.035175000,127.254170000,38.034996000,127.254610000,38.034825170,127.254698868,38.034980000,127.253770000,38.035003458,127.253527121,38.035350000,127.253746000,38.035516288,127.253654191,38.035378000,127.254590000,38.035345743,127.254806999
236,236,825159751132,47.191,10.000000,38.035137000,127.254180000,813.000000,3099.564152,6069.102392,2969.538240,95.805026,0.566651,17.793071,17.508169,16.979086,15.866508,17.036709,17.793071,38.035090000,127.254180000,38.035090000,127.254180000,38.034916000,127.254616000,38.034823259,127.254781282,38.034897000,127.253770000,38.034829088,127.253589890,38.035267000,127.253750000,38.035352160,127.253589344,38.035294000,127.254600000,38.035350512,127.254766130
237,237,825159751333,47.392,10.000000,38.035053000,127.254190000,813.000000,3094.218845,6101.868966,3007.650121,97.202243,0.450599,20.892930,20.999494,20.004009,19.757419,20.413463,20.999494,38.035010000,127.254180000,38.035010000,127.254180000,38.034832000,127.254616000,38.034660564,127.254712985,38.034817000,127.253780000,38.034837891,127.253541969,38.035187000,127.253750000,38.035351791,127.253659013,38.035213000,127.254600000,38.035184450,127.254822403
238,238,825159751530,47.589,10.000000,38.035053000,127.254190000,813.000000,3094.218845,6101.868966,3007.650121,97.202243,0.450599,20.892930,20.999494,20.004009,19.757419,20.413463,20.999494,38.035010000,127.254180000,38.035010000,127.254180000,38.034832000,127.254616000,38.034660564,127.254712985,38.034817000,127.253780000,38.034837891,127.253541969,38.035187000,127.253750000,38.035351791,127.253659013,38.035213000,127.254600000,38.035184450,127.254822403
239,239,825159751735,47.794,10.000000,38.034973000,127.254190000,813.000000,3089.156704,6117.309625,3028.152921,98.025229,0.223302,18.252205,17.519791,17.510841,16.481766,17.441151,18.252205,38.034927000,127.254190000,38.034927000,127.254190000,38.034750000,127.254620000,38.034659408,127.254793510,38.034733000,127.253784000,38.034667599,127.253602253,38.035103000,127.253760000,38.035191180,127.253594615,38.035130000,127.254610000,38.035189905,127.254781905
240,240,825159751938,47.997,10.000000,38.034890000,127.254196000,813.000000,3049.161917,6135.403195,3086.241278,101.216051,0.100329,19.544825,18.644302,19.687807,18.345307,19.055560,19.687807,38.034847000,127.254190000,38.034847000,127.254190000,38.034668000,127.254620000,38.034528027,127.254754566,38.034653000,127.253784000,38.034640602,127.253571941,38.035020000,127.253770000,38.035161037,127.253634516,38.035046000,127.254610000,38.035058470,127.254818632
241,241,825159752143,48.202,10.000000,38.034805000,127.254196000,813.000000,3051.302946,6119.251859,3067.948913,100.545536,0.497624,19.047913,17.114074,17.577243,17.411737,17.787742,19.047913,38.034763000,127.254196000,38.034763000,127.254196000,38.034588000,127.254620000,38.034494380,127.254801844,38.034570000,127.253790000,38.034505885,127.253612595,38.034940000,127.253770000,38.035026632,127.253602395,38.034966000,127.254610000,38.035027705,127.254792478
242,242,825159752345,48.404,10.000000,38.034725000,127.254200000,813.000000,3053.434053,6127.542010,3074.107958,100.677071,0.296988,18.932937,17.505247,19.278512,18.176918,18.473403,19.278512,38.034683000,127.254196000,38.034683000,127.254196000,38.034504000,127.254630000,38.034378689,127.254775998,38.034485000,127.253790000,38.034462191,127.253592461,38.034855000,127.253780000,38.034980945,127.253629082,38.034880000,127.254616000,38.034912836,127.254819076
243,243,825159752537,48.596,10.000000,38.034640000,127.254200000,813.000000,3016.396631,6110.080199,3093.683568,102.562227,0.299346,18.716788,17.048365,18.214429,17.752052,17.932909,18.716788,38.034600000,127.254200000,38.034600000,127.254200000,38.034424000,127.254630000,38.034330611,127.254807511,38.034405000,127.253800000,38.034345144,127.253621026,38.034770000,127.253780000,38.034862745,127.253608856,38.034800000,127.254616000,38.034866163,127.254800217
244,244,825159752741,48.800,10.000000,38.034560000,127.254210000,813.000000,3063.260074,6113.156937,3049.896863,99.563759,0.173243,21.070012,19.759660,20.828915,20.446582,20.526292,21.070012,38.034515000,127.254200000,38.034515000,127.254200000,38.034340000,127.254640000,38.034167480,127.254738851,38.034320000,127.253800000,38.034343682,127.253576653,38.034690000,127.253784000,38.034855404,127.253672943,38.034718000,127.254620000,38.034696076,127.254851529
245,245,825159752940,48.999,10.000000,38.034477000,127.254210000,813.000000,3054.088082,6106.226086,3052.138004,99.936149,0.631615,18.664387,16.979450,17.245502,18.294799,17.796035,18.664387,38.034447000,127.254210000,38.034447000,127.254210000,38.034270000,127.254640000,38.034177558,127.254817592,38.034252000,127.253810000,38.034192096,127.253631907,38.034622000,127.253784000,38.034708644,127.253620951,38.034650000,127.254620000,38.034713843,127.254812268
246,246,825159753136,49.195,10.000000,38.034313000,127.254220000,813.000000,3050.273690,6100.650380,3050.376689,100.003377,0.678261,18.446229,16.660384,17.213875,18.569778,17.722567,18.569778,38.034283000,127.254220000,38.034283000,127.254220000,38.034107000,127.254654000,38.034013485,127.254827678,38.034090000,127.253815000,38.034028110,127.253641994,38.034460000,127.253800000,38.034543211,127.253634522,38.034485000,127.254630000,38.034550748,127.254824646
247,247,825159753344,49.403,10.000000,38.034233000,127.254230000,813.000000,3029.819022,6117.105546,3087.286524,101.896731,0.677344,23.135302,21.635092,23.179018,24.049763,22.999794,24.049763,38.034203000,127.254220000,38.034203000,127.254220000,38.034023000,127.254654000,38.033821722,127.254719722,38.034008000,127.253815000,38.034073027,127.253582471,38.034374000,127.253800000,38.034575322,127.253732517,38.034400000,127.254630000,38.034341502,127.254894044
248,248,825159753541,49.600,10.000000,38.034150000,127.254230000,813.000000,3046.557386,6097.144171,3050.586786,100.132261,1.349470,19.013899,16.325246,16.281103,18.966145,17.646598,19.013899,38.034107000,127.254230000,38.034107000,127.254230000,38.033928000,127.254654000,38.033837321,127.254837771,38.033913000,127.253820000,38.033851968,127.253650699,38.034280000,127.253800000,38.034365706,127.253649536,38.034306000,127.254640000,38.034375708,127.254837377
249,249,825159753731,49.790,10.000000,38.034150000,127.254230000,813.000000,3046.557386,6097.144171,3050.586786,100.132261,1.349470,19.013899,16.325246,16.281103,18.966145,17.646598,19.013899,38.034107000,127.254230000,38.034107000,127.254230000,38.033928000,127.254654000,38.033837321,127.254837771,38.033913000,127.253820000,38.033851968,127.253650699,38.034280000,127.253800000,38.034365706,127.253649536,38.034306000,127.254640000,38.034375708,127.254837377
250,250,825159753956,50.015,10.000000,38.034065000,127.254234000,813.000000,3047.477661,6097.336438,3049.858777,100.078134,1.023043,19.875382,17.865922,19.069888,20.706979,19.379543,20.706979,38.034040000,127.254230000,38.034040000,127.254230000,38.033860000,127.254660000,38.033713328,127.254789258,38.033840000,127.253820000,38.033843917,127.253616298,38.034210000,127.253810000,38.034354351,127.253692885,38.034237000,127.254640000,38.034247070,127.254875818
251,251,825159754130,50.189,10.000000,38.033985000,127.254234000,813.000000,3062.464111,6079.817076,3017.352965,98.526966,0.807253,18.092855,16.461649,16.637393,18.591135,17.445758,18.591135,38.033943000,127.254234000,38.033943000,127.254234000,38.033764000,127.254670000,38.033673441,127.254841352,38.033745000,127.253830000,38.033688700,127.253656393,38.034115000,127.253810000,38.034201072,127.253654876,38.034140000,127.254650000,38.034211666,127.254841518
252,252,825159754336,50.395,10.000000,38.033905000,127.254240000,813.000000,3031.228968,6072.972429,3041.743461,100.346872,0.562439,19.524190,17.752821,18.563315,19.427790,18.817029,19.524190,38.033860000,127.254234000,38.033860000,127.254234000,38.033684000,127.254670000,38.033542410,127.254801413,38.033665000,127.253830000,38.033655509,127.253627887,38.034030000,127.253815000,38.034165053,127.253690809,38.034058000,127.254654000,38.034077234,127.254874225
253,253,825159754542,50.601,10.000000,38.033820000,127.254240000,813.000000,3070.523382,6065.366480,2994.843098,97.535264,0.806159,17.690608,16.524392,16.641701,18.710839,17.391885,18.710839,38.033780000,127.254240000,38.033780000,127.254240000,38.033600000,127.254680000,38.033510647,127.254846849,38.033580000,127.253840000,38.033526482,127.253664213,38.033950000,127.253815000,38.034037757,127.253661344,38.033978000,127.254654000,38.034048659,127.254847626
254,254,825159754732,50.791,10.000000,38.033657000,127.254250000,813.000000,3074.405247,6066.030765,2991.625517,97.307455,1.237374,18.124746,15.773623,16.262458,19.032314,17.298285,19.032314,38.033615000,127.254250000,38.033615000,127.254250000,38.033436000,127.254684000,38.033345939,127.254856210,38.033417000,127.253840000,38.033361644,127.253674397,38.033787000,127.253820000,38.033873216,127.253670271,38.033813000,127.254660000,38.033883638,127.254857671
255,255,825159754946,51.005,10.000000,38.033577000,127.254260000,813.000000,3075.243345,6064.966052,2989.722706,97.219061,1.394185,18.684892,15.620591,15.958185,18.802013,17.266420,18.802013,38.033530000,127.254260000,38.033530000,127.254260000,38.033356000,127.254690000,38.033261085,127.254865758,38.033337000,127.253845000,38.033276681,127.253684147,38.033707000,127.253830000,38.033788383,127.253680169,38.033733000,127.254670000,38.033798523,127.254867644
256,256,825159755137,51.196,10.000000,38.033493000,127.254260000,813.000000,3087.496252,6056.753102,2969.256850,96.170379,1.388511,18.238726,15.477220,16.098202,18.913846,17.181999,18.913846,38.033450000,127.254260000,38.033450000,127.254260000,38.033270000,127.254690000,38.033181435,127.254865003,38.033253000,127.253845000,38.033196286,127.253683836,38.033623000,127.253830000,38.033707775,127.253681256,38.033650000,127.254670000,38.033718426,127.254867446
257,257,825159755343,51.402,10.000000,38.033493000,127.254260000,813.000000,3087.496252,6056.753102,2969.256850,96.170379,1.388511,18.238726,15.477220,16.098202,18.913846,17.181999,18.913846,38.033450000,127.254260000,38.033450000,127.254260000,38.033270000,127.254690000,38.033181435,127.254865003,38.033253000,127.253845000,38.033196286,127.253683836,38.033623000,127.253830000,38.033707775,127.253681256,38.033650000,127.254670000,38.033718426,127.254867446
258,258,825159755531,51.590,10.000000,38.033413000,127.254265000,813.000000,3059.950436,6045.340997,2985.390560,97.563363,1.143454,18.971107,16.355967,17.793407,19.904144,18.256156,19.904144,38.033367000,127.254260000,38.033367000,127.254260000,38.033188000,127.254690000,38.033059561,127.254832209,38.033170000,127.253845000,38.033153456,127.253659647,38.033540000,127.253840000,38.033663076,127.253710517,38.033566000,127.254670000,38.033593494,127.254894306
259,259,825159755737,51.796,10.000000,38.033330000,127.254265000,813.000000,3083.672080,6043.311457,2959.639376,95.977760,1.045161,17.794582,15.581558,16.264271,18.558984,17.049849,18.558984,38.033287000,127.254265000,38.033287000,127.254265000,38.033108000,127.254700000,38.033019004,127.254868585,38.033090000,127.253850000,38.033032648,127.253687895,38.033460000,127.253840000,38.033543917,127.253688155,38.033485000,127.254680000,38.033555113,127.254872037
260,260,825159755943,52.002,10.000000,38.033250000,127.254270000,813.000000,3137.573812,6034.456585,2896.882773,92.328753,0.566480,17.981094,16.421073,17.294391,18.967752,17.666077,18.967752,38.033203000,127.254265000,38.033203000,127.254265000,38.033024000,127.254710000,38.032896992,127.254836704,38.033005000,127.253850000,38.032988020,127.253663963,38.033380000,127.253845000,38.033497621,127.253716141,38.033405000,127.254684000,38.033430033,127.254897979
261,261,825159756135,52.194,10.000000,38.033180000,127.254270000,813.000000,3087.630906,6039.114640,2951.483734,95.590562,0.872483,17.268315,15.950304,16.404200,18.592074,17.053723,18.592074,38.033150000,127.254270000,38.033150000,127.254270000,38.032970000,127.254710000,38.032882581,127.254872693,38.032950000,127.253860000,38.032894824,127.253692116,38.033320000,127.253845000,38.033406375,127.253693419,38.033348000,127.254684000,38.033418105,127.254876457
262,262,825159756332,52.391,10.000000,38.033096000,127.254280000,813.000000,3132.484622,6026.551314,2894.066692,92.388856,0.400238,22.410108,21.399545,21.959567,23.246592,22.253953,23.246592,38.033066000,127.254270000,38.033066000,127.254270000,38.032887000,127.254715000,38.032689361,127.254763610,38.032867000,127.253860000,38.032935576,127.253631997,38.033240000,127.253845000,38.033432507,127.253790321,38.033268000,127.254690000,38.033203856,127.254942309
263,263,825159756530,52.589,10.000000,38.032936000,127.254290000,813.000000,3140.593077,6031.776700,2891.183623,92.058524,0.614707,21.327165,20.218112,20.156895,21.904813,20.901746,21.904813,38.032900000,127.254280000,38.032900000,127.254280000,38.032722000,127.254720000,38.032539300,127.254793215,38.032703000,127.253870000,38.032748133,127.253646647,38.033077000,127.253850000,38.033250036,127.253782273,38.033104000,127.254700000,38.033059130,127.254943240
264,264,825159756731,52.790,10.000000,38.032852000,127.254290000,813.000000,3178.858374,6015.348368,2836.489994,89.229832,0.956930,17.231787,14.844028,15.711186,17.605439,16.348110,17.605439,38.032820000,127.254290000,38.032820000,127.254290000,38.032640000,127.254730000,38.032552554,127.254892164,38.032620000,127.253870000,38.032566130,127.253715135,38.032997000,127.253860000,38.033076694,127.253712115,38.033024000,127.254710000,38.033086929,127.254894209
265,265,825159756949,53.008,10.000000,38.032772000,127.254295000,813.000000,3145.480369,6007.148657,2861.668289,90.977147,0.891121,18.789478,16.388946,17.634067,19.207101,18.004898,19.207101,38.032738000,127.254290000,38.032738000,127.254290000,38.032560000,127.254730000,38.032418741,127.254847295,38.032540000,127.253870000,38.032538343,127.253683098,38.032913000,127.253860000,38.033046332,127.253751407,38.032940000,127.254710000,38.032948137,127.254928811
266,266,825159757135,53.194,10.000000,38.032772000,127.254295000,813.000000,3145.480369,6007.148657,2861.668289,90.977147,0.891121,18.789478,16.388946,17.634067,19.207101,18.004898,19.207101,38.032738000,127.254290000,38.032738000,127.254290000,38.032560000,127.254730000,38.032418741,127.254847295,38.032540000,127.253870000,38.032538343,127.253683098,38.032913000,127.253860000,38.033046332,127.253751407,38.032940000,127.254710000,38.032948137,127.254928811
267,267,825159757340,53.399,10.000000,38.032692000,127.254295000,813.000000,3185.463639,5985.870326,2800.406687,87.912059,0.841384,16.631187,14.345566,16.252596,17.583147,16.203124,17.583147,38.032658000,127.254295000,38.032658000,127.254295000,38.032475000,127.254740000,38.032390617,127.254896525,38.032455000,127.253876000,38.032406199,127.253724576,38.032833000,127.253870000,38.032914782,127.253716451,38.032860000,127.254715000,38.032924268,127.254898183
268,268,825159757538,53.597,10.000000,38.032608000,127.254300000,813.000000,3220.547295,5955.282244,2734.734949,84.915224,1.242054,19.907836,16.348936,18.065251,19.462405,18.446107,19.907836,38.032574000,127.254310000,38.032574000,127.254310000,38.032394000,127.254750000,38.032419762,127.254974678,38.032370000,127.253890000,38.032230729,127.253830818,38.032753000,127.253876000,38.032721017,127.253674009,38.032780000,127.254730000,38.032939752,127.254820187
269,269,825159757733,53.792,10.000000,38.032528000,127.254300000,813.000000,3258.666439,5923.006345,2664.339907,81.761664,1.063527,23.352172,66.341099,21.161873,67.144485,44.499907,67.144485,38.032494000,127.254340000,38.032494000,127.254340000,38.032700000,127.254770000,38.032620028,127.255016215,38.032310000,127.254790000,38.032005875,127.254139326,38.032290000,127.253920000,38.032375194,127.253704245,38.032673000,127.253914000,38.033007755,127.254551011
270,270,825159757938,53.997,10.000000,38.032444000,127.254310000,813.000000,3266.234612,5933.090261,2666.855649,81.649237,1.056158,16.718240,54.676471,13.517713,55.403346,35.078942,55.403346,38.032413000,127.254380000,38.032413000,127.254380000,38.032620000,127.254810000,38.032695567,127.254974773,38.032230000,127.254830000,38.031890415,127.254379474,38.032210000,127.253960000,38.032150047,127.253825933,38.032590000,127.253944000,38.032949394,127.254381108
271,271,825159758142,54.201,10.000000,38.032284000,127.254320000,813.000000,3289.472480,5912.980541,2623.508061,79.754674,1.229617,17.272438,55.089849,12.611618,55.300007,35.068478,55.300007,38.032250000,127.254395000,38.032250000,127.254395000,38.032455000,127.254820000,38.032527707,127.254994023,38.032066000,127.254845000,38.031726256,127.254388163,38.032043000,127.253970000,38.031993280,127.253840758,38.032430000,127.253960000,38.032783657,127.254402909
272,272,825159758331,54.390,10.000000,38.032200000,127.254320000,813.000000,3304.995692,5915.394747,2610.399055,78.983433,1.138747,17.170406,51.661037,12.825759,51.579329,33.309133,51.661037,38.032170000,127.254400000,38.032170000,127.254400000,38.032375000,127.254830000,38.032483297,127.254969440,38.031982000,127.254850000,38.031644427,127.254445697,38.031963000,127.253975000,38.031880303,127.253873150,38.032350000,127.253970000,38.032700232,127.254355136
273,273,825159758539,54.598,10.000000,38.032200000,127.254320000,813.000000,3304.995692,5915.394747,2610.399055,78.983433,1.138747,17.170406,51.661037,12.825759,51.579329,33.309133,51.661037,38.032170000,127.254400000,38.032170000,127.254400000,38.032375000,127.254830000,38.032483297,127.254969440,38.031982000,127.254850000,38.031644427,127.254445697,38.031963000,127.253975000,38.031880303,127.253873150,38.032350000,127.253970000,38.032700232,127.254355136
274,274,825159758741,54.800,10.000000,38.032120000,127.254326000,813.000000,3304.999527,5935.912185,2630.912658,79.604025,1.141770,17.720903,51.116763,13.444425,51.382152,33.416061,51.382152,38.032085000,127.254425000,38.032085000,127.254425000,38.032290000,127.254850000,38.032407958,127.254985715,38.031900000,127.254875000,38.031557722,127.254486376,38.031880000,127.254000000,38.031785436,127.253904623,38.032265000,127.253980000,38.032612923,127.254365081
275,275,825159758932,54.991,10.000000,38.032040000,127.254326000,813.000000,3321.718487,5940.650305,2618.931818,78.842678,0.711544,17.122242,51.007153,13.864805,49.627832,32.905508,51.007153,38.032005000,127.254430000,38.032005000,127.254430000,38.032210000,127.254870000,38.032335543,127.254982821,38.031820000,127.254890000,38.031477156,127.254504062,38.031800000,127.254005000,38.031697290,127.253915558,38.032185000,127.254000000,38.032530322,127.254357972
276,276,825159759136,55.195,10.000000,38.031956000,127.254330000,813.000000,3366.744033,5937.252839,2570.508805,76.349992,0.515371,16.818038,52.023870,13.569795,50.830882,33.310646,52.023870,38.031920000,127.254430000,38.031920000,127.254430000,38.032130000,127.254860000,38.032239310,127.254992402,38.031734000,127.254890000,38.031390685,127.254487444,38.031715000,127.254005000,38.031621755,127.253905317,38.032104000,127.253990000,38.032445669,127.254374589
277,277,825159759339,55.398,10.000000,38.031876000,127.254330000,813.000000,3388.514319,5932.137554,2543.623235,75.066032,0.547762,16.427670,51.683474,13.687799,50.722004,33.130237,51.683474,38.031840000,127.254430000,38.031840000,127.254430000,38.032047000,127.254870000,38.032159107,127.254991836,38.031650000,127.254890000,38.031310943,127.254487330,38.031635000,127.254005000,38.031541026,127.253904327,38.032024000,127.253990000,38.032364471,127.254374432
278,278,825159759540,55.599,10.000000,38.031710000,127.254340000,813.000000,3430.591047,5937.838239,2507.247192,73.084992,0.840843,17.722267,48.696221,14.191041,48.009327,32.154714,48.696221,38.031677000,127.254450000,38.031677000,127.254450000,38.031887000,127.254880000,38.032023702,127.254983590,38.031487000,127.254906000,38.031150561,127.254551050,38.031467000,127.254010000,38.031349600,127.253946924,38.031860000,127.254005000,38.032194181,127.254351109
279,279,825159759730,55.789,10.000000,38.031630000,127.254340000,813.000000,3449.643880,5923.322122,2473.678242,71.708221,0.506369,15.764078,57.758217,12.877322,56.470402,35.717505,57.758217,38.031580000,127.254440000,38.031580000,127.254440000,38.031790000,127.254880000,38.031835377,127.255050305,38.031390000,127.254906000,38.031053697,127.254404391,38.031372000,127.254005000,38.031339008,127.253864238,38.031765000,127.254000000,38.032106873,127.254475804
280,280,825159759955,56.014,10.000000,38.031550000,127.254350000,813.000000,3444.391521,5922.220240,2477.828719,71.938068,0.908563,16.749914,57.729672,12.848494,57.736838,36.266230,57.736838,38.031498000,127.254450000,38.031498000,127.254450000,38.031708000,127.254880000,38.031744703,127.255065257,38.031307000,127.254906000,38.030973201,127.254402128,38.031292000,127.254010000,38.031264724,127.253867617,38.031685000,127.254000000,38.032024678,127.254497607
281,281,825159760131,56.190,10.000000,38.031550000,127.254350000,813.000000,3444.391521,5922.220240,2477.828719,71.938068,0.908563,16.749914,57.729672,12.848494,57.736838,36.266230,57.736838,38.031498000,127.254450000,38.031498000,127.254450000,38.031708000,127.254880000,38.031744703,127.255065257,38.031307000,127.254906000,38.030973201,127.254402128,38.031292000,127.254010000,38.031264724,127.253867617,38.031685000,127.254000000,38.032024678,127.254497607
282,282,825159760333,56.392,10.000000,38.031467000,127.254350000,813.000000,3478.480231,5918.032903,2439.552672,70.132716,0.962467,15.879863,55.375274,11.918921,55.418840,34.648224,55.418840,38.031418000,127.254456000,38.031418000,127.254456000,38.031628000,127.254890000,38.031689835,127.255053206,38.031227000,127.254910000,38.030892019,127.254443121,38.031208000,127.254010000,38.031160093,127.253888434,38.031605000,127.254005000,38.031944218,127.254467601
283,283,825159760542,56.601,10.000000,38.031387000,127.254360000,813.000000,3456.522054,5915.018100,2458.496046,71.126294,0.916605,16.069615,58.565587,13.303090,58.651068,36.647340,58.651068,38.031338000,127.254450000,38.031338000,127.254450000,38.031544000,127.254890000,38.031573971,127.255069275,38.031143000,127.254910000,38.030814989,127.254387789,38.031128000,127.254010000,38.031113354,127.253859427,38.031520000,127.254005000,38.031863936,127.254511714
284,284,825159760742,56.801,10.000000,38.031307000,127.254360000,813.000000,3485.442652,5923.339491,2437.896839,69.945114,0.747198,16.552990,60.153302,13.779148,60.322949,37.702097,60.322949,38.031254000,127.254450000,38.031254000,127.254450000,38.031464000,127.254890000,38.031471277,127.255078555,38.031063000,127.254906000,38.030732582,127.254363169,38.031044000,127.254005000,38.031046139,127.253847877,38.031440000,127.254000000,38.031778799,127.254536920
285,285,825159760934,56.993,10.000000,38.031227000,127.254360000,813.000000,3506.603208,5930.849308,2424.246100,69.133744,0.664321,16.441256,60.290073,13.919509,60.333281,37.746030,60.333281,38.031174000,127.254450000,38.031174000,127.254450000,38.031384000,127.254890000,38.031390962,127.255077298,38.030980000,127.254910000,38.030651629,127.254363208,38.030964000,127.254005000,38.030965279,127.253846261,38.031360000,127.254000000,38.031698878,127.254536990
286,286,825159761135,57.194,10.000000,38.031063000,127.254364000,813.000000,3515.249474,5964.744839,2449.495365,69.681978,0.462629,16.683755,61.414217,14.747407,61.309234,38.538653,61.414217,38.031010000,127.254450000,38.031010000,127.254450000,38.031220000,127.254890000,38.031215274,127.255080177,38.030815000,127.254910000,38.030484891,127.254348814,38.030800000,127.254005000,38.030809864,127.253837278,38.031197000,127.254000000,38.031534624,127.254552419
287,287,825159761331,57.390,10.000000,38.030983000,127.254364000,813.000000,3580.407731,5988.818954,2408.411223,67.266395,0.571958,17.548490,63.023157,15.466023,63.387315,39.856246,63.387315,38.030926000,127.254450000,38.030926000,127.254450000,38.031140000,127.254890000,38.031112985,127.255087173,38.030730000,127.254910000,38.030400946,127.254325116,38.030716000,127.254000000,38.030742204,127.253826782,38.031116000,127.253990000,38.031448571,127.254576794
288,288,825159761540,57.599,10.000000,38.030983000,127.254364000,813.000000,3580.407731,5988.818954,2408.411223,67.266395,0.571958,17.548490,63.023157,15.466023,63.387315,39.856246,63.387315,38.030926000,127.254450000,38.030926000,127.254450000,38.031140000,127.254890000,38.031112985,127.255087173,38.030730000,127.254910000,38.030400946,127.254325116,38.030716000,127.254000000,38.030742204,127.253826782,38.031116000,127.253990000,38.031448571,127.254576794
289,289,825159761730,57.789,10.000000,38.030903000,127.254370000,813.000000,3580.411641,6007.254863,2426.843221,67.781123,0.476863,18.487777,64.703782,16.746547,64.916656,41.213691,64.916656,38.030846000,127.254450000,38.030846000,127.254450000,38.031060000,127.254890000,38.031014478,127.255092770,38.030650000,127.254910000,38.030321757,127.254301010,38.030636000,127.254000000,38.030679052,127.253817000,38.031036000,127.253990000,38.031365418,127.254600911
290,290,825159761935,57.994,10.000000,38.030823000,127.254370000,813.000000,3598.448914,6018.652618,2420.203704,67.256859,0.210056,17.321848,64.660621,17.472188,64.888765,41.085856,64.888765,38.030766000,127.254450000,38.030766000,127.254450000,38.030975000,127.254900000,38.030934231,127.255090647,38.030567000,127.254910000,38.030239826,127.254300680,38.030552000,127.254005000,38.030598161,127.253814550,38.030956000,127.253990000,38.031285228,127.254600690
291,291,825159762136,58.195,10.000000,38.030740000,127.254370000,813.000000,3597.940688,6034.357915,2436.417227,67.716993,0.552434,19.076796,66.232091,17.999010,65.550868,42.214691,66.232091,38.030680000,127.254450000,38.030680000,127.254450000,38.030895000,127.254890000,38.030835075,127.255093827,38.030487000,127.254910000,38.030154903,127.254283268,38.030470000,127.254000000,38.030524060,127.253806543,38.030876000,127.253990000,38.031196135,127.254617448
292,292,825159762342,58.401,10.000000,38.030660000,127.254380000,813.000000,3624.347217,6048.397274,2424.050057,66.882390,0.310070,17.214365,65.908240,17.586472,64.933472,41.410637,65.908240,38.030617000,127.254440000,38.030617000,127.254440000,38.030827000,127.254890000,38.030783528,127.255078405,38.030420000,127.254910000,38.030088027,127.254287619,38.030403000,127.253990000,38.030448661,127.253797994,38.030807000,127.253980000,38.031135508,127.254591930
293,293,825159762544,58.603,10.000000,38.030510000,127.254380000,813.000000,3678.968102,6071.645130,2392.677029,65.036634,0.385112,19.461448,67.913840,19.444863,67.758409,43.644640,67.913840,38.030453000,127.254450000,38.030453000,127.254450000,38.030666000,127.254900000,38.030587324,127.255098203,38.030254000,127.254910000,38.029929412,127.254254195,38.030240000,127.253990000,38.030315868,127.253790250,38.030647000,127.253980000,38.030961042,127.254641960
294,294,825159762735,58.794,10.000000,38.030430000,127.254390000,812.000000,3643.051765,6049.384193,2406.332428,66.052655,1.012874,26.650213,76.129602,27.855895,74.004259,51.159992,76.129602,38.030370000,127.254440000,38.030370000,127.254440000,38.030582000,127.254900000,38.030406741,127.255107048,38.030174000,127.254910000,38.029884828,127.254123214,38.030160000,127.253990000,38.030332784,127.253760207,38.030563000,127.253980000,38.030839413,127.254747569
295,295,825159762934,58.993,10.000000,38.030350000,127.254390000,812.000000,3683.709677,6069.199588,2385.489911,64.757815,0.799308,21.857387,71.280938,22.870511,69.444348,46.363296,71.280938,38.030304000,127.254440000,38.030304000,127.254440000,38.030518000,127.254890000,38.030407145,127.255095744,38.030106000,127.254910000,38.029789883,127.254203046,38.030090000,127.253990000,38.030198678,127.253768653,38.030500000,127.253975000,38.030800176,127.254669264
296,296,825159763139,59.198,10.000000,38.030350000,127.254390000,812.000000,3683.709677,6069.199588,2385.489911,64.757815,0.799308,21.857387,71.280938,22.870511,69.444348,46.363296,71.280938,38.030304000,127.254440000,38.030304000,127.254440000,38.030518000,127.254890000,38.030407145,127.255095744,38.030106000,127.254910000,38.029789883,127.254203046,38.030090000,127.253990000,38.030198678,127.253768653,38.030500000,127.253975000,38.030800176,127.254669264
297,297,825159763330,59.389,10.000000,38.030270000,127.254390000,812.000000,3688.106363,6078.619679,2390.513316,64.816821,0.793573,23.577190,72.829863,24.660043,71.072020,48.034779,72.829863,38.030220000,127.254440000,38.030220000,127.254440000,38.030434000,127.254890000,38.030302114,127.255100393,38.030020000,127.254910000,38.029713420,127.254176252,38.030006000,127.253990000,38.030136251,127.253762515,38.030415000,127.253975000,38.030708640,127.254694725
298,298,825159763540,59.599,10.000000,38.030186000,127.254395000,812.000000,3702.947168,6089.276174,2386.329006,64.444047,1.013198,23.390133,73.291032,25.209271,71.530256,48.355173,73.291032,38.030140000,127.254440000,38.030140000,127.254440000,38.030354000,127.254900000,38.030216625,127.255101842,38.029940000,127.254910000,38.029635369,127.254169008,38.029926000,127.253990000,38.030061844,127.253759971,38.030334000,127.253975000,38.030626567,127.254701302
299,299,825159763742,59.801,10.000000,38.030106000,127.254395000,812.000000,3717.617187,6102.257578,2384.640392,64.144323,0.812973,23.329640,73.341469,24.580114,71.586561,48.209446,73.341469,38.030060000,127.254440000,38.030060000,127.254440000,38.030273000,127.254900000,38.030136760,127.255102171,38.029860000,127.254910000,38.029554920,127.254168658,38.029846000,127.253980000,38.029981784,127.253758946,38.030254000,127.253975000,38.030547247,127.254701581
300,300,825159763955,60.014,10.000000,38.030025000,127.254395000,812.000000,3717.113875,6118.470417,2401.356543,64.602717,0.710605,25.682263,74.318710,25.967870,72.621676,49.647630,74.318710,38.029976000,127.254440000,38.029976000,127.254440000,38.030193000,127.254890000,38.030037173,127.255105986,38.029778000,127.254906000,38.029477539,127.254149123,38.029762000,127.253980000,38.029914126,127.253755489,38.030174000,127.253975000,38.030457902,127.254720672
301,301,825159764133,60.192,10.000000,38.029865000,127.254400000,812.000000,3717.702777,6168.429042,2450.726265,65.920446,0.661035,27.749167,76.647045,28.540471,74.979701,51.979096,76.647045,38.029816000,127.254440000,38.029816000,127.254440000,38.030030000,127.254900000,38.029848467,127.255116878,38.029617000,127.254910000,38.029331353,127.254114657,38.029602000,127.253980000,38.029783962,127.253750701,38.030010000,127.253975000,38.030286693,127.254754619
302,302,825159764339,60.398,10.000000,38.029780000,127.254400000,812.000000,3744.793866,6191.237872,2446.444006,65.329204,0.571091,25.625812,74.592353,26.514943,73.230639,49.990937,74.592353,38.029736000,127.254440000,38.029736000,127.254440000,38.029950000,127.254900000,38.029795146,127.255116241,38.029533000,127.254910000,38.029238992,127.254145577,38.029520000,127.253980000,38.029676774,127.253752349,38.029930000,127.253975000,38.030219380,127.254725009
303,303,825159764533,60.592,10.000000,38.029780000,127.254400000,812.000000,3744.793866,6191.237872,2446.444006,65.329204,0.571091,25.625812,74.592353,26.514943,73.230639,49.990937,74.592353,38.029736000,127.254440000,38.029736000,127.254440000,38.029950000,127.254900000,38.029795146,127.255116241,38.029533000,127.254910000,38.029238992,127.254145577,38.029520000,127.253980000,38.029676774,127.253752349,38.029930000,127.253975000,38.030219380,127.254725009
304,304,825159764739,60.798,10.000000,38.029700000,127.254410000,812.000000,3764.466884,6191.512708,2427.045824,64.472498,0.773272,25.593142,26.651983,26.345163,24.730060,25.830087,26.651983,38.029650000,127.254440000,38.029650000,127.254440000,38.029453000,127.254910000,38.029612791,127.255119854,38.029438000,127.253980000,38.029202927,127.254037648,38.029850000,127.253970000,38.029688726,127.253750111,38.029870000,127.254900000,38.030085174,127.254829861
305,305,825159764952,61.011,10.000000,38.029620000,127.254410000,812.000000,3741.532378,6212.997449,2471.465071,66.054889,0.654799,25.619135,26.727440,26.401662,25.391912,26.035037,26.727440,38.029570000,127.254440000,38.029570000,127.254440000,38.029373000,127.254910000,38.029532784,127.255120275,38.029358000,127.253980000,38.029122137,127.254036991,38.029770000,127.253970000,38.029608759,127.253749193,38.029785000,127.254900000,38.030006592,127.254831325
306,306,825159765142,61.201,10.000000,38.029540000,127.254410000,812.000000,3744.586815,6236.257700,2491.670884,66.540609,0.669185,25.855483,26.805321,26.783297,25.558089,26.250548,26.805321,38.029490000,127.254440000,38.029490000,127.254440000,38.029290000,127.254910000,38.029452818,127.255120286,38.029278000,127.253980000,38.029041327,127.254036332,38.029690000,127.253975000,38.029528782,127.253748268,38.029705000,127.254900000,38.029928509,127.254833349
307,307,825159765331,61.390,10.000000,38.029457000,127.254410000,812.000000,3768.774836,6261.200485,2492.425648,66.133578,0.454970,22.852085,23.359782,23.242889,22.756386,23.052786,23.359782,38.029396000,127.254440000,38.029396000,127.254440000,38.029194000,127.254910000,38.029320566,127.255115187,38.029180000,127.253980000,38.028970525,127.253995800,38.029594000,127.253970000,38.029473867,127.253753200,38.029610000,127.254900000,38.029813478,127.254875066
308,308,825159765535,61.594,10.000000,38.029297000,127.254420000,812.000000,3773.371121,6263.701735,2490.330614,65.997500,0.504617,17.172278,18.281091,18.068227,17.229833,17.687857,18.281091,38.029230000,127.254440000,38.029230000,127.254440000,38.029030000,127.254910000,38.029082242,127.255094266,38.029015000,127.253980000,38.028856597,127.253924993,38.029430000,127.253970000,38.029381948,127.253773181,38.029446000,127.254900000,38.029596668,127.254944984
309,309,825159765739,61.798,10.000000,38.029213000,127.254420000,812.000000,3760.002439,6266.025484,2506.023045,66.649506,0.521462,17.613075,18.690243,18.428799,17.746328,18.119612,18.690243,38.029150000,127.254440000,38.029150000,127.254440000,38.028950000,127.254910000,38.029009730,127.255096002,38.028934000,127.253980000,38.028770552,127.253931258,38.029346000,127.253970000,38.029294586,127.253770225,38.029366000,127.254900000,38.029522463,127.254938788
310,310,825159765956,62.015,10.000000,38.029133000,127.254425000,812.000000,3755.418893,6249.754050,2494.335157,66.419625,0.608767,15.183444,16.913620,16.494773,15.541676,16.033378,16.913620,38.029068000,127.254440000,38.029068000,127.254440000,38.028870000,127.254910000,38.028895442,127.255080118,38.028854000,127.253980000,38.028715439,127.253900863,38.029266000,127.253970000,38.029246716,127.253783488,38.029285000,127.254900000,38.029413890,127.254968122
311,311,825159766141,62.200,10.000000,38.029133000,127.254425000,812.000000,3755.418893,6249.754050,2494.335157,66.419625,0.608767,15.183444,16.913620,16.494773,15.541676,16.033378,16.913620,38.029068000,127.254440000,38.029068000,127.254440000,38.028870000,127.254910000,38.028895442,127.255080118,38.028854000,127.253980000,38.028715439,127.253900863,38.029266000,127.253970000,38.029246716,127.253783488,38.029285000,127.254900000,38.029413890,127.254968122
312,312,825159766330,62.389,10.000000,38.029053000,127.254425000,812.000000,3732.484196,6235.839164,2503.354969,67.069406,0.680734,14.960810,16.887783,16.551738,16.052055,16.113096,16.887783,38.028988000,127.254440000,38.028988000,127.254440000,38.028790000,127.254910000,38.028816500,127.255077268,38.028774000,127.253980000,38.028635625,127.253901055,38.029186000,127.253970000,38.029166863,127.253782809,38.029200000,127.254900000,38.029333872,127.254968027
313,313,825159766535,62.594,10.000000,38.028973000,127.254425000,812.000000,3770.020092,6220.745663,2450.725572,65.005637,1.041686,14.839964,16.436096,17.052058,15.849188,16.044326,17.052058,38.028908000,127.254440000,38.028908000,127.254440000,38.028706000,127.254910000,38.028737447,127.255074463,38.028690000,127.253980000,38.028555912,127.253901534,38.029106000,127.253975000,38.029086922,127.253782048,38.029120000,127.254906000,38.029253750,127.254967958
314,314,825159766738,62.797,10.000000,38.028908000,127.254425000,812.000000,3765.592001,6206.970011,2441.378009,64.833843,1.053456,14.386723,16.504649,16.886770,15.054287,15.708107,16.886770,38.028840000,127.254440000,38.028840000,127.254440000,38.028640000,127.254910000,38.028666371,127.255070618,38.028625000,127.253980000,38.028491376,127.253898447,38.029037000,127.253975000,38.029022950,127.253783247,38.029057000,127.254906000,38.029182204,127.254970888
315,315,825159766944,63.003,10.000000,38.028744000,127.254430000,812.000000,3747.346722,6176.502000,2429.155278,64.823339,1.222799,12.655123,15.366437,15.870040,14.021536,14.478284,15.870040,38.028680000,127.254440000,38.028680000,127.254440000,38.028480000,127.254910000,38.028483547,127.255054252,38.028465000,127.253980000,38.028352991,127.253877579,38.028877000,127.253975000,38.028888370,127.253794591,38.028893000,127.254906000,38.029000056,127.254990251
316,316,825159767130,63.189,10.000000,38.028664000,127.254430000,812.000000,3765.604338,6161.612233,2396.007895,63.628775,0.498234,17.065325,17.723698,18.223867,17.901601,17.728623,18.223867,38.028600000,127.254450000,38.028600000,127.254450000,38.028400000,127.254910000,38.028462804,127.255087535,38.028380000,127.253980000,38.028223616,127.253942056,38.028797000,127.253975000,38.028746446,127.253777329,38.028812000,127.254906000,38.028969267,127.254948633
317,317,825159767335,63.394,10.000000,38.028664000,127.254430000,812.000000,3765.604338,6161.612233,2396.007895,63.628775,0.498234,17.065325,17.723698,18.223867,17.901601,17.728623,18.223867,38.028600000,127.254450000,38.028600000,127.254450000,38.028400000,127.254910000,38.028462804,127.255087535,38.028380000,127.253980000,38.028223616,127.253942056,38.028797000,127.253975000,38.028746446,127.253777329,38.028812000,127.254906000,38.028969267,127.254948633
318,318,825159767540,63.599,10.000000,38.028584000,127.254430000,812.000000,3783.686291,6145.589597,2361.903306,62.423339,0.593208,17.187582,17.708213,18.245145,17.722848,17.715947,18.245145,38.028520000,127.254450000,38.028520000,127.254450000,38.028316000,127.254910000,38.028382922,127.255086642,38.028300000,127.253980000,38.028143704,127.253942412,38.028717000,127.253975000,38.028666296,127.253777136,38.028732000,127.254906000,38.028887940,127.254946734
319,319,825159767735,63.794,10.000000,38.028503000,127.254440000,812.000000,3785.203418,6134.843139,2349.639721,62.074332,1.058338,12.521543,14.977426,15.102590,13.987592,14.147288,15.102590,38.028440000,127.254450000,38.028440000,127.254450000,38.028236000,127.254920000,38.028244937,127.255062347,38.028220000,127.253990000,38.028111711,127.253888632,38.028637000,127.253975000,38.028647056,127.253803241,38.028652000,127.254906000,38.028757320,127.254992998
320,320,825159767940,63.999,10.000000,38.028423000,127.254440000,812.000000,3762.287565,6127.657878,2365.370312,62.870535,0.998746,13.056005,16.018385,15.582705,14.174254,14.707837,16.018385,38.028370000,127.254450000,38.028370000,127.254450000,38.028170000,127.254920000,38.028185917,127.255067516,38.028156000,127.253990000,38.028031557,127.253898279,38.028570000,127.253975000,38.028565296,127.253797392,38.028584000,127.254906000,38.028696265,127.254982270
321,321,825159768141,64.200,10.000000,38.028343000,127.254440000,812.000000,3757.679467,6124.434091,2366.754624,62.984473,1.033525,13.125849,16.076478,15.576517,14.078238,14.714271,16.076478,38.028290000,127.254450000,38.028290000,127.254450000,38.028090000,127.254920000,38.028105514,127.255068388,38.028076000,127.253990000,38.027951151,127.253897848,38.028490000,127.253975000,38.028485200,127.253797467,38.028503000,127.254906000,38.028615143,127.254980218
322,322,825159768345,64.404,10.000000,38.028183000,127.254450000,812.000000,3746.096124,6131.905634,2385.809510,63.687888,1.337811,11.651006,14.861328,14.471329,11.485110,13.117193,14.861328,38.028130000,127.254450000,38.028130000,127.254450000,38.027930000,127.254920000,38.027873347,127.255031722,38.027916000,127.253990000,38.027857160,127.253837869,38.028328000,127.253980000,38.028398394,127.253841257,38.028343000,127.254910000,38.028387562,127.255028131
323,323,825159768532,64.591,10.000000,38.028183000,127.254450000,812.000000,3746.096124,6131.905634,2385.809510,63.687888,1.337811,11.651006,14.861328,14.471329,11.485110,13.117193,14.861328,38.028130000,127.254450000,38.028130000,127.254450000,38.027930000,127.254920000,38.027873347,127.255031722,38.027916000,127.253990000,38.027857160,127.253837869,38.028328000,127.253980000,38.028398394,127.253841257,38.028343000,127.254910000,38.028387562,127.255028131
324,324,825159768738,64.797,10.000000,38.028103000,127.254450000,812.000000,3745.026470,6141.214190,2396.187721,63.983199,1.014638,12.800446,15.258996,14.452563,12.450126,13.740533,15.258996,38.028050000,127.254456000,38.028050000,127.254456000,38.027850000,127.254920000,38.027834836,127.255064703,38.027832000,127.254000000,38.027735166,127.253876836,38.028248000,127.253980000,38.028274830,127.253818739,38.028263000,127.254910000,38.028347198,127.255003455
325,325,825159768942,65.001,10.000000,38.028023000,127.254450000,812.000000,3758.354975,6161.087794,2402.732818,63.930439,1.093945,12.961454,15.640713,14.300489,11.999709,13.725591,15.640713,38.027966000,127.254456000,38.027966000,127.254456000,38.027767000,127.254920000,38.027746706,127.255065552,38.027752000,127.254000000,38.027653098,127.253873308,38.028168000,127.253980000,38.028193827,127.253820245,38.028183000,127.254910000,38.028260332,127.255005336
326,326,825159769143,65.202,10.000000,38.027943000,127.254456000,812.000000,3736.005667,6180.303136,2444.297469,65.425422,1.030052,12.851601,15.442263,13.981892,11.790956,13.516678,15.442263,38.027885000,127.254456000,38.027885000,127.254456000,38.027687000,127.254920000,38.027624996,127.255043630,38.027670000,127.254000000,38.027610228,127.253841081,38.028084000,127.253980000,38.028153131,127.253846874,38.028100000,127.254910000,38.028142169,127.255033350
327,327,825159769336,65.395,10.000000,38.027782000,127.254456000,812.000000,3701.702648,6210.373635,2508.670987,67.770732,1.177506,13.347117,15.405300,14.835532,11.993176,13.895281,15.405300,38.027725000,127.254456000,38.027725000,127.254456000,38.027530000,127.254920000,38.027463413,127.255046581,38.027510000,127.254000000,38.027450460,127.253841408,38.027924000,127.253990000,38.027993583,127.253845706,38.027940000,127.254910000,38.027982895,127.255035464
328,328,825159769539,65.598,10.000000,38.027702000,127.254456000,812.000000,3727.842758,6224.454193,2496.611434,66.972016,1.314501,13.064102,15.425632,14.821331,11.692447,13.750878,15.425632,38.027645000,127.254460000,38.027645000,127.254460000,38.027450000,127.254930000,38.027408780,127.255069492,38.027430000,127.254005000,38.027344656,127.253866408,38.027843000,127.253990000,38.027887032,127.253830487,38.027860000,127.254920000,38.027928101,127.255021517
329,329,825159769730,65.789,10.000000,38.027702000,127.254456000,812.000000,3727.842758,6224.454193,2496.611434,66.972016,1.314501,13.064102,15.425632,14.821331,11.692447,13.750878,15.425632,38.027645000,127.254460000,38.027645000,127.254460000,38.027450000,127.254930000,38.027408780,127.255069492,38.027430000,127.254005000,38.027344656,127.253866408,38.027843000,127.253990000,38.027887032,127.253830487,38.027860000,127.254920000,38.027928101,127.255021517
330,330,825159769933,65.992,10.000000,38.027622000,127.254460000,812.000000,3727.846829,6249.015383,2521.168554,67.630691,1.242417,13.296755,15.451193,14.726206,11.787628,13.815446,15.451193,38.027565000,127.254460000,38.027565000,127.254460000,38.027370000,127.254930000,38.027301541,127.255054261,38.027350000,127.254005000,38.027290719,127.253845673,38.027763000,127.253990000,38.027834147,127.253848418,38.027780000,127.254920000,38.027823984,127.255042282
331,331,825159770134,66.193,10.000000,38.027542000,127.254460000,812.000000,3684.022857,6283.758057,2599.735200,70.567836,1.339675,13.403058,15.583022,15.623280,12.259350,14.217178,15.623280,38.027473000,127.254460000,38.027473000,127.254460000,38.027275000,127.254930000,38.027208147,127.255057122,38.027260000,127.254005000,38.027198390,127.253845427,38.027670000,127.254000000,38.027742355,127.253847334,38.027683000,127.254920000,38.027733136,127.255044478
332,332,825159770352,66.411,10.000000,38.027462000,127.254460000,812.000000,3675.095195,6312.193684,2637.098489,71.755923,1.261975,13.651774,15.589688,15.841497,12.453787,14.384187,15.841497,38.027393000,127.254460000,38.027393000,127.254460000,38.027195000,127.254930000,38.027126992,127.255059553,38.027180000,127.254005000,38.027118511,127.253845268,38.027588000,127.254000000,38.027662878,127.253846374,38.027603000,127.254920000,38.027653973,127.255046425
333,333,825159770539,66.598,10.000000,38.027300000,127.254470000,812.000000,3655.190064,6357.094108,2701.904044,73.919659,0.621117,15.061695,15.352754,15.323430,13.428600,14.791620,15.352754,38.027230000,127.254470000,38.027230000,127.254470000,38.027035000,127.254930000,38.026961625,127.255074313,38.027020000,127.254010000,38.026955702,127.253855109,38.027428000,127.254005000,38.027500209,127.253856225,38.027443000,127.254920000,38.027492366,127.255059730
334,334,825159770730,66.789,10.000000,38.027220000,127.254470000,812.000000,3655.194056,6377.413965,2722.219910,74.475387,0.576438,15.283506,15.371114,15.316170,13.579463,14.887563,15.371114,38.027150000,127.254470000,38.027150000,127.254470000,38.026955000,127.254930000,38.026880568,127.255076457,38.026940000,127.254010000,38.026875711,127.253854866,38.027348000,127.254005000,38.027420300,127.253856394,38.027363000,127.254920000,38.027413003,127.255061252
335,335,825159770931,66.990,10.000000,38.027220000,127.254470000,812.000000,3655.194056,6377.413965,2722.219910,74.475387,0.576438,15.283506,15.371114,15.316170,13.579463,14.887563,15.371114,38.027150000,127.254470000,38.027150000,127.254470000,38.026955000,127.254930000,38.026880568,127.255076457,38.026940000,127.254010000,38.026875711,127.253854866,38.027348000,127.254005000,38.027420300,127.253856394,38.027363000,127.254920000,38.027413003,127.255061252
336,336,825159771138,67.197,10.000000,38.027140000,127.254470000,812.000000,3671.402048,6398.333506,2726.931458,74.274934,1.023580,14.768422,16.170025,15.367350,12.957813,14.815903,16.170025,38.027070000,127.254470000,38.027070000,127.254470000,38.026875000,127.254940000,38.026799548,127.255078528,38.026860000,127.254020000,38.026795722,127.253854634,38.027267000,127.254005000,38.027340385,127.253856564,38.027283000,127.254930000,38.027333712,127.255063010
337,337,825159771343,67.402,10.000000,38.027060000,127.254470000,812.000000,3667.085912,6412.159743,2745.073831,74.857091,0.873379,14.964827,15.921603,15.462945,13.292411,14.910446,15.921603,38.027004000,127.254470000,38.027004000,127.254470000,38.026810000,127.254940000,38.026733031,127.255079918,38.026790000,127.254020000,38.026730307,127.253855000,38.027200000,127.254005000,38.027274796,127.253856408,38.027214000,127.254930000,38.027268292,127.255065012
338,338,825159771535,67.594,10.000000,38.026980000,127.254480000,812.000000,3638.586435,6451.666043,2813.079608,77.312430,0.858897,17.679677,18.299602,17.708543,15.980625,17.417112,18.299602,38.026924000,127.254470000,38.026924000,127.254470000,38.026730000,127.254940000,38.026587225,127.255028306,38.026714000,127.254020000,38.026720078,127.253811455,38.027120000,127.254010000,38.027258915,127.253911595,38.027134000,127.254930000,38.027121778,127.255111581
339,339,825159771743,67.802,10.000000,38.026820000,127.254480000,812.000000,3619.559481,6467.914150,2848.354669,78.693407,0.277304,16.185657,15.977499,15.130046,14.773785,15.516747,16.185657,38.026764000,127.254480000,38.026764000,127.254480000,38.026570000,127.254940000,38.026490711,127.255094720,38.026554000,127.254030000,38.026491187,127.253866168,38.026960000,127.254010000,38.027035122,127.253866208,38.026974000,127.254930000,38.027031034,127.255082128
340,340,825159771933,67.992,10.000000,38.026820000,127.254480000,812.000000,3619.559481,6467.914150,2848.354669,78.693407,0.277304,16.185657,15.977499,15.130046,14.773785,15.516747,16.185657,38.026764000,127.254480000,38.026764000,127.254480000,38.026570000,127.254940000,38.026490711,127.255094720,38.026554000,127.254030000,38.026491187,127.253866168,38.026960000,127.254010000,38.027035122,127.253866208,38.026974000,127.254930000,38.027031034,127.255082128
341,341,825159772129,68.188,10.000000,38.026672000,127.254486000,812.000000,3599.068218,6505.338780,2906.270563,80.750638,0.262520,17.087785,16.660361,16.443248,15.995965,16.546840,17.087785,38.026604000,127.254480000,38.026604000,127.254480000,38.026410000,127.254940000,38.026296528,127.255071236,38.026394000,127.254030000,38.026365377,127.253843514,38.026800000,127.254020000,38.026907900,127.253891937,38.026814000,127.254930000,38.026839231,127.255109583
342,342,825159772336,68.395,10.000000,38.026672000,127.254486000,812.000000,3599.068218,6505.338780,2906.270563,80.750638,0.262520,17.087785,16.660361,16.443248,15.995965,16.546840,17.087785,38.026604000,127.254480000,38.026604000,127.254480000,38.026410000,127.254940000,38.026296528,127.255071236,38.026394000,127.254030000,38.026365377,127.253843514,38.026800000,127.254020000,38.026907900,127.253891937,38.026814000,127.254930000,38.026839231,127.255109583
343,343,825159772539,68.598,10.000000,38.026516000,127.254486000,812.000000,3587.927627,6524.636269,2936.708642,81.849718,0.117615,16.564040,15.936713,15.660980,15.452348,15.903520,16.564040,38.026460000,127.254486000,38.026460000,127.254486000,38.026264000,127.254944000,38.026185229,127.255104255,38.026250000,127.254036000,38.026187702,127.253872369,38.026653000,127.254020000,38.026731637,127.253871909,38.026665000,127.254940000,38.026730078,127.255095651
344,344,825159772745,68.804,10.000000,38.026516000,127.254486000,812.000000,3587.927627,6524.636269,2936.708642,81.849718,0.117615,16.564040,15.936713,15.660980,15.452348,15.903520,16.564040,38.026460000,127.254486000,38.026460000,127.254486000,38.026264000,127.254944000,38.026185229,127.255104255,38.026250000,127.254036000,38.026187702,127.253872369,38.026653000,127.254020000,38.026731637,127.253871909,38.026665000,127.254940000,38.026730078,127.255095651
345,345,825159772950,69.009,10.000000,38.026436000,127.254490000,812.000000,3567.676352,6540.286587,2972.610234,83.320625,0.095095,17.084945,16.445742,16.784049,16.054712,16.592362,17.084945,38.026380000,127.254486000,38.026380000,127.254486000,38.026184000,127.254944000,38.026077831,127.255084695,38.026170000,127.254036000,38.026135310,127.253853698,38.026573000,127.254030000,38.026678241,127.253892937,38.026585000,127.254940000,38.026623544,127.255116427
346,346,825159773141,69.200,10.000000,38.026352000,127.254490000,812.000000,3567.680248,6553.208050,2985.527802,83.682606,0.093290,17.217932,16.518992,16.826469,16.272860,16.709063,17.217932,38.026300000,127.254486000,38.026300000,127.254486000,38.026104000,127.254944000,38.025995468,127.255083896,38.026090000,127.254036000,38.026057516,127.253852189,38.026493000,127.254030000,38.026600291,127.253894836,38.026505000,127.254940000,38.026542060,127.255119511
347,347,825159773332,69.391,10.000000,38.026276000,127.254490000,812.000000,3542.450753,6565.708608,3023.257855,85.343681,0.463351,17.446385,16.272228,15.914755,16.028519,16.415472,17.446385,38.026215000,127.254490000,38.026215000,127.254490000,38.026024000,127.254944000,38.025938996,127.255111149,38.026010000,127.254040000,38.025942537,127.253875378,38.026410000,127.254030000,38.026486688,127.253876831,38.026424000,127.254940000,38.026487081,127.255104312
348,348,825159773553,69.612,10.000000,38.026115000,127.254500000,812.000000,3549.994188,6596.413980,3046.419791,85.814783,0.159391,18.985119,18.303274,18.732259,18.078435,18.524772,18.985119,38.026060000,127.254490000,38.026060000,127.254490000,38.025864000,127.254950000,38.025715986,127.255057553,38.025850000,127.254040000,38.025858712,127.253831566,38.026250000,127.254036000,38.026397255,127.253932616,38.026264000,127.254944000,38.026261580,127.255150141
349,349,825159773743,69.802,10.000000,38.026115000,127.254500000,812.000000,3549.994188,6596.413980,3046.419791,85.814783,0.159391,18.985119,18.303274,18.732259,18.078435,18.524772,18.985119,38.026060000,127.254490000,38.026060000,127.254490000,38.025864000,127.254950000,38.025715986,127.255057553,38.025850000,127.254040000,38.025858712,127.253831566,38.026250000,127.254036000,38.026397255,127.253932616,38.026264000,127.254944000,38.026261580,127.255150141
350,350,825159773933,69.992,10.000000,38.026035000,127.254500000,812.000000,3531.158289,6613.047513,3081.889224,87.277006,0.176017,19.162226,19.129292,18.438245,18.052628,18.695598,19.162226,38.025978000,127.254490000,38.025978000,127.254490000,38.025784000,127.254950000,38.025635570,127.255060667,38.025770000,127.254050000,38.025773877,127.253831908,38.026170000,127.254036000,38.026313237,127.253930415,38.026184000,127.254944000,38.026182440,127.255149859
351,351,825159774135,70.194,10.000000,38.025955000,127.254500000,812.000000,3534.734891,6630.104633,3095.369742,87.570068,0.307218,19.440495,18.339902,18.457680,18.491493,18.682392,19.440495,38.025898000,127.254490000,38.025898000,127.254490000,38.025703000,127.254944000,38.025554974,127.255061631,38.025690000,127.254040000,38.025693558,127.253830904,38.026090000,127.254036000,38.026233383,127.253930293,38.026104000,127.254940000,38.026102746,127.255150868
352,352,825159774341,70.400,10.000000,38.025875000,127.254500000,812.000000,3521.306771,6648.847446,3127.540675,88.817615,0.399207,78.028595,31.218505,77.602148,31.059396,54.477161,78.028595,38.025818000,127.254460000,38.025818000,127.254460000,38.025610000,127.254020000,38.025334154,127.254838022,38.026012000,127.254005000,38.025813970,127.253752920,38.026024000,127.254910000,38.026288883,127.254091414,38.025627000,127.254920000,38.025821675,127.255173731
353,353,825159774531,70.590,2.000000,38.025715000,127.254510000,812.000000,143.691248,263.161886,119.470638,83.143991,0.178886,9.162164,4.494795,8.919587,4.603774,6.795080,9.162164,38.025665000,127.254290000,38.025665000,127.254290000,38.025623000,127.254196000,38.025556010,127.254256701,38.025703000,127.254196000,38.025743101,127.254190011,38.025707000,127.254380000,38.025773301,127.254322883,38.025627000,127.254380000,38.025586470,127.254390440
354,354,825159774738,70.797,2.000000,38.025715000,127.254510000,812.000000,143.691248,263.161886,119.470638,83.143991,0.178886,9.162164,4.494795,8.919587,4.603774,6.795080,9.162164,38.025665000,127.254290000,38.025665000,127.254290000,38.025623000,127.254196000,38.025556010,127.254256701,38.025703000,127.254196000,38.025743101,127.254190011,38.025707000,127.254380000,38.025773301,127.254322883,38.025627000,127.254380000,38.025586470,127.254390440
355,355,825159774944,71.003,2.000000,38.025640000,127.254510000,812.000000,137.225445,278.268487,141.043042,102.781990,0.223442,6.500417,6.191919,6.347370,6.115802,6.288877,6.500417,38.024982000,127.254210000,38.024982000,127.254210000,38.024952000,127.254300000,38.024893686,127.254303895,38.024937000,127.254130000,38.024963376,127.254067833,38.025013000,127.254110000,38.025069766,127.254116821,38.025032000,127.254295000,38.025000520,127.254352158
356,356,825159775137,71.196,2.000000,38.025560000,127.254520000,811.000000,147.208279,297.677361,150.469082,102.215095,0.012438,5.817992,5.341642,5.803769,5.304772,5.567044,5.817992,38.024250000,127.254280000,38.024250000,127.254280000,38.024227000,127.254380000,38.024176508,127.254397131,38.024193000,127.254200000,38.024206222,127.254141444,38.024273000,127.254180000,38.024323507,127.254163584,38.024307000,127.254360000,38.024293324,127.254417949
357,357,825159775343,71.402,2.000000,38.025480000,127.254520000,811.000000,153.223053,327.222963,173.999911,113.559878,0.281957,5.844679,5.637531,6.312381,5.510603,5.826298,6.312381,38.023537000,127.254510000,38.023537000,127.254510000,38.023520000,127.254616000,38.023472037,127.254643113,38.023468000,127.254440000,38.023475395,127.254376402,38.023550000,127.254410000,38.023600753,127.254377896,38.023600000,127.254580000,38.023598871,127.254642824
358,358,825159775546,71.605,2.000000,38.025400000,127.254520000,811.000000,174.764290,328.824884,154.060594,88.153360,0.174250,5.123564,5.645331,5.465258,6.048490,5.570661,6.048490,38.022880000,127.254980000,38.022880000,127.254980000,38.022873000,127.255090000,38.022836986,127.255126381,38.022800000,127.254920000,38.022800837,127.254855633,38.022884000,127.254870000,38.022923938,127.254833754,38.022957000,127.255035000,38.022957264,127.255103972
359,359,825159775733,71.792,2.000000,38.025238000,127.254524000,811.000000,219.550722,427.211900,207.661178,94.584602,0.550579,5.966358,6.031598,6.431830,5.077673,5.876865,6.431830,38.021800000,127.256460000,38.021800000,127.256460000,38.021816000,127.256584000,38.021778758,127.256632927,38.021700000,127.256430000,38.021684268,127.256364183,38.021790000,127.256350000,38.021821473,127.256288493,38.021900000,127.256500000,38.021914739,127.256554795
360,360,825159775939,71.998,2.000000,38.025238000,127.254524000,811.000000,219.550722,427.211900,207.661178,94.584602,0.550579,5.966358,6.031598,6.431830,5.077673,5.876865,6.431830,38.021800000,127.256460000,38.021800000,127.256460000,38.021816000,127.256584000,38.021778758,127.256632927,38.021700000,127.256430000,38.021684268,127.256364183,38.021790000,127.256350000,38.021821473,127.256288493,38.021900000,127.256500000,38.021914739,127.256554795
361,361,825159776137,72.196,2.000000,38.025158000,127.254530000,811.000000,244.328299,463.525682,219.197383,89.714283,0.180525,5.609615,5.534740,5.873089,5.247521,5.566241,5.873089,38.021427000,127.257460000,38.021427000,127.257460000,38.021450000,127.257580000,38.021429253,127.257638294,38.021317000,127.257440000,38.021293144,127.257384626,38.021404000,127.257340000,38.021428154,127.257280459,38.021534000,127.257484000,38.021558988,127.257534739
362,362,825159776343,72.402,2.000000,38.025080000,127.254540000,811.000000,292.398310,542.189914,249.791604,85.428539,0.259601,6.045646,5.869359,5.659955,5.243429,5.704597,6.045646,38.021190000,127.258644000,38.021190000,127.258644000,38.021225000,127.258770000,38.021205644,127.258834412,38.021076000,127.258644000,38.021040237,127.258594821,38.021160000,127.258514000,38.021177034,127.258453189,38.021310000,127.258644000,38.021338851,127.258691263
363,363,825159776545,72.604,2.000000,38.025000000,127.254550000,811.000000,326.351568,578.969473,252.617906,77.406678,0.323137,5.360592,6.013207,4.936824,5.497428,5.452013,6.013207,38.021140000,127.259840000,38.021140000,127.259840000,38.021187000,127.259970000,38.021179057,127.260030290,38.021020000,127.259860000,38.020975969,127.259820278,38.021095000,127.259710000,38.021099508,127.259653997,38.021263000,127.259820000,38.021299927,127.259861623
364,364,825159776733,72.792,2.000000,38.024840000,127.254560000,810.000000,385.800387,881.919616,496.119228,128.594798,0.159031,9.501736,6.072527,9.351504,6.144256,7.767506,9.501736,38.021748000,127.262750000,38.021748000,127.262750000,38.021828000,127.262870000,38.021825562,127.262978306,38.021618000,127.262810000,38.021563574,127.262805328,38.021664000,127.262634000,38.021671396,127.262527777,38.021873000,127.262695000,38.021928119,127.262698668
365,365,825159776938,72.997,2.000000,38.024840000,127.254560000,810.000000,385.800387,881.919616,496.119228,128.594798,0.159031,9.501736,6.072527,9.351504,6.144256,7.767506,9.501736,38.021748000,127.262750000,38.021748000,127.262750000,38.021828000,127.262870000,38.021825562,127.262978306,38.021618000,127.262810000,38.021563574,127.262805328,38.021664000,127.262634000,38.021671396,127.262527777,38.021873000,127.262695000,38.021928119,127.262698668
366,366,825159777140,73.199,2.000000,38.024773000,127.254570000,810.000000,391.458687,1044.207192,652.748504,166.747738,0.069364,10.672464,7.789560,10.187002,7.794386,9.110853,10.672464,38.022450000,127.264150000,38.022450000,127.264150000,38.022550000,127.264250000,38.022559833,127.264371059,38.022324000,127.264230000,38.022259025,127.264262972,38.022350000,127.264050000,38.022342054,127.263934274,38.022575000,127.264080000,38.022637049,127.264038819
367,367,825159777340,73.399,2.000000,38.024696000,127.254585000,809.000000,364.851223,948.593465,583.742242,159.994597,1.399326,11.010297,7.893385,6.727908,7.589377,8.305242,11.010297,38.023624000,127.265290000,38.023624000,127.265290000,38.023735000,127.265350000,38.023770555,127.265467163,38.023506000,127.265380000,38.023445750,127.265427460,38.023514000,127.265210000,38.023475574,127.265150781,38.023740000,127.265190000,38.023799732,127.265148280
368,368,825159777543,73.602,2.000000,38.024616000,127.254600000,809.000000,336.415604,1094.301445,757.885840,225.282606,1.536886,15.877203,8.025782,12.914296,5.908336,10.681404,15.877203,38.024510000,127.265114000,38.024510000,127.265114000,38.024620000,127.265175000,38.024669572,127.265344770,38.024403000,127.265210000,38.024347612,127.265268590,38.024400000,127.265050000,38.024354439,127.264914563,38.024620000,127.265020000,38.024669932,127.264997158
369,369,825159777735,73.794,2.000000,38.024456000,127.254630000,808.000000,344.761733,942.307372,597.545639,173.321335,1.159058,8.378592,10.514174,7.039153,8.191877,8.530949,10.514174,38.026627000,127.264290000,38.026627000,127.264290000,38.026745000,127.264336000,38.026810529,127.264383004,38.026540000,127.264404000,38.026515563,127.264519820,38.026512000,127.264240000,38.026450841,127.264219605,38.026720000,127.264175000,38.026740911,127.264085431
370,370,825159777936,73.995,2.000000,38.024456000,127.254630000,808.000000,344.761733,942.307372,597.545639,173.321335,1.159058,8.378592,10.514174,7.039153,8.191877,8.530949,10.514174,38.026627000,127.264290000,38.026627000,127.264290000,38.026745000,127.264336000,38.026810529,127.264383004,38.026540000,127.264404000,38.026515563,127.264519820,38.026512000,127.264240000,38.026450841,127.264219605,38.026720000,127.264175000,38.026740911,127.264085431
371,371,825159778142,74.201,2.000000,38.024380000,127.254654000,808.000000,370.151106,987.991989,617.840883,166.915855,0.553869,8.928513,7.662981,9.111639,8.826081,8.632304,9.111639,38.027653000,127.263770000,38.027653000,127.263770000,38.027780000,127.263824000,38.027856575,127.263854292,38.027573000,127.263890000,38.027553759,127.263973906,38.027530000,127.263725000,38.027453757,127.263687197,38.027733000,127.263650000,38.027744137,127.263550345
372,372,825159778342,74.401,2.000000,38.024300000,127.254680000,807.000000,423.807526,1153.257109,729.449583,172.118129,0.666456,7.991200,15.136923,8.240828,12.041424,10.852594,15.136923,38.028812000,127.263240000,38.028812000,127.263240000,38.028954000,127.263300000,38.029023103,127.263275315,38.028736000,127.263360000,38.028770257,127.263527058,38.028675000,127.263180000,38.028602777,127.263200628,38.028890000,127.263115000,38.028864317,127.262981603
373,373,825159778529,74.588,2.000000,38.024223000,127.254700000,807.000000,592.227353,1241.580892,649.353539,109.645989,0.402420,9.570485,16.287135,9.330058,15.786705,12.743596,16.287135,38.030040000,127.262820000,38.030040000,127.262820000,38.030230000,127.262920000,38.030265332,127.262820497,38.029957000,127.262940000,38.030020712,127.263107210,38.029865000,127.262730000,38.029819355,127.262819241,38.030125000,127.262695000,38.030057170,127.262536891
374,374,825159778737,74.796,2.000000,38.024067000,127.254750000,805.000000,1178.360442,2275.033848,1096.673405,93.067738,1.591521,25.282607,34.222853,23.604272,32.759943,28.967419,34.222853,38.033890000,127.262430000,38.033890000,127.262430000,38.033980000,127.262250000,38.034189811,127.262360402,38.034184000,127.262510000,38.033989236,127.262811995,38.033800000,127.262596000,38.033601873,127.262500089,38.033585000,127.262320000,38.033799492,127.262064186
375,375,825159778940,74.999,2.000000,38.024067000,127.254750000,805.000000,1178.360442,2275.033848,1096.673405,93.067738,1.591521,25.282607,34.222853,23.604272,32.759943,28.967419,34.222853,38.033890000,127.262430000,38.033890000,127.262430000,38.033980000,127.262250000,38.034189811,127.262360402,38.034184000,127.262510000,38.033989236,127.262811995,38.033800000,127.262596000,38.033601873,127.262500089,38.033585000,127.262320000,38.033799492,127.262064186
376,376,825159779134,75.193,2.000000,38.023990000,127.254780000,805.000000,1105.277244,3027.633834,1922.356589,173.925284,0.226423,28.154260,35.765958,27.535932,35.209619,31.666442,35.765958,38.035908000,127.261540000,38.035908000,127.261540000,38.035995000,127.261345000,38.036241516,127.261416767,38.036186000,127.261566000,38.036083518,127.261952616,38.035820000,127.261740000,38.035581363,127.261657335,38.035633000,127.261520000,38.035734954,127.261139856
377,377,825159779354,75.413,2.000000,38.023914000,127.254820000,804.000000,1877.948109,3108.244943,1230.296835,65.512824,2.228920,9.134148,39.706434,5.232041,37.705225,22.944462,39.706434,38.038414000,127.260460000,38.038414000,127.260460000,38.038580000,127.260254000,38.038658212,127.260222496,38.038868000,127.260506000,38.038710566,127.260912381,38.038254000,127.260666000,38.038251453,127.260725588,38.038002000,127.260420000,38.038153568,127.260035404
378,378,825159779542,75.601,2.000000,38.023838000,127.254850000,803.000000,4719.270119,20352.844576,15633.574457,331.271024,113.397905,11.435745,413.764186,16.324748,48.066126,122.397701,413.764186,38.042957000,127.259650000,38.042957000,127.259650000,38.043110000,127.259360000,38.043205830,127.259313003,38.043777000,127.259710000,38.047296826,127.261226409,38.042778000,127.259930000,38.042900122,127.260033092,38.042156000,127.259580000,38.042396749,127.259124867
379,379,825159779733,75.792,2.000000,38.023690000,127.254940000,801.000000,4865.293221,20727.281930,15861.988708,326.023283,114.440866,9.443026,416.446621,18.503651,48.501660,123.223739,416.446621,38.042970000,127.259650000,38.042970000,127.259650000,38.043140000,127.259360000,38.043214297,127.259308020,38.043810000,127.259720000,38.047361487,127.261212740,38.042763000,127.259926000,38.042905904,127.260033802,38.042145000,127.259575000,38.042396696,127.259123418
380,380,825159779935,75.994,2.000000,38.023690000,127.254940000,801.000000,4865.293221,20727.281930,15861.988708,326.023283,114.440866,9.443026,416.446621,18.503651,48.501660,123.223739,416.446621,38.042970000,127.259650000,38.042970000,127.259650000,38.043140000,127.259360000,38.043214297,127.259308020,38.043810000,127.259720000,38.047361487,127.261212740,38.042763000,127.259926000,38.042905904,127.260033802,38.042145000,127.259575000,38.042396696,127.259123418
381,381,825159780132,76.191,2.000000,38.023617000,127.254990000,800.000000,4883.073504,21273.603728,16390.530223,335.660117,119.235212,6.552925,446.186308,9.772446,52.652346,128.791006,446.186308,38.042915000,127.259476000,38.042915000,127.259476000,38.043090000,127.259186000,38.043073567,127.259114226,38.043760000,127.259544000,38.047587185,127.261056028,38.042720000,127.259760000,38.042780110,127.259841239,38.042103000,127.259410000,38.042430069,127.258976158
382,382,825159780340,76.399,2.000000,38.023544000,127.255035000,799.000000,4933.178700,21119.640425,16186.461725,328.114238,115.831609,8.480158,422.338474,18.426923,48.970264,124.553955,422.338474,38.042976000,127.259636000,38.042976000,127.259636000,38.043150000,127.259346000,38.043211062,127.259288166,38.043830000,127.259705000,38.047440164,127.261186127,38.042763000,127.259910000,38.042903956,127.260020200,38.042137000,127.259560000,38.042398417,127.259110748
383,383,825159780538,76.597,2.000000,38.023407000,127.255140000,797.000000,4978.300404,21736.124011,16757.823607,336.617364,116.006986,8.368349,445.764742,7.558330,50.613198,128.076155,445.764742,38.042984000,127.259490000,38.042984000,127.259490000,38.043144000,127.259190000,38.043098998,127.259113540,38.043840000,127.259544000,38.047669733,127.261029212,38.042793000,127.259770000,38.042813521,127.259852182,38.042150000,127.259430000,38.042432195,127.258977338
384,384,825159780744,76.803,2.000000,38.023340000,127.255200000,795.000000,5063.461902,21583.785444,16520.323543,326.265386,123.349976,5.796596,450.904546,13.549989,55.694940,131.486518,450.904546,38.042890000,127.259500000,38.042890000,127.259500000,38.043053000,127.259200000,38.043068072,127.259136711,38.043750000,127.259550000,38.047626843,127.261040010,38.042706000,127.259790000,38.042803826,127.259881969,38.042053000,127.259445000,38.042413458,127.259004435
385,385,825159780934,76.993,2.000000,38.023340000,127.255200000,795.000000,5063.461902,21583.785444,16520.323543,326.265386,123.349976,5.796596,450.904546,13.549989,55.694940,131.486518,450.904546,38.042890000,127.259500000,38.042890000,127.259500000,38.043053000,127.259200000,38.043068072,127.259136711,38.043750000,127.259550000,38.047626843,127.261040010,38.042706000,127.259790000,38.042803826,127.259881969,38.042053000,127.259445000,38.042413458,127.259004435
386,386,825159781134,77.193,2.000000,38.023273000,127.255264000,794.000000,5024.303449,21609.286615,16584.983166,330.095173,124.508109,6.329759,451.326296,15.416708,56.551670,132.406108,451.326296,38.042877000,127.259510000,38.042877000,127.259510000,38.043037000,127.259210000,38.043065412,127.259147459,38.043743000,127.259550000,38.047624479,127.261037161,38.042698000,127.259796000,38.042810984,127.259897695,38.042038000,127.259460000,38.042406983,127.259016622
387,387,825159781340,77.399,2.000000,38.023210000,127.255330000,792.000000,5166.984083,21717.036103,16550.052020,320.303909,124.372466,6.998373,451.155823,14.393858,56.700367,132.312105,451.155823,38.042890000,127.259520000,38.042890000,127.259520000,38.043037000,127.259220000,38.043073171,127.259154709,38.043760000,127.259560000,38.047643470,127.261031970,38.042717000,127.259820000,38.042825499,127.259909308,38.042040000,127.259476000,38.042404556,127.259024325
388,388,825159781530,77.589,2.000000,38.023087000,127.255480000,789.000000,5178.941394,21798.412771,16619.471377,320.904797,127.153087,9.799989,455.405479,14.886296,58.677656,134.692355,455.405479,38.042860000,127.259530000,38.042860000,127.259530000,38.042984000,127.259224000,38.043058878,127.259165215,38.043728000,127.259550000,38.047653345,127.261013126,38.042717000,127.259834000,38.042828332,127.259928064,38.042010000,127.259500000,38.042393487,127.259040805
389,389,825159781737,77.796,2.000000,38.023087000,127.255480000,789.000000,5178.941394,21798.412771,16619.471377,320.904797,127.153087,9.799989,455.405479,14.886296,58.677656,134.692355,455.405479,38.042860000,127.259530000,38.042860000,127.259530000,38.042984000,127.259224000,38.043058878,127.259165215,38.043728000,127.259550000,38.047653345,127.261013126,38.042717000,127.259834000,38.042828332,127.259928064,38.042010000,127.259500000,38.042393487,127.259040805
390,390,825159781943,78.002,2.000000,38.023030000,127.255554000,787.000000,5171.507318,21781.804745,16610.297427,321.188706,129.556458,11.933243,459.100643,15.200584,61.100509,136.833745,459.100643,38.042824000,127.259530000,38.042824000,127.259530000,38.042930000,127.259220000,38.043028207,127.259165433,38.043686000,127.259544000,38.047647416,127.261000616,38.042694000,127.259834000,38.042806995,127.259931349,38.041973000,127.259510000,38.042383518,127.259047384
391,391,825159782137,78.196,2.000000,38.022984000,127.255615000,786.000000,5381.061416,20649.383255,15268.321839,283.741825,122.232771,13.908899,424.103101,22.734128,58.944048,129.922544,424.103101,38.042805000,127.259710000,38.042805000,127.259710000,38.042908000,127.259400000,38.043026152,127.259348397,38.043690000,127.259730000,38.047333647,127.261142967,38.042683000,127.260025000,38.042869323,127.260131168,38.041940000,127.259690000,38.042314033,127.259214097
392,392,825159782344,78.403,2.000000,38.022930000,127.255700000,784.000000,5460.546247,21530.874428,16070.328180,294.298912,123.281193,20.379077,432.696101,16.323115,56.117496,131.378947,432.696101,38.042873000,127.259700000,38.042873000,127.259700000,38.042950000,127.259370000,38.043131752,127.259342177,38.043750000,127.259700000,38.047472000,127.261122639,38.042774000,127.260010000,38.042896017,127.260113258,38.042007000,127.259680000,38.042338246,127.259197482
393,393,825159782534,78.593,2.000000,38.022835000,127.255870000,781.000000,5505.154930,20146.500217,14641.345287,265.957007,121.428560,12.470112,425.242260,18.315492,61.464646,129.373128,425.242260,38.042760000,127.259735000,38.042760000,127.259735000,38.042800000,127.259410000,38.042903781,127.259356455,38.043633000,127.259710000,38.047290112,127.261111377,38.042706000,127.260060000,38.042849846,127.260161411,38.041893000,127.259740000,38.042285957,127.259247487
394,394,825159782737,78.796,2.000000,38.022835000,127.255870000,781.000000,5505.154930,20146.500217,14641.345287,265.957007,121.428560,12.470112,425.242260,18.315492,61.464646,129.373128,425.242260,38.042760000,127.259735000,38.042760000,127.259735000,38.042800000,127.259410000,38.042903781,127.259356455,38.043633000,127.259710000,38.047290112,127.261111377,38.042706000,127.260060000,38.042849846,127.260161411,38.041893000,127.259740000,38.042285957,127.259247487
395,395,825159782943,79.002,2.000000,38.022790000,127.255960000,779.000000,5648.952092,21649.113843,16000.161751,283.241236,124.907297,72.319401,527.287248,104.951767,60.778889,191.334326,527.287248,38.042850000,127.259705000,38.042850000,127.259705000,38.043705000,127.259660000,38.043105485,127.259342218,38.042835000,127.260040000,38.047501055,127.261074894,38.042000000,127.259730000,38.042890740,127.260122293,38.042860000,127.259360000,38.042326780,127.259210958
396,396,825159783147,79.206,2.000000,38.022750000,127.256050000,777.000000,5641.910058,19852.590275,14210.680217,251.877114,120.617307,88.528995,510.395086,111.489111,51.019708,190.358225,510.395086,38.042732000,127.259760000,38.042732000,127.259760000,38.043580000,127.259705000,38.042829142,127.259372271,38.042736000,127.260090000,38.047251902,127.261096606,38.041870000,127.259790000,38.042821772,127.260185830,38.042713000,127.259415000,38.042267614,127.259277733
397,397,825159783340,79.399,2.000000,38.022680000,127.256250000,773.000000,5736.942369,19994.716440,14257.774071,248.525663,121.568970,84.660638,505.860062,108.442424,43.502554,185.616420,505.860062,38.042725000,127.259766000,38.042725000,127.259766000,38.043545000,127.259680000,38.042822845,127.259377162,38.042797000,127.260110000,38.047278845,127.261062728,38.041885000,127.259820000,38.042814323,127.260190926,38.042640000,127.259415000,38.042262123,127.259288495
398,398,825159783531,79.590,2.000000,38.022680000,127.256250000,773.000000,5736.942369,19994.716440,14257.774071,248.525663,121.568970,84.660638,505.860062,108.442424,43.502554,185.616420,505.860062,38.042725000,127.259766000,38.042725000,127.259766000,38.043545000,127.259680000,38.042822845,127.259377162,38.042797000,127.260110000,38.047278845,127.261062728,38.041885000,127.259820000,38.042814323,127.260190926,38.042640000,127.259415000,38.042262123,127.259288495
399,399,825159783735,79.794,2.000000,38.022648000,127.256350000,771.000000,5792.814707,20091.302125,14298.487418,246.831431,122.122742,82.485404,503.402261,106.438203,39.238814,182.891171,503.402261,38.042725000,127.259766000,38.042725000,127.259766000,38.043526000,127.259670000,38.042822022,127.259376402,38.042840000,127.260120000,38.047303287,127.261043366,38.041900000,127.259840000,38.042815386,127.260190719,38.042600000,127.259415000,38.042261380,127.259290690
400,400,825159783941,80.000,2.000000,38.022620000,127.256450000,769.000000,5814.856857,20156.411951,14341.555094,246.636425,122.680699,79.275742,499.916781,103.754137,34.194410,179.285267,499.916781,38.042717000,127.259766000,38.042717000,127.259766000,38.043495000,127.259650000,38.042816257,127.259376310,38.042880000,127.260124000,38.047314649,127.261023140,38.041912000,127.259860000,38.042807060,127.260190051,38.042550000,127.259415000,38.042258027,127.259293825
401,401,825159784135,80.194,2.000000,38.022600000,127.256550000,768.000000,5940.272869,20417.710296,14477.437427,243.716707,124.372601,76.342617,501.576321,101.249683,29.705230,177.218463,501.576321,38.042736000,127.259740000,38.042736000,127.259740000,38.043484000,127.259605000,38.042828613,127.259348566,38.042957000,127.260110000,38.047410271,127.260980539,38.041960000,127.259860000,38.042837135,127.260165535,38.042522000,127.259384000,38.042270767,127.259269797
402,402,825159784341,80.400,2.000000,38.022568000,127.256770000,764.000000,5945.405147,20292.952156,14347.547009,241.321603,123.877973,67.668640,486.346801,93.080049,17.995720,166.272802,486.346801,38.042690000,127.259760000,38.042690000,127.259760000,38.043380000,127.259590000,38.042797201,127.259370581,38.043020000,127.260130000,38.047341015,127.260949323,38.041970000,127.259910000,38.042778407,127.260181230,38.042385000,127.259410000,38.042249244,127.259298552
403,403,825159784545,80.604,2.000000,38.022568000,127.256770000,764.000000,5945.405147,20292.952156,14347.547009,241.321603,123.877973,67.668640,486.346801,93.080049,17.995720,166.272802,486.346801,38.042690000,127.259760000,38.042690000,127.259760000,38.043380000,127.259590000,38.042797201,127.259370581,38.043020000,127.260130000,38.047341015,127.260949323,38.041970000,127.259910000,38.042778407,127.260181230,38.042385000,127.259410000,38.042249244,127.259298552
404,404,825159784733,80.792,2.000000,38.022560000,127.256874000,762.000000,6125.665387,19545.484562,13419.819175,219.075289,119.490810,64.600706,462.064913,89.610103,11.717888,156.998402,462.064913,38.042633000,127.259840000,38.042633000,127.259840000,38.043297000,127.259650000,38.042738216,127.259451134,38.043003000,127.260210000,38.047107510,127.260994929,38.041924000,127.260000000,38.042703084,127.260257179,38.042280000,127.259480000,38.042208516,127.259381887
405,405,825159784940,80.999,2.000000,38.022552000,127.256980000,761.000000,6060.765807,19601.193598,13540.427791,223.411170,120.206019,58.849424,457.635406,85.443839,9.125725,152.763599,457.635406,38.042630000,127.259834000,38.042630000,127.259834000,38.043247000,127.259630000,38.042738753,127.259445297,38.043060000,127.260200000,38.047126403,127.260966873,38.041960000,127.260010000,38.042703720,127.260250993,38.042230000,127.259480000,38.042209821,127.259379111
406,406,825159785133,81.192,2.000000,38.022552000,127.256980000,761.000000,6060.765807,19601.193598,13540.427791,223.411170,120.206019,58.849424,457.635406,85.443839,9.125725,152.763599,457.635406,38.042630000,127.259834000,38.042630000,127.259834000,38.043247000,127.259630000,38.042738753,127.259445297,38.043060000,127.260200000,38.047126403,127.260966873,38.041960000,127.260010000,38.042703720,127.260250993,38.042230000,127.259480000,38.042209821,127.259379111
407,407,825159785337,81.396,2.000000,38.022556000,127.257195000,757.000000,5845.218699,21027.204208,15181.985508,259.733404,129.666428,42.298721,483.303062,67.271506,14.930650,151.950985,483.303062,38.042650000,127.259680000,38.042650000,127.259680000,38.043137000,127.259440000,38.042775289,127.259292212,38.043182000,127.260040000,38.047484652,127.260776620,38.042095000,127.259900000,38.042680884,127.260088038,38.042150000,127.259346000,38.042252693,127.259236451
408,408,825159785545,81.604,2.000000,38.022568000,127.257300000,756.000000,5886.891210,20931.743868,15044.852658,255.565325,129.062008,38.035000,476.933968,62.530322,18.743235,149.060631,476.933968,38.042650000,127.259690000,38.042650000,127.259690000,38.043100000,127.259430000,38.042773546,127.259301955,38.043230000,127.260040000,38.047476434,127.260762345,38.042145000,127.259926000,38.042690021,127.260098617,38.042107000,127.259360000,38.042250709,127.259248600
409,409,825159785731,81.790,2.000000,38.022580000,127.257410000,754.000000,5825.661955,20928.639887,15102.977931,259.249130,129.521719,32.335129,473.511045,57.009032,23.428365,146.570893,473.511045,38.042637000,127.259690000,38.042637000,127.259690000,38.043040000,127.259420000,38.042764663,127.259302499,38.043255000,127.260030000,38.047472045,127.260736783,38.042175000,127.259940000,38.042671999,127.260096855,38.042057000,127.259370000,38.042245955,127.259252317
410,410,825159785937,81.996,2.000000,38.022620000,127.257620000,751.000000,5832.936432,20922.694498,15089.758067,258.699169,129.314276,21.662271,465.067909,42.355554,34.299633,140.846342,465.067909,38.042590000,127.259674000,38.042590000,127.259674000,38.042915000,127.259384000,38.042735407,127.259288863,38.043290000,127.259995000,38.047434116,127.260667035,38.042225000,127.259950000,38.042592716,127.260074115,38.041940000,127.259370000,38.042232119,127.259245567
411,411,825159786139,82.198,2.000000,38.022620000,127.257620000,751.000000,5832.936432,20922.694498,15089.758067,258.699169,129.314276,21.662271,465.067909,42.355554,34.299633,140.846342,465.067909,38.042590000,127.259674000,38.042590000,127.259674000,38.042915000,127.259384000,38.042735407,127.259288863,38.043290000,127.259995000,38.047434116,127.260667035,38.042225000,127.259950000,38.042592716,127.260074115,38.041940000,127.259370000,38.042232119,127.259245567
412,412,825159786343,82.402,2.000000,38.022644000,127.257720000,750.000000,5820.491634,20505.163333,14684.671699,252.292635,128.658416,18.132974,455.364043,43.798936,36.417352,138.428326,455.364043,38.042610000,127.259720000,38.042610000,127.259720000,38.042890000,127.259420000,38.042742013,127.259333568,38.043335000,127.260030000,38.047392207,127.260692372,38.042280000,127.260000000,38.042660797,127.260125691,38.041920000,127.259420000,38.042230967,127.259290999
413,413,825159786533,82.592,2.000000,38.022675000,127.257820000,748.000000,5876.413659,20292.655063,14416.241403,245.323802,127.813391,14.543713,448.093390,39.866120,40.555527,135.764688,448.093390,38.042600000,127.259735000,38.042600000,127.259735000,38.042847000,127.259430000,38.042732941,127.259349099,38.043360000,127.260040000,38.047353260,127.260683510,38.042313000,127.260030000,38.042660378,127.260140556,38.041878000,127.259450000,38.042224939,127.259308835
414,414,825159786736,82.795,2.000000,38.022747000,127.258020000,746.000000,5656.871066,21339.745317,15682.874250,277.235844,129.698618,8.766138,465.969829,18.555099,45.375643,134.666677,465.969829,38.042670000,127.259590000,38.042670000,127.259590000,38.042835000,127.259280000,38.042785920,127.259201806,38.043480000,127.259870000,38.047638578,127.260476042,38.042496000,127.259900000,38.042648574,127.259985221,38.041900000,127.259340000,38.042285212,127.259170769
415,415,825159786941,83.000,2.000000,38.022747000,127.258020000,746.000000,5656.871066,21339.745317,15682.874250,277.235844,129.698618,8.766138,465.969829,18.555099,45.375643,134.666677,465.969829,38.042670000,127.259590000,38.042670000,127.259590000,38.042835000,127.259280000,38.042785920,127.259201806,38.043480000,127.259870000,38.047638578,127.260476042,38.042496000,127.259900000,38.042648574,127.259985221,38.041900000,127.259340000,38.042285212,127.259170769
416,416,825159787145,83.204,2.000000,38.022780000,127.258095000,744.000000,5968.778849,5949.298943,-19.479906,-0.326363,23.119075,12.261913,36.112864,31.102022,45.764074,31.310218,45.764074,38.042570000,127.259990000,38.042570000,127.259990000,38.042710000,127.259670000,38.042614838,127.259599561,38.043407000,127.260270000,38.043669527,127.260511987,38.042347000,127.260284000,38.042613287,127.260391385,38.041740000,127.259720000,38.042131658,127.259561347
417,417,825159787331,83.390,2.000000,38.022827000,127.258190000,743.000000,5874.791640,4969.075348,-905.716293,-15.416994,18.357614,6.899974,19.499559,21.474061,55.958800,25.958098,55.958800,38.042442000,127.259895000,38.042442000,127.259895000,38.042553000,127.259575000,38.042518077,127.259509977,38.043300000,127.260160000,38.043324418,127.260380248,38.042263000,127.260200000,38.042443123,127.260287676,38.041615000,127.259640000,38.042101739,127.259480504
418,418,825159787536,83.595,2.000000,38.022923000,127.258354000,740.000000,5913.239631,4957.266433,-955.973198,-16.166657,17.678724,5.754145,20.118980,14.108525,58.986483,24.742033,58.986483,38.042492000,127.259930000,38.042492000,127.259930000,38.042526000,127.259605000,38.042545733,127.259544337,38.043392000,127.260180000,38.043383171,127.260409211,38.042400000,127.260250000,38.042512799,127.260323373,38.041607000,127.259700000,38.042116857,127.259516768
419,419,825159787742,83.801,2.000000,38.022923000,127.258354000,740.000000,5913.239631,4957.266433,-955.973198,-16.166657,17.678724,5.754145,20.118980,14.108525,58.986483,24.742033,58.986483,38.042492000,127.259930000,38.042492000,127.259930000,38.042526000,127.259605000,38.042545733,127.259544337,38.043392000,127.260180000,38.043383171,127.260409211,38.042400000,127.260250000,38.042512799,127.260323373,38.041607000,127.259700000,38.042116857,127.259516768
420,420,825159787932,83.991,2.000000,38.022980000,127.258440000,739.000000,5746.124193,4785.162497,-960.961696,-16.723650,16.866927,10.275891,22.889695,6.895840,66.518860,26.645071,66.518860,38.042374000,127.259865000,38.042374000,127.259865000,38.042393000,127.259544000,38.042472711,127.259484887,38.043293000,127.260090000,38.043210641,127.260329230,38.042320000,127.260180000,38.042347869,127.260250247,38.041492000,127.259650000,38.042070873,127.259461789
421,421,825159788139,84.198,2.000000,38.023037000,127.258514000,738.000000,5770.779437,4851.133928,-919.645509,-15.936244,15.714546,111.317779,97.209008,116.810689,40.643358,91.495208,116.810689,38.042460000,127.259980000,38.042460000,127.259980000,38.043392000,127.260200000,38.042512054,127.259596815,38.042450000,127.260300000,38.043315388,127.260448394,38.041534000,127.259766000,38.042469593,127.260369307,38.042435000,127.259660000,38.042076678,127.259571051
422,422,825159788345,84.404,2.000000,38.023160000,127.258650000,736.000000,5846.173342,5199.627655,-646.545687,-11.059297,16.297144,117.627330,102.077266,122.142804,41.866018,95.928354,122.142804,38.042550000,127.260050000,38.042550000,127.260050000,38.043507000,127.260254000,38.042557572,127.259665066,38.042587000,127.260370000,38.043496008,127.260523152,38.041588000,127.259850000,38.042581785,127.260440537,38.042465000,127.259720000,38.042094324,127.259639276
423,423,825159788544,84.603,2.000000,38.023160000,127.258650000,736.000000,5846.173342,5199.627655,-646.545687,-11.059297,16.297144,117.627330,102.077266,122.142804,41.866018,95.928354,122.142804,38.042550000,127.260050000,38.042550000,127.260050000,38.043507000,127.260254000,38.042557572,127.259665066,38.042587000,127.260370000,38.043496008,127.260523152,38.041588000,127.259850000,38.042581785,127.260440537,38.042465000,127.259720000,38.042094324,127.259639276
424,424,825159788734,84.793,2.000000,38.023224000,127.258710000,734.000000,5924.614868,5974.388967,49.774099,0.840124,11.650305,122.938029,107.307803,115.491635,53.224870,99.740584,122.938029,38.042725000,127.260040000,38.042725000,127.260040000,38.043700000,127.260240000,38.042697585,127.259651510,38.042790000,127.260370000,38.043746906,127.260517832,38.041770000,127.259860000,38.042706187,127.260427734,38.042633000,127.259710000,38.042159697,127.259623976
425,425,825159788938,84.997,2.000000,38.023290000,127.258770000,733.000000,5827.965878,6304.804333,476.838455,8.181902,9.125835,125.153000,107.699452,112.471306,57.733084,100.764210,125.153000,38.042812000,127.260030000,38.042812000,127.260030000,38.043793000,127.260220000,38.042765520,127.259640534,38.042900000,127.260360000,38.043860574,127.260506522,38.041860000,127.259850000,38.042766794,127.260415756,38.042706000,127.259705000,38.042192417,127.259613399
426,426,825159789143,85.202,2.000000,38.023360000,127.258830000,732.000000,5722.900223,5188.337085,-534.563138,-9.340773,14.625186,119.302835,99.406733,121.136746,43.198856,95.761292,121.136746,38.042580000,127.260080000,38.042580000,127.260080000,38.043540000,127.260270000,38.042567698,127.259697617,38.042637000,127.260400000,38.043522903,127.260542523,38.041615000,127.259900000,38.042607574,127.260466365,38.042477000,127.259760000,38.042094794,127.259674718
427,427,825159789334,85.393,2.000000,38.023502000,127.258930000,730.000000,5745.365530,5080.613805,-664.751725,-11.570225,13.151115,119.645644,97.262592,119.209660,44.823817,95.235428,119.645644,38.042590000,127.260090000,38.042590000,127.260090000,38.043545000,127.260280000,38.042568464,127.259709935,38.042640000,127.260414000,38.043507726,127.260543781,38.041634000,127.259920000,38.042612273,127.260473128,38.042492000,127.259770000,38.042094425,127.259689011
428,428,825159789533,85.592,2.000000,38.023502000,127.258930000,730.000000,5745.365530,5080.613805,-664.751725,-11.570225,13.151115,119.645644,97.262592,119.209660,44.823817,95.235428,119.645644,38.042590000,127.260090000,38.042590000,127.260090000,38.043545000,127.260280000,38.042568464,127.259709935,38.042640000,127.260414000,38.043507726,127.260543781,38.041634000,127.259920000,38.042612273,127.260473128,38.042492000,127.259770000,38.042094425,127.259689011
429,429,825159789740,85.799,2.000000,38.023580000,127.258965000,729.000000,5602.841489,5984.841534,382.000045,6.817970,6.276370,124.201937,100.435440,109.252490,59.712952,98.400705,124.201937,38.042820000,127.260060000,38.042820000,127.260060000,38.043777000,127.260250000,38.042757009,127.259675847,38.042900000,127.260380000,38.043795726,127.260517274,38.041880000,127.259890000,38.042760916,127.260439376,38.042717000,127.259740000,38.042184970,127.259653133
430,430,825159789930,85.989,2.000000,38.023650000,127.259000000,728.000000,5575.668470,5001.457989,-574.210481,-10.298505,11.805707,118.498079,96.400730,117.082026,48.127210,95.027011,118.498079,38.042603000,127.260100000,38.042603000,127.260100000,38.043540000,127.260284000,38.042571791,127.259722281,38.042640000,127.260420000,38.043500188,127.260546986,38.041660000,127.259930000,38.042618485,127.260479848,38.042522000,127.259790000,38.042095185,127.259702561
431,431,825159790133,86.192,2.000000,38.023804000,127.259060000,727.000000,5368.302517,20938.050917,15569.748400,290.031129,112.468367,92.855323,505.209960,103.973329,68.573389,192.653000,505.209960,38.043118000,127.259880000,38.043118000,127.259880000,38.044014000,127.260060000,38.043305030,127.259501968,38.043160000,127.260200000,38.047690125,127.260547373,38.042213000,127.259710000,38.043040761,127.260259360,38.043010000,127.259560000,38.042397230,127.259479946
432,432,825159790339,86.398,2.000000,38.023804000,127.259060000,727.000000,5368.302517,20938.050917,15569.748400,290.031129,112.468367,92.855323,505.209960,103.973329,68.573389,192.653000,505.209960,38.043118000,127.259880000,38.043118000,127.259880000,38.044014000,127.260060000,38.043305030,127.259501968,38.043160000,127.260200000,38.047690125,127.260547373,38.042213000,127.259710000,38.043040761,127.260259360,38.043010000,127.259560000,38.042397230,127.259479946
433,433,825159790537,86.596,2.000000,38.023884000,127.259090000,726.000000,5326.865379,21931.672456,16604.807077,311.718166,113.295084,86.170674,514.369781,98.611185,76.884257,194.008974,514.369781,38.043240000,127.259870000,38.043240000,127.259870000,38.044132000,127.260056000,38.043497810,127.259492405,38.043278000,127.260190000,38.047890770,127.260532767,38.042355000,127.259705000,38.043130704,127.260248180,38.043148000,127.259550000,38.042460239,127.259469687
434,434,825159790742,86.801,2.000000,38.023960000,127.259110000,726.000000,5216.001464,21431.295804,16215.294340,310.875955,111.694285,86.733918,510.742174,98.626717,77.968226,193.517759,510.742174,38.043217000,127.259890000,38.043217000,127.259890000,38.044090000,127.260070000,38.043445714,127.259513673,38.043236000,127.260200000,38.047815844,127.260548813,38.042343000,127.259710000,38.043112916,127.260266656,38.043148000,127.259570000,38.042450325,127.259491617
435,435,825159790933,86.992,2.000000,38.023960000,127.259110000,726.000000,5216.001464,21431.295804,16215.294340,310.875955,111.694285,86.733918,510.742174,98.626717,77.968226,193.517759,510.742174,38.043217000,127.259890000,38.043217000,127.259890000,38.044090000,127.260070000,38.043445714,127.259513673,38.043236000,127.260200000,38.047815844,127.260548813,38.042343000,127.259710000,38.043112916,127.260266656,38.043148000,127.259570000,38.042450325,127.259491617
436,436,825159791135,87.194,2.000000,38.024117000,127.259140000,725.000000,5151.903091,18105.655131,12953.752040,251.436252,102.152032,9.745583,377.763974,5.813459,29.070764,105.598445,377.763974,38.042930000,127.259970000,38.042930000,127.259970000,38.042920000,127.259660000,38.042992894,127.259598436,38.043770000,127.260160000,38.047144697,127.260613117,38.042885000,127.260280000,38.042900906,127.260343160,38.042088000,127.259790000,38.042290034,127.259579893
437,437,825159791340,87.399,2.000000,38.024193000,127.259150000,725.000000,5086.281058,17922.896834,12836.615776,252.377240,101.348897,7.494071,376.410812,7.529681,26.861979,104.574136,376.410812,38.042934000,127.259980000,38.042934000,127.259980000,38.042946000,127.259670000,38.042993718,127.259609703,38.043750000,127.260180000,38.047113532,127.260620263,38.042860000,127.260284000,38.042901706,127.260351618,38.042107000,127.259790000,38.042290507,127.259591034
438,438,825159791533,87.592,2.000000,38.024270000,127.259155000,725.000000,5037.474223,17851.161476,12813.687253,254.367302,101.418625,6.631027,377.262682,9.861617,25.065023,104.705087,377.262682,38.042940000,127.259980000,38.042940000,127.259980000,38.042973000,127.259674000,38.043006195,127.259611197,38.043736000,127.260185000,38.047107827,127.260617768,38.042835000,127.260284000,38.042906619,127.260350207,38.042133000,127.259790000,38.042295748,127.259592425
439,439,825159791734,87.793,2.000000,38.024410000,127.259160000,725.000000,4923.081311,4783.208463,-139.872848,-2.841165,4.010313,22.518901,18.384525,15.554148,24.251875,20.177362,24.251875,38.042706000,127.260130000,38.042706000,127.260130000,38.042828000,127.259834000,38.042633463,127.259763569,38.043472000,127.260350000,38.043512417,127.260553325,38.042545000,127.260420000,38.042672134,127.260493604,38.041958000,127.259920000,38.042126898,127.259745273
440,440,825159791940,87.999,2.000000,38.024410000,127.259160000,725.000000,4923.081311,4783.208463,-139.872848,-2.841165,4.010313,22.518901,18.384525,15.554148,24.251875,20.177362,24.251875,38.042706000,127.260130000,38.042706000,127.260130000,38.042828000,127.259834000,38.042633463,127.259763569,38.043472000,127.260350000,38.043512417,127.260553325,38.042545000,127.260420000,38.042672134,127.260493604,38.041958000,127.259920000,38.042126898,127.259745273
441,441,825159792140,88.199,2.000000,38.024487000,127.259160000,726.000000,4907.719337,4758.828127,-148.891210,-3.033817,3.199199,26.054069,17.924861,17.690266,21.533193,20.800597,26.054069,38.042717000,127.260130000,38.042717000,127.260130000,38.042870000,127.259834000,38.042642408,127.259764681,38.043457000,127.260360000,38.043513306,127.260551551,38.042530000,127.260420000,38.042678435,127.260492062,38.041996000,127.259920000,38.042132670,127.259746183
442,442,825159792330,88.389,2.000000,38.024560000,127.259155000,726.000000,4871.579424,4761.266017,-110.313407,-2.264428,2.389898,29.623798,17.916337,19.768090,18.230100,21.384581,29.623798,38.042732000,127.260130000,38.042732000,127.260130000,38.042915000,127.259834000,38.042654390,127.259765627,38.043446000,127.260370000,38.043521701,127.260550345,38.042520000,127.260414000,38.042687048,127.260490497,38.042038000,127.259910000,38.042139413,127.259746728
443,443,825159792536,88.595,2.000000,38.024708000,127.259150000,727.000000,4822.966210,4749.112586,-73.853624,-1.531291,0.871546,38.917938,20.402715,25.338292,13.128282,24.446807,38.917938,38.042760000,127.260130000,38.042760000,127.260130000,38.043022000,127.259840000,38.042677076,127.259767595,38.043410000,127.260376000,38.043533905,127.260547485,38.042484000,127.260410000,38.042703303,127.260487402,38.042130000,127.259895000,38.042152687,127.259748050
444,444,825159792731,88.790,2.000000,38.024708000,127.259150000,727.000000,4822.966210,4749.112586,-73.853624,-1.531291,0.871546,38.917938,20.402715,25.338292,13.128282,24.446807,38.917938,38.042760000,127.260130000,38.042760000,127.260130000,38.043022000,127.259840000,38.042677076,127.259767595,38.043410000,127.260376000,38.043533905,127.260547485,38.042484000,127.260410000,38.042703303,127.260487402,38.042130000,127.259895000,38.042152687,127.259748050
445,445,825159792938,88.997,2.000000,38.024780000,127.259140000,728.000000,4698.152913,4745.533834,47.380922,1.008501,0.780417,43.052721,21.715613,27.911076,12.623200,26.325653,43.052721,38.042774000,127.260130000,38.042774000,127.260130000,38.043070000,127.259850000,38.042688617,127.259768482,38.043396000,127.260380000,38.043540451,127.260546470,38.042470000,127.260400000,38.042711431,127.260485896,38.042180000,127.259890000,38.042159493,127.259748388
446,446,825159793151,89.210,2.000000,38.024853000,127.259130000,729.000000,4606.121200,4748.934262,142.813062,3.100506,1.495990,47.227333,23.530495,30.398482,13.657206,28.703379,47.227333,38.042790000,127.260130000,38.042790000,127.260130000,38.043120000,127.259860000,38.042701802,127.259769333,38.043377000,127.260390000,38.043549296,127.260545487,38.042458000,127.260390000,38.042720773,127.260484340,38.042233000,127.259880000,38.042167039,127.259748651
447,447,825159793342,89.401,2.000000,38.024994000,127.259110000,731.000000,4572.937531,4692.804402,119.866871,2.621223,1.002790,51.722548,28.081704,37.813184,17.169209,33.696661,51.722548,38.042820000,127.260100000,38.042820000,127.260100000,38.043200000,127.259834000,38.042741082,127.259741763,38.043335000,127.260370000,38.043561167,127.260511876,38.042420000,127.260350000,38.042750006,127.260452212,38.042320000,127.259840000,38.042197573,127.259720888
448,448,825159793541,89.600,2.000000,38.024994000,127.259110000,731.000000,4572.937531,4692.804402,119.866871,2.621223,1.002790,51.722548,28.081704,37.813184,17.169209,33.696661,51.722548,38.042820000,127.260100000,38.042820000,127.260100000,38.043200000,127.259834000,38.042741082,127.259741763,38.043335000,127.260370000,38.043561167,127.260511876,38.042420000,127.260350000,38.042750006,127.260452212,38.042320000,127.259840000,38.042197573,127.259720888
449,449,825159793736,89.795,2.000000,38.025066000,127.259094000,732.000000,4486.800303,4717.162331,230.362028,5.134216,1.517036,54.729174,31.183727,40.412065,21.133906,36.864718,54.729174,38.042840000,127.260100000,38.042840000,127.260100000,38.043243000,127.259840000,38.042757398,127.259742458,38.043320000,127.260370000,38.043577026,127.260511447,38.042410000,127.260340000,38.042762413,127.260450653,38.042374000,127.259834000,38.042206413,127.259720733
450,450,825159793942,90.001,2.000000,38.025135000,127.259090000,734.000000,4368.598683,4860.637012,492.038329,11.263070,0.936690,55.856150,38.256339,43.743874,25.904782,40.940286,55.856150,38.042862000,127.260110000,38.042862000,127.260110000,38.043285000,127.259860000,38.042790286,127.259753572,38.043300000,127.260380000,38.043624589,127.260523353,38.042404000,127.260345000,38.042786385,127.260459964,38.042435000,127.259840000,38.042218843,127.259730560
451,451,825159794131,90.190,2.000000,38.025200000,127.259070000,735.000000,4375.819521,4990.446796,614.627275,14.045992,1.359652,57.012929,44.058860,46.789577,30.365030,44.556599,57.012929,38.042880000,127.260120000,38.042880000,127.260120000,38.043324000,127.259870000,38.042818609,127.259764649,38.043285000,127.260400000,38.043666053,127.260535846,38.042397000,127.260345000,38.042805787,127.260469152,38.042490000,127.259840000,38.042228876,127.259739861
452,452,825159794336,90.395,2.000000,38.025200000,127.259070000,735.000000,4375.819521,4990.446796,614.627275,14.045992,1.359652,57.012929,44.058860,46.789577,30.365030,44.556599,57.012929,38.042880000,127.260120000,38.042880000,127.260120000,38.043324000,127.259870000,38.042818609,127.259764649,38.043285000,127.260400000,38.043666053,127.260535846,38.042397000,127.260345000,38.042805787,127.260469152,38.042490000,127.259840000,38.042228876,127.259739861
453,453,825159794544,90.603,2.000000,38.025337000,127.259050000,738.000000,4246.335452,5215.745123,969.409671,22.829324,3.447844,56.744034,54.830228,51.661489,36.019508,49.813815,56.744034,38.042915000,127.260124000,38.042915000,127.260124000,38.043385000,127.259895000,38.042884608,127.259771610,38.043262000,127.260410000,38.043743308,127.260542852,38.042397000,127.260340000,38.042849300,127.260471944,38.042572000,127.259840000,38.042257337,127.259744272
454,454,825159794746,90.805,2.000000,38.025402000,127.259030000,740.000000,4195.464059,5316.818505,1121.354446,26.727781,4.463619,55.919551,58.511229,53.138731,37.923442,51.373238,58.511229,38.042930000,127.260124000,38.042930000,127.260124000,38.043407000,127.259895000,38.042913937,127.259773023,38.043260000,127.260410000,38.043774835,127.260544477,38.042400000,127.260330000,38.042864253,127.260471024,38.042603000,127.259840000,38.042270790,127.259744187
455,455,825159794936,90.995,2.000000,38.025467000,127.259020000,741.000000,4148.471738,5465.251620,1316.779883,31.741325,6.000966,54.565754,63.443751,54.428450,39.266435,52.926097,63.443751,38.042950000,127.260120000,38.042950000,127.260120000,38.043434000,127.259895000,38.042953703,127.259770693,38.043260000,127.260410000,38.043820335,127.260542195,38.042410000,127.260320000,38.042885181,127.260466242,38.042633000,127.259840000,38.042289058,127.259740613
456,456,825159795138,91.197,2.000000,38.025467000,127.259020000,741.000000,4148.471738,5465.251620,1316.779883,31.741325,6.000966,54.565754,63.443751,54.428450,39.266435,52.926097,63.443751,38.042950000,127.260120000,38.042950000,127.260120000,38.043434000,127.259895000,38.042953703,127.259770693,38.043260000,127.260410000,38.043820335,127.260542195,38.042410000,127.260320000,38.042885181,127.260466242,38.042633000,127.259840000,38.042289058,127.259740613
457,457,825159795343,91.402,2.000000,38.025660000,127.258980000,746.000000,4028.794813,14653.286815,10624.492002,263.713902,81.762969,50.020195,364.462314,55.207971,42.658988,128.087367,364.462314,38.043007000,127.260120000,38.043007000,127.260120000,38.043500000,127.259900000,38.043061510,127.259775380,38.043266000,127.260410000,38.046527748,127.260769616,38.042460000,127.260315000,38.042941914,127.260463713,38.042720000,127.259834000,38.042343849,127.259741021
458,458,825159795537,91.596,2.000000,38.025723000,127.258970000,748.000000,3951.978158,14693.814369,10741.836210,271.809099,82.406474,48.324698,365.849001,55.185618,43.228762,128.147020,365.849001,38.043026000,127.260120000,38.043026000,127.260120000,38.043518000,127.259910000,38.043096733,127.259776922,38.043274000,127.260410000,38.046548113,127.260771643,38.042480000,127.260310000,38.042960889,127.260462923,38.042744000,127.259834000,38.042362599,127.259741265
459,459,825159795744,91.803,2.000000,38.025723000,127.258970000,748.000000,3951.978158,14693.814369,10741.836210,271.809099,82.406474,48.324698,365.849001,55.185618,43.228762,128.147020,365.849001,38.043026000,127.260120000,38.043026000,127.260120000,38.043518000,127.259910000,38.043096733,127.259776922,38.043274000,127.260410000,38.046548113,127.260771643,38.042480000,127.260310000,38.042960889,127.260462923,38.042744000,127.259834000,38.042362599,127.259741265
460,460,825159795931,91.990,2.000000,38.025787000,127.258960000,750.000000,3896.310251,14669.756677,10773.446426,276.503813,82.192443,47.550598,366.145689,54.199078,44.139057,128.008606,366.145689,38.043040000,127.260120000,38.043040000,127.260120000,38.043533000,127.259910000,38.043118649,127.259778201,38.043280000,127.260410000,38.046556690,127.260773076,38.042503000,127.260310000,38.042974926,127.260462035,38.042767000,127.259834000,38.042377222,127.259741634
461,461,825159796136,92.195,2.000000,38.025850000,127.258950000,752.000000,3815.150718,14682.734494,10867.583776,284.853328,82.813621,46.313862,367.645860,54.291121,44.498755,128.187400,367.645860,38.043060000,127.260120000,38.043060000,127.260120000,38.043550000,127.259910000,38.043146873,127.259779383,38.043290000,127.260400000,38.046579370,127.260775249,38.042522000,127.260310000,38.042994932,127.260461266,38.042790000,127.259834000,38.042396903,127.259741853
462,462,825159796338,92.397,2.000000,38.025970000,127.258930000,755.000000,3759.286033,14831.532154,11072.246121,294.530558,83.953630,44.685730,372.769929,54.049439,46.671579,129.544169,372.769929,38.043106000,127.260110000,38.043106000,127.260110000,38.043600000,127.259910000,38.043213619,127.259771794,38.043324000,127.260400000,38.046659938,127.260770129,38.042570000,127.260300000,38.043040964,127.260449898,38.042854000,127.259830000,38.042441827,127.259732544
463,463,825159796544,92.603,2.000000,38.025970000,127.258930000,755.000000,3759.286033,14831.532154,11072.246121,294.530558,83.953630,44.685730,372.769929,54.049439,46.671579,129.544169,372.769929,38.043106000,127.260110000,38.043106000,127.260110000,38.043600000,127.259910000,38.043213619,127.259771794,38.043324000,127.260400000,38.046659938,127.260770129,38.042570000,127.260300000,38.043040964,127.260449898,38.042854000,127.259830000,38.042441827,127.259732544
464,464,825159796734,92.793,2.000000,38.026030000,127.258910000,757.000000,3739.532782,14710.297729,10970.764946,293.372611,82.907975,44.786377,370.069293,53.679317,47.439955,128.993736,370.069293,38.043114000,127.260120000,38.043114000,127.260120000,38.043610000,127.259920000,38.043222442,127.259782873,38.043330000,127.260410000,38.046641320,127.260783931,38.042583000,127.260300000,38.043048680,127.260458939,38.042870000,127.259834000,38.042450033,127.259742079
465,465,825159796940,92.999,2.000000,38.026096000,127.258900000,759.000000,3699.031349,14588.885600,10889.854251,294.397458,82.055713,44.462534,367.093388,52.810794,47.449719,127.954109,367.093388,38.043120000,127.260124000,38.043120000,127.260124000,38.043613000,127.259926000,38.043228656,127.259788002,38.043340000,127.260410000,38.046624147,127.260788628,38.042595000,127.260310000,38.043054092,127.260461826,38.042877000,127.259840000,38.042457170,127.259746430
466,466,825159797141,93.200,2.000000,38.026220000,127.258880000,763.000000,3589.911893,14417.851151,10827.939258,301.621309,81.595308,42.689181,364.650916,51.660065,47.332776,126.583234,364.650916,38.043133000,127.260120000,38.043133000,127.260120000,38.043613000,127.259920000,38.043244285,127.259786168,38.043346000,127.260400000,38.046607648,127.260785051,38.042618000,127.260300000,38.043065569,127.260455736,38.042892000,127.259834000,38.042472818,127.259743507
467,467,825159797335,93.394,2.000000,38.026220000,127.258880000,763.000000,3589.911893,14417.851151,10827.939258,301.621309,81.595308,42.689181,364.650916,51.660065,47.332776,126.583234,364.650916,38.043133000,127.260120000,38.043133000,127.260120000,38.043613000,127.259920000,38.043244285,127.259786168,38.043346000,127.260400000,38.046607648,127.260785051,38.042618000,127.260300000,38.043065569,127.260455736,38.042892000,127.259834000,38.042472818,127.259743507
468,468,825159797546,93.605,2.000000,38.026280000,127.258870000,764.000000,3520.573130,14196.496883,10675.923753,303.243914,81.041326,42.417473,361.572539,51.403476,46.528386,125.480469,361.572539,38.043110000,127.260110000,38.043110000,127.260110000,38.043583000,127.259910000,38.043216540,127.259777429,38.043320000,127.260390000,38.046554098,127.260772007,38.042600000,127.260290000,38.043045444,127.260444511,38.042870000,127.259830000,38.042458747,127.259735225
469,469,825159797736,93.795,2.000000,38.026330000,127.258865000,766.000000,3524.962075,14449.275115,10924.313040,309.912924,81.031366,41.828753,364.956202,50.262706,49.355296,126.600739,364.956202,38.043167000,127.260110000,38.043167000,127.260110000,38.043648000,127.259910000,38.043286907,127.259778026,38.043385000,127.260390000,38.046649284,127.260776673,38.042660000,127.260290000,38.043094937,127.260443941,38.042940000,127.259830000,38.042503098,127.259734220
470,470,825159797938,93.997,2.000000,38.026450000,127.258850000,769.000000,3427.162852,14378.894179,10951.731328,319.556782,80.450979,40.372134,364.267201,48.927034,50.983553,126.137480,364.267201,38.043194000,127.260110000,38.043194000,127.260110000,38.043667000,127.259910000,38.043319068,127.259780060,38.043407000,127.260390000,38.046664924,127.260778612,38.042698000,127.260284000,38.043119528,127.260442037,38.042980000,127.259830000,38.042528179,127.259734845
471,471,825159798131,94.190,2.000000,38.026450000,127.258850000,769.000000,3427.162852,14378.894179,10951.731328,319.556782,80.450979,40.372134,364.267201,48.927034,50.983553,126.137480,364.267201,38.043194000,127.260110000,38.043194000,127.260110000,38.043667000,127.259910000,38.043319068,127.259780060,38.043407000,127.260390000,38.046664924,127.260778612,38.042698000,127.260284000,38.043119528,127.260442037,38.042980000,127.259830000,38.042528179,127.259734845
472,472,825159798338,94.397,2.000000,38.026516000,127.258840000,771.000000,3396.196089,14293.759877,10897.563788,320.875577,79.848360,39.716422,362.217642,48.342149,51.402474,125.419671,362.217642,38.043205000,127.260110000,38.043205000,127.260110000,38.043674000,127.259910000,38.043331947,127.259781192,38.043423000,127.260390000,38.046662375,127.260779371,38.042717000,127.260284000,38.043133215,127.260441322,38.042995000,127.259830000,38.042539318,127.259735213
473,473,825159798529,94.588,2.000000,38.026577000,127.258830000,773.000000,3384.230499,14242.297287,10858.066788,320.843004,79.959235,38.639486,361.447416,48.134836,51.189073,124.852702,361.447416,38.043220000,127.260110000,38.043220000,127.260110000,38.043682000,127.259910000,38.043349804,127.259782216,38.043438000,127.260390000,38.046670320,127.260780772,38.042736000,127.260290000,38.043151760,127.260440858,38.043007000,127.259830000,38.042553240,127.259735374
474,474,825159798735,94.794,2.000000,38.026577000,127.258830000,773.000000,3384.230499,14242.297287,10858.066788,320.843004,79.959235,38.639486,361.447416,48.134836,51.189073,124.852702,361.447416,38.043220000,127.260110000,38.043220000,127.260110000,38.043682000,127.259910000,38.043349804,127.259782216,38.043438000,127.260390000,38.046670320,127.260780772,38.042736000,127.260290000,38.043151760,127.260440858,38.043007000,127.259830000,38.042553240,127.259735374
475,475,825159798940,94.999,2.000000,38.026703000,127.258810000,776.000000,3260.071732,14128.165299,10868.093567,333.369768,79.610165,37.086228,359.350622,46.236909,50.611385,123.321286,359.350622,38.043243000,127.260100000,38.043243000,127.260100000,38.043694000,127.259910000,38.043378410,127.259774470,38.043472000,127.260380000,38.046685306,127.260772000,38.042778000,127.260290000,38.043178586,127.260429381,38.043030000,127.259834000,38.042583250,127.259726852
476,476,825159799140,95.199,2.000000,38.026764000,127.258804000,777.000000,3227.289523,14088.421504,10861.131981,336.540366,80.610487,35.000460,359.624783,46.410255,49.249210,122.571177,359.624783,38.043260000,127.260100000,38.043260000,127.260100000,38.043700000,127.259910000,38.043403876,127.259775819,38.043488000,127.260380000,38.046703677,127.260773352,38.042797000,127.260290000,38.043199295,127.260428938,38.043045000,127.259834000,38.042610556,127.259727856
477,477,825159799331,95.390,2.000000,38.026894000,127.258790000,780.000000,3147.818558,13924.251724,10776.433166,342.346071,80.705250,33.611119,358.401790,45.712952,48.242933,121.492199,358.401790,38.043285000,127.260100000,38.043285000,127.260100000,38.043724000,127.259910000,38.043440382,127.259778503,38.043507000,127.260380000,38.046711546,127.260774584,38.042835000,127.260284000,38.043229763,127.260427616,38.043080000,127.259834000,38.042654450,127.259729910
478,478,825159799537,95.596,2.000000,38.026894000,127.258790000,780.000000,3147.818558,13924.251724,10776.433166,342.346071,80.705250,33.611119,358.401790,45.712952,48.242933,121.492199,358.401790,38.043285000,127.260100000,38.043285000,127.260100000,38.043724000,127.259910000,38.043440382,127.259778503,38.043507000,127.260380000,38.046711546,127.260774584,38.042835000,127.260284000,38.043229763,127.260427616,38.043080000,127.259834000,38.042654450,127.259729910
479,479,825159799743,95.802,2.000000,38.026960000,127.258780000,782.000000,3132.525244,13828.355198,10695.829954,341.444334,80.711684,33.013002,357.140010,45.649559,47.502374,120.826236,357.140010,38.043297000,127.260100000,38.043297000,127.260100000,38.043736000,127.259910000,38.043457713,127.259779859,38.043518000,127.260380000,38.046711089,127.260775477,38.042850000,127.260284000,38.043244323,127.260426939,38.043095000,127.259834000,38.042676084,127.259730841
480,480,825159799932,95.991,2.000000,38.027023000,127.258770000,783.000000,3097.888910,13774.206186,10676.317276,344.632025,81.306237,31.402416,356.959296,45.442870,46.422990,120.056893,356.959296,38.043312000,127.260100000,38.043312000,127.260100000,38.043743000,127.259910000,38.043479755,127.259781267,38.043533000,127.260380000,38.046724310,127.260777400,38.042870000,127.260284000,38.043262516,127.260426388,38.043110000,127.259834000,38.042700824,127.259731752
481,481,825159800146,96.205,2.000000,38.027157000,127.258760000,786.000000,3002.404710,13312.084622,10309.679912,343.380753,79.154157,30.884866,347.629157,44.092295,44.620308,116.806657,347.629157,38.043297000,127.260120000,38.043297000,127.260120000,38.043713000,127.259926000,38.043452891,127.259803428,38.043518000,127.260390000,38.046624467,127.260795090,38.042870000,127.260300000,38.043249503,127.260444009,38.043090000,127.259850000,38.042696466,127.259753329
482,482,825159800361,96.420,2.000000,38.027157000,127.258760000,786.000000,3002.404710,13312.084622,10309.679912,343.380753,79.154157,30.884866,347.629157,44.092295,44.620308,116.806657,347.629157,38.043297000,127.260120000,38.043297000,127.260120000,38.043713000,127.259926000,38.043452891,127.259803428,38.043518000,127.260390000,38.046624467,127.260795090,38.042870000,127.260300000,38.043249503,127.260444009,38.043090000,127.259850000,38.042696466,127.259753329
483,483,825159800543,96.602,2.000000,38.027220000,127.258750000,787.000000,2977.849741,13254.043952,10276.194211,345.087735,79.575848,29.024209,346.860389,43.292175,43.146725,115.580874,346.860389,38.043312000,127.260120000,38.043312000,127.260120000,38.043720000,127.259920000,38.043475537,127.259804896,38.043537000,127.260390000,38.046636381,127.260796866,38.042896000,127.260300000,38.043268113,127.260443519,38.043102000,127.259850000,38.042721802,127.259754314
484,484,825159800744,96.803,2.000000,38.027290000,127.258750000,788.000000,2931.141216,13228.154339,10297.013122,351.297067,80.204313,27.547443,347.437192,42.911059,42.362569,115.064566,347.437192,38.043327000,127.260110000,38.043327000,127.260110000,38.043728000,127.259910000,38.043497308,127.259796294,38.043552000,127.260376000,38.046656392,127.260785290,38.042915000,127.260290000,38.043283759,127.260432582,38.043118000,127.259840000,38.042744715,127.259746038
485,485,825159800934,96.993,2.000000,38.027290000,127.258750000,788.000000,2931.141216,13228.154339,10297.013122,351.297067,80.204313,27.547443,347.437192,42.911059,42.362569,115.064566,347.437192,38.043327000,127.260110000,38.043327000,127.260110000,38.043728000,127.259910000,38.043497308,127.259796294,38.043552000,127.260376000,38.046656392,127.260785290,38.042915000,127.260290000,38.043283759,127.260432582,38.043118000,127.259840000,38.042744715,127.259746038
486,486,825159801140,97.199,2.000000,38.027428000,127.258736000,790.000000,2928.698876,13285.418669,10356.719792,353.628701,82.349732,24.828865,351.317412,42.250774,39.964939,114.590498,351.317412,38.043390000,127.260100000,38.043390000,127.260100000,38.043790000,127.259900000,38.043584684,127.259789357,38.043613000,127.260376000,38.046752886,127.260779664,38.042988000,127.260284000,38.043351719,127.260421718,38.043182000,127.259834000,38.042830948,127.259738542
487,487,825159801337,97.396,2.000000,38.027496000,127.258730000,792.000000,2900.045259,13151.166051,10251.120792,353.481407,81.209188,24.862818,348.148244,41.225949,40.241607,113.619654,348.148244,38.043400000,127.260100000,38.043400000,127.260100000,38.043797000,127.259900000,38.043591072,127.259790202,38.043625000,127.260376000,38.046736383,127.260778260,38.043003000,127.260284000,38.043357443,127.260420295,38.043198000,127.259834000,38.042844276,127.259739329
488,488,825159801535,97.594,2.000000,38.027496000,127.258730000,792.000000,2900.045259,13151.166051,10251.120792,353.481407,81.209188,24.862818,348.148244,41.225949,40.241607,113.619654,348.148244,38.043400000,127.260100000,38.043400000,127.260100000,38.043797000,127.259900000,38.043591072,127.259790202,38.043625000,127.260376000,38.046736383,127.260778260,38.043003000,127.260284000,38.043357443,127.260420295,38.043198000,127.259834000,38.042844276,127.259739329
489,489,825159801736,97.795,2.000000,38.027637000,127.258720000,794.000000,2790.526460,12840.001084,10049.474624,360.128269,80.271042,24.602984,343.262365,40.299436,38.570668,111.683863,343.262365,38.043407000,127.260110000,38.043407000,127.260110000,38.043797000,127.259920000,38.043596200,127.259802754,38.043625000,127.260376000,38.046691534,127.260787109,38.043020000,127.260290000,38.043365312,127.260428022,38.043205000,127.259840000,38.042865597,127.259751496
490,490,825159801942,98.001,2.000000,38.027706000,127.258710000,795.000000,2770.744118,12763.981693,9993.237575,360.669811,79.092724,24.941259,341.403293,38.406500,39.263562,111.003654,341.403293,38.043415000,127.260100000,38.043415000,127.260100000,38.043804000,127.259910000,38.043599567,127.259793581,38.043636000,127.260376000,38.046686674,127.260775788,38.043037000,127.260284000,38.043365945,127.260416128,38.043217000,127.259840000,38.042872778,127.259742337
491,491,825159802135,98.194,2.000000,38.027780000,127.258705000,796.000000,2735.463915,12645.672932,9910.209017,362.286227,78.473775,24.692923,339.470385,37.406020,39.028458,110.149446,339.470385,38.043427000,127.260100000,38.043427000,127.260100000,38.043810000,127.259910000,38.043607685,127.259794508,38.043644000,127.260376000,38.046677313,127.260774612,38.043053000,127.260284000,38.043372926,127.260414480,38.043230000,127.259840000,38.042887780,127.259743256
492,492,825159802350,98.409,2.000000,38.027780000,127.258705000,796.000000,2735.463915,12645.672932,9910.209017,362.286227,78.473775,24.692923,339.470385,37.406020,39.028458,110.149446,339.470385,38.043427000,127.260100000,38.043427000,127.260100000,38.043810000,127.259910000,38.043607685,127.259794508,38.043644000,127.260376000,38.046677313,127.260774612,38.043053000,127.260284000,38.043372926,127.260414480,38.043230000,127.259840000,38.042887780,127.259743256
493,493,825159802532,98.591,2.000000,38.027924000,127.258700000,798.000000,2680.743010,12406.115904,9725.372893,362.786468,77.097329,24.677365,334.799821,35.641052,38.023035,108.285318,334.799821,38.043446000,127.260100000,38.043446000,127.260100000,38.043823000,127.259910000,38.043620172,127.259796407,38.043663000,127.260370000,38.046653914,127.260771217,38.043080000,127.260284000,38.043384044,127.260411392,38.043247000,127.259840000,38.042913666,127.259745351
494,494,825159802743,98.802,2.000000,38.027985000,127.258690000,798.000000,2677.013582,23684.152684,21007.139102,784.722918,161.627071,315.487020,334.309203,35.999812,38.075791,180.967957,334.309203,38.043484000,127.260100000,38.043484000,127.260100000,38.043858000,127.259910000,38.046690949,127.260011134,38.043697000,127.260370000,38.046683384,127.260772391,38.043114000,127.260280000,38.043420551,127.260410785,38.043280000,127.259840000,38.042946250,127.259744954
495,495,825159802933,98.992,2.000000,38.027985000,127.258690000,798.000000,2677.013582,23684.152684,21007.139102,784.722918,161.627071,315.487020,334.309203,35.999812,38.075791,180.967957,334.309203,38.043484000,127.260100000,38.043484000,127.260100000,38.043858000,127.259910000,38.046690949,127.260011134,38.043697000,127.260370000,38.046683384,127.260772391,38.043114000,127.260280000,38.043420551,127.260410785,38.043280000,127.259840000,38.042946250,127.259744954
496,496,825159803138,99.197,2.000000,38.028130000,127.258680000,800.000000,2600.158493,23237.632498,20637.474005,793.700617,159.616321,311.974058,330.164980,35.516269,37.969540,178.906212,330.164980,38.043510000,127.260100000,38.043510000,127.260100000,38.043877000,127.259910000,38.046678298,127.260014662,38.043720000,127.260360000,38.046668283,127.260770131,38.043144000,127.260280000,38.043446529,127.260408665,38.043310000,127.259840000,38.042976937,127.259746613
497,497,825159803335,99.394,2.000000,38.028202000,127.258680000,801.000000,2577.321483,23008.377472,20431.055989,792.724389,158.502887,310.159454,327.833911,34.860643,37.613200,177.616802,327.833911,38.043520000,127.260100000,38.043520000,127.260100000,38.043884000,127.259910000,38.046668971,127.260015487,38.043730000,127.260360000,38.046657408,127.260767913,38.043160000,127.260280000,38.043456603,127.260407577,38.043320000,127.259840000,38.042990024,127.259747716
498,498,825159803531,99.590,2.000000,38.028350000,127.258675000,803.000000,2536.380545,22558.870286,20022.489742,789.411896,156.706340,306.828000,323.753165,34.277027,36.830886,175.422269,323.753165,38.043545000,127.260100000,38.043545000,127.260100000,38.043900000,127.259910000,38.046654969,127.260018067,38.043750000,127.260360000,38.046640824,127.260764513,38.043190000,127.260280000,38.043481648,127.260405403,38.043343000,127.259840000,38.043019888,127.259749628
499,499,825159803733,99.792,2.000000,38.028350000,127.258675000,803.000000,2536.380545,22558.870286,20022.489742,789.411896,156.706340,306.828000,323.753165,34.277027,36.830886,175.422269,323.753165,38.043545000,127.260100000,38.043545000,127.260100000,38.043900000,127.259910000,38.046654969,127.260018067,38.043750000,127.260360000,38.046640824,127.260764513,38.043190000,127.260280000,38.043481648,127.260405403,38.043343000,127.259840000,38.043019888,127.259749628
500,500,825159803938,99.997,2.000000,38.028427000,127.258670000,803.000000,2521.887678,22360.095748,19838.208070,786.641223,155.841364,305.247346,322.070441,33.817518,36.575321,174.427656,322.070441,38.043556000,127.260100000,38.043556000,127.260100000,38.043910000,127.259910000,38.046650705,127.260020394,38.043760000,127.260360000,38.046635678,127.260763792,38.043205000,127.260280000,38.043492620,127.260404166,38.043354000,127.259840000,38.043033071,127.259750597
501,501,825159804141,100.200,2.000000,38.028503000,127.258670000,804.000000,2498.757847,22135.638943,19636.881095,785.865710,154.917277,303.264578,320.497999,33.792454,36.709155,173.566046,320.497999,38.043568000,127.260100000,38.043568000,127.260100000,38.043920000,127.259910000,38.046642863,127.260021227,38.043766000,127.260360000,38.046627653,127.260761651,38.043217000,127.260280000,38.043504681,127.260403043,38.043370000,127.259840000,38.043047653,127.259751691
502,502,825159804341,100.400,2.000000,38.028503000,127.258670000,804.000000,2498.757847,22135.638943,19636.881095,785.865710,154.917277,303.264578,320.497999,33.792454,36.709155,173.566046,320.497999,38.043568000,127.260100000,38.043568000,127.260100000,38.043920000,127.259910000,38.046642863,127.260021227,38.043766000,127.260360000,38.046627653,127.260761651,38.043217000,127.260280000,38.043504681,127.260403043,38.043370000,127.259840000,38.043047653,127.259751691
503,503,825159804538,100.597,2.000000,38.028652000,127.258660000,806.000000,2462.891871,21700.940955,19238.049084,781.116269,153.095184,299.852493,316.497350,33.297503,36.122314,171.442415,316.497350,38.043590000,127.260100000,38.043590000,127.260100000,38.043934000,127.259910000,38.046626100,127.260024914,38.043785000,127.260360000,38.046610680,127.260759531,38.043243000,127.260280000,38.043526590,127.260400777,38.043392000,127.259840000,38.043074740,127.259753491
504,504,825159804746,100.805,2.000000,38.028730000,127.258660000,806.000000,2382.621690,21507.259035,19124.637344,802.672007,152.313655,298.782505,314.845736,32.741978,35.898440,170.567164,314.845736,38.043602000,127.260100000,38.043602000,127.260100000,38.043940000,127.259920000,38.046622705,127.260026203,38.043797000,127.260350000,38.046607012,127.260757820,38.043260000,127.260280000,38.043538647,127.260399560,38.043404000,127.259840000,38.043088608,127.259754615
505,505,825159804931,100.990,2.000000,38.028880000,127.258650000,807.000000,2306.108497,21117.875506,18811.767009,815.736425,150.529482,295.353835,311.471518,32.742939,36.171180,168.934868,311.471518,38.043625000,127.260100000,38.043625000,127.260100000,38.043960000,127.259920000,38.046611787,127.260030279,38.043816000,127.260350000,38.046595654,127.260756141,38.043285000,127.260270000,38.043561540,127.260397237,38.043430000,127.259850000,38.043113573,127.259756225
506,506,825159805138,101.197,2.000000,38.028880000,127.258650000,807.000000,2306.108497,21117.875506,18811.767009,815.736425,150.529482,295.353835,311.471518,32.742939,36.171180,168.934868,311.471518,38.043625000,127.260100000,38.043625000,127.260100000,38.043960000,127.259920000,38.046611787,127.260030279,38.043816000,127.260350000,38.046595654,127.260756141,38.043285000,127.260270000,38.043561540,127.260397237,38.043430000,127.259850000,38.043113573,127.259756225
507,507,825159805332,101.391,2.000000,38.028957000,127.258650000,808.000000,2296.104931,20907.277750,18611.172819,810.554107,149.564741,293.280879,309.699458,32.607982,36.070667,167.914747,309.699458,38.043636000,127.260100000,38.043636000,127.260100000,38.043970000,127.259920000,38.046603132,127.260031156,38.043823000,127.260350000,38.046586825,127.260753994,38.043297000,127.260270000,38.043572580,127.260396079,38.043440000,127.259850000,38.043124335,127.259757122
508,508,825159805543,101.602,2.000000,38.029034000,127.258650000,808.000000,2266.485734,20623.961179,18357.475446,809.953276,148.287252,290.788258,307.525855,32.641455,36.579203,166.883693,307.525855,38.043633000,127.260110000,38.043633000,127.260110000,38.043964000,127.259926000,38.046574538,127.260044120,38.043816000,127.260360000,38.046560222,127.260763415,38.043297000,127.260280000,38.043573194,127.260405039,38.043446000,127.259860000,38.043125449,127.259768235
509,509,825159805733,101.792,2.000000,38.029034000,127.258650000,808.000000,2266.485734,20623.961179,18357.475446,809.953276,148.287252,290.788258,307.525855,32.641455,36.579203,166.883693,307.525855,38.043633000,127.260110000,38.043633000,127.260110000,38.043964000,127.259926000,38.046574538,127.260044120,38.043816000,127.260360000,38.046560222,127.260763415,38.043297000,127.260280000,38.043573194,127.260405039,38.043446000,127.259860000,38.043125449,127.259768235
510,510,825159805933,101.992,2.000000,38.029186000,127.258650000,809.000000,2223.153679,20319.525357,18096.371678,813.995535,145.610628,287.669969,303.688068,30.333051,37.938791,164.907469,303.688068,38.043667000,127.260100000,38.043667000,127.260100000,38.043990000,127.259920000,38.046572633,127.260033653,38.043846000,127.260350000,38.046556088,127.260747147,38.043335000,127.260270000,38.043590310,127.260390900,38.043480000,127.259850000,38.043146766,127.259759262
511,511,825159806139,102.198,2.000000,38.029263000,127.258650000,810.000000,2196.960013,20085.133697,17888.173684,814.223908,144.461143,285.695707,301.775191,29.454219,38.105784,163.757725,301.775191,38.043663000,127.260100000,38.043663000,127.260100000,38.043987000,127.259926000,38.046552004,127.260035321,38.043842000,127.260360000,38.046535844,127.260745442,38.043340000,127.260280000,38.043590036,127.260389899,38.043484000,127.259860000,38.043150683,127.259761022
512,512,825159806337,102.396,2.000000,38.029343000,127.258650000,810.000000,2150.056805,19886.522441,17736.465636,824.930095,142.770106,282.771651,299.516899,28.789222,38.750621,162.457098,299.516899,38.043674000,127.260100000,38.043674000,127.260100000,38.044000000,127.259926000,38.046538705,127.260035950,38.043850000,127.260350000,38.046522771,127.260742717,38.043350000,127.260270000,38.043591503,127.260387478,38.043495000,127.259860000,38.043155647,127.259761519
513,513,825159806548,102.607,2.000000,38.029343000,127.258650000,810.000000,2150.056805,19886.522441,17736.465636,824.930095,142.770106,282.771651,299.516899,28.789222,38.750621,162.457098,299.516899,38.043674000,127.260100000,38.043674000,127.260100000,38.044000000,127.259926000,38.046538705,127.260035950,38.043850000,127.260350000,38.046522771,127.260742717,38.043350000,127.260270000,38.043591503,127.260387478,38.043495000,127.259860000,38.043155647,127.259761519
514,514,825159806733,102.792,2.000000,38.029495000,127.258650000,811.000000,2099.874165,19556.290574,17456.416409,831.307737,139.850442,279.022687,296.135508,26.490113,40.910376,160.639671,296.135508,38.043697000,127.260090000,38.043697000,127.260090000,38.044014000,127.259926000,38.046519282,127.260025330,38.043860000,127.260345000,38.046503259,127.260725946,38.043370000,127.260260000,38.043590916,127.260372310,38.043526000,127.259850000,38.043166572,127.259752711
515,515,825159806934,102.993,2.000000,38.029570000,127.258660000,811.000000,2078.105974,19367.869601,17289.763627,831.996243,138.202959,276.353681,294.146141,25.756834,41.909739,159.541599,294.146141,38.043705000,127.260090000,38.043705000,127.260090000,38.044025000,127.259926000,38.046506323,127.260024182,38.043865000,127.260345000,38.046490661,127.260721614,38.043380000,127.260254000,38.043592468,127.260370329,38.043540000,127.259850000,38.043171223,127.259753781
516,516,825159807142,103.201,2.000000,38.029570000,127.258660000,811.000000,2078.105974,19367.869601,17289.763627,831.996243,138.202959,276.353681,294.146141,25.756834,41.909739,159.541599,294.146141,38.043705000,127.260090000,38.043705000,127.260090000,38.044025000,127.259926000,38.046506323,127.260024182,38.043865000,127.260345000,38.046490661,127.260721614,38.043380000,127.260254000,38.043592468,127.260370329,38.043540000,127.259850000,38.043171223,127.259753781
517,517,825159807331,103.390,2.000000,38.029724000,127.258660000,812.000000,2039.580440,18918.108139,16878.527700,827.549008,133.411838,268.690922,288.386846,24.016802,45.769042,156.715903,288.386846,38.043740000,127.260100000,38.043740000,127.260100000,38.044060000,127.259930000,38.046472280,127.260034802,38.043884000,127.260350000,38.046457669,127.260725728,38.043407000,127.260260000,38.043602767,127.260375136,38.043587000,127.259860000,38.043183005,127.259763025
518,518,825159807535,103.594,2.000000,38.029785000,127.258670000,812.000000,1988.256485,18768.247639,16779.991154,843.955057,131.872125,266.766708,286.606218,23.064744,46.949392,155.846766,286.606218,38.043747000,127.260100000,38.043747000,127.260100000,38.044067000,127.259940000,38.046462275,127.260033494,38.043890000,127.260350000,38.046447919,127.260721841,38.043420000,127.260254000,38.043604565,127.260373555,38.043602000,127.259860000,38.043187086,127.259763948
519,519,825159807741,103.800,2.000000,38.029938000,127.258675000,813.000000,1933.106608,18378.236169,16445.129561,850.709914,128.667599,262.180650,281.633477,20.544184,47.790457,153.037192,281.633477,38.043766000,127.260100000,38.043766000,127.260100000,38.044080000,127.259940000,38.046434056,127.260033555,38.043907000,127.260345000,38.046420073,127.260715510,38.043446000,127.260260000,38.043609220,127.260369366,38.043620000,127.259865000,38.043197938,127.259765260
520,520,825159807930,103.989,2.000000,38.029938000,127.258675000,813.000000,1933.106608,18378.236169,16445.129561,850.709914,128.667599,262.180650,281.633477,20.544184,47.790457,153.037192,281.633477,38.043766000,127.260100000,38.043766000,127.260100000,38.044080000,127.259940000,38.046434056,127.260033555,38.043907000,127.260345000,38.046420073,127.260715510,38.043446000,127.260260000,38.043609220,127.260369366,38.043620000,127.259865000,38.043197938,127.259765260
521,521,825159808137,104.196,2.000000,38.030014000,127.258675000,813.000000,1926.079679,18200.885184,16274.805504,844.970521,127.141524,260.246510,278.918478,19.625130,48.292230,151.770587,278.918478,38.043777000,127.260100000,38.043777000,127.260100000,38.044086000,127.259940000,38.046422659,127.260034105,38.043920000,127.260345000,38.046408757,127.260712922,38.043457000,127.260260000,38.043611810,127.260367099,38.043630000,127.259865000,38.043203295,127.259765668
522,522,825159808344,104.403,2.000000,38.030090000,127.258680000,813.000000,1908.122506,18020.133792,16112.011286,844.390821,125.638522,257.996983,276.886959,18.502642,48.817015,150.550900,276.886959,38.043785000,127.260100000,38.043785000,127.260100000,38.044094000,127.259940000,38.046410444,127.260034000,38.043926000,127.260345000,38.046396685,127.260709637,38.043470000,127.260260000,38.043614116,127.260365148,38.043640000,127.259865000,38.043208376,127.259766563
523,523,825159808539,104.598,2.000000,38.030090000,127.258680000,813.000000,1908.122506,18020.133792,16112.011286,844.390821,125.638522,257.996983,276.886959,18.502642,48.817015,150.550900,276.886959,38.043785000,127.260100000,38.043785000,127.260100000,38.044094000,127.259940000,38.046410444,127.260034000,38.043926000,127.260345000,38.046396685,127.260709637,38.043470000,127.260260000,38.043614116,127.260365148,38.043640000,127.259865000,38.043208376,127.259766563
524,524,825159808745,104.804,2.000000,38.030243000,127.258700000,813.000000,1859.950518,17601.654532,15741.704014,846.350688,122.632670,252.430532,272.759057,18.449477,50.383323,148.505597,272.759057,38.043804000,127.260110000,38.043804000,127.260110000,38.044113000,127.259950000,38.046379442,127.260042883,38.043934000,127.260345000,38.046367127,127.260712035,38.043488000,127.260254000,38.043625359,127.260371757,38.043667000,127.259865000,38.043219599,127.259778133
525,525,825159808957,105.016,2.000000,38.030320000,127.258705000,813.000000,1822.728567,17425.089439,15602.360871,855.989265,121.216573,250.459061,270.827372,17.564224,51.218178,147.517209,270.827372,38.043816000,127.260110000,38.043816000,127.260110000,38.044120000,127.259950000,38.046368734,127.260042440,38.043940000,127.260345000,38.046355995,127.260708364,38.043500000,127.260254000,38.043628910,127.260369524,38.043680000,127.259870000,38.043225551,127.259778712
526,526,825159809133,105.192,2.000000,38.030396000,127.258710000,813.000000,1811.139327,17246.321595,15435.182268,852.236051,119.768782,248.560840,268.295117,16.798574,51.736001,146.347633,268.295117,38.043823000,127.260110000,38.043823000,127.260110000,38.044125000,127.259950000,38.046356672,127.260042456,38.043950000,127.260345000,38.046343390,127.260705129,38.043510000,127.260254000,38.043631465,127.260367703,38.043690000,127.259870000,38.043230720,127.259779702
527,527,825159809339,105.398,2.000000,38.030396000,127.258710000,813.000000,1811.139327,17246.321595,15435.182268,852.236051,119.768782,248.560840,268.295117,16.798574,51.736001,146.347633,268.295117,38.043823000,127.260110000,38.043823000,127.260110000,38.044125000,127.259950000,38.046356672,127.260042456,38.043950000,127.260345000,38.046343390,127.260705129,38.043510000,127.260254000,38.043631465,127.260367703,38.043690000,127.259870000,38.043230720,127.259779702
528,528,825159809543,105.602,2.000000,38.030550000,127.258730000,813.000000,1776.298472,16908.124729,15131.826257,851.874080,117.074306,245.407248,263.386905,14.494133,52.090781,143.844767,263.386905,38.043842000,127.260110000,38.043842000,127.260110000,38.044136000,127.259960000,38.046339615,127.260040680,38.043970000,127.260345000,38.046319810,127.260696342,38.043537000,127.260260000,38.043638316,127.260363842,38.043705000,127.259870000,38.043242247,127.259781780
529,529,825159809745,105.804,2.000000,38.030624000,127.258736000,813.000000,1728.404858,16751.133667,15022.728809,869.167240,115.790923,243.721054,261.561820,13.607929,52.763174,142.913494,261.561820,38.043854000,127.260110000,38.043854000,127.260110000,38.044144000,127.259960000,38.046332471,127.260040233,38.043976000,127.260345000,38.046309649,127.260692597,38.043550000,127.260260000,38.043642323,127.260361738,38.043716000,127.259880000,38.043248298,127.259782370
530,530,825159809934,105.993,2.000000,38.030624000,127.258736000,813.000000,1728.404858,16751.133667,15022.728809,869.167240,115.790923,243.721054,261.561820,13.607929,52.763174,142.913494,261.561820,38.043854000,127.260110000,38.043854000,127.260110000,38.044144000,127.259960000,38.046332471,127.260040233,38.043976000,127.260345000,38.046309649,127.260692597,38.043550000,127.260260000,38.043642323,127.260361738,38.043716000,127.259880000,38.043248298,127.259782370
531,531,825159810131,106.190,2.000000,38.030773000,127.258760000,813.000000,1704.835994,16382.204211,14677.368217,860.925524,113.102148,239.693189,256.887100,13.628902,54.267314,141.119126,256.887100,38.043870000,127.260120000,38.043870000,127.260120000,38.044160000,127.259960000,38.046312048,127.260049451,38.043990000,127.260345000,38.046281161,127.260694730,38.043568000,127.260260000,38.043655294,127.260369001,38.043743000,127.259880000,38.043260191,127.259794409
532,532,825159810337,106.396,2.000000,38.030850000,127.258766000,813.000000,1678.559098,16217.982093,14539.422995,866.184754,111.880412,238.043864,255.090576,12.974412,54.908249,140.254275,255.090576,38.043880000,127.260120000,38.043880000,127.260120000,38.044167000,127.259964000,38.046304329,127.260049307,38.043995000,127.260345000,38.046270245,127.260691146,38.043580000,127.260260000,38.043660371,127.260367179,38.043755000,127.259880000,38.043266289,127.259795235
533,533,825159810542,106.601,2.000000,38.031002000,127.258800000,813.000000,1629.435777,15885.324703,14255.888926,874.897258,109.419385,234.960959,250.781200,11.934504,56.105038,138.445425,250.781200,38.043896000,127.260120000,38.043896000,127.260120000,38.044178000,127.259964000,38.046287719,127.260045306,38.044010000,127.260350000,38.046247737,127.260680304,38.043602000,127.260260000,38.043670846,127.260364355,38.043777000,127.259890000,38.043278198,127.259798325
534,534,825159810745,106.804,2.000000,38.031002000,127.258800000,813.000000,1629.435777,15885.324703,14255.888926,874.897258,109.419385,234.960959,250.781200,11.934504,56.105038,138.445425,250.781200,38.043896000,127.260120000,38.043896000,127.260120000,38.044178000,127.259964000,38.046287719,127.260045306,38.044010000,127.260350000,38.046247737,127.260680304,38.043602000,127.260260000,38.043670846,127.260364355,38.043777000,127.259890000,38.043278198,127.259798325
535,535,825159810934,106.993,2.000000,38.031075000,127.258804000,813.000000,1641.693091,15686.698845,14045.005754,855.519575,107.861040,232.423622,248.053766,11.301435,57.090149,137.217243,248.053766,38.043907000,127.260130000,38.043907000,127.260130000,38.044190000,127.259990000,38.046277233,127.260056840,38.044018000,127.260370000,38.046232163,127.260688265,38.043613000,127.260280000,38.043683099,127.260373248,38.043793000,127.259900000,38.043285242,127.259808464
536,536,825159811133,107.192,2.000000,38.031150000,127.258820000,813.000000,1597.727598,15528.695898,13930.968300,871.923869,106.626793,230.580215,246.370567,10.852555,57.949538,136.438219,246.370567,38.043920000,127.260130000,38.043920000,127.260130000,38.044200000,127.259990000,38.046270714,127.260054542,38.044025000,127.260360000,38.046223539,127.260682760,38.043625000,127.260280000,38.043690566,127.260371613,38.043808000,127.259900000,38.043292325,127.259809566
537,537,825159811336,107.395,2.000000,38.031150000,127.258820000,813.000000,1597.727598,15528.695898,13930.968300,871.923869,106.626793,230.580215,246.370567,10.852555,57.949538,136.438219,246.370567,38.043920000,127.260130000,38.043920000,127.260130000,38.044200000,127.259990000,38.046270714,127.260054542,38.044025000,127.260360000,38.046223539,127.260682760,38.043625000,127.260280000,38.043690566,127.260371613,38.043808000,127.259900000,38.043292325,127.259809566
538,538,825159811538,107.597,2.000000,38.031300000,127.258850000,813.000000,1564.838792,15165.394320,13600.555528,869.134610,103.029678,225.827874,240.750301,10.187246,60.217298,134.245680,240.750301,38.043934000,127.260140000,38.043934000,127.260140000,38.044216000,127.259995000,38.046243952,127.260062405,38.044037000,127.260370000,38.046185607,127.260682957,38.043644000,127.260280000,38.043693255,127.260377935,38.043835000,127.259910000,38.043298554,127.259821637
539,539,825159811738,107.797,2.000000,38.031376000,127.258870000,813.000000,1519.214411,15002.256815,13483.042404,887.500955,101.295005,223.542299,238.530336,9.336766,61.246773,133.164043,238.530336,38.043940000,127.260140000,38.043940000,127.260140000,38.044224000,127.259995000,38.046231467,127.260059779,38.044040000,127.260370000,38.046169100,127.260676676,38.043655000,127.260280000,38.043691393,127.260375953,38.043846000,127.259920000,38.043301110,127.259823276
540,540,825159811943,108.002,2.000000,38.031452000,127.258890000,812.000000,1519.311733,14818.696397,13299.384664,875.355885,99.070987,220.666030,234.967419,9.199695,62.684075,131.879305,234.967419,38.043953000,127.260150000,38.043953000,127.260150000,38.044235000,127.260000000,38.046216554,127.260067978,38.044050000,127.260376000,38.046147067,127.260680663,38.043663000,127.260284000,38.043690077,127.260383145,38.043860000,127.259926000,38.043301621,127.259833603
541,541,825159812133,108.192,2.000000,38.031452000,127.258890000,812.000000,1519.311733,14818.696397,13299.384664,875.355885,99.070987,220.666030,234.967419,9.199695,62.684075,131.879305,234.967419,38.043953000,127.260150000,38.043953000,127.260150000,38.044235000,127.260000000,38.046216554,127.260067978,38.044050000,127.260376000,38.046147067,127.260680663,38.043663000,127.260284000,38.043690077,127.260383145,38.043860000,127.259926000,38.043301621,127.259833603
542,542,825159812336,108.395,2.000000,38.031600000,127.258930000,812.000000,1477.420160,14463.256151,12985.835991,878.953486,95.999504,216.683932,229.651823,8.015005,63.861407,129.553042,229.651823,38.043964000,127.260160000,38.043964000,127.260160000,38.044243000,127.260025000,38.046189117,127.260074332,38.044060000,127.260390000,38.046110344,127.260679683,38.043682000,127.260300000,38.043693839,127.260390180,38.043877000,127.259940000,38.043308065,127.259846537
543,543,825159812545,108.604,2.000000,38.031666000,127.258940000,812.000000,1469.246713,14445.368273,12976.121559,883.181935,94.990043,216.294373,229.179823,7.808915,63.884126,129.291809,229.179823,38.043970000,127.260130000,38.043970000,127.260130000,38.044243000,127.259995000,38.046185702,127.260038614,38.044067000,127.260360000,38.046113721,127.260642265,38.043690000,127.260270000,38.043673801,127.260356666,38.043877000,127.259910000,38.043307608,127.259819035
544,544,825159812734,108.793,2.000000,38.031666000,127.258940000,812.000000,1469.246713,14445.368273,12976.121559,883.181935,94.990043,216.294373,229.179823,7.808915,63.884126,129.291809,229.179823,38.043970000,127.260130000,38.043970000,127.260130000,38.044243000,127.259995000,38.046185702,127.260038614,38.044067000,127.260360000,38.046113721,127.260642265,38.043690000,127.260270000,38.043673801,127.260356666,38.043877000,127.259910000,38.043307608,127.259819035
545,545,825159812939,108.998,2.000000,38.031815000,127.258980000,812.000000,1542.771181,6415.598766,4872.827585,315.849015,38.062222,100.361792,123.826233,50.257505,126.104400,100.137482,126.104400,38.044495000,127.260640000,38.044495000,127.260640000,38.044760000,127.260506000,38.043872891,127.260301817,38.044586000,127.260880000,38.045685721,127.261092235,38.044205000,127.260780000,38.043753805,127.260800020,38.044376000,127.260414000,38.043252299,127.260231906
546,546,825159813140,109.199,2.000000,38.031890000,127.259000000,811.000000,2623.125265,5579.894849,2956.769584,112.719344,1.855640,10.271329,41.176358,10.125604,33.865020,23.859578,41.176358,38.048050000,127.262580000,38.048050000,127.262580000,38.048477000,127.262440000,38.048469804,127.262323189,38.048150000,127.262870000,38.048497348,127.263031479,38.047630000,127.262710000,38.047638168,127.262825039,38.047947000,127.262300000,38.047663621,127.262159493
547,547,825159813342,109.401,2.000000,38.032040000,127.259050000,811.000000,20916.993907,74123.948207,53206.954299,254.371897,3.803346,108.252886,252.442470,121.288494,251.885484,183.467334,252.442470,38.067646000,127.268480000,38.067646000,127.268480000,38.069202000,127.268370000,38.070174447,127.268374231,38.068080000,127.269140000,38.070255488,127.269953166,38.066177000,127.268555000,38.065089005,127.268481015,38.067074000,127.267784000,38.064880606,127.267077988
548,548,825159813544,109.603,2.000000,38.032040000,127.259050000,811.000000,20916.993907,74123.948207,53206.954299,254.371897,3.803346,108.252886,252.442470,121.288494,251.885484,183.467334,252.442470,38.067646000,127.268480000,38.067646000,127.268480000,38.069202000,127.268370000,38.070174447,127.268374231,38.068080000,127.269140000,38.070255488,127.269953166,38.066177000,127.268555000,38.065089005,127.268481015,38.067074000,127.267784000,38.064880606,127.267077988
549,549,825159813735,109.794,2.000000,38.032116000,127.259070000,811.000000,93829.827947,117198.874218,23369.046271,24.905775,62.692419,183.891539,29.949233,91.340389,136.988929,110.542522,183.891539,38.076770000,127.271080000,38.076770000,127.271080000,38.081730000,127.271720000,38.080172563,127.271020445,38.080044000,127.272680000,38.079823081,127.272875059,38.072643000,127.270530000,38.073371332,127.271010038,38.074554000,127.269844000,38.073391228,127.269332193
550,550,825159813938,109.997,2.000000,38.032190000,127.259094000,811.000000,93853.360686,116655.881581,22802.520895,24.295902,61.723242,178.066887,34.469969,89.197513,130.396749,108.032780,178.066887,38.076782000,127.271080000,38.076782000,127.271080000,38.081680000,127.271706000,38.080174669,127.271018711,38.080105000,127.272700000,38.079826001,127.272870635,38.072685000,127.270546000,38.073396879,127.271013223,38.074516000,127.269840000,38.073413683,127.269336626
551,551,825159814139,110.198,2.000000,38.032190000,127.259094000,811.000000,93853.360686,116655.881581,22802.520895,24.295902,61.723242,178.066887,34.469969,89.197513,130.396749,108.032780,178.066887,38.076782000,127.271080000,38.076782000,127.271080000,38.081680000,127.271706000,38.080174669,127.271018711,38.080105000,127.272700000,38.079826001,127.272870635,38.072685000,127.270546000,38.073396879,127.271013223,38.074516000,127.269840000,38.073413683,127.269336626
552,552,825159814330,110.389,2.000000,38.032337000,127.259150000,811.000000,93039.298111,115493.081026,22453.782916,24.133655,60.354672,174.875892,37.170080,89.578886,125.545882,106.792685,174.875892,38.076800000,127.271090000,38.076800000,127.271090000,38.081650000,127.271700000,38.080171580,127.271025256,38.080130000,127.272700000,38.079824638,127.272871597,38.072730000,127.270560000,38.073444600,127.271030012,38.074516000,127.269844000,38.073455623,127.269356067
553,553,825159814538,110.597,2.000000,38.032413000,127.259170000,811.000000,92995.018035,114926.397407,21931.379371,23.583392,59.589402,173.965159,37.021031,90.082043,124.129163,106.299349,173.965159,38.076810000,127.271090000,38.076810000,127.271090000,38.081640000,127.271700000,38.080170715,127.271023716,38.080130000,127.272700000,38.079824587,127.272867199,38.072746000,127.270570000,38.073468548,127.271032873,38.074524000,127.269844000,38.073475997,127.269360144
554,554,825159814746,110.805,2.000000,38.032562000,127.259220000,810.000000,91995.226783,113402.819838,21407.593054,23.270330,63.143509,174.120767,45.831306,82.687585,120.420308,105.764991,174.120767,38.076733000,127.271090000,38.076733000,127.271090000,38.081528000,127.271690000,38.080055585,127.271019513,38.080116000,127.272710000,38.079720574,127.272855636,38.072750000,127.270590000,38.073406334,127.271031838,38.074440000,127.269850000,38.073426212,127.269370577
555,555,825159814943,111.002,2.000000,38.032562000,127.259220000,810.000000,91995.226783,113402.819838,21407.593054,23.270330,63.143509,174.120767,45.831306,82.687585,120.420308,105.764991,174.120767,38.076733000,127.271090000,38.076733000,127.271090000,38.081528000,127.271690000,38.080055585,127.271019513,38.080116000,127.272710000,38.079720574,127.272855636,38.072750000,127.270590000,38.073406334,127.271031838,38.074440000,127.269850000,38.073426212,127.269370577
556,556,825159815137,111.196,2.000000,38.032635000,127.259250000,810.000000,91791.667954,112780.214882,20988.546928,22.865416,62.913119,169.222068,51.467954,80.270776,115.963914,104.231178,169.222068,38.076733000,127.271095000,38.076733000,127.271095000,38.081474000,127.271675000,38.080043248,127.271022534,38.080160000,127.272720000,38.079710177,127.272855764,38.072784000,127.270610000,38.073420739,127.271039908,38.074413000,127.269850000,38.073439000,127.269380645
557,557,825159815343,111.402,2.000000,38.032784000,127.259290000,810.000000,91301.696371,112063.371299,20761.674927,22.739638,60.811409,160.033727,58.522204,80.141373,109.274688,101.992998,160.033727,38.076820000,127.271110000,38.076820000,127.271110000,38.081474000,127.271670000,38.080125505,127.271037017,38.080303000,127.272750000,38.079785200,127.272865440,38.072910000,127.270640000,38.073547201,127.271065640,38.074448000,127.269860000,38.073535616,127.269399938
558,558,825159815541,111.600,2.000000,38.032784000,127.259290000,810.000000,91301.696371,112063.371299,20761.674927,22.739638,60.811409,160.033727,58.522204,80.141373,109.274688,101.992998,160.033727,38.076820000,127.271110000,38.076820000,127.271110000,38.081474000,127.271670000,38.080125505,127.271037017,38.080303000,127.272750000,38.079785200,127.272865440,38.072910000,127.270640000,38.073547201,127.271065640,38.074448000,127.269860000,38.073535616,127.269399938
559,559,825159815731,111.790,2.000000,38.032860000,127.259315000,810.000000,91120.487172,111982.929157,20862.441985,22.895446,59.856612,158.461475,58.173036,82.536938,109.613787,102.196309,158.461475,38.076870000,127.271126000,38.076870000,127.271126000,38.081510000,127.271675000,38.080173410,127.271052875,38.080345000,127.272760000,38.079830966,127.272879548,38.072956000,127.270645000,38.073611418,127.271085363,38.074482000,127.269870000,38.073565792,127.269411700
560,560,825159815944,112.003,2.000000,38.032932000,127.259346000,810.000000,91075.565242,111858.672110,20783.106868,22.819630,58.849653,155.841182,57.968256,84.097926,110.289591,102.049239,155.841182,38.076910000,127.271130000,38.076910000,127.271130000,38.081520000,127.271680000,38.080209287,127.271055228,38.080380000,127.272770000,38.079866547,127.272880263,38.072987000,127.270660000,38.073661275,127.271092815,38.074510000,127.269880000,38.073589712,127.269413844
561,561,825159816141,112.200,2.000000,38.032932000,127.259346000,810.000000,91075.565242,111858.672110,20783.106868,22.819630,58.849653,155.841182,57.968256,84.097926,110.289591,102.049239,155.841182,38.076910000,127.271130000,38.076910000,127.271130000,38.081520000,127.271680000,38.080209287,127.271055228,38.080380000,127.272770000,38.079866547,127.272880263,38.072987000,127.270660000,38.073661275,127.271092815,38.074510000,127.269880000,38.073589712,127.269413844
562,562,825159816330,112.389,2.000000,38.033080000,127.259390000,810.000000,90497.812328,110929.367595,20431.555267,22.576850,58.528446,149.789448,65.737737,83.504971,106.233219,101.316344,149.789448,38.076930000,127.271150000,38.076930000,127.271150000,38.081470000,127.271670000,38.080209017,127.271073458,38.080452000,127.272790000,38.079867043,127.272892836,38.073040000,127.270680000,38.073706664,127.271116872,38.074500000,127.269890000,38.073614869,127.269436840
563,563,825159816530,112.589,2.000000,38.033142000,127.259415000,810.000000,89072.472675,110256.852575,21184.379900,23.783307,58.703819,146.155099,66.318902,79.642940,106.143330,99.565068,146.155099,38.076904000,127.271120000,38.076904000,127.271120000,38.081394000,127.271630000,38.080166276,127.271038928,38.080418000,127.272750000,38.079828007,127.272854988,38.073055000,127.270660000,38.073685849,127.271088714,38.074486000,127.269870000,38.073602479,127.269414519
564,564,825159816736,112.795,2.000000,38.033142000,127.259415000,810.000000,89072.472675,110256.852575,21184.379900,23.783307,58.703819,146.155099,66.318902,79.642940,106.143330,99.565068,146.155099,38.076904000,127.271120000,38.076904000,127.271120000,38.081394000,127.271630000,38.080166276,127.271038928,38.080418000,127.272750000,38.079828007,127.272854988,38.073055000,127.270660000,38.073685849,127.271088714,38.074486000,127.269870000,38.073602479,127.269414519
565,565,825159816941,113.000,2.000000,38.033290000,127.259470000,810.000000,88955.996724,109346.572478,20390.575754,22.922092,57.582967,143.479002,65.860672,80.494816,105.655656,98.872537,143.479002,38.076923000,127.271126000,38.076923000,127.271126000,38.081370000,127.271620000,38.080164286,127.271041326,38.080414000,127.272750000,38.079827817,127.272851811,38.073086000,127.270676000,38.073727604,127.271099647,38.074505000,127.269875000,38.073624458,127.269425008
566,566,825159817141,113.200,2.000000,38.033363000,127.259490000,810.000000,88614.843357,108891.292838,20276.449480,22.881550,57.456160,142.871769,66.787237,80.900798,105.160593,98.930099,142.871769,38.076930000,127.271126000,38.076930000,127.271126000,38.081360000,127.271620000,38.080160566,127.271039833,38.080420000,127.272750000,38.079824968,127.272847482,38.073100000,127.270676000,38.073744972,127.271101462,38.074510000,127.269875000,38.073633606,127.269427048
567,567,825159817332,113.391,2.000000,38.033363000,127.259490000,810.000000,88614.843357,108891.292838,20276.449480,22.881550,57.456160,142.871769,66.787237,80.900798,105.160593,98.930099,142.871769,38.076930000,127.271126000,38.076930000,127.271126000,38.081360000,127.271620000,38.080160566,127.271039833,38.080420000,127.272750000,38.079824968,127.272847482,38.073100000,127.270676000,38.073744972,127.271101462,38.074510000,127.269875000,38.073633606,127.269427048
568,568,825159817545,113.604,2.000000,38.033512000,127.259544000,810.000000,87950.810095,108000.763220,20049.953125,22.796780,56.765814,137.438795,70.506973,79.862499,102.927973,97.684060,137.438795,38.076950000,127.271130000,38.076950000,127.271130000,38.081310000,127.271610000,38.080159721,127.271040209,38.080456000,127.272760000,38.079825946,127.272842290,38.073150000,127.270690000,38.073786638,127.271110137,38.074512000,127.269880000,38.073656141,127.269435515
569,569,825159817735,113.794,2.000000,38.033585000,127.259575000,810.000000,87250.698773,107545.044092,20294.345318,23.259808,56.515236,137.070029,70.284124,80.204704,103.373790,97.733162,137.070029,38.076958000,127.271130000,38.076958000,127.271130000,38.081303000,127.271610000,38.080156979,127.271037937,38.080452000,127.272750000,38.079824373,127.272837240,38.073162000,127.270700000,38.073805076,127.271112739,38.074524000,127.269890000,38.073666112,127.269438411
570,570,825159817941,114.000,2.000000,38.033657000,127.259600000,810.000000,87014.179469,107128.078472,20113.899003,23.115657,55.437158,135.662110,69.106640,81.471355,102.643795,97.220975,135.662110,38.076970000,127.271140000,38.076970000,127.271140000,38.081295000,127.271610000,38.080159788,127.271046934,38.080444000,127.272750000,38.079827592,127.272843592,38.073177000,127.270700000,38.073828080,127.271124625,38.074535000,127.269890000,38.073680429,127.269450098
571,571,825159818143,114.202,2.000000,38.033657000,127.259600000,810.000000,87014.179469,107128.078472,20113.899003,23.115657,55.437158,135.662110,69.106640,81.471355,102.643795,97.220975,135.662110,38.076970000,127.271140000,38.076970000,127.271140000,38.081295000,127.271610000,38.080159788,127.271046934,38.080444000,127.272750000,38.079827592,127.272843592,38.073177000,127.270700000,38.073828080,127.271124625,38.074535000,127.269890000,38.073680429,127.269450098
572,572,825159818334,114.393,2.000000,38.033806000,127.259650000,810.000000,86132.134481,106207.231274,20075.096794,23.307325,55.248632,132.653377,71.770694,80.771415,101.618846,96.703583,132.653377,38.076984000,127.271140000,38.076984000,127.271140000,38.081260000,127.271600000,38.080151863,127.271043286,38.080463000,127.272750000,38.079821685,127.272834157,38.073215000,127.270710000,38.073861516,127.271128419,38.074543000,127.269900000,38.073699933,127.269455293
573,573,825159818538,114.597,2.000000,38.033880000,127.259674000,810.000000,85708.786813,105785.320915,20076.534101,23.424126,54.261555,131.365871,70.723624,81.951735,100.975061,96.254073,131.365871,38.076996000,127.271150000,38.076996000,127.271150000,38.081253000,127.271600000,38.080154474,127.271052378,38.080456000,127.272750000,38.079824687,127.272840520,38.073230000,127.270710000,38.073883774,127.271139950,38.074554000,127.269905000,38.073714984,127.269467075
574,574,825159818740,114.799,2.000000,38.033880000,127.259674000,810.000000,85708.786813,105785.320915,20076.534101,23.424126,54.261555,131.365871,70.723624,81.951735,100.975061,96.254073,131.365871,38.076996000,127.271150000,38.076996000,127.271150000,38.081253000,127.271600000,38.080154474,127.271052378,38.080456000,127.272750000,38.079824687,127.272840520,38.073230000,127.270710000,38.073883774,127.271139950,38.074554000,127.269905000,38.073714984,127.269467075
575,575,825159818931,114.990,2.000000,38.034027000,127.259730000,809.000000,85103.065355,105080.770506,19977.705151,23.474719,53.824602,128.375534,70.136653,79.880465,101.077955,94.867652,128.375534,38.077015000,127.271150000,38.077015000,127.271150000,38.081230000,127.271590000,38.080158077,127.271049702,38.080456000,127.272740000,38.079830171,127.272832468,38.073277000,127.270730000,38.073916780,127.271142816,38.074574000,127.269910000,38.073734172,127.269471496
576,576,825159819135,115.194,2.000000,38.034100000,127.259760000,809.000000,84942.736117,104613.345735,19670.609617,23.157495,53.543880,127.283674,70.803606,79.513576,99.828269,94.357281,127.283674,38.077023000,127.271160000,38.077023000,127.271160000,38.081220000,127.271590000,38.080155941,127.271058326,38.080460000,127.272740000,38.079828681,127.272838254,38.073300000,127.270740000,38.073935319,127.271154707,38.074580000,127.269910000,38.073748134,127.269484479
577,577,825159819342,115.401,2.000000,38.034100000,127.259760000,809.000000,84942.736117,104613.345735,19670.609617,23.157495,53.543880,127.283674,70.803606,79.513576,99.828269,94.357281,127.283674,38.077023000,127.271160000,38.077023000,127.271160000,38.081220000,127.271590000,38.080155941,127.271058326,38.080460000,127.272740000,38.079828681,127.272838254,38.073300000,127.270740000,38.073935319,127.271154707,38.074580000,127.269910000,38.073748134,127.269484479
578,578,825159819532,115.591,2.000000,38.034245000,127.259810000,809.000000,83953.532404,103752.536611,19799.004207,23.583289,52.930361,125.515640,69.156538,79.204302,100.294480,93.542740,125.515640,38.077040000,127.271164000,38.077040000,127.271164000,38.081203000,127.271580000,38.080152675,127.271059105,38.080444000,127.272740000,38.079827134,127.272833522,38.073340000,127.270744000,38.073970766,127.271162202,38.074604000,127.269930000,38.073771138,127.269493488
579,579,825159819735,115.794,2.000000,38.034320000,127.259834000,809.000000,83824.896079,103390.247313,19565.351234,23.340740,52.976253,124.498788,69.865871,78.445879,100.121219,93.232939,124.498788,38.077057000,127.271170000,38.077057000,127.271170000,38.081200000,127.271590000,38.080161085,127.271063981,38.080460000,127.272750000,38.079836034,127.272835859,38.073370000,127.270760000,38.073996552,127.271169720,38.074620000,127.269936000,38.073788359,127.269500913
580,580,825159819942,116.001,2.000000,38.034320000,127.259834000,809.000000,83824.896079,103390.247313,19565.351234,23.340740,52.976253,124.498788,69.865871,78.445879,100.121219,93.232939,124.498788,38.077057000,127.271170000,38.077057000,127.271170000,38.081200000,127.271590000,38.080161085,127.271063981,38.080460000,127.272750000,38.079836034,127.272835859,38.073370000,127.270760000,38.073996552,127.271169720,38.074620000,127.269936000,38.073788359,127.269500913
581,581,825159820143,116.202,2.000000,38.034466000,127.259890000,809.000000,83042.356005,103145.374602,20103.018597,24.208151,50.531843,118.600428,66.722889,80.321251,101.635840,91.820102,118.600428,38.077110000,127.271180000,38.077110000,127.271180000,38.081210000,127.271590000,38.080224131,127.271076878,38.080494000,127.272750000,38.079899340,127.272845391,38.073437000,127.270775000,38.074081053,127.271188233,38.074680000,127.269950000,38.073834334,127.269512811
582,582,825159820344,116.403,2.000000,38.034540000,127.259910000,809.000000,82096.439904,102554.866640,20458.426737,24.919993,50.463216,118.312184,66.731672,79.845308,101.203238,91.523100,118.312184,38.077106000,127.271190000,38.077106000,127.271190000,38.081192000,127.271590000,38.080206103,127.271085705,38.080475000,127.272740000,38.079881915,127.272850772,38.073450000,127.270780000,38.074087004,127.271198816,38.074684000,127.269960000,38.073841444,127.269526205
583,583,825159820532,116.591,2.000000,38.034610000,127.259940000,809.000000,81966.750155,102061.872579,20095.122424,24.516188,50.128083,116.973615,66.467903,79.618248,100.883202,90.985742,116.973615,38.077106000,127.271190000,38.077106000,127.271190000,38.081170000,127.271580000,38.080194590,127.271083522,38.080463000,127.272740000,38.079871727,127.272845637,38.073463000,127.270780000,38.074096828,127.271200956,38.074688000,127.269960000,38.073847342,127.269529986
584,584,825159820734,116.793,2.000000,38.034610000,127.259940000,809.000000,81966.750155,102061.872579,20095.122424,24.516188,50.128083,116.973615,66.467903,79.618248,100.883202,90.985742,116.973615,38.077106000,127.271190000,38.077106000,127.271190000,38.081170000,127.271580000,38.080194590,127.271083522,38.080463000,127.272740000,38.079871727,127.272845637,38.073463000,127.270780000,38.074096828,127.271200956,38.074688000,127.269960000,38.073847342,127.269529986
585,585,825159820940,116.999,2.000000,38.034748000,127.259990000,809.000000,81213.577466,101054.843000,19841.265534,24.430971,50.348658,117.200283,64.445594,77.922679,102.101776,90.417583,117.200283,38.077103000,127.271180000,38.077103000,127.271180000,38.081140000,127.271576000,38.080165894,127.271068551,38.080420000,127.272730000,38.079845893,127.272824678,38.073490000,127.270790000,38.074113138,127.271195096,38.074703000,127.269966000,38.073853432,127.269526885
586,586,825159821133,117.192,2.000000,38.034820000,127.260010000,809.000000,80639.569431,100653.695991,20014.126560,24.819238,50.097727,116.105389,64.138773,77.885197,102.892540,90.255475,116.105389,38.077110000,127.271180000,38.077110000,127.271180000,38.081130000,127.271576000,38.080166667,127.271068139,38.080418000,127.272720000,38.079847411,127.272821614,38.073510000,127.270800000,38.074135457,127.271198333,38.074720000,127.269970000,38.073863329,127.269529122
587,587,825159821336,117.395,2.000000,38.034820000,127.260010000,809.000000,80639.569431,100653.695991,20014.126560,24.819238,50.097727,116.105389,64.138773,77.885197,102.892540,90.255475,116.105389,38.077110000,127.271180000,38.077110000,127.271180000,38.081130000,127.271576000,38.080166667,127.271068139,38.080418000,127.272720000,38.079847411,127.272821614,38.073510000,127.270800000,38.074135457,127.271198333,38.074720000,127.269970000,38.073863329,127.269529122
588,588,825159821541,117.600,2.000000,38.034966000,127.260060000,809.000000,80040.326308,99892.743032,19852.416724,24.803018,47.782949,112.372818,62.214928,81.111897,102.479764,89.544852,112.372818,38.077130000,127.271190000,38.077130000,127.271190000,38.081112000,127.271570000,38.080179629,127.271078488,38.080414000,127.272720000,38.079861488,127.272826922,38.073540000,127.270805000,38.074192565,127.271216790,38.074745000,127.269980000,38.073890776,127.269544006
589,589,825159821736,117.795,2.000000,38.035038000,127.260090000,809.000000,79258.156640,99471.022182,20212.865542,25.502568,47.042774,111.925251,60.814717,82.835863,103.323862,89.724923,111.925251,38.077137000,127.271194000,38.077137000,127.271194000,38.081110000,127.271570000,38.080180900,127.271081803,38.080402000,127.272710000,38.079863592,127.272827594,38.073550000,127.270805000,38.074216681,127.271224913,38.074764000,127.269990000,38.073902498,127.269551182
590,590,825159821935,117.994,2.000000,38.035038000,127.260090000,809.000000,79258.156640,99471.022182,20212.865542,25.502568,47.042774,111.925251,60.814717,82.835863,103.323862,89.724923,111.925251,38.077137000,127.271194000,38.077137000,127.271194000,38.081110000,127.271570000,38.080180900,127.271081803,38.080402000,127.272710000,38.079863592,127.272827594,38.073550000,127.270805000,38.074216681,127.271224913,38.074764000,127.269990000,38.073902498,127.269551182
591,591,825159822144,118.203,2.000000,38.035183000,127.260150000,809.000000,78469.804354,98708.311770,20238.507417,25.791459,45.246255,108.876410,59.160273,85.487751,103.708912,89.308336,108.876410,38.077156000,127.271194000,38.077156000,127.271194000,38.081090000,127.271570000,38.080191082,127.271080401,38.080400000,127.272710000,38.079875816,127.272821224,38.073580000,127.270810000,38.074271533,127.271234248,38.074790000,127.270000000,38.073926087,127.269557022
592,592,825159822344,118.403,2.000000,38.035255000,127.260170000,809.000000,78153.170619,98311.148737,20157.978118,25.792911,44.211176,107.227182,57.726449,86.458954,103.885957,88.824635,107.227182,38.077164000,127.271200000,38.077164000,127.271200000,38.081080000,127.271570000,38.080195018,127.271086873,38.080390000,127.272705000,38.079880125,127.272825101,38.073597000,127.270820000,38.074298265,127.271244098,38.074806000,127.270004000,38.073939034,127.269565266
593,593,825159822536,118.595,2.000000,38.035255000,127.260170000,809.000000,78153.170619,98311.148737,20157.978118,25.792911,44.211176,107.227182,57.726449,86.458954,103.885957,88.824635,107.227182,38.077164000,127.271200000,38.077164000,127.271200000,38.081080000,127.271570000,38.080195018,127.271086873,38.080390000,127.272705000,38.079880125,127.272825101,38.073597000,127.270820000,38.074298265,127.271244098,38.074806000,127.270004000,38.073939034,127.269565266
594,594,825159822758,118.817,2.000000,38.035404000,127.260220000,809.000000,77920.731582,97495.649872,19574.918290,25.121579,42.881624,105.763111,55.812600,89.222746,104.847594,88.911513,105.763111,38.077180000,127.271200000,38.077180000,127.271200000,38.081070000,127.271570000,38.080199725,127.271085788,38.080380000,127.272705000,38.079886678,127.272818684,38.073620000,127.270830000,38.074349315,127.271252296,38.074837000,127.270010000,38.073960950,127.269570594
595,595,825159822930,118.989,2.000000,38.035477000,127.260250000,809.000000,77413.037361,97067.727359,19654.689998,25.389380,41.867203,103.938350,55.206007,90.928668,104.798098,88.717781,104.798098,38.077187000,127.271210000,38.077187000,127.271210000,38.081062000,127.271560000,38.080202727,127.271095956,38.080376000,127.272700000,38.079890122,127.272826165,38.073635000,127.270830000,38.074375967,127.271266701,38.074852000,127.270020000,38.073975394,127.269583935
596,596,825159823132,119.191,2.000000,38.035477000,127.260250000,809.000000,77413.037361,97067.727359,19654.689998,25.389380,41.867203,103.938350,55.206007,90.928668,104.798098,88.717781,104.798098,38.077187000,127.271210000,38.077187000,127.271210000,38.081062000,127.271560000,38.080202727,127.271095956,38.080376000,127.272700000,38.079890122,127.272826165,38.073635000,127.270830000,38.074375967,127.271266701,38.074852000,127.270020000,38.073975394,127.269583935
597,597,825159823337,119.396,2.000000,38.035620000,127.260300000,809.000000,76225.233434,96397.253932,20172.020499,26.463704,40.226211,101.269176,52.558757,92.661097,105.900023,88.097263,105.900023,38.077206000,127.271210000,38.077206000,127.271210000,38.081047000,127.271560000,38.080214032,127.271095409,38.080364000,127.272690000,38.079903213,127.272820759,38.073666000,127.270836000,38.074423823,127.271273444,38.074883000,127.270035000,38.073998859,127.269588931
598,598,825159823530,119.589,2.000000,38.035694000,127.260330000,809.000000,76162.278659,95987.087721,19824.809061,26.029695,39.166324,100.154385,51.537421,94.124309,105.082376,87.724622,105.082376,38.077213000,127.271220000,38.077213000,127.271220000,38.081043000,127.271560000,38.080217422,127.271105708,38.080357000,127.272690000,38.079907021,127.272828341,38.073680000,127.270840000,38.074448728,127.271287309,38.074894000,127.270035000,38.074013610,127.269602343
599,599,825159823736,119.795,2.000000,38.035840000,127.260380000,809.000000,75538.486251,95727.669160,20189.182909,26.727015,35.678572,94.433426,47.007132,96.671257,104.734746,85.711640,104.734746,38.077260000,127.271225000,38.077260000,127.271225000,38.081050000,127.271570000,38.080280865,127.271115396,38.080380000,127.272700000,38.079971289,127.272834858,38.073746000,127.270860000,38.074540898,127.271304221,38.074932000,127.270050000,38.074057202,127.269610076
600,600,825159823941,120.000,2.000000,38.035840000,127.260380000,809.000000,75538.486251,95727.669160,20189.182909,26.727015,35.678572,94.433426,47.007132,96.671257,104.734746,85.711640,104.734746,38.077260000,127.271225000,38.077260000,127.271225000,38.081050000,127.271570000,38.080280865,127.271115396,38.080380000,127.272700000,38.079971289,127.272834858,38.073746000,127.270860000,38.074540898,127.271304221,38.074932000,127.270050000,38.074057202,127.269610076
601,601,825159824142,120.201,2.000000,38.035910000,127.260410000,808.000000,74833.311899,95426.114867,20592.802969,27.518230,35.389752,93.448486,46.070036,95.927607,105.261347,85.176869,105.261347,38.077263000,127.271230000,38.077263000,127.271230000,38.081043000,127.271570000,38.080281671,127.271120726,38.080370000,127.272690000,38.079972773,127.272837524,38.073765000,127.270870000,38.074553694,127.271311061,38.074944000,127.270060000,38.074064716,127.269618144
602,602,825159824348,120.407,2.000000,38.035984000,127.260440000,808.000000,74649.778789,95012.203266,20362.424477,27.277274,34.939198,92.686514,45.543725,96.114694,104.863055,84.801997,104.863055,38.077270000,127.271230000,38.077270000,127.271230000,38.081036000,127.271570000,38.080282583,127.271119758,38.080368000,127.272690000,38.079974867,127.272833897,38.073784000,127.270874000,38.074574751,127.271314421,38.074955000,127.270060000,38.074078331,127.269622109
603,603,825159824536,120.595,2.000000,38.035984000,127.260440000,808.000000,74649.778789,95012.203266,20362.424477,27.277274,34.939198,92.686514,45.543725,96.114694,104.863055,84.801997,104.863055,38.077270000,127.271230000,38.077270000,127.271230000,38.081036000,127.271570000,38.080282583,127.271119758,38.080368000,127.272690000,38.079974867,127.272833897,38.073784000,127.270874000,38.074574751,127.271314421,38.074955000,127.270060000,38.074078331,127.269622109
604,604,825159824742,120.801,2.000000,38.036133000,127.260480000,808.000000,73935.103795,93880.911263,19945.807468,26.977452,34.683948,92.093045,44.785683,95.268562,104.099875,84.061791,104.099875,38.077263000,127.271230000,38.077263000,127.271230000,38.081000000,127.271550000,38.080246581,127.271115912,38.080326000,127.272675000,38.079940984,127.272823263,38.073803000,127.270874000,38.074584867,127.271316075,38.074963000,127.270065000,38.074092709,127.269630303
605,605,825159824932,120.991,2.000000,38.036205000,127.260510000,808.000000,73654.442682,93434.464244,19780.021562,26.855164,33.991688,91.393749,43.801720,95.351005,103.166620,83.428274,103.166620,38.077270000,127.271230000,38.077270000,127.271230000,38.080994000,127.271550000,38.080247829,127.271114957,38.080320000,127.272675000,38.079943377,127.272819728,38.073822000,127.270880000,38.074605607,127.271319409,38.074974000,127.270070000,38.074112577,127.269635772
606,606,825159825130,121.189,2.000000,38.036205000,127.260510000,808.000000,73654.442682,93434.464244,19780.021562,26.855164,33.991688,91.393749,43.801720,95.351005,103.166620,83.428274,103.166620,38.077270000,127.271230000,38.077270000,127.271230000,38.080994000,127.271550000,38.080247829,127.271114957,38.080320000,127.272675000,38.079943377,127.272819728,38.073822000,127.270880000,38.074605607,127.271319409,38.074974000,127.270070000,38.074112577,127.269635772
607,607,825159825338,121.397,2.000000,38.036340000,127.260560000,808.000000,72789.277601,92614.541730,19825.264129,27.236517,31.682463,88.419722,41.701529,96.188589,100.256684,81.641631,100.256684,38.077286000,127.271240000,38.077286000,127.271240000,38.080980000,127.271550000,38.080259365,127.271125656,38.080310000,127.272670000,38.079956022,127.272825759,38.073864000,127.270890000,38.074653369,127.271336482,38.074997000,127.270080000,38.074160343,127.269656524
608,608,825159825540,121.599,2.000000,38.036410000,127.260590000,808.000000,72808.633815,92197.243534,19388.609719,26.629547,31.071743,87.780582,40.570407,96.021999,99.481656,80.963661,99.481656,38.077293000,127.271240000,38.077293000,127.271240000,38.080975000,127.271550000,38.080261041,127.271124729,38.080303000,127.272670000,38.079958846,127.272822346,38.073883000,127.270900000,38.074673127,127.271339595,38.075010000,127.270080000,38.074179203,127.269661740
609,609,825159825730,121.789,2.000000,38.036410000,127.260590000,808.000000,72808.633815,92197.243534,19388.609719,26.629547,31.071743,87.780582,40.570407,96.021999,99.481656,80.963661,99.481656,38.077293000,127.271240000,38.077293000,127.271240000,38.080975000,127.271550000,38.080261041,127.271124729,38.080303000,127.272670000,38.079958846,127.272822346,38.073883000,127.270900000,38.074673127,127.271339595,38.075010000,127.270080000,38.074179203,127.269661740
610,610,825159825936,121.995,2.000000,38.036556000,127.260640000,808.000000,71529.386914,91281.741838,19752.354925,27.614322,27.516474,84.233201,37.957995,98.221740,94.618422,78.757840,98.221740,38.077312000,127.271250000,38.077312000,127.271250000,38.080960000,127.271550000,38.080277066,127.271136080,38.080290000,127.272660000,38.079975965,127.272828778,38.073917000,127.270905000,38.074724573,127.271356560,38.075030000,127.270096000,38.074243760,127.269685773
611,611,825159826136,122.195,2.000000,38.036633000,127.260666000,808.000000,71416.848321,90820.237632,19403.389311,27.169204,26.474206,82.976676,37.261240,99.002040,93.276988,78.129236,99.002040,38.077320000,127.271250000,38.077320000,127.271250000,38.080950000,127.271550000,38.080279761,127.271135643,38.080288000,127.272660000,38.079979711,127.272825623,38.073930000,127.270910000,38.074745966,127.271359397,38.075043000,127.270096000,38.074267882,127.269691665
612,612,825159826342,122.401,2.000000,38.036777000,127.260720000,808.000000,70862.325158,89924.380437,19062.055278,26.900127,23.987254,81.071273,35.178925,100.681902,89.785364,76.679366,100.681902,38.077335000,127.271255000,38.077335000,127.271255000,38.080940000,127.271550000,38.080287017,127.271140323,38.080273000,127.272650000,38.079988677,127.272825235,38.073956000,127.270920000,38.074788087,127.271370297,38.075066000,127.270100000,38.074320334,127.269709450
613,613,825159826547,122.606,2.000000,38.036777000,127.260720000,808.000000,70862.325158,89924.380437,19062.055278,26.900127,23.987254,81.071273,35.178925,100.681902,89.785364,76.679366,100.681902,38.077335000,127.271255000,38.077335000,127.271255000,38.080940000,127.271550000,38.080287017,127.271140323,38.080273000,127.272650000,38.079988677,127.272825235,38.073956000,127.270920000,38.074788087,127.271370297,38.075066000,127.270100000,38.074320334,127.269709450
614,614,825159826736,122.795,2.000000,38.036850000,127.260740000,808.000000,70100.774256,89504.829892,19404.055637,27.680230,23.142254,80.167223,34.693629,101.317313,88.931258,76.277356,101.317313,38.077343000,127.271255000,38.077343000,127.271255000,38.080933000,127.271550000,38.080289209,127.271140015,38.080270000,127.272644000,38.079991747,127.272822330,38.073970000,127.270920000,38.074807588,127.271372393,38.075077000,127.270110000,38.074341403,127.269714122
615,615,825159826942,123.001,2.000000,38.036995000,127.260796000,808.000000,69457.969219,87568.428695,18110.459476,26.073984,17.635798,78.375851,32.629338,102.416525,72.643832,71.516386,102.416525,38.077360000,127.271260000,38.077360000,127.271260000,38.080920000,127.271545000,38.080291150,127.271142773,38.080254000,127.272644000,38.079995616,127.272819815,38.073997000,127.270930000,38.074845537,127.271381698,38.075110000,127.270130000,38.074524911,127.269762871
616,616,825159827130,123.189,2.000000,38.036995000,127.260796000,808.000000,69457.969219,87568.428695,18110.459476,26.073984,17.635798,78.375851,32.629338,102.416525,72.643832,71.516386,102.416525,38.077360000,127.271260000,38.077360000,127.271260000,38.080920000,127.271545000,38.080291150,127.271142773,38.080254000,127.272644000,38.079995616,127.272819815,38.073997000,127.270930000,38.074845537,127.271381698,38.075110000,127.270130000,38.074524911,127.269762871
617,617,825159827336,123.395,2.000000,38.037067000,127.260826000,808.000000,69152.454772,86896.496025,17744.041253,25.659308,16.878767,78.487798,32.427100,102.239850,69.685386,70.710033,102.239850,38.077366000,127.271260000,38.077366000,127.271260000,38.080917000,127.271545000,38.080287736,127.271140979,38.080250000,127.272640000,38.079993455,127.272815287,38.074013000,127.270935000,38.074860805,127.271383692,38.075130000,127.270134000,38.074571486,127.269774843
618,618,825159827544,123.603,2.000000,38.037140000,127.260850000,808.000000,68991.942709,86263.750150,17271.807441,25.034528,15.583294,77.922918,31.843886,102.934581,66.320756,69.755535,102.934581,38.077374000,127.271260000,38.077374000,127.271260000,38.080910000,127.271545000,38.080286943,127.271139696,38.080246000,127.272640000,38.079993723,127.272811314,38.074024000,127.270935000,38.074878016,127.271385366,38.075146000,127.270134000,38.074617092,127.269785640
619,619,825159827731,123.790,2.000000,38.037140000,127.260850000,808.000000,68991.942709,86263.750150,17271.807441,25.034528,15.583294,77.922918,31.843886,102.934581,66.320756,69.755535,102.934581,38.077374000,127.271260000,38.077374000,127.271260000,38.080910000,127.271545000,38.080286943,127.271139696,38.080246000,127.272640000,38.079993723,127.272811314,38.074024000,127.270935000,38.074878016,127.271385366,38.075146000,127.270134000,38.074617092,127.269785640
620,620,825159827937,123.996,2.000000,38.037285000,127.260900000,808.000000,67928.607493,84292.634053,16364.026560,24.090037,9.829703,76.353877,31.023257,104.671807,49.258491,65.326858,104.671807,38.077390000,127.271270000,38.077390000,127.271270000,38.080900000,127.271545000,38.080289212,127.271148543,38.080235000,127.272630000,38.079997290,127.272814793,38.074050000,127.270940000,38.074917829,127.271399800,38.075176000,127.270150000,38.074806825,127.269840092
621,621,825159828138,124.197,2.000000,38.037357000,127.260930000,808.000000,67409.137763,83539.352420,16130.214657,23.928825,8.316263,75.780208,30.267633,105.458103,45.772779,64.319681,105.458103,38.077396000,127.271270000,38.077396000,127.271270000,38.080890000,127.271545000,38.080285738,127.271146743,38.080227000,127.272630000,38.079995060,127.272810252,38.074062000,127.270940000,38.074936518,127.271402737,38.075195000,127.270160000,38.074861781,127.269853959
622,622,825159828344,124.403,2.000000,38.037357000,127.260930000,808.000000,67409.137763,83539.352420,16130.214657,23.928825,8.316263,75.780208,30.267633,105.458103,45.772779,64.319681,105.458103,38.077396000,127.271270000,38.077396000,127.271270000,38.080890000,127.271545000,38.080285738,127.271146743,38.080227000,127.272630000,38.079995060,127.272810252,38.074062000,127.270940000,38.074936518,127.271402737,38.075195000,127.270160000,38.074861781,127.269853959
623,623,825159828532,124.591,2.000000,38.037506000,127.260980000,808.000000,66869.517273,82409.162229,15539.644956,23.238757,6.368599,74.589088,29.784743,107.305191,41.991946,63.417742,107.305191,38.077410000,127.271280000,38.077410000,127.271280000,38.080880000,127.271545000,38.080284262,127.271155398,38.080215000,127.272620000,38.079994887,127.272813242,38.074090000,127.270950000,38.074980541,127.271418684,38.075230000,127.270164000,38.074926684,127.269879103
624,624,825159828734,124.793,2.000000,38.037580000,127.261010000,808.000000,66684.216952,81929.009163,15244.792211,22.861170,5.352102,73.549931,28.883194,108.034308,41.176925,62.911090,108.034308,38.077420000,127.271280000,38.077420000,127.271280000,38.080870000,127.271545000,38.080285485,127.271153695,38.080210000,127.272620000,38.079997380,127.272808910,38.074104000,127.270960000,38.075003822,127.271421840,38.075245000,127.270170000,38.074951077,127.269884708
625,625,825159828941,125.000,2.000000,38.037580000,127.261010000,808.000000,66684.216952,81929.009163,15244.792211,22.861170,5.352102,73.549931,28.883194,108.034308,41.176925,62.911090,108.034308,38.077420000,127.271280000,38.077420000,127.271280000,38.080870000,127.271545000,38.080285485,127.271153695,38.080210000,127.272620000,38.079997380,127.272808910,38.074104000,127.270960000,38.075003822,127.271421840,38.075245000,127.270170000,38.074951077,127.269884708
626,626,825159829143,125.202,2.000000,38.037724000,127.261060000,808.000000,65910.050598,81008.575156,15098.524558,22.907773,2.275830,70.682908,26.904164,111.043764,38.241616,61.718113,111.043764,38.077454000,127.271290000,38.077454000,127.271290000,38.080868000,127.271545000,38.080308930,127.271162605,38.080210000,127.272620000,38.080022258,127.272813347,38.074142000,127.270970000,38.075068731,127.271438868,38.075287000,127.270190000,38.075025337,127.269907232
627,627,825159829344,125.403,2.000000,38.037796000,127.261086000,808.000000,65659.629772,80565.981024,14906.351252,22.702460,2.495034,66.294482,24.637624,114.763493,32.743789,59.609847,114.763493,38.077500000,127.271300000,38.077500000,127.271300000,38.080870000,127.271545000,38.080351966,127.271171807,38.080223000,127.272620000,38.080069456,127.272822496,38.074173000,127.270980000,38.075133987,127.271454199,38.075306000,127.270195000,38.075102116,127.269925662
628,628,825159829531,125.590,2.000000,38.037796000,127.261086000,808.000000,65659.629772,80565.981024,14906.351252,22.702460,2.495034,66.294482,24.637624,114.763493,32.743789,59.609847,114.763493,38.077500000,127.271300000,38.077500000,127.271300000,38.080870000,127.271545000,38.080351966,127.271171807,38.080223000,127.272620000,38.080069456,127.272822496,38.074173000,127.270980000,38.075133987,127.271454199,38.075306000,127.270195000,38.075102116,127.269925662
629,629,825159829734,125.793,2.000000,38.037940000,127.261140000,808.000000,64922.811111,79620.835581,14698.024470,22.639230,7.261374,62.142541,23.659419,117.775271,26.388183,57.491353,117.775271,38.077550000,127.271320000,38.077550000,127.271320000,38.080868000,127.271545000,38.080385178,127.271189047,38.080220000,127.272610000,38.080102912,127.272835331,38.074220000,127.270990000,38.075205537,127.271478828,38.075336000,127.270200000,38.075194660,127.269958246
630,630,825159829940,125.999,2.000000,38.038013000,127.261170000,808.000000,64471.944156,79199.106894,14727.162738,22.842746,7.918736,61.395671,22.912798,117.746633,25.973473,57.007144,117.746633,38.077560000,127.271320000,38.077560000,127.271320000,38.080860000,127.271545000,38.080385822,127.271187180,38.080215000,127.272610000,38.080104797,127.272830842,38.074238000,127.270996000,38.075224497,127.271480787,38.075344000,127.270210000,38.075215163,127.269962879
631,631,825159830141,126.200,2.000000,38.038013000,127.261170000,808.000000,64471.944156,79199.106894,14727.162738,22.842746,7.918736,61.395671,22.912798,117.746633,25.973473,57.007144,117.746633,38.077560000,127.271320000,38.077560000,127.271320000,38.080860000,127.271545000,38.080385822,127.271187180,38.080215000,127.272610000,38.080104797,127.272830842,38.074238000,127.270996000,38.075224497,127.271480787,38.075344000,127.270210000,38.075215163,127.269962879
632,632,825159830331,126.390,2.000000,38.038162000,127.261215000,808.000000,63704.884184,78338.234988,14633.350804,22.970532,9.698300,59.346434,21.628534,118.183870,24.406889,55.891432,118.183870,38.077580000,127.271324000,38.077580000,127.271324000,38.080840000,127.271545000,38.080386630,127.271188685,38.080200000,127.272610000,38.080107174,127.272826830,38.074272000,127.271000000,38.075261898,127.271487448,38.075363000,127.270220000,38.075258154,127.269975383
633,633,825159830539,126.598,2.000000,38.038235000,127.261246000,808.000000,63585.345054,77877.730101,14292.385047,22.477483,9.743027,59.443833,21.670563,117.638409,23.628296,55.595275,117.638409,38.077580000,127.271324000,38.077580000,127.271324000,38.080830000,127.271545000,38.080376456,127.271186932,38.080193000,127.272606000,38.080098259,127.272822038,38.074284000,127.271010000,38.075271148,127.271489197,38.075367000,127.270220000,38.075269710,127.269980350
634,634,825159830730,126.789,2.000000,38.038235000,127.261246000,808.000000,63585.345054,77877.730101,14292.385047,22.477483,9.743027,59.443833,21.670563,117.638409,23.628296,55.595275,117.638409,38.077580000,127.271324000,38.077580000,127.271324000,38.080830000,127.271545000,38.080376456,127.271186932,38.080193000,127.272606000,38.080098259,127.272822038,38.074284000,127.271010000,38.075271148,127.271489197,38.075367000,127.270220000,38.075269710,127.269980350
635,635,825159830934,126.993,2.000000,38.038380000,127.261300000,808.000000,62991.126649,77090.749920,14099.623271,22.383507,12.086717,56.762585,21.312019,118.521952,21.159397,54.438988,118.521952,38.077620000,127.271340000,38.077620000,127.271340000,38.080826000,127.271545000,38.080394833,127.271199190,38.080193000,127.272606000,38.080117234,127.272829354,38.074330000,127.271020000,38.075323278,127.271507041,38.075394000,127.270230000,38.075328142,127.270003489
636,636,825159831139,127.198,2.000000,38.038452000,127.261320000,808.000000,62959.044562,76691.189165,13732.144604,21.811234,12.185007,56.495520,20.861237,117.766609,20.733756,53.964280,117.766609,38.077630000,127.271340000,38.077630000,127.271340000,38.080820000,127.271545000,38.080392634,127.271197276,38.080190000,127.272606000,38.080116029,127.272824735,38.074350000,127.271030000,38.075338869,127.271507566,38.075405000,127.270230000,38.075344114,127.270006389
637,637,825159831345,127.404,2.000000,38.038452000,127.261320000,808.000000,62959.044562,76691.189165,13732.144604,21.811234,12.185007,56.495520,20.861237,117.766609,20.733756,53.964280,117.766609,38.077630000,127.271340000,38.077630000,127.271340000,38.080820000,127.271545000,38.080392634,127.271197276,38.080190000,127.272606000,38.080116029,127.272824735,38.074350000,127.271030000,38.075338869,127.271507566,38.075405000,127.270230000,38.075344114,127.270006389
638,638,825159831537,127.596,2.000000,38.038586000,127.261370000,808.000000,61751.834947,75849.861530,14098.026584,22.830134,12.227539,55.779282,21.706924,117.031039,20.639903,53.789287,117.031039,38.077620000,127.271340000,38.077620000,127.271340000,38.080788000,127.271540000,38.080366642,127.271195518,38.080170000,127.272590000,38.080092117,127.272817100,38.074368000,127.271030000,38.075348795,127.271510879,38.075413000,127.270240000,38.075356979,127.270015469
639,639,825159831742,127.801,2.000000,38.038660000,127.261400000,808.000000,61572.183832,75432.863784,13860.679952,22.511269,12.479688,55.395949,21.157043,116.628927,20.151844,53.333441,116.628927,38.077630000,127.271340000,38.077630000,127.271340000,38.080780000,127.271540000,38.080364062,127.271192952,38.080166000,127.272590000,38.080090849,127.272811765,38.074387000,127.271034000,38.075364805,127.271511972,38.075424000,127.270240000,38.075373538,127.270019145
640,640,825159831933,127.992,2.000000,38.038660000,127.261400000,808.000000,61572.183832,75432.863784,13860.679952,22.511269,12.479688,55.395949,21.157043,116.628927,20.151844,53.333441,116.628927,38.077630000,127.271340000,38.077630000,127.271340000,38.080780000,127.271540000,38.080364062,127.271192952,38.080166000,127.272590000,38.080090849,127.272811765,38.074387000,127.271034000,38.075364805,127.271511972,38.075424000,127.270240000,38.075373538,127.270019145
641,641,825159832135,128.194,2.000000,38.038803000,127.261450000,808.000000,61053.075451,74583.657323,13530.581871,22.161999,12.439136,54.821775,21.337183,116.046053,19.876076,53.020272,116.046053,38.077644000,127.271350000,38.077644000,127.271350000,38.080772000,127.271530000,38.080353914,127.271199380,38.080160000,127.272590000,38.080081960,127.272812402,38.074420000,127.271040000,38.075390643,127.271523030,38.075450000,127.270256000,38.075405441,127.270036353
642,642,825159832340,128.399,2.000000,38.038876000,127.261475000,808.000000,60718.443430,74174.835787,13456.392356,22.161952,12.434070,54.608756,21.606384,115.178064,19.597358,52.747641,115.178064,38.077652000,127.271350000,38.077652000,127.271350000,38.080765000,127.271530000,38.080350163,127.271197373,38.080154000,127.272580000,38.080079350,127.272807604,38.074440000,127.271050000,38.075405061,127.271523939,38.075466000,127.270256000,38.075420721,127.270039881
643,643,825159832543,128.602,2.000000,38.038876000,127.261475000,808.000000,60718.443430,74174.835787,13456.392356,22.161952,12.434070,54.608756,21.606384,115.178064,19.597358,52.747641,115.178064,38.077652000,127.271350000,38.077652000,127.271350000,38.080765000,127.271530000,38.080350163,127.271197373,38.080154000,127.272580000,38.080079350,127.272807604,38.074440000,127.271050000,38.075405061,127.271523939,38.075466000,127.270256000,38.075420721,127.270039881
644,644,825159832733,128.792,2.000000,38.039020000,127.261530000,808.000000,60067.987493,73328.799730,13260.812237,22.076338,12.405051,54.256129,21.346489,114.388213,19.501629,52.373115,114.388213,38.077667000,127.271355000,38.077667000,127.271355000,38.080753000,127.271530000,38.080341457,127.271198286,38.080150000,127.272580000,38.080072582,127.272802868,38.074474000,127.271060000,38.075432450,127.271530664,38.075493000,127.270270000,38.075454453,127.270052904
645,645,825159832936,128.995,2.000000,38.039093000,127.261560000,808.000000,59673.866645,72908.356423,13234.489778,22.178033,12.187629,54.435421,20.914404,113.801645,19.994873,52.286586,113.801645,38.077675000,127.271355000,38.077675000,127.271355000,38.080750000,127.271530000,38.080337705,127.271195974,38.080147000,127.272580000,38.080070121,127.272797776,38.074493000,127.271065000,38.075446960,127.271531853,38.075510000,127.270280000,38.075471446,127.270057139
646,646,825159833164,129.223,2.000000,38.039093000,127.261560000,808.000000,59673.866645,72908.356423,13234.489778,22.178033,12.187629,54.435421,20.914404,113.801645,19.994873,52.286586,113.801645,38.077675000,127.271355000,38.077675000,127.271355000,38.080750000,127.271530000,38.080337705,127.271195974,38.080147000,127.272580000,38.080070121,127.272797776,38.074493000,127.271065000,38.075446960,127.271531853,38.075510000,127.270280000,38.075471446,127.270057139
647,647,825159833344,129.403,2.000000,38.039238000,127.261604000,808.000000,58821.513259,72115.174316,13293.661057,22.599998,12.092322,53.640745,20.995772,112.058747,19.668301,51.590891,112.058747,38.077690000,127.271360000,38.077690000,127.271360000,38.080734000,127.271530000,38.080329315,127.271197703,38.080140000,127.272575000,38.080062968,127.272793706,38.074530000,127.271070000,38.075467405,127.271536066,38.075540000,127.270290000,38.075506180,127.270069698
648,648,825159833532,129.591,2.000000,38.039310000,127.261635000,808.000000,58732.898426,71742.511307,13009.612881,22.150470,12.126986,53.575134,20.386951,111.105109,19.570971,51.159541,111.105109,38.077700000,127.271360000,38.077700000,127.271360000,38.080730000,127.271530000,38.080327312,127.271195175,38.080135000,127.272575000,38.080062195,127.272788480,38.074547000,127.271080000,38.075478330,127.271535877,38.075554000,127.270294000,38.075524518,127.270073821
649,649,825159833737,129.796,2.000000,38.039310000,127.261635000,808.000000,58732.898426,71742.511307,13009.612881,22.150470,12.126986,53.575134,20.386951,111.105109,19.570971,51.159541,111.105109,38.077700000,127.271360000,38.077700000,127.271360000,38.080730000,127.271530000,38.080327312,127.271195175,38.080135000,127.272575000,38.080062195,127.272788480,38.074547000,127.271080000,38.075478330,127.271535877,38.075554000,127.270294000,38.075524518,127.270073821
650,650,825159833943,130.002,2.000000,38.039455000,127.261690000,808.000000,58159.684284,70939.741632,12780.057348,21.974083,12.104923,53.054369,20.873764,109.142611,18.301116,50.342965,109.142611,38.077717000,127.271370000,38.077717000,127.271370000,38.080720000,127.271530000,38.080319802,127.271201212,38.080130000,127.272570000,38.080055491,127.272788596,38.074585000,127.271090000,38.075497790,127.271544655,38.075580000,127.270300000,38.075563361,127.270092222
651,651,825159834131,130.190,2.000000,38.039528000,127.261710000,808.000000,57579.420761,70561.706306,12982.285545,22.546746,11.902874,52.576790,20.588550,108.132267,18.852137,50.037436,108.132267,38.077724000,127.271370000,38.077724000,127.271370000,38.080710000,127.271530000,38.080315690,127.271199725,38.080128000,127.272570000,38.080051975,127.272784187,38.074604000,127.271090000,38.075507186,127.271544167,38.075596000,127.270310000,38.075579572,127.270095876
652,652,825159834336,130.395,2.000000,38.039528000,127.261710000,808.000000,57579.420761,70561.706306,12982.285545,22.546746,11.902874,52.576790,20.588550,108.132267,18.852137,50.037436,108.132267,38.077724000,127.271370000,38.077724000,127.271370000,38.080710000,127.271530000,38.080315690,127.271199725,38.080128000,127.272570000,38.080051975,127.272784187,38.074604000,127.271090000,38.075507186,127.271544167,38.075596000,127.270310000,38.075579572,127.270095876
653,653,825159834538,130.597,2.000000,38.039673000,127.261765000,808.000000,57047.192191,69806.616432,12759.424241,22.366437,11.456304,52.516732,19.854694,105.925002,18.974160,49.317647,105.925002,38.077740000,127.271370000,38.077740000,127.271370000,38.080700000,127.271530000,38.080308544,127.271195516,38.080124000,127.272570000,38.080047028,127.272774394,38.074642000,127.271100000,38.075527082,127.271543829,38.075626000,127.270320000,38.075613743,127.270104029
654,654,825159834744,130.803,2.000000,38.039745000,127.261790000,808.000000,56738.923765,69452.307212,12713.383447,22.406811,11.216196,51.993238,20.687116,104.106940,18.218646,48.751485,104.106940,38.077766000,127.271385000,38.077766000,127.271385000,38.080710000,127.271530000,38.080317876,127.271207649,38.080135000,127.272570000,38.080056822,127.272784173,38.074677000,127.271110000,38.075544013,127.271555359,38.075657000,127.270330000,38.075650221,127.270122269
655,655,825159834934,130.993,2.000000,38.039745000,127.261790000,808.000000,56738.923765,69452.307212,12713.383447,22.406811,11.216196,51.993238,20.687116,104.106940,18.218646,48.751485,104.106940,38.077766000,127.271385000,38.077766000,127.271385000,38.080710000,127.271530000,38.080317876,127.271207649,38.080135000,127.272570000,38.080056822,127.272784173,38.074677000,127.271110000,38.075544013,127.271555359,38.075657000,127.270330000,38.075650221,127.270122269
656,656,825159835145,131.204,2.000000,38.039890000,127.261840000,808.000000,55968.386410,68725.702062,12757.315652,22.793789,10.900351,52.005302,20.596202,102.019531,18.411350,48.258096,102.019531,38.077785000,127.271385000,38.077785000,127.271385000,38.080704000,127.271530000,38.080313789,127.271203675,38.080130000,127.272560000,38.080054711,127.272774701,38.074715000,127.271120000,38.075565266,127.271554423,38.075690000,127.270340000,38.075686727,127.270129933
657,657,825159835335,131.394,2.000000,38.039967000,127.261870000,808.000000,55556.449837,68236.502499,12680.052662,22.823727,10.831270,51.981550,20.866027,101.234901,18.372789,48.113816,101.234901,38.077780000,127.271390000,38.077780000,127.271390000,38.080690000,127.271530000,38.080298054,127.271207546,38.080120000,127.272560000,38.080039378,127.272774969,38.074726000,127.271126000,38.075568699,127.271560312,38.075690000,127.270350000,38.075697933,127.270140574
658,658,825159835554,131.613,2.000000,38.039967000,127.261870000,808.000000,55556.449837,68236.502499,12680.052662,22.823727,10.831270,51.981550,20.866027,101.234901,18.372789,48.113816,101.234901,38.077780000,127.271390000,38.077780000,127.271390000,38.080690000,127.271530000,38.080298054,127.271207546,38.080120000,127.272560000,38.080039378,127.272774969,38.074726000,127.271126000,38.075568699,127.271560312,38.075690000,127.270350000,38.075697933,127.270140574
659,659,825159835745,131.804,2.000000,38.040110000,127.261925000,807.000000,55108.100343,67683.820484,12575.720141,22.820094,10.890225,51.182355,19.526821,99.090302,18.255851,47.013832,99.090302,38.077812000,127.271390000,38.077812000,127.271390000,38.080690000,127.271530000,38.080308903,127.271203238,38.080120000,127.272560000,38.080053035,127.272765961,38.074770000,127.271130000,38.075594021,127.271557691,38.075733000,127.270355000,38.075740553,127.270146887
660,660,825159835934,131.993,2.000000,38.040184000,127.261950000,807.000000,54658.062111,67263.017257,12604.955146,23.061475,10.725385,50.742450,20.966985,97.893864,17.444446,46.761936,97.893864,38.077820000,127.271400000,38.077820000,127.271400000,38.080685000,127.271530000,38.080304210,127.271211704,38.080120000,127.272550000,38.080048460,127.272771342,38.074790000,127.271140000,38.075602786,127.271566502,38.075752000,127.270360000,38.075762893,127.270161407
661,661,825159836139,132.198,2.000000,38.040184000,127.261950000,807.000000,54658.062111,67263.017257,12604.955146,23.061475,10.725385,50.742450,20.966985,97.893864,17.444446,46.761936,97.893864,38.077820000,127.271400000,38.077820000,127.271400000,38.080685000,127.271530000,38.080304210,127.271211704,38.080120000,127.272550000,38.080048460,127.272771342,38.074790000,127.271140000,38.075602786,127.271566502,38.075752000,127.270360000,38.075762893,127.270161407
662,662,825159836344,132.403,2.000000,38.040318000,127.261990000,807.000000,54226.477377,66489.328210,12262.850834,22.614139,10.442086,50.350939,20.209307,96.529741,17.634624,46.181153,96.529741,38.077805000,127.271390000,38.077805000,127.271390000,38.080650000,127.271520000,38.080274107,127.271200411,38.080097000,127.272545000,38.080020132,127.272753933,38.074806000,127.271140000,38.075607765,127.271559619,38.075752000,127.270360000,38.075768305,127.270159824
663,663,825159836545,132.604,2.000000,38.040462000,127.262050000,807.000000,53714.028479,65718.044723,12004.016243,22.348010,10.283922,49.922661,20.237975,94.828534,17.827643,45.704203,94.828534,38.077820000,127.271400000,38.077820000,127.271400000,38.080640000,127.271520000,38.080265553,127.271206477,38.080090000,127.272545000,38.080013012,127.272754223,38.074837000,127.271160000,38.075625743,127.271568792,38.075783000,127.270380000,38.075806182,127.270178695
664,664,825159836733,132.792,2.000000,38.040462000,127.262050000,807.000000,53714.028479,65718.044723,12004.016243,22.348010,10.283922,49.922661,20.237975,94.828534,17.827643,45.704203,94.828534,38.077820000,127.271400000,38.077820000,127.271400000,38.080640000,127.271520000,38.080265553,127.271206477,38.080090000,127.272545000,38.080013012,127.272754223,38.074837000,127.271160000,38.075625743,127.271568792,38.075783000,127.270380000,38.075806182,127.270178695
665,665,825159836938,132.997,2.000000,38.040535000,127.262080000,807.000000,53493.959952,65333.929373,11839.969422,22.133283,9.857128,50.178580,19.939201,93.709331,17.428028,45.313785,93.709331,38.077824000,127.271400000,38.077824000,127.271400000,38.080635000,127.271520000,38.080258771,127.271204605,38.080086000,127.272545000,38.080007277,127.272749389,38.074856000,127.271160000,38.075633749,127.271569175,38.075798000,127.270380000,38.075820301,127.270183141
666,666,825159837133,133.192,2.000000,38.040535000,127.262080000,807.000000,53493.959952,65333.929373,11839.969422,22.133283,9.857128,50.178580,19.939201,93.709331,17.428028,45.313785,93.709331,38.077824000,127.271400000,38.077824000,127.271400000,38.080635000,127.271520000,38.080258771,127.271204605,38.080086000,127.272545000,38.080007277,127.272749389,38.074856000,127.271160000,38.075633749,127.271569175,38.075798000,127.270380000,38.075820301,127.270183141
667,667,825159837344,133.403,2.000000,38.040680000,127.262130000,807.000000,52661.547413,64625.456914,11963.909501,22.718492,9.774381,49.186980,19.624414,92.091143,17.659772,44.640577,92.091143,38.077840000,127.271400000,38.077840000,127.271400000,38.080616000,127.271520000,38.080252448,127.271200976,38.080082000,127.272540000,38.080002979,127.272740193,38.074890000,127.271164000,38.075653514,127.271568567,38.075830000,127.270390000,38.075853622,127.270190715
668,668,825159837545,133.604,2.000000,38.040752000,127.262150000,807.000000,52262.637457,64222.498895,11959.861438,22.884152,9.335204,48.934526,20.420169,90.744577,17.354592,44.363466,90.744577,38.077843000,127.271410000,38.077843000,127.271410000,38.080610000,127.271520000,38.080244263,127.271210196,38.080080000,127.272540000,38.079994552,127.272746207,38.074910000,127.271170000,38.075659378,127.271577585,38.075844000,127.270400000,38.075870140,127.270204755
669,669,825159837732,133.791,2.000000,38.040752000,127.262150000,807.000000,52262.637457,64222.498895,11959.861438,22.884152,9.335204,48.934526,20.420169,90.744577,17.354592,44.363466,90.744577,38.077843000,127.271410000,38.077843000,127.271410000,38.080610000,127.271520000,38.080244263,127.271210196,38.080080000,127.272540000,38.079994552,127.272746207,38.074910000,127.271170000,38.075659378,127.271577585,38.075844000,127.270400000,38.075870140,127.270204755
670,670,825159837938,133.997,2.000000,38.040897000,127.262210000,807.000000,51554.534818,63515.076371,11960.541552,23.199786,9.338526,47.986377,20.184391,88.899384,17.559179,43.657332,88.899384,38.077858000,127.271410000,38.077858000,127.271410000,38.080593000,127.271515000,38.080237078,127.271206063,38.080070000,127.272530000,38.079989631,127.272736479,38.074944000,127.271180000,38.075678701,127.271577629,38.075874000,127.270410000,38.075902158,127.270212835
671,671,825159838141,134.200,2.000000,38.040970000,127.262230000,807.000000,51266.790660,63154.841282,11888.050623,23.188599,9.327255,47.336829,20.338762,87.998870,17.648409,43.330718,87.998870,38.077866000,127.271416000,38.077866000,127.271416000,38.080585000,127.271515000,38.080233576,127.271210840,38.080067000,127.272530000,38.079986422,127.272738312,38.074960000,127.271190000,38.075687637,127.271582473,38.075890000,127.270420000,38.075920342,127.270222321
672,672,825159838341,134.400,2.000000,38.040970000,127.262230000,807.000000,51266.790660,63154.841282,11888.050623,23.188599,9.327255,47.336829,20.338762,87.998870,17.648409,43.330718,87.998870,38.077866000,127.271416000,38.077866000,127.271416000,38.080585000,127.271515000,38.080233576,127.271210840,38.080067000,127.272530000,38.079986422,127.272738312,38.074960000,127.271190000,38.075687637,127.271582473,38.075890000,127.270420000,38.075920342,127.270222321
673,673,825159838535,134.594,2.000000,38.041115000,127.262280000,807.000000,50757.637775,62448.061440,11690.423665,23.031851,8.690541,47.054802,19.868708,85.835247,17.305736,42.516123,85.835247,38.077877000,127.271416000,38.077877000,127.271416000,38.080570000,127.271515000,38.080223374,127.271207671,38.080063000,127.272530000,38.079977969,127.272729355,38.074997000,127.271194000,38.075704875,127.271582374,38.075920000,127.270424000,38.075948582,127.270229875
674,674,825159838732,134.791,2.000000,38.041187000,127.262314000,807.000000,50209.106048,62080.255861,11871.149813,23.643420,8.511052,46.912456,20.434010,84.875410,17.486990,42.427216,84.875410,38.077880000,127.271416000,38.077880000,127.271416000,38.080560000,127.271515000,38.080216028,127.271205698,38.080060000,127.272520000,38.079971664,127.272724414,38.075012000,127.271200000,38.075712281,127.271583083,38.075930000,127.270430000,38.075960872,127.270234332
675,675,825159838938,134.997,2.000000,38.041187000,127.262314000,807.000000,50209.106048,62080.255861,11871.149813,23.643420,8.511052,46.912456,20.434010,84.875410,17.486990,42.427216,84.875410,38.077880000,127.271416000,38.077880000,127.271416000,38.080560000,127.271515000,38.080216028,127.271205698,38.080060000,127.272520000,38.079971664,127.272724414,38.075012000,127.271200000,38.075712281,127.271583083,38.075930000,127.270430000,38.075960872,127.270234332
676,676,825159839142,135.201,2.000000,38.041332000,127.262370000,807.000000,49665.808675,61382.174915,11716.366240,23.590407,8.223444,45.658587,19.965698,81.899216,17.391811,41.228828,81.899216,38.077896000,127.271420000,38.077896000,127.271420000,38.080544000,127.271510000,38.080210747,127.271206245,38.080055000,127.272520000,38.079968157,127.272719357,38.075058000,127.271210000,38.075731404,127.271586425,38.075962000,127.270440000,38.075997601,127.270246748
677,677,825159839344,135.403,2.000000,38.041405000,127.262390000,807.000000,49313.174629,61022.826182,11709.651552,23.745483,7.536815,45.887302,19.673213,79.558775,17.900396,40.754922,79.558775,38.077900000,127.271420000,38.077900000,127.271420000,38.080540000,127.271510000,38.080204820,127.271205182,38.080050000,127.272520000,38.079962848,127.272715311,38.075085000,127.271220000,38.075738987,127.271586169,38.075977000,127.270450000,38.076012369,127.270250725
678,678,825159839535,135.594,2.000000,38.041405000,127.262390000,807.000000,49313.174629,61022.826182,11709.651552,23.745483,7.536815,45.887302,19.673213,79.558775,17.900396,40.754922,79.558775,38.077900000,127.271420000,38.077900000,127.271420000,38.080540000,127.271510000,38.080204820,127.271205182,38.080050000,127.272520000,38.079962848,127.272715311,38.075085000,127.271220000,38.075738987,127.271586169,38.075977000,127.270450000,38.076012369,127.270250725
679,679,825159839746,135.805,2.000000,38.041550000,127.262440000,807.000000,48665.271194,60420.104880,11754.833687,24.154460,6.466090,45.352612,19.586224,73.678562,17.384693,39.000523,73.678562,38.077934000,127.271430000,38.077934000,127.271430000,38.080547000,127.271515000,38.080216893,127.271211672,38.080060000,127.272520000,38.079976832,127.272716969,38.075165000,127.271240000,38.075765813,127.271592718,38.076027000,127.270460000,38.076067760,127.270268484
680,680,825159839941,136.000,2.000000,38.041695000,127.262500000,807.000000,47988.743111,59722.521626,11733.778515,24.451106,6.278637,44.396188,20.254926,71.679140,16.789345,38.279900,71.679140,38.077946000,127.271440000,38.077946000,127.271440000,38.080532000,127.271515000,38.080208497,127.271218698,38.080055000,127.272514000,38.079969639,127.272718133,38.075200000,127.271250000,38.075781267,127.271601923,38.076057000,127.270470000,38.076101941,127.270287105
681,681,825159840135,136.194,2.000000,38.041695000,127.262500000,807.000000,47988.743111,59722.521626,11733.778515,24.451106,6.278637,44.396188,20.254926,71.679140,16.789345,38.279900,71.679140,38.077946000,127.271440000,38.077946000,127.271440000,38.080532000,127.271515000,38.080208497,127.271218698,38.080055000,127.272514000,38.079969639,127.272718133,38.075200000,127.271250000,38.075781267,127.271601923,38.076057000,127.270470000,38.076101941,127.270287105
682,682,825159840341,136.400,2.000000,38.041767000,127.262520000,807.000000,47634.558407,59383.974050,11749.415643,24.665739,5.684668,44.772444,19.949023,70.220993,17.240155,38.045654,70.220993,38.077950000,127.271440000,38.077950000,127.271440000,38.080530000,127.271515000,38.080202908,127.271217685,38.080050000,127.272514000,38.079964665,127.272714188,38.075220000,127.271255000,38.075788725,127.271601669,38.076073000,127.270480000,38.076115374,127.270290764
683,683,825159840531,136.590,2.000000,38.041767000,127.262520000,807.000000,47634.558407,59383.974050,11749.415643,24.665739,5.684668,44.772444,19.949023,70.220993,17.240155,38.045654,70.220993,38.077950000,127.271440000,38.077950000,127.271440000,38.080530000,127.271515000,38.080202908,127.271217685,38.080050000,127.272514000,38.079964665,127.272714188,38.075220000,127.271255000,38.075788725,127.271601669,38.076073000,127.270480000,38.076115374,127.270290764
684,684,825159840737,136.796,2.000000,38.041912000,127.262570000,807.000000,46951.823084,58711.166333,11759.343249,25.045552,5.326541,44.074354,20.771423,68.488708,16.700517,37.508750,68.488708,38.077960000,127.271450000,38.077960000,127.271450000,38.080517000,127.271515000,38.080193225,127.271225513,38.080048000,127.272510000,38.079955760,127.272716053,38.075253000,127.271260000,38.075802923,127.271610470,38.076100000,127.270490000,38.076145309,127.270308314
685,685,825159840941,137.000,2.000000,38.041985000,127.262596000,807.000000,46768.550972,58406.922158,11638.371186,24.885037,5.454217,43.789827,20.167747,67.836904,16.501031,37.073877,67.836904,38.077970000,127.271450000,38.077970000,127.271450000,38.080513000,127.271515000,38.080193254,127.271223913,38.080044000,127.272510000,38.079956869,127.272711788,38.075270000,127.271260000,38.075813569,127.271609959,38.076115000,127.270490000,38.076163196,127.270311923
686,686,825159841133,137.192,2.000000,38.041985000,127.262596000,807.000000,46768.550972,58406.922158,11638.371186,24.885037,5.454217,43.789827,20.167747,67.836904,16.501031,37.073877,67.836904,38.077970000,127.271450000,38.077970000,127.271450000,38.080513000,127.271515000,38.080193254,127.271223913,38.080044000,127.272510000,38.079956869,127.272711788,38.075270000,127.271260000,38.075813569,127.271609959,38.076115000,127.270490000,38.076163196,127.270311923
687,687,825159841340,137.399,2.000000,38.042130000,127.262650000,807.000000,46205.944586,57753.594997,11547.650411,24.991699,4.682595,43.612520,19.488396,65.063825,17.424068,36.397202,65.063825,38.077980000,127.271450000,38.077980000,127.271450000,38.080500000,127.271515000,38.080183860,127.271221038,38.080036000,127.272510000,38.079949182,127.272703126,38.075306000,127.271280000,38.075829578,127.271610004,38.076145000,127.270510000,38.076189861,127.270319500
688,688,825159841540,137.599,2.000000,38.042202000,127.262680000,807.000000,46014.845771,57448.457867,11433.612096,24.847659,4.563138,43.459829,19.520549,64.181410,16.926364,36.022038,64.181410,38.077988000,127.271454000,38.077988000,127.271454000,38.080498000,127.271515000,38.080182124,127.271223535,38.080036000,127.272510000,38.079948220,127.272702847,38.075325000,127.271280000,38.075838321,127.271613490,38.076157000,127.270510000,38.076206098,127.270327185
689,689,825159841730,137.789,2.000000,38.042202000,127.262680000,807.000000,46014.845771,57448.457867,11433.612096,24.847659,4.563138,43.459829,19.520549,64.181410,16.926364,36.022038,64.181410,38.077988000,127.271454000,38.077988000,127.271454000,38.080498000,127.271515000,38.080182124,127.271223535,38.080036000,127.272510000,38.079948220,127.272702847,38.075325000,127.271280000,38.075838321,127.271613490,38.076157000,127.270510000,38.076206098,127.270327185
690,690,825159841932,137.991,2.000000,38.042347000,127.262730000,807.000000,45244.230080,56816.645180,11572.415099,25.577659,4.337630,43.166920,19.620398,62.544001,17.237718,35.642259,62.544001,38.078000000,127.271454000,38.078000000,127.271454000,38.080486000,127.271515000,38.080174929,127.271220876,38.080030000,127.272500000,38.079942681,127.272694497,38.075356000,127.271286000,38.075855355,127.271613132,38.076183000,127.270520000,38.076234363,127.270334421
691,691,825159842132,138.191,2.000000,38.042420000,127.262760000,807.000000,45162.130565,56500.469543,11338.338979,25.105855,3.955481,43.500554,19.101040,61.402884,16.780813,35.196323,61.402884,38.078007000,127.271454000,38.078007000,127.271454000,38.080486000,127.271515000,38.080172163,127.271219222,38.080025000,127.272500000,38.079940944,127.272690034,38.075375000,127.271290000,38.075864443,127.271613130,38.076202000,127.270520000,38.076249766,127.270338367
692,692,825159842339,138.398,2.000000,38.042420000,127.262760000,807.000000,45162.130565,56500.469543,11338.338979,25.105855,3.955481,43.500554,19.101040,61.402884,16.780813,35.196323,61.402884,38.078007000,127.271454000,38.078007000,127.271454000,38.080486000,127.271515000,38.080172163,127.271219222,38.080025000,127.272500000,38.079940944,127.272690034,38.075375000,127.271290000,38.075864443,127.271613130,38.076202000,127.270520000,38.076249766,127.270338367
693,693,825159842531,138.590,2.000000,38.042553000,127.262800000,807.000000,44215.931315,55807.811067,11591.879753,26.216523,3.846811,43.171436,19.626214,60.324086,17.084306,35.051510,60.324086,38.077995000,127.271454000,38.077995000,127.271454000,38.080456000,127.271510000,38.080143578,127.271218110,38.079994000,127.272484000,38.079912316,127.272682484,38.075390000,127.271290000,38.075867885,127.271614585,38.076206000,127.270530000,38.076255485,127.270345448
694,694,825159842736,138.795,2.000000,38.042625000,127.262830000,807.000000,44193.461504,55498.514989,11305.053485,25.580828,3.824628,43.046248,18.958139,58.880019,16.863116,34.436880,58.880019,38.078003000,127.271454000,38.078003000,127.271454000,38.080452000,127.271510000,38.080141956,127.271216430,38.079987000,127.272484000,38.079911753,127.272678085,38.075410000,127.271300000,38.075877414,127.271614501,38.076220000,127.270530000,38.076272589,127.270349528
