sample_index,log_frame_index,timestamp,time_s,fov_deg,uav_lat,uav_lon,uav_alt,actual_area_m2,predicted_area_m2,area_error_m2,area_error_pct,centroid_error_m,corner_error_c1_m,corner_error_c2_m,corner_error_c3_m,corner_error_c4_m,mean_corner_error_m,max_corner_error_m,actual_center_lat,actual_center_lon,predicted_center_lat,predicted_center_lon,actual_c1_lat,actual_c1_lon,predicted_c1_lat,predicted_c1_lon,actual_c2_lat,actual_c2_lon,predicted_c2_lat,predicted_c2_lon,actual_c3_lat,actual_c3_lon,predicted_c3_lat,predicted_c3_lon,actual_c4_lat,actual_c4_lon,predicted_c4_lat,predicted_c4_lon
0,0,825297853178,0.000,2.000000,38.058773000,127.268490000,797.000000,2804.351020,4810.369145,2006.018125,71.532348,9.941825,8.221445,35.285341,17.411853,13.519843,18.609621,35.285341,38.074074000,127.269470000,38.074074000,127.269470000,38.074467000,127.269264000,38.074481699,127.269172059,38.074330000,127.269714000,38.074632696,127.269833487,38.073696000,127.269670000,38.073832199,127.269767697,38.073833000,127.269230000,38.073735701,127.269137667
1,1,825297853381,0.203,2.000000,38.058840000,127.268524000,797.000000,2828.618342,4605.174463,1776.556121,62.806498,1.622816,15.273270,23.305655,7.752373,19.230338,16.390409,23.305655,38.073914000,127.270100000,38.073914000,127.270100000,38.074318000,127.269910000,38.074204981,127.269811184,38.074150000,127.270355000,38.074339736,127.270467413,38.073500000,127.270280000,38.073515824,127.270366151,38.073677000,127.269860000,38.073526483,127.269752310
2,2,825297853583,0.405,2.000000,38.058914000,127.268550000,797.000000,2989.568587,5198.583483,2209.014896,73.890758,0.417545,8.436929,20.148451,7.309777,20.719064,14.153555,20.719064,38.074173000,127.270690000,38.074173000,127.270690000,38.074610000,127.270520000,38.074607718,127.270423767,38.074425000,127.270960000,38.074581664,127.271075144,38.073753000,127.270860000,38.073751453,127.270943391,38.073933000,127.270440000,38.073771753,127.270321916
3,3,825297853771,0.593,2.000000,38.058983000,127.268570000,797.000000,3759.674432,6420.607564,2660.933132,70.775626,3.230673,9.752022,19.929893,8.432126,25.858687,15.993182,25.858687,38.075430000,127.270250000,38.075430000,127.270250000,38.075920000,127.270050000,38.075883873,127.269948618,38.075775000,127.270530000,38.075926939,127.270650295,38.074978000,127.270440000,38.074960801,127.270533710,38.075127000,127.269980000,38.074912300,127.269867349
4,4,825297853974,0.796,2.000000,38.059055000,127.268600000,797.000000,3637.192355,6083.584834,2446.392479,67.260465,2.367287,27.025585,47.891931,15.809330,26.418264,29.286277,47.891931,38.075592000,127.269580000,38.075592000,127.269580000,38.076060000,127.269356000,38.075831759,127.269250896,38.075924000,127.269844000,38.076340959,127.269978648,38.075150000,127.269790000,38.075265546,127.269894894,38.075294000,127.269325000,38.075071710,127.269219422
5,5,825297854177,0.999,2.000000,38.059124000,127.268620000,797.000000,3668.581163,8178.740194,4510.159031,122.940146,17.501426,37.372479,121.915036,25.535073,39.929721,56.188077,121.915036,38.076035000,127.268790000,38.076035000,127.268790000,38.076470000,127.268540000,38.076142664,127.268445268,38.076378000,127.269040000,38.077467840,127.269177240,38.075610000,127.269030000,38.075825655,127.269129304,38.075703000,127.268550000,38.075352789,127.268451484
6,6,825297854382,1.204,2.000000,38.059196000,127.268650000,797.000000,3651.026821,16228.003246,12576.976424,344.477788,81.521326,154.374442,183.423267,30.238378,40.415688,102.112944,183.423267,38.076140000,127.268090000,38.076140000,127.268090000,38.076560000,127.267815000,38.077940725,127.267650702,38.076496000,127.268326000,38.078142474,127.268407372,38.075733000,127.268340000,38.075993739,127.268436758,38.075820000,127.267850000,38.075461016,127.267781084
7,7,825297854583,1.405,2.000000,38.059265000,127.268680000,797.000000,3526.725337,16525.126220,12998.400882,368.568563,60.916972,157.770814,148.543749,51.014518,13.750864,92.769986,157.770814,38.076233000,127.267360000,38.076233000,127.267360000,38.076620000,127.267070000,38.078025547,127.266838820,38.076584000,127.267580000,38.077918213,127.267607708,38.075863000,127.267630000,38.075415145,127.267753413,38.075893000,127.267136000,38.075786404,127.267056708
8,8,825297854786,1.608,2.000000,38.059326000,127.268690000,797.000000,3312.332200,14361.027679,11048.695479,333.562421,41.291580,122.462441,118.832657,74.901946,8.492570,81.172404,122.462441,38.076020000,127.266945000,38.076020000,127.266945000,38.076355000,127.266660000,38.077439516,127.266425612,38.076370000,127.267160000,38.077437478,127.267166824,38.075665000,127.267230000,38.075001695,127.267373507,38.075687000,127.266740000,38.075675257,127.266644241
9,9,825297854972,1.794,2.000000,38.059395000,127.268720000,797.000000,3196.186465,11514.232012,8318.045547,260.249070,58.203628,195.942152,39.961741,11.504479,9.850638,64.314753,195.942152,38.075657000,127.267360000,38.075657000,127.267360000,38.076015000,127.267080000,38.077762215,127.266809130,38.075985000,127.267570000,38.076338689,127.267648024,38.075302000,127.267624000,38.075231425,127.267719905,38.075344000,127.267140000,38.075400062,127.267053027
10,10,825297855174,1.996,2.000000,38.059467000,127.268745000,797.000000,3128.012405,5179.760631,2051.748226,65.592714,15.439058,8.451737,47.568744,33.749821,18.037975,26.952069,47.568744,38.075577000,127.268040000,38.075577000,127.268040000,38.075940000,127.267784000,38.075924114,127.267689687,38.075870000,127.268270000,38.076292541,127.268350934,38.075203000,127.268295000,38.075500159,127.268371371,38.075264000,127.267820000,38.075114784,127.267739748
11,11,825297855377,2.199,2.000000,38.059536000,127.268770000,797.000000,3113.892601,4236.248068,1122.355467,36.043487,3.399493,38.372973,30.091391,27.329287,31.844165,31.909454,38.372973,38.075450000,127.268720000,38.075450000,127.268720000,38.075836000,127.268486000,38.075499111,127.268393246,38.075760000,127.268960000,38.076019667,127.269055433,38.075070000,127.268950000,38.075303832,127.269045015,38.075160000,127.268490000,38.074881706,127.268405893
12,12,825297855581,2.403,2.000000,38.059610000,127.268800000,797.000000,2941.930225,5267.782846,2325.852621,79.058728,1.889312,14.330046,29.140027,8.483894,27.173325,19.781823,29.140027,38.074997000,127.269350000,38.074997000,127.269350000,38.075386000,127.269135000,38.075282792,127.269037266,38.075260000,127.269590000,38.075508071,127.269696159,38.074593000,127.269554000,38.074612247,127.269647675,38.074710000,127.269120000,38.074478124,127.269023093
13,13,825297855784,2.606,2.000000,38.059677000,127.268820000,797.000000,2892.233942,5566.379588,2674.145647,92.459521,2.338392,7.314842,25.777704,8.961185,34.386922,19.110163,34.386922,38.074852000,127.269990000,38.074852000,127.269990000,38.075245000,127.269780000,38.075235736,127.269697361,38.075123000,127.270230000,38.075333698,127.270352034,38.074455000,127.270170000,38.074472519,127.270269809,38.074585000,127.269745000,38.074286960,127.269641850
14,14,825297855986,2.808,2.000000,38.059750000,127.268845000,797.000000,2936.761011,5063.759294,2126.998283,72.426673,0.663598,8.315407,19.195941,8.340622,21.792021,14.410998,21.792021,38.074730000,127.270490000,38.074730000,127.270490000,38.075157000,127.270310000,38.075150104,127.270215515,38.074997000,127.270744000,38.075144746,127.270856955,38.074320000,127.270660000,38.074335167,127.270753208,38.074482000,127.270240000,38.074303420,127.270138124
15,15,825297856173,2.995,2.000000,38.059820000,127.268875000,797.000000,3699.978491,5684.205726,1984.227235,53.628075,2.582944,8.760528,10.353960,8.536302,17.944724,11.398879,17.944724,38.075820000,127.270970000,38.075820000,127.270970000,38.076317000,127.270790000,38.076302883,127.270691650,38.076157000,127.271255000,38.076199301,127.271360229,38.075350000,127.271140000,38.075364590,127.271235633,38.075523000,127.270700000,38.075387670,127.270588736
16,16,825297856376,3.198,2.000000,38.059890000,127.268900000,797.000000,3745.094932,6476.307489,2731.212557,72.927726,1.088391,10.535918,15.366162,8.474928,22.047212,14.106055,22.047212,38.076300000,127.270355000,38.076300000,127.270355000,38.076756000,127.270150000,38.076811189,127.270052324,38.076645000,127.270630000,38.076750872,127.270742519,38.075840000,127.270550000,38.075818115,127.270642631,38.075962000,127.270090000,38.075783754,127.269980328
17,17,825297856579,3.401,2.000000,38.059963000,127.268920000,797.000000,3632.909150,6832.597850,3199.688699,88.075109,9.946284,19.477063,29.269109,8.788931,50.331072,26.966544,50.331072,38.076393000,127.269680000,38.076393000,127.269680000,38.076847000,127.269450000,38.076690362,127.269350968,38.076740000,127.269936000,38.076985182,127.270056631,38.075962000,127.269890000,38.075961299,127.269990293,38.076077000,127.269424000,38.075632095,127.269321719
18,18,825297856782,3.604,2.000000,38.060030000,127.268950000,797.000000,3677.020629,11557.626870,7880.606241,214.320425,47.676031,93.243414,105.446183,39.849946,46.577168,71.279177,105.446183,38.076782000,127.268936000,38.076782000,127.268936000,38.077210000,127.268684000,38.078042654,127.268568301,38.077156000,127.269190000,38.078099077,127.269302686,38.076378000,127.269180000,38.076727584,127.269277901,38.076458000,127.268700000,38.076045807,127.268608711
19,19,825297856986,3.808,2.000000,38.060104000,127.268974000,797.000000,3453.006094,14475.140049,11022.133954,319.204011,31.934970,84.904746,137.466090,16.930600,79.234306,79.633936,137.466090,38.076885000,127.268230000,38.076885000,127.268230000,38.077255000,127.267950000,38.078010363,127.267815820,38.077220000,127.268456000,38.078453377,127.268533347,38.076490000,127.268486000,38.076359634,127.268585510,38.076550000,127.268000000,38.075839131,127.267954428
20,20,825297857172,3.994,2.000000,38.060173000,127.269005000,797.000000,3279.856052,15455.946085,12176.090032,371.238549,15.460045,80.283971,73.604621,108.079608,106.740990,92.177298,108.079608,38.076935000,127.267500000,38.076935000,127.267500000,38.077274000,127.267220000,38.077981395,127.267041580,38.077274000,127.267720000,38.077933885,127.267772988,38.076584000,127.267780000,38.075620828,127.267935264,38.076603000,127.267290000,38.075644147,127.267297429
21,21,825297857376,4.198,2.000000,38.060246000,127.269030000,797.000000,3166.205271,14502.615219,11336.409948,358.044062,13.879320,73.682400,70.013998,129.205704,69.255217,85.539330,129.205704,38.076880000,127.267180000,38.076880000,127.267180000,38.077200000,127.266890000,38.077846660,127.266710600,38.077220000,127.267390000,38.077848025,127.267433242,38.076540000,127.267456000,38.075390272,127.267658025,38.076557000,127.266975000,38.075934973,127.266960614
22,22,825297857577,4.399,2.000000,38.060314000,127.269050000,797.000000,3095.748614,14408.376531,11312.627917,365.424630,36.452383,123.231601,118.486087,45.263000,50.851143,84.457958,123.231601,38.076595000,127.267630000,38.076595000,127.267630000,38.076940000,127.267360000,38.078033628,127.267142011,38.076920000,127.267845000,38.077984203,127.267869545,38.076250000,127.267900000,38.075853374,127.268013732,38.076280000,127.267426000,38.075824761,127.267378013
23,23,825297857780,4.602,2.000000,38.060387000,127.269080000,797.000000,3198.128679,13757.254460,10559.125782,330.165758,70.853498,122.787619,171.901820,27.213031,37.229332,89.782951,171.901820,38.076527000,127.268320000,38.076527000,127.268320000,38.076893000,127.268060000,38.077988096,127.267892342,38.076850000,127.268550000,38.078393743,127.268598792,38.076153000,127.268570000,38.076388284,127.268654281,38.076210000,127.268105000,38.075880439,127.268032719
24,24,825297857984,4.806,2.000000,38.060455000,127.269104000,797.000000,3180.232741,6460.058252,3279.825511,103.131619,13.195791,36.972118,97.742345,25.773211,33.393851,48.470381,97.742345,38.076430000,127.269005000,38.076430000,127.269005000,38.076820000,127.268760000,38.076494462,127.268676380,38.076767000,127.269240000,38.077640823,127.269349120,38.076060000,127.269230000,38.076277255,127.269331658,38.076130000,127.268776000,38.075837402,127.268691966
25,25,825297858185,5.007,2.000000,38.060528000,127.269130000,797.000000,3073.382553,5662.425927,2589.043374,84.240843,2.570979,14.544833,43.021537,12.900633,30.369964,25.209242,43.021537,38.076088000,127.269640000,38.076088000,127.269640000,38.076485000,127.269410000,38.076373691,127.269323078,38.076397000,127.269880000,38.076772295,127.269997203,38.075714000,127.269850000,38.075800911,127.269947383,38.075806000,127.269400000,38.075542342,127.269310948
26,26,825297858371,5.193,2.000000,38.060596000,127.269160000,797.000000,3126.453206,5588.081728,2461.628522,78.735499,0.728311,10.413544,16.391422,8.164244,23.041659,14.502717,23.041659,38.075996000,127.270290000,38.075996000,127.270290000,38.076400000,127.270080000,38.076466276,127.269996135,38.076310000,127.270540000,38.076429096,127.270649998,38.075590000,127.270480000,38.075578429,127.270572000,38.075720000,127.270040000,38.075527113,127.269944613
27,27,825297858575,5.397,2.000000,38.060670000,127.269180000,797.000000,3185.982241,4993.932772,1807.950531,56.747037,0.871414,7.830202,11.257791,8.951819,15.650728,10.922635,15.650728,38.075893000,127.270930000,38.075893000,127.270930000,38.076330000,127.270744000,38.076334785,127.270654852,38.076195000,127.271194000,38.076255529,127.271296917,38.075462000,127.271095000,38.075482053,127.271193927,38.075615000,127.270676000,38.075499508,127.270574152
28,28,825297858777,5.599,2.000000,38.060738000,127.269200000,797.000000,3438.911452,5361.840638,1922.929185,55.916798,0.763979,7.721573,11.404881,8.319317,12.115915,9.890421,12.115915,38.076344000,127.271190000,38.076344000,127.271190000,38.076790000,127.271000000,38.076809494,127.270915435,38.076653000,127.271460000,38.076708513,127.271569387,38.075886000,127.271355000,38.075865878,127.271446431,38.076042000,127.270920000,38.075964313,127.270823165
29,29,825297858979,5.801,2.000000,38.060810000,127.269230000,797.000000,3640.509932,5583.366335,1942.856403,53.367700,0.711305,9.313150,10.597503,8.100225,11.222896,9.808443,11.222896,38.076946000,127.270680000,38.076946000,127.270680000,38.077393000,127.270480000,38.077422141,127.270380376,38.077286000,127.270960000,38.077342648,127.271057195,38.076504000,127.270874000,38.076502755,127.270966424,38.076610000,127.270420000,38.076549164,127.270317872
30,30,825297859181,6.003,2.000000,38.060880000,127.269260000,797.000000,3489.677722,5889.556648,2399.878926,68.770790,1.553038,9.531124,12.828443,8.972833,19.275769,12.652042,19.275769,38.077020000,127.270020000,38.077020000,127.270020000,38.077427000,127.269790000,38.077475425,127.269700300,38.077354000,127.270280000,38.077437828,127.270380455,38.076603000,127.270230000,38.076570727,127.270323830,38.076683000,127.269770000,38.076527545,127.269673111
31,31,825297859384,6.206,2.000000,38.060950000,127.269280000,797.000000,3369.505544,7888.190736,4518.685191,134.105290,6.683105,19.201982,26.010499,8.638175,72.915910,31.691642,72.915910,38.077084000,127.269340000,38.077084000,127.269340000,38.077480000,127.269104000,38.077631670,127.268999625,38.077423000,127.269585000,38.077643065,127.269684757,38.076694000,127.269580000,38.076733630,127.269664752,38.076756000,127.269110000,38.076104548,127.269023328
32,32,825297859571,6.393,2.000000,38.061020000,127.269310000,797.000000,3201.149013,12058.401115,8857.252103,276.689778,8.495214,44.096968,71.769404,43.502860,105.527958,66.224298,105.527958,38.077168000,127.268530000,38.077168000,127.268530000,38.077530000,127.268265000,38.077915166,127.268147427,38.077515000,127.268750000,38.078156376,127.268833257,38.076805000,127.268780000,38.076422782,127.268883425,38.076860000,127.268310000,38.075912258,127.268283370
33,33,825297859773,6.595,2.000000,38.061092000,127.269330000,797.000000,3015.611472,13460.447975,10444.836503,346.358826,39.612257,42.319016,44.829885,102.580627,141.327725,82.764313,141.327725,38.077213000,127.267840000,38.077213000,127.267840000,38.077530000,127.267560000,38.077896296,127.267430774,38.077553000,127.268040000,38.077950984,127.268118176,38.076890000,127.268105000,38.075976823,127.268261954,38.076900000,127.267630000,38.075631168,127.267684939
34,34,825297859978,6.800,2.000000,38.061165000,127.269356000,797.000000,2870.997716,14128.742995,11257.745279,392.119618,49.511244,44.162855,39.896505,141.717387,138.636298,91.103261,141.717387,38.077198000,127.267430000,38.077198000,127.267430000,38.077503000,127.267150000,38.077882191,127.267001839,38.077520000,127.267630000,38.077874899,127.267693453,38.076890000,127.267700000,38.075628635,127.267918789,38.076890000,127.267235000,38.075646197,127.267314860
35,35,825297860179,7.001,2.000000,38.061234000,127.269390000,797.000000,2977.101415,13396.195779,10419.094364,349.974452,52.143975,32.011630,32.340987,117.064099,153.610059,83.756694,153.610059,38.077290000,127.267800000,38.077290000,127.267800000,38.077606000,127.267525000,38.077875785,127.267398536,38.077637000,127.268005000,38.077921295,127.268081013,38.076977000,127.268060000,38.075934847,127.268238710,38.076984000,127.267590000,38.075605477,127.267668372
36,36,825297860381,7.203,2.000000,38.061306000,127.269410000,797.000000,3091.749983,11832.058070,8740.308087,282.697765,25.785819,30.708298,52.682559,62.776238,122.227012,67.098527,122.227012,38.077267000,127.268460000,38.077267000,127.268460000,38.077620000,127.268200000,38.077879905,127.268082557,38.077610000,127.268684000,38.078079833,127.268756174,38.076916000,127.268720000,38.076358187,127.268825219,38.076965000,127.268260000,38.075867109,127.268241887
37,37,825297860584,7.406,2.000000,38.061375000,127.269430000,797.000000,3154.299928,8322.156536,5167.856607,163.835295,7.432169,23.746057,33.093774,8.838781,80.280805,36.489854,80.280805,38.077210000,127.269135000,38.077210000,127.269135000,38.077583000,127.268890000,38.077780259,127.268786860,38.077522000,127.269370000,38.077810372,127.269461791,38.076847000,127.269370000,38.076814272,127.269461899,38.076880000,127.268910000,38.076160457,127.268848410
38,38,825297860772,7.594,2.000000,38.061447000,127.269460000,797.000000,3117.317116,6014.152958,2896.835841,92.927211,8.567627,8.433640,13.180963,9.024251,43.534676,18.543382,43.534676,38.077040000,127.269790000,38.077040000,127.269790000,38.077430000,127.269560000,38.077453653,127.269468568,38.077362000,127.270030000,38.077451136,127.270129014,38.076660000,127.270004000,38.076624389,127.270096515,38.076748000,127.269554000,38.076363111,127.269465961
39,39,825297860975,7.797,2.000000,38.061516000,127.269485000,797.000000,3185.016761,5099.420343,1914.403582,60.106547,1.267924,9.018468,9.788137,8.718470,12.533402,10.014619,12.533402,38.077007000,127.270310000,38.077007000,127.270310000,38.077408000,127.270096000,38.077444572,127.270004166,38.077350000,127.270560000,38.077390846,127.270658917,38.076626000,127.270515000,38.076587394,127.270601566,38.076706000,127.270070000,38.076621637,127.269975282
40,40,825297861179,8.001,2.000000,38.061590000,127.269510000,797.000000,3154.506584,4826.187670,1671.681087,52.993425,1.790568,8.006353,9.540391,8.172314,11.956373,9.418858,11.956373,38.076942000,127.271030000,38.076942000,127.271030000,38.077366000,127.270836000,38.077367336,127.270744649,38.077248000,127.271286000,38.077274973,127.271389340,38.076538000,127.271210000,38.076523110,127.271301322,38.076650000,127.270775000,38.076572606,127.270680393
41,41,825297861381,8.203,2.000000,38.061590000,127.269510000,797.000000,3154.506584,4826.187670,1671.681087,52.993425,1.790568,8.006353,9.540391,8.172314,11.956373,9.418858,11.956373,38.076942000,127.271030000,38.076942000,127.271030000,38.077366000,127.270836000,38.077367336,127.270744649,38.077248000,127.271286000,38.077274973,127.271389340,38.076538000,127.271210000,38.076523110,127.271301322,38.076650000,127.270775000,38.076572606,127.270680393
42,42,825297861584,8.406,2.000000,38.061730000,127.269560000,797.000000,3488.751420,5403.454209,1914.702789,54.882179,4.962636,10.148299,16.253460,8.156772,8.552277,10.777702,16.253460,38.077625000,127.270996000,38.077625000,127.270996000,38.078056000,127.270800000,38.078103643,127.270701263,38.077980000,127.271270000,38.078098994,127.271377484,38.077200000,127.271194000,38.077223195,127.271282297,38.077316000,127.270740000,38.077304488,127.270643504
43,43,825297861771,8.593,2.000000,38.061730000,127.269560000,797.000000,3488.751420,5403.454209,1914.702789,54.882179,4.962636,10.148299,16.253460,8.156772,8.552277,10.777702,16.253460,38.077625000,127.270996000,38.077625000,127.270996000,38.078056000,127.270800000,38.078103643,127.270701263,38.077980000,127.271270000,38.078098994,127.271377484,38.077200000,127.271194000,38.077223195,127.271282297,38.077316000,127.270740000,38.077304488,127.270643504
44,44,825297861974,8.796,2.000000,38.061800000,127.269585000,797.000000,3340.408805,4936.154692,1595.745886,47.770976,1.094377,8.456209,10.447071,8.145109,8.486606,8.883749,10.447071,38.077686000,127.270340000,38.077686000,127.270340000,38.078080000,127.270120000,38.078083267,127.270023588,38.078022000,127.270600000,38.078079404,127.270694316,38.077297000,127.270550000,38.077291379,127.270642676,38.077347000,127.270096000,38.077331138,127.270001271
45,45,825297862176,8.998,2.000000,38.061870000,127.269615000,797.000000,3216.123132,5111.294024,1895.170891,58.927187,3.373141,8.509301,8.687831,9.143728,16.075018,10.603969,16.075018,38.077710000,127.269684000,38.077710000,127.269684000,38.078090000,127.269440000,38.078120937,127.269351201,38.078053000,127.269920000,38.078058838,127.270018867,38.077340000,127.269905000,38.077310226,127.270002251,38.077393000,127.269450000,38.077265856,127.269363028
46,46,825297862390,9.212,2.000000,38.062010000,127.269660000,797.000000,2929.387081,10787.861216,7858.474135,268.263426,66.468455,23.757441,15.823181,103.343222,153.960404,74.221062,153.960404,38.077873000,127.268340000,38.077873000,127.268340000,38.078194000,127.268074000,38.077988683,127.268000017,38.078210000,127.268555000,38.078336119,127.268638288,38.077568000,127.268600000,38.076646788,127.268745943,38.077568000,127.268135000,38.076185521,127.268185461
47,47,825297862581,9.403,2.000000,38.062084000,127.269690000,797.000000,2701.264279,10506.313141,7805.048862,288.940587,76.261990,13.380582,19.210618,140.485809,137.297475,77.593621,140.485809,38.077873000,127.267660000,38.077873000,127.267660000,38.078150000,127.267390000,38.078049982,127.267305310,38.078200000,127.267850000,38.078054370,127.267967623,38.077602000,127.267930000,38.076352270,127.268153069,38.077560000,127.267470000,38.076328696,127.267560515
48,48,825297862785,9.607,2.000000,38.062084000,127.269690000,797.000000,2701.264279,10506.313141,7805.048862,288.940587,76.261990,13.380582,19.210618,140.485809,137.297475,77.593621,140.485809,38.077873000,127.267660000,38.077873000,127.267660000,38.078150000,127.267390000,38.078049982,127.267305310,38.078200000,127.267850000,38.078054370,127.267967623,38.077602000,127.267930000,38.076352270,127.268153069,38.077560000,127.267470000,38.076328696,127.267560515
49,49,825297862973,9.795,2.000000,38.062153000,127.269714000,797.000000,2942.551491,7569.017095,4626.465604,157.226326,42.962822,35.467564,109.358763,16.728400,16.355693,44.477605,109.358763,38.078346000,127.267715000,38.078346000,127.267715000,38.078625000,127.267430000,38.078926035,127.267297425,38.078690000,127.267920000,38.079672364,127.267911501,38.078056000,127.267990000,38.078193998,127.268065571,38.078014000,127.267525000,38.078129829,127.267410168
50,50,825297863176,9.998,2.000000,38.062225000,127.269745000,797.000000,3014.838474,3611.441822,596.603347,19.788899,4.507257,31.025213,30.060572,21.200900,8.141515,22.607050,31.025213,38.078217000,127.268400000,38.078217000,127.268400000,38.078518000,127.268135000,38.078244457,127.268067180,38.078556000,127.268616000,38.078819511,127.268690969,38.077885000,127.268660000,38.078064467,127.268740978,38.077885000,127.268196000,38.077877487,127.268103581
51,51,825297863380,10.202,2.000000,38.062294000,127.269770000,797.000000,3176.911792,4655.111289,1478.199497,46.529447,3.757457,8.715667,8.482383,7.792868,12.175757,9.291669,12.175757,38.078213000,127.269070000,38.078213000,127.269070000,38.078545000,127.268820000,38.078543847,127.268720548,38.078570000,127.269300000,38.078541991,127.269390024,38.077860000,127.269325000,38.077836102,127.269408590,38.077877000,127.268860000,38.077795880,127.268766796
52,52,825297863580,10.402,2.000000,38.062440000,127.269820000,797.000000,3259.710575,5410.033534,2150.322959,65.966684,4.430913,13.009900,15.921616,7.310710,9.434774,11.419250,15.921616,38.078070000,127.270520000,38.078070000,127.270520000,38.078470000,127.270310000,38.078555942,127.270209388,38.078420000,127.270775000,38.078540192,127.270873489,38.077686000,127.270740000,38.077662998,127.270818145,38.077750000,127.270290000,38.077724685,127.270187246
53,53,825297863784,10.606,2.000000,38.062508000,127.269844000,797.000000,3291.023894,5427.253300,2136.229406,64.910784,1.405058,8.582603,12.156108,10.423858,13.388897,11.137867,13.388897,38.078050000,127.271190000,38.078050000,127.271190000,38.078453000,127.270980000,38.078494645,127.270897573,38.078380000,127.271450000,38.078450924,127.271555483,38.077660000,127.271380000,38.077595028,127.271465662,38.077724000,127.270930000,38.077627744,127.270838386
54,54,825297863973,10.795,2.000000,38.062570000,127.269870000,797.000000,3435.571837,5438.430040,2002.858203,58.297666,0.420642,8.913374,12.458542,7.766035,13.164120,10.575518,13.164120,38.078390000,127.271620000,38.078390000,127.271620000,38.078820000,127.271430000,38.078844849,127.271333303,38.078720000,127.271900000,38.078797878,127.272002108,38.077960000,127.271805000,38.077953904,127.271893287,38.078080000,127.271360000,38.077995518,127.271254879
55,55,825297864176,10.998,2.000000,38.062637000,127.269890000,797.000000,3651.797819,5836.428713,2184.630894,59.823435,1.198649,8.756137,11.538147,10.513781,11.458244,10.566577,11.538147,38.079063000,127.271190000,38.079063000,127.271190000,38.079502000,127.270970000,38.079536307,127.270880079,38.079437000,127.271460000,38.079492543,127.271571172,38.078670000,127.271390000,38.078612803,127.271485480,38.078724000,127.270920000,38.078652255,127.270826236
56,56,825297864380,11.202,2.000000,38.062710000,127.269910000,797.000000,3543.912058,5692.268062,2148.356003,60.621030,0.684989,10.039068,12.045451,9.692841,10.210342,10.496926,12.045451,38.079080000,127.270510000,38.079080000,127.270510000,38.079460000,127.270270000,38.079516947,127.270181164,38.079445000,127.270760000,38.079509109,127.270870740,38.078680000,127.270730000,38.078632436,127.270822654,38.078720000,127.270256000,38.078662395,127.270165326
57,57,825297864586,11.408,2.000000,38.062780000,127.269940000,797.000000,3414.787815,6015.820023,2601.032208,76.169658,3.904803,11.349251,10.848177,11.385671,22.719292,14.075598,22.719292,38.079056000,127.269820000,38.079056000,127.269820000,38.079433000,127.269570000,38.079500990,127.269473488,38.079433000,127.270060000,38.079490717,127.270159751,38.078710000,127.270060000,38.078636664,127.270150572,38.078705000,127.269585000,38.078512455,127.269499031
58,58,825297864773,11.595,2.000000,38.062780000,127.269940000,797.000000,3414.787815,6015.820023,2601.032208,76.169658,3.904803,11.349251,10.848177,11.385671,22.719292,14.075598,22.719292,38.079056000,127.269820000,38.079056000,127.269820000,38.079433000,127.269570000,38.079500990,127.269473488,38.079433000,127.270060000,38.079490717,127.270159751,38.078710000,127.270060000,38.078636664,127.270150572,38.078705000,127.269585000,38.078512455,127.269499031
59,59,825297864979,11.801,2.000000,38.062850000,127.269966000,797.000000,3209.772977,6391.990206,3182.217229,99.141505,4.666388,23.713269,21.500383,15.137412,12.635748,18.246703,23.713269,38.079040000,127.269150000,38.079040000,127.269150000,38.079365000,127.268890000,38.079559671,127.268780121,38.079407000,127.269370000,38.079584641,127.269466308,38.078705000,127.269400000,38.078592993,127.269497955,38.078686000,127.268930000,38.078593369,127.268846658
60,60,825297865172,11.994,2.000000,38.062920000,127.269990000,797.000000,3058.940452,6913.856556,3854.916104,126.021286,1.539119,19.582917,26.183072,12.109058,40.289128,24.541044,40.289128,38.079002000,127.268600000,38.079002000,127.268600000,38.079296000,127.268330000,38.079449164,127.268220075,38.079365000,127.268814000,38.079591949,127.268892477,38.078690000,127.268860000,38.078614023,127.268958895,38.078655000,127.268400000,38.078296013,127.268341545
61,61,825297865371,12.193,2.000000,38.062992000,127.270020000,797.000000,2805.744748,10315.335717,7509.590969,267.650540,49.466986,101.681165,104.395931,21.362549,27.994925,63.858643,104.395931,38.078938000,127.267920000,38.078938000,127.267920000,38.079197000,127.267640000,38.080092901,127.267413839,38.079290000,127.268110000,38.080227799,127.268105811,38.078663000,127.268190000,38.078846535,127.268261207,38.078613000,127.267730000,38.078365246,127.267675186
62,62,825297865573,12.395,2.000000,38.063065000,127.270040000,797.000000,2892.112980,10051.493089,7159.380109,247.548424,22.910900,72.738216,76.333447,9.065733,51.813136,52.487633,76.333447,38.079144000,127.267914000,38.079144000,127.267914000,38.079410000,127.267630000,38.080046582,127.267442779,38.079502000,127.268110000,38.080187541,127.268129633,38.078876000,127.268190000,38.078838899,127.268282100,38.078815000,127.267720000,38.078349812,127.267700340
63,63,825297865776,12.598,2.000000,38.063133000,127.270065000,797.000000,2968.199980,7091.808228,4123.608247,138.926227,4.480112,19.429400,26.202538,14.367379,48.629930,27.157312,48.629930,38.079098000,127.268540000,38.079098000,127.268540000,38.079384000,127.268270000,38.079535066,127.268158941,38.079456000,127.268745000,38.079682651,127.268825685,38.078800000,127.268800000,38.078698587,127.268901417,38.078754000,127.268340000,38.078318383,127.268298329
64,64,825297865981,12.803,2.000000,38.063206000,127.270096000,797.000000,3042.063639,6180.491976,3138.428337,103.167741,1.141708,19.550409,15.511478,18.610221,19.550796,18.305726,19.550796,38.079155000,127.269210000,38.079155000,127.269210000,38.079460000,127.268960000,38.079611146,127.268846381,38.079514000,127.269430000,38.079633193,127.269521689,38.078823000,127.269460000,38.078674379,127.269557253,38.078808000,127.269005000,38.078646331,127.268917830
65,65,825297866185,13.007,2.000000,38.063274000,127.270120000,797.000000,3208.105145,5586.702643,2378.597498,74.143377,2.482312,11.623889,10.289983,10.716063,18.665382,12.823829,18.665382,38.079258000,127.269870000,38.079258000,127.269870000,38.079610000,127.269620000,38.079683440,127.269525700,38.079620000,127.270100000,38.079667450,127.270200778,38.078915000,127.270100000,38.078858323,127.270198850,38.078907000,127.269646000,38.078754556,127.269557295
66,66,825297866372,13.194,2.000000,38.063347000,127.270150000,797.000000,3348.284846,5213.187302,1864.902456,55.697246,0.710353,8.213016,10.668793,8.125587,11.622928,9.657581,11.622928,38.079090000,127.271760000,38.079090000,127.271760000,38.079510000,127.271560000,38.079530656,127.271470020,38.079430000,127.272030000,38.079479008,127.272134631,38.078693000,127.271950000,38.078667432,127.272036855,38.078780000,127.271500000,38.078710460,127.271401058
67,67,825297866573,13.395,2.000000,38.063416000,127.270170000,797.000000,3266.668401,5160.863294,1894.194893,57.985527,0.668651,8.183851,11.079827,8.813654,11.383395,9.865182,11.383395,38.079100000,127.271800000,38.079100000,127.271800000,38.079514000,127.271600000,38.079537483,127.271511498,38.079437000,127.272064000,38.079486186,127.272173926,38.078705000,127.271980000,38.078680096,127.272075477,38.078790000,127.271540000,38.078723170,127.271441674
68,68,825297866778,13.600,2.000000,38.063488000,127.270195000,797.000000,3250.885381,5100.864070,1849.978689,56.906918,0.646053,8.094495,10.876689,8.729009,11.136672,9.709216,11.136672,38.079105000,127.271800000,38.079105000,127.271800000,38.079517000,127.271600000,38.079539020,127.271511962,38.079440000,127.272064000,38.079488350,127.272171863,38.078712000,127.271980000,38.078688767,127.272075144,38.078796000,127.271540000,38.078730819,127.271443585
69,69,825297866979,13.801,2.000000,38.063557000,127.270226000,797.000000,3258.698744,5039.816438,1781.117695,54.657329,0.492379,8.041017,10.717773,7.891249,10.806363,9.364101,10.806363,38.079105000,127.271800000,38.079105000,127.271800000,38.079514000,127.271600000,38.079535241,127.271512292,38.079437000,127.272064000,38.079485561,127.272169615,38.078716000,127.271990000,38.078692356,127.272074899,38.078796000,127.271540000,38.078733459,127.271445680
70,70,825297867179,14.001,2.000000,38.063630000,127.270250000,797.000000,3203.770881,4980.055624,1776.284742,55.443563,0.126524,8.201046,10.928677,7.700954,10.761648,9.398081,10.928677,38.079110000,127.271800000,38.079110000,127.271800000,38.079510000,127.271600000,38.079536773,127.271512808,38.079433000,127.272064000,38.079487697,127.272167569,38.078720000,127.271990000,38.078701027,127.272074514,38.078800000,127.271545000,38.078741138,127.271447576
71,71,825297867381,14.203,2.000000,38.063770000,127.270300000,797.000000,3109.976274,4862.575376,1752.599101,56.354099,0.184590,8.934762,10.464435,7.812907,10.474049,9.421539,10.474049,38.079113000,127.271800000,38.079113000,127.271800000,38.079506000,127.271610000,38.079532601,127.271513799,38.079433000,127.272064000,38.079485067,127.272163429,38.078735000,127.271990000,38.078710804,127.272073695,38.078808000,127.271545000,38.078749459,127.271451423
72,72,825297867583,14.405,2.000000,38.063770000,127.270300000,797.000000,3109.976274,4862.575376,1752.599101,56.354099,0.184590,8.934762,10.464435,7.812907,10.474049,9.421539,10.474049,38.079113000,127.271800000,38.079113000,127.271800000,38.079506000,127.271610000,38.079532601,127.271513799,38.079433000,127.272064000,38.079485067,127.272163429,38.078735000,127.271990000,38.078710804,127.272073695,38.078808000,127.271545000,38.078749459,127.271451423
73,73,825297867775,14.597,2.000000,38.063843000,127.270325000,797.000000,3091.759561,4804.451987,1712.692426,55.395395,0.191544,8.910398,10.139230,7.691125,10.365772,9.276631,10.365772,38.079117000,127.271800000,38.079117000,127.271800000,38.079506000,127.271610000,38.079533089,127.271514314,38.079437000,127.272064000,38.079486226,127.272161355,38.078740000,127.271990000,38.078718150,127.272073267,38.078815000,127.271545000,38.078756127,127.271453349
74,74,825297867973,14.795,2.000000,38.063910000,127.270350000,797.000000,3058.145526,4748.361738,1690.216211,55.269319,0.279465,8.745676,10.071051,7.649877,10.404689,9.217823,10.404689,38.079117000,127.271800000,38.079117000,127.271800000,38.079506000,127.271610000,38.079529569,127.271514790,38.079433000,127.272064000,38.079483532,127.272159333,38.078743000,127.271990000,38.078721365,127.272072862,38.078815000,127.271550000,38.078758687,127.271455231
75,75,825297868177,14.999,2.000000,38.063984000,127.270380000,797.000000,3001.071778,4689.380666,1688.308888,56.256865,0.194038,8.828753,10.210662,7.640423,10.420903,9.275185,10.420903,38.079120000,127.271800000,38.079120000,127.271800000,38.079502000,127.271610000,38.079528894,127.271515215,38.079433000,127.272060000,38.079483703,127.272157104,38.078750000,127.271990000,38.078727828,127.272072519,38.078823000,127.271550000,38.078764351,127.271457308
76,76,825297868377,15.199,2.000000,38.064053000,127.270400000,797.000000,2991.122180,4633.021914,1641.899734,54.892433,0.341473,8.221843,10.278856,8.029238,9.775697,9.076408,10.278856,38.079120000,127.271805000,38.079120000,127.271805000,38.079502000,127.271610000,38.079525356,127.271520986,38.079433000,127.272060000,38.079480871,127.272160308,38.078754000,127.271990000,38.078730941,127.272076822,38.078823000,127.271550000,38.078767087,127.271463974
77,77,825297868583,15.405,2.000000,38.064125000,127.270424000,797.000000,2951.791198,4590.960510,1639.169311,55.531344,0.264215,8.631638,9.903797,7.528740,10.161239,9.056354,10.161239,38.079140000,127.271805000,38.079140000,127.271805000,38.079517000,127.271614000,38.079543202,127.271521289,38.079450000,127.272064000,38.079498668,127.272158613,38.078777000,127.271996000,38.078753645,127.272076634,38.078842000,127.271560000,38.078789052,127.271465541
78,78,825297868785,15.607,2.000000,38.064198000,127.270454000,797.000000,2920.274393,4531.756869,1611.482475,55.182570,0.264030,8.563093,9.875117,7.478169,10.097698,9.003519,10.097698,38.079140000,127.271805000,38.079140000,127.271805000,38.079514000,127.271614000,38.079539389,127.271521753,38.079445000,127.272064000,38.079495826,127.272156365,38.078780000,127.271996000,38.078757130,127.272076244,38.078846000,127.271560000,38.078791754,127.271467640
79,79,825297868972,15.794,2.000000,38.064266000,127.270480000,797.000000,2853.700054,4474.046828,1620.346774,56.780557,0.106953,8.269395,9.981531,7.868251,10.143922,9.065775,10.143922,38.079136000,127.271810000,38.079136000,127.271810000,38.079502000,127.271614000,38.079531560,127.271527422,38.079440000,127.272064000,38.079489025,127.272159377,38.078780000,127.271996000,38.078756396,127.272080638,38.078842000,127.271570000,38.078790501,127.271474496
80,80,825297869172,15.994,2.000000,38.064340000,127.270500000,797.000000,2813.395169,4400.422886,1587.027717,56.409698,0.426646,7.747622,9.849520,8.465604,9.738364,8.950278,9.849520,38.079117000,127.271820000,38.079117000,127.271820000,38.079480000,127.271620000,38.079507342,127.271538692,38.079422000,127.272070000,38.079466361,127.272167256,38.078770000,127.272000000,38.078741197,127.272089413,38.078827000,127.271576000,38.078775170,127.271486470
81,81,825297869374,16.196,2.000000,38.064480000,127.270550000,797.000000,2693.782357,4262.206231,1568.423873,58.223853,0.347594,8.721898,8.914935,8.181712,9.808556,8.906775,9.808556,38.079067000,127.271840000,38.079067000,127.271840000,38.079407000,127.271645000,38.079449316,127.271561231,38.079376000,127.272090000,38.079409008,127.272182695,38.078740000,127.272030000,38.078698525,127.272107084,38.078773000,127.271610000,38.078732317,127.271510709
82,82,825297869577,16.399,2.000000,38.064480000,127.270550000,797.000000,2693.782357,4262.206231,1568.423873,58.223853,0.347594,8.721898,8.914935,8.181712,9.808556,8.906775,9.808556,38.079067000,127.271840000,38.079067000,127.271840000,38.079407000,127.271645000,38.079449316,127.271561231,38.079376000,127.272090000,38.079409008,127.272182695,38.078740000,127.272030000,38.078698525,127.272107084,38.078773000,127.271610000,38.078732317,127.271510709
83,83,825297869778,16.600,2.000000,38.064550000,127.270580000,797.000000,2672.128431,4193.357580,1521.229148,56.929492,0.295683,9.389926,8.698830,8.203297,9.093658,8.846427,9.389926,38.079037000,127.271850000,38.079037000,127.271850000,38.079357000,127.271650000,38.079415232,127.271572474,38.079353000,127.272095000,38.079375167,127.272190194,38.078724000,127.272050000,38.078671639,127.272115874,38.078735000,127.271620000,38.078705905,127.271523028
84,84,825297869981,16.803,2.000000,38.064620000,127.270610000,797.000000,2633.318891,4157.049654,1523.730763,57.863511,0.423336,10.014461,8.616853,9.488128,8.620538,9.184995,10.014461,38.079070000,127.271830000,38.079070000,127.271830000,38.079380000,127.271630000,38.079445627,127.271551831,38.079403000,127.272070000,38.079407015,127.272168204,38.078773000,127.272026000,38.078708432,127.272096683,38.078760000,127.271600000,38.078740107,127.271504923
85,85,825297870184,17.006,2.000000,38.064762000,127.270650000,797.000000,2644.610201,4224.930611,1580.320410,59.756270,0.957349,13.807990,9.074543,11.995053,9.022027,10.974903,13.807990,38.079327000,127.271160000,38.079327000,127.271160000,38.079582000,127.270935000,38.079691887,127.270861904,38.079685000,127.271380000,38.079685256,127.271483559,38.079063000,127.271380000,38.078968428,127.271445606,38.078968000,127.270950000,38.078986675,127.270849810
86,86,825297870373,17.195,2.000000,38.064835000,127.270676000,797.000000,2477.677553,4061.919994,1584.242441,63.940622,0.454616,15.694829,9.938828,15.703572,8.867030,12.551065,15.703572,38.079308000,127.270390000,38.079308000,127.270390000,38.079525000,127.270150000,38.079652771,127.270074282,38.079685000,127.270584000,38.079657576,127.270691940,38.079098000,127.270620000,38.078969268,127.270693288,38.078953000,127.270200000,38.078965657,127.270100094
87,87,825297870576,17.398,2.000000,38.064907000,127.270700000,797.000000,2449.300893,4225.500907,1776.200014,72.518653,0.297100,19.829609,10.901843,16.251197,9.710569,14.173305,19.829609,38.079334000,127.269740000,38.079334000,127.269740000,38.079517000,127.269485000,38.079684383,127.269407577,38.079720000,127.269905000,38.079693683,127.270024837,38.079140000,127.269980000,38.079007644,127.270058253,38.078953000,127.269580000,38.078938496,127.269470724
88,88,825297870778,17.600,2.000000,38.064980000,127.270720000,797.000000,2269.746998,4639.197469,2369.450472,104.392713,0.968753,26.144824,9.750039,24.209556,12.436118,18.135134,26.144824,38.079280000,127.269040000,38.079280000,127.269040000,38.079422000,127.268790000,38.079642858,127.268688507,38.079662000,127.269196000,38.079691950,127.269300561,38.079132000,127.269295000,38.078924252,127.269376716,38.078907000,127.268906000,38.078834086,127.268798475
89,89,825297870981,17.803,2.000000,38.065050000,127.270744000,797.000000,2140.453479,5816.436170,3675.982691,171.738500,7.980077,28.327019,16.299324,22.354396,51.116398,29.524284,51.116398,38.079205000,127.268360000,38.079205000,127.268360000,38.079310000,127.268105000,38.079548921,127.267993742,38.079586000,127.268486000,38.079709766,127.268585388,38.079086000,127.268616000,38.078898382,127.268706949,38.078835000,127.268240000,38.078376265,127.268214154
90,90,825297871184,18.006,2.000000,38.065050000,127.270744000,797.000000,2140.453479,5816.436170,3675.982691,171.738500,7.980077,28.327019,16.299324,22.354396,51.116398,29.524284,51.116398,38.079205000,127.268360000,38.079205000,127.268360000,38.079310000,127.268105000,38.079548921,127.267993742,38.079586000,127.268486000,38.079709766,127.268585388,38.079086000,127.268616000,38.078898382,127.268706949,38.078835000,127.268240000,38.078376265,127.268214154
91,91,825297871371,18.193,2.000000,38.065120000,127.270770000,797.000000,2061.465742,6984.582416,4923.116674,238.816323,14.004356,65.346396,44.335046,8.529025,46.025752,41.059055,65.346396,38.079230000,127.267890000,38.079230000,127.267890000,38.079310000,127.267630000,38.079878075,127.267442086,38.079617000,127.268000000,38.080013552,127.268046930,38.079147000,127.268150000,38.079091820,127.268217528,38.078870000,127.267790000,38.078457197,127.267760492
92,92,825297871574,18.396,2.000000,38.065193000,127.270780000,797.000000,2105.745178,6472.072017,4366.326838,207.353049,13.952481,33.571114,14.580573,31.634006,67.330842,36.779134,67.330842,38.079437000,127.268060000,38.079437000,127.268060000,38.079510000,127.267810000,38.079793718,127.267680124,38.079840000,127.268166000,38.079937019,127.268277787,38.079365000,127.268320000,38.079092677,127.268423165,38.079052000,127.267960000,38.078447165,127.267964004
93,93,825297871776,18.598,2.000000,38.065266000,127.270805000,796.000000,2209.749353,4565.106866,2355.357513,106.589352,3.236680,29.943203,12.469573,31.279122,12.617228,21.577282,31.279122,38.079530000,127.268730000,38.079530000,127.268730000,38.079597000,127.268480000,38.079852781,127.268374255,38.079960000,127.268845000,38.079927892,127.268981334,38.079450000,127.268980000,38.079179480,127.269076513,38.079120000,127.268620000,38.079050988,127.268505778
94,94,825297871981,18.803,2.000000,38.065342000,127.270820000,796.000000,2257.666034,4144.384554,1886.718520,83.569425,0.612971,31.058175,15.480733,29.200831,13.062244,22.200496,31.058175,38.079597000,127.269410000,38.079597000,127.269410000,38.079670000,127.269160000,38.079939692,127.269069210,38.080040000,127.269530000,38.079966669,127.269680111,38.079530000,127.269660000,38.079274624,127.269736144,38.079180000,127.269295000,38.079217468,127.269153735
95,95,825297872182,19.004,2.000000,38.065414000,127.270836000,796.000000,2326.288133,3932.187347,1605.899214,69.032687,1.694124,32.564651,17.244026,26.712264,17.827050,23.586998,32.564651,38.079610000,127.270035000,38.079610000,127.270035000,38.079674000,127.269790000,38.079959785,127.269710638,38.080063000,127.270170000,38.079962139,127.270319361,38.079530000,127.270280000,38.079295579,127.270345124,38.079166000,127.269910000,38.079275452,127.269761488
96,96,825297872385,19.207,2.000000,38.065487000,127.270850000,795.000000,2311.275225,3886.079393,1574.804168,68.135727,0.452145,31.404765,18.616306,31.044601,18.486034,24.887926,31.404765,38.079636000,127.270720000,38.079636000,127.270720000,38.079700000,127.270480000,38.079977297,127.270414054,38.080105000,127.270870000,38.079986342,127.271019708,38.079586000,127.270966000,38.079309680,127.271013876,38.079197000,127.270584000,38.079312139,127.270431976
97,97,825297872586,19.408,2.000000,38.065636000,127.270874000,795.000000,2493.773100,4206.976329,1713.203228,68.699242,0.302876,37.763004,22.162144,35.219050,20.970086,29.028571,37.763004,38.080147000,127.271460000,38.080147000,127.271460000,38.080185000,127.271210000,38.080522384,127.271165098,38.080650000,127.271620000,38.080498495,127.271784081,38.080110000,127.271706000,38.079794971,127.271743084,38.079666000,127.271310000,38.079805373,127.271148998
98,98,825297872774,19.596,2.000000,38.065712000,127.270880000,794.000000,2462.077548,4322.485398,1860.407850,75.562520,0.589424,40.515364,23.278473,39.643920,20.381646,30.954851,40.515364,38.080254000,127.270800000,38.080254000,127.270800000,38.080265000,127.270546000,38.080626037,127.270487556,38.080772000,127.270930000,38.080616885,127.271108166,38.080250000,127.271040000,38.079896937,127.271099220,38.079758000,127.270670000,38.079886994,127.270504929
99,99,825297872976,19.798,2.000000,38.065784000,127.270890000,794.000000,2363.213531,4346.559596,1983.346066,83.925809,0.324073,40.673147,41.492032,39.230431,37.738688,39.783575,41.492032,38.080215000,127.269950000,38.080215000,127.269950000,38.080730000,127.270040000,38.080579591,127.269616981,38.080235000,127.270195000,38.080606475,127.270233812,38.079735000,127.269850000,38.079859229,127.270268969,38.080193000,127.269700000,38.079854459,127.269677289
100,100,825297873180,20.002,2.000000,38.065784000,127.270890000,794.000000,2363.213531,4346.559596,1983.346066,83.925809,0.324073,40.673147,41.492032,39.230431,37.738688,39.783575,41.492032,38.080215000,127.269950000,38.080215000,127.269950000,38.080730000,127.270040000,38.080579591,127.269616981,38.080235000,127.270195000,38.080606475,127.270233812,38.079735000,127.269850000,38.079859229,127.270268969,38.080193000,127.269700000,38.079854459,127.269677289
101,101,825297873384,20.206,2.000000,38.065845000,127.270890000,793.000000,2288.521761,4174.815970,1886.294208,82.424132,1.955044,41.600734,36.448565,37.804024,38.677363,38.632672,41.600734,38.080143000,127.269230000,38.080143000,127.269230000,38.080658000,127.269300000,38.080479643,127.268882802,38.080190000,127.269480000,38.080517223,127.269494533,38.079680000,127.269165000,38.079809272,127.269563950,38.080116000,127.268990000,38.079768679,127.268978223
102,102,825297873572,20.394,2.000000,38.065920000,127.270890000,792.000000,2074.707736,4280.186175,2205.478439,106.303090,0.571327,39.173703,37.988682,38.470773,41.052641,39.171450,41.052641,38.080080000,127.268550000,38.080080000,127.268550000,38.080544000,127.268600000,38.080407590,127.268187894,38.080128000,127.268780000,38.080469089,127.268793661,38.079617000,127.268500000,38.079763989,127.268897347,38.080025000,127.268310000,38.079656430,127.268325903
103,103,825297873773,20.595,2.000000,38.065998000,127.270890000,792.000000,2011.551237,6261.852388,4250.301151,211.294700,17.477256,38.882303,43.395353,36.958141,111.904356,57.785038,111.904356,38.079967000,127.267870000,38.079967000,127.267870000,38.080430000,127.267900000,38.080293384,127.267491615,38.080032000,127.268100000,38.080421527,127.268080585,38.079536000,127.267840000,38.079660773,127.268230856,38.079903000,127.267630000,38.078908789,127.267818771
104,104,825297873976,20.798,2.000000,38.066147000,127.270880000,791.000000,2084.549824,4418.794931,2334.245107,111.978379,1.304467,41.091700,38.842257,38.504022,43.644777,40.520689,43.644777,38.080425000,127.268010000,38.080425000,127.268010000,38.080900000,127.268060000,38.080747905,127.267632706,38.080482000,127.268250000,38.080830853,127.268240957,38.079970000,127.267975000,38.080120334,127.268370745,38.080368000,127.267780000,38.079976323,127.267802218
105,105,825297874180,21.002,2.000000,38.066223000,127.270874000,790.000000,2155.129263,4170.591887,2015.462625,93.519338,1.503929,40.890339,37.719746,37.954163,39.186702,38.937737,40.890339,38.080524000,127.268690000,38.080524000,127.268690000,38.081013000,127.268750000,38.080852762,127.268330089,38.080570000,127.268936000,38.080908820,127.268940899,38.080086000,127.268630000,38.080205822,127.269035515,38.080498000,127.268450000,38.080145981,127.268450900
106,106,825297874383,21.205,2.000000,38.066300000,127.270870000,789.000000,2289.863997,4158.518342,1868.654346,81.605473,1.328372,39.971452,18.465165,36.773645,19.583375,28.698409,39.971452,38.080578000,127.269394000,38.080578000,127.269394000,38.080570000,127.269150000,38.080920600,127.269051505,38.081060000,127.269485000,38.080968637,127.269660884,38.080574000,127.269646000,38.080249156,127.269722260,38.080112000,127.269310000,38.080222638,127.269136239
107,107,825297874584,21.406,2.000000,38.066376000,127.270860000,789.000000,2253.097988,4175.811083,1922.713095,85.336417,0.440611,39.375369,19.773825,38.227389,17.380232,28.689204,39.375369,38.080643000,127.270090000,38.080643000,127.270090000,38.080647000,127.269840000,38.080995806,127.269765396,38.081112000,127.270200000,38.081000756,127.270375932,38.080624000,127.270330000,38.080285264,127.270401680,38.080180000,127.269970000,38.080279330,127.269816969
108,108,825297874773,21.595,2.000000,38.066376000,127.270860000,789.000000,2253.097988,4175.811083,1922.713095,85.336417,0.440611,39.375369,19.773825,38.227389,17.380232,28.689204,39.375369,38.080643000,127.270090000,38.080643000,127.270090000,38.080647000,127.269840000,38.080995806,127.269765396,38.081112000,127.270200000,38.081000756,127.270375932,38.080624000,127.270330000,38.080285264,127.270401680,38.080180000,127.269970000,38.080279330,127.269816969
109,109,825297874976,21.798,2.000000,38.066452000,127.270840000,788.000000,2279.482540,4085.700823,1806.218283,79.238084,0.890943,38.720559,19.340717,34.479690,18.753108,27.823519,38.720559,38.080670000,127.270640000,38.080670000,127.270640000,38.080700000,127.270390000,38.081044651,127.270330367,38.081142000,127.270775000,38.081025591,127.270938853,38.080640000,127.270880000,38.080333441,127.270936221,38.080220000,127.270515000,38.080330314,127.270353251
110,110,825297875179,22.001,2.000000,38.066525000,127.270830000,787.000000,2293.467228,4096.214651,1802.747424,78.603583,0.332259,33.893365,17.509634,32.859690,17.084721,25.336853,33.893365,38.080765000,127.271255000,38.080765000,127.271255000,38.080826000,127.271010000,38.081128060,127.270961432,38.081220000,127.271416000,38.081119822,127.271570057,38.080708000,127.271500000,38.080414205,127.271536337,38.080334000,127.271110000,38.080425056,127.270953047
111,111,825297875383,22.205,2.000000,38.066677000,127.270790000,786.000000,2284.491321,4275.842378,1991.351057,87.168248,0.304940,36.915225,16.909954,36.086791,15.954571,26.466635,36.915225,38.081140000,127.270200000,38.081140000,127.270200000,38.081180000,127.269950000,38.081506481,127.269876152,38.081596000,127.270340000,38.081504110,127.270493670,38.081097000,127.270450000,38.080776317,127.270510268,38.080704000,127.270070000,38.080783663,127.269918638
112,112,825297875572,22.394,2.000000,38.066750000,127.270770000,786.000000,2257.131548,4191.808738,1934.677191,85.713976,0.425056,34.191691,14.912851,32.696790,14.904735,24.176517,34.191691,38.081112000,127.269420000,38.081112000,127.269420000,38.081150000,127.269165000,38.081449821,127.269080269,38.081560000,127.269540000,38.081499496,127.269691845,38.081070000,127.269670000,38.080782488,127.269746317,38.080680000,127.269310000,38.080742424,127.269159520
113,113,825297875775,22.597,2.000000,38.066826000,127.270744000,785.000000,2154.725240,4067.298536,1912.573296,88.761818,0.689353,34.522727,15.397309,32.546249,14.593673,24.264989,34.522727,38.080994000,127.268810000,38.080994000,127.268810000,38.081030000,127.268555000,38.081330539,127.268457812,38.081436000,127.268906000,38.081375530,127.269064037,38.080963000,127.269050000,38.080680637,127.269146337,38.080570000,127.268710000,38.080635007,127.268565370
114,114,825297875979,22.801,2.000000,38.066900000,127.270720000,785.000000,2010.648155,3965.152620,1954.504465,97.207682,0.376339,32.729026,14.185268,31.363606,12.016361,22.573566,32.729026,38.080883000,127.268130000,38.080883000,127.268130000,38.080906000,127.267880000,38.081186642,127.267768652,38.081310000,127.268210000,38.081270056,127.268363729,38.080856000,127.268370000,38.080587326,127.268477752,38.080486000,127.268040000,38.080510106,127.267906328
115,115,825297876182,23.004,2.000000,38.066970000,127.270700000,785.000000,1861.557412,4046.244609,2184.687197,117.358035,0.761026,34.647151,12.556999,33.185951,11.850825,23.060232,34.647151,38.080753000,127.267456000,38.080753000,127.267456000,38.080760000,127.267220000,38.081051283,127.267080689,38.081146000,127.267530000,38.081130925,127.267672020,38.080738000,127.267700000,38.080454895,127.267818659,38.080357000,127.267395000,38.080338161,127.267261889
116,116,825297876384,23.206,2.000000,38.067047000,127.270670000,785.000000,1992.226449,4213.942388,2221.715939,111.519247,1.480259,34.018975,12.963509,32.962024,11.269754,22.803566,34.018975,38.081090000,127.267075000,38.081090000,127.267075000,38.081104000,127.266820000,38.081390866,127.266686166,38.081510000,127.267140000,38.081487355,127.267285121,38.081078000,127.267320000,38.080799681,127.267448403,38.080700000,127.267006000,38.080663254,127.266886156
117,117,825297876585,23.407,2.000000,38.067047000,127.270670000,785.000000,1992.226449,4213.942388,2221.715939,111.519247,1.480259,34.018975,12.963509,32.962024,11.269754,22.803566,34.018975,38.081090000,127.267075000,38.081090000,127.267075000,38.081104000,127.266820000,38.081390866,127.266686166,38.081510000,127.267140000,38.081487355,127.267285121,38.081078000,127.267320000,38.080799681,127.267448403,38.080700000,127.267006000,38.080663254,127.266886156
118,118,825297876771,23.593,2.000000,38.067120000,127.270640000,785.000000,1981.250214,4090.597320,2109.347106,106.465458,0.514898,33.825668,12.657065,30.778083,11.334247,22.148766,33.825668,38.081190000,127.267670000,38.081190000,127.267670000,38.081220000,127.267420000,38.081507271,127.267294188,38.081615000,127.267750000,38.081598396,127.267892899,38.081158000,127.267914000,38.080896523,127.268028149,38.080814000,127.267580000,38.080823214,127.267451179
119,119,825297876976,23.798,2.000000,38.067192000,127.270610000,785.000000,2131.879969,4129.301809,1997.421840,93.692978,1.122412,31.026707,10.831108,27.628650,11.882804,20.342317,31.026707,38.081356000,127.268394000,38.081356000,127.268394000,38.081420000,127.268150000,38.081683769,127.268035596,38.081768000,127.268520000,38.081745480,127.268640253,38.081276000,127.268650000,38.081037696,127.268738115,38.080960000,127.268290000,38.080983939,127.268157842
120,120,825297877180,24.002,2.000000,38.067260000,127.270580000,785.000000,2167.674982,4128.484934,1960.809952,90.456824,0.921972,28.864925,11.395068,24.859765,10.458131,18.894472,28.864925,38.081455000,127.269035000,38.081455000,127.269035000,38.081550000,127.268780000,38.081799837,127.268691825,38.081860000,127.269170000,38.081843738,127.269298394,38.081352000,127.269280000,38.081138319,127.269362447,38.081078000,127.268900000,38.081091048,127.268781804
121,121,825297877384,24.206,2.000000,38.067406000,127.270515000,785.000000,2170.754488,3999.697392,1828.942905,84.253789,0.329155,22.930066,10.321659,22.392283,9.657390,16.325350,22.930066,38.081550000,127.270080000,38.081550000,127.270080000,38.081700000,127.269844000,38.081896800,127.269766730,38.081917000,127.270256000,38.081899471,127.270371672,38.081400000,127.270320000,38.081204585,127.270380602,38.081200000,127.269910000,38.081207885,127.269800241
122,122,825297877572,24.394,2.000000,38.067474000,127.270480000,785.000000,2184.370133,3990.307683,1805.937550,82.675437,0.026923,21.568519,10.121087,19.537955,9.252694,15.120064,21.568519,38.081590000,127.270775000,38.081590000,127.270775000,38.081770000,127.270546000,38.081956768,127.270480500,38.081947000,127.270970000,38.081932200,127.271083966,38.081413000,127.271000000,38.081243371,127.271057249,38.081264000,127.270584000,38.081262623,127.270478418
123,123,825297877778,24.600,2.000000,38.067543000,127.270450000,785.000000,2268.513234,4356.048293,2087.535059,92.022168,1.801042,23.417789,10.610896,20.580019,9.799329,16.102008,23.417789,38.082104000,127.270676000,38.082104000,127.270676000,38.082287000,127.270440000,38.082490334,127.270371477,38.082443000,127.270880000,38.082478820,127.270992222,38.081917000,127.270905000,38.081738771,127.270967404,38.081757000,127.270485000,38.081760639,127.270373260
124,124,825297877982,24.804,2.000000,38.067616000,127.270410000,785.000000,2208.235254,4116.798418,1908.563165,86.429340,0.371052,20.641775,9.797779,20.708818,8.874400,15.005693,20.708818,38.082024000,127.270004000,38.082024000,127.270004000,38.082184000,127.269760000,38.082360417,127.269687454,38.082382000,127.270190000,38.082391725,127.270301133,38.081852000,127.270230000,38.081676519,127.270308457,38.081680000,127.269820000,38.081673473,127.269719060
125,125,825297878192,25.014,2.000000,38.067616000,127.270410000,785.000000,2208.235254,4116.798418,1908.563165,86.429340,0.371052,20.641775,9.797779,20.708818,8.874400,15.005693,20.708818,38.082024000,127.270004000,38.082024000,127.270004000,38.082184000,127.269760000,38.082360417,127.269687454,38.082382000,127.270190000,38.082391725,127.270301133,38.081852000,127.270230000,38.081676519,127.270308457,38.081680000,127.269820000,38.081673473,127.269719060
126,126,825297878374,25.196,2.000000,38.067684000,127.270370000,785.000000,2152.678141,4013.866724,1861.188583,86.459213,0.287073,23.122124,9.630052,20.336223,8.461679,15.387520,23.122124,38.081944000,127.269310000,38.081944000,127.269310000,38.082096000,127.269066000,38.082291946,127.268978456,38.082287000,127.269480000,38.082282337,127.269589744,38.081790000,127.269550000,38.081617754,127.269627324,38.081590000,127.269140000,38.081580870,127.269044130
127,127,825297878577,25.399,2.000000,38.067753000,127.270340000,786.000000,2088.899051,4031.558670,1942.659619,92.999210,0.744831,23.191925,9.846661,21.295409,8.641220,15.743804,23.191925,38.081833000,127.268600000,38.081833000,127.268600000,38.081966000,127.268350000,38.082160615,127.268255534,38.082184000,127.268750000,38.082209833,127.268857476,38.081690000,127.268845000,38.081511136,127.268931196,38.081486000,127.268450000,38.081471112,127.268353213
128,128,825297878780,25.602,2.000000,38.067820000,127.270300000,786.000000,1987.411052,3943.311080,1955.900027,98.414469,1.024873,22.818975,9.501923,23.491321,9.273175,16.271348,23.491321,38.081690000,127.267930000,38.081690000,127.267930000,38.081818000,127.267680000,38.082005120,127.267573665,38.082060000,127.268060000,38.082066457,127.268168130,38.081585000,127.268170000,38.081389678,127.268271486,38.081352000,127.267800000,38.081317339,127.267703766
129,129,825297878983,25.805,2.000000,38.067955000,127.270226000,786.000000,1912.890385,3962.759874,2049.869489,107.160844,0.814615,26.710185,8.730594,23.181512,9.089902,16.928048,26.710185,38.081646000,127.266785000,38.081646000,127.266785000,38.081730000,127.266540000,38.081945089,127.266404900,38.082010000,127.266900000,38.082043269,127.266990229,38.081554000,127.267040000,38.081364018,127.267148339,38.081303000,127.266680000,38.081264110,127.266588783
130,130,825297879172,25.994,2.000000,38.068024000,127.270190000,787.000000,2005.996455,4101.685361,2095.688907,104.471217,1.488937,27.277795,9.490465,23.059705,8.398911,17.056719,27.277795,38.081910000,127.267100000,38.081910000,127.267100000,38.082012000,127.266846000,38.082236297,127.266720646,38.082280000,127.267220000,38.082320222,127.267315499,38.081806000,127.267350000,38.081617419,127.267458902,38.081562000,127.266980000,38.081538706,127.266888830
131,131,825297879372,26.194,2.000000,38.068024000,127.270190000,787.000000,2005.996455,4101.685361,2095.688907,104.471217,1.488937,27.277795,9.490465,23.059705,8.398911,17.056719,27.277795,38.081910000,127.267100000,38.081910000,127.267100000,38.082012000,127.266846000,38.082236297,127.266720646,38.082280000,127.267220000,38.082320222,127.267315499,38.081806000,127.267350000,38.081617419,127.267458902,38.081562000,127.266980000,38.081538706,127.266888830
132,132,825297879574,26.396,2.000000,38.068090000,127.270150000,787.000000,1969.833295,4039.231646,2069.398351,105.054491,0.096886,23.543002,9.406597,21.998370,9.061652,16.002405,23.543002,38.082080000,127.267740000,38.082080000,127.267740000,38.082207000,127.267494000,38.082398579,127.267380186,38.082428000,127.267880000,38.082459831,127.267979446,38.081950000,127.267980000,38.081770723,127.268085619,38.081745000,127.267600000,38.081700781,127.267513172
133,133,825297879777,26.599,2.000000,38.068153000,127.270110000,787.000000,2070.813942,3991.525060,1920.711118,92.751506,0.699162,20.601767,8.836056,19.937884,9.190887,14.641648,20.601767,38.082210000,127.268420000,38.082210000,127.268420000,38.082370000,127.268170000,38.082539902,127.268076783,38.082565000,127.268580000,38.082580356,127.268678937,38.082058000,127.268654000,38.081895241,127.268748970,38.081894000,127.268260000,38.081848588,127.268172400
134,134,825297879981,26.803,2.000000,38.068287000,127.270035000,787.000000,2140.782502,4042.956328,1902.173827,88.854137,0.892808,17.363664,10.279006,14.809274,9.784222,13.059041,17.363664,38.082460000,127.270040000,38.082460000,127.270040000,38.082672000,127.269820000,38.082813634,127.269736986,38.082756000,127.270250000,38.082812043,127.270343233,38.082240000,127.270260000,38.082119127,127.270330597,38.082157000,127.269844000,38.082110370,127.269749346
135,135,825297880184,27.006,2.000000,38.068350000,127.270000000,788.000000,2140.260765,4138.496813,1998.236048,93.364140,0.256989,16.162538,11.159350,15.958821,10.265008,13.386429,16.162538,38.082623000,127.270500000,38.082623000,127.270500000,38.082867000,127.270290000,38.082996910,127.270207628,38.082916000,127.270720000,38.082980112,127.270817906,38.082394000,127.270706000,38.082262965,127.270779883,38.082350000,127.270290000,38.082295378,127.270195613
136,136,825297880371,27.193,2.000000,38.068417000,127.269950000,788.000000,2234.642452,4279.297579,2044.655127,91.498088,0.541900,17.824482,10.413133,15.697359,11.107527,13.760625,17.824482,38.082890000,127.270096000,38.082890000,127.270096000,38.083115000,127.269875000,38.083260771,127.269790831,38.083190000,127.270320000,38.083252455,127.270408473,38.082660000,127.270320000,38.082529606,127.270388200,38.082600000,127.269890000,38.082532558,127.269796574
137,137,825297880572,27.394,2.000000,38.068417000,127.269950000,788.000000,2234.642452,4279.297579,2044.655127,91.498088,0.541900,17.824482,10.413133,15.697359,11.107527,13.760625,17.824482,38.082890000,127.270096000,38.082890000,127.270096000,38.083115000,127.269875000,38.083260771,127.269790831,38.083190000,127.270320000,38.083252455,127.270408473,38.082660000,127.270320000,38.082529606,127.270388200,38.082600000,127.269890000,38.082532558,127.269796574
138,138,825297880776,27.598,2.000000,38.068480000,127.269910000,788.000000,2186.898693,4228.143683,2041.244989,93.339714,0.750181,16.514566,9.996772,16.920450,11.710536,13.785581,16.920450,38.082820000,127.269590000,38.082820000,127.269590000,38.083050000,127.269360000,38.083182552,127.269275360,38.083134000,127.269800000,38.083190896,127.269888270,38.082615000,127.269810000,38.082477162,127.269891393,38.082530000,127.269394000,38.082451631,127.269304844
139,139,825297880979,27.801,2.000000,38.068546000,127.269875000,788.000000,2159.780612,4034.078726,1874.298114,86.781875,0.761741,18.180896,9.151019,15.709712,9.303515,13.086285,18.180896,38.082720000,127.268760000,38.082720000,127.268760000,38.082920000,127.268524000,38.083064961,127.268428417,38.083046000,127.268950000,38.083093730,127.269035030,38.082527000,127.269000000,38.082399623,127.269077182,38.082417000,127.268585000,38.082372208,127.268495360
140,140,825297881182,28.004,2.000000,38.068610000,127.269840000,788.000000,2054.494052,3937.967360,1883.473308,91.675773,0.435718,19.326982,9.408364,18.116189,8.005580,13.714279,19.326982,38.082603000,127.268060000,38.082603000,127.268060000,38.082770000,127.267815000,38.082925280,127.267716338,38.082935000,127.268220000,38.082973556,127.268315551,38.082436000,127.268295000,38.082291467,127.268390026,38.082287000,127.267890000,38.082245890,127.267815035
141,141,825297881371,28.193,2.000000,38.068740000,127.269750000,788.000000,1925.192631,3729.383741,1804.191111,93.714836,0.407768,19.178835,8.933780,20.103224,7.299973,13.878953,20.103224,38.082302000,127.266770000,38.082302000,127.266770000,38.082436000,127.266520000,38.082584124,127.266408217,38.082634000,127.266900000,38.082674208,127.266988239,38.082172000,127.267006000,38.082015674,127.267120868,38.081963000,127.266640000,38.081941889,127.266561124
142,142,825297881572,28.394,2.000000,38.068806000,127.269714000,788.000000,2086.154790,3960.654492,1874.499702,89.854296,1.498726,21.630161,9.164005,18.651406,7.230846,14.169105,21.630161,38.082634000,127.266390000,38.082634000,127.266390000,38.082767000,127.266136000,38.082934559,127.266011009,38.082993000,127.266510000,38.083033725,127.266600892,38.082497000,127.266640000,38.082354349,127.266751650,38.082275000,127.266266000,38.082263146,127.266184863
143,143,825297881775,28.597,2.000000,38.068806000,127.269714000,788.000000,2086.154790,3960.654492,1874.499702,89.854296,1.498726,21.630161,9.164005,18.651406,7.230846,14.169105,21.630161,38.082634000,127.266390000,38.082634000,127.266390000,38.082767000,127.266136000,38.082934559,127.266011009,38.082993000,127.266510000,38.083033725,127.266600892,38.082497000,127.266640000,38.082354349,127.266751650,38.082275000,127.266266000,38.082263146,127.266184863
144,144,825297881979,28.801,2.000000,38.068870000,127.269670000,788.000000,2115.547937,3986.460718,1870.912781,88.436322,0.441987,18.889614,8.829789,19.120250,8.367052,13.801676,19.120250,38.082825000,127.266945000,38.082825000,127.266945000,38.082990000,127.266690000,38.083135288,127.266578623,38.083183000,127.267080000,38.083206405,127.267176285,38.082676000,127.267190000,38.082526174,127.267296702,38.082485000,127.266810000,38.082451072,127.266724792
145,145,825297882180,29.002,2.000000,38.068935000,127.269630000,788.000000,2153.680974,4028.277496,1874.596522,87.041514,0.838311,19.483999,8.033349,17.198259,8.783857,13.374866,19.483999,38.083000000,127.267590000,38.083000000,127.267590000,38.083176000,127.267350000,38.083327011,127.267237577,38.083344000,127.267760000,38.083379342,127.267839935,38.082825000,127.267840000,38.082686840,127.267927840,38.082672000,127.267440000,38.082636928,127.267350199
146,146,825297882383,29.205,2.000000,38.069000000,127.269590000,788.000000,2131.779039,4028.242349,1896.463310,88.961533,1.533080,18.687625,10.051963,15.457256,8.250796,13.111910,18.687625,38.083145000,127.268265000,38.083145000,127.268265000,38.083336000,127.268030000,38.083483820,127.267928914,38.083454000,127.268450000,38.083514982,127.268534607,38.082943000,127.268500000,38.082822230,127.268587055,38.082825000,127.268090000,38.082791075,127.268006279
147,147,825297882571,29.393,2.000000,38.069120000,127.269510000,788.000000,2074.567887,4002.563723,1927.995835,92.934815,0.948461,16.593102,11.641705,15.523246,8.982735,13.185197,16.593102,38.083290000,127.269390000,38.083290000,127.269390000,38.083510000,127.269165000,38.083644633,127.269083726,38.083570000,127.269590000,38.083638742,127.269690128,38.083073000,127.269600000,38.082950079,127.269683659,38.083004000,127.269180000,38.082951646,127.269101988
148,148,825297882775,29.597,2.000000,38.069120000,127.269510000,788.000000,2074.567887,4002.563723,1927.995835,92.934815,0.948461,16.593102,11.641705,15.523246,8.982735,13.185197,16.593102,38.083290000,127.269390000,38.083290000,127.269390000,38.083510000,127.269165000,38.083644633,127.269083726,38.083570000,127.269590000,38.083638742,127.269690128,38.083073000,127.269600000,38.082950079,127.269683659,38.083004000,127.269180000,38.082951646,127.269101988
149,149,825297882978,29.800,2.000000,38.069183000,127.269470000,788.000000,2077.931295,3973.921885,1895.990589,91.244142,1.304347,14.901870,12.978614,13.268487,9.821443,12.742603,14.901870,38.083350000,127.270080000,38.083350000,127.270080000,38.083588000,127.269870000,38.083706959,127.269792005,38.083603000,127.270300000,38.083690413,127.270398015,38.083107000,127.270280000,38.083003989,127.270356182,38.083080000,127.269860000,38.083022707,127.269774760
150,150,825297883180,30.002,2.000000,38.069250000,127.269430000,788.000000,2167.118954,4243.448693,2076.329739,95.810603,1.950815,17.324021,13.667239,13.447448,10.811746,13.812613,17.324021,38.083760000,127.269990000,38.083760000,127.269990000,38.084000000,127.269775000,38.084142246,127.269694799,38.084023000,127.270220000,38.084121120,127.270313759,38.083510000,127.270195000,38.083406121,127.270273337,38.083490000,127.269770000,38.083423596,127.269679953
151,151,825297883382,30.204,2.000000,38.069313000,127.269390000,787.000000,2144.101478,4169.117221,2025.015743,94.445891,0.211125,16.648829,11.088280,15.359383,11.275269,13.592940,16.648829,38.083702000,127.269295000,38.083702000,127.269295000,38.083935000,127.269070000,38.084068844,127.268985215,38.083992000,127.269510000,38.084062188,127.269599794,38.083477000,127.269510000,38.083354969,127.269591801,38.083430000,127.269090000,38.083355576,127.269002714
152,152,825297883603,30.425,2.000000,38.069440000,127.269300000,787.000000,2153.120144,3981.778626,1828.658481,84.930629,0.266018,16.305725,8.455305,15.968794,8.796687,12.381628,16.305725,38.083496000,127.267890000,38.083496000,127.267890000,38.083710000,127.267654000,38.083833150,127.267553244,38.083820000,127.268074000,38.083859764,127.268156218,38.083298000,127.268120000,38.083174471,127.268212654,38.083190000,127.267715000,38.083142249,127.267635008
153,153,825297883772,30.594,2.000000,38.069508000,127.269260000,787.000000,2097.585204,3905.616661,1808.031457,86.195853,0.791969,18.639853,8.112449,16.444032,7.702126,12.724615,18.639853,38.083360000,127.267235000,38.083360000,127.267235000,38.083540000,127.267000000,38.083681809,127.266886880,38.083700000,127.267400000,38.083734943,127.267481248,38.083180000,127.267470000,38.083054235,127.267568443,38.083030000,127.267080000,38.083004799,127.266998136
154,154,825297883976,30.798,2.000000,38.069572000,127.269220000,787.000000,2089.250441,3723.707864,1634.457422,78.231761,0.391305,15.861462,8.159933,15.834855,7.813506,11.917439,15.861462,38.083190000,127.266580000,38.083190000,127.266580000,38.083363000,127.266335000,38.083476446,127.266225472,38.083538000,127.266720000,38.083564656,127.266806751,38.083023000,127.266820000,38.082905834,127.266922477,38.082844000,127.266450000,38.082833448,127.266361840
155,155,825297884180,31.002,2.000000,38.069637000,127.269170000,787.000000,2195.859292,3702.021014,1506.161722,68.590994,0.700177,13.461579,8.384804,14.827952,7.031626,10.926490,14.827952,38.083256000,127.266100000,38.083256000,127.266100000,38.083443000,127.265840000,38.083532428,127.265736584,38.083633000,127.266220000,38.083638237,127.266315462,38.083088000,127.266340000,38.082987007,127.266450341,38.082910000,127.265970000,38.082899133,127.265890946
156,156,825297884384,31.206,2.000000,38.069637000,127.269170000,787.000000,2195.859292,3702.021014,1506.161722,68.590994,0.700177,13.461579,8.384804,14.827952,7.031626,10.926490,14.827952,38.083256000,127.266100000,38.083256000,127.266100000,38.083443000,127.265840000,38.083532428,127.265736584,38.083633000,127.266220000,38.083638237,127.266315462,38.083088000,127.266340000,38.082987007,127.266450341,38.082910000,127.265970000,38.082899133,127.265890946
157,157,825297884587,31.409,2.000000,38.069702000,127.269130000,787.000000,2355.299940,3998.583351,1643.283411,69.769603,1.134276,15.616981,7.875188,14.039434,7.396183,11.231946,15.616981,38.083633000,127.266370000,38.083633000,127.266370000,38.083830000,127.266110000,38.083942326,127.266003220,38.083992000,127.266520000,38.084027763,127.266597548,38.083443000,127.266624000,38.083342489,127.266720784,38.083267000,127.266235000,38.083258157,127.266151340
158,158,825297884774,31.596,2.000000,38.069767000,127.269090000,787.000000,2309.524652,3998.809250,1689.284598,73.144255,0.552472,15.114578,7.994461,15.593258,7.347621,11.512480,15.593258,38.083794000,127.267010000,38.083794000,127.267010000,38.084003000,127.266760000,38.084112729,127.266658404,38.084150000,127.267170000,38.084164783,127.267259285,38.083595000,127.267250000,38.083478412,127.267348646,38.083450000,127.266850000,38.083423666,127.266773106
159,159,825297884976,31.798,2.000000,38.069830000,127.269040000,786.000000,2230.562507,3987.471018,1756.908511,78.765267,0.802724,15.744347,9.193824,14.491021,7.498327,11.731880,15.744347,38.083940000,127.267680000,38.083940000,127.267680000,38.084156000,127.267440000,38.084275547,127.267343980,38.084263000,127.267860000,38.084307803,127.267948147,38.083725000,127.267910000,38.083616994,127.268002319,38.083620000,127.267500000,38.083592029,127.267422150
160,160,825297885179,32.001,2.000000,38.069960000,127.268960000,786.000000,2146.625512,3981.958913,1835.333401,85.498537,0.845671,15.159505,10.223562,13.174474,10.018591,12.144033,15.159505,38.084110000,127.269010000,38.084110000,127.269010000,38.084350000,127.268800000,38.084465557,127.268708459,38.084390000,127.269230000,38.084453907,127.269313797,38.083870000,127.269226000,38.083766575,127.269299090,38.083830000,127.268810000,38.083776196,127.268718341
161,161,825297885383,32.205,2.000000,38.070026000,127.268910000,786.000000,2059.424870,3995.363356,1935.938486,94.003841,0.026982,14.611539,11.891965,15.073272,10.741119,13.079474,15.073272,38.084156000,127.269710000,38.084156000,127.269710000,38.084404000,127.269510000,38.084518115,127.269427601,38.084415000,127.269940000,38.084493579,127.270031944,38.083923000,127.269905000,38.083801266,127.269980328,38.083900000,127.269485000,38.083829765,127.269400945
162,162,825297885586,32.408,2.000000,38.070090000,127.268870000,786.000000,2167.562830,4250.171994,2082.609164,96.080683,0.488614,14.462688,12.402462,15.364027,12.630384,13.714890,15.364027,38.084580000,127.269646000,38.084580000,127.269646000,38.084846000,127.269440000,38.084958131,127.269356631,38.084854000,127.269880000,38.084936799,127.269974710,38.084340000,127.269844000,38.084216866,127.269923207,38.084330000,127.269420000,38.084240694,127.269331087
163,163,825297885773,32.595,2.000000,38.070090000,127.268870000,786.000000,2167.562830,4250.171994,2082.609164,96.080683,0.488614,14.462688,12.402462,15.364027,12.630384,13.714890,15.364027,38.084580000,127.269646000,38.084580000,127.269646000,38.084846000,127.269440000,38.084958131,127.269356631,38.084854000,127.269880000,38.084936799,127.269974710,38.084340000,127.269844000,38.084216866,127.269923207,38.084330000,127.269420000,38.084240694,127.269331087
164,164,825297885975,32.797,2.000000,38.070160000,127.268820000,786.000000,2178.042819,4163.209280,1985.166460,91.144510,0.667292,15.515564,11.667435,14.646992,10.632181,13.115543,15.515564,38.084595000,127.268940000,38.084595000,127.268940000,38.084843000,127.268730000,38.084960600,127.268634955,38.084870000,127.269165000,38.084950097,127.269250884,38.084360000,127.269160000,38.084241367,127.269232301,38.084320000,127.268730000,38.084254473,127.268641717
165,165,825297886178,33.000,2.000000,38.070225000,127.268780000,785.000000,2189.051663,4116.820394,1927.768731,88.064104,0.865825,15.658790,11.203054,13.305213,9.839599,12.501664,15.658790,38.084538000,127.268250000,38.084538000,127.268250000,38.084774000,127.268030000,38.084891063,127.267930911,38.084824000,127.268456000,38.084898087,127.268542535,38.084297000,127.268470000,38.084198451,127.268555923,38.084244000,127.268050000,38.084182054,127.267969893
166,166,825297886379,33.201,2.000000,38.070360000,127.268690000,785.000000,2353.788098,3886.347208,1532.559109,65.110326,0.381819,12.547912,8.128230,13.597240,7.366587,10.409992,13.597240,38.084390000,127.266914000,38.084390000,127.266914000,38.084618000,127.266660000,38.084706230,127.266570874,38.084740000,127.267080000,38.084754091,127.267171023,38.084180000,127.267150000,38.084082779,127.267243944,38.084050000,127.266750000,38.084036306,127.266667745
167,167,825297886582,33.404,2.000000,38.070423000,127.268650000,785.000000,2457.262506,3769.959838,1312.697332,53.421127,1.805109,8.393509,7.361046,11.540394,7.235356,8.632576,11.540394,38.084210000,127.265990000,38.084210000,127.265990000,38.084435000,127.265730000,38.084461489,127.265640312,38.084583000,127.266136000,38.084584836,127.266219978,38.083992000,127.266240000,38.083921005,127.266335977,38.083840000,127.265854000,38.083818537,127.265776056
168,168,825297886784,33.606,2.000000,38.070488000,127.268600000,785.000000,2821.753404,3918.079536,1096.326132,38.852656,4.223037,8.614503,8.906168,7.495677,9.695771,8.678030,9.695771,38.084587000,127.265594000,38.084587000,127.265594000,38.084873000,127.265310000,38.084821995,127.265236061,38.085007000,127.265724000,38.084980077,127.265819717,38.084340000,127.265860000,38.084335897,127.265945389,38.084206000,127.265465000,38.084139021,127.265394263
169,169,825297886972,33.794,2.000000,38.070488000,127.268600000,785.000000,2821.753404,3918.079536,1096.326132,38.852656,4.223037,8.614503,8.906168,7.495677,9.695771,8.678030,9.695771,38.084587000,127.265594000,38.084587000,127.265594000,38.084873000,127.265310000,38.084821995,127.265236061,38.085007000,127.265724000,38.084980077,127.265819717,38.084340000,127.265860000,38.084335897,127.265945389,38.084206000,127.265465000,38.084139021,127.265394263
170,170,825297887174,33.996,2.000000,38.070557000,127.268555000,784.000000,2697.696175,3927.755207,1230.059032,45.596648,0.936117,7.225377,8.054787,9.260981,6.876369,7.854379,9.260981,38.084690000,127.266100000,38.084690000,127.266100000,38.084960000,127.265830000,38.084951503,127.265748247,38.085070000,127.266250000,38.085089709,127.266338453,38.084430000,127.266350000,38.084395823,127.266446364,38.084312000,127.265950000,38.084307564,127.265871723
171,171,825297887375,34.197,2.000000,38.070620000,127.268520000,784.000000,2575.536260,4056.792111,1481.255851,57.512522,0.991931,11.423681,7.732549,10.353884,7.330891,9.210251,11.423681,38.084797000,127.266760000,38.084797000,127.266760000,38.085070000,127.266510000,38.085137404,127.266411689,38.085148000,127.266940000,38.085179837,127.267018436,38.084550000,127.267006000,38.084486243,127.267092038,38.084446000,127.266594000,38.084443409,127.266510397
172,172,825297887576,34.398,2.000000,38.070690000,127.268470000,784.000000,2324.686673,4053.899161,1729.212487,74.384755,0.792811,12.593428,10.007326,12.129608,8.857501,10.896966,12.593428,38.084880000,127.267440000,38.084880000,127.267440000,38.085136000,127.267204000,38.085222121,127.267110801,38.085186000,127.267640000,38.085252097,127.267717413,38.084637000,127.267670000,38.084551422,127.267755691,38.084570000,127.267260000,38.084528711,127.267173585
173,173,825297887778,34.600,2.000000,38.070824000,127.268380000,783.000000,2148.088763,3956.129315,1808.040552,84.169732,1.096248,14.061930,11.505578,12.088298,10.207346,11.965788,14.061930,38.084934000,127.268790000,38.084934000,127.268790000,38.085190000,127.268585000,38.085296368,127.268498432,38.085197000,127.269020000,38.085277774,127.269101925,38.084686000,127.269000000,38.084592310,127.269069752,38.084670000,127.268580000,38.084611058,127.268490761
174,174,825297887979,34.801,2.000000,38.070890000,127.268330000,783.000000,2035.139685,3992.714164,1957.574479,96.188704,1.005959,13.967711,14.763919,12.279506,12.350826,13.340490,14.763919,38.084965000,127.269485000,38.084965000,127.269485000,38.085228000,127.269295000,38.085335585,127.269212965,38.085197000,127.269720000,38.085306280,127.269815479,38.084710000,127.269680000,38.084612723,127.269746081,38.084732000,127.269260000,38.084647378,127.269168835
175,175,825297888183,35.005,2.000000,38.070890000,127.268330000,783.000000,2035.139685,3992.714164,1957.574479,96.188704,1.005959,13.967711,14.763919,12.279506,12.350826,13.340490,14.763919,38.084965000,127.269485000,38.084965000,127.269485000,38.085228000,127.269295000,38.085335585,127.269212965,38.085197000,127.269720000,38.085306280,127.269815479,38.084710000,127.269680000,38.084612723,127.269746081,38.084732000,127.269260000,38.084647378,127.269168835
176,176,825297888372,35.194,2.000000,38.070957000,127.268290000,783.000000,2212.641944,4362.957214,2150.315270,97.183156,0.598099,14.858046,14.453093,14.042312,13.096896,14.112587,14.858046,38.085480000,127.269070000,38.085480000,127.269070000,38.085754000,127.268870000,38.085867381,127.268780526,38.085730000,127.269310000,38.085839109,127.269399407,38.085217000,127.269270000,38.085106298,127.269346835,38.085220000,127.268845000,38.085126602,127.268754102
177,177,825297888576,35.398,2.000000,38.071022000,127.268240000,783.000000,2223.522850,4266.933941,2043.411090,91.899712,0.287175,13.191050,13.828906,13.965782,11.616867,13.150651,13.965782,38.085457000,127.268380000,38.085457000,127.268380000,38.085735000,127.268166000,38.085829711,127.268075523,38.085724000,127.268600000,38.085825140,127.268691644,38.085200000,127.268585000,38.085094579,127.268671411,38.085190000,127.268166000,38.085109607,127.268081465
178,178,825297888785,35.607,2.000000,38.071090000,127.268200000,782.000000,2351.267657,4165.363486,1814.095829,77.153948,0.180263,12.182421,10.559832,12.108969,10.254882,11.276526,12.182421,38.085423000,127.267685000,38.085423000,127.267685000,38.085700000,127.267456000,38.085783220,127.267365707,38.085728000,127.267890000,38.085792834,127.267977978,38.085170000,127.267910000,38.085081736,127.267990772,38.085133000,127.267490000,38.085070411,127.267404122
179,179,825297888981,35.803,2.000000,38.071224000,127.268110000,782.000000,2637.901840,3959.757358,1321.855517,50.110110,4.997835,9.643320,8.042255,11.512169,9.869859,9.766901,11.512169,38.085470000,127.266320000,38.085470000,127.266320000,38.085754000,127.266060000,38.085688636,127.265987773,38.085820000,127.266495000,38.085847983,127.266579622,38.085205000,127.266560000,38.085134674,127.266656332,38.085117000,127.266150000,38.085047693,127.266079747
180,180,825297889184,36.006,2.000000,38.071293000,127.268070000,782.000000,2794.279197,4004.534529,1210.255331,43.311897,1.690526,9.243254,7.316759,7.099256,7.904789,7.891015,9.243254,38.085423000,127.265625000,38.085423000,127.265625000,38.085720000,127.265360000,38.085749283,127.265261284,38.085790000,127.265785000,38.085807004,127.265865664,38.085136000,127.265890000,38.085129564,127.265970611,38.085045000,127.265480000,38.085062666,127.265392619
181,181,825297889372,36.194,2.000000,38.071293000,127.268070000,782.000000,2794.279197,4004.534529,1210.255331,43.311897,1.690526,9.243254,7.316759,7.099256,7.904789,7.891015,9.243254,38.085423000,127.265625000,38.085423000,127.265625000,38.085720000,127.265360000,38.085749283,127.265261284,38.085790000,127.265785000,38.085807004,127.265865664,38.085136000,127.265890000,38.085129564,127.265970611,38.085045000,127.265480000,38.085062666,127.265392619
182,182,825297889574,36.396,2.000000,38.071358000,127.268020000,781.000000,3019.185660,3994.309651,975.123992,32.297583,9.451129,34.001923,13.065334,8.644007,22.107047,19.454578,34.001923,38.085740000,127.265180000,38.085740000,127.265180000,38.086067000,127.264900000,38.085762548,127.264868749,38.086132000,127.265335000,38.086238799,127.265396840,38.085450000,127.265460000,38.085506239,127.265528026,38.085346000,127.265045000,38.085150505,127.265000624
183,183,825297889778,36.600,2.000000,38.071426000,127.267975000,781.000000,2910.963623,4091.313660,1180.350037,40.548430,2.023659,9.546707,7.942293,8.413369,7.443406,8.336444,9.546707,38.085880000,127.265530000,38.085880000,127.265530000,38.086190000,127.265260000,38.086136099,127.265175252,38.086246000,127.265690000,38.086263438,127.265777897,38.085564000,127.265800000,38.085533747,127.265887995,38.085500000,127.265380000,38.085494181,127.265295369
184,184,825297889981,36.803,2.000000,38.071490000,127.267940000,781.000000,2729.546258,4201.227955,1471.681697,53.916716,4.842838,9.903629,9.377554,9.064525,13.786469,10.533044,13.786469,38.085888000,127.266230000,38.085888000,127.266230000,38.086205000,127.265970000,38.086140420,127.265892257,38.086250000,127.266400000,38.086293174,127.266491902,38.085613000,127.266470000,38.085578734,127.266563849,38.085545000,127.266050000,38.085430705,127.265989408
185,185,825297890185,37.007,2.000000,38.071630000,127.267845000,780.000000,2352.969594,4081.902880,1728.933286,73.478777,1.222042,11.149636,11.988227,9.994482,9.735885,10.717057,11.988227,38.085880000,127.267525000,38.085880000,127.267525000,38.086160000,127.267300000,38.086232832,127.267212646,38.086150000,127.267740000,38.086236605,127.267821325,38.085600000,127.267746000,38.085534870,127.267824514,38.085583000,127.267330000,38.085530636,127.267241000
186,186,825297890371,37.193,2.000000,38.071630000,127.267845000,780.000000,2352.969594,4081.902880,1728.933286,73.478777,1.222042,11.149636,11.988227,9.994482,9.735885,10.717057,11.988227,38.085880000,127.267525000,38.085880000,127.267525000,38.086160000,127.267300000,38.086232832,127.267212646,38.086150000,127.267740000,38.086236605,127.267821325,38.085600000,127.267746000,38.085534870,127.267824514,38.085583000,127.267330000,38.085530636,127.267241000
187,187,825297890575,37.397,2.000000,38.071693000,127.267800000,780.000000,2150.450720,4032.877184,1882.426464,87.536368,1.347994,13.742608,13.529859,10.898545,11.272656,12.360917,13.742608,38.085876000,127.268220000,38.085876000,127.268220000,38.086136000,127.268010000,38.086240985,127.267927479,38.086124000,127.268440000,38.086220817,127.268533351,38.085606000,127.268425000,38.085528159,127.268500441,38.085617000,127.268005000,38.085541475,127.267919297
188,188,825297890775,37.597,2.000000,38.071762000,127.267750000,779.000000,2052.821998,4042.237585,1989.415587,96.911256,1.476227,13.430223,16.560642,12.740968,11.784989,13.629205,16.560642,38.085876000,127.268910000,38.085876000,127.268910000,38.086136000,127.268720000,38.086237393,127.268636931,38.086100000,127.269150000,38.086229807,127.269242335,38.085620000,127.269104000,38.085518424,127.269171013,38.085630000,127.268684000,38.085552121,127.268592890
189,189,825297890977,37.799,2.000000,38.071830000,127.267715000,779.000000,2216.463993,4404.273371,2187.809378,98.707192,1.217291,16.094546,15.368593,13.430486,13.122847,14.504118,16.094546,38.086330000,127.268960000,38.086330000,127.268960000,38.086620000,127.268760000,38.086752041,127.268685176,38.086563000,127.269196000,38.086674351,127.269299694,38.086056000,127.269150000,38.085950548,127.269224473,38.086086000,127.268720000,38.085989726,127.268633568
190,190,825297891178,38.000,2.000000,38.071964000,127.267624000,779.000000,2504.494330,4394.074442,1889.580112,75.447570,0.840456,10.607204,13.355528,10.167680,11.147661,11.319518,13.355528,38.086662000,127.267530000,38.086662000,127.267530000,38.086960000,127.267300000,38.087027961,127.267215143,38.086945000,127.267750000,38.087041645,127.267840321,38.086360000,127.267746000,38.086298413,127.267831697,38.086372000,127.267320000,38.086299013,127.267232887
191,191,825297891381,38.203,2.000000,38.071964000,127.267624000,779.000000,2504.494330,4394.074442,1889.580112,75.447570,0.840456,10.607204,13.355528,10.167680,11.147661,11.319518,13.355528,38.086662000,127.267530000,38.086662000,127.267530000,38.086960000,127.267300000,38.087027961,127.267215143,38.086945000,127.267750000,38.087041645,127.267840321,38.086360000,127.267746000,38.086298413,127.267831697,38.086372000,127.267320000,38.086299013,127.267232887
192,192,825297891585,38.407,2.000000,38.072018000,127.267586000,778.000000,2605.256933,4344.697937,1739.441004,66.766582,1.060374,8.581597,11.090218,11.158771,10.285679,10.279066,11.158771,38.086685000,127.267100000,38.086685000,127.267100000,38.087000000,127.266860000,38.087039966,127.266776246,38.086980000,127.267310000,38.087050181,127.267399838,38.086395000,127.267330000,38.086317611,127.267410947,38.086384000,127.266890000,38.086314025,127.266813337
193,193,825297891772,38.594,2.000000,38.072086000,127.267540000,778.000000,2696.494713,4414.288430,1717.793717,63.704694,5.480113,9.717731,10.167794,10.170066,17.752100,11.951923,17.752100,38.086853000,127.266320000,38.086853000,127.266320000,38.087185000,127.266070000,38.087130144,127.265983723,38.087177000,127.266520000,38.087240857,127.266602975,38.086555000,127.266560000,38.086498215,127.266650929,38.086550000,127.266130000,38.086401211,127.266057097
194,194,825297891976,38.798,2.000000,38.072220000,127.267456000,777.000000,2820.513416,3628.845190,808.331775,28.659030,2.060410,40.702841,32.313207,28.357625,26.463038,31.959178,40.702841,38.086895000,127.264880000,38.086895000,127.264880000,38.087196000,127.264595000,38.086830470,127.264583594,38.087257000,127.265040000,38.087544881,127.265087259,38.086605000,127.265144000,38.086856474,127.265195671,38.086548000,127.264720000,38.086312014,127.264683572
195,195,825297892179,39.001,2.000000,38.072220000,127.267456000,777.000000,2820.513416,3628.845190,808.331775,28.659030,2.060410,40.702841,32.313207,28.357625,26.463038,31.959178,40.702841,38.086895000,127.264880000,38.086895000,127.264880000,38.087196000,127.264595000,38.086830470,127.264583594,38.087257000,127.265040000,38.087544881,127.265087259,38.086605000,127.265144000,38.086856474,127.265195671,38.086548000,127.264720000,38.086312014,127.264683572
196,196,825297892381,39.203,2.000000,38.072290000,127.267410000,777.000000,2889.417026,4434.687459,1545.270433,53.480353,12.406695,31.254337,62.930035,46.487258,29.005532,42.419290,62.930035,38.087383000,127.264620000,38.087383000,127.264620000,38.087666000,127.264336000,38.087386457,127.264302784,38.087734000,127.264786000,38.088299309,127.264784765,38.087080000,127.264900000,38.087497355,127.264918234,38.087017000,127.264465000,38.086757876,127.264430276
197,197,825297892584,39.406,2.000000,38.072353000,127.267365000,777.000000,2818.131815,4238.741655,1420.609839,50.409631,5.822553,13.744475,10.209396,7.254157,18.626928,12.458739,18.626928,38.087067000,127.265390000,38.087067000,127.265390000,38.087376000,127.265120000,38.087265162,127.265050881,38.087420000,127.265564000,38.087481610,127.265650316,38.086770000,127.265650000,38.086772150,127.265732749,38.086723000,127.265220000,38.086562984,127.265157841
198,198,825297892771,39.593,2.000000,38.072422000,127.267330000,776.000000,2675.128051,4230.582772,1555.454721,58.145057,1.491630,8.223139,12.415441,7.418408,14.469371,10.631590,14.469371,38.087032000,127.266100000,38.087032000,127.266100000,38.087350000,127.265850000,38.087318012,127.265765403,38.087357000,127.266300000,38.087450435,127.266377375,38.086735000,127.266340000,38.086736982,127.266424631,38.086727000,127.265910000,38.086610126,127.265837732
199,199,825297892974,39.796,2.000000,38.072556000,127.267235000,776.000000,2320.425669,4098.437937,1778.012267,76.624401,0.435374,9.162744,14.315409,10.397470,10.828228,11.175963,14.315409,38.086834000,127.267494000,38.086834000,127.267494000,38.087135000,127.267280000,38.087183922,127.267195899,38.087090000,127.267715000,38.087197093,127.267805452,38.086550000,127.267700000,38.086480712,127.267779580,38.086563000,127.267280000,38.086491864,127.267195709
200,200,825297893177,39.999,2.000000,38.072556000,127.267235000,776.000000,2320.425669,4098.437937,1778.012267,76.624401,0.435374,9.162744,14.315409,10.397470,10.828228,11.175963,14.315409,38.086834000,127.267494000,38.086834000,127.267494000,38.087135000,127.267280000,38.087183922,127.267195899,38.087090000,127.267715000,38.087197093,127.267805452,38.086550000,127.267700000,38.086480712,127.267779580,38.086563000,127.267280000,38.086491864,127.267195709
201,201,825297893381,40.203,2.000000,38.072620000,127.267190000,775.000000,2192.486126,4068.063740,1875.577614,85.545700,1.381640,12.113595,14.966949,10.837369,11.115689,12.258400,14.966949,38.086777000,127.268190000,38.086777000,127.268190000,38.087067000,127.267990000,38.087157615,127.267913447,38.087017000,127.268420000,38.087127079,127.268518081,38.086500000,127.268380000,38.086422987,127.268455665,38.086533000,127.267960000,38.086457767,127.267876582
202,202,825297893584,40.406,2.000000,38.072690000,127.267150000,775.000000,2158.024468,4137.484465,1979.459997,91.725559,0.989843,13.583134,14.399406,10.399532,14.071447,13.113380,14.399406,38.087030000,127.268690000,38.087030000,127.268690000,38.087322000,127.268500000,38.087428671,127.268424727,38.087260000,127.268936000,38.087364145,127.269033473,38.086754000,127.268875000,38.086680170,127.268947726,38.086807000,127.268456000,38.086705574,127.268360151
203,203,825297893772,40.594,2.000000,38.072754000,127.267105000,774.000000,2446.728347,4505.973788,2059.245441,84.163223,2.375454,11.209025,11.452602,11.836897,17.541326,13.009963,17.541326,38.087708000,127.268390000,38.087708000,127.268390000,38.088028000,127.268180000,38.088110137,127.268105997,38.087960000,127.268630000,38.088021907,127.268734400,38.087400000,127.268580000,38.087314882,127.268660972,38.087475000,127.268140000,38.087332959,127.268053317
204,204,825297893975,40.797,2.000000,38.072887000,127.267020000,774.000000,2602.014042,4584.659168,1982.645126,76.196558,1.828670,11.137902,15.753768,8.537945,12.461674,11.972822,15.753768,38.087914000,127.266945000,38.087914000,127.266945000,38.088234000,127.266710000,38.088307915,127.266624322,38.088180000,127.267166000,38.088299868,127.267261579,38.087600000,127.267166000,38.087564031,127.267252067,38.087630000,127.266720000,38.087536338,127.266642102
205,205,825297894202,41.024,2.000000,38.072956000,127.266975000,773.000000,2823.865084,5208.169075,2384.303992,84.434062,3.836701,8.306476,14.695109,9.777037,25.798027,14.644162,25.798027,38.088375000,127.265990000,38.088375000,127.265990000,38.088696000,127.265730000,38.088723576,127.265641905,38.088690000,127.266200000,38.088801566,127.266289655,38.088060000,127.266235000,38.088009103,127.266325943,38.088066000,127.265785000,38.087840988,127.265714529
206,206,825297894382,41.204,2.000000,38.072956000,127.266975000,773.000000,2823.865084,5208.169075,2384.303992,84.434062,3.836701,8.306476,14.695109,9.777037,25.798027,14.644162,25.798027,38.088375000,127.265990000,38.088375000,127.265990000,38.088696000,127.265730000,38.088723576,127.265641905,38.088690000,127.266200000,38.088801566,127.266289655,38.088060000,127.266235000,38.088009103,127.266325943,38.088066000,127.265785000,38.087840988,127.265714529
207,207,825297894586,41.408,2.000000,38.073020000,127.266930000,773.000000,2767.587109,5452.044487,2684.457377,96.996310,20.073538,26.541856,17.655557,20.868150,51.454181,29.129936,51.454181,38.088417000,127.265160000,38.088417000,127.265160000,38.088696000,127.264890000,38.088461680,127.264833997,38.088737000,127.265360000,38.088884217,127.265434971,38.088116000,127.265420000,38.087947818,127.265525207,38.088093000,127.264970000,38.087631206,127.264944763
208,208,825297894773,41.595,2.000000,38.073090000,127.266890000,773.000000,2646.779098,4567.315449,1920.536351,72.561263,1.920661,28.682263,48.556594,37.644830,50.274712,41.289600,50.274712,38.088394000,127.264420000,38.088394000,127.264420000,38.088634000,127.264145000,38.088378332,127.264104405,38.088734000,127.264595000,38.089169414,127.264628072,38.088142000,127.264690000,38.088478904,127.264727136,38.088055000,127.264244000,38.087603375,127.264243772
209,209,825297894976,41.798,2.000000,38.073223000,127.266800000,772.000000,2561.797271,5388.795088,2826.997817,110.352129,10.405748,32.450359,46.529207,8.034190,55.581108,35.648716,55.581108,38.088300000,127.264980000,38.088300000,127.264980000,38.088562000,127.264710000,38.088272184,127.264670169,38.088610000,127.265170000,38.089026106,127.265220216,38.088028000,127.265230000,38.088033884,127.265321393,38.087990000,127.264790000,38.087490784,127.264778830
210,210,825297895177,41.999,2.000000,38.073223000,127.266800000,772.000000,2561.797271,5388.795088,2826.997817,110.352129,10.405748,32.450359,46.529207,8.034190,55.581108,35.648716,55.581108,38.088300000,127.264980000,38.088300000,127.264980000,38.088562000,127.264710000,38.088272184,127.264670169,38.088610000,127.265170000,38.089026106,127.265220216,38.088028000,127.265230000,38.088033884,127.265321393,38.087990000,127.264790000,38.087490784,127.264778830
211,211,825297895380,42.202,2.000000,38.073288000,127.266754000,772.000000,2601.859948,5412.165975,2810.306027,108.011426,3.439880,18.438657,12.645742,15.095698,27.491284,18.417845,27.491284,38.088270000,127.265560000,38.088270000,127.265560000,38.088560000,127.265305000,38.088705815,127.265205168,38.088593000,127.265755000,38.088681064,127.265846174,38.087990000,127.265800000,38.087877178,127.265895592,38.087970000,127.265360000,38.087727377,127.265301464
212,212,825297895583,42.405,2.000000,38.073357000,127.266716000,771.000000,2547.877422,4582.049866,2034.172444,79.837924,1.123780,10.206168,12.944444,8.319085,18.516299,12.496499,18.516299,38.088215000,127.266280000,38.088215000,127.266280000,38.088528000,127.266045000,38.088585082,127.265953843,38.088505000,127.266495000,38.088597761,127.266584091,38.087914000,127.266510000,38.087876796,127.266592348,38.087936000,127.266075000,38.087783038,127.265991978
213,213,825297895772,42.594,2.000000,38.073490000,127.266624000,770.000000,2237.955556,4120.787024,1882.831469,84.131763,1.444800,10.705779,16.289051,10.176409,11.411734,12.145743,16.289051,38.087776000,127.267700000,38.087776000,127.267700000,38.088080000,127.267500000,38.088154671,127.267422996,38.088005000,127.267930000,38.088127333,127.268032010,38.087480000,127.267890000,38.087410232,127.267965052,38.087536000,127.267470000,38.087459636,127.267383105
214,214,825297895973,42.795,2.000000,38.073555000,127.266590000,770.000000,2074.784774,3953.749261,1878.964487,90.561899,1.826050,11.247502,11.411295,11.719536,16.223685,12.650505,16.223685,38.087677000,127.268390000,38.087677000,127.268390000,38.087970000,127.268210000,38.088051154,127.268133528,38.087894000,127.268630000,38.087960279,127.268729357,38.087395000,127.268560000,38.087307537,127.268634451,38.087467000,127.268150000,38.087341466,127.268055935
215,215,825297896176,42.998,2.000000,38.073555000,127.266590000,770.000000,2074.784774,3953.749261,1878.964487,90.561899,1.826050,11.247502,11.411295,11.719536,16.223685,12.650505,16.223685,38.087677000,127.268390000,38.087677000,127.268390000,38.087970000,127.268210000,38.088051154,127.268133528,38.087894000,127.268630000,38.087960279,127.268729357,38.087395000,127.268560000,38.087307537,127.268634451,38.087467000,127.268150000,38.087341466,127.268055935
216,216,825297896378,43.200,2.000000,38.073620000,127.266540000,770.000000,2541.537236,4996.775612,2455.238376,96.604462,1.157234,11.075005,17.784711,15.087310,16.820895,15.191980,17.784711,38.088932000,127.268074000,38.088932000,127.268074000,38.089287000,127.267876000,38.089360823,127.267791262,38.089170000,127.268326000,38.089303957,127.268436617,38.088608000,127.268265000,38.088485879,127.268339687,38.088696000,127.267830000,38.088568831,127.267726306
217,217,825297896580,43.402,2.000000,38.073690000,127.266495000,769.000000,2642.506859,4929.239515,2286.732656,86.536489,0.943404,12.820843,16.427743,10.847030,14.499325,13.648736,16.427743,38.089077000,127.267340000,38.089077000,127.267340000,38.089413000,127.267130000,38.089502250,127.267037511,38.089330000,127.267586000,38.089454800,127.267686067,38.088737000,127.267550000,38.088661406,127.267628119,38.088814000,127.267105000,38.088708313,127.267008276
218,218,825297896784,43.606,2.000000,38.073822000,127.266410000,769.000000,2906.319924,5349.954468,2443.634544,84.080026,1.778755,9.531074,16.536564,11.969225,18.887692,14.231139,18.887692,38.089830000,127.265850000,38.089830000,127.265850000,38.090150000,127.265594000,38.090194828,127.265501317,38.090153000,127.266075000,38.090280612,127.266171617,38.089520000,127.266090000,38.089443294,127.266185733,38.089523000,127.265625000,38.089365327,127.265545372
219,219,825297896986,43.808,2.000000,38.073822000,127.266410000,769.000000,2906.319924,5349.954468,2443.634544,84.080026,1.778755,9.531074,16.536564,11.969225,18.887692,14.231139,18.887692,38.089830000,127.265850000,38.089830000,127.265850000,38.090150000,127.265594000,38.090194828,127.265501317,38.090153000,127.266075000,38.090280612,127.266171617,38.089520000,127.266090000,38.089443294,127.266185733,38.089523000,127.265625000,38.089365327,127.265545372
220,220,825297897173,43.995,2.000000,38.073887000,127.266365000,768.000000,2794.939688,6662.913004,3867.973315,138.392014,9.265041,23.657199,12.078467,16.437882,53.192276,26.341456,53.192276,38.089832000,127.265070000,38.089832000,127.265070000,38.090103000,127.264810000,38.090295080,127.264694467,38.090170000,127.265280000,38.090250584,127.265372317,38.089558000,127.265330000,38.089430235,127.265424063,38.089508000,127.264860000,38.089031142,127.264821213
221,221,825297897375,44.197,2.000000,38.073956000,127.266330000,768.000000,2687.014401,12598.929252,9911.914851,368.882089,20.811561,101.221867,93.578126,13.885583,99.053258,76.934709,101.221867,38.089770000,127.264305000,38.089770000,127.264305000,38.090004000,127.264040000,38.090895245,127.263810970,38.090126000,127.264496000,38.090966613,127.264502052,38.089530000,127.264570000,38.089432480,127.264668820,38.089428000,127.264114000,38.088538912,127.264159567
222,222,825297897577,44.399,2.000000,38.074090000,127.266235000,767.000000,2444.725002,12976.527611,10531.802608,430.797026,63.644627,149.250548,145.157930,17.876357,55.711744,91.999145,149.250548,38.089283000,127.264305000,38.089283000,127.264305000,38.089500000,127.264046000,38.090822178,127.263763513,38.089615000,127.264496000,38.090918336,127.264444093,38.089058000,127.264560000,38.089209449,127.264627843,38.088963000,127.264120000,38.088462592,127.264110238
223,223,825297897781,44.603,2.000000,38.074090000,127.266235000,767.000000,2444.725002,12976.527611,10531.802608,430.797026,63.644627,149.250548,145.157930,17.876357,55.711744,91.999145,149.250548,38.089283000,127.264305000,38.089283000,127.264305000,38.089500000,127.264046000,38.090822178,127.263763513,38.089615000,127.264496000,38.090918336,127.264444093,38.089058000,127.264560000,38.089209449,127.264627843,38.088963000,127.264120000,38.088462592,127.264110238
224,224,825297897986,44.808,2.000000,38.074154000,127.266200000,767.000000,2495.352452,4481.819678,1986.467226,79.606679,13.149566,28.823144,22.336651,7.540232,46.451336,26.287841,46.451336,38.089317000,127.265030000,38.089317000,127.265030000,38.089577000,127.264780000,38.089323064,127.264715742,38.089630000,127.265236000,38.089820887,127.265314570,38.089054000,127.265274000,38.089062118,127.265359442,38.089024000,127.264830000,38.088608312,127.264783743
225,225,825297898175,44.997,2.000000,38.074223000,127.266150000,767.000000,2451.219964,4719.207335,2267.987371,92.524841,0.821861,10.895886,16.162287,11.846909,17.729012,14.158524,17.729012,38.089302000,127.265755000,38.089302000,127.265755000,38.089584000,127.265520000,38.089649352,127.265427418,38.089590000,127.265976000,38.089717693,127.266063790,38.089012000,127.265980000,38.088932682,127.266070152,38.089027000,127.265550000,38.088883859,127.265461285
226,226,825297898378,45.200,2.000000,38.074352000,127.266070000,766.000000,2252.774465,4233.078436,1980.303971,87.905114,0.295340,10.902924,14.457862,10.763891,14.505906,12.657646,14.505906,38.088768000,127.267136000,38.088768000,127.267136000,38.089085000,127.266940000,38.089157961,127.266856980,38.088997000,127.267365000,38.089098684,127.267467659,38.088470000,127.267330000,38.088392049,127.267402693,38.088530000,127.266910000,38.088422785,127.266815899
227,227,825297898581,45.403,2.000000,38.074352000,127.266070000,766.000000,2252.774465,4233.078436,1980.303971,87.905114,0.295340,10.902924,14.457862,10.763891,14.505906,12.657646,14.505906,38.088768000,127.267136000,38.088768000,127.267136000,38.089085000,127.266940000,38.089157961,127.266856980,38.088997000,127.267365000,38.089098684,127.267467659,38.088470000,127.267330000,38.088392049,127.267402693,38.088530000,127.266910000,38.088422785,127.266815899
228,228,825297898782,45.604,2.000000,38.074420000,127.266020000,765.000000,2109.430029,4072.851051,1963.421022,93.078272,1.770657,12.773561,16.856369,10.579094,12.444916,13.163485,16.856369,38.088646000,127.267820000,38.088646000,127.267820000,38.088950000,127.267650000,38.089042738,127.267564141,38.088852000,127.268070000,38.088982158,127.268168317,38.088360000,127.268000000,38.088280870,127.268066868,38.088432000,127.267586000,38.088350321,127.267489016
229,229,825297898973,45.795,2.000000,38.074486000,127.265976000,765.000000,2350.800801,4568.979096,2218.178295,94.358412,0.835110,12.715574,17.620048,10.617364,16.175454,14.282110,17.620048,38.089325000,127.267914000,38.089325000,127.267914000,38.089645000,127.267730000,38.089740591,127.267650553,38.089546000,127.268170000,38.089679611,127.268277825,38.089005000,127.268100000,38.088924735,127.268165460,38.089108000,127.267670000,38.088987973,127.267565942
230,230,825297899177,45.999,2.000000,38.074620000,127.265890000,764.000000,2684.080530,5116.056020,2431.975490,90.607397,1.567551,14.015252,18.198059,12.396504,13.675868,14.571421,18.198059,38.090252000,127.266640000,38.090252000,127.266640000,38.090580000,127.266420000,38.090684470,127.266330723,38.090508000,127.266884000,38.090649161,127.266988758,38.089920000,127.266850000,38.089830758,127.266934632,38.089977000,127.266396000,38.089876305,127.266306577
231,231,825297899379,46.201,2.000000,38.074620000,127.265890000,764.000000,2684.080530,5116.056020,2431.975490,90.607397,1.567551,14.015252,18.198059,12.396504,13.675868,14.571421,18.198059,38.090252000,127.266640000,38.090252000,127.266640000,38.090580000,127.266420000,38.090684470,127.266330723,38.090508000,127.266884000,38.090649161,127.266988758,38.089920000,127.266850000,38.089830758,127.266934632,38.089977000,127.266396000,38.089876305,127.266306577
232,232,825297899606,46.428,2.000000,38.074688000,127.265850000,764.000000,2665.458801,5192.664219,2527.205418,94.813149,1.479648,12.828542,15.790643,13.377385,19.770762,15.441833,19.770762,38.090340000,127.265884000,38.090340000,127.265884000,38.090637000,127.265650000,38.090725107,127.265555621,38.090620000,127.266120000,38.090740823,127.266214427,38.090034000,127.266110000,38.089935866,127.266198128,38.090040000,127.265656000,38.089876048,127.265569240
233,233,825297899783,46.605,2.000000,38.074753000,127.265810000,764.000000,2742.300634,5204.918513,2462.617879,89.801164,6.538600,21.045708,20.444253,14.294237,7.129151,15.728337,21.045708,38.090397000,127.265274000,38.090397000,127.265274000,38.090680000,127.265020000,38.090854491,127.264927540,38.090700000,127.265495000,38.090868220,127.265588634,38.090110000,127.265510000,38.090004208,127.265602469,38.090070000,127.265050000,38.090067830,127.264968676
234,234,825297899985,46.807,2.000000,38.074820000,127.265760000,763.000000,2628.241313,8504.288467,5876.047155,223.573350,27.213358,27.062307,11.347927,10.911889,134.841562,46.040921,134.841562,38.090340000,127.264530000,38.090340000,127.264530000,38.090590000,127.264270000,38.090817741,127.264161933,38.090683000,127.264730000,38.090751828,127.264825543,38.090084000,127.264770000,38.090025692,127.264870116,38.090020000,127.264320000,38.088809122,127.264360749
235,235,825297900172,46.994,2.000000,38.074820000,127.265760000,763.000000,2628.241313,8504.288467,5876.047155,223.573350,27.213358,27.062307,11.347927,10.911889,134.841562,46.040921,134.841562,38.090340000,127.264530000,38.090340000,127.264530000,38.090590000,127.264270000,38.090817741,127.264161933,38.090683000,127.264730000,38.090751828,127.264825543,38.090084000,127.264770000,38.090025692,127.264870116,38.090020000,127.264320000,38.088809122,127.264360749
236,236,825297900373,47.195,2.000000,38.074955000,127.265680000,763.000000,2415.033304,14228.640015,11813.606712,489.169516,63.347772,41.868638,41.009783,152.930557,181.797762,104.401685,181.797762,38.090115000,127.263540000,38.090115000,127.263540000,38.090305000,127.263280000,38.090663432,127.263135202,38.090458000,127.263725000,38.090824738,127.263769369,38.089910000,127.263794000,38.088550476,127.264044971,38.089775000,127.263360000,38.088148104,127.263540937
237,237,825297900577,47.399,2.000000,38.075010000,127.265640000,763.000000,2318.693760,13835.161549,11516.467789,496.679121,25.940407,75.302850,74.058455,104.567856,147.740738,100.417475,147.740738,38.089930000,127.263824000,38.089930000,127.263824000,38.090137000,127.263570000,38.090798508,127.263390309,38.090267000,127.264010000,38.090932058,127.264031765,38.089733000,127.264070000,38.088804217,127.264248508,38.089615000,127.263640000,38.088290443,127.263745920
238,238,825297900779,47.601,2.000000,38.075077000,127.265594000,762.000000,2385.157735,7967.717240,5582.559505,234.054101,11.225417,39.543038,26.305223,7.298981,110.078061,45.806326,110.078061,38.090027000,127.264600000,38.090027000,127.264600000,38.090270000,127.264360000,38.090612400,127.264239834,38.090336000,127.264810000,38.090565024,127.264883948,38.089783000,127.264840000,38.089798046,127.264921086,38.089733000,127.264400000,38.088744152,127.264400842
239,239,825297900984,47.806,2.000000,38.075210000,127.265510000,762.000000,2323.888920,4327.194934,2003.306014,86.204895,1.559860,9.636896,14.209365,10.644332,17.205234,12.923957,17.205234,38.089878000,127.265976000,38.089878000,127.265976000,38.090187000,127.265770000,38.090232569,127.265676479,38.090140000,127.266210000,38.090246685,127.266299045,38.089592000,127.266180000,38.089522184,127.266263015,38.089638000,127.265755000,38.089500076,127.265666379
240,240,825297901171,47.993,2.000000,38.075210000,127.265510000,762.000000,2323.888920,4327.194934,2003.306014,86.204895,1.559860,9.636896,14.209365,10.644332,17.205234,12.923957,17.205234,38.089878000,127.265976000,38.089878000,127.265976000,38.090187000,127.265770000,38.090232569,127.265676479,38.090140000,127.266210000,38.090246685,127.266299045,38.089592000,127.266180000,38.089522184,127.266263015,38.089638000,127.265755000,38.089500076,127.265666379
241,241,825297901374,48.196,2.000000,38.075275000,127.265465000,761.000000,2276.213766,4201.638146,1925.424379,84.588908,0.785573,10.898175,13.308548,10.333838,15.206601,12.436790,15.206601,38.089790000,127.266690000,38.089790000,127.266690000,38.090110000,127.266500000,38.090180246,127.266413359,38.090027000,127.266940000,38.090124809,127.267027349,38.089490000,127.266884000,38.089415716,127.266954735,38.089580000,127.266464000,38.089467252,127.266366006
242,242,825297901574,48.396,2.000000,38.075344000,127.265430000,761.000000,2226.535211,4142.822196,1916.286985,86.065874,0.560733,10.310910,16.195349,10.528424,13.736842,12.692881,16.195349,38.089670000,127.267395000,38.089670000,127.267395000,38.089993000,127.267220000,38.090061440,127.267140700,38.089874000,127.267650000,38.089997524,127.267747659,38.089360000,127.267560000,38.089287638,127.267637377,38.089462000,127.267150000,38.089362391,127.267057452
243,243,825297901782,48.604,2.000000,38.075478000,127.265335000,761.000000,2317.997726,4558.615930,2240.618204,96.661795,0.498641,12.423113,17.770571,11.334429,16.580652,14.527191,17.770571,38.090350000,127.266890000,38.090350000,127.266890000,38.090675000,127.266700000,38.090765084,127.266616305,38.090570000,127.267140000,38.090707023,127.267244067,38.090034000,127.267075000,38.089951820,127.267151379,38.090140000,127.266650000,38.090012923,127.266551282
244,244,825297901986,48.808,2.000000,38.075542000,127.265300000,760.000000,2341.469504,4539.738795,2198.269291,93.884173,1.198336,13.282045,17.363298,11.211833,14.544672,14.100462,17.363298,38.090466000,127.266180000,38.090466000,127.266180000,38.090770000,127.265976000,38.090866645,127.265887097,38.090706000,127.266420000,38.090841298,127.266518609,38.090164000,127.266380000,38.090085640,127.266460396,38.090230000,127.265945000,38.090119458,127.265856498
245,245,825297902175,48.997,2.000000,38.075542000,127.265300000,760.000000,2341.469504,4539.738795,2198.269291,93.884173,1.198336,13.282045,17.363298,11.211833,14.544672,14.100462,17.363298,38.090466000,127.266180000,38.090466000,127.266180000,38.090770000,127.265976000,38.090866645,127.265887097,38.090706000,127.266420000,38.090841298,127.266518609,38.090164000,127.266380000,38.090085640,127.266460396,38.090230000,127.265945000,38.090119458,127.265856498
246,246,825297902378,49.200,2.000000,38.075610000,127.265250000,760.000000,2364.914278,4725.124515,2360.210237,99.801090,3.960805,18.009055,19.620776,10.827198,12.882886,15.334979,19.620776,38.090510000,127.265460000,38.090510000,127.265460000,38.090794000,127.265236000,38.090940895,127.265149880,38.090780000,127.265686000,38.090939122,127.265782319,38.090240000,127.265670000,38.090171420,127.265757631,38.090237000,127.265236000,38.090141398,127.265153135
247,247,825297902584,49.406,2.000000,38.075676000,127.265210000,760.000000,2373.951493,6994.234044,4620.282551,194.624135,17.884621,26.106113,11.899211,14.066568,93.715991,36.446971,93.715991,38.090477000,127.264786000,38.090477000,127.264786000,38.090717000,127.264560000,38.090937175,127.264457401,38.090767000,127.265010000,38.090854136,127.265088666,38.090206000,127.265015000,38.090097216,127.265096689,38.090180000,127.264580000,38.089338902,127.264534349
248,248,825297902785,49.607,2.000000,38.075810000,127.265130000,759.000000,2062.861345,11531.887854,9469.026509,459.023896,61.033769,26.950607,25.759058,175.550956,118.955804,86.804106,175.550956,38.090267000,127.263380000,38.090267000,127.263380000,38.090430000,127.263145000,38.090652311,127.263023191,38.090576000,127.263565000,38.090802099,127.263627555,38.090076000,127.263620000,38.088510258,127.263859002,38.089950000,127.263210000,38.088882537,127.263272572
249,249,825297902974,49.796,2.000000,38.075880000,127.265080000,759.000000,2128.881342,9709.413017,7580.531675,356.080516,49.243439,19.617403,15.639011,174.153919,54.632504,66.010709,174.153919,38.090540000,127.263410000,38.090540000,127.263410000,38.090730000,127.263176000,38.090879975,127.263058423,38.090880000,127.263600000,38.091008824,127.263671211,38.090360000,127.263650000,38.088805886,127.263878132,38.090240000,127.263240000,38.089749842,127.263208807
250,250,825297903175,49.997,2.000000,38.075880000,127.265080000,759.000000,2128.881342,9709.413017,7580.531675,356.080516,49.243439,19.617403,15.639011,174.153919,54.632504,66.010709,174.153919,38.090540000,127.263410000,38.090540000,127.263410000,38.090730000,127.263176000,38.090879975,127.263058423,38.090880000,127.263600000,38.091008824,127.263671211,38.090360000,127.263650000,38.088805886,127.263878132,38.090240000,127.263240000,38.089749842,127.263208807
251,251,825297903377,50.199,2.000000,38.075947000,127.265040000,759.000000,2286.045863,9086.086880,6800.041017,297.458644,39.753490,22.636389,14.977781,40.042942,153.693434,57.837637,153.693434,38.090694000,127.264100000,38.090694000,127.264100000,38.090908000,127.263860000,38.091095618,127.263760363,38.091000000,127.264305000,38.091118078,127.264386958,38.090470000,127.264330000,38.090119342,127.264431899,38.090380000,127.263900000,38.088999633,127.263935614
252,252,825297903580,50.402,2.000000,38.076010000,127.265000000,759.000000,2264.352918,4711.470142,2447.117224,108.071370,4.599047,24.115781,16.967651,18.197924,7.459638,16.685249,24.115781,38.090770000,127.264880000,38.090770000,127.264880000,38.091020000,127.264656000,38.091223638,127.264562091,38.091053000,127.265100000,38.091187956,127.265190021,38.090520000,127.265090000,38.090373353,127.265181787,38.090490000,127.264660000,38.090463125,127.264582004
253,253,825297903783,50.605,2.000000,38.076010000,127.265000000,759.000000,2264.352918,4711.470142,2447.117224,108.071370,4.599047,24.115781,16.967651,18.197924,7.459638,16.685249,24.115781,38.090770000,127.264880000,38.090770000,127.264880000,38.091020000,127.264656000,38.091223638,127.264562091,38.091053000,127.265100000,38.091187956,127.265190021,38.090520000,127.265090000,38.090373353,127.265181787,38.090490000,127.264660000,38.090463125,127.264582004
254,254,825297903987,50.809,2.000000,38.076145000,127.264915000,758.000000,2190.614015,4289.993236,2099.379221,95.835195,0.987535,13.827641,15.818687,11.923961,14.141116,13.927851,15.818687,38.090664000,127.266335000,38.090664000,127.266335000,38.090960000,127.266140000,38.091069077,127.266064490,38.090890000,127.266580000,38.091009137,127.266678413,38.090378000,127.266520000,38.090288569,127.266594907,38.090443000,127.266100000,38.090339552,127.266006323
255,255,825297904175,50.997,2.000000,38.076210000,127.264870000,758.000000,2128.231895,4198.919717,2070.687822,97.296156,0.797438,11.450419,17.926722,10.858653,15.613621,13.962354,17.926722,38.090570000,127.266900000,38.090570000,127.266900000,38.090880000,127.266716000,38.090967580,127.266647457,38.090767000,127.267140000,38.090900132,127.267255121,38.090267000,127.267070000,38.090187247,127.267141362,38.090374000,127.266655000,38.090255476,127.266559707
256,256,825297904381,51.203,2.000000,38.076344000,127.264786000,758.000000,2302.174041,4471.947349,2169.773308,94.248883,0.507196,11.610828,17.989344,11.528441,15.778390,14.226751,17.989344,38.091106000,127.266600000,38.091106000,127.266600000,38.091423000,127.266410000,38.091508516,127.266334126,38.091320000,127.266850000,38.091457236,127.266958420,38.090797000,127.266780000,38.090710897,127.266853115,38.090890000,127.266350000,38.090768794,127.266256637
257,257,825297904584,51.406,2.000000,38.076412000,127.264750000,758.000000,2289.199791,4471.860148,2182.660356,95.345997,1.864076,14.656226,16.841739,11.158382,14.146050,14.200599,16.841739,38.091198000,127.265890000,38.091198000,127.265890000,38.091488000,127.265686000,38.091604030,127.265606946,38.091434000,127.266136000,38.091564869,127.266232453,38.090904000,127.266080000,38.090827491,127.266162284,38.090954000,127.265656000,38.090850416,127.265562469
258,258,825297904771,51.593,2.000000,38.076412000,127.264750000,758.000000,2289.199791,4471.860148,2182.660356,95.345997,1.864076,14.656226,16.841739,11.158382,14.146050,14.200599,16.841739,38.091198000,127.265890000,38.091198000,127.265890000,38.091488000,127.265686000,38.091604030,127.265606946,38.091434000,127.266136000,38.091564869,127.266232453,38.090904000,127.266080000,38.090827491,127.266162284,38.090954000,127.265656000,38.090850416,127.265562469
259,259,825297904974,51.796,2.000000,38.076477000,127.264700000,757.000000,2283.054405,4649.337833,2366.283428,103.645512,0.873217,16.490663,13.876368,16.801707,15.392979,15.640429,16.801707,38.091232000,127.265175000,38.091232000,127.265175000,38.091500000,127.264960000,38.091632121,127.264874871,38.091496000,127.265400000,38.091593242,127.265499094,38.090960000,127.265380000,38.090822950,127.265460338,38.090965000,127.264946000,38.090842790,127.264863799
260,260,825297905178,52.000,2.000000,38.076610000,127.264626000,757.000000,2149.054260,4564.816538,2415.762278,112.410483,0.721498,20.982372,11.785163,20.448977,13.653740,16.717563,20.982372,38.091076000,127.263740000,38.091076000,127.263740000,38.091267000,127.263510000,38.091438190,127.263409778,38.091390000,127.263940000,38.091472705,127.264023974,38.090874000,127.263960000,38.090706909,127.264056972,38.090760000,127.263540000,38.090649451,127.263472494
261,261,825297905381,52.203,2.000000,38.076675000,127.264580000,757.000000,2030.219799,4559.232900,2529.013100,124.568438,0.108828,20.282464,15.772771,18.434906,17.289497,17.944909,20.282464,38.090904000,127.263054000,38.090904000,127.263054000,38.091070000,127.262825000,38.091230194,127.262714707,38.091230000,127.263240000,38.091360115,127.263311266,38.090730000,127.263280000,38.090584405,127.263380261,38.090584000,127.262880000,38.090437540,127.262814320
262,262,825297905580,52.402,2.000000,38.076675000,127.264580000,757.000000,2030.219799,4559.232900,2529.013100,124.568438,0.108828,20.282464,15.772771,18.434906,17.289497,17.944909,20.282464,38.090904000,127.263054000,38.090904000,127.263054000,38.091070000,127.262825000,38.091230194,127.262714707,38.091230000,127.263240000,38.091360115,127.263311266,38.090730000,127.263280000,38.090584405,127.263380261,38.090584000,127.262880000,38.090437540,127.262814320
263,263,825297905785,52.607,2.000000,38.076744000,127.264540000,757.000000,2304.283676,4856.998383,2552.714707,110.781269,1.409543,22.183310,15.203368,17.878790,13.846369,17.277959,22.183310,38.091320000,127.263010000,38.091320000,127.263010000,38.091507000,127.262764000,38.091688635,127.262659844,38.091686000,127.263190000,38.091806355,127.263272021,38.091137000,127.263240000,38.090997918,127.263342053,38.090977000,127.262825000,38.090863013,127.262761746
264,264,825297905972,52.794,2.000000,38.076810000,127.264496000,757.000000,2344.079727,4471.405911,2127.326184,90.753150,4.536827,18.926865,8.263603,20.152289,14.521766,15.466131,20.152289,38.091490000,127.263664000,38.091490000,127.263664000,38.091710000,127.263435000,38.091859046,127.263331050,38.091840000,127.263870000,38.091810260,127.263956421,38.091286000,127.263890000,38.091120500,127.263983214,38.091160000,127.263466000,38.091043181,127.263392229
265,265,825297906174,52.996,2.000000,38.076810000,127.264496000,757.000000,2344.079727,4471.405911,2127.326184,90.753150,4.536827,18.926865,8.263603,20.152289,14.521766,15.466131,20.152289,38.091490000,127.263664000,38.091490000,127.263664000,38.091710000,127.263435000,38.091859046,127.263331050,38.091840000,127.263870000,38.091810260,127.263956421,38.091286000,127.263890000,38.091120500,127.263983214,38.091160000,127.263466000,38.091043181,127.263392229
266,266,825297906378,53.200,2.000000,38.076942000,127.264410000,756.000000,2250.169600,4392.970023,2142.800422,95.228396,2.483603,18.288954,13.938025,13.816326,9.974353,14.004415,18.288954,38.091644000,127.265076000,38.091644000,127.265076000,38.091908000,127.264860000,38.092060526,127.264782421,38.091908000,127.265305000,38.092005962,127.265404078,38.091377000,127.265274000,38.091271758,127.265357594,38.091377000,127.264850000,38.091319952,127.264762209
267,267,825297906580,53.402,2.000000,38.077007000,127.264370000,756.000000,2241.573518,4320.324958,2078.751441,92.736260,4.056948,18.254624,16.050006,10.752586,10.053430,13.777662,18.254624,38.091610000,127.265755000,38.091610000,127.265755000,38.091896000,127.265564000,38.092047574,127.265484488,38.091846000,127.266010000,38.091971376,127.266100460,38.091328000,127.265945000,38.091251016,127.266019127,38.091370000,127.265520000,38.091315717,127.265428291
268,268,825297906784,53.606,2.000000,38.077140000,127.264290000,756.000000,2152.307323,3990.793458,1838.486135,85.419313,3.222869,8.009500,13.885018,11.476960,17.824257,12.798934,17.824257,38.091557000,127.266930000,38.091557000,127.266930000,38.091877000,127.266770000,38.091893652,127.266681061,38.091750000,127.267190000,38.091844374,127.267293626,38.091250000,127.267090000,38.091160946,127.267156009,38.091370000,127.266680000,38.091234202,127.266572210
269,269,825297906983,53.805,2.000000,38.077140000,127.264290000,756.000000,2152.307323,3990.793458,1838.486135,85.419313,3.222869,8.009500,13.885018,11.476960,17.824257,12.798934,17.824257,38.091557000,127.266930000,38.091557000,127.266930000,38.091877000,127.266770000,38.091893652,127.266681061,38.091750000,127.267190000,38.091844374,127.267293626,38.091250000,127.267090000,38.091160946,127.267156009,38.091370000,127.266680000,38.091234202,127.266572210
270,270,825297907186,54.008,2.000000,38.077206000,127.264250000,756.000000,2195.159979,3636.164812,1441.004833,65.644639,0.816822,13.810991,7.586539,7.962386,10.422943,9.945715,13.810991,38.091927000,127.266525000,38.091927000,127.266525000,38.092228000,127.266350000,38.092335963,127.266272332,38.092113000,127.266780000,38.092115073,127.266866553,38.091614000,127.266690000,38.091593110,127.266776921,38.091710000,127.266270000,38.091649991,127.266178678
271,271,825297907373,54.195,2.000000,38.077274000,127.264206000,756.000000,2322.431050,4303.916414,1981.485365,85.319449,0.281895,15.492219,11.096220,13.115210,11.389186,12.773209,15.492219,38.092020000,127.265820000,38.092020000,127.265820000,38.092310000,127.265625000,38.092436354,127.265550881,38.092250000,127.266070000,38.092315557,127.266165408,38.091724000,127.266010000,38.091618473,127.266076566,38.091774000,127.265570000,38.091697698,127.265483398
272,272,825297907576,54.398,2.000000,38.077404000,127.264120000,755.000000,2219.930721,4269.080764,2049.150043,92.306937,2.389426,17.709182,13.222889,15.175139,7.962790,13.517500,17.709182,38.091972000,127.264360000,38.091972000,127.264360000,38.092213000,127.264145000,38.092356280,127.264057166,38.092255000,127.264580000,38.092347118,127.264675286,38.091732000,127.264565000,38.091613214,127.264649981,38.091675000,127.264140000,38.091643838,127.264058190
273,273,825297907780,54.602,2.000000,38.077404000,127.264120000,755.000000,2219.930721,4269.080764,2049.150043,92.306937,2.389426,17.709182,13.222889,15.175139,7.962790,13.517500,17.709182,38.091972000,127.264360000,38.091972000,127.264360000,38.092213000,127.264145000,38.092356280,127.264057166,38.092255000,127.264580000,38.092347118,127.264675286,38.091732000,127.264565000,38.091613214,127.264649981,38.091675000,127.264140000,38.091643838,127.264058190
274,274,825297907982,54.804,2.000000,38.077473000,127.264084000,755.000000,2251.825620,4061.391104,1809.565485,80.359930,0.151014,18.440758,7.598210,14.416051,8.852530,12.326887,18.440758,38.091866000,127.263660000,38.091866000,127.263660000,38.092080000,127.263435000,38.092229106,127.263343291,38.092186000,127.263870000,38.092198091,127.263955355,38.091644000,127.263880000,38.091532250,127.263963152,38.091550000,127.263460000,38.091503843,127.263377719
275,275,825297908171,54.993,2.000000,38.077538000,127.264040000,755.000000,2148.792152,4710.464495,2561.672343,119.214524,4.787993,31.142609,14.347830,15.596084,11.379338,18.116465,31.142609,38.091698000,127.262970000,38.091698000,127.262970000,38.091880000,127.262750000,38.092143856,127.262631861,38.092037000,127.263160000,38.092149527,127.263239855,38.091510000,127.263200000,38.091386320,127.263283628,38.091362000,127.262790000,38.091279553,127.262713217
276,276,825297908372,55.194,2.000000,38.077670000,127.263960000,755.000000,2366.773492,4373.200900,2006.427407,84.774796,3.379620,17.377707,7.613197,18.604091,11.877371,13.868092,18.604091,38.092278000,127.263016000,38.092278000,127.263016000,38.092490000,127.262790000,38.092621683,127.262683473,38.092620000,127.263220000,38.092603672,127.263304385,38.092068000,127.263245000,38.091917188,127.263336502,38.091915000,127.262830000,38.091829356,127.262749146
277,277,825297908576,55.398,2.000000,38.077670000,127.263960000,755.000000,2366.773492,4373.200900,2006.427407,84.774796,3.379620,17.377707,7.613197,18.604091,11.877371,13.868092,18.604091,38.092278000,127.263016000,38.092278000,127.263016000,38.092490000,127.262790000,38.092621683,127.262683473,38.092620000,127.263220000,38.092603672,127.263304385,38.092068000,127.263245000,38.091917188,127.263336502,38.091915000,127.262830000,38.091829356,127.262749146
278,278,825297908779,55.601,2.000000,38.077736000,127.263916000,755.000000,2337.134767,4393.828103,2056.693336,88.000631,2.391652,19.729922,11.133419,16.921273,6.954319,13.684734,19.729922,38.092434000,127.263720000,38.092434000,127.263720000,38.092660000,127.263490000,38.092823496,127.263403057,38.092743000,127.263930000,38.092808224,127.264026337,38.092197000,127.263930000,38.092063711,127.264022852,38.092102000,127.263504000,38.092090360,127.263426012
279,279,825297908981,55.803,2.000000,38.077805000,127.263880000,755.000000,2278.723415,4345.698441,2066.975027,90.707587,0.745837,17.420745,10.967232,14.817634,10.741303,13.486729,17.420745,38.092506000,127.264430000,38.092506000,127.264430000,38.092750000,127.264210000,38.092894205,127.264132764,38.092785000,127.264660000,38.092850049,127.264754017,38.092250000,127.264630000,38.092134659,127.264714423,38.092220000,127.264200000,38.092148054,127.264118301
280,280,825297909186,56.008,2.000000,38.077934000,127.263794000,754.000000,2182.023448,4257.922319,2075.898871,95.136414,0.485326,18.404667,8.993206,15.430333,12.658107,13.871578,18.404667,38.092564000,127.265840000,38.092564000,127.265840000,38.092860000,127.265660000,38.093015535,127.265588759,38.092777000,127.266100000,38.092819662,127.266187170,38.092280000,127.266014000,38.092152070,127.266081802,38.092342000,127.265594000,38.092257980,127.265496646
281,281,825297909372,56.194,2.000000,38.077990000,127.263760000,754.000000,2130.736083,3849.927499,1719.191416,80.685329,2.266001,13.918151,7.549322,13.297721,12.280881,11.761519,13.918151,38.092490000,127.266340000,38.092490000,127.266340000,38.092793000,127.266174000,38.092903887,127.266100607,38.092697000,127.266600000,38.092691977,127.266685933,38.092190000,127.266500000,38.092082670,127.266566630,38.092300000,127.266090000,38.092221470,127.265991547
282,282,825297909576,56.398,2.000000,38.077990000,127.263760000,754.000000,2130.736083,3849.927499,1719.191416,80.685329,2.266001,13.918151,7.549322,13.297721,12.280881,11.761519,13.918151,38.092490000,127.266340000,38.092490000,127.266340000,38.092793000,127.266174000,38.092903887,127.266100607,38.092697000,127.266600000,38.092691977,127.266685933,38.092190000,127.266500000,38.092082670,127.266566630,38.092300000,127.266090000,38.092221470,127.265991547
283,283,825297909778,56.600,2.000000,38.078056000,127.263720000,754.000000,2141.840040,4247.043032,2105.202993,98.289459,0.412758,18.884740,10.520913,17.377279,10.096329,14.219815,18.884740,38.092640000,127.266556000,38.092640000,127.266556000,38.092945000,127.266390000,38.093108040,127.266330440,38.092823000,127.266815000,38.092875336,127.266914995,38.092327000,127.266710000,38.092177354,127.266766457,38.092445000,127.266300000,38.092394051,127.266204660
284,284,825297909978,56.800,2.000000,38.078120000,127.263680000,754.000000,2158.879936,4404.544639,2245.664703,104.019898,3.897506,24.056324,13.505232,13.545751,10.017908,15.281304,24.056324,38.092740000,127.266075000,38.092740000,127.266075000,38.093044000,127.265900000,38.093255370,127.265842854,38.092950000,127.266335000,38.093040531,127.266437619,38.092457000,127.266240000,38.092349238,127.266311812,38.092537000,127.265820000,38.092481220,127.265730268
285,285,825297910198,57.020,2.000000,38.078255000,127.263596000,754.000000,2243.676694,4272.874818,2029.198125,90.440754,1.475566,16.845474,11.826509,13.767121,10.211406,13.162628,16.845474,38.092834000,127.264660000,38.092834000,127.264660000,38.093100000,127.264465000,38.093235356,127.264379025,38.093105000,127.264910000,38.093187136,127.264995618,38.092575000,127.264854000,38.092466781,127.264930062,38.092570000,127.264430000,38.092512414,127.264339274
286,286,825297910382,57.204,2.000000,38.078255000,127.263596000,754.000000,2243.676694,4272.874818,2029.198125,90.440754,1.475566,16.845474,11.826509,13.767121,10.211406,13.162628,16.845474,38.092834000,127.264660000,38.092834000,127.264660000,38.093100000,127.264465000,38.093235356,127.264379025,38.093105000,127.264910000,38.093187136,127.264995618,38.092575000,127.264854000,38.092466781,127.264930062,38.092570000,127.264430000,38.092512414,127.264339274
287,287,825297910583,57.405,2.000000,38.078320000,127.263560000,754.000000,2143.439043,4093.146775,1949.707732,90.961660,0.832772,17.398527,10.293864,15.746608,8.907742,13.086685,17.398527,38.092655000,127.263985000,38.092655000,127.263985000,38.092890000,127.263770000,38.093033514,127.263691350,38.092940000,127.264206000,38.092996063,127.264299440,38.092422000,127.264180000,38.092297889,127.264266232,38.092377000,127.263760000,38.092324696,127.263683052
288,288,825297910785,57.607,2.000000,38.078390000,127.263510000,754.000000,2187.680830,3782.920478,1595.239648,72.919213,1.158229,16.716223,6.782190,16.708495,8.283140,12.122512,16.716223,38.092537000,127.263280000,38.092537000,127.263280000,38.092750000,127.263070000,38.092879549,127.262973513,38.092865000,127.263500000,38.092879392,127.263575222,38.092330000,127.263500000,38.092191699,127.263574103,38.092228000,127.263084000,38.092252535,127.262994742
289,289,825297910971,57.793,2.000000,38.078390000,127.263510000,754.000000,2187.680830,3782.920478,1595.239648,72.919213,1.158229,16.716223,6.782190,16.708495,8.283140,12.122512,16.716223,38.092537000,127.263280000,38.092537000,127.263280000,38.092750000,127.263070000,38.092879549,127.262973513,38.092865000,127.263500000,38.092879392,127.263575222,38.092330000,127.263500000,38.092191699,127.263574103,38.092228000,127.263084000,38.092252535,127.262994742
290,290,825297911173,57.995,2.000000,38.078518000,127.263430000,754.000000,2263.653075,4048.847183,1785.194108,78.863415,2.090775,19.749013,9.607695,15.415722,10.063402,13.708958,19.749013,38.092583000,127.262200000,38.092583000,127.262200000,38.092777000,127.261970000,38.092935115,127.261867769,38.092940000,127.262380000,38.092893902,127.262472712,38.092392000,127.262420000,38.092275874,127.262515862,38.092213000,127.262024000,38.092142792,127.261951639
291,291,825297911375,58.197,2.000000,38.078587000,127.263390000,753.000000,2457.178084,4133.957619,1676.779535,68.240049,1.289939,16.904866,6.984180,17.308607,9.244428,12.610520,17.308607,38.093105000,127.262640000,38.093105000,127.262640000,38.093340000,127.262410000,38.093471057,127.262312523,38.093468000,127.262850000,38.093475801,127.262929101,38.092888000,127.262860000,38.092751030,127.262953502,38.092750000,127.262450000,38.092792885,127.262359640
292,292,825297911580,58.402,2.000000,38.078650000,127.263350000,753.000000,2348.894462,4359.788347,2010.893885,85.610227,2.104339,19.365535,10.412322,15.495495,7.581075,13.213607,19.365535,38.093258000,127.263336000,38.093258000,127.263336000,38.093483000,127.263115000,38.093642174,127.263025810,38.093563000,127.263560000,38.093628237,127.263645171,38.093018000,127.263550000,38.092894947,127.263632681,38.092926000,127.263120000,38.092900248,127.263039892
293,293,825297911782,58.604,2.000000,38.078785000,127.263270000,753.000000,2157.031179,4518.900984,2361.869805,109.496322,0.980256,17.576299,13.765065,18.239235,14.611200,16.047950,18.239235,38.093422000,127.264750000,38.093422000,127.264750000,38.093685000,127.264550000,38.093832757,127.264479286,38.093678000,127.264990000,38.093768708,127.265096781,38.093170000,127.264930000,38.093017834,127.265007196,38.093178000,127.264500000,38.093064788,127.264415612
294,294,825297911985,58.807,2.000000,38.078785000,127.263270000,753.000000,2157.031179,4518.900984,2361.869805,109.496322,0.980256,17.576299,13.765065,18.239235,14.611200,16.047950,18.239235,38.093422000,127.264750000,38.093422000,127.264750000,38.093685000,127.264550000,38.093832757,127.264479286,38.093678000,127.264990000,38.093768708,127.265096781,38.093170000,127.264930000,38.093017834,127.265007196,38.093178000,127.264500000,38.093064788,127.264415612
295,295,825297912186,59.008,2.000000,38.078850000,127.263220000,753.000000,2140.150659,4307.129708,2166.979049,101.253575,0.585740,14.917227,13.985594,14.479862,15.942921,14.831401,15.942921,38.093380000,127.265465000,38.093380000,127.265465000,38.093662000,127.265280000,38.093785966,127.265215342,38.093597000,127.265724000,38.093694144,127.265825230,38.093110000,127.265640000,38.092989944,127.265703609,38.093166000,127.265210000,38.093044193,127.265114284
296,296,825297912372,59.194,2.000000,38.078920000,127.263180000,753.000000,2071.821527,4163.351527,2091.530000,100.951263,0.287578,19.078287,10.629170,18.967174,9.777446,14.613019,19.078287,38.093292000,127.266174000,38.093292000,127.266174000,38.093586000,127.266014000,38.093751203,127.265956047,38.093480000,127.266440000,38.093538308,127.266536076,38.093006000,127.266335000,38.092838926,127.266377474,38.093105000,127.265915000,38.093054518,127.265823672
297,297,825297912576,59.398,2.000000,38.079050000,127.263100000,753.000000,2057.796565,4241.910585,2184.114019,106.138481,0.936250,14.965195,13.771450,14.622550,16.599825,14.989755,16.599825,38.093490000,127.265420000,38.093490000,127.265420000,38.093770000,127.265240000,38.093893951,127.265173869,38.093700000,127.265670000,38.093789688,127.265778269,38.093220000,127.265590000,38.093098923,127.265654727,38.093280000,127.265170000,38.093154065,127.265068534
298,298,825297912780,59.602,2.000000,38.079050000,127.263100000,753.000000,2057.796565,4241.910585,2184.114019,106.138481,0.936250,14.965195,13.771450,14.622550,16.599825,14.989755,16.599825,38.093490000,127.265420000,38.093490000,127.265420000,38.093770000,127.265240000,38.093893951,127.265173869,38.093700000,127.265670000,38.093789688,127.265778269,38.093220000,127.265590000,38.093098923,127.265654727,38.093280000,127.265170000,38.093154065,127.265068534
299,299,825297912982,59.804,2.000000,38.079117000,127.263060000,753.000000,2082.040850,4308.207681,2226.166831,106.922342,1.434283,15.961323,12.315443,18.783994,13.766845,15.206901,18.783994,38.093513000,127.264580000,38.093513000,127.264580000,38.093780000,127.264390000,38.093910375,127.264314175,38.093773000,127.264824000,38.093851447,127.264923121,38.093277000,127.264760000,38.093118162,127.264832367,38.093277000,127.264340000,38.093175666,127.264249923
300,300,825297913186,60.008,2.000000,38.079180000,127.263016000,753.000000,2193.840999,4300.450751,2106.609753,96.023812,0.861851,17.897949,11.992713,16.022723,10.437683,14.087767,17.897949,38.093630000,127.263900000,38.093630000,127.263900000,38.093880000,127.263700000,38.094026787,127.263616641,38.093906000,127.264140000,38.093987727,127.264229189,38.093390000,127.264100000,38.093257462,127.264171324,38.093357000,127.263670000,38.093291359,127.263584926
301,301,825297913373,60.195,2.000000,38.079315000,127.262930000,753.000000,2265.122090,3795.589395,1530.467305,67.566658,3.480336,17.289897,8.711062,14.892080,10.626425,12.879866,17.289897,38.093330000,127.262375000,38.093330000,127.262375000,38.093536000,127.262150000,38.093675198,127.262062450,38.093650000,127.262570000,38.093683687,127.262659746,38.093110000,127.262590000,38.092994010,127.262674694,38.092968000,127.262184000,38.093036153,127.262099071
302,302,825297913576,60.398,2.000000,38.079315000,127.262930000,753.000000,2265.122090,3795.589395,1530.467305,67.566658,3.480336,17.289897,8.711062,14.892080,10.626425,12.879866,17.289897,38.093330000,127.262375000,38.093330000,127.262375000,38.093536000,127.262150000,38.093675198,127.262062450,38.093650000,127.262570000,38.093683687,127.262659746,38.093110000,127.262590000,38.092994010,127.262674694,38.092968000,127.262184000,38.093036153,127.262099071
303,303,825297913779,60.601,2.000000,38.079380000,127.262890000,753.000000,2408.644356,3794.524899,1385.880543,57.537782,3.557179,15.679660,7.602305,15.741051,15.218114,13.560283,15.741051,38.093540000,127.261850000,38.093540000,127.261850000,38.093773000,127.261620000,38.093890792,127.261521868,38.093900000,127.262040000,38.093914554,127.262124782,38.093338000,127.262070000,38.093217236,127.262163469,38.093160000,127.261670000,38.093275886,127.261577853
304,304,825297913979,60.801,2.000000,38.079450000,127.262856000,753.000000,2383.615542,4284.596920,1900.981378,79.752013,0.493712,16.386584,8.744851,15.787963,7.897705,12.204276,16.386584,38.093952000,127.262060000,38.093952000,127.262060000,38.094190000,127.261830000,38.094315270,127.261731771,38.094290000,127.262260000,38.094327821,127.262347487,38.093727000,127.262280000,38.093606056,127.262374123,38.093605000,127.261870000,38.093580566,127.261785367
305,305,825297914184,61.006,2.000000,38.079580000,127.262770000,752.000000,2166.859929,4344.878773,2178.018845,100.514981,2.178295,19.565865,13.528546,17.092909,8.832901,14.755055,19.565865,38.094143000,127.263306000,38.094143000,127.263306000,38.094368000,127.263090000,38.094532454,127.263011183,38.094410000,127.263535000,38.094506837,127.263628303,38.093910000,127.263504000,38.093771402,127.263587974,38.093840000,127.263080000,38.093794587,127.262997323
306,306,825297914373,61.195,2.000000,38.079580000,127.262770000,752.000000,2166.859929,4344.878773,2178.018845,100.514981,2.178295,19.565865,13.528546,17.092909,8.832901,14.755055,19.565865,38.094143000,127.263306000,38.094143000,127.263306000,38.094368000,127.263090000,38.094532454,127.263011183,38.094410000,127.263535000,38.094506837,127.263628303,38.093910000,127.263504000,38.093771402,127.263587974,38.093840000,127.263080000,38.093794587,127.262997323
307,307,825297914576,61.398,2.000000,38.079647000,127.262730000,752.000000,2070.259883,4334.910392,2264.650509,109.389673,0.664944,17.840136,14.812520,16.919667,12.851264,15.605897,17.840136,38.094196000,127.264010000,38.094196000,127.264010000,38.094444000,127.263810000,38.094592984,127.263734963,38.094440000,127.264250000,38.094546957,127.264350582,38.093956000,127.264200000,38.093815272,127.264272963,38.093952000,127.263770000,38.093858688,127.263683630
308,308,825297914780,61.602,2.000000,38.079712000,127.262690000,752.000000,2032.283969,4005.623904,1973.339935,97.099616,0.761587,18.868108,8.421978,16.002633,12.182421,13.868785,18.868108,38.094185000,127.264725000,38.094185000,127.264725000,38.094437000,127.264534000,38.094599428,127.264472459,38.094402000,127.264980000,38.094432136,127.265068177,38.093937000,127.264900000,38.093803777,127.264968627,38.093960000,127.264470000,38.093874210,127.264383666
309,309,825297914995,61.817,2.000000,38.079845000,127.262600000,752.000000,1965.615599,2875.616429,910.000829,46.295971,1.781706,8.887168,9.082170,9.456621,6.493415,8.479844,9.456621,38.094196000,127.265840000,38.094196000,127.265840000,38.094470000,127.265680000,38.094521043,127.265602000,38.094370000,127.266100000,38.094314018,127.266175412,38.093920000,127.265990000,38.093858829,127.266064900,38.094010000,127.265570000,38.094012104,127.265495929
310,310,825297915171,61.993,2.000000,38.079845000,127.262600000,752.000000,1965.615599,2875.616429,910.000829,46.295971,1.781706,8.887168,9.082170,9.456621,6.493415,8.479844,9.456621,38.094196000,127.265840000,38.094196000,127.265840000,38.094470000,127.265680000,38.094521043,127.265602000,38.094370000,127.266100000,38.094314018,127.266175412,38.093920000,127.265990000,38.093858829,127.266064900,38.094010000,127.265570000,38.094012104,127.265495929
311,311,825297915373,62.195,2.000000,38.079910000,127.262566000,752.000000,2025.976232,3230.173804,1204.197572,59.437892,1.751682,15.863749,7.256992,8.818855,7.875990,9.953896,15.863749,38.094460000,127.265350000,38.094460000,127.265350000,38.094734000,127.265180000,38.094866527,127.265113432,38.094660000,127.265620000,38.094629736,127.265693368,38.094190000,127.265520000,38.094132890,127.265589764,38.094270000,127.265100000,38.094287230,127.265012806
312,312,825297915576,62.398,2.000000,38.079975000,127.262530000,752.000000,2018.104423,3965.000347,1946.895924,96.471516,1.755873,17.512033,7.552389,16.007954,13.408605,13.620245,17.512033,38.094517000,127.264650000,38.094517000,127.264650000,38.094770000,127.264465000,38.094917761,127.264396405,38.094734000,127.264910000,38.094750290,127.264993685,38.094260000,127.264824000,38.094126408,127.264891623,38.094300000,127.264404000,38.094207645,127.264305747
313,313,825297915779,62.601,2.000000,38.080110000,127.262440000,752.000000,2038.263775,4154.420813,2116.157037,103.821550,1.014095,18.705500,12.515409,16.667498,10.683207,14.642904,18.705500,38.094480000,127.263245000,38.094480000,127.263245000,38.094707000,127.263040000,38.094863007,127.262960673,38.094738000,127.263480000,38.094825442,127.263569794,38.094257000,127.263440000,38.094120302,127.263517621,38.094215000,127.263016000,38.094144436,127.262933351
314,314,825297915983,62.805,2.000000,38.080110000,127.262440000,752.000000,2038.263775,4154.420813,2116.157037,103.821550,1.014095,18.705500,12.515409,16.667498,10.683207,14.642904,18.705500,38.094480000,127.263245000,38.094480000,127.263245000,38.094707000,127.263040000,38.094863007,127.262960673,38.094738000,127.263480000,38.094825442,127.263569794,38.094257000,127.263440000,38.094120302,127.263517621,38.094215000,127.263016000,38.094144436,127.262933351
315,315,825297916185,63.007,2.000000,38.080177000,127.262400000,752.000000,2035.222317,4079.746774,2044.524457,100.457058,1.367747,17.951743,11.748055,16.352748,9.863698,13.979061,17.951743,38.094433000,127.262540000,38.094433000,127.262540000,38.094654000,127.262340000,38.094795007,127.262240572,38.094707000,127.262764000,38.094790218,127.262846468,38.094215000,127.262750000,38.094081100,127.262826768,38.094143000,127.262340000,38.094093930,127.262246252
316,316,825297916374,63.196,2.000000,38.080307000,127.262320000,752.000000,2383.887210,4029.427090,1645.539879,69.027590,0.181839,12.582447,8.179983,13.293253,7.298392,10.338519,13.293253,38.094593000,127.261420000,38.094593000,127.261420000,38.094845000,127.261190000,38.094929641,127.261094813,38.094920000,127.261620000,38.094956342,127.261701152,38.094353000,127.261640000,38.094258402,127.261732603,38.094260000,127.261230000,38.094240118,127.261150615
317,317,825297916579,63.401,2.000000,38.080307000,127.262320000,752.000000,2383.887210,4029.427090,1645.539879,69.027590,0.181839,12.582447,8.179983,13.293253,7.298392,10.338519,13.293253,38.094593000,127.261420000,38.094593000,127.261420000,38.094845000,127.261190000,38.094929641,127.261094813,38.094920000,127.261620000,38.094956342,127.261701152,38.094353000,127.261640000,38.094258402,127.261732603,38.094260000,127.261230000,38.094240118,127.261150615
318,318,825297916781,63.603,2.000000,38.080376000,127.262276000,752.000000,2266.947011,4217.367460,1950.420450,86.037320,2.508370,16.077532,13.079937,13.124427,8.134206,12.604025,16.077532,38.094864000,127.261820000,38.094864000,127.261820000,38.095110000,127.261600000,38.095231543,127.261500868,38.095150000,127.262030000,38.095246276,127.262115589,38.094620000,127.262040000,38.094523107,127.262125351,38.094550000,127.261620000,38.094518703,127.261536099
319,319,825297916983,63.805,2.000000,38.080505000,127.262190000,752.000000,1985.422620,4117.341914,2131.919294,107.378614,1.399483,19.063143,13.008721,16.148272,10.735976,14.739028,19.063143,38.094925000,127.263214000,38.094925000,127.263214000,38.095146000,127.263016000,38.095304652,127.262934094,38.095170000,127.263450000,38.095260262,127.263544311,38.094692000,127.263405000,38.094560208,127.263482020,38.094666000,127.262985000,38.094599157,127.262896662
320,320,825297917184,64.006,2.000000,38.080505000,127.262190000,752.000000,1985.422620,4117.341914,2131.919294,107.378614,1.399483,19.063143,13.008721,16.148272,10.735976,14.739028,19.063143,38.094925000,127.263214000,38.094925000,127.263214000,38.095146000,127.263016000,38.095304652,127.262934094,38.095170000,127.263450000,38.095260262,127.263544311,38.094692000,127.263405000,38.094560208,127.263482020,38.094666000,127.262985000,38.094599157,127.262896662
321,321,825297917372,64.194,2.000000,38.080574000,127.262150000,752.000000,1994.458509,3807.048308,1812.589799,90.881299,2.419571,16.467168,7.789024,15.680068,12.642287,13.144637,16.467168,38.095093000,127.263855000,38.095093000,127.263855000,38.095330000,127.263660000,38.095466989,127.263589064,38.095320000,127.264100000,38.095314911,127.264188673,38.094852000,127.264040000,38.094721909,127.264108626,38.094860000,127.263610000,38.094771300,127.263519881
322,322,825297917574,64.396,2.000000,38.080640000,127.262115000,752.000000,1917.951615,2888.992323,971.040708,50.629051,4.597779,9.669632,12.125330,12.491266,7.928300,10.553632,12.491266,38.095074000,127.264570000,38.095074000,127.264570000,38.095320000,127.264400000,38.095372223,127.264311800,38.095284000,127.264830000,38.095188179,127.264895814,38.094837000,127.264750000,38.094735684,127.264811288,38.094864000,127.264320000,38.094848340,127.264231716
323,323,825297917776,64.598,2.000000,38.080772000,127.262030000,752.000000,1936.717895,3656.060337,1719.342441,88.776091,4.699673,8.086099,30.951691,11.537546,7.500998,14.519084,30.951691,38.095340000,127.265434000,38.095340000,127.265434000,38.095604000,127.265270000,38.095591054,127.265179178,38.095520000,127.265700000,38.095770345,127.265853723,38.095078000,127.265590000,38.094988444,127.265656291,38.095150000,127.265170000,38.095167041,127.265087162
324,324,825297917980,64.802,2.000000,38.080772000,127.262030000,752.000000,1936.717895,3656.060337,1719.342441,88.776091,4.699673,8.086099,30.951691,11.537546,7.500998,14.519084,30.951691,38.095340000,127.265434000,38.095340000,127.265434000,38.095604000,127.265270000,38.095591054,127.265179178,38.095520000,127.265700000,38.095770345,127.265853723,38.095078000,127.265590000,38.094988444,127.265656291,38.095150000,127.265170000,38.095167041,127.265087162
325,325,825297918182,65.004,2.000000,38.080837000,127.261986000,752.000000,1910.283907,2550.588669,640.304762,33.518827,1.610022,9.821788,9.329340,8.984365,12.494004,10.157374,12.494004,38.095350000,127.264854000,38.095350000,127.264854000,38.095596000,127.264680000,38.095660863,127.264603999,38.095543000,127.265114000,38.095484116,127.265189775,38.095100000,127.265015000,38.095051641,127.265097105,38.095142000,127.264595000,38.095241047,127.264527925
326,326,825297918385,65.207,2.000000,38.080970000,127.261910000,752.000000,1889.271452,3843.539090,1954.267639,103.440278,1.038027,18.100899,8.723561,16.594071,12.291566,13.927524,18.100899,38.095390000,127.263435000,38.095390000,127.263435000,38.095620000,127.263245000,38.095770729,127.263167494,38.095610000,127.263680000,38.095646468,127.263768137,38.095170000,127.263626000,38.095030302,127.263692092,38.095160000,127.263200000,38.095077575,127.263106641
327,327,825297918573,65.395,2.000000,38.080970000,127.261910000,752.000000,1889.271452,3843.539090,1954.267639,103.440278,1.038027,18.100899,8.723561,16.594071,12.291566,13.927524,18.100899,38.095390000,127.263435000,38.095390000,127.263435000,38.095620000,127.263245000,38.095770729,127.263167494,38.095610000,127.263680000,38.095646468,127.263768137,38.095170000,127.263626000,38.095030302,127.263692092,38.095160000,127.263200000,38.095077575,127.263106641
328,328,825297918774,65.596,2.000000,38.081036000,127.261860000,751.000000,1917.628365,3996.220890,2078.592525,108.393918,0.325786,16.266643,13.214885,16.005641,12.890751,14.594480,16.266643,38.095314000,127.262730000,38.095314000,127.262730000,38.095554000,127.262535000,38.095683361,127.262448647,38.095547000,127.262960000,38.095640267,127.263053320,38.095090000,127.262930000,38.094957014,127.262999454,38.095080000,127.262510000,38.094989134,127.262418786
329,329,825297918979,65.801,2.000000,38.081090000,127.261830000,751.000000,2058.428550,4005.464524,1947.035973,94.588465,0.379408,14.070180,12.185364,15.161148,11.400805,13.204374,15.161148,38.095290000,127.262050000,38.095290000,127.262050000,38.095535000,127.261840000,38.095641622,127.261753750,38.095550000,127.262270000,38.095635382,127.262357040,38.095062000,127.262250000,38.094942886,127.262333911,38.095028000,127.261830000,38.094944059,127.261755443
330,330,825297919181,66.003,2.000000,38.081090000,127.261830000,751.000000,2058.428550,4005.464524,1947.035973,94.588465,0.379408,14.070180,12.185364,15.161148,11.400805,13.204374,15.161148,38.095290000,127.262050000,38.095290000,127.262050000,38.095535000,127.261840000,38.095641622,127.261753750,38.095550000,127.262270000,38.095635382,127.262357040,38.095062000,127.262250000,38.094942886,127.262333911,38.095028000,127.261830000,38.094944059,127.261755443
331,331,825297919384,66.206,2.000000,38.081223000,127.261750000,751.000000,2240.446328,4304.269900,2063.823572,92.116626,0.171727,13.777027,13.449107,13.319019,12.779631,13.331196,13.777027,38.095770000,127.260994000,38.095770000,127.260994000,38.096043000,127.260765000,38.096139087,127.260665886,38.096046000,127.261200000,38.096147598,127.261283074,38.095524000,127.261220000,38.095426209,127.261307596,38.095497000,127.260796000,38.095400170,127.260717637
332,332,825297919572,66.394,2.000000,38.081290000,127.261710000,751.000000,2138.589900,4237.379664,2098.789764,98.138954,1.067071,12.667401,13.440289,14.061019,15.213923,13.845658,15.213923,38.096058000,127.261520000,38.096058000,127.261520000,38.096325000,127.261290000,38.096416090,127.261203337,38.096310000,127.261734000,38.096405863,127.261827267,38.095810000,127.261734000,38.095705298,127.261823781,38.095814000,127.261310000,38.095694576,127.261225556
333,333,825297919778,66.600,2.000000,38.081290000,127.261710000,751.000000,2138.589900,4237.379664,2098.789764,98.138954,1.067071,12.667401,13.440289,14.061019,15.213923,13.845658,15.213923,38.096058000,127.261520000,38.096058000,127.261520000,38.096325000,127.261290000,38.096416090,127.261203337,38.096310000,127.261734000,38.096405863,127.261827267,38.095810000,127.261734000,38.095705298,127.261823781,38.095814000,127.261310000,38.095694576,127.261225556
334,334,825297919981,66.803,2.000000,38.081420000,127.261630000,751.000000,1968.249221,3735.747674,1767.498453,89.800541,1.454765,13.099773,8.974843,14.629392,11.843773,12.136945,14.629392,38.095990000,127.262930000,38.095990000,127.262930000,38.096233000,127.262730000,38.096333190,127.262651567,38.096207000,127.263176000,38.096251533,127.263261399,38.095753000,127.263120000,38.095635832,127.263195628,38.095764000,127.262695000,38.095684482,127.262605179
335,335,825297920184,67.006,2.000000,38.081490000,127.261580000,751.000000,1953.835583,3680.198544,1726.362961,88.357637,1.140549,21.724499,7.260866,18.795106,8.470946,14.062854,21.724499,38.096165000,127.263670000,38.096165000,127.263670000,38.096410000,127.263490000,38.096596543,127.263417150,38.096390000,127.263930000,38.096375575,127.264010829,38.095932000,127.263855000,38.095769627,127.263913805,38.095947000,127.263430000,38.095973728,127.263339467
336,336,825297920372,67.194,2.000000,38.081490000,127.261580000,751.000000,1953.835583,3680.198544,1726.362961,88.357637,1.140549,21.724499,7.260866,18.795106,8.470946,14.062854,21.724499,38.096165000,127.263670000,38.096165000,127.263670000,38.096410000,127.263490000,38.096596543,127.263417150,38.096390000,127.263930000,38.096375575,127.264010829,38.095932000,127.263855000,38.095769627,127.263913805,38.095947000,127.263430000,38.095973728,127.263339467
337,337,825297920573,67.395,2.000000,38.081620000,127.261505000,751.000000,1915.389002,7183.756994,5268.367993,275.054727,18.922329,65.999317,56.143894,27.782685,19.608548,42.383611,65.999317,38.096104000,127.265130000,38.096104000,127.265130000,38.096355000,127.264970000,38.096946806,127.265015365,38.096294000,127.265400000,38.096767720,127.265619932,38.095844000,127.265280000,38.095595096,127.265303261,38.095917000,127.264860000,38.095766733,127.264743211
338,338,825297920775,67.597,2.000000,38.081688000,127.261460000,751.000000,2034.309905,7533.451713,5499.141809,270.319768,6.085469,57.046665,44.248974,47.734896,28.989862,44.505099,57.046665,38.096380000,127.265070000,38.096380000,127.265070000,38.096634000,127.264900000,38.097145899,127.264930440,38.096580000,127.265350000,38.096949688,127.265535595,38.096120000,127.265230000,38.095691775,127.265201541,38.096188000,127.264790000,38.095948599,127.264659756
339,339,825297920978,67.800,2.000000,38.081818000,127.261375000,751.000000,1890.031906,3443.519442,1553.487535,82.193720,1.024480,20.179902,7.928215,17.685073,6.893126,13.171579,20.179902,38.096153000,127.263660000,38.096153000,127.263660000,38.096390000,127.263470000,38.096566474,127.263417313,38.096370000,127.263910000,38.096349255,127.263996575,38.095924000,127.263830000,38.095773497,127.263894641,38.095947000,127.263405000,38.095972066,127.263333051
340,340,825297921181,68.003,2.000000,38.081818000,127.261375000,751.000000,1890.031906,3443.519442,1553.487535,82.193720,1.024480,20.179902,7.928215,17.685073,6.893126,13.171579,20.179902,38.096153000,127.263660000,38.096153000,127.263660000,38.096390000,127.263470000,38.096566474,127.263417313,38.096370000,127.263910000,38.096349255,127.263996575,38.095924000,127.263830000,38.095773497,127.263894641,38.095947000,127.263405000,38.095972066,127.263333051
341,341,825297921383,68.205,2.000000,38.081886000,127.261340000,751.000000,1832.502996,3398.024949,1565.521953,85.430799,1.644212,12.305232,8.304167,12.545034,11.424619,11.144763,12.545034,38.096172000,127.262950000,38.096172000,127.262950000,38.096413000,127.262764000,38.096503316,127.262683013,38.096386000,127.263190000,38.096409413,127.263280000,38.095943000,127.263140000,38.095843119,127.263206315,38.095974000,127.262720000,38.095902949,127.262625897
342,342,825297921586,68.408,2.000000,38.081950000,127.261300000,751.000000,1847.952858,3605.530991,1757.578133,95.109468,1.667224,14.050712,8.379033,14.342134,12.920549,12.423107,14.342134,38.096080000,127.262290000,38.096080000,127.262290000,38.096317000,127.262100000,38.096423184,127.262013291,38.096302000,127.262530000,38.096345272,127.262608259,38.095850000,127.262480000,38.095735395,127.262554796,38.095870000,127.262070000,38.095778324,127.261979548
343,343,825297921774,68.596,2.000000,38.081950000,127.261300000,751.000000,1847.952858,3605.530991,1757.578133,95.109468,1.667224,14.050712,8.379033,14.342134,12.920549,12.423107,14.342134,38.096080000,127.262290000,38.096080000,127.262290000,38.096317000,127.262100000,38.096423184,127.262013291,38.096302000,127.262530000,38.096345272,127.262608259,38.095850000,127.262480000,38.095735395,127.262554796,38.095870000,127.262070000,38.095778324,127.261979548
344,344,825297921977,68.799,2.000000,38.082085000,127.261215000,751.000000,2008.520270,3868.283323,1859.763053,92.593691,0.890681,12.360907,13.986154,11.934891,11.800000,12.520488,13.986154,38.096200000,127.260920000,38.096200000,127.260920000,38.096462000,127.260700000,38.096549099,127.260612482,38.096428000,127.261120000,38.096530252,127.261212767,38.095947000,127.261120000,38.095870025,127.261214830,38.095950000,127.260710000,38.095859807,127.260639234
345,345,825297922179,69.001,2.000000,38.082150000,127.261170000,751.000000,2198.525149,4259.329238,2060.804089,93.735752,0.518619,12.974613,14.096031,12.480148,15.109003,13.664949,15.109003,38.096775000,127.260590000,38.096775000,127.260590000,38.097060000,127.260360000,38.097149423,127.260265011,38.097020000,127.260800000,38.097127321,127.260885397,38.096510000,127.260820000,38.096417682,127.260900829,38.096542000,127.260380000,38.096418983,127.260307131
346,346,825297922380,69.202,2.000000,38.082283000,127.261090000,751.000000,1977.967367,4223.555531,2245.588164,113.530092,0.602325,14.869694,15.643953,15.867801,15.971978,15.588356,15.971978,38.096890000,127.261910000,38.096890000,127.261910000,38.097153000,127.261710000,38.097267004,127.261621544,38.097115000,127.262146000,38.097235077,127.262238776,38.096645000,127.262110000,38.096515404,127.262185425,38.096680000,127.261690000,38.096557807,127.261594444
347,347,825297922583,69.405,2.000000,38.082283000,127.261090000,751.000000,1977.967367,4223.555531,2245.588164,113.530092,0.602325,14.869694,15.643953,15.867801,15.971978,15.588356,15.971978,38.096890000,127.261910000,38.096890000,127.261910000,38.097153000,127.261710000,38.097267004,127.261621544,38.097115000,127.262146000,38.097235077,127.262238776,38.096645000,127.262110000,38.096515404,127.262185425,38.096680000,127.261690000,38.096557807,127.261594444
348,348,825297922774,69.596,2.000000,38.082348000,127.261050000,751.000000,1877.190584,4386.480319,2509.289735,133.672615,3.743478,23.067313,20.421026,17.889823,11.581960,18.240030,23.067313,38.096820000,127.262620000,38.096820000,127.262620000,38.097070000,127.262430000,38.097269532,127.262358957,38.097030000,127.262860000,38.097191983,127.262969411,38.096584000,127.262800000,38.096434014,127.262873339,38.096620000,127.262380000,38.096541553,127.262293156
349,349,825297922973,69.795,2.000000,38.082348000,127.261050000,751.000000,1877.190584,4386.480319,2509.289735,133.672615,3.743478,23.067313,20.421026,17.889823,11.581960,18.240030,23.067313,38.096820000,127.262620000,38.096820000,127.262620000,38.097070000,127.262430000,38.097269532,127.262358957,38.097030000,127.262860000,38.097191983,127.262969411,38.096584000,127.262800000,38.096434014,127.262873339,38.096620000,127.262380000,38.096541553,127.262293156
350,350,825297923178,70.000,2.000000,38.082480000,127.260960000,751.000000,1803.607248,5245.809481,3442.202233,190.850987,2.381628,33.118954,25.628035,32.995700,16.097290,26.959995,33.118954,38.096760000,127.263985000,38.096760000,127.263985000,38.097004000,127.263820000,38.097300314,127.263786096,38.096947000,127.264244000,38.097150952,127.264379704,38.096523000,127.264145000,38.096227068,127.264166276,38.096577000,127.263725000,38.096456580,127.263623270
351,351,825297923380,70.202,2.000000,38.082546000,127.260925000,751.000000,1878.851072,6231.548576,4352.697504,231.668043,5.772614,33.914474,26.127092,53.953353,28.391325,35.596561,53.953353,38.096718000,127.264700000,38.096718000,127.264700000,38.096966000,127.264540000,38.097270583,127.264531349,38.096920000,127.264980000,38.097125755,127.265123485,38.096474000,127.264850000,38.095991018,127.264798622,38.096542000,127.264435000,38.096312104,127.264294675
352,352,825297923584,70.406,2.000000,38.082680000,127.260840000,751.000000,1752.832178,5117.001602,3364.169424,191.927640,2.078582,32.509037,24.929532,32.826085,16.310577,26.643808,32.826085,38.096780000,127.264010000,38.096780000,127.264010000,38.097020000,127.263850000,38.097310985,127.263818583,38.096962000,127.264270000,38.097159301,127.264404622,38.096546000,127.264170000,38.096251296,127.264183013,38.096600000,127.263756000,38.096480850,127.263647644
353,353,825297923772,70.594,2.000000,38.082680000,127.260840000,751.000000,1752.832178,5117.001602,3364.169424,191.927640,2.078582,32.509037,24.929532,32.826085,16.310577,26.643808,32.826085,38.096780000,127.264010000,38.096780000,127.264010000,38.097020000,127.263850000,38.097310985,127.263818583,38.096962000,127.264270000,38.097159301,127.264404622,38.096546000,127.264170000,38.096251296,127.264183013,38.096600000,127.263756000,38.096480850,127.263647644
354,354,825297923976,70.798,2.000000,38.082745000,127.260800000,751.000000,1748.706061,4466.444912,2717.738852,155.414275,3.369406,25.373461,22.531995,21.538611,13.859745,20.825953,25.373461,38.096820000,127.263310000,38.096820000,127.263310000,38.097054000,127.263140000,38.097277900,127.263085750,38.097008000,127.263565000,38.097188593,127.263681151,38.096596000,127.263480000,38.096406084,127.263527005,38.096620000,127.263070000,38.096526442,127.262965615
355,355,825297924179,71.001,2.000000,38.082880000,127.260720000,751.000000,1761.846499,3767.514575,2005.668076,113.838980,0.082064,14.538039,15.339006,15.040420,13.797572,14.678759,15.339006,38.096844000,127.262060000,38.096844000,127.262060000,38.097095000,127.261880000,38.097207747,127.261796251,38.097042000,127.262290000,38.097156051,127.262388257,38.096615000,127.262245000,38.096490760,127.262312470,38.096657000,127.261830000,38.096552613,127.261745083
356,356,825297924382,71.204,2.000000,38.082880000,127.260720000,751.000000,1761.846499,3767.514575,2005.668076,113.838980,0.082064,14.538039,15.339006,15.040420,13.797572,14.678759,15.339006,38.096844000,127.262060000,38.096844000,127.262060000,38.097095000,127.261880000,38.097207747,127.261796251,38.097042000,127.262290000,38.097156051,127.262388257,38.096615000,127.262245000,38.096490760,127.262312470,38.096657000,127.261830000,38.096552613,127.261745083
357,357,825297924582,71.404,2.000000,38.082943000,127.260680000,751.000000,1845.663489,3772.354021,1926.690532,104.390131,0.646880,12.911724,14.197098,14.096482,14.453220,13.914631,14.453220,38.096950000,127.261314000,38.096950000,127.261314000,38.097200000,127.261110000,38.097298214,127.261031594,38.097150000,127.261536000,38.097256317,127.261625508,38.096710000,127.261505000,38.096599722,127.261584092,38.096745000,127.261090000,38.096630060,127.261013273
358,358,825297924785,71.607,2.000000,38.083010000,127.260635000,751.000000,1959.881917,3897.401295,1937.519378,98.858985,1.474769,13.077308,16.426422,11.669775,12.645427,13.454733,16.426422,38.097076000,127.260630000,38.097076000,127.260630000,38.097347000,127.260414000,38.097444304,127.260330360,38.097275000,127.260840000,38.097405059,127.260928575,38.096806000,127.260830000,38.096726405,127.260916689,38.096855000,127.260420000,38.096758984,127.260342864
359,359,825297924972,71.794,2.000000,38.083010000,127.260635000,751.000000,1959.881917,3897.401295,1937.519378,98.858985,1.474769,13.077308,16.426422,11.669775,12.645427,13.454733,16.426422,38.097076000,127.260630000,38.097076000,127.260630000,38.097347000,127.260414000,38.097444304,127.260330360,38.097275000,127.260840000,38.097405059,127.260928575,38.096806000,127.260830000,38.096726405,127.260916689,38.096855000,127.260420000,38.096758984,127.260342864
360,360,825297925175,71.997,2.000000,38.083140000,127.260560000,751.000000,1999.658193,4131.061388,2131.403195,106.588376,0.464891,15.318865,15.293558,12.797328,15.792233,14.800496,15.792233,38.097527000,127.260900000,38.097527000,127.260900000,38.097810000,127.260690000,38.097929648,127.260603617,38.097740000,127.261120000,38.097856582,127.261212361,38.097260000,127.261100000,38.097165772,127.261183684,38.097330000,127.260680000,38.097203056,127.260599525
361,361,825297925380,72.202,2.000000,38.083210000,127.260510000,751.000000,1848.017178,3933.391565,2085.374387,112.843885,1.615746,14.440079,18.497154,13.553764,13.228231,14.929807,18.497154,38.097393000,127.261650000,38.097393000,127.261650000,38.097652000,127.261460000,38.097764319,127.261377540,38.097584000,127.261880000,38.097730613,127.261979365,38.097145000,127.261830000,38.097041550,127.261911588,38.097190000,127.261420000,38.097091524,127.261335487
362,362,825297925582,72.404,2.000000,38.083275000,127.260475000,751.000000,1740.503160,4044.880725,2304.377566,132.397207,1.173341,15.839084,16.808978,19.966912,16.537097,17.288018,19.966912,38.097286000,127.262330000,38.097286000,127.262330000,38.097534000,127.262150000,38.097664889,127.262079102,38.097480000,127.262570000,38.097607196,127.262673401,38.097054000,127.262505000,38.096880732,127.262563922,38.097110000,127.262100000,38.096983426,127.262001182
363,363,825297925785,72.607,2.000000,38.083275000,127.260475000,751.000000,1740.503160,4044.880725,2304.377566,132.397207,1.173341,15.839084,16.808978,19.966912,16.537097,17.288018,19.966912,38.097286000,127.262330000,38.097286000,127.262330000,38.097534000,127.262150000,38.097664889,127.262079102,38.097480000,127.262570000,38.097607196,127.262673401,38.097054000,127.262505000,38.096880732,127.262563922,38.097110000,127.262100000,38.096983426,127.262001182
364,364,825297925972,72.794,2.000000,38.083410000,127.260390000,751.000000,1735.688789,4494.386352,2758.697563,158.939643,1.440175,21.149841,20.020874,27.361522,18.453608,21.746462,27.361522,38.097153000,127.263664000,38.097153000,127.263664000,38.097390000,127.263504000,38.097577066,127.263461791,38.097340000,127.263920000,38.097489347,127.264047335,38.096924000,127.263820000,38.096678648,127.263838706,38.096973000,127.263405000,38.096830253,127.263297901
365,365,825297926191,73.013,2.000000,38.083473000,127.260350000,751.000000,1753.828610,4823.007309,3069.178700,174.998782,0.829619,26.824429,21.009902,30.698312,19.492065,24.506177,30.698312,38.097115000,127.264360000,38.097115000,127.264360000,38.097355000,127.264210000,38.097595642,127.264194079,38.097300000,127.264630000,38.097455208,127.264766455,38.096878000,127.264496000,38.096602242,127.264499002,38.096943000,127.264090000,38.096793665,127.263973821
366,366,825297926401,73.223,2.000000,38.083607000,127.260270000,751.000000,1721.046669,4267.258635,2546.211965,147.945550,1.846725,19.076926,17.406077,23.550797,18.839661,19.718365,23.550797,38.097332000,127.263440000,38.097332000,127.263440000,38.097572000,127.263290000,38.097737081,127.263231544,38.097520000,127.263700000,38.097647626,127.263814789,38.097103000,127.263600000,38.096892439,127.263626099,38.097153000,127.263190000,38.097009014,127.263076984
367,367,825297926583,73.405,2.000000,38.083607000,127.260270000,751.000000,1721.046669,4267.258635,2546.211965,147.945550,1.846725,19.076926,17.406077,23.550797,18.839661,19.718365,23.550797,38.097332000,127.263440000,38.097332000,127.263440000,38.097572000,127.263290000,38.097737081,127.263231544,38.097520000,127.263700000,38.097647626,127.263814789,38.097103000,127.263600000,38.096892439,127.263626099,38.097153000,127.263190000,38.097009014,127.263076984
368,368,825297926773,73.595,2.000000,38.083670000,127.260220000,751.000000,1700.341589,3988.311837,2287.970248,134.559448,1.177878,16.632442,16.354351,21.123870,15.838552,17.487304,21.123870,38.097393000,127.262770000,38.097393000,127.262770000,38.097633000,127.262600000,38.097775394,127.262542499,38.097580000,127.263016000,38.097699129,127.263125251,38.097164000,127.262930000,38.096978020,127.262977884,38.097214000,127.262530000,38.097096153,127.262428696
369,369,825297926979,73.801,2.000000,38.083794000,127.260150000,751.000000,1726.306933,3719.069155,1992.762222,115.434989,2.607373,15.297869,18.936295,11.988459,12.849755,14.768094,18.936295,38.097580000,127.261390000,38.097580000,127.261390000,38.097828000,127.261210000,38.097949263,127.261127840,38.097750000,127.261620000,38.097903121,127.261714157,38.097330000,127.261566000,38.097240806,127.261642692,38.097385000,127.261170000,38.097293498,127.261080582
370,370,825297927182,74.004,2.000000,38.083794000,127.260150000,751.000000,1726.306933,3719.069155,1992.762222,115.434989,2.607373,15.297869,18.936295,11.988459,12.849755,14.768094,18.936295,38.097580000,127.261390000,38.097580000,127.261390000,38.097828000,127.261210000,38.097949263,127.261127840,38.097750000,127.261620000,38.097903121,127.261714157,38.097330000,127.261566000,38.097240806,127.261642692,38.097385000,127.261170000,38.097293498,127.261080582
371,371,825297927385,74.207,2.000000,38.083860000,127.260110000,751.000000,1852.056177,3753.369963,1901.313786,102.659617,0.122867,12.437155,14.857493,12.381259,14.965618,13.660381,14.965618,38.097713000,127.260720000,38.097713000,127.260720000,38.097990000,127.260520000,38.098082523,127.260440421,38.097900000,127.260940000,38.098014085,127.261028019,38.097450000,127.260910000,38.097356915,127.260987354,38.097527000,127.260506000,38.097409572,127.260422825
372,372,825297927573,74.395,2.000000,38.083860000,127.260110000,751.000000,1852.056177,3753.369963,1901.313786,102.659617,0.122867,12.437155,14.857493,12.381259,14.965618,13.660381,14.965618,38.097713000,127.260720000,38.097713000,127.260720000,38.097990000,127.260520000,38.098082523,127.260440421,38.097900000,127.260940000,38.098014085,127.261028019,38.097450000,127.260910000,38.097356915,127.260987354,38.097527000,127.260506000,38.097409572,127.260422825
373,373,825297927775,74.597,2.000000,38.083992000,127.260025000,751.000000,2115.008581,4136.305113,2021.296532,95.569188,1.103492,10.904882,18.976368,9.251027,16.307672,13.859987,18.976368,38.098430000,127.260030000,38.098430000,127.260030000,38.098730000,127.259820000,38.098792466,127.259724111,38.098637000,127.260254000,38.098794721,127.260336190,38.098137000,127.260240000,38.098085857,127.260323236,38.098217000,127.259820000,38.098086060,127.259736524
374,374,825297927977,74.799,2.000000,38.084057000,127.259990000,751.000000,2004.027337,3972.043806,1968.016469,98.203075,0.283422,10.747421,16.513930,12.701288,15.056063,13.754676,16.513930,38.098230000,127.260710000,38.098230000,127.260710000,38.098534000,127.260510000,38.098605325,127.260427317,38.098420000,127.260940000,38.098551457,127.261027355,38.097950000,127.260900000,38.097854547,127.260979427,38.098040000,127.260490000,38.097922521,127.260404838
375,375,825297928179,75.001,2.000000,38.084190000,127.259900000,750.000000,1748.776541,3852.150265,2103.373724,120.276872,0.224938,14.611935,17.471134,13.243972,17.480747,15.701947,17.480747,38.097950000,127.261910000,38.097950000,127.261910000,38.098213000,127.261740000,38.098331645,127.261668648,38.098140000,127.262150000,38.098273775,127.262254295,38.097706000,127.262080000,38.097597953,127.262143284,38.097786000,127.261680000,38.097649488,127.261581378
376,376,825297928383,75.205,2.000000,38.084190000,127.259900000,750.000000,1748.776541,3852.150265,2103.373724,120.276872,0.224938,14.611935,17.471134,13.243972,17.480747,15.701947,17.480747,38.097950000,127.261910000,38.097950000,127.261910000,38.098213000,127.261740000,38.098331645,127.261668648,38.098140000,127.262150000,38.098273775,127.262254295,38.097706000,127.262080000,38.097597953,127.262143284,38.097786000,127.261680000,38.097649488,127.261581378
377,377,825297928586,75.408,2.000000,38.084255000,127.259865000,750.000000,1713.084942,3848.898349,2135.813407,124.676445,1.593016,16.757823,18.523926,14.288789,14.718651,16.072297,18.523926,38.097920000,127.262560000,38.097920000,127.262560000,38.098167000,127.262405000,38.098308083,127.262338274,38.098090000,127.262810000,38.098232238,127.262919742,38.097675000,127.262720000,38.097553722,127.262773425,38.097740000,127.262320000,38.097635022,127.262217854
378,378,825297928773,75.595,2.000000,38.084255000,127.259865000,750.000000,1713.084942,3848.898349,2135.813407,124.676445,1.593016,16.757823,18.523926,14.288789,14.718651,16.072297,18.523926,38.097920000,127.262560000,38.097920000,127.262560000,38.098167000,127.262405000,38.098308083,127.262338274,38.098090000,127.262810000,38.098232238,127.262919742,38.097675000,127.262720000,38.097553722,127.262773425,38.097740000,127.262320000,38.097635022,127.262217854
379,379,825297928976,75.798,2.000000,38.084390000,127.259780000,750.000000,1731.787576,3951.905213,2220.117637,128.198035,0.374247,17.166833,16.036206,18.578759,15.138137,16.729984,18.578759,38.097786000,127.263985000,38.097786000,127.263985000,38.098040000,127.263855000,38.098189853,127.263808735,38.097965000,127.264260000,38.098074744,127.264378581,38.097550000,127.264120000,38.097384638,127.264148686,38.097614000,127.263725000,38.097513087,127.263609167
380,380,825297929180,76.002,2.000000,38.084454000,127.259740000,750.000000,1770.598284,4034.766161,2264.167877,127.875865,0.560666,18.509995,16.345423,16.156658,16.130602,16.785669,18.509995,38.098083000,127.263596000,38.098083000,127.263596000,38.098335000,127.263460000,38.098496208,127.263408222,38.098274000,127.263870000,38.098388404,127.263986960,38.097836000,127.263730000,38.097695837,127.263777872,38.097916000,127.263336000,38.097800658,127.263224543
381,381,825297929382,76.204,2.000000,38.084522000,127.259700000,750.000000,1754.096330,3924.438969,2170.342639,123.729957,0.370374,14.660170,18.004843,16.172079,16.365232,16.300581,18.004843,38.098150000,127.262924000,38.098150000,127.262924000,38.098415000,127.262770000,38.098539604,127.262715829,38.098324000,127.263176000,38.098455020,127.263296509,38.097908000,127.263070000,38.097768438,127.263121265,38.097980000,127.262670000,38.097857318,127.262567067
382,382,825297929585,76.407,2.000000,38.084522000,127.259700000,750.000000,1754.096330,3924.438969,2170.342639,123.729957,0.370374,14.660170,18.004843,16.172079,16.365232,16.300581,18.004843,38.098150000,127.262924000,38.098150000,127.262924000,38.098415000,127.262770000,38.098539604,127.262715829,38.098324000,127.263176000,38.098455020,127.263296509,38.097908000,127.263070000,38.097768438,127.263121265,38.097980000,127.262670000,38.097857318,127.262567067
383,383,825297929771,76.593,2.000000,38.084652000,127.259610000,750.000000,1740.088646,3818.882437,2078.793791,119.464821,0.438529,12.806437,19.228792,12.603732,17.264011,15.475743,19.228792,38.098312000,127.261540000,38.098312000,127.261540000,38.098590000,127.261375000,38.098687848,127.261298119,38.098488000,127.261770000,38.098637060,127.261880915,38.098053000,127.261700000,38.097955036,127.261772131,38.098150000,127.261310000,38.098014070,127.261215124
384,384,825297929975,76.797,2.000000,38.084720000,127.259575000,750.000000,1804.106029,3753.762845,1949.656816,108.067751,1.474563,12.200869,19.182765,11.237974,14.585191,14.301700,19.182765,38.098480000,127.260890000,38.098480000,127.260890000,38.098770000,127.260710000,38.098860306,127.260631076,38.098648000,127.261116000,38.098801508,127.261215491,38.098206000,127.261060000,38.098126333,127.261138790,38.098316000,127.260666000,38.098203772,127.260580084
385,385,825297930178,77.000,2.000000,38.084720000,127.259575000,750.000000,1804.106029,3753.762845,1949.656816,108.067751,1.474563,12.200869,19.182765,11.237974,14.585191,14.301700,19.182765,38.098480000,127.260890000,38.098480000,127.260890000,38.098770000,127.260710000,38.098860306,127.260631076,38.098648000,127.261116000,38.098801508,127.261215491,38.098206000,127.261060000,38.098126333,127.261138790,38.098316000,127.260666000,38.098203772,127.260580084
386,386,825297930381,77.203,2.000000,38.084854000,127.259490000,750.000000,1991.768460,4120.954560,2129.186100,106.899278,2.500395,13.528780,21.024014,8.828363,17.351692,15.183212,21.024014,38.098970000,127.259620000,38.098970000,127.259620000,38.099262000,127.259410000,38.099362331,127.259322851,38.099155000,127.259834000,38.099330242,127.259923486,38.098667000,127.259820000,38.098623508,127.259904271,38.098774000,127.259410000,38.098631644,127.259329320
387,387,825297930582,77.404,2.000000,38.084920000,127.259450000,750.000000,2096.307671,4496.456984,2400.149313,114.494134,1.161289,13.190731,22.593591,10.459499,20.601893,16.711429,22.593591,38.099335000,127.259720000,38.099335000,127.259720000,38.099660000,127.259514000,38.099753274,127.259421133,38.099530000,127.259940000,38.099719204,127.260033340,38.099030000,127.259926000,38.098959791,127.260005348,38.099144000,127.259510000,38.098972788,127.259420710
388,388,825297930789,77.611,2.000000,38.085052000,127.259370000,750.000000,1905.831767,3967.050481,2061.218714,108.153235,1.644628,11.776259,21.424512,10.955317,16.242204,15.099573,21.424512,38.098910000,127.261070000,38.098910000,127.261070000,38.099210000,127.260895000,38.099297503,127.260819455,38.099075000,127.261300000,38.099247159,127.261409326,38.098620000,127.261230000,38.098544588,127.261310351,38.098736000,127.260830000,38.098605495,127.260747090
389,389,825297930973,77.795,2.000000,38.085052000,127.259370000,750.000000,1905.831767,3967.050481,2061.218714,108.153235,1.644628,11.776259,21.424512,10.955317,16.242204,15.099573,21.424512,38.098910000,127.261070000,38.098910000,127.261070000,38.099210000,127.260895000,38.099297503,127.260819455,38.099075000,127.261300000,38.099247159,127.261409326,38.098620000,127.261230000,38.098544588,127.261310351,38.098736000,127.260830000,38.098605495,127.260747090
390,390,825297931176,77.998,2.000000,38.085117000,127.259330000,750.000000,1782.800507,3897.790214,2114.989707,118.632999,0.526642,12.604272,18.143105,13.044197,18.634457,15.606508,18.634457,38.098780000,127.261696000,38.098780000,127.261696000,38.099068000,127.261540000,38.099165028,127.261465843,38.098960000,127.261940000,38.099099063,127.262048010,38.098520000,127.261856000,38.098412968,127.261916609,38.098618000,127.261470000,38.098475202,127.261359000
391,391,825297931385,78.207,2.000000,38.085117000,127.259330000,750.000000,1782.800507,3897.790214,2114.989707,118.632999,0.526642,12.604272,18.143105,13.044197,18.634457,15.606508,18.634457,38.098780000,127.261696000,38.098780000,127.261696000,38.099068000,127.261540000,38.099165028,127.261465843,38.098960000,127.261940000,38.099099063,127.262048010,38.098520000,127.261856000,38.098412968,127.261916609,38.098618000,127.261470000,38.098475202,127.261359000
392,392,825297931587,78.409,2.000000,38.085250000,127.259254000,750.000000,1706.604957,3784.486380,2077.881423,121.755267,0.415102,15.715656,15.355903,14.975745,16.828930,15.719058,16.828930,38.098537000,127.263016000,38.098537000,127.263016000,38.098804000,127.262886000,38.098938519,127.262831563,38.098717000,127.263280000,38.098821576,127.263394313,38.098293000,127.263150000,38.098163324,127.263195504,38.098390000,127.262764000,38.098266147,127.262653843
393,393,825297931783,78.605,2.000000,38.085316000,127.259210000,750.000000,1793.805542,3817.208744,2023.403202,112.799473,0.285801,15.190832,14.435287,15.747777,14.097237,14.867783,15.747777,38.098580000,127.263466000,38.098580000,127.263466000,38.098846000,127.263336000,38.098978108,127.263292550,38.098770000,127.263740000,38.098861088,127.263857282,38.098335000,127.263590000,38.098197372,127.263631580,38.098408000,127.263200000,38.098314041,127.263092110
394,394,825297931972,78.794,2.000000,38.085316000,127.259210000,750.000000,1793.805542,3817.208744,2023.403202,112.799473,0.285801,15.190832,14.435287,15.747777,14.097237,14.867783,15.747777,38.098580000,127.263466000,38.098580000,127.263466000,38.098846000,127.263336000,38.098978108,127.263292550,38.098770000,127.263740000,38.098861088,127.263857282,38.098335000,127.263590000,38.098197372,127.263631580,38.098408000,127.263200000,38.098314041,127.263092110
395,395,825297932174,78.996,2.000000,38.085450000,127.259130000,750.000000,1751.737975,3893.489168,2141.751194,122.264358,0.954809,12.784689,17.760269,14.655992,18.463793,15.916186,18.463793,38.098896000,127.262450000,38.098896000,127.262450000,38.099186000,127.262314000,38.099288857,127.262249078,38.099070000,127.262700000,38.099197284,127.262822233,38.098637000,127.262590000,38.098511360,127.262640000,38.098743000,127.262210000,38.098605051,127.262092977
396,396,825297932377,79.199,2.000000,38.085518000,127.259090000,750.000000,1796.353816,3847.395051,2051.041235,114.178021,0.565092,12.187389,18.928728,12.371323,17.398196,15.221409,18.928728,38.099052000,127.261800000,38.099052000,127.261800000,38.099342000,127.261660000,38.099431584,127.261580025,38.099220000,127.262050000,38.099366749,127.262159151,38.098785000,127.261955000,38.098682470,127.262009482,38.098885000,127.261566000,38.098754420,127.261456867
397,397,825297932580,79.402,2.000000,38.085518000,127.259090000,750.000000,1796.353816,3847.395051,2051.041235,114.178021,0.565092,12.187389,18.928728,12.371323,17.398196,15.221409,18.928728,38.099052000,127.261800000,38.099052000,127.261800000,38.099342000,127.261660000,38.099431584,127.261580025,38.099220000,127.262050000,38.099366749,127.262159151,38.098785000,127.261955000,38.098682470,127.262009482,38.098885000,127.261566000,38.098754420,127.261456867
398,398,825297932783,79.605,2.000000,38.085650000,127.259010000,750.000000,1902.089340,3945.127524,2043.038185,107.410212,0.217074,10.722729,19.190847,10.521742,18.866298,14.825404,19.190847,38.099384000,127.260510000,38.099384000,127.260510000,38.099697000,127.260340000,38.099767416,127.260256479,38.099556000,127.260740000,38.099709174,127.260840522,38.099087000,127.260680000,38.099011110,127.260751596,38.099216000,127.260290000,38.099064888,127.260192490
399,399,825297932972,79.794,2.000000,38.085716000,127.258970000,750.000000,1946.961839,4072.033884,2125.072045,109.148110,0.580206,12.024966,19.788752,11.702371,17.819647,15.333934,19.788752,38.099583000,127.259860000,38.099583000,127.259860000,38.099895000,127.259670000,38.099981994,127.259588624,38.099777000,127.260080000,38.099936696,127.260179231,38.099304000,127.260040000,38.099219954,127.260120242,38.099407000,127.259636000,38.099260039,127.259555361
400,400,825297933176,79.998,2.000000,38.085716000,127.258970000,750.000000,1946.961839,4072.033884,2125.072045,109.148110,0.580206,12.024966,19.788752,11.702371,17.819647,15.333934,19.788752,38.099583000,127.259860000,38.099583000,127.259860000,38.099895000,127.259670000,38.099981994,127.259588624,38.099777000,127.260080000,38.099936696,127.260179231,38.099304000,127.260040000,38.099219954,127.260120242,38.099407000,127.259636000,38.099260039,127.259555361
401,401,825297933378,80.200,2.000000,38.085850000,127.258890000,750.000000,2298.218124,4262.069480,1963.851356,85.451043,1.101239,8.914792,16.280321,9.206001,18.987887,13.347250,18.987887,38.100290000,127.259285000,38.100290000,127.259285000,38.100630000,127.259080000,38.100665575,127.258988826,38.100517000,127.259514000,38.100646231,127.259601007,38.099968000,127.259480000,38.099923045,127.259568207,38.100090000,127.259060000,38.099930863,127.258981975
402,402,825297933581,80.403,2.000000,38.085915000,127.258850000,750.000000,2155.616003,4211.306416,2055.690413,95.364407,1.283146,10.020687,20.596567,9.461700,16.161424,14.060095,20.596567,38.100070000,127.259960000,38.100070000,127.259960000,38.100395000,127.259770000,38.100457868,127.259688130,38.100258000,127.260190000,38.100425420,127.260290090,38.099747000,127.260140000,38.099689006,127.260218961,38.099860000,127.259735000,38.099733518,127.259644430
403,403,825297933784,80.606,2.000000,38.085915000,127.258850000,750.000000,2155.616003,4211.306416,2055.690413,95.364407,1.283146,10.020687,20.596567,9.461700,16.161424,14.060095,20.596567,38.100070000,127.259960000,38.100070000,127.259960000,38.100395000,127.259770000,38.100457868,127.259688130,38.100258000,127.260190000,38.100425420,127.260290090,38.099747000,127.260140000,38.099689006,127.260218961,38.099860000,127.259735000,38.099733518,127.259644430
404,404,825297933972,80.794,2.000000,38.086050000,127.258766000,750.000000,1898.396299,4026.293960,2127.897660,112.089223,2.381306,13.429304,21.834746,10.528634,16.571535,15.591055,21.834746,38.099648000,127.261180000,38.099648000,127.261180000,38.099953000,127.261024000,38.100061442,127.260956834,38.099820000,127.261420000,38.099992901,127.261537694,38.099354000,127.261320000,38.099282324,127.261398416,38.099476000,127.260940000,38.099348046,127.260843319
405,405,825297934174,80.996,2.000000,38.086117000,127.258730000,750.000000,1791.745154,3851.029417,2059.284263,114.931761,0.678092,14.240579,17.344028,11.514083,17.591894,15.172646,17.591894,38.099487000,127.261826000,38.099487000,127.261826000,38.099780000,127.261690000,38.099897333,127.261625232,38.099667000,127.262080000,38.099795101,127.262192696,38.099213000,127.261960000,38.099122884,127.262024514,38.099335000,127.261590000,38.099204047,127.261477591
406,406,825297934379,81.201,2.000000,38.086117000,127.258730000,750.000000,1791.745154,3851.029417,2059.284263,114.931761,0.678092,14.240579,17.344028,11.514083,17.591894,15.172646,17.591894,38.099487000,127.261826000,38.099487000,127.261826000,38.099780000,127.261690000,38.099897333,127.261625232,38.099667000,127.262080000,38.099795101,127.262192696,38.099213000,127.261960000,38.099122884,127.262024514,38.099335000,127.261590000,38.099204047,127.261477591
407,407,825297934582,81.404,2.000000,38.086250000,127.258650000,750.000000,1794.482015,3651.826950,1857.344935,103.503123,0.889619,13.218357,12.912841,14.202946,14.224314,13.639615,14.224314,38.099228000,127.263120000,38.099228000,127.263120000,38.099510000,127.263010000,38.099621255,127.262957268,38.099407000,127.263400000,38.099486813,127.263506965,38.098972000,127.263240000,38.098847309,127.263274348,38.099070000,127.262860000,38.098977562,127.262747895
408,408,825297934771,81.593,2.000000,38.086315000,127.258606000,750.000000,1941.968849,3793.390541,1851.421692,95.337353,1.237874,11.771600,12.485206,12.197754,15.899242,13.088451,15.899242,38.099586000,127.262760000,38.099586000,127.262760000,38.099888000,127.262640000,38.099984106,127.262583946,38.099785000,127.263040000,38.099859899,127.263146084,38.099310000,127.262880000,38.099207569,127.262929452,38.099426000,127.262500000,38.099314237,127.262386996
409,409,825297934973,81.795,2.000000,38.086315000,127.258606000,750.000000,1941.968849,3793.390541,1851.421692,95.337353,1.237874,11.771600,12.485206,12.197754,15.899242,13.088451,15.899242,38.099586000,127.262760000,38.099586000,127.262760000,38.099888000,127.262640000,38.099984106,127.262583946,38.099785000,127.263040000,38.099859899,127.263146084,38.099310000,127.262880000,38.099207569,127.262929452,38.099426000,127.262500000,38.099314237,127.262386996
410,410,825297935179,82.001,2.000000,38.086450000,127.258530000,750.000000,1941.375214,3969.826199,2028.450984,104.485262,1.618952,9.947116,17.033566,11.211501,20.655612,14.711949,20.655612,38.099907000,127.261500000,38.099907000,127.261500000,38.100224000,127.261360000,38.100293827,127.261289147,38.100090000,127.261750000,38.100213985,127.261863952,38.099600000,127.261635000,38.099511355,127.261695751,38.099754000,127.261260000,38.099591097,127.261147109
411,411,825297935382,82.204,2.000000,38.086517000,127.258490000,750.000000,1947.717303,3882.106666,1934.389364,99.315715,0.935740,9.427509,16.912804,10.554708,18.232567,13.781897,18.232567,38.100143000,127.260730000,38.100143000,127.260730000,38.100464000,127.260574000,38.100522881,127.260496649,38.100327000,127.260970000,38.100453643,127.261076656,38.099840000,127.260880000,38.099763093,127.260950468,38.099980000,127.260500000,38.099837885,127.260396535
412,412,825297935585,82.407,2.000000,38.086517000,127.258490000,750.000000,1947.717303,3882.106666,1934.389364,99.315715,0.935740,9.427509,16.912804,10.554708,18.232567,13.781897,18.232567,38.100143000,127.260730000,38.100143000,127.260730000,38.100464000,127.260574000,38.100522881,127.260496649,38.100327000,127.260970000,38.100453643,127.261076656,38.099840000,127.260880000,38.099763093,127.260950468,38.099980000,127.260500000,38.099837885,127.260396535
413,413,825297935771,82.593,2.000000,38.086650000,127.258410000,750.000000,2056.327981,3813.661139,1757.333157,85.459770,0.680469,8.171047,17.574527,8.983026,14.394213,12.280703,17.574527,38.100624000,127.259415000,38.100624000,127.259415000,38.100940000,127.259224000,38.100975121,127.259142094,38.100810000,127.259636000,38.100946716,127.259736327,38.100320000,127.259590000,38.100276148,127.259676082,38.100420000,127.259186000,38.100307059,127.259105991
414,414,825297935974,82.796,2.000000,38.086716000,127.258370000,750.000000,2183.586812,4010.394246,1826.807434,83.660857,0.596393,10.038917,15.700355,8.757523,14.438116,12.233728,15.700355,38.100952000,127.258830000,38.100952000,127.258830000,38.101280000,127.258630000,38.101335275,127.258539451,38.101177000,127.259056000,38.101300001,127.259143698,38.100655000,127.259026000,38.100611285,127.259109117,38.100750000,127.258610000,38.100636867,127.258529400
415,415,825297936176,82.998,2.000000,38.086716000,127.258370000,750.000000,2183.586812,4010.394246,1826.807434,83.660857,0.596393,10.038917,15.700355,8.757523,14.438116,12.233728,15.700355,38.100952000,127.258830000,38.100952000,127.258830000,38.101280000,127.258630000,38.101335275,127.258539451,38.101177000,127.259056000,38.101300001,127.259143698,38.100655000,127.259026000,38.100611285,127.259109117,38.100750000,127.258610000,38.100636867,127.258529400
416,416,825297936378,83.200,2.000000,38.086838000,127.258290000,750.000000,2208.806893,3972.760366,1763.953473,79.860013,0.822653,9.328399,15.676737,7.625614,14.940409,11.892790,15.676737,38.101032000,127.259720000,38.101032000,127.259720000,38.101364000,127.259540000,38.101414561,127.259455079,38.101227000,127.259960000,38.101346580,127.260054523,38.100700000,127.259895000,38.100671988,127.259974440,38.100830000,127.259490000,38.100717297,127.259397391
417,417,825297936582,83.404,2.000000,38.086906000,127.258255000,750.000000,2132.873439,3679.538245,1546.664806,72.515545,0.367858,7.789104,13.981124,6.895009,15.066781,10.933005,15.066781,38.100792000,127.260380000,38.100792000,127.260380000,38.101128000,127.260220000,38.101149088,127.260135218,38.100990000,127.260630000,38.101090855,127.260725114,38.100468000,127.260540000,38.100450895,127.260615649,38.100613000,127.260150000,38.100503971,127.260048088
418,418,825297936786,83.608,2.000000,38.086906000,127.258255000,750.000000,2132.873439,3679.538245,1546.664806,72.515545,0.367858,7.789104,13.981124,6.895009,15.066781,10.933005,15.066781,38.100792000,127.260380000,38.100792000,127.260380000,38.101128000,127.260220000,38.101149088,127.260135218,38.100990000,127.260630000,38.101090855,127.260725114,38.100468000,127.260540000,38.100450895,127.260615649,38.100613000,127.260150000,38.100503971,127.260048088
419,419,825297936975,83.797,2.000000,38.087040000,127.258180000,750.000000,1962.522968,3676.787513,1714.264546,87.350037,2.002746,8.022872,14.651265,9.876457,16.721672,12.318066,16.721672,38.100410000,127.261540000,38.100410000,127.261540000,38.100746000,127.261420000,38.100771915,127.261334541,38.100590000,127.261800000,38.100691021,127.261907206,38.100113000,127.261670000,38.100038399,127.261731026,38.100246000,127.261300000,38.100126533,127.261184286
420,420,825297937186,84.008,2.000000,38.087105000,127.258140000,750.000000,1936.442188,3684.231315,1747.789127,90.257749,1.191718,9.453260,13.593650,11.070341,15.071168,12.297105,15.071168,38.100224000,127.262180000,38.100224000,127.262180000,38.100544000,127.262070000,38.100609698,127.262001625,38.100410000,127.262450000,38.100495622,127.262560641,38.099930000,127.262290000,38.099841080,127.262346585,38.100070000,127.261925000,38.099965617,127.261815437
421,421,825297937378,84.200,2.000000,38.087105000,127.258140000,750.000000,1936.442188,3684.231315,1747.789127,90.257749,1.191718,9.453260,13.593650,11.070341,15.071168,12.297105,15.071168,38.100224000,127.262180000,38.100224000,127.262180000,38.100544000,127.262070000,38.100609698,127.262001625,38.100410000,127.262450000,38.100495622,127.262560641,38.099930000,127.262290000,38.099841080,127.262346585,38.100070000,127.261925000,38.099965617,127.261815437
422,422,825297937583,84.405,2.000000,38.087240000,127.258060000,750.000000,2095.298367,3720.298297,1624.999930,77.554584,0.394587,8.129294,13.395189,9.052156,12.620650,10.799322,13.395189,38.100525000,127.262375000,38.100525000,127.262375000,38.100857000,127.262270000,38.100900133,127.262195117,38.100716000,127.262650000,38.100795496,127.262764791,38.100204000,127.262474000,38.100141273,127.262539758,38.100338000,127.262110000,38.100264227,127.262000603
423,423,825297937784,84.606,2.000000,38.087370000,127.257980000,750.000000,2088.207380,3565.120573,1476.913193,70.726366,0.347077,7.153868,13.738470,7.137994,13.606399,10.409183,13.738470,38.100920000,127.261100000,38.100920000,127.261100000,38.101257000,127.260960000,38.101283547,127.260885628,38.101110000,127.261360000,38.101202892,127.261463255,38.100597000,127.261230000,38.100578554,127.261308040,38.100746000,127.260860000,38.100657477,127.260752897
424,424,825297937973,84.795,2.000000,38.087370000,127.257980000,750.000000,2088.207380,3565.120573,1476.913193,70.726366,0.347077,7.153868,13.738470,7.137994,13.606399,10.409183,13.738470,38.100920000,127.261100000,38.100920000,127.261100000,38.101257000,127.260960000,38.101283547,127.260885628,38.101110000,127.261360000,38.101202892,127.261463255,38.100597000,127.261230000,38.100578554,127.261308040,38.100746000,127.260860000,38.100657477,127.260752897
425,425,825297938176,84.998,2.000000,38.087440000,127.257935000,750.000000,2077.083735,3705.462707,1628.378972,78.397368,1.626908,8.218241,17.066400,6.972318,13.542668,11.449907,17.066400,38.101160000,127.260380000,38.101160000,127.260380000,38.101498000,127.260230000,38.101534935,127.260148769,38.101334000,127.260630000,38.101464527,127.260732190,38.100838000,127.260530000,38.100817144,127.260605051,38.100970000,127.260150000,38.100881338,127.260044142
426,426,825297938379,85.201,2.000000,38.087505000,127.257900000,750.000000,2103.650420,3827.901368,1724.250947,81.964709,0.925633,8.609883,13.536364,8.700596,15.801310,11.662038,15.801310,38.101380000,127.259730000,38.101380000,127.259730000,38.101710000,127.259560000,38.101755904,127.259480895,38.101590000,127.259970000,38.101683850,127.260068258,38.101070000,127.259895000,38.101017250,127.259968290,38.101200000,127.259500000,38.101079859,127.259403935
427,427,825297938581,85.403,2.000000,38.087505000,127.257900000,750.000000,2103.650420,3827.901368,1724.250947,81.964709,0.925633,8.609883,13.536364,8.700596,15.801310,11.662038,15.801310,38.101380000,127.259730000,38.101380000,127.259730000,38.101710000,127.259560000,38.101755904,127.259480895,38.101590000,127.259970000,38.101683850,127.260068258,38.101070000,127.259895000,38.101017250,127.259968290,38.101200000,127.259500000,38.101079859,127.259403935
428,428,825297938784,85.606,2.000000,38.087640000,127.257820000,750.000000,2091.689901,3979.025974,1887.336073,90.230204,0.915035,11.321742,16.201162,9.795335,13.900329,12.804642,16.201162,38.101900000,127.258460000,38.101900000,127.258460000,38.102190000,127.258260000,38.102265441,127.258173320,38.102116000,127.258690000,38.102243830,127.258778414,38.101610000,127.258660000,38.101544354,127.258734461,38.101696000,127.258240000,38.101590527,127.258155061
429,429,825297938985,85.807,2.000000,38.087708000,127.257780000,750.000000,2190.659207,4179.178335,1988.519128,90.772637,1.146067,11.000698,17.640471,10.253228,13.865308,13.189926,17.640471,38.102170000,127.258600000,38.102170000,127.258600000,38.102470000,127.258400000,38.102542089,127.258314104,38.102386000,127.258830000,38.102524786,127.258927198,38.101868000,127.258790000,38.101803281,127.258873283,38.101944000,127.258370000,38.101838038,127.258286807
430,430,825297939175,85.997,2.000000,38.087708000,127.257780000,750.000000,2190.659207,4179.178335,1988.519128,90.772637,1.146067,11.000698,17.640471,10.253228,13.865308,13.189926,17.640471,38.102170000,127.258600000,38.102170000,127.258600000,38.102470000,127.258400000,38.102542089,127.258314104,38.102386000,127.258830000,38.102524786,127.258927198,38.101868000,127.258790000,38.101803281,127.258873283,38.101944000,127.258370000,38.101838038,127.258286807
431,431,825297939375,86.197,2.000000,38.087840000,127.257700000,750.000000,2109.441615,3942.319673,1832.878058,86.889253,1.602046,9.835808,17.590044,9.060467,13.188378,12.418674,17.590044,38.101760000,127.259950000,38.101760000,127.259950000,38.102077000,127.259780000,38.102147003,127.259711490,38.101944000,127.260190000,38.102075277,127.260301763,38.101437000,127.260100000,38.101382808,127.260177171,38.101562000,127.259705000,38.101467614,127.259614006
432,432,825297939577,86.399,2.000000,38.087906000,127.257660000,750.000000,2059.665743,3852.638708,1792.972964,87.051648,0.134281,8.754459,15.786473,8.344376,16.803865,12.422293,16.803865,38.101566000,127.260610000,38.101566000,127.260610000,38.101902000,127.260470000,38.101953109,127.260394044,38.101757000,127.260864000,38.101868831,127.260974817,38.101242000,127.260740000,38.101198634,127.260817697,38.101400000,127.260370000,38.101276162,127.260260311
433,433,825297939780,86.602,2.000000,38.087906000,127.257660000,750.000000,2059.665743,3852.638708,1792.972964,87.051648,0.134281,8.754459,15.786473,8.344376,16.803865,12.422293,16.803865,38.101566000,127.260610000,38.101566000,127.260610000,38.101902000,127.260470000,38.101953109,127.260394044,38.101757000,127.260864000,38.101868831,127.260974817,38.101242000,127.260740000,38.101198634,127.260817697,38.101400000,127.260370000,38.101276162,127.260260311
434,434,825297939985,86.807,2.000000,38.088040000,127.257580000,750.000000,2059.189891,3471.780490,1412.590599,68.599336,0.616363,7.611722,12.942888,7.820814,12.318212,10.173409,12.942888,38.101150000,127.261890000,38.101150000,127.261890000,38.101490000,127.261790000,38.101523138,127.261713994,38.101337000,127.262160000,38.101410596,127.262274383,38.100830000,127.261980000,38.100809084,127.262065231,38.100990000,127.261620000,38.100909310,127.261523773
435,435,825297940171,86.993,2.000000,38.088173000,127.257500000,750.000000,2260.252564,3832.180699,1571.928135,69.546570,0.107496,8.408289,12.215140,7.429059,13.138227,10.297679,13.138227,38.101624000,127.262085000,38.101624000,127.262085000,38.101974000,127.261986000,38.102024361,127.261914463,38.101820000,127.262375000,38.101890006,127.262482379,38.101284000,127.262180000,38.101247572,127.262251059,38.101440000,127.261810000,38.101359342,127.261700509
436,436,825297940372,87.194,2.000000,38.088173000,127.257500000,750.000000,2260.252564,3832.180699,1571.928135,69.546570,0.107496,8.408289,12.215140,7.429059,13.138227,10.297679,13.138227,38.101624000,127.262085000,38.101624000,127.262085000,38.101974000,127.261986000,38.102024361,127.261914463,38.101820000,127.262375000,38.101890006,127.262482379,38.101284000,127.262180000,38.101247572,127.262251059,38.101440000,127.261810000,38.101359342,127.261700509
437,437,825297940575,87.397,2.000000,38.088240000,127.257460000,750.000000,2245.375681,3886.817966,1641.442286,73.103236,0.802422,7.366406,13.599057,8.266371,14.496666,10.932125,14.496666,38.101814000,127.261444000,38.101814000,127.261444000,38.102180000,127.261330000,38.102211857,127.261256293,38.102020000,127.261720000,38.102103461,127.261833363,38.101482000,127.261550000,38.101437101,127.261625162,38.101640000,127.261180000,38.101541266,127.261072093
438,438,825297940775,87.597,2.000000,38.088240000,127.257460000,750.000000,2245.375681,3886.817966,1641.442286,73.103236,0.802422,7.366406,13.599057,8.266371,14.496666,10.932125,14.496666,38.101814000,127.261444000,38.101814000,127.261444000,38.102180000,127.261330000,38.102211857,127.261256293,38.102020000,127.261720000,38.102103461,127.261833363,38.101482000,127.261550000,38.101437101,127.261625162,38.101640000,127.261180000,38.101541266,127.261072093
439,439,825297940978,87.800,2.000000,38.088375000,127.257385000,750.000000,2199.567801,3907.671729,1708.103927,77.656344,1.179263,9.924158,14.579922,7.952894,12.995889,11.363216,14.579922,38.102310000,127.260086000,38.102310000,127.260086000,38.102630000,127.259930000,38.102698974,127.259858221,38.102516000,127.260345000,38.102618413,127.260448752,38.101982000,127.260230000,38.101942013,127.260305234,38.102116000,127.259834000,38.102025680,127.259739999
440,440,825297941184,88.006,2.000000,38.088440000,127.257340000,750.000000,2081.774923,3971.856792,1890.081868,90.791845,0.412196,10.392259,16.165573,9.319771,16.229872,13.026869,16.229872,38.102505000,127.259445000,38.102505000,127.259445000,38.102818000,127.259280000,38.102886272,127.259199085,38.102700000,127.259700000,38.102824209,127.259795610,38.102200000,127.259605000,38.102141424,127.259681014,38.102318000,127.259210000,38.102196126,127.259108311
441,441,825297941371,88.193,2.000000,38.088440000,127.257340000,750.000000,2081.774923,3971.856792,1890.081868,90.791845,0.412196,10.392259,16.165573,9.319771,16.229872,13.026869,16.229872,38.102505000,127.259445000,38.102505000,127.259445000,38.102818000,127.259280000,38.102886272,127.259199085,38.102700000,127.259700000,38.102824209,127.259795610,38.102200000,127.259605000,38.102141424,127.259681014,38.102318000,127.259210000,38.102196126,127.259108311
442,442,825297941580,88.402,2.000000,38.088573000,127.257260000,750.000000,2041.685544,4134.085461,2092.399917,102.483946,1.280046,13.360305,18.136447,11.458946,15.112266,14.516991,18.136447,38.102905000,127.258120000,38.102905000,127.258120000,38.103180000,127.257920000,38.103281110,127.257837830,38.103115000,127.258350000,38.103259343,127.258446019,38.102630000,127.258310000,38.102548920,127.258390596,38.102690000,127.257890000,38.102570572,127.257807970
443,443,825297941775,88.597,2.000000,38.088642000,127.257225000,750.000000,2190.138063,4679.420356,2489.282293,113.658693,3.894493,19.682908,21.316708,11.241837,15.757773,16.999807,21.316708,38.103290000,127.258156000,38.103290000,127.258156000,38.103577000,127.257950000,38.103743029,127.257872724,38.103516000,127.258390000,38.103689542,127.258492864,38.102997000,127.258350000,38.102917903,127.258429790,38.103060000,127.257930000,38.102939162,127.257836306
444,444,825297941977,88.799,2.000000,38.088642000,127.257225000,750.000000,2190.138063,4679.420356,2489.282293,113.658693,3.894493,19.682908,21.316708,11.241837,15.757773,16.999807,21.316708,38.103290000,127.258156000,38.103290000,127.258156000,38.103577000,127.257950000,38.103743029,127.257872724,38.103516000,127.258390000,38.103689542,127.258492864,38.102997000,127.258350000,38.102917903,127.258429790,38.103060000,127.257930000,38.102939162,127.257836306
445,445,825297942181,89.003,2.000000,38.088776000,127.257140000,750.000000,2109.504975,4028.364225,1918.859251,90.962537,0.665722,9.934927,15.498764,10.292815,16.021723,12.937057,16.021723,38.102943000,127.259530000,38.102943000,127.259530000,38.103260000,127.259370000,38.103321803,127.259288180,38.103150000,127.259780000,38.103259581,127.259889144,38.102640000,127.259690000,38.102565353,127.259759338,38.102757000,127.259285000,38.102636486,127.259185011
446,446,825297942393,89.215,2.000000,38.088840000,127.257100000,750.000000,2131.802727,3926.866103,1795.063376,84.204010,1.020863,10.384899,15.040503,9.107491,12.883083,11.853994,15.040503,38.102730000,127.260220000,38.102730000,127.260220000,38.103050000,127.260080000,38.103121221,127.260003431,38.102932000,127.260480000,38.103033987,127.260592619,38.102413000,127.260350000,38.102359472,127.260428629,38.102530000,127.259964000,38.102445134,127.259864007
447,447,825297942571,89.393,2.000000,38.088840000,127.257100000,750.000000,2131.802727,3926.866103,1795.063376,84.204010,1.020863,10.384899,15.040503,9.107491,12.883083,11.853994,15.040503,38.102730000,127.260220000,38.102730000,127.260220000,38.103050000,127.260080000,38.103121221,127.260003431,38.102932000,127.260480000,38.103033987,127.260592619,38.102413000,127.260350000,38.102359472,127.260428629,38.102530000,127.259964000,38.102445134,127.259864007
448,448,825297942773,89.595,2.000000,38.088978000,127.257030000,750.000000,2144.432635,3770.840196,1626.407561,75.843257,0.751798,8.481716,14.625973,8.233936,12.314966,10.914148,14.625973,38.102333000,127.261530000,38.102333000,127.261530000,38.102676000,127.261430000,38.102727090,127.261358168,38.102512000,127.261800000,38.102599721,127.261924302,38.102000000,127.261620000,38.101955134,127.261694730,38.102154000,127.261250000,38.102075441,127.261151018
449,449,825297942978,89.800,2.000000,38.089110000,127.256940000,750.000000,2371.093555,3985.986371,1614.892816,68.107512,0.346401,7.928906,12.544763,8.530870,11.911615,10.229038,12.544763,38.102660000,127.261910000,38.102660000,127.261910000,38.103027000,127.261820000,38.103070794,127.261748617,38.102870000,127.262210000,38.102938160,127.262324044,38.102318000,127.261990000,38.102270018,127.262065935,38.102470000,127.261620000,38.102401119,127.261515940
450,450,825297943180,90.002,2.000000,38.089110000,127.256940000,750.000000,2371.093555,3985.986371,1614.892816,68.107512,0.346401,7.928906,12.544763,8.530870,11.911615,10.229038,12.544763,38.102660000,127.261910000,38.102660000,127.261910000,38.103027000,127.261820000,38.103070794,127.261748617,38.102870000,127.262210000,38.102938160,127.262324044,38.102318000,127.261990000,38.102270018,127.262065935,38.102470000,127.261620000,38.102401119,127.261515940
451,451,825297943385,90.207,2.000000,38.089176000,127.256905000,750.000000,2217.161951,3962.881981,1745.720030,78.736694,0.486600,9.450546,14.237311,7.781245,13.622875,11.272994,14.237311,38.102867000,127.261260000,38.102867000,127.261260000,38.103200000,127.261150000,38.103262287,127.261076693,38.103065000,127.261540000,38.103151562,127.261659647,38.102530000,127.261370000,38.102481198,127.261433595,38.102673000,127.260990000,38.102590085,127.260875621
452,452,825297943573,90.395,2.000000,38.089310000,127.256820000,750.000000,2076.820028,3983.442767,1906.622738,91.804909,0.779084,11.427812,15.872349,10.474896,13.832562,12.901905,15.872349,38.103233000,127.259930000,38.103233000,127.259930000,38.103540000,127.259780000,38.103628195,127.259713234,38.103430000,127.260190000,38.103541002,127.260303726,38.102932000,127.260070000,38.102854395,127.260137626,38.103043000,127.259674000,38.102947070,127.259573630
453,453,825297943778,90.600,2.000000,38.089310000,127.256820000,750.000000,2076.820028,3983.442767,1906.622738,91.804909,0.779084,11.427812,15.872349,10.474896,13.832562,12.901905,15.872349,38.103233000,127.259930000,38.103233000,127.259930000,38.103540000,127.259780000,38.103628195,127.259713234,38.103430000,127.260190000,38.103541002,127.260303726,38.102932000,127.260070000,38.102854395,127.260137626,38.103043000,127.259674000,38.102947070,127.259573630
454,454,825297943981,90.803,2.000000,38.089367000,127.256790000,750.000000,1959.618333,3890.015625,1930.397292,98.508840,2.709124,13.338769,18.411957,9.407062,13.296824,13.613653,18.411957,38.103268000,127.259220000,38.103268000,127.259220000,38.103550000,127.259050000,38.103659059,127.258986920,38.103447000,127.259460000,38.103584631,127.259576570,38.102974000,127.259370000,38.102915402,127.259447377,38.103073000,127.258970000,38.102976768,127.258880077
455,455,825297944184,91.006,2.000000,38.089367000,127.256790000,750.000000,1959.618333,3890.015625,1930.397292,98.508840,2.709124,13.338769,18.411957,9.407062,13.296824,13.613653,18.411957,38.103268000,127.259220000,38.103268000,127.259220000,38.103550000,127.259050000,38.103659059,127.258986920,38.103447000,127.259460000,38.103584631,127.259576570,38.102974000,127.259370000,38.102915402,127.259447377,38.103073000,127.258970000,38.102976768,127.258880077
456,456,825297944371,91.193,2.000000,38.089500000,127.256714000,750.000000,1925.188259,5004.457814,3079.269555,159.946413,9.227800,33.530346,31.299520,13.765271,15.847484,23.610655,33.530346,38.103573000,127.257850000,38.103573000,127.257850000,38.103840000,127.257660000,38.104136280,127.257591037,38.103775000,127.258080000,38.104042261,127.258190983,38.103313000,127.258030000,38.103205638,127.258107966,38.103363000,127.257620000,38.103237241,127.257535214
457,457,825297944575,91.397,2.000000,38.089565000,127.256676000,750.000000,2010.941539,7485.325063,5474.383524,272.229869,22.515390,103.379840,31.242977,21.261864,24.084397,44.992269,103.379840,38.103897000,127.257576000,38.103897000,127.257576000,38.104168000,127.257380000,38.105095816,127.257329184,38.104110000,127.257810000,38.104378476,127.257913950,38.103630000,127.257770000,38.103446656,127.257838028,38.103687000,127.257350000,38.103482731,127.257259394
458,458,825297944777,91.599,2.000000,38.089565000,127.256676000,750.000000,2010.941539,7485.325063,5474.383524,272.229869,22.515390,103.379840,31.242977,21.261864,24.084397,44.992269,103.379840,38.103897000,127.257576000,38.103897000,127.257576000,38.104168000,127.257380000,38.105095816,127.257329184,38.104110000,127.257810000,38.104378476,127.257913950,38.103630000,127.257770000,38.103446656,127.257838028,38.103687000,127.257350000,38.103482731,127.257259394
459,459,825297944979,91.801,2.000000,38.089700000,127.256590000,750.000000,2001.418998,4354.199214,2352.780216,117.555605,0.699159,19.135399,16.205196,13.809292,18.809120,16.989752,19.135399,38.103737000,127.258934000,38.103737000,127.258934000,38.104046000,127.258770000,38.104210785,127.258707819,38.103924000,127.259186000,38.104045152,127.259288566,38.103450000,127.259090000,38.103337890,127.259157484,38.103565000,127.258690000,38.103415561,127.258589798
460,460,825297945183,92.005,2.000000,38.089767000,127.256550000,750.000000,1997.206077,3938.837106,1941.631029,97.217360,0.070857,10.574187,18.533564,9.342753,18.745842,14.299086,18.745842,38.103573000,127.259605000,38.103573000,127.259605000,38.103900000,127.259476000,38.103966088,127.259389292,38.103737000,127.259865000,38.103879084,127.259975282,38.103260000,127.259735000,38.103202873,127.259813135,38.103428000,127.259350000,38.103279138,127.259249956
461,461,825297945372,92.194,2.000000,38.089767000,127.256550000,750.000000,1997.206077,3938.837106,1941.631029,97.217360,0.070857,10.574187,18.533564,9.342753,18.745842,14.299086,18.745842,38.103573000,127.259605000,38.103573000,127.259605000,38.103900000,127.259476000,38.103966088,127.259389292,38.103737000,127.259865000,38.103879084,127.259975282,38.103260000,127.259735000,38.103202873,127.259813135,38.103428000,127.259350000,38.103279138,127.259249956
462,462,825297945576,92.398,2.000000,38.089900000,127.256480000,750.000000,2477.347303,5912.608077,3435.260774,138.666903,28.659602,22.424421,11.155054,85.359069,19.015567,34.488528,85.359069,38.105164000,127.257140000,38.105164000,127.257140000,38.105534000,127.256940000,38.105352691,127.256828441,38.105377000,127.257390000,38.105451916,127.257474577,38.104813000,127.257330000,38.104047507,127.257386722,38.104980000,127.256900000,38.104823009,127.256814435
463,463,825297945781,92.603,2.000000,38.089970000,127.256440000,750.000000,2341.228786,8436.595457,6095.366671,260.349040,11.558207,23.121828,52.294247,56.466940,63.114991,48.749501,63.114991,38.104980000,127.258000000,38.104980000,127.258000000,38.105360000,127.257835000,38.105552422,127.257735616,38.105160000,127.258260000,38.105618065,127.258392422,38.104630000,127.258160000,38.104124157,127.258207997,38.104828000,127.257750000,38.104269357,127.257626953
464,464,825297945983,92.805,2.000000,38.089970000,127.256440000,750.000000,2341.228786,8436.595457,6095.366671,260.349040,11.558207,23.121828,52.294247,56.466940,63.114991,48.749501,63.114991,38.104980000,127.258000000,38.104980000,127.258000000,38.105360000,127.257835000,38.105552422,127.257735616,38.105160000,127.258260000,38.105618065,127.258392422,38.104630000,127.258160000,38.104124157,127.258207997,38.104828000,127.257750000,38.104269357,127.257626953
465,465,825297946186,93.008,2.000000,38.090103000,127.256360000,750.000000,2356.784529,10256.796317,7900.011788,335.202972,45.037536,106.424970,109.960116,11.899585,28.501341,64.196503,109.960116,38.104893000,127.259450000,38.104893000,127.259450000,38.105305000,127.259340000,38.106260052,127.259394997,38.105015000,127.259730000,38.105977361,127.260012992,38.104520000,127.259570000,38.104440907,127.259661386,38.104770000,127.259186000,38.104531303,127.259068310
466,466,825297946374,93.196,2.000000,38.090170000,127.256330000,750.000000,2325.771473,6674.133447,4348.361974,186.964284,18.945177,69.302803,35.078086,10.395090,26.429392,35.301343,69.302803,38.104733000,127.260180000,38.104733000,127.260180000,38.105137000,127.260086000,38.105759065,127.260117462,38.104830000,127.260450000,38.105120627,127.260604769,38.104332000,127.260260000,38.104304363,127.260373355,38.104633000,127.259900000,38.104412442,127.259788326
467,467,825297946579,93.401,2.000000,38.090170000,127.256330000,750.000000,2325.771473,6674.133447,4348.361974,186.964284,18.945177,69.302803,35.078086,10.395090,26.429392,35.301343,69.302803,38.104733000,127.260180000,38.104733000,127.260180000,38.105137000,127.260086000,38.105759065,127.260117462,38.104830000,127.260450000,38.105120627,127.260604769,38.104332000,127.260260000,38.104304363,127.260373355,38.104633000,127.259900000,38.104412442,127.259788326
468,468,825297946782,93.604,2.000000,38.090310000,127.256260000,750.000000,2312.675599,4578.937410,2266.261811,97.993070,1.422865,10.709003,31.023090,11.047448,27.743513,20.130764,31.023090,38.104430000,127.261400000,38.104430000,127.261400000,38.104860000,127.261360000,38.104886345,127.261242419,38.104492000,127.261670000,38.104738325,127.261835643,38.104015000,127.261430000,38.104009216,127.261555904,38.104355000,127.261120000,38.104130635,127.260982110
469,469,825297946983,93.805,2.000000,38.090446000,127.256200000,750.000000,2161.931690,4391.400954,2229.469264,103.123946,0.218033,11.897886,32.004604,11.586915,30.708095,21.549375,32.004604,38.104470000,127.260460000,38.104470000,127.260460000,38.104900000,127.260414000,38.104909842,127.260278750,38.104507000,127.260720000,38.104770687,127.260865602,38.104060000,127.260500000,38.104042200,127.260630329,38.104430000,127.260200000,38.104174042,127.260069272
470,470,825297947172,93.994,2.000000,38.090446000,127.256200000,750.000000,2161.931690,4391.400954,2229.469264,103.123946,0.218033,11.897886,32.004604,11.586915,30.708095,21.549375,32.004604,38.104470000,127.260460000,38.104470000,127.260460000,38.104900000,127.260414000,38.104909842,127.260278750,38.104507000,127.260720000,38.104770687,127.260865602,38.104060000,127.260500000,38.104042200,127.260630329,38.104430000,127.260200000,38.104174042,127.260069272
471,471,825297947375,94.197,2.000000,38.090520000,127.256170000,750.000000,2111.313563,6891.489846,4780.176283,226.407691,24.321560,91.121563,36.774925,11.851918,32.135404,42.970953,91.121563,38.104640000,127.259770000,38.104640000,127.259770000,38.105064000,127.259710000,38.105881715,127.259757239,38.104680000,127.260025000,38.104989621,127.260171390,38.104233000,127.259830000,38.104236877,127.259965213,38.104610000,127.259514000,38.104337051,127.259394559
472,472,825297947576,94.398,2.000000,38.090520000,127.256170000,750.000000,2111.313563,6891.489846,4780.176283,226.407691,24.321560,91.121563,36.774925,11.851918,32.135404,42.970953,91.121563,38.104640000,127.259770000,38.104640000,127.259770000,38.105064000,127.259710000,38.105881715,127.259757239,38.104680000,127.260025000,38.104989621,127.260171390,38.104233000,127.259830000,38.104236877,127.259965213,38.104610000,127.259514000,38.104337051,127.259394559
473,473,825297947781,94.603,2.000000,38.090660000,127.256120000,750.000000,2077.980256,8462.885913,6384.905657,307.264982,37.053418,65.117503,119.473728,13.619344,32.392235,57.650702,119.473728,38.104782000,127.258380000,38.104782000,127.258380000,38.105217000,127.258290000,38.105799687,127.258224516,38.104794000,127.258620000,38.105848857,127.258871432,38.104366000,127.258450000,38.104328521,127.258598005,38.104763000,127.258125000,38.104479978,127.258039083
474,474,825297947984,94.806,2.000000,38.090730000,127.256096000,750.000000,2071.272191,8053.122157,5981.849966,288.800767,34.534161,16.358799,46.856046,64.318308,114.161985,60.423784,114.161985,38.104930000,127.257680000,38.104930000,127.257680000,38.105377000,127.257590000,38.105321113,127.257417278,38.104927000,127.257930000,38.105339982,127.258033365,38.104510000,127.257770000,38.103935583,127.257849123,38.104927000,127.257440000,38.103908521,127.257287389
475,475,825297948185,95.007,2.000000,38.090730000,127.256096000,750.000000,2071.272191,8053.122157,5981.849966,288.800767,34.534161,16.358799,46.856046,64.318308,114.161985,60.423784,114.161985,38.104930000,127.257680000,38.104930000,127.257680000,38.105377000,127.257590000,38.105321113,127.257417278,38.104927000,127.257930000,38.105339982,127.258033365,38.104510000,127.257770000,38.103935583,127.257849123,38.104927000,127.257440000,38.103908521,127.257287389
476,476,825297948373,95.195,2.000000,38.090874000,127.256050000,750.000000,2422.330491,6006.466746,3584.136255,147.962314,24.123327,21.595802,42.260237,122.213269,41.943982,57.003323,122.213269,38.105797000,127.258410000,38.105797000,127.258410000,38.105824000,127.258150000,38.106017145,127.258126907,38.106300000,127.258350000,38.106136477,127.258785403,38.105760000,127.258660000,38.104667362,127.258524077,38.105312000,127.258460000,38.105514054,127.258055828
477,477,825297948575,95.397,2.000000,38.090946000,127.256035000,750.000000,2333.407691,9213.929666,6880.521975,294.870116,44.167711,39.491604,40.744098,130.058367,83.552142,73.461553,130.058367,38.105614000,127.259120000,38.105614000,127.259120000,38.105680000,127.258870000,38.106034488,127.258887611,38.106133000,127.259094000,38.105985352,127.259519619,38.105560000,127.259360000,38.104402862,127.259154937,38.105145000,127.259140000,38.104526055,127.258600450
478,478,825297948778,95.600,2.000000,38.090946000,127.256035000,750.000000,2333.407691,9213.929666,6880.521975,294.870116,44.167711,39.491604,40.744098,130.058367,83.552142,73.461553,130.058367,38.105614000,127.259120000,38.105614000,127.259120000,38.105680000,127.258870000,38.106034488,127.258887611,38.106133000,127.259094000,38.105985352,127.259519619,38.105560000,127.259360000,38.104402862,127.259154937,38.105145000,127.259140000,38.104526055,127.258600450
479,479,825297948981,95.803,2.000000,38.091090000,127.256010000,750.000000,2233.709318,7419.014801,5185.305483,232.138777,3.994657,93.306609,38.644985,62.458949,36.822787,57.808332,93.306609,38.105440000,127.260550000,38.105440000,127.260550000,38.105522000,127.260315000,38.106346930,127.260503704,38.105934000,127.260580000,38.105804357,127.260989261,38.105347000,127.260770000,38.104794009,127.260649368,38.104954000,127.260510000,38.104948048,127.260089691
480,480,825297949182,96.004,2.000000,38.091240000,127.255990000,749.000000,2307.729673,4581.153016,2273.423344,98.513416,0.449336,39.908896,39.398195,37.795056,37.858888,38.740259,39.908896,38.105114000,127.261960000,38.105114000,127.261960000,38.105217000,127.261750000,38.105570126,127.261828647,38.105630000,127.262060000,38.105414822,127.262417099,38.105010000,127.262184000,38.104679410,127.262085696,38.104630000,127.261870000,38.104838472,127.261528519
481,481,825297949372,96.194,2.000000,38.091240000,127.255990000,749.000000,2307.729673,4581.153016,2273.423344,98.513416,0.449336,39.908896,39.398195,37.795056,37.858888,38.740259,39.908896,38.105114000,127.261960000,38.105114000,127.261960000,38.105217000,127.261750000,38.105570126,127.261828647,38.105630000,127.262060000,38.105414822,127.262417099,38.105010000,127.262184000,38.104679410,127.262085696,38.104630000,127.261870000,38.104838472,127.261528519
482,482,825297949574,96.396,2.000000,38.091312000,127.255990000,749.000000,2372.816235,4720.021602,2347.205367,98.920655,0.603460,40.313225,40.519333,38.868920,37.127845,39.207331,40.519333,38.105164000,127.262470000,38.105164000,127.262470000,38.105274000,127.262250000,38.105626851,127.262353565,38.105682000,127.262580000,38.105450263,127.262936714,38.105050000,127.262680000,38.104710677,127.262575388,38.104670000,127.262350000,38.104877936,127.262018601
483,483,825297949778,96.600,2.000000,38.091312000,127.255990000,749.000000,2372.816235,4720.021602,2347.205367,98.920655,0.603460,40.313225,40.519333,38.868920,37.127845,39.207331,40.519333,38.105164000,127.262470000,38.105164000,127.262470000,38.105274000,127.262250000,38.105626851,127.262353565,38.105682000,127.262580000,38.105450263,127.262936714,38.105050000,127.262680000,38.104710677,127.262575388,38.104670000,127.262350000,38.104877936,127.262018601
484,484,825297949982,96.804,2.000000,38.091460000,127.255990000,748.000000,2136.450565,5368.257780,3231.807215,151.269927,4.983810,67.755366,39.012007,39.992673,34.497127,45.314293,67.755366,38.105186000,127.260970000,38.105186000,127.260970000,38.105312000,127.260765000,38.105909776,127.260910603,38.105686000,127.261040000,38.105465896,127.261386570,38.105080000,127.261185000,38.104726483,127.261103689,38.104720000,127.260900000,38.104867570,127.260553694
485,485,825297950184,97.006,2.000000,38.091537000,127.256000000,747.000000,2046.297256,7249.705430,5203.408174,254.284081,5.904375,95.113425,35.568949,58.035563,35.966824,56.171190,95.113425,38.105366000,127.260290000,38.105366000,127.260290000,38.105480000,127.260080000,38.106322194,127.260263023,38.105860000,127.260340000,38.105764658,127.260727564,38.105270000,127.260510000,38.104756624,127.260394616,38.104923000,127.260260000,38.104898604,127.259850567
486,486,825297950373,97.195,2.000000,38.091537000,127.256000000,747.000000,2046.297256,7249.705430,5203.408174,254.284081,5.904375,95.113425,35.568949,58.035563,35.966824,56.171190,95.113425,38.105366000,127.260290000,38.105366000,127.260290000,38.105480000,127.260080000,38.106322194,127.260263023,38.105860000,127.260340000,38.105764658,127.260727564,38.105270000,127.260510000,38.104756624,127.260394616,38.104923000,127.260260000,38.104898604,127.259850567
487,487,825297950574,97.396,2.000000,38.091686000,127.256010000,746.000000,2067.888260,8186.600006,6118.711746,295.891798,45.207545,28.012679,38.385659,123.088034,80.273934,67.440077,123.088034,38.105630000,127.258970000,38.105630000,127.258970000,38.105713000,127.258740000,38.105964615,127.258735270,38.106113000,127.258960000,38.105947557,127.259344488,38.105545000,127.259200000,38.104450932,127.258996547,38.105180000,127.258990000,38.104586117,127.258470181
488,488,825297950776,97.598,2.000000,38.091686000,127.256010000,746.000000,2067.888260,8186.600006,6118.711746,295.891798,45.207545,28.012679,38.385659,123.088034,80.273934,67.440077,123.088034,38.105630000,127.258970000,38.105630000,127.258970000,38.105713000,127.258740000,38.105964615,127.258735270,38.106113000,127.258960000,38.105947557,127.259344488,38.105545000,127.259200000,38.104450932,127.258996547,38.105180000,127.258990000,38.104586117,127.258470181
489,489,825297950978,97.800,2.000000,38.091835000,127.256040000,745.000000,2339.963461,3704.476866,1364.513405,58.313449,3.335181,17.480196,41.005440,30.324777,38.466628,31.819260,41.005440,38.106430000,127.259150000,38.106430000,127.259150000,38.106483000,127.258900000,38.106639217,127.258879754,38.106940000,127.259120000,38.106786843,127.259545750,38.106380000,127.259390000,38.106107590,127.259388580,38.105950000,127.259170000,38.106099685,127.258774191
490,490,825297951184,98.006,2.000000,38.091908000,127.256060000,745.000000,2277.133759,6299.604829,4022.471070,176.646236,17.934745,18.525887,40.669348,66.064006,36.556155,40.453849,66.064006,38.106274000,127.259850000,38.106274000,127.259850000,38.106766000,127.259834000,38.106696207,127.259642000,38.106240000,127.260090000,38.106582798,127.260250561,38.105810000,127.259860000,38.105216540,127.259862421,38.106293000,127.259600000,38.105981772,127.259466851
491,491,825297951372,98.194,2.000000,38.091908000,127.256060000,745.000000,2277.133759,6299.604829,4022.471070,176.646236,17.934745,18.525887,40.669348,66.064006,36.556155,40.453849,66.064006,38.106274000,127.259850000,38.106274000,127.259850000,38.106766000,127.259834000,38.106696207,127.259642000,38.106240000,127.260090000,38.106582798,127.260250561,38.105810000,127.259860000,38.105216540,127.259862421,38.106293000,127.259600000,38.105981772,127.259466851
492,492,825297951575,98.397,2.000000,38.092056000,127.256100000,744.000000,2252.809744,5820.372506,3567.562762,158.360588,2.894113,30.450434,24.005044,27.724635,37.394962,29.893769,37.394962,38.106130000,127.261246000,38.106130000,127.261246000,38.106606000,127.261260000,38.106873575,127.261187795,38.106120000,127.261500000,38.106309002,127.261631944,38.105694000,127.261240000,38.105449518,127.261300373,38.106150000,127.260994000,38.105839611,127.260830734
493,493,825297951776,98.598,2.000000,38.092200000,127.256160000,744.000000,2288.911486,4479.225616,2190.314130,95.692391,2.126080,15.157471,31.362855,12.875162,36.057040,23.863132,36.057040,38.105850000,127.262665000,38.105850000,127.262665000,38.106310000,127.262720000,38.106295836,127.262547897,38.105854000,127.262930000,38.106096842,127.263111530,38.105415000,127.262620000,38.105402126,127.262766073,38.105850000,127.262405000,38.105563144,127.262213827
494,494,825297951981,98.803,2.000000,38.092200000,127.256160000,744.000000,2288.911486,4479.225616,2190.314130,95.692391,2.126080,15.157471,31.362855,12.875162,36.057040,23.863132,36.057040,38.105850000,127.262665000,38.105850000,127.262665000,38.106310000,127.262720000,38.106295836,127.262547897,38.105854000,127.262930000,38.106096842,127.263111530,38.105415000,127.262620000,38.105402126,127.262766073,38.105850000,127.262405000,38.105563144,127.262213827
495,495,825297952185,99.007,2.000000,38.092274000,127.256190000,744.000000,2441.144374,4678.585743,2237.441369,91.655430,0.740917,14.675618,36.550348,13.146148,31.046335,23.854612,36.550348,38.105960000,127.263214000,38.105960000,127.263214000,38.106440000,127.263280000,38.106421231,127.263114165,38.105988000,127.263500000,38.106271223,127.263711094,38.105522000,127.263160000,38.105521044,127.263310075,38.105953000,127.262950000,38.105714523,127.262766228
496,496,825297952371,99.193,2.000000,38.092342000,127.256220000,744.000000,2299.560769,4406.870364,2107.309596,91.639657,0.489301,12.574782,30.557922,12.861258,29.907789,21.475438,30.557922,38.105965000,127.262750000,38.105965000,127.262750000,38.106410000,127.262780000,38.106416026,127.262636647,38.105988000,127.263020000,38.106222076,127.263202234,38.105540000,127.262710000,38.105530318,127.262856312,38.105940000,127.262474000,38.105704303,127.262310121
497,497,825297952574,99.396,2.000000,38.092342000,127.256220000,744.000000,2299.560769,4406.870364,2107.309596,91.639657,0.489301,12.574782,30.557922,12.861258,29.907789,21.475438,30.557922,38.105965000,127.262750000,38.105965000,127.262750000,38.106410000,127.262780000,38.106416026,127.262636647,38.105988000,127.263020000,38.106222076,127.263202234,38.105540000,127.262710000,38.105530318,127.262856312,38.105940000,127.262474000,38.105704303,127.262310121
498,498,825297952776,99.598,2.000000,38.092484000,127.256280000,745.000000,2086.179601,5458.216574,3372.036973,161.636945,3.911355,28.050937,18.803320,31.056080,29.954283,26.966155,31.056080,38.106194000,127.261154000,38.106194000,127.261154000,38.106610000,127.261120000,38.106858894,127.261069986,38.106247000,127.261410000,38.106384638,127.261534436,38.105800000,127.261185000,38.105521729,127.261210290,38.106144000,127.260890000,38.105899164,127.260748132
499,499,825297952993,99.815,2.000000,38.092620000,127.256355000,746.000000,2055.872617,4931.183852,2875.311235,139.858433,11.686950,10.568859,21.722465,44.051537,22.643157,24.746505,44.051537,38.106410000,127.260025000,38.106410000,127.260025000,38.106800000,127.259940000,38.106795962,127.259819451,38.106495000,127.260284000,38.106667059,127.260400988,38.106040000,127.260100000,38.105644335,127.260108482,38.106320000,127.259766000,38.106135919,127.259656025
500,500,825297953178,100.000,2.000000,38.092620000,127.256355000,746.000000,2055.872617,4931.183852,2875.311235,139.858433,11.686950,10.568859,21.722465,44.051537,22.643157,24.746505,44.051537,38.106410000,127.260025000,38.106410000,127.260025000,38.106800000,127.259940000,38.106795962,127.259819451,38.106495000,127.260284000,38.106667059,127.260400988,38.106040000,127.260100000,38.105644335,127.260108482,38.106320000,127.259766000,38.106135919,127.259656025
501,501,825297953386,100.208,2.000000,38.092690000,127.256390000,747.000000,2045.775710,3279.484356,1233.708646,60.305176,3.761687,27.575706,27.837725,11.278906,23.701931,22.598567,27.837725,38.106580000,127.259320000,38.106580000,127.259320000,38.106953000,127.259220000,38.106742820,127.259053385,38.106690000,127.259580000,38.106922002,127.259698610,38.106220000,127.259430000,38.106261863,127.259547260,38.106472000,127.259070000,38.106276469,127.258962903
502,502,825297953573,100.395,2.000000,38.092690000,127.256390000,747.000000,2045.775710,3279.484356,1233.708646,60.305176,3.761687,27.575706,27.837725,11.278906,23.701931,22.598567,27.837725,38.106580000,127.259320000,38.106580000,127.259320000,38.106953000,127.259220000,38.106742820,127.259053385,38.106690000,127.259580000,38.106922002,127.259698610,38.106220000,127.259430000,38.106261863,127.259547260,38.106472000,127.259070000,38.106276469,127.258962903
503,503,825297953777,100.599,2.000000,38.092823000,127.256470000,749.000000,2247.992971,3725.210369,1477.217398,65.712723,4.436248,20.789812,22.355979,8.777061,20.997745,18.230149,22.355979,38.107075000,127.260040000,38.107075000,127.260040000,38.107452000,127.259940000,38.107309657,127.259786349,38.107204000,127.260315000,38.107382094,127.260432952,38.106710000,127.260150000,38.106687293,127.260245958,38.106934000,127.259770000,38.106766453,127.259659883
504,504,825297953982,100.804,2.000000,38.092823000,127.256470000,749.000000,2247.992971,3725.210369,1477.217398,65.712723,4.436248,20.789812,22.355979,8.777061,20.997745,18.230149,22.355979,38.107075000,127.260040000,38.107075000,127.260040000,38.107452000,127.259940000,38.107309657,127.259786349,38.107204000,127.260315000,38.107382094,127.260432952,38.106710000,127.260150000,38.106687293,127.260245958,38.106934000,127.259770000,38.106766453,127.259659883
505,505,825297954185,101.007,2.000000,38.092940000,127.256540000,751.000000,2142.014775,5158.700912,3016.686136,140.834049,9.291280,20.630664,8.416091,43.805010,18.584378,22.859035,43.805010,38.106640000,127.261350000,38.106640000,127.261350000,38.107020000,127.261280000,38.107200891,127.261228769,38.106785000,127.261635000,38.106814333,127.261723555,38.106300000,127.261430000,38.105907951,127.261386988,38.106520000,127.261080000,38.106383464,127.260957910
506,506,825297954372,101.194,2.000000,38.093006000,127.256580000,752.000000,2128.406105,4331.574895,2203.168790,103.512614,1.956918,27.727682,7.795363,18.125339,9.148817,15.699300,27.727682,38.106520000,127.261986000,38.106520000,127.261986000,38.106873000,127.261920000,38.107121849,127.261906323,38.106655000,127.262280000,38.106679460,127.262363389,38.106182000,127.262054000,38.106021269,127.262087065,38.106388000,127.261700000,38.106344888,127.261611078
507,507,825297954575,101.397,2.000000,38.093006000,127.256580000,752.000000,2128.406105,4331.574895,2203.168790,103.512614,1.956918,27.727682,7.795363,18.125339,9.148817,15.699300,27.727682,38.106520000,127.261986000,38.106520000,127.261986000,38.106873000,127.261920000,38.107121849,127.261906323,38.106655000,127.262280000,38.106679460,127.262363389,38.106182000,127.262054000,38.106021269,127.262087065,38.106388000,127.261700000,38.106344888,127.261611078
508,508,825297954780,101.602,2.000000,38.093130000,127.256660000,754.000000,2211.403775,4395.437872,2184.034097,98.762339,4.870518,11.942745,28.504041,8.663822,14.862310,15.993229,28.504041,38.106250000,127.263410000,38.106250000,127.263410000,38.106598000,127.263374000,38.106694013,127.263313167,38.106370000,127.263720000,38.106579825,127.263906510,38.105892000,127.263435000,38.105842607,127.263511438,38.106110000,127.263100000,38.106016578,127.262978785
509,509,825297954983,101.805,2.000000,38.093193000,127.256700000,756.000000,2190.729794,6936.327917,4745.598123,216.621791,24.065406,10.979337,115.841985,9.798684,21.091796,39.427950,115.841985,38.106320000,127.263756000,38.106320000,127.263756000,38.106670000,127.263725000,38.106754465,127.263660281,38.106464000,127.264080000,38.107390912,127.264681129,38.105984000,127.263790000,38.105910167,127.263850904,38.106200000,127.263450000,38.106052969,127.263298128
510,510,825297955171,101.993,2.000000,38.093193000,127.256700000,756.000000,2190.729794,6936.327917,4745.598123,216.621791,24.065406,10.979337,115.841985,9.798684,21.091796,39.427950,115.841985,38.106320000,127.263756000,38.106320000,127.263756000,38.106670000,127.263725000,38.106754465,127.263660281,38.106464000,127.264080000,38.107390912,127.264681129,38.105984000,127.263790000,38.105910167,127.263850904,38.106200000,127.263450000,38.106052969,127.263298128
511,511,825297955375,102.197,2.000000,38.093310000,127.256775000,759.000000,2009.689131,3944.573998,1934.884867,96.277819,3.800315,19.843338,13.524501,12.274122,8.510605,13.538141,19.843338,38.106533000,127.262340000,38.106533000,127.262340000,38.106850000,127.262250000,38.107027755,127.262233034,38.106690000,127.262634000,38.106768584,127.262751753,38.106228000,127.262410000,38.106128156,127.262469453,38.106384000,127.262050000,38.106351687,127.261961945
512,512,825297955579,102.401,2.000000,38.093310000,127.256775000,759.000000,2009.689131,3944.573998,1934.884867,96.277819,3.800315,19.843338,13.524501,12.274122,8.510605,13.538141,19.843338,38.106533000,127.262340000,38.106533000,127.262340000,38.106850000,127.262250000,38.107027755,127.262233034,38.106690000,127.262634000,38.106768584,127.262751753,38.106228000,127.262410000,38.106128156,127.262469453,38.106384000,127.262050000,38.106351687,127.261961945
513,513,825297955781,102.603,2.000000,38.093430000,127.256860000,762.000000,1976.076525,4404.006061,2427.929536,122.866170,0.870085,26.297707,9.126492,30.664884,8.103883,18.548241,30.664884,38.106766000,127.261020000,38.106766000,127.261020000,38.107056000,127.260895000,38.107291791,127.260876574,38.106960000,127.261300000,38.106994438,127.261394554,38.106487000,127.261140000,38.106211561,127.261134983,38.106583000,127.260750000,38.106559798,127.260662307
514,514,825297955984,102.806,2.000000,38.093487000,127.256900000,764.000000,1902.965699,3835.210592,1932.244893,101.538609,6.966287,13.698756,8.170000,29.713509,10.259521,15.460446,29.713509,38.106922000,127.260414000,38.106922000,127.260414000,38.107200000,127.260280000,38.107311265,127.260213193,38.107136000,127.260680000,38.107098482,127.260760164,38.106655000,127.260550000,38.106388217,127.260560911,38.106740000,127.260160000,38.106689537,127.260061990
515,515,825297956172,102.994,2.000000,38.093487000,127.256900000,764.000000,1902.965699,3835.210592,1932.244893,101.538609,6.966287,13.698756,8.170000,29.713509,10.259521,15.460446,29.713509,38.106922000,127.260414000,38.106922000,127.260414000,38.107200000,127.260280000,38.107311265,127.260213193,38.107136000,127.260680000,38.107098482,127.260760164,38.106655000,127.260550000,38.106388217,127.260560911,38.106740000,127.260160000,38.106689537,127.260061990
516,516,825297956376,103.198,2.000000,38.093605000,127.256980000,767.000000,2053.361777,3925.488179,1872.126402,91.173724,3.490295,11.052190,9.348045,22.239968,9.435435,13.018909,22.239968,38.107277000,127.260470000,38.107277000,127.260470000,38.107560000,127.260320000,38.107646501,127.260258067,38.107500000,127.260735000,38.107521824,127.260838055,38.106995000,127.260605000,38.106797049,127.260639322,38.107063000,127.260210000,38.107028519,127.260111596
517,517,825297956581,103.403,2.000000,38.093716000,127.257065000,770.000000,1983.370560,3637.428388,1654.057827,83.396308,8.828363,16.506558,17.040302,38.491935,8.175349,20.053536,38.491935,38.106930000,127.261810000,38.106930000,127.261810000,38.107224000,127.261696000,38.107369516,127.261659776,38.107143000,127.262100000,38.106992387,127.262134752,38.106667000,127.261930000,38.106323341,127.261881414,38.106747000,127.261536000,38.106793484,127.261463741
518,518,825297956773,103.595,2.000000,38.093716000,127.257065000,770.000000,1983.370560,3637.428388,1654.057827,83.396308,8.828363,16.506558,17.040302,38.491935,8.175349,20.053536,38.491935,38.106930000,127.261810000,38.106930000,127.261810000,38.107224000,127.261696000,38.107369516,127.261659776,38.107143000,127.262100000,38.106992387,127.262134752,38.106667000,127.261930000,38.106323341,127.261881414,38.106747000,127.261536000,38.106793484,127.261463741
519,519,825297956974,103.796,2.000000,38.093773000,127.257100000,772.000000,1900.484292,3566.564381,1666.080089,87.666080,3.883132,17.607858,12.328757,13.118527,6.691755,12.436724,17.607858,38.106728000,127.262470000,38.106728000,127.262470000,38.107006000,127.262360000,38.107163534,127.262341927,38.106907000,127.262760000,38.106968474,127.262877077,38.106460000,127.262566000,38.106346656,127.262606998,38.106552000,127.262180000,38.106574771,127.262109298
520,520,825297957179,104.001,2.000000,38.093773000,127.257100000,772.000000,1900.484292,3566.564381,1666.080089,87.666080,3.883132,17.607858,12.328757,13.118527,6.691755,12.436724,17.607858,38.106728000,127.262470000,38.106728000,127.262470000,38.107006000,127.262360000,38.107163534,127.262341927,38.106907000,127.262760000,38.106968474,127.262877077,38.106460000,127.262566000,38.106346656,127.262606998,38.106552000,127.262180000,38.106574771,127.262109298
521,521,825297957405,104.227,2.000000,38.093884000,127.257180000,775.000000,1895.976512,6000.375750,4104.399238,216.479435,24.153970,15.597881,100.177294,7.406694,16.131233,34.828276,100.177294,38.106464000,127.263824000,38.106464000,127.263824000,38.106750000,127.263756000,38.106888709,127.263730812,38.106636000,127.264145000,38.107434658,127.264672033,38.106194000,127.263900000,38.106151070,127.263964602,38.106310000,127.263530000,38.106216060,127.263389778
522,522,825297957585,104.407,2.000000,38.093937000,127.257220000,777.000000,2136.893539,7948.520355,5811.626816,271.966137,9.281572,57.304500,58.389822,31.580495,47.009860,48.571169,58.389822,38.106710000,127.264420000,38.106710000,127.264420000,38.107006000,127.264350000,38.107501355,127.264528000,38.106876000,127.264750000,38.107320987,127.265102910,38.106403000,127.264470000,38.106124617,127.264400573,38.106540000,127.264090000,38.106178322,127.263812952
523,523,825297957774,104.596,2.000000,38.093937000,127.257220000,777.000000,2136.893539,7948.520355,5811.626816,271.966137,9.281572,57.304500,58.389822,31.580495,47.009860,48.571169,58.389822,38.106710000,127.264420000,38.106710000,127.264420000,38.107006000,127.264350000,38.107501355,127.264528000,38.106876000,127.264750000,38.107320987,127.265102910,38.106403000,127.264470000,38.106124617,127.264400573,38.106540000,127.264090000,38.106178322,127.263812952
524,524,825297957978,104.800,2.000000,38.094044000,127.257300000,780.000000,2076.328688,8891.859242,6815.530555,328.249116,45.827184,105.790632,98.694936,13.824774,11.526946,57.459322,105.790632,38.107140000,127.263245000,38.107140000,127.263245000,38.107437000,127.263150000,38.108355270,127.263461078,38.107340000,127.263565000,38.108145413,127.264036004,38.106865000,127.263340000,38.106742809,127.263368207,38.106950000,127.262950000,38.106902126,127.262833312
525,525,825297958182,105.004,2.000000,38.094100000,127.257340000,782.000000,2019.418889,3736.461845,1717.042956,85.026587,5.746283,14.931785,18.125681,12.877209,9.213510,13.787046,18.125681,38.107296000,127.262566000,38.107296000,127.262566000,38.107567000,127.262450000,38.107698164,127.262414320,38.107506000,127.262860000,38.107620649,127.263006939,38.107020000,127.262680000,38.106906740,127.262709900,38.107094000,127.262276000,38.107159048,127.262210962
526,526,825297958424,105.246,2.000000,38.094100000,127.257340000,782.000000,2019.418889,3736.461845,1717.042956,85.026587,5.746283,14.931785,18.125681,12.877209,9.213510,13.787046,18.125681,38.107296000,127.262566000,38.107296000,127.262566000,38.107567000,127.262450000,38.107698164,127.262414320,38.107506000,127.262860000,38.107620649,127.263006939,38.107020000,127.262680000,38.106906740,127.262709900,38.107094000,127.262276000,38.107159048,127.262210962
527,527,825297958573,105.395,2.000000,38.094208000,127.257420000,785.000000,1993.824793,3471.267447,1477.442654,74.100927,4.518919,22.530130,18.345169,24.169807,8.040358,18.271366,24.169807,38.107594000,127.261220000,38.107594000,127.261220000,38.107857000,127.261070000,38.108058468,127.261045450,38.107840000,127.261500000,38.107678938,127.261544342,38.107353000,127.261370000,38.107136033,127.261380378,38.107384000,127.260960000,38.107404680,127.260872050
528,528,825297958778,105.600,2.000000,38.094208000,127.257420000,785.000000,1993.824793,3471.267447,1477.442654,74.100927,4.518919,22.530130,18.345169,24.169807,8.040358,18.271366,24.169807,38.107594000,127.261220000,38.107594000,127.261220000,38.107857000,127.261070000,38.108058468,127.261045450,38.107840000,127.261500000,38.107678938,127.261544342,38.107353000,127.261370000,38.107136033,127.261380378,38.107384000,127.260960000,38.107404680,127.260872050
529,529,825297958980,105.802,2.000000,38.094315000,127.257500000,787.000000,2099.269190,3436.595160,1337.325970,63.704358,2.990938,21.060215,18.037595,20.700698,9.245410,17.260979,21.060215,38.107925000,127.261190000,38.107925000,127.261190000,38.108192000,127.261040000,38.108379012,127.261003649,38.108180000,127.261470000,38.108022872,127.261520290,38.107670000,127.261340000,38.107485071,127.261364826,38.107693000,127.260925000,38.107745927,127.260843658
530,530,825297959183,106.005,2.000000,38.094368000,127.257545000,789.000000,2081.722554,3550.810273,1469.087719,70.570774,8.190721,44.762375,17.287810,18.344649,22.887820,25.820663,44.762375,38.107765000,127.261826000,38.107765000,127.261826000,38.108036000,127.261690000,38.108437040,127.261727215,38.108000000,127.262115000,38.107847996,127.262155441,38.107502000,127.261960000,38.107338231,127.261983305,38.107536000,127.261550000,38.107740035,127.261517776
531,531,825297959372,106.194,2.000000,38.094368000,127.257545000,789.000000,2081.722554,3550.810273,1469.087719,70.570774,8.190721,44.762375,17.287810,18.344649,22.887820,25.820663,44.762375,38.107765000,127.261826000,38.107765000,127.261826000,38.108036000,127.261690000,38.108437040,127.261727215,38.108000000,127.262115000,38.107847996,127.262155441,38.107502000,127.261960000,38.107338231,127.261983305,38.107536000,127.261550000,38.107740035,127.261517776
532,532,825297959577,106.399,2.000000,38.094480000,127.257620000,791.000000,2007.283903,8337.535272,6330.251369,315.364028,37.569102,93.899235,86.833101,18.640523,14.326513,53.424843,93.899235,38.107480000,127.263145000,38.107480000,127.263145000,38.107758000,127.263040000,38.108579316,127.263284298,38.107685000,127.263450000,38.108394828,127.263861025,38.107216000,127.263250000,38.107048717,127.263259512,38.107273000,127.262850000,38.107190727,127.262724227
533,533,825297959780,106.602,2.000000,38.094532000,127.257670000,793.000000,1988.712641,7755.626193,5766.913552,289.982245,4.045640,51.209298,40.051900,53.904454,52.871190,49.509211,53.904454,38.107338000,127.263830000,38.107338000,127.263830000,38.107624000,127.263740000,38.108074383,127.263859045,38.107525000,127.264145000,38.107829025,127.264389522,38.107063000,127.263920000,38.106593846,127.263767627,38.107160000,127.263535000,38.106742192,127.263247955
534,534,825297959983,106.805,2.000000,38.094532000,127.257670000,793.000000,1988.712641,7755.626193,5766.913552,289.982245,4.045640,51.209298,40.051900,53.904454,52.871190,49.509211,53.904454,38.107338000,127.263830000,38.107338000,127.263830000,38.107624000,127.263740000,38.108074383,127.263859045,38.107525000,127.264145000,38.107829025,127.264389522,38.107063000,127.263920000,38.106593846,127.263767627,38.107160000,127.263535000,38.106742192,127.263247955
535,535,825297960171,106.993,2.000000,38.094643000,127.257744000,795.000000,2063.540910,3770.999484,1707.458574,82.744111,5.496587,7.193586,9.536314,20.749815,11.144960,12.156169,20.749815,38.107300000,127.265114000,38.107300000,127.265114000,38.107597000,127.265045000,38.107635103,127.264978670,38.107470000,127.265440000,38.107476977,127.265548510,38.107020000,127.265180000,38.106834256,127.265160160,38.107130000,127.264786000,38.107087095,127.264671039
536,536,825297960374,107.196,2.000000,38.094643000,127.257744000,795.000000,2063.540910,3770.999484,1707.458574,82.744111,5.496587,7.193586,9.536314,20.749815,11.144960,12.156169,20.749815,38.107300000,127.265114000,38.107300000,127.265114000,38.107597000,127.265045000,38.107635103,127.264978670,38.107470000,127.265440000,38.107476977,127.265548510,38.107020000,127.265180000,38.106834256,127.265160160,38.107130000,127.264786000,38.107087095,127.264671039
537,537,825297960574,107.396,2.000000,38.094753000,127.257830000,797.000000,2078.635286,7178.661688,5100.026402,245.354557,41.846149,10.628124,9.510561,81.728047,88.810188,47.669230,88.810188,38.107635000,127.264175000,38.107635000,127.264175000,38.107920000,127.264084000,38.108008156,127.264037412,38.107840000,127.264496000,38.107772455,127.264562485,38.107357000,127.264260000,38.106654963,127.263986957,38.107452000,127.263860000,38.106727530,127.263435401
538,538,825297960777,107.599,2.000000,38.094753000,127.257830000,797.000000,2078.635286,7178.661688,5100.026402,245.354557,41.846149,10.628124,9.510561,81.728047,88.810188,47.669230,88.810188,38.107635000,127.264175000,38.107635000,127.264175000,38.107920000,127.264084000,38.108008156,127.264037412,38.107840000,127.264496000,38.107772455,127.264562485,38.107357000,127.264260000,38.106654963,127.263986957,38.107452000,127.263860000,38.106727530,127.263435401
539,539,825297960981,107.803,2.000000,38.094810000,127.257870000,799.000000,2061.245240,7728.675386,5667.430145,274.951764,18.975288,35.367692,25.360866,70.162184,65.018665,48.977352,70.162184,38.107796000,127.263504000,38.107796000,127.263504000,38.108070000,127.263390000,38.108385251,127.263440170,38.108013000,127.263820000,38.108194269,127.263995381,38.107530000,127.263600000,38.106917106,127.263413171,38.107594000,127.263200000,38.107061587,127.262894781
540,540,825297961183,108.005,2.000000,38.094925000,127.257960000,801.000000,1996.531084,7230.994008,5234.462924,262.177883,34.998070,78.912391,76.920636,23.434683,11.183118,47.612707,78.912391,38.108112000,127.262190000,38.108112000,127.262190000,38.108376000,127.262054000,38.109077589,127.262182901,38.108337000,127.262474000,38.108982712,127.262786659,38.107857000,127.262330000,38.107646483,127.262330109,38.107895000,127.261920000,38.107980681,127.261853342
541,541,825297961372,108.194,2.000000,38.094925000,127.257960000,801.000000,1996.531084,7230.994008,5234.462924,262.177883,34.998070,78.912391,76.920636,23.434683,11.183118,47.612707,78.912391,38.108112000,127.262190000,38.108112000,127.262190000,38.108376000,127.262054000,38.109077589,127.262182901,38.108337000,127.262474000,38.108982712,127.262786659,38.107857000,127.262330000,38.107646483,127.262330109,38.107895000,127.261920000,38.107980681,127.261853342
542,542,825297961575,108.397,2.000000,38.095040000,127.258050000,803.000000,2232.269551,5417.834812,3185.565261,142.705224,1.715742,26.555393,17.440130,50.774443,9.293108,26.015769,50.774443,38.108680000,127.261795000,38.108680000,127.261795000,38.108963000,127.261650000,38.109200756,127.261625265,38.108955000,127.262085000,38.109073535,127.262215192,38.108418000,127.261950000,38.107964478,127.261888286,38.108437000,127.261530000,38.108483444,127.261441838
543,543,825297961778,108.600,2.000000,38.095097000,127.258090000,804.000000,2286.274203,7496.717115,5210.442912,227.901050,12.410719,34.655609,26.574669,64.953890,44.441895,42.656516,64.953890,38.108643000,127.262480000,38.108643000,127.262480000,38.108920000,127.262344000,38.109231227,127.262353478,38.108902000,127.262780000,38.109101985,127.262945683,38.108356000,127.262610000,38.107780242,127.262489672,38.108390000,127.262190000,38.108024085,127.261987096
544,544,825297961980,108.802,2.000000,38.095097000,127.258090000,804.000000,2286.274203,7496.717115,5210.442912,227.901050,12.410719,34.655609,26.574669,64.953890,44.441895,42.656516,64.953890,38.108643000,127.262480000,38.108643000,127.262480000,38.108920000,127.262344000,38.109231227,127.262353478,38.108902000,127.262780000,38.109101985,127.262945683,38.108356000,127.262610000,38.107780242,127.262489672,38.108390000,127.262190000,38.108024085,127.261987096
545,545,825297962183,109.005,2.000000,38.095215000,127.258180000,806.000000,2134.872326,4925.174122,2790.301796,130.701109,22.830565,8.859310,14.516235,9.977832,76.609327,27.490676,76.609327,38.108307000,127.263830000,38.108307000,127.263830000,38.108593000,127.263725000,38.108656419,127.263663895,38.108532000,127.264150000,38.108404845,127.264186748,38.108032000,127.263940000,38.107948489,127.263981374,38.108100000,127.263535000,38.107471667,127.263178225
546,546,825297962373,109.195,2.000000,38.095215000,127.258180000,806.000000,2134.872326,4925.174122,2790.301796,130.701109,22.830565,8.859310,14.516235,9.977832,76.609327,27.490676,76.609327,38.108307000,127.263830000,38.108307000,127.263830000,38.108593000,127.263725000,38.108656419,127.263663895,38.108532000,127.264150000,38.108404845,127.264186748,38.108032000,127.263940000,38.107948489,127.263981374,38.108100000,127.263535000,38.107471667,127.263178225
547,547,825297962576,109.398,2.000000,38.095333000,127.258270000,808.000000,2065.918469,2521.043719,455.125250,22.030165,2.692182,9.015389,7.664122,11.696051,8.646829,9.255598,11.696051,38.108047000,127.265340000,38.108047000,127.265340000,38.108330000,127.265270000,38.108322565,127.265167509,38.108215000,127.265670000,38.108207811,127.265757020,38.107760000,127.265420000,38.107816919,127.265532238,38.107860000,127.265020000,38.107912567,127.264947323
548,548,825297962780,109.602,2.000000,38.095390000,127.258310000,810.000000,2089.484268,2754.566210,665.081942,31.829957,0.823264,13.474581,9.962228,9.197602,9.033136,10.416887,13.474581,38.108100000,127.265950000,38.108100000,127.265950000,38.108400000,127.265890000,38.108336342,127.265759157,38.108260000,127.266290000,38.108286140,127.266398775,38.107810000,127.266014000,38.107830668,127.266115667,38.107944000,127.265630000,38.107937575,127.265527196
549,549,825297962983,109.805,2.000000,38.095390000,127.258310000,810.000000,2089.484268,2754.566210,665.081942,31.829957,0.823264,13.474581,9.962228,9.197602,9.033136,10.416887,13.474581,38.108100000,127.265950000,38.108100000,127.265950000,38.108400000,127.265890000,38.108336342,127.265759157,38.108260000,127.266290000,38.108286140,127.266398775,38.107810000,127.266014000,38.107830668,127.266115667,38.107944000,127.265630000,38.107937575,127.265527196
550,550,825297963171,109.993,2.000000,38.095512000,127.258400000,812.000000,2182.960381,3019.366393,836.406012,38.315217,0.922411,7.578615,8.879705,7.406289,7.440968,7.826394,8.879705,38.108536000,127.265160000,38.108536000,127.265160000,38.108837000,127.265076000,38.108836140,127.264989484,38.108720000,127.265490000,38.108732423,127.265590140,38.108253000,127.265240000,38.108229837,127.265319266,38.108340000,127.264830000,38.108378929,127.264760943
551,551,825297963376,110.198,2.000000,38.095512000,127.258400000,812.000000,2182.960381,3019.366393,836.406012,38.315217,0.922411,7.578615,8.879705,7.406289,7.440968,7.826394,8.879705,38.108536000,127.265160000,38.108536000,127.265160000,38.108837000,127.265076000,38.108836140,127.264989484,38.108720000,127.265490000,38.108732423,127.265590140,38.108253000,127.265240000,38.108229837,127.265319266,38.108340000,127.264830000,38.108378929,127.264760943
552,552,825297963580,110.402,2.000000,38.095634000,127.258490000,814.000000,2227.189684,2297.128070,69.938386,3.140208,3.924222,7.146745,24.640249,8.487650,14.385936,13.665145,24.640249,38.108994000,127.264046000,38.108994000,127.264046000,38.109300000,127.263940000,38.109315871,127.263860940,38.109215000,127.264360000,38.108993654,127.264360675,38.108707000,127.264145000,38.108652986,127.264213393,38.108780000,127.263740000,38.108904753,127.263697140
553,553,825297963790,110.612,2.000000,38.095684000,127.258530000,814.000000,2289.737696,2571.752577,282.014881,12.316471,0.202399,7.317954,13.862408,7.689809,14.560250,10.857605,14.560250,38.109200000,127.263360000,38.109200000,127.263360000,38.109505000,127.263240000,38.109514473,127.263157324,38.109436000,127.263664000,38.109318331,127.263715800,38.108906000,127.263470000,38.108891138,127.263555737,38.108967000,127.263060000,38.109092639,127.263013780
554,554,825297963997,110.819,2.000000,38.095684000,127.258530000,814.000000,2289.737696,2571.752577,282.014881,12.316471,0.202399,7.317954,13.862408,7.689809,14.560250,10.857605,14.560250,38.109200000,127.263360000,38.109200000,127.263360000,38.109505000,127.263240000,38.109514473,127.263157324,38.109436000,127.263664000,38.109318331,127.263715800,38.108906000,127.263470000,38.108891138,127.263555737,38.108967000,127.263060000,38.109092639,127.263013780
555,555,825297964178,111.000,2.000000,38.095806000,127.258630000,816.000000,2523.064648,2557.951125,34.886476,1.382702,1.784800,7.451340,20.668507,7.361305,15.421344,12.725624,20.668507,38.109833000,127.262680000,38.109833000,127.262680000,38.110146000,127.262535000,38.110136702,127.262450753,38.110130000,127.262985000,38.109947465,127.263028168,38.109543000,127.262820000,38.109540573,127.262903987,38.109573000,127.262390000,38.109704086,127.262333053
556,556,825297964381,111.203,2.000000,38.095806000,127.258630000,816.000000,2523.064648,2557.951125,34.886476,1.382702,1.784800,7.451340,20.668507,7.361305,15.421344,12.725624,20.668507,38.109833000,127.262680000,38.109833000,127.262680000,38.110146000,127.262535000,38.110136702,127.262450753,38.110130000,127.262985000,38.109947465,127.263028168,38.109543000,127.262820000,38.109540573,127.262903987,38.109573000,127.262390000,38.109704086,127.262333053
557,557,825297964585,111.407,2.000000,38.095932000,127.258720000,818.000000,2330.454438,2164.590695,-165.863743,-7.117227,1.695138,9.212428,20.522794,7.490197,19.300079,14.131374,20.522794,38.109547000,127.263910000,38.109547000,127.263910000,38.109863000,127.263800000,38.109834181,127.263701406,38.109783000,127.264220000,38.109599775,127.264245950,38.109257000,127.264020000,38.109236985,127.264101643,38.109318000,127.263600000,38.109490329,127.263575829
558,558,825297964775,111.597,2.000000,38.095993000,127.258766000,819.000000,2212.100025,2820.122099,608.022074,27.486193,5.112030,7.022412,9.258402,8.549570,13.392931,9.555829,13.392931,38.109340000,127.264595000,38.109340000,127.264595000,38.109653000,127.264496000,38.109673803,127.264420311,38.109550000,127.264915000,38.109570602,127.265017407,38.109055000,127.264694000,38.109070606,127.264789573,38.109146000,127.264290000,38.109261590,127.264247588
559,559,825297964980,111.802,2.000000,38.095993000,127.258766000,819.000000,2212.100025,2820.122099,608.022074,27.486193,5.112030,7.022412,9.258402,8.549570,13.392931,9.555829,13.392931,38.109340000,127.264595000,38.109340000,127.264595000,38.109653000,127.264496000,38.109673803,127.264420311,38.109550000,127.264915000,38.109570602,127.265017407,38.109055000,127.264694000,38.109070606,127.264789573,38.109146000,127.264290000,38.109261590,127.264247588
560,560,825297965186,112.008,2.000000,38.096120000,127.258865000,821.000000,2026.316041,3310.415320,1284.099279,63.371125,0.728780,7.172769,13.535302,7.908843,10.164584,9.695375,13.535302,38.108932000,127.265880000,38.108932000,127.265880000,38.109230000,127.265800000,38.109234395,127.265718301,38.109100000,127.266200000,38.109159567,127.266334715,38.108658000,127.265960000,38.108604331,127.266019164,38.108776000,127.265564000,38.108739892,127.265457412
561,561,825297965373,112.195,2.000000,38.096120000,127.258865000,821.000000,2026.316041,3310.415320,1284.099279,63.371125,0.728780,7.172769,13.535302,7.908843,10.164584,9.695375,13.535302,38.108932000,127.265880000,38.108932000,127.265880000,38.109230000,127.265800000,38.109234395,127.265718301,38.109100000,127.266200000,38.109159567,127.266334715,38.108658000,127.265960000,38.108604331,127.266019164,38.108776000,127.265564000,38.108739892,127.265457412
562,562,825297965578,112.400,2.000000,38.096245000,127.258960000,823.000000,2076.301336,4566.435027,2490.133691,119.931228,6.670130,10.845038,37.031880,7.950559,20.587072,19.103637,37.031880,38.109303000,127.267110000,38.109303000,127.267110000,38.109600000,127.267044000,38.109692093,127.267003607,38.109440000,127.267450000,38.109700342,127.267713195,38.109013000,127.267170000,38.108997586,127.267258631,38.109158000,127.266785000,38.109035844,127.266608533
563,563,825297965779,112.601,2.000000,38.096306000,127.259000000,823.000000,2131.689349,4491.542624,2359.853274,110.703432,1.188378,9.680094,25.319484,10.470774,19.973106,16.360864,25.319484,38.109623000,127.266490000,38.109623000,127.266490000,38.109930000,127.266410000,38.110009253,127.266364520,38.109770000,127.266815000,38.109936329,127.267012167,38.109320000,127.266556000,38.109232925,127.266601208,38.109470000,127.266170000,38.109345764,127.266005478
564,564,825297965983,112.805,2.000000,38.096306000,127.259000000,823.000000,2131.689349,4491.542624,2359.853274,110.703432,1.188378,9.680094,25.319484,10.470774,19.973106,16.360864,25.319484,38.109623000,127.266490000,38.109623000,127.266490000,38.109930000,127.266410000,38.110009253,127.266364520,38.109770000,127.266815000,38.109936329,127.267012167,38.109320000,127.266556000,38.109232925,127.266601208,38.109470000,127.266170000,38.109345764,127.266005478
565,565,825297966186,113.008,2.000000,38.096430000,127.259100000,825.000000,2289.503866,4398.711914,2109.208048,92.125114,2.940150,8.879584,24.981885,7.228152,16.656976,14.436649,24.981885,38.110283000,127.265200000,38.110283000,127.265200000,38.110607000,127.265100000,38.110670036,127.265037877,38.110466000,127.265510000,38.110638637,127.265692232,38.109974000,127.265300000,38.109940510,127.265370700,38.110096000,127.264885000,38.109989287,127.264751690
566,566,825297966377,113.199,2.000000,38.096430000,127.259100000,825.000000,2289.503866,4398.711914,2109.208048,92.125114,2.940150,8.879584,24.981885,7.228152,16.656976,14.436649,24.981885,38.110283000,127.265200000,38.110283000,127.265200000,38.110607000,127.265100000,38.110670036,127.265037877,38.110466000,127.265510000,38.110638637,127.265692232,38.109974000,127.265300000,38.109940510,127.265370700,38.110096000,127.264885000,38.109989287,127.264751690
567,567,825297966579,113.401,2.000000,38.096558000,127.259190000,826.000000,2501.531948,4015.337390,1513.805443,60.515135,1.636876,7.588027,14.376178,8.336235,7.695226,9.498916,14.376178,38.110798000,127.263810000,38.110798000,127.263810000,38.111130000,127.263680000,38.111162344,127.263603741,38.111030000,127.264114000,38.111114015,127.264238653,38.110490000,127.263940000,38.110435833,127.264005719,38.110558000,127.263504000,38.110550733,127.263416630
568,568,825297966784,113.606,2.000000,38.096558000,127.259190000,826.000000,2501.531948,4015.337390,1513.805443,60.515135,1.636876,7.588027,14.376178,8.336235,7.695226,9.498916,14.376178,38.110798000,127.263810000,38.110798000,127.263810000,38.111130000,127.263680000,38.111162344,127.263603741,38.111030000,127.264114000,38.111114015,127.264238653,38.110490000,127.263940000,38.110435833,127.264005719,38.110558000,127.263504000,38.110550733,127.263416630
569,569,825297966972,113.794,2.000000,38.096622000,127.259250000,827.000000,2509.129953,4348.920961,1839.791008,73.323863,4.310384,10.738594,18.616798,7.179752,9.922638,11.614446,18.616798,38.111008000,127.263626000,38.111008000,127.263626000,38.111330000,127.263490000,38.111410590,127.263422615,38.111240000,127.263930000,38.111370039,127.264063650,38.110690000,127.263760000,38.110666278,127.263836226,38.110756000,127.263330000,38.110721018,127.263225801
570,570,825297967174,113.996,2.000000,38.096750000,127.259340000,828.000000,2262.325710,4115.898720,1853.573011,81.932191,2.335294,10.014027,18.202853,9.148248,10.786999,12.038032,18.202853,38.110410000,127.264740000,38.110410000,127.264740000,38.110730000,127.264626000,38.110810671,127.264575408,38.110596000,127.265040000,38.110713776,127.265184167,38.110107000,127.264850000,38.110036145,127.264902911,38.110207000,127.264435000,38.110156833,127.264329634
571,571,825297967380,114.202,2.000000,38.096750000,127.259340000,828.000000,2262.325710,4115.898720,1853.573011,81.932191,2.335294,10.014027,18.202853,9.148248,10.786999,12.038032,18.202853,38.110410000,127.264740000,38.110410000,127.264740000,38.110730000,127.264626000,38.110810671,127.264575408,38.110596000,127.265040000,38.110713776,127.265184167,38.110107000,127.264850000,38.110036145,127.264902911,38.110207000,127.264435000,38.110156833,127.264329634
572,572,825297967582,114.404,2.000000,38.096874000,127.259440000,829.000000,1922.782519,3783.484269,1860.701750,96.771306,2.762931,7.625305,25.513937,6.743273,17.435408,14.329481,25.513937,38.109764000,127.265915000,38.109764000,127.265915000,38.110043000,127.265820000,38.110089664,127.265756268,38.109920000,127.266230000,38.110099849,127.266410565,38.109493000,127.266010000,38.109466901,127.266079475,38.109610000,127.265620000,38.109503721,127.265473782
573,573,825297967786,114.608,2.000000,38.096940000,127.259480000,830.000000,1851.707292,3897.455493,2045.748200,110.479027,2.045227,10.409408,23.168156,10.613752,15.211463,14.850695,23.168156,38.109554000,127.266590000,38.109554000,127.266590000,38.109837000,127.266510000,38.109925264,127.266470757,38.109684000,127.266890000,38.109831055,127.267077175,38.109280000,127.266660000,38.109190665,127.266702342,38.109417000,127.266280000,38.109328946,127.266147197
574,574,825297967976,114.798,2.000000,38.096940000,127.259480000,830.000000,1851.707292,3897.455493,2045.748200,110.479027,2.045227,10.409408,23.168156,10.613752,15.211463,14.850695,23.168156,38.109554000,127.266590000,38.109554000,127.266590000,38.109837000,127.266510000,38.109925264,127.266470757,38.109684000,127.266890000,38.109831055,127.267077175,38.109280000,127.266660000,38.109190665,127.266702342,38.109417000,127.266280000,38.109328946,127.266147197
575,575,825297968180,115.002,2.000000,38.097065000,127.259580000,831.000000,1885.341532,4120.245457,2234.903925,118.541065,4.931111,13.667739,10.452780,13.070827,27.497154,16.172125,27.497154,38.109740000,127.267850000,38.109740000,127.267850000,38.110030000,127.267800000,38.110150343,127.267769071,38.109863000,127.268180000,38.109888840,127.268294731,38.109470000,127.267920000,38.109353052,127.267933331,38.109627000,127.267540000,38.109446366,127.267325873
576,576,825297968371,115.193,2.000000,38.097065000,127.259580000,831.000000,1885.341532,4120.245457,2234.903925,118.541065,4.931111,13.667739,10.452780,13.070827,27.497154,16.172125,27.497154,38.109740000,127.267850000,38.109740000,127.267850000,38.110030000,127.267800000,38.110150343,127.267769071,38.109863000,127.268180000,38.109888840,127.268294731,38.109470000,127.267920000,38.109353052,127.267933331,38.109627000,127.267540000,38.109446366,127.267325873
577,577,825297968573,115.395,2.000000,38.097195000,127.259674000,832.000000,1980.046277,5875.854580,3895.808303,196.753397,6.360744,35.099959,36.705929,14.502981,32.804401,29.778317,36.705929,38.110500000,127.266685000,38.110500000,127.266685000,38.110798000,127.266600000,38.111109363,127.266663194,38.110630000,127.266990000,38.110896713,127.267236409,38.110203000,127.266760000,38.110074209,127.266784987,38.110360000,127.266380000,38.110119528,127.266163517
578,578,825297968777,115.599,2.000000,38.097195000,127.259674000,832.000000,1980.046277,5875.854580,3895.808303,196.753397,6.360744,35.099959,36.705929,14.502981,32.804401,29.778317,36.705929,38.110500000,127.266685000,38.110500000,127.266685000,38.110798000,127.266600000,38.111109363,127.266663194,38.110630000,127.266990000,38.110896713,127.267236409,38.110203000,127.266760000,38.110074209,127.266784987,38.110360000,127.266380000,38.110119528,127.266163517
579,579,825297968981,115.803,2.000000,38.097320000,127.259770000,832.000000,2141.980621,7546.380804,5404.400183,252.308547,25.595627,67.013339,68.384785,10.145530,25.423504,42.741790,68.384785,38.111130000,127.265450000,38.111130000,127.265450000,38.111450000,127.265340000,38.112041204,127.265484193,38.111294000,127.265750000,38.111848750,127.266085372,38.110825000,127.265560000,38.110741517,127.265606471,38.110973000,127.265160000,38.110785431,127.264994402
580,580,825297969200,116.022,2.000000,38.097385000,127.259820000,833.000000,2244.982860,7919.170698,5674.187838,252.749718,25.278201,68.943955,69.607884,15.862513,23.292647,44.426749,69.607884,38.111423000,127.264770000,38.111423000,127.264770000,38.111750000,127.264650000,38.112362851,127.264763592,38.111614000,127.265070000,38.112190543,127.265377655,38.111120000,127.264890000,38.110980301,127.264925704,38.111244000,127.264480000,38.111068996,127.264334224
581,581,825297969378,116.200,2.000000,38.097385000,127.259820000,833.000000,2244.982860,7919.170698,5674.187838,252.749718,25.278201,68.943955,69.607884,15.862513,23.292647,44.426749,69.607884,38.111423000,127.264770000,38.111423000,127.264770000,38.111750000,127.264650000,38.112362851,127.264763592,38.111614000,127.265070000,38.112190543,127.265377655,38.111120000,127.264890000,38.110980301,127.264925704,38.111244000,127.264480000,38.111068996,127.264334224
582,582,825297969577,116.399,2.000000,38.097510000,127.259920000,833.000000,2179.948927,7712.489043,5532.540116,253.792190,22.880318,66.043378,66.173409,17.077892,25.239737,43.633604,66.173409,38.111427000,127.264840000,38.111427000,127.264840000,38.111748000,127.264720000,38.112335374,127.264826106,38.111610000,127.265140000,38.112158075,127.265432540,38.111126000,127.264960000,38.110974342,127.264989415,38.111250000,127.264560000,38.111060450,127.264401877
583,583,825297969781,116.603,2.000000,38.097510000,127.259920000,833.000000,2179.948927,7712.489043,5532.540116,253.792190,22.880318,66.043378,66.173409,17.077892,25.239737,43.633604,66.173409,38.111427000,127.264840000,38.111427000,127.264840000,38.111748000,127.264720000,38.112335374,127.264826106,38.111610000,127.265140000,38.112158075,127.265432540,38.111126000,127.264960000,38.110974342,127.264989415,38.111250000,127.264560000,38.111060450,127.264401877
584,584,825297969982,116.804,2.000000,38.097637000,127.260020000,834.000000,1934.502880,6262.310801,4327.807922,223.716799,15.606970,50.881028,48.996432,8.731894,31.688160,35.074379,50.881028,38.110855000,127.266160000,38.110855000,127.266160000,38.111156000,127.266060000,38.111604179,127.266174032,38.110996000,127.266460000,38.111378856,127.266735963,38.110577000,127.266260000,38.110511300,127.266314463,38.110720000,127.265870000,38.110479660,127.265676134
585,585,825297970186,117.008,2.000000,38.097702000,127.260060000,834.000000,1799.488049,5224.606852,3425.118803,190.338514,1.047927,26.891570,25.261697,18.552381,37.260661,26.991578,37.260661,38.110573000,127.266800000,38.110573000,127.266800000,38.110855000,127.266716000,38.111095716,127.266741804,38.110703000,127.267100000,38.110874503,127.267288869,38.110300000,127.266884000,38.110133342,127.266884708,38.110455000,127.266510000,38.110173753,127.266279345
586,586,825297970373,117.195,2.000000,38.097702000,127.260060000,834.000000,1799.488049,5224.606852,3425.118803,190.338514,1.047927,26.891570,25.261697,18.552381,37.260661,26.991578,37.260661,38.110573000,127.266800000,38.110573000,127.266800000,38.110855000,127.266716000,38.111095716,127.266741804,38.110703000,127.267100000,38.110874503,127.267288869,38.110300000,127.266884000,38.110133342,127.266884708,38.110455000,127.266510000,38.110173753,127.266279345
587,587,825297970577,117.399,2.000000,38.097828000,127.260160000,835.000000,1750.093935,2743.110609,993.016674,56.740764,2.993905,8.172813,7.818129,9.570304,8.907930,8.617294,9.570304,38.110126000,127.268130000,38.110126000,127.268130000,38.110397000,127.268070000,38.110444957,127.267999349,38.110233000,127.268440000,38.110183560,127.268503395,38.109860000,127.268190000,38.109781536,127.268234655,38.110016000,127.267820000,38.110000184,127.267720305
588,588,825297970781,117.603,2.000000,38.097828000,127.260160000,835.000000,1750.093935,2743.110609,993.016674,56.740764,2.993905,8.172813,7.818129,9.570304,8.907930,8.617294,9.570304,38.110126000,127.268130000,38.110126000,127.268130000,38.110397000,127.268070000,38.110444957,127.267999349,38.110233000,127.268440000,38.110183560,127.268503395,38.109860000,127.268190000,38.109781536,127.268234655,38.110016000,127.267820000,38.110000184,127.267720305
589,589,825297970984,117.806,2.000000,38.097958000,127.260254000,835.000000,1796.035603,2279.975975,483.940372,26.944921,0.986322,7.218444,8.952856,7.734066,8.445803,8.087792,8.952856,38.110607000,127.267960000,38.110607000,127.267960000,38.110886000,127.267880000,38.110893110,127.267798084,38.110725000,127.268265000,38.110662563,127.268329427,38.110340000,127.268030000,38.110298104,127.268100439,38.110493000,127.267654000,38.110554855,127.267598163
590,590,825297971171,117.993,2.000000,38.098020000,127.260310000,835.000000,1784.826637,3049.214982,1264.388345,70.840961,9.386272,8.982831,9.021119,8.597704,25.661952,13.065902,25.661952,38.110847000,127.267300000,38.110847000,127.267300000,38.111130000,127.267230000,38.111134966,127.267127637,38.110960000,127.267600000,38.110889613,127.267651041,38.110573000,127.267380000,38.110510302,127.267437321,38.110725000,127.267006000,38.110547200,127.266819518
591,591,825297971375,118.197,2.000000,38.098020000,127.260310000,835.000000,1784.826637,3049.214982,1264.388345,70.840961,9.386272,8.982831,9.021119,8.597704,25.661952,13.065902,25.661952,38.110847000,127.267300000,38.110847000,127.267300000,38.111130000,127.267230000,38.111134966,127.267127637,38.110960000,127.267600000,38.110889613,127.267651041,38.110573000,127.267380000,38.110510302,127.267437321,38.110725000,127.267006000,38.110547200,127.266819518
592,592,825297971577,118.399,2.000000,38.098150000,127.260400000,835.000000,1841.521548,6274.250842,4432.729294,240.710151,26.736139,11.498701,12.810845,53.058538,73.512487,37.720143,73.512487,38.111350000,127.266014000,38.111350000,127.266014000,38.111660000,127.265915000,38.111755560,127.265865155,38.111490000,127.266300000,38.111554495,127.266421136,38.111076000,127.266110000,38.110607548,127.265998246,38.111230000,127.265740000,38.110623487,127.265408002
593,593,825297971778,118.600,2.000000,38.098150000,127.260400000,835.000000,1841.521548,6274.250842,4432.729294,240.710151,26.736139,11.498701,12.810845,53.058538,73.512487,37.720143,73.512487,38.111350000,127.266014000,38.111350000,127.266014000,38.111660000,127.265915000,38.111755560,127.265865155,38.111490000,127.266300000,38.111554495,127.266421136,38.111076000,127.266110000,38.110607548,127.265998246,38.111230000,127.265740000,38.110623487,127.265408002
594,594,825297971981,118.803,2.000000,38.098274000,127.260500000,836.000000,2041.674174,6548.747876,4507.073703,220.753819,42.000874,9.287238,9.160293,71.588332,85.692668,43.932133,85.692668,38.112034000,127.265205000,38.112034000,127.265205000,38.112347000,127.265080000,38.112315011,127.264982070,38.112190000,127.265490000,38.112124634,127.265553531,38.111732000,127.265320000,38.111098222,127.265181422,38.111880000,127.264930000,38.111152890,127.264608751
595,595,825297972184,119.006,2.000000,38.098274000,127.260500000,836.000000,2041.674174,6548.747876,4507.073703,220.753819,42.000874,9.287238,9.160293,71.588332,85.692668,43.932133,85.692668,38.112034000,127.265205000,38.112034000,127.265205000,38.112347000,127.265080000,38.112315011,127.264982070,38.112190000,127.265490000,38.112124634,127.265553531,38.111732000,127.265320000,38.111098222,127.265181422,38.111880000,127.264930000,38.111152890,127.264608751
596,596,825297972371,119.193,2.000000,38.098340000,127.260550000,836.000000,1962.891091,1640.675068,-322.216023,-16.415380,0.336067,11.868215,14.477792,13.936321,11.701365,12.995923,14.477792,38.112114000,127.265770000,38.112114000,127.265770000,38.112427000,127.265656000,38.112366993,127.265543999,38.112260000,127.266050000,38.112135520,127.266097884,38.111820000,127.265880000,38.111897725,127.266004736,38.111980000,127.265490000,38.112076911,127.265438258
597,597,825297972573,119.395,2.000000,38.098465000,127.260640000,836.000000,1787.403863,1651.827590,-135.576274,-7.585095,4.045234,8.821622,7.745315,12.998355,15.753023,11.329579,15.753023,38.111515000,127.267070000,38.111515000,127.267070000,38.111805000,127.266980000,38.111788208,127.266881569,38.111626000,127.267360000,38.111576779,127.267422500,38.111233000,127.267150000,38.111292284,127.267277854,38.111404000,127.266785000,38.111544631,127.266764959
598,598,825297972778,119.600,2.000000,38.098465000,127.260640000,836.000000,1787.403863,1651.827590,-135.576274,-7.585095,4.045234,8.821622,7.745315,12.998355,15.753023,11.329579,15.753023,38.111515000,127.267070000,38.111515000,127.267070000,38.111805000,127.266980000,38.111788208,127.266881569,38.111626000,127.267360000,38.111576779,127.267422500,38.111233000,127.267150000,38.111292284,127.267277854,38.111404000,127.266785000,38.111544631,127.266764959
599,599,825297972978,119.800,2.000000,38.098595000,127.260740000,836.000000,1764.843179,2556.280464,791.437284,44.844624,5.188598,9.859023,20.211906,12.737034,6.963184,12.442787,20.211906,38.111060000,127.268470000,38.111060000,127.268470000,38.111347000,127.268410000,38.111323437,127.268301495,38.111180000,127.268780000,38.111298655,127.268954668,38.110800000,127.268540000,38.110852829,127.268668991,38.110962000,127.268170000,38.110975916,127.268092493
600,600,825297973180,120.002,2.000000,38.098660000,127.260796000,836.000000,1751.343165,2768.639712,1017.296547,58.086648,6.793411,13.378302,8.342069,13.019593,11.778319,11.629571,13.378302,38.110890000,127.269005000,38.110890000,127.269005000,38.111168000,127.268950000,38.111109860,127.268816323,38.110990000,127.269320000,38.110995572,127.269414978,38.110626000,127.269066000,38.110509423,127.269077974,38.110790000,127.268700000,38.110744718,127.268578464
601,601,825297973384,120.206,2.000000,38.098660000,127.260796000,836.000000,1751.343165,2768.639712,1017.296547,58.086648,6.793411,13.378302,8.342069,13.019593,11.778319,11.629571,13.378302,38.110890000,127.269005000,38.110890000,127.269005000,38.111168000,127.268950000,38.111109860,127.268816323,38.110990000,127.269320000,38.110995572,127.269414978,38.110626000,127.269066000,38.110509423,127.269077974,38.110790000,127.268700000,38.110744718,127.268578464
602,602,825297973572,120.394,2.000000,38.098785000,127.260895000,836.000000,1755.615117,2962.172076,1206.556960,68.725596,1.297302,7.705752,16.872035,11.993419,17.439930,13.502784,17.439930,38.111443000,127.268790000,38.111443000,127.268790000,38.111717000,127.268715000,38.111722107,127.268627262,38.111550000,127.269100000,38.111641204,127.269253851,38.111176000,127.268850000,38.111213513,127.268978362,38.111343000,127.268486000,38.111239627,127.268336383
603,603,825297973775,120.597,2.000000,38.098785000,127.260895000,836.000000,1755.615117,2962.172076,1206.556960,68.725596,1.297302,7.705752,16.872035,11.993419,17.439930,13.502784,17.439930,38.111443000,127.268790000,38.111443000,127.268790000,38.111717000,127.268715000,38.111722107,127.268627262,38.111550000,127.269100000,38.111641204,127.269253851,38.111176000,127.268850000,38.111213513,127.268978362,38.111343000,127.268486000,38.111239627,127.268336383
604,604,825297973979,120.801,2.000000,38.098915000,127.260994000,836.000000,1819.517320,3545.636838,1726.119518,94.866891,2.291277,12.110741,16.339416,9.031489,12.163376,12.411256,16.339416,38.112053000,127.267550000,38.112053000,127.267550000,38.112343000,127.267456000,38.112447968,127.267419662,38.112167000,127.267840000,38.112262463,127.267981705,38.111767000,127.267630000,38.111701178,127.267690284,38.111942000,127.267260000,38.111878581,127.267146913
605,605,825297974184,121.006,2.000000,38.098980000,127.261040000,836.000000,1830.478929,3334.310741,1503.831812,82.155101,1.480211,10.587807,12.651635,10.642149,8.774038,10.663907,12.651635,38.112343000,127.266890000,38.112343000,127.266890000,38.112640000,127.266790000,38.112724410,127.266734291,38.112470000,127.267180000,38.112536860,127.267296808,38.112057000,127.266990000,38.111968858,127.267037050,38.112225000,127.266620000,38.112214602,127.266520700
606,606,825297974373,121.195,2.000000,38.098980000,127.261040000,836.000000,1830.478929,3334.310741,1503.831812,82.155101,1.480211,10.587807,12.651635,10.642149,8.774038,10.663907,12.651635,38.112343000,127.266890000,38.112343000,127.266890000,38.112640000,127.266790000,38.112724410,127.266734291,38.112470000,127.267180000,38.112536860,127.267296808,38.112057000,127.266990000,38.111968858,127.267037050,38.112225000,127.266620000,38.112214602,127.266520700
607,607,825297974577,121.399,2.000000,38.099100000,127.261130000,836.000000,1978.318463,3671.528951,1693.210488,85.588368,0.240266,8.296289,15.097207,11.012937,12.048670,11.613776,15.097207,38.113094000,127.266210000,38.113094000,127.266210000,38.113420000,127.266090000,38.113471922,127.266022049,38.113224000,127.266490000,38.113316886,127.266615597,38.112793000,127.266330000,38.112702533,127.266380887,38.112970000,127.265940000,38.112907574,127.265827622
608,608,825297974781,121.603,2.000000,38.099100000,127.261130000,836.000000,1978.318463,3671.528951,1693.210488,85.588368,0.240266,8.296289,15.097207,11.012937,12.048670,11.613776,15.097207,38.113094000,127.266210000,38.113094000,127.266210000,38.113420000,127.266090000,38.113471922,127.266022049,38.113224000,127.266490000,38.113316886,127.266615597,38.112793000,127.266330000,38.112702533,127.266380887,38.112970000,127.265940000,38.112907574,127.265827622
609,609,825297974981,121.803,2.000000,38.099228000,127.261230000,835.000000,1841.889432,3800.498388,1958.608956,106.336945,0.324400,11.324458,17.559086,11.913990,15.145051,13.985646,17.559086,38.112614000,127.267456000,38.112614000,127.267456000,38.112920000,127.267365000,38.113013700,127.267314653,38.112732000,127.267746000,38.112842300,127.267889313,38.112328000,127.267555000,38.112224473,127.267589495,38.112507000,127.267180000,38.112417905,127.267049320
610,610,825297975181,122.003,2.000000,38.099228000,127.261230000,835.000000,1841.889432,3800.498388,1958.608956,106.336945,0.324400,11.324458,17.559086,11.913990,15.145051,13.985646,17.559086,38.112614000,127.267456000,38.112614000,127.267456000,38.112920000,127.267365000,38.113013700,127.267314653,38.112732000,127.267746000,38.112842300,127.267889313,38.112328000,127.267555000,38.112224473,127.267589495,38.112507000,127.267180000,38.112417905,127.267049320
611,611,825297975383,122.205,2.000000,38.099293000,127.261284000,835.000000,1829.494497,3806.204958,1976.710461,108.046811,1.377753,13.422311,17.637108,11.064390,15.386216,14.377506,17.637108,38.112330000,127.268120000,38.112330000,127.268120000,38.112614000,127.268030000,38.112732473,127.268001515,38.112453000,127.268420000,38.112558900,127.268569777,38.112053000,127.268196000,38.111961011,127.268243844,38.112220000,127.267820000,38.112123215,127.267694589
612,612,825297975571,122.393,2.000000,38.099422000,127.261380000,835.000000,1787.930601,2905.736226,1117.805625,62.519520,7.914980,8.032845,8.646617,7.244100,24.623078,12.136660,24.623078,38.111904000,127.269470000,38.111904000,127.269470000,38.112170000,127.269400000,38.112175623,127.269308566,38.112022000,127.269790000,38.111955298,127.269840585,38.111630000,127.269530000,38.111597445,127.269601614,38.111797000,127.269165000,38.111636839,127.268971101
613,613,825297975775,122.597,2.000000,38.099422000,127.261380000,835.000000,1787.930601,2905.736226,1117.805625,62.519520,7.914980,8.032845,8.646617,7.244100,24.623078,12.136660,24.623078,38.111904000,127.269470000,38.111904000,127.269470000,38.112170000,127.269400000,38.112175623,127.269308566,38.112022000,127.269790000,38.111955298,127.269840585,38.111630000,127.269530000,38.111597445,127.269601614,38.111797000,127.269165000,38.111636839,127.268971101
614,614,825297975975,122.797,2.000000,38.099550000,127.261480000,835.000000,1982.681469,3682.765705,1700.084236,85.746715,1.966142,13.093134,13.029885,11.655452,8.404786,11.545814,13.093134,38.112200000,127.270226000,38.112200000,127.270226000,38.112500000,127.270180000,38.112616679,127.270161154,38.112335000,127.270570000,38.112383188,127.270705574,38.111930000,127.270280000,38.111827791,127.270308872,38.112087000,127.269900000,38.112083147,127.269804165
615,615,825297976182,123.004,2.000000,38.099550000,127.261480000,835.000000,1982.681469,3682.765705,1700.084236,85.746715,1.966142,13.093134,13.029885,11.655452,8.404786,11.545814,13.093134,38.112200000,127.270226000,38.112200000,127.270226000,38.112500000,127.270180000,38.112616679,127.270161154,38.112335000,127.270570000,38.112383188,127.270705574,38.111930000,127.270280000,38.111827791,127.270308872,38.112087000,127.269900000,38.112083147,127.269804165
616,616,825297976385,123.207,2.000000,38.099678000,127.261580000,835.000000,1858.599750,3686.676373,1828.076623,98.357735,0.902187,11.102349,13.673933,10.526081,16.552978,12.963835,16.552978,38.112663000,127.268845000,38.112663000,127.268845000,38.112953000,127.268770000,38.113046393,127.268725523,38.112797000,127.269160000,38.112863376,127.269291364,38.112392000,127.268930000,38.112301609,127.268965282,38.112553000,127.268550000,38.112455525,127.268407278
617,617,825297976572,123.394,2.000000,38.099678000,127.261580000,835.000000,1858.599750,3686.676373,1828.076623,98.357735,0.902187,11.102349,13.673933,10.526081,16.552978,12.963835,16.552978,38.112663000,127.268845000,38.112663000,127.268845000,38.112953000,127.268770000,38.113046393,127.268725523,38.112797000,127.269160000,38.112863376,127.269291364,38.112392000,127.268930000,38.112301609,127.268965282,38.112553000,127.268550000,38.112455525,127.268407278
618,618,825297976775,123.597,2.000000,38.099743000,127.261635000,834.000000,1847.408825,3769.814317,1922.405492,104.059560,0.522875,11.307273,15.596348,12.270945,15.302133,13.619175,15.596348,38.112965000,127.268166000,38.112965000,127.268166000,38.113262000,127.268074000,38.113358059,127.268032036,38.113100000,127.268460000,38.113184149,127.268602374,38.112694000,127.268260000,38.112587349,127.268295420,38.112846000,127.267876000,38.112754212,127.267745945
619,619,825297976978,123.800,2.000000,38.099873000,127.261734000,834.000000,1868.656030,3894.391406,2025.735376,108.406006,1.153194,12.308949,18.456197,10.959547,15.855726,14.395104,18.456197,38.113650000,127.266860000,38.113650000,127.266860000,38.113956000,127.266740000,38.114059298,127.266689865,38.113777000,127.267136000,38.113901305,127.267275439,38.113358000,127.266970000,38.113271107,127.267028828,38.113530000,127.266590000,38.113425992,127.266466315
620,620,825297977178,124.000,2.000000,38.099873000,127.261734000,834.000000,1868.656030,3894.391406,2025.735376,108.406006,1.153194,12.308949,18.456197,10.959547,15.855726,14.395104,18.456197,38.113650000,127.266860000,38.113650000,127.266860000,38.113956000,127.266740000,38.114059298,127.266689865,38.113777000,127.267136000,38.113901305,127.267275439,38.113358000,127.266970000,38.113271107,127.267028828,38.113530000,127.266590000,38.113425992,127.266466315
621,621,825297977382,124.204,2.000000,38.100002000,127.261840000,834.000000,1894.800518,3914.910979,2020.110460,106.613358,0.401234,12.564927,16.525738,10.850992,16.906727,14.212096,16.906727,38.113457000,127.268060000,38.113457000,127.268060000,38.113754000,127.267970000,38.113859118,127.267917744,38.113590000,127.268360000,38.113692200,127.268496851,38.113163000,127.268150000,38.113073221,127.268198252,38.113335000,127.267780000,38.113230649,127.267639747
622,622,825297977586,124.408,2.000000,38.100002000,127.261840000,834.000000,1894.800518,3914.910979,2020.110460,106.613358,0.401234,12.564927,16.525738,10.850992,16.906727,14.212096,16.906727,38.113457000,127.268060000,38.113457000,127.268060000,38.113754000,127.267970000,38.113859118,127.267917744,38.113590000,127.268360000,38.113692200,127.268496851,38.113163000,127.268150000,38.113073221,127.268198252,38.113335000,127.267780000,38.113230649,127.267639747
623,623,825297977774,124.596,2.000000,38.100132000,127.261940000,833.000000,1855.716504,3591.370207,1735.653703,93.530111,0.296416,11.308866,12.856769,11.071544,13.548849,12.196507,13.548849,38.112938000,127.269350000,38.112938000,127.269350000,38.113228000,127.269280000,38.113324659,127.269240266,38.113075000,127.269670000,38.113133354,127.269796676,38.112675000,127.269430000,38.112579278,127.269464320,38.112823000,127.269050000,38.112754358,127.268922256
624,624,825297977978,124.800,2.000000,38.100197000,127.261990000,833.000000,1909.640354,3634.785281,1725.144926,90.338734,0.248600,11.762270,12.627209,12.578048,10.768625,11.934038,12.627209,38.112694000,127.270110000,38.112694000,127.270110000,38.112980000,127.270060000,38.113081217,127.270021459,38.112820000,127.270440000,38.112873581,127.270567071,38.112420000,127.270170000,38.112307783,127.270186773,38.112568000,127.269790000,38.112531355,127.269676214
625,625,825297978181,125.003,2.000000,38.100197000,127.261990000,833.000000,1909.640354,3634.785281,1725.144926,90.338734,0.248600,11.762270,12.627209,12.578048,10.768625,11.934038,12.627209,38.112694000,127.270110000,38.112694000,127.270110000,38.112980000,127.270060000,38.113081217,127.270021459,38.112820000,127.270440000,38.112873581,127.270567071,38.112420000,127.270170000,38.112307783,127.270186773,38.112568000,127.269790000,38.112531355,127.269676214
626,626,825297978384,125.206,2.000000,38.100327000,127.262090000,833.000000,2073.071328,3907.539938,1834.468610,88.490376,2.067684,14.785054,13.155729,11.031521,9.872167,12.211118,14.785054,38.112830000,127.271255000,38.112830000,127.271255000,38.113113000,127.271210000,38.113245645,127.271201419,38.112960000,127.271610000,38.113010486,127.271745808,38.112540000,127.271290000,38.112443113,127.271316458,38.112694000,127.270905000,38.112673483,127.270795344
627,627,825297978573,125.395,2.000000,38.100327000,127.262090000,833.000000,2073.071328,3907.539938,1834.468610,88.490376,2.067684,14.785054,13.155729,11.031521,9.872167,12.211118,14.785054,38.112830000,127.271255000,38.112830000,127.271255000,38.113113000,127.271210000,38.113245645,127.271201419,38.112960000,127.271610000,38.113010486,127.271745808,38.112540000,127.271290000,38.112443113,127.271316458,38.112694000,127.270905000,38.112673483,127.270795344
628,628,825297978778,125.600,2.000000,38.100460000,127.262190000,832.000000,1876.252755,3765.791859,1889.539103,100.708132,0.672831,13.193869,14.606290,11.810463,13.183626,13.198562,14.606290,38.113210000,127.269910000,38.113210000,127.269910000,38.113495000,127.269844000,38.113611400,127.269815618,38.113342000,127.270230000,38.113412792,127.270370411,38.112940000,127.269980000,38.112836360,127.270008843,38.113083000,127.269600000,38.113021669,127.269471233
629,629,825297978981,125.803,2.000000,38.100460000,127.262190000,832.000000,1876.252755,3765.791859,1889.539103,100.708132,0.672831,13.193869,14.606290,11.810463,13.183626,13.198562,14.606290,38.113210000,127.269910000,38.113210000,127.269910000,38.113495000,127.269844000,38.113611400,127.269815618,38.113342000,127.270230000,38.113412792,127.270370411,38.112940000,127.269980000,38.112836360,127.270008843,38.113083000,127.269600000,38.113021669,127.269471233
630,630,825297979183,126.005,2.000000,38.100525000,127.262245000,832.000000,1893.190588,3794.660186,1901.469597,100.437305,1.087769,13.783740,15.308947,11.151957,13.487228,13.432968,15.308947,38.113503000,127.269240000,38.113503000,127.269240000,38.113785000,127.269160000,38.113906023,127.269126731,38.113632000,127.269550000,38.113718030,127.269686366,38.113220000,127.269320000,38.113123319,127.269353354,38.113373000,127.268936000,38.113300295,127.268812818
631,631,825297979386,126.208,2.000000,38.100655000,127.262350000,831.000000,1893.200343,3716.695147,1823.494804,96.318111,1.137459,9.615437,15.257452,10.294796,16.828997,12.999170,16.828997,38.114067000,127.267900000,38.114067000,127.267900000,38.114384000,127.267810000,38.114449537,127.267738486,38.114210000,127.268190000,38.114303283,127.268317631,38.113780000,127.268005000,38.113696119,127.268054496,38.113953000,127.267630000,38.113842401,127.267499005
632,632,825297979574,126.396,2.000000,38.100655000,127.262350000,831.000000,1893.200343,3716.695147,1823.494804,96.318111,1.137459,9.615437,15.257452,10.294796,16.828997,12.999170,16.828997,38.114067000,127.267900000,38.114067000,127.267900000,38.114384000,127.267810000,38.114449537,127.267738486,38.114210000,127.268190000,38.114303283,127.268317631,38.113780000,127.268005000,38.113696119,127.268054496,38.113953000,127.267630000,38.113842401,127.267499005
633,633,825297979778,126.600,2.000000,38.100784000,127.262450000,831.000000,1979.455069,3929.664306,1950.209237,98.522531,0.791176,11.642885,17.051725,10.698434,14.910815,13.575965,17.051725,38.114326000,127.268500000,38.114326000,127.268500000,38.114628000,127.268400000,38.114725251,127.268351082,38.114460000,127.268800000,38.114569467,127.268936184,38.114033000,127.268600000,38.113943326,127.268643934,38.114185000,127.268210000,38.114096235,127.268082504
634,634,825297979981,126.803,2.000000,38.100784000,127.262450000,831.000000,1979.455069,3929.664306,1950.209237,98.522531,0.791176,11.642885,17.051725,10.698434,14.910815,13.575965,17.051725,38.114326000,127.268500000,38.114326000,127.268500000,38.114628000,127.268400000,38.114725251,127.268351082,38.114460000,127.268800000,38.114569467,127.268936184,38.114033000,127.268600000,38.113943326,127.268643934,38.114185000,127.268210000,38.114096235,127.268082504
635,635,825297980185,127.007,2.000000,38.100914000,127.262550000,830.000000,1914.447902,3782.207485,1867.759584,97.561265,0.498674,13.209055,13.738931,11.953702,12.982015,12.970926,13.738931,38.113780000,127.269850000,38.113780000,127.269850000,38.114063000,127.269770000,38.114179892,127.269744071,38.113920000,127.270164000,38.113983692,127.270298362,38.113500000,127.269920000,38.113395646,127.269952181,38.113644000,127.269540000,38.113579816,127.269416246
636,636,825297980374,127.196,2.000000,38.100980000,127.262600000,830.000000,1917.535061,3677.444599,1759.909538,91.779784,0.783528,12.243621,11.184138,12.478813,12.481791,12.097091,12.481791,38.113544000,127.270540000,38.113544000,127.270540000,38.113830000,127.270485000,38.113936487,127.270450020,38.113690000,127.270874000,38.113726121,127.270993157,38.113277000,127.270610000,38.113165664,127.270626599,38.113410000,127.270226000,38.113360126,127.270098363
637,637,825297980577,127.399,2.000000,38.100980000,127.262600000,830.000000,1917.535061,3677.444599,1759.909538,91.779784,0.783528,12.243621,11.184138,12.478813,12.481791,12.097091,12.481791,38.113544000,127.270540000,38.113544000,127.270540000,38.113830000,127.270485000,38.113936487,127.270450020,38.113690000,127.270874000,38.113726121,127.270993157,38.113277000,127.270610000,38.113165664,127.270626599,38.113410000,127.270226000,38.113360126,127.270098363
638,638,825297980779,127.601,2.000000,38.101110000,127.262700000,829.000000,2038.810016,3853.441535,1814.631518,89.004444,0.545441,13.752589,11.304290,11.536597,11.709985,12.075865,13.752589,38.113346000,127.271940000,38.113346000,127.271940000,38.113632000,127.271904000,38.113755217,127.271892624,38.113483000,127.272300000,38.113513579,127.272423075,38.113060000,127.271970000,38.112957542,127.271989794,38.113213000,127.271600000,38.113180989,127.271472643
639,639,825297980980,127.802,2.000000,38.101110000,127.262700000,829.000000,2038.810016,3853.441535,1814.631518,89.004444,0.545441,13.752589,11.304290,11.536597,11.709985,12.075865,13.752589,38.113346000,127.271940000,38.113346000,127.271940000,38.113632000,127.271904000,38.113755217,127.271892624,38.113483000,127.272300000,38.113513579,127.272423075,38.113060000,127.271970000,38.112957542,127.271989794,38.113213000,127.271600000,38.113180989,127.271472643
640,640,825297981184,128.006,2.000000,38.101240000,127.262810000,829.000000,1965.233586,3813.175374,1847.941788,94.031661,0.508992,13.895662,11.843513,13.265279,11.765423,12.692469,13.895662,38.113834000,127.271100000,38.113834000,127.271100000,38.114110000,127.271040000,38.114233754,127.271019241,38.113970000,127.271440000,38.114014555,127.271562795,38.113556000,127.271164000,38.113436915,127.271169516,38.113690000,127.270775000,38.113652371,127.270649470
641,641,825297981373,128.195,2.000000,38.101240000,127.262810000,829.000000,1965.233586,3813.175374,1847.941788,94.031661,0.508992,13.895662,11.843513,13.265279,11.765423,12.692469,13.895662,38.113834000,127.271100000,38.113834000,127.271100000,38.114110000,127.271040000,38.114233754,127.271019241,38.113970000,127.271440000,38.114014555,127.271562795,38.113556000,127.271164000,38.113436915,127.271169516,38.113690000,127.270775000,38.113652371,127.270649470
642,642,825297981576,128.398,2.000000,38.101368000,127.262910000,828.000000,1862.429789,3676.257991,1813.828202,97.390420,0.565825,11.744220,14.942987,11.948968,12.439347,12.768880,14.942987,38.114260000,127.269700000,38.114260000,127.269700000,38.114548000,127.269620000,38.114648314,127.269578474,38.114390000,127.270004000,38.114472812,127.270138277,38.113987000,127.269780000,38.113883372,127.269815564,38.114120000,127.269400000,38.114059616,127.269280495
643,643,825297981780,128.602,2.000000,38.101430000,127.262960000,828.000000,1904.415737,3656.878256,1752.462518,92.021006,0.662201,11.164634,14.881896,9.820215,13.469590,12.334084,14.881896,38.114510000,127.269104000,38.114510000,127.269104000,38.114800000,127.269010000,38.114893269,127.268963131,38.114643000,127.269400000,38.114730473,127.269528495,38.114220000,127.269196000,38.114138347,127.269238441,38.114370000,127.268814000,38.114294510,127.268693811
644,644,825297981984,128.806,2.000000,38.101430000,127.262960000,828.000000,1904.415737,3656.878256,1752.462518,92.021006,0.662201,11.164634,14.881896,9.820215,13.469590,12.334084,14.881896,38.114510000,127.269104000,38.114510000,127.269104000,38.114800000,127.269010000,38.114893269,127.268963131,38.114643000,127.269400000,38.114730473,127.269528495,38.114220000,127.269196000,38.114138347,127.269238441,38.114370000,127.268814000,38.114294510,127.268693811
645,645,825297982172,128.994,2.000000,38.101560000,127.263060000,827.000000,1979.848643,3949.970001,1970.121357,99.508685,0.831449,12.981933,15.851461,10.168945,14.949553,13.487973,15.851461,38.115093000,127.269000000,38.115093000,127.269000000,38.115387000,127.268900000,38.115497234,127.268851626,38.115246000,127.269295000,38.115337887,127.269433263,38.114796000,127.269100000,38.114712182,127.269146164,38.114944000,127.268710000,38.114854830,127.268582368
646,646,825297982374,129.196,2.000000,38.101560000,127.263060000,827.000000,1979.848643,3949.970001,1970.121357,99.508685,0.831449,12.981933,15.851461,10.168945,14.949553,13.487973,15.851461,38.115093000,127.269000000,38.115093000,127.269000000,38.115387000,127.268900000,38.115497234,127.268851626,38.115246000,127.269295000,38.115337887,127.269433263,38.114796000,127.269100000,38.114712182,127.269146164,38.114944000,127.268710000,38.114854830,127.268582368
647,647,825297982577,129.399,2.000000,38.101690000,127.263170000,827.000000,1919.781135,3726.173617,1806.392481,94.093668,0.357288,12.452573,12.796807,13.004471,11.760991,12.503710,13.004471,38.114520000,127.270386000,38.114520000,127.270386000,38.114807000,127.270310000,38.114915961,127.270277826,38.114666000,127.270700000,38.114719768,127.270829142,38.114250000,127.270460000,38.114135274,127.270487992,38.114380000,127.270070000,38.114323125,127.269956835
648,648,825297982780,129.602,2.000000,38.101690000,127.263170000,827.000000,1919.781135,3726.173617,1806.392481,94.093668,0.357288,12.452573,12.796807,13.004471,11.760991,12.503710,13.004471,38.114520000,127.270386000,38.114520000,127.270386000,38.114807000,127.270310000,38.114915961,127.270277826,38.114666000,127.270700000,38.114719768,127.270829142,38.114250000,127.270460000,38.114135274,127.270487992,38.114380000,127.270070000,38.114323125,127.269956835
649,649,825297982983,129.805,2.000000,38.101753000,127.263214000,826.000000,1942.649964,3706.757238,1764.107274,90.809323,0.520905,12.713744,12.787275,12.016349,11.166294,12.170915,12.787275,38.114310000,127.271000000,38.114310000,127.271000000,38.114597000,127.270940000,38.114709067,127.270912017,38.114450000,127.271330000,38.114506287,127.271457271,38.114037000,127.271065000,38.113930529,127.271087590,38.114174000,127.270680000,38.114129918,127.270565479
650,650,825297983185,130.007,2.000000,38.101883000,127.263320000,826.000000,1996.723496,3718.960539,1722.237043,86.253157,0.085563,13.075054,10.713342,13.088731,10.364091,11.810305,13.088731,38.113914000,127.272440000,38.113914000,127.272440000,38.114197000,127.272400000,38.114314276,127.272391749,38.114050000,127.272800000,38.114078701,127.272916754,38.113647000,127.272484000,38.113529448,127.272487136,38.113790000,127.272095000,38.113758509,127.271983642
651,651,825297983373,130.195,2.000000,38.101883000,127.263320000,826.000000,1996.723496,3718.960539,1722.237043,86.253157,0.085563,13.075054,10.713342,13.088731,10.364091,11.810305,13.088731,38.113914000,127.272440000,38.113914000,127.272440000,38.114197000,127.272400000,38.114314276,127.272391749,38.114050000,127.272800000,38.114078701,127.272916754,38.113647000,127.272484000,38.113529448,127.272487136,38.113790000,127.272095000,38.113758509,127.271983642
652,652,825297983577,130.399,2.000000,38.102013000,127.263420000,825.000000,2023.643836,3816.055247,1792.411411,88.573462,0.363908,13.695875,11.428417,13.262522,10.159983,12.136699,13.695875,38.114407000,127.272280000,38.114407000,127.272280000,38.114693000,127.272230000,38.114815843,127.272221340,38.114550000,127.272630000,38.114580167,127.272754725,38.114136000,127.272330000,38.114017071,127.272339000,38.114270000,127.271935000,38.114242209,127.271824506
653,653,825297983782,130.604,2.000000,38.102077000,127.263470000,825.000000,1971.403000,3727.933955,1756.530955,89.100552,1.085404,12.685806,9.992147,12.687937,12.598401,11.991073,12.687937,38.114640000,127.271416000,38.114640000,127.271416000,38.114925000,127.271360000,38.115036297,127.271328880,38.114796000,127.271760000,38.114822352,127.271869059,38.114365000,127.271480000,38.114251673,127.271495459,38.114506000,127.271100000,38.114453143,127.270972808
654,654,825297983986,130.808,2.000000,38.102077000,127.263470000,825.000000,1971.403000,3727.933955,1756.530955,89.100552,1.085404,12.685806,9.992147,12.687937,12.598401,11.991073,12.687937,38.114640000,127.271416000,38.114640000,127.271416000,38.114925000,127.271360000,38.115036297,127.271328880,38.114796000,127.271760000,38.114822352,127.271869059,38.114365000,127.271480000,38.114251673,127.271495459,38.114506000,127.271100000,38.114453143,127.270972808
655,655,825297984175,130.997,2.000000,38.102207000,127.263570000,824.000000,1856.295048,3604.884180,1748.589132,94.197802,0.705050,12.185235,12.120513,11.386540,13.596560,12.322212,13.596560,38.115110000,127.270040000,38.115110000,127.270040000,38.115390000,127.269960000,38.115492086,127.269909794,38.115260000,127.270350000,38.115318790,127.270466481,38.114838000,127.270134000,38.114738396,127.270163584,38.114975000,127.269750000,38.114901778,127.269625748
656,656,825297984378,131.200,2.000000,38.102207000,127.263570000,824.000000,1856.295048,3604.884180,1748.589132,94.197802,0.705050,12.185235,12.120513,11.386540,13.596560,12.322212,13.596560,38.115110000,127.270040000,38.115110000,127.270040000,38.115390000,127.269960000,38.115492086,127.269909794,38.115260000,127.270350000,38.115318790,127.270466481,38.114838000,127.270134000,38.114738396,127.270163584,38.114975000,127.269750000,38.114901778,127.269625748
657,657,825297984581,131.403,2.000000,38.102337000,127.263670000,823.000000,1958.697835,3908.859700,1950.161865,99.564202,0.742883,13.350282,15.103587,11.515910,13.974240,13.486005,15.103587,38.115776000,127.269660000,38.115776000,127.269660000,38.116070000,127.269560000,38.116185206,127.269517650,38.115925000,127.269960000,38.116013757,127.270090431,38.115490000,127.269760000,38.115391633,127.269800704,38.115627000,127.269370000,38.115547808,127.269246200
658,658,825297984784,131.606,2.000000,38.102337000,127.263670000,823.000000,1958.697835,3908.859700,1950.161865,99.564202,0.742883,13.350282,15.103587,11.515910,13.974240,13.486005,15.103587,38.115776000,127.269660000,38.115776000,127.269660000,38.116070000,127.269560000,38.116185206,127.269517650,38.115925000,127.269960000,38.116013757,127.270090431,38.115490000,127.269760000,38.115391633,127.269800704,38.115627000,127.269370000,38.115547808,127.269246200
659,659,825297984972,131.794,2.000000,38.102467000,127.263780000,822.000000,1938.968430,3657.038389,1718.069959,88.607423,0.125487,12.396329,11.621104,11.650048,11.720048,11.846882,12.396329,38.115265000,127.271010000,38.115265000,127.271010000,38.115550000,127.270935000,38.115658297,127.270902044,38.115414000,127.271330000,38.115459127,127.271449649,38.114990000,127.271090000,38.114887119,127.271114382,38.115124000,127.270700000,38.115072410,127.270583350
660,660,825297985178,132.000,2.000000,38.102467000,127.263780000,822.000000,1938.968430,3657.038389,1718.069959,88.607423,0.125487,12.396329,11.621104,11.650048,11.720048,11.846882,12.396329,38.115265000,127.271010000,38.115265000,127.271010000,38.115550000,127.270935000,38.115658297,127.270902044,38.115414000,127.271330000,38.115459127,127.271449649,38.114990000,127.271090000,38.114887119,127.271114382,38.115124000,127.270700000,38.115072410,127.270583350
661,661,825297985383,132.205,2.000000,38.102520000,127.263820000,822.000000,1917.446641,3612.148503,1694.701863,88.383261,0.154423,12.564699,10.998053,12.476208,10.778220,11.704295,12.564699,38.115055000,127.271706000,38.115055000,127.271706000,38.115330000,127.271640000,38.115440816,127.271612751,38.115200000,127.272040000,38.115236823,127.272156525,38.114788000,127.271774000,38.114676809,127.271791864,38.114914000,127.271385000,38.114877882,127.271270820
662,662,825297985572,132.394,2.000000,38.102650000,127.263920000,821.000000,1922.654084,3709.921947,1787.267863,92.958368,0.748938,15.616588,10.692768,13.276045,10.220595,12.451499,15.616588,38.114643000,127.273130000,38.114643000,127.273130000,38.114914000,127.273090000,38.115054266,127.273093033,38.114777000,127.273490000,38.114804730,127.273606888,38.114384000,127.273180000,38.114264741,127.273179108,38.114517000,127.272790000,38.114494784,127.272676773
663,663,825297985775,132.597,2.000000,38.102650000,127.263920000,821.000000,1922.654084,3709.921947,1787.267863,92.958368,0.748938,15.616588,10.692768,13.276045,10.220595,12.451499,15.616588,38.114643000,127.273130000,38.114643000,127.273130000,38.114914000,127.273090000,38.115054266,127.273093033,38.114777000,127.273490000,38.114804730,127.273606888,38.114384000,127.273180000,38.114264741,127.273179108,38.114517000,127.272790000,38.114494784,127.272676773
664,664,825297985978,132.800,2.000000,38.102780000,127.264020000,821.000000,2047.438684,3949.722836,1902.284152,92.910433,1.311767,16.269359,11.844706,13.404982,9.900882,12.854982,16.269359,38.115086000,127.273254000,38.115086000,127.273254000,38.115360000,127.273210000,38.115506135,127.273212667,38.115220000,127.273610000,38.115255385,127.273737542,38.114800000,127.273290000,38.114679587,127.273291576,38.114940000,127.272900000,38.114923096,127.272789015
665,665,825297986181,133.003,2.000000,38.102780000,127.264020000,821.000000,2047.438684,3949.722836,1902.284152,92.910433,1.311767,16.269359,11.844706,13.404982,9.900882,12.854982,16.269359,38.115086000,127.273254000,38.115086000,127.273254000,38.115360000,127.273210000,38.115506135,127.273212667,38.115220000,127.273610000,38.115255385,127.273737542,38.114800000,127.273290000,38.114679587,127.273291576,38.114940000,127.272900000,38.114923096,127.272789015
666,666,825297986386,133.208,2.000000,38.103035000,127.264230000,819.000000,1885.843696,3618.094729,1732.251034,91.855494,0.305761,12.157709,12.752647,11.795610,11.616255,12.080555,12.752647,38.115970000,127.270480000,38.115970000,127.270480000,38.116250000,127.270386000,38.116354720,127.270346586,38.116127000,127.270780000,38.116186925,127.270904098,38.115700000,127.270570000,38.115598280,127.270607725,38.115818000,127.270180000,38.115758918,127.270070674
667,667,825297986574,133.396,2.000000,38.103035000,127.264230000,819.000000,1885.843696,3618.094729,1732.251034,91.855494,0.305761,12.157709,12.752647,11.795610,11.616255,12.080555,12.752647,38.115970000,127.270480000,38.115970000,127.270480000,38.116250000,127.270386000,38.116354720,127.270346586,38.116127000,127.270780000,38.116186925,127.270904098,38.115700000,127.270570000,38.115598280,127.270607725,38.115818000,127.270180000,38.115758918,127.270070674
668,668,825297986778,133.600,2.000000,38.103100000,127.264275000,819.000000,1940.149735,3773.637043,1833.487308,94.502361,0.633025,13.135334,13.350465,11.608731,12.455184,12.637429,13.350465,38.116306000,127.270294000,38.116306000,127.270294000,38.116596000,127.270200000,38.116708934,127.270156539,38.116467000,127.270600000,38.116539573,127.270721357,38.116028000,127.270390000,38.115928753,127.270430692,38.116154000,127.270004000,38.116090454,127.269886950
669,669,825297986983,133.805,2.000000,38.103165000,127.264330000,819.000000,1996.509149,3874.434953,1877.925804,94.060466,0.229252,13.149438,13.154365,12.332307,12.426453,12.765641,13.154365,38.116405000,127.270790000,38.116405000,127.270790000,38.116695000,127.270700000,38.116808961,127.270660493,38.116566000,127.271100000,38.116630032,127.271226233,38.116123000,127.270880000,38.116015457,127.270913807,38.116245000,127.270485000,38.116182436,127.270367495
670,670,825297987171,133.993,2.000000,38.103230000,127.264380000,818.000000,1971.646516,3760.648563,1789.002046,90.736450,0.215139,13.335204,11.215246,13.486435,11.004207,12.260273,13.486435,38.116093000,127.271600000,38.116093000,127.271600000,38.116383000,127.271530000,38.116500058,127.271497657,38.116253000,127.271930000,38.116297114,127.272045126,38.115826000,127.271680000,38.115705952,127.271700733,38.115948000,127.271286000,38.115902215,127.271174645
671,671,825297987375,134.197,2.000000,38.103360000,127.264480000,818.000000,1943.100365,3780.685754,1837.585389,94.569762,1.253361,15.406571,12.111178,11.875907,11.098489,12.623036,15.406571,38.115704000,127.273020000,38.115704000,127.273020000,38.115970000,127.272960000,38.116108354,127.272955497,38.115840000,127.273360000,38.115882111,127.273487505,38.115425000,127.273060000,38.115320273,127.273085847,38.115560000,127.272680000,38.115521676,127.272563016
672,672,825297987577,134.399,2.000000,38.103360000,127.264480000,818.000000,1943.100365,3780.685754,1837.585389,94.569762,1.253361,15.406571,12.111178,11.875907,11.098489,12.623036,15.406571,38.115704000,127.273020000,38.115704000,127.273020000,38.115970000,127.272960000,38.116108354,127.272955497,38.115840000,127.273360000,38.115882111,127.273487505,38.115425000,127.273060000,38.115320273,127.273085847,38.115560000,127.272680000,38.115521676,127.272563016
673,673,825297987782,134.604,2.000000,38.103424000,127.264534000,817.000000,1920.364728,3731.510071,1811.145343,94.312571,0.301816,13.798587,11.089658,14.916322,10.628070,12.608159,14.916322,38.115500000,127.273660000,38.115500000,127.273660000,38.115780000,127.273620000,38.115903854,127.273613656,38.115627000,127.274010000,38.115657557,127.274130516,38.115240000,127.273705000,38.115106053,127.273700431,38.115376000,127.273320000,38.115345563,127.273204983
674,674,825297987983,134.805,2.000000,38.103490000,127.264580000,817.000000,1966.848729,3851.904756,1885.056027,95.841434,1.100974,16.177564,12.223251,14.235982,9.918912,13.138927,16.177564,38.115406000,127.274410000,38.115406000,127.274410000,38.115680000,127.274370000,38.115824357,127.274391295,38.115524000,127.274765000,38.115556919,127.274898143,38.115135000,127.274440000,38.115007321,127.274430791,38.115288000,127.274055000,38.115266578,127.273945070
675,675,825297988176,134.998,2.000000,38.103554000,127.264630000,817.000000,2061.120824,3992.916693,1931.795869,93.725503,0.416658,14.757551,12.145141,15.309728,10.070694,13.070778,15.309728,38.115660000,127.274445000,38.115660000,127.274445000,38.115955000,127.274420000,38.116087481,127.274426144,38.115790000,127.274810000,38.115822755,127.274942274,38.115390000,127.274475000,38.115252666,127.274465673,38.115540000,127.274086000,38.115514413,127.273975710
676,676,825297988374,135.196,2.000000,38.103620000,127.264690000,816.000000,1961.892915,3821.375882,1859.482967,94.780044,0.298274,14.374178,10.917263,13.157271,12.307256,12.688992,14.374178,38.115880000,127.273730000,38.115880000,127.273730000,38.116160000,127.273690000,38.116288865,127.273679579,38.116020000,127.274086000,38.116047738,127.274205562,38.115604000,127.273770000,38.115485972,127.273777947,38.115757000,127.273400000,38.115715084,127.273269969
677,677,825297988576,135.398,2.000000,38.103683000,127.264730000,816.000000,1931.585333,3780.035158,1848.449825,95.695996,0.551063,13.006852,12.209267,13.460063,12.795260,12.867861,13.460063,38.116100000,127.273026000,38.116100000,127.273026000,38.116383000,127.272970000,38.116498959,127.272951766,38.116240000,127.273360000,38.116282237,127.273488652,38.115833000,127.273090000,38.115712145,127.273094798,38.115963000,127.272700000,38.115909116,127.272570954
678,678,825297988780,135.602,2.000000,38.103750000,127.264786000,816.000000,1883.758469,3750.879670,1867.121201,99.116805,0.239349,14.432957,12.337379,14.073622,12.272510,13.279117,14.432957,38.116302000,127.272330000,38.116302000,127.272330000,38.116580000,127.272260000,38.116709002,127.272243507,38.116450000,127.272660000,38.116504443,127.272782699,38.116043000,127.272410000,38.115916681,127.272416592,38.116165000,127.272020000,38.116111644,127.271897378
679,679,825297988982,135.804,2.000000,38.103810000,127.264840000,815.000000,1885.629034,3699.332092,1813.703058,96.185571,0.730069,13.890407,12.960172,12.716235,11.573991,12.785201,13.890407,38.116543000,127.271650000,38.116543000,127.271650000,38.116825000,127.271570000,38.116947984,127.271543193,38.116690000,127.271965000,38.116755881,127.272087007,38.116272000,127.271730000,38.116159549,127.271755540,38.116398000,127.271350000,38.116347494,127.271234488
680,680,825297989185,136.007,2.000000,38.103874000,127.264885000,815.000000,1898.564676,3685.721459,1787.156783,94.131994,0.814289,13.559009,13.146378,12.095840,11.510260,12.577872,13.559009,38.116806000,127.270980000,38.116806000,127.270980000,38.117085000,127.270880000,38.117204544,127.270850322,38.116966000,127.271280000,38.117032499,127.271404046,38.116535000,127.271070000,38.116430570,127.271108154,38.116653000,127.270680000,38.116591971,127.270573910
681,681,825297989373,136.195,2.000000,38.103940000,127.264940000,815.000000,2013.920160,4015.831775,2001.911615,99.403723,0.713054,15.302958,13.305335,13.085786,12.707730,13.600452,15.302958,38.117172000,127.271530000,38.117172000,127.271530000,38.117462000,127.271450000,38.117596371,127.271413117,38.117336000,127.271850000,38.117405113,127.271973948,38.116886000,127.271614000,38.116771011,127.271645026,38.117012000,127.271225000,38.116949023,127.271103980
682,682,825297989578,136.400,2.000000,38.104004000,127.264990000,814.000000,2008.438162,3878.409529,1869.971367,93.105748,0.530699,14.590267,11.905204,13.064893,11.343470,12.725958,14.590267,38.116920000,127.272190000,38.116920000,127.272190000,38.117207000,127.272110000,38.117337242,127.272091339,38.117085000,127.272514000,38.117129478,127.272637620,38.116642000,127.272260000,38.116526853,127.272288858,38.116764000,127.271870000,38.116714058,127.271757102
683,683,825297989781,136.603,2.000000,38.104070000,127.265040000,814.000000,1972.566809,3754.912822,1782.346013,90.356687,0.257378,13.402389,11.385499,12.785212,11.366331,12.234858,13.402389,38.116673000,127.272870000,38.116673000,127.272870000,38.116960000,127.272810000,38.117078958,127.272786422,38.116825000,127.273210000,38.116868865,127.273327436,38.116405000,127.272940000,38.116290801,127.272955543,38.116530000,127.272550000,38.116487619,127.272431927
684,684,825297989986,136.808,2.000000,38.104134000,127.265090000,814.000000,1916.000867,3725.593857,1809.592989,94.446355,1.154462,14.770482,12.201834,12.445397,10.459688,12.469350,14.770482,38.116463000,127.273560000,38.116463000,127.273560000,38.116734000,127.273506000,38.116866381,127.273494576,38.116600000,127.273900000,38.116644490,127.274027327,38.116188000,127.273605000,38.116077267,127.273624575,38.116325000,127.273230000,38.116296706,127.273116115
685,685,825297990174,136.996,2.000000,38.104200000,127.265144000,813.000000,1914.188479,3745.381419,1831.192940,95.664192,0.306565,14.942584,11.271849,14.135355,11.338989,12.922194,14.942584,38.116238000,127.274260000,38.116238000,127.274260000,38.116510000,127.274216000,38.116644229,127.274216938,38.116364000,127.274610000,38.116397581,127.274731417,38.115970000,127.274310000,38.115843353,127.274298310,38.116116000,127.273926000,38.116081499,127.273804185
686,686,825297990378,137.200,2.000000,38.104263000,127.265190000,813.000000,1896.391843,3719.613973,1823.222131,96.141635,0.871844,13.290486,11.171944,14.440193,12.104878,12.751875,14.440193,38.116005000,127.274970000,38.116005000,127.274970000,38.116290000,127.274950000,38.116409352,127.274946173,38.116120000,127.275320000,38.116141959,127.275444469,38.115738000,127.275000000,38.115608703,127.274986727,38.115902000,127.274635000,38.115863923,127.274505539
687,687,825297990580,137.402,2.000000,38.104390000,127.265300000,812.000000,1919.290885,3694.732978,1775.442093,92.505107,0.541173,11.863736,11.848525,13.028147,12.016224,12.189158,13.028147,38.116480000,127.274750000,38.116480000,127.274750000,38.116770000,127.274730000,38.116874128,127.274701145,38.116580000,127.275090000,38.116619336,127.275215708,38.116200000,127.274770000,38.116083467,127.274783752,38.116370000,127.274414000,38.116328162,127.274287524
688,688,825297990783,137.605,2.000000,38.104390000,127.265300000,812.000000,1919.290885,3694.732978,1775.442093,92.505107,0.541173,11.863736,11.848525,13.028147,12.016224,12.189158,13.028147,38.116480000,127.274750000,38.116480000,127.274750000,38.116770000,127.274730000,38.116874128,127.274701145,38.116580000,127.275090000,38.116619336,127.275215708,38.116200000,127.274770000,38.116083467,127.274783752,38.116370000,127.274414000,38.116328162,127.274287524
689,689,825297990987,137.809,2.000000,38.104454000,127.265340000,812.000000,1889.275984,3679.362261,1790.086278,94.749856,0.704736,11.531488,12.630317,11.952739,14.060969,12.543878,14.060969,38.116707000,127.274050000,38.116707000,127.274050000,38.117004000,127.274020000,38.117104282,127.273986998,38.116814000,127.274376000,38.116863030,127.274506052,38.116420000,127.274070000,38.116316124,127.274104550,38.116608000,127.273730000,38.116537264,127.273596988
690,690,825297991172,137.994,2.000000,38.104520000,127.265396000,812.000000,1887.593256,3686.552039,1798.958783,95.304366,0.904345,10.551153,14.339193,11.195307,15.989439,13.018773,15.989439,38.116932000,127.273340000,38.116932000,127.273340000,38.117250000,127.273315000,38.117335643,127.273263385,38.117040000,127.273660000,38.117115799,127.273792377,38.116646000,127.273380000,38.116549867,127.273417546,38.116844000,127.273040000,38.116750275,127.272901655
691,691,825297991372,138.194,2.000000,38.104584000,127.265450000,812.000000,1883.603946,3711.852723,1828.248777,97.061210,0.558323,10.456311,18.009906,10.052797,16.079717,13.649683,18.009906,38.117190000,127.272675000,38.117190000,127.272675000,38.117516000,127.272644000,38.117595494,127.272580401,38.117283000,127.272970000,38.117394500,127.273119002,38.116880000,127.272705000,38.116804645,127.272768256,38.117100000,127.272380000,38.116997652,127.272250442
692,692,825297991577,138.399,2.000000,38.104645000,127.265500000,811.000000,1913.611006,3714.514288,1800.903282,94.110207,0.489846,10.693063,16.021125,10.055418,17.738797,13.627101,17.738797,38.117440000,127.272000000,38.117440000,127.272000000,38.117775000,127.271965000,38.117849326,127.271887656,38.117542000,127.272300000,38.117647194,127.272424843,38.117123000,127.272040000,38.117051272,127.272109786,38.117350000,127.271720000,38.117230507,127.271586003
693,693,825297991780,138.602,2.000000,38.104710000,127.265560000,811.000000,2046.045958,3877.886527,1831.840570,89.530764,0.185558,10.281338,18.509854,9.505373,17.563967,13.965133,18.509854,38.117817000,127.272090000,38.117817000,127.272090000,38.118168000,127.272060000,38.118226007,127.271968648,38.117910000,127.272385000,38.118035535,127.272523592,38.117470000,127.272120000,38.117412632,127.272200390,38.117720000,127.271800000,38.117600127,127.271669600
694,694,825297991983,138.805,2.000000,38.104770000,127.265610000,811.000000,1999.153997,3909.291060,1910.137063,95.547270,0.485770,10.723688,20.807746,9.958191,21.309244,15.699717,21.309244,38.117730000,127.272835000,38.117730000,127.272835000,38.118088000,127.272835000,38.118139337,127.272731391,38.117790000,127.273130000,38.117934602,127.273280551,38.117382000,127.272840000,38.117325154,127.272927794,38.117664000,127.272550000,38.117515350,127.272396700
695,695,825297992186,139.008,2.000000,38.104897000,127.265720000,811.000000,1926.144622,3731.366963,1805.222341,93.722056,0.475944,11.104268,21.745193,10.231262,21.959932,16.260164,21.959932,38.117226000,127.274170000,38.117226000,127.274170000,38.117588000,127.274220000,38.117637248,127.274109740,38.117256000,127.274470000,38.117403155,127.274633285,38.116894000,127.274140000,38.116839243,127.274233825,38.117207000,127.273895000,38.117060281,127.273727390
696,696,825297992373,139.195,2.000000,38.104897000,127.265720000,811.000000,1926.144622,3731.366963,1805.222341,93.722056,0.475944,11.104268,21.745193,10.231262,21.959932,16.260164,21.959932,38.117226000,127.274170000,38.117226000,127.274170000,38.117588000,127.274220000,38.117637248,127.274109740,38.117256000,127.274470000,38.117403155,127.274633285,38.116894000,127.274140000,38.116839243,127.274233825,38.117207000,127.273895000,38.117060281,127.273727390
697,697,825297992576,139.398,2.000000,38.104958000,127.265770000,810.000000,1846.595607,3688.970510,1842.374903,99.771433,0.805436,11.592495,24.388264,10.681272,23.430007,17.523009,24.388264,38.116978000,127.274870000,38.116978000,127.274870000,38.117330000,127.274940000,38.117390611,127.274832366,38.116985000,127.275154000,38.117144008,127.275345561,38.116640000,127.274810000,38.116601232,127.274921561,38.116985000,127.274605000,38.116831307,127.274422224
698,698,825297992778,139.600,2.000000,38.105020000,127.265830000,810.000000,1852.197501,3690.439105,1838.241604,99.246522,0.258959,12.152920,24.787253,11.651736,25.142745,18.433664,25.142745,38.116753000,127.275505000,38.116753000,127.275505000,38.117107000,127.275604000,38.117164555,127.275486088,38.116740000,127.275780000,38.116896518,127.275981303,38.116410000,127.275410000,38.116367091,127.275531346,38.116780000,127.275246000,38.116616556,127.275047866
699,699,825297992981,139.803,2.000000,38.105080000,127.265884000,810.000000,1892.764928,3837.652669,1944.887741,102.753792,0.506775,12.614266,28.411494,12.397341,26.541060,19.991040,28.411494,38.116760000,127.276080000,38.116760000,127.276080000,38.117120000,127.276200000,38.117178309,127.276076502,38.116714000,127.276340000,38.116896186,127.276567186,38.116413000,127.275960000,38.116357329,127.276082598,38.116800000,127.275820000,38.116627908,127.275610260
700,700,825297993184,140.006,2.000000,38.105137000,127.265945000,810.000000,1907.601204,3851.089984,1943.488780,101.881293,0.993669,13.041701,29.490622,12.537695,27.137990,20.552002,29.490622,38.117040000,127.275830000,38.117040000,127.275830000,38.117397000,127.275940000,38.117454338,127.275810143,38.116990000,127.276085000,38.117184454,127.276313682,38.116676000,127.275710000,38.116634951,127.275843309,38.117077000,127.275570000,38.116896895,127.275361172
701,701,825297993373,140.195,2.000000,38.105198000,127.266010000,810.000000,1855.703419,3789.515795,1933.812376,104.209129,1.424592,12.913765,31.898846,14.193528,28.405694,21.852959,31.898846,38.117290000,127.275150000,38.117290000,127.275150000,38.117664000,127.275250000,38.117704568,127.275111860,38.117233000,127.275380000,38.117448112,127.275620626,38.116924000,127.275030000,38.116892091,127.275186906,38.117332000,127.274895000,38.117132369,127.274692984
702,702,825297993586,140.408,2.000000,38.105255000,127.266070000,809.000000,1899.764396,3724.484765,1824.720369,96.049825,0.746348,15.679182,32.756954,13.987626,32.458225,23.720497,32.756954,38.117535000,127.274460000,38.117535000,127.274460000,38.117935000,127.274574000,38.117937795,127.274395009,38.117470000,127.274700000,38.117708707,127.274918712,38.117165000,127.274360000,38.117138775,127.274516195,38.117600000,127.274230000,38.117362506,127.274014993
703,703,825297993772,140.594,2.000000,38.105310000,127.266130000,809.000000,1882.111959,3598.263145,1716.151186,91.182205,0.729720,16.261807,34.150553,15.213121,30.882866,24.127087,34.150553,38.117770000,127.273710000,38.117770000,127.273710000,38.118170000,127.273810000,38.118171255,127.273624327,38.117702000,127.273940000,38.117958398,127.274154105,38.117386000,127.273620000,38.117386542,127.273793704,38.117836000,127.273480000,38.117602120,127.273290339
704,704,825297993974,140.796,2.000000,38.105366000,127.266200000,809.000000,1858.997905,3589.484061,1730.486156,93.087042,0.352510,35.960950,38.024990,34.068098,37.142261,36.299075,38.024990,38.118088000,127.273100000,38.118088000,127.273100000,38.118168000,127.272890000,38.118481389,127.272989632,38.118507000,127.273200000,38.118285549,127.273530574,38.118004000,127.273315000,38.117710126,127.273206417,38.117683000,127.273010000,38.117897314,127.272684957
705,705,825297994176,140.998,2.000000,38.105420000,127.266260000,809.000000,1984.168631,3817.696536,1833.527905,92.407867,0.635797,36.038102,38.278389,33.346432,37.294810,36.239433,38.278389,38.118470000,127.272900000,38.118470000,127.272900000,38.118570000,127.272690000,38.118884887,127.272785548,38.118910000,127.273000000,38.118692200,127.273338218,38.118374000,127.273120000,38.118085607,127.273017026,38.118050000,127.272810000,38.118264016,127.272482371
706,706,825297994377,141.199,2.000000,38.105473000,127.266330000,808.000000,1988.482486,3989.047452,2000.564966,100.607623,0.398916,35.096636,37.867352,33.815990,36.728356,35.877083,37.867352,38.118477000,127.273605000,38.118477000,127.273605000,38.118595000,127.273410000,38.118900547,127.273508799,38.118920000,127.273735000,38.118695971,127.274060369,38.118360000,127.273810000,38.118069638,127.273696536,38.118050000,127.273480000,38.118273112,127.273171051
707,707,825297994578,141.400,2.000000,38.105522000,127.266396000,808.000000,1926.041385,3900.151862,1974.110476,102.495745,0.181752,33.245427,37.129348,31.490273,35.130930,34.248995,37.129348,38.118183000,127.274270000,38.118183000,127.274270000,38.118324000,127.274086000,38.118609361,127.274197972,38.118618000,127.274430000,38.118383448,127.274731415,38.118057000,127.274460000,38.117788189,127.274348011,38.117780000,127.274124000,38.117993310,127.273828374
708,708,825297994782,141.604,2.000000,38.105576000,127.266470000,808.000000,1872.817085,3762.820145,1890.003061,100.917654,1.120052,31.718621,36.495428,29.028751,35.207068,33.112467,36.495428,38.117916000,127.274950000,38.117916000,127.274950000,38.118060000,127.274770000,38.118328557,127.274891014,38.118324000,127.275120000,38.118089733,127.275411517,38.117767000,127.275116000,38.117520648,127.275007315,38.117510000,127.274770000,38.117748006,127.274505263
709,709,825297994984,141.806,2.000000,38.105620000,127.266540000,807.000000,1812.366849,3734.146512,1921.779663,106.037013,0.309023,29.306704,35.771652,27.145893,34.122360,31.586652,35.771652,38.117700000,127.275620000,38.117700000,127.275620000,38.117867000,127.275470000,38.118115087,127.275581983,38.118103000,127.275826000,38.117855336,127.276086253,38.117535000,127.275770000,38.117306795,127.275660748,38.117313000,127.275420000,38.117547157,127.275168571
710,710,825297995173,141.995,2.000000,38.105670000,127.266620000,807.000000,1755.631830,3665.265495,1909.633665,108.771875,0.444245,26.810672,34.813249,24.908761,34.345522,30.219551,34.813249,38.117440000,127.276310000,38.117440000,127.276310000,38.117620000,127.276184000,38.117846913,127.276286604,38.117825000,127.276540000,38.117575344,127.276779397,38.117256000,127.276440000,38.117048803,127.276332616,38.117058000,127.276090000,38.117303788,127.275852956
711,711,825297995374,142.196,2.000000,38.105713000,127.266690000,806.000000,1846.926923,3651.741631,1804.814708,97.719876,0.799354,24.653562,36.169571,24.565792,33.548589,29.734379,36.169571,38.117370000,127.276890000,38.117370000,127.276890000,38.117573000,127.276780000,38.117779797,127.276880747,38.117764000,127.277150000,38.117481877,127.277354863,38.117176000,127.277010000,38.116973962,127.276897172,38.116997000,127.276640000,38.117249042,127.276429987
712,712,825297995579,142.401,2.000000,38.105750000,127.266760000,805.000000,1847.066335,3664.901616,1817.835281,98.417433,0.395809,24.696938,35.287797,23.546002,33.424522,29.238815,35.287797,38.117640000,127.276670000,38.117640000,127.276670000,38.117840000,127.276550000,38.118048387,127.276646761,38.118023000,127.276920000,38.117749560,127.277123833,38.117435000,127.276780000,38.117237416,127.276684034,38.117256000,127.276420000,38.117505659,127.276207977
713,713,825297995781,142.603,2.000000,38.105793000,127.266840000,805.000000,1814.984629,3757.456817,1942.472187,107.024167,0.563451,23.837745,34.280086,22.017947,32.420607,28.139096,34.280086,38.117893000,127.275986000,38.117893000,127.275986000,38.118107000,127.275880000,38.118313419,127.275952420,38.118300000,127.276230000,38.118046950,127.276453053,38.117690000,127.276090000,38.117498824,127.276025525,38.117500000,127.275740000,38.117742064,127.275534161
714,714,825297995983,142.805,2.000000,38.105830000,127.266920000,804.000000,1803.035203,3752.570740,1949.535538,108.125207,0.590939,21.816405,33.373384,20.052676,31.411304,26.663442,33.373384,38.118156000,127.275310000,38.118156000,127.275310000,38.118380000,127.275200000,38.118571610,127.275252309,38.118572000,127.275540000,38.118333611,127.275771074,38.117940000,127.275410000,38.117762724,127.275369362,38.117764000,127.275085000,38.117989377,127.274869193
715,715,825297996185,143.007,2.000000,38.105870000,127.267006000,803.000000,1796.301939,3745.962145,1949.660206,108.537444,0.386743,20.093635,32.551801,17.407758,31.641696,25.423722,32.551801,38.118410000,127.274670000,38.118410000,127.274670000,38.118640000,127.274570000,38.118819900,127.274588755,38.118828000,127.274890000,38.118594706,127.275114092,38.118170000,127.274770000,38.118014687,127.274746862,38.117996000,127.274460000,38.118217624,127.274233777
716,716,825297996373,143.195,2.000000,38.105904000,127.267090000,802.000000,1866.401818,3772.857285,1906.455467,102.146036,0.178934,19.210545,32.372071,18.340922,31.380282,25.325955,32.372071,38.118687000,127.274010000,38.118687000,127.274010000,38.118920000,127.273895000,38.119092396,127.273904893,38.119118000,127.274210000,38.118894570,127.274446590,38.118454000,127.274124000,38.118289822,127.274106423,38.118260000,127.273810000,38.118480188,127.273586270
717,717,825297996574,143.396,2.000000,38.105934000,127.267170000,801.000000,1902.236438,3839.825558,1937.589120,101.858480,0.410133,18.944095,32.843393,17.844444,31.203262,25.208799,32.843393,38.119010000,127.273540000,38.119010000,127.273540000,38.119244000,127.273415000,38.119414178,127.273415014,38.119453000,127.273720000,38.119233383,127.273970424,38.118774000,127.273660000,38.118613734,127.273655841,38.118570000,127.273350000,38.118784902,127.273121250
718,718,825297996783,143.605,2.000000,38.105965000,127.267265000,800.000000,1940.567265,4009.524355,2068.957090,106.616098,1.312286,17.851199,33.872638,19.185623,32.481230,25.847673,33.872638,38.119305000,127.274100000,38.119305000,127.274100000,38.119560000,127.273990000,38.119720215,127.273981344,38.119770000,127.274310000,38.119528818,127.274545818,38.119070000,127.274220000,38.118897855,127.274209393,38.118870000,127.273920000,38.119084648,127.273668774
719,719,825297996980,143.802,2.000000,38.105990000,127.267360000,799.000000,1884.078170,4006.752481,2122.674311,112.663813,0.546218,19.635589,32.071294,19.054471,31.865499,25.656713,32.071294,38.119026000,127.274730000,38.119026000,127.274730000,38.119278000,127.274620000,38.119453843,127.274637634,38.119460000,127.274940000,38.119249961,127.275190652,38.118793000,127.274840000,38.118622396,127.274822340,38.118607000,127.274530000,38.118826314,127.274296168
720,720,825297997182,144.004,2.000000,38.106018000,127.267450000,797.000000,1857.714010,3908.696870,2050.982860,110.403585,1.499702,19.534410,33.999103,20.054737,29.841208,25.857364,33.999103,38.118736000,127.275390000,38.118736000,127.275390000,38.118980000,127.275290000,38.119154510,127.275313431,38.119164000,127.275620000,38.118910008,127.275835592,38.118496000,127.275480000,38.118317167,127.275452309,38.118330000,127.275160000,38.118534840,127.274940206
721,721,825297997387,144.209,2.000000,38.106037000,127.267540000,796.000000,1773.456498,3787.298464,2013.841966,113.554630,0.162062,19.720779,32.108245,18.516398,31.154918,25.375085,32.108245,38.118530000,127.276040000,38.118530000,127.276040000,38.118770000,127.275955000,38.118946107,127.275979460,38.118920000,127.276276000,38.118684592,127.276487843,38.118286000,127.276120000,38.118121172,127.276091601,38.118126000,127.275795000,38.118355170,127.275590803
722,722,825297997582,144.404,2.000000,38.106056000,127.267640000,795.000000,1759.257385,3613.809173,1854.551788,105.416740,1.693988,21.167341,32.798780,16.059885,31.651112,25.419279,32.798780,38.118300000,127.276580000,38.118300000,127.276580000,38.118540000,127.276500000,38.118727055,127.276543429,38.118690000,127.276830000,38.118440800,127.277029806,38.118060000,127.276650000,38.117916248,127.276634501,38.117916000,127.276320000,38.118165379,127.276146407
723,723,825297997778,144.600,2.000000,38.106070000,127.267730000,793.000000,1749.514574,3537.289132,1787.774558,102.186891,0.169125,19.052355,32.551111,17.413724,31.585909,25.150775,32.551111,38.118030000,127.277250000,38.118030000,127.277250000,38.118280000,127.277190000,38.118448580,127.277227560,38.118412000,127.277530000,38.118152824,127.277702099,38.117794000,127.277320000,38.117640499,127.277281703,38.117670000,127.276990000,38.117920116,127.276819701
724,724,825297997982,144.804,2.000000,38.106083000,127.267830000,792.000000,1835.646102,3692.829322,1857.183220,101.173272,0.617137,23.121877,34.256677,18.587409,32.724081,27.172511,34.256677,38.118176000,127.277794000,38.118176000,127.277794000,38.118420000,127.277725000,38.118620433,127.277794259,38.118550000,127.278076000,38.118268234,127.278233261,38.117935000,127.277860000,38.117772301,127.277812285,38.117794000,127.277510000,38.118057569,127.277344530
725,725,825297998174,144.996,2.000000,38.106094000,127.267930000,790.000000,1821.197583,3811.355876,1990.158293,109.277451,0.879174,22.504620,32.585187,19.401118,31.122607,26.403383,32.585187,38.118374000,127.277170000,38.118374000,127.277170000,38.118618000,127.277084000,38.118813964,127.277147143,38.118763000,127.277430000,38.118515642,127.277628944,38.118137000,127.277245000,38.117966007,127.277202159,38.117996000,127.276910000,38.118234754,127.276725099
726,726,825297998375,145.197,2.000000,38.106100000,127.268030000,788.000000,1766.161279,3816.196005,2050.034726,116.072906,0.559635,22.582801,33.078517,20.973077,31.511694,27.036522,33.078517,38.118645000,127.276500000,38.118645000,127.276500000,38.118877000,127.276400000,38.119076346,127.276447818,38.119053000,127.276730000,38.118816052,127.276957921,38.118420000,127.276596000,38.118234784,127.276552131,38.118263000,127.276276000,38.118493765,127.276067610
