sample_index,log_frame_index,timestamp,time_s,fov_deg,uav_lat,uav_lon,uav_alt,actual_area_m2,predicted_area_m2,area_error_m2,area_error_pct,centroid_error_m,corner_error_c1_m,corner_error_c2_m,corner_error_c3_m,corner_error_c4_m,mean_corner_error_m,max_corner_error_m,actual_center_lat,actual_center_lon,predicted_center_lat,predicted_center_lon,actual_c1_lat,actual_c1_lon,predicted_c1_lat,predicted_c1_lon,actual_c2_lat,actual_c2_lon,predicted_c2_lat,predicted_c2_lon,actual_c3_lat,actual_c3_lon,predicted_c3_lat,predicted_c3_lon,actual_c4_lat,actual_c4_lon,predicted_c4_lat,predicted_c4_lon
0,0,826430641029,0.000,4.400000,38.059590000,127.265860000,750.000000,649.609390,1231.454155,581.844764,89.568404,0.298230,6.115271,8.642844,6.341681,7.833901,7.233424,8.642844,38.061745000,127.267784000,38.061745000,127.267784000,38.061910000,127.267700000,38.061955517,127.267660936,38.061726000,127.267990000,38.061735350,127.268087892,38.061580000,127.267860000,38.061533825,127.267902377,38.061760000,127.267570000,38.061748310,127.267481862
1,1,826430641218,0.189,4.400000,38.059650000,127.265880000,750.000000,710.048553,1261.825590,551.777037,77.709761,0.180062,6.129622,7.901491,5.970421,7.666203,6.916934,7.901491,38.062195000,127.267820000,38.062195000,127.267820000,38.062360000,127.267720000,38.062401818,127.267674503,38.062190000,127.268040000,38.062201155,127.268129031,38.062027000,127.267914000,38.061989597,127.267962821,38.062195000,127.267600000,38.062183807,127.267513696
2,2,826430641423,0.394,4.400000,38.059723000,127.265890000,750.000000,681.606913,1086.639272,405.032359,59.423159,0.292361,5.138454,7.881672,5.107281,7.343049,6.367614,7.881672,38.062267000,127.266570000,38.062267000,127.266570000,38.062393000,127.266410000,38.062386173,127.266352018,38.062325000,127.266780000,38.062367013,127.266852383,38.062145000,127.266730000,38.062138571,127.266787697,38.062210000,127.266365000,38.062171288,127.266297165
3,3,826430641627,0.598,4.400000,38.059795000,127.265915000,750.000000,689.381681,883.445038,194.063357,28.150350,0.402386,4.110520,5.158192,4.555457,4.048935,4.468276,5.158192,38.062412000,127.265190000,38.062412000,127.265190000,38.062470000,127.264980000,38.062451930,127.264939100,38.062540000,127.265340000,38.062563442,127.265390765,38.062355000,127.265396000,38.062373390,127.265442432,38.062286000,127.265030000,38.062265960,127.264991448
4,4,826430641818,0.789,4.400000,38.059868000,127.265930000,749.000000,727.656938,987.302160,259.645222,35.682367,0.280408,4.256488,3.798342,4.142859,4.113335,4.077756,4.256488,38.062454000,127.263880000,38.062454000,127.263880000,38.062450000,127.263650000,38.062447267,127.263601560,38.062620000,127.263980000,38.062636556,127.264017894,38.062454000,127.264110000,38.062457131,127.264157100,38.062294000,127.263780000,38.062267452,127.263747356
5,5,826430642026,0.997,4.400000,38.059940000,127.265945000,749.000000,689.200277,889.678482,200.478205,29.088526,0.633109,3.614967,4.328813,3.880680,4.139193,3.990913,4.328813,38.062508000,127.264725000,38.062508000,127.264725000,38.062540000,127.264500000,38.062543478,127.264458992,38.062650000,127.264854000,38.062668086,127.264897723,38.062477000,127.264940000,38.062485905,127.264982808,38.062366000,127.264595000,38.062358274,127.264548804
6,6,826430642220,1.191,4.400000,38.060010000,127.265970000,749.000000,641.822104,942.743327,300.921223,46.885456,0.710921,4.115644,7.104400,5.218714,5.186445,5.406301,7.104400,38.062454000,127.265940000,38.062454000,127.265940000,38.062542000,127.265750000,38.062531774,127.265704874,38.062542000,127.266120000,38.062587111,127.266177338,38.062363000,127.266120000,38.062374617,127.266177686,38.062363000,127.265755000,38.062334239,127.265708446
7,7,826430642424,1.395,4.400000,38.060080000,127.265980000,749.000000,632.159177,1112.269636,480.110459,75.947716,0.346873,5.174665,7.705525,5.416172,7.823174,6.529884,7.823174,38.062325000,127.267090000,38.062325000,127.267090000,38.062466000,127.266960000,38.062485486,127.266906398,38.062350000,127.267300000,38.062375797,127.267381583,38.062187000,127.267220000,38.062158969,127.267270510,38.062298000,127.266884000,38.062268439,127.266803022
8,8,826430642632,1.603,4.400000,38.060154000,127.266000000,749.000000,694.317251,1348.192425,653.875174,94.175274,0.854070,6.164288,9.458146,7.118054,7.686210,7.606674,9.458146,38.062553000,127.268100000,38.062553000,127.268100000,38.062725000,127.268010000,38.062774891,127.267979485,38.062540000,127.268310000,38.062553509,127.268416540,38.062386000,127.268170000,38.062333476,127.268216317,38.062570000,127.267876000,38.062551643,127.267791460
9,9,826430642823,1.794,4.400000,38.060226000,127.266020000,749.000000,690.304788,1177.538770,487.233982,70.582443,0.713064,4.403855,9.164670,5.582848,7.522460,6.668458,9.164670,38.062813000,127.267100000,38.062813000,127.267100000,38.062954000,127.266950000,38.062967102,127.266902590,38.062847000,127.267310000,38.062890588,127.267398707,38.062670000,127.267235000,38.062657970,127.267296838,38.062775000,127.266884000,38.062738646,127.266811650
10,10,826430643032,2.003,4.400000,38.060300000,127.266040000,749.000000,668.623977,996.262285,327.638308,49.001878,0.398610,4.688532,8.061414,5.192904,6.596652,6.134875,8.061414,38.062973000,127.265760000,38.062973000,127.265760000,38.063053000,127.265564000,38.063027693,127.265521240,38.063080000,127.265940000,38.063144263,127.265982401,38.062893000,127.265950000,38.062914793,127.266002386,38.062870000,127.265590000,38.062822414,127.265545145
11,11,826430643224,2.195,4.400000,38.060370000,127.266050000,749.000000,702.235348,1014.595693,312.360345,44.480863,0.952675,5.571423,3.689285,3.881356,3.776010,4.229519,5.571423,38.063007000,127.264465000,38.063007000,127.264465000,38.063023000,127.264244000,38.063042250,127.264185323,38.063160000,127.264590000,38.063187204,127.264614041,38.062990000,127.264690000,38.062981524,127.264732956,38.062855000,127.264350000,38.062841059,127.264310724
12,12,826430643430,2.401,4.400000,38.060444000,127.266075000,749.000000,694.741923,1029.174261,334.432339,48.137636,0.688687,5.391081,4.117556,4.415358,3.390197,4.328548,5.391081,38.063040000,127.264404000,38.063040000,127.264404000,38.063050000,127.264180000,38.063069183,127.264123521,38.063194000,127.264520000,38.063224989,127.264545649,38.063030000,127.264626000,38.063017689,127.264673890,38.062885000,127.264290000,38.062868638,127.264257376
13,13,826430643620,2.591,4.400000,38.060513000,127.266090000,749.000000,654.183878,915.587668,261.403790,39.958764,0.964539,3.707708,7.367127,4.868257,4.572967,5.129015,7.367127,38.063000000,127.265564000,38.063000000,127.265564000,38.063060000,127.265360000,38.063040407,127.265325790,38.063114000,127.265724000,38.063172321,127.265763729,38.062935000,127.265760000,38.062960063,127.265805518,38.062880000,127.265400000,38.062847294,127.265368429
14,14,826430643826,2.797,4.400000,38.060585000,127.266106000,749.000000,646.379833,1046.225548,399.845715,61.859250,0.623158,4.318473,7.537868,5.233693,6.633449,5.930871,7.537868,38.062855000,127.266740000,38.062855000,127.266740000,38.062973000,127.266580000,38.062981453,127.266531912,38.062910000,127.266940000,38.062945401,127.267013314,38.062733000,127.266890000,38.062727307,127.266949275,38.062800000,127.266530000,38.062760047,127.266473847
15,15,826430644030,3.001,4.400000,38.060658000,127.266120000,749.000000,632.428381,1250.768858,618.340477,97.772411,0.553121,6.268770,9.303878,6.364586,7.992097,7.482333,9.303878,38.062786000,127.267910000,38.062786000,127.267910000,38.062946000,127.267820000,38.062994936,127.267784607,38.062770000,127.268120000,38.062794978,127.268221302,38.062626000,127.267990000,38.062580207,127.268033479,38.062798000,127.267700000,38.062781224,127.267611338
16,16,826430644221,3.192,4.400000,38.060658000,127.266120000,749.000000,632.428381,1250.768858,618.340477,97.772411,0.553121,6.268770,9.303878,6.364586,7.992097,7.482333,9.303878,38.062786000,127.267910000,38.062786000,127.267910000,38.062946000,127.267820000,38.062994936,127.267784607,38.062770000,127.268120000,38.062794978,127.268221302,38.062626000,127.267990000,38.062580207,127.268033479,38.062798000,127.267700000,38.062781224,127.267611338
17,17,826430644428,3.399,4.400000,38.060802000,127.266160000,749.000000,685.278447,1100.778752,415.500305,60.632332,0.671530,4.659520,9.779572,5.432943,8.736662,7.152174,9.779572,38.063510000,127.265900000,38.063510000,127.265900000,38.063595000,127.265700000,38.063568070,127.265659301,38.063618000,127.266075000,38.063696264,127.266125687,38.063430000,127.266090000,38.063453990,127.266143982,38.063408000,127.265720000,38.063334046,127.265686628
18,18,826430644632,3.603,4.400000,38.060802000,127.266160000,749.000000,685.278447,1100.778752,415.500305,60.632332,0.671530,4.659520,9.779572,5.432943,8.736662,7.152174,9.779572,38.063510000,127.265900000,38.063510000,127.265900000,38.063595000,127.265700000,38.063568070,127.265659301,38.063618000,127.266075000,38.063696264,127.266125687,38.063430000,127.266090000,38.063453990,127.266143982,38.063408000,127.265720000,38.063334046,127.265686628
19,19,826430644824,3.795,4.400000,38.060875000,127.266174000,749.000000,725.011919,1296.027016,571.015097,78.759408,0.914140,5.231984,9.118958,5.406864,5.306568,6.266094,9.118958,38.063534000,127.264565000,38.063534000,127.264565000,38.063553000,127.264336000,38.063571956,127.264281375,38.063690000,127.264680000,38.063771804,127.264685451,38.063515000,127.264786000,38.063494548,127.264841955,38.063380000,127.264440000,38.063332521,127.264434584
20,20,826430645032,4.003,4.400000,38.061020000,127.266210000,748.000000,667.302295,995.127248,327.824952,49.126903,0.908912,3.637335,8.960137,4.827864,6.777390,6.050682,8.960137,38.063470000,127.265680000,38.063470000,127.265680000,38.063534000,127.265470000,38.063510054,127.265441763,38.063583000,127.265840000,38.063658087,127.265876824,38.063404000,127.265880000,38.063432693,127.265921305,38.063354000,127.265510000,38.063294728,127.265492335
21,21,826430645231,4.202,4.400000,38.061020000,127.266210000,748.000000,667.302295,995.127248,327.824952,49.126903,0.908912,3.637335,8.960137,4.827864,6.777390,6.050682,8.960137,38.063470000,127.265680000,38.063470000,127.265680000,38.063534000,127.265470000,38.063510054,127.265441763,38.063583000,127.265840000,38.063658087,127.265876824,38.063404000,127.265880000,38.063432693,127.265921305,38.063354000,127.265510000,38.063294728,127.265492335
22,22,826430645431,4.402,4.400000,38.061160000,127.266250000,748.000000,633.741307,1194.873743,561.132436,88.542822,0.378279,5.971053,9.412348,6.352385,8.261758,7.499386,9.412348,38.063274000,127.268000000,38.063274000,127.268000000,38.063440000,127.267920000,38.063473673,127.267866969,38.063255000,127.268200000,38.063277226,127.268303615,38.063110000,127.268074000,38.063072200,127.268128297,38.063290000,127.267790000,38.063266125,127.267700747
23,23,826430645621,4.592,4.400000,38.061234000,127.266266000,748.000000,679.436156,1238.310091,558.873935,82.255548,0.798809,5.589928,8.549874,6.778598,8.686926,7.401331,8.686926,38.063830000,127.267860000,38.063830000,127.267860000,38.063990000,127.267746000,38.064015265,127.267690881,38.063840000,127.268074000,38.063864340,127.268166524,38.063675000,127.267960000,38.063642048,127.268025039,38.063828000,127.267640000,38.063786586,127.267555994
24,24,826430645822,4.793,4.400000,38.061306000,127.266280000,748.000000,675.884164,1147.830324,471.946160,69.826486,0.408604,4.915449,8.265184,5.320776,8.344115,6.711381,8.344115,38.063896000,127.266540000,38.063896000,127.266540000,38.064003000,127.266365000,38.064000910,127.266308979,38.063970000,127.266740000,38.064027379,127.266799848,38.063786000,127.266710000,38.063784973,127.266770695,38.063820000,127.266340000,38.063756319,127.266289783
25,25,826430646026,4.997,4.400000,38.061380000,127.266304000,748.000000,679.297986,1427.448608,748.150621,110.135851,0.985406,7.017577,11.545519,4.906902,9.634767,8.276191,11.545519,38.064000000,127.265210000,38.064000000,127.265210000,38.064040000,127.265000000,38.064070804,127.264930142,38.064137000,127.265360000,38.064240654,127.265364524,38.063960000,127.265430000,38.063938371,127.265478783,38.063866000,127.265076000,38.063780033,127.265063252
26,26,826430646223,5.194,4.400000,38.061450000,127.266320000,748.000000,712.538211,1174.719984,462.181773,64.864139,0.262653,4.639973,7.343692,3.707956,7.544715,5.809084,7.544715,38.064026000,127.264130000,38.064026000,127.264130000,38.064020000,127.263910000,38.064001146,127.263862785,38.064190000,127.264220000,38.064255688,127.264227739,38.064034000,127.264360000,38.064045618,127.264399650,38.063860000,127.264046000,38.063792239,127.264047798
27,27,826430646429,5.400,4.400000,38.061523000,127.266335000,748.000000,655.018966,1327.358515,672.339550,102.644287,1.020549,6.169319,10.814399,5.024635,8.807097,7.703863,10.814399,38.063990000,127.265290000,38.063990000,127.265290000,38.064030000,127.265076000,38.064057175,127.265014653,38.064125000,127.265430000,38.064221586,127.265443241,38.063950000,127.265495000,38.063941833,127.265551383,38.063858000,127.265150000,38.063779051,127.265143488
28,28,826430646621,5.592,4.400000,38.061596000,127.266360000,748.000000,645.135932,1082.637902,437.501971,67.815471,0.724968,3.943127,7.852436,5.775385,7.890660,6.365402,7.890660,38.063953000,127.266490000,38.063953000,127.266490000,38.064053000,127.266304000,38.064049140,127.266259278,38.064030000,127.266680000,38.064083673,127.266738137,38.063850000,127.266655000,38.063849554,127.266720893,38.063873000,127.266300000,38.063813458,127.266251151
29,29,826430646826,5.797,4.400000,38.061670000,127.266370000,748.000000,627.248474,1111.910796,484.662322,77.267995,0.316010,5.892778,7.691756,5.446827,8.323625,6.838747,8.323625,38.063820000,127.267660000,38.063820000,127.267660000,38.063970000,127.267555000,38.063993049,127.267494473,38.063824000,127.267876000,38.063855630,127.267954026,38.063670000,127.267770000,38.063645495,127.267823791,38.063812000,127.267456000,38.063779123,127.267370703
30,30,826430647032,6.003,4.400000,38.061737000,127.266396000,748.000000,671.198640,1256.357488,585.158848,87.181173,0.333638,6.252098,8.962075,6.525315,8.185753,7.481310,8.962075,38.064156000,127.268364000,38.064156000,127.268364000,38.064323000,127.268280000,38.064363212,127.268230199,38.064140000,127.268580000,38.064165906,127.268676817,38.063990000,127.268440000,38.063951112,127.268495709,38.064175000,127.268150000,38.064149705,127.268062302
31,31,826430647223,6.194,4.400000,38.061800000,127.266410000,748.000000,654.479763,1185.339737,530.859975,81.111748,0.760703,6.096289,8.722141,5.794891,7.493428,7.026687,8.722141,38.064280000,127.267800000,38.064280000,127.267800000,38.064434000,127.267685000,38.064471399,127.267634188,38.064293000,127.268010000,38.064325945,127.268100293,38.064130000,127.267914000,38.064109836,127.267974957,38.064270000,127.267586000,38.064239311,127.267509904
32,32,826430647429,6.400,4.400000,38.061870000,127.266426000,748.000000,647.976515,1170.445104,522.468589,80.630791,0.241835,5.337120,7.589498,5.026952,7.869596,6.455791,7.869596,38.064342000,127.266396000,38.064342000,127.266396000,38.064434000,127.266210000,38.064452884,127.266154027,38.064430000,127.266580000,38.064481164,127.266637233,38.064250000,127.266580000,38.064237518,127.266635122,38.064255000,127.266210000,38.064194323,127.266163924
33,33,826430647618,6.589,4.400000,38.061943000,127.266450000,748.000000,660.757014,1199.293389,538.536375,81.502937,0.710304,4.868251,7.523053,4.944479,8.456592,6.448094,8.456592,38.064396000,127.265114000,38.064396000,127.265114000,38.064420000,127.264900000,38.064414428,127.264844907,38.064545000,127.265240000,38.064610527,127.265260999,38.064377000,127.265330000,38.064368764,127.265385437,38.064255000,127.264990000,38.064179427,127.264980190
34,34,826430647825,6.796,4.400000,38.061943000,127.266450000,748.000000,660.757014,1199.293389,538.536375,81.502937,0.710304,4.868251,7.523053,4.944479,8.456592,6.448094,8.456592,38.064396000,127.265114000,38.064396000,127.265114000,38.064420000,127.264900000,38.064414428,127.264844907,38.064545000,127.265240000,38.064610527,127.265260999,38.064377000,127.265330000,38.064368764,127.265385437,38.064255000,127.264990000,38.064179427,127.264980190
35,35,826430648030,7.001,4.400000,38.062157000,127.266500000,748.000000,633.536390,1110.391921,476.855531,75.268846,0.119062,5.028095,6.728439,5.191380,6.962879,5.977698,6.962879,38.064404000,127.266840000,38.064404000,127.266840000,38.064514000,127.266670000,38.064535694,127.266619681,38.064470000,127.267040000,38.064509516,127.267098091,38.064293000,127.267006000,38.064268248,127.267056201,38.064340000,127.266650000,38.064300073,127.266588847
36,36,826430648220,7.191,4.400000,38.062157000,127.266500000,748.000000,633.536390,1110.391921,476.855531,75.268846,0.119062,5.028095,6.728439,5.191380,6.962879,5.977698,6.962879,38.064404000,127.266840000,38.064404000,127.266840000,38.064514000,127.266670000,38.064535694,127.266619681,38.064470000,127.267040000,38.064509516,127.267098091,38.064293000,127.267006000,38.064268248,127.267056201,38.064340000,127.266650000,38.064300073,127.266588847
37,37,826430648428,7.399,4.400000,38.062157000,127.266500000,748.000000,633.536390,1110.391921,476.855531,75.268846,0.119062,5.028095,6.728439,5.191380,6.962879,5.977698,6.962879,38.064404000,127.266840000,38.064404000,127.266840000,38.064514000,127.266670000,38.064535694,127.266619681,38.064470000,127.267040000,38.064509516,127.267098091,38.064293000,127.267006000,38.064268248,127.267056201,38.064340000,127.266650000,38.064300073,127.266588847
38,38,826430648619,7.590,4.400000,38.062230000,127.266520000,748.000000,621.395007,1142.368144,520.973137,83.839286,0.851799,5.769767,8.710670,5.948157,7.075077,6.875918,8.710670,38.064340000,127.268030000,38.064340000,127.268030000,38.064495000,127.267930000,38.064535820,127.267889432,38.064335000,127.268234000,38.064361094,127.268327698,38.064186000,127.268120000,38.064156524,127.268176607,38.064346000,127.267815000,38.064320390,127.267741118
39,39,826430648826,7.797,4.400000,38.062374000,127.266556000,748.000000,648.114104,1159.170564,511.056459,78.852853,0.388235,5.462496,6.961587,5.808835,7.426381,6.414825,7.426381,38.064780000,127.267010000,38.064780000,127.267010000,38.064900000,127.266846000,38.064922581,127.266790665,38.064846000,127.267210000,38.064880176,127.267276521,38.064667000,127.267170000,38.064639051,127.267225970,38.064720000,127.266815000,38.064677332,127.266749863
40,40,826430649032,8.003,4.400000,38.062374000,127.266556000,748.000000,648.114104,1159.170564,511.056459,78.852853,0.388235,5.462496,6.961587,5.808835,7.426381,6.414825,7.426381,38.064780000,127.267010000,38.064780000,127.267010000,38.064900000,127.266846000,38.064922581,127.266790665,38.064846000,127.267210000,38.064880176,127.267276521,38.064667000,127.267170000,38.064639051,127.267225970,38.064720000,127.266815000,38.064677332,127.266749863
41,41,826430649223,8.194,4.400000,38.062515000,127.266594000,748.000000,657.635678,1086.941715,429.306037,65.280223,0.206585,4.819457,7.134181,4.500502,7.062745,5.879221,7.134181,38.064857000,127.264480000,38.064857000,127.264480000,38.064840000,127.264270000,38.064814691,127.264225385,38.065025000,127.264565000,38.065088966,127.264570001,38.064877000,127.264694000,38.064894147,127.264740503,38.064693000,127.264404000,38.064629774,127.264397298
42,42,826430649431,8.402,4.400000,38.062588000,127.266620000,748.000000,653.912330,1116.413278,462.500948,70.728281,0.403084,5.167069,7.287967,4.785432,5.955542,5.799003,7.287967,38.065000000,127.265274000,38.065000000,127.265274000,38.065018000,127.265060000,38.065018681,127.265001051,38.065144000,127.265396000,38.065205213,127.265425493,38.064980000,127.265490000,38.064982559,127.265544504,38.064854000,127.265150000,38.064804017,127.265125772
43,43,826430649623,8.594,4.400000,38.062660000,127.266630000,748.000000,625.506855,1106.774295,481.267440,76.940394,0.591338,5.423763,7.342669,5.225551,6.664656,6.164160,7.342669,38.064970000,127.266500000,38.064970000,127.266500000,38.065050000,127.266310000,38.065071522,127.266254480,38.065060000,127.266680000,38.065110368,127.266734094,38.064884000,127.266685000,38.064872719,127.266742876,38.064873000,127.266330000,38.064833629,127.266272712
44,44,826430649829,8.800,4.400000,38.062733000,127.266650000,748.000000,610.116893,1129.616925,519.500033,85.147623,0.507506,5.789820,7.836663,6.247833,6.329161,6.550869,7.836663,38.064880000,127.267680000,38.064880000,127.267680000,38.065020000,127.267550000,38.065058983,127.267506269,38.064903000,127.267880000,38.064928436,127.267963375,38.064743000,127.267800000,38.064702853,127.267849816,38.064857000,127.267470000,38.064834711,127.267403565
45,45,826430650018,8.989,4.400000,38.062805000,127.266670000,748.000000,658.252151,1259.113711,600.861560,91.281367,0.305830,6.663194,8.172179,6.620732,7.185782,7.160472,8.172179,38.065197000,127.268360000,38.065197000,127.268360000,38.065357000,127.268260000,38.065406998,127.268218202,38.065193000,127.268570000,38.065211493,127.268660237,38.065040000,127.268456000,38.064990583,127.268498035,38.065200000,127.268140000,38.065177925,127.268062954
46,46,826430650225,9.196,4.400000,38.062878000,127.266685000,748.000000,627.967873,1142.955643,514.987771,82.008618,0.508081,6.306488,7.418798,4.984375,7.104435,6.453524,7.418798,38.065258000,127.267110000,38.065258000,127.267110000,38.065370000,127.266950000,38.065400347,127.266889238,38.065320000,127.267310000,38.065361589,127.267376143,38.065144000,127.267280000,38.065119892,127.267327924,38.065197000,127.266920000,38.065162932,127.266851454
47,47,826430650417,9.388,4.400000,38.062946000,127.266710000,748.000000,630.065041,1113.432944,483.367903,76.717144,0.173755,5.597104,6.748240,5.429909,6.889888,6.166285,6.889888,38.065310000,127.266120000,38.065310000,127.266120000,38.065370000,127.265920000,38.065379917,127.265857392,38.065430000,127.266280000,38.065478877,127.266325546,38.065254000,127.266320000,38.065241476,127.266379878,38.065197000,127.265970000,38.065149650,127.265919374
48,48,826430650623,9.594,4.400000,38.063020000,127.266720000,748.000000,654.553389,1066.581752,412.028363,62.948015,0.688509,4.169721,6.122817,5.476756,6.303119,5.518104,6.303119,38.065320000,127.264850000,38.065320000,127.264850000,38.065308000,127.264630000,38.065294258,127.264585741,38.065480000,127.264940000,38.065530463,127.264967790,38.065327000,127.265060000,38.065336214,127.265121384,38.065160000,127.264760000,38.065104761,127.264744203
49,49,826430650830,9.801,4.400000,38.063090000,127.266750000,747.000000,654.308139,1085.027167,430.719028,65.828163,0.337681,5.260878,6.361281,4.915889,5.799965,5.584503,6.361281,38.065470000,127.265144000,38.065470000,127.265144000,38.065470000,127.264930000,38.065471023,127.264869988,38.065624000,127.265250000,38.065675503,127.265281445,38.065464000,127.265360000,38.065470610,127.265415458,38.065315000,127.265040000,38.065267940,127.265011601
50,50,826430651020,9.991,4.400000,38.063090000,127.266750000,747.000000,654.308139,1085.027167,430.719028,65.828163,0.337681,5.260878,6.361281,4.915889,5.799965,5.584503,6.361281,38.065470000,127.265144000,38.065470000,127.265144000,38.065470000,127.264930000,38.065471023,127.264869988,38.065624000,127.265250000,38.065675503,127.265281445,38.065464000,127.265360000,38.065470610,127.265415458,38.065315000,127.265040000,38.065267940,127.265011601
51,51,826430651227,10.198,4.400000,38.063164000,127.266760000,747.000000,631.980929,1103.610936,471.630008,74.627253,0.223073,5.155464,7.040851,5.313692,6.417142,5.981787,7.040851,38.065453000,127.266360000,38.065453000,127.266360000,38.065517000,127.266160000,38.065532128,127.266104403,38.065560000,127.266525000,38.065608132,127.266577119,38.065384000,127.266556000,38.065369828,127.266613895,38.065342000,127.266200000,38.065300350,127.266149379
52,52,826430651418,10.389,4.400000,38.063310000,127.266800000,747.000000,610.454896,1179.236458,568.781562,93.173397,0.268083,6.788934,7.452884,6.976615,6.709576,6.982002,7.452884,38.065296000,127.268700000,38.065296000,127.268700000,38.065460000,127.268630000,38.065515867,127.268598936,38.065270000,127.268906000,38.065275252,127.268990775,38.065140000,127.268770000,38.065081878,127.268799777,38.065327000,127.268490000,38.065316748,127.268414560
53,53,826430651626,10.597,4.400000,38.063380000,127.266820000,747.000000,629.573765,1202.162382,572.588618,90.948615,0.474586,6.609766,8.064364,6.076472,6.817288,6.891972,8.064364,38.065712000,127.267975000,38.065712000,127.267975000,38.065853000,127.267845000,38.065901532,127.267801550,38.065730000,127.268180000,38.065757893,127.268264921,38.065570000,127.268100000,38.065529577,127.268146592,38.065690000,127.267760000,38.065663691,127.267689758
54,54,826430651832,10.803,4.400000,38.063450000,127.266840000,747.000000,621.377695,1117.926740,496.549045,79.910986,0.331740,5.943040,6.807159,5.654132,7.071613,6.368986,7.071613,38.065804000,127.266490000,38.065804000,127.266490000,38.065876000,127.266300000,38.065888234,127.266233994,38.065910000,127.266660000,38.065954507,127.266713262,38.065735000,127.266685000,38.065714710,127.266744143,38.065700000,127.266330000,38.065655035,127.266273004
55,55,826430652023,10.994,4.400000,38.063522000,127.266860000,747.000000,642.607315,1046.335046,403.727731,62.826507,0.327736,5.265898,5.908900,4.178008,6.257326,5.402533,6.257326,38.065810000,127.265210000,38.065810000,127.265210000,38.065807000,127.265000000,38.065802023,127.264940249,38.065970000,127.265310000,38.066017981,127.265338834,38.065815000,127.265430000,38.065821030,127.265477052,38.065660000,127.265114000,38.065609346,127.265083049
56,56,826430652228,11.199,4.400000,38.063595000,127.266880000,747.000000,657.142829,1047.044399,389.901571,59.332850,0.626831,5.486589,6.113255,4.691133,5.063544,5.338630,6.113255,38.065960000,127.265020000,38.065960000,127.265020000,38.065950000,127.264810000,38.065945356,127.264747676,38.066120000,127.265114000,38.066170639,127.265140989,38.065968000,127.265236000,38.065979845,127.265287368,38.065796000,127.264930000,38.065757483,127.264899267
57,57,826430652419,11.390,4.400000,38.063667000,127.266900000,747.000000,625.571648,1094.118665,468.547017,74.899017,0.493257,5.069603,7.076039,5.608767,6.023363,5.944443,7.076039,38.065950000,127.266230000,38.065950000,127.266230000,38.065994000,127.266020000,38.066009785,127.265965741,38.066070000,127.266380000,38.066120340,127.266429299,38.065900000,127.266430000,38.065889546,127.266492604,38.065826000,127.266080000,38.065784362,127.266036109
58,58,826430652625,11.596,4.400000,38.063730000,127.266914000,747.000000,605.205968,1105.148310,499.942341,82.606975,0.352375,6.037901,7.290953,5.471704,6.772097,6.393164,7.290953,38.065887000,127.267130000,38.065887000,127.267130000,38.065987000,127.266960000,38.066015509,127.266901391,38.065956000,127.267320000,38.065997941,127.267383896,38.065784000,127.267300000,38.065761766,127.267355680,38.065815000,127.266945000,38.065779377,127.266882363
59,59,826430652832,11.803,4.400000,38.063730000,127.266914000,747.000000,605.205968,1105.148310,499.942341,82.606975,0.352375,6.037901,7.290953,5.471704,6.772097,6.393164,7.290953,38.065887000,127.267130000,38.065887000,127.267130000,38.065987000,127.266960000,38.066015509,127.266901391,38.065956000,127.267320000,38.065997941,127.267383896,38.065784000,127.267300000,38.065761766,127.267355680,38.065815000,127.266945000,38.065779377,127.266882363
60,60,826430653023,11.994,4.400000,38.063797000,127.266930000,747.000000,598.206309,1126.493405,528.287096,88.311856,0.012542,6.344872,7.405476,6.195248,7.071395,6.754248,7.405476,38.065830000,127.268234000,38.065830000,127.268234000,38.065980000,127.268130000,38.066024114,127.268084158,38.065834000,127.268440000,38.065850798,127.268521758,38.065685000,127.268340000,38.065640103,127.268381771,38.065826000,127.268030000,38.065810237,127.267951839
61,61,826430653228,12.199,4.400000,38.063870000,127.266950000,747.000000,617.676973,1277.430977,659.754004,106.812142,0.127662,6.991704,9.008195,6.668690,8.686024,7.838653,9.008195,38.066170000,127.268684000,38.066170000,127.268684000,38.066330000,127.268590000,38.066384448,127.268550233,38.066162000,127.268890000,38.066182729,127.268989355,38.066013000,127.268776000,38.065962340,127.268816612,38.066180000,127.268480000,38.066156619,127.268385446
62,62,826430653419,12.390,4.400000,38.063942000,127.266970000,747.000000,619.847142,1157.811492,537.964349,86.789841,0.599871,6.558455,7.621640,5.474610,6.837078,6.622946,7.621640,38.066240000,127.267460000,38.066240000,127.267460000,38.066353000,127.267300000,38.066391297,127.267243134,38.066290000,127.267660000,38.066331567,127.267729103,38.066124000,127.267624000,38.066094409,127.267673893,38.066177000,127.267265000,38.066147682,127.267196450
63,63,826430653627,12.598,4.400000,38.064087000,127.267006000,747.000000,657.812990,1015.101565,357.288575,54.314612,0.835587,4.731792,6.609060,3.828576,5.362817,5.133061,6.609060,38.066296000,127.264950000,38.066296000,127.264950000,38.066273000,127.264740000,38.066258767,127.264689126,38.066460000,127.265030000,38.066518461,127.265043146,38.066320000,127.265170000,38.066338594,127.265206750,38.066130000,127.264880000,38.066087021,127.264852356
64,64,826430653817,12.788,4.400000,38.064160000,127.267030000,747.000000,668.884944,1069.455646,400.570702,59.886339,0.513985,4.272548,7.021853,4.518501,6.299798,5.528175,7.021853,38.066444000,127.265500000,38.066444000,127.265500000,38.066450000,127.265280000,38.066431899,127.265237012,38.066597000,127.265600000,38.066653417,127.265635837,38.066440000,127.265720000,38.066444379,127.265771256,38.066290000,127.265396000,38.066236869,127.265371250
65,65,826430654023,12.994,4.400000,38.064228000,127.267044000,747.000000,605.079607,1117.571837,512.492231,84.698315,0.942033,5.507075,6.832945,6.285725,7.449984,6.518932,7.449984,38.066420000,127.266830000,38.066420000,127.266830000,38.066498000,127.266640000,38.066509510,127.266578888,38.066520000,127.267000000,38.066558295,127.267060930,38.066350000,127.267020000,38.066318581,127.267079593,38.066326000,127.266660000,38.066274071,127.266606377
66,66,826430654229,13.200,4.400000,38.064300000,127.267070000,747.000000,576.104334,1121.227421,545.123087,94.622285,0.261070,6.528134,7.862768,5.937300,7.155543,6.870936,7.862768,38.066338000,127.267990000,38.066338000,127.267990000,38.066470000,127.267860000,38.066514268,127.267811146,38.066360000,127.268190000,38.066388972,127.268271820,38.066204000,127.268120000,38.066164528,127.268165562,38.066315000,127.267790000,38.066290276,127.267714635
67,67,826430654453,13.424,4.400000,38.064373000,127.267080000,747.000000,598.542191,1240.538713,641.996522,107.260028,0.070455,6.985896,8.736881,6.976949,8.910309,7.902509,8.910309,38.066513000,127.268936000,38.066513000,127.268936000,38.066677000,127.268860000,38.066730234,127.268817790,38.066490000,127.269140000,38.066506753,127.269237391,38.066353000,127.269010000,38.066299325,127.269051103,38.066536000,127.268740000,38.066518783,127.268640712
68,68,826430654627,13.598,4.400000,38.064445000,127.267105000,747.000000,605.491994,1171.031401,565.539407,93.401633,0.459611,6.561889,7.858117,6.631331,7.305950,7.089322,7.858117,38.066692000,127.268180000,38.066692000,127.268180000,38.066830000,127.268050000,38.066875414,127.268002266,38.066710000,127.268390000,38.066742000,127.268469921,38.066555000,127.268300000,38.066515563,127.268356709,38.066670000,127.267975000,38.066645912,127.267897456
69,69,826430654829,13.800,4.400000,38.064518000,127.267120000,747.000000,606.520855,1115.641899,509.121044,83.941226,0.134377,6.065610,7.203080,6.076282,6.796928,6.535475,7.203080,38.066742000,127.266950000,38.066742000,127.266950000,38.066820000,127.266760000,38.066843931,127.266697823,38.066833000,127.267120000,38.066872615,127.267184985,38.066660000,127.267136000,38.066636922,127.267198830,38.066647000,127.266780000,38.066608201,127.266720117
70,70,826430655018,13.989,4.400000,38.064587000,127.267140000,747.000000,622.598647,1086.841927,464.243280,74.565418,0.866568,4.467491,7.677250,6.195600,6.174907,6.128812,7.677250,38.066784000,127.265720000,38.066784000,127.265720000,38.066788000,127.265500000,38.066785864,127.265449097,38.066933000,127.265816000,38.066993312,127.265858485,38.066776000,127.265920000,38.066782314,127.265990237,38.066635000,127.265610000,38.066583385,127.265584193
71,71,826430655224,14.195,4.400000,38.064660000,127.267160000,747.000000,697.660197,1087.673316,390.013119,55.903020,0.441814,3.998212,6.886277,4.561614,6.150199,5.399075,6.886277,38.067024000,127.264984000,38.067024000,127.264984000,38.067000000,127.264760000,38.066987300,127.264717327,38.067196000,127.265050000,38.067253862,127.265077791,38.067047000,127.265200000,38.067068085,127.265244630,38.066856000,127.264910000,38.066802568,127.264892156
72,72,826430655432,14.403,4.400000,38.064730000,127.267180000,747.000000,617.153482,1086.011581,468.858099,75.971069,0.440220,4.695453,7.109139,5.982542,6.912704,6.174960,7.109139,38.066930000,127.266230000,38.066930000,127.266230000,38.066963000,127.266014000,38.066964473,127.265960457,38.067066000,127.266360000,38.067118156,127.266406811,38.066902000,127.266430000,38.066897753,127.266498049,38.066800000,127.266100000,38.066747279,127.266058323
73,73,826430655621,14.592,4.400000,38.064730000,127.267180000,747.000000,617.153482,1086.011581,468.858099,75.971069,0.440220,4.695453,7.109139,5.982542,6.912704,6.174960,7.109139,38.066930000,127.266230000,38.066930000,127.266230000,38.066963000,127.266014000,38.066964473,127.265960457,38.067066000,127.266360000,38.067118156,127.266406811,38.066902000,127.266430000,38.066897753,127.266498049,38.066800000,127.266100000,38.066747279,127.266058323
74,74,826430655826,14.797,4.400000,38.064804000,127.267200000,747.000000,562.758907,1097.464184,534.705278,95.014983,0.370409,6.545451,7.120669,6.325048,7.674016,6.916296,7.674016,38.066833000,127.267860000,38.066833000,127.267860000,38.066956000,127.267720000,38.066992110,127.267661058,38.066870000,127.268060000,38.066899038,127.268132394,38.066715000,127.268005000,38.066674123,127.268055127,38.066795000,127.267670000,38.066764723,127.267591335
75,75,826430656021,14.992,4.400000,38.064950000,127.267235000,747.000000,589.756421,1181.771682,592.015261,100.383012,0.434961,6.535259,8.689236,6.667548,7.741707,7.408438,8.689236,38.067158000,127.268280000,38.067158000,127.268280000,38.067295000,127.268150000,38.067338758,127.268100288,38.067177000,127.268480000,38.067209190,127.268570323,38.067020000,127.268400000,38.066980132,127.268456776,38.067140000,127.268074000,38.067107412,127.267995964
76,76,826430656221,15.192,4.400000,38.065020000,127.267260000,747.000000,594.073099,1133.084313,539.011214,90.731463,0.359536,6.330436,7.426356,6.880203,6.951023,6.897004,7.426356,38.067207000,127.267070000,38.067207000,127.267070000,38.067287000,127.266880000,38.067312574,127.266815485,38.067303000,127.267235000,38.067341788,127.267303942,38.067130000,127.267250000,38.067102284,127.267320169,38.067116000,127.266900000,38.067074577,127.266840651
77,77,826430656427,15.398,4.400000,38.065090000,127.267270000,747.000000,621.667793,1055.743614,434.075821,69.824402,0.270517,5.221276,6.707005,5.380774,6.371560,5.920154,6.707005,38.067257000,127.265830000,38.067257000,127.265830000,38.067260000,127.265620000,38.067252644,127.265561161,38.067410000,127.265930000,38.067461520,127.265969678,38.067253000,127.266040000,38.067258024,127.266101063,38.067110000,127.265724000,38.067057907,127.265693880
78,78,826430656617,15.588,4.400000,38.065163000,127.267296000,747.000000,669.753398,1164.982898,495.229499,73.942066,0.349028,5.490551,7.670398,4.398381,7.543986,6.275829,7.670398,38.067493000,127.265080000,38.067493000,127.265080000,38.067470000,127.264870000,38.067454536,127.264810510,38.067665000,127.265150000,38.067733082,127.265163478,38.067520000,127.265300000,38.067533715,127.265347066,38.067330000,127.265015000,38.067263563,127.264998016
79,79,826430656824,15.795,4.400000,38.065235000,127.267310000,747.000000,617.773855,1083.816181,466.042326,75.438985,0.306704,4.717121,7.530605,5.525999,7.025687,6.199853,7.530605,38.067406000,127.266335000,38.067406000,127.266335000,38.067436000,127.266120000,38.067433961,127.266066239,38.067543000,127.266464000,38.067601091,127.266508033,38.067380000,127.266540000,38.067380829,127.266603044,38.067276000,127.266205000,38.067221101,127.266165454
80,80,826430657029,16.000,4.400000,38.065308000,127.267334000,747.000000,578.779326,1091.421658,512.642332,88.573021,0.145408,6.607063,6.948732,6.226490,6.884045,6.666582,6.948732,38.067345000,127.267500000,38.067345000,127.267500000,38.067440000,127.267330000,38.067472919,127.267267270,38.067417000,127.267685000,38.067450418,127.267751968,38.067250000,127.267670000,38.067219104,127.267729224,38.067272000,127.267320000,38.067240600,127.267252330
81,81,826430657220,16.191,4.400000,38.065380000,127.267360000,747.000000,560.779807,1131.549803,570.769997,101.781482,0.242131,6.605194,8.373504,6.930268,7.631665,7.385158,8.373504,38.067287000,127.268650000,38.067287000,127.268650000,38.067436000,127.268550000,38.067482815,127.268503694,38.067284000,127.268845000,38.067300814,127.268938126,38.067142000,127.268745000,38.067091845,127.268791846,38.067290000,127.268450000,38.067272187,127.268365912
82,82,826430657424,16.395,4.400000,38.065450000,127.267370000,747.000000,553.606640,1190.905010,637.298371,115.117545,0.148355,7.108031,9.021310,7.290607,8.817776,8.059431,9.021310,38.067610000,127.268845000,38.067610000,127.268845000,38.067760000,127.268745000,38.067811460,127.268696984,38.067604000,127.269040000,38.067623642,127.269139867,38.067463000,127.268940000,38.067410042,127.268988943,38.067616000,127.268650000,38.067593705,127.268553454
83,83,826430657630,16.601,4.400000,38.065520000,127.267395000,747.000000,584.874253,1110.791549,525.917297,89.919721,0.322411,6.685845,7.115470,5.937423,7.450317,6.797264,7.450317,38.067673000,127.267660000,38.067673000,127.267660000,38.067776000,127.267494000,38.067809281,127.267430496,38.067738000,127.267850000,38.067772283,127.267918524,38.067570000,127.267830000,38.067540080,127.267886085,38.067608000,127.267480000,38.067575481,127.267405699
84,84,826430657818,16.789,4.400000,38.065520000,127.267395000,747.000000,584.874253,1110.791549,525.917297,89.919721,0.322411,6.685845,7.115470,5.937423,7.450317,6.797264,7.450317,38.067673000,127.267660000,38.067673000,127.267660000,38.067776000,127.267494000,38.067809281,127.267430496,38.067738000,127.267850000,38.067772283,127.267918524,38.067570000,127.267830000,38.067540080,127.267886085,38.067608000,127.267480000,38.067575481,127.267405699
85,85,826430658026,16.997,4.400000,38.065594000,127.267410000,747.000000,615.263854,1073.686380,458.422527,74.508282,0.084161,5.136024,7.501068,5.164124,7.703235,6.376113,7.703235,38.067726000,127.266450000,38.067726000,127.266450000,38.067757000,127.266240000,38.067751532,127.266181809,38.067860000,127.266580000,38.067917392,127.266624848,38.067696000,127.266660000,38.067702778,127.266718292,38.067596000,127.266330000,38.067538322,127.266281437
86,86,826430658232,17.203,4.400000,38.065740000,127.267450000,747.000000,626.774492,1083.992557,457.218065,72.947778,0.285015,4.703256,7.897412,5.110663,7.129862,6.210298,7.897412,38.067898000,127.265976000,38.067898000,127.265976000,38.067898000,127.265760000,38.067888664,127.265707661,38.068047000,127.266075000,38.068112617,127.266109258,38.067894000,127.266190000,38.067905525,127.266246447,38.067750000,127.265880000,38.067691923,127.265845699
87,87,826430658424,17.395,4.400000,38.065796000,127.267460000,747.000000,599.408777,1081.110445,481.701668,80.362798,0.664472,5.189575,7.146091,5.933858,7.524109,6.448408,7.524109,38.067913000,127.266580000,38.067913000,127.266580000,38.067947000,127.266370000,38.067946236,127.266310793,38.068043000,127.266710000,38.068090847,127.266764361,38.067883000,127.266785000,38.067873049,127.266851517,38.067787000,127.266450000,38.067729676,127.266404513
88,88,826430658631,17.602,4.400000,38.065870000,127.267490000,747.000000,571.458276,1058.666089,487.207813,85.256935,0.334648,6.792290,6.734325,5.834327,6.605924,6.491716,6.792290,38.067856000,127.267740000,38.067856000,127.267740000,38.067955000,127.267580000,38.067986020,127.267513261,38.067920000,127.267930000,38.067951615,127.267995513,38.067757000,127.267910000,38.067726141,127.267963809,38.067790000,127.267555000,38.067762555,127.267488170
89,89,826430658819,17.790,4.400000,38.065940000,127.267500000,747.000000,542.629757,1121.172608,578.542851,106.618342,0.322694,7.297825,7.886580,6.867130,8.409852,7.615347,8.409852,38.067790000,127.268980000,38.067790000,127.268980000,38.067940000,127.268900000,38.067992837,127.268850706,38.067776000,127.269180000,38.067786607,127.269268974,38.067642000,127.269066000,38.067589158,127.269106431,38.067806000,127.268790000,38.067793202,127.268695428
90,90,826430659026,17.997,4.400000,38.066013000,127.267525000,747.000000,566.051296,1155.971450,589.920154,104.216731,0.285017,7.057435,8.485084,6.167724,8.497628,7.551968,8.497628,38.068134000,127.268720000,38.068134000,127.268720000,38.068275000,127.268610000,38.068319605,127.268552774,38.068142000,127.268920000,38.068167274,127.269011341,38.067993000,127.268840000,38.067950077,127.268884501,38.068123000,127.268524000,38.068097657,127.268432538
91,91,826430659232,18.203,4.400000,38.066086000,127.267540000,747.000000,572.480059,1077.129819,504.649760,88.151500,0.131177,6.272034,7.147530,6.487009,6.878151,6.696181,7.147530,38.068188000,127.267540000,38.068188000,127.267540000,38.068275000,127.267360000,38.068301490,127.267296836,38.068270000,127.267715000,38.068304812,127.267783528,38.068104000,127.267715000,38.068076321,127.267780137,38.068108000,127.267365000,38.068073079,127.267300254
92,92,826430659423,18.394,4.400000,38.066154000,127.267560000,747.000000,612.869346,1086.389306,473.519960,77.262791,0.508829,5.340249,6.593442,5.869820,7.126021,6.232383,7.126021,38.068237000,127.266340000,38.068237000,127.266340000,38.068250000,127.266130000,38.068242342,127.266069847,38.068382000,127.266460000,38.068434318,127.266495269,38.068226000,127.266550000,38.068219958,127.266616536,38.068096000,127.266230000,38.068039344,127.266192150
93,93,826430659652,18.623,4.400000,38.066227000,127.267580000,747.000000,649.746294,1040.341975,390.595681,60.115107,0.701243,4.025505,6.873814,5.899142,5.549788,5.587062,6.873814,38.068302000,127.265300000,38.068302000,127.265300000,38.068264000,127.265080000,38.068246866,127.265039550,38.068470000,127.265350000,38.068527928,127.265377159,38.068336000,127.265500000,38.068355130,127.265562773,38.068134000,127.265240000,38.068087327,127.265217740
94,94,826430659821,18.792,4.400000,38.066300000,127.267600000,747.000000,615.111762,1100.789155,485.677393,78.957585,0.432652,4.856402,7.512501,5.689689,7.417957,6.369137,7.512501,38.068410000,127.266335000,38.068410000,127.266335000,38.068420000,127.266120000,38.068410435,127.266065935,38.068550000,127.266450000,38.068610521,127.266487927,38.068398000,127.266550000,38.068391390,127.266614377,38.068268000,127.266230000,38.068209411,127.266189676
95,95,826430660025,18.996,4.400000,38.066372000,127.267620000,747.000000,571.990760,1068.989863,496.999104,86.889359,0.178526,6.248994,7.465316,5.859589,6.945551,6.629863,7.465316,38.068380000,127.267494000,38.068380000,127.267494000,38.068460000,127.267310000,38.068483870,127.267245464,38.068466000,127.267660000,38.068505877,127.267728487,38.068302000,127.267680000,38.068277663,127.267739285,38.068290000,127.267330000,38.068256374,127.267263243
96,96,826430660217,19.188,4.400000,38.066444000,127.267640000,747.000000,540.108924,1095.227728,555.118804,102.779047,0.150826,6.370088,7.930119,6.979507,8.347116,7.406707,8.347116,38.068302000,127.268640000,38.068302000,127.268640000,38.068440000,127.268524000,38.068479535,127.268471451,38.068314000,127.268840000,38.068338546,127.268924945,38.068170000,127.268750000,38.068125525,127.268806134,38.068290000,127.268450000,38.068265073,127.268360173
97,97,826430660422,19.393,4.400000,38.066517000,127.267654000,747.000000,550.072612,1231.659763,681.587151,123.908578,0.660923,7.602967,9.882148,7.637611,8.683947,8.451668,9.882148,38.068570000,127.269264000,38.068570000,127.269264000,38.068720000,127.269170000,38.068781942,127.269133453,38.068554000,127.269455000,38.068574680,127.269564658,38.068417000,127.269340000,38.068361516,127.269391263,38.068584000,127.269066000,38.068565431,127.268969760
98,98,826430660628,19.599,4.400000,38.066590000,127.267680000,747.000000,572.159353,1103.477816,531.318463,92.861973,0.314375,6.623076,8.245580,6.101618,7.089471,7.014936,8.245580,38.068653000,127.268140000,38.068653000,127.268140000,38.068768000,127.267990000,38.068798553,127.267925153,38.068703000,127.268330000,38.068743496,127.268408779,38.068542000,127.268295000,38.068511410,127.268352771,38.068600000,127.267950000,38.068570836,127.267878086
99,99,826430660817,19.788,4.400000,38.066658000,127.267690000,747.000000,587.304960,1087.604232,500.299272,85.185603,0.220603,6.787529,7.017038,6.346622,6.323814,6.618751,7.017038,38.068707000,127.266940000,38.068707000,127.266940000,38.068745000,127.266740000,38.068763300,127.266666122,38.068830000,127.267075000,38.068873657,127.267132756,38.068665000,127.267140000,38.068651460,127.267210346,38.068584000,127.266800000,38.068542466,127.266750771
100,100,826430661023,19.994,4.400000,38.066658000,127.267690000,747.000000,587.304960,1087.604232,500.299272,85.185603,0.220603,6.787529,7.017038,6.346622,6.323814,6.618751,7.017038,38.068707000,127.266940000,38.068707000,127.266940000,38.068745000,127.266740000,38.068763300,127.266666122,38.068830000,127.267075000,38.068873657,127.267132756,38.068665000,127.267140000,38.068651460,127.267210346,38.068584000,127.266800000,38.068542466,127.266750771
101,101,826430661229,20.200,4.400000,38.066730000,127.267715000,747.000000,637.508803,1065.877543,428.368741,67.194169,0.474615,4.248237,7.300938,5.700920,6.672674,5.980692,7.300938,38.068707000,127.265720000,38.068707000,127.265720000,38.068680000,127.265500000,38.068660500,127.265458331,38.068874000,127.265780000,38.068937271,127.265801937,38.068737000,127.265920000,38.068756340,127.265980234,38.068546000,127.265656000,38.068488140,127.265636108
102,102,826430661418,20.389,4.400000,38.066803000,127.267730000,747.000000,642.521867,1091.462864,448.940997,69.871707,0.353292,5.405107,7.364254,4.495371,7.186330,6.112766,7.364254,38.068874000,127.265980000,38.068874000,127.265980000,38.068863000,127.265770000,38.068843429,127.265713557,38.069035000,127.266070000,38.069099747,127.266087240,38.068890000,127.266200000,38.068905001,127.266247624,38.068718000,127.265900000,38.068656378,127.265875559
103,103,826430661623,20.594,4.400000,38.066948000,127.267770000,747.000000,520.720562,1115.891926,595.171364,114.297650,0.263976,6.672300,8.939547,6.914307,8.622599,7.787188,8.939547,38.068764000,127.268740000,38.068764000,127.268740000,38.068897000,127.268620000,38.068943002,127.268571193,38.068775000,127.268930000,38.068802209,127.269025971,38.068630000,127.268850000,38.068586401,127.268906192,38.068752000,127.268550000,38.068723245,127.268458643
104,104,826430661828,20.799,4.400000,38.067020000,127.267790000,747.000000,516.052609,1158.305472,642.252863,124.454920,0.530314,7.590511,9.975131,7.575355,8.097220,8.309554,9.975131,38.068730000,127.269390000,38.068730000,127.269390000,38.068882000,127.269320000,38.068943056,127.269281440,38.068703000,127.269570000,38.068713665,127.269683012,38.068580000,127.269455000,38.068520135,127.269496101,38.068756000,127.269196000,38.068747856,127.269104188
105,105,826430662019,20.990,4.400000,38.067093000,127.267810000,747.000000,557.419632,1110.840342,553.420710,99.282601,0.302867,6.236437,8.614378,6.495652,7.825126,7.292898,8.614378,38.069103000,127.268230000,38.069103000,127.268230000,38.069214000,127.268074000,38.069242470,127.268012713,38.069153000,127.268420000,38.069199274,127.268498785,38.068993000,127.268380000,38.068966071,127.268445754,38.069054000,127.268040000,38.069011806,127.267968586
106,106,826430662225,21.196,4.400000,38.067160000,127.267830000,747.000000,582.399039,1076.676332,494.277292,84.869181,0.219414,6.682877,6.975086,5.895442,6.436773,6.497545,6.975086,38.069157000,127.267300000,38.069157000,127.267300000,38.069210000,127.267105000,38.069230007,127.267033104,38.069267000,127.267450000,38.069310702,127.267507036,38.069103000,127.267500000,38.069084875,127.267563208,38.069046000,127.267150000,38.069006878,127.267095916
107,107,826430662430,21.401,4.400000,38.067234000,127.267845000,747.000000,620.334550,1074.399426,454.064876,73.196774,0.669571,5.366386,6.794861,5.658181,7.117798,6.234307,7.117798,38.069164000,127.266090000,38.069164000,127.266090000,38.069145000,127.265880000,38.069129758,127.265821908,38.069324000,127.266160000,38.069376645,127.266199239,38.069183000,127.266300000,38.069192054,127.266363530,38.069008000,127.266014000,38.068946251,127.265992917
108,108,826430662621,21.592,4.400000,38.067307000,127.267870000,747.000000,639.712943,1112.759752,473.046809,73.946731,0.865855,4.679912,6.994656,6.772255,6.703189,6.287503,6.994656,38.069344000,127.265880000,38.069344000,127.265880000,38.069317000,127.265660000,38.069303074,127.265609614,38.069508000,127.265945000,38.069565277,127.265977818,38.069366000,127.266080000,38.069378755,127.266155558,38.069180000,127.265810000,38.069121588,127.265791421
109,109,826430662827,21.798,4.400000,38.067307000,127.267870000,747.000000,639.712943,1112.759752,473.046809,73.946731,0.865855,4.679912,6.994656,6.772255,6.703189,6.287503,6.994656,38.069344000,127.265880000,38.069344000,127.265880000,38.069317000,127.265660000,38.069303074,127.265609614,38.069508000,127.265945000,38.069565277,127.265977818,38.069366000,127.266080000,38.069378755,127.266155558,38.069180000,127.265810000,38.069121588,127.265791421
110,110,826430663032,22.003,4.400000,38.067524000,127.267920000,747.000000,518.766115,1140.641137,621.875023,119.875799,0.236816,7.445254,8.999455,7.359214,8.518926,8.080712,8.999455,38.069225000,127.269380000,38.069225000,127.269380000,38.069374000,127.269300000,38.069432798,127.269259513,38.069202000,127.269570000,38.069215805,127.269671180,38.069077000,127.269455000,38.069020470,127.269498536,38.069244000,127.269190000,38.069233732,127.269093673
111,111,826430663223,22.194,4.400000,38.067524000,127.267920000,747.000000,518.766115,1140.641137,621.875023,119.875799,0.236816,7.445254,8.999455,7.359214,8.518926,8.080712,8.999455,38.069225000,127.269380000,38.069225000,127.269380000,38.069374000,127.269300000,38.069432798,127.269259513,38.069202000,127.269570000,38.069215805,127.269671180,38.069077000,127.269455000,38.069020470,127.269498536,38.069244000,127.269190000,38.069233732,127.269093673
112,112,826430663432,22.403,4.400000,38.067524000,127.267920000,747.000000,518.766115,1140.641137,621.875023,119.875799,0.236816,7.445254,8.999455,7.359214,8.518926,8.080712,8.999455,38.069225000,127.269380000,38.069225000,127.269380000,38.069374000,127.269300000,38.069432798,127.269259513,38.069202000,127.269570000,38.069215805,127.269671180,38.069077000,127.269455000,38.069020470,127.269498536,38.069244000,127.269190000,38.069233732,127.269093673
113,113,826430663623,22.594,4.400000,38.067665000,127.267970000,747.000000,566.908108,1096.475802,529.567694,93.413322,0.453084,6.888601,7.594028,5.663797,7.575064,6.930372,7.594028,38.069614000,127.267750000,38.069614000,127.267750000,38.069687000,127.267570000,38.069708398,127.267496246,38.069706000,127.267920000,38.069756187,127.267978693,38.069540000,127.267940000,38.069523085,127.268000951,38.069523000,127.267590000,38.069476846,127.267526485
114,114,826430663829,22.800,4.400000,38.067738000,127.267980000,747.000000,600.643201,1071.906694,471.263493,78.459806,0.590218,6.456859,7.011470,5.483548,6.229351,6.295307,7.011470,38.069660000,127.266556000,38.069660000,127.266556000,38.069656000,127.266350000,38.069657740,127.266276356,38.069805000,127.266655000,38.069861929,127.266689230,38.069660000,127.266770000,38.069663510,127.266832412,38.069510000,127.266464000,38.069463981,127.266423558
115,115,826430664020,22.991,4.400000,38.067810000,127.268005000,747.000000,669.634390,1155.681539,486.047149,72.583959,0.536049,5.856495,7.140821,5.208695,7.103780,6.327448,7.140821,38.069836000,127.265690000,38.069836000,127.265690000,38.069798000,127.265480000,38.069782319,127.265416211,38.070004000,127.265750000,38.070067140,127.265764385,38.069870000,127.265910000,38.069885941,127.265965879,38.069668000,127.265650000,38.069608826,127.265619655
116,116,826430664226,23.197,4.400000,38.067870000,127.268020000,747.000000,615.099679,1112.572127,497.472448,80.876721,0.547890,5.983290,7.290679,6.474852,6.175451,6.481068,7.290679,38.069847000,127.266350000,38.069847000,127.266350000,38.069830000,127.266136000,38.069832434,127.266067797,38.070000000,127.266430000,38.070058442,127.266467549,38.069855000,127.266556000,38.069861313,127.266629446,38.069690000,127.266266000,38.069640362,127.266234537
117,117,826430664432,23.403,4.400000,38.067944000,127.268036000,747.000000,549.404639,1076.392618,526.987979,95.919827,0.383262,6.771372,7.754689,6.214910,7.288464,7.007359,7.754689,38.069828000,127.267630000,38.069828000,127.267630000,38.069885000,127.267440000,38.069906628,127.267367783,38.069927000,127.267784000,38.069978310,127.267843849,38.069767000,127.267820000,38.069753721,127.267888881,38.069725000,127.267480000,38.069678957,127.267420872
118,118,826430664622,23.593,4.400000,38.068016000,127.268060000,747.000000,505.787165,1078.274208,572.487043,113.187341,0.281715,7.154189,9.112299,6.700358,7.987622,7.738617,9.112299,38.069760000,127.268740000,38.069760000,127.268740000,38.069880000,127.268610000,38.069922782,127.268549083,38.069786000,127.268920000,38.069815737,127.269016874,38.069637000,127.268870000,38.069598423,127.268928688,38.069733000,127.268550000,38.069703167,127.268467107
119,119,826430664828,23.799,4.400000,38.068085000,127.268074000,747.000000,519.785517,1172.640227,652.854710,125.600789,0.224080,8.225490,9.487803,7.455355,8.909893,8.519635,9.487803,38.069923000,127.269620000,38.069923000,127.269620000,38.070072000,127.269550000,38.070132049,127.269495306,38.069900000,127.269810000,38.069917115,127.269916057,38.069775000,127.269700000,38.069717031,127.269742604,38.069942000,127.269430000,38.069929103,127.269329661
120,120,826430665029,24.000,4.400000,38.068085000,127.268074000,747.000000,519.785517,1172.640227,652.854710,125.600789,0.224080,8.225490,9.487803,7.455355,8.909893,8.519635,9.487803,38.069923000,127.269620000,38.069923000,127.269620000,38.070072000,127.269550000,38.070132049,127.269495306,38.069900000,127.269810000,38.069917115,127.269916057,38.069775000,127.269700000,38.069717031,127.269742604,38.069942000,127.269430000,38.069929103,127.269329661
121,121,826430665237,24.208,4.400000,38.068157000,127.268100000,747.000000,544.954141,1105.602646,560.648505,102.879942,0.521320,6.794525,8.834687,6.961917,7.419818,7.502737,8.834687,38.070080000,127.268684000,38.070080000,127.268684000,38.070198000,127.268540000,38.070235393,127.268478723,38.070114000,127.268870000,38.070151411,127.268958907,38.069960000,127.268820000,38.069926196,127.268886836,38.070038000,127.268490000,38.070009079,127.268413720
122,122,826430665431,24.402,4.400000,38.068302000,127.268135000,747.000000,607.585189,1111.552865,503.967676,82.946011,0.060744,6.206770,6.863661,6.342772,6.649937,6.515785,6.863661,38.070156000,127.266320000,38.070156000,127.266320000,38.070133000,127.266110000,38.070126590,127.266039646,38.070316000,127.266390000,38.070373627,127.266417850,38.070180000,127.266525000,38.070185548,127.266597032,38.070000000,127.266250000,38.069944181,127.266222971
123,123,826430665621,24.592,4.400000,38.068375000,127.268150000,747.000000,630.168195,1126.728908,496.560713,78.798124,0.275652,6.206956,6.774781,6.031484,6.824712,6.459483,6.824712,38.070324000,127.266190000,38.070324000,127.266190000,38.070297000,127.265980000,38.070289325,127.265909848,38.070488000,127.266260000,38.070545808,127.266284168,38.070350000,127.266400000,38.070357921,127.266468084,38.070164000,127.266130000,38.070108888,127.266095886
124,124,826430665826,24.797,4.400000,38.068447000,127.268170000,747.000000,571.975622,1084.308136,512.332514,89.572439,0.254622,5.987777,7.612541,6.349328,7.032261,6.745477,7.612541,38.070316000,127.267290000,38.070316000,127.267290000,38.070343000,127.267080000,38.070353778,127.267013061,38.070442000,127.267410000,38.070494132,127.267466217,38.070290000,127.267494000,38.070277098,127.267564573,38.070190000,127.267166000,38.070139521,127.267117756
125,125,826430666032,25.003,4.400000,38.068520000,127.268190000,747.000000,520.856248,1058.097524,537.241276,103.145787,0.403506,6.588461,8.144029,7.416924,7.579388,7.432200,8.144029,38.070260000,127.268410000,38.070260000,127.268410000,38.070360000,127.268250000,38.070387260,127.268183270,38.070320000,127.268585000,38.070356091,127.268665834,38.070164000,127.268560000,38.070132379,127.268634494,38.070200000,127.268230000,38.070162157,127.268158103
126,126,826430666223,25.194,4.400000,38.068520000,127.268190000,747.000000,520.856248,1058.097524,537.241276,103.145787,0.403506,6.588461,8.144029,7.416924,7.579388,7.432200,8.144029,38.070260000,127.268410000,38.070260000,127.268410000,38.070360000,127.268250000,38.070387260,127.268183270,38.070320000,127.268585000,38.070356091,127.268665834,38.070164000,127.268560000,38.070132379,127.268634494,38.070200000,127.268230000,38.070162157,127.268158103
127,127,826430666429,25.400,4.400000,38.068590000,127.268210000,747.000000,502.096353,1103.415331,601.318978,119.761670,0.197434,7.309548,8.645208,7.676421,8.829211,8.115097,8.829211,38.070217000,127.269480000,38.070217000,127.269480000,38.070362000,127.269394000,38.070416241,127.269346993,38.070206000,127.269670000,38.070215687,127.269767878,38.070076000,127.269560000,38.070019907,127.269610950,38.070232000,127.269295000,38.070217419,127.269195970
128,128,826430666619,25.590,4.400000,38.068733000,127.268250000,747.000000,538.306674,1081.182485,542.875811,100.848798,0.210899,6.769346,8.330731,6.457103,7.525913,7.270774,8.330731,38.070600000,127.268110000,38.070600000,127.268110000,38.070675000,127.267930000,38.070699041,127.267859049,38.070683000,127.268270000,38.070729216,127.268344767,38.070522000,127.268290000,38.070500686,127.268358526,38.070515000,127.267944000,38.070470095,127.267879803
129,129,826430666825,25.796,4.400000,38.068806000,127.268265000,747.000000,588.557593,1103.891712,515.334119,87.558826,0.597497,5.469622,8.045610,6.373881,6.826053,6.678792,8.045610,38.070650000,127.266930000,38.070650000,127.266930000,38.070644000,127.266716000,38.070644424,127.266653590,38.070793000,127.267020000,38.070856408,127.267064059,38.070650000,127.267136000,38.070650283,127.267208730,38.070503000,127.266830000,38.070445975,127.266801363
130,130,826430667017,25.988,4.400000,38.068880000,127.268290000,747.000000,630.700610,1161.624723,530.924113,84.180054,1.008688,5.723573,9.056685,5.928825,6.642691,6.837943,9.056685,38.070805000,127.266250000,38.070805000,127.266250000,38.070770000,127.266040000,38.070759407,127.265976091,38.070965000,127.266310000,38.071045744,127.266322666,38.070830000,127.266460000,38.070851881,127.266521680,38.070640000,127.266190000,38.070582980,127.266167654
131,131,826430667223,26.194,4.400000,38.068950000,127.268300000,747.000000,580.947029,1091.051031,510.104002,87.805596,0.098404,6.572139,7.005886,6.277849,6.804328,6.665050,7.005886,38.070797000,127.267395000,38.070797000,127.267395000,38.070820000,127.267190000,38.070831925,127.267116552,38.070927000,127.267520000,38.070976624,127.267569168,38.070770000,127.267600000,38.070761703,127.267670856,38.070667000,127.267270000,38.070616551,127.267226161
132,132,826430667430,26.401,4.400000,38.069023000,127.268326000,747.000000,514.365234,1055.664374,541.299140,105.236339,0.205093,7.348732,8.162588,6.530285,7.813749,7.463839,8.162588,38.070755000,127.268295000,38.070755000,127.268295000,38.070840000,127.268130000,38.070862899,127.268051352,38.070830000,127.268460000,38.070873212,127.268535250,38.070675000,127.268470000,38.070648087,127.268536211,38.070680000,127.268130000,38.070638076,127.268058490
133,133,826430667619,26.590,4.400000,38.069023000,127.268326000,747.000000,514.365234,1055.664374,541.299140,105.236339,0.205093,7.348732,8.162588,6.530285,7.813749,7.463839,8.162588,38.070755000,127.268295000,38.070755000,127.268295000,38.070840000,127.268130000,38.070862899,127.268051352,38.070830000,127.268460000,38.070873212,127.268535250,38.070675000,127.268470000,38.070648087,127.268536211,38.070680000,127.268130000,38.070638076,127.268058490
134,134,826430667825,26.796,4.400000,38.069096000,127.268340000,747.000000,494.385954,1080.983875,586.597921,118.651818,0.124169,7.215173,8.570571,7.380774,8.745343,7.977965,8.745343,38.070720000,127.269380000,38.070720000,127.269380000,38.070858000,127.269280000,38.070907100,127.269226256,38.070720000,127.269570000,38.070737388,127.269665270,38.070587000,127.269480000,38.070534824,127.269531966,38.070720000,127.269196000,38.070702339,127.269098763
135,135,826430668028,26.999,4.400000,38.069237000,127.268380000,747.000000,524.021145,1065.390498,541.369353,103.310593,0.249566,6.595775,8.228901,7.220788,7.935118,7.495145,8.228901,38.071056000,127.268460000,38.071056000,127.268460000,38.071148000,127.268290000,38.071173296,127.268221941,38.071125000,127.268630000,38.071165329,127.268708694,38.070965000,127.268620000,38.070939411,127.268695713,38.070988000,127.268290000,38.070948011,127.268215044
136,136,826430668222,27.193,4.400000,38.069310000,127.268400000,747.000000,572.506127,1072.853773,500.347647,87.396034,0.193539,6.558638,7.132176,6.600331,6.914914,6.801515,7.132176,38.071090000,127.267296000,38.071090000,127.267296000,38.071102000,127.267090000,38.071105226,127.267015273,38.071228000,127.267400000,38.071277635,127.267451460,38.071080000,127.267500000,38.071073312,127.267574835,38.070953000,127.267190000,38.070902053,127.267144857
137,137,826430668427,27.398,4.400000,38.069380000,127.268425000,747.000000,624.869194,1182.714290,557.845096,89.273899,0.045951,6.799362,7.341733,6.053274,7.682906,6.969319,7.682906,38.071090000,127.266106000,38.071090000,127.266106000,38.071037000,127.265910000,38.071021235,127.265835042,38.071260000,127.266140000,38.071324888,127.266154986,38.071140000,127.266310000,38.071158196,127.266375091,38.070923000,127.266075000,38.070854138,127.266069131
138,138,826430668632,27.603,4.400000,38.069454000,127.268440000,747.000000,595.186057,1105.547407,510.361351,85.748203,0.482217,6.102698,7.688089,6.668980,6.651280,6.777762,7.688089,38.071310000,127.266930000,38.071310000,127.266930000,38.071300000,127.266716000,38.071299033,127.266646374,38.071457000,127.267010000,38.071515672,127.267056278,38.071316000,127.267136000,38.071319341,127.267211981,38.071160000,127.266840000,38.071106019,127.266807465
139,139,826430668824,27.795,4.400000,38.069527000,127.268460000,747.000000,539.091774,1046.009622,506.917848,94.031828,0.373632,6.566223,7.451319,6.221302,7.982921,7.055441,7.982921,38.071293000,127.268080000,38.071293000,127.268080000,38.071350000,127.267890000,38.071368044,127.267818665,38.071392000,127.268234000,38.071438843,127.268294736,38.071230000,127.268270000,38.071218197,127.268339389,38.071194000,127.267940000,38.071149726,127.267868341
140,140,826430669031,28.002,4.400000,38.069600000,127.268480000,747.000000,497.289528,1080.309795,583.020267,117.239603,0.465228,7.282339,8.151895,7.655739,8.931316,8.005323,8.931316,38.071250000,127.269180000,38.071250000,127.269180000,38.071377000,127.269060000,38.071416883,127.268994131,38.071274000,127.269370000,38.071298457,127.269457679,38.071130000,127.269300000,38.071081436,127.269361856,38.071230000,127.269000000,38.071199811,127.268905576
141,141,826430669221,28.192,4.400000,38.069600000,127.268480000,747.000000,497.289528,1080.309795,583.020267,117.239603,0.465228,7.282339,8.151895,7.655739,8.931316,8.005323,8.931316,38.071250000,127.269180000,38.071250000,127.269180000,38.071377000,127.269060000,38.071416883,127.268994131,38.071274000,127.269370000,38.071298457,127.269457679,38.071130000,127.269300000,38.071081436,127.269361856,38.071230000,127.269000000,38.071199811,127.268905576
142,142,826430669425,28.396,4.400000,38.069670000,127.268500000,747.000000,522.896172,1145.107962,622.211791,118.993373,0.062251,7.556743,9.173068,7.550096,8.832602,8.278127,9.173068,38.071487000,127.269970000,38.071487000,127.269970000,38.071636000,127.269890000,38.071690037,127.269837808,38.071470000,127.270160000,38.071482500,127.270263462,38.071340000,127.270050000,38.071283803,127.270098236,38.071503000,127.269780000,38.071490423,127.269680486
143,143,826430669631,28.602,4.400000,38.069740000,127.268520000,747.000000,532.114831,1049.176902,517.062072,97.171145,0.412224,6.118731,7.989489,7.062571,7.816246,7.246759,7.989489,38.071530000,127.268906000,38.071530000,127.268906000,38.071640000,127.268750000,38.071666918,127.268689125,38.071580000,127.269090000,38.071612323,127.269171398,38.071423000,127.269050000,38.071394830,127.269122211,38.071484000,127.268720000,38.071446771,127.268644378
144,144,826430669821,28.792,4.400000,38.069874000,127.268555000,747.000000,586.081886,1089.269159,503.187273,85.856138,0.283771,7.196719,7.099508,6.184986,7.091931,6.893286,7.196719,38.071590000,127.266950000,38.071590000,127.266950000,38.071570000,127.266750000,38.071565838,127.266668049,38.071743000,127.267020000,38.071798351,127.267060242,38.071606000,127.267160000,38.071612446,127.267230100,38.071438000,127.266884000,38.071383025,127.266843105
145,145,826430670025,28.996,4.400000,38.069874000,127.268555000,747.000000,586.081886,1089.269159,503.187273,85.856138,0.283771,7.196719,7.099508,6.184986,7.091931,6.893286,7.196719,38.071590000,127.266950000,38.071590000,127.266950000,38.071570000,127.266750000,38.071565838,127.266668049,38.071743000,127.267020000,38.071798351,127.267060242,38.071606000,127.267160000,38.071612446,127.267230100,38.071438000,127.266884000,38.071383025,127.266843105
146,146,826430670232,29.203,4.400000,38.069946000,127.268570000,747.000000,651.451255,1180.637067,529.185812,81.231835,0.622233,7.546635,6.763314,6.079191,6.999114,6.847063,7.546635,38.071850000,127.266210000,38.071850000,127.266210000,38.071808000,127.266010000,38.071793977,127.265925748,38.072020000,127.266260000,38.072078304,127.266281703,38.071890000,127.266426000,38.071902979,127.266493382,38.071682000,127.266174000,38.071624828,127.266140766
147,147,826430670424,29.395,4.400000,38.070090000,127.268610000,747.000000,518.211465,1035.376407,517.164942,99.798051,0.081484,6.824049,7.881541,6.557803,7.700377,7.240943,7.881541,38.071777000,127.268524000,38.071777000,127.268524000,38.071857000,127.268350000,38.071879580,127.268277606,38.071857000,127.268684000,38.071895784,127.268759242,38.071700000,127.268700000,38.071675296,127.268767933,38.071697000,127.268364000,38.071657658,127.268291727
148,148,826430670632,29.603,4.400000,38.070160000,127.268630000,747.000000,487.579416,1058.717028,571.137612,117.137351,0.406162,7.066908,9.277118,7.497482,8.212094,8.013400,9.277118,38.071750000,127.269610000,38.071750000,127.269610000,38.071888000,127.269510000,38.071932016,127.269451891,38.071754000,127.269790000,38.071770391,127.269893793,38.071620000,127.269710000,38.071570003,127.269767324,38.071750000,127.269420000,38.071729249,127.269330076
149,149,826430670824,29.795,4.400000,38.070232000,127.268650000,747.000000,517.136643,1106.848935,589.712291,114.034134,0.115770,7.386451,8.826068,7.358444,8.529338,8.025076,8.826068,38.072020000,127.269780000,38.072020000,127.269780000,38.072163000,127.269684000,38.072209842,127.269624302,38.072020000,127.269970000,38.072038772,127.270067851,38.071884000,127.269880000,38.071833920,127.269934806,38.072020000,127.269590000,38.072000402,127.269495909
150,150,826430671050,30.021,4.400000,38.070305000,127.268670000,747.000000,532.354890,1046.609080,514.254190,96.599881,0.032815,6.762890,7.623001,6.639305,7.364351,7.097387,7.623001,38.072056000,127.268700000,38.072056000,127.268700000,38.072144000,127.268530000,38.072169827,127.268460149,38.072130000,127.268870000,38.072166150,127.268943878,38.071970000,127.268870000,38.071942324,127.268937110,38.071983000,127.268530000,38.071947531,127.268459064
151,151,826430671222,30.193,4.400000,38.070377000,127.268684000,747.000000,559.572335,1058.740588,499.168253,89.205313,0.347761,6.700074,7.427792,6.098928,7.129829,6.839156,7.427792,38.072090000,127.267654000,38.072090000,127.267654000,38.072100000,127.267450000,38.072109069,127.267374418,38.072224000,127.267760000,38.072277929,127.267809911,38.072075000,127.267860000,38.072073425,127.267929566,38.071957000,127.267550000,38.071906882,127.267499342
152,152,826430671428,30.399,4.400000,38.070450000,127.268710000,747.000000,624.972839,1129.541944,504.569104,80.734565,0.023869,6.532482,6.975977,6.566786,6.864663,6.734977,6.975977,38.072090000,127.266470000,38.072090000,127.266470000,38.072040000,127.266266000,38.072024620,127.266194064,38.072258000,127.266500000,38.072317221,127.266526029,38.072140000,127.266670000,38.072154736,127.266742558,38.071926000,127.266440000,38.071868168,127.266412810
153,153,826430671621,30.592,4.400000,38.070450000,127.268710000,747.000000,624.972839,1129.541944,504.569104,80.734565,0.023869,6.532482,6.975977,6.566786,6.864663,6.734977,6.975977,38.072090000,127.266470000,38.072090000,127.266470000,38.072040000,127.266266000,38.072024620,127.266194064,38.072258000,127.266500000,38.072317221,127.266526029,38.072140000,127.266670000,38.072154736,127.266742558,38.071926000,127.266440000,38.071868168,127.266412810
154,154,826430671825,30.796,4.400000,38.070522000,127.268720000,747.000000,613.615614,1120.314352,506.698738,82.575920,0.290307,6.449068,7.186355,6.174609,6.919401,6.682358,7.186355,38.072315000,127.266920000,38.072315000,127.266920000,38.072292000,127.266710000,38.072282380,127.266637431,38.072475000,127.266980000,38.072531837,127.267018884,38.072342000,127.267130000,38.072346689,127.267200206,38.072160000,127.266850000,38.072101406,127.266823648
155,155,826430672032,31.003,4.400000,38.070595000,127.268745000,747.000000,539.620841,1046.551845,506.931004,93.942073,0.243910,6.360619,7.395100,7.052850,7.307199,7.028942,7.395100,38.072308000,127.268080000,38.072308000,127.268080000,38.072346000,127.267880000,38.072356617,127.267808683,38.072426000,127.268210000,38.072473517,127.268268971,38.072270000,127.268270000,38.072258971,127.268349252,38.072193000,127.267950000,38.072144330,127.267894049
156,156,826430672221,31.192,4.400000,38.070736000,127.268780000,747.000000,511.500561,1106.083453,594.582893,116.242862,0.282129,7.390458,9.083345,7.680370,8.231700,8.096468,9.083345,38.072350000,127.270170000,38.072350000,127.270170000,38.072500000,127.270096000,38.072555069,127.270048897,38.072330000,127.270355000,38.072338556,127.270458079,38.072205000,127.270240000,38.072148427,127.270290167,38.072370000,127.269980000,38.072361782,127.269886649
157,157,826430672427,31.398,4.400000,38.070810000,127.268800000,747.000000,510.938241,1053.907940,542.969699,106.269145,0.191836,6.861034,8.072652,7.221045,7.908660,7.515848,8.072652,38.072548000,127.268910000,38.072548000,127.268910000,38.072640000,127.268745000,38.072668063,127.268675295,38.072617000,127.269080000,38.072653540,127.269159569,38.072460000,127.269070000,38.072428919,127.269142325,38.072483000,127.268740000,38.072444636,127.268664043
158,158,826430672632,31.603,4.400000,38.070880000,127.268820000,747.000000,575.518632,1057.895809,482.377176,83.816083,0.517012,6.139270,7.482950,6.700182,6.203479,6.631470,7.482950,38.072580000,127.267770000,38.072580000,127.267770000,38.072590000,127.267560000,38.072596228,127.267490392,38.072716000,127.267870000,38.072767953,127.267924184,38.072567000,127.267970000,38.072564772,127.268046404,38.072440000,127.267660000,38.072395210,127.267617882
159,159,826430672822,31.793,4.400000,38.070880000,127.268820000,747.000000,575.518632,1057.895809,482.377176,83.816083,0.517012,6.139270,7.482950,6.700182,6.203479,6.631470,7.482950,38.072580000,127.267770000,38.072580000,127.267770000,38.072590000,127.267560000,38.072596228,127.267490392,38.072716000,127.267870000,38.072767953,127.267924184,38.072567000,127.267970000,38.072564772,127.268046404,38.072440000,127.267660000,38.072395210,127.267617882
160,160,826430673029,32.000,4.400000,38.070953000,127.268845000,747.000000,627.407540,1139.821989,512.414449,81.671707,0.289973,6.773309,7.071768,6.094631,7.017126,6.739208,7.071768,38.072575000,127.266580000,38.072575000,127.266580000,38.072520000,127.266380000,38.072507328,127.266304404,38.072742000,127.266610000,38.072802902,127.266632955,38.072628000,127.266785000,38.072641890,127.266852271,38.072410000,127.266556000,38.072350756,127.266528649
161,161,826430673219,32.190,4.400000,38.071100000,127.268880000,747.000000,535.100557,1042.001882,506.901324,94.730106,0.274451,6.809117,7.527916,6.711301,7.090183,7.034629,7.527916,38.072790000,127.268196000,38.072790000,127.268196000,38.072823000,127.268000000,38.072836169,127.267924123,38.072906000,127.268326000,38.072957046,127.268382344,38.072754000,127.268390000,38.072744253,127.268465576,38.072670000,127.268070000,38.072625312,127.268012350
162,162,826430673426,32.397,4.400000,38.071170000,127.268900000,747.000000,501.596007,1036.112697,534.516689,106.563187,0.108133,7.133456,7.807228,7.262368,7.839262,7.510579,7.839262,38.072760000,127.269300000,38.072760000,127.269300000,38.072870000,127.269160000,38.072903666,127.269090738,38.072803000,127.269485000,38.072834298,127.269564726,38.072655000,127.269440000,38.072616851,127.269507226,38.072716000,127.269120000,38.072686453,127.269038800
163,163,826430673631,32.602,4.400000,38.071243000,127.268920000,747.000000,487.816034,1105.212225,617.396191,126.563325,0.469062,7.056881,9.533047,8.161038,8.774611,8.381394,9.533047,38.072840000,127.270280000,38.072840000,127.270280000,38.072990000,127.270200000,38.073043618,127.270157040,38.072823000,127.270460000,38.072830142,127.270568404,38.072700000,127.270350000,38.072638689,127.270401057,38.072860000,127.270096000,38.072850424,127.269996613
164,164,826430673822,32.793,4.400000,38.071316000,127.268936000,747.000000,509.617837,1067.166092,557.548255,109.405169,0.090944,7.052073,8.584937,6.779396,8.218800,7.658801,8.584937,38.073040000,127.269470000,38.073040000,127.269470000,38.073154000,127.269330000,38.073193875,127.269267469,38.073080000,127.269650000,38.073107311,127.269741615,38.072926000,127.269610000,38.072888102,127.269670557,38.073000000,127.269290000,38.072973536,127.269202446
165,165,826430674028,32.999,4.400000,38.071316000,127.268936000,747.000000,509.617837,1067.166092,557.548255,109.405169,0.090944,7.052073,8.584937,6.779396,8.218800,7.658801,8.584937,38.073040000,127.269470000,38.073040000,127.269470000,38.073154000,127.269330000,38.073193875,127.269267469,38.073080000,127.269650000,38.073107311,127.269741615,38.072926000,127.269610000,38.072888102,127.269670557,38.073000000,127.269290000,38.072973536,127.269202446
166,166,826430674218,33.189,4.400000,38.071390000,127.268960000,747.000000,542.102877,978.421169,436.318292,80.486253,0.429342,6.569221,7.152240,5.690313,7.027172,6.609736,7.152240,38.073063000,127.268350000,38.073063000,127.268350000,38.073105000,127.268160000,38.073107699,127.268085116,38.073177000,127.268486000,38.073224049,127.268541579,38.073020000,127.268550000,38.073018371,127.268614900,38.072950000,127.268220000,38.072910122,127.268157838
167,167,826430674425,33.396,4.400000,38.071520000,127.268990000,747.000000,630.875928,1146.336930,515.461002,81.705606,0.570360,6.819534,7.011181,6.990044,6.227866,6.762156,7.011181,38.073100000,127.266590000,38.073100000,127.266590000,38.073036000,127.266390000,38.073025331,127.266313370,38.073270000,127.266600000,38.073326159,127.266636220,38.073160000,127.266785000,38.073173166,127.266862992,38.072930000,127.266560000,38.072874848,127.266548069
168,168,826430674632,33.603,4.400000,38.071594000,127.269010000,747.000000,584.243826,1008.339276,424.095450,72.588777,0.616142,8.653759,5.518370,6.513794,6.529600,6.803881,8.653759,38.073315000,127.267270000,38.073315000,127.267270000,38.073290000,127.267070000,38.073299565,127.266972001,38.073470000,127.267340000,38.073494696,127.267394601,38.073340000,127.267480000,38.073335906,127.267554148,38.073162000,127.267210000,38.073124486,127.267152721
169,169,826430674821,33.792,4.400000,38.071594000,127.269010000,747.000000,584.243826,1008.339276,424.095450,72.588777,0.616142,8.653759,5.518370,6.513794,6.529600,6.803881,8.653759,38.073315000,127.267270000,38.073315000,127.267270000,38.073290000,127.267070000,38.073299565,127.266972001,38.073470000,127.267340000,38.073494696,127.267394601,38.073340000,127.267480000,38.073335906,127.267554148,38.073162000,127.267210000,38.073124486,127.267152721
170,170,826430675027,33.998,4.400000,38.071667000,127.269030000,747.000000,526.395041,952.327679,425.932637,80.915017,0.391372,5.762594,7.423753,6.145407,7.212170,6.635981,7.423753,38.073310000,127.268540000,38.073310000,127.268540000,38.073360000,127.268350000,38.073352353,127.268284963,38.073418000,127.268680000,38.073465112,127.268739957,38.073265000,127.268730000,38.073260180,127.268799859,38.073204000,127.268400000,38.073156893,127.268343498
171,171,826430675217,34.188,4.400000,38.071735000,127.269050000,747.000000,489.130009,1046.636372,557.506363,113.979178,0.202716,7.139279,8.585512,7.160012,7.925986,7.702697,8.585512,38.073288000,127.269640000,38.073288000,127.269640000,38.073406000,127.269510000,38.073448665,127.269449175,38.073320000,127.269820000,38.073343271,127.269913405,38.073174000,127.269770000,38.073129679,127.269829211,38.073260000,127.269455000,38.073234142,127.269370731
172,172,826430675424,34.395,4.400000,38.071884000,127.269090000,747.000000,515.154984,1024.466274,509.311290,98.865644,0.337603,6.805602,7.523778,7.055074,8.120031,7.376121,8.120031,38.073590000,127.269370000,38.073590000,127.269370000,38.073692000,127.269220000,38.073714256,127.269147668,38.073647000,127.269554000,38.073679482,127.269629291,38.073490000,127.269520000,38.073459515,127.269590582,38.073536000,127.269196000,38.073501391,127.269114434
173,173,826430675632,34.603,4.400000,38.071953000,127.269104000,747.000000,559.146032,936.319053,377.173020,67.455190,0.606646,4.378424,7.659979,5.502773,6.212888,5.938516,7.659979,38.073620000,127.268220000,38.073620000,127.268220000,38.073640000,127.268010000,38.073631669,127.267961170,38.073746000,127.268330000,38.073802462,127.268379962,38.073597000,127.268420000,38.073609215,127.268480846,38.073490000,127.268105000,38.073446901,127.268059956
174,174,826430675838,34.809,4.400000,38.071953000,127.269104000,747.000000,559.146032,936.319053,377.173020,67.455190,0.606646,4.378424,7.659979,5.502773,6.212888,5.938516,7.659979,38.073620000,127.268220000,38.073620000,127.268220000,38.073640000,127.268010000,38.073631669,127.267961170,38.073746000,127.268330000,38.073802462,127.268379962,38.073597000,127.268420000,38.073609215,127.268480846,38.073490000,127.268105000,38.073446901,127.268059956
175,175,826430676029,35.000,4.400000,38.072025000,127.269130000,747.000000,608.980748,1081.086215,472.105467,77.523874,0.449809,9.417341,5.604333,8.459265,6.254205,7.433786,9.417341,38.073612000,127.267010000,38.073612000,127.267010000,38.073566000,127.266810000,38.073574399,127.266703067,38.073780000,127.267044000,38.073805083,127.267099450,38.073658000,127.267210000,38.073646938,127.267305503,38.073452000,127.266975000,38.073415637,127.266920597
176,176,826430676221,35.192,4.400000,38.072170000,127.269165000,747.000000,557.891035,933.825745,375.934710,67.384971,0.376609,4.756934,7.000060,5.652525,6.525416,5.983734,7.000060,38.073810000,127.268196000,38.073810000,127.268196000,38.073826000,127.267990000,38.073811804,127.267938800,38.073944000,127.268300000,38.073994823,127.268347039,38.073795000,127.268394000,38.073806464,127.268456837,38.073677000,127.268090000,38.073628330,127.268048499
177,177,826430676427,35.398,4.400000,38.072243000,127.269190000,747.000000,504.125342,983.991956,479.866614,95.187957,0.128288,6.457488,7.460875,6.633491,7.604975,7.039207,7.604975,38.073784000,127.269310000,38.073784000,127.269310000,38.073875000,127.269150000,38.073895127,127.269080889,38.073850000,127.269485000,38.073885119,127.269557514,38.073696000,127.269470000,38.073671935,127.269539250,38.073720000,127.269140000,38.073684337,127.269065981
178,178,826430676617,35.588,4.400000,38.072315000,127.269200000,747.000000,500.735403,1078.826800,578.091396,115.448477,0.079554,7.981028,8.001164,7.753533,8.337186,8.018228,8.337186,38.073784000,127.270386000,38.073784000,127.270386000,38.073925000,127.270310000,38.073983858,127.270257997,38.073770000,127.270580000,38.073778127,127.270670718,38.073643000,127.270460000,38.073586897,127.270512433,38.073800000,127.270200000,38.073790449,127.270105639
179,179,826430676824,35.795,4.400000,38.072315000,127.269200000,747.000000,500.735403,1078.826800,578.091396,115.448477,0.079554,7.981028,8.001164,7.753533,8.337186,8.018228,8.337186,38.073784000,127.270386000,38.073784000,127.270386000,38.073925000,127.270310000,38.073983858,127.270257997,38.073770000,127.270580000,38.073778127,127.270670718,38.073643000,127.270460000,38.073586897,127.270512433,38.073800000,127.270200000,38.073790449,127.270105639
180,180,826430677029,36.000,4.400000,38.072388000,127.269226000,747.000000,517.551186,1032.146469,514.595282,99.428867,0.253588,6.909580,7.997685,6.390716,8.137827,7.358952,8.137827,38.074097000,127.269490000,38.074097000,127.269490000,38.074200000,127.269340000,38.074226253,127.269268553,38.074158000,127.269670000,38.074194765,127.269748410,38.074000000,127.269646000,38.073975448,127.269711921,38.074040000,127.269320000,38.074006533,127.269237439
181,181,826430677218,36.189,4.400000,38.072530000,127.269264000,747.000000,604.781769,1023.209904,418.428135,69.186632,0.547753,8.083724,5.298602,6.495296,5.282473,6.290024,8.083724,38.074123000,127.267204000,38.074123000,127.267204000,38.074078000,127.267000000,38.074087905,127.266908616,38.074287000,127.267240000,38.074321674,127.267281422,38.074170000,127.267400000,38.074169602,127.267474118,38.073960000,127.267166000,38.073927667,127.267121879
182,182,826430677424,36.395,4.400000,38.072600000,127.269280000,747.000000,646.054391,1160.638417,514.584027,79.650264,1.477316,10.392888,5.185029,6.554902,5.496983,6.907450,10.392888,38.074295000,127.267050000,38.074295000,127.267050000,38.074245000,127.266846000,38.074270286,127.266731836,38.074463000,127.267090000,38.074503971,127.267118144,38.074340000,127.267260000,38.074333972,127.267334407,38.074127000,127.267020000,38.074093794,127.266973572
183,183,826430677630,36.601,4.400000,38.072600000,127.269280000,747.000000,646.054391,1160.638417,514.584027,79.650264,1.477316,10.392888,5.185029,6.554902,5.496983,6.907450,10.392888,38.074295000,127.267050000,38.074295000,127.267050000,38.074245000,127.266846000,38.074270286,127.266731836,38.074463000,127.267090000,38.074503971,127.267118144,38.074340000,127.267260000,38.074333972,127.267334407,38.074127000,127.267020000,38.074093794,127.266973572
184,184,826430677820,36.791,4.400000,38.072674000,127.269300000,747.000000,548.800352,908.432639,359.632288,65.530623,0.180241,4.573482,6.926306,5.294825,6.618790,5.853351,6.926306,38.074303000,127.268180000,38.074303000,127.268180000,38.074306000,127.267975000,38.074289087,127.267927438,38.074440000,127.268280000,38.074496003,127.268314439,38.074300000,127.268380000,38.074316336,127.268436746,38.074165000,127.268090000,38.074116018,127.268047185
185,185,826430678025,36.996,4.400000,38.072746000,127.269320000,747.000000,497.098213,1011.498583,514.400370,103.480632,0.367204,6.628861,8.072615,6.730477,7.548337,7.245073,8.072615,38.074280000,127.269320000,38.074280000,127.269320000,38.074360000,127.269150000,38.074387521,127.269082919,38.074352000,127.269485000,38.074395928,127.269558295,38.074200000,127.269485000,38.074175957,127.269555470,38.074203000,127.269160000,38.074168650,127.269085733
186,186,826430678230,37.201,4.400000,38.072890000,127.269356000,747.000000,517.898740,1111.375244,593.476504,114.593155,0.281646,7.812430,8.707509,7.185075,8.643451,8.087116,8.707509,38.074610000,127.270170000,38.074610000,127.270170000,38.074740000,127.270060000,38.074784022,127.269990570,38.074635000,127.270360000,38.074657161,127.270455294,38.074486000,127.270290000,38.074441818,127.270349772,38.074593000,127.269980000,38.074561528,127.269889832
187,187,826430678422,37.393,4.400000,38.072964000,127.269380000,747.000000,514.582003,1021.666194,507.084191,98.542932,0.396165,6.526474,7.746938,6.889422,7.847153,7.252497,7.847153,38.074610000,127.269020000,38.074610000,127.269020000,38.074670000,127.268840000,38.074673116,127.268765629,38.074710000,127.269170000,38.074760429,127.269230921,38.074554000,127.269200000,38.074538542,127.269276126,38.074512000,127.268875000,38.074459812,127.268814804
188,188,826430678646,37.617,4.400000,38.072964000,127.269380000,747.000000,514.582003,1021.666194,507.084191,98.542932,0.396165,6.526474,7.746938,6.889422,7.847153,7.252497,7.847153,38.074610000,127.269020000,38.074610000,127.269020000,38.074670000,127.268840000,38.074673116,127.268765629,38.074710000,127.269170000,38.074760429,127.269230921,38.074554000,127.269200000,38.074538542,127.269276126,38.074512000,127.268875000,38.074459812,127.268814804
189,189,826430678833,37.804,4.400000,38.073036000,127.269394000,747.000000,577.063280,892.816966,315.753686,54.717342,0.593661,4.980010,5.939117,4.154389,5.835669,5.227296,5.939117,38.074635000,127.267920000,38.074635000,127.267920000,38.074620000,127.267720000,38.074600331,127.267668959,38.074787000,127.268000000,38.074837973,127.268020012,38.074654000,127.268130000,38.074676872,127.268167461,38.074486000,127.267850000,38.074439833,127.267818452
190,190,826430679023,37.994,4.400000,38.073180000,127.269430000,747.000000,595.742947,944.164487,348.421541,58.485215,0.689546,5.420349,5.552750,4.131625,5.854909,5.239908,5.854909,38.074802000,127.267700000,38.074802000,127.267700000,38.074770000,127.267500000,38.074764357,127.267438563,38.074960000,127.267760000,38.075005612,127.267785648,38.074830000,127.267910000,38.074849375,127.267950213,38.074646000,127.267650000,38.074599537,127.267618689
191,191,826430679228,38.199,4.400000,38.073242000,127.269450000,747.000000,557.229641,922.957230,365.727589,65.633190,0.570496,4.205425,7.216937,5.760387,6.751963,5.983678,7.216937,38.074833000,127.268420000,38.074833000,127.268420000,38.074840000,127.268210000,38.074820394,127.268168979,38.074970000,127.268520000,38.075026712,127.268559904,38.074825000,127.268616000,38.074844016,127.268677135,38.074696000,127.268320000,38.074641598,127.268285930
192,192,826430679419,38.390,4.400000,38.073310000,127.269470000,747.000000,501.908847,1038.968376,537.059529,107.003400,0.313654,6.883499,8.467867,7.069767,7.734959,7.539023,8.467867,38.074795000,127.269550000,38.074795000,127.269550000,38.074883000,127.269390000,38.074906572,127.269317381,38.074867000,127.269714000,38.074906041,127.269796933,38.074710000,127.269710000,38.074680142,127.269781204,38.074726000,127.269380000,38.074685219,127.269308534
193,193,826430679624,38.595,4.400000,38.073310000,127.269470000,747.000000,501.908847,1038.968376,537.059529,107.003400,0.313654,6.883499,8.467867,7.069767,7.734959,7.539023,8.467867,38.074795000,127.269550000,38.074795000,127.269550000,38.074883000,127.269390000,38.074906572,127.269317381,38.074867000,127.269714000,38.074906041,127.269796933,38.074710000,127.269710000,38.074680142,127.269781204,38.074726000,127.269380000,38.074685219,127.269308534
194,194,826430679832,38.803,4.400000,38.073383000,127.269490000,747.000000,495.314335,1082.749597,587.435262,118.598478,0.177258,7.533643,8.335527,7.717477,8.985733,8.143095,8.985733,38.074806000,127.270630000,38.074806000,127.270630000,38.074950000,127.270550000,38.075005226,127.270500309,38.074795000,127.270820000,38.074800331,127.270914879,38.074665000,127.270706000,38.074608913,127.270757764,38.074820000,127.270450000,38.074810442,127.270348181
195,195,826430680024,38.995,4.400000,38.073530000,127.269530000,747.000000,530.332618,990.492683,460.160065,86.768200,0.425417,5.816092,7.810066,6.288969,7.191841,6.776742,7.810066,38.075146000,127.269030000,38.075146000,127.269030000,38.075190000,127.268840000,38.075188354,127.268773663,38.075256000,127.269165000,38.075305704,127.269227900,38.075100000,127.269220000,38.075093329,127.269291264,38.075035000,127.268890000,38.074984923,127.268838148
196,196,826430680229,39.200,4.400000,38.073600000,127.269550000,747.000000,581.204988,871.968558,290.763571,50.027714,0.211691,4.703287,5.159333,4.836957,5.026836,4.931603,5.159333,38.075165000,127.267914000,38.075165000,127.267914000,38.075138000,127.267710000,38.075125507,127.267658728,38.075325000,127.267970000,38.075361466,127.268006339,38.075195000,127.268110000,38.075216740,127.268157792,38.075010000,127.267850000,38.074969863,127.267823713
197,197,826430680418,39.389,4.400000,38.073600000,127.269550000,747.000000,581.204988,871.968558,290.763571,50.027714,0.211691,4.703287,5.159333,4.836957,5.026836,4.931603,5.159333,38.075165000,127.267914000,38.075165000,127.267914000,38.075138000,127.267710000,38.075125507,127.267658728,38.075325000,127.267970000,38.075361466,127.268006339,38.075195000,127.268110000,38.075216740,127.268157792,38.075010000,127.267850000,38.074969863,127.267823713
198,198,826430680623,39.594,4.400000,38.073673000,127.269570000,747.000000,666.561772,1505.414625,838.852853,125.847729,0.257942,11.574388,7.113499,11.696063,6.673631,9.264395,11.696063,38.075140000,127.266650000,38.075140000,127.266650000,38.075058000,127.266460000,38.075064150,127.266328150,38.075317000,127.266640000,38.075380875,127.266637667,38.075222000,127.266840000,38.075202708,127.266971200,38.074966000,127.266660000,38.074906063,127.266661596
199,199,826430680829,39.800,4.400000,38.073746000,127.269585000,747.000000,599.972518,884.737297,284.764779,47.462970,0.647406,5.060663,5.133352,4.093639,5.121865,4.852380,5.133352,38.075306000,127.267830000,38.075306000,127.267830000,38.075268000,127.267630000,38.075262762,127.267572635,38.075466000,127.267880000,38.075503488,127.267914114,38.075340000,127.268036000,38.075358125,127.268076646,38.075146000,127.267784000,38.075111623,127.267745152
200,200,826430681019,39.990,4.400000,38.073890000,127.269620000,747.000000,492.628347,1036.515979,543.887633,110.405265,0.434119,7.018797,8.634392,7.140727,7.338057,7.532993,8.634392,38.075302000,127.269990000,38.075302000,127.269990000,38.075400000,127.269840000,38.075443190,127.269781648,38.075350000,127.270164000,38.075376626,127.270256544,38.075200000,127.270134000,38.075159005,127.270196674,38.075250000,127.269806000,38.075226747,127.269727645
201,201,826430681236,40.207,4.400000,38.073963000,127.269646000,747.000000,528.446471,1125.076913,596.630443,112.902721,0.167761,7.639622,8.502934,7.212492,8.552307,7.976839,8.552307,38.075620000,127.270840000,38.075620000,127.270840000,38.075764000,127.270750000,38.075818394,127.270696842,38.075615000,127.271034000,38.075625461,127.271130117,38.075478000,127.270935000,38.075424560,127.270981538,38.075623000,127.270650000,38.075613345,127.270553179
202,202,826430681417,40.388,4.400000,38.073963000,127.269646000,747.000000,528.446471,1125.076913,596.630443,112.902721,0.167761,7.639622,8.502934,7.212492,8.552307,7.976839,8.552307,38.075620000,127.270840000,38.075620000,127.270840000,38.075764000,127.270750000,38.075818394,127.270696842,38.075615000,127.271034000,38.075625461,127.271130117,38.075478000,127.270935000,38.075424560,127.270981538,38.075623000,127.270650000,38.075613345,127.270553179
203,203,826430681618,40.589,4.400000,38.074030000,127.269660000,748.000000,525.207532,1068.119037,542.911506,103.370853,0.274415,6.665421,8.310413,7.091292,8.089802,7.539232,8.310413,38.075660000,127.269960000,38.075660000,127.269960000,38.075760000,127.269806000,38.075787389,127.269738361,38.075718000,127.270140000,38.075751613,127.270224678,38.075558000,127.270110000,38.075525860,127.270179868,38.075603000,127.269780000,38.075566147,127.269700433
204,204,826430681824,40.795,4.400000,38.074177000,127.269700000,748.000000,629.839459,1067.263120,437.423661,69.450025,0.866733,7.102078,5.617569,4.961951,5.321139,5.750684,7.102078,38.075645000,127.267510000,38.075645000,127.267510000,38.075590000,127.267310000,38.075590934,127.267228963,38.075813000,127.267530000,38.075861866,127.267546002,38.075703000,127.267710000,38.075709695,127.267765981,38.075480000,127.267494000,38.075437025,127.267467413
205,205,826430682030,41.001,4.400000,38.074250000,127.269720000,748.000000,599.285701,956.170414,356.884713,59.551682,1.143377,5.783068,5.791962,3.648932,5.514282,5.184561,5.791962,38.075790000,127.267820000,38.075790000,127.267820000,38.075750000,127.267624000,38.075741429,127.267558910,38.075950000,127.267870000,38.076001199,127.267881765,38.075832000,127.268030000,38.075851434,127.268063532,38.075630000,127.267784000,38.075585421,127.267756563
206,206,826430682219,41.190,4.400000,38.074250000,127.269720000,748.000000,599.285701,956.170414,356.884713,59.551682,1.143377,5.783068,5.791962,3.648932,5.514282,5.184561,5.791962,38.075790000,127.267820000,38.075790000,127.267820000,38.075750000,127.267624000,38.075741429,127.267558910,38.075950000,127.267870000,38.076001199,127.267881765,38.075832000,127.268030000,38.075851434,127.268063532,38.075630000,127.267784000,38.075585421,127.267756563
207,207,826430682426,41.397,4.400000,38.074320000,127.269740000,748.000000,545.545501,947.587703,402.042202,73.695448,0.093814,5.106238,6.801425,5.630579,7.130005,6.167062,7.130005,38.075813000,127.268980000,38.075813000,127.268980000,38.075832000,127.268780000,38.075825469,127.268722323,38.075940000,127.269100000,38.075989370,127.269145725,38.075790000,127.269180000,38.075792434,127.269244179,38.075684000,127.268875000,38.075637791,127.268818658
208,208,826430682617,41.588,4.400000,38.074394000,127.269760000,748.000000,499.843656,1048.161505,548.317849,109.697871,0.332765,7.663153,7.924980,7.060623,8.422484,7.767810,8.422484,38.075800000,127.270096000,38.075800000,127.270096000,38.075905000,127.269960000,38.075938452,127.269883571,38.075848000,127.270280000,38.075878231,127.270361878,38.075695000,127.270240000,38.075659740,127.270306975,38.075752000,127.269920000,38.075718129,127.269834055
209,209,826430682823,41.794,4.400000,38.074540000,127.269800000,748.000000,518.960946,1097.962316,579.001370,111.569353,0.140131,7.447911,8.395542,7.409666,8.257238,7.877589,8.395542,38.076140000,127.270180000,38.076140000,127.270180000,38.076250000,127.270035000,38.076288359,127.269965363,38.076190000,127.270360000,38.076218508,127.270448699,38.076035000,127.270325000,38.075994852,127.270392444,38.076090000,127.270000000,38.076058348,127.269914781
210,210,826430683030,42.001,4.400000,38.074610000,127.269810000,748.000000,535.446640,1054.602354,519.155714,96.957507,0.105339,6.206455,8.181476,6.519256,8.207133,7.278580,8.207133,38.076153000,127.269600000,38.076153000,127.269600000,38.076218000,127.269420000,38.076226118,127.269349929,38.076250000,127.269760000,38.076302725,127.269825044,38.076088000,127.269780000,38.076075028,127.269852548,38.076057000,127.269450000,38.076005379,127.269383132
211,211,826430683220,42.191,4.400000,38.074610000,127.269810000,748.000000,535.446640,1054.602354,519.155714,96.957507,0.105339,6.206455,8.181476,6.519256,8.207133,7.278580,8.207133,38.076153000,127.269600000,38.076153000,127.269600000,38.076218000,127.269420000,38.076226118,127.269349929,38.076250000,127.269760000,38.076302725,127.269825044,38.076088000,127.269780000,38.076075028,127.269852548,38.076057000,127.269450000,38.076005379,127.269383132
212,212,826430683427,42.398,4.400000,38.074684000,127.269840000,748.000000,597.780692,953.749670,355.968978,59.548423,0.410275,4.310641,6.057098,4.451444,5.626699,5.111471,6.057098,38.076126000,127.268020000,38.076126000,127.268020000,38.076080000,127.267815000,38.076069871,127.267767521,38.076286000,127.268060000,38.076338572,127.268077824,38.076168000,127.268220000,38.076189610,127.268262742,38.075966000,127.267980000,38.075916672,127.267965991
213,213,826430683618,42.589,4.400000,38.074830000,127.269875000,748.000000,588.112197,903.004924,314.892728,53.542968,0.112989,4.258105,5.833760,4.475985,5.997665,5.141379,5.997665,38.076298000,127.268280000,38.076298000,127.268280000,38.076267000,127.268074000,38.076251188,127.268029754,38.076458000,127.268330000,38.076504801,127.268359954,38.076332000,127.268480000,38.076353694,127.268523006,38.076145000,127.268230000,38.076096343,127.268200609
214,214,826430683822,42.793,4.400000,38.074900000,127.269890000,748.000000,513.789722,1034.943998,521.154276,101.433379,0.705701,5.320262,8.943398,6.568570,8.220549,7.263195,8.943398,38.076300000,127.269554000,38.076300000,127.269554000,38.076350000,127.269360000,38.076354528,127.269299560,38.076405000,127.269690000,38.076461499,127.269762558,38.076252000,127.269740000,38.076237805,127.269812757,38.076200000,127.269410000,38.076141082,127.269353445
215,215,826430684030,43.001,4.400000,38.074974000,127.269910000,748.000000,503.234718,1063.653987,560.419269,111.363396,0.167677,8.051652,8.136392,7.219256,7.878256,7.821389,8.136392,38.076332000,127.270650000,38.076332000,127.270650000,38.076460000,127.270546000,38.076512102,127.270482269,38.076344000,127.270840000,38.076359562,127.270930721,38.076202000,127.270760000,38.076154455,127.270816029,38.076320000,127.270460000,38.076304613,127.270372246
216,216,826430684220,43.191,4.400000,38.074974000,127.269910000,748.000000,503.234718,1063.653987,560.419269,111.363396,0.167677,8.051652,8.136392,7.219256,7.878256,7.821389,8.136392,38.076332000,127.270650000,38.076332000,127.270650000,38.076460000,127.270546000,38.076512102,127.270482269,38.076344000,127.270840000,38.076359562,127.270930721,38.076202000,127.270760000,38.076154455,127.270816029,38.076320000,127.270460000,38.076304613,127.270372246
217,217,826430684428,43.399,4.400000,38.075047000,127.269930000,748.000000,538.466868,1112.940851,574.473983,106.686969,0.232013,7.407311,8.705321,7.450005,7.547882,7.777630,8.705321,38.076668000,127.270960000,38.076668000,127.270960000,38.076810000,127.270860000,38.076859598,127.270803649,38.076670000,127.271150000,38.076683564,127.271247837,38.076530000,127.271060000,38.076478209,127.271113845,38.076664000,127.270760000,38.076651986,127.270675229
218,218,826430684618,43.589,4.400000,38.075180000,127.269966000,748.000000,543.880972,958.876888,414.995916,76.302709,0.704785,4.810291,9.031278,5.981615,7.028720,6.712976,9.031278,38.076645000,127.268974000,38.076645000,127.268974000,38.076650000,127.268770000,38.076626800,127.268723689,38.076782000,127.269066000,38.076857998,127.269102073,38.076640000,127.269170000,38.076666004,127.269229735,38.076508000,127.268875000,38.076449560,127.268844632
219,219,826430684824,43.795,4.400000,38.075253000,127.269980000,748.000000,621.251764,1231.624441,610.372677,98.248844,1.266141,7.120081,8.964697,5.947985,6.298814,7.082894,8.964697,38.076610000,127.267784000,38.076610000,127.267784000,38.076546000,127.267586000,38.076544447,127.267504772,38.076780000,127.267800000,38.076857679,127.267773015,38.076670000,127.267975000,38.076683653,127.268040624,38.076443000,127.267770000,38.076386471,127.267773142
220,220,826430685031,44.002,4.400000,38.075253000,127.269980000,748.000000,621.251764,1231.624441,610.372677,98.248844,1.266141,7.120081,8.964697,5.947985,6.298814,7.082894,8.964697,38.076610000,127.267784000,38.076610000,127.267784000,38.076546000,127.267586000,38.076544447,127.267504772,38.076780000,127.267800000,38.076857679,127.267773015,38.076670000,127.267975000,38.076683653,127.268040624,38.076443000,127.267770000,38.076386471,127.267773142
221,221,826430685223,44.194,4.400000,38.075325000,127.270004000,748.000000,667.005074,1532.656382,865.651308,129.781818,1.475517,9.499698,11.785552,6.944579,8.728648,9.239619,11.785552,38.076805000,127.267420000,38.076805000,127.267420000,38.076733000,127.267220000,38.076737023,127.267111712,38.076977000,127.267426000,38.077076044,127.267378483,38.076874000,127.267620000,38.076881141,127.267698729,38.076633000,127.267420000,38.076557293,127.267445934
222,222,826430685430,44.401,4.400000,38.075466000,127.270040000,748.000000,511.844805,1045.192440,533.347635,104.201045,0.825619,6.341028,8.011911,7.815239,7.925573,7.523438,8.011911,38.076828000,127.269670000,38.076828000,127.269670000,38.076874000,127.269480000,38.076882876,127.269408522,38.076935000,127.269806000,38.076979052,127.269878303,38.076782000,127.269850000,38.076760794,127.269935020,38.076720000,127.269530000,38.076666706,127.269470027
223,223,826430685620,44.591,4.400000,38.075466000,127.270040000,748.000000,511.844805,1045.192440,533.347635,104.201045,0.825619,6.341028,8.011911,7.815239,7.925573,7.523438,8.011911,38.076828000,127.269670000,38.076828000,127.269670000,38.076874000,127.269480000,38.076882876,127.269408522,38.076935000,127.269806000,38.076979052,127.269878303,38.076782000,127.269850000,38.076760794,127.269935020,38.076720000,127.269530000,38.076666706,127.269470027
224,224,826430685826,44.797,4.400000,38.075540000,127.270060000,748.000000,513.902831,1054.162229,540.259398,105.128706,0.320622,7.836075,7.984473,6.692122,7.738937,7.562902,7.984473,38.076862000,127.270780000,38.076862000,127.270780000,38.076992000,127.270676000,38.077041232,127.270612085,38.076878000,127.270970000,38.076888967,127.271060046,38.076733000,127.270900000,38.076685288,127.270946460,38.076847000,127.270590000,38.076835723,127.270502855
225,225,826430686017,44.988,4.400000,38.075684000,127.270096000,748.000000,518.978393,1059.304870,540.326477,104.113482,0.634887,7.134228,8.366060,8.112901,7.239199,7.713097,8.366060,38.077118000,127.269966000,38.077118000,127.269966000,38.077175000,127.269775000,38.077215697,127.269712108,38.077217000,127.270110000,38.077242788,127.270199675,38.077060000,127.270140000,38.077019952,127.270217352,38.077020000,127.269810000,38.076993013,127.269734837
226,226,826430686222,45.193,4.400000,38.075684000,127.270096000,748.000000,518.978393,1059.304870,540.326477,104.113482,0.634887,7.134228,8.366060,8.112901,7.239199,7.713097,8.366060,38.077118000,127.269966000,38.077118000,127.269966000,38.077175000,127.269775000,38.077215697,127.269712108,38.077217000,127.270110000,38.077242788,127.270199675,38.077060000,127.270140000,38.077019952,127.270217352,38.077020000,127.269810000,38.076993013,127.269734837
227,227,826430686428,45.399,4.400000,38.075756000,127.270120000,748.000000,549.199000,1088.816039,539.617040,98.255284,0.601131,5.026860,9.514518,5.800840,8.270719,7.153234,9.514518,38.077076000,127.268814000,38.077076000,127.268814000,38.077038000,127.268616000,38.077030569,127.268559416,38.077232000,127.268860000,38.077314446,127.268888629,38.077114000,127.269005000,38.077126154,127.269069372,38.076923000,127.268760000,38.076849695,127.268744624
228,228,826430686619,45.590,4.400000,38.075900000,127.270160000,748.000000,591.079548,1194.123396,603.043848,102.024144,1.368528,4.847674,9.331159,7.068467,9.279704,7.631751,9.331159,38.077274000,127.268420000,38.077274000,127.268420000,38.077213000,127.268220000,38.077204001,127.268165873,38.077440000,127.268430000,38.077520161,127.268461132,38.077330000,127.268600000,38.077342247,127.268679150,38.077110000,127.268394000,38.077026787,127.268400314
229,229,826430686823,45.794,4.400000,38.075974000,127.270170000,748.000000,624.348317,1167.540244,543.191927,87.001424,0.676048,7.194970,8.372058,7.938822,7.769119,7.818742,8.372058,38.077824000,127.268360000,38.077824000,127.268360000,38.077785000,127.268150000,38.077792269,127.268068413,38.077990000,127.268400000,38.078039049,127.268472426,38.077866000,127.268560000,38.077854784,127.268649470,38.077660000,127.268310000,38.077603922,127.268257222
230,230,826430687042,46.013,4.400000,38.075974000,127.270170000,748.000000,624.348317,1167.540244,543.191927,87.001424,0.676048,7.194970,8.372058,7.938822,7.769119,7.818742,8.372058,38.077824000,127.268360000,38.077824000,127.268360000,38.077785000,127.268150000,38.077792269,127.268068413,38.077990000,127.268400000,38.078039049,127.268472426,38.077866000,127.268560000,38.077854784,127.268649470,38.077660000,127.268310000,38.077603922,127.268257222
231,231,826430687224,46.195,4.400000,38.076046000,127.270190000,748.000000,729.642150,1261.710148,532.067998,72.921774,2.067407,5.346722,10.970178,5.135093,8.030135,7.370532,10.970178,38.078620000,127.268105000,38.078620000,127.268105000,38.078598000,127.267880000,38.078594053,127.267819189,38.078800000,127.268170000,38.078896167,127.268197345,38.078648000,127.268326000,38.078681620,127.268366124,38.078450000,127.268040000,38.078389883,127.267989351
232,232,826430687431,46.402,4.400000,38.076190000,127.270226000,748.000000,809.180943,1614.021897,804.840955,99.463657,0.805255,10.059973,9.168883,10.239463,9.643840,9.778040,10.239463,38.079502000,127.268920000,38.079502000,127.268920000,38.079520000,127.268690000,38.079573536,127.268597508,38.079680000,127.269035000,38.079708498,127.269133174,38.079490000,127.269150000,38.079428317,127.269236685,38.079334000,127.268810000,38.079284749,127.268719458
233,233,826430687622,46.593,4.400000,38.076263000,127.270240000,748.000000,800.235395,1506.515419,706.280024,88.259033,0.166496,10.461659,9.651809,9.957176,9.152117,9.805690,10.461659,38.079567000,127.270080000,38.079567000,127.270080000,38.079624000,127.269860000,38.079703206,127.269795742,38.079716000,127.270240000,38.079716300,127.270350147,38.079510000,127.270294000,38.079435958,127.270357754,38.079422000,127.269920000,38.079420894,127.269815564
234,234,826430687830,46.801,4.400000,38.076263000,127.270240000,748.000000,800.235395,1506.515419,706.280024,88.259033,0.166496,10.461659,9.651809,9.957176,9.152117,9.805690,10.461659,38.079567000,127.270080000,38.079567000,127.270080000,38.079624000,127.269860000,38.079703206,127.269795742,38.079716000,127.270240000,38.079716300,127.270350147,38.079510000,127.270294000,38.079435958,127.270357754,38.079422000,127.269920000,38.079420894,127.269815564
235,235,826430688019,46.990,4.400000,38.076336000,127.270256000,748.000000,798.108303,1536.007923,737.899620,92.456076,0.136336,10.157650,10.147535,10.282515,9.495682,10.020845,10.282515,38.079624000,127.271220000,38.079624000,127.271220000,38.079727000,127.271030000,38.079812372,127.270989076,38.079735000,127.271420000,38.079715400,127.271533097,38.079525000,127.271410000,38.079436791,127.271444821,38.079517000,127.271020000,38.079534596,127.270913964
236,236,826430688226,47.197,4.400000,38.076410000,127.270270000,748.000000,857.919257,1626.375578,768.456321,89.572103,0.313631,10.940387,9.498179,10.352835,10.313400,10.276201,10.940387,38.079903000,127.271324000,38.079903000,127.271324000,38.080006000,127.271126000,38.080100468,127.271091567,38.080020000,127.271540000,38.079997308,127.271644492,38.079800000,127.271520000,38.079710216,127.271550807,38.079790000,127.271126000,38.079809553,127.271010952
237,237,826430688417,47.388,4.400000,38.076553000,127.270300000,748.000000,794.448563,1555.159834,760.711271,95.753370,0.258686,11.971857,10.281530,11.068134,10.283142,10.901166,11.971857,38.079792000,127.269070000,38.079792000,127.269070000,38.079792000,127.268845000,38.079868715,127.268749249,38.079975000,127.269170000,38.079995646,127.269284366,38.079792000,127.269300000,38.079717227,127.269383254,38.079617000,127.268974000,38.079594030,127.268860333
238,238,826430688623,47.594,4.400000,38.076553000,127.270300000,748.000000,794.448563,1555.159834,760.711271,95.753370,0.258686,11.971857,10.281530,11.068134,10.283142,10.901166,11.971857,38.079792000,127.269070000,38.079792000,127.269070000,38.079792000,127.268845000,38.079868715,127.268749249,38.079975000,127.269170000,38.079995646,127.269284366,38.079792000,127.269300000,38.079717227,127.269383254,38.079617000,127.268974000,38.079594030,127.268860333
239,239,826430688829,47.800,4.400000,38.076630000,127.270320000,748.000000,819.615857,1701.316188,881.700330,107.574826,0.419538,11.759848,9.876708,11.077892,9.181085,10.473883,11.759848,38.079712000,127.267890000,38.079712000,127.267890000,38.079666000,127.267660000,38.079722995,127.267547003,38.079910000,127.267940000,38.079971949,127.268020690,38.079754000,127.268110000,38.079706309,127.268220960,38.079517000,127.267840000,38.079460736,127.267763391
240,240,826430689020,47.991,4.400000,38.076775000,127.270340000,748.000000,819.173234,1546.458981,727.285747,88.782899,0.215644,12.879353,10.760685,12.761149,10.733469,11.783664,12.879353,38.080040000,127.269430000,38.080040000,127.269430000,38.080040000,127.269200000,38.080135969,127.269117905,38.080227000,127.269540000,38.080227929,127.269662798,38.080044000,127.269660000,38.079945642,127.269734804,38.079860000,127.269325000,38.079855915,127.269202617
241,241,826430689229,48.200,4.400000,38.076847000,127.270355000,748.000000,784.715226,1514.342887,729.627662,92.979929,0.210563,13.333972,11.798232,13.173300,11.036667,12.335543,13.333972,38.080100000,127.270546000,38.080100000,127.270546000,38.080140000,127.270325000,38.080254018,127.270278366,38.080260000,127.270700000,38.080234114,127.270830567,38.080063000,127.270760000,38.079950751,127.270807602,38.079945000,127.270390000,38.079969771,127.270268041
242,242,826430689419,48.390,4.400000,38.076847000,127.270355000,748.000000,784.715226,1514.342887,729.627662,92.979929,0.210563,13.333972,11.798232,13.173300,11.036667,12.335543,13.333972,38.080100000,127.270546000,38.080100000,127.270546000,38.080140000,127.270325000,38.080254018,127.270278366,38.080260000,127.270700000,38.080234114,127.270830567,38.080063000,127.270760000,38.079950751,127.270807602,38.079945000,127.270390000,38.079969771,127.270268041
243,243,826430689625,48.596,4.400000,38.076920000,127.270360000,748.000000,808.754367,1540.089491,731.335124,90.427348,0.143018,13.829786,12.255881,13.159382,12.410854,12.913976,13.829786,38.080147000,127.271620000,38.080147000,127.271620000,38.080227000,127.271416000,38.080351062,127.271407683,38.080276000,127.271820000,38.080219639,127.271940150,38.080067000,127.271820000,38.079948953,127.271827949,38.080020000,127.271430000,38.080074562,127.271306484
244,244,826430689832,48.803,4.400000,38.077057000,127.270380000,748.000000,787.185398,1541.761076,754.575678,95.857428,0.505403,14.180910,12.084418,14.271958,12.093411,13.157674,14.271958,38.080338000,127.269750000,38.080338000,127.269750000,38.080338000,127.269530000,38.080447680,127.269447685,38.080524000,127.269860000,38.080514933,127.269997429,38.080345000,127.269980000,38.080227724,127.270045809,38.080162000,127.269646000,38.080166366,127.269508098
245,245,826430690024,48.995,4.400000,38.077057000,127.270380000,748.000000,787.185398,1541.761076,754.575678,95.857428,0.505403,14.180910,12.084418,14.271958,12.093411,13.157674,14.271958,38.080338000,127.269750000,38.080338000,127.269750000,38.080338000,127.269530000,38.080447680,127.269447685,38.080524000,127.269860000,38.080514933,127.269997429,38.080345000,127.269980000,38.080227724,127.270045809,38.080162000,127.269646000,38.080166366,127.269508098
246,246,826430690232,49.203,4.400000,38.077130000,127.270390000,748.000000,781.811449,1571.397337,789.585888,100.994414,0.483795,13.635824,11.989013,13.854491,10.725963,12.551323,13.854491,38.080273000,127.268650000,38.080273000,127.268650000,38.080230000,127.268425000,38.080319119,127.268318238,38.080470000,127.268700000,38.080496203,127.268832711,38.080315000,127.268860000,38.080228564,127.268973760,38.080080000,127.268590000,38.080054532,127.268471946
247,247,826430690423,49.394,4.400000,38.077280000,127.270400000,747.000000,813.559545,1636.279498,822.719953,101.125966,0.426430,14.111538,12.186850,14.223673,11.115841,12.909475,14.223673,38.080482000,127.268280000,38.080482000,127.268280000,38.080425000,127.268060000,38.080509956,127.267940472,38.080690000,127.268310000,38.080719804,127.268443827,38.080536000,127.268490000,38.080452530,127.268612901,38.080284000,127.268240000,38.080248398,127.268121479
248,248,826430690629,49.600,4.400000,38.077350000,127.270410000,747.000000,774.238968,1521.112501,746.873533,96.465505,0.438250,15.747630,13.047478,14.698696,13.058451,14.138064,15.747630,38.080566000,127.269470000,38.080566000,127.269470000,38.080536000,127.269250000,38.080657741,127.269158468,38.080757000,127.269550000,38.080757476,127.269698901,38.080593000,127.269690000,38.080478662,127.269773900,38.080376000,127.269394000,38.080382716,127.269245217
249,249,826430690820,49.791,4.400000,38.077350000,127.270410000,747.000000,774.238968,1521.112501,746.873533,96.465505,0.438250,15.747630,13.047478,14.698696,13.058451,14.138064,15.747630,38.080566000,127.269470000,38.080566000,127.269470000,38.080536000,127.269250000,38.080657741,127.269158468,38.080757000,127.269550000,38.080757476,127.269698901,38.080593000,127.269690000,38.080478662,127.269773900,38.080376000,127.269394000,38.080382716,127.269245217
250,250,826430691025,49.996,4.400000,38.077423000,127.270410000,747.000000,782.661284,1477.038416,694.377132,88.720005,0.232101,34.542762,15.903084,33.870359,15.148207,24.866103,34.542762,38.080616000,127.270584000,38.080616000,127.270584000,38.080795000,127.270710000,38.080770316,127.270317035,38.080610000,127.270805000,38.080744608,127.270865791,38.080440000,127.270460000,38.080468146,127.270844883,38.080620000,127.270360000,38.080490259,127.270307858
251,251,826430691216,50.187,4.400000,38.077570000,127.270420000,747.000000,777.220950,1514.601089,737.380139,94.873940,0.134352,34.413243,15.663200,33.662185,15.282758,24.755346,34.413243,38.080833000,127.270050000,38.080833000,127.270050000,38.081028000,127.270140000,38.080957289,127.269757675,38.080856000,127.270270000,38.080993167,127.270309834,38.080647000,127.269960000,38.080710415,127.270335623,38.080810000,127.269830000,38.080675361,127.269795905
252,252,826430691422,50.393,4.400000,38.077570000,127.270420000,747.000000,777.220950,1514.601089,737.380139,94.873940,0.134352,34.413243,15.663200,33.662185,15.282758,24.755346,34.413243,38.080833000,127.270050000,38.080833000,127.270050000,38.081028000,127.270140000,38.080957289,127.269757675,38.080856000,127.270270000,38.080993167,127.270309834,38.080647000,127.269960000,38.080710415,127.270335623,38.080810000,127.269830000,38.080675361,127.269795905
253,253,826430691629,50.600,4.400000,38.077644000,127.270420000,747.000000,783.074192,1532.467185,749.392992,95.698849,0.406898,16.734668,13.709926,15.386480,13.295722,14.781699,16.734668,38.080770000,127.268920000,38.080770000,127.268920000,38.080708000,127.268710000,38.080827780,127.268594596,38.080970000,127.268960000,38.080982652,127.269115635,38.080826000,127.269135000,38.080713957,127.269237825,38.080570000,127.268880000,38.080562654,127.268728552
254,254,826430691820,50.791,4.400000,38.077793000,127.270410000,747.000000,837.228439,1713.532572,876.304133,104.667268,0.467340,16.310848,12.375200,15.090819,12.863182,14.160012,16.310848,38.080906000,127.267624000,38.080906000,127.267624000,38.080814000,127.267426000,38.080899963,127.267275256,38.081116000,127.267620000,38.081164131,127.267747307,38.080994000,127.267830000,38.080910314,127.267965489,38.080700000,127.267640000,38.080651507,127.267506753
255,255,826430692026,50.997,4.400000,38.077793000,127.270410000,747.000000,837.228439,1713.532572,876.304133,104.667268,0.467340,16.310848,12.375200,15.090819,12.863182,14.160012,16.310848,38.080906000,127.267624000,38.080906000,127.267624000,38.080814000,127.267426000,38.080899963,127.267275256,38.081116000,127.267620000,38.081164131,127.267747307,38.080994000,127.267830000,38.080910314,127.267965489,38.080700000,127.267640000,38.080651507,127.267506753
256,256,826430692217,51.188,4.400000,38.077870000,127.270400000,747.000000,794.679327,1544.281622,749.602294,94.327645,0.318574,35.284936,16.152817,34.278483,15.603027,25.329816,35.284936,38.080997000,127.268790000,38.080997000,127.268790000,38.081203000,127.268814000,38.081049973,127.268461351,38.081070000,127.269000000,38.081214200,127.268979461,38.080795000,127.268770000,38.080947072,127.269110165,38.080925000,127.268585000,38.080785666,127.268604355
257,257,826430692450,51.421,4.400000,38.078014000,127.270390000,747.000000,777.559298,1470.125163,692.565864,89.069202,0.394035,30.560474,11.840998,30.135119,11.338064,20.968664,30.560474,38.081120000,127.271090000,38.081120000,127.271090000,38.081303000,127.271200000,38.081295941,127.270851346,38.081130000,127.271320000,38.081220526,127.271390956,38.080936000,127.270980000,38.080948178,127.271323566,38.081104000,127.270870000,38.081020754,127.270795447
258,258,826430692649,51.620,4.400000,38.078087000,127.270380000,747.000000,792.490656,1505.593099,713.102442,89.982442,0.501393,31.373189,12.073799,31.425824,12.186231,21.764761,31.425824,38.081340000,127.270320000,38.081340000,127.270320000,38.081543000,127.270390000,38.081481429,127.270040604,38.081383000,127.270540000,38.081482867,127.270593755,38.081150000,127.270240000,38.081200788,127.270592794,38.081303000,127.270096000,38.081199159,127.270051976
259,259,826430692821,51.792,4.400000,38.078087000,127.270380000,747.000000,792.490656,1505.593099,713.102442,89.982442,0.501393,31.373189,12.073799,31.425824,12.186231,21.764761,31.425824,38.081340000,127.270320000,38.081340000,127.270320000,38.081543000,127.270390000,38.081481429,127.270040604,38.081383000,127.270540000,38.081482867,127.270593755,38.081150000,127.270240000,38.081200788,127.270592794,38.081303000,127.270096000,38.081199159,127.270051976
260,260,826430693026,51.997,4.400000,38.078163000,127.270370000,747.000000,773.251479,1538.166262,764.914783,98.921865,0.315969,34.381925,14.623157,33.345417,14.063562,24.103515,34.381925,38.081245000,127.268720000,38.081245000,127.268720000,38.081450000,127.268730000,38.081293971,127.268391369,38.081333000,127.268920000,38.081463845,127.268905206,38.081043000,127.268715000,38.081198124,127.269040549,38.081158000,127.268524000,38.081032177,127.268538434
261,261,826430693231,52.202,4.400000,38.078312000,127.270340000,747.000000,823.830487,1738.299639,914.469152,111.002101,0.613299,18.836425,13.825021,16.672065,13.448052,15.695391,18.836425,38.081380000,127.267430000,38.081380000,127.267430000,38.081270000,127.267250000,38.081370218,127.267076790,38.081590000,127.267400000,38.081644113,127.267542013,38.081486000,127.267624000,38.081391762,127.267771881,38.081173000,127.267460000,38.081124448,127.267319465
262,262,826430693422,52.393,4.400000,38.078384000,127.270325000,747.000000,787.626782,1554.752729,767.125947,97.397138,0.335504,34.758797,14.866875,33.267981,15.122824,24.504119,34.758797,38.081470000,127.268580000,38.081470000,127.268580000,38.081680000,127.268585000,38.081513291,127.268249587,38.081560000,127.268776000,38.081692951,127.268759933,38.081270000,127.268580000,38.081426645,127.268903335,38.081387000,127.268380000,38.081252482,127.268404115
263,263,826430693629,52.600,4.400000,38.078384000,127.270325000,747.000000,787.626782,1554.752729,767.125947,97.397138,0.335504,34.758797,14.866875,33.267981,15.122824,24.504119,34.758797,38.081470000,127.268580000,38.081470000,127.268580000,38.081680000,127.268585000,38.081513291,127.268249587,38.081560000,127.268776000,38.081692951,127.268759933,38.081270000,127.268580000,38.081426645,127.268903335,38.081387000,127.268380000,38.081252482,127.268404115
264,264,826430693819,52.790,4.400000,38.078457000,127.270310000,747.000000,741.318006,1459.665684,718.347679,96.901421,0.132595,32.166113,12.989833,31.574610,12.158622,22.222295,32.166113,38.081543000,127.269700000,38.081543000,127.269700000,38.081740000,127.269750000,38.081647553,127.269402200,38.081600000,127.269910000,38.081713693,127.269943382,38.081350000,127.269650000,38.081440441,127.269991535,38.081482000,127.269490000,38.081375026,127.269461990
265,265,826430694025,52.996,4.400000,38.078600000,127.270270000,747.000000,769.992538,1488.721800,718.729262,93.342367,0.059250,32.450663,13.309051,31.851245,12.620180,22.557785,32.450663,38.081806000,127.270120000,38.081806000,127.270120000,38.082000000,127.270200000,38.081939050,127.269837841,38.081840000,127.270340000,38.081953193,127.270388896,38.081615000,127.270040000,38.081673035,127.270395947,38.081768000,127.269900000,38.081659826,127.269856900
266,266,826430694230,53.201,4.400000,38.078600000,127.270270000,747.000000,769.992538,1488.721800,718.729262,93.342367,0.059250,32.450663,13.309051,31.851245,12.620180,22.557785,32.450663,38.081806000,127.270120000,38.081806000,127.270120000,38.082000000,127.270200000,38.081939050,127.269837841,38.081840000,127.270340000,38.081953193,127.270388896,38.081615000,127.270040000,38.081673035,127.270395947,38.081768000,127.269900000,38.081659826,127.269856900
267,267,826430694422,53.393,4.400000,38.078674000,127.270250000,747.000000,754.727976,1506.133322,751.405347,99.559758,0.571407,33.760883,14.285198,33.366999,14.966945,24.095006,33.760883,38.081740000,127.268920000,38.081740000,127.268920000,38.081947000,127.268940000,38.081804370,127.268599972,38.081818000,127.269120000,38.081946308,127.269122728,38.081547000,127.268890000,38.081677546,127.269232787,38.081673000,127.268715000,38.081538656,127.268721781
268,268,826430694629,53.600,4.400000,38.078747000,127.270226000,747.000000,762.824709,1588.553917,825.729208,108.246259,0.471893,36.540903,17.468694,35.101335,16.466334,26.394317,36.540903,38.081665000,127.267820000,38.081665000,127.267820000,38.081870000,127.267810000,38.081665801,127.267483489,38.081760000,127.268010000,38.081910546,127.267953739,38.081463000,127.267840000,38.081662209,127.268150524,38.081566000,127.267640000,38.081423653,127.267691095
269,269,826430694820,53.791,4.400000,38.078876000,127.270180000,747.000000,804.950396,1675.033158,870.082762,108.091476,0.282201,16.993646,13.163480,16.323953,12.734274,14.803838,16.993646,38.081898000,127.267525000,38.081898000,127.267525000,38.081800000,127.267334000,38.081893450,127.267180644,38.082108000,127.267510000,38.082156139,127.267647217,38.081993000,127.267715000,38.081902246,127.267861334,38.081690000,127.267540000,38.081648440,127.267404600
270,270,826430695026,53.997,4.400000,38.078876000,127.270180000,747.000000,804.950396,1675.033158,870.082762,108.091476,0.282201,16.993646,13.163480,16.323953,12.734274,14.803838,16.993646,38.081898000,127.267525000,38.081898000,127.267525000,38.081800000,127.267334000,38.081893450,127.267180644,38.082108000,127.267510000,38.082156139,127.267647217,38.081993000,127.267715000,38.081902246,127.267861334,38.081690000,127.267540000,38.081648440,127.267404600
271,271,826430695232,54.203,4.400000,38.078950000,127.270150000,747.000000,754.271931,1501.745786,747.473855,99.098723,0.360763,35.138414,15.727799,34.011397,16.009795,25.221851,35.138414,38.081980000,127.268684000,38.081980000,127.268684000,38.082184000,127.268715000,38.082034941,127.268361510,38.082050000,127.268890000,38.082190966,127.268877936,38.081787000,127.268654000,38.081926270,127.268999485,38.081917000,127.268480000,38.081773633,127.268494466
272,272,826430695422,54.393,4.400000,38.079018000,127.270130000,747.000000,740.142442,1405.516645,665.374203,89.898128,0.118522,33.815196,14.664575,33.169309,13.970560,23.904910,33.815196,38.082043000,127.269810000,38.082043000,127.269810000,38.082230000,127.269900000,38.082155691,127.269525807,38.082070000,127.270030000,38.082198571,127.270066453,38.081863000,127.269720000,38.081927511,127.270089568,38.082016000,127.269590000,38.081892975,127.269558494
273,273,826430695629,54.600,4.400000,38.079160000,127.270065000,747.000000,762.896378,1468.290184,705.393806,92.462597,0.571056,34.139850,16.622701,34.129009,15.247361,25.034730,34.139850,38.082275000,127.269510000,38.082275000,127.269510000,38.082466000,127.269590000,38.082391369,127.269212088,38.082302000,127.269730000,38.082449927,127.269755889,38.082092000,127.269424000,38.082174977,127.269798964,38.082253000,127.269290000,38.082117246,127.269266875
274,274,826430695819,54.790,4.400000,38.079160000,127.270065000,747.000000,762.896378,1468.290184,705.393806,92.462597,0.571056,34.139850,16.622701,34.129009,15.247361,25.034730,34.139850,38.082275000,127.269510000,38.082275000,127.269510000,38.082466000,127.269590000,38.082391369,127.269212088,38.082302000,127.269730000,38.082449927,127.269755889,38.082092000,127.269424000,38.082174977,127.269798964,38.082253000,127.269290000,38.082117246,127.269266875
275,275,826430696026,54.997,4.400000,38.079227000,127.270035000,747.000000,769.159185,1514.693864,745.534679,96.928528,0.517333,15.828198,12.290742,14.877406,12.874693,13.967760,15.828198,38.082210000,127.268340000,38.082210000,127.268340000,38.082146000,127.268135000,38.082250932,127.268013100,38.082413000,127.268380000,38.082430452,127.268518506,38.082275000,127.268555000,38.082169842,127.268659787,38.082016000,127.268310000,38.081994441,127.268165642
276,276,826430696232,55.203,4.400000,38.079370000,127.269966000,747.000000,800.985330,1722.430975,921.445644,115.039016,0.383970,15.747468,11.245143,15.162596,11.612825,13.442008,15.747468,38.082344000,127.266945000,38.082344000,127.266945000,38.082253000,127.266754000,38.082321224,127.266596562,38.082554000,127.266940000,38.082609318,127.267047383,38.082436000,127.267140000,38.082364034,127.267286919,38.082138000,127.266960000,38.082085232,127.266845673
277,277,826430696423,55.394,4.400000,38.079370000,127.269966000,747.000000,800.985330,1722.430975,921.445644,115.039016,0.383970,15.747468,11.245143,15.162596,11.612825,13.442008,15.747468,38.082344000,127.266945000,38.082344000,127.266945000,38.082253000,127.266754000,38.082321224,127.266596562,38.082554000,127.266940000,38.082609318,127.267047383,38.082436000,127.267140000,38.082364034,127.267286919,38.082138000,127.266960000,38.082085232,127.266845673
278,278,826430696631,55.602,4.400000,38.079437000,127.269936000,747.000000,771.805121,1538.017823,766.212701,99.275410,0.088720,14.676629,12.035423,14.325739,11.672583,13.177594,14.676629,38.082428000,127.268040000,38.082428000,127.268040000,38.082367000,127.267830000,38.082458253,127.267709105,38.082630000,127.268074000,38.082656126,127.268207285,38.082490000,127.268250000,38.082397741,127.268363983,38.082233000,127.268005000,38.082205130,127.267876577
279,279,826430696823,55.794,4.400000,38.079506000,127.269905000,747.000000,749.589456,1454.680026,705.090570,94.063566,0.369416,14.114506,12.519110,14.874256,11.601836,13.277427,14.874256,38.082504000,127.269130000,38.082504000,127.269130000,38.082485000,127.268906000,38.082595960,127.268828054,38.082687000,127.269220000,38.082679778,127.269362581,38.082523000,127.269350000,38.082404087,127.269427419,38.082325000,127.269035000,38.082329350,127.268902708
280,280,826430697028,55.999,4.400000,38.079643000,127.269830000,747.000000,758.570182,1470.763048,712.192866,93.886219,0.442914,12.279356,11.811298,12.454149,10.256880,11.700421,12.454149,38.082770000,127.269800000,38.082770000,127.269800000,38.082806000,127.269580000,38.082907325,127.269524607,38.082930000,127.269940000,38.082911913,127.270072825,38.082740000,127.270020000,38.082635166,127.270069635,38.082620000,127.269650000,38.082627971,127.269533380
281,281,826430697218,56.189,4.400000,38.079643000,127.269830000,747.000000,758.570182,1470.763048,712.192866,93.886219,0.442914,12.279356,11.811298,12.454149,10.256880,11.700421,12.454149,38.082770000,127.269800000,38.082770000,127.269800000,38.082806000,127.269580000,38.082907325,127.269524607,38.082930000,127.269940000,38.082911913,127.270072825,38.082740000,127.270020000,38.082635166,127.270069635,38.082620000,127.269650000,38.082627971,127.269533380
282,282,826430697425,56.396,4.400000,38.079712000,127.269790000,747.000000,761.984756,1466.815758,704.831001,92.499357,0.397731,13.016924,10.563226,12.264663,11.121874,11.741672,13.016924,38.082706000,127.268620000,38.082706000,127.268620000,38.082687000,127.268400000,38.082777031,127.268305202,38.082893000,127.268710000,38.082903508,127.268829813,38.082726000,127.268845000,38.082637139,127.268927749,38.082527000,127.268540000,38.082513790,127.268414184
283,283,826430697631,56.602,4.400000,38.079845000,127.269720000,747.000000,831.724848,1714.352676,882.627829,106.120171,0.118631,13.510354,10.266138,12.878076,10.070618,11.681296,13.510354,38.082813000,127.266760000,38.082813000,127.266760000,38.082740000,127.266550000,38.082793405,127.266411541,38.083023000,127.266770000,38.083077311,127.266864691,38.082886000,127.266970000,38.082831967,127.267099957,38.082610000,127.266750000,38.082555150,127.266658602
284,284,826430697824,56.795,4.400000,38.079914000,127.269684000,747.000000,770.663987,1559.593330,788.929342,102.370080,0.207815,12.783929,9.694801,12.231905,9.587661,11.074574,12.783929,38.082882000,127.267624000,38.082882000,127.267624000,38.082840000,127.267410000,38.082904464,127.267289256,38.083080000,127.267680000,38.083116467,127.267780477,38.082928000,127.267840000,38.082860866,127.267950514,38.082690000,127.267570000,38.082653269,127.267471029
285,285,826430698040,57.011,4.400000,38.079914000,127.269684000,747.000000,770.663987,1559.593330,788.929342,102.370080,0.207815,12.783929,9.694801,12.231905,9.587661,11.074574,12.783929,38.082882000,127.267624000,38.082882000,127.267624000,38.082840000,127.267410000,38.082904464,127.267289256,38.083080000,127.267680000,38.083116467,127.267780477,38.082928000,127.267840000,38.082860866,127.267950514,38.082690000,127.267570000,38.082653269,127.267471029
286,286,826430698252,57.223,4.400000,38.079983000,127.269646000,747.000000,739.733185,1435.376063,695.642877,94.039701,0.257219,10.961913,9.520907,10.619923,9.120405,10.055787,10.961913,38.082966000,127.268974000,38.082966000,127.268974000,38.082985000,127.268750000,38.083064123,127.268675525,38.083126000,127.269104000,38.083138868,127.269211422,38.082943000,127.269190000,38.082868973,127.269266451,38.082806000,127.268845000,38.082795934,127.268741700
287,287,826430698426,57.397,4.400000,38.080116000,127.269560000,747.000000,782.345413,1466.466285,684.120872,87.444863,0.227153,9.179543,8.596588,9.140650,8.100756,8.754384,9.179543,38.083244000,127.269890000,38.083244000,127.269890000,38.083330000,127.269684000,38.083401183,127.269631114,38.083366000,127.270080000,38.083364434,127.270178091,38.083160000,127.270090000,38.083089396,127.270143259,38.083130000,127.269700000,38.083124490,127.269607813
288,288,826430698617,57.588,4.400000,38.080116000,127.269560000,747.000000,782.345413,1466.466285,684.120872,87.444863,0.227153,9.179543,8.596588,9.140650,8.100756,8.754384,9.179543,38.083244000,127.269890000,38.083244000,127.269890000,38.083330000,127.269684000,38.083401183,127.269631114,38.083366000,127.270080000,38.083364434,127.270178091,38.083160000,127.270090000,38.083089396,127.270143259,38.083130000,127.269700000,38.083124490,127.269607813
289,289,826430698845,57.816,4.400000,38.080180000,127.269520000,747.000000,755.727493,1461.045941,705.318448,93.329732,0.272951,9.713717,9.005694,9.990962,8.177246,9.221905,9.990962,38.083183000,127.268450000,38.083183000,127.268450000,38.083200000,127.268220000,38.083258941,127.268138252,38.083347000,127.268570000,38.083375910,127.268665993,38.083168000,127.268670000,38.083108400,127.268755253,38.083020000,127.268326000,38.082994699,127.268238386
290,290,826430699029,58.000,4.400000,38.080315000,127.269450000,747.000000,795.534917,1639.297119,843.762202,106.062246,0.143372,11.724518,8.885945,11.176419,8.897076,10.170990,11.724518,38.083046000,127.266450000,38.083046000,127.266450000,38.082985000,127.266240000,38.083011559,127.266110515,38.083250000,127.266470000,38.083307562,127.266540260,38.083107000,127.266660000,38.083078825,127.266782428,38.082850000,127.266430000,38.082789608,127.266363490
291,291,826430699220,58.191,4.400000,38.080383000,127.269400000,747.000000,778.901200,1600.774973,821.873773,105.517076,0.346001,11.365079,8.361906,10.638854,8.849275,9.803779,11.365079,38.083344000,127.267080000,38.083344000,127.267080000,38.083313000,127.266860000,38.083353256,127.266740802,38.083538000,127.267150000,38.083588686,127.267220432,38.083374000,127.267300000,38.083335270,127.267411002,38.083157000,127.267020000,38.083106404,127.266942103
292,292,826430699426,58.397,4.400000,38.080383000,127.269400000,747.000000,778.901200,1600.774973,821.873773,105.517076,0.346001,11.365079,8.361906,10.638854,8.849275,9.803779,11.365079,38.083344000,127.267080000,38.083344000,127.267080000,38.083313000,127.266860000,38.083353256,127.266740802,38.083538000,127.267150000,38.083588686,127.267220432,38.083374000,127.267300000,38.083335270,127.267411002,38.083157000,127.267020000,38.083106404,127.266942103
293,293,826430699631,58.602,4.400000,38.080450000,127.269360000,747.000000,735.397886,1456.970066,721.572180,98.119969,0.275573,9.790957,8.158554,9.208184,8.582646,8.935085,9.790957,38.083416000,127.268240000,38.083416000,127.268240000,38.083440000,127.268020000,38.083488732,127.267926977,38.083576000,127.268370000,38.083610824,127.268451929,38.083393000,127.268460000,38.083345556,127.268546087,38.083260000,127.268120000,38.083225270,127.268032549
294,294,826430699823,58.794,4.400000,38.080580000,127.269280000,747.000000,783.432295,1500.967091,717.534796,91.588616,0.431169,9.053236,7.698295,7.766172,7.526893,8.011149,9.053236,38.083763000,127.270035000,38.083763000,127.270035000,38.083880000,127.269860000,38.083944067,127.269796356,38.083843000,127.270256000,38.083862839,127.270340167,38.083640000,127.270210000,38.083587798,127.270268801,38.083683000,127.269820000,38.083666471,127.269736703
295,295,826430700029,59.000,4.400000,38.080580000,127.269280000,747.000000,783.432295,1500.967091,717.534796,91.588616,0.431169,9.053236,7.698295,7.766172,7.526893,8.011149,9.053236,38.083763000,127.270035000,38.083763000,127.270035000,38.083880000,127.269860000,38.083944067,127.269796356,38.083843000,127.270256000,38.083862839,127.270340167,38.083640000,127.270210000,38.083587798,127.270268801,38.083683000,127.269820000,38.083666471,127.269736703
296,296,826430700219,59.190,4.400000,38.080635000,127.269250000,747.000000,751.342588,1446.370340,695.027751,92.504772,0.113359,8.494871,7.927453,8.222539,7.585823,8.057671,8.494871,38.083706000,127.269310000,38.083706000,127.269310000,38.083797000,127.269110000,38.083849365,127.269039478,38.083817000,127.269500000,38.083839850,127.269585691,38.083620000,127.269510000,38.083566514,127.269574721,38.083600000,127.269120000,38.083574202,127.269039868
297,297,826430700424,59.395,4.400000,38.080770000,127.269165000,747.000000,772.812203,1540.640106,767.827903,99.355044,0.250475,9.286626,8.401132,9.406529,7.632301,8.681647,9.406529,38.083584000,127.266914000,38.083584000,127.266914000,38.083570000,127.266685000,38.083587685,127.266581422,38.083767000,127.266990000,38.083825163,127.267051095,38.083600000,127.267136000,38.083579387,127.267240112,38.083405000,127.266830000,38.083348990,127.266779763
298,298,826430700632,59.603,4.400000,38.080770000,127.269165000,747.000000,772.812203,1540.640106,767.827903,99.355044,0.250475,9.286626,8.401132,9.406529,7.632301,8.681647,9.406529,38.083584000,127.266914000,38.083584000,127.266914000,38.083570000,127.266685000,38.083587685,127.266581422,38.083767000,127.266990000,38.083825163,127.267051095,38.083600000,127.267136000,38.083579387,127.267240112,38.083405000,127.266830000,38.083348990,127.266779763
299,299,826430700824,59.795,4.400000,38.080833000,127.269120000,747.000000,865.501012,1714.534381,849.033369,98.097328,0.336096,10.276474,8.257081,9.734892,8.594127,9.215643,10.276474,38.083805000,127.266080000,38.083805000,127.266080000,38.083770000,127.265854000,38.083776227,127.265736983,38.084010000,127.266130000,38.084073200,127.266179330,38.083840000,127.266310000,38.083828383,127.266420118,38.083607000,127.266040000,38.083543655,127.265983931
300,300,826430701031,60.002,4.400000,38.080967000,127.269040000,747.000000,723.249410,1421.222691,697.973281,96.505199,0.430506,8.032619,7.825819,8.709901,8.006978,8.143829,8.709901,38.083904000,127.268320000,38.083904000,127.268320000,38.083970000,127.268105000,38.083997870,127.268020439,38.084040000,127.268480000,38.084079922,127.268553516,38.083847000,127.268524000,38.083812757,127.268613379,38.083780000,127.268160000,38.083732838,127.268091002
301,301,826430701222,60.193,4.400000,38.080967000,127.269040000,747.000000,723.249410,1421.222691,697.973281,96.505199,0.430506,8.032619,7.825819,8.709901,8.006978,8.143829,8.709901,38.083904000,127.268320000,38.083904000,127.268320000,38.083970000,127.268105000,38.083997870,127.268020439,38.084040000,127.268480000,38.084079922,127.268553516,38.083847000,127.268524000,38.083812757,127.268613379,38.083780000,127.268160000,38.083732838,127.268091002
302,302,826430701430,60.401,4.400000,38.081030000,127.269000000,748.000000,738.660059,1411.159949,672.499890,91.043218,0.424836,8.505773,7.730095,7.380850,7.595399,7.803029,8.505773,38.083950000,127.269516000,38.083950000,127.269516000,38.084070000,127.269350000,38.084115088,127.269271628,38.084023000,127.269730000,38.084055340,127.269808071,38.083830000,127.269690000,38.083788098,127.269755282,38.083874000,127.269310000,38.083847994,127.269229858
303,303,826430701618,60.589,4.400000,38.081165000,127.268910000,748.000000,748.411854,1440.603738,692.191884,92.488097,0.275779,8.294095,8.322455,7.719187,7.403167,7.934726,8.322455,38.084152000,127.268290000,38.084152000,127.268290000,38.084225000,127.268080000,38.084253549,127.267992565,38.084274000,127.268460000,38.084323856,127.268530779,38.084080000,127.268500000,38.084053167,127.268581235,38.084026000,127.268120000,38.083984290,127.268054192
304,304,826430701825,60.796,4.400000,38.081165000,127.268910000,748.000000,748.411854,1440.603738,692.191884,92.488097,0.275779,8.294095,8.322455,7.719187,7.403167,7.934726,8.322455,38.084152000,127.268290000,38.084152000,127.268290000,38.084225000,127.268080000,38.084253549,127.267992565,38.084274000,127.268460000,38.084323856,127.268530779,38.084080000,127.268500000,38.084053167,127.268581235,38.084026000,127.268120000,38.083984290,127.268054192
305,305,826430702031,61.002,4.400000,38.081230000,127.268875000,748.000000,766.749612,1482.317679,715.568067,93.324868,0.257534,9.050253,7.413749,8.613398,7.679713,8.189278,9.050253,38.084100000,127.267170000,38.084100000,127.267170000,38.084118000,127.266945000,38.084135535,127.266844142,38.084267000,127.267290000,38.084317331,127.267345411,38.084084000,127.267395000,38.084063450,127.267489773,38.083935000,127.267060000,38.083885197,127.266999349
306,306,826430702221,61.192,4.400000,38.081364000,127.268790000,748.000000,803.128986,1577.982839,774.853852,96.479378,0.017074,9.440813,8.342758,8.921433,7.840801,8.636451,9.440813,38.084324000,127.266550000,38.084324000,127.266550000,38.084324000,127.266320000,38.084334989,127.266213161,38.084503000,127.266640000,38.084562342,127.266698154,38.084324000,127.266780000,38.084311485,127.266880571,38.084145000,127.266460000,38.084087762,127.266407850
307,307,826430702428,61.399,4.400000,38.081364000,127.268790000,748.000000,803.128986,1577.982839,774.853852,96.479378,0.017074,9.440813,8.342758,8.921433,7.840801,8.636451,9.440813,38.084324000,127.266550000,38.084324000,127.266550000,38.084324000,127.266320000,38.084334989,127.266213161,38.084503000,127.266640000,38.084562342,127.266698154,38.084324000,127.266780000,38.084311485,127.266880571,38.084145000,127.266460000,38.084087762,127.266407850
308,308,826430702617,61.588,4.400000,38.081430000,127.268745000,748.000000,749.579977,1449.389282,699.809305,93.360192,0.232797,8.393024,7.841939,8.224972,7.233252,7.923297,8.393024,38.084380000,127.267715000,38.084380000,127.267715000,38.084430000,127.267494000,38.084456806,127.267404470,38.084520000,127.267870000,38.084570726,127.267932103,38.084328000,127.267930000,38.084304684,127.268019075,38.084240000,127.267560000,38.084193565,127.267502255
309,309,826430702824,61.795,4.400000,38.081562000,127.268660000,748.000000,774.488676,1478.452376,703.963699,90.893995,0.141323,8.049227,7.831618,7.703878,8.105919,7.922660,8.105919,38.084618000,127.269670000,38.084618000,127.269670000,38.084760000,127.269516000,38.084808978,127.269448418,38.084670000,127.269900000,38.084699036,127.269981414,38.084476000,127.269820000,38.084430922,127.269886714,38.084568000,127.269450000,38.084538885,127.269365204
310,310,826430703032,62.003,4.400000,38.081562000,127.268660000,748.000000,774.488676,1478.452376,703.963699,90.893995,0.141323,8.049227,7.831618,7.703878,8.105919,7.922660,8.105919,38.084618000,127.269670000,38.084618000,127.269670000,38.084760000,127.269516000,38.084808978,127.269448418,38.084670000,127.269900000,38.084699036,127.269981414,38.084476000,127.269820000,38.084430922,127.269886714,38.084568000,127.269450000,38.084538885,127.269365204
311,311,826430703224,62.195,4.400000,38.081627000,127.268620000,748.000000,748.114041,1436.301422,688.187381,91.989636,0.151464,8.381805,7.946732,7.886803,7.705671,7.980253,8.381805,38.084660000,127.268555000,38.084660000,127.268555000,38.084760000,127.268364000,38.084794620,127.268279050,38.084760000,127.268750000,38.084800234,127.268824919,38.084560000,127.268745000,38.084527857,127.268825215,38.084560000,127.268364000,38.084522045,127.268290454
312,312,826430703431,62.402,4.400000,38.081627000,127.268620000,748.000000,748.114041,1436.301422,688.187381,91.989636,0.151464,8.381805,7.946732,7.886803,7.705671,7.980253,8.381805,38.084660000,127.268555000,38.084660000,127.268555000,38.084760000,127.268364000,38.084794620,127.268279050,38.084760000,127.268750000,38.084800234,127.268824919,38.084560000,127.268745000,38.084527857,127.268825215,38.084560000,127.268364000,38.084522045,127.268290454
313,313,826430703638,62.609,4.400000,38.081760000,127.268540000,748.000000,833.558193,1569.724452,736.166259,88.316121,0.236311,8.704479,8.006298,8.540348,8.113497,8.341155,8.704479,38.084560000,127.265800000,38.084560000,127.265800000,38.084540000,127.265570000,38.084531056,127.265471308,38.084755000,127.265860000,38.084816296,127.265907801,38.084580000,127.266030000,38.084583785,127.266127352,38.084373000,127.265740000,38.084308685,127.265696436
314,314,826430703828,62.799,4.400000,38.081894000,127.268456000,748.000000,743.547183,1448.663533,705.116351,94.831420,0.128044,8.256545,7.787700,8.312623,8.076879,8.108437,8.312623,38.084866000,127.267550000,38.084866000,127.267550000,38.084930000,127.267334000,38.084949733,127.267243164,38.085000000,127.267715000,38.085051738,127.267774825,38.084805000,127.267760000,38.084783286,127.267850772,38.084736000,127.267395000,38.084684797,127.267329688
315,315,826430704019,62.990,4.400000,38.081894000,127.268456000,748.000000,743.547183,1448.663533,705.116351,94.831420,0.128044,8.256545,7.787700,8.312623,8.076879,8.108437,8.312623,38.084866000,127.267550000,38.084866000,127.267550000,38.084930000,127.267334000,38.084949733,127.267243164,38.085000000,127.267715000,38.085051738,127.267774825,38.084805000,127.267760000,38.084783286,127.267850772,38.084736000,127.267395000,38.084684797,127.267329688
316,316,826430704226,63.197,4.400000,38.081960000,127.268410000,748.000000,734.090740,1402.704208,668.613468,91.080493,0.872810,7.506729,8.775323,8.161834,6.855340,7.824807,8.775323,38.084885000,127.268650000,38.084885000,127.268650000,38.084995000,127.268460000,38.085034826,127.268390863,38.084965000,127.268845000,38.085005253,127.268931111,38.084770000,127.268820000,38.084738133,127.268903893,38.084800000,127.268440000,38.084766688,127.268374195
317,317,826430704432,63.403,4.400000,38.082092000,127.268326000,748.000000,753.073765,1446.370281,693.296516,92.062232,0.362763,8.451585,8.033777,7.442953,7.850474,7.944697,8.451585,38.085140000,127.268364000,38.085140000,127.268364000,38.085250000,127.268180000,38.085281553,127.268092266,38.085228000,127.268570000,38.085275499,127.268639031,38.085033000,127.268555000,38.085001534,127.268629952,38.085050000,127.268166000,38.085007498,127.268094502
318,318,826430704623,63.594,4.400000,38.082092000,127.268326000,748.000000,753.073765,1446.370281,693.296516,92.062232,0.362763,8.451585,8.033777,7.442953,7.850474,7.944697,8.451585,38.085140000,127.268364000,38.085140000,127.268364000,38.085250000,127.268180000,38.085281553,127.268092266,38.085228000,127.268570000,38.085275499,127.268639031,38.085033000,127.268555000,38.085001534,127.268629952,38.085050000,127.268166000,38.085007498,127.268094502
319,319,826430704831,63.802,4.400000,38.082160000,127.268290000,748.000000,757.546108,1447.372173,689.826065,91.060604,0.362155,8.709217,7.575251,7.779134,7.835356,7.974739,8.709217,38.085114000,127.267340000,38.085114000,127.267340000,38.085182000,127.267130000,38.085194833,127.267031948,38.085247000,127.267510000,38.085301446,127.267561863,38.085050000,127.267555000,38.085035074,127.267641735,38.084984000,127.267180000,38.084929695,127.267123108
320,320,826430705021,63.992,4.400000,38.082290000,127.268200000,748.000000,904.946469,1605.260587,700.314118,77.387353,0.221915,7.456529,8.122042,8.306130,7.556364,7.860266,8.306130,38.085320000,127.265526000,38.085320000,127.265526000,38.085316000,127.265280000,38.085298004,127.265198027,38.085510000,127.265610000,38.085575862,127.265649887,38.085320000,127.265770000,38.085322240,127.265864756,38.085130000,127.265450000,38.085073186,127.265402806
321,321,826430705228,64.199,4.400000,38.082290000,127.268200000,748.000000,904.946469,1605.260587,700.314118,77.387353,0.221915,7.456529,8.122042,8.306130,7.556364,7.860266,8.306130,38.085320000,127.265526000,38.085320000,127.265526000,38.085316000,127.265280000,38.085298004,127.265198027,38.085510000,127.265610000,38.085575862,127.265649887,38.085320000,127.265770000,38.085322240,127.265864756,38.085130000,127.265450000,38.085073186,127.265402806
322,322,826430705418,64.389,4.400000,38.082360000,127.268166000,748.000000,844.473535,1513.870729,669.397194,79.267990,0.616945,7.222354,7.903658,7.740607,7.827236,7.673464,7.903658,38.085330000,127.266230000,38.085330000,127.266230000,38.085358000,127.265990000,38.085340436,127.265910649,38.085503000,127.266350000,38.085566187,127.266391137,38.085308000,127.266464000,38.085307856,127.266552344,38.085163000,127.266110000,38.085098519,127.266074378
323,323,826430705623,64.594,4.400000,38.082480000,127.268090000,748.000000,718.943341,1411.365242,692.421901,96.311053,0.117888,8.219576,8.384714,7.995220,8.027312,8.156706,8.384714,38.085365000,127.268680000,38.085365000,127.268680000,38.085495000,127.268520000,38.085533805,127.268440189,38.085430000,127.268890000,38.085465052,127.268974702,38.085240000,127.268840000,38.085198666,127.268914624,38.085304000,127.268470000,38.085267274,127.268391156
324,324,826430705831,64.802,4.400000,38.082480000,127.268090000,748.000000,718.943341,1411.365242,692.421901,96.311053,0.117888,8.219576,8.384714,7.995220,8.027312,8.156706,8.384714,38.085365000,127.268680000,38.085365000,127.268680000,38.085495000,127.268520000,38.085533805,127.268440189,38.085430000,127.268890000,38.085465052,127.268974702,38.085240000,127.268840000,38.085198666,127.268914624,38.085304000,127.268470000,38.085267274,127.268391156
325,325,826430706023,64.994,4.400000,38.082546000,127.268040000,748.000000,770.293497,1506.092530,735.799033,95.521906,0.138819,8.265870,8.599934,8.108038,8.194064,8.291977,8.599934,38.085644000,127.269135000,38.085644000,127.269135000,38.085793000,127.268990000,38.085839286,127.268916232,38.085690000,127.269360000,38.085721013,127.269449896,38.085500000,127.269280000,38.085450563,127.269347957,38.085600000,127.268910000,38.085567160,127.268826303
326,326,826430706230,65.201,4.400000,38.082680000,127.267970000,748.000000,778.779044,1479.537295,700.758250,89.981652,0.388957,8.256060,8.097894,7.845851,7.940814,8.035155,8.256060,38.085655000,127.266754000,38.085655000,127.266754000,38.085712000,127.266530000,38.085723068,127.266436828,38.085796000,127.266910000,38.085856670,127.266960993,38.085598000,127.266975000,38.085589566,127.267063902,38.085514000,127.266610000,38.085460288,127.266550361
327,327,826430706421,65.392,4.400000,38.082680000,127.267970000,748.000000,778.779044,1479.537295,700.758250,89.981652,0.388957,8.256060,8.097894,7.845851,7.940814,8.035155,8.256060,38.085655000,127.266754000,38.085655000,127.266754000,38.085712000,127.266530000,38.085723068,127.266436828,38.085796000,127.266910000,38.085856670,127.266960993,38.085598000,127.266975000,38.085589566,127.267063902,38.085514000,127.266610000,38.085460288,127.266550361
328,328,826430706627,65.598,4.400000,38.082750000,127.267920000,748.000000,862.026455,1540.213110,678.186655,78.673532,0.609328,7.280376,7.718353,8.524403,7.471113,7.748561,8.524403,38.085644000,127.265550000,38.085644000,127.265550000,38.085650000,127.265305000,38.085634990,127.265224126,38.085827000,127.265640000,38.085885931,127.265686412,38.085636000,127.265785000,38.085636932,127.265882283,38.085464000,127.265460000,38.085405281,127.265418706
329,329,826430706818,65.789,4.400000,38.082880000,127.267840000,748.000000,784.814344,1467.096380,682.282036,86.935470,0.263123,8.030428,7.715968,8.071592,7.802929,7.905229,8.071592,38.085860000,127.266830000,38.085860000,127.266830000,38.085930000,127.266610000,38.085938931,127.266519053,38.086000000,127.266990000,38.086051105,127.267049493,38.085796000,127.267044000,38.085782491,127.267134509,38.085728000,127.266670000,38.085672670,127.266615325
330,330,826430707024,65.995,4.400000,38.082880000,127.267840000,748.000000,784.814344,1467.096380,682.282036,86.935470,0.263123,8.030428,7.715968,8.071592,7.802929,7.905229,8.071592,38.085860000,127.266830000,38.085860000,127.266830000,38.085930000,127.266610000,38.085938931,127.266519053,38.086000000,127.266990000,38.086051105,127.267049493,38.085796000,127.267044000,38.085782491,127.267134509,38.085728000,127.266670000,38.085672670,127.266615325
331,331,826430707230,66.201,4.400000,38.082947000,127.267800000,748.000000,724.142053,1405.278940,681.136887,94.061225,0.302596,8.456408,8.205586,7.686820,8.003220,8.088009,8.456408,38.085857000,127.267990000,38.085857000,127.267990000,38.085970000,127.267815000,38.086003439,127.267728339,38.085934000,127.268196000,38.085980055,127.268269122,38.085740000,127.268166000,38.085712168,127.268246289,38.085777000,127.267790000,38.085734673,127.267716166
332,332,826430707421,66.392,4.400000,38.083080000,127.267720000,748.000000,765.460494,1450.437935,684.977441,89.485669,0.087085,7.767421,7.970997,7.603933,8.153051,7.873850,8.153051,38.086117000,127.268210000,38.086117000,127.268210000,38.086246000,127.268036000,38.086282506,127.267960450,38.086190000,127.268425000,38.086225991,127.268503648,38.085990000,127.268380000,38.085954520,127.268454160,38.086050000,127.268000000,38.086009890,127.267922143
333,333,826430707628,66.599,4.400000,38.083080000,127.267720000,748.000000,765.460494,1450.437935,684.977441,89.485669,0.087085,7.767421,7.970997,7.603933,8.153051,7.873850,8.153051,38.086117000,127.268210000,38.086117000,127.268210000,38.086246000,127.268036000,38.086282506,127.267960450,38.086190000,127.268425000,38.086225991,127.268503648,38.085990000,127.268380000,38.085954520,127.268454160,38.086050000,127.268000000,38.086009890,127.267922143
334,334,826430707820,66.791,4.400000,38.083145000,127.267680000,748.000000,777.886409,1440.054616,662.168206,85.124023,0.217709,8.042067,7.946892,7.319548,7.647917,7.739106,8.042067,38.086130000,127.266990000,38.086130000,127.266990000,38.086212000,127.266780000,38.086225768,127.266689896,38.086250000,127.267166000,38.086302006,127.267228134,38.086050000,127.267204000,38.086032993,127.267284697,38.086006000,127.266820000,38.085958123,127.266757398
335,335,826430708026,66.997,4.400000,38.083280000,127.267600000,748.000000,952.432145,1351.749928,399.317783,41.926114,1.332850,6.621623,9.801823,8.869251,6.759336,8.013008,9.801823,38.086452000,127.264885000,38.086452000,127.264885000,38.086452000,127.264626000,38.086397992,127.264594331,38.086643000,127.264970000,38.086729129,127.264993247,38.086445000,127.265130000,38.086518354,127.265169510,38.086258000,127.264790000,38.086199954,127.264767356
336,336,826430708232,67.203,4.400000,38.083280000,127.267600000,748.000000,952.432145,1351.749928,399.317783,41.926114,1.332850,6.621623,9.801823,8.869251,6.759336,8.013008,9.801823,38.086452000,127.264885000,38.086452000,127.264885000,38.086452000,127.264626000,38.086397992,127.264594331,38.086643000,127.264970000,38.086729129,127.264993247,38.086445000,127.265130000,38.086518354,127.265169510,38.086258000,127.264790000,38.086199954,127.264767356
337,337,826430708443,67.414,4.400000,38.083347000,127.267555000,748.000000,815.542163,1506.222012,690.679849,84.689656,0.194826,7.509721,8.803843,7.592025,8.153135,8.014681,8.803843,38.086380000,127.266140000,38.086380000,127.266140000,38.086430000,127.265910000,38.086426105,127.265824433,38.086533000,127.266280000,38.086599860,127.266333669,38.086330000,127.266365000,38.086333362,127.266451544,38.086227000,127.266000000,38.086163586,127.265953442
338,338,826430708632,67.603,4.400000,38.083480000,127.267480000,748.000000,735.417374,1419.412226,683.994852,93.007709,0.184024,8.000263,8.780349,7.500895,8.061354,8.085715,8.780349,38.086327000,127.268510000,38.086327000,127.268510000,38.086475000,127.268370000,38.086517400,127.268296275,38.086365000,127.268730000,38.086400738,127.268819336,38.086180000,127.268650000,38.086140581,127.268719431,38.086290000,127.268290000,38.086257511,127.268207773
339,339,826430708824,67.795,4.400000,38.083546000,127.267430000,748.000000,776.281536,1467.577751,691.296215,89.052255,0.318505,8.145669,8.299634,7.494774,8.465272,8.101337,8.465272,38.086628000,127.268030000,38.086628000,127.268030000,38.086770000,127.267870000,38.086799378,127.267784853,38.086690000,127.268250000,38.086731703,127.268328522,38.086494000,127.268196000,38.086460117,127.268269918,38.086570000,127.267815000,38.086524834,127.267737271
340,340,826430709088,68.059,4.400000,38.083546000,127.267430000,748.000000,776.281536,1467.577751,691.296215,89.052255,0.318505,8.145669,8.299634,7.494774,8.465272,8.101337,8.465272,38.086628000,127.268030000,38.086628000,127.268030000,38.086770000,127.267870000,38.086799378,127.267784853,38.086690000,127.268250000,38.086731703,127.268328522,38.086494000,127.268196000,38.086460117,127.268269918,38.086570000,127.267815000,38.086524834,127.267737271
341,341,826430709224,68.195,4.400000,38.083614000,127.267395000,748.000000,778.836720,1455.904126,677.067406,86.933164,0.073964,7.780359,8.423585,7.682427,7.895446,7.945454,8.423585,38.086650000,127.266800000,38.086650000,127.266800000,38.086742000,127.266590000,38.086753044,127.266502316,38.086765000,127.266980000,38.086821383,127.267044120,38.086563000,127.267006000,38.086548761,127.267091795,38.086536000,127.266620000,38.086482329,127.266561089
342,342,826430709431,68.402,4.400000,38.083748000,127.267320000,749.000000,962.568996,1344.710742,382.141747,39.700193,0.508883,9.239171,10.580268,10.515529,10.438958,10.193482,10.580268,38.086970000,127.264650000,38.086970000,127.264650000,38.086983000,127.264390000,38.086900474,127.264378781,38.087162000,127.264750000,38.087257022,127.264752597,38.086960000,127.264900000,38.087053392,127.264918021,38.086784000,127.264550000,38.086690425,127.264557776
343,343,826430709624,68.595,4.400000,38.083748000,127.267320000,749.000000,962.568996,1344.710742,382.141747,39.700193,0.508883,9.239171,10.580268,10.515529,10.438958,10.193482,10.580268,38.086970000,127.264650000,38.086970000,127.264650000,38.086983000,127.264390000,38.086900474,127.264378781,38.087162000,127.264750000,38.087257022,127.264752597,38.086960000,127.264900000,38.087053392,127.264918021,38.086784000,127.264550000,38.086690425,127.264557776
344,344,826430709831,68.802,4.400000,38.083817000,127.267270000,749.000000,823.193152,1475.895962,652.702810,79.289145,0.805747,7.777623,9.049628,6.935504,7.541034,7.825947,9.049628,38.086872000,127.265930000,38.086872000,127.265930000,38.086933000,127.265700000,38.086931824,127.265611244,38.087017000,127.266080000,38.087088640,127.266128819,38.086815000,127.266160000,38.086828339,127.266237322,38.086727000,127.265780000,38.086670872,127.265731809
345,345,826430710023,68.994,4.400000,38.083950000,127.267200000,749.000000,740.874566,1449.807749,708.933183,95.688692,0.357214,7.574996,9.238958,7.930812,8.546423,8.322797,9.238958,38.086800000,127.268320000,38.086800000,127.268320000,38.086956000,127.268180000,38.086998084,127.268112061,38.086834000,127.268540000,38.086871630,127.268633985,38.086650000,127.268450000,38.086610538,127.268525363,38.086770000,127.268100000,38.086733498,127.268014187
346,346,826430710230,69.201,4.400000,38.083950000,127.267200000,749.000000,740.874566,1449.807749,708.933183,95.688692,0.357214,7.574996,9.238958,7.930812,8.546423,8.322797,9.238958,38.086800000,127.268320000,38.086800000,127.268320000,38.086956000,127.268180000,38.086998084,127.268112061,38.086834000,127.268540000,38.086871630,127.268633985,38.086650000,127.268450000,38.086610538,127.268525363,38.086770000,127.268100000,38.086733498,127.268014187
347,347,826430710421,69.392,4.400000,38.084015000,127.267160000,749.000000,778.616892,1509.272674,730.655782,93.840217,0.341131,8.339274,8.982929,7.551234,8.892804,8.441560,8.982929,38.087143000,127.268326000,38.087143000,127.268326000,38.087300000,127.268190000,38.087338762,127.268108553,38.087177000,127.268555000,38.087216900,127.268644115,38.086990000,127.268470000,38.086947974,127.268537652,38.087105000,127.268105000,38.087069369,127.268014158
348,348,826430710625,69.596,4.400000,38.084150000,127.267075000,749.000000,820.043416,1473.494995,653.451579,79.684998,0.421150,7.320642,9.142036,7.198347,7.508195,7.792305,9.142036,38.087250000,127.265854000,38.087250000,127.265854000,38.087315000,127.265625000,38.087309168,127.265541776,38.087387000,127.266014000,38.087459833,127.266062209,38.087185000,127.266080000,38.087191701,127.266161715,38.087110000,127.265690000,38.087050720,127.265649126
349,349,826430710832,69.803,4.400000,38.084150000,127.267075000,749.000000,820.043416,1473.494995,653.451579,79.684998,0.421150,7.320642,9.142036,7.198347,7.508195,7.792305,9.142036,38.087250000,127.265854000,38.087250000,127.265854000,38.087315000,127.265625000,38.087309168,127.265541776,38.087387000,127.266014000,38.087459833,127.266062209,38.087185000,127.266080000,38.087191701,127.266161715,38.087110000,127.265690000,38.087050720,127.265649126
350,350,826430711022,69.993,4.400000,38.084217000,127.267040000,749.000000,908.979879,1219.913061,310.933182,34.206828,1.122779,7.671283,9.537332,10.687712,8.265323,9.040413,10.687712,38.087260000,127.264590000,38.087260000,127.264590000,38.087273000,127.264336000,38.087205974,127.264315655,38.087450000,127.264690000,38.087535535,127.264696218,38.087250000,127.264830000,38.087345009,127.264847561,38.087082000,127.264490000,38.087008313,127.264478419
351,351,826430711228,70.199,4.400000,38.084286000,127.267000000,749.000000,847.960826,1467.958957,619.998131,73.116365,1.654796,8.140248,8.243491,7.014339,9.399383,8.199365,9.399383,38.087402000,127.265210000,38.087402000,127.265210000,38.087444000,127.264980000,38.087393637,127.264912640,38.087566000,127.265350000,38.087635024,127.265384080,38.087364000,127.265450000,38.087368798,127.265529825,38.087242000,127.265080000,38.087160707,127.265051004
352,352,826430711418,70.389,4.400000,38.084286000,127.267000000,749.000000,847.960826,1467.958957,619.998131,73.116365,1.654796,8.140248,8.243491,7.014339,9.399383,8.199365,9.399383,38.087402000,127.265210000,38.087402000,127.265210000,38.087444000,127.264980000,38.087393637,127.264912640,38.087566000,127.265350000,38.087635024,127.265384080,38.087364000,127.265450000,38.087368798,127.265529825,38.087242000,127.265080000,38.087160707,127.265051004
353,353,826430711625,70.596,4.400000,38.084420000,127.266920000,749.000000,733.222791,1421.139609,687.916819,93.820981,0.690023,8.149693,7.851855,8.104537,9.013261,8.279836,9.013261,38.087303000,127.267640000,38.087303000,127.267640000,38.087444000,127.267490000,38.087474801,127.267405617,38.087353000,127.267860000,38.087387700,127.267938022,38.087166000,127.267790000,38.087126212,127.267867465,38.087254000,127.267426000,38.087204989,127.267344115
354,354,826430711830,70.801,4.400000,38.084484000,127.266880000,749.000000,780.158895,1527.885085,747.726190,95.842808,0.600599,7.556169,9.075223,8.330615,9.005656,8.491916,9.075223,38.087510000,127.268520000,38.087510000,127.268520000,38.087680000,127.268394000,38.087729264,127.268334672,38.087530000,127.268745000,38.087550220,127.268845343,38.087345000,127.268630000,38.087295059,127.268700811,38.087498000,127.268290000,38.087463011,127.268197325
355,355,826430712022,70.993,4.400000,38.084620000,127.266800000,749.000000,799.862990,1520.139890,720.276900,90.050035,1.317802,6.543974,8.768235,8.340155,9.180636,8.208250,9.180636,38.087750000,127.266300000,38.087750000,127.266300000,38.087845000,127.266080000,38.087850659,127.266005658,38.087864000,127.266480000,38.087918282,127.266552516,38.087658000,127.266500000,38.087636631,127.266591236,38.087640000,127.266106000,38.087566828,127.266057664
356,356,826430712230,71.201,4.400000,38.084620000,127.266800000,749.000000,799.862990,1520.139890,720.276900,90.050035,1.317802,6.543974,8.768235,8.340155,9.180636,8.208250,9.180636,38.087750000,127.266300000,38.087750000,127.266300000,38.087845000,127.266080000,38.087850659,127.266005658,38.087864000,127.266480000,38.087918282,127.266552516,38.087658000,127.266500000,38.087636631,127.266591236,38.087640000,127.266106000,38.087566828,127.266057664
357,357,826430712420,71.391,4.400000,38.084686000,127.266760000,749.000000,860.537642,1403.836264,543.298621,63.134789,1.641820,8.401784,10.717819,7.618993,11.093817,9.458103,11.093817,38.087833000,127.264980000,38.087833000,127.264980000,38.087870000,127.264730000,38.087797522,127.264703246,38.088000000,127.265110000,38.088093204,127.265140675,38.087795000,127.265210000,38.087835310,127.265280277,38.087673000,127.264850000,38.087574204,127.264833391
358,358,826430712627,71.598,4.400000,38.084812000,127.266690000,749.000000,852.051032,1518.649495,666.598464,78.234570,1.605879,7.003466,8.879618,7.157952,9.756058,8.199274,9.756058,38.087936000,127.265236000,38.087936000,127.265236000,38.087990000,127.265000000,38.087951712,127.264936573,38.088090000,127.265390000,38.088164062,127.265427638,38.087887000,127.265470000,38.087881272,127.265551372,38.087784000,127.265090000,38.087699721,127.265059460
359,359,826430712817,71.788,4.400000,38.084812000,127.266690000,749.000000,852.051032,1518.649495,666.598464,78.234570,1.605879,7.003466,8.879618,7.157952,9.756058,8.199274,9.756058,38.087936000,127.265236000,38.087936000,127.265236000,38.087990000,127.265000000,38.087951712,127.264936573,38.088090000,127.265390000,38.088164062,127.265427638,38.087887000,127.265470000,38.087881272,127.265551372,38.087784000,127.265090000,38.087699721,127.265059460
360,360,826430713024,71.995,4.400000,38.084877000,127.266655000,749.000000,774.171062,1443.820858,669.649796,86.498944,0.229560,7.737284,7.608417,7.183225,8.396886,7.731453,8.396886,38.087900000,127.266450000,38.087900000,127.266450000,38.088000000,127.266250000,38.088023675,127.266166972,38.087997000,127.266650000,38.088042659,127.266714619,38.087795000,127.266650000,38.087774409,127.266727700,38.087800000,127.266260000,38.087747146,127.266191624
361,361,826430713231,72.202,4.400000,38.085014000,127.266570000,749.000000,813.094179,1510.031803,696.937624,85.714256,0.457496,7.765302,8.215339,7.269724,9.049379,8.074936,9.049379,38.088120000,127.268196000,38.088120000,127.268196000,38.088290000,127.268074000,38.088332270,127.268003495,38.088142000,127.268430000,38.088160785,127.268520677,38.087950000,127.268320000,38.087906071,127.268381395,38.088100000,127.267970000,38.088071611,127.267873217
362,362,826430713423,72.394,4.400000,38.085014000,127.266570000,749.000000,813.094179,1510.031803,696.937624,85.714256,0.457496,7.765302,8.215339,7.269724,9.049379,8.074936,9.049379,38.088120000,127.268196000,38.088120000,127.268196000,38.088290000,127.268074000,38.088332270,127.268003495,38.088142000,127.268430000,38.088160785,127.268520677,38.087950000,127.268320000,38.087906071,127.268381395,38.088100000,127.267970000,38.088071611,127.267873217
363,363,826430713630,72.601,4.400000,38.085080000,127.266530000,749.000000,800.091730,1491.603115,691.511385,86.429013,0.476270,8.437338,8.499550,6.873666,8.170451,7.995251,8.499550,38.088238000,127.266950000,38.088238000,127.266950000,38.088370000,127.266780000,38.088402766,127.266693164,38.088310000,127.267166000,38.088355226,127.267244161,38.088104000,127.267130000,38.088078638,127.267201530,38.088165000,127.266740000,38.088124697,127.266662063
364,364,826430713820,72.791,4.400000,38.085217000,127.266460000,749.000000,874.858521,1253.515822,378.657301,43.282118,0.387574,8.073495,10.002695,8.997014,9.653311,9.181628,10.002695,38.088400000,127.264330000,38.088400000,127.264330000,38.088425000,127.264084000,38.088355031,127.264059749,38.088573000,127.264460000,38.088662781,127.264464662,38.088375000,127.264570000,38.088451611,127.264602714,38.088230000,127.264206000,38.088143284,127.264205564
365,365,826430714026,72.997,4.400000,38.085217000,127.266460000,749.000000,874.858521,1253.515822,378.657301,43.282118,0.387574,8.073495,10.002695,8.997014,9.653311,9.181628,10.002695,38.088400000,127.264330000,38.088400000,127.264330000,38.088425000,127.264084000,38.088355031,127.264059749,38.088573000,127.264460000,38.088662781,127.264464662,38.088375000,127.264570000,38.088451611,127.264602714,38.088230000,127.264206000,38.088143284,127.264205564
366,366,826430714217,73.188,4.400000,38.085280000,127.266420000,749.000000,848.592235,1263.411861,414.819626,48.883269,1.468439,8.202065,12.909000,10.791270,10.033084,10.483855,12.909000,38.088463000,127.264540000,38.088463000,127.264540000,38.088497000,127.264300000,38.088428231,127.264266393,38.088627000,127.264680000,38.088742961,127.264680971,38.088430000,127.264780000,38.088524600,127.264806894,38.088303000,127.264404000,38.088213033,127.264397147
367,367,826430714423,73.394,4.400000,38.085420000,127.266340000,749.000000,749.929856,1413.954538,664.024682,88.544905,0.188013,7.594634,8.298117,7.297212,8.444722,7.908671,8.444722,38.088306000,127.266990000,38.088306000,127.266990000,38.088448000,127.266830000,38.088478873,127.266752701,38.088360000,127.267210000,38.088402494,127.267287814,38.088170000,127.267150000,38.088138347,127.267222934,38.088253000,127.266780000,38.088212870,127.266698206
368,368,826430714621,73.592,4.400000,38.085420000,127.266340000,749.000000,749.929856,1413.954538,664.024682,88.544905,0.188013,7.594634,8.298117,7.297212,8.444722,7.908671,8.444722,38.088306000,127.266990000,38.088306000,127.266990000,38.088448000,127.266830000,38.088478873,127.266752701,38.088360000,127.267210000,38.088402494,127.267287814,38.088170000,127.267150000,38.088138347,127.267222934,38.088253000,127.266780000,38.088212870,127.266698206
369,369,826430714818,73.789,4.400000,38.085487000,127.266304000,749.000000,767.340105,1428.548413,661.208308,86.168871,0.415026,8.106119,8.101720,7.022561,8.857188,8.021897,8.857188,38.088245000,127.268196000,38.088245000,127.268196000,38.088420000,127.268105000,38.088468785,127.268036313,38.088240000,127.268430000,38.088259756,127.268518997,38.088070000,127.268295000,38.088027440,127.268354163,38.088250000,127.267975000,38.088228780,127.267877570
370,370,826430715024,73.995,4.400000,38.085620000,127.266230000,749.000000,822.244470,1505.638193,683.393724,83.113204,0.451386,7.406522,9.114937,7.308276,7.833081,7.915704,9.114937,38.088837000,127.265990000,38.088837000,127.265990000,38.088943000,127.265785000,38.088958692,127.265702850,38.088936000,127.266190000,38.088998509,127.266257197,38.088726000,127.266190000,38.088714751,127.266272180,38.088734000,127.265790000,38.088682484,127.265729100
371,371,826430715230,74.201,4.400000,38.085620000,127.266230000,749.000000,822.244470,1505.638193,683.393724,83.113204,0.451386,7.406522,9.114937,7.308276,7.833081,7.915704,9.114937,38.088837000,127.265990000,38.088837000,127.265990000,38.088943000,127.265785000,38.088958692,127.265702850,38.088936000,127.266190000,38.088998509,127.266257197,38.088726000,127.266190000,38.088714751,127.266272180,38.088734000,127.265790000,38.088682484,127.265729100
372,372,826430715421,74.392,4.400000,38.085690000,127.266190000,749.000000,851.151614,1356.511947,505.360333,59.373715,1.549602,8.725425,15.472278,11.253220,12.064109,11.878758,15.472278,38.088955000,127.264640000,38.088955000,127.264640000,38.089000000,127.264404000,38.088926935,127.264367946,38.089110000,127.264790000,38.089248737,127.264800648,38.088905000,127.264880000,38.089002714,127.264912912,38.088802000,127.264496000,38.088694119,127.264482880
373,373,826430715625,74.596,4.400000,38.085823000,127.266110000,749.000000,782.718650,1483.807705,701.089055,89.571017,1.881180,9.383655,9.178594,6.627398,7.078824,8.067118,9.383655,38.088924000,127.265570000,38.088924000,127.265570000,38.089012000,127.265366000,38.089047978,127.265269144,38.089035000,127.265760000,38.089103834,127.265817672,38.088833000,127.265785000,38.088825622,127.265860060,38.088810000,127.265390000,38.088775338,127.265322263
374,374,826430715831,74.802,4.400000,38.085823000,127.266110000,749.000000,782.718650,1483.807705,701.089055,89.571017,1.881180,9.383655,9.178594,6.627398,7.078824,8.067118,9.383655,38.088924000,127.265570000,38.088924000,127.265570000,38.089012000,127.265366000,38.089047978,127.265269144,38.089035000,127.265760000,38.089103834,127.265817672,38.088833000,127.265785000,38.088825622,127.265860060,38.088810000,127.265390000,38.088775338,127.265322263
375,375,826430716021,74.992,4.400000,38.085890000,127.266075000,749.000000,760.312099,1429.608786,669.296688,88.029204,0.243301,7.383588,8.472658,7.791408,8.137219,7.946218,8.472658,38.088787000,127.266800000,38.088787000,127.266800000,38.088932000,127.266640000,38.088964295,127.266566391,38.088837000,127.267020000,38.088878882,127.267100746,38.088646000,127.266950000,38.088613472,127.267028741,38.088740000,127.266580000,38.088696822,127.266505059
376,376,826430716228,75.199,4.400000,38.085890000,127.266075000,749.000000,760.312099,1429.608786,669.296688,88.029204,0.243301,7.383588,8.472658,7.791408,8.137219,7.946218,8.472658,38.088787000,127.266800000,38.088787000,127.266800000,38.088932000,127.266640000,38.088964295,127.266566391,38.088837000,127.267020000,38.088878882,127.267100746,38.088646000,127.266950000,38.088613472,127.267028741,38.088740000,127.266580000,38.088696822,127.266505059
377,377,826430716418,75.389,4.400000,38.086030000,127.266000000,749.000000,792.356826,1536.500842,744.144016,93.915265,0.288600,8.187538,9.266322,7.977619,8.434816,8.466574,9.266322,38.089188000,127.267365000,38.089188000,127.267365000,38.089350000,127.267230000,38.089397965,127.267159156,38.089220000,127.267590000,38.089250758,127.267688278,38.089027000,127.267494000,38.088983485,127.267566346,38.089160000,127.267136000,38.089127919,127.267048783
378,378,826430716626,75.597,4.400000,38.086094000,127.265960000,749.000000,809.667940,1502.851765,693.183826,85.613347,0.408970,7.558958,8.186605,7.304463,8.719217,7.942311,8.719217,38.089256000,127.266060000,38.089256000,127.266060000,38.089380000,127.265870000,38.089399479,127.265787350,38.089344000,127.266270000,38.089391179,127.266341677,38.089138000,127.266250000,38.089113040,127.266327104,38.089172000,127.265854000,38.089115827,127.265784646
379,379,826430716832,75.803,4.400000,38.086230000,127.265884000,749.000000,828.602342,2215.061355,1386.459013,167.325017,2.509995,16.852252,14.286645,9.575117,11.612551,13.081641,16.852252,38.089375000,127.263610000,38.089375000,127.263610000,38.089382000,127.263374000,38.089470170,127.263217643,38.089550000,127.263725000,38.089678015,127.263713412,38.089367000,127.263850000,38.089329659,127.263948452,38.089200000,127.263504000,38.089095760,127.263509097
380,380,826430717023,75.994,4.400000,38.086230000,127.265884000,749.000000,828.602342,2215.061355,1386.459013,167.325017,2.509995,16.852252,14.286645,9.575117,11.612551,13.081641,16.852252,38.089375000,127.263610000,38.089375000,127.263610000,38.089382000,127.263374000,38.089470170,127.263217643,38.089550000,127.263725000,38.089678015,127.263713412,38.089367000,127.263850000,38.089329659,127.263948452,38.089200000,127.263504000,38.089095760,127.263509097
381,381,826430717222,76.193,4.400000,38.086300000,127.265850000,749.000000,804.243601,1545.708157,741.464556,92.194026,2.104860,6.985634,18.490218,9.572943,13.647921,12.174179,18.490218,38.089400000,127.264626000,38.089400000,127.264626000,38.089455000,127.264400000,38.089410089,127.264344313,38.089542000,127.264786000,38.089707871,127.264797077,38.089344000,127.264854000,38.089421012,127.264902621,38.089256000,127.264470000,38.089133580,127.264461534
382,382,826430717420,76.391,4.400000,38.086300000,127.265850000,749.000000,804.243601,1545.708157,741.464556,92.194026,2.104860,6.985634,18.490218,9.572943,13.647921,12.174179,18.490218,38.089400000,127.264626000,38.089400000,127.264626000,38.089455000,127.264400000,38.089410089,127.264344313,38.089542000,127.264786000,38.089707871,127.264797077,38.089344000,127.264854000,38.089421012,127.264902621,38.089256000,127.264470000,38.089133580,127.264461534
383,383,826430717627,76.598,4.400000,38.086433000,127.265770000,749.000000,737.923921,1427.160287,689.236366,93.402090,0.304869,8.101441,8.287448,7.267841,8.591286,8.062004,8.591286,38.089237000,127.267210000,38.089237000,127.267210000,38.089397000,127.267090000,38.089446364,127.267022056,38.089252000,127.267440000,38.089280522,127.267527373,38.089077000,127.267334000,38.089031961,127.267394054,38.089222000,127.266990000,38.089194508,127.266898374
384,384,826430717817,76.788,4.400000,38.086570000,127.265690000,749.000000,785.973289,1464.517722,678.544433,86.331742,0.361834,7.671420,8.062289,7.100792,8.345493,7.794998,8.345493,38.089650000,127.266250000,38.089650000,127.266250000,38.089787000,127.266080000,38.089817882,127.266001724,38.089718000,127.266470000,38.089756279,127.266548118,38.089520000,127.266426000,38.089484036,127.266492936,38.089584000,127.266040000,38.089546078,127.265957832
385,385,826430718033,77.004,4.400000,38.086570000,127.265690000,749.000000,785.973289,1464.517722,678.544433,86.331742,0.361834,7.671420,8.062289,7.100792,8.345493,7.794998,8.345493,38.089650000,127.266250000,38.089650000,127.266250000,38.089787000,127.266080000,38.089817882,127.266001724,38.089718000,127.266470000,38.089756279,127.266548118,38.089520000,127.266426000,38.089484036,127.266492936,38.089584000,127.266040000,38.089546078,127.265957832
386,386,826430718230,77.201,4.400000,38.086640000,127.265656000,749.000000,787.513741,1483.814187,696.300446,88.417562,2.522664,7.227064,7.351565,7.206340,12.178234,8.490801,12.178234,38.089700000,127.264990000,38.089700000,127.264990000,38.089780000,127.264780000,38.089760107,127.264701480,38.089825000,127.265175000,38.089874067,127.265231160,38.089622000,127.265205000,38.089604778,127.265284287,38.089577000,127.264820000,38.089474617,127.264771023
387,387,826430718420,77.391,4.400000,38.086765000,127.265590000,749.000000,827.011630,2021.685143,1194.673513,144.456676,0.162248,11.608996,11.209386,11.121642,11.145943,11.271492,11.608996,38.089890000,127.263565000,38.089890000,127.263565000,38.089900000,127.263330000,38.089947122,127.263211795,38.090065000,127.263690000,38.090165047,127.263704500,38.089874000,127.263800000,38.089824345,127.263910151,38.089718000,127.263440000,38.089617874,127.263440176
388,388,826430718626,77.597,4.400000,38.086765000,127.265590000,749.000000,827.011630,2021.685143,1194.673513,144.456676,0.162248,11.608996,11.209386,11.121642,11.145943,11.271492,11.608996,38.089890000,127.263565000,38.089890000,127.263565000,38.089900000,127.263330000,38.089947122,127.263211795,38.090065000,127.263690000,38.090165047,127.263704500,38.089874000,127.263800000,38.089824345,127.263910151,38.089718000,127.263440000,38.089617874,127.263440176
389,389,826430718817,77.788,4.400000,38.086830000,127.265550000,749.000000,782.342855,1510.858990,728.516135,93.119804,3.758863,7.079852,6.273150,7.758137,13.513402,8.656135,13.513402,38.089863000,127.264920000,38.089863000,127.264920000,38.089940000,127.264710000,38.089920897,127.264632923,38.089985000,127.265110000,38.090021150,127.265164926,38.089787000,127.265140000,38.089750584,127.265215499,38.089740000,127.264750000,38.089624394,127.264702945
390,390,826430719023,77.994,4.400000,38.086967000,127.265480000,749.000000,768.153656,1468.545353,700.391697,91.178593,0.358955,7.110504,8.911094,7.343962,8.127775,7.873334,8.911094,38.089718000,127.267380000,38.089718000,127.267380000,38.089893000,127.267270000,38.089944815,127.267222541,38.089710000,127.267610000,38.089735843,127.267706263,38.089546000,127.267480000,38.089495333,127.267533683,38.089720000,127.267150000,38.089700924,127.267060454
391,391,826430719228,78.199,4.400000,38.086967000,127.265480000,749.000000,768.153656,1468.545353,700.391697,91.178593,0.358955,7.110504,8.911094,7.343962,8.127775,7.873334,8.911094,38.089718000,127.267380000,38.089718000,127.267380000,38.089893000,127.267270000,38.089944815,127.267222541,38.089710000,127.267610000,38.089735843,127.267706263,38.089546000,127.267480000,38.089495333,127.267533683,38.089720000,127.267150000,38.089700924,127.267060454
392,392,826430719418,78.389,4.400000,38.087036000,127.265440000,749.000000,782.877593,1492.084843,709.207250,90.589801,0.333388,7.852456,8.852449,7.320392,7.922874,7.987043,8.852449,38.090020000,127.266910000,38.090020000,127.266910000,38.090183000,127.266780000,38.090233347,127.266717225,38.090042000,127.267140000,38.090072365,127.267233384,38.089860000,127.267040000,38.089814251,127.267100020,38.089996000,127.266680000,38.089972241,127.266594757
393,393,826430719625,78.596,4.400000,38.087173000,127.265366000,749.000000,771.767915,1586.836371,815.068456,105.610565,0.237635,6.980474,10.653556,6.398382,12.202615,9.058757,12.202615,38.090110000,127.264430000,38.090110000,127.264430000,38.090168000,127.264206000,38.090181659,127.264128239,38.090250000,127.264595000,38.090338641,127.264640841,38.090054000,127.264650000,38.090064055,127.264721904,38.089977000,127.264270000,38.089870284,127.264238162
394,394,826430719818,78.789,4.400000,38.087173000,127.265366000,749.000000,771.767915,1586.836371,815.068456,105.610565,0.237635,6.980474,10.653556,6.398382,12.202615,9.058757,12.202615,38.090110000,127.264430000,38.090110000,127.264430000,38.090168000,127.264206000,38.090181659,127.264128239,38.090250000,127.264595000,38.090338641,127.264640841,38.090054000,127.264650000,38.090064055,127.264721904,38.089977000,127.264270000,38.089870284,127.264238162
395,395,826430720049,79.020,4.400000,38.087240000,127.265330000,749.000000,782.349109,1765.447514,983.098405,125.659810,0.190542,9.575017,9.933623,9.762230,9.665657,9.734132,9.933623,38.090190000,127.263320000,38.090190000,127.263320000,38.090195000,127.263090000,38.090217046,127.262984363,38.090363000,127.263435000,38.090449505,127.263462834,38.090183000,127.263550000,38.090151769,127.263654119,38.090020000,127.263214000,38.089935881,127.263186658
396,396,826430720274,79.245,4.400000,38.087376000,127.265250000,749.000000,767.464850,1410.220676,642.755826,83.750523,0.808964,8.105282,8.289688,7.216399,6.724979,7.584087,8.289688,38.090298000,127.265450000,38.090298000,127.265450000,38.090412000,127.265270000,38.090446405,127.265188467,38.090380000,127.265660000,38.090429075,127.265731165,38.090183000,127.265630000,38.090161175,127.265707559,38.090210000,127.265240000,38.090177340,127.265175426
397,397,826430720424,79.395,4.400000,38.087376000,127.265250000,749.000000,767.464850,1410.220676,642.755826,83.750523,0.808964,8.105282,8.289688,7.216399,6.724979,7.584087,8.289688,38.090298000,127.265450000,38.090298000,127.265450000,38.090412000,127.265270000,38.090446405,127.265188467,38.090380000,127.265660000,38.090429075,127.265731165,38.090183000,127.265630000,38.090161175,127.265707559,38.090210000,127.265240000,38.090177340,127.265175426
398,398,826430720629,79.600,4.400000,38.087444000,127.265220000,749.000000,749.763874,1431.277634,681.513759,90.897119,0.147886,7.283205,8.406710,7.173204,8.507406,7.842631,8.507406,38.090225000,127.266685000,38.090225000,127.266685000,38.090390000,127.266560000,38.090434704,127.266499302,38.090240000,127.266914000,38.090267541,127.267003344,38.090065000,127.266810000,38.090017943,127.266865933,38.090210000,127.266464000,38.090183750,127.266372806
399,399,826430720821,79.792,4.400000,38.087444000,127.265220000,749.000000,749.763874,1431.277634,681.513759,90.897119,0.147886,7.283205,8.406710,7.173204,8.507406,7.842631,8.507406,38.090225000,127.266685000,38.090225000,127.266685000,38.090390000,127.266560000,38.090434704,127.266499302,38.090240000,127.266914000,38.090267541,127.267003344,38.090065000,127.266810000,38.090017943,127.266865933,38.090210000,127.266464000,38.090183750,127.266372806
400,400,826430721027,79.998,4.400000,38.087580000,127.265144000,749.000000,758.411602,1430.189621,671.778019,88.576970,0.574231,7.687321,8.726092,7.181040,7.599975,7.798607,8.726092,38.090534000,127.265480000,38.090534000,127.265480000,38.090656000,127.265300000,38.090691101,127.265224438,38.090607000,127.265690000,38.090656127,127.265767612,38.090412000,127.265656000,38.090387073,127.265731597,38.090458000,127.265270000,38.090418632,127.265199129
401,401,826430721217,80.188,4.400000,38.087650000,127.265110000,749.000000,763.785100,1438.937996,675.152896,88.395662,0.508296,8.766793,7.084442,7.596248,7.256288,7.675943,8.766793,38.090572000,127.264740000,38.090572000,127.264740000,38.090660000,127.264534000,38.090701135,127.264448671,38.090683000,127.264930000,38.090721849,127.264994047,38.090485000,127.264946000,38.090453135,127.265022669,38.090460000,127.264560000,38.090425759,127.264489525
402,402,826430721424,80.395,4.400000,38.087784000,127.265030000,749.000000,759.462192,1511.302844,751.840652,98.996456,0.116901,8.258255,8.260387,8.662581,8.084504,8.316432,8.662581,38.090797000,127.264040000,38.090797000,127.264040000,38.090855000,127.263820000,38.090874401,127.263729021,38.090935000,127.264206000,38.090994965,127.264261537,38.090740000,127.264250000,38.090719930,127.264345529,38.090660000,127.263880000,38.090601614,127.263825124
403,403,826430721631,80.602,4.400000,38.087784000,127.265030000,749.000000,759.462192,1511.302844,751.840652,98.996456,0.116901,8.258255,8.260387,8.662581,8.084504,8.316432,8.662581,38.090797000,127.264040000,38.090797000,127.264040000,38.090855000,127.263820000,38.090874401,127.263729021,38.090935000,127.264206000,38.090994965,127.264261537,38.090740000,127.264250000,38.090719930,127.264345529,38.090660000,127.263880000,38.090601614,127.263825124
404,404,826430721830,80.801,4.400000,38.087852000,127.264990000,749.000000,766.577252,1433.748707,667.171456,87.032514,0.379298,7.419406,8.279094,7.759324,7.158420,7.654061,8.279094,38.090770000,127.265260000,38.090770000,127.265260000,38.090893000,127.265076000,38.090924993,127.265001710,38.090847000,127.265470000,38.090893271,127.265543981,38.090652000,127.265434000,38.090620405,127.265512944,38.090694000,127.265045000,38.090652880,127.264982182
405,405,826430722026,80.997,4.400000,38.087852000,127.264990000,749.000000,766.577252,1433.748707,667.171456,87.032514,0.379298,7.419406,8.279094,7.759324,7.158420,7.654061,8.279094,38.090770000,127.265260000,38.090770000,127.265260000,38.090893000,127.265076000,38.090924993,127.265001710,38.090847000,127.265470000,38.090893271,127.265543981,38.090652000,127.265434000,38.090620405,127.265512944,38.090694000,127.265045000,38.090652880,127.264982182
406,406,826430722232,81.203,4.400000,38.087990000,127.264920000,749.000000,790.353546,1536.587556,746.234009,94.417747,0.043394,7.689752,9.078416,7.477480,8.768254,8.253475,9.078416,38.090900000,127.267000000,38.090900000,127.267000000,38.091080000,127.266900000,38.091134126,127.266845466,38.090893000,127.267235000,38.090917055,127.267334010,38.090725000,127.267100000,38.090671364,127.267151379,38.090908000,127.266770000,38.090885011,127.266674277
407,407,826430722423,81.394,4.400000,38.088060000,127.264885000,749.000000,767.311353,1451.079904,683.768550,89.112268,0.710596,7.160586,8.548810,8.351467,7.584462,7.911331,8.548810,38.090984000,127.265780000,38.090984000,127.265780000,38.091130000,127.265620000,38.091169125,127.265555126,38.091034000,127.266000000,38.091068255,127.266087331,38.090843000,127.265920000,38.090802271,127.266000053,38.090940000,127.265550000,38.090901085,127.265478942
408,408,826430722626,81.597,4.400000,38.088060000,127.264885000,749.000000,767.311353,1451.079904,683.768550,89.112268,0.710596,7.160586,8.548810,8.351467,7.584462,7.911331,8.548810,38.090984000,127.265780000,38.090984000,127.265780000,38.091130000,127.265620000,38.091169125,127.265555126,38.091034000,127.266000000,38.091068255,127.266087331,38.090843000,127.265920000,38.090802271,127.266000053,38.090940000,127.265550000,38.090901085,127.265478942
409,409,826430722823,81.794,4.400000,38.088196000,127.264820000,749.000000,735.682156,1486.767355,751.085199,102.093709,0.263048,8.684967,8.025293,8.367957,8.050106,8.282081,8.684967,38.091030000,127.263330000,38.091030000,127.263330000,38.091057000,127.263110000,38.091069065,127.263012063,38.091187000,127.263466000,38.091248440,127.263513921,38.091003000,127.263550000,38.090989126,127.263643871,38.090878000,127.263190000,38.090811386,127.263154240
410,410,826430723031,82.002,4.400000,38.088333000,127.264740000,749.000000,751.430683,1421.989788,670.559105,89.237653,0.108556,8.148737,7.569087,8.162186,6.842559,7.680642,8.162186,38.091267000,127.264565000,38.091267000,127.264565000,38.091362000,127.264366000,38.091396251,127.264283800,38.091370000,127.264760000,38.091410488,127.264829407,38.091175000,127.264760000,38.091137490,127.264840050,38.091164000,127.264370000,38.091130383,127.264304614
411,411,826430723221,82.192,4.400000,38.088333000,127.264740000,749.000000,751.430683,1421.989788,670.559105,89.237653,0.108556,8.148737,7.569087,8.162186,6.842559,7.680642,8.162186,38.091267000,127.264565000,38.091267000,127.264565000,38.091362000,127.264366000,38.091396251,127.264283800,38.091370000,127.264760000,38.091410488,127.264829407,38.091175000,127.264760000,38.091137490,127.264840050,38.091164000,127.264370000,38.091130383,127.264304614
412,412,826430723426,82.397,4.400000,38.088400000,127.264700000,749.000000,755.556712,1399.086880,643.530168,85.172980,0.388503,7.615900,8.056898,7.082926,7.849875,7.651400,8.056898,38.091213000,127.265810000,38.091213000,127.265810000,38.091366000,127.265670000,38.091408871,127.265602256,38.091248000,127.266040000,38.091281051,127.266121813,38.091064000,127.265950000,38.091028125,127.266016768,38.091180000,127.265590000,38.091153791,127.265506820
413,413,826430723617,82.588,4.400000,38.088528000,127.264640000,749.000000,798.730644,1512.858778,714.128134,89.407880,0.414962,7.639666,9.380687,7.873418,7.683773,8.144386,9.380687,38.091408000,127.266620000,38.091408000,127.266620000,38.091587000,127.266520000,38.091637054,127.266460343,38.091404000,127.266850000,38.091429490,127.266952055,38.091236000,127.266716000,38.091183318,127.266775963,38.091410000,127.266380000,38.091389076,127.266296424
414,414,826430723821,82.792,4.400000,38.088528000,127.264640000,749.000000,798.730644,1512.858778,714.128134,89.407880,0.414962,7.639666,9.380687,7.873418,7.683773,8.144386,9.380687,38.091408000,127.266620000,38.091408000,127.266620000,38.091587000,127.266520000,38.091637054,127.266460343,38.091404000,127.266850000,38.091429490,127.266952055,38.091236000,127.266716000,38.091183318,127.266775963,38.091410000,127.266380000,38.091389076,127.266296424
415,415,826430724025,82.996,4.400000,38.088596000,127.264600000,749.000000,766.038233,1398.007971,631.969738,82.498459,0.262159,7.731995,6.868537,7.248494,7.459890,7.327229,7.731995,38.091484000,127.265380000,38.091484000,127.265380000,38.091620000,127.265220000,38.091661618,127.265149343,38.091537000,127.265610000,38.091565050,127.265679828,38.091347000,127.265540000,38.091306760,127.265605045,38.091430000,127.265160000,38.091400044,127.265083833
416,416,826430724231,83.202,4.400000,38.088730000,127.264530000,749.000000,714.494007,1474.386900,759.892893,106.353991,0.203495,9.229717,8.006101,9.219432,7.839379,8.573657,9.229717,38.091522000,127.262910000,38.091522000,127.262910000,38.091537000,127.262690000,38.091556590,127.262587634,38.091686000,127.263030000,38.091743826,127.263084334,38.091507000,127.263120000,38.091493195,127.263223759,38.091362000,127.262790000,38.091302661,127.262741813
417,417,826430724421,83.392,4.400000,38.088730000,127.264530000,749.000000,714.494007,1474.386900,759.892893,106.353991,0.203495,9.229717,8.006101,9.219432,7.839379,8.573657,9.229717,38.091522000,127.262910000,38.091522000,127.262910000,38.091537000,127.262690000,38.091556590,127.262587634,38.091686000,127.263030000,38.091743826,127.263084334,38.091507000,127.263120000,38.091493195,127.263223759,38.091362000,127.262790000,38.091302661,127.262741813
418,418,826430724627,83.598,4.400000,38.088802000,127.264496000,749.000000,761.110020,1490.306861,729.196841,95.807022,0.509405,8.531902,8.111565,8.279268,7.959221,8.220489,8.531902,38.091774000,127.263270000,38.091774000,127.263270000,38.091812000,127.263050000,38.091830930,127.262955633,38.091927000,127.263410000,38.091975998,127.263478528,38.091732000,127.263490000,38.091712863,127.263581318,38.091625000,127.263120000,38.091564239,127.263072116
419,419,826430724818,83.789,4.400000,38.088802000,127.264496000,749.000000,761.110020,1490.306861,729.196841,95.807022,0.509405,8.531902,8.111565,8.279268,7.959221,8.220489,8.531902,38.091774000,127.263270000,38.091774000,127.263270000,38.091812000,127.263050000,38.091830930,127.262955633,38.091927000,127.263410000,38.091975998,127.263478528,38.091732000,127.263490000,38.091712863,127.263581318,38.091625000,127.263120000,38.091564239,127.263072116
420,420,826430725024,83.995,4.400000,38.088936000,127.264420000,749.000000,755.117780,1421.908617,666.790836,88.302892,0.357339,7.705491,8.236079,7.452505,7.124185,7.629565,8.236079,38.091690000,127.265724000,38.091690000,127.265724000,38.091846000,127.265590000,38.091897902,127.265531808,38.091717000,127.265950000,38.091741870,127.266038537,38.091537000,127.265854000,38.091488437,127.265912552,38.091663000,127.265495000,38.091644131,127.265417299
421,421,826430725230,84.201,4.400000,38.089005000,127.264380000,749.000000,795.206627,1477.149020,681.942393,85.756628,0.212427,6.967734,9.211730,6.972210,8.257450,7.852281,9.211730,38.091705000,127.266790000,38.091705000,127.266790000,38.091890000,127.266710000,38.091936410,127.266656635,38.091682000,127.267020000,38.091696253,127.267123572,38.091522000,127.266870000,38.091470253,127.266914834,38.091730000,127.266556000,38.091713840,127.266464013
422,422,826430725419,84.390,4.400000,38.089005000,127.264380000,749.000000,795.206627,1477.149020,681.942393,85.756628,0.212427,6.967734,9.211730,6.972210,8.257450,7.852281,9.211730,38.091705000,127.266790000,38.091705000,127.266790000,38.091890000,127.266710000,38.091936410,127.266656635,38.091682000,127.267020000,38.091696253,127.267123572,38.091522000,127.266870000,38.091470253,127.266914834,38.091730000,127.266556000,38.091713840,127.266464013
423,423,826430725655,84.626,4.400000,38.089140000,127.264310000,749.000000,744.186741,1396.056825,651.870085,87.594961,0.601802,8.396829,7.528340,6.817939,7.432447,7.543889,8.396829,38.091984000,127.264500000,38.091984000,127.264500000,38.092090000,127.264320000,38.092129750,127.264238546,38.092068000,127.264710000,38.092107773,127.264779497,38.091873000,127.264690000,38.091841147,127.264756468,38.091896000,127.264300000,38.091863493,127.264225899
424,424,826430725859,84.830,4.400000,38.089280000,127.264244000,749.000000,753.156516,1565.278097,812.121581,107.829059,0.840326,9.313779,7.724991,9.727768,8.985715,8.938063,9.727768,38.092255000,127.262480000,38.092255000,127.262480000,38.092266000,127.262260000,38.092280078,127.262155207,38.092426000,127.262600000,38.092477594,127.262658967,38.092243000,127.262700000,38.092217859,127.262806340,38.092087000,127.262370000,38.092017141,127.262318614
425,425,826430726024,84.995,4.400000,38.089280000,127.264244000,749.000000,753.156516,1565.278097,812.121581,107.829059,0.840326,9.313779,7.724991,9.727768,8.985715,8.938063,9.727768,38.092255000,127.262480000,38.092255000,127.262480000,38.092266000,127.262260000,38.092280078,127.262155207,38.092426000,127.262600000,38.092477594,127.262658967,38.092243000,127.262700000,38.092217859,127.262806340,38.092087000,127.262370000,38.092017141,127.262318614
426,426,826430726228,85.199,4.400000,38.089348000,127.264206000,749.000000,765.688890,1420.451275,654.762384,85.512849,0.315981,8.675140,7.016386,7.821477,6.430779,7.485945,8.675140,38.092247000,127.263660000,38.092247000,127.263660000,38.092316000,127.263450000,38.092354143,127.263363652,38.092373000,127.263840000,38.092410016,127.263904820,38.092175000,127.263870000,38.092143394,127.263949733,38.092120000,127.263480000,38.092087618,127.263419214
427,427,826430726431,85.402,4.400000,38.089348000,127.264206000,749.000000,765.688890,1420.451275,654.762384,85.512849,0.315981,8.675140,7.016386,7.821477,6.430779,7.485945,8.675140,38.092247000,127.263660000,38.092247000,127.263660000,38.092316000,127.263450000,38.092354143,127.263363652,38.092373000,127.263840000,38.092410016,127.263904820,38.092175000,127.263870000,38.092143394,127.263949733,38.092120000,127.263480000,38.092087618,127.263419214
428,428,826430726627,85.598,4.400000,38.089485000,127.264140000,749.000000,786.112678,1389.343084,603.230406,76.735870,0.523743,7.911258,6.181926,6.902790,7.885591,7.220392,7.911258,38.092106000,127.266530000,38.092106000,127.266530000,38.092290000,127.266460000,38.092350152,127.266411912,38.092080000,127.266770000,38.092075614,127.266840341,38.091927000,127.266610000,38.091875380,127.266653655,38.092133000,127.266304000,38.092126387,127.266214386
429,429,826430726824,85.795,4.400000,38.089622000,127.264060000,749.000000,743.743479,1380.178881,636.435402,85.571897,0.705284,7.279398,7.811218,8.103871,6.709231,7.475930,8.103871,38.092415000,127.264690000,38.092415000,127.264690000,38.092545000,127.264520000,38.092584081,127.264453383,38.092484000,127.264900000,38.092505632,127.264984816,38.092293000,127.264850000,38.092246750,127.264921433,38.092354000,127.264465000,38.092322764,127.264399507
430,430,826430727028,85.999,4.400000,38.089622000,127.264060000,749.000000,743.743479,1380.178881,636.435402,85.571897,0.705284,7.279398,7.811218,8.103871,6.709231,7.475930,8.103871,38.092415000,127.264690000,38.092415000,127.264690000,38.092545000,127.264520000,38.092584081,127.264453383,38.092484000,127.264900000,38.092505632,127.264984816,38.092293000,127.264850000,38.092246750,127.264921433,38.092354000,127.264465000,38.092322764,127.264399507
431,431,826430727219,86.190,4.400000,38.089690000,127.264030000,749.000000,731.381699,1362.822142,631.440443,86.335281,0.590756,8.891072,7.122916,7.333637,6.654736,7.500590,8.891072,38.092434000,127.263580000,38.092434000,127.263580000,38.092503000,127.263380000,38.092540731,127.263290554,38.092552000,127.263760000,38.092589449,127.263825924,38.092360000,127.263790000,38.092328863,127.263863768,38.092310000,127.263405000,38.092282366,127.263337644
432,432,826430727426,86.397,4.400000,38.089690000,127.264030000,749.000000,731.381699,1362.822142,631.440443,86.335281,0.590756,8.891072,7.122916,7.333637,6.654736,7.500590,8.891072,38.092434000,127.263580000,38.092434000,127.263580000,38.092503000,127.263380000,38.092540731,127.263290554,38.092552000,127.263760000,38.092589449,127.263825924,38.092360000,127.263790000,38.092328863,127.263863768,38.092310000,127.263405000,38.092282366,127.263337644
433,433,826430727632,86.603,4.400000,38.089830000,127.263954000,749.000000,738.766502,1418.731187,679.964685,92.040541,0.263019,9.076346,6.999151,8.506551,7.091382,7.918358,9.076346,38.092720000,127.262985000,38.092720000,127.262985000,38.092770000,127.262770000,38.092800781,127.262674067,38.092865000,127.263145000,38.092905457,127.263206154,38.092674000,127.263200000,38.092642936,127.263288711,38.092583000,127.262830000,38.092545514,127.262764555
434,434,826430727822,86.793,4.400000,38.089897000,127.263920000,749.000000,727.014736,1371.192180,644.177444,88.605830,0.365644,7.849332,7.566854,7.909969,7.037291,7.590862,7.909969,38.092697000,127.264206000,38.092697000,127.264206000,38.092804000,127.264020000,38.092848493,127.263950495,38.092780000,127.264410000,38.092809250,127.264487964,38.092587000,127.264380000,38.092549580,127.264456752,38.092613000,127.264000000,38.092584116,127.263928549
435,435,826430728030,87.001,4.400000,38.089897000,127.263920000,749.000000,727.014736,1371.192180,644.177444,88.605830,0.365644,7.849332,7.566854,7.909969,7.037291,7.590862,7.909969,38.092697000,127.264206000,38.092697000,127.264206000,38.092804000,127.264020000,38.092848493,127.263950495,38.092780000,127.264410000,38.092809250,127.264487964,38.092587000,127.264380000,38.092549580,127.264456752,38.092613000,127.264000000,38.092584116,127.263928549
436,436,826430728220,87.191,4.400000,38.090034000,127.263850000,749.000000,812.230486,1406.246395,594.015910,73.133910,0.490599,7.590561,6.618278,7.715344,6.254034,7.044554,7.715344,38.092556000,127.266590000,38.092556000,127.266590000,38.092747000,127.266525000,38.092812966,127.266503065,38.092518000,127.266815000,38.092494586,127.266884438,38.092370000,127.266640000,38.092306591,127.266675554,38.092594000,127.266350000,38.092600013,127.266279025
437,437,826430728426,87.397,4.400000,38.090170000,127.263780000,749.000000,722.965399,1354.936042,631.970644,87.413678,0.087624,8.118956,7.373177,7.600628,7.011487,7.526062,8.118956,38.092896000,127.264240000,38.092896000,127.264240000,38.093014000,127.264070000,38.093057933,127.263996028,38.092970000,127.264450000,38.092995784,127.264527521,38.092780000,127.264410000,38.092739196,127.264479559,38.092823000,127.264030000,38.092797236,127.263956971
438,438,826430728632,87.603,4.400000,38.090170000,127.263780000,749.000000,722.965399,1354.936042,631.970644,87.413678,0.087624,8.118956,7.373177,7.600628,7.011487,7.526062,8.118956,38.092896000,127.264240000,38.092896000,127.264240000,38.093014000,127.264070000,38.093057933,127.263996028,38.092970000,127.264450000,38.092995784,127.264527521,38.092780000,127.264410000,38.092739196,127.264479559,38.092823000,127.264030000,38.092797236,127.263956971
439,439,826430728823,87.794,4.400000,38.090240000,127.263740000,749.000000,702.143343,1348.961524,646.818181,92.120532,0.466646,7.838127,7.583394,8.803886,6.965322,7.797682,8.803886,38.092907000,127.263145000,38.092907000,127.263145000,38.092968000,127.262930000,38.093001586,127.262851367,38.093033000,127.263310000,38.093072655,127.263380382,38.092846000,127.263340000,38.092815844,127.263432898,38.092780000,127.262980000,38.092746209,127.262913086
440,440,826430729030,88.001,4.400000,38.090240000,127.263740000,749.000000,702.143343,1348.961524,646.818181,92.120532,0.466646,7.838127,7.583394,8.803886,6.965322,7.797682,8.803886,38.092907000,127.263145000,38.092907000,127.263145000,38.092968000,127.262930000,38.093001586,127.262851367,38.093033000,127.263310000,38.093072655,127.263380382,38.092846000,127.263340000,38.092815844,127.263432898,38.092780000,127.262980000,38.092746209,127.262913086
441,441,826430729220,88.191,4.400000,38.090366000,127.263680000,749.000000,736.811004,1423.814098,687.003094,93.240070,0.206872,8.553829,7.340944,8.996045,7.212709,8.025882,8.996045,38.093212000,127.262660000,38.093212000,127.262660000,38.093258000,127.262440000,38.093286094,127.262349124,38.093360000,127.262810000,38.093399940,127.262876676,38.093170000,127.262870000,38.093138846,127.262964746,38.093070000,127.262510000,38.093028463,127.262446815
442,442,826430729426,88.397,4.400000,38.090504000,127.263600000,749.000000,736.499615,1394.471631,657.972016,89.337727,0.598914,7.790852,8.149688,7.581877,7.056128,7.644636,8.149688,38.093143000,127.265010000,38.093143000,127.265010000,38.093296000,127.264880000,38.093352967,127.264828342,38.093163000,127.265236000,38.093183776,127.265325199,38.092990000,127.265130000,38.092940885,127.265189956,38.093117000,127.264780000,38.093104121,127.264701139
443,443,826430729631,88.602,4.400000,38.090504000,127.263600000,749.000000,736.499615,1394.471631,657.972016,89.337727,0.598914,7.790852,8.149688,7.581877,7.056128,7.644636,8.149688,38.093143000,127.265010000,38.093143000,127.265010000,38.093296000,127.264880000,38.093352967,127.264828342,38.093163000,127.265236000,38.093183776,127.265325199,38.092990000,127.265130000,38.092940885,127.265189956,38.093117000,127.264780000,38.093104121,127.264701139
444,444,826430729822,88.793,4.400000,38.090572000,127.263570000,749.000000,769.367043,1460.265534,690.898492,89.800895,0.350508,8.592669,7.802512,7.793048,7.086876,7.818776,8.592669,38.093044000,127.266240000,38.093044000,127.266240000,38.093230000,127.266190000,38.093301776,127.266153917,38.093006000,127.266470000,38.093003920,127.266559021,38.092865000,127.266304000,38.092797876,127.266329260,38.093082000,127.266014000,38.093091952,127.265934103
445,445,826430730029,89.000,4.400000,38.090572000,127.263570000,749.000000,769.367043,1460.265534,690.898492,89.800895,0.350508,8.592669,7.802512,7.793048,7.086876,7.818776,8.592669,38.093044000,127.266240000,38.093044000,127.266240000,38.093230000,127.266190000,38.093301776,127.266153917,38.093006000,127.266470000,38.093003920,127.266559021,38.092865000,127.266304000,38.092797876,127.266329260,38.093082000,127.266014000,38.093091952,127.265934103
446,446,826430730220,89.191,4.400000,38.090710000,127.263500000,749.000000,720.668946,1354.300180,633.631234,87.922650,0.455078,7.843291,7.103228,7.381906,7.387040,7.428866,7.843291,38.093360000,127.264160000,38.093360000,127.264160000,38.093487000,127.264000000,38.093530346,127.263929421,38.093422000,127.264380000,38.093447164,127.264454507,38.093240000,127.264330000,38.093189987,127.264385329,38.093296000,127.263950000,38.093274017,127.263870443
447,447,826430730428,89.399,4.400000,38.090847000,127.263430000,749.000000,704.819416,1388.722942,683.903526,97.032447,0.360748,9.304709,7.777214,8.527973,7.272432,8.220582,9.304709,38.093520000,127.261950000,38.093520000,127.261950000,38.093536000,127.261734000,38.093558059,127.261631558,38.093680000,127.262070000,38.093730969,127.262130713,38.093506000,127.262170000,38.093482384,127.262262601,38.093365000,127.261830000,38.093323405,127.261765989
448,448,826430730617,89.588,4.400000,38.090847000,127.263430000,749.000000,704.819416,1388.722942,683.903526,97.032447,0.360748,9.304709,7.777214,8.527973,7.272432,8.220582,9.304709,38.093520000,127.261950000,38.093520000,127.261950000,38.093536000,127.261734000,38.093558059,127.261631558,38.093680000,127.262070000,38.093730969,127.262130713,38.093506000,127.262170000,38.093482384,127.262262601,38.093365000,127.261830000,38.093323405,127.261765989
449,449,826430730820,89.791,4.400000,38.090920000,127.263390000,749.000000,716.545352,1378.732202,662.186850,92.413809,0.350545,8.295982,7.819642,8.571440,6.856501,7.885891,8.571440,38.093678000,127.262820000,38.093678000,127.262820000,38.093742000,127.262610000,38.093776305,127.262525936,38.093803000,127.262985000,38.093841484,127.263059670,38.093613000,127.263020000,38.093580359,127.263108612,38.093550000,127.262650000,38.093515927,127.262584803
450,450,826430731025,89.996,4.400000,38.090920000,127.263390000,749.000000,716.545352,1378.732202,662.186850,92.413809,0.350545,8.295982,7.819642,8.571440,6.856501,7.885891,8.571440,38.093678000,127.262820000,38.093678000,127.262820000,38.093742000,127.262610000,38.093776305,127.262525936,38.093803000,127.262985000,38.093841484,127.263059670,38.093613000,127.263020000,38.093580359,127.263108612,38.093550000,127.262650000,38.093515927,127.262584803
451,451,826430731239,90.210,4.400000,38.091057000,127.263320000,749.000000,750.548780,1394.211603,643.662823,85.758959,0.154131,7.432668,7.371058,7.631867,7.497521,7.483279,7.631867,38.093570000,127.265175000,38.093570000,127.265175000,38.093740000,127.265076000,38.093794145,127.265026358,38.093567000,127.265410000,38.093576243,127.265493312,38.093407000,127.265274000,38.093348464,127.265319349,38.093570000,127.264946000,38.093562242,127.264860990
452,452,826430731417,90.388,4.400000,38.091190000,127.263250000,749.000000,737.585210,1412.207945,674.622735,91.463702,0.264412,8.085536,7.626560,7.477176,7.889847,7.769780,8.085536,38.093807000,127.265076000,38.093807000,127.265076000,38.093970000,127.264970000,38.094031457,127.264920810,38.093807000,127.265310000,38.093819161,127.265395670,38.093643000,127.265180000,38.093587746,127.265228528,38.093803000,127.264850000,38.093793531,127.264760749
453,453,826430731624,90.595,4.400000,38.091190000,127.263250000,749.000000,737.585210,1412.207945,674.622735,91.463702,0.264412,8.085536,7.626560,7.477176,7.889847,7.769780,8.085536,38.093807000,127.265076000,38.093807000,127.265076000,38.093970000,127.264970000,38.094031457,127.264920810,38.093807000,127.265310000,38.093819161,127.265395670,38.093643000,127.265180000,38.093587746,127.265228528,38.093803000,127.264850000,38.093793531,127.264760749
454,454,826430731831,90.802,4.400000,38.091260000,127.263214000,749.000000,710.277366,1343.481526,633.204160,89.148858,0.186571,8.326401,7.334479,7.652733,6.876744,7.547589,8.326401,38.093880000,127.263855000,38.093880000,127.263855000,38.094000000,127.263695000,38.094049893,127.263624193,38.093945000,127.264070000,38.093967731,127.264148579,38.093758000,127.264015000,38.093713458,127.264081535,38.093815000,127.263640000,38.093793601,127.263566366
455,455,826430732023,90.994,4.400000,38.091396000,127.263145000,749.000000,726.560993,1426.977156,700.416163,96.401564,0.187139,8.822177,7.924035,8.326504,7.191043,8.065940,8.822177,38.094193000,127.261920000,38.094193000,127.261920000,38.094227000,127.261700000,38.094252415,127.261604618,38.094340000,127.262060000,38.094391637,127.262122257,38.094160000,127.262140000,38.094134358,127.262229283,38.094044000,127.261780000,38.093998971,127.261721146
456,456,826430732230,91.201,4.400000,38.091396000,127.263145000,749.000000,726.560993,1426.977156,700.416163,96.401564,0.187139,8.822177,7.924035,8.326504,7.191043,8.065940,8.822177,38.094193000,127.261920000,38.094193000,127.261920000,38.094227000,127.261700000,38.094252415,127.261604618,38.094340000,127.262060000,38.094391637,127.262122257,38.094160000,127.262140000,38.094134358,127.262229283,38.094044000,127.261780000,38.093998971,127.261721146
457,457,826430732421,91.392,4.400000,38.091465000,127.263110000,749.000000,707.739159,1341.081728,633.342569,89.488134,0.461727,8.620092,6.852135,7.515272,7.483480,7.617745,8.620092,38.094143000,127.263090000,38.094143000,127.263090000,38.094240000,127.262910000,38.094273558,127.262821326,38.094242000,127.263290000,38.094274331,127.263356556,38.094050000,127.263280000,38.094015684,127.263353874,38.094050000,127.262900000,38.094013854,127.262827979
458,458,826430732628,91.599,4.400000,38.091606000,127.263040000,749.000000,767.806350,1356.048476,588.242127,76.613345,0.618539,7.130249,7.039493,7.429219,7.396559,7.248880,7.429219,38.093998000,127.265465000,38.093998000,127.265465000,38.094177000,127.265400000,38.094225350,127.265346618,38.093967000,127.265700000,38.093963927,127.265780257,38.093820000,127.265530000,38.093760243,127.265567759,38.094030000,127.265236000,38.094028613,127.265151591
459,459,826430732818,91.789,4.400000,38.091606000,127.263040000,749.000000,767.806350,1356.048476,588.242127,76.613345,0.618539,7.130249,7.039493,7.429219,7.396559,7.248880,7.429219,38.093998000,127.265465000,38.093998000,127.265465000,38.094177000,127.265400000,38.094225350,127.265346618,38.093967000,127.265700000,38.093963927,127.265780257,38.093820000,127.265530000,38.093760243,127.265567759,38.094030000,127.265236000,38.094028613,127.265151591
460,460,826430733025,91.996,4.400000,38.091675000,127.263000000,749.000000,767.833243,1336.280677,568.447433,74.032668,0.544165,7.682774,7.327392,6.778264,6.982938,7.192842,7.682774,38.094223000,127.265370000,38.094223000,127.265370000,38.094402000,127.265300000,38.094457572,127.265247998,38.094200000,127.265610000,38.094204652,127.265693429,38.094048000,127.265450000,38.094001128,127.265499387,38.094250000,127.265144000,38.094256166,127.265064679
461,461,826430733232,92.203,4.400000,38.091812000,127.262930000,750.000000,676.870328,1315.530813,638.660485,94.354924,0.269269,8.188422,7.443318,7.695078,7.696179,7.755749,8.188422,38.094376000,127.263010000,38.094376000,127.263010000,38.094475000,127.262830000,38.094510638,127.262748236,38.094460000,127.263210000,38.094498365,127.263279585,38.094276000,127.263190000,38.094242995,127.263267177,38.094290000,127.262820000,38.094254334,127.262744744
462,462,826430733418,92.389,4.400000,38.091812000,127.262930000,750.000000,676.870328,1315.530813,638.660485,94.354924,0.269269,8.188422,7.443318,7.695078,7.696179,7.755749,8.188422,38.094376000,127.263010000,38.094376000,127.263010000,38.094475000,127.262830000,38.094510638,127.262748236,38.094460000,127.263210000,38.094498365,127.263279585,38.094276000,127.263190000,38.094242995,127.263267177,38.094290000,127.262820000,38.094254334,127.262744744
463,463,826430733623,92.594,4.400000,38.091880000,127.262900000,750.000000,686.456501,1351.920881,665.464380,96.941959,0.220471,8.311102,7.548610,8.324414,7.398900,7.895757,8.324414,38.094430000,127.261820000,38.094430000,127.261820000,38.094470000,127.261604000,38.094488647,127.261512139,38.094566000,127.261970000,38.094619852,127.262022363,38.094390000,127.262030000,38.094372256,127.262122305,38.094290000,127.261680000,38.094241896,127.261621721
464,464,826430733827,92.798,4.400000,38.091880000,127.262900000,750.000000,686.456501,1351.920881,665.464380,96.941959,0.220471,8.311102,7.548610,8.324414,7.398900,7.895757,8.324414,38.094430000,127.261820000,38.094430000,127.261820000,38.094470000,127.261604000,38.094488647,127.261512139,38.094566000,127.261970000,38.094619852,127.262022363,38.094390000,127.262030000,38.094372256,127.262122305,38.094290000,127.261680000,38.094241896,127.261621721
465,465,826430734032,93.003,4.400000,38.092020000,127.262825000,750.000000,682.456310,1324.863042,642.406732,94.131554,0.367809,8.280911,7.758721,7.254585,7.586541,7.720190,8.280911,38.094610000,127.263130000,38.094610000,127.263130000,38.094720000,127.262960000,38.094759515,127.262879916,38.094680000,127.263336000,38.094718105,127.263410155,38.094498000,127.263306000,38.094462573,127.263375503,38.094536000,127.262930000,38.094502934,127.262854279
466,466,826430734222,93.193,4.400000,38.092155000,127.262760000,750.000000,763.154657,1322.872568,559.717911,73.342658,0.335870,6.916029,8.078166,6.907305,6.562521,7.116005,8.078166,38.094440000,127.265510000,38.094440000,127.265510000,38.094627000,127.265465000,38.094679190,127.265422172,38.094395000,127.265730000,38.094386368,127.265821553,38.094260000,127.265560000,38.094206778,127.265600533,38.094486000,127.265280000,38.094495522,127.265206076
467,467,826430734426,93.397,4.400000,38.092155000,127.262760000,750.000000,763.154657,1322.872568,559.717911,73.342658,0.335870,6.916029,8.078166,6.907305,6.562521,7.116005,8.078166,38.094440000,127.265510000,38.094440000,127.265510000,38.094627000,127.265465000,38.094679190,127.265422172,38.094395000,127.265730000,38.094386368,127.265821553,38.094260000,127.265560000,38.094206778,127.265600533,38.094486000,127.265280000,38.094495522,127.265206076
468,468,826430734629,93.600,4.400000,38.092213000,127.262726000,750.000000,788.337374,1289.697242,501.359867,63.597120,0.655729,7.088761,7.037206,7.443437,5.682572,6.812994,7.443437,38.094720000,127.265520000,38.094720000,127.265520000,38.094902000,127.265460000,38.094956165,127.265417452,38.094680000,127.265750000,38.094669437,127.265829197,38.094540000,127.265570000,38.094486812,127.265621489,38.094757000,127.265280000,38.094775531,127.265219561
469,469,826430734819,93.790,4.400000,38.092213000,127.262726000,750.000000,788.337374,1289.697242,501.359867,63.597120,0.655729,7.088761,7.037206,7.443437,5.682572,6.812994,7.443437,38.094720000,127.265520000,38.094720000,127.265520000,38.094902000,127.265460000,38.094956165,127.265417452,38.094680000,127.265750000,38.094669437,127.265829197,38.094540000,127.265570000,38.094486812,127.265621489,38.094757000,127.265280000,38.094775531,127.265219561
470,470,826430735023,93.994,4.400000,38.092350000,127.262660000,750.000000,669.697790,1300.012057,630.314267,94.119210,0.425796,8.006950,8.093189,7.771777,6.846467,7.679596,8.093189,38.094864000,127.263050000,38.094864000,127.263050000,38.094975000,127.262880000,38.095017930,127.262806668,38.094930000,127.263250000,38.094963209,127.263332180,38.094750000,127.263214000,38.094712854,127.263289113,38.094795000,127.262840000,38.094764948,127.262771815
471,471,826430735226,94.197,4.400000,38.092490000,127.262590000,750.000000,713.482671,1394.378097,680.895426,95.432651,0.335908,8.515207,7.709282,7.960352,7.748525,7.983341,8.515207,38.095215000,127.261505000,38.095215000,127.261505000,38.095260000,127.261290000,38.095278037,127.261195543,38.095352000,127.261660000,38.095407322,127.261712936,38.095165000,127.261720000,38.095151866,127.261809319,38.095078000,127.261360000,38.095026086,127.261301081
472,472,826430735427,94.398,4.400000,38.092490000,127.262590000,750.000000,713.482671,1394.378097,680.895426,95.432651,0.335908,8.515207,7.709282,7.960352,7.748525,7.983341,8.515207,38.095215000,127.261505000,38.095215000,127.261505000,38.095260000,127.261290000,38.095278037,127.261195543,38.095352000,127.261660000,38.095407322,127.261712936,38.095165000,127.261720000,38.095151866,127.261809319,38.095078000,127.261360000,38.095026086,127.261301081
473,473,826430735629,94.600,4.400000,38.092560000,127.262550000,750.000000,654.286516,1313.065035,658.778520,100.686550,0.586726,9.009782,7.589783,7.250062,8.042343,7.972992,9.009782,38.095140000,127.262670000,38.095140000,127.262670000,38.095238000,127.262500000,38.095277235,127.262410049,38.095220000,127.262870000,38.095258491,127.262941508,38.095040000,127.262856000,38.095004521,127.262925400,38.095060000,127.262480000,38.095021148,127.262402604
474,474,826430735830,94.801,4.400000,38.092560000,127.262550000,750.000000,654.286516,1313.065035,658.778520,100.686550,0.586726,9.009782,7.589783,7.250062,8.042343,7.972992,9.009782,38.095140000,127.262670000,38.095140000,127.262670000,38.095238000,127.262500000,38.095277235,127.262410049,38.095220000,127.262870000,38.095258491,127.262941508,38.095040000,127.262856000,38.095004521,127.262925400,38.095060000,127.262480000,38.095021148,127.262402604
475,475,826430736024,94.995,4.400000,38.092697000,127.262480000,750.000000,731.965727,1199.275388,467.309661,63.843107,0.544898,6.893661,6.142156,6.957790,6.852999,6.711651,6.957790,38.094982000,127.265070000,38.094982000,127.265070000,38.095160000,127.265015000,38.095207678,127.264964784,38.094944000,127.265300000,38.094924366,127.265365521,38.094807000,127.265130000,38.094751539,127.265166624,38.095020000,127.264850000,38.095039014,127.264775600
476,476,826430736219,95.190,4.400000,38.092834000,127.262410000,750.000000,683.152223,1290.031484,606.879261,88.835144,0.276760,8.212281,6.562684,7.719441,7.547203,7.510402,8.212281,38.095280000,127.263740000,38.095280000,127.263740000,38.095425000,127.263620000,38.095481192,127.263559263,38.095300000,127.263970000,38.095307755,127.264044260,38.095135000,127.263860000,38.095083068,127.263918393,38.095260000,127.263520000,38.095245596,127.263435818
477,477,826430736426,95.397,4.400000,38.092834000,127.262410000,750.000000,683.152223,1290.031484,606.879261,88.835144,0.276760,8.212281,6.562684,7.719441,7.547203,7.510402,8.212281,38.095280000,127.263740000,38.095280000,127.263740000,38.095425000,127.263620000,38.095481192,127.263559263,38.095300000,127.263970000,38.095307755,127.264044260,38.095135000,127.263860000,38.095083068,127.263918393,38.095260000,127.263520000,38.095245596,127.263435818
478,478,826430736644,95.615,4.400000,38.092903000,127.262380000,750.000000,656.176635,1277.619312,621.442677,94.706615,0.263910,8.045901,7.664156,7.691203,7.194734,7.648999,8.045901,38.095345000,127.262610000,38.095345000,127.262610000,38.095448000,127.262436000,38.095487470,127.262359062,38.095417000,127.262810000,38.095453443,127.262884223,38.095238000,127.262780000,38.095204416,127.262856723,38.095270000,127.262410000,38.095236720,127.262339599
479,479,826430736860,95.831,4.400000,38.093044000,127.262314000,750.000000,676.273151,1332.480850,656.207699,97.032937,0.137062,8.120058,7.670791,7.911243,7.879369,7.895365,8.120058,38.095676000,127.261986000,38.095676000,127.261986000,38.095757000,127.261790000,38.095784351,127.261704074,38.095780000,127.262170000,38.095825458,127.262235804,38.095596000,127.262180000,38.095568451,127.262263243,38.095573000,127.261810000,38.095527952,127.261740626
480,480,826430737025,95.996,4.400000,38.093044000,127.262314000,750.000000,676.273151,1332.480850,656.207699,97.032937,0.137062,8.120058,7.670791,7.911243,7.879369,7.895365,8.120058,38.095676000,127.261986000,38.095676000,127.261986000,38.095757000,127.261790000,38.095784351,127.261704074,38.095780000,127.262170000,38.095825458,127.262235804,38.095596000,127.262180000,38.095568451,127.262263243,38.095573000,127.261810000,38.095527952,127.261740626
481,481,826430737231,96.202,4.400000,38.093113000,127.262276000,750.000000,667.214142,1291.258993,624.044851,93.529920,0.569092,8.209523,7.179915,7.165156,7.944387,7.624745,8.209523,38.095580000,127.263220000,38.095580000,127.263220000,38.095715000,127.263084000,38.095763081,127.263012945,38.095620000,127.263440000,38.095637890,127.263518740,38.095448000,127.263370000,38.095399153,127.263423260,38.095543000,127.263010000,38.095519792,127.262924246
482,482,826430737418,96.389,4.400000,38.093113000,127.262276000,750.000000,667.214142,1291.258993,624.044851,93.529920,0.569092,8.209523,7.179915,7.165156,7.944387,7.624745,8.209523,38.095580000,127.263220000,38.095580000,127.263220000,38.095715000,127.263084000,38.095763081,127.263012945,38.095620000,127.263440000,38.095637890,127.263518740,38.095448000,127.263370000,38.095399153,127.263423260,38.095543000,127.263010000,38.095519792,127.262924246
483,483,826430737623,96.594,4.400000,38.093250000,127.262210000,750.000000,781.893156,1382.106531,600.213376,76.764117,0.673856,7.085704,8.139404,6.288630,8.566375,7.520028,8.566375,38.095432000,127.265440000,38.095432000,127.265440000,38.095615000,127.265420000,38.095662063,127.265365545,38.095367000,127.265670000,38.095366158,127.265762902,38.095245000,127.265470000,38.095193193,127.265498621,38.095490000,127.265220000,38.095493269,127.265122306
484,484,826430737817,96.788,4.400000,38.093388000,127.262140000,750.000000,648.136882,1271.049029,622.912147,96.108116,0.152985,7.762832,7.621062,7.695300,7.784466,7.715915,7.784466,38.095776000,127.263060000,38.095776000,127.263060000,38.095910000,127.262920000,38.095956642,127.262854128,38.095814000,127.263275000,38.095834715,127.263357914,38.095646000,127.263200000,38.095597307,127.263262350,38.095740000,127.262850000,38.095717207,127.262765995
485,485,826430738024,96.995,4.400000,38.093388000,127.262140000,750.000000,648.136882,1271.049029,622.912147,96.108116,0.152985,7.762832,7.621062,7.695300,7.784466,7.715915,7.784466,38.095776000,127.263060000,38.095776000,127.263060000,38.095910000,127.262920000,38.095956642,127.262854128,38.095814000,127.263275000,38.095834715,127.263357914,38.095646000,127.263200000,38.095597307,127.263262350,38.095740000,127.262850000,38.095717207,127.262765995
486,486,826430738232,97.203,4.400000,38.093456000,127.262110000,750.000000,633.337200,1261.116061,627.778861,99.122373,0.465551,8.099721,7.369347,7.647167,8.191869,7.827026,8.191869,38.095844000,127.261925000,38.095844000,127.261925000,38.095930000,127.261740000,38.095955670,127.261653489,38.095940000,127.262110000,38.095979783,127.262177235,38.095764000,127.262115000,38.095732434,127.262192529,38.095753000,127.261750000,38.095707252,127.261676758
487,487,826430738423,97.394,4.400000,38.093456000,127.262110000,750.000000,633.337200,1261.116061,627.778861,99.122373,0.465551,8.099721,7.369347,7.647167,8.191869,7.827026,8.191869,38.095844000,127.261925000,38.095844000,127.261925000,38.095930000,127.261740000,38.095955670,127.261653489,38.095940000,127.262110000,38.095979783,127.262177235,38.095764000,127.262115000,38.095732434,127.262192529,38.095753000,127.261750000,38.095707252,127.261676758
488,488,826430738632,97.603,4.400000,38.093594000,127.262040000,750.000000,667.081958,1293.601929,626.519971,93.919490,0.351850,7.395295,8.093565,7.884488,7.114927,7.622069,8.093565,38.096172000,127.261790000,38.096172000,127.261790000,38.096256000,127.261590000,38.096283234,127.261513004,38.096268000,127.261970000,38.096313225,127.262042338,38.096090000,127.261980000,38.096061906,127.262062617,38.096073000,127.261604000,38.096032245,127.261541438
489,489,826430738823,97.794,4.400000,38.093735000,127.261970000,750.000000,709.652317,1245.316755,535.664437,75.482659,0.260037,8.061629,6.173946,7.787647,5.948335,6.992889,8.061629,38.095980000,127.264340000,38.095980000,127.264340000,38.096153000,127.264275000,38.096222691,127.264249981,38.095955000,127.264565000,38.095926793,127.264625679,38.095814000,127.264404000,38.095747972,127.264433374,38.096012000,127.264114000,38.096027201,127.264048907
490,490,826430739032,98.003,4.400000,38.093735000,127.261970000,750.000000,709.652317,1245.316755,535.664437,75.482659,0.260037,8.061629,6.173946,7.787647,5.948335,6.992889,8.061629,38.095980000,127.264340000,38.095980000,127.264340000,38.096153000,127.264275000,38.096222691,127.264249981,38.095955000,127.264565000,38.095926793,127.264625679,38.095814000,127.264404000,38.095747972,127.264433374,38.096012000,127.264114000,38.096027201,127.264048907
491,491,826430739224,98.195,4.400000,38.093803000,127.261930000,750.000000,792.515302,1624.109612,831.594310,104.931010,0.330189,10.040327,7.470278,11.113564,5.678969,8.575785,11.113564,38.096160000,127.265000000,38.096160000,127.265000000,38.096344000,127.264950000,38.096433751,127.264961348,38.096115000,127.265230000,38.096099949,127.265313099,38.095980000,127.265040000,38.095882019,127.265015669,38.096210000,127.264760000,38.096222952,127.264697300
492,492,826430739431,98.402,4.400000,38.093803000,127.261930000,750.000000,792.515302,1624.109612,831.594310,104.931010,0.330189,10.040327,7.470278,11.113564,5.678969,8.575785,11.113564,38.096160000,127.265000000,38.096160000,127.265000000,38.096344000,127.264950000,38.096433751,127.264961348,38.096115000,127.265230000,38.096099949,127.265313099,38.095980000,127.265040000,38.095882019,127.265015669,38.096210000,127.264760000,38.096222952,127.264697300
493,493,826430739624,98.595,4.400000,38.093930000,127.261870000,750.000000,625.049169,1208.385445,583.336276,93.326462,0.160259,7.679128,7.854059,7.453873,7.018682,7.501436,7.854059,38.096250000,127.262980000,38.096250000,127.262980000,38.096386000,127.262850000,38.096435836,127.262789392,38.096275000,127.263190000,38.096288879,127.263277901,38.096115000,127.263110000,38.096066074,127.263168088,38.096226000,127.262764000,38.096212735,127.262685677
494,494,826430739831,98.802,4.400000,38.094067000,127.261800000,750.000000,684.017973,1327.401602,643.383629,94.059463,0.401180,8.119274,7.852829,7.098697,7.850252,7.730263,8.119274,38.096558000,127.260666000,38.096558000,127.260666000,38.096603000,127.260450000,38.096611609,127.260357968,38.096690000,127.260810000,38.096746924,127.260862943,38.096520000,127.260890000,38.096504445,127.260968583,38.096424000,127.260530000,38.096369518,127.260473105
495,495,826430740022,98.993,4.400000,38.094067000,127.261800000,750.000000,684.017973,1327.401602,643.383629,94.059463,0.401180,8.119274,7.852829,7.098697,7.850252,7.730263,8.119274,38.096558000,127.260666000,38.096558000,127.260666000,38.096603000,127.260450000,38.096611609,127.260357968,38.096690000,127.260810000,38.096746924,127.260862943,38.096520000,127.260890000,38.096504445,127.260968583,38.096424000,127.260530000,38.096369518,127.260473105
496,496,826430740227,99.198,4.400000,38.094135000,127.261770000,750.000000,650.737712,1290.713172,639.975461,98.346146,0.138745,7.624011,8.250938,7.516145,7.899083,7.822544,8.250938,38.096664000,127.261570000,38.096664000,127.261570000,38.096752000,127.261375000,38.096780715,127.261295992,38.096756000,127.261750000,38.096802423,127.261823422,38.096577000,127.261760000,38.096550865,127.261839107,38.096573000,127.261390000,38.096527957,127.261320329
497,497,826430740419,99.390,4.400000,38.094276000,127.261700000,750.000000,673.242836,1329.254225,656.011390,97.440530,0.884484,9.689663,7.132314,8.148757,6.232138,7.800718,9.689663,38.096447000,127.263985000,38.096447000,127.263985000,38.096610000,127.263916000,38.096696236,127.263900972,38.096416000,127.264206000,38.096407772,127.264286740,38.096283000,127.264050000,38.096212524,127.264075147,38.096474000,127.263760000,38.096492253,127.263692749
498,498,826430740625,99.596,4.400000,38.094276000,127.261700000,750.000000,673.242836,1329.254225,656.011390,97.440530,0.884484,9.689663,7.132314,8.148757,6.232138,7.800718,9.689663,38.096447000,127.263985000,38.096447000,127.263985000,38.096610000,127.263916000,38.096696236,127.263900972,38.096416000,127.264206000,38.096407772,127.264286740,38.096283000,127.264050000,38.096212524,127.264075147,38.096474000,127.263760000,38.096492253,127.263692749
499,499,826430740832,99.803,4.400000,38.094345000,127.261665000,750.000000,769.739939,1535.140929,765.400990,99.436310,0.316683,10.411704,6.774988,10.055940,6.230568,8.368300,10.411704,38.096530000,127.264770000,38.096530000,127.264770000,38.096714000,127.264730000,38.096806450,127.264748012,38.096480000,127.265000000,38.096452514,127.265068999,38.096355000,127.264800000,38.096264883,127.264792054,38.096584000,127.264540000,38.096606912,127.264475111
500,500,826430741022,99.993,4.400000,38.094345000,127.261665000,750.000000,769.739939,1535.140929,765.400990,99.436310,0.316683,10.411704,6.774988,10.055940,6.230568,8.368300,10.411704,38.096530000,127.264770000,38.096530000,127.264770000,38.096714000,127.264730000,38.096806450,127.264748012,38.096480000,127.265000000,38.096452514,127.265068999,38.096355000,127.264800000,38.096264883,127.264792054,38.096584000,127.264540000,38.096606912,127.264475111
501,501,826430741228,100.199,4.400000,38.094482000,127.261604000,750.000000,620.676037,1232.927678,612.251641,98.642706,0.372982,8.366433,7.097810,7.613543,7.697092,7.693720,8.366433,38.096737000,127.262474000,38.096737000,127.262474000,38.096867000,127.262340000,38.096920454,127.262272866,38.096770000,127.262690000,38.096792025,127.262766033,38.096607000,127.262610000,38.096559359,127.262672356,38.096703000,127.262270000,38.096683709,127.262185628
502,502,826430741418,100.389,4.400000,38.094482000,127.261604000,750.000000,620.676037,1232.927678,612.251641,98.642706,0.372982,8.366433,7.097810,7.613543,7.697092,7.693720,8.366433,38.096737000,127.262474000,38.096737000,127.262474000,38.096867000,127.262340000,38.096920454,127.262272866,38.096770000,127.262690000,38.096792025,127.262766033,38.096607000,127.262610000,38.096559359,127.262672356,38.096703000,127.262270000,38.096683709,127.262185628
503,503,826430741624,100.595,4.400000,38.094620000,127.261536000,750.000000,694.154010,1362.416405,668.262395,96.270047,0.212293,7.902149,8.225792,8.342002,7.488531,7.989618,8.342002,38.097214000,127.260400000,38.097214000,127.260400000,38.097263000,127.260180000,38.097271727,127.260090482,38.097347000,127.260544000,38.097406539,127.260599613,38.097168000,127.260610000,38.097155992,127.260703993,38.097080000,127.260254000,38.097025889,127.260203214
504,504,826430741832,100.803,4.400000,38.094690000,127.261500000,750.000000,618.235156,1242.242342,624.007187,100.933630,0.500702,8.485715,7.890084,7.106416,8.252941,7.933789,8.485715,38.097073000,127.261610000,38.097073000,127.261610000,38.097170000,127.261440000,38.097206368,127.261354871,38.097150000,127.261800000,38.097187783,127.261876201,38.096973000,127.261790000,38.096942211,127.261861061,38.096996000,127.261430000,38.096960494,127.261347300
505,505,826430742024,100.995,4.400000,38.094690000,127.261500000,750.000000,618.235156,1242.242342,624.007187,100.933630,0.500702,8.485715,7.890084,7.106416,8.252941,7.933789,8.485715,38.097073000,127.261610000,38.097073000,127.261610000,38.097170000,127.261440000,38.097206368,127.261354871,38.097150000,127.261800000,38.097187783,127.261876201,38.096973000,127.261790000,38.096942211,127.261861061,38.096996000,127.261430000,38.096960494,127.261347300
506,506,826430742293,101.264,4.400000,38.094830000,127.261430000,750.000000,671.103496,1384.611830,713.508334,106.318673,0.333883,9.168396,7.448528,8.674265,7.818345,8.277384,9.168396,38.096840000,127.263960000,38.096840000,127.263960000,38.097010000,127.263916000,38.097091279,127.263899090,38.096798000,127.264180000,38.096782661,127.264262760,38.096672000,127.264010000,38.096594303,127.264017524,38.096880000,127.263750000,38.096898278,127.263663830
507,507,826430742418,101.389,4.400000,38.094967000,127.261360000,750.000000,628.123608,1304.874647,676.751038,107.741698,0.482609,8.833624,7.296881,8.238578,8.081630,8.112678,8.833624,38.097095000,127.263150000,38.097095000,127.263150000,38.097250000,127.263070000,38.097320593,127.263023944,38.097084000,127.263374000,38.097085874,127.263457259,38.096943000,127.263240000,38.096873680,127.263272939,38.097110000,127.262940000,38.097104662,127.262847999
508,508,826430742624,101.595,4.400000,38.094967000,127.261360000,750.000000,628.123608,1304.874647,676.751038,107.741698,0.482609,8.833624,7.296881,8.238578,8.081630,8.112678,8.833624,38.097095000,127.263150000,38.097095000,127.263150000,38.097250000,127.263070000,38.097320593,127.263023944,38.097084000,127.263374000,38.097085874,127.263457259,38.096943000,127.263240000,38.096873680,127.263272939,38.097110000,127.262940000,38.097104662,127.262847999
509,509,826430742831,101.802,4.400000,38.095036000,127.261330000,750.000000,597.764351,1217.674400,619.910048,103.704754,0.109663,7.926729,8.401923,7.839649,7.619876,7.947044,8.401923,38.097210000,127.262030000,38.097210000,127.262030000,38.097336000,127.261890000,38.097379188,127.261818059,38.097250000,127.262230000,38.097278950,127.262318572,38.097088000,127.262170000,38.097042676,127.262238493,38.097170000,127.261826000,38.097143357,127.261745879
510,510,826430743021,101.992,4.400000,38.095036000,127.261330000,750.000000,597.764351,1217.674400,619.910048,103.704754,0.109663,7.926729,8.401923,7.839649,7.619876,7.947044,8.401923,38.097210000,127.262030000,38.097210000,127.262030000,38.097336000,127.261890000,38.097379188,127.261818059,38.097250000,127.262230000,38.097278950,127.262318572,38.097088000,127.262170000,38.097042676,127.262238493,38.097170000,127.261826000,38.097143357,127.261745879
511,511,826430743228,102.199,4.400000,38.095173000,127.261260000,750.000000,628.958047,1268.056535,639.098488,101.612260,0.251976,7.998376,8.409918,7.831995,7.622884,7.965793,8.409918,38.097588000,127.260925000,38.097588000,127.260925000,38.097668000,127.260730000,38.097696048,127.260645943,38.097687000,127.261090000,38.097730794,127.261168224,38.097510000,127.261116000,38.097482877,127.261198492,38.097492000,127.260750000,38.097446636,127.260684818
512,512,826430743418,102.389,4.400000,38.095173000,127.261260000,750.000000,628.958047,1268.056535,639.098488,101.612260,0.251976,7.998376,8.409918,7.831995,7.622884,7.965793,8.409918,38.097588000,127.260925000,38.097588000,127.260925000,38.097668000,127.260730000,38.097696048,127.260645943,38.097687000,127.261090000,38.097730794,127.261168224,38.097510000,127.261116000,38.097482877,127.261198492,38.097492000,127.260750000,38.097446636,127.260684818
513,513,826430743624,102.595,4.400000,38.095314000,127.261190000,750.000000,644.202818,1311.970380,667.767562,103.657970,0.153605,7.841002,7.998161,8.437327,8.032951,8.077360,8.437327,38.097324000,127.263250000,38.097324000,127.263250000,38.097490000,127.263180000,38.097555992,127.263148709,38.097298000,127.263466000,38.097293157,127.263557091,38.097164000,127.263310000,38.097093811,127.263346348,38.097350000,127.263040000,38.097354918,127.262948518
514,514,826430743830,102.801,4.400000,38.095450000,127.261120000,750.000000,681.425076,1382.297990,700.872914,102.853995,0.278059,8.711199,8.029191,8.605021,7.463188,8.202150,8.711199,38.097477000,127.263660000,38.097477000,127.263660000,38.097645000,127.263610000,38.097721381,127.263588373,38.097435000,127.263880000,38.097423314,127.263970442,38.097310000,127.263700000,38.097235928,127.263728090,38.097520000,127.263440000,38.097530020,127.263355765
515,515,826430744020,102.991,4.400000,38.095450000,127.261120000,750.000000,681.425076,1382.297990,700.872914,102.853995,0.278059,8.711199,8.029191,8.605021,7.463188,8.202150,8.711199,38.097477000,127.263660000,38.097477000,127.263660000,38.097645000,127.263610000,38.097721381,127.263588373,38.097435000,127.263880000,38.097423314,127.263970442,38.097310000,127.263700000,38.097235928,127.263728090,38.097520000,127.263440000,38.097530020,127.263355765
516,516,826430744227,103.198,4.400000,38.095520000,127.261090000,750.000000,600.896418,1240.921307,640.024889,106.511683,0.394509,8.425362,7.674845,7.674660,8.408337,8.045801,8.425362,38.097603000,127.262474000,38.097603000,127.262474000,38.097748000,127.262375000,38.097808444,127.262317117,38.097607000,127.262690000,38.097617253,127.262776634,38.097458000,127.262580000,38.097400365,127.262628074,38.097600000,127.262270000,38.097588083,127.262175221
517,517,826430744417,103.388,4.400000,38.095520000,127.261090000,750.000000,600.896418,1240.921307,640.024889,106.511683,0.394509,8.425362,7.674845,7.674660,8.408337,8.045801,8.425362,38.097603000,127.262474000,38.097603000,127.262474000,38.097748000,127.262375000,38.097808444,127.262317117,38.097607000,127.262690000,38.097617253,127.262776634,38.097458000,127.262580000,38.097400365,127.262628074,38.097600000,127.262270000,38.097588083,127.262175221
518,518,826430744623,103.594,4.400000,38.095657000,127.261024000,750.000000,637.854238,1247.070538,609.216301,95.510269,0.309042,7.864085,7.742409,7.162666,8.144102,7.728316,8.144102,38.097880000,127.260170000,38.097880000,127.260170000,38.097935000,127.259964000,38.097940252,127.259874480,38.098003000,127.260320000,38.098058159,127.260373835,38.097830000,127.260380000,38.097820753,127.260460913,38.097763000,127.260025000,38.097704493,127.259969186
519,519,826430744831,103.802,4.400000,38.095657000,127.261024000,750.000000,637.854238,1247.070538,609.216301,95.510269,0.309042,7.864085,7.742409,7.162666,8.144102,7.728316,8.144102,38.097880000,127.260170000,38.097880000,127.260170000,38.097935000,127.259964000,38.097940252,127.259874480,38.098003000,127.260320000,38.098058159,127.260373835,38.097830000,127.260380000,38.097820753,127.260460913,38.097763000,127.260025000,38.097704493,127.259969186
520,520,826430745021,103.992,4.400000,38.095800000,127.260956000,750.000000,582.048408,1217.675412,635.627004,109.205179,0.258244,8.222383,7.979391,7.789347,8.505179,8.124075,8.505179,38.097878000,127.262010000,38.097878000,127.262010000,38.098015000,127.261894000,38.098067853,127.261828434,38.097897000,127.262220000,38.097916861,127.262307519,38.097744000,127.262130000,38.097691909,127.262189367,38.097862000,127.261810000,38.097840027,127.261717015
521,521,826430745229,104.200,4.400000,38.095924000,127.260895000,750.000000,685.275104,1396.262679,710.987575,103.752138,0.149127,8.424806,8.250029,8.428121,7.713177,8.204033,8.428121,38.097694000,127.263830000,38.097694000,127.263830000,38.097870000,127.263810000,38.097945443,127.263802373,38.097630000,127.264040000,38.097606590,127.264129352,38.097523000,127.263850000,38.097447485,127.263856926,38.097760000,127.263620000,38.097779169,127.263535391
522,522,826430745420,104.391,4.400000,38.095924000,127.260895000,750.000000,685.275104,1396.262679,710.987575,103.752138,0.149127,8.424806,8.250029,8.428121,7.713177,8.204033,8.428121,38.097694000,127.263830000,38.097694000,127.263830000,38.097870000,127.263810000,38.097945443,127.263802373,38.097630000,127.264040000,38.097606590,127.264129352,38.097523000,127.263850000,38.097447485,127.263856926,38.097760000,127.263620000,38.097779169,127.263535391
523,523,826430745627,104.598,4.400000,38.095993000,127.260860000,750.000000,681.494057,1383.651368,702.157311,103.032052,0.240422,8.647750,8.274519,8.575018,7.690251,8.296884,8.647750,38.097923000,127.263535000,38.097923000,127.263535000,38.098095000,127.263500000,38.098171094,127.263480127,38.097874000,127.263750000,38.097857009,127.263841953,38.097755000,127.263565000,38.097680426,127.263589522,38.097973000,127.263320000,38.097988215,127.263234371
524,524,826430745818,104.789,4.400000,38.095993000,127.260860000,750.000000,681.494057,1383.651368,702.157311,103.032052,0.240422,8.647750,8.274519,8.575018,7.690251,8.296884,8.647750,38.097923000,127.263535000,38.097923000,127.263535000,38.098095000,127.263500000,38.098171094,127.263480127,38.097874000,127.263750000,38.097857009,127.263841953,38.097755000,127.263565000,38.097680426,127.263589522,38.097973000,127.263320000,38.097988215,127.263234371
525,525,826430746024,104.995,4.400000,38.096130000,127.260790000,750.000000,590.568920,1191.978957,601.410036,101.835707,0.245696,7.638655,8.253445,7.521225,7.556061,7.742346,8.253445,38.098217000,127.261154000,38.098217000,127.261154000,38.098328000,127.260994000,38.098365841,127.260921261,38.098274000,127.261345000,38.098308531,127.261428371,38.098106000,127.261310000,38.098070805,127.261383287,38.098164000,127.260956000,38.098127518,127.260883264
526,526,826430746231,105.202,4.400000,38.096270000,127.260730000,750.000000,614.224316,1235.884916,621.660600,101.210679,0.251846,7.521891,8.022070,7.290044,8.433437,7.816861,8.433437,38.098557000,127.260510000,38.098557000,127.260510000,38.098644000,127.260320000,38.098666212,127.260238908,38.098644000,127.260690000,38.098693068,127.260757066,38.098473000,127.260700000,38.098447666,127.260776738,38.098470000,127.260340000,38.098421182,127.260266383
527,527,826430746422,105.393,4.400000,38.096270000,127.260730000,750.000000,614.224316,1235.884916,621.660600,101.210679,0.251846,7.521891,8.022070,7.290044,8.433437,7.816861,8.433437,38.098557000,127.260510000,38.098557000,127.260510000,38.098644000,127.260320000,38.098666212,127.260238908,38.098644000,127.260690000,38.098693068,127.260757066,38.098473000,127.260700000,38.098447666,127.260776738,38.098470000,127.260340000,38.098421182,127.260266383
528,528,826430746628,105.599,4.400000,38.096340000,127.260690000,750.000000,585.067414,1216.204105,631.136691,107.874183,0.283646,8.243329,8.003005,7.589026,8.417512,8.063218,8.417512,38.098392000,127.261680000,38.098392000,127.261680000,38.098526000,127.261560000,38.098579469,127.261494900,38.098410000,127.261890000,38.098434477,127.261975897,38.098255000,127.261800000,38.098207657,127.261862333,38.098373000,127.261480000,38.098350119,127.261388418
529,529,826430746819,105.790,4.400000,38.096340000,127.260690000,750.000000,585.067414,1216.204105,631.136691,107.874183,0.283646,8.243329,8.003005,7.589026,8.417512,8.063218,8.417512,38.098392000,127.261680000,38.098392000,127.261680000,38.098526000,127.261560000,38.098579469,127.261494900,38.098410000,127.261890000,38.098434477,127.261975897,38.098255000,127.261800000,38.098207657,127.261862333,38.098373000,127.261480000,38.098350119,127.261388418
530,530,826430747025,105.996,4.400000,38.096478000,127.260620000,750.000000,718.062019,1466.601909,748.539890,104.244462,0.498174,9.288114,8.559150,8.527178,7.547540,8.480495,9.288114,38.098130000,127.263970000,38.098130000,127.263970000,38.098305000,127.263970000,38.098388302,127.263976012,38.098050000,127.264175000,38.098020426,127.264265187,38.097954000,127.263960000,38.097877477,127.263964404,38.098210000,127.263760000,38.098237604,127.263681308
531,531,826430747230,106.201,4.400000,38.096615000,127.260550000,750.000000,576.630427,1218.630113,641.999686,111.336422,0.300587,8.095740,7.995747,8.232308,8.616973,8.235192,8.616973,38.098590000,127.261830000,38.098590000,127.261830000,38.098736000,127.261730000,38.098792282,127.261671473,38.098595000,127.262040000,38.098606462,127.262130103,38.098450000,127.261930000,38.098390509,127.261985822,38.098590000,127.261630000,38.098573374,127.261533932
532,532,826430747418,106.389,4.400000,38.096615000,127.260550000,750.000000,576.630427,1218.630113,641.999686,111.336422,0.300587,8.095740,7.995747,8.232308,8.616973,8.235192,8.616973,38.098590000,127.261830000,38.098590000,127.261830000,38.098736000,127.261730000,38.098792282,127.261671473,38.098595000,127.262040000,38.098606462,127.262130103,38.098450000,127.261930000,38.098390509,127.261985822,38.098590000,127.261630000,38.098573374,127.261533932
533,533,826430747619,106.590,4.400000,38.096684000,127.260520000,750.000000,595.528348,1188.097401,592.569053,99.503081,0.157052,7.623585,7.924322,7.115909,7.842105,7.626480,7.924322,38.098747000,127.260710000,38.098747000,127.260710000,38.098854000,127.260544000,38.098884179,127.260465881,38.098812000,127.260900000,38.098850828,127.260975817,38.098644000,127.260880000,38.098611898,127.260950244,38.098686000,127.260520000,38.098644836,127.260447354
534,534,826430747823,106.794,4.400000,38.096684000,127.260520000,750.000000,595.528348,1188.097401,592.569053,99.503081,0.157052,7.623585,7.924322,7.115909,7.842105,7.626480,7.924322,38.098747000,127.260710000,38.098747000,127.260710000,38.098854000,127.260544000,38.098884179,127.260465881,38.098812000,127.260900000,38.098850828,127.260975817,38.098644000,127.260880000,38.098611898,127.260950244,38.098686000,127.260520000,38.098644836,127.260447354
535,535,826430748029,107.000,4.400000,38.096825000,127.260450000,750.000000,610.563564,1215.433145,604.869581,99.067422,0.545838,7.507258,7.828893,8.209795,7.488092,7.758509,8.209795,38.099010000,127.260544000,38.099010000,127.260544000,38.099113000,127.260370000,38.099139960,127.260291449,38.099087000,127.260730000,38.099123142,127.260806664,38.098915000,127.260710000,38.098879832,127.260792375,38.098940000,127.260350000,38.098896546,127.260284751
536,536,826430748232,107.203,4.400000,38.096962000,127.260380000,750.000000,633.853679,1313.034846,679.181166,107.151096,0.083318,8.362877,8.258802,8.233112,8.255329,8.277530,8.362877,38.098700000,127.262810000,38.098700000,127.262810000,38.098870000,127.262780000,38.098942673,127.262755810,38.098648000,127.263016000,38.098632161,127.263108102,38.098534000,127.262840000,38.098462487,127.262863971,38.098755000,127.262610000,38.098766825,127.262516970
537,537,826430748419,107.390,4.400000,38.096962000,127.260380000,750.000000,633.853679,1313.034846,679.181166,107.151096,0.083318,8.362877,8.258802,8.233112,8.255329,8.277530,8.362877,38.098700000,127.262810000,38.098700000,127.262810000,38.098870000,127.262780000,38.098942673,127.262755810,38.098648000,127.263016000,38.098632161,127.263108102,38.098534000,127.262840000,38.098462487,127.262863971,38.098755000,127.262610000,38.098766825,127.262516970
538,538,826430748620,107.591,4.400000,38.097030000,127.260350000,750.000000,721.186125,1464.355117,743.168992,103.048154,0.310145,9.345318,8.071719,8.173123,8.239630,8.457448,9.345318,38.098766000,127.263610000,38.098766000,127.263610000,38.098940000,127.263610000,38.099023803,127.263603687,38.098690000,127.263824000,38.098664929,127.263910457,38.098587000,127.263610000,38.098513743,127.263616212,38.098840000,127.263405000,38.098865568,127.263316733
539,539,826430748828,107.799,4.400000,38.097030000,127.260350000,750.000000,721.186125,1464.355117,743.168992,103.048154,0.310145,9.345318,8.071719,8.173123,8.239630,8.457448,9.345318,38.098766000,127.263610000,38.098766000,127.263610000,38.098940000,127.263610000,38.099023803,127.263603687,38.098690000,127.263824000,38.098664929,127.263910457,38.098587000,127.263610000,38.098513743,127.263616212,38.098840000,127.263405000,38.098865568,127.263316733
540,540,826430749030,108.001,4.400000,38.097170000,127.260284000,750.000000,576.869851,1187.315635,610.445784,105.820365,0.310761,7.315629,8.650459,7.609021,8.146653,7.930441,8.650459,38.099144000,127.260980000,38.099144000,127.260980000,38.099274000,127.260840000,38.099315400,127.260775145,38.099170000,127.261180000,38.099206522,127.261267162,38.099014000,127.261110000,38.098975838,127.261182061,38.099117000,127.260780000,38.099083770,127.260697144
541,541,826430749218,108.189,4.400000,38.097310000,127.260216000,750.000000,652.003392,1280.033732,628.030340,96.323171,0.252010,7.251523,8.539807,7.717863,7.806522,7.828929,8.539807,38.099632000,127.259540000,38.099632000,127.259540000,38.099700000,127.259330000,38.099710371,127.259248277,38.099740000,127.259700000,38.099800708,127.259759598,38.099564000,127.259740000,38.099553179,127.259827022,38.099520000,127.259380000,38.099465384,127.259324103
542,542,826430749421,108.392,4.400000,38.097310000,127.260216000,750.000000,652.003392,1280.033732,628.030340,96.323171,0.252010,7.251523,8.539807,7.717863,7.806522,7.828929,8.539807,38.099632000,127.259540000,38.099632000,127.259540000,38.099700000,127.259330000,38.099710371,127.259248277,38.099740000,127.259700000,38.099800708,127.259759598,38.099564000,127.259740000,38.099553179,127.259827022,38.099520000,127.259380000,38.099465384,127.259324103
543,543,826430749623,108.594,4.400000,38.097378000,127.260180000,750.000000,585.644636,1202.698395,617.053759,105.363171,0.302206,7.761114,8.758390,8.160738,7.970447,8.162672,8.758390,38.099377000,127.261070000,38.099377000,127.261070000,38.099518000,127.260950000,38.099560095,127.260879376,38.099396000,127.261270000,38.099424646,127.261363117,38.099243000,127.261185000,38.099197563,127.261258106,38.099360000,127.260864000,38.099330472,127.260781113
544,544,826430749831,108.802,4.400000,38.097378000,127.260180000,750.000000,585.644636,1202.698395,617.053759,105.363171,0.302206,7.761114,8.758390,8.160738,7.970447,8.162672,8.758390,38.099377000,127.261070000,38.099377000,127.261070000,38.099518000,127.260950000,38.099560095,127.260879376,38.099396000,127.261270000,38.099424646,127.261363117,38.099243000,127.261185000,38.099197563,127.261258106,38.099360000,127.260864000,38.099330472,127.260781113
545,545,826430750022,108.993,4.400000,38.097515000,127.260120000,750.000000,674.047532,1408.588884,734.541352,108.974711,0.172828,8.828448,8.435545,8.716148,8.469627,8.612442,8.828448,38.099075000,127.263290000,38.099075000,127.263290000,38.099250000,127.263300000,38.099329164,127.263293938,38.098995000,127.263490000,38.098964975,127.263578412,38.098904000,127.263280000,38.098825823,127.263285551,38.099160000,127.263100000,38.099183676,127.263008118
546,546,826430750227,109.198,4.400000,38.097656000,127.260050000,750.000000,597.589730,1241.740744,644.151014,107.791513,0.368572,8.298225,8.128719,7.834595,8.590998,8.213134,8.590998,38.099483000,127.261770000,38.099483000,127.261770000,38.099644000,127.261710000,38.099705665,127.261656776,38.099457000,127.261980000,38.099461673,127.262072601,38.099327000,127.261840000,38.099265029,127.261882392,38.099514000,127.261570000,38.099504606,127.261472661
547,547,826430750429,109.400,4.400000,38.097656000,127.260050000,750.000000,597.589730,1241.740744,644.151014,107.791513,0.368572,8.298225,8.128719,7.834595,8.590998,8.213134,8.590998,38.099483000,127.261770000,38.099483000,127.261770000,38.099644000,127.261710000,38.099705665,127.261656776,38.099457000,127.261980000,38.099461673,127.262072601,38.099327000,127.261840000,38.099265029,127.261882392,38.099514000,127.261570000,38.099504606,127.261472661
548,548,826430750619,109.590,4.400000,38.097725000,127.260010000,750.000000,589.250602,1185.553224,596.302621,101.196778,0.296844,7.031970,8.339270,7.683186,8.297387,7.837953,8.339270,38.099650000,127.260660000,38.099650000,127.260660000,38.099785000,127.260520000,38.099819894,127.260453086,38.099680000,127.260860000,38.099713358,127.260945236,38.099520000,127.260790000,38.099482256,127.260863430,38.099625000,127.260460000,38.099587318,127.260378279
549,549,826430750823,109.794,4.400000,38.097725000,127.260010000,750.000000,589.250602,1185.553224,596.302621,101.196778,0.296844,7.031970,8.339270,7.683186,8.297387,7.837953,8.339270,38.099650000,127.260660000,38.099650000,127.260660000,38.099785000,127.260520000,38.099819894,127.260453086,38.099680000,127.260860000,38.099713358,127.260945236,38.099520000,127.260790000,38.099482256,127.260863430,38.099625000,127.260460000,38.099587318,127.260378279
550,550,826430751026,109.997,4.400000,38.097862000,127.259950000,750.000000,634.788033,1225.732115,590.944082,93.093135,0.683339,7.931345,7.671382,6.751096,8.515942,7.717441,8.515942,38.100033000,127.259770000,38.100033000,127.259770000,38.100130000,127.259590000,38.100144506,127.259501357,38.100117000,127.259960000,38.100168711,127.260017885,38.099940000,127.259960000,38.099923750,127.260034248,38.099950000,127.259600000,38.099901014,127.259525332
551,551,826430751224,110.195,4.400000,38.097992000,127.259890000,750.000000,598.416364,1237.117696,638.701332,106.731930,0.076786,8.161333,8.357537,7.853644,8.426475,8.199747,8.426475,38.099760000,127.261590000,38.099760000,127.261590000,38.099922000,127.261530000,38.099984307,127.261480901,38.099728000,127.261795000,38.099734898,127.261890000,38.099600000,127.261650000,38.099540283,127.261697738,38.099792000,127.261390000,38.099784718,127.261294255
552,552,826430751432,110.403,4.400000,38.097992000,127.259890000,750.000000,598.416364,1237.117696,638.701332,106.731930,0.076786,8.161333,8.357537,7.853644,8.426475,8.199747,8.426475,38.099760000,127.261590000,38.099760000,127.261590000,38.099922000,127.261530000,38.099984307,127.261480901,38.099728000,127.261795000,38.099734898,127.261890000,38.099600000,127.261650000,38.099540283,127.261697738,38.099792000,127.261390000,38.099784718,127.261294255
553,553,826430751620,110.591,4.400000,38.098060000,127.259850000,750.000000,659.707733,1367.963969,708.256235,107.359092,0.083756,8.227481,8.793919,8.171480,8.384372,8.394313,8.793919,38.099583000,127.262825000,38.099583000,127.262825000,38.099760000,127.262830000,38.099833575,127.262821086,38.099503000,127.263016000,38.099477019,127.263110801,38.099410000,127.262820000,38.099336858,127.262827905,38.099663000,127.262634000,38.099686579,127.262543101
554,554,826430751824,110.795,4.400000,38.098060000,127.259850000,750.000000,659.707733,1367.963969,708.256235,107.359092,0.083756,8.227481,8.793919,8.171480,8.384372,8.394313,8.793919,38.099583000,127.262825000,38.099583000,127.262825000,38.099760000,127.262830000,38.099833575,127.262821086,38.099503000,127.263016000,38.099477019,127.263110801,38.099410000,127.262820000,38.099336858,127.262827905,38.099663000,127.262634000,38.099686579,127.262543101
555,555,826430752026,110.997,4.400000,38.098198000,127.259790000,750.000000,621.087491,1257.081542,635.994051,102.400074,0.562891,7.907294,7.882062,8.136123,8.464707,8.097546,8.464707,38.099960000,127.261680000,38.099960000,127.261680000,38.100130000,127.261635000,38.100188846,127.261584445,38.099922000,127.261890000,38.099922129,127.261979976,38.099800000,127.261734000,38.099733171,127.261771605,38.100002000,127.261480000,38.099996543,127.261383621
556,556,826430752220,111.191,4.400000,38.098198000,127.259790000,750.000000,621.087491,1257.081542,635.994051,102.400074,0.562891,7.907294,7.882062,8.136123,8.464707,8.097546,8.464707,38.099960000,127.261680000,38.099960000,127.261680000,38.100130000,127.261635000,38.100188846,127.261584445,38.099922000,127.261890000,38.099922129,127.261979976,38.099800000,127.261734000,38.099733171,127.261771605,38.100002000,127.261480000,38.099996543,127.261383621
557,557,826430752433,111.404,4.400000,38.098340000,127.259720000,750.000000,613.770588,1186.484187,572.713599,93.310695,0.171740,7.467977,7.481748,7.142915,7.994714,7.521839,7.994714,38.100330000,127.259400000,38.100330000,127.259400000,38.100410000,127.259210000,38.100424162,127.259126671,38.100426000,127.259575000,38.100473875,127.259634943,38.100250000,127.259590000,38.100236405,127.259669688,38.100240000,127.259230000,38.100187116,127.259168252
558,558,826430752621,111.592,4.400000,38.098340000,127.259720000,750.000000,613.770588,1186.484187,572.713599,93.310695,0.171740,7.467977,7.481748,7.142915,7.994714,7.521839,7.994714,38.100330000,127.259400000,38.100330000,127.259400000,38.100410000,127.259210000,38.100424162,127.259126671,38.100426000,127.259575000,38.100473875,127.259634943,38.100250000,127.259590000,38.100236405,127.259669688,38.100240000,127.259230000,38.100187116,127.259168252
559,559,826430752826,111.797,4.400000,38.098476000,127.259650000,750.000000,600.654236,1189.441989,588.787752,98.024407,0.445099,7.786549,7.861687,7.033388,8.424928,7.776638,8.424928,38.100372000,127.260610000,38.100372000,127.260610000,38.100517000,127.260500000,38.100558458,127.260428408,38.100384000,127.260820000,38.100408297,127.260904266,38.100230000,127.260730000,38.100186448,127.260788166,38.100360000,127.260410000,38.100335330,127.260319079
560,560,826430753027,111.998,4.400000,38.098618000,127.259590000,750.000000,693.712813,1411.207358,717.494545,103.428181,0.125811,8.330692,8.615457,8.446398,8.531249,8.480949,8.615457,38.100030000,127.262850000,38.100030000,127.262850000,38.100210000,127.262880000,38.100284656,127.262873410,38.099940000,127.263040000,38.099906730,127.263128798,38.099857000,127.262825000,38.099781163,127.262828078,38.100120000,127.262665000,38.100151033,127.262575954
561,561,826430753229,112.200,4.400000,38.098618000,127.259590000,750.000000,693.712813,1411.207358,717.494545,103.428181,0.125811,8.330692,8.615457,8.446398,8.531249,8.480949,8.615457,38.100030000,127.262850000,38.100030000,127.262850000,38.100210000,127.262880000,38.100284656,127.262873410,38.099940000,127.263040000,38.099906730,127.263128798,38.099857000,127.262825000,38.099781163,127.262828078,38.100120000,127.262665000,38.100151033,127.262575954
562,562,826430753435,112.406,4.400000,38.098686000,127.259550000,750.000000,650.339584,1368.385451,718.045867,110.410912,0.171269,8.400151,9.236015,8.056291,8.812093,8.626137,9.236015,38.100307000,127.262400000,38.100307000,127.262400000,38.100483000,127.262400000,38.100556779,127.262379872,38.100230000,127.262590000,38.100212644,127.262693100,38.100132000,127.262400000,38.100060993,127.262417773,38.100380000,127.262210000,38.100400107,127.262112705
563,563,826430753625,112.596,4.400000,38.098686000,127.259550000,750.000000,650.339584,1368.385451,718.045867,110.410912,0.171269,8.400151,9.236015,8.056291,8.812093,8.626137,9.236015,38.100307000,127.262400000,38.100307000,127.262400000,38.100483000,127.262400000,38.100556779,127.262379872,38.100230000,127.262590000,38.100212644,127.262693100,38.100132000,127.262400000,38.100060993,127.262417773,38.100380000,127.262210000,38.100400107,127.262112705
564,564,826430753832,112.803,4.400000,38.098827000,127.259490000,750.000000,606.063909,1155.626510,549.562600,90.677335,0.499343,6.886013,8.228829,7.443763,6.968188,7.381698,8.228829,38.100674000,127.260140000,38.100674000,127.260140000,38.100807000,127.260000000,38.100842046,127.259935226,38.100704000,127.260340000,38.100734931,127.260425317,38.100544000,127.260270000,38.100509822,127.260343036,38.100643000,127.259930000,38.100615449,127.259858574
565,565,826430754024,112.995,4.400000,38.098827000,127.259490000,750.000000,606.063909,1155.626510,549.562600,90.677335,0.499343,6.886013,8.228829,7.443763,6.968188,7.381698,8.228829,38.100674000,127.260140000,38.100674000,127.260140000,38.100807000,127.260000000,38.100842046,127.259935226,38.100704000,127.260340000,38.100734931,127.260425317,38.100544000,127.260270000,38.100509822,127.260343036,38.100643000,127.259930000,38.100615449,127.259858574
566,566,826430754231,113.202,4.400000,38.098965000,127.259420000,750.000000,618.885078,1175.016376,556.131299,89.860189,0.662885,6.806806,8.121018,7.743889,6.867569,7.384821,8.121018,38.100937000,127.259950000,38.100937000,127.259950000,38.101063000,127.259796000,38.101097160,127.259731553,38.100975000,127.260150000,38.101010654,127.260230880,38.100810000,127.260086000,38.100779735,127.260165596,38.100895000,127.259740000,38.100863987,127.259672229
567,567,826430754424,113.395,4.400000,38.098965000,127.259420000,750.000000,618.885078,1175.016376,556.131299,89.860189,0.662885,6.806806,8.121018,7.743889,6.867569,7.384821,8.121018,38.100937000,127.259950000,38.100937000,127.259950000,38.101063000,127.259796000,38.101097160,127.259731553,38.100975000,127.260150000,38.101010654,127.260230880,38.100810000,127.260086000,38.100779735,127.260165596,38.100895000,127.259740000,38.100863987,127.259672229
568,568,826430754627,113.598,4.400000,38.099106000,127.259350000,750.000000,649.995962,1337.999662,688.003700,105.847381,0.073694,8.233925,9.056303,8.184251,8.715154,8.547408,9.056303,38.100567000,127.262215000,38.100567000,127.262215000,38.100742000,127.262230000,38.100813815,127.262207494,38.100483000,127.262400000,38.100461410,127.262499675,38.100395000,127.262200000,38.100323143,127.262219763,38.100647000,127.262030000,38.100670694,127.261935178
569,569,826430754830,113.801,4.400000,38.099243000,127.259290000,750.000000,616.106269,1263.759917,647.653648,105.120444,0.257726,7.652045,8.785795,7.953874,8.883092,8.318701,8.883092,38.100890000,127.261536000,38.100890000,127.261536000,38.101063000,127.261510000,38.101125025,127.261472345,38.100834000,127.261734000,38.100826192,127.261833802,38.100723000,127.261560000,38.100658601,127.261599333,38.100952000,127.261345000,38.100952922,127.261243602
570,570,826430755032,114.003,4.400000,38.099243000,127.259290000,750.000000,616.106269,1263.759917,647.653648,105.120444,0.257726,7.652045,8.785795,7.953874,8.883092,8.318701,8.883092,38.100890000,127.261536000,38.100890000,127.261536000,38.101063000,127.261510000,38.101125025,127.261472345,38.100834000,127.261734000,38.100826192,127.261833802,38.100723000,127.261560000,38.100658601,127.261599333,38.100952000,127.261345000,38.100952922,127.261243602
571,571,826430755224,114.195,4.400000,38.099310000,127.259260000,750.000000,579.073051,1166.703164,587.630113,101.477717,0.605950,7.312454,9.033047,7.850125,7.544281,7.934977,9.033047,38.101080000,127.260410000,38.101080000,127.260410000,38.101230000,127.260310000,38.101277112,127.260251829,38.101078000,127.260605000,38.101094784,127.260705887,38.100933000,127.260500000,38.100885829,127.260566613,38.101086000,127.260200000,38.101065487,127.260117918
572,572,826430755431,114.402,4.400000,38.099310000,127.259260000,750.000000,579.073051,1166.703164,587.630113,101.477717,0.605950,7.312454,9.033047,7.850125,7.544281,7.934977,9.033047,38.101080000,127.260410000,38.101080000,127.260410000,38.101230000,127.260310000,38.101277112,127.260251829,38.101078000,127.260605000,38.101094784,127.260705887,38.100933000,127.260500000,38.100885829,127.260566613,38.101086000,127.260200000,38.101065487,127.260117918
573,573,826430755623,114.594,4.400000,38.099453000,127.259190000,750.000000,638.382504,1210.052593,571.670088,89.549774,0.400376,7.108762,7.597195,7.609466,6.830952,7.286594,7.609466,38.101597000,127.258790000,38.101597000,127.258790000,38.101673000,127.258590000,38.101689642,127.258511653,38.101700000,127.258960000,38.101746998,127.259022886,38.101524000,127.258980000,38.101506704,127.259064040,38.101498000,127.258610000,38.101451116,127.258559690
574,574,826430755829,114.800,4.400000,38.099453000,127.259190000,750.000000,638.382504,1210.052593,571.670088,89.549774,0.400376,7.108762,7.597195,7.609466,6.830952,7.286594,7.609466,38.101597000,127.258790000,38.101597000,127.258790000,38.101673000,127.258590000,38.101689642,127.258511653,38.101700000,127.258960000,38.101746998,127.259022886,38.101524000,127.258980000,38.101506704,127.259064040,38.101498000,127.258610000,38.101451116,127.258559690
575,575,826430756018,114.989,4.400000,38.099590000,127.259125000,750.000000,603.134111,1225.365632,622.231521,103.166362,0.289223,7.466892,8.895982,7.839442,8.362547,8.141215,8.895982,38.101196000,127.261120000,38.101196000,127.261120000,38.101368000,127.261086000,38.101426492,127.261044279,38.101147000,127.261314000,38.101142224,127.261415371,38.101032000,127.261154000,38.100969784,127.261195927,38.101250000,127.260925000,38.101249290,127.260829541
576,576,826430756221,115.192,4.400000,38.099590000,127.259125000,750.000000,603.134111,1225.365632,622.231521,103.166362,0.289223,7.466892,8.895982,7.839442,8.362547,8.141215,8.895982,38.101196000,127.261120000,38.101196000,127.261120000,38.101368000,127.261086000,38.101426492,127.261044279,38.101147000,127.261314000,38.101142224,127.261415371,38.101032000,127.261154000,38.100969784,127.261195927,38.101250000,127.260925000,38.101249290,127.260829541
577,577,826430756427,115.398,4.400000,38.099730000,127.259060000,750.000000,695.315332,1407.494676,712.179344,102.425376,0.354208,8.283466,9.699659,7.946519,8.460709,8.597588,9.699659,38.101227000,127.262245000,38.101227000,127.262245000,38.101406000,127.262270000,38.101479022,127.262251812,38.101140000,127.262430000,38.101114489,127.262535875,38.101050000,127.262220000,38.100980465,127.262240519,38.101315000,127.262054000,38.101337949,127.261961924
578,578,826430756633,115.604,4.400000,38.099790000,127.259030000,750.000000,615.907191,1277.573793,661.666602,107.429595,0.123873,8.044989,8.989067,7.623420,8.597849,8.313831,8.989067,38.101370000,127.261450000,38.101370000,127.261450000,38.101543000,127.261440000,38.101610210,127.261406244,38.101303000,127.261640000,38.101291635,127.261741594,38.101200000,127.261470000,38.101134145,127.261493874,38.101437000,127.261260000,38.101446775,127.261162640
579,579,826430756822,115.793,4.400000,38.099790000,127.259030000,750.000000,615.907191,1277.573793,661.666602,107.429595,0.123873,8.044989,8.989067,7.623420,8.597849,8.313831,8.989067,38.101370000,127.261450000,38.101370000,127.261450000,38.101543000,127.261440000,38.101610210,127.261406244,38.101303000,127.261640000,38.101291635,127.261741594,38.101200000,127.261470000,38.101134145,127.261493874,38.101437000,127.261260000,38.101446775,127.261162640
580,580,826430757032,116.003,4.400000,38.099930000,127.258970000,750.000000,594.889409,1148.173922,553.284514,93.006281,0.120656,6.929330,7.711793,7.006335,7.609066,7.314131,7.711793,38.101765000,127.259150000,38.101765000,127.259150000,38.101870000,127.258980000,38.101897683,127.258909151,38.101830000,127.259340000,38.101867539,127.259413990,38.101660000,127.259315000,38.101634390,127.259388061,38.101704000,127.258960000,38.101664283,127.258889306
581,581,826430757224,116.195,4.400000,38.099930000,127.258970000,750.000000,594.889409,1148.173922,553.284514,93.006281,0.120656,6.929330,7.711793,7.006335,7.609066,7.314131,7.711793,38.101765000,127.259150000,38.101765000,127.259150000,38.101870000,127.258980000,38.101897683,127.258909151,38.101830000,127.259340000,38.101867539,127.259413990,38.101660000,127.259315000,38.101634390,127.259388061,38.101704000,127.258960000,38.101664283,127.258889306
582,582,826430757431,116.402,4.400000,38.100067000,127.258900000,750.000000,589.476245,1162.250444,572.774199,97.166630,0.116493,7.631551,7.359128,7.295690,7.524491,7.452715,7.631551,38.101900000,127.259650000,38.101900000,127.259650000,38.102030000,127.259520000,38.102075133,127.259454424,38.101925000,127.259860000,38.101950393,127.259937564,38.101770000,127.259780000,38.101726994,127.259842846,38.101875000,127.259445000,38.101849453,127.259365474
583,583,826430757619,116.590,4.400000,38.100067000,127.258900000,750.000000,589.476245,1162.250444,572.774199,97.166630,0.116493,7.631551,7.359128,7.295690,7.524491,7.452715,7.631551,38.101900000,127.259650000,38.101900000,127.259650000,38.102030000,127.259520000,38.102075133,127.259454424,38.101925000,127.259860000,38.101950393,127.259937564,38.101770000,127.259780000,38.101726994,127.259842846,38.101875000,127.259445000,38.101849453,127.259365474
584,584,826430757823,116.794,4.400000,38.100210000,127.258840000,750.000000,675.780316,1359.520753,683.740436,101.177915,0.168092,8.019225,8.947059,7.590087,8.287305,8.210919,8.947059,38.101513000,127.261930000,38.101513000,127.261930000,38.101690000,127.261960000,38.101761762,127.261952001,38.101418000,127.262110000,38.101389718,127.262205604,38.101337000,127.261900000,38.101269219,127.261909389,38.101610000,127.261750000,38.101634524,127.261660676
585,585,826430758026,116.997,4.400000,38.100210000,127.258840000,750.000000,675.780316,1359.520753,683.740436,101.177915,0.168092,8.019225,8.947059,7.590087,8.287305,8.210919,8.947059,38.101513000,127.261930000,38.101513000,127.261930000,38.101690000,127.261960000,38.101761762,127.261952001,38.101418000,127.262110000,38.101389718,127.262205604,38.101337000,127.261900000,38.101269219,127.261909389,38.101610000,127.261750000,38.101634524,127.261660676
586,586,826430758230,117.201,4.400000,38.100346000,127.258770000,750.000000,622.592316,1262.787720,640.195404,102.827386,0.412759,7.642453,8.524470,7.871139,8.383841,8.105476,8.524470,38.101890000,127.261120000,38.101890000,127.261120000,38.102066000,127.261110000,38.102129015,127.261075375,38.101826000,127.261314000,38.101812127,127.261409702,38.101723000,127.261140000,38.101654836,127.261163885,38.101960000,127.260930000,38.101966639,127.260834665
587,587,826430758432,117.403,4.400000,38.100414000,127.258740000,750.000000,594.799000,1164.596503,569.797504,95.796648,0.569988,6.897325,8.497385,7.452548,7.264941,7.528050,8.497385,38.102090000,127.260020000,38.102090000,127.260020000,38.102245000,127.259926000,38.102295197,127.259879842,38.102077000,127.260220000,38.102088714,127.260315855,38.101936000,127.260100000,38.101886925,127.260157867,38.102104000,127.259810000,38.102092213,127.259728429
588,588,826430758618,117.589,4.400000,38.100414000,127.258740000,750.000000,594.799000,1164.596503,569.797504,95.796648,0.569988,6.897325,8.497385,7.452548,7.264941,7.528050,8.497385,38.102090000,127.260020000,38.102090000,127.260020000,38.102245000,127.259926000,38.102295197,127.259879842,38.102077000,127.260220000,38.102088714,127.260315855,38.101936000,127.260100000,38.101886925,127.260157867,38.102104000,127.259810000,38.102092213,127.259728429
589,589,826430758852,117.823,4.400000,38.100555000,127.258680000,750.000000,638.617788,1176.895856,538.278068,84.287985,0.254883,6.930074,7.355796,6.951392,7.090673,7.081984,7.355796,38.102570000,127.258490000,38.102570000,127.258490000,38.102657000,127.258300000,38.102674287,127.258223999,38.102657000,127.258675000,38.102704376,127.258733537,38.102480000,127.258675000,38.102466906,127.258752591,38.102480000,127.258310000,38.102437587,127.258249609
590,590,826430759069,118.040,4.400000,38.100555000,127.258680000,750.000000,638.617788,1176.895856,538.278068,84.287985,0.254883,6.930074,7.355796,6.951392,7.090673,7.081984,7.355796,38.102570000,127.258490000,38.102570000,127.258490000,38.102657000,127.258300000,38.102674287,127.258223999,38.102657000,127.258675000,38.102704376,127.258733537,38.102480000,127.258675000,38.102466906,127.258752591,38.102480000,127.258310000,38.102437587,127.258249609
591,591,826430759234,118.205,4.400000,38.100693000,127.258610000,750.000000,618.240453,1212.402543,594.162091,96.105340,0.545865,7.186237,8.872972,7.857950,7.622998,7.885039,8.872972,38.102210000,127.260620000,38.102210000,127.260620000,38.102383000,127.260590000,38.102440562,127.260552864,38.102154000,127.260810000,38.102148284,127.260911030,38.102043000,127.260640000,38.101982271,127.260685727,38.102270000,127.260420000,38.102270615,127.260332982
592,592,826430759418,118.389,4.400000,38.100693000,127.258610000,750.000000,618.240453,1212.402543,594.162091,96.105340,0.545865,7.186237,8.872972,7.857950,7.622998,7.885039,8.872972,38.102210000,127.260620000,38.102210000,127.260620000,38.102383000,127.260590000,38.102440562,127.260552864,38.102154000,127.260810000,38.102148284,127.260911030,38.102043000,127.260640000,38.101982271,127.260685727,38.102270000,127.260420000,38.102270615,127.260332982
593,593,826430759631,118.602,4.400000,38.100834000,127.258550000,750.000000,719.860100,1427.724796,707.864696,98.333648,0.214856,7.918275,8.780081,7.779818,8.649678,8.281963,8.780081,38.102207000,127.261960000,38.102207000,127.261960000,38.102390000,127.262000000,38.102460691,127.261989960,38.102108000,127.262146000,38.102077520,127.262238444,38.102028000,127.261925000,38.101958252,127.261930601,38.102310000,127.261780000,38.102333498,127.261685881
594,594,826430759819,118.790,4.400000,38.100834000,127.258550000,750.000000,719.860100,1427.724796,707.864696,98.333648,0.214856,7.918275,8.780081,7.779818,8.649678,8.281963,8.780081,38.102207000,127.261960000,38.102207000,127.261960000,38.102390000,127.262000000,38.102460691,127.261989960,38.102108000,127.262146000,38.102077520,127.262238444,38.102028000,127.261925000,38.101958252,127.261930601,38.102310000,127.261780000,38.102333498,127.261685881
595,595,826430760024,118.995,4.400000,38.100975000,127.258484000,750.000000,590.079412,1137.367353,547.287941,92.748184,0.462856,7.383297,8.163887,7.898808,7.020552,7.616636,8.163887,38.102680000,127.259240000,38.102680000,127.259240000,38.102818000,127.259120000,38.102855756,127.259050704,38.102690000,127.259445000,38.102724774,127.259527054,38.102543000,127.259350000,38.102505982,127.259426927,38.102660000,127.259030000,38.102635508,127.258956145
596,596,826430760228,119.199,4.400000,38.101044000,127.258450000,750.000000,597.830094,1149.970854,552.140761,92.357472,0.338841,7.222828,7.717386,6.901286,7.424519,7.316505,7.717386,38.102882000,127.258030000,38.102882000,127.258030000,38.102950000,127.257835000,38.102963141,127.257754254,38.102978000,127.258200000,38.103033642,127.258252552,38.102810000,127.258224000,38.102802519,127.258302208,38.102783000,127.257866000,38.102732928,127.257810011
597,597,826430760429,119.400,4.400000,38.101044000,127.258450000,750.000000,597.830094,1149.970854,552.140761,92.357472,0.338841,7.222828,7.717386,6.901286,7.424519,7.316505,7.717386,38.102882000,127.258030000,38.102882000,127.258030000,38.102950000,127.257835000,38.102963141,127.257754254,38.102978000,127.258200000,38.103033642,127.258252552,38.102810000,127.258224000,38.102802519,127.258302208,38.102783000,127.257866000,38.102732928,127.257810011
598,598,826430760632,119.603,4.400000,38.101185000,127.258390000,750.000000,600.780531,1164.763329,563.982798,93.875012,0.224361,7.372919,7.415851,7.070335,8.097964,7.489267,8.097964,38.102802000,127.259840000,38.102802000,127.259840000,38.102962000,127.259770000,38.103014816,127.259719214,38.102776000,127.260050000,38.102782801,127.260134216,38.102642000,127.259910000,38.102591219,127.259958479,38.102833000,127.259640000,38.102820585,127.259548911
599,599,826430760817,119.788,4.400000,38.101185000,127.258390000,750.000000,600.780531,1164.763329,563.982798,93.875012,0.224361,7.372919,7.415851,7.070335,8.097964,7.489267,8.097964,38.102802000,127.259840000,38.102802000,127.259840000,38.102962000,127.259770000,38.103014816,127.259719214,38.102776000,127.260050000,38.102782801,127.260134216,38.102642000,127.259910000,38.102591219,127.259958479,38.102833000,127.259640000,38.102820585,127.259548911
600,600,826430761045,120.016,4.400000,38.101322000,127.258320000,750.000000,726.893635,1465.689315,738.795680,101.637385,0.433432,8.067450,9.399796,8.010018,8.679823,8.539272,9.399796,38.102420000,127.262050000,38.102420000,127.262050000,38.102600000,127.262110000,38.102672121,127.262119036,38.102303000,127.262215000,38.102265082,127.262310878,38.102245000,127.261980000,38.102173074,127.261982584,38.102535000,127.261880000,38.102571124,127.261792189
601,601,826430761224,120.195,4.400000,38.101322000,127.258320000,750.000000,726.893635,1465.689315,738.795680,101.637385,0.433432,8.067450,9.399796,8.010018,8.679823,8.539272,9.399796,38.102420000,127.262050000,38.102420000,127.262050000,38.102600000,127.262110000,38.102672121,127.262119036,38.102303000,127.262215000,38.102265082,127.262310878,38.102245000,127.261980000,38.102173074,127.261982584,38.102535000,127.261880000,38.102571124,127.261792189
602,602,826430761430,120.401,4.400000,38.101463000,127.258260000,750.000000,626.659424,1214.836551,588.177127,93.859137,0.123713,8.089139,8.318760,7.556765,8.254627,8.054823,8.318760,38.102940000,127.260350000,38.102940000,127.260350000,38.103110000,127.260340000,38.103172472,127.260292832,38.102870000,127.260544000,38.102871176,127.260638954,38.102768000,127.260360000,38.102710666,127.260406188,38.103010000,127.260160000,38.103008128,127.260065797
603,603,826430761622,120.593,4.400000,38.101463000,127.258260000,750.000000,626.659424,1214.836551,588.177127,93.859137,0.123713,8.089139,8.318760,7.556765,8.254627,8.054823,8.318760,38.102940000,127.260350000,38.102940000,127.260350000,38.103110000,127.260340000,38.103172472,127.260292832,38.102870000,127.260544000,38.102871176,127.260638954,38.102768000,127.260360000,38.102710666,127.260406188,38.103010000,127.260160000,38.103008128,127.260065797
604,604,826430761826,120.797,4.400000,38.101604000,127.258200000,750.000000,581.663686,1126.046462,544.382776,93.590642,0.043839,9.621298,9.952924,9.368438,9.793727,9.684097,9.952924,38.103330000,127.258080000,38.103330000,127.258080000,38.103447000,127.257930000,38.103435796,127.257821091,38.103374000,127.258280000,38.103456867,127.258322662,38.103214000,127.258230000,38.103226067,127.258335844,38.103287000,127.257880000,38.103204824,127.257840069
605,605,826430762028,120.999,4.400000,38.101734000,127.258150000,750.000000,592.242874,1136.283502,544.040628,91.861068,0.387301,9.913676,9.172649,8.990557,9.817983,9.473716,9.913676,38.103447000,127.258766000,38.103447000,127.258766000,38.103596000,127.258675000,38.103614647,127.258564335,38.103440000,127.258980000,38.103502971,127.259047537,38.103300000,127.258865000,38.103281023,127.258964762,38.103455000,127.258560000,38.103388502,127.258486373
606,606,826430762217,121.188,4.400000,38.101734000,127.258150000,750.000000,592.242874,1136.283502,544.040628,91.861068,0.387301,9.913676,9.172649,8.990557,9.817983,9.473716,9.913676,38.103447000,127.258766000,38.103447000,127.258766000,38.103596000,127.258675000,38.103614647,127.258564335,38.103440000,127.258980000,38.103502971,127.259047537,38.103300000,127.258865000,38.103281023,127.258964762,38.103455000,127.258560000,38.103388502,127.258486373
607,607,826430762423,121.394,4.400000,38.101803000,127.258120000,750.000000,648.023375,1260.913097,612.889721,94.578335,0.420295,9.542371,9.724368,8.653925,9.001978,9.230660,9.724368,38.104176000,127.258970000,38.104176000,127.258970000,38.104332000,127.258865000,38.104359201,127.258761694,38.104176000,127.259186000,38.104237446,127.259264908,38.104020000,127.259080000,38.103996209,127.259174053,38.104176000,127.258760000,38.104124318,127.258680960
608,608,826430762632,121.603,4.400000,38.101803000,127.258120000,750.000000,648.023375,1260.913097,612.889721,94.578335,0.420295,9.542371,9.724368,8.653925,9.001978,9.230660,9.724368,38.104176000,127.258970000,38.104176000,127.258970000,38.104332000,127.258865000,38.104359201,127.258761694,38.104176000,127.259186000,38.104237446,127.259264908,38.104020000,127.259080000,38.103996209,127.259174053,38.104176000,127.258760000,38.104124318,127.258680960
609,609,826430762822,121.793,4.400000,38.101944000,127.258060000,750.000000,743.908403,1898.579774,1154.671371,155.216874,1.190236,15.575268,11.275839,11.696665,10.497762,12.261384,15.575268,38.104954000,127.258300000,38.104954000,127.258300000,38.105103000,127.258156000,38.105202658,127.258031195,38.104990000,127.258520000,38.105075282,127.258589457,38.104805000,127.258446000,38.104740738,127.258551645,38.104916000,127.258080000,38.104836579,127.258015382
610,610,826430763029,122.000,4.400000,38.102085000,127.258000000,749.000000,770.599843,1506.790259,736.190416,95.534722,0.676308,11.625527,12.655907,11.561771,12.454248,12.074363,12.655907,38.105152000,127.257286000,38.105152000,127.257286000,38.105280000,127.257095000,38.105235847,127.256974726,38.105220000,127.257490000,38.105327272,127.257537858,38.105026000,127.257470000,38.105056519,127.257596164,38.105083000,127.257070000,38.104973669,127.257039832
611,611,826430763219,122.190,4.400000,38.102085000,127.258000000,749.000000,770.599843,1506.790259,736.190416,95.534722,0.676308,11.625527,12.655907,11.561771,12.454248,12.074363,12.655907,38.105152000,127.257286000,38.105152000,127.257286000,38.105280000,127.257095000,38.105235847,127.256974726,38.105220000,127.257490000,38.105327272,127.257537858,38.105026000,127.257470000,38.105056519,127.257596164,38.105083000,127.257070000,38.104973669,127.257039832
612,612,826430763422,122.393,4.400000,38.102158000,127.257980000,749.000000,779.994313,1525.624729,745.630416,95.594340,1.005283,12.895585,12.454580,11.451252,13.054461,12.463970,13.054461,38.105213000,127.257470000,38.105213000,127.257470000,38.105354000,127.257300000,38.105306225,127.257165885,38.105270000,127.257690000,38.105376820,127.257732280,38.105076000,127.257645000,38.105093516,127.257773821,38.105156000,127.257256000,38.105043565,127.257213648
613,613,826430763624,122.595,4.400000,38.102158000,127.257980000,749.000000,779.994313,1525.624729,745.630416,95.594340,1.005283,12.895585,12.454580,11.451252,13.054461,12.463970,13.054461,38.105213000,127.257470000,38.105213000,127.257470000,38.105354000,127.257300000,38.105306225,127.257165885,38.105270000,127.257690000,38.105376820,127.257732280,38.105076000,127.257645000,38.105093516,127.257773821,38.105156000,127.257256000,38.105043565,127.257213648
614,614,826430763828,122.799,4.400000,38.102300000,127.257930000,749.000000,723.627673,1449.690106,726.062432,100.336466,0.339332,10.245509,10.318552,9.206461,10.634869,10.101348,10.634869,38.104805000,127.259870000,38.104805000,127.259870000,38.104990000,127.259830000,38.105045076,127.259736290,38.104760000,127.260090000,38.104808316,127.260190529,38.104626000,127.259920000,38.104579842,127.260007210,38.104850000,127.259660000,38.104801616,127.259555313
615,615,826430764017,122.988,4.400000,38.102370000,127.257904000,749.000000,756.705151,1503.012399,746.307248,98.625898,0.317892,9.172161,9.987275,8.754602,10.045939,9.489994,10.045939,38.104630000,127.260800000,38.104630000,127.260800000,38.104820000,127.260796000,38.104887542,127.260736028,38.104553000,127.261010000,38.104573573,127.261120978,38.104440000,127.260800000,38.104378717,127.260862636,38.104702000,127.260600000,38.104686580,127.260487001
616,616,826430764232,123.203,4.400000,38.102370000,127.257904000,749.000000,756.705151,1503.012399,746.307248,98.625898,0.317892,9.172161,9.987275,8.754602,10.045939,9.489994,10.045939,38.104630000,127.260800000,38.104630000,127.260800000,38.104820000,127.260796000,38.104887542,127.260736028,38.104553000,127.261010000,38.104573573,127.261120978,38.104440000,127.260800000,38.104378717,127.260862636,38.104702000,127.260600000,38.104686580,127.260487001
617,617,826430764422,123.393,4.400000,38.102516000,127.257860000,749.000000,697.338102,1459.601438,762.263336,109.310438,0.600438,10.205006,10.972897,9.216701,10.769466,10.291017,10.972897,38.104874000,127.259995000,38.104874000,127.259995000,38.105057000,127.259964000,38.105127040,127.259888834,38.104813000,127.260200000,38.104857088,127.260312039,38.104690000,127.260025000,38.104640796,127.260109622,38.104935000,127.259790000,38.104888895,127.259681914
618,618,826430764638,123.609,4.400000,38.102516000,127.257860000,749.000000,697.338102,1459.601438,762.263336,109.310438,0.600438,10.205006,10.972897,9.216701,10.769466,10.291017,10.972897,38.104874000,127.259995000,38.104874000,127.259995000,38.105057000,127.259964000,38.105127040,127.259888834,38.104813000,127.260200000,38.104857088,127.260312039,38.104690000,127.260025000,38.104640796,127.260109622,38.104935000,127.259790000,38.104888895,127.259681914
619,619,826430764829,123.800,4.400000,38.102660000,127.257810000,749.000000,670.870022,1470.726434,799.856412,119.226733,1.155792,14.959088,15.808994,13.630335,15.788345,15.046691,15.808994,38.105274000,127.257820000,38.105274000,127.257820000,38.105434000,127.257706000,38.105393515,127.257543159,38.105274000,127.258040000,38.105408096,127.258099425,38.105114000,127.257935000,38.105112410,127.258090593,38.105274000,127.257610000,38.105141656,127.257545191
620,620,826430765030,124.001,4.400000,38.102660000,127.257810000,749.000000,670.870022,1470.726434,799.856412,119.226733,1.155792,14.959088,15.808994,13.630335,15.788345,15.046691,15.808994,38.105274000,127.257820000,38.105274000,127.257820000,38.105434000,127.257706000,38.105393515,127.257543159,38.105274000,127.258040000,38.105408096,127.258099425,38.105114000,127.257935000,38.105112410,127.258090593,38.105274000,127.257610000,38.105141656,127.257545191
621,621,826430765217,124.188,4.400000,38.102806000,127.257774000,749.000000,704.265658,1699.878583,995.612926,141.368944,0.688019,13.501800,15.557074,13.530795,12.851797,13.860366,15.557074,38.105440000,127.258766000,38.105440000,127.258766000,38.105618000,127.258700000,38.105654413,127.258552971,38.105400000,127.258980000,38.105512502,127.259085363,38.105260000,127.258830000,38.105180200,127.258946518,38.105473000,127.258550000,38.105383684,127.258457035
622,622,826430765432,124.403,4.400000,38.102806000,127.257774000,749.000000,704.265658,1699.878583,995.612926,141.368944,0.688019,13.501800,15.557074,13.530795,12.851797,13.860366,15.557074,38.105440000,127.258766000,38.105440000,127.258766000,38.105618000,127.258700000,38.105654413,127.258552971,38.105400000,127.258980000,38.105512502,127.259085363,38.105260000,127.258830000,38.105180200,127.258946518,38.105473000,127.258550000,38.105383684,127.258457035
623,623,826430765621,124.592,4.400000,38.102955000,127.257744000,749.000000,831.375575,1626.687671,795.312096,95.662192,0.277470,9.275904,10.101024,8.735491,10.338627,9.612761,10.338627,38.104940000,127.261510000,38.104940000,127.261510000,38.105137000,127.261560000,38.105210768,127.261510754,38.104836000,127.261710000,38.104836037,127.261825315,38.104748000,127.261470000,38.104675906,127.261509382,38.105045000,127.261320000,38.105041655,127.261202049
624,624,826430765825,124.796,4.400000,38.103100000,127.257710000,749.000000,709.444796,1562.621784,853.176988,120.259814,0.714750,11.992085,10.672104,10.980809,9.927978,10.893244,11.992085,38.105300000,127.260230000,38.105300000,127.260230000,38.105490000,127.260240000,38.105588296,127.260183983,38.105217000,127.260420000,38.105245963,127.260536142,38.105118000,127.260216000,38.105037086,127.260287701,38.105390000,127.260040000,38.105360139,127.259933202
625,625,826430766027,124.998,4.400000,38.103100000,127.257710000,749.000000,709.444796,1562.621784,853.176988,120.259814,0.714750,11.992085,10.672104,10.980809,9.927978,10.893244,11.992085,38.105300000,127.260230000,38.105300000,127.260230000,38.105490000,127.260240000,38.105588296,127.260183983,38.105217000,127.260420000,38.105245963,127.260536142,38.105118000,127.260216000,38.105037086,127.260287701,38.105390000,127.260040000,38.105360139,127.259933202
626,626,826430766229,125.200,4.400000,38.103176000,127.257700000,749.000000,684.714602,1586.658820,901.944218,131.725571,0.916074,13.419729,12.023172,14.149409,12.412130,13.001110,14.149409,38.105473000,127.259180000,38.105473000,127.259180000,38.105656000,127.259155000,38.105725596,127.259029906,38.105404000,127.259380000,38.105472967,127.259485632,38.105293000,127.259190000,38.105197715,127.259296908,38.105540000,127.258980000,38.105468272,127.258871512
627,627,826430766431,125.402,4.400000,38.103176000,127.257700000,749.000000,684.714602,1586.658820,901.944218,131.725571,0.916074,13.419729,12.023172,14.149409,12.412130,13.001110,14.149409,38.105473000,127.259180000,38.105473000,127.259180000,38.105656000,127.259155000,38.105725596,127.259029906,38.105404000,127.259380000,38.105472967,127.259485632,38.105293000,127.259190000,38.105197715,127.259296908,38.105540000,127.258980000,38.105468272,127.258871512
628,628,826430766631,125.602,4.400000,38.103320000,127.257680000,749.000000,688.658880,1316.359352,627.700472,91.148243,0.387565,10.708749,32.741821,10.732329,31.345155,21.382014,32.741821,38.105990000,127.258040000,38.105990000,127.258040000,38.106033000,127.257830000,38.106121656,127.257782547,38.106174000,127.257970000,38.106108522,127.258334410,38.105950000,127.258250000,38.105861400,127.258298310,38.105812000,127.258100000,38.105878740,127.257752351
629,629,826430766820,125.791,4.400000,38.103470000,127.257670000,749.000000,725.326577,1531.132446,805.805869,111.095594,0.354302,11.591777,11.025405,11.149981,9.205295,10.743114,11.591777,38.105564000,127.260540000,38.105564000,127.260540000,38.105750000,127.260570000,38.105840733,127.260505066,38.105460000,127.260710000,38.105480771,127.260833070,38.105377000,127.260500000,38.105288480,127.260559563,38.105667000,127.260350000,38.105647132,127.260247989
630,630,826430767024,125.995,4.400000,38.103470000,127.257670000,749.000000,725.326577,1531.132446,805.805869,111.095594,0.354302,11.591777,11.025405,11.149981,9.205295,10.743114,11.591777,38.105564000,127.260540000,38.105564000,127.260540000,38.105750000,127.260570000,38.105840733,127.260505066,38.105460000,127.260710000,38.105480771,127.260833070,38.105377000,127.260500000,38.105288480,127.260559563,38.105667000,127.260350000,38.105647132,127.260247989
631,631,826430767228,126.199,4.400000,38.103546000,127.257660000,749.000000,867.059835,1642.332971,775.273137,89.414030,0.389307,10.028839,10.376095,9.156122,10.414173,9.993807,10.414173,38.105330000,127.261700000,38.105330000,127.261700000,38.105526000,127.261790000,38.105603428,127.261731470,38.105210000,127.261890000,38.105206923,127.262008391,38.105140000,127.261630000,38.105064470,127.261671385,38.105453000,127.261530000,38.105456313,127.261411184
632,632,826430767417,126.388,4.400000,38.103546000,127.257660000,749.000000,867.059835,1642.332971,775.273137,89.414030,0.389307,10.028839,10.376095,9.156122,10.414173,9.993807,10.414173,38.105330000,127.261700000,38.105330000,127.261700000,38.105526000,127.261790000,38.105603428,127.261731470,38.105210000,127.261890000,38.105206923,127.262008391,38.105140000,127.261630000,38.105064470,127.261671385,38.105453000,127.261530000,38.105456313,127.261411184
633,633,826430767622,126.593,4.400000,38.103683000,127.257660000,749.000000,778.469498,1520.025973,741.556475,95.258257,0.070010,10.595152,9.329577,10.348402,9.694773,9.991976,10.595152,38.105556000,127.261185000,38.105556000,127.261185000,38.105747000,127.261250000,38.105833785,127.261200336,38.105440000,127.261360000,38.105439553,127.261466507,38.105370000,127.261116000,38.105287162,127.261169613,38.105675000,127.261020000,38.105674009,127.260909329
634,634,826430767824,126.795,4.400000,38.103683000,127.257660000,749.000000,778.469498,1520.025973,741.556475,95.258257,0.070010,10.595152,9.329577,10.348402,9.694773,9.991976,10.595152,38.105556000,127.261185000,38.105556000,127.261185000,38.105747000,127.261250000,38.105833785,127.261200336,38.105440000,127.261360000,38.105439553,127.261466507,38.105370000,127.261116000,38.105287162,127.261169613,38.105675000,127.261020000,38.105674009,127.260909329
635,635,826430768029,127.000,4.400000,38.103832000,127.257660000,748.000000,647.460915,1339.701609,692.240694,106.916214,0.525141,10.416033,31.355379,11.718846,30.593985,21.021061,31.355379,38.106026000,127.258820000,38.106026000,127.258820000,38.106117000,127.258640000,38.106209604,127.258622965,38.106210000,127.258830000,38.106070290,127.259140826,38.105938000,127.258995000,38.105833529,127.259011479,38.105846000,127.258810000,38.105979068,127.258504400
636,636,826430768229,127.200,4.400000,38.103980000,127.257670000,748.000000,685.609990,1435.716771,750.106781,109.407213,1.062530,13.929220,33.363348,15.379021,33.012636,23.921057,33.363348,38.106174000,127.259530000,38.106174000,127.259530000,38.106280000,127.259360000,38.106403011,127.259389132,38.106360000,127.259570000,38.106156937,127.259850139,38.106070000,127.259705000,38.105936872,127.259658082,38.105995000,127.259500000,38.106179780,127.259205219
637,637,826430768424,127.395,4.400000,38.103980000,127.257670000,748.000000,685.609990,1435.716771,750.106781,109.407213,1.062530,13.929220,33.363348,15.379021,33.012636,23.921057,33.363348,38.106174000,127.259530000,38.106174000,127.259530000,38.106280000,127.259360000,38.106403011,127.259389132,38.106360000,127.259570000,38.106156937,127.259850139,38.106070000,127.259705000,38.105936872,127.259658082,38.105995000,127.259500000,38.106179780,127.259205219
638,638,826430768631,127.602,4.400000,38.104053000,127.257675000,748.000000,756.038135,1503.022722,746.984586,98.802501,0.404554,12.320883,11.246237,12.568578,11.041348,11.794262,12.568578,38.105953000,127.260730000,38.105953000,127.260730000,38.106140000,127.260800000,38.106234064,127.260725875,38.105827000,127.260890000,38.105851514,127.261014553,38.105774000,127.260650000,38.105685357,127.260738870,38.106080000,127.260570000,38.106055393,127.260447889
639,639,826430768820,127.791,4.400000,38.104053000,127.257675000,748.000000,756.038135,1503.022722,746.984586,98.802501,0.404554,12.320883,11.246237,12.568578,11.041348,11.794262,12.568578,38.105953000,127.260730000,38.105953000,127.260730000,38.106140000,127.260800000,38.106234064,127.260725875,38.105827000,127.260890000,38.105851514,127.261014553,38.105774000,127.260650000,38.105685357,127.260738870,38.106080000,127.260570000,38.106055393,127.260447889
640,640,826430769023,127.994,4.400000,38.104202000,127.257700000,748.000000,942.732135,1828.504486,885.772351,93.958010,0.047100,10.851785,12.479356,10.404028,12.446505,11.545419,12.479356,38.105740000,127.262410000,38.105740000,127.262410000,38.105930000,127.262540000,38.106019062,127.262489630,38.105590000,127.262566000,38.105584807,127.262708315,38.105553000,127.262280000,38.105467562,127.262328148,38.105890000,127.262260000,38.105890937,127.262117912
641,641,826430769227,128.198,4.400000,38.104202000,127.257700000,748.000000,942.732135,1828.504486,885.772351,93.958010,0.047100,10.851785,12.479356,10.404028,12.446505,11.545419,12.479356,38.105740000,127.262410000,38.105740000,127.262410000,38.105930000,127.262540000,38.106019062,127.262489630,38.105590000,127.262566000,38.105584807,127.262708315,38.105553000,127.262280000,38.105467562,127.262328148,38.105890000,127.262260000,38.105890937,127.262117912
642,642,826430769431,128.402,4.400000,38.104350000,127.257730000,748.000000,685.682972,1417.131469,731.448498,106.674444,0.094528,18.082658,34.651969,17.282487,34.088202,26.026329,34.651969,38.106190000,127.260240000,38.106190000,127.260240000,38.106323000,127.260100000,38.106463922,127.260202678,38.106370000,127.260320000,38.106103267,127.260523937,38.106060000,127.260380000,38.105927336,127.260277514,38.106018000,127.260160000,38.106279570,127.259957651
643,643,826430769624,128.595,4.400000,38.104496000,127.257770000,748.000000,654.913939,1288.988683,634.074744,96.818025,1.091274,5.350771,29.465723,8.151061,27.924345,17.722975,29.465723,38.106743000,127.259140000,38.106743000,127.259140000,38.106865000,127.258980000,38.106901329,127.258940001,38.106926000,127.259186000,38.106791481,127.259475714,38.106625000,127.259290000,38.106558648,127.259329355,38.106567000,127.259090000,38.106693931,127.258815029
644,644,826430769831,128.802,4.400000,38.104496000,127.257770000,748.000000,654.913939,1288.988683,634.074744,96.818025,1.091274,5.350771,29.465723,8.151061,27.924345,17.722975,29.465723,38.106743000,127.259140000,38.106743000,127.259140000,38.106865000,127.258980000,38.106901329,127.258940001,38.106926000,127.259186000,38.106791481,127.259475714,38.106625000,127.259290000,38.106558648,127.259329355,38.106567000,127.259090000,38.106693931,127.258815029
645,645,826430770029,129.000,4.400000,38.104570000,127.257790000,748.000000,703.767800,1459.974620,756.206820,107.451182,1.029903,15.471169,33.342861,16.329326,33.309942,24.613324,33.342861,38.106510000,127.260230000,38.106510000,127.260230000,38.106644000,127.260090000,38.106770851,127.260162163,38.106686000,127.260320000,38.106432625,127.260523004,38.106373000,127.260370000,38.106244622,127.260279806,38.106335000,127.260150000,38.106574601,127.259922204
646,646,826430770229,129.200,4.400000,38.104570000,127.257790000,748.000000,703.767800,1459.974620,756.206820,107.451182,1.029903,15.471169,33.342861,16.329326,33.309942,24.613324,33.342861,38.106510000,127.260230000,38.106510000,127.260230000,38.106644000,127.260090000,38.106770851,127.260162163,38.106686000,127.260320000,38.106432625,127.260523004,38.106373000,127.260370000,38.106244622,127.260279806,38.106335000,127.260150000,38.106574601,127.259922204
647,647,826430770432,129.403,4.400000,38.104713000,127.257840000,747.000000,921.266499,1760.674579,839.408080,91.114578,0.278616,12.365616,14.655797,11.826401,13.551534,13.099837,14.655797,38.106040000,127.262580000,38.106040000,127.262580000,38.106220000,127.262750000,38.106311589,127.262670120,38.105877000,127.262700000,38.105874095,127.262867274,38.105870000,127.262430000,38.105774725,127.262489735,38.106205000,127.262460000,38.106203543,127.262305303
648,648,826430770645,129.616,4.400000,38.104713000,127.257840000,747.000000,921.266499,1760.674579,839.408080,91.114578,0.278616,12.365616,14.655797,11.826401,13.551534,13.099837,14.655797,38.106040000,127.262580000,38.106040000,127.262580000,38.106220000,127.262750000,38.106311589,127.262670120,38.105877000,127.262700000,38.105874095,127.262867274,38.105870000,127.262430000,38.105774725,127.262489735,38.106205000,127.262460000,38.106203543,127.262305303
649,649,826430770827,129.798,4.400000,38.104855000,127.257910000,747.000000,734.946152,1465.015778,730.069626,99.336478,0.195567,17.865754,35.198502,17.037659,34.217955,26.079967,35.198502,38.106510000,127.261185000,38.106510000,127.261185000,38.106663000,127.261070000,38.106784146,127.261203779,38.106680000,127.261310000,38.106383559,127.261449801,38.106360000,127.261290000,38.106243341,127.261164092,38.106346000,127.261055000,38.106632177,127.260912413
650,650,826430771031,130.002,4.400000,38.104992000,127.257980000,747.000000,626.292791,1155.774036,529.481245,84.542127,0.310551,6.535721,24.228503,7.000188,23.982181,15.436648,24.228503,38.107033000,127.259125000,38.107033000,127.259125000,38.107174000,127.259000000,38.107179427,127.258925705,38.107200000,127.259210000,38.107098393,127.259454613,38.106895000,127.259254000,38.106884443,127.259332783,38.106870000,127.259050000,38.106979888,127.258814504
651,651,826430771218,130.189,4.400000,38.104992000,127.257980000,747.000000,626.292791,1155.774036,529.481245,84.542127,0.310551,6.535721,24.228503,7.000188,23.982181,15.436648,24.228503,38.107033000,127.259125000,38.107033000,127.259125000,38.107174000,127.259000000,38.107179427,127.258925705,38.107200000,127.259210000,38.107098393,127.259454613,38.106895000,127.259254000,38.106884443,127.259332783,38.106870000,127.259050000,38.106979888,127.258814504
652,652,826430771421,130.392,4.400000,38.105060000,127.258020000,747.000000,652.815394,1397.053815,744.238420,114.004423,0.143736,11.417752,30.281180,10.437575,29.704315,20.460206,30.281180,38.106980000,127.260216000,38.106980000,127.260216000,38.107124000,127.260100000,38.107225070,127.260122191,38.107143000,127.260320000,38.106922345,127.260522171,38.106830000,127.260320000,38.106736888,127.260305989,38.106815000,127.260110000,38.107022858,127.259897351
653,653,826430771631,130.602,4.400000,38.105060000,127.258020000,747.000000,652.815394,1397.053815,744.238420,114.004423,0.143736,11.417752,30.281180,10.437575,29.704315,20.460206,30.281180,38.106980000,127.260216000,38.106980000,127.260216000,38.107124000,127.260100000,38.107225070,127.260122191,38.107143000,127.260320000,38.106922345,127.260522171,38.106830000,127.260320000,38.106736888,127.260305989,38.106815000,127.260110000,38.107022858,127.259897351
654,654,826430771821,130.792,4.400000,38.105194000,127.258100000,747.000000,867.241025,1639.878442,772.637417,89.091428,0.781731,13.696627,16.436270,14.678759,14.716589,14.882061,16.436270,38.106495000,127.262530000,38.106495000,127.262530000,38.106660000,127.262700000,38.106762402,127.262613315,38.106327000,127.262620000,38.106333964,127.262807434,38.106340000,127.262350000,38.106234987,127.262451348,38.106667000,127.262436000,38.106655967,127.262268576
655,655,826430772027,130.998,4.400000,38.105194000,127.258100000,747.000000,867.241025,1639.878442,772.637417,89.091428,0.781731,13.696627,16.436270,14.678759,14.716589,14.882061,16.436270,38.106495000,127.262530000,38.106495000,127.262530000,38.106660000,127.262700000,38.106762402,127.262613315,38.106327000,127.262620000,38.106333964,127.262807434,38.106340000,127.262350000,38.106234987,127.262451348,38.106667000,127.262436000,38.106655967,127.262268576
656,656,826430772218,131.189,4.400000,38.105324000,127.258194000,746.000000,849.619079,1557.747531,708.128452,83.346581,1.158370,14.272934,17.336093,15.445738,13.546329,15.150274,17.336093,38.106680000,127.262436000,38.106680000,127.262436000,38.106846000,127.262610000,38.106946146,127.262508251,38.106514000,127.262520000,38.106527186,127.262717205,38.106530000,127.262260000,38.106421819,127.262370419,38.106853000,127.262344000,38.106840431,127.262190177
657,657,826430772426,131.397,4.400000,38.105450000,127.258300000,746.000000,652.911678,1328.624846,675.713168,103.492278,0.688733,10.039085,28.504160,10.128657,27.484492,19.039099,28.504160,38.107117000,127.260350000,38.107117000,127.260350000,38.107270000,127.260260000,38.107359937,127.260268451,38.107270000,127.260480000,38.107048341,127.260642913,38.106964000,127.260440000,38.106873817,127.260424659,38.106968000,127.260220000,38.107171693,127.260042680
658,658,826430772632,131.603,4.400000,38.105450000,127.258300000,746.000000,652.911678,1328.624846,675.713168,103.492278,0.688733,10.039085,28.504160,10.128657,27.484492,19.039099,28.504160,38.107117000,127.260350000,38.107117000,127.260350000,38.107270000,127.260260000,38.107359937,127.260268451,38.107270000,127.260480000,38.107048341,127.260642913,38.106964000,127.260440000,38.106873817,127.260424659,38.106968000,127.260220000,38.107171693,127.260042680
659,659,826430772823,131.794,4.400000,38.105510000,127.258354000,746.000000,642.611846,1285.891748,643.279903,100.103960,0.915092,6.842299,23.858995,8.075966,21.888296,15.166389,23.858995,38.107460000,127.259660000,38.107460000,127.259660000,38.107613000,127.259550000,38.107614566,127.259471910,38.107620000,127.259766000,38.107524180,127.260009650,38.107310000,127.259760000,38.107293636,127.259849823,38.107304000,127.259550000,38.107401120,127.259332722
660,660,826430773030,132.001,4.400000,38.105510000,127.258354000,746.000000,642.611846,1285.891748,643.279903,100.103960,0.915092,6.842299,23.858995,8.075966,21.888296,15.166389,23.858995,38.107460000,127.259660000,38.107460000,127.259660000,38.107613000,127.259550000,38.107614566,127.259471910,38.107620000,127.259766000,38.107524180,127.260009650,38.107310000,127.259760000,38.107293636,127.259849823,38.107304000,127.259550000,38.107401120,127.259332722
661,661,826430773218,132.189,4.400000,38.105620000,127.258450000,746.000000,695.649092,1349.017511,653.368419,93.922126,0.485687,12.676315,32.463354,12.828526,32.168263,22.534114,32.463354,38.107140000,127.261450000,38.107140000,127.261450000,38.107304000,127.261375000,38.107400574,127.261451681,38.107296000,127.261604000,38.107018175,127.261716652,38.106980000,127.261530000,38.106884793,127.261447481,38.106990000,127.261310000,38.107260900,127.261182162
662,662,826430773431,132.402,4.400000,38.105620000,127.258450000,746.000000,695.649092,1349.017511,653.368419,93.922126,0.485687,12.676315,32.463354,12.828526,32.168263,22.534114,32.463354,38.107140000,127.261450000,38.107140000,127.261450000,38.107304000,127.261375000,38.107400574,127.261451681,38.107296000,127.261604000,38.107018175,127.261716652,38.106980000,127.261530000,38.106884793,127.261447481,38.106990000,127.261310000,38.107260900,127.261182162
663,663,826430773636,132.607,4.400000,38.105736000,127.258575000,746.000000,1029.883296,2330.543160,1300.659865,126.291966,2.470071,14.467211,22.471593,13.620640,18.334865,17.223577,22.471593,38.106636000,127.263855000,38.106636000,127.263855000,38.106792000,127.264084000,38.106921904,127.264079120,38.106450000,127.263930000,38.106445809,127.264186489,38.106483000,127.263630000,38.106372592,127.263697021,38.106820000,127.263790000,38.106826133,127.263580827
664,664,826430773822,132.793,4.400000,38.105736000,127.258575000,746.000000,1029.883296,2330.543160,1300.659865,126.291966,2.470071,14.467211,22.471593,13.620640,18.334865,17.223577,22.471593,38.106636000,127.263855000,38.106636000,127.263855000,38.106792000,127.264084000,38.106921904,127.264079120,38.106450000,127.263930000,38.106445809,127.264186489,38.106483000,127.263630000,38.106372592,127.263697021,38.106820000,127.263790000,38.106826133,127.263580827
665,665,826430774026,132.997,4.400000,38.105850000,127.258705000,746.000000,726.548442,1220.083445,493.535003,67.928713,0.603389,10.887075,33.420113,12.355674,32.199016,22.215470,33.420113,38.107224000,127.262024000,38.107224000,127.262024000,38.107388000,127.261950000,38.107466545,127.262024055,38.107376000,127.262184000,38.107083124,127.262267862,38.107060000,127.262090000,38.106974343,127.262000294,38.107080000,127.261856000,38.107361756,127.261772875
666,666,826430774232,133.203,4.400000,38.105850000,127.258705000,746.000000,726.548442,1220.083445,493.535003,67.928713,0.603389,10.887075,33.420113,12.355674,32.199016,22.215470,33.420113,38.107224000,127.262024000,38.107224000,127.262024000,38.107388000,127.261950000,38.107466545,127.262024055,38.107376000,127.262184000,38.107083124,127.262267862,38.107060000,127.262090000,38.106974343,127.262000294,38.107080000,127.261856000,38.107361756,127.261772875
667,667,826430774423,133.394,4.400000,38.105957000,127.258835000,746.000000,614.351837,1289.236050,674.884213,109.853047,1.483915,7.368378,23.274925,8.510688,21.531382,15.171343,23.274925,38.107746000,127.260040000,38.107746000,127.260040000,38.107900000,127.259940000,38.107912353,127.259857356,38.107900000,127.260150000,38.107779001,127.260366703,38.107597000,127.260130000,38.107556492,127.260212404,38.107594000,127.259926000,38.107689884,127.259712516
668,668,826430774630,133.601,4.400000,38.106007000,127.258900000,746.000000,645.759606,1331.745112,685.985506,106.229237,0.085690,11.121981,28.968445,10.783292,28.539834,19.853388,28.968445,38.107655000,127.261070000,38.107655000,127.261070000,38.107810000,127.260980000,38.107907407,127.261008247,38.107807000,127.261200000,38.107579049,127.261359529,38.107502000,127.261154000,38.107407236,127.261128479,38.107506000,127.260940000,38.107728233,127.260777536
669,669,826430774821,133.792,4.400000,38.106007000,127.258900000,746.000000,645.759606,1331.745112,685.985506,106.229237,0.085690,11.121981,28.968445,10.783292,28.539834,19.853388,28.968445,38.107655000,127.261070000,38.107655000,127.261070000,38.107810000,127.260980000,38.107907407,127.261008247,38.107807000,127.261200000,38.107579049,127.261359529,38.107502000,127.261154000,38.107407236,127.261128479,38.107506000,127.260940000,38.107728233,127.260777536
670,670,826430775027,133.998,4.400000,38.106110000,127.259040000,746.000000,844.026285,1731.410455,887.384170,105.137030,0.959871,21.459303,35.537610,16.929601,34.955227,27.220435,35.537610,38.107162000,127.263250000,38.107162000,127.263250000,38.107338000,127.263180000,38.107433987,127.263392459,38.107310000,127.263450000,38.106995732,127.263521323,38.106990000,127.263320000,38.106910275,127.263155409,38.107018000,127.263070000,38.107326066,127.262992735
671,671,826430775218,134.189,4.400000,38.106110000,127.259040000,746.000000,844.026285,1731.410455,887.384170,105.137030,0.959871,21.459303,35.537610,16.929601,34.955227,27.220435,35.537610,38.107162000,127.263250000,38.107162000,127.263250000,38.107338000,127.263180000,38.107433987,127.263392459,38.107310000,127.263450000,38.106995732,127.263521323,38.106990000,127.263320000,38.106910275,127.263155409,38.107018000,127.263070000,38.107326066,127.262992735
672,672,826430775425,134.396,4.400000,38.106210000,127.259186000,746.000000,837.100743,2099.823844,1262.723101,150.844819,3.049870,30.916614,36.046624,19.055574,34.649552,30.167091,36.046624,38.107380000,127.263336000,38.107380000,127.263336000,38.107550000,127.263260000,38.107690420,127.263564522,38.107536000,127.263520000,38.107222919,127.263625066,38.107210000,127.263410000,38.107118527,127.263226117,38.107230000,127.263150000,38.107532139,127.263054927
673,673,826430775631,134.602,4.400000,38.106210000,127.259186000,746.000000,837.100743,2099.823844,1262.723101,150.844819,3.049870,30.916614,36.046624,19.055574,34.649552,30.167091,36.046624,38.107380000,127.263336000,38.107380000,127.263336000,38.107550000,127.263260000,38.107690420,127.263564522,38.107536000,127.263520000,38.107222919,127.263625066,38.107210000,127.263410000,38.107118527,127.263226117,38.107230000,127.263150000,38.107532139,127.263054927
674,674,826430775836,134.807,4.400000,38.106300000,127.259330000,747.000000,613.267395,1270.458792,657.191397,107.162292,0.940018,8.245900,25.353808,8.527871,25.258873,16.846613,25.353808,38.107998000,127.260680000,38.107998000,127.260680000,38.108143000,127.260580000,38.108205697,127.260529868,38.108154000,127.260790000,38.107988370,127.260988682,38.107853000,127.260790000,38.107779923,127.260819216,38.107845000,127.260580000,38.107999649,127.260368981
675,675,826430776069,135.040,4.400000,38.106390000,127.259476000,747.000000,651.704777,1192.990879,541.286103,83.056949,0.281540,13.236361,31.035123,11.520859,31.122745,21.728772,31.122745,38.107964000,127.261770000,38.107964000,127.261770000,38.108116000,127.261670000,38.108222480,127.261737253,38.108124000,127.261894000,38.107864793,127.262024459,38.107815000,127.261860000,38.107719077,127.261810620,38.107807000,127.261650000,38.108063751,127.261509371
676,676,826430776220,135.191,4.400000,38.106390000,127.259476000,747.000000,651.704777,1192.990879,541.286103,83.056949,0.281540,13.236361,31.035123,11.520859,31.122745,21.728772,31.122745,38.107964000,127.261770000,38.107964000,127.261770000,38.108116000,127.261670000,38.108222480,127.261737253,38.108124000,127.261894000,38.107864793,127.262024459,38.107815000,127.261860000,38.107719077,127.261810620,38.107807000,127.261650000,38.108063751,127.261509371
677,677,826430776426,135.397,4.400000,38.106390000,127.259476000,747.000000,651.704777,1192.990879,541.286103,83.056949,0.281540,13.236361,31.035123,11.520859,31.122745,21.728772,31.122745,38.107964000,127.261770000,38.107964000,127.261770000,38.108116000,127.261670000,38.108222480,127.261737253,38.108124000,127.261894000,38.107864793,127.262024459,38.107815000,127.261860000,38.107719077,127.261810620,38.107807000,127.261650000,38.108063751,127.261509371
678,678,826430776632,135.603,4.400000,38.106476000,127.259630000,747.000000,906.087205,2130.880372,1224.793167,135.173873,2.396092,14.233866,17.596288,15.607998,15.035643,15.618449,17.596288,38.107380000,127.264310000,38.107380000,127.264310000,38.107536000,127.264510000,38.107649631,127.264435488,38.107204000,127.264390000,38.107188176,127.264589879,38.107230000,127.264120000,38.107098659,127.264057634,38.107555000,127.264230000,38.107571770,127.264059673
679,679,826430776824,135.795,4.400000,38.106560000,127.259790000,747.000000,751.093796,2016.465096,1265.371299,168.470477,1.420650,24.516880,34.992726,20.476392,33.299914,28.321478,34.992726,38.107910000,127.263100000,38.107910000,127.263100000,38.108070000,127.263000000,38.108209288,127.263216812,38.108074000,127.263245000,38.107799565,127.263439817,38.107754000,127.263200000,38.107639727,127.263016813,38.107754000,127.262960000,38.108022284,127.262791841
680,680,826430777031,136.002,4.400000,38.106560000,127.259790000,747.000000,751.093796,2016.465096,1265.371299,168.470477,1.420650,24.516880,34.992726,20.476392,33.299914,28.321478,34.992726,38.107910000,127.263100000,38.107910000,127.263100000,38.108070000,127.263000000,38.108209288,127.263216812,38.108074000,127.263245000,38.107799565,127.263439817,38.107754000,127.263200000,38.107639727,127.263016813,38.107754000,127.262960000,38.108022284,127.262791841
681,681,826430777221,136.192,4.400000,38.106600000,127.259865000,747.000000,651.137492,1255.817413,604.679921,92.865167,0.784335,14.923598,30.971240,13.305355,31.825235,22.756357,31.825235,38.108160000,127.262030000,38.108160000,127.262030000,38.108303000,127.261920000,38.108421943,127.261998599,38.108326000,127.262140000,38.108080374,127.262306064,38.108020000,127.262146000,38.107915724,127.262071758,38.107998000,127.261930000,38.108255415,127.261771922
682,682,826430777428,136.399,4.400000,38.106600000,127.259865000,747.000000,651.137492,1255.817413,604.679921,92.865167,0.784335,14.923598,30.971240,13.305355,31.825235,22.756357,31.825235,38.108160000,127.262030000,38.108160000,127.262030000,38.108303000,127.261920000,38.108421943,127.261998599,38.108326000,127.262140000,38.108080374,127.262306064,38.108020000,127.262146000,38.107915724,127.262071758,38.107998000,127.261930000,38.108255415,127.261771922
683,683,826430777619,136.590,4.400000,38.106680000,127.260025000,747.000000,637.055136,1285.817368,648.762232,101.837689,0.753631,14.700073,31.683069,15.135624,30.936775,23.113885,31.683069,38.108440000,127.261734000,38.108440000,127.261734000,38.108562000,127.261590000,38.108689083,127.261635608,38.108616000,127.261800000,38.108386108,127.262013248,38.108322000,127.261880000,38.108193809,127.261822406,38.108273000,127.261670000,38.108485959,127.261443073
684,684,826430777828,136.799,4.400000,38.106680000,127.260025000,747.000000,637.055136,1285.817368,648.762232,101.837689,0.753631,14.700073,31.683069,15.135624,30.936775,23.113885,31.683069,38.108440000,127.261734000,38.108440000,127.261734000,38.108562000,127.261590000,38.108689083,127.261635608,38.108616000,127.261800000,38.108386108,127.262013248,38.108322000,127.261880000,38.108193809,127.261822406,38.108273000,127.261670000,38.108485959,127.261443073
685,685,826430778017,136.988,4.400000,38.106760000,127.260185000,748.000000,782.675914,1637.281380,854.605466,109.190209,0.802144,13.581372,14.427051,12.895624,15.096529,14.000144,15.096529,38.107937000,127.263900000,38.107937000,127.263900000,38.108100000,127.264046000,38.108200336,127.263957790,38.107780000,127.264010000,38.107778936,127.264174702,38.107777000,127.263756000,38.107671724,127.263817433,38.108093000,127.263794000,38.108088992,127.263621724
686,686,826430778222,137.193,4.400000,38.106830000,127.260345000,748.000000,841.773411,1503.739885,661.966474,78.639509,0.318742,13.435450,13.720750,12.686791,12.466726,13.077429,13.720750,38.108047000,127.264380000,38.108047000,127.264380000,38.108220000,127.264530000,38.108303764,127.264419569,38.107890000,127.264500000,38.107883899,127.264656453,38.107880000,127.264240000,38.107788038,127.264325552,38.108204000,127.264260000,38.108210385,127.264117904
687,687,826430778429,137.400,4.400000,38.106830000,127.260345000,748.000000,841.773411,1503.739885,661.966474,78.639509,0.318742,13.435450,13.720750,12.686791,12.466726,13.077429,13.720750,38.108047000,127.264380000,38.108047000,127.264380000,38.108220000,127.264530000,38.108303764,127.264419569,38.107890000,127.264500000,38.107883899,127.264656453,38.107880000,127.264240000,38.107788038,127.264325552,38.108204000,127.264260000,38.108210385,127.264117904
688,688,826430778619,137.590,4.400000,38.106870000,127.260430000,748.000000,699.455315,1635.197541,935.742226,133.781559,1.972130,12.933211,14.386876,12.887345,16.165167,14.093150,16.165167,38.108310000,127.263275000,38.108310000,127.263275000,38.108486000,127.263374000,38.108570647,127.263272862,38.108177000,127.263410000,38.108198846,127.263571887,38.108143000,127.263180000,38.108032764,127.263224942,38.108448000,127.263145000,38.108409413,127.262967083
689,689,826430778826,137.797,4.400000,38.106870000,127.260430000,748.000000,699.455315,1635.197541,935.742226,133.781559,1.972130,12.933211,14.386876,12.887345,16.165167,14.093150,16.165167,38.108310000,127.263275000,38.108310000,127.263275000,38.108486000,127.263374000,38.108570647,127.263272862,38.108177000,127.263410000,38.108198846,127.263571887,38.108143000,127.263180000,38.108032764,127.263224942,38.108448000,127.263145000,38.108409413,127.262967083
690,690,826430779032,138.003,4.400000,38.106934000,127.260580000,748.000000,614.986963,1295.594799,680.607836,110.670287,0.180958,12.428820,12.409596,12.783811,12.133559,12.438946,12.783811,38.108746000,127.261500000,38.108746000,127.261500000,38.108917000,127.261450000,38.108948515,127.261313873,38.108700000,127.261696000,38.108774872,127.261800966,38.108578000,127.261540000,38.108543086,127.261679041,38.108790000,127.261300000,38.108715211,127.261199228
691,691,826430779222,138.193,4.400000,38.106934000,127.260580000,748.000000,614.986963,1295.594799,680.607836,110.670287,0.180958,12.428820,12.409596,12.783811,12.133559,12.438946,12.783811,38.108746000,127.261500000,38.108746000,127.261500000,38.108917000,127.261450000,38.108948515,127.261313873,38.108700000,127.261696000,38.108774872,127.261800966,38.108578000,127.261540000,38.108543086,127.261679041,38.108790000,127.261300000,38.108715211,127.261199228
692,692,826430779430,138.401,4.400000,38.107002000,127.260740000,748.000000,683.515253,1435.654352,752.139099,110.039841,0.799454,11.967406,12.568912,11.231937,13.264281,12.258134,13.264281,38.108597000,127.263145000,38.108597000,127.263145000,38.108780000,127.263200000,38.108846248,127.263092397,38.108490000,127.263310000,38.108514936,127.263449952,38.108420000,127.263100000,38.108344264,127.263184727,38.108704000,127.262980000,38.108670276,127.262834757
693,693,826430779621,138.592,4.400000,38.107002000,127.260740000,748.000000,683.515253,1435.654352,752.139099,110.039841,0.799454,11.967406,12.568912,11.231937,13.264281,12.258134,13.264281,38.108597000,127.263145000,38.108597000,127.263145000,38.108780000,127.263200000,38.108846248,127.263092397,38.108490000,127.263310000,38.108514936,127.263449952,38.108420000,127.263100000,38.108344264,127.263184727,38.108704000,127.262980000,38.108670276,127.262834757
694,694,826430779823,138.794,4.400000,38.107070000,127.260910000,748.000000,897.229814,1713.478788,816.248974,90.974348,0.940129,10.795149,15.658323,11.374979,12.980962,12.702353,15.658323,38.108080000,127.265320000,38.108080000,127.265320000,38.108257000,127.265460000,38.108336028,127.265388574,38.107930000,127.265465000,38.107908738,127.265641711,38.107906000,127.265180000,38.107827844,127.265263657,38.108230000,127.265180000,38.108249952,127.265033987
695,695,826430780027,138.998,4.400000,38.107070000,127.260910000,748.000000,897.229814,1713.478788,816.248974,90.974348,0.940129,10.795149,15.658323,11.374979,12.980962,12.702353,15.658323,38.108080000,127.265320000,38.108080000,127.265320000,38.108257000,127.265460000,38.108336028,127.265388574,38.107930000,127.265465000,38.107908738,127.265641711,38.107906000,127.265180000,38.107827844,127.265263657,38.108230000,127.265180000,38.108249952,127.265033987
696,696,826430780218,139.189,4.400000,38.107136000,127.261080000,749.000000,735.778100,1288.978416,553.200317,75.185755,0.395052,9.749695,9.196699,10.356630,8.994103,9.574282,10.356630,38.108620000,127.263980000,38.108620000,127.263980000,38.108803000,127.264030000,38.108866802,127.263953744,38.108513000,127.264150000,38.108500011,127.264253690,38.108440000,127.263920000,38.108371855,127.264000497,38.108730000,127.263800000,38.108733778,127.263697429
697,697,826430780421,139.392,4.400000,38.107170000,127.261160000,749.000000,652.847213,1342.484845,689.637632,105.635380,0.279502,9.412344,9.709298,9.417518,10.327499,9.716665,10.327499,38.108875000,127.262955000,38.108875000,127.262955000,38.109055000,127.262930000,38.109112230,127.262850898,38.108818000,127.263160000,38.108836801,127.263268243,38.108704000,127.262985000,38.108644163,127.263061006,38.108936000,127.262760000,38.108912658,127.262645886
698,698,826430780623,139.594,4.400000,38.107170000,127.261160000,749.000000,652.847213,1342.484845,689.637632,105.635380,0.279502,9.412344,9.709298,9.417518,10.327499,9.716665,10.327499,38.108875000,127.262955000,38.108875000,127.262955000,38.109055000,127.262930000,38.109112230,127.262850898,38.108818000,127.263160000,38.108836801,127.263268243,38.108704000,127.262985000,38.108644163,127.263061006,38.108936000,127.262760000,38.108912658,127.262645886
699,699,826430780827,139.798,4.400000,38.107235000,127.261330000,749.000000,656.939516,1318.307807,661.368292,100.674153,0.510891,9.013185,8.224396,8.990423,9.237211,8.866304,9.237211,38.109200000,127.262710000,38.109200000,127.262710000,38.109364000,127.262630000,38.109413755,127.262548820,38.109190000,127.262930000,38.109202594,127.263022522,38.109043000,127.262794000,38.108986765,127.262867671,38.109210000,127.262500000,38.109192197,127.262396996
700,700,826430781030,140.001,4.400000,38.107235000,127.261330000,749.000000,656.939516,1318.307807,661.368292,100.674153,0.510891,9.013185,8.224396,8.990423,9.237211,8.866304,9.237211,38.109200000,127.262710000,38.109200000,127.262710000,38.109364000,127.262630000,38.109413755,127.262548820,38.109190000,127.262930000,38.109202594,127.263022522,38.109043000,127.262794000,38.108986765,127.262867671,38.109210000,127.262500000,38.109192197,127.262396996
701,701,826430781232,140.203,4.400000,38.107300000,127.261500000,749.000000,777.022484,1430.324147,653.301663,84.077575,0.432838,7.498033,9.720152,7.905110,9.855254,8.744637,9.855254,38.108670000,127.264890000,38.108670000,127.264890000,38.108860000,127.264940000,38.108916363,127.264893131,38.108566000,127.265080000,38.108542105,127.265186736,38.108486000,127.264840000,38.108422218,127.264879678,38.108776000,127.264710000,38.108794173,127.264599881
702,702,826430781419,140.390,4.400000,38.107300000,127.261500000,749.000000,777.022484,1430.324147,653.301663,84.077575,0.432838,7.498033,9.720152,7.905110,9.855254,8.744637,9.855254,38.108670000,127.264890000,38.108670000,127.264890000,38.108860000,127.264940000,38.108916363,127.264893131,38.108566000,127.265080000,38.108542105,127.265186736,38.108486000,127.264840000,38.108422218,127.264879678,38.108776000,127.264710000,38.108794173,127.264599881
703,703,826430781633,140.604,4.400000,38.107365000,127.261665000,749.000000,820.971962,1563.160853,742.188891,90.403683,0.317762,7.367264,9.702946,7.747062,9.300513,8.529446,9.702946,38.108776000,127.265350000,38.108776000,127.265350000,38.108967000,127.265390000,38.109031587,127.265371649,38.108673000,127.265550000,38.108642902,127.265653962,38.108590000,127.265305000,38.108522368,127.265325850,38.108880000,127.265150000,38.108902188,127.265047631
704,704,826430781854,140.825,4.400000,38.107430000,127.261840000,749.000000,649.381727,1226.178765,576.797037,88.822493,0.464763,7.860780,7.717746,7.869974,8.572885,8.005346,8.572885,38.109330000,127.263220000,38.109330000,127.263220000,38.109478000,127.263110000,38.109537493,127.263061655,38.109344000,127.263440000,38.109324628,127.263524602,38.109184000,127.263336000,38.109119832,127.263373713,38.109314000,127.263010000,38.109333932,127.262915460
705,705,826430782020,140.991,4.400000,38.107430000,127.261840000,749.000000,649.381727,1226.178765,576.797037,88.822493,0.464763,7.860780,7.717746,7.869974,8.572885,8.005346,8.572885,38.109330000,127.263220000,38.109330000,127.263220000,38.109478000,127.263110000,38.109537493,127.263061655,38.109344000,127.263440000,38.109324628,127.263524602,38.109184000,127.263336000,38.109119832,127.263373713,38.109314000,127.263010000,38.109333932,127.262915460
706,706,826430782226,141.197,4.400000,38.107460000,127.261925000,749.000000,647.146104,1232.788947,585.642843,90.496232,0.079441,8.573715,8.015204,8.688523,8.598359,8.468950,8.688523,38.109642000,127.262370000,38.109642000,127.262370000,38.109740000,127.262190000,38.109799726,127.262128197,38.109722000,127.262566000,38.109716411,127.262657232,38.109543000,127.262540000,38.109487087,127.262609211,38.109560000,127.262180000,38.109564585,127.262082007
707,707,826430782430,141.401,4.400000,38.107460000,127.261925000,749.000000,647.146104,1232.788947,585.642843,90.496232,0.079441,8.573715,8.015204,8.688523,8.598359,8.468950,8.688523,38.109642000,127.262370000,38.109642000,127.262370000,38.109740000,127.262190000,38.109799726,127.262128197,38.109722000,127.262566000,38.109716411,127.262657232,38.109543000,127.262540000,38.109487087,127.262609211,38.109560000,127.262180000,38.109564585,127.262082007
708,708,826430782618,141.589,4.400000,38.107525000,127.262090000,750.000000,727.358000,1345.680747,618.322747,85.009410,0.393709,6.868755,8.694244,6.515819,8.701745,7.695141,8.701745,38.109158000,127.264885000,38.109158000,127.264885000,38.109333000,127.264850000,38.109394012,127.264838297,38.109108000,127.265114000,38.109078009,127.265205651,38.108982000,127.264920000,38.108924817,127.264935883,38.109203000,127.264670000,38.109241303,127.264583398
709,709,826430782823,141.794,4.400000,38.107525000,127.262090000,750.000000,727.358000,1345.680747,618.322747,85.009410,0.393709,6.868755,8.694244,6.515819,8.701745,7.695141,8.701745,38.109158000,127.264885000,38.109158000,127.264885000,38.109333000,127.264850000,38.109394012,127.264838297,38.109108000,127.265114000,38.109078009,127.265205651,38.108982000,127.264920000,38.108924817,127.264935883,38.109203000,127.264670000,38.109241303,127.264583398
710,710,826430783028,141.999,4.400000,38.107590000,127.262260000,750.000000,861.019118,1708.822909,847.803792,98.465153,0.236714,9.030132,9.559969,8.734731,8.974232,9.074766,9.559969,38.109050000,127.266300000,38.109050000,127.266300000,38.109245000,127.266310000,38.109319965,127.266349388,38.108967000,127.266525000,38.108906670,127.266602676,38.108860000,127.266290000,38.108786626,127.266254664,38.109135000,127.266075000,38.109185338,127.265994972
711,711,826430783217,142.188,4.400000,38.107590000,127.262260000,750.000000,861.019118,1708.822909,847.803792,98.465153,0.236714,9.030132,9.559969,8.734731,8.974232,9.074766,9.559969,38.109050000,127.266300000,38.109050000,127.266300000,38.109245000,127.266310000,38.109319965,127.266349388,38.108967000,127.266525000,38.108906670,127.266602676,38.108860000,127.266290000,38.108786626,127.266254664,38.109135000,127.266075000,38.109185338,127.265994972
712,712,826430783423,142.394,4.400000,38.107655000,127.262430000,750.000000,688.634204,1149.257686,460.623482,66.889428,0.080598,8.032915,8.858846,8.307139,8.987122,8.546505,8.987122,38.109642000,127.264140000,38.109642000,127.264140000,38.109783000,127.264010000,38.109855092,127.264005980,38.109670000,127.264360000,38.109613854,127.264431677,38.109500000,127.264270000,38.109425404,127.264267384,38.109610000,127.263916000,38.109670761,127.263848439
713,713,826430783631,142.602,4.400000,38.107723000,127.262596000,750.000000,703.192406,1171.906261,468.713855,66.655136,0.364110,8.643924,8.683807,8.959933,9.126693,8.853589,9.126693,38.110065000,127.263420000,38.110065000,127.263420000,38.110170000,127.263245000,38.110241653,127.263206971,38.110153000,127.263626000,38.110109927,127.263708659,38.109966000,127.263600000,38.109888816,127.263629012,38.109980000,127.263220000,38.110023036,127.263131310
714,714,826430783821,142.792,4.400000,38.107723000,127.262596000,750.000000,703.192406,1171.906261,468.713855,66.655136,0.364110,8.643924,8.683807,8.959933,9.126693,8.853589,9.126693,38.110065000,127.263420000,38.110065000,127.263420000,38.110170000,127.263245000,38.110241653,127.263206971,38.110153000,127.263626000,38.110109927,127.263708659,38.109966000,127.263600000,38.109888816,127.263629012,38.109980000,127.263220000,38.110023036,127.263131310
715,715,826430784025,142.996,4.400000,38.107758000,127.262680000,750.000000,691.012232,1267.454023,576.441791,83.419911,0.221462,9.162810,9.437169,9.350370,9.019580,9.242482,9.437169,38.109756000,127.264560000,38.109756000,127.264560000,38.109898000,127.264430000,38.109979655,127.264443184,38.109790000,127.264786000,38.109738015,127.264871109,38.109620000,127.264690000,38.109536702,127.264676272,38.109726000,127.264336000,38.109781690,127.264261204
