sample_index,log_frame_index,timestamp,time_s,fov_deg,uav_lat,uav_lon,uav_alt,actual_area_m2,predicted_area_m2,area_error_m2,area_error_pct,centroid_error_m,corner_error_c1_m,corner_error_c2_m,corner_error_c3_m,corner_error_c4_m,mean_corner_error_m,max_corner_error_m,actual_center_lat,actual_center_lon,predicted_center_lat,predicted_center_lon,actual_c1_lat,actual_c1_lon,predicted_c1_lat,predicted_c1_lon,actual_c2_lat,actual_c2_lon,predicted_c2_lat,predicted_c2_lon,actual_c3_lat,actual_c3_lon,predicted_c3_lat,predicted_c3_lon,actual_c4_lat,actual_c4_lon,predicted_c4_lat,predicted_c4_lon
0,0,826609966434,0.000,4.798352,37.911613000,128.181880000,1473.000000,2533.317394,1933.308111,-600.009283,-23.684726,0.611445,7.747466,7.972972,8.380575,7.156937,7.814488,8.380575,37.910213000,128.181880000,37.910213000,128.181880000,37.910090000,128.182300000,37.910065620,128.182217378,37.909992000,128.181530000,37.910062989,128.181542048,37.910320000,128.181460000,37.910358151,128.181542260,37.910420000,128.182220000,37.910355721,128.182218394
1,1,826609966638,0.204,4.798352,37.911575000,128.181820000,1473.000000,2505.453841,1927.336005,-578.117836,-23.074376,0.259629,9.044072,8.544633,9.767287,8.827038,9.045758,9.767287,37.910187000,128.181870000,37.910187000,128.181870000,37.910090000,128.182300000,37.910047574,128.182212181,37.909954000,128.181550000,37.910030171,128.181537989,37.910270000,128.181440000,37.910324232,128.181527422,37.910416000,128.182190000,37.910337348,128.182202769
2,2,826609966841,0.407,4.798352,37.911537000,128.181760000,1474.000000,2478.567733,1927.329760,-551.237973,-22.240182,0.270320,9.720672,9.400714,10.308955,9.928205,9.839636,10.308955,37.910168000,128.181840000,37.910168000,128.181840000,37.910090000,128.182270000,37.910033834,128.182185254,37.909924000,128.181530000,37.910007178,128.181511507,37.910236000,128.181410000,37.910300517,128.181494204,37.910410000,128.182140000,37.910323857,128.182169280
3,3,826609967044,0.610,4.798352,37.911503000,128.181700000,1475.000000,2480.914618,1928.026764,-552.887854,-22.285646,1.154339,10.708129,10.143158,12.261422,11.837343,11.237513,12.261422,37.910156000,128.181800000,37.910156000,128.181800000,37.910103000,128.182220000,37.910025728,128.182147387,37.909904000,128.181500000,37.909992776,128.181473989,37.910210000,128.181350000,37.910285304,128.181451883,37.910416000,128.182080000,37.910316247,128.182126689
4,4,826609967231,0.797,4.097963,37.911465000,128.181640000,1476.000000,1840.046249,1376.317300,-463.728950,-25.202027,1.107659,7.706939,8.505905,8.391841,8.703494,8.327045,8.703494,37.909588000,128.181580000,37.909588000,128.181580000,37.909496000,128.181930000,37.909449768,128.181864683,37.909412000,128.181290000,37.909488399,128.181291630,37.909695000,128.181210000,37.909724662,128.181297840,37.909780000,128.181850000,37.909703728,128.181871788
5,5,826609967435,1.001,4.097963,37.911427000,128.181560000,1477.000000,1846.562362,1409.915761,-436.646602,-23.646458,0.587580,9.032312,9.879230,8.639456,8.867679,9.104669,9.879230,37.909016000,128.180400000,37.909016000,128.180400000,37.908850000,128.180710000,37.908824197,128.180612500,37.908875000,128.180050000,37.908962731,128.180066965,37.909172000,128.180100000,37.909207274,128.180187619,37.909130000,128.180740000,37.909051746,128.180721115
6,6,826609967638,1.204,4.097963,37.911390000,128.181500000,1477.000000,2356.784665,1889.510665,-467.274000,-19.826758,2.124820,16.397681,10.711614,12.543864,14.043071,13.424058,16.397681,37.908970000,128.179440000,37.908970000,128.179440000,37.908802000,128.179750000,37.908725906,128.179590142,37.908840000,128.179000000,37.908930818,128.179040305,37.909172000,128.179150000,37.909206298,128.179286044,37.909107000,128.179870000,37.908991160,128.179806689
7,7,826609967842,1.408,4.097963,37.911354000,128.181440000,1478.000000,2377.114504,1811.262245,-565.852260,-23.804165,0.839245,12.584873,12.534169,11.297169,13.212055,12.407066,13.212055,37.909176000,128.178570000,37.909176000,128.178570000,37.908913000,128.178800000,37.908904071,128.178657160,37.909145000,128.178150000,37.909245582,128.178214143,37.909435000,128.178360000,37.909448155,128.178487541,37.909218000,128.179020000,37.909120570,128.178934096
8,8,826609968045,1.611,4.097963,37.911312000,128.181370000,1479.000000,2288.915924,1675.058910,-613.857014,-26.818679,0.502000,11.906889,12.826282,11.216039,12.947276,12.224122,12.947276,37.909460000,128.177870000,37.909460000,128.177870000,37.909153000,128.178010000,37.909165731,128.177875395,37.909520000,128.177470000,37.909598285,128.177577152,37.909767000,128.177730000,37.909743562,128.177854200,37.909416000,128.178280000,37.909330571,128.178179965
9,9,826609968233,1.799,4.097963,37.911274000,128.181300000,1479.000000,1970.466456,1534.576779,-435.889677,-22.121142,1.753995,9.731853,6.086722,7.978199,10.351823,8.537149,10.351823,37.909813000,128.177320000,37.909813000,128.177320000,37.909485000,128.177370000,37.909527359,128.177273071,37.909946000,128.177020000,37.909985450,128.177067986,37.910137000,128.177290000,37.910091848,128.177360544,37.909687000,128.177670000,37.909637555,128.177570178
10,10,826609968436,2.002,4.097963,37.911236000,128.181240000,1480.000000,1990.498043,1542.834562,-447.663481,-22.490024,0.849070,7.521346,8.226681,8.018739,5.564842,7.332902,8.226681,37.910233000,128.176940000,37.910233000,128.176940000,37.909912000,128.176910000,37.909961527,128.176851750,37.910410000,128.176620000,37.910428639,128.176710640,37.910550000,128.176960000,37.910500821,128.177026711,37.910050000,128.177230000,37.910037028,128.177168810
11,11,826609968639,2.205,4.097963,37.911200000,128.181180000,1480.000000,2057.214361,1577.453185,-479.761177,-23.320913,1.161232,6.441046,8.382785,7.909051,6.115505,7.212097,8.382785,37.910650000,128.176530000,37.910650000,128.176530000,37.910343000,128.176440000,37.910392347,128.176401708,37.910870000,128.176220000,37.910866903,128.176315365,37.910954000,128.176590000,37.910904726,128.176654875,37.910427000,128.176800000,37.910433077,128.176730797
12,12,826609968842,2.408,4.097963,37.911156000,128.181120000,1481.000000,2203.317370,1718.008188,-485.309182,-22.026295,0.548348,6.317129,3.416559,5.613776,4.826303,5.043442,6.317129,37.911095000,128.175420000,37.911095000,128.175420000,37.910793000,128.175200000,37.910844860,128.175229203,37.911366000,128.175250000,37.911339435,128.175269482,37.911390000,128.175610000,37.911340380,128.175621406,37.910820000,128.175630000,37.910851993,128.175592914
13,13,826609969045,2.611,4.097963,37.911120000,128.181050000,1481.000000,2932.336503,2311.422148,-620.914355,-21.174731,1.139069,4.688116,4.450253,7.535778,4.390903,5.266263,7.535778,37.910940000,128.174180000,37.910940000,128.174180000,37.910633000,128.173930000,37.910671415,128.173951875,37.911236000,128.173930000,37.911196036,128.173931300,37.911236000,128.174470000,37.911201231,128.174396380,37.910650000,128.174400000,37.910689431,128.174398718
14,14,826609969234,2.800,4.097963,37.911083000,128.180980000,1481.000000,3051.274473,2190.707169,-860.567304,-28.203536,1.494829,7.038124,5.583958,8.758269,5.701180,6.770383,8.758269,37.910892000,128.173460000,37.910892000,128.173460000,37.910580000,128.173160000,37.910615116,128.173226639,37.911205000,128.173260000,37.911156078,128.173245956,37.911198000,128.173740000,37.911161723,128.173651512,37.910587000,128.173690000,37.910631633,128.173658165
15,15,826609969437,3.003,4.097963,37.911040000,128.180920000,1482.000000,3081.338960,2161.685960,-919.653000,-29.845889,2.544365,13.191438,6.132941,6.550709,6.724308,8.149849,13.191438,37.910880000,128.172500000,37.910880000,128.172500000,37.910557000,128.172100000,37.910593301,128.172242976,37.911210000,128.172350000,37.911154919,128.172351460,37.911190000,128.172780000,37.911158440,128.172717048,37.910553000,128.172640000,37.910607003,128.172674303
16,16,826609969640,3.206,4.097963,37.911003000,128.180860000,1482.000000,2695.528059,2028.465491,-667.062568,-24.747009,3.602404,7.218854,8.885027,2.635355,6.615331,6.338642,8.885027,37.911266000,128.172640000,37.911266000,128.172640000,37.910980000,128.172350000,37.910996168,128.172429598,37.911613000,128.172400000,37.911548305,128.172459249,37.911556000,128.172820000,37.911533045,128.172827337,37.910930000,128.172800000,37.910987897,128.172816978
17,17,826609969843,3.409,4.097963,37.910965000,128.180800000,1482.000000,2755.491317,2071.744210,-683.747107,-24.813982,4.334396,6.549757,11.119638,9.871284,8.207334,8.937003,11.119638,37.911740000,128.173220000,37.911740000,128.173220000,37.911472000,128.172960000,37.911487194,128.173032047,37.912080000,128.173140000,37.912035057,128.173026930,37.911990000,128.173540000,37.911989533,128.173427606,37.911385000,128.173450000,37.911452240,128.173411669
18,18,826609970031,3.597,4.097963,37.910885000,128.180660000,1483.000000,2668.315974,2119.283867,-549.032107,-20.575978,1.951471,9.002795,6.524413,4.503852,8.533292,7.141088,9.002795,37.912160000,128.173870000,37.912160000,128.173870000,37.911920000,128.173570000,37.911925258,128.173672290,37.912520000,128.173740000,37.912466944,128.173708435,37.912395000,128.174150000,37.912389146,128.174099258,37.911800000,128.174010000,37.911854053,128.174078894
19,19,826609970234,3.800,4.097963,37.910847000,128.180600000,1483.000000,3692.799424,2464.722726,-1228.076698,-33.255982,1.277288,10.966519,6.724275,13.360861,6.610935,9.415647,13.360861,37.912575000,128.174680000,37.912575000,128.174680000,37.912390000,128.174290000,37.912375339,128.174413477,37.912960000,128.174550000,37.912902122,128.174528086,37.912735000,128.175110000,37.912767611,128.174963593,37.912186000,128.174900000,37.912245047,128.174891957
20,20,826609970437,4.003,4.097963,37.910812000,128.180540000,1483.000000,3275.270283,2138.546034,-1136.724249,-34.706273,1.602362,6.724337,7.661335,13.119095,7.029862,8.633657,13.119095,37.912933000,128.174300000,37.912933000,128.174300000,37.912743000,128.173950000,37.912735116,128.174025910,37.913326000,128.174220000,37.913257400,128.174212988,37.913094000,128.174730000,37.913125844,128.174586179,37.912548000,128.174400000,37.912610987,128.174405747
21,21,826609970641,4.207,4.097963,37.910770000,128.180470000,1484.000000,2667.913300,2063.832950,-604.080350,-22.642428,2.274360,8.227319,7.726430,4.373016,8.695885,7.255663,8.695885,37.912480000,128.173680000,37.912480000,128.173680000,37.912270000,128.173370000,37.912254956,128.173461717,37.912870000,128.173550000,37.912801327,128.173537236,37.912690000,128.173980000,37.912697221,128.173931056,37.912113000,128.173750000,37.912168239,128.173820010
22,22,826609970845,4.411,4.097963,37.910732000,128.180400000,1484.000000,2821.426312,2073.175018,-748.251294,-26.520320,5.237602,17.207758,8.601352,7.732938,14.995708,12.134439,17.207758,37.911987000,128.173070000,37.911987000,128.173070000,37.911780000,128.172680000,37.911748011,128.172871689,37.912373000,128.172900000,37.912299933,128.172868149,37.912200000,128.173370000,37.912222709,128.173286789,37.911640000,128.173070000,37.911690245,128.173228422
23,23,826609971033,4.599,4.097963,37.910698000,128.180340000,1484.000000,2402.751813,1963.001386,-439.750427,-18.301950,4.322286,6.837868,15.466650,10.922134,8.490707,10.429340,15.466650,37.911520000,128.172410000,37.911520000,128.172410000,37.911290000,128.172150000,37.911268106,128.172222743,37.911877000,128.172350000,37.911818153,128.172190472,37.911740000,128.172710000,37.911771644,128.172592285,37.911160000,128.172550000,37.911235815,128.172560580
24,24,826609971236,4.802,4.097963,37.910664000,128.180280000,1484.000000,2830.836667,2150.291009,-680.545658,-24.040442,0.792885,11.694027,10.669337,12.084916,12.798711,11.811748,12.798711,37.911346000,128.171810000,37.911346000,128.171810000,37.911118000,128.171430000,37.911088974,128.171557965,37.911720000,128.171650000,37.911643830,128.171576265,37.911575000,128.172090000,37.911608690,128.171959194,37.910988000,128.171860000,37.911060944,128.171972642
25,25,826609971439,5.005,4.097963,37.910625000,128.180200000,1484.000000,3053.871482,2347.454176,-706.417306,-23.131861,3.463509,11.285584,9.427063,13.469833,16.413348,12.648957,16.413348,37.911922000,128.172260000,37.911922000,128.172260000,37.911710000,128.171950000,37.911676139,128.172071120,37.912342000,128.171950000,37.912257403,128.171954889,37.912132000,128.172560000,37.912174928,128.172416607,37.911560000,128.172300000,37.911615594,128.172473091
26,26,826609971642,5.208,4.097963,37.910590000,128.180150000,1484.000000,2739.922939,2365.424844,-374.498095,-13.668198,1.945703,10.023306,14.474943,8.546675,8.688860,10.433446,14.474943,37.912365000,128.172870000,37.912365000,128.172870000,37.912170000,128.172550000,37.912135728,128.172655537,37.912743000,128.172800000,37.912710936,128.172640275,37.912560000,128.173190000,37.912591020,128.173100982,37.911983000,128.172990000,37.912044445,128.173051010
27,27,826609971845,5.411,4.097963,37.910590000,128.180150000,1484.000000,2739.922939,2365.424844,-374.498095,-13.668198,1.945703,10.023306,14.474943,8.546675,8.688860,10.433446,14.474943,37.912365000,128.172870000,37.912365000,128.172870000,37.912170000,128.172550000,37.912135728,128.172655537,37.912743000,128.172800000,37.912710936,128.172640275,37.912560000,128.173190000,37.912591020,128.173100982,37.911983000,128.172990000,37.912044445,128.173051010
28,28,826609972032,5.598,4.097963,37.910560000,128.180070000,1484.000000,2689.360350,2254.840933,-434.519417,-16.156980,2.947068,7.893039,14.155775,7.466527,8.239170,9.438628,14.155775,37.912830000,128.173540000,37.912830000,128.173540000,37.912655000,128.173190000,37.912629819,128.173274014,37.913193000,128.173570000,37.913173752,128.173410676,37.912990000,128.173900000,37.913022658,128.173825743,37.912437000,128.173610000,37.912505320,128.173646084
29,29,826609972237,5.803,4.097963,37.910526000,128.180010000,1484.000000,3305.946804,2403.241362,-902.705442,-27.305504,2.954850,10.013331,10.754934,12.863947,6.227013,9.964806,12.863947,37.913425000,128.174530000,37.913425000,128.174530000,37.913296000,128.174130000,37.913260499,128.174234760,37.913822000,128.174560000,37.913803567,128.174439790,37.913520000,128.174990000,37.913571765,128.174859044,37.913033000,128.174550000,37.913084621,128.174577314
30,30,826609972440,6.006,4.097963,37.910492000,128.179930000,1484.000000,3517.291220,2815.320059,-701.971161,-19.957721,1.594153,4.046336,6.666502,6.944310,5.501168,5.789579,6.944310,37.913948000,128.174880000,37.913948000,128.174880000,37.913853000,128.174450000,37.913847674,128.174495576,37.914360000,128.174930000,37.914326269,128.174867279,37.914024000,128.175340000,37.914042401,128.175264447,37.913540000,128.174870000,37.913584673,128.174896781
31,31,826609972643,6.209,4.097963,37.910460000,128.179860000,1483.000000,2730.443540,2480.813710,-249.629830,-9.142464,1.278904,6.198475,12.005999,8.509297,10.233860,9.236908,12.005999,37.913574000,128.174130000,37.913574000,128.174130000,37.913420000,128.173780000,37.913400735,128.173846219,37.913982000,128.174150000,37.913977696,128.174013404,37.913710000,128.174510000,37.913745134,128.174423951,37.913193000,128.174090000,37.913212757,128.174203804
32,32,826609972847,6.413,4.097963,37.910435000,128.179800000,1483.000000,2801.489211,2502.297269,-299.191942,-10.679746,1.066381,9.774907,11.500686,6.080424,11.915074,9.817773,11.915074,37.913074000,128.173460000,37.913074000,128.173460000,37.912930000,128.173080000,37.912887935,128.173177698,37.913480000,128.173430000,37.913451690,128.173304062,37.913220000,128.173830000,37.913247491,128.173770174,37.912712000,128.173420000,37.912737937,128.173551625
33,33,826609973034,6.600,4.097963,37.910404000,128.179720000,1483.000000,3657.894929,2571.347266,-1086.547664,-29.704179,7.269645,17.585895,12.839626,6.858918,12.366022,12.412615,17.585895,37.912610000,128.172800000,37.912610000,128.172800000,37.912470000,128.172360000,37.912403324,128.172541529,37.913082000,128.172530000,37.912975747,128.172586878,37.912780000,128.173130000,37.912814131,128.173064979,37.912235000,128.172840000,37.912273244,128.172972195
34,34,826609973237,6.803,4.097963,37.910378000,128.179640000,1483.000000,3380.405908,2378.338257,-1002.067651,-29.643412,1.808469,15.506564,9.568229,18.090969,12.874340,14.010026,18.090969,37.912132000,128.172160000,37.912132000,128.172160000,37.911964000,128.171800000,37.911901638,128.171957878,37.912560000,128.171940000,37.912477909,128.171907711,37.912300000,128.172530000,37.912369012,128.172343509,37.911760000,128.172260000,37.911806139,128.172394419
35,35,826609973440,7.006,4.097963,37.910350000,128.179570000,1483.000000,3048.188774,2400.370628,-647.818146,-21.252560,5.452604,11.201395,17.030899,14.018313,9.327017,12.894406,17.030899,37.912216000,128.171690000,37.912216000,128.171690000,37.912030000,128.171400000,37.911976226,128.171507801,37.912620000,128.171600000,37.912574524,128.171414848,37.912400000,128.172010000,37.912459551,128.171869360,37.911804000,128.171940000,37.911885502,128.171915372
36,36,826609973644,7.210,4.097963,37.910324000,128.179500000,1483.000000,4054.282375,2560.922204,-1493.360171,-36.834143,9.193577,11.932963,15.230800,30.973874,9.793260,16.982724,30.973874,37.912754000,128.172180000,37.912754000,128.172180000,37.912582000,128.171840000,37.912530816,128.171959382,37.913155000,128.172150000,37.913126814,128.171980298,37.912840000,128.172740000,37.912970192,128.172428313,37.912308000,128.172410000,37.912394730,128.172391309
37,37,826609973832,7.398,4.097963,37.910300000,128.179430000,1482.000000,4573.495076,2800.186988,-1773.308088,-38.773587,8.293277,32.250401,9.547308,13.197050,12.377025,16.842946,32.250401,37.913166000,128.173050000,37.913166000,128.173050000,37.913136000,128.172420000,37.912993849,128.172739970,37.913666000,128.172850000,37.913580281,128.172846458,37.913284000,128.173460000,37.913349286,128.173334573,37.912792000,128.173030000,37.912809767,128.173169118
38,38,826609974036,7.602,4.097963,37.910275000,128.179350000,1482.000000,3335.806423,2817.627899,-518.178524,-15.533831,0.654295,10.855833,9.948459,7.749654,9.548003,9.525487,10.855833,37.913597000,128.173680000,37.913597000,128.173680000,37.913510000,128.173230000,37.913459952,128.173336089,37.914024000,128.173680000,37.914012149,128.173567723,37.913710000,128.174060000,37.913753149,128.173990753,37.913197000,128.173660000,37.913219933,128.173764759
39,39,826609974239,7.805,4.097963,37.910255000,128.179280000,1482.000000,3257.915640,2708.405475,-549.510165,-16.866924,4.504360,9.045921,6.806756,2.237710,10.570033,7.165105,10.570033,37.914062000,128.174410000,37.914062000,128.174410000,37.914005000,128.173950000,37.913964397,128.174039221,37.914486000,128.174470000,37.914427724,128.174446535,37.914140000,128.174820000,37.914144507,128.174795169,37.913692000,128.174290000,37.913686107,128.174410123
40,40,826609974442,8.008,4.097963,37.910233000,128.179180000,1482.000000,3683.747548,2961.108291,-722.639257,-19.616959,0.115638,4.083146,6.004404,4.229430,6.091896,5.102219,6.091896,37.914696000,128.175160000,37.914696000,128.175160000,37.914670000,128.174700000,37.914668442,128.174746451,37.915100000,128.175320000,37.915056790,128.175279078,37.914696000,128.175640000,37.914692615,128.175592033,37.914290000,128.175020000,37.914334165,128.175060961
41,41,826609974645,8.211,4.097963,37.910213000,128.179110000,1481.000000,3615.318596,2779.798439,-835.520157,-23.110554,1.426604,5.383701,6.079807,5.774161,7.365944,6.150903,7.365944,37.914577000,128.174550000,37.914577000,128.174550000,37.914528000,128.174090000,37.914516320,128.174149487,37.914990000,128.174680000,37.914959660,128.174622436,37.914620000,128.175000000,37.914642712,128.174940890,37.914154000,128.174450000,37.914217395,128.174474033
42,42,826609974832,8.398,4.097963,37.910194000,128.179050000,1481.000000,3436.919143,2910.849079,-526.070064,-15.306443,0.503796,6.331247,8.619789,8.407070,8.780903,8.034752,8.780903,37.914146000,128.173870000,37.914146000,128.173870000,37.914078000,128.173450000,37.914038793,128.173502224,37.914555000,128.173980000,37.914528239,128.173887899,37.914192000,128.174330000,37.914237741,128.174253828,37.913734000,128.173810000,37.913741680,128.173909508
43,43,826609975080,8.646,4.097963,37.910175000,128.178960000,1481.000000,4333.251886,2987.678032,-1345.573854,-31.052288,0.485381,21.075376,11.421875,16.006432,7.287650,13.947833,21.075376,37.913710000,128.173140000,37.913710000,128.173140000,37.913685000,128.172620000,37.913565348,128.172805972,37.914135000,128.173190000,37.914114907,128.173062464,37.913754000,128.173630000,37.913844534,128.173488407,37.913258000,128.173200000,37.913301113,128.173262445
44,44,826609975240,8.806,4.097963,37.910160000,128.178880000,1480.000000,3558.678272,2703.488306,-855.189966,-24.031112,7.607587,7.562954,17.643193,30.862208,12.075288,17.035911,30.862208,37.913277000,128.172400000,37.913277000,128.172400000,37.913130000,128.172070000,37.913086146,128.172135771,37.913670000,128.172450000,37.913679536,128.172249473,37.913284000,128.172990000,37.913448609,128.172707239,37.912872000,128.172410000,37.912898201,128.172543422
45,45,826609975443,9.009,4.097963,37.910145000,128.178800000,1480.000000,3198.532311,2498.744069,-699.788242,-21.878417,2.677659,17.170510,10.919328,13.617222,14.319962,14.006756,17.170510,37.912735000,128.171830000,37.912735000,128.171830000,37.912613000,128.171450000,37.912523437,128.171609173,37.913197000,128.171680000,37.913132207,128.171586654,37.912870000,128.172180000,37.912946845,128.172059364,37.912357000,128.171840000,37.912384774,128.171999205
46,46,826609975631,9.197,4.097963,37.910133000,128.178730000,1480.000000,3783.839641,2977.538963,-806.300679,-21.309061,6.494135,10.947078,18.009194,25.462963,9.875759,16.073748,25.462963,37.913150000,128.171650000,37.913150000,128.171650000,37.913006000,128.171330000,37.912936829,128.171418599,37.913597000,128.171600000,37.913586061,128.171395411,37.913220000,128.172150000,37.913352794,128.171913933,37.912700000,128.171780000,37.912754133,128.171869088
47,47,826609975834,9.400,4.097963,37.910120000,128.178630000,1480.000000,3689.080965,2838.895687,-850.185278,-23.045991,6.865998,29.054645,12.490183,7.102413,16.933385,16.395157,29.054645,37.913616000,128.172360000,37.913616000,128.172360000,37.913612000,128.171780000,37.913453833,128.172043162,37.914030000,128.172410000,37.914015382,128.172268994,37.913723000,128.172740000,37.913771774,128.172687865,37.913230000,128.172290000,37.913219801,128.172482376
48,48,826609976037,9.603,4.097963,37.910107000,128.178560000,1479.000000,4067.552535,2821.725983,-1245.826552,-30.628407,1.821851,10.927934,8.400016,21.463660,9.457194,12.562201,21.463660,37.914110000,128.173030000,37.914110000,128.173030000,37.914055000,128.172590000,37.913985478,128.172677850,37.914540000,128.173110000,37.914497767,128.173030737,37.914078000,128.173580000,37.914214283,128.173407117,37.913696000,128.172960000,37.913716786,128.173064411
49,49,826609976241,9.807,4.097963,37.910100000,128.178480000,1479.000000,3754.043386,2957.091570,-796.951816,-21.229158,1.676759,11.660719,7.992682,4.544703,7.518302,7.929102,11.660719,37.914627000,128.174090000,37.914627000,128.174090000,37.914673000,128.173570000,37.914599735,128.173664896,37.915035000,128.174260000,37.915013693,128.174173091,37.914642000,128.174530000,37.914669955,128.174492286,37.914246000,128.173920000,37.914267938,128.174000965
50,50,826609976444,10.010,4.097963,37.910088000,128.178390000,1479.000000,3735.397999,3077.242814,-658.155185,-17.619413,0.353200,4.665627,6.509792,4.807358,5.537346,5.380031,6.509792,37.915047000,128.174790000,37.915047000,128.174790000,37.915066000,128.174330000,37.915043643,128.174374936,37.915462000,128.175000000,37.915432551,128.174935961,37.915010000,128.175260000,37.915031255,128.175212350,37.914665000,128.174590000,37.914685063,128.174647696
51,51,826609976632,10.198,4.097963,37.910080000,128.178310000,1478.000000,4299.122898,3412.341901,-886.780997,-20.627021,0.813205,6.377677,4.731116,6.427073,5.474602,5.752617,6.427073,37.915535000,128.175380000,37.915535000,128.175380000,37.915638000,128.174870000,37.915610350,128.174933603,37.915924000,128.175640000,37.915913315,128.175587858,37.915447000,128.175870000,37.915477194,128.175807623,37.915140000,128.175140000,37.915176467,128.175181825
52,52,826609976836,10.402,4.097963,37.910072000,128.178240000,1478.000000,4636.306397,3499.814158,-1136.492239,-24.512880,0.135878,7.101650,6.686734,5.830891,7.229182,6.712114,7.229182,37.915546000,128.174800000,37.915546000,128.174800000,37.915627000,128.174290000,37.915587235,128.174353233,37.915950000,128.175050000,37.915905487,128.174998875,37.915455000,128.175310000,37.915479867,128.175251564,37.915096000,128.174600000,37.915150892,128.174643985
53,53,826609977039,10.605,4.097963,37.910065000,128.178070000,1477.000000,4693.187790,3366.713881,-1326.473909,-28.263815,2.919272,14.755564,7.411698,6.781671,5.932970,8.720476,14.755564,37.915040000,128.174150000,37.915040000,128.174150000,37.915160000,128.173580000,37.915066068,128.173698546,37.915516000,128.174300000,37.915457955,128.174258659,37.915005000,128.174620000,37.915047943,128.174565227,37.914642000,128.173970000,37.914668066,128.174028926
54,54,826609977243,10.809,4.097963,37.910060000,128.178000000,1477.000000,4370.837283,3074.651203,-1296.186079,-29.655327,2.174152,17.030489,12.318960,17.781294,8.056626,13.796842,17.781294,37.914623000,128.173390000,37.914623000,128.173390000,37.914660000,128.172880000,37.914547052,128.173010796,37.915024000,128.173570000,37.915046021,128.173432535,37.914540000,128.173920000,37.914667057,128.173797297,37.914200000,128.173260000,37.914232468,128.173341988
55,55,826609977445,11.011,4.097963,37.910060000,128.177920000,1476.000000,3793.125098,2737.777939,-1055.347159,-27.822630,1.350871,14.052996,10.523601,20.466943,12.810059,14.463400,20.466943,37.914143000,128.172700000,37.914143000,128.172700000,37.914130000,128.172230000,37.914037596,128.172339023,37.914550000,128.172820000,37.914539967,128.172700850,37.914104000,128.173200000,37.914249601,128.173057697,37.913757000,128.172560000,37.913762087,128.172705719
56,56,826609977633,11.199,4.097963,37.910057000,128.177840000,1476.000000,4035.757530,2885.808733,-1149.948797,-28.494001,5.517161,24.601414,9.670987,11.730481,13.182593,14.796369,24.601414,37.913610000,128.172070000,37.913610000,128.172070000,37.913630000,128.171540000,37.913473104,128.171737279,37.914078000,128.172060000,37.914015469,128.171983555,37.913660000,128.172490000,37.913742640,128.172407126,37.913208000,128.172030000,37.913213174,128.172179959
57,57,826609977836,11.402,4.097963,37.910060000,128.177750000,1476.000000,4594.540922,3186.237176,-1408.303746,-30.651675,3.283874,26.927432,10.808986,23.713280,17.090889,19.635147,26.927432,37.913530000,128.171520000,37.913530000,128.171520000,37.913530000,128.170990000,37.913366927,128.171216456,37.914017000,128.171460000,37.913969409,128.171352722,37.913525000,128.172030000,37.913680589,128.171845579,37.913113000,128.171510000,37.913108745,128.171704528
58,58,826609978039,11.605,4.097963,37.910060000,128.177670000,1475.000000,4793.404991,3357.842958,-1435.562033,-29.948691,3.927750,16.440539,12.766644,26.099930,9.803137,16.277562,26.099930,37.914143000,128.172000000,37.914143000,128.172000000,37.914160000,128.171480000,37.914048859,128.171603280,37.914570000,128.172090000,37.914572060,128.171944656,37.914055000,128.172580000,37.914235422,128.172390211,37.913690000,128.171970000,37.913728896,128.172070145
59,59,826609978244,11.810,4.097963,37.910065000,128.177600000,1475.000000,4439.079821,3055.328771,-1383.751051,-31.172025,2.509589,25.514390,11.258499,13.832219,10.442051,15.261790,25.514390,37.914570000,128.172780000,37.914570000,128.172780000,37.914692000,128.172180000,37.914518109,128.172369261,37.914990000,128.172930000,37.914995619,128.172802003,37.914540000,128.173230000,37.914649696,128.173156019,37.914170000,128.172620000,37.914190151,128.172736123
60,60,826609978431,11.997,4.097963,37.910065000,128.177600000,1475.000000,4439.079821,3055.328771,-1383.751051,-31.172025,2.509589,25.514390,11.258499,13.832219,10.442051,15.261790,25.514390,37.914570000,128.172780000,37.914570000,128.172780000,37.914692000,128.172180000,37.914518109,128.172369261,37.914990000,128.172930000,37.914995619,128.172802003,37.914540000,128.173230000,37.914649696,128.173156019,37.914170000,128.172620000,37.914190151,128.172736123
61,61,826609978635,12.201,4.097963,37.910070000,128.177520000,1474.000000,4706.580116,3334.640999,-1371.939117,-29.149384,1.335782,16.245876,8.201770,17.635726,11.381737,13.366277,17.635726,37.915060000,128.173480000,37.915060000,128.173480000,37.915150000,128.172960000,37.915033293,128.173071067,37.915490000,128.173680000,37.915467050,128.173591256,37.914900000,128.174010000,37.915040850,128.173918074,37.914673000,128.173260000,37.914659835,128.173388521
62,62,826609978838,12.404,4.097963,37.910076000,128.177430000,1474.000000,4556.427256,3527.963317,-1028.463939,-22.571719,2.342284,6.545677,8.027772,11.004594,6.240272,7.954579,11.004594,37.915657000,128.174480000,37.915657000,128.174480000,37.915780000,128.174000000,37.915728597,128.174036193,37.916020000,128.174790000,37.916019798,128.174698591,37.915500000,128.174990000,37.915580037,128.174916453,37.915234000,128.174240000,37.915267693,128.174296789
63,63,826609979041,12.607,4.097963,37.910084000,128.177350000,1473.000000,4466.754974,3518.541399,-948.213574,-21.228242,2.588556,5.775550,5.144483,10.955631,6.686957,7.140655,10.955631,37.916050000,128.175220000,37.916050000,128.175220000,37.916210000,128.174710000,37.916192643,128.174771975,37.916410000,128.175550000,37.916411756,128.175491463,37.915870000,128.175690000,37.915959974,128.175639450,37.915710000,128.174880000,37.915726321,128.174953279
64,64,826609979245,12.811,4.097963,37.910090000,128.177260000,1473.000000,4773.054222,3345.168212,-1427.886010,-29.915562,1.240161,6.994649,7.351846,8.629713,9.060538,8.009186,9.060538,37.916645000,128.175600000,37.916645000,128.175600000,37.916830000,128.175100000,37.916788875,128.175160218,37.916950000,128.176000000,37.916906676,128.175936816,37.916440000,128.176090000,37.916501464,128.176030116,37.916267000,128.175230000,37.916334375,128.175287883
65,65,826609979432,12.998,4.097963,37.910100000,128.177190000,1473.000000,4923.971384,3620.430384,-1303.541000,-26.473367,3.846707,15.191736,7.567982,5.690272,7.067477,8.879367,15.191736,37.916310000,128.174850000,37.916310000,128.174850000,37.916534000,128.174320000,37.916415206,128.174405143,37.916687000,128.175200000,37.916644723,128.175132514,37.916134000,128.175340000,37.916171660,128.175296188,37.915970000,128.174510000,37.915961829,128.174589807
66,66,826609979635,13.201,4.097963,37.910110000,128.177110000,1472.000000,4621.473709,3557.881614,-1063.592095,-23.014133,3.703798,16.747880,7.939237,7.275182,10.702196,10.666124,16.747880,37.915890000,128.174120000,37.915890000,128.174120000,37.916103000,128.173570000,37.915973150,128.173666316,37.916252000,128.174440000,37.916245123,128.174350019,37.915750000,128.174600000,37.915808100,128.174562067,37.915550000,128.173810000,37.915511480,128.173921654
67,67,826609979839,13.405,4.097963,37.910122000,128.177030000,1472.000000,4977.305727,3562.684526,-1414.621202,-28.421425,3.872412,17.720266,15.522865,21.988648,8.218872,15.862663,21.988648,37.915510000,128.173390000,37.915510000,128.173390000,37.915690000,128.172840000,37.915551542,128.172939557,37.915836000,128.173700000,37.915908568,128.173549067,37.915290000,128.173930000,37.915470555,128.173828462,37.915100000,128.173160000,37.915115752,128.173251431
68,68,826609980042,13.608,4.097963,37.910133000,128.176960000,1471.000000,4900.305853,3386.101539,-1514.204313,-30.900200,2.335027,28.710559,12.632188,17.120377,11.149275,17.403100,28.710559,37.914950000,128.172730000,37.914950000,128.172730000,37.915150000,128.172130000,37.914934270,128.172309164,37.915400000,128.172900000,37.915427047,128.172760308,37.914864000,128.173200000,37.915002023,128.173114006,37.914562000,128.172530000,37.914557656,128.172656833
69,69,826609980245,13.811,4.097963,37.910150000,128.176880000,1471.000000,4267.604603,3215.174781,-1052.429822,-24.660903,6.398482,10.251258,17.021505,31.914990,14.722760,18.477628,31.914990,37.914516000,128.171950000,37.914516000,128.171950000,37.914547000,128.171510000,37.914458724,128.171543239,37.914890000,128.172150000,37.914930932,128.171963258,37.914330000,128.172560000,37.914566753,128.172355052,37.914135000,128.171780000,37.914118467,128.171946326
70,70,826609980433,13.999,4.097963,37.910164000,128.176800000,1470.000000,3822.503401,3217.715501,-604.787899,-15.821775,3.578011,24.880607,18.226667,16.984058,23.178923,20.817564,24.880607,37.914143000,128.171360000,37.914143000,128.171360000,37.914227000,128.170800000,37.914051043,128.170974692,37.914510000,128.171520000,37.914554654,128.171320330,37.914100000,128.171810000,37.914239555,128.171731843,37.913776000,128.171200000,37.913718461,128.171453649
71,71,826609980636,14.202,1.219501,37.910180000,128.176730000,1470.000000,383.674263,273.818004,-109.856259,-28.632689,1.306342,6.297922,5.598067,6.010242,1.537826,4.861014,6.297922,37.914803000,128.172710000,37.914803000,128.172710000,37.914850000,128.172560000,37.914798281,128.172589067,37.914913000,128.172790000,37.914926507,128.172728600,37.914772000,128.172870000,37.914813149,128.172825694,37.914690000,128.172670000,37.914687174,128.172687140
72,72,826609980839,14.405,0.609750,37.910202000,128.176640000,1469.000000,92.533508,70.270543,-22.262965,-24.059355,0.226083,2.585944,1.857778,2.832812,1.791151,2.266921,2.832812,37.914790000,128.172710000,37.914790000,128.172710000,37.914810000,128.172640000,37.914788112,128.172649863,37.914845000,128.172740000,37.914850602,128.172720074,37.914772000,128.172790000,37.914791926,128.172769938,37.914734000,128.172680000,37.914730237,128.172699829
73,73,826609981042,14.608,0.609750,37.910217000,128.176560000,1469.000000,90.040514,69.657819,-20.382695,-22.637248,0.228000,2.765541,1.862812,2.988362,1.815870,2.358146,2.988362,37.914803000,128.172710000,37.914803000,128.172710000,37.914825000,128.172640000,37.914801460,128.172650067,37.914856000,128.172740000,37.914863244,128.172720879,37.914783000,128.172790000,37.914804571,128.172769745,37.914750000,128.172680000,37.914743605,128.172699022
74,74,826609981231,14.797,0.609750,37.910236000,128.176500000,1468.000000,90.333821,68.856688,-21.477133,-23.775296,0.242325,2.947053,1.721764,2.328825,2.530285,2.381982,2.947053,37.914790000,128.172710000,37.914790000,128.172710000,37.914814000,128.172640000,37.914788790,128.172650246,37.914845000,128.172740000,37.914849682,128.172721315,37.914772000,128.172780000,37.914791234,128.172769570,37.914734000,128.172670000,37.914731164,128.172698586
75,75,826609981434,15.000,0.609750,37.910260000,128.176420000,1468.000000,88.965127,67.947311,-21.017816,-23.624781,0.745656,3.219109,2.499432,2.779771,1.716918,2.553807,3.219109,37.914790000,128.172700000,37.914790000,128.172700000,37.914818000,128.172640000,37.914789085,128.172640460,37.914845000,128.172740000,37.914849062,128.172712010,37.914772000,128.172780000,37.914790934,128.172759363,37.914738000,128.172670000,37.914731782,128.172687891
76,76,826609981638,15.204,0.609750,37.910282000,128.176330000,1467.000000,99.425862,67.055842,-32.370020,-32.556942,0.406244,3.654070,2.420624,2.755916,1.627594,2.614551,3.654070,37.914790000,128.172700000,37.914790000,128.172700000,37.914818000,128.172620000,37.914789536,128.172640723,37.914845000,128.172740000,37.914848462,128.172712789,37.914772000,128.172780000,37.914790473,128.172759109,37.914738000,128.172670000,37.914732385,128.172687112
77,77,826609981841,15.407,0.609750,37.910305000,128.176270000,1467.000000,85.347864,66.376945,-18.970918,-22.227760,0.585551,3.639459,1.504798,2.031341,1.662191,2.209447,3.639459,37.914790000,128.172700000,37.914790000,128.172700000,37.914818000,128.172620000,37.914789776,128.172640917,37.914845000,128.172730000,37.914848011,128.172713296,37.914772000,128.172760000,37.914790228,128.172758920,37.914740000,128.172670000,37.914732835,128.172686606
78,78,826609982044,15.610,0.609750,37.910330000,128.176200000,1466.000000,90.627113,65.568244,-25.058869,-27.650521,0.981674,3.814311,1.444474,1.997715,3.250807,2.626827,3.814311,37.914790000,128.172700000,37.914790000,128.172700000,37.914820000,128.172620000,37.914790083,128.172641174,37.914845000,128.172730000,37.914847485,128.172713857,37.914772000,128.172760000,37.914789915,128.172758669,37.914740000,128.172650000,37.914733361,128.172686046
79,79,826609982231,15.797,0.609750,37.910360000,128.176120000,1466.000000,87.205371,64.745909,-22.459462,-25.754677,0.873471,3.323325,1.560905,2.519030,3.177792,2.645263,3.323325,37.914795000,128.172700000,37.914795000,128.172700000,37.914820000,128.172620000,37.914795398,128.172641436,37.914845000,128.172730000,37.914851937,128.172714554,37.914772000,128.172760000,37.914794594,128.172758414,37.914745000,128.172650000,37.914738909,128.172685351
80,80,826609982434,16.000,0.609750,37.910385000,128.176040000,1465.000000,85.738913,63.766906,-21.972007,-25.626645,0.936581,3.271132,3.137702,3.140567,1.737836,2.821809,3.271132,37.914795000,128.172680000,37.914795000,128.172680000,37.914825000,128.172620000,37.914795645,128.172621690,37.914845000,128.172730000,37.914851248,128.172695161,37.914772000,128.172760000,37.914794343,128.172738165,37.914750000,128.172650000,37.914739589,128.172664746
81,81,826609982638,16.204,0.609750,37.910410000,128.175960000,1465.000000,85.738913,63.014428,-22.724486,-26.504285,0.936455,3.229907,3.064663,3.118612,1.650916,2.766024,3.229907,37.914795000,128.172680000,37.914795000,128.172680000,37.914825000,128.172620000,37.914796025,128.172621918,37.914845000,128.172730000,37.914850687,128.172695857,37.914772000,128.172760000,37.914793956,128.172737945,37.914750000,128.172650000,37.914740150,128.172664053
82,82,826609982842,16.408,0.609750,37.910442000,128.175890000,1464.000000,85.250077,62.287420,-22.962656,-26.935643,0.885085,3.207119,3.122834,3.473064,1.510177,2.828299,3.473064,37.914810000,128.172680000,37.914810000,128.172680000,37.914840000,128.172620000,37.914811244,128.172622229,37.914856000,128.172730000,37.914865266,128.172696437,37.914783000,128.172760000,37.914808733,128.172737640,37.914764000,128.172650000,37.914755573,128.172663476
83,83,826609983046,16.612,0.609750,37.910473000,128.175830000,1463.000000,75.962511,61.502782,-14.459729,-19.035348,0.528378,3.739813,3.068906,2.405649,2.549306,2.940918,3.739813,37.914810000,128.172680000,37.914810000,128.172680000,37.914845000,128.172620000,37.914811463,128.172622503,37.914856000,128.172730000,37.914864749,128.172696862,37.914787000,128.172740000,37.914808511,128.172737371,37.914770000,128.172640000,37.914756085,128.172663055
84,84,826609983233,16.799,0.609750,37.910503000,128.175750000,1463.000000,81.095124,60.631971,-20.463153,-25.233519,0.676666,4.000447,1.490559,2.916722,2.274849,2.670644,4.000447,37.914800000,128.172680000,37.914800000,128.172680000,37.914833000,128.172600000,37.914801863,128.172622742,37.914845000,128.172710000,37.914854053,128.172697495,37.914772000,128.172740000,37.914798104,128.172737135,37.914757000,128.172640000,37.914746774,128.172662426
85,85,826609983436,17.002,0.609750,37.910534000,128.175690000,1462.000000,79.042083,59.800108,-19.241975,-24.343962,0.528884,4.058694,2.160331,2.701817,1.763212,2.671014,4.058694,37.914800000,128.172670000,37.914800000,128.172670000,37.914837000,128.172600000,37.914802015,128.172613009,37.914845000,128.172710000,37.914853490,128.172687880,37.914776000,128.172740000,37.914797950,128.172726871,37.914760000,128.172640000,37.914747327,128.172652044
86,86,826609983640,17.206,0.609750,37.910572000,128.175610000,1462.000000,76.304680,59.133277,-17.171403,-22.503735,0.737767,4.267725,1.583994,2.754448,2.451404,2.764392,4.267725,37.914814000,128.172680000,37.914814000,128.172680000,37.914850000,128.172600000,37.914816363,128.172623315,37.914856000,128.172710000,37.914867031,128.172698606,37.914787000,128.172740000,37.914811596,128.172736574,37.914776000,128.172640000,37.914761790,128.172661324
87,87,826609983842,17.408,0.609750,37.910606000,128.175550000,1461.000000,80.606289,58.286719,-22.319571,-27.689614,0.551385,4.127939,2.182708,2.976328,3.354241,3.160304,4.127939,37.914814000,128.172670000,37.914814000,128.172670000,37.914852000,128.172600000,37.914816503,128.172613594,37.914856000,128.172710000,37.914866453,128.172688973,37.914787000,128.172740000,37.914811454,128.172726298,37.914780000,128.172620000,37.914762357,128.172650961
88,88,826609984046,17.612,0.609750,37.910640000,128.175480000,1460.000000,79.482014,57.411372,-22.070642,-27.768096,0.677691,4.055581,2.298525,3.040518,3.154768,3.137348,4.055581,37.914806000,128.172670000,37.914806000,128.172670000,37.914840000,128.172590000,37.914808821,128.172613888,37.914845000,128.172710000,37.914857788,128.172689452,37.914776000,128.172730000,37.914803131,128.172726007,37.914770000,128.172620000,37.914755012,128.172650487
89,89,826609984235,17.801,0.609750,37.910680000,128.175420000,1460.000000,80.313007,56.640808,-23.672198,-29.474925,0.751947,4.534464,2.231970,3.023419,3.213784,3.250909,4.534464,37.914806000,128.172670000,37.914806000,128.172670000,37.914845000,128.172590000,37.914808999,128.172614155,37.914845000,128.172710000,37.914857237,128.172689868,37.914776000,128.172730000,37.914802951,128.172725743,37.914772000,128.172620000,37.914755554,128.172650076
90,90,826609984437,18.003,0.609750,37.910750000,128.175300000,1459.000000,77.184548,55.345114,-21.839435,-28.295087,0.628689,4.273437,2.042512,2.984458,3.155710,3.114029,4.273437,37.914820000,128.172670000,37.914820000,128.172670000,37.914860000,128.172600000,37.914823401,128.172614687,37.914860000,128.172710000,37.914870318,128.172690768,37.914790000,128.172730000,37.914816543,128.172725219,37.914787000,128.172620000,37.914770464,128.172649186
91,91,826609984641,18.207,0.609750,37.910790000,128.175230000,1458.000000,74.691581,54.295626,-20.395955,-27.306900,0.286522,4.082440,3.009841,2.973121,3.021110,3.271628,4.082440,37.914810000,128.172650000,37.914810000,128.172650000,37.914850000,128.172590000,37.914813539,128.172594995,37.914845000,128.172700000,37.914859537,128.172671103,37.914780000,128.172710000,37.914806405,128.172704911,37.914776000,128.172600000,37.914761225,128.172628855
92,92,826609984844,18.410,0.609750,37.910790000,128.175230000,1458.000000,75.278160,54.333289,-20.944870,-27.823303,0.091699,3.641214,2.952489,3.415155,3.022205,3.257766,3.641214,37.914814000,128.172650000,37.914814000,128.172650000,37.914850000,128.172590000,37.914817529,128.172594996,37.914850000,128.172700000,37.914863576,128.172671119,37.914780000,128.172710000,37.914810415,128.172704911,37.914780000,128.172600000,37.914765187,128.172628839
93,93,826609985032,18.598,0.609750,37.910877000,128.175100000,1457.000000,74.496049,52.737770,-21.758279,-29.207293,0.231524,3.820689,2.820767,3.374034,3.078126,3.273404,3.820689,37.914814000,128.172650000,37.914814000,128.172650000,37.914852000,128.172590000,37.914817964,128.172595606,37.914850000,128.172700000,37.914862381,128.172671976,37.914780000,128.172710000,37.914809975,128.172704307,37.914783000,128.172600000,37.914766361,128.172627994
94,94,826609985235,18.801,0.609750,37.910877000,128.175100000,1457.000000,74.496049,52.737770,-21.758279,-29.207293,0.231524,3.820689,2.820767,3.374034,3.078126,3.273404,3.820689,37.914814000,128.172650000,37.914814000,128.172650000,37.914852000,128.172590000,37.914817964,128.172595606,37.914850000,128.172700000,37.914862381,128.172671976,37.914780000,128.172710000,37.914809975,128.172704307,37.914783000,128.172600000,37.914766361,128.172627994
95,95,826609985438,19.004,0.609750,37.910915000,128.175030000,1456.000000,70.389952,52.137953,-18.251999,-25.929836,0.036927,3.684472,3.131043,3.458204,3.077583,3.337825,3.684472,37.914830000,128.172650000,37.914830000,128.172650000,37.914867000,128.172590000,37.914834232,128.172595914,37.914860000,128.172700000,37.914877930,128.172672532,37.914795000,128.172710000,37.914825703,128.172704004,37.914800000,128.172600000,37.914782810,128.172627445
96,96,826609985642,19.208,0.609750,37.910965000,128.174970000,1455.000000,71.514248,51.165197,-20.349051,-28.454541,0.471250,3.779072,2.926750,3.412769,3.858636,3.494307,3.858636,37.914818000,128.172650000,37.914818000,128.172650000,37.914856000,128.172590000,37.914822413,128.172596261,37.914850000,128.172700000,37.914865203,128.172672811,37.914783000,128.172700000,37.914813521,128.172703658,37.914790000,128.172590000,37.914771519,128.172627171
97,97,826609985845,19.411,0.609750,37.911050000,128.174870000,1454.000000,74.838216,49.759218,-25.078999,-33.510952,0.531660,4.428790,3.588093,3.213797,3.269938,3.625154,4.428790,37.914820000,128.172640000,37.914820000,128.172640000,37.914864000,128.172580000,37.914824578,128.172586797,37.914852000,128.172700000,37.914866193,128.172663318,37.914787000,128.172700000,37.914815356,128.172693126,37.914795000,128.172590000,37.914774504,128.172616672
98,98,826609986033,19.599,0.609750,37.911050000,128.174870000,1454.000000,74.838216,49.759218,-25.078999,-33.510952,0.531660,4.428790,3.588093,3.213797,3.269938,3.625154,4.428790,37.914820000,128.172640000,37.914820000,128.172640000,37.914864000,128.172580000,37.914824578,128.172586797,37.914852000,128.172700000,37.914866193,128.172663318,37.914787000,128.172700000,37.914815356,128.172693126,37.914795000,128.172590000,37.914774504,128.172616672
99,99,826609986236,19.802,0.609750,37.911095000,128.174800000,1454.000000,64.377482,49.095071,-15.282410,-23.738751,0.227716,3.851963,2.512725,3.735767,3.194406,3.323715,3.851963,37.914825000,128.172640000,37.914825000,128.172640000,37.914864000,128.172580000,37.914829851,128.172587081,37.914852000,128.172680000,37.914870624,128.172663834,37.914787000,128.172700000,37.914820081,128.172692845,37.914800000,128.172590000,37.914780065,128.172616163
100,100,826609986440,20.006,0.609750,37.911144000,128.174740000,1453.000000,62.617728,48.358863,-14.258865,-22.771291,0.323970,3.618240,2.919472,3.940651,2.981190,3.364889,3.940651,37.914830000,128.172640000,37.914830000,128.172640000,37.914867000,128.172580000,37.914835027,128.172587411,37.914852000,128.172680000,37.914875071,128.172664191,37.914790000,128.172700000,37.914824904,128.172692518,37.914803000,128.172590000,37.914785608,128.172615813
101,101,826609986643,20.209,0.609750,37.911190000,128.174700000,1452.000000,63.937531,47.766287,-16.171245,-25.292257,0.362459,4.277715,2.400318,3.613334,3.328204,3.404893,4.277715,37.914840000,128.172640000,37.914840000,128.172640000,37.914883000,128.172580000,37.914845054,128.172587689,37.914867000,128.172680000,37.914884693,128.172664378,37.914803000,128.172700000,37.914834877,128.172692243,37.914818000,128.172590000,37.914795977,128.172615630
102,102,826609986846,20.412,0.609750,37.911240000,128.174650000,1452.000000,59.147110,47.024308,-12.122802,-20.496017,0.878123,3.611754,2.710727,3.795719,3.853593,3.492948,3.853593,37.914833000,128.172640000,37.914833000,128.172640000,37.914870000,128.172580000,37.914838169,128.172587960,37.914856000,128.172680000,37.914877109,128.172664613,37.914795000,128.172680000,37.914827763,128.172691973,37.914810000,128.172580000,37.914789545,128.172615399
103,103,826609987033,20.599,0.609750,37.911285000,128.174590000,1451.000000,59.635929,46.223463,-13.412467,-22.490581,0.903327,4.223358,3.841883,3.715280,2.974384,3.688726,4.223358,37.914833000,128.172620000,37.914833000,128.172620000,37.914875000,128.172580000,37.914838210,128.172568256,37.914856000,128.172680000,37.914876518,128.172644825,37.914795000,128.172680000,37.914827723,128.172671678,37.914814000,128.172580000,37.914790119,128.172595191
104,104,826609987238,20.804,0.609750,37.911340000,128.174550000,1450.000000,62.080021,45.515253,-16.564769,-26.682930,0.884770,4.325895,4.080779,4.158578,2.536419,3.775418,4.325895,37.914837000,128.172620000,37.914837000,128.172620000,37.914880000,128.172580000,37.914842202,128.172568562,37.914856000,128.172680000,37.914880056,128.172644939,37.914795000,128.172680000,37.914831732,128.172671374,37.914814000,128.172580000,37.914794568,128.172595080
105,105,826609987441,21.007,0.609750,37.911390000,128.174500000,1450.000000,58.658276,45.123556,-13.534720,-23.073846,0.909232,3.700223,3.031103,4.171675,3.770973,3.668494,4.171675,37.914852000,128.172640000,37.914852000,128.172640000,37.914890000,128.172580000,37.914857497,128.172588823,37.914870000,128.172680000,37.914894683,128.172665428,37.914810000,128.172680000,37.914846434,128.172691117,37.914830000,128.172580000,37.914809939,128.172614600
106,106,826609987644,21.210,0.609750,37.911438000,128.174450000,1449.000000,58.169467,44.246184,-13.923282,-23.935723,0.662927,4.287306,3.902352,3.838739,2.709198,3.684399,4.287306,37.914840000,128.172620000,37.914840000,128.172620000,37.914883000,128.172580000,37.914845456,128.172569116,37.914860000,128.172680000,37.914882052,128.172645459,37.914800000,128.172670000,37.914834478,128.172670823,37.914820000,128.172580000,37.914798548,128.172594569
107,107,826609987832,21.398,0.609750,37.911488000,128.174410000,1448.000000,60.026975,43.637538,-16.389437,-27.303453,0.181571,2.955555,5.762282,2.289209,6.638114,4.411290,6.638114,37.914845000,128.172620000,37.914845000,128.172620000,37.914825000,128.172560000,37.914850494,128.172569397,37.914886000,128.172580000,37.914886627,128.172645608,37.914860000,128.172670000,37.914839440,128.172670545,37.914803000,128.172670000,37.914803963,128.172594424
108,108,826609988035,21.601,0.609750,37.911550000,128.174360000,1447.000000,61.297904,42.858390,-18.439514,-30.081802,0.464526,2.442778,7.533300,2.740772,6.653893,4.842686,7.533300,37.914845000,128.172620000,37.914845000,128.172620000,37.914830000,128.172560000,37.914850556,128.172569736,37.914886000,128.172560000,37.914886055,128.172645778,37.914864000,128.172670000,37.914839380,128.172670208,37.914806000,128.172670000,37.914804520,128.172594258
109,109,826609988238,21.804,0.609750,37.911600000,128.174320000,1447.000000,61.835601,42.344515,-19.491086,-31.520817,0.485920,2.664204,7.550266,2.189684,6.682295,4.771612,7.550266,37.914850000,128.172620000,37.914850000,128.172620000,37.914833000,128.172560000,37.914855606,128.172569959,37.914890000,128.172560000,37.914890658,128.172645968,37.914864000,128.172670000,37.914844330,128.172669986,37.914806000,128.172670000,37.914809906,128.172594073
110,110,826609988441,22.007,0.609750,37.911650000,128.174270000,1446.000000,61.297898,41.728789,-19.569110,-31.924601,0.439157,2.479680,7.574507,2.317681,6.694871,4.766685,7.574507,37.914852000,128.172620000,37.914852000,128.172620000,37.914837000,128.172560000,37.914857755,128.172570254,37.914894000,128.172560000,37.914892151,128.172646216,37.914867000,128.172670000,37.914846181,128.172669694,37.914810000,128.172670000,37.914812401,128.172593829
111,111,826609988644,22.210,0.609750,37.911713000,128.174220000,1445.000000,57.045170,40.935886,-16.109284,-28.239523,0.891427,2.546235,5.822555,2.593842,6.698544,4.415294,6.698544,37.914856000,128.172600000,37.914856000,128.172600000,37.914840000,128.172560000,37.914861627,128.172550562,37.914898000,128.172560000,37.914895636,128.172626231,37.914867000,128.172670000,37.914850312,128.172649388,37.914814000,128.172650000,37.914816899,128.172573815
112,112,826609988833,22.399,0.609750,37.911766000,128.174200000,1445.000000,56.165296,40.421484,-15.743812,-28.031210,0.881099,2.007002,5.818203,2.841030,6.694122,4.340090,6.694122,37.914856000,128.172600000,37.914856000,128.172600000,37.914845000,128.172560000,37.914861487,128.172550753,37.914898000,128.172560000,37.914895330,128.172626163,37.914870000,128.172670000,37.914850455,128.172649198,37.914814000,128.172650000,37.914817192,128.172573884
113,113,826609989036,22.602,0.609750,37.911820000,128.174150000,1444.000000,52.890206,39.826835,-13.063371,-24.699036,0.880774,1.909039,5.833165,2.545743,6.717884,4.251458,6.717884,37.914860000,128.172600000,37.914860000,128.172600000,37.914850000,128.172560000,37.914865627,128.172551047,37.914900000,128.172560000,37.914898835,128.172626403,37.914870000,128.172670000,37.914854315,128.172648906,37.914818000,128.172650000,37.914821675,128.172573648
114,114,826609989239,22.805,0.609750,37.911873000,128.174120000,1443.000000,55.236537,39.249359,-15.987178,-28.943122,0.891575,1.694302,5.892539,2.558787,6.720916,4.216636,6.720916,37.914860000,128.172600000,37.914860000,128.172600000,37.914852000,128.172560000,37.914865586,128.172551303,37.914906000,128.172560000,37.914898447,128.172626409,37.914870000,128.172670000,37.914854358,128.172648651,37.914818000,128.172650000,37.914822052,128.172573644
115,115,826609989442,23.008,0.609750,37.911934000,128.174070000,1442.000000,54.845471,38.712446,-16.133025,-29.415419,0.877948,2.000423,5.872296,2.663052,6.747006,4.320694,6.747006,37.914875000,128.172600000,37.914875000,128.172600000,37.914864000,128.172560000,37.914880702,128.172551596,37.914917000,128.172560000,37.914913011,128.172626674,37.914886000,128.172670000,37.914869241,128.172648362,37.914833000,128.172650000,37.914837479,128.172573385
116,116,826609989645,23.211,0.609750,37.911990000,128.174040000,1442.000000,49.908406,38.136779,-11.771628,-23.586463,0.229281,1.860196,5.885309,1.534148,6.749343,4.007249,6.749343,37.914867000,128.172600000,37.914867000,128.172600000,37.914856000,128.172550000,37.914872649,128.172551812,37.914910000,128.172560000,37.914904592,128.172626662,37.914875000,128.172650000,37.914861296,128.172648147,37.914825000,128.172650000,37.914829883,128.172573398
117,117,826609989833,23.399,0.609750,37.912050000,128.174010000,1441.000000,51.814800,37.537496,-14.277304,-27.554490,0.345313,1.411655,5.933244,2.081893,6.750096,4.044222,6.750096,37.914867000,128.172600000,37.914867000,128.172600000,37.914860000,128.172550000,37.914872575,128.172552076,37.914913000,128.172560000,37.914904197,128.172626631,37.914880000,128.172650000,37.914861373,128.172647884,37.914825000,128.172650000,37.914830265,128.172573430
118,118,826609990036,23.602,0.609750,37.912106000,128.173980000,1440.000000,56.458567,37.111661,-19.346906,-34.267441,0.661462,1.521328,5.885877,2.411594,6.770434,4.147308,6.770434,37.914883000,128.172600000,37.914883000,128.172600000,37.914875000,128.172550000,37.914888545,128.172552304,37.914925000,128.172560000,37.914919920,128.172626710,37.914890000,128.172670000,37.914877404,128.172647659,37.914840000,128.172650000,37.914846535,128.172573354
119,119,826609990240,23.806,0.609750,37.912170000,128.173950000,1440.000000,47.708709,36.599329,-11.109380,-23.285853,0.253664,1.294688,5.916902,1.520413,6.753083,3.871272,6.753083,37.914886000,128.172600000,37.914886000,128.172600000,37.914880000,128.172550000,37.914891460,128.172552512,37.914930000,128.172560000,37.914922570,128.172626712,37.914894000,128.172650000,37.914880491,128.172647453,37.914845000,128.172650000,37.914849872,128.172573354
120,120,826609990443,24.009,0.609750,37.912228000,128.173920000,1439.000000,47.610953,35.965889,-11.645064,-24.458792,0.156399,1.182320,5.934608,1.516328,5.887942,3.630299,5.934608,37.914875000,128.172600000,37.914875000,128.172600000,37.914870000,128.172550000,37.914880393,128.172552776,37.914920000,128.172560000,37.914911127,128.172626632,37.914883000,128.172650000,37.914869560,128.172647189,37.914833000,128.172640000,37.914839300,128.172573434
121,121,826609990631,24.197,0.609750,37.912285000,128.173890000,1438.000000,43.700399,35.444166,-8.256233,-18.892808,0.890126,1.295374,4.987418,1.470040,6.769310,3.630536,6.769310,37.914880000,128.172590000,37.914880000,128.172590000,37.914875000,128.172550000,37.914885243,128.172543000,37.914920000,128.172560000,37.914915820,128.172616542,37.914883000,128.172650000,37.914874713,128.172636968,37.914837000,128.172640000,37.914844596,128.172563524
122,122,826609990834,24.400,0.609750,37.912342000,128.173870000,1437.000000,44.189209,35.078947,-9.110262,-20.616486,0.010226,1.065414,5.892190,1.070806,5.891861,3.480068,5.892190,37.914894000,128.172600000,37.914894000,128.172600000,37.914890000,128.172550000,37.914899230,128.172553210,37.914936000,128.172560000,37.914929578,128.172626596,37.914898000,128.172650000,37.914888726,128.172646761,37.914852000,128.172640000,37.914858832,128.172573473
123,123,826609991037,24.603,0.609750,37.912407000,128.173840000,1437.000000,44.286978,34.495491,-9.791487,-22.109178,0.883210,1.063279,5.049956,1.551717,6.740120,3.601268,6.740120,37.914886000,128.172590000,37.914886000,128.172590000,37.914883000,128.172550000,37.914891012,128.172543408,37.914930000,128.172560000,37.914921224,128.172616415,37.914890000,128.172650000,37.914880948,128.172636564,37.914845000,128.172640000,37.914851170,128.172563653
124,124,826609991241,24.807,0.609750,37.912468000,128.173830000,1436.000000,44.091450,33.996832,-10.094618,-22.894729,0.909808,0.768897,5.078470,1.544148,6.717140,3.527164,6.717140,37.914886000,128.172590000,37.914886000,128.172590000,37.914886000,128.172550000,37.914890720,128.172543608,37.914932000,128.172560000,37.914921016,128.172616125,37.914890000,128.172650000,37.914881242,128.172636365,37.914845000,128.172640000,37.914851367,128.172563942
125,125,826609991444,25.010,0.609750,37.912525000,128.173800000,1435.000000,40.083135,33.544228,-6.538906,-16.313361,0.440596,0.752369,4.996334,1.325531,4.964109,3.009586,4.996334,37.914890000,128.172590000,37.914890000,128.172590000,37.914890000,128.172550000,37.914894688,128.172543829,37.914932000,128.172560000,37.914924693,128.172616132,37.914890000,128.172650000,37.914885276,128.172636146,37.914850000,128.172620000,37.914855680,128.172563936
126,126,826609991632,25.198,0.609750,37.912594000,128.173780000,1434.000000,43.016038,33.118917,-9.897121,-23.007979,0.885411,0.724468,4.989559,1.333389,6.799134,3.461637,6.799134,37.914906000,128.172590000,37.914906000,128.172590000,37.914906000,128.172550000,37.914910495,128.172544035,37.914948000,128.172560000,37.914940491,128.172616011,37.914906000,128.172650000,37.914901471,128.172635944,37.914860000,128.172640000,37.914871875,128.172564058
127,127,826609991836,25.402,0.609750,37.912655000,128.173770000,1433.000000,41.842880,32.569358,-9.273521,-22.162722,0.487438,0.505995,5.057123,1.336611,4.961826,2.965389,5.057123,37.914894000,128.172590000,37.914894000,128.172590000,37.914898000,128.172550000,37.914898159,128.172544242,37.914940000,128.172560000,37.914928252,128.172615625,37.914894000,128.172650000,37.914889810,128.172635737,37.914852000,128.172620000,37.914860100,128.172564442
128,128,826609992039,25.605,0.609750,37.912716000,128.173750000,1433.000000,39.692069,32.284920,-7.407149,-18.661534,0.438082,0.507551,4.925587,1.341480,4.983036,2.939414,4.983036,37.914910000,128.172590000,37.914910000,128.172590000,37.914913000,128.172550000,37.914914023,128.172544368,37.914950000,128.172560000,37.914944103,128.172615585,37.914910000,128.172650000,37.914905948,128.172635615,37.914867000,128.172620000,37.914876243,128.172564483
129,129,826609992242,25.808,0.609750,37.912785000,128.173740000,1432.000000,40.962995,31.812310,-9.150686,-22.338907,0.447553,0.478971,4.932343,1.282547,5.036840,2.932675,5.036840,37.914913000,128.172590000,37.914913000,128.172590000,37.914917000,128.172550000,37.914916664,128.172544563,37.914955000,128.172560000,37.914946942,128.172615226,37.914910000,128.172650000,37.914909311,128.172635422,37.914867000,128.172620000,37.914879393,128.172564841
130,130,826609992446,26.012,0.609750,37.912840000,128.173720000,1431.000000,44.384730,31.358612,-13.026118,-29.348197,0.281880,1.297466,4.919868,0.502750,5.027103,2.936797,5.027103,37.914906000,128.172590000,37.914906000,128.172590000,37.914910000,128.172530000,37.914909483,128.172544759,37.914948000,128.172560000,37.914939687,128.172615021,37.914900000,128.172640000,37.914902493,128.172635227,37.914860000,128.172620000,37.914872637,128.172565045
131,131,826609992633,26.199,0.609750,37.912964000,128.173690000,1430.000000,39.496538,30.642834,-8.853704,-22.416405,0.487645,0.707910,4.992958,1.328091,4.887837,2.979199,4.992958,37.914917000,128.172590000,37.914917000,128.172590000,37.914925000,128.172550000,37.914919975,128.172545059,37.914963000,128.172560000,37.914950401,128.172614564,37.914913000,128.172650000,37.914914006,128.172634931,37.914875000,128.172620000,37.914883907,128.172565501
132,132,826609992836,26.402,0.609750,37.912964000,128.173690000,1430.000000,39.496538,30.642834,-8.853704,-22.416405,0.487645,0.707910,4.992958,1.328091,4.887837,2.979199,4.992958,37.914917000,128.172590000,37.914917000,128.172590000,37.914925000,128.172550000,37.914919975,128.172545059,37.914963000,128.172560000,37.914950401,128.172614564,37.914913000,128.172650000,37.914914006,128.172634931,37.914875000,128.172620000,37.914883907,128.172565501
133,133,826609993039,26.605,0.609750,37.913033000,128.173690000,1429.000000,41.402934,30.163033,-11.239900,-27.147594,0.220873,1.433644,4.793417,0.494119,4.858472,2.894913,4.858472,37.914910000,128.172590000,37.914910000,128.172590000,37.914917000,128.172530000,37.914912397,128.172545246,37.914950000,128.172560000,37.914943337,128.172613923,37.914906000,128.172640000,37.914907588,128.172634746,37.914867000,128.172620000,37.914876959,128.172566138
134,134,826609993244,26.810,0.609750,37.913094000,128.173680000,1428.000000,44.091434,29.789850,-14.301584,-32.436196,0.299555,1.371269,4.803347,0.727715,4.917488,2.954955,4.917488,37.914913000,128.172590000,37.914913000,128.172590000,37.914917000,128.172530000,37.914915044,128.172545416,37.914955000,128.172560000,37.914946237,128.172613554,37.914906000,128.172640000,37.914910944,128.172634578,37.914867000,128.172620000,37.914880051,128.172566506
135,135,826609993431,26.997,0.609750,37.913155000,128.173680000,1427.000000,45.460124,29.439863,-16.020261,-35.240249,0.666116,1.545016,4.781921,0.779272,3.290545,2.599188,4.781921,37.914917000,128.172590000,37.914917000,128.172590000,37.914925000,128.172530000,37.914918547,128.172545575,37.914960000,128.172560000,37.914950231,128.172613023,37.914910000,128.172640000,37.914915444,128.172634421,37.914870000,128.172600000,37.914884050,128.172567035
136,136,826609993635,27.201,0.609750,37.913216000,128.173680000,1426.000000,42.771622,29.075830,-13.695792,-32.020745,0.661605,1.586786,4.731338,0.835897,3.016305,2.542582,4.731338,37.914917000,128.172590000,37.914917000,128.172590000,37.914925000,128.172530000,37.914918009,128.172545746,37.914960000,128.172560000,37.914950227,128.172612430,37.914910000,128.172640000,37.914915986,128.172634253,37.914875000,128.172600000,37.914884045,128.172567625
137,137,826609993838,27.404,0.609750,37.913290000,128.173660000,1425.000000,41.305165,28.662590,-12.642575,-30.607734,0.678943,1.746369,4.700827,0.880488,2.919655,2.561835,4.700827,37.914920000,128.172590000,37.914920000,128.172590000,37.914930000,128.172530000,37.914920628,128.172545947,37.914963000,128.172560000,37.914953092,128.172612032,37.914913000,128.172640000,37.914919369,128.172634054,37.914880000,128.172600000,37.914887171,128.172568022
138,138,826609994041,27.607,0.609750,37.913350000,128.173660000,1425.000000,43.064911,28.393334,-14.671577,-34.068518,0.736377,1.938984,4.771707,0.938968,2.866134,2.628948,4.771707,37.914920000,128.172590000,37.914920000,128.172590000,37.914932000,128.172530000,37.914920052,128.172546065,37.914967000,128.172560000,37.914953153,128.172611421,37.914913000,128.172640000,37.914919948,128.172633938,37.914880000,128.172600000,37.914887102,128.172568631
139,139,826609994244,27.810,0.609750,37.913410000,128.173660000,1424.000000,40.669698,28.089937,-12.579761,-30.931533,0.660778,1.917428,4.567480,1.496991,2.882276,2.716044,4.567480,37.914925000,128.172590000,37.914925000,128.172590000,37.914936000,128.172530000,37.914924486,128.172546239,37.914967000,128.172560000,37.914958195,128.172610796,37.914913000,128.172640000,37.914925516,128.172633767,37.914883000,128.172600000,37.914892053,128.172569252
140,140,826609994432,27.998,0.609750,37.913470000,128.173680000,1423.000000,35.879269,27.861424,-8.017845,-22.346735,0.279202,1.298507,2.727440,1.380162,2.986788,2.098224,2.986788,37.914940000,128.172590000,37.914940000,128.172590000,37.914950000,128.172550000,37.914938684,128.172546411,37.914980000,128.172580000,37.914973411,128.172609912,37.914930000,128.172640000,37.914941323,128.172633598,37.914894000,128.172600000,37.914906833,128.172570133
141,141,826609994636,28.202,0.609750,37.913540000,128.173680000,1422.000000,44.678006,27.457168,-17.220838,-38.544329,0.221662,2.320783,2.795731,1.788850,2.803464,2.427207,2.803464,37.914930000,128.172590000,37.914930000,128.172590000,37.914944000,128.172530000,37.914927826,128.172546674,37.914974000,128.172580000,37.914963475,128.172608903,37.914917000,128.172640000,37.914932185,128.172633335,37.914886000,128.172600000,37.914896759,128.172571138
142,142,826609994839,28.405,0.609750,37.913600000,128.173680000,1421.000000,42.429440,27.164027,-15.265413,-35.978352,0.244186,2.570721,2.642273,1.762400,2.648229,2.405906,2.648229,37.914932000,128.172590000,37.914932000,128.172590000,37.914948000,128.172530000,37.914929144,128.172546899,37.914974000,128.172580000,37.914965544,128.172608113,37.914920000,128.172640000,37.914934870,128.172633112,37.914890000,128.172600000,37.914898683,128.172571926
143,143,826609995043,28.609,0.609750,37.913662000,128.173680000,1421.000000,42.233911,26.949991,-15.283920,-36.188739,0.229251,2.466027,2.570775,2.268279,2.576807,2.470472,2.576807,37.914936000,128.172590000,37.914936000,128.172590000,37.914950000,128.172530000,37.914932420,128.172547085,37.914978000,128.172580000,37.914969668,128.172607301,37.914920000,128.172640000,37.914939598,128.172632928,37.914894000,128.172600000,37.914902553,128.172572735
144,144,826609995246,28.812,0.609750,37.913734000,128.173690000,1420.000000,33.923992,26.684099,-7.239893,-21.341512,0.221187,2.186845,2.472397,2.378151,2.478608,2.379000,2.478608,37.914948000,128.172590000,37.914948000,128.172590000,37.914963000,128.172550000,37.914943464,128.172547383,37.914990000,128.172580000,37.914981849,128.172606188,37.914932000,128.172640000,37.914952557,128.172632633,37.914906000,128.172600000,37.914914365,128.172573844
145,145,826609995433,28.999,0.609750,37.913790000,128.173700000,1419.000000,32.653068,26.392882,-6.260186,-19.171815,0.231771,2.851010,2.289529,2.388594,2.370546,2.474920,2.851010,37.914940000,128.172590000,37.914940000,128.172590000,37.914960000,128.172550000,37.914934451,128.172547738,37.914980000,128.172580000,37.914974000,128.172604936,37.914925000,128.172640000,37.914945574,128.172632278,37.914898000,128.172600000,37.914906207,128.172575092
146,146,826609995636,29.202,0.609750,37.913853000,128.173700000,1418.000000,35.977031,26.131679,-9.845352,-27.365659,0.062012,2.833596,2.274599,2.918937,1.657019,2.421038,2.918937,37.914944000,128.172590000,37.914944000,128.172590000,37.914963000,128.172550000,37.914937590,128.172548080,37.914986000,128.172580000,37.914978100,128.172603886,37.914925000,128.172640000,37.914950438,128.172631938,37.914900000,128.172590000,37.914910100,128.172576140
147,147,826609995839,29.405,0.609750,37.913914000,128.173720000,1417.000000,35.977031,25.884689,-10.092342,-28.052182,0.061937,2.969002,2.139578,3.063290,1.542049,2.428480,3.063290,37.914944000,128.172590000,37.914944000,128.172590000,37.914963000,128.172550000,37.914936353,128.172548560,37.914986000,128.172580000,37.914978313,128.172602329,37.914925000,128.172640000,37.914951680,128.172631458,37.914900000,128.172590000,37.914909880,128.172577692
148,148,826609996043,29.609,0.609750,37.913982000,128.173740000,1416.000000,36.954666,25.641694,-11.312972,-30.613109,0.242737,3.450193,1.250566,3.113104,1.263261,2.269281,3.450193,37.914948000,128.172590000,37.914948000,128.172590000,37.914970000,128.172550000,37.914939014,128.172549137,37.914990000,128.172590000,37.914982516,128.172600620,37.914930000,128.172640000,37.914957024,128.172630881,37.914906000,128.172590000,37.914913668,128.172579397
149,149,826609996232,29.798,0.609750,37.914043000,128.173750000,1416.000000,37.394595,25.530107,-11.864488,-31.727815,0.221433,3.667592,1.162005,3.766079,1.256796,2.463118,3.766079,37.914963000,128.172590000,37.914963000,128.172590000,37.914986000,128.172550000,37.914953055,128.172549544,37.915005000,128.172590000,37.914997677,128.172599429,37.914940000,128.172640000,37.914972986,128.172630476,37.914920000,128.172590000,37.914928503,128.172580585
150,150,826609996482,30.048,0.609750,37.914104000,128.173770000,1415.000000,35.194919,25.259110,-9.935809,-28.230804,0.441686,4.399146,1.114830,3.629535,0.692221,2.458933,4.399146,37.914950000,128.172590000,37.914950000,128.172590000,37.914978000,128.172550000,37.914938483,128.172550379,37.914993000,128.172590000,37.914984807,128.172597301,37.914930000,128.172640000,37.914961563,128.172629639,37.914913000,128.172590000,37.914915363,128.172582709
151,151,826609996638,30.204,0.609750,37.914160000,128.173800000,1414.000000,36.954662,25.087059,-11.867603,-32.113954,0.219140,3.994413,0.921626,4.116919,0.936950,2.492477,4.116919,37.914955000,128.172590000,37.914955000,128.172590000,37.914978000,128.172550000,37.914942129,128.172551168,37.914997000,128.172590000,37.914989922,128.172595444,37.914932000,128.172640000,37.914967921,128.172628849,37.914913000,128.172590000,37.914920242,128.172584563
152,152,826609996841,30.407,0.609750,37.914223000,128.173810000,1413.000000,35.194914,24.885388,-10.309526,-29.292659,0.452127,3.800615,0.399525,4.809488,0.971790,2.495355,4.809488,37.914960000,128.172590000,37.914960000,128.172590000,37.914980000,128.172550000,37.914945894,128.172551986,37.914997000,128.172590000,37.914994934,128.172593720,37.914932000,128.172640000,37.914974160,128.172628030,37.914917000,128.172590000,37.914925223,128.172586284
153,153,826609997045,30.611,0.609750,37.914288000,128.173840000,1413.000000,35.194914,24.755967,-10.438947,-29.660384,0.224849,4.656528,0.572922,4.579084,0.589055,2.599397,4.656528,37.914960000,128.172590000,37.914960000,128.172590000,37.914986000,128.172550000,37.914944241,128.172553104,37.915000000,128.172590000,37.914994967,128.172591364,37.914936000,128.172640000,37.914975817,128.172626909,37.914920000,128.172590000,37.914925181,128.172588637
154,154,826609997232,30.798,0.609750,37.914345000,128.173860000,1412.000000,35.194913,24.586575,-10.608338,-30.141679,0.279110,4.917719,0.241592,5.065667,0.921433,2.786603,5.065667,37.914963000,128.172590000,37.914963000,128.172590000,37.914990000,128.172550000,37.914945945,128.172554155,37.915000000,128.172590000,37.914997876,128.172589434,37.914936000,128.172640000,37.914980116,128.172625856,37.914920000,128.172590000,37.914928265,128.172590565
155,155,826609997435,31.001,1.647974,37.914406000,128.173890000,1411.000000,221.239290,175.945603,-45.293687,-20.472714,0.648522,13.152396,2.290375,13.275733,1.310316,7.507205,13.275733,37.914910000,128.172970000,37.914910000,128.172970000,37.914986000,128.172880000,37.914868057,128.172871141,37.915012000,128.173000000,37.915003715,128.172976128,37.914833000,128.173070000,37.914952258,128.173069801,37.914806000,128.172960000,37.914817357,128.172963921
156,156,826609997639,31.205,4.097963,37.914470000,128.173920000,1410.000000,1377.253581,1066.527755,-310.725826,-22.561265,0.401979,8.530875,9.295362,9.328249,8.538907,8.923348,9.328249,37.914524000,128.173660000,37.914524000,128.173660000,37.914300000,128.173520000,37.914363637,128.173465879,37.914745000,128.173480000,37.914743326,128.173585821,37.914757000,128.173800000,37.914686633,128.173857675,37.914310000,128.173830000,37.914307629,128.173732818
157,157,826609997843,31.409,4.097963,37.914528000,128.173930000,1410.000000,1305.599855,1030.512364,-275.087491,-21.069816,0.590963,10.770166,18.476201,10.566786,19.478584,14.822934,19.478584,37.914104000,128.173740000,37.914104000,128.173740000,37.913868000,128.173840000,37.913937133,128.173925793,37.913914000,128.173540000,37.914069208,128.173465462,37.914345000,128.173630000,37.914271248,128.173554254,37.914300000,128.173930000,37.914139480,128.174018283
158,158,826609998031,31.597,4.097963,37.914585000,128.173970000,1409.000000,1291.675291,964.468223,-327.207068,-25.331991,0.512654,17.202030,10.141540,18.280028,10.723620,14.086804,18.280028,37.913710000,128.173700000,37.913710000,128.173700000,37.913470000,128.173750000,37.913565900,128.173903586,37.913567000,128.173460000,37.913655999,128.173435324,37.913956000,128.173660000,37.913855855,128.173495043,37.913857000,128.173950000,37.913761605,128.173966987
159,159,826609998234,31.800,4.097963,37.914642000,128.174000000,1409.000000,1205.648291,952.136572,-253.511719,-21.027004,0.671880,19.290472,7.001477,20.996658,7.036389,13.581249,20.996658,37.913315000,128.173430000,37.913315000,128.173430000,37.913070000,128.173420000,37.913152242,128.173613335,37.913220000,128.173170000,37.913282750,128.173164574,37.913550000,128.173460000,37.913470104,128.173243433,37.913414000,128.173700000,37.913350808,128.173698152
160,160,826609998437,32.003,4.097963,37.914703000,128.174040000,1408.000000,1288.314997,942.771474,-345.543523,-26.821354,0.694131,22.681486,3.749700,22.453203,5.277914,13.540576,22.681486,37.912990000,128.173130000,37.912990000,128.173130000,37.912750000,128.173050000,37.912812681,128.173295734,37.912945000,128.172840000,37.912973228,128.172863295,37.913230000,128.173200000,37.913157828,128.172961268,37.913044000,128.173420000,37.913000733,128.173395425
161,161,826609998640,32.206,4.097963,37.914760000,128.174070000,1408.000000,1276.289225,947.470424,-328.818801,-25.763659,0.544589,23.492091,3.733823,23.235280,4.864618,13.831453,23.492091,37.913020000,128.173140000,37.913020000,128.173140000,37.912780000,128.173050000,37.912841865,128.173305736,37.912975000,128.172850000,37.913003531,128.172872353,37.913258000,128.173220000,37.913187953,128.172970779,37.913070000,128.173430000,37.913030508,128.173406285
162,162,826609998843,32.409,4.097963,37.914814000,128.174100000,1407.000000,1295.402030,949.546882,-345.855148,-26.698673,0.397742,23.663225,3.444381,23.930429,4.873979,13.978004,23.930429,37.913048000,128.173160000,37.913048000,128.173160000,37.912804000,128.173070000,37.912869608,128.173326282,37.913006000,128.172870000,37.913031535,128.172892148,37.913280000,128.173250000,37.913215726,128.172989985,37.913094000,128.173460000,37.913058963,128.173426719
163,163,826609999031,32.597,4.097963,37.914875000,128.174150000,1407.000000,1257.761260,953.294692,-304.466568,-24.207024,0.148317,23.533028,3.845264,22.699318,4.479683,13.639323,23.533028,37.913094000,128.173170000,37.913094000,128.173170000,37.912850000,128.173080000,37.912915092,128.173334936,37.913050000,128.172880000,37.913080297,128.172901031,37.913320000,128.173250000,37.913263605,128.173001620,37.913140000,128.173460000,37.913103568,128.173438337
164,164,826609999235,32.801,4.097963,37.914930000,128.174180000,1406.000000,1304.053239,957.791322,-346.261916,-26.552744,0.798181,23.762417,3.418064,24.462916,4.572210,14.053902,24.462916,37.913110000,128.173200000,37.913110000,128.173200000,37.912865000,128.173110000,37.912931604,128.173367058,37.913070000,128.172910000,37.913095709,128.172931279,37.913334000,128.173300000,37.913279705,128.173030093,37.913147000,128.173510000,37.913121702,128.173468987
165,165,826609999438,33.004,4.097963,37.914980000,128.174220000,1406.000000,1287.774656,963.738584,-324.036072,-25.162482,0.880564,23.959029,3.769761,23.453254,3.558171,13.685054,23.959029,37.913140000,128.173220000,37.913140000,128.173220000,37.912890000,128.173130000,37.912961548,128.173387290,37.913097000,128.172930000,37.913126742,128.172950524,37.913360000,128.173310000,37.913310854,128.173050321,37.913174000,128.173520000,37.913152176,128.173490399
166,166,826609999642,33.208,4.097963,37.915035000,128.174270000,1405.000000,1319.108287,968.640906,-350.467381,-26.568507,0.782554,25.454443,4.272241,23.475377,3.491172,14.173308,25.454443,37.913162000,128.173250000,37.913162000,128.173250000,37.912918000,128.173140000,37.912983389,128.173417729,37.913128000,128.172940000,37.913149554,128.172980249,37.913383000,128.173340000,37.913333537,128.173080159,37.913197000,128.173550000,37.913175130,128.173521509
167,167,826609999845,33.411,4.097963,37.915092000,128.174320000,1405.000000,1245.245333,971.660694,-273.584639,-21.970340,0.890961,26.076348,3.634305,24.166404,2.505479,14.095634,26.076348,37.913204000,128.173260000,37.913204000,128.173260000,37.912964000,128.173140000,37.913025134,128.173426624,37.913170000,128.172960000,37.913193472,128.172988763,37.913420000,128.173360000,37.913375751,128.173090610,37.913235000,128.173550000,37.913216660,128.173533463
168,168,826610000032,33.598,4.097963,37.915142000,128.174360000,1405.000000,1308.304055,979.403657,-328.900398,-25.139447,0.879095,25.402998,3.975756,24.373355,2.353080,14.026297,25.402998,37.913223000,128.173300000,37.913223000,128.173300000,37.912983000,128.173190000,37.913044323,128.173468607,37.913193000,128.172990000,37.913211929,128.173028388,37.913440000,128.173400000,37.913394366,128.173128572,37.913246000,128.173600000,37.913238510,128.173574945
169,169,826610000235,33.801,4.097963,37.915190000,128.174410000,1404.000000,1341.935198,983.678700,-358.256498,-26.697004,1.160201,26.188882,4.856090,25.140172,2.982309,14.791864,26.188882,37.913242000,128.173320000,37.913242000,128.173320000,37.913002000,128.173200000,37.913062771,128.173488075,37.913210000,128.173000000,37.913231974,128.173047766,37.913456000,128.173430000,37.913413698,128.173148812,37.913260000,128.173630000,37.913257880,128.173596149
170,170,826610000439,34.005,4.097963,37.915250000,128.174450000,1404.000000,1273.693919,989.684967,-284.008951,-22.298054,0.770432,25.878765,2.975771,26.856268,2.835202,14.636501,26.856268,37.913280000,128.173320000,37.913280000,128.173320000,37.913048000,128.173200000,37.913100201,128.173487139,37.913254000,128.173020000,37.913271081,128.173046064,37.913494000,128.173450000,37.913451729,128.173148936,37.913300000,128.173630000,37.913295887,128.173598141
171,171,826610000643,34.209,4.097963,37.915250000,128.174450000,1404.000000,1273.693919,989.684967,-284.008951,-22.298054,0.770432,25.878765,2.975771,26.856268,2.835202,14.636501,26.856268,37.913280000,128.173320000,37.913280000,128.173320000,37.913048000,128.173200000,37.913100201,128.173487139,37.913254000,128.173020000,37.913271081,128.173046064,37.913494000,128.173450000,37.913451729,128.173148936,37.913300000,128.173630000,37.913295887,128.173598141
172,172,826610000846,34.412,4.097963,37.915340000,128.174550000,1403.000000,1301.068083,1006.083337,-294.984746,-22.672507,0.954718,25.730937,2.579928,26.930072,3.564746,14.701421,26.930072,37.913296000,128.173370000,37.913296000,128.173370000,37.913067000,128.173250000,37.913113822,128.173536907,37.913273000,128.173070000,37.913286516,128.173093863,37.913510000,128.173500000,37.913467987,128.173198025,37.913307000,128.173690000,37.913312596,128.173650035
173,173,826610001034,34.600,4.097963,37.915394000,128.174600000,1402.000000,1288.358188,1014.288020,-274.070168,-21.272824,0.824991,27.286755,3.751265,26.205998,1.821976,14.766499,27.286755,37.913315000,128.173400000,37.913315000,128.173400000,37.913094000,128.173260000,37.913131828,128.173566974,37.913300000,128.173080000,37.913304207,128.173122379,37.913530000,128.173520000,37.913486121,128.173226839,37.913326000,128.173700000,37.913332441,128.173680928
174,174,826610001237,34.803,4.097963,37.915436000,128.174670000,1402.000000,1256.925823,1015.089532,-241.836290,-19.240299,0.590196,26.973781,3.591697,26.826719,1.925856,14.829513,26.973781,37.913353000,128.173420000,37.913353000,128.173420000,37.913140000,128.173280000,37.913169122,128.173584907,37.913338000,128.173100000,37.913343927,128.173140200,37.913563000,128.173550000,37.913525071,128.173248349,37.913357000,128.173720000,37.913366819,128.173701945
175,175,826610001440,35.006,4.097963,37.915480000,128.174710000,1402.000000,1292.756860,1024.205211,-268.551649,-20.773562,0.304832,27.983187,3.440990,27.892357,2.940227,15.564190,27.983187,37.913360000,128.173460000,37.913360000,128.173460000,37.913147000,128.173310000,37.913175650,128.173626550,37.913353000,128.173140000,37.913348350,128.173178734,37.913570000,128.173600000,37.913531327,128.173286214,37.913360000,128.173770000,37.913374928,128.173742382
176,176,826610001643,35.209,4.097963,37.915520000,128.174770000,1401.000000,1293.440869,1027.920506,-265.520363,-20.528218,1.216947,28.885104,4.172820,26.958860,2.902615,15.729850,28.885104,37.913380000,128.173500000,37.913380000,128.173500000,37.913166000,128.173340000,37.913195949,128.173666698,37.913372000,128.173170000,37.913367419,128.173217157,37.913586000,128.173630000,37.913551514,128.173326165,37.913372000,128.173800000,37.913394282,128.173782835
177,177,826610001853,35.419,4.097963,37.915560000,128.174840000,1401.000000,1322.428054,1033.600334,-288.827720,-21.840713,0.593936,27.846421,4.159920,27.641408,3.957614,15.901341,27.846421,37.913400000,128.173520000,37.913400000,128.173520000,37.913190000,128.173370000,37.913215478,128.173685420,37.913400000,128.173190000,37.913388831,128.173235201,37.913605000,128.173660000,37.913573316,128.173347838,37.913383000,128.173830000,37.913412112,128.173804133
178,178,826610002052,35.618,4.097963,37.915607000,128.174900000,1400.000000,1334.305991,1033.425067,-300.880924,-22.549619,1.201784,29.551843,4.965138,28.392030,3.948090,16.714275,29.551843,37.913433000,128.173540000,37.913433000,128.173540000,37.913227000,128.173370000,37.913249961,128.173705227,37.913437000,128.173200000,37.913422814,128.173253599,37.913640000,128.173690000,37.913607732,128.173369316,37.913410000,128.173840000,37.913443465,128.173825114
179,179,826610002264,35.830,4.097963,37.915640000,128.174960000,1400.000000,1335.870115,1041.458348,-294.411767,-22.038952,0.613887,28.674056,4.370168,29.191540,5.354275,16.897510,29.191540,37.913440000,128.173580000,37.913440000,128.173580000,37.913235000,128.173420000,37.913256258,128.173745379,37.913450000,128.173250000,37.913429087,128.173292112,37.913640000,128.173740000,37.913615277,128.173409095,37.913406000,128.173890000,37.913450150,128.173865810
180,180,826610002442,36.008,4.097963,37.915680000,128.175020000,1399.000000,1343.348969,1044.498034,-298.850936,-22.246709,0.594340,28.638431,4.609231,30.000465,6.053098,17.325306,30.000465,37.913452000,128.173610000,37.913452000,128.173610000,37.913250000,128.173450000,37.913268220,128.173775269,37.913467000,128.173280000,37.913441061,128.173320908,37.913650000,128.173780000,37.913627994,128.173439545,37.913410000,128.173920000,37.913461027,128.173896187
181,181,826610002645,36.211,4.097963,37.915718000,128.175100000,1399.000000,1342.713219,1043.641447,-299.071772,-22.273689,1.467185,31.201039,5.397100,28.992878,6.165934,17.939238,31.201039,37.913467000,128.173650000,37.913467000,128.173650000,37.913270000,128.173460000,37.913282977,128.173814885,37.913486000,128.173310000,37.913457332,128.173359559,37.913662000,128.173810000,37.913644597,128.173480614,37.913418000,128.173950000,37.913472297,128.173936122
182,182,826610002832,36.398,4.097963,37.915752000,128.175170000,1398.000000,1366.372149,1036.345267,-330.026882,-24.153514,0.652540,30.313706,5.567043,30.627169,7.314603,18.455630,30.627169,37.913486000,128.173690000,37.913486000,128.173690000,37.913292000,128.173510000,37.913302837,128.173854889,37.913517000,128.173360000,37.913477538,128.173398938,37.913677000,128.173870000,37.913664654,128.173521619,37.913425000,128.174000000,37.913487788,128.173975445
183,183,826610003035,36.601,4.097963,37.915783000,128.175230000,1398.000000,1356.253187,1034.174789,-322.078399,-23.747660,0.446072,32.050563,5.630366,32.311916,7.441598,19.358611,32.311916,37.913498000,128.173720000,37.913498000,128.173720000,37.913310000,128.173520000,37.913314906,128.173884886,37.913536000,128.173400000,37.913490499,128.173427995,37.913685000,128.173920000,37.913677685,128.173552202,37.913433000,128.174030000,37.913496937,128.174005263
184,184,826610003239,36.805,4.097963,37.915813000,128.175310000,1397.000000,1386.413270,1032.046043,-354.367227,-25.560000,0.688597,31.816428,6.281924,32.906673,8.199698,19.801181,32.906673,37.913530000,128.173740000,37.913530000,128.173740000,37.913345000,128.173540000,37.913346032,128.173902271,37.913578000,128.173420000,37.913525681,128.173446805,37.913710000,128.173950000,37.913711750,128.173575319,37.913456000,128.174060000,37.913524373,128.174025268
185,185,826610003442,37.008,4.097963,37.915840000,128.175380000,1397.000000,1359.234539,1036.615282,-322.619257,-23.735363,0.721545,33.483371,6.840010,32.143583,8.576977,20.260985,33.483371,37.913525000,128.173800000,37.913525000,128.173800000,37.913345000,128.173580000,37.913336936,128.173961117,37.913578000,128.173480000,37.913520164,128.173506297,37.913700000,128.174000000,37.913706614,128.173634097,37.913440000,128.174100000,37.913515961,128.174083654
186,186,826610003646,37.212,4.097963,37.915863000,128.175450000,1396.000000,1373.263766,1038.466568,-334.797198,-24.379672,0.372954,33.291431,7.510616,32.934728,8.963663,20.675110,33.291431,37.913532000,128.173830000,37.913532000,128.173830000,37.913357000,128.173610000,37.913341025,128.173988527,37.913593000,128.173510000,37.913528636,128.173535645,37.913704000,128.174040000,37.913714284,128.173665220,37.913440000,128.174130000,37.913519373,128.174112818
187,187,826610003833,37.399,4.097963,37.915886000,128.175520000,1396.000000,1371.846016,1042.816263,-329.029753,-23.984452,0.681717,32.279853,8.326188,34.637737,9.448773,21.173138,34.637737,37.913540000,128.173860000,37.913540000,128.173860000,37.913372000,128.173650000,37.913345833,128.174016051,37.913612000,128.173550000,37.913538098,128.173564613,37.913708000,128.174090000,37.913723107,128.173696067,37.913440000,128.174160000,37.913523718,128.174142261
188,188,826610004037,37.603,4.097963,37.915905000,128.175600000,1395.000000,1421.021927,1044.005329,-377.016598,-26.531371,0.517326,32.978410,9.109788,34.562724,10.446619,21.774385,34.562724,37.913548000,128.173900000,37.913548000,128.173900000,37.913383000,128.173680000,37.913350928,128.174053298,37.913628000,128.173580000,37.913548494,128.173604566,37.913708000,128.174130000,37.913732329,128.173737666,37.913437000,128.174210000,37.913528094,128.174181418
189,189,826610004240,37.806,4.097963,37.915928000,128.175670000,1394.000000,1426.056813,1046.268489,-379.788324,-26.632061,1.119586,33.916191,9.938539,36.154344,10.959316,22.742098,36.154344,37.913550000,128.173930000,37.913550000,128.173930000,37.913395000,128.173700000,37.913352132,128.174082341,37.913643000,128.173630000,37.913553827,128.173635515,37.913708000,128.174180000,37.913736885,128.173769964,37.913433000,128.174240000,37.913528942,128.174212015
190,190,826610004443,38.009,4.097963,37.915943000,128.175750000,1394.000000,1399.122316,1049.530913,-349.591403,-24.986479,0.110956,34.854327,10.754570,35.189338,11.493310,23.072886,35.189338,37.913555000,128.173980000,37.913555000,128.173980000,37.913406000,128.173740000,37.913356325,128.174131838,37.913660000,128.173680000,37.913563569,128.173687455,37.913704000,128.174220000,37.913745621,128.173822809,37.913430000,128.174270000,37.913533105,128.174263157
191,191,826610004646,38.212,4.097963,37.915955000,128.175830000,1393.000000,1425.910068,1050.899239,-375.010829,-26.299753,1.167894,34.953280,11.381645,36.748123,12.051580,23.783657,36.748123,37.913555000,128.174010000,37.913555000,128.174010000,37.913418000,128.173770000,37.913355329,128.174159983,37.913670000,128.173720000,37.913567763,128.173718644,37.913700000,128.174270000,37.913748510,128.173856114,37.913425000,128.174320000,37.913531246,128.174293646
192,192,826610004834,38.400,4.097963,37.915966000,128.175920000,1393.000000,1449.080397,1054.794217,-394.286180,-27.209407,0.449175,36.600909,11.478529,36.816222,13.023098,24.479689,36.816222,37.913560000,128.174060000,37.913560000,128.174060000,37.913425000,128.173800000,37.913358084,128.174208029,37.913680000,128.173750000,37.913578202,128.173770811,37.913692000,128.174320000,37.913756554,128.173908860,37.913418000,128.174350000,37.913534917,128.174344831
193,193,826610005037,38.603,4.097963,37.915974000,128.176000000,1392.000000,1441.503295,1052.886144,-388.617151,-26.959158,0.348124,36.711538,12.569182,37.630710,13.577245,25.122169,37.630710,37.913574000,128.174090000,37.913574000,128.174090000,37.913452000,128.173830000,37.913370282,128.174234975,37.913710000,128.173800000,37.913597105,128.173802395,37.913700000,128.174360000,37.913771824,128.173941306,37.913425000,128.174380000,37.913546915,128.174375508
194,194,826610005241,38.807,4.097963,37.915977000,128.176070000,1391.000000,1444.925166,1050.066210,-394.858956,-27.327295,0.339638,13.389310,15.340558,13.911079,16.710424,14.837843,16.710424,37.913570000,128.174130000,37.913570000,128.174130000,37.913418000,128.174410000,37.913364763,128.174273291,37.913460000,128.173860000,37.913597286,128.173844827,37.913715000,128.173840000,37.913769040,128.173982821,37.913692000,128.174410000,37.913541961,128.174415929
195,195,826610005444,39.010,4.097963,37.915977000,128.176160000,1391.000000,1485.106846,1052.165298,-432.941548,-29.152215,0.570138,14.339760,15.468977,12.965149,16.061668,14.708888,16.061668,37.913567000,128.174150000,37.913567000,128.174150000,37.913410000,128.174440000,37.913359610,128.174289733,37.913460000,128.173870000,37.913598917,128.173865584,37.913723000,128.173870000,37.913768093,128.174006112,37.913680000,128.174440000,37.913535744,128.174436378
196,196,826610005632,39.198,4.097963,37.915977000,128.176240000,1390.000000,1464.820962,1065.279915,-399.541048,-27.275760,1.283477,14.416046,14.149127,10.988607,15.163892,13.679418,15.163892,37.913544000,128.174210000,37.913544000,128.174210000,37.913383000,128.174500000,37.913333802,128.174348160,37.913450000,128.173930000,37.913577067,128.173926132,37.913710000,128.173950000,37.913745999,128.174066503,37.913650000,128.174510000,37.913514119,128.174497837
197,197,826610005835,39.401,4.097963,37.915974000,128.176320000,1390.000000,1491.853010,1077.062756,-414.790254,-27.803695,1.191109,12.911890,13.185413,10.760337,14.695007,12.888162,14.695007,37.913550000,128.174240000,37.913550000,128.174240000,37.913383000,128.174510000,37.913337548,128.174374739,37.913467000,128.173950000,37.913585371,128.173955367,37.913730000,128.173980000,37.913753308,128.174098906,37.913650000,128.174550000,37.913519001,128.174529358
198,198,826610006038,39.604,4.097963,37.915962000,128.176390000,1389.000000,1504.025227,1098.664554,-405.360673,-26.951720,1.067724,13.862880,12.667922,10.705285,13.707739,12.735957,13.862880,37.913530000,128.174300000,37.913530000,128.174300000,37.913357000,128.174580000,37.913313724,128.174431990,37.913452000,128.174000000,37.913565195,128.174014830,37.913715000,128.174040000,37.913734022,128.174159486,37.913624000,128.174600000,37.913501059,128.174591164
199,199,826610006241,39.807,4.097963,37.915955000,128.176470000,1388.000000,1515.268533,1109.453671,-405.814862,-26.781713,1.979763,13.387708,11.455174,9.055408,13.885523,11.945953,13.885523,37.913517000,128.174330000,37.913517000,128.174330000,37.913345000,128.174600000,37.913299054,128.174459126,37.913452000,128.174030000,37.913554246,128.174044718,37.913715000,128.174090000,37.913723022,128.174192606,37.913610000,128.174650000,37.913487209,128.174622187
200,200,826610006444,40.010,4.097963,37.915940000,128.176540000,1388.000000,1555.988040,1116.777847,-439.210193,-28.227093,2.410156,14.042875,10.910613,8.420118,13.280901,11.663627,14.042875,37.913510000,128.174360000,37.913510000,128.174360000,37.913330000,128.174640000,37.913292007,128.174487527,37.913452000,128.174060000,37.913549344,128.174074477,37.913715000,128.174130000,37.913718136,128.174225792,37.913593000,128.174700000,37.913479470,128.174653525
201,201,826610006632,40.198,4.097963,37.915924000,128.176620000,1387.000000,1590.206338,1125.956543,-464.249794,-29.194312,2.032381,12.006908,9.687059,7.812156,12.550126,10.514062,12.550126,37.913494000,128.174420000,37.913494000,128.174420000,37.913307000,128.174680000,37.913277804,128.174548389,37.913452000,128.174100000,37.913534613,128.174134658,37.913708000,128.174200000,37.913704767,128.174288858,37.913570000,128.174770000,37.913465589,128.174716095
202,202,826610006836,40.402,4.097963,37.915924000,128.176620000,1387.000000,1590.206338,1125.956543,-464.249794,-29.194312,2.032381,12.006908,9.687059,7.812156,12.550126,10.514062,12.550126,37.913494000,128.174420000,37.913494000,128.174420000,37.913307000,128.174680000,37.913277804,128.174548389,37.913452000,128.174100000,37.913534613,128.174134658,37.913708000,128.174200000,37.913704767,128.174288858,37.913570000,128.174770000,37.913465589,128.174716095
203,203,826610007040,40.606,4.097963,37.915900000,128.176710000,1386.000000,1582.629676,1132.956212,-449.673464,-28.413056,1.655484,11.368446,9.393721,9.106711,11.929402,10.449570,11.929402,37.913486000,128.174450000,37.913486000,128.174450000,37.913296000,128.174700000,37.913269303,128.174575056,37.913450000,128.174130000,37.913529775,128.174164869,37.913704000,128.174220000,37.913698889,128.174323490,37.913555000,128.174800000,37.913456167,128.174747493
204,204,826610007243,40.809,4.097963,37.915880000,128.176770000,1386.000000,1572.853243,1140.265522,-432.587721,-27.503375,1.810589,9.661119,7.767186,7.573670,11.115359,9.029333,11.115359,37.913480000,128.174480000,37.913480000,128.174480000,37.913280000,128.174710000,37.913262022,128.174602381,37.913460000,128.174160000,37.913524491,128.174193757,37.913704000,128.174270000,37.913693227,128.174355149,37.913536000,128.174840000,37.913448933,128.174778040
205,205,826610007446,41.012,4.097963,37.915850000,128.176850000,1385.000000,1603.796584,1154.277903,-449.518681,-28.028410,1.106745,8.054820,8.732371,8.444860,9.383134,8.653796,9.383134,37.913456000,128.174550000,37.913456000,128.174550000,37.913250000,128.174760000,37.913236204,128.174669968,37.913437000,128.174200000,37.913498690,128.174261417,37.913680000,128.174330000,37.913668360,128.174425018,37.913500000,128.174900000,37.913425900,128.174849078
206,206,826610007633,41.199,4.097963,37.915787000,128.176990000,1384.000000,1632.784454,1165.152506,-467.631948,-28.640152,1.254072,8.874378,8.745923,7.482069,9.568027,8.667599,9.568027,37.913440000,128.174580000,37.913440000,128.174580000,37.913230000,128.174790000,37.913216692,128.174690371,37.913433000,128.174220000,37.913488062,128.174291036,37.913670000,128.174380000,37.913654694,128.174462955,37.913475000,128.174940000,37.913403798,128.174878977
207,207,826610007836,41.402,4.097963,37.915752000,128.177060000,1383.000000,1581.359776,1169.863846,-411.495931,-26.021652,1.072228,8.307112,7.169535,6.222110,8.094860,7.448404,8.307112,37.913437000,128.174600000,37.913437000,128.174600000,37.913216000,128.174800000,37.913212489,128.174705517,37.913437000,128.174260000,37.913487473,128.174310708,37.913670000,128.174420000,37.913652820,128.174487418,37.913452000,128.174960000,37.913397723,128.174898662
208,208,826610008039,41.605,4.097963,37.915714000,128.177120000,1383.000000,1584.293328,1184.617306,-399.676022,-25.227400,0.339798,7.605660,7.193861,6.343223,6.532141,6.918721,7.605660,37.913410000,128.174650000,37.913410000,128.174650000,37.913180000,128.174840000,37.913184490,128.174753586,37.913414000,128.174300000,37.913459289,128.174358431,37.913643000,128.174470000,37.913626557,128.174539154,37.913414000,128.175000000,37.913370931,128.174949485
209,209,826610008244,41.810,4.097963,37.915670000,128.177190000,1382.000000,1608.930615,1190.538116,-418.392499,-26.004384,0.461629,6.264554,6.708613,5.808615,7.015285,6.449267,7.015285,37.913395000,128.174680000,37.913395000,128.174680000,37.913160000,128.174850000,37.913168816,128.174779550,37.913406000,128.174330000,37.913445695,128.174387475,37.913628000,128.174510000,37.913612431,128.174573126,37.913383000,128.175050000,37.913353640,128.174979320
210,210,826610008431,41.997,4.097963,37.915627000,128.177250000,1382.000000,1622.129407,1200.468288,-421.661120,-25.994296,0.826857,4.834118,7.124753,6.216529,5.104250,5.819912,7.124753,37.913376000,128.174730000,37.913376000,128.174730000,37.913136000,128.174880000,37.913149875,128.174827842,37.913400000,128.174360000,37.913425417,128.174434453,37.913616000,128.174560000,37.913593606,128.174624843,37.913357000,128.175080000,37.913334004,128.175029719
211,211,826610008635,42.201,4.097963,37.915585000,128.177290000,1381.000000,1628.777744,1199.244154,-429.533590,-26.371529,0.240055,4.491588,5.907386,4.581134,5.568891,5.137250,5.907386,37.913364000,128.174740000,37.913364000,128.174740000,37.913120000,128.174880000,37.913136869,128.174833541,37.913400000,128.174380000,37.913415172,128.174444456,37.913610000,128.174600000,37.913581793,128.174637983,37.913330000,128.175100000,37.913318874,128.175038179
212,212,826610008838,42.404,4.097963,37.915530000,128.177350000,1380.000000,1640.119332,1196.015772,-444.103560,-27.077515,0.619795,3.154382,6.557974,4.044916,4.807245,4.641129,6.557974,37.913330000,128.174790000,37.913330000,128.174790000,37.913086000,128.174910000,37.913101786,128.174880173,37.913376000,128.174420000,37.913381593,128.174494334,37.913580000,128.174670000,37.913546853,128.174688868,37.913292000,128.175140000,37.913282902,128.175086492
213,213,826610009041,42.607,4.097963,37.915480000,128.177400000,1380.000000,1663.876878,1195.558860,-468.318018,-28.146194,0.537760,3.122373,6.628629,4.075335,4.700290,4.631657,6.628629,37.913310000,128.174820000,37.913310000,128.174820000,37.913060000,128.174930000,37.913081732,128.174907524,37.913364000,128.174450000,37.913364182,128.174525475,37.913563000,128.174710000,37.913527651,128.174722069,37.913265000,128.175170000,37.913261475,128.175116668
214,214,826610009244,42.810,4.097963,37.915432000,128.177440000,1379.000000,1630.050339,1194.367788,-435.682551,-26.728165,0.189335,2.940256,5.057398,3.966653,4.832344,4.199163,5.057398,37.913290000,128.174850000,37.913290000,128.174850000,37.913036000,128.174940000,37.913062162,128.174935393,37.913353000,128.174500000,37.913346141,128.174556925,37.913544000,128.174760000,37.913508534,128.174755638,37.913230000,128.175200000,37.913240817,128.175146713
215,215,826610009431,42.997,4.097963,37.915380000,128.177470000,1379.000000,1643.884657,1194.372578,-449.512079,-27.344502,0.845808,3.230012,4.847480,5.152352,4.965271,4.548779,5.152352,37.913270000,128.174850000,37.913270000,128.174850000,37.913013000,128.174930000,37.913041971,128.174932044,37.913350000,128.174510000,37.913329630,128.174558783,37.913530000,128.174790000,37.913490041,128.174760396,37.913204000,128.175200000,37.913218649,128.175146600
216,216,826610009635,43.201,4.097963,37.915318000,128.177520000,1378.000000,1639.828152,1200.191332,-439.636820,-26.809932,0.417969,3.715428,5.216319,4.786001,5.216415,4.733541,5.216415,37.913235000,128.174900000,37.913235000,128.174900000,37.912980000,128.174960000,37.913008688,128.174981620,37.913322000,128.174560000,37.913294686,128.174608261,37.913494000,128.174840000,37.913456126,128.174814210,37.913162000,128.175250000,37.913184799,128.175198108
217,217,826610009838,43.404,4.097963,37.915260000,128.177550000,1378.000000,1689.934002,1205.946062,-483.987939,-28.639458,0.396795,5.406394,6.369546,6.221114,5.871567,5.967155,6.369546,37.913200000,128.174930000,37.913200000,128.174930000,37.912940000,128.174970000,37.912975529,128.175011970,37.913303000,128.174590000,37.913259952,128.174637777,37.913460000,128.174900000,37.913422365,128.174847635,37.913116000,128.175280000,37.913150978,128.175229960
218,218,826610010042,43.608,4.097963,37.915203000,128.177580000,1377.000000,1684.508585,1204.388927,-480.119657,-28.502061,0.759786,7.642247,7.465980,5.875696,5.934374,6.729575,7.642247,37.913174000,128.174960000,37.913174000,128.174960000,37.912914000,128.174970000,37.912952164,128.175042333,37.913290000,128.174620000,37.913234496,128.174667720,37.913433000,128.174930000,37.913396951,128.174881132,37.913082000,128.175300000,37.913125600,128.175261119
219,219,826610010245,43.811,4.097963,37.915146000,128.177610000,1377.000000,1663.587198,1208.045859,-455.541339,-27.383076,0.338353,8.632782,6.847900,6.499741,6.736252,7.179169,8.632782,37.913150000,128.174970000,37.913150000,128.174970000,37.912884000,128.174970000,37.912928827,128.175050210,37.913270000,128.174650000,37.913212639,128.174678168,37.913403000,128.174960000,37.913374123,128.174895677,37.913048000,128.175310000,37.913100580,128.175272035
220,220,826610010433,43.999,4.097963,37.915080000,128.177630000,1376.000000,1621.499485,1206.655543,-414.843941,-25.583970,0.871007,10.205891,7.105666,6.872651,7.016772,7.800245,10.205891,37.913124000,128.174990000,37.913124000,128.174990000,37.912857000,128.174970000,37.912904753,128.175069200,37.913250000,128.174680000,37.913187894,128.174698682,37.913376000,128.174990000,37.913348619,128.174919863,37.913013000,128.175310000,37.913074578,128.175292933
221,221,826610010636,44.202,4.097963,37.915020000,128.177640000,1376.000000,1630.934577,1207.038136,-423.896441,-25.991014,1.090612,11.206616,7.947528,8.013711,8.645568,8.953356,11.206616,37.913094000,128.175000000,37.913094000,128.175000000,37.912823000,128.174970000,37.912876011,128.175078478,37.913230000,128.174700000,37.913158955,128.174708937,37.913340000,128.175020000,37.913318970,128.174932734,37.912968000,128.175320000,37.913044631,128.175303993
222,222,826610010839,44.405,4.097963,37.914960000,128.177660000,1375.000000,1590.753368,1201.768897,-388.984471,-24.452846,0.999981,12.501934,9.137733,8.860543,8.925039,9.856312,12.501934,37.913063000,128.175020000,37.913063000,128.175020000,37.912796000,128.174970000,37.912846261,128.175097299,37.913210000,128.174730000,37.913127928,128.174728095,37.913310000,128.175050000,37.913286643,128.174953553,37.912933000,128.175320000,37.913013118,128.175323827
223,223,826610011042,44.608,4.097963,37.914890000,128.177670000,1375.000000,1630.349266,1196.413575,-433.935691,-26.616118,1.137888,13.809739,9.759053,10.451305,9.968218,10.997079,13.809739,37.913036000,128.175030000,37.913036000,128.175030000,37.912770000,128.174960000,37.912819416,128.175104228,37.913190000,128.174740000,37.913102345,128.174738184,37.913284000,128.175080000,37.913258679,128.174965408,37.912895000,128.175320000,37.912983977,128.175332775
224,224,826610011239,44.805,4.097963,37.914830000,128.177670000,1374.000000,1628.345723,1190.579111,-437.766612,-26.884132,0.587420,13.493879,10.949623,12.909799,10.693001,12.011576,13.493879,37.913006000,128.175030000,37.913006000,128.175030000,37.912743000,128.174960000,37.912789716,128.175101777,37.913170000,128.174760000,37.913073119,128.174738445,37.913254000,128.175110000,37.913227692,128.174966837,37.912857000,128.175320000,37.912952615,128.175331667
225,225,826610011434,45.000,4.097963,37.914770000,128.177670000,1374.000000,1633.087963,1186.577899,-446.510064,-27.341458,0.479288,14.795350,12.062613,13.488289,11.756589,13.025710,14.795350,37.912980000,128.175020000,37.912980000,128.175020000,37.912720000,128.174930000,37.912763820,128.175089045,37.913155000,128.174760000,37.913049344,128.174729509,37.913227000,128.175110000,37.913201708,128.174959802,37.912820000,128.175300000,37.912924336,128.175320742
226,226,826610011637,45.203,4.097963,37.914707000,128.177670000,1373.000000,1636.657322,1168.763812,-467.893510,-28.588361,0.890243,17.358301,12.793130,15.478309,13.205414,14.708789,17.358301,37.912940000,128.175050000,37.912940000,128.175050000,37.912685000,128.174930000,37.912726471,128.175120528,37.913120000,128.174790000,37.913007772,128.174758644,37.913185000,128.175160000,37.913158689,128.174986944,37.912773000,128.175300000,37.912884935,128.175349786
227,227,826610011840,45.406,4.097963,37.914646000,128.177670000,1373.000000,1566.999661,1159.456287,-407.543374,-26.007879,1.014174,18.963694,14.120973,16.229258,15.106779,16.105176,18.963694,37.912900000,128.175050000,37.912900000,128.175050000,37.912650000,128.174910000,37.912687913,128.175120511,37.913086000,128.174820000,37.912968605,128.174759087,37.913140000,128.175170000,37.913117775,128.174987369,37.912720000,128.175280000,37.912844168,128.175349408
228,228,826610012043,45.609,4.097963,37.914577000,128.177660000,1372.000000,1580.345417,1145.851733,-434.493685,-27.493590,1.295616,19.622985,14.629049,17.760216,16.840033,17.213071,19.622985,37.912870000,128.175050000,37.912870000,128.175050000,37.912624000,128.174900000,37.912659219,128.175118928,37.913063000,128.174820000,37.912940193,128.174760705,37.913105000,128.175190000,37.913086725,128.174989108,37.912678000,128.175260000,37.912812487,128.175347796
229,229,826610012231,45.797,4.097963,37.914516000,128.177640000,1372.000000,1562.992556,1137.676983,-425.315574,-27.211619,0.861958,13.483173,36.598247,11.695146,34.282450,24.014754,36.598247,37.912838000,128.175030000,37.912838000,128.175030000,37.912643000,128.175250000,37.912627980,128.175097662,37.912600000,128.174880000,37.912910437,128.174742799,37.913040000,128.174840000,37.913054903,128.174971817,37.913070000,128.175200000,37.912778727,128.175326765
230,230,826610012434,46.000,4.097963,37.914450000,128.177610000,1371.000000,1599.655657,1126.085718,-473.569939,-29.604492,0.315946,10.797405,34.661691,11.719753,33.843521,22.755593,34.661691,37.912807000,128.175030000,37.912807000,128.175030000,37.912605000,128.175220000,37.912598681,128.175097319,37.912580000,128.174850000,37.912880016,128.174744388,37.913017000,128.174840000,37.913023004,128.174973227,37.913040000,128.175220000,37.912747701,128.175325977
231,231,826610012638,46.204,4.097963,37.914390000,128.177600000,1371.000000,1556.932263,1125.576796,-431.355467,-27.705474,0.365200,9.281938,33.832862,9.564524,33.531628,21.552738,33.832862,37.912780000,128.175000000,37.912780000,128.175000000,37.912575000,128.175170000,37.912571668,128.175064398,37.912560000,128.174800000,37.912856870,128.174717473,37.913000000,128.174840000,37.912997406,128.174948854,37.913010000,128.175200000,37.912718435,128.175295889
232,232,826610012841,46.407,4.097963,37.914333000,128.177570000,1370.000000,1571.989037,1115.804804,-456.184233,-29.019556,0.487977,9.347967,33.293144,8.637601,31.791455,20.767542,33.293144,37.912746000,128.175000000,37.912746000,128.175000000,37.912533000,128.175170000,37.912538691,128.175063806,37.912530000,128.174800000,37.912821855,128.174717193,37.912968000,128.174850000,37.912961658,128.174948021,37.912964000,128.175220000,37.912684518,128.175294451
233,233,826610013045,46.611,4.097963,37.914280000,128.177540000,1370.000000,1563.288448,1110.196712,-453.091736,-28.983246,0.124138,7.785100,31.839626,7.784848,31.258575,19.667037,31.839626,37.912716000,128.174990000,37.912716000,128.174990000,37.912500000,128.175140000,37.912508666,128.175052040,37.912510000,128.174770000,37.912791675,128.174707050,37.912940000,128.174850000,37.912930506,128.174937820,37.912930000,128.175220000,37.912653608,128.175282817
234,234,826610013232,46.798,4.097963,37.914280000,128.177540000,1370.000000,1563.288448,1110.196712,-453.091736,-28.983246,0.124138,7.785100,31.839626,7.784848,31.258575,19.667037,31.839626,37.912716000,128.174990000,37.912716000,128.174990000,37.912500000,128.175140000,37.912508666,128.175052040,37.912510000,128.174770000,37.912791675,128.174707050,37.912940000,128.174850000,37.912930506,128.174937820,37.912930000,128.175220000,37.912653608,128.175282817
235,235,826610013435,47.001,4.097963,37.914165000,128.177440000,1369.000000,1546.375788,1084.651465,-461.724323,-29.858481,0.484131,5.304898,30.484666,6.554228,29.301307,17.911275,30.484666,37.912670000,128.174940000,37.912670000,128.174940000,37.912440000,128.175050000,37.912462842,128.174996988,37.912476000,128.174700000,37.912748126,128.174661128,37.912903000,128.174820000,37.912882549,128.174889981,37.912865000,128.175190000,37.912603379,128.175226701
236,236,826610013638,47.204,4.097963,37.914165000,128.177440000,1369.000000,1546.375788,1084.651465,-461.724323,-29.858481,0.484131,5.304898,30.484666,6.554228,29.301307,17.911275,30.484666,37.912670000,128.174940000,37.912670000,128.174940000,37.912440000,128.175050000,37.912462842,128.174996988,37.912476000,128.174700000,37.912748126,128.174661128,37.912903000,128.174820000,37.912882549,128.174889981,37.912865000,128.175190000,37.912603379,128.175226701
237,237,826610013842,47.408,4.097963,37.914112000,128.177410000,1369.000000,1480.432958,1069.268076,-411.164882,-27.773286,0.763212,4.310817,29.371768,3.987290,27.551067,16.305235,29.371768,37.912630000,128.174930000,37.912630000,128.174930000,37.912395000,128.175020000,37.912424813,128.174988675,37.912445000,128.174680000,37.912707917,128.174651884,37.912860000,128.174840000,37.912841116,128.174878578,37.912810000,128.175190000,37.912563327,128.175215554
238,238,826610014045,47.611,4.097963,37.914066000,128.177370000,1368.000000,1464.546260,1053.397807,-411.148453,-28.073436,0.308341,3.495757,27.922255,4.247446,27.381069,15.761632,27.922255,37.912610000,128.174880000,37.912610000,128.174880000,37.912380000,128.174960000,37.912405296,128.174936414,37.912440000,128.174620000,37.912690542,128.174604766,37.912850000,128.174800000,37.912820775,128.174831093,37.912785000,128.175140000,37.912539627,128.175161682
239,239,826610014233,47.799,4.097963,37.914010000,128.177300000,1368.000000,1446.459997,1034.709069,-411.750927,-28.466112,0.701952,3.483832,27.249601,3.341832,25.953869,15.007284,27.249601,37.912580000,128.174870000,37.912580000,128.174870000,37.912346000,128.174930000,37.912377261,128.174928143,37.912415000,128.174600000,37.912659769,128.174596229,37.912815000,128.174800000,37.912789168,128.174819385,37.912743000,128.175140000,37.912509977,128.175149655
240,240,826610014436,48.002,4.097963,37.913967000,128.177260000,1368.000000,1420.552371,1024.109001,-396.443369,-27.907691,0.172346,3.289166,25.589199,3.724935,25.618465,14.555441,25.618465,37.912550000,128.174850000,37.912550000,128.174850000,37.912320000,128.174900000,37.912348646,128.174909179,37.912400000,128.174580000,37.912629862,128.174577337,37.912792000,128.174800000,37.912758542,128.174799332,37.912710000,128.175130000,37.912479868,128.175128638
241,241,826610014640,48.206,4.097963,37.913883000,128.177140000,1367.000000,1378.610766,1000.795000,-377.815766,-27.405543,0.359319,3.444254,25.249096,3.993877,24.444821,14.283012,25.249096,37.912530000,128.174820000,37.912530000,128.174820000,37.912300000,128.174870000,37.912330307,128.174877892,37.912384000,128.174550000,37.912610814,128.174551408,37.912770000,128.174790000,37.912737326,128.174771218,37.912678000,128.175100000,37.912458454,128.175094341
242,242,826610014843,48.409,4.097963,37.913840000,128.177080000,1366.000000,1362.479323,989.746711,-372.732612,-27.356937,0.542418,4.146836,24.540037,4.999378,24.348633,14.508721,24.540037,37.912525000,128.174740000,37.912525000,128.174740000,37.912292000,128.174770000,37.912324595,128.174792860,37.912390000,128.174470000,37.912610398,128.174475886,37.912770000,128.174730000,37.912733236,128.174697305,37.912666000,128.175030000,37.912447879,128.175009361
243,243,826610015046,48.612,4.097963,37.913807000,128.177000000,1366.000000,1342.437568,979.307169,-363.130399,-27.050077,0.485143,5.676609,23.824329,5.017997,22.814480,14.333354,23.824329,37.912500000,128.174730000,37.912500000,128.174730000,37.912266000,128.174740000,37.912301509,128.174786389,37.912370000,128.174440000,37.912583002,128.174466400,37.912735000,128.174730000,37.912707280,128.174684944,37.912630000,128.175020000,37.912425697,128.174999442
244,244,826610015234,48.800,4.097963,37.913773000,128.176940000,1366.000000,1378.514123,970.895733,-407.618390,-29.569403,0.736048,6.321543,22.567241,5.788978,21.883364,14.140282,22.567241,37.912470000,128.174730000,37.912470000,128.174730000,37.912240000,128.174730000,37.912272774,128.174788781,37.912350000,128.174420000,37.912549601,128.174464933,37.912710000,128.174730000,37.912675363,128.174680834,37.912594000,128.175020000,37.912398125,128.174998892
245,245,826610015437,49.003,4.097963,37.913740000,128.176860000,1366.000000,1330.168597,963.764845,-366.403752,-27.545662,0.940210,6.348627,22.006834,6.962550,21.014670,14.083170,22.006834,37.912457000,128.174680000,37.912457000,128.174680000,37.912224000,128.174680000,37.912259233,128.174736842,37.912340000,128.174400000,37.912537230,128.174417103,37.912693000,128.174700000,37.912661873,128.174631238,37.912570000,128.174990000,37.912384314,128.174946867
246,246,826610015634,49.200,4.097963,37.913710000,128.176800000,1365.000000,1305.629494,952.610888,-353.018606,-27.038192,0.954793,9.397251,21.245112,7.880066,20.004869,14.631825,21.245112,37.912434000,128.174640000,37.912434000,128.174640000,37.912200000,128.174600000,37.912236636,128.174696397,37.912327000,128.174330000,37.912513933,128.174378743,37.912670000,128.174670000,37.912637636,128.174590203,37.912540000,128.174930000,37.912361369,128.174905117
247,247,826610015844,49.410,4.097963,37.913690000,128.176730000,1365.000000,1281.578810,942.290020,-339.288791,-26.474282,0.494255,8.246393,20.582246,7.771714,19.856260,14.114153,20.582246,37.912434000,128.174590000,37.912434000,128.174590000,37.912205000,128.174560000,37.912236486,128.174644992,37.912334000,128.174290000,37.912515848,128.174332358,37.912670000,128.174620000,37.912637673,128.174541568,37.912537000,128.174880000,37.912359901,128.174853041
248,248,826610016032,49.598,4.097963,37.913666000,128.176650000,1365.000000,1310.371265,929.624168,-380.747097,-29.056429,0.419136,8.996577,19.949669,9.024660,19.076036,14.261736,19.949669,37.912430000,128.174510000,37.912430000,128.174510000,37.912197000,128.174470000,37.912231970,128.174562351,37.912340000,128.174210000,37.912515245,128.174257521,37.912663000,128.174560000,37.912633937,128.174464074,37.912520000,128.174820000,37.912353194,128.174770243
249,249,826610016235,49.801,4.097963,37.913643000,128.176570000,1365.000000,1286.516726,921.626928,-364.889798,-28.362616,0.243881,10.878989,18.953172,9.787795,18.350814,14.492692,18.953172,37.912395000,128.174510000,37.912395000,128.174510000,37.912167000,128.174450000,37.912198505,128.174567257,37.912308000,128.174210000,37.912474549,128.174254806,37.912630000,128.174560000,37.912596464,128.174456979,37.912483000,128.174820000,37.912322824,128.174770606
250,250,826610016438,50.004,4.097963,37.913628000,128.176500000,1365.000000,1281.433031,916.630330,-364.802701,-28.468339,0.468383,10.972768,18.373796,10.523269,17.693074,14.390727,18.373796,37.912384000,128.174470000,37.912384000,128.174470000,37.912155000,128.174410000,37.912187695,128.174527865,37.912304000,128.174160000,37.912462995,128.174216168,37.912617000,128.174530000,37.912585522,128.174417018,37.912468000,128.174770000,37.912312306,128.174729498
251,251,826610016641,50.207,4.097963,37.913612000,128.176420000,1365.000000,1269.700706,914.241576,-355.459129,-27.995505,0.630422,11.442668,18.154501,10.658090,17.195670,14.362732,18.154501,37.912400000,128.174400000,37.912400000,128.174400000,37.912170000,128.174330000,37.912202386,128.174453653,37.912327000,128.174090000,37.912482766,128.174151230,37.912630000,128.174470000,37.912603501,128.174353385,37.912476000,128.174700000,37.912325327,128.174656846
252,252,826610016844,50.410,4.097963,37.913600000,128.176350000,1365.000000,1265.546019,910.907476,-354.638543,-28.022572,0.798759,10.636144,16.976103,11.685976,17.240835,14.134765,17.240835,37.912376000,128.174360000,37.912376000,128.174360000,37.912148000,128.174300000,37.912178195,128.174414898,37.912308000,128.174070000,37.912456876,128.174111882,37.912605000,128.174440000,37.912578919,128.174311113,37.912450000,128.174680000,37.912303411,128.174616643
253,253,826610017032,50.598,4.097963,37.913590000,128.176250000,1366.000000,1260.902357,905.895522,-355.006834,-28.154982,0.957466,13.664613,16.043618,11.415081,16.233288,14.339150,16.233288,37.912360000,128.174350000,37.912360000,128.174350000,37.912132000,128.174260000,37.912163412,128.174410407,37.912300000,128.174040000,37.912436008,128.174100431,37.912590000,128.174420000,37.912561601,128.174295109,37.912434000,128.174650000,37.912292080,128.174607505
254,254,826610017236,50.802,4.097963,37.913578000,128.176180000,1366.000000,1224.337509,901.555064,-322.782446,-26.363845,0.613217,13.521686,15.666386,11.985326,15.306663,14.120015,15.666386,37.912357000,128.174300000,37.912357000,128.174300000,37.912130000,128.174210000,37.912159722,128.174359280,37.912300000,128.174000000,37.912434199,128.174053723,37.912582000,128.174380000,37.912559184,128.174246632,37.912422000,128.174600000,37.912288870,128.174556400
255,255,826610017440,51.006,4.097963,37.913574000,128.176100000,1366.000000,1278.500157,896.427517,-382.072640,-29.884442,0.663181,13.218919,15.594072,11.607291,15.414472,13.958689,15.594072,37.912376000,128.174240000,37.912376000,128.174240000,37.912148000,128.174150000,37.912177102,128.174295923,37.912327000,128.173930000,37.912456151,128.173998768,37.912600000,128.174320000,37.912579473,128.174190423,37.912437000,128.174550000,37.912305782,128.174493942
256,256,826610017643,51.209,4.097963,37.913567000,128.176030000,1366.000000,1219.009318,892.874671,-326.134647,-26.754073,0.318687,13.687279,14.371431,12.808792,14.590086,13.864397,14.590086,37.912350000,128.174210000,37.912350000,128.174210000,37.912120000,128.174120000,37.912152271,128.174270382,37.912304000,128.173920000,37.912427239,128.173968749,37.912575000,128.174300000,37.912552937,128.174156863,37.912410000,128.174510000,37.912283775,128.174465270
257,257,826610017831,51.397,4.097963,37.913563000,128.175950000,1367.000000,1187.626073,893.241823,-294.384250,-24.787621,0.727030,13.664128,13.579182,13.458142,14.095169,13.699155,14.095169,37.912350000,128.174160000,37.912350000,128.174160000,37.912120000,128.174070000,37.912151372,128.174220415,37.912308000,128.173890000,37.912427510,128.173920982,37.912570000,128.174260000,37.912554188,128.174108079,37.912403000,128.174470000,37.912284169,128.174414584
258,258,826610018034,51.600,4.097963,37.913563000,128.175870000,1367.000000,1165.872952,890.305868,-275.567084,-23.636116,1.137296,13.328743,12.648458,14.473383,14.422944,13.718382,14.473383,37.912346000,128.174100000,37.912346000,128.174100000,37.912120000,128.174010000,37.912145218,128.174158359,37.912310000,128.173840000,37.912422332,128.173861646,37.912570000,128.174210000,37.912549787,128.174047207,37.912400000,128.174410000,37.912279028,128.174351195
259,259,826610018237,51.803,4.097963,37.913563000,128.175800000,1368.000000,1143.386451,885.385161,-258.001291,-22.564662,0.076991,13.444977,12.532545,12.842541,13.463402,13.070866,13.463402,37.912350000,128.174070000,37.912350000,128.174070000,37.912125000,128.173980000,37.912149218,128.174129978,37.912315000,128.173800000,37.912424786,128.173831603,37.912570000,128.174160000,37.912553482,128.174015279,37.912400000,128.174360000,37.912283294,128.174319776
260,260,826610018480,52.046,4.097963,37.913563000,128.175700000,1368.000000,1135.516198,875.388441,-260.127757,-22.908326,0.867504,12.787904,11.480201,13.171775,13.924336,12.841054,13.924336,37.912350000,128.174030000,37.912350000,128.174030000,37.912130000,128.173950000,37.912150026,128.174093376,37.912320000,128.173770000,37.912421708,128.173791622,37.912570000,128.174120000,37.912552448,128.173971683,37.912403000,128.174330000,37.912284832,128.174278009
261,261,826610018645,52.211,4.097963,37.913567000,128.175630000,1369.000000,1129.209820,869.968340,-259.241480,-22.957778,0.654555,13.341188,12.440637,12.214536,13.555832,12.888049,13.555832,37.912376000,128.173980000,37.912376000,128.173980000,37.912160000,128.173890000,37.912174618,128.174040771,37.912342000,128.173700000,37.912448531,128.173742807,37.912598000,128.174060000,37.912578657,128.173923101,37.912426000,128.174260000,37.912307519,128.174224346
262,262,826610018832,52.398,4.097963,37.913570000,128.175550000,1369.000000,1096.360363,862.107630,-234.252734,-21.366399,0.576318,13.041495,12.054808,12.773254,13.309728,12.794821,13.309728,37.912357000,128.173950000,37.912357000,128.173950000,37.912140000,128.173870000,37.912157307,128.174016864,37.912320000,128.173680000,37.912425303,128.173712016,37.912582000,128.174030000,37.912558471,128.173887652,37.912410000,128.174220000,37.912292138,128.174194527
263,263,826610019035,52.601,4.097963,37.913574000,128.175480000,1370.000000,1085.703630,858.737624,-226.966007,-20.904969,0.953605,11.386855,12.601102,12.840612,13.997114,12.706421,13.997114,37.912365000,128.173900000,37.912365000,128.173900000,37.912144000,128.173840000,37.912164801,128.173966944,37.912320000,128.173650000,37.912432766,128.173662515,37.912590000,128.173980000,37.912566282,128.173836918,37.912422000,128.174180000,37.912299664,128.174143178
264,264,826610019248,52.814,4.097963,37.913580000,128.175380000,1370.000000,1074.069229,854.985848,-219.083381,-20.397510,0.176875,11.855817,13.657307,11.618706,13.713958,12.711447,13.713958,37.912373000,128.173870000,37.912373000,128.173870000,37.912148000,128.173810000,37.912173527,128.173941058,37.912315000,128.173610000,37.912436494,128.173631621,37.912598000,128.173930000,37.912572561,128.173801697,37.912434000,128.174130000,37.912311487,128.174113594
265,265,826610019442,53.008,4.097963,37.913590000,128.175310000,1371.000000,1059.794802,856.448787,-203.346015,-19.187301,0.990920,10.957277,15.213111,9.252079,14.345562,12.442007,15.213111,37.912403000,128.173830000,37.912403000,128.173830000,37.912174000,128.173780000,37.912202127,128.173899560,37.912330000,128.173570000,37.912465635,128.173591198,37.912630000,128.173860000,37.912601867,128.173760873,37.912470000,128.174070000,37.912341149,128.174072676
266,266,826610019645,53.211,4.097963,37.913597000,128.175230000,1372.000000,1075.437719,853.073768,-222.363951,-20.676600,0.537698,9.069750,16.521412,8.330901,16.415765,12.584457,16.521412,37.912390000,128.173800000,37.912390000,128.173800000,37.912160000,128.173780000,37.912190525,128.173875748,37.912300000,128.173550000,37.912448200,128.173560107,37.912620000,128.173810000,37.912587338,128.173724654,37.912480000,128.174040000,37.912332567,128.174043919
267,267,826610019833,53.399,4.097963,37.913605000,128.175170000,1372.000000,1072.308984,846.300290,-226.008694,-21.076826,0.147138,6.226183,19.013252,6.829348,19.254774,12.830889,19.254774,37.912403000,128.173750000,37.912403000,128.173750000,37.912170000,128.173770000,37.912204252,128.173826044,37.912290000,128.173520000,37.912460631,128.173510404,37.912632000,128.173740000,37.912599471,128.173674071,37.912518000,128.173980000,37.912345326,128.173992792
268,268,826610020036,53.602,4.097963,37.913605000,128.175170000,1372.000000,1072.308984,846.300290,-226.008694,-21.076826,0.147138,6.226183,19.013252,6.829348,19.254774,12.830889,19.254774,37.912403000,128.173750000,37.912403000,128.173750000,37.912170000,128.173770000,37.912204252,128.173826044,37.912290000,128.173520000,37.912460631,128.173510404,37.912632000,128.173740000,37.912599471,128.173674071,37.912518000,128.173980000,37.912345326,128.173992792
269,269,826610020241,53.807,4.097963,37.913628000,128.175000000,1374.000000,1071.037401,841.422053,-229.615348,-21.438593,0.723519,4.087104,27.639928,5.308129,28.327364,16.340631,28.327364,37.912445000,128.173660000,37.912445000,128.173660000,37.912228000,128.173780000,37.912248576,128.173741459,37.912260000,128.173510000,37.912497548,128.173418415,37.912650000,128.173520000,37.912639489,128.173578953,37.912632000,128.173800000,37.912390877,128.173903083
270,270,826610020444,54.010,4.097963,37.913628000,128.175000000,1374.000000,1071.037401,841.422053,-229.615348,-21.438593,0.723519,4.087104,27.639928,5.308129,28.327364,16.340631,28.327364,37.912445000,128.173660000,37.912445000,128.173660000,37.912228000,128.173780000,37.912248576,128.173741459,37.912260000,128.173510000,37.912497548,128.173418415,37.912650000,128.173520000,37.912639489,128.173578953,37.912632000,128.173800000,37.912390877,128.173903083
271,271,826610020632,54.198,4.097963,37.913640000,128.174930000,1375.000000,1050.310356,838.889943,-211.420413,-20.129328,0.426122,7.782596,30.633813,6.993897,30.778232,19.047134,30.778232,37.912476000,128.173610000,37.912476000,128.173610000,37.912273000,128.173780000,37.912280502,128.173691897,37.912277000,128.173510000,37.912528645,128.173368837,37.912666000,128.173450000,37.912670481,128.173529431,37.912678000,128.173720000,37.912422266,128.173853204
272,272,826610020835,54.401,4.097963,37.913654000,128.174850000,1376.000000,1053.144824,828.267816,-224.877009,-21.352905,0.500470,9.814845,11.016314,10.360876,11.108590,10.575156,11.108590,37.912530000,128.173510000,37.912530000,128.173510000,37.912310000,128.173480000,37.912335127,128.173587120,37.912685000,128.173300000,37.912588375,128.173272906,37.912750000,128.173550000,37.912725732,128.173436110,37.912373000,128.173740000,37.912472374,128.173751534
273,273,826610021038,54.604,4.097963,37.913666000,128.174770000,1376.000000,1055.882096,819.942796,-235.939300,-22.345232,0.250045,7.694870,8.584041,7.668306,8.730538,8.169439,8.730538,37.912544000,128.173460000,37.912544000,128.173460000,37.912323000,128.173460000,37.912351003,128.173540104,37.912678000,128.173220000,37.912600947,128.173223830,37.912773000,128.173460000,37.912738854,128.173384169,37.912410000,128.173700000,37.912488418,128.173701543
274,274,826610021241,54.807,4.097963,37.913677000,128.174700000,1377.000000,1063.899355,809.181888,-254.717466,-23.941876,0.362718,3.153514,4.807713,3.425015,3.331293,3.679384,4.807713,37.912518000,128.173390000,37.912518000,128.173390000,37.912300000,128.173480000,37.912328129,128.173475750,37.912598000,128.173110000,37.912573545,128.173155120,37.912743000,128.173310000,37.912712243,128.173311010,37.912445000,128.173660000,37.912465524,128.173632396
275,275,826610021444,55.010,4.097963,37.913692000,128.174620000,1378.000000,1090.199109,809.394530,-280.804579,-25.757183,0.091490,3.642327,4.019314,4.202884,4.232936,4.024365,4.232936,37.912487000,128.173390000,37.912487000,128.173390000,37.912280000,128.173520000,37.912299896,128.173487076,37.912520000,128.173110000,37.912533610,128.173152389,37.912700000,128.173260000,37.912678139,128.173299017,37.912457000,128.173680000,37.912443488,128.173634948
276,276,826610021632,55.198,4.097963,37.913708000,128.174530000,1379.000000,1060.380525,816.814781,-243.565744,-22.969655,0.901961,4.495169,5.969625,5.591327,4.096020,5.038035,5.969625,37.912464000,128.173420000,37.912464000,128.173420000,37.912270000,128.173580000,37.912279192,128.173530161,37.912460000,128.173130000,37.912497758,128.173178266,37.912655000,128.173250000,37.912650058,128.173313355,37.912464000,128.173690000,37.912431832,128.173667358
277,277,826610021836,55.402,4.097963,37.913720000,128.174470000,1380.000000,1096.065378,808.369623,-287.695755,-26.248047,0.416784,6.868499,6.741229,5.603704,6.862801,6.519058,6.868499,37.912470000,128.173360000,37.912470000,128.173360000,37.912290000,128.173550000,37.912287346,128.173471866,37.912453000,128.173080000,37.912504721,128.173119925,37.912660000,128.173190000,37.912656361,128.173253638,37.912490000,128.173650000,37.912438373,128.173607291
278,278,826610022040,55.606,4.097963,37.913734000,128.174400000,1381.000000,1071.525726,804.875809,-266.649917,-24.885069,0.185218,7.435101,7.500191,7.136232,7.115646,7.296792,7.500191,37.912480000,128.173320000,37.912480000,128.173320000,37.912304000,128.173520000,37.912299369,128.173435546,37.912450000,128.173050000,37.912512938,128.173080480,37.912660000,128.173130000,37.912665607,128.173210943,37.912510000,128.173600000,37.912451331,128.173567838
279,279,826610022243,55.809,4.097963,37.913750000,128.174320000,1382.000000,1111.903369,802.992807,-308.910561,-27.782141,0.422243,8.889916,7.803003,7.589342,7.967374,8.062409,8.889916,37.912487000,128.173280000,37.912487000,128.173280000,37.912320000,128.173500000,37.912308152,128.173399898,37.912453000,128.173000000,37.912515716,128.173039681,37.912666000,128.173080000,37.912670568,128.173166220,37.912525000,128.173570000,37.912461643,128.173527800
280,280,826610022446,56.012,4.097963,37.913780000,128.174160000,1384.000000,1073.774147,806.932672,-266.841475,-24.850801,0.983340,7.896226,6.223077,6.466207,7.676883,7.065598,7.896226,37.912495000,128.173230000,37.912495000,128.173230000,37.912334000,128.173450000,37.912320544,128.173361725,37.912457000,128.172970000,37.912511288,128.172986909,37.912670000,128.173030000,37.912673255,128.173103510,37.912540000,128.173520000,37.912479409,128.173478257
281,281,826610022634,56.200,4.097963,37.913795000,128.174090000,1385.000000,1080.617670,808.309534,-272.308135,-25.199304,1.352766,8.612419,6.136165,6.142061,8.019565,7.227553,8.612419,37.912506000,128.173190000,37.912506000,128.173190000,37.912350000,128.173420000,37.912332457,128.173324491,37.912464000,128.172930000,37.912517753,128.172945475,37.912680000,128.172990000,37.912682171,128.173059881,37.912556000,128.173480000,37.912492172,128.173437658
282,282,826610022837,56.403,4.097963,37.913810000,128.174000000,1386.000000,1055.393635,809.593441,-245.800193,-23.289907,0.701353,6.331824,6.011372,5.500936,7.074771,6.229726,7.074771,37.912518000,128.173160000,37.912518000,128.173160000,37.912360000,128.173370000,37.912346261,128.173300039,37.912470000,128.172900000,37.912522797,128.172914371,37.912690000,128.172960000,37.912689925,128.173022635,37.912570000,128.173430000,37.912508992,128.173407431
283,283,826610023040,56.606,4.097963,37.913826000,128.173930000,1387.000000,1063.361463,808.688426,-254.673037,-23.949809,1.301764,7.923504,5.419627,5.167469,7.289649,6.450062,7.923504,37.912530000,128.173110000,37.912530000,128.173110000,37.912373000,128.173340000,37.912358548,128.173251660,37.912483000,128.172850000,37.912530597,128.172862973,37.912697000,128.172910000,37.912698537,128.172968806,37.912582000,128.173390000,37.912522020,128.173356691
284,284,826610023244,56.810,4.097963,37.913840000,128.173860000,1388.000000,1066.538626,810.393763,-256.144863,-24.016464,1.112340,7.687205,5.087822,4.823909,6.712100,6.077759,7.687205,37.912548000,128.173070000,37.912548000,128.173070000,37.912390000,128.173300000,37.912377208,128.173213987,37.912502000,128.172800000,37.912544306,128.172821922,37.912716000,128.172870000,37.912713347,128.172924823,37.912600000,128.173340000,37.912542606,128.173316576
285,285,826610023432,56.998,4.097963,37.913857000,128.173780000,1388.000000,1070.302621,808.563048,-261.739572,-24.454726,1.237596,7.321437,4.590819,6.268888,7.145425,6.331642,7.321437,37.912550000,128.173020000,37.912550000,128.173020000,37.912395000,128.173250000,37.912382445,128.173168169,37.912502000,128.172760000,37.912542106,128.172772175,37.912720000,128.172800000,37.912712364,128.172870720,37.912613000,128.173280000,37.912549674,128.173266706
286,286,826610023635,57.201,4.097963,37.913870000,128.173690000,1390.000000,1050.993481,814.152750,-236.840732,-22.534938,1.492432,6.808933,4.563323,4.952769,6.761069,5.771524,6.808933,37.912563000,128.172970000,37.912563000,128.172970000,37.912407000,128.173200000,37.912398938,128.173123148,37.912510000,128.172730000,37.912550451,128.172721581,37.912724000,128.172760000,37.912723188,128.172816384,37.912624000,128.173250000,37.912568812,128.173217857
287,287,826610023890,57.456,4.097963,37.913887000,128.173630000,1390.000000,1056.370413,814.768944,-241.601470,-22.870905,0.674603,6.536393,5.211134,5.732806,5.935539,5.853968,6.536393,37.912580000,128.172930000,37.912580000,128.172930000,37.912420000,128.173160000,37.912418583,128.173085597,37.912518000,128.172680000,37.912564798,128.172681497,37.912730000,128.172710000,37.912738662,128.172774345,37.912640000,128.173200000,37.912589537,128.173178173
288,288,826610024041,57.607,4.097963,37.913902000,128.173550000,1391.000000,1056.370270,816.220088,-240.150182,-22.733523,0.347998,6.032742,5.026458,6.117215,5.009736,5.546538,6.117215,37.912590000,128.172900000,37.912590000,128.172900000,37.912430000,128.173130000,37.912432474,128.173061381,37.912525000,128.172640000,37.912569183,128.172651800,37.912735000,128.172670000,37.912744886,128.172738516,37.912650000,128.173160000,37.912605961,128.173148255
289,289,826610024245,57.811,4.097963,37.913914000,128.173480000,1392.000000,1069.275342,819.361746,-249.913595,-23.372240,0.628537,5.878868,5.247032,5.926230,4.905720,5.489463,5.926230,37.912600000,128.172850000,37.912600000,128.172850000,37.912437000,128.173080000,37.912444020,128.173013656,37.912530000,128.172590000,37.912576247,128.172601540,37.912740000,128.172620000,37.912752453,128.172685605,37.912663000,128.173110000,37.912619859,128.173098597
290,290,826610024432,57.998,4.097963,37.913930000,128.173390000,1393.000000,1067.759666,822.837242,-244.922424,-22.937973,1.248238,5.580387,5.730448,6.731720,4.808847,5.712851,6.731720,37.912620000,128.172800000,37.912620000,128.172800000,37.912457000,128.173030000,37.912466451,128.172967600,37.912540000,128.172550000,37.912591461,128.172551649,37.912746000,128.172560000,37.912768783,128.172631001,37.912685000,128.173070000,37.912645271,128.173048501
291,291,826610024636,58.202,4.097963,37.913944000,128.173320000,1394.000000,1085.406508,823.416989,-261.989519,-24.137456,1.520983,6.200235,6.179324,6.615222,4.568407,5.890797,6.615222,37.912624000,128.172760000,37.912624000,128.172760000,37.912460000,128.173000000,37.912472951,128.172931338,37.912537000,128.172500000,37.912591687,128.172512072,37.912743000,128.172520000,37.912769956,128.172587127,37.912693000,128.173020000,37.912653049,128.173008103
292,292,826610024840,58.406,4.097963,37.913956000,128.173250000,1395.000000,1071.523512,823.117408,-248.406104,-23.182516,1.744430,4.839878,6.353567,8.096485,4.380615,5.917636,8.096485,37.912632000,128.172730000,37.912632000,128.172730000,37.912476000,128.172960000,37.912484204,128.172905882,37.912540000,128.172470000,37.912596107,128.172483266,37.912743000,128.172470000,37.912774996,128.172552789,37.912704000,128.172990000,37.912665886,128.172977590
293,293,826610025043,58.609,4.097963,37.913970000,128.173170000,1396.000000,1091.858876,818.795340,-273.063536,-25.009050,1.790156,6.218395,7.098319,8.123247,4.795224,6.558796,8.123247,37.912640000,128.172680000,37.912640000,128.172680000,37.912490000,128.172930000,37.912495445,128.172859533,37.912540000,128.172420000,37.912602667,128.172434939,37.912743000,128.172420000,37.912780499,128.172499346,37.912720000,128.172940000,37.912678124,128.172927199
294,294,826610025231,58.797,4.097963,37.913986000,128.173080000,1397.000000,1102.808600,819.533231,-283.275369,-25.686721,1.571713,4.849366,7.511005,7.592275,5.232179,6.296206,7.592275,37.912650000,128.172640000,37.912650000,128.172640000,37.912514000,128.172880000,37.912509961,128.172825022,37.912548000,128.172360000,37.912608837,128.172396984,37.912754000,128.172380000,37.912788058,128.172454897,37.912740000,128.172900000,37.912694297,128.172886093
295,295,826610025434,59.000,4.097963,37.913998000,128.173020000,1398.000000,1093.325228,818.536682,-274.788546,-25.133285,1.391528,5.593545,7.453341,7.798504,5.635220,6.620152,7.798504,37.912650000,128.172590000,37.912650000,128.172590000,37.912518000,128.172840000,37.912511986,128.172776768,37.912544000,128.172330000,37.912609412,128.172348112,37.912750000,128.172330000,37.912788585,128.172404113,37.912746000,128.172850000,37.912696592,128.172836034
296,296,826610025637,59.203,4.097963,37.914010000,128.172940000,1399.000000,1084.477266,820.324184,-264.153082,-24.357641,1.294081,5.370228,7.739411,7.494104,5.728851,6.583148,7.739411,37.912655000,128.172550000,37.912655000,128.172550000,37.912533000,128.172800000,37.912520317,128.172741004,37.912544000,128.172290000,37.912611726,128.172309912,37.912754000,128.172290000,37.912791822,128.172360590,37.912758000,128.172800000,37.912706692,128.172794935
297,297,826610025840,59.406,4.097963,37.914020000,128.172870000,1400.000000,1099.435409,820.024209,-279.411200,-25.414062,0.930505,5.461310,7.740703,7.223293,6.507524,6.733207,7.740703,37.912666000,128.172490000,37.912666000,128.172490000,37.912550000,128.172740000,37.912532133,128.172682087,37.912556000,128.172230000,37.912623560,128.172250864,37.912770000,128.172230000,37.912803733,128.172300259,37.912777000,128.172740000,37.912718688,128.172734770
298,298,826610026044,59.610,4.097963,37.914036000,128.172780000,1401.000000,1120.993012,818.558376,-302.434636,-26.979172,0.316800,6.277304,7.672928,6.540186,6.718260,6.802170,7.672928,37.912663000,128.172440000,37.912663000,128.172440000,37.912556000,128.172700000,37.912530873,128.172636013,37.912550000,128.172180000,37.912616580,128.172202604,37.912770000,128.172180000,37.912797083,128.172246084,37.912777000,128.172700000,37.912718198,128.172682778
299,299,826610026232,59.798,4.097963,37.914047000,128.172700000,1402.000000,1070.545393,819.290832,-251.254562,-23.469772,1.119983,4.729184,6.569667,5.680070,6.426603,5.851381,6.569667,37.912663000,128.172410000,37.912663000,128.172410000,37.912563000,128.172650000,37.912533876,128.172610798,37.912556000,128.172150000,37.912611750,128.172174542,37.912777000,128.172150000,37.912793158,128.172211346,37.912780000,128.172650000,37.912722271,128.172650676
300,300,826610026435,60.001,4.097963,37.914055000,128.172620000,1403.000000,1110.825275,819.496183,-291.329091,-26.226365,1.246070,6.330038,5.623048,5.226473,7.100046,6.069901,7.100046,37.912663000,128.172360000,37.912663000,128.172360000,37.912570000,128.172620000,37.912534723,128.172563471,37.912563000,128.172100000,37.912609152,128.172126022,37.912785000,128.172100000,37.912791384,128.172158957,37.912785000,128.172620000,37.912723372,128.172599175
301,301,826610026638,60.204,4.097963,37.914066000,128.172550000,1404.000000,1071.718434,819.954802,-251.763631,-23.491584,2.064777,8.088916,4.458048,3.390027,6.818628,5.688905,8.088916,37.912674000,128.172300000,37.912674000,128.172300000,37.912586000,128.172580000,37.912544693,128.172504227,37.912580000,128.172060000,37.912619698,128.172066686,37.912804000,128.172060000,37.912802623,128.172098560,37.912792000,128.172560000,37.912733114,128.172538629
302,302,826610026842,60.408,4.097963,37.914078000,128.172470000,1405.000000,1105.741301,819.777548,-285.963753,-25.861723,2.109632,6.114664,4.278277,4.936417,6.679848,5.502301,6.679848,37.912670000,128.172270000,37.912670000,128.172270000,37.912582000,128.172530000,37.912544591,128.172479019,37.912580000,128.172010000,37.912610969,128.172038847,37.912807000,128.172010000,37.912794993,128.172064108,37.912790000,128.172530000,37.912732936,128.172506478
303,303,826610027045,60.611,4.097963,37.914090000,128.172400000,1406.000000,1089.463087,820.315415,-269.147672,-24.704616,2.126538,5.733435,3.436782,4.947145,6.017629,5.033748,6.017629,37.912674000,128.172230000,37.912674000,128.172230000,37.912586000,128.172490000,37.912551275,128.172441787,37.912586000,128.171980000,37.912612423,128.172000239,37.912815000,128.171970000,37.912797276,128.172021656,37.912790000,128.172490000,37.912739619,128.172465163
304,304,826610027232,60.798,4.097963,37.914097000,128.172300000,1407.000000,1080.517200,821.263442,-259.253758,-23.993487,1.722597,4.884589,3.076250,4.771127,5.056911,4.447219,5.056911,37.912690000,128.172180000,37.912690000,128.172180000,37.912598000,128.172440000,37.912571271,128.172395892,37.912598000,128.171940000,37.912623773,128.171952639,37.912830000,128.171920000,37.912809686,128.171967836,37.912800000,128.172440000,37.912759967,128.172412787
305,305,826610027436,61.002,4.097963,37.914104000,128.172230000,1408.000000,1094.204430,819.003735,-275.200694,-25.150757,1.613297,5.047038,3.004244,3.818546,5.225187,4.273754,5.225187,37.912697000,128.172130000,37.912697000,128.172130000,37.912598000,128.172400000,37.912579622,128.172347466,37.912605000,128.171890000,37.912629650,128.171903924,37.912834000,128.171880000,37.912815271,128.171916426,37.912804000,128.172400000,37.912768069,128.172361717
306,306,826610027640,61.206,4.097963,37.914116000,128.172150000,1409.000000,1100.950224,818.924037,-282.026187,-25.616616,1.118483,4.469280,3.236799,4.446142,4.161506,4.078432,4.469280,37.912704000,128.172090000,37.912704000,128.172090000,37.912600000,128.172360000,37.912589547,128.172310867,37.912613000,128.171840000,37.912633561,128.171866059,37.912840000,128.171830000,37.912819267,128.171873269,37.912807000,128.172350000,37.912778225,128.172319751
307,307,826610027843,61.409,4.097963,37.914120000,128.172090000,1409.000000,1085.209705,817.160878,-268.048827,-24.700187,0.460031,3.272810,3.910254,3.999896,2.499984,3.420736,3.999896,37.912710000,128.172060000,37.912710000,128.172060000,37.912594000,128.172320000,37.912597881,128.172283061,37.912610000,128.171810000,37.912637321,128.171837984,37.912838000,128.171800000,37.912822766,128.171841248,37.912807000,128.172300000,37.912786667,128.172287915
308,308,826610028031,61.597,4.097963,37.914127000,128.172010000,1410.000000,1097.528213,815.693711,-281.834502,-25.679021,0.425602,4.874629,3.224727,3.673157,3.071290,3.710951,4.874629,37.912716000,128.172010000,37.912716000,128.172010000,37.912598000,128.172290000,37.912605896,128.172235406,37.912617000,128.171770000,37.912641370,128.171789851,37.912838000,128.171750000,37.912826360,128.171789135,37.912815000,128.172260000,37.912794763,128.172236231
309,309,826610028234,61.800,4.097963,37.914127000,128.172010000,1410.000000,1097.528213,815.693711,-281.834502,-25.679021,0.425602,4.874629,3.224727,3.673157,3.071290,3.710951,4.874629,37.912716000,128.172010000,37.912716000,128.172010000,37.912598000,128.172290000,37.912605896,128.172235406,37.912617000,128.171770000,37.912641370,128.171789851,37.912838000,128.171750000,37.912826360,128.171789135,37.912815000,128.172260000,37.912794763,128.172236231
310,310,826610028437,62.003,4.097963,37.914135000,128.171920000,1411.000000,1129.937559,818.510089,-311.427470,-27.561476,0.942685,4.430380,3.927066,4.967444,2.218201,3.885773,4.967444,37.912735000,128.171970000,37.912735000,128.171970000,37.912605000,128.172240000,37.912628717,128.172199491,37.912632000,128.171720000,37.912656071,128.171752688,37.912850000,128.171690000,37.912840750,128.171745332,37.912834000,128.172210000,37.912819044,128.172193310
311,311,826610028641,62.207,4.097963,37.914143000,128.171840000,1412.000000,1091.417516,814.580044,-276.837473,-25.364947,1.144211,5.127615,3.565069,2.203640,2.940964,3.459322,5.127615,37.912735000,128.171900000,37.912735000,128.171900000,37.912605000,128.172180000,37.912628700,128.172129936,37.912630000,128.171660000,37.912655970,128.171683753,37.912840000,128.171650000,37.912839462,128.171675082,37.912834000,128.172150000,37.912819094,128.172122353
312,312,826610028844,62.410,4.097963,37.914150000,128.171680000,1414.000000,1104.322423,819.577277,-284.745146,-25.784602,1.201481,4.464442,3.499191,4.275505,2.556286,3.698856,4.464442,37.912754000,128.171830000,37.912754000,128.171830000,37.912624000,128.172100000,37.912654545,128.172067059,37.912643000,128.171590000,37.912664404,128.171619178,37.912846000,128.171550000,37.912847514,128.171598644,37.912860000,128.172070000,37.912846196,128.172046740
313,313,826610029032,62.598,4.097963,37.914150000,128.171680000,1414.000000,1104.322423,819.577277,-284.745146,-25.784602,1.201481,4.464442,3.499191,4.275505,2.556286,3.698856,4.464442,37.912754000,128.171830000,37.912754000,128.171830000,37.912624000,128.172100000,37.912654545,128.172067059,37.912643000,128.171590000,37.912664404,128.171619178,37.912846000,128.171550000,37.912847514,128.171598644,37.912860000,128.172070000,37.912846196,128.172046740
314,314,826610029235,62.801,4.097963,37.914154000,128.171600000,1415.000000,1107.499897,819.873033,-287.626864,-25.970825,0.722232,3.659025,4.234514,3.316699,3.288196,3.624609,4.234514,37.912750000,128.171770000,37.912750000,128.171770000,37.912630000,128.172040000,37.912651320,128.172008291,37.912636000,128.171520000,37.912656371,128.171560719,37.912840000,128.171500000,37.912839748,128.171537763,37.912865000,128.172010000,37.912842785,128.171985323
315,315,826610029439,63.005,4.097963,37.914158000,128.171520000,1416.000000,1150.956989,821.104875,-329.852114,-28.658944,0.165980,4.152544,3.558173,3.295424,4.567974,3.893529,4.567974,37.912760000,128.171720000,37.912760000,128.171720000,37.912643000,128.172000000,37.912663487,128.171960487,37.912643000,128.171480000,37.912661534,128.171513008,37.912853000,128.171450000,37.912844820,128.171486061,37.912884000,128.171970000,37.912854969,128.171933241
316,316,826610029642,63.208,4.097963,37.914160000,128.171450000,1417.000000,1141.082596,822.288977,-318.793619,-27.937821,0.735804,3.353773,4.323847,4.102186,3.755169,3.883744,4.323847,37.912758000,128.171680000,37.912758000,128.171680000,37.912643000,128.171950000,37.912663904,128.171922501,37.912640000,128.171430000,37.912655335,128.171475233,37.912850000,128.171400000,37.912838812,128.171444504,37.912880000,128.171920000,37.912855014,128.171891274
317,317,826610029846,63.412,4.097963,37.914160000,128.171370000,1417.000000,1151.299203,818.961220,-332.337983,-28.866344,0.644221,4.723601,2.801190,3.509774,4.635141,3.917426,4.723601,37.912758000,128.171630000,37.912758000,128.171630000,37.912647000,128.171920000,37.912668428,128.171873578,37.912640000,128.171400000,37.912652323,128.171427808,37.912853000,128.171360000,37.912835552,128.171393286,37.912884000,128.171880000,37.912858214,128.171838562
318,318,826610030033,63.599,4.097963,37.914160000,128.171300000,1418.000000,1131.501348,818.176749,-313.324599,-27.691050,0.608766,4.381131,2.907632,3.609736,4.061211,3.739928,4.381131,37.912766000,128.171600000,37.912766000,128.171600000,37.912663000,128.171890000,37.912681601,128.171846038,37.912647000,128.171370000,37.912656674,128.171400752,37.912860000,128.171330000,37.912838630,128.171360914,37.912895000,128.171840000,37.912870653,128.171805562
319,319,826610030236,63.802,4.097963,37.914160000,128.171220000,1419.000000,1136.732045,816.322076,-320.409969,-28.186939,1.346708,4.040410,2.840305,5.150746,4.348177,4.094909,5.150746,37.912754000,128.171540000,37.912754000,128.171540000,37.912663000,128.171830000,37.912673722,128.171786048,37.912640000,128.171310000,37.912641388,128.171342293,37.912857000,128.171260000,37.912823350,128.171300253,37.912888000,128.171780000,37.912861546,128.171743574
320,320,826610030439,64.005,4.097963,37.914160000,128.171140000,1420.000000,1100.167284,816.902898,-283.264385,-25.747392,1.277449,3.408799,4.010065,5.139901,2.658941,3.804426,5.139901,37.912758000,128.171500000,37.912758000,128.171500000,37.912666000,128.171780000,37.912683204,128.171747891,37.912643000,128.171260000,37.912640516,128.171305551,37.912857000,128.171220000,37.912822102,128.171258321,37.912888000,128.171720000,37.912869869,128.171700290
321,321,826610030643,64.209,4.097963,37.914158000,128.170970000,1421.000000,1103.100281,819.395413,-283.704868,-25.718865,1.093811,4.337728,4.273828,5.671478,4.407637,4.672668,5.671478,37.912758000,128.171450000,37.912758000,128.171450000,37.912670000,128.171740000,37.912696232,128.171703477,37.912643000,128.171220000,37.912629556,128.171265582,37.912853000,128.171170000,37.912809425,128.171203461,37.912888000,128.171690000,37.912879828,128.171640894
322,322,826610030847,64.413,4.097963,37.914154000,128.170900000,1422.000000,1077.778562,816.170445,-261.608117,-24.272900,0.846792,3.803369,4.361310,5.847026,3.601400,4.403276,5.847026,37.912770000,128.171400000,37.912770000,128.171400000,37.912685000,128.171680000,37.912712235,128.171653852,37.912647000,128.171170000,37.912637625,128.171218216,37.912857000,128.171110000,37.912816871,128.171152955,37.912895000,128.171630000,37.912893490,128.171589038
323,323,826610031035,64.601,4.097963,37.914146000,128.170820000,1423.000000,1059.007526,818.071089,-240.936437,-22.751154,0.726635,4.439486,4.526289,4.357443,5.585517,4.727184,5.585517,37.912760000,128.171340000,37.912760000,128.171340000,37.912678000,128.171630000,37.912705877,128.171593852,37.912636000,128.171110000,37.912625760,128.171159876,37.912840000,128.171070000,37.912804992,128.171092197,37.912884000,128.171590000,37.912886921,128.171526510
324,324,826610031238,64.804,4.097963,37.914143000,128.170730000,1424.000000,1041.800609,821.713933,-220.086676,-21.125605,0.847592,4.865752,3.286352,4.647759,5.246592,4.511614,5.246592,37.912760000,128.171310000,37.912760000,128.171310000,37.912678000,128.171600000,37.912712594,128.171566135,37.912632000,128.171100000,37.912621412,128.171134930,37.912838000,128.171040000,37.912799320,128.171059922,37.912884000,128.171550000,37.912892438,128.171491226
325,325,826610031441,65.007,4.097963,37.914135000,128.170650000,1425.000000,1062.527036,821.087433,-241.439604,-22.723149,1.033695,5.862632,3.257546,3.996622,4.831023,4.486956,5.862632,37.912766000,128.171250000,37.912766000,128.171250000,37.912678000,128.171540000,37.912723309,128.171505973,37.912624000,128.171040000,37.912625690,128.171077029,37.912830000,128.170970000,37.912802379,128.170999072,37.912888000,128.171480000,37.912902298,128.171428064
326,326,826610031644,65.210,4.097963,37.914127000,128.170580000,1425.000000,1107.890662,817.377149,-290.513514,-26.222219,1.047620,6.496978,3.487182,4.489422,4.928676,4.850564,6.496978,37.912770000,128.171200000,37.912770000,128.171200000,37.912685000,128.171500000,37.912731637,128.171455524,37.912624000,128.170990000,37.912628306,128.171029329,37.912830000,128.170910000,37.912803585,128.170948627,37.912900000,128.171430000,37.912909100,128.171375079
327,327,826610031831,65.397,4.097963,37.914120000,128.170500000,1426.000000,1090.683748,817.489251,-273.194497,-25.048003,1.300908,6.550087,3.888886,4.237455,5.392234,5.017166,6.550087,37.912770000,128.171170000,37.912770000,128.171170000,37.912685000,128.171460000,37.912737685,128.171426790,37.912620000,128.170960000,37.912624882,128.171003845,37.912823000,128.170880000,37.912798584,128.170917016,37.912900000,128.171400000,37.912912688,128.171340746
328,328,826610032034,65.600,4.097963,37.914110000,128.170430000,1427.000000,1101.340453,813.952639,-287.387813,-26.094366,1.380579,6.252719,3.164251,3.133804,5.217686,4.442115,6.252719,37.912760000,128.171100000,37.912760000,128.171100000,37.912685000,128.171400000,37.912729138,128.171355967,37.912605000,128.170900000,37.912615385,128.170933538,37.912807000,128.170820000,37.912788493,128.170846887,37.912903000,128.171330000,37.912903167,128.171270590
329,329,826610032238,65.804,4.097963,37.914097000,128.170350000,1427.000000,1083.058309,813.375578,-269.682731,-24.900112,1.158864,6.346021,3.470358,3.202297,3.886845,4.226380,6.346021,37.912746000,128.171070000,37.912746000,128.171070000,37.912674000,128.171370000,37.912719846,128.171327054,37.912590000,128.170870000,37.912599098,128.170907794,37.912790000,128.170790000,37.912769830,128.170815998,37.912890000,128.171280000,37.912892594,128.171235866
330,330,826610032442,66.008,4.097963,37.914085000,128.170270000,1428.000000,1070.006411,811.148163,-258.858248,-24.192215,1.374012,6.009461,3.969222,2.265909,4.167148,4.102935,6.009461,37.912750000,128.171020000,37.912750000,128.171020000,37.912680000,128.171310000,37.912727719,128.171278006,37.912586000,128.170820000,37.912601195,128.170860885,37.912785000,128.170750000,37.912768766,128.170765564,37.912900000,128.171230000,37.912899242,128.171182562
331,331,826610032645,66.211,4.097963,37.914070000,128.170200000,1429.000000,1063.114156,811.044546,-252.069609,-23.710493,1.252843,4.803272,3.425180,2.603648,5.222644,4.013686,5.222644,37.912730000,128.170970000,37.912730000,128.170970000,37.912674000,128.171260000,37.912709283,128.171228517,37.912563000,128.170780000,37.912580306,128.170812246,37.912766000,128.170700000,37.912746104,128.170715585,37.912884000,128.171190000,37.912880911,128.171130663
332,332,826610032833,66.399,4.097963,37.914055000,128.170100000,1429.000000,1071.815472,811.455799,-260.359672,-24.291464,1.068479,4.745545,4.807623,2.896436,4.853863,4.325866,4.853863,37.912724000,128.170930000,37.912724000,128.170930000,37.912674000,128.171220000,37.912709253,128.171189618,37.912550000,128.170730000,37.912570132,128.170778429,37.912750000,128.170650000,37.912733282,128.170675271,37.912880000,128.171140000,37.912878557,128.171084763
333,333,826610033036,66.602,4.097963,37.914040000,128.170030000,1430.000000,1071.717880,813.087186,-258.630694,-24.132349,0.856918,4.523170,4.796924,2.791417,5.965665,4.519294,5.965665,37.912712000,128.170880000,37.912712000,128.170880000,37.912666000,128.171170000,37.912699135,128.171140191,37.912540000,128.170680000,37.912555876,128.170730777,37.912740000,128.170610000,37.912718095,128.170625469,37.912876000,128.171100000,37.912867899,128.171032854
334,334,826610033239,66.805,4.097963,37.914024000,128.169950000,1430.000000,1070.104760,812.783872,-257.320888,-24.046327,0.652713,4.352865,4.469846,3.113773,4.603742,4.135056,4.603742,37.912710000,128.170840000,37.912710000,128.170840000,37.912670000,128.171130000,37.912701559,128.171100736,37.912533000,128.170650000,37.912550662,128.170695707,37.912730000,128.170560000,37.912710765,128.170585741,37.912876000,128.171040000,37.912868286,128.170988501
335,335,826610033442,67.008,4.097963,37.914005000,128.169880000,1431.000000,1051.871567,812.398500,-239.473067,-22.766379,0.260847,3.494502,3.464383,3.205395,4.145643,3.577481,4.145643,37.912690000,128.170780000,37.912690000,128.170780000,37.912663000,128.171070000,37.912683660,128.171040043,37.912518000,128.170600000,37.912530525,128.170636111,37.912710000,128.170500000,37.912689489,128.170525616,37.912865000,128.170970000,37.912850294,128.170926633
336,336,826610033646,67.212,4.097963,37.913986000,128.169800000,1431.000000,1049.818695,811.275452,-238.543243,-22.722328,1.170751,2.163881,5.442671,4.424504,4.034227,4.016321,5.442671,37.912674000,128.170750000,37.912674000,128.170750000,37.912655000,128.171020000,37.912672769,128.171010011,37.912502000,128.170550000,37.912512683,128.170610474,37.912697000,128.170460000,37.912668870,128.170495591,37.912857000,128.170930000,37.912837431,128.170891338
337,337,826610033834,67.400,4.097963,37.913963000,128.169720000,1432.000000,1067.416859,810.422463,-256.994396,-24.076292,0.371863,3.451007,3.980134,4.252021,4.195559,3.969680,4.252021,37.912663000,128.170700000,37.912663000,128.170700000,37.912647000,128.170990000,37.912666445,128.170959397,37.912490000,128.170520000,37.912500312,128.170563393,37.912680000,128.170410000,37.912654025,128.170445497,37.912846000,128.170880000,37.912829531,128.170837031
338,338,826610034038,67.604,4.097963,37.913944000,128.169650000,1432.000000,1037.011739,807.926988,-229.084751,-22.090854,1.415888,2.127399,5.917477,4.747903,3.823842,4.154155,5.917477,37.912640000,128.170670000,37.912640000,128.170670000,37.912630000,128.170940000,37.912647020,128.170928984,37.912468000,128.170470000,37.912475896,128.170536630,37.912660000,128.170380000,37.912627966,128.170415692,37.912827000,128.170840000,37.912807810,128.170803889
339,339,826610034241,67.807,4.097963,37.913918000,128.169570000,1433.000000,1037.989632,805.849799,-232.139832,-22.364369,1.166965,2.578631,4.399819,4.960727,4.932782,4.217990,4.960727,37.912624000,128.170620000,37.912624000,128.170620000,37.912620000,128.170900000,37.912635425,128.170878095,37.912457000,128.170440000,37.912457695,128.170490090,37.912643000,128.170330000,37.912608494,128.170365743,37.912815000,128.170800000,37.912793170,128.170751123
340,340,826610034444,68.010,4.097963,37.913890000,128.169500000,1433.000000,1009.784019,802.360994,-207.423025,-20.541326,1.423379,2.153700,4.795262,5.345005,4.323156,4.154281,5.345005,37.912617000,128.170580000,37.912617000,128.170580000,37.912617000,128.170850000,37.912633347,128.170836883,37.912450000,128.170400000,37.912448482,128.170454566,37.912636000,128.170290000,37.912597417,128.170326225,37.912807000,128.170750000,37.912787687,128.170707294
341,341,826610034631,68.197,4.097963,37.913868000,128.169430000,1433.000000,1045.762430,802.405044,-243.357385,-23.270810,1.235274,3.586430,5.017202,5.340500,6.124643,5.017194,6.124643,37.912600000,128.170530000,37.912600000,128.170530000,37.912600000,128.170820000,37.912618503,128.170786570,37.912434000,128.170350000,37.912430265,128.170406930,37.912617000,128.170240000,37.912578560,128.170276382,37.912792000,128.170720000,37.912771448,128.170655311
342,342,826610034834,68.400,4.097963,37.913840000,128.169360000,1434.000000,1070.888785,804.726014,-266.162771,-24.854380,1.058183,3.843447,5.358626,5.972599,4.654207,4.957219,5.972599,37.912580000,128.170500000,37.912580000,128.170500000,37.912580000,128.170790000,37.912602313,128.170756605,37.912407000,128.170320000,37.912408242,128.170380994,37.912594000,128.170200000,37.912554845,128.170246494,37.912770000,128.170670000,37.912753331,128.170621400
343,343,826610035037,68.603,4.097963,37.913807000,128.169280000,1434.000000,1067.858159,804.205020,-263.653139,-24.689903,1.619437,3.891875,6.719395,6.889271,4.182769,5.420827,6.889271,37.912570000,128.170460000,37.912570000,128.170460000,37.912575000,128.170750000,37.912597357,128.170715931,37.912400000,128.170270000,37.912396098,128.170346349,37.912582000,128.170150000,37.912539776,128.170207350,37.912760000,128.170620000,37.912745579,128.170576021
344,344,826610035241,68.807,4.097963,37.913776000,128.169220000,1434.000000,1078.466065,801.028597,-277.437468,-25.725192,0.956826,4.195211,5.185039,6.786145,5.148011,5.328601,6.786145,37.912556000,128.170410000,37.912556000,128.170410000,37.912560000,128.170700000,37.912585762,128.170665136,37.912380000,128.170240000,37.912380893,128.170299027,37.912563000,128.170100000,37.912523024,128.170158335,37.912746000,128.170580000,37.912732087,128.170524099
345,345,826610035445,69.011,4.097963,37.913746000,128.169140000,1435.000000,1072.991355,802.206182,-270.785172,-25.236473,0.832286,5.614471,4.724131,6.295745,5.263300,5.474412,6.295745,37.912540000,128.170360000,37.912540000,128.170360000,37.912548000,128.170670000,37.912573393,128.170614766,37.912365000,128.170200000,37.912362061,128.170253661,37.912544000,128.170060000,37.912502875,128.170109209,37.912727000,128.170530000,37.912717039,128.170471416
346,346,826610035633,69.199,4.097963,37.913746000,128.169140000,1435.000000,1072.991355,802.206182,-270.785172,-25.236473,0.832286,5.614471,4.724131,6.295745,5.263300,5.474412,6.295745,37.912540000,128.170360000,37.912540000,128.170360000,37.912548000,128.170670000,37.912573393,128.170614766,37.912365000,128.170200000,37.912362061,128.170253661,37.912544000,128.170060000,37.912502875,128.170109209,37.912727000,128.170530000,37.912717039,128.170471416
347,347,826610035836,69.402,4.097963,37.913708000,128.169070000,1435.000000,1032.614004,800.158998,-232.455006,-22.511316,1.109964,4.278911,5.294575,6.544058,4.790393,5.226984,6.544058,37.912514000,128.170330000,37.912514000,128.170330000,37.912525000,128.170620000,37.912551026,128.170584147,37.912340000,128.170170000,37.912333160,128.170229658,37.912514000,128.170030000,37.912471583,128.170081589,37.912704000,128.170490000,37.912691757,128.170437710
348,348,826610036039,69.605,4.097963,37.913673000,128.169000000,1435.000000,1087.852658,798.739009,-289.113649,-26.576545,0.520474,5.813758,4.708587,6.185130,4.907742,5.403804,6.185130,37.912490000,128.170270000,37.912490000,128.170270000,37.912502000,128.170580000,37.912528917,128.170523273,37.912304000,128.170120000,37.912306460,128.170173522,37.912480000,128.169970000,37.912444106,128.170023757,37.912680000,128.170430000,37.912667988,128.170376234
349,349,826610036243,69.809,4.097963,37.913640000,128.168950000,1435.000000,1054.612188,797.999258,-256.612930,-24.332445,0.802969,4.926855,4.065175,5.488026,6.076946,5.139250,6.076946,37.912470000,128.170230000,37.912470000,128.170230000,37.912490000,128.170530000,37.912511948,128.170481286,37.912280000,128.170090000,37.912285662,128.170135727,37.912457000,128.169940000,37.912422226,128.169984294,37.912663000,128.170400000,37.912649722,128.170332885
350,350,826610036446,70.012,4.097963,37.913597000,128.168870000,1436.000000,1087.462078,800.660980,-286.801098,-26.373434,0.350092,5.536939,4.969346,5.714858,4.869092,5.272559,5.714858,37.912457000,128.170200000,37.912457000,128.170200000,37.912476000,128.170500000,37.912505739,128.170449465,37.912254000,128.170060000,37.912270435,128.170112608,37.912430000,128.169900000,37.912403249,128.169955538,37.912647000,128.170350000,37.912639948,128.170295285
351,351,826610036634,70.200,4.097963,37.913560000,128.168820000,1436.000000,1093.523883,799.429315,-294.094568,-26.894206,0.726102,6.122956,3.631674,4.550426,4.396102,4.675290,6.122956,37.912440000,128.170150000,37.912440000,128.170150000,37.912468000,128.170460000,37.912491771,128.170397130,37.912235000,128.170030000,37.912252629,128.170064794,37.912403000,128.169860000,37.912384393,128.169906133,37.912636000,128.170290000,37.912624483,128.170242121
352,352,826610036838,70.404,4.097963,37.913517000,128.168760000,1436.000000,1081.010148,798.779101,-282.231047,-26.108085,0.500429,4.578004,3.729462,4.435976,3.271543,4.003746,4.578004,37.912410000,128.170120000,37.912410000,128.170120000,37.912445000,128.170410000,37.912465703,128.170364960,37.912197000,128.170010000,37.912221681,128.170038716,37.912365000,128.169830000,37.912351194,128.169877380,37.912610000,128.170240000,37.912596341,128.170207018
353,353,826610037041,70.607,4.097963,37.913475000,128.168700000,1436.000000,1095.871066,799.370498,-296.500568,-27.056154,2.038992,6.380206,3.646078,2.607119,5.244087,4.469373,6.380206,37.912388000,128.170070000,37.912388000,128.170070000,37.912426000,128.170380000,37.912447234,128.170312523,37.912167000,128.169980000,37.912198299,128.169992234,37.912334000,128.169800000,37.912326721,128.169828215,37.912590000,128.170210000,37.912575952,128.170153006
354,354,826610037244,70.810,4.097963,37.913425000,128.168640000,1436.000000,1122.952895,800.035335,-322.917560,-28.756109,2.391619,6.506855,4.216711,2.622346,4.977879,4.580948,6.506855,37.912365000,128.170040000,37.912365000,128.170040000,37.912410000,128.170350000,37.912429104,128.170279981,37.912136000,128.169970000,37.912173846,128.169967990,37.912300000,128.169770000,37.912299545,128.169799853,37.912570000,128.170170000,37.912554839,128.170116678
355,355,826610037432,70.998,4.097963,37.913383000,128.168580000,1436.000000,1094.600719,803.195469,-291.405250,-26.622059,2.156995,5.581856,4.587847,2.019743,2.857885,3.761833,5.581856,37.912346000,128.170000000,37.912346000,128.170000000,37.912400000,128.170300000,37.912413437,128.170238769,37.912113000,128.169940000,37.912153767,128.169932330,37.912270000,128.169740000,37.912277290,128.169761059,37.912550000,128.170100000,37.912537418,128.170071635
356,356,826610037635,71.201,4.097963,37.913338000,128.168530000,1436.000000,1065.417783,806.123947,-259.293836,-24.337292,1.508265,3.786665,4.467991,2.428321,2.954532,3.409377,4.467991,37.912308000,128.169980000,37.912308000,128.169980000,37.912373000,128.170260000,37.912378018,128.170217356,37.912075000,128.169920000,37.912115007,128.169915919,37.912224000,128.169720000,37.912236946,128.169742253,37.912520000,128.170070000,37.912500914,128.170046623
357,357,826610037838,71.404,4.097963,37.913290000,128.168490000,1436.000000,1038.434579,805.458203,-232.976376,-22.435345,0.804549,2.285815,4.864565,2.467502,3.003111,3.155248,4.864565,37.912270000,128.169950000,37.912270000,128.169950000,37.912350000,128.170210000,37.912341592,128.170186255,37.912033000,128.169890000,37.912076673,128.169888093,37.912178000,128.169700000,37.912197655,128.169712989,37.912490000,128.170010000,37.912463248,128.170014416
358,358,826610038041,71.607,4.097963,37.913235000,128.168430000,1436.000000,1079.350500,805.917839,-273.432661,-25.333074,1.447043,4.193990,4.982253,2.318184,3.202239,3.674166,4.982253,37.912247000,128.169920000,37.912247000,128.169920000,37.912334000,128.170200000,37.912323134,128.170154276,37.912010000,128.169880000,37.912052921,128.169863921,37.912150000,128.169680000,37.912170493,128.169684690,37.912470000,128.169980000,37.912441257,128.169978522
359,359,826610038246,71.812,4.097963,37.913136000,128.168330000,1436.000000,1053.540546,805.957211,-247.583335,-23.500124,0.966307,3.076243,4.615842,2.598982,3.702906,3.498493,4.615842,37.912205000,128.169890000,37.912205000,128.169890000,37.912304000,128.170150000,37.912290081,128.170119741,37.911970000,128.169860000,37.912009852,128.169845486,37.912098000,128.169650000,37.912120372,128.169658462,37.912434000,128.169940000,37.912400838,128.169936707
360,360,826610038433,71.999,4.097963,37.913082000,128.168290000,1436.000000,1069.623719,805.079406,-264.544313,-24.732465,0.554056,2.218033,4.621792,3.418405,4.493883,3.688028,4.621792,37.912174000,128.169880000,37.912174000,128.169880000,37.912280000,128.170120000,37.912262822,128.170107203,37.911938000,128.169850000,37.911978775,128.169840089,37.912060000,128.169630000,37.912086369,128.169649946,37.912407000,128.169900000,37.912370367,128.169921500
361,361,826610038637,72.203,4.097963,37.913020000,128.168240000,1436.000000,1078.863174,804.906626,-273.956548,-25.393076,0.650589,2.916977,4.349471,4.142856,4.920066,4.082343,4.920066,37.912144000,128.169850000,37.912144000,128.169850000,37.912260000,128.170090000,37.912236713,128.170074772,37.911910000,128.169820000,37.911948856,128.169814797,37.912020000,128.169600000,37.912053172,128.169621384,37.912380000,128.169860000,37.912340874,128.169886056
362,362,826610038840,72.406,4.097963,37.912964000,128.168210000,1436.000000,1060.825725,806.447439,-254.378286,-23.979272,0.441673,3.395667,4.094497,3.747037,5.635854,4.218264,5.635854,37.912100000,128.169830000,37.912100000,128.169830000,37.912224000,128.170060000,37.912193834,128.170054261,37.911873000,128.169820000,37.911904994,128.169796999,37.911976000,128.169590000,37.912008358,128.169601754,37.912340000,128.169830000,37.912296867,128.169863600
363,363,826610039043,72.609,4.097963,37.912910000,128.168180000,1436.000000,1045.330010,808.293861,-237.036150,-22.675724,1.032038,3.407158,3.733089,4.674575,5.235199,4.262505,5.235199,37.912070000,128.169820000,37.912070000,128.169820000,37.912197000,128.170040000,37.912166485,128.170043013,37.911842000,128.169800000,37.911874860,128.169791515,37.911938000,128.169570000,37.911975757,128.169593295,37.912308000,128.169820000,37.912266986,128.169849167
364,364,826610039246,72.812,4.097963,37.912846000,128.168150000,1436.000000,1014.093710,809.519525,-204.574185,-20.173105,0.316548,4.000412,3.890501,4.556527,5.006918,4.363589,5.006918,37.912040000,128.169780000,37.912040000,128.169780000,37.912174000,128.170010000,37.912138600,128.170002162,37.911816000,128.169780000,37.911844975,128.169755230,37.911903000,128.169560000,37.911943699,128.169554474,37.912277000,128.169780000,37.912236879,128.169805767
365,365,826610039433,72.999,4.097963,37.912790000,128.168120000,1436.000000,1057.551866,809.434663,-248.117203,-23.461469,0.566713,4.626397,3.387157,4.694069,5.797747,4.626343,5.797747,37.912006000,128.169770000,37.912006000,128.169770000,37.912148000,128.170000000,37.912107062,128.169990921,37.911785000,128.169770000,37.911810892,128.169749743,37.911865000,128.169540000,37.911906824,128.169546811,37.912243000,128.169750000,37.912202717,128.169791844
366,366,826610039637,73.203,4.097963,37.912727000,128.168090000,1436.000000,1019.471895,808.960033,-210.511861,-20.649109,0.681822,4.491757,4.733366,5.419886,4.206513,4.712881,5.419886,37.911970000,128.169750000,37.911970000,128.169750000,37.912113000,128.169980000,37.912073474,128.169969718,37.911743000,128.169770000,37.911774896,128.169734360,37.911820000,128.169540000,37.911867952,128.169529312,37.912197000,128.169740000,37.912166403,128.169768107
367,367,826610039841,73.407,4.097963,37.912670000,128.168080000,1436.000000,1042.692215,807.896030,-234.796186,-22.518264,0.286560,4.852685,4.023943,5.870316,5.361737,5.027170,5.870316,37.911934000,128.169750000,37.911934000,128.169750000,37.912083000,128.169970000,37.912039428,128.169968327,37.911713000,128.169770000,37.911739044,128.169738228,37.911777000,128.169530000,37.911829719,128.169531572,37.912163000,128.169720000,37.912130106,128.169764595
368,368,826610040045,73.611,4.097963,37.912600000,128.168060000,1436.000000,976.112842,806.806328,-169.306515,-17.344974,0.819470,5.416263,4.387397,6.610439,4.335095,5.187298,6.610439,37.911903000,128.169720000,37.911903000,128.169720000,37.912060000,128.169940000,37.912011446,128.169936034,37.911682000,128.169750000,37.911708441,128.169712955,37.911740000,128.169530000,37.911795752,128.169504087,37.912130000,128.169700000,37.912098921,128.169729743
369,369,826610040232,73.798,4.097963,37.912540000,128.168050000,1435.000000,979.193231,802.072178,-177.121053,-18.088468,0.424227,6.253107,5.561065,7.054744,4.978768,5.961921,7.054744,37.911850000,128.169720000,37.911850000,128.169720000,37.912014000,128.169920000,37.911959025,128.169934622,37.911633000,128.169770000,37.911656454,128.169714094,37.911682000,128.169530000,37.911742323,128.169505377,37.912070000,128.169680000,37.912045382,128.169727328
370,370,826610040480,74.046,4.097963,37.912480000,128.168030000,1435.000000,969.612291,800.055904,-169.556387,-17.487029,0.473711,6.428042,5.996307,7.296973,5.164669,6.221498,7.296973,37.911827000,128.169710000,37.911827000,128.169710000,37.911995000,128.169900000,37.911939820,128.169921567,37.911610000,128.169770000,37.911634227,128.169709021,37.911655000,128.169530000,37.911715645,128.169498467,37.912045000,128.169660000,37.912022219,128.169711228
371,371,826610040638,74.204,4.097963,37.912410000,128.168010000,1435.000000,1001.729590,796.510080,-205.219510,-20.486518,0.601771,6.824650,6.523536,8.408085,6.210559,6.991707,8.408085,37.911785000,128.169700000,37.911785000,128.169700000,37.911960000,128.169890000,37.911900582,128.169909141,37.911570000,128.169770000,37.911593514,128.169701964,37.911602000,128.169530000,37.911670987,128.169491021,37.912000000,128.169630000,37.911979919,128.169695975
372,372,826610040841,74.407,4.097963,37.912350000,128.168010000,1435.000000,1004.858735,794.332954,-210.525781,-20.950784,0.526814,7.316834,7.110339,8.729955,6.610556,7.441921,8.729955,37.911743000,128.169700000,37.911743000,128.169700000,37.911922000,128.169880000,37.911859971,128.169907554,37.911533000,128.169780000,37.911552791,128.169703025,37.911556000,128.169530000,37.911628283,128.169491445,37.911953000,128.169620000,37.911937533,128.169692671
373,373,826610041044,74.610,4.097963,37.912285000,128.168010000,1435.000000,995.473461,792.013170,-203.460291,-20.438545,0.621701,8.352110,6.755236,8.753170,7.821024,7.920385,8.753170,37.911710000,128.169700000,37.911710000,128.169700000,37.911896000,128.169860000,37.911829794,128.169904741,37.911503000,128.169780000,37.911520926,128.169706517,37.911520000,128.169530000,37.911593068,128.169493179,37.911915000,128.169600000,37.911903906,128.169687934
374,374,826610041233,74.799,4.097963,37.912216000,128.168010000,1434.000000,998.944713,787.076832,-211.867881,-21.209170,0.273058,9.344068,8.062318,9.626823,7.378117,8.602831,9.626823,37.911674000,128.169700000,37.911674000,128.169700000,37.911870000,128.169850000,37.911796515,128.169901419,37.911472000,128.169800000,37.911486471,128.169710053,37.911476000,128.169540000,37.911554965,128.169495310,37.911877000,128.169600000,37.911866859,128.169683019
375,375,826610041437,75.003,4.097963,37.912155000,128.168030000,1434.000000,923.908275,783.064795,-140.843480,-15.244314,0.354253,10.331437,7.786658,10.418306,8.111448,9.161962,10.418306,37.911633000,128.169700000,37.911633000,128.169700000,37.911830000,128.169830000,37.911756049,128.169901079,37.911438000,128.169800000,37.911446369,128.169711977,37.911434000,128.169560000,37.911513252,128.169496905,37.911830000,128.169590000,37.911824767,128.169682119
376,376,826610041640,75.206,4.097963,37.912094000,128.168030000,1434.000000,999.239022,780.916055,-218.322967,-21.848923,0.525649,10.329786,9.147079,10.542161,9.577474,9.899125,10.542161,37.911600000,128.169700000,37.911600000,128.169700000,37.911800000,128.169830000,37.911725198,128.169899601,37.911407000,128.169820000,37.911414155,128.169716246,37.911396000,128.169560000,37.911477911,128.169499757,37.911790000,128.169570000,37.911790675,128.169679046
377,377,826610041843,75.409,4.097963,37.912033000,128.168050000,1433.000000,975.824036,775.200380,-200.623656,-20.559409,1.054634,11.762997,8.806263,10.464646,10.274631,10.327134,11.762997,37.911564000,128.169710000,37.911564000,128.169710000,37.911770000,128.169820000,37.911690480,128.169908201,37.911380000,128.169830000,37.911379321,128.169729735,37.911358000,128.169570000,37.911440416,128.169512687,37.911750000,128.169570000,37.911753194,128.169686918
378,378,826610042031,75.597,4.097963,37.911964000,128.168080000,1433.000000,976.851053,771.186713,-205.664340,-21.053807,0.244554,12.047342,11.061140,11.579639,10.026590,11.178678,12.047342,37.911530000,128.169710000,37.911530000,128.169710000,37.911743000,128.169820000,37.911658580,128.169905830,37.911354000,128.169860000,37.911346263,128.169734440,37.911324000,128.169600000,37.911404233,128.169516086,37.911710000,128.169570000,37.911717936,128.169683719
379,379,826610042234,75.800,4.097963,37.911907000,128.168090000,1433.000000,933.931317,764.291036,-169.640281,-18.164107,0.302664,12.535549,10.075677,12.218459,10.865497,11.423796,12.535549,37.911490000,128.169720000,37.911490000,128.169720000,37.911705000,128.169820000,37.911619910,128.169913489,37.911324000,128.169860000,37.911307083,128.169747300,37.911280000,128.169620000,37.911362842,128.169528736,37.911663000,128.169570000,37.911676807,128.169692471
380,380,826610042437,76.003,4.097963,37.911846000,128.168120000,1433.000000,972.599101,758.439094,-214.160007,-22.019351,1.189023,13.523516,10.684718,11.241093,12.334001,11.945832,13.523516,37.911457000,128.169740000,37.911457000,128.169740000,37.911674000,128.169820000,37.911589104,128.169930140,37.911297000,128.169890000,37.911275157,128.169771535,37.911247000,128.169630000,37.911327505,128.169552736,37.911625000,128.169570000,37.911642660,128.169708640
381,381,826610042641,76.207,4.097963,37.911793000,128.168150000,1432.000000,936.962936,751.149911,-185.813025,-19.831417,0.298279,13.263667,11.451429,13.019958,12.345883,12.520234,13.263667,37.911427000,128.169740000,37.911427000,128.169740000,37.911644000,128.169820000,37.911560138,128.169927279,37.911274000,128.169900000,37.911246308,128.169774427,37.911213000,128.169660000,37.911296362,128.169556015,37.911583000,128.169570000,37.911611474,128.169705859
382,382,826610042845,76.411,4.097963,37.911728000,128.168200000,1432.000000,985.065377,745.375413,-239.689964,-24.332391,0.144282,31.319308,10.402087,31.378334,10.260393,20.840030,31.378334,37.911396000,128.169750000,37.911396000,128.169750000,37.911250000,128.169940000,37.911531298,128.169933381,37.911180000,128.169680000,37.911216570,128.169788992,37.911545000,128.169570000,37.911263124,128.169570395,37.911613000,128.169820000,37.911579233,128.169711297
383,383,826610043033,76.599,4.097963,37.911728000,128.168200000,1432.000000,985.065377,745.375413,-239.689964,-24.332391,0.144282,31.319308,10.402087,31.378334,10.260393,20.840030,31.378334,37.911396000,128.169750000,37.911396000,128.169750000,37.911250000,128.169940000,37.911531298,128.169933381,37.911180000,128.169680000,37.911216570,128.169788992,37.911545000,128.169570000,37.911263124,128.169570395,37.911613000,128.169820000,37.911579233,128.169711297
384,384,826610043236,76.802,4.097963,37.911674000,128.168230000,1432.000000,950.064888,738.092777,-211.972112,-22.311330,0.341733,29.909985,9.585323,30.215464,8.959079,19.667463,30.215464,37.911350000,128.169780000,37.911350000,128.169780000,37.911217000,128.169970000,37.911485601,128.169961445,37.911137000,128.169720000,37.911171611,128.169819934,37.911488000,128.169590000,37.911216748,128.169602454,37.911570000,128.169830000,37.911532263,128.169739901
385,385,826610043439,77.005,4.097963,37.911620000,128.168270000,1431.000000,905.824986,730.777908,-175.047078,-19.324602,0.957478,29.156325,9.253420,29.206893,7.960281,18.894230,29.206893,37.911324000,128.169820000,37.911324000,128.169820000,37.911200000,128.170000000,37.911461907,128.169997274,37.911110000,128.169770000,37.911147359,128.169864119,37.911450000,128.169620000,37.911188489,128.169646892,37.911545000,128.169850000,37.911504622,128.169775196
386,386,826610043642,77.208,4.097963,37.911564000,128.168320000,1431.000000,904.358840,725.131767,-179.227073,-19.818137,0.356674,27.953799,7.969138,28.384310,7.571916,17.969791,28.384310,37.911293000,128.169830000,37.911293000,128.169830000,37.911182000,128.170030000,37.911432271,128.170003960,37.911080000,128.169800000,37.911117601,128.169877213,37.911410000,128.169630000,37.911156139,128.169660251,37.911514000,128.169850000,37.911472464,128.169781727
387,387,826610043845,77.411,4.097963,37.911520000,128.168380000,1431.000000,903.821347,721.094249,-182.727097,-20.217170,0.960046,27.633275,7.624552,28.154378,7.214319,17.656631,28.154378,37.911274000,128.169850000,37.911274000,128.169850000,37.911167000,128.170040000,37.911414773,128.170020844,37.911060000,128.169830000,37.911099750,128.169900698,37.911385000,128.169630000,37.911135651,128.169683640,37.911495000,128.169860000,37.911452334,128.169798170
388,388,826610044033,77.599,4.097963,37.911472000,128.168430000,1430.000000,903.968466,713.375196,-190.593270,-21.084062,1.414729,26.406597,7.814150,27.046920,6.434476,16.925536,27.046920,37.911236000,128.169880000,37.911236000,128.169880000,37.911140000,128.170070000,37.911376634,128.170048987,37.911022000,128.169860000,37.911062888,128.169932320,37.911335000,128.169650000,37.911097686,128.169716039,37.911453000,128.169880000,37.911413022,128.169827086
389,389,826610044237,77.803,4.097963,37.911427000,128.168470000,1430.000000,910.030441,709.577670,-200.452771,-22.027040,0.554528,25.859143,5.808368,25.576041,6.696537,15.985022,25.859143,37.911210000,128.169890000,37.911210000,128.169890000,37.911125000,128.170120000,37.911351771,128.170056161,37.911000000,128.169900000,37.911037850,128.169945522,37.911297000,128.169680000,37.911070532,128.169729074,37.911427000,128.169890000,37.911385959,128.169834254
390,390,826610044441,78.007,4.097963,37.911380000,128.168550000,1430.000000,865.741580,704.119485,-161.622095,-18.668630,1.245027,24.687573,5.801512,25.134565,4.673398,15.074262,25.134565,37.911182000,128.169940000,37.911182000,128.169940000,37.911106000,128.170150000,37.911324711,128.170103457,37.910976000,128.169950000,37.911011112,128.169998814,37.911260000,128.169710000,37.911041565,128.169782439,37.911396000,128.169900000,37.911356561,128.169881761
391,391,826610044644,78.210,4.097963,37.911340000,128.168610000,1430.000000,875.909783,700.363301,-175.546482,-20.041617,1.498105,23.638981,4.654424,24.996624,4.188286,14.369579,24.996624,37.911160000,128.169970000,37.911160000,128.169970000,37.911095000,128.170180000,37.911303761,128.170130705,37.910957000,128.170000000,37.910990150,128.170032296,37.911230000,128.169720000,37.911018503,128.169815618,37.911370000,128.169920000,37.911333362,128.169909152
392,392,826610044832,78.398,4.097963,37.911304000,128.168670000,1429.000000,896.441454,694.485025,-201.956428,-22.528680,1.080079,23.296887,4.149457,23.913421,3.801816,13.790396,23.913421,37.911140000,128.170000000,37.911140000,128.170000000,37.911083000,128.170230000,37.911284401,128.170157901,37.910940000,128.170040000,37.910971401,128.170065457,37.911198000,128.169750000,37.910997838,128.169848847,37.911346000,128.169940000,37.911311932,128.169936953
393,393,826610045035,78.601,4.097963,37.911270000,128.168730000,1429.000000,861.098293,691.048957,-170.049337,-19.747959,0.352488,21.900294,2.914005,22.322886,3.716575,12.713440,22.322886,37.911120000,128.170030000,37.911120000,128.170030000,37.911080000,128.170270000,37.911265098,128.170185515,37.910927000,128.170090000,37.910952291,128.170098560,37.911167000,128.169800000,37.910977101,128.169881658,37.911324000,128.169970000,37.911290855,128.169964917
394,394,826610045238,78.804,4.097963,37.911236000,128.168810000,1429.000000,836.656264,687.915253,-148.741011,-17.778031,0.489614,21.428383,2.743984,21.526607,2.733147,12.108030,21.526607,37.911106000,128.170070000,37.911106000,128.170070000,37.911070000,128.170300000,37.911252413,128.170222076,37.910915000,128.170140000,37.910939556,128.170142727,37.911140000,128.169830000,37.910961839,128.169925300,37.911300000,128.170000000,37.911275477,128.170001525
395,395,826610045441,79.007,4.097963,37.911210000,128.168880000,1428.000000,830.252669,680.980268,-149.272402,-17.979153,0.667180,20.026108,2.443194,20.340852,3.106124,11.479070,20.340852,37.911083000,128.170100000,37.911083000,128.170100000,37.911060000,128.170330000,37.911228509,128.170250158,37.910896000,128.170180000,37.910917231,128.170172950,37.911106000,128.169860000,37.910939718,128.169956017,37.911274000,128.170010000,37.911251682,128.170031227
396,396,826610045645,79.211,4.097963,37.911182000,128.168950000,1428.000000,824.386709,678.271748,-146.114962,-17.724080,1.120243,18.685478,1.728294,19.468655,3.748200,10.907657,19.468655,37.911068000,128.170170000,37.911068000,128.170170000,37.911060000,128.170400000,37.911214577,128.170317069,37.910892000,128.170260000,37.910903329,128.170246545,37.911076000,128.169920000,37.910923692,128.170028950,37.911250000,128.170060000,37.911235374,128.170098440
397,397,826610045833,79.399,4.097963,37.911160000,128.169020000,1428.000000,813.632260,675.168923,-138.463337,-17.017926,0.475392,18.393316,3.153225,18.368051,3.469327,10.845980,18.393316,37.911057000,128.170180000,37.911057000,128.170180000,37.911053000,128.170410000,37.911203869,128.170324603,37.910880000,128.170290000,37.910893073,128.170258150,37.911057000,128.169940000,37.910912394,128.170040723,37.911236000,128.170070000,37.911223663,128.170106275
398,398,826610046053,79.619,4.097963,37.911140000,128.169110000,1428.000000,806.299784,672.676800,-133.622984,-16.572370,0.896533,16.684237,3.537164,17.038974,5.801768,10.765536,17.038974,37.911040000,128.170240000,37.911040000,128.170240000,37.911053000,128.170470000,37.911186365,128.170383318,37.910877000,128.170360000,37.910876346,128.170319734,37.911026000,128.170000000,37.910895756,128.170101912,37.911213000,128.170100000,37.911206023,128.170165464
399,399,826610046240,79.806,4.097963,37.911110000,128.169270000,1427.000000,819.205340,666.355969,-152.849372,-18.658249,0.513173,16.944682,4.915451,15.644902,4.494430,10.499866,16.944682,37.911034000,128.170270000,37.911034000,128.170270000,37.911057000,128.170520000,37.911181198,128.170408455,37.910873000,128.170410000,37.910872223,128.170354041,37.911007000,128.170040000,37.910888888,128.170136539,37.911194000,128.170140000,37.911198151,128.170190902
400,400,826610046443,80.009,4.097963,37.911102000,128.169340000,1427.000000,807.424279,665.865934,-141.558345,-17.532089,0.646451,14.960071,4.977340,15.108709,6.232251,10.319593,15.108709,37.911026000,128.170330000,37.911026000,128.170330000,37.911060000,128.170560000,37.911172792,128.170467393,37.910873000,128.170470000,37.910864280,128.170414416,37.910988000,128.170090000,37.910881303,128.170196323,37.911180000,128.170180000,37.911189827,128.170249859
401,401,826610046646,80.212,4.097963,37.911095000,128.169420000,1426.000000,803.953528,661.831239,-142.122289,-17.677923,0.982885,15.304921,7.737080,13.308290,6.408285,10.689644,15.304921,37.911022000,128.170360000,37.911022000,128.170360000,37.911064000,128.170610000,37.911168115,128.170496190,37.910877000,128.170530000,37.910860739,128.170444351,37.910976000,128.170140000,37.910877955,128.170226704,37.911167000,128.170210000,37.911185291,128.170279184
402,402,826610046833,80.399,4.097963,37.911095000,128.169500000,1426.000000,833.088678,660.457325,-172.631353,-20.721846,0.915339,13.982092,10.506971,12.506079,8.442576,11.359429,13.982092,37.911020000,128.170410000,37.911020000,128.170410000,37.911070000,128.170650000,37.911165208,128.170546162,37.910880000,128.170610000,37.910858504,128.170493512,37.910960000,128.170180000,37.910876849,128.170275752,37.911156000,128.170240000,37.911183388,128.170329640
403,403,826610047037,80.603,4.097963,37.911095000,128.169590000,1426.000000,851.469113,660.519844,-190.949268,-22.425860,1.194800,13.228279,11.541744,12.343323,8.455685,11.392258,13.228279,37.911030000,128.170470000,37.911030000,128.170470000,37.911100000,128.170720000,37.911176226,128.170604453,37.910904000,128.170680000,37.910869326,128.170556152,37.910965000,128.170240000,37.910885795,128.170338353,37.911160000,128.170300000,37.911192501,128.170387018
404,404,826610047241,80.807,4.097963,37.911100000,128.169660000,1426.000000,862.272491,663.226384,-199.046107,-23.083898,1.012037,12.046026,13.189905,11.259034,10.842782,11.834437,13.189905,37.911037000,128.170520000,37.911037000,128.170520000,37.911114000,128.170760000,37.911183210,128.170654565,37.910915000,128.170750000,37.910876105,128.170608142,37.910957000,128.170290000,37.910892763,128.170389020,37.911150000,128.170330000,37.911199277,128.170436491
405,405,826610047444,81.010,4.097963,37.911110000,128.169740000,1426.000000,879.822134,663.332557,-216.489577,-24.606062,0.644771,9.896231,14.046499,9.780380,12.543471,11.566645,14.046499,37.911026000,128.170560000,37.911026000,128.170560000,37.911114000,128.170790000,37.911167997,128.170700489,37.910910000,128.170790000,37.910862628,128.170641766,37.910934000,128.170330000,37.910885764,128.170423075,37.911133000,128.170360000,37.911190254,128.170483009
406,406,826610047632,81.198,4.097963,37.911120000,128.169820000,1425.000000,857.041938,662.598914,-194.443025,-22.687691,0.976425,8.937953,15.672122,7.775902,14.148094,11.633517,15.672122,37.911030000,128.170610000,37.911030000,128.170610000,37.911130000,128.170840000,37.911170108,128.170751840,37.910927000,128.170850000,37.910865873,128.170689255,37.910934000,128.170400000,37.910891724,128.170470480,37.911125000,128.170400000,37.911194702,128.170534703
407,407,826610047835,81.401,4.097963,37.911137000,128.169890000,1425.000000,876.693124,665.219338,-211.473787,-24.121757,0.536189,7.263773,17.637304,7.484408,15.666942,12.013107,17.637304,37.911060000,128.170670000,37.911060000,128.170670000,37.911170000,128.170880000,37.911202304,128.170808141,37.910973000,128.170930000,37.910896752,128.170753966,37.910954000,128.170460000,37.910919697,128.170533291,37.911148000,128.170440000,37.911223677,128.170590400
408,408,826610048038,81.604,4.097963,37.911156000,128.169980000,1425.000000,872.538068,665.093865,-207.444202,-23.774802,0.201705,5.920385,18.308347,6.800447,17.440036,12.117304,18.308347,37.911050000,128.170720000,37.911050000,128.170720000,37.911167000,128.170930000,37.911186002,128.170867040,37.910970000,128.170970000,37.910883309,128.170792852,37.910934000,128.170500000,37.910915908,128.170573956,37.911125000,128.170490000,37.911216756,128.170650952
409,409,826610048241,81.807,4.097963,37.911180000,128.170060000,1425.000000,884.807938,664.791357,-220.016581,-24.866027,0.399413,4.154984,20.282589,4.439473,19.085224,11.990567,20.282589,37.911060000,128.170760000,37.911060000,128.170760000,37.911190000,128.170960000,37.911191920,128.170912754,37.910990000,128.171020000,37.910891390,128.170825808,37.910940000,128.170560000,37.910929761,128.170608854,37.911130000,128.170520000,37.911228503,128.170697857
410,410,826610048444,82.010,4.097963,37.911200000,128.170120000,1425.000000,898.299707,669.905294,-228.394413,-25.425191,0.706144,2.754249,22.441690,2.816231,20.008065,12.005059,22.441690,37.911087000,128.170820000,37.911087000,128.170820000,37.911230000,128.171000000,37.911220443,128.170971074,37.911034000,128.171100000,37.910918011,128.170891007,37.910950000,128.170640000,37.910954981,128.170671438,37.911140000,128.170580000,37.911254966,128.170755113
411,411,826610048632,82.198,4.097963,37.911230000,128.170200000,1425.000000,893.655531,672.229505,-221.426026,-24.777559,0.505668,2.867317,22.825943,2.454614,22.251266,12.599785,22.825943,37.911100000,128.170870000,37.911100000,128.170870000,37.911247000,128.171050000,37.911228738,128.171026977,37.911053000,128.171140000,37.910928437,128.170933556,37.910954000,128.170700000,37.910972588,128.170715034,37.911140000,128.170620000,37.911269907,128.170812552
412,412,826610048837,82.403,4.097963,37.911263000,128.170270000,1426.000000,923.181477,675.169890,-248.011587,-26.864879,0.579905,3.159962,25.055452,3.909955,24.299500,14.106217,25.055452,37.911118000,128.170910000,37.911118000,128.170910000,37.911270000,128.171080000,37.911242202,128.171072714,37.911083000,128.171190000,37.910944088,128.170965533,37.910960000,128.170750000,37.910995106,128.170748605,37.911148000,128.170650000,37.911289929,128.170860207
413,413,826610049040,82.606,4.097963,37.911293000,128.170330000,1426.000000,903.089482,675.431833,-227.657649,-25.208759,0.208073,4.221239,25.157624,3.872885,24.550983,14.450683,25.157624,37.911160000,128.170960000,37.911160000,128.170960000,37.911324000,128.171110000,37.911286701,128.171118666,37.911140000,128.171230000,37.910986710,128.171019522,37.911000000,128.170800000,37.911034781,128.170801039,37.911182000,128.170700000,37.911331391,128.170905639
414,414,826610049243,82.809,4.097963,37.911327000,128.170400000,1426.000000,894.339147,677.927054,-216.412093,-24.197990,0.789024,6.134637,27.589561,6.786302,26.241535,16.688009,27.589561,37.911163000,128.171000000,37.911163000,128.171000000,37.911330000,128.171140000,37.911280365,128.171170350,37.911150000,128.171280000,37.910986573,128.171043836,37.910995000,128.170870000,37.911047142,128.170829965,37.911170000,128.170750000,37.911337082,128.170960773
415,415,826610049431,82.997,4.097963,37.911360000,128.170470000,1426.000000,906.804372,677.979516,-228.824856,-25.234203,0.123552,7.930020,28.532416,8.218760,27.954962,18.159039,28.532416,37.911186000,128.171040000,37.911186000,128.171040000,37.911360000,128.171170000,37.911298526,128.171215622,37.911186000,128.171310000,37.911008511,128.171075625,37.911010000,128.170910000,37.911074787,128.170865123,37.911186000,128.170780000,37.911361121,128.171008132
416,416,826610049634,83.200,4.097963,37.911404000,128.170530000,1427.000000,927.873343,682.086316,-245.787027,-26.489286,0.707993,10.847145,31.628135,10.736841,29.809980,20.755525,31.628135,37.911200000,128.171080000,37.911200000,128.171080000,37.911385000,128.171200000,37.911302668,128.171266060,37.911217000,128.171360000,37.911020595,128.171099781,37.911022000,128.170970000,37.911098423,128.170895420,37.911190000,128.170820000,37.911376856,128.171063129
417,417,826610049837,83.403,4.097963,37.911446000,128.170600000,1427.000000,948.159693,676.580327,-271.579365,-28.642787,0.800660,12.121998,9.358166,11.042535,10.851009,10.843427,12.121998,37.911250000,128.171110000,37.911250000,128.171110000,37.911270000,128.171390000,37.911350646,128.171297256,37.911060000,128.171020000,37.911071190,128.171125604,37.911230000,128.170850000,37.911150030,128.170924393,37.911434000,128.171220000,37.911426875,128.171096781
418,418,826610050040,83.606,4.097963,37.911484000,128.170650000,1428.000000,923.619653,681.129370,-242.490284,-26.254344,0.384524,9.634211,8.300125,9.068217,8.928108,8.982665,9.634211,37.911260000,128.171160000,37.911260000,128.171160000,37.911290000,128.171430000,37.911352734,128.171354432,37.911068000,128.171070000,37.911080204,128.171163231,37.911230000,128.170900000,37.911168013,128.170966991,37.911446000,128.171260000,37.911437760,128.171158882
419,419,826610050244,83.810,4.097963,37.911533000,128.170720000,1428.000000,922.348411,680.563935,-241.784476,-26.214007,0.586893,6.652137,5.167087,6.727803,7.415311,6.490585,7.415311,37.911280000,128.171200000,37.911280000,128.171200000,37.911320000,128.171460000,37.911359995,128.171403724,37.911083000,128.171130000,37.911100951,128.171184255,37.911240000,128.170940000,37.911200588,128.170998074,37.911472000,128.171300000,37.911457277,128.171217657
420,420,826610050432,83.998,4.097963,37.911533000,128.170720000,1428.000000,922.348411,680.563935,-241.784476,-26.214007,0.586893,6.652137,5.167087,6.727803,7.415311,6.490585,7.415311,37.911280000,128.171200000,37.911280000,128.171200000,37.911320000,128.171460000,37.911359995,128.171403724,37.911083000,128.171130000,37.911100951,128.171184255,37.911240000,128.170940000,37.911200588,128.170998074,37.911472000,128.171300000,37.911457277,128.171217657
421,421,826610050636,84.202,4.097963,37.911575000,128.170780000,1429.000000,943.856977,685.120527,-258.736450,-27.412675,0.242618,5.400662,4.416030,5.596640,3.831950,4.811321,5.596640,37.911320000,128.171250000,37.911320000,128.171250000,37.911373000,128.171510000,37.911397601,128.171457000,37.911118000,128.171190000,37.911140639,128.171231289,37.911266000,128.170990000,37.911242536,128.171046358,37.911514000,128.171310000,37.911497263,128.171271874
422,422,826610050839,84.405,4.097963,37.911620000,128.170820000,1430.000000,920.001141,690.822992,-229.178149,-24.910637,0.477004,4.119709,3.542752,2.836055,3.463198,3.490428,4.119709,37.911346000,128.171280000,37.911346000,128.171280000,37.911410000,128.171540000,37.911415781,128.171493669,37.911140000,128.171230000,37.911167029,128.171251294,37.911280000,128.171040000,37.911275602,128.171071807,37.911545000,128.171340000,37.911522460,128.171312821
423,423,826610051042,84.608,4.097963,37.911670000,128.170880000,1430.000000,915.063536,693.062130,-222.001406,-24.260764,0.838697,4.044230,3.665945,2.570126,2.934337,3.303660,4.044230,37.911370000,128.171310000,37.911370000,128.171310000,37.911446000,128.171570000,37.911425843,128.171531690,37.911163000,128.171280000,37.911193360,128.171263829,37.911293000,128.171080000,37.911312568,128.171095531,37.911570000,128.171360000,37.911543652,128.171361000
424,424,826610051245,84.811,4.097963,37.911716000,128.170930000,1431.000000,952.459620,697.792853,-254.666767,-26.737802,0.871909,5.928116,5.540385,4.147987,4.926584,5.135768,5.928116,37.911396000,128.171340000,37.911396000,128.171340000,37.911488000,128.171600000,37.911441333,128.171567484,37.911190000,128.171330000,37.911221481,128.171281140,37.911312000,128.171110000,37.911348190,128.171121247,37.911602000,128.171370000,37.911567120,128.171404525
425,425,826610051470,85.036,4.097963,37.911810000,128.171020000,1432.000000,924.203602,702.233917,-221.969685,-24.017401,0.470220,9.448222,9.341170,8.587751,9.108582,9.121431,9.448222,37.911472000,128.171400000,37.911472000,128.171400000,37.911590000,128.171630000,37.911505173,128.171633617,37.911266000,128.171420000,37.911302844,128.171324441,37.911360000,128.171190000,37.911436326,128.171175793,37.911680000,128.171390000,37.911640090,128.171480537
426,426,826610051677,85.243,4.097963,37.911858000,128.171070000,1433.000000,957.346894,707.988698,-249.358196,-26.046796,0.965932,11.975189,11.290597,11.149034,13.137716,11.888134,13.137716,37.911484000,128.171450000,37.911484000,128.171450000,37.911613000,128.171660000,37.911507620,128.171687401,37.911278000,128.171480000,37.911318851,128.171362333,37.911358000,128.171230000,37.911457958,128.171222066,37.911686000,128.171400000,37.911649281,128.171542162
427,427,826610051840,85.406,4.097963,37.911858000,128.171070000,1433.000000,957.346894,707.988698,-249.358196,-26.046796,0.965932,11.975189,11.290597,11.149034,13.137716,11.888134,13.137716,37.911484000,128.171450000,37.911484000,128.171450000,37.911613000,128.171660000,37.911507620,128.171687401,37.911278000,128.171480000,37.911318851,128.171362333,37.911358000,128.171230000,37.911457958,128.171222066,37.911686000,128.171400000,37.911649281,128.171542162
428,428,826610052043,85.609,4.097963,37.911907000,128.171110000,1434.000000,955.195655,711.906544,-243.289111,-25.470081,0.388320,28.737051,9.264020,28.806075,8.845805,18.913238,28.806075,37.911510000,128.171480000,37.911510000,128.171480000,37.911310000,128.171540000,37.911525411,128.171720319,37.911370000,128.171280000,37.911349166,128.171382122,37.911713000,128.171420000,37.911491957,128.171249469,37.911655000,128.171680000,37.911672647,128.171581796
429,429,826610052231,85.797,4.097963,37.911964000,128.171170000,1435.000000,942.289735,714.631862,-227.657873,-24.160071,0.303838,26.376366,5.168561,25.934124,4.838565,15.579404,26.376366,37.911550000,128.171510000,37.911550000,128.171510000,37.911350000,128.171600000,37.911554033,128.171752692,37.911392000,128.171340000,37.911395487,128.171398683,37.911747000,128.171420000,37.911543125,128.171277104,37.911713000,128.171680000,37.911708070,128.171625263
430,430,826610052434,86.000,4.097963,37.912014000,128.171220000,1436.000000,918.971562,716.854193,-202.117369,-21.993865,0.337199,22.320113,2.464801,22.969980,3.156261,12.727789,22.969980,37.911587000,128.171510000,37.911587000,128.171510000,37.911400000,128.171630000,37.911575651,128.171752554,37.911420000,128.171370000,37.911439860,128.171382407,37.911777000,128.171400000,37.911595134,128.171276448,37.911762000,128.171660000,37.911737222,128.171642531
431,431,826610052637,86.203,4.097963,37.912064000,128.171250000,1436.000000,981.445198,723.323733,-258.121465,-26.300140,0.769430,18.864203,5.438944,19.237961,4.828275,12.092346,19.237961,37.911602000,128.171550000,37.911602000,128.171550000,37.911427000,128.171720000,37.911586056,128.171794101,37.911415000,128.171450000,37.911456887,128.171418119,37.911774000,128.171400000,37.911614564,128.171315486,37.911793000,128.171680000,37.911750011,128.171687301
432,432,826610052840,86.406,4.097963,37.912120000,128.171300000,1437.000000,977.045261,732.224372,-244.820889,-25.057272,0.676300,15.708778,9.168391,14.445719,9.137646,12.115134,15.708778,37.911630000,128.171590000,37.911630000,128.171590000,37.911472000,128.171780000,37.911606215,128.171835244,37.911427000,128.171520000,37.911488401,128.171450424,37.911777000,128.171390000,37.911650271,128.171354613,37.911830000,128.171660000,37.911773880,128.171735928
433,433,826610053058,86.624,4.097963,37.912174000,128.171340000,1438.000000,980.368710,736.087709,-244.281001,-24.917258,0.294667,10.796311,14.592214,9.929655,14.232411,12.387648,14.592214,37.911680000,128.171600000,37.911680000,128.171600000,37.911552000,128.171830000,37.911648309,128.171844492,37.911470000,128.171590000,37.911542970,128.171451975,37.911797000,128.171370000,37.911707896,128.171364766,37.911890000,128.171620000,37.911819221,128.171754953
434,434,826610053232,86.798,4.097963,37.912224000,128.171390000,1439.000000,1008.770042,741.768416,-267.001626,-26.468037,0.572732,5.325365,18.622814,5.785740,19.858936,12.398214,19.858936,37.911700000,128.171630000,37.911700000,128.171630000,37.911613000,128.171890000,37.911659061,128.171873625,37.911490000,128.171660000,37.911568721,128.171472902,37.911785000,128.171370000,37.911736995,128.171395248,37.911910000,128.171590000,37.911833559,128.171794306
435,435,826610053435,87.001,4.097963,37.912273000,128.171420000,1440.000000,1009.551541,748.564126,-260.987415,-25.851817,0.358048,4.427004,25.714002,4.146752,26.947637,15.308849,26.947637,37.911747000,128.171650000,37.911747000,128.171650000,37.911720000,128.171940000,37.911703400,128.171894195,37.911552000,128.171770000,37.911617685,128.171489305,37.911774000,128.171370000,37.911786776,128.171414352,37.911938000,128.171520000,37.911879732,128.171817807
436,436,826610053673,87.239,4.097963,37.912334000,128.171460000,1441.000000,1002.072295,753.178767,-248.893528,-24.837881,0.365519,7.491784,28.707783,6.724713,30.127873,18.263038,30.127873,37.911747000,128.171680000,37.911747000,128.171680000,37.911750000,128.171970000,37.911693904,128.171922872,37.911568000,128.171830000,37.911624013,128.171510934,37.911747000,128.171400000,37.911795600,128.171445476,37.911926000,128.171520000,37.911873153,128.171856436
437,437,826610053842,87.408,4.097963,37.912384000,128.171510000,1442.000000,990.877154,760.055027,-230.822128,-23.294727,0.993588,13.060984,34.969814,11.806727,32.910694,23.187055,34.969814,37.911800000,128.171700000,37.911800000,128.171700000,37.911854000,128.171980000,37.911740700,128.171941363,37.911648000,128.171920000,37.911681929,128.171524159,37.911750000,128.171450000,37.911855293,128.171466159,37.911950000,128.171510000,37.911922560,128.171883107
438,438,826610054045,87.611,4.097963,37.912437000,128.171540000,1444.000000,1005.004554,767.720952,-237.283602,-23.610202,0.340755,9.701042,9.258636,8.811323,9.450661,9.305415,9.701042,37.911804000,128.171740000,37.911804000,128.171740000,37.911660000,128.171950000,37.911743358,128.171982210,37.911740000,128.171480000,37.911687199,128.171561452,37.911940000,128.171520000,37.911861769,128.171504729,37.911873000,128.172010000,37.911925779,128.171925715
439,439,826610054232,87.798,4.097963,37.912487000,128.171590000,1445.000000,1008.865863,775.351513,-233.514350,-23.146224,0.163216,6.800501,6.786578,6.565830,6.994564,6.786868,6.994564,37.911842000,128.171770000,37.911842000,128.171770000,37.911716000,128.172010000,37.911777087,128.172010810,37.911760000,128.171520000,37.911728478,128.171586142,37.911964000,128.171540000,37.911905141,128.171535181,37.911930000,128.172030000,37.911961087,128.171960790
440,440,826610054440,88.006,4.097963,37.912548000,128.171630000,1446.000000,1037.902502,782.792448,-255.110054,-24.579385,0.277748,5.184281,5.659988,5.224403,6.031284,5.524989,6.031284,37.911870000,128.171800000,37.911870000,128.171800000,37.911755000,128.172040000,37.911801571,128.172039935,37.911774000,128.171550000,37.911759405,128.171611733,37.911983000,128.171550000,37.911937656,128.171565339,37.911970000,128.172060000,37.911986978,128.171994786
441,441,826610054639,88.205,4.097963,37.912598000,128.171660000,1447.000000,1024.116887,788.464729,-235.652158,-23.010279,0.634341,4.097831,4.203179,3.813843,5.346196,4.365262,5.346196,37.911896000,128.171810000,37.911896000,128.171810000,37.911790000,128.172070000,37.911822524,128.172048146,37.911797000,128.171570000,37.911789270,128.171616844,37.912003000,128.171570000,37.911969150,128.171576700,37.912003000,128.172070000,37.912009230,128.172009642
442,442,826610054843,88.409,4.097963,37.912650000,128.171700000,1448.000000,1043.621179,796.167450,-247.453729,-23.711068,0.223600,3.881667,3.819653,3.763967,4.143647,3.902234,4.143647,37.911922000,128.171840000,37.911922000,128.171840000,37.911816000,128.172100000,37.911846009,128.172077492,37.911820000,128.171600000,37.911817438,128.171643370,37.912030000,128.171590000,37.911998903,128.171606828,37.912033000,128.172090000,37.912033716,128.172042829
443,443,826610055047,88.613,4.097963,37.912760000,128.171780000,1450.000000,1042.007516,805.713869,-236.293647,-22.676770,0.221950,2.667821,3.445071,2.985690,2.992579,3.022790,3.445071,37.911957000,128.171860000,37.911957000,128.171860000,37.911860000,128.172120000,37.911868098,128.172091410,37.911846000,128.171620000,37.911863562,128.171652298,37.912056000,128.171600000,37.912047724,128.171632337,37.912075000,128.172100000,37.912057566,128.172074063
444,444,826610055234,88.800,4.097963,37.912815000,128.171830000,1451.000000,1045.282405,813.452885,-231.829520,-22.178649,0.318989,3.549569,3.711267,3.011378,3.155946,3.357040,3.711267,37.911980000,128.171890000,37.911980000,128.171890000,37.911884000,128.172160000,37.911887674,128.172119853,37.911865000,128.171650000,37.911889664,128.171678432,37.912070000,128.171630000,37.912075412,128.171663595,37.912100000,128.172130000,37.912077709,128.172107798
445,445,826610055437,89.003,4.097963,37.912815000,128.171830000,1451.000000,1053.738931,817.397803,-236.341128,-22.428812,1.123696,4.316601,2.672661,1.929678,3.947416,3.216589,4.316601,37.912006000,128.171900000,37.912006000,128.171900000,37.911910000,128.172180000,37.911916014,128.172131445,37.911890000,128.171680000,37.911912824,128.171689441,37.912098000,128.171650000,37.912099398,128.171671900,37.912130000,128.172150000,37.912106194,128.172116688
446,446,826610055640,89.206,4.097963,37.912918000,128.171900000,1453.000000,1094.507608,828.569431,-265.938177,-24.297517,0.580063,3.583444,4.408175,4.943183,3.832742,4.191886,4.943183,37.912033000,128.171940000,37.912033000,128.171940000,37.911940000,128.172210000,37.911937693,128.172169303,37.911910000,128.171700000,37.911944991,128.171723501,37.912120000,128.171660000,37.912133376,128.171713670,37.912160000,128.172180000,37.912128471,128.172162467
447,447,826610055843,89.409,4.097963,37.912975000,128.171950000,1454.000000,1093.040590,836.295728,-256.744862,-23.489051,0.280247,3.899868,4.668885,5.097748,4.361601,4.507026,5.097748,37.912067000,128.171970000,37.912067000,128.171970000,37.911980000,128.172240000,37.911968127,128.172198223,37.911940000,128.171740000,37.911981172,128.171750138,37.912155000,128.171690000,37.912170520,128.171744609,37.912197000,128.172210000,37.912159436,128.172195882
448,448,826610056047,89.613,4.097963,37.913025000,128.171980000,1455.000000,1110.638452,841.475519,-269.162933,-24.234973,0.276972,5.006015,4.824641,5.528656,5.311990,5.167826,5.528656,37.912086000,128.171980000,37.912086000,128.171980000,37.912000000,128.172260000,37.911983674,128.172206890,37.911960000,128.171750000,37.912002955,128.171757311,37.912170000,128.171700000,37.912192794,128.171755929,37.912220000,128.172230000,37.912175316,128.172208777
449,449,826610056235,89.801,4.097963,37.913080000,128.172030000,1456.000000,1107.998068,850.874345,-257.123723,-23.206153,0.615927,5.067421,5.437026,5.126096,5.323152,5.238424,5.437026,37.912130000,128.172010000,37.912130000,128.172010000,37.912040000,128.172290000,37.912023921,128.172236021,37.912000000,128.171780000,37.912048733,128.171784128,37.912212000,128.171740000,37.912239599,128.171786722,37.912262000,128.172260000,37.912216331,128.172242030
450,450,826610056438,90.004,4.097963,37.913136000,128.172070000,1457.000000,1138.305656,857.688662,-280.616994,-24.652165,0.276217,6.426582,5.683119,5.921917,6.320747,6.088091,6.426582,37.912150000,128.172030000,37.912150000,128.172030000,37.912067000,128.172320000,37.912040517,128.172254979,37.912020000,128.171800000,37.912071041,128.171801387,37.912235000,128.171750000,37.912262488,128.171807729,37.912290000,128.172270000,37.912233371,128.172264747
451,451,826610056642,90.208,4.097963,37.913190000,128.172120000,1458.000000,1150.819506,865.871914,-284.947592,-24.760407,0.297922,6.620082,6.668420,7.169942,6.172389,6.657708,7.169942,37.912174000,128.172060000,37.912174000,128.172060000,37.912090000,128.172350000,37.912061130,128.172284101,37.912037000,128.171830000,37.912096893,128.171828589,37.912254000,128.171770000,37.912289040,128.171838500,37.912310000,128.172300000,37.912254589,128.172297457
452,452,826610056845,90.411,4.097963,37.913240000,128.172150000,1459.000000,1163.626665,874.711949,-288.914716,-24.828815,0.663962,6.798439,6.306158,7.067839,7.199242,6.842920,7.199242,37.912197000,128.172090000,37.912197000,128.172090000,37.912117000,128.172380000,37.912083290,128.172315452,37.912064000,128.171840000,37.912118960,128.171857402,37.912277000,128.171800000,37.912312052,128.171867100,37.912342000,128.172320000,37.912277679,128.172328527
453,453,826610057033,90.599,4.097963,37.913290000,128.172200000,1460.000000,1165.288187,881.161747,-284.126440,-24.382504,0.312485,8.101938,7.153554,7.622371,7.928609,7.701618,8.101938,37.912230000,128.172100000,37.912230000,128.172100000,37.912150000,128.172400000,37.912110918,128.172322179,37.912094000,128.171880000,37.912156928,128.171863493,37.912310000,128.171810000,37.912350215,128.171880244,37.912376000,128.172330000,37.912305458,128.172342463
454,454,826610057236,90.802,4.097963,37.913350000,128.172240000,1461.000000,1183.276980,888.707926,-294.569054,-24.894345,0.461955,8.586935,7.357940,7.815550,8.468748,8.057293,8.586935,37.912254000,128.172120000,37.912254000,128.172120000,37.912178000,128.172420000,37.912132044,128.172341473,37.912117000,128.171890000,37.912182725,128.171881114,37.912334000,128.171830000,37.912376493,128.171900839,37.912403000,128.172360000,37.912327016,128.172364736
455,455,826610057439,91.005,4.097963,37.913400000,128.172290000,1462.000000,1199.897102,896.327381,-303.569720,-25.299646,0.652626,9.034220,7.985202,8.191265,9.174909,8.596399,9.174909,37.912273000,128.172150000,37.912273000,128.172150000,37.912200000,128.172450000,37.912148253,128.172370758,37.912132000,128.171920000,37.912203177,128.171908714,37.912350000,128.171860000,37.912397412,128.171931326,37.912426000,128.172400000,37.912343616,128.172396944
456,456,826610057642,91.208,4.097963,37.913450000,128.172320000,1463.000000,1194.519531,905.771053,-288.748478,-24.172772,0.725058,8.414784,7.875977,8.782452,9.723159,8.699093,9.723159,37.912296000,128.172180000,37.912296000,128.172180000,37.912224000,128.172470000,37.912170553,128.172402245,37.912155000,128.171950000,37.912225066,128.171937553,37.912373000,128.171880000,37.912420515,128.171959829,37.912453000,128.172410000,37.912366812,128.172427954
457,457,826610057846,91.412,4.097963,37.913498000,128.172360000,1464.000000,1204.735761,913.478557,-291.257203,-24.176024,0.520300,9.237775,8.561079,9.364911,10.201952,9.341430,10.201952,37.912323000,128.172200000,37.912323000,128.172200000,37.912250000,128.172500000,37.912194833,128.172421425,37.912178000,128.171970000,37.912254033,128.171955357,37.912395000,128.171900000,37.912450059,128.171980621,37.912480000,128.172420000,37.912391489,128.172450121
458,458,826610058034,91.600,4.097963,37.913555000,128.172410000,1465.000000,1216.467306,922.012429,-294.454878,-24.205737,0.935704,9.179136,9.258521,10.257025,10.814661,9.877336,10.814661,37.912354000,128.172230000,37.912354000,128.172230000,37.912285000,128.172520000,37.912223134,128.172450903,37.912205000,128.172000000,37.912287100,128.171983139,37.912426000,128.171920000,37.912483621,128.172011134,37.912514000,128.172450000,37.912420272,128.172482392
459,459,826610058237,91.803,4.097963,37.913605000,128.172450000,1466.000000,1254.107065,931.654857,-322.452209,-25.711697,0.554713,9.961966,9.838658,10.363825,10.928413,10.273216,10.928413,37.912388000,128.172260000,37.912388000,128.172260000,37.912320000,128.172560000,37.912255545,128.172481312,37.912235000,128.172030000,37.912322169,128.172011500,37.912460000,128.171950000,37.912519441,128.172040823,37.912550000,128.172490000,37.912453697,128.172514161
460,460,826610058441,92.007,4.097963,37.913654000,128.172500000,1467.000000,1262.270238,938.432934,-323.837304,-25.655148,0.826301,11.396180,10.031080,10.135309,12.292346,10.963729,12.292346,37.912410000,128.172270000,37.912410000,128.172270000,37.912346000,128.172580000,37.912273442,128.172488461,37.912260000,128.172040000,37.912348519,128.172018629,37.912483000,128.171970000,37.912545757,128.172053608,37.912580000,128.172500000,37.912471647,128.172526978
461,461,826610058643,92.209,4.097963,37.913710000,128.172550000,1468.000000,1272.682082,946.954811,-325.727271,-25.593766,0.584102,11.033481,11.156598,11.332897,12.355706,11.469671,12.355706,37.912430000,128.172290000,37.912430000,128.172290000,37.912365000,128.172590000,37.912290539,128.172507083,37.912273000,128.172060000,37.912371475,128.172036391,37.912500000,128.171980000,37.912568894,128.172075003,37.912598000,128.172520000,37.912489429,128.172549231
462,462,826610058847,92.413,4.097963,37.913760000,128.172590000,1469.000000,1306.949011,958.888307,-348.060704,-26.631544,0.540229,11.527018,11.142038,12.145720,12.460779,11.818889,12.460779,37.912453000,128.172330000,37.912453000,128.172330000,37.912388000,128.172640000,37.912313467,128.172548887,37.912296000,128.172100000,37.912394193,128.172075412,37.912520000,128.172010000,37.912592488,128.172113360,37.912624000,128.172560000,37.912514661,128.172590393
463,463,826610059034,92.600,4.097963,37.913760000,128.172590000,1469.000000,1306.949011,958.888307,-348.060704,-26.631544,0.540229,11.527018,11.142038,12.145720,12.460779,11.818889,12.460779,37.912453000,128.172330000,37.912453000,128.172330000,37.912388000,128.172640000,37.912313467,128.172548887,37.912296000,128.172100000,37.912394193,128.172075412,37.912520000,128.172010000,37.912592488,128.172113360,37.912624000,128.172560000,37.912514661,128.172590393
464,464,826610059239,92.805,4.097963,37.913810000,128.172640000,1470.000000,1280.795751,969.221248,-311.574503,-24.326635,0.433138,11.257854,11.855301,12.191757,12.891394,12.049076,12.891394,37.912487000,128.172350000,37.912487000,128.172350000,37.912422000,128.172650000,37.912344753,128.172567267,37.912327000,128.172120000,37.912431353,128.172093043,37.912550000,128.172040000,37.912629849,128.172135011,37.912660000,128.172580000,37.912547147,128.172612935
465,465,826610059442,93.008,4.097963,37.913860000,128.172680000,1471.000000,1299.468830,979.690623,-319.778207,-24.608378,1.287823,11.699963,12.155441,12.706385,12.716287,12.319519,12.716287,37.912510000,128.172380000,37.912510000,128.172380000,37.912450000,128.172680000,37.912367165,128.172598003,37.912346000,128.172130000,37.912454997,128.172121677,37.912575000,128.172060000,37.912654063,128.172164350,37.912680000,128.172600000,37.912571286,128.172644457
466,466,826610059646,93.212,4.097963,37.913914000,128.172730000,1472.000000,1326.109951,988.552065,-337.557886,-25.454743,0.451521,12.023088,13.196643,12.775470,12.482089,12.619322,13.196643,37.912530000,128.172400000,37.912530000,128.172400000,37.912464000,128.172710000,37.912384879,128.172616815,37.912360000,128.172160000,37.912477449,128.172139588,37.912590000,128.172090000,37.912676579,128.172185483,37.912700000,128.172640000,37.912589858,128.172666637
467,467,826610059833,93.399,4.097963,37.913963000,128.172780000,1473.000000,1343.658741,997.132657,-346.526084,-25.789739,0.062950,13.122973,13.422370,13.631489,13.628250,13.451271,13.631489,37.912550000,128.172420000,37.912550000,128.172420000,37.912487000,128.172740000,37.912402698,128.172635554,37.912384000,128.172200000,37.912499829,128.172157544,37.912610000,128.172100000,37.912698961,128.172206658,37.912727000,128.172650000,37.912608463,128.172688792
468,468,826610060036,93.602,4.097963,37.914013000,128.172820000,1473.000000,1355.047916,1004.324536,-350.723380,-25.882729,0.559523,13.042504,13.932572,14.284932,13.181673,13.610420,14.284932,37.912586000,128.172440000,37.912586000,128.172440000,37.912520000,128.172760000,37.912437373,128.172654713,37.912415000,128.172210000,37.912537247,128.172175982,37.912640000,128.172120000,37.912736404,128.172227352,37.912760000,128.172680000,37.912644044,128.172710416
469,469,826610060239,93.805,4.097963,37.914066000,128.172880000,1474.000000,1367.952688,1015.294218,-352.658470,-25.780020,0.970000,12.923230,14.734547,14.896540,13.626929,14.045311,14.896540,37.912610000,128.172470000,37.912610000,128.172470000,37.912540000,128.172790000,37.912459687,128.172683748,37.912434000,128.172240000,37.912563243,128.172203792,37.912660000,128.172150000,37.912762924,128.172258400,37.912785000,128.172700000,37.912667322,128.172742736
470,470,826610060442,94.008,4.097963,37.914112000,128.172930000,1475.000000,1372.840766,1025.488152,-347.352614,-25.301741,0.789450,13.125675,14.645230,15.050238,14.165282,14.246606,15.050238,37.912624000,128.172500000,37.912624000,128.172500000,37.912556000,128.172820000,37.912473031,128.172713809,37.912450000,128.172270000,37.912578124,128.172232139,37.912674000,128.172180000,37.912778622,128.172288540,37.912804000,128.172730000,37.912681689,128.172774497
471,471,826610060646,94.212,4.097963,37.914160000,128.172970000,1476.000000,1406.032139,1036.323241,-369.708898,-26.294484,1.143037,12.853146,15.090431,15.950283,14.218350,14.528052,15.950283,37.912647000,128.172530000,37.912647000,128.172530000,37.912575000,128.172850000,37.912495076,128.172744381,37.912468000,128.172300000,37.912599901,128.172260349,37.912693000,128.172200000,37.912802063,128.172317786,37.912827000,128.172760000,37.912704455,128.172805638
472,472,826610060835,94.401,4.097963,37.914207000,128.173020000,1477.000000,1388.189278,1045.777773,-342.411505,-24.666053,1.176010,39.019855,10.666285,39.691774,14.647114,26.006257,39.691774,37.912670000,128.172550000,37.912670000,128.172550000,37.912490000,128.172320000,37.912515848,128.172763080,37.912712000,128.172230000,37.912624015,128.172278092,37.912850000,128.172790000,37.912827125,128.172338991,37.912598000,128.172870000,37.912725228,128.172827475
473,473,826610061038,94.604,4.097963,37.914260000,128.173080000,1478.000000,1408.230933,1056.855392,-351.375541,-24.951557,1.327674,38.922126,10.631061,39.601949,14.904793,26.014982,39.601949,37.912697000,128.172580000,37.912697000,128.172580000,37.912514000,128.172350000,37.912540386,128.172791913,37.912740000,128.172260000,37.912651517,128.172305543,37.912876000,128.172820000,37.912855741,128.172369814,37.912620000,128.172900000,37.912749988,128.172859316
474,474,826610061241,94.807,4.097963,37.914307000,128.173130000,1479.000000,1436.485126,1066.441267,-370.043859,-25.760368,1.065245,37.894361,10.718721,39.549773,14.768104,25.732740,39.549773,37.912716000,128.172600000,37.912716000,128.172600000,37.912537000,128.172380000,37.912556975,128.172810731,37.912758000,128.172270000,37.912671412,128.172323384,37.912900000,128.172840000,37.912876306,128.172390679,37.912640000,128.172930000,37.912766898,128.172880963
475,475,826610061445,95.011,4.097963,37.914352000,128.173190000,1479.000000,1458.384098,1075.449946,-382.934152,-26.257428,1.277018,38.682035,11.089581,38.631463,14.722882,25.781490,38.682035,37.912754000,128.172640000,37.912754000,128.172640000,37.912570000,128.172410000,37.912592629,128.172849508,37.912796000,128.172300000,37.912708804,128.172361064,37.912937000,128.172870000,37.912914615,128.172431048,37.912674000,128.172960000,37.912802838,128.172922127
476,476,826610061632,95.198,4.097963,37.914400000,128.173230000,1480.000000,1447.776110,1085.200286,-362.575824,-25.043639,1.527256,38.734876,10.396915,39.618205,15.218595,25.992148,39.618205,37.912770000,128.172670000,37.912770000,128.172670000,37.912586000,128.172440000,37.912607290,128.172880219,37.912804000,128.172330000,37.912723192,128.172389358,37.912950000,128.172910000,37.912929989,128.172459611,37.912685000,128.172990000,37.912818558,128.172952999
477,477,826610061835,95.401,4.097963,37.914448000,128.173300000,1481.000000,1447.042428,1095.075260,-351.967167,-24.323210,1.621561,38.515968,10.254400,38.618431,15.597915,25.746679,38.618431,37.912792000,128.172700000,37.912792000,128.172700000,37.912610000,128.172470000,37.912625908,128.172908089,37.912827000,128.172360000,37.912746419,128.172416575,37.912970000,128.172930000,37.912953354,128.172490787,37.912700000,128.173020000,37.912837345,128.172984836
478,478,826610062038,95.604,4.097963,37.914494000,128.173340000,1482.000000,1468.208263,1107.256221,-360.952042,-24.584526,1.859974,39.411170,10.265960,38.672605,15.635608,25.996336,39.411170,37.912823000,128.172730000,37.912823000,128.172730000,37.912640000,128.172490000,37.912655474,128.172938317,37.912853000,128.172380000,37.912776147,128.172444610,37.913002000,128.172960000,37.912984821,128.172520202,37.912730000,128.173050000,37.912867861,128.173015932
479,479,826610062243,95.809,4.097963,37.914536000,128.173400000,1483.000000,1459.360058,1115.882712,-343.477346,-23.536162,1.465832,37.372324,9.585610,40.174965,15.067988,25.550222,40.174965,37.912840000,128.172740000,37.912840000,128.172740000,37.912660000,128.172520000,37.912669221,128.172945371,37.912872000,128.172400000,37.912796409,128.172452273,37.913020000,128.172990000,37.913005015,128.172532952,37.912750000,128.173070000,37.912881222,128.173027914
480,480,826610062491,96.057,4.097963,37.914585000,128.173460000,1483.000000,1465.274591,1127.958156,-337.316435,-23.020698,2.037810,39.178852,9.684838,38.457263,15.773461,25.773604,39.178852,37.912857000,128.172790000,37.912857000,128.172790000,37.912674000,128.172550000,37.912684826,128.172995890,37.912884000,128.172440000,37.912811300,128.172500573,37.913033000,128.173020000,37.913022500,128.172582318,37.912758000,128.173110000,37.912897479,128.173078360
481,481,826610062669,96.235,4.097963,37.914627000,128.173520000,1484.000000,1496.070635,1135.035537,-361.035098,-24.132223,2.449374,39.079908,10.481779,38.333368,15.937930,25.958246,39.079908,37.912876000,128.172820000,37.912876000,128.172820000,37.912693000,128.172580000,37.912701864,128.173024833,37.912903000,128.172450000,37.912832530,128.172529156,37.913048000,128.173050000,37.913043931,128.172613556,37.912773000,128.173140000,37.912914175,128.173109788
482,482,826610062844,96.410,4.097963,37.914673000,128.173570000,1485.000000,1487.026857,1142.396744,-344.630113,-23.175783,2.248083,39.003267,8.986156,39.127897,15.873941,25.747815,39.127897,37.912895000,128.172840000,37.912895000,128.172840000,37.912710000,128.172600000,37.912719087,128.173043952,37.912920000,128.172490000,37.912853335,128.172547698,37.913067000,128.173080000,37.913064925,128.172634487,37.912792000,128.173170000,37.912931269,128.173131173
483,483,826610063040,96.606,4.097963,37.914760000,128.173690000,1486.000000,1485.413085,1155.347532,-330.065553,-22.220455,2.440334,39.471617,8.395441,38.759872,15.327365,25.488574,39.471617,37.912926000,128.172870000,37.912926000,128.172870000,37.912740000,128.172620000,37.912744823,128.173069393,37.912952000,128.172520000,37.912890025,128.172574473,37.913097000,128.173110000,37.913100832,128.172668696,37.912820000,128.173190000,37.912956144,128.173163938
484,484,826610063255,96.821,4.097963,37.914800000,128.173750000,1487.000000,1515.378184,1165.233666,-350.144518,-23.106081,2.166314,38.552700,9.123071,39.624829,15.573916,25.718629,39.624829,37.912940000,128.172910000,37.912940000,128.172910000,37.912758000,128.172670000,37.912756119,128.173108965,37.912970000,128.172550000,37.912905126,128.172613475,37.913113000,128.173160000,37.913116327,128.172708840,37.912830000,128.173230000,37.912968489,128.173204852
485,485,826610063431,96.997,4.097963,37.914840000,128.173810000,1488.000000,1515.915322,1173.074761,-342.840561,-22.616076,1.952107,39.237021,8.464320,38.576622,15.471976,25.437485,39.237021,37.912968000,128.172930000,37.912968000,128.172930000,37.912790000,128.172680000,37.912781334,128.173126629,37.913000000,128.172580000,37.912935844,128.172631728,37.913143000,128.173170000,37.913146617,128.172730780,37.912857000,128.173260000,37.912993419,128.173226292
486,486,826610063635,97.201,4.097963,37.914880000,128.173870000,1488.000000,1540.796698,1180.149196,-360.647502,-23.406560,1.534366,38.323131,9.324021,39.446683,15.182921,25.569189,39.446683,37.912975000,128.172970000,37.912975000,128.172970000,37.912796000,128.172730000,37.912785894,128.173166170,37.913017000,128.172620000,37.912943611,128.172671167,37.913150000,128.173220000,37.913154667,128.172770888,37.912865000,128.173300000,37.912998828,128.173266645
487,487,826610063839,97.405,4.097963,37.914920000,128.173930000,1489.000000,1542.409527,1188.761606,-353.647921,-22.928277,1.256437,38.245406,9.910976,39.397161,15.217562,25.692776,39.397161,37.912990000,128.173000000,37.912990000,128.173000000,37.912815000,128.172760000,37.912798084,128.173194945,37.913040000,128.172650000,37.912960123,128.172699842,37.913166000,128.173250000,37.913171037,128.172801458,37.912876000,128.173320000,37.913011557,128.173297625
488,488,826610064043,97.609,4.097963,37.914960000,128.174000000,1490.000000,1568.805844,1196.567692,-372.238152,-23.727484,0.941762,38.014900,9.825274,40.081343,14.666486,25.647001,40.081343,37.913017000,128.173020000,37.913017000,128.173020000,37.912846000,128.172780000,37.912821690,128.173211751,37.913070000,128.172670000,37.912990230,128.172717880,37.913193000,128.173280000,37.913200197,128.172823713,37.912907000,128.173360000,37.913034714,128.173318977
489,489,826610064246,97.812,4.097963,37.914997000,128.174060000,1490.000000,1592.171909,1202.469683,-389.702226,-24.476140,1.000078,38.952628,11.466970,38.395707,14.584976,25.850070,38.952628,37.913020000,128.173070000,37.913020000,128.173070000,37.912850000,128.172820000,37.912822612,128.173262165,37.913086000,128.172710000,37.912993645,128.172767830,37.913200000,128.173310000,37.913203601,128.172872839,37.912907000,128.173390000,37.913036987,128.173369198
490,490,826610064433,97.999,4.097963,37.915030000,128.174120000,1491.000000,1628.785007,1210.664200,-418.120806,-25.670718,0.540463,38.912117,11.997327,40.054894,14.958916,26.480813,40.054894,37.913036000,128.173100000,37.913036000,128.173100000,37.912870000,128.172850000,37.912836737,128.173291054,37.913110000,128.172740000,37.913012015,128.172796885,37.913216000,128.173360000,37.913221696,128.172903980,37.912918000,128.173420000,37.913051498,128.173400541
491,491,826610064636,98.202,4.097963,37.915073000,128.174200000,1491.000000,1602.290103,1217.559370,-384.730733,-24.011303,0.279442,39.636102,11.644844,39.866988,14.323433,26.367842,39.866988,37.913048000,128.173130000,37.913048000,128.173130000,37.912884000,128.172870000,37.912846311,128.173318773,37.913128000,128.172790000,37.913027309,128.172825942,37.913227000,128.173390000,37.913236303,128.172936216,37.912933000,128.173450000,37.913060857,128.173431702
492,492,826610064840,98.406,4.097963,37.915108000,128.174260000,1492.000000,1616.856936,1225.964741,-390.892195,-24.176053,0.299180,39.595768,11.798022,39.781786,14.509967,26.421386,39.781786,37.913063000,128.173160000,37.913063000,128.173160000,37.912900000,128.172900000,37.912859653,128.173347939,37.913147000,128.172820000,37.913044716,128.172855185,37.913242000,128.173420000,37.913253451,128.172967265,37.912945000,128.173480000,37.913074662,128.173463100
493,493,826610065043,98.609,4.097963,37.915142000,128.174320000,1493.000000,1636.458364,1234.183945,-402.274418,-24.582014,0.830824,39.448947,11.603251,39.684670,15.063586,26.450113,39.684670,37.913094000,128.173190000,37.913094000,128.173190000,37.912926000,128.172930000,37.912889617,128.173376804,37.913177000,128.172840000,37.913078826,128.172884391,37.913265000,128.173450000,37.913287032,128.172999002,37.912970000,128.173510000,37.913104800,128.173494996
494,494,826610065231,98.797,4.097963,37.915180000,128.174400000,1493.000000,1710.613973,1242.734714,-467.879259,-27.351540,0.391303,39.237467,12.398907,39.488783,15.144602,26.567440,39.488783,37.913094000,128.173220000,37.913094000,128.173220000,37.912920000,128.172960000,37.912887139,128.173404824,37.913190000,128.172880000,37.913081854,128.172913781,37.913270000,128.173480000,37.913289578,128.173031054,37.912968000,128.173550000,37.913102734,128.173526104
495,495,826610065435,99.001,4.097963,37.915180000,128.174400000,1493.000000,1710.613973,1242.734714,-467.879259,-27.351540,0.391303,39.237467,12.398907,39.488783,15.144602,26.567440,39.488783,37.913094000,128.173220000,37.913094000,128.173220000,37.912920000,128.172960000,37.912887139,128.173404824,37.913190000,128.172880000,37.913081854,128.172913781,37.913270000,128.173480000,37.913289578,128.173031054,37.912968000,128.173550000,37.913102734,128.173526104
496,496,826610065639,99.205,4.097963,37.915210000,128.174450000,1494.000000,1678.545907,1251.966609,-426.579297,-25.413621,1.159855,40.108164,11.579037,39.524027,16.024201,26.808857,40.108164,37.913128000,128.173260000,37.913128000,128.173260000,37.912952000,128.172990000,37.912920840,128.173444973,37.913220000,128.172930000,37.913117604,128.172953179,37.913296000,128.173520000,37.913325173,128.173071489,37.912994000,128.173580000,37.913137641,128.173568096
497,497,826610065842,99.408,4.097963,37.915240000,128.174530000,1494.000000,1731.144060,1259.806179,-471.337882,-27.226959,1.056472,39.992623,11.783409,40.289412,15.943781,27.002306,40.289412,37.913128000,128.173300000,37.913128000,128.173300000,37.912952000,128.173030000,37.912918550,128.173483390,37.913223000,128.172960000,37.913120381,128.172992909,37.913296000,128.173570000,37.913327152,128.173112955,37.912994000,128.173630000,37.913136284,128.173609224
498,498,826610066045,99.611,4.097963,37.915270000,128.174590000,1495.000000,1710.319605,1270.974599,-439.345007,-25.687889,1.370811,39.995121,12.144304,39.478551,16.376560,26.998634,39.995121,37.913140000,128.173340000,37.913140000,128.173340000,37.912964000,128.173070000,37.912929139,128.173523248,37.913240000,128.173000000,37.913133925,128.173032304,37.913303000,128.173600000,37.913340375,128.173152988,37.913002000,128.173660000,37.913148943,128.173651031
499,499,826610066232,99.798,4.097963,37.915300000,128.174670000,1495.000000,1734.858723,1279.553060,-455.305663,-26.244538,1.174831,39.783678,12.156147,39.269913,16.042345,26.813021,39.783678,37.913147000,128.173370000,37.913147000,128.173370000,37.912970000,128.173100000,37.912933606,128.173550634,37.913250000,128.173030000,37.913143646,128.173061397,37.913315000,128.173630000,37.913349099,128.173184954,37.913010000,128.173690000,37.913153983,128.173682295
500,500,826610066435,100.001,4.097963,37.915333000,128.174740000,1496.000000,1743.901776,1293.303739,-450.598037,-25.838499,1.241012,39.665194,12.047580,41.023452,16.585742,27.330492,41.023452,37.913160000,128.173400000,37.913160000,128.173400000,37.912983000,128.173130000,37.912944371,128.173578978,37.913265000,128.173070000,37.913157882,128.173089570,37.913322000,128.173680000,37.913363405,128.173215852,37.913017000,128.173720000,37.913165917,128.173713991
501,501,826610066639,100.205,4.097963,37.915360000,128.174800000,1496.000000,1778.755128,1303.409262,-475.345866,-26.723513,1.162401,39.577513,12.177611,40.076327,16.868185,27.174909,40.076327,37.913170000,128.173430000,37.913170000,128.173430000,37.912994000,128.173160000,37.912952596,128.173607576,37.913277000,128.173100000,37.913168564,128.173118304,37.913334000,128.173700000,37.913374175,128.173246528,37.913025000,128.173770000,37.913175246,128.173745057
502,502,826610066843,100.409,4.097963,37.915382000,128.174880000,1496.000000,1781.101343,1312.354612,-468.746731,-26.317802,1.246781,39.433366,12.524565,41.664314,16.492333,27.528645,41.664314,37.913177000,128.173460000,37.913177000,128.173460000,37.913006000,128.173190000,37.912957440,128.173634762,37.913290000,128.173140000,37.913177622,128.173146907,37.913340000,128.173750000,37.913382789,128.173278707,37.913033000,128.173800000,37.913179951,128.173776130
503,503,826610067031,100.597,4.097963,37.915410000,128.174960000,1497.000000,1793.810731,1327.422709,-466.388022,-25.999846,1.241130,41.112802,12.897400,39.954057,16.857733,27.705498,41.112802,37.913185000,128.173510000,37.913185000,128.173510000,37.913013000,128.173220000,37.912963621,128.173683920,37.913300000,128.173170000,37.913185819,128.173194903,37.913345000,128.173780000,37.913391863,128.173328965,37.913036000,128.173830000,37.913187425,128.173827678
504,504,826610067234,100.800,4.097963,37.915432000,128.175030000,1497.000000,1776.212294,1336.329216,-439.883078,-24.765231,1.197383,41.035666,13.231404,39.867463,16.537874,27.668101,41.035666,37.913208000,128.173540000,37.913208000,128.173540000,37.913044000,128.173250000,37.912985047,128.173711232,37.913326000,128.173190000,37.913210036,128.173223053,37.913364000,128.173810000,37.913415886,128.173360845,37.913060000,128.173860000,37.913208559,128.173858769
505,505,826610067437,101.003,4.097963,37.915455000,128.175110000,1497.000000,1779.927594,1349.059781,-430.867814,-24.207042,0.912894,15.336814,18.839460,15.979245,17.396986,16.888126,18.839460,37.913200000,128.173570000,37.913200000,128.173570000,37.913044000,128.173890000,37.912974713,128.173739061,37.913036000,128.173280000,37.913203789,128.173251996,37.913322000,128.173250000,37.913410475,128.173393275,37.913353000,128.173860000,37.913198468,128.173889539
506,506,826610067641,101.207,4.097963,37.915474000,128.175190000,1498.000000,1792.685861,1359.186741,-433.499120,-24.181544,1.148695,15.404618,18.876204,16.681162,17.083265,17.011312,18.876204,37.913208000,128.173610000,37.913208000,128.173610000,37.913048000,128.173930000,37.912980456,128.173776911,37.913044000,128.173310000,37.913212833,128.173290007,37.913334000,128.173280000,37.913420470,128.173435123,37.913353000,128.173890000,37.913202773,128.173929729
507,507,826610067844,101.410,4.097963,37.915497000,128.175260000,1498.000000,1775.039054,1367.084224,-407.954829,-22.982865,0.828610,15.493421,18.017125,17.333035,17.172173,17.003939,18.017125,37.913210000,128.173650000,37.913210000,128.173650000,37.913048000,128.173970000,37.912980616,128.173815641,37.913055000,128.173360000,37.913214934,128.173328518,37.913340000,128.173310000,37.913423933,128.173476231,37.913353000,128.173930000,37.913201895,128.173969346
508,508,826610068031,101.597,4.097963,37.915516000,128.175340000,1498.000000,1783.348919,1371.923402,-411.425518,-23.070388,1.296512,15.162637,18.475300,15.953669,16.364638,16.489061,18.475300,37.913220000,128.173680000,37.913220000,128.173680000,37.913044000,128.174000000,37.912988323,128.173842436,37.913063000,128.173390000,37.913226931,128.173357158,37.913353000,128.173360000,37.913435443,128.173508587,37.913353000,128.173970000,37.913207802,128.173999135
509,509,826610068236,101.802,4.097963,37.915530000,128.175420000,1498.000000,1796.742783,1376.230621,-420.512162,-23.404138,1.185904,14.530019,18.118666,16.704020,16.462230,16.453734,18.118666,37.913223000,128.173720000,37.913223000,128.173720000,37.913044000,128.174030000,37.912989107,128.173879898,37.913070000,128.173420000,37.913231682,128.173396270,37.913360000,128.173390000,37.913440217,128.173550738,37.913353000,128.174010000,37.913206836,128.174038496
510,510,826610068439,102.005,4.097963,37.915546000,128.175500000,1499.000000,1810.967730,1387.091699,-423.876031,-23.406051,0.786685,14.749713,17.940491,15.683171,16.897309,16.317671,17.940491,37.913223000,128.173750000,37.913223000,128.173750000,37.913040000,128.174060000,37.912985803,128.173906747,37.913074000,128.173450000,37.913233959,128.173425082,37.913370000,128.173430000,37.913442506,128.173583109,37.913353000,128.174040000,37.913202875,128.174068427
511,511,826610068643,102.209,4.097963,37.915560000,128.175580000,1499.000000,1809.061294,1397.246554,-411.814739,-22.764001,0.227943,14.192522,16.751670,15.346398,16.863562,15.788538,16.863562,37.913223000,128.173800000,37.913223000,128.173800000,37.913036000,128.174100000,37.912981774,128.173953745,37.913086000,128.173500000,37.913235120,128.173474383,37.913380000,128.173480000,37.913444161,128.173634661,37.913350000,128.174100000,37.913199134,128.174117389
512,512,826610068846,102.412,4.097963,37.915573000,128.175660000,1499.000000,1815.953794,1405.215456,-410.738338,-22.618325,0.077131,14.511998,16.481026,14.503292,16.751488,15.561951,16.751488,37.913223000,128.173830000,37.913223000,128.173830000,37.913033000,128.174130000,37.912978398,128.173979954,37.913090000,128.173520000,37.913237490,128.173503672,37.913387000,128.173520000,37.913446029,128.173667217,37.913345000,128.174130000,37.913195100,128.174146747
513,513,826610069033,102.599,4.097963,37.915580000,128.175740000,1499.000000,1872.413635,1412.421829,-459.991806,-24.566784,0.284448,15.786418,16.213920,15.194221,16.620507,15.953766,16.620507,37.913223000,128.173870000,37.913223000,128.173870000,37.913033000,128.174180000,37.912974722,128.174016130,37.913094000,128.173550000,37.913239551,128.173543123,37.913395000,128.173550000,37.913447762,128.173709557,37.913340000,128.174180000,37.913190760,128.174185557
514,514,826610069254,102.820,4.097963,37.915592000,128.175810000,1499.000000,1835.164380,1413.404176,-421.760205,-22.982149,1.398719,15.994773,15.581304,12.701493,16.646562,15.231033,16.646562,37.913240000,128.173890000,37.913240000,128.173890000,37.913044000,128.174200000,37.912989105,128.174031694,37.913120000,128.173580000,37.913259276,128.173562362,37.913418000,128.173600000,37.913465250,128.173731640,37.913353000,128.174210000,37.913203519,128.174204752
515,515,826610069439,103.005,4.097963,37.915596000,128.175890000,1499.000000,1878.279771,1426.700068,-451.579703,-24.042196,1.576272,16.161307,15.476999,11.974827,16.554326,15.041865,16.554326,37.913216000,128.173930000,37.913216000,128.173930000,37.913020000,128.174240000,37.912963367,128.174070560,37.913100000,128.173610000,37.913238947,128.173603841,37.913406000,128.173650000,37.913446566,128.173776283,37.913326000,128.174260000,37.913177754,128.174245126
516,516,826610069643,103.209,4.097963,37.915600000,128.175980000,1499.000000,1855.353803,1435.425221,-419.928582,-22.633343,1.724265,15.810452,14.806159,12.987236,17.091857,15.173926,17.091857,37.913210000,128.173970000,37.913210000,128.173970000,37.913017000,128.174270000,37.912955436,128.174107769,37.913105000,128.173660000,37.913237488,128.173645129,37.913410000,128.173680000,37.913444849,128.173821126,37.913322000,128.174300000,37.913168900,128.174285295
517,517,826610069832,103.398,4.097963,37.915604000,128.176060000,1499.000000,1857.944652,1442.430594,-415.514057,-22.364178,1.394676,16.775022,14.980666,13.393763,16.754269,15.475930,16.775022,37.913208000,128.174010000,37.913208000,128.174010000,37.913013000,128.174320000,37.912951805,128.174145453,37.913105000,128.173690000,37.913239546,128.173686525,37.913410000,128.173720000,37.913446524,128.173865309,37.913315000,128.174330000,37.913164537,128.174325456
518,518,826610070035,103.601,4.097963,37.915604000,128.176130000,1499.000000,1890.011995,1446.817957,-443.194038,-23.449271,1.943751,17.072238,14.385131,13.525573,17.025878,15.502205,17.072238,37.913204000,128.174040000,37.913204000,128.174040000,37.913010000,128.174350000,37.912946436,128.174173093,37.913110000,128.173720000,37.913239211,128.173717689,37.913414000,128.173750000,37.913445248,128.173898826,37.913310000,128.174380000,37.913158275,128.174355552
519,519,826610070238,103.804,4.097963,37.915600000,128.176300000,1499.000000,1896.562497,1452.226160,-444.336337,-23.428510,2.598842,17.895278,14.625046,12.462744,17.992277,15.743836,17.992277,37.913197000,128.174070000,37.913197000,128.174070000,37.913002000,128.174380000,37.912935851,128.174194289,37.913110000,128.173750000,37.913241377,128.173749117,37.913414000,128.173800000,37.913442408,128.173937260,37.913303000,128.174420000,37.913143730,128.174385136
520,520,826610070442,104.008,4.097963,37.915600000,128.176300000,1499.000000,1943.979188,1449.722330,-494.256858,-25.425008,3.402210,18.404987,13.816990,11.292822,18.156151,15.417738,18.404987,37.913190000,128.174100000,37.913190000,128.174100000,37.912994000,128.174420000,37.912929563,128.174227006,37.913110000,128.173780000,37.913234120,128.173780338,37.913414000,128.173840000,37.913435542,128.173965651,37.913296000,128.174470000,37.913138605,128.174415805
521,521,826610070644,104.210,4.097963,37.915590000,128.176470000,1499.000000,1929.900621,1445.848429,-484.052192,-25.081716,2.752371,17.533632,13.937690,11.802257,18.032066,15.326411,18.032066,37.913200000,128.174150000,37.913200000,128.174150000,37.913002000,128.174450000,37.912936550,128.174268409,37.913130000,128.173810000,37.913253854,128.173833241,37.913430000,128.173890000,37.913447861,128.174022463,37.913300000,128.174510000,37.913141851,128.174465584
522,522,826610070838,104.404,4.097963,37.915577000,128.176540000,1499.000000,1936.793308,1449.270570,-487.522738,-25.171645,2.715343,16.919981,13.872169,12.084968,18.192853,15.267493,18.192853,37.913193000,128.174180000,37.913193000,128.174180000,37.912994000,128.174470000,37.912928807,128.174295965,37.913128000,128.173840000,37.913251013,128.173865252,37.913425000,128.173920000,37.913442719,128.174055758,37.913292000,128.174550000,37.913134047,128.174496827
523,523,826610071035,104.601,4.097963,37.915565000,128.176620000,1499.000000,1937.527369,1468.850102,-468.677267,-24.189453,3.415956,18.625107,13.215776,11.566800,18.100024,15.376927,18.625107,37.913162000,128.174220000,37.913162000,128.174220000,37.912964000,128.174530000,37.912897303,128.174335508,37.913105000,128.173890000,37.913223000,128.173906535,37.913400000,128.173970000,37.913415857,128.174100160,37.913260000,128.174600000,37.913104501,128.174539778
524,524,826610071239,104.805,4.097963,37.915550000,128.176700000,1498.000000,1973.358811,1477.370472,-495.988338,-25.134220,2.981948,17.817601,13.425090,11.884343,17.648708,15.193935,17.817601,37.913155000,128.174260000,37.913155000,128.174260000,37.912952000,128.174560000,37.912889900,128.174373015,37.913100000,128.173920000,37.913218673,128.173947216,37.913395000,128.174010000,37.913410611,128.174143864,37.913246000,128.174650000,37.913097055,128.174581147
525,525,826610071442,105.008,4.097963,37.915535000,128.176770000,1498.000000,2018.184242,1478.052289,-540.131953,-26.763263,2.017380,16.138150,13.957079,12.877850,16.710834,14.920978,16.710834,37.913166000,128.174300000,37.913166000,128.174300000,37.912956000,128.174580000,37.912900553,128.174410217,37.913116000,128.173930000,37.913232731,128.173987998,37.913410000,128.174040000,37.913421708,128.174185878,37.913250000,128.174680000,37.913106946,128.174622327
526,526,826610071646,105.212,4.097963,37.915516000,128.176850000,1498.000000,2023.904271,1494.361458,-529.542812,-26.164420,1.294767,14.914260,14.078337,13.167180,15.673723,14.458375,15.673723,37.913140000,128.174350000,37.913140000,128.174350000,37.912920000,128.174620000,37.912874756,128.174460158,37.913090000,128.173980000,37.913208031,128.174037567,37.913383000,128.174090000,37.913398126,128.174238695,37.913216000,128.174730000,37.913082060,128.174674974
527,527,826610071833,105.399,4.097963,37.915493000,128.176930000,1498.000000,2032.165835,1497.924244,-534.241590,-26.289271,1.523136,15.023347,13.560128,12.582067,15.710074,14.218904,15.710074,37.913128000,128.174380000,37.913128000,128.174380000,37.912907000,128.174650000,37.912863265,128.174488171,37.913086000,128.174010000,37.913198948,128.174067823,37.913376000,128.174130000,37.913387677,128.174272497,37.913200000,128.174770000,37.913068244,128.174705908
528,528,826610072036,105.602,4.097963,37.915470000,128.177000000,1498.000000,2048.541320,1491.754403,-556.786917,-27.179677,0.613883,13.995762,14.158441,12.848973,14.322600,13.831444,14.322600,37.913140000,128.174410000,37.913140000,128.174410000,37.912907000,128.174670000,37.912876184,128.174515501,37.913100000,128.174030000,37.913214885,128.174099170,37.913387000,128.174160000,37.913399651,128.174305421,37.913197000,128.174800000,37.913078345,128.174736942
529,529,826610072239,105.805,4.097963,37.915443000,128.177080000,1497.000000,2068.437052,1495.749684,-572.687368,-27.686961,0.401617,13.085449,13.913049,12.237755,13.768198,13.251113,13.913049,37.913128000,128.174450000,37.913128000,128.174450000,37.912890000,128.174700000,37.912865531,128.174554269,37.913097000,128.174060000,37.913205132,128.174139443,37.913376000,128.174210000,37.913388324,128.174348465,37.913177000,128.174850000,37.913066627,128.174779258
530,530,826610072442,106.008,4.097963,37.915417000,128.177150000,1497.000000,2103.535963,1511.405161,-592.130802,-28.149307,1.101902,14.046330,13.693676,10.654670,14.035226,13.107475,14.046330,37.913097000,128.174480000,37.913097000,128.174480000,37.912857000,128.174740000,37.912834076,128.174582726,37.913067000,128.174090000,37.913173930,128.174167080,37.913345000,128.174260000,37.913358019,128.174380190,37.913140000,128.174900000,37.913035419,128.174810740
531,531,826610072646,106.212,4.097963,37.915386000,128.177220000,1497.000000,2087.697851,1512.983639,-574.714212,-27.528611,0.282054,11.478810,12.887719,11.434342,12.421483,12.055588,12.887719,37.913097000,128.174530000,37.913097000,128.174530000,37.912850000,128.174760000,37.912834636,128.174630758,37.913080000,128.174130000,37.913174331,128.174215074,37.913350000,128.174300000,37.913356237,128.174429955,37.913128000,128.174940000,37.913034834,128.174862163
532,532,826610072848,106.414,4.097963,37.915350000,128.177280000,1496.000000,2153.299916,1528.472636,-624.827281,-29.017197,0.877307,9.557317,13.305447,10.663097,11.719228,11.311272,13.305447,37.913063000,128.174580000,37.913063000,128.174580000,37.912810000,128.174790000,37.912802193,128.174681628,37.913050000,128.174160000,37.913138372,128.174262006,37.913320000,128.174360000,37.913322762,128.174481363,37.913090000,128.174990000,37.913003088,128.174914700
533,533,826610073038,106.604,4.097963,37.915350000,128.177280000,1496.000000,2153.299916,1528.472636,-624.827281,-29.017197,0.877307,9.557317,13.305447,10.663097,11.719228,11.311272,13.305447,37.913063000,128.174580000,37.913063000,128.174580000,37.912810000,128.174790000,37.912802193,128.174681628,37.913050000,128.174160000,37.913138372,128.174262006,37.913320000,128.174360000,37.913322762,128.174481363,37.913090000,128.174990000,37.913003088,128.174914700
534,534,826610073241,106.807,4.097963,37.915314000,128.177350000,1496.000000,2155.891159,1537.504151,-618.387008,-28.683591,0.861402,10.710006,11.591572,8.420670,12.271899,10.748536,12.271899,37.913048000,128.174600000,37.913048000,128.174600000,37.912790000,128.174820000,37.912786818,128.174698119,37.913044000,128.174200000,37.913125837,128.174281610,37.913310000,128.174410000,37.913309055,128.174505873,37.913067000,128.175030000,37.912985862,128.174935406
535,535,826610073444,107.010,4.097963,37.915276000,128.177410000,1496.000000,2183.901618,1545.741480,-638.160139,-29.221103,0.310082,9.018319,12.146346,8.700669,10.622477,10.121952,12.146346,37.913033000,128.174640000,37.913033000,128.174640000,37.912770000,128.174840000,37.912773102,128.174737390,37.913036000,128.174220000,37.913111359,128.174320018,37.913300000,128.174450000,37.913294828,128.174548851,37.913040000,128.175060000,37.912970614,128.174976968
536,536,826610073632,107.198,4.097963,37.915237000,128.177470000,1495.000000,2175.738229,1547.302447,-628.435782,-28.883796,1.230496,7.588768,11.893703,9.112868,9.165278,9.440154,11.893703,37.913030000,128.174670000,37.913030000,128.174670000,37.912760000,128.174850000,37.912771108,128.174764747,37.913048000,128.174240000,37.913110422,128.174349909,37.913300000,128.174480000,37.913292421,128.174583316,37.913025000,128.175080000,37.912965853,128.175007404
537,537,826610073835,107.401,4.097963,37.915190000,128.177550000,1495.000000,2181.703154,1558.938969,-622.764185,-28.544863,0.655594,6.597445,9.964350,7.004103,9.026843,8.148185,9.964350,37.912990000,128.174710000,37.912990000,128.174710000,37.912724000,128.174880000,37.912733723,128.174805897,37.913025000,128.174290000,37.913070715,128.174387545,37.913273000,128.174550000,37.913252871,128.174625559,37.912980000,128.175130000,37.912927605,128.175051554
538,538,826610074038,107.604,4.097963,37.915146000,128.177600000,1495.000000,2165.474542,1562.681414,-602.793128,-27.836537,0.862477,6.863383,7.781622,5.821775,9.200132,7.416728,9.200132,37.912970000,128.174730000,37.912970000,128.174730000,37.912700000,128.174900000,37.912714378,128.174824006,37.913017000,128.174330000,37.913052074,128.174406644,37.913258000,128.174590000,37.913232872,128.174648135,37.912952000,128.175160000,37.912906456,128.175072586
539,539,826610074242,107.808,4.097963,37.915100000,128.177660000,1494.000000,2169.532374,1566.626131,-602.906243,-27.789686,0.845247,5.573621,7.078063,4.707206,8.466486,6.456344,8.466486,37.912952000,128.174760000,37.912952000,128.174760000,37.912678000,128.174910000,37.912696876,128.174851220,37.913010000,128.174360000,37.913034400,128.174434422,37.913242000,128.174640000,37.913213880,128.174680029,37.912920000,128.175190000,37.912887105,128.175103081
540,540,826610074446,108.012,4.097963,37.915054000,128.177700000,1494.000000,2154.378946,1567.520206,-586.858740,-27.240275,1.306091,5.194294,5.788774,4.219179,8.075957,5.819551,8.075957,37.912940000,128.174770000,37.912940000,128.174770000,37.912663000,128.174910000,37.912684667,128.174857619,37.913013000,128.174380000,37.913024619,128.174444246,37.913235000,128.174670000,37.913201855,128.174693301,37.912895000,128.175200000,37.912872329,128.175112650
541,541,826610074634,108.200,4.097963,37.914997000,128.177750000,1493.000000,2203.067569,1567.368850,-635.698719,-28.855162,0.694714,3.836165,6.271873,3.858517,7.654445,5.405250,7.654445,37.912907000,128.174820000,37.912907000,128.174820000,37.912624000,128.174930000,37.912653538,128.174907503,37.912990000,128.174420000,37.912990222,128.174491413,37.913200000,128.174730000,37.913166767,128.174742483,37.912853000,128.175250000,37.912840488,128.175164299
542,542,826610074837,108.403,4.097963,37.914944000,128.177800000,1493.000000,2163.570629,1570.901392,-592.669237,-27.393108,0.591311,3.490423,6.300769,4.090698,5.715800,4.899422,6.300769,37.912884000,128.174850000,37.912884000,128.174850000,37.912600000,128.174940000,37.912631142,128.174935376,37.912980000,128.174450000,37.912968282,128.174520188,37.913180000,128.174770000,37.913143450,128.174774824,37.912820000,128.175260000,37.912816322,128.175195086
543,543,826610075040,108.606,4.097963,37.914890000,128.177840000,1493.000000,2149.981449,1569.631178,-580.350271,-26.993269,0.812792,4.076648,5.028577,4.584843,5.915081,4.901287,5.915081,37.912872000,128.174850000,37.912872000,128.174850000,37.912582000,128.174930000,37.912618619,128.174930506,37.912980000,128.174470000,37.912960193,128.174521459,37.913170000,128.174800000,37.913131992,128.174779889,37.912790000,128.175260000,37.912800134,128.175193885
544,544,826610075244,108.810,4.097963,37.914837000,128.177870000,1492.000000,2146.853682,1567.142147,-579.711535,-27.002843,0.495685,4.565972,5.815009,5.329625,5.568861,5.319866,5.815009,37.912846000,128.174880000,37.912846000,128.174880000,37.912556000,128.174940000,37.912593984,128.174959618,37.912968000,128.174500000,37.912934215,128.174550499,37.913147000,128.174840000,37.913104958,128.174810967,37.912750000,128.175280000,37.912774153,128.175224472
545,545,826610075431,108.997,4.097963,37.914780000,128.177900000,1492.000000,2105.499671,1569.830567,-535.669105,-25.441424,0.601956,6.452929,6.692109,5.598204,5.512324,6.063891,6.692109,37.912804000,128.174930000,37.912804000,128.174930000,37.912514000,128.174960000,37.912554758,128.175012246,37.912937000,128.174550000,37.912890055,128.174597596,37.913100000,128.174900000,37.913061322,128.174859260,37.912693000,128.175310000,37.912735679,128.175278173
546,546,826610075672,109.238,4.097963,37.914715000,128.177930000,1491.000000,2157.512015,1565.614989,-591.897026,-27.434240,0.452289,6.910420,7.201082,6.936520,6.061354,6.777344,7.201082,37.912785000,128.174940000,37.912785000,128.174940000,37.912495000,128.174960000,37.912536405,128.175018624,37.912926000,128.174560000,37.912874039,128.174608839,37.913086000,128.174930000,37.913042224,128.174873793,37.912666000,128.175320000,37.912714161,128.175287801
547,547,826610075839,109.405,4.097963,37.914658000,128.177960000,1491.000000,2123.050319,1566.475096,-556.575223,-26.215828,0.247558,8.516146,7.503909,9.569497,7.724866,8.328605,9.569497,37.912750000,128.174960000,37.912750000,128.174960000,37.912457000,128.174960000,37.912502579,128.175037878,37.912903000,128.174600000,37.912839040,128.174626981,37.913048000,128.174990000,37.913006348,128.174894684,37.912610000,128.175320000,37.912678812,128.175308635
548,548,826610076042,109.608,4.097963,37.914597000,128.177980000,1491.000000,2112.150091,1561.648014,-550.502077,-26.063587,0.488364,9.230114,8.318717,10.900153,8.989918,9.359726,10.900153,37.912724000,128.174970000,37.912724000,128.174970000,37.912430000,128.174960000,37.912477590,128.175046062,37.912888000,128.174620000,37.912814402,128.174636413,37.913020000,128.175020000,37.912979708,128.174906882,37.912570000,128.175320000,37.912650743,128.175318010
549,549,826610076245,109.811,4.097963,37.914536000,128.178000000,1490.000000,2090.642202,1551.904076,-538.738126,-25.769026,0.720222,12.124068,9.141001,11.503671,10.086133,10.713718,12.124068,37.912697000,128.174990000,37.912697000,128.174990000,37.912407000,128.174940000,37.912452546,128.175065397,37.912870000,128.174650000,37.912788012,128.174655785,37.912990000,128.175050000,37.912951532,128.174928430,37.912533000,128.175320000,37.912622555,128.175337433
550,550,826610076433,109.999,4.097963,37.914467000,128.178010000,1490.000000,2098.757491,1544.352811,-554.404679,-26.415852,0.805047,12.480564,10.275366,12.095407,10.722924,11.393565,12.480564,37.912674000,128.174990000,37.912674000,128.174990000,37.912388000,128.174930000,37.912429857,128.175061831,37.912860000,128.174650000,37.912767855,128.174656882,37.912968000,128.175060000,37.912928121,128.174931890,37.912502000,128.175310000,37.912596166,128.175335711
551,551,826610076636,110.202,4.097963,37.914406000,128.178020000,1489.000000,2110.783568,1532.291241,-578.492326,-27.406520,0.373723,13.817720,10.962812,15.122542,11.637755,12.885207,15.122542,37.912647000,128.174990000,37.912647000,128.174990000,37.912365000,128.174910000,37.912403752,128.175059468,37.912840000,128.174680000,37.912743013,128.174658339,37.912937000,128.175100000,37.912900254,128.174934230,37.912464000,128.175310000,37.912566797,128.175334122
552,552,826610076839,110.405,4.097963,37.914345000,128.178020000,1489.000000,2043.325556,1515.745625,-527.579931,-25.819671,0.637670,14.750374,11.875377,15.245505,13.601755,13.868253,15.245505,37.912610000,128.175020000,37.912610000,128.175020000,37.912330000,128.174930000,37.912368833,128.175090577,37.912810000,128.174710000,37.912704861,128.174687110,37.912895000,128.175130000,37.912860933,128.174961868,37.912415000,128.175310000,37.912529809,128.175362999
553,553,826610077042,110.608,4.097963,37.914284000,128.178020000,1489.000000,2021.719924,1507.543182,-514.176741,-25.432640,0.268289,16.910580,14.126589,17.369830,14.866671,15.818417,17.369830,37.912580000,128.175000000,37.912580000,128.175000000,37.912308000,128.174880000,37.912339411,128.175068387,37.912796000,128.174730000,37.912678304,128.174669856,37.912860000,128.175140000,37.912831187,128.174945624,37.912373000,128.175280000,37.912497217,128.175342167
554,554,826610077232,110.798,4.097963,37.914210000,128.178020000,1488.000000,2088.592992,1495.477729,-593.115263,-28.397838,0.449533,17.378037,14.117115,18.721615,15.162748,16.344879,18.721615,37.912560000,128.175000000,37.912560000,128.175000000,37.912290000,128.174870000,37.912319931,128.175064199,37.912780000,128.174730000,37.912661617,128.174672362,37.912838000,128.175160000,37.912810511,128.174949698,37.912346000,128.175280000,37.912473775,128.175339807
555,555,826610077435,111.001,4.097963,37.914150000,128.178010000,1488.000000,2037.364275,1481.151511,-556.212765,-27.300605,0.287821,18.261127,15.221442,19.718733,16.031670,17.308243,19.718733,37.912520000,128.175020000,37.912520000,128.175020000,37.912254000,128.174880000,37.912281590,128.175084963,37.912746000,128.174760000,37.912620458,128.174691319,37.912792000,128.175190000,37.912768447,128.174967472,37.912304000,128.175280000,37.912433950,128.175358680
556,556,826610077639,111.205,4.097963,37.914090000,128.178000000,1488.000000,1986.281884,1475.442306,-510.839578,-25.718383,0.129427,19.676107,17.014378,21.017767,17.829823,18.884519,21.017767,37.912490000,128.175000000,37.912490000,128.175000000,37.912235000,128.174840000,37.912252174,128.175062976,37.912730000,128.174760000,37.912593190,128.174673623,37.912754000,128.175190000,37.912738821,128.174951462,37.912266000,128.175230000,37.912401767,128.175337708
557,557,826610077842,111.408,4.097963,37.914030000,128.177980000,1487.000000,2056.039317,1464.257044,-591.782274,-28.782634,0.281649,21.981086,18.315801,22.596462,18.392506,20.321464,22.596462,37.912464000,128.174990000,37.912464000,128.174990000,37.912212000,128.174800000,37.912226339,128.175049620,37.912710000,128.174770000,37.912568186,128.174664255,37.912720000,128.175200000,37.912711603,128.174942932,37.912230000,128.175220000,37.912373233,128.175324390
558,558,826610078045,111.611,4.097963,37.913902000,128.177930000,1487.000000,1954.118051,1447.562400,-506.555651,-25.922469,0.108432,22.064866,19.192532,22.080996,18.739271,20.519416,22.080996,37.912434000,128.174990000,37.912434000,128.174990000,37.912193000,128.174790000,37.912196067,128.175041205,37.912685000,128.174790000,37.912542326,128.174667313,37.912680000,128.175200000,37.912680293,128.174948582,37.912197000,128.175200000,37.912337204,128.175318093
559,559,826610078233,111.799,4.097963,37.913845000,128.177900000,1486.000000,1966.437736,1434.494660,-531.943076,-27.051102,0.217328,12.288904,38.977606,13.788931,38.528047,25.895872,38.977606,37.912395000,128.175000000,37.912395000,128.175000000,37.912155000,128.175190000,37.912157776,128.175050120,37.912163000,128.174790000,37.912501384,128.174675957,37.912650000,128.174800000,37.912639105,128.174956395,37.912636000,128.175230000,37.912298145,128.175325201
560,560,826610078436,112.002,4.097963,37.913780000,128.177870000,1486.000000,2004.280426,1426.520444,-577.759982,-28.826305,0.194355,12.100843,38.915318,11.042659,37.323356,24.845544,38.915318,37.912144000,128.174740000,37.912144000,128.174740000,37.911900000,128.174930000,37.911904109,128.174792316,37.911903000,128.174500000,37.912245857,128.174413506,37.912400000,128.174560000,37.912385315,128.174684348,37.912376000,128.174970000,37.912049041,128.175064099
561,561,826610078639,112.205,4.097963,37.913727000,128.177830000,1486.000000,1984.067765,1558.528859,-425.538905,-21.447801,3.750645,11.280494,49.719626,16.249537,44.648640,30.474574,49.719626,37.911210000,128.172520000,37.911210000,128.172520000,37.910880000,128.172600000,37.910904855,128.172475483,37.910927000,128.172260000,37.911373407,128.172278240,37.911503000,128.172360000,37.911497612,128.172544891,37.911450000,128.172710000,37.911052576,128.172778532
562,562,826610078844,112.410,4.097963,37.913673000,128.177800000,1485.000000,1844.989802,1537.083155,-307.906648,-16.688799,1.386638,13.121529,47.670389,14.958963,45.990386,30.435317,47.670389,37.911293000,128.172240000,37.911293000,128.172240000,37.910965000,128.172330000,37.910994546,128.172185368,37.911020000,128.172000000,37.911447390,128.171966013,37.911587000,128.172090000,37.911569538,128.172258879,37.911530000,128.172410000,37.911119671,128.172470962
563,563,826610079032,112.598,4.097963,37.913624000,128.177750000,1485.000000,1969.974622,1369.160963,-600.813659,-30.498548,3.241937,15.373077,45.911330,10.330554,47.681855,29.824204,47.681855,37.911750000,128.172620000,37.911750000,128.172620000,37.911453000,128.172760000,37.911480374,128.172588434,37.911500000,128.172410000,37.911909999,128.172353343,37.912050000,128.172520000,37.912007666,128.172624673,37.912010000,128.172880000,37.911581903,128.172861969
564,564,826610079235,112.801,4.097963,37.913563000,128.177700000,1485.000000,1702.030080,1387.713267,-314.316813,-18.467171,0.494151,14.097849,14.741278,14.253460,16.364050,14.864159,16.364050,37.912250000,128.173130000,37.912250000,128.173130000,37.912020000,128.172930000,37.911993505,128.173086968,37.912525000,128.172960000,37.912418171,128.172860815,37.912470000,128.173310000,37.912500427,128.173152357,37.911964000,128.173260000,37.912078406,128.173376998
565,565,826610079438,113.004,4.097963,37.913517000,128.177660000,1484.000000,1765.810731,1385.012515,-380.798215,-21.565064,1.337835,13.841032,16.998617,14.224542,13.039669,14.525965,16.998617,37.912770000,128.173680000,37.912770000,128.173680000,37.912556000,128.173450000,37.912521906,128.173601557,37.913063000,128.173600000,37.912961881,128.173454968,37.912987000,128.173920000,37.913018202,128.173762938,37.912487000,128.173810000,37.912579282,128.173901447
566,566,826610079655,113.221,4.097963,37.913467000,128.177610000,1484.000000,1936.458761,1345.434824,-591.023936,-30.520864,0.144119,16.044954,13.674123,16.659231,14.439549,15.204464,16.659231,37.912903000,128.174330000,37.912903000,128.174330000,37.912697000,128.174070000,37.912658791,128.174246156,37.913193000,128.174220000,37.913097267,128.174122441,37.913110000,128.174600000,37.913147609,128.174416401,37.912617000,128.174440000,37.912712363,128.174551449
567,567,826610079845,113.411,4.097963,37.913414000,128.177550000,1484.000000,1741.383293,1313.946346,-427.436947,-24.545828,1.696612,16.703379,13.616581,15.998966,18.679738,16.249666,18.679738,37.912170000,128.173220000,37.912170000,128.173220000,37.911945000,128.172990000,37.911916925,128.173176829,37.912440000,128.173050000,37.912338070,128.172964292,37.912384000,128.173420000,37.912417204,128.173242762,37.911877000,128.173310000,37.911998417,128.173456809
568,568,826610080032,113.598,4.097963,37.913414000,128.177550000,1484.000000,1741.383293,1313.946346,-427.436947,-24.545828,1.696612,16.703379,13.616581,15.998966,18.679738,16.249666,18.679738,37.912170000,128.173220000,37.912170000,128.173220000,37.911945000,128.172990000,37.911916925,128.173176829,37.912440000,128.173050000,37.912338070,128.172964292,37.912384000,128.173420000,37.912417204,128.173242762,37.911877000,128.173310000,37.911998417,128.173456809
569,569,826610080236,113.802,4.097963,37.913370000,128.177490000,1484.000000,2153.848559,1588.681842,-565.166718,-26.239854,2.016575,13.639402,54.496902,12.903651,49.072160,32.528029,54.496902,37.911020000,128.172100000,37.911020000,128.172100000,37.910683000,128.172150000,37.910700227,128.171996245,37.910698000,128.171770000,37.911182379,128.171859981,37.911324000,128.172000000,37.911303398,128.172144582,37.911285000,128.172320000,37.910844191,128.172315609
570,570,826610080440,114.006,4.097963,37.913326000,128.177440000,1484.000000,1749.954587,1316.915695,-433.038892,-24.745722,1.056285,16.318565,43.040433,13.147397,43.503169,29.002391,43.503169,37.911470000,128.172870000,37.911470000,128.172870000,37.911200000,128.173030000,37.911202068,128.172844214,37.911243000,128.172670000,37.911628577,128.172633705,37.911760000,128.172740000,37.911729814,128.172884725,37.911705000,128.173070000,37.911316216,128.173120191
571,571,826610080644,114.210,4.097963,37.913284000,128.177380000,1484.000000,1785.238141,1264.321281,-520.916859,-29.179124,0.500456,10.997288,43.259537,10.402209,42.071496,26.682633,43.259537,37.911915000,128.173540000,37.911915000,128.173540000,37.911630000,128.173630000,37.911658621,128.173510154,37.911686000,128.173280000,37.912074234,128.173301589,37.912210000,128.173450000,37.912164236,128.173553265,37.912136000,128.173770000,37.911758281,128.173786181
572,572,826610080831,114.397,4.097963,37.913235000,128.177320000,1484.000000,1802.043039,1348.961925,-453.081114,-25.142636,0.259688,13.479223,40.507352,13.196241,39.361654,26.636117,40.507352,37.912370000,128.174220000,37.912370000,128.174220000,37.912094000,128.174330000,37.912125454,128.174181791,37.912174000,128.173970000,37.912537813,128.173979097,37.912655000,128.174120000,37.912616321,128.174262032,37.912567000,128.174480000,37.912213468,128.174488255
573,573,826610081034,114.600,4.097963,37.913193000,128.177260000,1484.000000,1919.055379,1361.980873,-557.074506,-29.028579,0.379948,14.289589,42.365000,15.730492,42.166860,28.637985,42.365000,37.912940000,128.174730000,37.912940000,128.174730000,37.912655000,128.174770000,37.912707861,128.174621731,37.912773000,128.174420000,37.913143130,128.174532220,37.913230000,128.174680000,37.913173212,128.174844012,37.913110000,128.175050000,37.912741455,128.174939085
574,574,826610081237,114.803,4.097963,37.913155000,128.177200000,1484.000000,1702.605992,1285.088383,-417.517608,-24.522268,0.704238,14.640389,41.729749,13.211468,41.834806,27.854103,41.834806,37.912712000,128.174040000,37.912712000,128.174040000,37.912422000,128.174100000,37.912475296,128.173947602,37.912537000,128.173780000,37.912908578,128.173842780,37.913002000,128.174000000,37.912949325,128.174134800,37.912888000,128.174320000,37.912517161,128.174242790
575,575,826610081440,115.006,4.097963,37.913116000,128.177140000,1485.000000,1593.607347,1189.926469,-403.680878,-25.331264,0.857222,10.034355,40.164867,14.212155,41.047027,26.364601,41.047027,37.912197000,128.173370000,37.912197000,128.173370000,37.911907000,128.173420000,37.911956422,128.173324451,37.912010000,128.173140000,37.912370792,128.173135747,37.912476000,128.173250000,37.912436224,128.173403768,37.912388000,128.173600000,37.912019458,128.173585002
576,576,826610081644,115.210,4.097963,37.913070000,128.177080000,1485.000000,1732.936310,1185.202367,-547.733942,-31.607275,1.930219,12.218889,41.913205,9.279584,43.517508,26.732296,43.517508,37.911750000,128.172730000,37.911750000,128.172730000,37.911465000,128.172820000,37.911500620,128.172688404,37.911540000,128.172490000,37.911916423,128.172500443,37.912045000,128.172670000,37.911992779,128.172752357,37.911970000,128.172990000,37.911580390,128.172949407
577,577,826610081833,115.399,4.097963,37.913033000,128.177020000,1485.000000,1533.498516,1293.506244,-239.992272,-15.649984,0.556671,11.956227,42.215713,12.767706,42.060177,27.249956,42.215713,37.911330000,128.172120000,37.911330000,128.172120000,37.911037000,128.172200000,37.911067236,128.172069372,37.911110000,128.171900000,37.911488771,128.171876348,37.911617000,128.172010000,37.911581378,128.172148184,37.911540000,128.172300000,37.911163565,128.172341152
578,578,826610082036,115.602,4.097963,37.913000000,128.176960000,1485.000000,1660.101469,1242.311035,-417.790433,-25.166560,1.661089,16.590045,13.119939,17.167044,19.283066,16.540023,19.283066,37.911650000,128.171950000,37.911650000,128.171950000,37.911450000,128.171740000,37.911408007,128.171921242,37.911922000,128.171780000,37.911819876,128.171705431,37.911858000,128.172160000,37.911889908,128.171968765,37.911366000,128.172040000,37.911484833,128.172199749
579,579,826610082239,115.805,4.097963,37.912964000,128.176900000,1485.000000,1567.944853,1215.123836,-352.821016,-22.502132,0.848678,10.805790,41.187255,12.611973,39.908832,26.128463,41.187255,37.912130000,128.172620000,37.912130000,128.172620000,37.911842000,128.172680000,37.911898086,128.172579579,37.911940000,128.172380000,37.912309972,128.172375233,37.912407000,128.172530000,37.912364914,128.172663326,37.912308000,128.172850000,37.911949535,128.172843047
580,580,826610082443,116.009,4.097963,37.912926000,128.176820000,1485.000000,1673.572986,1216.985504,-456.587482,-27.282197,0.996895,17.365002,17.213192,17.550429,13.706941,16.458891,17.550429,37.912550000,128.173260000,37.912550000,128.173260000,37.912388000,128.173000000,37.912323260,128.173179890,37.912838000,128.173230000,37.912750326,128.173068557,37.912712000,128.173540000,37.912780532,128.173360034,37.912270000,128.173340000,37.912352232,128.173456164
581,581,826610082646,116.212,4.097963,37.912890000,128.176740000,1485.000000,1661.830933,1252.608520,-409.222413,-24.624792,0.574604,16.232084,15.360383,14.802590,15.855742,15.562700,16.232084,37.912994000,128.173970000,37.912994000,128.173970000,37.912860000,128.173660000,37.912782799,128.173816794,37.913284000,128.173980000,37.913217544,128.173826723,37.913128000,128.174260000,37.913206205,128.174123684,37.912704000,128.173950000,37.912771750,128.174108807
582,582,826610082833,116.399,4.097963,37.912860000,128.176680000,1485.000000,1879.495816,1368.121168,-511.374648,-27.208076,0.255015,13.352820,12.254913,13.351095,12.530694,12.872381,13.352820,37.913452000,128.174670000,37.913452000,128.174670000,37.913357000,128.174320000,37.913285739,128.174442301,37.913746000,128.174730000,37.913711003,128.174597700,37.913544000,128.175020000,37.913619412,128.174901791,37.913162000,128.174600000,37.913200822,128.174733925
583,583,826610083036,116.602,4.097963,37.912830000,128.176620000,1485.000000,1916.781271,1483.681794,-433.099477,-22.595143,0.518981,6.234140,6.408349,7.859270,8.663495,7.291313,8.663495,37.913918000,128.174760000,37.913918000,128.174760000,37.913837000,128.174410000,37.913808155,128.174470845,37.914210000,128.174850000,37.914187816,128.174782668,37.913986000,128.175130000,37.914024737,128.175055184,37.913624000,128.174650000,37.913653125,128.174741478
584,584,826610083241,116.807,4.097963,37.912796000,128.176540000,1485.000000,1692.762703,1319.893839,-372.868864,-22.027238,0.531481,11.814035,12.267671,13.151820,12.749884,12.495853,13.151820,37.913483000,128.174060000,37.913483000,128.174060000,37.913376000,128.173750000,37.913309943,128.173855284,37.913776000,128.174100000,37.913745433,128.173965797,37.913586000,128.174380000,37.913661373,128.174264682,37.913193000,128.174000000,37.913232309,128.174136357
585,585,826610083445,117.011,4.097963,37.912766000,128.176470000,1485.000000,1506.776590,1241.913469,-264.863121,-17.578128,1.173811,13.416060,40.211622,12.329658,40.638495,26.648959,40.638495,37.912850000,128.173170000,37.912850000,128.173170000,37.912567000,128.173160000,37.912638810,128.173037319,37.912720000,128.172900000,37.913072178,128.173001840,37.913136000,128.173200000,37.913063304,128.173305918,37.912980000,128.173460000,37.912631652,128.173321592
586,586,826610083632,117.198,4.097963,37.912740000,128.176400000,1485.000000,1645.908322,1225.187089,-420.721234,-25.561644,1.698882,20.727319,15.488713,17.466425,18.125555,17.952003,20.727319,37.912400000,128.172560000,37.912400000,128.172560000,37.912250000,128.172270000,37.912179419,128.172488392,37.912678000,128.172490000,37.912599666,128.172344248,37.912548000,128.172820000,37.912624928,128.172646667,37.912120000,128.172590000,37.912204479,128.172766430
587,587,826610083836,117.402,4.097963,37.912712000,128.176330000,1485.000000,1643.571654,1160.403725,-483.167928,-29.397436,0.355832,17.989341,14.056922,20.050580,14.768599,16.716360,20.050580,37.911964000,128.171860000,37.911964000,128.171860000,37.911800000,128.171630000,37.911740246,128.171820312,37.912235000,128.171750000,37.912146952,128.171635272,37.912130000,128.172120000,37.912191454,128.171905400,37.911697000,128.171970000,37.911787040,128.172093500
588,588,826610084039,117.605,4.097963,37.912680000,128.176250000,1485.000000,1580.306201,1196.799803,-383.506398,-24.267854,2.562603,16.124914,18.522311,18.522464,12.220570,16.347565,18.522464,37.912420000,128.171890000,37.912420000,128.171890000,37.912270000,128.171650000,37.912200331,128.171810971,37.912704000,128.171880000,37.912626905,128.171693106,37.912567000,128.172160000,37.912643026,128.171972402,37.912140000,128.172000000,37.912218533,128.172097227
589,589,826610084242,117.808,4.097963,37.912660000,128.176180000,1485.000000,2125.539496,1347.117711,-778.421784,-36.622316,1.433364,19.140806,14.295329,22.673222,12.163168,17.068131,22.673222,37.912884000,128.172560000,37.912884000,128.172560000,37.912760000,128.172230000,37.912676537,128.172420545,37.913180000,128.172530000,37.913114907,128.172389690,37.913000000,128.172940000,37.913092814,128.172710199,37.912598000,128.172620000,37.912659279,128.172734662
590,590,826610084445,118.011,4.097963,37.912636000,128.176100000,1485.000000,1694.868419,1362.255729,-332.612690,-19.624691,0.179424,14.539084,15.004256,14.481313,14.185711,14.552591,15.004256,37.913320000,128.173310000,37.913320000,128.173310000,37.913230000,128.172990000,37.913143001,128.173113473,37.913612000,128.173360000,37.913580090,128.173194013,37.913406000,128.173630000,37.913498472,128.173514025,37.913040000,128.173250000,37.913072613,128.173406144
591,591,826610084633,118.199,4.097963,37.912613000,128.176040000,1485.000000,1792.134213,1421.292822,-370.841391,-20.692724,0.128421,9.822808,10.031674,10.057521,10.028463,9.985116,10.057521,37.913780000,128.174000000,37.913780000,128.174000000,37.913727000,128.173660000,37.913660981,128.173734210,37.914066000,128.174120000,37.914054651,128.174006685,37.913837000,128.174350000,37.913901787,128.174270181,37.913498000,128.173890000,37.913510545,128.174003076
592,592,826610084837,118.403,4.097963,37.912586000,128.175950000,1485.000000,1949.817662,1525.967050,-423.850612,-21.737961,0.784872,3.967271,5.354718,2.779761,3.522827,3.906144,5.354718,37.914227000,128.174700000,37.914227000,128.174700000,37.914220000,128.174330000,37.914214039,128.174374537,37.914516000,128.174880000,37.914473080,128.174852471,37.914240000,128.175060000,37.914234694,128.175029071,37.913960000,128.174530000,37.913986649,128.174551634
593,593,826610085041,118.607,4.097963,37.912567000,128.175870000,1484.000000,2174.268687,1670.810962,-503.457724,-23.155267,0.343904,7.899331,8.194280,7.577390,8.005090,7.919023,8.194280,37.914787000,128.175190000,37.914787000,128.175190000,37.914810000,128.174800000,37.914862108,128.174861055,37.915062000,128.175420000,37.914989493,128.175436097,37.914757000,128.175570000,37.914702560,128.175518206,37.914516000,128.174960000,37.914587451,128.174949705
594,594,826610085244,118.810,4.097963,37.912548000,128.175810000,1484.000000,2017.951842,1555.242033,-462.709809,-22.929676,0.791160,3.690706,4.672629,3.684136,5.129754,4.294306,5.129754,37.914510000,128.174470000,37.914510000,128.174470000,37.914500000,128.174100000,37.914508482,128.174140626,37.914790000,128.174670000,37.914757703,128.174636017,37.914510000,128.174840000,37.914514099,128.174798373,37.914227000,128.174290000,37.914271176,128.174306621
595,595,826610085432,118.998,4.097963,37.912530000,128.175740000,1484.000000,1870.779821,1497.308236,-373.471585,-19.963417,0.559587,8.214067,7.898941,7.559429,8.977987,8.162606,8.977987,37.914036000,128.173780000,37.914036000,128.173780000,37.914010000,128.173420000,37.913954040,128.173480963,37.914318000,128.173930000,37.914306467,128.173841255,37.914062000,128.174130000,37.914118191,128.174081666,37.913757000,128.173630000,37.913766561,128.173731507
596,596,826610085635,119.201,4.097963,37.912510000,128.175640000,1484.000000,2030.099998,1427.132123,-602.967875,-29.701388,1.486683,18.584491,11.867942,13.866355,12.160528,14.119829,18.584491,37.913590000,128.173110000,37.913590000,128.173110000,37.913550000,128.172710000,37.913444294,128.172873789,37.913876000,128.173200000,37.913862144,128.173066013,37.913635000,128.173460000,37.913732487,128.173361717,37.913303000,128.173030000,37.913322937,128.173166139
597,597,826610085838,119.404,4.097963,37.912495000,128.175570000,1484.000000,1457.890787,1245.626878,-212.263909,-14.559658,0.963561,12.941733,16.542545,15.270645,15.641472,15.099099,16.542545,37.912980000,128.172200000,37.912980000,128.172200000,37.912872000,128.171940000,37.912788122,128.172042035,37.913270000,128.172230000,37.913221285,128.172052050,37.913090000,128.172490000,37.913176116,128.172354654,37.912700000,128.172160000,37.912747936,128.172327413
598,598,826610086041,119.607,4.097963,37.912483000,128.175490000,1484.000000,1740.147008,1265.089242,-475.057766,-27.299864,1.946112,13.459700,13.808040,18.876598,11.985121,14.532365,18.876598,37.912770000,128.171570000,37.912770000,128.171570000,37.912636000,128.171310000,37.912569015,128.171437587,37.913063000,128.171510000,37.913000982,128.171373841,37.912903000,128.171880000,37.912975880,128.171685930,37.912490000,128.171620000,37.912549078,128.171734085
599,599,826610086245,119.811,4.097963,37.912468000,128.175420000,1484.000000,1805.342997,1369.147732,-436.195265,-24.161351,2.018554,17.221578,11.373978,10.504467,12.561929,12.915488,17.221578,37.913353000,128.172090000,37.913353000,128.172090000,37.913258000,128.171740000,37.913175235,128.171905669,37.913650000,128.172100000,37.913616537,128.171977635,37.913470000,128.172380000,37.913531115,128.172288867,37.913063000,128.172070000,37.913097771,128.172206075
600,600,826610086433,119.999,4.097963,37.912453000,128.175340000,1484.000000,1850.646193,1416.546412,-434.099781,-23.456660,1.409575,7.017945,9.253381,12.749779,8.983314,9.501105,12.749779,37.913800000,128.172730000,37.913800000,128.172730000,37.913720000,128.172420000,37.913671425,128.172470936,37.914100000,128.172820000,37.914072863,128.172720410,37.913853000,128.173100000,37.913930013,128.172992544,37.913510000,128.172650000,37.913531306,128.172748658
601,601,826610086636,120.202,4.097963,37.912430000,128.175190000,1483.000000,2053.007916,1516.827049,-536.180866,-26.116844,1.307029,9.209779,4.787294,4.913317,4.745916,5.914076,9.209779,37.914238000,128.173500000,37.914238000,128.173500000,37.914257000,128.173110000,37.914198190,128.173183758,37.914524000,128.173660000,37.914500918,128.173614006,37.914250000,128.173860000,37.914278311,128.173817080,37.913967000,128.173340000,37.913982654,128.173390265
602,602,826610086839,120.405,4.097963,37.912422000,128.175110000,1483.000000,1996.292719,1615.082040,-381.210678,-19.095931,0.444367,3.435557,3.973452,3.167069,4.328122,3.726050,4.328122,37.914670000,128.174200000,37.914670000,128.174200000,37.914726000,128.173830000,37.914727904,128.173869045,37.914925000,128.174440000,37.914892842,128.174420365,37.914630000,128.174560000,37.914623331,128.174524943,37.914430000,128.173950000,37.914458817,128.173983084
603,603,826610087042,120.608,4.097963,37.912415000,128.175020000,1484.000000,2320.659970,1802.597736,-518.062234,-22.323918,0.775207,5.330975,7.368000,5.919448,5.959534,6.144489,7.368000,37.915108000,128.174910000,37.915108000,128.174910000,37.915215000,128.174550000,37.915242035,128.174600104,37.915333000,128.175250000,37.915275045,128.175209477,37.914990000,128.175280000,37.914972892,128.175216181,37.914883000,128.174600000,37.914934352,128.174619182
604,604,826610087245,120.811,4.097963,37.912407000,128.174940000,1484.000000,2659.632978,2065.836350,-593.796627,-22.326262,0.482737,5.559118,5.674446,6.981567,6.511602,6.181683,6.981567,37.915710000,128.175380000,37.915710000,128.175380000,37.915886000,128.175020000,37.915889721,128.175083124,37.915920000,128.175750000,37.915872728,128.175725826,37.915546000,128.175750000,37.915532655,128.175672324,37.915510000,128.175030000,37.915566984,128.175046739
605,605,826610087433,120.999,4.097963,37.912407000,128.174940000,1484.000000,2659.632978,2065.836350,-593.796627,-22.326262,0.482737,5.559118,5.674446,6.981567,6.511602,6.181683,6.981567,37.915710000,128.175380000,37.915710000,128.175380000,37.915886000,128.175020000,37.915889721,128.175083124,37.915920000,128.175750000,37.915872728,128.175725826,37.915546000,128.175750000,37.915532655,128.175672324,37.915510000,128.175030000,37.915566984,128.175046739
606,606,826610087636,121.202,4.097963,37.912395000,128.174770000,1485.000000,2292.509954,1752.831406,-539.678548,-23.540947,1.205703,7.211321,4.623787,3.755826,4.726262,5.079299,7.211321,37.914920000,128.173980000,37.914920000,128.173980000,37.915060000,128.173600000,37.915005833,128.173645037,37.915154000,128.174270000,37.915136229,128.174222413,37.914814000,128.174330000,37.914842921,128.174307975,37.914707000,128.173690000,37.914713074,128.173743262
607,607,826610087840,121.406,4.097963,37.912395000,128.174700000,1486.000000,2184.543397,1556.561375,-627.982022,-28.746603,0.793637,12.115008,9.880122,14.229204,9.698622,11.480739,14.229204,37.914467000,128.173260000,37.914467000,128.173260000,37.914555000,128.172880000,37.914456944,128.172939846,37.914692000,128.173520000,37.914724539,128.173415333,37.914356000,128.173650000,37.914472924,128.173584535,37.914246000,128.173000000,37.914222953,128.173106500
608,608,826610088044,121.610,4.097963,37.912390000,128.174620000,1486.000000,1881.828173,1412.696207,-469.131966,-24.929586,0.981580,14.329393,14.010316,15.138241,11.658562,13.784128,15.138241,37.914000000,128.172600000,37.914000000,128.172600000,37.914043000,128.172260000,37.913920430,128.172309842,37.914253000,128.172820000,37.914268502,128.172661687,37.913956000,128.172960000,37.914081139,128.172892530,37.913754000,128.172410000,37.913739364,128.172541447
609,609,826610088231,121.797,4.097963,37.912390000,128.174620000,1486.000000,1881.828173,1412.696207,-469.131966,-24.929586,0.981580,14.329393,14.010316,15.138241,11.658562,13.784128,15.138241,37.914000000,128.172600000,37.914000000,128.172600000,37.914043000,128.172260000,37.913920430,128.172309842,37.914253000,128.172820000,37.914268502,128.172661687,37.913956000,128.172960000,37.914081139,128.172892530,37.913754000,128.172410000,37.913739364,128.172541447
610,610,826610088434,122.000,4.097963,37.912390000,128.174550000,1486.000000,1894.015972,1355.562942,-538.453030,-28.429170,1.206120,21.055813,19.320009,25.537544,19.321895,21.308815,25.537544,37.913376000,128.171630000,37.913376000,128.171630000,37.913372000,128.171300000,37.913213908,128.171431625,37.913640000,128.171770000,37.913639307,128.171550017,37.913353000,128.172030000,37.913534246,128.171851744,37.913116000,128.171510000,37.913116477,128.171730005
611,611,826610088637,122.203,4.097963,37.912390000,128.174450000,1487.000000,2090.760459,1446.292576,-644.467884,-30.824568,0.652911,23.559541,17.443980,20.522526,16.030028,19.389019,23.559541,37.913696000,128.171600000,37.913696000,128.171600000,37.913727000,128.171200000,37.913556608,128.171359112,37.913967000,128.171750000,37.913975248,128.171551651,37.913670000,128.171970000,37.913830926,128.171855992,37.913433000,128.171460000,37.913429938,128.171642483
612,612,826610088841,122.407,4.097963,37.912390000,128.174380000,1487.000000,2110.001471,1538.306311,-571.695160,-27.094538,2.384326,19.071147,11.727652,10.835684,11.940125,13.393652,19.071147,37.914350000,128.172520000,37.914350000,128.172520000,37.914470000,128.172120000,37.914311343,128.172201931,37.914593000,128.172760000,37.914614578,128.172629294,37.914300000,128.172870000,37.914393176,128.172834306,37.914124000,128.172290000,37.914089698,128.172418816
613,613,826610089044,122.610,4.097963,37.912395000,128.174300000,1488.000000,2233.463714,1704.678319,-528.785395,-23.675576,0.599024,9.494045,9.915018,10.813873,8.784803,9.751935,10.813873,37.914820000,128.173200000,37.914820000,128.173200000,37.914932000,128.172840000,37.914851139,128.172874372,37.915035000,128.173510000,37.915069336,128.173405828,37.914690000,128.173570000,37.914781728,128.173529463,37.914608000,128.172910000,37.914579638,128.173003345
614,614,826610089233,122.799,4.097963,37.912400000,128.174220000,1488.000000,2598.743661,1888.633660,-710.110001,-27.325127,1.629062,7.242138,6.920593,5.458761,3.686652,5.827036,7.242138,37.915234000,128.173870000,37.915234000,128.173870000,37.915424000,128.173520000,37.915362298,128.173546142,37.915460000,128.174220000,37.915423652,128.174156070,37.915062000,128.174220000,37.915104073,128.174188073,37.915047000,128.173550000,37.915048702,128.173591923
615,615,826610089436,123.002,4.097963,37.912403000,128.174150000,1488.000000,2697.857882,2048.625384,-649.232498,-24.064740,0.729270,4.787541,5.839196,5.747273,5.479996,5.463502,5.839196,37.915718000,128.174620000,37.915718000,128.174620000,37.915905000,128.174270000,37.915904416,128.174324509,37.915897000,128.175000000,37.915854091,128.174961756,37.915512000,128.174970000,37.915531495,128.174909402,37.915524000,128.174260000,37.915569180,128.174284778
616,616,826610089640,123.206,4.097963,37.912410000,128.174060000,1489.000000,2920.152702,2337.622798,-582.529905,-19.948611,1.513911,7.628182,6.175254,5.752915,7.148458,6.676202,7.628182,37.916157000,128.175310000,37.916157000,128.175310000,37.916370000,128.174970000,37.916402369,128.175046559,37.916330000,128.175740000,37.916284721,128.175699376,37.915930000,128.175640000,37.915939806,128.175575683,37.915990000,128.174900000,37.916047035,128.174937402
617,617,826610089843,123.409,4.097963,37.912420000,128.173980000,1489.000000,3209.262701,2248.274734,-960.987967,-29.944198,0.738390,6.265709,8.809520,7.030787,10.416770,8.130696,10.416770,37.916645000,128.175450000,37.916645000,128.175450000,37.916870000,128.175100000,37.916864158,128.175170961,37.916810000,128.175890000,37.916741202,128.175840425,37.916405000,128.175800000,37.916416772,128.175721344,37.916450000,128.175020000,37.916537064,128.175063472
618,618,826610090046,123.612,4.097963,37.912426000,128.173900000,1489.000000,2958.961706,2265.342317,-693.619388,-23.441310,2.181176,6.770263,6.506484,6.352769,4.716705,6.086555,6.770263,37.916220000,128.174730000,37.916220000,128.174730000,37.916460000,128.174380000,37.916419716,128.174437755,37.916405000,128.175140000,37.916356800,128.175098093,37.916016000,128.175080000,37.915999410,128.175010786,37.916054000,128.174330000,37.916081301,128.174371073
619,619,826610090234,123.800,4.097963,37.912437000,128.173830000,1490.000000,2715.891840,2094.192555,-621.699284,-22.891165,1.347848,4.046529,6.629022,4.588280,4.191037,4.863717,6.629022,37.915806000,128.174070000,37.915806000,128.174070000,37.916016000,128.173740000,37.915983746,128.173761250,37.915993000,128.174470000,37.915964715,128.174403575,37.915615000,128.174420000,37.915632432,128.174372657,37.915630000,128.173700000,37.915642372,128.173745072
620,620,826610090437,124.003,4.097963,37.912445000,128.173750000,1490.000000,2682.620950,1921.295404,-761.325546,-28.379915,0.908893,10.446977,6.586977,8.075796,6.077092,7.796711,10.446977,37.915333000,128.173360000,37.915333000,128.173360000,37.915543000,128.173000000,37.915453236,128.173034704,37.915527000,128.173720000,37.915529196,128.173645048,37.915140000,128.173700000,37.915210960,128.173680879,37.915146000,128.173020000,37.915130412,128.173086317
621,621,826610090655,124.221,4.097963,37.912457000,128.173680000,1490.000000,2325.898409,1708.480053,-617.418356,-26.545371,1.260344,15.154811,9.945426,10.395448,9.989494,11.371295,15.154811,37.914852000,128.172710000,37.914852000,128.172710000,37.915040000,128.172330000,37.914909724,128.172380093,37.915054000,128.173020000,37.915099116,128.172922256,37.914715000,128.173050000,37.914807439,128.173033207,37.914673000,128.172400000,37.914630113,128.172499915
622,622,826610090844,124.410,4.097963,37.912470000,128.173600000,1490.000000,1986.088257,1533.129250,-452.959007,-22.806590,0.781230,16.394180,17.517739,19.553811,18.299302,17.941258,19.553811,37.914230000,128.171750000,37.914230000,128.171750000,37.914326000,128.171420000,37.914179515,128.171439272,37.914436000,128.172030000,37.914492269,128.171843722,37.914104000,128.172120000,37.914274392,128.172065908,37.914030000,128.171480000,37.913965727,128.171671778
623,623,826610091032,124.598,4.097963,37.912487000,128.173510000,1491.000000,1964.380425,1557.013218,-407.367207,-20.737694,0.402610,17.383812,16.928490,16.438713,15.646499,16.599379,17.383812,37.914383000,128.171510000,37.914383000,128.171510000,37.914486000,128.171160000,37.914332268,128.171194782,37.914600000,128.171780000,37.914653435,128.171599536,37.914288000,128.171860000,37.914433095,128.171825189,37.914173000,128.171260000,37.914120278,128.171425151
624,624,826610091235,124.801,4.097963,37.912502000,128.173430000,1491.000000,2271.148585,1777.213810,-493.934776,-21.748237,2.622571,10.931183,15.841610,16.213070,11.121122,13.526746,16.213070,37.914920000,128.172160000,37.914920000,128.172160000,37.915054000,128.171810000,37.914956387,128.171823546,37.915100000,128.172490000,37.915184286,128.172344661,37.914738000,128.172520000,37.914882161,128.172493716,37.914726000,128.171860000,37.914682810,128.171974186
625,625,826610091438,125.004,4.097963,37.912518000,128.173360000,1491.000000,2704.125498,1982.550572,-721.574927,-26.684225,0.495739,10.036685,8.902144,10.843731,7.834227,9.404197,10.843731,37.915424000,128.172880000,37.915424000,128.172880000,37.915646000,128.172530000,37.915556756,128.172546260,37.915592000,128.173250000,37.915627215,128.173158991,37.915215000,128.173220000,37.915311610,128.173204202,37.915240000,128.172530000,37.915214207,128.172612999
626,626,826610091641,125.207,4.097963,37.912537000,128.173300000,1491.000000,2762.961942,2085.677375,-677.284567,-24.512989,1.147921,9.908390,4.907467,6.621597,6.150797,6.897063,9.908390,37.915874000,128.173610000,37.915874000,128.173610000,37.916130000,128.173280000,37.916043376,128.173305941,37.916023000,128.174000000,37.916039560,128.173948212,37.915640000,128.173920000,37.915698776,128.173908411,37.915737000,128.173220000,37.915712098,128.173282521
627,627,826610091844,125.410,4.097963,37.912556000,128.173200000,1491.000000,3025.581391,2185.626760,-839.954631,-27.761760,0.595833,8.086977,4.347406,5.320480,6.026435,5.945325,8.086977,37.916344000,128.174360000,37.916344000,128.174360000,37.916620000,128.174040000,37.916556151,128.174083926,37.916477000,128.174790000,37.916467664,128.174741932,37.916090000,128.174670000,37.916125009,128.174628756,37.916218000,128.173930000,37.916239772,128.173992828
628,628,826610092032,125.598,4.097963,37.912580000,128.173130000,1491.000000,3132.074233,2242.414888,-889.659346,-28.404798,1.277173,4.999300,8.532256,6.974757,4.329121,6.208859,8.532256,37.916782000,128.175060000,37.916782000,128.175060000,37.917040000,128.174760000,37.917007031,128.174798654,37.916912000,128.175540000,37.916862951,128.175465343,37.916500000,128.175370000,37.916542244,128.175311347,37.916676000,128.174620000,37.916696629,128.174661788
629,629,826610092237,125.803,4.097963,37.912598000,128.173070000,1492.000000,2836.379280,2211.867505,-624.511774,-22.017922,1.157070,5.963161,7.356436,7.263325,5.004991,6.396978,7.356436,37.917200000,128.175670000,37.917200000,128.175670000,37.917446000,128.175350000,37.917431350,128.175415314,37.917305000,128.176160000,37.917262711,128.176095630,37.916958000,128.176000000,37.916957511,128.175917295,37.917118000,128.175220000,37.917149894,128.175260169
630,630,826610092440,126.006,4.097963,37.912620000,128.172990000,1492.000000,2844.874015,2197.123571,-647.750444,-22.769038,0.243088,5.074294,4.707799,5.706225,5.078907,5.141806,5.706225,37.917470000,128.175460000,37.917470000,128.175460000,37.917710000,128.175140000,37.917689286,128.175191471,37.917570000,128.175930000,37.917547350,128.175884729,37.917217000,128.175780000,37.917244772,128.175725386,37.917377000,128.175000000,37.917401316,128.175048935
631,631,826610092643,126.209,4.097963,37.912647000,128.172910000,1492.000000,2794.834527,2157.935975,-636.898552,-22.788417,1.380887,6.816076,4.862839,5.538749,4.028378,5.311511,6.816076,37.917107000,128.174790000,37.917107000,128.174790000,37.917370000,128.174480000,37.917315310,128.174514900,37.917206000,128.175250000,37.917197903,128.175195587,37.916860000,128.175110000,37.916891854,128.175061551,37.917027000,128.174350000,37.917012691,128.174392133
632,632,826610092831,126.397,4.097963,37.912670000,128.172840000,1492.000000,2975.808129,2113.338706,-862.469423,-28.982696,1.096801,5.870171,5.095330,9.045554,5.129487,6.285135,9.045554,37.916653000,128.174090000,37.916653000,128.174090000,37.916900000,128.173780000,37.916852499,128.173809027,37.916770000,128.174530000,37.916765555,128.174472254,37.916363000,128.174380000,37.916443383,128.174364927,37.916534000,128.173660000,37.916543541,128.173717143
633,633,826610093034,126.600,4.097963,37.912697000,128.172760000,1492.000000,2688.261793,2039.472036,-648.789757,-24.134173,1.414661,7.036415,7.822204,10.743767,5.350281,7.738167,10.743767,37.916138000,128.173320000,37.916138000,128.173320000,37.916386000,128.173020000,37.916322961,128.173025884,37.916240000,128.173740000,37.916283683,128.173670233,37.915860000,128.173610000,37.915956513,128.173610151,37.916030000,128.172930000,37.916002502,128.172979966
634,634,826610093237,126.803,4.097963,37.912727000,128.172680000,1492.000000,2646.394773,1957.618787,-688.775986,-26.026955,1.272237,11.085143,10.970672,14.228666,10.046500,11.582745,14.228666,37.915470000,128.172380000,37.915470000,128.172380000,37.915700000,128.172060000,37.915600426,128.172058646,37.915590000,128.172760000,37.915656860,128.172668226,37.915203000,128.172680000,37.915330228,128.172695550,37.915318000,128.172010000,37.915267196,128.172104549
635,635,826610093440,127.006,4.097963,37.912754000,128.172600000,1492.000000,2236.345315,1651.954466,-584.390849,-26.131512,2.782937,20.207391,12.976894,12.402031,15.360827,15.236786,20.207391,37.914900000,128.171680000,37.914900000,128.171680000,37.915140000,128.171340000,37.914958665,128.171350548,37.915066000,128.172010000,37.915132185,128.171888362,37.914738000,128.171980000,37.914847941,128.172002850,37.914772000,128.171340000,37.914684264,128.171475000
636,636,826610093644,127.210,4.097963,37.912785000,128.172550000,1492.000000,2378.631596,1751.599775,-627.031821,-26.361031,0.996435,19.627345,16.197106,18.668099,17.687113,18.044916,19.627345,37.915173000,128.171460000,37.915173000,128.171460000,37.915400000,128.171110000,37.915224025,128.171123880,37.915318000,128.171800000,37.915417597,128.171665549,37.914955000,128.171780000,37.915122422,128.171792205,37.915050000,128.171110000,37.914943215,128.171259129
637,637,826610093832,127.398,4.097963,37.912815000,128.172490000,1492.000000,2532.344798,1947.864747,-584.480051,-23.080587,0.557818,13.537585,12.486448,11.997686,11.757063,12.444695,13.537585,37.915745000,128.172120000,37.915745000,128.172120000,37.915980000,128.171810000,37.915859014,128.171794402,37.915863000,128.172520000,37.915934071,128.172410003,37.915510000,128.172420000,37.915616198,128.172443302,37.915607000,128.171750000,37.915531778,128.171843974
638,638,826610094036,127.602,4.097963,37.912850000,128.172410000,1492.000000,2517.565703,1965.116756,-552.448947,-21.943775,0.920822,5.879926,6.715229,8.504325,8.053582,7.288265,8.504325,37.916240000,128.172900000,37.916240000,128.172900000,37.916473000,128.172590000,37.916421306,128.172603753,37.916344000,128.173310000,37.916371984,128.173242260,37.915980000,128.173170000,37.916054686,128.173190374,37.916153000,128.172490000,37.916110454,128.172564170
639,639,826610094239,127.805,4.097963,37.912880000,128.172330000,1492.000000,2759.752734,2013.791630,-745.961104,-27.029998,0.825247,6.307703,5.403326,8.033732,7.202783,6.736886,8.033732,37.916725000,128.173650000,37.916725000,128.173650000,37.916977000,128.173360000,37.916921876,128.173376626,37.916817000,128.174090000,37.916828773,128.174030310,37.916454000,128.173920000,37.916526158,128.173921534,37.916640000,128.173200000,37.916619273,128.173277695
640,640,826610094442,128.008,4.097963,37.912950000,128.172210000,1493.000000,2877.389491,2101.892003,-775.497487,-26.951426,1.626112,6.347274,5.253944,6.169533,7.036765,6.201879,7.036765,37.917210000,128.174420000,37.917210000,128.174420000,37.917484000,128.174130000,37.917435750,128.174168512,37.917255000,128.174880000,37.917278778,128.174828321,37.916935000,128.174700000,37.916985598,128.174671334,37.917118000,128.173950000,37.917145100,128.174022390
641,641,826610094645,128.211,4.097963,37.912987000,128.172130000,1493.000000,2727.900091,2165.593847,-562.306243,-20.613154,0.731037,5.016415,5.351228,5.117141,5.777973,5.315689,5.777973,37.917570000,128.175080000,37.917570000,128.175080000,37.917828000,128.174790000,37.917810818,128.174842807,37.917620000,128.175570000,37.917619482,128.175509069,37.917300000,128.175350000,37.917341847,128.175325886,37.917538000,128.174600000,37.917523538,128.174663188
642,642,826610094833,128.399,4.097963,37.912987000,128.172130000,1493.000000,2727.900091,2165.593847,-562.306243,-20.613154,0.731037,5.016415,5.351228,5.117141,5.777973,5.315689,5.777973,37.917570000,128.175080000,37.917570000,128.175080000,37.917828000,128.174790000,37.917810818,128.174842807,37.917620000,128.175570000,37.917619482,128.175509069,37.917300000,128.175350000,37.917341847,128.175325886,37.917538000,128.174600000,37.917523538,128.174663188
643,643,826610095036,128.602,4.097963,37.913025000,128.172070000,1493.000000,3218.295443,2430.609911,-787.685532,-24.475240,3.011667,4.121496,4.332309,5.642309,9.867703,5.990954,9.867703,37.917995000,128.175520000,37.917995000,128.175520000,37.918274000,128.175250000,37.918253587,128.175289154,37.918022000,128.176010000,37.918038510,128.175965327,37.917694000,128.175780000,37.917739134,128.175750765,37.917885000,128.175000000,37.917945239,128.175082432
644,644,826610095264,128.830,4.097963,37.913097000,128.171950000,1492.000000,2783.729594,2048.152425,-735.577169,-26.424160,1.356011,4.062309,6.599212,6.101725,6.288959,5.763051,6.599212,37.917347000,128.174030000,37.917347000,128.174030000,37.917606000,128.173770000,37.917569842,128.173776251,37.917397000,128.174500000,37.917411028,128.174426989,37.917070000,128.174300000,37.917122840,128.174281529,37.917263000,128.173570000,37.917279215,128.173638599
645,645,826610095444,129.010,4.097963,37.913097000,128.171950000,1492.000000,2783.729594,2048.152425,-735.577169,-26.424160,1.356011,4.062309,6.599212,6.101725,6.288959,5.763051,6.599212,37.917347000,128.174030000,37.917347000,128.174030000,37.917606000,128.173770000,37.917569842,128.173776251,37.917397000,128.174500000,37.917411028,128.174426989,37.917070000,128.174300000,37.917122840,128.174281529,37.917263000,128.173570000,37.917279215,128.173638599
646,646,826610095632,129.198,4.097963,37.913143000,128.171880000,1492.000000,2622.740088,1903.964454,-718.775634,-27.405523,1.639422,7.128593,5.807367,7.606210,7.957666,7.124959,7.957666,37.916730000,128.173130000,37.916730000,128.173130000,37.917000000,128.172870000,37.916936031,128.172866253,37.916790000,128.173550000,37.916824879,128.173500825,37.916462000,128.173370000,37.916527972,128.173392547,37.916653000,128.172680000,37.916650969,128.172770576
647,647,826610095835,129.401,4.097963,37.913180000,128.171810000,1492.000000,2330.548362,1852.464407,-478.083955,-20.513797,0.484526,8.252405,9.928682,9.564353,10.013346,9.439697,10.013346,37.916200000,128.172350000,37.916200000,128.172350000,37.916454000,128.172090000,37.916382388,128.172065707,37.916252000,128.172760000,37.916321749,128.172689537,37.915936000,128.172600000,37.916018588,128.172630028,37.916150000,128.171940000,37.916083709,128.172017070
648,648,826610096039,129.605,4.097963,37.913223000,128.171770000,1492.000000,2361.995062,1816.966118,-545.028944,-23.074940,0.394321,15.536478,14.941893,15.677594,15.388452,15.386105,15.677594,37.915695000,128.171650000,37.915695000,128.171650000,37.915962000,128.171390000,37.915827419,128.171343136,37.915770000,128.172040000,37.915881622,128.171945509,37.915436000,128.171900000,37.915570363,128.171953491,37.915627000,128.171260000,37.915516783,128.171365760
649,649,826610096242,129.808,4.097963,37.913270000,128.171690000,1492.000000,2445.918730,1867.981904,-577.936826,-23.628619,0.632773,16.015692,16.604495,17.158858,15.008209,16.196813,17.158858,37.915863000,128.171400000,37.915863000,128.171400000,37.916122000,128.171130000,37.915983043,128.171082741,37.915940000,128.171800000,37.916058795,128.171685662,37.915596000,128.171660000,37.915744237,128.171713557,37.915770000,128.171020000,37.915664634,128.171126616
650,650,826610096445,130.011,4.097963,37.913310000,128.171650000,1492.000000,2367.153474,1799.239381,-567.914093,-23.991435,0.503872,12.404026,11.915654,10.481021,11.261344,11.515511,12.404026,37.916410000,128.172130000,37.916410000,128.172130000,37.916683000,128.171890000,37.916578779,128.171840031,37.916447000,128.172550000,37.916531105,128.172466071,37.916145000,128.172380000,37.916234824,128.172415772,37.916370000,128.171720000,37.916290305,128.171798983
651,651,826610096632,130.198,4.097963,37.913357000,128.171590000,1492.000000,2671.615289,1868.380847,-803.234441,-30.065498,0.724818,11.171117,8.663898,7.910658,7.252788,8.749615,11.171117,37.916880000,128.172850000,37.916880000,128.172850000,37.917180000,128.172620000,37.917082733,128.172588704,37.916924000,128.173300000,37.916964735,128.173215937,37.916607000,128.173080000,37.916674599,128.173107777,37.916832000,128.172420000,37.916798492,128.172490827
652,652,826610096837,130.403,4.097963,37.913400000,128.171540000,1492.000000,2945.424342,2041.687997,-903.736345,-30.682721,1.257000,10.026073,7.051449,7.874509,7.143988,8.024005,10.026073,37.917374000,128.173600000,37.917374000,128.173600000,37.917686000,128.173390000,37.917599632,128.173357625,37.917420000,128.174070000,37.917429376,128.173990590,37.917076000,128.173810000,37.917143311,128.173837570,37.917336000,128.173140000,37.917302119,128.173209087
653,653,826610097040,130.606,4.097963,37.913445000,128.171480000,1492.000000,2677.740380,2059.121069,-618.619311,-23.102289,2.554636,6.037893,7.440403,5.927247,7.726629,6.783043,7.726629,37.917810000,128.174320000,37.917810000,128.174320000,37.918095000,128.174070000,37.918042878,128.174089022,37.917797000,128.174770000,37.917859560,128.174740176,37.917526000,128.174550000,37.917579207,128.174552545,37.917770000,128.173830000,37.917773288,128.173917885
654,654,826610097244,130.810,4.097963,37.913498000,128.171420000,1492.000000,2284.009120,1994.616695,-289.392426,-12.670371,1.394259,0.628188,7.143350,3.607056,5.474086,4.213170,7.143350,37.917920000,128.173890000,37.917920000,128.173890000,37.918167000,128.173650000,37.918164308,128.173656287,37.917940000,128.174360000,37.917979700,128.174296094,37.917670000,128.174150000,37.917700337,128.174135568,37.917910000,128.173450000,37.917891465,128.173507736
655,655,826610097447,131.013,4.097963,37.913544000,128.171370000,1492.000000,2694.712121,1976.516316,-718.195805,-26.652042,0.283228,8.771593,8.038323,10.587291,8.530335,8.981886,10.587291,37.917526000,128.173230000,37.917526000,128.173230000,37.917812000,128.173000000,37.917735327,128.172976966,37.917553000,128.173690000,37.917597374,128.173617790,37.917220000,128.173430000,37.917307401,128.173477540,37.917510000,128.172790000,37.917448175,128.172847389
656,656,826610097634,131.200,4.097963,37.913590000,128.171330000,1491.000000,2542.859532,1797.831837,-745.027694,-29.298814,1.069395,13.837165,8.971984,12.292751,11.158026,11.564981,13.837165,37.917007000,128.172490000,37.917007000,128.172490000,37.917316000,128.172270000,37.917196560,128.172226367,37.917030000,128.172910000,37.917095667,128.172850767,37.916710000,128.172700000,37.916812842,128.172750985,37.917004000,128.172070000,37.916917968,128.172135196
657,657,826610097837,131.403,4.097963,37.913640000,128.171260000,1491.000000,2265.087587,1687.305620,-577.781967,-25.508151,0.403553,15.127212,12.884066,12.630568,13.006905,13.412188,15.127212,37.916496000,128.171780000,37.916496000,128.171780000,37.916782000,128.171570000,37.916658505,128.171498125,37.916504000,128.172180000,37.916607205,128.172113597,37.916220000,128.172000000,37.916323666,128.172058460,37.916485000,128.171370000,37.916387150,128.171450942
658,658,826610098040,131.606,4.097963,37.913696000,128.171220000,1491.000000,2259.265734,1626.056302,-633.209432,-28.027222,1.186772,16.404182,13.619156,16.644268,15.240739,15.477086,16.644268,37.916660000,128.171420000,37.916660000,128.171420000,37.916930000,128.171190000,37.916792851,128.171121673,37.916683000,128.171810000,37.916791614,128.171738623,37.916386000,128.171630000,37.916518412,128.171718028,37.916634000,128.171000000,37.916525215,128.171105370
659,659,826610098245,131.811,4.097963,37.913746000,128.171170000,1491.000000,2427.789736,1774.522406,-653.267330,-26.907904,2.224618,10.316367,12.137431,16.312882,10.255676,12.255589,16.312882,37.917164000,128.172160000,37.917164000,128.172160000,37.917427000,128.171950000,37.917347194,128.171890284,37.917170000,128.172580000,37.917266283,128.172515147,37.916850000,128.172350000,37.916982535,128.172429249,37.917140000,128.171740000,37.917067937,128.171812758
660,660,826610098433,131.999,4.097963,37.913795000,128.171130000,1491.000000,2591.229949,1897.766568,-693.463381,-26.761939,1.383992,11.402616,8.773092,10.173560,10.755784,10.276263,11.402616,37.917610000,128.172880000,37.917610000,128.172880000,37.917904000,128.172680000,37.917810055,128.172628252,37.917637000,128.173340000,37.917688097,128.173263943,37.917316000,128.173080000,37.917399624,128.173126735,37.917620000,128.172450000,37.917533816,128.172505367
661,661,826610098636,132.202,4.097963,37.913853000,128.171080000,1491.000000,2434.115292,1939.449838,-494.665454,-20.322187,2.821593,9.382069,14.746493,10.397294,8.271154,10.699252,14.746493,37.918037000,128.173140000,37.918037000,128.173140000,37.918330000,128.172940000,37.918254350,128.172892905,37.917960000,128.173550000,37.918090700,128.173522641,37.917736000,128.173340000,37.917821761,128.173386896,37.918007000,128.172680000,37.917960798,128.172753761
662,662,826610098839,132.405,4.097963,37.913906000,128.171040000,1490.000000,2225.801199,1761.315847,-464.485351,-20.868232,1.115701,9.390802,11.788031,11.478451,10.278648,10.733983,11.788031,37.917656000,128.172320000,37.917656000,128.172320000,37.917904000,128.172120000,37.917837768,128.172053771,37.917667000,128.172760000,37.917755546,128.172686379,37.917385000,128.172530000,37.917477407,128.172587993,37.917645000,128.171900000,37.917567967,128.171964531
663,663,826610099042,132.608,4.097963,37.913956000,128.170990000,1490.000000,2230.410507,1685.541485,-544.869023,-24.429091,1.861620,15.568300,11.784514,13.228664,14.784282,13.841440,15.568300,37.917175000,128.171650000,37.917175000,128.171650000,37.917458000,128.171450000,37.917333132,128.171370165,37.917202000,128.172070000,37.917285681,128.171987810,37.916912000,128.171840000,37.917008476,128.171927950,37.917180000,128.171250000,37.917058069,128.171316727
664,664,826610099246,132.812,4.097963,37.914010000,128.170960000,1490.000000,2248.884254,1668.836188,-580.048066,-25.792704,1.196453,17.856742,17.020182,17.286692,16.519706,17.170831,17.856742,37.917274000,128.171230000,37.917274000,128.171230000,37.917560000,128.171040000,37.917422933,128.170934372,37.917280000,128.171650000,37.917411517,128.171551159,37.916992000,128.171450000,37.917135388,128.171525574,37.917280000,128.170840000,37.917143713,128.170914435
665,665,826610099433,132.999,4.097963,37.914062000,128.170910000,1490.000000,2273.652031,1707.468197,-566.183834,-24.901956,1.507469,13.924621,10.999816,12.729814,14.638822,13.073269,14.638822,37.917744000,128.171940000,37.917744000,128.171940000,37.918034000,128.171740000,37.917922317,128.171668590,37.917760000,128.172360000,37.917842554,128.172291166,37.917477000,128.172130000,37.917571068,128.172212423,37.917767000,128.171520000,37.917649676,128.171595291
666,666,826610099636,133.202,4.097963,37.914127000,128.170870000,1490.000000,2380.055776,1759.440750,-620.615027,-26.075651,2.581513,14.997206,10.554323,11.533454,14.453968,12.884738,14.997206,37.917990000,128.172040000,37.917990000,128.172040000,37.918285000,128.171860000,37.918170308,128.171770404,37.918034000,128.172490000,37.918096891,128.172400064,37.917725000,128.172240000,37.917812678,128.172309970,37.918020000,128.171630000,37.917899516,128.171691354
667,667,826610099841,133.407,4.097963,37.914180000,128.170840000,1489.000000,2312.953449,1701.445298,-611.508151,-26.438412,0.276963,16.372956,15.961834,16.840563,16.865061,16.510103,16.865061,37.917683000,128.171220000,37.917683000,128.171220000,37.917970000,128.171020000,37.917842677,128.170926665,37.917680000,128.171630000,37.917806545,128.171544531,37.917397000,128.171420000,37.917529915,128.171511580,37.917686000,128.170800000,37.917556384,128.170899428
668,668,826610100044,133.610,4.097963,37.914234000,128.170800000,1489.000000,2280.106079,1688.982359,-591.123720,-25.925273,0.720373,16.096147,16.625398,17.454015,17.294184,16.867436,17.454015,37.917683000,128.171220000,37.917683000,128.171220000,37.917970000,128.171020000,37.917844199,128.170929640,37.917670000,128.171630000,37.917803518,128.171545177,37.917397000,128.171400000,37.917528228,128.171508770,37.917694000,128.170800000,37.917559574,128.170898721
669,669,826610100232,133.798,4.097963,37.914300000,128.170760000,1489.000000,2236.553772,1674.427173,-562.126600,-25.133605,0.368621,16.656520,16.453465,17.501343,16.020537,16.657966,17.501343,37.917690000,128.171220000,37.917690000,128.171220000,37.917976000,128.171040000,37.917852561,128.170932805,37.917675000,128.171630000,37.917806982,128.171545662,37.917400000,128.171400000,37.917533277,128.171505709,37.917700000,128.170820000,37.917569940,128.170898098
670,670,826610100435,134.001,4.097963,37.914356000,128.170730000,1489.000000,2206.443896,1661.425331,-545.018565,-24.701220,0.313809,16.771934,16.224077,17.757474,16.418472,16.792989,17.757474,37.917683000,128.171220000,37.917683000,128.171220000,37.917973000,128.171040000,37.917846829,128.170935619,37.917664000,128.171620000,37.917797527,128.171545961,37.917393000,128.171390000,37.917525227,128.171503108,37.917700000,128.170820000,37.917565890,128.170897808
671,671,826610100638,134.204,4.097963,37.914413000,128.170700000,1488.000000,2178.289007,1645.802573,-532.486434,-24.445169,0.111342,17.019402,16.753563,17.503735,17.131243,17.101986,17.503735,37.917683000,128.171220000,37.917683000,128.171220000,37.917973000,128.171050000,37.917847860,128.170938663,37.917656000,128.171620000,37.917794693,128.171545932,37.917393000,128.171390000,37.917524020,128.171500199,37.917710000,128.170820000,37.917568871,128.170897786
672,672,826610100841,134.407,4.097963,37.914470000,128.170680000,1488.000000,2212.846967,1633.735057,-579.111910,-26.170446,0.699980,17.914852,17.574686,17.577163,16.900972,17.491918,17.914852,37.917690000,128.171220000,37.917690000,128.171220000,37.917980000,128.171070000,37.917855445,128.170940823,37.917656000,128.171630000,37.917799247,128.171545869,37.917397000,128.171390000,37.917529902,128.171498073,37.917717000,128.170820000,37.917578105,128.170897714
673,673,826610101044,134.610,4.097963,37.914536000,128.170640000,1488.000000,2137.082950,1620.247383,-516.835568,-24.184160,1.068602,17.565087,17.593580,17.232461,16.701383,17.273128,17.593580,37.917690000,128.171220000,37.917690000,128.171220000,37.917980000,128.171070000,37.917857213,128.170944379,37.917652000,128.171630000,37.917795653,128.171546470,37.917397000,128.171390000,37.917527935,128.171494679,37.917725000,128.170840000,37.917581881,128.170897060
674,674,826610101233,134.799,4.097963,37.914593000,128.170620000,1487.000000,2166.851083,1604.895839,-561.955244,-25.934189,0.135178,17.597622,17.537135,18.031332,17.759258,17.731337,18.031332,37.917683000,128.171220000,37.917683000,128.171220000,37.917976000,128.171070000,37.917851054,128.170947243,37.917640000,128.171620000,37.917786378,128.171546176,37.917390000,128.171370000,37.917520279,128.171492008,37.917725000,128.170820000,37.917577609,128.170897386
675,675,826610101436,135.002,4.097963,37.914650000,128.170600000,1487.000000,2164.211562,1593.387148,-570.824414,-26.375629,0.089327,17.933627,17.595889,18.344914,18.009705,17.971034,18.344914,37.917683000,128.171220000,37.917683000,128.171220000,37.917976000,128.171080000,37.917851957,128.170949699,37.917637000,128.171620000,37.917783960,128.171546218,37.917390000,128.171360000,37.917519207,128.171489662,37.917730000,128.170820000,37.917580148,128.170897297
676,676,826610101641,135.207,4.097963,37.914710000,128.170580000,1487.000000,2089.131859,1581.549490,-507.582369,-24.296330,0.385089,16.328073,46.322469,17.066719,45.961171,31.419608,46.322469,37.917683000,128.171220000,37.917683000,128.171220000,37.917736000,128.170840000,37.917852912,128.170952281,37.917976000,128.171080000,37.917781417,128.171546253,37.917630000,128.171620000,37.917518073,128.171487191,37.917390000,128.171360000,37.917582814,128.170897215
677,677,826610101844,135.410,4.097963,37.914776000,128.170550000,1487.000000,2093.139821,1569.464861,-523.674960,-25.018633,0.922982,16.530477,44.827303,16.850463,46.381363,31.147401,46.381363,37.917690000,128.171220000,37.917690000,128.171220000,37.917744000,128.170840000,37.917861288,128.170955446,37.917980000,128.171100000,37.917784929,128.171546559,37.917630000,128.171620000,37.917523167,128.171484067,37.917393000,128.171360000,37.917593145,128.170896780
678,678,826610102031,135.597,4.097963,37.914776000,128.170550000,1487.000000,2093.139821,1569.464861,-523.674960,-25.018633,0.922982,16.530477,44.827303,16.850463,46.381363,31.147401,46.381363,37.917690000,128.171220000,37.917690000,128.171220000,37.917744000,128.170840000,37.917861288,128.170955446,37.917980000,128.171100000,37.917784929,128.171546559,37.917630000,128.171620000,37.917523167,128.171484067,37.917393000,128.171360000,37.917593145,128.170896780
679,679,826610102234,135.800,4.097963,37.914898000,128.170520000,1486.000000,2029.107200,1543.138591,-485.968608,-23.949874,0.206639,16.375540,45.220765,15.685663,44.888122,30.542523,45.220765,37.917683000,128.171220000,37.917683000,128.171220000,37.917744000,128.170840000,37.917855996,128.170960898,37.917976000,128.171100000,37.917773092,128.171546092,37.917618000,128.171600000,37.917514425,128.171478901,37.917390000,128.171340000,37.917591489,128.170897243
680,680,826610102437,136.003,4.097963,37.914955000,128.170490000,1486.000000,2030.671360,1533.580503,-497.090857,-24.479139,0.154527,16.215354,44.695553,15.714204,44.371261,30.249093,44.695553,37.917683000,128.171220000,37.917683000,128.171220000,37.917750000,128.170840000,37.917857755,128.170964245,37.917976000,128.171110000,37.917769694,128.171546623,37.917614000,128.171600000,37.917512480,128.171475668,37.917390000,128.171330000,37.917595005,128.170896694
681,681,826610102641,136.207,4.097963,37.915016000,128.170470000,1485.000000,2016.691676,1519.934041,-496.757635,-24.632305,0.230148,16.095375,44.855036,15.387435,44.539306,30.219288,44.855036,37.917683000,128.171220000,37.917683000,128.171220000,37.917755000,128.170840000,37.917858868,128.170967498,37.917976000,128.171110000,37.917766662,128.171546425,37.917606000,128.171600000,37.917511178,128.171472509,37.917390000,128.171330000,37.917598142,128.170896861
682,682,826610102845,136.411,4.097963,37.915085000,128.170460000,1485.000000,1991.860628,1507.959090,-483.901538,-24.293946,0.302574,15.077394,44.989406,15.407618,43.198592,29.668253,44.989406,37.917683000,128.171220000,37.917683000,128.171220000,37.917763000,128.170850000,37.917859725,128.170970181,37.917976000,128.171110000,37.917764051,128.171546193,37.917603000,128.171600000,37.917510124,128.171469918,37.917390000,128.171310000,37.917600849,128.170897042
683,683,826610103033,136.599,4.097963,37.915146000,128.170460000,1484.000000,1972.699662,1494.069160,-478.630502,-24.262715,0.086577,14.909706,43.553332,14.693756,43.256804,29.103399,43.553332,37.917683000,128.171220000,37.917683000,128.171220000,37.917767000,128.170850000,37.917859864,128.170972342,37.917976000,128.171130000,37.917762205,128.171545349,37.917600000,128.171590000,37.917509820,128.171467820,37.917390000,128.171310000,37.917602763,128.170897830
684,684,826610103236,136.802,4.097963,37.915207000,128.170440000,1484.000000,2018.695564,1484.773333,-533.922231,-26.448873,0.417555,14.896683,43.096107,15.177562,43.714681,29.221258,43.714681,37.917690000,128.171220000,37.917690000,128.171220000,37.917778000,128.170850000,37.917868176,128.170975331,37.917984000,128.171140000,37.917765974,128.171545514,37.917600000,128.171600000,37.917515049,128.171464821,37.917393000,128.171310000,37.917612863,128.170897554
685,685,826610103440,137.006,4.097963,37.915268000,128.170430000,1484.000000,1970.255661,1475.053496,-495.202165,-25.133904,0.122764,14.666408,43.196975,14.340654,42.917377,28.780354,43.196975,37.917683000,128.171220000,37.917683000,128.171220000,37.917778000,128.170850000,37.917862416,128.170978222,37.917976000,128.171140000,37.917756379,128.171545523,37.917587000,128.171590000,37.917506899,128.171462107,37.917390000,128.171300000,37.917608774,128.170897603
686,686,826610103643,137.209,4.097963,37.915340000,128.170430000,1483.000000,1982.768945,1460.341261,-522.427684,-26.348389,0.565205,14.740567,43.289360,14.099087,41.591402,28.430104,43.289360,37.917683000,128.171220000,37.917683000,128.171220000,37.917780000,128.170850000,37.917862845,128.170980943,37.917976000,128.171140000,37.917753980,128.171544701,37.917580000,128.171590000,37.917506276,128.171459456,37.917390000,128.171280000,37.917611250,128.170898368
687,687,826610103830,137.396,4.097963,37.915400000,128.170410000,1483.000000,1881.880593,1452.061306,-429.819287,-22.839881,0.190664,13.326960,42.114648,12.800816,41.854096,27.524130,42.114648,37.917683000,128.171220000,37.917683000,128.171220000,37.917786000,128.170870000,37.917864611,128.170984455,37.917976000,128.171160000,37.917750473,128.171545036,37.917576000,128.171570000,37.917504318,128.171456024,37.917390000,128.171280000,37.917614853,128.170898028
688,688,826610104034,137.600,4.097963,37.915462000,128.170410000,1483.000000,1947.037468,1442.843628,-504.193840,-25.895436,0.730129,13.207713,41.325132,13.997984,42.236590,27.691855,42.236590,37.917690000,128.171220000,37.917690000,128.171220000,37.917797000,128.170870000,37.917872071,128.170986463,37.917980000,128.171170000,37.917755331,128.171544608,37.917576000,128.171590000,37.917510452,128.171453974,37.917393000,128.171280000,37.917623850,128.170898316
689,689,826610104238,137.804,4.097963,37.915524000,128.170410000,1482.000000,1902.556840,1430.647165,-471.909675,-24.803972,0.356653,12.985662,41.649757,12.461975,40.718674,26.954017,41.649757,37.917683000,128.171220000,37.917683000,128.171220000,37.917797000,128.170870000,37.917865865,128.170989352,37.917976000,128.171170000,37.917745971,128.171544042,37.917564000,128.171570000,37.917502725,128.171451239,37.917390000,128.171260000,37.917619484,128.170898938
690,690,826610104441,138.007,4.097963,37.915585000,128.170400000,1482.000000,1846.393702,1422.656547,-423.737155,-22.949448,0.341621,12.072300,40.504953,10.896907,40.271822,25.936495,40.504953,37.917683000,128.171220000,37.917683000,128.171220000,37.917805000,128.170880000,37.917867302,128.170992518,37.917976000,128.171190000,37.917742858,128.171544112,37.917557000,128.171550000,37.917501104,128.171448135,37.917390000,128.171250000,37.917622674,128.170898853
691,691,826610104645,138.211,4.097963,37.915653000,128.170400000,1481.000000,1843.754181,1410.306717,-433.447464,-23.508962,0.328006,12.037139,40.659898,10.932015,40.434915,26.015992,40.659898,37.917683000,128.171220000,37.917683000,128.171220000,37.917810000,128.170880000,37.917868113,128.170995590,37.917976000,128.171190000,37.917740101,128.171543480,37.917553000,128.171550000,37.917500106,128.171445116,37.917390000,128.171250000,37.917625498,128.170899449
692,692,826610104832,138.398,4.097963,37.915714000,128.170400000,1481.000000,1870.296030,1402.445492,-467.850537,-25.014785,0.535694,11.947276,39.946007,11.016315,39.297120,25.551680,39.946007,37.917683000,128.171220000,37.917683000,128.171220000,37.917816000,128.170880000,37.917869117,128.170998214,37.917973000,128.171200000,37.917737569,128.171543281,37.917550000,128.171550000,37.917498939,128.171442545,37.917390000,128.171230000,37.917628088,128.170899618
693,693,826610105036,138.602,4.097963,37.915780000,128.170410000,1480.000000,1868.243069,1390.539696,-477.703373,-25.569659,0.597055,11.935592,40.037242,10.694173,39.400820,25.516957,40.037242,37.917683000,128.171220000,37.917683000,128.171220000,37.917820000,128.170880000,37.917869445,128.171000596,37.917973000,128.171200000,37.917735530,128.171542400,37.917540000,128.171550000,37.917498447,128.171440206,37.917390000,128.171230000,37.917630174,128.170900444
694,694,826610105239,138.805,4.097963,37.915840000,128.170410000,1480.000000,1814.426172,1383.413667,-431.012505,-23.754756,0.172742,10.457718,38.932925,10.089677,38.734766,24.553772,38.932925,37.917683000,128.171220000,37.917683000,128.171220000,37.917824000,128.170900000,37.917870603,128.171003396,37.917973000,128.171220000,37.917732826,128.171542265,37.917538000,128.171540000,37.917497127,128.171437454,37.917393000,128.171220000,37.917632934,128.170900556
695,695,826610105442,139.008,4.097963,37.915910000,128.170410000,1480.000000,1814.426172,1375.466534,-438.959638,-24.192753,0.123972,10.486460,39.179735,10.244393,38.988932,24.724880,39.179735,37.917683000,128.171220000,37.917683000,128.171220000,37.917830000,128.170900000,37.917872073,128.171006838,37.917973000,128.171220000,37.917729505,128.171542139,37.917534000,128.171540000,37.917495467,128.171434065,37.917393000,128.171220000,37.917636319,128.170900660
696,696,826610105645,139.211,4.097963,37.915970000,128.170430000,1479.000000,1822.149214,1364.751935,-457.397279,-25.102076,0.269786,9.560939,38.337162,10.022365,37.776542,23.924252,38.337162,37.917683000,128.171220000,37.917683000,128.171220000,37.917835000,128.170910000,37.917871877,128.171008324,37.917970000,128.171230000,37.917728373,128.171541065,37.917526000,128.171540000,37.917495531,128.171432609,37.917393000,128.171200000,37.917637473,128.170901661
697,697,826610105865,139.431,4.097963,37.916030000,128.170430000,1479.000000,1755.574633,1358.538248,-397.036385,-22.615751,0.521073,9.535294,38.577481,8.546217,37.706800,23.591448,38.577481,37.917683000,128.171220000,37.917683000,128.171220000,37.917843000,128.170910000,37.917873328,128.171011545,37.917970000,128.171230000,37.917725267,128.171541016,37.917522000,128.171520000,37.917493915,128.171429429,37.917397000,128.171200000,37.917640631,128.170901699
698,698,826610106037,139.603,4.097963,37.916092000,128.170440000,1478.000000,1805.872169,1348.686977,-457.185193,-25.316587,0.320628,9.641588,37.508359,8.549831,37.261786,23.240391,37.508359,37.917683000,128.171220000,37.917683000,128.171220000,37.917847000,128.170910000,37.917874020,128.171014310,37.917970000,128.171250000,37.917722854,128.171540304,37.917515000,128.171520000,37.917493069,128.171426696,37.917397000,128.171190000,37.917643082,128.170902373
699,699,826610106240,139.806,4.097963,37.916153000,128.170460000,1478.000000,1758.996067,1341.879252,-417.116815,-23.713346,0.434918,7.856845,36.637550,8.469193,37.311463,22.568763,37.311463,37.917690000,128.171220000,37.917690000,128.171220000,37.917860000,128.170930000,37.917880983,128.171015421,37.917973000,128.171260000,37.917728720,128.171539584,37.917515000,128.171520000,37.917499786,128.171425509,37.917404000,128.171190000,37.917651092,128.170902930
700,700,826610106443,140.009,4.097963,37.916220000,128.170470000,1477.000000,1759.484867,1332.189163,-427.295704,-24.285273,0.499230,8.104987,36.594460,7.812227,36.366632,22.219576,36.594460,37.917690000,128.171220000,37.917690000,128.171220000,37.917862000,128.170930000,37.917882006,128.171018739,37.917970000,128.171260000,37.917725781,128.171538938,37.917510000,128.171510000,37.917498602,128.171422223,37.917404000,128.171170000,37.917654077,128.170903546
701,701,826610106631,140.197,4.097963,37.916283000,128.170490000,1477.000000,1761.000148,1326.003030,-434.997117,-24.701708,0.393379,7.215677,35.560611,7.934450,36.148866,21.714901,36.148866,37.917690000,128.171220000,37.917690000,128.171220000,37.917870000,128.170940000,37.917882528,128.171020616,37.917970000,128.171280000,37.917724069,128.171538428,37.917507000,128.171510000,37.917497946,128.171420382,37.917408000,128.171170000,37.917655816,128.170903995
702,702,826610106834,140.400,4.097963,37.916344000,128.170500000,1476.000000,1738.955428,1317.703855,-421.251574,-24.224403,0.198586,7.512926,35.557515,7.349707,35.595419,21.503892,35.595419,37.917683000,128.171220000,37.917683000,128.171220000,37.917866000,128.170940000,37.917876960,128.171024414,37.917960000,128.171280000,37.917713812,128.171537979,37.917496000,128.171500000,37.917489527,128.171416712,37.917404000,128.171160000,37.917652240,128.170904515
703,703,826610107037,140.603,4.097963,37.916412000,128.170520000,1476.000000,1727.712860,1311.580475,-416.132385,-24.085738,0.842719,5.857956,34.435132,7.500022,35.824006,20.904279,35.824006,37.917690000,128.171220000,37.917690000,128.171220000,37.917880000,128.170960000,37.917884522,128.171026458,37.917965000,128.171300000,37.917718807,128.171537409,37.917496000,128.171500000,37.917495657,128.171414598,37.917410000,128.171160000,37.917661147,128.170904938
704,704,826610107242,140.808,4.097963,37.916470000,128.170530000,1475.000000,1705.130457,1304.165164,-400.965294,-23.515227,0.120772,6.196007,34.638249,6.101768,34.609323,20.386337,34.638249,37.917683000,128.171220000,37.917683000,128.171220000,37.917880000,128.170960000,37.917879134,128.171030545,37.917957000,128.171300000,37.917708277,128.171537002,37.917484000,128.171480000,37.917487046,128.171410626,37.917408000,128.171140000,37.917657827,128.170905423
705,705,826610107445,141.011,4.097963,37.916530000,128.170560000,1475.000000,1741.594949,1299.079462,-442.515487,-25.408634,0.188447,6.315130,33.799396,6.223609,34.142065,20.120050,34.142065,37.917683000,128.171220000,37.917683000,128.171220000,37.917885000,128.170960000,37.917879191,128.171031532,37.917953000,128.171310000,37.917707447,128.171536372,37.917480000,128.171480000,37.917486872,128.171409669,37.917408000,128.171130000,37.917658659,128.170905965
706,706,826610107633,141.199,4.097963,37.916588000,128.170580000,1474.000000,1741.790469,1291.565229,-450.225240,-25.848416,0.389113,5.740393,32.682035,4.866122,33.143240,19.107948,33.143240,37.917683000,128.171220000,37.917683000,128.171220000,37.917890000,128.170970000,37.917879831,128.171034082,37.917950000,128.171330000,37.917705297,128.171535625,37.917473000,128.171460000,37.917486100,128.171407136,37.917410000,128.171110000,37.917660823,128.170906665
707,707,826610107836,141.402,4.097963,37.916656000,128.170610000,1474.000000,1700.046774,1286.360373,-413.686401,-24.333825,0.455593,4.237459,31.909726,5.068604,32.941619,18.539352,32.941619,37.917690000,128.171220000,37.917690000,128.171220000,37.917900000,128.170990000,37.917886995,128.171035349,37.917953000,128.171340000,37.917711100,128.171534949,37.917477000,128.171460000,37.917492676,128.171405812,37.917420000,128.171110000,37.917668929,128.170907174
708,708,826610108039,141.605,4.097963,37.916714000,128.170620000,1473.000000,1705.521335,1279.830795,-425.690540,-24.959555,0.453474,4.696860,32.270389,5.649776,33.021432,18.909614,33.021432,37.917690000,128.171220000,37.917690000,128.171220000,37.917904000,128.170990000,37.917888797,128.171039890,37.917953000,128.171340000,37.917707044,128.171534492,37.917470000,128.171460000,37.917490726,128.171401275,37.917423000,128.171110000,37.917673014,128.170907636
