sample_index,log_frame_index,timestamp,time_s,fov_deg,uav_lat,uav_lon,uav_alt,actual_area_m2,predicted_area_m2,area_error_m2,area_error_pct,centroid_error_m,corner_error_c1_m,corner_error_c2_m,corner_error_c3_m,corner_error_c4_m,mean_corner_error_m,max_corner_error_m,actual_center_lat,actual_center_lon,predicted_center_lat,predicted_center_lon,actual_c1_lat,actual_c1_lon,predicted_c1_lat,predicted_c1_lon,actual_c2_lat,actual_c2_lon,predicted_c2_lat,predicted_c2_lon,actual_c3_lat,actual_c3_lon,predicted_c3_lat,predicted_c3_lon,actual_c4_lat,actual_c4_lon,predicted_c4_lat,predicted_c4_lon
0,0,826609413281,0.000,4.097963,37.908768000,128.171600000,1395.000000,2676.163112,2714.485641,38.322529,1.431995,10.620041,34.504410,45.383905,11.449899,46.202586,34.385200,46.202586,37.912796000,128.172270000,37.912796000,128.172270000,37.912674000,128.171900000,37.912976363,128.171986443,37.913086000,128.172120000,37.913036381,128.172632911,37.912685000,128.172600000,37.912592973,128.172541772,37.912308000,128.172380000,37.912522152,128.171929362
1,1,826609413485,0.204,4.097963,37.908836000,128.171590000,1395.000000,3137.610067,3067.234057,-70.376010,-2.242981,12.835603,13.298339,58.972061,35.509904,47.493837,38.818535,58.972061,37.913055000,128.172910000,37.913055000,128.172910000,37.913254000,128.172590000,37.913358327,128.172663765,37.913670000,128.172870000,37.913280746,128.173325464,37.913105000,128.173320000,37.912812309,128.173159235,37.912754000,128.173050000,37.912885051,128.172535365
2,2,826609413688,0.407,4.097963,37.908897000,128.171570000,1394.000000,3629.056539,4183.406502,554.349963,15.275319,1.155263,16.080204,21.220557,13.983914,23.914353,18.799757,23.914353,37.913544000,128.173610000,37.913544000,128.173610000,37.914013000,128.173550000,37.913931157,128.173399128,37.913612000,128.174070000,37.913800298,128.174107662,37.913147000,128.173690000,37.913216603,128.173822550,37.913567000,128.173220000,37.913355305,128.173173675
3,3,826609413891,0.610,4.097963,37.908960000,128.171550000,1394.000000,3948.529821,4256.477003,307.947182,7.799034,7.610229,22.878117,13.246442,8.619464,25.671898,17.603980,25.671898,37.914000000,128.174320000,37.914000000,128.174320000,37.914490000,128.174270000,37.914340145,128.174091728,37.914030000,128.174800000,37.914147912,128.174820297,37.913624000,128.174410000,37.913624606,128.174508142,37.914013000,128.173870000,37.913786724,128.173813568
4,4,826609414082,0.801,4.097963,37.909027000,128.171540000,1394.000000,4790.256528,4584.793078,-205.463450,-4.289195,1.436239,20.025260,16.671346,15.056602,17.337779,17.272747,20.025260,37.914450000,128.174970000,37.914450000,128.174970000,37.914963000,128.174940000,37.914845651,128.174767179,37.914402000,128.175450000,37.914549205,128.175484925,37.913950000,128.174990000,37.914027749,128.175130287,37.914455000,128.174480000,37.914301280,128.174448243
5,5,826609414285,1.004,4.097963,37.909090000,128.171520000,1393.000000,5083.721542,4933.357907,-150.363635,-2.957747,0.188321,21.705868,20.151938,19.054142,16.807987,19.429983,21.705868,37.914790000,128.174910000,37.914790000,128.174910000,37.915320000,128.174880000,37.915193423,128.174692000,37.914745000,128.175400000,37.914922180,128.175447062,37.914280000,128.174930000,37.914384053,128.175102269,37.914745000,128.174400000,37.914596530,128.174365190
6,6,826609414489,1.208,4.097963,37.909157000,128.171520000,1393.000000,3988.299814,4089.585926,101.286112,2.539581,3.136301,18.867375,25.459738,21.904239,16.966831,20.799546,25.459738,37.914375000,128.174260000,37.914375000,128.174260000,37.914820000,128.174200000,37.914723144,128.174023701,37.914337000,128.174710000,37.914558734,128.174781047,37.913920000,128.174300000,37.914047451,128.174490023,37.914368000,128.173800000,37.914216480,128.173779083
7,7,826609414692,1.411,4.097963,37.909218000,128.171510000,1392.000000,3850.818489,3893.716412,42.897923,1.113995,3.480579,25.182029,22.066171,17.886855,27.347106,23.120540,27.347106,37.913910000,128.173570000,37.913910000,128.173570000,37.914400000,128.173520000,37.914230919,128.173329514,37.913914000,128.174000000,37.914109172,128.174043916,37.913445000,128.173600000,37.913538570,128.173765571,37.913975000,128.173170000,37.913731226,128.173131457
8,8,826609414880,1.599,4.097963,37.909286000,128.171510000,1392.000000,3128.649193,3192.006392,63.357199,2.025066,8.443711,31.805219,48.564937,14.334679,50.901164,36.401500,50.901164,37.913414000,128.172730000,37.913414000,128.172730000,37.913418000,128.172360000,37.913689413,128.172473129,37.913845000,128.172650000,37.913648310,128.173143588,37.913246000,128.173050000,37.913134532,128.172968279,37.912890000,128.172760000,37.913215521,128.172352976
9,9,826609415085,1.804,4.097963,37.909348000,128.171510000,1391.000000,2252.392575,2347.837338,95.444763,4.237483,5.644937,19.481429,41.989870,29.656753,36.295637,31.855922,41.989870,37.912846000,128.172000000,37.912846000,128.172000000,37.912857000,128.171660000,37.913023206,128.171729450,37.913216000,128.171890000,37.913083750,128.172337759,37.912945000,128.172350000,37.912686750,128.172267057,37.912575000,128.172100000,37.912597197,128.171687687
10,10,826609415304,2.023,4.097963,37.909410000,128.171500000,1391.000000,2271.601924,2411.899076,140.297152,6.176133,5.154115,28.088306,40.660888,11.893760,37.719094,29.590512,40.660888,37.912903000,128.171620000,37.912903000,128.171620000,37.912850000,128.171300000,37.913100912,128.171333759,37.913270000,128.171480000,37.913185845,128.171930521,37.912865000,128.171940000,37.912763165,128.171899024,37.912550000,128.171740000,37.912667506,128.171337173
11,11,826609415501,2.220,4.097963,37.909480000,128.171500000,1390.000000,2569.079466,2977.698242,408.618776,15.905260,1.582009,21.297054,24.431881,15.644944,23.792562,21.291610,24.431881,37.913635000,128.172440000,37.913635000,128.172440000,37.913994000,128.172330000,37.913858468,128.172158850,37.913650000,128.172820000,37.913869252,128.172832539,37.913310000,128.172550000,37.913383230,128.172702046,37.913624000,128.172060000,37.913410596,128.172075000
12,12,826609415682,2.401,4.097963,37.909542000,128.171500000,1390.000000,3371.126045,3327.404821,-43.721224,-1.296932,3.271208,19.336556,55.122703,25.111624,49.644931,37.303954,55.122703,37.914090000,128.173170000,37.914090000,128.173170000,37.914204000,128.172800000,37.914357263,128.172903623,37.914600000,128.173130000,37.914282048,128.173611172,37.913998000,128.173540000,37.913796166,128.173412300,37.913643000,128.173220000,37.913892336,128.172751323
13,13,826609415885,2.604,4.097963,37.909610000,128.171510000,1389.000000,3591.469854,3690.902096,99.432242,2.768567,4.254460,23.692688,19.859919,21.043475,34.018233,24.653579,34.018233,37.914460000,128.173830000,37.914460000,128.173830000,37.914948000,128.173810000,37.914813448,128.173600973,37.914433000,128.174270000,37.914609820,128.174300074,37.914040000,128.173870000,37.914152355,128.174062696,37.914597000,128.173450000,37.914296971,128.173376434
14,14,826609416088,2.807,4.097963,37.909670000,128.171510000,1389.000000,4699.358137,4290.420298,-408.937840,-8.701993,1.953317,30.695211,21.910503,23.904436,22.115040,24.656298,30.695211,37.914864000,128.174510000,37.914864000,128.174510000,37.915447000,128.174560000,37.915258269,128.174305185,37.914840000,128.174990000,37.915032435,128.175042399,37.914406000,128.174510000,37.914531708,128.174730676,37.914913000,128.174070000,37.914718593,128.174018157
15,15,826609416291,3.010,4.097963,37.909733000,128.171510000,1388.000000,4690.580094,4973.906171,283.326077,6.040321,1.276887,22.948852,27.872499,20.843967,27.144446,24.702441,27.872499,37.915306000,128.175190000,37.915306000,128.175190000,37.915863000,128.175220000,37.915742574,128.175007910,37.915222000,128.175640000,37.915453996,128.175759376,37.914810000,128.175160000,37.914901437,128.175367119,37.915420000,128.174740000,37.915183403,128.174665211
16,16,826609416478,3.197,4.097963,37.909805000,128.171520000,1388.000000,5041.424221,5254.672255,213.248035,4.229916,2.338670,24.899972,36.536370,24.307536,27.336798,28.270169,36.536370,37.915714000,128.175140000,37.915714000,128.175140000,37.916270000,128.175160000,37.916141998,128.174927485,37.915590000,128.175600000,37.915900900,128.175733330,37.915165000,128.175100000,37.915288818,128.175327983,37.915836000,128.174680000,37.915595563,128.174616685
17,17,826609416684,3.403,4.097963,37.909866000,128.171520000,1388.000000,4663.355329,4615.799689,-47.555639,-1.019773,2.980336,28.615524,28.134923,26.815817,37.194791,30.190264,37.194791,37.915270000,128.174470000,37.915270000,128.174470000,37.915855000,128.174500000,37.915683501,128.174257281,37.915190000,128.174910000,37.915433116,128.174997563,37.914750000,128.174440000,37.914897866,128.174681049,37.915436000,128.174060000,37.915109470,128.173970203
18,18,826609416887,3.606,4.097963,37.909935000,128.171540000,1387.000000,3802.429116,3695.988732,-106.440384,-2.799273,5.501863,23.348743,60.874118,29.458823,52.179675,41.465340,60.874118,37.914772000,128.173750000,37.914772000,128.173750000,37.914948000,128.173390000,37.915131926,128.173517791,37.915340000,128.173780000,37.914909735,128.174207799,37.914680000,128.174150000,37.914451782,128.173980190,37.914320000,128.173770000,37.914608014,128.173301242
19,19,826609417091,3.810,4.097963,37.909996000,128.171550000,1387.000000,2780.717350,2990.801735,210.084385,7.555043,6.379008,31.106953,47.325016,10.625298,46.298879,33.839037,47.325016,37.914276000,128.172910000,37.914276000,128.172910000,37.914260000,128.172530000,37.914525783,128.172639370,37.914670000,128.172850000,37.914477872,128.173330697,37.914110000,128.173250000,37.914036197,128.173173279,37.913857000,128.172960000,37.914079938,128.172514952
20,20,826609417280,3.999,4.097963,37.910053000,128.171570000,1386.000000,2390.943314,2555.323800,164.380486,6.875131,5.219605,12.450541,43.868745,26.261892,40.177482,30.689665,43.868745,37.913868000,128.172420000,37.913868000,128.172420000,37.913994000,128.172090000,37.914096289,128.172147337,37.914270000,128.172360000,37.914077322,128.172795732,37.913887000,128.172800000,37.913667845,128.172689303,37.913560000,128.172500000,37.913685613,128.172071123
21,21,826609417483,4.202,4.097963,37.910126000,128.171590000,1386.000000,2278.232912,2248.683599,-29.549313,-1.297028,3.579556,16.999021,38.878049,4.610828,37.926026,24.603481,38.878049,37.913456000,128.171700000,37.913456000,128.171700000,37.913467000,128.171390000,37.913618903,128.171409811,37.913837000,128.171620000,37.913668644,128.172007850,37.913307000,128.172010000,37.913273224,128.171979612,37.913044000,128.171780000,37.913222631,128.171412278
22,22,826609417688,4.407,4.097963,37.910183000,128.171600000,1385.000000,2793.238276,2680.918525,-112.319751,-4.021130,3.682416,15.314503,46.628287,4.928698,44.890487,27.940494,46.628287,37.914090000,128.172040000,37.914090000,128.172040000,37.914196000,128.171690000,37.914327059,128.171743020,37.914536000,128.171950000,37.914300158,128.172388775,37.913914000,128.172360000,37.913878882,128.172325823,37.913620000,128.172100000,37.913880902,128.171710251
23,23,826609417891,4.610,4.097963,37.910250000,128.171620000,1385.000000,2892.402192,3003.397415,110.995223,3.837475,0.694601,19.872119,47.540218,19.989122,44.118843,32.880076,47.540218,37.914560000,128.172790000,37.914560000,128.172790000,37.914658000,128.172420000,37.914821052,128.172512116,37.915005000,128.172740000,37.914789631,128.173207442,37.914494000,128.173170000,37.914334217,128.173066146,37.914192000,128.172850000,37.914382078,128.172409185
24,24,826609418078,4.797,4.097963,37.910313000,128.171650000,1384.000000,3507.561560,3626.528267,118.966707,3.391721,2.750442,22.110429,57.629175,17.771327,47.626521,36.284363,57.629175,37.915016000,128.173510000,37.915016000,128.173510000,37.915165000,128.173140000,37.915341567,128.173255303,37.915554000,128.173520000,37.915164018,128.173951560,37.914833000,128.173860000,37.914699380,128.173749270,37.914562000,128.173510000,37.914810301,128.173068371
25,25,826609418284,5.003,4.097963,37.910370000,128.171660000,1384.000000,4043.281823,4200.293145,157.011322,3.883264,6.354937,32.952951,56.496726,24.837920,59.051087,43.334671,59.051087,37.915455000,128.174200000,37.915455000,128.174200000,37.915585000,128.173800000,37.915845857,128.173977379,37.915943000,128.174200000,37.915629018,128.174705422,37.915287000,128.174560000,37.915095584,128.174414680,37.914886000,128.174120000,37.915322858,128.173738577
26,26,826609418489,5.208,4.097963,37.910440000,128.171690000,1383.000000,4182.767493,4294.069410,111.301917,2.660964,2.811570,32.950692,59.570810,28.745413,57.641863,44.727195,59.570810,37.915844000,128.174840000,37.915844000,128.174840000,37.915985000,128.174420000,37.916234643,128.174621599,37.916340000,128.174870000,37.915969461,128.175359400,37.915680000,128.175230000,37.915467267,128.175044466,37.915325000,128.174760000,37.915727915,128.174347734
27,27,826609418691,5.410,4.097963,37.910496000,128.171700000,1383.000000,4792.481688,4749.284564,-43.197124,-0.901352,1.253820,31.471890,65.034333,31.072799,60.033698,46.903180,65.034333,37.916310000,128.175460000,37.916310000,128.175460000,37.916470000,128.175030000,37.916701507,128.175235697,37.916880000,128.175540000,37.916437180,128.176023037,37.916138000,128.175890000,37.915921725,128.175666319,37.915794000,128.175400000,37.916178079,128.174920128
28,28,826609418889,5.608,4.097963,37.910560000,128.171740000,1382.000000,4451.037394,4434.128180,-16.909214,-0.379894,2.880822,20.698583,63.394089,32.083477,59.154190,43.832585,63.394089,37.916492000,128.175170000,37.916492000,128.175170000,37.916687000,128.174760000,37.916834137,128.174904101,37.917020000,128.175200000,37.916617903,128.175711171,37.916332000,128.175600000,37.916097403,128.175387782,37.915974000,128.175110000,37.916361070,128.174648502
29,29,826609419082,5.801,4.097963,37.910560000,128.171740000,1382.000000,4451.037394,4434.128180,-16.909214,-0.379894,2.880822,20.698583,63.394089,32.083477,59.154190,43.832585,63.394089,37.916492000,128.175170000,37.916492000,128.175170000,37.916687000,128.174760000,37.916834137,128.174904101,37.917020000,128.175200000,37.916617903,128.175711171,37.916332000,128.175600000,37.916097403,128.175387782,37.915974000,128.175110000,37.916361070,128.174648502
30,30,826609419287,6.006,4.097963,37.910618000,128.171770000,1382.000000,4227.088064,4016.911930,-210.176134,-4.972126,2.681111,23.380378,61.198850,27.770600,55.456410,41.951560,61.198850,37.916100000,128.174530000,37.916100000,128.174530000,37.916270000,128.174130000,37.916447351,128.174272617,37.916660000,128.174580000,37.916245757,128.175038148,37.915960000,128.174940000,37.915750405,128.174768508,37.915623000,128.174500000,37.915974260,128.174052218
31,31,826609419490,6.209,4.097963,37.910740000,128.171830000,1381.000000,3199.450518,3424.787800,225.337282,7.042999,1.709731,15.941672,49.476807,14.534951,44.851311,31.201185,49.476807,37.915226000,128.173140000,37.915226000,128.173140000,37.915390000,128.172790000,37.915521796,128.172861005,37.915707000,128.173140000,37.915411446,128.173560764,37.915066000,128.173500000,37.914956144,128.173410549,37.914776000,128.173160000,37.914992426,128.172729231
32,32,826609419678,6.397,4.097963,37.910740000,128.171830000,1381.000000,3199.450518,3424.787800,225.337282,7.042999,1.709731,15.941672,49.476807,14.534951,44.851311,31.201185,49.476807,37.915226000,128.173140000,37.915226000,128.173140000,37.915390000,128.172790000,37.915521796,128.172861005,37.915707000,128.173140000,37.915411446,128.173560764,37.915066000,128.173500000,37.914956144,128.173410549,37.914776000,128.173160000,37.914992426,128.172729231
33,33,826609419883,6.602,4.097963,37.910797000,128.171860000,1380.000000,2805.435918,2568.979033,-236.456885,-8.428526,1.554848,5.872089,46.909815,9.250278,43.815618,26.461950,46.909815,37.914692000,128.172450000,37.914692000,128.172450000,37.914883000,128.172120000,37.914927120,128.172156648,37.915173000,128.172410000,37.914895736,128.172812235,37.914566000,128.172780000,37.914490257,128.172736680,37.914265000,128.172490000,37.914519232,128.172109127
34,34,826609420087,6.806,4.097963,37.910862000,128.171890000,1380.000000,2111.127886,2193.974089,82.846203,3.924263,1.661288,10.915795,35.185952,6.052299,34.488490,21.660634,35.185952,37.914276000,128.171700000,37.914276000,128.171700000,37.914326000,128.171370000,37.914423299,128.171385437,37.914608000,128.171630000,37.914483302,128.171998148,37.914158000,128.172030000,37.914106971,128.172006217,37.913918000,128.171770000,37.914055782,128.171418268
35,35,826609420291,7.010,4.097963,37.910915000,128.171920000,1379.000000,2102.029895,2266.422939,164.393044,7.820681,1.211719,10.850610,37.444732,9.696550,33.556654,22.887136,37.444732,37.914482000,128.171620000,37.914482000,128.171620000,37.914543000,128.171280000,37.914639848,128.171293970,37.914830000,128.171520000,37.914706737,128.171916707,37.914417000,128.171940000,37.914329952,128.171935975,37.914146000,128.171690000,37.914263758,128.171338267
36,36,826609420478,7.197,4.097963,37.910980000,128.171970000,1379.000000,3026.171822,3115.592239,89.420417,2.954902,3.410024,16.910258,45.309500,5.303818,43.232217,27.688948,45.309500,37.915062000,128.172330000,37.915062000,128.172330000,37.915176000,128.171980000,37.915325376,128.172015004,37.915554000,128.172270000,37.915321835,128.172693762,37.914870000,128.172670000,37.914833794,128.172630744,37.914608000,128.172380000,37.914846983,128.171991972
37,37,826609420707,7.426,4.097963,37.911034000,128.172010000,1378.000000,3249.775466,3306.872733,57.097268,1.756960,1.131378,11.549446,51.280098,14.686545,48.217498,31.433397,51.280098,37.915750000,128.173360000,37.915750000,128.173360000,37.915947000,128.173000000,37.916035783,128.173068044,37.916240000,128.173340000,37.915950713,128.173794413,37.915596000,128.173720000,37.915479414,128.173641723,37.915302000,128.173370000,37.915585571,128.172954978
38,38,826609420922,7.641,4.097963,37.911087000,128.172040000,1378.000000,3597.643038,3416.278771,-181.364266,-5.041197,2.359845,15.025883,55.799848,20.763140,51.087681,35.669138,55.799848,37.916172000,128.174030000,37.916172000,128.174030000,37.916340000,128.173650000,37.916453768,128.173742075,37.916660000,128.174030000,37.916309887,128.174484704,37.916020000,128.174410000,37.915858499,128.174291724,37.915700000,128.174010000,37.916013088,128.173584672
39,39,826609421090,7.809,4.097963,37.911148000,128.172090000,1377.000000,3760.884015,3627.030198,-133.853818,-3.559105,0.865024,17.809001,57.272529,22.229944,55.418538,38.182503,57.272529,37.916595000,128.174730000,37.916595000,128.174730000,37.916744000,128.174320000,37.916872253,128.174441219,37.917046000,128.174710000,37.916730311,128.175224952,37.916430000,128.175130000,37.916267382,128.174983084,37.916100000,128.174700000,37.916449110,128.174250126
40,40,826609421279,7.998,4.097963,37.911198000,128.172130000,1377.000000,3528.192993,3416.787020,-111.405974,-3.157593,2.901852,20.864340,23.616168,29.105449,22.300332,23.971572,29.105449,37.916985000,128.175450000,37.916985000,128.175450000,37.917343000,128.175380000,37.917268265,128.175162124,37.916860000,128.175890000,37.917066406,128.175952139,37.916515000,128.175450000,37.916673137,128.175713929,37.917076000,128.175000000,37.916879448,128.174950935
41,41,826609421482,8.201,4.097963,37.911310000,128.172210000,1376.000000,3603.834938,3460.936866,-142.898072,-3.965167,1.208071,25.416120,20.707079,20.853819,20.159125,21.784036,25.416120,37.917496000,128.175770000,37.917496000,128.175770000,37.917910000,128.175700000,37.917772481,128.175468974,37.917435000,128.176270000,37.917618395,128.176309437,37.917126000,128.175860000,37.917218572,128.176066443,37.917580000,128.175300000,37.917400938,128.175265724
42,42,826609421686,8.405,4.097963,37.911310000,128.172210000,1376.000000,2857.148761,3093.365834,236.217073,8.267580,1.507893,20.484230,19.537337,18.400594,22.755203,20.294341,22.755203,37.917320000,128.175140000,37.917320000,128.175140000,37.917664000,128.175020000,37.917565595,128.174822902,37.917250000,128.175610000,37.917424460,128.175634267,37.916980000,128.175260000,37.917056999,128.175445405,37.917408000,128.174700000,37.917206447,128.174656806
43,43,826609421890,8.609,4.097963,37.911415000,128.172320000,1375.000000,3338.634722,3186.561644,-152.073078,-4.554948,3.040268,17.816537,22.096401,25.657483,18.695668,21.066523,25.657483,37.916980000,128.174480000,37.916980000,128.174480000,37.917340000,128.174330000,37.917240281,128.174171316,37.916927000,128.174930000,37.917124824,128.174950677,37.916560000,128.174590000,37.916730588,128.174786468,37.917000000,128.174030000,37.916832101,128.174024944
44,44,826609422093,8.812,4.097963,37.911465000,128.172360000,1374.000000,3189.423595,2906.716410,-282.707185,-8.863896,1.274453,19.726449,19.613483,23.955290,19.485691,20.695228,23.955290,37.916496000,128.173750000,37.916496000,128.173750000,37.916847000,128.173580000,37.916714337,128.173431080,37.916477000,128.174180000,37.916653179,128.174177358,37.916080000,128.173890000,37.916251532,128.174054712,37.916500000,128.173320000,37.916325319,128.173334260
45,45,826609422280,8.999,4.097963,37.911522000,128.172410000,1374.000000,2724.048789,2839.931340,115.882551,4.254056,3.056688,12.629964,21.770010,17.804569,16.027126,17.057917,21.770010,37.915974000,128.173020000,37.915974000,128.173020000,37.916294000,128.172800000,37.916214411,128.172697506,37.915974000,128.173420000,37.916169119,128.173403291,37.915610000,128.173220000,37.915743799,128.173331077,37.915950000,128.172620000,37.915808570,128.172654153
46,46,826609422486,9.205,4.097963,37.911570000,128.172450000,1374.000000,2947.310122,2816.115725,-131.194397,-4.451327,1.246173,14.766213,15.646677,17.945305,14.498909,15.714276,17.945305,37.915447000,128.172300000,37.915447000,128.172300000,37.915745000,128.172030000,37.915624222,128.171960481,37.915540000,128.172670000,37.915676350,128.172626742,37.915090000,128.172550000,37.915239178,128.172627448,37.915300000,128.171940000,37.915177223,128.171995103
47,47,826609422689,9.408,4.097963,37.911617000,128.172500000,1373.000000,2217.774066,2097.344630,-120.429435,-5.430194,3.197213,16.786492,8.854008,7.624997,9.485479,10.687744,16.786492,37.914772000,128.171630000,37.914772000,128.171630000,37.915035000,128.171310000,37.914885289,128.171287121,37.914960000,128.171940000,37.915021454,128.171875998,37.914623000,128.171900000,37.914671897,128.171960800,37.914610000,128.171340000,37.914536816,128.171395319
48,48,826609422907,9.626,4.097963,37.911674000,128.172560000,1373.000000,2720.455586,2518.365939,-202.089648,-7.428522,2.095430,13.724696,9.114356,13.212168,13.211793,12.315753,13.724696,37.915325000,128.171590000,37.915325000,128.171590000,37.915554000,128.171230000,37.915430736,128.171233248,37.915554000,128.171890000,37.915628174,128.171846057,37.915096000,128.171900000,37.915210152,128.171941190,37.915154000,128.171260000,37.915056381,128.171345562
49,49,826609423082,9.801,4.097963,37.911720000,128.172600000,1373.000000,2530.865801,2614.176095,83.310295,3.291771,0.110893,3.916768,4.477739,3.577615,4.571247,4.135842,4.571247,37.916110000,128.172620000,37.916110000,128.172620000,37.916320000,128.172300000,37.916292899,128.172271557,37.916267000,128.172990000,37.916304387,128.172971191,37.915880000,128.172930000,37.915903716,128.172957492,37.915955000,128.172260000,37.915917013,128.172279769
50,50,826609423285,10.004,4.097963,37.911777000,128.172670000,1372.000000,2624.413447,2603.409694,-21.003753,-0.800322,2.540439,3.532324,2.936000,5.122035,0.677246,3.066901,5.122035,37.916410000,128.173080000,37.916410000,128.173080000,37.916588000,128.172760000,37.916616070,128.172741243,37.916576000,128.173480000,37.916592936,128.173454372,37.916170000,128.173400000,37.916215161,128.173411168,37.916240000,128.172710000,37.916238848,128.172717572
51,51,826609423490,10.209,4.097963,37.911823000,128.172710000,1372.000000,2741.019780,2844.748094,103.728313,3.784296,0.845678,4.549569,1.180651,1.320729,1.008813,2.014941,4.549569,37.917038000,128.174090000,37.917038000,128.174090000,37.917230000,128.173750000,37.917268233,128.173768305,37.917200000,128.174510000,37.917190541,128.174516081,37.916824000,128.174420000,37.916817003,128.174407855,37.916866000,128.173680000,37.916874094,128.173674832
52,52,826609423693,10.412,4.097963,37.911873000,128.172760000,1372.000000,2592.506611,2639.368986,46.862376,1.807609,1.616679,3.059646,1.711594,2.509495,2.510333,2.447767,3.059646,37.917446000,128.174770000,37.917446000,128.174770000,37.917652000,128.174440000,37.917677336,128.174453507,37.917570000,128.175200000,37.917571374,128.175219412,37.917220000,128.175110000,37.917237629,128.175092190,37.917320000,128.174360000,37.917333420,128.174337028
53,53,826609423881,10.600,4.097963,37.911926000,128.172820000,1372.000000,2900.438766,3106.793717,206.354951,7.114612,3.049951,14.834653,6.022656,4.507462,5.597159,7.740483,14.834653,37.917774000,128.175420000,37.917774000,128.175420000,37.917934000,128.175030000,37.918046271,128.175121002,37.917957000,128.175870000,37.917910969,128.175906037,37.917560000,128.175770000,37.917535796,128.175728853,37.917610000,128.174970000,37.917659677,128.174960157
54,54,826609424084,10.803,4.097963,37.911976000,128.172870000,1371.000000,2933.185424,3028.041969,94.856544,3.233909,5.259821,4.107350,12.172955,11.009276,4.099885,7.847366,12.172955,37.917847000,128.175020000,37.917847000,128.175020000,37.918080000,128.174670000,37.918103751,128.174705792,37.918102000,128.175480000,37.917992743,128.175485766,37.917698000,128.175400000,37.917612772,128.175336405,37.917730000,128.174620000,37.917719201,128.174575366
55,55,826609424291,11.010,4.097963,37.912025000,128.172910000,1371.000000,2485.259322,2545.254637,59.995316,2.414046,1.799363,8.140969,4.813758,6.312706,8.011797,6.819808,8.140969,37.917570000,128.174330000,37.917570000,128.174330000,37.917713000,128.173950000,37.917776130,128.173996794,37.917730000,128.174710000,37.917703482,128.174753298,37.917400000,128.174710000,37.917360580,128.174658325,37.917374000,128.173950000,37.917441287,128.173917625
56,56,826609424490,11.209,4.097963,37.912080000,128.172960000,1371.000000,2467.878811,2589.215902,121.337091,4.916655,0.076695,10.249401,7.941790,10.234905,7.836557,9.065663,10.249401,37.916950000,128.173550000,37.916950000,128.173550000,37.917060000,128.173170000,37.917145925,128.173211930,37.917202000,128.173890000,37.917141866,128.173938660,37.916860000,128.173930000,37.916775032,128.173885476,37.916714000,128.173220000,37.916775309,128.173176146
57,57,826609424691,11.410,4.097963,37.912136000,128.173020000,1370.000000,2365.666469,2395.784857,30.118389,1.273146,1.047309,11.304385,8.699811,8.280839,8.144932,9.107492,11.304385,37.915530000,128.172530000,37.915530000,128.172530000,37.915585000,128.172160000,37.915684860,128.172183377,37.915806000,128.172760000,37.915745955,128.172823408,37.915447000,128.172880000,37.915373538,128.172865165,37.915222000,128.172300000,37.915286294,128.172255731
58,58,826609424878,11.597,4.097963,37.912186000,128.173070000,1370.000000,1593.857576,1563.930203,-29.927373,-1.877669,1.513166,5.165628,2.857775,1.012077,1.539244,2.643681,5.165628,37.914185000,128.172000000,37.914185000,128.172000000,37.914177000,128.171680000,37.914223403,128.171680261,37.914433000,128.172150000,37.914419194,128.172177434,37.914143000,128.172320000,37.914150213,128.172312985,37.913940000,128.171840000,37.913953186,128.171834723
59,59,826609425088,11.807,4.097963,37.912235000,128.173110000,1370.000000,1213.715804,1134.421085,-79.294718,-6.533220,0.471609,3.513219,1.683952,2.866436,2.051220,2.528707,3.513219,37.913204000,128.171830000,37.913204000,128.171830000,37.913150000,128.171550000,37.913127687,128.171578291,37.913445000,128.171890000,37.913449328,128.171871628,37.913258000,128.172100000,37.913281669,128.172087147,37.912970000,128.171770000,37.912969583,128.171793350
60,60,826609425298,12.017,4.097963,37.912292000,128.173160000,1369.000000,850.181707,869.697304,19.515596,2.295462,0.753961,9.687656,10.942150,10.804086,9.218799,10.163173,10.942150,37.912450000,128.171880000,37.912450000,128.171880000,37.912357000,128.171680000,37.912286207,128.171744154,37.912663000,128.171900000,37.912648295,128.171776813,37.912544000,128.172100000,37.912619229,128.172022276,37.912240000,128.171880000,37.912255597,128.171983089
61,61,826609425478,12.197,4.097963,37.912342000,128.173200000,1369.000000,809.027272,824.162366,15.135094,1.870777,1.111344,1.331230,25.073688,4.311922,25.687610,14.101113,25.687610,37.911953000,128.172200000,37.911953000,128.172200000,37.911750000,128.172210000,37.911757048,128.172197755,37.911842000,128.172000000,37.912066878,128.171983811,37.912150000,128.172150000,37.912152240,128.172199014,37.912067000,128.172380000,37.911837437,128.172409699
62,62,826609425685,12.404,4.097963,37.912395000,128.173230000,1369.000000,881.865906,847.691123,-34.174783,-3.875281,0.811322,4.417158,19.918926,5.975471,20.376534,12.672022,20.376534,37.911808000,128.172620000,37.911808000,128.172620000,37.911594000,128.172670000,37.911614036,128.172713411,37.911680000,128.172440000,37.911851450,128.172375091,37.912014000,128.172590000,37.911998854,128.172524727,37.911940000,128.172820000,37.911761246,128.172869946
63,63,826609425888,12.607,4.097963,37.912453000,128.173300000,1369.000000,925.079392,867.178673,-57.900719,-6.259000,1.071554,7.454173,18.898058,5.959566,20.278309,13.147526,20.278309,37.911800000,128.172760000,37.911800000,128.172760000,37.911587000,128.172800000,37.911610266,128.172879586,37.911660000,128.172560000,37.911825316,128.172511068,37.912010000,128.172700000,37.911985278,128.172639812,37.911945000,128.172940000,37.911773357,128.173017329
64,64,826609426091,12.810,4.097963,37.912506000,128.173320000,1369.000000,940.575084,874.190423,-66.384661,-7.057880,0.615282,6.642237,19.881594,6.164628,19.718271,13.101683,19.881594,37.911840000,128.172790000,37.911840000,128.172790000,37.911620000,128.172850000,37.911651300,128.172914389,37.911690000,128.172600000,37.911862124,128.172539599,37.912045000,128.172730000,37.912024218,128.172664939,37.911983000,128.172970000,37.911817244,128.173049162
65,65,826609426283,13.002,4.097963,37.912567000,128.173370000,1369.000000,956.364103,877.169702,-79.194401,-8.280779,0.416459,5.356069,20.852890,5.901369,20.312252,13.105645,20.852890,37.911877000,128.172800000,37.911877000,128.172800000,37.911660000,128.172870000,37.911686461,128.172920934,37.911724000,128.172620000,37.911902839,128.172549347,37.912083000,128.172740000,37.912062992,128.172677776,37.912025000,128.172990000,37.911850945,128.173059418
66,66,826609426484,13.203,2.886702,37.912620000,128.173420000,1369.000000,453.691798,421.279441,-32.412357,-7.144136,0.520887,2.437834,16.208374,1.583043,17.458459,9.421928,17.458459,37.911785000,128.172620000,37.911785000,128.172620000,37.911636000,128.172670000,37.911648735,128.172692581,37.911674000,128.172500000,37.911813390,128.172446668,37.911930000,128.172560000,37.911919836,128.172547393,37.911903000,128.172730000,37.911755014,128.172795818
67,67,826609426687,13.406,0.609750,37.912674000,128.173450000,1369.000000,15.545177,18.560421,3.015244,19.396653,0.432169,0.521337,3.890140,0.543611,4.410271,2.341340,4.410271,37.911380000,128.172200000,37.911380000,128.172200000,37.911354000,128.172210000,37.911350531,128.172213987,37.911354000,128.172180000,37.911386600,128.172164045,37.911407000,128.172180000,37.911408978,128.172185659,37.911407000,128.172210000,37.911372931,128.172235631
68,68,826609426891,13.610,0.609750,37.912735000,128.173500000,1369.000000,28.841933,25.332898,-3.509035,-12.166436,0.052755,1.109860,4.865850,0.298032,5.222260,2.874001,5.222260,37.910736000,128.172200000,37.910736000,128.172200000,37.910700000,128.172230000,37.910700460,128.172217377,37.910698000,128.172180000,37.910739320,128.172161930,37.910770000,128.172180000,37.910771378,128.172182909,37.910774000,128.172210000,37.910732707,128.172238217
69,69,826609427079,13.798,0.609750,37.912790000,128.173520000,1369.000000,27.424545,32.532929,5.108383,18.627049,0.631812,0.846724,5.096168,1.319917,3.925813,2.797155,5.096168,37.910020000,128.172700000,37.910020000,128.172700000,37.909990000,128.172740000,37.909987648,128.172730832,37.909980000,128.172700000,37.910010713,128.172656972,37.910040000,128.172670000,37.910051845,128.172669317,37.910053000,128.172710000,37.910029171,128.172742951
70,70,826609427284,14.003,0.609750,37.912853000,128.173570000,1369.000000,39.157354,43.633730,4.476376,11.431763,0.311491,1.052642,5.313405,0.797510,4.952752,3.029077,5.313405,37.909300000,128.173510000,37.909300000,128.173510000,37.909280000,128.173550000,37.909270867,128.173553104,37.909256000,128.173520000,37.909277673,128.173466099,37.909325000,128.173460000,37.909329354,128.173467211,37.909350000,128.173510000,37.909321915,128.173553735
71,71,826609427529,14.248,0.609750,37.912907000,128.173600000,1369.000000,40.575393,58.010541,17.435147,42.969756,0.902488,1.364945,4.982688,1.675992,6.603522,3.656787,6.603522,37.908653000,128.174470000,37.908653000,128.174470000,37.908630000,128.174510000,37.908625143,128.174524269,37.908604000,128.174480000,37.908621745,128.174427918,37.908670000,128.174410000,37.908684433,128.174415433,37.908703000,128.174440000,37.908685137,128.174511695
72,72,826609427689,14.408,0.609750,37.912970000,128.173630000,1368.000000,68.538672,73.906616,5.367944,7.831993,0.785845,2.245928,8.960087,2.699353,7.576075,5.370361,8.960087,37.908140000,128.175640000,37.908140000,128.175640000,37.908120000,128.175720000,37.908101131,128.175710946,37.908073000,128.175690000,37.908108756,128.175598603,37.908154000,128.175580000,37.908177080,128.175570573,37.908195000,128.175600000,37.908171820,128.175681100
73,73,826609427880,14.599,0.609750,37.912970000,128.173630000,1368.000000,68.538672,73.906616,5.367944,7.831993,0.785845,2.245928,8.960087,2.699353,7.576075,5.370361,8.960087,37.908140000,128.175640000,37.908140000,128.175640000,37.908120000,128.175720000,37.908101131,128.175710946,37.908073000,128.175690000,37.908108756,128.175598603,37.908154000,128.175580000,37.908177080,128.175570573,37.908195000,128.175600000,37.908171820,128.175681100
74,74,826609428083,14.802,0.609750,37.913030000,128.173660000,1368.000000,68.636892,79.785594,11.148702,16.243017,0.442174,2.302250,8.250264,3.441964,8.099779,5.523564,8.250264,37.907660000,128.176960000,37.907660000,128.176960000,37.907670000,128.177020000,37.907650761,128.177029619,37.907610000,128.177020000,37.907611150,128.176926078,37.907650000,128.176900000,37.907678582,128.176885051,37.907707000,128.176900000,37.907711346,128.176992055
75,75,826609428287,15.006,0.609750,37.913140000,128.173720000,1368.000000,63.943628,75.646023,11.702395,18.301112,0.104885,2.474246,1.865969,2.278953,1.957519,2.144172,2.474246,37.907825000,128.179610000,37.907825000,128.179610000,37.907818000,128.179670000,37.907839790,128.179675556,37.907772000,128.179580000,37.907762303,128.179597329,37.907830000,128.179550000,37.907809931,128.179544877,37.907875000,128.179640000,37.907886650,128.179623305
76,76,826609428491,15.210,0.609750,37.913140000,128.173720000,1368.000000,63.943628,75.646023,11.702395,18.301112,0.104885,2.474246,1.865969,2.278953,1.957519,2.144172,2.474246,37.907825000,128.179610000,37.907825000,128.179610000,37.907818000,128.179670000,37.907839790,128.179675556,37.907772000,128.179580000,37.907762303,128.179597329,37.907830000,128.179550000,37.907809931,128.179544877,37.907875000,128.179640000,37.907886650,128.179623305
77,77,826609428678,15.397,0.609750,37.913204000,128.173750000,1368.000000,103.638808,96.744010,-6.894798,-6.652718,0.759598,4.497027,3.852552,2.292108,4.142495,3.696046,4.497027,37.908330000,128.180680000,37.908330000,128.180680000,37.908300000,128.180790000,37.908335656,128.180765932,37.908283000,128.180630000,37.908270439,128.180670872,37.908344000,128.180590000,37.908323871,128.180595493,37.908367000,128.180730000,37.908387942,128.180691013
78,78,826609428885,15.604,0.609750,37.913265000,128.173770000,1368.000000,131.405862,147.629202,16.223339,12.345978,0.790906,4.481087,5.319477,1.709826,5.524341,4.258683,5.524341,37.908512000,128.182080000,37.908512000,128.182080000,37.908480000,128.182240000,37.908507827,128.182203134,37.908474000,128.182020000,37.908450360,128.182072635,37.908530000,128.181950000,37.908516214,128.181958583,37.908546000,128.182140000,37.908573336,128.182087505
79,79,826609429089,15.808,0.609750,37.913330000,128.173800000,1368.000000,139.863159,147.792900,7.929741,5.669643,0.791254,5.508677,14.999646,5.663570,12.872735,9.761157,14.999646,37.908512000,128.182080000,37.908512000,128.182080000,37.908543000,128.182160000,37.908507092,128.182203157,37.908474000,128.182240000,37.908450384,128.182071864,37.908478000,128.182000000,37.908516957,128.181958526,37.908535000,128.181950000,37.908573304,128.182088290
80,80,826609429291,16.010,0.609750,37.913390000,128.173830000,1368.000000,179.509799,144.197528,-35.312271,-19.671500,1.223438,4.749017,17.508514,4.867806,14.356469,10.370452,17.508514,37.908510000,128.182170000,37.908510000,128.182170000,37.908540000,128.182250000,37.908508862,128.182286960,37.908447000,128.182360000,37.908448523,128.182160664,37.908480000,128.182080000,37.908515392,128.182047450,37.908543000,128.182020000,37.908571163,128.182179512
81,81,826609429494,16.213,0.609750,37.913450000,128.173840000,1367.000000,145.191745,148.722896,3.531151,2.432060,0.441939,4.384794,14.118175,4.184838,13.494274,9.045520,14.118175,37.908512000,128.182100000,37.908512000,128.182100000,37.908535000,128.182190000,37.908505839,128.182223561,37.908466000,128.182250000,37.908450398,128.182090477,37.908485000,128.182000000,37.908518315,128.181977925,37.908546000,128.181960000,37.908573273,128.182109701
82,82,826609429681,16.400,0.609750,37.913517000,128.173860000,1367.000000,135.512295,149.118562,13.606267,10.040614,0.859797,4.463481,15.043952,4.293819,11.736570,8.884455,15.043952,37.908512000,128.182080000,37.908512000,128.182080000,37.908535000,128.182170000,37.908504951,128.182203647,37.908466000,128.182240000,37.908450345,128.182069869,37.908490000,128.181990000,37.908519126,128.181957950,37.908550000,128.181960000,37.908573315,128.182090320
83,83,826609429886,16.605,0.609750,37.913647000,128.173890000,1367.000000,139.618729,150.443462,10.824733,7.753067,1.296952,3.198340,15.124411,4.197156,11.762730,8.570659,15.124411,37.908512000,128.182080000,37.908512000,128.182080000,37.908530000,128.182190000,37.908503519,128.182204127,37.908463000,128.182240000,37.908450250,128.182068560,37.908493000,128.181990000,37.908520580,128.181957416,37.908554000,128.181960000,37.908573391,128.182091651
84,84,826609430090,16.809,0.609750,37.913647000,128.173890000,1367.000000,137.321081,150.516269,13.195188,9.609004,0.891735,3.098750,14.188274,3.296696,11.771099,8.088705,14.188274,37.908512000,128.182100000,37.908512000,128.182100000,37.908524000,128.182200000,37.908503709,128.182224153,37.908450000,128.182250000,37.908450279,128.182088458,37.908497000,128.182000000,37.908520518,128.181977188,37.908554000,128.181980000,37.908573364,128.182111755
85,85,826609430293,17.012,0.609750,37.913770000,128.173920000,1366.000000,138.054366,151.770972,13.716607,9.935656,1.004090,2.034449,13.420394,3.539887,11.828666,7.705849,13.420394,37.908516000,128.182080000,37.908516000,128.182080000,37.908524000,128.182200000,37.908506097,128.182204655,37.908460000,128.182220000,37.908454196,128.182067378,37.908500000,128.181980000,37.908526025,128.181956840,37.908560000,128.181960000,37.908577426,128.182092853
86,86,826609430484,17.203,0.609750,37.913837000,128.173920000,1366.000000,162.301888,151.172812,-11.129076,-6.857022,1.548804,0.339907,16.240484,2.349108,12.711954,7.910363,16.240484,37.908510000,128.182130000,37.908510000,128.182130000,37.908504000,128.182250000,37.908501602,128.182252396,37.908430000,128.182300000,37.908448134,128.182116526,37.908500000,128.182000000,37.908520586,128.182005879,37.908558000,128.182000000,37.908571481,128.182143721
87,87,826609430687,17.406,0.609750,37.913900000,128.173920000,1366.000000,131.796944,154.058802,22.261858,16.891028,1.415953,1.350154,13.507921,2.873743,10.093258,6.956269,13.507921,37.908516000,128.182080000,37.908516000,128.182080000,37.908516000,128.182200000,37.908504692,128.182205558,37.908450000,128.182220000,37.908453950,128.182066286,37.908510000,128.181980000,37.908527455,128.181955894,37.908566000,128.181980000,37.908577651,128.182093965
88,88,826609430891,17.610,0.609750,37.913960000,128.173930000,1366.000000,140.791987,154.863371,14.071384,9.994449,1.805236,1.527800,13.556903,2.795782,10.096144,6.994157,13.556903,37.908516000,128.182080000,37.908516000,128.182080000,37.908512000,128.182220000,37.908504035,128.182205834,37.908450000,128.182220000,37.908453886,128.182065725,37.908512000,128.181980000,37.908528124,128.181955595,37.908570000,128.181980000,37.908577706,128.182094535
89,89,826609431078,17.797,0.609750,37.913960000,128.173930000,1366.000000,160.737532,154.174856,-6.562676,-4.082852,1.317390,1.342068,13.681389,1.186634,10.955977,6.791517,13.681389,37.908510000,128.182110000,37.908510000,128.182110000,37.908500000,128.182250000,37.908499014,128.182234771,37.908432000,128.182250000,37.908447920,128.182095542,37.908512000,128.181990000,37.908522008,128.181985350,37.908570000,128.182000000,37.908571673,128.182124722
90,90,826609431281,18.000,0.609750,37.914090000,128.173920000,1365.000000,140.791987,157.396709,16.604721,11.793797,0.281691,0.978227,11.911602,1.176121,11.913787,6.494934,11.913787,37.908516000,128.182100000,37.908516000,128.182100000,37.908510000,128.182220000,37.908502961,128.182226667,37.908447000,128.182220000,37.908453640,128.182084641,37.908520000,128.181980000,37.908529544,128.181974257,37.908577000,128.181980000,37.908577932,128.182115640
91,91,826609431486,18.205,0.609750,37.914160000,128.173920000,1365.000000,129.059322,158.676105,29.616783,22.948194,0.338114,0.654284,11.960828,0.892118,11.965048,6.368070,11.965048,37.908516000,128.182100000,37.908516000,128.182100000,37.908504000,128.182220000,37.908502238,128.182227107,37.908447000,128.182220000,37.908453505,128.182084069,37.908524000,128.181980000,37.908530317,128.181973750,37.908577000,128.181980000,37.908578055,128.182116223
92,92,826609431690,18.409,0.609750,37.914223000,128.173900000,1365.000000,132.432456,160.405097,27.972641,21.122194,0.663322,0.708390,10.279121,1.085247,11.122481,5.798810,11.122481,37.908520000,128.182100000,37.908520000,128.182100000,37.908504000,128.182220000,37.908505616,128.182227801,37.908447000,128.182200000,37.908457295,128.182083696,37.908527000,128.181980000,37.908535013,128.181972962,37.908580000,128.181990000,37.908582255,128.182116604
93,93,826609431878,18.597,0.609750,37.914280000,128.173900000,1364.000000,161.177485,161.501811,0.324326,0.201223,0.638040,1.174782,10.315596,1.465136,11.162177,6.029423,11.162177,37.908520000,128.182100000,37.908520000,128.182100000,37.908500000,128.182240000,37.908504965,128.182228197,37.908447000,128.182200000,37.908457199,128.182083264,37.908527000,128.181960000,37.908535711,128.181972505,37.908585000,128.181990000,37.908582341,128.182117043
94,94,826609432082,18.801,0.609750,37.914352000,128.173890000,1364.000000,189.042554,157.262440,-31.780114,-16.811090,2.582502,5.451363,17.206822,1.004459,12.172840,8.958871,17.206822,37.908524000,128.182190000,37.908524000,128.182190000,37.908485000,128.182360000,37.908514818,128.182310766,37.908417000,128.182360000,37.908461221,128.182172278,37.908543000,128.182050000,37.908540169,128.182060859,37.908596000,128.182070000,37.908586317,128.182208051
95,95,826609432285,19.004,0.609750,37.914410000,128.173870000,1364.000000,162.204093,164.816470,2.612377,1.610549,0.488716,1.190581,10.442175,1.007114,11.264752,5.976155,11.264752,37.908520000,128.182100000,37.908520000,128.182100000,37.908497000,128.182240000,37.908503667,128.182229400,37.908443000,128.182200000,37.908456789,128.182082401,37.908535000,128.181960000,37.908537141,128.181971141,37.908590000,128.181990000,37.908582729,128.182117924
96,96,826609432489,19.208,0.609750,37.914480000,128.173860000,1364.000000,193.442296,160.405430,-33.036866,-17.078409,2.634943,5.874614,15.696062,0.847674,11.380123,8.449618,15.696062,37.908527000,128.182190000,37.908527000,128.182190000,37.908480000,128.182360000,37.908516692,128.182311927,37.908417000,128.182340000,37.908463839,128.182171439,37.908546000,128.182050000,37.908544578,128.182059481,37.908600000,128.182080000,37.908589677,128.182208907
97,97,826609432693,19.412,0.609750,37.914540000,128.173830000,1363.000000,155.702242,168.520920,12.818679,8.232816,0.418776,1.316043,10.501180,0.855366,11.346919,6.004877,11.346919,37.908520000,128.182100000,37.908520000,128.182100000,37.908493000,128.182240000,37.908502316,128.182230774,37.908443000,128.182200000,37.908456334,128.182081638,37.908540000,128.181960000,37.908538645,128.181969586,37.908592000,128.181990000,37.908583160,128.182118705
98,98,826609432880,19.599,0.609750,37.914597000,128.173810000,1363.000000,155.702242,170.228913,14.526672,9.329777,0.419238,1.233237,10.526455,0.784733,11.374479,5.979726,11.374479,37.908520000,128.182100000,37.908520000,128.182100000,37.908493000,128.182240000,37.908501753,128.182231393,37.908443000,128.182200000,37.908456113,128.182081308,37.908540000,128.181960000,37.908539276,128.181968887,37.908592000,128.181990000,37.908583370,128.182119043
99,99,826609433085,19.804,0.609750,37.914660000,128.173780000,1363.000000,193.882263,166.017910,-27.864353,-14.371791,2.586119,5.853011,15.857850,0.781502,11.505540,8.499476,15.857850,37.908530000,128.182190000,37.908530000,128.182190000,37.908480000,128.182360000,37.908518084,128.182314054,37.908417000,128.182340000,37.908466108,128.182170516,37.908554000,128.182050000,37.908549631,128.182056965,37.908607000,128.182080000,37.908593376,128.182209854
100,100,826609433289,20.008,0.609750,37.914720000,128.173750000,1362.000000,146.853817,173.842871,26.989054,18.378177,0.442688,1.426832,11.439273,0.302469,11.452439,6.155253,11.452439,37.908540000,128.182110000,37.908540000,128.182110000,37.908510000,128.182250000,37.908521271,128.182242264,37.908463000,128.182220000,37.908475670,128.182090751,37.908560000,128.181980000,37.908560758,128.181976693,37.908615000,128.182000000,37.908603795,128.182129617
101,101,826609433478,20.197,0.609750,37.914776000,128.173720000,1362.000000,195.153301,170.013576,-25.139725,-12.882039,2.954529,6.309470,17.543666,0.905288,11.593128,9.087888,17.543666,37.908530000,128.182190000,37.908530000,128.182190000,37.908480000,128.182370000,37.908516997,128.182315577,37.908417000,128.182360000,37.908465582,128.182169982,37.908558000,128.182050000,37.908550987,128.182055218,37.908610000,128.182080000,37.908593880,128.182210404
102,102,826609433682,20.401,0.609750,37.914837000,128.173680000,1361.000000,157.413247,179.024620,21.611374,13.729069,0.545189,1.550642,10.663679,0.448871,11.498185,6.040344,11.498185,37.908524000,128.182100000,37.908524000,128.182100000,37.908490000,128.182240000,37.908503295,128.182234732,37.908443000,128.182200000,37.908458970,128.182080287,37.908546000,128.181960000,37.908546119,128.181965108,37.908600000,128.181990000,37.908588469,128.182120095
103,103,826609433885,20.604,0.609750,37.914890000,128.173650000,1361.000000,208.059217,174.260228,-33.798988,-16.244889,3.104337,6.513218,17.738398,0.409543,11.719203,9.095090,17.738398,37.908535000,128.182190000,37.908535000,128.182190000,37.908480000,128.182370000,37.908521026,128.182317128,37.908417000,128.182360000,37.908470022,128.182169546,37.908560000,128.182050000,37.908557360,128.182053247,37.908620000,128.182080000,37.908599419,128.182210855
104,104,826609434090,20.809,0.609750,37.914950000,128.173600000,1361.000000,168.314840,183.819927,15.505086,9.211954,0.335243,1.801800,10.668026,0.272903,11.580867,6.080899,11.580867,37.908527000,128.182100000,37.908527000,128.182100000,37.908493000,128.182250000,37.908505211,128.182236535,37.908447000,128.182200000,37.908461316,128.182079901,37.908550000,128.181960000,37.908550418,128.181963062,37.908607000,128.181990000,37.908592102,128.182120496
105,105,826609434293,21.012,0.609750,37.915000000,128.173550000,1360.000000,204.539404,179.377168,-25.162236,-12.301901,3.323502,6.729373,17.921288,0.265129,11.685105,9.150224,17.921288,37.908540000,128.182190000,37.908540000,128.182190000,37.908480000,128.182370000,37.908525127,128.182319020,37.908417000,128.182360000,37.908474306,128.182169320,37.908566000,128.182050000,37.908563711,128.182050835,37.908623000,128.182080000,37.908605114,128.182211096
106,106,826609434480,21.199,0.609750,37.915060000,128.173500000,1360.000000,205.908215,182.111149,-23.797066,-11.557123,3.161785,6.220852,17.920210,0.624030,11.693786,9.114720,17.920210,37.908540000,128.182190000,37.908540000,128.182190000,37.908485000,128.182370000,37.908524608,128.182320035,37.908417000,128.182360000,37.908473917,128.182169146,37.908570000,128.182050000,37.908564401,128.182049650,37.908623000,128.182080000,37.908605491,128.182211278
107,107,826609434686,21.405,0.609750,37.915104000,128.173450000,1359.000000,183.371719,191.920971,8.549252,4.662252,1.000574,3.174259,12.451894,0.280069,11.649104,6.888832,12.451894,37.908543000,128.182100000,37.908543000,128.182100000,37.908504000,128.182270000,37.908519620,128.182239764,37.908460000,128.182220000,37.908476268,128.182079735,37.908566000,128.181960000,37.908568456,128.181959310,37.908627000,128.181990000,37.908609121,128.182120682
108,108,826609434890,21.609,0.609750,37.915157000,128.173390000,1359.000000,175.549964,194.942218,19.392254,11.046572,0.683144,1.766765,10.819456,0.375417,11.581237,6.135719,11.581237,37.908535000,128.182100000,37.908535000,128.182100000,37.908497000,128.182250000,37.908511129,128.182240838,37.908447000,128.182200000,37.908467787,128.182079664,37.908558000,128.181960000,37.908561036,128.181958140,37.908615000,128.181990000,37.908601590,128.182120759
109,109,826609435079,21.798,0.609750,37.915200000,128.173340000,1359.000000,183.616190,198.277606,14.661417,7.984817,1.356296,2.492010,12.504324,1.076438,10.696542,6.692329,12.504324,37.908527000,128.182080000,37.908527000,128.182080000,37.908493000,128.182250000,37.908501107,128.182223553,37.908440000,128.182200000,37.908459303,128.182059749,37.908550000,128.181950000,37.908552887,128.181938303,37.908607000,128.181980000,37.908594062,128.182100677
110,110,826609435281,22.000,0.609750,37.915240000,128.173280000,1358.000000,238.955202,192.696475,-46.258727,-19.358745,3.425606,7.050744,18.802786,0.585732,12.697712,9.784244,18.802786,37.908543000,128.182190000,37.908543000,128.182190000,37.908490000,128.182390000,37.908526045,128.182323990,37.908417000,128.182370000,37.908475396,128.182169120,37.908573000,128.182050000,37.908569712,128.182044793,37.908634000,128.182070000,37.908609976,128.182211328
111,111,826609435484,22.203,0.609750,37.915287000,128.173220000,1358.000000,193.784438,203.157674,9.373237,4.836940,0.718894,2.472609,12.437878,0.738166,12.595477,7.061032,12.595477,37.908550000,128.182100000,37.908550000,128.182100000,37.908516000,128.182270000,37.908524850,128.182244179,37.908466000,128.182220000,37.908481648,128.182079783,37.908573000,128.181960000,37.908577807,128.181954210,37.908638000,128.181980000,37.908617434,128.182121018
112,112,826609435688,22.407,0.609750,37.915325000,128.173140000,1357.000000,182.442916,207.308657,24.865741,13.629327,1.853151,2.271121,14.236017,1.561694,10.647922,7.179189,14.236017,37.908530000,128.182080000,37.908530000,128.182080000,37.908493000,128.182250000,37.908502780,128.182227307,37.908440000,128.182220000,37.908460945,128.182060103,37.908550000,128.181950000,37.908557147,128.181934700,37.908610000,128.181980000,37.908598395,128.182100337
113,113,826609435892,22.611,0.609750,37.915360000,128.173080000,1357.000000,245.652586,201.670049,-43.982537,-17.904366,3.087656,5.412835,19.005864,0.156553,12.668000,9.310813,19.005864,37.908546000,128.182190000,37.908546000,128.182190000,37.908493000,128.182370000,37.908528073,128.182327315,37.908413000,128.182370000,37.908477078,128.182169425,37.908573000,128.182040000,37.908574317,128.182040626,37.908638000,128.182070000,37.908614256,128.182211058
114,114,826609436079,22.798,0.609750,37.915360000,128.173080000,1357.000000,245.652586,201.670049,-43.982537,-17.904366,3.087656,5.412835,19.005864,0.156553,12.668000,9.310813,19.005864,37.908546000,128.182190000,37.908546000,128.182190000,37.908493000,128.182370000,37.908528073,128.182327315,37.908413000,128.182370000,37.908477078,128.182169425,37.908573000,128.182040000,37.908574317,128.182040626,37.908638000,128.182070000,37.908614256,128.182211058
115,115,826609436284,23.003,0.609750,37.915398000,128.173000000,1356.000000,184.496072,212.944295,28.448223,15.419420,0.391724,0.446134,12.430006,1.159791,12.513533,6.637366,12.513533,37.908554000,128.182100000,37.908554000,128.182100000,37.908524000,128.182250000,37.908527719,128.182248106,37.908466000,128.182220000,37.908484213,128.182080372,37.908577000,128.181960000,37.908583460,128.181949640,37.908640000,128.181980000,37.908622614,128.182120760
116,116,826609436488,23.207,0.609750,37.915455000,128.172870000,1355.000000,189.629172,219.037738,29.408566,15.508461,1.155688,0.708251,14.137748,2.230352,12.369985,7.361584,14.137748,37.908530000,128.182080000,37.908530000,128.182080000,37.908500000,128.182240000,37.908501424,128.182232141,37.908440000,128.182220000,37.908459144,128.182060873,37.908546000,128.181950000,37.908558417,128.181930071,37.908615000,128.181960000,37.908600170,128.182099580
117,117,826609436737,23.456,0.609750,37.915478000,128.172790000,1355.000000,195.690984,221.343290,25.652306,13.108578,1.519979,1.436533,15.850583,2.330554,13.277768,8.223859,15.850583,37.908554000,128.182080000,37.908554000,128.182080000,37.908527000,128.182250000,37.908525136,128.182233816,37.908463000,128.182240000,37.908482764,128.182061279,37.908570000,128.181950000,37.908582497,128.181928711,37.908638000,128.181950000,37.908623863,128.182100110
118,118,826609436880,23.599,0.609750,37.915478000,128.172790000,1355.000000,195.690984,221.343290,25.652306,13.108578,1.519979,1.436533,15.850583,2.330554,13.277768,8.223859,15.850583,37.908554000,128.182080000,37.908554000,128.182080000,37.908527000,128.182250000,37.908525136,128.182233816,37.908463000,128.182240000,37.908482764,128.182061279,37.908570000,128.181950000,37.908582497,128.181928711,37.908638000,128.181950000,37.908623863,128.182100110
119,119,826609437091,23.810,0.609750,37.915500000,128.172710000,1354.000000,195.642109,224.788461,29.146352,14.897791,1.360047,0.549622,15.795851,2.878178,13.216509,8.110040,15.795851,37.908550000,128.182080000,37.908550000,128.182080000,37.908524000,128.182240000,37.908520884,128.182235146,37.908460000,128.182240000,37.908478244,128.182061647,37.908560000,128.181950000,37.908578740,128.181927423,37.908634000,128.181950000,37.908620552,128.182099509
120,120,826609437289,24.008,0.609750,37.915520000,128.172640000,1354.000000,209.819130,228.274094,18.454963,8.795653,1.306355,1.296709,15.829572,2.732258,13.133976,8.248129,15.829572,37.908530000,128.182080000,37.908530000,128.182080000,37.908512000,128.182240000,37.908500783,128.182236020,37.908436000,128.182240000,37.908457697,128.182061881,37.908543000,128.181950000,37.908558975,128.181926383,37.908615000,128.181950000,37.908601608,128.182098572
121,121,826609437492,24.211,0.609750,37.915530000,128.172560000,1354.000000,252.495904,208.967023,-43.528881,-17.239441,0.009841,1.331526,18.914569,0.721386,17.856807,9.706072,18.914569,37.908760000,128.182140000,37.908760000,128.182140000,37.908750000,128.182280000,37.908739757,128.182287830,37.908653000,128.182330000,37.908690483,128.182119951,37.908775000,128.181990000,37.908781040,128.181992977,37.908863000,128.181960000,37.908829995,128.182158961
122,122,826609437680,24.399,0.609750,37.915546000,128.172470000,1353.000000,174.277161,189.871815,15.594654,8.948192,0.972138,2.271386,13.096607,3.077595,10.480762,7.231587,13.096607,37.909280000,128.181840000,37.909280000,128.181840000,37.909290000,128.181960000,37.909271728,128.181971509,37.909210000,128.181980000,37.909206732,128.181830943,37.909267000,128.181730000,37.909289082,128.181708916,37.909340000,128.181730000,37.909353508,128.181848096
123,123,826609437884,24.603,0.609750,37.915554000,128.172400000,1353.000000,150.078559,174.797269,24.718711,16.470514,1.095845,2.607736,13.196103,3.334074,10.521278,7.414798,13.196103,37.909393000,128.181810000,37.909393000,128.181810000,37.909412000,128.181920000,37.909391033,128.181933241,37.909336000,128.181950000,37.909320418,128.181801056,37.909378000,128.181720000,37.909394747,128.181688528,37.909447000,128.181700000,37.909466288,128.181817271
124,124,826609438088,24.807,0.609750,37.915558000,128.172320000,1352.000000,150.078559,176.969424,26.890865,17.917859,1.095328,2.636278,13.157688,3.393969,10.486989,7.418731,13.157688,37.909393000,128.181810000,37.909393000,128.181810000,37.909412000,128.181920000,37.909391107,128.181934132,37.909336000,128.181950000,37.909320019,128.181801566,37.909378000,128.181720000,37.909394679,128.181687652,37.909447000,128.181700000,37.909466670,128.181816770
125,125,826609438291,25.010,0.609750,37.915558000,128.172230000,1352.000000,150.078559,179.328397,29.249838,19.489685,1.095104,2.658442,13.115068,3.453739,10.449249,7.419125,13.115068,37.909393000,128.181810000,37.909393000,128.181810000,37.909412000,128.181920000,37.909391290,128.181935071,37.909336000,128.181950000,37.909319574,128.181802134,37.909378000,128.181720000,37.909394515,128.181686711,37.909447000,128.181700000,37.909467093,128.181816215
126,126,826609438479,25.198,0.609750,37.915554000,128.172150000,1351.000000,150.078559,181.402655,31.324096,20.871800,1.094677,2.682651,13.071023,3.509300,10.409892,7.418216,13.071023,37.909393000,128.181810000,37.909393000,128.181810000,37.909412000,128.181920000,37.909391433,128.181935918,37.909336000,128.181950000,37.909319199,128.181802708,37.909378000,128.181720000,37.909394387,128.181685866,37.909447000,128.181700000,37.909467445,128.181815657
127,127,826609438682,25.401,0.609750,37.915546000,128.172060000,1351.000000,150.078559,183.665642,33.587083,22.379668,1.094563,2.700759,13.022760,3.565103,10.367105,7.413932,13.022760,37.909393000,128.181810000,37.909393000,128.181810000,37.909412000,128.181920000,37.909391686,128.181936812,37.909336000,128.181950000,37.909318778,128.181803342,37.909378000,128.181720000,37.909394162,128.181684957,37.909447000,128.181700000,37.909467838,128.181815044
128,128,826609438887,25.606,0.609750,37.915540000,128.171980000,1350.000000,150.078559,185.763855,35.685296,23.777744,1.094129,2.727823,12.977084,3.622100,10.326509,7.413379,12.977084,37.909393000,128.181810000,37.909393000,128.181810000,37.909412000,128.181920000,37.909391844,128.181937663,37.909336000,128.181950000,37.909318407,128.181803939,37.909378000,128.181720000,37.909394021,128.181684105,37.909447000,128.181700000,37.909468184,128.181814468
129,129,826609439090,25.809,0.609750,37.915524000,128.171900000,1350.000000,150.078559,187.652161,37.573602,25.035956,1.094173,2.737807,12.927834,3.666669,10.282736,7.403762,12.927834,37.909393000,128.181810000,37.909393000,128.181810000,37.909412000,128.181920000,37.909392149,128.181938403,37.909336000,128.181950000,37.909318063,128.181804573,37.909378000,128.181720000,37.909393751,128.181683335,37.909447000,128.181700000,37.909468498,128.181813862
130,130,826609439278,25.997,0.609750,37.915510000,128.171830000,1350.000000,150.078559,189.327185,39.248626,26.152054,1.094207,2.748451,12.884625,3.706963,10.244449,7.396122,12.884625,37.909393000,128.181810000,37.909393000,128.181810000,37.909412000,128.181920000,37.909392416,128.181939055,37.909336000,128.181950000,37.909317761,128.181805132,37.909378000,128.181720000,37.909393516,128.181682655,37.909447000,128.181700000,37.909468773,128.181813329
131,131,826609439485,26.204,0.609750,37.915490000,128.171750000,1349.000000,115.462799,123.897370,8.434571,7.305012,1.027972,3.743226,5.648160,5.992239,5.409835,5.198365,5.992239,37.912457000,128.179000000,37.912457000,128.179000000,37.912437000,128.179100000,37.912470541,128.179096966,37.912415000,128.178960000,37.912395048,128.179019130,37.912483000,128.178860000,37.912443035,128.178905708,37.912500000,128.179030000,37.912521155,128.178974545
132,132,826609439688,26.407,0.609750,37.915462000,128.171680000,1349.000000,164.248036,145.872518,-18.375518,-11.187664,0.478568,6.206037,6.824034,7.838553,6.652604,6.880307,7.838553,37.912674000,128.178390000,37.912674000,128.178390000,37.912640000,128.178540000,37.912682064,128.178493625,37.912630000,128.178360000,37.912605759,128.178431367,37.912720000,128.178220000,37.912668902,128.178281409,37.912720000,128.178420000,37.912741279,128.178349216
133,133,826609439890,26.609,0.609750,37.915410000,128.171520000,1348.000000,106.467515,79.108943,-27.358572,-25.696638,0.289779,2.762474,9.607285,2.346355,9.923774,6.159972,9.923774,37.912956000,128.177750000,37.912956000,128.177750000,37.912990000,128.177800000,37.912974095,128.177824145,37.912930000,128.177870000,37.912902318,128.177766389,37.912918000,128.177700000,37.912935012,128.177684226,37.912975000,128.177630000,37.913009051,128.177734427
134,134,826609440093,26.812,0.609750,37.915375000,128.171450000,1348.000000,50.447346,57.321689,6.874342,13.626767,0.733204,2.579019,7.406976,1.269035,8.621712,4.969185,8.621712,37.913060000,128.177370000,37.913060000,128.177370000,37.913094000,128.177410000,37.913080894,128.177434215,37.913055000,128.177440000,37.913011796,128.177375859,37.913030000,128.177320000,37.913037919,128.177309605,37.913063000,128.177290000,37.913104793,128.177372650
135,135,826609440281,27.000,0.609750,37.915340000,128.171390000,1347.000000,53.184750,60.160551,6.975801,13.116167,0.292912,1.897156,3.513628,2.100964,2.694439,2.551547,3.513628,37.913128000,128.176940000,37.913128000,128.176940000,37.913128000,128.177020000,37.913143994,128.177012541,37.913094000,128.176900000,37.913084123,128.176937998,37.913128000,128.176860000,37.913111150,128.176870775,37.913162000,128.176970000,37.913171859,128.176941981
136,136,826609440487,27.206,0.609750,37.915300000,128.171330000,1347.000000,55.971069,49.097650,-6.873419,-12.280306,0.867357,3.605595,1.596497,2.088121,2.402516,2.423182,3.605595,37.913147000,128.176530000,37.913147000,128.176530000,37.913143000,128.176620000,37.913165801,128.176590842,37.913110000,128.176510000,37.913104492,128.176526784,37.913147000,128.176470000,37.913128243,128.176469814,37.913185000,128.176560000,37.913189485,128.176533241
137,137,826609440704,27.423,0.609750,37.915257000,128.171260000,1347.000000,38.617593,50.035200,11.417607,29.565817,0.313081,1.656823,2.351173,1.549926,1.716587,1.818627,2.351173,37.913147000,128.176250000,37.913147000,128.176250000,37.913150000,128.176320000,37.913163848,128.176313088,37.913110000,128.176220000,37.913105306,128.176246102,37.913140000,128.176200000,37.913130383,128.176187239,37.913180000,128.176270000,37.913188704,128.176253866
138,138,826609440879,27.598,0.609750,37.915215000,128.171200000,1346.000000,40.524046,52.624574,12.100528,29.860117,0.080604,1.667369,0.409569,0.982788,1.283969,1.085924,1.667369,37.913120000,128.176040000,37.913120000,128.176040000,37.913130000,128.176090000,37.913133558,128.176108442,37.913080000,128.176030000,37.913079399,128.176034601,37.913113000,128.175980000,37.913106590,128.175972305,37.913160000,128.176060000,37.913160617,128.176045401
139,139,826609441082,27.801,0.609750,37.915165000,128.171140000,1346.000000,65.356679,43.834805,-21.521874,-32.929877,1.081071,4.119385,0.466575,2.340339,2.046841,2.243285,4.119385,37.913070000,128.175670000,37.913070000,128.175670000,37.913067000,128.175770000,37.913085293,128.175729227,37.913033000,128.175660000,37.913030254,128.175664013,37.913074000,128.175600000,37.913054886,128.175611097,37.913110000,128.175700000,37.913109430,128.175676705
140,140,826609441286,28.005,0.609750,37.915120000,128.171100000,1345.000000,40.621859,37.913561,-2.708298,-6.667095,0.627466,2.000307,0.670218,0.777988,1.290592,1.184776,2.000307,37.913036000,128.175430000,37.913036000,128.175430000,37.913044000,128.175500000,37.913053916,128.175481006,37.913000000,128.175420000,37.912995795,128.175425461,37.913025000,128.175380000,37.913018023,128.175379490,37.913074000,128.175450000,37.913075736,128.175435471
141,141,826609441490,28.209,0.609750,37.915062000,128.171040000,1345.000000,28.596667,37.803471,9.206803,32.195372,0.447173,0.915226,1.356042,0.247150,0.586800,0.776304,1.356042,37.912903000,128.175220000,37.912903000,128.175220000,37.912918000,128.175260000,37.912920205,128.175270039,37.912865000,128.175200000,37.912862522,128.175215117,37.912888000,128.175170000,37.912885790,128.175170269,37.912940000,128.175230000,37.912943411,128.175224906
142,142,826609441693,28.412,0.609750,37.915012000,128.171000000,1345.000000,35.684780,36.874067,1.189287,3.332758,0.527377,0.189347,0.619750,0.375292,1.302913,0.621826,1.302913,37.912800000,128.175080000,37.912800000,128.175080000,37.912815000,128.175130000,37.912816665,128.175129559,37.912758000,128.175080000,37.912760068,128.175073448,37.912780000,128.175030000,37.912783323,128.175030722,37.912838000,128.175100000,37.912840452,128.175085494
143,143,826609441880,28.599,0.609750,37.914950000,128.170960000,1344.000000,29.623310,38.446647,8.823338,29.785118,0.648865,0.378474,0.867101,1.251057,0.942293,0.859731,1.251057,37.912666000,128.174940000,37.912666000,128.174940000,37.912680000,128.174990000,37.912679067,128.174994144,37.912630000,128.174940000,37.912627284,128.174930747,37.912650000,128.174900000,37.912652942,128.174886252,37.912704000,128.174960000,37.912704674,128.174949305
144,144,826609442086,28.805,0.609750,37.914898000,128.170910000,1344.000000,33.827356,36.854347,3.026990,8.948350,0.384919,0.869625,0.600894,0.527773,0.951413,0.737426,0.951413,37.912495000,128.174790000,37.912495000,128.174790000,37.912514000,128.174840000,37.912506806,128.174843860,37.912457000,128.174770000,37.912458233,128.174776661,37.912480000,128.174740000,37.912483526,128.174735983,37.912533000,128.174790000,37.912533335,128.174800825
145,145,826609442290,29.009,0.609750,37.914840000,128.170880000,1344.000000,31.236593,36.411641,5.175049,16.567263,0.203871,0.835636,0.506469,1.792308,1.285924,1.105084,1.792308,37.912354000,128.174680000,37.912354000,128.174680000,37.912370000,128.174730000,37.912363737,128.174735245,37.912315000,128.174670000,37.912317794,128.174665448,37.912334000,128.174640000,37.912344605,128.174624644,37.912390000,128.174680000,37.912390190,128.174694640
146,146,826609442479,29.198,0.609750,37.914776000,128.170850000,1343.000000,33.436433,36.143898,2.707465,8.097349,0.206701,1.191525,1.286159,1.587491,1.308087,1.343316,1.587491,37.912178000,128.174590000,37.912178000,128.174590000,37.912197000,128.174640000,37.912186906,128.174644513,37.912140000,128.174590000,37.912141447,128.174575471,37.912160000,128.174550000,37.912169000,128.174535979,37.912216000,128.174590000,37.912214404,128.174604756
147,147,826609442682,29.401,0.609750,37.914720000,128.170840000,1343.000000,33.876459,35.125177,1.248718,3.686094,0.328136,2.085422,1.292762,1.205976,1.362726,1.486722,2.085422,37.912020000,128.174550000,37.912020000,128.174550000,37.912045000,128.174590000,37.912029227,128.174602811,37.911983000,128.174550000,37.911983145,128.174535282,37.912000000,128.174500000,37.912010669,128.174497614,37.912060000,128.174550000,37.912056681,128.174564935
148,148,826609442885,29.604,0.609750,37.914650000,128.170800000,1343.000000,32.996615,36.834068,3.837454,11.629841,0.221683,1.791209,1.114995,1.481765,1.091885,1.369963,1.791209,37.911877000,128.174550000,37.911877000,128.174550000,37.911900000,128.174590000,37.911886840,128.174601736,37.911840000,128.174550000,37.911838178,128.174537516,37.911854000,128.174500000,37.911867250,128.174498384,37.911915000,128.174550000,37.911915799,128.174562391
149,149,826609443090,29.809,0.609750,37.914590000,128.170790000,1342.000000,29.721474,37.606812,7.885338,26.530777,0.451114,2.601879,1.232908,2.113513,1.204960,1.788315,2.601879,37.911682000,128.174530000,37.911682000,128.174530000,37.911705000,128.174560000,37.911690226,128.174582956,37.911644000,128.174530000,37.911643564,128.174515973,37.911655000,128.174480000,37.911673857,128.174477201,37.911720000,128.174530000,37.911720599,128.174543699
150,150,826609443316,30.035,0.609750,37.914530000,128.170780000,1342.000000,46.928799,41.386693,-5.542106,-11.809604,0.558332,1.991937,3.274453,2.967607,2.225592,2.614897,3.274453,37.911438000,128.174600000,37.911438000,128.174600000,37.911460000,128.174650000,37.911442948,128.174656874,37.911390000,128.174620000,37.911399493,128.174584712,37.911410000,128.174560000,37.911433187,128.174543326,37.911480000,128.174590000,37.911476657,128.174614984
151,151,826609443480,30.199,0.609750,37.914460000,128.170780000,1342.000000,96.253251,57.965850,-38.287401,-39.777774,0.720169,8.655130,1.928277,8.111764,3.809206,5.626094,8.655130,37.911186000,128.174790000,37.911186000,128.174790000,37.911106000,128.174850000,37.911183535,128.174857337,37.911150000,128.174760000,37.911142150,128.174779571,37.911260000,128.174740000,37.911188301,128.174723517,37.911217000,128.174840000,37.911230035,128.174799899
152,152,826609443687,30.406,3.183337,37.914400000,128.170780000,1342.000000,868.565384,940.439627,71.874243,8.275053,0.300090,33.081634,12.791848,33.111313,12.348994,22.833447,33.111313,37.912155000,128.174410000,37.912155000,128.174410000,37.911970000,128.174470000,37.912214134,128.174684777,37.912010000,128.174220000,37.911964007,128.174353475,37.912346000,128.174350000,37.912097886,128.174142067,37.912300000,128.174600000,37.912343605,128.174470711
153,153,826609443891,30.610,4.097963,37.914337000,128.170780000,1341.000000,1532.008874,1573.402778,41.393905,2.701936,2.004791,38.609974,16.495677,36.658493,19.793293,27.889359,38.609974,37.912440000,128.173570000,37.912440000,128.173570000,37.912186000,128.173700000,37.912474812,128.173943432,37.912296000,128.173320000,37.912221238,128.173482166,37.912666000,128.173480000,37.912417145,128.173206632,37.912586000,128.173840000,37.912670575,128.173641757
154,154,826609444079,30.798,4.097963,37.914337000,128.170780000,1341.000000,1532.008874,1573.402778,41.393905,2.701936,2.004791,38.609974,16.495677,36.658493,19.793293,27.889359,38.609974,37.912440000,128.173570000,37.912440000,128.173570000,37.912186000,128.173700000,37.912474812,128.173943432,37.912296000,128.173320000,37.912221238,128.173482166,37.912666000,128.173480000,37.912417145,128.173206632,37.912586000,128.173840000,37.912670575,128.173641757
155,155,826609444282,31.001,4.097963,37.914270000,128.170780000,1341.000000,1261.043556,1147.268162,-113.775394,-9.022321,1.599885,34.054077,10.456833,31.407194,11.623655,21.885440,34.054077,37.912678000,128.172780000,37.912678000,128.172780000,37.912434000,128.172930000,37.912709913,128.173097459,37.912520000,128.172580000,37.912476215,128.172685338,37.912876000,128.172680000,37.912639895,128.172484233,37.912827000,128.172990000,37.912880769,128.172876547
156,156,826609444485,31.204,4.097963,37.914207000,128.170790000,1341.000000,1125.782310,1030.798669,-94.983641,-8.437123,1.083399,26.850245,5.340362,27.837147,6.781094,16.702212,27.837147,37.912746000,128.172180000,37.912746000,128.172180000,37.912560000,128.172290000,37.912746906,128.172483243,37.912605000,128.172000000,37.912575939,128.172048380,37.912970000,128.172040000,37.912751920,128.171884897,37.912903000,128.172380000,37.912926178,128.172308596
157,157,826609444689,31.408,4.097963,37.914078000,128.170820000,1340.000000,833.752502,802.949539,-30.802963,-3.694497,0.256086,17.974323,5.054454,17.346153,5.565710,11.485160,17.974323,37.912834000,128.171300000,37.912834000,128.171300000,37.912655000,128.171430000,37.912784154,128.171552828,37.912678000,128.171170000,37.912701627,128.171120854,37.913002000,128.171170000,37.912876889,128.171052264,37.912987000,128.171430000,37.912962295,128.171485096
158,158,826609444892,31.611,4.097963,37.914078000,128.170820000,1340.000000,833.752502,802.949539,-30.802963,-3.694497,0.256086,17.974323,5.054454,17.346153,5.565710,11.485160,17.974323,37.912834000,128.171300000,37.912834000,128.171300000,37.912655000,128.171430000,37.912784154,128.171552828,37.912678000,128.171170000,37.912701627,128.171120854,37.913002000,128.171170000,37.912876889,128.171052264,37.912987000,128.171430000,37.912962295,128.171485096
159,159,826609445080,31.799,4.097963,37.914020000,128.170840000,1340.000000,811.266676,802.861550,-8.405126,-1.036050,0.575045,16.286156,5.913346,16.389248,7.509941,11.524673,16.389248,37.912792000,128.171310000,37.912792000,128.171310000,37.912624000,128.171450000,37.912740411,128.171562319,37.912632000,128.171190000,37.912658693,128.171131787,37.912956000,128.171170000,37.912835043,128.171063610,37.912952000,128.171420000,37.912919162,128.171494696
160,160,826609445285,32.004,4.097963,37.913956000,128.170870000,1340.000000,841.183669,803.746704,-37.436964,-4.450510,0.440102,14.543181,6.700210,15.530602,7.594825,11.092204,15.530602,37.912754000,128.171340000,37.912754000,128.171340000,37.912594000,128.171500000,37.912702338,128.171592542,37.912590000,128.171230000,37.912619763,128.171163690,37.912914000,128.171190000,37.912796803,128.171094063,37.912918000,128.171450000,37.912881506,128.171523065
161,161,826609445489,32.208,4.097963,37.913900000,128.170900000,1339.000000,795.331401,799.460078,4.128677,0.519114,1.004110,14.578118,7.349466,14.813822,9.338942,11.520087,14.813822,37.912730000,128.171360000,37.912730000,128.171360000,37.912575000,128.171510000,37.912678547,128.171611621,37.912567000,128.171260000,37.912596115,128.171184894,37.912888000,128.171200000,37.912773036,128.171115046,37.912900000,128.171450000,37.912857562,128.171541726
162,162,826609445678,32.397,2.870222,37.913845000,128.170940000,1339.000000,405.045351,414.186945,9.141594,2.256931,0.309745,12.305090,4.777403,13.230212,3.178748,8.372863,13.230212,37.913044000,128.171630000,37.913044000,128.171630000,37.912952000,128.171750000,37.913048508,128.171818315,37.912910000,128.171590000,37.912929034,128.171541246,37.913147000,128.171510000,37.913039492,128.171445778,37.913174000,128.171690000,37.913160853,128.171722130
163,163,826609445880,32.599,0.609750,37.913784000,128.170990000,1339.000000,22.192611,23.837471,1.644860,7.411746,0.223428,0.847883,0.204643,0.215358,0.210429,0.369578,0.847883,37.914090000,128.172070000,37.914090000,128.172070000,37.914124000,128.172070000,37.914123258,128.172079608,37.914070000,128.172100000,37.914068197,128.172100453,37.914055000,128.172060000,37.914056909,128.172060397,37.914110000,128.172040000,37.914111864,128.172039598
164,164,826609446083,32.802,0.609750,37.913730000,128.171020000,1339.000000,36.367954,34.997086,-1.370868,-3.769439,0.880685,2.810266,1.711256,1.027241,2.221948,1.942678,2.810266,37.915210000,128.172500000,37.915210000,128.172500000,37.915253000,128.172520000,37.915249878,128.172488246,37.915190000,128.172550000,37.915205135,128.172546588,37.915170000,128.172500000,37.915170507,128.172511679,37.915230000,128.172470000,37.915214860,128.172453512
165,165,826609446288,33.007,0.609750,37.913680000,128.171070000,1339.000000,36.954371,37.555975,0.601605,1.627966,0.209245,1.117594,1.307482,1.052042,0.962708,1.109957,1.307482,37.915535000,128.173160000,37.915535000,128.173160000,37.915577000,128.173160000,37.915574800,128.173147584,37.915520000,128.173200000,37.915528653,128.173210067,37.915493000,128.173160000,37.915494855,128.173171746,37.915550000,128.173110000,37.915541352,128.173110124
166,166,826609446492,33.211,0.609750,37.913628000,128.171130000,1338.000000,43.992859,50.581009,6.588150,14.975498,0.190276,0.969072,1.221447,0.992442,1.999373,1.295584,1.999373,37.916270000,128.174450000,37.916270000,128.174450000,37.916320000,128.174450000,37.916315757,128.174440365,37.916256000,128.174500000,37.916263960,128.174509573,37.916220000,128.174450000,37.916224562,128.174459709,37.916290000,128.174410000,37.916277930,128.174393141
167,167,826609446680,33.399,0.609750,37.913580000,128.171170000,1338.000000,63.349378,53.985856,-9.363522,-14.780764,0.152899,1.789307,0.471447,1.466856,0.736996,1.116151,1.789307,37.916664000,128.174990000,37.916664000,128.174990000,37.916718000,128.174990000,37.916707844,128.174974208,37.916656000,128.175050000,37.916658894,128.175053919,37.916610000,128.174990000,37.916618156,128.175003119,37.916676000,128.174930000,37.916669736,128.174927282
168,168,826609446884,33.603,0.609750,37.913540000,128.171230000,1338.000000,64.522548,54.230895,-10.291652,-15.950474,0.163003,1.787977,0.275540,1.467280,0.347275,0.969518,1.787977,37.916626000,128.174970000,37.916626000,128.174970000,37.916683000,128.174970000,37.916671429,128.174955880,37.916620000,128.175030000,37.916620805,128.175032967,37.916573000,128.174970000,37.916580471,128.174983765,37.916634000,128.174910000,37.916631445,128.174907731
169,169,826609447088,33.807,0.609750,37.913498000,128.171300000,1338.000000,62.176273,54.097044,-8.079229,-12.994072,0.264201,1.076931,0.267785,1.552993,0.422246,0.829989,1.552993,37.916626000,128.174970000,37.916626000,128.174970000,37.916680000,128.174960000,37.916671191,128.174954930,37.916622000,128.175030000,37.916621591,128.175033005,37.916573000,128.174970000,37.916580715,128.174984733,37.916634000,128.174910000,37.916630673,128.174907692
170,170,826609447291,34.010,0.609750,37.913452000,128.171360000,1338.000000,60.807613,54.085361,-6.722252,-11.054952,0.314845,1.131398,0.487923,1.479453,0.210646,0.827355,1.479453,37.916626000,128.174970000,37.916626000,128.174970000,37.916680000,128.174960000,37.916670995,128.174954027,37.916626000,128.175030000,37.916622359,128.175033094,37.916576000,128.174970000,37.916580918,128.174985651,37.916630000,128.174910000,37.916629918,128.174907604
171,171,826609447480,34.199,0.609750,37.913418000,128.171420000,1338.000000,66.086731,53.975712,-12.111018,-18.325945,0.555023,1.185906,0.823397,1.554284,0.671937,1.058881,1.554284,37.916626000,128.174970000,37.916626000,128.174970000,37.916680000,128.174960000,37.916670779,128.174953238,37.916630000,128.175030000,37.916623019,128.175033100,37.916576000,128.174970000,37.916581142,128.174986455,37.916630000,128.174900000,37.916629269,128.174907595
172,172,826609447709,34.428,0.609750,37.913376000,128.171500000,1339.000000,56.603837,53.426448,-3.177389,-5.613381,0.200024,0.615581,0.392294,0.806059,0.516493,0.582607,0.806059,37.916670000,128.174990000,37.916670000,128.174990000,37.916718000,128.174970000,37.916712475,128.174969699,37.916670000,128.175050000,37.916668845,128.175054220,37.916622000,128.175000000,37.916625527,128.175008016,37.916668000,128.174930000,37.916672039,128.174927106
173,173,826609447888,34.607,0.609750,37.913310000,128.171630000,1339.000000,57.483690,53.074856,-4.408834,-7.669713,0.245327,0.694694,0.742052,0.962790,0.391134,0.697668,0.962790,37.916670000,128.174990000,37.916670000,128.174990000,37.916718000,128.174970000,37.916711928,128.174968175,37.916676000,128.175050000,37.916670141,128.175054029,37.916622000,128.175000000,37.916626077,128.175009668,37.916668000,128.174930000,37.916670765,128.174927251
174,174,826609448091,34.810,0.609750,37.913280000,128.171700000,1340.000000,55.528462,52.934972,-2.593490,-4.670560,0.490771,0.958305,0.676342,0.925823,0.334728,0.723800,0.958305,37.916670000,128.174990000,37.916670000,128.174990000,37.916718000,128.174960000,37.916711659,128.174967380,37.916676000,128.175050000,37.916670779,128.175053939,37.916626000,128.175000000,37.916626354,128.175010533,37.916668000,128.174930000,37.916670135,128.174927316
175,175,826609448279,34.998,0.609750,37.913258000,128.171750000,1340.000000,56.603800,51.845337,-4.758464,-8.406615,0.706586,0.685626,0.398973,0.835320,1.002925,0.730711,1.002925,37.916718000,128.175000000,37.916718000,128.175000000,37.916756000,128.174970000,37.916759441,128.174976475,37.916718000,128.175060000,37.916719588,128.175064073,37.916670000,128.175020000,37.916676902,128.175023732,37.916710000,128.174930000,37.916717135,128.174936974
176,176,826609448483,35.202,0.609750,37.913258000,128.171750000,1340.000000,58.070278,53.060651,-5.009627,-8.626835,0.259185,1.091712,0.858211,0.716860,0.888819,0.888900,1.091712,37.916645000,128.174970000,37.916645000,128.174970000,37.916690000,128.174960000,37.916687499,128.174947980,37.916653000,128.175030000,37.916645718,128.175033207,37.916595000,128.174990000,37.916601409,128.174990800,37.916637000,128.174910000,37.916644756,128.174907595
177,177,826609448687,35.406,0.609750,37.913216000,128.171880000,1341.000000,62.860600,52.915980,-9.944620,-15.820116,0.438470,0.430247,1.134199,0.762598,0.764872,0.772979,1.134199,37.916630000,128.174960000,37.916630000,128.174960000,37.916676000,128.174940000,37.916672731,128.174937386,37.916640000,128.175030000,37.916631601,128.175022689,37.916584000,128.174990000,37.916587041,128.174982219,37.916622000,128.174900000,37.916628666,128.174897890
178,178,826609448891,35.610,0.609750,37.913193000,128.171950000,1341.000000,63.349407,52.724510,-10.624897,-16.771896,0.434721,0.496525,1.082822,0.721047,0.910371,0.802691,1.082822,37.916630000,128.174960000,37.916630000,128.174960000,37.916676000,128.174940000,37.916672414,128.174936637,37.916640000,128.175030000,37.916632247,128.175022554,37.916584000,128.174990000,37.916587373,128.174982990,37.916620000,128.174900000,37.916628027,128.174898018
179,179,826609449089,35.808,0.609750,37.913170000,128.172030000,1342.000000,62.567287,52.281933,-10.285354,-16.438868,0.863839,0.408869,0.966434,1.230972,2.006029,1.153076,2.006029,37.916664000,128.174990000,37.916664000,128.174990000,37.916706000,128.174960000,37.916704357,128.174964164,37.916676000,128.175050000,37.916667717,128.175053296,37.916622000,128.175000000,37.916621665,128.175014010,37.916650000,128.174910000,37.916661239,128.174927855
180,180,826609449290,36.009,0.609750,37.913150000,128.172100000,1343.000000,63.935946,52.136342,-11.799604,-18.455352,0.867556,0.372864,0.901110,1.317097,1.971978,1.140762,1.971978,37.916664000,128.174990000,37.916664000,128.174990000,37.916706000,128.174960000,37.916704052,128.174963454,37.916676000,128.175050000,37.916668293,128.175053136,37.916620000,128.175000000,37.916621985,128.175014785,37.916650000,128.174910000,37.916660632,128.174927961
181,181,826609449485,36.204,0.609750,37.913130000,128.172180000,1343.000000,53.377697,50.924414,-2.453284,-4.596084,0.219564,0.445242,0.823806,0.442141,0.674341,0.596382,0.823806,37.916690000,128.174990000,37.916690000,128.174990000,37.916733000,128.174960000,37.916729461,128.174962362,37.916702000,128.175050000,37.916694937,128.175052800,37.916653000,128.175020000,37.916649832,128.175016963,37.916680000,128.174930000,37.916685884,128.174928173
182,182,826609449689,36.408,0.609750,37.913113000,128.172260000,1344.000000,66.282216,51.166031,-15.116185,-22.805793,0.468057,0.365486,1.907375,0.315204,1.143550,0.932904,1.907375,37.916668000,128.174970000,37.916668000,128.174970000,37.916710000,128.174940000,37.916706974,128.174941615,37.916683000,128.175050000,37.916673209,128.175032176,37.916626000,128.175000000,37.916626818,128.174996564,37.916653000,128.174910000,37.916663200,128.174908449
183,183,826609449893,36.612,0.609750,37.913097000,128.172330000,1345.000000,52.791126,50.399258,-2.391868,-4.530814,0.151954,0.115224,0.581194,0.111545,1.083181,0.472786,1.083181,37.916695000,128.174990000,37.916695000,128.174990000,37.916733000,128.174960000,37.916733754,128.174960898,37.916706000,128.175050000,37.916701135,128.175052401,37.916656000,128.175020000,37.916655896,128.175018737,37.916680000,128.174930000,37.916689658,128.174928498
184,184,826609450083,36.802,0.609750,37.913082000,128.172420000,1346.000000,53.964262,50.131775,-3.832487,-7.101899,0.042921,0.036062,0.930491,0.055105,1.006059,0.506930,1.006059,37.916695000,128.174990000,37.916695000,128.174990000,37.916733000,128.174960000,37.916733316,128.174960089,37.916710000,128.175050000,37.916701810,128.175052121,37.916656000,128.175020000,37.916656371,128.175019584,37.916680000,128.174930000,37.916688984,128.174928750
185,185,826609450287,37.006,0.609750,37.913067000,128.172490000,1347.000000,57.190437,51.574666,-5.615771,-9.819424,0.133077,0.097736,1.468163,0.117084,0.944096,0.656770,1.468163,37.916630000,128.174960000,37.916630000,128.174960000,37.916670000,128.174930000,37.916669941,128.174931110,37.916650000,128.175020000,37.916636858,128.175021403,37.916590000,128.174990000,37.916589974,128.174988667,37.916615000,128.174900000,37.916623452,128.174899109
186,186,826609450490,37.209,0.609750,37.913055000,128.172560000,1348.000000,54.550826,49.678844,-4.871983,-8.931089,0.673282,1.725241,0.276051,0.289902,1.431550,0.930686,1.725241,37.916700000,128.174990000,37.916700000,128.174990000,37.916733000,128.174940000,37.916737623,128.174958751,37.916710000,128.175050000,37.916707925,128.175051721,37.916660000,128.175020000,37.916662429,128.175021189,37.916680000,128.174930000,37.916692840,128.174929085
187,187,826609450693,37.412,0.609750,37.913040000,128.172650000,1349.000000,58.656818,49.822716,-8.834103,-15.060658,0.595901,0.384393,0.748637,1.673386,1.809436,1.153963,1.809436,37.916680000,128.174970000,37.916680000,128.174970000,37.916714000,128.174940000,37.916717041,128.174937927,37.916695000,128.175030000,37.916688330,128.175031091,37.916640000,128.175020000,37.916641522,128.175001043,37.916656000,128.174910000,37.916672251,128.174909561
188,188,826609450881,37.600,0.609750,37.913030000,128.172730000,1350.000000,57.874735,50.018859,-7.855877,-13.573931,0.460567,0.247437,1.242544,1.663329,1.274958,1.107067,1.663329,37.916670000,128.174970000,37.916670000,128.174970000,37.916706000,128.174940000,37.916706650,128.174937306,37.916690000,128.175030000,37.916678856,128.175030796,37.916634000,128.175020000,37.916631370,128.175001356,37.916650000,128.174910000,37.916661450,128.174909673
189,189,826609451086,37.805,0.609750,37.913013000,128.172800000,1351.000000,63.740453,51.050557,-12.689896,-19.908701,0.452350,1.597939,1.507465,0.238674,1.208764,1.138210,1.597939,37.916630000,128.174960000,37.916630000,128.174960000,37.916670000,128.174910000,37.916668374,128.174928078,37.916653000,128.175020000,37.916639465,128.175020558,37.916590000,128.174990000,37.916591627,128.174991770,37.916610000,128.174900000,37.916620858,128.174899917
190,190,826609451289,38.008,0.609750,37.913002000,128.172880000,1352.000000,58.559076,50.550098,-8.008978,-13.676749,0.304597,0.625471,1.496810,0.500649,1.344322,0.991813,1.496810,37.916656000,128.174970000,37.916656000,128.174970000,37.916695000,128.174930000,37.916692496,128.174936376,37.916680000,128.175030000,37.916666563,128.175030635,37.916622000,128.175000000,37.916618016,128.175002644,37.916634000,128.174910000,37.916646076,128.174910014
191,191,826609451478,38.197,0.609750,37.912990000,128.172960000,1353.000000,53.671025,50.564744,-3.106281,-5.787631,0.908592,0.323058,1.705969,1.473896,2.006142,1.377266,2.006142,37.916630000,128.174940000,37.916630000,128.174940000,37.916668000,128.174910000,37.916667392,128.174906403,37.916656000,128.175000000,37.916640676,128.174999804,37.916595000,128.174990000,37.916592664,128.174973480,37.916610000,128.174900000,37.916619377,128.174880492
192,192,826609451682,38.401,0.609750,37.912975000,128.173030000,1354.000000,54.844162,50.534812,-4.309350,-7.857446,0.889154,0.392806,1.636226,1.405060,2.141763,1.393964,2.141763,37.916630000,128.174940000,37.916630000,128.174940000,37.916668000,128.174910000,37.916667014,128.174905705,37.916656000,128.175000000,37.916641305,128.174999605,37.916595000,128.174990000,37.916593064,128.174974190,37.916607000,128.174900000,37.916618751,128.174880689
193,193,826609451885,38.604,0.609750,37.912964000,128.173110000,1356.000000,61.980747,50.519122,-11.461625,-18.492234,0.464196,0.473529,1.561365,1.328347,1.235551,1.149698,1.561365,37.916630000,128.174940000,37.916630000,128.174940000,37.916668000,128.174910000,37.916666590,128.174904913,37.916656000,128.175000000,37.916641982,128.174999393,37.916595000,128.174990000,37.916593508,128.174974993,37.916607000,128.174880000,37.916618077,128.174880898
194,194,826609452090,38.809,0.609750,37.912952000,128.173200000,1357.000000,55.332967,50.327785,-5.005182,-9.045570,0.904225,0.531899,1.918982,1.260261,2.074746,1.446472,2.074746,37.916634000,128.174940000,37.916634000,128.174940000,37.916670000,128.174910000,37.916669838,128.174903947,37.916664000,128.175000000,37.916646776,128.174999089,37.916600000,128.174990000,37.916598052,128.174975864,37.916610000,128.174900000,37.916621286,128.174881199
195,195,826609452278,38.997,0.609750,37.912952000,128.173200000,1357.000000,55.332967,50.327785,-5.005182,-9.045570,0.904225,0.531899,1.918982,1.260261,2.074746,1.446472,2.074746,37.916634000,128.174940000,37.916634000,128.174940000,37.916670000,128.174910000,37.916669838,128.174903947,37.916664000,128.175000000,37.916646776,128.174999089,37.916600000,128.174990000,37.916598052,128.174975864,37.916610000,128.174900000,37.916621286,128.174881199
196,196,826609452506,39.225,0.609750,37.912926000,128.173360000,1359.000000,62.616196,50.278523,-12.337673,-19.703646,0.287559,0.251349,1.768827,1.239057,1.445984,1.176304,1.768827,37.916630000,128.174940000,37.916630000,128.174940000,37.916664000,128.174900000,37.916665049,128.174902534,37.916660000,128.175000000,37.916644154,128.174998512,37.916600000,128.174990000,37.916595043,128.174977368,37.916603000,128.174880000,37.916615914,128.174881770
197,197,826609452686,39.405,0.609750,37.912926000,128.173360000,1359.000000,62.616196,50.278523,-12.337673,-19.703646,0.287559,0.251349,1.768827,1.239057,1.445984,1.176304,1.768827,37.916630000,128.174940000,37.916630000,128.174940000,37.916664000,128.174900000,37.916665049,128.174902534,37.916660000,128.175000000,37.916644154,128.174998512,37.916600000,128.174990000,37.916595043,128.174977368,37.916603000,128.174880000,37.916615914,128.174881770
198,198,826609452890,39.609,0.609750,37.912914000,128.173430000,1360.000000,62.616196,50.259404,-12.356792,-19.734178,0.287603,0.177202,1.701525,1.164859,1.379987,1.105893,1.701525,37.916630000,128.174940000,37.916630000,128.174940000,37.916664000,128.174900000,37.916664610,128.174901863,37.916660000,128.175000000,37.916644777,128.174998263,37.916600000,128.174990000,37.916595479,128.174978038,37.916603000,128.174880000,37.916615294,128.174882016
199,199,826609453078,39.797,0.609750,37.912903000,128.173510000,1361.000000,64.375902,50.209437,-14.166465,-22.005851,0.370826,0.099239,2.070346,1.081917,1.307495,1.139749,2.070346,37.916630000,128.174940000,37.916630000,128.174940000,37.916664000,128.174900000,37.916664095,128.174901124,37.916664000,128.175000000,37.916645472,128.174997952,37.916600000,128.174990000,37.916595992,128.174978777,37.916603000,128.174880000,37.916614601,128.174882324
200,200,826609453281,40.000,0.609750,37.912888000,128.173580000,1363.000000,62.616196,50.324678,-12.291518,-19.629934,0.441433,0.050512,1.999994,1.178687,1.239415,1.117152,1.999994,37.916630000,128.174940000,37.916630000,128.174940000,37.916664000,128.174900000,37.916663677,128.174900403,37.916664000,128.175000000,37.916646121,128.174997752,37.916603000,128.174990000,37.916596409,128.174979495,37.916603000,128.174880000,37.916613955,128.174882521
201,201,826609453484,40.203,0.609750,37.912876000,128.173660000,1364.000000,58.803500,50.307290,-8.496210,-14.448477,0.190305,0.351756,2.019845,1.091955,1.496160,1.239929,2.019845,37.916630000,128.174940000,37.916630000,128.174940000,37.916660000,128.174900000,37.916663149,128.174899670,37.916664000,128.174990000,37.916646827,128.174997427,37.916603000,128.174990000,37.916596935,128.174980228,37.916600000,128.174880000,37.916613252,128.174882843
202,202,826609453689,40.408,0.609750,37.912860000,128.173750000,1365.000000,53.475492,50.351620,-3.123871,-5.841688,0.668755,1.096181,2.107493,0.853147,1.967512,1.506083,2.107493,37.916645000,128.174960000,37.916645000,128.174960000,37.916670000,128.174910000,37.916677049,128.174918716,37.916676000,128.175000000,37.916662896,128.175017320,37.916620000,128.175000000,37.916612375,128.175000979,37.916610000,128.174900000,37.916627509,128.174903056
203,203,826609453892,40.611,0.609750,37.912850000,128.173810000,1366.000000,54.257583,50.394259,-3.863324,-7.120339,0.663117,1.033612,2.377129,1.035895,1.911668,1.589576,2.377129,37.916645000,128.174960000,37.916645000,128.174960000,37.916670000,128.174910000,37.916676677,128.174918179,37.916680000,128.175000000,37.916663430,128.175017074,37.916622000,128.175000000,37.916612773,128.175001534,37.916610000,128.174900000,37.916626975,128.174903294
204,204,826609454080,40.799,0.609750,37.912834000,128.173890000,1367.000000,65.597920,50.409840,-15.188080,-23.153295,0.471373,1.663824,2.200008,1.164166,1.831757,1.714939,2.200008,37.916630000,128.174940000,37.916630000,128.174940000,37.916656000,128.174880000,37.916661611,128.174897560,37.916668000,128.174990000,37.916648907,128.174996469,37.916607000,128.174990000,37.916598468,128.174982334,37.916595000,128.174880000,37.916611181,128.174883793
205,205,826609454285,41.004,0.609750,37.912820000,128.173980000,1369.000000,66.673292,50.561662,-16.111630,-24.165044,0.497414,1.777967,1.888683,0.742211,2.185099,1.648490,2.185099,37.916634000,128.174940000,37.916634000,128.174940000,37.916656000,128.174880000,37.916665019,128.174896709,37.916670000,128.174990000,37.916653735,128.174996121,37.916607000,128.174990000,37.916603058,128.174983184,37.916595000,128.174880000,37.916614356,128.174884138
206,206,826609454489,41.208,0.609750,37.912807000,128.174060000,1370.000000,65.060228,50.613274,-14.446954,-22.205508,0.465150,1.692495,1.803417,0.891290,2.113071,1.625068,2.113071,37.916634000,128.174940000,37.916634000,128.174940000,37.916656000,128.174880000,37.916664463,128.174896011,37.916670000,128.174990000,37.916654448,128.174995750,37.916610000,128.174990000,37.916603613,128.174983881,37.916595000,128.174880000,37.916613646,128.174884506
207,207,826609454678,41.397,0.609750,37.912790000,128.174130000,1371.000000,69.361731,50.736563,-18.625168,-26.852225,0.485206,1.821750,2.374963,0.815541,2.594409,1.901666,2.594409,37.916634000,128.174940000,37.916634000,128.174940000,37.916653000,128.174880000,37.916663985,128.174895376,37.916676000,128.174990000,37.916655102,128.174995443,37.916610000,128.174990000,37.916604089,128.174984514,37.916590000,128.174880000,37.916612995,128.174884811
208,208,826609454881,41.600,0.609750,37.912773000,128.174210000,1372.000000,66.673292,50.827710,-15.845581,-23.766010,0.440206,1.221119,2.279066,1.726375,2.505163,1.932931,2.505163,37.916634000,128.174930000,37.916634000,128.174930000,37.916653000,128.174880000,37.916663349,128.174884611,37.916676000,128.174990000,37.916655910,128.174985002,37.916615000,128.174990000,37.916604723,128.174975278,37.916590000,128.174880000,37.916612190,128.174875249
209,209,826609455084,41.803,0.609750,37.912760000,128.174290000,1373.000000,62.958358,50.914145,-12.044212,-19.130443,0.060556,1.142352,2.510112,1.640577,2.422241,1.928820,2.510112,37.916634000,128.174930000,37.916634000,128.174930000,37.916653000,128.174880000,37.916662780,128.174883941,37.916676000,128.174970000,37.916656616,128.174984603,37.916615000,128.174990000,37.916605291,128.174975946,37.916590000,128.174880000,37.916611486,128.174875645
210,210,826609455289,42.008,0.609750,37.912743000,128.174360000,1374.000000,62.665073,51.068447,-11.596626,-18.505725,0.050879,1.399377,2.824460,1.975299,2.567352,2.191622,2.824460,37.916634000,128.174930000,37.916634000,128.174930000,37.916650000,128.174880000,37.916662293,128.174883334,37.916680000,128.174970000,37.916657262,128.174984272,37.916620000,128.174990000,37.916605777,128.174976552,37.916588000,128.174880000,37.916610843,128.174875975
211,211,826609455484,42.203,1.093156,37.912727000,128.174440000,1375.000000,160.084190,157.730569,-2.353621,-1.470240,0.523012,2.969065,3.671256,3.309662,5.182969,3.783238,5.182969,37.916700000,128.174930000,37.916700000,128.174930000,37.916720000,128.174840000,37.916746457,128.174844282,37.916767000,128.175000000,37.916741688,128.175026798,37.916680000,128.175030000,37.916652614,128.175015329,37.916622000,128.174870000,37.916658851,128.174833928
212,212,826609455684,42.403,1.499657,37.912710000,128.174510000,1377.000000,342.361116,306.105769,-36.255346,-10.589797,0.563816,5.016506,6.900579,5.945314,5.733987,5.899096,6.900579,37.916504000,128.174960000,37.916504000,128.174960000,37.916530000,128.174820000,37.916571071,128.174843508,37.916615000,128.175050000,37.916562456,128.175091691,37.916485000,128.175100000,37.916435211,128.175075505,37.916397000,128.174850000,37.916445955,128.174829694
213,213,826609455884,42.603,1.499657,37.912690000,128.174590000,1378.000000,301.350453,311.603769,10.253316,3.402456,1.858396,19.410673,5.253147,18.271265,8.667145,12.900558,19.410673,37.916424000,128.174970000,37.916424000,128.174970000,37.916550000,128.175060000,37.916489432,128.174852736,37.916435000,128.175110000,37.916481530,128.175100029,37.916325000,128.174880000,37.916350668,128.175085492,37.916440000,128.174840000,37.916362145,128.174840884
214,214,826609456088,42.807,1.499657,37.912674000,128.174670000,1379.000000,307.216155,312.764880,5.548725,1.806131,1.817852,19.082268,4.598932,16.910815,7.782356,12.093593,19.082268,37.916424000,128.174970000,37.916424000,128.174970000,37.916557000,128.175050000,37.916487953,128.174851120,37.916443000,128.175110000,37.916483391,128.175099000,37.916317000,128.174900000,37.916352278,128.175087296,37.916430000,128.174840000,37.916360108,128.174842001
215,215,826609456291,43.010,1.499657,37.912650000,128.174760000,1380.000000,305.749730,314.494949,8.745220,2.860254,1.764536,19.302541,4.852845,17.129886,7.824459,12.277433,19.302541,37.916424000,128.174970000,37.916424000,128.174970000,37.916557000,128.175050000,37.916486313,128.174849298,37.916443000,128.175110000,37.916485526,128.175097846,37.916317000,128.174900000,37.916354048,128.175089317,37.916428000,128.174840000,37.916357759,128.174843264
216,216,826609456480,43.199,1.499657,37.912632000,128.174840000,1381.000000,307.216155,315.945883,8.729728,2.841559,1.818417,19.495512,5.074438,17.321735,8.277213,12.542225,19.495512,37.916424000,128.174970000,37.916424000,128.174970000,37.916557000,128.175050000,37.916484840,128.174847728,37.916443000,128.175110000,37.916487376,128.175096784,37.916317000,128.174900000,37.916355650,128.175091058,37.916430000,128.174840000,37.916355727,128.174844430
217,217,826609456683,43.402,4.446784,37.912610000,128.174930000,1382.000000,2960.995908,2738.710360,-222.285548,-7.507121,0.330004,15.867303,18.127742,19.230884,19.695888,18.230454,19.695888,37.916687000,128.174910000,37.916687000,128.174910000,37.916710000,128.174480000,37.916846353,128.174532647,37.917015000,128.175160000,37.916887919,128.175289074,37.916676000,128.175340000,37.916509411,128.175282021,37.916330000,128.174670000,37.916475763,128.174542875
218,218,826609456888,43.607,5.498741,37.912586000,128.175000000,1382.000000,4491.940981,4199.412146,-292.528834,-6.512304,0.816762,16.747324,20.746045,21.698771,21.964759,20.289225,21.964759,37.916650000,128.174930000,37.916650000,128.174930000,37.916702000,128.174400000,37.916844705,128.174460376,37.917046000,128.175250000,37.916900062,128.175396918,37.916620000,128.175450000,37.916430672,128.175391222,37.916220000,128.174620000,37.916384295,128.174481495
219,219,826609457091,43.810,5.498741,37.912563000,128.175080000,1383.000000,4501.323811,4222.922285,-278.401526,-6.184881,0.343519,14.672807,17.661560,18.500933,19.906311,17.685403,19.906311,37.916687000,128.174910000,37.916687000,128.174910000,37.916750000,128.174380000,37.916874854,128.174433553,37.917070000,128.175250000,37.916944489,128.175373019,37.916637000,128.175430000,37.916475786,128.175378804,37.916264000,128.174590000,37.916413560,128.174465746
220,220,826609457279,43.998,5.498741,37.912514000,128.175260000,1385.000000,4517.601077,4268.905456,-248.695620,-5.505037,0.388433,11.434089,14.719545,15.192795,16.732250,14.519670,16.732250,37.916687000,128.174910000,37.916687000,128.174910000,37.916767000,128.174380000,37.916864018,128.174422756,37.917060000,128.175260000,37.916956589,128.175364453,37.916620000,128.175430000,37.916487155,128.175390341,37.916275000,128.174580000,37.916400427,128.174475008
221,221,826609457485,44.204,5.498741,37.912487000,128.175340000,1386.000000,4617.516508,4317.451495,-300.065013,-6.498407,1.249542,8.196905,12.980467,12.915057,14.184769,12.069299,14.184769,37.916634000,128.174910000,37.916634000,128.174910000,37.916740000,128.174380000,37.916806900,128.174418994,37.917010000,128.175280000,37.916911473,128.175359051,37.916550000,128.175430000,37.916437482,128.175394153,37.916237000,128.174580000,37.916338089,128.174481667
222,222,826609457705,44.424,5.498741,37.912487000,128.175340000,1386.000000,4622.890055,4296.177584,-326.712471,-7.067278,0.499297,6.908029,10.194285,10.257560,12.229887,9.897440,12.229887,37.916687000,128.174910000,37.916687000,128.174910000,37.916805000,128.174380000,37.916859395,128.174417861,37.917040000,128.175300000,37.916962032,128.175360887,37.916580000,128.175430000,37.916491963,128.175395512,37.916300000,128.174550000,37.916394488,128.174478949
223,223,826609457879,44.598,5.498741,37.912434000,128.175520000,1388.000000,4668.348895,4353.689031,-314.659863,-6.740282,0.348641,3.937292,7.877526,6.343928,9.626363,6.946277,9.626363,37.916690000,128.174910000,37.916690000,128.174910000,37.916824000,128.174380000,37.916851991,128.174407407,37.917034000,128.175300000,37.916976662,128.175352572,37.916560000,128.175430000,37.916506106,128.175406520,37.916313000,128.174550000,37.916384428,128.174488213
224,224,826609458080,44.799,5.498741,37.912403000,128.175610000,1389.000000,4806.538746,4424.796897,-381.741849,-7.942136,1.409829,2.074787,7.078631,3.872620,5.753934,4.694993,7.078631,37.916626000,128.174910000,37.916626000,128.174910000,37.916786000,128.174380000,37.916783416,128.174403397,37.916980000,128.175310000,37.916923026,128.175345796,37.916480000,128.175420000,37.916446021,128.175410543,37.916264000,128.174530000,37.916308607,128.174496900
225,225,826609458283,45.002,5.498741,37.912403000,128.175610000,1389.000000,4874.727083,4423.551997,-451.175086,-9.255392,0.951288,2.371189,5.623591,2.801107,5.592021,4.096977,5.623591,37.916630000,128.174910000,37.916630000,128.174910000,37.916798000,128.174380000,37.916787294,128.174403342,37.916973000,128.175320000,37.916926824,128.175345972,37.916470000,128.175430000,37.916450000,128.175410644,37.916270000,128.174530000,37.916312803,128.174496670
226,226,826609458487,45.206,5.498741,37.912354000,128.175770000,1390.000000,4901.074055,4486.561327,-414.512727,-8.457590,1.786336,5.261091,3.299291,0.962940,0.917779,2.610275,5.261091,37.916626000,128.174910000,37.916626000,128.174910000,37.916820000,128.174380000,37.916774211,128.174394838,37.916960000,128.175320000,37.916933873,128.175337736,37.916447000,128.175420000,37.916455642,128.175419508,37.916290000,128.174500000,37.916296636,128.174506202
227,227,826609458711,45.430,5.498741,37.912323000,128.175860000,1391.000000,4971.364527,4531.518664,-439.845863,-8.847588,1.635162,7.525368,1.823633,3.527227,1.251225,3.531863,7.525368,37.916626000,128.174900000,37.916626000,128.174900000,37.916836000,128.174380000,37.916768400,128.174379527,37.916950000,128.175340000,37.916940792,128.175322826,37.916430000,128.175420000,37.916461450,128.175415109,37.916300000,128.174500000,37.916288875,128.174502031
228,228,826609458879,45.598,5.498741,37.912296000,128.175950000,1392.000000,5054.410805,4550.392111,-504.018694,-9.971859,1.131092,9.643991,2.308809,6.808832,3.824635,5.646567,9.643991,37.916656000,128.174910000,37.916656000,128.174910000,37.916880000,128.174380000,37.916793446,128.174384708,37.916958000,128.175350000,37.916972371,128.175331044,37.916435000,128.175420000,37.916495608,128.175430437,37.916336000,128.174480000,37.916314792,128.174514263
229,229,826609459083,45.802,5.498741,37.912266000,128.176040000,1393.000000,5048.009492,4614.214283,-433.795209,-8.593391,1.882153,11.992903,2.956975,8.280083,6.173134,7.350774,11.992903,37.916626000,128.174900000,37.916626000,128.174900000,37.916866000,128.174380000,37.916758562,128.174369882,37.916935000,128.175340000,37.916952184,128.175314324,37.916400000,128.175400000,37.916471700,128.175425088,37.916320000,128.174470000,37.916275655,128.174512207
230,230,826609459287,46.006,5.498741,37.912240000,128.176120000,1394.000000,5051.231225,4610.727990,-440.503235,-8.720710,0.646393,12.185508,5.241119,10.789483,5.666842,8.470738,12.185508,37.916690000,128.174900000,37.916690000,128.174900000,37.916927000,128.174380000,37.916818209,128.174364631,37.916977000,128.175350000,37.917014953,128.175314684,37.916447000,128.175400000,37.916540871,128.175430589,37.916378000,128.174470000,37.916339025,128.174511509
231,231,826609459490,46.209,5.498741,37.912212000,128.176210000,1394.000000,5184.093411,4688.147142,-495.946269,-9.566692,1.996621,15.567370,6.579051,12.025308,9.243338,10.853767,15.567370,37.916626000,128.174910000,37.916626000,128.174910000,37.916890000,128.174380000,37.916750311,128.174371666,37.916920000,128.175370000,37.916961607,128.175316796,37.916378000,128.175400000,37.916480446,128.175443438,37.916332000,128.174470000,37.916264512,128.174531318
232,232,826609459679,46.398,5.498741,37.912186000,128.176300000,1395.000000,5253.303936,4689.899964,-563.403972,-10.724755,0.841099,16.976207,9.722460,15.817701,10.877658,13.348506,16.976207,37.916690000,128.174900000,37.916690000,128.174900000,37.916960000,128.174380000,37.916808683,128.174355970,37.916954000,128.175370000,37.917025390,128.175306224,37.916412000,128.175400000,37.916550639,128.175439470,37.916400000,128.174440000,37.916326673,128.174521869
233,233,826609459881,46.600,5.498741,37.912160000,128.176380000,1396.000000,5203.934454,4732.561131,-471.373323,-9.058018,1.257465,18.903874,11.558182,18.112135,13.362463,15.484164,18.903874,37.916690000,128.174900000,37.916690000,128.174900000,37.916973000,128.174380000,37.916804641,128.174351855,37.916946000,128.175380000,37.917030100,128.175302817,37.916400000,128.175380000,37.916554758,128.175443664,37.916420000,128.174440000,37.916321076,128.174526186
234,234,826609460089,46.808,5.498741,37.912132000,128.176470000,1396.000000,5314.698570,4778.106807,-536.591764,-10.096372,1.508104,20.261878,13.114110,20.056573,15.276145,17.177176,20.261878,37.916683000,128.174900000,37.916683000,128.174900000,37.916973000,128.174380000,37.916792738,128.174348053,37.916930000,128.175380000,37.917028503,128.175298092,37.916380000,128.175380000,37.916552064,128.175447738,37.916412000,128.174420000,37.916307206,128.174532306
235,235,826609460279,46.998,5.498741,37.912110000,128.176560000,1397.000000,5338.358198,4834.927070,-503.431128,-9.430449,1.790164,21.564099,13.500813,20.390702,16.736799,18.048103,21.564099,37.916664000,128.174900000,37.916664000,128.174900000,37.916960000,128.174380000,37.916768341,128.174344332,37.916916000,128.175380000,37.917015795,128.175292641,37.916363000,128.175380000,37.916537144,128.175451996,37.916397000,128.174420000,37.916279977,128.174539653
236,236,826609460484,47.203,5.498741,37.912083000,128.176650000,1397.000000,5436.312815,4854.227592,-582.085223,-10.707353,1.573156,21.882177,14.526620,21.504808,17.172900,18.771626,21.882177,37.916695000,128.174900000,37.916695000,128.174900000,37.916992000,128.174360000,37.916796093,128.174339545,37.916940000,128.175380000,37.917049690,128.175290395,37.916386000,128.175400000,37.916574059,128.175456014,37.916430000,128.174420000,37.916309139,128.174541522
237,237,826609460692,47.411,5.498741,37.912083000,128.176650000,1397.000000,5436.312815,4854.227592,-582.085223,-10.707353,1.573156,21.882177,14.526620,21.504808,17.172900,18.771626,21.882177,37.916695000,128.174900000,37.916695000,128.174900000,37.916992000,128.174360000,37.916796093,128.174339545,37.916940000,128.175380000,37.917049690,128.175290395,37.916386000,128.175400000,37.916574059,128.175456014,37.916430000,128.174420000,37.916309139,128.174541522
238,238,826609460889,47.608,5.498741,37.912060000,128.176730000,1398.000000,5511.785996,4916.530784,-595.255213,-10.799679,0.804217,23.166614,15.397885,21.754835,16.894279,19.303403,23.166614,37.916676000,128.174880000,37.916676000,128.174880000,37.916977000,128.174350000,37.916770636,128.174315909,37.916927000,128.175370000,37.917037372,128.175264320,37.916367000,128.175400000,37.916559805,128.175440445,37.916405000,128.174420000,37.916280582,128.174530159
239,239,826609461090,47.809,5.498741,37.912037000,128.176820000,1398.000000,5513.252117,4953.966909,-559.285208,-10.144379,0.556366,23.247413,16.090919,22.449626,17.243039,19.757749,23.247413,37.916680000,128.174880000,37.916680000,128.174880000,37.916977000,128.174350000,37.916770316,128.174312102,37.916930000,128.175370000,37.917045714,128.175260194,37.916370000,128.175400000,37.916568638,128.175444150,37.916405000,128.174420000,37.916279600,128.174535259
240,240,826609461290,48.009,5.498741,37.912014000,128.176910000,1399.000000,5559.932942,5000.305682,-559.627259,-10.065360,0.457757,23.773326,16.518139,22.917222,17.255360,20.116012,23.773326,37.916683000,128.174880000,37.916683000,128.174880000,37.916980000,128.174350000,37.916769041,128.174307886,37.916935000,128.175370000,37.917053274,128.175256416,37.916374000,128.175400000,37.916576314,128.175448287,37.916400000,128.174420000,37.916277314,128.174540088
241,241,826609461494,48.213,5.498741,37.911995000,128.177000000,1399.000000,5681.987073,5029.889975,-652.097098,-11.476568,0.466632,23.809267,17.328215,22.833655,17.795309,20.441612,23.809267,37.916695000,128.174880000,37.916695000,128.174880000,37.916990000,128.174330000,37.916777104,128.174303993,37.916950000,128.175380000,37.917068978,128.175252768,37.916390000,128.175420000,37.916593587,128.175451707,37.916412000,128.174420000,37.916285697,128.174544211
242,242,826609461678,48.397,5.498741,37.911972000,128.177100000,1399.000000,5700.757251,5076.630572,-624.126678,-10.948136,0.373665,23.832782,17.112705,23.096372,17.611460,20.413330,23.832782,37.916695000,128.174880000,37.916695000,128.174880000,37.916985000,128.174330000,37.916772212,128.174300078,37.916954000,128.175370000,37.917073819,128.175247923,37.916393000,128.175420000,37.916598567,128.175455612,37.916400000,128.174420000,37.916279844,128.174550455
243,243,826609461890,48.609,5.498741,37.911957000,128.177190000,1400.000000,5806.877189,5121.152143,-685.725046,-11.808844,0.459918,24.286576,17.215112,23.105511,17.785664,20.598216,24.286576,37.916695000,128.174880000,37.916695000,128.174880000,37.916985000,128.174320000,37.916767630,128.174296332,37.916960000,128.175370000,37.917078232,128.175243645,37.916397000,128.175430000,37.916603264,128.175459360,37.916393000,128.174420000,37.916274594,128.174555973
244,244,826609462090,48.809,5.498741,37.911938000,128.177280000,1400.000000,5756.432336,5164.161406,-592.270930,-10.288854,0.344611,24.242561,17.400930,23.297913,17.150380,20.522946,24.242561,37.916695000,128.174880000,37.916695000,128.174880000,37.916980000,128.174320000,37.916763276,128.174292914,37.916965000,128.175370000,37.917082464,128.175239269,37.916400000,128.175430000,37.916607688,128.175462753,37.916390000,128.174440000,37.916269484,128.174561660
245,245,826609462288,49.007,5.498741,37.911922000,128.177370000,1400.000000,5790.942720,5212.107941,-578.834779,-9.995519,0.918904,23.903537,16.270645,23.241162,17.379007,20.198588,23.903537,37.916687000,128.174880000,37.916687000,128.174880000,37.916965000,128.174300000,37.916750418,128.174289925,37.916965000,128.175350000,37.917079047,128.175234125,37.916397000,128.175430000,37.916603828,128.175466096,37.916374000,128.174440000,37.916255403,128.174568693
246,246,826609462480,49.199,5.498741,37.911907000,128.177460000,1401.000000,5858.104134,5253.716746,-604.387388,-10.317116,0.565931,24.029598,16.453065,23.074935,17.626214,20.295953,24.029598,37.916695000,128.174880000,37.916695000,128.174880000,37.916970000,128.174300000,37.916754424,128.174285942,37.916977000,128.175350000,37.917090886,128.175230585,37.916410000,128.175450000,37.916616704,128.175469672,37.916378000,128.174440000,37.916259412,128.174572994
247,247,826609462684,49.403,5.498741,37.911892000,128.177550000,1401.000000,5918.618406,5296.491948,-622.126457,-10.511346,0.692641,23.935205,16.794026,23.366948,17.713749,20.452482,23.935205,37.916695000,128.174880000,37.916695000,128.174880000,37.916965000,128.174290000,37.916750063,128.174282724,37.916980000,128.175350000,37.917094916,128.175226100,37.916412000,128.175450000,37.916621134,128.175472846,37.916370000,128.174440000,37.916254577,128.174578847
248,248,826609462887,49.606,5.498741,37.911880000,128.177640000,1401.000000,5978.937155,5337.435508,-641.501647,-10.729359,0.568578,23.659437,16.558890,22.936413,17.897458,20.263050,23.659437,37.916695000,128.174880000,37.916695000,128.174880000,37.916958000,128.174290000,37.916745621,128.174279636,37.916990000,128.175350000,37.917098845,128.175221482,37.916420000,128.175460000,37.916625660,128.175475885,37.916363000,128.174440000,37.916249893,128.174584835
249,249,826609463091,49.810,5.498741,37.911870000,128.177750000,1401.000000,6007.825632,5384.318300,-623.507332,-10.378253,0.792241,23.823128,17.127163,23.146239,17.942532,20.509765,23.823128,37.916695000,128.174880000,37.916695000,128.174880000,37.916954000,128.174270000,37.916740047,128.174276066,37.916992000,128.175350000,37.917103503,128.175215620,37.916424000,128.175460000,37.916631363,128.175479389,37.916360000,128.174450000,37.916244394,128.174592366
250,250,826609463279,49.998,5.498741,37.911860000,128.177840000,1401.000000,6043.117477,5425.964066,-617.153411,-10.212501,1.032710,23.865300,16.465831,22.999625,17.894823,20.306395,23.865300,37.916695000,128.174880000,37.916695000,128.174880000,37.916950000,128.174270000,37.916735628,128.174273083,37.917000000,128.175340000,37.917107313,128.175210963,37.916430000,128.175460000,37.916635858,128.175482308,37.916350000,128.174450000,37.916239872,128.174598437
251,251,826609463483,50.202,5.498741,37.911854000,128.177920000,1402.000000,6094.393302,5467.721777,-626.671525,-10.282755,1.265708,23.887114,16.670179,22.927983,18.090798,20.394018,23.887114,37.916695000,128.174880000,37.916695000,128.174880000,37.916946000,128.174260000,37.916731567,128.174270118,37.917004000,128.175340000,37.917110847,128.175207001,37.916435000,128.175460000,37.916640002,128.175485227,37.916344000,128.174450000,37.916235749,128.174603644
252,252,826609463687,50.406,5.498741,37.911846000,128.178020000,1402.000000,6187.218119,5519.734540,-667.483579,-10.788105,0.894559,23.357936,16.190703,22.354863,17.808271,19.927943,23.357936,37.916690000,128.174870000,37.916690000,128.174870000,37.916930000,128.174240000,37.916720604,128.174257061,37.917007000,128.175320000,37.917110628,128.175190638,37.916440000,128.175480000,37.916640813,128.175478408,37.916330000,128.174450000,37.916224483,128.174602415
253,253,826609463903,50.622,5.498741,37.911840000,128.178120000,1402.000000,6154.907156,5555.474440,-599.432716,-9.739102,0.437828,23.272875,16.895353,22.967243,16.486704,19.905544,23.272875,37.916700000,128.174870000,37.916700000,128.174870000,37.916935000,128.174240000,37.916726210,128.174253559,37.917015000,128.175320000,37.917124072,128.175186220,37.916450000,128.175480000,37.916656316,128.175481188,37.916332000,128.174470000,37.916231218,128.174607562
254,254,826609464093,50.812,5.498741,37.911835000,128.178200000,1402.000000,6251.740610,5602.477430,-649.263180,-10.385319,0.924690,23.354769,16.734417,22.257437,16.983966,19.832647,23.354769,37.916690000,128.174870000,37.916690000,128.174870000,37.916920000,128.174220000,37.916711681,128.174251536,37.917015000,128.175320000,37.917117835,128.175181008,37.916450000,128.175480000,37.916649920,128.175483752,37.916317000,128.174470000,37.916216047,128.174615003
255,255,826609464281,51.000,5.498741,37.911830000,128.178300000,1402.000000,6310.494324,5639.658839,-670.835485,-10.630474,0.749104,22.692921,17.118548,22.636881,16.837478,19.821457,22.692921,37.916700000,128.174870000,37.916700000,128.174870000,37.916920000,128.174220000,37.916717352,128.174248071,37.917027000,128.175320000,37.917131193,128.175176636,37.916462000,128.175490000,37.916665331,128.175486451,37.916317000,128.174470000,37.916222902,128.174620106
256,256,826609464484,51.203,5.498741,37.911827000,128.178400000,1403.000000,6350.577336,5702.414320,-648.163016,-10.206364,1.230934,23.390974,16.468215,22.049488,17.796297,19.926244,23.390974,37.916690000,128.174870000,37.916690000,128.174870000,37.916910000,128.174210000,37.916701715,128.174245168,37.917027000,128.175310000,37.917125861,128.175170499,37.916462000,128.175490000,37.916660074,128.175489901,37.916306000,128.174470000,37.916206753,128.174628865
257,257,826609464687,51.406,5.498741,37.911827000,128.178500000,1403.000000,6311.618579,5741.060869,-570.557711,-9.039800,1.008255,22.742917,17.228384,22.028349,16.980745,19.745099,22.742917,37.916700000,128.174870000,37.916700000,128.174870000,37.916910000,128.174210000,37.916707254,128.174241915,37.917034000,128.175310000,37.917139048,128.175165935,37.916477000,128.175490000,37.916674872,128.175492807,37.916306000,128.174480000,37.916213881,128.174634118
258,258,826609464887,51.606,5.498741,37.911827000,128.178590000,1403.000000,6378.682857,5784.509930,-594.172926,-9.314978,0.824521,22.552398,17.357742,21.610041,17.171377,19.672889,22.552398,37.916700000,128.174870000,37.916700000,128.174870000,37.916904000,128.174210000,37.916702740,128.174239398,37.917040000,128.175310000,37.917142404,128.175160949,37.916485000,128.175500000,37.916679093,128.175495438,37.916298000,128.174480000,37.916210037,128.174640621
259,259,826609465091,51.810,5.498741,37.911830000,128.178680000,1403.000000,6405.812499,5831.706368,-574.106130,-8.962269,0.892450,23.111980,16.658551,21.034100,16.378571,19.295801,23.111980,37.916690000,128.174870000,37.916690000,128.174870000,37.916893000,128.174200000,37.916687500,128.174237495,37.917040000,128.175300000,37.917136241,128.175154744,37.916485000,128.175500000,37.916673943,128.175497614,37.916283000,128.174500000,37.916194903,128.174649372
260,260,826609465279,51.998,5.498741,37.911830000,128.178770000,1403.000000,6426.341509,5871.940057,-554.401452,-8.627015,0.922180,22.393151,17.114446,21.325671,16.202606,19.258968,22.393151,37.916700000,128.174870000,37.916700000,128.174870000,37.916893000,128.174200000,37.916693688,128.174234497,37.917050000,128.175300000,37.917148977,128.175150878,37.916496000,128.175500000,37.916687571,128.175500576,37.916283000,128.174500000,37.916202560,128.174653761
261,261,826609465482,52.201,5.498741,37.911840000,128.178860000,1403.000000,6516.771632,5914.530242,-602.241389,-9.241407,1.593534,22.944057,15.760808,20.788082,15.887686,18.845158,22.944057,37.916690000,128.174870000,37.916690000,128.174870000,37.916880000,128.174180000,37.916678164,128.174232929,37.917050000,128.175280000,37.917142615,128.175144257,37.916496000,128.175500000,37.916682733,128.175502439,37.916264000,128.174510000,37.916187763,128.174662939
262,262,826609465685,52.404,5.498741,37.911850000,128.179050000,1404.000000,6547.418925,6008.142945,-539.275980,-8.236467,1.677111,23.297808,16.853370,21.316816,16.558760,19.506688,23.297808,37.916700000,128.174870000,37.916700000,128.174870000,37.916885000,128.174180000,37.916679046,128.174227163,37.917060000,128.175280000,37.917158938,128.175134740,37.916510000,128.175500000,37.916701379,128.175508329,37.916264000,128.174510000,37.916191521,128.174674655
263,263,826609465888,52.607,5.498741,37.911858000,128.179150000,1404.000000,6690.492642,6056.434250,-634.058392,-9.477006,1.285105,23.421258,17.132766,20.747460,15.377571,19.169764,23.421258,37.916700000,128.174870000,37.916700000,128.174870000,37.916878000,128.174160000,37.916673893,128.174224724,37.917065000,128.175280000,37.917162336,128.175128882,37.916520000,128.175520000,37.916706240,128.175510911,37.916256000,128.174530000,37.916187773,128.174682254
264,264,826609466091,52.810,5.498741,37.911858000,128.179150000,1404.000000,6690.492642,6056.434250,-634.058392,-9.477006,1.285105,23.421258,17.132766,20.747460,15.377571,19.169764,23.421258,37.916700000,128.174870000,37.916700000,128.174870000,37.916878000,128.174160000,37.916673893,128.174224724,37.917065000,128.175280000,37.917162336,128.175128882,37.916520000,128.175520000,37.916706240,128.175510911,37.916256000,128.174530000,37.916187773,128.174682254
265,265,826609466279,52.998,5.498741,37.911870000,128.179240000,1404.000000,6675.095232,6103.074197,-572.021035,-8.569481,0.352982,22.820978,17.499751,20.790030,14.458945,18.892426,22.820978,37.916700000,128.174850000,37.916700000,128.174850000,37.916870000,128.174160000,37.916667772,128.174202622,37.917070000,128.175260000,37.917165987,128.175102191,37.916527000,128.175520000,37.916712532,128.175492902,37.916250000,128.174530000,37.916183370,128.174671328
266,266,826609466483,53.202,5.498741,37.911880000,128.179350000,1404.000000,6703.250497,6157.105033,-546.145463,-8.147472,0.379130,22.701432,17.797163,20.574317,13.533730,18.651660,22.701432,37.916700000,128.174850000,37.916700000,128.174850000,37.916862000,128.174150000,37.916661952,128.174200202,37.917076000,128.175260000,37.917169639,128.175095744,37.916534000,128.175520000,37.916717825,128.175495693,37.916245000,128.174550000,37.916179386,128.174679736
267,267,826609466687,53.406,5.498741,37.911892000,128.179430000,1404.000000,6731.552404,6192.282646,-539.269758,-8.011076,0.424552,22.402270,18.059530,20.124559,13.707390,18.573437,22.402270,37.916700000,128.174850000,37.916700000,128.174850000,37.916855000,128.174150000,37.916657462,128.174198722,37.917080000,128.175260000,37.917172173,128.175090773,37.916542000,128.175520000,37.916721909,128.175497505,37.916237000,128.174550000,37.916176705,128.174686092
268,268,826609466890,53.609,5.498741,37.911903000,128.179520000,1404.000000,6807.366321,6235.729588,-571.636732,-8.397326,0.523615,22.748306,17.657769,20.152998,13.429239,18.497078,22.748306,37.916700000,128.174850000,37.916700000,128.174850000,37.916850000,128.174130000,37.916652586,128.174196923,37.917084000,128.175250000,37.917175060,128.175085365,37.916546000,128.175520000,37.916726326,128.175499670,37.916233000,128.174560000,37.916173615,128.174693106
269,269,826609467093,53.812,5.498741,37.911920000,128.179630000,1404.000000,6902.439222,6286.782131,-615.657091,-8.919413,0.472705,22.283364,18.114969,19.749156,13.880203,18.506923,22.283364,37.916700000,128.174850000,37.916700000,128.174850000,37.916840000,128.174130000,37.916646485,128.174194905,37.917088000,128.175250000,37.917178485,128.175078556,37.916557000,128.175540000,37.916731879,128.175502155,37.916225000,128.174560000,37.916170019,128.174701857
270,270,826609467281,54.000,5.498741,37.911934000,128.179700000,1404.000000,6914.806971,6320.750955,-594.056016,-8.591072,0.249528,22.433911,16.620061,19.098941,13.101523,17.813609,22.433911,37.916690000,128.174850000,37.916690000,128.174850000,37.916824000,128.174120000,37.916631331,128.174194902,37.917088000,128.175230000,37.917171114,128.175072786,37.916557000,128.175540000,37.916726098,128.175503225,37.916214000,128.174580000,37.916156485,128.174710158
271,271,826609467484,54.203,5.498741,37.911953000,128.179810000,1404.000000,6956.794525,6368.991836,-587.802689,-8.449332,0.556405,21.823055,17.082321,19.285483,13.190769,17.845407,21.823055,37.916700000,128.174850000,37.916700000,128.174850000,37.916824000,128.174120000,37.916636337,128.174191865,37.917100000,128.175230000,37.917183915,128.175067146,37.916570000,128.175540000,37.916741155,128.175505994,37.916214000,128.174580000,37.916164435,128.174716430
272,272,826609467687,54.406,5.498741,37.911972000,128.179890000,1404.000000,6952.297976,6406.057667,-546.240309,-7.856975,0.106116,22.157486,17.208343,18.563338,13.253551,17.795679,22.157486,37.916695000,128.174850000,37.916695000,128.174850000,37.916817000,128.174120000,37.916626073,128.174191316,37.917103000,128.175230000,37.917181474,128.175061176,37.916576000,128.175540000,37.916740751,128.175507310,37.916210000,128.174590000,37.916156288,128.174724686
273,273,826609467891,54.610,5.498741,37.911987000,128.179980000,1404.000000,6931.328168,6456.352424,-474.975744,-6.852594,0.386493,22.213954,17.031591,18.147882,13.853350,17.811694,22.213954,37.916695000,128.174850000,37.916695000,128.174850000,37.916813000,128.174120000,37.916621175,128.174189706,37.917103000,128.175220000,37.917184179,128.175055614,37.916584000,128.175540000,37.916745219,128.175509326,37.916206000,128.174590000,37.916152897,128.174732664
274,274,826609468096,54.815,5.498741,37.912010000,128.180080000,1404.000000,7067.411959,6507.460073,-559.951886,-7.923012,0.891909,22.482083,17.289736,18.045899,14.483353,18.075267,22.482083,37.916695000,128.174850000,37.916695000,128.174850000,37.916805000,128.174100000,37.916615422,128.174188257,37.917110000,128.175220000,37.917187022,128.175049038,37.916590000,128.175540000,37.916750515,128.175511257,37.916200000,128.174590000,37.916149393,128.174741933
275,275,826609468283,55.002,5.498741,37.912033000,128.180160000,1404.000000,7080.609740,6544.971081,-535.638659,-7.564866,0.950486,22.227905,16.328371,18.111217,14.195648,17.715785,22.227905,37.916695000,128.174850000,37.916695000,128.174850000,37.916798000,128.174100000,37.916610591,128.174187350,37.917110000,128.175200000,37.917189178,128.175043487,37.916595000,128.175550000,37.916754994,128.175512575,37.916195000,128.174600000,37.916146789,128.174749647
276,276,826609468486,55.205,5.498741,37.912056000,128.180250000,1404.000000,7097.473572,6591.540320,-505.933252,-7.128357,1.015153,21.903311,16.688371,17.739200,14.814276,17.786289,21.903311,37.916695000,128.174850000,37.916695000,128.174850000,37.916790000,128.174100000,37.916605353,128.174186162,37.917114000,128.175200000,37.917191653,128.175037451,37.916603000,128.175550000,37.916759833,128.175514213,37.916190000,128.174600000,37.916143774,128.174758184
277,277,826609468689,55.408,5.498741,37.912083000,128.180340000,1404.000000,7123.380328,6635.116912,-488.263416,-6.854378,0.205999,21.660295,17.131024,17.755882,13.066195,17.403349,21.660295,37.916695000,128.174840000,37.916695000,128.174840000,37.916782000,128.174090000,37.916599376,128.174175116,37.917118000,128.175190000,37.917194351,128.175020633,37.916610000,128.175550000,37.916765605,128.175505572,37.916187000,128.174620000,37.916141147,128.174756961
278,278,826609468893,55.612,5.498741,37.912106000,128.180440000,1404.000000,7154.175151,6693.040431,-461.134721,-6.445673,0.366543,21.467076,17.669248,17.733688,13.684739,17.638688,21.467076,37.916695000,128.174840000,37.916695000,128.174840000,37.916775000,128.174090000,37.916593793,128.174173621,37.917120000,128.175190000,37.917197120,128.175014148,37.916615000,128.175550000,37.916770746,128.175507555,37.916180000,128.174620000,37.916137764,128.174766341
279,279,826609469080,55.799,5.498741,37.912136000,128.180530000,1404.000000,7169.572563,6737.424775,-432.147788,-6.027525,0.242597,21.182642,17.973454,17.507809,12.729731,17.348409,21.182642,37.916695000,128.174840000,37.916695000,128.174840000,37.916767000,128.174090000,37.916588276,128.174172801,37.917126000,128.175190000,37.917199383,128.175007699,37.916622000,128.175550000,37.916775890,128.175508861,37.916176000,128.174640000,37.916135112,128.174775369
280,280,826609469284,56.003,5.498741,37.912163000,128.180600000,1404.000000,7173.629659,6769.379331,-404.250328,-5.635227,0.413317,20.905890,16.705679,17.078808,13.249225,16.984901,20.905890,37.916695000,128.174840000,37.916695000,128.174840000,37.916760000,128.174090000,37.916583800,128.174172372,37.917130000,128.175170000,37.917201047,128.175002443,37.916630000,128.175550000,37.916780089,128.175509686,37.916172000,128.174640000,37.916133216,128.174782633
281,281,826609469488,56.207,5.498741,37.912193000,128.180700000,1404.000000,7262.593272,6832.361559,-430.231713,-5.923941,0.972018,21.042499,16.497442,16.824583,13.494330,16.964713,21.042499,37.916687000,128.174840000,37.916687000,128.174840000,37.916740000,128.174070000,37.916569055,128.174172268,37.917126000,128.175160000,37.917195985,128.174994412,37.916630000,128.175550000,37.916777977,128.175511027,37.916160000,128.174650000,37.916120857,128.174795427
282,282,826609469692,56.411,5.498741,37.912224000,128.180790000,1404.000000,7275.839144,6873.252941,-402.586203,-5.533193,1.007273,20.632276,16.850224,16.543500,13.923349,16.987337,20.632276,37.916695000,128.174840000,37.916695000,128.174840000,37.916740000,128.174070000,37.916572455,128.174170457,37.917137000,128.175160000,37.917205787,128.174989085,37.916645000,128.175550000,37.916790659,128.175512627,37.916164000,128.174650000,37.916127671,128.174801708
283,283,826609469879,56.598,5.498741,37.912254000,128.180860000,1404.000000,7259.561880,6905.897887,-353.663993,-4.871699,0.685406,20.378047,17.353173,16.128935,12.800078,16.665058,20.378047,37.916695000,128.174840000,37.916695000,128.174840000,37.916733000,128.174070000,37.916567883,128.174170186,37.917137000,128.175160000,37.917207341,128.174983662,37.916653000,128.175550000,37.916794969,128.175513314,37.916160000,128.174670000,37.916125970,128.174809223
284,284,826609470085,56.804,5.498741,37.912290000,128.180950000,1404.000000,7286.446250,6951.948778,-334.497472,-4.590681,0.999160,20.128172,16.275155,15.932065,12.614638,16.237508,20.128172,37.916695000,128.174840000,37.916695000,128.174840000,37.916725000,128.174070000,37.916562180,128.174169677,37.917140000,128.175140000,37.917209387,128.174976878,37.916660000,128.175550000,37.916800329,128.175514349,37.916153000,128.174680000,37.916123707,128.174818759
285,285,826609470285,57.004,5.498741,37.912323000,128.181030000,1404.000000,7319.587345,6993.352872,-326.234473,-4.457006,1.063127,19.922343,16.585718,16.004527,13.314133,16.456680,19.922343,37.916695000,128.174840000,37.916695000,128.174840000,37.916718000,128.174070000,37.916557081,128.174169275,37.917145000,128.175140000,37.917211171,128.174970789,37.916664000,128.175550000,37.916805129,128.175515225,37.916150000,128.174680000,37.916121765,128.174827321
286,286,826609470488,57.207,5.498741,37.912354000,128.181100000,1404.000000,7480.942444,7028.646845,-452.295599,-6.045971,0.742908,19.586218,16.057186,15.596014,12.170190,15.852402,19.586218,37.916695000,128.174840000,37.916695000,128.174840000,37.916706000,128.174060000,37.916552519,128.174169045,37.917150000,128.175130000,37.917212673,128.174965320,37.916676000,128.175570000,37.916809438,128.175515882,37.916145000,128.174700000,37.916120179,128.174834961
287,287,826609470692,57.411,5.498741,37.912395000,128.181200000,1404.000000,7511.590625,7084.119075,-427.471550,-5.690826,0.888431,19.591659,16.668284,15.770513,13.032469,16.265731,19.591659,37.916695000,128.174840000,37.916695000,128.174840000,37.916700000,128.174060000,37.916546224,128.174168503,37.917152000,128.175130000,37.917214883,128.174957749,37.916680000,128.175570000,37.916815363,128.175517021,37.916140000,128.174700000,37.916117810,128.174845709
288,288,826609470880,57.599,5.498741,37.912430000,128.181270000,1404.000000,7428.885336,7133.817351,-295.067984,-3.971901,0.624427,18.467749,17.138944,15.260367,11.360088,15.556787,18.467749,37.916687000,128.174820000,37.916687000,128.174820000,37.916683000,128.174060000,37.916532380,128.174148148,37.917150000,128.175110000,37.917209209,128.174929850,37.916683000,128.175550000,37.916813558,128.175497015,37.916130000,128.174710000,37.916107723,128.174836236
289,289,826609471084,57.803,5.498741,37.912470000,128.181370000,1404.000000,7519.900850,7192.006891,-327.893960,-4.360350,0.813748,18.709340,17.673699,15.491483,12.250169,16.031173,18.709340,37.916690000,128.174820000,37.916690000,128.174820000,37.916683000,128.174060000,37.916529584,128.174146999,37.917156000,128.175110000,37.917214294,128.174922808,37.916695000,128.175570000,37.916822175,128.175498377,37.916134000,128.174710000,37.916108851,128.174845799
290,290,826609471287,58.006,5.498741,37.912510000,128.181440000,1404.000000,7629.784608,7223.984448,-405.800161,-5.318632,0.531649,19.309090,17.241191,15.458898,11.272686,15.820466,19.309090,37.916690000,128.174820000,37.916690000,128.174820000,37.916676000,128.174040000,37.916524596,128.174147289,37.917160000,128.175100000,37.917215534,128.174916731,37.916700000,128.175570000,37.916826922,128.175498569,37.916134000,128.174730000,37.916107808,128.174853993
291,291,826609471491,58.210,5.498741,37.912548000,128.181520000,1404.000000,7666.151831,7269.262146,-396.889685,-5.177170,0.694019,19.030513,17.674884,15.326884,11.107814,15.785024,19.030513,37.916690000,128.174820000,37.916690000,128.174820000,37.916668000,128.174040000,37.916519381,128.174147092,37.917164000,128.175100000,37.917217130,128.174910341,37.916706000,128.175570000,37.916831862,128.175499247,37.916130000,128.174740000,37.916106327,128.174862872
292,292,826609471678,58.397,5.498741,37.912594000,128.181600000,1403.000000,7673.190648,7302.720563,-370.470085,-4.828110,0.337476,18.814320,16.658114,15.043203,11.862071,15.594427,18.814320,37.916690000,128.174820000,37.916690000,128.174820000,37.916660000,128.174040000,37.916513907,128.174147720,37.917164000,128.175080000,37.917218249,128.174903220,37.916714000,128.175570000,37.916837047,128.175499184,37.916126000,128.174740000,37.916105453,128.174872537
293,293,826609471881,58.600,5.498741,37.912636000,128.181670000,1403.000000,7744.019484,7341.685741,-402.333742,-5.195412,0.223604,18.670407,15.389829,14.867256,11.022515,14.987502,18.670407,37.916683000,128.174820000,37.916683000,128.174820000,37.916645000,128.174040000,37.916501095,128.174149197,37.917164000,128.175060000,37.917212650,128.174895967,37.916714000,128.175570000,37.916835242,128.175499002,37.916115000,128.174760000,37.916096809,128.174883376
294,294,826609472084,58.803,5.498741,37.912680000,128.181760000,1403.000000,7720.409380,7391.440272,-328.969108,-4.261032,0.353277,18.430286,15.997299,14.947079,11.693156,15.266955,18.430286,37.916690000,128.174820000,37.916690000,128.174820000,37.916645000,128.174040000,37.916503009,128.174147926,37.917170000,128.175060000,37.917221139,128.174889765,37.916725000,128.175570000,37.916847406,128.175500045,37.916122000,128.174760000,37.916103100,128.174890975
295,295,826609472288,59.007,5.498741,37.912727000,128.181820000,1403.000000,7712.344069,7412.866271,-299.477798,-3.883097,0.537144,17.906122,16.526640,14.637682,11.475180,15.136406,17.906122,37.916690000,128.174820000,37.916690000,128.174820000,37.916634000,128.174040000,37.916498065,128.174149008,37.917170000,128.175060000,37.917221843,128.174883661,37.916733000,128.175570000,37.916852155,128.175499510,37.916120000,128.174770000,37.916102895,128.174898855
296,296,826609472492,59.211,5.498741,37.912823000,128.181980000,1403.000000,7834.399435,7503.630230,-330.769205,-4.222011,0.197159,19.070750,16.713124,14.730552,11.494767,15.502298,19.070750,37.916687000,128.174820000,37.916687000,128.174820000,37.916626000,128.174030000,37.916483382,128.174150315,37.917175000,128.175050000,37.917221510,128.174869052,37.916740000,128.175570000,37.916860158,128.175499737,37.916115000,128.174790000,37.916097888,128.174919079
297,297,826609472680,59.399,5.498741,37.912823000,128.181980000,1403.000000,7833.812867,7503.630230,-330.182637,-4.214839,0.470374,18.518417,15.052956,14.327438,11.494767,14.848394,18.518417,37.916687000,128.174820000,37.916687000,128.174820000,37.916620000,128.174030000,37.916483382,128.174150315,37.917175000,128.175030000,37.917221510,128.174869052,37.916744000,128.175570000,37.916860158,128.175499737,37.916115000,128.174790000,37.916097888,128.174919079
298,298,826609472884,59.603,5.498741,37.912918000,128.182130000,1403.000000,7899.509249,7607.439090,-292.070159,-3.697320,1.275367,17.742927,17.900201,15.255217,11.456029,15.588593,17.900201,37.916680000,128.174800000,37.916680000,128.174800000,37.916603000,128.174030000,37.916464722,128.174130480,37.917175000,128.175030000,37.917217536,128.174833433,37.916748000,128.175570000,37.916864973,128.175479501,37.916103000,128.174790000,37.916089338,128.174919294
299,299,826609473087,59.806,5.498741,37.912968000,128.182190000,1402.000000,7927.663767,7606.552564,-321.111204,-4.050515,0.702648,18.259057,15.671365,14.256967,12.849526,15.259229,18.259057,37.916687000,128.174820000,37.916687000,128.174820000,37.916600000,128.174030000,37.916467711,128.174152919,37.917183000,128.175020000,37.917223894,128.174849247,37.916760000,128.175570000,37.916875145,128.175498923,37.916107000,128.174800000,37.916096986,128.174945764
300,300,826609473290,60.009,5.498741,37.913017000,128.182250000,1402.000000,7926.686154,7633.408650,-293.277504,-3.699875,0.519973,17.872907,16.206448,14.057849,11.804897,14.985525,17.872907,37.916687000,128.174820000,37.916687000,128.174820000,37.916590000,128.174030000,37.916462755,128.174154110,37.917183000,128.175020000,37.917224436,128.174843092,37.916767000,128.175570000,37.916879918,128.175498327,37.916107000,128.174820000,37.916097054,128.174953828
301,301,826609473485,60.204,4.097963,37.913070000,128.182330000,1402.000000,3377.257589,3591.525693,214.268104,6.344441,0.523051,15.702220,18.824737,15.919327,17.459755,16.976510,18.824737,37.914692000,128.174850000,37.914692000,128.174850000,37.914536000,128.174420000,37.914429923,128.174537850,37.915070000,128.174840000,37.915075856,128.174625780,37.914837000,128.175310000,37.914942911,128.175188201,37.914314000,128.174900000,37.914319140,128.175098700
302,302,826609473681,60.400,4.097963,37.913124000,128.182390000,1402.000000,2873.555524,3168.747221,295.191696,10.272699,0.905307,26.429706,27.221729,16.002627,17.964085,21.904537,27.221729,37.912750000,128.175630000,37.912750000,128.175630000,37.912540000,128.175190000,37.912453835,128.175470418,37.913074000,128.175490000,37.913022415,128.175187022,37.912945000,128.175900000,37.913042973,128.175766661,37.912440000,128.175830000,37.912495191,128.176022209
303,303,826609473884,60.603,4.097963,37.913174000,128.182450000,1402.000000,1873.906055,1981.481829,107.575774,5.740724,3.612444,18.670800,49.051600,10.318806,50.138672,32.044969,50.138672,37.912205000,128.176820000,37.912205000,128.176820000,37.911896000,128.176860000,37.911896777,128.176647413,37.911995000,128.176530000,37.912435230,128.176554028,37.912514000,128.176800000,37.912494243,128.176914792,37.912410000,128.177110000,37.911964977,128.177022022
304,304,826609474089,60.808,4.097963,37.913230000,128.182510000,1402.000000,1921.375610,1953.739082,32.363471,1.684391,1.483293,16.372197,48.482725,13.796473,48.935505,31.896725,48.935505,37.912070000,128.177340000,37.912070000,128.177340000,37.911762000,128.177410000,37.911763181,128.177223590,37.911858000,128.177080000,37.912293289,128.177098277,37.912380000,128.177300000,37.912370595,128.177456636,37.912285000,128.177640000,37.911847533,128.177585241
305,305,826609474292,61.011,4.097963,37.913280000,128.182570000,1402.000000,1922.303774,1981.798063,59.494289,3.094947,1.331885,15.493530,48.651445,13.002304,49.025816,31.543273,49.025816,37.912094000,128.177370000,37.912094000,128.177370000,37.911785000,128.177430000,37.911785466,128.177253589,37.911880000,128.177100000,37.912316651,128.177123460,37.912407000,128.177340000,37.912396273,128.177487420,37.912310000,128.177670000,37.911871597,128.177616812
306,306,826609474480,61.199,4.097963,37.913280000,128.182570000,1402.000000,1922.303774,1981.798063,59.494289,3.094947,1.331885,15.493530,48.651445,13.002304,49.025816,31.543273,49.025816,37.912094000,128.177370000,37.912094000,128.177370000,37.911785000,128.177430000,37.911785466,128.177253589,37.911880000,128.177100000,37.912316651,128.177123460,37.912407000,128.177340000,37.912396273,128.177487420,37.912310000,128.177670000,37.911871597,128.177616812
307,307,826609474683,61.402,4.097963,37.913338000,128.182630000,1402.000000,1976.906067,2011.707260,34.801193,1.760387,0.434750,15.468197,49.485883,14.869984,49.485018,32.327270,49.485883,37.912125000,128.177400000,37.912125000,128.177400000,37.911810000,128.177460000,37.911814814,128.177283982,37.911903000,128.177120000,37.912346965,128.177148642,37.912434000,128.177350000,37.912429174,128.177519201,37.912346000,128.177690000,37.911902682,128.177648390
308,308,826609474901,61.620,4.998856,37.913440000,128.182720000,1402.000000,4544.541226,4757.076356,212.535130,4.676713,3.428056,11.829407,20.310125,16.219709,11.912092,15.067833,20.310125,37.914993000,128.176500000,37.914993000,128.176500000,37.914790000,128.176010000,37.914709774,128.176098330,37.915430000,128.176470000,37.915449747,128.176240095,37.915180000,128.177000000,37.915279195,128.176864721,37.914550000,128.176620000,37.914562302,128.176754739
309,309,826609475089,61.808,4.998856,37.913440000,128.182720000,1402.000000,4544.541226,4757.076356,212.535130,4.676713,3.428056,11.829407,20.310125,16.219709,11.912092,15.067833,20.310125,37.914993000,128.176500000,37.914993000,128.176500000,37.914790000,128.176010000,37.914709774,128.176098330,37.915430000,128.176470000,37.915449747,128.176240095,37.915180000,128.177000000,37.915279195,128.176864721,37.914550000,128.176620000,37.914562302,128.176754739
310,310,826609475293,62.012,4.998856,37.913498000,128.182790000,1402.000000,6146.544804,5816.755387,-329.789417,-5.365444,0.619315,14.481837,8.905622,13.072805,9.600692,11.515239,14.481837,37.916160000,128.175500000,37.916160000,128.175500000,37.915990000,128.174900000,37.915892860,128.175009686,37.916676000,128.175430000,37.916675588,128.175328595,37.916325000,128.176100000,37.916412029,128.176000055,37.915670000,128.175580000,37.915662940,128.175688954
311,311,826609475482,62.201,4.998856,37.913548000,128.182830000,1402.000000,6530.872528,6405.968939,-124.903589,-1.912510,8.597875,19.230268,3.727975,5.807639,18.464379,11.807566,19.230268,37.916428000,128.174990000,37.916428000,128.174990000,37.916267000,128.174290000,37.916158013,128.174459892,37.916960000,128.174910000,37.916932373,128.174886008,37.916615000,128.175550000,37.916666517,128.175560437,37.915930000,128.175020000,37.915898909,128.175226524
312,312,826609475685,62.404,5.078508,37.913600000,128.182880000,1402.000000,6689.681224,6677.869278,-11.811946,-0.176570,5.295055,15.878633,6.074233,6.756706,15.902041,11.152903,15.902041,37.916485000,128.174940000,37.916485000,128.174940000,37.916313000,128.174260000,37.916211416,128.174386928,37.917010000,128.174910000,37.916994572,128.174843656,37.916670000,128.175550000,37.916727905,128.175526934,37.915974000,128.175000000,37.915947662,128.175177969
313,313,826609475888,62.607,4.998856,37.913650000,128.182920000,1402.000000,6633.034225,6441.177390,-191.856835,-2.892445,7.735252,18.690949,4.661583,6.636202,18.871050,12.214946,18.871050,37.916420000,128.174960000,37.916420000,128.174960000,37.916245000,128.174270000,37.916140405,128.174436489,37.916954000,128.174880000,37.916923953,128.174843028,37.916610000,128.175540000,37.916668502,128.175525473,37.915920000,128.175000000,37.915892884,128.175212114
314,314,826609476091,62.810,4.998856,37.913700000,128.182950000,1402.000000,6582.686229,6431.978044,-150.708184,-2.289463,8.598055,19.385016,4.191688,5.768985,18.971306,12.079249,19.385016,37.916428000,128.174990000,37.916428000,128.174990000,37.916250000,128.174290000,37.916146794,128.174467790,37.916960000,128.174900000,37.916930618,128.174870149,37.916626000,128.175550000,37.916677624,128.175555762,37.915930000,128.175030000,37.915903253,128.175243346
315,315,826609476279,62.998,4.998856,37.913754000,128.183000000,1401.000000,6540.013959,6452.057516,-87.956443,-1.344897,7.994720,17.440422,3.848611,5.987906,18.081994,11.339733,18.081994,37.916420000,128.174960000,37.916420000,128.174960000,37.916233000,128.174290000,37.916132928,128.174442800,37.916954000,128.174850000,37.916922421,128.174832161,37.916622000,128.175520000,37.916675769,128.175521928,37.915920000,128.175020000,37.915896198,128.175223674
316,316,826609476482,63.201,4.998856,37.913803000,128.183030000,1401.000000,6607.126654,6447.308933,-159.817721,-2.418869,8.808975,18.693565,3.564086,5.437168,18.148070,11.460722,18.693565,37.916428000,128.174990000,37.916428000,128.174990000,37.916237000,128.174300000,37.916139550,128.174473352,37.916960000,128.174870000,37.916929105,128.174859353,37.916637000,128.175540000,37.916684871,128.175552287,37.915928000,128.175050000,37.915906509,128.175254845
317,317,826609476685,63.404,4.998856,37.913857000,128.183070000,1400.000000,6535.076282,6452.532150,-82.544132,-1.263094,8.171293,17.269790,3.824900,5.473648,17.771776,11.085028,17.771776,37.916428000,128.174990000,37.916428000,128.174990000,37.916230000,128.174320000,37.916135950,128.174476391,37.916960000,128.174870000,37.916928127,128.174853732,37.916640000,128.175540000,37.916688493,128.175550312,37.915928000,128.175060000,37.915908393,128.175260832
318,318,826609476889,63.608,4.998856,37.913902000,128.183100000,1400.000000,6595.688535,6457.904986,-137.783549,-2.088994,8.600869,16.991751,3.626402,4.695471,18.153910,10.866884,18.153910,37.916428000,128.174990000,37.916428000,128.174990000,37.916220000,128.174320000,37.916132873,128.174478866,37.916960000,128.174850000,37.916927428,128.174849279,37.916650000,128.175540000,37.916691618,128.175548698,37.915928000,128.175060000,37.915909858,128.175265432
319,319,826609477093,63.812,4.998856,37.913948000,128.183140000,1400.000000,6643.347363,6473.392789,-169.954575,-2.558267,8.215051,17.247446,3.711963,4.724708,16.856354,10.635118,17.247446,37.916428000,128.174990000,37.916428000,128.174990000,37.916218000,128.174320000,37.916129457,128.174481163,37.916960000,128.174850000,37.916926958,128.174844317,37.916653000,128.175540000,37.916695037,128.175547422,37.915928000,128.175080000,37.915911123,128.175270744
320,320,826609477281,64.000,4.998856,37.914000000,128.183170000,1399.000000,6637.042455,6479.196448,-157.846007,-2.378258,8.448430,16.605748,4.030432,4.856180,16.738941,10.557825,16.738941,37.916420000,128.174960000,37.916420000,128.174960000,37.916200000,128.174300000,37.916116457,128.174456651,37.916954000,128.174800000,37.916918260,128.174807342,37.916650000,128.175500000,37.916692402,128.175512994,37.915920000,128.175060000,37.915904582,128.175249599
321,321,826609477484,64.203,4.998856,37.914047000,128.183200000,1399.000000,6618.173726,6477.037640,-141.136086,-2.132553,8.662440,16.580828,4.106416,4.654343,15.934974,10.319141,16.580828,37.916428000,128.174990000,37.916428000,128.174990000,37.916206000,128.174330000,37.916123172,128.174486919,37.916960000,128.174820000,37.916924977,128.174834680,37.916664000,128.175520000,37.916701484,128.175543479,37.915930000,128.175100000,37.915914825,128.175280426
322,322,826609477687,64.406,4.998856,37.914100000,128.183210000,1398.000000,6631.860363,6454.643387,-177.216977,-2.672206,8.636551,16.647425,4.197637,4.416997,16.224139,10.371549,16.647425,37.916428000,128.174990000,37.916428000,128.174990000,37.916200000,128.174330000,37.916120600,128.174490636,37.916960000,128.174820000,37.916923201,128.174830431,37.916668000,128.175520000,37.916704268,128.175540399,37.915930000,128.175100000,37.915917532,128.175284064
323,323,826609477890,64.609,4.998856,37.914146000,128.183240000,1398.000000,6610.401671,6460.951342,-149.450329,-2.260836,8.407759,15.247409,4.759638,4.478107,15.708641,10.048449,15.708641,37.916428000,128.174990000,37.916428000,128.174990000,37.916195000,128.174350000,37.916117537,128.174493187,37.916960000,128.174800000,37.916922441,128.174825898,37.916670000,128.175520000,37.916707412,128.175538741,37.915930000,128.175110000,37.915919154,128.175288342
324,324,826609478078,64.797,4.998856,37.914192000,128.183260000,1397.000000,6561.080893,6453.299547,-107.781346,-1.642738,9.055629,15.130464,5.142975,4.634607,16.029485,10.234383,16.029485,37.916428000,128.174990000,37.916428000,128.174990000,37.916187000,128.174350000,37.916115020,128.174496145,37.916960000,128.174790000,37.916921156,128.174821704,37.916680000,128.175500000,37.916710059,128.175536513,37.915930000,128.175110000,37.915921267,128.175292189
325,325,826609478281,65.000,4.998856,37.914246000,128.183290000,1397.000000,6582.980230,6473.742006,-109.238224,-1.659404,7.405092,13.069036,4.690656,3.678769,14.284433,8.930723,14.284433,37.916420000,128.174960000,37.916420000,128.174960000,37.916170000,128.174350000,37.916101938,128.174471255,37.916950000,128.174760000,37.916912616,128.174784642,37.916676000,128.175490000,37.916707620,128.175502178,37.915924000,128.175110000,37.915914396,128.175272198
326,326,826609478486,65.205,4.998856,37.914290000,128.183300000,1396.000000,6594.222109,6441.330971,-152.891138,-2.318562,8.841288,14.524316,5.784214,4.262894,14.977250,9.887168,14.977250,37.916428000,128.174990000,37.916428000,128.174990000,37.916176000,128.174360000,37.916109509,128.174502299,37.916958000,128.174770000,37.916918620,128.174812969,37.916687000,128.175500000,37.916715895,128.175531854,37.915936000,128.175130000,37.915925555,128.175300029
327,327,826609478686,65.405,4.998856,37.914337000,128.183320000,1396.000000,6616.511777,6439.624161,-176.887616,-2.673427,9.079830,14.667504,6.215825,4.382729,14.412466,9.919631,14.667504,37.916428000,128.174990000,37.916428000,128.174990000,37.916172000,128.174360000,37.916106754,128.174505102,37.916958000,128.174760000,37.916917540,128.174808779,37.916695000,128.175490000,37.916718825,128.175529731,37.915936000,128.175140000,37.915927473,128.175303756
328,328,826609478892,65.611,4.998856,37.914390000,128.183350000,1395.000000,6519.043363,6441.448822,-77.594541,-1.190275,8.669319,13.109375,6.024329,4.107481,14.845940,9.521781,14.845940,37.916428000,128.174990000,37.916428000,128.174990000,37.916164000,128.174380000,37.916103683,128.174508207,37.916958000,128.174760000,37.916916256,128.174803656,37.916700000,128.175490000,37.916722049,128.175527502,37.915940000,128.175140000,37.915929711,128.175308544
329,329,826609479102,65.821,4.998856,37.914436000,128.183360000,1395.000000,6614.458781,6431.064416,-183.394365,-2.772628,8.612970,13.248885,6.828427,3.978889,13.347325,9.350882,13.347325,37.916428000,128.174990000,37.916428000,128.174990000,37.916160000,128.174380000,37.916101282,128.174511224,37.916954000,128.174740000,37.916914936,128.174799948,37.916702000,128.175490000,37.916724675,128.175525023,37.915940000,128.175160000,37.915931819,128.175311629
330,330,826609479283,66.002,4.998856,37.914494000,128.183380000,1394.000000,6634.598413,6434.519961,-200.078451,-3.015683,7.292514,11.720450,5.625021,2.967699,12.339917,8.163272,12.339917,37.916420000,128.174970000,37.916420000,128.174970000,37.916140000,128.174380000,37.916089058,128.174496797,37.916943000,128.174730000,37.916905551,128.174773002,37.916700000,128.175480000,37.916721399,128.175500153,37.915928000,128.175160000,37.915926022,128.175300490
331,331,826609479486,66.205,4.998856,37.914540000,128.183380000,1394.000000,6550.229345,6402.151128,-148.078217,-2.260657,8.418610,11.990764,7.176923,3.886928,13.068603,9.030805,13.068603,37.916428000,128.174990000,37.916428000,128.174990000,37.916150000,128.174400000,37.916096194,128.174518282,37.916954000,128.174730000,37.916911609,128.174791573,37.916714000,128.175480000,37.916730282,128.175519153,37.915943000,128.175170000,37.915936899,128.175318609
332,332,826609479690,66.409,4.998856,37.914590000,128.183400000,1393.000000,6604.487088,6397.432731,-207.054357,-3.135056,8.801681,12.104996,8.093254,3.634668,13.410818,9.310934,13.410818,37.916428000,128.174990000,37.916428000,128.174990000,37.916145000,128.174400000,37.916093591,128.174521461,37.916950000,128.174710000,37.916910139,128.174787071,37.916718000,128.175480000,37.916733083,128.175516707,37.915943000,128.175170000,37.915939230,128.175322632
333,333,826609479894,66.613,4.998856,37.914642000,128.183410000,1393.000000,6513.422065,6386.654848,-126.767217,-1.946246,8.571200,11.371830,7.889174,5.052661,11.962846,9.069128,11.962846,37.916428000,128.174990000,37.916428000,128.174990000,37.916138000,128.174410000,37.916090948,128.174524936,37.916950000,128.174710000,37.916908589,128.174782901,37.916720000,128.175460000,37.916735999,128.175513841,37.915947000,128.175190000,37.915941643,128.175326049
334,334,826609480081,66.800,4.998856,37.914690000,128.183430000,1392.000000,6542.897217,6383.875637,-159.021580,-2.430446,8.762626,11.534438,8.139422,4.775031,12.295575,9.186117,12.295575,37.916428000,128.174990000,37.916428000,128.174990000,37.916134000,128.174410000,37.916088456,128.174527973,37.916946000,128.174700000,37.916907175,128.174778537,37.916725000,128.175460000,37.916738683,128.175511532,37.915947000,128.175190000,37.915943875,128.175329951
335,335,826609480285,67.004,4.998856,37.914745000,128.183430000,1392.000000,6536.005729,6376.621474,-159.384255,-2.438557,7.620741,10.055259,7.328105,3.690417,11.189084,8.065716,11.189084,37.916420000,128.174970000,37.916420000,128.174970000,37.916115000,128.174410000,37.916076817,128.174513765,37.916930000,128.174680000,37.916897584,128.174752626,37.916718000,128.175450000,37.916734923,128.175486135,37.915940000,128.175190000,37.915938227,128.175317388
336,336,826609480488,67.207,4.998856,37.914790000,128.183440000,1391.000000,6527.353108,6351.880688,-175.472420,-2.688263,8.958036,10.959373,9.096913,5.018345,11.974125,9.262189,11.974125,37.916428000,128.174990000,37.916428000,128.174990000,37.916122000,128.174420000,37.916083923,128.174535081,37.916943000,128.174680000,37.916903664,128.174770795,37.916733000,128.175450000,37.916743790,128.175505482,37.915955000,128.175200000,37.915948995,128.175336135
337,337,826609480691,67.410,4.998856,37.914840000,128.183440000,1391.000000,6527.499750,6333.746957,-193.752793,-2.968254,8.935612,11.265434,8.749652,4.709036,12.203272,9.231848,12.203272,37.916428000,128.174990000,37.916428000,128.174990000,37.916120000,128.174420000,37.916081684,128.174538728,37.916940000,128.174680000,37.916901899,128.174767142,37.916737000,128.175450000,37.916746348,128.175502295,37.915955000,128.175200000,37.915951541,128.175338887
338,338,826609480878,67.597,4.998856,37.914944000,128.183460000,1390.000000,6529.259461,6313.939239,-215.320221,-3.297774,8.321635,10.226932,9.054929,4.170020,11.059416,8.627824,11.059416,37.916428000,128.174990000,37.916428000,128.174990000,37.916115000,128.174440000,37.916076741,128.174545873,37.916940000,128.174670000,37.916898468,128.174758654,37.916744000,128.175450000,37.916751861,128.175496426,37.915960000,128.175220000,37.915956631,128.175345859
339,339,826609481081,67.800,4.998856,37.915000000,128.183460000,1389.000000,6499.345088,6305.895904,-193.449183,-2.976441,7.371838,8.757284,8.252617,3.782289,9.969822,7.690503,9.969822,37.916420000,128.174970000,37.916420000,128.174970000,37.916096000,128.174440000,37.916065418,128.174531874,37.916924000,128.174650000,37.916888535,128.174732521,37.916737000,128.175430000,37.916747785,128.175470841,37.915950000,128.175220000,37.915951379,128.175333511
340,340,826609481285,68.004,4.998856,37.915000000,128.183460000,1389.000000,6471.335654,6291.068038,-180.267616,-2.785632,8.646255,9.345729,9.916356,5.531038,10.459827,8.813238,10.459827,37.916428000,128.174990000,37.916428000,128.174990000,37.916103000,128.174450000,37.916074509,128.174550103,37.916930000,128.174650000,37.916896210,128.174754477,37.916750000,128.175430000,37.916754448,128.175492728,37.915962000,128.175230000,37.915959746,128.175349070
341,341,826609481489,68.208,4.998856,37.915000000,128.183460000,1389.000000,6471.335654,6291.068038,-180.267616,-2.785632,8.646255,9.345729,9.916356,5.531038,10.459827,8.813238,10.459827,37.916428000,128.174990000,37.916428000,128.174990000,37.916103000,128.174450000,37.916074509,128.174550103,37.916930000,128.174650000,37.916896210,128.174754477,37.916750000,128.175430000,37.916754448,128.175492728,37.915962000,128.175230000,37.915959746,128.175349070
342,342,826609481693,68.412,4.998856,37.915154000,128.183460000,1387.000000,6423.872349,6234.950950,-188.921399,-2.940927,8.216413,8.624365,9.930135,5.504176,9.471594,8.382567,9.930135,37.916428000,128.174990000,37.916428000,128.174990000,37.916096000,128.174470000,37.916068238,128.174561682,37.916927000,128.174640000,37.916890150,128.174742974,37.916760000,128.175420000,37.916761723,128.175482637,37.915970000,128.175250000,37.915968117,128.175357825
343,343,826609481880,68.599,4.998856,37.915154000,128.183460000,1387.000000,6423.872349,6234.950950,-188.921399,-2.940927,8.216413,8.624365,9.930135,5.504176,9.471594,8.382567,9.930135,37.916428000,128.174990000,37.916428000,128.174990000,37.916096000,128.174470000,37.916068238,128.174561682,37.916927000,128.174640000,37.916890150,128.174742974,37.916760000,128.175420000,37.916761723,128.175482637,37.915970000,128.175250000,37.915968117,128.175357825
344,344,826609482083,68.802,4.998856,37.915200000,128.183440000,1387.000000,6496.411530,6201.223489,-295.188041,-4.543863,8.595136,8.860314,11.302716,5.161328,9.599949,8.731077,11.302716,37.916428000,128.174990000,37.916428000,128.174990000,37.916092000,128.174470000,37.916066777,128.174565691,37.916924000,128.174620000,37.916887967,128.174740325,37.916763000,128.175420000,37.916763582,128.175478766,37.915970000,128.175250000,37.915970923,128.175359307
345,345,826609482320,69.039,4.998856,37.915302000,128.183440000,1385.000000,6435.848157,6164.860764,-270.987394,-4.210593,8.988128,8.540344,12.187657,6.325697,9.238115,9.072953,12.187657,37.916428000,128.174990000,37.916428000,128.174990000,37.916084000,128.174480000,37.916062849,128.174573479,37.916916000,128.174600000,37.916883726,128.174732612,37.916770000,128.175400000,37.916768186,128.175471993,37.915977000,128.175260000,37.915976651,128.175365192
346,346,826609482490,69.209,4.998856,37.915302000,128.183440000,1385.000000,6435.848157,6164.860764,-270.987394,-4.210593,8.988128,8.540344,12.187657,6.325697,9.238115,9.072953,12.187657,37.916428000,128.174990000,37.916428000,128.174990000,37.916084000,128.174480000,37.916062849,128.174573479,37.916916000,128.174600000,37.916883726,128.174732612,37.916770000,128.175400000,37.916768186,128.175471993,37.915977000,128.175260000,37.915976651,128.175365192
347,347,826609482693,69.412,4.998856,37.915350000,128.183430000,1385.000000,6451.392268,6142.420050,-308.972217,-4.789233,8.986606,8.806544,11.987036,6.032255,9.427582,9.063354,11.987036,37.916428000,128.174990000,37.916428000,128.174990000,37.916080000,128.174480000,37.916061046,128.174577358,37.916916000,128.174600000,37.916881709,128.174729389,37.916775000,128.175400000,37.916770364,128.175468436,37.915980000,128.175260000,37.915979325,128.175367347
348,348,826609482881,69.600,4.998856,37.915405000,128.183430000,1384.000000,6349.964505,6124.643287,-225.321218,-3.548385,8.760239,7.439930,12.352580,7.488670,7.954422,8.808900,12.352580,37.916428000,128.174990000,37.916428000,128.174990000,37.916077000,128.174500000,37.916058932,128.174581563,37.916910000,128.174590000,37.916879422,128.174725211,37.916780000,128.175380000,37.916772852,128.175464789,37.915985000,128.175280000,37.915982395,128.175370515
349,349,826609483085,69.804,4.998856,37.915455000,128.183410000,1384.000000,6363.455619,6092.604284,-270.851335,-4.256356,8.711918,7.744354,12.174349,7.103360,8.103744,8.781452,12.174349,37.916428000,128.174990000,37.916428000,128.174990000,37.916073000,128.174500000,37.916057327,128.174585917,37.916910000,128.174590000,37.916877059,128.174722189,37.916780000,128.175380000,37.916774892,128.175460625,37.915985000,128.175280000,37.915985400,128.175372274
350,350,826609483288,70.007,4.998856,37.915510000,128.183400000,1383.000000,6348.058152,6065.551038,-282.507114,-4.450292,8.465812,7.246746,12.593918,7.615972,6.581812,8.509612,12.593918,37.916428000,128.174990000,37.916428000,128.174990000,37.916070000,128.174510000,37.916055502,128.174590445,37.916904000,128.174580000,37.916874485,128.174718439,37.916782000,128.175370000,37.916777137,128.175456502,37.915990000,128.175300000,37.915988702,128.175374928
351,351,826609483492,70.211,4.998856,37.915554000,128.183400000,1382.000000,6332.709565,6051.610784,-281.098781,-4.438839,8.469306,7.578476,12.254260,7.379000,6.807401,8.504784,12.254260,37.916428000,128.174990000,37.916428000,128.174990000,37.916070000,128.174510000,37.916053885,128.174593842,37.916900000,128.174580000,37.916872570,128.174715136,37.916786000,128.175370000,37.916779058,128.175453561,37.915993000,128.175300000,37.915991215,128.175377482
352,352,826609483679,70.398,4.998856,37.915607000,128.183380000,1382.000000,6283.633876,6034.817462,-248.816414,-3.959754,6.909425,4.470377,11.725225,6.819870,4.734203,6.937419,11.725225,37.916420000,128.174970000,37.916420000,128.174970000,37.916050000,128.174530000,37.916043241,128.174580177,37.916885000,128.174560000,37.916862271,128.174690368,37.916780000,128.175350000,37.916774390,128.175427330,37.915985000,128.175310000,37.915986213,128.175363886
353,353,826609483888,70.607,4.998856,37.915657000,128.183360000,1381.000000,6277.571967,5985.965532,-291.606435,-4.645211,8.615310,6.454456,13.381712,8.423667,6.268383,8.632055,13.381712,37.916428000,128.174990000,37.916428000,128.174990000,37.916058000,128.174530000,37.916050853,128.174602935,37.916893000,128.174560000,37.916867395,128.174708879,37.916794000,128.175350000,37.916782985,128.175444897,37.916000000,128.175310000,37.915997652,128.175381315
354,354,826609484085,70.804,4.998856,37.915703000,128.183350000,1381.000000,6170.425145,5967.356076,-203.069069,-3.291006,8.618423,5.077116,13.953278,9.023964,6.461176,8.628884,13.953278,37.916428000,128.174990000,37.916428000,128.174990000,37.916058000,128.174550000,37.916049181,128.174606721,37.916890000,128.174550000,37.916865392,128.174705792,37.916798000,128.175340000,37.916785033,128.175441431,37.916004000,128.175310000,37.916000224,128.175383416
355,355,826609484289,71.008,4.998856,37.915756000,128.183330000,1380.000000,6144.029319,5933.834972,-210.194348,-3.421116,8.105329,4.499312,13.623198,8.609040,5.720358,8.112977,13.623198,37.916430000,128.174990000,37.916430000,128.174990000,37.916054000,128.174560000,37.916049846,128.174610962,37.916885000,128.174550000,37.916864631,128.174702961,37.916798000,128.175340000,37.916788787,128.175437332,37.916008000,128.175320000,37.916005566,128.175385064
356,356,826609484493,71.212,4.998856,37.915802000,128.183320000,1379.000000,6113.332978,5925.909819,-187.423159,-3.065810,7.250011,3.266233,13.076895,8.091083,4.576984,7.252799,13.076895,37.916420000,128.174970000,37.916420000,128.174970000,37.916040000,128.174560000,37.916037471,128.174597054,37.916866000,128.174530000,37.916852501,128.174677918,37.916790000,128.175320000,37.916781786,128.175411542,37.916000000,128.175320000,37.915998415,128.175372079
357,357,826609484681,71.400,4.998856,37.915848000,128.183290000,1379.000000,6118.367706,5888.720548,-229.647158,-3.753406,7.216981,3.647214,12.850460,7.740706,4.680105,7.229621,12.850460,37.916420000,128.174970000,37.916420000,128.174970000,37.916035000,128.174560000,37.916036361,128.174601494,37.916862000,128.174530000,37.916849962,128.174675528,37.916794000,128.175320000,37.916783352,128.175407103,37.916004000,128.175320000,37.916001462,128.175373194
358,358,826609484884,71.603,4.998856,37.915900000,128.183270000,1378.000000,6038.202283,5842.656826,-195.545457,-3.238471,8.239536,3.860598,14.493893,10.164084,4.462532,8.245277,14.493893,37.916430000,128.174990000,37.916430000,128.174990000,37.916046000,128.174580000,37.916045953,128.174623960,37.916870000,128.174530000,37.916857029,128.174694218,37.916805000,128.175310000,37.916793961,128.175424888,37.916020000,128.175340000,37.916014826,128.175390389
359,359,826609485087,71.806,4.998856,37.915947000,128.183260000,1377.000000,6082.732736,5821.890404,-260.842332,-4.288243,8.442008,3.343743,15.946763,9.897859,4.659078,8.461861,15.946763,37.916430000,128.174990000,37.916430000,128.174990000,37.916042000,128.174590000,37.916044535,128.174627939,37.916866000,128.174510000,37.916854682,128.174691015,37.916810000,128.175310000,37.916795762,128.175421251,37.916023000,128.175340000,37.916017728,128.175392630
360,360,826609485290,72.009,4.998856,37.915997000,128.183230000,1377.000000,6071.832307,5785.934808,-285.897499,-4.708587,8.413527,3.768661,15.695385,10.376841,3.924900,8.441447,15.695385,37.916430000,128.174990000,37.916430000,128.174990000,37.916040000,128.174590000,37.916043262,128.174632713,37.916862000,128.174510000,37.916851969,128.174688268,37.916813000,128.175300000,37.916797526,128.175416520,37.916027000,128.175350000,37.916020962,128.175394032
361,361,826609485478,72.197,4.998856,37.916042000,128.183210000,1376.000000,6044.362092,5770.651843,-273.710248,-4.528356,6.671823,1.913576,14.380696,8.005572,2.758003,6.764462,14.380696,37.916420000,128.174970000,37.916420000,128.174970000,37.916023000,128.174600000,37.916031301,128.174619081,37.916843000,128.174500000,37.916839554,128.174663692,37.916800000,128.175300000,37.916790143,128.175390298,37.916020000,128.175350000,37.916014089,128.175380498
362,362,826609485694,72.413,4.998856,37.916084000,128.183180000,1376.000000,5974.706061,5722.620913,-252.085148,-4.219206,8.799653,3.672368,16.128968,11.418238,4.197484,8.854265,16.128968,37.916430000,128.174990000,37.916430000,128.174990000,37.916035000,128.174600000,37.916041267,128.174641055,37.916855000,128.174500000,37.916847013,128.174683378,37.916817000,128.175280000,37.916800357,128.175408295,37.916035000,128.175350000,37.916026819,128.175396657
363,363,826609485884,72.603,4.998856,37.916134000,128.183150000,1375.000000,5950.314518,5683.965504,-266.349014,-4.476217,7.878037,2.548796,15.863818,10.973211,2.695067,8.020223,15.863818,37.916430000,128.174990000,37.916430000,128.174990000,37.916030000,128.174620000,37.916040276,128.174645935,37.916847000,128.174500000,37.916844005,128.174680599,37.916817000,128.175280000,37.916801831,128.175403462,37.916040000,128.175370000,37.916030336,128.175398137
364,364,826609486089,72.808,4.998856,37.916180000,128.183120000,1374.000000,5868.537657,5660.272013,-208.265644,-3.548851,6.595828,1.471445,13.726997,10.395775,1.424098,6.754579,13.726997,37.916420000,128.174970000,37.916420000,128.174970000,37.916020000,128.174620000,37.916028598,128.174632727,37.916832000,128.174500000,37.916831254,128.174656304,37.916810000,128.175260000,37.916794209,128.175376670,37.916030000,128.175370000,37.916023803,128.175384186
365,365,826609486292,73.011,4.998856,37.916230000,128.183090000,1374.000000,5856.170005,5613.414657,-242.755348,-4.145292,8.256999,1.836386,17.151321,11.897409,2.896082,8.445299,17.151321,37.916430000,128.174990000,37.916430000,128.174990000,37.916027000,128.174640000,37.916038209,128.174655342,37.916840000,128.174480000,37.916838385,128.174675288,37.916820000,128.175260000,37.916804845,128.175394105,37.916046000,128.175370000,37.916036888,128.175400889
366,366,826609486479,73.198,4.998856,37.916270000,128.183070000,1373.000000,5888.284722,5586.895887,-301.388835,-5.118449,8.023728,2.040773,16.941502,11.624996,2.270340,8.219403,16.941502,37.916430000,128.174990000,37.916430000,128.174990000,37.916027000,128.174640000,37.916037383,128.174659151,37.916836000,128.174480000,37.916836001,128.174672910,37.916824000,128.175260000,37.916806044,128.175390400,37.916050000,128.175380000,37.916039673,128.175402292
367,367,826609486683,73.402,4.998856,37.916313000,128.183040000,1372.000000,5793.847711,5564.908679,-228.939032,-3.951416,6.293420,1.807747,14.846225,10.127873,1.610825,7.098167,14.846225,37.916420000,128.174970000,37.916420000,128.174970000,37.916010000,128.174650000,37.916025887,128.174645734,37.916817000,128.174480000,37.916823329,128.174648861,37.916813000,128.175250000,37.916798217,128.175363792,37.916046000,128.175380000,37.916033047,128.175388176
368,368,826609486886,73.605,4.998856,37.916360000,128.183000000,1372.000000,5790.914073,5510.522264,-280.391809,-4.841927,7.960407,2.162676,16.552626,11.741581,2.633360,8.272561,16.552626,37.916430000,128.174990000,37.916430000,128.174990000,37.916023000,128.174650000,37.916035848,128.174668472,37.916824000,128.174480000,37.916830313,128.174668312,37.916830000,128.175250000,37.916808516,128.175380896,37.916060000,128.175380000,37.916046157,128.175404315
369,369,826609487089,73.808,4.998856,37.916400000,128.182970000,1371.000000,5659.083195,5489.618696,-169.464498,-2.994557,6.456049,2.093348,15.349076,11.084713,1.846651,7.593447,15.349076,37.916420000,128.174970000,37.916420000,128.174970000,37.916010000,128.174670000,37.916024511,128.174654839,37.916810000,128.174470000,37.916817736,128.174644502,37.916817000,128.175230000,37.916800504,128.175354476,37.916054000,128.175380000,37.916039418,128.175390026
370,370,826609487292,74.011,4.998856,37.916447000,128.182940000,1370.000000,5716.028613,5441.466607,-274.562006,-4.803370,7.681139,1.734651,17.052339,12.651655,2.028756,8.366850,17.052339,37.916430000,128.174990000,37.916430000,128.174990000,37.916020000,128.174670000,37.916034469,128.174677333,37.916813000,128.174470000,37.916824691,128.174663606,37.916830000,128.175230000,37.916810766,128.175371984,37.916070000,128.175400000,37.916052553,128.175406678
371,371,826609487481,74.200,4.998856,37.916490000,128.182900000,1369.000000,5626.087853,5398.374737,-227.713116,-4.047450,7.655221,1.575824,16.875536,13.111713,2.430849,8.498481,16.875536,37.916430000,128.174990000,37.916430000,128.174990000,37.916020000,128.174680000,37.916034062,128.174682065,37.916810000,128.174470000,37.916821632,128.174661592,37.916832000,128.175220000,37.916811635,128.175367052,37.916077000,128.175400000,37.916055957,128.175407396
372,372,826609487684,74.403,4.998856,37.916573000,128.182830000,1368.000000,5600.767574,5327.842847,-272.924726,-4.872988,7.586270,1.637595,18.302293,12.282075,2.148270,8.592558,18.302293,37.916430000,128.174990000,37.916430000,128.174990000,37.916020000,128.174700000,37.916032852,128.174690927,37.916800000,128.174450000,37.916816134,128.174657399,37.916832000,128.175220000,37.916813724,128.175357922,37.916080000,128.175400000,37.916062108,128.175409166
373,373,826609487888,74.607,4.998856,37.916573000,128.182830000,1368.000000,5534.289620,5327.842847,-206.446773,-3.730321,8.024037,2.038160,18.325480,14.017247,2.566536,9.236856,18.325480,37.916430000,128.174990000,37.916430000,128.174990000,37.916016000,128.174700000,37.916032852,128.174690927,37.916798000,128.174450000,37.916816134,128.174657399,37.916832000,128.175200000,37.916813724,128.175357922,37.916084000,128.175400000,37.916062108,128.175409166
374,374,826609488091,74.810,4.998856,37.916573000,128.182830000,1368.000000,5534.289620,5327.842847,-206.446773,-3.730321,8.024037,2.038160,18.325480,14.017247,2.566536,9.236856,18.325480,37.916430000,128.174990000,37.916430000,128.174990000,37.916016000,128.174700000,37.916032852,128.174690927,37.916798000,128.174450000,37.916816134,128.174657399,37.916832000,128.175200000,37.916813724,128.175357922,37.916084000,128.175400000,37.916062108,128.175409166
375,375,826609488278,74.997,4.998856,37.916650000,128.182750000,1367.000000,5574.176392,5250.257543,-323.918849,-5.811062,7.304605,2.012383,18.003326,13.257279,2.575834,8.962205,18.003326,37.916430000,128.174990000,37.916430000,128.174990000,37.916016000,128.174710000,37.916032142,128.174699685,37.916794000,128.174450000,37.916810596,128.174653918,37.916836000,128.175200000,37.916815290,128.175348658,37.916090000,128.175420000,37.916068187,128.175410212
376,376,826609488481,75.200,4.998856,37.916690000,128.182710000,1366.000000,5525.686591,5209.994863,-315.691728,-5.713167,7.489460,1.838349,17.853705,13.696137,2.424754,8.953236,17.853705,37.916430000,128.174990000,37.916430000,128.174990000,37.916016000,128.174710000,37.916031873,128.174704224,37.916790000,128.174450000,37.916807613,128.174652067,37.916836000,128.175190000,37.916815994,128.175343880,37.916092000,128.175420000,37.916071453,128.175410836
377,377,826609488684,75.403,4.998856,37.916730000,128.182680000,1365.000000,5470.548994,5179.276007,-291.272987,-5.324383,7.241993,2.551387,18.609312,13.308187,2.497377,9.241566,18.609312,37.916430000,128.174990000,37.916430000,128.174990000,37.916016000,128.174730000,37.916031360,128.174708437,37.916782000,128.174440000,37.916804874,128.174649908,37.916836000,128.175190000,37.916816914,128.175339594,37.916096000,128.175420000,37.916074495,128.175411901
378,378,826609488888,75.607,4.998856,37.916767000,128.182630000,1365.000000,5412.869594,5135.658049,-277.211544,-5.121342,7.642145,2.789336,18.473505,14.596972,2.918694,9.694627,18.473505,37.916430000,128.174990000,37.916430000,128.174990000,37.916010000,128.174730000,37.916031183,128.174713034,37.916780000,128.174440000,37.916802017,128.174648495,37.916836000,128.175170000,37.916817535,128.175334557,37.916103000,128.175420000,37.916077553,128.175411992
379,379,826609489092,75.811,4.998856,37.916805000,128.182590000,1364.000000,5390.726569,5096.945788,-293.780782,-5.449744,7.173113,3.064516,18.444265,14.181444,3.302073,9.748074,18.444265,37.916430000,128.174990000,37.916430000,128.174990000,37.916010000,128.174740000,37.916031002,128.174717440,37.916770000,128.174440000,37.916799089,128.174646759,37.916836000,128.175170000,37.916818131,128.175329885,37.916107000,128.175430000,37.916080727,128.175412544
380,380,826609489280,75.999,4.998856,37.916843000,128.182540000,1363.000000,5384.420940,5049.959507,-334.461433,-6.211651,7.133590,2.819319,18.258436,13.724761,3.255809,9.514581,18.258436,37.916430000,128.174990000,37.916430000,128.174990000,37.916010000,128.174740000,37.916031071,128.174722189,37.916770000,128.174440000,37.916795894,128.174645298,37.916836000,128.175170000,37.916818501,128.175324699,37.916110000,128.175430000,37.916084133,128.175412697
381,381,826609489483,76.202,4.998856,37.916878000,128.182500000,1362.000000,5305.625013,5010.109655,-295.515358,-5.569850,7.555089,2.612167,18.129233,14.197568,2.613752,9.388180,18.129233,37.916430000,128.174990000,37.916430000,128.174990000,37.916010000,128.174740000,37.916031069,128.174726905,37.916767000,128.174440000,37.916793075,128.174643771,37.916836000,128.175160000,37.916818947,128.175320214,37.916110000,128.175420000,37.916087160,128.175413101
382,382,826609489686,76.405,4.998856,37.916912000,128.182460000,1362.000000,5258.406114,4975.419622,-282.986491,-5.381602,7.532277,1.812332,18.023208,13.807051,2.856886,9.124869,18.023208,37.916430000,128.174990000,37.916430000,128.174990000,37.916016000,128.174740000,37.916030828,128.174731481,37.916763000,128.174440000,37.916790564,128.174642231,37.916836000,128.175160000,37.916819636,128.175315844,37.916115000,128.175420000,37.916089851,128.175413517
383,383,826609489889,76.608,4.998856,37.916950000,128.182400000,1361.000000,5241.982149,4919.155366,-322.826783,-6.158487,7.501643,1.712835,17.907125,13.306761,3.007479,8.983550,17.907125,37.916430000,128.174990000,37.916430000,128.174990000,37.916016000,128.174740000,37.916031231,128.174737236,37.916760000,128.174440000,37.916787080,128.174640995,37.916836000,128.175160000,37.916819773,128.175310119,37.916120000,128.175420000,37.916093501,128.175413329
384,384,826609490093,76.812,4.998856,37.916980000,128.182360000,1360.000000,5203.954264,4926.749964,-277.204300,-5.326801,6.111798,2.369793,15.866765,10.900893,2.164496,7.825487,15.866765,37.916410000,128.174940000,37.916410000,128.174940000,37.915993000,128.174710000,37.916009820,128.174693459,37.916737000,128.174410000,37.916764780,128.174587207,37.916813000,128.175130000,37.916801807,128.175253313,37.916096000,128.175380000,37.916077185,128.175373782
385,385,826609490281,77.000,4.998856,37.917010000,128.182310000,1360.000000,5182.934084,4838.861664,-344.072420,-6.638564,7.237095,1.817866,16.758718,12.479848,2.409807,8.366560,16.758718,37.916430000,128.174990000,37.916430000,128.174990000,37.916016000,128.174740000,37.916031600,128.174746120,37.916760000,128.174450000,37.916781831,128.174638811,37.916832000,128.175160000,37.916820255,128.175301324,37.916120000,128.175420000,37.916099003,128.175413322
386,386,826609490485,77.204,4.998856,37.917050000,128.182270000,1359.000000,5098.174694,4801.870587,-296.304106,-5.811965,7.438618,1.616888,16.600800,11.149747,2.326008,7.923361,16.600800,37.916430000,128.174990000,37.916430000,128.174990000,37.916020000,128.174740000,37.916031462,128.174751309,37.916756000,128.174450000,37.916778736,128.174636821,37.916830000,128.175170000,37.916820906,128.175296436,37.916120000,128.175400000,37.916102318,128.175414113
387,387,826609490688,77.407,4.998856,37.917080000,128.182220000,1358.000000,5018.987720,4756.374497,-262.613222,-5.232394,6.974386,1.932057,14.733058,10.738671,2.039000,7.360696,14.733058,37.916430000,128.174990000,37.916430000,128.174990000,37.916020000,128.174740000,37.916031929,128.174755980,37.916756000,128.174470000,37.916775821,128.174635871,37.916830000,128.175170000,37.916820880,128.175291732,37.916120000,128.175400000,37.916105341,128.175413922
388,388,826609490891,77.610,4.998856,37.917114000,128.182160000,1358.000000,4899.767331,4708.123999,-191.643332,-3.911274,7.385362,2.136480,14.587327,10.216936,3.223391,7.541034,14.587327,37.916430000,128.174990000,37.916430000,128.174990000,37.916023000,128.174740000,37.916032217,128.174761339,37.916756000,128.174470000,37.916772729,128.174634744,37.916824000,128.175170000,37.916821114,128.175286281,37.916120000,128.175380000,37.916108525,128.175413699
389,389,826609491079,77.798,4.998856,37.917140000,128.182110000,1357.000000,4893.853946,4722.934447,-170.919499,-3.492534,5.747478,1.617941,11.722027,8.009827,2.117591,5.866847,11.722027,37.916412000,128.174940000,37.916412000,128.174940000,37.916004000,128.174700000,37.916012948,128.174714518,37.916737000,128.174450000,37.916752400,128.174582041,37.916805000,128.175140000,37.916804611,128.175231205,37.916100000,128.175350000,37.916094276,128.175372995
390,390,826609491312,78.031,4.998856,37.917170000,128.182070000,1356.000000,4856.507781,4627.881092,-228.626688,-4.707636,7.339360,3.573756,13.479073,9.452297,3.014009,7.379784,13.479073,37.916430000,128.174990000,37.916430000,128.174990000,37.916027000,128.174730000,37.916033073,128.174769959,37.916756000,128.174480000,37.916767287,128.174632816,37.916820000,128.175170000,37.916821082,128.175277623,37.916120000,128.175380000,37.916114150,128.175413509
391,391,826609491485,78.204,4.998856,37.917202000,128.182020000,1356.000000,4813.639277,4590.449589,-223.189687,-4.636610,6.670717,3.992011,11.589467,7.298382,3.833459,6.678330,11.589467,37.916430000,128.174990000,37.916430000,128.174990000,37.916027000,128.174730000,37.916033200,128.174774772,37.916756000,128.174500000,37.916764510,128.174631526,37.916820000,128.175190000,37.916821450,128.175273085,37.916115000,128.175370000,37.916117009,128.175413577
392,392,826609491688,78.407,4.998856,37.917233000,128.181960000,1355.000000,4711.185019,4540.681914,-170.503105,-3.619113,7.084342,4.407195,11.488851,6.872588,5.576284,7.086229,11.488851,37.916430000,128.174990000,37.916430000,128.174990000,37.916030000,128.174730000,37.916033904,128.174779939,37.916756000,128.174500000,37.916761232,128.174630653,37.916817000,128.175190000,37.916821257,128.175268071,37.916115000,128.175350000,37.916120340,128.175413134
393,393,826609491893,78.612,4.998856,37.917263000,128.181920000,1354.000000,4718.957074,4507.291841,-211.665233,-4.485424,7.297560,6.537901,10.485671,6.572305,5.640492,7.309092,10.485671,37.916430000,128.174990000,37.916430000,128.174990000,37.916030000,128.174710000,37.916034165,128.174784258,37.916756000,128.174510000,37.916758510,128.174629356,37.916813000,128.175190000,37.916821443,128.175264069,37.916115000,128.175350000,37.916123162,128.175413389
394,394,826609492081,78.800,4.998856,37.917290000,128.181850000,1354.000000,4698.427118,4455.342727,-243.084391,-5.173740,7.256156,6.972882,10.439851,6.115602,5.629949,7.289571,10.439851,37.916430000,128.174990000,37.916430000,128.174990000,37.916035000,128.174710000,37.916034953,128.174789399,37.916756000,128.174510000,37.916755406,128.174628874,37.916813000,128.175190000,37.916821164,128.175258864,37.916115000,128.175350000,37.916126240,128.175412504
395,395,826609492284,79.003,4.998856,37.917316000,128.181810000,1353.000000,4570.995368,4459.570088,-111.425281,-2.437659,6.229932,5.445717,8.510578,5.020416,6.257988,6.308675,8.510578,37.916420000,128.174960000,37.916420000,128.174960000,37.916027000,128.174700000,37.916024141,128.174761903,37.916744000,128.174500000,37.916743155,128.174596902,37.916800000,128.175170000,37.916812127,128.175225061,37.916103000,128.175320000,37.916119479,128.175388128
396,396,826609492488,79.207,4.998856,37.917347000,128.181750000,1352.000000,4597.537423,4411.880845,-185.656578,-4.038174,5.605718,5.801649,7.632272,3.348685,6.432463,5.803767,7.632272,37.916424000,128.174960000,37.916424000,128.174960000,37.916027000,128.174700000,37.916028864,128.174766020,37.916748000,128.174510000,37.916744052,128.174596763,37.916798000,128.175190000,37.916815781,128.175220756,37.916103000,128.175320000,37.916126531,128.175386897
397,397,826609492697,79.416,4.998856,37.917374000,128.181700000,1352.000000,4426.600722,4340.511260,-86.089462,-1.944821,6.779785,8.173412,6.740823,4.399773,8.550761,6.966193,8.550761,37.916430000,128.174990000,37.916430000,128.174990000,37.916040000,128.174710000,37.916036401,128.174802957,37.916756000,128.174550000,37.916746899,128.174625885,37.916805000,128.175200000,37.916821115,128.175245746,37.916110000,128.175320000,37.916134860,128.175412126
398,398,826609492878,79.597,4.998856,37.917400000,128.181660000,1351.000000,4431.830972,4308.859035,-122.971937,-2.774743,6.992804,9.409334,6.699948,4.370230,8.657911,7.284356,9.409334,37.916430000,128.174990000,37.916430000,128.174990000,37.916042000,128.174700000,37.916036824,128.174806941,37.916756000,128.174550000,37.916744308,128.174624838,37.916800000,128.175200000,37.916821112,128.175241954,37.916110000,128.175320000,37.916137500,128.175412218
399,399,826609493081,79.800,4.998856,37.917430000,128.181600000,1351.000000,4431.830972,4268.125808,-163.705165,-3.693849,6.968253,9.851121,6.681957,4.010317,8.768400,7.327949,9.851121,37.916430000,128.174990000,37.916430000,128.174990000,37.916042000,128.174700000,37.916037293,128.174812014,37.916756000,128.174550000,37.916741252,128.174623754,37.916800000,128.175200000,37.916821177,128.175236941,37.916110000,128.175320000,37.916140552,128.175412028
400,400,826609493285,80.004,4.998856,37.917454000,128.181550000,1350.000000,4343.063352,4229.632080,-113.431272,-2.611780,6.971874,10.215571,5.684447,3.699561,9.670823,7.317601,10.215571,37.916430000,128.174990000,37.916430000,128.174990000,37.916042000,128.174700000,37.916038025,128.174816214,37.916750000,128.174560000,37.916738467,128.174623055,37.916800000,128.175200000,37.916820876,128.175232778,37.916110000,128.175310000,37.916143335,128.175411690
401,401,826609493489,80.208,4.998856,37.917484000,128.181490000,1349.000000,4299.657159,4208.169577,-91.487582,-2.127788,5.919168,8.675413,4.835320,3.055171,9.169849,6.433938,9.169849,37.916430000,128.174970000,37.916430000,128.174970000,37.916042000,128.174700000,37.916037968,128.174798653,37.916748000,128.174550000,37.916735727,128.174602816,37.916798000,128.175190000,37.916821024,128.175208935,37.916110000,128.175300000,37.916146587,128.175393551
402,402,826609493692,80.411,4.998856,37.917510000,128.181440000,1349.000000,4308.846759,4152.986077,-155.860682,-3.617225,6.899665,11.065889,5.703372,3.258485,9.689710,7.429364,11.065889,37.916430000,128.174990000,37.916430000,128.174990000,37.916046000,128.174700000,37.916039184,128.174825709,37.916750000,128.174560000,37.916732466,128.174621022,37.916798000,128.175200000,37.916820723,128.175223390,37.916115000,128.175310000,37.916149321,128.175411396
403,403,826609493880,80.599,4.998856,37.917538000,128.181380000,1348.000000,4303.958674,4109.470390,-194.488284,-4.518823,6.882690,11.496786,5.683367,2.969992,9.811414,7.490390,11.496786,37.916430000,128.174990000,37.916430000,128.174990000,37.916046000,128.174700000,37.916040044,128.174830694,37.916748000,128.174560000,37.916729168,128.174620152,37.916798000,128.175200000,37.916820383,128.175218404,37.916115000,128.175310000,37.916152593,128.175411049
404,404,826609494083,80.802,4.998856,37.917564000,128.181340000,1347.000000,4221.789968,4102.526700,-119.263269,-2.824946,5.618725,9.865505,4.195777,3.021863,9.334168,6.604328,9.865505,37.916430000,128.174970000,37.916430000,128.174970000,37.916046000,128.174700000,37.916039643,128.174812047,37.916748000,128.174560000,37.916727145,128.174599797,37.916794000,128.175190000,37.916820760,128.175195782,37.916115000,128.175300000,37.916155182,128.175393288
405,405,826609494286,81.005,4.998856,37.917590000,128.181270000,1347.000000,4149.397432,4035.618383,-113.779049,-2.742062,6.182123,11.446934,4.079741,3.009830,9.821006,7.089378,11.446934,37.916430000,128.174990000,37.916430000,128.174990000,37.916050000,128.174710000,37.916041357,128.174839883,37.916744000,128.174580000,37.916723263,128.174618304,37.916794000,128.175200000,37.916820047,128.175209192,37.916120000,128.175310000,37.916158427,128.175410665
406,406,826609494489,81.208,4.998856,37.917618000,128.181230000,1346.000000,4113.030081,4007.745225,-105.284856,-2.559788,6.384142,11.813823,4.173599,2.940829,10.776715,7.426241,11.813823,37.916430000,128.174990000,37.916430000,128.174990000,37.916050000,128.174710000,37.916041775,128.174844117,37.916744000,128.174580000,37.916720460,128.174616989,37.916794000,128.175200000,37.916820105,128.175205138,37.916120000,128.175300000,37.916161250,128.175411015
407,407,826609494692,81.411,4.998856,37.917645000,128.181170000,1346.000000,4098.659112,3971.327596,-127.331516,-3.106663,6.367989,12.236996,4.035665,2.897796,10.813223,7.495920,12.236996,37.916430000,128.174990000,37.916430000,128.174990000,37.916050000,128.174710000,37.916042375,128.174849005,37.916740000,128.174580000,37.916717410,128.174615941,37.916794000,128.175200000,37.916820031,128.175200180,37.916122000,128.175300000,37.916164235,128.175410880
408,408,826609494880,81.599,4.998856,37.917645000,128.181170000,1346.000000,4098.659112,3971.327596,-127.331516,-3.106663,6.367989,12.236996,4.035665,2.897796,10.813223,7.495920,12.236996,37.916430000,128.174990000,37.916430000,128.174990000,37.916050000,128.174710000,37.916042375,128.174849005,37.916740000,128.174580000,37.916717410,128.174615941,37.916794000,128.175200000,37.916820031,128.175200180,37.916122000,128.175300000,37.916164235,128.175410880
409,409,826609495085,81.804,4.998856,37.917725000,128.181020000,1344.000000,4037.949099,3875.493518,-162.455580,-4.023220,6.538782,13.413933,4.272136,3.320167,11.074330,8.020142,13.413933,37.916430000,128.174990000,37.916430000,128.174990000,37.916050000,128.174710000,37.916044192,128.174862565,37.916737000,128.174580000,37.916708487,128.174612560,37.916790000,128.175190000,37.916819711,128.175186690,37.916126000,128.175300000,37.916173040,128.175411113
410,410,826609495288,82.007,4.998856,37.917725000,128.181020000,1344.000000,4037.949099,3875.493518,-162.455580,-4.023220,6.538782,13.413933,4.272136,3.320167,11.074330,8.020142,13.413933,37.916430000,128.174990000,37.916430000,128.174990000,37.916050000,128.174710000,37.916044192,128.174862565,37.916737000,128.174580000,37.916708487,128.174612560,37.916790000,128.175190000,37.916819711,128.175186690,37.916126000,128.175300000,37.916173040,128.175411113
411,411,826609495491,82.210,4.998856,37.917747000,128.180950000,1343.000000,3969.222626,3828.739954,-140.482672,-3.539299,6.100220,12.084619,4.201841,3.302446,11.189975,7.694720,12.084619,37.916430000,128.174990000,37.916430000,128.174990000,37.916050000,128.174730000,37.916045505,128.174867487,37.916733000,128.174580000,37.916705064,128.174612176,37.916790000,128.175190000,37.916818896,128.175181483,37.916126000,128.175300000,37.916176330,128.175410297
412,412,826609495679,82.398,4.998856,37.917778000,128.180910000,1342.000000,4019.178580,3823.053035,-196.125544,-4.879742,4.893472,12.152028,2.978306,4.320866,10.041820,7.373255,12.152028,37.916435000,128.174970000,37.916435000,128.174970000,37.916054000,128.174710000,37.916049913,128.174848276,37.916733000,128.174580000,37.916708078,128.174592336,37.916794000,128.175190000,37.916824316,128.175159274,37.916130000,128.175300000,37.916183825,128.175391759
413,413,826609495882,82.601,4.998856,37.917800000,128.180850000,1342.000000,3953.482993,3769.937017,-183.545976,-4.642640,6.054962,12.877430,4.321469,3.554439,11.321786,8.018781,12.877430,37.916430000,128.174990000,37.916430000,128.174990000,37.916050000,128.174730000,37.916046673,128.174876572,37.916730000,128.174580000,37.916699082,128.174609757,37.916790000,128.175190000,37.916818746,128.175172380,37.916130000,128.175300000,37.916182188,128.175410653
414,414,826609496085,82.804,4.998856,37.917828000,128.180800000,1341.000000,3877.619653,3757.428142,-120.191512,-3.099621,4.809628,11.205093,3.249927,3.763664,9.898407,7.029273,11.205093,37.916435000,128.174970000,37.916435000,128.174970000,37.916054000,128.174730000,37.916051389,128.174857547,37.916730000,128.174580000,37.916701959,128.174590301,37.916794000,128.175170000,37.916823838,128.175149846,37.916138000,128.175300000,37.916189782,128.175391627
415,415,826609496289,83.008,4.998856,37.917854000,128.180740000,1340.000000,3821.993512,3701.874661,-120.118850,-3.142832,6.237616,12.859456,3.910856,3.193652,11.469056,7.858255,12.859456,37.916430000,128.174990000,37.916430000,128.174990000,37.916054000,128.174740000,37.916048409,128.174886257,37.916720000,128.174580000,37.916692401,128.174607554,37.916790000,128.175170000,37.916818086,128.175162583,37.916134000,128.175300000,37.916188699,128.175410671
416,416,826609496483,83.202,4.998856,37.917880000,128.180700000,1340.000000,3809.381994,3700.581011,-108.800983,-2.856132,4.600296,11.139011,2.766748,4.182725,10.181251,7.067434,11.139011,37.916435000,128.174970000,37.916435000,128.174970000,37.916058000,128.174740000,37.916052620,128.174866654,37.916720000,128.174580000,37.916695936,128.174587878,37.916794000,128.175170000,37.916823619,128.175140693,37.916140000,128.175300000,37.916195663,128.175391989
417,417,826609496681,83.400,4.998856,37.917904000,128.180630000,1339.000000,3805.178500,3640.049492,-165.129008,-4.339586,6.168461,13.671087,4.192389,3.412336,11.478682,8.188624,13.671087,37.916430000,128.174990000,37.916430000,128.174990000,37.916054000,128.174740000,37.916049959,128.174895586,37.916718000,128.174580000,37.916686107,128.174605390,37.916790000,128.175170000,37.916817569,128.175153013,37.916140000,128.175300000,37.916194773,128.175410741
418,418,826609496884,83.603,4.998856,37.917934000,128.180590000,1339.000000,3768.713387,3622.708397,-146.004991,-3.874134,6.391868,14.067461,4.002194,3.269439,11.713696,8.263198,14.067461,37.916430000,128.174990000,37.916430000,128.174990000,37.916054000,128.174740000,37.916050122,128.174900108,37.916714000,128.174580000,37.916683226,128.174603563,37.916790000,128.175160000,37.916817958,128.175148596,37.916140000,128.175300000,37.916197600,128.175411624
419,419,826609497087,83.806,4.998856,37.917957000,128.180530000,1338.000000,3695.001069,3586.965899,-108.035170,-2.923820,5.932962,12.724493,3.907327,3.365536,11.586573,7.895982,12.724493,37.916430000,128.174990000,37.916430000,128.174990000,37.916054000,128.174760000,37.916051252,128.174904850,37.916710000,128.174580000,37.916679848,128.174602776,37.916790000,128.175160000,37.916817339,128.175143638,37.916145000,128.175300000,37.916200833,128.175411346
420,420,826609497290,84.009,4.998856,37.917984000,128.180470000,1337.000000,3677.403963,3552.764803,-124.639160,-3.389325,5.901961,13.173719,3.822354,3.544379,11.497276,8.009432,13.173719,37.916430000,128.174990000,37.916430000,128.174990000,37.916054000,128.174760000,37.916052298,128.174909991,37.916706000,128.174580000,37.916676214,128.174601653,37.916790000,128.175160000,37.916816867,128.175138342,37.916150000,128.175300000,37.916204325,128.175411345
421,421,826609497478,84.197,4.998856,37.918010000,128.180420000,1337.000000,3646.022211,3528.582640,-117.439571,-3.221033,6.247223,13.486031,3.201090,3.571421,11.010849,7.817348,13.486031,37.916435000,128.174990000,37.916435000,128.174990000,37.916054000,128.174760000,37.916057715,128.174913491,37.916702000,128.174580000,37.916678576,128.174601144,37.916790000,128.175140000,37.916821788,128.175134500,37.916153000,128.175310000,37.916211735,128.175410880
422,422,826609497681,84.400,4.998856,37.918034000,128.180370000,1336.000000,3615.569445,3500.454423,-115.115022,-3.183870,6.039267,13.004355,3.260360,3.603911,11.224015,7.773160,13.004355,37.916435000,128.174990000,37.916435000,128.174990000,37.916054000,128.174770000,37.916058627,128.174917962,37.916700000,128.174580000,37.916675374,128.174600098,37.916790000,128.175140000,37.916821383,128.175129920,37.916153000,128.175310000,37.916214811,128.175410973
423,423,826609497884,84.603,4.998856,37.918064000,128.180310000,1335.000000,3570.549944,3484.255092,-86.294852,-2.416850,4.655746,11.420080,2.698931,4.648149,10.674741,7.360475,11.420080,37.916440000,128.174970000,37.916440000,128.174970000,37.916058000,128.174770000,37.916063523,128.174899850,37.916702000,128.174580000,37.916677758,128.174580507,37.916794000,128.175140000,37.916826314,128.175106480,37.916160000,128.175300000,37.916222889,128.175391760
424,424,826609498089,84.808,4.998856,37.918087000,128.180270000,1334.000000,3593.866350,3446.777445,-147.088905,-4.092776,5.984410,13.843439,3.319351,3.833365,11.228003,8.056040,13.843439,37.916435000,128.174990000,37.916435000,128.174990000,37.916054000,128.174770000,37.916060381,128.174927425,37.916695000,128.174580000,37.916668606,128.174597586,37.916790000,128.175140000,37.916820730,128.175120301,37.916160000,128.175310000,37.916221318,128.175411513
425,425,826609498292,85.011,4.998856,37.918114000,128.180200000,1334.000000,3632.628612,3429.744260,-202.884352,-5.585056,5.048464,12.279222,3.100497,4.592752,10.238349,7.552705,12.279222,37.916440000,128.174970000,37.916440000,128.174970000,37.916058000,128.174770000,37.916065235,128.174909520,37.916695000,128.174560000,37.916671073,128.174578071,37.916794000,128.175130000,37.916825674,128.175096489,37.916164000,128.175310000,37.916229267,128.175392141
426,426,826609498479,85.198,4.998856,37.918140000,128.180150000,1333.000000,3562.435724,3403.733918,-158.701806,-4.454868,4.630065,10.950463,2.892607,4.845895,10.041257,7.182556,10.950463,37.916440000,128.174970000,37.916440000,128.174970000,37.916058000,128.174790000,37.916066149,128.174914262,37.916690000,128.174560000,37.916667663,128.174576829,37.916794000,128.175130000,37.916825304,128.175091657,37.916170000,128.175310000,37.916232536,128.175392399
427,427,826609498683,85.402,4.998856,37.918163000,128.180100000,1332.000000,3542.785626,3376.592391,-166.193235,-4.691033,4.715851,11.350940,2.876706,5.408379,10.289049,7.481269,11.350940,37.916440000,128.174970000,37.916440000,128.174970000,37.916058000,128.174790000,37.916067142,128.174918731,37.916687000,128.174560000,37.916664462,128.174576025,37.916790000,128.175130000,37.916824813,128.175087043,37.916170000,128.175310000,37.916235642,128.175392481
428,428,826609498886,85.605,4.998856,37.918190000,128.180040000,1332.000000,3459.590669,3333.859228,-125.731441,-3.634287,5.812268,13.884226,3.056477,4.578709,11.530979,8.262598,13.884226,37.916435000,128.174990000,37.916435000,128.174990000,37.916054000,128.174790000,37.916064141,128.174947574,37.916680000,128.174580000,37.916654738,128.174593635,37.916786000,128.175130000,37.916819248,128.175099306,37.916170000,128.175310000,37.916234759,128.175412478
429,429,826609499089,85.808,4.998856,37.918217000,128.180000000,1331.000000,3375.711139,3314.028188,-61.682951,-1.827258,6.030188,13.402790,2.930246,3.912926,11.647970,7.973483,13.402790,37.916435000,128.174990000,37.916435000,128.174990000,37.916054000,128.174800000,37.916064874,128.174951991,37.916676000,128.174580000,37.916651592,128.174592494,37.916786000,128.175110000,37.916819066,128.175094885,37.916172000,128.175310000,37.916237867,128.175413057
430,430,826609499292,86.011,4.998856,37.918243000,128.179930000,1330.000000,3441.211471,3278.198290,-163.013181,-4.737087,6.376963,13.917314,4.226993,4.042128,11.641021,8.456864,13.917314,37.916435000,128.174990000,37.916435000,128.174990000,37.916054000,128.174800000,37.916066332,128.174957701,37.916676000,128.174560000,37.916647481,128.174591779,37.916786000,128.175110000,37.916818233,128.175088809,37.916176000,128.175310000,37.916241836,128.175412987
431,431,826609499481,86.200,4.998856,37.918266000,128.179890000,1330.000000,3410.905116,3278.886463,-132.018653,-3.870487,5.072376,12.224372,2.968830,4.739175,10.628204,7.640145,12.224372,37.916440000,128.174970000,37.916440000,128.174970000,37.916058000,128.174800000,37.916070595,128.174938278,37.916676000,128.174560000,37.916651018,128.174571833,37.916790000,128.175100000,37.916823592,128.175066848,37.916180000,128.175310000,37.916248748,128.175393977
432,432,826609499684,86.403,4.998856,37.918293000,128.179820000,1329.000000,3351.466240,3244.185155,-107.281085,-3.201019,4.642663,11.091979,3.094835,5.000085,10.651832,7.459683,11.091979,37.916435000,128.174970000,37.916435000,128.174970000,37.916054000,128.174820000,37.916067215,128.174945187,37.916668000,128.174560000,37.916641500,128.174570655,37.916786000,128.175100000,37.916817818,128.175059814,37.916180000,128.175310000,37.916248388,128.175394834
433,433,826609499887,86.606,4.998856,37.918320000,128.179760000,1328.000000,3341.885595,3215.454690,-126.430904,-3.783221,4.646219,11.582857,3.062538,5.315923,10.729170,7.672622,11.582857,37.916435000,128.174970000,37.916435000,128.174970000,37.916054000,128.174820000,37.916068479,128.174950609,37.916664000,128.174560000,37.916637577,128.174569711,37.916786000,128.175100000,37.916817170,128.175054142,37.916183000,128.175310000,37.916252199,128.175395040
434,434,826609500090,86.809,4.998856,37.918343000,128.179720000,1327.000000,3330.936285,3196.339217,-134.597068,-4.040818,4.641076,11.953373,2.935816,5.573040,10.666936,7.782291,11.953373,37.916435000,128.174970000,37.916435000,128.174970000,37.916054000,128.174820000,37.916069368,128.174954710,37.916660000,128.174560000,37.916634565,128.174568835,37.916786000,128.175100000,37.916816778,128.175049949,37.916187000,128.175310000,37.916255152,128.175395383
435,435,826609500278,86.997,4.998856,37.918365000,128.179670000,1327.000000,3275.798693,3177.349141,-98.449552,-3.005360,4.283083,10.623947,2.815926,5.889419,10.691596,7.505222,10.691596,37.916435000,128.174970000,37.916435000,128.174970000,37.916054000,128.174840000,37.916070174,128.174959223,37.916656000,128.174560000,37.916631466,128.174567810,37.916786000,128.175100000,37.916816477,128.175045183,37.916190000,128.175310000,37.916258141,128.175395796
436,436,826609500481,87.200,4.998856,37.918392000,128.179610000,1326.000000,3262.503103,3150.078885,-112.424218,-3.445950,4.500365,11.123463,2.907210,4.866141,10.434897,7.332928,11.123463,37.916435000,128.174970000,37.916435000,128.174970000,37.916054000,128.174840000,37.916071506,128.174964702,37.916653000,128.174560000,37.916627449,128.174566846,37.916786000,128.175080000,37.916815772,128.175039428,37.916190000,128.175320000,37.916262035,128.175396032
437,437,826609500684,87.403,4.998856,37.918420000,128.179550000,1325.000000,3256.637401,3123.682783,-132.954618,-4.082574,4.410968,11.633703,3.341752,5.206699,10.365997,7.637038,11.633703,37.916435000,128.174970000,37.916435000,128.174970000,37.916054000,128.174840000,37.916072851,128.174970298,37.916653000,128.174560000,37.916623332,128.174565808,37.916786000,128.175080000,37.916815074,128.175033558,37.916195000,128.175320000,37.916266025,128.175396336
438,438,826609500888,87.607,4.998856,37.918446000,128.179490000,1325.000000,3170.704661,3102.147869,-68.556792,-2.162194,5.036917,12.058974,3.166452,4.300458,11.187880,7.678441,12.058974,37.916440000,128.174970000,37.916440000,128.174970000,37.916058000,128.174840000,37.916078718,128.174974779,37.916653000,128.174560000,37.916624821,128.174564913,37.916790000,128.175060000,37.916819605,128.175028541,37.916200000,128.175310000,37.916274109,128.175396052
439,439,826609501092,87.811,4.998856,37.918470000,128.179440000,1324.000000,3176.130650,3080.693396,-95.437255,-3.004828,4.619214,11.700443,3.250739,4.515096,10.591121,7.514350,11.700443,37.916435000,128.174970000,37.916435000,128.174970000,37.916054000,128.174850000,37.916075119,128.174980514,37.916645000,128.174560000,37.916615945,128.174563709,37.916786000,128.175060000,37.916813973,128.175022771,37.916200000,128.175320000,37.916273154,128.175397108
440,440,826609501280,87.999,4.998856,37.918470000,128.179440000,1324.000000,3176.130650,3080.693396,-95.437255,-3.004828,4.619214,11.700443,3.250739,4.515096,10.591121,7.514350,11.700443,37.916435000,128.174970000,37.916435000,128.174970000,37.916054000,128.174850000,37.916075119,128.174980514,37.916645000,128.174560000,37.916615945,128.174563709,37.916786000,128.175060000,37.916813973,128.175022771,37.916200000,128.175320000,37.916273154,128.175397108
441,441,826609501483,88.202,4.998856,37.918518000,128.179340000,1322.000000,3146.899905,3038.427784,-108.472121,-3.446952,4.699497,12.578916,3.153189,5.369429,10.704667,7.951550,12.578916,37.916435000,128.174970000,37.916435000,128.174970000,37.916054000,128.174850000,37.916077625,128.174990068,37.916637000,128.174560000,37.916608718,128.174561992,37.916782000,128.175060000,37.916812592,128.175012730,37.916206000,128.175320000,37.916280149,128.175397613
442,442,826609501686,88.405,4.998856,37.918518000,128.179340000,1322.000000,3146.899905,3038.427784,-108.472121,-3.446952,4.699497,12.578916,3.153189,5.369429,10.704667,7.951550,12.578916,37.916435000,128.174970000,37.916435000,128.174970000,37.916054000,128.174850000,37.916077625,128.174990068,37.916637000,128.174560000,37.916608718,128.174561992,37.916782000,128.175060000,37.916812592,128.175012730,37.916206000,128.175320000,37.916280149,128.175397613
443,443,826609501926,88.645,4.097963,37.918590000,128.179170000,1320.000000,2575.851576,2605.442994,29.591417,1.148801,5.345461,16.137420,7.398896,5.575939,15.983590,11.273961,16.137420,37.914280000,128.174670000,37.914280000,128.174670000,37.913887000,128.174650000,37.913962910,128.174806542,37.914390000,128.174270000,37.914325454,128.174249898,37.914600000,128.174620000,37.914608044,128.174557334,37.914130000,128.175020000,37.914258148,128.175102088
444,444,826609502092,88.811,4.097963,37.918590000,128.179170000,1320.000000,2575.851576,2605.442994,29.591417,1.148801,5.345461,16.137420,7.398896,5.575939,15.983590,11.273961,16.137420,37.914280000,128.174670000,37.914280000,128.174670000,37.913887000,128.174650000,37.913962910,128.174806542,37.914390000,128.174270000,37.914325454,128.174249898,37.914600000,128.174620000,37.914608044,128.174557334,37.914130000,128.175020000,37.914258148,128.175102088
445,445,826609502280,88.999,4.097963,37.918613000,128.179110000,1319.000000,3400.420355,3370.164422,-30.255933,-0.889770,1.454470,6.850295,9.768638,5.020711,3.176949,6.204148,9.768638,37.912735000,128.174220000,37.912735000,128.174220000,37.912346000,128.174320000,37.912364925,128.174394219,37.912870000,128.173810000,37.912784515,128.173784875,37.913147000,128.174160000,37.913147676,128.174102839,37.912712000,128.174710000,37.912732608,128.174684976
446,446,826609502485,89.204,4.097963,37.918640000,128.179050000,1319.000000,3567.252614,3881.222769,313.970155,8.801456,1.232353,7.891671,12.222724,6.700792,15.901351,10.679135,15.901351,37.911860000,128.173130000,37.911860000,128.173130000,37.911346000,128.173160000,37.911373001,128.173243083,37.912052000,128.172730000,37.911948628,128.172683087,37.912323000,128.173080000,37.912302763,128.173008145,37.911648000,128.173510000,37.911779840,128.173579684
447,447,826609502688,89.407,4.097963,37.918667000,128.179000000,1318.000000,6331.363567,6957.010281,625.646715,9.881706,3.437061,5.870897,18.530190,5.426322,11.155794,10.245801,18.530190,37.911053000,128.172200000,37.911053000,128.172200000,37.910110000,128.171900000,37.910066764,128.171938279,37.911312000,128.171830000,37.911165455,128.171729931,37.911617000,128.172210000,37.911608614,128.172149137,37.910780000,128.172580000,37.910876675,128.172613456
448,448,826609502891,89.610,2.167086,37.918694000,128.178920000,1318.000000,999.762151,930.446120,-69.316031,-6.933252,7.309133,4.654843,8.231950,4.697795,12.782976,7.591891,12.782976,37.912674000,128.172260000,37.912674000,128.172260000,37.912518000,128.172350000,37.912477053,128.172339255,37.912780000,128.172060000,37.912717033,128.172010850,37.912895000,128.172240000,37.912876753,128.172191769,37.912720000,128.172620000,37.912640117,128.172515440
449,449,826609503078,89.797,0.609750,37.918720000,128.178860000,1317.000000,64.524539,79.914779,15.390240,23.851764,0.036477,0.940770,2.274789,0.863551,2.209298,1.572102,2.274789,37.914356000,128.171890000,37.914356000,128.171890000,37.914300000,128.171890000,37.914302914,128.171900055,37.914380000,128.171830000,37.914366077,128.171811041,37.914410000,128.171890000,37.914409077,128.171880237,37.914333000,128.171950000,37.914346242,128.171968738
450,450,826609503284,90.003,0.609750,37.918747000,128.178800000,1317.000000,64.963276,58.993785,-5.969491,-9.189024,0.310053,1.155721,1.066934,0.271647,0.705527,0.799957,1.155721,37.915718000,128.172130000,37.915718000,128.172130000,37.915670000,128.172120000,37.915668396,128.172133002,37.915750000,128.172070000,37.915740631,128.172067440,37.915768000,128.172130000,37.915767496,128.172126973,37.915695000,128.172200000,37.915695346,128.172191978
451,451,826609503484,90.203,0.609750,37.918777000,128.178740000,1316.000000,63.398817,58.598088,-4.800729,-7.572269,0.301431,1.992738,1.770709,1.975180,0.914432,1.663265,1.992738,37.916016000,128.173050000,37.916016000,128.173050000,37.915966000,128.173030000,37.915968693,128.173052433,37.916042000,128.173000000,37.916032496,128.172983832,37.916065000,128.173070000,37.916063221,128.173047622,37.915990000,128.173110000,37.915997992,128.173112405
452,452,826609503688,90.407,0.609750,37.918804000,128.178670000,1316.000000,53.866782,53.132483,-0.734300,-1.363177,1.371055,2.565007,1.284375,0.808778,2.137491,1.698913,2.565007,37.916310000,128.174000000,37.916310000,128.174000000,37.916264000,128.173970000,37.916262553,128.173999150,37.916332000,128.173930000,37.916326477,128.173942841,37.916350000,128.174000000,37.916357235,128.174000839,37.916280000,128.174040000,37.916293697,128.174057058
453,453,826609503892,90.611,0.609750,37.918835000,128.178600000,1315.000000,50.053914,44.134451,-5.919462,-11.826173,0.664659,1.972975,1.288323,0.592109,1.024622,1.219507,1.972975,37.916540000,128.174790000,37.916540000,128.174790000,37.916496000,128.174770000,37.916494831,128.174792417,37.916565000,128.174730000,37.916555862,128.174739002,37.916580000,128.174790000,37.916584969,128.174787594,37.916515000,128.174840000,37.916524179,128.174840867
454,454,826609504121,90.840,0.609750,37.918865000,128.178530000,1315.000000,44.285964,43.236453,-1.049511,-2.369850,0.470511,1.222308,1.469530,2.143736,1.453832,1.572352,2.143736,37.916570000,128.174880000,37.916570000,128.174880000,37.916527000,128.174870000,37.916525312,128.174883753,37.916595000,128.174840000,37.916584992,128.174829088,37.916610000,128.174900000,37.916614494,128.174876264,37.916542000,128.174930000,37.916555045,128.174930786
455,455,826609504284,91.003,0.609750,37.918896000,128.178470000,1314.000000,39.788933,42.899052,3.110119,7.816543,0.711210,2.175826,1.418005,1.522908,2.615889,1.933157,2.615889,37.916573000,128.174900000,37.916573000,128.174900000,37.916530000,128.174880000,37.916528531,128.174904706,37.916600000,128.174850000,37.916587287,128.174848980,37.916610000,128.174910000,37.916617276,128.174895315,37.916542000,128.174930000,37.916558748,128.174950894
456,456,826609504487,91.206,0.609750,37.918930000,128.178390000,1314.000000,39.788933,42.682214,2.893281,7.271571,0.711303,2.265258,1.502205,1.590550,2.687176,2.011297,2.687176,37.916573000,128.174900000,37.916573000,128.174900000,37.916530000,128.174880000,37.916528708,128.174905742,37.916600000,128.174850000,37.916586539,128.174848791,37.916610000,128.174910000,37.916617100,128.174894283,37.916542000,128.174930000,37.916559494,128.174951084
457,457,826609504690,91.409,0.609750,37.918960000,128.178330000,1314.000000,42.966182,42.559007,-0.407175,-0.947665,0.601274,2.336955,1.016549,1.646972,2.244035,1.811128,2.336955,37.916573000,128.174900000,37.916573000,128.174900000,37.916530000,128.174880000,37.916528837,128.174906570,37.916595000,128.174850000,37.916585933,128.174848622,37.916610000,128.174910000,37.916616972,128.174893459,37.916542000,128.174940000,37.916560098,128.174951254
458,458,826609504893,91.612,0.609750,37.918995000,128.178250000,1313.000000,42.966182,42.295627,-0.670555,-1.560658,0.601330,2.426678,1.105776,1.716004,2.328601,1.894265,2.426678,37.916573000,128.174900000,37.916573000,128.174900000,37.916530000,128.174880000,37.916529071,128.174907607,37.916595000,128.174850000,37.916585139,128.174848488,37.916610000,128.174910000,37.916616738,128.174892426,37.916542000,128.174940000,37.916560891,128.174951388
459,459,826609505080,91.799,0.609750,37.919030000,128.178190000,1313.000000,42.966184,42.247914,-0.718270,-1.671710,0.444262,2.540226,1.515707,1.672328,2.107622,1.958971,2.540226,37.916570000,128.174900000,37.916570000,128.174900000,37.916530000,128.174880000,37.916526196,128.174908520,37.916595000,128.174850000,37.916581452,128.174848278,37.916610000,128.174910000,37.916613614,128.174891517,37.916542000,128.174940000,37.916558575,128.174951598
460,460,826609505284,92.003,0.609750,37.919060000,128.178130000,1313.000000,44.285964,42.153281,-2.132683,-4.815708,0.466463,2.578966,1.586431,1.739437,2.175058,2.019973,2.578966,37.916570000,128.174900000,37.916570000,128.174900000,37.916527000,128.174880000,37.916526346,128.174909355,37.916595000,128.174850000,37.916580826,128.174848126,37.916610000,128.174910000,37.916613464,128.174890686,37.916542000,128.174940000,37.916559200,128.174951750
461,461,826609505488,92.207,0.609750,37.919098000,128.178050000,1312.000000,41.841918,41.931220,0.089302,0.213426,0.668976,0.901735,1.765941,2.643659,1.876897,1.797058,2.643659,37.916584000,128.174880000,37.916584000,128.174880000,37.916542000,128.174880000,37.916540565,128.174890105,37.916607000,128.174840000,37.916594224,128.174828081,37.916626000,128.174900000,37.916627246,128.174869939,37.916557000,128.174930000,37.916573801,128.174931795
462,462,826609505691,92.410,0.609750,37.919130000,128.178000000,1312.000000,38.664677,41.934958,3.270281,8.458058,0.190178,0.983387,1.195964,1.888328,1.941471,1.502288,1.941471,37.916570000,128.174900000,37.916570000,128.174900000,37.916527000,128.174900000,37.916526725,128.174911192,37.916590000,128.174850000,37.916579392,128.174847842,37.916610000,128.174910000,37.916613086,128.174888857,37.916546000,128.174940000,37.916560630,128.174952034
463,463,826609505879,92.598,0.609750,37.919163000,128.177930000,1312.000000,38.566916,41.842662,3.275746,8.493669,0.245803,1.066981,1.059467,1.966816,2.016951,1.527554,2.016951,37.916570000,128.174900000,37.916570000,128.174900000,37.916527000,128.174900000,37.916526931,128.174912149,37.916588000,128.174850000,37.916578657,128.174847702,37.916610000,128.174910000,37.916612881,128.174887904,37.916546000,128.174940000,37.916561364,128.174952174
464,464,826609506082,92.801,0.609750,37.919205000,128.177860000,1311.000000,36.513924,41.749684,5.235760,14.339079,0.328564,1.156441,1.152211,1.188263,2.101330,1.399562,2.101330,37.916570000,128.174900000,37.916570000,128.174900000,37.916527000,128.174900000,37.916527167,128.174913167,37.916588000,128.174850000,37.916577828,128.174847573,37.916610000,128.174900000,37.916612645,128.174886891,37.916546000,128.174940000,37.916562190,128.174952302
465,465,826609506285,93.004,0.609750,37.919240000,128.177800000,1311.000000,36.513924,41.740020,5.226096,14.312611,0.328589,1.234279,0.796949,1.258568,1.803033,1.273207,1.803033,37.916570000,128.174900000,37.916570000,128.174900000,37.916527000,128.174900000,37.916527345,128.174914048,37.916584000,128.174850000,37.916577133,128.174847433,37.916610000,128.174900000,37.916612467,128.174886014,37.916550000,128.174940000,37.916562884,128.174952443
466,466,826609506488,93.207,0.609750,37.919273000,128.177730000,1311.000000,34.851978,41.681137,6.829159,19.594753,0.245681,0.444005,0.880265,1.335117,1.875964,1.133838,1.875964,37.916570000,128.174900000,37.916570000,128.174900000,37.916527000,128.174910000,37.916527577,128.174915003,37.916584000,128.174850000,37.916576380,128.174847322,37.916610000,128.174900000,37.916612235,128.174885064,37.916550000,128.174940000,37.916563635,128.174952553
467,467,826609506691,93.410,0.609750,37.919310000,128.177660000,1310.000000,41.548642,41.585934,0.037292,0.089756,0.622782,0.532277,0.548139,1.501199,1.732788,1.078601,1.732788,37.916570000,128.174900000,37.916570000,128.174900000,37.916527000,128.174910000,37.916527849,128.174915965,37.916580000,128.174850000,37.916575577,128.174847256,37.916607000,128.174900000,37.916611964,128.174884106,37.916550000,128.174960000,37.916564436,128.174952619
468,468,826609506879,93.598,0.609750,37.919350000,128.177600000,1310.000000,41.695284,41.645623,-0.049661,-0.119105,0.566724,0.615363,0.628509,1.568649,1.497737,1.077564,1.568649,37.916570000,128.174900000,37.916570000,128.174900000,37.916527000,128.174910000,37.916528041,128.174916882,37.916580000,128.174850000,37.916574832,128.174847119,37.916607000,128.174900000,37.916611772,128.174883194,37.916553000,128.174960000,37.916565180,128.174952755
469,469,826609507084,93.803,0.609750,37.919390000,128.177540000,1310.000000,41.890807,41.681355,-0.209453,-0.499996,0.641178,1.577640,0.653667,0.851376,1.468821,1.137876,1.577640,37.916570000,128.174910000,37.916570000,128.174910000,37.916527000,128.174910000,37.916528283,128.174927891,37.916576000,128.174850000,37.916574011,128.174857003,37.916607000,128.174900000,37.916611530,128.174892189,37.916553000,128.174960000,37.916565999,128.174962870
470,470,826609507287,94.006,0.609750,37.919426000,128.177470000,1310.000000,41.890807,41.692060,-0.198747,-0.474440,0.641214,1.665100,0.682445,0.905367,1.556999,1.202478,1.665100,37.916570000,128.174910000,37.916570000,128.174910000,37.916527000,128.174910000,37.916528544,128.174928859,37.916576000,128.174850000,37.916573216,128.174856923,37.916607000,128.174900000,37.916611270,128.174891226,37.916553000,128.174960000,37.916566792,128.174962950
471,471,826609507490,94.209,0.609750,37.919464000,128.177410000,1309.000000,41.890810,41.732815,-0.157994,-0.377158,0.447098,1.771261,1.128184,0.855650,1.097961,1.213264,1.771261,37.916565000,128.174910000,37.916565000,128.174910000,37.916527000,128.174910000,37.916523788,128.174929754,37.916576000,128.174850000,37.916567433,128.174856863,37.916607000,128.174900000,37.916606026,128.174890335,37.916553000,128.174960000,37.916562573,128.174963009
472,472,826609507678,94.397,0.609750,37.919506000,128.177340000,1309.000000,38.518038,41.816641,3.298603,8.563788,0.005128,0.334745,0.929462,0.985635,0.763904,0.753436,0.985635,37.916565000,128.174910000,37.916565000,128.174910000,37.916527000,128.174930000,37.916524053,128.174930758,37.916573000,128.174850000,37.916566589,128.174856781,37.916603000,128.174900000,37.916605761,128.174889336,37.916557000,128.174960000,37.916563415,128.174963090
473,473,826609507881,94.600,0.609750,37.919544000,128.177280000,1309.000000,38.518038,41.915965,3.397927,8.821651,0.005164,0.334598,0.990428,1.050985,0.842986,0.804749,1.050985,37.916565000,128.174910000,37.916565000,128.174910000,37.916527000,128.174930000,37.916524282,128.174931628,37.916573000,128.174850000,37.916565851,128.174856713,37.916603000,128.174900000,37.916605532,128.174888471,37.916557000,128.174960000,37.916564151,128.174963157
474,474,826609508084,94.803,0.609750,37.919586000,128.177220000,1309.000000,38.957964,42.059758,3.101793,7.961897,0.078318,0.354823,0.799675,1.120305,0.925820,0.800156,1.120305,37.916565000,128.174910000,37.916565000,128.174910000,37.916527000,128.174930000,37.916524509,128.174932521,37.916570000,128.174850000,37.916565083,128.174856639,37.916603000,128.174900000,37.916605305,128.174887582,37.916557000,128.174960000,37.916564917,128.174963230
475,475,826609508288,95.007,0.609750,37.919624000,128.177150000,1309.000000,37.687065,42.146469,4.459404,11.832718,0.445519,0.390910,0.862902,0.624420,1.013105,0.722835,1.013105,37.916565000,128.174910000,37.916565000,128.174910000,37.916527000,128.174930000,37.916524802,128.174933472,37.916570000,128.174850000,37.916564267,128.174856613,37.916603000,128.174880000,37.916605012,128.174886637,37.916557000,128.174960000,37.916565731,128.174963255
476,476,826609508563,95.282,0.609750,37.919670000,128.177100000,1308.000000,37.687065,42.303611,4.616546,12.249683,0.445567,0.433735,0.921885,0.552924,1.090602,0.749787,1.090602,37.916565000,128.174910000,37.916565000,128.174910000,37.916527000,128.174930000,37.916525010,128.174934246,37.916570000,128.174850000,37.916563548,128.174856581,37.916603000,128.174880000,37.916604803,128.174885867,37.916557000,128.174960000,37.916566448,128.174963285
477,477,826609508680,95.399,0.609750,37.919710000,128.177030000,1308.000000,39.642295,42.432038,2.789743,7.037289,0.458692,0.493347,0.630496,0.463880,0.859776,0.611875,0.859776,37.916565000,128.174910000,37.916565000,128.174910000,37.916527000,128.174930000,37.916525309,128.174935193,37.916565000,128.174850000,37.916562721,128.174856572,37.916603000,128.174880000,37.916604505,128.174884926,37.916560000,128.174960000,37.916567273,128.174963293
478,478,826609508883,95.602,0.609750,37.919746000,128.176970000,1308.000000,38.029230,42.568131,4.538901,11.935295,0.489653,0.551247,0.666513,0.595224,0.935534,0.687130,0.935534,37.916565000,128.174910000,37.916565000,128.174910000,37.916527000,128.174930000,37.916525565,128.174936008,37.916565000,128.174850000,37.916562001,128.174856569,37.916600000,128.174880000,37.916604249,128.174884115,37.916560000,128.174960000,37.916567992,128.174963296
479,479,826609509086,95.805,0.609750,37.919790000,128.176900000,1308.000000,38.029230,42.758089,4.728859,12.434802,0.489706,0.624364,0.718721,0.520190,1.025808,0.722271,1.025808,37.916565000,128.174910000,37.916565000,128.174910000,37.916527000,128.174930000,37.916525865,128.174936962,37.916565000,128.174850000,37.916561149,128.174856569,37.916600000,128.174880000,37.916603950,128.174883166,37.916560000,128.174960000,37.916568841,128.174963294
480,480,826609509289,96.008,0.609750,37.919827000,128.176850000,1308.000000,36.904967,42.849114,5.944147,16.106632,0.458871,0.741681,0.760489,0.570516,0.873291,0.736494,0.873291,37.916576000,128.174910000,37.916576000,128.174910000,37.916540000,128.174930000,37.916537095,128.174937600,37.916576000,128.174850000,37.916571578,128.174856600,37.916610000,128.174880000,37.916614720,128.174882531,37.916573000,128.174960000,37.916580411,128.174963262
481,481,826609509492,96.211,0.609750,37.919872000,128.176770000,1308.000000,37.638178,43.044977,5.406798,14.365197,0.489813,0.809410,0.640036,0.502694,0.970607,0.730687,0.970607,37.916576000,128.174910000,37.916576000,128.174910000,37.916540000,128.174930000,37.916537458,128.174938635,37.916573000,128.174850000,37.916570644,128.174856648,37.916610000,128.174880000,37.916614357,128.174881503,37.916573000,128.174960000,37.916581342,128.174963213
482,482,826609509680,96.399,0.609750,37.919910000,128.176710000,1308.000000,41.402005,43.401587,1.999582,4.829673,0.236990,0.152505,0.900549,0.214726,0.742955,0.502684,0.900549,37.916560000,128.174910000,37.916560000,128.174910000,37.916523000,128.174940000,37.916521681,128.174939529,37.916560000,128.174850000,37.916553819,128.174856616,37.916600000,128.174880000,37.916598133,128.174880614,37.916560000,128.174960000,37.916566164,128.174963243
483,483,826609509883,96.602,0.609750,37.919950000,128.176670000,1308.000000,41.402005,43.684119,2.282114,5.512086,0.237064,0.131864,0.948444,0.223441,0.802582,0.526583,0.948444,37.916560000,128.174910000,37.916560000,128.174910000,37.916523000,128.174940000,37.916521821,128.174940140,37.916560000,128.174850000,37.916553249,128.174856589,37.916600000,128.174880000,37.916597993,128.174880007,37.916560000,128.174960000,37.916566733,128.174963269
484,484,826609510088,96.807,0.609750,37.919950000,128.176670000,1308.000000,41.402005,43.684119,2.282114,5.512086,0.237064,0.131864,0.948444,0.223441,0.802582,0.526583,0.948444,37.916560000,128.174910000,37.916560000,128.174910000,37.916523000,128.174940000,37.916521821,128.174940140,37.916560000,128.174850000,37.916553249,128.174856589,37.916600000,128.174880000,37.916597993,128.174880007,37.916560000,128.174960000,37.916566733,128.174963269
485,485,826609510348,97.067,0.609750,37.920033000,128.176530000,1307.000000,36.074002,44.082753,8.008750,22.200893,0.458641,0.172993,1.305835,0.299227,1.112022,0.722519,1.305835,37.916560000,128.174910000,37.916560000,128.174910000,37.916523000,128.174940000,37.916522484,128.174941858,37.916557000,128.174870000,37.916551618,128.174856788,37.916595000,128.174880000,37.916597329,128.174878300,37.916560000,128.174970000,37.916568359,128.174963066
486,486,826609510479,97.198,0.609750,37.920070000,128.176470000,1307.000000,37.784822,44.183287,6.398465,16.933956,0.222460,0.518449,0.902978,0.395555,0.714615,0.632899,0.902978,37.916573000,128.174910000,37.916573000,128.174910000,37.916540000,128.174940000,37.916535792,128.174942531,37.916570000,128.174850000,37.916563991,128.174856907,37.916607000,128.174880000,37.916610022,128.174877631,37.916576000,128.174960000,37.916581984,128.174962946
487,487,826609510682,97.401,0.609750,37.920070000,128.176470000,1307.000000,37.784822,44.183287,6.398465,16.933956,0.222460,0.518449,0.902978,0.395555,0.714615,0.632899,0.902978,37.916573000,128.174910000,37.916573000,128.174910000,37.916540000,128.174940000,37.916535792,128.174942531,37.916570000,128.174850000,37.916563991,128.174856907,37.916607000,128.174880000,37.916610022,128.174877631,37.916576000,128.174960000,37.916581984,128.174962946
488,488,826609510885,97.604,0.609750,37.920113000,128.176400000,1307.000000,36.074002,44.606123,8.532121,23.651717,0.458447,0.304446,1.379389,0.348655,1.263287,0.823944,1.379389,37.916560000,128.174910000,37.916560000,128.174910000,37.916523000,128.174940000,37.916523069,128.174943466,37.916557000,128.174870000,37.916550103,128.174856951,37.916595000,128.174880000,37.916596745,128.174876703,37.916560000,128.174970000,37.916569870,128.174962900
489,489,826609511088,97.807,0.609750,37.920155000,128.176350000,1307.000000,38.713563,44.938454,6.224891,16.079354,0.451067,0.364114,1.208994,0.388378,0.876688,0.709544,1.208994,37.916560000,128.174910000,37.916560000,128.174910000,37.916523000,128.174940000,37.916523260,128.174944133,37.916553000,128.174870000,37.916549462,128.174856984,37.916595000,128.174880000,37.916596554,128.174876040,37.916565000,128.174970000,37.916570508,128.174962865
490,490,826609511292,98.011,0.609750,37.920193000,128.176280000,1307.000000,38.713563,45.200238,6.486674,16.755560,0.450968,0.439211,1.229428,0.440226,0.946563,0.763857,1.229428,37.916560000,128.174910000,37.916560000,128.174910000,37.916523000,128.174940000,37.916523589,128.174944945,37.916553000,128.174870000,37.916548686,128.174857113,37.916595000,128.174880000,37.916596224,128.174875234,37.916565000,128.174970000,37.916571281,128.174962735
491,491,826609511480,98.199,0.609750,37.920273000,128.176160000,1307.000000,38.713563,45.842473,7.128910,18.414502,0.450786,0.574278,1.283608,0.550094,1.076476,0.871114,1.283608,37.916560000,128.174910000,37.916560000,128.174910000,37.916523000,128.174940000,37.916524104,128.174946388,37.916553000,128.174870000,37.916547288,128.174857303,37.916595000,128.174880000,37.916595710,128.174873801,37.916565000,128.174970000,37.916572674,128.174962542
492,492,826609511684,98.403,0.609750,37.920320000,128.176100000,1307.000000,36.269525,46.259319,9.989794,27.543218,0.501701,0.643524,1.319702,0.862042,1.145749,0.992755,1.319702,37.916560000,128.174910000,37.916560000,128.174910000,37.916523000,128.174940000,37.916524333,128.174947130,37.916553000,128.174870000,37.916546560,128.174857383,37.916590000,128.174880000,37.916595480,128.174873064,37.916565000,128.174970000,37.916573399,128.174962460
493,493,826609511887,98.606,0.609750,37.920320000,128.176100000,1307.000000,36.269525,46.259319,9.989794,27.543218,0.501701,0.643524,1.319702,0.862042,1.145749,0.992755,1.319702,37.916560000,128.174910000,37.916560000,128.174910000,37.916523000,128.174940000,37.916524333,128.174947130,37.916553000,128.174870000,37.916546560,128.174857383,37.916590000,128.174880000,37.916595480,128.174873064,37.916565000,128.174970000,37.916573399,128.174962460
494,494,826609512090,98.809,0.609750,37.920395000,128.175980000,1307.000000,38.029227,46.804358,8.775130,23.074700,0.640111,0.920022,1.204467,0.907946,1.471335,1.125942,1.471335,37.916570000,128.174910000,37.916570000,128.174910000,37.916530000,128.174940000,37.916534890,128.174948446,37.916560000,128.174870000,37.916555268,128.174857666,37.916600000,128.174880000,37.916604924,128.174871758,37.916573000,128.174970000,37.916584687,128.174962174
495,495,826609512278,98.997,0.609750,37.920437000,128.175920000,1307.000000,38.615803,47.355996,8.740193,22.633720,0.877182,0.953881,1.432695,0.812887,1.079720,1.069796,1.432695,37.916557000,128.174910000,37.916557000,128.174910000,37.916523000,128.174960000,37.916522077,128.174949201,37.916550000,128.174870000,37.916541516,128.174857732,37.916590000,128.174880000,37.916591735,128.174871009,37.916565000,128.174970000,37.916572435,128.174962105
496,496,826609512481,99.200,0.609750,37.920475000,128.175860000,1307.000000,38.615803,47.723094,9.107290,23.584361,0.877104,0.893099,1.473740,0.863503,1.144287,1.093657,1.473740,37.916557000,128.174910000,37.916557000,128.174910000,37.916523000,128.174960000,37.916522327,128.174949866,37.916550000,128.174870000,37.916540854,128.174857867,37.916590000,128.174880000,37.916591485,128.174870349,37.916565000,128.174970000,37.916573095,128.174961969
497,497,826609512684,99.403,0.609750,37.920517000,128.175780000,1307.000000,38.615803,48.128642,9.512838,24.634573,0.877002,0.817298,1.526136,0.928767,1.229752,1.125488,1.526136,37.916557000,128.174910000,37.916557000,128.174910000,37.916523000,128.174960000,37.916522692,128.174950702,37.916550000,128.174870000,37.916540020,128.174858085,37.916590000,128.174880000,37.916591121,128.174869520,37.916565000,128.174970000,37.916573926,128.174961749
498,498,826609512887,99.606,0.609750,37.920555000,128.175720000,1307.000000,40.179988,48.515636,8.335649,20.745772,0.885731,1.011257,1.051273,0.769709,1.481915,1.078539,1.481915,37.916557000,128.174930000,37.916557000,128.174930000,37.916523000,128.174960000,37.916523067,128.174971515,37.916546000,128.174870000,37.916539210,128.174878320,37.916590000,128.174880000,37.916590746,128.174888713,37.916565000,128.174970000,37.916574732,128.174981513
499,499,826609513092,99.811,0.609750,37.920593000,128.175660000,1307.000000,40.179988,48.924540,8.744553,21.763452,0.885800,1.067949,1.113061,0.711743,1.526247,1.104750,1.526247,37.916557000,128.174930000,37.916557000,128.174930000,37.916523000,128.174960000,37.916523308,128.174972154,37.916546000,128.174870000,37.916538563,128.174878472,37.916590000,128.174880000,37.916590506,128.174888079,37.916565000,128.174970000,37.916575376,128.174981359
500,500,826609513280,99.999,0.609750,37.920635000,128.175600000,1307.000000,39.202372,49.395259,10.192886,26.000688,0.894136,1.126037,1.176723,0.700786,1.574479,1.144506,1.574479,37.916557000,128.174930000,37.916557000,128.174930000,37.916523000,128.174960000,37.916523526,128.174972805,37.916546000,128.174870000,37.916537902,128.174878613,37.916588000,128.174880000,37.916590287,128.174887434,37.916565000,128.174970000,37.916576034,128.174981216
501,501,826609513483,100.202,0.609750,37.920673000,128.175540000,1307.000000,39.593414,49.728819,10.135404,25.598713,0.909824,0.622245,1.299255,1.193653,1.496947,1.153025,1.496947,37.916565000,128.174910000,37.916565000,128.174910000,37.916530000,128.174960000,37.916531662,128.174953235,37.916553000,128.174870000,37.916545457,128.174858710,37.916595000,128.174880000,37.916598151,128.174867008,37.916573000,128.174970000,37.916584477,128.174961117
502,502,826609513690,100.409,0.609750,37.920715000,128.175460000,1307.000000,40.668795,50.319548,9.650753,23.730118,0.912914,1.329604,1.325147,0.562943,1.681353,1.224762,1.681353,37.916557000,128.174930000,37.916557000,128.174930000,37.916520000,128.174960000,37.916524101,128.174974219,37.916546000,128.174870000,37.916536459,128.174879024,37.916588000,128.174880000,37.916589712,128.174886032,37.916565000,128.174970000,37.916577470,128.174980802
503,503,826609513889,100.608,0.609750,37.920750000,128.175400000,1307.000000,42.232980,50.744375,8.511395,20.153432,0.948715,1.388163,1.059645,0.504923,1.729419,1.170537,1.729419,37.916557000,128.174930000,37.916557000,128.174930000,37.916520000,128.174960000,37.916524339,128.174974819,37.916542000,128.174870000,37.916535844,128.174879203,37.916588000,128.174880000,37.916589475,128.174885437,37.916565000,128.174970000,37.916578083,128.174980621
504,504,826609514092,100.811,0.609750,37.920788000,128.175340000,1307.000000,42.232980,51.220208,8.987228,21.280119,0.948757,1.446606,1.116889,0.447097,1.780172,1.197691,1.780172,37.916557000,128.174930000,37.916557000,128.174930000,37.916520000,128.174960000,37.916524557,128.174975426,37.916542000,128.174870000,37.916535220,128.174879374,37.916588000,128.174880000,37.916589256,128.174884836,37.916565000,128.174970000,37.916578704,128.174980448
505,505,826609514280,100.999,0.609750,37.920830000,128.175280000,1307.000000,42.232982,51.815535,9.582553,22.689738,0.884832,1.412951,1.522778,0.491799,1.465490,1.223255,1.522778,37.916553000,128.174930000,37.916553000,128.174930000,37.916520000,128.174960000,37.916520729,128.174976062,37.916542000,128.174870000,37.916530565,128.174879516,37.916588000,128.174880000,37.916585083,128.174884206,37.916565000,128.174970000,37.916575355,128.174980304
506,506,826609514484,101.203,0.609750,37.920864000,128.175220000,1307.000000,42.232982,52.265800,10.032818,23.755884,0.884926,1.465424,1.587940,0.473631,1.508157,1.258788,1.587940,37.916553000,128.174930000,37.916553000,128.174930000,37.916520000,128.174960000,37.916520958,128.174976642,37.916542000,128.174870000,37.916529966,128.174879708,37.916588000,128.174880000,37.916584854,128.174883631,37.916565000,128.174970000,37.916575951,128.174980110
507,507,826609514688,101.407,0.609750,37.920902000,128.175160000,1307.000000,43.357240,52.782158,9.424919,21.737820,0.667022,0.648330,1.654065,0.458819,1.554542,1.078939,1.654065,37.916553000,128.174930000,37.916553000,128.174930000,37.916520000,128.174970000,37.916521161,128.174977234,37.916542000,128.174870000,37.916529353,128.174879887,37.916588000,128.174880000,37.916584651,128.174883045,37.916565000,128.174970000,37.916576560,128.174979930
508,508,826609514891,101.610,0.609750,37.920940000,128.175080000,1307.000000,43.357240,53.318243,9.961003,22.974255,0.667148,0.718867,1.739530,0.457744,1.610932,1.131768,1.739530,37.916553000,128.174930000,37.916553000,128.174930000,37.916520000,128.174970000,37.916521493,128.174977964,37.916542000,128.174870000,37.916528595,128.174880180,37.916588000,128.174880000,37.916584319,128.174882322,37.916565000,128.174970000,37.916577314,128.174979635
509,509,826609515079,101.798,0.609750,37.920980000,128.175020000,1307.000000,44.237094,53.891931,9.654837,21.825207,0.661934,0.774007,1.617686,0.456313,1.661173,1.127294,1.661173,37.916553000,128.174930000,37.916553000,128.174930000,37.916520000,128.174970000,37.916521675,128.174978554,37.916540000,128.174870000,37.916527982,128.174880356,37.916588000,128.174880000,37.916584137,128.174881738,37.916565000,128.174970000,37.916577924,128.174979457
510,510,826609515282,102.001,0.609750,37.921017000,128.174940000,1307.000000,42.281863,54.449855,12.167992,28.778278,0.665387,0.843764,1.701440,0.093026,1.720238,1.089617,1.720238,37.916553000,128.174930000,37.916553000,128.174930000,37.916520000,128.174970000,37.916522001,128.174979267,37.916540000,128.174870000,37.916527238,128.174880662,37.916584000,128.174880000,37.916583811,128.174881032,37.916565000,128.174970000,37.916578664,128.174979150
511,511,826609515485,102.204,0.609750,37.921050000,128.174880000,1307.000000,39.153494,54.955338,15.801844,40.358708,0.448021,0.896785,1.486774,0.061567,1.768573,1.053425,1.768573,37.916553000,128.174930000,37.916553000,128.174930000,37.916520000,128.174970000,37.916522211,128.174979819,37.916540000,128.174880000,37.916526662,128.174880872,37.916584000,128.174880000,37.916583601,128.174880485,37.916565000,128.174970000,37.916579237,128.174978939
512,512,826609515688,102.407,0.609750,37.921085000,128.174820000,1307.000000,45.410232,55.501975,10.091744,22.223501,0.075369,0.949807,1.552442,0.066328,1.923227,1.122951,1.923227,37.916553000,128.174930000,37.916553000,128.174930000,37.916520000,128.174970000,37.916522405,128.174980377,37.916540000,128.174880000,37.916526080,128.174881076,37.916584000,128.174880000,37.916583406,128.174879933,37.916565000,128.174990000,37.916579815,128.174978733
513,513,826609515891,102.610,0.609750,37.921127000,128.174740000,1307.000000,45.410232,56.183492,10.773260,23.724300,0.075245,1.019197,1.637716,0.118765,2.008061,1.195935,2.008061,37.916553000,128.174930000,37.916553000,128.174930000,37.916520000,128.174970000,37.916522684,128.174981095,37.916540000,128.174880000,37.916525328,128.174881370,37.916584000,128.174880000,37.916583127,128.174879222,37.916565000,128.174990000,37.916580562,128.174978437
514,514,826609516080,102.799,0.609750,37.921158000,128.174680000,1307.000000,45.410232,56.701582,11.291351,24.865212,0.075151,1.070793,1.701288,0.166159,2.071505,1.252436,2.071505,37.916553000,128.174930000,37.916553000,128.174930000,37.916520000,128.174970000,37.916522892,128.174981629,37.916540000,128.174880000,37.916524769,128.174881595,37.916584000,128.174880000,37.916582920,128.174878694,37.916565000,128.174990000,37.916581118,128.174978211
515,515,826609516283,103.002,0.609750,37.921192000,128.174620000,1307.000000,50.738235,57.276493,6.538258,12.886254,0.381127,1.396768,1.102397,0.214543,2.135476,1.212296,2.135476,37.916553000,128.174930000,37.916553000,128.174930000,37.916515000,128.174970000,37.916523076,128.174982172,37.916534000,128.174880000,37.916524200,128.174881809,37.916584000,128.174880000,37.916582735,128.174878156,37.916565000,128.174990000,37.916581683,128.174977996
516,516,826609516486,103.205,0.609750,37.921230000,128.174550000,1307.000000,50.738235,57.938960,7.200724,14.191910,0.381003,1.454513,1.177716,0.272019,2.209659,1.278476,2.209659,37.916553000,128.174930000,37.916553000,128.174930000,37.916515000,128.174970000,37.916523295,128.174982796,37.916534000,128.174880000,37.916523547,128.174882067,37.916584000,128.174880000,37.916582516,128.174877539,37.916565000,128.174990000,37.916582332,128.174977736
517,517,826609516690,103.409,0.609750,37.921265000,128.174480000,1307.000000,50.738235,58.573376,7.835141,15.442281,0.380885,1.512254,1.251672,0.329893,2.283096,1.344229,2.283096,37.916553000,128.174930000,37.916553000,128.174930000,37.916515000,128.174970000,37.916523528,128.174983404,37.916534000,128.174880000,37.916522909,128.174882341,37.916584000,128.174880000,37.916582284,128.174876938,37.916565000,128.174990000,37.916582966,128.174977460
518,518,826609516893,103.612,0.609750,37.921303000,128.174410000,1307.000000,50.738238,59.317881,8.579644,16.909621,0.046886,1.387116,1.657730,0.634678,2.070130,1.437413,2.070130,37.916550000,128.174930000,37.916550000,128.174930000,37.916515000,128.174970000,37.916520714,128.174984036,37.916534000,128.174880000,37.916519249,128.174882590,37.916584000,128.174880000,37.916579096,128.174876313,37.916565000,128.174990000,37.916580621,128.174977210
519,519,826609517080,103.799,0.609750,37.921333000,128.174350000,1307.000000,50.738238,59.890436,9.152198,18.038069,0.046787,1.437092,1.720414,0.676235,2.131919,1.491415,2.131919,37.916550000,128.174930000,37.916550000,128.174930000,37.916515000,128.174970000,37.916520903,128.174984553,37.916534000,128.174880000,37.916518707,128.174882828,37.916584000,128.174880000,37.916578907,128.174875802,37.916565000,128.174990000,37.916581159,128.174976971
520,520,826609517284,104.003,0.609750,37.921364000,128.174270000,1307.000000,49.760615,60.371355,10.610740,21.323570,0.120443,1.413495,2.016636,0.833791,2.117825,1.595437,2.117825,37.916560000,128.174930000,37.916560000,128.174930000,37.916527000,128.174970000,37.916531277,128.174985155,37.916546000,128.174880000,37.916528065,128.174883236,37.916595000,128.174880000,37.916588535,128.174875207,37.916576000,128.174990000,37.916591797,128.174976562
521,521,826609517487,104.206,0.609750,37.921402000,128.174210000,1307.000000,54.844215,61.097611,6.253397,11.402108,0.493368,0.618572,2.082001,0.870542,1.824803,1.348980,2.082001,37.916560000,128.174930000,37.916560000,128.174930000,37.916527000,128.174990000,37.916531402,128.174985702,37.916546000,128.174880000,37.916527495,128.174883441,37.916595000,128.174880000,37.916588409,128.174874666,37.916580000,128.174990000,37.916592363,128.174976355
522,522,826609517691,104.410,0.609750,37.921432000,128.174130000,1307.000000,55.919599,61.920425,6.000826,10.731167,0.463009,0.803904,1.508218,0.835978,2.356289,1.376097,2.356289,37.916550000,128.174930000,37.916550000,128.174930000,37.916515000,128.174990000,37.916521635,128.174986386,37.916530000,128.174880000,37.916516781,128.174883764,37.916584000,128.174880000,37.916578176,128.174873990,37.916565000,128.174990000,37.916583072,128.174976031
523,523,826609517879,104.598,0.609750,37.921432000,128.174130000,1307.000000,55.919599,61.920425,6.000826,10.731167,0.463009,0.803904,1.508218,0.835978,2.356289,1.376097,2.356289,37.916550000,128.174930000,37.916550000,128.174930000,37.916515000,128.174990000,37.916521635,128.174986386,37.916530000,128.174880000,37.916516781,128.174883764,37.916584000,128.174880000,37.916578176,128.174873990,37.916565000,128.174990000,37.916583072,128.174976031
524,524,826609518133,104.852,0.609750,37.921497000,128.174000000,1307.000000,55.919599,63.334027,7.414428,13.259086,0.470213,1.028359,2.043126,0.738665,2.183923,1.498518,2.183923,37.916550000,128.174940000,37.916550000,128.174940000,37.916515000,128.174990000,37.916522058,128.174997555,37.916530000,128.174880000,37.916515558,128.174894358,37.916584000,128.174880000,37.916577753,128.174882835,37.916565000,128.174990000,37.916584285,128.174985435
525,525,826609518285,105.004,0.609750,37.921497000,128.174000000,1307.000000,55.919599,63.334027,7.414428,13.259086,0.470213,1.028359,2.043126,0.738665,2.183923,1.498518,2.183923,37.916550000,128.174940000,37.916550000,128.174940000,37.916515000,128.174990000,37.916522058,128.174997555,37.916530000,128.174880000,37.916515558,128.174894358,37.916584000,128.174880000,37.916577753,128.174882835,37.916565000,128.174990000,37.916584285,128.174985435
526,526,826609518488,105.207,0.609750,37.921528000,128.173930000,1307.000000,53.768845,64.038969,10.270124,19.100511,0.518237,1.079336,2.112611,0.338707,2.254274,1.446232,2.254274,37.916550000,128.174940000,37.916550000,128.174940000,37.916515000,128.174990000,37.916522272,128.174998129,37.916530000,128.174880000,37.916514957,128.174894666,37.916580000,128.174880000,37.916577539,128.174882268,37.916565000,128.174990000,37.916584882,128.174985126
527,527,826609518692,105.411,0.609750,37.921560000,128.173840000,1307.000000,54.844215,64.666544,9.822329,17.909508,0.500636,0.996604,2.761821,0.886309,1.796460,1.610299,2.761821,37.916560000,128.174940000,37.916560000,128.174940000,37.916527000,128.174990000,37.916532671,128.174998781,37.916546000,128.174880000,37.916524260,128.174895153,37.916595000,128.174880000,37.916587142,128.174881622,37.916580000,128.174990000,37.916595574,128.174984639
528,528,826609518879,105.598,0.609750,37.921590000,128.173780000,1307.000000,53.768845,65.530699,11.761854,21.874850,0.518336,1.189735,2.261314,0.339988,2.403097,1.548533,2.403097,37.916550000,128.174940000,37.916550000,128.174940000,37.916515000,128.174990000,37.916522745,128.174999335,37.916530000,128.174880000,37.916513692,128.174895353,37.916580000,128.174880000,37.916577066,128.174881076,37.916565000,128.174990000,37.916586136,128.174984436
529,529,826609519101,105.820,0.609750,37.921646000,128.173630000,1308.000000,53.768845,67.052288,13.283443,24.704720,0.518534,1.305053,2.408433,0.382470,2.549959,1.661479,2.549959,37.916550000,128.174940000,37.916550000,128.174940000,37.916515000,128.174990000,37.916523256,128.175000551,37.916530000,128.174880000,37.916512449,128.174896037,37.916580000,128.174880000,37.916576566,128.174879871,37.916565000,128.174990000,37.916587370,128.174983752
530,530,826609519306,106.025,0.609750,37.921646000,128.173630000,1308.000000,53.768845,67.052288,13.283443,24.704720,0.518534,1.305053,2.408433,0.382470,2.549959,1.661479,2.549959,37.916550000,128.174940000,37.916550000,128.174940000,37.916515000,128.174990000,37.916523256,128.175000551,37.916530000,128.174880000,37.916512449,128.174896037,37.916580000,128.174880000,37.916576566,128.174879871,37.916565000,128.174990000,37.916587370,128.174983752
531,531,826609519490,106.209,0.609750,37.921703000,128.173500000,1308.000000,56.457287,68.518005,12.060718,21.362552,0.602673,1.826674,2.538085,0.433296,2.679487,1.869386,2.679487,37.916550000,128.174940000,37.916550000,128.174940000,37.916510000,128.174990000,37.916523620,128.175001601,37.916530000,128.174880000,37.916511353,128.174896630,37.916580000,128.174880000,37.916576219,128.174878829,37.916565000,128.174990000,37.916588457,128.174983156
532,532,826609519693,106.412,0.609750,37.921730000,128.173420000,1308.000000,58.070356,69.376600,11.306244,19.469907,0.446321,1.536251,2.709534,0.906243,2.326642,1.869668,2.709534,37.916546000,128.174940000,37.916546000,128.174940000,37.916510000,128.174990000,37.916519869,128.175002227,37.916527000,128.174880000,37.916506698,128.174897018,37.916580000,128.174880000,37.916571983,128.174878207,37.916565000,128.174990000,37.916585107,128.174982768
533,533,826609519880,106.599,2.466468,37.921753000,128.173360000,1308.000000,1018.825982,1122.561118,103.735136,10.181831,1.088317,3.994388,5.169205,2.284172,6.548083,4.498962,6.548083,37.916252000,128.173810000,37.916252000,128.173810000,37.916096000,128.174010000,37.916122806,128.174040236,37.916172000,128.173570000,37.916132695,128.173601342,37.916405000,128.173610000,37.916400706,128.173584566,37.916330000,128.174040000,37.916385092,128.174013871
534,534,826609520084,106.803,4.097963,37.921783000,128.173260000,1308.000000,3028.649936,3162.095852,133.445916,4.406119,4.103219,14.081373,10.022599,5.706856,16.961267,11.693024,16.961267,37.916610000,128.172700000,37.916610000,128.172700000,37.916240000,128.172970000,37.916357788,128.173028460,37.916510000,128.172300000,37.916422154,128.172325011,37.916927000,128.172440000,37.916892023,128.172392491,37.916668000,128.173080000,37.916819746,128.173062598
535,535,826609520287,107.006,4.097963,37.921806000,128.173200000,1308.000000,2941.347755,3195.213529,253.865774,8.630934,4.150456,13.237923,9.906318,5.442482,16.112550,11.174818,16.112550,37.916640000,128.172650000,37.916640000,128.172650000,37.916270000,128.172930000,37.916382646,128.172978310,37.916540000,128.172270000,37.916451120,128.172275615,37.916946000,128.172400000,37.916926415,128.172343217,37.916706000,128.173030000,37.916850030,128.173011829
536,536,826609520491,107.210,4.097963,37.921830000,128.173110000,1308.000000,2975.368526,3222.684829,247.316303,8.312123,4.202272,13.282204,9.873558,4.096023,16.099071,10.837714,16.099071,37.916645000,128.172620000,37.916645000,128.172620000,37.916275000,128.172900000,37.916387135,128.172951677,37.916540000,128.172230000,37.916452361,128.172247303,37.916950000,128.172350000,37.916931400,128.172309757,37.916714000,128.172990000,37.916858395,128.172979767
537,537,826609520679,107.398,4.097963,37.921852000,128.173050000,1308.000000,2997.608228,3247.590080,249.981852,8.339377,4.576160,13.448514,10.250284,2.674189,15.807434,10.545105,15.807434,37.916670000,128.172580000,37.916670000,128.172580000,37.916300000,128.172850000,37.916410345,128.172912343,37.916565000,128.172180000,37.916475638,128.172208146,37.916960000,128.172300000,37.916959577,128.172269554,37.916744000,128.172960000,37.916885005,128.172938721
538,538,826609520887,107.606,4.097963,37.921875000,128.172960000,1308.000000,2915.634917,3282.309799,366.674881,12.576159,4.642606,12.555872,10.230172,3.915199,15.781891,10.620783,15.781891,37.916680000,128.172530000,37.916680000,128.172530000,37.916310000,128.172820000,37.916417186,128.172864510,37.916573000,128.172150000,37.916481382,128.172159114,37.916960000,128.172260000,37.916970366,128.172217398,37.916756000,128.172910000,37.916896629,128.172887238
539,539,826609521085,107.804,4.097963,37.921894000,128.172880000,1308.000000,2982.014478,3305.873647,323.859170,10.860416,4.116895,11.987093,11.111726,4.124610,15.075376,10.574701,15.075376,37.916690000,128.172500000,37.916690000,128.172500000,37.916325000,128.172790000,37.916426059,128.172837130,37.916584000,128.172100000,37.916487159,128.172130675,37.916970000,128.172230000,37.916979581,128.172184631,37.916775000,128.172880000,37.916909008,128.172855235
540,540,826609521289,108.008,4.097963,37.921913000,128.172820000,1308.000000,2953.222957,3334.236907,381.013950,12.901632,4.574949,11.961986,10.186114,4.757178,14.870967,10.444061,14.870967,37.916710000,128.172450000,37.916710000,128.172450000,37.916340000,128.172740000,37.916440750,128.172787366,37.916595000,128.172070000,37.916503902,128.172080907,37.916977000,128.172180000,37.917000127,128.172134449,37.916798000,128.172840000,37.916928632,128.172804576
541,541,826609521492,108.211,4.097963,37.921932000,128.172730000,1308.000000,2917.197512,3352.431126,435.233613,14.919580,4.464382,11.276244,10.460107,4.671594,14.472874,10.220205,14.472874,37.916720000,128.172410000,37.916720000,128.172410000,37.916355000,128.172710000,37.916451239,128.172750063,37.916603000,128.172030000,37.916509558,128.172042551,37.916980000,128.172130000,37.917009087,128.172091655,37.916813000,128.172790000,37.916941195,128.172762545
542,542,826609521679,108.398,4.097963,37.921950000,128.172650000,1308.000000,2916.903713,3363.166567,446.262854,15.299197,4.664135,11.552352,9.964970,4.788653,14.249760,10.138934,14.249760,37.916733000,128.172380000,37.916733000,128.172380000,37.916370000,128.172670000,37.916465110,128.172722627,37.916607000,128.172000000,37.916518203,128.172014361,37.916985000,128.172090000,37.917020350,128.172058929,37.916830000,128.172760000,37.916955858,128.172730386
543,543,826609521883,108.602,2.741131,37.921967000,128.172580000,1308.000000,1439.049037,1525.220980,86.171943,5.988117,2.521667,4.207030,11.208372,9.917451,8.321913,8.413692,11.208372,37.916590000,128.173260000,37.916590000,128.173260000,37.916386000,128.173500000,37.916418547,128.173524348,37.916515000,128.173020000,37.916415673,128.173040899,37.916820000,128.173050000,37.916737377,128.173007761,37.916687000,128.173520000,37.916752371,128.173474030
544,544,826609522087,108.806,0.609750,37.921980000,128.172500000,1308.000000,76.303153,66.335307,-9.967846,-13.063478,0.515872,2.618120,3.015891,3.629811,1.869068,2.783223,3.629811,37.916286000,128.175030000,37.916286000,128.175030000,37.916245000,128.175100000,37.916268443,128.175097601,37.916270000,128.174970000,37.916246786,128.174987705,37.916336000,128.174960000,37.916303466,128.174962773,37.916310000,128.175080000,37.916325549,128.175071970
545,545,826609522291,109.010,0.609750,37.921993000,128.172420000,1308.000000,78.356153,66.903624,-11.452529,-14.615991,0.592163,2.645545,3.069483,3.657147,1.618878,2.747763,3.657147,37.916286000,128.175030000,37.916286000,128.175030000,37.916245000,128.175100000,37.916268717,128.175098074,37.916270000,128.174970000,37.916246380,128.174988033,37.916336000,128.174960000,37.916303198,128.174962304,37.916313000,128.175080000,37.916325959,128.175071634
546,546,826609522480,109.199,0.609750,37.922010000,128.172330000,1308.000000,78.356153,67.593310,-10.762843,-13.735798,0.591876,2.675155,3.129593,3.686424,1.679590,2.792691,3.686424,37.916286000,128.175030000,37.916286000,128.175030000,37.916245000,128.175100000,37.916269007,128.175098620,37.916270000,128.174970000,37.916245918,128.174988388,37.916336000,128.174960000,37.916302914,128.174961763,37.916313000,128.175080000,37.916326425,128.175071271
547,547,826609522681,109.400,0.609750,37.922016000,128.172260000,1308.000000,78.356153,68.036717,-10.319436,-13.169911,0.591649,2.703475,3.176142,3.714253,1.726286,2.830039,3.714253,37.916286000,128.175030000,37.916286000,128.175030000,37.916245000,128.175100000,37.916269273,128.175099009,37.916270000,128.174970000,37.916245580,128.174988704,37.916336000,128.174960000,37.916302652,128.174961377,37.916313000,128.175080000,37.916326765,128.175070948
548,548,826609522884,109.603,0.609750,37.922028000,128.172160000,1308.000000,78.356153,68.714918,-9.641235,-12.304375,0.857078,2.891003,2.889934,3.822747,2.319360,2.980761,3.822747,37.916286000,128.175020000,37.916286000,128.175020000,37.916245000,128.175100000,37.916269618,128.175089516,37.916270000,128.174970000,37.916245057,128.174979125,37.916336000,128.174960000,37.916302433,128.174950816,37.916313000,128.175080000,37.916327135,128.175060597
549,549,826609523087,109.806,0.609750,37.922030000,128.172090000,1308.000000,88.572238,68.829941,-19.742296,-22.289486,1.107585,3.833567,1.586375,3.550586,3.108853,3.019845,3.833567,37.916313000,128.175030000,37.916313000,128.175030000,37.916264000,128.175110000,37.916297455,128.175099650,37.916286000,128.174990000,37.916271752,128.174989643,37.916360000,128.174970000,37.916329003,128.174960473,37.916340000,128.175100000,37.916354729,128.175069924
550,550,826609523291,110.010,0.609750,37.922040000,128.172010000,1308.000000,83.146485,69.713812,-13.432674,-16.155432,0.875054,2.928261,2.665556,3.898856,2.138795,2.907867,3.898856,37.916286000,128.175020000,37.916286000,128.175020000,37.916245000,128.175100000,37.916270180,128.175090354,37.916267000,128.174970000,37.916244340,128.174979808,37.916336000,128.174960000,37.916301879,128.174949984,37.916317000,128.175080000,37.916327855,128.175059905
551,551,826609523479,110.198,0.609750,37.922043000,128.171940000,1308.000000,84.661795,70.157276,-14.504518,-17.132307,0.839689,2.418145,3.110724,3.935828,2.183854,2.912138,3.935828,37.916286000,128.175020000,37.916286000,128.175020000,37.916250000,128.175100000,37.916270455,128.175090733,37.916267000,128.174960000,37.916244013,128.174980142,37.916336000,128.174960000,37.916301608,128.174949607,37.916317000,128.175080000,37.916328182,128.175059568
552,552,826609523683,110.402,0.609750,37.922043000,128.171860000,1308.000000,94.731234,70.336915,-24.394320,-25.751084,0.886354,3.580713,1.374488,3.547353,3.037400,2.884988,3.580713,37.916313000,128.175030000,37.916313000,128.175030000,37.916267000,128.175110000,37.916298353,128.175100891,37.916283000,128.174990000,37.916270666,128.174990726,37.916360000,128.174960000,37.916328140,128.174959211,37.916344000,128.175100000,37.916355810,128.175068822
553,553,826609523886,110.605,0.609750,37.922047000,128.171780000,1308.000000,89.549889,71.165614,-18.384275,-20.529645,0.688249,2.461703,3.216813,3.538031,2.111432,2.831995,3.538031,37.916286000,128.175020000,37.916286000,128.175020000,37.916250000,128.175100000,37.916271095,128.175091590,37.916267000,128.174960000,37.916243279,128.174980919,37.916332000,128.174940000,37.916300977,128.174948755,37.916320000,128.175080000,37.916328919,128.175058781
554,554,826609524089,110.808,0.609750,37.922043000,128.171690000,1308.000000,91.896174,71.662771,-20.233403,-22.017678,0.604588,2.492295,3.009045,3.572173,2.169269,2.810696,3.572173,37.916286000,128.175020000,37.916286000,128.175020000,37.916250000,128.175100000,37.916271490,128.175092041,37.916264000,128.174960000,37.916242885,128.174981392,37.916332000,128.174940000,37.916300587,128.174948306,37.916320000,128.175080000,37.916329314,128.175058303
555,555,826609524292,111.011,0.609750,37.922040000,128.171620000,1308.000000,83.879700,72.062219,-11.817481,-14.088606,0.747629,2.516479,3.055782,3.598857,1.086205,2.564331,3.598857,37.916286000,128.175020000,37.916286000,128.175020000,37.916250000,128.175100000,37.916271795,128.175092395,37.916264000,128.174960000,37.916242579,128.174981760,37.916332000,128.174940000,37.916300286,128.174947954,37.916320000,128.175060000,37.916329620,128.175057931
556,556,826609524486,111.205,0.609750,37.922040000,128.171620000,1308.000000,83.879700,72.062219,-11.817481,-14.088606,0.747629,2.516479,3.055782,3.598857,1.086205,2.564331,3.598857,37.916286000,128.175020000,37.916286000,128.175020000,37.916250000,128.175100000,37.916271795,128.175092395,37.916264000,128.174960000,37.916242579,128.174981760,37.916332000,128.174940000,37.916300286,128.174947954,37.916320000,128.175060000,37.916329620,128.175057931
557,557,826609524683,111.402,0.609750,37.922035000,128.171520000,1308.000000,87.790175,72.639255,-15.150920,-17.258105,0.863820,2.552295,3.122496,3.637849,0.607371,2.480003,3.637849,37.916286000,128.175020000,37.916286000,128.175020000,37.916250000,128.175100000,37.916272233,128.175092898,37.916264000,128.174960000,37.916242146,128.174982289,37.916332000,128.174940000,37.916299854,128.174947453,37.916325000,128.175060000,37.916330055,128.175057396
558,558,826609524892,111.611,0.609750,37.922020000,128.171370000,1307.000000,88.718880,73.098441,-15.620439,-17.606669,0.452112,3.446624,1.309400,3.234209,1.501998,2.373058,3.446624,37.916313000,128.175030000,37.916313000,128.175030000,37.916270000,128.175110000,37.916300504,128.175103277,37.916280000,128.174990000,37.916268540,128.174993358,37.916355000,128.174960000,37.916326058,128.174956774,37.916350000,128.175080000,37.916357918,128.175066152
559,559,826609525091,111.810,0.609750,37.922020000,128.171370000,1307.000000,88.718880,73.098441,-15.620439,-17.606669,0.452112,3.446624,1.309400,3.234209,1.501998,2.373058,3.446624,37.916313000,128.175030000,37.916313000,128.175030000,37.916270000,128.175110000,37.916300504,128.175103277,37.916280000,128.174990000,37.916268540,128.174993358,37.916355000,128.174960000,37.916326058,128.174956774,37.916350000,128.175080000,37.916357918,128.175066152
560,560,826609525279,111.998,0.609750,37.922010000,128.171280000,1307.000000,92.873793,73.855499,-19.018294,-20.477568,0.887402,2.432929,2.952147,3.521840,0.369486,2.319101,3.521840,37.916286000,128.175020000,37.916286000,128.175020000,37.916252000,128.175100000,37.916273339,128.175094012,37.916260000,128.174960000,37.916241168,128.174983668,37.916330000,128.174940000,37.916298761,128.174946346,37.916330000,128.175060000,37.916331035,128.175056003
561,561,826609525482,112.201,0.609750,37.921997000,128.171200000,1307.000000,92.873793,74.237088,-18.636705,-20.066699,0.887239,2.469924,3.006795,3.560552,0.421257,2.364632,3.560552,37.916286000,128.175020000,37.916286000,128.175020000,37.916252000,128.175100000,37.916273739,128.175094373,37.916260000,128.174960000,37.916240850,128.174984145,37.916330000,128.174940000,37.916298366,128.174945986,37.916330000,128.175060000,37.916331354,128.175055521
562,562,826609525685,112.404,0.609750,37.921980000,128.171130000,1307.000000,95.317805,74.233779,-21.084026,-22.119714,0.194053,3.016029,1.445689,3.118276,1.411770,2.247941,3.118276,37.916313000,128.175030000,37.916313000,128.175030000,37.916275000,128.175110000,37.916301722,128.175104331,37.916280000,128.174990000,37.916267579,128.174994805,37.916350000,128.174940000,37.916324872,128.174955691,37.916355000,128.175080000,37.916358866,128.175064689
563,563,826609525888,112.607,0.609750,37.921963000,128.171050000,1307.000000,96.882031,74.845712,-22.036319,-22.745517,0.951933,2.111071,2.814287,3.338800,0.477984,2.185536,3.338800,37.916286000,128.175020000,37.916286000,128.175020000,37.916256000,128.175100000,37.916274550,128.175095001,37.916256000,128.174960000,37.916240282,128.174985099,37.916325000,128.174930000,37.916297564,128.174945360,37.916332000,128.175060000,37.916331923,128.175054558
564,564,826609526112,112.831,0.609750,37.921947000,128.170970000,1307.000000,88.181223,75.221287,-12.959935,-14.696933,0.856807,2.150370,2.249095,2.864771,0.357191,1.905357,2.864771,37.916286000,128.175020000,37.916286000,128.175020000,37.916256000,128.175100000,37.916274966,128.175095351,37.916256000,128.174970000,37.916239974,128.174985596,37.916320000,128.174930000,37.916297152,128.174945012,37.916332000,128.175050000,37.916332231,128.175054057
565,565,826609526278,112.997,0.609750,37.921925000,128.170880000,1307.000000,100.205850,75.730406,-24.475444,-24.425165,1.247469,3.630380,0.424722,2.094948,1.704198,1.963562,3.630380,37.916348000,128.175000000,37.916348000,128.175000000,37.916313000,128.175100000,37.916338745,128.175074625,37.916300000,128.174970000,37.916302272,128.174966115,37.916378000,128.174930000,37.916359795,128.174923954,37.916390000,128.175050000,37.916395881,128.175032084
566,566,826609526482,113.201,0.609750,37.921900000,128.170820000,1306.000000,69.606254,91.556199,21.949945,31.534444,0.924701,0.966894,1.610251,1.521138,2.953918,1.763050,2.953918,37.916508000,128.174880000,37.916508000,128.174880000,37.916485000,128.174960000,37.916493535,128.174957955,37.916466000,128.174850000,37.916452103,128.174855087,37.916523000,128.174820000,37.916522344,128.174802699,37.916546000,128.174930000,37.916563530,128.174904749
567,567,826609526686,113.405,0.609750,37.921880000,128.170750000,1306.000000,63.936019,89.943754,26.007735,40.677752,0.069694,0.761417,2.231400,0.706579,2.042478,1.435469,2.231400,37.916580000,128.174840000,37.916580000,128.174840000,37.916570000,128.174910000,37.916566535,128.174917476,37.916540000,128.174800000,37.916524369,128.174815906,37.916590000,128.174770000,37.916593353,128.174763168,37.916622000,128.174880000,37.916635268,128.174863937
568,568,826609526889,113.608,0.609750,37.921852000,128.170670000,1306.000000,83.585923,100.192619,16.606696,19.867814,0.301346,0.284180,1.787892,0.890121,1.561075,1.130817,1.787892,37.916718000,128.174740000,37.916718000,128.174740000,37.916702000,128.174820000,37.916703890,128.174817824,37.916670000,128.174710000,37.916656909,128.174721795,37.916737000,128.174670000,37.916735654,128.174660009,37.916770000,128.174770000,37.916779678,128.174757136
569,569,826609527093,113.812,0.609750,37.921820000,128.170600000,1306.000000,78.111177,97.941857,19.830680,25.387762,0.452450,0.160316,1.708162,1.699966,1.356527,1.231243,1.708162,37.916824000,128.174680000,37.916824000,128.174680000,37.916810000,128.174760000,37.916808966,128.174758729,37.916775000,128.174650000,37.916763548,128.174662947,37.916836000,128.174620000,37.916839844,128.174601266,37.916878000,128.174710000,37.916884180,128.174696687
570,570,826609527280,113.999,0.609750,37.921790000,128.170530000,1306.000000,82.168129,96.056950,13.888820,16.902929,0.576910,0.668730,2.105567,0.378767,2.508465,1.415382,2.508465,37.916946000,128.174550000,37.916946000,128.174550000,37.916930000,128.174620000,37.916932387,128.174626988,37.916893000,128.174510000,37.916887461,128.174532925,37.916958000,128.174470000,37.916960528,128.174472887,37.916992000,128.174580000,37.917009635,128.174562218
571,571,826609527483,114.202,0.609750,37.921757000,128.170460000,1305.000000,113.793680,95.038307,-18.755373,-16.481911,1.716034,0.309993,2.253167,2.686346,2.201573,1.862770,2.686346,37.917034000,128.174450000,37.917034000,128.174450000,37.917020000,128.174530000,37.917020546,128.174526539,37.916985000,128.174420000,37.916970754,128.174438226,37.917065000,128.174360000,37.917044644,128.174376429,37.917114000,128.174450000,37.917096510,128.174461703
572,572,826609527686,114.405,0.609750,37.921680000,128.170320000,1305.000000,75.569031,82.253626,6.684595,8.845680,0.948526,0.951424,1.110826,1.204586,1.823609,1.272611,1.823609,37.917170000,128.174330000,37.917170000,128.174330000,37.917164000,128.174410000,37.917165170,128.174399268,37.917120000,128.174320000,37.917110127,128.174318164,37.917183000,128.174270000,37.917174581,128.174261384,37.917225000,128.174360000,37.917230643,128.174340506
573,573,826609527890,114.609,0.609750,37.921646000,128.170260000,1305.000000,86.029357,83.466357,-2.563000,-2.979216,0.324964,0.761875,1.423939,2.451485,1.838891,1.619048,2.451485,37.917230000,128.174220000,37.917230000,128.174220000,37.917220000,128.174290000,37.917226570,128.174287569,37.917183000,128.174200000,37.917171727,128.174207663,37.917248000,128.174130000,37.917234410,128.174151965,37.917286000,128.174240000,37.917296703,128.174224050
574,574,826609528078,114.797,0.609750,37.921604000,128.170200000,1305.000000,86.078155,88.170810,2.092655,2.431110,0.239378,1.413112,2.208846,1.275146,1.212326,1.527358,2.208846,37.917300000,128.174120000,37.917300000,128.174120000,37.917286000,128.174200000,37.917294992,128.174188642,37.917250000,128.174100000,37.917234375,128.174115503,37.917313000,128.174040000,37.917305702,128.174051192,37.917355000,128.174130000,37.917364923,128.174124310
575,575,826609528282,115.001,0.609750,37.921560000,128.170140000,1304.000000,88.962016,82.020323,-6.941694,-7.802986,0.225235,1.435844,1.238181,1.262831,1.334788,1.317911,1.435844,37.917362000,128.174010000,37.917362000,128.174010000,37.917350000,128.174090000,37.917358015,128.174077190,37.917310000,128.174000000,37.917299351,128.174004072,37.917370000,128.173930000,37.917365836,128.173943376,37.917420000,128.174030000,37.917424068,128.174015702
576,576,826609528485,115.204,0.609750,37.921516000,128.170070000,1304.000000,77.621774,78.813351,1.191578,1.535108,0.465668,0.595133,1.462948,1.365194,1.345572,1.192212,1.462948,37.917390000,128.173950000,37.917390000,128.173950000,37.917385000,128.174010000,37.917387315,128.174016108,37.917336000,128.173930000,37.917328727,128.173943875,37.917397000,128.173870000,37.917392508,128.173884465,37.917446000,128.173970000,37.917450733,128.173955902
577,577,826609528688,115.407,0.609750,37.921470000,128.170030000,1304.000000,73.857960,71.842917,-2.015043,-2.728268,0.575271,0.587515,0.933829,0.387101,0.587468,0.623978,0.933829,37.917427000,128.173830000,37.917427000,128.173830000,37.917427000,128.173900000,37.917426508,128.173893339,37.917374000,128.173830000,37.917368679,128.173821779,37.917430000,128.173770000,37.917427379,128.173767103,37.917490000,128.173840000,37.917484999,128.173837865
578,578,826609528891,115.610,0.609750,37.921417000,128.169970000,1304.000000,71.804980,68.996187,-2.808793,-3.911697,0.753776,0.224083,1.242641,0.688420,1.032075,0.796805,1.242641,37.917440000,128.173770000,37.917440000,128.173770000,37.917440000,128.173830000,37.917440461,128.173832484,37.917390000,128.173750000,37.917383188,128.173761210,37.917440000,128.173700000,37.917439558,128.173707819,37.917503000,128.173770000,37.917496539,128.173778429
579,579,826609529079,115.798,0.609750,37.921370000,128.169920000,1303.000000,77.230679,66.567650,-10.663029,-13.806727,0.475139,0.711872,0.579811,0.727152,1.214830,0.808416,1.214830,37.917440000,128.173700000,37.917440000,128.173700000,37.917442000,128.173770000,37.917440727,128.173762056,37.917390000,128.173690000,37.917384794,128.173690213,37.917440000,128.173630000,37.917439302,128.173638233,37.917503000,128.173700000,37.917494999,128.173709407
580,580,826609529282,116.001,0.609750,37.921314000,128.169860000,1303.000000,61.784558,66.581685,4.797127,7.764281,0.457156,0.409715,0.969685,0.462120,0.984642,0.706541,0.984642,37.917423000,128.173630000,37.917423000,128.173630000,37.917427000,128.173690000,37.917423701,128.173692069,37.917374000,128.173610000,37.917369232,128.173619241,37.917423000,128.173570000,37.917425172,128.173565516,37.917480000,128.173630000,37.917476621,128.173640362
581,581,826609529486,116.205,0.609750,37.921260000,128.169830000,1303.000000,58.069674,65.986046,7.916372,13.632541,0.448902,0.235772,0.805244,1.118238,1.017191,0.794111,1.118238,37.917410000,128.173600000,37.917410000,128.173600000,37.917410000,128.173660000,37.917410159,128.173662677,37.917360000,128.173580000,37.917357428,128.173588570,37.917404000,128.173540000,37.917413080,128.173534553,37.917460000,128.173600000,37.917462274,128.173611218
582,582,826609529765,116.484,0.609750,37.921210000,128.169780000,1303.000000,58.754021,67.061155,8.307135,14.138836,0.430750,0.847428,0.767792,1.108332,1.000331,0.930971,1.108332,37.917380000,128.173570000,37.917380000,128.173570000,37.917385000,128.173630000,37.917378360,128.173634719,37.917328000,128.173550000,37.917327589,128.173558727,37.917374000,128.173510000,37.917382937,128.173504436,37.917430000,128.173570000,37.917432109,128.173581072
583,583,826609529878,116.597,0.609750,37.921150000,128.169740000,1302.000000,60.611505,67.823667,7.212162,11.898998,0.661577,1.210107,2.760408,1.844919,0.981442,1.699219,2.760408,37.917336000,128.173550000,37.917336000,128.173550000,37.917343000,128.173610000,37.917333239,128.173616064,37.917280000,128.173570000,37.917283704,128.173538920,37.917328000,128.173500000,37.917338942,128.173484222,37.917390000,128.173550000,37.917387997,128.173560883
584,584,826609530081,116.800,0.609750,37.921093000,128.169710000,1302.000000,69.116739,68.376850,-0.739890,-1.070493,0.297776,1.631923,2.171240,1.815890,1.057985,1.669259,2.171240,37.917260000,128.173540000,37.917260000,128.173540000,37.917270000,128.173600000,37.917256448,128.173607085,37.917200000,128.173550000,37.917208618,128.173527821,37.917248000,128.173480000,37.917263479,128.173473477,37.917316000,128.173540000,37.917312098,128.173550985
585,585,826609530284,117.003,0.609750,37.921036000,128.169680000,1302.000000,60.122822,65.752935,5.630113,9.364353,0.903524,3.461284,1.536641,1.599540,3.095286,2.423188,3.461284,37.917190000,128.173570000,37.917190000,128.173570000,37.917210000,128.173610000,37.917187266,128.173636888,37.917133000,128.173570000,37.917140866,128.173555621,37.917180000,128.173510000,37.917193280,128.173503045,37.917250000,128.173550000,37.917240142,128.173582956
586,586,826609530487,117.206,0.609750,37.920970000,128.169650000,1301.000000,69.507895,65.038284,-4.469611,-6.430365,0.897046,2.500222,3.204836,3.030152,2.422007,2.789304,3.204836,37.917140000,128.173580000,37.917140000,128.173580000,37.917160000,128.173650000,37.917137675,128.173646882,37.917080000,128.173600000,37.917090710,128.173566126,37.917126000,128.173540000,37.917142932,128.173512983,37.917200000,128.173570000,37.917188995,128.173593791
587,587,826609530681,117.400,0.609750,37.920914000,128.169620000,1301.000000,81.874706,66.428405,-15.446301,-18.865779,0.661623,2.827296,4.459015,2.768605,2.578736,3.158413,4.459015,37.917072000,128.173660000,37.917072000,128.173660000,37.917095000,128.173720000,37.917070281,128.173727394,37.917000000,128.173690000,37.917021712,128.173647332,37.917053000,128.173610000,37.917073898,128.173592907,37.917137000,128.173650000,37.917122086,128.173672469
588,588,826609530885,117.604,0.609750,37.920845000,128.169600000,1301.000000,83.194680,78.029832,-5.164847,-6.208146,1.447398,3.672666,1.546795,3.060302,5.902962,3.545681,5.902962,37.916893000,128.173800000,37.916893000,128.173800000,37.916912000,128.173840000,37.916889603,128.173870708,37.916832000,128.173810000,37.916836223,128.173793220,37.916870000,128.173740000,37.916896319,128.173729933,37.916977000,128.173750000,37.916948960,128.173807051
589,589,826609531090,117.809,0.609750,37.920784000,128.169590000,1300.000000,80.261930,78.796597,-1.465333,-1.825689,0.656084,3.397372,1.646671,3.359627,3.142824,2.886623,3.397372,37.916817000,128.173920000,37.916817000,128.173920000,37.916843000,128.173970000,37.916816427,128.173989027,37.916750000,128.173930000,37.916758861,128.173914986,37.916790000,128.173860000,37.916819095,128.173849835,37.916880000,128.173890000,37.916874480,128.173925096
590,590,826609531315,118.034,0.609750,37.920727000,128.169570000,1300.000000,71.854588,75.589819,3.735231,5.198320,0.364371,3.635506,3.434209,3.667355,3.141059,3.469532,3.667355,37.916695000,128.174030000,37.916695000,128.174030000,37.916720000,128.174070000,37.916696195,128.174098341,37.916630000,128.174060000,37.916638754,128.174022502,37.916664000,128.173980000,37.916693780,128.173962142,37.916756000,128.174000000,37.916752525,128.174035495
591,591,826609531481,118.200,0.609750,37.920654000,128.169560000,1300.000000,69.312882,74.331482,5.018599,7.240500,0.397463,7.836863,3.867723,8.107777,4.223659,6.009006,8.107777,37.916600000,128.174160000,37.916600000,128.174160000,37.916542000,128.174180000,37.916599152,128.174232106,37.916570000,128.174120000,37.916545293,128.174150965,37.916664000,128.174130000,37.916597587,128.174092100,37.916634000,128.174210000,37.916654112,128.174169218
592,592,826609531684,118.403,0.609750,37.920593000,128.169560000,1299.000000,63.447272,77.070094,13.622823,21.471093,0.931316,3.355776,2.662077,3.982108,1.692274,2.923058,3.982108,37.916510000,128.174330000,37.916510000,128.174330000,37.916540000,128.174400000,37.916509944,128.174402937,37.916462000,128.174350000,37.916455526,128.174320819,37.916485000,128.174290000,37.916510057,128.174257638,37.916565000,128.174320000,37.916564027,128.174339230
593,593,826609531887,118.606,0.609750,37.920525000,128.169560000,1299.000000,65.744742,82.339903,16.595161,25.241807,0.945786,3.140569,3.600682,4.418887,1.932758,3.273224,4.418887,37.916428000,128.174560000,37.916428000,128.174560000,37.916450000,128.174620000,37.916425746,128.174638266,37.916370000,128.174590000,37.916374881,128.174549469,37.916397000,128.174510000,37.916430233,128.174482481,37.916473000,128.174550000,37.916482464,128.174568451
594,594,826609532090,118.809,0.609750,37.920464000,128.169560000,1299.000000,80.506860,69.233808,-11.273051,-14.002597,0.244412,8.711267,2.391754,7.801557,3.316453,5.555258,8.711267,37.916336000,128.174940000,37.916336000,128.174940000,37.916270000,128.174970000,37.916339850,128.175014720,37.916298000,128.174900000,37.916287455,128.174923729,37.916397000,128.174900000,37.916332398,128.174865561,37.916370000,128.174990000,37.916384060,128.174956706
595,595,826609532293,119.012,0.609750,37.920403000,128.169560000,1299.000000,85.786052,68.933475,-16.852576,-19.644891,0.600380,7.566980,2.971454,8.345443,3.183578,5.516864,8.345443,37.916290000,128.175060000,37.916290000,128.175060000,37.916230000,128.175110000,37.916295252,128.175134146,37.916260000,128.175020000,37.916241301,128.175044146,37.916355000,128.175020000,37.916284937,128.174986192,37.916330000,128.175110000,37.916338803,128.175075509
596,596,826609532481,119.200,0.609750,37.920340000,128.169570000,1298.000000,65.695994,67.239887,1.543893,2.350057,0.454032,8.205699,2.560589,7.811200,1.727366,5.076213,8.205699,37.916280000,128.175000000,37.916280000,128.175000000,37.916220000,128.175030000,37.916285199,128.175073593,37.916245000,128.174960000,37.916231908,128.174983973,37.916340000,128.174960000,37.916274872,128.174926897,37.916317000,128.175030000,37.916327937,128.175016047
597,597,826609532685,119.404,0.609750,37.920273000,128.169590000,1298.000000,65.695994,66.363263,0.667269,1.015692,0.453947,8.226368,2.576842,7.838349,1.736935,5.094623,8.226368,37.916280000,128.175000000,37.916280000,128.175000000,37.916220000,128.175030000,37.916285624,128.175073071,37.916245000,128.174960000,37.916232120,128.174984380,37.916340000,128.174960000,37.916274447,128.174927416,37.916317000,128.175030000,37.916327729,128.175015640
598,598,826609532888,119.607,0.609750,37.920210000,128.169600000,1298.000000,86.225985,67.000428,-19.225556,-22.296708,0.531749,7.782029,3.520303,7.862563,1.491463,5.164089,7.862563,37.916286000,128.175080000,37.916286000,128.175080000,37.916225000,128.175130000,37.916292539,128.175152868,37.916252000,128.175030000,37.916237649,128.175065720,37.916348000,128.175030000,37.916279642,128.175007471,37.916330000,128.175110000,37.916334427,128.175093971
599,599,826609533091,119.810,0.609750,37.920147000,128.169630000,1297.000000,66.038160,64.672521,-1.365639,-2.067954,0.489663,8.261864,2.360518,7.470935,1.756534,4.962463,8.261864,37.916280000,128.175000000,37.916280000,128.175000000,37.916220000,128.175030000,37.916286392,128.175072048,37.916240000,128.174960000,37.916232552,128.174985166,37.916336000,128.174960000,37.916273679,128.174928433,37.916317000,128.175030000,37.916327305,128.175014853
600,600,826609533279,119.998,0.609750,37.920090000,128.169660000,1297.000000,66.038160,63.833764,-2.204396,-3.338065,0.489617,8.273257,2.375830,7.487110,1.760214,4.974103,8.273257,37.916280000,128.175000000,37.916280000,128.175000000,37.916220000,128.175030000,37.916286707,128.175071532,37.916240000,128.174960000,37.916232776,128.174985456,37.916336000,128.174960000,37.916273363,128.174928945,37.916317000,128.175030000,37.916327086,128.175014563
601,601,826609533482,120.201,0.609750,37.920033000,128.169700000,1297.000000,87.594655,64.288061,-23.306594,-26.607324,0.894691,6.980193,3.600021,7.655586,1.482972,4.929693,7.655586,37.916283000,128.175080000,37.916283000,128.175080000,37.916230000,128.175130000,37.916290424,128.175151237,37.916250000,128.175030000,37.916235409,128.175066584,37.916344000,128.175020000,37.916275772,128.175009064,37.916330000,128.175110000,37.916330652,128.175093134
602,602,826609533685,120.404,0.609750,37.920033000,128.169700000,1297.000000,87.594655,64.288061,-23.306594,-26.607324,0.894691,6.980193,3.600021,7.655586,1.482972,4.929693,7.655586,37.916283000,128.175080000,37.916283000,128.175080000,37.916230000,128.175130000,37.916290424,128.175151237,37.916250000,128.175030000,37.916235409,128.175066584,37.916344000,128.175020000,37.916275772,128.175009064,37.916330000,128.175110000,37.916330652,128.175093134
603,603,826609533889,120.608,0.609750,37.919968000,128.169720000,1297.000000,87.594655,63.493908,-24.100747,-27.513947,0.894592,7.013187,3.623270,7.695612,1.517997,4.962516,7.695612,37.916283000,128.175080000,37.916283000,128.175080000,37.916230000,128.175130000,37.916290843,128.175150721,37.916250000,128.175030000,37.916235606,128.175067004,37.916344000,128.175020000,37.916275361,128.175009564,37.916330000,128.175110000,37.916330449,128.175092724
604,604,826609534078,120.797,0.609750,37.919914000,128.169750000,1297.000000,73.516950,61.374746,-12.142205,-16.516198,0.173121,7.188644,2.504882,7.647142,1.515432,4.714025,7.647142,37.916275000,128.175000000,37.916275000,128.175000000,37.916220000,128.175050000,37.916282608,128.175070058,37.916237000,128.174960000,37.916228421,128.174986368,37.916332000,128.174960000,37.916267345,128.174930577,37.916317000,128.175030000,37.916321429,128.175013683
605,605,826609534299,121.018,0.609750,37.919853000,128.169800000,1297.000000,77.965109,61.675092,-16.290017,-20.893984,0.947208,7.049585,3.639120,7.304563,0.875752,4.717255,7.304563,37.916283000,128.175080000,37.916283000,128.175080000,37.916230000,128.175130000,37.916291417,128.175149568,37.916250000,128.175030000,37.916236118,128.175067516,37.916340000,128.175020000,37.916274794,128.175010692,37.916325000,128.175100000,37.916329930,128.175092229
606,606,826609534484,121.203,0.609750,37.919804000,128.169850000,1297.000000,65.695998,59.467291,-6.228708,-9.481107,0.205011,7.212720,1.719305,7.449593,1.707502,4.522280,7.449593,37.916275000,128.175000000,37.916275000,128.175000000,37.916220000,128.175050000,37.916283064,128.175068846,37.916237000,128.174970000,37.916228986,128.174986736,37.916330000,128.174960000,37.916266894,128.174931770,37.916313000,128.175030000,37.916320873,128.175013313
607,607,826609534688,121.407,0.609750,37.919743000,128.169890000,1297.000000,70.632967,59.501332,-11.131634,-15.759829,0.564275,7.066949,2.132905,7.708689,2.494536,4.850770,7.708689,37.916283000,128.175060000,37.916283000,128.175060000,37.916230000,128.175110000,37.916291814,128.175128333,37.916250000,128.175030000,37.916236845,128.175047658,37.916340000,128.175020000,37.916274390,128.174991923,37.916325000,128.175100000,37.916329203,128.175072099
608,608,826609534891,121.610,0.609750,37.919697000,128.169940000,1297.000000,64.229570,57.741983,-6.487586,-10.100622,0.245421,7.241832,1.721756,6.941623,1.711002,4.404053,7.241832,37.916275000,128.175000000,37.916275000,128.175000000,37.916220000,128.175050000,37.916283535,128.175067720,37.916237000,128.174970000,37.916229496,128.174987144,37.916325000,128.174960000,37.916266428,128.174932880,37.916313000,128.175030000,37.916320371,128.175012903
609,609,826609535078,121.797,0.609750,37.919647000,128.170000000,1298.000000,64.229574,56.876987,-7.352587,-11.447355,0.470839,6.699191,2.035556,7.469719,1.522313,4.431695,7.469719,37.916270000,128.175000000,37.916270000,128.175000000,37.916220000,128.175050000,37.916278625,128.175067228,37.916237000,128.174970000,37.916224745,128.174987203,37.916325000,128.174960000,37.916261234,128.174933516,37.916313000,128.175030000,37.916315105,128.175012872
610,610,826609535287,122.006,0.609750,37.919594000,128.170040000,1298.000000,62.909788,56.100088,-6.809700,-10.824548,0.396899,6.716235,2.033965,7.481887,1.618745,4.462708,7.481887,37.916270000,128.175000000,37.916270000,128.175000000,37.916220000,128.175050000,37.916278877,128.175066701,37.916237000,128.174970000,37.916224974,128.174987437,37.916325000,128.174960000,37.916260987,128.174934034,37.916310000,128.175030000,37.916314881,128.175012637
611,611,826609535486,122.205,0.609750,37.919550000,128.170100000,1298.000000,66.869134,56.074113,-10.795021,-16.143503,0.937165,7.009363,2.815721,6.954155,0.814337,4.398394,7.009363,37.916283000,128.175060000,37.916283000,128.175060000,37.916233000,128.175100000,37.916292504,128.175126101,37.916250000,128.175020000,37.916237890,128.175048148,37.916336000,128.175000000,37.916273702,128.174994120,37.916325000,128.175080000,37.916328154,128.175071633
612,612,826609535689,122.408,0.609750,37.919506000,128.170150000,1298.000000,61.443360,54.456462,-6.986897,-11.371281,0.286080,6.722738,2.006570,6.948915,1.613861,4.323021,6.948915,37.916270000,128.175000000,37.916270000,128.175000000,37.916220000,128.175050000,37.916279121,128.175065616,37.916237000,128.174970000,37.916225503,128.174987598,37.916320000,128.174960000,37.916260750,128.174935095,37.916310000,128.175030000,37.916314360,128.175012474
613,613,826609535893,122.612,0.609750,37.919456000,128.170210000,1299.000000,63.251946,54.328238,-8.923708,-14.108196,0.411215,6.450400,2.271798,6.972506,1.693076,4.346945,6.972506,37.916280000,128.175050000,37.916280000,128.175050000,37.916233000,128.175100000,37.916289717,128.175115041,37.916250000,128.175020000,37.916235483,128.175038182,37.916332000,128.175000000,37.916270462,128.174985206,37.916320000,128.175080000,37.916324562,128.175061609
614,614,826609536080,122.799,0.609750,37.919415000,128.170270000,1299.000000,59.683645,52.829376,-6.854270,-11.484335,0.222233,6.730787,1.978589,6.945333,1.779329,4.358509,6.945333,37.916270000,128.175000000,37.916270000,128.175000000,37.916220000,128.175050000,37.916279369,128.175064518,37.916237000,128.174970000,37.916226024,128.174987721,37.916320000,128.174960000,37.916260510,128.174936167,37.916306000,128.175030000,37.916313847,128.175012349
615,615,826609536284,123.003,0.609750,37.919370000,128.170330000,1300.000000,55.431002,52.077349,-3.353653,-6.050139,0.422903,6.736495,1.966079,6.948963,1.770858,4.355599,6.948963,37.916270000,128.175000000,37.916270000,128.175000000,37.916220000,128.175050000,37.916279499,128.175064000,37.916237000,128.174970000,37.916226260,128.174987773,37.916317000,128.174970000,37.916260384,128.174936672,37.916306000,128.175030000,37.916313615,128.175012296
616,616,826609536486,123.205,0.609750,37.919330000,128.170400000,1300.000000,55.431002,51.224884,-4.206118,-7.588024,0.423228,6.730234,1.943990,6.930846,1.753128,4.339549,6.930846,37.916270000,128.175000000,37.916270000,128.175000000,37.916220000,128.175050000,37.916279522,128.175063435,37.916237000,128.174970000,37.916226558,128.174987743,37.916317000,128.174970000,37.916260363,128.174937223,37.916306000,128.175030000,37.916313320,128.175012325
617,617,826609536689,123.408,0.609750,37.919250000,128.170530000,1301.000000,55.431002,49.717482,-5.713520,-10.307446,0.423833,6.726725,1.908933,6.905073,1.726187,4.316730,6.905073,37.916270000,128.175000000,37.916270000,128.175000000,37.916220000,128.175050000,37.916279629,128.175062409,37.916237000,128.174970000,37.916227072,128.174987723,37.916317000,128.174970000,37.916260262,128.174938222,37.916306000,128.175030000,37.916312813,128.175012343
618,618,826609536893,123.612,0.609750,37.919250000,128.170530000,1301.000000,56.408624,49.726539,-6.682085,-11.845857,0.456590,6.913630,2.119273,7.211350,3.479995,4.931062,7.211350,37.916267000,128.175000000,37.916267000,128.175000000,37.916220000,128.175030000,37.916276582,128.175062456,37.916237000,128.174970000,37.916224065,128.174987706,37.916317000,128.174970000,37.916257257,128.174938253,37.916300000,128.175050000,37.916309810,128.175012375
619,619,826609537082,123.801,0.609750,37.919178000,128.170650000,1303.000000,56.408624,48.476746,-7.931878,-14.061463,0.457027,6.892792,2.084479,7.192727,3.461702,4.907925,7.192727,37.916267000,128.175000000,37.916267000,128.175000000,37.916220000,128.175030000,37.916276684,128.175061586,37.916237000,128.174970000,37.916224485,128.174987655,37.916317000,128.174970000,37.916257163,128.174939096,37.916300000,128.175050000,37.916309396,128.175012425
620,620,826609537285,124.004,0.609750,37.919144000,128.170720000,1303.000000,54.844433,47.737968,-7.106465,-12.957495,0.427394,6.871825,2.058446,6.761771,3.445535,4.784394,6.871825,37.916267000,128.175000000,37.916267000,128.175000000,37.916220000,128.175030000,37.916276649,128.175061091,37.916237000,128.174970000,37.916224761,128.174987570,37.916313000,128.174970000,37.916257201,128.174939576,37.916300000,128.175050000,37.916309123,128.175012509
621,621,826609537488,124.207,0.609750,37.919110000,128.170790000,1304.000000,54.257862,47.085795,-7.172067,-13.218484,0.423116,6.854689,2.034482,6.744904,3.500227,4.783575,6.854689,37.916267000,128.175000000,37.916267000,128.175000000,37.916220000,128.175030000,37.916276632,128.175060644,37.916237000,128.174970000,37.916224996,128.174987468,37.916313000,128.174970000,37.916257220,128.174940008,37.916298000,128.175050000,37.916308891,128.175012611
622,622,826609537691,124.410,0.609750,37.919075000,128.170850000,1305.000000,48.880951,47.120142,-1.760809,-3.602240,0.970698,7.553402,3.830255,7.172865,1.772030,5.082138,7.553402,37.916275000,128.175050000,37.916275000,128.175050000,37.916230000,128.175060000,37.916285071,128.175110246,37.916250000,128.175000000,37.916232955,128.175037887,37.916325000,128.175020000,37.916265080,128.174989966,37.916310000,128.175080000,37.916317097,128.175061939
623,623,826609537879,124.598,0.609750,37.919040000,128.170930000,1306.000000,48.294385,45.814422,-2.479962,-5.135095,0.862855,6.822072,1.988399,7.558873,3.467427,4.959193,7.558873,37.916267000,128.175000000,37.916267000,128.175000000,37.916220000,128.175030000,37.916276607,128.175059765,37.916237000,128.174970000,37.916225457,128.174987279,37.916313000,128.174990000,37.916257253,128.174940858,37.916298000,128.175050000,37.916308435,128.175012799
624,624,826609538082,124.801,0.609750,37.919006000,128.171000000,1306.000000,48.294385,45.133358,-3.161027,-6.545330,0.863175,6.801652,1.963340,7.531726,3.450306,4.936756,7.531726,37.916267000,128.175000000,37.916267000,128.175000000,37.916220000,128.175030000,37.916276559,128.175059299,37.916237000,128.174970000,37.916225723,128.174987189,37.916313000,128.174990000,37.916257303,128.174941310,37.916298000,128.175050000,37.916308172,128.175012888
625,625,826609538285,125.004,0.609750,37.918980000,128.171070000,1307.000000,47.512290,44.586375,-2.925914,-6.158226,0.869778,6.779614,1.935395,7.505172,3.595910,4.954023,7.505172,37.916267000,128.175000000,37.916267000,128.175000000,37.916220000,128.175030000,37.916276463,128.175058933,37.916237000,128.174970000,37.916225940,128.174987003,37.916313000,128.174990000,37.916257401,128.174941662,37.916294000,128.175050000,37.916307957,128.175013074
626,626,826609538489,125.208,0.609750,37.918950000,128.171130000,1308.000000,46.339147,44.268829,-2.070318,-4.467752,0.905639,7.608309,3.459663,6.356593,2.157070,4.895409,7.608309,37.916267000,128.175020000,37.916267000,128.175020000,37.916220000,128.175030000,37.916276562,128.175078633,37.916237000,128.174970000,37.916226140,128.175006911,37.916310000,128.174990000,37.916257407,128.174961808,37.916294000,128.175050000,37.916307927,128.175032922
627,627,826609538693,125.412,0.609750,37.918920000,128.171200000,1309.000000,44.970475,44.086701,-0.883774,-1.965231,0.878810,3.001213,2.052698,1.848557,3.770246,2.668179,3.770246,37.916275000,128.175050000,37.916275000,128.175050000,37.916300000,128.175080000,37.916284788,128.175108215,37.916230000,128.175060000,37.916234111,128.175037215,37.916250000,128.175000000,37.916265351,128.174991974,37.916320000,128.175020000,37.916315950,128.175062623
628,628,826609538881,125.600,1.016251,37.918888000,128.171280000,1310.000000,117.607568,119.140709,1.533141,1.303607,0.857026,3.630633,4.582725,4.254250,2.980389,3.861999,4.582725,37.916275000,128.174910000,37.916275000,128.174910000,37.916320000,128.174990000,37.916289877,128.175005847,37.916203000,128.174940000,37.916207178,128.174888087,37.916233000,128.174850000,37.916259847,128.174815525,37.916350000,128.174900000,37.916342248,128.174932484
629,629,826609539084,125.803,3.999084,37.918860000,128.171340000,1310.000000,1728.616272,1937.708961,209.092689,12.095957,0.755405,7.757634,3.983962,6.730629,3.880909,5.588283,7.757634,37.916687000,128.174650000,37.916687000,128.174650000,37.916824000,128.174960000,37.916763343,128.175003490,37.916424000,128.174650000,37.916403771,128.174612577,37.916565000,128.174330000,37.916619794,128.174297601,37.916973000,128.174620000,37.916975822,128.174664046
630,630,826609539287,126.006,4.097963,37.918830000,128.171430000,1311.000000,2191.626770,2208.660882,17.034112,0.777236,0.878761,0.677842,0.873408,0.786396,2.777105,1.278688,2.777105,37.916260000,128.175380000,37.916260000,128.175380000,37.916330000,128.175800000,37.916324885,128.175795812,37.915966000,128.175320000,37.915972571,128.175314566,37.916200000,128.174990000,37.916192973,128.174989082,37.916542000,128.175460000,37.916551681,128.175430856
631,631,826609539490,126.209,4.097963,37.918804000,128.171500000,1312.000000,2396.601908,2378.153590,-18.448317,-0.769770,0.719810,5.645517,5.231890,4.519012,4.089685,4.871526,5.645517,37.915730000,128.175660000,37.915730000,128.175660000,37.915718000,128.176100000,37.915768504,128.176105852,37.915447000,128.175500000,37.915443564,128.175559415,37.915737000,128.175230000,37.915696420,128.175231414,37.916004000,128.175800000,37.916016149,128.175756052
632,632,826609539695,126.414,4.097963,37.918774000,128.171570000,1313.000000,2429.172714,2323.504226,-105.668487,-4.349978,0.387907,11.871724,12.817250,10.590092,9.920727,11.299948,12.817250,37.915250000,128.175250000,37.915250000,128.175250000,37.915142000,128.175720000,37.915246242,128.175691464,37.915028000,128.175000000,37.914961887,128.175119488,37.915337000,128.174820000,37.915242964,128.174838255,37.915474000,128.175490000,37.915520051,128.175393286
633,633,826609539886,126.605,4.097963,37.918747000,128.171650000,1314.000000,1886.447209,1933.985117,47.537909,2.519970,1.158879,12.899398,12.388491,9.246236,12.587058,11.780296,12.899398,37.914967000,128.174000000,37.914967000,128.174000000,37.914790000,128.174380000,37.914905238,128.174395403,37.914818000,128.173700000,37.914733919,128.173792412,37.915090000,128.173660000,37.915011073,128.173627202,37.915104000,128.174300000,37.915191519,128.174209252
634,634,826609540085,126.804,4.097963,37.918720000,128.171720000,1315.000000,1614.467092,1561.741832,-52.725261,-3.265800,1.480580,9.951220,7.687724,8.317044,9.722226,8.919554,9.951220,37.915043000,128.172790000,37.915043000,128.172790000,37.914833000,128.173100000,37.914916748,128.173139628,37.914940000,128.172470000,37.914888563,128.172528411,37.915195000,128.172520000,37.915137829,128.172459032,37.915110000,128.173110000,37.915186457,128.173056492
635,635,826609540289,127.008,4.097963,37.918690000,128.171800000,1316.000000,1427.345310,1395.768529,-31.576782,-2.212273,1.779359,11.832468,9.327600,6.661905,10.213274,9.508812,11.832468,37.915165000,128.171900000,37.915165000,128.171900000,37.914936000,128.172150000,37.915035197,128.172198400,37.915130000,128.171590000,37.915047777,128.171610455,37.915340000,128.171660000,37.915297857,128.171606142,37.915190000,128.172240000,37.915272854,128.172190052
636,636,826609540492,127.211,4.097963,37.918660000,128.171860000,1317.000000,1447.631703,1383.539393,-64.092310,-4.427391,1.244309,12.309629,9.866316,7.537265,9.786759,9.874992,12.309629,37.915140000,128.171940000,37.915140000,128.171940000,37.914910000,128.172180000,37.915010873,128.172237425,37.915110000,128.171620000,37.915024567,128.171649906,37.915325000,128.171700000,37.915271852,128.171646828,37.915165000,128.172270000,37.915247225,128.172230557
637,637,826609540679,127.398,4.097963,37.918633000,128.171940000,1318.000000,1465.572285,1399.642228,-65.930058,-4.498588,0.445582,11.131016,11.642232,9.652367,8.913688,10.334826,11.642232,37.915090000,128.171970000,37.915090000,128.171970000,37.914867000,128.172210000,37.914956740,128.172265902,37.915077000,128.171650000,37.914974758,128.171677895,37.915295000,128.171740000,37.915223172,128.171678433,37.915123000,128.172300000,37.915197250,128.172262002
638,638,826609540883,127.602,4.097963,37.918600000,128.172010000,1319.000000,1461.319971,1405.640351,-55.679621,-3.810228,1.516623,9.934489,13.012993,10.625454,8.098153,10.417772,13.012993,37.915070000,128.172000000,37.915070000,128.172000000,37.914856000,128.172240000,37.914934334,128.172294196,37.915070000,128.171680000,37.914955012,128.171706673,37.915287000,128.171770000,37.915204084,128.171710067,37.915110000,128.172330000,37.915176591,128.172292877
639,639,826609541086,127.805,4.097963,37.918600000,128.172010000,1319.000000,1461.319971,1405.640351,-55.679621,-3.810228,1.516623,9.934489,13.012993,10.625454,8.098153,10.417772,13.012993,37.915070000,128.172000000,37.915070000,128.172000000,37.914856000,128.172240000,37.914934334,128.172294196,37.915070000,128.171680000,37.914955012,128.171706673,37.915287000,128.171770000,37.915204084,128.171710067,37.915110000,128.172330000,37.915176591,128.172292877
640,640,826609541290,128.009,4.097963,37.918537000,128.172150000,1320.000000,1446.412020,1424.980057,-21.431963,-1.481733,3.004662,8.557797,14.117603,11.811293,6.417585,10.226069,14.117603,37.915020000,128.172090000,37.915020000,128.172090000,37.914820000,128.172320000,37.914879405,128.172381850,37.915028000,128.171770000,37.914902738,128.171795128,37.915250000,128.171860000,37.915154154,128.171802312,37.915073000,128.172410000,37.915126761,128.172383615
641,641,826609541478,128.197,4.097963,37.918537000,128.172150000,1320.000000,1446.412020,1424.980057,-21.431963,-1.481733,3.004662,8.557797,14.117603,11.811293,6.417585,10.226069,14.117603,37.915020000,128.172090000,37.915020000,128.172090000,37.914820000,128.172320000,37.914879405,128.172381850,37.915028000,128.171770000,37.914902738,128.171795128,37.915250000,128.171860000,37.915154154,128.171802312,37.915073000,128.172410000,37.915126761,128.172383615
642,642,826609541682,128.401,4.097963,37.918500000,128.172230000,1321.000000,1444.652728,1434.822549,-9.830178,-0.680453,3.440064,7.441089,14.287211,11.570754,5.919135,9.804547,14.287211,37.914997000,128.172130000,37.914997000,128.172130000,37.914806000,128.172360000,37.914853184,128.172420017,37.915005000,128.171800000,37.914879457,128.171833802,37.915226000,128.171900000,37.915131918,128.171843990,37.915054000,128.172450000,37.915103211,128.172424473
643,643,826609541885,128.604,4.097963,37.918470000,128.172290000,1322.000000,1477.306152,1443.238890,-34.067261,-2.306039,3.555363,6.424665,13.325818,12.165309,6.394004,9.577449,13.325818,37.914978000,128.172160000,37.914978000,128.172160000,37.914790000,128.172400000,37.914833071,128.172448694,37.914980000,128.171840000,37.914861650,128.171862793,37.915207000,128.171950000,37.915114982,128.171875274,37.915040000,128.172500000,37.915085289,128.172455220
644,644,826609542088,128.807,4.097963,37.918430000,128.172360000,1323.000000,1436.148114,1452.331499,16.183384,1.126860,3.428547,7.983765,13.188671,10.704236,5.359601,9.309068,13.188671,37.914955000,128.172210000,37.914955000,128.172210000,37.914772000,128.172420000,37.914809332,128.172497621,37.914955000,128.171880000,37.914839289,128.171912253,37.915180000,128.171980000,37.915093652,128.171926368,37.915020000,128.172530000,37.915064108,128.172505536
645,645,826609542291,129.010,4.097963,37.918392000,128.172440000,1323.000000,1463.473514,1456.435575,-7.037939,-0.480906,2.801270,7.662753,12.014094,10.228955,6.066460,8.993065,12.014094,37.914932000,128.172260000,37.914932000,128.172260000,37.914750000,128.172470000,37.914784030,128.172545845,37.914920000,128.171920000,37.914817198,128.171961646,37.915150000,128.172040000,37.915072151,128.171978123,37.914993000,128.172590000,37.915040410,128.172555938
646,646,826609542479,129.198,4.097963,37.918358000,128.172500000,1324.000000,1428.914284,1457.443315,28.529031,1.996553,2.485271,6.601304,11.267893,10.030429,6.158330,8.514489,11.267893,37.914920000,128.172270000,37.914920000,128.172270000,37.914738000,128.172490000,37.914769906,128.172553359,37.914906000,128.171940000,37.914807619,128.171970180,37.915134000,128.172060000,37.915062526,128.171990453,37.914978000,128.172600000,37.915026915,128.172567245
647,647,826609542682,129.401,4.097963,37.918316000,128.172580000,1325.000000,1431.260885,1453.840432,22.579547,1.577598,1.681076,8.107527,10.048427,8.429077,6.821658,8.351672,10.048427,37.914906000,128.172320000,37.914906000,128.172320000,37.914720000,128.172520000,37.914754081,128.172601586,37.914880000,128.171980000,37.914795285,128.172019508,37.915110000,128.172100000,37.915049623,128.172042078,37.914955000,128.172650000,37.915010792,128.172617872
648,648,826609542885,129.604,3.422293,37.918278000,128.172640000,1325.000000,1018.941973,1005.747552,-13.194422,-1.294914,1.162955,8.685043,7.383437,9.015897,9.363037,8.611853,9.363037,37.914936000,128.172710000,37.914936000,128.172710000,37.914745000,128.172900000,37.914808417,128.172957604,37.914900000,128.172440000,37.914837936,128.172469652,37.915096000,128.172550000,37.915048073,128.172467243,37.914944000,128.172990000,37.915022278,128.172950993
649,649,826609543090,129.809,1.483177,37.918240000,128.172700000,1326.000000,186.532816,203.434282,16.901466,9.060854,0.432942,4.703059,5.516409,5.872017,5.333840,5.356331,5.872017,37.915050000,128.173720000,37.915050000,128.173720000,37.914986000,128.173810000,37.915020976,128.173840038,37.915028000,128.173600000,37.914984603,128.173630325,37.915115000,128.173650000,37.915079539,128.173600500,37.915073000,128.173840000,37.915114503,128.173809649
650,650,826609543278,129.997,0.609750,37.918194000,128.172760000,1327.000000,38.420885,36.663919,-1.756965,-4.572944,0.957721,2.193757,6.813621,1.813441,4.979751,3.950142,6.813621,37.915400000,128.174880000,37.915400000,128.174880000,37.915417000,128.174940000,37.915397862,128.174934043,37.915375000,128.174930000,37.915366367,128.174853191,37.915390000,128.174840000,37.915402107,128.174826184,37.915432000,128.174850000,37.915433803,128.174906657
651,651,826609543481,130.200,0.609750,37.918150000,128.172820000,1328.000000,37.736131,33.854218,-3.881913,-10.286992,0.862066,0.922626,5.986716,1.197080,4.341440,3.111966,5.986716,37.916203000,128.175000000,37.916203000,128.175000000,37.916214000,128.175060000,37.916208807,128.175051812,37.916172000,128.175050000,37.916166981,128.174982128,37.916190000,128.174960000,37.916196511,128.174949152,37.916230000,128.174970000,37.916238762,128.175018171
652,652,826609543684,130.403,0.609750,37.918106000,128.172900000,1328.000000,36.171939,33.435285,-2.736654,-7.565682,0.888191,0.763113,6.004541,1.192718,4.354701,3.078768,6.004541,37.916203000,128.175000000,37.916203000,128.175000000,37.916210000,128.175060000,37.916208606,128.175051492,37.916172000,128.175050000,37.916167239,128.174981894,37.916190000,128.174960000,37.916196730,128.174949433,37.916230000,128.174970000,37.916238508,128.175018399
653,653,826609543887,130.606,0.609750,37.918060000,128.172940000,1329.000000,36.171946,33.318886,-2.853060,-7.887493,0.892542,1.107095,4.280970,0.918668,6.044862,3.087899,6.044862,37.916190000,128.175020000,37.916190000,128.175020000,37.916200000,128.175060000,37.916195761,128.175071404,37.916160000,128.175050000,37.916154545,128.175001746,37.916180000,128.174960000,37.916183799,128.174969287,37.916218000,128.174970000,37.916225561,128.175038161
654,654,826609544090,130.809,0.609750,37.918020000,128.173000000,1330.000000,34.607749,32.995113,-1.612635,-4.659752,0.852509,0.781573,6.040357,0.986241,4.291567,3.024935,6.040357,37.916200000,128.175000000,37.916200000,128.175000000,37.916206000,128.175060000,37.916205651,128.175051111,37.916172000,128.175050000,37.916164411,128.174981896,37.916190000,128.174960000,37.916193694,128.174949793,37.916230000,128.174970000,37.916235341,128.175018396
655,655,826609544278,130.997,0.609750,37.917970000,128.173070000,1330.000000,35.585369,32.693787,-2.891582,-8.125761,0.895305,0.950888,4.280419,0.959566,6.019251,3.052531,6.019251,37.916200000,128.175020000,37.916200000,128.175020000,37.916206000,128.175060000,37.916205768,128.175070824,37.916170000,128.175050000,37.916164813,128.175001705,37.916190000,128.174960000,37.916193873,128.174969762,37.916230000,128.174970000,37.916235291,128.175038211
656,656,826609544482,131.201,0.609750,37.917923000,128.173130000,1331.000000,34.509993,32.460961,-2.049032,-5.937503,0.902594,0.977782,4.296936,0.900222,6.027353,3.050573,6.027353,37.916187000,128.175020000,37.916187000,128.175020000,37.916195000,128.175060000,37.916192564,128.175070697,37.916157000,128.175050000,37.916151982,128.175001487,37.916183000,128.174960000,37.916181020,128.174969939,37.916218000,128.174970000,37.916222123,128.175038433
657,657,826609544686,131.405,0.609750,37.917877000,128.173170000,1332.000000,32.456985,32.285288,-0.171696,-0.528996,0.889996,0.971909,4.266575,0.900221,6.006466,3.036293,6.006466,37.916200000,128.175020000,37.916200000,128.175020000,37.916203000,128.175060000,37.916205928,128.175070426,37.916170000,128.175050000,37.916164924,128.175001845,37.916195000,128.174960000,37.916193737,128.174970125,37.916230000,128.174970000,37.916235178,128.175038079
658,658,826609544889,131.608,0.609750,37.917820000,128.173230000,1332.000000,32.456985,31.956724,-0.500260,-1.541302,0.889669,0.950251,4.253628,0.926502,5.994313,3.031173,5.994313,37.916200000,128.175020000,37.916200000,128.175020000,37.916203000,128.175060000,37.916206024,128.175070119,37.916170000,128.175050000,37.916165035,128.175001975,37.916195000,128.174960000,37.916193656,128.174970411,37.916230000,128.174970000,37.916235066,128.175037953
659,659,826609545092,131.811,0.609750,37.917717000,128.173340000,1334.000000,33.727891,31.557394,-2.170496,-6.435316,0.540038,1.097325,4.204118,0.961724,4.232980,2.624037,4.232980,37.916200000,128.175020000,37.916200000,128.175020000,37.916200000,128.175060000,37.916206204,128.175069710,37.916164000,128.175050000,37.916165131,128.175002150,37.916195000,128.174960000,37.916193501,128.174970785,37.916230000,128.174990000,37.916234969,128.175037787
660,660,826609545289,132.008,0.609750,37.917667000,128.173390000,1334.000000,33.727891,31.308414,-2.419476,-7.173518,0.539988,1.088518,4.190994,0.983836,4.219065,2.620603,4.219065,37.916200000,128.175020000,37.916200000,128.175020000,37.916200000,128.175060000,37.916206318,128.175069460,37.916164000,128.175050000,37.916165199,128.175002302,37.916195000,128.174960000,37.916193400,128.174971018,37.916230000,128.174990000,37.916234899,128.175037638
661,661,826609545483,132.202,0.609750,37.917667000,128.173390000,1334.000000,33.727893,31.308661,-2.419232,-7.172793,0.516750,0.844884,4.216960,1.210296,4.190807,2.615737,4.216960,37.916195000,128.175020000,37.916195000,128.175020000,37.916200000,128.175060000,37.916201237,128.175069492,37.916164000,128.175050000,37.916160228,128.175002221,37.916195000,128.174960000,37.916188460,128.174971009,37.916230000,128.174990000,37.916229871,128.175037720
662,662,826609545686,132.405,0.609750,37.917618000,128.173430000,1335.000000,30.795033,31.178793,0.383760,1.246175,0.229074,1.089405,4.174483,0.758644,4.169530,2.548015,4.174483,37.916195000,128.175020000,37.916195000,128.175020000,37.916195000,128.175060000,37.916201462,128.175069316,37.916160000,128.175050000,37.916160197,128.175002467,37.916195000,128.174970000,37.916188248,128.174971171,37.916230000,128.174990000,37.916229901,128.175037477
663,663,826609545946,132.665,0.609750,37.917507000,128.173520000,1337.000000,30.795033,30.894972,0.099940,0.324532,0.228551,1.104883,4.120167,0.820710,4.115926,2.540421,4.120167,37.916195000,128.175020000,37.916195000,128.175020000,37.916195000,128.175060000,37.916202010,128.175068907,37.916160000,128.175050000,37.916160110,128.175003085,37.916195000,128.174970000,37.916187729,128.174971549,37.916230000,128.174990000,37.916229985,128.175036867
664,664,826609546094,132.813,0.609750,37.917454000,128.173570000,1337.000000,29.035321,30.674300,1.638979,5.644776,0.230352,1.350168,4.123321,0.824100,4.114626,2.603054,4.123321,37.916183000,128.175020000,37.916183000,128.175020000,37.916180000,128.175060000,37.916189981,128.175068734,37.916150000,128.175050000,37.916148215,128.175003103,37.916183000,128.174970000,37.916175727,128.174971753,37.916218000,128.174990000,37.916217881,128.175036852
665,665,826609546282,133.001,0.609750,37.917393000,128.173610000,1338.000000,27.862172,30.564932,2.702759,9.700461,0.228037,1.590616,4.051896,1.444788,4.048360,2.783915,4.051896,37.916195000,128.175020000,37.916195000,128.175020000,37.916190000,128.175060000,37.916202651,128.175068419,37.916160000,128.175050000,37.916160022,128.175003862,37.916200000,128.174970000,37.916187118,128.174972006,37.916230000,128.174990000,37.916230071,128.175036098
666,666,826609546485,133.204,0.609750,37.917340000,128.173660000,1339.000000,29.426369,30.446100,1.019731,3.465364,0.162654,1.787074,4.064834,1.338946,3.169057,2.589978,4.064834,37.916183000,128.175020000,37.916183000,128.175020000,37.916176000,128.175060000,37.916190651,128.175068317,37.916145000,128.175050000,37.916148061,128.175003878,37.916187000,128.174970000,37.916175091,128.174972137,37.916218000,128.175000000,37.916218032,128.175036085
667,667,826609546688,133.407,0.609750,37.917280000,128.173700000,1339.000000,29.426371,30.268747,0.842377,2.862659,0.171604,1.517272,4.003824,1.718022,3.139391,2.594627,4.003824,37.916180000,128.175020000,37.916180000,128.175020000,37.916176000,128.175060000,37.916188066,128.175068035,37.916145000,128.175050000,37.916144998,128.175004409,37.916187000,128.174970000,37.916171685,128.174972414,37.916218000,128.175000000,37.916215093,128.175035557
668,668,826609546891,133.610,0.609750,37.917220000,128.173740000,1340.000000,29.621891,30.195814,0.573923,1.937498,0.528388,1.883475,2.187124,2.126949,3.093256,2.322701,3.093256,37.916190000,128.175020000,37.916190000,128.175020000,37.916183000,128.175060000,37.916198788,128.175067711,37.916157000,128.175030000,37.916154784,128.175005255,37.916200000,128.174970000,37.916181011,128.174972688,37.916230000,128.175000000,37.916225305,128.175034716
669,669,826609547099,133.818,0.609750,37.917164000,128.173770000,1341.000000,32.114826,30.142360,-1.972466,-6.141918,0.454859,2.026853,2.189332,1.845955,3.016368,2.269627,3.016368,37.916180000,128.175020000,37.916180000,128.175020000,37.916172000,128.175060000,37.916189212,128.175067527,37.916140000,128.175030000,37.916144666,128.175005782,37.916187000,128.174970000,37.916170575,128.174972894,37.916218000,128.175000000,37.916215422,128.175034191
670,670,826609547285,134.004,0.609750,37.917110000,128.173810000,1342.000000,28.742032,30.098570,1.356538,4.719701,0.449988,2.305722,2.059289,2.253373,2.929881,2.387066,2.929881,37.916190000,128.175020000,37.916190000,128.175020000,37.916180000,128.175060000,37.916199918,128.175067204,37.916153000,128.175030000,37.916154459,128.175006624,37.916200000,128.174970000,37.916179913,128.174973170,37.916225000,128.175000000,37.916225627,128.175033352
671,671,826609547485,134.204,0.609750,37.917046000,128.173840000,1342.000000,29.621895,29.969486,0.347591,1.173426,0.476563,2.367145,2.035428,2.329759,2.860534,2.398216,2.860534,37.916180000,128.175020000,37.916180000,128.175020000,37.916170000,128.175060000,37.916190566,128.175066852,37.916140000,128.175030000,37.916144333,128.175007483,37.916190000,128.174970000,37.916169259,128.174973541,37.916214000,128.175000000,37.916215752,128.175032497
672,672,826609547689,134.408,0.609750,37.916977000,128.173870000,1343.000000,27.715532,29.951162,2.235630,8.066342,0.512783,2.598731,1.853865,3.131253,2.725753,2.577400,3.131253,37.916187000,128.175020000,37.916187000,128.175020000,37.916176000,128.175060000,37.916198810,128.175066300,37.916153000,128.175030000,37.916151007,128.175009042,37.916203000,128.174970000,37.916175054,128.174974058,37.916225000,128.175000000,37.916223074,128.175030941
673,673,826609547892,134.611,0.609750,37.916920000,128.173900000,1344.000000,31.479370,29.944474,-1.534896,-4.875878,0.057195,3.126861,1.742197,3.232495,0.881359,2.245728,3.232495,37.916187000,128.175020000,37.916187000,128.175020000,37.916172000,128.175060000,37.916199704,128.175065873,37.916150000,128.175030000,37.916150790,128.175010187,37.916203000,128.174970000,37.916174177,128.174974472,37.916225000,128.175020000,37.916223290,128.175029799
674,674,826609548080,134.799,0.609750,37.916862000,128.173930000,1344.000000,31.479370,29.861527,-1.617843,-5.139375,0.056715,3.226477,1.626570,3.344340,0.765467,2.240714,3.344340,37.916187000,128.175020000,37.916187000,128.175020000,37.916172000,128.175060000,37.916200680,128.175065308,37.916150000,128.175030000,37.916150622,128.175011495,37.916203000,128.174970000,37.916173220,128.174975024,37.916225000,128.175020000,37.916223456,128.175028494
675,675,826609548284,135.003,0.609750,37.916794000,128.173970000,1345.000000,31.381608,29.852925,-1.528683,-4.871271,0.006766,3.572284,1.485073,3.482415,0.623102,2.290718,3.572284,37.916187000,128.175020000,37.916187000,128.175020000,37.916170000,128.175060000,37.916201881,128.175064637,37.916150000,128.175030000,37.916150397,128.175013097,37.916203000,128.174970000,37.916172039,128.174975679,37.916225000,128.175020000,37.916223679,128.175026895
676,676,826609548486,135.205,0.609750,37.916737000,128.174000000,1346.000000,32.994681,29.875962,-3.118719,-9.452187,0.240861,3.695643,0.467585,3.948235,0.483208,2.148667,3.948235,37.916187000,128.175020000,37.916187000,128.175020000,37.916170000,128.175060000,37.916203051,128.175063957,37.916150000,128.175020000,37.916150205,128.175014682,37.916206000,128.174970000,37.916170887,128.174976346,37.916225000,128.175020000,37.916223870,128.175025312
677,677,826609548689,135.408,0.796521,37.916676000,128.174010000,1347.000000,53.769101,50.946195,-2.822906,-5.250053,0.247885,5.740314,0.370099,5.412938,0.367483,2.972709,5.740314,37.916200000,128.175000000,37.916200000,128.175000000,37.916172000,128.175050000,37.916223354,128.175055925,37.916150000,128.175000000,37.916151662,128.174996350,37.916225000,128.174940000,37.916176515,128.174944679,37.916250000,128.175000000,37.916248441,128.175003688
678,678,826609548893,135.612,3.768368,37.916615000,128.174030000,1347.000000,1136.775986,1148.783305,12.007319,1.056261,0.853672,29.425381,1.577159,28.911142,3.411335,15.831254,29.425381,37.916237000,128.174970000,37.916237000,128.174970000,37.916100000,128.175220000,37.916364322,128.175223014,37.916004000,128.174960000,37.916007506,128.174977400,37.916370000,128.174740000,37.916110677,128.174721965,37.916466000,128.175000000,37.916468392,128.174961274
679,679,826609549081,135.800,5.498741,37.916546000,128.174060000,1348.000000,2455.780251,2458.814698,3.034447,0.123563,0.893625,47.034693,8.766358,46.206798,10.856254,28.216026,47.034693,37.916237000,128.174970000,37.916237000,128.174970000,37.916020000,128.175310000,37.916442389,128.175323302,37.915900000,128.174910000,37.915902877,128.175009754,37.916450000,128.174650000,37.916035415,128.174624235,37.916570000,128.175050000,37.916573959,128.174926484
680,680,826609549285,136.004,5.498741,37.916477000,128.174070000,1349.000000,2438.574148,2462.992502,24.418354,1.001337,1.306782,51.256732,12.674355,49.929986,14.762622,32.155924,51.256732,37.916237000,128.174970000,37.916237000,128.174970000,37.916004000,128.175310000,37.916464391,128.175300925,37.915905000,128.174900000,37.915905974,128.175044315,37.916462000,128.174670000,37.916013874,128.174645903,37.916570000,128.175060000,37.916570396,128.174891902
681,681,826609549488,136.207,5.498741,37.916416000,128.174090000,1350.000000,2454.313956,2466.787510,12.473555,0.508230,1.256136,54.004312,16.991744,53.482220,19.053981,35.883064,54.004312,37.916233000,128.174970000,37.916233000,128.174970000,37.915993000,128.175300000,37.916477881,128.175280324,37.915910000,128.174880000,37.915906289,128.175073424,37.916473000,128.174680000,37.915992687,128.174666047,37.916565000,128.175080000,37.916561681,128.174863077
682,682,826609549691,136.410,5.498741,37.916355000,128.174100000,1350.000000,2404.650881,2466.174581,61.523700,2.558529,0.830672,14.267954,15.281288,15.428092,13.671906,14.662310,15.428092,37.916233000,128.174970000,37.916233000,128.174970000,37.916557000,128.175110000,37.916496983,128.175253554,37.915980000,128.175260000,37.915913976,128.175107443,37.915913000,128.174850000,37.915973966,128.174692234,37.916485000,128.174700000,37.916553531,128.174829189
683,683,826609549878,136.597,5.498741,37.916355000,128.174100000,1350.000000,2404.650881,2466.174581,61.523700,2.558529,0.830672,14.267954,15.281288,15.428092,13.671906,14.662310,15.428092,37.916233000,128.174970000,37.916233000,128.174970000,37.916557000,128.175110000,37.916496983,128.175253554,37.915980000,128.175260000,37.915913976,128.175107443,37.915913000,128.174850000,37.915973966,128.174692234,37.916485000,128.174700000,37.916553531,128.174829189
684,684,826609550082,136.801,5.498741,37.916220000,128.174130000,1352.000000,2444.831478,2482.835143,38.003666,1.554449,0.566982,5.025546,3.798038,4.332367,4.954707,4.527664,5.025546,37.916220000,128.174990000,37.916220000,128.174990000,37.916540000,128.175160000,37.916519760,128.175211151,37.915947000,128.175230000,37.915923809,128.175198279,37.915913000,128.174820000,37.915926061,128.174773529,37.916496000,128.174730000,37.916516830,128.174779858
685,685,826609550285,137.004,5.498741,37.916220000,128.174130000,1352.000000,2444.831478,2482.835143,38.003666,1.554449,0.566982,5.025546,3.798038,4.332367,4.954707,4.527664,5.025546,37.916220000,128.174990000,37.916220000,128.174990000,37.916540000,128.175160000,37.916519760,128.175211151,37.915947000,128.175230000,37.915923809,128.175198279,37.915913000,128.174820000,37.915926061,128.174773529,37.916496000,128.174730000,37.916516830,128.174779858
686,686,826609550489,137.208,5.498741,37.916160000,128.174150000,1353.000000,2504.954650,2488.000407,-16.954242,-0.676828,0.871296,2.294750,1.079079,0.919592,2.265349,1.639693,2.294750,37.916233000,128.174970000,37.916233000,128.174970000,37.916542000,128.175170000,37.916550479,128.175146183,37.915947000,128.175220000,37.915956692,128.175219791,37.915928000,128.174790000,37.915921454,128.174796387,37.916520000,128.174740000,37.916509406,128.174717976
687,687,826609550727,137.446,5.498741,37.916027000,128.174160000,1354.000000,2506.616705,2502.556733,-4.059973,-0.161970,0.917019,14.420702,12.684410,12.950000,14.367364,13.605619,14.420702,37.916230000,128.174970000,37.916230000,128.174970000,37.916527000,128.175220000,37.916568691,128.175064530,37.915928000,128.175170000,37.915996703,128.175285227,37.915943000,128.174740000,37.915897277,128.174875591,37.916534000,128.174790000,37.916462518,128.174653785
688,688,826609550909,137.628,5.498741,37.915955000,128.174160000,1355.000000,2514.437662,2517.239639,2.801977,0.111436,0.901531,19.472509,17.718793,17.705299,19.288710,18.546328,19.472509,37.916230000,128.174970000,37.916230000,128.174970000,37.916515000,128.175230000,37.916574874,128.175021664,37.915920000,128.175160000,37.916022033,128.175314854,37.915950000,128.174730000,37.915890859,128.174917151,37.916542000,128.174800000,37.916436905,128.174625375
689,689,826609551084,137.803,5.498741,37.915955000,128.174160000,1355.000000,2514.437662,2517.239639,2.801977,0.111436,0.901531,19.472509,17.718793,17.705299,19.288710,18.546328,19.472509,37.916230000,128.174970000,37.916230000,128.174970000,37.916515000,128.175230000,37.916574874,128.175021664,37.915920000,128.175160000,37.916022033,128.175314854,37.915950000,128.174730000,37.915890859,128.174917151,37.916542000,128.174800000,37.916436905,128.174625375
690,690,826609551287,138.006,5.498741,37.915894000,128.174180000,1356.000000,2494.396867,2532.040043,37.643176,1.509109,0.487374,15.598034,52.937028,15.671896,51.802076,34.002259,52.937028,37.916218000,128.174990000,37.916218000,128.174990000,37.916540000,128.174840000,37.916565594,128.175014624,37.916496000,128.175250000,37.916027450,128.175352985,37.915900000,128.175140000,37.915876357,128.174964082,37.915947000,128.174710000,37.916407974,128.174629331
691,691,826609551490,138.209,5.498741,37.915830000,128.174180000,1356.000000,2516.979473,2537.650962,20.671489,0.821282,1.337645,9.005986,47.963973,10.923936,47.773870,28.916941,47.963973,37.916230000,128.174970000,37.916230000,128.174970000,37.916557000,128.174850000,37.916577367,128.174949246,37.916496000,128.175280000,37.916069377,128.175356471,37.915905000,128.175110000,37.915887635,128.174987575,37.915970000,128.174700000,37.916389629,128.174585993
692,692,826609551693,138.412,5.498741,37.915760000,128.174180000,1357.000000,2513.264519,2555.365719,42.101201,1.675160,1.328473,3.384406,43.567046,5.337241,44.038348,24.081760,44.038348,37.916230000,128.174970000,37.916230000,128.174970000,37.916565000,128.174880000,37.916575863,128.174915994,37.916480000,128.175300000,37.916092868,128.175372803,37.915897000,128.175080000,37.915888732,128.175020136,37.915980000,128.174680000,37.916366072,128.174570590
693,693,826609551881,138.600,5.498741,37.915695000,128.174180000,1358.000000,2589.714795,2575.561808,-14.152987,-0.546508,0.500368,3.508431,42.198331,2.032234,41.305397,22.261098,42.198331,37.916218000,128.174990000,37.916218000,128.174990000,37.916557000,128.174880000,37.916563277,128.174919149,37.916466000,128.175310000,37.916093922,128.175401887,37.915882000,128.175080000,37.915877781,128.175057486,37.915977000,128.174670000,37.916341685,128.174583241
694,694,826609552085,138.804,5.498741,37.915627000,128.174160000,1359.000000,2566.105034,2593.812238,27.707204,1.079738,1.189509,3.606151,38.313672,1.397647,37.346366,20.165959,38.313672,37.916225000,128.174970000,37.916225000,128.174970000,37.916573000,128.174910000,37.916566361,128.174869809,37.916462000,128.175320000,37.916122677,128.175393018,37.915886000,128.175050000,37.915887878,128.175065736,37.916000000,128.174650000,37.916326472,128.174552072
695,695,826609552289,139.008,5.498741,37.915560000,128.174160000,1359.000000,2588.248119,2606.729740,18.481621,0.714059,1.333187,7.449594,34.484645,5.226897,34.246757,20.351973,34.484645,37.916225000,128.174970000,37.916225000,128.174970000,37.916576000,128.174930000,37.916562162,128.174847007,37.916447000,128.175340000,37.916140959,128.175400830,37.915882000,128.175030000,37.915891805,128.175088206,37.916010000,128.174640000,37.916308389,128.174545069
696,696,826609552492,139.211,5.498741,37.915500000,128.174160000,1360.000000,2628.624206,2628.468541,-0.155664,-0.005922,1.061011,7.571559,33.305720,8.746960,31.782479,20.351680,33.305720,37.916214000,128.174990000,37.916214000,128.174990000,37.916570000,128.174940000,37.916550417,128.174857435,37.916430000,128.175340000,37.916138542,128.175425664,37.915870000,128.175020000,37.915882270,128.175118378,37.916008000,128.174620000,37.916289790,128.174561791
697,697,826609552679,139.398,5.498741,37.915430000,128.174150000,1361.000000,2626.962252,2652.030050,25.067798,0.954250,1.248519,11.765656,30.143233,12.934277,28.715942,20.889777,30.143233,37.916214000,128.174990000,37.916214000,128.174990000,37.916573000,128.174970000,37.916547118,128.174840106,37.916416000,128.175350000,37.916152954,128.175431453,37.915867000,128.174990000,37.915885443,128.175135413,37.916020000,128.174600000,37.916275689,128.174556713
698,698,826609552882,139.601,5.498741,37.915367000,128.174130000,1362.000000,2635.760436,2674.019257,38.258821,1.451529,1.105674,16.961195,26.646698,14.656831,26.143809,21.102133,26.646698,37.916225000,128.174970000,37.916225000,128.174970000,37.916584000,128.174990000,37.916553147,128.174800868,37.916416000,128.175370000,37.916179409,128.175416113,37.915874000,128.174970000,37.915900301,128.175133531,37.916042000,128.174600000,37.916270591,128.174531708
699,699,826609553085,139.804,5.498741,37.915306000,128.174130000,1362.000000,2687.769986,2687.766163,-0.003824,-0.000142,1.382924,19.194488,24.652206,16.569209,23.399717,20.953905,24.652206,37.916220000,128.174970000,37.916220000,128.174970000,37.916588000,128.175000000,37.916544754,128.174788422,37.916405000,128.175380000,37.916185692,128.175418988,37.915874000,128.174960000,37.915898861,128.175146020,37.916050000,128.174590000,37.916254706,128.174529462
700,700,826609553288,140.007,5.498741,37.915234000,128.174120000,1363.000000,2645.634791,2713.325407,67.690616,2.558577,0.644819,21.786167,21.248473,20.298147,21.094785,21.106893,21.786167,37.916214000,128.174970000,37.916214000,128.174970000,37.916576000,128.175020000,37.916536285,128.174777087,37.916378000,128.175380000,37.916190056,128.175422262,37.915863000,128.174930000,37.915895620,128.175157402,37.916054000,128.174580000,37.916238809,128.174526896
701,701,826609553492,140.211,5.498741,37.915173000,128.174100000,1364.000000,2663.427254,2741.034533,77.607279,2.913813,1.459656,25.289888,18.642409,22.674033,18.168012,21.193585,25.289888,37.916220000,128.174970000,37.916220000,128.174970000,37.916588000,128.175050000,37.916540422,128.174768415,37.916370000,128.175400000,37.916203706,128.175425088,37.915874000,128.174910000,37.915903036,128.175165548,37.916080000,128.174580000,37.916237209,128.174524437
702,702,826609553680,140.399,5.498741,37.915104000,128.174090000,1365.000000,2709.913295,2765.401945,55.488650,2.047617,0.918897,27.896414,15.242421,26.296642,14.977361,21.103209,27.896414,37.916214000,128.174960000,37.916214000,128.174960000,37.916576000,128.175060000,37.916531494,128.174747399,37.916344000,128.175400000,37.916207763,128.175417375,37.915867000,128.174870000,37.915900086,128.175166483,37.916090000,128.174550000,37.916221239,128.174512431
703,703,826609553884,140.603,5.498741,37.915043000,128.174060000,1366.000000,2744.178646,2798.696805,54.518159,1.986684,1.416202,31.583299,12.593878,29.044854,11.924674,21.286676,31.583299,37.916220000,128.174970000,37.916220000,128.174970000,37.916580000,128.175110000,37.916538091,128.174754313,37.916330000,128.175430000,37.916216867,128.175430211,37.915880000,128.174850000,37.915905280,128.175179172,37.916120000,128.174550000,37.916224526,128.174520291
704,704,826609554087,140.806,5.498741,37.914980000,128.174040000,1366.000000,2730.247936,2815.873672,85.625736,3.136189,0.718685,35.510952,8.369741,33.870422,7.658855,21.352493,35.510952,37.916210000,128.174960000,37.916210000,128.174960000,37.916565000,128.175140000,37.916526822,128.174738551,37.916286000,128.175400000,37.916212732,128.175421393,37.915880000,128.174790000,37.915897057,128.175175069,37.916140000,128.174510000,37.916208799,128.174509386
705,705,826609554290,141.009,5.498741,37.914852000,128.174000000,1368.000000,2786.216295,2884.074346,97.858050,3.512220,1.331910,39.891886,4.703804,35.616143,4.535587,21.186855,39.891886,37.916220000,128.174970000,37.916220000,128.174970000,37.916570000,128.175190000,37.916535836,128.174737829,37.916275000,128.175430000,37.916233074,128.175436671,37.915890000,128.174790000,37.915907453,128.175194950,37.916170000,128.174530000,37.916209037,128.174515207
706,706,826609554493,141.212,5.498741,37.914795000,128.173980000,1369.000000,2860.710998,2913.957210,53.246212,1.861293,1.319655,42.749859,1.136351,40.277572,1.499667,21.415862,42.749859,37.916218000,128.174970000,37.916218000,128.174970000,37.916557000,128.175220000,37.916533995,128.174734091,37.916240000,128.175450000,37.916234868,128.175438814,37.915900000,128.174740000,37.915905457,128.175198580,37.916200000,128.174530000,37.916203538,128.174513523
707,707,826609554681,141.400,5.498741,37.914726000,128.173950000,1370.000000,2876.842038,2938.754212,61.912174,2.152088,1.632102,46.870916,4.371986,43.565764,5.259766,25.017108,46.870916,37.916210000,128.174940000,37.916210000,128.174940000,37.916530000,128.175230000,37.916523622,128.174696352,37.916195000,128.175420000,37.916233442,128.175409808,37.915913000,128.174680000,37.915899167,128.175175764,37.916233000,128.174500000,37.916187942,128.174481971
708,708,826609554884,141.603,5.498741,37.914665000,128.173920000,1371.000000,2870.487508,2973.625999,103.138490,3.593065,1.123635,49.739641,8.524916,46.479620,8.906911,28.412772,49.739641,37.916210000,128.174940000,37.916210000,128.174940000,37.916510000,128.175260000,37.916524538,128.174693925,37.916160000,128.175400000,37.916235969,128.175412247,37.915928000,128.174650000,37.915898183,128.175177902,37.916264000,128.174500000,37.916185566,128.174479954
709,709,826609555088,141.807,5.498741,37.914665000,128.173920000,1371.000000,2948.892623,2973.625999,24.733375,0.838734,1.369775,53.296195,10.737190,49.216225,11.317983,31.141898,53.296195,37.916210000,128.174940000,37.916210000,128.174940000,37.916500000,128.175300000,37.916524538,128.174693925,37.916140000,128.175400000,37.916235969,128.175412247,37.915940000,128.174620000,37.915898183,128.175177902,37.916286000,128.174500000,37.916185566,128.174479954
710,710,826609555292,142.011,5.498741,37.914608000,128.173890000,1372.000000,2964.045731,3007.952614,43.906883,1.481316,0.991534,55.496466,15.658493,52.339493,16.528683,35.005784,55.496466,37.916210000,128.174940000,37.916210000,128.174940000,37.916470000,128.175320000,37.916525676,128.174692027,37.916100000,128.175380000,37.916237981,128.175414652,37.915966000,128.174590000,37.915896987,128.175179523,37.916330000,128.174510000,37.916183689,128.174477948
711,711,826609555479,142.198,5.498741,37.914486000,128.173830000,1374.000000,2982.131537,3096.056200,113.924663,3.820243,0.855329,57.702710,19.579718,55.470535,20.159778,38.228185,57.702710,37.916214000,128.174970000,37.916214000,128.174970000,37.916450000,128.175370000,37.916535325,128.174721914,37.916073000,128.175400000,37.916244123,128.175451540,37.915993000,128.174590000,37.915896537,128.175209683,37.916363000,128.174560000,37.916187531,128.174503209
712,712,826609555682,142.401,5.498741,37.914417000,128.173800000,1375.000000,2981.545127,3133.465258,151.920130,5.095349,0.604895,21.830661,21.056815,21.073197,19.775981,20.934163,21.830661,37.916210000,128.174960000,37.916210000,128.174960000,37.916380000,128.174550000,37.916531486,128.174707864,37.916424000,128.175370000,37.916244021,128.175443778,37.916042000,128.175350000,37.915892154,128.175203366,37.916008000,128.174550000,37.916179473,128.174491134
