sample_index,log_frame_index,timestamp,time_s,fov_deg,uav_lat,uav_lon,uav_alt,actual_area_m2,predicted_area_m2,area_error_m2,area_error_pct,centroid_error_m,corner_error_c1_m,corner_error_c2_m,corner_error_c3_m,corner_error_c4_m,mean_corner_error_m,max_corner_error_m,actual_center_lat,actual_center_lon,predicted_center_lat,predicted_center_lon,actual_c1_lat,actual_c1_lon,predicted_c1_lat,predicted_c1_lon,actual_c2_lat,actual_c2_lon,predicted_c2_lat,predicted_c2_lon,actual_c3_lat,actual_c3_lon,predicted_c3_lat,predicted_c3_lon,actual_c4_lat,actual_c4_lon,predicted_c4_lat,predicted_c4_lon
0,0,825323836148,0.000,4.998856,37.920597000,128.181350000,1305.000000,2152.284449,1669.896821,-482.387628,-22.412819,0.473942,23.392419,15.763737,22.315082,15.323158,19.198599,23.392419,37.922707000,128.181140000,37.922707000,128.181140000,37.922985000,128.180940000,37.922791740,128.180835401,37.923027000,128.181320000,37.922913254,128.181426928,37.922432000,128.181340000,37.922612701,128.181450014,37.922410000,128.180970000,37.922520689,128.180866271
1,1,825323836351,0.203,4.998856,37.920536000,128.181320000,1305.000000,2286.303954,1697.795352,-588.508602,-25.740611,0.701441,20.829333,17.459070,20.644792,16.316426,18.812405,20.829333,37.922718000,128.181150000,37.922718000,128.181150000,37.922985000,128.180920000,37.922807298,128.180845721,37.923046000,128.181320000,37.922922511,128.181442569,37.922447000,128.181370000,37.922618586,128.181459207,37.922413000,128.180980000,37.922531972,128.180871472
2,2,825323836554,0.406,4.998856,37.920470000,128.181290000,1304.000000,2224.572721,1716.255144,-508.317577,-22.850122,0.514881,19.658667,19.507831,19.131761,18.315818,19.153520,19.658667,37.922718000,128.181150000,37.922718000,128.181150000,37.922977000,128.180920000,37.922810238,128.180846334,37.923054000,128.181300000,37.922922205,128.181446416,37.922455000,128.181380000,37.922615395,128.181458254,37.922405000,128.181000000,37.922532496,128.180868161
3,3,825323836742,0.594,4.998856,37.920410000,128.181260000,1304.000000,2288.210144,1737.712665,-550.497479,-24.057995,0.340591,18.075923,20.844507,17.470735,20.284828,19.168998,20.844507,37.922718000,128.181150000,37.922718000,128.181150000,37.922970000,128.180900000,37.922813187,128.180846568,37.923060000,128.181290000,37.922921984,128.181450420,37.922462000,128.181400000,37.922612196,128.181457704,37.922398000,128.181020000,37.922532873,128.180864669
4,4,825323836946,0.798,4.998856,37.920353000,128.181230000,1303.000000,2327.605214,1747.260495,-580.344719,-24.933125,0.944095,16.541088,23.364742,15.468334,21.428091,19.200563,23.364742,37.922703000,128.181150000,37.922703000,128.181150000,37.922947000,128.180880000,37.922800629,128.180847563,37.923058000,128.181270000,37.922905992,128.181453473,37.922460000,128.181410000,37.922594046,128.181456405,37.922380000,128.181030000,37.922519553,128.180861927
5,5,825323837149,1.001,4.998856,37.920290000,128.181210000,1303.000000,2385.670709,1770.123951,-615.546758,-25.801832,0.697404,14.794923,24.252049,13.766394,23.177522,18.997722,24.252049,37.922703000,128.181150000,37.922703000,128.181150000,37.922935000,128.180860000,37.922802476,128.180847247,37.923060000,128.181260000,37.922906947,128.181456542,37.922470000,128.181430000,37.922591890,128.181456474,37.922375000,128.181050000,37.922518935,128.180859286
6,6,825323837353,1.205,4.998856,37.920223000,128.181180000,1303.000000,2347.595297,1803.826262,-543.769035,-23.162810,0.531420,12.206100,27.052099,12.022822,26.002941,19.320990,27.052099,37.922718000,128.181150000,37.922718000,128.181150000,37.922930000,128.180850000,37.922820380,128.180846810,37.923084000,128.181230000,37.922923122,128.181460891,37.922497000,128.181440000,37.922604208,128.181456582,37.922380000,128.181080000,37.922532452,128.180855645
7,7,825323837540,1.392,4.998856,37.920223000,128.181180000,1303.000000,2347.595297,1803.826262,-543.769035,-23.162810,0.531420,12.206100,27.052099,12.022822,26.002941,19.320990,27.052099,37.922718000,128.181150000,37.922718000,128.181150000,37.922930000,128.180850000,37.922820380,128.180846810,37.923084000,128.181230000,37.922923122,128.181460891,37.922497000,128.181440000,37.922604208,128.181456582,37.922380000,128.181080000,37.922532452,128.180855645
8,8,825323837744,1.596,4.998856,37.920162000,128.181150000,1302.000000,2357.224001,1824.410691,-532.813310,-22.603423,0.493665,11.268419,28.883725,10.865639,26.866152,19.470984,28.883725,37.922718000,128.181150000,37.922718000,128.181150000,37.922924000,128.180850000,37.922822798,128.180847193,37.923088000,128.181210000,37.922923391,128.181464255,37.922504000,128.181460000,37.922601554,128.181455885,37.922380000,128.181090000,37.922532415,128.180852784
9,9,825323837944,1.796,4.998856,37.920094000,128.181140000,1302.000000,2399.453443,1850.679595,-548.773848,-22.870785,0.699032,9.348510,31.107203,8.691489,29.634866,19.695517,31.107203,37.922718000,128.181150000,37.922718000,128.181150000,37.922905000,128.180820000,37.922823604,128.180846200,37.923090000,128.181180000,37.922925695,128.181466539,37.922523000,128.181470000,37.922600369,128.181456702,37.922370000,128.181120000,37.922530608,128.180850859
10,10,825323838147,1.999,4.998856,37.920033000,128.181120000,1301.000000,2428.779445,1871.848585,-556.930860,-22.930483,0.435367,7.581890,32.308840,7.154923,31.149206,19.548715,32.308840,37.922718000,128.181150000,37.922718000,128.181150000,37.922890000,128.180820000,37.922825072,128.180846078,37.923096000,128.181170000,37.922926943,128.181469066,37.922540000,128.181490000,37.922598619,128.181456581,37.922370000,128.181140000,37.922529727,128.180848749
11,11,825323838344,2.196,7.078050,37.919970000,128.181090000,1301.000000,4335.547157,3166.620645,-1168.926512,-26.961453,2.078167,16.544100,40.588291,13.689733,35.728057,26.637545,40.588291,37.922040000,128.180860000,37.922040000,128.180860000,37.922330000,128.180420000,37.922181491,128.180427207,37.922535000,128.180920000,37.922286712,128.181258481,37.921764000,128.181290000,37.921886959,128.181292663,37.921600000,128.180790000,37.921804330,128.180476245
12,12,825323838543,2.395,9.997711,37.919900000,128.181080000,1301.000000,7434.880962,5484.221483,-1950.659479,-26.236593,2.328895,54.242844,21.078789,49.624700,17.904691,35.712756,54.242844,37.921204000,128.180280000,37.921204000,128.180280000,37.921680000,128.179800000,37.921202854,128.179674727,37.921825000,128.180500000,37.921667869,128.180633946,37.920760000,128.180760000,37.921189578,128.180910994,37.920643000,128.180080000,37.920767607,128.179951079
13,13,825323838742,2.594,9.997711,37.919838000,128.181060000,1300.000000,6565.787865,4821.062879,-1744.724986,-26.572972,0.492325,77.343724,21.651582,78.708771,19.926333,49.407603,78.708771,37.920647000,128.179760000,37.920647000,128.179760000,37.921130000,128.179400000,37.920447347,128.179236089,37.921165000,128.180080000,37.921148734,128.179834307,37.920162000,128.180130000,37.920855651,128.180303684,37.920147000,128.179460000,37.920167875,128.179685362
14,14,825323838942,2.794,9.997711,37.919765000,128.181050000,1300.000000,6217.749284,4585.184772,-1632.564511,-26.256519,2.307176,15.866734,18.818503,19.631525,14.984864,17.325407,19.631525,37.920387000,128.179280000,37.920387000,128.179280000,37.919960000,128.178820000,37.920101124,128.178794653,37.920920000,128.179020000,37.920864311,128.179222333,37.920853000,128.179660000,37.920687022,128.179735545,37.919884000,128.179470000,37.919918894,128.179305194
15,15,825323839141,2.993,9.997711,37.919704000,128.181030000,1300.000000,6379.551713,4627.508678,-1752.043036,-27.463419,1.241134,7.880838,11.322158,8.419553,8.298978,8.980382,11.322158,37.920208000,128.179320000,37.920208000,128.179320000,37.919860000,128.178770000,37.919899746,128.178844264,37.920773000,128.179200000,37.920675699,128.179237546,37.920570000,128.179840000,37.920523093,128.179764789,37.919666000,128.179370000,37.919740438,128.179375204
16,16,825323839344,3.196,9.997711,37.919643000,128.181030000,1300.000000,6414.610390,4799.347249,-1615.263141,-25.181002,1.939352,14.497849,13.602133,12.697074,16.858115,14.413793,16.858115,37.920060000,128.179600000,37.920060000,128.179600000,37.919800000,128.178960000,37.919750482,128.179112693,37.920624000,128.179610000,37.920529696,128.179511505,37.920326000,128.180190000,37.920369930,128.180056568,37.919510000,128.179500000,37.919589232,128.179663599
17,17,825323839547,3.399,9.997711,37.919570000,128.181020000,1300.000000,6534.277416,4879.838858,-1654.438558,-25.319380,1.544301,23.315904,22.068429,22.461381,25.865994,23.427927,25.865994,37.919918000,128.179890000,37.919918000,128.179890000,37.919760000,128.179200000,37.919614922,128.179391500,37.920470000,128.180040000,37.920389122,128.179810564,37.920080000,128.180540000,37.920220225,128.180356085,37.919384000,128.179670000,37.919444383,128.179954426
18,18,825323839751,3.603,9.997711,37.919510000,128.181000000,1300.000000,6491.668136,4887.760938,-1603.907198,-24.707166,2.117763,26.931952,82.647613,29.522111,80.461909,54.890896,82.647613,37.919773000,128.180250000,37.919773000,128.180250000,37.919280000,128.179900000,37.919486706,128.179740637,37.919730000,128.179520000,37.920245030,128.180197865,37.920273000,128.180540000,37.920056677,128.180734474,37.919827000,128.180920000,37.919296273,128.180297992
19,19,825323839956,3.808,9.997711,37.919437000,128.181000000,1300.000000,6451.304303,4880.176743,-1571.127560,-24.353642,0.387039,26.940246,80.450355,27.461039,80.456482,53.827030,80.456482,37.919660000,128.180570000,37.919660000,128.180570000,37.919216000,128.180130000,37.919441479,128.180018570,37.919712000,128.179870000,37.920137777,128.180610243,37.920105000,128.180980000,37.919878835,128.181104870,37.919613000,128.181260000,37.919183572,128.180523068
20,20,825323840144,3.996,9.997711,37.919373000,128.180980000,1301.000000,6541.641927,4896.000648,-1645.641279,-25.156395,0.443513,8.401968,9.797385,8.894343,10.909564,9.500815,10.909564,37.919550000,128.180910000,37.919550000,128.180910000,37.919704000,128.180250000,37.919650791,128.180317856,37.919940000,128.181430000,37.919904132,128.181328119,37.919395000,128.181580000,37.919453686,128.181511268,37.919180000,128.180370000,37.919203111,128.180490727
21,21,825323840347,4.199,9.997711,37.919304000,128.180970000,1301.000000,6900.031704,5037.196909,-1862.834795,-26.997482,1.734265,59.855355,11.410168,57.488767,8.955737,34.427507,59.855355,37.919437000,128.181290000,37.919437000,128.181290000,37.919740000,128.181950000,37.919919866,128.181307676,37.919163000,128.181960000,37.919171505,128.181830517,37.919163000,128.180680000,37.918951999,128.181277507,37.919693000,128.180680000,37.919690635,128.180781937
22,22,825323840551,4.403,9.997711,37.919240000,128.180970000,1301.000000,7091.743713,5231.353309,-1860.390404,-26.233187,1.533763,52.652716,17.079484,49.945836,15.767659,33.861423,52.652716,37.919342000,128.181460000,37.919342000,128.181460000,37.919610000,128.182160000,37.919820719,128.181623217,37.919025000,128.182110000,37.918983361,128.181922811,37.919100000,128.180820000,37.918868805,128.181307426,37.919632000,128.180860000,37.919679162,128.181029306
23,23,825323840754,4.606,9.997711,37.919178000,128.180970000,1301.000000,7151.236351,5253.369738,-1897.866613,-26.539000,2.499648,52.332950,19.587268,48.966484,15.206294,34.023249,52.332950,37.919270000,128.181460000,37.919270000,128.181460000,37.919533000,128.182170000,37.919746467,128.181639049,37.918945000,128.182130000,37.918901863,128.181913761,37.919030000,128.180820000,37.918798373,128.181294026,37.919563000,128.180880000,37.919615509,128.181039854
24,24,825323840942,4.794,9.997711,37.919106000,128.180950000,1302.000000,7095.325573,5204.893920,-1890.431653,-26.643339,1.238588,53.970015,15.370700,52.131630,14.261074,33.933355,53.970015,37.919200000,128.181380000,37.919200000,128.181380000,37.919456000,128.182080000,37.919677453,128.181533289,37.918873000,128.182020000,37.918845476,128.181848483,37.918964000,128.180730000,37.918721933,128.181238180,37.919500000,128.180790000,37.919533790,128.180946644
25,25,825323841145,4.997,9.997711,37.919044000,128.180950000,1302.000000,6979.977759,5051.772617,-1928.205142,-27.624804,1.545510,62.581781,10.543091,60.298226,8.274587,35.424421,62.581781,37.919130000,128.181180000,37.919130000,128.181180000,37.919376000,128.181870000,37.919607923,128.181220834,37.918800000,128.181810000,37.918844611,128.181704096,37.918896000,128.180540000,37.918637018,128.181143064,37.919437000,128.180600000,37.919403958,128.180684403
26,26,825323841348,5.200,9.997711,37.918980000,128.180940000,1302.000000,6819.855820,5035.724780,-1784.131040,-26.160832,1.736194,17.295218,20.068283,18.768206,17.325625,18.364333,20.068283,37.919067000,128.180920000,37.919067000,128.180920000,37.919380000,128.180360000,37.919225429,128.180340106,37.919300000,128.181600000,37.919376568,128.181393114,37.918740000,128.181530000,37.918907828,128.181509599,37.918835000,128.180270000,37.918754740,128.180439035
27,27,825323841553,5.405,9.997711,37.918910000,128.180920000,1303.000000,6681.776826,5016.168971,-1665.607855,-24.927619,0.412131,12.208795,52.720699,11.813636,53.371042,32.528543,53.371042,37.919018000,128.180660000,37.919018000,128.180660000,37.918790000,128.180000000,37.918751553,128.180130202,37.919340000,128.180080000,37.919494061,128.180647690,37.919240000,128.181300000,37.919277263,128.181174041,37.918690000,128.181240000,37.918522447,128.180670574
28,28,825323841740,5.592,9.997711,37.918846000,128.180920000,1303.000000,6826.414622,5055.667794,-1770.746828,-25.939632,0.198289,25.019083,40.902577,24.642779,41.451890,33.004082,41.451890,37.918970000,128.180310000,37.918970000,128.180310000,37.918740000,128.179640000,37.918614308,128.179876180,37.919296000,128.179730000,37.919437754,128.180159709,37.919180000,128.180970000,37.919312089,128.180744816,37.918633000,128.180900000,37.918491119,128.180463585
29,29,825323841944,5.796,9.997711,37.918785000,128.180910000,1303.000000,6863.420252,5105.803714,-1757.616538,-25.608464,0.587702,28.929783,37.322846,27.955048,36.522304,32.682496,37.322846,37.918926000,128.179980000,37.918926000,128.179980000,37.918700000,128.179320000,37.918548769,128.179587906,37.919262000,128.179400000,37.919391637,128.179791948,37.919140000,128.180650000,37.919292338,128.180396931,37.918590000,128.180560000,37.918456982,128.180179828
30,30,825323842147,5.999,9.997711,37.918713000,128.180910000,1304.000000,6764.004211,5155.231118,-1608.773093,-23.784330,0.268818,29.801065,33.814210,30.425834,32.827520,31.717157,33.814210,37.918880000,128.179530000,37.918880000,128.179530000,37.918655000,128.178900000,37.918488788,128.179166021,37.919216000,128.178970000,37.919344177,128.179319089,37.919098000,128.180200000,37.919266730,128.179927436,37.918540000,128.180110000,37.918418868,128.179769179
31,31,825323842351,6.203,9.997711,37.918650000,128.180900000,1304.000000,6688.929185,5087.373165,-1601.556021,-23.943384,1.308093,28.751572,32.754563,32.386144,33.540652,31.858233,33.540652,37.918842000,128.179170000,37.918842000,128.179170000,37.918617000,128.178560000,37.918445731,128.178805065,37.919178000,128.178620000,37.919302221,128.178958114,37.919064000,128.179840000,37.919238825,128.179545224,37.918507000,128.179760000,37.918382555,128.179412165
32,32,825323842553,6.405,9.997711,37.918580000,128.180900000,1304.000000,6810.446137,5279.260153,-1531.185985,-22.482903,0.123493,30.515598,33.190386,30.133762,33.153612,31.748339,33.190386,37.918808000,128.178820000,37.918808000,128.178820000,37.918583000,128.178150000,37.918406347,128.178415713,37.919144000,128.178270000,37.919268224,128.178613578,37.919033000,128.179460000,37.919205464,128.179195519,37.918472000,128.179410000,37.918347738,128.179066904
33,33,825323842741,6.593,9.997711,37.918518000,128.180880000,1305.000000,7383.804566,5701.067827,-1682.736740,-22.789562,2.808433,35.059399,36.220940,28.482827,33.379176,33.285586,36.220940,37.918762000,128.178400000,37.918762000,128.178400000,37.918537000,128.177630000,37.918347163,128.177948552,37.919110000,128.177810000,37.919224043,128.178196290,37.918995000,128.179050000,37.919159835,128.178801933,37.918430000,128.179000000,37.918297788,128.178658849
34,34,825323842946,6.798,9.997711,37.918385000,128.180880000,1305.000000,7897.432313,5948.957767,-1948.474546,-24.672254,1.833368,33.172422,41.682052,27.563068,42.469920,36.221866,42.469920,37.918724000,128.178040000,37.918724000,128.178040000,37.918490000,128.177250000,37.918311325,128.177552307,37.919075000,128.177410000,37.919197138,128.177858680,37.918953000,128.178730000,37.919112534,128.178489968,37.918390000,128.178710000,37.918244557,128.178262909
35,35,825323843149,7.001,9.997711,37.918320000,128.180860000,1305.000000,8214.811793,6075.718972,-2139.092821,-26.039462,2.007577,31.831736,40.648638,32.604765,47.462572,38.136928,47.462572,37.918670000,128.177670000,37.918670000,128.177670000,37.918423000,128.176900000,37.918245654,128.177184339,37.919018000,128.177060000,37.919147599,128.177492739,37.918890000,128.178440000,37.919065049,128.178142328,37.918330000,128.178390000,37.918183436,128.177882472
36,36,825323843353,7.205,9.997711,37.918247000,128.180860000,1306.000000,8142.234357,6269.016757,-1873.217601,-23.006186,2.684950,30.091646,38.683796,34.715010,43.669524,36.789994,43.669524,37.918594000,128.177380000,37.918594000,128.177380000,37.918335000,128.176640000,37.918157651,128.176898603,37.918938000,128.176790000,37.919079085,128.177192560,37.918823000,128.178190000,37.918998994,128.177863663,37.918260000,128.178050000,37.918101204,128.177595290
37,37,825323843555,7.407,9.997711,37.918186000,128.180860000,1306.000000,8178.169174,6373.468867,-1804.700308,-22.067290,1.828961,28.300517,40.180058,32.205524,42.647623,35.833431,42.647623,37.918518000,128.177170000,37.918518000,128.177170000,37.918243000,128.176450000,37.918072201,128.176688700,37.918858000,128.176560000,37.919006414,128.176977068,37.918762000,128.177950000,37.918932363,128.177653598,37.918182000,128.177830000,37.918022036,128.177388724
38,38,825323843743,7.595,9.997711,37.918114000,128.180860000,1306.000000,8131.160178,6432.897190,-1698.262989,-20.885863,3.071459,27.026321,38.360845,31.395367,43.950606,35.183285,43.950606,37.918400000,128.176910000,37.918400000,128.176910000,37.918110000,128.176200000,37.917939265,128.176418795,37.918728000,128.176330000,37.918889403,128.176715943,37.918667000,128.177670000,37.918830696,128.177378880,37.918070000,128.177580000,37.917900952,128.177127725
39,39,825323843946,7.798,9.997711,37.918053000,128.180860000,1306.000000,8659.118438,6531.199794,-2127.918645,-24.574310,0.519591,35.863184,39.101693,31.781884,44.311416,37.764544,44.311416,37.918312000,128.176770000,37.918312000,128.176770000,37.918010000,128.175900000,37.917842309,128.176248695,37.918636000,128.176180000,37.918802525,128.176572038,37.918590000,128.177520000,37.918752477,128.177222416,37.917990000,128.177430000,37.917810987,128.176979325
40,40,825323844149,8.001,9.997711,37.917988000,128.180860000,1306.000000,9305.909719,6768.001555,-2537.908164,-27.272005,7.515805,41.644007,51.485398,28.178688,39.804284,40.278095,51.485398,37.918182000,128.176640000,37.918182000,128.176640000,37.917862000,128.175670000,37.917697060,128.176095624,37.918510000,128.175890000,37.918672010,128.176439124,37.918476000,128.177340000,37.918633693,128.177088997,37.917870000,128.177250000,37.917680383,128.176865725
41,41,825323844353,8.205,9.997711,37.917915000,128.180880000,1306.000000,10171.784076,7235.587933,-2936.196142,-28.866088,9.052880,41.625373,59.780858,28.347898,42.344448,43.024644,59.780858,37.918040000,128.176450000,37.918040000,128.176450000,37.917698000,128.175460000,37.917536379,128.175887429,37.918370000,128.175580000,37.918534950,128.176227822,37.918354000,128.177170000,37.918504220,128.176909347,37.917740000,128.177110000,37.917536269,128.176702810
42,42,825323844541,8.393,9.997711,37.917854000,128.180880000,1306.000000,10602.189261,7701.687567,-2900.501695,-27.357573,10.596167,44.918848,60.226879,26.774553,42.071279,43.497890,60.226879,37.917910000,128.176300000,37.917910000,128.176300000,37.917545000,128.175260000,37.917389855,128.175732175,37.918230000,128.175400000,37.918409973,128.176046750,37.918236000,128.177020000,37.918384383,128.176780051,37.917614000,128.176970000,37.917404304,128.176571440
43,43,825323844745,8.597,9.997711,37.917854000,128.180880000,1306.000000,10602.189261,7701.687567,-2900.501695,-27.357573,10.596167,44.918848,60.226879,26.774553,42.071279,43.497890,60.226879,37.917910000,128.176300000,37.917910000,128.176300000,37.917545000,128.175260000,37.917389855,128.175732175,37.918230000,128.175400000,37.918409973,128.176046750,37.918236000,128.177020000,37.918384383,128.176780051,37.917614000,128.176970000,37.917404304,128.176571440
44,44,825323844948,8.800,9.997711,37.917790000,128.180900000,1306.000000,11156.951569,8589.177642,-2567.773927,-23.015014,6.169003,43.435097,53.333422,29.024827,47.030427,43.205943,53.333422,37.917747000,128.176070000,37.917747000,128.176070000,37.917350000,128.175020000,37.917200099,128.175476640,37.918053000,128.175220000,37.918255136,128.175770611,37.918090000,128.176860000,37.918237867,128.176587783,37.917460000,128.176830000,37.917237758,128.176374548
45,45,825323845151,9.003,9.997711,37.917720000,128.180900000,1306.000000,11879.914633,9190.072901,-2689.841732,-22.641928,3.183764,44.645864,50.709087,36.027020,48.905212,45.071796,50.709087,37.917572000,128.175870000,37.917572000,128.175870000,37.917145000,128.174790000,37.917000599,128.175264287,37.917866000,128.175030000,37.918084159,128.175536898,37.917940000,128.176770000,37.918081167,128.176400844,37.917297000,128.176670000,37.917060797,128.176200454
46,46,825323845354,9.206,9.997711,37.917656000,128.180910000,1306.000000,12770.538332,9451.477675,-3319.060657,-25.989982,5.815309,47.903910,58.773920,37.438021,49.585268,48.425280,58.773920,37.917408000,128.175700000,37.917408000,128.175700000,37.916946000,128.174590000,37.916817391,128.175110550,37.917690000,128.174760000,37.917922278,128.175361010,37.917797000,128.176620000,37.917935456,128.176231498,37.917145000,128.176530000,37.916896178,128.176061681
47,47,825323845542,9.394,9.997711,37.917587000,128.180920000,1306.000000,13591.909629,9693.152958,-3898.756671,-28.684392,7.854416,48.931193,66.702744,37.660320,50.926258,51.055129,66.702744,37.917206000,128.175500000,37.917206000,128.175500000,37.916720000,128.174440000,37.916597838,128.174975226,37.917477000,128.174470000,37.917723898,128.175162065,37.917625000,128.176440000,37.917757343,128.176045338,37.916960000,128.176400000,37.916697514,128.175925056
48,48,825323845746,9.598,9.997711,37.917526000,128.180940000,1306.000000,14047.368555,10167.359940,-3880.008615,-27.620893,7.337324,46.185122,69.378465,38.440807,51.860963,51.466339,69.378465,37.916992000,128.175310000,37.916992000,128.175310000,37.916485000,128.174350000,37.916368818,128.174854864,37.917240000,128.174220000,37.917512861,128.174930268,37.917442000,128.176270000,37.917568725,128.175862818,37.916770000,128.176280000,37.916491947,128.175806178
49,49,825323845949,9.801,9.997711,37.917454000,128.180970000,1306.000000,14296.989967,10482.248152,-3814.741815,-26.682133,7.077512,46.869991,67.258653,38.235220,51.770020,51.033471,67.258653,37.916798000,128.175190000,37.916798000,128.175190000,37.916270000,128.174290000,37.916170407,128.174808557,37.917027000,128.174070000,37.917318386,128.174740915,37.917270000,128.176130000,37.917393283,128.175723632,37.916595000,128.176200000,37.916306671,128.175737471
50,50,825323846152,10.004,9.997711,37.917393000,128.180980000,1306.000000,14532.633595,10617.404254,-3915.229341,-26.940949,8.724837,50.490687,68.556321,39.054522,49.782701,51.971058,68.556321,37.916600000,128.175110000,37.916600000,128.175110000,37.916054000,128.174220000,37.915967485,128.174784374,37.916800000,128.173920000,37.917113445,128.174591967,37.917090000,128.176000000,37.917210410,128.175582305,37.916416000,128.176130000,37.916121882,128.175702980
51,51,825323846356,10.208,9.997711,37.917330000,128.181000000,1306.000000,14920.794707,10780.608056,-4140.186651,-27.747762,10.524324,53.916204,69.838549,37.534341,49.474248,52.690835,69.838549,37.916363000,128.175050000,37.916363000,128.175050000,37.915790000,128.174160000,37.915722222,128.174767893,37.916530000,128.173780000,37.916862534,128.174454339,37.916874000,128.175840000,37.916986421,128.175437060,37.916210000,128.176100000,37.915903945,128.175691509
52,52,825323846544,10.396,9.997711,37.917263000,128.181030000,1306.000000,15111.878555,11073.240372,-4038.638183,-26.724925,4.912561,51.659524,61.805848,45.337448,51.686837,52.622414,61.805848,37.916084000,128.174970000,37.916084000,128.174970000,37.915485000,128.174120000,37.915427236,128.174703660,37.916218000,128.173700000,37.916558293,128.174256087,37.916622000,128.175740000,37.916713533,128.175236960,37.915966000,128.176060000,37.915642672,128.175637605
53,53,825323846747,10.599,9.997711,37.917206000,128.181060000,1306.000000,14793.610025,11298.710838,-3494.899187,-23.624384,1.548464,47.620751,55.120702,47.200203,51.392356,50.333503,55.120702,37.915860000,128.174910000,37.915860000,128.174910000,37.915257000,128.174160000,37.915202394,128.174697809,37.915970000,128.173690000,37.916316738,128.174138069,37.916420000,128.175670000,37.916498314,128.175141791,37.915768000,128.176030000,37.915438062,128.175620681
54,54,825323846950,10.802,9.997711,37.917137000,128.181090000,1306.000000,14775.374645,11533.550841,-3241.823804,-21.940722,1.550745,45.851467,55.076513,48.461179,48.049162,49.359580,55.076513,37.915630000,128.174900000,37.915630000,128.174900000,37.915024000,128.174210000,37.914970478,128.174727670,37.915714000,128.173650000,37.916067934,128.174088215,37.916214000,128.175660000,37.916276696,128.175113940,37.915558000,128.176000000,37.915228638,128.175646381
55,55,825323847153,11.005,9.997711,37.917080000,128.181120000,1306.000000,15106.845234,11767.538586,-3339.306648,-22.104593,2.022605,45.761296,56.600053,48.376161,47.893031,49.657636,56.600053,37.915363000,128.174900000,37.915363000,128.174900000,37.914730000,128.174220000,37.914689131,128.174738487,37.915410000,128.173610000,37.915776397,128.174056841,37.915970000,128.175630000,37.916017145,128.175082408,37.915320000,128.176000000,37.914981324,128.175663686
56,56,825323847341,11.193,9.997711,37.917023000,128.181150000,1306.000000,14969.048082,11827.882767,-3141.165314,-20.984403,2.378024,48.417090,53.139934,48.233073,45.774553,48.891162,53.139934,37.915123000,128.174910000,37.915123000,128.174910000,37.914455000,128.174210000,37.914437359,128.174760853,37.915150000,128.173680000,37.915519456,128.174063167,37.915745000,128.175600000,37.915780448,128.175052629,37.915100000,128.176000000,37.914763453,128.175700520
57,57,825323847545,11.397,9.997711,37.916958000,128.181200000,1306.000000,14624.887251,11765.912135,-2858.975115,-19.548699,1.156877,47.407129,49.225211,48.816148,45.419291,47.716945,49.225211,37.914800000,128.174910000,37.914800000,128.174910000,37.914112000,128.174270000,37.914109977,128.174809798,37.914814000,128.173770000,37.915182342,128.174080129,37.915450000,128.175580000,37.915468403,128.175024641,37.914818000,128.176010000,37.914470289,128.175739421
58,58,825323847748,11.600,9.997711,37.916904000,128.181240000,1305.000000,14933.335528,11718.497851,-3214.837676,-21.527928,2.636134,52.376172,50.197745,47.471677,46.717493,49.190772,52.376172,37.914543000,128.174940000,37.914543000,128.174940000,37.913820000,128.174290000,37.913855331,128.174884699,37.914530000,128.173810000,37.914911549,128.174114638,37.915210000,128.175580000,37.915220186,128.175039617,37.914597000,128.176070000,37.914237937,128.175794628
59,59,825323847952,11.804,9.997711,37.916840000,128.181290000,1305.000000,15540.025156,11771.452182,-3768.572973,-24.250752,3.209153,57.815019,51.042228,49.357567,49.051754,51.816642,57.815019,37.914246000,128.175000000,37.914246000,128.175000000,37.913475000,128.174330000,37.913555564,128.174980341,37.914192000,128.173840000,37.914585677,128.174137964,37.914936000,128.175610000,37.914922328,128.175048258,37.914345000,128.176150000,37.913964191,128.175868996
60,60,825323848155,12.007,9.997711,37.916790000,128.181340000,1305.000000,15709.261463,11870.652747,-3838.608715,-24.435323,4.203015,61.795161,51.146354,49.785880,48.557503,52.821225,61.795161,37.913990000,128.175100000,37.913990000,128.175100000,37.913190000,128.174420000,37.913297845,128.175110221,37.913890000,128.173900000,37.914291823,128.174182401,37.914696000,128.175660000,37.914660017,128.175094954,37.914116000,128.176220000,37.913726347,128.175971485
61,61,825323848342,12.194,9.997711,37.916737000,128.181380000,1305.000000,15933.095224,12035.194703,-3897.900521,-24.464176,3.376008,62.166755,49.833159,51.019516,49.479377,53.124702,62.166755,37.913760000,128.175170000,37.913760000,128.175170000,37.912940000,128.174530000,37.913073163,128.175217438,37.913630000,128.173970000,37.914033175,128.174216594,37.914486000,128.175720000,37.914432411,128.175143056,37.913918000,128.176300000,37.913517305,128.176056163
62,62,825323848545,12.397,9.997711,37.916680000,128.181430000,1305.000000,16329.801410,11725.051900,-4604.749510,-28.198442,8.767254,66.098242,59.442323,46.958923,48.371181,55.217667,66.098242,37.913433000,128.175340000,37.913433000,128.175340000,37.912590000,128.174760000,37.912777395,128.175474153,37.913208000,128.174040000,37.913671824,128.174375358,37.914160000,128.175810000,37.914106995,128.175279547,37.913630000,128.176450000,37.913226857,128.176244489
63,63,825323848749,12.601,9.997711,37.916630000,128.181490000,1305.000000,16734.695267,11376.705126,-5357.990140,-32.017255,16.716382,70.916703,74.401910,39.434206,46.240918,57.748434,74.401910,37.913230000,128.175580000,37.913230000,128.175580000,37.912354000,128.175000000,37.912589803,128.175750128,37.912860000,128.174100000,37.913417749,128.174566795,37.913902000,128.175900000,37.913878515,128.175451977,37.913425000,128.176640000,37.913034221,128.176461466
64,64,825323848953,12.805,9.997711,37.916576000,128.181550000,1304.000000,15938.079626,11846.993688,-4091.085938,-25.668625,6.583599,51.632486,64.340341,45.873449,48.045756,52.473008,64.340341,37.912865000,128.175750000,37.912865000,128.175750000,37.912094000,128.175400000,37.912230828,128.175961738,37.912450000,128.174300000,37.912964454,128.174633904,37.913574000,128.176060000,37.913491791,128.175548172,37.913116000,128.176800000,37.912702870,128.176641665
65,65,825323849141,12.993,9.997711,37.916530000,128.181600000,1304.000000,16838.074813,12948.733933,-3889.340880,-23.098489,1.953447,51.605699,57.792219,48.820988,54.803585,53.255623,57.792219,37.912624000,128.175960000,37.912624000,128.175960000,37.911736000,128.175520000,37.911890983,128.176073785,37.912180000,128.174560000,37.912663569,128.174799436,37.913360000,128.176270000,37.913244793,128.175733635,37.912914000,128.177020000,37.912450522,128.176809592
66,66,825323849344,13.196,9.997711,37.916490000,128.181660000,1304.000000,17590.299289,13695.592322,-3894.706968,-22.141221,5.008870,68.020251,54.284245,49.345329,55.236556,56.721595,68.020251,37.912390000,128.176200000,37.912390000,128.176200000,37.911210000,128.175460000,37.911483236,128.176152744,37.911945000,128.174900000,37.912412821,128.175074437,37.913128000,128.176470000,37.912995566,128.175933806,37.912636000,128.177140000,37.912159710,128.176963637
67,67,825323849547,13.399,9.997711,37.916443000,128.181720000,1303.000000,17952.050938,13959.738087,-3992.312850,-22.238756,5.418816,55.580314,51.159386,54.102871,72.842242,58.421203,72.842242,37.911934000,128.176250000,37.911934000,128.176250000,37.910732000,128.175610000,37.910933424,128.176189061,37.911594000,128.175170000,37.912044922,128.175282490,37.912827000,128.176650000,37.912640836,128.176080961,37.912273000,128.177260000,37.911657186,128.176979567
68,68,825323849751,13.603,9.997711,37.916400000,128.181800000,1303.000000,19767.032056,14557.502302,-5209.529755,-26.354638,1.836095,44.343925,80.803433,54.580491,76.253122,63.995243,80.803433,37.911488000,128.176300000,37.911488000,128.176300000,37.910435000,128.175920000,37.910563014,128.176398120,37.911037000,128.175110000,37.911705597,128.175468198,37.912594000,128.176880000,37.912386110,128.176317171,37.911930000,128.177380000,37.911276263,128.177120725
69,69,825323849954,13.806,9.997711,37.916363000,128.181850000,1303.000000,20598.324307,16364.988566,-4233.335740,-20.551845,3.017014,46.438988,79.575414,45.311858,71.330143,60.664100,79.575414,37.911076000,128.176510000,37.911076000,128.176510000,37.909966000,128.176180000,37.910127896,128.176667313,37.910560000,128.175320000,37.911237202,128.175610115,37.912186000,128.176990000,37.912032159,128.176512347,37.911552000,128.177580000,37.910928401,128.177393243
70,70,825323850141,13.993,9.997711,37.916325000,128.181930000,1303.000000,21925.968119,16509.881738,-5416.086381,-24.701698,9.676537,77.350344,70.564247,51.663277,61.791744,65.342403,77.350344,37.910774000,128.176800000,37.910774000,128.176800000,37.909325000,128.176270000,37.909754720,128.176962091,37.910244000,128.175660000,37.910863187,128.175832036,37.911858000,128.177150000,37.911637808,128.176632187,37.911163000,128.177750000,37.910611550,128.177669620
71,71,825323850344,14.196,9.997711,37.916286000,128.182000000,1302.000000,24331.463829,17311.861962,-7019.601867,-28.849895,16.365462,84.827361,90.181241,45.338946,70.695788,72.760834,90.181241,37.910385000,128.177120000,37.910385000,128.177120000,37.908756000,128.176570000,37.909260951,128.177293341,37.909702000,128.175900000,37.910482872,128.176173373,37.911438000,128.177340000,37.911250772,128.176881554,37.910866000,128.178090000,37.910234521,128.178004503
72,72,825323850549,14.401,9.997711,37.916256000,128.182080000,1302.000000,27934.000534,19895.805289,-8038.195245,-28.775668,18.593952,72.775527,118.075141,45.584613,77.701667,78.534237,118.075141,37.909958000,128.177370000,37.909958000,128.177370000,37.908337000,128.176960000,37.908763049,128.177588483,37.909042000,128.176010000,37.910053291,128.176415485,37.911114000,128.177580000,37.910905677,128.177133165,37.910620000,128.178420000,37.909924691,128.178342307
73,73,825323850752,14.604,9.997711,37.916230000,128.182140000,1302.000000,29309.172374,21181.862766,-8127.309608,-27.729577,22.175135,80.763939,119.758309,44.782285,74.113320,79.854463,119.758309,37.909508000,128.177830000,37.909508000,128.177830000,37.908030000,128.177640000,37.908548009,128.178283835,37.908504000,128.176510000,37.909548661,128.176835727,37.910744000,128.177980000,37.910525391,128.177551975,37.910427000,128.178960000,37.909761293,128.178948289
74,74,825323850955,14.807,9.997711,37.916203000,128.182240000,1301.000000,31404.499979,23000.841190,-8403.658789,-26.759410,21.253134,86.214053,121.039721,56.743281,72.700268,84.174331,121.039721,37.909280000,128.178280000,37.909280000,128.178280000,37.907870000,128.178240000,37.908473679,128.178854918,37.908092000,128.176940000,37.909161696,128.177187110,37.910522000,128.178380000,37.910203424,128.177875659,37.910510000,128.179490000,37.909857184,128.179513448
75,75,825323851143,14.995,9.997711,37.916180000,128.182310000,1301.000000,31378.563210,23628.753660,-7749.809550,-24.697783,15.737255,100.447361,91.138496,65.293351,68.314391,81.298400,100.447361,37.909115000,128.178790000,37.909115000,128.178790000,37.907677000,128.178820000,37.908430724,128.179448770,37.907910000,128.177540000,37.908728482,128.177564550,37.910343000,128.178790000,37.909924894,128.178268622,37.910366000,128.179920000,37.909754732,128.179988867
76,76,825323851346,15.198,9.997711,37.916150000,128.182460000,1300.000000,30028.621004,21310.282089,-8718.338915,-29.033431,5.532645,98.913343,80.396720,101.287595,61.537197,85.533714,101.287595,37.909145000,128.179400000,37.909145000,128.179400000,37.907684000,128.179490000,37.908450927,128.180058732,37.907745000,128.178160000,37.908464481,128.178080406,37.910423000,128.179370000,37.909674755,128.178713840,37.910088000,128.180300000,37.909548256,128.180451365
77,77,825323851550,15.402,9.997711,37.916134000,128.182560000,1300.000000,27861.183071,20528.051646,-7333.131425,-26.320244,21.675996,89.409814,101.919385,60.465932,52.217801,76.003233,101.919385,37.909256000,128.180080000,37.909256000,128.180080000,37.907883000,128.180280000,37.908591075,128.180760514,37.907560000,128.178860000,37.908474838,128.178814016,37.910290000,128.179870000,37.909865295,128.179440814,37.909954000,128.180820000,37.909515629,128.181031583
78,78,825323851753,15.605,9.997711,37.916122000,128.182650000,1299.000000,23840.580839,19620.266604,-4220.314235,-17.702229,9.612170,54.779237,85.659816,42.472416,64.267007,61.794619,85.659816,37.909120000,128.180660000,37.909120000,128.180660000,37.907986000,128.181020000,37.908392076,128.181372285,37.907684000,128.179690000,37.908441093,128.179515601,37.910030000,128.180340000,37.909757580,128.180001429,37.909866000,128.181350000,37.909316817,128.181575651
79,79,825323851942,15.794,9.997711,37.916120000,128.182720000,1299.000000,21989.814056,17142.404163,-4847.409893,-22.043888,7.417943,54.253395,83.293690,45.184329,66.827521,62.389734,83.293690,37.908966000,128.181180000,37.908966000,128.181180000,37.907852000,128.181600000,37.908254981,128.181947411,37.907856000,128.180390000,37.908587270,128.180189173,37.909916000,128.180820000,37.909610081,128.180481882,37.909786000,128.181840000,37.909219790,128.182092829
80,80,825323852145,15.997,9.997711,37.916120000,128.182800000,1299.000000,23433.415944,17586.160816,-5847.255128,-24.952637,7.363863,73.385377,72.130409,46.995232,73.398581,66.477400,73.398581,37.908800000,128.181780000,37.908800000,128.181780000,37.907450000,128.182280000,37.908056115,128.182608586,37.907910000,128.181100000,37.908526244,128.180846213,37.909830000,128.181350000,37.909484489,128.181042541,37.909763000,128.182390000,37.909146127,128.182685103
81,81,825323852349,16.201,9.997711,37.916120000,128.182890000,1298.000000,25479.152171,19307.768807,-6171.383364,-24.221306,2.733153,69.136249,69.764854,59.784875,90.355780,72.260440,90.355780,37.908638000,128.182400000,37.908638000,128.182400000,37.907116000,128.183010000,37.907691760,128.183305121,37.907738000,128.181800000,37.908309432,128.181473824,37.909737000,128.181900000,37.909256700,128.181595439,37.909718000,128.182950000,37.908953141,128.183294348
82,82,825323852552,16.404,9.997711,37.916120000,128.182890000,1298.000000,25479.152171,19307.768807,-6171.383364,-24.221306,2.733153,69.136249,69.764854,59.784875,90.355780,72.260440,90.355780,37.908638000,128.182400000,37.908638000,128.182400000,37.907116000,128.183010000,37.907691760,128.183305121,37.907738000,128.181800000,37.908309432,128.181473824,37.909737000,128.181900000,37.909256700,128.181595439,37.909718000,128.182950000,37.908953141,128.183294348
83,83,825323852755,16.607,9.997711,37.916134000,128.183060000,1297.000000,29692.806260,21161.728361,-8531.077899,-28.731127,9.668655,72.249321,110.924233,67.338394,82.128803,83.160188,110.924233,37.908344000,128.183620000,37.908344000,128.183620000,37.907024000,128.184450000,37.907652940,128.184653067,37.907036000,128.183140000,37.907972937,128.182710078,37.909683000,128.182970000,37.909114300,128.182708717,37.909523000,128.184040000,37.908870933,128.184477441
84,84,825323852943,16.795,9.997711,37.916134000,128.183060000,1297.000000,29692.806260,21161.728361,-8531.077899,-28.731127,9.668655,72.249321,110.924233,67.338394,82.128803,83.160188,110.924233,37.908344000,128.183620000,37.908344000,128.183620000,37.907024000,128.184450000,37.907652940,128.184653067,37.907036000,128.183140000,37.907972937,128.182710078,37.909683000,128.182970000,37.909114300,128.182708717,37.909523000,128.184040000,37.908870933,128.184477441
85,85,825323853146,16.998,9.997711,37.916145000,128.183140000,1297.000000,30156.289965,23444.640447,-6711.649518,-22.256218,13.580679,73.859650,101.257610,49.642379,76.764361,75.381000,101.257610,37.908360000,128.184220000,37.908360000,128.184220000,37.907063000,128.185120000,37.907710444,128.185303837,37.906937000,128.183800000,37.907769206,128.183334609,37.909485000,128.183470000,37.909073178,128.183253162,37.909560000,128.184560000,37.908979724,128.185032209
86,86,825323853350,17.202,9.997711,37.916160000,128.183210000,1297.000000,30399.042359,23001.574805,-7397.467554,-24.334541,9.111920,82.060300,93.910670,65.682607,78.819647,80.118306,93.910670,37.908400000,128.184800000,37.908400000,128.184800000,37.907085000,128.185800000,37.907815908,128.185921424,37.906960000,128.184480000,37.907696049,128.183957551,37.909485000,128.183990000,37.908914899,128.183797248,37.909653000,128.185040000,37.909079113,128.185565622
87,87,825323853554,17.406,9.997711,37.916180000,128.183300000,1296.000000,31234.177840,23224.473638,-8009.704202,-25.644037,9.450992,82.585371,97.830967,64.758156,82.611643,81.946534,97.830967,37.908485000,128.185550000,37.908485000,128.185550000,37.907230000,128.186660000,37.907970423,128.186718850,37.907017000,128.185350000,37.907762427,128.184760019,37.909527000,128.184650000,37.908957519,128.184499476,37.909830000,128.185670000,37.909242606,128.186244836
88,88,825323853742,17.594,9.997711,37.916203000,128.183380000,1296.000000,32112.086705,24169.400753,-7942.685952,-24.734257,9.350218,84.004075,96.924150,66.801443,81.375673,82.276335,96.924150,37.908570000,128.186050000,37.908570000,128.186050000,37.907356000,128.187230000,37.908110572,128.187240951,37.907040000,128.185940000,37.907755974,128.185312045,37.909610000,128.185070000,37.909015090,128.184970307,37.909935000,128.186080000,37.909384558,128.186689676
89,89,825323853946,17.798,9.997711,37.916230000,128.183460000,1296.000000,31965.388315,24270.465087,-7694.923228,-24.072672,11.957625,87.041021,98.981863,71.537749,72.308108,82.467185,98.981863,37.908775000,128.186770000,37.908775000,128.186770000,37.907627000,128.188030000,37.908407892,128.187979613,37.907196000,128.186800000,37.907900619,128.186112614,37.909786000,128.185700000,37.909144066,128.185661991,37.910095000,128.186700000,37.909661464,128.187313065
90,90,825323854149,18.001,9.997711,37.916256000,128.183530000,1295.000000,32219.415515,24587.300761,-7632.114754,-23.687937,9.945164,87.211779,94.893282,72.395491,74.398715,82.224817,94.893282,37.908962000,128.187300000,37.908962000,128.187300000,37.907867000,128.188640000,37.908645342,128.188526945,37.907375000,128.187450000,37.908006247,128.186723915,37.909916000,128.186190000,37.909265699,128.186180982,37.910316000,128.187150000,37.909870509,128.187781450
91,91,825323854352,18.204,9.997711,37.916286000,128.183610000,1295.000000,31898.877982,25322.243812,-6576.634170,-20.617133,6.896347,81.353558,90.127399,71.768198,75.751007,79.750040,90.127399,37.909172000,128.187840000,37.909172000,128.187840000,37.908120000,128.189250000,37.908844376,128.189127342,37.907580000,128.188100000,37.908137966,128.187356436,37.910040000,128.186680000,37.909396140,128.186721803,37.910500000,128.187590000,37.910081678,128.188270261
92,92,825323854555,18.407,9.997711,37.916325000,128.183690000,1295.000000,32233.238522,25218.834233,-7014.404288,-21.761401,12.896097,89.213671,96.006382,70.225674,68.532856,80.994646,96.006382,37.909435000,128.188420000,37.909435000,128.188420000,37.908450000,128.189910000,37.909229622,128.189674707,37.907864000,128.188800000,37.908437194,128.187983252,37.910290000,128.187180000,37.909662262,128.187259295,37.910778000,128.188060000,37.910442088,128.188713909
93,93,825323854743,18.595,9.997711,37.916363000,128.183750000,1295.000000,32215.020407,24590.175649,-7624.844758,-23.668601,15.796127,99.843755,92.374573,65.028567,69.909652,81.789137,99.843755,37.909733000,128.188890000,37.909733000,128.188890000,37.908745000,128.190490000,37.909596436,128.190132615,37.908176000,128.189360000,37.908696923,128.188541304,37.910473000,128.187640000,37.909893663,128.187734959,37.911040000,128.188450000,37.910721185,128.189135779
94,94,825323854948,18.800,9.997711,37.916405000,128.183820000,1294.000000,33257.142474,25030.729217,-8226.413257,-24.735779,14.449082,98.894563,99.012290,69.592468,75.714723,85.803511,99.012290,37.910090000,128.189480000,37.910090000,128.189480000,37.909187000,128.191160000,37.910009282,128.190733785,37.908447000,128.190190000,37.908968904,128.189277139,37.910790000,128.188160000,37.910179238,128.188329076,37.911404000,128.188900000,37.911071688,128.189652177
95,95,825323855151,19.003,9.997711,37.916447000,128.183880000,1294.000000,32808.608159,24625.530901,-8183.077257,-24.941860,20.894624,107.099418,99.509949,64.486388,64.694023,83.947444,107.099418,37.910450000,128.189870000,37.910450000,128.189870000,37.909565000,128.191650000,37.910426471,128.191107076,37.908836000,128.190690000,37.909330302,128.189745971,37.911060000,128.188540000,37.910498701,128.188721570,37.911667000,128.189290000,37.911435348,128.189965552
96,96,825323855354,19.206,9.997711,37.916492000,128.183930000,1294.000000,31726.404634,23017.748526,-8708.656108,-27.449237,20.725759,102.741615,104.550301,71.394582,60.349009,84.758877,104.550301,37.910770000,128.190280000,37.910770000,128.190280000,37.910076000,128.191970000,37.910881240,128.191398349,37.909172000,128.191220000,37.909671697,128.190212070,37.911350000,128.188900000,37.910742891,128.189162054,37.911950000,128.189620000,37.911780990,128.190272886
97,97,825323855541,19.393,9.997711,37.916546000,128.183990000,1293.000000,29542.462722,21885.516213,-7656.946510,-25.918444,14.071451,83.722577,98.804905,71.754018,60.818729,78.775057,98.804905,37.911190000,128.190690000,37.911190000,128.190690000,37.910760000,128.192150000,37.911416833,128.191685654,37.909607000,128.191770000,37.910031163,128.190781782,37.911655000,128.189330000,37.911059843,128.189643733,37.912334000,128.189930000,37.912191675,128.190598573
98,98,825323855745,19.597,9.997711,37.916595000,128.184050000,1293.000000,29542.245881,20582.797087,-8959.448794,-30.327582,16.446894,109.976388,85.942915,69.994383,65.988544,82.975558,109.976388,37.911730000,128.191010000,37.911730000,128.191010000,37.911190000,128.192800000,37.911964248,128.192022213,37.910248000,128.192210000,37.910524393,128.191296305,37.912033000,128.189760000,37.911465817,128.190103993,37.912785000,128.190230000,37.912630865,128.190955508
99,99,825323855948,19.800,9.997711,37.916645000,128.184100000,1293.000000,27706.913900,20726.498482,-6980.415418,-25.193767,14.793141,113.311511,67.392213,65.869147,60.161643,76.683629,113.311511,37.912075000,128.191240000,37.912075000,128.191240000,37.911560000,128.193100000,37.912327766,128.192252911,37.910828000,128.192260000,37.910953602,128.191509359,37.912327000,128.189990000,37.911801511,128.190334763,37.913124000,128.190340000,37.913028185,128.191014158
100,100,825323856151,20.003,9.997711,37.916706000,128.184140000,1293.000000,27953.049604,20555.745465,-7397.304139,-26.463317,12.846251,86.223061,92.098668,72.487349,59.228563,77.509410,92.098668,37.912445000,128.191680000,37.912445000,128.191680000,37.912197000,128.193200000,37.912793805,128.192574207,37.911200000,128.192840000,37.911463007,128.191845744,37.912730000,128.190250000,37.912187667,128.190706813,37.913563000,128.190490000,37.913491698,128.191158305
101,101,825323856355,20.207,9.997711,37.916760000,128.184190000,1292.000000,27390.154349,18098.002676,-9292.151673,-33.925153,22.892994,101.553396,106.490484,77.654170,46.752215,83.112566,106.490484,37.912975000,128.191800000,37.912975000,128.191800000,37.912770000,128.193400000,37.913390770,128.192552676,37.911724000,128.193200000,37.912019905,128.192046935,37.913193000,128.190400000,37.912640396,128.190939619,37.913940000,128.190730000,37.913950054,128.191262182
102,102,825323856544,20.396,9.997711,37.916824000,128.184220000,1292.000000,26203.942335,18530.695877,-7673.246458,-29.282794,10.091241,95.810576,79.126223,79.361698,59.730374,78.507218,95.810576,37.913425000,128.191910000,37.913425000,128.191910000,37.913284000,128.193480000,37.913846858,128.192654685,37.912285000,128.193300000,37.912396958,128.192410287,37.913580000,128.190520000,37.913048710,128.191122552,37.914356000,128.190700000,37.914334230,128.191379551
103,103,825323856747,20.599,9.997711,37.916880000,128.184270000,1292.000000,22424.793152,16992.291941,-5432.501211,-24.225424,8.897033,66.746051,78.188027,57.653481,55.936506,64.631016,78.188027,37.913960000,128.191910000,37.913960000,128.191910000,37.913994000,128.193150000,37.914400643,128.192591495,37.912860000,128.193480000,37.912932859,128.192594520,37.913963000,128.190750000,37.913566273,128.191171992,37.914738000,128.190890000,37.914753994,128.191526595
104,104,825323856951,20.803,9.997711,37.916943000,128.184280000,1292.000000,18641.106294,14865.835958,-3775.270336,-20.252394,1.294406,51.296992,60.346171,64.451421,45.195992,55.322644,64.451421,37.914486000,128.191860000,37.914486000,128.191860000,37.914574000,128.193040000,37.914907269,128.192636617,37.913574000,128.193240000,37.913543184,128.192553978,37.914436000,128.190730000,37.914035508,128.191259978,37.915100000,128.191150000,37.915182344,128.191653930
105,105,825323857154,21.006,9.997711,37.917007000,128.184310000,1291.000000,17087.306872,14837.278465,-2250.028407,-13.167835,5.637569,44.970415,61.419082,47.327220,39.991771,48.427122,61.419082,37.914833000,128.191930000,37.914833000,128.191930000,37.914960000,128.193080000,37.915262927,128.192741226,37.914040000,128.193160000,37.913998073,128.192462669,37.914720000,128.190890000,37.914406291,128.191253716,37.915417000,128.191160000,37.915535893,128.191589709
106,106,825323857341,21.193,9.997711,37.917070000,128.184340000,1291.000000,16850.481760,14363.488791,-2486.992969,-14.759180,0.672921,55.786143,43.059051,46.373302,50.482702,48.925299,55.786143,37.915226000,128.192250000,37.915226000,128.192250000,37.915417000,128.193360000,37.915725937,128.192859846,37.914620000,128.193050000,37.914491713,128.192587453,37.915077000,128.191160000,37.914784276,128.191535697,37.915867000,128.190980000,37.915966507,128.191540819
107,107,825323857545,21.397,9.997711,37.917140000,128.184360000,1291.000000,17346.376783,14591.824638,-2754.552146,-15.879697,15.776235,40.289908,37.225680,68.705922,64.901745,52.780814,68.705922,37.915680000,128.192340000,37.915680000,128.192340000,37.915947000,128.193240000,37.916200527,128.192912592,37.915110000,128.193200000,37.914944297,128.192831820,37.915512000,128.191150000,37.915175154,128.191805546,37.916298000,128.190750000,37.916388723,128.191480015
108,108,825323857748,21.600,9.997711,37.917202000,128.184360000,1291.000000,19204.169510,14797.936241,-4406.233269,-22.944149,4.589415,60.641606,54.685947,64.700938,68.524501,62.138248,68.524501,37.916210000,128.191850000,37.916210000,128.191850000,37.916430000,128.193390000,37.916695749,128.192787226,37.915596000,128.193390000,37.915455932,128.192793151,37.915966000,128.190950000,37.915671791,128.191585375,37.916687000,128.190660000,37.916809010,128.191424793
109,109,825323857952,21.804,9.997711,37.917274000,128.184370000,1290.000000,19256.715382,16236.429344,-3020.286038,-15.684326,2.330733,57.365241,54.581183,59.178949,62.117734,58.310777,62.117734,37.916588000,128.191830000,37.916588000,128.191830000,37.916855000,128.193620000,37.917098580,128.193044368,37.916060000,128.193270000,37.915900621,128.192682244,37.916344000,128.190750000,37.916089742,128.191341791,37.917000000,128.190840000,37.917161217,128.191517162
110,110,825323858155,22.007,9.997711,37.917340000,128.184370000,1290.000000,20461.769400,17745.338970,-2716.430430,-13.275638,2.097363,51.503249,69.712764,62.202099,52.113325,58.882859,69.712764,37.916950000,128.192000000,37.916950000,128.192000000,37.917297000,128.193880000,37.917521301,128.193367067,37.916480000,128.193440000,37.916316833,128.192673606,37.916687000,128.190670000,37.916453109,128.191313254,37.917328000,128.191040000,37.917517131,128.191582826
111,111,825323858343,22.195,9.997711,37.917400000,128.184370000,1290.000000,22649.137242,15751.920166,-6897.217076,-30.452449,34.230943,113.418849,100.704278,46.538963,40.005369,75.166864,113.418849,37.917380000,128.191900000,37.917380000,128.191900000,37.917830000,128.194290000,37.917999316,128.193016461,37.916965000,128.193660000,37.916790332,128.192534861,37.917046000,128.190810000,37.916852202,128.191279560,37.917713000,128.191070000,37.917922610,128.191440027
112,112,825323858546,22.398,9.997711,37.917473000,128.184370000,1290.000000,25590.749199,13785.500475,-11805.248725,-46.130923,57.483035,179.775421,124.466647,41.705282,43.572182,97.379883,179.775421,37.917800000,128.191730000,37.917800000,128.191730000,37.918410000,128.194720000,37.918450785,128.192673544,37.917473000,128.193760000,37.917247839,128.192371730,37.917416000,128.190810000,37.917247104,128.191233904,37.918090000,128.190920000,37.918324897,128.191316881
113,113,825323858750,22.602,9.997711,37.917534000,128.184360000,1289.000000,22278.861686,13098.889192,-9179.972494,-41.204854,45.689340,95.270935,152.727148,31.176893,45.520847,81.173956,152.727148,37.918213000,128.191600000,37.918213000,128.191600000,37.918840000,128.193590000,37.918911758,128.192508961,37.917990000,128.193850000,37.917690984,128.192152688,37.917790000,128.190810000,37.917636468,128.191106915,37.918470000,128.190780000,37.918723616,128.191186613
114,114,825323858953,22.805,9.997711,37.917600000,128.184340000,1289.000000,18750.232803,13138.686467,-5611.546336,-29.927876,26.732217,62.005067,114.166748,30.338083,47.617251,63.531787,114.166748,37.918620000,128.191450000,37.918620000,128.191450000,37.919280000,128.193040000,37.919374447,128.192344163,37.918453000,128.193150000,37.918114630,128.191922760,37.918150000,128.190630000,37.918012437,128.190928226,37.918835000,128.190570000,37.919110627,128.190984652
115,115,825323859141,22.993,9.997711,37.917730000,128.184300000,1289.000000,16452.729767,13162.218742,-3290.511025,-19.999788,12.196851,44.217964,82.015052,29.330127,53.683417,52.311640,82.015052,37.918950000,128.191180000,37.918950000,128.191180000,37.919655000,128.192640000,37.919761292,128.192154843,37.918808000,128.192540000,37.918467335,128.191711911,37.918457000,128.190440000,37.918333727,128.190735178,37.919140000,128.190340000,37.919452625,128.190805455
116,116,825323859344,23.196,9.997711,37.917797000,128.184270000,1289.000000,16771.584738,12344.244712,-4427.340026,-26.397863,18.532009,51.921006,94.999655,24.475640,56.458602,56.963726,94.999655,37.919308000,128.190870000,37.919308000,128.190870000,37.920090000,128.192340000,37.920159057,128.191755278,37.919235000,128.192280000,37.918834905,128.191324468,37.918780000,128.190190000,37.918663968,128.190426740,37.919460000,128.190030000,37.919806898,128.190499003
117,117,825323859548,23.400,9.997711,37.917797000,128.184270000,1289.000000,17034.244629,12381.842589,-4652.402041,-27.312054,17.510169,53.136873,94.957004,26.988765,58.691985,58.443657,94.957004,37.919586000,128.190730000,37.919586000,128.190730000,37.920403000,128.192100000,37.920462057,128.191499563,37.919540000,128.192080000,37.919112999,128.191143925,37.919003000,128.189960000,37.918898904,128.190237559,37.919690000,128.189820000,37.920063965,128.190291128
118,118,825323859752,23.604,9.997711,37.917797000,128.184270000,1289.000000,17034.244629,12381.842589,-4652.402041,-27.312054,17.510169,53.136873,94.957004,26.988765,58.691985,58.443657,94.957004,37.919586000,128.190730000,37.919586000,128.190730000,37.920403000,128.192100000,37.920462057,128.191499563,37.919540000,128.192080000,37.919112999,128.191143925,37.919003000,128.189960000,37.918898904,128.190237559,37.919690000,128.189820000,37.920063965,128.190291128
119,119,825323859955,23.807,9.997711,37.917910000,128.184200000,1289.000000,17920.718717,13029.817738,-4890.900978,-27.291880,15.092446,54.548775,94.334995,35.134580,59.235575,60.813481,94.334995,37.919950000,128.190410000,37.919950000,128.190410000,37.920826000,128.191670000,37.920839174,128.191049058,37.919970000,128.191760000,37.919494092,128.190871169,37.919290000,128.189530000,37.919224780,128.189921455,37.919975000,128.189380000,37.920370122,128.189831806
120,120,825323860143,23.995,9.997711,37.917976000,128.184160000,1289.000000,17572.994273,12456.930695,-5116.063578,-29.113215,17.562469,62.183881,91.828876,36.393728,54.072869,61.119838,91.828876,37.920166000,128.190020000,37.920166000,128.190020000,37.921066000,128.191180000,37.921012318,128.190475165,37.920250000,128.191400000,37.919749955,128.190568331,37.919490000,128.189210000,37.919440475,128.189619647,37.920155000,128.189000000,37.920539313,128.189376579
121,121,825323860346,24.198,9.997711,37.918030000,128.184130000,1289.000000,16861.626384,12326.867018,-4534.759367,-26.893962,16.793127,67.278357,79.202011,37.308288,48.771992,58.140162,79.202011,37.920345000,128.189620000,37.920345000,128.189620000,37.921270000,128.190700000,37.921161648,128.189946285,37.920456000,128.190920000,37.919975842,128.190254448,37.919660000,128.188870000,37.919619837,128.189291784,37.920300000,128.188600000,37.920663238,128.188910541
122,122,825323860550,24.402,9.997711,37.918080000,128.184080000,1289.000000,15843.941442,11635.633022,-4208.308420,-26.560995,9.406165,66.165744,63.321132,44.475473,51.721269,56.420905,66.165744,37.920530000,128.189160000,37.920530000,128.189160000,37.921455000,128.190140000,37.921336264,128.189401727,37.920650000,128.190350000,37.920220465,128.189877286,37.919823000,128.188480000,37.919837220,128.188986142,37.920430000,128.188140000,37.920822069,128.188456033
123,123,825323860753,24.605,9.997711,37.918140000,128.184020000,1289.000000,15123.743205,11420.391944,-3703.351262,-24.487002,4.199214,57.357981,55.723569,47.681925,50.918704,52.920545,57.357981,37.920666000,128.188800000,37.920666000,128.188800000,37.921570000,128.189640000,37.921472792,128.188998566,37.920803000,128.189930000,37.920396943,128.189558920,37.919945000,128.188160000,37.919989666,128.188700017,37.920544000,128.187790000,37.920934590,128.188091753
124,124,825323860941,24.793,9.997711,37.918190000,128.183980000,1290.000000,13855.924627,10737.572271,-3118.352356,-22.505552,5.114471,54.800610,52.626863,44.173177,46.086370,49.421755,54.800610,37.920773000,128.188340000,37.920773000,128.188340000,37.921670000,128.189070000,37.921561534,128.188461295,37.920930000,128.189400000,37.920529457,128.189081663,37.920067000,128.187790000,37.920105056,128.188290703,37.920640000,128.187400000,37.921012165,128.187629896
125,125,825323861144,24.996,9.997711,37.918243000,128.183910000,1290.000000,13314.197141,9930.048278,-3384.148864,-25.417596,7.497856,57.210552,54.269691,42.744652,42.684829,49.227431,57.210552,37.920845000,128.187880000,37.920845000,128.187880000,37.921738000,128.188550000,37.921601549,128.187921897,37.921047000,128.188950000,37.920633474,128.188622697,37.920147000,128.187410000,37.920196777,128.187892648,37.920715000,128.187000000,37.921069404,128.187185559
126,126,825323861347,25.199,9.997711,37.918290000,128.183870000,1290.000000,12912.940260,9435.418081,-3477.522179,-26.930522,2.988533,51.645189,51.171954,46.729725,46.592831,49.034925,51.645189,37.920948000,128.187470000,37.920948000,128.187470000,37.921790000,128.187990000,37.921668902,128.187422278,37.921165000,128.188490000,37.920763881,128.188205372,37.920220000,128.187000000,37.920301945,128.187521898,37.920757000,128.186550000,37.921139362,128.186765814
127,127,825323861551,25.403,9.997711,37.918335000,128.183800000,1291.000000,12563.994829,9237.431836,-3326.562993,-26.476953,3.589907,52.030491,51.221088,47.477470,43.879966,48.652254,52.030491,37.920986000,128.187180000,37.920986000,128.187180000,37.921820000,128.187650000,37.921681159,128.187084246,37.921223000,128.188170000,37.920812866,128.187905589,37.920240000,128.186720000,37.920339047,128.187245869,37.920776000,128.186280000,37.921144472,128.186457500
128,128,825323861754,25.606,9.997711,37.918385000,128.183750000,1291.000000,12246.576603,9111.918034,-3134.658568,-25.596203,2.881926,52.050546,47.037767,50.215962,39.706103,47.252595,52.050546,37.921020000,128.186840000,37.921020000,128.186840000,37.921833000,128.187260000,37.921691171,128.186695198,37.921253000,128.187790000,37.920869940,128.187563904,37.920235000,128.186390000,37.920377589,128.186932517,37.920790000,128.185970000,37.921132253,128.186097322
129,129,825323861941,25.793,9.997711,37.918427000,128.183690000,1292.000000,11512.673339,8997.786462,-2514.886877,-21.844508,3.871701,52.232557,43.299687,45.147740,36.895638,44.393906,52.232557,37.921040000,128.186450000,37.921040000,128.186450000,37.921837000,128.186800000,37.921671966,128.186243206,37.921303000,128.187360000,37.920936359,128.187195350,37.920288000,128.186070000,37.920397739,128.186564943,37.920795000,128.185600000,37.921115855,128.185705328
130,130,825323862145,25.997,9.997711,37.918470000,128.183620000,1293.000000,11210.705320,8846.629620,-2364.075700,-21.087662,3.039338,51.919044,40.450440,43.212490,39.345622,43.731899,51.919044,37.921047000,128.186190000,37.921047000,128.186190000,37.921833000,128.186510000,37.921664088,128.185958906,37.921320000,128.187090000,37.920973855,128.186949849,37.920310000,128.185850000,37.920412214,128.186324718,37.920780000,128.185350000,37.921122506,128.185460619
131,131,825323862348,26.200,9.997711,37.918507000,128.183560000,1293.000000,11030.737335,8622.995024,-2407.742311,-21.827574,1.222683,50.569822,35.705842,46.015780,40.837647,43.282273,50.569822,37.921047000,128.185820000,37.921047000,128.185820000,37.921825000,128.186100000,37.921662941,128.185562024,37.921337000,128.186700000,37.921026892,128.186596130,37.920303000,128.185530000,37.920448689,128.186020382,37.920757000,128.185000000,37.921113326,128.185110596
132,132,825323862552,26.404,9.997711,37.918552000,128.183500000,1294.000000,10574.171576,8261.246366,-2312.925211,-21.873347,1.407866,50.415310,35.788970,46.594730,36.201655,42.250166,50.415310,37.921036000,128.185550000,37.921036000,128.185550000,37.921806000,128.185790000,37.921631387,128.185260281,37.921333000,128.186400000,37.921020608,128.186303690,37.920303000,128.185290000,37.920455026,128.185784364,37.920760000,128.184770000,37.921080450,128.184840239
133,133,825323862755,26.607,9.997711,37.918594000,128.183430000,1295.000000,10254.757468,7848.817790,-2405.939678,-23.461693,3.300254,52.905404,35.717094,45.970533,31.787132,41.595041,52.905404,37.921020000,128.185260000,37.921020000,128.185260000,37.921790000,128.185470000,37.921580290,128.184929362,37.921320000,128.186080000,37.921007407,128.185988309,37.920307000,128.185040000,37.920455451,128.185528497,37.920750000,128.184500000,37.921033129,128.184547022
134,134,825323862943,26.795,9.997711,37.918630000,128.183360000,1295.000000,10044.146043,7607.061973,-2437.084070,-24.263726,3.952389,52.751662,34.687964,44.571223,28.947915,40.239691,52.751662,37.920998000,128.184980000,37.920998000,128.184980000,37.921753000,128.185150000,37.921533643,128.184617523,37.921307000,128.185780000,37.921002398,128.185696712,37.920300000,128.184810000,37.920450804,128.185280179,37.920727000,128.184230000,37.920985121,128.184270006
135,135,825323863146,26.998,9.997711,37.918663000,128.183290000,1296.000000,9687.780284,7563.658489,-2124.121795,-21.925784,4.104539,52.111801,32.674108,42.897338,27.643718,38.831742,52.111801,37.920980000,128.184750000,37.920980000,128.184750000,37.921722000,128.184890000,37.921503170,128.184365403,37.921295000,128.185530000,37.921005837,128.185466153,37.920303000,128.184620000,37.920445162,128.185074038,37.920700000,128.184020000,37.920947694,128.184042478
136,136,825323863349,27.201,9.997711,37.918700000,128.183210000,1297.000000,9507.913769,7469.521466,-2038.392304,-21.438902,3.525715,52.621743,30.331522,44.163326,26.908378,38.506242,52.621743,37.920950000,128.184500000,37.920950000,128.184500000,37.921684000,128.184620000,37.921459146,128.184092902,37.921272000,128.185270000,37.921002794,128.185216679,37.920284000,128.184390000,37.920436175,128.184854443,37.920660000,128.183780000,37.920901288,128.183798359
137,137,825323863553,27.405,9.997711,37.918736000,128.183150000,1298.000000,9323.353565,7336.551440,-1986.802125,-21.309952,1.924696,52.339663,27.804695,46.363829,27.829880,38.584517,52.339663,37.920930000,128.184300000,37.920930000,128.184300000,37.921654000,128.184390000,37.921422185,128.183871459,37.921250000,128.185040000,37.921001180,128.185012350,37.920265000,128.184200000,37.920435534,128.184681683,37.920616000,128.183580000,37.920865365,128.183602575
138,138,825323863741,27.593,9.997711,37.918766000,128.183090000,1299.000000,9210.498099,7162.999440,-2047.498659,-22.230054,1.833430,54.486905,24.964779,47.466136,26.741274,38.414774,54.486905,37.920902000,128.184080000,37.920902000,128.184080000,37.921616000,128.184160000,37.921368789,128.183624484,37.921220000,128.184810000,37.920996497,128.184786621,37.920235000,128.184020000,37.920435082,128.184497318,37.920574000,128.183380000,37.920814147,128.183387543
139,139,825323863945,27.797,9.997711,37.918800000,128.183010000,1300.000000,9165.047780,6981.353014,-2183.694767,-23.826333,1.404425,54.250368,23.884101,50.216047,23.656143,38.001665,54.250368,37.920853000,128.183840000,37.920853000,128.183840000,37.921555000,128.183880000,37.921292371,128.183359605,37.921180000,128.184560000,37.920966272,128.184536146,37.920193000,128.183790000,37.920413136,128.184289123,37.920525000,128.183140000,37.920737228,128.183153781
140,140,825323864148,28.000,9.997711,37.918830000,128.182940000,1301.000000,9085.576995,6879.314372,-2206.262623,-24.283132,2.444096,55.497703,24.699469,50.377588,21.619701,38.048615,55.497703,37.920815000,128.183670000,37.920815000,128.183670000,37.921513000,128.183700000,37.921235816,128.183174704,37.921160000,128.184390000,37.920939460,128.184359142,37.920166000,128.183640000,37.920391292,128.184137534,37.920486000,128.182980000,37.920680103,128.182988273
141,141,825323864351,28.203,9.997711,37.918865000,128.182860000,1302.000000,8871.644913,6802.396086,-2069.248827,-23.324297,2.883160,56.249615,23.991000,51.514533,19.389680,37.786207,56.249615,37.920760000,128.183440000,37.920760000,128.183440000,37.921450000,128.183440000,37.921152910,128.182921867,37.921124000,128.184140000,37.920909083,128.184119666,37.920120000,128.183430000,37.920358469,128.183932734,37.920420000,128.182770000,37.920594177,128.182768551
142,142,825323864554,28.406,9.997711,37.918890000,128.182790000,1303.000000,8836.115434,6773.179330,-2062.936104,-23.346640,3.228912,58.877756,21.741593,52.533460,16.844560,37.499343,58.877756,37.920720000,128.183260000,37.920720000,128.183260000,37.921406000,128.183260000,37.921087149,128.182725062,37.921085000,128.183960000,37.920890928,128.183932186,37.920082000,128.183270000,37.920337823,128.183772698,37.920370000,128.182600000,37.920521317,128.182599638
143,143,825323864742,28.594,9.997711,37.918922000,128.182720000,1304.000000,8888.468966,6676.633679,-2211.835287,-24.884323,2.731904,60.124561,19.034486,53.827058,15.827545,37.203412,60.124561,37.920677000,128.183090000,37.920677000,128.183090000,37.921356000,128.183070000,37.921012145,128.182542012,37.921040000,128.183780000,37.920870197,128.183754503,37.920036000,128.183120000,37.920314922,128.183620697,37.920310000,128.182430000,37.920451834,128.182442589
144,144,825323864945,28.797,9.997711,37.918953000,128.182650000,1305.000000,8617.788670,6499.896287,-2117.892384,-24.575822,2.962316,63.799852,16.010624,56.679279,13.203827,37.423395,63.799852,37.920624000,128.182900000,37.920624000,128.182900000,37.921295000,128.182880000,37.920912384,128.182339091,37.920990000,128.183580000,37.920847798,128.183552683,37.919983000,128.182940000,37.920291108,128.183453846,37.920250000,128.182270000,37.920368601,128.182272040
145,145,825323865148,29.000,9.997711,37.918976000,128.182570000,1306.000000,8531.526317,6345.134981,-2186.391336,-25.627200,2.360666,65.276402,12.883284,60.464110,12.565518,37.797328,65.276402,37.920560000,128.182710000,37.920560000,128.182710000,37.921230000,128.182660000,37.920810856,128.182140158,37.920933000,128.183360000,37.920817610,128.183348717,37.919920000,128.182750000,37.920261433,128.183285488,37.920170000,128.182080000,37.920281279,128.182103996
146,146,825323865352,29.204,9.997711,37.919006000,128.182500000,1307.000000,8576.645471,6280.735572,-2295.909899,-26.769323,2.200757,65.609353,12.478451,61.027025,12.485659,37.900122,65.609353,37.920520000,128.182600000,37.920520000,128.182600000,37.921192000,128.182540000,37.920762213,128.182028758,37.920902000,128.183260000,37.920792096,128.183232038,37.919888000,128.182650000,37.920239641,128.183183148,37.920124000,128.181980000,37.920234405,128.182005059
147,147,825323865540,29.392,9.997711,37.919030000,128.182420000,1308.000000,8384.220025,6197.897065,-2186.322961,-26.076641,1.817880,65.803727,9.993227,63.790700,11.285700,37.718338,65.803727,37.920452000,128.182420000,37.920452000,128.182420000,37.921110000,128.182340000,37.920669777,128.181839910,37.920845000,128.183060000,37.920758122,128.183031343,37.919827000,128.182480000,37.920209594,128.183020794,37.920048000,128.181810000,37.920143587,128.181852825
148,148,825323865744,29.596,9.997711,37.919056000,128.182340000,1309.000000,7981.476233,6042.001739,-1939.474494,-24.299696,0.625429,68.050525,9.123944,66.714980,8.304733,38.048545,68.050525,37.920338000,128.182200000,37.920338000,128.182200000,37.920963000,128.182130000,37.920510231,128.181609343,37.920742000,128.182850000,37.920688468,128.182771323,37.919724000,128.182280000,37.920145181,128.182820468,37.919933000,128.181630000,37.919997521,128.181677475
149,149,825323865947,29.799,9.997711,37.919083000,128.182270000,1310.000000,7874.202820,5819.455321,-2054.747498,-26.094673,0.878779,68.319862,9.901612,68.719757,9.384165,39.081349,68.719757,37.920204000,128.182050000,37.920204000,128.182050000,37.920810000,128.181960000,37.920342882,128.181455387,37.920620000,128.182680000,37.920573800,128.182583649,37.919600000,128.182140000,37.920046691,128.182680127,37.919804000,128.181470000,37.919849182,128.181560216
150,150,825323866150,30.002,9.997711,37.919106000,128.182190000,1311.000000,7476.644090,5599.904179,-1876.739911,-25.101368,0.674884,71.810235,13.062599,73.049010,10.845916,42.191940,73.049010,37.920030000,128.181850000,37.920030000,128.181850000,37.920616000,128.181760000,37.920115516,128.181244075,37.920440000,128.182460000,37.920441361,128.182311261,37.919437000,128.181960000,37.919941788,128.182491503,37.919630000,128.181300000,37.919646823,128.181421652
151,151,825323866353,30.205,9.997711,37.919132000,128.182110000,1312.000000,7107.246331,5299.151183,-1808.095148,-25.440164,0.403405,80.998329,25.246952,84.180016,22.099730,53.131257,84.180016,37.919765000,128.181610000,37.919765000,128.181610000,37.920338000,128.181500000,37.919723287,128.181006503,37.920177000,128.182190000,37.920235766,128.181912323,37.919186000,128.181720000,37.919815412,128.182251321,37.919380000,128.181080000,37.919321026,128.181320297
152,152,825323866541,30.393,9.997711,37.919132000,128.182110000,1312.000000,7107.246331,5299.151183,-1808.095148,-25.440164,0.403405,80.998329,25.246952,84.180016,22.099730,53.131257,84.180016,37.919765000,128.181610000,37.919765000,128.181610000,37.920338000,128.181500000,37.919723287,128.181006503,37.920177000,128.182190000,37.920235766,128.181912323,37.919186000,128.181720000,37.919815412,128.182251321,37.919380000,128.181080000,37.919321026,128.181320297
153,153,825323866744,30.596,9.997711,37.919174000,128.181960000,1315.000000,7030.038644,5182.722913,-1847.315731,-26.277462,1.122847,23.326379,24.806108,25.790402,22.863889,24.196694,25.790402,37.919550000,128.181430000,37.919550000,128.181430000,37.919178000,128.180880000,37.919386337,128.180851525,37.920124000,128.181300000,37.920045151,128.181564200,37.919960000,128.181980000,37.919731602,128.182029253,37.918980000,128.181530000,37.919065396,128.181293213
154,154,825323866949,30.801,9.997711,37.919200000,128.181880000,1316.000000,7171.462490,5174.903212,-1996.559278,-27.840336,1.002420,10.569616,9.559145,9.160821,8.923093,9.553169,10.569616,37.919370000,128.181240000,37.919370000,128.181240000,37.918990000,128.180660000,37.919037488,128.180764224,37.919937000,128.181100000,37.919853540,128.181125612,37.919765000,128.181780000,37.919713405,128.181698732,37.918800000,128.181350000,37.918880098,128.181346099
155,155,825323867152,31.004,9.997711,37.919220000,128.181810000,1317.000000,7176.753803,5224.923587,-1951.830216,-27.196561,0.529542,20.981065,19.485995,19.346425,20.291855,20.026335,20.981065,37.919243000,128.181090000,37.919243000,128.181090000,37.918854000,128.180500000,37.918811812,128.180732855,37.919804000,128.180970000,37.919678394,128.180815453,37.919632000,128.181630000,37.919665704,128.181413880,37.918663000,128.181200000,37.918793390,128.181361472
156,156,825323867355,31.207,9.997711,37.919220000,128.181810000,1317.000000,7176.753803,5224.923587,-1951.830216,-27.196561,0.529542,20.981065,19.485995,19.346425,20.291855,20.026335,20.981065,37.919243000,128.181090000,37.919243000,128.181090000,37.918854000,128.180500000,37.918811812,128.180732855,37.919804000,128.180970000,37.919678394,128.180815453,37.919632000,128.181630000,37.919665704,128.181413880,37.918663000,128.181200000,37.918793390,128.181361472
157,157,825323867543,31.395,9.997711,37.919270000,128.181660000,1320.000000,7266.370014,5536.785119,-1729.584896,-23.802599,0.873635,24.102604,82.703644,19.988759,80.894772,51.922445,82.703644,37.919030000,128.180790000,37.919030000,128.180790000,37.918427000,128.180900000,37.918510997,128.180647033,37.918625000,128.180200000,37.919362468,128.180314090,37.919590000,128.180710000,37.919517234,128.180918089,37.919410000,128.181350000,37.918686955,128.181257852
158,158,825323867745,31.597,9.997711,37.919290000,128.181580000,1321.000000,7325.230036,5655.216655,-1670.013381,-22.798102,0.316030,17.366265,77.048985,15.517473,76.699235,46.657989,77.048985,37.918934000,128.180650000,37.918934000,128.180650000,37.918330000,128.180760000,37.918403722,128.180585721,37.918533000,128.180070000,37.919224024,128.180119871,37.919506000,128.180560000,37.919434877,128.180711970,37.919323000,128.181210000,37.918634731,128.181169744
159,159,825323867953,31.805,9.997711,37.919315000,128.181500000,1322.000000,7408.430466,5734.910135,-1673.520331,-22.589405,1.237621,13.596412,72.823434,11.895537,73.361816,42.919300,73.361816,37.918854000,128.180510000,37.918854000,128.180510000,37.918250000,128.180630000,37.918321845,128.180504793,37.918457000,128.179950000,37.919111170,128.179944533,37.919434000,128.180420000,37.919362800,128.180521008,37.919247000,128.181090000,37.918588311,128.181063508
160,160,825323868152,32.004,9.997711,37.919340000,128.181430000,1323.000000,7421.243788,5763.430478,-1657.813310,-22.338753,1.960535,11.044733,69.150783,10.218129,71.636936,40.512645,71.636936,37.918785000,128.180390000,37.918785000,128.180390000,37.918194000,128.180530000,37.918256707,128.180432535,37.918396000,128.179840000,37.919016517,128.179803292,37.919376000,128.180300000,37.919298117,128.180361579,37.919190000,128.180970000,37.918546477,128.180967547
161,161,825323868355,32.207,9.997711,37.919360000,128.181350000,1324.000000,7427.409142,5752.563848,-1674.845293,-22.549522,2.146942,9.057762,65.906749,9.232145,69.158661,38.338829,69.158661,37.918720000,128.180270000,37.918720000,128.180270000,37.918137000,128.180420000,37.918198349,128.180352246,37.918340000,128.179720000,37.918930736,128.179670019,37.919315000,128.180180000,37.919234901,128.180207250,37.919125000,128.180850000,37.918503852,128.180865124
162,162,825323868544,32.396,9.997711,37.919388000,128.181270000,1326.000000,7292.018662,5736.148852,-1555.869811,-21.336613,2.638329,7.438480,63.313780,9.492569,66.786934,36.757941,66.786934,37.918667000,128.180160000,37.918667000,128.180160000,37.918090000,128.180310000,37.918151100,128.180275707,37.918293000,128.179630000,37.918858120,128.179548594,37.919266000,128.180070000,37.919180921,128.180062716,37.919070000,128.180740000,37.918470459,128.180768321
163,163,825323868747,32.599,9.997711,37.919410000,128.181200000,1327.000000,7251.258205,5681.451042,-1569.807162,-21.648756,3.031006,6.487532,61.124036,10.654170,65.446904,35.928161,65.446904,37.918617000,128.180050000,37.918617000,128.180050000,37.918050000,128.180200000,37.918107553,128.180188381,37.918250000,128.179520000,37.918794740,128.179432593,37.919220000,128.179960000,37.919127895,128.179927023,37.919020000,128.180630000,37.918432711,128.180664493
164,164,825323868951,32.803,9.997711,37.919437000,128.181100000,1328.000000,7296.720704,5601.008839,-1695.711865,-23.239369,3.629561,7.651649,58.674488,12.013021,63.453811,35.448242,63.453811,37.918570000,128.179930000,37.918570000,128.179930000,37.918000000,128.180080000,37.918067925,128.180093344,37.918210000,128.179410000,37.918730786,128.179307041,37.919170000,128.179840000,37.919074529,128.179776228,37.918970000,128.180530000,37.918400193,128.180549554
165,165,825323869154,33.006,9.997711,37.919460000,128.181050000,1329.000000,7348.145857,5568.633164,-1779.512693,-24.217166,2.594237,8.547868,56.387832,11.873123,61.866935,34.668939,61.866935,37.918530000,128.179840000,37.918530000,128.179840000,37.917960000,128.179980000,37.918031360,128.180015943,37.918180000,128.179300000,37.918681872,128.179213023,37.919130000,128.179720000,37.919030844,128.179670190,37.918922000,128.180420000,37.918367215,128.180461719
166,166,825323869341,33.193,9.997711,37.919483000,128.180970000,1330.000000,7177.071188,5572.065157,-1605.006031,-22.362967,2.784117,9.025077,55.101174,11.964672,59.915766,34.001672,59.915766,37.918495000,128.179730000,37.918495000,128.179730000,37.917923000,128.179870000,37.917995917,128.179914925,37.918150000,128.179210000,37.918637038,128.179098040,37.919086000,128.179610000,37.918991479,128.179545142,37.918877000,128.180310000,37.918339861,128.180353463
167,167,825323869544,33.396,9.997711,37.919514000,128.180900000,1331.000000,7076.579027,5610.458668,-1466.120359,-20.717925,3.108901,9.376877,53.891045,13.101903,58.257135,33.656740,58.257135,37.918453000,128.179610000,37.918453000,128.179610000,37.917880000,128.179750000,37.917952805,128.179803703,37.918114000,128.179100000,37.918587946,128.178974903,37.919044000,128.179500000,37.918947578,128.179414445,37.918830000,128.180190000,37.918308055,128.180238270
168,168,825323869748,33.600,9.997711,37.919537000,128.180820000,1332.000000,7261.591207,5670.286703,-1591.304504,-21.913992,1.042954,11.704975,54.658600,12.436611,55.778828,33.644754,55.778828,37.918420000,128.179500000,37.918420000,128.179500000,37.917830000,128.179630000,37.917918716,128.179701543,37.918064000,128.178960000,37.918548995,128.178862902,37.919006000,128.179380000,37.918914508,128.179298728,37.918785000,128.180070000,37.918286484,128.180134048
169,169,825323869953,33.805,9.997711,37.919567000,128.180740000,1334.000000,7530.089512,5806.599394,-1723.490119,-22.888043,1.128055,14.375840,55.584598,12.209216,53.388171,33.889456,55.584598,37.918390000,128.179380000,37.918390000,128.179380000,37.917778000,128.179490000,37.917882997,128.179585305,37.918015000,128.178800000,37.918511671,128.178734831,37.918972000,128.179260000,37.918885539,128.179174462,37.918743000,128.179950000,37.918266613,128.180020185
170,170,825323870155,34.007,9.997711,37.919594000,128.180660000,1335.000000,7559.518082,5916.802174,-1642.715908,-21.730432,2.540310,17.949037,55.839295,13.217478,52.091941,34.774438,55.839295,37.918360000,128.179280000,37.918360000,128.179280000,37.917732000,128.179350000,37.917848412,128.179491417,37.917970000,128.178670000,37.918470408,128.178625957,37.918940000,128.179170000,37.918854134,128.179066049,37.918710000,128.179840000,37.918246782,128.179924139
171,171,825323870343,34.195,9.997711,37.919594000,128.180660000,1335.000000,7559.518082,5916.802174,-1642.715908,-21.730432,2.540310,17.949037,55.839295,13.217478,52.091941,34.774438,55.839295,37.918360000,128.179280000,37.918360000,128.179280000,37.917732000,128.179350000,37.917848412,128.179491417,37.917970000,128.178670000,37.918470408,128.178625957,37.918940000,128.179170000,37.918854134,128.179066049,37.918710000,128.179840000,37.918246782,128.179924139
172,172,825323870547,34.399,9.997711,37.919594000,128.180660000,1335.000000,7756.210930,6008.320617,-1747.890312,-22.535363,2.861578,16.786127,58.284484,12.795568,52.143980,35.002540,58.284484,37.918346000,128.179210000,37.918346000,128.179210000,37.917706000,128.179290000,37.917826109,128.179405569,37.917940000,128.178590000,37.918462707,128.178551732,37.918926000,128.179110000,37.918843613,128.179008396,37.918690000,128.179780000,37.918225092,128.179852545
173,173,825323870750,34.602,9.997711,37.919594000,128.180660000,1335.000000,7756.210930,6008.320617,-1747.890312,-22.535363,2.861578,16.786127,58.284484,12.795568,52.143980,35.002540,58.284484,37.918346000,128.179210000,37.918346000,128.179210000,37.917706000,128.179290000,37.917826109,128.179405569,37.917940000,128.178590000,37.918462707,128.178551732,37.918926000,128.179110000,37.918843613,128.179008396,37.918690000,128.179780000,37.918225092,128.179852545
174,174,825323870953,34.805,9.997711,37.919710000,128.180370000,1339.000000,8516.833636,6532.903929,-1983.929707,-23.294217,7.254259,22.716867,61.605515,14.092588,47.126071,36.385260,61.605515,37.918280000,128.178880000,37.918280000,128.178880000,37.917600000,128.178900000,37.917736235,128.179092594,37.917793000,128.178120000,37.918344910,128.178171652,37.918850000,128.178770000,37.918771411,128.178644191,37.918600000,128.179430000,37.918184420,128.179532283
175,175,825323871140,34.992,9.997711,37.919740000,128.180300000,1340.000000,8758.742798,6758.562072,-2000.180726,-22.836391,7.627130,24.017407,62.115370,15.462594,46.823860,37.104808,62.115370,37.918247000,128.178740000,37.918247000,128.178740000,37.917557000,128.178740000,37.917694812,128.178950426,37.917755000,128.177950000,37.918310124,128.178021616,37.918830000,128.178650000,37.918746092,128.178509682,37.918570000,128.179300000,37.918156999,128.179401061
176,176,825323871344,35.196,9.997711,37.919740000,128.180300000,1340.000000,8758.742798,6758.562072,-2000.180726,-22.836391,7.627130,24.017407,62.115370,15.462594,46.823860,37.104808,62.115370,37.918247000,128.178740000,37.918247000,128.178740000,37.917557000,128.178740000,37.917694812,128.178950426,37.917755000,128.177950000,37.918310124,128.178021616,37.918830000,128.178650000,37.918746092,128.178509682,37.918570000,128.179300000,37.918156999,128.179401061
177,177,825323871548,35.400,9.997711,37.919740000,128.180300000,1340.000000,8758.742798,6758.562072,-2000.180726,-22.836391,7.627130,24.017407,62.115370,15.462594,46.823860,37.104808,62.115370,37.918247000,128.178740000,37.918247000,128.178740000,37.917557000,128.178740000,37.917694812,128.178950426,37.917755000,128.177950000,37.918310124,128.178021616,37.918830000,128.178650000,37.918746092,128.178509682,37.918570000,128.179300000,37.918156999,128.179401061
178,178,825323871751,35.603,9.997711,37.919834000,128.180080000,1343.000000,9654.719343,7272.967329,-2381.752014,-24.669303,5.565773,30.478776,59.346094,23.557171,47.339930,40.180493,59.346094,37.918150000,128.178360000,37.918150000,128.178360000,37.917404000,128.178330000,37.917588795,128.178586090,37.917686000,128.177580000,37.918217312,128.177635538,37.918793000,128.178360000,37.918673817,128.178138342,37.918518000,128.179020000,37.918093788,128.179057851
179,179,825323871955,35.807,9.997711,37.919870000,128.180010000,1344.000000,10086.335367,7547.833323,-2538.502043,-25.167734,4.708713,32.378311,59.966264,25.683732,51.338428,42.341684,59.966264,37.918090000,128.178120000,37.918090000,128.178120000,37.917328000,128.178050000,37.917513929,128.178333529,37.917645000,128.177320000,37.918179776,128.177402123,37.918766000,128.178160000,37.918633371,128.177920689,37.918495000,128.178820000,37.918033977,128.178835297
180,180,825323872142,35.994,9.997711,37.919903000,128.179930000,1345.000000,10274.718882,7621.615314,-2653.103567,-25.821666,2.420452,29.700256,58.659502,27.218273,53.457146,42.258794,58.659502,37.918083000,128.177980000,37.918083000,128.177980000,37.917330000,128.177930000,37.917500366,128.178190272,37.917660000,128.177200000,37.918184033,128.177270155,37.918770000,128.178050000,37.918635981,128.177790769,37.918503000,128.178730000,37.918023381,128.178699722
181,181,825323872345,36.197,9.997711,37.919937000,128.179870000,1346.000000,9860.691717,7507.248181,-2353.443536,-23.866921,2.833227,27.963196,58.160756,25.795432,52.053325,40.993177,58.160756,37.918200000,128.177930000,37.918200000,128.177930000,37.917465000,128.177870000,37.917616412,128.178124074,37.917800000,128.177150000,37.918318026,128.177236167,37.918884000,128.178010000,37.918757487,128.177763906,37.918594000,128.178650000,37.918126433,128.178642620
182,182,825323872548,36.400,9.997711,37.919975000,128.179800000,1347.000000,9404.228281,7244.188775,-2160.039505,-22.968812,3.490901,26.957683,58.439152,24.268768,49.906949,39.893138,58.439152,37.918396000,128.177920000,37.918396000,128.177920000,37.917675000,128.177840000,37.917815785,128.178089765,37.918015000,128.177150000,37.918534267,128.177247801,37.919064000,128.178020000,37.918952274,128.177782697,37.918747000,128.178630000,37.918298825,128.178615474
183,183,825323872752,36.604,8.574960,37.920010000,128.179730000,1348.000000,6561.265429,4998.015517,-1563.249912,-23.825433,0.581720,9.410637,61.165301,10.396821,58.665227,34.909497,61.165301,37.918743000,128.177600000,37.918743000,128.177600000,37.918150000,128.177580000,37.918229161,128.177617607,37.918400000,128.176990000,37.918943532,128.177092007,37.919304000,128.177660000,37.919226006,128.177594871,37.919075000,128.178200000,37.918551182,128.178126713
184,184,825323872941,36.793,5.526207,37.920050000,128.179660000,1349.000000,2570.060298,1855.503254,-714.557044,-27.803124,1.945022,11.792472,50.557150,15.766233,49.313466,31.857330,50.557150,37.919140000,128.176880000,37.919140000,128.176880000,37.918777000,128.176910000,37.918828035,128.176792327,37.918888000,128.176540000,37.919335333,128.176639463,37.919470000,128.176800000,37.919442552,128.176976130,37.919384000,128.177220000,37.918945461,128.177140591
185,185,825323873144,36.996,1.947356,37.920090000,128.179600000,1350.000000,299.530365,234.269698,-65.260667,-21.787663,0.682444,4.473809,3.753524,2.850312,4.627270,3.926229,4.627270,37.919247000,128.176220000,37.919247000,128.176220000,37.919144000,128.176120000,37.919139166,128.176170575,37.919353000,128.176160000,37.919322119,128.176142838,37.919346000,128.176300000,37.919353048,128.176268797,37.919136000,128.176270000,37.919171363,128.176297694
186,186,825323873347,37.199,0.609750,37.920124000,128.179530000,1351.000000,39.787523,26.473749,-13.313774,-33.462184,0.179412,1.896505,1.166641,1.237530,0.826492,1.281792,1.896505,37.919180000,128.176000000,37.919180000,128.176000000,37.919144000,128.175960000,37.919144791,128.175981573,37.919212000,128.175980000,37.919202991,128.175973213,37.919220000,128.176030000,37.919214763,128.176017570,37.919150000,128.176030000,37.919157030,128.176026974
187,187,825323873551,37.403,0.609750,37.920166000,128.179460000,1352.000000,48.145969,35.245114,-12.900855,-26.795297,0.648176,0.770602,1.726401,0.637869,0.501039,0.908978,1.726401,37.918976000,128.175720000,37.918976000,128.175720000,37.918930000,128.175690000,37.918935867,128.175694658,37.919003000,128.175670000,37.918997878,128.175688556,37.919020000,128.175740000,37.919015479,128.175744462,37.918950000,128.175750000,37.918954260,128.175751842
188,188,825323873754,37.606,0.609750,37.920204000,128.179400000,1354.000000,58.459698,35.589188,-22.870510,-39.121841,1.129938,1.164505,0.371846,1.550864,2.735496,1.455678,2.735496,37.918690000,128.175670000,37.918690000,128.175670000,37.918640000,128.175660000,37.918649951,128.175655912,37.918705000,128.175630000,37.918708292,128.175630716,37.918736000,128.175700000,37.918729809,128.175684180,37.918670000,128.175740000,37.918671649,128.175708921
189,189,825323873942,37.794,0.609750,37.920250000,128.179320000,1355.000000,53.963017,35.544737,-18.418280,-34.131302,0.074785,0.822029,1.989950,0.843206,1.827699,1.370721,1.989950,37.918392000,128.175890000,37.918392000,128.175890000,37.918346000,128.175890000,37.918350752,128.175882836,37.918396000,128.175830000,37.918406631,128.175848218,37.918438000,128.175890000,37.918432950,128.175897156,37.918385000,128.175950000,37.918377350,128.175931585
190,190,825323874145,37.997,0.609750,37.920288000,128.179260000,1356.000000,43.014215,34.294402,-8.719813,-20.271933,0.171824,1.674280,0.832298,1.695488,1.284938,1.371751,1.695488,37.918022000,128.176300000,37.918022000,128.176300000,37.917976000,128.176320000,37.917979454,128.176301445,37.918030000,128.176250000,37.918033572,128.176258326,37.918068000,128.176280000,37.918064325,128.176298736,37.918020000,128.176350000,37.918010477,128.176341731
191,191,825323874348,38.200,0.609750,37.920326000,128.179200000,1357.000000,46.631576,33.403706,-13.227870,-28.366766,1.314456,2.212606,1.099480,0.493745,2.344443,1.537568,2.344443,37.917618000,128.176860000,37.917618000,128.176860000,37.917576000,128.176900000,37.917578120,128.176874949,37.917614000,128.176820000,37.917623111,128.176815165,37.917660000,128.176850000,37.917657691,128.176845199,37.917620000,128.176930000,37.917612913,128.176904861
192,192,825323874552,38.404,0.609750,37.920370000,128.179140000,1358.000000,51.617463,34.442431,-17.175032,-33.273685,1.125283,0.623258,2.369016,2.075191,1.061852,1.532330,2.369016,37.917446000,128.177570000,37.917446000,128.177570000,37.917408000,128.177600000,37.917412896,128.177596558,37.917427000,128.177500000,37.917439248,128.177522060,37.917480000,128.177520000,37.917479076,128.177543601,37.917460000,128.177610000,37.917452694,128.177617773
193,193,825323874740,38.592,0.609750,37.920406000,128.179080000,1359.000000,58.020809,35.252512,-22.768297,-39.241606,0.568632,0.807191,2.346534,1.115960,1.255697,1.381345,2.346534,37.917390000,128.177540000,37.917390000,128.177540000,37.917350000,128.177570000,37.917356968,128.177567457,37.917370000,128.177470000,37.917382257,128.177491738,37.917423000,128.177500000,37.917423011,128.177512707,37.917404000,128.177600000,37.917397731,128.177588113
194,194,825323874944,38.796,0.609750,37.920450000,128.179020000,1360.000000,52.595096,35.281179,-17.313917,-32.919261,1.098947,0.630279,2.011786,1.999842,1.075010,1.429229,2.011786,37.917404000,128.177570000,37.917404000,128.177570000,37.917366000,128.177600000,37.917371538,128.177598508,37.917390000,128.177500000,37.917395288,128.177521905,37.917442000,128.177520000,37.917436448,128.177541657,37.917420000,128.177610000,37.917412633,128.177617914
195,195,825323875147,38.999,0.609750,37.920490000,128.178940000,1362.000000,51.715255,35.588039,-16.127216,-31.184640,1.100330,0.665705,2.016511,2.016049,0.691728,1.347498,2.016511,37.917400000,128.177570000,37.917400000,128.177570000,37.917362000,128.177600000,37.917367970,128.177599557,37.917385000,128.177500000,37.917390305,128.177521955,37.917440000,128.177520000,37.917432022,128.177540609,37.917410000,128.177610000,37.917409605,128.177617861
196,196,825323875350,39.202,0.609750,37.920530000,128.178880000,1363.000000,54.843599,36.067137,-18.776462,-34.236379,0.191968,1.126949,1.159237,0.681917,1.074926,1.010757,1.159237,37.917385000,128.177550000,37.917385000,128.177550000,37.917343000,128.177580000,37.917353122,128.177580245,37.917370000,128.177490000,37.917374558,128.177501869,37.917423000,128.177520000,37.917416875,128.177519925,37.917397000,128.177610000,37.917395344,128.177597941
197,197,825323875553,39.405,0.609750,37.920570000,128.178800000,1364.000000,45.849606,35.653493,-10.196113,-22.238170,0.446743,0.990635,0.700298,0.989245,1.110064,0.947560,1.110064,37.917440000,128.177580000,37.917440000,128.177580000,37.917400000,128.177610000,37.917408853,128.177611147,37.917427000,128.177540000,37.917428889,128.177532394,37.917480000,128.177550000,37.917471147,128.177549021,37.917450000,128.177640000,37.917451009,128.177627425
198,198,825323875741,39.593,0.609750,37.920610000,128.178740000,1365.000000,53.670474,36.566285,-17.104189,-31.868899,0.080422,1.227712,1.070851,0.785426,1.080551,1.041135,1.227712,37.917385000,128.177550000,37.917385000,128.177550000,37.917343000,128.177580000,37.917353920,128.177581955,37.917374000,128.177490000,37.917372872,128.177502110,37.917423000,128.177520000,37.917416086,128.177518217,37.917397000,128.177610000,37.917397012,128.177597696
199,199,825323875945,39.797,0.609750,37.920650000,128.178670000,1366.000000,50.444284,35.356623,-15.087661,-29.909556,1.113929,2.033666,0.626206,1.055326,2.193743,1.477235,2.193743,37.917526000,128.177760000,37.917526000,128.177760000,37.917484000,128.177810000,37.917497119,128.177793884,37.917515000,128.177720000,37.917512324,128.177713728,37.917564000,128.177730000,37.917554980,128.177726303,37.917534000,128.177830000,37.917540132,128.177806260
200,200,825323876148,40.000,0.609750,37.920685000,128.178600000,1367.000000,50.102159,35.578293,-14.523865,-28.988502,0.660989,1.655403,0.903527,1.540579,2.243417,1.585732,2.243417,37.917473000,128.177730000,37.917473000,128.177730000,37.917430000,128.177760000,37.917444400,128.177764706,37.917465000,128.177690000,37.917458610,128.177683657,37.917515000,128.177700000,37.917501633,128.177695458,37.917480000,128.177800000,37.917487260,128.177776169
201,201,825323876352,40.204,0.609750,37.920723000,128.178540000,1368.000000,52.252852,35.896909,-16.355943,-31.301532,0.932917,2.154791,0.780864,1.390046,2.375986,1.675422,2.375986,37.917520000,128.177760000,37.917520000,128.177760000,37.917473000,128.177800000,37.917492016,128.177795415,37.917510000,128.177720000,37.917504775,128.177714068,37.917560000,128.177730000,37.917548207,128.177724796,37.917526000,128.177830000,37.917535698,128.177805899
202,202,825323876555,40.407,0.609750,37.920760000,128.178470000,1369.000000,51.715204,36.137105,-15.578099,-30.122860,0.672804,2.094639,1.024070,1.660197,2.337007,1.778978,2.337007,37.917473000,128.177730000,37.917473000,128.177730000,37.917427000,128.177760000,37.917445181,128.177766148,37.917465000,128.177690000,37.917457104,128.177684016,37.917515000,128.177700000,37.917500853,128.177694015,37.917480000,128.177800000,37.917488749,128.177775809
203,203,825323876742,40.594,0.609750,37.920795000,128.178400000,1370.000000,54.403612,36.406193,-17.997419,-33.081294,0.658938,2.158273,1.089353,2.257917,2.391438,1.974245,2.391438,37.917473000,128.177730000,37.917473000,128.177730000,37.917427000,128.177760000,37.917445613,128.177766878,37.917465000,128.177690000,37.917456333,128.177684241,37.917520000,128.177700000,37.917500421,128.177693284,37.917480000,128.177800000,37.917489512,128.177775584
204,204,825323876945,40.797,0.609750,37.920830000,128.178330000,1370.000000,45.067433,36.121496,-8.945937,-19.850113,0.448846,1.987091,1.719671,2.413484,2.249235,2.092370,2.413484,37.917587000,128.177870000,37.917587000,128.177870000,37.917545000,128.177900000,37.917561647,128.177908167,37.917583000,128.177830000,37.917567961,128.177825524,37.917633000,128.177840000,37.917612267,128.177831962,37.917590000,128.177930000,37.917605964,128.177914300
205,205,825323877149,41.001,0.609750,37.920868000,128.178250000,1371.000000,46.533834,36.400844,-10.132990,-21.775532,0.452880,2.381531,1.480667,2.177086,2.170097,2.052345,2.381531,37.917590000,128.177870000,37.917590000,128.177870000,37.917545000,128.177900000,37.917565202,128.177908925,37.917583000,128.177830000,37.917570102,128.177825880,37.917633000,128.177840000,37.917614715,128.177831206,37.917595000,128.177930000,37.917609818,128.177913943
206,206,825323877351,41.203,0.609750,37.920900000,128.178190000,1372.000000,46.533834,36.683265,-9.850568,-21.168615,0.452845,2.440189,1.547685,2.236447,2.240435,2.116189,2.440189,37.917590000,128.177870000,37.917590000,128.177870000,37.917545000,128.177900000,37.917565596,128.177909512,37.917583000,128.177830000,37.917569437,128.177826126,37.917633000,128.177840000,37.917614322,128.177830621,37.917595000,128.177930000,37.917610480,128.177913696
207,207,825323877540,41.392,0.609750,37.920900000,128.178190000,1372.000000,46.533834,36.683265,-9.850568,-21.168615,0.452845,2.440189,1.547685,2.236447,2.240435,2.116189,2.440189,37.917590000,128.177870000,37.917590000,128.177870000,37.917545000,128.177900000,37.917565596,128.177909512,37.917583000,128.177830000,37.917569437,128.177826126,37.917633000,128.177840000,37.917614322,128.177830621,37.917595000,128.177930000,37.917610480,128.177913696
208,208,825323877743,41.595,0.609750,37.920930000,128.178120000,1372.000000,46.533834,36.884880,-9.648953,-20.735351,0.452805,2.510369,1.619528,2.307180,2.322709,2.189946,2.510369,37.917590000,128.177870000,37.917590000,128.177870000,37.917545000,128.177900000,37.917566095,128.177910106,37.917583000,128.177830000,37.917568717,128.177826496,37.917633000,128.177840000,37.917613825,128.177830029,37.917595000,128.177930000,37.917611196,128.177913325
209,209,825323877947,41.799,0.609750,37.920963000,128.178040000,1373.000000,54.256876,37.049822,-17.207054,-31.714053,0.050965,2.408611,2.179159,2.309759,2.264034,2.290391,2.408611,37.917603000,128.177890000,37.917603000,128.177890000,37.917560000,128.177920000,37.917579857,128.177930894,37.917595000,128.177830000,37.917580788,128.177847064,37.917645000,128.177860000,37.917626066,128.177849242,37.917610000,128.177950000,37.917625120,128.177932758
210,210,825323878150,42.002,0.609750,37.921020000,128.177890000,1374.000000,54.012437,37.008673,-17.003764,-31.481202,0.477848,1.920899,2.197995,2.449062,1.780306,2.087066,2.449062,37.917656000,128.178010000,37.917656000,128.178010000,37.917618000,128.178050000,37.917635128,128.178052660,37.917650000,128.177960000,37.917631556,128.177968935,37.917698000,128.177960000,37.917676805,128.177967477,37.917675000,128.178070000,37.917680341,128.178050891
211,211,825323878353,42.205,0.609750,37.921020000,128.177890000,1374.000000,54.012437,37.008673,-17.003764,-31.481202,0.477848,1.920899,2.197995,2.449062,1.780306,2.087066,2.449062,37.917656000,128.178010000,37.917656000,128.178010000,37.917618000,128.178050000,37.917635128,128.178052660,37.917650000,128.177960000,37.917631556,128.177968935,37.917698000,128.177960000,37.917676805,128.177967477,37.917675000,128.178070000,37.917680341,128.178050891
212,212,825323878540,42.392,0.609750,37.921043000,128.177810000,1374.000000,54.598987,37.020661,-17.578326,-32.195333,0.131095,2.000833,2.123486,2.235305,1.341005,1.925157,2.235305,37.917670000,128.178020000,37.917670000,128.178020000,37.917633000,128.178070000,37.917650155,128.178063203,37.917656000,128.177960000,37.917644802,128.177979576,37.917710000,128.177980000,37.917690068,128.177976914,37.917686000,128.178070000,37.917695264,128.178060239
213,213,825323878744,42.596,0.609750,37.921066000,128.177730000,1375.000000,56.358668,37.271151,-19.087516,-33.867934,0.242301,2.051621,2.205826,2.306330,1.118699,1.920619,2.306330,37.917670000,128.178020000,37.917670000,128.178020000,37.917633000,128.178070000,37.917650764,128.178063775,37.917656000,128.177960000,37.917644069,128.177980054,37.917710000,128.177980000,37.917689485,128.177976334,37.917690000,128.178070000,37.917695976,128.178059759
214,214,825323878948,42.800,0.609750,37.921090000,128.177660000,1375.000000,56.358668,37.472741,-18.885926,-33.510243,0.242264,2.097979,2.279995,2.367746,1.191508,1.984307,2.367746,37.917670000,128.178020000,37.917670000,128.178020000,37.917633000,128.178070000,37.917651289,128.178064230,37.917656000,128.177960000,37.917643439,128.177980506,37.917710000,128.177980000,37.917688981,128.177975871,37.917690000,128.178070000,37.917696587,128.178059306
215,215,825323879151,43.003,0.609750,37.921124000,128.177490000,1376.000000,55.967628,37.857418,-18.110210,-32.358366,0.019859,2.224078,2.203793,2.088694,1.367370,1.970984,2.224078,37.917670000,128.178020000,37.917670000,128.178020000,37.917633000,128.178070000,37.917652628,128.178065270,37.917652000,128.177960000,37.917642003,128.177981660,37.917706000,128.177980000,37.917687689,128.177974811,37.917690000,128.178070000,37.917697972,128.178058154
216,216,825323879355,43.207,0.609750,37.921140000,128.177410000,1376.000000,50.150914,38.279943,-11.870971,-23.670498,0.521972,2.145475,1.761369,2.343784,0.538355,1.697246,2.343784,37.917656000,128.178010000,37.917656000,128.178010000,37.917620000,128.178050000,37.917638726,128.178055781,37.917640000,128.177960000,37.917627378,128.177972094,37.917694000,128.177960000,37.917673228,128.177964362,37.917680000,128.178050000,37.917684494,128.178047736
217,217,825323879542,43.394,0.609750,37.921150000,128.177340000,1376.000000,49.710986,38.168036,-11.542950,-23.220119,0.682995,1.574764,1.380301,2.554612,1.159443,1.667280,2.554612,37.917667000,128.178020000,37.917667000,128.178020000,37.917637000,128.178070000,37.917650806,128.178066087,37.917650000,128.177980000,37.917637791,128.177982742,37.917706000,128.177980000,37.917683550,128.177973973,37.917694000,128.178070000,37.917696136,128.178057078
218,218,825323879745,43.597,0.609750,37.921160000,128.177250000,1377.000000,50.590835,38.619452,-11.971382,-23.663144,0.608116,1.770160,1.680073,2.469665,0.428743,1.587160,2.469665,37.917656000,128.178010000,37.917656000,128.178010000,37.917625000,128.178050000,37.917640008,128.178056661,37.917637000,128.177960000,37.917626119,128.177973257,37.917694000,128.177960000,37.917671985,128.177963475,37.917683000,128.178050000,37.917685746,128.178046576
219,219,825323879949,43.801,0.609750,37.921170000,128.177150000,1377.000000,49.271066,38.527773,-10.743294,-21.804468,0.491719,1.727131,1.031762,2.090240,1.318497,1.541907,2.090240,37.917667000,128.178020000,37.917667000,128.178020000,37.917637000,128.178070000,37.917652340,128.178067053,37.917645000,128.177980000,37.917636334,128.177984166,37.917700000,128.177980000,37.917682059,128.177972977,37.917694000,128.178070000,37.917697530,128.178055669
220,220,825323880152,44.004,0.609750,37.921177000,128.177080000,1377.000000,49.710986,38.652513,-11.058473,-22.245532,0.603028,1.454894,1.102829,2.157184,1.306658,1.505391,2.157184,37.917667000,128.178020000,37.917667000,128.178020000,37.917640000,128.178070000,37.917652904,128.178067370,37.917645000,128.177980000,37.917635818,128.177984716,37.917700000,128.177980000,37.917681510,128.177972648,37.917698000,128.178070000,37.917698038,128.178055121
221,221,825323880355,44.207,0.609750,37.921180000,128.176990000,1378.000000,54.892277,39.101492,-15.790786,-28.766862,0.420197,1.717212,1.661428,2.243172,0.511880,1.533423,2.243172,37.917656000,128.178010000,37.917656000,128.178010000,37.917630000,128.178070000,37.917642124,128.178057910,37.917633000,128.177960000,37.917624196,128.177975276,37.917690000,128.177960000,37.917669925,128.177962210,37.917686000,128.178050000,37.917687657,128.178044563
222,222,825323880544,44.396,0.609750,37.921180000,128.176900000,1378.000000,51.910588,38.947054,-12.963534,-24.972813,0.518720,1.611869,0.814171,2.123692,1.436177,1.496477,2.123692,37.917667000,128.178020000,37.917667000,128.178020000,37.917640000,128.178070000,37.917654406,128.178068148,37.917640000,128.177980000,37.917634543,128.177986172,37.917698000,128.177980000,37.917680042,128.177971836,37.917700000,128.178070000,37.917699306,128.178053670
223,223,825323880747,44.599,0.609750,37.921180000,128.176820000,1378.000000,55.576598,39.313012,-16.263586,-29.263370,0.419543,1.544397,1.659722,1.949748,0.617520,1.442847,1.949748,37.917656000,128.178010000,37.917656000,128.178010000,37.917633000,128.178070000,37.917643553,128.178058584,37.917630000,128.177960000,37.917623036,128.177976711,37.917686000,128.177960000,37.917668526,128.177961522,37.917690000,128.178050000,37.917688809,128.178043132
224,224,825323880950,44.802,0.609750,37.921177000,128.176740000,1378.000000,64.130594,39.140454,-24.990140,-38.967579,0.455153,2.219142,0.665386,1.966524,1.555410,1.601615,2.219142,37.917667000,128.178020000,37.917667000,128.178020000,37.917645000,128.178090000,37.917655758,128.178068726,37.917633000,128.177980000,37.917633479,128.177987552,37.917694000,128.177960000,37.917678716,128.177971228,37.917700000,128.178070000,37.917700363,128.178052295
225,225,825323881154,45.006,2.702678,37.921170000,128.176670000,1379.000000,816.485150,694.603139,-121.882011,-14.927646,1.145898,3.712480,2.292243,2.855256,2.524711,2.846173,3.712480,37.918280000,128.176740000,37.918280000,128.176740000,37.918144000,128.176960000,37.918158195,128.176921746,37.918217000,128.176560000,37.918196929,128.176565831,37.918420000,128.176540000,37.918403503,128.176564896,37.918365000,128.176940000,37.918356120,128.176913546
226,226,825323881341,45.193,6.111238,37.921158000,128.176570000,1379.000000,3836.521000,2979.482175,-857.038825,-22.338958,1.602175,23.128329,20.845481,23.302287,26.079856,23.338989,26.079856,37.919052000,128.175050000,37.919052000,128.175050000,37.918823000,128.175450000,37.918702552,128.175235406,37.918846000,128.174590000,37.919032866,128.174605348,37.919273000,128.174650000,37.919381987,128.174876546,37.919304000,128.175520000,37.919071644,128.175482027
227,227,825323881544,45.396,9.149004,37.921150000,128.176480000,1379.000000,8298.539137,6121.640098,-2176.899038,-26.232316,1.492769,76.478497,15.853218,70.687726,15.757632,44.694269,76.478497,37.919563000,128.173680000,37.919563000,128.173680000,37.919310000,128.172910000,37.919005940,128.173690947,37.919952000,128.173170000,37.919809655,128.173164465,37.919840000,128.174450000,37.920105758,128.173718944,37.919235000,128.174290000,37.919376543,128.174292185
228,228,825323881748,45.600,9.997711,37.921135000,128.176400000,1379.000000,8608.504931,6955.661236,-1652.843695,-19.200125,4.156655,68.041158,10.911664,59.463876,10.175306,37.148001,68.041158,37.920180000,128.172680000,37.920180000,128.172680000,37.920010000,128.171830000,37.919579341,128.172379823,37.920630000,128.172160000,37.920562214,128.172249754,37.920322000,128.173400000,37.920721606,128.172950648,37.919697000,128.173110000,37.919788402,128.173108875
229,229,825323881952,45.804,9.997711,37.921116000,128.176330000,1380.000000,9986.207102,7188.230111,-2797.976991,-28.018415,8.544565,74.712651,14.185300,58.563417,7.711084,38.793113,74.712651,37.920776000,128.171890000,37.920776000,128.171890000,37.920696000,128.170800000,37.920239879,128.171424120,37.921284000,128.171400000,37.921225879,128.171543754,37.920837000,128.172680000,37.921261556,128.172286177,37.920258000,128.172210000,37.920326356,128.172224213
230,230,825323882155,46.007,9.997711,37.921097000,128.176240000,1380.000000,9781.176165,7110.779062,-2670.397103,-27.301391,2.498636,69.283007,9.454095,56.815452,14.283891,37.459111,69.283007,37.921420000,128.171280000,37.921420000,128.171280000,37.921490000,128.170230000,37.920954456,128.170631969,37.921974000,128.171070000,37.921901813,128.171126716,37.921368000,128.172090000,37.921836553,128.171833482,37.920864000,128.171590000,37.920927175,128.171448421
231,231,825323882342,46.194,9.997711,37.921074000,128.176160000,1381.000000,9256.686933,7162.948643,-2093.738289,-22.618657,1.681891,67.988045,8.881958,60.376283,8.928123,36.543602,67.988045,37.922073000,128.171170000,37.922073000,128.171170000,37.922310000,128.170210000,37.921714131,128.170379847,37.922640000,128.171130000,37.922572699,128.171075672,37.921890000,128.171900000,37.922418662,128.171746401,37.921497000,128.171220000,37.921577117,128.171224687
232,232,825323882546,46.398,9.997711,37.921050000,128.176090000,1381.000000,7860.558332,6307.721871,-1552.836461,-19.754786,1.265445,70.001576,11.983777,63.446194,10.875514,39.076765,70.001576,37.922560000,128.171460000,37.922560000,128.171460000,37.922900000,128.170700000,37.922272984,128.170760580,37.923134000,128.171520000,37.923072292,128.171408177,37.922290000,128.172040000,37.922859374,128.172007611,37.921993000,128.171390000,37.922066929,128.171470964
233,233,825323882749,46.601,9.997711,37.921024000,128.176010000,1382.000000,6286.427814,5070.104369,-1216.323445,-19.348404,1.951687,63.782131,10.424189,64.130819,10.091866,37.107251,64.130819,37.922620000,128.172040000,37.922620000,128.172040000,37.922916000,128.171500000,37.922343416,128.171473520,37.923183000,128.172120000,37.923125221,128.172026583,37.922340000,128.172560000,37.922915584,128.172529192,37.922062000,128.171950000,37.922136542,128.172015407
234,234,825323882952,46.804,9.997711,37.920998000,128.175930000,1382.000000,6021.518779,4778.553580,-1242.965199,-20.642055,1.998486,59.558542,7.244090,62.714404,8.753703,34.567685,62.714404,37.922585000,128.172550000,37.922585000,128.172550000,37.922860000,128.172030000,37.922325023,128.172021090,37.923150000,128.172600000,37.923093829,128.172558348,37.922306000,128.173070000,37.922868525,128.173030819,37.922024000,128.172490000,37.922100680,128.172512097
235,235,825323883155,47.007,9.997711,37.920967000,128.175860000,1383.000000,6481.600546,5002.445981,-1479.154565,-22.820823,4.428125,54.568588,4.918768,59.214751,12.881340,32.895862,59.214751,37.922530000,128.173230000,37.922530000,128.173230000,37.922790000,128.172730000,37.922300038,128.172710709,37.923073000,128.173320000,37.923028964,128.173315395,37.922200000,128.173860000,37.922729887,128.173800883,37.921936000,128.173250000,37.922032244,128.173168561
236,236,825323883343,47.195,9.997711,37.920937000,128.175780000,1384.000000,6865.288234,4980.358546,-1884.929688,-27.455944,2.273774,48.983822,14.582518,51.706160,19.859161,33.782915,51.706160,37.922478000,128.173890000,37.922478000,128.173890000,37.922780000,128.173310000,37.922340011,128.173302451,37.923040000,128.173950000,37.922951118,128.174071988,37.922153000,128.174500000,37.922617120,128.174476695,37.921886000,128.173900000,37.922002302,128.173728513
237,237,825323883547,47.399,9.997711,37.920906000,128.175700000,1384.000000,6860.368093,4989.900268,-1870.467825,-27.264832,1.229207,43.538480,21.656341,46.239502,23.698436,33.783190,46.239502,37.922302000,128.174260000,37.922302000,128.174260000,37.922596000,128.173660000,37.922204929,128.173667281,37.922882000,128.174270000,37.922776468,128.174477177,37.921990000,128.174870000,37.922405174,128.174853548,37.921722000,128.174270000,37.921843477,128.174048377
238,238,825323883750,47.602,9.997711,37.920870000,128.175630000,1385.000000,6909.257910,4925.271238,-1983.986672,-28.714902,0.438757,45.646461,21.534983,45.602118,22.527490,33.827763,45.646461,37.922165000,128.174260000,37.922165000,128.174260000,37.922474000,128.173630000,37.922065061,128.173668220,37.922740000,128.174260000,37.922638993,128.174469152,37.921864000,128.174870000,37.922273353,128.174850212,37.921600000,128.174260000,37.921711943,128.174046287
239,239,825323883954,47.806,9.997711,37.920837000,128.175570000,1386.000000,6879.987020,4916.934173,-1963.052848,-28.532799,0.255706,43.789426,23.466471,42.920996,24.848510,33.756351,43.789426,37.922096000,128.174320000,37.922096000,128.174320000,37.922405000,128.173690000,37.922012533,128.173723706,37.922680000,128.174320000,37.922566774,128.174545410,37.921806000,128.174930000,37.922191327,128.174912807,37.921540000,128.174330000,37.921651529,128.174084885
240,240,825323884141,47.993,9.997711,37.920800000,128.175490000,1387.000000,6812.341694,4963.201051,-1849.140642,-27.143980,0.642000,37.826779,29.627161,38.766249,31.579595,34.449946,38.766249,37.922090000,128.174440000,37.922090000,128.174440000,37.922390000,128.173810000,37.922050833,128.173836348,37.922672000,128.174420000,37.922547634,128.174718284,37.921795000,128.175050000,37.922143186,128.175041992,37.921524000,128.174470000,37.921662322,128.174156026
241,241,825323884345,48.197,9.997711,37.920770000,128.175420000,1387.000000,6945.186498,5105.073192,-1840.113307,-26.494800,1.584596,30.054556,39.427580,31.794480,36.808476,34.521273,39.427580,37.922123000,128.174640000,37.922123000,128.174640000,37.922417000,128.174010000,37.922147871,128.174037224,37.922720000,128.174600000,37.922556792,128.174998480,37.921820000,128.175250000,37.922105615,128.175249675,37.921550000,128.174650000,37.921720012,128.174290487
242,242,825323884548,48.400,9.997711,37.920734000,128.175350000,1388.000000,7173.828529,5273.815504,-1900.013025,-26.485342,0.863379,22.702063,44.092089,25.567467,44.387883,34.187376,44.387883,37.922173000,128.174770000,37.922173000,128.174770000,37.922455000,128.174150000,37.922251849,128.174172665,37.922783000,128.174760000,37.922583383,128.175193680,37.921867000,128.175400000,37.922095984,128.175377415,37.921590000,128.174800000,37.921794807,128.174366296
243,243,825323884752,48.604,9.997711,37.920696000,128.175280000,1388.000000,7248.701833,5445.744012,-1802.957822,-24.872837,1.749634,14.309421,52.776952,16.896217,52.479214,34.115451,52.776952,37.922237000,128.174960000,37.922237000,128.174960000,37.922500000,128.174330000,37.922377928,128.174381054,37.922844000,128.174940000,37.922606557,128.175460203,37.921936000,128.175580000,37.922086136,128.175551743,37.921635000,128.174990000,37.921896061,128.174492380
244,244,825323884956,48.808,9.997711,37.920662000,128.175200000,1388.000000,7545.331559,5573.885787,-1971.445772,-26.128020,2.835258,10.581215,61.257377,10.413631,58.161589,35.103453,61.257377,37.922283000,128.175100000,37.922283000,128.175100000,37.922535000,128.174450000,37.922472735,128.174541044,37.922897000,128.175060000,37.922610095,128.175655266,37.921990000,128.175720000,37.922074783,128.175669883,37.921660000,128.175110000,37.921977514,128.174584007
245,245,825323885143,48.995,9.997711,37.920662000,128.175200000,1388.000000,7545.331559,5573.885787,-1971.445772,-26.128020,2.835258,10.581215,61.257377,10.413631,58.161589,35.103453,61.257377,37.922283000,128.175100000,37.922283000,128.175100000,37.922535000,128.174450000,37.922472735,128.174541044,37.922897000,128.175060000,37.922610095,128.175655266,37.921990000,128.175720000,37.922074783,128.175669883,37.921660000,128.175110000,37.921977514,128.174584007
246,246,825323885347,49.199,9.997711,37.920630000,128.175140000,1387.000000,7619.329513,5623.132809,-1996.196703,-26.199112,1.939012,9.019074,63.187747,9.726408,62.463147,36.099094,63.187747,37.922300000,128.175140000,37.922300000,128.175140000,37.922546000,128.174500000,37.922509991,128.174592005,37.922913000,128.175110000,37.922607421,128.175716394,37.922010000,128.175780000,37.922067836,128.175696977,37.921670000,128.175170000,37.922010949,128.174605059
247,247,825323885550,49.402,9.997711,37.920593000,128.175060000,1387.000000,7561.462909,5656.602095,-1904.860814,-25.191697,1.931953,9.146233,66.098981,9.293447,63.282055,36.955179,66.098981,37.922264000,128.175110000,37.922264000,128.175110000,37.922512000,128.174470000,37.922485753,128.174568697,37.922882000,128.175060000,37.922564231,128.175695856,37.921978000,128.175750000,37.922019096,128.175657880,37.921640000,128.175140000,37.921985161,128.174567402
248,248,825323885753,49.605,9.997711,37.920560000,128.174990000,1386.000000,7406.726476,5592.581615,-1814.144862,-24.493207,1.464604,9.667608,64.398920,9.835929,61.578992,36.370362,64.398920,37.922184000,128.174990000,37.922184000,128.174990000,37.922440000,128.174350000,37.922398038,128.174446388,37.922802000,128.174940000,37.922496446,128.175562717,37.921898000,128.175630000,37.921949648,128.175539119,37.921580000,128.175030000,37.921901926,128.174459738
249,249,825323885941,49.793,9.997711,37.920517000,128.174910000,1385.000000,7121.932646,5394.266571,-1727.666075,-24.258388,0.623469,10.565463,60.776530,10.302131,58.654491,35.074654,60.776530,37.922054000,128.174790000,37.922054000,128.174790000,37.922314000,128.174150000,37.922247334,128.174235639,37.922670000,128.174740000,37.922383120,128.175328857,37.921783000,128.175430000,37.921849740,128.175348726,37.921486000,128.174850000,37.921765040,128.174283416
250,250,825323886145,49.997,9.997711,37.920483000,128.174850000,1384.000000,6757.521358,5054.789362,-1702.731996,-25.197582,2.016831,12.788136,57.248765,11.325207,52.004447,33.341639,57.248765,37.921875000,128.174530000,37.921875000,128.174530000,37.922120000,128.173890000,37.922018454,128.173958094,37.922497000,128.174450000,37.922230079,128.175007243,37.921630000,128.175140000,37.921728169,128.175106147,37.921340000,128.174580000,37.921567992,128.174063105
251,251,825323886348,50.200,9.997711,37.920450000,128.174790000,1384.000000,6654.351028,4899.401327,-1754.949700,-26.372965,1.388651,14.523273,52.186636,13.930003,48.622537,32.315612,52.186636,37.921770000,128.174320000,37.921770000,128.174320000,37.921997000,128.173690000,37.921871476,128.173735085,37.922380000,128.174240000,37.922141171,128.174751382,37.921543000,128.174940000,37.921665658,128.174908590,37.921240000,128.174380000,37.921438615,128.173886859
252,252,825323886578,50.430,9.997711,37.920370000,128.174640000,1383.000000,6544.577063,4850.652107,-1693.924956,-25.882879,1.937896,13.438902,54.119679,12.617384,48.986455,32.290605,54.119679,37.921720000,128.174200000,37.921720000,128.174200000,37.921936000,128.173550000,37.921828624,128.173619946,37.922306000,128.174100000,37.922074215,128.174641744,37.921494000,128.174820000,37.921604011,128.174785411,37.921196000,128.174260000,37.921392468,128.173760844
253,253,825323886755,50.607,9.997711,37.920370000,128.174640000,1383.000000,6544.577063,4850.652107,-1693.924956,-25.882879,1.937896,13.438902,54.119679,12.617384,48.986455,32.290605,54.119679,37.921720000,128.174200000,37.921720000,128.174200000,37.921936000,128.173550000,37.921828624,128.173619946,37.922306000,128.174100000,37.922074215,128.174641744,37.921494000,128.174820000,37.921604011,128.174785411,37.921196000,128.174260000,37.921392468,128.173760844
254,254,825323886944,50.796,9.997711,37.920284000,128.174500000,1383.000000,6788.960310,4948.988579,-1839.971731,-27.102408,1.852668,9.652410,61.243274,8.155167,55.750241,33.700273,61.243274,37.921757000,128.174260000,37.921757000,128.174260000,37.921970000,128.173610000,37.921920090,128.173699883,37.922363000,128.174160000,37.922078740,128.174757110,37.921543000,128.174900000,37.921585845,128.174824670,37.921230000,128.174330000,37.921470867,128.173773385
255,255,825323887147,50.999,9.997711,37.920242000,128.174440000,1382.000000,6768.918865,4999.743203,-1769.175662,-26.136754,2.129439,8.546530,64.625925,7.816998,58.865785,34.963810,64.625925,37.921776000,128.174300000,37.921776000,128.174300000,37.921990000,128.173660000,37.921963887,128.173751523,37.922394000,128.174200000,37.922082158,128.174820752,37.921570000,128.174940000,37.921580552,128.174851993,37.921253000,128.174380000,37.921510189,128.173794283
256,256,825323887351,51.203,9.997711,37.920204000,128.174360000,1382.000000,6807.627924,4993.669183,-1813.958741,-26.645974,2.041396,9.000127,64.922930,8.509075,58.778766,35.302725,64.922930,37.921795000,128.174200000,37.921795000,128.174200000,37.921997000,128.173550000,37.921977870,128.173649580,37.922410000,128.174090000,37.922102168,128.174717945,37.921590000,128.174850000,37.921604537,128.174754870,37.921276000,128.174290000,37.921522339,128.173697956
257,257,825323887553,51.405,9.997711,37.920166000,128.174300000,1381.000000,6586.212132,4924.016750,-1662.195382,-25.237501,1.832435,8.018301,63.424600,8.467192,55.999742,33.977459,63.424600,37.921814000,128.174030000,37.921814000,128.174030000,37.922000000,128.173390000,37.921968440,128.173472078,37.922417000,128.173900000,37.922133539,128.174526526,37.921597000,128.174670000,37.921644801,128.174594999,37.921295000,128.174120000,37.921518259,128.173548538
258,258,825323887740,51.592,9.997711,37.920120000,128.174240000,1380.000000,6636.848442,4845.899044,-1790.949398,-26.984937,1.515683,9.145892,55.598887,13.237245,51.907559,32.472396,55.598887,37.921820000,128.173680000,37.921820000,128.173680000,37.921980000,128.173050000,37.921911418,128.173107349,37.922398000,128.173550000,37.922180955,128.174120232,37.921600000,128.174320000,37.921710665,128.174264841,37.921260000,128.173780000,37.921474455,128.173255120
259,259,825323887945,51.797,9.997711,37.920080000,128.174180000,1380.000000,6544.230295,4653.045270,-1891.185025,-28.898510,0.653091,16.569028,45.409292,18.168155,44.878958,31.256358,45.409292,37.921772000,128.173220000,37.921772000,128.173220000,37.921925000,128.172590000,37.921782344,128.172643829,37.922337000,128.173100000,37.922178700,128.173576580,37.921593000,128.173860000,37.921751819,128.173812348,37.921220000,128.173340000,37.921382405,128.172872236
260,260,825323888148,52.000,9.997711,37.920036000,128.174120000,1380.000000,6069.737905,4512.518414,-1557.219491,-25.655465,0.297613,24.895577,36.313110,25.114167,36.672763,30.748904,36.672763,37.921670000,128.172740000,37.921670000,128.172740000,37.921830000,128.172130000,37.921608417,128.172168366,37.922210000,128.172620000,37.922102795,128.173010551,37.921505000,128.173370000,37.921727586,128.173323375,37.921143000,128.172870000,37.921248129,128.172474219
261,261,825323888351,52.203,9.997711,37.919987000,128.174040000,1380.000000,5775.699526,4358.469827,-1417.229700,-24.537802,1.959216,30.096997,25.976397,33.754635,29.535324,29.840838,33.754635,37.921570000,128.172120000,37.921570000,128.172120000,37.921720000,128.171510000,37.921450532,128.171537902,37.922070000,128.172030000,37.922003940,128.172313708,37.921402000,128.172740000,37.921701677,128.172681389,37.921055000,128.172240000,37.921137745,128.171920438
262,262,825323888557,52.409,9.997711,37.919945000,128.173980000,1381.000000,6013.200693,4454.438611,-1558.762082,-25.922336,0.692777,37.424977,23.281756,35.358658,27.060470,30.781465,37.424977,37.921500000,128.171570000,37.921500000,128.171570000,37.921677000,128.170900000,37.921344112,128.170959620,37.921997000,128.171480000,37.921926348,128.171729537,37.921352000,128.172180000,37.921667335,128.172131660,37.920980000,128.171700000,37.921060433,128.171409204
263,263,825323888742,52.594,9.997711,37.919890000,128.173920000,1381.000000,6587.216369,4892.555934,-1694.660435,-25.726503,2.078237,42.650192,23.945883,37.957410,21.504522,31.514501,42.650192,37.921516000,128.171050000,37.921516000,128.171050000,37.921715000,128.170320000,37.921338733,128.170411538,37.922030000,128.170940000,37.921949012,128.171192621,37.921350000,128.171720000,37.921685701,128.171644258,37.921010000,128.171160000,37.921061373,128.170923933
264,264,825323888945,52.797,9.997711,37.919846000,128.173870000,1382.000000,7151.256127,5515.319435,-1635.936692,-22.876215,2.940440,45.744731,23.411971,37.434008,22.295342,32.221513,45.744731,37.921580000,128.170650000,37.921580000,128.170650000,37.921803000,128.169850000,37.921402139,128.169964619,37.922110000,128.170530000,37.922030656,128.170776906,37.921413000,128.171340000,37.921745728,128.171278248,37.921060000,128.170790000,37.921110858,128.170544431
265,265,825323889149,53.001,9.997711,37.919790000,128.173810000,1383.000000,7690.165028,5673.732994,-2016.432033,-26.220920,3.260117,45.489294,29.449542,38.563748,25.426516,34.732275,45.489294,37.921710000,128.170290000,37.921710000,128.170290000,37.921917000,128.169480000,37.921521253,128.169609082,37.922260000,128.170140000,37.922156053,128.170448388,37.921520000,128.171040000,37.921860557,128.170959523,37.921170000,128.170460000,37.921229120,128.170180319
266,266,825323889352,53.204,9.997711,37.919743000,128.173770000,1384.000000,8071.484076,6024.515659,-2046.968417,-25.360496,1.403851,41.394798,31.180109,39.784194,27.876912,35.059003,41.394798,37.921910000,128.169950000,37.921910000,128.169950000,37.922100000,128.169140000,37.921734977,128.169229951,37.922462000,128.169800000,37.922360489,128.170130930,37.921696000,128.170750000,37.922045023,128.170652554,37.921356000,128.170120000,37.921425186,128.169814903
267,267,825323889541,53.393,9.997711,37.919693000,128.173720000,1385.000000,9111.674159,6418.223363,-2693.450795,-29.560438,6.952565,54.091508,33.186184,38.512617,24.947840,37.684537,54.091508,37.922028000,128.169710000,37.922028000,128.169710000,37.922306000,128.168700000,37.921864489,128.168957243,37.922580000,128.169560000,37.922476709,128.169914505,37.921810000,128.170530000,37.922148816,128.170441304,37.921480000,128.169860000,37.921528291,128.169582576
268,268,825323889744,53.596,9.997711,37.919636000,128.173660000,1386.000000,10217.068166,7331.434329,-2885.633837,-28.243267,13.467645,57.195724,50.119895,34.134893,25.761619,41.803033,57.195724,37.922108000,128.169420000,37.922108000,128.169420000,37.922424000,128.168290000,37.921968547,128.168591458,37.922770000,128.169080000,37.922587580,128.169601805,37.921920000,128.170230000,37.922223856,128.170177749,37.921560000,128.169590000,37.921593372,128.169299701
269,269,825323889948,53.800,9.997711,37.919586000,128.173610000,1387.000000,10927.493622,8160.508074,-2766.985548,-25.321319,14.213413,56.148344,53.945158,31.305995,28.870993,42.567622,56.148344,37.922127000,128.169190000,37.922127000,128.169190000,37.922450000,128.168000000,37.922004193,128.168299087,37.922844000,128.168760000,37.922649691,128.169322765,37.921967000,128.170000000,37.922246602,128.169961736,37.921574000,128.169390000,37.921607788,128.169064028
270,270,825323890151,54.003,9.997711,37.919533000,128.173570000,1387.000000,11614.013096,8991.366047,-2622.647049,-22.581747,3.278361,47.871474,44.041906,38.652243,43.303509,43.467283,47.871474,37.922176000,128.168840000,37.922176000,128.168840000,37.922440000,128.167710000,37.922043112,128.167919881,37.922867000,128.168460000,37.922738400,128.168934302,37.921967000,128.169780000,37.922297661,128.169645696,37.921550000,128.169200000,37.921640946,128.168720539
271,271,825323890354,54.206,9.997711,37.919476000,128.173520000,1388.000000,12375.911428,9398.840006,-2977.071423,-24.055371,1.965983,45.693919,44.006261,43.997041,52.075240,46.443115,52.075240,37.922157000,128.168460000,37.922157000,128.168460000,37.922370000,128.167330000,37.921992849,128.167535376,37.922825000,128.168080000,37.922723093,128.168564193,37.921925000,128.169510000,37.922286218,128.169306657,37.921490000,128.168930000,37.921602726,128.168354457
272,272,825323890542,54.394,9.997711,37.919422000,128.173480000,1388.000000,13597.018957,9886.538869,-3710.480087,-27.288923,0.779795,55.110198,45.616033,46.825406,57.042189,51.148456,57.042189,37.922090000,128.168140000,37.922090000,128.168140000,37.922330000,128.166850000,37.921909573,128.167181368,37.922740000,128.167740000,37.922657866,128.168248920,37.921850000,128.169270000,37.922224483,128.169027149,37.921406000,128.168670000,37.921526099,128.168038514
273,273,825323890745,54.597,9.997711,37.919360000,128.173430000,1388.000000,14029.108617,10124.176071,-3904.932545,-27.834502,1.559701,49.402462,57.138117,50.309066,53.860675,52.677580,57.138117,37.922005000,128.167900000,37.922005000,128.167900000,37.922200000,128.166660000,37.921809175,128.166926529,37.922720000,128.167370000,37.922582546,128.167996906,37.921772000,128.169080000,37.922160713,128.168787757,37.921350000,128.168410000,37.921433569,128.167805870
274,274,825323890949,54.801,9.997711,37.919304000,128.173400000,1389.000000,14262.574749,10170.296038,-4092.278711,-28.692426,8.864221,54.431347,66.190393,43.903982,44.960672,52.371598,66.190393,37.921856000,128.167620000,37.921856000,128.167620000,37.922012000,128.166350000,37.921607832,128.166698863,37.922596000,128.166980000,37.922439520,128.167707184,37.921696000,128.168750000,37.922042844,128.168512004,37.921234000,128.168090000,37.921261193,128.167579165
275,275,825323891153,55.005,9.997711,37.919240000,128.173360000,1389.000000,14404.988629,10341.202770,-4063.785858,-28.210962,15.162721,61.560796,68.870412,38.277256,37.686884,51.598837,68.870412,37.921680000,128.167330000,37.921680000,128.167330000,37.921800000,128.166050000,37.921372211,128.166494256,37.922424000,128.166630000,37.922276774,128.167391741,37.921585000,128.168430000,37.921892998,128.168236207,37.921080000,128.167800000,37.921056256,128.167371892
276,276,825323891340,55.192,9.997711,37.919180000,128.173320000,1389.000000,14176.813974,10614.477613,-3562.336362,-25.127905,8.509037,59.334905,54.068765,42.583668,41.589312,49.394162,59.334905,37.921505000,128.166990000,37.921505000,128.166990000,37.921550000,128.165770000,37.921149030,128.166215178,37.922184000,128.166370000,37.922133933,128.166982434,37.921432000,128.168120000,37.921762419,128.167875643,37.920890000,128.167560000,37.920864877,128.167087469
277,277,825323891544,55.396,9.997711,37.919125000,128.173300000,1389.000000,13695.407156,10464.099410,-3231.307746,-23.594098,3.942326,43.143953,44.340129,52.185344,49.818785,47.372053,52.185344,37.921310000,128.166630000,37.921310000,128.166630000,37.921234000,128.165650000,37.920908127,128.165915955,37.921947000,128.166050000,37.921964226,128.166554454,37.921270000,128.167820000,37.921633245,128.167444345,37.920677000,128.167330000,37.920662420,128.166762986
278,278,825323891747,55.599,9.997711,37.919056000,128.173260000,1390.000000,14253.334900,10243.394806,-4009.940094,-28.133346,2.804962,50.734808,55.586099,50.526386,46.872599,50.929973,55.586099,37.921110000,128.166470000,37.921110000,128.166470000,37.921030000,128.165420000,37.920684012,128.165796065,37.921776000,128.165740000,37.921765344,128.166372845,37.921116000,128.167620000,37.921463562,128.167249954,37.920506000,128.167160000,37.920461364,128.166629244
279,279,825323891950,55.802,9.997711,37.918995000,128.173230000,1390.000000,13851.913432,10765.407408,-3086.506024,-22.282164,0.482363,46.587180,46.440605,47.631293,47.189661,46.962184,47.631293,37.920790000,128.166260000,37.920790000,128.166260000,37.920670000,128.165190000,37.920349896,128.165531739,37.921400000,128.165570000,37.921452106,128.166094701,37.920864000,128.167340000,37.921187665,128.166985235,37.920210000,128.166990000,37.920146577,128.166458676
280,280,825323892153,56.005,9.997711,37.918934000,128.173220000,1390.000000,14918.876108,11491.345040,-3427.531067,-22.974459,4.740674,55.546276,51.874941,43.651291,48.130748,49.800814,55.546276,37.920520000,128.166140000,37.920520000,128.166140000,37.920414000,128.164830000,37.920076827,128.165296273,37.921135000,128.165330000,37.921185230,128.165917282,37.920650000,128.167130000,37.920951150,128.166811642,37.919968000,128.166890000,37.919884703,128.166352181
281,281,825323892341,56.193,9.997711,37.918934000,128.173220000,1390.000000,14918.876108,11491.345040,-3427.531067,-22.974459,4.740674,55.546276,51.874941,43.651291,48.130748,49.800814,55.546276,37.920520000,128.166140000,37.920520000,128.166140000,37.920414000,128.164830000,37.920076827,128.165296273,37.921135000,128.165330000,37.921185230,128.165917282,37.920650000,128.167130000,37.920951150,128.166811642,37.919968000,128.166890000,37.919884703,128.166352181
282,282,825323892546,56.398,9.997711,37.918865000,128.173200000,1390.000000,15455.270466,11292.870182,-4162.400283,-26.931915,1.983616,57.663483,51.703769,45.407954,59.061602,53.459202,59.061602,37.920260000,128.165950000,37.920260000,128.165950000,37.920113000,128.164600000,37.919788992,128.165112326,37.920840000,128.165150000,37.920913796,128.165731293,37.920418000,128.166960000,37.920714931,128.166605469,37.919716000,128.166820000,37.919630029,128.166156329
283,283,825323892749,56.601,9.997711,37.918800000,128.173190000,1390.000000,15867.085148,11341.042768,-4526.042380,-28.524725,2.495667,51.391611,61.387435,51.391113,53.912761,54.520730,61.387435,37.919964000,128.165650000,37.919964000,128.165650000,37.919735000,128.164490000,37.919443073,128.164943359,37.920530000,128.164780000,37.920603251,128.165472847,37.920128000,128.166820000,37.920431414,128.166378935,37.919437000,128.166560000,37.919324385,128.165962904
284,284,825323892952,56.804,9.997711,37.918728000,128.173170000,1390.000000,15590.894672,12121.514446,-3469.380225,-22.252605,1.221927,46.012564,56.696770,56.979507,42.087361,50.444051,56.979507,37.919630000,128.165470000,37.919630000,128.165470000,37.919340000,128.164520000,37.919073095,128.164920078,37.920170000,128.164520000,37.920289175,128.165147701,37.919823000,128.166750000,37.920119509,128.166221110,37.919136000,128.166350000,37.918993163,128.165906257
285,285,825323893155,57.007,9.997711,37.918667000,128.173160000,1390.000000,15516.578051,12235.007596,-3281.570455,-21.148803,4.023208,52.689116,52.724367,50.358765,41.519653,49.322975,52.724367,37.919266000,128.165420000,37.919266000,128.165420000,37.918950000,128.164370000,37.918690003,128.164871358,37.919780000,128.164370000,37.919927912,128.164940358,37.919537000,128.166500000,37.919799387,128.166032866,37.918816000,128.166280000,37.918648745,128.165857408
286,286,825323893343,57.195,9.997711,37.918594000,128.173160000,1390.000000,15333.592213,12508.480792,-2825.111421,-18.424329,5.615008,60.240073,43.580839,44.822558,39.671518,47.078747,60.240073,37.918950000,128.165370000,37.918950000,128.165370000,37.918600000,128.164100000,37.918353733,128.164710818,37.919420000,128.164380000,37.919600142,128.164820606,37.919270000,128.166260000,37.919514300,128.165854278,37.918526000,128.166180000,37.918346087,128.165790046
287,287,825323893546,57.398,9.997711,37.918530000,128.173160000,1390.000000,16446.740306,13709.926421,-2736.813885,-16.640464,2.187342,49.672335,51.487468,46.425127,47.216252,48.700296,51.487468,37.918630000,128.165280000,37.918630000,128.165280000,37.918230000,128.163900000,37.917994489,128.164380426,37.919070000,128.164170000,37.919262341,128.164703196,37.918980000,128.166170000,37.919211429,128.165730216,37.918232000,128.166120000,37.918033394,128.165644925
288,288,825323893750,57.602,9.997711,37.918470000,128.173160000,1390.000000,19496.975535,15255.990711,-4240.984824,-21.752014,16.010232,72.074384,71.293943,39.557971,46.821608,57.436976,72.074384,37.918205000,128.165180000,37.918205000,128.165180000,37.917706000,128.163310000,37.917495897,128.164086304,37.918602000,128.163910000,37.918812361,128.164676789,37.918600000,128.166080000,37.918808093,128.165714862,37.917843000,128.166020000,37.917616294,128.165570914
289,289,825323893954,57.806,9.997711,37.918396000,128.173170000,1390.000000,21400.435659,16429.909493,-4970.526166,-23.226285,21.023172,81.233723,80.547208,37.006938,49.882736,62.167651,81.233723,37.917910000,128.165080000,37.917910000,128.165080000,37.917330000,128.163010000,37.917149208,128.163906174,37.918278000,128.163670000,37.918511565,128.164538096,37.918335000,128.166000000,37.918534016,128.165662455,37.917570000,128.165920000,37.917317390,128.165450841
290,290,825323894141,57.993,9.997711,37.918335000,128.173170000,1390.000000,23657.621008,18625.904470,-5031.716539,-21.268903,9.438060,60.494886,86.996013,45.667577,68.555654,65.428532,86.996013,37.917420000,128.164580000,37.917420000,128.164580000,37.916775000,128.162920000,37.916591019,128.163568175,37.917744000,128.163150000,37.918032374,128.164070712,37.917934000,128.165910000,37.918115174,128.165443444,37.917137000,128.165760000,37.916825844,128.165086327
291,291,825323894345,58.197,9.997711,37.918200000,128.173220000,1390.000000,26121.668585,20143.872554,-5977.796031,-22.884434,12.310021,66.880393,96.761850,46.394450,73.389938,70.856658,96.761850,37.917015000,128.164320000,37.917015000,128.164320000,37.916300000,128.162700000,37.916158582,128.163440163,37.917290000,128.162720000,37.917632107,128.163732893,37.917603000,128.165790000,37.917763208,128.165302302,37.916775000,128.165600000,37.916420671,128.164895273
292,292,825323894548,58.400,9.997711,37.918140000,128.173230000,1390.000000,26243.101555,20655.874322,-5587.227233,-21.290270,6.962235,68.016831,59.286363,62.024056,92.276528,70.400944,92.276528,37.916565000,128.163960000,37.916565000,128.163960000,37.915810000,128.162550000,37.915694873,128.163310624,37.916850000,128.162730000,37.917180347,128.163259523,37.917255000,128.165620000,37.917379211,128.164931515,37.916405000,128.165500000,37.915971112,128.164604698
293,293,825323894751,58.603,9.997711,37.918070000,128.173260000,1390.000000,26280.817763,20233.809132,-6047.008630,-23.009210,1.630393,63.003034,77.899792,62.670159,77.352870,70.231464,77.899792,37.916073000,128.163900000,37.916073000,128.163900000,37.915287000,128.162660000,37.915176935,128.163363704,37.916286000,128.162480000,37.916681664,128.163211630,37.916840000,128.165500000,37.916940136,128.164797769,37.915924000,128.165280000,37.915491126,128.164590988
294,294,825323894954,58.806,9.997711,37.918010000,128.173300000,1390.000000,27588.945122,20674.279252,-6914.665871,-25.063176,1.554869,66.529160,77.783595,68.905556,80.566196,73.446127,80.566196,37.915627000,128.163860000,37.915627000,128.163860000,37.914726000,128.162490000,37.914655166,128.163242208,37.915790000,128.162430000,37.916220770,128.163127363,37.916460000,128.165390000,37.916521711,128.164609302,37.915512000,128.165220000,37.915037850,128.164526910
295,295,825323895143,58.995,9.997711,37.917946000,128.173320000,1390.000000,26908.554012,20727.816726,-6180.737286,-22.969414,4.140214,66.948785,77.932876,59.253875,72.596761,69.183074,77.932876,37.915123000,128.163960000,37.915123000,128.163960000,37.914130000,128.162570000,37.914084418,128.163330128,37.915240000,128.162570000,37.915703604,128.163234937,37.915974000,128.165200000,37.916033585,128.164529539,37.915047000,128.165280000,37.914571743,128.164713945
296,296,825323895346,59.198,9.997711,37.917890000,128.173370000,1390.000000,30320.110334,21767.766692,-8552.343643,-28.206835,9.195610,80.045993,95.226336,63.633993,79.997198,79.725880,95.226336,37.914640000,128.163960000,37.914640000,128.163960000,37.913548000,128.162550000,37.913589921,128.163459897,37.914660000,128.162380000,37.915211605,128.163208762,37.915550000,128.165180000,37.915584009,128.164456712,37.914707000,128.165540000,37.914177058,128.164924769
297,297,825323895550,59.402,9.997711,37.917835000,128.173400000,1390.000000,31844.301754,22970.322084,-8873.979671,-27.866774,14.492051,86.101180,102.783881,62.177241,74.876747,81.484762,102.783881,37.914074000,128.164200000,37.914074000,128.164200000,37.912945000,128.162960000,37.913062605,128.163928988,37.913933000,128.162380000,37.914560565,128.163238458,37.915012000,128.165240000,37.915023069,128.164532161,37.914276000,128.165910000,37.913746136,128.165384814
298,298,825323895753,59.605,9.997711,37.917774000,128.173460000,1390.000000,32526.870041,22874.716099,-9652.153941,-29.674401,16.496617,99.544305,102.053956,71.194460,70.816201,85.902231,102.053956,37.913690000,128.164540000,37.913690000,128.164540000,37.912530000,128.163390000,37.912758931,128.164485677,37.913403000,128.162570000,37.914070166,128.163366982,37.914665000,128.165530000,37.914614552,128.164721878,37.913975000,128.166260000,37.913447385,128.165809514
299,299,825323895941,59.793,9.997711,37.917720000,128.173510000,1390.000000,33156.498932,23607.183906,-9549.315026,-28.800734,18.139417,114.466667,92.374551,74.184564,66.962186,86.996992,114.466667,37.913320000,128.164920000,37.913320000,128.164920000,37.912113000,128.163830000,37.912473270,128.165050741,37.912937000,128.162920000,37.913585430,128.163576340,37.914320000,128.165820000,37.914219907,128.164984892,37.913754000,128.166730000,37.913230405,128.166354658
300,300,825323896144,59.996,9.997711,37.917667000,128.173550000,1389.000000,30300.820690,24652.737847,-5648.082843,-18.640033,4.373315,80.411887,75.206116,84.731467,57.635131,74.496150,84.731467,37.912933000,128.165390000,37.912933000,128.165390000,37.911890000,128.164700000,37.912102442,128.165575101,37.912460000,128.163450000,37.913048308,128.163870985,37.913967000,128.166230000,37.913777258,128.165295681,37.913445000,128.167160000,37.912971338,128.166895018
301,301,825323896347,60.199,9.997711,37.917618000,128.173610000,1389.000000,30125.124283,24439.896257,-5685.228026,-18.872048,1.478059,63.149076,83.323604,99.609232,52.644062,74.681493,99.609232,37.912600000,128.165820000,37.912600000,128.165820000,37.911613000,128.165310000,37.911747617,128.166008491,37.912037000,128.163880000,37.912682280,128.164360783,37.913750000,128.166730000,37.913431237,128.165670233,37.913160000,128.167510000,37.912710244,128.167324738
302,302,825323896550,60.402,9.997711,37.917576000,128.173680000,1389.000000,28677.039520,23777.173187,-4899.866333,-17.086374,1.163023,71.757552,70.723268,79.144209,62.868657,71.123422,79.144209,37.912380000,128.166380000,37.912380000,128.166380000,37.911260000,128.165770000,37.911484257,128.166536007,37.911870000,128.164720000,37.912455582,128.165032338,37.913483000,128.167110000,37.913236133,128.166264918,37.913033000,128.168060000,37.912506524,128.167800934
303,303,825323896759,60.611,9.997711,37.917526000,128.173740000,1389.000000,28575.814975,21238.795090,-7337.019885,-25.675628,23.564466,130.546421,67.758109,51.147421,59.521657,77.243402,130.546421,37.912220000,128.167220000,37.912220000,128.167220000,37.910720000,128.166290000,37.911417642,128.167484795,37.911507000,128.165480000,37.912084310,128.165724487,37.913113000,128.167570000,37.913004642,128.167004054,37.912773000,128.168600000,37.912259983,128.168408993
304,304,825323896942,60.794,9.997711,37.917490000,128.173800000,1389.000000,28038.166143,18637.154677,-9401.011466,-33.529338,29.852333,142.013511,77.605062,66.505845,42.390373,82.128698,142.013511,37.912033000,128.167860000,37.912033000,128.167860000,37.910560000,128.167080000,37.911398453,128.168298700,37.911068000,128.165970000,37.911722994,128.166272571,37.912990000,128.168210000,37.912736207,128.167524478,37.912422000,128.168960000,37.912041591,128.168938144
305,305,825323897146,60.998,9.997711,37.917446000,128.173870000,1389.000000,26060.212979,18515.739189,-7544.473789,-28.950162,14.785803,91.153640,88.345147,71.867898,54.825573,76.548064,91.153640,37.911808000,128.168320000,37.911808000,128.168320000,37.910667000,128.167950000,37.911170247,128.168768740,37.910650000,128.166380000,37.911396682,128.166720802,37.912760000,128.168610000,37.912446059,128.167894970,37.912340000,128.169460000,37.911851763,128.169377980
306,306,825323897349,61.201,9.997711,37.917410000,128.173930000,1389.000000,23245.491841,16597.403216,-6648.088625,-28.599475,11.515146,64.348863,95.580125,52.558272,65.896913,69.596043,95.580125,37.911606000,128.168810000,37.911606000,128.168810000,37.910686000,128.168690000,37.911002602,128.169303015,37.910553000,128.167130000,37.911361473,128.167496444,37.912445000,128.168910000,37.912241424,128.168370054,37.912365000,128.170060000,37.911783539,128.169919301
307,307,825323897553,61.405,9.997711,37.917380000,128.174010000,1389.000000,20686.011644,15644.472677,-5041.538966,-24.371730,17.882933,53.477918,43.484317,89.881613,73.191413,65.008815,89.881613,37.911290000,128.169370000,37.911290000,128.169370000,37.910477000,128.169400000,37.910729756,128.169917809,37.910656000,128.168210000,37.911043545,128.168147934,37.912376000,128.169620000,37.911853418,128.168839867,37.912224000,128.170620000,37.911575044,128.170486168
308,308,825323897756,61.608,9.997711,37.917347000,128.174090000,1389.000000,19319.967984,14398.162644,-4921.805341,-25.475225,3.364884,59.687061,57.124017,80.411372,49.293949,61.629100,80.411372,37.911373000,128.170040000,37.911373000,128.170040000,37.910465000,128.170040000,37.910799014,128.170571622,37.910640000,128.168910000,37.911152880,128.168931239,37.912346000,128.170150000,37.911864092,128.169467966,37.912160000,128.171100000,37.911717283,128.171111789
309,309,825323897944,61.796,9.997711,37.917324000,128.174160000,1388.000000,22134.387087,16280.681382,-5853.705705,-26.446206,26.097862,113.122680,71.131142,55.080643,33.968931,68.325849,113.122680,37.911507000,128.170760000,37.911507000,128.170760000,37.909714000,128.170360000,37.910540455,128.171109461,37.910496000,128.169570000,37.911133018,128.169633445,37.912247000,128.170680000,37.911950415,128.170177999,37.911940000,128.171540000,37.911648631,128.171654914
310,310,825323898147,61.999,9.997711,37.917300000,128.174240000,1388.000000,21765.090345,16965.754465,-4799.335880,-22.050613,12.631656,95.717969,56.454256,52.653700,52.664351,64.372569,95.717969,37.911430000,128.171260000,37.911430000,128.171260000,37.909477000,128.170910000,37.910174682,128.171547007,37.910600000,128.170270000,37.911106207,128.170231090,37.912243000,128.171170000,37.911933667,128.170716461,37.911880000,128.172000000,37.911409364,128.172061020
311,311,825323898350,62.202,9.997711,37.917280000,128.174330000,1388.000000,22130.691295,16687.814913,-5442.876382,-24.594245,21.751133,76.537651,95.020916,35.738995,56.641331,65.984724,95.020916,37.911280000,128.171800000,37.911280000,128.171800000,37.909378000,128.171630000,37.909925811,128.172156621,37.910294000,128.170820000,37.911143964,128.170919587,37.912106000,128.171650000,37.911931843,128.171308150,37.911724000,128.172490000,37.911221172,128.172588668
312,312,825323898555,62.407,9.997711,37.917263000,128.174410000,1388.000000,22551.378449,15600.860060,-6950.518390,-30.820814,22.805489,82.979752,101.256264,41.862303,58.754795,71.213278,101.256264,37.911156000,128.172290000,37.911156000,128.172290000,37.909306000,128.172270000,37.909935398,128.172776214,37.910190000,128.171390000,37.911097728,128.171463944,37.912113000,128.172130000,37.911859560,128.171777863,37.911663000,128.172960000,37.911146426,128.173097259
313,313,825323898742,62.594,9.997711,37.917250000,128.174500000,1388.000000,23039.207305,15457.604580,-7581.602724,-32.907394,29.638006,85.491435,114.046139,39.002297,51.177290,72.429290,114.046139,37.911118000,128.172790000,37.911118000,128.172790000,37.909332000,128.172930000,37.910013538,128.173378666,37.910088000,128.171950000,37.911111874,128.171995181,37.912117000,128.172590000,37.911883820,128.172258554,37.911663000,128.173450000,37.911223091,128.173619267
314,314,825323898946,62.798,9.997711,37.917240000,128.174580000,1388.000000,22778.935111,15571.072240,-7207.862871,-31.642668,31.001512,86.664379,112.869252,39.531686,46.345811,71.352782,112.869252,37.911156000,128.173250000,37.911156000,128.173250000,37.909492000,128.173500000,37.910198002,128.173915870,37.910038000,128.172440000,37.911051902,128.172431961,37.912140000,128.172990000,37.911890522,128.172669675,37.911750000,128.173870000,37.911368373,128.174080924
315,315,825323899149,63.001,9.997711,37.917240000,128.174580000,1388.000000,22778.935111,15571.072240,-7207.862871,-31.642668,31.001512,86.664379,112.869252,39.531686,46.345811,71.352782,112.869252,37.911156000,128.173250000,37.911156000,128.173250000,37.909492000,128.173500000,37.910198002,128.173915870,37.910038000,128.172440000,37.911051902,128.172431961,37.912140000,128.172990000,37.911890522,128.172669675,37.911750000,128.173870000,37.911368373,128.174080924
316,316,825323899352,63.204,9.997711,37.917236000,128.174650000,1388.000000,21108.555742,14410.795833,-6697.759908,-31.730072,28.035432,84.667355,102.260015,38.759031,45.230957,67.729339,102.260015,37.911330000,128.173980000,37.911330000,128.173980000,37.909946000,128.174380000,37.910653413,128.174734101,37.910170000,128.173280000,37.911083853,128.173161572,37.912205000,128.173610000,37.911946787,128.173313955,37.912052000,128.174550000,37.911687627,128.174777884
317,317,825323899555,63.407,9.997711,37.917233000,128.174740000,1388.000000,17827.044195,13738.288813,-4088.755382,-22.935689,19.265088,70.359967,75.510871,36.817913,41.370083,56.014709,75.510871,37.911575000,128.174470000,37.911575000,128.174470000,37.910362000,128.174940000,37.910943806,128.175253034,37.910570000,128.173870000,37.911229978,128.173671382,37.912270000,128.174040000,37.912028204,128.173753973,37.912290000,128.174970000,37.911978917,128.175227706
318,318,825323899743,63.595,9.997711,37.917236000,128.174820000,1388.000000,17804.974965,12922.857446,-4882.117519,-27.419963,18.567330,76.096541,73.392884,41.590635,41.133137,58.053299,76.096541,37.911870000,128.174970000,37.911870000,128.174970000,37.910600000,128.175520000,37.911250329,128.175786967,37.910820000,128.174450000,37.911452128,128.174212569,37.912490000,128.174500000,37.912184610,128.174227192,37.912575000,128.175430000,37.912265041,128.175684952
319,319,825323899947,63.799,9.997711,37.917240000,128.174910000,1388.000000,16907.405829,11909.290487,-4998.115342,-29.561693,21.168245,83.053473,71.584798,42.106836,37.382462,58.531892,83.053473,37.912136000,128.175370000,37.912136000,128.175370000,37.910854000,128.176000000,37.911582308,128.176205185,37.911102000,128.174930000,37.911706608,128.174652387,37.912716000,128.174880000,37.912398325,128.174619754,37.912777000,128.175780000,37.912521053,128.176055549
320,320,825323900150,64.002,9.997711,37.917248000,128.175000000,1389.000000,16381.547269,10628.349509,-5753.197760,-35.119990,15.785699,84.438545,63.255221,50.051396,41.816834,59.890499,84.438545,37.912430000,128.175830000,37.912430000,128.175830000,37.911182000,128.176540000,37.911930762,128.176693754,37.911476000,128.175450000,37.911995965,128.175159513,37.913044000,128.175310000,37.912635373,128.175072257,37.913050000,128.176210000,37.912753393,128.176502173
321,321,825323900353,64.205,9.997711,37.917260000,128.175080000,1389.000000,16030.233351,10413.908969,-5616.324382,-35.035824,11.611451,74.847773,63.237621,50.577944,46.775690,58.859757,74.847773,37.912600000,128.176160000,37.912600000,128.176160000,37.911490000,128.176910000,37.912154096,128.177043278,37.911686000,128.175830000,37.912195581,128.175511770,37.913260000,128.175600000,37.912837799,128.175387225,37.913284000,128.176500000,37.912944461,128.176813758
322,322,825323900542,64.394,9.997711,37.917270000,128.175170000,1389.000000,14478.390673,9989.886410,-4488.504264,-31.001403,10.502931,64.190786,58.962790,41.851364,45.795852,52.700198,64.190786,37.912800000,128.176470000,37.912800000,128.176470000,37.911858000,128.177220000,37.912423797,128.177361045,37.911976000,128.176160000,37.912440168,128.175836597,37.913395000,128.175890000,37.913058114,128.175678468,37.913498000,128.176770000,37.913178831,128.177099002
323,323,825323900744,64.596,9.997711,37.917286000,128.175250000,1390.000000,13309.004634,9423.033898,-3885.970736,-29.198057,7.529105,68.565963,41.559111,43.117561,41.303488,48.636531,68.565963,37.913074000,128.176820000,37.913074000,128.176820000,37.912197000,128.177600000,37.912807796,128.177700675,37.912390000,128.176530000,37.912672380,128.176220461,37.913643000,128.176200000,37.913284648,128.176013672,37.913746000,128.177100000,37.913475454,128.177421841
324,324,825323900948,64.800,9.997711,37.917305000,128.175320000,1390.000000,13203.039289,9105.126401,-4097.912888,-31.037648,6.370510,69.401926,40.301348,46.708026,42.678602,49.772476,69.401926,37.913273000,128.177060000,37.913273000,128.177060000,37.912460000,128.177870000,37.913081874,128.177926128,37.912586000,128.176800000,37.912848547,128.176484041,37.913857000,128.176420000,37.913461600,128.176242045,37.913967000,128.177300000,37.913693735,128.177640850
325,325,825323901150,65.002,9.997711,37.917324000,128.175400000,1391.000000,12953.159638,9368.494198,-3584.665440,-27.674062,2.316754,59.687029,37.745452,48.394318,42.912020,47.184705,59.687029,37.913494000,128.177320000,37.913494000,128.177320000,37.912790000,128.178130000,37.913322643,128.178207905,37.912827000,128.177080000,37.913059060,128.176766640,37.914085000,128.176640000,37.913667820,128.176484997,37.914223000,128.177520000,37.913951110,128.177866372
326,326,825323901354,65.206,9.997711,37.917347000,128.175480000,1391.000000,12817.034034,9661.754985,-3155.279049,-24.617857,1.626019,55.028924,35.250692,49.310224,43.182447,45.693072,55.028924,37.913700000,128.177540000,37.913700000,128.177540000,37.913055000,128.178330000,37.913539946,128.178451530,37.913025000,128.177300000,37.913245208,128.177011562,37.914284000,128.176820000,37.913852376,128.176693783,37.914444000,128.177690000,37.914184185,128.178055113
327,327,825323901543,65.395,9.997711,37.917397000,128.175630000,1393.000000,13046.204047,9846.982026,-3199.222021,-24.522244,0.490364,55.591504,37.286595,49.982345,42.185355,46.261449,55.591504,37.913930000,128.177730000,37.913930000,128.177730000,37.913300000,128.178560000,37.913795256,128.178641249,37.913230000,128.177550000,37.913446210,128.177225736,37.914505000,128.176990000,37.914064476,128.176879946,37.914692000,128.177860000,37.914438411,128.178216943
328,328,825323901746,65.598,9.997711,37.917427000,128.175720000,1393.000000,13141.828530,9989.762684,-3152.065845,-23.984987,2.922257,58.054303,38.946940,48.203590,39.704857,46.227422,58.054303,37.914146000,128.177890000,37.914146000,128.177890000,37.913530000,128.178740000,37.914049848,128.178792739,37.913406000,128.177750000,37.913635991,128.177415816,37.914696000,128.177120000,37.914268552,128.177032231,37.914900000,128.177980000,37.914682244,128.178338063
329,329,825323901949,65.801,9.997711,37.917454000,128.175780000,1394.000000,13016.155552,9996.131199,-3020.024354,-23.202122,5.087975,59.137413,42.013836,48.278337,35.941477,46.342766,59.137413,37.914402000,128.178050000,37.914402000,128.178050000,37.913826000,128.178920000,37.914357008,128.178939915,37.913628000,128.177980000,37.913870149,128.177613053,37.914930000,128.177290000,37.914504810,128.177181687,37.915160000,128.178130000,37.914962544,128.178453793
330,330,825323902152,66.004,9.997711,37.917480000,128.175860000,1395.000000,13101.865001,9952.350044,-3149.514957,-24.038677,4.766383,59.170917,42.160564,48.501769,37.322645,46.788974,59.170917,37.914570000,128.178160000,37.914570000,128.178160000,37.914013000,128.179050000,37.914544537,128.179047161,37.913776000,128.178120000,37.914017970,128.177750689,37.915077000,128.177380000,37.914646314,128.177296466,37.915330000,128.178200000,37.915134728,128.178545457
331,331,825323902356,66.208,9.997711,37.917515000,128.175930000,1396.000000,12924.482147,9763.853660,-3160.628486,-24.454585,3.920428,59.910266,37.705240,49.960761,34.934789,45.627764,59.910266,37.914790000,128.178280000,37.914790000,128.178280000,37.914265000,128.179170000,37.914802981,128.179151317,37.914005000,128.178250000,37.914212411,128.177910575,37.915268000,128.177490000,37.914821911,128.177427508,37.915543000,128.178310000,37.915363178,128.178636009
332,332,825323902543,66.395,9.997711,37.917550000,128.176010000,1397.000000,12511.832289,9592.678152,-2919.154137,-23.331148,4.435707,60.926955,35.928405,50.027055,32.285203,44.791904,60.926955,37.915010000,128.178390000,37.915010000,128.178390000,37.914513000,128.179280000,37.915059588,128.179244236,37.914227000,128.178390000,37.914414503,128.178057017,37.915450000,128.177600000,37.915002458,128.177548250,37.915745000,128.178400000,37.915593721,128.178713646
333,333,825323902746,66.598,9.997711,37.917580000,128.176070000,1397.000000,12318.768284,9405.568199,-2913.200085,-23.648469,4.159202,60.401905,36.451894,51.595601,30.532919,44.745579,60.401905,37.915188000,128.178470000,37.915188000,128.178470000,37.914715000,128.179350000,37.915257133,128.179321495,37.914400000,128.178500000,37.914589581,128.178161574,37.915607000,128.177670000,37.915144018,128.177642460,37.915916000,128.178470000,37.915776513,128.178769352
334,334,825323902950,66.802,9.997711,37.917618000,128.176150000,1398.000000,12150.192230,9346.455888,-2803.736343,-23.075654,2.336484,58.406964,34.348017,53.804524,31.240288,44.449948,58.406964,37.915382000,128.178560000,37.915382000,128.178560000,37.914940000,128.179440000,37.915464456,128.179420638,37.914604000,128.178600000,37.914779136,128.178277999,37.915790000,128.177750000,37.915306691,128.177743693,37.916110000,128.178530000,37.915972203,128.178839888
335,335,825323903154,67.006,9.997711,37.917652000,128.176210000,1399.000000,12206.818061,9274.923134,-2931.894927,-24.018503,2.375295,59.599716,33.205486,53.628911,31.613649,44.511941,59.599716,37.915550000,128.178620000,37.915550000,128.178620000,37.915115000,128.179530000,37.915649020,128.179481429,37.914776000,128.178680000,37.914940044,128.178364211,37.915930000,128.177810000,37.915448257,128.177814574,37.916280000,128.178570000,37.916140967,128.178883885
336,336,825323903341,67.193,9.997711,37.917694000,128.176280000,1400.000000,11915.752577,9224.584946,-2691.167631,-22.584957,1.685823,59.428925,30.394447,55.615998,33.230277,44.667412,59.428925,37.915707000,128.178700000,37.915707000,128.178700000,37.915295000,128.179580000,37.915828429,128.179552835,37.914944000,128.178760000,37.915091334,128.178468619,37.916080000,128.177870000,37.915581113,128.177903983,37.916443000,128.178600000,37.916305980,128.178936168
337,337,825323903545,67.397,9.997711,37.917730000,128.176350000,1401.000000,12047.261114,9133.068800,-2914.192315,-24.189667,0.882165,60.717413,26.949268,58.511423,30.401313,44.144854,60.717413,37.915897000,128.178770000,37.915897000,128.178770000,37.915512000,128.179670000,37.916054444,128.179597714,37.915154000,128.178830000,37.915279063,128.178567254,37.916267000,128.177920000,37.915743820,128.177984081,37.916640000,128.178650000,37.916511717,128.178955604
338,338,825323903748,67.600,9.997711,37.917767000,128.176400000,1402.000000,11917.455438,9050.342246,-2867.113192,-24.058099,2.883605,64.035834,29.076311,57.831743,25.964415,44.227076,64.035834,37.916058000,128.178800000,37.916058000,128.178800000,37.915680000,128.179720000,37.916247092,128.179597681,37.915310000,128.178900000,37.915442456,128.178614645,37.916405000,128.177960000,37.915887555,128.178018679,37.916790000,128.178670000,37.916688208,128.178936009
339,339,825323903951,67.803,9.997711,37.917810000,128.176480000,1403.000000,11732.902665,8968.435941,-2764.466725,-23.561661,2.677690,64.878384,27.852777,58.721772,25.287602,44.185134,64.878384,37.916225000,128.178850000,37.916225000,128.178850000,37.915867000,128.179750000,37.916440862,128.179621026,37.915478000,128.178960000,37.915607341,128.178688509,37.916557000,128.178000000,37.916033250,128.178079657,37.916960000,128.178680000,37.916864523,128.178941276
340,340,825323904154,68.006,9.997711,37.917847000,128.176540000,1404.000000,11800.234192,8914.708520,-2885.525672,-24.453122,3.084555,66.896629,27.589927,59.764882,24.823326,44.768691,66.896629,37.916390000,128.178880000,37.916390000,128.178880000,37.916046000,128.179800000,37.916631106,128.179626277,37.915640000,128.179020000,37.915766952,128.178750182,37.916706000,128.178020000,37.916175366,128.178123484,37.917126000,128.178670000,37.917034365,128.178927690
341,341,825323904342,68.194,9.997711,37.917885000,128.176600000,1405.000000,11625.075052,8887.054798,-2738.020254,-23.552710,2.473899,66.714952,26.272454,60.689380,25.130928,44.701929,66.714952,37.916510000,128.178900000,37.916510000,128.178900000,37.916180000,128.179820000,37.916761346,128.179635393,37.915760000,128.179060000,37.915876491,128.178799822,37.916817000,128.178050000,37.916278696,128.178159422,37.917244000,128.178670000,37.917151136,128.178930830
342,342,825323904546,68.398,9.997711,37.917930000,128.176680000,1406.000000,11490.576960,8855.025416,-2635.551545,-22.936634,2.257891,67.322534,24.761713,61.934247,23.383949,44.350611,67.322534,37.916683000,128.178920000,37.916683000,128.178920000,37.916370000,128.179840000,37.916952542,128.179634084,37.915930000,128.179120000,37.916033389,128.178870350,37.916973000,128.178070000,37.916426771,128.178204000,37.917408000,128.178680000,37.917318783,128.178921061
343,343,825323904749,68.601,9.997711,37.917973000,128.176730000,1407.000000,11444.999939,8816.810929,-2628.189010,-22.963644,1.465083,68.076968,20.817468,62.792375,23.086844,43.693414,68.076968,37.916813000,128.178940000,37.916813000,128.178940000,37.916515000,128.179870000,37.917097688,128.179634684,37.916070000,128.179140000,37.916153947,128.178928180,37.917090000,128.178090000,37.916538810,128.178241943,37.917534000,128.178680000,37.917444664,128.178917247
344,344,825323904953,68.805,9.997711,37.918020000,128.176800000,1409.000000,11204.288743,8679.824448,-2524.464295,-22.531232,2.208338,69.334845,20.459481,63.154643,20.963942,43.478228,69.334845,37.916965000,128.178940000,37.916965000,128.178940000,37.916676000,128.179870000,37.917264708,128.179612212,37.916220000,128.179170000,37.916302464,128.178961797,37.917225000,128.178100000,37.916672325,128.178262386,37.917667000,128.178680000,37.917589894,128.178897788
345,345,825323905156,69.008,9.997711,37.918060000,128.176860000,1410.000000,11094.092505,8515.656420,-2578.436084,-23.241523,4.057992,71.599099,20.693693,63.106599,17.697071,43.274115,71.599099,37.917095000,128.178940000,37.917095000,128.178940000,37.916810000,128.179890000,37.917407985,128.179589761,37.916348000,128.179200000,37.916432849,128.178990340,37.917340000,128.178120000,37.916787448,128.178280628,37.917780000,128.178700000,37.917712454,128.178882421
346,346,825323905343,69.195,9.997711,37.918102000,128.176910000,1411.000000,10972.114262,8304.339903,-2667.774359,-24.314132,5.332494,74.377568,20.999434,63.401096,15.475623,43.563430,74.377568,37.917240000,128.178940000,37.917240000,128.178940000,37.916958000,128.179900000,37.917570630,128.179561996,37.916490000,128.179230000,37.916583798,128.179022536,37.917465000,128.178130000,37.916912369,128.178304619,37.917910000,128.178700000,37.917849000,128.178858350
347,347,825323905547,69.399,9.997711,37.918150000,128.176990000,1412.000000,10880.150577,8109.310287,-2770.840290,-25.466930,5.352536,74.965324,20.013490,63.601688,14.365926,43.236607,74.965324,37.917374000,128.178940000,37.917374000,128.178940000,37.917103000,128.179900000,37.917714536,128.179542538,37.916630000,128.179240000,37.916723709,128.179045513,37.917583000,128.178130000,37.917032796,128.178325182,37.918034000,128.178700000,37.917974201,128.178844962
348,348,825323905750,69.602,9.997711,37.918194000,128.177030000,1413.000000,10658.999649,7985.858339,-2673.141310,-25.078726,5.894585,75.523360,19.857500,63.784214,13.022001,43.046769,75.523360,37.917490000,128.178940000,37.917490000,128.178940000,37.917230000,128.179900000,37.917841665,128.179527957,37.916748000,128.179260000,37.916845581,128.179070714,37.917686000,128.178150000,37.917134150,128.178345440,37.918140000,128.178700000,37.918082738,128.178829301
349,349,825323905954,69.806,9.997711,37.918236000,128.177100000,1414.000000,10489.661717,7846.988715,-2642.673002,-25.193119,5.531707,74.304286,19.847372,65.423079,12.247271,42.955502,74.304286,37.917610000,128.178940000,37.917610000,128.178940000,37.917374000,128.179890000,37.917972314,128.179514914,37.916878000,128.179280000,37.916974722,128.179090144,37.917805000,128.178150000,37.917241839,128.178363045,37.918255000,128.178700000,37.918195280,128.178817126
350,350,825323906142,69.994,9.997711,37.918236000,128.177100000,1414.000000,10489.661717,7846.988715,-2642.673002,-25.193119,5.531707,74.304286,19.847372,65.423079,12.247271,42.955502,74.304286,37.917610000,128.178940000,37.917610000,128.178940000,37.917374000,128.179890000,37.917972314,128.179514914,37.916878000,128.179280000,37.916974722,128.179090144,37.917805000,128.178150000,37.917241839,128.178363045,37.918255000,128.178700000,37.918195280,128.178817126
351,351,825323906345,70.197,9.997711,37.918285000,128.177150000,1415.000000,10227.551936,7754.043807,-2473.508129,-24.184753,5.127199,73.557409,18.893316,65.348086,11.334632,42.283361,73.557409,37.917717000,128.178940000,37.917717000,128.178940000,37.917492000,128.179870000,37.918087823,128.179507855,37.916992000,128.179280000,37.917090177,128.179104509,37.917900000,128.178160000,37.917338703,128.178377908,37.918354000,128.178700000,37.918296563,128.178806572
352,352,825323906549,70.401,9.997711,37.918330000,128.177220000,1416.000000,9951.022529,7691.448262,-2259.574267,-22.706956,3.896236,71.370911,18.191272,66.741143,10.997453,41.825195,71.370911,37.917830000,128.178940000,37.917830000,128.178940000,37.917625000,128.179840000,37.918210413,128.179508609,37.917118000,128.179290000,37.917213160,128.179121600,37.918010000,128.178160000,37.917440078,128.178395938,37.918465000,128.178700000,37.918402911,128.178797405
353,353,825323906752,70.604,9.997711,37.918380000,128.177280000,1417.000000,9786.527768,7622.414530,-2164.113238,-22.113188,3.246453,70.774402,17.411524,66.978176,10.005734,41.292459,70.774402,37.917934000,128.178940000,37.917934000,128.178940000,37.917736000,128.179820000,37.918322852,128.179509974,37.917230000,128.179290000,37.917326774,128.179134240,37.918102000,128.178160000,37.917534213,128.178412347,37.918564000,128.178710000,37.918501585,128.178791986
354,354,825323906955,70.807,9.997711,37.918427000,128.177320000,1418.000000,9760.703018,7556.673616,-2204.029402,-22.580642,2.837035,71.326092,15.589884,69.349006,8.643442,41.227106,71.326092,37.918056000,128.178940000,37.918056000,128.178940000,37.917873000,128.179820000,37.918463010,128.179503283,37.917366000,128.179290000,37.917462716,128.179161608,37.918220000,128.178160000,37.917637875,128.178441240,37.918686000,128.178730000,37.918615877,128.178772261
355,355,825323907142,70.994,9.997711,37.918472000,128.177380000,1420.000000,9826.824785,7535.145554,-2291.679230,-23.320648,3.611501,72.983401,14.978930,70.214578,7.938657,41.528891,72.983401,37.918150000,128.178940000,37.918150000,128.178940000,37.917973000,128.179840000,37.918569319,128.179494610,37.917470000,128.179290000,37.917566274,128.179170838,37.918310000,128.178160000,37.917722841,128.178452066,37.918777000,128.178740000,37.918706556,128.178754081
356,356,825323907346,71.198,9.997711,37.918526000,128.177440000,1421.000000,9777.101762,7520.264357,-2256.837405,-23.082888,2.972281,74.194062,13.312867,70.506477,8.381895,41.598825,74.194062,37.918243000,128.178960000,37.918243000,128.178960000,37.918068000,128.179860000,37.918673301,128.179506367,37.917572000,128.179290000,37.917667969,128.179199545,37.918396000,128.178180000,37.917808908,128.178481257,37.918870000,128.178740000,37.918795962,128.178757374
357,357,825323907550,71.402,9.997711,37.918570000,128.177490000,1422.000000,9737.937649,7501.992207,-2235.945442,-22.961181,2.415514,75.158544,11.633740,71.826093,8.797042,41.853855,75.158544,37.918330000,128.178970000,37.918330000,128.178970000,37.918163000,128.179870000,37.918773277,128.179503919,37.917675000,128.179290000,37.917764555,128.179221716,37.918480000,128.178180000,37.917887344,128.178503360,37.918957000,128.178740000,37.918878169,128.178747014
358,358,825323907753,71.605,9.997711,37.918625000,128.177550000,1423.000000,9779.764214,7507.756228,-2272.007986,-23.231726,0.634029,76.614620,9.502280,74.425059,9.842061,42.596005,76.614620,37.918438000,128.179000000,37.918438000,128.179000000,37.918280000,128.179890000,37.918899627,128.179510271,37.917800000,128.179280000,37.917884839,128.179268063,37.918587000,128.178180000,37.917984205,128.178546571,37.919067000,128.178740000,37.918978596,128.178741619
359,359,825323907941,71.793,9.997711,37.918670000,128.177600000,1424.000000,9809.228425,7491.546652,-2317.681773,-23.627565,0.830741,77.744565,9.905414,75.302346,10.060182,43.253127,77.744565,37.918514000,128.179020000,37.918514000,128.179020000,37.918358000,128.179900000,37.918985511,128.179511398,37.917880000,128.179280000,37.917967984,128.179296842,37.918655000,128.178180000,37.918053996,128.178573536,37.919140000,128.178740000,37.919049629,128.178740517
360,360,825323908144,71.996,9.997711,37.918716000,128.177660000,1425.000000,9831.503291,7465.306143,-2366.197149,-24.067501,0.213006,81.107836,10.789021,77.682762,11.692278,45.317974,81.107836,37.918620000,128.179030000,37.918620000,128.179030000,37.918472000,128.179930000,37.919110055,128.179484078,37.918000000,128.179280000,37.918087072,128.179333958,37.918760000,128.178190000,37.918144658,128.178607214,37.919247000,128.178730000,37.919143036,128.178711050
361,361,825323908347,72.199,9.997711,37.918762000,128.177700000,1426.000000,9886.580420,7478.071100,-2408.509319,-24.361399,0.353131,82.319159,12.392560,78.226507,12.653742,46.397992,82.319159,37.918694000,128.179030000,37.918694000,128.179030000,37.918550000,128.179930000,37.919192233,128.179465327,37.918070000,128.179280000,37.918165864,128.179351743,37.918827000,128.178190000,37.918211350,128.178619480,37.919320000,128.178730000,37.919210224,128.178692606
362,362,825323908550,72.402,9.997711,37.918816000,128.177760000,1427.000000,9986.524692,7492.343853,-2494.180839,-24.975464,0.621148,84.645264,14.845427,81.115822,14.362664,48.742294,84.645264,37.918797000,128.179050000,37.918797000,128.179050000,37.918660000,128.179950000,37.919309447,128.179448693,37.918175000,128.179300000,37.918279321,128.179405308,37.918926000,128.178190000,37.918300749,128.178664348,37.919422000,128.178730000,37.919299432,128.178678919
