sample_index,log_frame_index,timestamp,time_s,fov_deg,uav_lat,uav_lon,uav_alt,actual_area_m2,predicted_area_m2,area_error_m2,area_error_pct,centroid_error_m,corner_error_c1_m,corner_error_c2_m,corner_error_c3_m,corner_error_c4_m,mean_corner_error_m,max_corner_error_m,actual_center_lat,actual_center_lon,predicted_center_lat,predicted_center_lon,actual_c1_lat,actual_c1_lon,predicted_c1_lat,predicted_c1_lon,actual_c2_lat,actual_c2_lon,predicted_c2_lat,predicted_c2_lon,actual_c3_lat,actual_c3_lon,predicted_c3_lat,predicted_c3_lon,actual_c4_lat,actual_c4_lon,predicted_c4_lat,predicted_c4_lon
0,0,826430641029,0.000,4.400000,38.059590000,127.265860000,750.000000,649.609390,1237.173242,587.563852,90.448793,0.307958,5.991974,8.810373,6.237915,7.998954,7.259804,8.810373,38.061745000,127.267784000,38.061745000,127.267784000,38.061910000,127.267700000,38.061954269,127.267661109,38.061726000,127.267990000,38.061737973,127.268089364,38.061580000,127.267860000,38.061534768,127.267902011,38.061760000,127.267570000,38.061745163,127.267480703
1,1,826430641218,0.189,4.400000,38.059650000,127.265880000,750.000000,710.048553,1278.075249,568.026696,79.998289,0.422528,5.593642,8.810899,5.831174,8.913071,7.287196,8.913071,38.062195000,127.267820000,38.062195000,127.267820000,38.062360000,127.267720000,38.062385881,127.267665296,38.062190000,127.268040000,38.062211418,127.268136777,38.062027000,127.267914000,38.061992256,127.267963790,38.062195000,127.267600000,38.062167539,127.267504475
2,2,826430641423,0.394,4.400000,38.059723000,127.265890000,750.000000,681.606913,1054.460272,372.853359,54.702109,0.329681,4.841377,6.803895,4.874284,6.649852,5.792352,6.803895,38.062267000,127.266570000,38.062267000,127.266570000,38.062393000,127.266410000,38.062391017,127.266354820,38.062325000,127.266780000,38.062356522,127.266846508,38.062145000,127.266730000,38.062135099,127.266784173,38.062210000,127.266365000,38.062178541,127.266300502
3,3,826430641627,0.598,4.400000,38.059795000,127.265915000,750.000000,689.381681,889.963046,200.581365,29.095836,0.399148,3.910799,5.030102,4.380982,3.954772,4.319164,5.030102,38.062412000,127.265190000,38.062412000,127.265190000,38.062470000,127.264980000,38.062455424,127.264939402,38.062540000,127.265340000,38.062563188,127.265389258,38.062355000,127.265396000,38.062372197,127.265440960,38.062286000,127.265030000,38.062265135,127.264993480
4,4,826430641818,0.789,4.400000,38.059868000,127.265930000,749.000000,727.656938,1031.353107,303.696169,41.736174,0.246723,5.031744,3.734752,4.181357,3.921434,4.217322,5.031744,38.062454000,127.263880000,38.062454000,127.263880000,38.062450000,127.263650000,38.062458451,127.263593603,38.062620000,127.263980000,38.062642024,127.264012144,38.062454000,127.264110000,38.062453184,127.264157696,38.062294000,127.263780000,38.062269709,127.263747596
5,5,826430642026,0.997,4.400000,38.059940000,127.265945000,749.000000,689.200277,914.769544,225.569267,32.729132,0.698873,3.967232,4.273485,3.872838,4.077658,4.047804,4.273485,38.062508000,127.264725000,38.062508000,127.264725000,38.062540000,127.264500000,38.062549732,127.264456456,38.062650000,127.264854000,38.062668933,127.264896417,38.062477000,127.264940000,38.062479844,127.264984039,38.062366000,127.264595000,38.062359501,127.264549214
6,6,826430642220,1.191,4.400000,38.060010000,127.265970000,749.000000,641.822104,925.231441,283.409337,44.156992,0.543896,4.168609,6.144124,5.033448,5.499650,5.211458,6.144124,38.062454000,127.265940000,38.062454000,127.265940000,38.062542000,127.265750000,38.062528121,127.265705826,38.062542000,127.266120000,38.062575390,127.266175819,38.062363000,127.266120000,38.062370295,127.266176677,38.062363000,127.265755000,38.062328835,127.265709674
7,7,826430642424,1.395,4.400000,38.060080000,127.265980000,749.000000,632.159177,1054.552098,422.392921,66.817494,0.116028,4.936890,7.153537,5.028817,6.829325,5.987142,7.153537,38.062325000,127.267090000,38.062325000,127.267090000,38.062466000,127.266960000,38.062487241,127.266910554,38.062350000,127.267300000,38.062373064,127.267376180,38.062187000,127.267220000,38.062165736,127.267270622,38.062298000,127.266884000,38.062277919,127.266810373
8,8,826430642632,1.603,4.400000,38.060154000,127.266000000,749.000000,694.317251,1375.827366,681.510114,98.155434,0.859305,6.133749,9.211884,7.005541,9.193340,7.886129,9.211884,38.062553000,127.268100000,38.062553000,127.268100000,38.062725000,127.268010000,38.062774756,127.267979933,38.062540000,127.268310000,38.062551645,127.268414057,38.062386000,127.268170000,38.062335544,127.268217771,38.062570000,127.267876000,38.062536042,127.267780386
9,9,826430642823,1.794,4.400000,38.060226000,127.266020000,749.000000,690.304788,1237.146538,546.841750,79.217436,0.652895,4.732768,8.853203,5.345334,7.516300,6.611901,8.853203,38.062813000,127.267100000,38.062813000,127.267100000,38.062954000,127.266950000,38.062982530,127.266909964,38.062847000,127.267310000,38.062889334,127.267395511,38.062670000,127.267235000,38.062645993,127.267287819,38.062775000,127.266884000,38.062736504,127.266813546
10,10,826430643032,2.003,4.400000,38.060300000,127.266040000,749.000000,668.623977,994.241444,325.617466,48.699639,0.315881,4.291024,7.257320,4.945159,6.422932,5.729109,7.257320,38.062973000,127.265760000,38.062973000,127.265760000,38.063053000,127.265564000,38.063034677,127.265520926,38.063080000,127.265940000,38.063136400,127.265981531,38.062893000,127.265950000,38.062911448,127.266001327,38.062870000,127.265590000,38.062823888,127.265545951
11,11,826430643224,2.195,4.400000,38.060370000,127.266050000,749.000000,702.235348,1028.861727,326.626378,46.512381,0.510432,5.530983,3.415021,4.704914,3.793476,4.361099,5.530983,38.063007000,127.264465000,38.063007000,127.264465000,38.063023000,127.264244000,38.063041553,127.264185458,38.063160000,127.264590000,38.063182164,127.264616940,38.062990000,127.264690000,38.062971586,127.264738319,38.062855000,127.264350000,38.062839331,127.264311565
12,12,826430643430,2.401,4.400000,38.060444000,127.266075000,749.000000,694.741923,1038.325100,343.583177,49.454793,0.303583,5.390822,3.867889,5.219704,3.412430,4.472711,5.390822,38.063040000,127.264404000,38.063040000,127.264404000,38.063050000,127.264180000,38.063068948,127.264123397,38.063194000,127.264520000,38.063220652,127.264548314,38.063030000,127.264626000,38.063008720,127.264679069,38.062885000,127.264290000,38.062869228,127.264256614
13,13,826430643620,2.591,4.400000,38.060513000,127.266090000,749.000000,654.183878,916.424015,262.240138,40.086610,0.813614,3.385996,6.304447,4.543096,4.395978,4.657379,6.304447,38.063000000,127.265564000,38.063000000,127.265564000,38.063060000,127.265360000,38.063049880,127.265323568,38.063114000,127.265724000,38.063160803,127.265764502,38.062935000,127.265760000,38.062954609,127.265805459,38.062880000,127.265400000,38.062849258,127.265368518
14,14,826430643826,2.797,4.400000,38.060585000,127.266106000,749.000000,646.379833,1109.023431,462.643598,71.574572,0.605714,4.425332,7.678704,4.982499,7.438214,6.131187,7.678704,38.062855000,127.266740000,38.062855000,127.266740000,38.062973000,127.266580000,38.062991806,127.266535516,38.062910000,127.266940000,38.062948534,127.267012665,38.062733000,127.266890000,38.062720727,127.266944669,38.062800000,127.266530000,38.062749786,127.266474010
15,15,826430644030,3.001,4.400000,38.060658000,127.266120000,749.000000,632.428381,1275.978061,643.549680,101.758507,0.315287,5.597719,10.260253,6.135631,9.701471,7.923769,10.260253,38.062786000,127.267910000,38.062786000,127.267910000,38.062946000,127.267820000,38.062983592,127.267777580,38.062770000,127.268120000,38.062803878,127.268228870,38.062626000,127.267990000,38.062585477,127.268037452,38.062798000,127.267700000,38.062762185,127.267599090
16,16,826430644221,3.192,4.400000,38.060658000,127.266120000,749.000000,632.428381,1275.978061,643.549680,101.758507,0.315287,5.597719,10.260253,6.135631,9.701471,7.923769,10.260253,38.062786000,127.267910000,38.062786000,127.267910000,38.062946000,127.267820000,38.062983592,127.267777580,38.062770000,127.268120000,38.062803878,127.268228870,38.062626000,127.267990000,38.062585477,127.268037452,38.062798000,127.267700000,38.062762185,127.267599090
17,17,826430644428,3.399,4.400000,38.060802000,127.266160000,749.000000,685.278447,1090.110646,404.832199,59.075577,0.746624,4.032661,9.355010,5.563401,8.430272,6.845336,9.355010,38.063510000,127.265900000,38.063510000,127.265900000,38.063595000,127.265700000,38.063577669,127.265659596,38.063618000,127.266075000,38.063692800,127.266123653,38.063430000,127.266090000,38.063458966,127.266141727,38.063408000,127.265720000,38.063336490,127.265688340
18,18,826430644632,3.603,4.400000,38.060802000,127.266160000,749.000000,685.278447,1090.110646,404.832199,59.075577,0.746624,4.032661,9.355010,5.563401,8.430272,6.845336,9.355010,38.063510000,127.265900000,38.063510000,127.265900000,38.063595000,127.265700000,38.063577669,127.265659596,38.063618000,127.266075000,38.063692800,127.266123653,38.063430000,127.266090000,38.063458966,127.266141727,38.063408000,127.265720000,38.063336490,127.265688340
19,19,826430644824,3.795,4.400000,38.060875000,127.266174000,749.000000,725.011919,1379.439954,654.428035,90.264452,1.069039,5.535800,10.889102,5.227608,7.038339,7.172712,10.889102,38.063534000,127.264565000,38.063534000,127.264565000,38.063553000,127.264336000,38.063574279,127.264278913,38.063690000,127.264680000,38.063787806,127.264678030,38.063515000,127.264786000,38.063497434,127.264841315,38.063380000,127.264440000,38.063316886,127.264444780
20,20,826430645032,4.003,4.400000,38.061020000,127.266210000,748.000000,667.302295,1008.113668,340.811372,51.073011,1.018683,2.912442,8.267217,4.412045,6.218729,5.452608,8.267217,38.063470000,127.265680000,38.063470000,127.265680000,38.063534000,127.265470000,38.063525185,127.265438713,38.063583000,127.265840000,38.063651638,127.265876018,38.063404000,127.265880000,38.063427926,127.265920133,38.063354000,127.265510000,38.063299872,127.265492448
21,21,826430645231,4.202,4.400000,38.061020000,127.266210000,748.000000,667.302295,1008.113668,340.811372,51.073011,1.018683,2.912442,8.267217,4.412045,6.218729,5.452608,8.267217,38.063470000,127.265680000,38.063470000,127.265680000,38.063534000,127.265470000,38.063525185,127.265438713,38.063583000,127.265840000,38.063651638,127.265876018,38.063404000,127.265880000,38.063427926,127.265920133,38.063354000,127.265510000,38.063299872,127.265492448
22,22,826430645431,4.402,4.400000,38.061160000,127.266250000,748.000000,633.741307,1210.086533,576.345226,90.943295,0.472570,5.829782,10.134055,6.231217,8.947947,7.785750,10.134055,38.063274000,127.268000000,38.063274000,127.268000000,38.063440000,127.267920000,38.063471476,127.267866839,38.063255000,127.268200000,38.063284703,127.268309298,38.063110000,127.268074000,38.063078389,127.268132674,38.063290000,127.267790000,38.063257749,127.267696485
23,23,826430645621,4.592,4.400000,38.061234000,127.266266000,748.000000,679.436156,1244.523212,565.087056,83.170001,0.702281,5.457608,9.820103,6.678570,8.329294,7.571394,9.820103,38.063830000,127.267860000,38.063830000,127.267860000,38.063990000,127.267746000,38.064011067,127.267689772,38.063840000,127.268074000,38.063877888,127.268175184,38.063675000,127.267960000,38.063645631,127.268026446,38.063828000,127.267640000,38.063789443,127.267558555
24,24,826430645822,4.793,4.400000,38.061306000,127.266280000,748.000000,675.884164,1120.097406,444.213243,65.723280,0.821003,4.750331,8.316032,5.339423,7.277419,6.420801,8.316032,38.063896000,127.266540000,38.063896000,127.266540000,38.064003000,127.266365000,38.064013034,127.266312320,38.063970000,127.266740000,38.064029726,127.266796994,38.063786000,127.266710000,38.063796563,127.266769426,38.063820000,127.266340000,38.063765968,127.266293258
25,25,826430646026,4.997,4.400000,38.061380000,127.266304000,748.000000,679.297986,1325.922900,646.624914,95.190171,0.429557,6.397309,8.436937,4.925671,9.019923,7.194960,9.019923,38.064000000,127.265210000,38.064000000,127.265210000,38.064040000,127.265000000,38.064062476,127.264932822,38.064137000,127.265360000,38.064211798,127.265375524,38.063960000,127.265430000,38.063939717,127.265479949,38.063866000,127.265076000,38.063786161,127.265058437
26,26,826430646223,5.194,4.400000,38.061450000,127.266320000,748.000000,712.538211,1139.607413,427.069202,59.936323,0.346306,4.583549,7.868452,3.705645,6.951313,5.777240,7.868452,38.064026000,127.264130000,38.064026000,127.264130000,38.064020000,127.263910000,38.063998553,127.263865357,38.064190000,127.264220000,38.064260613,127.264223995,38.064034000,127.264360000,38.064055545,127.264392230,38.063860000,127.264046000,38.063797610,127.264042668
27,27,826430646429,5.400,4.400000,38.061523000,127.266335000,748.000000,655.018966,1270.841182,615.822216,94.015937,0.301874,5.723845,8.367433,5.589348,8.446228,7.031714,8.446228,38.063990000,127.265290000,38.063990000,127.265290000,38.064030000,127.265076000,38.064050810,127.265016280,38.064125000,127.265430000,38.064198018,127.265452662,38.063950000,127.265495000,38.063934258,127.265555558,38.063858000,127.265150000,38.063782547,127.265139866
28,28,826430646621,5.592,4.400000,38.061596000,127.266360000,748.000000,645.135932,1069.778607,424.642675,65.822202,0.872573,3.916289,7.614021,5.609461,6.973714,6.028371,7.614021,38.063953000,127.266490000,38.063953000,127.266490000,38.064053000,127.266304000,38.064064770,127.266261891,38.064030000,127.266680000,38.064083118,127.266734730,38.063850000,127.266655000,38.063856712,127.266718432,38.063873000,127.266300000,38.063821748,127.266254245
29,29,826430646826,5.797,4.400000,38.061670000,127.266370000,748.000000,627.248474,1117.573484,490.325011,78.170778,0.267112,5.855263,7.835425,5.375507,7.923013,6.747302,7.923013,38.063820000,127.267660000,38.063820000,127.267660000,38.063970000,127.267555000,38.063995594,127.267496636,38.063824000,127.267876000,38.063857682,127.267954500,38.063670000,127.267770000,38.063643020,127.267820867,38.063812000,127.267456000,38.063782899,127.267373502
30,30,826430647032,6.003,4.400000,38.061737000,127.266396000,748.000000,671.198640,1229.317319,558.118679,83.152534,0.364029,5.954562,9.766949,6.593878,9.577726,7.973279,9.766949,38.064156000,127.268364000,38.064156000,127.268364000,38.064323000,127.268280000,38.064347042,127.268219309,38.064140000,127.268580000,38.064173154,127.268683176,38.063990000,127.268440000,38.063964447,127.268507874,38.064175000,127.268150000,38.064135496,127.268052920
31,31,826430647223,6.194,4.400000,38.061800000,127.266410000,748.000000,654.479763,1155.245396,500.765633,76.513540,0.478966,5.874312,8.044603,5.667945,7.046131,6.658248,8.044603,38.064280000,127.267800000,38.064280000,127.267800000,38.064434000,127.267685000,38.064468062,127.267633808,38.064293000,127.268010000,38.064320044,127.268095118,38.064130000,127.267914000,38.064105561,127.267970733,38.064270000,127.267586000,38.064243465,127.267513011
32,32,826430647429,6.400,4.400000,38.061870000,127.266426000,748.000000,647.976515,1193.685814,545.709298,84.217450,0.193251,5.594669,7.738492,5.217650,7.219139,6.442488,7.738492,38.064342000,127.266396000,38.064342000,127.266396000,38.064434000,127.266210000,38.064460071,127.266155427,38.064430000,127.266580000,38.064484189,127.266635307,38.064250000,127.266580000,38.064226997,127.266631870,38.064255000,127.266210000,38.064200407,127.266165542
33,33,826430647618,6.589,4.400000,38.061943000,127.266450000,748.000000,660.757014,1132.875463,472.118448,71.451144,0.570191,5.135636,5.908554,5.133940,6.618942,5.699268,6.618942,38.064396000,127.265114000,38.064396000,127.265114000,38.064420000,127.264900000,38.064420806,127.264841412,38.064545000,127.265240000,38.064593254,127.265268081,38.064377000,127.265330000,38.064364836,127.265386503,38.064255000,127.264990000,38.064197953,127.264968708
34,34,826430647825,6.796,4.400000,38.061943000,127.266450000,748.000000,660.757014,1132.875463,472.118448,71.451144,0.570191,5.135636,5.908554,5.133940,6.618942,5.699268,6.618942,38.064396000,127.265114000,38.064396000,127.265114000,38.064420000,127.264900000,38.064420806,127.264841412,38.064545000,127.265240000,38.064593254,127.265268081,38.064377000,127.265330000,38.064364836,127.265386503,38.064255000,127.264990000,38.064197953,127.264968708
35,35,826430648030,7.001,4.400000,38.062157000,127.266500000,748.000000,633.536390,1111.593266,478.056875,75.458471,0.344990,5.164030,7.006862,4.750900,6.924593,5.961596,7.006862,38.064404000,127.266840000,38.064404000,127.266840000,38.064514000,127.266670000,38.064541293,127.266622357,38.064470000,127.267040000,38.064514263,127.267096841,38.064293000,127.267006000,38.064275527,127.267055455,38.064340000,127.266650000,38.064298314,127.266591358
36,36,826430648220,7.191,4.400000,38.062157000,127.266500000,748.000000,633.536390,1111.593266,478.056875,75.458471,0.344990,5.164030,7.006862,4.750900,6.924593,5.961596,7.006862,38.064404000,127.266840000,38.064404000,127.266840000,38.064514000,127.266670000,38.064541293,127.266622357,38.064470000,127.267040000,38.064514263,127.267096841,38.064293000,127.267006000,38.064275527,127.267055455,38.064340000,127.266650000,38.064298314,127.266591358
37,37,826430648428,7.399,4.400000,38.062157000,127.266500000,748.000000,633.536390,1111.593266,478.056875,75.458471,0.344990,5.164030,7.006862,4.750900,6.924593,5.961596,7.006862,38.064404000,127.266840000,38.064404000,127.266840000,38.064514000,127.266670000,38.064541293,127.266622357,38.064470000,127.267040000,38.064514263,127.267096841,38.064293000,127.267006000,38.064275527,127.267055455,38.064340000,127.266650000,38.064298314,127.266591358
38,38,826430648619,7.590,4.400000,38.062230000,127.266520000,748.000000,621.395007,1108.296447,486.901440,78.356188,1.291944,5.636247,8.909003,5.837131,6.245035,6.656854,8.909003,38.064340000,127.268030000,38.064340000,127.268030000,38.064495000,127.267930000,38.064535156,127.267890831,38.064335000,127.268234000,38.064364407,127.268328539,38.064186000,127.268120000,38.064162214,127.268179354,38.064346000,127.267815000,38.064328012,127.267747508
39,39,826430648826,7.797,4.400000,38.062374000,127.266556000,748.000000,648.114104,1151.164019,503.049915,77.617492,0.188447,5.344839,7.100003,5.519148,7.274107,6.309524,7.274107,38.064780000,127.267010000,38.064780000,127.267010000,38.064900000,127.266846000,38.064923313,127.266792688,38.064846000,127.267210000,38.064883553,127.267275479,38.064667000,127.267170000,38.064642663,127.267224864,38.064720000,127.266815000,38.064677480,127.266751979
40,40,826430649032,8.003,4.400000,38.062374000,127.266556000,748.000000,648.114104,1151.164019,503.049915,77.617492,0.188447,5.344839,7.100003,5.519148,7.274107,6.309524,7.274107,38.064780000,127.267010000,38.064780000,127.267010000,38.064900000,127.266846000,38.064923313,127.266792688,38.064846000,127.267210000,38.064883553,127.267275479,38.064667000,127.267170000,38.064642663,127.267224864,38.064720000,127.266815000,38.064677480,127.266751979
41,41,826430649223,8.194,4.400000,38.062515000,127.266594000,748.000000,657.635678,1015.975373,358.339695,54.489090,0.161162,4.676875,6.286865,4.322849,6.099646,5.346559,6.286865,38.064857000,127.264480000,38.064857000,127.264480000,38.064840000,127.264270000,38.064812594,127.264229554,38.065025000,127.264565000,38.065080989,127.264574400,38.064877000,127.264694000,38.064896762,127.264736459,38.064693000,127.264404000,38.064639417,127.264389451
42,42,826430649431,8.402,4.400000,38.062588000,127.266620000,748.000000,653.912330,1096.580069,442.667739,67.695273,0.800308,4.890765,7.803508,4.477168,5.474124,5.661391,7.803508,38.065000000,127.265274000,38.065000000,127.265274000,38.065018000,127.265060000,38.065017284,127.265004204,38.065144000,127.265396000,38.065211383,127.265420550,38.064980000,127.265490000,38.064986690,127.265540372,38.064854000,127.265150000,38.064809001,127.265124811
43,43,826430649623,8.594,4.400000,38.062660000,127.266630000,748.000000,625.506855,1101.565278,476.058424,76.107627,0.337080,5.354277,6.880097,5.396353,6.367439,5.999541,6.880097,38.064970000,127.266500000,38.064970000,127.266500000,38.065050000,127.266310000,38.065071834,127.266255565,38.065060000,127.266680000,38.065105761,127.266732764,38.064884000,127.266685000,38.064864225,127.266741216,38.064873000,127.266330000,38.064837179,127.266273359
44,44,826430649829,8.800,4.400000,38.062733000,127.266650000,748.000000,610.116893,1148.138307,538.021415,88.183334,0.456221,5.810862,7.813367,6.314698,6.602700,6.635407,7.813367,38.064880000,127.267680000,38.064880000,127.267680000,38.065020000,127.267550000,38.065060238,127.267507765,38.064903000,127.267880000,38.064929176,127.267962718,38.064743000,127.267800000,38.064699878,127.267846811,38.064857000,127.267470000,38.064829930,127.267402968
45,45,826430650018,8.989,4.400000,38.062805000,127.266670000,748.000000,658.252151,1275.007027,616.754875,93.695839,0.424980,6.547878,8.857424,6.584155,7.059999,7.262364,8.857424,38.065197000,127.268360000,38.065197000,127.268360000,38.065357000,127.268260000,38.065406028,127.268218722,38.065193000,127.268570000,38.065219205,127.268665424,38.065040000,127.268456000,38.064990120,127.268496372,38.065200000,127.268140000,38.065178262,127.268064325
46,46,826430650225,9.196,4.400000,38.062878000,127.266685000,748.000000,627.967873,1167.577731,539.609858,85.929533,0.497860,6.318914,7.780713,4.927635,7.415304,6.610642,7.780713,38.065258000,127.267110000,38.065258000,127.267110000,38.065370000,127.266950000,38.065401834,127.266890306,38.065320000,127.267310000,38.065366320,127.267376484,38.065144000,127.267280000,38.065119379,127.267326725,38.065197000,127.266920000,38.065157294,127.266852066
47,47,826430650417,9.388,4.400000,38.062946000,127.266710000,748.000000,630.065041,1104.866629,474.801588,75.357552,0.348335,5.287404,6.588152,5.340568,7.172490,6.097154,7.172490,38.065310000,127.266120000,38.065310000,127.266120000,38.065370000,127.265920000,38.065375183,127.265860031,38.065430000,127.266280000,38.065477531,127.266324786,38.065254000,127.266320000,38.065241506,127.266378833,38.065197000,127.265970000,38.065144693,127.265922214
48,48,826430650623,9.594,4.400000,38.063020000,127.266720000,748.000000,654.553389,1035.031117,380.477728,58.127837,0.431164,4.060182,6.284177,5.019959,5.408287,5.193151,6.284177,38.065320000,127.264850000,38.065320000,127.264850000,38.065308000,127.264630000,38.065298479,127.264585280,38.065480000,127.264940000,38.065533649,127.264962311,38.065327000,127.265060000,38.065341518,127.265114228,38.065160000,127.264760000,38.065114343,127.264738907
49,49,826430650830,9.801,4.400000,38.063090000,127.266750000,747.000000,654.308139,1042.168260,387.860122,59.277900,0.317269,4.594816,6.316186,4.545199,5.822458,5.319665,6.316186,38.065470000,127.265144000,38.065470000,127.265144000,38.065470000,127.264930000,38.065463924,127.264878144,38.065624000,127.265250000,38.065676033,127.265278736,38.065464000,127.265360000,38.065478063,127.265408688,38.065315000,127.265040000,38.065266341,127.265015633
50,50,826430651020,9.991,4.400000,38.063090000,127.266750000,747.000000,654.308139,1042.168260,387.860122,59.277900,0.317269,4.594816,6.316186,4.545199,5.822458,5.319665,6.316186,38.065470000,127.265144000,38.065470000,127.265144000,38.065470000,127.264930000,38.065463924,127.264878144,38.065624000,127.265250000,38.065676033,127.265278736,38.065464000,127.265360000,38.065478063,127.265408688,38.065315000,127.265040000,38.065266341,127.265015633
51,51,826430651227,10.198,4.400000,38.063164000,127.266760000,747.000000,631.980929,1094.103395,462.122466,73.122850,0.232712,5.153137,6.811732,5.215489,6.275948,5.864076,6.811732,38.065453000,127.266360000,38.065453000,127.266360000,38.065517000,127.266160000,38.065533507,127.266105068,38.065560000,127.266525000,38.065606007,127.266576244,38.065384000,127.266556000,38.065369945,127.266612768,38.065342000,127.266200000,38.065301498,127.266150188
52,52,826430651418,10.389,4.400000,38.063310000,127.266800000,747.000000,610.454896,1194.952826,584.497930,95.747931,0.445100,6.317725,8.011045,6.998761,7.295704,7.155809,8.011045,38.065296000,127.268700000,38.065296000,127.268700000,38.065460000,127.268630000,38.065509050,127.268593739,38.065270000,127.268906000,38.065280660,127.268996397,38.065140000,127.268770000,38.065081338,127.268798727,38.065327000,127.268490000,38.065310074,127.268409580
53,53,826430651626,10.597,4.400000,38.063380000,127.266820000,747.000000,629.573765,1162.212567,532.638802,84.603081,0.493330,6.074450,7.992937,5.847568,6.430492,6.586362,7.992937,38.065712000,127.267975000,38.065712000,127.267975000,38.065853000,127.267845000,38.065894582,127.267800119,38.065730000,127.268180000,38.065758302,127.268263816,38.065570000,127.268100000,38.065532811,127.268147122,38.065690000,127.267760000,38.065667325,127.267692517
54,54,826430651832,10.803,4.400000,38.063450000,127.266840000,747.000000,621.377695,1127.416429,506.038735,81.438188,0.259269,6.064669,6.961466,5.520203,6.995178,6.385379,6.995178,38.065804000,127.266490000,38.065804000,127.266490000,38.065876000,127.266300000,38.065892340,127.266233988,38.065910000,127.266660000,38.065957189,127.266712122,38.065735000,127.266685000,38.065715693,127.266743016,38.065700000,127.266330000,38.065655173,127.266274067
55,55,826430652023,10.994,4.400000,38.063522000,127.266860000,747.000000,642.607315,1023.891486,381.284171,59.333929,0.317857,4.994293,5.673287,3.950200,6.039160,5.164235,6.039160,38.065810000,127.265210000,38.065810000,127.265210000,38.065807000,127.265000000,38.065801126,127.264943505,38.065970000,127.265310000,38.066016080,127.265337652,38.065815000,127.265430000,38.065821330,127.265474349,38.065660000,127.265114000,38.065611041,127.265084316
56,56,826430652228,11.199,4.400000,38.063595000,127.266880000,747.000000,657.142829,1081.031907,423.889078,64.504863,0.240192,5.196800,6.390624,4.764764,5.415378,5.441892,6.390624,38.065960000,127.265020000,38.065960000,127.265020000,38.065950000,127.264810000,38.065943499,127.264751282,38.066120000,127.265114000,38.066174601,127.265136521,38.065968000,127.265236000,38.065973053,127.265289986,38.065796000,127.264930000,38.065750669,127.264907577
57,57,826430652419,11.390,4.400000,38.063667000,127.266900000,747.000000,625.571648,1105.880558,480.308909,76.779200,0.425804,4.548579,7.582985,5.654604,6.328059,6.028557,7.582985,38.065950000,127.266230000,38.065950000,127.266230000,38.065994000,127.266020000,38.066002484,127.265969232,38.066070000,127.266380000,38.066126956,127.266427462,38.065900000,127.266430000,38.065887167,127.266492427,38.065826000,127.266080000,38.065779318,127.266038797
58,58,826430652625,11.596,4.400000,38.063730000,127.266914000,747.000000,605.205968,1090.726120,485.520152,80.223953,0.259431,6.018472,6.845470,5.396481,6.682147,6.235642,6.845470,38.065887000,127.267130000,38.065887000,127.267130000,38.065987000,127.266960000,38.066016271,127.266902264,38.065956000,127.267320000,38.065993347,127.267382053,38.065784000,127.267300000,38.065761743,127.267354701,38.065815000,127.266945000,38.065779722,127.266883313
59,59,826430652832,11.803,4.400000,38.063730000,127.266914000,747.000000,605.205968,1090.726120,485.520152,80.223953,0.259431,6.018472,6.845470,5.396481,6.682147,6.235642,6.845470,38.065887000,127.267130000,38.065887000,127.267130000,38.065987000,127.266960000,38.066016271,127.266902264,38.065956000,127.267320000,38.065993347,127.267382053,38.065784000,127.267300000,38.065761743,127.267354701,38.065815000,127.266945000,38.065779722,127.266883313
60,60,826430653023,11.994,4.400000,38.063797000,127.266930000,747.000000,598.206309,1115.709605,517.503296,86.509167,0.041295,6.144573,7.447646,5.953342,7.089519,6.658770,7.447646,38.065830000,127.268234000,38.065830000,127.268234000,38.065980000,127.268130000,38.066021939,127.268084417,38.065834000,127.268440000,38.065852582,127.268521634,38.065685000,127.268340000,38.065643441,127.268382753,38.065826000,127.268030000,38.065808227,127.267952322
61,61,826430653228,12.199,4.400000,38.063870000,127.266950000,747.000000,617.676973,1270.102604,652.425631,105.625701,0.232812,7.128558,8.791275,6.585441,8.346072,7.712836,8.791275,38.066170000,127.268684000,38.066170000,127.268684000,38.066330000,127.268590000,38.066387285,127.268553648,38.066162000,127.268890000,38.066182064,127.268987018,38.066013000,127.268776000,38.065962279,127.268814672,38.066180000,127.268480000,38.066158923,127.268388611
62,62,826430653419,12.390,4.400000,38.063942000,127.266970000,747.000000,619.847142,1169.435597,549.588455,88.665159,0.772776,6.693242,7.864377,5.546635,6.562089,6.666586,7.864377,38.066240000,127.267460000,38.066240000,127.267460000,38.066353000,127.267300000,38.066394351,127.267244558,38.066290000,127.267660000,38.066335070,127.267729101,38.066124000,127.267624000,38.066091193,127.267671633,38.066177000,127.267265000,38.066150780,127.267197940
63,63,826430653627,12.598,4.400000,38.064087000,127.267006000,747.000000,657.812990,1062.528586,404.715596,61.524415,0.661290,4.786552,7.022880,3.921226,5.532355,5.315753,7.022880,38.066296000,127.264950000,38.066296000,127.264950000,38.066273000,127.264740000,38.066260814,127.264687624,38.066460000,127.265030000,38.066522678,127.265039113,38.066320000,127.265170000,38.066330106,127.265212861,38.066130000,127.264880000,38.066083883,127.264856472
64,64,826430653817,12.788,4.400000,38.064160000,127.267030000,747.000000,668.884944,1066.328132,397.443188,59.418767,0.280162,4.486290,6.710275,4.150622,5.867017,5.303551,6.710275,38.066444000,127.265500000,38.066444000,127.265500000,38.066450000,127.265280000,38.066445151,127.265229183,38.066597000,127.265600000,38.066650647,127.265634915,38.066440000,127.265720000,38.066449378,127.265765837,38.066290000,127.265396000,38.066241235,127.265370604
65,65,826430654023,12.994,4.400000,38.064228000,127.267044000,747.000000,605.079607,1069.196551,464.116944,76.703452,0.655132,5.207128,6.775322,5.742302,6.879467,6.151055,6.879467,38.066420000,127.266830000,38.066420000,127.266830000,38.066498000,127.266640000,38.066505015,127.266581258,38.066520000,127.267000000,38.066558874,127.267059484,38.066350000,127.267020000,38.066326213,127.267078139,38.066326000,127.266660000,38.066280747,127.266606543
66,66,826430654229,13.200,4.400000,38.064300000,127.267070000,747.000000,576.104334,1128.606740,552.502406,95.903185,0.049848,6.543721,7.606244,6.094310,7.248853,6.873282,7.606244,38.066338000,127.267990000,38.066338000,127.267990000,38.066470000,127.267860000,38.066515110,127.267812127,38.066360000,127.268190000,38.066386805,127.268269831,38.066204000,127.268120000,38.066160652,127.268162472,38.066315000,127.267790000,38.066288084,127.267714686
67,67,826430654453,13.424,4.400000,38.064373000,127.267080000,747.000000,598.542191,1220.128052,621.585862,103.849966,0.142128,6.933669,8.230264,6.906201,8.639765,7.677475,8.639765,38.066513000,127.268936000,38.066513000,127.268936000,38.066677000,127.268860000,38.066730493,127.268819472,38.066490000,127.269140000,38.066503398,127.269232354,38.066353000,127.269010000,38.066299159,127.269049151,38.066536000,127.268740000,38.066520342,127.268643446
68,68,826430654627,13.598,4.400000,38.064445000,127.267105000,747.000000,605.491994,1177.252551,571.760557,94.429086,0.088105,6.410952,7.547895,6.879783,7.434908,7.068385,7.547895,38.066692000,127.268180000,38.066692000,127.268180000,38.066830000,127.268050000,38.066873277,127.268001737,38.066710000,127.268390000,38.066738988,127.268467855,38.066555000,127.268300000,38.066509022,127.268352456,38.066670000,127.267975000,38.066643789,127.267896972
69,69,826430654829,13.800,4.400000,38.064518000,127.267120000,747.000000,606.520855,1073.011127,466.490272,76.912487,0.200593,5.324837,7.241336,5.509754,6.982321,6.264562,7.241336,38.066742000,127.266950000,38.066742000,127.266950000,38.066820000,127.266760000,38.066833506,127.266701715,38.066833000,127.267120000,38.066875036,127.267183056,38.066660000,127.267136000,38.066648235,127.267197065,38.066647000,127.266780000,38.066602928,127.266723311
70,70,826430655018,13.989,4.400000,38.064587000,127.267140000,747.000000,622.598647,1078.368241,455.769594,73.204398,0.846406,4.540795,7.301283,6.002537,5.953629,5.949561,7.301283,38.066784000,127.265720000,38.066784000,127.265720000,38.066788000,127.265500000,38.066790432,127.265448281,38.066933000,127.265816000,38.066989700,127.265857877,38.066776000,127.265920000,38.066780995,127.265988196,38.066635000,127.265610000,38.066585012,127.265585849
71,71,826430655224,14.195,4.400000,38.064660000,127.267160000,747.000000,697.660197,1092.462674,394.802477,56.589509,0.940989,4.044438,5.975989,5.072284,6.247572,5.335071,6.247572,38.067024000,127.264984000,38.067024000,127.264984000,38.067000000,127.264760000,38.066987311,127.264716758,38.067196000,127.265050000,38.067239630,127.265089729,38.067047000,127.265200000,38.067052693,127.265257422,38.066856000,127.264910000,38.066801573,127.264892611
72,72,826430655432,14.403,4.400000,38.064730000,127.267180000,747.000000,617.153482,1088.154727,471.001246,76.318332,0.465522,4.366567,7.404024,5.805558,6.919281,6.123858,7.404024,38.066930000,127.266230000,38.066930000,127.266230000,38.066963000,127.266014000,38.066961938,127.265964195,38.067066000,127.266360000,38.067123311,127.266402871,38.066902000,127.266430000,38.066896747,127.266495906,38.066800000,127.266100000,38.066745591,127.266061829
73,73,826430655621,14.592,4.400000,38.064730000,127.267180000,747.000000,617.153482,1088.154727,471.001246,76.318332,0.465522,4.366567,7.404024,5.805558,6.919281,6.123858,7.404024,38.066930000,127.266230000,38.066930000,127.266230000,38.066963000,127.266014000,38.066961938,127.265964195,38.067066000,127.266360000,38.067123311,127.266402871,38.066902000,127.266430000,38.066896747,127.266495906,38.066800000,127.266100000,38.066745591,127.266061829
74,74,826430655826,14.797,4.400000,38.064804000,127.267200000,747.000000,562.758907,1085.745718,522.986812,92.932658,0.337724,6.182685,7.458594,6.086172,7.762617,6.872517,7.762617,38.066833000,127.267860000,38.066833000,127.267860000,38.066956000,127.267720000,38.066985671,127.267660365,38.066870000,127.268060000,38.066903517,127.268133690,38.066715000,127.268005000,38.066678009,127.268056136,38.066795000,127.267670000,38.066762518,127.267591623
75,75,826430656021,14.992,4.400000,38.064950000,127.267235000,747.000000,589.756421,1158.406755,568.650334,96.421220,0.463898,6.156621,8.050592,6.743789,7.885349,7.209088,8.050592,38.067158000,127.268280000,38.067158000,127.268280000,38.067295000,127.268150000,38.067332732,127.268098639,38.067177000,127.268480000,38.067202648,127.268565888,38.067020000,127.268400000,38.066977103,127.268454334,38.067140000,127.268074000,38.067105079,127.267995720
76,76,826430656221,15.192,4.400000,38.065020000,127.267260000,747.000000,594.073099,1109.699308,515.626209,86.795078,0.352746,6.108513,7.187567,6.518033,6.808819,6.655733,7.187567,38.067207000,127.267070000,38.067207000,127.267070000,38.067287000,127.266880000,38.067311844,127.266817853,38.067303000,127.267235000,38.067340553,127.267301714,38.067130000,127.267250000,38.067106057,127.267317870,38.067116000,127.266900000,38.067074325,127.266843134
77,77,826430656427,15.398,4.400000,38.065090000,127.267270000,747.000000,621.667793,1046.496233,424.828440,68.336891,0.207592,5.166480,6.556365,5.066371,6.361753,5.787742,6.556365,38.067257000,127.265830000,38.067257000,127.265830000,38.067260000,127.265620000,38.067255337,127.265561347,38.067410000,127.265930000,38.067460770,127.265967921,38.067253000,127.266040000,38.067261658,127.266096753,38.067110000,127.265724000,38.067056883,127.265697220
78,78,826430656617,15.588,4.400000,38.065163000,127.267296000,747.000000,669.753398,1167.577205,497.823807,74.329419,0.904405,5.977782,7.710853,4.414447,6.562215,6.166324,7.710853,38.067493000,127.265080000,38.067493000,127.265080000,38.067470000,127.264870000,38.067463911,127.264802232,38.067665000,127.265150000,38.067733702,127.265161221,38.067520000,127.265300000,38.067529064,127.265349037,38.067330000,127.265015000,38.067275243,127.264987268
79,79,826430656824,15.795,4.400000,38.065235000,127.267310000,747.000000,617.773855,1047.855972,430.082117,69.618051,0.466992,4.418087,6.903637,5.412660,6.827134,5.890379,6.903637,38.067406000,127.266335000,38.067406000,127.266335000,38.067436000,127.266120000,38.067430120,127.266070145,38.067543000,127.266464000,38.067594032,127.266508759,38.067380000,127.266540000,38.067379240,127.266601752,38.067276000,127.266205000,38.067222719,127.266166422
80,80,826430657029,16.000,4.400000,38.065308000,127.267334000,747.000000,578.779326,1074.291942,495.512616,85.613392,0.475644,6.421698,7.182509,5.709680,6.702970,6.504214,7.182509,38.067345000,127.267500000,38.067345000,127.267500000,38.067440000,127.267330000,38.067472516,127.267269476,38.067417000,127.267685000,38.067455528,127.267750739,38.067250000,127.267670000,38.067227403,127.267728486,38.067272000,127.267320000,38.067240599,127.267254741
81,81,826430657220,16.191,4.400000,38.065380000,127.267360000,747.000000,560.779807,1115.549459,554.769652,98.928251,0.307991,6.753515,8.098156,6.781246,7.207089,7.210001,8.098156,38.067287000,127.268650000,38.067287000,127.268650000,38.067436000,127.268550000,38.067486226,127.268506777,38.067284000,127.268845000,38.067299111,127.268935387,38.067142000,127.268745000,38.067093425,127.268791692,38.067290000,127.268450000,38.067276536,127.268369563
82,82,826430657424,16.395,4.400000,38.065450000,127.267370000,747.000000,553.606640,1172.492030,618.885390,111.791540,0.112510,7.118060,8.633780,7.266931,8.390607,7.852345,8.633780,38.067610000,127.268845000,38.067610000,127.268845000,38.067760000,127.268745000,38.067812655,127.268698919,38.067604000,127.269040000,38.067620793,127.269136177,38.067463000,127.268940000,38.067409000,127.268986591,38.067616000,127.268650000,38.067597814,127.268557089
83,83,826430657630,16.601,4.400000,38.065520000,127.267395000,747.000000,584.874253,1101.114775,516.240522,88.265216,0.379163,6.329179,7.476160,5.552755,7.432327,6.697605,7.476160,38.067673000,127.267660000,38.067673000,127.267660000,38.067776000,127.267494000,38.067805610,127.267432349,38.067738000,127.267850000,38.067778525,127.267918025,38.067570000,127.267830000,38.067545660,127.267885304,38.067608000,127.267480000,38.067573006,127.267407776
84,84,826430657818,16.789,4.400000,38.065520000,127.267395000,747.000000,584.874253,1101.114775,516.240522,88.265216,0.379163,6.329179,7.476160,5.552755,7.432327,6.697605,7.476160,38.067673000,127.267660000,38.067673000,127.267660000,38.067776000,127.267494000,38.067805610,127.267432349,38.067738000,127.267850000,38.067778525,127.267918025,38.067570000,127.267830000,38.067545660,127.267885304,38.067608000,127.267480000,38.067573006,127.267407776
85,85,826430658026,16.997,4.400000,38.065594000,127.267410000,747.000000,615.263854,1051.339469,436.075616,70.876196,0.141130,4.994339,6.867930,5.072127,7.178649,6.028261,7.178649,38.067726000,127.266450000,38.067726000,127.266450000,38.067757000,127.266240000,38.067753534,127.266183183,38.067860000,127.266580000,38.067910667,127.266624714,38.067696000,127.266660000,38.067696046,127.266717875,38.067596000,127.266330000,38.067544584,127.266280561
86,86,826430658232,17.203,4.400000,38.065740000,127.267450000,747.000000,626.774492,1074.894758,448.120266,71.496251,0.358086,4.723886,7.584886,4.947739,6.797682,6.013548,7.584886,38.067898000,127.265976000,38.067898000,127.265976000,38.067898000,127.265760000,38.067892976,127.265706478,38.068047000,127.266075000,38.068109757,127.266108705,38.067894000,127.266190000,38.067903779,127.266245072,38.067750000,127.265880000,38.067695344,127.265845409
87,87,826430658424,17.395,4.400000,38.065796000,127.267460000,747.000000,599.408777,1067.536722,468.127944,78.098280,0.430207,5.190693,6.884392,5.753698,6.980172,6.202239,6.980172,38.067913000,127.266580000,38.067913000,127.266580000,38.067947000,127.266370000,38.067951221,127.266311015,38.068043000,127.266710000,38.068089306,127.266762068,38.067883000,127.266785000,38.067871415,127.266848981,38.067787000,127.266450000,38.067735550,127.266404473
88,88,826430658631,17.602,4.400000,38.065870000,127.267490000,747.000000,571.458276,1060.453971,488.995695,85.569798,0.470690,6.606173,7.243570,5.425694,6.613742,6.472295,7.243570,38.067856000,127.267740000,38.067856000,127.267740000,38.067955000,127.267580000,38.067985072,127.267515016,38.067920000,127.267930000,38.067959551,127.267995632,38.067757000,127.267910000,38.067732325,127.267963389,38.067790000,127.267555000,38.067759653,127.267490122
89,89,826430658819,17.790,4.400000,38.065940000,127.267500000,747.000000,542.629757,1113.221877,570.592120,105.153120,0.405703,7.264406,7.556042,6.903332,8.212103,7.483971,8.212103,38.067790000,127.268980000,38.067790000,127.268980000,38.067940000,127.268900000,38.067993369,127.268852300,38.067776000,127.269180000,38.067784468,127.269265543,38.067642000,127.269066000,38.067587292,127.269103093,38.067806000,127.268790000,38.067794288,127.268697486
90,90,826430659026,17.997,4.400000,38.066013000,127.267525000,747.000000,566.051296,1139.731878,573.680583,101.347808,0.275057,6.877862,8.517383,6.058619,8.203414,7.414320,8.517383,38.068134000,127.268720000,38.068134000,127.268720000,38.068275000,127.268610000,38.068317275,127.268552768,38.068142000,127.268920000,38.068168584,127.269011132,38.067993000,127.268840000,38.067950959,127.268883903,38.068123000,127.268524000,38.068100462,127.268434881
91,91,826430659232,18.203,4.400000,38.066086000,127.267540000,747.000000,572.480059,1088.710272,516.230213,90.174357,0.144577,6.184638,7.309537,6.397323,6.956884,6.712095,7.309537,38.068188000,127.267540000,38.068188000,127.267540000,38.068275000,127.267360000,38.068301734,127.267298138,38.068270000,127.267715000,38.068308464,127.267782597,38.068104000,127.267715000,38.068075814,127.267778613,38.068108000,127.267365000,38.068069878,127.267302098
92,92,826430659423,18.394,4.400000,38.066154000,127.267560000,747.000000,612.869346,1079.428086,466.558740,76.126950,0.303414,5.115632,6.883242,5.567891,6.929413,6.124045,6.929413,38.068237000,127.266340000,38.068237000,127.266340000,38.068250000,127.266130000,38.068241857,127.266072552,38.068382000,127.266460000,38.068438837,127.266490930,38.068226000,127.266550000,38.068221745,127.266613302,38.068096000,127.266230000,38.068040668,127.266193779
93,93,826430659652,18.623,4.400000,38.066227000,127.267580000,747.000000,649.746294,1151.740707,501.994413,77.260066,0.643981,5.364436,7.112237,6.529239,5.775221,6.195283,7.112237,38.068302000,127.265300000,38.068302000,127.265300000,38.068264000,127.265080000,38.068263593,127.265018792,38.068470000,127.265350000,38.068531052,127.265373918,38.068336000,127.265500000,38.068343043,127.265573962,38.068134000,127.265240000,38.068084048,127.265222206
94,94,826430659821,18.792,4.400000,38.066300000,127.267600000,747.000000,615.111762,1088.508771,473.397009,76.961138,0.039468,4.695663,7.856231,5.121817,7.317650,6.247840,7.856231,38.068410000,127.266335000,38.068410000,127.266335000,38.068420000,127.266120000,38.068411250,127.266067586,38.068550000,127.266450000,38.068615487,127.266483416,38.068398000,127.266550000,38.068399140,127.266608424,38.068268000,127.266230000,38.068209413,127.266192134
95,95,826430660025,18.996,4.400000,38.066372000,127.267620000,747.000000,571.990760,1070.762314,498.771554,87.199233,0.126410,6.186884,7.406467,5.759735,6.992806,6.586473,7.406467,38.068380000,127.267494000,38.068380000,127.267494000,38.068460000,127.267310000,38.068484183,127.267246438,38.068466000,127.267660000,38.068506062,127.267727474,38.068302000,127.267680000,38.068277926,127.267738174,38.068290000,127.267330000,38.068253695,127.267264885
96,96,826430660217,19.188,4.400000,38.066444000,127.267640000,747.000000,540.108924,1076.244747,536.135824,99.264389,0.039655,6.237656,7.918003,6.795897,8.025465,7.244255,8.025465,38.068302000,127.268640000,38.068302000,127.268640000,38.068440000,127.268524000,38.068478495,127.268472280,38.068314000,127.268840000,38.068339595,127.268924296,38.068170000,127.268750000,38.068128131,127.268806434,38.068290000,127.268450000,38.068268104,127.268362752
97,97,826430660422,19.393,4.400000,38.066517000,127.267654000,747.000000,550.072612,1220.563128,670.490517,121.891274,0.557980,7.331550,9.728367,7.451913,8.975676,8.371876,9.728367,38.068570000,127.269264000,38.068570000,127.269264000,38.068720000,127.269170000,38.068778940,127.269132672,38.068554000,127.269455000,38.068574272,127.269562977,38.068417000,127.269340000,38.068364353,127.269392518,38.068584000,127.269066000,38.068560661,127.268967968
98,98,826430660628,19.599,4.400000,38.066590000,127.267680000,747.000000,572.159353,1087.061111,514.901758,89.992719,0.285574,6.657062,7.724849,5.991603,6.913009,6.821631,7.724849,38.068653000,127.268140000,38.068653000,127.268140000,38.068768000,127.267990000,38.068800936,127.267926598,38.068703000,127.268330000,38.068738379,127.268405828,38.068542000,127.268295000,38.068511750,127.268351547,38.068600000,127.267950000,38.068572128,127.267879510
99,99,826430660817,19.788,4.400000,38.066658000,127.267690000,747.000000,587.304960,1082.529182,495.224222,84.321478,0.201549,6.386750,7.008747,6.372434,6.416590,6.546130,7.008747,38.068707000,127.266940000,38.068707000,127.266940000,38.068745000,127.266740000,38.068758370,127.266669131,38.068830000,127.267075000,38.068874119,127.267132055,38.068665000,127.267140000,38.068649805,127.267210104,38.068584000,127.266800000,38.068540029,127.266752660
100,100,826430661023,19.994,4.400000,38.066658000,127.267690000,747.000000,587.304960,1082.529182,495.224222,84.321478,0.201549,6.386750,7.008747,6.372434,6.416590,6.546130,7.008747,38.068707000,127.266940000,38.068707000,127.266940000,38.068745000,127.266740000,38.068758370,127.266669131,38.068830000,127.267075000,38.068874119,127.267132055,38.068665000,127.267140000,38.068649805,127.267210104,38.068584000,127.266800000,38.068540029,127.266752660
101,101,826430661229,20.200,4.400000,38.066730000,127.267715000,747.000000,637.508803,1098.252975,460.744172,72.272598,0.526542,4.441949,7.073858,5.869017,6.823974,6.052199,7.073858,38.068707000,127.265720000,38.068707000,127.265720000,38.068680000,127.265500000,38.068666179,127.265452453,38.068874000,127.265780000,38.068934823,127.265803372,38.068737000,127.265920000,38.068750039,127.265984888,38.068546000,127.265656000,38.068486122,127.265639319
102,102,826430661418,20.389,4.400000,38.066803000,127.267730000,747.000000,642.521867,1093.297357,450.775491,70.157222,0.517634,5.617630,6.091607,4.795163,6.968220,5.868155,6.968220,38.068874000,127.265980000,38.068874000,127.265980000,38.068863000,127.265770000,38.068850637,127.265707853,38.069035000,127.266070000,38.069085769,127.266095939,38.068890000,127.266200000,38.068893162,127.266254568,38.068718000,127.265900000,38.068658613,127.265874868
103,103,826430661623,20.594,4.400000,38.066948000,127.267770000,747.000000,520.720562,1101.548653,580.828091,111.543145,0.362040,6.427968,9.080107,6.706485,8.334092,7.637163,9.080107,38.068764000,127.268740000,38.068764000,127.268740000,38.068897000,127.268620000,38.068940753,127.268572136,38.068775000,127.268930000,38.068805416,127.269026136,38.068630000,127.268850000,38.068588407,127.268905360,38.068752000,127.268550000,38.068724943,127.268461331
104,104,826430661828,20.799,4.400000,38.067020000,127.267790000,747.000000,516.052609,1144.425122,628.372514,121.765204,0.414118,7.458997,9.565557,7.442270,8.223732,8.172639,9.565557,38.068730000,127.269390000,38.068730000,127.269390000,38.068882000,127.269320000,38.068941843,127.269281714,38.068703000,127.269570000,38.068711017,127.269678672,38.068580000,127.269455000,38.068521518,127.269496148,38.068756000,127.269196000,38.068744865,127.269103235
105,105,826430662019,20.990,4.400000,38.067093000,127.267810000,747.000000,557.419632,1110.308607,552.888975,99.187209,0.278952,6.494266,8.118188,6.584700,7.328264,7.131354,8.118188,38.069103000,127.268230000,38.069103000,127.268230000,38.069214000,127.268074000,38.069248797,127.268014522,38.069153000,127.268420000,38.069194667,127.268496025,38.068993000,127.268380000,38.068959921,127.268442288,38.069054000,127.268040000,38.069017523,127.267970391
106,106,826430662225,21.196,4.400000,38.067160000,127.267830000,747.000000,582.399039,1026.337415,443.938376,76.225808,0.218174,6.083382,6.802866,5.475631,6.215517,6.144349,6.802866,38.069157000,127.267300000,38.069157000,127.267300000,38.069210000,127.267105000,38.069222314,127.267037371,38.069267000,127.267450000,38.069309338,127.267505977,38.069103000,127.267500000,38.069091835,127.267560849,38.069046000,127.267150000,38.069009512,127.267096317
107,107,826430662430,21.401,4.400000,38.067234000,127.267845000,747.000000,620.334550,1079.464737,459.130187,74.013319,0.151316,5.915250,6.742349,5.560054,6.187592,6.101311,6.742349,38.069164000,127.266090000,38.069164000,127.266090000,38.069145000,127.265880000,38.069141465,127.265812653,38.069324000,127.266160000,38.069377743,127.266195478,38.069183000,127.266300000,38.069188501,127.266363057,38.069008000,127.266014000,38.068957623,127.265984163
108,108,826430662621,21.592,4.400000,38.067307000,127.267870000,747.000000,639.712943,1107.966755,468.253813,73.197489,0.661381,4.896589,6.784136,6.775129,6.077947,6.133450,6.784136,38.069344000,127.265880000,38.069344000,127.265880000,38.069317000,127.265660000,38.069309298,127.265604990,38.069508000,127.265945000,38.069563427,127.265977182,38.069366000,127.266080000,38.069374769,127.266156501,38.069180000,127.265810000,38.069128850,127.265785740
109,109,826430662827,21.798,4.400000,38.067307000,127.267870000,747.000000,639.712943,1107.966755,468.253813,73.197489,0.661381,4.896589,6.784136,6.775129,6.077947,6.133450,6.784136,38.069344000,127.265880000,38.069344000,127.265880000,38.069317000,127.265660000,38.069309298,127.265604990,38.069508000,127.265945000,38.069563427,127.265977182,38.069366000,127.266080000,38.069374769,127.266156501,38.069180000,127.265810000,38.069128850,127.265785740
110,110,826430663032,22.003,4.400000,38.067524000,127.267920000,747.000000,518.766115,1125.068163,606.302048,116.873873,0.133391,7.133886,8.916473,7.261002,8.447562,7.939731,8.916473,38.069225000,127.269380000,38.069225000,127.269380000,38.069374000,127.269300000,38.069428894,127.269257996,38.069202000,127.269570000,38.069216141,127.269670144,38.069077000,127.269455000,38.069021074,127.269497639,38.069244000,127.269190000,38.069233133,127.269094602
111,111,826430663223,22.194,4.400000,38.067524000,127.267920000,747.000000,518.766115,1125.068163,606.302048,116.873873,0.133391,7.133886,8.916473,7.261002,8.447562,7.939731,8.916473,38.069225000,127.269380000,38.069225000,127.269380000,38.069374000,127.269300000,38.069428894,127.269257996,38.069202000,127.269570000,38.069216141,127.269670144,38.069077000,127.269455000,38.069021074,127.269497639,38.069244000,127.269190000,38.069233133,127.269094602
112,112,826430663432,22.403,4.400000,38.067524000,127.267920000,747.000000,518.766115,1125.068163,606.302048,116.873873,0.133391,7.133886,8.916473,7.261002,8.447562,7.939731,8.916473,38.069225000,127.269380000,38.069225000,127.269380000,38.069374000,127.269300000,38.069428894,127.269257996,38.069202000,127.269570000,38.069216141,127.269670144,38.069077000,127.269455000,38.069021074,127.269497639,38.069244000,127.269190000,38.069233133,127.269094602
113,113,826430663623,22.594,4.400000,38.067665000,127.267970000,747.000000,566.908108,1046.419704,479.511596,84.583655,0.369895,6.291612,7.326625,5.310137,7.399591,6.581991,7.399591,38.069614000,127.267750000,38.069614000,127.267750000,38.069687000,127.267570000,38.069699791,127.267500072,38.069706000,127.267920000,38.069754245,127.267976865,38.069540000,127.267940000,38.069529271,127.267999039,38.069523000,127.267590000,38.069477596,127.267528332
114,114,826430663829,22.800,4.400000,38.067738000,127.267980000,747.000000,600.643201,1083.974631,483.331430,80.468975,0.532670,6.077507,7.447245,5.365705,6.301235,6.297923,7.447245,38.069660000,127.266556000,38.069660000,127.266556000,38.069656000,127.266350000,38.069655005,127.266280663,38.069805000,127.266655000,38.069867923,127.266683861,38.069660000,127.266770000,38.069662491,127.266831144,38.069510000,127.266464000,38.069460764,127.266428527
115,115,826430664020,22.991,4.400000,38.067810000,127.268005000,747.000000,669.634390,1155.792524,486.158134,72.600533,0.697731,6.138663,6.831132,5.092238,6.823020,6.221263,6.831132,38.069836000,127.265690000,38.069836000,127.265690000,38.069798000,127.265480000,38.069788454,127.265411011,38.070004000,127.265750000,38.070064263,127.265764705,38.069870000,127.265910000,38.069883569,127.265965491,38.069668000,127.265650000,38.069611884,127.265618685
116,116,826430664226,23.197,4.400000,38.067870000,127.268020000,747.000000,615.099679,1085.553034,470.453355,76.484084,0.786840,5.573191,7.524616,5.978332,6.015881,6.273005,7.524616,38.069847000,127.266350000,38.069847000,127.266350000,38.069830000,127.266136000,38.069830056,127.266072406,38.070000000,127.266430000,38.070062531,127.266462607,38.069855000,127.266556000,38.069869012,127.266621854,38.069690000,127.266266000,38.069641422,127.266235923
117,117,826430664432,23.403,4.400000,38.067944000,127.268036000,747.000000,549.404639,1043.890442,494.485802,90.003936,0.511827,6.338965,7.690933,5.823817,7.000996,6.713678,7.690933,38.069828000,127.267630000,38.069828000,127.267630000,38.069885000,127.267440000,38.069903388,127.267371543,38.069927000,127.267784000,38.069979429,127.267841153,38.069767000,127.267820000,38.069758666,127.267885605,38.069725000,127.267480000,38.069680800,127.267423170
118,118,826430664622,23.593,4.400000,38.068016000,127.268060000,747.000000,505.787165,1080.478285,574.691119,113.623112,0.260224,7.161035,9.039280,6.701082,7.903224,7.701155,9.039280,38.069760000,127.268740000,38.069760000,127.268740000,38.069880000,127.268610000,38.069923765,127.268550113,38.069786000,127.268920000,38.069815673,127.269016011,38.069637000,127.268870000,38.069596724,127.268926828,38.069733000,127.268550000,38.069703404,127.268468029
119,119,826430664828,23.799,4.400000,38.068085000,127.268074000,747.000000,519.785517,1192.690875,672.905358,129.458274,0.240186,8.189562,9.635699,7.652391,9.117294,8.648736,9.635699,38.069923000,127.269620000,38.069923000,127.269620000,38.070072000,127.269550000,38.070131447,127.269494949,38.069900000,127.269810000,38.069918522,127.269917403,38.069775000,127.269700000,38.069713439,127.269738857,38.069942000,127.269430000,38.069926382,127.269327874
120,120,826430665029,24.000,4.400000,38.068085000,127.268074000,747.000000,519.785517,1192.690875,672.905358,129.458274,0.240186,8.189562,9.635699,7.652391,9.117294,8.648736,9.635699,38.069923000,127.269620000,38.069923000,127.269620000,38.070072000,127.269550000,38.070131447,127.269494949,38.069900000,127.269810000,38.069918522,127.269917403,38.069775000,127.269700000,38.069713439,127.269738857,38.069942000,127.269430000,38.069926382,127.269327874
121,121,826430665237,24.208,4.400000,38.068157000,127.268100000,747.000000,544.954141,1104.146854,559.192712,102.612802,0.461846,6.836193,8.600244,6.948523,7.365637,7.437649,8.600244,38.070080000,127.268684000,38.070080000,127.268684000,38.070198000,127.268540000,38.070236905,127.268479645,38.070114000,127.268870000,38.070149273,127.268957310,38.069960000,127.268820000,38.069924767,127.268885449,38.070038000,127.268490000,38.070009045,127.268414428
122,122,826430665431,24.402,4.400000,38.068302000,127.268135000,747.000000,607.585189,1057.160640,449.575450,73.993813,0.235069,5.491111,6.985798,5.592036,6.611552,6.170124,6.985798,38.070156000,127.266320000,38.070156000,127.266320000,38.070133000,127.266110000,38.070120077,127.266049531,38.070316000,127.266390000,38.070375886,127.266413823,38.070180000,127.266525000,38.070197839,127.266584650,38.070000000,127.266250000,38.069943624,127.266226261
123,123,826430665621,24.592,4.400000,38.068375000,127.268150000,747.000000,630.168195,1091.439900,461.271705,73.198189,0.464541,5.717413,6.900634,5.382490,6.769938,6.192619,6.900634,38.070324000,127.266190000,38.070324000,127.266190000,38.070297000,127.265980000,38.070286417,127.265916160,38.070488000,127.266260000,38.070548028,127.266279650,38.070350000,127.266400000,38.070367164,127.266457418,38.070164000,127.266130000,38.070107870,127.266100267
124,124,826430665826,24.797,4.400000,38.068447000,127.268170000,747.000000,571.975622,1084.344047,512.368425,89.578717,0.248675,6.062925,7.604960,6.188981,6.758083,6.653738,7.604960,38.070316000,127.267290000,38.070316000,127.267290000,38.070343000,127.267080000,38.070357354,127.267013264,38.070442000,127.267410000,38.070495849,127.267463402,38.070290000,127.267494000,38.070276222,127.267562418,38.070190000,127.267166000,38.070141945,127.267118876
125,125,826430666032,25.003,4.400000,38.068520000,127.268190000,747.000000,520.856248,1052.561560,531.705312,102.082929,0.598612,6.422471,7.861157,7.429886,7.800106,7.378405,7.861157,38.070260000,127.268410000,38.070260000,127.268410000,38.070360000,127.268250000,38.070384505,127.268183654,38.070320000,127.268585000,38.070352627,127.268664554,38.070164000,127.268560000,38.070130979,127.268633678,38.070200000,127.268230000,38.070158167,127.268158598
126,126,826430666223,25.194,4.400000,38.068520000,127.268190000,747.000000,520.856248,1052.561560,531.705312,102.082929,0.598612,6.422471,7.861157,7.429886,7.800106,7.378405,7.861157,38.070260000,127.268410000,38.070260000,127.268410000,38.070360000,127.268250000,38.070384505,127.268183654,38.070320000,127.268585000,38.070352627,127.268664554,38.070164000,127.268560000,38.070130979,127.268633678,38.070200000,127.268230000,38.070158167,127.268158598
127,127,826430666429,25.400,4.400000,38.068590000,127.268210000,747.000000,502.096353,1114.190311,612.093958,121.907669,0.197753,7.150759,9.166095,7.573711,9.056406,8.236743,9.166095,38.070217000,127.269480000,38.070217000,127.269480000,38.070362000,127.269394000,38.070413751,127.269345662,38.070206000,127.269670000,38.070221101,127.269772818,38.070076000,127.269560000,38.070022227,127.269612945,38.070232000,127.269295000,38.070214090,127.269194195
128,128,826430666619,25.590,4.400000,38.068733000,127.268250000,747.000000,538.306674,1065.882377,527.575703,98.006532,0.211759,6.546932,8.202948,6.249176,7.616640,7.153924,8.202948,38.070600000,127.268110000,38.070600000,127.268110000,38.070675000,127.267930000,38.070696540,127.267860485,38.070683000,127.268270000,38.070728333,127.268343793,38.070522000,127.268290000,38.070504404,127.268357715,38.070515000,127.267944000,38.070467544,127.267881391
129,129,826430666825,25.796,4.400000,38.068806000,127.268265000,747.000000,588.557593,1091.515067,502.957474,85.455948,0.542204,5.639899,7.689853,6.434523,6.342642,6.526729,7.689853,38.070650000,127.266930000,38.070650000,127.266930000,38.070644000,127.266716000,38.070648352,127.266651882,38.070793000,127.267020000,38.070852382,127.267064833,38.070650000,127.267136000,38.070646314,127.267209274,38.070503000,127.266830000,38.070451896,127.266797998
130,130,826430667017,25.988,4.400000,38.068880000,127.268290000,747.000000,630.700610,1202.566358,571.865748,90.671507,0.449907,5.832605,8.478710,6.047098,7.810581,7.042248,8.478710,38.070805000,127.266250000,38.070805000,127.266250000,38.070770000,127.266040000,38.070761071,127.265974419,38.070965000,127.266310000,38.071039888,127.266327648,38.070830000,127.266460000,38.070847332,127.266525396,38.070640000,127.266190000,38.070569982,127.266184261
131,131,826430667223,26.194,4.400000,38.068950000,127.268300000,747.000000,580.947029,1091.924641,510.977612,87.955973,0.138884,6.177229,7.318546,6.042487,6.946486,6.621187,7.318546,38.070797000,127.267395000,38.070797000,127.267395000,38.070820000,127.267190000,38.070828359,127.267120317,38.070927000,127.267520000,38.070981969,127.267565810,38.070770000,127.267600000,38.070763911,127.267668515,38.070667000,127.267270000,38.070613091,127.267230079
132,132,826430667430,26.401,4.400000,38.069023000,127.268326000,747.000000,514.365234,1037.526697,523.161463,101.710113,0.230987,7.136756,7.988278,6.396604,7.695916,7.304389,7.988278,38.070755000,127.268295000,38.070755000,127.268295000,38.070840000,127.268130000,38.070860368,127.268052783,38.070830000,127.268460000,38.070871854,127.268534043,38.070675000,127.268470000,38.070649105,127.268535159,38.070680000,127.268130000,38.070638706,127.268059570
133,133,826430667619,26.590,4.400000,38.069023000,127.268326000,747.000000,514.365234,1037.526697,523.161463,101.710113,0.230987,7.136756,7.988278,6.396604,7.695916,7.304389,7.988278,38.070755000,127.268295000,38.070755000,127.268295000,38.070840000,127.268130000,38.070860368,127.268052783,38.070830000,127.268460000,38.070871854,127.268534043,38.070675000,127.268470000,38.070649105,127.268535159,38.070680000,127.268130000,38.070638706,127.268059570
134,134,826430667825,26.796,4.400000,38.069096000,127.268340000,747.000000,494.385954,1083.287740,588.901785,119.117823,0.229368,6.931446,8.910737,7.243489,9.142387,8.057015,9.142387,38.070720000,127.269380000,38.070720000,127.269380000,38.070858000,127.269280000,38.070901900,127.269223909,38.070720000,127.269570000,38.070741131,127.269668072,38.070587000,127.269480000,38.070537945,127.269534303,38.070720000,127.269196000,38.070696283,127.269096123
135,135,826430668028,26.999,4.400000,38.069237000,127.268380000,747.000000,524.021145,1049.855243,525.834098,100.345969,0.287240,6.236695,8.261369,7.064885,7.910116,7.368266,8.261369,38.071056000,127.268460000,38.071056000,127.268460000,38.071148000,127.268290000,38.071168062,127.268223553,38.071125000,127.268630000,38.071166945,127.268707768,38.070965000,127.268620000,38.070941106,127.268694684,38.070988000,127.268290000,38.070946766,127.268216491
136,136,826430668222,27.193,4.400000,38.069310000,127.268400000,747.000000,572.506127,1071.625916,499.119790,87.181563,0.221160,6.432855,7.124165,6.329359,7.075444,6.740456,7.124165,38.071090000,127.267296000,38.071090000,127.267296000,38.071102000,127.267090000,38.071104870,127.267016686,38.071228000,127.267400000,38.071278444,127.267450027,38.071080000,127.267500000,38.071076689,127.267572101,38.070953000,127.267190000,38.070898157,127.267149193
137,137,826430668427,27.398,4.400000,38.069380000,127.268425000,747.000000,624.869194,1160.245178,535.375984,85.678089,0.177306,6.731335,6.926047,6.146182,7.403006,6.801642,7.403006,38.071090000,127.266106000,38.071090000,127.266106000,38.071037000,127.265910000,38.071020977,127.265835935,38.071260000,127.266140000,38.071320179,127.266160066,38.071140000,127.266310000,38.071156065,127.266377099,38.070923000,127.266075000,38.070856950,127.266065167
138,138,826430668632,27.603,4.400000,38.069454000,127.268440000,747.000000,595.186057,1107.216201,512.030145,86.028585,0.479063,6.320444,7.407708,6.799372,6.577336,6.776215,7.407708,38.071310000,127.266930000,38.071310000,127.266930000,38.071300000,127.266716000,38.071302128,127.266643929,38.071457000,127.267010000,38.071511438,127.267058614,38.071316000,127.267136000,38.071316062,127.267213587,38.071160000,127.266840000,38.071106820,127.266807294
139,139,826430668824,27.795,4.400000,38.069527000,127.268460000,747.000000,539.091774,1029.331140,490.239366,90.938016,0.666751,6.592528,7.402801,5.967126,7.621104,6.895890,7.621104,38.071293000,127.268080000,38.071293000,127.268080000,38.071350000,127.267890000,38.071370879,127.267819603,38.071392000,127.268234000,38.071439752,127.268292790,38.071230000,127.268270000,38.071220920,127.268337106,38.071194000,127.267940000,38.071154889,127.267868624
140,140,826430669031,28.002,4.400000,38.069600000,127.268480000,747.000000,497.289528,1008.448405,511.158877,102.788989,0.112532,6.966032,7.663868,7.072997,8.225860,7.482189,8.225860,38.071250000,127.269180000,38.071250000,127.269180000,38.071377000,127.269060000,38.071414052,127.268995943,38.071274000,127.269370000,38.071295402,127.269453118,38.071130000,127.269300000,38.071092822,127.269365450,38.071230000,127.269000000,38.071207552,127.268910572
141,141,826430669221,28.192,4.400000,38.069600000,127.268480000,747.000000,497.289528,1008.448405,511.158877,102.788989,0.112532,6.966032,7.663868,7.072997,8.225860,7.482189,8.225860,38.071250000,127.269180000,38.071250000,127.269180000,38.071377000,127.269060000,38.071414052,127.268995943,38.071274000,127.269370000,38.071295402,127.269453118,38.071130000,127.269300000,38.071092822,127.269365450,38.071230000,127.269000000,38.071207552,127.268910572
142,142,826430669425,28.396,4.400000,38.069670000,127.268500000,747.000000,522.896172,1160.028635,637.132463,121.846840,0.161157,7.492480,9.530568,7.221542,9.002312,8.311725,9.530568,38.071487000,127.269970000,38.071487000,127.269970000,38.071636000,127.269890000,38.071691485,127.269841604,38.071470000,127.270160000,38.071488552,127.270266169,38.071340000,127.270050000,38.071287476,127.270098363,38.071503000,127.269780000,38.071484778,127.269679917
143,143,826430669631,28.602,4.400000,38.069740000,127.268520000,747.000000,532.114831,1044.942338,512.827508,96.375346,0.400999,6.361955,7.211553,7.228224,7.242972,7.011176,7.242972,38.071530000,127.268906000,38.071530000,127.268906000,38.071640000,127.268750000,38.071673904,127.268691559,38.071580000,127.269090000,38.071603775,127.269166548,38.071423000,127.269050000,38.071384376,127.269116302,38.071484000,127.268720000,38.071453622,127.268646912
144,144,826430669821,28.792,4.400000,38.069874000,127.268555000,747.000000,586.081886,1067.012178,480.930292,82.058549,0.466737,7.413641,6.786141,6.122048,6.783336,6.776292,7.413641,38.071590000,127.266950000,38.071590000,127.266950000,38.071570000,127.266750000,38.071569390,127.266665407,38.071743000,127.267020000,38.071793964,127.267062489,38.071606000,127.267160000,38.071611565,127.267229500,38.071438000,127.266884000,38.071389344,127.266837402
145,145,826430670025,28.996,4.400000,38.069874000,127.268555000,747.000000,586.081886,1067.012178,480.930292,82.058549,0.466737,7.413641,6.786141,6.122048,6.783336,6.776292,7.413641,38.071590000,127.266950000,38.071590000,127.266950000,38.071570000,127.266750000,38.071569390,127.266665407,38.071743000,127.267020000,38.071793964,127.267062489,38.071606000,127.267160000,38.071611565,127.267229500,38.071438000,127.266884000,38.071389344,127.266837402
146,146,826430670232,29.203,4.400000,38.069946000,127.268570000,747.000000,651.451255,1196.085936,544.634681,83.603290,0.594718,7.605075,6.812816,6.082689,7.054937,6.888879,7.605075,38.071850000,127.266210000,38.071850000,127.266210000,38.071808000,127.266010000,38.071795440,127.265924698,38.072020000,127.266260000,38.072079168,127.266279867,38.071890000,127.266426000,38.071901654,127.266493812,38.071682000,127.266174000,38.071623035,127.266144492
147,147,826430670424,29.395,4.400000,38.070090000,127.268610000,747.000000,518.211465,1037.422761,519.211296,100.192939,0.126601,6.617056,8.010358,6.501558,7.705799,7.208693,8.010358,38.071777000,127.268524000,38.071777000,127.268524000,38.071857000,127.268350000,38.071877236,127.268279003,38.071857000,127.268684000,38.071898667,127.268758523,38.071700000,127.268700000,38.071674563,127.268766783,38.071697000,127.268364000,38.071656005,127.268293148
148,148,826430670632,29.603,4.400000,38.070160000,127.268630000,747.000000,487.579416,1083.673943,596.094527,122.255884,0.402636,7.237312,9.534575,7.345743,8.051032,8.042166,9.534575,38.071750000,127.269610000,38.071750000,127.269610000,38.071888000,127.269510000,38.071938011,127.269457231,38.071754000,127.269790000,38.071775810,127.269895212,38.071620000,127.269710000,38.071569186,127.269763478,38.071750000,127.269420000,38.071728144,127.269332425
149,149,826430670824,29.795,4.400000,38.070232000,127.268650000,747.000000,517.136643,1114.762094,597.625450,115.564321,0.037604,7.378924,8.936774,7.273903,8.474419,8.016005,8.936774,38.072020000,127.269780000,38.072020000,127.269780000,38.072163000,127.269684000,38.072211285,127.269626313,38.072020000,127.269970000,38.072041225,127.270068349,38.071884000,127.269880000,38.071833786,127.269933112,38.072020000,127.269590000,38.071999456,127.269496886
150,150,826430671050,30.021,4.400000,38.070305000,127.268670000,747.000000,532.354890,1046.258023,513.903133,96.533937,0.127492,6.492399,7.810586,6.573252,7.457946,7.083546,7.810586,38.072056000,127.268700000,38.072056000,127.268700000,38.072144000,127.268530000,38.072165585,127.268461176,38.072130000,127.268870000,38.072169346,127.268943794,38.071970000,127.268870000,38.071942784,127.268936565,38.071983000,127.268530000,38.071944872,127.268460023
151,151,826430671222,30.193,4.400000,38.070377000,127.268684000,747.000000,559.572335,1045.059051,485.486716,86.760314,0.032702,6.232417,7.300437,6.100455,7.193601,6.706728,7.300437,38.072090000,127.267654000,38.072090000,127.267654000,38.072100000,127.267450000,38.072103703,127.267379038,38.072224000,127.267760000,38.072276396,127.267810100,38.072075000,127.267860000,38.072072235,127.267929524,38.071957000,127.267550000,38.071904829,127.267501561
152,152,826430671428,30.399,4.400000,38.070450000,127.268710000,747.000000,624.972839,1137.992286,513.019447,82.086679,0.125697,6.769356,6.696137,6.885313,6.742808,6.773403,6.885313,38.072090000,127.266470000,38.072090000,127.266470000,38.072040000,127.266266000,38.072027821,127.266190320,38.072258000,127.266500000,38.072313628,127.266529072,38.072140000,127.266670000,38.072149201,127.266747694,38.071926000,127.266440000,38.071869567,127.266412047
153,153,826430671621,30.592,4.400000,38.070450000,127.268710000,747.000000,624.972839,1137.992286,513.019447,82.086679,0.125697,6.769356,6.696137,6.885313,6.742808,6.773403,6.885313,38.072090000,127.266470000,38.072090000,127.266470000,38.072040000,127.266266000,38.072027821,127.266190320,38.072258000,127.266500000,38.072313628,127.266529072,38.072140000,127.266670000,38.072149201,127.266747694,38.071926000,127.266440000,38.071869567,127.266412047
154,154,826430671825,30.796,4.400000,38.070522000,127.268720000,747.000000,613.615614,1110.494052,496.878438,80.975521,0.072158,6.646540,7.061277,5.890737,6.569578,6.542033,7.061277,38.072315000,127.266920000,38.072315000,127.266920000,38.072292000,127.266710000,38.072287065,127.266634416,38.072475000,127.266980000,38.072531306,127.267017108,38.072342000,127.267130000,38.072347865,127.267196805,38.072160000,127.266850000,38.072105357,127.266821682
155,155,826430672032,31.003,4.400000,38.070595000,127.268745000,747.000000,539.620841,1033.738234,494.117393,91.567515,0.306962,6.284107,7.090256,7.106391,7.126033,6.901697,7.126033,38.072308000,127.268080000,38.072308000,127.268080000,38.072346000,127.267880000,38.072356640,127.267809577,38.072426000,127.268210000,38.072469460,127.268269146,38.072270000,127.268270000,38.072255787,127.268349056,38.072193000,127.267950000,38.072146802,127.267893712
156,156,826430672221,31.192,4.400000,38.070736000,127.268780000,747.000000,511.500561,1093.114413,581.613852,113.707373,0.321683,7.340082,8.909795,7.546761,7.968546,7.941296,8.909795,38.072350000,127.270170000,38.072350000,127.270170000,38.072500000,127.270096000,38.072555454,127.270050686,38.072330000,127.270355000,38.072338331,127.270456118,38.072205000,127.270240000,38.072149403,127.270289279,38.072370000,127.269980000,38.072363438,127.269889453
157,157,826430672427,31.398,4.400000,38.070810000,127.268800000,747.000000,510.938241,1037.850847,526.912605,103.126476,0.255200,6.488592,8.230266,7.007303,8.017625,7.435947,8.230266,38.072548000,127.268910000,38.072548000,127.268910000,38.072640000,127.268745000,38.072661724,127.268676293,38.072617000,127.269080000,38.072656325,127.269159529,38.072460000,127.269070000,38.072433789,127.269142699,38.072483000,127.268740000,38.072441843,127.268664920
158,158,826430672632,31.603,4.400000,38.070880000,127.268820000,747.000000,575.518632,1030.882058,455.363426,79.122273,0.487706,6.028312,7.108510,6.580815,5.956067,6.418426,7.108510,38.072580000,127.267770000,38.072580000,127.267770000,38.072590000,127.267560000,38.072596499,127.267491708,38.072716000,127.267870000,38.072762742,127.267925267,38.072567000,127.267970000,38.072564420,127.268045023,38.072440000,127.267660000,38.072398658,127.267616856
159,159,826430672822,31.793,4.400000,38.070880000,127.268820000,747.000000,575.518632,1030.882058,455.363426,79.122273,0.487706,6.028312,7.108510,6.580815,5.956067,6.418426,7.108510,38.072580000,127.267770000,38.072580000,127.267770000,38.072590000,127.267560000,38.072596499,127.267491708,38.072716000,127.267870000,38.072762742,127.267925267,38.072567000,127.267970000,38.072564420,127.268045023,38.072440000,127.267660000,38.072398658,127.267616856
160,160,826430673029,32.000,4.400000,38.070953000,127.268845000,747.000000,627.407540,1137.371816,509.964276,81.281184,0.322576,6.901843,6.868831,6.143845,6.820650,6.683792,6.901843,38.072575000,127.266580000,38.072575000,127.266580000,38.072520000,127.266380000,38.072509961,127.266302282,38.072742000,127.266610000,38.072800847,127.266633573,38.072628000,127.266785000,38.072638991,127.266853704,38.072410000,127.266556000,38.072353084,127.266527181
161,161,826430673219,32.190,4.400000,38.071100000,127.268880000,747.000000,535.100557,980.252546,445.151989,83.190343,0.157138,6.554319,6.647118,6.405655,6.691970,6.574765,6.691970,38.072790000,127.268196000,38.072790000,127.268196000,38.072823000,127.268000000,38.072835356,127.267926873,38.072906000,127.268326000,38.072945024,127.268383411,38.072754000,127.268390000,38.072746771,127.268462517,38.072670000,127.268070000,38.072631339,127.268011524
162,162,826430673426,32.397,4.400000,38.071170000,127.268900000,747.000000,501.596007,1021.077828,519.481821,103.565781,0.278681,6.886885,7.661756,7.235595,7.818795,7.400758,7.818795,38.072760000,127.269300000,38.072760000,127.269300000,38.072870000,127.269160000,38.072899193,127.269090713,38.072803000,127.269485000,38.072832969,127.269563706,38.072655000,127.269440000,38.072616497,127.269506521,38.072716000,127.269120000,38.072686057,127.269039293
163,163,826430673631,32.602,4.400000,38.071243000,127.268920000,747.000000,487.816034,1101.921566,614.105533,125.888755,0.483241,6.997610,9.314197,8.161878,8.749230,8.305729,9.314197,38.072840000,127.270280000,38.072840000,127.270280000,38.072990000,127.270200000,38.073043325,127.270157718,38.072823000,127.270460000,38.072828818,127.270566028,38.072700000,127.270350000,38.072637482,127.270398658,38.072860000,127.270096000,38.072849608,127.269997038
164,164,826430673822,32.793,4.400000,38.071316000,127.268936000,747.000000,509.617837,1048.914856,539.297019,105.823812,0.165797,6.771454,8.654687,6.592108,8.068719,7.521742,8.654687,38.073040000,127.269470000,38.073040000,127.269470000,38.073154000,127.269330000,38.073190090,127.269267799,38.073080000,127.269650000,38.073109323,127.269741466,38.072926000,127.269610000,38.072891100,127.269670772,38.073000000,127.269290000,38.072974647,127.269203743
165,165,826430674028,32.999,4.400000,38.071316000,127.268936000,747.000000,509.617837,1048.914856,539.297019,105.823812,0.165797,6.771454,8.654687,6.592108,8.068719,7.521742,8.654687,38.073040000,127.269470000,38.073040000,127.269470000,38.073154000,127.269330000,38.073190090,127.269267799,38.073080000,127.269650000,38.073109323,127.269741466,38.072926000,127.269610000,38.072891100,127.269670772,38.073000000,127.269290000,38.072974647,127.269203743
166,166,826430674218,33.189,4.400000,38.071390000,127.268960000,747.000000,542.102877,952.466812,410.363935,75.698535,0.562075,6.437081,6.716527,5.341737,6.616079,6.277856,6.716527,38.073063000,127.268350000,38.073063000,127.268350000,38.073105000,127.268160000,38.073111023,127.268086945,38.073177000,127.268486000,38.073220551,127.268539044,38.073020000,127.268550000,38.073019302,127.268610949,38.072950000,127.268220000,38.072914311,127.268159630
167,167,826430674425,33.396,4.400000,38.071520000,127.268990000,747.000000,630.875928,1126.265799,495.389872,78.524136,0.607971,7.201382,6.562382,7.414433,5.690876,6.717268,7.414433,38.073100000,127.266590000,38.073100000,127.266590000,38.073036000,127.266390000,38.073030426,127.266308129,38.073270000,127.266600000,38.073317507,127.266644338,38.073160000,127.266785000,38.073165609,127.266869307,38.072930000,127.266560000,38.072881133,127.266540925
168,168,826430674632,33.603,4.400000,38.071594000,127.269010000,747.000000,584.243826,977.021296,392.777470,67.228347,0.535363,7.407125,5.348167,5.825980,6.304937,6.221552,7.407125,38.073315000,127.267270000,38.073315000,127.267270000,38.073290000,127.267070000,38.073290776,127.266985482,38.073470000,127.267340000,38.073500794,127.267386844,38.073340000,127.267480000,38.073341733,127.267546445,38.073162000,127.267210000,38.073122924,127.267157919
169,169,826430674821,33.792,4.400000,38.071594000,127.269010000,747.000000,584.243826,977.021296,392.777470,67.228347,0.535363,7.407125,5.348167,5.825980,6.304937,6.221552,7.407125,38.073315000,127.267270000,38.073315000,127.267270000,38.073290000,127.267070000,38.073290776,127.266985482,38.073470000,127.267340000,38.073500794,127.267386844,38.073340000,127.267480000,38.073341733,127.267546445,38.073162000,127.267210000,38.073122924,127.267157919
170,170,826430675027,33.998,4.400000,38.071667000,127.269030000,747.000000,526.395041,950.620711,424.225670,80.590742,0.088510,5.629369,7.399617,5.818920,6.794110,6.410504,7.399617,38.073310000,127.268540000,38.073310000,127.268540000,38.073360000,127.268350000,38.073358095,127.268285808,38.073418000,127.268680000,38.073467540,127.268736299,38.073265000,127.268730000,38.073260401,127.268796143,38.073204000,127.268400000,38.073160415,127.268345729
171,171,826430675217,34.188,4.400000,38.071735000,127.269050000,747.000000,489.130009,1025.741170,536.611161,109.707266,0.280741,6.816033,8.433398,6.982366,7.912838,7.536159,8.433398,38.073288000,127.269640000,38.073288000,127.269640000,38.073406000,127.269510000,38.073444132,127.269449146,38.073320000,127.269820000,38.073342503,127.269911892,38.073174000,127.269770000,38.073132128,127.269829324,38.073260000,127.269455000,38.073232765,127.269371596
172,172,826430675424,34.395,4.400000,38.071884000,127.269090000,747.000000,515.154984,1021.028903,505.873919,98.198394,0.282234,6.736990,7.403024,6.826076,8.129402,7.273873,8.129402,38.073590000,127.269370000,38.073590000,127.269370000,38.073692000,127.269220000,38.073715950,127.269149398,38.073647000,127.269554000,38.073679639,127.269627604,38.073490000,127.269520000,38.073462344,127.269589522,38.073536000,127.269196000,38.073498656,127.269116280
173,173,826430675632,34.603,4.400000,38.071953000,127.269104000,747.000000,559.146032,917.656280,358.510248,64.117463,0.822360,4.241239,7.624091,5.263549,5.769049,5.724482,7.624091,38.073620000,127.268220000,38.073620000,127.268220000,38.073640000,127.268010000,38.073634111,127.267962184,38.073746000,127.268330000,38.073803637,127.268376994,38.073597000,127.268420000,38.073610360,127.268477616,38.073490000,127.268105000,38.073453307,127.268058511
174,174,826430675838,34.809,4.400000,38.071953000,127.269104000,747.000000,559.146032,917.656280,358.510248,64.117463,0.822360,4.241239,7.624091,5.263549,5.769049,5.724482,7.624091,38.073620000,127.268220000,38.073620000,127.268220000,38.073640000,127.268010000,38.073634111,127.267962184,38.073746000,127.268330000,38.073803637,127.268376994,38.073597000,127.268420000,38.073610360,127.268477616,38.073490000,127.268105000,38.073453307,127.268058511
175,175,826430676029,35.000,4.400000,38.072025000,127.269130000,747.000000,608.980748,1074.961686,465.980938,76.518172,0.474465,8.060648,5.327464,7.763482,5.970497,6.780523,8.060648,38.073612000,127.267010000,38.073612000,127.267010000,38.073566000,127.266810000,38.073566660,127.266718022,38.073780000,127.267044000,38.073811826,127.267089402,38.073658000,127.267210000,38.073651194,127.267298168,38.073452000,127.266975000,38.073409274,127.266933816
176,176,826430676221,35.192,4.400000,38.072170000,127.269165000,747.000000,557.891035,915.274192,357.383157,64.059670,0.376985,4.541737,7.042346,5.389480,6.284388,5.814488,7.042346,38.073810000,127.268196000,38.073810000,127.268196000,38.073826000,127.267990000,38.073812243,127.267941208,38.073944000,127.268300000,38.073997238,127.268343411,38.073795000,127.268394000,38.073811717,127.268451719,38.073677000,127.268090000,38.073629971,127.268050330
177,177,826430676427,35.398,4.400000,38.072243000,127.269190000,747.000000,504.125342,978.372425,474.247083,94.073248,0.181310,6.375086,7.243238,6.510838,7.525273,6.913609,7.525273,38.073784000,127.269310000,38.073784000,127.269310000,38.073875000,127.269150000,38.073895885,127.269082262,38.073850000,127.269485000,38.073883660,127.269555735,38.073696000,127.269470000,38.073671545,127.269537491,38.073720000,127.269140000,38.073683558,127.269067673
178,178,826430676617,35.588,4.400000,38.072315000,127.269200000,747.000000,500.735403,1063.728642,562.993238,112.433280,0.084090,7.680662,7.960880,7.541729,8.376584,7.889964,8.376584,38.073784000,127.270386000,38.073784000,127.270386000,38.073925000,127.270310000,38.073980083,127.270257220,38.073770000,127.270580000,38.073779321,127.270670069,38.073643000,127.270460000,38.073589880,127.270513415,38.073800000,127.270200000,38.073787634,127.270105712
179,179,826430676824,35.795,4.400000,38.072315000,127.269200000,747.000000,500.735403,1063.728642,562.993238,112.433280,0.084090,7.680662,7.960880,7.541729,8.376584,7.889964,8.376584,38.073784000,127.270386000,38.073784000,127.270386000,38.073925000,127.270310000,38.073980083,127.270257220,38.073770000,127.270580000,38.073779321,127.270670069,38.073643000,127.270460000,38.073589880,127.270513415,38.073800000,127.270200000,38.073787634,127.270105712
180,180,826430677029,36.000,4.400000,38.072388000,127.269226000,747.000000,517.551186,1021.026580,503.475393,97.280309,0.260211,6.851132,7.687216,6.321213,7.926035,7.196399,7.926035,38.074097000,127.269490000,38.074097000,127.269490000,38.074200000,127.269340000,38.074227109,127.269269812,38.074158000,127.269670000,38.074192021,127.269746337,38.074000000,127.269646000,38.073973739,127.269709956,38.074040000,127.269320000,38.074008564,127.269238846
181,181,826430677218,36.189,4.400000,38.072530000,127.269264000,747.000000,604.781769,1123.285742,518.503974,85.734062,0.496179,9.832928,5.312892,8.089031,5.209548,7.111100,9.832928,38.074123000,127.267204000,38.074123000,127.267204000,38.074078000,127.267000000,38.074099765,127.266891253,38.074287000,127.267240000,38.074323817,127.267278579,38.074170000,127.267400000,38.074154438,127.267490165,38.073960000,127.267166000,38.073925367,127.267126018
182,182,826430677424,36.395,4.400000,38.072600000,127.269280000,747.000000,646.054391,1211.982876,565.928486,87.597653,0.632964,10.148044,5.167087,8.737177,5.561182,7.403373,10.148044,38.074295000,127.267050000,38.074295000,127.267050000,38.074245000,127.266846000,38.074267772,127.266733868,38.074463000,127.267090000,38.074502092,127.267121791,38.074340000,127.267260000,38.074316822,127.267355257,38.074127000,127.267020000,38.074090733,127.266976357
183,183,826430677630,36.601,4.400000,38.072600000,127.269280000,747.000000,646.054391,1211.982876,565.928486,87.597653,0.632964,10.148044,5.167087,8.737177,5.561182,7.403373,10.148044,38.074295000,127.267050000,38.074295000,127.267050000,38.074245000,127.266846000,38.074267772,127.266733868,38.074463000,127.267090000,38.074502092,127.267121791,38.074340000,127.267260000,38.074316822,127.267355257,38.074127000,127.267020000,38.074090733,127.266976357
184,184,826430677820,36.791,4.400000,38.072674000,127.269300000,747.000000,548.800352,871.972020,323.171668,58.886928,0.154740,4.335221,6.438839,5.058529,6.338809,5.542849,6.438839,38.074303000,127.268180000,38.074303000,127.268180000,38.074306000,127.267975000,38.074288221,127.267930985,38.074440000,127.268280000,38.074491056,127.268314529,38.074300000,127.268380000,38.074318636,127.268432647,38.074165000,127.268090000,38.074118548,127.268048164
185,185,826430678025,36.996,4.400000,38.072746000,127.269320000,747.000000,497.098213,1025.375540,528.277327,106.272224,0.263603,6.608280,8.122815,6.772665,7.582609,7.271592,8.122815,38.074280000,127.269320000,38.074280000,127.269320000,38.074360000,127.269150000,38.074388279,127.269083697,38.074352000,127.269485000,38.074397357,127.269557609,38.074200000,127.269485000,38.074172394,127.269553871,38.074203000,127.269160000,38.074166265,127.269087134
186,186,826430678230,37.201,4.400000,38.072890000,127.269356000,747.000000,517.898740,1100.452854,582.554114,112.484173,0.433546,7.809546,8.192294,7.292609,8.264795,7.889811,8.264795,38.074610000,127.270170000,38.074610000,127.270170000,38.074740000,127.270060000,38.074785856,127.269992555,38.074635000,127.270360000,38.074652379,127.270450841,38.074486000,127.270290000,38.074436745,127.270344868,38.074593000,127.269980000,38.074565228,127.269892534
187,187,826430678422,37.393,4.400000,38.072964000,127.269380000,747.000000,514.582003,1000.490130,485.908127,94.427734,0.525286,6.241118,7.768990,6.690223,7.934489,7.158705,7.934489,38.074610000,127.269020000,38.074610000,127.269020000,38.074670000,127.268840000,38.074666485,127.268768920,38.074710000,127.269170000,38.074761416,127.269229948,38.074554000,127.269200000,38.074542275,127.269274878,38.074512000,127.268875000,38.074457447,127.268816726
188,188,826430678646,37.617,4.400000,38.072964000,127.269380000,747.000000,514.582003,1000.490130,485.908127,94.427734,0.525286,6.241118,7.768990,6.690223,7.934489,7.158705,7.934489,38.074610000,127.269020000,38.074610000,127.269020000,38.074670000,127.268840000,38.074666485,127.268768920,38.074710000,127.269170000,38.074761416,127.269229948,38.074554000,127.269200000,38.074542275,127.269274878,38.074512000,127.268875000,38.074457447,127.268816726
189,189,826430678833,37.804,4.400000,38.073036000,127.269394000,747.000000,577.063280,901.728355,324.665076,56.261607,0.523326,4.967051,5.523842,3.872209,5.707970,5.017768,5.707970,38.074635000,127.267920000,38.074635000,127.267920000,38.074620000,127.267720000,38.074605814,127.267666260,38.074787000,127.268000000,38.074834051,127.268020024,38.074654000,127.268130000,38.074671891,127.268167895,38.074486000,127.267850000,38.074439499,127.267822553
190,190,826430679023,37.994,4.400000,38.073180000,127.269430000,747.000000,595.742947,976.785164,381.042217,63.960844,1.104828,6.789911,5.273154,4.033240,5.587354,5.420915,6.789911,38.074802000,127.267700000,38.074802000,127.267700000,38.074770000,127.267500000,38.074778538,127.267423280,38.074960000,127.267760000,38.075002690,127.267786077,38.074830000,127.267910000,38.074844342,127.267952265,38.074646000,127.267650000,38.074603075,127.267616956
191,191,826430679228,38.199,4.400000,38.073242000,127.269450000,747.000000,557.229641,888.099129,330.869488,59.377582,0.560283,3.902005,7.058952,5.486797,6.273478,5.680308,7.058952,38.074833000,127.268420000,38.074833000,127.268420000,38.074840000,127.268210000,38.074821945,127.268171834,38.074970000,127.268520000,38.075026686,127.268556103,38.074825000,127.268616000,38.074849970,127.268669983,38.074696000,127.268320000,38.074646029,127.268286902
192,192,826430679419,38.390,4.400000,38.073310000,127.269470000,747.000000,501.908847,998.047751,496.138904,98.850400,0.364044,6.618835,8.007706,6.923516,7.393319,7.235844,8.007706,38.074795000,127.269550000,38.074795000,127.269550000,38.074883000,127.269390000,38.074902783,127.269318773,38.074867000,127.269714000,38.074900634,127.269794776,38.074710000,127.269710000,38.074681700,127.269780355,38.074726000,127.269380000,38.074689921,127.269309166
193,193,826430679624,38.595,4.400000,38.073310000,127.269470000,747.000000,501.908847,998.047751,496.138904,98.850400,0.364044,6.618835,8.007706,6.923516,7.393319,7.235844,8.007706,38.074795000,127.269550000,38.074795000,127.269550000,38.074883000,127.269390000,38.074902783,127.269318773,38.074867000,127.269714000,38.074900634,127.269794776,38.074710000,127.269710000,38.074681700,127.269780355,38.074726000,127.269380000,38.074689921,127.269309166
194,194,826430679832,38.803,4.400000,38.073383000,127.269490000,747.000000,495.314335,1073.441476,578.127141,116.719243,0.038140,7.515564,8.267343,7.523871,8.640950,7.986932,8.640950,38.074806000,127.270630000,38.074806000,127.270630000,38.074950000,127.270550000,38.075006641,127.270503328,38.074795000,127.270820000,38.074801833,127.270913942,38.074665000,127.270706000,38.074610277,127.270756391,38.074820000,127.270450000,38.074812564,127.270351848
195,195,826430680024,38.995,4.400000,38.073530000,127.269530000,747.000000,530.332618,963.261906,432.929288,81.633540,0.343865,5.503826,7.801723,5.938894,6.910408,6.538713,7.801723,38.075146000,127.269030000,38.075146000,127.269030000,38.075190000,127.268840000,38.075185763,127.268777424,38.075256000,127.269165000,38.075307738,127.269225055,38.075100000,127.269220000,38.075098038,127.269287726,38.075035000,127.268890000,38.074986900,127.268840150
196,196,826430680229,39.200,4.400000,38.073600000,127.269550000,747.000000,581.204988,935.452415,354.247427,60.950514,0.246864,4.765364,5.593742,4.847549,5.437183,5.160959,5.593742,38.075165000,127.267914000,38.075165000,127.267914000,38.075138000,127.267710000,38.075127732,127.267657208,38.075325000,127.267970000,38.075370363,127.267997457,38.075195000,127.268110000,38.075211268,127.268161313,38.075010000,127.267850000,38.074962817,127.267833962
197,197,826430680418,39.389,4.400000,38.073600000,127.269550000,747.000000,581.204988,935.452415,354.247427,60.950514,0.246864,4.765364,5.593742,4.847549,5.437183,5.160959,5.593742,38.075165000,127.267914000,38.075165000,127.267914000,38.075138000,127.267710000,38.075127732,127.267657208,38.075325000,127.267970000,38.075370363,127.267997457,38.075195000,127.268110000,38.075211268,127.268161313,38.075010000,127.267850000,38.074962817,127.267833962
198,198,826430680623,39.594,4.400000,38.073673000,127.269570000,747.000000,666.561772,1389.625624,723.063852,108.476646,0.464499,10.064529,7.164617,9.013891,6.372734,8.153943,10.064529,38.075140000,127.266650000,38.075140000,127.266650000,38.075058000,127.266460000,38.075056390,127.266345167,38.075317000,127.266640000,38.075381336,127.266637729,38.075222000,127.266840000,38.075219935,127.266942828,38.074966000,127.266660000,38.074908976,127.266653583
199,199,826430680829,39.800,4.400000,38.073746000,127.269585000,747.000000,599.972518,958.012717,358.040198,59.676100,0.660913,5.330582,5.745328,4.129552,5.399115,5.151144,5.745328,38.075306000,127.267830000,38.075306000,127.267830000,38.075268000,127.267630000,38.075265295,127.267569267,38.075466000,127.267880000,38.075513986,127.267904139,38.075340000,127.268036000,38.075356392,127.268078274,38.075146000,127.267784000,38.075101978,127.267758139
200,200,826430681019,39.990,4.400000,38.073890000,127.269620000,747.000000,492.628347,1016.411342,523.782995,106.324169,0.478988,6.716897,8.550505,6.862879,7.173909,7.326048,8.550505,38.075302000,127.269990000,38.075302000,127.269990000,38.075400000,127.269840000,38.075440449,127.269783124,38.075350000,127.270164000,38.075377562,127.270255076,38.075200000,127.270134000,38.075162382,127.270196047,38.075250000,127.269806000,38.075226716,127.269729665
201,201,826430681236,40.207,4.400000,38.073963000,127.269646000,747.000000,528.446471,1128.186503,599.740032,113.491161,0.169129,7.695293,8.469087,7.111486,8.520572,7.949110,8.520572,38.075620000,127.270840000,38.075620000,127.270840000,38.075764000,127.270750000,38.075820221,127.270698903,38.075615000,127.271034000,38.075626163,127.271129599,38.075478000,127.270935000,38.075425364,127.270980987,38.075623000,127.270650000,38.075612277,127.270553726
202,202,826430681417,40.388,4.400000,38.073963000,127.269646000,747.000000,528.446471,1128.186503,599.740032,113.491161,0.169129,7.695293,8.469087,7.111486,8.520572,7.949110,8.520572,38.075620000,127.270840000,38.075620000,127.270840000,38.075764000,127.270750000,38.075820221,127.270698903,38.075615000,127.271034000,38.075626163,127.271129599,38.075478000,127.270935000,38.075425364,127.270980987,38.075623000,127.270650000,38.075612277,127.270553726
203,203,826430681618,40.589,4.400000,38.074030000,127.269660000,748.000000,525.207532,1038.770440,513.562908,97.782853,0.197070,6.422707,8.199258,6.764266,7.680076,7.266577,8.199258,38.075660000,127.269960000,38.075660000,127.269960000,38.075760000,127.269806000,38.075786067,127.269740614,38.075718000,127.270140000,38.075752613,127.270222591,38.075558000,127.270110000,38.075530193,127.270178634,38.075603000,127.269780000,38.075569835,127.269703149
204,204,826430681824,40.795,4.400000,38.074177000,127.269700000,748.000000,629.839459,1192.382388,562.542930,89.315289,0.259664,7.550088,6.484844,6.380249,6.397414,6.703149,7.550088,38.075645000,127.267510000,38.075645000,127.267510000,38.075590000,127.267310000,38.075590497,127.267223844,38.075813000,127.267530000,38.075870772,127.267539508,38.075703000,127.267710000,38.075700538,127.267782741,38.075480000,127.267494000,38.075422862,127.267486175
205,205,826430682030,41.001,4.400000,38.074250000,127.269720000,748.000000,599.285701,1092.819333,493.533631,82.353647,1.011907,7.470359,6.414403,4.524120,6.182661,6.147886,7.470359,38.075790000,127.267820000,38.075790000,127.267820000,38.075750000,127.267624000,38.075752692,127.267538820,38.075950000,127.267870000,38.076007216,127.267878668,38.075832000,127.268030000,38.075837811,127.268081097,38.075630000,127.267784000,38.075576332,127.267765836
206,206,826430682219,41.190,4.400000,38.074250000,127.269720000,748.000000,599.285701,1092.819333,493.533631,82.353647,1.011907,7.470359,6.414403,4.524120,6.182661,6.147886,7.470359,38.075790000,127.267820000,38.075790000,127.267820000,38.075750000,127.267624000,38.075752692,127.267538820,38.075950000,127.267870000,38.076007216,127.267878668,38.075832000,127.268030000,38.075837811,127.268081097,38.075630000,127.267784000,38.075576332,127.267765836
207,207,826430682426,41.397,4.400000,38.074320000,127.269740000,748.000000,545.545501,944.234990,398.689489,73.080887,0.210129,4.919416,7.055836,5.363161,7.071980,6.102599,7.071980,38.075813000,127.268980000,38.075813000,127.268980000,38.075832000,127.268780000,38.075825034,127.268724563,38.075940000,127.269100000,38.075993944,127.269142276,38.075790000,127.269180000,38.075797214,127.269240512,38.075684000,127.268875000,38.075635992,127.268822146
208,208,826430682617,41.588,4.400000,38.074394000,127.269760000,748.000000,499.843656,1031.097395,531.253739,106.283982,0.265157,7.396041,8.186363,6.692230,8.075488,7.587531,8.186363,38.075800000,127.270096000,38.075800000,127.270096000,38.075905000,127.269960000,38.075936927,127.269885983,38.075848000,127.270280000,38.075883935,127.270361506,38.075695000,127.270240000,38.075664874,127.270306088,38.075752000,127.269920000,38.075720331,127.269837091
209,209,826430682823,41.794,4.400000,38.074540000,127.269800000,748.000000,518.960946,1098.246164,579.285219,111.624049,0.150580,7.328880,8.649979,7.053069,8.220303,7.813058,8.649979,38.076140000,127.270180000,38.076140000,127.270180000,38.076250000,127.270035000,38.076288882,127.269967509,38.076190000,127.270360000,38.076224130,127.270448679,38.076035000,127.270325000,38.075999901,127.270392008,38.076090000,127.270000000,38.076055688,127.269916935
210,210,826430683030,42.001,4.400000,38.074610000,127.269810000,748.000000,535.446640,1047.851377,512.404738,95.696695,0.089031,6.144298,8.001152,6.512163,7.796038,7.113413,8.001152,38.076153000,127.269600000,38.076153000,127.269600000,38.076218000,127.269420000,38.076227736,127.269350983,38.076250000,127.269760000,38.076301627,127.269823526,38.076088000,127.269780000,38.076069965,127.269850695,38.076057000,127.269450000,38.076010720,127.269383228
211,211,826430683220,42.191,4.400000,38.074610000,127.269810000,748.000000,535.446640,1047.851377,512.404738,95.696695,0.089031,6.144298,8.001152,6.512163,7.796038,7.113413,8.001152,38.076153000,127.269600000,38.076153000,127.269600000,38.076218000,127.269420000,38.076227736,127.269350983,38.076250000,127.269760000,38.076301627,127.269823526,38.076088000,127.269780000,38.076069965,127.269850695,38.076057000,127.269450000,38.076010720,127.269383228
212,212,826430683427,42.398,4.400000,38.074684000,127.269840000,748.000000,597.780692,1000.681344,402.900651,67.399409,0.250248,5.754702,5.605768,5.028928,5.635940,5.506335,5.754702,38.076126000,127.268020000,38.076126000,127.268020000,38.076080000,127.267815000,38.076080218,127.267749330,38.076286000,127.268060000,38.076331356,127.268087795,38.076168000,127.268220000,38.076179974,127.268275336,38.075966000,127.267980000,38.075917429,127.267961853
213,213,826430683618,42.589,4.400000,38.074830000,127.269875000,748.000000,588.112197,956.418137,368.305940,62.625115,0.727763,4.933803,6.467776,4.555897,5.851067,5.452136,6.467776,38.076298000,127.268280000,38.076298000,127.268280000,38.076267000,127.268074000,38.076259668,127.268018473,38.076458000,127.268330000,38.076513346,127.268352460,38.076332000,127.268480000,38.076349457,127.268527023,38.076145000,127.268230000,38.076100034,127.268195426
214,214,826430683822,42.793,4.400000,38.074900000,127.269890000,748.000000,513.789722,1017.784066,503.994344,98.093504,0.706330,5.108582,8.817771,6.463286,7.937876,7.081879,8.817771,38.076300000,127.269554000,38.076300000,127.269554000,38.076350000,127.269360000,38.076352651,127.269301800,38.076405000,127.269690000,38.076461013,127.269761150,38.076252000,127.269740000,38.076236737,127.269811163,38.076200000,127.269410000,38.076144020,127.269353890
215,215,826430684030,43.001,4.400000,38.074974000,127.269910000,748.000000,503.234718,1057.870289,554.635572,110.214091,0.127670,7.883705,8.080062,7.091365,7.927955,7.745772,8.080062,38.076332000,127.270650000,38.076332000,127.270650000,38.076460000,127.270546000,38.076510238,127.270482589,38.076344000,127.270840000,38.076360020,127.270929933,38.076202000,127.270760000,38.076155870,127.270815810,38.076320000,127.270460000,38.076301960,127.270372479
216,216,826430684220,43.191,4.400000,38.074974000,127.269910000,748.000000,503.234718,1057.870289,554.635572,110.214091,0.127670,7.883705,8.080062,7.091365,7.927955,7.745772,8.080062,38.076332000,127.270650000,38.076332000,127.270650000,38.076460000,127.270546000,38.076510238,127.270482589,38.076344000,127.270840000,38.076360020,127.270929933,38.076202000,127.270760000,38.076155870,127.270815810,38.076320000,127.270460000,38.076301960,127.270372479
217,217,826430684428,43.399,4.400000,38.075047000,127.269930000,748.000000,538.466868,1081.196459,542.729591,100.791641,0.262018,7.534487,8.030007,7.236827,7.164010,7.491333,8.030007,38.076668000,127.270960000,38.076668000,127.270960000,38.076810000,127.270860000,38.076863333,127.270807061,38.076670000,127.271150000,38.076677454,127.271241146,38.076530000,127.271060000,38.076480798,127.271113977,38.076664000,127.270760000,38.076655986,127.270678883
218,218,826430684618,43.589,4.400000,38.075180000,127.269966000,748.000000,543.880972,988.148540,444.267567,81.684705,0.874466,4.893144,9.060481,5.741026,6.499673,6.548581,9.060481,38.076645000,127.268974000,38.076645000,127.268974000,38.076650000,127.268770000,38.076638074,127.268716255,38.076782000,127.269066000,38.076859006,127.269099484,38.076640000,127.269170000,38.076657879,127.269231452,38.076508000,127.268875000,38.076455852,127.268841637
219,219,826430684824,43.795,4.400000,38.075253000,127.269980000,748.000000,621.251764,1229.153906,607.902142,97.851173,1.193079,7.272640,8.637840,5.769377,6.790013,7.117467,8.637840,38.076610000,127.267784000,38.076610000,127.267784000,38.076546000,127.267586000,38.076543221,127.267503082,38.076780000,127.267800000,38.076855800,127.267778920,38.076670000,127.267975000,38.076689784,127.268035853,38.076443000,127.267770000,38.076382253,127.267776987
220,220,826430685031,44.002,4.400000,38.075253000,127.269980000,748.000000,621.251764,1229.153906,607.902142,97.851173,1.193079,7.272640,8.637840,5.769377,6.790013,7.117467,8.637840,38.076610000,127.267784000,38.076610000,127.267784000,38.076546000,127.267586000,38.076543221,127.267503082,38.076780000,127.267800000,38.076855800,127.267778920,38.076670000,127.267975000,38.076689784,127.268035853,38.076443000,127.267770000,38.076382253,127.267776987
221,221,826430685223,44.194,4.400000,38.075325000,127.270004000,748.000000,667.005074,1543.519236,876.514163,131.410419,1.354693,10.413253,10.859229,7.430201,8.620783,9.330866,10.859229,38.076805000,127.267420000,38.076805000,127.267420000,38.076733000,127.267220000,38.076740118,127.267101511,38.076977000,127.267426000,38.077070377,127.267390142,38.076874000,127.267620000,38.076879471,127.267704506,38.076633000,127.267420000,38.076557439,127.267441549
222,222,826430685430,44.401,4.400000,38.075466000,127.270040000,748.000000,511.844805,1030.188459,518.343654,101.269691,0.650169,6.019712,8.249275,7.375105,7.761519,7.351403,8.249275,38.076828000,127.269670000,38.076828000,127.269670000,38.076874000,127.269480000,38.076880589,127.269411816,38.076935000,127.269806000,38.076985005,127.269875475,38.076782000,127.269850000,38.076767022,127.269931984,38.076720000,127.269530000,38.076666914,127.269472579
223,223,826430685620,44.591,4.400000,38.075466000,127.270040000,748.000000,511.844805,1030.188459,518.343654,101.269691,0.650169,6.019712,8.249275,7.375105,7.761519,7.351403,8.249275,38.076828000,127.269670000,38.076828000,127.269670000,38.076874000,127.269480000,38.076880589,127.269411816,38.076935000,127.269806000,38.076985005,127.269875475,38.076782000,127.269850000,38.076767022,127.269931984,38.076720000,127.269530000,38.076666914,127.269472579
224,224,826430685826,44.797,4.400000,38.075540000,127.270060000,748.000000,513.902831,1045.483811,531.580979,103.439979,0.388260,7.949459,7.565487,6.751177,7.521802,7.446981,7.949459,38.076862000,127.270780000,38.076862000,127.270780000,38.076992000,127.270676000,38.077044211,127.270614109,38.076878000,127.270970000,38.076884767,127.271055906,38.076733000,127.270900000,38.076682899,127.270943415,38.076847000,127.270590000,38.076838456,127.270504852
225,225,826430686017,44.988,4.400000,38.075684000,127.270096000,748.000000,518.978393,1053.778714,534.800322,103.048668,0.736863,6.573484,8.461617,7.821567,7.375523,7.558048,8.461617,38.077118000,127.269966000,38.077118000,127.269966000,38.077175000,127.269775000,38.077209685,127.269714289,38.077217000,127.270110000,38.077246061,127.270199227,38.077060000,127.270140000,38.077024451,127.270216991,38.077020000,127.269810000,38.076986436,127.269737431
226,226,826430686222,45.193,4.400000,38.075684000,127.270096000,748.000000,518.978393,1053.778714,534.800322,103.048668,0.736863,6.573484,8.461617,7.821567,7.375523,7.558048,8.461617,38.077118000,127.269966000,38.077118000,127.269966000,38.077175000,127.269775000,38.077209685,127.269714289,38.077217000,127.270110000,38.077246061,127.270199227,38.077060000,127.270140000,38.077024451,127.270216991,38.077020000,127.269810000,38.076986436,127.269737431
227,227,826430686428,45.399,4.400000,38.075756000,127.270120000,748.000000,549.199000,1124.525096,575.326097,104.757310,0.549534,5.624252,9.304407,6.371828,8.272959,7.393362,9.304407,38.077076000,127.268814000,38.077076000,127.268814000,38.077038000,127.268616000,38.077035565,127.268551892,38.077232000,127.268860000,38.077311687,127.268892038,38.077114000,127.269005000,38.077117196,127.269077601,38.076923000,127.268760000,38.076849936,127.268742734
228,228,826430686619,45.590,4.400000,38.075900000,127.270160000,748.000000,591.079548,1122.780567,531.701019,89.954224,0.963937,5.101464,8.812371,6.704462,7.899459,7.129439,8.812371,38.077274000,127.268420000,38.077274000,127.268420000,38.077213000,127.268220000,38.077207047,127.268162276,38.077440000,127.268430000,38.077513563,127.268467151,38.077330000,127.268600000,38.077346818,127.268673467,38.077110000,127.268394000,38.077039751,127.268381252
229,229,826430686823,45.794,4.400000,38.075974000,127.270170000,748.000000,624.348317,1185.779659,561.431342,89.922777,0.490693,7.364960,8.347630,7.414515,7.780451,7.726889,8.347630,38.077824000,127.268360000,38.077824000,127.268360000,38.077785000,127.268150000,38.077795482,127.268067013,38.077990000,127.268400000,38.078043558,127.268466677,38.077866000,127.268560000,38.077858665,127.268644099,38.077660000,127.268310000,38.077600104,127.268264240
230,230,826430687042,46.013,4.400000,38.075974000,127.270170000,748.000000,624.348317,1185.779659,561.431342,89.922777,0.490693,7.364960,8.347630,7.414515,7.780451,7.726889,8.347630,38.077824000,127.268360000,38.077824000,127.268360000,38.077785000,127.268150000,38.077795482,127.268067013,38.077990000,127.268400000,38.078043558,127.268466677,38.077866000,127.268560000,38.077858665,127.268644099,38.077660000,127.268310000,38.077600104,127.268264240
231,231,826430687224,46.195,4.400000,38.076046000,127.270190000,748.000000,729.642150,1285.932240,556.290091,76.241496,0.910674,5.264531,10.127277,5.747881,7.828327,7.242004,10.127277,38.078620000,127.268105000,38.078620000,127.268105000,38.078598000,127.267880000,38.078589411,127.267820920,38.078800000,127.268170000,38.078886261,127.268206721,38.078648000,127.268326000,38.078648576,127.268391591,38.078450000,127.268040000,38.078400397,127.267976673
232,232,826430687431,46.402,4.400000,38.076190000,127.270226000,748.000000,809.180943,1567.400843,758.219901,93.702145,0.623358,11.350101,9.007883,9.470064,9.168981,9.749257,11.350101,38.079502000,127.268920000,38.079502000,127.268920000,38.079520000,127.268690000,38.079587679,127.268593122,38.079680000,127.269035000,38.079710455,127.269130241,38.079490000,127.269150000,38.079434802,127.269232236,38.079334000,127.268810000,38.079307964,127.268710727
233,233,826430687622,46.593,4.400000,38.076263000,127.270240000,748.000000,800.235395,1481.220538,680.985143,85.098103,0.289550,9.202578,9.623513,9.837580,9.083570,9.436810,9.837580,38.079567000,127.270080000,38.079567000,127.270080000,38.079624000,127.269860000,38.079690611,127.269797802,38.079716000,127.270240000,38.079718424,127.270349782,38.079510000,127.270294000,38.079437031,127.270357332,38.079422000,127.269920000,38.079417325,127.269816507
234,234,826430687830,46.801,4.400000,38.076263000,127.270240000,748.000000,800.235395,1481.220538,680.985143,85.098103,0.289550,9.202578,9.623513,9.837580,9.083570,9.436810,9.837580,38.079567000,127.270080000,38.079567000,127.270080000,38.079624000,127.269860000,38.079690611,127.269797802,38.079716000,127.270240000,38.079718424,127.270349782,38.079510000,127.270294000,38.079437031,127.270357332,38.079422000,127.269920000,38.079417325,127.269816507
235,235,826430688019,46.990,4.400000,38.076336000,127.270256000,748.000000,798.108303,1562.442327,764.334024,95.768209,0.074419,10.403023,10.126488,10.462621,9.395125,10.096814,10.462621,38.079624000,127.271220000,38.079624000,127.271220000,38.079727000,127.271030000,38.079815197,127.270990750,38.079735000,127.271420000,38.079721472,127.271534280,38.079525000,127.271410000,38.079434632,127.271442814,38.079517000,127.271020000,38.079534143,127.270915016
236,236,826430688226,47.197,4.400000,38.076410000,127.270270000,748.000000,857.919257,1614.022099,756.102841,88.132168,0.347114,10.775406,9.435198,9.919816,10.233191,10.090903,10.775406,38.079903000,127.271324000,38.079903000,127.271324000,38.080006000,127.271126000,38.080099066,127.271092187,38.080020000,127.271540000,38.080000887,127.271644903,38.079800000,127.271520000,38.079714387,127.271551408,38.079790000,127.271126000,38.079810327,127.271012107
237,237,826430688417,47.388,4.400000,38.076553000,127.270300000,748.000000,794.448563,1561.572981,767.124419,96.560615,0.385916,12.710059,10.110749,10.811804,10.089098,10.930427,12.710059,38.079792000,127.269070000,38.079792000,127.269070000,38.079792000,127.268845000,38.079876632,127.268747637,38.079975000,127.269170000,38.079994406,127.269282721,38.079792000,127.269300000,38.079718553,127.269380735,38.079617000,127.268974000,38.079593528,127.268862789
238,238,826430688623,47.594,4.400000,38.076553000,127.270300000,748.000000,794.448563,1561.572981,767.124419,96.560615,0.385916,12.710059,10.110749,10.811804,10.089098,10.930427,12.710059,38.079792000,127.269070000,38.079792000,127.269070000,38.079792000,127.268845000,38.079876632,127.268747637,38.079975000,127.269170000,38.079994406,127.269282721,38.079792000,127.269300000,38.079718553,127.269380735,38.079617000,127.268974000,38.079593528,127.268862789
239,239,826430688829,47.800,4.400000,38.076630000,127.270320000,748.000000,819.615857,1663.357965,843.742108,102.943605,0.408040,11.003042,9.531245,10.427798,9.353952,10.079009,11.003042,38.079712000,127.267890000,38.079712000,127.267890000,38.079666000,127.267660000,38.079717910,127.267553142,38.079910000,127.267940000,38.079963170,127.268025258,38.079754000,127.268110000,38.079711356,127.268215958,38.079517000,127.267840000,38.079451115,127.267773746
240,240,826430689020,47.991,4.400000,38.076775000,127.270340000,748.000000,819.173234,1520.696732,701.523498,85.637991,0.178038,12.865053,10.596161,11.865874,10.512777,11.459966,12.865053,38.080040000,127.269430000,38.080040000,127.269430000,38.080040000,127.269200000,38.080136706,127.269119612,38.080227000,127.269540000,38.080227698,127.269660923,38.080044000,127.269660000,38.079953371,127.269731284,38.079860000,127.269325000,38.079854536,127.269205227
241,241,826430689229,48.200,4.400000,38.076847000,127.270355000,748.000000,784.715226,1503.115770,718.400545,91.549204,0.248359,12.855907,11.748788,13.318312,10.992906,12.228979,13.318312,38.080100000,127.270546000,38.080100000,127.270546000,38.080140000,127.270325000,38.080249667,127.270279014,38.080260000,127.270700000,38.080234269,127.270830034,38.080063000,127.270760000,38.079949167,127.270806781,38.079945000,127.270390000,38.079969968,127.270268622
242,242,826430689419,48.390,4.400000,38.076847000,127.270355000,748.000000,784.715226,1503.115770,718.400545,91.549204,0.248359,12.855907,11.748788,13.318312,10.992906,12.228979,13.318312,38.080100000,127.270546000,38.080100000,127.270546000,38.080140000,127.270325000,38.080249667,127.270279014,38.080260000,127.270700000,38.080234269,127.270830034,38.080063000,127.270760000,38.079949167,127.270806781,38.079945000,127.270390000,38.079969968,127.270268622
243,243,826430689625,48.596,4.400000,38.076920000,127.270360000,748.000000,808.754367,1501.427703,692.673335,85.646936,0.293099,13.096038,12.096227,12.181232,12.326606,12.425026,13.096038,38.080147000,127.271620000,38.080147000,127.271620000,38.080227000,127.271416000,38.080344418,127.271406747,38.080276000,127.271820000,38.080223484,127.271940853,38.080067000,127.271820000,38.079957922,127.271831081,38.080020000,127.271430000,38.080074703,127.271307690
244,244,826430689832,48.803,4.400000,38.077057000,127.270380000,748.000000,787.185398,1554.326503,767.141105,97.453676,0.571915,14.931275,11.803122,13.397406,11.948515,13.020080,14.931275,38.080338000,127.269750000,38.080338000,127.269750000,38.080338000,127.269530000,38.080455330,127.269447427,38.080524000,127.269860000,38.080523247,127.269994697,38.080345000,127.269980000,38.080235369,127.270043079,38.080162000,127.269646000,38.080167273,127.269509805
245,245,826430690024,48.995,4.400000,38.077057000,127.270380000,748.000000,787.185398,1554.326503,767.141105,97.453676,0.571915,14.931275,11.803122,13.397406,11.948515,13.020080,14.931275,38.080338000,127.269750000,38.080338000,127.269750000,38.080338000,127.269530000,38.080455330,127.269447427,38.080524000,127.269860000,38.080523247,127.269994697,38.080345000,127.269980000,38.080235369,127.270043079,38.080162000,127.269646000,38.080167273,127.269509805
246,246,826430690232,49.203,4.400000,38.077130000,127.270390000,748.000000,781.811449,1562.085493,780.274044,99.803353,0.831806,13.036327,11.961143,14.450012,10.528375,12.493964,14.450012,38.080273000,127.268650000,38.080273000,127.268650000,38.080230000,127.268425000,38.080314792,127.268322383,38.080470000,127.268700000,38.080490911,127.268833894,38.080315000,127.268860000,38.080222212,127.268975322,38.080080000,127.268590000,38.080051191,127.268475557
247,247,826430690423,49.394,4.400000,38.077280000,127.270400000,747.000000,813.559545,1621.322410,807.762865,99.287492,0.580008,13.436040,12.044878,13.837837,10.898511,12.554316,13.837837,38.080482000,127.268280000,38.080482000,127.268280000,38.080425000,127.268060000,38.080505338,127.267945565,38.080690000,127.268310000,38.080720803,127.268441772,38.080536000,127.268490000,38.080455088,127.268609888,38.080284000,127.268240000,38.080244257,127.268126332
248,248,826430690629,49.600,4.400000,38.077350000,127.270410000,747.000000,774.238968,1557.372521,783.133553,101.148816,0.110000,15.078610,12.837997,15.229670,12.652919,13.949799,15.229670,38.080566000,127.269470000,38.080566000,127.269470000,38.080536000,127.269250000,38.080652257,127.269161690,38.080757000,127.269550000,38.080765451,127.269696118,38.080593000,127.269690000,38.080473156,127.269773834,38.080376000,127.269394000,38.080374447,127.269249614
249,249,826430690820,49.791,4.400000,38.077350000,127.270410000,747.000000,774.238968,1557.372521,783.133553,101.148816,0.110000,15.078610,12.837997,15.229670,12.652919,13.949799,15.229670,38.080566000,127.269470000,38.080566000,127.269470000,38.080536000,127.269250000,38.080652257,127.269161690,38.080757000,127.269550000,38.080765451,127.269696118,38.080593000,127.269690000,38.080473156,127.269773834,38.080376000,127.269394000,38.080374447,127.269249614
250,250,826430691025,49.996,4.400000,38.077423000,127.270410000,747.000000,782.661284,1511.149486,728.488203,93.078349,0.107322,34.515417,15.834892,33.757134,16.071593,25.044759,34.515417,38.080616000,127.270584000,38.080616000,127.270584000,38.080795000,127.270710000,38.080771743,127.270317208,38.080610000,127.270805000,38.080744039,127.270865500,38.080440000,127.270460000,38.080463900,127.270844050,38.080620000,127.270360000,38.080481463,127.270308376
251,251,826430691216,50.187,4.400000,38.077570000,127.270420000,747.000000,777.220950,1550.808250,773.587300,99.532482,0.742137,34.453426,15.754003,33.572331,16.759825,25.134896,34.453426,38.080833000,127.270050000,38.080833000,127.270050000,38.081028000,127.270140000,38.080952805,127.269758586,38.080856000,127.270270000,38.080994014,127.270309773,38.080647000,127.269960000,38.080706136,127.270335702,38.080810000,127.269830000,38.080661469,127.269798733
252,252,826430691422,50.393,4.400000,38.077570000,127.270420000,747.000000,777.220950,1550.808250,773.587300,99.532482,0.742137,34.453426,15.754003,33.572331,16.759825,25.134896,34.453426,38.080833000,127.270050000,38.080833000,127.270050000,38.081028000,127.270140000,38.080952805,127.269758586,38.080856000,127.270270000,38.080994014,127.270309773,38.080647000,127.269960000,38.080706136,127.270335702,38.080810000,127.269830000,38.080661469,127.269798733
253,253,826430691629,50.600,4.400000,38.077644000,127.270420000,747.000000,783.074192,1537.980144,754.905951,96.402864,0.590537,16.730453,13.493961,15.189167,13.157367,14.642737,16.730453,38.080770000,127.268920000,38.080770000,127.268920000,38.080708000,127.268710000,38.080828380,127.268595687,38.080970000,127.268960000,38.080987430,127.269112398,38.080826000,127.269135000,38.080715074,127.269235941,38.080570000,127.268880000,38.080562547,127.268730142
254,254,826430691820,50.791,4.400000,38.077793000,127.270410000,747.000000,837.228439,1691.014293,853.785854,101.977646,0.732643,16.494867,12.236448,14.517354,12.834143,14.020703,16.494867,38.080906000,127.267624000,38.080906000,127.267624000,38.080814000,127.267426000,38.080902252,127.267274784,38.081116000,127.267620000,38.081164508,127.267745314,38.080994000,127.267830000,38.080913981,127.267960824,38.080700000,127.267640000,38.080655004,127.267505147
255,255,826430692026,50.997,4.400000,38.077793000,127.270410000,747.000000,837.228439,1691.014293,853.785854,101.977646,0.732643,16.494867,12.236448,14.517354,12.834143,14.020703,16.494867,38.080906000,127.267624000,38.080906000,127.267624000,38.080814000,127.267426000,38.080902252,127.267274784,38.081116000,127.267620000,38.081164508,127.267745314,38.080994000,127.267830000,38.080913981,127.267960824,38.080700000,127.267640000,38.080655004,127.267505147
256,256,826430692217,51.188,4.400000,38.077870000,127.270400000,747.000000,794.679327,1545.056785,750.377457,94.425189,0.414108,35.174619,16.375959,34.220356,15.697506,25.367110,35.174619,38.080997000,127.268790000,38.080997000,127.268790000,38.081203000,127.268814000,38.081051566,127.268461677,38.081070000,127.269000000,38.081216033,127.268977450,38.080795000,127.268770000,38.080948836,127.269108117,38.080925000,127.268585000,38.080784974,127.268606161
257,257,826430692450,51.421,4.400000,38.078014000,127.270390000,747.000000,777.559298,1457.429644,679.870346,87.436463,0.377663,30.619505,11.002312,29.851176,11.252594,20.681397,30.619505,38.081120000,127.271090000,38.081120000,127.271090000,38.081303000,127.271200000,38.081291798,127.270850847,38.081130000,127.271320000,38.081212846,127.271388473,38.080936000,127.270980000,38.080939293,127.271320648,38.081104000,127.270870000,38.081021582,127.270795647
258,258,826430692649,51.620,4.400000,38.078087000,127.270380000,747.000000,792.490656,1430.037085,637.546428,80.448447,0.364291,31.469810,12.056163,31.671409,11.550765,21.687037,31.671409,38.081340000,127.270320000,38.081340000,127.270320000,38.081543000,127.270390000,38.081471853,127.270042412,38.081383000,127.270540000,38.081482974,127.270592911,38.081150000,127.270240000,38.081212314,127.270592672,38.081303000,127.270096000,38.081205116,127.270052259
259,259,826430692821,51.792,4.400000,38.078087000,127.270380000,747.000000,792.490656,1430.037085,637.546428,80.448447,0.364291,31.469810,12.056163,31.671409,11.550765,21.687037,31.671409,38.081340000,127.270320000,38.081340000,127.270320000,38.081543000,127.270390000,38.081471853,127.270042412,38.081383000,127.270540000,38.081482974,127.270592911,38.081150000,127.270240000,38.081212314,127.270592672,38.081303000,127.270096000,38.081205116,127.270052259
260,260,826430693026,51.997,4.400000,38.078163000,127.270370000,747.000000,773.251479,1533.015812,759.764333,98.255788,0.396934,34.274871,14.563877,33.298672,14.060369,24.049447,34.274871,38.081245000,127.268720000,38.081245000,127.268720000,38.081450000,127.268730000,38.081296327,127.268391044,38.081333000,127.268920000,38.081463250,127.268904367,38.081043000,127.268715000,38.081199745,127.269038667,38.081158000,127.268524000,38.081032292,127.268539599
261,261,826430693231,52.202,4.400000,38.078312000,127.270340000,747.000000,823.830487,1723.732220,899.901733,109.233847,0.901882,18.851796,13.644503,16.030973,13.343615,15.467722,18.851796,38.081380000,127.267430000,38.081380000,127.267430000,38.081270000,127.267250000,38.081371302,127.267077592,38.081590000,127.267400000,38.081646624,127.267538105,38.081486000,127.267624000,38.081395800,127.267766619,38.081173000,127.267460000,38.081125922,127.267319953
262,262,826430693422,52.393,4.400000,38.078384000,127.270325000,747.000000,787.626782,1551.780143,764.153361,97.019728,0.279117,34.656471,14.848323,33.173814,14.968175,24.411696,34.656471,38.081470000,127.268580000,38.081470000,127.268580000,38.081680000,127.268585000,38.081515295,127.268249367,38.081560000,127.268776000,38.081692712,127.268758997,38.081270000,127.268580000,38.081426174,127.268902442,38.081387000,127.268380000,38.081253911,127.268404341
263,263,826430693629,52.600,4.400000,38.078384000,127.270325000,747.000000,787.626782,1551.780143,764.153361,97.019728,0.279117,34.656471,14.848323,33.173814,14.968175,24.411696,34.656471,38.081470000,127.268580000,38.081470000,127.268580000,38.081680000,127.268585000,38.081515295,127.268249367,38.081560000,127.268776000,38.081692712,127.268758997,38.081270000,127.268580000,38.081426174,127.268902442,38.081387000,127.268380000,38.081253911,127.268404341
264,264,826430693819,52.790,4.400000,38.078457000,127.270310000,747.000000,741.318006,1381.352175,640.034170,86.337330,0.340724,32.066413,12.265423,31.558562,10.874001,21.691100,32.066413,38.081543000,127.269700000,38.081543000,127.269700000,38.081740000,127.269750000,38.081644528,127.269404727,38.081600000,127.269910000,38.081707174,127.269942484,38.081350000,127.269650000,38.081445106,127.269989290,38.081482000,127.269490000,38.081387165,127.269460253
265,265,826430694025,52.996,4.400000,38.078600000,127.270270000,747.000000,769.992538,1490.322650,720.330112,93.550272,0.152707,32.475760,14.865885,31.826072,13.102969,23.067672,32.475760,38.081806000,127.270120000,38.081806000,127.270120000,38.082000000,127.270200000,38.081927643,127.269840950,38.081840000,127.270340000,38.081968135,127.270387789,38.081615000,127.270040000,38.081677623,127.270394396,38.081768000,127.269900000,38.081654730,127.269859333
266,266,826430694230,53.201,4.400000,38.078600000,127.270270000,747.000000,769.992538,1490.322650,720.330112,93.550272,0.152707,32.475760,14.865885,31.826072,13.102969,23.067672,32.475760,38.081806000,127.270120000,38.081806000,127.270120000,38.082000000,127.270200000,38.081927643,127.269840950,38.081840000,127.270340000,38.081968135,127.270387789,38.081615000,127.270040000,38.081677623,127.270394396,38.081768000,127.269900000,38.081654730,127.269859333
267,267,826430694422,53.393,4.400000,38.078674000,127.270250000,747.000000,754.727976,1530.186963,775.458988,102.746819,0.592560,33.592605,13.957852,33.113674,14.771766,23.858974,33.592605,38.081740000,127.268920000,38.081740000,127.268920000,38.081947000,127.268940000,38.081812055,127.268597092,38.081818000,127.269120000,38.081943369,127.269122624,38.081547000,127.268890000,38.081669723,127.269234250,38.081673000,127.268715000,38.081540420,127.268722087
268,268,826430694629,53.600,4.400000,38.078747000,127.270226000,747.000000,762.824709,1567.766204,804.941494,105.521162,0.414783,36.466610,17.566011,35.100985,16.804132,26.484435,36.466610,38.081665000,127.267820000,38.081665000,127.267820000,38.081870000,127.267810000,38.081662437,127.267488027,38.081760000,127.268010000,38.081911070,127.267952088,38.081463000,127.267840000,38.081666158,127.268146362,38.081566000,127.267640000,38.081421330,127.267694759
269,269,826430694820,53.791,4.400000,38.078876000,127.270180000,747.000000,804.950396,1673.158128,868.207732,107.858538,0.308283,17.119809,13.062516,16.131177,12.564013,14.719379,17.119809,38.081898000,127.267525000,38.081898000,127.267525000,38.081800000,127.267334000,38.081895122,127.267180476,38.082108000,127.267510000,38.082155574,127.267646275,38.081993000,127.267715000,38.081903009,127.267859295,38.081690000,127.267540000,38.081647409,127.267407214
270,270,826430695026,53.997,4.400000,38.078876000,127.270180000,747.000000,804.950396,1673.158128,868.207732,107.858538,0.308283,17.119809,13.062516,16.131177,12.564013,14.719379,17.119809,38.081898000,127.267525000,38.081898000,127.267525000,38.081800000,127.267334000,38.081895122,127.267180476,38.082108000,127.267510000,38.082155574,127.267646275,38.081993000,127.267715000,38.081903009,127.267859295,38.081690000,127.267540000,38.081647409,127.267407214
271,271,826430695232,54.203,4.400000,38.078950000,127.270150000,747.000000,754.271931,1526.292549,772.020618,102.353089,0.760927,35.118144,15.660051,33.813979,16.497752,25.272482,35.118144,38.081980000,127.268684000,38.081980000,127.268684000,38.082184000,127.268715000,38.082033125,127.268363019,38.082050000,127.268890000,38.082190346,127.268877745,38.081787000,127.268654000,38.081917779,127.269002306,38.081917000,127.268480000,38.081769433,127.268497415
272,272,826430695422,54.393,4.400000,38.079018000,127.270130000,747.000000,740.142442,1460.856304,720.713861,97.375021,0.574016,33.510766,15.380525,33.115066,14.450978,24.114334,33.510766,38.082043000,127.269810000,38.082043000,127.269810000,38.082230000,127.269900000,38.082173171,127.269524433,38.082070000,127.270030000,38.082205495,127.270064347,38.081863000,127.269720000,38.081932758,127.270087390,38.082016000,127.269590000,38.081888126,127.269561582
273,273,826430695629,54.600,4.400000,38.079160000,127.270065000,747.000000,762.896378,1502.328812,739.432434,96.924360,0.329063,34.101497,15.589341,33.775666,16.047189,24.878423,34.101497,38.082275000,127.269510000,38.082275000,127.269510000,38.082466000,127.269590000,38.082392342,127.269212231,38.082302000,127.269730000,38.082440493,127.269756384,38.082092000,127.269424000,38.082158977,127.269799959,38.082253000,127.269290000,38.082109768,127.269269319
274,274,826430695819,54.790,4.400000,38.079160000,127.270065000,747.000000,762.896378,1502.328812,739.432434,96.924360,0.329063,34.101497,15.589341,33.775666,16.047189,24.878423,34.101497,38.082275000,127.269510000,38.082275000,127.269510000,38.082466000,127.269590000,38.082392342,127.269212231,38.082302000,127.269730000,38.082440493,127.269756384,38.082092000,127.269424000,38.082158977,127.269799959,38.082253000,127.269290000,38.082109768,127.269269319
275,275,826430696026,54.997,4.400000,38.079227000,127.270035000,747.000000,769.159185,1494.314791,725.155606,94.279002,0.610618,15.203165,12.389632,14.830206,12.671157,13.773540,15.203165,38.082210000,127.268340000,38.082210000,127.268340000,38.082146000,127.268135000,38.082246016,127.268016851,38.082413000,127.268380000,38.082425224,127.268520542,38.082275000,127.268555000,38.082170036,127.268659229,38.082016000,127.268310000,38.081989799,127.268169273
276,276,826430696232,55.203,4.400000,38.079370000,127.269966000,747.000000,800.985330,1726.269968,925.284638,115.518300,0.386134,15.704781,11.146362,14.995541,11.456164,13.325712,15.704781,38.082344000,127.266945000,38.082344000,127.266945000,38.082253000,127.266754000,38.082321688,127.266597446,38.082554000,127.266940000,38.082610643,127.267044898,38.082436000,127.267140000,38.082364560,127.267285089,38.082138000,127.266960000,38.082083685,127.266848948
277,277,826430696423,55.394,4.400000,38.079370000,127.269966000,747.000000,800.985330,1726.269968,925.284638,115.518300,0.386134,15.704781,11.146362,14.995541,11.456164,13.325712,15.704781,38.082344000,127.266945000,38.082344000,127.266945000,38.082253000,127.266754000,38.082321688,127.266597446,38.082554000,127.266940000,38.082610643,127.267044898,38.082436000,127.267140000,38.082364560,127.267285089,38.082138000,127.266960000,38.082083685,127.266848948
278,278,826430696631,55.602,4.400000,38.079437000,127.269936000,747.000000,771.805121,1544.505400,772.700279,100.115982,0.374235,14.581466,12.042067,14.478513,11.461413,13.140865,14.581466,38.082428000,127.268040000,38.082428000,127.268040000,38.082367000,127.267830000,38.082457820,127.267710083,38.082630000,127.268074000,38.082653216,127.268208229,38.082490000,127.268250000,38.082396026,127.268364236,38.082233000,127.268005000,38.082199997,127.267881097
279,279,826430696823,55.794,4.400000,38.079506000,127.269905000,747.000000,749.589456,1436.530399,686.940943,91.642290,0.188413,14.181010,12.470580,14.141294,11.581062,13.093486,14.181010,38.082504000,127.269130000,38.082504000,127.269130000,38.082485000,127.268906000,38.082596732,127.268828262,38.082687000,127.269220000,38.082680143,127.269362055,38.082523000,127.269350000,38.082410853,127.269425808,38.082325000,127.269035000,38.082330014,127.268902983
280,280,826430697028,55.999,4.400000,38.079643000,127.269830000,747.000000,758.570182,1445.623563,687.053380,90.572158,0.240961,12.514100,11.737127,12.721346,10.413484,11.846514,12.721346,38.082770000,127.269800000,38.082770000,127.269800000,38.082806000,127.269580000,38.082909930,127.269525563,38.082930000,127.269940000,38.082909803,127.270071471,38.082740000,127.270020000,38.082632181,127.270068117,38.082620000,127.269650000,38.082638827,127.269533586
281,281,826430697218,56.189,4.400000,38.079643000,127.269830000,747.000000,758.570182,1445.623563,687.053380,90.572158,0.240961,12.514100,11.737127,12.721346,10.413484,11.846514,12.721346,38.082770000,127.269800000,38.082770000,127.269800000,38.082806000,127.269580000,38.082909930,127.269525563,38.082930000,127.269940000,38.082909803,127.270071471,38.082740000,127.270020000,38.082632181,127.270068117,38.082620000,127.269650000,38.082638827,127.269533586
282,282,826430697425,56.396,4.400000,38.079712000,127.269790000,747.000000,761.984756,1468.512784,706.528028,92.722068,0.382218,12.452149,10.445686,11.801758,10.976146,11.418935,12.452149,38.082706000,127.268620000,38.082706000,127.268620000,38.082687000,127.268400000,38.082772317,127.268308091,38.082893000,127.268710000,38.082910580,127.268827102,38.082726000,127.268845000,38.082641247,127.268925916,38.082527000,127.268540000,38.082510310,127.268416540
283,283,826430697631,56.602,4.400000,38.079845000,127.269720000,747.000000,831.724848,1694.977394,863.252546,103.790640,0.296290,13.872248,10.252954,13.267580,10.009784,11.850641,13.872248,38.082813000,127.266760000,38.082813000,127.266760000,38.082740000,127.266550000,38.082796616,127.266408963,38.083023000,127.266770000,38.083067359,127.266872549,38.082886000,127.266970000,38.082828108,127.267102356,38.082610000,127.266750000,38.082556404,127.266658272
284,284,826430697824,56.795,4.400000,38.079914000,127.269684000,747.000000,770.663987,1512.404429,741.740442,96.246932,0.354152,12.168141,9.675012,12.053575,9.533216,10.857486,12.168141,38.082882000,127.267624000,38.082882000,127.267624000,38.082840000,127.267410000,38.082899839,127.267293786,38.083080000,127.267680000,38.083109379,127.267783918,38.082928000,127.267840000,38.082861982,127.267949037,38.082690000,127.267570000,38.082654180,127.267471175
285,285,826430698040,57.011,4.400000,38.079914000,127.269684000,747.000000,770.663987,1512.404429,741.740442,96.246932,0.354152,12.168141,9.675012,12.053575,9.533216,10.857486,12.168141,38.082882000,127.267624000,38.082882000,127.267624000,38.082840000,127.267410000,38.082899839,127.267293786,38.083080000,127.267680000,38.083109379,127.267783918,38.082928000,127.267840000,38.082861982,127.267949037,38.082690000,127.267570000,38.082654180,127.267471175
286,286,826430698252,57.223,4.400000,38.079983000,127.269646000,747.000000,739.733185,1436.618306,696.885121,94.207632,0.202966,11.311531,9.514578,11.053645,9.078164,10.239480,11.311531,38.082966000,127.268974000,38.082966000,127.268974000,38.082985000,127.268750000,38.083067502,127.268674638,38.083126000,127.269104000,38.083130045,127.269212465,38.082943000,127.269190000,38.082864276,127.269266885,38.082806000,127.268845000,38.082793921,127.268742536
287,287,826430698426,57.397,4.400000,38.080116000,127.269560000,747.000000,782.345413,1446.693946,664.348534,84.917547,0.378589,8.960793,8.616873,8.299547,7.931942,8.452289,8.960793,38.083244000,127.269890000,38.083244000,127.269890000,38.083330000,127.269684000,38.083399626,127.269632679,38.083366000,127.270080000,38.083372465,127.270177999,38.083160000,127.270090000,38.083098360,127.270143285,38.083130000,127.269700000,38.083126902,127.269609560
288,288,826430698617,57.588,4.400000,38.080116000,127.269560000,747.000000,782.345413,1446.693946,664.348534,84.917547,0.378589,8.960793,8.616873,8.299547,7.931942,8.452289,8.960793,38.083244000,127.269890000,38.083244000,127.269890000,38.083330000,127.269684000,38.083399626,127.269632679,38.083366000,127.270080000,38.083372465,127.270177999,38.083160000,127.270090000,38.083098360,127.270143285,38.083130000,127.269700000,38.083126902,127.269609560
289,289,826430698845,57.816,4.400000,38.080180000,127.269520000,747.000000,755.727493,1442.186450,686.458957,90.834191,0.470928,8.321475,9.100046,9.731365,8.198258,8.837786,9.731365,38.083183000,127.268450000,38.083183000,127.268450000,38.083200000,127.268220000,38.083245332,127.268144485,38.083347000,127.268570000,38.083380794,127.268664567,38.083168000,127.268670000,38.083111177,127.268754398,38.083020000,127.268326000,38.082989102,127.268241068
290,290,826430699029,58.000,4.400000,38.080315000,127.269450000,747.000000,795.534917,1629.116182,833.581265,104.782486,0.199317,12.426050,8.714708,11.605952,8.773385,10.380024,12.426050,38.083046000,127.266450000,38.083046000,127.266450000,38.082985000,127.266240000,38.083017681,127.266104399,38.083250000,127.266470000,38.083301980,127.266544370,38.083107000,127.266660000,38.083074034,127.266785660,38.082850000,127.266430000,38.082796144,127.266356896
291,291,826430699220,58.191,4.400000,38.080383000,127.269400000,747.000000,778.901200,1590.011877,811.110677,104.135245,0.260428,10.558892,8.412014,10.623805,8.746445,9.585289,10.623805,38.083344000,127.267080000,38.083344000,127.267080000,38.083313000,127.266860000,38.083347299,127.266747648,38.083538000,127.267150000,38.083592612,127.267216354,38.083374000,127.267300000,38.083334227,127.267410216,38.083157000,127.267020000,38.083105921,127.266944152
292,292,826430699426,58.397,4.400000,38.080383000,127.269400000,747.000000,778.901200,1590.011877,811.110677,104.135245,0.260428,10.558892,8.412014,10.623805,8.746445,9.585289,10.623805,38.083344000,127.267080000,38.083344000,127.267080000,38.083313000,127.266860000,38.083347299,127.266747648,38.083538000,127.267150000,38.083592612,127.267216354,38.083374000,127.267300000,38.083334227,127.267410216,38.083157000,127.267020000,38.083105921,127.266944152
293,293,826430699631,58.602,4.400000,38.080450000,127.269360000,747.000000,735.397886,1402.178113,666.780227,90.669315,0.209307,8.385785,8.300519,8.005501,8.585229,8.319259,8.585229,38.083416000,127.268240000,38.083416000,127.268240000,38.083440000,127.268020000,38.083474226,127.267934743,38.083576000,127.268370000,38.083616754,127.268449331,38.083393000,127.268460000,38.083359883,127.268541101,38.083260000,127.268120000,38.083220577,127.268035787
294,294,826430699823,58.794,4.400000,38.080580000,127.269280000,747.000000,783.432295,1564.926267,781.493972,99.752586,0.152593,9.131298,7.943249,8.301790,8.028738,8.351269,9.131298,38.083763000,127.270035000,38.083763000,127.270035000,38.083880000,127.269860000,38.083945277,127.269796891,38.083843000,127.270256000,38.083867284,127.270341244,38.083640000,127.270210000,38.083579706,127.270265760,38.083683000,127.269820000,38.083655264,127.269735416
295,295,826430700029,59.000,4.400000,38.080580000,127.269280000,747.000000,783.432295,1564.926267,781.493972,99.752586,0.152593,9.131298,7.943249,8.301790,8.028738,8.351269,9.131298,38.083763000,127.270035000,38.083763000,127.270035000,38.083880000,127.269860000,38.083945277,127.269796891,38.083843000,127.270256000,38.083867284,127.270341244,38.083640000,127.270210000,38.083579706,127.270265760,38.083683000,127.269820000,38.083655264,127.269735416
296,296,826430700219,59.190,4.400000,38.080635000,127.269250000,747.000000,751.342588,1453.742101,702.399512,93.485917,0.044214,8.689978,7.908814,8.818402,7.286020,8.175803,8.818402,38.083706000,127.269310000,38.083706000,127.269310000,38.083797000,127.269110000,38.083852261,127.269039949,38.083817000,127.269500000,38.083840651,127.269585114,38.083620000,127.269510000,38.083558289,127.269573104,38.083600000,127.269120000,38.083582115,127.269040011
297,297,826430700424,59.395,4.400000,38.080770000,127.269165000,747.000000,772.812203,1527.484310,754.672107,97.652716,0.272050,8.889834,8.418385,8.901385,7.699222,8.477206,8.901385,38.083584000,127.266914000,38.083584000,127.266914000,38.083570000,127.266685000,38.083585128,127.266585379,38.083767000,127.266990000,38.083827155,127.267048225,38.083600000,127.267136000,38.083583821,127.267235488,38.083405000,127.266830000,38.083345914,127.266784327
298,298,826430700632,59.603,4.400000,38.080770000,127.269165000,747.000000,772.812203,1527.484310,754.672107,97.652716,0.272050,8.889834,8.418385,8.901385,7.699222,8.477206,8.901385,38.083584000,127.266914000,38.083584000,127.266914000,38.083570000,127.266685000,38.083585128,127.266585379,38.083767000,127.266990000,38.083827155,127.267048225,38.083600000,127.267136000,38.083583821,127.267235488,38.083405000,127.266830000,38.083345914,127.266784327
299,299,826430700824,59.795,4.400000,38.080833000,127.269120000,747.000000,865.501012,1784.080365,918.579353,106.132672,0.553156,10.924631,8.089200,11.255765,8.642913,9.728127,11.255765,38.083805000,127.266080000,38.083805000,127.266080000,38.083770000,127.265854000,38.083782382,127.265730315,38.084010000,127.266130000,38.084070224,127.266181661,38.083840000,127.266310000,38.083812840,127.266433739,38.083607000,127.266040000,38.083541722,127.265986597
300,300,826430701031,60.002,4.400000,38.080967000,127.269040000,747.000000,723.249410,1394.174763,670.925352,92.765420,0.739249,7.724503,7.470962,8.291404,8.354890,7.960440,8.354890,38.083904000,127.268320000,38.083904000,127.268320000,38.083970000,127.268105000,38.083994407,127.268022475,38.084040000,127.268480000,38.084073862,127.268553616,38.083847000,127.268524000,38.083818767,127.268611567,38.083780000,127.268160000,38.083725488,127.268094457
301,301,826430701222,60.193,4.400000,38.080967000,127.269040000,747.000000,723.249410,1394.174763,670.925352,92.765420,0.739249,7.724503,7.470962,8.291404,8.354890,7.960440,8.354890,38.083904000,127.268320000,38.083904000,127.268320000,38.083970000,127.268105000,38.083994407,127.268022475,38.084040000,127.268480000,38.084073862,127.268553616,38.083847000,127.268524000,38.083818767,127.268611567,38.083780000,127.268160000,38.083725488,127.268094457
302,302,826430701430,60.401,4.400000,38.081030000,127.269000000,748.000000,738.660059,1410.405387,671.745328,90.941065,0.449848,8.371219,7.903458,7.343020,7.513663,7.782840,8.371219,38.083950000,127.269516000,38.083950000,127.269516000,38.084070000,127.269350000,38.084113484,127.269272052,38.084023000,127.269730000,38.084058278,127.269808278,38.083830000,127.269690000,38.083788018,127.269754641,38.083874000,127.269310000,38.083848660,127.269230520
303,303,826430701618,60.589,4.400000,38.081165000,127.268910000,748.000000,748.411854,1407.938685,659.526831,88.123515,0.154857,8.443380,7.589165,7.596935,7.206592,7.709018,8.443380,38.084152000,127.268290000,38.084152000,127.268290000,38.084225000,127.268080000,38.084257108,127.267992697,38.084274000,127.268460000,38.084313153,127.268530906,38.084080000,127.268500000,38.084053583,127.268579944,38.084026000,127.268120000,38.083986561,127.268054777
304,304,826430701825,60.796,4.400000,38.081165000,127.268910000,748.000000,748.411854,1407.938685,659.526831,88.123515,0.154857,8.443380,7.589165,7.596935,7.206592,7.709018,8.443380,38.084152000,127.268290000,38.084152000,127.268290000,38.084225000,127.268080000,38.084257108,127.267992697,38.084274000,127.268460000,38.084313153,127.268530906,38.084080000,127.268500000,38.084053583,127.268579944,38.084026000,127.268120000,38.083986561,127.268054777
305,305,826430702031,61.002,4.400000,38.081230000,127.268875000,748.000000,766.749612,1470.127774,703.378162,91.735053,0.251745,8.781752,7.415912,8.476574,7.563931,8.059542,8.781752,38.084100000,127.267170000,38.084100000,127.267170000,38.084118000,127.266945000,38.084133634,127.266846763,38.084267000,127.267290000,38.084318568,127.267343583,38.084084000,127.267395000,38.084063837,127.267488289,38.083935000,127.267060000,38.083886046,127.267000134
306,306,826430702221,61.192,4.400000,38.081364000,127.268790000,748.000000,803.128986,1582.600182,779.471196,97.054298,0.421325,9.961263,8.312655,8.804365,7.570165,8.662112,9.961263,38.084324000,127.266550000,38.084324000,127.266550000,38.084324000,127.266320000,38.084341858,127.266208600,38.084503000,127.266640000,38.084563047,127.266696398,38.084324000,127.266780000,38.084311461,127.266879213,38.084145000,127.266460000,38.084092341,127.266405332
307,307,826430702428,61.399,4.400000,38.081364000,127.268790000,748.000000,803.128986,1582.600182,779.471196,97.054298,0.421325,9.961263,8.312655,8.804365,7.570165,8.662112,9.961263,38.084324000,127.266550000,38.084324000,127.266550000,38.084324000,127.266320000,38.084341858,127.266208600,38.084503000,127.266640000,38.084563047,127.266696398,38.084324000,127.266780000,38.084311461,127.266879213,38.084145000,127.266460000,38.084092341,127.266405332
308,308,826430702617,61.588,4.400000,38.081430000,127.268745000,748.000000,749.579977,1429.358361,679.778383,90.687906,0.225190,8.016449,7.499454,8.242883,7.290132,7.762229,8.242883,38.084380000,127.267715000,38.084380000,127.267715000,38.084430000,127.267494000,38.084452668,127.267407160,38.084520000,127.267870000,38.084566036,127.267932490,38.084328000,127.267930000,38.084303090,127.268018592,38.084240000,127.267560000,38.084191488,127.267504109
309,309,826430702824,61.795,4.400000,38.081562000,127.268660000,748.000000,774.488676,1481.919790,707.431114,91.341699,0.139459,8.131660,7.575724,7.771537,8.168273,7.911798,8.168273,38.084618000,127.269670000,38.084618000,127.269670000,38.084760000,127.269516000,38.084810686,127.269449171,38.084670000,127.269900000,38.084696123,127.269979838,38.084476000,127.269820000,38.084428909,127.269885480,38.084568000,127.269450000,38.084537469,127.269365229
310,310,826430703032,62.003,4.400000,38.081562000,127.268660000,748.000000,774.488676,1481.919790,707.431114,91.341699,0.139459,8.131660,7.575724,7.771537,8.168273,7.911798,8.168273,38.084618000,127.269670000,38.084618000,127.269670000,38.084760000,127.269516000,38.084810686,127.269449171,38.084670000,127.269900000,38.084696123,127.269979838,38.084476000,127.269820000,38.084428909,127.269885480,38.084568000,127.269450000,38.084537469,127.269365229
311,311,826430703224,62.195,4.400000,38.081627000,127.268620000,748.000000,748.114041,1445.463764,697.349722,93.214361,0.646065,9.068509,7.793902,7.913274,7.105106,7.970198,9.068509,38.084660000,127.268555000,38.084660000,127.268555000,38.084760000,127.268364000,38.084807183,127.268279628,38.084760000,127.268750000,38.084800020,127.268822988,38.084560000,127.268745000,38.084524023,127.268822893,38.084560000,127.268364000,38.084531497,127.268291445
312,312,826430703431,62.402,4.400000,38.081627000,127.268620000,748.000000,748.114041,1445.463764,697.349722,93.214361,0.646065,9.068509,7.793902,7.913274,7.105106,7.970198,9.068509,38.084660000,127.268555000,38.084660000,127.268555000,38.084760000,127.268364000,38.084807183,127.268279628,38.084760000,127.268750000,38.084800020,127.268822988,38.084560000,127.268745000,38.084524023,127.268822893,38.084560000,127.268364000,38.084531497,127.268291445
313,313,826430703638,62.609,4.400000,38.081760000,127.268540000,748.000000,833.558193,1490.037846,656.479652,78.756307,0.295017,8.357216,7.880795,8.050729,7.570021,7.964690,8.357216,38.084560000,127.265800000,38.084560000,127.265800000,38.084540000,127.265570000,38.084528472,127.265475751,38.084755000,127.265860000,38.084815227,127.265907274,38.084580000,127.266030000,38.084589275,127.266121124,38.084373000,127.265740000,38.084320830,127.265684582
314,314,826430703828,62.799,4.400000,38.081894000,127.268456000,748.000000,743.547183,1423.327101,679.779918,91.423911,0.593181,8.404941,7.819533,7.728694,7.674014,7.906796,8.404941,38.084866000,127.267550000,38.084866000,127.267550000,38.084930000,127.267334000,38.084954882,127.267243433,38.085000000,127.267715000,38.085053983,127.267772103,38.084805000,127.267760000,38.084791784,127.267846595,38.084736000,127.267395000,38.084689596,127.267330230
315,315,826430704019,62.990,4.400000,38.081894000,127.268456000,748.000000,743.547183,1423.327101,679.779918,91.423911,0.593181,8.404941,7.819533,7.728694,7.674014,7.906796,8.404941,38.084866000,127.267550000,38.084866000,127.267550000,38.084930000,127.267334000,38.084954882,127.267243433,38.085000000,127.267715000,38.085053983,127.267772103,38.084805000,127.267760000,38.084791784,127.267846595,38.084736000,127.267395000,38.084689596,127.267330230
316,316,826430704226,63.197,4.400000,38.081960000,127.268410000,748.000000,734.090740,1463.368338,729.277598,99.344340,0.864857,8.284806,8.817193,8.570760,6.749236,8.105499,8.817193,38.084885000,127.268650000,38.084885000,127.268650000,38.084995000,127.268460000,38.085046786,127.268392090,38.084965000,127.268845000,38.085007223,127.268930141,38.084770000,127.268820000,38.084726095,127.268900355,38.084800000,127.268440000,38.084766753,127.268375585
317,317,826430704432,63.403,4.400000,38.082092000,127.268326000,748.000000,753.073765,1458.259781,705.186016,93.641028,0.467803,8.126584,8.032105,7.579728,8.354140,8.023140,8.354140,38.085140000,127.268364000,38.085140000,127.268364000,38.085250000,127.268180000,38.085275631,127.268093155,38.085228000,127.268570000,38.085275853,127.268638609,38.085033000,127.268555000,38.084997834,127.268629077,38.085050000,127.268166000,38.084999358,127.268095635
318,318,826430704623,63.594,4.400000,38.082092000,127.268326000,748.000000,753.073765,1458.259781,705.186016,93.641028,0.467803,8.126584,8.032105,7.579728,8.354140,8.023140,8.354140,38.085140000,127.268364000,38.085140000,127.268364000,38.085250000,127.268180000,38.085275631,127.268093155,38.085228000,127.268570000,38.085275853,127.268638609,38.085033000,127.268555000,38.084997834,127.268629077,38.085050000,127.268166000,38.084999358,127.268095635
319,319,826430704831,63.802,4.400000,38.082160000,127.268290000,748.000000,757.546108,1528.330947,770.784839,101.747581,0.506120,9.390685,8.152029,8.130664,7.838087,8.377866,9.390685,38.085114000,127.267340000,38.085114000,127.267340000,38.085182000,127.267130000,38.085208065,127.267028068,38.085247000,127.267510000,38.085309522,127.267558441,38.085050000,127.267555000,38.085025245,127.267642303,38.084984000,127.267180000,38.084928193,127.267125453
320,320,826430705021,63.992,4.400000,38.082290000,127.268200000,748.000000,904.946469,1537.035149,632.088680,69.848185,1.279642,6.836009,8.138170,7.524733,8.705510,7.801106,8.705510,38.085320000,127.265526000,38.085320000,127.265526000,38.085316000,127.265280000,38.085273995,127.265223087,38.085510000,127.265610000,38.085576610,127.265648278,38.085320000,127.265770000,38.085335209,127.265853678,38.085130000,127.265450000,38.085054879,127.265422380
321,321,826430705228,64.199,4.400000,38.082290000,127.268200000,748.000000,904.946469,1537.035149,632.088680,69.848185,1.279642,6.836009,8.138170,7.524733,8.705510,7.801106,8.705510,38.085320000,127.265526000,38.085320000,127.265526000,38.085316000,127.265280000,38.085273995,127.265223087,38.085510000,127.265610000,38.085576610,127.265648278,38.085320000,127.265770000,38.085335209,127.265853678,38.085130000,127.265450000,38.085054879,127.265422380
322,322,826430705418,64.389,4.400000,38.082360000,127.268166000,748.000000,844.473535,1535.498867,691.025332,81.829128,0.116295,7.596580,8.006174,7.593267,7.624763,7.705196,8.006174,38.085330000,127.266230000,38.085330000,127.266230000,38.085358000,127.265990000,38.085350340,127.265903848,38.085503000,127.266350000,38.085567824,127.266389577,38.085308000,127.266464000,38.085309710,127.266550635,38.085163000,127.266110000,38.085100893,127.266073305
323,323,826430705623,64.594,4.400000,38.082480000,127.268090000,748.000000,718.943341,1397.311014,678.367673,94.356208,0.157184,7.944817,8.503192,7.939974,7.908703,8.074172,8.503192,38.085365000,127.268680000,38.085365000,127.268680000,38.085495000,127.268520000,38.085528864,127.268440182,38.085430000,127.268890000,38.085467196,127.268974764,38.085240000,127.268840000,38.085198929,127.268914089,38.085304000,127.268470000,38.085268409,127.268391880
324,324,826430705831,64.802,4.400000,38.082480000,127.268090000,748.000000,718.943341,1397.311014,678.367673,94.356208,0.157184,7.944817,8.503192,7.939974,7.908703,8.074172,8.503192,38.085365000,127.268680000,38.085365000,127.268680000,38.085495000,127.268520000,38.085528864,127.268440182,38.085430000,127.268890000,38.085467196,127.268974764,38.085240000,127.268840000,38.085198929,127.268914089,38.085304000,127.268470000,38.085268409,127.268391880
325,325,826430706023,64.994,4.400000,38.082546000,127.268040000,748.000000,770.293497,1460.809354,690.515857,89.643215,0.346684,7.849377,8.335655,7.778256,8.398253,8.090386,8.398253,38.085644000,127.269135000,38.085644000,127.269135000,38.085793000,127.268990000,38.085830894,127.268914450,38.085690000,127.269360000,38.085718151,127.269448157,38.085500000,127.269280000,38.085457720,127.269350678,38.085600000,127.268910000,38.085563794,127.268825909
326,326,826430706230,65.201,4.400000,38.082680000,127.267970000,748.000000,778.779044,1460.762272,681.983227,87.570824,0.221968,7.995370,7.883369,7.807202,7.962158,7.912025,7.995370,38.085655000,127.266754000,38.085655000,127.266754000,38.085712000,127.266530000,38.085719178,127.266439205,38.085796000,127.266910000,38.085854123,127.266961403,38.085598000,127.266975000,38.085589603,127.267063464,38.085514000,127.266610000,38.085459438,127.266551242
327,327,826430706421,65.392,4.400000,38.082680000,127.267970000,748.000000,778.779044,1460.762272,681.983227,87.570824,0.221968,7.995370,7.883369,7.807202,7.962158,7.912025,7.995370,38.085655000,127.266754000,38.085655000,127.266754000,38.085712000,127.266530000,38.085719178,127.266439205,38.085796000,127.266910000,38.085854123,127.266961403,38.085598000,127.266975000,38.085589603,127.267063464,38.085514000,127.266610000,38.085459438,127.266551242
328,328,826430706627,65.598,4.400000,38.082750000,127.267920000,748.000000,862.026455,1480.408927,618.382472,71.735904,0.540205,6.594470,8.844558,7.500135,8.041482,7.745161,8.844558,38.085644000,127.265550000,38.085644000,127.265550000,38.085650000,127.265305000,38.085614517,127.265244732,38.085827000,127.265640000,38.085901908,127.265673648,38.085636000,127.265785000,38.085658132,127.265865850,38.085464000,127.265460000,38.085395998,127.265429033
329,329,826430706818,65.789,4.400000,38.082880000,127.267840000,748.000000,784.814344,1461.221316,676.406972,86.186877,0.366199,7.944883,7.586533,8.124605,7.715665,7.842921,8.124605,38.085860000,127.266830000,38.085860000,127.266830000,38.085930000,127.266610000,38.085938119,127.266519912,38.086000000,127.266990000,38.086049603,127.267049376,38.085796000,127.267044000,38.085780225,127.267134535,38.085728000,127.266670000,38.085673574,127.266615475
330,330,826430707024,65.995,4.400000,38.082880000,127.267840000,748.000000,784.814344,1461.221316,676.406972,86.186877,0.366199,7.944883,7.586533,8.124605,7.715665,7.842921,8.124605,38.085860000,127.266830000,38.085860000,127.266830000,38.085930000,127.266610000,38.085938119,127.266519912,38.086000000,127.266990000,38.086049603,127.267049376,38.085796000,127.267044000,38.085780225,127.267134535,38.085728000,127.266670000,38.085673574,127.266615475
331,331,826430707230,66.201,4.400000,38.082947000,127.267800000,748.000000,724.142053,1396.429648,672.287595,92.839187,0.351318,8.452038,8.037025,7.584259,7.843062,7.979096,8.452038,38.085857000,127.267990000,38.085857000,127.267990000,38.085970000,127.267815000,38.086004955,127.267729367,38.085934000,127.268196000,38.085978863,127.268267869,38.085740000,127.268166000,38.085712494,127.268245193,38.085777000,127.267790000,38.085735927,127.267717270
332,332,826430707421,66.392,4.400000,38.083080000,127.267720000,748.000000,765.460494,1428.736924,663.276429,86.650642,0.206712,7.484322,7.812559,7.530425,7.996711,7.706004,7.996711,38.086117000,127.268210000,38.086117000,127.268210000,38.086246000,127.268036000,38.086278487,127.267961214,38.086190000,127.268425000,38.086224969,127.268502309,38.085990000,127.268380000,38.085954185,127.268452912,38.086050000,127.268000000,38.086010991,127.267923361
333,333,826430707628,66.599,4.400000,38.083080000,127.267720000,748.000000,765.460494,1428.736924,663.276429,86.650642,0.206712,7.484322,7.812559,7.530425,7.996711,7.706004,7.996711,38.086117000,127.268210000,38.086117000,127.268210000,38.086246000,127.268036000,38.086278487,127.267961214,38.086190000,127.268425000,38.086224969,127.268502309,38.085990000,127.268380000,38.085954185,127.268452912,38.086050000,127.268000000,38.086010991,127.267923361
334,334,826430707820,66.791,4.400000,38.083145000,127.267680000,748.000000,777.886409,1448.379716,670.493306,86.194244,0.294470,8.252174,7.454426,7.589652,7.590339,7.721648,8.252174,38.086130000,127.266990000,38.086130000,127.266990000,38.086212000,127.266780000,38.086230512,127.266688800,38.086250000,127.267166000,38.086295280,127.267228680,38.086050000,127.267204000,38.086026213,127.267285179,38.086006000,127.266820000,38.085958628,127.266757692
335,335,826430708026,66.997,4.400000,38.083280000,127.267600000,748.000000,952.432145,1357.312894,404.880749,42.510194,0.935599,8.086540,10.043607,7.860519,7.188590,8.294814,10.043607,38.086452000,127.264885000,38.086452000,127.264885000,38.086452000,127.264626000,38.086380224,127.264611787,38.086643000,127.264970000,38.086731698,127.264990992,38.086445000,127.265130000,38.086503427,127.265180380,38.086258000,127.264790000,38.086194889,127.264772625
336,336,826430708232,67.203,4.400000,38.083280000,127.267600000,748.000000,952.432145,1357.312894,404.880749,42.510194,0.935599,8.086540,10.043607,7.860519,7.188590,8.294814,10.043607,38.086452000,127.264885000,38.086452000,127.264885000,38.086452000,127.264626000,38.086380224,127.264611787,38.086643000,127.264970000,38.086731698,127.264990992,38.086445000,127.265130000,38.086503427,127.265180380,38.086258000,127.264790000,38.086194889,127.264772625
337,337,826430708443,67.414,4.400000,38.083347000,127.267555000,748.000000,815.542163,1506.366365,690.824202,84.707356,0.116103,8.067838,8.038351,7.947448,7.596471,7.912527,8.067838,38.086380000,127.266140000,38.086380000,127.266140000,38.086430000,127.265910000,38.086436173,127.265818254,38.086533000,127.266280000,38.086588726,127.266338345,38.086330000,127.266365000,38.086324310,127.266455418,38.086227000,127.266000000,38.086172505,127.265947815
338,338,826430708632,67.603,4.400000,38.083480000,127.267480000,748.000000,735.417374,1431.947090,696.529716,94.712165,0.270463,7.844524,9.259135,7.420895,8.095045,8.154900,9.259135,38.086327000,127.268510000,38.086327000,127.268510000,38.086475000,127.268370000,38.086515657,127.268296873,38.086365000,127.268730000,38.086407099,127.268821141,38.086180000,127.268650000,38.086140447,127.268718177,38.086290000,127.268290000,38.086255797,127.268208467
339,339,826430708824,67.795,4.400000,38.083546000,127.267430000,748.000000,776.281536,1472.604803,696.323267,89.699836,0.585104,8.125533,9.353906,7.102276,8.089213,8.167732,9.353906,38.086628000,127.268030000,38.086628000,127.268030000,38.086770000,127.267870000,38.086802411,127.267786905,38.086690000,127.268250000,38.086745145,127.268330552,38.086494000,127.268196000,38.086469069,127.268270615,38.086570000,127.267815000,38.086528222,127.267739460
340,340,826430709088,68.059,4.400000,38.083546000,127.267430000,748.000000,776.281536,1472.604803,696.323267,89.699836,0.585104,8.125533,9.353906,7.102276,8.089213,8.167732,9.353906,38.086628000,127.268030000,38.086628000,127.268030000,38.086770000,127.267870000,38.086802411,127.267786905,38.086690000,127.268250000,38.086745145,127.268330552,38.086494000,127.268196000,38.086469069,127.268270615,38.086570000,127.267815000,38.086528222,127.267739460
341,341,826430709224,68.195,4.400000,38.083614000,127.267395000,748.000000,778.836720,1436.258455,657.421735,84.410727,0.176227,7.851047,7.794224,7.819628,7.531442,7.749085,7.851047,38.086650000,127.266800000,38.086650000,127.266800000,38.086742000,127.266590000,38.086755403,127.266502027,38.086765000,127.266980000,38.086813091,127.267044654,38.086563000,127.267006000,38.086543928,127.267091895,38.086536000,127.266620000,38.086487572,127.266559974
342,342,826430709431,68.402,4.400000,38.083748000,127.267320000,749.000000,962.568996,1360.425451,397.856455,41.332773,1.401468,10.245807,9.650671,8.446136,10.677182,9.754949,10.677182,38.086970000,127.264650000,38.086970000,127.264650000,38.086983000,127.264390000,38.086890990,127.264387042,38.087162000,127.264750000,38.087248371,127.264759493,38.086960000,127.264900000,38.087030649,127.264935150,38.086784000,127.264550000,38.086688353,127.264559093
343,343,826430709624,68.595,4.400000,38.083748000,127.267320000,749.000000,962.568996,1360.425451,397.856455,41.332773,1.401468,10.245807,9.650671,8.446136,10.677182,9.754949,10.677182,38.086970000,127.264650000,38.086970000,127.264650000,38.086983000,127.264390000,38.086890990,127.264387042,38.087162000,127.264750000,38.087248371,127.264759493,38.086960000,127.264900000,38.087030649,127.264935150,38.086784000,127.264550000,38.086688353,127.264559093
344,344,826430709831,68.802,4.400000,38.083817000,127.267270000,749.000000,823.193152,1451.584458,628.391306,76.335828,0.438878,7.438055,8.020571,7.219896,7.899804,7.644581,8.020571,38.086872000,127.265930000,38.086872000,127.265930000,38.086933000,127.265700000,38.086920209,127.265616677,38.087017000,127.266080000,38.087075008,127.266134297,38.086815000,127.266160000,38.086815790,127.266242397,38.086727000,127.265780000,38.086666188,127.265733527
345,345,826430710023,68.994,4.400000,38.083950000,127.267200000,749.000000,740.874566,1465.220145,724.345579,97.768990,0.385377,7.379921,9.136439,7.910330,9.245164,8.417964,9.245164,38.086800000,127.268320000,38.086800000,127.268320000,38.086956000,127.268180000,38.086995147,127.268112024,38.086834000,127.268540000,38.086871249,127.268632919,38.086650000,127.268450000,38.086608787,127.268523547,38.086770000,127.268100000,38.086723859,127.268012266
346,346,826430710230,69.201,4.400000,38.083950000,127.267200000,749.000000,740.874566,1465.220145,724.345579,97.768990,0.385377,7.379921,9.136439,7.910330,9.245164,8.417964,9.245164,38.086800000,127.268320000,38.086800000,127.268320000,38.086956000,127.268180000,38.086995147,127.268112024,38.086834000,127.268540000,38.086871249,127.268632919,38.086650000,127.268450000,38.086608787,127.268523547,38.086770000,127.268100000,38.086723859,127.268012266
347,347,826430710421,69.392,4.400000,38.084015000,127.267160000,749.000000,778.616892,1510.858335,732.241443,94.043868,0.390184,8.221781,8.951373,7.463531,9.191043,8.456932,9.191043,38.087143000,127.268326000,38.087143000,127.268326000,38.087300000,127.268190000,38.087336897,127.268108710,38.087177000,127.268555000,38.087217154,127.268643516,38.086990000,127.268470000,38.086948937,127.268537338,38.087105000,127.268105000,38.087064556,127.268013547
348,348,826430710625,69.596,4.400000,38.084150000,127.267075000,749.000000,820.043416,1452.093432,632.050016,77.075189,0.477603,7.330961,7.794867,7.389259,7.679620,7.548677,7.794867,38.087250000,127.265854000,38.087250000,127.265854000,38.087315000,127.265625000,38.087308927,127.265541686,38.087387000,127.266014000,38.087442892,127.266067592,38.087185000,127.266080000,38.087183733,127.266164321,38.087110000,127.265690000,38.087048647,127.265649923
349,349,826430710832,69.803,4.400000,38.084150000,127.267075000,749.000000,820.043416,1452.093432,632.050016,77.075189,0.477603,7.330961,7.794867,7.389259,7.679620,7.548677,7.794867,38.087250000,127.265854000,38.087250000,127.265854000,38.087315000,127.265625000,38.087308927,127.265541686,38.087387000,127.266014000,38.087442892,127.266067592,38.087185000,127.266080000,38.087183733,127.266164321,38.087110000,127.265690000,38.087048647,127.265649923
350,350,826430711022,69.993,4.400000,38.084217000,127.267040000,749.000000,908.979879,1265.505732,356.525853,39.222634,0.977726,8.625931,8.314308,8.234546,9.312073,8.621714,9.312073,38.087260000,127.264590000,38.087260000,127.264590000,38.087273000,127.264336000,38.087196165,127.264323247,38.087450000,127.264690000,38.087523630,127.264705920,38.087250000,127.264830000,38.087317602,127.264868154,38.087082000,127.264490000,38.086998406,127.264486062
351,351,826430711228,70.199,4.400000,38.084286000,127.267000000,749.000000,847.960826,1455.481723,607.520896,71.644925,0.640173,8.171130,9.946921,6.653599,9.374692,8.536586,9.946921,38.087402000,127.265210000,38.087402000,127.265210000,38.087444000,127.264980000,38.087390961,127.264915530,38.087566000,127.265350000,38.087653301,127.265374201,38.087364000,127.265450000,38.087388084,127.265519502,38.087242000,127.265080000,38.087160678,127.265052197
352,352,826430711418,70.389,4.400000,38.084286000,127.267000000,749.000000,847.960826,1455.481723,607.520896,71.644925,0.640173,8.171130,9.946921,6.653599,9.374692,8.536586,9.946921,38.087402000,127.265210000,38.087402000,127.265210000,38.087444000,127.264980000,38.087390961,127.264915530,38.087566000,127.265350000,38.087653301,127.265374201,38.087364000,127.265450000,38.087388084,127.265519502,38.087242000,127.265080000,38.087160678,127.265052197
353,353,826430711625,70.596,4.400000,38.084420000,127.266920000,749.000000,733.222791,1410.597897,677.375106,92.383259,0.326881,8.094062,8.140956,7.931761,8.527757,8.173634,8.527757,38.087303000,127.267640000,38.087303000,127.267640000,38.087444000,127.267490000,38.087475657,127.267406835,38.087353000,127.267860000,38.087392188,127.267938450,38.087166000,127.267790000,38.087128719,127.267867148,38.087254000,127.267426000,38.087210275,127.267346081
354,354,826430711830,70.801,4.400000,38.084484000,127.266880000,749.000000,780.158895,1495.259556,715.100660,91.660899,0.582084,7.349374,9.280877,8.085155,8.413513,8.282230,9.280877,38.087510000,127.268520000,38.087510000,127.268520000,38.087680000,127.268394000,38.087726911,127.268334977,38.087530000,127.268745000,38.087554111,127.268846400,38.087345000,127.268630000,38.087300118,127.268702551,38.087498000,127.268290000,38.087468897,127.268201378
355,355,826430712022,70.993,4.400000,38.084620000,127.266800000,749.000000,799.862990,1515.828106,715.965115,89.510969,0.870008,7.341200,9.203024,7.931058,7.276930,7.938053,9.203024,38.087750000,127.266300000,38.087750000,127.266300000,38.087845000,127.266080000,38.087871215,127.266003116,38.087864000,127.266480000,38.087926012,127.266549465,38.087658000,127.266500000,38.087642059,127.266588226,38.087640000,127.266106000,38.087588472,127.266054892
356,356,826430712230,71.201,4.400000,38.084620000,127.266800000,749.000000,799.862990,1515.828106,715.965115,89.510969,0.870008,7.341200,9.203024,7.931058,7.276930,7.938053,9.203024,38.087750000,127.266300000,38.087750000,127.266300000,38.087845000,127.266080000,38.087871215,127.266003116,38.087864000,127.266480000,38.087926012,127.266549465,38.087658000,127.266500000,38.087642059,127.266588226,38.087640000,127.266106000,38.087588472,127.266054892
357,357,826430712420,71.391,4.400000,38.084686000,127.266760000,749.000000,860.537642,1362.184395,501.646752,58.294574,0.910893,7.790246,10.861273,8.293318,10.451782,9.349155,10.861273,38.087833000,127.264980000,38.087833000,127.264980000,38.087870000,127.264730000,38.087804120,127.264700011,38.088000000,127.265110000,38.088094906,127.265138762,38.087795000,127.265210000,38.087851703,127.265271396,38.087673000,127.264850000,38.087580375,127.264830483
358,358,826430712627,71.598,4.400000,38.084812000,127.266690000,749.000000,852.051032,1425.676433,573.625402,67.322893,1.471282,7.950658,9.551896,6.634241,10.172041,8.577209,10.172041,38.087936000,127.265236000,38.087936000,127.265236000,38.087990000,127.265000000,38.087931275,127.264948352,38.088090000,127.265390000,38.088171391,127.265424519,38.087887000,127.265470000,38.087904852,127.265542243,38.087784000,127.265090000,38.087695247,127.265062379
359,359,826430712817,71.788,4.400000,38.084812000,127.266690000,749.000000,852.051032,1425.676433,573.625402,67.322893,1.471282,7.950658,9.551896,6.634241,10.172041,8.577209,10.172041,38.087936000,127.265236000,38.087936000,127.265236000,38.087990000,127.265000000,38.087931275,127.264948352,38.088090000,127.265390000,38.088171391,127.265424519,38.087887000,127.265470000,38.087904852,127.265542243,38.087784000,127.265090000,38.087695247,127.265062379
360,360,826430713024,71.995,4.400000,38.084877000,127.266655000,749.000000,774.171062,1499.306067,725.135006,93.665992,0.761935,8.302438,8.674343,6.915358,8.215884,8.027006,8.674343,38.087900000,127.266450000,38.087900000,127.266450000,38.088000000,127.266250000,38.088036238,127.266167178,38.087997000,127.266650000,38.088057269,127.266712756,38.087795000,127.266650000,38.087776825,127.266725475,38.087800000,127.266260000,38.087747704,127.266193832
361,361,826430713231,72.202,4.400000,38.085014000,127.266570000,749.000000,813.094179,1550.131162,737.036983,90.645955,0.229575,8.113961,8.688357,7.362007,8.589703,8.188507,8.688357,38.088120000,127.268196000,38.088120000,127.268196000,38.088290000,127.268074000,38.088341431,127.268008377,38.088142000,127.268430000,38.088167363,127.268523783,38.087950000,127.268320000,38.087902010,127.268377816,38.088100000,127.267970000,38.088076903,127.267876456
362,362,826430713423,72.394,4.400000,38.085014000,127.266570000,749.000000,813.094179,1550.131162,737.036983,90.645955,0.229575,8.113961,8.688357,7.362007,8.589703,8.188507,8.688357,38.088120000,127.268196000,38.088120000,127.268196000,38.088290000,127.268074000,38.088341431,127.268008377,38.088142000,127.268430000,38.088167363,127.268523783,38.087950000,127.268320000,38.087902010,127.268377816,38.088100000,127.267970000,38.088076903,127.267876456
363,363,826430713630,72.601,4.400000,38.085080000,127.266530000,749.000000,800.091730,1472.617481,672.525752,84.056081,0.387220,8.239876,8.262644,6.717316,8.308621,7.882114,8.308621,38.088238000,127.266950000,38.088238000,127.266950000,38.088370000,127.266780000,38.088399833,127.266693931,38.088310000,127.267166000,38.088353104,127.267242775,38.088104000,127.267130000,38.088081649,127.267201215,38.088165000,127.266740000,38.088121545,127.266662899
364,364,826430713820,72.791,4.400000,38.085217000,127.266460000,749.000000,874.858521,1229.742360,354.883839,40.564712,1.190193,6.398325,9.261264,9.125101,7.899100,8.170947,9.261264,38.088400000,127.264330000,38.088400000,127.264330000,38.088425000,127.264084000,38.088375166,127.264047613,38.088573000,127.264460000,38.088656087,127.264465385,38.088375000,127.264570000,38.088453958,127.264597982,38.088230000,127.264206000,38.088159426,127.264196618
365,365,826430714026,72.997,4.400000,38.085217000,127.266460000,749.000000,874.858521,1229.742360,354.883839,40.564712,1.190193,6.398325,9.261264,9.125101,7.899100,8.170947,9.261264,38.088400000,127.264330000,38.088400000,127.264330000,38.088425000,127.264084000,38.088375166,127.264047613,38.088573000,127.264460000,38.088656087,127.264465385,38.088375000,127.264570000,38.088453958,127.264597982,38.088230000,127.264206000,38.088159426,127.264196618
366,366,826430714217,73.188,4.400000,38.085280000,127.266420000,749.000000,848.592235,1229.612941,381.020707,44.900329,1.541019,8.285512,12.886550,10.511530,9.288781,10.243093,12.886550,38.088463000,127.264540000,38.088463000,127.264540000,38.088497000,127.264300000,38.088426222,127.264270743,38.088627000,127.264680000,38.088742753,127.264678139,38.088430000,127.264780000,38.088522379,127.264804852,38.088303000,127.264404000,38.088219815,127.264395670
367,367,826430714423,73.394,4.400000,38.085420000,127.266340000,749.000000,749.929856,1396.265883,646.336027,86.186197,0.181702,7.474052,8.075359,7.129755,8.457530,7.784174,8.457530,38.088306000,127.266990000,38.088306000,127.266990000,38.088448000,127.266830000,38.088477818,127.266753569,38.088360000,127.267210000,38.088400772,127.267286233,38.088170000,127.267150000,38.088141399,127.267222811,38.088253000,127.266780000,38.088211530,127.266699118
368,368,826430714621,73.592,4.400000,38.085420000,127.266340000,749.000000,749.929856,1396.265883,646.336027,86.186197,0.181702,7.474052,8.075359,7.129755,8.457530,7.784174,8.457530,38.088306000,127.266990000,38.088306000,127.266990000,38.088448000,127.266830000,38.088477818,127.266753569,38.088360000,127.267210000,38.088400772,127.267286233,38.088170000,127.267150000,38.088141399,127.267222811,38.088253000,127.266780000,38.088211530,127.266699118
369,369,826430714818,73.789,4.400000,38.085487000,127.266304000,749.000000,767.340105,1456.836999,689.496894,89.855449,0.429811,8.160179,8.354977,7.169849,8.679540,8.091136,8.679540,38.088245000,127.268196000,38.088245000,127.268196000,38.088420000,127.268105000,38.088471122,127.268038250,38.088240000,127.268430000,38.088262838,127.268520838,38.088070000,127.268295000,38.088021281,127.268348526,38.088250000,127.267975000,38.088230398,127.267879118
370,370,826430715024,73.995,4.400000,38.085620000,127.266230000,749.000000,822.244470,1493.956558,671.712088,81.692503,0.509794,7.484345,8.793671,7.275429,7.528556,7.770500,8.793671,38.088837000,127.265990000,38.088837000,127.265990000,38.088943000,127.265785000,38.088961670,127.265702936,38.088936000,127.266190000,38.088995087,127.266256615,38.088726000,127.266190000,38.088713786,127.266271576,38.088734000,127.265790000,38.088686312,127.265729070
371,371,826430715230,74.201,4.400000,38.085620000,127.266230000,749.000000,822.244470,1493.956558,671.712088,81.692503,0.509794,7.484345,8.793671,7.275429,7.528556,7.770500,8.793671,38.088837000,127.265990000,38.088837000,127.265990000,38.088943000,127.265785000,38.088961670,127.265702936,38.088936000,127.266190000,38.088995087,127.266256615,38.088726000,127.266190000,38.088713786,127.266271576,38.088734000,127.265790000,38.088686312,127.265729070
372,372,826430715421,74.392,4.400000,38.085690000,127.266190000,749.000000,851.151614,1445.321847,594.170233,69.807802,1.385778,9.402296,17.997306,10.975417,14.034342,13.102340,17.997306,38.088955000,127.264640000,38.088955000,127.264640000,38.089000000,127.264404000,38.088918863,127.264374186,38.089110000,127.264790000,38.089271673,127.264789972,38.088905000,127.264880000,38.089000321,127.264912010,38.088802000,127.264496000,38.088675930,127.264495025
373,373,826430715625,74.596,4.400000,38.085823000,127.266110000,749.000000,782.718650,1454.118886,671.400236,85.777979,0.506907,8.219381,8.187532,6.785551,7.965050,7.789378,8.219381,38.088924000,127.265570000,38.088924000,127.265570000,38.089012000,127.265366000,38.089028020,127.265274422,38.089035000,127.265760000,38.089092274,127.265818629,38.088833000,127.265785000,38.088819411,127.265860499,38.088810000,127.265390000,38.088758551,127.265326822
374,374,826430715831,74.802,4.400000,38.085823000,127.266110000,749.000000,782.718650,1454.118886,671.400236,85.777979,0.506907,8.219381,8.187532,6.785551,7.965050,7.789378,8.219381,38.088924000,127.265570000,38.088924000,127.265570000,38.089012000,127.265366000,38.089028020,127.265274422,38.089035000,127.265760000,38.089092274,127.265818629,38.088833000,127.265785000,38.088819411,127.265860499,38.088810000,127.265390000,38.088758551,127.265326822
375,375,826430716021,74.992,4.400000,38.085890000,127.266075000,749.000000,760.312099,1415.822870,655.510771,86.216012,0.251921,7.401241,7.901838,7.829371,7.822557,7.738752,7.901838,38.088787000,127.266800000,38.088787000,127.266800000,38.088932000,127.266640000,38.088966306,127.266567639,38.088837000,127.267020000,38.088872955,127.267097763,38.088646000,127.266950000,38.088609367,127.267026283,38.088740000,127.266580000,38.088700051,127.266506548
376,376,826430716228,75.199,4.400000,38.085890000,127.266075000,749.000000,760.312099,1415.822870,655.510771,86.216012,0.251921,7.401241,7.901838,7.829371,7.822557,7.738752,7.901838,38.088787000,127.266800000,38.088787000,127.266800000,38.088932000,127.266640000,38.088966306,127.266567639,38.088837000,127.267020000,38.088872955,127.267097763,38.088646000,127.266950000,38.088609367,127.267026283,38.088740000,127.266580000,38.088700051,127.266506548
377,377,826430716418,75.389,4.400000,38.086030000,127.266000000,749.000000,792.356826,1520.751593,728.394767,91.927619,0.266863,7.747646,9.526898,7.825245,8.543883,8.410918,9.526898,38.089188000,127.267365000,38.089188000,127.267365000,38.089350000,127.267230000,38.089389889,127.267157536,38.089220000,127.267590000,38.089254944,127.267689260,38.089027000,127.267494000,38.088985581,127.267566165,38.089160000,127.267136000,38.089125185,127.267049093
378,378,826430716626,75.597,4.400000,38.086094000,127.265960000,749.000000,809.667940,1470.341909,660.673969,81.598139,0.276434,7.448143,7.959905,7.123025,8.309341,7.710104,8.309341,38.089256000,127.266060000,38.089256000,127.266060000,38.089380000,127.265870000,38.089398802,127.265788415,38.089344000,127.266270000,38.089389185,127.266340413,38.089138000,127.266250000,38.089116040,127.266326362,38.089172000,127.265854000,38.089120391,127.265785481
379,379,826430716832,75.803,4.400000,38.086230000,127.265884000,749.000000,828.602342,2049.524591,1220.922249,147.347188,1.922496,13.973632,12.832955,9.834713,9.472429,11.528432,13.973632,38.089375000,127.263610000,38.089375000,127.263610000,38.089382000,127.263374000,38.089444894,127.263235972,38.089550000,127.263725000,38.089665276,127.263723747,38.089367000,127.263850000,38.089328928,127.263951293,38.089200000,127.263504000,38.089115615,127.263490093
380,380,826430717023,75.994,4.400000,38.086230000,127.265884000,749.000000,828.602342,2049.524591,1220.922249,147.347188,1.922496,13.973632,12.832955,9.834713,9.472429,11.528432,13.973632,38.089375000,127.263610000,38.089375000,127.263610000,38.089382000,127.263374000,38.089444894,127.263235972,38.089550000,127.263725000,38.089665276,127.263723747,38.089367000,127.263850000,38.089328928,127.263951293,38.089200000,127.263504000,38.089115615,127.263490093
381,381,826430717222,76.193,4.400000,38.086300000,127.265850000,749.000000,804.243601,1590.233224,785.989623,97.730292,0.419432,6.703868,14.509643,7.323415,15.149977,10.921726,15.149977,38.089400000,127.264626000,38.089400000,127.264626000,38.089455000,127.264400000,38.089418692,127.264338954,38.089542000,127.264786000,38.089671005,127.264809661,38.089344000,127.264854000,38.089390481,127.264913154,38.089256000,127.264470000,38.089119926,127.264466970
382,382,826430717420,76.391,4.400000,38.086300000,127.265850000,749.000000,804.243601,1590.233224,785.989623,97.730292,0.419432,6.703868,14.509643,7.323415,15.149977,10.921726,15.149977,38.089400000,127.264626000,38.089400000,127.264626000,38.089455000,127.264400000,38.089418692,127.264338954,38.089542000,127.264786000,38.089671005,127.264809661,38.089344000,127.264854000,38.089390481,127.264913154,38.089256000,127.264470000,38.089119926,127.264466970
383,383,826430717627,76.598,4.400000,38.086433000,127.265770000,749.000000,737.923921,1417.198899,679.274978,92.052169,0.467855,7.896903,8.818641,7.018462,8.299561,8.008392,8.818641,38.089237000,127.267210000,38.089237000,127.267210000,38.089397000,127.267090000,38.089444182,127.267022694,38.089252000,127.267440000,38.089287448,127.267530014,38.089077000,127.267334000,38.089035931,127.267394780,38.089222000,127.266990000,38.089196661,127.266900910
384,384,826430717817,76.788,4.400000,38.086570000,127.265690000,749.000000,785.973289,1442.209411,656.236122,83.493438,0.433823,7.608937,7.554506,6.992840,8.203668,7.589988,8.203668,38.089650000,127.266250000,38.089650000,127.266250000,38.089787000,127.266080000,38.089818640,127.266003018,38.089718000,127.266470000,38.089750888,127.266545423,38.089520000,127.266426000,38.089484306,127.266491678,38.089584000,127.266040000,38.089546760,127.265959200
385,385,826430718033,77.004,4.400000,38.086570000,127.265690000,749.000000,785.973289,1442.209411,656.236122,83.493438,0.433823,7.608937,7.554506,6.992840,8.203668,7.589988,8.203668,38.089650000,127.266250000,38.089650000,127.266250000,38.089787000,127.266080000,38.089818640,127.266003018,38.089718000,127.266470000,38.089750888,127.266545423,38.089520000,127.266426000,38.089484306,127.266491678,38.089584000,127.266040000,38.089546760,127.265959200
386,386,826430718230,77.201,4.400000,38.086640000,127.265656000,749.000000,787.513741,1486.137265,698.623524,88.712550,2.290194,7.233505,7.823739,7.057864,12.167535,8.570661,12.167535,38.089700000,127.264990000,38.089700000,127.264990000,38.089780000,127.264780000,38.089758514,127.264702082,38.089825000,127.265175000,38.089880223,127.265230237,38.089622000,127.265205000,38.089608472,127.265283702,38.089577000,127.264820000,38.089474690,127.264771123
387,387,826430718420,77.391,4.400000,38.086765000,127.265590000,749.000000,827.011630,1892.351957,1065.340327,128.818059,0.773449,12.001154,9.984538,9.427779,9.204621,10.154523,12.001154,38.089890000,127.263565000,38.089890000,127.263565000,38.089900000,127.263330000,38.089950272,127.263208826,38.090065000,127.263690000,38.090153046,127.263711734,38.089874000,127.263800000,38.089843357,127.263900316,38.089718000,127.263440000,38.089636070,127.263425822
388,388,826430718626,77.597,4.400000,38.086765000,127.265590000,749.000000,827.011630,1892.351957,1065.340327,128.818059,0.773449,12.001154,9.984538,9.427779,9.204621,10.154523,12.001154,38.089890000,127.263565000,38.089890000,127.263565000,38.089900000,127.263330000,38.089950272,127.263208826,38.090065000,127.263690000,38.090153046,127.263711734,38.089874000,127.263800000,38.089843357,127.263900316,38.089718000,127.263440000,38.089636070,127.263425822
389,389,826430718817,77.788,4.400000,38.086830000,127.265550000,749.000000,782.342855,1455.819272,673.476417,86.084562,0.965880,7.077768,7.833472,6.173954,10.547443,7.908159,10.547443,38.089863000,127.264920000,38.089863000,127.264920000,38.089940000,127.264710000,38.089939296,127.264629221,38.089985000,127.265110000,38.090043044,127.265160547,38.089787000,127.265140000,38.089781385,127.265210106,38.089740000,127.264750000,38.089655569,127.264695367
390,390,826430719023,77.994,4.400000,38.086967000,127.265480000,749.000000,768.153656,1443.622270,675.468614,87.934049,0.769816,7.161399,8.904686,6.937901,7.878226,7.720553,8.904686,38.089718000,127.267380000,38.089718000,127.267380000,38.089893000,127.267270000,38.089947192,127.267225952,38.089710000,127.267610000,38.089737511,127.267705436,38.089546000,127.267480000,38.089503677,127.267538129,38.089720000,127.267150000,38.089701788,127.267063108
391,391,826430719228,78.199,4.400000,38.086967000,127.265480000,749.000000,768.153656,1443.622270,675.468614,87.934049,0.769816,7.161399,8.904686,6.937901,7.878226,7.720553,8.904686,38.089718000,127.267380000,38.089718000,127.267380000,38.089893000,127.267270000,38.089947192,127.267225952,38.089710000,127.267610000,38.089737511,127.267705436,38.089546000,127.267480000,38.089503677,127.267538129,38.089720000,127.267150000,38.089701788,127.267063108
392,392,826430719418,78.389,4.400000,38.087036000,127.265440000,749.000000,782.877593,1508.224598,725.347006,92.651394,0.018616,7.819040,8.550131,7.498298,8.118879,7.996587,8.550131,38.090020000,127.266910000,38.090020000,127.266910000,38.090183000,127.266780000,38.090234107,127.266718778,38.090042000,127.267140000,38.090070183,127.267230783,38.089860000,127.267040000,38.089808520,127.267095193,38.089996000,127.266680000,38.089968014,127.266594426
393,393,826430719625,78.596,4.400000,38.087173000,127.265366000,749.000000,771.767915,1505.193317,733.425402,95.031860,0.272647,7.755817,8.412934,6.604863,9.095451,7.967266,9.095451,38.090110000,127.264430000,38.090110000,127.264430000,38.090168000,127.264206000,38.090194021,127.264123882,38.090250000,127.264595000,38.090314162,127.264645740,38.090054000,127.264650000,38.090047232,127.264724895,38.089977000,127.264270000,38.089903324,127.264225120
394,394,826430719818,78.789,4.400000,38.087173000,127.265366000,749.000000,771.767915,1505.193317,733.425402,95.031860,0.272647,7.755817,8.412934,6.604863,9.095451,7.967266,9.095451,38.090110000,127.264430000,38.090110000,127.264430000,38.090168000,127.264206000,38.090194021,127.264123882,38.090250000,127.264595000,38.090314162,127.264645740,38.090054000,127.264650000,38.090047232,127.264724895,38.089977000,127.264270000,38.089903324,127.264225120
395,395,826430720049,79.020,4.400000,38.087240000,127.265330000,749.000000,782.349109,1598.503694,816.154586,104.321022,0.195412,9.456961,7.878241,8.964998,7.961580,8.565445,9.456961,38.090190000,127.263320000,38.090190000,127.263320000,38.090195000,127.263090000,38.090216479,127.262985567,38.090363000,127.263435000,38.090426087,127.263475749,38.090183000,127.263550000,38.090160601,127.263648287,38.090020000,127.263214000,38.089957202,127.263170511
396,396,826430720274,79.245,4.400000,38.087376000,127.265250000,749.000000,767.464850,1401.831869,634.367019,82.657469,0.493423,8.127812,7.645717,7.353254,6.611795,7.434644,8.127812,38.090298000,127.265450000,38.090298000,127.265450000,38.090412000,127.265270000,38.090447461,127.265188906,38.090380000,127.265660000,38.090421524,127.265729512,38.090183000,127.265630000,38.090155071,127.265706058,38.090210000,127.265240000,38.090178672,127.265175885
397,397,826430720424,79.395,4.400000,38.087376000,127.265250000,749.000000,767.464850,1401.831869,634.367019,82.657469,0.493423,8.127812,7.645717,7.353254,6.611795,7.434644,8.127812,38.090298000,127.265450000,38.090298000,127.265450000,38.090412000,127.265270000,38.090447461,127.265188906,38.090380000,127.265660000,38.090421524,127.265729512,38.090183000,127.265630000,38.090155071,127.265706058,38.090210000,127.265240000,38.090178672,127.265175885
398,398,826430720629,79.600,4.400000,38.087444000,127.265220000,749.000000,749.763874,1433.630371,683.866497,91.210916,0.366752,6.952037,8.551621,7.116103,8.843628,7.865847,8.843628,38.090225000,127.266685000,38.090225000,127.266685000,38.090390000,127.266560000,38.090429061,127.266498087,38.090240000,127.266914000,38.090270197,127.267003750,38.090065000,127.266810000,38.090017408,127.266864226,38.090210000,127.266464000,38.090177940,127.266371645
399,399,826430720821,79.792,4.400000,38.087444000,127.265220000,749.000000,749.763874,1433.630371,683.866497,91.210916,0.366752,6.952037,8.551621,7.116103,8.843628,7.865847,8.843628,38.090225000,127.266685000,38.090225000,127.266685000,38.090390000,127.266560000,38.090429061,127.266498087,38.090240000,127.266914000,38.090270197,127.267003750,38.090065000,127.266810000,38.090017408,127.266864226,38.090210000,127.266464000,38.090177940,127.266371645
400,400,826430721027,79.998,4.400000,38.087580000,127.265144000,749.000000,758.411602,1423.345653,664.934051,87.674562,0.344237,7.773276,8.133102,7.314182,7.407003,7.656891,8.133102,38.090534000,127.265480000,38.090534000,127.265480000,38.090656000,127.265300000,38.090693363,127.265225046,38.090607000,127.265690000,38.090649315,127.265765676,38.090412000,127.265656000,38.090381262,127.265729784,38.090458000,127.265270000,38.090420965,127.265199764
401,401,826430721217,80.188,4.400000,38.087650000,127.265110000,749.000000,763.785100,1477.878148,714.093048,93.493975,0.328996,7.964612,7.564725,7.497887,8.405052,7.858069,8.405052,38.090572000,127.264740000,38.090572000,127.264740000,38.090660000,127.264534000,38.090690370,127.264451689,38.090683000,127.264930000,38.090729395,127.264993088,38.090485000,127.264946000,38.090453917,127.265021922,38.090460000,127.264560000,38.090404455,127.264495018
402,402,826430721424,80.395,4.400000,38.087784000,127.265030000,749.000000,759.462192,1490.537164,731.074972,96.262195,0.421629,7.990496,7.705064,8.703155,8.161165,8.139970,8.703155,38.090797000,127.264040000,38.090797000,127.264040000,38.090855000,127.263820000,38.090871579,127.263731263,38.090935000,127.264206000,38.090988296,127.264262112,38.090740000,127.264250000,38.090717290,127.264345054,38.090660000,127.263880000,38.090599665,127.263827084
403,403,826430721631,80.602,4.400000,38.087784000,127.265030000,749.000000,759.462192,1490.537164,731.074972,96.262195,0.421629,7.990496,7.705064,8.703155,8.161165,8.139970,8.703155,38.090797000,127.264040000,38.090797000,127.264040000,38.090855000,127.263820000,38.090871579,127.263731263,38.090935000,127.264206000,38.090988296,127.264262112,38.090740000,127.264250000,38.090717290,127.264345054,38.090660000,127.263880000,38.090599665,127.263827084
404,404,826430721830,80.801,4.400000,38.087852000,127.264990000,749.000000,766.577252,1425.531773,658.954521,85.960615,0.336025,7.762164,7.621555,7.801608,6.916535,7.525465,7.801608,38.090770000,127.265260000,38.090770000,127.265260000,38.090893000,127.265076000,38.090931615,127.265002229,38.090847000,127.265470000,38.090885372,127.265542045,38.090652000,127.265434000,38.090618175,127.265511989,38.090694000,127.265045000,38.090655836,127.264982703
405,405,826430722026,80.997,4.400000,38.087852000,127.264990000,749.000000,766.577252,1425.531773,658.954521,85.960615,0.336025,7.762164,7.621555,7.801608,6.916535,7.525465,7.801608,38.090770000,127.265260000,38.090770000,127.265260000,38.090893000,127.265076000,38.090931615,127.265002229,38.090847000,127.265470000,38.090885372,127.265542045,38.090652000,127.265434000,38.090618175,127.265511989,38.090694000,127.265045000,38.090655836,127.264982703
406,406,826430722232,81.203,4.400000,38.087990000,127.264920000,749.000000,790.353546,1532.438032,742.084486,93.892725,0.104680,7.764020,8.859830,7.331912,8.734821,8.172646,8.859830,38.090900000,127.267000000,38.090900000,127.267000000,38.091080000,127.266900000,38.091136639,127.266848287,38.090893000,127.267235000,38.090916038,127.267331797,38.090725000,127.267100000,38.090672887,127.267151176,38.090908000,127.266770000,38.090884052,127.266675058
407,407,826430722423,81.394,4.400000,38.088060000,127.264885000,749.000000,767.311353,1453.368747,686.057393,89.410562,0.713662,7.135105,8.354070,8.384675,7.563010,7.859215,8.384675,38.090984000,127.265780000,38.090984000,127.265780000,38.091130000,127.265620000,38.091169785,127.265556148,38.091034000,127.266000000,38.091066723,127.266085810,38.090843000,127.265920000,38.090799146,127.265997809,38.090940000,127.265550000,38.090900504,127.265479761
408,408,826430722626,81.597,4.400000,38.088060000,127.264885000,749.000000,767.311353,1453.368747,686.057393,89.410562,0.713662,7.135105,8.354070,8.384675,7.563010,7.859215,8.384675,38.090984000,127.265780000,38.090984000,127.265780000,38.091130000,127.265620000,38.091169785,127.265556148,38.091034000,127.266000000,38.091066723,127.266085810,38.090843000,127.265920000,38.090799146,127.265997809,38.090940000,127.265550000,38.090900504,127.265479761
409,409,826430722823,81.794,4.400000,38.088196000,127.264820000,749.000000,735.682156,1475.713748,740.031593,100.591211,0.215291,8.704361,8.290198,7.963985,7.713781,8.168081,8.704361,38.091030000,127.263330000,38.091030000,127.263330000,38.091057000,127.263110000,38.091071382,127.263012344,38.091187000,127.263466000,38.091252756,127.263510421,38.091003000,127.263550000,38.090993785,127.263640143,38.090878000,127.263190000,38.090814785,127.263153938
410,410,826430723031,82.002,4.400000,38.088333000,127.264740000,749.000000,751.430683,1440.470343,689.039660,91.697036,0.132734,7.990653,7.951654,7.834058,7.343732,7.780024,7.990653,38.091267000,127.264565000,38.091267000,127.264565000,38.091362000,127.264366000,38.091394421,127.264284628,38.091370000,127.264760000,38.091416380,127.264829026,38.091175000,127.264760000,38.091143023,127.264839654,38.091164000,127.264370000,38.091120746,127.264306710
411,411,826430723221,82.192,4.400000,38.088333000,127.264740000,749.000000,751.430683,1440.470343,689.039660,91.697036,0.132734,7.990653,7.951654,7.834058,7.343732,7.780024,7.990653,38.091267000,127.264565000,38.091267000,127.264565000,38.091362000,127.264366000,38.091394421,127.264284628,38.091370000,127.264760000,38.091416380,127.264829026,38.091175000,127.264760000,38.091143023,127.264839654,38.091164000,127.264370000,38.091120746,127.264306710
412,412,826430723426,82.397,4.400000,38.088400000,127.264700000,749.000000,755.556712,1447.508335,691.951623,91.581692,0.341240,7.642139,7.844029,7.457973,8.537555,7.870424,8.537555,38.091213000,127.265810000,38.091213000,127.265810000,38.091366000,127.265670000,38.091409576,127.265602598,38.091248000,127.266040000,38.091278763,127.266120549,38.091064000,127.265950000,38.091017523,127.266011310,38.091180000,127.265590000,38.091143860,127.265504050
413,413,826430723617,82.588,4.400000,38.088528000,127.264640000,749.000000,798.730644,1510.311792,711.581148,89.089001,0.453118,7.648180,8.483977,8.259192,7.686479,8.019457,8.483977,38.091408000,127.266620000,38.091408000,127.266620000,38.091587000,127.266520000,38.091637414,127.266460692,38.091404000,127.266850000,38.091420310,127.266944593,38.091236000,127.266716000,38.091174480,127.266768696,38.091410000,127.266380000,38.091388894,127.266296465
414,414,826430723821,82.792,4.400000,38.088528000,127.264640000,749.000000,798.730644,1510.311792,711.581148,89.089001,0.453118,7.648180,8.483977,8.259192,7.686479,8.019457,8.483977,38.091408000,127.266620000,38.091408000,127.266620000,38.091587000,127.266520000,38.091637414,127.266460692,38.091404000,127.266850000,38.091420310,127.266944593,38.091236000,127.266716000,38.091174480,127.266768696,38.091410000,127.266380000,38.091388894,127.266296465
415,415,826430724025,82.996,4.400000,38.088596000,127.264600000,749.000000,766.038233,1423.884227,657.845994,85.876392,0.405812,8.076702,7.273570,7.245850,7.293503,7.472406,8.076702,38.091484000,127.265380000,38.091484000,127.265380000,38.091620000,127.265220000,38.091667866,127.265150720,38.091537000,127.265610000,38.091570261,127.265681459,38.091347000,127.265540000,38.091306374,127.265604618,38.091430000,127.265160000,38.091402377,127.265084512
416,416,826430724231,83.202,4.400000,38.088730000,127.264530000,749.000000,714.494007,1440.858268,726.364261,101.661351,0.208088,8.671328,7.935663,9.176555,7.549255,8.333200,9.176555,38.091522000,127.262910000,38.091522000,127.262910000,38.091537000,127.262690000,38.091550858,127.262592604,38.091686000,127.263030000,38.091743520,127.263083507,38.091507000,127.263120000,38.091492410,127.263223088,38.091362000,127.262790000,38.091306707,127.262740110
417,417,826430724421,83.392,4.400000,38.088730000,127.264530000,749.000000,714.494007,1440.858268,726.364261,101.661351,0.208088,8.671328,7.935663,9.176555,7.549255,8.333200,9.176555,38.091522000,127.262910000,38.091522000,127.262910000,38.091537000,127.262690000,38.091550858,127.262592604,38.091686000,127.263030000,38.091743520,127.263083507,38.091507000,127.263120000,38.091492410,127.263223088,38.091362000,127.262790000,38.091306707,127.262740110
418,418,826430724627,83.598,4.400000,38.088802000,127.264496000,749.000000,761.110020,1469.765836,708.655816,93.108197,0.281246,8.607280,8.019825,8.089174,7.450878,8.041789,8.607280,38.091774000,127.263270000,38.091774000,127.263270000,38.091812000,127.263050000,38.091833606,127.262955669,38.091927000,127.263410000,38.091975905,127.263477217,38.091732000,127.263490000,38.091714114,127.263579490,38.091625000,127.263120000,38.091570695,127.263070285
419,419,826430724818,83.789,4.400000,38.088802000,127.264496000,749.000000,761.110020,1469.765836,708.655816,93.108197,0.281246,8.607280,8.019825,8.089174,7.450878,8.041789,8.607280,38.091774000,127.263270000,38.091774000,127.263270000,38.091812000,127.263050000,38.091833606,127.262955669,38.091927000,127.263410000,38.091975905,127.263477217,38.091732000,127.263490000,38.091714114,127.263579490,38.091625000,127.263120000,38.091570695,127.263070285
420,420,826430725024,83.995,4.400000,38.088936000,127.264420000,749.000000,755.117780,1370.169767,615.051986,81.451133,0.200129,7.188564,7.931979,7.223597,7.123483,7.366906,7.931979,38.091690000,127.265724000,38.091690000,127.265724000,38.091846000,127.265590000,38.091888741,127.265528494,38.091717000,127.265950000,38.091738351,127.266036376,38.091537000,127.265854000,38.091493841,127.265915571,38.091663000,127.265495000,38.091643966,127.265417372
421,421,826430725230,84.201,4.400000,38.089005000,127.264380000,749.000000,795.206627,1439.739949,644.533322,81.052308,0.333236,6.910916,8.441532,7.019423,7.785653,7.539381,8.441532,38.091705000,127.266790000,38.091705000,127.266790000,38.091890000,127.266710000,38.091935849,127.266656816,38.091682000,127.267020000,38.091689384,127.267115894,38.091522000,127.266870000,38.091468403,127.266912207,38.091730000,127.266556000,38.091718589,127.266468325
422,422,826430725419,84.390,4.400000,38.089005000,127.264380000,749.000000,795.206627,1439.739949,644.533322,81.052308,0.333236,6.910916,8.441532,7.019423,7.785653,7.539381,8.441532,38.091705000,127.266790000,38.091705000,127.266790000,38.091890000,127.266710000,38.091935849,127.266656816,38.091682000,127.267020000,38.091689384,127.267115894,38.091522000,127.266870000,38.091468403,127.266912207,38.091730000,127.266556000,38.091718589,127.266468325
423,423,826430725655,84.626,4.400000,38.089140000,127.264310000,749.000000,744.186741,1387.364472,643.177731,86.426927,0.904347,8.666346,7.494738,6.594312,7.133752,7.472287,8.666346,38.091984000,127.264500000,38.091984000,127.264500000,38.092090000,127.264320000,38.092135115,127.264239384,38.092068000,127.264710000,38.092108227,127.264778597,38.091873000,127.264690000,38.091844480,127.264755971,38.091896000,127.264300000,38.091867928,127.264226803
424,424,826430725859,84.830,4.400000,38.089280000,127.264244000,749.000000,753.156516,1649.821322,896.664806,119.054245,0.271739,10.957028,7.898424,9.691639,9.136533,9.420906,10.957028,38.092255000,127.262480000,38.092255000,127.262480000,38.092266000,127.262260000,38.092300487,127.262142863,38.092426000,127.262600000,38.092482288,127.262654886,38.092243000,127.262700000,38.092216242,127.262805267,38.092087000,127.262370000,38.092013741,127.262322980
425,425,826430726024,84.995,4.400000,38.089280000,127.264244000,749.000000,753.156516,1649.821322,896.664806,119.054245,0.271739,10.957028,7.898424,9.691639,9.136533,9.420906,10.957028,38.092255000,127.262480000,38.092255000,127.262480000,38.092266000,127.262260000,38.092300487,127.262142863,38.092426000,127.262600000,38.092482288,127.262654886,38.092243000,127.262700000,38.092216242,127.262805267,38.092087000,127.262370000,38.092013741,127.262322980
426,426,826430726228,85.199,4.400000,38.089348000,127.264206000,749.000000,765.688890,1407.885614,642.196724,83.871757,0.198630,8.398045,6.924454,7.760369,6.392595,7.368866,8.398045,38.092247000,127.263660000,38.092247000,127.263660000,38.092316000,127.263450000,38.092351244,127.263365247,38.092373000,127.263840000,38.092409370,127.263904118,38.092175000,127.263870000,38.092143339,127.263948916,38.092120000,127.263480000,38.092087085,127.263420210
427,427,826430726431,85.402,4.400000,38.089348000,127.264206000,749.000000,765.688890,1407.885614,642.196724,83.871757,0.198630,8.398045,6.924454,7.760369,6.392595,7.368866,8.398045,38.092247000,127.263660000,38.092247000,127.263660000,38.092316000,127.263450000,38.092351244,127.263365247,38.092373000,127.263840000,38.092409370,127.263904118,38.092175000,127.263870000,38.092143339,127.263948916,38.092120000,127.263480000,38.092087085,127.263420210
428,428,826430726627,85.598,4.400000,38.089485000,127.264140000,749.000000,786.112678,1366.548769,580.436091,73.836246,0.533686,7.565393,6.241826,6.680215,7.991801,7.119808,7.991801,38.092106000,127.266530000,38.092106000,127.266530000,38.092290000,127.266460000,38.092344580,127.266408547,38.092080000,127.266770000,38.092077519,127.266841175,38.091927000,127.266610000,38.091879751,127.266657006,38.092133000,127.266304000,38.092123856,127.266213524
429,429,826430726824,85.795,4.400000,38.089622000,127.264060000,749.000000,743.743479,1361.017338,617.273859,82.995532,0.653074,7.279050,7.605713,7.953282,6.459670,7.324429,7.953282,38.092415000,127.264690000,38.092415000,127.264690000,38.092545000,127.264520000,38.092585130,127.264454402,38.092484000,127.264900000,38.092503457,127.264983219,38.092293000,127.264850000,38.092248520,127.264921041,38.092354000,127.264465000,38.092325470,127.264400795
430,430,826430727028,85.999,4.400000,38.089622000,127.264060000,749.000000,743.743479,1361.017338,617.273859,82.995532,0.653074,7.279050,7.605713,7.953282,6.459670,7.324429,7.953282,38.092415000,127.264690000,38.092415000,127.264690000,38.092545000,127.264520000,38.092585130,127.264454402,38.092484000,127.264900000,38.092503457,127.264983219,38.092293000,127.264850000,38.092248520,127.264921041,38.092354000,127.264465000,38.092325470,127.264400795
431,431,826430727219,86.190,4.400000,38.089690000,127.264030000,749.000000,731.381699,1341.454787,610.073088,83.413775,0.584257,8.569411,7.076773,7.154343,6.533508,7.333508,8.569411,38.092434000,127.263580000,38.092434000,127.263580000,38.092503000,127.263380000,38.092537271,127.263292415,38.092552000,127.263760000,38.092589789,127.263824955,38.092360000,127.263790000,38.092330632,127.263862637,38.092310000,127.263405000,38.092283702,127.263338331
432,432,826430727426,86.397,4.400000,38.089690000,127.264030000,749.000000,731.381699,1341.454787,610.073088,83.413775,0.584257,8.569411,7.076773,7.154343,6.533508,7.333508,8.569411,38.092434000,127.263580000,38.092434000,127.263580000,38.092503000,127.263380000,38.092537271,127.263292415,38.092552000,127.263760000,38.092589789,127.263824955,38.092360000,127.263790000,38.092330632,127.263862637,38.092310000,127.263405000,38.092283702,127.263338331
433,433,826430727632,86.603,4.400000,38.089830000,127.263954000,749.000000,738.766502,1449.820920,711.054418,96.248871,0.281390,9.588315,6.896873,8.662847,7.127223,8.068814,9.588315,38.092720000,127.262985000,38.092720000,127.262985000,38.092770000,127.262770000,38.092808137,127.262671869,38.092865000,127.263145000,38.092904738,127.263205396,38.092674000,127.263200000,38.092639377,127.263288554,38.092583000,127.262830000,38.092542624,127.262766864
434,434,826430727822,86.793,4.400000,38.089897000,127.263920000,749.000000,727.014736,1353.023649,626.008913,86.106771,0.310937,7.393320,7.368523,7.914898,7.100481,7.444305,7.914898,38.092697000,127.264206000,38.092697000,127.264206000,38.092804000,127.264020000,38.092842300,127.263951056,38.092780000,127.264410000,38.092806866,127.264486867,38.092587000,127.264380000,38.092548336,127.264455817,38.092613000,127.264000000,38.092581932,127.263929217
435,435,826430728030,87.001,4.400000,38.089897000,127.263920000,749.000000,727.014736,1353.023649,626.008913,86.106771,0.310937,7.393320,7.368523,7.914898,7.100481,7.444305,7.914898,38.092697000,127.264206000,38.092697000,127.264206000,38.092804000,127.264020000,38.092842300,127.263951056,38.092780000,127.264410000,38.092806866,127.264486867,38.092587000,127.264380000,38.092548336,127.264455817,38.092613000,127.264000000,38.092581932,127.263929217
436,436,826430728220,87.191,4.400000,38.090034000,127.263850000,749.000000,812.230486,1431.543096,619.312610,76.248383,0.532330,8.123871,6.742167,7.587771,6.159187,7.153249,8.123871,38.092556000,127.266590000,38.092556000,127.266590000,38.092747000,127.266525000,38.092819004,127.266509898,38.092518000,127.266815000,38.092498209,127.266887732,38.092370000,127.266640000,38.092308036,127.266676085,38.092594000,127.266350000,38.092599956,127.266280106
437,437,826430728426,87.397,4.400000,38.090170000,127.263780000,749.000000,722.965399,1347.642978,624.677579,86.404907,0.164035,7.762537,7.324109,7.577347,7.128647,7.448160,7.762537,38.092896000,127.264240000,38.092896000,127.264240000,38.093014000,127.264070000,38.093052799,127.263996378,38.092970000,127.264450000,38.092995957,127.264526818,38.092780000,127.264410000,38.092738505,127.264478561,38.092823000,127.264030000,38.092793871,127.263957537
438,438,826430728632,87.603,4.400000,38.090170000,127.263780000,749.000000,722.965399,1347.642978,624.677579,86.404907,0.164035,7.762537,7.324109,7.577347,7.128647,7.448160,7.762537,38.092896000,127.264240000,38.092896000,127.264240000,38.093014000,127.264070000,38.093052799,127.263996378,38.092970000,127.264450000,38.092995957,127.264526818,38.092780000,127.264410000,38.092738505,127.264478561,38.092823000,127.264030000,38.092793871,127.263957537
439,439,826430728823,87.794,4.400000,38.090240000,127.263740000,749.000000,702.143343,1372.495238,670.351895,95.472228,0.431091,8.396143,7.381266,9.062858,6.883640,7.930977,9.062858,38.092907000,127.263145000,38.092907000,127.263145000,38.092968000,127.262930000,38.093009244,127.262849762,38.093033000,127.263310000,38.093070040,127.263379880,38.092846000,127.263340000,38.092809883,127.263432709,38.092780000,127.262980000,38.092746580,127.262913892
440,440,826430729030,88.001,4.400000,38.090240000,127.263740000,749.000000,702.143343,1372.495238,670.351895,95.472228,0.431091,8.396143,7.381266,9.062858,6.883640,7.930977,9.062858,38.092907000,127.263145000,38.092907000,127.263145000,38.092968000,127.262930000,38.093009244,127.262849762,38.093033000,127.263310000,38.093070040,127.263379880,38.092846000,127.263340000,38.092809883,127.263432709,38.092780000,127.262980000,38.092746580,127.262913892
441,441,826430729220,88.191,4.400000,38.090366000,127.263680000,749.000000,736.811004,1405.016977,668.205973,90.688924,0.094299,9.521741,6.859531,9.156427,6.870175,8.101968,9.521741,38.093212000,127.262660000,38.093212000,127.262660000,38.093258000,127.262440000,38.093298070,127.262343979,38.093360000,127.262810000,38.093388535,127.262879396,38.093170000,127.262870000,38.093135989,127.262965161,38.093070000,127.262510000,38.093038712,127.262442406
442,442,826430729426,88.397,4.400000,38.090504000,127.263600000,749.000000,736.499615,1410.454422,673.954807,91.507829,0.553929,7.918180,8.129347,7.656293,7.069652,7.693368,8.129347,38.093143000,127.265010000,38.093143000,127.265010000,38.093296000,127.264880000,38.093355301,127.264830091,38.093163000,127.265236000,38.093184306,127.265324754,38.092990000,127.265130000,38.092938035,127.265187250,38.093117000,127.264780000,38.093102762,127.264701359
443,443,826430729631,88.602,4.400000,38.090504000,127.263600000,749.000000,736.499615,1410.454422,673.954807,91.507829,0.553929,7.918180,8.129347,7.656293,7.069652,7.693368,8.129347,38.093143000,127.265010000,38.093143000,127.265010000,38.093296000,127.264880000,38.093355301,127.264830091,38.093163000,127.265236000,38.093184306,127.265324754,38.092990000,127.265130000,38.092938035,127.265187250,38.093117000,127.264780000,38.093102762,127.264701359
444,444,826430729822,88.793,4.400000,38.090572000,127.263570000,749.000000,769.367043,1483.856082,714.489039,92.867123,0.261089,8.293946,7.995792,7.716471,7.834206,7.960104,8.293946,38.093044000,127.266240000,38.093044000,127.266240000,38.093230000,127.266190000,38.093297746,127.266150599,38.093006000,127.266470000,38.093006195,127.266561266,38.092865000,127.266304000,38.092798694,127.266329683,38.093082000,127.266014000,38.093081242,127.265924583
445,445,826430730029,89.000,4.400000,38.090572000,127.263570000,749.000000,769.367043,1483.856082,714.489039,92.867123,0.261089,8.293946,7.995792,7.716471,7.834206,7.960104,8.293946,38.093044000,127.266240000,38.093044000,127.266240000,38.093230000,127.266190000,38.093297746,127.266150599,38.093006000,127.266470000,38.093006195,127.266561266,38.092865000,127.266304000,38.092798694,127.266329683,38.093082000,127.266014000,38.093081242,127.265924583
446,446,826430730220,89.191,4.400000,38.090710000,127.263500000,749.000000,720.668946,1361.901826,641.232880,88.977454,0.473340,7.678727,7.251222,7.247166,7.602604,7.444930,7.678727,38.093360000,127.264160000,38.093360000,127.264160000,38.093487000,127.264000000,38.093528258,127.263929759,38.093422000,127.264380000,38.093449907,127.264454787,38.093240000,127.264330000,38.093191458,127.264385122,38.093296000,127.263950000,38.093268805,127.263870398
447,447,826430730428,89.399,4.400000,38.090847000,127.263430000,749.000000,704.819416,1340.629069,635.809653,90.208873,0.710688,9.167371,7.058408,9.460315,7.299566,8.246415,9.460315,38.093520000,127.261950000,38.093520000,127.261950000,38.093536000,127.261734000,38.093555189,127.261632241,38.093680000,127.262070000,38.093708462,127.262141994,38.093506000,127.262170000,38.093471466,127.262268666,38.093365000,127.261830000,38.093326375,127.261762668
448,448,826430730617,89.588,4.400000,38.090847000,127.263430000,749.000000,704.819416,1340.629069,635.809653,90.208873,0.710688,9.167371,7.058408,9.460315,7.299566,8.246415,9.460315,38.093520000,127.261950000,38.093520000,127.261950000,38.093536000,127.261734000,38.093555189,127.261632241,38.093680000,127.262070000,38.093708462,127.262141994,38.093506000,127.262170000,38.093471466,127.262268666,38.093365000,127.261830000,38.093326375,127.261762668
449,449,826430730820,89.791,4.400000,38.090920000,127.263390000,749.000000,716.545352,1343.672302,627.126950,87.520901,0.473170,8.617363,7.363424,8.503271,6.368117,7.713044,8.617363,38.093678000,127.262820000,38.093678000,127.262820000,38.093742000,127.262610000,38.093782311,127.262526027,38.093803000,127.262985000,38.093835017,127.263058547,38.093613000,127.263020000,38.093578784,127.263106777,38.093550000,127.262650000,38.093527053,127.262583416
450,450,826430731025,89.996,4.400000,38.090920000,127.263390000,749.000000,716.545352,1343.672302,627.126950,87.520901,0.473170,8.617363,7.363424,8.503271,6.368117,7.713044,8.617363,38.093678000,127.262820000,38.093678000,127.262820000,38.093742000,127.262610000,38.093782311,127.262526027,38.093803000,127.262985000,38.093835017,127.263058547,38.093613000,127.263020000,38.093578784,127.263106777,38.093550000,127.262650000,38.093527053,127.262583416
451,451,826430731239,90.210,4.400000,38.091057000,127.263320000,749.000000,750.548780,1368.901893,618.353113,82.386799,0.094882,7.471699,7.098461,7.480691,7.142400,7.298313,7.480691,38.093570000,127.265175000,38.093570000,127.265175000,38.093740000,127.265076000,38.093795485,127.265028010,38.093567000,127.265410000,38.093574042,127.265490529,38.093407000,127.265274000,38.093350447,127.265320122,38.093570000,127.264946000,38.093566658,127.264864585
452,452,826430731417,90.388,4.400000,38.091190000,127.263250000,749.000000,737.585210,1380.042060,642.456851,87.102730,0.274928,7.967021,7.244924,7.468492,7.481512,7.540487,7.967021,38.093807000,127.265076000,38.093807000,127.265076000,38.093970000,127.264970000,38.094030203,127.264920826,38.093807000,127.265310000,38.093815618,127.265391968,38.093643000,127.265180000,38.093587083,127.265227107,38.093803000,127.264850000,38.093799034,127.264764752
453,453,826430731624,90.595,4.400000,38.091190000,127.263250000,749.000000,737.585210,1380.042060,642.456851,87.102730,0.274928,7.967021,7.244924,7.468492,7.481512,7.540487,7.967021,38.093807000,127.265076000,38.093807000,127.265076000,38.093970000,127.264970000,38.094030203,127.264920826,38.093807000,127.265310000,38.093815618,127.265391968,38.093643000,127.265180000,38.093587083,127.265227107,38.093803000,127.264850000,38.093799034,127.264764752
454,454,826430731831,90.802,4.400000,38.091260000,127.263214000,749.000000,710.277366,1338.623996,628.346630,88.464966,0.267996,7.656631,7.462284,7.503820,7.423673,7.511602,7.656631,38.093880000,127.263855000,38.093880000,127.263855000,38.094000000,127.263695000,38.094039211,127.263623197,38.093945000,127.264070000,38.093970308,127.264148874,38.093758000,127.264015000,38.093715695,127.264081683,38.093815000,127.263640000,38.093783172,127.263565536
455,455,826430732023,90.994,4.400000,38.091396000,127.263145000,749.000000,726.560993,1402.668396,676.107403,93.055836,0.599900,8.998745,7.810389,7.853290,6.857129,7.879888,8.998745,38.094193000,127.261920000,38.094193000,127.261920000,38.094227000,127.261700000,38.094256459,127.261604348,38.094340000,127.262060000,38.094391557,127.262120467,38.094160000,127.262140000,38.094139276,127.262225686,38.094044000,127.261780000,38.094004047,127.261720427
456,456,826430732230,91.201,4.400000,38.091396000,127.263145000,749.000000,726.560993,1402.668396,676.107403,93.055836,0.599900,8.998745,7.810389,7.853290,6.857129,7.879888,8.998745,38.094193000,127.261920000,38.094193000,127.261920000,38.094227000,127.261700000,38.094256459,127.261604348,38.094340000,127.262060000,38.094391557,127.262120467,38.094160000,127.262140000,38.094139276,127.262225686,38.094044000,127.261780000,38.094004047,127.261720427
457,457,826430732421,91.392,4.400000,38.091465000,127.263110000,749.000000,707.739159,1368.657527,660.918368,93.384457,0.568220,8.866852,6.622174,7.861166,7.513314,7.715876,8.866852,38.094143000,127.263090000,38.094143000,127.263090000,38.094240000,127.262910000,38.094279127,127.262821843,38.094242000,127.263290000,38.094272007,127.263355267,38.094050000,127.263280000,38.094007803,127.263351950,38.094050000,127.262900000,38.094011690,127.262829393
458,458,826430732628,91.599,4.400000,38.091606000,127.263040000,749.000000,767.806350,1403.516364,635.710015,82.795618,0.082987,7.686367,7.312366,7.293044,7.297986,7.397441,7.686367,38.093998000,127.265465000,38.093998000,127.265465000,38.094177000,127.265400000,38.094238073,127.265359068,38.093967000,127.265700000,38.093967875,127.265783459,38.093820000,127.265530000,38.093761698,127.265567972,38.094030000,127.265236000,38.094028382,127.265152723
459,459,826430732818,91.789,4.400000,38.091606000,127.263040000,749.000000,767.806350,1403.516364,635.710015,82.795618,0.082987,7.686367,7.312366,7.293044,7.297986,7.397441,7.686367,38.093998000,127.265465000,38.093998000,127.265465000,38.094177000,127.265400000,38.094238073,127.265359068,38.093967000,127.265700000,38.093967875,127.265783459,38.093820000,127.265530000,38.093761698,127.265567972,38.094030000,127.265236000,38.094028382,127.265152723
460,460,826430733025,91.996,4.400000,38.091675000,127.263000000,749.000000,767.833243,1433.841890,666.008646,86.738709,0.444687,7.796122,7.507810,7.339053,7.991274,7.658564,7.991274,38.094223000,127.265370000,38.094223000,127.265370000,38.094402000,127.265300000,38.094459693,127.265249554,38.094200000,127.265610000,38.094206270,127.265695326,38.094048000,127.265450000,38.093988453,127.265485955,38.094250000,127.265144000,38.094242184,127.265053326
461,461,826430733232,92.203,4.400000,38.091812000,127.262930000,750.000000,676.870328,1315.130428,638.260099,94.295772,0.277125,8.016130,7.248095,7.923638,7.628048,7.703978,8.016130,38.094376000,127.263010000,38.094376000,127.263010000,38.094475000,127.262830000,38.094508560,127.262749044,38.094460000,127.263210000,38.094496337,127.263278651,38.094276000,127.263190000,38.094236940,127.263265610,38.094290000,127.262820000,38.094254598,127.262745450
462,462,826430733418,92.389,4.400000,38.091812000,127.262930000,750.000000,676.870328,1315.130428,638.260099,94.295772,0.277125,8.016130,7.248095,7.923638,7.628048,7.703978,8.016130,38.094376000,127.263010000,38.094376000,127.263010000,38.094475000,127.262830000,38.094508560,127.262749044,38.094460000,127.263210000,38.094496337,127.263278651,38.094276000,127.263190000,38.094236940,127.263265610,38.094290000,127.262820000,38.094254598,127.262745450
463,463,826430733623,92.594,4.400000,38.091880000,127.262900000,750.000000,686.456501,1317.017099,630.560598,91.857328,0.307681,8.199340,7.161028,8.075492,7.057279,7.623285,8.199340,38.094430000,127.261820000,38.094430000,127.261820000,38.094470000,127.261604000,38.094489383,127.261513708,38.094566000,127.261970000,38.094615752,127.262021817,38.094390000,127.262030000,38.094373734,127.262119831,38.094290000,127.261680000,38.094246565,127.261621321
464,464,826430733827,92.798,4.400000,38.091880000,127.262900000,750.000000,686.456501,1317.017099,630.560598,91.857328,0.307681,8.199340,7.161028,8.075492,7.057279,7.623285,8.199340,38.094430000,127.261820000,38.094430000,127.261820000,38.094470000,127.261604000,38.094489383,127.261513708,38.094566000,127.261970000,38.094615752,127.262021817,38.094390000,127.262030000,38.094373734,127.262119831,38.094290000,127.261680000,38.094246565,127.261621321
465,465,826430734032,93.003,4.400000,38.092020000,127.262825000,750.000000,682.456310,1290.650816,608.194506,89.118453,0.334734,7.925265,7.582446,7.087139,7.362327,7.489294,7.925265,38.094610000,127.263130000,38.094610000,127.263130000,38.094720000,127.262960000,38.094754363,127.262880772,38.094680000,127.263336000,38.094716735,127.263408884,38.094498000,127.263306000,38.094464657,127.263374914,38.094536000,127.262930000,38.094505618,127.262855354
466,466,826430734222,93.193,4.400000,38.092155000,127.262760000,750.000000,763.154657,1404.405215,641.250558,84.026292,0.559449,6.895161,8.604860,7.436066,7.603833,7.634980,8.604860,38.094440000,127.265510000,38.094440000,127.265510000,38.094627000,127.265465000,38.094676669,127.265417975,38.094395000,127.265730000,38.094389789,127.265827997,38.094260000,127.265560000,38.094197308,127.265589304,38.094486000,127.265280000,38.094484794,127.265193220
467,467,826430734426,93.397,4.400000,38.092155000,127.262760000,750.000000,763.154657,1404.405215,641.250558,84.026292,0.559449,6.895161,8.604860,7.436066,7.603833,7.634980,8.604860,38.094440000,127.265510000,38.094440000,127.265510000,38.094627000,127.265465000,38.094676669,127.265417975,38.094395000,127.265730000,38.094389789,127.265827997,38.094260000,127.265560000,38.094197308,127.265589304,38.094486000,127.265280000,38.094484794,127.265193220
468,468,826430734629,93.600,4.400000,38.092213000,127.262726000,750.000000,788.337374,1326.684778,538.347403,68.288961,0.416262,6.831666,7.461072,7.550204,6.836335,7.169819,7.550204,38.094720000,127.265520000,38.094720000,127.265520000,38.094902000,127.265460000,38.094946646,127.265406496,38.094680000,127.265750000,38.094672277,127.265834597,38.094540000,127.265570000,38.094486719,127.265623327,38.094757000,127.265280000,38.094759286,127.265202020
469,469,826430734819,93.790,4.400000,38.092213000,127.262726000,750.000000,788.337374,1326.684778,538.347403,68.288961,0.416262,6.831666,7.461072,7.550204,6.836335,7.169819,7.550204,38.094720000,127.265520000,38.094720000,127.265520000,38.094902000,127.265460000,38.094946646,127.265406496,38.094680000,127.265750000,38.094672277,127.265834597,38.094540000,127.265570000,38.094486719,127.265623327,38.094757000,127.265280000,38.094759286,127.265202020
470,470,826430735023,93.994,4.400000,38.092350000,127.262660000,750.000000,669.697790,1270.112663,600.414873,89.654600,0.398653,7.481473,8.085875,7.532572,6.764905,7.466206,8.085875,38.094864000,127.263050000,38.094864000,127.263050000,38.094975000,127.262880000,38.095010636,127.262807596,38.094930000,127.263250000,38.094964570,127.263331174,38.094750000,127.263214000,38.094716284,127.263288547,38.094795000,127.262840000,38.094764462,127.262773240
471,471,826430735226,94.197,4.400000,38.092490000,127.262590000,750.000000,713.482671,1385.519833,672.037162,94.191098,0.816570,8.673948,7.875792,7.561190,7.362672,7.868401,8.673948,38.095215000,127.261505000,38.095215000,127.261505000,38.095260000,127.261290000,38.095283207,127.261195483,38.095352000,127.261660000,38.095411123,127.261709377,38.095165000,127.261720000,38.095155916,127.261805533,38.095078000,127.261360000,38.095030443,127.261301593
472,472,826430735427,94.398,4.400000,38.092490000,127.262590000,750.000000,713.482671,1385.519833,672.037162,94.191098,0.816570,8.673948,7.875792,7.561190,7.362672,7.868401,8.673948,38.095215000,127.261505000,38.095215000,127.261505000,38.095260000,127.261290000,38.095283207,127.261195483,38.095352000,127.261660000,38.095411123,127.261709377,38.095165000,127.261720000,38.095155916,127.261805533,38.095078000,127.261360000,38.095030443,127.261301593
473,473,826430735629,94.600,4.400000,38.092560000,127.262550000,750.000000,654.286516,1321.460535,667.174019,101.969703,0.612591,8.957016,7.828244,7.035301,8.017817,7.959594,8.957016,38.095140000,127.262670000,38.095140000,127.262670000,38.095238000,127.262500000,38.095278578,127.262411713,38.095220000,127.262870000,38.095263252,127.262940456,38.095040000,127.262856000,38.095006064,127.262923745,38.095060000,127.262480000,38.095019176,127.262404600
474,474,826430735830,94.801,4.400000,38.092560000,127.262550000,750.000000,654.286516,1321.460535,667.174019,101.969703,0.612591,8.957016,7.828244,7.035301,8.017817,7.959594,8.957016,38.095140000,127.262670000,38.095140000,127.262670000,38.095238000,127.262500000,38.095278578,127.262411713,38.095220000,127.262870000,38.095263252,127.262940456,38.095040000,127.262856000,38.095006064,127.262923745,38.095060000,127.262480000,38.095019176,127.262404600
475,475,826430736024,94.995,4.400000,38.092697000,127.262480000,750.000000,731.965727,1231.384039,499.418313,68.229740,0.195205,6.665706,7.283981,6.577651,7.411843,6.984795,7.411843,38.094982000,127.265070000,38.094982000,127.265070000,38.095160000,127.265015000,38.095201541,127.264960201,38.094944000,127.265300000,38.094939095,127.265382910,38.094807000,127.265130000,38.094761121,127.265177315,38.095020000,127.264850000,38.095027514,127.264765937
476,476,826430736219,95.190,4.400000,38.092834000,127.262410000,750.000000,683.152223,1265.525509,582.373286,85.247953,0.304899,8.642044,5.987666,7.583692,6.913965,7.281842,8.642044,38.095280000,127.263740000,38.095280000,127.263740000,38.095425000,127.263620000,38.095489400,127.263564913,38.095300000,127.263970000,38.095302067,127.264038297,38.095135000,127.263860000,38.095083014,127.263915946,38.095260000,127.263520000,38.095253637,127.263441495
477,477,826430736426,95.397,4.400000,38.092834000,127.262410000,750.000000,683.152223,1265.525509,582.373286,85.247953,0.304899,8.642044,5.987666,7.583692,6.913965,7.281842,8.642044,38.095280000,127.263740000,38.095280000,127.263740000,38.095425000,127.263620000,38.095489400,127.263564913,38.095300000,127.263970000,38.095302067,127.264038297,38.095135000,127.263860000,38.095083014,127.263915946,38.095260000,127.263520000,38.095253637,127.263441495
478,478,826430736644,95.615,4.400000,38.092903000,127.262380000,750.000000,656.176635,1283.527736,627.351101,95.607046,0.322757,7.858224,7.928567,7.557211,7.186361,7.632591,7.928567,38.095345000,127.262610000,38.095345000,127.262610000,38.095448000,127.262436000,38.095486143,127.262360522,38.095417000,127.262810000,38.095458317,127.262883718,38.095238000,127.262780000,38.095204718,127.262855185,38.095270000,127.262410000,38.095234831,127.262341212
479,479,826430736860,95.831,4.400000,38.093044000,127.262314000,750.000000,676.273151,1319.763017,643.489866,95.152360,0.142431,8.073676,7.433636,7.680109,7.799584,7.746751,8.073676,38.095676000,127.261986000,38.095676000,127.261986000,38.095757000,127.261790000,38.095785774,127.261705405,38.095780000,127.262170000,38.095823633,127.262234234,38.095596000,127.262180000,38.095570474,127.262261445,38.095573000,127.261810000,38.095527247,127.261742573
480,480,826430737025,95.996,4.400000,38.093044000,127.262314000,750.000000,676.273151,1319.763017,643.489866,95.152360,0.142431,8.073676,7.433636,7.680109,7.799584,7.746751,8.073676,38.095676000,127.261986000,38.095676000,127.261986000,38.095757000,127.261790000,38.095785774,127.261705405,38.095780000,127.262170000,38.095823633,127.262234234,38.095596000,127.262180000,38.095570474,127.262261445,38.095573000,127.261810000,38.095527247,127.261742573
481,481,826430737231,96.202,4.400000,38.093113000,127.262276000,750.000000,667.214142,1281.304241,614.090100,92.037932,0.852671,8.038127,6.767011,7.342117,7.994093,7.535337,8.038127,38.095580000,127.263220000,38.095580000,127.263220000,38.095715000,127.263084000,38.095760754,127.263013018,38.095620000,127.263440000,38.095632836,127.263515502,38.095448000,127.263370000,38.095395397,127.263420556,38.095543000,127.263010000,38.095517884,127.262924513
482,482,826430737418,96.389,4.400000,38.093113000,127.262276000,750.000000,667.214142,1281.304241,614.090100,92.037932,0.852671,8.038127,6.767011,7.342117,7.994093,7.535337,8.038127,38.095580000,127.263220000,38.095580000,127.263220000,38.095715000,127.263084000,38.095760754,127.263013018,38.095620000,127.263440000,38.095632836,127.263515502,38.095448000,127.263370000,38.095395397,127.263420556,38.095543000,127.263010000,38.095517884,127.262924513
483,483,826430737623,96.594,4.400000,38.093250000,127.262210000,750.000000,781.893156,1397.562663,615.669508,78.740874,0.783531,7.166332,9.253067,6.006308,7.990591,7.604074,9.253067,38.095432000,127.265440000,38.095432000,127.265440000,38.095615000,127.265420000,38.095670173,127.265377851,38.095367000,127.265670000,38.095374649,127.265775172,38.095245000,127.265470000,38.095201320,127.265510249,38.095490000,127.265220000,38.095497230,127.265129254
484,484,826430737817,96.788,4.400000,38.093388000,127.262140000,750.000000,648.136882,1231.714788,583.577906,90.039299,0.616829,7.277821,7.114933,7.579150,7.910125,7.470507,7.910125,38.095776000,127.263060000,38.095776000,127.263060000,38.095910000,127.262920000,38.095948223,127.262852603,38.095814000,127.263275000,38.095828667,127.263354047,38.095646000,127.263200000,38.095598551,127.263262044,38.095740000,127.262850000,38.095713930,127.262766004
485,485,826430738024,96.995,4.400000,38.093388000,127.262140000,750.000000,648.136882,1231.714788,583.577906,90.039299,0.616829,7.277821,7.114933,7.579150,7.910125,7.470507,7.910125,38.095776000,127.263060000,38.095776000,127.263060000,38.095910000,127.262920000,38.095948223,127.262852603,38.095814000,127.263275000,38.095828667,127.263354047,38.095646000,127.263200000,38.095598551,127.263262044,38.095740000,127.262850000,38.095713930,127.262766004
486,486,826430738232,97.203,4.400000,38.093456000,127.262110000,750.000000,633.337200,1255.163189,621.825989,98.182451,0.356599,8.122139,7.387661,7.428327,7.906490,7.711154,8.122139,38.095844000,127.261925000,38.095844000,127.261925000,38.095930000,127.261740000,38.095958611,127.261654713,38.095940000,127.262110000,38.095981755,127.262175545,38.095764000,127.262115000,38.095733903,127.262190678,38.095753000,127.261750000,38.095710019,127.261678151
487,487,826430738423,97.394,4.400000,38.093456000,127.262110000,750.000000,633.337200,1255.163189,621.825989,98.182451,0.356599,8.122139,7.387661,7.428327,7.906490,7.711154,8.122139,38.095844000,127.261925000,38.095844000,127.261925000,38.095930000,127.261740000,38.095958611,127.261654713,38.095940000,127.262110000,38.095981755,127.262175545,38.095764000,127.262115000,38.095733903,127.262190678,38.095753000,127.261750000,38.095710019,127.261678151
488,488,826430738632,97.603,4.400000,38.093594000,127.262040000,750.000000,667.081958,1293.622624,626.540666,93.922592,0.369982,7.218897,8.216163,7.761316,7.089930,7.571577,8.216163,38.096172000,127.261790000,38.096172000,127.261790000,38.096256000,127.261590000,38.096281997,127.261514509,38.096268000,127.261970000,38.096316139,127.262041091,38.096090000,127.261980000,38.096062231,127.262061264,38.096073000,127.261604000,38.096031104,127.261543045
489,489,826430738823,97.794,4.400000,38.093735000,127.261970000,750.000000,709.652317,1202.470226,492.817909,69.444980,0.248357,7.283073,6.215624,7.360834,5.806083,6.666404,7.360834,38.095980000,127.264340000,38.095980000,127.264340000,38.096153000,127.264275000,38.096213303,127.264242754,38.095955000,127.264565000,38.095930694,127.264628875,38.095814000,127.264404000,38.095753851,127.264438901,38.096012000,127.264114000,38.096027613,127.264050764
490,490,826430739032,98.003,4.400000,38.093735000,127.261970000,750.000000,709.652317,1202.470226,492.817909,69.444980,0.248357,7.283073,6.215624,7.360834,5.806083,6.666404,7.360834,38.095980000,127.264340000,38.095980000,127.264340000,38.096153000,127.264275000,38.096213303,127.264242754,38.095955000,127.264565000,38.095930694,127.264628875,38.095814000,127.264404000,38.095753851,127.264438901,38.096012000,127.264114000,38.096027613,127.264050764
491,491,826430739224,98.195,4.400000,38.093803000,127.261930000,750.000000,792.515302,1556.037548,763.522246,96.341641,1.464623,11.111966,7.502935,8.531357,5.164971,8.077807,11.111966,38.096160000,127.265000000,38.096160000,127.265000000,38.096344000,127.264950000,38.096442070,127.264973651,38.096115000,127.265230000,38.096102778,127.265314224,38.095980000,127.265040000,38.095903433,127.265044219,38.096210000,127.264760000,38.096227559,127.264705428
492,492,826430739431,98.402,4.400000,38.093803000,127.261930000,750.000000,792.515302,1556.037548,763.522246,96.341641,1.464623,11.111966,7.502935,8.531357,5.164971,8.077807,11.111966,38.096160000,127.265000000,38.096160000,127.265000000,38.096344000,127.264950000,38.096442070,127.264973651,38.096115000,127.265230000,38.096102778,127.265314224,38.095980000,127.265040000,38.095903433,127.265044219,38.096210000,127.264760000,38.096227559,127.264705428
493,493,826430739624,98.595,4.400000,38.093930000,127.261870000,750.000000,625.049169,1211.638111,586.588942,93.846848,0.381333,7.862010,7.840047,7.219636,6.866019,7.446928,7.862010,38.096250000,127.262980000,38.096250000,127.262980000,38.096386000,127.262850000,38.096440393,127.262792757,38.096275000,127.263190000,38.096290752,127.263277225,38.096115000,127.263110000,38.096068712,127.263167724,38.096226000,127.262764000,38.096212638,127.262687487
494,494,826430739831,98.802,4.400000,38.094067000,127.261800000,750.000000,684.017973,1326.458722,642.440749,93.921618,0.586826,8.340253,7.894698,6.662836,7.623056,7.630211,8.340253,38.096558000,127.260666000,38.096558000,127.260666000,38.096603000,127.260450000,38.096618124,127.260356757,38.096690000,127.260810000,38.096749082,127.260859847,38.096520000,127.260890000,38.096508547,127.260964650,38.096424000,127.260530000,38.096370958,127.260474963
495,495,826430740022,98.993,4.400000,38.094067000,127.261800000,750.000000,684.017973,1326.458722,642.440749,93.921618,0.586826,8.340253,7.894698,6.662836,7.623056,7.630211,8.340253,38.096558000,127.260666000,38.096558000,127.260666000,38.096603000,127.260450000,38.096618124,127.260356757,38.096690000,127.260810000,38.096749082,127.260859847,38.096520000,127.260890000,38.096508547,127.260964650,38.096424000,127.260530000,38.096370958,127.260474963
496,496,826430740227,99.198,4.400000,38.094135000,127.261770000,750.000000,650.737712,1298.907076,648.169365,99.605318,0.294590,7.332978,8.845516,7.309078,7.964389,7.862991,8.845516,38.096664000,127.261570000,38.096664000,127.261570000,38.096752000,127.261375000,38.096777340,127.261297736,38.096756000,127.261750000,38.096811331,127.261822469,38.096577000,127.261760000,38.096553609,127.261837958,38.096573000,127.261390000,38.096525484,127.261322033
497,497,826430740419,99.390,4.400000,38.094276000,127.261700000,750.000000,673.242836,1296.555985,623.313149,92.583703,0.581073,9.990101,6.182656,8.152157,6.086992,7.602977,9.990101,38.096447000,127.263985000,38.096447000,127.263985000,38.096610000,127.263916000,38.096699355,127.263905412,38.096416000,127.264206000,38.096397555,127.264272568,38.096283000,127.264050000,38.096211942,127.264072503,38.096474000,127.263760000,38.096492338,127.263694542
498,498,826430740625,99.596,4.400000,38.094276000,127.261700000,750.000000,673.242836,1296.555985,623.313149,92.583703,0.581073,9.990101,6.182656,8.152157,6.086992,7.602977,9.990101,38.096447000,127.263985000,38.096447000,127.263985000,38.096610000,127.263916000,38.096699355,127.263905412,38.096416000,127.264206000,38.096397555,127.264272568,38.096283000,127.264050000,38.096211942,127.264072503,38.096474000,127.263760000,38.096492338,127.263694542
499,499,826430740832,99.803,4.400000,38.094345000,127.261665000,750.000000,769.739939,1590.919556,821.179617,106.682735,0.329807,10.231708,7.058063,10.113784,6.971906,8.593865,10.231708,38.096530000,127.264770000,38.096530000,127.264770000,38.096714000,127.264730000,38.096804798,127.264748139,38.096480000,127.265000000,38.096458177,127.265075644,38.096355000,127.264800000,38.096264569,127.264788882,38.096584000,127.264540000,38.096594057,127.264461450
500,500,826430741022,99.993,4.400000,38.094345000,127.261665000,750.000000,769.739939,1590.919556,821.179617,106.682735,0.329807,10.231708,7.058063,10.113784,6.971906,8.593865,10.231708,38.096530000,127.264770000,38.096530000,127.264770000,38.096714000,127.264730000,38.096804798,127.264748139,38.096480000,127.265000000,38.096458177,127.265075644,38.096355000,127.264800000,38.096264569,127.264788882,38.096584000,127.264540000,38.096594057,127.264461450
501,501,826430741228,100.199,4.400000,38.094482000,127.261604000,750.000000,620.676037,1258.748602,638.072564,102.802835,0.383295,8.773419,6.827441,7.947386,7.731093,7.819835,8.773419,38.096737000,127.262474000,38.096737000,127.262474000,38.096867000,127.262340000,38.096926726,127.262274657,38.096770000,127.262690000,38.096788631,127.262764252,38.096607000,127.262610000,38.096552651,127.262668824,38.096703000,127.262270000,38.096682956,127.262185506
502,502,826430741418,100.389,4.400000,38.094482000,127.261604000,750.000000,620.676037,1258.748602,638.072564,102.802835,0.383295,8.773419,6.827441,7.947386,7.731093,7.819835,8.773419,38.096737000,127.262474000,38.096737000,127.262474000,38.096867000,127.262340000,38.096926726,127.262274657,38.096770000,127.262690000,38.096788631,127.262764252,38.096607000,127.262610000,38.096552651,127.262668824,38.096703000,127.262270000,38.096682956,127.262185506
503,503,826430741624,100.595,4.400000,38.094620000,127.261536000,750.000000,694.154010,1347.511978,653.357967,94.122912,0.294529,7.255471,8.956918,7.975723,7.483267,7.917845,8.956918,38.097214000,127.260400000,38.097214000,127.260400000,38.097263000,127.260180000,38.097262594,127.260097181,38.097347000,127.260544000,38.097416980,127.260594458,38.097168000,127.260610000,38.097160942,127.260700600,38.097080000,127.260254000,38.097024462,127.260205872
504,504,826430741832,100.803,4.400000,38.094690000,127.261500000,750.000000,618.235156,1237.643880,619.408725,100.189826,0.440462,8.064190,8.334290,6.801753,8.565581,7.941454,8.565581,38.097073000,127.261610000,38.097073000,127.261610000,38.097170000,127.261440000,38.097199346,127.261355840,38.097150000,127.261800000,38.097194374,127.261876624,38.096973000,127.261790000,38.096949330,127.261861579,38.096996000,127.261430000,38.096953637,127.261348378
505,505,826430742024,100.995,4.400000,38.094690000,127.261500000,750.000000,618.235156,1237.643880,619.408725,100.189826,0.440462,8.064190,8.334290,6.801753,8.565581,7.941454,8.565581,38.097073000,127.261610000,38.097073000,127.261610000,38.097170000,127.261440000,38.097199346,127.261355840,38.097150000,127.261800000,38.097194374,127.261876624,38.096973000,127.261790000,38.096949330,127.261861579,38.096996000,127.261430000,38.096953637,127.261348378
506,506,826430742293,101.264,4.400000,38.094830000,127.261430000,750.000000,671.103496,1349.738142,678.634646,101.122204,0.451719,9.220672,6.715824,8.627164,7.619404,8.045766,9.220672,38.096840000,127.263960000,38.096840000,127.263960000,38.097010000,127.263916000,38.097092040,127.263901491,38.096798000,127.264180000,38.096776077,127.264251419,38.096672000,127.264010000,38.096594649,127.264016095,38.096880000,127.263750000,38.096899219,127.263666524
507,507,826430742418,101.389,4.400000,38.094967000,127.261360000,750.000000,628.123608,1319.548330,691.424721,110.077811,0.826023,9.109082,6.776579,9.010577,7.997871,8.223527,9.109082,38.097095000,127.263150000,38.097095000,127.263150000,38.097250000,127.263070000,38.097324215,127.263026201,38.097084000,127.263374000,38.097079342,127.263451127,38.096943000,127.263240000,38.096864264,127.263263855,38.097110000,127.262940000,38.097106320,127.262848825
508,508,826430742624,101.595,4.400000,38.094967000,127.261360000,750.000000,628.123608,1319.548330,691.424721,110.077811,0.826023,9.109082,6.776579,9.010577,7.997871,8.223527,9.109082,38.097095000,127.263150000,38.097095000,127.263150000,38.097250000,127.263070000,38.097324215,127.263026201,38.097084000,127.263374000,38.097079342,127.263451127,38.096943000,127.263240000,38.096864264,127.263263855,38.097110000,127.262940000,38.097106320,127.262848825
509,509,826430742831,101.802,4.400000,38.095036000,127.261330000,750.000000,597.764351,1209.717332,611.952981,102.373616,0.310230,7.587835,8.466845,7.779203,8.028475,7.965589,8.466845,38.097210000,127.262030000,38.097210000,127.262030000,38.097336000,127.261890000,38.097371661,127.261816185,38.097250000,127.262230000,38.097279447,127.262319111,38.097088000,127.262170000,38.097044817,127.262239816,38.097170000,127.261826000,38.097137263,127.261744340
510,510,826430743021,101.992,4.400000,38.095036000,127.261330000,750.000000,597.764351,1209.717332,611.952981,102.373616,0.310230,7.587835,8.466845,7.779203,8.028475,7.965589,8.466845,38.097210000,127.262030000,38.097210000,127.262030000,38.097336000,127.261890000,38.097371661,127.261816185,38.097250000,127.262230000,38.097279447,127.262319111,38.097088000,127.262170000,38.097044817,127.262239816,38.097170000,127.261826000,38.097137263,127.261744340
511,511,826430743228,102.199,4.400000,38.095173000,127.261260000,750.000000,628.958047,1300.979961,672.021915,106.846859,0.847351,7.319653,8.927064,8.235380,8.503689,8.246447,8.927064,38.097588000,127.260925000,38.097588000,127.260925000,38.097668000,127.260730000,38.097682226,127.260648425,38.097687000,127.261090000,38.097737806,127.261168842,38.097510000,127.261116000,38.097476188,127.261199614,38.097492000,127.260750000,38.097433819,127.260687097
512,512,826430743418,102.389,4.400000,38.095173000,127.261260000,750.000000,628.958047,1300.979961,672.021915,106.846859,0.847351,7.319653,8.927064,8.235380,8.503689,8.246447,8.927064,38.097588000,127.260925000,38.097588000,127.260925000,38.097668000,127.260730000,38.097682226,127.260648425,38.097687000,127.261090000,38.097737806,127.261168842,38.097510000,127.261116000,38.097476188,127.261199614,38.097492000,127.260750000,38.097433819,127.260687097
513,513,826430743624,102.595,4.400000,38.095314000,127.261190000,750.000000,644.202818,1297.272518,653.069700,101.376412,0.337227,7.798519,7.539558,8.686095,7.923624,7.986949,8.686095,38.097324000,127.263250000,38.097324000,127.263250000,38.097490000,127.263180000,38.097555306,127.263147780,38.097298000,127.263466000,38.097287827,127.263551087,38.097164000,127.263310000,38.097090273,127.263342465,38.097350000,127.263040000,38.097357048,127.262949997
514,514,826430743830,102.801,4.400000,38.095450000,127.261120000,750.000000,681.425076,1352.785772,671.360696,98.523039,0.155610,8.788136,7.373070,8.708775,7.142045,8.003007,8.788136,38.097477000,127.263660000,38.097477000,127.263660000,38.097645000,127.263610000,38.097722353,127.263589952,38.097435000,127.263880000,38.097417251,127.263961085,38.097310000,127.263700000,38.097234293,127.263725052,38.097520000,127.263440000,38.097533791,127.263360380
515,515,826430744020,102.991,4.400000,38.095450000,127.261120000,750.000000,681.425076,1352.785772,671.360696,98.523039,0.155610,8.788136,7.373070,8.708775,7.142045,8.003007,8.788136,38.097477000,127.263660000,38.097477000,127.263660000,38.097645000,127.263610000,38.097722353,127.263589952,38.097435000,127.263880000,38.097417251,127.263961085,38.097310000,127.263700000,38.097234293,127.263725052,38.097520000,127.263440000,38.097533791,127.263360380
516,516,826430744227,103.198,4.400000,38.095520000,127.261090000,750.000000,600.896418,1237.927992,637.031574,106.013541,0.346717,8.288363,7.910149,7.526891,8.460541,8.046486,8.460541,38.097603000,127.262474000,38.097603000,127.262474000,38.097748000,127.262375000,38.097806274,127.262316110,38.097607000,127.262690000,38.097620094,127.262778748,38.097458000,127.262580000,38.097403068,127.262630097,38.097600000,127.262270000,38.097587031,127.262174839
517,517,826430744417,103.388,4.400000,38.095520000,127.261090000,750.000000,600.896418,1237.927992,637.031574,106.013541,0.346717,8.288363,7.910149,7.526891,8.460541,8.046486,8.460541,38.097603000,127.262474000,38.097603000,127.262474000,38.097748000,127.262375000,38.097806274,127.262316110,38.097607000,127.262690000,38.097620094,127.262778748,38.097458000,127.262580000,38.097403068,127.262630097,38.097600000,127.262270000,38.097587031,127.262174839
518,518,826430744623,103.594,4.400000,38.095657000,127.261024000,750.000000,637.854238,1290.287650,652.433413,102.285659,0.220890,7.777559,8.572188,6.959634,8.714270,8.005913,8.714270,38.097880000,127.260170000,38.097880000,127.260170000,38.097935000,127.259964000,38.097940653,127.259875510,38.098003000,127.260320000,38.098069368,127.260369624,38.097830000,127.260380000,38.097823256,127.260458981,38.097763000,127.260025000,38.097695174,127.259975333
519,519,826430744831,103.802,4.400000,38.095657000,127.261024000,750.000000,637.854238,1290.287650,652.433413,102.285659,0.220890,7.777559,8.572188,6.959634,8.714270,8.005913,8.714270,38.097880000,127.260170000,38.097880000,127.260170000,38.097935000,127.259964000,38.097940653,127.259875510,38.098003000,127.260320000,38.098069368,127.260369624,38.097830000,127.260380000,38.097823256,127.260458981,38.097763000,127.260025000,38.097695174,127.259975333
520,520,826430745021,103.992,4.400000,38.095800000,127.260956000,750.000000,582.048408,1232.847948,650.799541,111.811927,0.221946,8.393432,8.091455,7.734607,8.587298,8.201698,8.587298,38.097878000,127.262010000,38.097878000,127.262010000,38.098015000,127.261894000,38.098071194,127.261830118,38.097897000,127.262220000,38.097918590,127.262308196,38.097744000,127.262130000,38.097692519,127.262189294,38.097862000,127.261810000,38.097838186,127.261716764
521,521,826430745229,104.200,4.400000,38.095924000,127.260895000,750.000000,685.275104,1364.794195,679.519091,99.160043,0.206250,7.993965,8.065644,8.549093,7.345731,7.988608,8.549093,38.097694000,127.263830000,38.097694000,127.263830000,38.097870000,127.263810000,38.097941090,127.263797101,38.097630000,127.264040000,38.097605892,127.264126824,38.097523000,127.263850000,38.097446244,127.263853227,38.097760000,127.263620000,38.097782482,127.263541165
522,522,826430745420,104.391,4.400000,38.095924000,127.260895000,750.000000,685.275104,1364.794195,679.519091,99.160043,0.206250,7.993965,8.065644,8.549093,7.345731,7.988608,8.549093,38.097694000,127.263830000,38.097694000,127.263830000,38.097870000,127.263810000,38.097941090,127.263797101,38.097630000,127.264040000,38.097605892,127.264126824,38.097523000,127.263850000,38.097446244,127.263853227,38.097760000,127.263620000,38.097782482,127.263541165
523,523,826430745627,104.598,4.400000,38.095993000,127.260860000,750.000000,681.494057,1326.060409,644.566352,94.581361,0.210230,7.907105,8.176332,8.216583,7.577908,7.969482,8.216583,38.097923000,127.263535000,38.097923000,127.263535000,38.098095000,127.263500000,38.098162103,127.263470400,38.097874000,127.263750000,38.097857104,127.263840830,38.097755000,127.263565000,38.097685378,127.263596149,38.097973000,127.263320000,38.097988377,127.263235734
524,524,826430745818,104.789,4.400000,38.095993000,127.260860000,750.000000,681.494057,1326.060409,644.566352,94.581361,0.210230,7.907105,8.176332,8.216583,7.577908,7.969482,8.216583,38.097923000,127.263535000,38.097923000,127.263535000,38.098095000,127.263500000,38.098162103,127.263470400,38.097874000,127.263750000,38.097857104,127.263840830,38.097755000,127.263565000,38.097685378,127.263596149,38.097973000,127.263320000,38.097988377,127.263235734
525,525,826430746024,104.995,4.400000,38.096130000,127.260790000,750.000000,590.568920,1154.945843,564.376923,95.564955,0.277760,7.382560,7.893239,7.470125,7.498721,7.561161,7.893239,38.098217000,127.261154000,38.098217000,127.261154000,38.098328000,127.260994000,38.098360398,127.260920467,38.098274000,127.261345000,38.098302983,127.261427231,38.098106000,127.261310000,38.098073617,127.261384686,38.098164000,127.260956000,38.098129067,127.260882811
526,526,826430746231,105.202,4.400000,38.096270000,127.260730000,750.000000,614.224316,1212.459169,598.234852,97.396804,0.259240,7.309949,7.906582,7.215225,8.262345,7.673525,8.262345,38.098557000,127.260510000,38.098557000,127.260510000,38.098644000,127.260320000,38.098662609,127.260239977,38.098644000,127.260690000,38.098691827,127.260756726,38.098473000,127.260700000,38.098448796,127.260776405,38.098470000,127.260340000,38.098423802,127.260266182
527,527,826430746422,105.393,4.400000,38.096270000,127.260730000,750.000000,614.224316,1212.459169,598.234852,97.396804,0.259240,7.309949,7.906582,7.215225,8.262345,7.673525,8.262345,38.098557000,127.260510000,38.098557000,127.260510000,38.098644000,127.260320000,38.098662609,127.260239977,38.098644000,127.260690000,38.098691827,127.260756726,38.098473000,127.260700000,38.098448796,127.260776405,38.098470000,127.260340000,38.098423802,127.260266182
528,528,826430746628,105.599,4.400000,38.096340000,127.260690000,750.000000,585.067414,1186.046785,600.979371,102.719679,0.321597,8.005435,7.908030,7.437732,8.154007,7.876301,8.154007,38.098392000,127.261680000,38.098392000,127.261680000,38.098526000,127.261560000,38.098575903,127.261494200,38.098410000,127.261890000,38.098433983,127.261974971,38.098255000,127.261800000,38.098210696,127.261863553,38.098373000,127.261480000,38.098353568,127.261390256
529,529,826430746819,105.790,4.400000,38.096340000,127.260690000,750.000000,585.067414,1186.046785,600.979371,102.719679,0.321597,8.005435,7.908030,7.437732,8.154007,7.876301,8.154007,38.098392000,127.261680000,38.098392000,127.261680000,38.098526000,127.261560000,38.098575903,127.261494200,38.098410000,127.261890000,38.098433983,127.261974971,38.098255000,127.261800000,38.098210696,127.261863553,38.098373000,127.261480000,38.098353568,127.261390256
530,530,826430747025,105.996,4.400000,38.096478000,127.260620000,750.000000,718.062019,1437.515126,719.453108,100.193728,0.613133,8.669135,8.843192,7.967637,7.687206,8.291793,8.843192,38.098130000,127.263970000,38.098130000,127.263970000,38.098305000,127.263970000,38.098382873,127.263969132,38.098050000,127.264175000,38.098024027,127.264270398,38.097954000,127.263960000,38.097883407,127.263975010,38.098210000,127.263760000,38.098233888,127.263677667
531,531,826430747230,106.201,4.400000,38.096615000,127.260550000,750.000000,576.630427,1214.355112,637.724685,110.595046,0.093700,8.225494,7.952169,8.012862,8.522467,8.178248,8.522467,38.098590000,127.261830000,38.098590000,127.261830000,38.098736000,127.261730000,38.098795296,127.261673975,38.098595000,127.262040000,38.098606991,127.262129487,38.098450000,127.261930000,38.098394042,127.261987533,38.098590000,127.261630000,38.098573459,127.261535012
532,532,826430747418,106.389,4.400000,38.096615000,127.260550000,750.000000,576.630427,1214.355112,637.724685,110.595046,0.093700,8.225494,7.952169,8.012862,8.522467,8.178248,8.522467,38.098590000,127.261830000,38.098590000,127.261830000,38.098736000,127.261730000,38.098795296,127.261673975,38.098595000,127.262040000,38.098606991,127.262129487,38.098450000,127.261930000,38.098394042,127.261987533,38.098590000,127.261630000,38.098573459,127.261535012
533,533,826430747619,106.590,4.400000,38.096684000,127.260520000,750.000000,595.528348,1169.339104,573.810756,96.353223,0.177962,7.309853,8.025224,6.988567,7.782243,7.526472,8.025224,38.098747000,127.260710000,38.098747000,127.260710000,38.098854000,127.260544000,38.098878404,127.260466533,38.098812000,127.260900000,38.098852627,127.260975677,38.098644000,127.260880000,38.098614131,127.260950168,38.098686000,127.260520000,38.098645150,127.260447908
534,534,826430747823,106.794,4.400000,38.096684000,127.260520000,750.000000,595.528348,1169.339104,573.810756,96.353223,0.177962,7.309853,8.025224,6.988567,7.782243,7.526472,8.025224,38.098747000,127.260710000,38.098747000,127.260710000,38.098854000,127.260544000,38.098878404,127.260466533,38.098812000,127.260900000,38.098852627,127.260975677,38.098644000,127.260880000,38.098614131,127.260950168,38.098686000,127.260520000,38.098645150,127.260447908
535,535,826430748029,107.000,4.400000,38.096825000,127.260450000,750.000000,610.563564,1208.203703,597.640139,97.883361,0.386940,7.530574,7.925493,7.901994,7.413446,7.692877,7.925493,38.099010000,127.260544000,38.099010000,127.260544000,38.099113000,127.260370000,38.099142025,127.260292351,38.099087000,127.260730000,38.099125624,127.260806000,38.098915000,127.260710000,38.098885787,127.260792210,38.098940000,127.260350000,38.098896518,127.260285902
536,536,826430748232,107.203,4.400000,38.096962000,127.260380000,750.000000,633.853679,1291.683309,657.829629,103.782569,0.438039,8.014113,7.880357,8.308037,8.214535,8.104261,8.308037,38.098700000,127.262810000,38.098700000,127.262810000,38.098870000,127.262780000,38.098938538,127.262752005,38.098648000,127.263016000,38.098629840,127.263102945,38.098534000,127.262840000,38.098461068,127.262860128,38.098755000,127.262610000,38.098766039,127.262517285
537,537,826430748419,107.390,4.400000,38.096962000,127.260380000,750.000000,633.853679,1291.683309,657.829629,103.782569,0.438039,8.014113,7.880357,8.308037,8.214535,8.104261,8.308037,38.098700000,127.262810000,38.098700000,127.262810000,38.098870000,127.262780000,38.098938538,127.262752005,38.098648000,127.263016000,38.098629840,127.263102945,38.098534000,127.262840000,38.098461068,127.262860128,38.098755000,127.262610000,38.098766039,127.262517285
538,538,826430748620,107.591,4.400000,38.097030000,127.260350000,750.000000,721.186125,1449.813423,728.627298,101.031797,0.340689,9.267185,7.537714,8.455364,7.948109,8.302093,9.267185,38.098766000,127.263610000,38.098766000,127.263610000,38.098940000,127.263610000,38.099023145,127.263604737,38.098690000,127.263824000,38.098662526,127.263902644,38.098587000,127.263610000,38.098511069,127.263607545,38.098840000,127.263405000,38.098866729,127.263320868
539,539,826430748828,107.799,4.400000,38.097030000,127.260350000,750.000000,721.186125,1449.813423,728.627298,101.031797,0.340689,9.267185,7.537714,8.455364,7.948109,8.302093,9.267185,38.098766000,127.263610000,38.098766000,127.263610000,38.098940000,127.263610000,38.099023145,127.263604737,38.098690000,127.263824000,38.098662526,127.263902644,38.098587000,127.263610000,38.098511069,127.263607545,38.098840000,127.263405000,38.098866729,127.263320868
540,540,826430749030,108.001,4.400000,38.097170000,127.260284000,750.000000,576.869851,1183.441998,606.572147,105.148873,0.357733,7.180309,8.794873,7.484473,8.256217,7.928968,8.794873,38.099144000,127.260980000,38.099144000,127.260980000,38.099274000,127.260840000,38.099313639,127.260775339,38.099170000,127.261180000,38.099208652,127.261267561,38.099014000,127.261110000,38.098978950,127.261182909,38.099117000,127.260780000,38.099081431,127.260697299
541,541,826430749218,108.189,4.400000,38.097310000,127.260216000,750.000000,652.003392,1258.915236,606.911843,93.084154,0.380071,6.968845,8.858667,7.486096,7.819573,7.783295,8.858667,38.099632000,127.259540000,38.099632000,127.259540000,38.099700000,127.259330000,38.099705242,127.259250728,38.099740000,127.259700000,38.099804937,127.259758453,38.099564000,127.259740000,38.099560536,127.259825343,38.099520000,127.259380000,38.099464826,127.259324754
542,542,826430749421,108.392,4.400000,38.097310000,127.260216000,750.000000,652.003392,1258.915236,606.911843,93.084154,0.380071,6.968845,8.858667,7.486096,7.819573,7.783295,8.858667,38.099632000,127.259540000,38.099632000,127.259540000,38.099700000,127.259330000,38.099705242,127.259250728,38.099740000,127.259700000,38.099804937,127.259758453,38.099564000,127.259740000,38.099560536,127.259825343,38.099520000,127.259380000,38.099464826,127.259324754
543,543,826430749623,108.594,4.400000,38.097378000,127.260180000,750.000000,585.644636,1192.217102,606.572466,103.573469,0.353161,7.826946,8.646495,7.992461,7.854440,8.080086,8.646495,38.099377000,127.261070000,38.099377000,127.261070000,38.099518000,127.260950000,38.099562654,127.260880986,38.099396000,127.261270000,38.099424150,127.261361992,38.099243000,127.261185000,38.099201682,127.261259615,38.099360000,127.260864000,38.099331135,127.260782185
544,544,826430749831,108.802,4.400000,38.097378000,127.260180000,750.000000,585.644636,1192.217102,606.572466,103.573469,0.353161,7.826946,8.646495,7.992461,7.854440,8.080086,8.646495,38.099377000,127.261070000,38.099377000,127.261070000,38.099518000,127.260950000,38.099562654,127.260880986,38.099396000,127.261270000,38.099424150,127.261361992,38.099243000,127.261185000,38.099201682,127.261259615,38.099360000,127.260864000,38.099331135,127.260782185
545,545,826430750022,108.993,4.400000,38.097515000,127.260120000,750.000000,674.047532,1407.523538,733.476006,108.816659,0.278642,8.495000,8.575566,8.391033,8.906962,8.592140,8.906962,38.099075000,127.263290000,38.099075000,127.263290000,38.099250000,127.263300000,38.099325968,127.263290810,38.098995000,127.263490000,38.098967547,127.263581465,38.098904000,127.263280000,38.098829030,127.263289953,38.099160000,127.263100000,38.099178011,127.263000934
546,546,826430750227,109.198,4.400000,38.097656000,127.260050000,750.000000,597.589730,1215.043055,617.453325,103.323952,0.515986,8.211620,7.570550,7.710193,8.556567,8.012232,8.556567,38.099483000,127.261770000,38.099483000,127.261770000,38.099644000,127.261710000,38.099704757,127.261656840,38.099457000,127.261980000,38.099456938,127.262066420,38.099327000,127.261840000,38.099266720,127.261883345,38.099514000,127.261570000,38.099504122,127.261473134
547,547,826430750429,109.400,4.400000,38.097656000,127.260050000,750.000000,597.589730,1215.043055,617.453325,103.323952,0.515986,8.211620,7.570550,7.710193,8.556567,8.012232,8.556567,38.099483000,127.261770000,38.099483000,127.261770000,38.099644000,127.261710000,38.099704757,127.261656840,38.099457000,127.261980000,38.099456938,127.262066420,38.099327000,127.261840000,38.099266720,127.261883345,38.099514000,127.261570000,38.099504122,127.261473134
548,548,826430750619,109.590,4.400000,38.097725000,127.260010000,750.000000,589.250602,1189.926663,600.676061,101.938981,0.271606,7.124830,8.233704,7.738942,8.139003,7.809120,8.233704,38.099650000,127.260660000,38.099650000,127.260660000,38.099785000,127.260520000,38.099822204,127.260453820,38.099680000,127.260860000,38.099712367,127.260944513,38.099520000,127.260790000,38.099479504,127.260861807,38.099625000,127.260460000,38.099589275,127.260378937
549,549,826430750823,109.794,4.400000,38.097725000,127.260010000,750.000000,589.250602,1189.926663,600.676061,101.938981,0.271606,7.124830,8.233704,7.738942,8.139003,7.809120,8.233704,38.099650000,127.260660000,38.099650000,127.260660000,38.099785000,127.260520000,38.099822204,127.260453820,38.099680000,127.260860000,38.099712367,127.260944513,38.099520000,127.260790000,38.099479504,127.260861807,38.099625000,127.260460000,38.099589275,127.260378937
550,550,826430751026,109.997,4.400000,38.097862000,127.259950000,750.000000,634.788033,1199.499421,564.711387,88.960623,0.701938,7.885578,7.002340,6.675777,8.573847,7.534386,8.573847,38.100033000,127.259770000,38.100033000,127.259770000,38.100130000,127.259590000,38.100143797,127.259501707,38.100117000,127.259960000,38.100160742,127.260017443,38.099940000,127.259960000,38.099926039,127.260034113,38.099950000,127.259600000,38.099899749,127.259525828
551,551,826430751224,110.195,4.400000,38.097992000,127.259890000,750.000000,598.416364,1195.180159,596.763795,99.723843,0.156839,7.856241,7.883024,7.695527,8.261942,7.924183,8.261942,38.099760000,127.261590000,38.099760000,127.261590000,38.099922000,127.261530000,38.099979561,127.261478111,38.099728000,127.261795000,38.099731429,127.261884882,38.099600000,127.261650000,38.099542915,127.261699548,38.099792000,127.261390000,38.099785598,127.261296039
552,552,826430751432,110.403,4.400000,38.097992000,127.259890000,750.000000,598.416364,1195.180159,596.763795,99.723843,0.156839,7.856241,7.883024,7.695527,8.261942,7.924183,8.261942,38.099760000,127.261590000,38.099760000,127.261590000,38.099922000,127.261530000,38.099979561,127.261478111,38.099728000,127.261795000,38.099731429,127.261884882,38.099600000,127.261650000,38.099542915,127.261699548,38.099792000,127.261390000,38.099785598,127.261296039
553,553,826430751620,110.591,4.400000,38.098060000,127.259850000,750.000000,659.707733,1381.798342,722.090609,109.456138,0.026922,8.727691,8.284282,8.448187,8.093118,8.388320,8.727691,38.099583000,127.262825000,38.099583000,127.262825000,38.099760000,127.262830000,38.099838395,127.262831325,38.099503000,127.263016000,38.099475085,127.263103662,38.099410000,127.262820000,38.099334117,127.262818587,38.099663000,127.262634000,38.099687570,127.262547050
554,554,826430751824,110.795,4.400000,38.098060000,127.259850000,750.000000,659.707733,1381.798342,722.090609,109.456138,0.026922,8.727691,8.284282,8.448187,8.093118,8.388320,8.727691,38.099583000,127.262825000,38.099583000,127.262825000,38.099760000,127.262830000,38.099838395,127.262831325,38.099503000,127.263016000,38.099475085,127.263103662,38.099410000,127.262820000,38.099334117,127.262818587,38.099663000,127.262634000,38.099687570,127.262547050
555,555,826430752026,110.997,4.400000,38.098198000,127.259790000,750.000000,621.087491,1219.296556,598.209065,96.316392,0.432386,7.662566,7.738964,7.826416,8.119392,7.836835,8.119392,38.099960000,127.261680000,38.099960000,127.261680000,38.100130000,127.261635000,38.100185429,127.261583136,38.099922000,127.261890000,38.099922449,127.261978341,38.099800000,127.261734000,38.099737518,127.261774960,38.100002000,127.261480000,38.099998640,127.261387413
556,556,826430752220,111.191,4.400000,38.098198000,127.259790000,750.000000,621.087491,1219.296556,598.209065,96.316392,0.432386,7.662566,7.738964,7.826416,8.119392,7.836835,8.119392,38.099960000,127.261680000,38.099960000,127.261680000,38.100130000,127.261635000,38.100185429,127.261583136,38.099922000,127.261890000,38.099922449,127.261978341,38.099800000,127.261734000,38.099737518,127.261774960,38.100002000,127.261480000,38.099998640,127.261387413
557,557,826430752433,111.404,4.400000,38.098340000,127.259720000,750.000000,613.770588,1157.972384,544.201797,88.665343,0.395223,7.365500,6.840395,7.098265,7.933790,7.309487,7.933790,38.100330000,127.259400000,38.100330000,127.259400000,38.100410000,127.259210000,38.100422882,127.259127529,38.100426000,127.259575000,38.100465518,127.259634796,38.100250000,127.259590000,38.100236363,127.259669155,38.100240000,127.259230000,38.100187558,127.259168669
558,558,826430752621,111.592,4.400000,38.098340000,127.259720000,750.000000,613.770588,1157.972384,544.201797,88.665343,0.395223,7.365500,6.840395,7.098265,7.933790,7.309487,7.933790,38.100330000,127.259400000,38.100330000,127.259400000,38.100410000,127.259210000,38.100422882,127.259127529,38.100426000,127.259575000,38.100465518,127.259634796,38.100250000,127.259590000,38.100236363,127.259669155,38.100240000,127.259230000,38.100187558,127.259168669
559,559,826430752826,111.797,4.400000,38.098476000,127.259650000,750.000000,600.654236,1131.984414,531.330177,88.458575,0.478843,7.363442,7.508395,6.689554,8.276870,7.459565,8.276870,38.100372000,127.260610000,38.100372000,127.260610000,38.100517000,127.260500000,38.100549527,127.260426808,38.100384000,127.260820000,38.100406116,127.260900973,38.100230000,127.260730000,38.100193816,127.260790969,38.100360000,127.260410000,38.100335158,127.260320946
560,560,826430753027,111.998,4.400000,38.098618000,127.259590000,750.000000,693.712813,1384.389261,690.676448,99.562302,0.368572,8.020028,8.321965,8.434524,8.444040,8.305139,8.444040,38.100030000,127.262850000,38.100030000,127.262850000,38.100210000,127.262880000,38.100281440,127.262868156,38.099940000,127.263040000,38.099905621,127.263124357,38.099857000,127.262825000,38.099781244,127.262826787,38.100120000,127.262665000,38.100150985,127.262577017
561,561,826430753229,112.200,4.400000,38.098618000,127.259590000,750.000000,693.712813,1384.389261,690.676448,99.562302,0.368572,8.020028,8.321965,8.434524,8.444040,8.305139,8.444040,38.100030000,127.262850000,38.100030000,127.262850000,38.100210000,127.262880000,38.100281440,127.262868156,38.099940000,127.263040000,38.099905621,127.263124357,38.099857000,127.262825000,38.099781244,127.262826787,38.100120000,127.262665000,38.100150985,127.262577017
562,562,826430753435,112.406,4.400000,38.098686000,127.259550000,750.000000,650.339584,1387.064051,736.724468,113.283043,0.118778,8.614658,9.065238,8.047108,9.072135,8.699785,9.072135,38.100307000,127.262400000,38.100307000,127.262400000,38.100483000,127.262400000,38.100559452,127.262384762,38.100230000,127.262590000,38.100212103,127.262690953,38.100132000,127.262400000,38.100060872,127.262416395,38.100380000,127.262210000,38.100396797,127.262108661
563,563,826430753625,112.596,4.400000,38.098686000,127.259550000,750.000000,650.339584,1387.064051,736.724468,113.283043,0.118778,8.614658,9.065238,8.047108,9.072135,8.699785,9.072135,38.100307000,127.262400000,38.100307000,127.262400000,38.100483000,127.262400000,38.100559452,127.262384762,38.100230000,127.262590000,38.100212103,127.262690953,38.100132000,127.262400000,38.100060872,127.262416395,38.100380000,127.262210000,38.100396797,127.262108661
564,564,826430753832,112.803,4.400000,38.098827000,127.259490000,750.000000,606.063909,1132.157487,526.093577,86.804967,0.475063,6.685260,7.864387,7.236633,6.657121,7.110850,7.864387,38.100674000,127.260140000,38.100674000,127.260140000,38.100807000,127.260000000,38.100841235,127.259937299,38.100704000,127.260340000,38.100732876,127.260421934,38.100544000,127.260270000,38.100510186,127.260340555,38.100643000,127.259930000,38.100617194,127.259861446
565,565,826430754024,112.995,4.400000,38.098827000,127.259490000,750.000000,606.063909,1132.157487,526.093577,86.804967,0.475063,6.685260,7.864387,7.236633,6.657121,7.110850,7.864387,38.100674000,127.260140000,38.100674000,127.260140000,38.100807000,127.260000000,38.100841235,127.259937299,38.100704000,127.260340000,38.100732876,127.260421934,38.100544000,127.260270000,38.100510186,127.260340555,38.100643000,127.259930000,38.100617194,127.259861446
566,566,826430754231,113.202,4.400000,38.098965000,127.259420000,750.000000,618.885078,1168.814154,549.929077,88.858028,0.784130,6.792508,8.117053,7.569096,6.458459,7.234279,8.117053,38.100937000,127.259950000,38.100937000,127.259950000,38.101063000,127.259796000,38.101099549,127.259733909,38.100975000,127.260150000,38.101012448,127.260229507,38.100810000,127.260086000,38.100779311,127.260163104,38.100895000,127.259740000,38.100867696,127.259674948
567,567,826430754424,113.395,4.400000,38.098965000,127.259420000,750.000000,618.885078,1168.814154,549.929077,88.858028,0.784130,6.792508,8.117053,7.569096,6.458459,7.234279,8.117053,38.100937000,127.259950000,38.100937000,127.259950000,38.101063000,127.259796000,38.101099549,127.259733909,38.100975000,127.260150000,38.101012448,127.260229507,38.100810000,127.260086000,38.100779311,127.260163104,38.100895000,127.259740000,38.100867696,127.259674948
568,568,826430754627,113.598,4.400000,38.099106000,127.259350000,750.000000,649.995962,1376.177811,726.181849,111.720978,0.325347,8.289370,8.979816,8.386159,9.293234,8.737145,9.293234,38.100567000,127.262215000,38.100567000,127.262215000,38.100742000,127.262230000,38.100814667,127.262209334,38.100483000,127.262400000,38.100461215,127.262498700,38.100395000,127.262200000,38.100320313,127.262212520,38.100647000,127.262030000,38.100665142,127.261926449
569,569,826430754830,113.801,4.400000,38.099243000,127.259290000,750.000000,616.106269,1288.376786,672.270517,109.116000,0.382323,7.602452,8.897575,7.979648,9.133008,8.403171,9.133008,38.100890000,127.261536000,38.100890000,127.261536000,38.101063000,127.261510000,38.101125167,127.261474072,38.100834000,127.261734000,38.100828291,127.261835311,38.100723000,127.261560000,38.100656404,127.261593700,38.100952000,127.261345000,38.100949001,127.261240812
570,570,826430755032,114.003,4.400000,38.099243000,127.259290000,750.000000,616.106269,1288.376786,672.270517,109.116000,0.382323,7.602452,8.897575,7.979648,9.133008,8.403171,9.133008,38.100890000,127.261536000,38.100890000,127.261536000,38.101063000,127.261510000,38.101125167,127.261474072,38.100834000,127.261734000,38.100828291,127.261835311,38.100723000,127.261560000,38.100656404,127.261593700,38.100952000,127.261345000,38.100949001,127.261240812
571,571,826430755224,114.195,4.400000,38.099310000,127.259260000,750.000000,579.073051,1161.915205,582.842154,100.650886,0.542269,7.365178,8.517062,7.777189,7.320083,7.744878,8.517062,38.101080000,127.260410000,38.101080000,127.260410000,38.101230000,127.260310000,38.101280247,127.260255302,38.101078000,127.260605000,38.101091067,127.260700798,38.100933000,127.260500000,38.100882865,127.260561831,38.101086000,127.260200000,38.101066152,127.260120335
572,572,826430755431,114.402,4.400000,38.099310000,127.259260000,750.000000,579.073051,1161.915205,582.842154,100.650886,0.542269,7.365178,8.517062,7.777189,7.320083,7.744878,8.517062,38.101080000,127.260410000,38.101080000,127.260410000,38.101230000,127.260310000,38.101280247,127.260255302,38.101078000,127.260605000,38.101091067,127.260700798,38.100933000,127.260500000,38.100882865,127.260561831,38.101086000,127.260200000,38.101066152,127.260120335
573,573,826430755623,114.594,4.400000,38.099453000,127.259190000,750.000000,638.382504,1203.619357,565.236853,88.542034,0.452942,7.119409,7.225519,7.667531,6.794296,7.201689,7.667531,38.101597000,127.258790000,38.101597000,127.258790000,38.101673000,127.258590000,38.101690536,127.258511842,38.101700000,127.258960000,38.101742084,127.259022797,38.101524000,127.258980000,38.101503900,127.259063720,38.101498000,127.258610000,38.101451234,127.258560161
574,574,826430755829,114.800,4.400000,38.099453000,127.259190000,750.000000,638.382504,1203.619357,565.236853,88.542034,0.452942,7.119409,7.225519,7.667531,6.794296,7.201689,7.667531,38.101597000,127.258790000,38.101597000,127.258790000,38.101673000,127.258590000,38.101690536,127.258511842,38.101700000,127.258960000,38.101742084,127.259022797,38.101524000,127.258980000,38.101503900,127.259063720,38.101498000,127.258610000,38.101451234,127.258560161
575,575,826430756018,114.989,4.400000,38.099590000,127.259125000,750.000000,603.134111,1219.427331,616.293220,102.181788,0.321978,7.094524,9.433683,7.592930,8.405015,8.131538,9.433683,38.101196000,127.261120000,38.101196000,127.261120000,38.101368000,127.261086000,38.101420975,127.261040976,38.101147000,127.261314000,38.101148484,127.261421674,38.101032000,127.261154000,38.100973023,127.261197543,38.101250000,127.260925000,38.101246309,127.260829167
576,576,826430756221,115.192,4.400000,38.099590000,127.259125000,750.000000,603.134111,1219.427331,616.293220,102.181788,0.321978,7.094524,9.433683,7.592930,8.405015,8.131538,9.433683,38.101196000,127.261120000,38.101196000,127.261120000,38.101368000,127.261086000,38.101420975,127.261040976,38.101147000,127.261314000,38.101148484,127.261421674,38.101032000,127.261154000,38.100973023,127.261197543,38.101250000,127.260925000,38.101246309,127.260829167
577,577,826430756427,115.398,4.400000,38.099730000,127.259060000,750.000000,695.315332,1424.752371,729.437039,104.907372,0.398935,8.419152,9.760992,7.905243,8.660280,8.686417,9.760992,38.101227000,127.262245000,38.101227000,127.262245000,38.101406000,127.262270000,38.101480773,127.262255569,38.101140000,127.262430000,38.101115167,127.262536865,38.101050000,127.262220000,38.100980915,127.262240891,38.101315000,127.262054000,38.101335864,127.261958760
578,578,826430756633,115.604,4.400000,38.099790000,127.259030000,750.000000,615.907191,1265.744688,649.837497,105.508997,0.420918,7.419767,9.699311,7.327967,9.271025,8.429517,9.699311,38.101370000,127.261450000,38.101370000,127.261450000,38.101543000,127.261440000,38.101598289,127.261392694,38.101303000,127.261640000,38.101297952,127.261750537,38.101200000,127.261470000,38.101138072,127.261498366,38.101437000,127.261260000,38.101438512,127.261154183
579,579,826430756822,115.793,4.400000,38.099790000,127.259030000,750.000000,615.907191,1265.744688,649.837497,105.508997,0.420918,7.419767,9.699311,7.327967,9.271025,8.429517,9.699311,38.101370000,127.261450000,38.101370000,127.261450000,38.101543000,127.261440000,38.101598289,127.261392694,38.101303000,127.261640000,38.101297952,127.261750537,38.101200000,127.261470000,38.101138072,127.261498366,38.101437000,127.261260000,38.101438512,127.261154183
580,580,826430757032,116.003,4.400000,38.099930000,127.258970000,750.000000,594.889409,1137.213099,542.323690,91.163783,0.146277,6.984875,7.484099,6.959819,7.196793,7.156397,7.484099,38.101765000,127.259150000,38.101765000,127.259150000,38.101870000,127.258980000,38.101900374,127.258910228,38.101830000,127.259340000,38.101865703,127.259412393,38.101660000,127.259315000,38.101632301,127.259386228,38.101704000,127.258960000,38.101669705,127.258890356
581,581,826430757224,116.195,4.400000,38.099930000,127.258970000,750.000000,594.889409,1137.213099,542.323690,91.163783,0.146277,6.984875,7.484099,6.959819,7.196793,7.156397,7.484099,38.101765000,127.259150000,38.101765000,127.259150000,38.101870000,127.258980000,38.101900374,127.258910228,38.101830000,127.259340000,38.101865703,127.259412393,38.101660000,127.259315000,38.101632301,127.259386228,38.101704000,127.258960000,38.101669705,127.258890356
582,582,826430757431,116.402,4.400000,38.100067000,127.258900000,750.000000,589.476245,1161.648662,572.172417,97.064542,0.144345,7.527308,7.244418,7.285365,7.439614,7.374176,7.527308,38.101900000,127.259650000,38.101900000,127.259650000,38.102030000,127.259520000,38.102074740,127.259455570,38.101925000,127.259860000,38.101950314,127.259936187,38.101770000,127.259780000,38.101724741,127.259840074,38.101875000,127.259445000,38.101849015,127.259366754
583,583,826430757619,116.590,4.400000,38.100067000,127.258900000,750.000000,589.476245,1161.648662,572.172417,97.064542,0.144345,7.527308,7.244418,7.285365,7.439614,7.374176,7.527308,38.101900000,127.259650000,38.101900000,127.259650000,38.102030000,127.259520000,38.102074740,127.259455570,38.101925000,127.259860000,38.101950314,127.259936187,38.101770000,127.259780000,38.101724741,127.259840074,38.101875000,127.259445000,38.101849015,127.259366754
584,584,826430757823,116.794,4.400000,38.100210000,127.258840000,750.000000,675.780316,1389.681233,713.900917,105.640975,0.085461,8.100534,9.063976,7.622691,8.748914,8.384029,9.063976,38.101513000,127.261930000,38.101513000,127.261930000,38.101690000,127.261960000,38.101762642,127.261954558,38.101418000,127.262110000,38.101390749,127.262207504,38.101337000,127.261900000,38.101268737,127.261906856,38.101610000,127.261750000,38.101630519,127.261653590
585,585,826430758026,116.997,4.400000,38.100210000,127.258840000,750.000000,675.780316,1389.681233,713.900917,105.640975,0.085461,8.100534,9.063976,7.622691,8.748914,8.384029,9.063976,38.101513000,127.261930000,38.101513000,127.261930000,38.101690000,127.261960000,38.101762642,127.261954558,38.101418000,127.262110000,38.101390749,127.262207504,38.101337000,127.261900000,38.101268737,127.261906856,38.101610000,127.261750000,38.101630519,127.261653590
586,586,826430758230,117.201,4.400000,38.100346000,127.258770000,750.000000,622.592316,1292.743078,670.150762,107.638778,0.346075,8.369063,8.622452,7.847401,7.525272,8.091047,8.622452,38.101890000,127.261120000,38.101890000,127.261120000,38.102066000,127.261110000,38.102140001,127.261093141,38.101826000,127.261314000,38.101815531,127.261411528,38.101723000,127.261140000,38.101653838,127.261157333,38.101960000,127.260930000,38.101972113,127.260845484
587,587,826430758432,117.403,4.400000,38.100414000,127.258740000,750.000000,594.799000,1156.835141,562.036142,94.491777,0.527241,6.907502,8.195207,7.403973,7.049100,7.388946,8.195207,38.102090000,127.260020000,38.102090000,127.260020000,38.102245000,127.259926000,38.102296342,127.259881716,38.102077000,127.260220000,38.102086791,127.260312723,38.101936000,127.260100000,38.101885517,127.260155029,38.102104000,127.259810000,38.102093686,127.259730604
588,588,826430758618,117.589,4.400000,38.100414000,127.258740000,750.000000,594.799000,1156.835141,562.036142,94.491777,0.527241,6.907502,8.195207,7.403973,7.049100,7.388946,8.195207,38.102090000,127.260020000,38.102090000,127.260020000,38.102245000,127.259926000,38.102296342,127.259881716,38.102077000,127.260220000,38.102086791,127.260312723,38.101936000,127.260100000,38.101885517,127.260155029,38.102104000,127.259810000,38.102093686,127.259730604
589,589,826430758852,117.823,4.400000,38.100555000,127.258680000,750.000000,638.617788,1162.830070,524.212282,82.085450,0.442926,6.726875,7.495047,6.736455,6.782941,6.935329,7.495047,38.102570000,127.258490000,38.102570000,127.258490000,38.102657000,127.258300000,38.102673488,127.258226121,38.102657000,127.258675000,38.102707433,127.258731686,38.102480000,127.258675000,38.102468573,127.258750518,38.102480000,127.258310000,38.102440416,127.258251133
590,590,826430759069,118.040,4.400000,38.100555000,127.258680000,750.000000,638.617788,1162.830070,524.212282,82.085450,0.442926,6.726875,7.495047,6.736455,6.782941,6.935329,7.495047,38.102570000,127.258490000,38.102570000,127.258490000,38.102657000,127.258300000,38.102673488,127.258226121,38.102657000,127.258675000,38.102707433,127.258731686,38.102480000,127.258675000,38.102468573,127.258750518,38.102480000,127.258310000,38.102440416,127.258251133
591,591,826430759234,118.205,4.400000,38.100693000,127.258610000,750.000000,618.240453,1222.690828,604.450376,97.769464,0.536688,7.027769,8.705517,7.951968,7.776148,7.865350,8.705517,38.102210000,127.260620000,38.102210000,127.260620000,38.102383000,127.260590000,38.102438285,127.260551264,38.102154000,127.260810000,38.102147746,127.260909061,38.102043000,127.260640000,38.101977965,127.260677553,38.102270000,127.260420000,38.102268110,127.260331262
592,592,826430759418,118.389,4.400000,38.100693000,127.258610000,750.000000,618.240453,1222.690828,604.450376,97.769464,0.536688,7.027769,8.705517,7.951968,7.776148,7.865350,8.705517,38.102210000,127.260620000,38.102210000,127.260620000,38.102383000,127.260590000,38.102438285,127.260551264,38.102154000,127.260810000,38.102147746,127.260909061,38.102043000,127.260640000,38.101977965,127.260677553,38.102270000,127.260420000,38.102268110,127.260331262
593,593,826430759631,118.602,4.400000,38.100834000,127.258550000,750.000000,719.860100,1375.388974,655.528874,91.063371,0.233639,7.626065,8.407110,7.454781,8.537818,8.006443,8.537818,38.102207000,127.261960000,38.102207000,127.261960000,38.102390000,127.262000000,38.102457440,127.261984699,38.102108000,127.262146000,38.102076467,127.262233207,38.102028000,127.261925000,38.101962036,127.261939679,38.102310000,127.261780000,38.102333273,127.261687130
594,594,826430759819,118.790,4.400000,38.100834000,127.258550000,750.000000,719.860100,1375.388974,655.528874,91.063371,0.233639,7.626065,8.407110,7.454781,8.537818,8.006443,8.537818,38.102207000,127.261960000,38.102207000,127.261960000,38.102390000,127.262000000,38.102457440,127.261984699,38.102108000,127.262146000,38.102076467,127.262233207,38.102028000,127.261925000,38.101962036,127.261939679,38.102310000,127.261780000,38.102333273,127.261687130
595,595,826430760024,118.995,4.400000,38.100975000,127.258484000,750.000000,590.079412,1151.322724,561.243312,95.113183,0.313984,7.374099,8.029505,7.866714,7.135228,7.601386,8.029505,38.102680000,127.259240000,38.102680000,127.259240000,38.102818000,127.259120000,38.102857252,127.259052189,38.102690000,127.259445000,38.102724280,127.259525650,38.102543000,127.259350000,38.102502274,127.259423392,38.102660000,127.259030000,38.102632475,127.258956439
596,596,826430760228,119.199,4.400000,38.101044000,127.258450000,750.000000,597.830094,1128.276470,530.446376,88.728617,0.529820,7.047324,7.661762,6.644221,7.068565,7.105468,7.661762,38.102882000,127.258030000,38.102882000,127.258030000,38.102950000,127.257835000,38.102963449,127.257756385,38.102978000,127.258200000,38.103034294,127.258250323,38.102810000,127.258224000,38.102804989,127.258299581,38.102783000,127.257866000,38.102736372,127.257811225
597,597,826430760429,119.400,4.400000,38.101044000,127.258450000,750.000000,597.830094,1128.276470,530.446376,88.728617,0.529820,7.047324,7.661762,6.644221,7.068565,7.105468,7.661762,38.102882000,127.258030000,38.102882000,127.258030000,38.102950000,127.257835000,38.102963449,127.257756385,38.102978000,127.258200000,38.103034294,127.258250323,38.102810000,127.258224000,38.102804989,127.258299581,38.102783000,127.257866000,38.102736372,127.257811225
598,598,826430760632,119.603,4.400000,38.101185000,127.258390000,750.000000,600.780531,1152.938060,552.157529,91.906695,0.132673,7.468109,7.137215,6.931152,7.794794,7.332818,7.794794,38.102802000,127.259840000,38.102802000,127.259840000,38.102962000,127.259770000,38.103017865,127.259722796,38.102776000,127.260050000,38.102781451,127.260131182,38.102642000,127.259910000,38.102592794,127.259958484,38.102833000,127.259640000,38.102822770,127.259551971
599,599,826430760817,119.788,4.400000,38.101185000,127.258390000,750.000000,600.780531,1152.938060,552.157529,91.906695,0.132673,7.468109,7.137215,6.931152,7.794794,7.332818,7.794794,38.102802000,127.259840000,38.102802000,127.259840000,38.102962000,127.259770000,38.103017865,127.259722796,38.102776000,127.260050000,38.102781451,127.260131182,38.102642000,127.259910000,38.102592794,127.259958484,38.102833000,127.259640000,38.102822770,127.259551971
600,600,826430761045,120.016,4.400000,38.101322000,127.258320000,750.000000,726.893635,1410.544983,683.651348,94.051085,0.482603,7.872716,8.810226,7.737483,8.362424,8.195712,8.810226,38.102420000,127.262050000,38.102420000,127.262050000,38.102600000,127.262110000,38.102670479,127.262117438,38.102303000,127.262215000,38.102264152,127.262302625,38.102245000,127.261980000,38.102175971,127.261990343,38.102535000,127.261880000,38.102571560,127.261796605
601,601,826430761224,120.195,4.400000,38.101322000,127.258320000,750.000000,726.893635,1410.544983,683.651348,94.051085,0.482603,7.872716,8.810226,7.737483,8.362424,8.195712,8.810226,38.102420000,127.262050000,38.102420000,127.262050000,38.102600000,127.262110000,38.102670479,127.262117438,38.102303000,127.262215000,38.102264152,127.262302625,38.102245000,127.261980000,38.102175971,127.261990343,38.102535000,127.261880000,38.102571560,127.261796605
602,602,826430761430,120.401,4.400000,38.101463000,127.258260000,750.000000,626.659424,1205.879434,579.220009,92.429793,0.309124,8.155739,8.014893,7.404772,7.895457,7.867715,8.155739,38.102940000,127.260350000,38.102940000,127.260350000,38.103110000,127.260340000,38.103175683,127.260298755,38.102870000,127.260544000,38.102870636,127.260635493,38.102768000,127.260360000,38.102712106,127.260405828,38.103010000,127.260160000,38.103009650,127.260069868
603,603,826430761622,120.593,4.400000,38.101463000,127.258260000,750.000000,626.659424,1205.879434,579.220009,92.429793,0.309124,8.155739,8.014893,7.404772,7.895457,7.867715,8.155739,38.102940000,127.260350000,38.102940000,127.260350000,38.103110000,127.260340000,38.103175683,127.260298755,38.102870000,127.260544000,38.102870636,127.260635493,38.102768000,127.260360000,38.102712106,127.260405828,38.103010000,127.260160000,38.103009650,127.260069868
604,604,826430761826,120.797,4.400000,38.101604000,127.258200000,750.000000,581.663686,1144.408447,562.744761,96.747446,0.364963,9.453025,10.707266,9.165528,9.727323,9.763286,10.707266,38.103330000,127.258080000,38.103330000,127.258080000,38.103447000,127.257930000,38.103439411,127.257822517,38.103374000,127.258280000,38.103464607,127.258321022,38.103214000,127.258230000,38.103226351,127.258333449,38.103287000,127.257880000,38.103204740,127.257842539
605,605,826430762028,120.999,4.400000,38.101734000,127.258150000,750.000000,592.242874,1141.015160,548.772287,92.660007,0.417923,9.752405,10.077908,8.986259,9.877344,9.673479,10.077908,38.103447000,127.258766000,38.103447000,127.258766000,38.103596000,127.258675000,38.103616744,127.258566834,38.103440000,127.258980000,38.103511903,127.259049905,38.103300000,127.258865000,38.103289315,127.258966684,38.103455000,127.258560000,38.103386550,127.258488252
606,606,826430762217,121.188,4.400000,38.101734000,127.258150000,750.000000,592.242874,1141.015160,548.772287,92.660007,0.417923,9.752405,10.077908,8.986259,9.877344,9.673479,10.077908,38.103447000,127.258766000,38.103447000,127.258766000,38.103596000,127.258675000,38.103616744,127.258566834,38.103440000,127.258980000,38.103511903,127.259049905,38.103300000,127.258865000,38.103289315,127.258966684,38.103455000,127.258560000,38.103386550,127.258488252
607,607,826430762423,121.394,4.400000,38.101803000,127.258120000,750.000000,648.023375,1307.036234,659.012858,101.695847,1.336935,9.582258,11.560530,8.656685,9.272161,9.767909,11.560530,38.104176000,127.258970000,38.104176000,127.258970000,38.104332000,127.258865000,38.104368503,127.258765932,38.104176000,127.259186000,38.104255249,127.259271291,38.104020000,127.259080000,38.104008309,127.259177702,38.104176000,127.258760000,38.104119758,127.258681923
608,608,826430762632,121.603,4.400000,38.101803000,127.258120000,750.000000,648.023375,1307.036234,659.012858,101.695847,1.336935,9.582258,11.560530,8.656685,9.272161,9.767909,11.560530,38.104176000,127.258970000,38.104176000,127.258970000,38.104332000,127.258865000,38.104368503,127.258765932,38.104176000,127.259186000,38.104255249,127.259271291,38.104020000,127.259080000,38.104008309,127.259177702,38.104176000,127.258760000,38.104119758,127.258681923
609,609,826430762822,121.793,4.400000,38.101944000,127.258060000,750.000000,743.908403,1881.323372,1137.414969,152.897180,1.264424,12.535410,11.535040,12.866452,12.723221,12.415031,12.866452,38.104954000,127.258300000,38.104954000,127.258300000,38.105103000,127.258156000,38.105153960,127.258028386,38.104990000,127.258520000,38.105076321,127.258592850,38.104805000,127.258446000,38.104725226,127.258552289,38.104916000,127.258080000,38.104814878,127.258012303
610,610,826430763029,122.000,4.400000,38.102085000,127.258000000,749.000000,770.599843,1502.481992,731.882149,94.975642,0.515981,11.494356,14.047099,11.644369,12.051283,12.309277,14.047099,38.105152000,127.257286000,38.105152000,127.257286000,38.105280000,127.257095000,38.105235351,127.256976681,38.105220000,127.257490000,38.105341324,127.257534093,38.105026000,127.257470000,38.105065611,127.257593034,38.105083000,127.257070000,38.104977245,127.257040585
611,611,826430763219,122.190,4.400000,38.102085000,127.258000000,749.000000,770.599843,1502.481992,731.882149,94.975642,0.515981,11.494356,14.047099,11.644369,12.051283,12.309277,14.047099,38.105152000,127.257286000,38.105152000,127.257286000,38.105280000,127.257095000,38.105235351,127.256976681,38.105220000,127.257490000,38.105341324,127.257534093,38.105026000,127.257470000,38.105065611,127.257593034,38.105083000,127.257070000,38.104977245,127.257040585
612,612,826430763422,122.393,4.400000,38.102158000,127.257980000,749.000000,779.994313,1501.379614,721.385301,92.485969,0.492929,13.015095,13.805449,11.695699,13.380244,12.974122,13.805449,38.105213000,127.257470000,38.105213000,127.257470000,38.105354000,127.257300000,38.105298830,127.257169000,38.105270000,127.257690000,38.105389940,127.257730077,38.105076000,127.257645000,38.105109879,127.257771388,38.105156000,127.257256000,38.105040020,127.257215893
613,613,826430763624,122.595,4.400000,38.102158000,127.257980000,749.000000,779.994313,1501.379614,721.385301,92.485969,0.492929,13.015095,13.805449,11.695699,13.380244,12.974122,13.805449,38.105213000,127.257470000,38.105213000,127.257470000,38.105354000,127.257300000,38.105298830,127.257169000,38.105270000,127.257690000,38.105389940,127.257730077,38.105076000,127.257645000,38.105109879,127.257771388,38.105156000,127.257256000,38.105040020,127.257215893
614,614,826430763828,122.799,4.400000,38.102300000,127.257930000,749.000000,723.627673,1475.611346,751.983673,103.918590,0.616879,10.368192,11.397386,9.318056,10.369001,10.363159,11.397386,38.104805000,127.259870000,38.104805000,127.259870000,38.104990000,127.259830000,38.105046645,127.259736042,38.104760000,127.260090000,38.104816047,127.260198887,38.104626000,127.259920000,38.104580315,127.260009136,38.104850000,127.259660000,38.104805158,127.259556246
615,615,826430764017,122.988,4.400000,38.102370000,127.257904000,749.000000,756.705151,1466.352201,709.647050,93.781184,0.931856,9.388791,9.772535,8.768647,8.733406,9.165845,9.772535,38.104630000,127.260800000,38.104630000,127.260800000,38.104820000,127.260796000,38.104892598,127.260741444,38.104553000,127.261010000,38.104571960,127.261118931,38.104440000,127.260800000,38.104380812,127.260866053,38.104702000,127.260600000,38.104698838,127.260500380
616,616,826430764232,123.203,4.400000,38.102370000,127.257904000,749.000000,756.705151,1466.352201,709.647050,93.781184,0.931856,9.388791,9.772535,8.768647,8.733406,9.165845,9.772535,38.104630000,127.260800000,38.104630000,127.260800000,38.104820000,127.260796000,38.104892598,127.260741444,38.104553000,127.261010000,38.104571960,127.261118931,38.104440000,127.260800000,38.104380812,127.260866053,38.104702000,127.260600000,38.104698838,127.260500380
617,617,826430764422,123.393,4.400000,38.102516000,127.257860000,749.000000,697.338102,1493.193918,795.855816,114.127683,1.208160,10.393709,12.347115,9.372228,10.756282,10.717334,12.347115,38.104874000,127.259995000,38.104874000,127.259995000,38.105057000,127.259964000,38.105129868,127.259889812,38.104813000,127.260200000,38.104866636,127.260323380,38.104690000,127.260025000,38.104644643,127.260115141,38.104935000,127.259790000,38.104889909,127.259681395
618,618,826430764638,123.609,4.400000,38.102516000,127.257860000,749.000000,697.338102,1493.193918,795.855816,114.127683,1.208160,10.393709,12.347115,9.372228,10.756282,10.717334,12.347115,38.104874000,127.259995000,38.104874000,127.259995000,38.105057000,127.259964000,38.105129868,127.259889812,38.104813000,127.260200000,38.104866636,127.260323380,38.104690000,127.260025000,38.104644643,127.260115141,38.104935000,127.259790000,38.104889909,127.259681395
619,619,826430764829,123.800,4.400000,38.102660000,127.257810000,749.000000,670.870022,1429.198634,758.328612,113.036592,1.203405,15.067354,15.355581,13.883410,16.827127,15.283368,16.827127,38.105274000,127.257820000,38.105274000,127.257820000,38.105434000,127.257706000,38.105389052,127.257543750,38.105274000,127.258040000,38.105403942,127.258098831,38.105114000,127.257935000,38.105129086,127.258092332,38.105274000,127.257610000,38.105131347,127.257546461
620,620,826430765030,124.001,4.400000,38.102660000,127.257810000,749.000000,670.870022,1429.198634,758.328612,113.036592,1.203405,15.067354,15.355581,13.883410,16.827127,15.283368,16.827127,38.105274000,127.257820000,38.105274000,127.257820000,38.105434000,127.257706000,38.105389052,127.257543750,38.105274000,127.258040000,38.105403942,127.258098831,38.105114000,127.257935000,38.105129086,127.258092332,38.105274000,127.257610000,38.105131347,127.257546461
621,621,826430765217,124.188,4.400000,38.102806000,127.257774000,749.000000,704.265658,1548.298488,844.032831,119.845803,0.111103,13.465327,15.937959,12.726201,12.929982,13.764867,15.937959,38.105440000,127.258766000,38.105440000,127.258766000,38.105618000,127.258700000,38.105635854,127.258547961,38.105400000,127.258980000,38.105515848,127.259086916,38.105260000,127.258830000,38.105220061,127.258966131,38.105473000,127.258550000,38.105382870,127.258456890
622,622,826430765432,124.403,4.400000,38.102806000,127.257774000,749.000000,704.265658,1548.298488,844.032831,119.845803,0.111103,13.465327,15.937959,12.726201,12.929982,13.764867,15.937959,38.105440000,127.258766000,38.105440000,127.258766000,38.105618000,127.258700000,38.105635854,127.258547961,38.105400000,127.258980000,38.105515848,127.259086916,38.105260000,127.258830000,38.105220061,127.258966131,38.105473000,127.258550000,38.105382870,127.258456890
623,623,826430765621,124.592,4.400000,38.102955000,127.257744000,749.000000,831.375575,1609.791083,778.415508,93.629826,0.231985,9.327312,10.000558,8.581337,9.917862,9.456767,10.000558,38.104940000,127.261510000,38.104940000,127.261510000,38.105137000,127.261560000,38.105213912,127.261517755,38.104836000,127.261710000,38.104836472,127.261824166,38.104748000,127.261470000,38.104679800,127.261515667,38.105045000,127.261320000,38.105043404,127.261206794
624,624,826430765825,124.796,4.400000,38.103100000,127.257710000,749.000000,709.444796,1570.058014,860.613218,121.307989,1.125339,12.253048,11.144401,11.033394,9.760170,11.047753,12.253048,38.105300000,127.260230000,38.105300000,127.260230000,38.105490000,127.260240000,38.105591241,127.260185104,38.105217000,127.260420000,38.105248083,127.260540939,38.105118000,127.260216000,38.105040068,127.260293827,38.105390000,127.260040000,38.105362922,127.259934023
625,625,826430766027,124.998,4.400000,38.103100000,127.257710000,749.000000,709.444796,1570.058014,860.613218,121.307989,1.125339,12.253048,11.144401,11.033394,9.760170,11.047753,12.253048,38.105300000,127.260230000,38.105300000,127.260230000,38.105490000,127.260240000,38.105591241,127.260185104,38.105217000,127.260420000,38.105248083,127.260540939,38.105118000,127.260216000,38.105040068,127.260293827,38.105390000,127.260040000,38.105362922,127.259934023
626,626,826430766229,125.200,4.400000,38.103176000,127.257700000,749.000000,684.714602,1535.953505,851.238903,124.320250,1.309391,13.201481,13.408963,13.738316,14.592771,13.735383,14.592771,38.105473000,127.259180000,38.105473000,127.259180000,38.105656000,127.259155000,38.105698151,127.259014130,38.105404000,127.259380000,38.105483295,127.259495232,38.105293000,127.259190000,38.105218389,127.259314932,38.105540000,127.258980000,38.105449001,127.258860084
627,627,826430766431,125.402,4.400000,38.103176000,127.257700000,749.000000,684.714602,1535.953505,851.238903,124.320250,1.309391,13.201481,13.408963,13.738316,14.592771,13.735383,14.592771,38.105473000,127.259180000,38.105473000,127.259180000,38.105656000,127.259155000,38.105698151,127.259014130,38.105404000,127.259380000,38.105483295,127.259495232,38.105293000,127.259190000,38.105218389,127.259314932,38.105540000,127.258980000,38.105449001,127.258860084
628,628,826430766631,125.602,4.400000,38.103320000,127.257680000,749.000000,688.658880,1299.882767,611.223887,88.755682,0.596661,9.768847,32.700133,11.357410,31.268843,21.273808,32.700133,38.105990000,127.258040000,38.105990000,127.258040000,38.106033000,127.257830000,38.106112522,127.257782839,38.106174000,127.257970000,38.106105977,127.258333168,38.105950000,127.258250000,38.105854596,127.258295949,38.105812000,127.258100000,38.105877992,127.257753017
629,629,826430766820,125.791,4.400000,38.103470000,127.257670000,749.000000,725.326577,1529.619601,804.293024,110.887020,0.208676,11.751527,10.522409,11.272530,9.475684,10.755537,11.751527,38.105564000,127.260540000,38.105564000,127.260540000,38.105750000,127.260570000,38.105842269,127.260504818,38.105460000,127.260710000,38.105476256,127.260828337,38.105377000,127.260500000,38.105287953,127.260561274,38.105667000,127.260350000,38.105646493,127.260245010
630,630,826430767024,125.995,4.400000,38.103470000,127.257670000,749.000000,725.326577,1529.619601,804.293024,110.887020,0.208676,11.751527,10.522409,11.272530,9.475684,10.755537,11.751527,38.105564000,127.260540000,38.105564000,127.260540000,38.105750000,127.260570000,38.105842269,127.260504818,38.105460000,127.260710000,38.105476256,127.260828337,38.105377000,127.260500000,38.105287953,127.260561274,38.105667000,127.260350000,38.105646493,127.260245010
631,631,826430767228,126.199,4.400000,38.103546000,127.257660000,749.000000,867.059835,1768.952570,901.892736,104.017358,0.293804,10.506726,10.547658,9.286765,10.954239,10.323847,10.954239,38.105330000,127.261700000,38.105330000,127.261700000,38.105526000,127.261790000,38.105617262,127.261759407,38.105210000,127.261890000,38.105207949,127.262010386,38.105140000,127.261630000,38.105059355,127.261657138,38.105453000,127.261530000,38.105452836,127.261404944
632,632,826430767417,126.388,4.400000,38.103546000,127.257660000,749.000000,867.059835,1768.952570,901.892736,104.017358,0.293804,10.506726,10.547658,9.286765,10.954239,10.323847,10.954239,38.105330000,127.261700000,38.105330000,127.261700000,38.105526000,127.261790000,38.105617262,127.261759407,38.105210000,127.261890000,38.105207949,127.262010386,38.105140000,127.261630000,38.105059355,127.261657138,38.105453000,127.261530000,38.105452836,127.261404944
633,633,826430767622,126.593,4.400000,38.103683000,127.257660000,749.000000,778.469498,1545.198965,766.729467,98.491909,1.344460,11.926599,8.848792,10.386392,7.598574,9.690089,11.926599,38.105556000,127.261185000,38.105556000,127.261185000,38.105747000,127.261250000,38.105853288,127.261232883,38.105440000,127.261360000,38.105437234,127.261460959,38.105370000,127.261116000,38.105284181,127.261162530,38.105675000,127.261020000,38.105689613,127.260935264
634,634,826430767824,126.795,4.400000,38.103683000,127.257660000,749.000000,778.469498,1545.198965,766.729467,98.491909,1.344460,11.926599,8.848792,10.386392,7.598574,9.690089,11.926599,38.105556000,127.261185000,38.105556000,127.261185000,38.105747000,127.261250000,38.105853288,127.261232883,38.105440000,127.261360000,38.105437234,127.261460959,38.105370000,127.261116000,38.105284181,127.261162530,38.105675000,127.261020000,38.105689613,127.260935264
635,635,826430768029,127.000,4.400000,38.103832000,127.257660000,748.000000,647.460915,1331.972016,684.511102,105.722382,0.325741,10.797195,31.212550,11.359886,30.487814,20.964361,31.212550,38.106026000,127.258820000,38.106026000,127.258820000,38.106117000,127.258640000,38.106213381,127.258626178,38.106210000,127.258830000,38.106071113,127.259139546,38.105938000,127.258995000,38.105836799,127.259011672,38.105846000,127.258810000,38.105980516,127.258506816
636,636,826430768229,127.200,4.400000,38.103980000,127.257670000,748.000000,685.609990,1436.361666,750.751676,109.501274,0.465446,13.705023,33.161736,14.232138,32.861521,23.490105,33.161736,38.106174000,127.259530000,38.106174000,127.259530000,38.106280000,127.259360000,38.106400946,127.259389236,38.106360000,127.259570000,38.106168048,127.259859514,38.106070000,127.259705000,38.105945998,127.259665438,38.105995000,127.259500000,38.106178170,127.259205797
637,637,826430768424,127.395,4.400000,38.103980000,127.257670000,748.000000,685.609990,1436.361666,750.751676,109.501274,0.465446,13.705023,33.161736,14.232138,32.861521,23.490105,33.161736,38.106174000,127.259530000,38.106174000,127.259530000,38.106280000,127.259360000,38.106400946,127.259389236,38.106360000,127.259570000,38.106168048,127.259859514,38.106070000,127.259705000,38.105945998,127.259665438,38.105995000,127.259500000,38.106178170,127.259205797
638,638,826430768631,127.602,4.400000,38.104053000,127.257675000,748.000000,756.038135,1513.215925,757.177789,100.150740,0.193295,12.368032,11.496951,12.722117,11.493767,12.020217,12.722117,38.105953000,127.260730000,38.105953000,127.260730000,38.106140000,127.260800000,38.106231067,127.260719114,38.105827000,127.260890000,38.105851487,127.261017510,38.105774000,127.260650000,38.105683740,127.260739088,38.106080000,127.260570000,38.106053880,127.260443052
639,639,826430768820,127.791,4.400000,38.104053000,127.257675000,748.000000,756.038135,1513.215925,757.177789,100.150740,0.193295,12.368032,11.496951,12.722117,11.493767,12.020217,12.722117,38.105953000,127.260730000,38.105953000,127.260730000,38.106140000,127.260800000,38.106231067,127.260719114,38.105827000,127.260890000,38.105851487,127.261017510,38.105774000,127.260650000,38.105683740,127.260739088,38.106080000,127.260570000,38.106053880,127.260443052
640,640,826430769023,127.994,4.400000,38.104202000,127.257700000,748.000000,942.732135,1761.749506,819.017371,86.876997,0.716014,11.071523,11.515244,10.543899,12.257616,11.347071,12.257616,38.105740000,127.262410000,38.105740000,127.262410000,38.105930000,127.262540000,38.106013737,127.262471800,38.105590000,127.262566000,38.105580277,127.262696879,38.105553000,127.262280000,38.105465802,127.262327002,38.105890000,127.262260000,38.105893309,127.262120127
641,641,826430769227,128.198,4.400000,38.104202000,127.257700000,748.000000,942.732135,1761.749506,819.017371,86.876997,0.716014,11.071523,11.515244,10.543899,12.257616,11.347071,12.257616,38.105740000,127.262410000,38.105740000,127.262410000,38.105930000,127.262540000,38.106013737,127.262471800,38.105590000,127.262566000,38.105580277,127.262696879,38.105553000,127.262280000,38.105465802,127.262327002,38.105890000,127.262260000,38.105893309,127.262120127
642,642,826430769431,128.402,4.400000,38.104350000,127.257730000,748.000000,685.682972,1418.453742,732.770770,106.867284,0.551101,15.922397,34.603756,16.700674,33.670463,25.224322,34.603756,38.106190000,127.260240000,38.106190000,127.260240000,38.106323000,127.260100000,38.106449524,127.260184778,38.106370000,127.260320000,38.106108303,127.260533197,38.106060000,127.260380000,38.105930438,127.260283875,38.106018000,127.260160000,38.106267315,127.259942360
643,643,826430769624,128.595,4.400000,38.104496000,127.257770000,748.000000,654.913939,1246.130259,591.216320,90.273895,0.859346,5.785848,29.299304,7.801195,27.884356,17.692676,29.299304,38.106743000,127.259140000,38.106743000,127.259140000,38.106865000,127.258980000,38.106909799,127.258946510,38.106926000,127.259186000,38.106782363,127.259466292,38.106625000,127.259290000,38.106561978,127.259328950,38.106567000,127.259090000,38.106700930,127.258820984
644,644,826430769831,128.802,4.400000,38.104496000,127.257770000,748.000000,654.913939,1246.130259,591.216320,90.273895,0.859346,5.785848,29.299304,7.801195,27.884356,17.692676,29.299304,38.106743000,127.259140000,38.106743000,127.259140000,38.106865000,127.258980000,38.106909799,127.258946510,38.106926000,127.259186000,38.106782363,127.259466292,38.106625000,127.259290000,38.106561978,127.259328950,38.106567000,127.259090000,38.106700930,127.258820984
645,645,826430770029,129.000,4.400000,38.104570000,127.257790000,748.000000,703.767800,1429.995924,726.228124,103.191440,0.435040,13.996671,32.999766,14.283319,33.124530,23.601071,33.124530,38.106510000,127.260230000,38.106510000,127.260230000,38.106644000,127.260090000,38.106759964,127.260151759,38.106686000,127.260320000,38.106445810,127.260540804,38.106373000,127.260370000,38.106257920,127.260297887,38.106335000,127.260150000,38.106571241,127.259920070
646,646,826430770229,129.200,4.400000,38.104570000,127.257790000,748.000000,703.767800,1429.995924,726.228124,103.191440,0.435040,13.996671,32.999766,14.283319,33.124530,23.601071,33.124530,38.106510000,127.260230000,38.106510000,127.260230000,38.106644000,127.260090000,38.106759964,127.260151759,38.106686000,127.260320000,38.106445810,127.260540804,38.106373000,127.260370000,38.106257920,127.260297887,38.106335000,127.260150000,38.106571241,127.259920070
647,647,826430770432,129.403,4.400000,38.104713000,127.257840000,747.000000,921.266499,1674.430627,753.164129,81.753122,0.201388,12.582801,14.296444,12.282245,12.833450,12.998735,14.296444,38.106040000,127.262580000,38.106040000,127.262580000,38.106220000,127.262750000,38.106309532,127.262662316,38.105877000,127.262700000,38.105872629,127.262863118,38.105870000,127.262430000,38.105778395,127.262508155,38.106205000,127.262460000,38.106206841,127.262313508
648,648,826430770645,129.616,4.400000,38.104713000,127.257840000,747.000000,921.266499,1674.430627,753.164129,81.753122,0.201388,12.582801,14.296444,12.282245,12.833450,12.998735,14.296444,38.106040000,127.262580000,38.106040000,127.262580000,38.106220000,127.262750000,38.106309532,127.262662316,38.105877000,127.262700000,38.105872629,127.262863118,38.105870000,127.262430000,38.105778395,127.262508155,38.106205000,127.262460000,38.106206841,127.262313508
649,649,826430770827,129.798,4.400000,38.104855000,127.257910000,747.000000,734.946152,1445.179298,710.233146,96.637440,0.396659,16.105697,35.198896,16.465182,34.133576,25.475838,35.198896,38.106510000,127.261185000,38.106510000,127.261185000,38.106663000,127.261070000,38.106775050,127.261186319,38.106680000,127.261310000,38.106385912,127.261457622,38.106360000,127.261290000,38.106245314,127.261171297,38.106346000,127.261055000,38.106628984,127.260904950
650,650,826430771031,130.002,4.400000,38.104992000,127.257980000,747.000000,626.292791,1201.785577,575.492785,91.888777,0.268752,6.414690,24.123102,6.433112,24.146274,15.279294,24.146274,38.107033000,127.259125000,38.107033000,127.259125000,38.107174000,127.259000000,38.107205457,127.258938641,38.107200000,127.259210000,38.107084560,127.259443071,38.106895000,127.259254000,38.106866598,127.259317961,38.106870000,127.259050000,38.106990568,127.258820843
651,651,826430771218,130.189,4.400000,38.104992000,127.257980000,747.000000,626.292791,1201.785577,575.492785,91.888777,0.268752,6.414690,24.123102,6.433112,24.146274,15.279294,24.146274,38.107033000,127.259125000,38.107033000,127.259125000,38.107174000,127.259000000,38.107205457,127.258938641,38.107200000,127.259210000,38.107084560,127.259443071,38.106895000,127.259254000,38.106866598,127.259317961,38.106870000,127.259050000,38.106990568,127.258820843
652,652,826430771421,130.392,4.400000,38.105060000,127.258020000,747.000000,652.815394,1365.674997,712.859603,109.197732,0.233851,9.639802,29.871632,9.534122,29.260421,19.576494,29.871632,38.106980000,127.260216000,38.106980000,127.260216000,38.107124000,127.260100000,38.107210137,127.260111308,38.107143000,127.260320000,38.106932906,127.260532154,38.106830000,127.260320000,38.106744593,127.260311859,38.106815000,127.260110000,38.107015960,127.259894680
653,653,826430771631,130.602,4.400000,38.105060000,127.258020000,747.000000,652.815394,1365.674997,712.859603,109.197732,0.233851,9.639802,29.871632,9.534122,29.260421,19.576494,29.871632,38.106980000,127.260216000,38.106980000,127.260216000,38.107124000,127.260100000,38.107210137,127.260111308,38.107143000,127.260320000,38.106932906,127.260532154,38.106830000,127.260320000,38.106744593,127.260311859,38.106815000,127.260110000,38.107015960,127.259894680
654,654,826430771821,130.792,4.400000,38.105194000,127.258100000,747.000000,867.241025,1562.057638,694.816612,80.118052,0.830382,13.676418,14.347705,14.653778,12.671075,13.837244,14.653778,38.106495000,127.262530000,38.106495000,127.262530000,38.106660000,127.262700000,38.106765768,127.262620562,38.106327000,127.262620000,38.106327435,127.262783798,38.106340000,127.262350000,38.106233342,127.262448049,38.106667000,127.262436000,38.106664865,127.262291368
655,655,826430772027,130.998,4.400000,38.105194000,127.258100000,747.000000,867.241025,1562.057638,694.816612,80.118052,0.830382,13.676418,14.347705,14.653778,12.671075,13.837244,14.653778,38.106495000,127.262530000,38.106495000,127.262530000,38.106660000,127.262700000,38.106765768,127.262620562,38.106327000,127.262620000,38.106327435,127.262783798,38.106340000,127.262350000,38.106233342,127.262448049,38.106667000,127.262436000,38.106664865,127.262291368
656,656,826430772218,131.189,4.400000,38.105324000,127.258194000,746.000000,849.619079,1531.912389,682.293309,80.305790,0.797659,14.667790,14.733433,15.206489,14.594624,14.800584,15.206489,38.106680000,127.262436000,38.106680000,127.262436000,38.106846000,127.262610000,38.106944048,127.262498134,38.106514000,127.262520000,38.106517838,127.262688132,38.106530000,127.262260000,38.106416439,127.262356486,38.106853000,127.262344000,38.106837825,127.262178502
657,657,826430772426,131.397,4.400000,38.105450000,127.258300000,746.000000,652.911678,1316.737084,663.825406,101.671547,0.226008,9.353807,27.943131,8.824917,26.987871,18.277432,27.943131,38.107117000,127.260350000,38.107117000,127.260350000,38.107270000,127.260260000,38.107353866,127.260266608,38.107270000,127.260480000,38.107060013,127.260654786,38.106964000,127.260440000,38.106884814,127.260435225,38.106968000,127.260220000,38.107165387,127.260041109
658,658,826430772632,131.603,4.400000,38.105450000,127.258300000,746.000000,652.911678,1316.737084,663.825406,101.671547,0.226008,9.353807,27.943131,8.824917,26.987871,18.277432,27.943131,38.107117000,127.260350000,38.107117000,127.260350000,38.107270000,127.260260000,38.107353866,127.260266608,38.107270000,127.260480000,38.107060013,127.260654786,38.106964000,127.260440000,38.106884814,127.260435225,38.106968000,127.260220000,38.107165387,127.260041109
659,659,826430772823,131.794,4.400000,38.105510000,127.258354000,746.000000,642.611846,1284.508830,641.896984,99.888757,0.603069,6.476680,23.731026,7.610937,22.510722,15.082341,23.731026,38.107460000,127.259660000,38.107460000,127.259660000,38.107613000,127.259550000,38.107646278,127.259489348,38.107620000,127.259766000,38.107491134,127.259981822,38.107310000,127.259760000,38.107263853,127.259824112,38.107304000,127.259550000,38.107428617,127.259347605
660,660,826430773030,132.001,4.400000,38.105510000,127.258354000,746.000000,642.611846,1284.508830,641.896984,99.888757,0.603069,6.476680,23.731026,7.610937,22.510722,15.082341,23.731026,38.107460000,127.259660000,38.107460000,127.259660000,38.107613000,127.259550000,38.107646278,127.259489348,38.107620000,127.259766000,38.107491134,127.259981822,38.107310000,127.259760000,38.107263853,127.259824112,38.107304000,127.259550000,38.107428617,127.259347605
661,661,826430773218,132.189,4.400000,38.105620000,127.258450000,746.000000,695.649092,1331.001208,635.352116,91.332271,0.084613,11.669093,32.029630,10.977792,31.829305,21.626455,32.029630,38.107140000,127.261450000,38.107140000,127.261450000,38.107304000,127.261375000,38.107394028,127.261443241,38.107296000,127.261604000,38.107027242,127.261734572,38.106980000,127.261530000,38.106894643,127.261467234,38.106990000,127.261310000,38.107256056,127.261176897
662,662,826430773431,132.402,4.400000,38.105620000,127.258450000,746.000000,695.649092,1331.001208,635.352116,91.332271,0.084613,11.669093,32.029630,10.977792,31.829305,21.626455,32.029630,38.107140000,127.261450000,38.107140000,127.261450000,38.107304000,127.261375000,38.107394028,127.261443241,38.107296000,127.261604000,38.107027242,127.261734572,38.106980000,127.261530000,38.106894643,127.261467234,38.106990000,127.261310000,38.107256056,127.261176897
663,663,826430773636,132.607,4.400000,38.105736000,127.258575000,746.000000,1029.883296,2385.572400,1355.689104,131.635216,0.388796,15.354844,15.829621,13.286017,19.667688,16.034542,19.667688,38.106636000,127.263855000,38.106636000,127.263855000,38.106792000,127.264084000,38.106928948,127.264104937,38.106450000,127.263930000,38.106434677,127.264109665,38.106483000,127.263630000,38.106363830,127.263638339,38.106820000,127.263790000,38.106824323,127.263565533
664,664,826430773822,132.793,4.400000,38.105736000,127.258575000,746.000000,1029.883296,2385.572400,1355.689104,131.635216,0.388796,15.354844,15.829621,13.286017,19.667688,16.034542,19.667688,38.106636000,127.263855000,38.106636000,127.263855000,38.106792000,127.264084000,38.106928948,127.264104937,38.106450000,127.263930000,38.106434677,127.264109665,38.106483000,127.263630000,38.106363830,127.263638339,38.106820000,127.263790000,38.106824323,127.263565533
665,665,826430774026,132.997,4.400000,38.105850000,127.258705000,746.000000,726.548442,1297.266192,570.717750,78.551920,0.359160,12.071363,33.138060,11.696256,31.870862,22.194135,33.138060,38.107224000,127.262024000,38.107224000,127.262024000,38.107388000,127.261950000,38.107472469,127.262036420,38.107376000,127.262184000,38.107089074,127.262284790,38.107060000,127.262090000,38.106977073,127.262008004,38.107080000,127.261856000,38.107356797,127.261763030
666,666,826430774232,133.203,4.400000,38.105850000,127.258705000,746.000000,726.548442,1297.266192,570.717750,78.551920,0.359160,12.071363,33.138060,11.696256,31.870862,22.194135,33.138060,38.107224000,127.262024000,38.107224000,127.262024000,38.107388000,127.261950000,38.107472469,127.262036420,38.107376000,127.262184000,38.107089074,127.262284790,38.107060000,127.262090000,38.106977073,127.262008004,38.107080000,127.261856000,38.107356797,127.261763030
667,667,826430774423,133.394,4.400000,38.105957000,127.258835000,746.000000,614.351837,1216.256042,601.904205,97.973860,0.739553,6.943042,23.072098,8.194865,21.976265,15.046567,23.072098,38.107746000,127.260040000,38.107746000,127.260040000,38.107900000,127.259940000,38.107923999,127.259866837,38.107900000,127.260150000,38.107770830,127.260355993,38.107597000,127.260130000,38.107554192,127.260206113,38.107594000,127.259926000,38.107717531,127.259730295
668,668,826430774630,133.601,4.400000,38.106007000,127.258900000,746.000000,645.759606,1262.577501,616.817895,95.518191,0.892666,9.077072,28.897660,10.280189,28.029401,19.071081,28.897660,38.107655000,127.261070000,38.107655000,127.261070000,38.107810000,127.260980000,38.107890925,127.260992714,38.107807000,127.261200000,38.107577096,127.261353204,38.107502000,127.261154000,38.107411377,127.261131421,38.107506000,127.260940000,38.107720194,127.260771781
669,669,826430774821,133.792,4.400000,38.106007000,127.258900000,746.000000,645.759606,1262.577501,616.817895,95.518191,0.892666,9.077072,28.897660,10.280189,28.029401,19.071081,28.897660,38.107655000,127.261070000,38.107655000,127.261070000,38.107810000,127.260980000,38.107890925,127.260992714,38.107807000,127.261200000,38.107577096,127.261353204,38.107502000,127.261154000,38.107411377,127.261131421,38.107506000,127.260940000,38.107720194,127.260771781
670,670,826430775027,133.998,4.400000,38.106110000,127.259040000,746.000000,844.026285,1813.551678,969.525394,114.869100,1.577343,23.545694,35.624717,17.514490,35.155989,27.960223,35.624717,38.107162000,127.263250000,38.107162000,127.263250000,38.107338000,127.263180000,38.107441808,127.263414209,38.107310000,127.263450000,38.106995952,127.263528218,38.106990000,127.263320000,38.106907905,127.263149424,38.107018000,127.263070000,38.107328456,127.262996400
671,671,826430775218,134.189,4.400000,38.106110000,127.259040000,746.000000,844.026285,1813.551678,969.525394,114.869100,1.577343,23.545694,35.624717,17.514490,35.155989,27.960223,35.624717,38.107162000,127.263250000,38.107162000,127.263250000,38.107338000,127.263180000,38.107441808,127.263414209,38.107310000,127.263450000,38.106995952,127.263528218,38.106990000,127.263320000,38.106907905,127.263149424,38.107018000,127.263070000,38.107328456,127.262996400
672,672,826430775425,134.396,4.400000,38.106210000,127.259186000,746.000000,837.100743,1925.906061,1088.805317,130.068612,1.478418,25.761970,36.294398,20.408852,35.200394,29.416404,36.294398,38.107380000,127.263336000,38.107380000,127.263336000,38.107550000,127.263260000,38.107673354,127.263508849,38.107536000,127.263520000,38.107217459,127.263608348,38.107210000,127.263410000,38.107113585,127.263211823,38.107230000,127.263150000,38.107540515,127.263074070
673,673,826430775631,134.602,4.400000,38.106210000,127.259186000,746.000000,837.100743,1925.906061,1088.805317,130.068612,1.478418,25.761970,36.294398,20.408852,35.200394,29.416404,36.294398,38.107380000,127.263336000,38.107380000,127.263336000,38.107550000,127.263260000,38.107673354,127.263508849,38.107536000,127.263520000,38.107217459,127.263608348,38.107210000,127.263410000,38.107113585,127.263211823,38.107230000,127.263150000,38.107540515,127.263074070
674,674,826430775836,134.807,4.400000,38.106300000,127.259330000,747.000000,613.267395,1203.556290,590.288896,96.253103,0.482017,7.824662,24.922896,7.204657,24.798314,16.187632,24.922896,38.107998000,127.260680000,38.107998000,127.260680000,38.108143000,127.260580000,38.108203170,127.260533821,38.108154000,127.260790000,38.107990747,127.260984715,38.107853000,127.260790000,38.107795485,127.260827719,38.107845000,127.260580000,38.107997858,127.260374054
675,675,826430776069,135.040,4.400000,38.106390000,127.259476000,747.000000,651.704777,1255.183320,603.478544,92.599988,0.754380,13.680567,30.482593,11.036788,30.609711,21.452415,30.609711,38.107964000,127.261770000,38.107964000,127.261770000,38.108116000,127.261670000,38.108224916,127.261742346,38.108124000,127.261894000,38.107875801,127.262041006,38.107815000,127.261860000,38.107722653,127.261814147,38.107807000,127.261650000,38.108056317,127.261502608
676,676,826430776220,135.191,4.400000,38.106390000,127.259476000,747.000000,651.704777,1255.183320,603.478544,92.599988,0.754380,13.680567,30.482593,11.036788,30.609711,21.452415,30.609711,38.107964000,127.261770000,38.107964000,127.261770000,38.108116000,127.261670000,38.108224916,127.261742346,38.108124000,127.261894000,38.107875801,127.262041006,38.107815000,127.261860000,38.107722653,127.261814147,38.107807000,127.261650000,38.108056317,127.261502608
677,677,826430776426,135.397,4.400000,38.106390000,127.259476000,747.000000,651.704777,1255.183320,603.478544,92.599988,0.754380,13.680567,30.482593,11.036788,30.609711,21.452415,30.609711,38.107964000,127.261770000,38.107964000,127.261770000,38.108116000,127.261670000,38.108224916,127.261742346,38.108124000,127.261894000,38.107875801,127.262041006,38.107815000,127.261860000,38.107722653,127.261814147,38.107807000,127.261650000,38.108056317,127.261502608
678,678,826430776632,135.603,4.400000,38.106476000,127.259630000,747.000000,906.087205,1945.190395,1039.103190,114.680263,0.703708,14.020958,17.043505,13.286581,15.597436,14.987120,17.043505,38.107380000,127.264310000,38.107380000,127.264310000,38.107536000,127.264510000,38.107649542,127.264440715,38.107204000,127.264390000,38.107188598,127.264583590,38.107230000,127.264120000,38.107111886,127.264141817,38.107555000,127.264230000,38.107568615,127.264052774
679,679,826430776824,135.795,4.400000,38.106560000,127.259790000,747.000000,751.093796,1809.428875,1058.335078,140.905847,0.373355,19.682346,34.996277,19.567218,33.485849,26.932923,34.996277,38.107910000,127.263100000,38.107910000,127.263100000,38.108070000,127.263000000,38.108187598,127.263167797,38.108074000,127.263245000,38.107787641,127.263409879,38.107754000,127.263200000,38.107641678,127.263028167,38.107754000,127.262960000,38.108023580,127.262790383
680,680,826430777031,136.002,4.400000,38.106560000,127.259790000,747.000000,751.093796,1809.428875,1058.335078,140.905847,0.373355,19.682346,34.996277,19.567218,33.485849,26.932923,34.996277,38.107910000,127.263100000,38.107910000,127.263100000,38.108070000,127.263000000,38.108187598,127.263167797,38.108074000,127.263245000,38.107787641,127.263409879,38.107754000,127.263200000,38.107641678,127.263028167,38.107754000,127.262960000,38.108023580,127.262790383
681,681,826430777221,136.192,4.400000,38.106600000,127.259865000,747.000000,651.137492,1308.278881,657.141390,100.922063,0.971594,15.829847,30.866934,13.196555,31.515800,22.852284,31.515800,38.108160000,127.262030000,38.108160000,127.262030000,38.108303000,127.261920000,38.108428107,127.262005911,38.108326000,127.262140000,38.108083852,127.262311687,38.108020000,127.262146000,38.107916400,127.262072767,38.107998000,127.261930000,38.108249825,127.261765585
682,682,826430777428,136.399,4.400000,38.106600000,127.259865000,747.000000,651.137492,1308.278881,657.141390,100.922063,0.971594,15.829847,30.866934,13.196555,31.515800,22.852284,31.515800,38.108160000,127.262030000,38.108160000,127.262030000,38.108303000,127.261920000,38.108428107,127.262005911,38.108326000,127.262140000,38.108083852,127.262311687,38.108020000,127.262146000,38.107916400,127.262072767,38.107998000,127.261930000,38.108249825,127.261765585
683,683,826430777619,136.590,4.400000,38.106680000,127.260025000,747.000000,637.055136,1382.232984,745.177848,116.972269,1.097819,15.244103,31.510096,15.886416,30.342103,23.245679,31.510096,38.108440000,127.261734000,38.108440000,127.261734000,38.108562000,127.261590000,38.108693353,127.261639204,38.108616000,127.261800000,38.108391979,127.262019896,38.108322000,127.261880000,38.108188502,127.261815891,38.108273000,127.261670000,38.108470242,127.261430919
684,684,826430777828,136.799,4.400000,38.106680000,127.260025000,747.000000,637.055136,1382.232984,745.177848,116.972269,1.097819,15.244103,31.510096,15.886416,30.342103,23.245679,31.510096,38.108440000,127.261734000,38.108440000,127.261734000,38.108562000,127.261590000,38.108693353,127.261639204,38.108616000,127.261800000,38.108391979,127.262019896,38.108322000,127.261880000,38.108188502,127.261815891,38.108273000,127.261670000,38.108470242,127.261430919
685,685,826430778017,136.988,4.400000,38.106760000,127.260185000,748.000000,782.675914,1653.037571,870.361657,111.203327,0.825892,13.585681,15.315848,12.749218,15.150228,14.200244,15.315848,38.107937000,127.263900000,38.107937000,127.263900000,38.108100000,127.264046000,38.108197308,127.263952390,38.107780000,127.264010000,38.107782440,127.264184828,38.107777000,127.263756000,38.107671487,127.263812604,38.108093000,127.263794000,38.108087735,127.263621165
686,686,826430778222,137.193,4.400000,38.106830000,127.260345000,748.000000,841.773411,1439.866066,598.092655,71.051502,0.332971,13.517432,14.267720,13.364626,12.265449,13.353807,14.267720,38.108047000,127.264380000,38.108047000,127.264380000,38.108220000,127.264530000,38.108300090,127.264414003,38.107890000,127.264500000,38.107887058,127.264662846,38.107880000,127.264240000,38.107795141,127.264347932,38.108204000,127.264260000,38.108209403,127.264120138
687,687,826430778429,137.400,4.400000,38.106830000,127.260345000,748.000000,841.773411,1439.866066,598.092655,71.051502,0.332971,13.517432,14.267720,13.364626,12.265449,13.353807,14.267720,38.108047000,127.264380000,38.108047000,127.264380000,38.108220000,127.264530000,38.108300090,127.264414003,38.107890000,127.264500000,38.107887058,127.264662846,38.107880000,127.264240000,38.107795141,127.264347932,38.108204000,127.264260000,38.108209403,127.264120138
688,688,826430778619,137.590,4.400000,38.106870000,127.260430000,748.000000,699.455315,1545.979565,846.524250,121.026209,1.519655,12.957723,14.517668,12.662730,17.231395,14.342379,17.231395,38.108310000,127.263275000,38.108310000,127.263275000,38.108486000,127.263374000,38.108564416,127.263264672,38.108177000,127.263410000,38.108200532,127.263573023,38.108143000,127.263180000,38.108049984,127.263263215,38.108448000,127.263145000,38.108401962,127.262957177
689,689,826430778826,137.797,4.400000,38.106870000,127.260430000,748.000000,699.455315,1545.979565,846.524250,121.026209,1.519655,12.957723,14.517668,12.662730,17.231395,14.342379,17.231395,38.108310000,127.263275000,38.108310000,127.263275000,38.108486000,127.263374000,38.108564416,127.263264672,38.108177000,127.263410000,38.108200532,127.263573023,38.108143000,127.263180000,38.108049984,127.263263215,38.108448000,127.263145000,38.108401962,127.262957177
690,690,826430779032,138.003,4.400000,38.106934000,127.260580000,748.000000,614.986963,1333.571381,718.584418,116.845472,0.382730,12.394349,13.583517,12.886083,13.927543,13.197873,13.927543,38.108746000,127.261500000,38.108746000,127.261500000,38.108917000,127.261450000,38.108941926,127.261312089,38.108700000,127.261696000,38.108785131,127.261807103,38.108578000,127.261540000,38.108549263,127.261682512,38.108790000,127.261300000,38.108697032,127.261193590
691,691,826430779222,138.193,4.400000,38.106934000,127.260580000,748.000000,614.986963,1333.571381,718.584418,116.845472,0.382730,12.394349,13.583517,12.886083,13.927543,13.197873,13.927543,38.108746000,127.261500000,38.108746000,127.261500000,38.108917000,127.261450000,38.108941926,127.261312089,38.108700000,127.261696000,38.108785131,127.261807103,38.108578000,127.261540000,38.108549263,127.261682512,38.108790000,127.261300000,38.108697032,127.261193590
692,692,826430779430,138.401,4.400000,38.107002000,127.260740000,748.000000,683.515253,1415.305831,731.790578,107.062801,0.582442,11.949317,13.930069,11.250548,14.050687,12.795155,14.050687,38.108597000,127.263145000,38.108597000,127.263145000,38.108780000,127.263200000,38.108836671,127.263084139,38.108490000,127.263310000,38.108524809,127.263462759,38.108420000,127.263100000,38.108354267,127.263197565,38.108704000,127.262980000,38.108662046,127.262828708
693,693,826430779621,138.592,4.400000,38.107002000,127.260740000,748.000000,683.515253,1415.305831,731.790578,107.062801,0.582442,11.949317,13.930069,11.250548,14.050687,12.795155,14.050687,38.108597000,127.263145000,38.108597000,127.263145000,38.108780000,127.263200000,38.108836671,127.263084139,38.108490000,127.263310000,38.108524809,127.263462759,38.108420000,127.263100000,38.108354267,127.263197565,38.108704000,127.262980000,38.108662046,127.262828708
694,694,826430779823,138.794,4.400000,38.107070000,127.260910000,748.000000,897.229814,1695.280289,798.050475,88.946050,0.338121,11.162371,15.173518,11.490552,14.500212,13.081663,15.173518,38.108080000,127.265320000,38.108080000,127.265320000,38.108257000,127.265460000,38.108331511,127.265374719,38.107930000,127.265465000,38.107908322,127.265636026,38.107906000,127.265180000,38.107829157,127.265267589,38.108230000,127.265180000,38.108243999,127.265015415
695,695,826430780027,138.998,4.400000,38.107070000,127.260910000,748.000000,897.229814,1695.280289,798.050475,88.946050,0.338121,11.162371,15.173518,11.490552,14.500212,13.081663,15.173518,38.108080000,127.265320000,38.108080000,127.265320000,38.108257000,127.265460000,38.108331511,127.265374719,38.107930000,127.265465000,38.107908322,127.265636026,38.107906000,127.265180000,38.107829157,127.265267589,38.108230000,127.265180000,38.108243999,127.265015415
696,696,826430780218,139.189,4.400000,38.107136000,127.261080000,749.000000,735.778100,1312.052813,576.274713,78.321808,0.349244,9.584687,8.980502,10.115934,8.704071,9.346299,10.115934,38.108620000,127.263980000,38.108620000,127.263980000,38.108803000,127.264030000,38.108872268,127.263965006,38.108513000,127.264150000,38.108500133,127.264251215,38.108440000,127.263920000,38.108370697,127.263994703,38.108730000,127.263800000,38.108734381,127.263700784
697,697,826430780421,139.392,4.400000,38.107170000,127.261160000,749.000000,652.847213,1339.653724,686.806511,105.201722,0.466372,9.158642,10.520734,9.072743,9.977474,9.682398,10.520734,38.108875000,127.262955000,38.108875000,127.262955000,38.109055000,127.262930000,38.109114829,127.262858225,38.108818000,127.263160000,38.108846447,127.263274543,38.108704000,127.262985000,38.108652921,127.263065715,38.108936000,127.262760000,38.108911491,127.262650431
698,698,826430780623,139.594,4.400000,38.107170000,127.261160000,749.000000,652.847213,1339.653724,686.806511,105.201722,0.466372,9.158642,10.520734,9.072743,9.977474,9.682398,10.520734,38.108875000,127.262955000,38.108875000,127.262955000,38.109055000,127.262930000,38.109114829,127.262858225,38.108818000,127.263160000,38.108846447,127.263274543,38.108704000,127.262985000,38.108652921,127.263065715,38.108936000,127.262760000,38.108911491,127.262650431
699,699,826430780827,139.798,4.400000,38.107235000,127.261330000,749.000000,656.939516,1357.550762,700.611247,106.647755,0.252140,9.202595,8.457862,8.948350,8.585555,8.798590,9.202595,38.109200000,127.262710000,38.109200000,127.262710000,38.109364000,127.262630000,38.109424058,127.262557803,38.109190000,127.262930000,38.109208154,127.263023765,38.109043000,127.262794000,38.108980511,127.262858263,38.109210000,127.262500000,38.109197305,127.262403317
700,700,826430781030,140.001,4.400000,38.107235000,127.261330000,749.000000,656.939516,1357.550762,700.611247,106.647755,0.252140,9.202595,8.457862,8.948350,8.585555,8.798590,9.202595,38.109200000,127.262710000,38.109200000,127.262710000,38.109364000,127.262630000,38.109424058,127.262557803,38.109190000,127.262930000,38.109208154,127.263023765,38.109043000,127.262794000,38.108980511,127.262858263,38.109210000,127.262500000,38.109197305,127.262403317
701,701,826430781232,140.203,4.400000,38.107300000,127.261500000,749.000000,777.022484,1410.426137,633.403653,81.516773,0.151457,7.427157,9.020161,7.755786,8.781844,8.246237,9.020161,38.108670000,127.264890000,38.108670000,127.264890000,38.108860000,127.264940000,38.108921001,127.264905653,38.108566000,127.265080000,38.108540289,127.265177659,38.108486000,127.264840000,38.108421797,127.264874388,38.108776000,127.264710000,38.108799723,127.264614381
702,702,826430781419,140.390,4.400000,38.107300000,127.261500000,749.000000,777.022484,1410.426137,633.403653,81.516773,0.151457,7.427157,9.020161,7.755786,8.781844,8.246237,9.020161,38.108670000,127.264890000,38.108670000,127.264890000,38.108860000,127.264940000,38.108921001,127.264905653,38.108566000,127.265080000,38.108540289,127.265177659,38.108486000,127.264840000,38.108421797,127.264874388,38.108776000,127.264710000,38.108799723,127.264614381
703,703,826430781633,140.604,4.400000,38.107365000,127.261665000,749.000000,820.971962,1565.773798,744.801836,90.721958,0.314633,7.582484,9.399485,7.764734,8.516271,8.315744,9.399485,38.108776000,127.265350000,38.108776000,127.265350000,38.108967000,127.265390000,38.109034802,127.265381712,38.108673000,127.265550000,38.108642961,127.265650291,38.108590000,127.265305000,38.108520892,127.265317020,38.108880000,127.265150000,38.108905686,127.265058416
704,704,826430781854,140.825,4.400000,38.107430000,127.261840000,749.000000,649.381727,1254.265944,604.884217,93.147711,0.508096,8.060730,7.681051,7.961267,8.584092,8.071785,8.584092,38.109330000,127.263220000,38.109330000,127.263220000,38.109478000,127.263110000,38.109541019,127.263064673,38.109344000,127.263440000,38.109325839,127.263524601,38.109184000,127.263336000,38.109117924,127.263370774,38.109314000,127.263010000,38.109329380,127.262913966
705,705,826430782020,140.991,4.400000,38.107430000,127.261840000,749.000000,649.381727,1254.265944,604.884217,93.147711,0.508096,8.060730,7.681051,7.961267,8.584092,8.071785,8.584092,38.109330000,127.263220000,38.109330000,127.263220000,38.109478000,127.263110000,38.109541019,127.263064673,38.109344000,127.263440000,38.109325839,127.263524601,38.109184000,127.263336000,38.109117924,127.263370774,38.109314000,127.263010000,38.109329380,127.262913966
706,706,826430782226,141.197,4.400000,38.107460000,127.261925000,749.000000,647.146104,1244.127502,596.981398,92.248318,0.167124,8.125714,8.022309,8.747643,8.536906,8.358143,8.747643,38.109642000,127.262370000,38.109642000,127.262370000,38.109740000,127.262190000,38.109794733,127.262128620,38.109722000,127.262566000,38.109720127,127.262657559,38.109543000,127.262540000,38.109485136,127.262607572,38.109560000,127.262180000,38.109559003,127.262082543
707,707,826430782430,141.401,4.400000,38.107460000,127.261925000,749.000000,647.146104,1244.127502,596.981398,92.248318,0.167124,8.125714,8.022309,8.747643,8.536906,8.358143,8.747643,38.109642000,127.262370000,38.109642000,127.262370000,38.109740000,127.262190000,38.109794733,127.262128620,38.109722000,127.262566000,38.109720127,127.262657559,38.109543000,127.262540000,38.109485136,127.262607572,38.109560000,127.262180000,38.109559003,127.262082543
708,708,826430782618,141.589,4.400000,38.107525000,127.262090000,750.000000,727.358000,1354.089042,626.731043,86.165416,0.472953,7.882097,7.991741,7.275413,8.354457,7.875927,8.354457,38.109158000,127.264885000,38.109158000,127.264885000,38.109333000,127.264850000,38.109403789,127.264851951,38.109108000,127.265114000,38.109070767,127.265192011,38.108982000,127.264920000,38.108916644,127.264920237,38.109203000,127.264670000,38.109250929,127.264596603
709,709,826430782823,141.794,4.400000,38.107525000,127.262090000,750.000000,727.358000,1354.089042,626.731043,86.165416,0.472953,7.882097,7.991741,7.275413,8.354457,7.875927,8.354457,38.109158000,127.264885000,38.109158000,127.264885000,38.109333000,127.264850000,38.109403789,127.264851951,38.109108000,127.265114000,38.109070767,127.265192011,38.108982000,127.264920000,38.108916644,127.264920237,38.109203000,127.264670000,38.109250929,127.264596603
710,710,826430783028,141.999,4.400000,38.107590000,127.262260000,750.000000,861.019118,1760.158909,899.139791,104.427390,0.631180,8.444718,11.083221,7.965250,9.361137,9.213581,11.083221,38.109050000,127.266300000,38.109050000,127.266300000,38.109245000,127.266310000,38.109316475,127.266342304,38.108967000,127.266525000,38.108916699,127.266634198,38.108860000,127.266290000,38.108790792,127.266266908,38.109135000,127.266075000,38.109180665,127.265985257
711,711,826430783217,142.188,4.400000,38.107590000,127.262260000,750.000000,861.019118,1760.158909,899.139791,104.427390,0.631180,8.444718,11.083221,7.965250,9.361137,9.213581,11.083221,38.109050000,127.266300000,38.109050000,127.266300000,38.109245000,127.266310000,38.109316475,127.266342304,38.108967000,127.266525000,38.108916699,127.266634198,38.108860000,127.266290000,38.108790792,127.266266908,38.109135000,127.266075000,38.109180665,127.265985257
712,712,826430783423,142.394,4.400000,38.107655000,127.262430000,750.000000,688.634204,1168.927668,480.293464,69.745804,0.714725,8.483197,8.818752,7.263607,8.880196,8.361438,8.880196,38.109642000,127.264140000,38.109642000,127.264140000,38.109783000,127.264010000,38.109859201,127.264008864,38.109670000,127.264360000,38.109622490,127.264440567,38.109500000,127.264270000,38.109435012,127.264277429,38.109610000,127.263916000,38.109668059,127.263846473
713,713,826430783631,142.602,4.400000,38.107723000,127.262596000,750.000000,703.192406,1188.662786,485.470380,69.038058,0.458852,8.211401,8.590060,8.807288,8.867361,8.619028,8.867361,38.110065000,127.263420000,38.110065000,127.263420000,38.110170000,127.263245000,38.110236923,127.263205570,38.110153000,127.263626000,38.110114733,127.263711163,38.109966000,127.263600000,38.109890514,127.263630113,38.109980000,127.263220000,38.110015263,127.263129222
714,714,826430783821,142.792,4.400000,38.107723000,127.262596000,750.000000,703.192406,1188.662786,485.470380,69.038058,0.458852,8.211401,8.590060,8.807288,8.867361,8.619028,8.867361,38.110065000,127.263420000,38.110065000,127.263420000,38.110170000,127.263245000,38.110236923,127.263205570,38.110153000,127.263626000,38.110114733,127.263711163,38.109966000,127.263600000,38.109890514,127.263630113,38.109980000,127.263220000,38.110015263,127.263129222
715,715,826430784025,142.996,4.400000,38.107758000,127.262680000,750.000000,691.012232,1213.436945,522.424714,75.602817,0.549723,9.302621,9.421828,8.036947,9.080746,8.960536,9.421828,38.109756000,127.264560000,38.109756000,127.264560000,38.109898000,127.264430000,38.109980824,127.264444130,38.109790000,127.264786000,38.109733545,127.264866142,38.109620000,127.264690000,38.109547810,127.264688717,38.109726000,127.264336000,38.109783858,127.264262916
