sample_index,log_frame_index,timestamp,time_s,fov_deg,uav_lat,uav_lon,uav_alt,actual_area_m2,predicted_area_m2,area_error_m2,area_error_pct,centroid_error_m,corner_error_c1_m,corner_error_c2_m,corner_error_c3_m,corner_error_c4_m,mean_corner_error_m,max_corner_error_m,actual_center_lat,actual_center_lon,predicted_center_lat,predicted_center_lon,actual_c1_lat,actual_c1_lon,predicted_c1_lat,predicted_c1_lon,actual_c2_lat,actual_c2_lon,predicted_c2_lat,predicted_c2_lon,actual_c3_lat,actual_c3_lon,predicted_c3_lat,predicted_c3_lon,actual_c4_lat,actual_c4_lon,predicted_c4_lat,predicted_c4_lon
0,0,825297853178,0.000,2.000000,38.058773000,127.268490000,797.000000,2804.351020,5275.974546,2471.623526,88.135312,11.202087,11.848904,38.748253,13.551425,14.671354,19.704984,38.748253,38.074074000,127.269470000,38.074074000,127.269470000,38.074467000,127.269264000,38.074547206,127.269175110,38.074330000,127.269714000,38.074664575,127.269835978,38.073696000,127.269670000,38.073792586,127.269764127,38.073833000,127.269230000,38.073723234,127.269137335
1,1,825297853381,0.203,2.000000,38.058840000,127.268524000,797.000000,2828.618342,4496.491173,1667.872831,58.964223,1.159877,11.914322,22.751649,10.432309,16.864927,15.490802,22.751649,38.073914000,127.270100000,38.073914000,127.270100000,38.074318000,127.269910000,38.074241733,127.269814614,38.074150000,127.270355000,38.074334606,127.270466414,38.073500000,127.270280000,38.073560093,127.270371350,38.073677000,127.269860000,38.073550215,127.269754650
2,2,825297853583,0.405,2.000000,38.058914000,127.268550000,797.000000,2989.568587,5243.084549,2253.515962,75.379303,1.033653,9.068049,25.636513,7.541070,20.372540,15.654543,25.636513,38.074173000,127.270690000,38.074173000,127.270690000,38.074610000,127.270520000,38.074585334,127.270421379,38.074425000,127.270960000,38.074633855,127.271083267,38.073753000,127.270860000,38.073763409,127.270945032,38.073933000,127.270440000,38.073775043,127.270322595
3,3,825297853771,0.593,2.000000,38.058983000,127.268570000,797.000000,3759.674432,6275.116795,2515.442362,66.905856,3.589497,17.707295,27.228861,8.382165,24.551418,19.467435,27.228861,38.075430000,127.270250000,38.075430000,127.270250000,38.075920000,127.270050000,38.075786096,127.269940927,38.075775000,127.270530000,38.075997638,127.270658685,38.074978000,127.270440000,38.074962673,127.270533651,38.075127000,127.269980000,38.074924621,127.269868640
4,4,825297853974,0.796,2.000000,38.059055000,127.268600000,797.000000,3637.192355,6407.505436,2770.313081,76.166252,3.057119,22.099562,49.480469,14.688136,28.995584,28.815938,49.480469,38.075592000,127.269580000,38.075592000,127.269580000,38.076060000,127.269356000,38.075878792,127.269252991,38.075924000,127.269844000,38.076355497,127.269979529,38.075150000,127.269790000,38.075253681,127.269893669,38.075294000,127.269325000,38.075047322,127.269218752
5,5,825297854177,0.999,2.000000,38.059124000,127.268620000,797.000000,3668.581163,8864.375439,5195.794276,141.629530,18.501094,32.623780,130.261044,24.231911,47.655039,58.692943,130.261044,38.076035000,127.268790000,38.076035000,127.268790000,38.076470000,127.268540000,38.076186639,127.268444996,38.076378000,127.269040000,38.077543003,127.269179329,38.075610000,127.269030000,38.075813328,127.269128741,38.075703000,127.268550000,38.075281858,127.268452402
6,6,825297854382,1.204,2.000000,38.059196000,127.268650000,797.000000,3651.026821,16274.616791,12623.589970,345.754512,72.225204,149.728023,171.396198,14.741173,43.748628,94.903505,171.396198,38.076140000,127.268090000,38.076140000,127.268090000,38.076560000,127.267815000,38.077898950,127.267652724,38.076496000,127.268326000,38.078034293,127.268408963,38.075733000,127.268340000,38.075840118,127.268438902,38.075820000,127.267850000,38.075430606,127.267782519
7,7,825297854583,1.405,2.000000,38.059265000,127.268680000,797.000000,3526.725337,15846.289044,12319.563707,349.320192,35.233642,119.765304,127.345317,76.196790,30.341927,88.412335,127.345317,38.076233000,127.267360000,38.076233000,127.267360000,38.076620000,127.267070000,38.077684489,127.266871728,38.076584000,127.267580000,38.077727545,127.267619232,38.075863000,127.267630000,38.075187064,127.267767017,38.075893000,127.267136000,38.075625127,127.267072021
8,8,825297854786,1.608,2.000000,38.059326000,127.268690000,797.000000,3312.332200,13140.303201,9827.971001,296.708494,14.377902,88.341757,82.323897,88.500132,25.110926,71.069178,88.500132,38.076020000,127.266945000,38.076020000,127.266945000,38.076355000,127.266660000,38.077133365,127.266463493,38.076370000,127.267160000,38.077109020,127.267194836,38.075665000,127.267230000,38.074879305,127.267384148,38.075687000,127.266740000,38.075468306,127.266669759
9,9,825297854972,1.794,2.000000,38.059395000,127.268720000,797.000000,3196.186465,10962.824671,7766.638206,242.997031,29.696679,146.953513,25.158059,45.679565,9.341316,56.783113,146.953513,38.075657000,127.267360000,38.075657000,127.267360000,38.076015000,127.267080000,38.077323081,127.266854168,38.075985000,127.267570000,38.076200275,127.267657386,38.075302000,127.267624000,38.074902176,127.267741292,38.075344000,127.267140000,38.075284826,127.267064417
10,10,825297855174,1.996,2.000000,38.059467000,127.268745000,797.000000,3128.012405,7155.981725,4027.969320,128.770887,19.377780,44.605726,44.005321,21.507838,30.339442,35.114582,44.605726,38.075577000,127.268040000,38.075577000,127.268040000,38.075940000,127.267784000,38.076329344,127.267663673,38.075870000,127.268270000,38.076260037,127.268351724,38.075203000,127.268295000,38.075385909,127.268374062,38.075264000,127.267820000,38.074997541,127.267747251
11,11,825297855377,2.199,2.000000,38.059536000,127.268770000,797.000000,3113.892601,5027.600382,1913.707781,61.457090,0.422524,30.104142,42.248871,28.423336,39.275319,35.012917,42.248871,38.075450000,127.268720000,38.075450000,127.268720000,38.075836000,127.268486000,38.075575922,127.268391861,38.075760000,127.268960000,38.076131778,127.269056932,38.075070000,127.268950000,38.075314194,127.269044749,38.075160000,127.268490000,38.074813146,127.268407953
12,12,825297855581,2.403,2.000000,38.059610000,127.268800000,797.000000,2941.930225,4614.658769,1672.728544,56.858199,1.742896,17.681554,28.528571,16.167265,20.089143,20.616633,28.528571,38.074997000,127.269350000,38.074997000,127.269350000,38.075386000,127.269135000,38.075247136,127.269037049,38.075260000,127.269590000,38.075502443,127.269695513,38.074593000,127.269554000,38.074715464,127.269653176,38.074710000,127.269120000,38.074545963,127.269024437
13,13,825297855784,2.606,2.000000,38.059677000,127.268820000,797.000000,2892.233942,5429.928578,2537.694637,87.741680,5.430405,10.514786,23.657776,9.312117,32.359109,18.960947,32.359109,38.074852000,127.269990000,38.074852000,127.269990000,38.075245000,127.269780000,38.075178846,127.269694354,38.075123000,127.270230000,38.075313433,127.270349847,38.074455000,127.270170000,38.074416101,127.270264077,38.074585000,127.269745000,38.074305600,127.269643100
14,14,825297855986,2.808,2.000000,38.059750000,127.268845000,797.000000,2936.761011,5375.170985,2438.409974,83.030589,3.316045,8.722384,27.611522,8.795363,20.901181,16.507613,27.611522,38.074730000,127.270490000,38.074730000,127.270490000,38.075157000,127.270310000,38.075189368,127.270219355,38.074997000,127.270744000,38.075225313,127.270867136,38.074320000,127.270660000,38.074346861,127.270754389,38.074482000,127.270240000,38.074311827,127.270139216
15,15,825297856173,2.995,2.000000,38.059820000,127.268875000,797.000000,3699.978491,5609.249741,1909.271250,51.602226,3.819741,8.942334,9.018953,9.061773,20.379811,11.850718,20.379811,38.075820000,127.270970000,38.075820000,127.270970000,38.076317000,127.270790000,38.076297036,127.270691155,38.076157000,127.271255000,38.076172517,127.271356015,38.075350000,127.271140000,38.075377314,127.271237414,38.075523000,127.270700000,38.075363337,127.270586207
16,16,825297856376,3.198,2.000000,38.059890000,127.268900000,797.000000,3745.094932,6955.039924,3209.944992,85.710644,1.009030,15.711122,19.564503,9.291788,31.283953,18.962842,31.283953,38.076300000,127.270355000,38.076300000,127.270355000,38.076756000,127.270150000,38.076876679,127.270057031,38.076645000,127.270630000,38.076794658,127.270747056,38.075840000,127.270550000,38.075871453,127.270648218,38.075962000,127.270090000,38.075696056,127.269974611
17,17,825297856579,3.401,2.000000,38.059963000,127.268920000,797.000000,3632.909150,7114.731531,3481.822380,95.841163,14.164326,31.100325,38.181289,16.989049,49.216903,33.871892,49.216903,38.076393000,127.269680000,38.076393000,127.269680000,38.076847000,127.269450000,38.076579327,127.269348342,38.076740000,127.269936000,38.077068348,127.270061942,38.075962000,127.269890000,38.075827278,127.269981088,38.076077000,127.269424000,38.075642198,127.269322213
18,18,825297856782,3.604,2.000000,38.060030000,127.268950000,797.000000,3677.020629,11900.488895,8223.468265,223.644877,35.279771,83.277291,97.711556,16.090967,53.222554,62.575592,97.711556,38.076782000,127.268936000,38.076782000,127.268936000,38.077210000,127.268684000,38.077952715,127.268570254,38.077156000,127.269190000,38.078029376,127.269301278,38.076378000,127.269180000,38.076502437,127.269273433,38.076458000,127.268700000,38.075985166,127.268610049
19,19,825297856986,3.808,2.000000,38.060104000,127.268974000,797.000000,3453.006094,13977.081637,10524.075543,304.780103,15.005276,80.651809,101.540108,36.984154,85.322148,76.124555,101.540108,38.076885000,127.268230000,38.076885000,127.268230000,38.077255000,127.267950000,38.077972001,127.267817853,38.077220000,127.268456000,38.078129660,127.268541572,38.076490000,127.268486000,38.076168114,127.268590516,38.076550000,127.268000000,38.075784266,127.267957564
20,20,825297857172,3.994,2.000000,38.060173000,127.269005000,797.000000,3279.856052,13836.713981,10556.857928,321.869550,13.322105,65.021168,65.548137,109.928391,72.982532,78.370057,109.928391,38.076935000,127.267500000,38.076935000,127.267500000,38.077274000,127.267220000,38.077843730,127.267056450,38.077274000,127.267720000,38.077861035,127.267778348,38.076584000,127.267780000,38.075604231,127.267936698,38.076603000,127.267290000,38.075947715,127.267263631
21,21,825297857376,4.198,2.000000,38.060246000,127.269030000,797.000000,3166.205271,12575.748019,9409.542748,297.186757,23.459101,44.089316,49.082505,137.989316,47.926019,69.771789,137.989316,38.076880000,127.267180000,38.076880000,127.267180000,38.077200000,127.266890000,38.077579369,127.266745472,38.077220000,127.267390000,38.077658310,127.267450802,38.076540000,127.267456000,38.075311439,127.267665489,38.076557000,127.266975000,38.076127634,127.266934860
22,22,825297857577,4.399,2.000000,38.060314000,127.269050000,797.000000,3095.748614,13359.321176,10263.572562,331.537662,36.908100,109.750002,114.900221,53.952239,23.968423,75.642722,114.900221,38.076595000,127.267630000,38.076595000,127.267630000,38.076940000,127.267360000,38.077912561,127.267154668,38.076920000,127.267845000,38.077951946,127.267872079,38.076250000,127.267900000,38.075774531,127.268019343,38.076280000,127.267426000,38.076072964,127.267350896
23,23,825297857780,4.602,2.000000,38.060387000,127.269080000,797.000000,3198.128679,13431.699537,10233.570858,319.986213,60.551888,124.050366,145.692427,14.583397,39.598904,80.981274,145.692427,38.076527000,127.268320000,38.076527000,127.268320000,38.076893000,127.268060000,38.077999425,127.267891330,38.076850000,127.268550000,38.078158052,127.268605339,38.076153000,127.268570000,38.076264282,127.268657816,38.076210000,127.268105000,38.075858700,127.268033958
24,24,825297857984,4.806,2.000000,38.060455000,127.269104000,797.000000,3180.232741,10494.289323,7314.056582,229.984947,46.912403,91.778459,103.050938,28.547581,34.107293,64.371068,103.050938,38.076430000,127.269005000,38.076430000,127.269005000,38.076820000,127.268760000,38.077639575,127.268646153,38.076767000,127.269240000,38.077688701,127.269349500,38.076060000,127.269230000,38.076303620,127.269331741,38.076130000,127.268776000,38.075830755,127.268692431
25,25,825297858185,5.007,2.000000,38.060528000,127.269130000,797.000000,3073.382553,6062.320202,2988.937649,97.252379,2.132105,14.561539,49.303187,8.248535,30.148159,25.565355,49.303187,38.076088000,127.269640000,38.076088000,127.269640000,38.076485000,127.269410000,38.076373380,127.269323357,38.076397000,127.269880000,38.076829711,127.269999976,38.075714000,127.269850000,38.075725222,127.269943044,38.075806000,127.269400000,38.075544339,127.269311257
26,26,825297858371,5.193,2.000000,38.060596000,127.269160000,797.000000,3126.453206,5766.061185,2639.607978,84.428194,4.065530,13.580958,23.450936,10.168585,23.773150,17.743407,23.773150,38.075996000,127.270290000,38.075996000,127.270290000,38.076400000,127.270080000,38.076503746,127.269998454,38.076310000,127.270540000,38.076499731,127.270656299,38.075590000,127.270480000,38.075639628,127.270577421,38.075720000,127.270040000,38.075520086,127.269944587
27,27,825297858575,5.397,2.000000,38.060670000,127.269180000,797.000000,3185.982241,4948.808196,1762.825955,55.330690,3.004125,7.995112,9.283480,8.803552,18.541274,11.155855,18.541274,38.075893000,127.270930000,38.075893000,127.270930000,38.076330000,127.270744000,38.076320193,127.270653617,38.076195000,127.271194000,38.076225343,127.271292678,38.075462000,127.271095000,38.075478372,127.271193286,38.075615000,127.270676000,38.075470158,127.270571532
28,28,825297858777,5.599,2.000000,38.060738000,127.269200000,797.000000,3438.911452,4846.709711,1407.798258,40.937322,3.560927,7.580556,11.023722,8.339941,9.861202,9.201355,11.023722,38.076344000,127.271190000,38.076344000,127.271190000,38.076790000,127.271000000,38.076801916,127.270914828,38.076653000,127.271460000,38.076584445,127.271550780,38.075886000,127.271355000,38.075863890,127.271445934,38.076042000,127.270920000,38.075992816,127.270826406
29,29,825297858979,5.801,2.000000,38.060810000,127.269230000,797.000000,3640.509932,5818.336892,2177.826960,59.822030,2.510933,9.181426,9.612339,8.881940,15.958263,10.908492,15.958263,38.076946000,127.270680000,38.076946000,127.270680000,38.077393000,127.270480000,38.077418112,127.270380198,38.077286000,127.270960000,38.077328448,127.271055525,38.076504000,127.270874000,38.076464538,127.270962094,38.076610000,127.270420000,38.076493365,127.270314117
30,30,825297859181,6.003,2.000000,38.060880000,127.269260000,797.000000,3489.677722,6174.528218,2684.850496,76.936918,8.754751,8.419760,11.983620,12.653791,31.976120,16.258323,31.976120,38.077020000,127.270020000,38.077020000,127.270020000,38.077427000,127.269790000,38.077403931,127.269698494,38.077354000,127.270280000,38.077427701,127.270379679,38.076603000,127.270230000,38.076514043,127.270319897,38.076683000,127.269770000,38.076406748,127.269670011
31,31,825297859384,6.206,2.000000,38.060950000,127.269280000,797.000000,3369.505544,8304.570109,4935.064564,146.462574,1.094824,33.028196,29.199133,8.176331,67.799304,34.550741,67.799304,38.077084000,127.269340000,38.077084000,127.269340000,38.077480000,127.269104000,38.077764664,127.268997747,38.077423000,127.269585000,38.077673177,127.269685132,38.076694000,127.269580000,38.076725646,127.269664202,38.076756000,127.269110000,38.076150821,127.269022887
32,32,825297859571,6.393,2.000000,38.061020000,127.269310000,797.000000,3201.149013,11938.644020,8737.495007,272.948712,19.366118,35.814024,57.727283,56.984036,112.753052,65.819599,112.753052,38.077168000,127.268530000,38.077168000,127.268530000,38.077530000,127.268265000,38.077839297,127.268152510,38.077515000,127.268750000,38.078029037,127.268836939,38.076805000,127.268780000,38.076300075,127.268886956,38.076860000,127.268310000,38.075847274,127.268287721
33,33,825297859773,6.595,2.000000,38.061092000,127.269330000,797.000000,3015.611472,12457.482880,9441.871408,313.099731,31.937455,39.156441,44.871234,102.624775,107.472152,73.531150,107.472152,38.077213000,127.267840000,38.077213000,127.267840000,38.077530000,127.267560000,38.077867474,127.267433995,38.077553000,127.268040000,38.077951359,127.268118185,38.076890000,127.268105000,38.075976429,127.268262016,38.076900000,127.267630000,38.075934697,127.267650562
34,34,825297859978,6.800,2.000000,38.061165000,127.269356000,797.000000,2870.997716,12073.796358,9202.798642,320.543572,41.983749,30.488403,31.633044,132.752941,95.055817,72.482551,132.752941,38.077198000,127.267430000,38.077198000,127.267430000,38.077503000,127.267150000,38.077756826,127.267019311,38.077520000,127.267630000,38.077798578,127.267701229,38.076890000,127.267700000,38.075709079,127.267910964,38.076890000,127.267235000,38.076036320,127.267259698
35,35,825297860179,7.001,2.000000,38.061234000,127.269390000,797.000000,2977.101415,12174.364000,9197.262584,308.933466,39.372021,31.239772,35.454223,110.668001,111.426326,72.197080,111.426326,38.077290000,127.267800000,38.077290000,127.267800000,38.077606000,127.267525000,38.077868665,127.267399490,38.077637000,127.268005000,38.077950170,127.268078645,38.076977000,127.268060000,38.075992345,127.268234111,38.076984000,127.267590000,38.075983381,127.267623198
36,36,825297860381,7.203,2.000000,38.061306000,127.269410000,797.000000,3091.749983,11633.162454,8541.412471,276.264657,28.003162,28.397824,47.573313,67.447280,118.821943,65.560090,118.821943,38.077267000,127.268460000,38.077267000,127.268460000,38.077620000,127.268200000,38.077858308,127.268084362,38.077610000,127.268684000,38.078033380,127.268757909,38.076916000,127.268720000,38.076315970,127.268826788,38.076965000,127.268260000,38.075897726,127.268239500
37,37,825297860584,7.406,2.000000,38.061375000,127.269430000,797.000000,3154.299928,8630.317154,5476.017226,173.604836,18.442636,19.815078,22.350145,27.987775,85.650924,38.950980,85.650924,38.077210000,127.269135000,38.077210000,127.269135000,38.077583000,127.268890000,38.077742014,127.268788378,38.077522000,127.269370000,38.077709387,127.269461576,38.076847000,127.269370000,38.076606108,127.269461450,38.076880000,127.268910000,38.076112020,127.268850334
38,38,825297860772,7.594,2.000000,38.061447000,127.269460000,797.000000,3117.317116,6044.190807,2926.873691,93.890791,7.263263,8.599657,15.272241,8.609479,42.576586,18.764491,42.576586,38.077040000,127.269790000,38.077040000,127.269790000,38.077430000,127.269560000,38.077458608,127.269468840,38.077362000,127.270030000,38.077474516,127.270129722,38.076660000,127.270004000,38.076634284,127.270096659,38.076748000,127.269554000,38.076371820,127.269466230
39,39,825297860975,7.797,2.000000,38.061516000,127.269485000,797.000000,3185.016761,5307.700402,2122.683641,66.645917,9.999194,9.502120,8.405665,14.581437,24.166621,14.163961,24.166621,38.077007000,127.270310000,38.077007000,127.270310000,38.077408000,127.270096000,38.077366018,127.270001586,38.077350000,127.270560000,38.077350092,127.270655924,38.076626000,127.270515000,38.076511566,127.270595969,38.076706000,127.270070000,38.076503251,127.269971419
40,40,825297861179,8.001,2.000000,38.061590000,127.269510000,797.000000,3154.506584,5169.721319,2015.214735,63.883675,0.825530,10.017459,12.228007,9.454908,9.871289,10.392916,12.228007,38.076942000,127.271030000,38.076942000,127.271030000,38.077366000,127.270836000,38.077424745,127.270749402,38.077248000,127.271286000,38.077317401,127.271394164,38.076538000,127.271210000,38.076487544,127.271296795,38.076650000,127.270775000,38.076599135,127.270682726
41,41,825297861381,8.203,2.000000,38.061590000,127.269510000,797.000000,3154.506584,5169.721319,2015.214735,63.883675,0.825530,10.017459,12.228007,9.454908,9.871289,10.392916,12.228007,38.076942000,127.271030000,38.076942000,127.271030000,38.077366000,127.270836000,38.077424745,127.270749402,38.077248000,127.271286000,38.077317401,127.271394164,38.076538000,127.271210000,38.076487544,127.271296795,38.076650000,127.270775000,38.076599135,127.270682726
42,42,825297861584,8.406,2.000000,38.061730000,127.269560000,797.000000,3488.751420,5315.113828,1826.362408,52.350030,2.617956,9.195019,9.525713,10.228094,9.997126,9.736488,10.228094,38.077625000,127.270996000,38.077625000,127.270996000,38.078056000,127.270800000,38.078040738,127.270696874,38.077980000,127.271270000,38.078016490,127.271368327,38.077200000,127.271194000,38.077131743,127.271272135,38.077316000,127.270740000,38.077271124,127.270641179
43,43,825297861771,8.593,2.000000,38.061730000,127.269560000,797.000000,3488.751420,5315.113828,1826.362408,52.350030,2.617956,9.195019,9.525713,10.228094,9.997126,9.736488,10.228094,38.077625000,127.270996000,38.077625000,127.270996000,38.078056000,127.270800000,38.078040738,127.270696874,38.077980000,127.271270000,38.078016490,127.271368327,38.077200000,127.271194000,38.077131743,127.271272135,38.077316000,127.270740000,38.077271124,127.270641179
44,44,825297861974,8.796,2.000000,38.061800000,127.269585000,797.000000,3340.408805,4999.130860,1658.722055,49.656259,4.867048,9.661260,13.395064,9.280602,8.242929,10.144964,13.395064,38.077686000,127.270340000,38.077686000,127.270340000,38.078080000,127.270120000,38.078123906,127.270024896,38.078022000,127.270600000,38.078115291,127.270696548,38.077297000,127.270550000,38.077333329,127.270645325,38.077347000,127.270096000,38.077348347,127.270001948
45,45,825297862176,8.998,2.000000,38.061870000,127.269615000,797.000000,3216.123132,5209.784416,1993.661284,61.989582,1.514986,10.233339,12.278174,8.809050,13.701545,11.255527,13.701545,38.077710000,127.269684000,38.077710000,127.269684000,38.078090000,127.269440000,38.078149552,127.269351036,38.078053000,127.269920000,38.078129983,127.270020343,38.077340000,127.269905000,38.077357190,127.270003127,38.077393000,127.269450000,38.077290771,127.269362921
46,46,825297862390,9.212,2.000000,38.062010000,127.269660000,797.000000,2929.387081,7922.542172,4993.155091,170.450506,34.628701,11.246645,10.677704,7.881643,139.386933,42.298231,139.386933,38.077873000,127.268340000,38.077873000,127.268340000,38.078194000,127.268074000,38.078119981,127.267986646,38.078210000,127.268555000,38.078277407,127.268641691,38.077568000,127.268600000,38.077585908,127.268687020,38.077568000,127.268135000,38.076316207,127.268172121
47,47,825297862581,9.403,2.000000,38.062084000,127.269690000,797.000000,2701.264279,4751.028191,2049.763912,75.881650,11.555011,9.351163,9.213881,36.250364,9.203127,16.004634,36.250364,38.077873000,127.267660000,38.077873000,127.267660000,38.078150000,127.267390000,38.078109458,127.267296536,38.078200000,127.267850000,38.078185052,127.267953419,38.077602000,127.267930000,38.077290807,127.268051863,38.077560000,127.267470000,38.077513022,127.267383579
48,48,825297862785,9.607,2.000000,38.062084000,127.269690000,797.000000,2701.264279,4751.028191,2049.763912,75.881650,11.555011,9.351163,9.213881,36.250364,9.203127,16.004634,36.250364,38.077873000,127.267660000,38.077873000,127.267660000,38.078150000,127.267390000,38.078109458,127.267296536,38.078200000,127.267850000,38.078185052,127.267953419,38.077602000,127.267930000,38.077290807,127.268051863,38.077560000,127.267470000,38.077513022,127.267383579
49,49,825297862973,9.795,2.000000,38.062153000,127.269714000,797.000000,2942.551491,4240.969703,1298.418212,44.125590,12.934164,9.780871,24.077284,17.111344,12.095521,15.766255,24.077284,38.078346000,127.267715000,38.078346000,127.267715000,38.078625000,127.267430000,38.078669687,127.267333896,38.078690000,127.267920000,38.078898827,127.267991554,38.078056000,127.267990000,38.078197706,127.268065665,38.078014000,127.267525000,38.078081352,127.267416684
50,50,825297863176,9.998,2.000000,38.062225000,127.269745000,797.000000,3014.838474,4265.002282,1250.163808,41.467024,8.477478,13.989420,30.337211,18.950330,8.165463,17.860606,30.337211,38.078217000,127.268400000,38.078217000,127.268400000,38.078518000,127.268135000,38.078411722,127.268049802,38.078556000,127.268616000,38.078822111,127.268690661,38.077885000,127.268660000,38.078042448,127.268742229,38.077885000,127.268196000,38.077871929,127.268104307
51,51,825297863380,10.202,2.000000,38.062294000,127.269770000,797.000000,3176.911792,4488.572924,1311.661133,41.287301,7.335107,14.153986,7.995811,10.387540,12.076198,11.153384,14.153986,38.078213000,127.269070000,38.078213000,127.269070000,38.078545000,127.268820000,38.078440855,127.268727339,38.078570000,127.269300000,38.078556211,127.269389551,38.077860000,127.269325000,38.077794488,127.269409415,38.077877000,127.268860000,38.077797041,127.268766863
52,52,825297863580,10.402,2.000000,38.062440000,127.269820000,797.000000,3259.710575,5217.289524,1957.578949,60.053766,3.127314,12.623285,11.546347,7.541849,11.646317,10.839450,12.623285,38.078070000,127.270520000,38.078070000,127.270520000,38.078470000,127.270310000,38.078551165,127.270209399,38.078420000,127.270775000,38.078491719,127.270870191,38.077686000,127.270740000,38.077708850,127.270821024,38.077750000,127.270290000,38.077684459,127.270186406
53,53,825297863784,10.606,2.000000,38.062508000,127.269844000,797.000000,3291.023894,4908.992713,1617.968819,49.163083,1.897299,7.444877,9.045714,9.300385,8.973454,8.691108,9.300385,38.078050000,127.271190000,38.078050000,127.271190000,38.078453000,127.270980000,38.078454170,127.270895053,38.078380000,127.271450000,38.078400425,127.271549915,38.077660000,127.271380000,38.077612604,127.271467404,38.077724000,127.270930000,38.077682590,127.270842141
54,54,825297863973,10.795,2.000000,38.062570000,127.269870000,797.000000,3435.571837,5341.026396,1905.454559,55.462515,2.708715,8.949586,18.894315,7.936857,9.943239,11.430999,18.894315,38.078390000,127.271620000,38.078390000,127.271620000,38.078820000,127.271430000,38.078804054,127.271329896,38.078720000,127.271900000,38.078865632,127.272010746,38.077960000,127.271805000,38.077968455,127.271894936,38.078080000,127.271360000,38.078039189,127.271259064
55,55,825297864176,10.998,2.000000,38.062637000,127.269890000,797.000000,3651.797819,6205.805376,2554.007557,69.938361,5.876730,14.535992,20.218280,9.220283,8.539814,13.128592,20.218280,38.079063000,127.271190000,38.079063000,127.271190000,38.079502000,127.270970000,38.079614138,127.270885008,38.079437000,127.271460000,38.079591790,127.271580702,38.078670000,127.271390000,38.078639367,127.271487762,38.078724000,127.270920000,38.078696185,127.270829174
56,56,825297864380,11.202,2.000000,38.062710000,127.269910000,797.000000,3543.912058,5896.128003,2352.215945,66.373429,1.738218,12.064322,10.179465,12.993339,12.201383,11.859627,12.993339,38.079080000,127.270510000,38.079080000,127.270510000,38.079460000,127.270270000,38.079543160,127.270181712,38.079445000,127.270760000,38.079477086,127.270868783,38.078680000,127.270730000,38.078587198,127.270819935,38.078720000,127.270256000,38.078637008,127.270165045
57,57,825297864586,11.408,2.000000,38.062780000,127.269940000,797.000000,3414.787815,5952.108404,2537.320588,74.303902,1.576235,9.614385,15.526874,10.623226,18.368224,13.533177,18.368224,38.079056000,127.269820000,38.079056000,127.269820000,38.079433000,127.269570000,38.079475390,127.269474404,38.079433000,127.270060000,38.079547983,127.270160301,38.078710000,127.270060000,38.078646500,127.270150498,38.078705000,127.269585000,38.078554862,127.269498046
58,58,825297864773,11.595,2.000000,38.062780000,127.269940000,797.000000,3414.787815,5952.108404,2537.320588,74.303902,1.576235,9.614385,15.526874,10.623226,18.368224,13.533177,18.368224,38.079056000,127.269820000,38.079056000,127.269820000,38.079433000,127.269570000,38.079475390,127.269474404,38.079433000,127.270060000,38.079547983,127.270160301,38.078710000,127.270060000,38.078646500,127.270150498,38.078705000,127.269585000,38.078554862,127.269498046
59,59,825297864979,11.801,2.000000,38.062850000,127.269966000,797.000000,3209.772977,5977.132565,2767.359588,86.216677,1.898661,12.669681,15.338240,14.354333,18.948718,15.327743,18.948718,38.079040000,127.269150000,38.079040000,127.269150000,38.079365000,127.268890000,38.079445920,127.268788326,38.079407000,127.269370000,38.079521128,127.269468073,38.078705000,127.269400000,38.078601422,127.269497572,38.078686000,127.268930000,38.078527399,127.268851480
60,60,825297865172,11.994,2.000000,38.062920000,127.269990000,797.000000,3058.940452,6469.512838,3410.572386,111.495220,8.069728,17.856422,10.453797,17.510876,39.600846,21.355485,39.600846,38.079002000,127.268600000,38.079002000,127.268600000,38.079296000,127.268330000,38.079432011,127.268221970,38.079365000,127.268814000,38.079427307,127.268903258,38.078690000,127.268860000,38.078555065,127.268962711,38.078655000,127.268400000,38.078302312,127.268340927
61,61,825297865371,12.193,2.000000,38.062992000,127.270020000,797.000000,2805.744748,8151.573126,5345.828378,190.531529,35.257813,69.348351,73.088888,21.559277,21.491725,46.372060,73.088888,38.078938000,127.267920000,38.078938000,127.267920000,38.079197000,127.267640000,38.079803223,127.267457750,38.079290000,127.268110000,38.079946216,127.268137320,38.078663000,127.268190000,38.078848375,127.268261238,38.078613000,127.267730000,38.078426715,127.267665580
62,62,825297865573,12.395,2.000000,38.063065000,127.270040000,797.000000,2892.112980,7954.430764,5062.317784,175.038728,15.100839,47.321605,51.522718,8.753683,41.533549,37.282889,51.522718,38.079144000,127.267914000,38.079144000,127.267914000,38.079410000,127.267630000,38.079817830,127.267477646,38.079502000,127.268110000,38.079963494,127.268154750,38.078876000,127.268190000,38.078919479,127.268273239,38.078815000,127.267720000,38.078442860,127.267685980
63,63,825297865776,12.598,2.000000,38.063133000,127.270065000,797.000000,2968.199980,6603.078548,3634.878568,122.460703,9.158327,17.994779,12.318576,19.980774,43.548281,23.460602,43.548281,38.079098000,127.268540000,38.079098000,127.268540000,38.079384000,127.268270000,38.079520830,127.268160657,38.079456000,127.268745000,38.079540150,127.268836295,38.078800000,127.268800000,38.078640944,127.268905664,38.078754000,127.268340000,38.078364551,127.268293018
64,64,825297865981,12.803,2.000000,38.063206000,127.270096000,797.000000,3042.063639,5676.949793,2634.886154,86.615090,4.646315,11.061777,11.810738,15.548674,21.415082,14.959068,21.415082,38.079155000,127.269210000,38.079155000,127.269210000,38.079460000,127.268960000,38.079513927,127.268853969,38.079514000,127.269430000,38.079590804,127.269522989,38.078823000,127.269460000,38.078705523,127.269555985,38.078808000,127.269005000,38.078627804,127.268919426
65,65,825297866185,13.007,2.000000,38.063274000,127.270120000,797.000000,3208.105145,5643.110599,2435.005454,75.901672,4.425292,8.186044,12.793045,13.334149,19.730294,13.510883,19.730294,38.079258000,127.269870000,38.079258000,127.269870000,38.079610000,127.269620000,38.079622950,127.269528040,38.079620000,127.270100000,38.079703131,127.270200804,38.078915000,127.270100000,38.078823713,127.270198524,38.078907000,127.269646000,38.078743913,127.269557832
66,66,825297866372,13.194,2.000000,38.063347000,127.270150000,797.000000,3348.284846,5524.377820,2176.092974,64.991274,1.281900,8.505109,16.880794,8.250632,16.563466,12.550000,16.880794,38.079090000,127.271760000,38.079090000,127.271760000,38.079510000,127.271560000,38.079540559,127.271471041,38.079430000,127.272030000,38.079552550,127.272143464,38.078693000,127.271950000,38.078709435,127.272041813,38.078780000,127.271500000,38.078655349,127.271396784
67,67,825297866573,13.395,2.000000,38.063416000,127.270170000,797.000000,3266.668401,5466.938065,2200.269664,67.355158,1.557808,8.510260,17.127365,8.921463,15.964428,12.630879,17.127365,38.079100000,127.271800000,38.079100000,127.271800000,38.079514000,127.271600000,38.079547186,127.271512508,38.079437000,127.272064000,38.079559163,127.272182822,38.078705000,127.271980000,38.078719335,127.272080171,38.078790000,127.271540000,38.078671398,127.271437575
68,68,825297866778,13.600,2.000000,38.063488000,127.270195000,797.000000,3250.885381,5404.741432,2153.856051,66.254445,1.610661,8.422738,16.931139,8.922428,15.643532,12.479959,16.931139,38.079105000,127.271800000,38.079105000,127.271800000,38.079517000,127.271600000,38.079549168,127.271512999,38.079440000,127.272064000,38.079561242,127.272180664,38.078712000,127.271980000,38.078727958,127.272079785,38.078796000,127.271540000,38.078679795,127.271439610
69,69,825297866979,13.801,2.000000,38.063557000,127.270226000,797.000000,3258.698744,5336.853731,2078.154987,63.772541,1.553601,8.342197,16.740820,8.021825,15.235620,12.085115,16.740820,38.079105000,127.271800000,38.079105000,127.271800000,38.079514000,127.271600000,38.079544913,127.271513275,38.079437000,127.272064000,38.079557564,127.272178195,38.078716000,127.271990000,38.078731323,127.272079452,38.078796000,127.271540000,38.078683037,127.271441833
70,70,825297867179,14.001,2.000000,38.063630000,127.270250000,797.000000,3203.770881,5274.952141,2071.181259,64.648233,2.105689,8.596194,17.177138,8.109715,14.985783,12.217207,17.177138,38.079110000,127.271800000,38.079110000,127.271800000,38.079510000,127.271600000,38.079546889,127.271513817,38.079433000,127.272064000,38.079559608,127.272176057,38.078720000,127.271990000,38.078739935,127.272079016,38.078800000,127.271545000,38.078691454,127.271443845
71,71,825297867381,14.203,2.000000,38.063770000,127.270300000,797.000000,3109.976274,5146.536817,2036.560543,65.484761,1.857241,9.275841,16.598513,7.888396,14.638180,12.100233,16.598513,38.079113000,127.271800000,38.079113000,127.271800000,38.079506000,127.271610000,38.079542370,127.271514759,38.079433000,127.272064000,38.079555717,127.272171598,38.078735000,127.271990000,38.078749602,127.272078091,38.078808000,127.271545000,38.078700995,127.271447906
72,72,825297867583,14.405,2.000000,38.063770000,127.270300000,797.000000,3109.976274,5146.536817,2036.560543,65.484761,1.857241,9.275841,16.598513,7.888396,14.638180,12.100233,16.598513,38.079113000,127.271800000,38.079113000,127.271800000,38.079506000,127.271610000,38.079542370,127.271514759,38.079433000,127.272064000,38.079555717,127.272171598,38.078735000,127.271990000,38.078749602,127.272078091,38.078808000,127.271545000,38.078700995,127.271447906
73,73,825297867775,14.597,2.000000,38.063843000,127.270325000,797.000000,3091.759561,5084.601385,1992.841824,64.456559,1.872449,9.271286,16.206268,7.912575,14.501829,11.972989,16.206268,38.079117000,127.271800000,38.079117000,127.271800000,38.079506000,127.271610000,38.079543117,127.271515283,38.079437000,127.272064000,38.079556624,127.272169409,38.078740000,127.271990000,38.078757132,127.272077637,38.078815000,127.271545000,38.078708360,127.271449944
74,74,825297867973,14.795,2.000000,38.063910000,127.270350000,797.000000,3058.145526,5022.142926,1963.997399,64.221842,1.864551,9.049823,16.141035,7.875910,14.377664,11.861108,16.141035,38.079117000,127.271800000,38.079117000,127.271800000,38.079506000,127.271610000,38.079539183,127.271515718,38.079433000,127.272064000,38.079553102,127.272167204,38.078743000,127.271990000,38.078760240,127.272077171,38.078815000,127.271550000,38.078711454,127.271451926
75,75,825297868177,14.999,2.000000,38.063984000,127.270380000,797.000000,3001.071778,4958.444226,1957.372448,65.222447,1.893823,9.177548,16.197304,7.831053,14.411900,11.904452,16.197304,38.079120000,127.271800000,38.079120000,127.271800000,38.079502000,127.271610000,38.079538571,127.271516133,38.079433000,127.272060000,38.079552847,127.272164819,38.078750000,127.271990000,38.078766810,127.272076780,38.078823000,127.271550000,38.078717806,127.271454127
76,76,825297868377,15.199,2.000000,38.064053000,127.270400000,797.000000,2991.122180,4894.888078,1903.765898,63.647213,1.803439,8.529177,16.008735,8.162142,13.745960,11.611504,16.008735,38.079120000,127.271805000,38.079120000,127.271805000,38.079502000,127.271610000,38.079534509,127.271521860,38.079433000,127.272060000,38.079549061,127.272167877,38.078754000,127.271990000,38.078769572,127.272081022,38.078823000,127.271550000,38.078721380,127.271460880
77,77,825297868583,15.405,2.000000,38.064125000,127.270424000,797.000000,2951.791198,4861.204958,1909.413760,64.686613,2.135275,9.093578,16.017221,7.670352,13.808123,11.647318,16.017221,38.079140000,127.271805000,38.079140000,127.271805000,38.079517000,127.271614000,38.079555346,127.271522367,38.079450000,127.272064000,38.079569210,127.272166358,38.078777000,127.271996000,38.078793660,127.272080938,38.078842000,127.271560000,38.078744497,127.271462591
78,78,825297868785,15.607,2.000000,38.064198000,127.270454000,797.000000,2920.274393,4795.273204,1874.998811,64.206255,2.125397,8.996289,16.015387,7.640520,13.753303,11.601375,16.015387,38.079140000,127.271805000,38.079140000,127.271805000,38.079514000,127.271614000,38.079551086,127.271522782,38.079445000,127.272064000,38.079565476,127.272163899,38.078780000,127.271996000,38.078797019,127.272080471,38.078846000,127.271560000,38.078747773,127.271464801
79,79,825297868972,15.794,2.000000,38.064266000,127.270480000,797.000000,2853.700054,4727.452818,1873.752764,65.660466,2.180157,8.729690,15.840100,7.971413,13.614655,11.538965,15.840100,38.079136000,127.271810000,38.079136000,127.271810000,38.079502000,127.271614000,38.079542061,127.271528357,38.079440000,127.272064000,38.079557114,127.272166673,38.078780000,127.271996000,38.078795683,127.272084762,38.078842000,127.271570000,38.078747255,127.271471750
80,80,825297869172,15.994,2.000000,38.064340000,127.270500000,797.000000,2813.395169,4632.584940,1819.189771,64.661722,1.660048,8.024374,15.118825,8.230810,13.267044,11.160263,15.118825,38.079117000,127.271820000,38.079117000,127.271820000,38.079480000,127.271620000,38.079514172,127.271539369,38.079422000,127.272070000,38.079530313,127.272174094,38.078770000,127.272000000,38.078778461,127.272093314,38.078827000,127.271576000,38.078732489,127.271483763
81,81,825297869374,16.196,2.000000,38.064480000,127.270550000,797.000000,2693.782357,4438.191088,1744.408731,64.756855,0.895268,8.444941,12.941505,7.122411,12.843686,10.338136,12.941505,38.079067000,127.271840000,38.079067000,127.271840000,38.079407000,127.271645000,38.079444316,127.271561091,38.079376000,127.272090000,38.079462715,127.272188370,38.078740000,127.272030000,38.078730555,127.272110391,38.078773000,127.271610000,38.078690096,127.271508062
82,82,825297869577,16.399,2.000000,38.064480000,127.270550000,797.000000,2693.782357,4438.191088,1744.408731,64.756855,0.895268,8.444941,12.941505,7.122411,12.843686,10.338136,12.941505,38.079067000,127.271840000,38.079067000,127.271840000,38.079407000,127.271645000,38.079444316,127.271561091,38.079376000,127.272090000,38.079462715,127.272188370,38.078740000,127.272030000,38.078730555,127.272110391,38.078773000,127.271610000,38.078690096,127.271508062
83,83,825297869778,16.600,2.000000,38.064550000,127.270580000,797.000000,2672.128431,4337.485802,1665.357371,62.323253,0.638432,8.578838,11.728797,6.556455,11.804315,9.667101,11.804315,38.079037000,127.271850000,38.079037000,127.271850000,38.079357000,127.271650000,38.079403448,127.271571878,38.079353000,127.272095000,38.079422872,127.272195183,38.078724000,127.272050000,38.078700983,127.272118873,38.078735000,127.271620000,38.078663601,127.271520401
84,84,825297869981,16.803,2.000000,38.064620000,127.270610000,797.000000,2633.318891,4325.682515,1692.363624,64.267326,0.672283,9.616660,11.077100,7.391449,10.946111,9.757830,11.077100,38.079070000,127.271830000,38.079070000,127.271830000,38.079380000,127.271630000,38.079440540,127.271551711,38.079403000,127.272070000,38.079460035,127.272173587,38.078773000,127.272026000,38.078741007,127.272099915,38.078760000,127.271600000,38.078698537,127.271502492
85,85,825297870184,17.006,2.000000,38.064762000,127.270650000,797.000000,2644.610201,4581.970081,1937.359880,73.256916,3.889292,18.848530,11.681351,13.315653,9.196504,13.260510,18.848530,38.079327000,127.271160000,38.079327000,127.271160000,38.079582000,127.270935000,38.079741534,127.270862934,38.079685000,127.271380000,38.079747873,127.271486732,38.079063000,127.271380000,38.078954697,127.271444511,38.078968000,127.270950000,38.078993648,127.270850234
86,86,825297870373,17.195,2.000000,38.064835000,127.270676000,797.000000,2477.677553,4323.203035,1845.525481,74.486104,3.311241,16.162934,10.340087,20.352111,9.641854,14.124247,20.352111,38.079308000,127.270390000,38.079308000,127.270390000,38.079525000,127.270150000,38.079657371,127.270074208,38.079685000,127.270584000,38.079647246,127.270691815,38.079098000,127.270620000,38.078924470,127.270693119,38.078953000,127.270200000,38.078913078,127.270102351
87,87,825297870576,17.398,2.000000,38.064907000,127.270700000,797.000000,2449.300893,4325.820389,1876.519496,76.614494,4.323374,12.713894,10.539419,19.532129,12.450750,13.809048,19.532129,38.079334000,127.269740000,38.079334000,127.269740000,38.079517000,127.269485000,38.079616459,127.269413677,38.079720000,127.269905000,38.079706692,127.270024083,38.079140000,127.269980000,38.078976087,127.270059528,38.078953000,127.269580000,38.078876526,127.269476313
88,88,825297870778,17.600,2.000000,38.064980000,127.270720000,797.000000,2269.746998,4181.492560,1911.745562,84.227254,0.720215,24.070551,9.497744,22.591516,10.475697,16.658877,24.070551,38.079280000,127.269040000,38.079280000,127.269040000,38.079422000,127.268790000,38.079623830,127.268691433,38.079662000,127.269196000,38.079654103,127.269303924,38.079132000,127.269295000,38.078939074,127.269374998,38.078907000,127.268906000,38.078917501,127.268787197
89,89,825297870981,17.803,2.000000,38.065050000,127.270744000,797.000000,2140.453479,5002.086521,2861.633042,133.692840,7.643227,24.038749,10.468440,21.834589,35.856774,23.049638,35.856774,38.079205000,127.268360000,38.079205000,127.268360000,38.079310000,127.268105000,38.079509891,127.268001205,38.079586000,127.268486000,38.079616317,127.268599089,38.079086000,127.268616000,38.078903155,127.268706187,38.078835000,127.268240000,38.078515527,127.268187775
90,90,825297871184,18.006,2.000000,38.065050000,127.270744000,797.000000,2140.453479,5002.086521,2861.633042,133.692840,7.643227,24.038749,10.468440,21.834589,35.856774,23.049638,35.856774,38.079205000,127.268360000,38.079205000,127.268360000,38.079310000,127.268105000,38.079509891,127.268001205,38.079586000,127.268486000,38.079616317,127.268599089,38.079086000,127.268616000,38.078903155,127.268706187,38.078835000,127.268240000,38.078515527,127.268187775
91,91,825297871371,18.193,2.000000,38.065120000,127.270770000,797.000000,2061.465742,5962.312000,3900.846259,189.226829,6.390060,48.731050,27.825490,13.940013,36.749527,31.811520,48.731050,38.079230000,127.267890000,38.079230000,127.267890000,38.079310000,127.267630000,38.079730482,127.267475308,38.079617000,127.268000000,38.079859872,127.268075088,38.079147000,127.268150000,38.079037633,127.268227487,38.078870000,127.267790000,38.078542109,127.267741274
92,92,825297871574,18.396,2.000000,38.065193000,127.270780000,797.000000,2105.745178,5352.337794,3246.592615,154.177849,15.810176,20.332375,11.287381,29.787562,52.030141,28.359365,52.030141,38.079437000,127.268060000,38.079437000,127.268060000,38.079510000,127.267810000,38.079673181,127.267705762,38.079840000,127.268166000,38.079836797,127.268294749,38.079365000,127.268320000,38.079109325,127.268420295,38.079052000,127.267960000,38.078585028,127.267934759
93,93,825297871776,18.598,2.000000,38.065266000,127.270805000,796.000000,2209.749353,4224.798591,2015.049237,91.189041,2.536897,33.080305,11.900940,25.742479,12.555875,20.819900,33.080305,38.079530000,127.268730000,38.079530000,127.268730000,38.079597000,127.268480000,38.079881245,127.268369894,38.079960000,127.268845000,38.079942957,127.268979079,38.079450000,127.268980000,38.079229838,127.269069874,38.079120000,127.268620000,38.079162925,127.268487492
94,94,825297871981,18.803,2.000000,38.065342000,127.270820000,796.000000,2257.666034,3913.930013,1656.263978,73.361780,2.025586,30.289027,14.604638,22.589366,14.468333,20.487841,30.289027,38.079597000,127.269410000,38.079597000,127.269410000,38.079670000,127.269160000,38.079932791,127.269070398,38.080040000,127.269530000,38.079980677,127.269678659,38.079530000,127.269660000,38.079334944,127.269731087,38.079180000,127.269295000,38.079243548,127.269150967
95,95,825297872182,19.004,2.000000,38.065414000,127.270836000,796.000000,2326.288133,3801.283627,1474.995494,63.405537,0.982209,25.180941,17.338238,27.534404,16.360481,21.603516,27.534404,38.079610000,127.270035000,38.079610000,127.270035000,38.079674000,127.269790000,38.079892564,127.269715945,38.080063000,127.270170000,38.079960791,127.270319303,38.079530000,127.270280000,38.079288051,127.270345283,38.079166000,127.269910000,38.079256664,127.269763051
96,96,825297872385,19.207,2.000000,38.065487000,127.270850000,795.000000,2311.275225,3992.502441,1681.227216,72.740243,0.879704,32.954330,19.168703,36.251420,19.802010,27.044116,36.251420,38.079636000,127.270720000,38.079636000,127.270720000,38.079700000,127.270480000,38.079991410,127.270413790,38.080105000,127.270870000,38.079979265,127.271019465,38.079586000,127.270966000,38.079262470,127.271013155,38.079197000,127.270584000,38.079328380,127.270431647
97,97,825297872586,19.408,2.000000,38.065636000,127.270874000,795.000000,2493.773100,4099.714075,1605.940975,64.398039,1.796519,39.613839,22.790379,31.555202,21.960250,28.979917,39.613839,38.080147000,127.271460000,38.080147000,127.271460000,38.080185000,127.271210000,38.080539142,127.271165666,38.080650000,127.271620000,38.080490694,127.271783363,38.080110000,127.271706000,38.079828192,127.271744880,38.079666000,127.271310000,38.079817493,127.271149475
98,98,825297872774,19.596,2.000000,38.065712000,127.270880000,794.000000,2462.077548,4425.571274,1963.493726,79.749467,1.270340,42.732501,24.541866,43.045220,20.345755,32.666335,43.045220,38.080254000,127.270800000,38.080254000,127.270800000,38.080265000,127.270546000,38.080646066,127.270487138,38.080772000,127.270930000,38.080601673,127.271107825,38.080250000,127.271040000,38.079866083,127.271098635,38.079758000,127.270670000,38.079886630,127.270505048
99,99,825297872976,19.798,2.000000,38.065784000,127.270890000,794.000000,2363.213531,4499.334339,2136.120809,90.390512,5.322374,39.300658,49.917235,42.293899,37.843479,42.338818,49.917235,38.080215000,127.269950000,38.080215000,127.269950000,38.080730000,127.270040000,38.080619978,127.269613825,38.080235000,127.270195000,38.080682561,127.270230124,38.079735000,127.269850000,38.079928199,127.270265606,38.080193000,127.269700000,38.079853500,127.269677691
100,100,825297873180,20.002,2.000000,38.065784000,127.270890000,794.000000,2363.213531,4499.334339,2136.120809,90.390512,5.322374,39.300658,49.917235,42.293899,37.843479,42.338818,49.917235,38.080215000,127.269950000,38.080215000,127.269950000,38.080730000,127.270040000,38.080619978,127.269613825,38.080235000,127.270195000,38.080682561,127.270230124,38.079735000,127.269850000,38.079928199,127.270265606,38.080193000,127.269700000,38.079853500,127.269677691
101,101,825297873384,20.206,2.000000,38.065845000,127.270890000,793.000000,2288.521761,4417.256551,2128.734790,93.017896,1.188820,40.382051,43.458805,38.202991,38.623660,40.166877,43.458805,38.080143000,127.269230000,38.080143000,127.269230000,38.080658000,127.269300000,38.080510488,127.268878972,38.080190000,127.269480000,38.080580345,127.269488129,38.079680000,127.269165000,38.079821106,127.269562424,38.080116000,127.268990000,38.079769155,127.268978560
102,102,825297873572,20.394,2.000000,38.065920000,127.270890000,792.000000,2074.707736,4294.587948,2219.880212,106.997250,1.466067,39.494270,37.816005,37.399678,39.534944,38.561224,39.534944,38.080080000,127.268550000,38.080080000,127.268550000,38.080544000,127.268600000,38.080396067,127.268190332,38.080128000,127.268780000,38.080467538,127.268793596,38.079617000,127.268500000,38.079729995,127.268901950,38.080025000,127.268310000,38.079670014,127.268323657
103,103,825297873773,20.595,2.000000,38.065998000,127.270890000,792.000000,2011.551237,4474.896259,2463.345021,122.459969,1.367538,39.718545,43.925475,38.304982,49.423479,42.843120,49.423479,38.079967000,127.267870000,38.079967000,127.267870000,38.080430000,127.267900000,38.080263590,127.267499042,38.080032000,127.268100000,38.080426253,127.268079320,38.079536000,127.267840000,38.079702842,127.268222323,38.079903000,127.267630000,38.079461348,127.267687671
104,104,825297873976,20.798,2.000000,38.066147000,127.270880000,791.000000,2084.549824,4521.513494,2436.963670,116.905993,0.645175,40.764983,42.395357,38.700070,43.431879,41.323072,43.431879,38.080425000,127.268010000,38.080425000,127.268010000,38.080900000,127.268060000,38.080759204,127.267630537,38.080482000,127.268250000,38.080862658,127.268234898,38.079970000,127.267975000,38.080126678,127.268369261,38.080368000,127.267780000,38.079978234,127.267802137
105,105,825297874180,21.002,2.000000,38.066223000,127.270874000,790.000000,2155.129263,4322.368777,2167.239514,100.561927,2.010981,40.609347,38.795003,37.276701,40.148199,39.207312,40.609347,38.080524000,127.268690000,38.080524000,127.268690000,38.081013000,127.268750000,38.080860428,127.268329033,38.080570000,127.268936000,38.080918491,127.268939350,38.080086000,127.268630000,38.080178633,127.269038813,38.080498000,127.268450000,38.080137349,127.268452682
106,106,825297874383,21.205,2.000000,38.066300000,127.270870000,789.000000,2289.863997,4637.503560,2347.639563,102.523100,0.402889,40.204102,15.284283,42.300632,16.064192,28.463303,42.300632,38.080578000,127.269394000,38.080578000,127.269394000,38.080570000,127.269150000,38.080922735,127.269051480,38.081060000,127.269485000,38.081031023,127.269655500,38.080574000,127.269646000,38.080199277,127.269726123,38.080112000,127.269310000,38.080171314,127.269142872
107,107,825297874584,21.406,2.000000,38.066376000,127.270860000,789.000000,2253.097988,4648.701471,2395.603483,106.324869,1.200091,43.962954,16.237280,37.384214,13.427652,27.753025,43.962954,38.080643000,127.270090000,38.080643000,127.270090000,38.080647000,127.269840000,38.081037182,127.269762466,38.081112000,127.270200000,38.081061319,127.270373760,38.080624000,127.270330000,38.080292890,127.270401261,38.080180000,127.269970000,38.080211852,127.269822198
108,108,825297874773,21.595,2.000000,38.066376000,127.270860000,789.000000,2253.097988,4648.701471,2395.603483,106.324869,1.200091,43.962954,16.237280,37.384214,13.427652,27.753025,43.962954,38.080643000,127.270090000,38.080643000,127.270090000,38.080647000,127.269840000,38.081037182,127.269762466,38.081112000,127.270200000,38.081061319,127.270373760,38.080624000,127.270330000,38.080292890,127.270401261,38.080180000,127.269970000,38.080211852,127.269822198
109,109,825297874976,21.798,2.000000,38.066452000,127.270840000,788.000000,2279.482540,4368.151127,2088.668587,91.629067,0.474106,40.397829,18.634987,38.495723,16.227093,28.438908,40.397829,38.080670000,127.270640000,38.080670000,127.270640000,38.080700000,127.270390000,38.081059801,127.270329880,38.081142000,127.270775000,38.081035307,127.270938877,38.080640000,127.270880000,38.080297000,127.270935926,38.080220000,127.270515000,38.080292865,127.270354607
110,110,825297875179,22.001,2.000000,38.066525000,127.270830000,787.000000,2293.467228,4350.588567,2057.121340,89.694822,1.012613,39.947217,17.074335,37.107798,17.904164,28.008378,39.947217,38.080765000,127.271255000,38.080765000,127.271255000,38.080826000,127.271010000,38.081182866,127.270962108,38.081220000,127.271416000,38.081126226,127.271570199,38.080708000,127.271500000,38.080375744,127.271534198,38.080334000,127.271110000,38.080437255,127.270953338
111,111,825297875383,22.205,2.000000,38.066677000,127.270790000,786.000000,2284.491321,3937.832340,1653.341019,72.372392,3.800345,28.807332,20.577333,35.243767,14.905143,24.883394,35.243767,38.081140000,127.270200000,38.081140000,127.270200000,38.081180000,127.269950000,38.081432970,127.269880722,38.081596000,127.270340000,38.081456841,127.270494575,38.081097000,127.270450000,38.080783951,127.270510076,38.080704000,127.270070000,38.080766736,127.269919724
112,112,825297875572,22.394,2.000000,38.066750000,127.270770000,786.000000,2257.131548,4123.767797,1866.636250,82.699489,4.184390,29.642811,18.393352,33.492904,12.520996,23.512516,33.492904,38.081112000,127.269420000,38.081112000,127.269420000,38.081150000,127.269165000,38.081408749,127.269085085,38.081560000,127.269540000,38.081448960,127.269695445,38.081070000,127.269670000,38.080775256,127.269746749,38.080680000,127.269310000,38.080676863,127.269167161
113,113,825297875775,22.597,2.000000,38.066826000,127.270744000,785.000000,2154.725240,4235.932841,2081.207601,96.588074,0.969700,36.715497,14.576850,34.376466,14.112200,24.945253,36.715497,38.080994000,127.268810000,38.080994000,127.268810000,38.081030000,127.268555000,38.081350280,127.268454948,38.081436000,127.268906000,38.081390621,127.269062048,38.080963000,127.269050000,38.080663983,127.269148009,38.080570000,127.268710000,38.080627918,127.268566737
114,114,825297875979,22.801,2.000000,38.066900000,127.270720000,785.000000,2010.648155,4127.707489,2117.059335,105.292382,1.229510,31.244808,13.215699,32.123138,11.107855,21.922875,32.123138,38.080883000,127.268130000,38.080883000,127.268130000,38.080906000,127.267880000,38.081173403,127.267771640,38.081310000,127.268210000,38.081294308,127.268359499,38.080856000,127.268370000,38.080580393,127.268478634,38.080486000,127.268040000,38.080470188,127.267914835
115,115,825297876182,23.004,2.000000,38.066970000,127.270700000,785.000000,1861.557412,4103.288560,2241.731148,120.422348,1.013065,34.678194,12.358943,36.463132,11.959277,23.864886,36.463132,38.080753000,127.267456000,38.080753000,127.267456000,38.080760000,127.267220000,38.081051648,127.267080916,38.081146000,127.267530000,38.081136441,127.267670521,38.080738000,127.267700000,38.080425480,127.267824624,38.080357000,127.267395000,38.080351938,127.267258668
116,116,825297876384,23.206,2.000000,38.067047000,127.270670000,785.000000,1992.226449,4151.696110,2159.469662,108.394789,1.150832,36.973542,12.594109,33.144897,12.138603,23.712788,36.973542,38.081090000,127.267075000,38.081090000,127.267075000,38.081104000,127.266820000,38.081417106,127.266679212,38.081510000,127.267140000,38.081496356,127.267282680,38.081078000,127.267320000,38.080797954,127.267448474,38.080700000,127.267006000,38.080721719,127.266870245
117,117,825297876585,23.407,2.000000,38.067047000,127.270670000,785.000000,1992.226449,4151.696110,2159.469662,108.394789,1.150832,36.973542,12.594109,33.144897,12.138603,23.712788,36.973542,38.081090000,127.267075000,38.081090000,127.267075000,38.081104000,127.266820000,38.081417106,127.266679212,38.081510000,127.267140000,38.081496356,127.267282680,38.081078000,127.267320000,38.080797954,127.267448474,38.080700000,127.267006000,38.080721719,127.266870245
118,118,825297876771,23.593,2.000000,38.067120000,127.270640000,785.000000,1981.250214,4156.250855,2175.000641,109.779200,1.399764,33.783382,12.097996,29.076870,11.041852,21.500025,33.783382,38.081190000,127.267670000,38.081190000,127.267670000,38.081220000,127.267420000,38.081506970,127.267294560,38.081615000,127.267750000,38.081626053,127.267887352,38.081158000,127.267914000,38.080911829,127.268024945,38.080814000,127.267580000,38.080812385,127.267454002
119,119,825297876976,23.798,2.000000,38.067192000,127.270610000,785.000000,2131.879969,4273.552139,2141.672170,100.459322,0.737065,31.065998,10.466198,29.797397,11.269999,20.649898,31.065998,38.081356000,127.268394000,38.081356000,127.268394000,38.081420000,127.268150000,38.081684172,127.268035705,38.081768000,127.268520000,38.081756614,127.268638566,38.081276000,127.268650000,38.081018000,127.268740597,38.080960000,127.268290000,38.080964378,127.268161502
120,120,825297877180,24.002,2.000000,38.067260000,127.270580000,785.000000,2167.674982,4012.041265,1844.366283,85.085001,1.314037,32.524278,13.480488,21.384396,10.313563,19.425681,32.524278,38.081455000,127.269035000,38.081455000,127.269035000,38.081550000,127.268780000,38.081833002,127.268687743,38.081860000,127.269170000,38.081798045,127.269302187,38.081352000,127.269280000,38.081170355,127.269359411,38.081078000,127.268900000,38.081085787,127.268782713
121,121,825297877384,24.206,2.000000,38.067406000,127.270515000,785.000000,2170.754488,3649.209469,1478.454982,68.107886,3.374909,17.075986,11.030581,15.177816,12.313632,13.899504,17.075986,38.081550000,127.270080000,38.081550000,127.270080000,38.081700000,127.269844000,38.081841870,127.269769885,38.081917000,127.270256000,38.081957704,127.270370775,38.081400000,127.270320000,38.081271987,127.270379622,38.081200000,127.269910000,38.081266329,127.269797538
122,122,825297877572,24.394,2.000000,38.067474000,127.270480000,785.000000,2184.370133,3777.289266,1592.919133,72.923499,2.581961,25.250916,10.853923,14.649661,10.041997,15.199124,25.250916,38.081590000,127.270775000,38.081590000,127.270775000,38.081770000,127.270546000,38.081990936,127.270480718,38.081947000,127.270970000,38.081906497,127.271082677,38.081413000,127.271000000,38.081289861,127.271058980,38.081264000,127.270584000,38.081299479,127.270478632
123,123,825297877778,24.600,2.000000,38.067543000,127.270450000,785.000000,2268.513234,4489.716394,2221.203160,97.914490,3.504292,17.964780,9.948203,27.020781,11.633518,16.641820,27.020781,38.082104000,127.270676000,38.082104000,127.270676000,38.082287000,127.270440000,38.082439201,127.270371840,38.082443000,127.270880000,38.082460063,127.270991446,38.081917000,127.270905000,38.081678927,127.270965128,38.081757000,127.270485000,38.081700044,127.270373682
124,124,825297877982,24.804,2.000000,38.067616000,127.270410000,785.000000,2208.235254,4482.320396,2274.085142,102.982014,3.651338,29.488347,11.330656,17.951794,9.365508,17.034076,29.488347,38.082024000,127.270004000,38.082024000,127.270004000,38.082184000,127.269760000,38.082442023,127.269683824,38.082382000,127.270190000,38.082434939,127.270300446,38.081852000,127.270230000,38.081702847,127.270307896,38.081680000,127.269820000,38.081649006,127.269720633
125,125,825297878192,25.014,2.000000,38.067616000,127.270410000,785.000000,2208.235254,4482.320396,2274.085142,102.982014,3.651338,29.488347,11.330656,17.951794,9.365508,17.034076,29.488347,38.082024000,127.270004000,38.082024000,127.270004000,38.082184000,127.269760000,38.082442023,127.269683824,38.082382000,127.270190000,38.082434939,127.270300446,38.081852000,127.270230000,38.081702847,127.270307896,38.081680000,127.269820000,38.081649006,127.269720633
126,126,825297878374,25.196,2.000000,38.067684000,127.270370000,785.000000,2152.678141,4517.799901,2365.121760,109.868806,6.277581,33.557784,13.691715,21.276506,9.011499,19.384376,33.557784,38.081944000,127.269310000,38.081944000,127.269310000,38.082096000,127.269066000,38.082387768,127.268969695,38.082287000,127.269480000,38.082378633,127.269584231,38.081790000,127.269550000,38.081608849,127.269627433,38.081590000,127.269140000,38.081613080,127.269041424
127,127,825297878577,25.399,2.000000,38.067753000,127.270340000,786.000000,2088.899051,4228.743109,2139.844059,102.438845,0.398879,23.579642,10.179754,25.143689,9.053889,16.989243,25.143689,38.081833000,127.268600000,38.081833000,127.268600000,38.081966000,127.268350000,38.082164220,127.268255129,38.082184000,127.268750000,38.082221060,127.268856209,38.081690000,127.268845000,38.081475458,127.268934733,38.081486000,127.268450000,38.081452083,127.268356085
128,128,825297878780,25.602,2.000000,38.067820000,127.270300000,786.000000,1987.411052,4015.632014,2028.220962,102.053421,1.246429,21.164851,9.762837,22.489783,10.460747,15.969555,22.489783,38.081690000,127.267930000,38.081690000,127.267930000,38.081818000,127.267680000,38.081989901,127.267576803,38.082060000,127.268060000,38.082090943,127.268164253,38.081585000,127.268170000,38.081398900,127.268269893,38.081352000,127.267800000,38.081291160,127.267709016
129,129,825297878983,25.805,2.000000,38.067955000,127.270226000,786.000000,1912.890385,4053.069621,2140.179236,111.881959,1.291785,25.884766,8.520239,26.623013,9.853046,17.720266,26.623013,38.081646000,127.266785000,38.081646000,127.266785000,38.081730000,127.266540000,38.081937693,127.266407167,38.082010000,127.266900000,38.082035101,127.266991860,38.081554000,127.267040000,38.081332723,127.267155276,38.081303000,127.266680000,38.081245991,127.266593983
130,130,825297879172,25.994,2.000000,38.068024000,127.270190000,787.000000,2005.996455,4176.874597,2170.878142,108.219441,0.851122,27.123260,9.619071,25.305038,8.454544,17.625478,27.123260,38.081910000,127.267100000,38.081910000,127.267100000,38.082012000,127.266846000,38.082234974,127.266721206,38.082280000,127.267220000,38.082323958,127.267314512,38.081806000,127.267350000,38.081596745,127.267462820,38.081562000,127.266980000,38.081534357,127.266890130
131,131,825297879372,26.194,2.000000,38.068024000,127.270190000,787.000000,2005.996455,4176.874597,2170.878142,108.219441,0.851122,27.123260,9.619071,25.305038,8.454544,17.625478,27.123260,38.081910000,127.267100000,38.081910000,127.267100000,38.082012000,127.266846000,38.082234974,127.266721206,38.082280000,127.267220000,38.082323958,127.267314512,38.081806000,127.267350000,38.081596745,127.267462820,38.081562000,127.266980000,38.081534357,127.266890130
132,132,825297879574,26.396,2.000000,38.068090000,127.270150000,787.000000,1969.833295,4220.588212,2250.754916,114.261188,2.318741,25.767918,12.266600,19.766659,9.566728,16.841976,25.767918,38.082080000,127.267740000,38.082080000,127.267740000,38.082207000,127.267494000,38.082419182,127.267376454,38.082428000,127.267880000,38.082511473,127.267971389,38.081950000,127.267980000,38.081791699,127.268082196,38.081745000,127.267600000,38.081690690,127.267515384
133,133,825297879777,26.599,2.000000,38.068153000,127.270110000,787.000000,2070.813942,4044.729726,1973.915784,95.320770,2.448733,19.716310,8.780209,21.461066,10.928792,15.221594,21.461066,38.082210000,127.268420000,38.082210000,127.268420000,38.082370000,127.268170000,38.082531648,127.268078038,38.082565000,127.268580000,38.082567005,127.268680173,38.082058000,127.268654000,38.081880744,127.268750317,38.081894000,127.268260000,38.081821164,127.268176369
134,134,825297879981,26.803,2.000000,38.068287000,127.270035000,787.000000,2140.782502,4108.104427,1967.321925,91.897328,1.914117,19.013703,11.309636,11.665560,11.432410,13.355327,19.013703,38.082460000,127.270040000,38.082460000,127.270040000,38.082672000,127.269820000,38.082829796,127.269736941,38.082756000,127.270250000,38.082826247,127.270343247,38.082240000,127.270260000,38.082151350,127.270330996,38.082157000,127.269844000,38.082085659,127.269750145
135,135,825297880184,27.006,2.000000,38.068350000,127.270000000,788.000000,2140.260765,4402.798443,2262.537677,105.713178,4.633034,17.263018,21.599203,11.972208,10.699231,15.383415,21.599203,38.082623000,127.270500000,38.082623000,127.270500000,38.082867000,127.270290000,38.083008016,127.270208026,38.082916000,127.270720000,38.083091946,127.270823916,38.082394000,127.270706000,38.082304611,127.270781975,38.082350000,127.270290000,38.082288880,127.270195764
136,136,825297880371,27.193,2.000000,38.068417000,127.269950000,788.000000,2234.642452,4304.271744,2069.629291,92.615679,1.492235,15.060206,15.023896,15.661455,9.992160,13.934429,15.661455,38.082890000,127.270096000,38.082890000,127.270096000,38.083115000,127.269875000,38.083233203,127.269791393,38.083190000,127.270320000,38.083304959,127.270409828,38.082660000,127.270320000,38.082529871,127.270387940,38.082600000,127.269890000,38.082548421,127.269796670
137,137,825297880572,27.394,2.000000,38.068417000,127.269950000,788.000000,2234.642452,4304.271744,2069.629291,92.615679,1.492235,15.060206,15.023896,15.661455,9.992160,13.934429,15.661455,38.082890000,127.270096000,38.082890000,127.270096000,38.083115000,127.269875000,38.083233203,127.269791393,38.083190000,127.270320000,38.083304959,127.270409828,38.082660000,127.270320000,38.082529871,127.270387940,38.082600000,127.269890000,38.082548421,127.269796670
138,138,825297880776,27.598,2.000000,38.068480000,127.269910000,788.000000,2186.898693,4022.913810,1836.015117,83.955197,0.463523,17.057906,8.107847,18.748161,8.323358,13.059318,18.748161,38.082820000,127.269590000,38.082820000,127.269590000,38.083050000,127.269360000,38.083187980,127.269275326,38.083134000,127.269800000,38.083156217,127.269888122,38.082615000,127.269810000,38.082459187,127.269891216,38.082530000,127.269394000,38.082509848,127.269302523
139,139,825297880979,27.801,2.000000,38.068546000,127.269875000,788.000000,2159.780612,4152.142758,1992.362146,92.248358,0.573441,19.425545,9.377486,16.454368,10.401730,13.914782,19.425545,38.082720000,127.268760000,38.082720000,127.268760000,38.082920000,127.268524000,38.083077024,127.268427289,38.083046000,127.268950000,38.083097450,127.269034742,38.082527000,127.269000000,38.082392372,127.269077526,38.082417000,127.268585000,38.082354074,127.268497243
140,140,825297881182,28.004,2.000000,38.068610000,127.269840000,788.000000,2054.494052,3999.564759,1945.070708,94.673952,1.050664,17.875169,9.607743,18.034838,10.257093,13.943711,18.034838,38.082603000,127.268060000,38.082603000,127.268060000,38.082770000,127.267815000,38.082911475,127.267718501,38.082935000,127.268220000,38.082978173,127.268314946,38.082436000,127.268295000,38.082292211,127.268389832,38.082287000,127.267890000,38.082213140,127.267820014
141,141,825297881371,28.193,2.000000,38.068740000,127.269750000,788.000000,1925.192631,3850.006507,1924.813877,99.980326,0.550692,20.803603,9.369307,21.328472,7.413501,14.728721,21.328472,38.082302000,127.266770000,38.082302000,127.266770000,38.082436000,127.266520000,38.082599394,127.266404765,38.082634000,127.266900000,38.082683931,127.266986079,38.082172000,127.267006000,38.082003968,127.267122953,38.081963000,127.266640000,38.081935625,127.266562871
142,142,825297881572,28.394,2.000000,38.068806000,127.269714000,788.000000,2086.154790,4050.586532,1964.431742,94.165196,1.283566,21.058415,8.604394,20.164715,9.164626,14.748037,21.058415,38.082634000,127.266390000,38.082634000,127.266390000,38.082767000,127.266136000,38.082929310,127.266012555,38.082993000,127.266510000,38.083007259,127.266606514,38.082497000,127.266640000,38.082339929,127.266754633,38.082275000,127.266266000,38.082212179,127.266198399
143,143,825297881775,28.597,2.000000,38.068806000,127.269714000,788.000000,2086.154790,4050.586532,1964.431742,94.165196,1.283566,21.058415,8.604394,20.164715,9.164626,14.748037,21.058415,38.082634000,127.266390000,38.082634000,127.266390000,38.082767000,127.266136000,38.082929310,127.266012555,38.082993000,127.266510000,38.083007259,127.266606514,38.082497000,127.266640000,38.082339929,127.266754633,38.082275000,127.266266000,38.082212179,127.266198399
144,144,825297881979,28.801,2.000000,38.068870000,127.269670000,788.000000,2115.547937,3837.215984,1721.668047,81.381661,0.728240,16.948991,8.694430,18.196771,8.069440,12.977408,18.196771,38.082825000,127.266945000,38.082825000,127.266945000,38.082990000,127.266690000,38.083116764,127.266582856,38.083183000,127.267080000,38.083194880,127.267178072,38.082676000,127.267190000,38.082534949,127.267294958,38.082485000,127.266810000,38.082462110,127.266722618
145,145,825297882180,29.002,2.000000,38.068935000,127.269630000,788.000000,2153.680974,3736.345380,1582.664406,73.486483,0.965634,17.893015,7.830927,14.730999,8.576949,12.257973,17.893015,38.083000000,127.267590000,38.083000000,127.267590000,38.083176000,127.267350000,38.083311589,127.267240331,38.083344000,127.267760000,38.083325914,127.267846368,38.082825000,127.267840000,38.082710689,127.267924698,38.082672000,127.267440000,38.082642808,127.267349411
146,146,825297882383,29.205,2.000000,38.069000000,127.269590000,788.000000,2131.779039,3851.262897,1719.483858,80.659572,0.564498,10.389851,11.720013,15.475763,8.602528,11.547039,15.475763,38.083145000,127.268265000,38.083145000,127.268265000,38.083336000,127.268030000,38.083395925,127.267939092,38.083454000,127.268450000,38.083536600,127.268532937,38.082943000,127.268500000,38.082822002,127.268586973,38.082825000,127.268090000,38.082783402,127.268007259
147,147,825297882571,29.393,2.000000,38.069120000,127.269510000,788.000000,2074.567887,4104.628417,2030.060530,97.854620,5.247206,24.355820,13.380932,15.318091,7.045233,15.025019,24.355820,38.083290000,127.269390000,38.083290000,127.269390000,38.083510000,127.269165000,38.083718769,127.269081832,38.083570000,127.269590000,38.083660765,127.269690121,38.083073000,127.269600000,38.082952064,127.269683401,38.083004000,127.269180000,38.083013235,127.269100455
148,148,825297882775,29.597,2.000000,38.069120000,127.269510000,788.000000,2074.567887,4104.628417,2030.060530,97.854620,5.247206,24.355820,13.380932,15.318091,7.045233,15.025019,24.355820,38.083290000,127.269390000,38.083290000,127.269390000,38.083510000,127.269165000,38.083718769,127.269081832,38.083570000,127.269590000,38.083660765,127.269690121,38.083073000,127.269600000,38.082952064,127.269683401,38.083004000,127.269180000,38.083013235,127.269100455
149,149,825297882978,29.800,2.000000,38.069183000,127.269470000,788.000000,2077.931295,4209.807109,2131.875814,102.596068,5.364526,19.768582,19.120359,9.686511,10.433205,14.752164,19.768582,38.083350000,127.270080000,38.083350000,127.270080000,38.083588000,127.269870000,38.083755020,127.269793345,38.083603000,127.270300000,38.083754899,127.270401864,38.083107000,127.270280000,38.083045799,127.270358586,38.083080000,127.269860000,38.083014483,127.269774854
150,150,825297883180,30.002,2.000000,38.069250000,127.269430000,788.000000,2167.118954,4598.240422,2431.121468,112.182188,2.090989,17.070385,12.932342,16.926985,20.068310,16.749505,20.068310,38.083760000,127.269990000,38.083760000,127.269990000,38.084000000,127.269775000,38.084139761,127.269694831,38.084023000,127.270220000,38.084113079,127.270313204,38.083510000,127.270195000,38.083370245,127.270271123,38.083490000,127.269770000,38.083324807,127.269678288
151,151,825297883382,30.204,2.000000,38.069313000,127.269390000,787.000000,2144.101478,4294.033586,2149.932108,100.271938,1.101301,15.178587,12.176830,22.684058,9.403710,14.860796,22.684058,38.083702000,127.269295000,38.083702000,127.269295000,38.083935000,127.269070000,38.084054139,127.268985748,38.083992000,127.269510000,38.084075448,127.269599853,38.083477000,127.269510000,38.083283364,127.269590642,38.083430000,127.269090000,38.083381498,127.269002130
152,152,825297883603,30.425,2.000000,38.069440000,127.269300000,787.000000,2153.120144,3958.133977,1805.013833,83.832472,5.529079,19.970592,13.102535,9.679797,7.453634,12.551639,19.970592,38.083496000,127.267890000,38.083496000,127.267890000,38.083710000,127.267654000,38.083869327,127.267549244,38.083820000,127.268074000,38.083920908,127.268150979,38.083298000,127.268120000,38.083244155,127.268206745,38.083190000,127.267715000,38.083181277,127.267630658
153,153,825297883772,30.594,2.000000,38.069508000,127.269260000,787.000000,2097.585204,3813.227275,1715.642071,81.791294,0.463752,17.411379,7.465773,15.814770,8.091075,12.195749,17.411379,38.083360000,127.267235000,38.083360000,127.267235000,38.083540000,127.267000000,38.083669799,127.266889127,38.083700000,127.267400000,38.083711486,127.267483946,38.083180000,127.267470000,38.083060413,127.267567435,38.083030000,127.267080000,38.082993291,127.267000301
154,154,825297883976,30.798,2.000000,38.069572000,127.269220000,787.000000,2089.250441,3673.259966,1584.009524,75.817120,2.824756,19.663036,8.064427,14.538338,9.052220,12.829506,19.663036,38.083190000,127.266580000,38.083190000,127.266580000,38.083363000,127.266335000,38.083513616,127.266217766,38.083538000,127.266720000,38.083561730,127.266806959,38.083023000,127.266820000,38.082918756,127.266919952,38.082844000,127.266450000,38.082873191,127.266353575
155,155,825297884180,31.002,2.000000,38.069637000,127.269170000,787.000000,2195.859292,3745.392169,1549.532876,70.566128,3.306146,13.833201,10.056858,17.246667,7.864579,12.250326,17.246667,38.083256000,127.266100000,38.083256000,127.266100000,38.083443000,127.265840000,38.083536321,127.265735751,38.083633000,127.266220000,38.083595025,127.266324144,38.083088000,127.266340000,38.082962392,127.266455227,38.082910000,127.265970000,38.082866677,127.265899101
156,156,825297884384,31.206,2.000000,38.069637000,127.269170000,787.000000,2195.859292,3745.392169,1549.532876,70.566128,3.306146,13.833201,10.056858,17.246667,7.864579,12.250326,17.246667,38.083256000,127.266100000,38.083256000,127.266100000,38.083443000,127.265840000,38.083536321,127.265735751,38.083633000,127.266220000,38.083595025,127.266324144,38.083088000,127.266340000,38.082962392,127.266455227,38.082910000,127.265970000,38.082866677,127.265899101
157,157,825297884587,31.409,2.000000,38.069702000,127.269130000,787.000000,2355.299940,4232.953586,1877.653646,79.720362,4.615874,25.521197,8.188540,16.352381,9.157273,14.804848,25.521197,38.083633000,127.266370000,38.083633000,127.266370000,38.083830000,127.266110000,38.084036275,127.265982882,38.083992000,127.266520000,38.084034788,127.266596017,38.083443000,127.266624000,38.083319270,127.266724595,38.083267000,127.266235000,38.083303885,127.266141584
158,158,825297884774,31.596,2.000000,38.069767000,127.269090000,787.000000,2309.524652,4075.776153,1766.251500,76.476841,1.925571,13.426191,8.096729,16.387621,8.937156,11.711924,16.387621,38.083794000,127.267010000,38.083794000,127.267010000,38.084003000,127.266760000,38.084095439,127.266661576,38.084150000,127.267170000,38.084171823,127.267258149,38.083595000,127.267250000,38.083470315,127.267349432,38.083450000,127.266850000,38.083392660,127.266778609
159,159,825297884976,31.798,2.000000,38.069830000,127.269040000,786.000000,2230.562507,4260.772540,2030.210033,91.017850,1.337488,18.163219,11.471457,17.641292,7.715607,13.747894,18.163219,38.083940000,127.267680000,38.083940000,127.267680000,38.084156000,127.267440000,38.084299541,127.267341442,38.084263000,127.267860000,38.084341139,127.267945355,38.083725000,127.267910000,38.083585043,127.268004445,38.083620000,127.267500000,38.083586214,127.267423113
160,160,825297885179,32.001,2.000000,38.069960000,127.268960000,786.000000,2146.625512,3678.205687,1531.580175,71.348270,0.961356,8.888761,12.788648,11.217071,8.348634,10.310778,12.788648,38.084110000,127.269010000,38.084110000,127.269010000,38.084350000,127.268800000,38.084386872,127.268710017,38.084390000,127.269230000,38.084483766,127.269314331,38.083870000,127.269226000,38.083787446,127.269299406,38.083830000,127.268810000,38.083810677,127.268717935
161,161,825297885383,32.205,2.000000,38.070026000,127.268910000,786.000000,2059.424870,3984.179013,1924.754143,93.460760,0.372747,16.014501,10.019590,13.721090,12.455956,13.052784,16.014501,38.084156000,127.269710000,38.084156000,127.269710000,38.084404000,127.269510000,38.084532651,127.269428207,38.084415000,127.269940000,38.084470461,127.270030065,38.083923000,127.269905000,38.083815378,127.269981338,38.083900000,127.269485000,38.083810116,127.269400333
162,162,825297885586,32.408,2.000000,38.070090000,127.268870000,786.000000,2167.562830,4362.389542,2194.826711,101.257813,0.983533,13.674099,14.100878,16.293315,14.350431,14.604681,16.293315,38.084580000,127.269646000,38.084580000,127.269646000,38.084846000,127.269440000,38.084949732,127.269356412,38.084854000,127.269880000,38.084955633,127.269976055,38.084340000,127.269844000,38.084207293,127.269922437,38.084330000,127.269420000,38.084222020,127.269330535
163,163,825297885773,32.595,2.000000,38.070090000,127.268870000,786.000000,2167.562830,4362.389542,2194.826711,101.257813,0.983533,13.674099,14.100878,16.293315,14.350431,14.604681,16.293315,38.084580000,127.269646000,38.084580000,127.269646000,38.084846000,127.269440000,38.084949732,127.269356412,38.084854000,127.269880000,38.084955633,127.269976055,38.084340000,127.269844000,38.084207293,127.269922437,38.084330000,127.269420000,38.084222020,127.269330535
164,164,825297885975,32.797,2.000000,38.070160000,127.268820000,786.000000,2178.042819,4563.015073,2384.972254,109.500706,9.586784,25.779744,24.502492,7.352018,9.710181,16.836109,25.779744,38.084595000,127.268940000,38.084595000,127.268940000,38.084843000,127.268730000,38.085061938,127.268634105,38.084870000,127.269165000,38.085078609,127.269254210,38.084360000,127.269160000,38.084329558,127.269234463,38.084320000,127.268730000,38.084267004,127.268641977
165,165,825297886178,33.000,2.000000,38.070225000,127.268780000,785.000000,2189.051663,4130.575450,1941.523786,88.692461,1.205616,14.350414,13.148624,15.219032,8.300889,12.754740,15.219032,38.084538000,127.268250000,38.084538000,127.268250000,38.084774000,127.268030000,38.084877269,127.267931968,38.084824000,127.268456000,38.084920846,127.268541908,38.084297000,127.268470000,38.084178214,127.268555988,38.084244000,127.268050000,38.084205605,127.267968786
166,166,825297886379,33.201,2.000000,38.070360000,127.268690000,785.000000,2353.788098,3803.790182,1450.002083,61.602915,2.196845,13.072708,9.480996,13.704896,7.878683,11.034321,13.704896,38.084390000,127.266914000,38.084390000,127.266914000,38.084618000,127.266660000,38.084711828,127.266570280,38.084740000,127.267080000,38.084701265,127.267176367,38.084180000,127.267150000,38.084081508,127.267243845,38.084050000,127.266750000,38.084016284,127.266670939
167,167,825297886582,33.404,2.000000,38.070423000,127.268650000,785.000000,2457.262506,3585.516261,1128.253755,45.915068,5.318042,7.299007,9.609560,17.621717,7.485678,10.503991,17.621717,38.084210000,127.265990000,38.084210000,127.265990000,38.084435000,127.265730000,38.084417082,127.265649868,38.084583000,127.266136000,38.084536333,127.266228266,38.083992000,127.266240000,38.083857851,127.266346768,38.083840000,127.265854000,38.083849564,127.265769435
168,168,825297886784,33.606,2.000000,38.070488000,127.268600000,785.000000,2821.753404,3583.641519,761.888115,27.000521,2.575117,15.432090,8.041431,8.029749,7.563576,9.766712,15.432090,38.084587000,127.265594000,38.084587000,127.265594000,38.084873000,127.265310000,38.084741228,127.265255295,38.085007000,127.265724000,38.085034109,127.265809069,38.084340000,127.265860000,38.084379400,127.265936764,38.084206000,127.265465000,38.084181165,127.265384650
169,169,825297886972,33.794,2.000000,38.070488000,127.268600000,785.000000,2821.753404,3583.641519,761.888115,27.000521,2.575117,15.432090,8.041431,8.029749,7.563576,9.766712,15.432090,38.084587000,127.265594000,38.084587000,127.265594000,38.084873000,127.265310000,38.084741228,127.265255295,38.085007000,127.265724000,38.085034109,127.265809069,38.084340000,127.265860000,38.084379400,127.265936764,38.084206000,127.265465000,38.084181165,127.265384650
170,170,825297887174,33.996,2.000000,38.070557000,127.268555000,784.000000,2697.696175,3901.961963,1204.265787,44.640527,0.542879,7.293854,8.223094,9.781469,8.118865,8.354320,9.781469,38.084690000,127.266100000,38.084690000,127.266100000,38.084960000,127.265830000,38.084960161,127.265746756,38.085070000,127.266250000,38.085097603,127.266337052,38.084430000,127.266350000,38.084387180,127.266447483,38.084312000,127.265950000,38.084341556,127.265865289
171,171,825297887375,34.197,2.000000,38.070620000,127.268520000,784.000000,2575.536260,4292.718912,1717.182652,66.672820,3.153719,14.419815,10.751093,10.604488,7.335094,10.777622,14.419815,38.084797000,127.266760000,38.084797000,127.266760000,38.085070000,127.266510000,38.085171056,127.266407042,38.085148000,127.266940000,38.085225332,127.267013504,38.084550000,127.267006000,38.084483070,127.267092124,38.084446000,127.266594000,38.084445846,127.266510285
172,172,825297887576,34.398,2.000000,38.070690000,127.268470000,784.000000,2324.686673,4382.816614,2058.129940,88.533649,9.261990,25.628788,17.248744,7.926571,7.889932,14.673509,25.628788,38.084880000,127.267440000,38.084880000,127.267440000,38.085136000,127.267204000,38.085350944,127.267099206,38.085186000,127.267640000,38.085329920,127.267712940,38.084637000,127.267670000,38.084607517,127.267752347,38.084570000,127.267260000,38.084571970,127.267169987
173,173,825297887778,34.600,2.000000,38.070824000,127.268380000,783.000000,2148.088763,4509.435983,2361.347219,109.927823,3.407442,19.372572,19.909581,13.756271,13.013205,16.512907,19.909581,38.084934000,127.268790000,38.084934000,127.268790000,38.085190000,127.268585000,38.085350371,127.268499146,38.085197000,127.269020000,38.085362582,127.269105889,38.084686000,127.269000000,38.084574848,127.269068605,38.084670000,127.268580000,38.084576559,127.268490755
174,174,825297887979,34.801,2.000000,38.070890000,127.268330000,783.000000,2035.139685,4432.120406,2396.980721,117.779666,1.027730,15.469798,20.931263,13.251871,18.655527,17.077115,20.931263,38.084965000,127.269485000,38.084965000,127.269485000,38.085228000,127.269295000,38.085351472,127.269213980,38.085197000,127.269720000,38.085367137,127.269821705,38.084710000,127.269680000,38.084602504,127.269744983,38.084732000,127.269260000,38.084582062,127.269164896
175,175,825297888183,35.005,2.000000,38.070890000,127.268330000,783.000000,2035.139685,4432.120406,2396.980721,117.779666,1.027730,15.469798,20.931263,13.251871,18.655527,17.077115,20.931263,38.084965000,127.269485000,38.084965000,127.269485000,38.085228000,127.269295000,38.085351472,127.269213980,38.085197000,127.269720000,38.085367137,127.269821705,38.084710000,127.269680000,38.084602504,127.269744983,38.084732000,127.269260000,38.084582062,127.269164896
176,176,825297888372,35.194,2.000000,38.070957000,127.268290000,783.000000,2212.641944,4141.013481,1928.371536,87.152444,2.132941,10.715887,11.303589,12.359514,15.812549,12.547885,15.812549,38.085480000,127.269070000,38.085480000,127.269070000,38.085754000,127.268870000,38.085818286,127.268778969,38.085730000,127.269310000,38.085805111,127.269396814,38.085217000,127.269270000,38.085124564,127.269348140,38.085220000,127.268845000,38.085097697,127.268753214
177,177,825297888576,35.398,2.000000,38.071022000,127.268240000,783.000000,2223.522850,4178.270148,1954.747297,87.912175,0.901008,11.535965,12.369147,13.162746,12.997129,12.516247,13.162746,38.085457000,127.268380000,38.085457000,127.268380000,38.085735000,127.268166000,38.085810555,127.268075889,38.085724000,127.268600000,38.085808950,127.268690997,38.085200000,127.268585000,38.085103339,127.268671525,38.085190000,127.268166000,38.085093879,127.268081795
178,178,825297888785,35.607,2.000000,38.071090000,127.268200000,782.000000,2351.267657,4487.527712,2136.260055,90.855673,2.925181,12.889006,10.377809,14.138115,18.033493,13.859606,18.033493,38.085423000,127.267685000,38.085423000,127.267685000,38.085700000,127.267456000,38.085791248,127.267365448,38.085728000,127.267890000,38.085790558,127.267977815,38.085170000,127.267910000,38.085060110,127.267990898,38.085133000,127.267490000,38.084983995,127.267409239
179,179,825297888981,35.803,2.000000,38.071224000,127.268110000,782.000000,2637.901840,4182.770029,1544.868188,58.564279,1.940944,7.605450,8.427401,10.636914,9.321922,8.997922,10.636914,38.085470000,127.266320000,38.085470000,127.266320000,38.085754000,127.266060000,38.085770790,127.265975860,38.085820000,127.266495000,38.085857610,127.266578474,38.085205000,127.266560000,38.085145561,127.266655053,38.085117000,127.266150000,38.085054738,127.266078854
180,180,825297889184,36.006,2.000000,38.071293000,127.268070000,782.000000,2794.279197,3980.600642,1186.321445,42.455365,3.521395,15.729034,11.220946,7.062953,12.427419,11.610088,15.729034,38.085423000,127.265625000,38.085423000,127.265625000,38.085720000,127.265360000,38.085589057,127.265292549,38.085790000,127.265785000,38.085874247,127.265855315,38.085136000,127.265890000,38.085156139,127.265966442,38.085045000,127.265480000,38.084945564,127.265415524
181,181,825297889372,36.194,2.000000,38.071293000,127.268070000,782.000000,2794.279197,3980.600642,1186.321445,42.455365,3.521395,15.729034,11.220946,7.062953,12.427419,11.610088,15.729034,38.085423000,127.265625000,38.085423000,127.265625000,38.085720000,127.265360000,38.085589057,127.265292549,38.085790000,127.265785000,38.085874247,127.265855315,38.085136000,127.265890000,38.085156139,127.265966442,38.085045000,127.265480000,38.084945564,127.265415524
182,182,825297889574,36.396,2.000000,38.071358000,127.268020000,781.000000,3019.185660,4363.859443,1344.673784,44.537632,3.089250,22.616445,19.836013,12.463029,21.263702,19.044797,22.616445,38.085740000,127.265180000,38.085740000,127.265180000,38.086067000,127.264900000,38.085868319,127.264846055,38.086132000,127.265335000,38.086305867,127.265384563,38.085450000,127.265460000,38.085551667,127.265519569,38.085346000,127.265045000,38.085158396,127.264999344
183,183,825297889778,36.600,2.000000,38.071426000,127.267975000,781.000000,2910.963623,4603.795812,1692.832189,58.153670,1.102397,11.186913,17.182192,8.380209,17.442119,13.547858,17.442119,38.085880000,127.265530000,38.085880000,127.265530000,38.086190000,127.265260000,38.086111629,127.265180079,38.086246000,127.265690000,38.086390507,127.265758910,38.085564000,127.265800000,38.085608981,127.265876694,38.085500000,127.265380000,38.085349869,127.265323027
184,184,825297889981,36.803,2.000000,38.071490000,127.267940000,781.000000,2729.546258,4460.603340,1731.057082,63.419225,0.776846,9.881806,10.804782,9.088465,8.901530,9.669146,10.804782,38.085888000,127.266230000,38.085888000,127.266230000,38.086205000,127.265970000,38.086254518,127.265876395,38.086250000,127.266400000,38.086316765,127.266489508,38.085613000,127.266470000,38.085578173,127.266563817,38.085545000,127.266050000,38.085485736,127.265981794
185,185,825297890185,37.007,2.000000,38.071630000,127.267845000,780.000000,2352.969594,3998.562287,1645.592693,69.936845,3.305037,13.012895,12.144853,9.359734,7.993843,10.627831,13.012895,38.085880000,127.267525000,38.085880000,127.267525000,38.086160000,127.267300000,38.086254136,127.267211946,38.086150000,127.267740000,38.086238476,127.267821099,38.085600000,127.267746000,38.085542786,127.267824279,38.085583000,127.267330000,38.085575375,127.267239281
186,186,825297890371,37.193,2.000000,38.071630000,127.267845000,780.000000,2352.969594,3998.562287,1645.592693,69.936845,3.305037,13.012895,12.144853,9.359734,7.993843,10.627831,13.012895,38.085880000,127.267525000,38.085880000,127.267525000,38.086160000,127.267300000,38.086254136,127.267211946,38.086150000,127.267740000,38.086238476,127.267821099,38.085600000,127.267746000,38.085542786,127.267824279,38.085583000,127.267330000,38.085575375,127.267239281
187,187,825297890575,37.397,2.000000,38.071693000,127.267800000,780.000000,2150.450720,3953.544556,1803.093836,83.847252,2.220866,13.627885,13.816159,9.549809,10.229188,11.805760,13.816159,38.085876000,127.268220000,38.085876000,127.268220000,38.086136000,127.268010000,38.086239881,127.267927704,38.086124000,127.268440000,38.086224067,127.268533281,38.085606000,127.268425000,38.085544534,127.268501034,38.085617000,127.268005000,38.085554308,127.267919643
188,188,825297890775,37.597,2.000000,38.071762000,127.267750000,779.000000,2052.821998,3880.573489,1827.751491,89.036044,2.620800,12.708866,16.656537,8.713268,11.630169,12.427210,16.656537,38.085876000,127.268910000,38.085876000,127.268910000,38.086136000,127.268720000,38.086229427,127.268636636,38.086100000,127.269150000,38.086230832,127.269242246,38.085620000,127.269104000,38.085565768,127.269175707,38.085630000,127.268684000,38.085553802,127.268593188
189,189,825297890977,37.799,2.000000,38.071830000,127.267715000,779.000000,2216.463993,4428.685473,2212.221480,99.808591,0.516084,12.200440,17.086163,13.318190,16.502258,14.776763,17.086163,38.086330000,127.268960000,38.086330000,127.268960000,38.086620000,127.268760000,38.086711130,127.268682643,38.086563000,127.269196000,38.086692106,127.269301461,38.086056000,127.269150000,38.085951702,127.269224468,38.086086000,127.268720000,38.085955162,127.268631453
190,190,825297891178,38.000,2.000000,38.071964000,127.267624000,779.000000,2504.494330,4478.328632,1973.834302,78.811690,3.272240,13.735660,15.394829,10.055461,9.116269,12.075555,15.394829,38.086662000,127.267530000,38.086662000,127.267530000,38.086960000,127.267300000,38.087063390,127.267214435,38.086945000,127.267750000,38.087063594,127.267840383,38.086360000,127.267746000,38.086299710,127.267831462,38.086372000,127.267320000,38.086327867,127.267232355
191,191,825297891381,38.203,2.000000,38.071964000,127.267624000,779.000000,2504.494330,4478.328632,1973.834302,78.811690,3.272240,13.735660,15.394829,10.055461,9.116269,12.075555,15.394829,38.086662000,127.267530000,38.086662000,127.267530000,38.086960000,127.267300000,38.087063390,127.267214435,38.086945000,127.267750000,38.087063594,127.267840383,38.086360000,127.267746000,38.086299710,127.267831462,38.086372000,127.267320000,38.086327867,127.267232355
192,192,825297891585,38.407,2.000000,38.072018000,127.267586000,778.000000,2605.256933,4257.816363,1652.559430,63.431726,0.608699,8.767200,11.975715,11.851785,7.229612,9.956078,11.975715,38.086685000,127.267100000,38.086685000,127.267100000,38.087000000,127.266860000,38.087043100,127.266776251,38.086980000,127.267310000,38.087061291,127.267399527,38.086395000,127.267330000,38.086309656,127.267410870,38.086384000,127.266890000,38.086366047,127.266810702
193,193,825297891772,38.594,2.000000,38.072086000,127.267540000,778.000000,2696.494713,4049.813565,1353.318852,50.188077,3.325959,8.395825,7.694134,8.684911,10.680791,8.863915,10.680791,38.086853000,127.266320000,38.086853000,127.266320000,38.087185000,127.266070000,38.087157047,127.265981000,38.087177000,127.266520000,38.087190992,127.266605997,38.086555000,127.266560000,38.086521366,127.266649439,38.086550000,127.266130000,38.086478166,127.266049187
194,194,825297891976,38.798,2.000000,38.072220000,127.267456000,777.000000,2820.513416,4128.762911,1308.249496,46.383381,4.901108,33.896675,28.967512,18.219580,30.852925,27.984173,33.896675,38.086895000,127.264880000,38.086895000,127.264880000,38.087196000,127.264595000,38.086892062,127.264571528,38.087257000,127.265040000,38.087513982,127.265091990,38.086605000,127.265144000,38.086760071,127.265210514,38.086548000,127.264720000,38.086271750,127.264691538
195,195,825297892179,39.001,2.000000,38.072220000,127.267456000,777.000000,2820.513416,4128.762911,1308.249496,46.383381,4.901108,33.896675,28.967512,18.219580,30.852925,27.984173,33.896675,38.086895000,127.264880000,38.086895000,127.264880000,38.087196000,127.264595000,38.086892062,127.264571528,38.087257000,127.265040000,38.087513982,127.265091990,38.086605000,127.265144000,38.086760071,127.265210514,38.086548000,127.264720000,38.086271750,127.264691538
196,196,825297892381,39.203,2.000000,38.072290000,127.267410000,777.000000,2889.417026,4218.074415,1328.657389,45.983580,0.666607,32.029672,36.417212,33.681009,36.100914,34.557202,36.417212,38.087383000,127.264620000,38.087383000,127.264620000,38.087666000,127.264336000,38.087379372,127.264304065,38.087734000,127.264786000,38.088059755,127.264824230,38.087080000,127.264900000,38.087381121,127.264937465,38.087017000,127.264465000,38.086693145,127.264443429
197,197,825297892584,39.406,2.000000,38.072353000,127.267365000,777.000000,2818.131815,4352.512234,1534.380418,54.446723,1.742268,14.806115,19.385516,11.103268,21.019707,16.578651,21.019707,38.087067000,127.265390000,38.087067000,127.265390000,38.087376000,127.265120000,38.087253964,127.265052797,38.087420000,127.265564000,38.087583964,127.265638534,38.086770000,127.265650000,38.086851185,127.265723620,38.086723000,127.265220000,38.086539854,127.265161613
198,198,825297892771,39.593,2.000000,38.072422000,127.267330000,776.000000,2675.128051,3853.585578,1178.457527,44.052378,2.040243,7.831244,7.306104,7.522514,9.138048,7.949477,9.138048,38.087032000,127.266100000,38.087032000,127.266100000,38.087350000,127.265850000,38.087330579,127.265764093,38.087357000,127.266300000,38.087364840,127.266382790,38.086735000,127.266340000,38.086726996,127.266425253,38.086727000,127.265910000,38.086673319,127.265831096
199,199,825297892974,39.796,2.000000,38.072556000,127.267235000,776.000000,2320.425669,4253.042849,1932.617180,83.287183,0.965193,10.429528,16.126907,13.170461,9.697771,12.356167,16.126907,38.086834000,127.267494000,38.086834000,127.267494000,38.087135000,127.267280000,38.087201432,127.267196063,38.087090000,127.267715000,38.087215938,127.267805975,38.086550000,127.267700000,38.086448922,127.267778124,38.086563000,127.267280000,38.086506380,127.267195881
200,200,825297893177,39.999,2.000000,38.072556000,127.267235000,776.000000,2320.425669,4253.042849,1932.617180,83.287183,0.965193,10.429528,16.126907,13.170461,9.697771,12.356167,16.126907,38.086834000,127.267494000,38.086834000,127.267494000,38.087135000,127.267280000,38.087201432,127.267196063,38.087090000,127.267715000,38.087215938,127.267805975,38.086550000,127.267700000,38.086448922,127.267778124,38.086563000,127.267280000,38.086506380,127.267195881
201,201,825297893381,40.203,2.000000,38.072620000,127.267190000,775.000000,2192.486126,4289.977768,2097.491643,95.667271,2.106313,13.611933,18.449485,10.429138,13.895976,14.096633,18.449485,38.086777000,127.268190000,38.086777000,127.268190000,38.087067000,127.267990000,38.087173857,127.267914475,38.087017000,127.268420000,38.087162385,127.268521093,38.086500000,127.268380000,38.086427823,127.268455887,38.086533000,127.267960000,38.086427463,127.267875298
202,202,825297893584,40.406,2.000000,38.072690000,127.267150000,775.000000,2158.024468,4054.410269,1896.385801,87.876010,2.326429,10.723206,10.842202,10.997546,17.935349,12.624576,17.935349,38.087030000,127.268690000,38.087030000,127.268690000,38.087322000,127.268500000,38.087396237,127.268422010,38.087260000,127.268936000,38.087324840,127.269028339,38.086754000,127.268875000,38.086672914,127.268946704,38.086807000,127.268456000,38.086666054,127.268356828
203,203,825297893772,40.594,2.000000,38.072754000,127.267105000,774.000000,2446.728347,4693.986751,2247.258404,91.847483,2.746124,15.157118,18.187912,10.125129,13.804954,14.318778,18.187912,38.087708000,127.268390000,38.087708000,127.268390000,38.088028000,127.268180000,38.088152164,127.268109002,38.087960000,127.268630000,38.088097464,127.268742198,38.087400000,127.268580000,38.087336745,127.268663040,38.087475000,127.268140000,38.087370082,127.268055999
204,204,825297893975,40.797,2.000000,38.072887000,127.267020000,774.000000,2602.014042,4827.066215,2225.052173,85.512689,1.581508,9.891932,15.552992,10.419786,19.612254,13.869241,19.612254,38.087914000,127.266945000,38.087914000,127.266945000,38.088234000,127.266710000,38.088292394,127.266624899,38.088180000,127.267166000,38.088297839,127.267261368,38.087600000,127.267166000,38.087534879,127.267251426,38.087630000,127.266720000,38.087464246,127.266644140
205,205,825297894202,41.024,2.000000,38.072956000,127.266975000,773.000000,2823.865084,5344.328930,2520.463846,89.255817,3.749062,9.939530,14.431504,19.085072,17.270837,15.181736,19.085072,38.088375000,127.265990000,38.088375000,127.265990000,38.088696000,127.265730000,38.088750116,127.265639765,38.088690000,127.266200000,38.088798744,127.266289673,38.088060000,127.266235000,38.087905831,127.266330292,38.088066000,127.265785000,38.087923292,127.265707664
206,206,825297894382,41.204,2.000000,38.072956000,127.266975000,773.000000,2823.865084,5344.328930,2520.463846,89.255817,3.749062,9.939530,14.431504,19.085072,17.270837,15.181736,19.085072,38.088375000,127.265990000,38.088375000,127.265990000,38.088696000,127.265730000,38.088750116,127.265639765,38.088690000,127.266200000,38.088798744,127.266289673,38.088060000,127.266235000,38.087905831,127.266330292,38.088066000,127.265785000,38.087923292,127.265707664
207,207,825297894586,41.408,2.000000,38.073020000,127.266930000,773.000000,2767.587109,4678.682350,1911.095241,69.052758,10.162063,33.008372,29.087964,10.670729,44.001669,29.192184,44.001669,38.088417000,127.265160000,38.088417000,127.265160000,38.088696000,127.264890000,38.088401847,127.264842496,38.088737000,127.265360000,38.088993355,127.265424297,38.088116000,127.265420000,38.088186629,127.265502341,38.088093000,127.264970000,38.087698634,127.264935984
208,208,825297894773,41.595,2.000000,38.073090000,127.266890000,773.000000,2646.779098,6375.864113,3729.085015,140.891434,32.773164,20.510912,134.003831,39.905612,23.479113,54.474867,134.003831,38.088394000,127.264420000,38.088394000,127.264420000,38.088634000,127.264145000,38.088454708,127.264091044,38.088734000,127.264595000,38.089936313,127.264519587,38.088142000,127.264690000,38.088499498,127.264723654,38.088055000,127.264244000,38.087846956,127.264199926
209,209,825297894976,41.798,2.000000,38.073223000,127.266800000,772.000000,2561.797271,4437.178140,1875.380869,73.205671,4.311529,37.597886,46.447639,21.017088,45.037823,37.525109,46.447639,38.088300000,127.264980000,38.088300000,127.264980000,38.088562000,127.264710000,38.088225243,127.264677154,38.088610000,127.265170000,38.089025391,127.265219930,38.088028000,127.265230000,38.088207672,127.265303684,38.087990000,127.264790000,38.087585870,127.264765707
210,210,825297895177,41.999,2.000000,38.073223000,127.266800000,772.000000,2561.797271,4437.178140,1875.380869,73.205671,4.311529,37.597886,46.447639,21.017088,45.037823,37.525109,46.447639,38.088300000,127.264980000,38.088300000,127.264980000,38.088562000,127.264710000,38.088225243,127.264677154,38.088610000,127.265170000,38.089025391,127.265219930,38.088028000,127.265230000,38.088207672,127.265303684,38.087990000,127.264790000,38.087585870,127.264765707
211,211,825297895380,42.202,2.000000,38.073288000,127.266754000,772.000000,2601.859948,4973.179460,2371.319512,91.139399,7.796904,7.496741,12.179218,18.580658,24.615909,15.718132,24.615909,38.088270000,127.265560000,38.088270000,127.265560000,38.088560000,127.265305000,38.088563436,127.265219547,38.088593000,127.265755000,38.088675411,127.265846431,38.087990000,127.265800000,38.087841813,127.265897597,38.087970000,127.265360000,38.087754174,127.265298845
212,212,825297895583,42.405,2.000000,38.073357000,127.266716000,771.000000,2547.877422,5077.150582,2529.273160,99.269813,2.105650,13.619932,15.224729,15.644557,19.912795,16.100503,19.912795,38.088215000,127.266280000,38.088215000,127.266280000,38.088528000,127.266045000,38.088626047,127.265952014,38.088505000,127.266495000,38.088622627,127.266583655,38.087914000,127.266510000,38.087789515,127.266592870,38.087936000,127.266075000,38.087769201,127.265992893
213,213,825297895772,42.594,2.000000,38.073490000,127.266624000,770.000000,2237.955556,4189.584208,1951.628653,87.205872,0.341063,10.084937,15.307753,11.265426,14.162124,12.705060,15.307753,38.087776000,127.267700000,38.087776000,127.267700000,38.088080000,127.267500000,38.088147122,127.267422694,38.088005000,127.267930000,38.088117246,127.268030929,38.087480000,127.267890000,38.087397060,127.267963672,38.087536000,127.267470000,38.087429502,127.267381579
214,214,825297895973,42.795,2.000000,38.073555000,127.266590000,770.000000,2074.784774,4071.114238,1996.329464,96.218629,2.534714,14.489341,16.986695,9.789777,12.880117,13.536482,16.986695,38.087677000,127.268390000,38.087677000,127.268390000,38.087970000,127.268210000,38.088087032,127.268137622,38.087894000,127.268630000,38.088020697,127.268738055,38.087395000,127.268560000,38.087331872,127.268637793,38.087467000,127.268150000,38.087375611,127.268059842
215,215,825297896176,42.998,2.000000,38.073555000,127.266590000,770.000000,2074.784774,4071.114238,1996.329464,96.218629,2.534714,14.489341,16.986695,9.789777,12.880117,13.536482,16.986695,38.087677000,127.268390000,38.087677000,127.268390000,38.087970000,127.268210000,38.088087032,127.268137622,38.087894000,127.268630000,38.088020697,127.268738055,38.087395000,127.268560000,38.087331872,127.268637793,38.087467000,127.268150000,38.087375611,127.268059842
216,216,825297896378,43.200,2.000000,38.073620000,127.266540000,770.000000,2541.537236,4832.775490,2291.238254,90.151670,0.835554,11.588357,18.001304,11.209382,14.984881,13.945981,18.001304,38.088932000,127.268074000,38.088932000,127.268074000,38.089287000,127.267876000,38.089367400,127.267791983,38.089170000,127.268326000,38.089306233,127.268436693,38.088608000,127.268265000,38.088529253,127.268344737,38.088696000,127.267830000,38.088587934,127.267728022
217,217,825297896580,43.402,2.000000,38.073690000,127.266495000,769.000000,2642.506859,4802.702123,2160.195265,81.747953,1.474293,11.097823,17.539982,8.940020,14.087533,12.916340,17.539982,38.089077000,127.267340000,38.089077000,127.267340000,38.089413000,127.267130000,38.089480692,127.267037010,38.089330000,127.267586000,38.089466185,127.267686689,38.088737000,127.267550000,38.088686963,127.267629813,38.088814000,127.267105000,38.088712677,127.267008665
218,218,825297896784,43.606,2.000000,38.073822000,127.266410000,769.000000,2906.319924,5303.570427,2397.250503,82.484054,0.627341,13.969787,12.813942,13.247442,14.532722,13.640973,14.532722,38.089830000,127.265850000,38.089830000,127.265850000,38.090150000,127.265594000,38.090250448,127.265498423,38.090153000,127.266075000,38.090239133,127.266172025,38.089520000,127.266090000,38.089427904,127.266185759,38.089523000,127.265625000,38.089409469,127.265543111
219,219,825297896986,43.808,2.000000,38.073822000,127.266410000,769.000000,2906.319924,5303.570427,2397.250503,82.484054,0.627341,13.969787,12.813942,13.247442,14.532722,13.640973,14.532722,38.089830000,127.265850000,38.089830000,127.265850000,38.090150000,127.265594000,38.090250448,127.265498423,38.090153000,127.266075000,38.090239133,127.266172025,38.089520000,127.266090000,38.089427904,127.266185759,38.089523000,127.265625000,38.089409469,127.265543111
220,220,825297897173,43.995,2.000000,38.073887000,127.266365000,768.000000,2794.939688,6643.618352,3848.678663,137.701671,18.781554,9.133526,11.834656,18.434566,70.083644,27.371598,70.083644,38.089832000,127.265070000,38.089832000,127.265070000,38.090103000,127.264810000,38.090129590,127.264711378,38.090170000,127.265280000,38.090247518,127.265372440,38.089558000,127.265330000,38.089410322,127.265425205,38.089508000,127.264860000,38.088878692,127.264836815
221,221,825297897375,44.197,2.000000,38.073956000,127.266330000,768.000000,2687.014401,11988.469765,9301.455364,346.163212,5.340584,69.072638,65.856932,27.480110,128.499140,72.727205,128.499140,38.089770000,127.264305000,38.089770000,127.264305000,38.090004000,127.264040000,38.090606881,127.263853515,38.090126000,127.264496000,38.090717025,127.264529210,38.089530000,127.264570000,38.089299837,127.264683385,38.089428000,127.264114000,38.088275588,127.264198450
222,222,825297897577,44.399,2.000000,38.074090000,127.266235000,767.000000,2444.725002,12410.401052,9965.676050,407.639961,41.026833,121.196566,120.622589,8.151919,80.594020,82.641273,121.196566,38.089283000,127.264305000,38.089283000,127.264305000,38.089500000,127.264046000,38.090571416,127.263800303,38.089615000,127.264496000,38.090698343,127.264467755,38.089058000,127.264560000,38.089095071,127.264640241,38.088963000,127.264120000,38.088239239,127.264143030
223,223,825297897781,44.603,2.000000,38.074090000,127.266235000,767.000000,2444.725002,12410.401052,9965.676050,407.639961,41.026833,121.196566,120.622589,8.151919,80.594020,82.641273,121.196566,38.089283000,127.264305000,38.089283000,127.264305000,38.089500000,127.264046000,38.090571416,127.263800303,38.089615000,127.264496000,38.090698343,127.264467755,38.089058000,127.264560000,38.089095071,127.264640241,38.088963000,127.264120000,38.088239239,127.264143030
224,224,825297897986,44.808,2.000000,38.074154000,127.266200000,767.000000,2495.352452,5755.155084,3259.802632,130.634958,12.237180,13.496737,30.189024,7.772061,64.991738,29.112390,64.991738,38.089317000,127.265030000,38.089317000,127.265030000,38.089577000,127.264780000,38.089472815,127.264701211,38.089630000,127.265236000,38.089894818,127.265310267,38.089054000,127.265274000,38.089038953,127.265360623,38.089024000,127.264830000,38.088440638,127.264800292
225,225,825297898175,44.997,2.000000,38.074223000,127.266150000,767.000000,2451.219964,4867.880905,2416.660941,98.590130,3.031806,20.525671,15.154719,10.428079,15.031364,15.284958,20.525671,38.089302000,127.265755000,38.089302000,127.265755000,38.089584000,127.265520000,38.089751764,127.265422794,38.089590000,127.265976000,38.089707352,127.266063676,38.089012000,127.265980000,38.088950591,127.266069881,38.089027000,127.265550000,38.088911976,127.265460137
226,226,825297898378,45.200,2.000000,38.074352000,127.266070000,766.000000,2252.774465,4234.864291,1982.089826,87.984388,1.985741,11.797280,17.298887,9.215793,12.515875,12.706959,17.298887,38.088768000,127.267136000,38.088768000,127.267136000,38.089085000,127.266940000,38.089168962,127.266857840,38.088997000,127.267365000,38.089128499,127.267470210,38.088470000,127.267330000,38.088411360,127.267404249,38.088530000,127.266910000,38.088444440,127.266817324
227,227,825297898581,45.403,2.000000,38.074352000,127.266070000,766.000000,2252.774465,4234.864291,1982.089826,87.984388,1.985741,11.797280,17.298887,9.215793,12.515875,12.706959,17.298887,38.088768000,127.267136000,38.088768000,127.267136000,38.089085000,127.266940000,38.089168962,127.266857840,38.088997000,127.267365000,38.089128499,127.267470210,38.088470000,127.267330000,38.088411360,127.267404249,38.088530000,127.266910000,38.088444440,127.266817324
228,228,825297898782,45.604,2.000000,38.074420000,127.266020000,765.000000,2109.430029,3963.267627,1853.837598,87.883342,0.602028,11.075048,14.662481,9.125931,14.767742,12.407800,14.767742,38.088646000,127.267820000,38.088646000,127.267820000,38.088950000,127.267650000,38.089021442,127.267562028,38.088852000,127.268070000,38.088960448,127.268164978,38.088360000,127.268000000,38.088298859,127.268069387,38.088432000,127.267586000,38.088324934,127.267486475
229,229,825297898973,45.795,2.000000,38.074486000,127.265976000,765.000000,2350.800801,4428.349791,2077.548990,88.376224,1.467775,8.730411,16.962873,11.228777,17.231102,13.538291,17.231102,38.089325000,127.267914000,38.089325000,127.267914000,38.089645000,127.267730000,38.089685519,127.267644683,38.089546000,127.268170000,38.089673165,127.268276673,38.089005000,127.268100000,38.088917706,127.268164217,38.089108000,127.267670000,38.088977150,127.267564932
230,230,825297899177,45.999,2.000000,38.074620000,127.265890000,764.000000,2684.080530,5157.788701,2473.708171,92.162219,0.819683,11.206915,18.076655,15.093441,15.639285,15.004074,18.076655,38.090252000,127.266640000,38.090252000,127.266640000,38.090580000,127.266420000,38.090651562,127.266330031,38.090508000,127.266884000,38.090648031,127.266988469,38.089920000,127.266850000,38.089800916,127.266932370,38.089977000,127.266396000,38.089855571,127.266306223
231,231,825297899379,46.201,2.000000,38.074620000,127.265890000,764.000000,2684.080530,5157.788701,2473.708171,92.162219,0.819683,11.206915,18.076655,15.093441,15.639285,15.004074,18.076655,38.090252000,127.266640000,38.090252000,127.266640000,38.090580000,127.266420000,38.090651562,127.266330031,38.090508000,127.266884000,38.090648031,127.266988469,38.089920000,127.266850000,38.089800916,127.266932370,38.089977000,127.266396000,38.089855571,127.266306223
232,232,825297899606,46.428,2.000000,38.074688000,127.265850000,764.000000,2665.458801,5084.562974,2419.104173,90.757515,2.632592,17.185755,16.597073,13.306913,11.154560,14.561075,17.185755,38.090340000,127.265884000,38.090340000,127.265884000,38.090637000,127.265650000,38.090772078,127.265555022,38.090620000,127.266120000,38.090749283,127.266214357,38.090034000,127.266110000,38.089936502,127.266197878,38.090040000,127.265656000,38.089967729,127.265567810
233,233,825297899783,46.605,2.000000,38.074753000,127.265810000,764.000000,2742.300634,5447.941185,2705.640551,98.663163,3.561003,24.879620,15.560754,14.037498,12.865512,16.835846,24.879620,38.090397000,127.265274000,38.090397000,127.265274000,38.090680000,127.265020000,38.090890794,127.264925625,38.090700000,127.265495000,38.090818482,127.265589243,38.090110000,127.265510000,38.090006957,127.265602357,38.090070000,127.265050000,38.089971079,127.264974065
234,234,825297899985,46.807,2.000000,38.074820000,127.265760000,763.000000,2628.241313,9702.674574,7074.433262,269.169852,23.143833,36.015868,28.953501,15.000111,142.586456,55.638984,142.586456,38.090340000,127.264530000,38.090340000,127.264530000,38.090590000,127.264270000,38.090900402,127.264154063,38.090683000,127.264730000,38.090934459,127.264814445,38.090084000,127.264770000,38.089976145,127.264872631,38.090020000,127.264320000,38.088739682,127.264368050
235,235,825297900172,46.994,2.000000,38.074820000,127.265760000,763.000000,2628.241313,9702.674574,7074.433262,269.169852,23.143833,36.015868,28.953501,15.000111,142.586456,55.638984,142.586456,38.090340000,127.264530000,38.090340000,127.264530000,38.090590000,127.264270000,38.090900402,127.264154063,38.090683000,127.264730000,38.090934459,127.264814445,38.090084000,127.264770000,38.089976145,127.264872631,38.090020000,127.264320000,38.088739682,127.264368050
236,236,825297900373,47.195,2.000000,38.074955000,127.265680000,763.000000,2415.033304,11756.552730,9341.519426,386.807064,50.837302,28.923145,31.073880,166.261182,95.098424,80.339158,166.261182,38.090115000,127.263540000,38.090115000,127.263540000,38.090305000,127.263280000,38.090545272,127.263154371,38.090458000,127.263725000,38.090733728,127.263780299,38.089910000,127.263794000,38.088431118,127.264059301,38.089775000,127.263360000,38.088921834,127.263415514
237,237,825297900577,47.399,2.000000,38.075010000,127.265640000,763.000000,2318.693760,13131.069858,10812.376098,466.313244,48.780168,44.174012,50.211353,135.048500,153.129779,95.640911,153.129779,38.089930000,127.263824000,38.089930000,127.263824000,38.090137000,127.263570000,38.090518220,127.263430012,38.090267000,127.264010000,38.090716740,127.264053750,38.089733000,127.264070000,38.088530754,127.264276309,38.089615000,127.263640000,38.088242268,127.263752579
238,238,825297900779,47.601,2.000000,38.075077000,127.265594000,762.000000,2385.157735,8595.586482,6210.428747,260.378115,16.557994,36.779610,30.279176,7.517712,128.918551,50.873762,128.918551,38.090027000,127.264600000,38.090027000,127.264600000,38.090270000,127.264360000,38.090587120,127.264242193,38.090336000,127.264810000,38.090602018,127.264882098,38.089783000,127.264840000,38.089764356,127.264922471,38.089733000,127.264400000,38.088574971,127.264415755
239,239,825297900984,47.806,2.000000,38.075210000,127.265510000,762.000000,2323.888920,4201.598978,1877.710058,80.800336,0.670798,11.130235,11.717616,10.990947,13.164312,11.750777,13.164312,38.089878000,127.265976000,38.089878000,127.265976000,38.090187000,127.265770000,38.090255078,127.265676958,38.090140000,127.266210000,38.090219677,127.266297397,38.089592000,127.266180000,38.089517652,127.266262545,38.089638000,127.265755000,38.089542107,127.265667071
240,240,825297901171,47.993,2.000000,38.075210000,127.265510000,762.000000,2323.888920,4201.598978,1877.710058,80.800336,0.670798,11.130235,11.717616,10.990947,13.164312,11.750777,13.164312,38.089878000,127.265976000,38.089878000,127.265976000,38.090187000,127.265770000,38.090255078,127.265676958,38.090140000,127.266210000,38.090219677,127.266297397,38.089592000,127.266180000,38.089517652,127.266262545,38.089638000,127.265755000,38.089542107,127.265667071
241,241,825297901374,48.196,2.000000,38.075275000,127.265465000,761.000000,2276.213766,4246.816130,1970.602364,86.573695,1.352684,11.169557,16.902738,10.096351,13.145993,12.828660,16.902738,38.089790000,127.266690000,38.089790000,127.266690000,38.090110000,127.266500000,38.090183999,127.266413902,38.090027000,127.266940000,38.090160951,127.267030847,38.089490000,127.266884000,38.089418384,127.266954710,38.089580000,127.266464000,38.089489425,127.266367720
242,242,825297901574,48.396,2.000000,38.075344000,127.265430000,761.000000,2226.535211,4174.932286,1948.397075,87.508029,4.450774,13.710015,19.721135,7.824490,12.421637,13.419319,19.721135,38.089670000,127.267395000,38.089670000,127.267395000,38.089993000,127.267220000,38.090101387,127.267145691,38.089874000,127.267650000,38.090031641,127.267752708,38.089360000,127.267560000,38.089338711,127.267645112,38.089462000,127.267150000,38.089376170,127.267059401
243,243,825297901782,48.604,2.000000,38.075478000,127.265335000,761.000000,2317.997726,4677.768374,2359.770647,101.802112,2.214101,10.596653,17.326536,14.578849,19.995988,15.624507,19.995988,38.090350000,127.266890000,38.090350000,127.266890000,38.090675000,127.266700000,38.090742413,127.266614607,38.090570000,127.267140000,38.090702714,127.267243324,38.090034000,127.267075000,38.089915800,127.267146654,38.090140000,127.266650000,38.089979055,127.266548652
244,244,825297901986,48.808,2.000000,38.075542000,127.265300000,760.000000,2341.469504,4722.433397,2380.963893,101.686735,4.438305,19.082515,20.091809,10.385065,12.800228,15.589904,20.091809,38.090466000,127.266180000,38.090466000,127.266180000,38.090770000,127.265976000,38.090927408,127.265889749,38.090706000,127.266420000,38.090868258,127.266520433,38.090164000,127.266380000,38.090095802,127.266460881,38.090230000,127.265945000,38.090137900,127.265857528
245,245,825297902175,48.997,2.000000,38.075542000,127.265300000,760.000000,2341.469504,4722.433397,2380.963893,101.686735,4.438305,19.082515,20.091809,10.385065,12.800228,15.589904,20.091809,38.090466000,127.266180000,38.090466000,127.266180000,38.090770000,127.265976000,38.090927408,127.265889749,38.090706000,127.266420000,38.090868258,127.266520433,38.090164000,127.266380000,38.090095802,127.266460881,38.090230000,127.265945000,38.090137900,127.265857528
246,246,825297902378,49.200,2.000000,38.075610000,127.265250000,760.000000,2364.914278,4771.912357,2406.998079,101.779506,2.242546,19.419057,16.043617,14.430596,12.679469,15.643185,19.419057,38.090510000,127.265460000,38.090510000,127.265460000,38.090794000,127.265236000,38.090954740,127.265149887,38.090780000,127.265686000,38.090903223,127.265780975,38.090240000,127.265670000,38.090129476,127.265756071,38.090237000,127.265236000,38.090143572,127.265153218
247,247,825297902584,49.406,2.000000,38.075676000,127.265210000,760.000000,2373.951493,5657.882755,3283.931262,138.331860,1.306247,26.386335,18.273428,13.068730,36.418378,23.536718,36.418378,38.090477000,127.264786000,38.090477000,127.264786000,38.090717000,127.264560000,38.090939871,127.264457459,38.090767000,127.265010000,38.090919256,127.265087956,38.090206000,127.265015000,38.090107631,127.265096417,38.090180000,127.264580000,38.089857672,127.264508882
248,248,825297902785,49.607,2.000000,38.075810000,127.265130000,759.000000,2062.861345,7457.496391,5394.635047,261.512247,22.260144,24.349659,22.188070,108.828545,25.118966,45.121310,108.828545,38.090267000,127.263380000,38.090267000,127.263380000,38.090430000,127.263145000,38.090627982,127.263026837,38.090576000,127.263565000,38.090768488,127.263630730,38.090076000,127.263620000,38.089108574,127.263798943,38.089950000,127.263210000,38.089728937,127.263152502
249,249,825297902974,49.796,2.000000,38.075880000,127.265080000,759.000000,2128.881342,5422.394852,3293.513510,154.706298,2.697092,27.716203,25.053750,29.453685,13.776391,24.000008,29.453685,38.090540000,127.263410000,38.090540000,127.263410000,38.090730000,127.263176000,38.090957816,127.263048367,38.090880000,127.263600000,38.091099653,127.263662316,38.090360000,127.263650000,38.090109049,127.263756530,38.090240000,127.263240000,38.090134735,127.263157316
250,250,825297903175,49.997,2.000000,38.075880000,127.265080000,759.000000,2128.881342,5422.394852,3293.513510,154.706298,2.697092,27.716203,25.053750,29.453685,13.776391,24.000008,29.453685,38.090540000,127.263410000,38.090540000,127.263410000,38.090730000,127.263176000,38.090957816,127.263048367,38.090880000,127.263600000,38.091099653,127.263662316,38.090360000,127.263650000,38.090109049,127.263756530,38.090240000,127.263240000,38.090134735,127.263157316
251,251,825297903377,50.199,2.000000,38.075947000,127.265040000,759.000000,2286.045863,5905.783353,3619.737490,158.340546,10.592761,19.806481,14.747188,38.041042,36.352337,27.236762,38.041042,38.090694000,127.264100000,38.090694000,127.264100000,38.090908000,127.263860000,38.091068651,127.263762832,38.091000000,127.264305000,38.091115751,127.264386868,38.090470000,127.264330000,38.090137631,127.264430926,38.090380000,127.263900000,38.090056177,127.263846408
252,252,825297903580,50.402,2.000000,38.076010000,127.265000000,759.000000,2264.352918,5178.659025,2914.306107,128.703705,4.487731,19.578771,13.486795,21.455133,27.502501,20.505800,27.502501,38.090770000,127.264880000,38.090770000,127.264880000,38.091020000,127.264656000,38.091180050,127.264563347,38.091053000,127.265100000,38.091151537,127.265189563,38.090520000,127.265090000,38.090341186,127.265181379,38.090490000,127.264660000,38.090249493,127.264588183
253,253,825297903783,50.605,2.000000,38.076010000,127.265000000,759.000000,2264.352918,5178.659025,2914.306107,128.703705,4.487731,19.578771,13.486795,21.455133,27.502501,20.505800,27.502501,38.090770000,127.264880000,38.090770000,127.264880000,38.091020000,127.264656000,38.091180050,127.264563347,38.091053000,127.265100000,38.091151537,127.265189563,38.090520000,127.265090000,38.090341186,127.265181379,38.090490000,127.264660000,38.090249493,127.264588183
254,254,825297903987,50.809,2.000000,38.076145000,127.264915000,758.000000,2190.614015,4524.882193,2334.268179,106.557712,4.394444,19.453876,20.227286,10.024849,14.214772,15.980196,20.227286,38.090664000,127.266335000,38.090664000,127.266335000,38.090960000,127.266140000,38.091125623,127.266069153,38.090890000,127.266580000,38.091052521,127.266683251,38.090378000,127.266520000,38.090311629,127.266597336,38.090443000,127.266100000,38.090338609,127.266006560
255,255,825297904175,50.997,2.000000,38.076210000,127.264870000,758.000000,2128.231895,4186.093081,2057.861186,96.693466,1.343273,12.521893,17.618700,9.708433,15.796443,13.911367,17.618700,38.090570000,127.266900000,38.090570000,127.266900000,38.090880000,127.266716000,38.090979415,127.266649129,38.090767000,127.267140000,38.090897170,127.267254393,38.090267000,127.267070000,38.090201708,127.267143463,38.090374000,127.266655000,38.090253530,127.266559721
256,256,825297904381,51.203,2.000000,38.076344000,127.264786000,758.000000,2302.174041,4850.268145,2548.094104,110.682080,0.913653,17.240799,19.169997,13.400799,19.284580,17.274044,19.284580,38.091106000,127.266600000,38.091106000,127.266600000,38.091423000,127.266410000,38.091567856,127.266340364,38.091320000,127.266850000,38.091468901,127.266959917,38.090797000,127.266780000,38.090689931,127.266849917,38.090890000,127.266350000,38.090734373,127.266253308
257,257,825297904584,51.406,2.000000,38.076412000,127.264750000,758.000000,2289.199791,4930.151622,2640.951831,115.365720,1.480719,15.849541,17.435031,18.615627,19.885331,17.946382,19.885331,38.091198000,127.265890000,38.091198000,127.265890000,38.091488000,127.265686000,38.091616344,127.265607679,38.091434000,127.266136000,38.091570760,127.266232991,38.090904000,127.266080000,38.090747358,127.266154395,38.090954000,127.265656000,38.090792411,127.265559244
258,258,825297904771,51.593,2.000000,38.076412000,127.264750000,758.000000,2289.199791,4930.151622,2640.951831,115.365720,1.480719,15.849541,17.435031,18.615627,19.885331,17.946382,19.885331,38.091198000,127.265890000,38.091198000,127.265890000,38.091488000,127.265686000,38.091616344,127.265607679,38.091434000,127.266136000,38.091570760,127.266232991,38.090904000,127.266080000,38.090747358,127.266154395,38.090954000,127.265656000,38.090792411,127.265559244
259,259,825297904974,51.796,2.000000,38.076477000,127.264700000,757.000000,2283.054405,4760.703568,2477.649163,108.523439,0.572968,18.978619,15.484248,19.807586,12.005086,16.568885,19.807586,38.091232000,127.265175000,38.091232000,127.265175000,38.091500000,127.264960000,38.091656894,127.264875238,38.091496000,127.265400000,38.091610725,127.265499936,38.090960000,127.265380000,38.090793188,127.265458679,38.090965000,127.264946000,38.090878430,127.264864288
260,260,825297905178,52.000,2.000000,38.076610000,127.264626000,757.000000,2149.054260,4816.854191,2667.799931,124.138324,0.591409,22.390674,14.755049,18.047819,20.163409,18.839238,22.390674,38.091076000,127.263740000,38.091076000,127.263740000,38.091267000,127.263510000,38.091451739,127.263408922,38.091390000,127.263940000,38.091505604,127.264022386,38.090874000,127.263960000,38.090730458,127.264055765,38.090760000,127.263540000,38.090585566,127.263477997
261,261,825297905381,52.203,2.000000,38.076675000,127.264580000,757.000000,2030.219799,4880.075610,2849.855811,140.371787,2.257331,27.076289,18.938601,24.426291,13.018045,20.864807,27.076289,38.090904000,127.263054000,38.090904000,127.263054000,38.091070000,127.262825000,38.091294712,127.262706721,38.091230000,127.263240000,38.091391419,127.263308278,38.090730000,127.263280000,38.090526717,127.263384955,38.090584000,127.262880000,38.090481275,127.262808992
262,262,825297905580,52.402,2.000000,38.076675000,127.264580000,757.000000,2030.219799,4880.075610,2849.855811,140.371787,2.257331,27.076289,18.938601,24.426291,13.018045,20.864807,27.076289,38.090904000,127.263054000,38.090904000,127.263054000,38.091070000,127.262825000,38.091294712,127.262706721,38.091230000,127.263240000,38.091391419,127.263308278,38.090730000,127.263280000,38.090526717,127.263384955,38.090584000,127.262880000,38.090481275,127.262808992
263,263,825297905785,52.607,2.000000,38.076744000,127.264540000,757.000000,2304.283676,4915.979307,2611.695631,113.340890,3.599173,17.548580,12.453011,23.415125,18.576833,17.998387,23.415125,38.091320000,127.263010000,38.091320000,127.263010000,38.091507000,127.262764000,38.091644308,127.262665602,38.091686000,127.263190000,38.091776015,127.263274393,38.091137000,127.263240000,38.090944046,127.263346399,38.090977000,127.262825000,38.090816306,127.262767810
264,264,825297905972,52.794,2.000000,38.076810000,127.264496000,757.000000,2344.079727,4670.495431,2326.415704,99.246441,4.234773,17.903185,7.714900,22.048825,15.515401,15.795578,22.048825,38.091490000,127.263664000,38.091490000,127.263664000,38.091710000,127.263435000,38.091848948,127.263332098,38.091840000,127.263870000,38.091859844,127.263954371,38.091286000,127.263890000,38.091102142,127.263983605,38.091160000,127.263466000,38.091032911,127.263393292
265,265,825297906174,52.996,2.000000,38.076810000,127.264496000,757.000000,2344.079727,4670.495431,2326.415704,99.246441,4.234773,17.903185,7.714900,22.048825,15.515401,15.795578,22.048825,38.091490000,127.263664000,38.091490000,127.263664000,38.091710000,127.263435000,38.091848948,127.263332098,38.091840000,127.263870000,38.091859844,127.263954371,38.091286000,127.263890000,38.091102142,127.263983605,38.091160000,127.263466000,38.091032911,127.263393292
266,266,825297906378,53.200,2.000000,38.076942000,127.264410000,756.000000,2250.169600,4210.479507,1960.309907,87.118318,4.366403,10.051945,9.200942,19.587947,12.909073,12.937477,19.587947,38.091644000,127.265076000,38.091644000,127.265076000,38.091908000,127.264860000,38.091972902,127.264780229,38.091908000,127.265305000,38.091943276,127.265399975,38.091377000,127.265274000,38.091212603,127.265353716,38.091377000,127.264850000,38.091284399,127.264761305
267,267,825297906580,53.402,2.000000,38.077007000,127.264370000,756.000000,2241.573518,4145.693133,1904.119616,84.945669,2.324306,11.742379,9.490623,13.587699,14.752911,12.393403,14.752911,38.091610000,127.265755000,38.091610000,127.265755000,38.091896000,127.265564000,38.091977737,127.265479279,38.091846000,127.266010000,38.091901346,127.266092397,38.091328000,127.265945000,38.091219274,127.266015487,38.091370000,127.265520000,38.091261004,127.265424210
268,268,825297906784,53.606,2.000000,38.077140000,127.264290000,756.000000,2152.307323,3851.815489,1699.508167,78.962151,4.492581,8.174396,9.243197,13.179488,15.915678,11.628190,15.915678,38.091557000,127.266930000,38.091557000,127.266930000,38.091877000,127.266770000,38.091902963,127.266682723,38.091750000,127.267190000,38.091790097,127.267282386,38.091250000,127.267090000,38.091142133,127.267152008,38.091370000,127.266680000,38.091253092,127.266575424
269,269,825297906983,53.805,2.000000,38.077140000,127.264290000,756.000000,2152.307323,3851.815489,1699.508167,78.962151,4.492581,8.174396,9.243197,13.179488,15.915678,11.628190,15.915678,38.091557000,127.266930000,38.091557000,127.266930000,38.091877000,127.266770000,38.091902963,127.266682723,38.091750000,127.267190000,38.091790097,127.267282386,38.091250000,127.267090000,38.091142133,127.267152008,38.091370000,127.266680000,38.091253092,127.266575424
270,270,825297907186,54.008,2.000000,38.077206000,127.264250000,756.000000,2195.159979,3400.429122,1205.269144,54.905754,0.339011,10.479700,7.483144,7.916131,8.444369,8.580836,10.479700,38.091927000,127.266525000,38.091927000,127.266525000,38.092228000,127.266350000,38.092295856,127.266267088,38.092113000,127.266780000,38.092107753,127.266865153,38.091614000,127.266690000,38.091595368,127.266777199,38.091710000,127.266270000,38.091678103,127.266182550
271,271,825297907373,54.195,2.000000,38.077274000,127.264206000,756.000000,2322.431050,3976.921381,1654.490331,71.239589,4.641993,17.664138,11.118367,7.449649,7.405777,10.909483,17.664138,38.092020000,127.265820000,38.092020000,127.265820000,38.092310000,127.265625000,38.092458235,127.265553062,38.092250000,127.266070000,38.092316019,127.266165229,38.091724000,127.266010000,38.091694326,127.266086215,38.091774000,127.265570000,38.091755597,127.265488768
272,272,825297907576,54.398,2.000000,38.077404000,127.264120000,755.000000,2219.930721,4224.248169,2004.317447,90.287387,4.509445,20.290269,13.628514,12.295992,7.386522,13.400324,20.290269,38.091972000,127.264360000,38.091972000,127.264360000,38.092213000,127.264145000,38.092381674,127.264057229,38.092255000,127.264580000,38.092351769,127.264675289,38.091732000,127.264565000,38.091644701,127.264650985,38.091675000,127.264140000,38.091658627,127.264058296
273,273,825297907780,54.602,2.000000,38.077404000,127.264120000,755.000000,2219.930721,4224.248169,2004.317447,90.287387,4.509445,20.290269,13.628514,12.295992,7.386522,13.400324,20.290269,38.091972000,127.264360000,38.091972000,127.264360000,38.092213000,127.264145000,38.092381674,127.264057229,38.092255000,127.264580000,38.092351769,127.264675289,38.091732000,127.264565000,38.091644701,127.264650985,38.091675000,127.264140000,38.091658627,127.264058296
274,274,825297907982,54.804,2.000000,38.077473000,127.264084000,755.000000,2251.825620,4195.860690,1944.035070,86.331510,0.873050,20.058576,8.317244,14.291148,9.529941,13.049227,20.058576,38.091866000,127.263660000,38.091866000,127.263660000,38.092080000,127.263435000,38.092244897,127.263342698,38.092186000,127.263870000,38.092219320,127.263954971,38.091644000,127.263880000,38.091533454,127.263962941,38.091550000,127.263460000,38.091493349,127.263378447
275,275,825297908171,54.993,2.000000,38.077538000,127.264040000,755.000000,2148.792152,4279.045907,2130.253755,99.137264,2.585225,20.434985,13.282547,15.464457,8.960597,14.535647,20.434985,38.091698000,127.262970000,38.091698000,127.262970000,38.091880000,127.262750000,38.092042637,127.262641831,38.092037000,127.263160000,38.092138227,127.263240262,38.091510000,127.263200000,38.091387543,127.263283348,38.091362000,127.262790000,38.091311511,127.262710344
276,276,825297908372,55.194,2.000000,38.077670000,127.263960000,755.000000,2366.773492,4632.002930,2265.229437,95.709600,2.397845,22.116904,7.314776,19.479847,13.411658,15.580796,22.116904,38.092278000,127.263016000,38.092278000,127.263016000,38.092490000,127.262790000,38.092668722,127.262679726,38.092620000,127.263220000,38.092618456,127.263303469,38.092068000,127.263245000,38.091908553,127.263336610,38.091915000,127.262830000,38.091811845,127.262750912
277,277,825297908576,55.398,2.000000,38.077670000,127.263960000,755.000000,2366.773492,4632.002930,2265.229437,95.709600,2.397845,22.116904,7.314776,19.479847,13.411658,15.580796,22.116904,38.092278000,127.263016000,38.092278000,127.263016000,38.092490000,127.262790000,38.092668722,127.262679726,38.092620000,127.263220000,38.092618456,127.263303469,38.092068000,127.263245000,38.091908553,127.263336610,38.091915000,127.262830000,38.091811845,127.262750912
278,278,825297908779,55.601,2.000000,38.077736000,127.263916000,755.000000,2337.134767,4242.673462,1905.538695,81.533111,1.581816,16.129016,10.782827,16.181992,6.911205,12.501260,16.181992,38.092434000,127.263720000,38.092434000,127.263720000,38.092660000,127.263490000,38.092788280,127.263404414,38.092743000,127.263930000,38.092803475,127.264026143,38.092197000,127.263930000,38.092071290,127.264022747,38.092102000,127.263504000,38.092092157,127.263426112
279,279,825297908981,55.803,2.000000,38.077805000,127.263880000,755.000000,2278.723415,4261.439325,1982.715910,87.009942,0.414614,16.511502,9.666932,15.910327,9.797585,12.971586,16.511502,38.092506000,127.264430000,38.092506000,127.264430000,38.092750000,127.264210000,38.092885291,127.264132746,38.092785000,127.264660000,38.092831937,127.264752834,38.092250000,127.264630000,38.092123128,127.264713620,38.092220000,127.264200000,38.092159628,127.264118626
280,280,825297909186,56.008,2.000000,38.077934000,127.263794000,754.000000,2182.023448,4456.921160,2274.897712,104.256337,4.171478,21.093798,16.940188,14.163540,9.665585,15.465778,21.093798,38.092564000,127.265840000,38.092564000,127.265840000,38.092860000,127.265660000,38.093041817,127.265592185,38.092777000,127.266100000,38.092906821,127.266200885,38.092280000,127.266014000,38.092165165,127.266083609,38.092342000,127.265594000,38.092294881,127.265501333
281,281,825297909372,56.194,2.000000,38.077990000,127.263760000,754.000000,2130.736083,4327.631741,2196.895658,103.105010,3.105611,19.393137,15.781614,11.178333,12.875714,14.807199,19.393137,38.092490000,127.266340000,38.092490000,127.266340000,38.092793000,127.266174000,38.092959678,127.266109611,38.092697000,127.266600000,38.092809790,127.266709132,38.092190000,127.266500000,38.092106649,127.266571156,38.092300000,127.266090000,38.092214706,127.265990736
282,282,825297909576,56.398,2.000000,38.077990000,127.263760000,754.000000,2130.736083,4327.631741,2196.895658,103.105010,3.105611,19.393137,15.781614,11.178333,12.875714,14.807199,19.393137,38.092490000,127.266340000,38.092490000,127.266340000,38.092793000,127.266174000,38.092959678,127.266109611,38.092697000,127.266600000,38.092809790,127.266709132,38.092190000,127.266500000,38.092106649,127.266571156,38.092300000,127.266090000,38.092214706,127.265990736
283,283,825297909778,56.600,2.000000,38.078056000,127.263720000,754.000000,2141.840040,4507.182197,2365.342157,110.435052,0.564725,21.193019,12.527254,17.698102,13.301393,16.179942,21.193019,38.092640000,127.266556000,38.092640000,127.266556000,38.092945000,127.266390000,38.093130288,127.266334424,38.092823000,127.266815000,38.092899348,127.266920047,38.092327000,127.266710000,38.092174165,127.266765643,38.092445000,127.266300000,38.092356318,127.266198247
284,284,825297909978,56.800,2.000000,38.078120000,127.263680000,754.000000,2158.879936,4585.311251,2426.431316,112.393064,2.575490,19.954270,18.058314,15.742455,12.713312,16.617088,19.954270,38.092740000,127.266075000,38.092740000,127.266075000,38.093044000,127.265900000,38.093216359,127.265837444,38.092950000,127.266335000,38.093086696,127.266445987,38.092457000,127.266240000,38.092325885,127.266307327,38.092537000,127.265820000,38.092450009,127.265725978
285,285,825297910198,57.020,2.000000,38.078255000,127.263596000,754.000000,2243.676694,4386.166620,2142.489927,95.490136,3.167080,19.728633,13.767372,14.297360,9.012852,14.201554,19.728633,38.092834000,127.264660000,38.092834000,127.264660000,38.093100000,127.264465000,38.093264342,127.264380711,38.093105000,127.264910000,38.093207790,127.264997384,38.092575000,127.264854000,38.092461077,127.264929356,38.092570000,127.264430000,38.092530253,127.264340375
286,286,825297910382,57.204,2.000000,38.078255000,127.263596000,754.000000,2243.676694,4386.166620,2142.489927,95.490136,3.167080,19.728633,13.767372,14.297360,9.012852,14.201554,19.728633,38.092834000,127.264660000,38.092834000,127.264660000,38.093100000,127.264465000,38.093264342,127.264380711,38.093105000,127.264910000,38.093207790,127.264997384,38.092575000,127.264854000,38.092461077,127.264929356,38.092570000,127.264430000,38.092530253,127.264340375
287,287,825297910583,57.405,2.000000,38.078320000,127.263560000,754.000000,2143.439043,3986.434185,1842.995142,85.983091,0.820177,15.020955,10.649802,14.003724,8.988975,12.165864,15.020955,38.092655000,127.263985000,38.092655000,127.263985000,38.092890000,127.263770000,38.093009878,127.263691295,38.092940000,127.264206000,38.093001101,127.264299537,38.092422000,127.264180000,38.092316475,127.264267013,38.092377000,127.263760000,38.092323455,127.263683199
288,288,825297910785,57.607,2.000000,38.078390000,127.263510000,754.000000,2187.680830,3887.737633,1700.056803,77.710458,2.392829,21.455402,6.678443,13.917137,7.745537,12.449130,21.455402,38.092537000,127.263280000,38.092537000,127.263280000,38.092750000,127.263070000,38.092926632,127.262971998,38.092865000,127.263500000,38.092875822,127.263574979,38.092330000,127.263500000,38.092219374,127.263574001,38.092228000,127.263084000,38.092231990,127.262995736
289,289,825297910971,57.793,2.000000,38.078390000,127.263510000,754.000000,2187.680830,3887.737633,1700.056803,77.710458,2.392829,21.455402,6.678443,13.917137,7.745537,12.449130,21.455402,38.092537000,127.263280000,38.092537000,127.263280000,38.092750000,127.263070000,38.092926632,127.262971998,38.092865000,127.263500000,38.092875822,127.263574979,38.092330000,127.263500000,38.092219374,127.263574001,38.092228000,127.263084000,38.092231990,127.262995736
290,290,825297911173,57.995,2.000000,38.078518000,127.263430000,754.000000,2263.653075,4727.004343,2463.351268,108.821943,5.229145,23.412719,8.180082,31.262534,12.182401,18.759434,31.262534,38.092583000,127.262200000,38.092583000,127.262200000,38.092777000,127.261970000,38.092970083,127.261864045,38.092940000,127.262380000,38.092922660,127.262470732,38.092392000,127.262420000,38.092123816,127.262525901,38.092213000,127.262024000,38.092118275,127.261954364
291,291,825297911375,58.197,2.000000,38.078587000,127.263390000,753.000000,2457.178084,4105.975572,1648.797488,67.101261,2.857370,17.263885,10.766814,23.092832,8.455289,14.894705,23.092832,38.093105000,127.262640000,38.093105000,127.262640000,38.093340000,127.262410000,38.093474665,127.262312265,38.093468000,127.262850000,38.093395662,127.262931578,38.092888000,127.262860000,38.092694568,127.262955239,38.092750000,127.262450000,38.092778749,127.262360669
292,292,825297911580,58.402,2.000000,38.078650000,127.263350000,753.000000,2348.894462,4099.527048,1750.632586,74.530066,0.499776,11.797178,9.586417,17.792192,7.080242,11.564007,17.792192,38.093258000,127.263336000,38.093258000,127.263336000,38.093483000,127.263115000,38.093563673,127.263027679,38.093563000,127.263560000,38.093617437,127.263644787,38.093018000,127.263550000,38.092871795,127.263632049,38.092926000,127.263120000,38.092919149,127.263039654
293,293,825297911782,58.604,2.000000,38.078785000,127.263270000,753.000000,2157.031179,4653.325193,2496.294014,115.728230,2.512002,18.587347,12.291132,21.969245,16.401666,17.312348,21.969245,38.093422000,127.264750000,38.093422000,127.264750000,38.093685000,127.264550000,38.093842667,127.264480159,38.093678000,127.264990000,38.093751570,127.265094614,38.093170000,127.264930000,38.092981108,127.265002636,38.093178000,127.264500000,38.093047020,127.264414264
294,294,825297911985,58.807,2.000000,38.078785000,127.263270000,753.000000,2157.031179,4653.325193,2496.294014,115.728230,2.512002,18.587347,12.291132,21.969245,16.401666,17.312348,21.969245,38.093422000,127.264750000,38.093422000,127.264750000,38.093685000,127.264550000,38.093842667,127.264480159,38.093678000,127.264990000,38.093751570,127.265094614,38.093170000,127.264930000,38.092981108,127.265002636,38.093178000,127.264500000,38.093047020,127.264414264
295,295,825297912186,59.008,2.000000,38.078850000,127.263220000,753.000000,2140.150659,4418.772317,2278.621658,106.470152,3.036348,14.487304,12.160592,20.579385,16.353361,15.895160,20.579385,38.093380000,127.265465000,38.093380000,127.265465000,38.093662000,127.265280000,38.093781636,127.265214910,38.093597000,127.265724000,38.093674630,127.265821658,38.093110000,127.265640000,38.092929883,127.265692912,38.093166000,127.265210000,38.093040069,127.265113881
296,296,825297912372,59.194,2.000000,38.078920000,127.263180000,753.000000,2071.821527,4312.683534,2240.862008,108.159027,1.229909,16.031383,13.542358,16.474035,16.633395,15.670293,16.633395,38.093292000,127.266174000,38.093292000,127.266174000,38.093586000,127.266014000,38.093721073,127.265950534,38.093480000,127.266440000,38.093570475,127.266543334,38.093006000,127.266335000,38.092862883,127.266382849,38.093105000,127.265915000,38.092980530,127.265809962
297,297,825297912576,59.398,2.000000,38.079050000,127.263100000,753.000000,2057.796565,4252.516955,2194.720389,106.653905,1.689607,14.766104,12.929925,17.863254,14.957047,15.129083,17.863254,38.093490000,127.265420000,38.093490000,127.265420000,38.093770000,127.265240000,38.093891974,127.265173763,38.093700000,127.265670000,38.093780473,127.265776425,38.093220000,127.265590000,38.093066308,127.265648625,38.093280000,127.265170000,38.093170533,127.265071004
298,298,825297912780,59.602,2.000000,38.079050000,127.263100000,753.000000,2057.796565,4252.516955,2194.720389,106.653905,1.689607,14.766104,12.929925,17.863254,14.957047,15.129083,17.863254,38.093490000,127.265420000,38.093490000,127.265420000,38.093770000,127.265240000,38.093891974,127.265173763,38.093700000,127.265670000,38.093780473,127.265776425,38.093220000,127.265590000,38.093066308,127.265648625,38.093280000,127.265170000,38.093170533,127.265071004
299,299,825297912982,59.804,2.000000,38.079117000,127.263060000,753.000000,2082.040850,4464.486963,2382.446113,114.428404,3.434740,16.087305,11.500006,22.410624,16.567566,16.641375,22.410624,38.093513000,127.264580000,38.093513000,127.264580000,38.093780000,127.264390000,38.093911682,127.264314352,38.093773000,127.264824000,38.093841867,127.264921844,38.093277000,127.264760000,38.093082890,127.264827835,38.093277000,127.264340000,38.093147157,127.264247576
300,300,825297913186,60.008,2.000000,38.079180000,127.263016000,753.000000,2193.840999,4306.774710,2112.933712,96.312072,1.012533,12.795310,14.105211,16.508019,13.077765,14.121576,16.508019,38.093630000,127.263900000,38.093630000,127.263900000,38.093880000,127.263700000,38.093973247,127.263614605,38.093906000,127.264140000,38.094010566,127.264230930,38.093390000,127.264100000,38.093252569,127.264170791,38.093357000,127.263670000,38.093261068,127.263583835
301,301,825297913373,60.195,2.000000,38.079315000,127.262930000,753.000000,2265.122090,3294.713070,1029.590980,45.454105,0.081947,14.256187,12.471031,17.328768,15.059068,14.778763,17.328768,38.093330000,127.262375000,38.093330000,127.262375000,38.093536000,127.262150000,38.093644826,127.262064219,38.093650000,127.262570000,38.093564547,127.262662052,38.093110000,127.262590000,38.092969521,127.262675217,38.092968000,127.262184000,38.093084248,127.262096091
302,302,825297913576,60.398,2.000000,38.079315000,127.262930000,753.000000,2265.122090,3294.713070,1029.590980,45.454105,0.081947,14.256187,12.471031,17.328768,15.059068,14.778763,17.328768,38.093330000,127.262375000,38.093330000,127.262375000,38.093536000,127.262150000,38.093644826,127.262064219,38.093650000,127.262570000,38.093564547,127.262662052,38.093110000,127.262590000,38.092969521,127.262675217,38.092968000,127.262184000,38.093084248,127.262096091
303,303,825297913779,60.601,2.000000,38.079380000,127.262890000,753.000000,2408.644356,3114.508575,705.864220,29.305456,2.765793,8.166107,15.412338,12.686821,12.334360,12.149906,15.412338,38.093540000,127.261850000,38.093540000,127.261850000,38.093773000,127.261620000,38.093794237,127.261530781,38.093900000,127.262040000,38.093781967,127.262131953,38.093338000,127.262070000,38.093249952,127.262161945,38.093160000,127.261670000,38.093245546,127.261580523
304,304,825297913979,60.801,2.000000,38.079450000,127.262856000,753.000000,2383.615542,3868.310587,1484.695045,62.287522,4.913527,15.499161,9.695871,11.709814,12.194507,12.274838,15.499161,38.093952000,127.262060000,38.093952000,127.262060000,38.094190000,127.261830000,38.094306305,127.261732743,38.094290000,127.262260000,38.094344201,127.262346634,38.093727000,127.262280000,38.093650917,127.262372299,38.093605000,127.261870000,38.093686932,127.261777606
305,305,825297914184,61.006,2.000000,38.079580000,127.262770000,752.000000,2166.859929,4683.504065,2516.644136,116.142447,3.201950,24.216560,16.559116,16.420354,12.512107,17.427034,24.216560,38.094143000,127.263306000,38.094143000,127.263306000,38.094368000,127.263090000,38.094576743,127.263012183,38.094410000,127.263535000,38.094538668,127.263629848,38.093910000,127.263504000,38.093778167,127.263588077,38.093840000,127.263080000,38.093748602,127.262996874
306,306,825297914373,61.195,2.000000,38.079580000,127.262770000,752.000000,2166.859929,4683.504065,2516.644136,116.142447,3.201950,24.216560,16.559116,16.420354,12.512107,17.427034,24.216560,38.094143000,127.263306000,38.094143000,127.263306000,38.094368000,127.263090000,38.094576743,127.263012183,38.094410000,127.263535000,38.094538668,127.263629848,38.093910000,127.263504000,38.093778167,127.263588077,38.093840000,127.263080000,38.093748602,127.262996874
307,307,825297914576,61.398,2.000000,38.079647000,127.262730000,752.000000,2070.259883,4208.087096,2137.827213,103.263712,1.999079,14.990502,11.395390,15.329467,17.062181,14.694385,17.062181,38.094196000,127.264010000,38.094196000,127.264010000,38.094444000,127.263810000,38.094564314,127.263733144,38.094440000,127.264250000,38.094508793,127.264346322,38.093956000,127.264200000,38.093831440,127.264274614,38.093952000,127.263770000,38.093815726,127.263680857
308,308,825297914780,61.602,2.000000,38.079712000,127.262690000,752.000000,2032.283969,3788.570277,1756.286308,86.419336,1.471964,15.601953,10.789201,13.160677,8.363313,11.978786,15.601953,38.094185000,127.264725000,38.094185000,127.264725000,38.094437000,127.264534000,38.094567431,127.264468821,38.094402000,127.264980000,38.094465235,127.265073331,38.093937000,127.264900000,38.093833798,127.264973285,38.093960000,127.264470000,38.093919842,127.264389319
309,309,825297914995,61.817,2.000000,38.079845000,127.262600000,752.000000,1965.615599,3740.020317,1774.404718,90.272214,3.733351,11.687835,8.384763,16.228484,13.918748,12.554957,16.228484,38.094196000,127.265840000,38.094196000,127.265840000,38.094470000,127.265680000,38.094559237,127.265609707,38.094370000,127.266100000,38.094386413,127.266193408,38.093920000,127.265990000,38.093780978,127.266045759,38.094010000,127.265570000,38.093909831,127.265474916
310,310,825297915171,61.993,2.000000,38.079845000,127.262600000,752.000000,1965.615599,3740.020317,1774.404718,90.272214,3.733351,11.687835,8.384763,16.228484,13.918748,12.554957,16.228484,38.094196000,127.265840000,38.094196000,127.265840000,38.094470000,127.265680000,38.094559237,127.265609707,38.094370000,127.266100000,38.094386413,127.266193408,38.093920000,127.265990000,38.093780978,127.266045759,38.094010000,127.265570000,38.093909831,127.265474916
311,311,825297915373,62.195,2.000000,38.079910000,127.262566000,752.000000,2025.976232,3534.957175,1508.980942,74.481671,3.421374,9.177907,7.306292,12.953255,12.364883,10.450584,12.953255,38.094460000,127.265350000,38.094460000,127.265350000,38.094734000,127.265180000,38.094787011,127.265099765,38.094660000,127.265620000,38.094670905,127.265702239,38.094190000,127.265520000,38.094083434,127.265579376,38.094270000,127.265100000,38.094194189,127.264996846
312,312,825297915576,62.398,2.000000,38.079975000,127.262530000,752.000000,2018.104423,3606.026892,1587.922470,78.683861,1.813971,14.929806,9.177199,11.132892,8.150945,10.847710,14.929806,38.094517000,127.264650000,38.094517000,127.264650000,38.094770000,127.264465000,38.094891737,127.264393487,38.094734000,127.264910000,38.094778627,127.264998078,38.094260000,127.264824000,38.094179981,127.264900226,38.094300000,127.264404000,38.094278769,127.264314958
313,313,825297915779,62.601,2.000000,38.080110000,127.262440000,752.000000,2038.263775,4135.830922,2097.567147,102.909504,2.281781,14.655474,10.780803,21.313071,11.713152,14.615625,21.313071,38.094480000,127.263245000,38.094480000,127.263245000,38.094707000,127.263040000,38.094822357,127.262959385,38.094738000,127.263480000,38.094805596,127.263568124,38.094257000,127.263440000,38.094074603,127.263513959,38.094215000,127.263016000,38.094132462,127.262933077
314,314,825297915983,62.805,2.000000,38.080110000,127.262440000,752.000000,2038.263775,4135.830922,2097.567147,102.909504,2.281781,14.655474,10.780803,21.313071,11.713152,14.615625,21.313071,38.094480000,127.263245000,38.094480000,127.263245000,38.094707000,127.263040000,38.094822357,127.262959385,38.094738000,127.263480000,38.094805596,127.263568124,38.094257000,127.263440000,38.094074603,127.263513959,38.094215000,127.263016000,38.094132462,127.262933077
315,315,825297916185,63.007,2.000000,38.080177000,127.262400000,752.000000,2035.222317,3913.105520,1877.883202,92.269193,2.698338,11.926865,9.495704,17.131144,12.226685,12.695100,17.131144,38.094433000,127.262540000,38.094433000,127.262540000,38.094654000,127.262340000,38.094727947,127.262241485,38.094707000,127.262764000,38.094763268,127.262845463,38.094215000,127.262750000,38.094073322,127.262826346,38.094143000,127.262340000,38.094061249,127.262246796
316,316,825297916374,63.196,2.000000,38.080307000,127.262320000,752.000000,2383.887210,3767.368384,1383.481173,58.034674,0.304987,11.642559,7.217881,13.462557,7.958387,10.070346,13.462557,38.094593000,127.261420000,38.094593000,127.261420000,38.094845000,127.261190000,38.094918951,127.261096025,38.094920000,127.261620000,38.094924677,127.261702174,38.094353000,127.261640000,38.094256351,127.261732370,38.094260000,127.261230000,38.094288791,127.261146851
317,317,825297916579,63.401,2.000000,38.080307000,127.262320000,752.000000,2383.887210,3767.368384,1383.481173,58.034674,0.304987,11.642559,7.217881,13.462557,7.958387,10.070346,13.462557,38.094593000,127.261420000,38.094593000,127.261420000,38.094845000,127.261190000,38.094918951,127.261096025,38.094920000,127.261620000,38.094924677,127.261702174,38.094353000,127.261640000,38.094256351,127.261732370,38.094260000,127.261230000,38.094288791,127.261146851
318,318,825297916781,63.603,2.000000,38.080376000,127.262276000,752.000000,2266.947011,4160.446986,1893.499975,83.526433,3.453408,14.252833,15.616778,12.191504,7.580561,12.410419,15.616778,38.094864000,127.261820000,38.094864000,127.261820000,38.095110000,127.261600000,38.095212354,127.261502260,38.095150000,127.262030000,38.095273353,127.262114905,38.094620000,127.262040000,38.094533194,127.262124849,38.094550000,127.261620000,38.094534809,127.261535652
319,319,825297916983,63.805,2.000000,38.080505000,127.262190000,752.000000,1985.422620,3994.495205,2009.072585,101.191180,2.004844,19.410954,11.814386,14.568605,9.569720,13.840916,19.410954,38.094925000,127.263214000,38.094925000,127.263214000,38.095146000,127.263016000,38.095308149,127.262934508,38.095170000,127.263450000,38.095246967,127.263542852,38.094692000,127.263405000,38.094576535,127.263483280,38.094666000,127.262985000,38.094614366,127.262897665
320,320,825297917184,64.006,2.000000,38.080505000,127.262190000,752.000000,1985.422620,3994.495205,2009.072585,101.191180,2.004844,19.410954,11.814386,14.568605,9.569720,13.840916,19.410954,38.094925000,127.263214000,38.094925000,127.263214000,38.095146000,127.263016000,38.095308149,127.262934508,38.095170000,127.263450000,38.095246967,127.263542852,38.094692000,127.263405000,38.094576535,127.263483280,38.094666000,127.262985000,38.094614366,127.262897665
321,321,825297917372,64.194,2.000000,38.080574000,127.262150000,752.000000,1994.458509,3580.157514,1585.699004,79.505239,1.390850,21.596279,8.018600,10.978499,8.257505,12.212721,21.596279,38.095093000,127.263855000,38.095093000,127.263855000,38.095330000,127.263660000,38.095516978,127.263594266,38.095320000,127.264100000,38.095294154,127.264185434,38.094852000,127.264040000,38.094773198,127.264115350,38.094860000,127.263610000,38.094826936,127.263525625
322,322,825297917574,64.396,2.000000,38.080640000,127.262115000,752.000000,1917.951615,2907.354576,989.402962,51.586440,0.642407,12.921173,9.473098,9.773212,7.675415,9.960724,12.921173,38.095074000,127.264570000,38.095074000,127.264570000,38.095320000,127.264400000,38.095416982,127.264318961,38.095284000,127.264830000,38.095220115,127.264901433,38.094837000,127.264750000,38.094766632,127.264816710,38.094864000,127.264320000,38.094888771,127.264238237
323,323,825297917776,64.598,2.000000,38.080772000,127.262030000,752.000000,1936.717895,3392.041018,1455.323123,75.143785,6.626533,7.996332,24.814207,7.670040,7.452634,11.983303,24.814207,38.095340000,127.265434000,38.095340000,127.265434000,38.095604000,127.265270000,38.095637530,127.265189279,38.095520000,127.265700000,38.095714148,127.265839168,38.095078000,127.265590000,38.095070842,127.265677077,38.095150000,127.265170000,38.095162542,127.265086437
324,324,825297917980,64.802,2.000000,38.080772000,127.262030000,752.000000,1936.717895,3392.041018,1455.323123,75.143785,6.626533,7.996332,24.814207,7.670040,7.452634,11.983303,24.814207,38.095340000,127.265434000,38.095340000,127.265434000,38.095604000,127.265270000,38.095637530,127.265189279,38.095520000,127.265700000,38.095714148,127.265839168,38.095078000,127.265590000,38.095070842,127.265677077,38.095150000,127.265170000,38.095162542,127.265086437
325,325,825297918182,65.004,2.000000,38.080837000,127.261986000,752.000000,1910.283907,2840.020971,929.737064,48.670099,3.269043,14.942781,8.277592,8.460290,9.919881,10.400136,14.942781,38.095350000,127.264854000,38.095350000,127.264854000,38.095596000,127.264680000,38.095720009,127.264614708,38.095543000,127.265114000,38.095502989,127.265193641,38.095100000,127.265015000,38.095062933,127.265099307,38.095142000,127.264595000,38.095210669,127.264522834
326,326,825297918385,65.207,2.000000,38.080970000,127.261910000,752.000000,1889.271452,3952.574944,2063.303492,109.211595,2.008238,19.437142,8.073469,18.755104,13.723132,14.997212,19.437142,38.095390000,127.263435000,38.095390000,127.263435000,38.095620000,127.263245000,38.095783996,127.263168835,38.095610000,127.263680000,38.095635059,127.263766480,38.095170000,127.263626000,38.095009024,127.263689179,38.095160000,127.263200000,38.095061678,127.263105508
327,327,825297918573,65.395,2.000000,38.080970000,127.261910000,752.000000,1889.271452,3952.574944,2063.303492,109.211595,2.008238,19.437142,8.073469,18.755104,13.723132,14.997212,19.437142,38.095390000,127.263435000,38.095390000,127.263435000,38.095620000,127.263245000,38.095783996,127.263168835,38.095610000,127.263680000,38.095635059,127.263766480,38.095170000,127.263626000,38.095009024,127.263689179,38.095160000,127.263200000,38.095061678,127.263105508
328,328,825297918774,65.596,2.000000,38.081036000,127.261860000,751.000000,1917.628365,4255.742428,2338.114063,121.927382,0.300092,16.738196,17.075669,16.784039,16.468759,16.766666,17.075669,38.095314000,127.262730000,38.095314000,127.262730000,38.095554000,127.262535000,38.095688312,127.262449111,38.095547000,127.262960000,38.095680351,127.263056329,38.095090000,127.262930000,38.094949208,127.262998547,38.095080000,127.262510000,38.094951193,127.262417533
329,329,825297918979,65.801,2.000000,38.081090000,127.261830000,751.000000,2058.428550,4214.389462,2155.960912,104.738195,0.244123,15.616504,14.488550,16.216471,13.432904,14.938607,16.216471,38.095290000,127.262050000,38.095290000,127.262050000,38.095535000,127.261840000,38.095657884,127.261754011,38.095550000,127.262270000,38.095660396,127.262357599,38.095062000,127.262250000,38.094931854,127.262333160,38.095028000,127.261830000,38.094922353,127.261755909
330,330,825297919181,66.003,2.000000,38.081090000,127.261830000,751.000000,2058.428550,4214.389462,2155.960912,104.738195,0.244123,15.616504,14.488550,16.216471,13.432904,14.938607,16.216471,38.095290000,127.262050000,38.095290000,127.262050000,38.095535000,127.261840000,38.095657884,127.261754011,38.095550000,127.262270000,38.095660396,127.262357599,38.095062000,127.262250000,38.094931854,127.262333160,38.095028000,127.261830000,38.094922353,127.261755909
331,331,825297919384,66.206,2.000000,38.081223000,127.261750000,751.000000,2240.446328,4203.307025,1962.860697,87.610253,1.541473,10.912496,17.603064,14.238285,8.688623,12.860617,17.603064,38.095770000,127.260994000,38.095770000,127.260994000,38.096043000,127.260765000,38.096105200,127.260668724,38.096046000,127.261200000,38.096190590,127.261281354,38.095524000,127.261220000,38.095416229,127.261307530,38.095497000,127.260796000,38.095452892,127.260714177
332,332,825297919572,66.394,2.000000,38.081290000,127.261710000,751.000000,2138.589900,4426.912911,2288.323011,107.001488,2.155163,11.885631,15.427969,15.743158,18.635549,15.423077,18.635549,38.096058000,127.261520000,38.096058000,127.261520000,38.096325000,127.261290000,38.096407500,127.261203877,38.096310000,127.261734000,38.096427601,127.261827183,38.095810000,127.261734000,38.095687312,127.261823384,38.095814000,127.261310000,38.095659871,127.261226978
333,333,825297919778,66.600,2.000000,38.081290000,127.261710000,751.000000,2138.589900,4426.912911,2288.323011,107.001488,2.155163,11.885631,15.427969,15.743158,18.635549,15.423077,18.635549,38.096058000,127.261520000,38.096058000,127.261520000,38.096325000,127.261290000,38.096407500,127.261203877,38.096310000,127.261734000,38.096427601,127.261827183,38.095810000,127.261734000,38.095687312,127.261823384,38.095814000,127.261310000,38.095659871,127.261226978
334,334,825297919981,66.803,2.000000,38.081420000,127.261630000,751.000000,1968.249221,3627.126751,1658.877530,84.281884,0.685746,14.606149,9.206344,11.219720,10.276253,11.327116,14.606149,38.095990000,127.262930000,38.095990000,127.262930000,38.096233000,127.262730000,38.096349357,127.262652949,38.096207000,127.263176000,38.096255070,127.263261513,38.095753000,127.263120000,38.095674015,127.263199554,38.095764000,127.262695000,38.095703198,127.262606737
335,335,825297920184,67.006,2.000000,38.081490000,127.261580000,751.000000,1953.835583,3522.754786,1568.919203,80.299449,1.169946,20.099397,7.410180,16.224908,8.488341,13.055706,20.099397,38.096165000,127.263670000,38.096165000,127.263670000,38.096410000,127.263490000,38.096580768,127.263415488,38.096390000,127.263930000,38.096366354,127.264009069,38.095932000,127.263855000,38.095794847,127.263917667,38.095947000,127.263430000,38.095975014,127.263339883
336,336,825297920372,67.194,2.000000,38.081490000,127.261580000,751.000000,1953.835583,3522.754786,1568.919203,80.299449,1.169946,20.099397,7.410180,16.224908,8.488341,13.055706,20.099397,38.096165000,127.263670000,38.096165000,127.263670000,38.096410000,127.263490000,38.096580768,127.263415488,38.096390000,127.263930000,38.096366354,127.264009069,38.095932000,127.263855000,38.095794847,127.263917667,38.095947000,127.263430000,38.095975014,127.263339883
337,337,825297920573,67.395,2.000000,38.081620000,127.261505000,751.000000,1915.389002,8067.156386,6151.767384,321.175875,33.542754,86.923306,79.453384,21.288885,13.200415,50.216498,86.923306,38.096104000,127.265130000,38.096104000,127.265130000,38.096355000,127.264970000,38.097132747,127.265058299,38.096294000,127.265400000,38.096973986,127.265675616,38.095844000,127.265280000,38.095655273,127.265319279,38.095917000,127.264860000,38.095829740,127.264757971
338,338,825297920775,67.597,2.000000,38.081688000,127.261460000,751.000000,2034.309905,8286.012720,6251.702816,307.313198,18.127429,70.162861,67.853890,41.204676,24.603903,50.956332,70.162861,38.096380000,127.265070000,38.096380000,127.265070000,38.096634000,127.264900000,38.097262688,127.264956949,38.096580000,127.265350000,38.097159217,127.265591259,38.096120000,127.265230000,38.095749998,127.265216816,38.096188000,127.264790000,38.095988544,127.264669001
339,339,825297920978,67.800,2.000000,38.081818000,127.261375000,751.000000,1890.031906,3311.671972,1421.640066,75.217781,1.105079,18.772603,8.068758,15.472736,6.907151,12.305312,18.772603,38.096153000,127.263660000,38.096153000,127.263660000,38.096390000,127.263470000,38.096553138,127.263415724,38.096370000,127.263910000,38.096342159,127.263995038,38.095924000,127.263830000,38.095795858,127.263898417,38.095947000,127.263405000,38.095973069,127.263333453
340,340,825297921181,68.003,2.000000,38.081818000,127.261375000,751.000000,1890.031906,3311.671972,1421.640066,75.217781,1.105079,18.772603,8.068758,15.472736,6.907151,12.305312,18.772603,38.096153000,127.263660000,38.096153000,127.263660000,38.096390000,127.263470000,38.096553138,127.263415724,38.096370000,127.263910000,38.096342159,127.263995038,38.095924000,127.263830000,38.095795858,127.263898417,38.095947000,127.263405000,38.095973069,127.263333453
341,341,825297921383,68.205,2.000000,38.081886000,127.261340000,751.000000,1832.502996,3491.160203,1658.657208,90.513206,2.310055,18.423641,9.489698,9.729524,9.676671,11.829883,18.423641,38.096172000,127.262950000,38.096172000,127.262950000,38.096413000,127.262764000,38.096567699,127.262689263,38.096386000,127.263190000,38.096430399,127.263282471,38.095943000,127.263140000,38.095875326,127.263210283,38.095974000,127.262720000,38.095925532,127.262628307
342,342,825297921586,68.408,2.000000,38.081950000,127.261300000,751.000000,1847.952858,3787.167443,1939.214584,104.938531,0.628132,17.453138,9.650696,13.331154,14.939505,13.843623,17.453138,38.096080000,127.262290000,38.096080000,127.262290000,38.096317000,127.262100000,38.096458916,127.262015320,38.096302000,127.262530000,38.096362001,127.262609513,38.095850000,127.262480000,38.095746021,127.262555493,38.095870000,127.262070000,38.095756625,127.261978751
343,343,825297921774,68.596,2.000000,38.081950000,127.261300000,751.000000,1847.952858,3787.167443,1939.214584,104.938531,0.628132,17.453138,9.650696,13.331154,14.939505,13.843623,17.453138,38.096080000,127.262290000,38.096080000,127.262290000,38.096317000,127.262100000,38.096458916,127.262015320,38.096302000,127.262530000,38.096362001,127.262609513,38.095850000,127.262480000,38.095746021,127.262555493,38.095870000,127.262070000,38.095756625,127.261978751
344,344,825297921977,68.799,2.000000,38.082085000,127.261215000,751.000000,2008.520270,3949.645547,1941.125277,96.644545,1.546191,11.251504,17.902389,10.717265,13.362928,13.308521,17.902389,38.096200000,127.260920000,38.096200000,127.260920000,38.096462000,127.260700000,38.096536642,127.260613402,38.096428000,127.261120000,38.096571457,127.261212359,38.095947000,127.261120000,38.095885788,127.261214425,38.095950000,127.260710000,38.095843211,127.260640332
345,345,825297922179,69.001,2.000000,38.082150000,127.261170000,751.000000,2198.525149,4524.151758,2325.626609,105.781215,3.382037,14.614745,23.761372,12.926303,12.135554,15.859494,23.761372,38.096775000,127.260590000,38.096775000,127.260590000,38.097060000,127.260360000,38.097167545,127.260264316,38.097020000,127.260800000,38.097223168,127.260883177,38.096510000,127.260820000,38.096412696,127.260900523,38.096542000,127.260380000,38.096450014,127.260305656
346,346,825297922380,69.202,2.000000,38.082283000,127.261090000,751.000000,1977.967367,4501.896460,2523.929094,127.602160,4.195437,10.840364,18.672004,19.410132,24.081841,18.251085,24.081841,38.096890000,127.261910000,38.096890000,127.261910000,38.097153000,127.261710000,38.097219720,127.261619866,38.097115000,127.262146000,38.097265117,127.262241084,38.096645000,127.262110000,38.096480296,127.262182723,38.096680000,127.261690000,38.096477997,127.261591623
347,347,825297922583,69.405,2.000000,38.082283000,127.261090000,751.000000,1977.967367,4501.896460,2523.929094,127.602160,4.195437,10.840364,18.672004,19.410132,24.081841,18.251085,24.081841,38.096890000,127.261910000,38.096890000,127.261910000,38.097153000,127.261710000,38.097219720,127.261619866,38.097115000,127.262146000,38.097265117,127.262241084,38.096645000,127.262110000,38.096480296,127.262182723,38.096680000,127.261690000,38.096477997,127.261591623
348,348,825297922774,69.596,2.000000,38.082348000,127.261050000,751.000000,1877.190584,4920.311038,3043.120454,162.110362,3.001398,25.508952,26.148652,25.495681,14.444643,22.899482,26.148652,38.096820000,127.262620000,38.096820000,127.262620000,38.097070000,127.262430000,38.097292621,127.262360986,38.097030000,127.262860000,38.097246290,127.262976430,38.096584000,127.262800000,38.096360544,127.262863826,38.096620000,127.262380000,38.096511029,127.262290485
349,349,825297922973,69.795,2.000000,38.082348000,127.261050000,751.000000,1877.190584,4920.311038,3043.120454,162.110362,3.001398,25.508952,26.148652,25.495681,14.444643,22.899482,26.148652,38.096820000,127.262620000,38.096820000,127.262620000,38.097070000,127.262430000,38.097292621,127.262360986,38.097030000,127.262860000,38.097246290,127.262976430,38.096584000,127.262800000,38.096360544,127.262863826,38.096620000,127.262380000,38.096511029,127.262290485
350,350,825297923178,70.000,2.000000,38.082480000,127.260960000,751.000000,1803.607248,5464.952439,3661.345191,203.001246,2.285018,37.422612,25.279059,36.711954,16.658868,29.018123,37.422612,38.096760000,127.263985000,38.096760000,127.263985000,38.097004000,127.263820000,38.097339540,127.263793805,38.096947000,127.264244000,38.097147808,127.264378742,38.096523000,127.264145000,38.096193374,127.264158190,38.096577000,127.263725000,38.096450986,127.263622432
351,351,825297923380,70.202,2.000000,38.082546000,127.260925000,751.000000,1878.851072,7027.292541,5148.441469,274.020733,3.564616,46.025011,46.651612,47.877954,30.408493,42.740767,47.877954,38.096718000,127.264700000,38.096718000,127.264700000,38.096966000,127.264540000,38.097379198,127.264558319,38.096920000,127.264980000,38.097309640,127.265176066,38.096474000,127.264850000,38.096044851,127.264813772,38.096542000,127.264435000,38.096293626,127.264290514
352,352,825297923584,70.406,2.000000,38.082680000,127.260840000,751.000000,1752.832178,5346.577282,3593.745104,205.025053,2.091540,36.714927,25.098499,36.792006,16.665976,28.817852,36.792006,38.096780000,127.264010000,38.096780000,127.264010000,38.097020000,127.263850000,38.097349302,127.263826626,38.096962000,127.264270000,38.097160953,127.264404787,38.096546000,127.264170000,38.096215506,127.264173957,38.096600000,127.263756000,38.096477217,127.263647146
353,353,825297923772,70.594,2.000000,38.082680000,127.260840000,751.000000,1752.832178,5346.577282,3593.745104,205.025053,2.091540,36.714927,25.098499,36.792006,16.665976,28.817852,36.792006,38.096780000,127.264010000,38.096780000,127.264010000,38.097020000,127.263850000,38.097349302,127.263826626,38.096962000,127.264270000,38.097160953,127.264404787,38.096546000,127.264170000,38.096215506,127.264173957,38.096600000,127.263756000,38.096477217,127.263647146
354,354,825297923976,70.798,2.000000,38.082745000,127.260800000,751.000000,1748.706061,4995.803439,3247.097378,185.685716,6.932638,37.152283,27.366172,23.447797,14.608158,25.643603,37.152283,38.096820000,127.263310000,38.096820000,127.263310000,38.097054000,127.263140000,38.097386474,127.263103032,38.097008000,127.263565000,38.097233339,127.263689872,38.096596000,127.263480000,38.096388129,127.263523217,38.096620000,127.263070000,38.096518346,127.262964547
355,355,825297924179,71.001,2.000000,38.082880000,127.260720000,751.000000,1761.846499,4113.644762,2351.798263,133.484856,3.208381,12.821254,17.803138,19.496134,21.458656,17.894795,21.458656,38.096844000,127.262060000,38.096844000,127.262060000,38.097095000,127.261880000,38.097188646,127.261794799,38.097042000,127.262290000,38.097180708,127.262391155,38.096615000,127.262245000,38.096446878,127.262307353,38.096657000,127.261830000,38.096477885,127.261739463
356,356,825297924382,71.204,2.000000,38.082880000,127.260720000,751.000000,1761.846499,4113.644762,2351.798263,133.484856,3.208381,12.821254,17.803138,19.496134,21.458656,17.894795,21.458656,38.096844000,127.262060000,38.096844000,127.262060000,38.097095000,127.261880000,38.097188646,127.261794799,38.097042000,127.262290000,38.097180708,127.262391155,38.096615000,127.262245000,38.096446878,127.262307353,38.096657000,127.261830000,38.096477885,127.261739463
357,357,825297924582,71.404,2.000000,38.082943000,127.260680000,751.000000,1845.663489,4216.698094,2371.034605,128.465163,2.305033,21.706706,18.285535,13.418280,17.845276,17.813949,21.706706,38.096950000,127.261314000,38.096950000,127.261314000,38.097200000,127.261110000,38.097385591,127.261033982,38.097150000,127.261536000,38.097297453,127.261627978,38.096710000,127.261505000,38.096606882,127.261584316,38.096745000,127.261090000,38.096596681,127.261012708
358,358,825297924785,71.607,2.000000,38.083010000,127.260635000,751.000000,1959.881917,4402.749242,2442.867325,124.643597,4.801396,11.193882,34.210250,13.294452,13.470939,18.042381,34.210250,38.097076000,127.260630000,38.097076000,127.260630000,38.097347000,127.260414000,38.097423528,127.260331111,38.097275000,127.260840000,38.097573723,127.260931700,38.096806000,127.260830000,38.096707596,127.260915989,38.096855000,127.260420000,38.096750086,127.260343368
359,359,825297924972,71.794,2.000000,38.083010000,127.260635000,751.000000,1959.881917,4402.749242,2442.867325,124.643597,4.801396,11.193882,34.210250,13.294452,13.470939,18.042381,34.210250,38.097076000,127.260630000,38.097076000,127.260630000,38.097347000,127.260414000,38.097423528,127.260331111,38.097275000,127.260840000,38.097573723,127.260931700,38.096806000,127.260830000,38.096707596,127.260915989,38.096855000,127.260420000,38.096750086,127.260343368
360,360,825297925175,71.997,2.000000,38.083140000,127.260560000,751.000000,1999.658193,4825.043320,2825.385127,141.293404,9.867301,8.315271,18.127896,26.356583,34.277668,21.769354,34.277668,38.097527000,127.260900000,38.097527000,127.260900000,38.097810000,127.260690000,38.097840224,127.260603198,38.097740000,127.261120000,38.097885161,127.261213783,38.097260000,127.261100000,38.097031300,127.261177859,38.097330000,127.260680000,38.097028768,127.260598881
361,361,825297925380,72.202,2.000000,38.083210000,127.260510000,751.000000,1848.017178,4192.377217,2344.360039,126.858130,5.226542,24.614486,19.323363,9.516399,16.242624,17.424218,24.614486,38.097393000,127.261650000,38.097393000,127.261650000,38.097652000,127.261460000,38.097864799,127.261383664,38.097584000,127.261880000,38.097738701,127.261980049,38.097145000,127.261830000,38.097093513,127.261916718,38.097190000,127.261420000,38.097060820,127.261333796
362,362,825297925582,72.404,2.000000,38.083275000,127.260475000,751.000000,1740.503160,3873.899134,2133.395974,122.573519,3.402288,11.352793,14.790178,20.963541,16.674603,15.945279,20.963541,38.097286000,127.262330000,38.097286000,127.262330000,38.097534000,127.262150000,38.097616396,127.262073634,38.097480000,127.262570000,38.097586850,127.262670342,38.097054000,127.262505000,38.096871203,127.262562522,38.097110000,127.262100000,38.096982080,127.262000969
363,363,825297925785,72.607,2.000000,38.083275000,127.260475000,751.000000,1740.503160,3873.899134,2133.395974,122.573519,3.402288,11.352793,14.790178,20.963541,16.674603,15.945279,20.963541,38.097286000,127.262330000,38.097286000,127.262330000,38.097534000,127.262150000,38.097616396,127.262073634,38.097480000,127.262570000,38.097586850,127.262670342,38.097054000,127.262505000,38.096871203,127.262562522,38.097110000,127.262100000,38.096982080,127.262000969
364,364,825297925972,72.794,2.000000,38.083410000,127.260390000,751.000000,1735.688789,4690.177044,2954.488255,170.219931,2.975439,24.927010,17.200604,30.416194,22.151607,23.673854,30.416194,38.097153000,127.263664000,38.097153000,127.263664000,38.097390000,127.263504000,38.097612276,127.263469551,38.097340000,127.263920000,38.097462203,127.264040158,38.096924000,127.263820000,38.096650913,127.263831371,38.096973000,127.263405000,38.096795574,127.263290513
365,365,825297926191,73.013,2.000000,38.083473000,127.260350000,751.000000,1753.828610,5512.763032,3758.934422,214.327352,1.176721,31.748002,28.390736,45.292854,18.969361,31.100238,45.292854,38.097115000,127.264360000,38.097115000,127.264360000,38.097355000,127.264210000,38.097640184,127.264206458,38.097300000,127.264630000,38.097522864,127.264787568,38.096878000,127.264496000,38.096472247,127.264457670,38.096943000,127.264090000,38.096798431,127.263975372
366,366,825297926401,73.223,2.000000,38.083607000,127.260270000,751.000000,1721.046669,4318.844761,2597.798092,150.942920,4.491742,19.780821,13.047650,32.312624,16.485987,20.406770,32.312624,38.097332000,127.263440000,38.097332000,127.263440000,38.097572000,127.263290000,38.097743938,127.263232994,38.097520000,127.263700000,38.097604070,127.263803780,38.097103000,127.263600000,38.096812769,127.263605961,38.097153000,127.263190000,38.097031843,127.263081778
367,367,825297926583,73.405,2.000000,38.083607000,127.260270000,751.000000,1721.046669,4318.844761,2597.798092,150.942920,4.491742,19.780821,13.047650,32.312624,16.485987,20.406770,32.312624,38.097332000,127.263440000,38.097332000,127.263440000,38.097572000,127.263290000,38.097743938,127.263232994,38.097520000,127.263700000,38.097604070,127.263803780,38.097103000,127.263600000,38.096812769,127.263605961,38.097153000,127.263190000,38.097031843,127.263081778
368,368,825297926773,73.595,2.000000,38.083670000,127.260220000,751.000000,1700.341589,3873.363500,2173.021911,127.799139,2.167013,13.732230,15.518836,21.913007,14.872522,16.509149,21.913007,38.097393000,127.262770000,38.097393000,127.262770000,38.097633000,127.262600000,38.097746174,127.262537633,38.097580000,127.263016000,38.097690761,127.263123573,38.097164000,127.262930000,38.096970568,127.262976394,38.097214000,127.262530000,38.097105896,127.262430244
369,369,825297926979,73.801,2.000000,38.083794000,127.260150000,751.000000,1726.306933,4091.722709,2365.415777,137.021739,0.959185,22.769015,15.147805,15.813886,18.331932,18.015659,22.769015,38.097580000,127.261390000,38.097580000,127.261390000,38.097828000,127.261210000,38.098023343,127.261132950,38.097750000,127.261620000,38.097866157,127.261710067,38.097330000,127.261566000,38.097199780,127.261638145,38.097385000,127.261170000,38.097237588,127.261076720
370,370,825297927182,74.004,2.000000,38.083794000,127.260150000,751.000000,1726.306933,4091.722709,2365.415777,137.021739,0.959185,22.769015,15.147805,15.813886,18.331932,18.015659,22.769015,38.097580000,127.261390000,38.097580000,127.261390000,38.097828000,127.261210000,38.098023343,127.261132950,38.097750000,127.261620000,38.097866157,127.261710067,38.097330000,127.261566000,38.097199780,127.261638145,38.097385000,127.261170000,38.097237588,127.261076720
371,371,825297927385,74.207,2.000000,38.083860000,127.260110000,751.000000,1852.056177,4234.237701,2382.181524,128.623611,2.328126,11.325079,20.869607,14.251002,25.979599,18.106322,25.979599,38.097713000,127.260720000,38.097713000,127.260720000,38.097990000,127.260520000,38.098069984,127.260440112,38.097900000,127.260940000,38.098072978,127.261031856,38.097450000,127.260910000,38.097336839,127.260986067,38.097527000,127.260506000,38.097303564,127.260420360
372,372,825297927573,74.395,2.000000,38.083860000,127.260110000,751.000000,1852.056177,4234.237701,2382.181524,128.623611,2.328126,11.325079,20.869607,14.251002,25.979599,18.106322,25.979599,38.097713000,127.260720000,38.097713000,127.260720000,38.097990000,127.260520000,38.098069984,127.260440112,38.097900000,127.260940000,38.098072978,127.261031856,38.097450000,127.260910000,38.097336839,127.260986067,38.097527000,127.260506000,38.097303564,127.260420360
373,373,825297927775,74.597,2.000000,38.083992000,127.260025000,751.000000,2115.008581,3878.522450,1763.513869,83.380932,2.852514,8.356362,15.013943,8.720648,19.945663,13.009154,19.945663,38.098430000,127.260030000,38.098430000,127.260030000,38.098730000,127.259820000,38.098718987,127.259725643,38.098637000,127.260254000,38.098755718,127.260335332,38.098137000,127.260240000,38.098094196,127.260323373,38.098217000,127.259820000,38.098050063,127.259737300
374,374,825297927977,74.799,2.000000,38.084057000,127.259990000,751.000000,2004.027337,3822.042899,1818.015561,90.718102,1.219837,8.755986,15.067858,7.922277,21.297054,13.260794,21.297054,38.098230000,127.260710000,38.098230000,127.260710000,38.098534000,127.260510000,38.098577187,127.260426463,38.098420000,127.260940000,38.098537071,127.261026334,38.097950000,127.260900000,38.097924555,127.260984456,38.098040000,127.260490000,38.097861356,127.260403000
375,375,825297928179,75.001,2.000000,38.084190000,127.259900000,750.000000,1748.776541,3839.084192,2090.307651,119.529717,0.812670,13.440848,16.693894,13.540510,18.854783,15.632509,18.854783,38.097950000,127.261910000,38.097950000,127.261910000,38.098213000,127.261740000,38.098319261,127.261667147,38.098140000,127.262150000,38.098266182,127.262252978,38.097706000,127.262080000,38.097594826,127.262142713,38.097786000,127.261680000,38.097636118,127.261579755
376,376,825297928383,75.205,2.000000,38.084190000,127.259900000,750.000000,1748.776541,3839.084192,2090.307651,119.529717,0.812670,13.440848,16.693894,13.540510,18.854783,15.632509,18.854783,38.097950000,127.261910000,38.097950000,127.261910000,38.098213000,127.261740000,38.098319261,127.261667147,38.098140000,127.262150000,38.098266182,127.262252978,38.097706000,127.262080000,38.097594826,127.262142713,38.097786000,127.261680000,38.097636118,127.261579755
377,377,825297928586,75.408,2.000000,38.084255000,127.259865000,750.000000,1713.084942,3558.177551,1845.092609,107.705845,0.374771,14.714430,12.857776,12.014063,14.731151,13.579355,14.731151,38.097920000,127.262560000,38.097920000,127.262560000,38.098167000,127.262405000,38.098287017,127.262334617,38.098090000,127.262810000,38.098176351,127.262907478,38.097675000,127.262720000,38.097577408,127.262778554,38.097740000,127.262320000,38.097634867,127.262217877
378,378,825297928773,75.595,2.000000,38.084255000,127.259865000,750.000000,1713.084942,3558.177551,1845.092609,107.705845,0.374771,14.714430,12.857776,12.014063,14.731151,13.579355,14.731151,38.097920000,127.262560000,38.097920000,127.262560000,38.098167000,127.262405000,38.098287017,127.262334617,38.098090000,127.262810000,38.098176351,127.262907478,38.097675000,127.262720000,38.097577408,127.262778554,38.097740000,127.262320000,38.097634867,127.262217877
379,379,825297928976,75.798,2.000000,38.084390000,127.259780000,750.000000,1731.787576,3668.589288,1936.801712,111.838296,3.087084,11.042379,12.809071,21.297365,12.808270,14.489271,21.297365,38.097786000,127.263985000,38.097786000,127.263985000,38.098040000,127.263855000,38.098124952,127.263789922,38.097965000,127.264260000,38.098042812,127.264367715,38.097550000,127.264120000,38.097359334,127.264140042,38.097614000,127.263725000,38.097537055,127.263616296
380,380,825297929180,76.002,2.000000,38.084454000,127.259740000,750.000000,1770.598284,3461.359410,1690.761126,95.490950,2.331132,15.904379,12.187431,10.819616,9.394941,12.076592,15.904379,38.098083000,127.263596000,38.098083000,127.263596000,38.098335000,127.263460000,38.098470317,127.263401748,38.098274000,127.263870000,38.098346743,127.263973971,38.097836000,127.263730000,38.097753421,127.263795136,38.097916000,127.263336000,38.097872996,127.263243723
381,381,825297929382,76.204,2.000000,38.084522000,127.259700000,750.000000,1754.096330,3497.887874,1743.791544,99.412530,1.992365,16.392851,12.580991,10.537725,11.345908,12.714369,16.392851,38.098150000,127.262924000,38.098150000,127.262924000,38.098415000,127.262770000,38.098556849,127.262719742,38.098324000,127.263176000,38.098400133,127.263282138,38.097908000,127.263070000,38.097829260,127.263136768,38.097980000,127.262670000,38.097908110,127.262578192
382,382,825297929585,76.407,2.000000,38.084522000,127.259700000,750.000000,1754.096330,3497.887874,1743.791544,99.412530,1.992365,16.392851,12.580991,10.537725,11.345908,12.714369,16.392851,38.098150000,127.262924000,38.098150000,127.262924000,38.098415000,127.262770000,38.098556849,127.262719742,38.098324000,127.263176000,38.098400133,127.263282138,38.097908000,127.263070000,38.097829260,127.263136768,38.097980000,127.262670000,38.097908110,127.262578192
383,383,825297929771,76.593,2.000000,38.084652000,127.259610000,750.000000,1740.088646,3447.955452,1707.866806,98.148264,0.594534,11.123356,14.927797,12.894136,10.325473,12.317691,14.927797,38.098312000,127.261540000,38.098312000,127.261540000,38.098590000,127.261375000,38.098668096,127.261295790,38.098488000,127.261770000,38.098594275,127.261873921,38.098053000,127.261700000,38.097951779,127.261771555,38.098150000,127.261310000,38.098086662,127.261223891
384,384,825297929975,76.797,2.000000,38.084720000,127.259575000,750.000000,1804.106029,3484.345285,1680.239256,93.134174,1.876182,9.299530,18.784987,8.082874,14.176903,12.586074,18.784987,38.098480000,127.260890000,38.098480000,127.260890000,38.098770000,127.260710000,38.098823390,127.260628354,38.098648000,127.261116000,38.098797683,127.261215010,38.098206000,127.261060000,38.098177176,127.261144686,38.098316000,127.260666000,38.098207908,127.260580427
385,385,825297930178,77.000,2.000000,38.084720000,127.259575000,750.000000,1804.106029,3484.345285,1680.239256,93.134174,1.876182,9.299530,18.784987,8.082874,14.176903,12.586074,18.784987,38.098480000,127.260890000,38.098480000,127.260890000,38.098770000,127.260710000,38.098823390,127.260628354,38.098648000,127.261116000,38.098797683,127.261215010,38.098206000,127.261060000,38.098177176,127.261144686,38.098316000,127.260666000,38.098207908,127.260580427
386,386,825297930381,77.203,2.000000,38.084854000,127.259490000,750.000000,1991.768460,4735.525886,2743.757425,137.754838,3.439170,16.423830,31.010936,9.569056,25.567690,20.642878,31.010936,38.098970000,127.259620000,38.098970000,127.259620000,38.099262000,127.259410000,38.099392552,127.259322666,38.099155000,127.259834000,38.099423976,127.259926129,38.098667000,127.259820000,38.098611820,127.259903756,38.098774000,127.259410000,38.098553029,127.259330400
387,387,825297930582,77.404,2.000000,38.084920000,127.259450000,750.000000,2096.307671,4852.647303,2756.339632,131.485453,7.045147,8.344106,22.005622,18.711095,33.910194,20.742754,33.910194,38.099335000,127.259720000,38.099335000,127.259720000,38.099660000,127.259514000,38.099677008,127.259421234,38.099530000,127.259940000,38.099713581,127.260033166,38.099030000,127.259926000,38.098872903,127.260001959,38.099144000,127.259510000,38.098847555,127.259420924
388,388,825297930789,77.611,2.000000,38.085052000,127.259370000,750.000000,1905.831767,3927.481911,2021.650144,106.077051,0.674756,9.523999,21.543131,11.926014,16.479159,14.868076,21.543131,38.098910000,127.261070000,38.098910000,127.261070000,38.099210000,127.260895000,38.099269314,127.260816650,38.099075000,127.261300000,38.099248310,127.261409428,38.098620000,127.261230000,38.098532498,127.261308548,38.098736000,127.260830000,38.098603185,127.260746919
389,389,825297930973,77.795,2.000000,38.085052000,127.259370000,750.000000,1905.831767,3927.481911,2021.650144,106.077051,0.674756,9.523999,21.543131,11.926014,16.479159,14.868076,21.543131,38.098910000,127.261070000,38.098910000,127.261070000,38.099210000,127.260895000,38.099269314,127.260816650,38.099075000,127.261300000,38.099248310,127.261409428,38.098620000,127.261230000,38.098532498,127.261308548,38.098736000,127.260830000,38.098603185,127.260746919
390,390,825297931176,77.998,2.000000,38.085117000,127.259330000,750.000000,1782.800507,3927.958007,2145.157500,120.325156,0.331964,15.185997,16.697738,13.179125,18.176432,15.809823,18.176432,38.098780000,127.261696000,38.098780000,127.261696000,38.099068000,127.261540000,38.099192866,127.261470187,38.098960000,127.261940000,38.099085092,127.262045183,38.098520000,127.261856000,38.098411506,127.261916213,38.098618000,127.261470000,38.098479657,127.261359789
391,391,825297931385,78.207,2.000000,38.085117000,127.259330000,750.000000,1782.800507,3927.958007,2145.157500,120.325156,0.331964,15.185997,16.697738,13.179125,18.176432,15.809823,18.176432,38.098780000,127.261696000,38.098780000,127.261696000,38.099068000,127.261540000,38.099192866,127.261470187,38.098960000,127.261940000,38.099085092,127.262045183,38.098520000,127.261856000,38.098411506,127.261916213,38.098618000,127.261470000,38.098479657,127.261359789
392,392,825297931587,78.409,2.000000,38.085250000,127.259254000,750.000000,1706.604957,3772.923612,2066.318655,121.077737,0.682919,15.627419,14.811971,15.900663,16.198994,15.634762,16.198994,38.098537000,127.263016000,38.098537000,127.263016000,38.098804000,127.262886000,38.098937692,127.262831581,38.098717000,127.263280000,38.098816343,127.263392482,38.098293000,127.263150000,38.098154125,127.263192459,38.098390000,127.262764000,38.098272090,127.262655631
393,393,825297931783,78.605,2.000000,38.085316000,127.259210000,750.000000,1793.805542,3924.334348,2130.528806,118.771447,0.701566,18.300662,14.819183,16.499610,13.740666,15.840030,18.300662,38.098580000,127.263466000,38.098580000,127.263466000,38.098846000,127.263336000,38.099008191,127.263301891,38.098770000,127.263740000,38.098865141,127.263858320,38.098335000,127.263590000,38.098189940,127.263628675,38.098408000,127.263200000,38.098317404,127.263093467
394,394,825297931972,78.794,2.000000,38.085316000,127.259210000,750.000000,1793.805542,3924.334348,2130.528806,118.771447,0.701566,18.300662,14.819183,16.499610,13.740666,15.840030,18.300662,38.098580000,127.263466000,38.098580000,127.263466000,38.098846000,127.263336000,38.099008191,127.263301891,38.098770000,127.263740000,38.098865141,127.263858320,38.098335000,127.263590000,38.098189940,127.263628675,38.098408000,127.263200000,38.098317404,127.263093467
395,395,825297932174,78.996,2.000000,38.085450000,127.259130000,750.000000,1751.737975,3539.290052,1787.552077,102.044490,3.192695,9.878618,11.457147,13.637277,17.306634,13.069919,17.306634,38.098896000,127.262450000,38.098896000,127.262450000,38.099186000,127.262314000,38.099253905,127.262241403,38.099070000,127.262700000,38.099131915,127.262804473,38.098637000,127.262590000,38.098521691,127.262642572,38.098743000,127.262210000,38.098616199,127.262095692
396,396,825297932377,79.199,2.000000,38.085518000,127.259090000,750.000000,1796.353816,3731.178905,1934.825089,107.708463,3.392195,11.208217,12.244968,15.476046,18.304417,14.308412,18.304417,38.099052000,127.261800000,38.099052000,127.261800000,38.099342000,127.261660000,38.099419211,127.261577882,38.099220000,127.262050000,38.099301039,127.262144517,38.098785000,127.261955000,38.098651085,127.262002449,38.098885000,127.261566000,38.098745518,127.261455347
397,397,825297932580,79.402,2.000000,38.085518000,127.259090000,750.000000,1796.353816,3731.178905,1934.825089,107.708463,3.392195,11.208217,12.244968,15.476046,18.304417,14.308412,18.304417,38.099052000,127.261800000,38.099052000,127.261800000,38.099342000,127.261660000,38.099419211,127.261577882,38.099220000,127.262050000,38.099301039,127.262144517,38.098785000,127.261955000,38.098651085,127.262002449,38.098885000,127.261566000,38.098745518,127.261455347
398,398,825297932783,79.605,2.000000,38.085650000,127.259010000,750.000000,1902.089340,4222.943352,2320.854013,122.016036,1.568015,15.280421,21.989784,11.144724,20.054441,17.117343,21.989784,38.099384000,127.260510000,38.099384000,127.260510000,38.099697000,127.260340000,38.099819457,127.260261189,38.099556000,127.260740000,38.099735830,127.260843877,38.099087000,127.260680000,38.099003669,127.260750510,38.099216000,127.260290000,38.099053343,127.260191588
399,399,825297932972,79.794,2.000000,38.085716000,127.258970000,750.000000,1946.961839,4120.141638,2173.179799,111.619024,2.962932,9.358082,18.047802,15.492350,20.920071,15.954576,20.920071,38.099583000,127.259860000,38.099583000,127.259860000,38.099895000,127.259670000,38.099948014,127.259587094,38.099777000,127.260080000,38.099919677,127.260177840,38.099304000,127.260040000,38.099178629,127.260116778,38.099407000,127.259636000,38.099230490,127.259554027
400,400,825297933176,79.998,2.000000,38.085716000,127.258970000,750.000000,1946.961839,4120.141638,2173.179799,111.619024,2.962932,9.358082,18.047802,15.492350,20.920071,15.954576,20.920071,38.099583000,127.259860000,38.099583000,127.259860000,38.099895000,127.259670000,38.099948014,127.259587094,38.099777000,127.260080000,38.099919677,127.260177840,38.099304000,127.260040000,38.099178629,127.260116778,38.099407000,127.259636000,38.099230490,127.259554027
401,401,825297933378,80.200,2.000000,38.085850000,127.258890000,750.000000,2298.218124,4048.150446,1749.932322,76.143004,5.028442,8.008621,9.602382,8.727386,23.740018,12.519602,23.740018,38.100290000,127.259285000,38.100290000,127.259285000,38.100630000,127.259080000,38.100633433,127.258988682,38.100517000,127.259514000,38.100572963,127.259597415,38.099968000,127.259480000,38.099932106,127.259568572,38.100090000,127.259060000,38.099885823,127.258981752
402,402,825297933581,80.403,2.000000,38.085915000,127.258850000,750.000000,2155.616003,3632.026766,1476.410763,68.491362,1.255959,7.537806,11.431819,7.520634,14.847178,10.334359,14.847178,38.100070000,127.259960000,38.100070000,127.259960000,38.100395000,127.259770000,38.100406759,127.259685260,38.100258000,127.260190000,38.100331816,127.260280725,38.099747000,127.260140000,38.099729451,127.260222904,38.099860000,127.259735000,38.099746849,127.259645273
403,403,825297933784,80.606,2.000000,38.085915000,127.258850000,750.000000,2155.616003,3632.026766,1476.410763,68.491362,1.255959,7.537806,11.431819,7.520634,14.847178,10.334359,14.847178,38.100070000,127.259960000,38.100070000,127.259960000,38.100395000,127.259770000,38.100406759,127.259685260,38.100258000,127.260190000,38.100331816,127.260280725,38.099747000,127.260140000,38.099729451,127.260222904,38.099860000,127.259735000,38.099746849,127.259645273
404,404,825297933972,80.794,2.000000,38.086050000,127.258766000,750.000000,1898.396299,3897.200281,1998.803982,105.289079,0.945247,13.755205,16.458034,10.113075,17.624572,14.487721,17.624572,38.099648000,127.261180000,38.099648000,127.261180000,38.099953000,127.261024000,38.100064930,127.260957483,38.099820000,127.261420000,38.099941338,127.261527341,38.099354000,127.261320000,38.099288098,127.261399461,38.099476000,127.260940000,38.099337806,127.260841822
405,405,825297934174,80.996,2.000000,38.086117000,127.258730000,750.000000,1791.745154,3555.524828,1763.779674,98.439204,0.567201,11.393390,13.164290,11.481107,14.592110,12.657724,14.592110,38.099487000,127.261826000,38.099487000,127.261826000,38.099780000,127.261690000,38.099865605,127.261618714,38.099667000,127.262080000,38.099753780,127.262182087,38.099213000,127.261960000,38.099123193,127.262024443,38.099335000,127.261590000,38.099233881,127.261484003
406,406,825297934379,81.201,2.000000,38.086117000,127.258730000,750.000000,1791.745154,3555.524828,1763.779674,98.439204,0.567201,11.393390,13.164290,11.481107,14.592110,12.657724,14.592110,38.099487000,127.261826000,38.099487000,127.261826000,38.099780000,127.261690000,38.099865605,127.261618714,38.099667000,127.262080000,38.099753780,127.262182087,38.099213000,127.261960000,38.099123193,127.262024443,38.099335000,127.261590000,38.099233881,127.261484003
407,407,825297934582,81.404,2.000000,38.086250000,127.258650000,750.000000,1794.482015,3829.993903,2035.511887,113.431724,5.325749,19.434499,20.818011,9.479604,11.601780,15.333474,20.818011,38.099228000,127.263120000,38.099228000,127.263120000,38.099510000,127.263010000,38.099682694,127.262977455,38.099407000,127.263400000,38.099561468,127.263533958,38.098972000,127.263240000,38.098897477,127.263292363,38.099070000,127.262860000,38.099004515,127.262756971
408,408,825297934771,81.593,2.000000,38.086315000,127.258606000,750.000000,1941.968849,4267.027673,2325.058824,119.726886,1.025502,17.356105,15.495544,17.457579,18.702785,17.253003,18.702785,38.099586000,127.262760000,38.099586000,127.262760000,38.099888000,127.262640000,38.100040816,127.262600712,38.099785000,127.263040000,38.099890122,127.263155950,38.099310000,127.262880000,38.099155162,127.262911614,38.099426000,127.262500000,38.099287343,127.262379436
409,409,825297934973,81.795,2.000000,38.086315000,127.258606000,750.000000,1941.968849,4267.027673,2325.058824,119.726886,1.025502,17.356105,15.495544,17.457579,18.702785,17.253003,18.702785,38.099586000,127.262760000,38.099586000,127.262760000,38.099888000,127.262640000,38.100040816,127.262600712,38.099785000,127.263040000,38.099890122,127.263155950,38.099310000,127.262880000,38.099155162,127.262911614,38.099426000,127.262500000,38.099287343,127.262379436
410,410,825297935179,82.001,2.000000,38.086450000,127.258530000,750.000000,1941.375214,3559.425022,1618.049808,83.345548,1.173247,7.721564,14.335048,8.330695,16.210894,11.649550,16.210894,38.099907000,127.261500000,38.099907000,127.261500000,38.100224000,127.261360000,38.100256109,127.261281868,38.100090000,127.261750000,38.100187267,127.261857241,38.099600000,127.261635000,38.099549040,127.261704643,38.099754000,127.261260000,38.099633643,127.261155823
411,411,825297935382,82.204,2.000000,38.086517000,127.258490000,750.000000,1947.717303,3215.570605,1267.853302,65.094318,3.949551,8.530227,9.408650,9.046074,13.959964,10.236229,13.959964,38.100143000,127.260730000,38.100143000,127.260730000,38.100464000,127.260574000,38.100434533,127.260484112,38.100327000,127.260970000,38.100371524,127.261061293,38.099840000,127.260880000,38.099783419,127.260954120,38.099980000,127.260500000,38.099880638,127.260402777
412,412,825297935585,82.407,2.000000,38.086517000,127.258490000,750.000000,1947.717303,3215.570605,1267.853302,65.094318,3.949551,8.530227,9.408650,9.046074,13.959964,10.236229,13.959964,38.100143000,127.260730000,38.100143000,127.260730000,38.100464000,127.260574000,38.100434533,127.260484112,38.100327000,127.260970000,38.100371524,127.261061293,38.099840000,127.260880000,38.099783419,127.260954120,38.099980000,127.260500000,38.099880638,127.260402777
413,413,825297935771,82.593,2.000000,38.086650000,127.258410000,750.000000,2056.327981,3638.346341,1582.018360,76.934145,1.447173,10.466064,12.878082,8.156561,11.686025,10.796683,12.878082,38.100624000,127.259415000,38.100624000,127.259415000,38.100940000,127.259224000,38.101009867,127.259144052,38.100810000,127.259636000,38.100897874,127.259731615,38.100320000,127.259590000,38.100295346,127.259677682,38.100420000,127.259186000,38.100335064,127.259107602
414,414,825297935974,82.796,2.000000,38.086716000,127.258370000,750.000000,2183.586812,4154.936406,1971.349594,90.280340,1.390027,9.707634,15.242030,10.155395,18.561296,13.416589,18.561296,38.100952000,127.258830000,38.100952000,127.258830000,38.101280000,127.258630000,38.101330300,127.258539475,38.101177000,127.259056000,38.101295407,127.259143373,38.100655000,127.259026000,38.100590455,127.259107927,38.100750000,127.258610000,38.100595921,127.258529013
415,415,825297936176,82.998,2.000000,38.086716000,127.258370000,750.000000,2183.586812,4154.936406,1971.349594,90.280340,1.390027,9.707634,15.242030,10.155395,18.561296,13.416589,18.561296,38.100952000,127.258830000,38.100952000,127.258830000,38.101280000,127.258630000,38.101330300,127.258539475,38.101177000,127.259056000,38.101295407,127.259143373,38.100655000,127.259026000,38.100590455,127.259107927,38.100750000,127.258610000,38.100595921,127.258529013
416,416,825297936378,83.200,2.000000,38.086838000,127.258290000,750.000000,2208.806893,4055.345465,1846.538572,83.598914,1.770396,10.633364,16.925143,9.541459,11.520106,12.155018,16.925143,38.101032000,127.259720000,38.101032000,127.259720000,38.101364000,127.259540000,38.101433635,127.259456910,38.101227000,127.259960000,38.101359065,127.260055734,38.100700000,127.259895000,38.100637822,127.259969971,38.100830000,127.259490000,38.100754078,127.259400635
417,417,825297936582,83.404,2.000000,38.086906000,127.258255000,750.000000,2132.873439,3813.957429,1681.083990,78.817803,2.224370,11.174462,14.588332,6.787616,14.256993,11.701851,14.588332,38.100792000,127.260380000,38.100792000,127.260380000,38.101128000,127.260220000,38.101208312,127.260143474,38.100990000,127.260630000,38.101097205,127.260725781,38.100468000,127.260540000,38.100461152,127.260616994,38.100613000,127.260150000,38.100512193,127.260049613
418,418,825297936786,83.608,2.000000,38.086906000,127.258255000,750.000000,2132.873439,3813.957429,1681.083990,78.817803,2.224370,11.174462,14.588332,6.787616,14.256993,11.701851,14.588332,38.100792000,127.260380000,38.100792000,127.260380000,38.101128000,127.260220000,38.101208312,127.260143474,38.100990000,127.260630000,38.101097205,127.260725781,38.100468000,127.260540000,38.100461152,127.260616994,38.100613000,127.260150000,38.100512193,127.260049613
419,419,825297936975,83.797,2.000000,38.087040000,127.258180000,750.000000,1962.522968,3743.249288,1780.726320,90.736585,2.111325,8.576086,21.465433,8.193127,13.066808,12.825363,21.465433,38.100410000,127.261540000,38.100410000,127.261540000,38.100746000,127.261420000,38.100789133,127.261338882,38.100590000,127.261800000,38.100756050,127.261924571,38.100113000,127.261670000,38.100061632,127.261736981,38.100246000,127.261300000,38.100163994,127.261193276
420,420,825297937186,84.008,2.000000,38.087105000,127.258140000,750.000000,1936.442188,3937.495943,2001.053755,103.336612,0.827347,10.309843,17.652784,11.555252,18.504986,14.505716,18.504986,38.100224000,127.262180000,38.100224000,127.262180000,38.100544000,127.262070000,38.100621276,127.262005130,38.100410000,127.262450000,38.100535283,127.262573538,38.099930000,127.262290000,38.099835486,127.262344540,38.100070000,127.261925000,38.099932555,127.261806184
421,421,825297937378,84.200,2.000000,38.087105000,127.258140000,750.000000,1936.442188,3937.495943,2001.053755,103.336612,0.827347,10.309843,17.652784,11.555252,18.504986,14.505716,18.504986,38.100224000,127.262180000,38.100224000,127.262180000,38.100544000,127.262070000,38.100621276,127.262005130,38.100410000,127.262450000,38.100535283,127.262573538,38.099930000,127.262290000,38.099835486,127.262344540,38.100070000,127.261925000,38.099932555,127.261806184
422,422,825297937583,84.405,2.000000,38.087240000,127.258060000,750.000000,2095.298367,3900.337858,1805.039491,86.147134,4.042429,8.219773,10.467708,10.433110,20.534246,12.413709,20.534246,38.100525000,127.262375000,38.100525000,127.262375000,38.100857000,127.262270000,38.100902192,127.262195794,38.100716000,127.262650000,38.100763034,127.262753471,38.100204000,127.262474000,38.100122701,127.262533255,38.100338000,127.262110000,38.100186095,127.261977017
423,423,825297937784,84.606,2.000000,38.087370000,127.257980000,750.000000,2088.207380,3835.105886,1746.898506,83.655413,0.066928,6.904347,19.282378,7.846223,16.449011,12.620490,19.282378,38.100920000,127.261100000,38.100920000,127.261100000,38.101257000,127.260960000,38.101272685,127.260883745,38.101110000,127.261360000,38.101256975,127.261476484,38.100597000,127.261230000,38.100554689,127.261301635,38.100746000,127.260860000,38.100627918,127.260747117
424,424,825297937973,84.795,2.000000,38.087370000,127.257980000,750.000000,2088.207380,3835.105886,1746.898506,83.655413,0.066928,6.904347,19.282378,7.846223,16.449011,12.620490,19.282378,38.100920000,127.261100000,38.100920000,127.261100000,38.101257000,127.260960000,38.101272685,127.260883745,38.101110000,127.261360000,38.101256975,127.261476484,38.100597000,127.261230000,38.100554689,127.261301635,38.100746000,127.260860000,38.100627918,127.260747117
425,425,825297938176,84.998,2.000000,38.087440000,127.257935000,750.000000,2077.083735,3976.726458,1899.642723,91.457205,1.146813,8.821952,16.097584,10.132335,17.455296,13.126792,17.455296,38.101160000,127.260380000,38.101160000,127.260380000,38.101498000,127.260230000,38.101547134,127.260150985,38.101334000,127.260630000,38.101455296,127.260730049,38.100838000,127.260530000,38.100762054,127.260593753,38.100970000,127.260150000,38.100840307,127.260038005
426,426,825297938379,85.201,2.000000,38.087505000,127.257900000,750.000000,2103.650420,3805.351640,1701.701219,80.892776,2.536336,10.795875,16.083580,8.858531,9.558482,11.324117,16.083580,38.101380000,127.259730000,38.101380000,127.259730000,38.101710000,127.259560000,38.101786756,127.259484672,38.101590000,127.259970000,38.101710172,127.260071929,38.101070000,127.259895000,38.101014537,127.259967518,38.101200000,127.259500000,38.101149252,127.259411981
427,427,825297938581,85.403,2.000000,38.087505000,127.257900000,750.000000,2103.650420,3805.351640,1701.701219,80.892776,2.536336,10.795875,16.083580,8.858531,9.558482,11.324117,16.083580,38.101380000,127.259730000,38.101380000,127.259730000,38.101710000,127.259560000,38.101786756,127.259484672,38.101590000,127.259970000,38.101710172,127.260071929,38.101070000,127.259895000,38.101014537,127.259967518,38.101200000,127.259500000,38.101149252,127.259411981
428,428,825297938784,85.606,2.000000,38.087640000,127.257820000,750.000000,2091.689901,3706.561669,1614.871768,77.204167,1.805288,9.123612,10.314952,9.361806,14.650918,10.862822,14.650918,38.101900000,127.258460000,38.101900000,127.258460000,38.102190000,127.258260000,38.102234664,127.258172673,38.102116000,127.258690000,38.102180791,127.258774180,38.101610000,127.258660000,38.101549878,127.258734727,38.101696000,127.258240000,38.101582667,127.258154969
429,429,825297938985,85.807,2.000000,38.087708000,127.257780000,750.000000,2190.659207,3738.453490,1547.794283,70.654271,1.365503,8.253085,14.994620,8.126972,10.117385,10.373015,14.994620,38.102170000,127.258600000,38.102170000,127.258600000,38.102470000,127.258400000,38.102497973,127.258312749,38.102386000,127.258830000,38.102498104,127.258924898,38.101868000,127.258790000,38.101840480,127.258875931,38.101944000,127.258370000,38.101879575,127.258288534
430,430,825297939175,85.997,2.000000,38.087708000,127.257780000,750.000000,2190.659207,3738.453490,1547.794283,70.654271,1.365503,8.253085,14.994620,8.126972,10.117385,10.373015,14.994620,38.102170000,127.258600000,38.102170000,127.258600000,38.102470000,127.258400000,38.102497973,127.258312749,38.102386000,127.258830000,38.102498104,127.258924898,38.101868000,127.258790000,38.101840480,127.258875931,38.101944000,127.258370000,38.101879575,127.258288534
431,431,825297939375,86.197,2.000000,38.087840000,127.257700000,750.000000,2109.441615,4139.315013,2029.873398,96.227996,3.557226,14.960901,19.006959,8.275422,14.402636,14.161479,19.006959,38.101760000,127.259950000,38.101760000,127.259950000,38.102077000,127.259780000,38.102202713,127.259719608,38.101944000,127.260190000,38.102089261,127.260304033,38.101437000,127.260100000,38.101396765,127.260179436,38.101562000,127.259705000,38.101455024,127.259612524
432,432,825297939577,86.399,2.000000,38.087906000,127.257660000,750.000000,2059.665743,3818.242727,1758.576983,85.381669,2.849574,8.752827,10.801478,12.373908,15.642682,11.892723,15.642682,38.101566000,127.260610000,38.101566000,127.260610000,38.101902000,127.260470000,38.101953396,127.260394383,38.101757000,127.260864000,38.101815917,127.260961972,38.101242000,127.260740000,38.101142984,127.260804192,38.101400000,127.260370000,38.101287605,127.260262821
433,433,825297939780,86.602,2.000000,38.087906000,127.257660000,750.000000,2059.665743,3818.242727,1758.576983,85.381669,2.849574,8.752827,10.801478,12.373908,15.642682,11.892723,15.642682,38.101566000,127.260610000,38.101566000,127.260610000,38.101902000,127.260470000,38.101953396,127.260394383,38.101757000,127.260864000,38.101815917,127.260961972,38.101242000,127.260740000,38.101142984,127.260804192,38.101400000,127.260370000,38.101287605,127.260262821
434,434,825297939985,86.807,2.000000,38.088040000,127.257580000,750.000000,2059.189891,3636.744109,1577.554218,76.610429,1.284692,7.659415,17.094852,7.911653,15.138319,11.951060,17.094852,38.101150000,127.261890000,38.101150000,127.261890000,38.101490000,127.261790000,38.101524975,127.261714703,38.101337000,127.262160000,38.101452310,127.262288881,38.100830000,127.261980000,38.100822576,127.262069822,38.100990000,127.261620000,38.100881713,127.261515462
435,435,825297940171,86.993,2.000000,38.088173000,127.257500000,750.000000,2260.252564,3796.893258,1536.640693,67.985353,2.705190,7.582800,9.423020,7.939762,16.308010,10.313398,16.308010,38.101624000,127.262085000,38.101624000,127.262085000,38.101974000,127.261986000,38.102003015,127.261907683,38.101820000,127.262375000,38.101858389,127.262470871,38.101284000,127.262180000,38.101235736,127.262246734,38.101440000,127.261810000,38.101327699,127.261690453
436,436,825297940372,87.194,2.000000,38.088173000,127.257500000,750.000000,2260.252564,3796.893258,1536.640693,67.985353,2.705190,7.582800,9.423020,7.939762,16.308010,10.313398,16.308010,38.101624000,127.262085000,38.101624000,127.262085000,38.101974000,127.261986000,38.102003015,127.261907683,38.101820000,127.262375000,38.101858389,127.262470871,38.101284000,127.262180000,38.101235736,127.262246734,38.101440000,127.261810000,38.101327699,127.261690453
437,437,825297940575,87.397,2.000000,38.088240000,127.257460000,750.000000,2245.375681,4325.393821,2080.018140,92.635640,5.229074,14.680056,22.189379,8.814741,18.364478,16.012164,22.189379,38.101814000,127.261444000,38.101814000,127.261444000,38.102180000,127.261330000,38.102306437,127.261282382,38.102020000,127.261720000,38.102186545,127.261859180,38.101482000,127.261550000,38.101505129,127.261646238,38.101640000,127.261180000,38.101503520,127.261062231
438,438,825297940775,87.597,2.000000,38.088240000,127.257460000,750.000000,2245.375681,4325.393821,2080.018140,92.635640,5.229074,14.680056,22.189379,8.814741,18.364478,16.012164,22.189379,38.101814000,127.261444000,38.101814000,127.261444000,38.102180000,127.261330000,38.102306437,127.261282382,38.102020000,127.261720000,38.102186545,127.261859180,38.101482000,127.261550000,38.101505129,127.261646238,38.101640000,127.261180000,38.101503520,127.261062231
439,439,825297940978,87.800,2.000000,38.088375000,127.257385000,750.000000,2199.567801,3929.077870,1729.510068,78.629541,1.116357,8.812248,12.648771,10.566749,13.608888,11.409164,13.608888,38.102310000,127.260086000,38.102310000,127.260086000,38.102630000,127.259930000,38.102683367,127.259855698,38.102516000,127.260345000,38.102598496,127.260444295,38.101982000,127.260230000,38.101902875,127.260296636,38.102116000,127.259834000,38.102019233,127.259739061
440,440,825297941184,88.006,2.000000,38.088440000,127.257340000,750.000000,2081.774923,4214.603883,2132.828960,102.452428,5.182031,18.884849,19.813680,7.446530,16.784073,15.732283,19.813680,38.102505000,127.259445000,38.102505000,127.259445000,38.102818000,127.259280000,38.102978800,127.259211294,38.102700000,127.259700000,38.102859152,127.259801274,38.102200000,127.259605000,38.102193450,127.259689599,38.102318000,127.259210000,38.102190426,127.259107880
441,441,825297941371,88.193,2.000000,38.088440000,127.257340000,750.000000,2081.774923,4214.603883,2132.828960,102.452428,5.182031,18.884849,19.813680,7.446530,16.784073,15.732283,19.813680,38.102505000,127.259445000,38.102505000,127.259445000,38.102818000,127.259280000,38.102978800,127.259211294,38.102700000,127.259700000,38.102859152,127.259801274,38.102200000,127.259605000,38.102193450,127.259689599,38.102318000,127.259210000,38.102190426,127.259107880
442,442,825297941580,88.402,2.000000,38.088573000,127.257260000,750.000000,2041.685544,3980.397370,1938.711826,94.956436,1.392150,12.250162,16.965765,10.856395,13.090957,13.290819,16.965765,38.102905000,127.258120000,38.102905000,127.258120000,38.103180000,127.257920000,38.103268994,127.257837741,38.103115000,127.258350000,38.103247941,127.258444710,38.102630000,127.258310000,38.102556038,127.258390780,38.102690000,127.257890000,38.102591091,127.257809164
443,443,825297941775,88.597,2.000000,38.088642000,127.257225000,750.000000,2190.138063,5921.390707,3731.252644,170.366093,16.999302,53.290945,35.010287,9.201739,15.238141,28.185278,53.290945,38.103290000,127.258156000,38.103290000,127.258156000,38.103577000,127.257950000,38.104053100,127.257886430,38.103516000,127.258390000,38.103817612,127.258503254,38.102997000,127.258350000,38.102945020,127.258431677,38.103060000,127.257930000,38.102944354,127.257836927
444,444,825297941977,88.799,2.000000,38.088642000,127.257225000,750.000000,2190.138063,5921.390707,3731.252644,170.366093,16.999302,53.290945,35.010287,9.201739,15.238141,28.185278,53.290945,38.103290000,127.258156000,38.103290000,127.258156000,38.103577000,127.257950000,38.104053100,127.257886430,38.103516000,127.258390000,38.103817612,127.258503254,38.102997000,127.258350000,38.102945020,127.258431677,38.103060000,127.257930000,38.102944354,127.257836927
445,445,825297942181,89.003,2.000000,38.088776000,127.257140000,750.000000,2109.504975,4228.885591,2119.380616,100.468150,3.863091,10.128784,13.234387,13.837438,21.521094,14.680426,21.521094,38.102943000,127.259530000,38.102943000,127.259530000,38.103260000,127.259370000,38.103324704,127.259288705,38.103150000,127.259780000,38.103235831,127.259884539,38.102640000,127.259690000,38.102525564,127.259751682,38.102757000,127.259285000,38.102583256,127.259177255
446,446,825297942393,89.215,2.000000,38.088840000,127.257100000,750.000000,2131.802727,3850.851967,1719.049240,80.638289,2.966175,12.313949,14.758095,7.993880,11.062075,11.532000,14.758095,38.102730000,127.260220000,38.102730000,127.260220000,38.103050000,127.260080000,38.103145281,127.260008587,38.102932000,127.260480000,38.103031260,127.260591682,38.102413000,127.260350000,38.102387297,127.260435211,38.102530000,127.259964000,38.102465131,127.259868336
447,447,825297942571,89.393,2.000000,38.088840000,127.257100000,750.000000,2131.802727,3850.851967,1719.049240,80.638289,2.966175,12.313949,14.758095,7.993880,11.062075,11.532000,14.758095,38.102730000,127.260220000,38.102730000,127.260220000,38.103050000,127.260080000,38.103145281,127.260008587,38.102932000,127.260480000,38.103031260,127.260591682,38.102413000,127.260350000,38.102387297,127.260435211,38.102530000,127.259964000,38.102465131,127.259868336
448,448,825297942773,89.595,2.000000,38.088978000,127.257030000,750.000000,2144.432635,3858.834717,1714.402082,79.946651,2.914962,7.590287,12.722530,8.472144,19.807272,12.148058,19.807272,38.102333000,127.261530000,38.102333000,127.261530000,38.102676000,127.261430000,38.102704233,127.261351129,38.102512000,127.261800000,38.102579748,127.261916968,38.102000000,127.261620000,38.101949748,127.261692635,38.102154000,127.261250000,38.102003862,127.261128653
449,449,825297942978,89.800,2.000000,38.089110000,127.256940000,750.000000,2371.093555,4009.704732,1638.611177,69.107825,0.482168,9.964568,10.676602,8.821053,11.033251,10.123869,11.033251,38.102660000,127.261910000,38.102660000,127.261910000,38.103027000,127.261820000,38.103103014,127.261759928,38.102870000,127.262210000,38.102917589,127.262315820,38.102318000,127.261990000,38.102263598,127.262063218,38.102470000,127.261620000,38.102410410,127.261519354
450,450,825297943180,90.002,2.000000,38.089110000,127.256940000,750.000000,2371.093555,4009.704732,1638.611177,69.107825,0.482168,9.964568,10.676602,8.821053,11.033251,10.123869,11.033251,38.102660000,127.261910000,38.102660000,127.261910000,38.103027000,127.261820000,38.103103014,127.261759928,38.102870000,127.262210000,38.102917589,127.262315820,38.102318000,127.261990000,38.102263598,127.262063218,38.102470000,127.261620000,38.102410410,127.261519354
451,451,825297943385,90.207,2.000000,38.089176000,127.256905000,750.000000,2217.161951,4156.894860,1939.732908,87.487200,3.239060,13.128652,17.749001,7.416446,12.697114,12.747803,17.749001,38.102867000,127.261260000,38.102867000,127.261260000,38.103200000,127.261150000,38.103308251,127.261090520,38.103065000,127.261540000,38.103186438,127.261671296,38.102530000,127.261370000,38.102487959,127.261435679,38.102673000,127.260990000,38.102599894,127.260878740
452,452,825297943573,90.395,2.000000,38.089310000,127.256820000,750.000000,2076.820028,4143.658327,2066.838298,99.519374,1.825192,10.234078,22.128398,13.111928,11.777183,14.312897,22.128398,38.103233000,127.259930000,38.103233000,127.259930000,38.103540000,127.259780000,38.103613909,127.259710519,38.103430000,127.260190000,38.103601237,127.260318298,38.102932000,127.260070000,38.102824101,127.260130032,38.103043000,127.259674000,38.102968781,127.259578187
453,453,825297943778,90.600,2.000000,38.089310000,127.256820000,750.000000,2076.820028,4143.658327,2066.838298,99.519374,1.825192,10.234078,22.128398,13.111928,11.777183,14.312897,22.128398,38.103233000,127.259930000,38.103233000,127.259930000,38.103540000,127.259780000,38.103613909,127.259710519,38.103430000,127.260190000,38.103601237,127.260318298,38.102932000,127.260070000,38.102824101,127.260130032,38.103043000,127.259674000,38.102968781,127.259578187
454,454,825297943981,90.803,2.000000,38.089367000,127.256790000,750.000000,1959.618333,3791.371304,1831.752971,93.474986,1.502441,8.208494,15.912285,9.849506,18.400793,13.092769,18.400793,38.103268000,127.259220000,38.103268000,127.259220000,38.103550000,127.259050000,38.103596617,127.258977395,38.103447000,127.259460000,38.103559771,127.259571624,38.102974000,127.259370000,38.102908798,127.259446008,38.103073000,127.258970000,38.102926609,127.258872448
455,455,825297944184,91.006,2.000000,38.089367000,127.256790000,750.000000,1959.618333,3791.371304,1831.752971,93.474986,1.502441,8.208494,15.912285,9.849506,18.400793,13.092769,18.400793,38.103268000,127.259220000,38.103268000,127.259220000,38.103550000,127.259050000,38.103596617,127.258977395,38.103447000,127.259460000,38.103559771,127.259571624,38.102974000,127.259370000,38.102908798,127.259446008,38.103073000,127.258970000,38.102926609,127.258872448
456,456,825297944371,91.193,2.000000,38.089500000,127.256714000,750.000000,1925.188259,6218.592927,4293.404668,223.012199,10.304748,53.915979,36.108250,23.445982,25.809426,34.819909,53.915979,38.103573000,127.257850000,38.103573000,127.257850000,38.103840000,127.257660000,38.104322203,127.257602300,38.103775000,127.258080000,38.104086408,127.258195347,38.103313000,127.258030000,38.103109302,127.258098049,38.103363000,127.257620000,38.103142318,127.257529658
457,457,825297944575,91.397,2.000000,38.089565000,127.256676000,750.000000,2010.941539,8115.686938,6104.745399,303.576473,9.250083,87.525703,33.489504,41.491041,42.207939,51.178547,87.525703,38.103897000,127.257576000,38.103897000,127.257576000,38.104168000,127.257380000,38.104952980,127.257323077,38.104110000,127.257810000,38.104399099,127.257915770,38.103630000,127.257770000,38.103259573,127.257822462,38.103687000,127.257350000,38.103315716,127.257252299
458,458,825297944777,91.599,2.000000,38.089565000,127.256676000,750.000000,2010.941539,8115.686938,6104.745399,303.576473,9.250083,87.525703,33.489504,41.491041,42.207939,51.178547,87.525703,38.103897000,127.257576000,38.103897000,127.257576000,38.104168000,127.257380000,38.104952980,127.257323077,38.104110000,127.257810000,38.104399099,127.257915770,38.103630000,127.257770000,38.103259573,127.257822462,38.103687000,127.257350000,38.103315716,127.257252299
459,459,825297944979,91.801,2.000000,38.089700000,127.256590000,750.000000,2001.418998,4491.030491,2489.611493,124.392318,1.836801,15.238219,24.868202,8.387398,26.832582,18.831600,26.832582,38.103737000,127.258934000,38.103737000,127.258934000,38.104046000,127.258770000,38.104172159,127.258702491,38.103924000,127.259186000,38.104127289,127.259303706,38.103450000,127.259090000,38.103409357,127.259170625,38.103565000,127.258690000,38.103340300,127.258579133
460,460,825297945183,92.005,2.000000,38.089767000,127.256550000,750.000000,1997.206077,3973.523185,1976.317108,98.954090,1.744557,14.500039,17.072472,9.323127,16.210045,14.276421,17.072472,38.103573000,127.259605000,38.103573000,127.259605000,38.103900000,127.259476000,38.104015439,127.259399323,38.103737000,127.259865000,38.103865302,127.259971774,38.103260000,127.259735000,38.103203024,127.259813007,38.103428000,127.259350000,38.103303081,127.259254904
461,461,825297945372,92.194,2.000000,38.089767000,127.256550000,750.000000,1997.206077,3973.523185,1976.317108,98.954090,1.744557,14.500039,17.072472,9.323127,16.210045,14.276421,17.072472,38.103573000,127.259605000,38.103573000,127.259605000,38.103900000,127.259476000,38.104015439,127.259399323,38.103737000,127.259865000,38.103865302,127.259971774,38.103260000,127.259735000,38.103203024,127.259813007,38.103428000,127.259350000,38.103303081,127.259254904
462,462,825297945576,92.398,2.000000,38.089900000,127.256480000,750.000000,2477.347303,4144.408549,1667.061247,67.292190,6.115063,17.417898,16.835663,12.747621,17.334409,16.083898,17.417898,38.105164000,127.257140000,38.105164000,127.257140000,38.105534000,127.256940000,38.105403689,127.256829933,38.105377000,127.257390000,38.105511438,127.257478038,38.104813000,127.257330000,38.104729884,127.257430108,38.104980000,127.256900000,38.104839323,127.256815149
463,463,825297945781,92.603,2.000000,38.089970000,127.256440000,750.000000,2341.228786,8246.746710,5905.517924,252.240104,25.124266,14.421745,33.506428,70.664151,73.419654,48.002995,73.419654,38.104980000,127.258000000,38.104980000,127.258000000,38.105360000,127.257835000,38.105458096,127.257727457,38.105160000,127.258260000,38.105447920,127.258371510,38.104630000,127.258160000,38.103995721,127.258192259,38.104828000,127.257750000,38.104176572,127.257618945
464,464,825297945983,92.805,2.000000,38.089970000,127.256440000,750.000000,2341.228786,8246.746710,5905.517924,252.240104,25.124266,14.421745,33.506428,70.664151,73.419654,48.002995,73.419654,38.104980000,127.258000000,38.104980000,127.258000000,38.105360000,127.257835000,38.105458096,127.257727457,38.105160000,127.258260000,38.105447920,127.258371510,38.104630000,127.258160000,38.103995721,127.258192259,38.104828000,127.257750000,38.104176572,127.257618945
465,465,825297946186,93.008,2.000000,38.090103000,127.256360000,750.000000,2356.784529,9784.845129,7428.060600,315.177756,29.841084,81.476685,97.573849,15.557965,46.390924,60.249856,97.573849,38.104893000,127.259450000,38.104893000,127.259450000,38.105305000,127.259340000,38.106036849,127.259352723,38.105015000,127.259730000,38.105867668,127.259988096,38.104520000,127.259570000,38.104395750,127.259651321,38.104770000,127.259186000,38.104369937,127.259037691
466,466,825297946374,93.196,2.000000,38.090170000,127.256330000,750.000000,2325.771473,6986.525614,4660.754141,200.396049,10.184282,60.995912,32.239218,20.328701,33.421675,36.746376,60.995912,38.104733000,127.260180000,38.104733000,127.260180000,38.105137000,127.260086000,38.105684839,127.260099066,38.104830000,127.260450000,38.105095212,127.260597856,38.104332000,127.260260000,38.104158381,127.260331946,38.104633000,127.259900000,38.104349944,127.259772799
467,467,825297946579,93.401,2.000000,38.090170000,127.256330000,750.000000,2325.771473,6986.525614,4660.754141,200.396049,10.184282,60.995912,32.239218,20.328701,33.421675,36.746376,60.995912,38.104733000,127.260180000,38.104733000,127.260180000,38.105137000,127.260086000,38.105684839,127.260099066,38.104830000,127.260450000,38.105095212,127.260597856,38.104332000,127.260260000,38.104158381,127.260331946,38.104633000,127.259900000,38.104349944,127.259772799
468,468,825297946782,93.604,2.000000,38.090310000,127.256260000,750.000000,2312.675599,3991.899278,1679.223679,72.609564,0.891637,12.562083,22.725453,10.885705,20.500548,16.668447,22.725453,38.104430000,127.261400000,38.104430000,127.261400000,38.104860000,127.261360000,38.104827991,127.261222481,38.104492000,127.261670000,38.104665180,127.261807369,38.104015000,127.261430000,38.104002289,127.261553217,38.104355000,127.261120000,38.104195004,127.261004111
469,469,825297946983,93.805,2.000000,38.090446000,127.256200000,750.000000,2161.931690,4704.944051,2543.012361,117.626860,0.277218,15.253579,27.241015,11.663262,36.913225,22.767770,36.913225,38.104470000,127.260460000,38.104470000,127.260460000,38.104900000,127.260414000,38.105007629,127.260306227,38.104507000,127.260720000,38.104728578,127.260851985,38.104060000,127.260500000,38.104047745,127.260632235,38.104430000,127.260200000,38.104119037,127.260053670
470,470,825297947172,93.994,2.000000,38.090446000,127.256200000,750.000000,2161.931690,4704.944051,2543.012361,117.626860,0.277218,15.253579,27.241015,11.663262,36.913225,22.767770,36.913225,38.104470000,127.260460000,38.104470000,127.260460000,38.104900000,127.260414000,38.105007629,127.260306227,38.104507000,127.260720000,38.104728578,127.260851985,38.104060000,127.260500000,38.104047745,127.260632235,38.104430000,127.260200000,38.104119037,127.260053670
471,471,825297947375,94.197,2.000000,38.090520000,127.256170000,750.000000,2111.313563,7059.937055,4948.623491,234.386004,17.547451,79.919972,38.006597,13.332936,39.398487,42.664498,79.919972,38.104640000,127.259770000,38.104640000,127.259770000,38.105064000,127.259710000,38.105781692,127.259733646,38.104680000,127.260025000,38.105000478,127.260174619,38.104233000,127.259830000,38.104151811,127.259941903,38.104610000,127.259514000,38.104272339,127.259379231
472,472,825297947576,94.398,2.000000,38.090520000,127.256170000,750.000000,2111.313563,7059.937055,4948.623491,234.386004,17.547451,79.919972,38.006597,13.332936,39.398487,42.664498,79.919972,38.104640000,127.259770000,38.104640000,127.259770000,38.105064000,127.259710000,38.105781692,127.259733646,38.104680000,127.260025000,38.105000478,127.260174619,38.104233000,127.259830000,38.104151811,127.259941903,38.104610000,127.259514000,38.104272339,127.259379231
473,473,825297947781,94.603,2.000000,38.090660000,127.256120000,750.000000,2077.980256,8115.881485,6037.901229,290.565861,12.099536,43.692163,87.191817,33.566389,49.329459,53.444957,87.191817,38.104782000,127.258380000,38.104782000,127.258380000,38.105217000,127.258290000,38.105602543,127.258196548,38.104794000,127.258620000,38.105561299,127.258819907,38.104366000,127.258450000,38.104075493,127.258552672,38.104763000,127.258125000,38.104328024,127.258017437
474,474,825297947984,94.806,2.000000,38.090730000,127.256096000,750.000000,2071.272191,7168.944019,5097.671828,246.113082,23.961972,16.841869,50.905048,50.822734,88.797265,51.841729,88.797265,38.104930000,127.257680000,38.104930000,127.257680000,38.105377000,127.257590000,38.105311634,127.257416602,38.104927000,127.257930000,38.105376322,127.258038000,38.104510000,127.257770000,38.104059668,127.257865419,38.104927000,127.257440000,38.104136098,127.257308140
475,475,825297948185,95.007,2.000000,38.090730000,127.256096000,750.000000,2071.272191,7168.944019,5097.671828,246.113082,23.961972,16.841869,50.905048,50.822734,88.797265,51.841729,88.797265,38.104930000,127.257680000,38.104930000,127.257680000,38.105377000,127.257590000,38.105311634,127.257416602,38.104927000,127.257930000,38.105376322,127.258038000,38.104510000,127.257770000,38.104059668,127.257865419,38.104927000,127.257440000,38.104136098,127.257308140
476,476,825297948373,95.195,2.000000,38.090874000,127.256050000,750.000000,2422.330491,3624.631975,1202.301483,49.634081,1.281724,26.091156,41.806377,31.616989,43.933080,35.861901,43.933080,38.105797000,127.258410000,38.105797000,127.258410000,38.105824000,127.258150000,38.106057990,127.258132811,38.106300000,127.258350000,38.106149917,127.258787505,38.105760000,127.258660000,38.105476065,127.258668821,38.105312000,127.258460000,38.105551389,127.258061253
477,477,825297948575,95.397,2.000000,38.090946000,127.256035000,750.000000,2333.407691,8545.300290,6211.892599,266.215485,45.844995,29.465981,42.448764,131.092960,74.539855,69.386890,131.092960,38.105614000,127.259120000,38.105614000,127.259120000,38.105680000,127.258870000,38.105944697,127.258870657,38.106133000,127.259094000,38.105934581,127.259507832,38.105560000,127.259360000,38.104393713,127.259152795,38.105145000,127.259140000,38.104616453,127.258617549
478,478,825297948778,95.600,2.000000,38.090946000,127.256035000,750.000000,2333.407691,8545.300290,6211.892599,266.215485,45.844995,29.465981,42.448764,131.092960,74.539855,69.386890,131.092960,38.105614000,127.259120000,38.105614000,127.259120000,38.105680000,127.258870000,38.105944697,127.258870657,38.106133000,127.259094000,38.105934581,127.259507832,38.105560000,127.259360000,38.104393713,127.259152795,38.105145000,127.259140000,38.104616453,127.258617549
479,479,825297948981,95.803,2.000000,38.091090000,127.256010000,750.000000,2233.709318,7424.521183,5190.811864,232.385289,0.345527,83.449789,38.479656,67.323643,37.839985,56.773268,83.449789,38.105440000,127.260550000,38.105440000,127.260550000,38.105522000,127.260315000,38.106260594,127.260477956,38.105934000,127.260580000,38.105821513,127.260995381,38.105347000,127.260770000,38.104751580,127.260635313,38.104954000,127.260510000,38.104917774,127.260080471
480,480,825297949182,96.004,2.000000,38.091240000,127.255990000,749.000000,2307.729673,5993.383164,3685.653491,159.709065,10.579581,64.977555,38.574939,40.901616,37.087510,45.385405,64.977555,38.105114000,127.261960000,38.105114000,127.261960000,38.105217000,127.261750000,38.105785784,127.261916644,38.105630000,127.262060000,38.105593327,127.262497905,38.105010000,127.262184000,38.104652995,127.262073585,38.104630000,127.261870000,38.104817689,127.261520183
481,481,825297949372,96.194,2.000000,38.091240000,127.255990000,749.000000,2307.729673,5993.383164,3685.653491,159.709065,10.579581,64.977555,38.574939,40.901616,37.087510,45.385405,64.977555,38.105114000,127.261960000,38.105114000,127.261960000,38.105217000,127.261750000,38.105785784,127.261916644,38.105630000,127.262060000,38.105593327,127.262497905,38.105010000,127.262184000,38.104652995,127.262073585,38.104630000,127.261870000,38.104817689,127.261520183
482,482,825297949574,96.396,2.000000,38.091312000,127.255990000,749.000000,2372.816235,5839.872282,3467.056047,146.115658,5.256328,60.125386,38.466078,42.504957,35.531814,44.157059,60.125386,38.105164000,127.262470000,38.105164000,127.262470000,38.105274000,127.262250000,38.105795506,127.262428627,38.105682000,127.262580000,38.105545488,127.262983414,38.105050000,127.262680000,38.104679988,127.262560216,38.104670000,127.262350000,38.104824082,127.261994755
483,483,825297949778,96.600,2.000000,38.091312000,127.255990000,749.000000,2372.816235,5839.872282,3467.056047,146.115658,5.256328,60.125386,38.466078,42.504957,35.531814,44.157059,60.125386,38.105164000,127.262470000,38.105164000,127.262470000,38.105274000,127.262250000,38.105795506,127.262428627,38.105682000,127.262580000,38.105545488,127.262983414,38.105050000,127.262680000,38.104679988,127.262560216,38.104670000,127.262350000,38.104824082,127.261994755
484,484,825297949982,96.804,2.000000,38.091460000,127.255990000,748.000000,2136.450565,5502.771855,3366.321291,157.566075,12.313670,89.379564,41.015861,42.509811,40.636313,53.385387,89.379564,38.105186000,127.260970000,38.105186000,127.260970000,38.105312000,127.260765000,38.106097778,127.260974665,38.105686000,127.261040000,38.105425299,127.261370887,38.105080000,127.261185000,38.104704714,127.261095258,38.104720000,127.260900000,38.104996946,127.260597772
485,485,825297950184,97.006,2.000000,38.091537000,127.256000000,747.000000,2046.297256,7106.445920,5060.148665,247.283167,4.307387,82.685814,35.866099,55.087695,37.089316,52.682231,82.685814,38.105366000,127.260290000,38.105366000,127.260290000,38.105480000,127.260080000,38.106213177,127.260231295,38.105860000,127.260340000,38.105820241,127.260746325,38.105270000,127.260510000,38.104782295,127.260403437,38.104923000,127.260260000,38.104869862,127.259842001
486,486,825297950373,97.195,2.000000,38.091537000,127.256000000,747.000000,2046.297256,7106.445920,5060.148665,247.283167,4.307387,82.685814,35.866099,55.087695,37.089316,52.682231,82.685814,38.105366000,127.260290000,38.105366000,127.260290000,38.105480000,127.260080000,38.106213177,127.260231295,38.105860000,127.260340000,38.105820241,127.260746325,38.105270000,127.260510000,38.104782295,127.260403437,38.104923000,127.260260000,38.104869862,127.259842001
487,487,825297950574,97.396,2.000000,38.091686000,127.256010000,746.000000,2067.888260,5824.766611,3756.878351,181.677048,22.556782,24.499314,38.369690,110.686534,36.497417,52.513239,110.686534,38.105630000,127.258970000,38.105630000,127.258970000,38.105713000,127.258740000,38.105932925,127.258729456,38.106113000,127.258960000,38.105947495,127.259344236,38.105545000,127.259200000,38.104560603,127.259021981,38.105180000,127.258990000,38.105312683,127.258608981
488,488,825297950776,97.598,2.000000,38.091686000,127.256010000,746.000000,2067.888260,5824.766611,3756.878351,181.677048,22.556782,24.499314,38.369690,110.686534,36.497417,52.513239,110.686534,38.105630000,127.258970000,38.105630000,127.258970000,38.105713000,127.258740000,38.105932925,127.258729456,38.106113000,127.258960000,38.105947495,127.259344236,38.105545000,127.259200000,38.104560603,127.259021981,38.105180000,127.258990000,38.105312683,127.258608981
489,489,825297950978,97.800,2.000000,38.091835000,127.256040000,745.000000,2339.963461,3487.481122,1147.517661,49.039982,5.982073,15.590918,43.347079,31.443491,38.341658,32.180786,43.347079,38.106430000,127.259150000,38.106430000,127.259150000,38.106483000,127.258900000,38.106621850,127.258876697,38.106940000,127.259120000,38.106722357,127.259530351,38.106380000,127.259390000,38.106097556,127.259385943,38.105950000,127.259170000,38.106096534,127.258773867
490,490,825297951184,98.006,2.000000,38.091908000,127.256060000,745.000000,2277.133759,4547.107006,2269.973247,99.685547,7.163250,23.403042,36.239184,16.859484,37.931857,28.608392,37.931857,38.106274000,127.259850000,38.106274000,127.259850000,38.106766000,127.259834000,38.106633183,127.259626894,38.106240000,127.260090000,38.106543631,127.260239216,38.105810000,127.259860000,38.105708462,127.260002809,38.106293000,127.259600000,38.105969483,127.259464038
491,491,825297951372,98.194,2.000000,38.091908000,127.256060000,745.000000,2277.133759,4547.107006,2269.973247,99.685547,7.163250,23.403042,36.239184,16.859484,37.931857,28.608392,37.931857,38.106274000,127.259850000,38.106274000,127.259850000,38.106766000,127.259834000,38.106633183,127.259626894,38.106240000,127.260090000,38.106543631,127.260239216,38.105810000,127.259860000,38.105708462,127.260002809,38.106293000,127.259600000,38.105969483,127.259464038
492,492,825297951575,98.397,2.000000,38.092056000,127.256100000,744.000000,2252.809744,5985.403498,3732.593755,165.686151,10.112587,17.636625,28.912926,48.283722,33.052900,31.971543,48.283722,38.106130000,127.261246000,38.106130000,127.261246000,38.106606000,127.261260000,38.106732667,127.261139060,38.106120000,127.261500000,38.106351799,127.261648905,38.105694000,127.261240000,38.105260376,127.261227276,38.106150000,127.260994000,38.105877731,127.260843466
493,493,825297951776,98.598,2.000000,38.092200000,127.256160000,744.000000,2288.911486,3911.165894,1622.254408,70.874493,2.734792,16.038417,21.368251,12.459253,22.745746,18.152916,22.745746,38.105850000,127.262665000,38.105850000,127.262665000,38.106310000,127.262720000,38.106280510,127.262540777,38.105854000,127.262930000,38.106011686,127.263069108,38.105415000,127.262620000,38.105369066,127.262749708,38.105850000,127.262405000,38.105677649,127.262265523
494,494,825297951981,98.803,2.000000,38.092200000,127.256160000,744.000000,2288.911486,3911.165894,1622.254408,70.874493,2.734792,16.038417,21.368251,12.459253,22.745746,18.152916,22.745746,38.105850000,127.262665000,38.105850000,127.262665000,38.106310000,127.262720000,38.106280510,127.262540777,38.105854000,127.262930000,38.106011686,127.263069108,38.105415000,127.262620000,38.105369066,127.262749708,38.105850000,127.262405000,38.105677649,127.262265523
495,495,825297952185,99.007,2.000000,38.092274000,127.256190000,744.000000,2441.144374,4067.934693,1626.790319,66.640480,1.812930,19.885898,35.300979,16.504460,23.754203,23.861385,35.300979,38.105960000,127.263214000,38.105960000,127.263214000,38.106440000,127.263280000,38.106353761,127.263081183,38.105988000,127.263500000,38.106260809,127.263705458,38.105522000,127.263160000,38.105571959,127.263337400,38.105953000,127.262950000,38.105776925,127.262796801
496,496,825297952371,99.193,2.000000,38.092342000,127.256220000,744.000000,2299.560769,3663.387268,1363.826499,59.308130,2.281654,12.196702,19.356487,15.397709,17.093598,16.011124,19.356487,38.105965000,127.262750000,38.105965000,127.262750000,38.106410000,127.262780000,38.106430659,127.262643256,38.105988000,127.263020000,38.106126219,127.263154076,38.105540000,127.262710000,38.105576431,127.262879578,38.105940000,127.262474000,38.105815066,127.262360541
497,497,825297952574,99.396,2.000000,38.092342000,127.256220000,744.000000,2299.560769,3663.387268,1363.826499,59.308130,2.281654,12.196702,19.356487,15.397709,17.093598,16.011124,19.356487,38.105965000,127.262750000,38.105965000,127.262750000,38.106410000,127.262780000,38.106430659,127.262643256,38.105988000,127.263020000,38.106126219,127.263154076,38.105540000,127.262710000,38.105576431,127.262879578,38.105940000,127.262474000,38.105815066,127.262360541
498,498,825297952776,99.598,2.000000,38.092484000,127.256280000,745.000000,2086.179601,5556.507226,3470.327624,166.348459,11.070365,15.941054,20.861849,49.689068,26.969066,28.365259,49.689068,38.106194000,127.261154000,38.106194000,127.261154000,38.106610000,127.261120000,38.106733493,127.261027865,38.106247000,127.261410000,38.106403117,127.261541755,38.105800000,127.261185000,38.105354616,127.261147422,38.106144000,127.260890000,38.105925647,127.260756618
499,499,825297952993,99.815,2.000000,38.092620000,127.256355000,746.000000,2055.872617,3946.201429,1890.328812,91.947760,6.388593,13.169257,19.032611,17.415452,21.697504,17.828706,21.697504,38.106410000,127.260025000,38.106410000,127.260025000,38.106800000,127.259940000,38.106744602,127.259807158,38.106495000,127.260284000,38.106642592,127.260393680,38.106040000,127.260100000,38.105897155,127.260181082,38.106320000,127.259766000,38.106144449,127.259658369
500,500,825297953178,100.000,2.000000,38.092620000,127.256355000,746.000000,2055.872617,3946.201429,1890.328812,91.947760,6.388593,13.169257,19.032611,17.415452,21.697504,17.828706,21.697504,38.106410000,127.260025000,38.106410000,127.260025000,38.106800000,127.259940000,38.106744602,127.259807158,38.106495000,127.260284000,38.106642592,127.260393680,38.106040000,127.260100000,38.105897155,127.260181082,38.106320000,127.259766000,38.106144449,127.259658369
501,501,825297953386,100.208,2.000000,38.092690000,127.256390000,747.000000,2045.775710,2825.895857,780.120147,38.133220,3.281137,26.947090,19.608680,14.915515,19.432071,20.225839,26.947090,38.106580000,127.259320000,38.106580000,127.259320000,38.106953000,127.259220000,38.106748723,127.259054941,38.106690000,127.259580000,38.106847283,127.259680794,38.106220000,127.259430000,38.106308644,127.259557690,38.106472000,127.259070000,38.106315859,127.258970810
502,502,825297953573,100.395,2.000000,38.092690000,127.256390000,747.000000,2045.775710,2825.895857,780.120147,38.133220,3.281137,26.947090,19.608680,14.915515,19.432071,20.225839,26.947090,38.106580000,127.259320000,38.106580000,127.259320000,38.106953000,127.259220000,38.106748723,127.259054941,38.106690000,127.259580000,38.106847283,127.259680794,38.106220000,127.259430000,38.106308644,127.259557690,38.106472000,127.259070000,38.106315859,127.258970810
503,503,825297953777,100.599,2.000000,38.092823000,127.256470000,749.000000,2247.992971,3406.940262,1158.947292,51.554756,1.174506,21.787039,24.023025,12.232228,17.940161,18.995613,24.023025,38.107075000,127.260040000,38.107075000,127.260040000,38.107452000,127.259940000,38.107299160,127.259784636,38.107204000,127.260315000,38.107397493,127.260436440,38.106710000,127.260150000,38.106769288,127.260267578,38.106934000,127.259770000,38.106794682,127.259667045
504,504,825297953982,100.804,2.000000,38.092823000,127.256470000,749.000000,2247.992971,3406.940262,1158.947292,51.554756,1.174506,21.787039,24.023025,12.232228,17.940161,18.995613,24.023025,38.107075000,127.260040000,38.107075000,127.260040000,38.107452000,127.259940000,38.107299160,127.259784636,38.107204000,127.260315000,38.107397493,127.260436440,38.106710000,127.260150000,38.106769288,127.260267578,38.106934000,127.259770000,38.106794682,127.259667045
505,505,825297954185,101.007,2.000000,38.092940000,127.256540000,751.000000,2142.014775,4211.573938,2069.559163,96.617408,7.559124,9.585606,9.446157,30.374362,11.399703,15.201457,30.374362,38.106640000,127.261350000,38.106640000,127.261350000,38.107020000,127.261280000,38.107057545,127.261181517,38.106785000,127.261635000,38.106827268,127.261728510,38.106300000,127.261430000,38.106027146,127.261431661,38.106520000,127.261080000,38.106453662,127.260980855
506,506,825297954372,101.194,2.000000,38.093006000,127.256580000,752.000000,2128.406105,4104.652736,1976.246631,92.851013,3.074516,15.191388,7.644057,22.388201,9.937279,13.790231,22.388201,38.106520000,127.261986000,38.106520000,127.261986000,38.106873000,127.261920000,38.107001125,127.261860294,38.106655000,127.262280000,38.106676816,127.262362746,38.106182000,127.262054000,38.105981310,127.262070634,38.106388000,127.261700000,38.106336422,127.261607405
507,507,825297954575,101.397,2.000000,38.093006000,127.256580000,752.000000,2128.406105,4104.652736,1976.246631,92.851013,3.074516,15.191388,7.644057,22.388201,9.937279,13.790231,22.388201,38.106520000,127.261986000,38.106520000,127.261986000,38.106873000,127.261920000,38.107001125,127.261860294,38.106655000,127.262280000,38.106676816,127.262362746,38.106182000,127.262054000,38.105981310,127.262070634,38.106388000,127.261700000,38.106336422,127.261607405
508,508,825297954780,101.602,2.000000,38.093130000,127.256660000,754.000000,2211.403775,6700.549251,4489.145477,202.999811,30.715322,25.219165,107.119634,8.717908,11.673143,38.182463,107.119634,38.106250000,127.263410000,38.106250000,127.263410000,38.106598000,127.263374000,38.106824532,127.263377399,38.106370000,127.263720000,38.107233887,127.264258682,38.105892000,127.263435000,38.105885136,127.263534144,38.106110000,127.263100000,38.106046692,127.262993763
509,509,825297954983,101.805,2.000000,38.093193000,127.256700000,756.000000,2190.729794,7763.686497,5572.956702,254.388137,27.420777,44.924380,99.899405,12.459744,24.978030,45.565390,99.899405,38.106320000,127.263756000,38.106320000,127.263756000,38.106670000,127.263725000,38.107066512,127.263820447,38.106464000,127.264080000,38.107259708,127.264607363,38.105984000,127.263790000,38.105877142,127.263832324,38.106200000,127.263450000,38.106019338,127.263280883
510,510,825297955171,101.993,2.000000,38.093193000,127.256700000,756.000000,2190.729794,7763.686497,5572.956702,254.388137,27.420777,44.924380,99.899405,12.459744,24.978030,45.565390,99.899405,38.106320000,127.263756000,38.106320000,127.263756000,38.106670000,127.263725000,38.107066512,127.263820447,38.106464000,127.264080000,38.107259708,127.264607363,38.105984000,127.263790000,38.105877142,127.263832324,38.106200000,127.263450000,38.106019338,127.263280883
511,511,825297955375,102.197,2.000000,38.093310000,127.256775000,759.000000,2009.689131,3658.447456,1648.758325,82.040466,0.592314,14.377251,8.848321,17.099279,6.369995,11.673712,17.099279,38.106533000,127.262340000,38.106533000,127.262340000,38.106850000,127.262250000,38.106975628,127.262211915,38.106690000,127.262634000,38.106716760,127.262729119,38.106228000,127.262410000,38.106077210,127.262447203,38.106384000,127.262050000,38.106394043,127.261978407
512,512,825297955579,102.401,2.000000,38.093310000,127.256775000,759.000000,2009.689131,3658.447456,1648.758325,82.040466,0.592314,14.377251,8.848321,17.099279,6.369995,11.673712,17.099279,38.106533000,127.262340000,38.106533000,127.262340000,38.106850000,127.262250000,38.106975628,127.262211915,38.106690000,127.262634000,38.106716760,127.262729119,38.106228000,127.262410000,38.106077210,127.262447203,38.106384000,127.262050000,38.106394043,127.261978407
513,513,825297955781,102.603,2.000000,38.093430000,127.256860000,762.000000,1976.076525,3418.886161,1442.809636,73.013854,2.243343,10.770156,7.119598,17.478721,7.089384,10.614465,17.478721,38.106766000,127.261020000,38.106766000,127.261020000,38.107056000,127.260895000,38.107139254,127.260832360,38.106960000,127.261300000,38.106953383,127.261380844,38.106487000,127.261140000,38.106332482,127.261175442,38.106583000,127.260750000,38.106583185,127.260669065
514,514,825297955984,102.806,2.000000,38.093487000,127.256900000,764.000000,1902.965699,3006.981095,1104.015396,58.015517,2.916110,8.007798,7.720247,10.917754,8.075125,8.680231,10.917754,38.106922000,127.260414000,38.106922000,127.260414000,38.107200000,127.260280000,38.107215736,127.260190794,38.107136000,127.260680000,38.107120666,127.260765957,38.106655000,127.260550000,38.106569901,127.260611961,38.106740000,127.260160000,38.106722761,127.260070452
515,515,825297956172,102.994,2.000000,38.093487000,127.256900000,764.000000,1902.965699,3006.981095,1104.015396,58.015517,2.916110,8.007798,7.720247,10.917754,8.075125,8.680231,10.917754,38.106922000,127.260414000,38.106922000,127.260414000,38.107200000,127.260280000,38.107215736,127.260190794,38.107136000,127.260680000,38.107120666,127.260765957,38.106655000,127.260550000,38.106569901,127.260611961,38.106740000,127.260160000,38.106722761,127.260070452
516,516,825297956376,103.198,2.000000,38.093605000,127.256980000,767.000000,2053.361777,3689.514553,1636.152776,79.681661,2.978971,9.439766,16.836701,8.727912,8.838874,10.960813,16.836701,38.107277000,127.260470000,38.107277000,127.260470000,38.107560000,127.260320000,38.107627207,127.260254281,38.107500000,127.260735000,38.107613093,127.260862630,38.106995000,127.260605000,38.106942421,127.260678915,38.107063000,127.260210000,38.107037528,127.260114424
517,517,825297956581,103.403,2.000000,38.093716000,127.257065000,770.000000,1983.370560,3025.289237,1041.918677,52.532729,6.355807,9.014496,15.127089,21.839799,8.176074,13.539365,21.839799,38.106930000,127.261810000,38.106930000,127.261810000,38.107224000,127.261696000,38.107287476,127.261632098,38.107143000,127.262100000,38.107011191,127.262142002,38.106667000,127.261930000,38.106470907,127.261937860,38.106747000,127.261536000,38.106793398,127.261463641
518,518,825297956773,103.595,2.000000,38.093716000,127.257065000,770.000000,1983.370560,3025.289237,1041.918677,52.532729,6.355807,9.014496,15.127089,21.839799,8.176074,13.539365,21.839799,38.106930000,127.261810000,38.106930000,127.261810000,38.107224000,127.261696000,38.107287476,127.261632098,38.107143000,127.262100000,38.107011191,127.262142002,38.106667000,127.261930000,38.106470907,127.261937860,38.106747000,127.261536000,38.106793398,127.261463641
519,519,825297956974,103.796,2.000000,38.093773000,127.257100000,772.000000,1900.484292,3486.097019,1585.612727,83.432035,0.660820,13.655261,9.659272,20.657969,7.855774,12.957069,20.657969,38.106728000,127.262470000,38.106728000,127.262470000,38.107006000,127.262360000,38.107125849,127.262326776,38.106907000,127.262760000,38.106936750,127.262863590,38.106460000,127.262566000,38.106274588,127.262575837,38.106552000,127.262180000,38.106604940,127.262120698
520,520,825297957179,104.001,2.000000,38.093773000,127.257100000,772.000000,1900.484292,3486.097019,1585.612727,83.432035,0.660820,13.655261,9.659272,20.657969,7.855774,12.957069,20.657969,38.106728000,127.262470000,38.106728000,127.262470000,38.107006000,127.262360000,38.107125849,127.262326776,38.106907000,127.262760000,38.106936750,127.262863590,38.106460000,127.262566000,38.106274588,127.262575837,38.106552000,127.262180000,38.106604940,127.262120698
521,521,825297957405,104.227,2.000000,38.093884000,127.257180000,775.000000,1895.976512,6933.420982,5037.444470,265.691291,20.197606,44.956788,79.631733,16.989512,27.949425,42.381864,79.631733,38.106464000,127.263824000,38.106464000,127.263824000,38.106750000,127.263756000,38.107145479,127.263859981,38.106636000,127.264145000,38.107264853,127.264578327,38.106194000,127.263900000,38.106041415,127.263904125,38.106310000,127.263530000,38.106110414,127.263336412
522,522,825297957585,104.407,2.000000,38.093937000,127.257220000,777.000000,2136.893539,7432.130205,5295.236665,247.800677,0.426839,44.561843,44.416627,39.327866,47.869436,44.043943,47.869436,38.106710000,127.264420000,38.106710000,127.264420000,38.107006000,127.264350000,38.107394874,127.264470712,38.106876000,127.264750000,38.107205971,127.265035086,38.106403000,127.264470000,38.106060002,127.264362425,38.106540000,127.264090000,38.106171113,127.263809146
523,523,825297957774,104.596,2.000000,38.093937000,127.257220000,777.000000,2136.893539,7432.130205,5295.236665,247.800677,0.426839,44.561843,44.416627,39.327866,47.869436,44.043943,47.869436,38.106710000,127.264420000,38.106710000,127.264420000,38.107006000,127.264350000,38.107394874,127.264470712,38.106876000,127.264750000,38.107205971,127.265035086,38.106403000,127.264470000,38.106060002,127.264362425,38.106540000,127.264090000,38.106171113,127.263809146
524,524,825297957978,104.800,2.000000,38.094044000,127.257300000,780.000000,2076.328688,7876.656881,5800.328193,279.355009,32.128501,78.197914,80.892820,21.252329,12.364707,48.176943,80.892820,38.107140000,127.263245000,38.107140000,127.263245000,38.107437000,127.263150000,38.108119865,127.263359410,38.107340000,127.263565000,38.107995143,127.263964551,38.106865000,127.263340000,38.106674117,127.263335697,38.106950000,127.262950000,38.106892808,127.262828989
525,525,825297958182,105.004,2.000000,38.094100000,127.257340000,782.000000,2019.418889,4917.194792,2897.775903,143.495533,17.410042,13.575134,64.173775,10.196362,8.037826,23.995775,64.173775,38.107296000,127.262566000,38.107296000,127.262566000,38.107567000,127.262450000,38.107684615,127.262409058,38.107506000,127.262860000,38.108025747,127.263176945,38.107020000,127.262680000,38.106934498,127.262721750,38.107094000,127.262276000,38.107137426,127.262202687
526,526,825297958424,105.246,2.000000,38.094100000,127.257340000,782.000000,2019.418889,4917.194792,2897.775903,143.495533,17.410042,13.575134,64.173775,10.196362,8.037826,23.995775,64.173775,38.107296000,127.262566000,38.107296000,127.262566000,38.107567000,127.262450000,38.107684615,127.262409058,38.107506000,127.262860000,38.108025747,127.263176945,38.107020000,127.262680000,38.106934498,127.262721750,38.107094000,127.262276000,38.107137426,127.262202687
527,527,825297958573,105.395,2.000000,38.094208000,127.257420000,785.000000,1993.824793,3071.884230,1078.059436,54.069918,6.790023,10.635810,17.515845,23.298056,8.508084,14.989449,23.298056,38.107594000,127.261220000,38.107594000,127.261220000,38.107857000,127.261070000,38.107942384,127.261015514,38.107840000,127.261500000,38.107686936,127.261546343,38.107353000,127.261370000,38.107143936,127.261382345,38.107384000,127.260960000,38.107424622,127.260877722
528,528,825297958778,105.600,2.000000,38.094208000,127.257420000,785.000000,1993.824793,3071.884230,1078.059436,54.069918,6.790023,10.635810,17.515845,23.298056,8.508084,14.989449,23.298056,38.107594000,127.261220000,38.107594000,127.261220000,38.107857000,127.261070000,38.107942384,127.261015514,38.107840000,127.261500000,38.107686936,127.261546343,38.107353000,127.261370000,38.107143936,127.261382345,38.107384000,127.260960000,38.107424622,127.260877722
529,529,825297958980,105.802,2.000000,38.094315000,127.257500000,787.000000,2099.269190,3130.081625,1030.812435,49.103395,3.177438,9.033110,11.503563,17.156114,10.108552,11.950335,17.156114,38.107925000,127.261190000,38.107925000,127.261190000,38.108192000,127.261040000,38.108253788,127.260973149,38.108180000,127.261470000,38.108092582,127.261540037,38.107670000,127.261340000,38.107518202,127.261373842,38.107693000,127.260925000,38.107760664,127.260848035
530,530,825297959183,106.005,2.000000,38.094368000,127.257545000,789.000000,2081.722554,4286.243093,2204.520539,105.898864,15.824352,65.327896,10.312844,12.973385,18.446801,26.765231,65.327896,38.107765000,127.261826000,38.107765000,127.261826000,38.108036000,127.261690000,38.108618429,127.261781378,38.108000000,127.262115000,38.107923254,127.262180946,38.107502000,127.261960000,38.107389960,127.262000769,38.107536000,127.261550000,38.107697972,127.261505518
531,531,825297959372,106.194,2.000000,38.094368000,127.257545000,789.000000,2081.722554,4286.243093,2204.520539,105.898864,15.824352,65.327896,10.312844,12.973385,18.446801,26.765231,65.327896,38.107765000,127.261826000,38.107765000,127.261826000,38.108036000,127.261690000,38.108618429,127.261781378,38.108000000,127.262115000,38.107923254,127.262180946,38.107502000,127.261960000,38.107389960,127.262000769,38.107536000,127.261550000,38.107697972,127.261505518
532,532,825297959577,106.399,2.000000,38.094480000,127.257620000,791.000000,2007.283903,6908.075879,4900.791976,244.150415,15.054274,50.100639,60.164560,28.395479,22.418919,40.269899,60.164560,38.107480000,127.263145000,38.107480000,127.263145000,38.107758000,127.263040000,38.108202181,127.263132159,38.107685000,127.263450000,38.108167423,127.263759671,38.107216000,127.263250000,38.106961929,127.263221187,38.107273000,127.262850000,38.107114053,127.262692827
533,533,825297959780,106.602,2.000000,38.094532000,127.257670000,793.000000,1988.712641,6772.464815,4783.752174,240.545169,3.129026,39.011916,34.826472,34.680066,51.028877,39.886833,51.028877,38.107338000,127.263830000,38.107338000,127.263830000,38.107624000,127.263740000,38.107969938,127.263811239,38.107525000,127.264145000,38.107784494,127.264367092,38.107063000,127.263920000,38.106756390,127.263849870,38.107160000,127.263535000,38.106757976,127.263255095
534,534,825297959983,106.805,2.000000,38.094532000,127.257670000,793.000000,1988.712641,6772.464815,4783.752174,240.545169,3.129026,39.011916,34.826472,34.680066,51.028877,39.886833,51.028877,38.107338000,127.263830000,38.107338000,127.263830000,38.107624000,127.263740000,38.107969938,127.263811239,38.107525000,127.264145000,38.107784494,127.264367092,38.107063000,127.263920000,38.106756390,127.263849870,38.107160000,127.263535000,38.106757976,127.263255095
535,535,825297960171,106.993,2.000000,38.094643000,127.257744000,795.000000,2063.540910,4799.324503,2735.783593,132.577143,11.627496,8.093303,13.167169,50.594065,12.642805,21.124335,50.594065,38.107300000,127.265114000,38.107300000,127.265114000,38.107597000,127.265045000,38.107655833,127.264990716,38.107470000,127.265440000,38.107521708,127.265575198,38.107020000,127.265180000,38.106585972,127.265008622,38.107130000,127.264786000,38.107071062,127.264662620
536,536,825297960374,107.196,2.000000,38.094643000,127.257744000,795.000000,2063.540910,4799.324503,2735.783593,132.577143,11.627496,8.093303,13.167169,50.594065,12.642805,21.124335,50.594065,38.107300000,127.265114000,38.107300000,127.265114000,38.107597000,127.265045000,38.107655833,127.264990716,38.107470000,127.265440000,38.107521708,127.265575198,38.107020000,127.265180000,38.106585972,127.265008622,38.107130000,127.264786000,38.107071062,127.264662620
537,537,825297960574,107.396,2.000000,38.094753000,127.257830000,797.000000,2078.635286,5333.344113,3254.708827,156.579119,22.237862,10.348505,8.889502,24.934871,68.966525,28.284851,68.966525,38.107635000,127.264175000,38.107635000,127.264175000,38.107920000,127.264084000,38.108005035,127.264036260,38.107840000,127.264496000,38.107783718,127.264567996,38.107357000,127.264260000,38.107133913,127.264234407,38.107452000,127.263860000,38.106895383,127.263514274
538,538,825297960777,107.599,2.000000,38.094753000,127.257830000,797.000000,2078.635286,5333.344113,3254.708827,156.579119,22.237862,10.348505,8.889502,24.934871,68.966525,28.284851,68.966525,38.107635000,127.264175000,38.107635000,127.264175000,38.107920000,127.264084000,38.108005035,127.264036260,38.107840000,127.264496000,38.107783718,127.264567996,38.107357000,127.264260000,38.107133913,127.264234407,38.107452000,127.263860000,38.106895383,127.263514274
539,539,825297960981,107.803,2.000000,38.094810000,127.257870000,799.000000,2061.245240,6753.521020,4692.275780,227.642771,17.729170,26.590729,17.951171,56.500233,56.932045,39.493544,56.932045,38.107796000,127.263504000,38.107796000,127.263504000,38.108070000,127.263390000,38.108308418,127.263408646,38.108013000,127.263820000,38.108127206,127.263964686,38.107530000,127.263600000,38.107033450,127.263466435,38.107594000,127.263200000,38.107131214,127.262923340
540,540,825297961183,108.005,2.000000,38.094925000,127.257960000,801.000000,1996.531084,6140.270490,4143.739407,207.546952,25.196390,70.039862,46.234321,17.547422,8.220531,35.510534,70.039862,38.108112000,127.262190000,38.108112000,127.262190000,38.108376000,127.262054000,38.108999657,127.262159707,38.108337000,127.262474000,38.108714368,127.262694465,38.107857000,127.262330000,38.107700039,127.262348449,38.107895000,127.261920000,38.107932235,127.261838953
541,541,825297961372,108.194,2.000000,38.094925000,127.257960000,801.000000,1996.531084,6140.270490,4143.739407,207.546952,25.196390,70.039862,46.234321,17.547422,8.220531,35.510534,70.039862,38.108112000,127.262190000,38.108112000,127.262190000,38.108376000,127.262054000,38.108999657,127.262159707,38.108337000,127.262474000,38.108714368,127.262694465,38.107857000,127.262330000,38.107700039,127.262348449,38.107895000,127.261920000,38.107932235,127.261838953
542,542,825297961575,108.397,2.000000,38.095040000,127.258050000,803.000000,2232.269551,5649.002416,3416.732866,153.060945,17.018765,20.610116,8.859244,61.451352,23.737537,28.664562,61.451352,38.108680000,127.261795000,38.108680000,127.261795000,38.108963000,127.261650000,38.109145605,127.261611163,38.108955000,127.262085000,38.108907403,127.262166061,38.108418000,127.261950000,38.107870479,127.261860543,38.108437000,127.261530000,38.108257077,127.261384550
543,543,825297961778,108.600,2.000000,38.095097000,127.258090000,804.000000,2286.274203,5972.498363,3686.224160,161.232811,5.942380,32.418516,13.392847,35.546050,31.621345,28.244689,35.546050,38.108643000,127.262480000,38.108643000,127.262480000,38.108920000,127.262344000,38.109211205,127.262347817,38.108902000,127.262780000,38.108975199,127.262901346,38.108356000,127.262610000,38.108037642,127.262578589,38.108390000,127.262190000,38.108138580,127.262021982
544,544,825297961980,108.802,2.000000,38.095097000,127.258090000,804.000000,2286.274203,5972.498363,3686.224160,161.232811,5.942380,32.418516,13.392847,35.546050,31.621345,28.244689,35.546050,38.108643000,127.262480000,38.108643000,127.262480000,38.108920000,127.262344000,38.109211205,127.262347817,38.108902000,127.262780000,38.108975199,127.262901346,38.108356000,127.262610000,38.108037642,127.262578589,38.108390000,127.262190000,38.108138580,127.262021982
545,545,825297962183,109.005,2.000000,38.095215000,127.258180000,806.000000,2134.872326,3093.312962,958.440636,44.894518,6.240704,8.742314,16.872344,9.436505,11.256254,11.576854,16.872344,38.108307000,127.263830000,38.108307000,127.263830000,38.108593000,127.263725000,38.108654915,127.263663601,38.108532000,127.264150000,38.108381814,127.264175940,38.108032000,127.263940000,38.107954557,127.263983813,38.108100000,127.263535000,38.108058457,127.263417838
546,546,825297962373,109.195,2.000000,38.095215000,127.258180000,806.000000,2134.872326,3093.312962,958.440636,44.894518,6.240704,8.742314,16.872344,9.436505,11.256254,11.576854,16.872344,38.108307000,127.263830000,38.108307000,127.263830000,38.108593000,127.263725000,38.108654915,127.263663601,38.108532000,127.264150000,38.108381814,127.264175940,38.108032000,127.263940000,38.107954557,127.263983813,38.108100000,127.263535000,38.108058457,127.263417838
547,547,825297962576,109.398,2.000000,38.095333000,127.258270000,808.000000,2065.918469,2655.194235,589.275766,28.523670,1.193493,12.304625,10.199330,9.422385,8.116503,10.010711,12.304625,38.108047000,127.265340000,38.108047000,127.265340000,38.108330000,127.265270000,38.108279705,127.265144907,38.108215000,127.265670000,38.108246486,127.265779350,38.107760000,127.265420000,38.107793798,127.265518624,38.107860000,127.265020000,38.107887841,127.264934358
548,548,825297962780,109.602,2.000000,38.095390000,127.258310000,810.000000,2089.484268,3106.018852,1016.534584,48.650023,2.153794,11.664244,11.286540,6.968778,11.251745,10.292827,11.664244,38.108100000,127.265950000,38.108100000,127.265950000,38.108400000,127.265890000,38.108354865,127.265769821,38.108260000,127.266290000,38.108300797,127.266407963,38.107810000,127.266014000,38.107783841,127.266086281,38.107944000,127.265630000,38.107907790,127.265510069
549,549,825297962983,109.805,2.000000,38.095390000,127.258310000,810.000000,2089.484268,3106.018852,1016.534584,48.650023,2.153794,11.664244,11.286540,6.968778,11.251745,10.292827,11.664244,38.108100000,127.265950000,38.108100000,127.265950000,38.108400000,127.265890000,38.108354865,127.265769821,38.108260000,127.266290000,38.108300797,127.266407963,38.107810000,127.266014000,38.107783841,127.266086281,38.107944000,127.265630000,38.107907790,127.265510069
550,550,825297963171,109.993,2.000000,38.095512000,127.258400000,812.000000,2182.960381,3106.695790,923.735409,42.315720,3.241343,7.234533,9.817321,7.896944,7.550837,8.124909,9.817321,38.108536000,127.265160000,38.108536000,127.265160000,38.108837000,127.265076000,38.108875325,127.265009296,38.108720000,127.265490000,38.108746017,127.265597093,38.108253000,127.265240000,38.108250581,127.265330105,38.108340000,127.264830000,38.108383118,127.264763453
551,551,825297963376,110.198,2.000000,38.095512000,127.258400000,812.000000,2182.960381,3106.695790,923.735409,42.315720,3.241343,7.234533,9.817321,7.896944,7.550837,8.124909,9.817321,38.108536000,127.265160000,38.108536000,127.265160000,38.108837000,127.265076000,38.108875325,127.265009296,38.108720000,127.265490000,38.108746017,127.265597093,38.108253000,127.265240000,38.108250581,127.265330105,38.108340000,127.264830000,38.108383118,127.264763453
552,552,825297963580,110.402,2.000000,38.095634000,127.258490000,814.000000,2227.189684,2515.509227,288.319542,12.945442,2.419601,7.202471,17.446806,8.986851,14.319156,11.988821,17.446806,38.108994000,127.264046000,38.108994000,127.264046000,38.109300000,127.263940000,38.109310067,127.263858773,38.109215000,127.264360000,38.109060028,127.264389731,38.108707000,127.264145000,38.108644150,127.264209394,38.108780000,127.263740000,38.108904101,127.263696998
553,553,825297963790,110.612,2.000000,38.095684000,127.258530000,814.000000,2289.737696,3148.957714,859.220018,37.524823,3.580187,7.534080,13.087043,7.654837,9.483583,9.439885,13.087043,38.109200000,127.263360000,38.109200000,127.263360000,38.109505000,127.263240000,38.109539360,127.263165894,38.109436000,127.263664000,38.109326599,127.263718701,38.108906000,127.263470000,38.108889117,127.263554719,38.108967000,127.263060000,38.108933092,127.262960673
554,554,825297963997,110.819,2.000000,38.095684000,127.258530000,814.000000,2289.737696,3148.957714,859.220018,37.524823,3.580187,7.534080,13.087043,7.654837,9.483583,9.439885,13.087043,38.109200000,127.263360000,38.109200000,127.263360000,38.109505000,127.263240000,38.109539360,127.263165894,38.109436000,127.263664000,38.109326599,127.263718701,38.108906000,127.263470000,38.108889117,127.263554719,38.108967000,127.263060000,38.108933092,127.262960673
555,555,825297964178,111.000,2.000000,38.095806000,127.258630000,816.000000,2523.064648,2475.558045,-47.506603,-1.882893,1.654808,8.104886,20.381905,7.651892,15.984921,13.030901,20.381905,38.109833000,127.262680000,38.109833000,127.262680000,38.110146000,127.262535000,38.110122886,127.262447254,38.110130000,127.262985000,38.109950183,127.263028828,38.109543000,127.262820000,38.109550396,127.262906854,38.109573000,127.262390000,38.109709864,127.262334781
556,556,825297964381,111.203,2.000000,38.095806000,127.258630000,816.000000,2523.064648,2475.558045,-47.506603,-1.882893,1.654808,8.104886,20.381905,7.651892,15.984921,13.030901,20.381905,38.109833000,127.262680000,38.109833000,127.262680000,38.110146000,127.262535000,38.110122886,127.262447254,38.110130000,127.262985000,38.109950183,127.263028828,38.109543000,127.262820000,38.109550396,127.262906854,38.109573000,127.262390000,38.109709864,127.262334781
557,557,825297964585,111.407,2.000000,38.095932000,127.258720000,818.000000,2330.454438,2373.094114,42.639676,1.829672,0.838503,7.552457,16.215881,7.678458,18.760385,12.551795,18.760385,38.109547000,127.263910000,38.109547000,127.263910000,38.109863000,127.263800000,38.109869459,127.263714166,38.109783000,127.264220000,38.109641238,127.264262594,38.109257000,127.264020000,38.109251477,127.264107382,38.109318000,127.263600000,38.109485295,127.263574149
558,558,825297964775,111.597,2.000000,38.095993000,127.258766000,819.000000,2212.100025,2791.199779,579.099754,26.178733,1.721930,8.938153,8.335760,8.592513,10.172532,9.009739,10.172532,38.109340000,127.264595000,38.109340000,127.264595000,38.109653000,127.264496000,38.109625751,127.264400011,38.109550000,127.264915000,38.109499284,127.264985017,38.109055000,127.264694000,38.108994544,127.264754992,38.109146000,127.264290000,38.109225221,127.264232112
559,559,825297964980,111.802,2.000000,38.095993000,127.258766000,819.000000,2212.100025,2791.199779,579.099754,26.178733,1.721930,8.938153,8.335760,8.592513,10.172532,9.009739,10.172532,38.109340000,127.264595000,38.109340000,127.264595000,38.109653000,127.264496000,38.109625751,127.264400011,38.109550000,127.264915000,38.109499284,127.264985017,38.109055000,127.264694000,38.108994544,127.264754992,38.109146000,127.264290000,38.109225221,127.264232112
560,560,825297965186,112.008,2.000000,38.096120000,127.258865000,821.000000,2026.316041,3369.795346,1343.479305,66.301568,2.308849,6.810167,16.824499,8.010118,11.853747,10.874633,16.824499,38.108932000,127.265880000,38.108932000,127.265880000,38.109230000,127.265800000,38.109258627,127.265731288,38.109100000,127.266200000,38.109191632,127.266352752,38.108658000,127.265960000,38.108661106,127.266051364,38.108776000,127.265564000,38.108721192,127.265447971
561,561,825297965373,112.195,2.000000,38.096120000,127.258865000,821.000000,2026.316041,3369.795346,1343.479305,66.301568,2.308849,6.810167,16.824499,8.010118,11.853747,10.874633,16.824499,38.108932000,127.265880000,38.108932000,127.265880000,38.109230000,127.265800000,38.109258627,127.265731288,38.109100000,127.266200000,38.109191632,127.266352752,38.108658000,127.265960000,38.108661106,127.266051364,38.108776000,127.265564000,38.108721192,127.265447971
562,562,825297965578,112.400,2.000000,38.096245000,127.258960000,823.000000,2076.301336,4413.430874,2337.129538,112.562156,6.799389,17.140326,27.141474,8.277476,13.480780,16.510014,27.141474,38.109303000,127.267110000,38.109303000,127.267110000,38.109600000,127.267044000,38.109753954,127.267040849,38.109440000,127.267450000,38.109619177,127.267660151,38.109013000,127.267170000,38.108956758,127.267231819,38.109158000,127.266785000,38.109102164,127.266648429
563,563,825297965779,112.601,2.000000,38.096306000,127.259000000,823.000000,2131.689349,4710.899560,2579.210211,120.993718,5.888992,7.232127,43.294057,7.647925,21.267489,19.860399,43.294057,38.109623000,127.266490000,38.109623000,127.266490000,38.109930000,127.266410000,38.109966782,127.266341939,38.109770000,127.266815000,38.110087370,127.267100697,38.109320000,127.266556000,38.109289143,127.266634013,38.109470000,127.266170000,38.109334036,127.265999423
564,564,825297965983,112.805,2.000000,38.096306000,127.259000000,823.000000,2131.689349,4710.899560,2579.210211,120.993718,5.888992,7.232127,43.294057,7.647925,21.267489,19.860399,43.294057,38.109623000,127.266490000,38.109623000,127.266490000,38.109930000,127.266410000,38.109966782,127.266341939,38.109770000,127.266815000,38.110087370,127.267100697,38.109320000,127.266556000,38.109289143,127.266634013,38.109470000,127.266170000,38.109334036,127.265999423
565,565,825297966186,113.008,2.000000,38.096430000,127.259100000,825.000000,2289.503866,4537.494299,2247.990433,98.186793,4.256437,11.452562,26.303342,7.811271,14.868106,15.108821,26.303342,38.110283000,127.265200000,38.110283000,127.265200000,38.110607000,127.265100000,38.110702652,127.265051854,38.110466000,127.265510000,38.110650627,127.265697411,38.109974000,127.265300000,38.109924099,127.265362698,38.110096000,127.264885000,38.110006345,127.264759178
566,566,825297966377,113.199,2.000000,38.096430000,127.259100000,825.000000,2289.503866,4537.494299,2247.990433,98.186793,4.256437,11.452562,26.303342,7.811271,14.868106,15.108821,26.303342,38.110283000,127.265200000,38.110283000,127.265200000,38.110607000,127.265100000,38.110702652,127.265051854,38.110466000,127.265510000,38.110650627,127.265697411,38.109974000,127.265300000,38.109924099,127.265362698,38.110096000,127.264885000,38.110006345,127.264759178
567,567,825297966579,113.401,2.000000,38.096558000,127.259190000,826.000000,2501.531948,3858.941496,1357.409548,54.263131,5.344678,7.338354,19.421433,7.554007,7.312235,10.406507,19.421433,38.110798000,127.263810000,38.110798000,127.263810000,38.111130000,127.263680000,38.111150646,127.263600433,38.111030000,127.264114000,38.111164126,127.264255802,38.110490000,127.263940000,38.110494985,127.264026012,38.110558000,127.263504000,38.110582088,127.263426332
568,568,825297966784,113.606,2.000000,38.096558000,127.259190000,826.000000,2501.531948,3858.941496,1357.409548,54.263131,5.344678,7.338354,19.421433,7.554007,7.312235,10.406507,19.421433,38.110798000,127.263810000,38.110798000,127.263810000,38.111130000,127.263680000,38.111150646,127.263600433,38.111030000,127.264114000,38.111164126,127.264255802,38.110490000,127.263940000,38.110494985,127.264026012,38.110558000,127.263504000,38.110582088,127.263426332
569,569,825297966972,113.794,2.000000,38.096622000,127.259250000,827.000000,2509.129953,6784.944012,4275.814059,170.410227,29.324567,13.562077,107.143042,7.369868,8.338445,34.103358,107.143042,38.111008000,127.263626000,38.111008000,127.263626000,38.111330000,127.263490000,38.111442965,127.263432016,38.111240000,127.263930000,38.112152577,127.264318782,38.110690000,127.263760000,38.110691300,127.263844126,38.110756000,127.263330000,38.110752375,127.263234911
570,570,825297967174,113.996,2.000000,38.096750000,127.259340000,828.000000,2262.325710,3910.941767,1648.616058,72.872622,1.405825,10.651637,12.649868,14.447040,7.303910,11.263114,14.447040,38.110410000,127.264740000,38.110410000,127.264740000,38.110730000,127.264626000,38.110818023,127.264578315,38.110596000,127.265040000,38.110658305,127.265160780,38.110107000,127.264850000,38.109979229,127.264878907,38.110207000,127.264435000,38.110231146,127.264357464
571,571,825297967380,114.202,2.000000,38.096750000,127.259340000,828.000000,2262.325710,3910.941767,1648.616058,72.872622,1.405825,10.651637,12.649868,14.447040,7.303910,11.263114,14.447040,38.110410000,127.264740000,38.110410000,127.264740000,38.110730000,127.264626000,38.110818023,127.264578315,38.110596000,127.265040000,38.110658305,127.265160780,38.110107000,127.264850000,38.109979229,127.264878907,38.110207000,127.264435000,38.110231146,127.264357464
572,572,825297967582,114.404,2.000000,38.096874000,127.259440000,829.000000,1922.782519,3769.904978,1847.122459,96.065074,6.472498,9.561604,28.886184,7.368491,13.692044,14.877081,28.886184,38.109764000,127.265915000,38.109764000,127.265915000,38.110043000,127.265820000,38.110119813,127.265771149,38.109920000,127.266230000,38.110129009,127.266425449,38.109493000,127.266010000,38.109495497,127.266094065,38.109610000,127.265620000,38.109539907,127.265491546
573,573,825297967786,114.608,2.000000,38.096940000,127.259480000,830.000000,1851.707292,3892.920535,2041.213243,110.234120,1.390057,7.003928,29.555757,8.418632,19.964520,16.235709,29.555757,38.109554000,127.266590000,38.109554000,127.266590000,38.109837000,127.266510000,38.109857710,127.266434493,38.109684000,127.266890000,38.109885776,127.267109316,38.109280000,127.266660000,38.109220990,127.266720112,38.109417000,127.266280000,38.109286072,127.266124230
574,574,825297967976,114.798,2.000000,38.096940000,127.259480000,830.000000,1851.707292,3892.920535,2041.213243,110.234120,1.390057,7.003928,29.555757,8.418632,19.964520,16.235709,29.555757,38.109554000,127.266590000,38.109554000,127.266590000,38.109837000,127.266510000,38.109857710,127.266434493,38.109684000,127.266890000,38.109885776,127.267109316,38.109280000,127.266660000,38.109220990,127.266720112,38.109417000,127.266280000,38.109286072,127.266124230
575,575,825297968180,115.002,2.000000,38.097065000,127.259580000,831.000000,1885.341532,4445.815901,2560.474369,135.809578,3.007009,16.522033,15.724258,14.699878,27.843932,18.697525,27.843932,38.109740000,127.267850000,38.109740000,127.267850000,38.110030000,127.267800000,38.110178067,127.267786994,38.109863000,127.268180000,38.109941049,127.268329628,38.109470000,127.267920000,38.109337963,127.267922488,38.109627000,127.267540000,38.109443163,127.267324440
576,576,825297968371,115.193,2.000000,38.097065000,127.259580000,831.000000,1885.341532,4445.815901,2560.474369,135.809578,3.007009,16.522033,15.724258,14.699878,27.843932,18.697525,27.843932,38.109740000,127.267850000,38.109740000,127.267850000,38.110030000,127.267800000,38.110178067,127.267786994,38.109863000,127.268180000,38.109941049,127.268329628,38.109470000,127.267920000,38.109337963,127.267922488,38.109627000,127.267540000,38.109443163,127.267324440
577,577,825297968573,115.395,2.000000,38.097195000,127.259674000,832.000000,1980.046277,4889.687999,2909.641722,146.948168,4.228354,20.699835,29.493013,7.878029,32.919190,22.747517,32.919190,38.110500000,127.266685000,38.110500000,127.266685000,38.110798000,127.266600000,38.110983949,127.266600583,38.110630000,127.266990000,38.110835639,127.267202310,38.110203000,127.266760000,38.110189638,127.266848326,38.110360000,127.266380000,38.110118376,127.266163318
578,578,825297968777,115.599,2.000000,38.097195000,127.259674000,832.000000,1980.046277,4889.687999,2909.641722,146.948168,4.228354,20.699835,29.493013,7.878029,32.919190,22.747517,32.919190,38.110500000,127.266685000,38.110500000,127.266685000,38.110798000,127.266600000,38.110983949,127.266600583,38.110630000,127.266990000,38.110835639,127.267202310,38.110203000,127.266760000,38.110189638,127.266848326,38.110360000,127.266380000,38.110118376,127.266163318
579,579,825297968981,115.803,2.000000,38.097320000,127.259770000,832.000000,2141.980621,7716.906792,5574.926171,260.269683,21.581996,64.669605,66.276085,17.070486,28.692670,44.177212,66.276085,38.111130000,127.265450000,38.111130000,127.265450000,38.111450000,127.265340000,38.112020924,127.265476494,38.111294000,127.265750000,38.111830762,127.266077378,38.110825000,127.265560000,38.110672181,127.265576149,38.110973000,127.265160000,38.110756030,127.264983163
580,580,825297969200,116.022,2.000000,38.097385000,127.259820000,833.000000,2244.982860,8083.530672,5838.547812,260.070930,18.100106,65.132926,62.744358,26.516834,29.560657,45.988694,65.132926,38.111423000,127.264770000,38.111423000,127.264770000,38.111750000,127.264650000,38.112329515,127.264752495,38.111614000,127.265070000,38.112130982,127.265355391,38.111120000,127.264890000,38.110881797,127.264888801,38.111244000,127.264480000,38.111012179,127.264315391
581,581,825297969378,116.200,2.000000,38.097385000,127.259820000,833.000000,2244.982860,8083.530672,5838.547812,260.070930,18.100106,65.132926,62.744358,26.516834,29.560657,45.988694,65.132926,38.111423000,127.264770000,38.111423000,127.264770000,38.111750000,127.264650000,38.112329515,127.264752495,38.111614000,127.265070000,38.112130982,127.265355391,38.111120000,127.264890000,38.110881797,127.264888801,38.111244000,127.264480000,38.111012179,127.264315391
582,582,825297969577,116.399,2.000000,38.097510000,127.259920000,833.000000,2179.948927,7902.355466,5722.406539,262.501863,15.884444,62.568344,59.812434,28.026324,31.444310,45.462853,62.568344,38.111427000,127.264840000,38.111427000,127.264840000,38.111748000,127.264720000,38.112304967,127.264815960,38.111610000,127.265140000,38.112102892,127.265411857,38.111126000,127.264960000,38.110874317,127.264951835,38.111250000,127.264560000,38.111004168,127.264383182
583,583,825297969781,116.603,2.000000,38.097510000,127.259920000,833.000000,2179.948927,7902.355466,5722.406539,262.501863,15.884444,62.568344,59.812434,28.026324,31.444310,45.462853,62.568344,38.111427000,127.264840000,38.111427000,127.264840000,38.111748000,127.264720000,38.112304967,127.264815960,38.111610000,127.265140000,38.112102892,127.265411857,38.111126000,127.264960000,38.110874317,127.264951835,38.111250000,127.264560000,38.111004168,127.264383182
584,584,825297969982,116.804,2.000000,38.097637000,127.260020000,834.000000,1934.502880,5941.519567,4007.016687,207.134181,8.048922,38.498934,41.075912,12.229412,36.385938,32.047549,41.075912,38.110855000,127.266160000,38.110855000,127.266160000,38.111156000,127.266060000,38.111497756,127.266127362,38.110996000,127.266460000,38.111311644,127.266702892,38.110577000,127.266260000,38.110470507,127.266294297,38.110720000,127.265870000,38.110438751,127.265658332
585,585,825297970186,117.008,2.000000,38.097702000,127.260060000,834.000000,1799.488049,4296.850211,2497.362162,138.781814,0.853873,19.115856,19.796010,7.750122,35.101483,20.440868,35.101483,38.110573000,127.266800000,38.110573000,127.266800000,38.110855000,127.266716000,38.111026600,127.266707810,38.110703000,127.267100000,38.110826828,127.267262214,38.110300000,127.266884000,38.110293410,127.266972086,38.110455000,127.266510000,38.110191998,127.266288923
586,586,825297970373,117.195,2.000000,38.097702000,127.260060000,834.000000,1799.488049,4296.850211,2497.362162,138.781814,0.853873,19.115856,19.796010,7.750122,35.101483,20.440868,35.101483,38.110573000,127.266800000,38.110573000,127.266800000,38.110855000,127.266716000,38.111026600,127.266707810,38.110703000,127.267100000,38.110826828,127.267262214,38.110300000,127.266884000,38.110293410,127.266972086,38.110455000,127.266510000,38.110191998,127.266288923
587,587,825297970577,117.399,2.000000,38.097828000,127.260160000,835.000000,1750.093935,2697.554754,947.460819,54.137712,1.641353,8.198797,8.449743,9.682058,7.220188,8.387697,9.682058,38.110126000,127.268130000,38.110126000,127.268130000,38.110397000,127.268070000,38.110409363,127.267977723,38.110233000,127.268440000,38.110233279,127.268536470,38.109860000,127.268190000,38.109779886,127.268233032,38.110016000,127.267820000,38.110030558,127.267739671
588,588,825297970781,117.603,2.000000,38.097828000,127.260160000,835.000000,1750.093935,2697.554754,947.460819,54.137712,1.641353,8.198797,8.449743,9.682058,7.220188,8.387697,9.682058,38.110126000,127.268130000,38.110126000,127.268130000,38.110397000,127.268070000,38.110409363,127.267977723,38.110233000,127.268440000,38.110233279,127.268536470,38.109860000,127.268190000,38.109779886,127.268233032,38.110016000,127.267820000,38.110030558,127.267739671
589,589,825297970984,117.806,2.000000,38.097958000,127.260254000,835.000000,1796.035603,2470.230839,674.195236,37.537966,3.420814,8.833847,8.113984,7.979601,8.921255,8.462172,8.921255,38.110607000,127.267960000,38.110607000,127.267960000,38.110886000,127.267880000,38.110957609,127.267836537,38.110725000,127.268265000,38.110697520,127.268350802,38.110340000,127.268030000,38.110330772,127.268120345,38.110493000,127.267654000,38.110562615,127.267603540
590,590,825297971171,117.993,2.000000,38.098020000,127.260310000,835.000000,1784.826637,2987.810636,1202.983999,67.400608,1.749604,10.424881,7.225928,7.397090,13.824450,9.718088,13.824450,38.110847000,127.267300000,38.110847000,127.267300000,38.111130000,127.267230000,38.111209574,127.267167246,38.110960000,127.267600000,38.110931154,127.267673905,38.110573000,127.267380000,38.110540793,127.267453870,38.110725000,127.267006000,38.110654469,127.266876091
591,591,825297971375,118.197,2.000000,38.098020000,127.260310000,835.000000,1784.826637,2987.810636,1202.983999,67.400608,1.749604,10.424881,7.225928,7.397090,13.824450,9.718088,13.824450,38.110847000,127.267300000,38.110847000,127.267300000,38.111130000,127.267230000,38.111209574,127.267167246,38.110960000,127.267600000,38.110931154,127.267673905,38.110573000,127.267380000,38.110540793,127.267453870,38.110725000,127.267006000,38.110654469,127.266876091
592,592,825297971577,118.399,2.000000,38.098150000,127.260400000,835.000000,1841.521548,5856.060984,4014.539436,218.001220,17.611592,17.535208,14.939481,34.924272,65.205823,33.151196,65.205823,38.111350000,127.266014000,38.111350000,127.266014000,38.111660000,127.265915000,38.111816324,127.265890364,38.111490000,127.266300000,38.111576628,127.266430273,38.111076000,127.266110000,38.110764034,127.266067772,38.111230000,127.265740000,38.110694812,127.265437413
593,593,825297971778,118.600,2.000000,38.098150000,127.260400000,835.000000,1841.521548,5856.060984,4014.539436,218.001220,17.611592,17.535208,14.939481,34.924272,65.205823,33.151196,65.205823,38.111350000,127.266014000,38.111350000,127.266014000,38.111660000,127.265915000,38.111816324,127.265890364,38.111490000,127.266300000,38.111576628,127.266430273,38.111076000,127.266110000,38.110764034,127.266067772,38.111230000,127.265740000,38.110694812,127.265437413
594,594,825297971981,118.803,2.000000,38.098274000,127.260500000,836.000000,2041.674174,6418.826177,4377.152004,214.390330,34.872219,7.440786,7.327359,63.768690,76.424293,38.740282,76.424293,38.112034000,127.265205000,38.112034000,127.265205000,38.112347000,127.265080000,38.112368197,127.264999432,38.112190000,127.265490000,38.112169864,127.265569648,38.111732000,127.265320000,38.111166238,127.265205874,38.111880000,127.264930000,38.111233904,127.264634970
595,595,825297972184,119.006,2.000000,38.098274000,127.260500000,836.000000,2041.674174,6418.826177,4377.152004,214.390330,34.872219,7.440786,7.327359,63.768690,76.424293,38.740282,76.424293,38.112034000,127.265205000,38.112034000,127.265205000,38.112347000,127.265080000,38.112368197,127.264999432,38.112190000,127.265490000,38.112169864,127.265569648,38.111732000,127.265320000,38.111166238,127.265205874,38.111880000,127.264930000,38.111233904,127.264634970
596,596,825297972371,119.193,2.000000,38.098340000,127.260550000,836.000000,1962.891091,2568.938240,606.047149,30.875231,2.569391,9.062795,8.924311,7.901814,7.688722,8.394410,9.062795,38.112114000,127.265770000,38.112114000,127.265770000,38.112427000,127.265656000,38.112403766,127.265556831,38.112260000,127.266050000,38.112207629,127.266127145,38.111820000,127.265880000,38.111808074,127.265968935,38.111980000,127.265490000,38.111976664,127.265402318
597,597,825297972573,119.395,2.000000,38.098465000,127.260640000,836.000000,1787.403863,1958.274700,170.870837,9.559722,0.178745,10.741720,7.479501,10.886095,7.732019,9.209834,10.886095,38.111515000,127.267070000,38.111515000,127.267070000,38.111805000,127.266980000,38.111763258,127.266869428,38.111626000,127.267360000,38.111584079,127.267426735,38.111233000,127.267150000,38.111268294,127.267265911,38.111404000,127.266785000,38.111451895,127.266721066
598,598,825297972778,119.600,2.000000,38.098465000,127.260640000,836.000000,1787.403863,1958.274700,170.870837,9.559722,0.178745,10.741720,7.479501,10.886095,7.732019,9.209834,10.886095,38.111515000,127.267070000,38.111515000,127.267070000,38.111805000,127.266980000,38.111763258,127.266869428,38.111626000,127.267360000,38.111584079,127.267426735,38.111233000,127.267150000,38.111268294,127.267265911,38.111404000,127.266785000,38.111451895,127.266721066
599,599,825297972978,119.800,2.000000,38.098595000,127.260740000,836.000000,1764.843179,2691.808771,926.965592,52.523964,3.781567,7.507487,14.124531,8.446584,6.836535,9.228784,14.124531,38.111060000,127.268470000,38.111060000,127.268470000,38.111347000,127.268410000,38.111377531,127.268333573,38.111180000,127.268780000,38.111243898,127.268919319,38.110800000,127.268540000,38.110802335,127.268636390,38.110962000,127.268170000,38.110983083,127.268096690
600,600,825297973180,120.002,2.000000,38.098660000,127.260796000,836.000000,1751.343165,2863.664159,1112.320993,63.512452,3.307140,10.013020,11.260198,7.742309,13.986085,10.750403,13.986085,38.110890000,127.269005000,38.110890000,127.269005000,38.111168000,127.268950000,38.111145298,127.268839382,38.110990000,127.269320000,38.111029421,127.269438394,38.110626000,127.269066000,38.110571732,127.269121286,38.110790000,127.268700000,38.110723145,127.268564804
601,601,825297973384,120.206,2.000000,38.098660000,127.260796000,836.000000,1751.343165,2863.664159,1112.320993,63.512452,3.307140,10.013020,11.260198,7.742309,13.986085,10.750403,13.986085,38.110890000,127.269005000,38.110890000,127.269005000,38.111168000,127.268950000,38.111145298,127.268839382,38.110990000,127.269320000,38.111029421,127.269438394,38.110626000,127.269066000,38.110571732,127.269121286,38.110790000,127.268700000,38.110723145,127.268564804
602,602,825297973572,120.394,2.000000,38.098785000,127.260895000,836.000000,1755.615117,2919.706463,1164.091346,66.306751,4.608414,8.354666,23.779879,11.167981,10.024398,13.331731,23.779879,38.111443000,127.268790000,38.111443000,127.268790000,38.111717000,127.268715000,38.111709801,127.268620053,38.111550000,127.269100000,38.111700721,127.269292397,38.111176000,127.268850000,38.111204409,127.268972288,38.111343000,127.268486000,38.111310855,127.268379090
603,603,825297973775,120.597,2.000000,38.098785000,127.260895000,836.000000,1755.615117,2919.706463,1164.091346,66.306751,4.608414,8.354666,23.779879,11.167981,10.024398,13.331731,23.779879,38.111443000,127.268790000,38.111443000,127.268790000,38.111717000,127.268715000,38.111709801,127.268620053,38.111550000,127.269100000,38.111700721,127.269292397,38.111176000,127.268850000,38.111204409,127.268972288,38.111343000,127.268486000,38.111310855,127.268379090
604,604,825297973979,120.801,2.000000,38.098915000,127.260994000,836.000000,1819.517320,3368.643111,1549.125791,85.139381,4.907313,17.961493,12.182248,7.887893,10.405646,12.109320,17.961493,38.112053000,127.267550000,38.112053000,127.267550000,38.112343000,127.267456000,38.112504167,127.267446213,38.112167000,127.267840000,38.112221675,127.267960485,38.111767000,127.267630000,38.111755486,127.267718861,38.111942000,127.267260000,38.111897296,127.267155663
605,605,825297974184,121.006,2.000000,38.098980000,127.261040000,836.000000,1830.478929,3019.358261,1188.879332,64.949086,1.644917,7.576519,14.320462,10.479973,8.277805,10.163690,14.320462,38.112343000,127.266890000,38.112343000,127.266890000,38.112640000,127.266790000,38.112658956,127.266706919,38.112470000,127.267180000,38.112553262,127.267304635,38.112057000,127.266990000,38.111970842,127.267038226,38.112225000,127.266620000,38.112267282,127.266542255
606,606,825297974373,121.195,2.000000,38.098980000,127.261040000,836.000000,1830.478929,3019.358261,1188.879332,64.949086,1.644917,7.576519,14.320462,10.479973,8.277805,10.163690,14.320462,38.112343000,127.266890000,38.112343000,127.266890000,38.112640000,127.266790000,38.112658956,127.266706919,38.112470000,127.267180000,38.112553262,127.267304635,38.112057000,127.266990000,38.111970842,127.267038226,38.112225000,127.266620000,38.112267282,127.266542255
607,607,825297974577,121.399,2.000000,38.099100000,127.261130000,836.000000,1978.318463,3201.696937,1223.378475,61.839309,2.171741,8.550434,11.419910,7.241079,8.285365,8.874197,11.419910,38.113094000,127.266210000,38.113094000,127.266210000,38.113420000,127.266090000,38.113476355,127.266023666,38.113224000,127.266490000,38.113278320,127.266600607,38.112793000,127.266330000,38.112766313,127.266405396,38.112970000,127.265940000,38.112961382,127.265846039
608,608,825297974781,121.603,2.000000,38.099100000,127.261130000,836.000000,1978.318463,3201.696937,1223.378475,61.839309,2.171741,8.550434,11.419910,7.241079,8.285365,8.874197,11.419910,38.113094000,127.266210000,38.113094000,127.266210000,38.113420000,127.266090000,38.113476355,127.266023666,38.113224000,127.266490000,38.113278320,127.266600607,38.112793000,127.266330000,38.112766313,127.266405396,38.112970000,127.265940000,38.112961382,127.265846039
609,609,825297974981,121.803,2.000000,38.099228000,127.261230000,835.000000,1841.889432,3239.153893,1397.264461,75.860388,3.894146,7.727484,8.417648,12.182876,13.050806,10.344703,13.050806,38.112614000,127.267456000,38.112614000,127.267456000,38.112920000,127.267365000,38.112954205,127.267288227,38.112732000,127.267746000,38.112743259,127.267841036,38.112328000,127.267555000,38.112221748,127.267588332,38.112507000,127.267180000,38.112439120,127.267058511
610,610,825297975181,122.003,2.000000,38.099228000,127.261230000,835.000000,1841.889432,3239.153893,1397.264461,75.860388,3.894146,7.727484,8.417648,12.182876,13.050806,10.344703,13.050806,38.112614000,127.267456000,38.112614000,127.267456000,38.112920000,127.267365000,38.112954205,127.267288227,38.112732000,127.267746000,38.112743259,127.267841036,38.112328000,127.267555000,38.112221748,127.267588332,38.112507000,127.267180000,38.112439120,127.267058511
611,611,825297975383,122.205,2.000000,38.099293000,127.261284000,835.000000,1829.494497,3463.862612,1634.368115,89.334410,1.046179,12.554431,12.322498,12.145377,9.198636,11.555235,12.554431,38.112330000,127.268120000,38.112330000,127.268120000,38.112614000,127.268030000,38.112723811,127.267997334,38.112453000,127.268420000,38.112508330,127.268541853,38.112053000,127.268196000,38.111948765,127.268236964,38.112220000,127.267820000,38.112184320,127.267725271
612,612,825297975571,122.393,2.000000,38.099422000,127.261380000,835.000000,1787.930601,2807.738559,1019.807957,57.038453,4.669064,7.847219,7.399690,7.423462,18.518183,10.297139,18.518183,38.111904000,127.269470000,38.111904000,127.269470000,38.112170000,127.269400000,38.112179745,127.269311267,38.112022000,127.269790000,38.111987181,127.269861966,38.111630000,127.269530000,38.111612946,127.269611937,38.111797000,127.269165000,38.111689313,127.269003852
613,613,825297975775,122.597,2.000000,38.099422000,127.261380000,835.000000,1787.930601,2807.738559,1019.807957,57.038453,4.669064,7.847219,7.399690,7.423462,18.518183,10.297139,18.518183,38.111904000,127.269470000,38.111904000,127.269470000,38.112170000,127.269400000,38.112179745,127.269311267,38.112022000,127.269790000,38.111987181,127.269861966,38.111630000,127.269530000,38.111612946,127.269611937,38.111797000,127.269165000,38.111689313,127.269003852
614,614,825297975975,122.797,2.000000,38.099550000,127.261480000,835.000000,1982.681469,3431.007804,1448.326335,73.048866,7.262313,13.752053,17.240943,7.858997,7.352276,11.551067,17.240943,38.112200000,127.270226000,38.112200000,127.270226000,38.112500000,127.270180000,38.112623023,127.270165699,38.112335000,127.270570000,38.112421820,127.270733009,38.111930000,127.270280000,38.111904409,127.270363626,38.112087000,127.269900000,38.112128291,127.269834484
615,615,825297976182,123.004,2.000000,38.099550000,127.261480000,835.000000,1982.681469,3431.007804,1448.326335,73.048866,7.262313,13.752053,17.240943,7.858997,7.352276,11.551067,17.240943,38.112200000,127.270226000,38.112200000,127.270226000,38.112500000,127.270180000,38.112623023,127.270165699,38.112335000,127.270570000,38.112421820,127.270733009,38.111930000,127.270280000,38.111904409,127.270363626,38.112087000,127.269900000,38.112128291,127.269834484
616,616,825297976385,123.207,2.000000,38.099678000,127.261580000,835.000000,1858.599750,4099.028024,2240.428274,120.543881,0.404606,14.467682,17.756520,13.500216,19.436199,16.290154,19.436199,38.112663000,127.268845000,38.112663000,127.268845000,38.112953000,127.268770000,38.113081403,127.268744467,38.112797000,127.269160000,38.112901346,127.269313336,38.112392000,127.268930000,38.112271504,127.268947433,38.112553000,127.268550000,38.112429242,127.268393466
617,617,825297976572,123.394,2.000000,38.099678000,127.261580000,835.000000,1858.599750,4099.028024,2240.428274,120.543881,0.404606,14.467682,17.756520,13.500216,19.436199,16.290154,19.436199,38.112663000,127.268845000,38.112663000,127.268845000,38.112953000,127.268770000,38.113081403,127.268744467,38.112797000,127.269160000,38.112901346,127.269313336,38.112392000,127.268930000,38.112271504,127.268947433,38.112553000,127.268550000,38.112429242,127.268393466
618,618,825297976775,123.597,2.000000,38.099743000,127.261635000,834.000000,1847.408825,4077.887147,2230.478321,120.735502,0.504259,16.192738,15.698508,14.959678,17.703567,16.138623,17.703567,38.112965000,127.268166000,38.112965000,127.268166000,38.113262000,127.268074000,38.113406691,127.268054997,38.113100000,127.268460000,38.113185214,127.268602813,38.112694000,127.268260000,38.112560682,127.268281479,38.112846000,127.267876000,38.112731686,127.267735477
619,619,825297976978,123.800,2.000000,38.099873000,127.261734000,834.000000,1868.656030,4282.866384,2414.210354,129.195010,5.459592,17.228870,27.975015,10.682255,14.867871,17.688503,27.975015,38.113650000,127.266860000,38.113650000,127.266860000,38.113956000,127.266740000,38.114108620,127.266707333,38.113777000,127.267136000,38.113988020,127.267309453,38.113358000,127.266970000,38.113274406,127.267029890,38.113530000,127.266590000,38.113435603,127.266469910
620,620,825297977178,124.000,2.000000,38.099873000,127.261734000,834.000000,1868.656030,4282.866384,2414.210354,129.195010,5.459592,17.228870,27.975015,10.682255,14.867871,17.688503,27.975015,38.113650000,127.266860000,38.113650000,127.266860000,38.113956000,127.266740000,38.114108620,127.266707333,38.113777000,127.267136000,38.113988020,127.267309453,38.113358000,127.266970000,38.113274406,127.267029890,38.113530000,127.266590000,38.113435603,127.266469910
621,621,825297977382,124.204,2.000000,38.100002000,127.261840000,834.000000,1894.800518,4039.064548,2144.264030,113.165687,4.021754,9.838728,14.734748,14.729467,22.682167,15.496278,22.682167,38.113457000,127.268060000,38.113457000,127.268060000,38.113754000,127.267970000,38.113824692,127.267902575,38.113590000,127.268360000,38.113675260,127.268488685,38.113163000,127.268150000,38.113032606,127.268178566,38.113335000,127.267780000,38.113177160,127.267616227
622,622,825297977586,124.408,2.000000,38.100002000,127.261840000,834.000000,1894.800518,4039.064548,2144.264030,113.165687,4.021754,9.838728,14.734748,14.729467,22.682167,15.496278,22.682167,38.113457000,127.268060000,38.113457000,127.268060000,38.113754000,127.267970000,38.113824692,127.267902575,38.113590000,127.268360000,38.113675260,127.268488685,38.113163000,127.268150000,38.113032606,127.268178566,38.113335000,127.267780000,38.113177160,127.267616227
623,623,825297977774,124.596,2.000000,38.100132000,127.261940000,833.000000,1855.716504,3661.389568,1805.673064,97.303282,2.986890,9.921142,11.295207,13.566350,16.835311,12.904503,16.835311,38.112938000,127.269350000,38.112938000,127.269350000,38.113228000,127.269280000,38.113308492,127.269231369,38.113075000,127.269670000,38.113117549,127.269787075,38.112675000,127.269430000,38.112554054,127.269449020,38.112823000,127.269050000,38.112723505,127.268905239
624,624,825297977978,124.800,2.000000,38.100197000,127.261990000,833.000000,1909.640354,3844.485072,1934.844718,101.319849,1.790583,15.471368,15.016768,14.341596,9.674744,13.626119,15.471368,38.112694000,127.270110000,38.112694000,127.270110000,38.112980000,127.270060000,38.113118477,127.270044961,38.112820000,127.270440000,38.112895801,127.270581824,38.112420000,127.270170000,38.112291235,127.270175291,38.112568000,127.269790000,38.112543460,127.269684035
625,625,825297978181,125.003,2.000000,38.100197000,127.261990000,833.000000,1909.640354,3844.485072,1934.844718,101.319849,1.790583,15.471368,15.016768,14.341596,9.674744,13.626119,15.471368,38.112694000,127.270110000,38.112694000,127.270110000,38.112980000,127.270060000,38.113118477,127.270044961,38.112820000,127.270440000,38.112895801,127.270581824,38.112420000,127.270170000,38.112291235,127.270175291,38.112568000,127.269790000,38.112543460,127.269684035
626,626,825297978384,125.206,2.000000,38.100327000,127.262090000,833.000000,2073.071328,4002.977355,1929.906027,93.094049,1.167062,18.094573,10.262745,11.957329,11.643353,12.989500,18.094573,38.112830000,127.271255000,38.112830000,127.271255000,38.113113000,127.271210000,38.113275254,127.271222377,38.112960000,127.271610000,38.112981759,127.271723863,38.112540000,127.271290000,38.112433650,127.271309175,38.112694000,127.270905000,38.112654397,127.270781961
627,627,825297978573,125.395,2.000000,38.100327000,127.262090000,833.000000,2073.071328,4002.977355,1929.906027,93.094049,1.167062,18.094573,10.262745,11.957329,11.643353,12.989500,18.094573,38.112830000,127.271255000,38.112830000,127.271255000,38.113113000,127.271210000,38.113275254,127.271222377,38.112960000,127.271610000,38.112981759,127.271723863,38.112540000,127.271290000,38.112433650,127.271309175,38.112694000,127.270905000,38.112654397,127.270781961
628,628,825297978778,125.600,2.000000,38.100460000,127.262190000,832.000000,1876.252755,3611.981587,1735.728832,92.510395,0.167325,9.818413,14.628065,13.470431,10.647250,12.141040,14.628065,38.113210000,127.269910000,38.113210000,127.269910000,38.113495000,127.269844000,38.113573960,127.269794049,38.113342000,127.270230000,38.113413095,127.270370460,38.112940000,127.269980000,38.112819850,127.269998269,38.113083000,127.269600000,38.113048213,127.269486761
629,629,825297978981,125.803,2.000000,38.100460000,127.262190000,832.000000,1876.252755,3611.981587,1735.728832,92.510395,0.167325,9.818413,14.628065,13.470431,10.647250,12.141040,14.628065,38.113210000,127.269910000,38.113210000,127.269910000,38.113495000,127.269844000,38.113573960,127.269794049,38.113342000,127.270230000,38.113413095,127.270370460,38.112940000,127.269980000,38.112819850,127.269998269,38.113083000,127.269600000,38.113048213,127.269486761
630,630,825297979183,126.005,2.000000,38.100525000,127.262245000,832.000000,1893.190588,3749.194675,1856.004086,98.035776,2.426155,17.630262,13.002701,8.915981,13.124203,13.168287,17.630262,38.113503000,127.269240000,38.113503000,127.269240000,38.113785000,127.269160000,38.113942986,127.269145888,38.113632000,127.269550000,38.113696285,127.269673952,38.113220000,127.269320000,38.113149315,127.269367872,38.113373000,127.268936000,38.113303741,127.268814737
631,631,825297979386,126.208,2.000000,38.100655000,127.262350000,831.000000,1893.200343,3335.955156,1442.754812,76.207192,0.251111,9.582031,11.095313,8.038496,11.831977,10.136954,11.831977,38.114067000,127.267900000,38.114067000,127.267900000,38.114384000,127.267810000,38.114449137,127.267738479,38.114210000,127.268190000,38.114260874,127.268298937,38.113780000,127.268005000,38.113727559,127.268068095,38.113953000,127.267630000,38.113892665,127.267518782
632,632,825297979574,126.396,2.000000,38.100655000,127.262350000,831.000000,1893.200343,3335.955156,1442.754812,76.207192,0.251111,9.582031,11.095313,8.038496,11.831977,10.136954,11.831977,38.114067000,127.267900000,38.114067000,127.267900000,38.114384000,127.267810000,38.114449137,127.267738479,38.114210000,127.268190000,38.114260874,127.268298937,38.113780000,127.268005000,38.113727559,127.268068095,38.113953000,127.267630000,38.113892665,127.267518782
633,633,825297979778,126.600,2.000000,38.100784000,127.262450000,831.000000,1979.455069,4200.391701,2220.936632,112.199396,4.432780,15.176787,24.570723,8.468876,15.772217,15.997151,24.570723,38.114326000,127.268500000,38.114326000,127.268500000,38.114628000,127.268400000,38.114761805,127.268366770,38.114460000,127.268800000,38.114636938,127.268967712,38.114033000,127.268600000,38.113971545,127.268656997,38.114185000,127.268210000,38.114087694,127.268079106
634,634,825297979981,126.803,2.000000,38.100784000,127.262450000,831.000000,1979.455069,4200.391701,2220.936632,112.199396,4.432780,15.176787,24.570723,8.468876,15.772217,15.997151,24.570723,38.114326000,127.268500000,38.114326000,127.268500000,38.114628000,127.268400000,38.114761805,127.268366770,38.114460000,127.268800000,38.114636938,127.268967712,38.114033000,127.268600000,38.113971545,127.268656997,38.114185000,127.268210000,38.114087694,127.268079106
635,635,825297980185,127.007,2.000000,38.100914000,127.262550000,830.000000,1914.447902,3764.829856,1850.381954,96.653555,1.083121,14.841178,12.908716,11.333248,12.364937,12.862020,14.841178,38.113780000,127.269850000,38.113780000,127.269850000,38.114063000,127.269770000,38.114195636,127.269752844,38.113920000,127.270164000,38.113975610,127.270293332,38.113500000,127.269920000,38.113402167,127.269955808,38.113644000,127.269540000,38.113585820,127.269419738
636,636,825297980374,127.196,2.000000,38.100980000,127.262600000,830.000000,1917.535061,3636.818600,1719.283539,89.661127,0.371333,10.199427,13.597040,10.872031,12.719168,11.846917,13.597040,38.113544000,127.270540000,38.113544000,127.270540000,38.113830000,127.270485000,38.113913122,127.270436013,38.113690000,127.270874000,38.113750359,127.271008965,38.113277000,127.270610000,38.113181671,127.270636989,38.113410000,127.270226000,38.113357574,127.270096968
637,637,825297980577,127.399,2.000000,38.100980000,127.262600000,830.000000,1917.535061,3636.818600,1719.283539,89.661127,0.371333,10.199427,13.597040,10.872031,12.719168,11.846917,13.597040,38.113544000,127.270540000,38.113544000,127.270540000,38.113830000,127.270485000,38.113913122,127.270436013,38.113690000,127.270874000,38.113750359,127.271008965,38.113277000,127.270610000,38.113181671,127.270636989,38.113410000,127.270226000,38.113357574,127.270096968
638,638,825297980779,127.601,2.000000,38.101110000,127.262700000,829.000000,2038.810016,3922.669950,1883.859933,92.399974,3.888966,21.452701,10.792906,11.176753,8.662069,13.021107,21.452701,38.113346000,127.271940000,38.113346000,127.271940000,38.113632000,127.271904000,38.113822416,127.271941707,38.113483000,127.272300000,38.113508527,127.272418880,38.113060000,127.271970000,38.112961155,127.271992390,38.113213000,127.271600000,38.113220453,127.271501556
639,639,825297980980,127.802,2.000000,38.101110000,127.262700000,829.000000,2038.810016,3922.669950,1883.859933,92.399974,3.888966,21.452701,10.792906,11.176753,8.662069,13.021107,21.452701,38.113346000,127.271940000,38.113346000,127.271940000,38.113632000,127.271904000,38.113822416,127.271941707,38.113483000,127.272300000,38.113508527,127.272418880,38.113060000,127.271970000,38.112961155,127.271992390,38.113213000,127.271600000,38.113220453,127.271501556
640,640,825297981184,128.006,2.000000,38.101240000,127.262810000,829.000000,1965.233586,3806.182727,1840.949141,93.675844,1.040982,11.828919,15.323612,10.623840,12.813512,12.647471,15.323612,38.113834000,127.271100000,38.113834000,127.271100000,38.114110000,127.271040000,38.114212862,127.271006113,38.113970000,127.271440000,38.114047047,127.271584985,38.113556000,127.271164000,38.113462269,127.271186820,38.113690000,127.270775000,38.113641211,127.270642493
641,641,825297981373,128.195,2.000000,38.101240000,127.262810000,829.000000,1965.233586,3806.182727,1840.949141,93.675844,1.040982,11.828919,15.323612,10.623840,12.813512,12.647471,15.323612,38.113834000,127.271100000,38.113834000,127.271100000,38.114110000,127.271040000,38.114212862,127.271006113,38.113970000,127.271440000,38.114047047,127.271584985,38.113556000,127.271164000,38.113462269,127.271186820,38.113690000,127.270775000,38.113641211,127.270642493
642,642,825297981576,128.398,2.000000,38.101368000,127.262910000,828.000000,1862.429789,3409.894590,1547.464801,83.088491,0.648703,10.625142,12.009278,11.835568,8.783095,10.813271,12.009278,38.114260000,127.269700000,38.114260000,127.269700000,38.114548000,127.269620000,38.114635783,127.269572369,38.114390000,127.270004000,38.114444394,127.270122412,38.113987000,127.269780000,38.113884523,127.269816008,38.114120000,127.269400000,38.114102507,127.269302214
643,643,825297981780,128.602,2.000000,38.101430000,127.262960000,828.000000,1904.415737,3639.853737,1735.437999,91.127056,0.744118,12.984523,10.496338,8.935348,16.778993,12.298800,16.778993,38.114510000,127.269104000,38.114510000,127.269104000,38.114800000,127.269010000,38.114912713,127.268971848,38.114643000,127.269400000,38.114686149,127.269506559,38.114220000,127.269196000,38.114149035,127.269243674,38.114370000,127.268814000,38.114262571,127.268679622
644,644,825297981984,128.806,2.000000,38.101430000,127.262960000,828.000000,1904.415737,3639.853737,1735.437999,91.127056,0.744118,12.984523,10.496338,8.935348,16.778993,12.298800,16.778993,38.114510000,127.269104000,38.114510000,127.269104000,38.114800000,127.269010000,38.114912713,127.268971848,38.114643000,127.269400000,38.114686149,127.269506559,38.114220000,127.269196000,38.114149035,127.269243674,38.114370000,127.268814000,38.114262571,127.268679622
645,645,825297982172,128.994,2.000000,38.101560000,127.263060000,827.000000,1979.848643,3975.940867,1996.092224,100.820446,0.202578,13.916584,14.203868,10.761839,15.841917,13.681052,15.841917,38.115093000,127.269000000,38.115093000,127.269000000,38.115387000,127.268900000,38.115507050,127.268855666,38.115246000,127.269295000,38.115321511,127.269425728,38.114796000,127.269100000,38.114705466,127.269143097,38.114944000,127.268710000,38.114846113,127.268578707
646,646,825297982374,129.196,2.000000,38.101560000,127.263060000,827.000000,1979.848643,3975.940867,1996.092224,100.820446,0.202578,13.916584,14.203868,10.761839,15.841917,13.681052,15.841917,38.115093000,127.269000000,38.115093000,127.269000000,38.115387000,127.268900000,38.115507050,127.268855666,38.115246000,127.269295000,38.115321511,127.269425728,38.114796000,127.269100000,38.114705466,127.269143097,38.114944000,127.268710000,38.114846113,127.268578707
647,647,825297982577,129.399,2.000000,38.101690000,127.263170000,827.000000,1919.781135,3510.768547,1590.987412,82.873375,1.062581,12.960835,10.891245,9.488245,10.502565,10.960722,12.960835,38.114520000,127.270386000,38.114520000,127.270386000,38.114807000,127.270310000,38.114921164,127.270280950,38.114666000,127.270700000,38.114699443,127.270816862,38.114250000,127.270460000,38.114174744,127.270510864,38.114380000,127.270070000,38.114335869,127.269964013
648,648,825297982780,129.602,2.000000,38.101690000,127.263170000,827.000000,1919.781135,3510.768547,1590.987412,82.873375,1.062581,12.960835,10.891245,9.488245,10.502565,10.960722,12.960835,38.114520000,127.270386000,38.114520000,127.270386000,38.114807000,127.270310000,38.114921164,127.270280950,38.114666000,127.270700000,38.114699443,127.270816862,38.114250000,127.270460000,38.114174744,127.270510864,38.114380000,127.270070000,38.114335869,127.269964013
649,649,825297982983,129.805,2.000000,38.101753000,127.263214000,826.000000,1942.649964,3430.967404,1488.317440,76.612744,0.950442,9.038015,13.428333,9.161860,9.500975,10.282296,13.428333,38.114310000,127.271000000,38.114310000,127.271000000,38.114597000,127.270940000,38.114666696,127.270887070,38.114450000,127.271330000,38.114512558,127.271461091,38.114037000,127.271065000,38.113961828,127.271107591,38.114174000,127.270680000,38.114148227,127.270576586
650,650,825297983185,130.007,2.000000,38.101883000,127.263320000,826.000000,1996.723496,3620.094397,1623.370902,81.301738,3.259207,10.351114,7.796980,18.851035,9.030437,11.507392,18.851035,38.113914000,127.272440000,38.113914000,127.272440000,38.114197000,127.272400000,38.114287368,127.272372154,38.114050000,127.272800000,38.114042936,127.272888568,38.113647000,127.272484000,38.113480019,127.272448187,38.113790000,127.272095000,38.113772929,127.271994204
651,651,825297983373,130.195,2.000000,38.101883000,127.263320000,826.000000,1996.723496,3620.094397,1623.370902,81.301738,3.259207,10.351114,7.796980,18.851035,9.030437,11.507392,18.851035,38.113914000,127.272440000,38.113914000,127.272440000,38.114197000,127.272400000,38.114287368,127.272372154,38.114050000,127.272800000,38.114042936,127.272888568,38.113647000,127.272484000,38.113480019,127.272448187,38.113790000,127.272095000,38.113772929,127.271994204
652,652,825297983577,130.399,2.000000,38.102013000,127.263420000,825.000000,2023.643836,3454.622183,1430.978347,70.712955,0.691005,14.066246,7.943307,11.672650,7.232451,10.228663,14.066246,38.114407000,127.272280000,38.114407000,127.272280000,38.114693000,127.272230000,38.114819266,127.272223819,38.114550000,127.272630000,38.114529246,127.272716773,38.114136000,127.272330000,38.114032358,127.272350227,38.114270000,127.271935000,38.114286663,127.271855185
653,653,825297983782,130.604,2.000000,38.102077000,127.263470000,825.000000,1971.403000,3534.967196,1563.564195,79.312256,0.775693,8.968416,14.265837,7.548738,12.929434,10.928106,14.265837,38.114640000,127.271416000,38.114640000,127.271416000,38.114925000,127.271360000,38.114991363,127.271301941,38.114796000,127.271760000,38.114865279,127.271897030,38.114365000,127.271480000,38.114313288,127.271535755,38.114506000,127.271100000,38.114449581,127.270970963
654,654,825297983986,130.808,2.000000,38.102077000,127.263470000,825.000000,1971.403000,3534.967196,1563.564195,79.312256,0.775693,8.968416,14.265837,7.548738,12.929434,10.928106,14.265837,38.114640000,127.271416000,38.114640000,127.271416000,38.114925000,127.271360000,38.114991363,127.271301941,38.114796000,127.271760000,38.114865279,127.271897030,38.114365000,127.271480000,38.114313288,127.271535755,38.114506000,127.271100000,38.114449581,127.270970963
655,655,825297984175,130.997,2.000000,38.102207000,127.263570000,824.000000,1856.295048,3844.519352,1988.224304,107.107128,1.220030,13.357553,13.821077,15.314647,14.749949,14.310807,15.314647,38.115110000,127.270040000,38.115110000,127.270040000,38.115390000,127.269960000,38.115504921,127.269916129,38.115260000,127.270350000,38.115335645,127.270475133,38.114838000,127.270134000,38.114700629,127.270143499,38.114975000,127.269750000,38.114890305,127.269620486
656,656,825297984378,131.200,2.000000,38.102207000,127.263570000,824.000000,1856.295048,3844.519352,1988.224304,107.107128,1.220030,13.357553,13.821077,15.314647,14.749949,14.310807,15.314647,38.115110000,127.270040000,38.115110000,127.270040000,38.115390000,127.269960000,38.115504921,127.269916129,38.115260000,127.270350000,38.115335645,127.270475133,38.114838000,127.270134000,38.114700629,127.270143499,38.114975000,127.269750000,38.114890305,127.269620486
657,657,825297984581,131.403,2.000000,38.102337000,127.263670000,823.000000,1958.697835,3666.013759,1707.315924,87.165866,0.179906,11.570320,11.921647,13.521080,9.747549,11.690149,13.521080,38.115776000,127.269660000,38.115776000,127.269660000,38.116070000,127.269560000,38.116166098,127.269509665,38.115925000,127.269960000,38.115981842,127.270075364,38.115490000,127.269760000,38.115371001,127.269790930,38.115627000,127.269370000,38.115595215,127.269266295
658,658,825297984784,131.606,2.000000,38.102337000,127.263670000,823.000000,1958.697835,3666.013759,1707.315924,87.165866,0.179906,11.570320,11.921647,13.521080,9.747549,11.690149,13.521080,38.115776000,127.269660000,38.115776000,127.269660000,38.116070000,127.269560000,38.116166098,127.269509665,38.115925000,127.269960000,38.115981842,127.270075364,38.115490000,127.269760000,38.115371001,127.269790930,38.115627000,127.269370000,38.115595215,127.269266295
659,659,825297984972,131.794,2.000000,38.102467000,127.263780000,822.000000,1938.968430,3943.666147,2004.697717,103.389910,0.181862,17.212110,11.903038,15.663838,12.146408,14.231348,17.212110,38.115265000,127.271010000,38.115265000,127.271010000,38.115550000,127.270935000,38.115704500,127.270927292,38.115414000,127.271330000,38.115462327,127.271451233,38.114990000,127.271090000,38.114849296,127.271091739,38.115124000,127.270700000,38.115067770,127.270581149
660,660,825297985178,132.000,2.000000,38.102467000,127.263780000,822.000000,1938.968430,3943.666147,2004.697717,103.389910,0.181862,17.212110,11.903038,15.663838,12.146408,14.231348,17.212110,38.115265000,127.271010000,38.115265000,127.271010000,38.115550000,127.270935000,38.115704500,127.270927292,38.115414000,127.271330000,38.115462327,127.271451233,38.114990000,127.271090000,38.114849296,127.271091739,38.115124000,127.270700000,38.115067770,127.270581149
661,661,825297985383,132.205,2.000000,38.102520000,127.263820000,822.000000,1917.446641,3706.744592,1789.297951,93.316701,1.381874,13.576686,13.782005,8.683739,14.093471,12.533975,14.093471,38.115055000,127.271706000,38.115055000,127.271706000,38.115330000,127.271640000,38.115450849,127.271619106,38.115200000,127.272040000,38.115264471,127.272174339,38.114788000,127.271774000,38.114718427,127.271818841,38.114914000,127.271385000,38.114844152,127.271250790
662,662,825297985572,132.394,2.000000,38.102650000,127.263920000,821.000000,1922.654084,3587.876736,1665.222653,86.610622,2.869595,16.466250,11.424643,9.281455,9.186815,11.589791,16.466250,38.114643000,127.273130000,38.114643000,127.273130000,38.114914000,127.273090000,38.115061750,127.273098986,38.114777000,127.273490000,38.114812293,127.273612487,38.114384000,127.273180000,38.114304034,127.273209998,38.114517000,127.272790000,38.114506615,127.272685942
663,663,825297985775,132.597,2.000000,38.102650000,127.263920000,821.000000,1922.654084,3587.876736,1665.222653,86.610622,2.869595,16.466250,11.424643,9.281455,9.186815,11.589791,16.466250,38.114643000,127.273130000,38.114643000,127.273130000,38.114914000,127.273090000,38.115061750,127.273098986,38.114777000,127.273490000,38.114812293,127.273612487,38.114384000,127.273180000,38.114304034,127.273209998,38.114517000,127.272790000,38.114506615,127.272685942
664,664,825297985978,132.800,2.000000,38.102780000,127.264020000,821.000000,2047.438684,4158.494565,2111.055881,103.107160,3.024644,16.924197,17.508941,14.558466,9.349391,14.585249,17.508941,38.115086000,127.273254000,38.115086000,127.273254000,38.115360000,127.273210000,38.115511926,127.273217226,38.115220000,127.273610000,38.115306495,127.273776970,38.114800000,127.273290000,38.114669329,127.273283198,38.114940000,127.272900000,38.114929580,127.272794076
665,665,825297986181,133.003,2.000000,38.102780000,127.264020000,821.000000,2047.438684,4158.494565,2111.055881,103.107160,3.024644,16.924197,17.508941,14.558466,9.349391,14.585249,17.508941,38.115086000,127.273254000,38.115086000,127.273254000,38.115360000,127.273210000,38.115511926,127.273217226,38.115220000,127.273610000,38.115306495,127.273776970,38.114800000,127.273290000,38.114669329,127.273283198,38.114940000,127.272900000,38.114929580,127.272794076
666,666,825297986386,133.208,2.000000,38.103035000,127.264230000,819.000000,1885.843696,3620.924021,1735.080325,92.005521,0.555350,10.755745,14.788247,10.960939,12.074390,12.144831,14.788247,38.115970000,127.270480000,38.115970000,127.270480000,38.116250000,127.270386000,38.116339502,127.270339735,38.116127000,127.270780000,38.116207445,127.270914372,38.115700000,127.270570000,38.115607291,127.270612159,38.115818000,127.270180000,38.115754100,127.270068600
667,667,825297986574,133.396,2.000000,38.103035000,127.264230000,819.000000,1885.843696,3620.924021,1735.080325,92.005521,0.555350,10.755745,14.788247,10.960939,12.074390,12.144831,14.788247,38.115970000,127.270480000,38.115970000,127.270480000,38.116250000,127.270386000,38.116339502,127.270339735,38.116127000,127.270780000,38.116207445,127.270914372,38.115700000,127.270570000,38.115607291,127.270612159,38.115818000,127.270180000,38.115754100,127.270068600
668,668,825297986778,133.600,2.000000,38.103100000,127.264275000,819.000000,1940.149735,3725.783632,1785.633897,92.035881,1.025169,11.489435,15.084892,10.159848,12.624866,12.339760,15.084892,38.116306000,127.270294000,38.116306000,127.270294000,38.116596000,127.270200000,38.116691108,127.270149048,38.116467000,127.270600000,38.116556541,127.270729279,38.116028000,127.270390000,38.115945011,127.270438276,38.116154000,127.270004000,38.116088501,127.269886321
669,669,825297986983,133.805,2.000000,38.103165000,127.264330000,819.000000,1996.509149,3780.104639,1783.595490,89.335703,3.953981,8.459310,10.871632,14.177196,16.339680,12.461954,16.339680,38.116405000,127.270790000,38.116405000,127.270790000,38.116695000,127.270700000,38.116749789,127.270633070,38.116566000,127.271100000,38.116605396,127.271213584,38.116123000,127.270880000,38.115997095,127.270904367,38.116245000,127.270485000,38.116143955,127.270349679
670,670,825297987171,133.993,2.000000,38.103230000,127.264380000,818.000000,1971.646516,3642.302348,1670.655832,84.734044,5.368952,21.635410,10.703018,10.120178,7.003690,12.365574,21.635410,38.116093000,127.271600000,38.116093000,127.271600000,38.116383000,127.271530000,38.116577209,127.271539560,38.116253000,127.271930000,38.116292087,127.272041652,38.115826000,127.271680000,38.115740921,127.271720720,38.115948000,127.271286000,38.115978593,127.271216124
671,671,825297987375,134.197,2.000000,38.103360000,127.264480000,818.000000,1943.100365,3855.485425,1912.385059,98.419263,2.625043,16.628802,14.415446,12.297970,9.716864,13.264771,16.628802,38.115704000,127.273020000,38.115704000,127.273020000,38.115970000,127.272960000,38.116119359,127.272963134,38.115840000,127.273360000,38.115904113,127.273503005,38.115425000,127.273060000,38.115315940,127.273082401,38.115560000,127.272680000,38.115536460,127.272573165
672,672,825297987577,134.399,2.000000,38.103360000,127.264480000,818.000000,1943.100365,3855.485425,1912.385059,98.419263,2.625043,16.628802,14.415446,12.297970,9.716864,13.264771,16.628802,38.115704000,127.273020000,38.115704000,127.273020000,38.115970000,127.272960000,38.116119359,127.272963134,38.115840000,127.273360000,38.115904113,127.273503005,38.115425000,127.273060000,38.115315940,127.273082401,38.115560000,127.272680000,38.115536460,127.272573165
673,673,825297987782,134.604,2.000000,38.103424000,127.264534000,817.000000,1920.364728,3727.604299,1807.239571,94.109184,2.953977,13.307496,8.120596,16.722376,13.307016,12.864371,16.722376,38.115500000,127.273660000,38.115500000,127.273660000,38.115780000,127.273620000,38.115899313,127.273610577,38.115627000,127.274010000,38.115622153,127.274102514,38.115240000,127.273705000,38.115090384,127.273687905,38.115376000,127.273320000,38.115319395,127.273186177
674,674,825297987983,134.805,2.000000,38.103490000,127.264580000,817.000000,1966.848729,3645.402500,1678.553771,85.342291,1.580332,13.365462,12.410247,14.993390,7.004251,11.943338,14.993390,38.115406000,127.274410000,38.115406000,127.274410000,38.115680000,127.274370000,38.115800050,127.274372349,38.115524000,127.274765000,38.115559007,127.274899530,38.115135000,127.274440000,38.115000841,127.274424847,38.115288000,127.274055000,38.115310251,127.273980195
675,675,825297988176,134.998,2.000000,38.103554000,127.264630000,817.000000,2061.120824,4217.452850,2156.332026,104.619390,4.168103,19.956875,17.350283,14.981865,7.928965,15.054497,19.956875,38.115660000,127.274445000,38.115660000,127.274445000,38.115955000,127.274420000,38.116131367,127.274460879,38.115790000,127.274810000,38.115869043,127.274980737,38.115390000,127.274475000,38.115255540,127.274467645,38.115540000,127.274086000,38.115539150,127.273995475
676,676,825297988374,135.196,2.000000,38.103620000,127.264690000,816.000000,1961.892915,3813.281466,1851.388551,94.367462,1.571009,19.065902,9.556922,11.532894,11.005538,12.790314,19.065902,38.115880000,127.273730000,38.115880000,127.273730000,38.116160000,127.273690000,38.116330583,127.273709505,38.116020000,127.274086000,38.116032909,127.274193879,38.115604000,127.273770000,38.115501545,127.273789542,38.115757000,127.273400000,38.115728374,127.273279723
677,677,825297988576,135.398,2.000000,38.103683000,127.264730000,816.000000,1931.585333,3747.248798,1815.663465,93.998615,1.221588,10.160146,13.626134,14.587204,12.382387,12.688968,14.587204,38.116100000,127.273026000,38.116100000,127.273026000,38.116383000,127.272970000,38.116469550,127.272933177,38.116240000,127.273360000,38.116296303,127.273498146,38.115833000,127.273090000,38.115701976,127.273087441,38.115963000,127.272700000,38.115912987,127.272573716
678,678,825297988780,135.602,2.000000,38.103750000,127.264786000,816.000000,1883.758469,3866.988386,1983.229917,105.280478,1.589243,17.120850,14.351099,10.376178,15.271178,14.279826,17.120850,38.116302000,127.272330000,38.116302000,127.272330000,38.116580000,127.272260000,38.116733793,127.272258230,38.116450000,127.272660000,38.116523789,127.272794364,38.116043000,127.272410000,38.115952550,127.272438620,38.116165000,127.272020000,38.116082252,127.271880927
679,679,825297988982,135.804,2.000000,38.103810000,127.264840000,815.000000,1885.629034,3847.579093,1961.950059,104.047510,0.897508,17.378868,12.355057,19.468932,8.318010,14.380217,19.468932,38.116543000,127.271650000,38.116543000,127.271650000,38.116825000,127.271570000,38.116980932,127.271560329,38.116690000,127.271965000,38.116750213,127.272083504,38.116272000,127.271730000,38.116097273,127.271720336,38.116398000,127.271350000,38.116388596,127.271255780
680,680,825297989185,136.007,2.000000,38.103874000,127.264885000,815.000000,1898.564676,3554.425117,1655.860441,87.216436,2.621416,13.030531,14.588541,8.707081,10.360264,11.671604,14.588541,38.116806000,127.270980000,38.116806000,127.270980000,38.117085000,127.270880000,38.117199359,127.270848253,38.116966000,127.271280000,38.117046979,127.271410966,38.116535000,127.271070000,38.116471606,127.271128235,38.116653000,127.270680000,38.116603908,127.270579502
681,681,825297989373,136.195,2.000000,38.103940000,127.264940000,815.000000,2013.920160,4276.188329,2262.268169,112.331572,0.417717,14.015934,18.575527,14.656522,15.948630,15.799153,18.575527,38.117172000,127.271530000,38.117172000,127.271530000,38.117462000,127.271450000,38.117583296,127.271407085,38.117336000,127.271850000,38.117454361,127.271999505,38.116886000,127.271614000,38.116755564,127.271636785,38.117012000,127.271225000,38.116916822,127.271088889
682,682,825297989578,136.400,2.000000,38.104004000,127.264990000,814.000000,2008.438162,4308.308018,2299.869856,114.510364,0.965836,22.014849,12.827202,18.836032,11.869213,16.386824,22.014849,38.116920000,127.272190000,38.116920000,127.272190000,38.117207000,127.272110000,38.117404293,127.272127314,38.117085000,127.272514000,38.117139381,127.272643124,38.116642000,127.272260000,38.116472809,127.272257092,38.116764000,127.271870000,38.116708406,127.271754357
683,683,825297989781,136.603,2.000000,38.104070000,127.265040000,814.000000,1972.566809,4009.674004,2037.107195,103.271899,1.952781,16.603040,15.568066,12.450984,12.580108,14.300549,16.603040,38.116673000,127.272870000,38.116673000,127.272870000,38.116960000,127.272810000,38.117109090,127.272804744,38.116825000,127.273210000,38.116908424,127.273352666,38.116405000,127.272940000,38.116293973,127.272957210,38.116530000,127.272550000,38.116474789,127.272424670
684,684,825297989986,136.808,2.000000,38.104134000,127.265090000,814.000000,1916.000867,3963.466323,2047.465456,106.861405,1.377184,14.793148,16.512646,11.609664,14.628433,14.385973,16.512646,38.116463000,127.273560000,38.116463000,127.273560000,38.116734000,127.273506000,38.116866602,127.273494906,38.116600000,127.273900000,38.116684020,127.274055379,38.116188000,127.273605000,38.116085636,127.273630367,38.116325000,127.273230000,38.116254908,127.273088717
685,685,825297990174,136.996,2.000000,38.104200000,127.265144000,813.000000,1914.188479,4100.811560,2186.623081,114.232381,0.918491,19.591579,11.294451,21.694649,11.764839,16.086380,21.694649,38.116238000,127.274260000,38.116238000,127.274260000,38.116510000,127.274216000,38.116684359,127.274246426,38.116364000,127.274610000,38.116397992,127.274731506,38.115970000,127.274310000,38.115781091,127.274249123,38.116116000,127.273926000,38.116077011,127.273801145
686,686,825297990378,137.200,2.000000,38.104263000,127.265190000,813.000000,1896.391843,4145.146317,2248.754474,118.580687,3.618121,14.091717,12.651060,19.506912,19.358502,16.402048,19.506912,38.116005000,127.274970000,38.116005000,127.274970000,38.116290000,127.274950000,38.116416577,127.274952165,38.116120000,127.275320000,38.116156475,127.275456806,38.115738000,127.275000000,38.115567125,127.274950632,38.115902000,127.274635000,38.115800922,127.274455139
687,687,825297990580,137.402,2.000000,38.104390000,127.265300000,812.000000,1919.290885,3682.802343,1763.511458,91.883491,1.505189,13.105795,13.651598,11.445588,10.270225,12.118302,13.651598,38.116480000,127.274750000,38.116480000,127.274750000,38.116770000,127.274730000,38.116886770,127.274710915,38.116580000,127.275090000,38.116635800,127.275228803,38.116200000,127.274770000,38.116099291,127.274796327,38.116370000,127.274414000,38.116345606,127.274300909
688,688,825297990783,137.605,2.000000,38.104390000,127.265300000,812.000000,1919.290885,3682.802343,1763.511458,91.883491,1.505189,13.105795,13.651598,11.445588,10.270225,12.118302,13.651598,38.116480000,127.274750000,38.116480000,127.274750000,38.116770000,127.274730000,38.116886770,127.274710915,38.116580000,127.275090000,38.116635800,127.275228803,38.116200000,127.274770000,38.116099291,127.274796327,38.116370000,127.274414000,38.116345606,127.274300909
689,689,825297990987,137.809,2.000000,38.104454000,127.265340000,812.000000,1889.275984,3736.170609,1846.894625,97.756741,4.383131,9.115116,10.721582,15.604831,17.794059,13.308897,17.794059,38.116707000,127.274050000,38.116707000,127.274050000,38.117004000,127.274020000,38.117074221,127.273966469,38.116814000,127.274376000,38.116844305,127.274492201,38.116420000,127.274070000,38.116279954,127.274077805,38.116608000,127.273730000,38.116504813,127.273574832
690,690,825297991172,137.994,2.000000,38.104520000,127.265396000,812.000000,1887.593256,3770.328304,1882.735049,99.742624,2.700008,8.949405,15.421525,12.029134,19.914073,14.078534,19.914073,38.116932000,127.273340000,38.116932000,127.273340000,38.117250000,127.273315000,38.117311049,127.273248513,38.117040000,127.273660000,38.117125460,127.273798586,38.116646000,127.273380000,38.116540775,127.273411251,38.116844000,127.273040000,38.116716160,127.272880946
691,691,825297991372,138.194,2.000000,38.104584000,127.265450000,812.000000,1883.603946,3834.289759,1950.685813,103.561357,0.197595,13.742579,15.075837,12.234393,15.911237,14.241012,15.911237,38.117190000,127.272675000,38.117190000,127.272675000,38.117516000,127.272644000,38.117635008,127.272602281,38.117283000,127.272970000,38.117368674,127.273103314,38.116880000,127.272705000,38.116776229,127.272751010,38.117100000,127.272380000,38.116999023,127.272251420
692,692,825297991577,138.399,2.000000,38.104645000,127.265500000,811.000000,1913.611006,3847.232197,1933.621191,101.045677,4.851861,9.300123,16.041697,14.543279,22.491605,15.594176,22.491605,38.117440000,127.272000000,38.117440000,127.272000000,38.117775000,127.271965000,38.117798753,127.271863193,38.117542000,127.272300000,38.117647377,127.272424939,38.117123000,127.272040000,38.116996300,127.272080497,38.117350000,127.271720000,38.117188496,127.271565689
693,693,825297991780,138.602,2.000000,38.104710000,127.265560000,811.000000,2046.045958,3907.184415,1861.138457,90.962691,0.102196,9.761342,21.528607,9.008099,20.223193,15.130310,21.528607,38.117817000,127.272090000,38.117817000,127.272090000,38.118168000,127.272060000,38.118203080,127.271957851,38.117910000,127.272385000,38.118061830,127.272537258,38.117470000,127.272120000,38.117429912,127.272209348,38.117720000,127.271800000,38.117576463,127.271658458
694,694,825297991983,138.805,2.000000,38.104770000,127.265610000,811.000000,1999.153997,3817.448740,1818.294743,90.953210,0.650615,12.253053,16.699236,10.724463,15.728841,13.851398,16.699236,38.117730000,127.272835000,38.117730000,127.272835000,38.118088000,127.272835000,38.118176139,127.272751195,38.117790000,127.273130000,38.117899722,127.273260025,38.117382000,127.272840000,38.117307153,127.272917098,38.117664000,127.272550000,38.117564174,127.272422900
695,695,825297992186,139.008,2.000000,38.104897000,127.265720000,811.000000,1926.144622,3606.842146,1680.697524,87.257078,2.296221,11.167306,26.269922,10.994879,19.897160,17.082317,26.269922,38.117226000,127.274170000,38.117226000,127.274170000,38.117588000,127.274220000,38.117622453,127.274100247,38.117256000,127.274470000,38.117439355,127.274658831,38.116894000,127.274140000,38.116882993,127.274264758,38.117207000,127.273895000,38.117077216,127.273738791
696,696,825297992373,139.195,2.000000,38.104897000,127.265720000,811.000000,1926.144622,3606.842146,1680.697524,87.257078,2.296221,11.167306,26.269922,10.994879,19.897160,17.082317,26.269922,38.117226000,127.274170000,38.117226000,127.274170000,38.117588000,127.274220000,38.117622453,127.274100247,38.117256000,127.274470000,38.117439355,127.274658831,38.116894000,127.274140000,38.116882993,127.274264758,38.117207000,127.273895000,38.117077216,127.273738791
697,697,825297992576,139.398,2.000000,38.104958000,127.265770000,810.000000,1846.595607,3767.033681,1920.438074,103.998843,2.483150,12.906363,24.568096,10.563686,20.086828,17.031243,24.568096,38.116978000,127.274870000,38.116978000,127.274870000,38.117330000,127.274940000,38.117426857,127.274859004,38.116985000,127.275154000,38.117145515,127.275346525,38.116640000,127.274810000,38.116589414,127.274912050,38.116985000,127.274605000,38.116858090,127.274441960
698,698,825297992778,139.600,2.000000,38.105020000,127.265830000,810.000000,1852.197501,3560.558295,1708.360794,92.234267,2.621586,13.281432,22.027226,12.054452,30.141292,19.376101,30.141292,38.116753000,127.275505000,38.116753000,127.275505000,38.117107000,127.275604000,38.117124013,127.275453902,38.116740000,127.275780000,38.116875499,127.275963287,38.116410000,127.275410000,38.116379831,127.275542188,38.116780000,127.275246000,38.116577802,127.275017110
699,699,825297992981,139.803,2.000000,38.105080000,127.265884000,810.000000,1892.764928,3640.963446,1748.198518,92.362157,1.451020,12.829365,28.412777,12.449995,21.483661,18.793950,28.412777,38.116760000,127.276080000,38.116760000,127.276080000,38.117120000,127.276200000,38.117164108,127.276064667,38.116714000,127.276340000,38.116896256,127.276567117,38.116413000,127.275960000,38.116361294,127.276086049,38.116800000,127.275820000,38.116666482,127.275642880
700,700,825297993184,140.006,2.000000,38.105137000,127.265945000,810.000000,1907.601204,3587.505041,1679.903837,88.063681,0.227005,14.350607,28.384957,14.363036,28.464611,21.390803,28.464611,38.117040000,127.275830000,38.117040000,127.275830000,38.117397000,127.275940000,38.117413324,127.275777463,38.116990000,127.276085000,38.117176209,127.276306412,38.116676000,127.275710000,38.116670638,127.275873856,38.117077000,127.275570000,38.116886581,127.275353085
701,701,825297993373,140.195,2.000000,38.105198000,127.266010000,810.000000,1855.703419,3766.499395,1910.795976,102.968823,1.042155,12.763888,26.480711,13.592837,28.964295,20.450433,28.964295,38.117290000,127.275150000,38.117290000,127.275150000,38.117664000,127.275250000,38.117713916,127.275118796,38.117233000,127.275380000,38.117406035,127.275587481,38.116924000,127.275030000,38.116868424,127.275168196,38.117332000,127.274895000,38.117127907,127.274689871
702,702,825297993586,140.408,2.000000,38.105255000,127.266070000,809.000000,1899.764396,3886.198411,1986.434015,104.562125,1.110476,16.112367,36.154827,13.911372,36.134401,25.578242,36.154827,38.117535000,127.274460000,38.117535000,127.274460000,38.117935000,127.274574000,38.117930117,127.274390132,38.117470000,127.274700000,38.117735576,127.274937637,38.117165000,127.274360000,38.117137088,127.274514829,38.117600000,127.274230000,38.117332827,127.273995682
703,703,825297993772,140.594,2.000000,38.105310000,127.266130000,809.000000,1882.111959,3836.938908,1954.826949,103.863478,2.551606,15.228869,39.315024,15.735871,33.020381,25.825036,39.315024,38.117770000,127.273710000,38.117770000,127.273710000,38.118170000,127.273810000,38.118196565,127.273639424,38.117702000,127.273940000,38.118000296,127.274180330,38.117386000,127.273620000,38.117395827,127.273799240,38.117836000,127.273480000,38.117584373,127.273280352
704,704,825297993974,140.796,2.000000,38.105366000,127.266200000,809.000000,1858.997905,3744.766172,1885.768267,101.440043,0.977366,40.358066,38.030686,39.370479,38.383014,39.035561,40.358066,38.118088000,127.273100000,38.118088000,127.273100000,38.118168000,127.272890000,38.118518259,127.273008937,38.118507000,127.273200000,38.118284958,127.273530018,38.118004000,127.273315000,38.117666325,127.273181335,38.117683000,127.273010000,38.117927262,127.272700675
705,705,825297994176,140.998,2.000000,38.105420000,127.266260000,809.000000,1984.168631,3837.049871,1852.881240,93.383254,0.244803,33.350844,37.856930,36.132826,37.552210,36.223203,37.856930,38.118470000,127.272900000,38.118470000,127.272900000,38.118570000,127.272690000,38.118862109,127.272774599,38.118910000,127.273000000,38.118705141,127.273345029,38.118374000,127.273120000,38.118062382,127.273004544,38.118050000,127.272810000,38.118270668,127.272485684
706,706,825297994377,141.199,2.000000,38.105473000,127.266330000,808.000000,1988.482486,3989.995693,2001.513207,100.655310,1.497643,38.138527,40.253747,37.308608,36.594877,38.073940,40.253747,38.118477000,127.273605000,38.118477000,127.273605000,38.118595000,127.273410000,38.118925964,127.273522547,38.118920000,127.273735000,38.118641710,127.274028487,38.118360000,127.273810000,38.118040941,127.273679593,38.118050000,127.273480000,38.118270055,127.273169576
707,707,825297994578,141.400,2.000000,38.105522000,127.266396000,808.000000,1926.041385,3539.113335,1613.071950,83.750638,2.235948,28.092559,39.315277,29.022346,35.099844,32.882507,39.315277,38.118183000,127.274270000,38.118183000,127.274270000,38.118324000,127.274086000,38.118566914,127.274172940,38.118618000,127.274430000,38.118336125,127.274700469,38.118057000,127.274460000,38.117808258,127.274360742,38.117780000,127.274124000,38.117992947,127.273828433
708,708,825297994782,141.604,2.000000,38.105576000,127.266470000,808.000000,1872.817085,3518.122978,1645.305893,87.851927,0.758118,24.462670,36.657307,26.971667,34.927120,30.754691,36.657307,38.117916000,127.274950000,38.117916000,127.274950000,38.118060000,127.274770000,38.118269962,127.274852440,38.118324000,127.275120000,38.118085125,127.275408102,38.117767000,127.275116000,38.117537061,127.275018924,38.117510000,127.274770000,38.117741874,127.274501336
709,709,825297994984,141.806,2.000000,38.105620000,127.266540000,807.000000,1812.366849,3654.762539,1842.395690,101.656885,3.098331,36.938176,37.101481,25.747527,36.502840,34.072506,37.101481,38.117700000,127.275620000,38.117700000,127.275620000,38.117867000,127.275470000,38.118175319,127.275625906,38.118103000,127.275826000,38.117827303,127.276064039,38.117535000,127.275770000,38.117317789,127.275668983,38.117313000,127.275420000,38.117592258,127.275201539
710,710,825297995173,141.995,2.000000,38.105670000,127.266620000,807.000000,1755.631830,3431.391723,1675.759894,95.450530,0.857098,22.146064,34.394188,21.117237,34.905273,28.140691,34.905273,38.117440000,127.276310000,38.117440000,127.276310000,38.117620000,127.276184000,38.117810267,127.276257856,38.117825000,127.276540000,38.117584947,127.276787238,38.117256000,127.276440000,38.117077873,127.276357072,38.117058000,127.276090000,38.117315520,127.275862616
711,711,825297995374,142.196,2.000000,38.105713000,127.266690000,806.000000,1846.926923,3618.399368,1771.472445,95.914593,0.185951,25.244036,36.135411,23.246071,33.743201,29.592180,36.135411,38.117370000,127.276890000,38.117370000,127.276890000,38.117573000,127.276780000,38.117784256,127.276884784,38.117764000,127.277150000,38.117482263,127.277354935,38.117176000,127.277010000,38.116983906,127.276905905,38.116997000,127.276640000,38.117252926,127.276433541
712,712,825297995579,142.401,2.000000,38.105750000,127.266760000,805.000000,1847.066335,3796.848805,1949.782470,105.561042,1.405546,22.966310,32.667893,21.172937,32.866654,27.418448,32.866654,38.117640000,127.276670000,38.117640000,127.276670000,38.117840000,127.276550000,38.118034840,127.276636217,38.118023000,127.276920000,38.117808150,127.277174080,38.117435000,127.276780000,38.117255670,127.276699445,38.117256000,127.276420000,38.117495101,127.276199842
713,713,825297995781,142.603,2.000000,38.105793000,127.266840000,805.000000,1814.984629,3781.582444,1966.597815,108.353414,1.366022,30.413317,36.219706,22.868889,33.458136,30.740012,36.219706,38.117893000,127.275986000,38.117893000,127.275986000,38.118107000,127.275880000,38.118365881,127.275990978,38.118300000,127.276230000,38.118013765,127.276426639,38.117690000,127.276090000,38.117492112,127.276019874,38.117500000,127.275740000,38.117759482,127.275547213
714,714,825297995983,142.805,2.000000,38.105830000,127.266920000,804.000000,1803.035203,3911.749258,2108.714055,116.953571,0.516354,21.833145,32.393447,22.258464,30.876972,26.840507,32.393447,38.118156000,127.275310000,38.118156000,127.275310000,38.118380000,127.275200000,38.118571730,127.275252511,38.118572000,127.275540000,38.118354521,127.275785751,38.117940000,127.275410000,38.117744552,127.275356368,38.117764000,127.275085000,38.117979308,127.274862734
715,715,825297996185,143.007,2.000000,38.105870000,127.267006000,803.000000,1796.301939,3770.375970,1974.074031,109.896560,7.074868,22.927083,29.356714,10.187876,34.297687,24.192340,34.297687,38.118410000,127.274670000,38.118410000,127.274670000,38.118640000,127.274570000,38.118844262,127.274603524,38.118828000,127.274890000,38.118682271,127.275169374,38.118170000,127.274770000,38.118079544,127.274787684,38.117996000,127.274460000,38.118260643,127.274259466
716,716,825297996373,143.195,2.000000,38.105904000,127.267090000,802.000000,1866.401818,3702.965542,1836.563723,98.401304,2.690388,23.404290,32.699247,17.721637,34.562297,27.096868,34.562297,38.118687000,127.274010000,38.118687000,127.274010000,38.118920000,127.273895000,38.119128991,127.273924132,38.119118000,127.274210000,38.118888284,127.274442698,38.118454000,127.274124000,38.118295233,127.274109154,38.118260000,127.273810000,38.118528331,127.273611470
717,717,825297996574,143.396,2.000000,38.105934000,127.267170000,801.000000,1902.236438,3672.734285,1770.497847,93.074542,1.762305,15.612906,34.550802,18.839987,31.282308,25.071501,34.550802,38.119010000,127.273540000,38.119010000,127.273540000,38.119244000,127.273415000,38.119383823,127.273401051,38.119453000,127.273720000,38.119203819,127.273955207,38.118774000,127.273660000,38.118604899,127.273651221,38.118570000,127.273350000,38.118786323,127.273122007
718,718,825297996783,143.605,2.000000,38.105965000,127.267265000,800.000000,1940.567265,3937.909668,1997.342403,102.925698,0.769099,16.081496,33.029472,19.699564,33.916165,25.681674,33.916165,38.119305000,127.274100000,38.119305000,127.274100000,38.119560000,127.273990000,38.119703885,127.273973601,38.119770000,127.274310000,38.119543342,127.274553380,38.119070000,127.274220000,38.118893344,127.274206736,38.118870000,127.273920000,38.119109954,127.273681359
719,719,825297996980,143.802,2.000000,38.105990000,127.267360000,799.000000,1884.078170,4734.783471,2850.705301,151.305044,2.203087,23.562843,29.760440,26.973516,30.893951,27.797688,30.893951,38.119026000,127.274730000,38.119026000,127.274730000,38.119278000,127.274620000,38.119487741,127.274656229,38.119460000,127.274940000,38.119356936,127.275253548,38.118793000,127.274840000,38.118554991,127.274782246,38.118607000,127.274530000,38.118807726,127.274286398
720,720,825297997182,144.004,2.000000,38.106018000,127.267450000,797.000000,1857.714010,4395.471089,2537.757079,136.606446,0.754466,27.373511,32.669559,17.887754,27.236259,26.291771,32.669559,38.118736000,127.275390000,38.118736000,127.275390000,38.118980000,127.275290000,38.119220818,127.275353221,38.119164000,127.275620000,38.118933374,127.275850692,38.118496000,127.275480000,38.118335786,127.275464323,38.118330000,127.275160000,38.118454139,127.274892011
721,721,825297997387,144.209,2.000000,38.106037000,127.267540000,796.000000,1773.456498,3744.371185,1970.914687,111.134087,2.782412,24.388357,32.350118,18.993993,34.739937,27.618101,34.739937,38.118530000,127.276040000,38.118530000,127.276040000,38.118770000,127.275955000,38.118985461,127.276005434,38.118920000,127.276276000,38.118680052,127.276484383,38.118286000,127.276120000,38.118117180,127.276088526,38.118126000,127.275795000,38.118408235,127.275625733
722,722,825297997582,144.404,2.000000,38.106056000,127.267640000,795.000000,1759.257385,3743.233377,1983.975992,112.773492,3.010112,23.201013,31.510447,17.449284,32.580642,26.185347,32.580642,38.118300000,127.276580000,38.118300000,127.276580000,38.118540000,127.276500000,38.118743787,127.276555538,38.118690000,127.276830000,38.118464433,127.277047365,38.118060000,127.276650000,38.117904469,127.276625206,38.117916000,127.276320000,38.118178767,127.276156168
723,723,825297997778,144.600,2.000000,38.106070000,127.267730000,793.000000,1749.514574,3561.777642,1812.263068,103.586623,3.585026,14.638950,33.566089,18.889925,28.791856,23.971705,33.566089,38.118030000,127.277250000,38.118030000,127.277250000,38.118280000,127.277190000,38.118411312,127.277199038,38.118412000,127.277530000,38.118137896,127.277689705,38.117794000,127.277320000,38.117628599,127.277271805,38.117670000,127.276990000,38.117869726,127.276781122
724,724,825297997982,144.804,2.000000,38.106083000,127.267830000,792.000000,1835.646102,3733.534728,1897.888625,103.390769,2.852676,22.317988,31.439688,16.083491,33.292758,25.783481,33.292758,38.118176000,127.277794000,38.118176000,127.277794000,38.118420000,127.277725000,38.118614002,127.277789284,38.118550000,127.278076000,38.118313083,127.278271413,38.117935000,127.277860000,38.117792536,127.277829424,38.117794000,127.277510000,38.118065705,127.277351132
725,725,825297998174,144.996,2.000000,38.106094000,127.267930000,790.000000,1821.197583,3722.073507,1900.875925,104.375052,0.731996,19.054566,31.931792,14.999578,29.546636,23.883143,31.931792,38.118374000,127.277170000,38.118374000,127.277170000,38.118618000,127.277084000,38.118785800,127.277126963,38.118763000,127.277430000,38.118527312,127.277637823,38.118137000,127.277245000,38.118002733,127.277230606,38.117996000,127.276910000,38.118206888,127.276705144
726,726,825297998375,145.197,2.000000,38.106100000,127.268030000,788.000000,1766.161279,3735.307255,1969.145975,111.492988,2.410823,18.692461,34.363723,24.715542,31.334349,27.276519,34.363723,38.118645000,127.276500000,38.118645000,127.276500000,38.118877000,127.276400000,38.119043588,127.276426802,38.119053000,127.276730000,38.118792983,127.276941487,38.118420000,127.276596000,38.118204073,127.276530322,38.118263000,127.276276000,38.118490882,127.276065978
