sample_index,log_frame_index,timestamp,time_s,fov_deg,uav_lat,uav_lon,uav_alt,actual_area_m2,predicted_area_m2,area_error_m2,area_error_pct,centroid_error_m,corner_error_c1_m,corner_error_c2_m,corner_error_c3_m,corner_error_c4_m,mean_corner_error_m,max_corner_error_m,actual_center_lat,actual_center_lon,predicted_center_lat,predicted_center_lon,actual_c1_lat,actual_c1_lon,predicted_c1_lat,predicted_c1_lon,actual_c2_lat,actual_c2_lon,predicted_c2_lat,predicted_c2_lon,actual_c3_lat,actual_c3_lon,predicted_c3_lat,predicted_c3_lon,actual_c4_lat,actual_c4_lon,predicted_c4_lat,predicted_c4_lon
0,0,825159703941,0.000,10.000000,38.054370000,127.254430000,637.000000,8819.742374,9829.518195,1009.775821,11.449040,426.882922,312.292235,486.675905,455.055824,460.916636,428.735150,486.675905,38.053955000,127.244125000,38.053955000,127.244125000,38.053970000,127.243210000,38.053594611,127.246740647,38.054447000,127.244026000,38.054466187,127.249578034,38.053950000,127.245060000,38.054456284,127.250211391,38.053467000,127.244290000,38.053872047,127.249523000
1,1,825159704144,0.203,10.000000,38.054314000,127.254340000,637.000000,8149.181550,161590.708667,153441.527117,1882.907212,807.388840,4395.720738,407.092024,378.603427,385.634611,1391.762700,4395.720738,38.054222000,127.244910000,38.054222000,127.244910000,38.054240000,127.243996000,38.050104146,127.194124451,38.054676000,127.244804000,38.054560112,127.249445865,38.054207000,127.245850000,38.054526901,127.250150044,38.053770000,127.245090000,38.053971798,127.249481936
2,2,825159704334,0.393,10.000000,38.054268000,127.254265000,636.000000,7204.830953,2911.683710,-4293.147243,-59.587064,347.772091,374.564943,369.025385,317.918042,332.852880,348.590313,374.564943,38.054596000,127.245930000,38.054596000,127.245930000,38.054634000,127.245030000,38.054163977,127.249261246,38.055004000,127.245810000,38.054694156,127.250001516,38.054558000,127.246860000,38.054648430,127.250485080,38.054184000,127.246124000,38.054174745,127.249921262
3,3,825159704532,0.591,10.000000,38.054207000,127.254170000,636.000000,6298.478271,2834.213999,-3464.264272,-55.001607,276.553500,305.350116,297.488245,246.201407,260.169132,277.302225,305.350116,38.054840000,127.246820000,38.054840000,127.246820000,38.054897000,127.245930000,38.054331351,127.249338660,38.055218000,127.246670000,38.054818388,127.250025683,38.054783000,127.247710000,38.054748060,127.250518394,38.054470000,127.247025000,38.054312067,127.249986308
4,4,825159704733,0.792,10.000000,38.054142000,127.254100000,636.000000,5239.650860,2728.347266,-2511.303593,-47.928835,220.540457,250.565940,237.321374,194.537720,202.333062,221.189524,250.565940,38.055042000,127.247620000,38.055042000,127.247620000,38.055115000,127.246765000,38.054498322,127.249514169,38.055386000,127.247444000,38.054950151,127.250094261,38.054970000,127.248410000,38.054845527,127.250623718,38.054700000,127.247820000,38.054449924,127.250106334
5,5,825159704953,1.012,10.000000,38.054077000,127.254010000,636.000000,4338.516492,3660.043268,-678.473224,-15.638369,151.096594,159.953051,169.027505,138.115651,140.466190,151.890599,169.027505,38.055195000,127.248290000,38.055195000,127.248290000,38.055280000,127.247520000,38.054716492,127.249198622,38.055520000,127.248110000,38.055128259,127.249973048,38.055115000,127.249010000,38.054972973,127.250575318,38.054880000,127.248500000,38.054600015,127.250062544
11,11,825159706133,2.192,10.000000,38.053635000,127.253640000,637.000000,2274.330941,164967.712706,162693.381765,7153.461216,1461.413927,5847.982696,18.963301,11.116780,15.291757,1473.338633,5847.982696,38.054980000,127.250030000,38.054980000,127.250030000,38.055030000,127.249504000,38.073696871,127.187142119,38.055240000,127.249810000,38.055257173,127.250025238,38.054935000,127.250500000,38.055031990,127.250530206,38.054730000,127.250250000,38.054708290,127.250077739
12,12,825159706344,2.403,10.000000,38.053555000,127.253586000,637.000000,2297.323427,2787.325214,490.001788,21.329247,8.913852,17.652320,12.844834,17.720748,25.146552,18.341113,25.146552,38.054720000,127.249990000,38.054720000,127.249990000,38.054756000,127.249460000,38.054648679,127.249311747,38.054977000,127.249756000,38.055019499,127.249892236,38.054690000,127.250465000,38.054831283,127.250371850,38.054478000,127.250220000,38.054487673,127.249933384
13,13,825159706535,2.594,10.000000,38.053470000,127.253550000,637.000000,2327.649060,1777.151809,-550.497251,-23.650354,0.866251,17.703909,26.177743,17.053109,26.187089,21.780463,26.187089,38.054460000,127.249985000,38.054460000,127.249985000,38.054474000,127.249450000,38.054323738,127.249516161,38.054707000,127.249740000,38.054690198,127.250037879,38.054443000,127.250465000,38.054577301,127.250371413,38.054222000,127.250230000,38.054232777,127.249931565
14,14,825159706741,2.800,10.000000,38.053390000,127.253500000,638.000000,2310.859223,1653.138814,-657.720409,-28.462158,2.080849,19.657211,27.942555,13.281850,27.210964,22.023145,27.942555,38.054200000,127.249990000,38.054200000,127.249990000,38.054195000,127.249466000,38.054041563,127.249576995,38.054440000,127.249730000,38.054420317,127.250047793,38.054203000,127.250465000,38.054315237,127.250413596,38.053970000,127.250244000,38.053977995,127.249933737
15,15,825159706946,3.005,10.000000,38.053307000,127.253470000,638.000000,2284.023419,1722.007552,-562.015868,-24.606397,3.315587,18.244064,29.888103,10.573136,28.214117,21.729855,29.888103,38.053944000,127.250020000,38.053944000,127.250020000,38.053920000,127.249510000,38.053773417,127.249603088,38.054176000,127.249750000,38.054155582,127.250089982,38.053963000,127.250490000,38.054057609,127.250500648,38.053722000,127.250290000,38.053723772,127.249968136
16,16,825159707139,3.198,10.000000,38.053223000,127.253440000,639.000000,2235.729747,1903.677467,-332.052280,-14.852076,4.286854,17.273149,28.458074,10.451373,23.446737,19.907334,28.458074,38.053690000,127.250090000,38.053690000,127.250090000,38.053650000,127.249590000,38.053506906,127.249666209,38.053913000,127.249810000,38.053902052,127.250134356,38.053726000,127.250550000,38.053815596,127.250585631,38.053480000,127.250370000,38.053467152,127.250103014
17,17,825159707343,3.402,10.000000,38.053140000,127.253410000,639.000000,2168.408778,2013.680798,-154.727980,-7.135554,1.084095,15.472157,20.535293,12.818739,21.784875,17.652766,21.784875,38.053402000,127.250206000,38.053402000,127.250206000,38.053340000,127.249720000,38.053202012,127.249741147,38.053610000,127.249916000,38.053621729,127.250149795,38.053450000,127.250650000,38.053561002,127.250611091,38.053200000,127.250490000,38.053185417,127.250242167
18,18,825159707530,3.589,10.000000,38.053055000,127.253390000,640.000000,2107.038320,1701.367573,-405.670747,-19.253126,2.441823,16.726742,23.052350,13.146647,26.893733,19.954868,26.893733,38.053160000,127.250310000,38.053160000,127.250310000,38.053090000,127.249840000,38.052940638,127.249860819,38.053364000,127.250015000,38.053369558,127.250277888,38.053230000,127.250730000,38.053338473,127.250670694,38.052970000,127.250595000,38.052944862,127.250289860
19,19,825159707736,3.795,10.000000,38.052967000,127.253365000,641.000000,2041.885812,1499.715583,-542.170230,-26.552427,1.784395,17.708393,26.452660,13.925680,26.529462,21.154049,26.529462,38.052933000,127.250430000,38.052933000,127.250430000,38.052850000,127.249985000,38.052696083,127.250036037,38.053127000,127.250130000,38.053137236,127.250431492,38.053013000,127.250840000,38.053127566,127.250776202,38.052750000,127.250720000,38.052715557,127.250420529
20,20,825159707939,3.998,10.000000,38.052883000,127.253350000,642.000000,1961.461476,1785.656667,-175.804809,-8.962950,2.428808,19.081432,22.299378,13.870927,23.839718,19.772864,23.839718,38.052710000,127.250570000,38.052710000,127.250570000,38.052616000,127.250150000,38.052444770,127.250139997,38.052895000,127.250275000,38.052913969,127.250528248,38.052800000,127.250970000,38.052921456,127.250934651,38.052536000,127.250860000,38.052492650,127.250593667
21,21,825159708141,4.200,10.000000,38.052800000,127.253334000,643.000000,1898.625267,2077.321297,178.696031,9.411864,2.267626,21.506311,18.429478,14.644196,19.232658,18.453161,21.506311,38.052498000,127.250730000,38.052498000,127.250730000,38.052395000,127.250320000,38.052203431,127.250288245,38.052673000,127.250430000,38.052696606,127.250638095,38.052597000,127.251110000,38.052728343,127.251119401,38.052330000,127.251015000,38.052287978,127.250802183
22,22,825159708333,4.392,10.000000,38.052710000,127.253320000,645.000000,1837.261059,1909.636445,72.375386,3.939309,2.153935,21.611542,18.254668,15.610255,19.590741,18.766801,21.611542,38.052330000,127.250860000,38.052330000,127.250860000,38.052220000,127.250465000,38.052025962,127.250472989,38.052500000,127.250560000,38.052525908,127.250765633,38.052433000,127.251220000,38.052573060,127.251211256,38.052166000,127.251144000,38.052117059,127.250929326
23,23,825159708538,4.597,10.000000,38.052628000,127.253310000,646.000000,1787.124659,1972.372799,185.248141,10.365709,1.977954,23.945436,16.840127,17.859778,13.627639,18.068245,23.945436,38.052105000,127.251045000,38.052105000,127.251045000,38.051987000,127.250670000,38.051774405,127.250711617,38.052265000,127.250750000,38.052297244,127.250937696,38.052216000,127.251396000,38.052374761,127.251366627,38.051945000,127.251335000,38.051908293,127.251186691
24,24,825159708744,4.803,10.000000,38.052544000,127.253300000,647.000000,1739.192386,2202.043362,462.850976,26.612983,2.025736,25.576189,10.596726,19.897145,3.099648,14.792427,25.576189,38.051918000,127.251210000,38.051918000,127.251210000,38.051796000,127.250860000,38.051574346,127.250936796,38.052074000,127.250916000,38.052094860,127.251033948,38.052036000,127.251560000,38.052204437,127.251484054,38.051765000,127.251500000,38.051766070,127.251464666
25,25,825159708946,5.005,10.000000,38.052460000,127.253300000,649.000000,1698.988053,2392.429971,693.441917,40.814997,4.082961,28.816465,1.867554,22.355473,4.554423,14.398479,28.816465,38.051743000,127.251390000,38.051743000,127.251390000,38.051617000,127.251045000,38.051364490,127.251117379,38.051895000,127.251100000,38.051879483,127.251091901,38.051865000,127.251724000,38.052030886,127.251580260,38.051594000,127.251680000,38.051592101,127.251628100
26,26,825159709137,5.196,10.000000,38.052460000,127.253300000,649.000000,1698.988053,2392.429971,693.441917,40.814997,4.082961,28.816465,1.867554,22.355473,4.554423,14.398479,28.816465,38.051743000,127.251390000,38.051743000,127.251390000,38.051617000,127.251045000,38.051364490,127.251117379,38.051895000,127.251100000,38.051879483,127.251091901,38.051865000,127.251724000,38.052030886,127.251580260,38.051594000,127.251680000,38.051592101,127.251628100
27,27,825159709343,5.402,10.000000,38.052380000,127.253296000,651.000000,1665.135945,2268.897837,603.761892,36.259015,4.224879,31.422712,2.329844,24.856513,4.844078,15.863287,31.422712,38.051575000,127.251564000,38.051575000,127.251564000,38.051445000,127.251230000,38.051175727,127.251337538,38.051723000,127.251274000,38.051703042,127.251282003,38.051700000,127.251890000,38.051873770,127.251711929,38.051430000,127.251854000,38.051425066,127.251799096
28,28,825159709542,5.601,10.000000,38.052380000,127.253296000,651.000000,1665.135945,2268.897837,603.761892,36.259015,4.224879,31.422712,2.329844,24.856513,4.844078,15.863287,31.422712,38.051575000,127.251564000,38.051575000,127.251564000,38.051445000,127.251230000,38.051175727,127.251337538,38.051723000,127.251274000,38.051703042,127.251282003,38.051700000,127.251890000,38.051873770,127.251711929,38.051430000,127.251854000,38.051425066,127.251799096
29,29,825159709732,5.791,10.000000,38.052296000,127.253296000,652.000000,1656.162061,2217.436952,561.274891,33.890095,2.820795,33.927518,3.741873,26.769684,2.502514,16.735397,33.927518,38.051414000,127.251750000,38.051414000,127.251750000,38.051280000,127.251420000,38.051006942,127.251591921,38.051560000,127.251450000,38.051535358,127.251479033,38.051544000,127.252060000,38.051724570,127.251858315,38.051273000,127.252040000,38.051289941,127.252021234
30,30,825159709949,6.008,10.000000,38.052296000,127.253296000,652.000000,1656.162061,2217.436952,561.274891,33.890095,2.820795,33.927518,3.741873,26.769684,2.502514,16.735397,33.927518,38.051414000,127.251750000,38.051414000,127.251750000,38.051280000,127.251420000,38.051006942,127.251591921,38.051560000,127.251450000,38.051535358,127.251479033,38.051544000,127.252060000,38.051724570,127.251858315,38.051273000,127.252040000,38.051289941,127.252021234
31,31,825159710137,6.196,10.000000,38.051970000,127.253300000,661.000000,1669.173075,2510.062282,840.889207,50.377592,0.762500,27.153460,16.059546,27.637768,14.428820,21.319899,27.637768,38.050840000,127.252480000,38.050840000,127.252480000,38.050697000,127.252785000,38.050490406,127.252620315,38.050694000,127.252174000,38.050824834,127.252096807,38.050976000,127.252180000,38.051163168,127.252387147,38.050980000,127.252780000,38.050862160,127.252848552
32,32,825159710337,6.396,10.000000,38.051890000,127.253310000,663.000000,1676.962747,2514.561538,837.598791,49.947370,0.446939,19.948551,13.001526,23.412656,11.402292,16.941256,23.412656,38.050728000,127.252630000,38.050728000,127.252630000,38.050587000,127.252940000,38.050430790,127.252828484,38.050583000,127.252330000,38.050664245,127.252223447,38.050865000,127.252330000,38.051035298,127.252486732,38.050873000,127.252930000,38.050789433,127.253005216
33,33,825159710534,6.593,10.000000,38.051823000,127.253310000,665.000000,1711.353382,2476.705836,765.352454,44.722058,0.803529,13.041744,10.540854,18.065997,7.906579,12.388794,18.065997,38.050625000,127.252770000,38.050625000,127.252770000,38.050484000,127.253080000,38.050379179,127.253013550,38.050476000,127.252464000,38.050512589,127.252353094,38.050762000,127.252460000,38.050899443,127.252569590,38.050770000,127.253070000,38.050729257,127.253143880
34,34,825159710738,6.797,10.000000,38.051823000,127.253310000,665.000000,1711.353382,2476.705836,765.352454,44.722058,0.803529,13.041744,10.540854,18.065997,7.906579,12.388794,18.065997,38.050625000,127.252770000,38.050625000,127.252770000,38.050484000,127.253080000,38.050379179,127.253013550,38.050476000,127.252464000,38.050512589,127.252353094,38.050762000,127.252460000,38.050899443,127.252569590,38.050770000,127.253070000,38.050729257,127.253143880
35,35,825159710963,7.022,10.000000,38.051666000,127.253330000,670.000000,1773.285414,2375.863324,602.577910,33.980876,1.850341,3.680563,11.182095,7.470373,4.535883,6.717229,11.182095,38.050385000,127.253010000,38.050385000,127.253010000,38.050240000,127.253340000,38.050223361,127.253303718,38.050232000,127.252710000,38.050190020,127.252594113,38.050520000,127.252700000,38.050584179,127.252724901,38.050533000,127.253320000,38.050549192,127.253367483
36,36,825159711134,7.193,10.000000,38.051590000,127.253334000,672.000000,1794.415037,2449.691229,655.276192,36.517538,1.765440,1.587295,13.666690,3.665976,5.394792,6.078688,13.666690,38.050270000,127.253105000,38.050270000,127.253105000,38.050125000,127.253430000,38.050127837,127.253412255,38.050120000,127.252800000,38.050031457,127.252692002,38.050410000,127.252790000,38.050442525,127.252796558,38.050423000,127.253410000,38.050458574,127.253451792
37,37,825159711340,7.399,10.000000,38.051514000,127.253334000,675.000000,1833.597511,2527.193477,693.595965,37.827056,2.583934,1.497566,16.384149,0.821441,6.315201,6.254589,16.384149,38.050163000,127.253200000,38.050163000,127.253200000,38.050014000,127.253530000,38.050024599,127.253519479,38.050010000,127.252890000,38.049882387,127.252796880,38.050304000,127.252880000,38.050301831,127.252871043,38.050316000,127.253500000,38.050366074,127.253533860
38,38,825159711546,7.605,10.000000,38.051437000,127.253340000,677.000000,1873.341104,2568.910307,695.569203,37.129875,3.631330,0.251542,17.376719,4.340939,7.085837,7.263759,17.376719,38.050060000,127.253290000,38.050060000,127.253290000,38.049910000,127.253624000,38.049911731,127.253622156,38.049908000,127.252975000,38.049762024,127.252904782,38.050205000,127.252960000,38.050167350,127.252947104,38.050213000,127.253590000,38.050274362,127.253611493
39,39,825159711735,7.794,10.000000,38.051360000,127.253350000,680.000000,1880.706373,2640.402644,759.696271,40.394199,5.127774,2.920005,17.797760,6.231977,6.118318,8.267015,17.797760,38.049960000,127.253350000,38.049960000,127.253350000,38.049812000,127.253690000,38.049786401,127.253697268,38.049812000,127.253044000,38.049661583,127.252975187,38.050106000,127.253020000,38.050052642,127.252998485,38.050117000,127.253660000,38.050171442,127.253669573
40,40,825159711941,8.000,10.000000,38.051285000,127.253360000,682.000000,1926.339001,2664.648065,738.309064,38.327058,4.551386,3.966390,15.087076,6.158729,6.487840,7.925009,15.087076,38.049870000,127.253400000,38.049870000,127.253400000,38.049717000,127.253746000,38.049683142,127.253760093,38.049717000,127.253090000,38.049588554,127.253035089,38.050014000,127.253070000,38.049962715,127.253043647,38.050026000,127.253716000,38.050084255,127.253718201
41,41,825159712141,8.200,10.000000,38.051210000,127.253365000,685.000000,1950.708144,2736.871713,786.163569,40.301445,4.447857,6.379483,13.515286,6.025488,6.670835,8.147773,13.515286,38.049780000,127.253450000,38.049780000,127.253450000,38.049630000,127.253790000,38.049580160,127.253825921,38.049630000,127.253130000,38.049512173,127.253092822,38.049930000,127.253110000,38.049878677,127.253088161,38.049940000,127.253760000,38.049999667,127.253767059
42,42,825159712331,8.390,10.000000,38.051132000,127.253365000,688.000000,2006.723667,2815.426212,808.702544,40.299647,3.904645,6.654432,12.256488,5.679059,7.086509,7.919122,12.256488,38.049700000,127.253494000,38.049700000,127.253494000,38.049545000,127.253845000,38.049494038,127.253884678,38.049545000,127.253174000,38.049437784,127.253142199,38.049850000,127.253160000,38.049806377,127.253126410,38.049860000,127.253815000,38.049923553,127.253810325
43,43,825159712534,8.593,10.000000,38.051132000,127.253365000,688.000000,2006.723667,2815.426212,808.702544,40.299647,3.904645,6.654432,12.256488,5.679059,7.086509,7.919122,12.256488,38.049700000,127.253494000,38.049700000,127.253494000,38.049545000,127.253845000,38.049494038,127.253884678,38.049545000,127.253174000,38.049437784,127.253142199,38.049850000,127.253160000,38.049806377,127.253126410,38.049860000,127.253815000,38.049923553,127.253810325
44,44,825159712738,8.797,10.000000,38.050983000,127.253380000,693.000000,2016.695954,3017.456256,1000.760302,49.623757,2.848001,7.670464,12.287850,3.476561,8.579571,8.003611,12.287850,38.049553000,127.253555000,38.049553000,127.253555000,38.049397000,127.253910000,38.049343706,127.253965464,38.049397000,127.253235000,38.049289490,127.253203226,38.049700000,127.253210000,38.049681829,127.253177745,38.049710000,127.253876000,38.049787038,127.253873105
45,45,825159712942,9.001,10.000000,38.050907000,127.253390000,695.000000,2045.031541,3092.588222,1047.556681,51.224475,2.691896,7.832552,12.292337,3.543105,8.733889,8.100471,12.292337,38.049484000,127.253580000,38.049484000,127.253580000,38.049328000,127.253940000,38.049274483,127.253998007,38.049330000,127.253260000,38.049222560,127.253227625,38.049637000,127.253235000,38.049623207,127.253198575,38.049644000,127.253900000,38.049722455,127.253899199
46,46,825159713144,9.203,10.000000,38.050835000,127.253395000,698.000000,2049.034105,3141.716940,1092.682835,53.326728,2.026496,7.825450,11.808952,4.099210,9.353259,8.271718,11.808952,38.049427000,127.253600000,38.049427000,127.253600000,38.049267000,127.253960000,38.049219120,127.254025361,38.049270000,127.253280000,38.049167139,127.253247060,38.049576000,127.253260000,38.049572371,127.253213466,38.049583000,127.253930000,38.049666757,127.253921532
47,47,825159713335,9.394,10.000000,38.050835000,127.253395000,698.000000,2049.034105,3141.716940,1092.682835,53.326728,2.026496,7.825450,11.808952,4.099210,9.353259,8.271718,11.808952,38.049427000,127.253600000,38.049427000,127.253600000,38.049267000,127.253960000,38.049219120,127.254025361,38.049270000,127.253280000,38.049167139,127.253247060,38.049576000,127.253260000,38.049572371,127.253213466,38.049583000,127.253930000,38.049666757,127.253921532
48,48,825159713538,9.597,10.000000,38.050686000,127.253400000,703.000000,2064.309123,3292.432482,1228.123359,59.493190,2.241946,8.657268,13.424877,4.041994,9.605010,8.932287,13.424877,38.049320000,127.253630000,38.049320000,127.253630000,38.049164000,127.253990000,38.049116579,127.254068273,38.049164000,127.253300000,38.049045013,127.253275053,38.049473000,127.253280000,38.049473207,127.253233892,38.049477000,127.253950000,38.049563200,127.253954803
49,49,825159713740,9.799,10.000000,38.050610000,127.253410000,705.000000,2063.041817,3338.181675,1275.139858,61.808726,2.119320,8.914151,13.848212,4.365208,9.647744,9.193829,13.848212,38.049274000,127.253640000,38.049274000,127.253640000,38.049118000,127.254000000,38.049070952,127.254082286,38.049118000,127.253310000,38.048995416,127.253283104,38.049423000,127.253290000,38.049429895,127.253240980,38.049430000,127.253970000,38.049516644,127.253967466
50,50,825159713929,9.988,10.000000,38.050537000,127.253420000,707.000000,2038.061454,3396.199668,1358.138214,66.638727,2.234846,9.635750,14.627380,4.383005,9.830144,9.619070,14.627380,38.049225000,127.253654000,38.049225000,127.253654000,38.049070000,127.254010000,38.049022080,127.254101538,38.049070000,127.253330000,38.048941451,127.253295432,38.049374000,127.253300000,38.049382462,127.253251169,38.049380000,127.253980000,38.049468255,127.253983789
51,51,825159714138,10.197,10.000000,38.050460000,127.253420000,710.000000,2076.413526,3440.107938,1363.694412,65.675473,2.119137,8.827143,14.910798,5.617214,9.661326,9.754121,14.910798,38.049183000,127.253654000,38.049183000,127.253654000,38.049023000,127.254020000,38.048981669,127.254105935,38.049026000,127.253330000,38.048895215,127.253293263,38.049330000,127.253310000,38.049340429,127.253247306,38.049340000,127.253990000,38.049426742,127.253986383
52,52,825159714341,10.400,10.000000,38.050385000,127.253426000,712.000000,2096.468560,3476.386415,1379.917856,65.821061,2.315287,9.167792,14.962803,5.786427,9.440673,9.839424,14.962803,38.049137000,127.253654000,38.049137000,127.253654000,38.048980000,127.254020000,38.048936459,127.254108770,38.048980000,127.253330000,38.048849336,127.253289968,38.049290000,127.253310000,38.049297331,127.253244651,38.049297000,127.253990000,38.049381805,127.253989293
53,53,825159714530,10.589,10.000000,38.050310000,127.253430000,714.000000,2094.488785,3502.025353,1407.536568,67.201915,2.092543,9.024349,15.165057,5.694240,9.781943,9.916397,15.165057,38.049095000,127.253660000,38.049095000,127.253660000,38.048940000,127.254030000,38.048898451,127.254118395,38.048940000,127.253334000,38.048807307,127.253294834,38.049244000,127.253310000,38.049256528,127.253247022,38.049255000,127.254000000,38.049342819,127.253996098
54,54,825159714731,10.790,10.000000,38.050236000,127.253440000,716.000000,2105.546271,3522.854994,1417.308723,67.313112,1.885144,9.819575,14.714100,5.897361,10.046695,10.119433,14.714100,38.049057000,127.253670000,38.049057000,127.253670000,38.048900000,127.254030000,38.048863491,127.254131971,38.048900000,127.253334000,38.048769990,127.253303720,38.049210000,127.253320000,38.049219429,127.253253800,38.049217000,127.254000000,38.049307079,127.254007072
55,55,825159714938,10.997,10.000000,38.050156000,127.253440000,718.000000,2082.371132,3558.629023,1476.257892,70.893121,1.753406,10.127762,15.036267,6.311896,10.375731,10.462914,15.036267,38.049010000,127.253670000,38.049010000,127.253670000,38.048855000,127.254030000,38.048819126,127.254136171,38.048855000,127.253334000,38.048722301,127.253301981,38.049160000,127.253320000,38.049173370,127.253250028,38.049170000,127.254000000,38.049262975,127.254008340
56,56,825159715141,11.200,10.000000,38.050080000,127.253450000,720.000000,2097.742238,3595.583163,1497.840925,71.402525,1.760368,9.640673,15.063272,6.531691,10.233917,10.367388,15.063272,38.048960000,127.253660000,38.048960000,127.253660000,38.048805000,127.254030000,38.048765206,127.254127678,38.048805000,127.253334000,38.048675363,127.253284743,38.049110000,127.253310000,38.049126029,127.253238325,38.049120000,127.254000000,38.049211858,127.254004700
57,57,825159715345,11.404,10.000000,38.050003000,127.253456000,722.000000,2131.556997,3632.268743,1500.711746,70.404486,1.475016,9.711761,14.611872,6.840369,10.432007,10.399002,14.611872,38.048910000,127.253660000,38.048910000,127.253660000,38.048750000,127.254030000,38.048715003,127.254131481,38.048750000,127.253334000,38.048625585,127.253280874,38.049060000,127.253310000,38.049075129,127.253234371,38.049070000,127.254000000,38.049163500,127.254008008
58,58,825159715534,11.593,10.000000,38.050003000,127.253456000,722.000000,2131.556997,3632.268743,1500.711746,70.404486,1.475016,9.711761,14.611872,6.840369,10.432007,10.399002,14.611872,38.048910000,127.253660000,38.048910000,127.253660000,38.048750000,127.254030000,38.048715003,127.254131481,38.048750000,127.253334000,38.048625585,127.253280874,38.049060000,127.253310000,38.049075129,127.253234371,38.049070000,127.254000000,38.049163500,127.254008008
59,59,825159715740,11.799,10.000000,38.049850000,127.253460000,726.000000,2134.590405,3745.674758,1611.084353,75.475105,1.606226,10.982487,15.402516,6.885854,11.314650,11.146377,15.402516,38.048794000,127.253670000,38.048794000,127.253670000,38.048637000,127.254036000,38.048602321,127.254153286,38.048637000,127.253334000,38.048504032,127.253285414,38.048946000,127.253310000,38.048955710,127.253232424,38.048954000,127.254005000,38.049054660,127.254022895
60,60,825159715940,11.999,10.000000,38.049770000,127.253470000,728.000000,2151.762369,3796.983397,1645.221028,76.459234,1.462564,10.801089,15.222619,8.048419,11.110031,11.295539,15.222619,38.048733000,127.253660000,38.048733000,127.253660000,38.048573000,127.254030000,38.048537515,127.254144676,38.048573000,127.253330000,38.048445720,127.253266514,38.048885000,127.253310000,38.048899318,127.253220007,38.048893000,127.254005000,38.048991976,127.254021285
61,61,825159716133,12.192,10.000000,38.049706000,127.253470000,730.000000,2131.124675,3864.572357,1733.447682,81.339572,1.683837,11.341574,16.031356,8.481976,11.489244,11.836038,16.031356,38.048676000,127.253660000,38.048676000,127.253660000,38.048520000,127.254030000,38.048481020,127.254149534,38.048520000,127.253330000,38.048386243,127.253262225,38.048830000,127.253310000,38.048843133,127.253214691,38.048836000,127.254005000,38.048937991,127.254025079
62,62,825159716336,12.395,10.000000,38.049625000,127.253480000,731.000000,2137.084207,3913.700626,1776.616419,83.132729,1.645951,11.142549,16.122850,8.849074,11.569752,11.921056,16.122850,38.048610000,127.253660000,38.048610000,127.253660000,38.048454000,127.254036000,38.048413438,127.254152203,38.048454000,127.253330000,38.048321357,127.253256143,38.048763000,127.253310000,38.048780140,127.253211430,38.048770000,127.254005000,38.048871873,127.254031143
63,63,825159716533,12.592,10.000000,38.049550000,127.253490000,733.000000,2167.723151,3975.632148,1807.908997,83.401287,1.505468,11.430543,15.919830,9.224456,11.556055,12.032721,15.919830,38.048546000,127.253660000,38.048546000,127.253660000,38.048386000,127.254036000,38.048345851,127.254156011,38.048386000,127.253330000,38.048257889,127.253249291,38.048700000,127.253310000,38.048718961,127.253207565,38.048706000,127.254005000,38.048806283,127.254039071
64,64,825159716743,12.802,10.000000,38.049470000,127.253490000,735.000000,2173.970694,4041.609616,1867.638922,85.909112,1.756646,12.489869,16.650384,8.807658,11.508839,12.364188,16.650384,38.048477000,127.253660000,38.048477000,127.253660000,38.048320000,127.254030000,38.048276987,127.254161590,38.048320000,127.253330000,38.048186291,127.253244871,38.048634000,127.253300000,38.048649770,127.253201544,38.048640000,127.254005000,38.048738609,127.254044443
65,65,825159716953,13.012,10.000000,38.049390000,127.253494000,737.000000,2173.972506,4091.871891,1917.899386,88.220959,1.436458,12.711108,16.638938,9.304695,12.009340,12.666020,16.638938,38.048416000,127.253660000,38.048416000,127.253660000,38.048256000,127.254030000,38.048216020,127.254165821,38.048256000,127.253330000,38.048124281,127.253240284,38.048570000,127.253300000,38.048589091,127.253196664,38.048576000,127.254005000,38.048677902,127.254049976
66,66,825159717132,13.191,10.000000,38.049310000,127.253500000,738.000000,2156.165001,4139.459607,1983.294606,91.982506,1.580443,13.024689,17.348022,9.667523,12.132499,13.043183,17.348022,38.048350000,127.253660000,38.048350000,127.253660000,38.048190000,127.254030000,38.048148864,127.254169091,38.048195000,127.253330000,38.048058156,127.253235315,38.048504000,127.253300000,38.048524610,127.253192870,38.048510000,127.254005000,38.048611350,127.254055900
67,67,825159717339,13.398,10.000000,38.049230000,127.253500000,740.000000,2171.707368,4194.786808,2023.079440,93.156171,1.334242,13.287674,17.120402,10.192990,12.645154,13.311555,17.120402,38.048290000,127.253660000,38.048290000,127.253660000,38.048130000,127.254030000,38.048091882,127.254173640,38.048134000,127.253320000,38.047996816,127.253231716,38.048443000,127.253300000,38.048465086,127.253187159,38.048450000,127.254005000,38.048555354,127.254058934
68,68,825159717541,13.600,10.000000,38.049230000,127.253500000,740.000000,2171.707368,4194.786808,2023.079440,93.156171,1.334242,13.287674,17.120402,10.192990,12.645154,13.311555,17.120402,38.048290000,127.253660000,38.048290000,127.253660000,38.048130000,127.254030000,38.048091882,127.254173640,38.048134000,127.253320000,38.047996816,127.253231716,38.048443000,127.253300000,38.048465086,127.253187159,38.048450000,127.254005000,38.048555354,127.254058934
69,69,825159717740,13.799,10.000000,38.049070000,127.253520000,743.000000,2177.878683,4337.644931,2159.766248,99.168345,1.143620,13.717123,17.317825,11.215384,13.017767,13.817025,17.317825,38.048160000,127.253654000,38.048160000,127.253654000,38.048000000,127.254030000,38.047952502,127.254174383,38.048004000,127.253320000,38.047874568,127.253210403,38.048313000,127.253296000,38.048347028,127.253175581,38.048320000,127.254005000,38.048426212,127.254067132
70,70,825159717936,13.995,10.000000,38.048990000,127.253520000,745.000000,2219.184231,4434.379361,2215.195130,99.820245,1.365737,14.349887,17.730899,11.565760,13.038571,14.171280,17.730899,38.048090000,127.253654000,38.048090000,127.253654000,38.047930000,127.254030000,38.047881206,127.254181513,38.047935000,127.253320000,38.047803676,127.253205544,38.048250000,127.253296000,38.048279682,127.253169565,38.048256000,127.254005000,38.048360861,127.254071263
71,71,825159718140,14.199,10.000000,38.048904000,127.253525000,747.000000,2221.045164,4502.174000,2281.128836,102.705198,0.594225,14.715279,16.864985,12.289197,14.044651,14.478528,16.864985,38.048027000,127.253654000,38.048027000,127.253654000,38.047863000,127.254030000,38.047816371,127.254187071,38.047867000,127.253310000,38.047742302,127.253200743,38.048180000,127.253296000,38.048219178,127.253164939,38.048187000,127.254005000,38.048299992,127.254076276
72,72,825159718330,14.389,10.000000,38.048824000,127.253530000,748.000000,2217.656062,4555.493626,2337.837564,105.419303,0.346141,15.006951,16.875792,12.844245,14.384040,14.777757,16.875792,38.047960000,127.253654000,38.047960000,127.253654000,38.047794000,127.254030000,38.047747993,127.254190911,38.047800000,127.253310000,38.047677737,127.253196183,38.048110000,127.253296000,38.048155214,127.253161201,38.048120000,127.254005000,38.048234333,127.254081446
73,73,825159718537,14.596,10.000000,38.048740000,127.253530000,750.000000,2231.222736,4611.764463,2380.541727,106.692249,0.365573,15.342310,17.081250,13.145421,14.914002,15.120746,17.081250,38.047890000,127.253654000,38.047890000,127.253654000,38.047726000,127.254030000,38.047680943,127.254195396,38.047730000,127.253310000,38.047607724,127.253192283,38.048046000,127.253296000,38.048086600,127.253155188,38.048050000,127.254005000,38.048167913,127.254085771
74,74,825159718743,14.802,10.000000,38.048656000,127.253540000,752.000000,2203.144264,4669.043793,2465.899529,111.926376,0.420474,15.750183,17.568434,13.599165,15.263867,15.545412,17.568434,38.047820000,127.253654000,38.047820000,127.253654000,38.047660000,127.254030000,38.047609319,127.254197744,38.047665000,127.253310000,38.047541472,127.253185271,38.047977000,127.253296000,38.048021841,127.253151699,38.047980000,127.254005000,38.048098047,127.254093581
75,75,825159718937,14.996,10.000000,38.048576000,127.253540000,753.000000,2224.444652,4706.507616,2482.062964,111.581242,0.395525,15.999996,17.549753,13.978892,15.254207,15.695712,17.549753,38.047752000,127.253654000,38.047752000,127.253654000,38.047592000,127.254030000,38.047542957,127.254201562,38.047596000,127.253310000,38.047474318,127.253182712,38.047910000,127.253296000,38.047954314,127.253146798,38.047916000,127.254005000,38.048031985,127.254097663
76,76,825159719131,15.190,10.000000,38.048492000,127.253550000,755.000000,2224.637013,4729.798104,2505.161091,112.609881,0.240791,16.155931,17.350238,14.445545,15.414387,15.841525,17.350238,38.047684000,127.253654000,38.047684000,127.253654000,38.047523000,127.254030000,38.047472855,127.254202944,38.047527000,127.253310000,38.047411391,127.253177261,38.047840000,127.253296000,38.047889533,127.253143694,38.047848000,127.254005000,38.047960779,127.254107021
77,77,825159719338,15.397,10.000000,38.048410000,127.253555000,756.000000,2249.138348,4725.091475,2475.953127,110.084519,0.347829,15.886480,17.014210,14.831088,15.536085,15.816966,17.014210,38.047615000,127.253654000,38.047615000,127.253654000,38.047450000,127.254030000,38.047406731,127.254202690,38.047455000,127.253310000,38.047345950,127.253174011,38.047770000,127.253296000,38.047821947,127.253140209,38.047780000,127.254005000,38.047890033,127.254114019
78,78,825159719546,15.605,10.000000,38.048325000,127.253555000,758.000000,2231.233708,4748.480280,2517.246572,112.818597,0.233784,16.067802,17.474587,15.174148,16.002767,16.179826,17.474587,38.047530000,127.253654000,38.047530000,127.253654000,38.047370000,127.254030000,38.047326031,127.254204577,38.047375000,127.253310000,38.047262900,127.253170460,38.047690000,127.253296000,38.047738524,127.253134245,38.047695000,127.254005000,38.047805516,127.254121741
79,79,825159719736,15.795,10.000000,38.048240000,127.253560000,759.000000,2245.561594,4738.306750,2492.745156,111.007650,0.472857,15.988426,16.921395,15.488147,16.235037,16.158252,16.921395,38.047462000,127.253654000,38.047462000,127.253654000,38.047300000,127.254030000,38.047258826,127.254204728,38.047302000,127.253310000,38.047198579,127.253168538,38.047620000,127.253296000,38.047670659,127.253131452,38.047626000,127.254005000,38.047735429,127.254127426
80,80,825159719947,16.006,10.000000,38.048157000,127.253560000,760.000000,2253.370671,4699.386986,2446.016315,108.549221,0.702684,15.868598,16.523206,15.777159,16.081228,16.062548,16.523206,38.047394000,127.253654000,38.047394000,127.253654000,38.047230000,127.254030000,38.047193952,127.254205132,38.047234000,127.253310000,38.047134782,127.253169814,38.047550000,127.253296000,38.047599572,127.253127395,38.047558000,127.254010000,38.047666787,127.254130696
81,81,825159720135,16.194,10.000000,38.048073000,127.253570000,762.000000,2266.469188,4659.865747,2393.396559,105.600225,0.711587,15.186726,16.142820,15.889351,16.135199,15.838524,16.142820,38.047320000,127.253654000,38.047320000,127.253654000,38.047160000,127.254036000,38.047120742,127.254201910,38.047160000,127.253310000,38.047068876,127.253166754,38.047480000,127.253296000,38.047527683,127.253125161,38.047485000,127.254010000,38.047588356,127.254139041
82,82,825159720330,16.389,10.000000,38.047990000,127.253580000,763.000000,2270.081661,4618.565641,2348.483980,103.453722,0.989125,14.760556,15.825042,16.142522,16.116032,15.711038,16.142522,38.047264000,127.253654000,38.047264000,127.253654000,38.047100000,127.254036000,38.047065360,127.254198529,38.047104000,127.253310000,38.047019214,127.253165102,38.047420000,127.253296000,38.047473560,127.253124881,38.047430000,127.254010000,38.047528283,127.254144984
83,83,825159720559,16.618,10.000000,38.047905000,127.253580000,765.000000,2277.305504,4594.442815,2317.137311,101.749076,0.701262,15.359038,15.239642,15.740851,16.564439,15.725992,16.564439,38.047188000,127.253660000,38.047188000,127.253660000,38.047028000,127.254036000,38.046994784,127.254206049,38.047028000,127.253310000,38.046943050,127.253173676,38.047348000,127.253296000,38.047392774,127.253125681,38.047356000,127.254010000,38.047454239,127.254151920
84,84,825159720740,16.799,10.000000,38.047820000,127.253586000,766.000000,2262.669457,4543.661238,2280.991780,100.809766,0.999906,15.059773,14.862776,15.862150,16.819058,15.650939,16.819058,38.047120000,127.253660000,38.047120000,127.253660000,38.046955000,127.254036000,38.046925363,127.254203616,38.046960000,127.253310000,38.046879694,127.253174555,38.047276000,127.253296000,38.047322754,127.253125076,38.047283000,127.254010000,38.047381759,127.254155197
85,85,825159720932,16.991,10.000000,38.047737000,127.253586000,767.000000,2278.480944,4488.947046,2210.466102,97.014904,0.921968,14.948535,14.408241,15.899699,16.087618,15.336023,16.087618,38.047047000,127.253660000,38.047047000,127.253660000,38.046883000,127.254036000,38.046853694,127.254202409,38.046886000,127.253310000,38.046809569,127.253177360,38.047203000,127.253296000,38.047245306,127.253122769,38.047210000,127.254020000,38.047306484,127.254156624
86,86,825159721133,17.192,10.000000,38.047653000,127.253590000,768.000000,2313.185487,4441.456874,2128.271386,92.006084,0.643448,14.415361,14.085398,15.678488,15.637853,14.954275,15.678488,38.046974000,127.253660000,38.046974000,127.253660000,38.046810000,127.254040000,38.046780218,127.254200029,38.046814000,127.253310000,38.046740944,127.253178814,38.047134000,127.253296000,38.047172207,127.253123860,38.047142000,127.254020000,38.047229557,127.254159494
87,87,825159721370,17.429,10.000000,38.047570000,127.253590000,770.000000,2327.708925,4416.143211,2088.434286,89.720594,0.495098,14.451397,13.710441,15.550927,15.422372,14.783784,15.550927,38.046900000,127.253660000,38.046900000,127.253660000,38.046738000,127.254040000,38.046706090,127.254199791,38.046738000,127.253310000,38.046668412,127.253180960,38.047062000,127.253296000,38.047096651,127.253124153,38.047070000,127.254020000,38.047154583,127.254159331
88,88,825159721542,17.601,10.000000,38.047485000,127.253600000,771.000000,2331.175530,4387.093349,2055.917819,88.192322,0.653383,14.101723,13.455953,15.345001,15.380760,14.570859,15.380760,38.046830000,127.253660000,38.046830000,127.253660000,38.046665000,127.254040000,38.046631910,127.254195274,38.046665000,127.253310000,38.046601248,127.253179591,38.046990000,127.253296000,38.047028702,127.253127999,38.046997000,127.254020000,38.047078586,127.254161596
89,89,825159721745,17.804,10.000000,38.047400000,127.253610000,772.000000,2353.242553,4353.904781,2000.662228,85.017255,0.549441,13.920277,12.723370,14.672072,15.123929,14.109912,15.123929,38.046757000,127.253670000,38.046757000,127.253670000,38.046593000,127.254050000,38.046560175,127.254203221,38.046593000,127.253310000,38.046526969,127.253191534,38.046917000,127.253300000,38.046953132,127.253139046,38.046925000,127.254030000,38.047004033,127.254170325
90,90,825159721935,17.994,10.000000,38.047330000,127.253610000,773.000000,2351.293133,4322.449310,1971.156177,83.832856,0.495309,13.604478,13.374022,14.424820,14.914384,14.079426,14.914384,38.046684000,127.253670000,38.046684000,127.253670000,38.046516000,127.254050000,38.046487592,127.254200936,38.046520000,127.253320000,38.046453653,127.253192815,38.046844000,127.253300000,38.046879527,127.253141761,38.046852000,127.254030000,38.046928562,127.254169614
91,91,825159722138,18.197,10.000000,38.047245000,127.253620000,774.000000,2351.295509,4288.918830,1937.623320,82.406627,0.245108,13.286722,13.389470,14.025189,14.578917,13.820074,14.578917,38.046610000,127.253670000,38.046610000,127.253670000,38.046444000,127.254050000,38.046410299,127.254195395,38.046448000,127.253320000,38.046383336,127.253191216,38.046772000,127.253300000,38.046809455,127.253147247,38.046780000,127.254030000,38.046848552,127.254171700
92,92,825159722332,18.391,10.000000,38.047160000,127.253620000,775.000000,2388.654642,4249.579985,1860.925342,77.906840,0.837537,12.091866,12.681115,14.002847,14.150050,13.231470,14.150050,38.046540000,127.253670000,38.046540000,127.253670000,38.046370000,127.254060000,38.046342054,127.254193289,38.046370000,127.253320000,38.046313996,127.253194034,38.046696000,127.253300000,38.046738489,127.253149657,38.046707000,127.254036000,38.046777727,127.254170116
93,93,825159722553,18.612,10.000000,38.047077000,127.253624000,777.000000,2370.759401,4220.167915,1849.408513,78.009119,0.749948,13.061247,12.158484,12.912608,14.501692,13.158508,14.501692,38.046463000,127.253680000,38.046463000,127.253680000,38.046300000,127.254060000,38.046269211,127.254203769,38.046300000,127.253320000,38.046235369,127.253208196,38.046623000,127.253300000,38.046658122,127.253159620,38.046635000,127.254036000,38.046702727,127.254177308
94,94,825159722744,18.803,10.000000,38.046993000,127.253624000,778.000000,2370.761765,4176.426984,1805.665218,76.163925,0.743113,12.814609,11.895133,12.736458,14.303502,12.937425,14.303502,38.046390000,127.253680000,38.046390000,127.253680000,38.046227000,127.254060000,38.046197973,127.254201453,38.046227000,127.253320000,38.046163316,127.253211043,38.046550000,127.253300000,38.046583063,127.253160914,38.046562000,127.254036000,38.046629088,127.254175154
95,95,825159722934,18.993,10.000000,38.046910000,127.253630000,779.000000,2406.149801,4132.130668,1725.980868,71.732062,0.319183,11.630420,11.310616,13.267800,13.753793,12.490657,13.753793,38.046318000,127.253680000,38.046318000,127.253680000,38.046154000,127.254070000,38.046124131,127.254197131,38.046150000,127.253320000,38.046094730,127.253211739,38.046480000,127.253310000,38.046511601,127.253164071,38.046490000,127.254040000,38.046553276,127.254174752
96,96,825159723141,19.200,10.000000,38.046825000,127.253630000,780.000000,2393.465609,4086.347156,1692.881547,70.729303,0.438072,11.355635,11.674142,13.140315,13.566740,12.434208,13.566740,38.046246000,127.253680000,38.046246000,127.253680000,38.046078000,127.254070000,38.046052642,127.254195468,38.046078000,127.253330000,38.046024486,127.253215476,38.046406000,127.253310000,38.046436975,127.253165361,38.046417000,127.254040000,38.046480583,127.254172024
97,97,825159723354,19.413,10.000000,38.046825000,127.253630000,780.000000,2393.465609,4086.347156,1692.881547,70.729303,0.438072,11.355635,11.674142,13.140315,13.566740,12.434208,13.566740,38.046246000,127.253680000,38.046246000,127.253680000,38.046078000,127.254070000,38.046052642,127.254195468,38.046078000,127.253330000,38.046024486,127.253215476,38.046406000,127.253310000,38.046436975,127.253165361,38.046417000,127.254040000,38.046480583,127.254172024
98,98,825159723533,19.592,10.000000,38.046658000,127.253640000,782.000000,2416.306331,3995.904289,1579.597958,65.372421,0.183996,11.201137,10.591507,12.108382,12.553407,11.613608,12.553407,38.046097000,127.253685000,38.046097000,127.253685000,38.045933000,127.254074000,38.045901331,127.254195277,38.045930000,127.253330000,38.045881844,127.253225801,38.046260000,127.253310000,38.046286759,127.253176125,38.046270000,127.254050000,38.046326932,127.254173608
99,99,825159723736,19.795,10.000000,38.046574000,127.253650000,783.000000,2409.282318,3953.225695,1543.943377,64.083124,0.207868,10.968007,10.259769,11.789880,12.329765,11.336855,12.329765,38.046024000,127.253685000,38.046024000,127.253685000,38.045860000,127.254074000,38.045822699,127.254189799,38.045856000,127.253330000,38.045814620,127.253225426,38.046185000,127.253310000,38.046216878,127.253181750,38.046196000,127.254050000,38.046247100,127.254174782
100,100,825159723942,20.001,10.000000,38.046490000,127.253650000,784.000000,2419.238862,3910.765368,1491.526506,61.652718,0.220078,11.227832,9.619532,11.959733,11.547152,11.088562,11.959733,38.045950000,127.253690000,38.045950000,127.253690000,38.045784000,127.254074000,38.045751107,127.254195073,38.045784000,127.253330000,38.045739392,127.253236021,38.046112000,127.253320000,38.046137971,127.253187622,38.046124000,127.254060000,38.046174291,127.254175202
101,101,825159724131,20.190,10.000000,38.046406000,127.253654000,785.000000,2437.295213,3872.602858,1435.307645,58.889364,0.342297,10.402338,9.331060,11.678529,11.504916,10.729211,11.678529,38.045880000,127.253690000,38.045880000,127.253690000,38.045710000,127.254080000,38.045678949,127.254191916,38.045708000,127.253334000,38.045671967,127.253237897,38.046040000,127.253320000,38.046068374,127.253191749,38.046050000,127.254060000,38.046100931,127.254174194
102,102,825159724335,20.394,10.000000,38.046406000,127.253654000,785.000000,2437.295213,3872.602858,1435.307645,58.889364,0.342297,10.402338,9.331060,11.678529,11.504916,10.729211,11.678529,38.045880000,127.253690000,38.045880000,127.253690000,38.045710000,127.254080000,38.045678949,127.254191916,38.045708000,127.253334000,38.045671967,127.253237897,38.046040000,127.253320000,38.046068374,127.253191749,38.046050000,127.254060000,38.046100931,127.254174194
103,103,825159724541,20.600,10.000000,38.046320000,127.253660000,785.000000,2471.707835,3814.793657,1343.085822,54.338373,0.224389,10.171015,9.139847,11.057672,10.028492,10.099257,11.057672,38.045803000,127.253690000,38.045803000,127.253690000,38.045635000,127.254080000,38.045598974,127.254186620,38.045635000,127.253334000,38.045599748,127.253239841,38.045967000,127.253320000,38.045993203,127.253198334,38.045980000,127.254070000,38.046018384,127.254173491
104,104,825159724730,20.789,10.000000,38.046158000,127.253670000,787.000000,2468.472617,3733.380092,1264.907475,51.242516,0.546016,9.655378,7.371054,10.607067,10.668693,9.575548,10.668693,38.045662000,127.253700000,38.045662000,127.253700000,38.045494000,127.254090000,38.045461173,127.254191945,38.045486000,127.253334000,38.045461343,127.253255966,38.045822000,127.253330000,38.045851060,127.253214771,38.045834000,127.254070000,38.045875858,127.254179476
105,105,825159724942,21.001,10.000000,38.046074000,127.253670000,788.000000,2498.786090,3700.171496,1201.385405,48.078762,0.119229,8.615278,7.417232,10.217686,10.006132,9.064082,10.217686,38.045600000,127.253700000,38.045600000,127.253700000,38.045433000,127.254100000,38.045401611,127.254189828,38.045430000,127.253334000,38.045399220,127.253258961,38.045765000,127.253330000,38.045787812,127.253217105,38.045776000,127.254074000,38.045814173,127.254177335
106,106,825159725131,21.190,10.000000,38.045986000,127.253680000,789.000000,2496.582880,3663.845448,1167.262568,46.754409,0.904830,9.097089,6.721495,9.152189,10.649278,8.905013,10.649278,38.045532000,127.253710000,38.045532000,127.253710000,38.045364000,127.254100000,38.045336286,127.254197620,38.045360000,127.253340000,38.045331803,127.253272203,38.045696000,127.253330000,38.045718905,127.253229736,38.045708000,127.254074000,38.045746706,127.254185088
107,107,825159725334,21.393,10.000000,38.045906000,127.253680000,790.000000,2513.819585,3627.655847,1113.836262,44.308520,0.821802,8.817165,6.382983,8.894002,9.993875,8.522006,9.993875,38.045464000,127.253710000,38.045464000,127.253710000,38.045296000,127.254100000,38.045270458,127.254195203,38.045290000,127.253340000,38.045264318,127.253274902,38.045628000,127.253330000,38.045650053,127.253232489,38.045640000,127.254080000,38.045678509,127.254182979
108,108,825159725536,21.595,10.000000,38.045906000,127.253680000,790.000000,2513.819585,3627.655847,1113.836262,44.308520,0.821802,8.817165,6.382983,8.894002,9.993875,8.522006,9.993875,38.045464000,127.253710000,38.045464000,127.253710000,38.045296000,127.254100000,38.045270458,127.254195203,38.045290000,127.253340000,38.045264318,127.253274902,38.045628000,127.253330000,38.045650053,127.253232489,38.045640000,127.254080000,38.045678509,127.254182979
109,109,825159725742,21.801,10.000000,38.045740000,127.253685000,791.000000,2550.543169,3554.502775,1003.959606,39.362580,0.944757,8.502717,5.410584,8.035829,8.935871,7.721250,8.935871,38.045310000,127.253716000,38.045310000,127.253716000,38.045143000,127.254105000,38.045118973,127.254197066,38.045135000,127.253340000,38.045110654,127.253286583,38.045475000,127.253334000,38.045493678,127.253245458,38.045490000,127.254090000,38.045523276,127.254182760
110,110,825159725931,21.990,10.000000,38.045654000,127.253690000,792.000000,2520.639075,3529.150144,1008.511069,40.010134,0.801730,7.718403,5.990725,7.913390,9.010520,7.658260,9.010520,38.045240000,127.253716000,38.045240000,127.253716000,38.045070000,127.254110000,38.045047113,127.254193108,38.045063000,127.253350000,38.045043022,127.253286548,38.045400000,127.253334000,38.045425605,127.253249792,38.045414000,127.254090000,38.045450581,127.254181687
111,111,825159726140,22.199,10.000000,38.045570000,127.253690000,793.000000,2551.636457,3501.474012,949.837555,37.224643,0.416874,7.647021,5.898274,7.488580,7.737148,7.192756,7.737148,38.045162000,127.253716000,38.045162000,127.253716000,38.044994000,127.254110000,38.044969533,127.254191508,38.044987000,127.253350000,38.044965175,127.253288692,38.045326000,127.253334000,38.045346636,127.253252698,38.045340000,127.254100000,38.045372237,127.254178189
112,112,825159726331,22.390,10.000000,38.045486000,127.253700000,793.000000,2577.266219,3468.776385,891.510166,34.591311,0.412841,6.861681,5.371587,7.259449,7.660805,6.788381,7.660805,38.045090000,127.253720000,38.045090000,127.253720000,38.044920000,127.254120000,38.044893821,127.254190860,38.044914000,127.253350000,38.044897086,127.253292615,38.045254000,127.253340000,38.045277368,127.253262692,38.045270000,127.254100000,38.045295895,127.254180963
113,113,825159726542,22.601,10.000000,38.045403000,127.253700000,794.000000,2574.487458,3448.261861,873.774403,33.939742,0.290641,6.947069,5.171430,7.094131,7.042186,6.563704,7.094131,38.045017000,127.253720000,38.045017000,127.253720000,38.044850000,127.254120000,38.044820788,127.254190026,38.044840000,127.253350000,38.044823900,127.253294666,38.045180000,127.253340000,38.045202886,127.253264477,38.045197000,127.254105000,38.045222556,127.254178482
114,114,825159726738,22.797,10.000000,38.045320000,127.253710000,794.000000,2594.422879,3418.074953,823.652074,31.747025,0.759620,6.737804,4.813724,5.944317,7.661055,6.289225,7.661055,38.044945000,127.253730000,38.044945000,127.253730000,38.044777000,127.254130000,38.044749691,127.254198589,38.044765000,127.253360000,38.044752606,127.253307395,38.045110000,127.253340000,38.045129764,127.253277010,38.045124000,127.254105000,38.045150501,127.254185649
115,115,825159726930,22.989,10.000000,38.045235000,127.253710000,795.000000,2591.180573,3391.198945,800.018372,30.874667,0.695292,6.578385,4.593327,5.815111,7.144051,6.032718,7.144051,38.044872000,127.253730000,38.044872000,127.253730000,38.044704000,127.254130000,38.044678039,127.254197409,38.044693000,127.253360000,38.044680619,127.253310019,38.045036000,127.253340000,38.045055789,127.253278612,38.045050000,127.254110000,38.045077971,127.254183343
116,116,825159727137,23.196,10.000000,38.045150000,127.253716000,796.000000,2598.136610,3357.143058,759.006447,29.213493,0.336595,6.094719,4.465548,6.407306,6.805468,5.943260,6.805468,38.044796000,127.253730000,38.044796000,127.253730000,38.044630000,127.254135000,38.044598968,127.254192276,38.044617000,127.253360000,38.044610588,127.253309718,38.044960000,127.253350000,38.044983525,127.253283297,38.044980000,127.254110000,38.044997437,127.254184404
117,117,825159727343,23.402,10.000000,38.045067000,127.253716000,796.000000,2620.926793,3314.823159,693.896366,26.475229,1.002231,6.534011,3.341580,5.439322,6.517863,5.458194,6.534011,38.044720000,127.253740000,38.044720000,127.253740000,38.044550000,127.254135000,38.044532245,127.254206040,38.044540000,127.253365000,38.044530115,127.253329010,38.044884000,127.253350000,38.044898816,127.253290876,38.044903000,127.254120000,38.044928871,127.254186697
118,118,825159727544,23.603,10.000000,38.044983000,127.253720000,797.000000,2629.785793,3283.732346,653.946553,24.866913,1.041379,5.843970,3.102525,5.254925,6.573547,5.193742,6.573547,38.044647000,127.253740000,38.044647000,127.253740000,38.044476000,127.254140000,38.044457337,127.254202306,38.044464000,127.253365000,38.044460990,127.253329817,38.044810000,127.253350000,38.044827482,127.253294320,38.044827000,127.254120000,38.044852438,127.254187669
119,119,825159727735,23.794,10.000000,38.044983000,127.253720000,797.000000,2629.785793,3283.732346,653.946553,24.866913,1.041379,5.843970,3.102525,5.254925,6.573547,5.193742,6.573547,38.044647000,127.253740000,38.044647000,127.253740000,38.044476000,127.254140000,38.044457337,127.254202306,38.044464000,127.253365000,38.044460990,127.253329817,38.044810000,127.253350000,38.044827482,127.253294320,38.044827000,127.254120000,38.044852438,127.254187669
120,120,825159727942,24.001,10.000000,38.044900000,127.253730000,797.000000,2624.713819,3262.801649,638.087830,24.310758,0.962047,6.345393,2.668196,5.198263,5.929265,5.035279,6.345393,38.044570000,127.253746000,38.044570000,127.253746000,38.044403000,127.254140000,38.044377174,127.254204525,38.044390000,127.253365000,38.044385997,127.253334992,38.044735000,127.253360000,38.044752306,127.253304927,38.044754000,127.254130000,38.044771057,127.254194072
121,121,825159728145,24.204,10.000000,38.044730000,127.253740000,798.000000,2627.061388,3241.070984,614.009596,23.372488,0.544756,5.314311,3.495909,4.845589,5.480413,4.784056,5.480413,38.044420000,127.253746000,38.044420000,127.253746000,38.044250000,127.254150000,38.044219088,127.254196194,38.044240000,127.253370000,38.044239865,127.253330124,38.044582000,127.253360000,38.044608476,127.253316128,38.044600000,127.254135000,38.044611594,127.254195755
122,122,825159728335,24.394,10.000000,38.044660000,127.253740000,799.000000,2675.175748,3245.800374,570.624626,21.330360,0.760319,4.591552,2.941267,4.309417,5.676261,4.379624,5.676261,38.044370000,127.253750000,38.044370000,127.253750000,38.044197000,127.254160000,38.044173713,127.254203229,38.044186000,127.253370000,38.044184697,127.253336491,38.044533000,127.253360000,38.044554518,127.253319137,38.044550000,127.254135000,38.044566816,127.254196125
123,123,825159728540,24.599,10.000000,38.044575000,127.253746000,799.000000,2682.253983,3222.850123,540.596140,20.154547,0.439173,4.514022,3.227120,4.411030,5.082251,4.308606,5.082251,38.044292000,127.253750000,38.044292000,127.253750000,38.044120000,127.254160000,38.044091655,127.254196822,38.044110000,127.253370000,38.044111141,127.253333218,38.044456000,127.253365000,38.044481550,127.253326541,38.044476000,127.254140000,38.044482950,127.254197296
124,124,825159728731,24.790,10.000000,38.044490000,127.253746000,800.000000,2680.485479,3225.168618,544.683139,20.320317,0.940591,4.623743,2.866700,3.448423,5.535259,4.118531,5.535259,38.044216000,127.253760000,38.044216000,127.253760000,38.044044000,127.254166000,38.044026259,127.254213688,38.044033000,127.253380000,38.044024169,127.253349283,38.044380000,127.253365000,38.044395589,127.253331009,38.044400000,127.254140000,38.044417364,127.254199164
125,125,825159728937,24.996,10.000000,38.044407000,127.253750000,800.000000,2701.094752,3207.182229,506.087477,18.736384,0.684940,4.474851,2.894388,3.399547,4.698477,3.866816,4.698477,38.044140000,127.253760000,38.044140000,127.253760000,38.043970000,127.254166000,38.043948075,127.254208783,38.043953000,127.253380000,38.043951025,127.253347080,38.044304000,127.253365000,38.044322293,127.253333950,38.044323000,127.254150000,38.044337303,127.254200423
126,126,825159729137,25.196,10.000000,38.044323000,127.253750000,801.000000,2714.321247,3199.382233,485.060985,17.870434,0.553196,3.735693,2.890941,3.767736,4.658714,3.763271,4.658714,38.044064000,127.253760000,38.044064000,127.253760000,38.043890000,127.254170000,38.043874053,127.254207493,38.043877000,127.253380000,38.043874381,127.253347192,38.044228000,127.253370000,38.044245727,127.253333389,38.044247000,127.254150000,38.044262036,127.254199592
127,127,825159729343,25.402,10.000000,38.044323000,127.253750000,801.000000,2714.321247,3199.382233,485.060985,17.870434,0.553196,3.735693,2.890941,3.767736,4.658714,3.763271,4.658714,38.044064000,127.253760000,38.044064000,127.253760000,38.043890000,127.254170000,38.043874053,127.254207493,38.043877000,127.253380000,38.043874381,127.253347192,38.044228000,127.253370000,38.044245727,127.253333389,38.044247000,127.254150000,38.044262036,127.254199592
128,128,825159729532,25.591,10.000000,38.044240000,127.253760000,801.000000,2756.483962,3161.998728,405.514766,14.711305,0.799926,3.352465,1.868439,2.807210,4.407806,3.108980,4.407806,38.043983000,127.253770000,38.043983000,127.253770000,38.043810000,127.254180000,38.043796247,127.254214020,38.043800000,127.253380000,38.043795371,127.253359514,38.044150000,127.253370000,38.044164270,127.253343600,38.044170000,127.254160000,38.044180961,127.254208313
129,129,825159729734,25.793,10.000000,38.044150000,127.253760000,802.000000,2733.162329,3137.108880,403.946551,14.779457,0.689974,3.096302,2.494291,3.073342,4.324746,3.247170,4.324746,38.043907000,127.253770000,38.043907000,127.253770000,38.043736000,127.254180000,38.043723656,127.254211650,38.043720000,127.253390000,38.043720075,127.253361549,38.044070000,127.253370000,38.044087262,127.253342641,38.044094000,127.254160000,38.044106208,127.254206832
130,130,825159729940,25.999,10.000000,38.043983000,127.253770000,802.000000,2746.733510,3056.089523,309.356013,11.262688,0.764908,2.363570,1.118567,2.702957,4.216446,2.600385,4.216446,38.043750000,127.253780000,38.043750000,127.253780000,38.043580000,127.254190000,38.043571045,127.254214445,38.043564000,127.253390000,38.043564736,127.253377275,38.043915000,127.253380000,38.043926452,127.253352813,38.043938000,127.254166000,38.043947007,127.254212716
131,131,825159730144,26.203,10.000000,38.043896000,127.253780000,803.000000,2782.923752,3018.609571,235.685818,8.469000,0.666051,1.924775,1.652133,2.072164,4.370592,2.504916,4.370592,38.043670000,127.253784000,38.043670000,127.253784000,38.043500000,127.254196000,38.043486677,127.254209995,38.043484000,127.253395000,38.043491891,127.253379039,38.043840000,127.253380000,38.043851752,127.253361670,38.043860000,127.254170000,38.043859272,127.254219845
132,132,825159730335,26.394,10.000000,38.043810000,127.253780000,803.000000,2781.169977,2969.474920,188.304943,6.770710,0.646670,1.165462,1.810421,2.760713,3.171728,2.227081,3.171728,38.043594000,127.253784000,38.043594000,127.253784000,38.043420000,127.254196000,38.043413096,127.254205994,38.043404000,127.253395000,38.043416945,127.253382500,38.043760000,127.253390000,38.043774023,127.253364027,38.043780000,127.254180000,38.043782394,127.254216051
133,133,825159730540,26.599,10.000000,38.043728000,127.253784000,803.000000,2796.172991,2918.101066,121.928075,4.360534,0.819927,0.885322,1.363009,1.890601,3.236792,1.843931,3.236792,38.043514000,127.253790000,38.043514000,127.253790000,38.043340000,127.254200000,38.043337621,127.254209636,38.043324000,127.253395000,38.043336194,127.253393601,38.043682000,127.253390000,38.043690034,127.253371000,38.043700000,127.254180000,38.043703408,127.254216666
134,134,825159730744,26.803,10.000000,38.043644000,127.253784000,804.000000,2839.165612,2901.037813,61.872202,2.179239,0.335629,0.491833,1.435915,1.687499,2.094887,1.427533,2.094887,38.043434000,127.253790000,38.043434000,127.253790000,38.043262000,127.254210000,38.043257809,127.254208223,38.043243000,127.253400000,38.043255055,127.253394172,38.043602000,127.253390000,38.043608699,127.253372733,38.043625000,127.254190000,38.043622460,127.254213677
135,135,825159730934,26.993,10.000000,38.043556000,127.253790000,804.000000,2815.453672,2874.038882,58.585210,2.080844,0.852549,0.883056,0.842978,0.658299,2.268372,1.163177,2.268372,38.043354000,127.253800000,38.043354000,127.253800000,38.043182000,127.254210000,38.043183366,127.254219922,38.043167000,127.253400000,38.043169262,127.253409177,38.043520000,127.253390000,38.043521951,127.253382912,38.043545000,127.254190000,38.043546652,127.254215789
136,136,825159731130,27.189,10.000000,38.043556000,127.253790000,804.000000,2815.453672,2874.038882,58.585210,2.080844,0.852549,0.883056,0.842978,0.658299,2.268372,1.163177,2.268372,38.043354000,127.253800000,38.043354000,127.253800000,38.043182000,127.254210000,38.043183366,127.254219922,38.043167000,127.253400000,38.043169262,127.253409177,38.043520000,127.253390000,38.043521951,127.253382912,38.043545000,127.254190000,38.043546652,127.254215789
137,137,825159731350,27.409,10.000000,38.043472000,127.253790000,804.000000,2857.880369,2843.595953,-14.284417,-0.499826,0.326915,0.353664,0.954794,0.945963,1.340446,0.898717,1.340446,38.043274000,127.253800000,38.043274000,127.253800000,38.043102000,127.254220000,38.043104660,127.254217795,38.043087000,127.253400000,38.043089107,127.253410557,38.043446000,127.253395000,38.043440974,127.253386300,38.043465000,127.254196000,38.043466104,127.254211225
138,138,825159731542,27.601,10.000000,38.043390000,127.253800000,805.000000,2864.085369,2834.955474,-29.129895,-1.017075,0.317608,1.220749,2.114977,1.407563,2.052532,1.698955,2.114977,38.043198000,127.253800000,38.043198000,127.253800000,38.043022000,127.254220000,38.043015954,127.254208383,38.043007000,127.253410000,38.043024669,127.253401132,38.043365000,127.253395000,38.043377559,127.253396865,38.043390000,127.254200000,38.043377138,127.254216775
139,139,825159731743,27.802,10.000000,38.043300000,127.253800000,805.000000,2899.075617,2833.720056,-65.355561,-2.254359,0.701794,0.770757,1.190318,0.492369,1.189858,0.910825,1.190318,38.043118000,127.253810000,38.043118000,127.253810000,38.042942000,127.254230000,38.042948853,127.254228743,38.042923000,127.253410000,38.042929837,127.253420439,38.043285000,127.253395000,38.043283106,127.253400075,38.043310000,127.254200000,38.043310719,127.254213541
140,140,825159731934,27.993,10.000000,38.043217000,127.253810000,805.000000,2913.927628,2830.932049,-82.995579,-2.848237,0.207789,1.633821,2.046415,1.467344,1.913274,1.765214,2.046415,38.043037000,127.253810000,38.043037000,127.253810000,38.042862000,127.254234000,38.042852965,127.254219313,38.042843000,127.253410000,38.042861383,127.253410151,38.043205000,127.253400000,38.043215315,127.253410421,38.043230000,127.254210000,38.043215266,127.254221236
141,141,825159732130,28.189,10.000000,38.043045000,127.253815000,806.000000,2952.981720,2867.989931,-84.991789,-2.878168,0.160792,1.666797,1.919957,1.629408,1.772202,1.747091,1.919957,38.042862000,127.253815000,38.042862000,127.253815000,38.042686000,127.254240000,38.042673910,127.254228784,38.042667000,127.253420000,38.042682749,127.253411072,38.043034000,127.253400000,38.043040347,127.253416748,38.043056000,127.254220000,38.043040235,127.254222812
142,142,825159732337,28.396,10.000000,38.042960000,127.253815000,806.000000,2930.099344,2896.219103,-33.880240,-1.156283,0.533753,1.035214,0.496329,0.594772,1.246942,0.843314,1.246942,38.042780000,127.253820000,38.042780000,127.253820000,38.042606000,127.254240000,38.042596775,127.254241487,38.042587000,127.253420000,38.042591331,127.253418656,38.042953000,127.253410000,38.042951223,127.253416398,38.042976000,127.254220000,38.042965077,127.254223153
143,143,825159732545,28.604,10.000000,38.042873000,127.253820000,807.000000,2959.780770,2932.400737,-27.380033,-0.925070,0.451998,1.764244,1.769069,1.374427,1.815648,1.680847,1.815648,38.042700000,127.253820000,38.042700000,127.253820000,38.042522000,127.254250000,38.042508462,127.254239537,38.042507000,127.253426000,38.042517287,127.253410620,38.042870000,127.253410000,38.042879535,127.253419960,38.042896000,127.254230000,38.042879692,127.254229657
144,144,825159732738,28.797,10.000000,38.042790000,127.253830000,807.000000,3002.149530,2976.143095,-26.006435,-0.866260,0.493946,2.039256,1.382835,1.965667,1.981860,1.842404,2.039256,38.042618000,127.253830000,38.042618000,127.253830000,38.042442000,127.254260000,38.042424453,127.254253319,38.042423000,127.253426000,38.042432882,127.253416442,38.042790000,127.253410000,38.042798704,127.253429508,38.042816000,127.254234000,38.042798919,127.254240375
145,145,825159732933,28.992,10.000000,38.042706000,127.253830000,807.000000,2966.579850,3023.816855,57.237004,1.929394,0.397835,2.161929,1.469123,1.280932,1.507331,1.604829,2.161929,38.042538000,127.253830000,38.042538000,127.253830000,38.042362000,127.254260000,38.042342744,127.254256793,38.042343000,127.253426000,38.042350168,127.253411930,38.042710000,127.253420000,38.042719746,127.253427767,38.042732000,127.254234000,38.042720086,127.254242170
146,146,825159733131,29.190,10.000000,38.042618000,127.253840000,807.000000,3007.820926,3061.161735,53.340809,1.773404,0.747932,2.257959,1.260313,1.619613,1.977166,1.778763,2.257959,38.042470000,127.253840000,38.042470000,127.253840000,38.042294000,127.254265000,38.042274072,127.254269801,38.042274000,127.253430000,38.042280494,127.253418224,38.042645000,127.253420000,38.042652459,127.253435862,38.042667000,127.254240000,38.042653334,127.254254405
147,147,825159733335,29.394,10.000000,38.042618000,127.253840000,807.000000,3007.820926,3061.161735,53.340809,1.773404,0.747932,2.257959,1.260313,1.619613,1.977166,1.778763,2.257959,38.042470000,127.253840000,38.042470000,127.253840000,38.042294000,127.254265000,38.042274072,127.254269801,38.042274000,127.253430000,38.042280494,127.253418224,38.042645000,127.253420000,38.042652459,127.253435862,38.042667000,127.254240000,38.042653334,127.254254405
148,148,825159733530,29.589,10.000000,38.042450000,127.253845000,808.000000,3035.510081,3174.476865,138.966784,4.578037,0.549135,2.537135,1.554013,1.921650,1.743852,1.939163,2.537135,38.042310000,127.253845000,38.042310000,127.253845000,38.042130000,127.254270000,38.042110070,127.254284039,38.042110000,127.253430000,38.042116577,127.253414365,38.042480000,127.253426000,38.042495577,127.253435446,38.042507000,127.254250000,38.042496744,127.254265035
149,149,825159733734,29.793,10.000000,38.042362000,127.253845000,808.000000,3038.216758,3230.225716,192.008957,6.319791,0.201606,2.531054,2.632055,1.947729,0.903537,2.003594,2.632055,38.042230000,127.253845000,38.042230000,127.253845000,38.042050000,127.254280000,38.042028254,127.254288430,38.042030000,127.253440000,38.042035117,127.253410689,38.042400000,127.253426000,38.042417032,127.253431086,38.042423000,127.254260000,38.042418293,127.254268396
150,150,825159733943,30.002,10.000000,38.042280000,127.253850000,808.000000,3095.181243,3296.243898,201.062655,6.495990,0.461929,2.792524,2.497636,1.561618,1.376484,2.057066,2.792524,38.042145000,127.253850000,38.042145000,127.253850000,38.041965000,127.254290000,38.041940787,127.254298330,38.041946000,127.253440000,38.041948352,127.253411668,38.042320000,127.253430000,38.042333979,127.253431487,38.042343000,127.254265000,38.042335082,127.254277059
151,151,825159734135,30.194,10.000000,38.042194000,127.253850000,808.000000,3095.184624,3345.587652,250.403028,8.090084,0.421376,3.119447,2.666246,1.753091,1.520653,2.264859,3.119447,38.042065000,127.253850000,38.042065000,127.253850000,38.041885000,127.254290000,38.041858878,127.254302879,38.041866000,127.253440000,38.041868198,127.253409716,38.042240000,127.253430000,38.042255589,127.253427160,38.042263000,127.254265000,38.042256687,127.254280382
152,152,825159734339,30.398,10.000000,38.042110000,127.253860000,809.000000,3117.098204,3417.061097,299.962892,9.623145,0.701856,3.844330,2.920436,1.882269,2.457518,2.776138,3.844330,38.041980000,127.253860000,38.041980000,127.253860000,38.041800000,127.254295000,38.041771012,127.254318833,38.041782000,127.253450000,38.041782484,127.253416694,38.042156000,127.253430000,38.042172824,127.253432151,38.042183000,127.254270000,38.042173958,127.254295572
153,153,825159734532,30.591,10.000000,38.042038000,127.253860000,809.000000,3124.689598,3473.175521,348.485924,11.152657,0.553887,4.062376,3.092982,2.311670,1.911437,2.844616,4.062376,38.041900000,127.253860000,38.041900000,127.253860000,38.041720000,127.254300000,38.041688518,127.254323434,38.041702000,127.253450000,38.041702209,127.253414722,38.042076000,127.253440000,38.042094724,127.253428599,38.042103000,127.254280000,38.042095830,127.254299811
154,154,825159734737,30.796,10.000000,38.041954000,127.253870000,809.000000,3132.646989,3519.773142,387.126153,12.357797,0.894626,4.614594,2.388582,2.311195,3.016945,3.082829,4.614594,38.041820000,127.253870000,38.041820000,127.253870000,38.041637000,127.254300000,38.041607444,127.254336907,38.041620000,127.253450000,38.041622139,127.253422891,38.041996000,127.253440000,38.042016381,127.253434975,38.042020000,127.254280000,38.042017710,127.254314289
155,155,825159734930,30.989,10.000000,38.041870000,127.253870000,809.000000,3168.370280,3563.490747,395.120466,12.470779,0.413658,4.559210,3.088633,2.680189,2.544890,3.218230,4.559210,38.041737000,127.253870000,38.041737000,127.253870000,38.041557000,127.254310000,38.041523540,127.254339990,38.041534000,127.253456000,38.041539327,127.253421425,38.041912000,127.253440000,38.041935116,127.253431453,38.041940000,127.254290000,38.041936625,127.254318710
156,156,825159735138,31.197,10.000000,38.041782000,127.253876000,809.000000,3184.477095,3605.663723,421.186628,13.226241,0.961855,4.895865,2.718246,2.543694,3.452231,3.402509,4.895865,38.041653000,127.253876000,38.041653000,127.253876000,38.041470000,127.254310000,38.041438665,127.254349184,38.041450000,127.253456000,38.041455292,127.253425732,38.041830000,127.253440000,38.041852550,127.253435313,38.041855000,127.254290000,38.041854581,127.254329373
157,157,825159735335,31.394,10.000000,38.041700000,127.253876000,809.000000,3185.075904,3638.581048,453.505144,14.238441,0.473271,4.455564,2.825837,3.217715,3.393358,3.473119,4.455564,38.041573000,127.253876000,38.041573000,127.253876000,38.041390000,127.254320000,38.041358349,127.254351107,38.041370000,127.253456000,38.041375311,127.253424481,38.041748000,127.253450000,38.041773746,127.253433316,38.041775000,127.254295000,38.041776243,127.254333673
158,158,825159735536,31.595,10.000000,38.041610000,127.253880000,810.000000,3210.805622,3673.894925,463.089303,14.422838,0.564823,4.270590,2.975508,3.022249,3.819989,3.522084,4.270590,38.041490000,127.253880000,38.041490000,127.253880000,38.041306000,127.254326000,38.041275959,127.254356296,38.041286000,127.253460000,38.041292312,127.253427021,38.041668000,127.253450000,38.041692183,127.253434332,38.041690000,127.254300000,38.041695385,127.254343032
159,159,825159735734,31.793,10.000000,38.041527000,127.253880000,810.000000,3232.006400,3687.418514,455.412114,14.090693,0.574580,4.284817,2.962039,2.937590,4.041314,3.556440,4.284817,38.041420000,127.253880000,38.041420000,127.253880000,38.041237000,127.254326000,38.041206890,127.254356447,38.041218000,127.253460000,38.041222433,127.253426686,38.041600000,127.253450000,38.041622661,127.253432830,38.041626000,127.254300000,38.041626708,127.254346087
160,160,825159735938,31.997,10.000000,38.041443000,127.253890000,810.000000,3225.002578,3698.349131,473.346554,14.677401,0.347121,6.381756,6.021725,6.064343,5.780661,6.062121,6.381756,38.041340000,127.253880000,38.041340000,127.253880000,38.041157000,127.254330000,38.041099745,127.254333673,38.041134000,127.253460000,38.041170540,127.253409353,38.041515000,127.253456000,38.041569392,127.253452133,38.041542000,127.254310000,38.041518969,127.254369096
161,161,825159736142,32.201,10.000000,38.041443000,127.253890000,810.000000,3225.002578,3698.349131,473.346554,14.677401,0.347121,6.381756,6.021725,6.064343,5.780661,6.062121,6.381756,38.041340000,127.253880000,38.041340000,127.253880000,38.041157000,127.254330000,38.041099745,127.254333673,38.041134000,127.253460000,38.041170540,127.253409353,38.041515000,127.253456000,38.041569392,127.253452133,38.041542000,127.254310000,38.041518969,127.254369096
162,162,825159736334,32.393,10.000000,38.041275000,127.253900000,810.000000,3273.954028,3700.398307,426.444279,13.025359,1.355345,3.974334,2.122164,2.814219,4.899028,3.452436,4.899028,38.041176000,127.253900000,38.041176000,127.253900000,38.040990000,127.254340000,38.040965286,127.254372716,38.040970000,127.253470000,38.040979545,127.253449047,38.041355000,127.253456000,38.041379373,127.253447478,38.041378000,127.254320000,38.041384614,127.254375245
163,163,825159736539,32.598,10.000000,38.041190000,127.253900000,810.000000,3293.076797,3677.860241,384.783444,11.684618,0.890264,3.509355,2.018978,3.017951,4.361028,3.226828,4.361028,38.041092000,127.253900000,38.041092000,127.253900000,38.040910000,127.254350000,38.040882706,127.254370030,38.040886000,127.253470000,38.040896751,127.253451453,38.041270000,127.253460000,38.041295113,127.253447032,38.041298000,127.254326000,38.041300377,127.254375651
164,164,825159736745,32.804,10.000000,38.041103000,127.253910000,810.000000,3324.780219,3665.213201,340.432982,10.239263,1.349007,2.974528,2.013118,2.652278,5.296682,3.234152,5.296682,38.040997000,127.253910000,38.040997000,127.253910000,38.040810000,127.254360000,38.040787664,127.254378623,38.040790000,127.253480000,38.040802436,127.253463329,38.041176000,127.253460000,38.041199629,127.253456124,38.041203000,127.254326000,38.041204422,127.254386388
165,165,825159736935,32.994,10.000000,38.041020000,127.253910000,811.000000,3340.467029,3678.185825,337.718796,10.109928,1.280982,2.953631,2.026084,2.632273,5.062985,3.168743,5.062985,38.040928000,127.253910000,38.040928000,127.253910000,38.040740000,127.254360000,38.040718146,127.254379105,38.040720000,127.253480000,38.040732498,127.253463201,38.041107000,127.253460000,38.041130304,127.253454914,38.041134000,127.254330000,38.041135787,127.254387705
166,166,825159737142,33.201,10.000000,38.040936000,127.253914000,811.000000,3328.994059,3659.133619,330.139561,9.917097,0.901898,3.129303,2.514085,2.793539,4.352082,3.197252,4.352082,38.040833000,127.253914000,38.040833000,127.253914000,38.040646000,127.254364000,38.040622146,127.254382885,38.040623000,127.253490000,38.040637411,127.253467920,38.041010000,127.253470000,38.041034060,127.253460945,38.041040000,127.254340000,38.041038945,127.254389622
167,167,825159737332,33.391,10.000000,38.040850000,127.253914000,811.000000,3366.094161,3640.074782,273.980621,8.139422,0.722482,2.580845,2.280087,2.340806,4.145894,2.836908,4.145894,38.040750000,127.253914000,38.040750000,127.253914000,38.040560000,127.254370000,38.040539139,127.254382843,38.040543000,127.253490000,38.040554743,127.253468691,38.040930000,127.253470000,38.040950379,127.253463420,38.040960000,127.254340000,38.040955356,127.254386920
168,168,825159737537,33.596,10.000000,38.040768000,127.253920000,811.000000,3362.584370,3635.065107,272.480737,8.103313,1.119211,3.036457,2.109720,2.428015,3.554274,2.782116,3.554274,38.040670000,127.253920000,38.040670000,127.253920000,38.040480000,127.254370000,38.040458020,127.254390510,38.040460000,127.253490000,38.040474546,127.253474575,38.040848000,127.253470000,38.040869771,127.253471690,38.040874000,127.254350000,38.040874814,127.254390527
169,169,825159737739,33.798,10.000000,38.040768000,127.253920000,811.000000,3362.584370,3635.065107,272.480737,8.103313,1.119211,3.036457,2.109720,2.428015,3.554274,2.782116,3.554274,38.040670000,127.253920000,38.040670000,127.253920000,38.040480000,127.254370000,38.040458020,127.254390510,38.040460000,127.253490000,38.040474546,127.253474575,38.040848000,127.253470000,38.040869771,127.253471690,38.040874000,127.254350000,38.040874814,127.254390527
170,170,825159737944,34.003,10.000000,38.040600000,127.253930000,811.000000,3420.681467,3641.311785,220.630317,6.449894,1.248669,3.396396,1.710048,1.729658,3.473708,2.577452,3.473708,38.040504000,127.253930000,38.040504000,127.253930000,38.040314000,127.254380000,38.040289925,127.254403797,38.040295000,127.253494000,38.040308360,127.253484373,38.040688000,127.253480000,38.040703250,127.253483782,38.040714000,127.254360000,38.040708523,127.254399006
171,171,825159738144,34.203,10.000000,38.040516000,127.253930000,811.000000,3435.890953,3636.544158,200.653205,5.839918,0.968717,3.352092,1.833680,1.740751,3.096272,2.505699,3.352092,38.040420000,127.253930000,38.040420000,127.253930000,38.040234000,127.254390000,38.040205970,127.254403970,38.040210000,127.253494000,38.040224800,127.253484817,38.040604000,127.253480000,38.040619221,127.253484554,38.040630000,127.254364000,38.040624596,127.254398643
172,172,825159738335,34.394,10.000000,38.040432000,127.253940000,811.000000,3455.877789,3632.055661,176.177871,5.097920,0.702872,6.418137,5.553086,4.764629,6.559277,5.823782,6.559277,38.040337000,127.253930000,38.040337000,127.253930000,38.040150000,127.254395000,38.040093736,127.254379017,38.040127000,127.253494000,38.040172002,127.253466671,38.040524000,127.253490000,38.040564651,127.253507008,38.040550000,127.254364000,38.040510795,127.254419852
173,173,825159738546,34.605,10.000000,38.040348000,127.253940000,811.000000,3455.881565,3635.579402,179.697837,5.199768,1.357912,3.036986,2.232759,1.868260,3.561073,2.674769,3.561073,38.040257000,127.253940000,38.040257000,127.253940000,38.040066000,127.254395000,38.040043315,127.254414242,38.040043000,127.253500000,38.040062823,127.253496123,38.040440000,127.253490000,38.040456331,127.253494914,38.040466000,127.254370000,38.040462485,127.254410372
174,174,825159738742,34.801,10.000000,38.040264000,127.253944000,811.000000,3459.023273,3638.671729,179.648457,5.193618,1.284971,3.328741,1.750360,1.862256,3.251956,2.548328,3.328741,38.040173000,127.253944000,38.040173000,127.253944000,38.039986000,127.254400000,38.039959566,127.254417750,38.039963000,127.253500000,38.039978724,127.253500062,38.040356000,127.253494000,38.040372291,127.253498829,38.040386000,127.254380000,38.040378805,127.254415949
175,175,825159738932,34.991,10.000000,38.040180000,127.253950000,812.000000,3462.023424,3659.179159,197.155734,5.694812,1.018438,4.651385,4.257878,3.859741,5.364119,4.533281,5.364119,38.040090000,127.253944000,38.040090000,127.253944000,38.039900000,127.254400000,38.039858238,127.254401736,38.039880000,127.253510000,38.039912751,127.253484914,38.040276000,127.253494000,38.040307787,127.253511583,38.040302000,127.254380000,38.040276772,127.254432128
176,176,825159739131,35.190,10.000000,38.040096000,127.253950000,812.000000,3506.141151,3669.041761,162.900611,4.646151,1.093644,2.502408,2.076836,2.337280,3.103624,2.505037,3.103624,38.040010000,127.253950000,38.040010000,127.253950000,38.039818000,127.254410000,38.039797715,127.254422300,38.039795000,127.253510000,38.039812062,127.253500417,38.040190000,127.253494000,38.040209304,127.253504485,38.040222000,127.254390000,38.040216743,127.254424765
177,177,825159739336,35.395,10.000000,38.040012000,127.253960000,812.000000,3496.424526,3673.722886,177.298360,5.070848,0.435442,6.728961,6.134402,5.649083,6.597775,6.277555,6.728961,38.039925000,127.253950000,38.039925000,127.253950000,38.039738000,127.254420000,38.039680809,127.254395148,38.039715000,127.253520000,38.039759024,127.253477916,38.040110000,127.253500000,38.040155205,127.253529277,38.040140000,127.254395000,38.040097374,127.254447287
178,178,825159739544,35.603,10.000000,38.039930000,127.253960000,812.000000,3519.949329,3703.835882,183.886553,5.224125,0.961186,2.531072,2.041249,2.280110,3.085314,2.484437,3.085314,38.039845000,127.253960000,38.039845000,127.253960000,38.039654000,127.254425000,38.039632272,127.254433504,38.039630000,127.253520000,38.039643069,127.253503669,38.040028000,127.253500000,38.040044163,127.253515975,38.040054000,127.254400000,38.040052156,127.254435113
179,179,825159739739,35.798,10.000000,38.039856000,127.253960000,812.000000,3542.302481,3728.675313,186.372832,5.261347,0.896737,2.649161,2.071208,2.179520,3.143634,2.510881,3.143634,38.039776000,127.253960000,38.039776000,127.253960000,38.039585000,127.254425000,38.039562562,127.254435068,38.039562000,127.253520000,38.039571836,127.253499947,38.039960000,127.253500000,38.039975169,127.253515717,38.039990000,127.254400000,38.039983369,127.254434854
180,180,825159739930,35.989,10.000000,38.039772000,127.253970000,812.000000,3524.690169,3765.718255,241.028086,6.838277,1.351099,3.172425,1.820420,1.785369,3.915723,2.673484,3.915723,38.039692000,127.253970000,38.039692000,127.253970000,38.039500000,127.254425000,38.039477534,127.254447262,38.039480000,127.253525000,38.039485327,127.253505369,38.039880000,127.253510000,38.039892111,127.253523350,38.039906000,127.254400000,38.039899433,127.254443877
181,181,825159740130,36.189,10.000000,38.039690000,127.253975000,812.000000,3544.994546,3800.186062,255.191517,7.198643,0.942158,4.815183,4.057254,4.050027,4.648286,4.392687,4.815183,38.039608000,127.253970000,38.039608000,127.253970000,38.039417000,127.254430000,38.039374088,127.254436906,38.039394000,127.253525000,38.039417782,127.253489932,38.039795000,127.253510000,38.039825956,127.253534271,38.039820000,127.254410000,38.039797552,127.254454705
182,182,825159740340,36.399,10.000000,38.039604000,127.253975000,812.000000,3511.717738,3844.204544,332.486805,9.467925,0.923850,4.220486,2.442240,1.866095,2.476934,2.751439,4.220486,38.039524000,127.253975000,38.039524000,127.253975000,38.039337000,127.254430000,38.039306673,127.254458889,38.039314000,127.253530000,38.039313458,127.253502152,38.039710000,127.253520000,38.039726506,127.253523712,38.039740000,127.254420000,38.039731949,127.254446338
183,183,825159740532,36.591,10.000000,38.039520000,127.253980000,812.000000,3558.861397,3891.812974,332.951577,9.355565,0.587088,5.331999,4.555884,4.207236,4.558174,4.663323,5.331999,38.039444000,127.253975000,38.039444000,127.253975000,38.039253000,127.254440000,38.039205481,127.254447636,38.039230000,127.253530000,38.039252107,127.253486269,38.039630000,127.253520000,38.039666005,127.253534591,38.039658000,127.254420000,38.039633575,127.254461728
184,184,825159740734,36.793,10.000000,38.039436000,127.253980000,812.000000,3560.109855,3949.806064,389.696209,10.946185,0.420060,3.761545,3.539141,2.145022,2.647082,3.023198,3.761545,38.039360000,127.253980000,38.039360000,127.253980000,38.039170000,127.254450000,38.039140202,127.254470231,38.039146000,127.253540000,38.039146154,127.253499633,38.039547000,127.253525000,38.039565902,127.253520244,38.039574000,127.254425000,38.039570151,127.254454794
185,185,825159740947,37.006,10.000000,38.039352000,127.253990000,812.000000,3560.113744,3981.043564,420.929820,11.823494,0.408733,7.951979,7.624295,6.837568,7.207329,7.405292,7.951979,38.039280000,127.253980000,38.039280000,127.253980000,38.039090000,127.254450000,38.039019136,127.254438566,38.039066000,127.253540000,38.039108714,127.253472022,38.039467000,127.253525000,38.039525366,127.253549296,38.039494000,127.254425000,38.039449565,127.254484789
186,186,825159741133,37.192,10.000000,38.039270000,127.253990000,812.000000,3567.745135,4040.013022,472.267887,13.237153,0.479482,4.069374,4.099698,2.511705,3.460526,3.535326,4.099698,38.039196000,127.253990000,38.039196000,127.253990000,38.039005000,127.254456000,38.038975564,127.254483522,38.038982000,127.253550000,38.038979654,127.253503334,38.039383000,127.253525000,38.039405432,127.253521922,38.039410000,127.254430000,38.039408719,127.254469437
187,187,825159741336,37.395,10.000000,38.039185000,127.254000000,812.000000,3574.932471,4084.335354,509.402883,14.249301,0.552374,7.775686,7.777902,7.050590,8.058270,7.665612,8.058270,38.039112000,127.253990000,38.039112000,127.253990000,38.038920000,127.254456000,38.038850197,127.254452753,38.038900000,127.253550000,38.038937985,127.253475541,38.039300000,127.253530000,38.039361145,127.253550972,38.039330000,127.254430000,38.039284698,127.254501688
188,188,825159741542,37.601,10.000000,38.039104000,127.254000000,812.000000,3579.644968,4124.445983,544.801015,15.219415,0.415472,9.001794,9.185567,8.149097,8.388448,8.681226,9.185567,38.039043000,127.253990000,38.039043000,127.253990000,38.038853000,127.254460000,38.038772706,127.254447830,38.038830000,127.253555000,38.038876915,127.253468813,38.039230000,127.253530000,38.039300535,127.253554873,38.039260000,127.254440000,38.039208243,127.254509538
189,189,825159741741,37.800,10.000000,38.039020000,127.254005000,812.000000,3581.552198,4180.938579,599.386381,16.735380,0.581751,7.059252,6.256112,5.298997,5.765255,6.094904,7.059252,38.038960000,127.254000000,38.038960000,127.254000000,38.038773000,127.254460000,38.038711763,127.254480918,38.038746000,127.253555000,38.038766647,127.253488634,38.039150000,127.253540000,38.039197599,127.253540600,38.039177000,127.254450000,38.039151504,127.254507237
190,190,825159741944,38.003,10.000000,38.038933000,127.254005000,812.000000,3570.893450,4222.180100,651.286650,18.238759,0.230601,7.032493,7.165179,6.244240,5.986810,6.607180,7.165179,38.038880000,127.254000000,38.038880000,127.254000000,38.038690000,127.254470000,38.038627389,127.254480682,38.038666000,127.253560000,38.038689183,127.253483760,38.039066000,127.253540000,38.039122093,127.253540177,38.039093000,127.254450000,38.039068808,127.254510986
191,191,825159742135,38.194,10.000000,38.038853000,127.254010000,812.000000,3581.340670,4280.965271,699.624601,19.535271,0.407972,7.267522,6.801407,6.123718,6.467965,6.665153,7.267522,38.038795000,127.254005000,38.038795000,127.254005000,38.038605000,127.254470000,38.038542126,127.254492318,38.038580000,127.253560000,38.038600207,127.253486790,38.038982000,127.253550000,38.039036462,127.253540164,38.039013000,127.254450000,38.038987164,127.254516078
192,192,825159742338,38.397,10.000000,38.038770000,127.254010000,813.000000,3609.755883,4358.686471,748.930588,20.747403,0.730098,7.703660,6.987955,5.772680,6.149458,6.653438,7.703660,38.038710000,127.254005000,38.038710000,127.254005000,38.038520000,127.254470000,38.038454654,127.254498925,38.038498000,127.253560000,38.038512309,127.253482395,38.038902000,127.253550000,38.038952617,127.253535687,38.038930000,127.254456000,38.038904197,127.254518018
193,193,825159742542,38.601,10.000000,38.038685000,127.254020000,813.000000,3577.859671,4423.325785,845.466115,23.630500,0.846204,10.965473,10.039790,8.683937,9.264184,9.738346,10.965473,38.038628000,127.254010000,38.038628000,127.254010000,38.038440000,127.254480000,38.038341581,127.254485223,38.038418000,127.253570000,38.038459740,127.253468490,38.038820000,127.253555000,38.038897829,127.253561721,38.038845000,127.254460000,38.038793841,127.254543342
194,194,825159742733,38.792,10.000000,38.038600000,127.254020000,813.000000,3554.395859,4483.483319,929.087461,26.139110,0.421712,6.834228,6.694058,4.673439,5.366606,5.892083,6.834228,38.038548000,127.254020000,38.038548000,127.254020000,38.038357000,127.254486000,38.038314894,127.254542728,38.038334000,127.253580000,38.038319586,127.253505875,38.038734000,127.253555000,38.038768632,127.253524871,38.038760000,127.254460000,38.038770229,127.254519817
195,195,825159742943,39.002,10.000000,38.038517000,127.254030000,813.000000,3580.478464,4543.789575,963.311112,26.904536,0.489426,11.596891,11.140516,10.149034,9.918718,10.701290,11.596891,38.038464000,127.254020000,38.038464000,127.254020000,38.038273000,127.254486000,38.038169329,127.254499016,38.038250000,127.253580000,38.038297810,127.253468372,38.038650000,127.253560000,38.038740839,127.253569856,38.038680000,127.254470000,38.038627566,127.254561467
196,196,825159743142,39.201,10.000000,38.038433000,127.254030000,813.000000,3559.460147,4623.694700,1064.234553,29.898763,0.619299,7.958246,7.173914,5.163864,6.036224,6.583062,7.958246,38.038370000,127.254030000,38.038370000,127.254030000,38.038177000,127.254490000,38.038132841,127.254561383,38.038155000,127.253586000,38.038137681,127.253507186,38.038555000,127.253560000,38.038594102,127.253528313,38.038580000,127.254470000,38.038595482,127.254535982
197,197,825159743345,39.404,10.000000,38.038350000,127.254036000,813.000000,3563.553747,4698.926316,1135.372569,31.860683,0.520608,9.919217,9.299837,7.761588,7.474034,8.613669,9.919217,38.038284000,127.254030000,38.038284000,127.254030000,38.038094000,127.254490000,38.038015179,127.254542765,38.038070000,127.253590000,38.038080822,127.253484822,38.038470000,127.253570000,38.038537368,127.253547186,38.038500000,127.254480000,38.038482798,127.254562401
198,198,825159743534,39.593,10.000000,38.038265000,127.254036000,813.000000,3558.921852,4763.108828,1204.186976,33.835724,1.034356,9.416913,7.931154,5.621069,6.436967,7.351526,9.416913,38.038200000,127.254036000,38.038200000,127.254036000,38.038013000,127.254490000,38.037960052,127.254573766,38.037990000,127.253590000,38.037964257,127.253505651,38.038390000,127.253570000,38.038427369,127.253526881,38.038418000,127.254480000,38.038429544,127.254551940
199,199,825159743760,39.819,10.000000,38.038180000,127.254040000,813.000000,3554.436151,4821.846343,1267.410191,35.657138,0.503400,9.661337,8.911492,7.774850,8.144908,8.623147,9.661337,38.038120000,127.254036000,38.038120000,127.254036000,38.037930000,127.254500000,38.037857040,127.254559678,38.037907000,127.253590000,38.037905724,127.253488371,38.038307000,127.253580000,38.038369323,127.253539974,38.038334000,127.254480000,38.038329939,127.254572755
200,200,825159743968,40.027,10.000000,38.038097000,127.254040000,813.000000,3529.786506,4883.831607,1354.045101,38.360538,0.773212,9.534605,9.123979,6.909681,7.099401,8.166916,9.534605,38.038036000,127.254040000,38.038036000,127.254040000,38.037850000,127.254500000,38.037794219,127.254582524,38.037827000,127.253600000,38.037797304,127.253503005,38.038223000,127.253580000,38.038266335,127.253523576,38.038254000,127.254486000,38.038269045,127.254564688
201,201,825159744133,40.192,10.000000,38.038013000,127.254050000,813.000000,3531.498554,4939.905778,1408.407224,39.881291,0.880307,12.560432,12.832725,10.614869,10.965396,11.743355,12.832725,38.037952000,127.254040000,38.037952000,127.254040000,38.037766000,127.254510000,38.037655908,127.254541381,38.037743000,127.253610000,38.037769223,127.253467471,38.038140000,127.253586000,38.038233684,127.253563435,38.038170000,127.254490000,38.038132031,127.254605403
202,202,825159744340,40.399,10.000000,38.037930000,127.254050000,813.000000,3512.431357,4997.908923,1485.477566,42.292003,0.461547,9.509475,10.574186,7.545593,8.455428,9.021171,10.574186,38.037872000,127.254050000,38.037872000,127.254050000,38.037680000,127.254510000,38.037628595,127.254596627,38.037663000,127.253620000,38.037630432,127.253506704,38.038060000,127.253590000,38.038105333,127.253526017,38.038086000,127.254490000,38.038108104,127.254582266
203,203,825159744539,40.598,10.000000,38.037850000,127.254060000,813.000000,3507.311281,5045.958945,1538.647664,43.869721,0.375720,12.491037,13.428525,11.424869,12.102099,12.361632,13.428525,38.037790000,127.254050000,38.037790000,127.254050000,38.037600000,127.254520000,38.037491082,127.254554253,38.037580000,127.253620000,38.037606011,127.253470442,38.037975000,127.253590000,38.038076096,127.253567543,38.038002000,127.254490000,38.037971012,127.254622306
204,204,825159744745,40.804,10.000000,38.037766000,127.254060000,813.000000,3498.345932,5102.901630,1604.555698,45.866124,0.606728,10.277654,10.718256,8.360243,8.954674,9.577707,10.718256,38.037704000,127.254060000,38.037704000,127.254060000,38.037518000,127.254520000,38.037459092,127.254610262,38.037495000,127.253624000,38.037459454,127.253510387,38.037890000,127.253600000,38.037940255,127.253529141,38.037920000,127.254500000,38.037942605,127.254598018
205,205,825159744964,41.023,10.000000,38.037680000,127.254070000,813.000000,3501.902408,5134.475997,1632.573589,46.619620,0.498398,13.400413,13.671321,12.089984,12.871433,13.008288,13.671321,38.037624000,127.254060000,38.037624000,127.254060000,38.037437000,127.254524000,38.037320581,127.254562876,38.037415000,127.253624000,38.037442228,127.253471950,38.037810000,127.253600000,38.037916822,127.253575111,38.037838000,127.254500000,38.037802507,127.254639719
206,206,825159745130,41.189,10.000000,38.037610000,127.254070000,813.000000,3501.593625,5183.793992,1682.200367,48.040994,0.966643,10.919950,11.158525,8.648564,9.273703,10.000185,11.158525,38.037550000,127.254070000,38.037550000,127.254070000,38.037365000,127.254524000,38.037304609,127.254622148,38.037346000,127.253630000,38.037303038,127.253515012,38.037740000,127.253610000,38.037788719,127.253533163,38.037770000,127.254510000,38.037790600,127.254612488
207,207,825159745336,41.395,10.000000,38.037525000,127.254074000,813.000000,3497.302403,5207.581041,1710.278639,48.902795,0.486414,11.993029,12.102157,10.399754,11.114300,11.402310,12.102157,38.037483000,127.254070000,38.037483000,127.254070000,38.037296000,127.254524000,38.037205551,127.254598315,38.037273000,127.253630000,38.037269412,127.253492043,38.037670000,127.253610000,38.037753167,127.253555968,38.037697000,127.254510000,38.037691867,127.254636598
208,208,825159745547,41.606,10.000000,38.037440000,127.254074000,813.000000,3454.088776,5247.948813,1793.860037,51.934393,0.621778,11.013563,11.856026,9.870764,9.361532,10.525471,11.856026,38.037400000,127.254074000,38.037400000,127.254074000,38.037216000,127.254530000,38.037154189,127.254628084,38.037193000,127.253640000,38.037151808,127.253515298,38.037586000,127.253620000,38.037640832,127.253531524,38.037613000,127.254520000,38.037642187,127.254620137
209,209,825159745744,41.803,10.000000,38.037357000,127.254080000,813.000000,3441.101882,5277.703468,1836.601586,53.372485,0.617909,13.381409,15.107662,13.186145,12.478436,13.538413,15.107662,38.037320000,127.254074000,38.037320000,127.254074000,38.037132000,127.254530000,38.037020058,127.254585615,38.037110000,127.253650000,38.037129603,127.253479495,38.037502000,127.253624000,38.037613630,127.253573693,38.037533000,127.254520000,38.037506833,127.254658392
210,210,825159745935,41.994,10.000000,38.037277000,127.254080000,813.000000,3464.090892,5317.038156,1852.947264,53.490146,0.738100,10.927894,12.501655,10.258335,9.812739,10.875156,12.501655,38.037235000,127.254080000,38.037235000,127.254080000,38.037050000,127.254540000,38.036988140,127.254636779,38.037030000,127.253650000,38.036985885,127.253518873,38.037422000,127.253624000,38.037478428,127.253531498,38.037450000,127.254524000,38.037478883,127.254629741
211,211,825159746155,42.214,10.000000,38.037193000,127.254090000,813.000000,3436.044376,5334.894513,1898.850137,55.262678,1.025334,16.099633,16.656902,14.509694,14.784892,15.512780,16.656902,38.037150000,127.254080000,38.037150000,127.254080000,38.036970000,127.254540000,38.036827593,127.254572039,38.036945000,127.253654000,38.036984518,127.253470764,38.037340000,127.253630000,38.037467536,127.253595844,38.037365000,127.254524000,38.037312419,127.254678852
212,212,825159746332,42.391,10.000000,38.037193000,127.254090000,813.000000,3436.044376,5334.894513,1898.850137,55.262678,1.025334,16.099633,16.656902,14.509694,14.784892,15.512780,16.656902,38.037150000,127.254080000,38.037150000,127.254080000,38.036970000,127.254540000,38.036827593,127.254572039,38.036945000,127.253654000,38.036984518,127.253470764,38.037340000,127.253630000,38.037467536,127.253595844,38.037365000,127.254524000,38.037312419,127.254678852
213,213,825159746536,42.595,10.000000,38.037110000,127.254090000,813.000000,3413.843870,5368.224081,1954.380211,57.248670,0.317439,11.777454,12.151387,10.726627,11.017029,11.418124,12.151387,38.037070000,127.254090000,38.037070000,127.254090000,38.036884000,127.254540000,38.036822108,127.254648945,38.036865000,127.253654000,38.036820306,127.253527556,38.037254000,127.253630000,38.037315566,127.253535885,38.037280000,127.254524000,38.037314667,127.254641694
214,214,825159746742,42.801,10.000000,38.037110000,127.254090000,813.000000,3413.843870,5368.224081,1954.380211,57.248670,0.317439,11.777454,12.151387,10.726627,11.017029,11.418124,12.151387,38.037070000,127.254090000,38.037070000,127.254090000,38.036884000,127.254540000,38.036822108,127.254648945,38.036865000,127.253654000,38.036820306,127.253527556,38.037254000,127.253630000,38.037315566,127.253535885,38.037280000,127.254524000,38.037314667,127.254641694
215,215,825159746945,43.004,10.000000,38.037110000,127.254090000,813.000000,3413.843870,5368.224081,1954.380211,57.248670,0.317439,11.777454,12.151387,10.726627,11.017029,11.418124,12.151387,38.037070000,127.254090000,38.037070000,127.254090000,38.036884000,127.254540000,38.036822108,127.254648945,38.036865000,127.253654000,38.036820306,127.253527556,38.037254000,127.253630000,38.037315566,127.253535885,38.037280000,127.254524000,38.037314667,127.254641694
216,216,825159747144,43.203,10.000000,38.037025000,127.254100000,813.000000,3419.069406,5383.377994,1964.308588,57.451556,0.634754,16.751673,17.264397,16.459565,16.075530,16.637791,17.264397,38.036987000,127.254090000,38.036987000,127.254090000,38.036804000,127.254550000,38.036654688,127.254573787,38.036780000,127.253660000,38.036832366,127.253474654,38.037170000,127.253640000,38.037316048,127.253610713,38.037200000,127.254530000,38.037138964,127.254696168
217,217,825159747335,43.394,10.000000,38.036860000,127.254105000,813.000000,3363.151420,5433.333429,2070.182008,61.554826,0.292396,14.055233,14.458835,13.747351,13.769801,14.007805,14.458835,38.036823000,127.254100000,38.036823000,127.254100000,38.036640000,127.254550000,38.036528403,127.254624982,38.036617000,127.253670000,38.036620884,127.253505163,38.037006000,127.253650000,38.037115551,127.253577625,38.037033000,127.254530000,38.037021714,127.254686397
218,218,825159747533,43.592,10.000000,38.036777000,127.254105000,813.000000,3351.994491,5460.496264,2108.501773,62.902901,0.489298,12.298357,13.539535,12.103265,11.426133,12.341823,13.539535,38.036740000,127.254105000,38.036740000,127.254105000,38.036556000,127.254555000,38.036490265,127.254667737,38.036537000,127.253680000,38.036488335,127.253538475,38.036922000,127.253654000,38.036988081,127.253544379,38.036950000,127.254540000,38.036986621,127.254661744
219,219,825159747740,43.799,10.000000,38.036777000,127.254105000,813.000000,3351.994491,5460.496264,2108.501773,62.902901,0.489298,12.298357,13.539535,12.103265,11.426133,12.341823,13.539535,38.036740000,127.254105000,38.036740000,127.254105000,38.036556000,127.254555000,38.036490265,127.254667737,38.036537000,127.253680000,38.036488335,127.253538475,38.036922000,127.253654000,38.036988081,127.253544379,38.036950000,127.254540000,38.036986621,127.254661744
220,220,825159747931,43.990,10.000000,38.036777000,127.254105000,813.000000,3351.994491,5460.496264,2108.501773,62.902901,0.489298,12.298357,13.539535,12.103265,11.426133,12.341823,13.539535,38.036740000,127.254105000,38.036740000,127.254105000,38.036556000,127.254555000,38.036490265,127.254667737,38.036537000,127.253680000,38.036488335,127.253538475,38.036922000,127.253654000,38.036988081,127.253544379,38.036950000,127.254540000,38.036986621,127.254661744
221,221,825159748141,44.200,10.000000,38.036610000,127.254110000,813.000000,3352.914619,5503.422376,2150.507756,64.138459,0.624976,12.919357,13.905380,12.112790,11.234782,12.543077,13.905380,38.036575000,127.254110000,38.036575000,127.254110000,38.036392000,127.254555000,38.036324386,127.254674762,38.036373000,127.253685000,38.036321884,127.253540289,38.036760000,127.253660000,38.036823735,127.253548028,38.036785000,127.254550000,38.036822576,127.254668925
222,222,825159748332,44.391,10.000000,38.036360000,127.254130000,813.000000,3282.506708,5580.035005,2297.528297,69.993103,0.947624,16.818013,17.549630,16.062017,15.618225,16.511971,17.549630,38.036312000,127.254120000,38.036312000,127.254120000,38.036133000,127.254570000,38.035989614,127.254630429,38.036114000,127.253700000,38.036133497,127.253501375,38.036495000,127.253680000,38.036630075,127.253615589,38.036522000,127.254555000,38.036486503,127.254727337
223,223,825159748534,44.593,10.000000,38.036278000,127.254130000,813.000000,3246.641465,5613.747072,2367.105607,72.909363,0.347073,13.913796,15.098725,13.362911,13.029690,13.851280,15.098725,38.036232000,127.254130000,38.036232000,127.254130000,38.036050000,127.254570000,38.035978885,127.254700503,38.036030000,127.253710000,38.035975202,127.253552473,38.036410000,127.253685000,38.036482811,127.253563827,38.036438000,127.254555000,38.036481627,127.254692900
224,224,825159748735,44.794,10.000000,38.036198000,127.254135000,813.000000,3215.851641,5643.273036,2427.421395,75.483003,0.658547,15.418422,16.201436,14.761323,13.863633,15.061204,16.201436,38.036148000,127.254130000,38.036148000,127.254130000,38.035970000,127.254570000,38.035859255,127.254675613,38.035950000,127.253710000,38.035927309,127.253527476,38.036327000,127.253690000,38.036433585,127.253589840,38.036354000,127.254560000,38.036362743,127.254717730
225,225,825159748940,44.999,10.000000,38.036114000,127.254135000,813.000000,3263.084991,5673.400543,2410.315552,73.866159,0.481103,13.795347,15.546575,13.619057,13.231695,14.048168,15.546575,38.036068000,127.254135000,38.036068000,127.254135000,38.035885000,127.254580000,38.035813614,127.254708614,38.035866000,127.253716000,38.035809627,127.253553773,38.036247000,127.253690000,38.036320318,127.253565652,38.036274000,127.254560000,38.036318685,127.254699842
226,226,825159749132,45.191,10.000000,38.036030000,127.254140000,813.000000,3202.536089,5699.316948,2496.780859,77.962614,0.812212,15.471085,17.027420,15.471530,14.655931,15.656491,17.027420,38.035984000,127.254135000,38.035984000,127.254135000,38.035805000,127.254580000,38.035690981,127.254680893,38.035786000,127.253720000,38.035765614,127.253527528,38.036163000,127.253700000,38.036274218,127.253594178,38.036190000,127.254560000,38.036196559,127.254726949
227,227,825159749347,45.406,10.000000,38.035950000,127.254140000,813.000000,3246.802409,5722.282479,2475.480071,76.243632,0.601647,13.988211,15.534170,14.519714,13.234752,14.319212,15.534170,38.035904000,127.254140000,38.035904000,127.254140000,38.035720000,127.254585000,38.035648559,127.254716248,38.035700000,127.253720000,38.035645090,127.253557120,38.036080000,127.253700000,38.036157901,127.253567178,38.036106000,127.254570000,38.036155810,127.254707061
228,228,825159749537,45.596,10.000000,38.035866000,127.254150000,813.000000,3209.424258,5759.456852,2550.032595,79.454519,0.999178,17.917316,19.445418,17.777432,16.744676,17.971210,19.445418,38.035820000,127.254140000,38.035820000,127.254140000,38.035640000,127.254585000,38.035489270,127.254656670,38.035620000,127.253730000,38.035642446,127.253510057,38.036000000,127.253710000,38.036146640,127.253629700,38.036026000,127.254570000,38.035993754,127.254756539
229,229,825159749741,45.800,10.000000,38.035780000,127.254150000,813.000000,3190.717459,5784.504317,2593.786858,81.291650,0.936922,15.040778,16.798287,15.147933,13.352007,15.084751,16.798287,38.035736000,127.254150000,38.035736000,127.254150000,38.035557000,127.254590000,38.035478905,127.254729988,38.035538000,127.253740000,38.035476365,127.253565120,38.035915000,127.253716000,38.035991626,127.253573229,38.035942000,127.254580000,38.035989151,127.254720024
230,230,825159749939,45.998,10.000000,38.035618000,127.254160000,813.000000,3168.285643,5857.230833,2688.945190,84.870668,0.440985,16.270398,16.716289,15.173236,14.473662,15.658396,16.716289,38.035572000,127.254160000,38.035572000,127.254160000,38.035393000,127.254590000,38.035312579,127.254744952,38.035374000,127.253746000,38.035311365,127.253572722,38.035750000,127.253720000,38.035829338,127.253579282,38.035778000,127.254580000,38.035826574,127.254733124
231,231,825159750132,46.191,10.000000,38.035618000,127.254160000,813.000000,3168.285643,5857.230833,2688.945190,84.870668,0.440985,16.270398,16.716289,15.173236,14.473662,15.658396,16.716289,38.035572000,127.254160000,38.035572000,127.254160000,38.035393000,127.254590000,38.035312579,127.254744952,38.035374000,127.253746000,38.035311365,127.253572722,38.035750000,127.253720000,38.035829338,127.253579282,38.035778000,127.254580000,38.035826574,127.254733124
232,232,825159750335,46.394,10.000000,38.035534000,127.254166000,813.000000,3147.733861,5892.276676,2744.542815,87.191069,0.623550,17.596654,18.145978,17.632418,16.019678,17.348682,18.145978,38.035492000,127.254160000,38.035492000,127.254160000,38.035313000,127.254600000,38.035180097,127.254708655,38.035294000,127.253746000,38.035284842,127.253539366,38.035667000,127.253730000,38.035799144,127.253619120,38.035694000,127.254585000,38.035695105,127.254767704
233,233,825159750538,46.597,10.000000,38.035385000,127.254170000,813.000000,3108.059712,5947.704948,2839.645235,91.363921,0.566431,17.461590,18.368615,17.263589,15.927807,17.255400,18.368615,38.035340000,127.254166000,38.035340000,127.254166000,38.035160000,127.254600000,38.035044461,127.254734700,38.035140000,127.253760000,38.035111163,127.253553725,38.035515000,127.253740000,38.035629817,127.253607646,38.035540000,127.254585000,38.035563885,127.254764112
234,234,825159750736,46.795,10.000000,38.035300000,127.254170000,813.000000,3115.993609,5983.617118,2867.623510,92.029185,1.007844,17.532852,18.616879,17.353693,15.638027,17.285363,18.616879,38.035255000,127.254166000,38.035255000,127.254166000,38.035080000,127.254610000,38.034958287,127.254736913,38.035060000,127.253760000,38.035025631,127.253552202,38.035430000,127.253740000,38.035545327,127.253606830,38.035460000,127.254590000,38.035479772,127.254766581
235,235,825159750938,46.997,10.000000,38.035217000,127.254180000,813.000000,3094.777975,6019.163984,2924.386008,94.494210,0.830996,20.319121,21.477520,19.925232,19.068079,20.197488,21.477520,38.035175000,127.254170000,38.035175000,127.254170000,38.034996000,127.254610000,38.034826646,127.254696449,38.034980000,127.253770000,38.035003082,127.253526803,38.035350000,127.253746000,38.035514569,127.253656630,38.035378000,127.254590000,38.035344714,127.254803331
236,236,825159751132,47.191,10.000000,38.035137000,127.254180000,813.000000,3099.564152,6027.587164,2928.023012,94.465637,0.659581,17.534858,17.634015,16.564516,15.570786,16.826043,17.634015,38.035090000,127.254180000,38.035090000,127.254180000,38.034916000,127.254616000,38.034824367,127.254778667,38.034897000,127.253770000,38.034828266,127.253588799,38.035267000,127.253750000,38.035350386,127.253593528,38.035294000,127.254600000,38.035349188,127.254763181
237,237,825159751333,47.392,10.000000,38.035053000,127.254190000,813.000000,3094.218845,6060.137472,2965.918627,95.853551,0.580937,20.684908,21.177570,19.654436,19.367273,20.221047,21.177570,38.035010000,127.254180000,38.035010000,127.254180000,38.034832000,127.254616000,38.034661895,127.254710941,38.034817000,127.253780000,38.034837017,127.253539806,38.035187000,127.253750000,38.035349584,127.253662596,38.035213000,127.254600000,38.035183301,127.254817646
238,238,825159751530,47.589,10.000000,38.035053000,127.254190000,813.000000,3094.218845,6060.137472,2965.918627,95.853551,0.580937,20.684908,21.177570,19.654436,19.367273,20.221047,21.177570,38.035010000,127.254180000,38.035010000,127.254180000,38.034832000,127.254616000,38.034661895,127.254710941,38.034817000,127.253780000,38.034837017,127.253539806,38.035187000,127.253750000,38.035349584,127.253662596,38.035213000,127.254600000,38.035183301,127.254817646
239,239,825159751735,47.794,10.000000,38.034973000,127.254190000,813.000000,3089.156704,6071.341560,2982.184857,96.537183,0.353277,18.111023,17.697683,16.915380,16.092664,17.204188,18.111023,38.034927000,127.254190000,38.034927000,127.254190000,38.034750000,127.254620000,38.034659953,127.254792037,38.034733000,127.253784000,38.034666543,127.253600636,38.035103000,127.253760000,38.035188730,127.253600713,38.035130000,127.254610000,38.035188251,127.254777980
240,240,825159751938,47.997,10.000000,38.034890000,127.254196000,813.000000,3049.161917,6093.233417,3044.071501,99.833055,0.178425,19.385036,18.858407,19.162731,17.980876,18.846762,19.385036,38.034847000,127.254190000,38.034847000,127.254190000,38.034668000,127.254620000,38.034528861,127.254752944,38.034653000,127.253784000,38.034639484,127.253569602,38.035020000,127.253770000,38.035158271,127.253639816,38.035046000,127.254610000,38.035057186,127.254814583
241,241,825159752143,48.202,10.000000,38.034805000,127.254196000,813.000000,3051.302946,6106.453670,3055.150724,100.126103,0.447333,18.905937,17.446996,17.447325,17.069292,17.717387,18.905937,38.034763000,127.254196000,38.034763000,127.254196000,38.034588000,127.254620000,38.034494953,127.254800385,38.034570000,127.253790000,38.034504105,127.253609456,38.034940000,127.253770000,38.035025996,127.253603638,38.034966000,127.254610000,38.035026243,127.254789024
242,242,825159752345,48.404,10.000000,38.034725000,127.254200000,813.000000,3053.434053,6116.895632,3063.461579,100.328402,0.294535,18.709522,17.914423,19.196189,17.820542,18.410169,19.196189,38.034683000,127.254196000,38.034683000,127.254196000,38.034504000,127.254630000,38.034379799,127.254773763,38.034485000,127.253790000,38.034460116,127.253588140,38.034855000,127.253780000,38.034980421,127.253629745,38.034880000,127.254616000,38.034911472,127.254815280
243,243,825159752537,48.596,10.000000,38.034640000,127.254200000,813.000000,3016.396631,6112.700660,3096.304029,102.649101,0.066682,18.483903,17.576241,18.243974,17.445921,17.937510,18.483903,38.034600000,127.254200000,38.034600000,127.254200000,38.034424000,127.254630000,38.034331565,127.254805125,38.034405000,127.253800000,38.034342335,127.253616005,38.034770000,127.253780000,38.034862668,127.253608381,38.034800000,127.254616000,38.034864764,127.254797189
244,244,825159752741,48.800,10.000000,38.034560000,127.254210000,813.000000,3063.260074,6124.823561,3061.563487,99.944615,0.357241,20.890376,20.298814,20.702034,20.359487,20.562678,20.890376,38.034515000,127.254200000,38.034515000,127.254200000,38.034340000,127.254640000,38.034168572,127.254736935,38.034320000,127.253800000,38.034341176,127.253570055,38.034690000,127.253784000,38.034854535,127.253673954,38.034718000,127.254620000,38.034695579,127.254850452
245,245,825159752940,48.999,10.000000,38.034477000,127.254210000,813.000000,3054.088082,6113.186610,3059.098528,100.164057,0.446187,18.421983,17.368192,17.359524,18.159143,17.827210,18.421983,38.034447000,127.254210000,38.034447000,127.254210000,38.034270000,127.254640000,38.034178585,127.254815140,38.034252000,127.253810000,38.034190084,127.253628179,38.034622000,127.253784000,38.034708973,127.253619665,38.034650000,127.254620000,38.034713148,127.254810960
246,246,825159753136,49.195,10.000000,38.034313000,127.254220000,813.000000,3050.273690,6104.470028,3054.196338,100.128600,0.513402,18.208323,16.921048,17.403482,18.433054,17.741477,18.433054,38.034283000,127.254220000,38.034283000,127.254220000,38.034107000,127.254654000,38.034014420,127.254825202,38.034090000,127.253815000,38.034026644,127.253639576,38.034460000,127.253800000,38.034543766,127.253632407,38.034485000,127.254630000,38.034549964,127.254823376
247,247,825159753344,49.403,10.000000,38.034233000,127.254230000,813.000000,3029.819022,6115.063942,3085.244920,101.829347,0.483514,22.969506,21.989401,23.075412,23.882843,22.979291,23.882843,38.034203000,127.254220000,38.034203000,127.254220000,38.034023000,127.254654000,38.033822876,127.254717809,38.034008000,127.253815000,38.034071491,127.253577516,38.034374000,127.253800000,38.034574484,127.253733116,38.034400000,127.254630000,38.034340801,127.254891812
248,248,825159753541,49.600,10.000000,38.034150000,127.254230000,813.000000,3046.557386,6090.340125,3043.782739,99.908925,1.154577,18.784704,16.314034,16.660821,18.706665,17.616556,18.784704,38.034107000,127.254230000,38.034107000,127.254230000,38.033928000,127.254654000,38.033838052,127.254835267,38.033913000,127.253820000,38.033851614,127.253651046,38.034280000,127.253800000,38.034366784,127.253645187,38.034306000,127.254640000,38.034374252,127.254834961
249,249,825159753731,49.790,10.000000,38.034150000,127.254230000,813.000000,3046.557386,6090.340125,3043.782739,99.908925,1.154577,18.784704,16.314034,16.660821,18.706665,17.616556,18.784704,38.034107000,127.254230000,38.034107000,127.254230000,38.033928000,127.254654000,38.033838052,127.254835267,38.033913000,127.253820000,38.033851614,127.253651046,38.034280000,127.253800000,38.034366784,127.253645187,38.034306000,127.254640000,38.034374252,127.254834961
250,250,825159753956,50.015,10.000000,38.034065000,127.254234000,813.000000,3047.477661,6087.239511,3039.761850,99.746813,0.866467,19.667226,17.878480,19.321501,20.454650,19.330464,20.454650,38.034040000,127.254230000,38.034040000,127.254230000,38.033860000,127.254660000,38.033714394,127.254787040,38.033840000,127.253820000,38.033843584,127.253616145,38.034210000,127.253810000,38.034355573,127.253689994,38.034237000,127.254640000,38.034245979,127.254873008
251,251,825159754130,50.189,10.000000,38.033985000,127.254234000,813.000000,3062.464111,6064.951962,3002.487851,98.041569,0.669262,17.889934,16.381631,16.907803,18.323214,17.375646,18.323214,38.033943000,127.254234000,38.033943000,127.254234000,38.033764000,127.254670000,38.033674108,127.254839132,38.033745000,127.253830000,38.033688744,127.253657357,38.034115000,127.253810000,38.034201786,127.253651745,38.034140000,127.254650000,38.034210250,127.254838988
252,252,825159754336,50.395,10.000000,38.033905000,127.254240000,813.000000,3031.228968,6053.796227,3022.567259,99.714251,0.418539,19.331383,17.728854,18.684011,19.157802,18.725512,19.331383,38.033860000,127.254234000,38.033860000,127.254234000,38.033684000,127.254670000,38.033543295,127.254799218,38.033665000,127.253830000,38.033655189,127.253628186,38.034030000,127.253815000,38.034165384,127.253689047,38.034058000,127.254654000,38.034075965,127.254871302
253,253,825159754542,50.601,10.000000,38.033820000,127.254240000,813.000000,3070.523382,6039.704523,2969.181141,96.699512,0.725570,17.513039,16.320387,16.806998,18.435851,17.269068,18.435851,38.033780000,127.254240000,38.033780000,127.254240000,38.033600000,127.254680000,38.033511173,127.254844853,38.033580000,127.253840000,38.033527126,127.253666392,38.033950000,127.253815000,38.034038057,127.253659294,38.033978000,127.254654000,38.034047191,127.254845032
254,254,825159754732,50.791,10.000000,38.033657000,127.254250000,813.000000,3074.405247,6011.511739,2937.106492,95.534136,1.274882,17.989680,15.214853,16.190679,18.750878,17.036522,18.750878,38.033615000,127.254250000,38.033615000,127.254250000,38.033436000,127.254684000,38.033346138,127.254854528,38.033417000,127.253840000,38.033363937,127.253680086,38.033787000,127.253820000,38.033872462,127.253670586,38.033813000,127.254660000,38.033882008,127.254855084
255,255,825159754946,51.005,10.000000,38.033577000,127.254260000,813.000000,3075.243345,5998.391550,2923.148205,95.054208,1.458438,18.492704,14.996957,15.773493,18.526048,16.947300,18.526048,38.033530000,127.254260000,38.033530000,127.254260000,38.033356000,127.254690000,38.033261482,127.254863444,38.033337000,127.253845000,38.033279224,127.253690487,38.033707000,127.253830000,38.033787087,127.253681594,38.033733000,127.254670000,38.033796800,127.254865147
256,256,825159755137,51.196,10.000000,38.033493000,127.254260000,813.000000,3087.496252,5986.147514,2898.651262,93.883556,1.452624,17.973474,14.827294,15.908403,18.659603,16.842193,18.659603,38.033450000,127.254260000,38.033450000,127.254260000,38.033270000,127.254690000,38.033182203,127.254862031,38.033253000,127.253845000,38.033198964,127.253690436,38.033623000,127.253830000,38.033706489,127.253682748,38.033650000,127.254670000,38.033716816,127.254865175
257,257,825159755343,51.402,10.000000,38.033493000,127.254260000,813.000000,3087.496252,5986.147514,2898.651262,93.883556,1.452624,17.973474,14.827294,15.908403,18.659603,16.842193,18.659603,38.033450000,127.254260000,38.033450000,127.254260000,38.033270000,127.254690000,38.033182203,127.254862031,38.033253000,127.253845000,38.033198964,127.253690436,38.033623000,127.253830000,38.033706489,127.253682748,38.033650000,127.254670000,38.033716816,127.254865175
258,258,825159755531,51.590,10.000000,38.033413000,127.254265000,813.000000,3059.950436,5969.268705,2909.318268,95.077300,1.196135,18.603247,15.774687,17.534186,19.708198,17.905079,19.708198,38.033367000,127.254260000,38.033367000,127.254260000,38.033188000,127.254690000,38.033061181,127.254828174,38.033170000,127.253845000,38.033155441,127.253666042,38.033540000,127.253840000,38.033661339,127.253712490,38.033566000,127.254670000,38.033592103,127.254892315
259,259,825159755737,51.796,10.000000,38.033330000,127.254265000,813.000000,3083.672080,5959.212684,2875.540603,93.250531,1.117798,17.368345,14.893900,15.978396,18.336350,16.644248,18.336350,38.033287000,127.254265000,38.033287000,127.254265000,38.033108000,127.254700000,38.033020578,127.254864070,38.033090000,127.253850000,38.033035519,127.253694856,38.033460000,127.253840000,38.033542265,127.253690666,38.033485000,127.254680000,38.033553637,127.254870105
260,260,825159755943,52.002,10.000000,38.033250000,127.254270000,813.000000,3137.573812,5938.553226,2800.979414,89.272144,0.618181,17.386476,15.849808,16.851756,18.804642,17.223171,18.804642,38.033203000,127.254265000,38.033203000,127.254265000,38.033024000,127.254710000,38.032899985,127.254830539,38.033005000,127.253850000,38.032990008,127.253670239,38.033380000,127.253845000,38.033495052,127.253720092,38.033405000,127.254684000,38.033428778,127.254896331
261,261,825159756135,52.194,10.000000,38.033180000,127.254270000,813.000000,3087.630906,5938.384975,2850.754069,92.328201,0.938558,16.591957,15.404787,15.847369,18.407496,16.562902,18.407496,38.033150000,127.254270000,38.033150000,127.254270000,38.032970000,127.254710000,38.032885462,127.254865848,38.032950000,127.253860000,38.032897083,127.253697662,38.033320000,127.253845000,38.033403763,127.253698859,38.033348000,127.254684000,38.033416955,127.254874812
262,262,825159756332,52.391,10.000000,38.033096000,127.254280000,813.000000,3132.484622,5909.093199,2776.608577,88.639177,0.462976,21.772248,20.973895,21.313901,23.064079,21.781031,23.064079,38.033066000,127.254270000,38.033066000,127.254270000,38.032887000,127.254715000,38.032694245,127.254757073,38.032867000,127.253860000,38.032936563,127.253637695,38.033240000,127.253845000,38.033427630,127.253796585,38.033268000,127.254690000,38.033202977,127.254939754
263,263,825159756530,52.589,10.000000,38.032936000,127.254290000,813.000000,3140.593077,5894.681350,2754.088272,87.693254,0.628327,20.490498,19.810851,19.399098,21.602173,20.325655,21.602173,38.032900000,127.254280000,38.032900000,127.254280000,38.032722000,127.254720000,38.032545226,127.254785140,38.032703000,127.253870000,38.032749330,127.253651850,38.033077000,127.253850000,38.033244764,127.253790133,38.033104000,127.254700000,38.033058050,127.254939364
264,264,825159756731,52.790,10.000000,38.032852000,127.254290000,813.000000,3178.858374,5899.013271,2720.154897,85.570182,0.837433,16.144052,14.743208,14.961739,17.248474,15.774368,17.248474,38.032820000,127.254290000,38.032820000,127.254290000,38.032640000,127.254730000,38.032557627,127.254881538,38.032620000,127.253870000,38.032566458,127.253716208,38.032997000,127.253860000,38.033073530,127.253719727,38.033024000,127.254710000,38.033085330,127.254890651
265,265,825159756949,53.008,10.000000,38.032772000,127.254295000,813.000000,3145.480369,5883.075357,2737.594989,87.032652,0.744527,17.827595,16.324780,16.888399,18.661572,17.425587,18.661572,38.032738000,127.254290000,38.032738000,127.254290000,38.032560000,127.254730000,38.032424417,127.254838210,38.032540000,127.253870000,38.032538508,127.253683828,38.032913000,127.253860000,38.033042274,127.253759193,38.032940000,127.254710000,38.032946313,127.254922682
266,266,825159757135,53.194,10.000000,38.032772000,127.254295000,813.000000,3145.480369,5883.075357,2737.594989,87.032652,0.744527,17.827595,16.324780,16.888399,18.661572,17.425587,18.661572,38.032738000,127.254290000,38.032738000,127.254290000,38.032560000,127.254730000,38.032424417,127.254838210,38.032540000,127.253870000,38.032538508,127.253683828,38.032913000,127.253860000,38.033042274,127.253759193,38.032940000,127.254710000,38.032946313,127.254922682
267,267,825159757340,53.399,10.000000,38.032692000,127.254295000,813.000000,3185.463639,5881.347765,2695.884125,84.630824,0.612172,15.600211,14.480048,15.676347,16.967221,15.680957,16.967221,38.032658000,127.254295000,38.032658000,127.254295000,38.032475000,127.254740000,38.032395562,127.254886573,38.032455000,127.253876000,38.032405509,127.253723277,38.032833000,127.253870000,38.032912456,127.253722390,38.032860000,127.254715000,38.032921803,127.254891887
268,268,825159757538,53.597,10.000000,38.032608000,127.254300000,813.000000,3220.547295,5877.312817,2656.765522,82.494225,0.880565,18.978336,16.778799,17.685007,18.950260,18.098100,18.978336,38.032574000,127.254310000,38.032574000,127.254310000,38.032394000,127.254750000,38.032422968,127.254963298,38.032370000,127.253890000,38.032227682,127.253826978,38.032753000,127.253876000,38.032720210,127.253678648,38.032780000,127.254730000,38.032936504,127.254815031
269,269,825159757733,53.792,10.000000,38.032528000,127.254300000,813.000000,3258.666439,5842.515568,2583.849129,79.291611,0.781335,22.403340,66.374957,21.279944,66.583725,44.160491,66.583725,38.032494000,127.254340000,38.032494000,127.254340000,38.032700000,127.254770000,38.032618484,127.255003609,38.032310000,127.254790000,38.032005540,127.254139130,38.032290000,127.253920000,38.032374831,127.253702511,38.032673000,127.253914000,38.033002215,127.254548002
270,270,825159757938,53.997,10.000000,38.032444000,127.254310000,813.000000,3266.234612,5837.055800,2570.821189,78.709018,0.782577,15.639901,54.260316,14.104617,54.886076,34.722727,54.886076,38.032413000,127.254380000,38.032413000,127.254380000,38.032620000,127.254810000,38.032691340,127.254963665,38.032230000,127.254830000,38.031896459,127.254378742,38.032210000,127.253960000,38.032146777,127.253820596,38.032590000,127.253944000,38.032943539,127.254380315
271,271,825159758142,54.201,10.000000,38.032284000,127.254320000,813.000000,3289.472480,5838.064070,2548.591590,77.477213,0.883827,16.085186,54.677258,13.423587,55.054818,34.810212,55.054818,38.032250000,127.254395000,38.032250000,127.254395000,38.032455000,127.254820000,38.032523137,127.254981772,38.032066000,127.254845000,38.031732156,127.254387600,38.032043000,127.253970000,38.031988617,127.253833360,38.032430000,127.253960000,38.032780785,127.254402617
272,272,825159758331,54.390,10.000000,38.032200000,127.254320000,813.000000,3304.995692,5841.789856,2536.794164,76.756353,0.904882,16.032634,51.181559,13.700085,51.438839,33.088279,51.438839,38.032170000,127.254400000,38.032170000,127.254400000,38.032375000,127.254830000,38.032477958,127.254957858,38.031982000,127.254850000,38.031651318,127.254444452,38.031963000,127.253975000,38.031874820,127.253866004,38.032350000,127.253970000,38.032698402,127.254355367
273,273,825159758539,54.598,10.000000,38.032200000,127.254320000,813.000000,3304.995692,5841.789856,2536.794164,76.756353,0.904882,16.032634,51.181559,13.700085,51.438839,33.088279,51.438839,38.032170000,127.254400000,38.032170000,127.254400000,38.032375000,127.254830000,38.032477958,127.254957858,38.031982000,127.254850000,38.031651318,127.254444452,38.031963000,127.253975000,38.031874820,127.253866004,38.032350000,127.253970000,38.032698402,127.254355367
274,274,825159758741,54.800,10.000000,38.032120000,127.254326000,813.000000,3304.999527,5870.557354,2565.557827,77.626572,0.804928,16.733065,50.659944,14.233530,51.333392,33.239983,51.333392,38.032085000,127.254425000,38.032085000,127.254425000,38.032290000,127.254850000,38.032402985,127.254975869,38.031900000,127.254875000,38.031563993,127.254485336,38.031880000,127.254000000,38.031779958,127.253898909,38.032265000,127.253980000,38.032611804,127.254365861
275,275,825159758932,54.991,10.000000,38.032040000,127.254326000,813.000000,3321.718487,5888.594482,2566.875995,77.275543,0.685823,16.288218,50.583926,14.616456,49.678860,32.791865,50.583926,38.032005000,127.254430000,38.032005000,127.254430000,38.032210000,127.254870000,38.032330901,127.254974633,38.031820000,127.254890000,38.031482758,127.254503354,38.031800000,127.254005000,38.031691781,127.253910599,38.032185000,127.254000000,38.032530132,127.254359187
276,276,825159759136,55.195,10.000000,38.031956000,127.254330000,813.000000,3366.744033,5898.158578,2531.414544,75.188803,0.294963,16.142226,51.641410,14.278957,50.872533,33.233782,51.641410,38.031920000,127.254430000,38.031920000,127.254430000,38.032130000,127.254860000,38.032235577,127.254986199,38.031734000,127.254890000,38.031395470,127.254487317,38.031715000,127.254005000,38.031616546,127.253900617,38.032104000,127.253990000,38.032445224,127.254375940
277,277,825159759339,55.398,10.000000,38.031876000,127.254330000,813.000000,3388.514319,5896.042088,2507.527770,74.000802,0.428599,15.815619,51.347084,14.331029,50.737685,33.057854,51.347084,38.031840000,127.254430000,38.031840000,127.254430000,38.032047000,127.254870000,38.032155655,127.254986214,38.031650000,127.254890000,38.031315081,127.254487347,38.031635000,127.254005000,38.031536259,127.253900127,38.032024000,127.253990000,38.032363761,127.254375711
278,278,825159759540,55.599,10.000000,38.031710000,127.254340000,813.000000,3430.591047,5898.129542,2467.538494,71.927503,0.663380,17.174013,48.403665,14.653718,48.004802,32.059049,48.403665,38.031677000,127.254450000,38.031677000,127.254450000,38.031887000,127.254880000,38.032020226,127.254978768,38.031487000,127.254906000,38.031154026,127.254550987,38.031467000,127.254010000,38.031345843,127.253944655,38.031860000,127.254005000,38.032193240,127.254352486
279,279,825159759730,55.789,10.000000,38.031630000,127.254340000,813.000000,3449.643880,5885.674220,2436.030339,70.616864,0.235086,15.311319,57.618027,13.314277,56.065801,35.577356,57.618027,38.031580000,127.254440000,38.031580000,127.254440000,38.031790000,127.254880000,38.031833141,127.255045809,38.031390000,127.254906000,38.031054737,127.254405366,38.031372000,127.254005000,38.031335414,127.253860433,38.031765000,127.254000000,38.032101616,127.254475622
280,280,825159759955,56.014,10.000000,38.031550000,127.254350000,813.000000,3444.391521,5881.636260,2437.244739,70.759805,0.625521,16.298358,57.634759,13.282818,57.206708,36.105661,57.634759,38.031498000,127.254450000,38.031498000,127.254450000,38.031708000,127.254880000,38.031742568,127.255060622,38.031307000,127.254906000,38.030973599,127.254403118,38.031292000,127.254010000,38.031261195,127.253863649,38.031685000,127.254000000,38.032018105,127.254496805
281,281,825159760131,56.190,10.000000,38.031550000,127.254350000,813.000000,3444.391521,5881.636260,2437.244739,70.759805,0.625521,16.298358,57.634759,13.282818,57.206708,36.105661,57.634759,38.031498000,127.254450000,38.031498000,127.254450000,38.031708000,127.254880000,38.031742568,127.255060622,38.031307000,127.254906000,38.030973599,127.254403118,38.031292000,127.254010000,38.031261195,127.253863649,38.031685000,127.254000000,38.032018105,127.254496805
282,282,825159760333,56.392,10.000000,38.031467000,127.254350000,813.000000,3478.480231,5874.153777,2395.673546,68.871271,0.658659,15.403167,55.289634,12.395538,54.832221,34.480140,55.289634,38.031418000,127.254456000,38.031418000,127.254456000,38.031628000,127.254890000,38.031687535,127.255048576,38.031227000,127.254910000,38.030892375,127.254444030,38.031208000,127.254010000,38.031156443,127.253884699,38.031605000,127.254005000,38.031936983,127.254466968
283,283,825159760542,56.601,10.000000,38.031387000,127.254360000,813.000000,3456.522054,5881.936911,2425.414857,70.169228,0.534864,15.700547,58.534509,13.743407,58.046646,36.506277,58.534509,38.031338000,127.254450000,38.031338000,127.254450000,38.031544000,127.254890000,38.031572325,127.255065411,38.031143000,127.254910000,38.030814693,127.254388543,38.031128000,127.254010000,38.031110070,127.253854923,38.031520000,127.254005000,38.031856842,127.254510341
284,284,825159760742,56.801,10.000000,38.031307000,127.254360000,813.000000,3485.442652,5899.959728,2414.517077,69.274331,0.405498,16.292220,60.175229,14.173159,59.729003,37.592403,60.175229,38.031254000,127.254450000,38.031254000,127.254450000,38.031464000,127.254890000,38.031470073,127.255075647,38.031063000,127.254906000,38.030731599,127.254363819,38.031044000,127.254005000,38.031043135,127.253843364,38.031440000,127.254000000,38.031771980,127.254535147
285,285,825159760934,56.993,10.000000,38.031227000,127.254360000,813.000000,3506.603208,5913.969540,2407.366332,68.652374,0.315467,16.251295,60.341036,14.295897,59.758926,37.661789,60.341036,38.031174000,127.254450000,38.031174000,127.254450000,38.031384000,127.254890000,38.031390029,127.255075182,38.030980000,127.254910000,38.030650313,127.254363754,38.030964000,127.254005000,38.030962505,127.253841972,38.031360000,127.254000000,38.031692361,127.254535199
286,286,825159761135,57.194,10.000000,38.031063000,127.254364000,813.000000,3515.249474,5945.026369,2429.776895,69.121037,0.231017,16.625335,61.350093,15.042928,60.812452,38.457702,61.350093,38.031010000,127.254450000,38.031010000,127.254450000,38.031220000,127.254890000,38.031214894,127.255079495,38.030815000,127.254910000,38.030485535,127.254349116,38.030800000,127.254005000,38.030807854,127.253833731,38.031197000,127.254000000,38.031529182,127.254550591
287,287,825159761331,57.390,10.000000,38.030983000,127.254364000,813.000000,3580.407731,5961.951870,2381.544138,66.516004,0.483528,17.586410,62.832900,15.667536,62.938061,39.756227,62.938061,38.030926000,127.254450000,38.030926000,127.254450000,38.031140000,127.254890000,38.031112911,127.255087595,38.030730000,127.254910000,38.030403499,127.254325472,38.030716000,127.254000000,38.030740814,127.253824117,38.031116000,127.253990000,38.031443789,127.254574838
288,288,825159761540,57.599,10.000000,38.030983000,127.254364000,813.000000,3580.407731,5961.951870,2381.544138,66.516004,0.483528,17.586410,62.832900,15.667536,62.938061,39.756227,62.938061,38.030926000,127.254450000,38.030926000,127.254450000,38.031140000,127.254890000,38.031112911,127.255087595,38.030730000,127.254910000,38.030403499,127.254325472,38.030716000,127.254000000,38.030740814,127.253824117,38.031116000,127.253990000,38.031443789,127.254574838
289,289,825159761730,57.789,10.000000,38.030903000,127.254370000,813.000000,3580.411641,5970.748881,2390.337239,66.761520,0.434505,18.572219,64.380616,16.867726,64.515343,41.083976,64.515343,38.030846000,127.254450000,38.030846000,127.254450000,38.031060000,127.254890000,38.031014533,127.255093791,38.030650000,127.254910000,38.030326166,127.254301661,38.030636000,127.254000000,38.030678211,127.253815245,38.031036000,127.253990000,38.031361242,127.254598984
290,290,825159761935,57.994,10.000000,38.030823000,127.254370000,813.000000,3598.448914,5973.650424,2375.201510,66.006259,0.248747,17.440549,64.263623,17.509922,64.506779,40.930218,64.506779,38.030766000,127.254450000,38.030766000,127.254450000,38.030975000,127.254900000,38.030934394,127.255092105,38.030567000,127.254910000,38.030245339,127.254301412,38.030552000,127.254005000,38.030597851,127.253813979,38.030956000,127.253990000,38.031281293,127.254598822
291,291,825159762136,58.195,10.000000,38.030740000,127.254370000,813.000000,3597.940688,5976.151839,2378.211151,66.099232,0.475855,19.190495,65.733662,17.937848,65.188425,42.012607,65.733662,38.030680000,127.254450000,38.030680000,127.254450000,38.030895000,127.254890000,38.030835280,127.255095307,38.030487000,127.254910000,38.030161788,127.254284275,38.030470000,127.254000000,38.030524421,127.253807447,38.030876000,127.253990000,38.031192535,127.254615477
292,292,825159762342,58.401,10.000000,38.030660000,127.254380000,813.000000,3624.347217,5976.886926,2352.539709,64.909336,0.263137,17.314994,65.334224,17.406519,64.595593,41.162832,65.334224,38.030617000,127.254440000,38.030617000,127.254440000,38.030827000,127.254890000,38.030783813,127.255079705,38.030420000,127.254910000,38.030095881,127.254288819,38.030403000,127.253990000,38.030449645,127.253800525,38.030807000,127.253980000,38.031132007,127.254590290
293,293,825159762544,58.603,10.000000,38.030510000,127.254380000,813.000000,3678.968102,5991.474734,2312.506632,62.857480,0.323091,19.589394,67.259393,19.081399,67.576724,43.376727,67.576724,38.030453000,127.254450000,38.030453000,127.254450000,38.030666000,127.254900000,38.030587296,127.255099818,38.030254000,127.254910000,38.029937893,127.254256294,38.030240000,127.253990000,38.030317468,127.253795878,38.030647000,127.253980000,38.030959004,127.254641098
294,294,825159762735,58.794,10.000000,38.030430000,127.254390000,812.000000,3643.051765,5982.720677,2339.668912,64.222774,0.721405,26.807100,75.536681,27.498746,73.900741,50.935817,75.536681,38.030370000,127.254440000,38.030370000,127.254440000,38.030582000,127.254900000,38.030406325,127.255109105,38.030174000,127.254910000,38.029891300,127.254126864,38.030160000,127.253990000,38.030333362,127.253766592,38.030563000,127.253980000,38.030838099,127.254747032
295,295,825159762934,58.993,10.000000,38.030350000,127.254390000,812.000000,3683.709677,5998.332886,2314.623209,62.834029,0.501448,22.021971,70.695114,22.443539,69.328740,46.122341,70.695114,38.030304000,127.254440000,38.030304000,127.254440000,38.030518000,127.254890000,38.030406916,127.255097817,38.030106000,127.254910000,38.029796692,127.254205848,38.030090000,127.253990000,38.030199847,127.253775369,38.030500000,127.253975000,38.030798561,127.254668883
296,296,825159763139,59.198,10.000000,38.030350000,127.254390000,812.000000,3683.709677,5998.332886,2314.623209,62.834029,0.501448,22.021971,70.695114,22.443539,69.328740,46.122341,70.695114,38.030304000,127.254440000,38.030304000,127.254440000,38.030518000,127.254890000,38.030406916,127.255097817,38.030106000,127.254910000,38.029796692,127.254205848,38.030090000,127.253990000,38.030199847,127.253775369,38.030500000,127.253975000,38.030798561,127.254668883
297,297,825159763330,59.389,10.000000,38.030270000,127.254390000,812.000000,3688.106363,6018.972114,2330.865751,63.199526,0.497393,23.768592,72.328790,24.232699,71.013920,47.836000,72.328790,38.030220000,127.254440000,38.030220000,127.254440000,38.030434000,127.254890000,38.030301725,127.255102787,38.030020000,127.254910000,38.029718915,127.254179036,38.030006000,127.253990000,38.030137137,127.253769412,38.030415000,127.253975000,38.030707493,127.254694732
298,298,825159763540,59.599,10.000000,38.030186000,127.254395000,812.000000,3702.947168,6040.718366,2337.771198,63.132718,0.717669,23.605945,72.875231,24.775523,71.517160,48.193465,72.875231,38.030140000,127.254440000,38.030140000,127.254440000,38.030354000,127.254900000,38.030216210,127.255104634,38.029940000,127.254910000,38.029639681,127.254171509,38.029926000,127.253990000,38.030062579,127.253766906,38.030334000,127.253975000,38.030625803,127.254701630
299,299,825159763742,59.801,10.000000,38.030106000,127.254395000,812.000000,3717.617187,6064.497710,2346.880523,63.128623,0.544189,23.593353,73.011536,24.174764,71.559624,48.084819,73.011536,38.030060000,127.254440000,38.030060000,127.254440000,38.030273000,127.254900000,38.030136293,127.255105614,38.029860000,127.254910000,38.029558091,127.254170804,38.029846000,127.253980000,38.029982329,127.253765394,38.030254000,127.253975000,38.030546256,127.254701879
300,300,825159763955,60.014,10.000000,38.030025000,127.254395000,812.000000,3717.113875,6088.544013,2371.430139,63.797619,0.604685,25.955638,74.091905,25.595183,72.543624,49.546587,74.091905,38.029976000,127.254440000,38.029976000,127.254440000,38.030193000,127.254890000,38.030036505,127.255109430,38.029778000,127.254906000,38.029479276,127.254150909,38.029762000,127.253980000,38.029914293,127.253761313,38.030174000,127.253975000,38.030456304,127.254720662
301,301,825159764133,60.192,10.000000,38.029865000,127.254400000,812.000000,3717.702777,6128.553141,2410.850363,64.847851,0.609905,27.750406,76.526596,28.257666,74.826625,51.840323,76.526596,38.029816000,127.254440000,38.029816000,127.254440000,38.030030000,127.254900000,38.029847842,127.255116053,38.029617000,127.254910000,38.029331893,127.254115854,38.029602000,127.253980000,38.029783773,127.253755056,38.030010000,127.253975000,38.030284572,127.254753914
302,302,825159764339,60.398,10.000000,38.029780000,127.254400000,812.000000,3744.793866,6147.330600,2402.536735,64.156715,0.553136,25.535116,74.509035,26.268223,73.026111,49.834621,74.509035,38.029736000,127.254440000,38.029736000,127.254440000,38.029950000,127.254900000,38.029794594,127.255114197,38.029533000,127.254910000,38.029239315,127.254146435,38.029520000,127.253980000,38.029676796,127.253756125,38.029930000,127.253975000,38.030216870,127.254723968
303,303,825159764533,60.592,10.000000,38.029780000,127.254400000,812.000000,3744.793866,6147.330600,2402.536735,64.156715,0.553136,25.535116,74.509035,26.268223,73.026111,49.834621,74.509035,38.029736000,127.254440000,38.029736000,127.254440000,38.029950000,127.254900000,38.029794594,127.255114197,38.029533000,127.254910000,38.029239315,127.254146435,38.029520000,127.253980000,38.029676796,127.253756125,38.029930000,127.253975000,38.030216870,127.254723968
304,304,825159764739,60.798,10.000000,38.029700000,127.254410000,812.000000,3764.466884,6161.913483,2397.446599,63.686218,0.773073,25.540271,26.632234,26.144564,24.593038,25.727527,26.632234,38.029650000,127.254440000,38.029650000,127.254440000,38.029453000,127.254910000,38.029612417,127.255119473,38.029438000,127.253980000,38.029203239,127.254038505,38.029850000,127.253970000,38.029688325,127.253753730,38.029870000,127.254900000,38.030083738,127.254829053
305,305,825159764952,61.011,10.000000,38.029620000,127.254410000,812.000000,3741.532378,6175.819421,2434.287043,65.061232,0.651941,25.602255,26.660126,26.183447,25.181952,25.906945,26.660126,38.029570000,127.254440000,38.029570000,127.254440000,38.029373000,127.254910000,38.029532433,127.255120436,38.029358000,127.253980000,38.029122916,127.254038065,38.029770000,127.253970000,38.029608459,127.253752958,38.029785000,127.254900000,38.030004269,127.254829390
306,306,825159765142,61.201,10.000000,38.029540000,127.254410000,812.000000,3744.586815,6196.978234,2452.391419,65.491643,0.631779,25.896333,26.693011,26.543405,25.314674,26.111856,26.693011,38.029490000,127.254440000,38.029490000,127.254440000,38.029290000,127.254910000,38.029452448,127.255121397,38.029278000,127.253980000,38.029042542,127.254037589,38.029690000,127.253975000,38.029528592,127.253752189,38.029705000,127.254900000,38.029925774,127.254830791
307,307,825159765331,61.390,10.000000,38.029457000,127.254410000,812.000000,3768.774836,6216.631074,2447.856238,64.950981,0.382550,22.914310,23.167130,22.992748,22.468598,22.885697,23.167130,38.029396000,127.254440000,38.029396000,127.254440000,38.029194000,127.254910000,38.029320159,127.255116489,38.029180000,127.253980000,38.028972348,127.253997586,38.029594000,127.253970000,38.029473600,127.253756940,38.029610000,127.254900000,38.029810596,127.254871612
308,308,825159765535,61.594,10.000000,38.029297000,127.254420000,812.000000,3773.371121,6237.825569,2464.454449,65.311743,0.369820,17.373163,18.009109,17.811115,17.066715,17.565025,18.009109,38.029230000,127.254440000,38.029230000,127.254440000,38.029030000,127.254910000,38.029081298,127.255097121,38.029015000,127.253980000,38.028858631,127.253927335,38.029430000,127.253970000,38.029381482,127.253776440,38.029446000,127.254900000,38.029595516,127.254943046
309,309,825159765739,61.798,10.000000,38.029213000,127.254420000,812.000000,3760.002439,6244.728466,2484.726027,66.083096,0.357898,17.843134,18.409973,18.174221,17.631366,18.014674,18.409973,38.029150000,127.254440000,38.029150000,127.254440000,38.028950000,127.254910000,38.029008742,127.255099331,38.028934000,127.253980000,38.028772707,127.253933618,38.029346000,127.253970000,38.029294196,127.253773446,38.029366000,127.254900000,38.029521628,127.254937359
310,310,825159765956,62.015,10.000000,38.029133000,127.254425000,812.000000,3755.418893,6251.404194,2495.985301,66.463566,0.371197,15.677029,16.615282,16.244558,15.521644,16.014628,16.615282,38.029068000,127.254440000,38.029068000,127.254440000,38.028870000,127.254910000,38.028893251,127.255086332,38.028854000,127.253980000,38.028717500,127.253903347,38.029266000,127.253970000,38.029246258,127.253786445,38.029285000,127.254900000,38.029413800,127.254967800
311,311,825159766141,62.200,10.000000,38.029133000,127.254425000,812.000000,3755.418893,6251.404194,2495.985301,66.463566,0.371197,15.677029,16.615282,16.244558,15.521644,16.014628,16.615282,38.029068000,127.254440000,38.029068000,127.254440000,38.028870000,127.254910000,38.028893251,127.255086332,38.028854000,127.253980000,38.028717500,127.253903347,38.029266000,127.253970000,38.029246258,127.253786445,38.029285000,127.254900000,38.029413800,127.254967800
312,312,825159766330,62.389,10.000000,38.029053000,127.254425000,812.000000,3732.484196,6245.884495,2513.400299,67.338538,0.413426,15.493191,16.655242,16.272690,16.087716,16.127210,16.655242,38.028988000,127.254440000,38.028988000,127.254440000,38.028790000,127.254910000,38.028814166,127.255084005,38.028774000,127.253980000,38.028637256,127.253902922,38.029186000,127.253970000,38.029166396,127.253786098,38.029200000,127.254900000,38.029334137,127.254968280
313,313,825159766535,62.594,10.000000,38.028973000,127.254425000,812.000000,3770.020092,6238.410434,2468.390342,65.474196,0.771541,15.390139,16.272642,16.727241,15.949032,16.084764,16.727241,38.028908000,127.254440000,38.028908000,127.254440000,38.028706000,127.254910000,38.028735118,127.255081577,38.028690000,127.253980000,38.028557127,127.253902641,38.029106000,127.253975000,38.029086517,127.253785848,38.029120000,127.254906000,38.029254474,127.254968759
314,314,825159766738,62.797,10.000000,38.028908000,127.254425000,812.000000,3765.592001,6231.347633,2465.755631,65.481221,0.756491,14.954261,16.390072,16.526586,15.238945,15.777466,16.526586,38.028840000,127.254440000,38.028840000,127.254440000,38.028640000,127.254910000,38.028664042,127.255077789,38.028625000,127.253980000,38.028492299,127.253899023,38.029037000,127.253975000,38.029022583,127.253787417,38.029057000,127.254906000,38.029183465,127.254972531
315,315,825159766944,63.003,10.000000,38.028744000,127.254430000,812.000000,3747.346722,6220.027142,2472.680421,65.984832,0.863787,13.441300,15.301999,15.477045,14.348197,14.642135,15.477045,38.028680000,127.254440000,38.028680000,127.254440000,38.028480000,127.254910000,38.028480286,127.255063287,38.028465000,127.253980000,38.028353666,127.253877648,38.028877000,127.253975000,38.028887899,127.253799039,38.028893000,127.254906000,38.029002030,127.254993270
316,316,825159767130,63.189,10.000000,38.028664000,127.254430000,812.000000,3765.604338,6223.765658,2458.161320,65.279331,0.345202,17.729086,17.894194,17.852448,18.240947,17.929169,18.240947,38.028600000,127.254450000,38.028600000,127.254450000,38.028400000,127.254910000,38.028460525,127.255097017,38.028380000,127.253980000,38.028222418,127.253939711,38.028797000,127.253975000,38.028746572,127.253781734,38.028812000,127.254906000,38.028971869,127.254951636
317,317,825159767335,63.394,10.000000,38.028664000,127.254430000,812.000000,3765.604338,6223.765658,2458.161320,65.279331,0.345202,17.729086,17.894194,17.852448,18.240947,17.929169,18.240947,38.028600000,127.254450000,38.028600000,127.254450000,38.028400000,127.254910000,38.028460525,127.255097017,38.028380000,127.253980000,38.028222418,127.253939711,38.028797000,127.253975000,38.028746572,127.253781734,38.028812000,127.254906000,38.028971869,127.254951636
318,318,825159767540,63.599,10.000000,38.028584000,127.254430000,812.000000,3783.686291,6226.199141,2442.512850,64.553789,0.442096,17.835626,17.987052,17.894756,18.233212,17.987661,18.233212,38.028520000,127.254450000,38.028520000,127.254450000,38.028316000,127.254910000,38.028380722,127.255096067,38.028300000,127.253980000,38.028141674,127.253939038,38.028717000,127.253975000,38.028666533,127.253781242,38.028732000,127.254906000,38.028891786,127.254951705
319,319,825159767735,63.794,10.000000,38.028503000,127.254440000,812.000000,3785.203418,6205.884541,2420.681123,63.951150,0.799212,13.115433,15.227369,14.789703,14.654523,14.446757,15.227369,38.028440000,127.254450000,38.028440000,127.254450000,38.028236000,127.254920000,38.028242807,127.255069321,38.028220000,127.253990000,38.028110608,127.253885738,38.028637000,127.253975000,38.028647063,127.253806820,38.028652000,127.254906000,38.028761162,127.254999408
320,320,825159767940,63.999,10.000000,38.028423000,127.254440000,812.000000,3762.287565,6197.846364,2435.558799,64.736115,0.728506,13.544852,16.315149,15.302228,14.846573,15.002200,16.315149,38.028370000,127.254450000,38.028370000,127.254450000,38.028170000,127.254920000,38.028184337,127.255073392,38.028156000,127.253990000,38.028029994,127.253894975,38.028570000,127.253975000,38.028565275,127.253800593,38.028584000,127.254906000,38.028700330,127.254988807
321,321,825159768141,64.200,10.000000,38.028343000,127.254440000,812.000000,3757.679467,6181.951193,2424.271726,64.515128,0.819598,13.390261,16.346647,15.330783,14.775300,14.960748,16.346647,38.028290000,127.254450000,38.028290000,127.254450000,38.028090000,127.254920000,38.028104974,127.255071517,38.028076000,127.253990000,38.027949759,127.253894774,38.028490000,127.253975000,38.028485273,127.253800268,38.028503000,127.254906000,38.028619363,127.254987056
322,322,825159768345,64.404,10.000000,38.028183000,127.254450000,812.000000,3746.096124,6173.581711,2427.485587,64.800408,1.146000,11.604923,14.949048,14.390500,12.379950,13.331105,14.949048,38.028130000,127.254450000,38.028130000,127.254450000,38.027930000,127.254920000,38.027874082,127.255031695,38.027916000,127.253990000,38.027857285,127.253836677,38.028328000,127.253980000,38.028398676,127.253842587,38.028343000,127.254910000,38.028391456,127.255037077
323,323,825159768532,64.591,10.000000,38.028183000,127.254450000,812.000000,3746.096124,6173.581711,2427.485587,64.800408,1.146000,11.604923,14.949048,14.390500,12.379950,13.331105,14.949048,38.028130000,127.254450000,38.028130000,127.254450000,38.027930000,127.254920000,38.027874082,127.255031695,38.027916000,127.253990000,38.027857285,127.253836677,38.028328000,127.253980000,38.028398676,127.253842587,38.028343000,127.254910000,38.028391456,127.255037077
324,324,825159768738,64.797,10.000000,38.028103000,127.254450000,812.000000,3745.026470,6176.983107,2431.956637,64.938303,0.851938,12.729633,15.290540,14.357400,13.295130,13.918176,15.290540,38.028050000,127.254456000,38.028050000,127.254456000,38.027850000,127.254920000,38.027835807,127.255064048,38.027832000,127.254000000,38.027735437,127.253875987,38.028248000,127.253980000,38.028275230,127.253819957,38.028263000,127.254910000,38.028351593,127.255011681
325,325,825159768942,65.001,10.000000,38.028023000,127.254450000,812.000000,3758.354975,6178.897663,2420.542688,64.404313,0.903978,12.778245,15.501130,14.298548,12.712175,13.822524,15.501130,38.027966000,127.254456000,38.027966000,127.254456000,38.027767000,127.254920000,38.027748257,127.255063769,38.027752000,127.254000000,38.027654384,127.253873933,38.028168000,127.253980000,38.028194569,127.253820464,38.028183000,127.254910000,38.028264058,127.255012115
326,326,825159769143,65.202,10.000000,38.027943000,127.254456000,812.000000,3736.005667,6186.535905,2450.530238,65.592252,0.910671,12.653382,15.199095,14.142898,12.246917,13.560573,15.199095,38.027885000,127.254456000,38.027885000,127.254456000,38.027687000,127.254920000,38.027626574,127.255042222,38.027670000,127.254000000,38.027612126,127.253843010,38.028084000,127.253980000,38.028154379,127.253845721,38.028100000,127.254910000,38.028144492,127.255037734
327,327,825159769336,65.395,10.000000,38.027782000,127.254456000,812.000000,3701.702648,6208.622246,2506.919597,67.723419,1.129339,13.255708,15.171441,15.044839,12.100910,13.893224,15.171441,38.027725000,127.254456000,38.027725000,127.254456000,38.027530000,127.254920000,38.027464369,127.255046136,38.027510000,127.254000000,38.027452224,127.253843299,38.027924000,127.253990000,38.027994933,127.253843958,38.027940000,127.254910000,38.027983876,127.255036259
328,328,825159769539,65.598,10.000000,38.027702000,127.254456000,812.000000,3727.842758,6221.774242,2493.931483,66.900125,1.302738,12.936434,15.288006,14.959117,11.789407,13.743241,15.288006,38.027645000,127.254460000,38.027645000,127.254460000,38.027450000,127.254930000,38.027409965,127.255068497,38.027430000,127.254005000,38.027345906,127.253867162,38.027843000,127.253990000,38.027888125,127.253829311,38.027860000,127.254920000,38.027929024,127.255021970
329,329,825159769730,65.789,10.000000,38.027702000,127.254456000,812.000000,3727.842758,6221.774242,2493.931483,66.900125,1.302738,12.936434,15.288006,14.959117,11.789407,13.743241,15.288006,38.027645000,127.254460000,38.027645000,127.254460000,38.027450000,127.254930000,38.027409965,127.255068497,38.027430000,127.254005000,38.027345906,127.253867162,38.027843000,127.253990000,38.027888125,127.253829311,38.027860000,127.254920000,38.027929024,127.255021970
330,330,825159769933,65.992,10.000000,38.027622000,127.254460000,812.000000,3727.846829,6241.812691,2513.965862,67.437477,1.263101,13.164422,15.331833,14.893880,11.742826,13.783240,15.331833,38.027565000,127.254460000,38.027565000,127.254460000,38.027370000,127.254930000,38.027302654,127.255053406,38.027350000,127.254005000,38.027291844,127.253846506,38.027763000,127.253990000,38.027835288,127.253847075,38.027780000,127.254920000,38.027824354,127.255041503
331,331,825159770134,66.193,10.000000,38.027542000,127.254460000,812.000000,3684.022857,6264.318976,2580.296120,70.040177,1.400937,13.162958,15.493494,15.694999,12.149233,14.125171,15.694999,38.027473000,127.254460000,38.027473000,127.254460000,38.027275000,127.254930000,38.027209822,127.255055247,38.027260000,127.254005000,38.027199342,127.253845974,38.027670000,127.254000000,38.027743121,127.253846966,38.027683000,127.254920000,38.027733262,127.255042984
332,332,825159770352,66.411,10.000000,38.027462000,127.254460000,812.000000,3675.095195,6278.295106,2603.199910,70.833537,1.336474,13.242297,15.522919,15.781829,12.344327,14.222843,15.781829,38.027393000,127.254460000,38.027393000,127.254460000,38.027195000,127.254930000,38.027129488,127.255056052,38.027180000,127.254005000,38.027119276,127.253845642,38.027588000,127.254000000,38.027663111,127.253847358,38.027603000,127.254920000,38.027654031,127.255044983
333,333,825159770539,66.598,10.000000,38.027300000,127.254470000,812.000000,3655.190064,6304.626843,2649.436779,72.484241,0.631049,14.326438,15.324141,15.151222,13.374244,14.544011,15.324141,38.027230000,127.254470000,38.027230000,127.254470000,38.027035000,127.254930000,38.026965774,127.255067730,38.027020000,127.254010000,38.026956199,127.253855146,38.027428000,127.254005000,38.027499987,127.253858361,38.027443000,127.254920000,38.027492564,127.255058937
334,334,825159770730,66.789,10.000000,38.027220000,127.254470000,812.000000,3655.194056,6327.095054,2671.900998,73.098745,0.610622,14.459005,15.424807,15.194403,13.530406,14.652155,15.424807,38.027150000,127.254470000,38.027150000,127.254470000,38.026955000,127.254930000,38.026885093,127.255068972,38.026940000,127.254010000,38.026875681,127.253854194,38.027348000,127.254005000,38.027420149,127.253857909,38.027363000,127.254920000,38.027413113,127.255060575
335,335,825159770931,66.990,10.000000,38.027220000,127.254470000,812.000000,3655.194056,6327.095054,2671.900998,73.098745,0.610622,14.459005,15.424807,15.194403,13.530406,14.652155,15.424807,38.027150000,127.254470000,38.027150000,127.254470000,38.026955000,127.254930000,38.026885093,127.255068972,38.026940000,127.254010000,38.026875681,127.253854194,38.027348000,127.254005000,38.027420149,127.253857909,38.027363000,127.254920000,38.027413113,127.255060575
336,336,825159771138,67.197,10.000000,38.027140000,127.254470000,812.000000,3671.402048,6351.226065,2679.824017,72.991843,1.181218,13.878348,16.319300,15.295853,12.892963,14.596616,16.319300,38.027070000,127.254470000,38.027070000,127.254470000,38.026875000,127.254940000,38.026804314,127.255070371,38.026860000,127.254020000,38.026795089,127.253853132,38.027267000,127.254005000,38.027340299,127.253857459,38.027283000,127.254930000,38.027333655,127.255062223
337,337,825159771343,67.402,10.000000,38.027060000,127.254470000,812.000000,3667.085912,6369.157864,2702.071953,73.684446,1.115671,14.061336,16.195905,15.408430,13.165447,14.707780,16.195905,38.027004000,127.254470000,38.027004000,127.254470000,38.026810000,127.254940000,38.026737662,127.255071456,38.026790000,127.254020000,38.026728976,127.253852334,38.027200000,127.254005000,38.027274670,127.253857044,38.027214000,127.254930000,38.027267904,127.255063637
338,338,825159771535,67.594,10.000000,38.026980000,127.254480000,812.000000,3638.586435,6396.791938,2758.205503,75.804314,1.164091,16.857172,18.548534,17.716601,15.561216,17.170881,18.548534,38.026924000,127.254470000,38.026924000,127.254470000,38.026730000,127.254940000,38.026592607,127.255020834,38.026714000,127.254020000,38.026718981,127.253808568,38.027120000,127.254010000,38.027258972,127.253911537,38.027134000,127.254930000,38.027120697,127.255106654
339,339,825159771743,67.802,10.000000,38.026820000,127.254480000,812.000000,3619.559481,6424.143264,2804.583783,77.484119,0.499286,15.384995,16.457300,15.128355,14.237957,15.302152,16.457300,38.026764000,127.254480000,38.026764000,127.254480000,38.026570000,127.254940000,38.026494717,127.255087136,38.026554000,127.254030000,38.026488695,127.253861625,38.026960000,127.254010000,38.027035071,127.253866188,38.026974000,127.254930000,38.027029030,127.255076572
340,340,825159771933,67.992,10.000000,38.026820000,127.254480000,812.000000,3619.559481,6424.143264,2804.583783,77.484119,0.499286,15.384995,16.457300,15.128355,14.237957,15.302152,16.457300,38.026764000,127.254480000,38.026764000,127.254480000,38.026570000,127.254940000,38.026494717,127.255087136,38.026554000,127.254030000,38.026488695,127.253861625,38.026960000,127.254010000,38.027035071,127.253866188,38.026974000,127.254930000,38.027029030,127.255076572
341,341,825159772129,68.188,10.000000,38.026672000,127.254486000,812.000000,3599.068218,6473.194285,2874.126067,79.857505,0.575195,16.609722,17.155646,16.492280,15.244282,16.375482,17.155646,38.026604000,127.254480000,38.026604000,127.254480000,38.026410000,127.254940000,38.026299181,127.255066835,38.026394000,127.254030000,38.026362787,127.253838413,38.026800000,127.254020000,38.026908002,127.253891257,38.026814000,127.254930000,38.026836883,127.255101400
342,342,825159772336,68.395,10.000000,38.026672000,127.254486000,812.000000,3599.068218,6473.194285,2874.126067,79.857505,0.575195,16.609722,17.155646,16.492280,15.244282,16.375482,17.155646,38.026604000,127.254480000,38.026604000,127.254480000,38.026410000,127.254940000,38.026299181,127.255066835,38.026394000,127.254030000,38.026362787,127.253838413,38.026800000,127.254020000,38.026908002,127.253891257,38.026814000,127.254930000,38.026836883,127.255101400
343,343,825159772539,68.598,10.000000,38.026516000,127.254486000,812.000000,3587.927627,6495.212826,2907.285199,81.029650,0.246100,16.322945,16.153917,15.903060,14.642254,15.755544,16.322945,38.026460000,127.254486000,38.026460000,127.254486000,38.026264000,127.254944000,38.026186303,127.255101864,38.026250000,127.254036000,38.026186440,127.253870393,38.026653000,127.254020000,38.026732378,127.253869215,38.026665000,127.254940000,38.026726946,127.255087302
344,344,825159772745,68.804,10.000000,38.026516000,127.254486000,812.000000,3587.927627,6495.212826,2907.285199,81.029650,0.246100,16.322945,16.153917,15.903060,14.642254,15.755544,16.322945,38.026460000,127.254486000,38.026460000,127.254486000,38.026264000,127.254944000,38.026186303,127.255101864,38.026250000,127.254036000,38.026186440,127.253870393,38.026653000,127.254020000,38.026732378,127.253869215,38.026665000,127.254940000,38.026726946,127.255087302
345,345,825159772950,69.009,10.000000,38.026436000,127.254490000,812.000000,3567.676352,6522.215897,2954.539544,82.814114,0.367068,17.023231,16.611153,17.098604,15.247296,16.495071,17.098604,38.026380000,127.254486000,38.026380000,127.254486000,38.026184000,127.254944000,38.026078018,127.255083947,38.026170000,127.254036000,38.026134297,127.253852070,38.026573000,127.254030000,38.026679419,127.253889393,38.026585000,127.254940000,38.026620736,127.255107856
346,346,825159773141,69.200,10.000000,38.026352000,127.254490000,812.000000,3567.680248,6540.821993,2973.141745,83.335432,0.281968,17.242947,16.638042,17.178334,15.501375,16.640174,17.242947,38.026300000,127.254486000,38.026300000,127.254486000,38.026104000,127.254944000,38.025995188,127.255083946,38.026090000,127.254036000,38.026056745,127.253851018,38.026493000,127.254030000,38.026601677,127.253890921,38.026505000,127.254940000,38.026539355,127.255111311
347,347,825159773332,69.391,10.000000,38.026276000,127.254490000,812.000000,3542.450753,6557.406848,3014.956095,85.109330,0.426132,17.529494,16.317108,16.318738,15.317675,16.370754,17.529494,38.026215000,127.254490000,38.026215000,127.254490000,38.026024000,127.254944000,38.025938395,127.255111785,38.026010000,127.254040000,38.025942121,127.253875077,38.026410000,127.254030000,38.026487957,127.253872399,38.026424000,127.254940000,38.026484319,127.255097003
348,348,825159773553,69.612,10.000000,38.026115000,127.254500000,812.000000,3549.994188,6599.950056,3049.955868,85.914390,0.184003,19.056414,18.292657,19.032440,17.755179,18.534172,19.056414,38.026060000,127.254490000,38.026060000,127.254490000,38.025864000,127.254950000,38.025715460,127.255058023,38.025850000,127.254040000,38.025858603,127.253831680,38.026250000,127.254036000,38.026398809,127.253929130,38.026264000,127.254944000,38.026260586,127.255146431
349,349,825159773743,69.802,10.000000,38.026115000,127.254500000,812.000000,3549.994188,6599.950056,3049.955868,85.914390,0.184003,19.056414,18.292657,19.032440,17.755179,18.534172,19.056414,38.026060000,127.254490000,38.026060000,127.254490000,38.025864000,127.254950000,38.025715460,127.255058023,38.025850000,127.254040000,38.025858603,127.253831680,38.026250000,127.254036000,38.026398809,127.253929130,38.026264000,127.254944000,38.026260586,127.255146431
350,350,825159773933,69.992,10.000000,38.026035000,127.254500000,812.000000,3531.158289,6615.359698,3084.201409,87.342485,0.264603,19.186413,19.095709,18.670669,17.860903,18.703424,19.186413,38.025978000,127.254490000,38.025978000,127.254490000,38.025784000,127.254950000,38.025635348,127.255060733,38.025770000,127.254050000,38.025773884,127.253832292,38.026170000,127.254036000,38.026314400,127.253927692,38.026184000,127.254944000,38.026181795,127.255147663
351,351,825159774135,70.194,10.000000,38.025955000,127.254500000,812.000000,3534.734891,6631.214959,3096.480068,87.601480,0.250648,19.414370,18.298944,18.611128,18.425673,18.687529,19.414370,38.025898000,127.254490000,38.025898000,127.254490000,38.025703000,127.254944000,38.025555075,127.255061276,38.025690000,127.254040000,38.025693618,127.253831373,38.026090000,127.254036000,38.026234135,127.253928459,38.026104000,127.254940000,38.026102447,127.255150114
352,352,825159774341,70.400,10.000000,38.025875000,127.254500000,812.000000,3521.306771,6642.811476,3121.504706,88.646202,0.347002,77.823982,31.218352,77.639747,31.148850,54.457733,77.823982,38.025818000,127.254460000,38.025818000,127.254460000,38.025610000,127.254020000,38.025336201,127.254836594,38.026012000,127.254005000,38.025813876,127.253753041,38.026024000,127.254910000,38.026289068,127.254091047,38.025627000,127.254920000,38.025821420,127.255175467
353,353,825159774531,70.590,2.000000,38.025715000,127.254510000,812.000000,143.691248,261.489267,117.798019,81.979954,0.182651,9.141214,4.476200,8.913569,4.570523,6.775377,9.141214,38.025665000,127.254290000,38.025665000,127.254290000,38.025623000,127.254196000,38.025556554,127.254257252,38.025703000,127.254196000,38.025742939,127.254190080,38.025707000,127.254380000,38.025773108,127.254322646,38.025627000,127.254380000,38.025586754,127.254390313
354,354,825159774738,70.797,2.000000,38.025715000,127.254510000,812.000000,143.691248,261.489267,117.798019,81.979954,0.182651,9.141214,4.476200,8.913569,4.570523,6.775377,9.141214,38.025665000,127.254290000,38.025665000,127.254290000,38.025623000,127.254196000,38.025556554,127.254257252,38.025703000,127.254196000,38.025742939,127.254190080,38.025707000,127.254380000,38.025773108,127.254322646,38.025627000,127.254380000,38.025586754,127.254390313
355,355,825159774944,71.003,2.000000,38.025640000,127.254510000,812.000000,137.225445,272.972551,135.747106,98.922694,0.267631,6.414537,6.118819,6.185537,6.095859,6.203688,6.414537,38.024982000,127.254210000,38.024982000,127.254210000,38.024952000,127.254300000,38.024894434,127.254303251,38.024937000,127.254130000,38.024962875,127.254068438,38.025013000,127.254110000,38.025068298,127.254116911,38.025032000,127.254295000,38.024999454,127.254350905
356,356,825159775137,71.196,2.000000,38.025560000,127.254520000,811.000000,147.208279,290.921572,143.713292,97.625822,0.026219,5.494834,5.210460,5.504654,5.148871,5.339705,5.504654,38.024250000,127.254280000,38.024250000,127.254280000,38.024227000,127.254380000,38.024179268,127.254395964,38.024193000,127.254200000,38.024204639,127.254142448,38.024273000,127.254180000,38.024320899,127.254164406,38.024307000,127.254360000,38.024294420,127.254416502
357,357,825159775343,71.402,2.000000,38.025480000,127.254520000,811.000000,153.223053,329.093469,175.870417,114.780651,0.288835,5.850562,5.550987,6.433769,5.427605,5.815731,6.433769,38.023537000,127.254510000,38.023537000,127.254510000,38.023520000,127.254616000,38.023471683,127.254642251,38.023468000,127.254440000,38.023474298,127.254377207,38.023550000,127.254410000,38.023602365,127.254378951,38.023600000,127.254580000,38.023599007,127.254641881
358,358,825159775546,71.605,2.000000,38.025400000,127.254520000,811.000000,174.764290,345.594289,170.829999,97.748802,0.182558,5.709740,5.595268,5.910096,5.967278,5.795595,5.967278,38.022880000,127.254980000,38.022880000,127.254980000,38.022873000,127.255090000,38.022830966,127.255127311,38.022800000,127.254920000,38.022800254,127.254856196,38.022884000,127.254870000,38.022928711,127.254833659,38.022957000,127.255035000,38.022959221,127.255102988
359,359,825159775733,71.792,2.000000,38.025238000,127.254524000,811.000000,219.550722,434.417315,214.866592,97.866493,0.546314,6.169397,6.005929,6.679351,5.064326,5.979751,6.679351,38.021800000,127.256460000,38.021800000,127.256460000,38.021816000,127.256584000,38.021776894,127.256633850,38.021700000,127.256430000,38.021683450,127.256364815,38.021790000,127.256350000,38.021824114,127.256287343,38.021900000,127.256500000,38.021914413,127.256554774
360,360,825159775939,71.998,2.000000,38.025238000,127.254524000,811.000000,219.550722,434.417315,214.866592,97.866493,0.546314,6.169397,6.005929,6.679351,5.064326,5.979751,6.679351,38.021800000,127.256460000,38.021800000,127.256460000,38.021816000,127.256584000,38.021776894,127.256633850,38.021700000,127.256430000,38.021683450,127.256364815,38.021790000,127.256350000,38.021824114,127.256287343,38.021900000,127.256500000,38.021914413,127.256554774
361,361,825159776137,72.196,2.000000,38.025158000,127.254530000,811.000000,244.328299,451.648896,207.320597,84.853288,0.201674,5.987436,5.610048,6.040931,5.266889,5.726326,6.040931,38.021427000,127.257460000,38.021427000,127.257460000,38.021450000,127.257580000,38.021425706,127.257640914,38.021317000,127.257440000,38.021300384,127.257379605,38.021404000,127.257340000,38.021429929,127.257279486,38.021534000,127.257484000,38.021554545,127.257538101
362,362,825159776343,72.402,2.000000,38.025080000,127.254540000,811.000000,292.398310,556.672102,264.273793,90.381437,0.508277,5.944081,6.031781,4.379407,5.352288,5.426889,6.031781,38.021190000,127.258644000,38.021190000,127.258644000,38.021225000,127.258770000,38.021205985,127.258833337,38.021076000,127.258644000,38.021032132,127.258603627,38.021160000,127.258514000,38.021166244,127.258464694,38.021310000,127.258644000,38.021349586,127.258678640
363,363,825159776545,72.604,2.000000,38.025000000,127.254550000,811.000000,326.351568,517.453090,191.101522,58.556949,0.650169,4.946368,5.839554,4.558019,5.858462,5.300601,5.858462,38.021140000,127.259840000,38.021140000,127.259840000,38.021187000,127.259970000,38.021180890,127.260025868,38.021020000,127.259860000,38.020982272,127.259813734,38.021095000,127.259710000,38.021097683,127.259658136,38.021263000,127.259820000,38.021285622,127.259880318
364,364,825159776733,72.792,2.000000,38.024840000,127.254560000,810.000000,385.800387,857.927616,472.127229,122.376038,1.318142,7.643716,5.726445,9.628495,6.856778,7.463859,9.628495,38.021748000,127.262750000,38.021748000,127.262750000,38.021828000,127.262870000,38.021833293,127.262956903,38.021618000,127.262810000,38.021568252,127.262793383,38.021664000,127.262634000,38.021672534,127.262524740,38.021873000,127.262695000,38.021933847,127.262682849
365,365,825159776938,72.997,2.000000,38.024840000,127.254560000,810.000000,385.800387,857.927616,472.127229,122.376038,1.318142,7.643716,5.726445,9.628495,6.856778,7.463859,9.628495,38.021748000,127.262750000,38.021748000,127.262750000,38.021828000,127.262870000,38.021833293,127.262956903,38.021618000,127.262810000,38.021568252,127.262793383,38.021664000,127.262634000,38.021672534,127.262524740,38.021873000,127.262695000,38.021933847,127.262682849
366,366,825159777140,73.199,2.000000,38.024773000,127.254570000,810.000000,391.458687,1008.827927,617.369239,157.709935,0.545364,9.071204,7.636960,9.532695,8.281087,8.630487,9.532695,38.022450000,127.264150000,38.022450000,127.264150000,38.022550000,127.264250000,38.022564210,127.264351856,38.022324000,127.264230000,38.022259679,127.264260289,38.022350000,127.264050000,38.022339996,127.263942040,38.022575000,127.264080000,38.022638770,127.264031375
367,367,825159777340,73.399,2.000000,38.024696000,127.254585000,809.000000,364.851223,1051.098859,686.247637,188.089718,0.248268,11.094951,7.621558,10.953007,8.144234,9.453437,11.094951,38.023624000,127.265290000,38.023624000,127.265290000,38.023735000,127.265350000,38.023770796,127.265468079,38.023506000,127.265380000,38.023446059,127.265421998,38.023514000,127.265210000,38.023482053,127.265091865,38.023740000,127.265190000,38.023800886,127.265138507
368,368,825159777543,73.602,2.000000,38.024616000,127.254600000,809.000000,336.415604,1083.000269,746.584665,221.923316,0.927335,15.500360,7.334572,12.258497,6.644368,10.434449,15.500360,38.024510000,127.265114000,38.024510000,127.265114000,38.024620000,127.265175000,38.024669519,127.265340204,38.024403000,127.265210000,38.024347960,127.265255976,38.024400000,127.265050000,38.024354260,127.264922839,38.024620000,127.265020000,38.024669804,127.264978240
369,369,825159777735,73.794,2.000000,38.024456000,127.254630000,808.000000,344.761733,986.397619,641.635886,186.109949,0.998315,8.102024,11.685675,7.026343,9.592024,9.101517,11.685675,38.026627000,127.264290000,38.026627000,127.264290000,38.026745000,127.264336000,38.026809294,127.264379302,38.026540000,127.264404000,38.026518973,127.264534562,38.026512000,127.264240000,38.026451074,127.264219064,38.026720000,127.264175000,38.026736248,127.264067576
370,370,825159777936,73.995,2.000000,38.024456000,127.254630000,808.000000,344.761733,986.397619,641.635886,186.109949,0.998315,8.102024,11.685675,7.026343,9.592024,9.101517,11.685675,38.026627000,127.264290000,38.026627000,127.264290000,38.026745000,127.264336000,38.026809294,127.264379302,38.026540000,127.264404000,38.026518973,127.264534562,38.026512000,127.264240000,38.026451074,127.264219064,38.026720000,127.264175000,38.026736248,127.264067576
371,371,825159778142,74.201,2.000000,38.024380000,127.254654000,808.000000,370.151106,1077.537034,707.385929,191.107339,1.309257,7.991097,9.787212,9.434794,12.052740,9.816460,12.052740,38.027653000,127.263770000,38.027653000,127.263770000,38.027780000,127.263824000,38.027850771,127.263839265,38.027573000,127.263890000,38.027563075,127.264000901,38.027530000,127.263725000,38.027452211,127.263682285,38.027733000,127.263650000,38.027729741,127.263512612
372,372,825159778342,74.401,2.000000,38.024300000,127.254680000,807.000000,423.807526,1140.382322,716.574796,169.080243,0.452299,7.971428,14.340909,7.932720,13.072364,10.829355,14.340909,38.028812000,127.263240000,38.028812000,127.263240000,38.028954000,127.263300000,38.029023116,127.263276226,38.028736000,127.263360000,38.028766594,127.263518869,38.028675000,127.263180000,38.028607515,127.263209058,38.028890000,127.263115000,38.028858253,127.262971470
373,373,825159778529,74.588,2.000000,38.024223000,127.254700000,807.000000,592.227353,1241.136193,648.908840,109.570900,0.305630,9.379321,16.663890,9.431780,15.443031,12.729505,16.663890,38.030040000,127.262820000,38.030040000,127.262820000,38.030230000,127.262920000,38.030267925,127.262824483,38.029957000,127.262940000,38.030023274,127.263110403,38.029865000,127.262730000,38.029822190,127.262822824,38.030125000,127.262695000,38.030059115,127.262540010
374,374,825159778737,74.796,2.000000,38.024067000,127.254750000,805.000000,1178.360442,2298.877456,1120.517014,95.091194,0.861351,23.041874,34.331637,24.547745,31.923380,28.461159,34.331637,38.033890000,127.262430000,38.033890000,127.262430000,38.033980000,127.262250000,38.034172227,127.262347462,38.034184000,127.262510000,38.033981837,127.262805697,38.033800000,127.262596000,38.033594659,127.262493937,38.033585000,127.262320000,38.033771524,127.262043450
375,375,825159778940,74.999,2.000000,38.024067000,127.254750000,805.000000,1178.360442,2298.877456,1120.517014,95.091194,0.861351,23.041874,34.331637,24.547745,31.923380,28.461159,34.331637,38.033890000,127.262430000,38.033890000,127.262430000,38.033980000,127.262250000,38.034172227,127.262347462,38.034184000,127.262510000,38.033981837,127.262805697,38.033800000,127.262596000,38.033594659,127.262493937,38.033585000,127.262320000,38.033771524,127.262043450
376,376,825159779134,75.193,2.000000,38.023990000,127.254780000,805.000000,1105.277244,3232.305920,2127.028676,192.442999,0.346435,29.633951,36.205799,28.480985,35.523298,32.461008,36.205799,38.035908000,127.261540000,38.035908000,127.261540000,38.035995000,127.261345000,38.036253870,127.261423801,38.036186000,127.261566000,38.036108362,127.261967003,38.035820000,127.261740000,38.035573631,127.261652397,38.035633000,127.261520000,38.035710570,127.261126996
377,377,825159779354,75.413,2.000000,38.023914000,127.254820000,804.000000,1877.948109,2755.807896,877.859787,46.745689,2.617760,5.961142,42.801778,6.141737,38.011586,23.229061,42.801778,38.038414000,127.260460000,38.038414000,127.260460000,38.038580000,127.260254000,38.038619721,127.260208400,38.038868000,127.260506000,38.038614164,127.260872681,38.038254000,127.260666000,38.038210193,127.260708585,38.038002000,127.260420000,38.038166718,127.260040228
378,378,825159779542,75.601,2.000000,38.023838000,127.254850000,803.000000,4719.270119,43483.239608,38763.969489,821.397558,243.594222,507.370221,454.418934,7.383097,48.880136,254.513097,507.370221,38.042957000,127.259650000,38.042957000,127.259650000,38.043110000,127.259360000,38.047603726,127.260326879,38.043777000,127.259710000,38.047656260,127.261323649,38.042778000,127.259930000,38.042728486,127.259986031,38.042156000,127.259580000,38.042414545,127.259129348
379,379,825159779733,75.792,2.000000,38.023690000,127.254940000,801.000000,4865.293221,44367.717033,39502.423812,811.922777,246.751152,511.668602,458.640184,6.272272,49.414353,256.498853,511.668602,38.042970000,127.259650000,38.042970000,127.259650000,38.043140000,127.259360000,38.047675544,127.260306553,38.043810000,127.259720000,38.047734829,127.261311213,38.042763000,127.259926000,38.042735044,127.259988117,38.042145000,127.259575000,38.042415376,127.259127977
380,380,825159779935,75.994,2.000000,38.023690000,127.254940000,801.000000,4865.293221,44367.717033,39502.423812,811.922777,246.751152,511.668602,458.640184,6.272272,49.414353,256.498853,511.668602,38.042970000,127.259650000,38.042970000,127.259650000,38.043140000,127.259360000,38.047675544,127.260306553,38.043810000,127.259720000,38.047734829,127.261311213,38.042763000,127.259926000,38.042735044,127.259988117,38.042145000,127.259575000,38.042415376,127.259127977
381,381,825159780132,76.191,2.000000,38.023617000,127.254990000,800.000000,4883.073504,45661.210964,40778.137459,835.091616,256.949347,530.719229,475.452044,5.767383,51.094356,265.758253,530.719229,38.042915000,127.259476000,38.042915000,127.259476000,38.043090000,127.259186000,38.047800862,127.260116607,38.043760000,127.259544000,38.047846427,127.261121296,38.042720000,127.259760000,38.042699947,127.259820658,38.042103000,127.259410000,38.042405005,127.258971127
382,382,825159780340,76.399,2.000000,38.023544000,127.255035000,799.000000,4933.178700,45257.315275,40324.136575,817.406768,250.111692,519.006081,463.353188,6.523140,49.800810,259.670805,519.006081,38.042976000,127.259636000,38.042976000,127.259636000,38.043150000,127.259346000,38.047755012,127.260271278,38.043830000,127.259705000,38.047803457,127.261279191,38.042763000,127.259910000,38.042737389,127.259976923,38.042137000,127.259560000,38.042414705,127.259114644
383,383,825159780538,76.597,2.000000,38.023407000,127.255140000,797.000000,4978.300404,46626.776022,41648.475618,836.600290,256.106761,534.589660,475.742160,8.513625,50.033344,267.219697,534.589660,38.042984000,127.259490000,38.042984000,127.259490000,38.043144000,127.259190000,38.047894685,127.260081628,38.043840000,127.259544000,38.047935764,127.261093386,38.042793000,127.259770000,38.042734582,127.259832676,38.042150000,127.259430000,38.042421928,127.258975597
384,384,825159780744,76.803,2.000000,38.023340000,127.255200000,795.000000,5063.461902,46369.034770,41305.572869,815.757552,260.198772,536.532592,478.406225,5.934395,54.072272,268.736371,536.532592,38.042890000,127.259500000,38.042890000,127.259500000,38.043053000,127.259200000,38.047822016,127.260085673,38.043750000,127.259550000,38.047870961,127.261098388,38.042706000,127.259790000,38.042688569,127.259853970,38.042053000,127.259445000,38.042389227,127.258999870
385,385,825159780934,76.993,2.000000,38.023340000,127.255200000,795.000000,5063.461902,46369.034770,41305.572869,815.757552,260.198772,536.532592,478.406225,5.934395,54.072272,268.736371,536.532592,38.042890000,127.259500000,38.042890000,127.259500000,38.043053000,127.259200000,38.047822016,127.260085673,38.043750000,127.259550000,38.047870961,127.261098388,38.042706000,127.259790000,38.042688569,127.259853970,38.042053000,127.259445000,38.042389227,127.258999870
386,386,825159781134,77.193,2.000000,38.023273000,127.255264000,794.000000,5024.303449,46460.333546,41436.030097,824.711933,260.803956,537.481968,478.615043,6.453909,54.923556,269.368619,537.481968,38.042877000,127.259510000,38.042877000,127.259510000,38.043037000,127.259210000,38.047816424,127.260079966,38.043743000,127.259550000,38.047866866,127.261094309,38.042698000,127.259796000,38.042682644,127.259866987,38.042038000,127.259460000,38.042383039,127.259012190
387,387,825159781340,77.399,2.000000,38.023210000,127.255330000,792.000000,5166.984083,46711.343177,41544.359094,804.034973,261.008384,539.725026,478.691420,5.874896,55.393916,269.921314,539.725026,38.042890000,127.259520000,38.042890000,127.259520000,38.043037000,127.259220000,38.047838706,127.260072653,38.043760000,127.259560000,38.047888176,127.261088746,38.042717000,127.259820000,38.042689650,127.259877311,38.042040000,127.259476000,38.042385166,127.259020868
388,388,825159781530,77.589,2.000000,38.023087000,127.255480000,789.000000,5178.941394,46916.689077,41737.747683,805.912724,263.001642,544.680247,481.345123,6.952875,57.201565,272.544952,544.680247,38.042860000,127.259530000,38.042860000,127.259530000,38.042984000,127.259224000,38.047833868,127.260046605,38.043728000,127.259550000,38.047884169,127.261064803,38.042717000,127.259834000,38.042675602,127.259893385,38.042010000,127.259500000,38.042372158,127.259037131
389,389,825159781737,77.796,2.000000,38.023087000,127.255480000,789.000000,5178.941394,46916.689077,41737.747683,805.912724,263.001642,544.680247,481.345123,6.952875,57.201565,272.544952,544.680247,38.042860000,127.259530000,38.042860000,127.259530000,38.042984000,127.259224000,38.047833868,127.260046605,38.043728000,127.259550000,38.047884169,127.261064803,38.042717000,127.259834000,38.042675602,127.259893385,38.042010000,127.259500000,38.042372158,127.259037131
390,390,825159781943,78.002,2.000000,38.023030000,127.255554000,787.000000,5171.507318,46953.506514,41781.999196,807.926908,265.539181,548.715732,484.131673,6.913934,59.340852,274.775548,548.715732,38.042824000,127.259530000,38.042824000,127.259530000,38.042930000,127.259220000,38.047817679,127.260030644,38.043686000,127.259544000,38.047870260,127.261049626,38.042694000,127.259834000,38.042657789,127.259898073,38.041973000,127.259510000,38.042359025,127.259043208
391,391,825159782137,78.196,2.000000,38.022984000,127.255615000,786.000000,5381.061416,24337.258587,18956.197172,352.276172,136.256411,46.311308,467.273604,5.712234,60.639249,144.984099,467.273604,38.042805000,127.259710000,38.042805000,127.259710000,38.042908000,127.259400000,38.043324008,127.259404239,38.043690000,127.259730000,38.047717982,127.261229781,38.042683000,127.260025000,38.042660014,127.260083254,38.041940000,127.259690000,38.042339007,127.259219116
392,392,825159782344,78.403,2.000000,38.022930000,127.255700000,784.000000,5460.546247,46539.591202,41079.044954,752.288198,258.408717,540.492932,472.774652,10.445862,57.581357,270.323701,540.492932,38.042873000,127.259700000,38.042873000,127.259700000,38.042950000,127.259370000,38.047763486,127.260177658,38.043750000,127.259700000,38.047829148,127.261201123,38.042774000,127.260010000,38.042691934,127.260067778,38.042007000,127.259680000,38.042361824,127.259202091
393,393,825159782534,78.593,2.000000,38.022835000,127.255870000,781.000000,5505.154930,23362.314856,17857.159926,324.371614,132.401522,33.675438,468.103832,9.361138,63.210228,143.587659,468.103832,38.042760000,127.259735000,38.042760000,127.259735000,38.042800000,127.259410000,38.043102152,127.259391266,38.043633000,127.259710000,38.047672615,127.261192925,38.042706000,127.260060000,38.042633785,127.260114712,38.041893000,127.259740000,38.042311162,127.259252227
394,394,825159782737,78.796,2.000000,38.022835000,127.255870000,781.000000,5505.154930,23362.314856,17857.159926,324.371614,132.401522,33.675438,468.103832,9.361138,63.210228,143.587659,468.103832,38.042760000,127.259735000,38.042760000,127.259735000,38.042800000,127.259410000,38.043102152,127.259391266,38.043633000,127.259710000,38.047672615,127.261192925,38.042706000,127.260060000,38.042633785,127.260114712,38.041893000,127.259740000,38.042311162,127.259252227
395,395,825159782943,79.002,2.000000,38.022790000,127.255960000,779.000000,5648.952092,46894.655385,41245.703292,730.147868,260.609191,455.367145,566.289468,81.950846,58.118543,290.431500,566.289468,38.042850000,127.259705000,38.042850000,127.259705000,38.043705000,127.259660000,38.047779504,127.260120788,38.042835000,127.260040000,38.047846930,127.261146064,38.042000000,127.259730000,38.042682972,127.260078908,38.042860000,127.259360000,38.042350508,127.259215260
396,396,825159783147,79.206,2.000000,38.022750000,127.256050000,777.000000,5641.910058,22850.219337,17208.309279,305.008572,130.144468,70.028329,551.237787,88.027152,48.934004,189.556818,551.237787,38.042732000,127.259760000,38.042732000,127.259760000,38.043580000,127.259705000,38.042998394,127.259400602,38.042736000,127.260090000,38.047614147,127.261170811,38.041870000,127.259790000,38.042610587,127.260141965,38.042713000,127.259415000,38.042286244,127.259281156
397,397,825159783340,79.399,2.000000,38.022680000,127.256250000,773.000000,5736.942369,22914.192177,17177.249809,299.414718,130.661845,67.539623,546.279118,85.317440,41.634033,185.192553,546.279118,38.042725000,127.259766000,38.042725000,127.259766000,38.043545000,127.259680000,38.042979235,127.259401760,38.042797000,127.260110000,38.047637779,127.261132557,38.041885000,127.259820000,38.042606061,127.260149820,38.042640000,127.259415000,38.042278879,127.259291429
398,398,825159783531,79.590,2.000000,38.022680000,127.256250000,773.000000,5736.942369,22914.192177,17177.249809,299.414718,130.661845,67.539623,546.279118,85.317440,41.634033,185.192553,546.279118,38.042725000,127.259766000,38.042725000,127.259766000,38.043545000,127.259680000,38.042979235,127.259401760,38.042797000,127.260110000,38.047637779,127.261132557,38.041885000,127.259820000,38.042606061,127.260149820,38.042640000,127.259415000,38.042278879,127.259291429
399,399,825159783735,79.794,2.000000,38.022648000,127.256350000,771.000000,5792.814707,23013.211929,17220.397222,297.271674,131.199541,65.403781,543.812133,83.255244,37.381156,182.463079,543.812133,38.042725000,127.259766000,38.042725000,127.259766000,38.043526000,127.259670000,38.042978249,127.259400156,38.042840000,127.260120000,38.047662359,127.261111325,38.041900000,127.259840000,38.042606748,127.260150645,38.042600000,127.259415000,38.042278114,127.259293531
400,400,825159783941,80.000,2.000000,38.022620000,127.256450000,769.000000,5814.856857,22972.270682,17157.413825,295.061671,131.021164,63.540938,538.907705,80.748048,32.666071,178.965690,538.907705,38.042717000,127.259766000,38.042717000,127.259766000,38.043495000,127.259650000,38.042959978,127.259397442,38.042880000,127.260124000,38.047661320,127.261086957,38.041912000,127.259860000,38.042600117,127.260151380,38.042550000,127.259415000,38.042271883,127.259296154
401,401,825159784135,80.194,2.000000,38.022600000,127.256550000,768.000000,5940.272869,23454.395516,17514.122647,294.837006,133.434964,56.463610,540.311271,76.665477,27.759233,175.299898,540.311271,38.042736000,127.259740000,38.042736000,127.259740000,38.043484000,127.259605000,38.043010512,127.259374048,38.042957000,127.260110000,38.047754916,127.261041692,38.041960000,127.259860000,38.042616136,127.260125713,38.042522000,127.259384000,38.042288580,127.259272591
402,402,825159784341,80.400,2.000000,38.022568000,127.256770000,764.000000,5945.405147,22728.086337,16782.681190,282.279858,129.571653,56.601941,520.027311,70.693474,17.614685,166.234353,520.027311,38.042690000,127.259760000,38.042690000,127.259760000,38.043380000,127.259590000,38.042898157,127.259383835,38.043020000,127.260130000,38.047641012,127.260999591,38.041970000,127.259910000,38.042577016,127.260146941,38.042385000,127.259410000,38.042252939,127.259299317
403,403,825159784545,80.604,2.000000,38.022568000,127.256770000,764.000000,5945.405147,22728.086337,16782.681190,282.279858,129.571653,56.601941,520.027311,70.693474,17.614685,166.234353,520.027311,38.042690000,127.259760000,38.042690000,127.259760000,38.043380000,127.259590000,38.042898157,127.259383835,38.043020000,127.260130000,38.047641012,127.260999591,38.041970000,127.259910000,38.042577016,127.260146941,38.042385000,127.259410000,38.042252939,127.259299317
404,404,825159784733,80.792,2.000000,38.022560000,127.256874000,762.000000,6125.665387,21131.351365,15005.685979,244.964180,121.104257,60.790566,483.900312,71.348487,12.328712,157.092019,483.900312,38.042633000,127.259840000,38.042633000,127.259840000,38.043297000,127.259650000,38.042772762,127.259455809,38.043003000,127.260210000,38.047302036,127.261027261,38.041924000,127.260000000,38.042538961,127.260229330,38.042280000,127.259480000,38.042201168,127.259381226
405,405,825159784940,80.999,2.000000,38.022552000,127.256980000,761.000000,6060.765807,21181.453102,15120.687295,249.484764,121.480558,55.485379,479.211481,66.816775,9.531926,152.761390,479.211481,38.042630000,127.259834000,38.042630000,127.259834000,38.043247000,127.259630000,38.042769318,127.259449282,38.043060000,127.260200000,38.047318735,127.260997765,38.041960000,127.260010000,38.042536187,127.260223526,38.042230000,127.259480000,38.042199978,127.259378177
406,406,825159785133,81.192,2.000000,38.022552000,127.256980000,761.000000,6060.765807,21181.453102,15120.687295,249.484764,121.480558,55.485379,479.211481,66.816775,9.531926,152.761390,479.211481,38.042630000,127.259834000,38.042630000,127.259834000,38.043247000,127.259630000,38.042769318,127.259449282,38.043060000,127.260200000,38.047318735,127.260997765,38.041960000,127.260010000,38.042536187,127.260223526,38.042230000,127.259480000,38.042199978,127.259378177
407,407,825159785337,81.396,2.000000,38.022556000,127.257195000,757.000000,5845.218699,22555.728167,16710.509467,285.883392,130.871271,39.179350,504.192659,50.213232,13.556963,151.785551,504.192659,38.042650000,127.259680000,38.042650000,127.259680000,38.043137000,127.259440000,38.042803981,127.259295393,38.043182000,127.260040000,38.047671184,127.260803164,38.042095000,127.259900000,38.042526792,127.260065666,38.042150000,127.259346000,38.042234623,127.259234794
408,408,825159785545,81.604,2.000000,38.022568000,127.257300000,756.000000,5886.891210,22463.957071,16577.065860,281.592869,130.072570,34.940057,497.553304,44.863083,17.252675,148.652280,497.553304,38.042650000,127.259690000,38.042650000,127.259690000,38.043100000,127.259430000,38.042801971,127.259304981,38.043230000,127.260040000,38.047660639,127.260787689,38.042145000,127.259926000,38.042530268,127.260076173,38.042107000,127.259360000,38.042233976,127.259247164
409,409,825159785731,81.790,2.000000,38.022580000,127.257410000,754.000000,5825.661955,22269.335674,16443.673718,282.262751,129.418758,31.348922,491.618012,40.030905,21.438921,146.109190,491.618012,38.042637000,127.259690000,38.042637000,127.259690000,38.043040000,127.259420000,38.042773741,127.259303547,38.043255000,127.260030000,38.047633888,127.260758168,38.042175000,127.259940000,38.042518262,127.260076084,38.042057000,127.259370000,38.042225058,127.259250567
410,410,825159785937,81.996,2.000000,38.022620000,127.257620000,751.000000,5832.936432,21833.640574,16000.704143,274.316450,127.249048,22.472078,475.209952,29.211533,30.491788,139.346338,475.209952,38.042590000,127.259674000,38.042590000,127.259674000,38.042915000,127.259384000,38.042727704,127.259288372,38.043290000,127.259995000,38.047524860,127.260677993,38.042225000,127.259950000,38.042472910,127.260059234,38.041940000,127.259370000,38.042194886,127.259242638
411,411,825159786139,82.198,2.000000,38.022620000,127.257620000,751.000000,5832.936432,21833.640574,16000.704143,274.316450,127.249048,22.472078,475.209952,29.211533,30.491788,139.346338,475.209952,38.042590000,127.259674000,38.042590000,127.259674000,38.042915000,127.259384000,38.042727704,127.259288372,38.043290000,127.259995000,38.047524860,127.260677993,38.042225000,127.259950000,38.042472910,127.260059234,38.041940000,127.259370000,38.042194886,127.259242638
412,412,825159786343,82.402,2.000000,38.022644000,127.257720000,750.000000,5820.491634,21772.386973,15951.895339,274.064398,127.560630,17.611036,471.035936,26.471215,33.706420,137.206152,471.035936,38.042610000,127.259720000,38.042610000,127.259720000,38.042890000,127.259420000,38.042746973,127.259334150,38.043335000,127.260030000,38.047532463,127.260708989,38.042280000,127.260000000,38.042502521,127.260106470,38.041920000,127.259420000,38.042204696,127.259289086
413,413,825159786533,82.592,2.000000,38.022675000,127.257820000,748.000000,5876.413659,21552.175636,15675.761977,266.757293,126.291326,14.174600,463.017180,22.029929,37.583531,134.201310,463.017180,38.042600000,127.259735000,38.042600000,127.259735000,38.042847000,127.259430000,38.042736549,127.259349552,38.043360000,127.260040000,38.047486868,127.260698791,38.042313000,127.260030000,38.042497333,127.260121432,38.041878000,127.259450000,38.042196236,127.259306837
414,414,825159786736,82.795,2.000000,38.022747000,127.258020000,746.000000,5656.871066,22709.162091,17052.291025,301.443869,131.920488,6.583194,484.158259,8.086925,42.945701,135.443520,484.158259,38.042670000,127.259590000,38.042670000,127.259590000,38.042835000,127.259280000,38.042835519,127.259204912,38.043480000,127.259870000,38.047801602,127.260491901,38.042496000,127.259900000,38.042539136,127.259974221,38.041900000,127.259340000,38.042261687,127.259169575
415,415,825159786941,83.000,2.000000,38.022747000,127.258020000,746.000000,5656.871066,22709.162091,17052.291025,301.443869,131.920488,6.583194,484.158259,8.086925,42.945701,135.443520,484.158259,38.042670000,127.259590000,38.042670000,127.259590000,38.042835000,127.259280000,38.042835519,127.259204912,38.043480000,127.259870000,38.047801602,127.260491901,38.042496000,127.259900000,38.042539136,127.259974221,38.041900000,127.259340000,38.042261687,127.259169575
416,416,825159787145,83.204,2.000000,38.022780000,127.258095000,744.000000,5968.778849,19014.209564,13045.430715,218.561134,114.453955,5.693112,392.890571,24.953672,46.478907,117.504065,392.890571,38.042570000,127.259990000,38.042570000,127.259990000,38.042710000,127.259670000,38.042699856,127.259606352,38.043407000,127.260270000,38.046902929,127.260885686,38.042347000,127.260284000,38.042556734,127.260384467,38.041740000,127.259720000,38.042138612,127.259562235
417,417,825159787331,83.390,2.000000,38.022827000,127.258190000,743.000000,5874.791640,6233.962363,359.170723,6.113761,21.507139,5.697731,30.031463,14.696257,51.267237,25.423172,51.267237,38.042442000,127.259895000,38.042442000,127.259895000,38.042553000,127.259575000,38.042569979,127.259513690,38.043300000,127.260160000,38.043493939,127.260398117,38.042263000,127.260200000,38.042378781,127.260280544,38.041615000,127.259640000,38.042057468,127.259477786
418,418,825159787536,83.595,2.000000,38.022923000,127.258354000,740.000000,5913.239631,18642.248201,12729.008570,215.262857,113.010180,11.968599,382.522694,8.492789,56.763487,114.936892,382.522694,38.042492000,127.259930000,38.042492000,127.259930000,38.042526000,127.259605000,38.042624187,127.259549378,38.043392000,127.260180000,38.046798609,127.260751946,38.042400000,127.260250000,38.042454913,127.260317250,38.041607000,127.259700000,38.042095843,127.259515793
419,419,825159787742,83.801,2.000000,38.022923000,127.258354000,740.000000,5913.239631,18642.248201,12729.008570,215.262857,113.010180,11.968599,382.522694,8.492789,56.763487,114.936892,382.522694,38.042492000,127.259930000,38.042492000,127.259930000,38.042526000,127.259605000,38.042624187,127.259549378,38.043392000,127.260180000,38.046798609,127.260751946,38.042400000,127.260250000,38.042454913,127.260317250,38.041607000,127.259700000,38.042095843,127.259515793
420,420,825159787932,83.991,2.000000,38.022980000,127.258440000,739.000000,5746.124193,5184.414706,-561.709487,-9.775450,13.680093,12.201678,23.885858,6.154609,59.827424,25.517392,59.827424,38.042374000,127.259865000,38.042374000,127.259865000,38.042393000,127.259544000,38.042492692,127.259486149,38.043293000,127.260090000,38.043186905,127.260326816,38.042320000,127.260180000,38.042300306,127.260245597,38.041492000,127.259650000,38.042007871,127.259458618
421,421,825159788139,84.198,2.000000,38.023037000,127.258514000,738.000000,5770.779437,6240.280230,469.500793,8.135830,23.698073,104.182313,125.504559,114.301822,42.288802,96.569374,125.504559,38.042460000,127.259980000,38.042460000,127.259980000,38.043392000,127.260200000,38.042583658,127.259601106,38.042450000,127.260300000,38.043569232,127.260472282,38.041534000,127.259766000,38.042445331,127.260366656,38.042435000,127.259660000,38.042061703,127.259570546
422,422,825159788345,84.404,2.000000,38.023160000,127.258650000,736.000000,5846.173342,17887.012587,12040.839244,205.961037,109.799124,106.912496,463.819649,120.251205,39.515585,182.624734,463.819649,38.042550000,127.260050000,38.042550000,127.260050000,38.043507000,127.260254000,38.042663455,127.259670987,38.042587000,127.260370000,38.046738373,127.260821346,38.041588000,127.259850000,38.042563768,127.260438465,38.042465000,127.259720000,38.042115551,127.259640785
423,423,825159788544,84.603,2.000000,38.023160000,127.258650000,736.000000,5846.173342,17887.012587,12040.839244,205.961037,109.799124,106.912496,463.819649,120.251205,39.515585,182.624734,463.819649,38.042550000,127.260050000,38.042550000,127.260050000,38.043507000,127.260254000,38.042663455,127.259670987,38.042587000,127.260370000,38.046738373,127.260821346,38.041588000,127.259850000,38.042563768,127.260438465,38.042465000,127.259720000,38.042115551,127.259640785
424,424,825159788734,84.793,2.000000,38.023224000,127.258710000,734.000000,5924.614868,19893.300028,13968.685160,235.773725,118.135956,103.491269,501.908544,115.292118,43.250980,190.985728,501.908544,38.042725000,127.260040000,38.042725000,127.260040000,38.043700000,127.260240000,38.042889676,127.259661352,38.042790000,127.260370000,38.047284223,127.260828748,38.041770000,127.259860000,38.042704482,127.260426986,38.042633000,127.259710000,38.042249755,127.259628905
425,425,825159788938,84.997,2.000000,38.023290000,127.258770000,733.000000,5827.965878,21134.471276,15306.505398,262.638899,122.731173,99.148957,521.861638,111.370477,45.102103,194.370794,521.861638,38.042812000,127.260030000,38.042812000,127.260030000,38.043793000,127.260220000,38.043022525,127.259652626,38.042900000,127.260360000,38.047573990,127.260819253,38.041860000,127.259850000,38.042756362,127.260414225,38.042706000,127.259705000,38.042306526,127.259619123
426,426,825159789143,85.202,2.000000,38.023360000,127.258830000,732.000000,5722.900223,17624.611626,11901.711404,207.966432,108.642566,107.397772,458.924673,120.268938,38.933584,181.381242,458.924673,38.042580000,127.260080000,38.042580000,127.260080000,38.043540000,127.260270000,38.042684660,127.259703318,38.042637000,127.260400000,38.046746563,127.260815816,38.041615000,127.259900000,38.042599429,127.260465221,38.042477000,127.259760000,38.042133431,127.259676900
427,427,825159789334,85.393,2.000000,38.023502000,127.258930000,730.000000,5745.365530,17424.070169,11678.704639,203.271743,107.980214,107.148493,457.659243,119.087448,39.620300,180.878871,457.659243,38.042590000,127.260090000,38.042590000,127.260090000,38.043545000,127.260280000,38.042691331,127.259715399,38.042640000,127.260414000,38.046739736,127.260803962,38.041634000,127.259920000,38.042611266,127.260472573,38.042492000,127.259770000,38.042141510,127.259691394
428,428,825159789533,85.592,2.000000,38.023502000,127.258930000,730.000000,5745.365530,17424.070169,11678.704639,203.271743,107.980214,107.148493,457.659243,119.087448,39.620300,180.878871,457.659243,38.042590000,127.260090000,38.042590000,127.260090000,38.043545000,127.260280000,38.042691331,127.259715399,38.042640000,127.260414000,38.046739736,127.260803962,38.041634000,127.259920000,38.042611266,127.260472573,38.042492000,127.259770000,38.042141510,127.259691394
429,429,825159789740,85.799,2.000000,38.023580000,127.258965000,729.000000,5602.841489,20460.495378,14857.653889,265.180693,120.963381,97.597037,513.882020,110.604489,45.501310,191.896214,513.882020,38.042820000,127.260060000,38.042820000,127.260060000,38.043777000,127.260250000,38.043020989,127.259686276,38.042900000,127.260380000,38.047504344,127.260801247,38.041880000,127.259890000,38.042774298,127.260439714,38.042717000,127.259740000,38.042313319,127.259658553
430,430,825159789930,85.989,2.000000,38.023650000,127.259000000,728.000000,5575.668470,17240.642749,11664.974279,209.212121,107.512616,105.279543,457.470975,117.821737,41.823807,180.599016,457.470975,38.042603000,127.260100000,38.042603000,127.260100000,38.043540000,127.260284000,38.042701853,127.259727710,38.042640000,127.260420000,38.046738689,127.260798809,38.041660000,127.259930000,38.042625749,127.260479913,38.042522000,127.259790000,38.042152270,127.259705223
431,431,825159790133,86.192,2.000000,38.023804000,127.259060000,727.000000,5368.302517,43199.263933,37830.961416,704.709939,244.182010,429.927267,530.745068,93.278671,62.321220,279.068056,530.745068,38.043118000,127.259880000,38.043118000,127.259880000,38.044014000,127.260060000,38.047859487,127.259605596,38.043160000,127.260200000,38.047919269,127.260561232,38.042213000,127.259710000,38.042933905,127.260252346,38.043010000,127.259560000,38.042453577,127.259481562
432,432,825159790339,86.398,2.000000,38.023804000,127.259060000,727.000000,5368.302517,43199.263933,37830.961416,704.709939,244.182010,429.927267,530.745068,93.278671,62.321220,279.068056,530.745068,38.043118000,127.259880000,38.043118000,127.259880000,38.044014000,127.260060000,38.047859487,127.259605596,38.043160000,127.260200000,38.047919269,127.260561232,38.042213000,127.259710000,38.042933905,127.260252346,38.043010000,127.259560000,38.042453577,127.259481562
433,433,825159790537,86.596,2.000000,38.023884000,127.259090000,726.000000,5326.865379,43238.506072,37911.640693,711.706379,239.018368,428.781025,524.726030,91.374849,73.561793,279.610924,524.726030,38.043240000,127.259870000,38.043240000,127.259870000,38.044132000,127.260056000,38.047965853,127.259584348,38.043278000,127.260190000,38.047983716,127.260538077,38.042355000,127.259705000,38.043057765,127.260243552,38.043148000,127.259550000,38.042490154,127.259470530
434,434,825159790742,86.801,2.000000,38.023960000,127.259110000,726.000000,5216.001464,42734.097166,37518.095702,719.288443,238.861098,427.275710,525.645753,92.269668,74.000553,279.797921,525.645753,38.043217000,127.259890000,38.043217000,127.259890000,38.044090000,127.260070000,38.047910885,127.259606480,38.043236000,127.260200000,38.047949598,127.260556574,38.042343000,127.259710000,38.043048479,127.260262500,38.043148000,127.259570000,38.042486042,127.259492611
435,435,825159790933,86.992,2.000000,38.023960000,127.259110000,726.000000,5216.001464,42734.097166,37518.095702,719.288443,238.861098,427.275710,525.645753,92.269668,74.000553,279.797921,525.645753,38.043217000,127.259890000,38.043217000,127.259890000,38.044090000,127.260070000,38.047910885,127.259606480,38.043236000,127.260200000,38.047949598,127.260556574,38.042343000,127.259710000,38.043048479,127.260262500,38.043148000,127.259570000,38.042486042,127.259492611
436,436,825159791135,87.194,2.000000,38.024117000,127.259140000,725.000000,5151.903091,20916.125284,15764.222193,305.988329,120.763772,31.621164,432.340931,12.931735,37.647304,128.635283,432.340931,38.042930000,127.259970000,38.042930000,127.259970000,38.042920000,127.259660000,38.043200610,127.259603975,38.043770000,127.260160000,38.047635044,127.260643874,38.042885000,127.260280000,38.042777117,127.260334706,38.042088000,127.259790000,38.042384169,127.259582685
437,437,825159791340,87.399,2.000000,38.024193000,127.259150000,725.000000,5086.281058,20673.207670,15586.926612,306.450360,120.663698,28.881843,431.567066,8.909528,35.566800,126.231309,431.567066,38.042934000,127.259980000,38.042934000,127.259980000,38.042946000,127.259670000,38.043201848,127.259615293,38.043750000,127.260180000,38.047609014,127.260651428,38.042860000,127.260284000,38.042795557,127.260344268,38.042107000,127.259790000,38.042386696,127.259593898
438,438,825159791533,87.592,2.000000,38.024270000,127.259155000,725.000000,5037.474223,20546.430840,15508.956616,307.871682,120.529335,26.928178,431.766960,6.265252,33.443156,124.600886,431.766960,38.042940000,127.259980000,38.042940000,127.259980000,38.042973000,127.259674000,38.043210649,127.259616673,38.043736000,127.260185000,38.047597413,127.260648511,38.042835000,127.260284000,38.042803300,127.260343051,38.042133000,127.259790000,38.042391329,127.259595261
439,439,825159791734,87.793,2.000000,38.024410000,127.259160000,725.000000,4923.081311,16653.628380,11730.547069,238.276525,106.211767,5.564796,373.444851,21.198280,36.051355,109.064820,373.444851,38.042706000,127.260130000,38.042706000,127.260130000,38.042828000,127.259834000,38.042825775,127.259770588,38.043472000,127.260350000,38.046808525,127.260792949,38.042545000,127.260420000,38.042725565,127.260496805,38.041958000,127.259920000,38.042252927,127.259750117
440,440,825159791940,87.999,2.000000,38.024410000,127.259160000,725.000000,4923.081311,16653.628380,11730.547069,238.276525,106.211767,5.564796,373.444851,21.198280,36.051355,109.064820,373.444851,38.042706000,127.260130000,38.042706000,127.260130000,38.042828000,127.259834000,38.042825775,127.259770588,38.043472000,127.260350000,38.046808525,127.260792949,38.042545000,127.260420000,38.042725565,127.260496805,38.041958000,127.259920000,38.042252927,127.259750117
441,441,825159792140,88.199,2.000000,38.024487000,127.259160000,726.000000,4907.719337,16619.873611,11712.154274,238.647597,106.101069,6.001643,375.456362,23.753221,33.385631,109.649214,375.456362,38.042717000,127.260130000,38.042717000,127.260130000,38.042870000,127.259834000,38.042846872,127.259772162,38.043457000,127.260360000,38.046812575,127.260792037,38.042530000,127.260420000,38.042734932,127.260495477,38.041996000,127.259920000,38.042264865,127.259751276
442,442,825159792330,88.389,2.000000,38.024560000,127.259155000,726.000000,4871.579424,16660.799928,11789.220504,241.999965,106.458840,6.819547,378.946730,26.332035,30.265744,110.591014,378.946730,38.042732000,127.260130000,38.042732000,127.260130000,38.042915000,127.259834000,38.042876197,127.259773807,38.043446000,127.260370000,38.046833779,127.260793225,38.042520000,127.260414000,38.042747948,127.260494236,38.042038000,127.259910000,38.042279809,127.259752180
443,443,825159792536,88.595,2.000000,38.024708000,127.259150000,727.000000,4822.966210,16690.314681,11867.348471,246.059125,106.756526,11.593905,386.243478,32.867444,23.380553,113.521345,386.243478,38.042760000,127.260130000,38.042760000,127.260130000,38.043022000,127.259840000,38.042930408,127.259777045,38.043410000,127.260376000,38.046864048,127.260793783,38.042484000,127.260410000,38.042772153,127.260491722,38.042130000,127.259895000,38.042308355,127.259754162
444,444,825159792731,88.790,2.000000,38.024708000,127.259150000,727.000000,4822.966210,16690.314681,11867.348471,246.059125,106.756526,11.593905,386.243478,32.867444,23.380553,113.521345,386.243478,38.042760000,127.260130000,38.042760000,127.260130000,38.043022000,127.259840000,38.042930408,127.259777045,38.043410000,127.260376000,38.046864048,127.260793783,38.042484000,127.260410000,38.042772153,127.260491722,38.042130000,127.259895000,38.042308355,127.259754162
445,445,825159792938,88.997,2.000000,38.024780000,127.259140000,728.000000,4698.152913,16663.285647,11965.132734,254.677380,106.901120,13.997065,389.092811,36.929268,19.810821,114.957491,389.092811,38.042774000,127.260130000,38.042774000,127.260130000,38.043070000,127.259850000,38.042957503,127.259778686,38.043396000,127.260380000,38.046875922,127.260795594,38.042470000,127.260400000,38.042793862,127.260491259,38.042180000,127.259890000,38.042322655,127.259754900
446,446,825159793151,89.210,2.000000,38.024853000,127.259130000,729.000000,4606.121200,16576.627241,11970.506041,259.882568,106.170765,17.650003,391.124014,40.418172,15.577206,116.192349,391.124014,38.042790000,127.260130000,38.042790000,127.260130000,38.043120000,127.259860000,38.042974544,127.259779879,38.043377000,127.260390000,38.046875919,127.260796396,38.042458000,127.260390000,38.042812360,127.260490448,38.042233000,127.259880000,38.042332744,127.259755381
447,447,825159793342,89.401,2.000000,38.024994000,127.259110000,731.000000,4572.937531,16625.346803,12052.409272,263.559456,105.364302,23.813525,398.938641,43.622171,10.416767,119.197776,398.938641,38.042820000,127.260100000,38.042820000,127.260100000,38.043200000,127.259834000,38.042996163,127.259751590,38.043335000,127.260370000,38.046905305,127.260763457,38.042420000,127.260350000,38.042802969,127.260455417,38.042320000,127.259840000,38.042349025,127.259727042
448,448,825159793541,89.600,2.000000,38.024994000,127.259110000,731.000000,4572.937531,16625.346803,12052.409272,263.559456,105.364302,23.813525,398.938641,43.622171,10.416767,119.197776,398.938641,38.042820000,127.260100000,38.042820000,127.260100000,38.043200000,127.259834000,38.042996163,127.259751590,38.043335000,127.260370000,38.046905305,127.260763457,38.042420000,127.260350000,38.042802969,127.260455417,38.042320000,127.259840000,38.042349025,127.259727042
449,449,825159793736,89.795,2.000000,38.025066000,127.259094000,732.000000,4486.800303,16538.807668,12052.007365,268.610291,104.668873,26.700864,400.633186,46.953968,9.518732,120.951688,400.633186,38.042840000,127.260100000,38.042840000,127.260100000,38.043243000,127.259840000,38.043013234,127.259752585,38.043320000,127.260370000,38.046905452,127.260765400,38.042410000,127.260340000,38.042822056,127.260454423,38.042374000,127.259834000,38.042359067,127.259727094
450,450,825159793942,90.001,2.000000,38.025135000,127.259090000,734.000000,4368.598683,16358.453032,11989.854349,274.455385,103.761606,29.413443,400.949922,51.183170,11.585143,123.282920,400.949922,38.042862000,127.260110000,38.042862000,127.260110000,38.043285000,127.259860000,38.043031966,127.259763393,38.043300000,127.260380000,38.046888304,127.260775466,38.042404000,127.260345000,38.042854063,127.260464428,38.042435000,127.259840000,38.042369816,127.259736986
451,451,825159794131,90.190,2.000000,38.025200000,127.259070000,735.000000,4375.819521,16201.069099,11825.249578,270.240798,102.769838,31.925247,400.919802,55.017638,14.892098,125.688696,400.919802,38.042880000,127.260120000,38.042880000,127.260120000,38.043324000,127.259870000,38.043047272,127.259774389,38.043285000,127.260400000,38.046873432,127.260789568,38.042397000,127.260345000,38.042880624,127.260474324,38.042490000,127.259840000,38.042378317,127.259746490
452,452,825159794336,90.395,2.000000,38.025200000,127.259070000,735.000000,4375.819521,16201.069099,11825.249578,270.240798,102.769838,31.925247,400.919802,55.017638,14.892098,125.688696,400.919802,38.042880000,127.260120000,38.042880000,127.260120000,38.043324000,127.259870000,38.043047272,127.259774389,38.043285000,127.260400000,38.046873432,127.260789568,38.042397000,127.260345000,38.042880624,127.260474324,38.042490000,127.259840000,38.042378317,127.259746490
453,453,825159794544,90.603,2.000000,38.025337000,127.259050000,738.000000,4246.335452,16025.408218,11779.072766,277.393835,101.563851,34.625829,401.680486,58.969875,21.070113,129.086576,401.680486,38.042915000,127.260124000,38.042915000,127.260124000,38.043385000,127.259895000,38.043087278,127.259780627,38.043262000,127.260410000,38.046857621,127.260794610,38.042397000,127.260340000,38.042915696,127.260476606,38.042572000,127.259840000,38.042396281,127.259750679
454,454,825159794746,90.805,2.000000,38.025402000,127.259030000,740.000000,4195.464059,15947.085042,11751.620983,280.103007,100.916821,34.913004,400.769738,60.244502,23.454202,129.845362,400.769738,38.042930000,127.260124000,38.042930000,127.260124000,38.043407000,127.259895000,38.043106297,127.259781848,38.043260000,127.260410000,38.046847256,127.260796931,38.042400000,127.260330000,38.042928890,127.260475649,38.042603000,127.259840000,38.042404438,127.259750532
455,455,825159794936,90.995,2.000000,38.025467000,127.259020000,741.000000,4148.471738,15946.256192,11797.784454,284.388691,100.702443,35.017691,401.588002,60.889097,25.650471,130.786315,401.588002,38.042950000,127.260120000,38.042950000,127.260120000,38.043434000,127.259895000,38.043132983,127.259779021,38.043260000,127.260410000,38.046854887,127.260793108,38.042410000,127.260320000,38.042943989,127.260470449,38.042633000,127.259840000,38.042414622,127.259746645
456,456,825159795138,91.197,2.000000,38.025467000,127.259020000,741.000000,4148.471738,15946.256192,11797.784454,284.388691,100.702443,35.017691,401.588002,60.889097,25.650471,130.786315,401.588002,38.042950000,127.260120000,38.042950000,127.260120000,38.043434000,127.259895000,38.043132983,127.259779021,38.043260000,127.260410000,38.046854887,127.260793108,38.042410000,127.260320000,38.042943989,127.260470449,38.042633000,127.259840000,38.042414622,127.259746645
457,457,825159795343,91.402,2.000000,38.025660000,127.258980000,746.000000,4028.794813,15790.361344,11761.566530,291.937591,98.934878,34.361692,399.902633,61.194150,31.688238,131.786678,399.902633,38.043007000,127.260120000,38.043007000,127.260120000,38.043500000,127.259900000,38.043205517,127.259782515,38.043266000,127.260410000,38.046845488,127.260796195,38.042460000,127.260315000,38.042996383,127.260467799,38.042720000,127.259834000,38.042443875,127.259746153
458,458,825159795537,91.596,2.000000,38.025723000,127.258970000,748.000000,3951.978158,15732.125609,11780.147451,298.082302,98.279314,34.006234,398.511374,61.013695,33.210747,131.685512,398.511374,38.043026000,127.260120000,38.043026000,127.260120000,38.043518000,127.259910000,38.043229191,127.259783600,38.043274000,127.260410000,38.046840935,127.260796338,38.042480000,127.260310000,38.043013974,127.260466960,38.042744000,127.259834000,38.042453818,127.259746034
459,459,825159795744,91.803,2.000000,38.025723000,127.258970000,748.000000,3951.978158,15732.125609,11780.147451,298.082302,98.279314,34.006234,398.511374,61.013695,33.210747,131.685512,398.511374,38.043026000,127.260120000,38.043026000,127.260120000,38.043518000,127.259910000,38.043229191,127.259783600,38.043274000,127.260410000,38.046840935,127.260796338,38.042480000,127.260310000,38.043013974,127.260466960,38.042744000,127.259834000,38.042453818,127.259746034
460,460,825159795931,91.990,2.000000,38.025787000,127.258960000,750.000000,3896.310251,15647.751541,11751.441290,301.604352,97.182903,33.791516,396.720934,59.888836,34.825361,131.306662,396.720934,38.043040000,127.260120000,38.043040000,127.260120000,38.043533000,127.259910000,38.043245928,127.259784717,38.043280000,127.260410000,38.046830789,127.260796390,38.042503000,127.260310000,38.043026770,127.260466026,38.042767000,127.259834000,38.042461906,127.259746144
461,461,825159796136,92.195,2.000000,38.025850000,127.258950000,752.000000,3815.150718,15594.487782,11779.337064,308.751552,96.706895,32.925429,395.357411,59.852488,36.189947,131.081319,395.357411,38.043060000,127.260120000,38.043060000,127.260120000,38.043550000,127.259910000,38.043270866,127.259785807,38.043290000,127.260400000,38.046827799,127.260796546,38.042522000,127.260310000,38.043045583,127.260465222,38.042790000,127.259834000,38.042472381,127.259745955
462,462,825159796338,92.397,2.000000,38.025970000,127.258930000,755.000000,3759.286033,15656.346565,11897.060532,316.471277,95.475459,31.355468,394.263970,58.551679,40.585926,131.189261,394.263970,38.043106000,127.260110000,38.043106000,127.260110000,38.043600000,127.259910000,38.043338126,127.259778284,38.043324000,127.260400000,38.046852611,127.260786768,38.042570000,127.260300000,38.043081970,127.260453112,38.042854000,127.259830000,38.042497062,127.259735657
463,463,825159796544,92.603,2.000000,38.025970000,127.258930000,755.000000,3759.286033,15656.346565,11897.060532,316.471277,95.475459,31.355468,394.263970,58.551679,40.585926,131.189261,394.263970,38.043106000,127.260110000,38.043106000,127.260110000,38.043600000,127.259910000,38.043338126,127.259778284,38.043324000,127.260400000,38.046852611,127.260786768,38.042570000,127.260300000,38.043081970,127.260453112,38.042854000,127.259830000,38.042497062,127.259735657
464,464,825159796734,92.793,2.000000,38.026030000,127.258910000,757.000000,3739.532782,15466.876443,11727.343661,313.604515,93.859662,32.199527,390.216702,58.434555,41.729684,130.645117,390.216702,38.043114000,127.260120000,38.043114000,127.260120000,38.043610000,127.259920000,38.043339703,127.259789228,38.043330000,127.260410000,38.046821904,127.260799866,38.042583000,127.260300000,38.043092094,127.260462464,38.042870000,127.259834000,38.042501731,127.259745108
465,465,825159796940,92.999,2.000000,38.026096000,127.258900000,759.000000,3699.031349,15308.122493,11609.091144,313.841383,92.688921,32.238292,386.426935,57.654918,41.915354,129.558875,386.426935,38.043120000,127.260124000,38.043120000,127.260124000,38.043613000,127.259926000,38.043342608,127.259794304,38.043340000,127.260410000,38.046797430,127.260804094,38.042595000,127.260310000,38.043098242,127.260465472,38.042877000,127.259840000,38.042507286,127.259749426
466,466,825159797141,93.200,2.000000,38.026220000,127.258880000,763.000000,3589.911893,15115.546953,11525.635061,321.056210,91.794825,30.383002,382.715037,56.208964,42.065680,127.843171,382.715037,38.043133000,127.260120000,38.043133000,127.260120000,38.043613000,127.259920000,38.043359154,127.259792668,38.043346000,127.260400000,38.046769546,127.260799715,38.042618000,127.260300000,38.043107118,127.260459213,38.042892000,127.259834000,38.042520464,127.259746432
467,467,825159797335,93.394,2.000000,38.026220000,127.258880000,763.000000,3589.911893,15115.546953,11525.635061,321.056210,91.794825,30.383002,382.715037,56.208964,42.065680,127.843171,382.715037,38.043133000,127.260120000,38.043133000,127.260120000,38.043613000,127.259920000,38.043359154,127.259792668,38.043346000,127.260400000,38.046769546,127.260799715,38.042618000,127.260300000,38.043107118,127.260459213,38.042892000,127.259834000,38.042520464,127.259746432
468,468,825159797546,93.605,2.000000,38.026280000,127.258870000,764.000000,3520.573130,14960.189884,11439.616754,324.936206,92.007445,30.036463,382.273794,55.501714,40.467237,127.069802,382.273794,38.043110000,127.260110000,38.043110000,127.260110000,38.043583000,127.259910000,38.043332075,127.259784038,38.043320000,127.260390000,38.046739624,127.260788907,38.042600000,127.260290000,38.043082888,127.260447583,38.042870000,127.259830000,38.042513676,127.259738590
469,469,825159797736,93.795,2.000000,38.026330000,127.258865000,766.000000,3524.962075,15120.534389,11595.572314,328.955945,90.369643,28.694916,379.900503,54.393740,44.875705,126.966216,379.900503,38.043167000,127.260110000,38.043167000,127.260110000,38.043648000,127.259910000,38.043409770,127.259784992,38.043385000,127.260390000,38.046783218,127.260788852,38.042660000,127.260290000,38.043132699,127.260447126,38.042940000,127.259830000,38.042543620,127.259736754
470,470,825159797938,93.997,2.000000,38.026450000,127.258850000,769.000000,3427.162852,14990.411421,11563.248569,337.400032,88.868139,27.154378,376.269634,52.882986,47.192526,125.874881,376.269634,38.043194000,127.260110000,38.043194000,127.260110000,38.043667000,127.259910000,38.043443053,127.259787216,38.043407000,127.260390000,38.046772487,127.260788489,38.042698000,127.260284000,38.043155787,127.260445161,38.042980000,127.259830000,38.042562429,127.259737056
471,471,825159798131,94.190,2.000000,38.026450000,127.258850000,769.000000,3427.162852,14990.411421,11563.248569,337.400032,88.868139,27.154378,376.269634,52.882986,47.192526,125.874881,376.269634,38.043194000,127.260110000,38.043194000,127.260110000,38.043667000,127.259910000,38.043443053,127.259787216,38.043407000,127.260390000,38.046772487,127.260788489,38.042698000,127.260284000,38.043155787,127.260445161,38.042980000,127.259830000,38.042562429,127.259737056
472,472,825159798338,94.397,2.000000,38.026516000,127.258840000,771.000000,3396.196089,14893.766871,11497.570782,338.542607,87.806644,26.518740,373.152179,51.819186,47.880677,124.842695,373.152179,38.043205000,127.260110000,38.043205000,127.260110000,38.043674000,127.259910000,38.043455862,127.259788437,38.043423000,127.260390000,38.046760364,127.260788433,38.042717000,127.260284000,38.043165106,127.260444068,38.042995000,127.259830000,38.042571121,127.259737304
473,473,825159798529,94.588,2.000000,38.026577000,127.258830000,773.000000,3384.230499,14826.105397,11441.874898,338.093841,87.283106,25.404287,370.782036,51.001335,48.052329,123.809997,370.782036,38.043220000,127.260110000,38.043220000,127.260110000,38.043682000,127.259910000,38.043474427,127.259789584,38.043438000,127.260390000,38.046753970,127.260788543,38.042736000,127.260290000,38.043178002,127.260443099,38.043007000,127.259830000,38.042581560,127.259737276
474,474,825159798735,94.794,2.000000,38.026577000,127.258830000,773.000000,3384.230499,14826.105397,11441.874898,338.093841,87.283106,25.404287,370.782036,51.001335,48.052329,123.809997,370.782036,38.043220000,127.260110000,38.043220000,127.260110000,38.043682000,127.259910000,38.043474427,127.259789584,38.043438000,127.260390000,38.046753970,127.260788543,38.042736000,127.260290000,38.043178002,127.260443099,38.043007000,127.259830000,38.042581560,127.259737276
475,475,825159798940,94.999,2.000000,38.026703000,127.258810000,776.000000,3260.071732,14739.923256,11479.851524,352.134937,85.992191,23.602073,366.806270,48.018651,48.741148,121.792035,366.806270,38.043243000,127.260100000,38.043243000,127.260100000,38.043694000,127.259910000,38.043507391,127.259782201,38.043472000,127.260380000,38.046752117,127.260778235,38.042778000,127.260290000,38.043194884,127.260430697,38.043030000,127.259834000,38.042600167,127.259728103
476,476,825159799140,95.199,2.000000,38.026764000,127.258804000,777.000000,3227.289523,14699.271632,11471.982109,355.468018,85.797235,22.055130,365.205689,47.561333,49.174322,120.999119,365.205689,38.043260000,127.260100000,38.043260000,127.260100000,38.043700000,127.259910000,38.043528806,127.259783366,38.043488000,127.260380000,38.046753691,127.260777992,38.042797000,127.260290000,38.043209839,127.260429716,38.043045000,127.259834000,38.042611197,127.259728148
477,477,825159799331,95.390,2.000000,38.026894000,127.258790000,780.000000,3147.818558,14542.922833,11395.104275,362.000035,84.148441,21.399421,361.539586,45.924169,50.960598,119.955943,361.539586,38.043285000,127.260100000,38.043285000,127.260100000,38.043724000,127.259910000,38.043558519,127.259785783,38.043507000,127.260380000,38.046739671,127.260777135,38.042835000,127.260284000,38.043231744,127.260427581,38.043080000,127.259834000,38.042629792,127.259728664
478,478,825159799537,95.596,2.000000,38.026894000,127.258790000,780.000000,3147.818558,14542.922833,11395.104275,362.000035,84.148441,21.399421,361.539586,45.924169,50.960598,119.955943,361.539586,38.043285000,127.260100000,38.043285000,127.260100000,38.043724000,127.259910000,38.043558519,127.259785783,38.043507000,127.260380000,38.046739671,127.260777135,38.042835000,127.260284000,38.043231744,127.260427581,38.043080000,127.259834000,38.042629792,127.259728664
479,479,825159799743,95.802,2.000000,38.026960000,127.258780000,782.000000,3132.525244,14452.686618,11320.161374,361.374945,83.330692,21.152351,359.174546,45.416608,51.577687,119.330298,359.174546,38.043297000,127.260100000,38.043297000,127.260100000,38.043736000,127.259910000,38.043572519,127.259787025,38.043518000,127.260380000,38.046729330,127.260777072,38.042850000,127.260284000,38.043242244,127.260426510,38.043095000,127.259834000,38.042639135,127.259728815
480,480,825159799932,95.991,2.000000,38.027023000,127.258770000,783.000000,3097.888910,26818.503939,23720.615029,765.702571,171.710767,338.121714,357.412783,44.666802,52.104484,198.076446,357.412783,38.043312000,127.260100000,38.043312000,127.260100000,38.043743000,127.259910000,38.046779836,127.259984283,38.043533000,127.260380000,38.046728389,127.260777589,38.042870000,127.260284000,38.043255471,127.260425470,38.043110000,127.259834000,38.042649331,127.259728784
481,481,825159800146,96.205,2.000000,38.027157000,127.258760000,786.000000,3002.404710,13941.111577,10938.706868,364.331525,81.154580,20.184896,350.034429,43.755037,50.150981,116.031336,350.034429,38.043297000,127.260120000,38.043297000,127.260120000,38.043713000,127.259926000,38.043556258,127.259810247,38.043518000,127.260390000,38.046646025,127.260797104,38.042870000,127.260300000,38.043246466,127.260443481,38.043090000,127.259850000,38.042646377,127.259750329
482,482,825159800361,96.420,2.000000,38.027157000,127.258760000,786.000000,3002.404710,13941.111577,10938.706868,364.331525,81.154580,20.184896,350.034429,43.755037,50.150981,116.031336,350.034429,38.043297000,127.260120000,38.043297000,127.260120000,38.043713000,127.259926000,38.043556258,127.259810247,38.043518000,127.260390000,38.046646025,127.260797104,38.042870000,127.260300000,38.043246466,127.260443481,38.043090000,127.259850000,38.042646377,127.259750329
483,483,825159800543,96.602,2.000000,38.027220000,127.258750000,787.000000,2977.849741,13893.314743,10915.465002,366.555265,80.557232,18.696026,347.874389,42.352411,50.338754,114.815395,347.874389,38.043312000,127.260120000,38.043312000,127.260120000,38.043720000,127.259920000,38.043575386,127.259811557,38.043537000,127.260390000,38.046645477,127.260797609,38.042896000,127.260300000,38.043259548,127.260442425,38.043102000,127.259850000,38.042656671,127.259750277
484,484,825159800744,96.803,2.000000,38.027290000,127.258750000,788.000000,2931.141216,13884.276531,10953.135315,373.681597,80.482541,17.233711,347.259784,41.473500,50.766946,114.183485,347.259784,38.043327000,127.260110000,38.043327000,127.260110000,38.043728000,127.259910000,38.043598145,127.259802971,38.043552000,127.260376000,38.046654820,127.260784924,38.042915000,127.260290000,38.043270624,127.260431024,38.043118000,127.259840000,38.042668625,127.259741304
485,485,825159800934,96.993,2.000000,38.027290000,127.258750000,788.000000,2931.141216,13884.276531,10953.135315,373.681597,80.482541,17.233711,347.259784,41.473500,50.766946,114.183485,347.259784,38.043327000,127.260110000,38.043327000,127.260110000,38.043728000,127.259910000,38.043598145,127.259802971,38.043552000,127.260376000,38.046654820,127.260784924,38.042915000,127.260290000,38.043270624,127.260431024,38.043118000,127.259840000,38.042668625,127.259741304
486,486,825159801140,97.199,2.000000,38.027428000,127.258736000,790.000000,2928.698876,25574.082886,22645.384010,773.223365,162.576251,326.324866,342.919529,37.196066,54.760230,190.300173,342.919529,38.043390000,127.260100000,38.043390000,127.260100000,38.043790000,127.259900000,38.046720494,127.259993880,38.043613000,127.260376000,38.046677701,127.260771632,38.042988000,127.260284000,38.043305364,127.260416740,38.043182000,127.259834000,38.042696962,127.259729889
487,487,825159801337,97.396,2.000000,38.027496000,127.258730000,792.000000,2900.045259,25324.657692,22424.612433,773.250430,160.592908,323.458415,339.896605,36.166969,55.749003,188.817748,339.896605,38.043400000,127.260100000,38.043400000,127.260100000,38.043797000,127.259900000,38.046701709,127.259995179,38.043625000,127.260376000,38.046662510,127.260770319,38.043003000,127.260284000,38.043311004,127.260415279,38.043198000,127.259834000,38.042703920,127.259730163
488,488,825159801535,97.594,2.000000,38.027496000,127.258730000,792.000000,2900.045259,25324.657692,22424.612433,773.250430,160.592908,323.458415,339.896605,36.166969,55.749003,188.817748,339.896605,38.043400000,127.260100000,38.043400000,127.260100000,38.043797000,127.259900000,38.046701709,127.259995179,38.043625000,127.260376000,38.046662510,127.260770319,38.043003000,127.260284000,38.043311004,127.260415279,38.043198000,127.259834000,38.042703920,127.259730163
489,489,825159801736,97.795,2.000000,38.027637000,127.258720000,794.000000,2790.526460,24790.905469,22000.379009,788.395284,157.998475,318.263268,335.799024,35.065833,55.555061,186.170797,335.799024,38.043407000,127.260110000,38.043407000,127.260110000,38.043797000,127.259920000,38.046655122,127.260010353,38.043625000,127.260376000,38.046624725,127.260779796,38.043020000,127.260290000,38.043317151,127.260422734,38.043205000,127.259840000,38.042712050,127.259741151
490,490,825159801942,98.001,2.000000,38.027706000,127.258710000,795.000000,2770.744118,24672.807705,21902.063587,790.475867,156.891852,317.417176,334.473587,33.369452,56.258803,185.379754,334.473587,38.043415000,127.260100000,38.043415000,127.260100000,38.043804000,127.259910000,38.046654488,127.260001928,38.043636000,127.260376000,38.046624647,127.260768968,38.043037000,127.260284000,38.043319580,127.260411015,38.043217000,127.259840000,38.042718838,127.259731918
491,491,825159802135,98.194,2.000000,38.027780000,127.258705000,796.000000,2735.463915,24473.876526,21738.412611,794.688334,155.621349,315.819101,332.615159,32.369436,56.865982,184.417420,332.615159,38.043427000,127.260100000,38.043427000,127.260100000,38.043810000,127.259910000,38.046646091,127.260003723,38.043644000,127.260376000,38.046615956,127.260767828,38.043053000,127.260284000,38.043326514,127.260409335,38.043230000,127.259840000,38.042726267,127.259732210
492,492,825159802350,98.409,2.000000,38.027780000,127.258705000,796.000000,2735.463915,24473.876526,21738.412611,794.688334,155.621349,315.819101,332.615159,32.369436,56.865982,184.417420,332.615159,38.043427000,127.260100000,38.043427000,127.260100000,38.043810000,127.259910000,38.046646091,127.260003723,38.043644000,127.260376000,38.046615956,127.260767828,38.043053000,127.260284000,38.043326514,127.260409335,38.043230000,127.259840000,38.042726267,127.259732210
493,493,825159802532,98.591,2.000000,38.027924000,127.258700000,798.000000,2680.743010,24073.048981,21392.305971,797.999133,153.165237,312.234019,328.357943,30.816160,57.258388,182.166628,328.357943,38.043446000,127.260100000,38.043446000,127.260100000,38.043823000,127.259910000,38.046626816,127.260006483,38.043663000,127.260370000,38.046596258,127.260764786,38.043080000,127.260284000,38.043339498,127.260406411,38.043247000,127.259840000,38.042739555,127.259733256
494,494,825159802743,98.802,2.000000,38.027985000,127.258690000,798.000000,2677.013582,23967.365512,21290.351929,795.302350,151.448873,309.980029,326.185976,30.510182,59.297922,181.493527,326.185976,38.043484000,127.260100000,38.043484000,127.260100000,38.043858000,127.259910000,38.046641535,127.260007681,38.043697000,127.260370000,38.046610681,127.260764257,38.043114000,127.260280000,38.043369761,127.260405090,38.043280000,127.259840000,38.042754223,127.259731445
495,495,825159802933,98.992,2.000000,38.027985000,127.258690000,798.000000,2677.013582,23967.365512,21290.351929,795.302350,151.448873,309.980029,326.185976,30.510182,59.297922,181.493527,326.185976,38.043484000,127.260100000,38.043484000,127.260100000,38.043858000,127.259910000,38.046641535,127.260007681,38.043697000,127.260370000,38.046610681,127.260764257,38.043114000,127.260280000,38.043369761,127.260405090,38.043280000,127.259840000,38.042754223,127.259731445
496,496,825159803138,99.197,2.000000,38.028130000,127.258680000,800.000000,2600.158493,23572.991285,20972.832792,806.598246,148.853651,306.275375,322.060928,29.542270,60.857221,179.683948,322.060928,38.043510000,127.260100000,38.043510000,127.260100000,38.043877000,127.259910000,38.046627168,127.260011008,38.043720000,127.260360000,38.046595754,127.260761928,38.043144000,127.260280000,38.043391255,127.260402405,38.043310000,127.259840000,38.042769996,127.259731767
497,497,825159803335,99.394,2.000000,38.028202000,127.258680000,801.000000,2577.321483,23372.953354,20795.631871,806.869923,147.583780,304.489360,319.918439,28.730249,61.173568,178.577904,319.918439,38.043520000,127.260100000,38.043520000,127.260100000,38.043884000,127.259910000,38.046618099,127.260011828,38.043730000,127.260360000,38.046586569,127.260759878,38.043160000,127.260280000,38.043399812,127.260401128,38.043320000,127.259840000,38.042777047,127.259732356
498,498,825159803531,99.590,2.000000,38.028350000,127.258675000,803.000000,2536.380545,22944.020641,20407.640096,804.596934,145.565250,301.022842,315.947082,27.730618,60.821385,176.380482,315.947082,38.043545000,127.260100000,38.043545000,127.260100000,38.043900000,127.259910000,38.046602887,127.260014254,38.043750000,127.260360000,38.046570969,127.260756524,38.043190000,127.260280000,38.043420980,127.260398458,38.043343000,127.259840000,38.042803077,127.259733753
499,499,825159803733,99.792,2.000000,38.028350000,127.258675000,803.000000,2536.380545,22944.020641,20407.640096,804.596934,145.565250,301.022842,315.947082,27.730618,60.821385,176.380482,315.947082,38.043545000,127.260100000,38.043545000,127.260100000,38.043900000,127.259910000,38.046602887,127.260014254,38.043750000,127.260360000,38.046570969,127.260756524,38.043190000,127.260280000,38.043420980,127.260398458,38.043343000,127.259840000,38.042803077,127.259733753
500,500,825159803938,99.997,2.000000,38.028427000,127.258670000,803.000000,2521.887678,22749.720023,20227.832345,802.090931,144.577964,299.348620,314.234174,27.090801,60.743608,175.354301,314.234174,38.043556000,127.260100000,38.043556000,127.260100000,38.043910000,127.259910000,38.046597787,127.260016475,38.043760000,127.260360000,38.046565557,127.260755726,38.043205000,127.260280000,38.043430248,127.260396984,38.043354000,127.259840000,38.042814700,127.259734443
501,501,825159804141,100.200,2.000000,38.028503000,127.258670000,804.000000,2498.757847,22530.991833,20032.233986,801.687687,143.553722,297.328781,312.632535,26.880659,61.032673,174.468662,312.632535,38.043568000,127.260100000,38.043568000,127.260100000,38.043920000,127.259910000,38.046589614,127.260017258,38.043766000,127.260360000,38.046557273,127.260753532,38.043217000,127.260280000,38.043440639,127.260395647,38.043370000,127.259840000,38.042827964,127.259735350
502,502,825159804341,100.400,2.000000,38.028503000,127.258670000,804.000000,2498.757847,22530.991833,20032.233986,801.687687,143.553722,297.328781,312.632535,26.880659,61.032673,174.468662,312.632535,38.043568000,127.260100000,38.043568000,127.260100000,38.043920000,127.259910000,38.046589614,127.260017258,38.043766000,127.260360000,38.046557273,127.260753532,38.043217000,127.260280000,38.043440639,127.260395647,38.043370000,127.259840000,38.042827964,127.259735350
503,503,825159804538,100.597,2.000000,38.028652000,127.258660000,806.000000,2462.891871,22108.200381,19645.308510,797.652091,141.581339,293.921700,308.594920,26.069924,60.693964,172.320127,308.594920,38.043590000,127.260100000,38.043590000,127.260100000,38.043934000,127.259910000,38.046572900,127.260020860,38.043785000,127.260360000,38.046539975,127.260751279,38.043243000,127.260280000,38.043459638,127.260392953,38.043392000,127.259840000,38.042852885,127.259736659
504,504,825159804746,100.805,2.000000,38.028730000,127.258660000,806.000000,2382.621690,21914.064039,19531.442349,819.745847,140.652359,292.718845,306.826364,25.344258,60.628827,171.379574,306.826364,38.043602000,127.260100000,38.043602000,127.260100000,38.043940000,127.259920000,38.046568310,127.260022030,38.043797000,127.260350000,38.046535260,127.260749420,38.043260000,127.260280000,38.043470049,127.260391520,38.043404000,127.259840000,38.042865368,127.259737580
505,505,825159804931,100.990,2.000000,38.028880000,127.258650000,807.000000,2306.108497,21521.101623,19214.993126,833.221557,137.483353,288.033537,302.182998,23.575989,61.934688,168.931803,302.182998,38.043625000,127.260100000,38.043625000,127.260100000,38.043960000,127.259920000,38.046546125,127.260025107,38.043816000,127.260350000,38.046512553,127.260746322,38.043285000,127.260270000,38.043475665,127.260387071,38.043430000,127.259850000,38.042880658,127.259738072
506,506,825159805138,101.197,2.000000,38.028880000,127.258650000,807.000000,2306.108497,21521.101623,19214.993126,833.221557,137.483353,288.033537,302.182998,23.575989,61.934688,168.931803,302.182998,38.043625000,127.260100000,38.043625000,127.260100000,38.043960000,127.259920000,38.046546125,127.260025107,38.043816000,127.260350000,38.046512553,127.260746322,38.043285000,127.260270000,38.043475665,127.260387071,38.043430000,127.259850000,38.042880658,127.259738072
507,507,825159805332,101.391,2.000000,38.028957000,127.258650000,808.000000,2296.104931,21306.069026,19009.964095,827.922271,135.596134,285.092196,299.552590,22.145766,62.419064,167.302404,299.552590,38.043636000,127.260100000,38.043636000,127.260100000,38.043970000,127.259920000,38.046529683,127.260025318,38.043823000,127.260350000,38.046496045,127.260743250,38.043297000,127.260270000,38.043474359,127.260384424,38.043440000,127.259850000,38.042886206,127.259738438
508,508,825159805543,101.602,2.000000,38.029034000,127.258650000,808.000000,2266.485734,21048.591160,18782.105426,828.688447,134.889548,283.531097,297.955568,22.447563,62.477426,166.602914,297.955568,38.043633000,127.260110000,38.043633000,127.260110000,38.043964000,127.259926000,38.046509452,127.260038863,38.043816000,127.260360000,38.046474610,127.260753175,38.043297000,127.260280000,38.043477722,127.260393588,38.043446000,127.259860000,38.042891531,127.259749601
509,509,825159805733,101.792,2.000000,38.029034000,127.258650000,808.000000,2266.485734,21048.591160,18782.105426,828.688447,134.889548,283.531097,297.955568,22.447563,62.477426,166.602914,297.955568,38.043633000,127.260110000,38.043633000,127.260110000,38.043964000,127.259926000,38.046509452,127.260038863,38.043816000,127.260360000,38.046474610,127.260753175,38.043297000,127.260280000,38.043477722,127.260393588,38.043446000,127.259860000,38.042891531,127.259749601
510,510,825159805933,101.992,2.000000,38.029186000,127.258650000,809.000000,2223.153679,20721.021518,18497.867839,832.055292,130.275455,278.307204,292.364428,17.835356,65.127591,163.408645,292.364428,38.043667000,127.260100000,38.043667000,127.260100000,38.043990000,127.259920000,38.046488660,127.260026828,38.043846000,127.260350000,38.046454788,127.260735060,38.043335000,127.260270000,38.043471434,127.260376658,38.043480000,127.259850000,38.042901440,127.259739650
511,511,825159806139,102.198,2.000000,38.029263000,127.258650000,810.000000,2196.960013,20502.144706,18305.184693,833.205183,129.545939,276.897019,290.947977,17.062427,64.879951,162.446843,290.947977,38.043663000,127.260100000,38.043663000,127.260100000,38.043987000,127.259926000,38.046473089,127.260028857,38.043842000,127.260360000,38.046438995,127.260733834,38.043340000,127.260280000,38.043473394,127.260375858,38.043484000,127.259860000,38.042908688,127.259741544
512,512,825159806337,102.396,2.000000,38.029343000,127.258650000,810.000000,2150.056805,20309.412616,18159.355811,844.598885,127.813213,274.021079,288.703899,16.374522,65.518478,161.154495,288.703899,38.043674000,127.260100000,38.043674000,127.260100000,38.044000000,127.259926000,38.046460224,127.260029476,38.043850000,127.260350000,38.046426048,127.260731084,38.043350000,127.260270000,38.043472647,127.260373115,38.043495000,127.259860000,38.042913829,127.259741935
513,513,825159806548,102.607,2.000000,38.029343000,127.258650000,810.000000,2150.056805,20309.412616,18159.355811,844.598885,127.813213,274.021079,288.703899,16.374522,65.518478,161.154495,288.703899,38.043674000,127.260100000,38.043674000,127.260100000,38.044000000,127.259926000,38.046460224,127.260029476,38.043850000,127.260350000,38.046426048,127.260731084,38.043350000,127.260270000,38.043472647,127.260373115,38.043495000,127.259860000,38.042913829,127.259741935
514,514,825159806733,102.792,2.000000,38.029495000,127.258650000,811.000000,2099.874165,19980.607782,17880.733617,851.514529,124.875871,270.252318,285.404597,14.044322,67.612355,159.328398,285.404597,38.043697000,127.260090000,38.043697000,127.260090000,38.044014000,127.259926000,38.046440617,127.260018815,38.043860000,127.260345000,38.046407275,127.260714392,38.043370000,127.260260000,38.043469998,127.260357676,38.043526000,127.259850000,38.042925641,127.259733143
515,515,825159806934,102.993,2.000000,38.029570000,127.258660000,811.000000,2078.105974,19796.553292,17718.447318,852.624820,123.273923,267.685959,283.505431,13.448944,68.523171,158.290876,283.505431,38.043705000,127.260090000,38.043705000,127.260090000,38.044025000,127.259926000,38.046428578,127.260017754,38.043865000,127.260345000,38.046395482,127.260710184,38.043380000,127.260254000,38.043470519,127.260355601,38.043540000,127.259850000,38.042931222,127.259734341
516,516,825159807142,103.201,2.000000,38.029570000,127.258660000,811.000000,2078.105974,19796.553292,17718.447318,852.624820,123.273923,267.685959,283.505431,13.448944,68.523171,158.290876,283.505431,38.043705000,127.260090000,38.043705000,127.260090000,38.044025000,127.259926000,38.046428578,127.260017754,38.043865000,127.260345000,38.046395482,127.260710184,38.043380000,127.260254000,38.043470519,127.260355601,38.043540000,127.259850000,38.042931222,127.259734341
517,517,825159807331,103.390,2.000000,38.029724000,127.258660000,812.000000,2039.580440,19357.796519,17318.216079,849.106794,117.993476,259.897821,277.235860,11.221841,72.624720,155.245061,277.235860,38.043740000,127.260100000,38.043740000,127.260100000,38.044060000,127.259930000,38.046393422,127.260028134,38.043884000,127.260350000,38.046357934,127.260713613,38.043407000,127.260260000,38.043470891,127.260359011,38.043587000,127.259860000,38.042941136,127.259743038
518,518,825159807535,103.594,2.000000,38.029785000,127.258670000,812.000000,1988.256485,19209.888080,17221.631595,866.167505,116.468822,258.052841,275.466895,10.735513,73.738497,154.498437,275.466895,38.043747000,127.260100000,38.043747000,127.260100000,38.044067000,127.259940000,38.046384118,127.260026903,38.043890000,127.260350000,38.046348287,127.260709774,38.043420000,127.260254000,38.043471721,127.260357356,38.043602000,127.259860000,38.042945915,127.259744094
519,519,825159807741,103.800,2.000000,38.029938000,127.258675000,813.000000,1933.106608,18831.344980,16898.238372,874.149325,113.332198,253.815670,270.542810,8.694852,74.393492,151.861706,270.542810,38.043766000,127.260100000,38.043766000,127.260100000,38.044080000,127.259940000,38.046359031,127.260027160,38.043907000,127.260345000,38.046320877,127.260703446,38.043446000,127.260260000,38.043473654,127.260352755,38.043620000,127.259865000,38.042958385,127.259745381
520,520,825159807930,103.989,2.000000,38.029938000,127.258675000,813.000000,1933.106608,18831.344980,16898.238372,874.149325,113.332198,253.815670,270.542810,8.694852,74.393492,151.861706,270.542810,38.043766000,127.260100000,38.043766000,127.260100000,38.044080000,127.259940000,38.046359031,127.260027160,38.043907000,127.260345000,38.046320877,127.260703446,38.043446000,127.260260000,38.043473654,127.260352755,38.043620000,127.259865000,38.042958385,127.259745381
521,521,825159808137,104.196,2.000000,38.030014000,127.258675000,813.000000,1926.079679,18657.486675,16731.406995,868.676783,111.767052,251.955109,267.783251,8.138867,74.872593,150.687455,267.783251,38.043777000,127.260100000,38.043777000,127.260100000,38.044086000,127.259940000,38.046348297,127.260027721,38.043920000,127.260345000,38.046309165,127.260700768,38.043457000,127.260260000,38.043474336,127.260350189,38.043630000,127.259865000,38.042964003,127.259745692
522,522,825159808344,104.403,2.000000,38.030090000,127.258680000,813.000000,1908.122506,18480.991955,16572.869450,868.543262,110.311588,249.856191,265.802063,7.748922,75.304274,149.677862,265.802063,38.043785000,127.260100000,38.043785000,127.260100000,38.044094000,127.259940000,38.046337433,127.260027711,38.043926000,127.260345000,38.046297545,127.260697529,38.043470000,127.260260000,38.043475649,127.260348097,38.043640000,127.259865000,38.042969985,127.259746623
523,523,825159808539,104.598,2.000000,38.030090000,127.258680000,813.000000,1908.122506,18480.991955,16572.869450,868.543262,110.311588,249.856191,265.802063,7.748922,75.304274,149.677862,265.802063,38.043785000,127.260100000,38.043785000,127.260100000,38.044094000,127.259940000,38.046337433,127.260027711,38.043926000,127.260345000,38.046297545,127.260697529,38.043470000,127.260260000,38.043475649,127.260348097,38.043640000,127.259865000,38.042969985,127.259746623
524,524,825159808745,104.804,2.000000,38.030243000,127.258700000,813.000000,1859.950518,18072.500275,16212.549757,871.665649,107.076070,244.462807,261.333931,8.796622,76.900905,147.873566,261.333931,38.043804000,127.260110000,38.043804000,127.260110000,38.044113000,127.259950000,38.046307986,127.260036679,38.043934000,127.260345000,38.046264939,127.260699541,38.043488000,127.260254000,38.043480040,127.260353829,38.043667000,127.259865000,38.042981334,127.259758122
525,525,825159808957,105.016,2.000000,38.030320000,127.258705000,813.000000,1822.728567,17899.223766,16076.495198,882.001604,105.606104,242.496694,259.398573,8.777685,77.706006,147.094739,259.398573,38.043816000,127.260110000,38.043816000,127.260110000,38.044120000,127.259950000,38.046297326,127.260036222,38.043940000,127.260345000,38.046253776,127.260695861,38.043500000,127.260254000,38.043481462,127.260351317,38.043680000,127.259870000,38.042987482,127.259758681
526,526,825159809133,105.192,2.000000,38.030396000,127.258710000,813.000000,1811.139327,17726.433695,15915.294368,878.744895,104.245335,240.752460,257.020994,8.874798,78.109643,146.189474,257.020994,38.043823000,127.260110000,38.043823000,127.260110000,38.044125000,127.259950000,38.046286647,127.260036337,38.043950000,127.260345000,38.046242555,127.260692789,38.043510000,127.260254000,38.043483301,127.260349386,38.043690000,127.259870000,38.042993725,127.259759720
527,527,825159809339,105.398,2.000000,38.030396000,127.258710000,813.000000,1811.139327,17726.433695,15915.294368,878.744895,104.245335,240.752460,257.020994,8.874798,78.109643,146.189474,257.020994,38.043823000,127.260110000,38.043823000,127.260110000,38.044125000,127.259950000,38.046286647,127.260036337,38.043950000,127.260345000,38.046242555,127.260692789,38.043510000,127.260254000,38.043483301,127.260349386,38.043690000,127.259870000,38.042993725,127.259759720
528,528,825159809543,105.602,2.000000,38.030550000,127.258730000,813.000000,1776.298472,17378.612629,15602.314158,878.361064,101.456985,237.117202,252.322133,9.278530,78.292076,144.252485,252.322133,38.043842000,127.260110000,38.043842000,127.260110000,38.044136000,127.259960000,38.046265258,127.260034216,38.043970000,127.260345000,38.046220843,127.260684294,38.043537000,127.260260000,38.043487647,127.260345289,38.043705000,127.259870000,38.043006850,127.259762029
529,529,825159809745,105.804,2.000000,38.030624000,127.258736000,813.000000,1728.404858,17215.714353,15487.309494,896.046399,100.048446,235.120996,250.504411,9.898074,78.917917,143.610349,250.504411,38.043854000,127.260110000,38.043854000,127.260110000,38.044144000,127.259960000,38.046255334,127.260033527,38.043976000,127.260345000,38.046210748,127.260680563,38.043550000,127.260260000,38.043489671,127.260342939,38.043716000,127.259880000,38.043013121,127.259762624
530,530,825159809934,105.993,2.000000,38.030624000,127.258736000,813.000000,1728.404858,17215.714353,15487.309494,896.046399,100.048446,235.120996,250.504411,9.898074,78.917917,143.610349,250.504411,38.043854000,127.260110000,38.043854000,127.260110000,38.044144000,127.259960000,38.046255334,127.260033527,38.043976000,127.260345000,38.046210748,127.260680563,38.043550000,127.260260000,38.043489671,127.260342939,38.043716000,127.259880000,38.043013121,127.259762624
531,531,825159810131,106.190,2.000000,38.030773000,127.258760000,813.000000,1704.835994,16829.820111,15124.984117,887.181182,96.891465,230.215572,245.593008,11.231659,80.443066,141.870826,245.593008,38.043870000,127.260120000,38.043870000,127.260120000,38.044160000,127.259960000,38.046227051,127.260042067,38.043990000,127.260345000,38.046180134,127.260682458,38.043568000,127.260260000,38.043495697,127.260349357,38.043743000,127.259880000,38.043025145,127.259774660
532,532,825159810337,106.396,2.000000,38.030850000,127.258766000,813.000000,1678.559098,16662.279189,14983.720091,892.653712,95.559574,228.281279,243.856753,11.887525,81.018087,141.260911,243.856753,38.043880000,127.260120000,38.043880000,127.260120000,38.044167000,127.259964000,38.046216773,127.260041695,38.043995000,127.260345000,38.046169758,127.260678943,38.043580000,127.260260000,38.043498231,127.260347212,38.043755000,127.259880000,38.043031869,127.259775517
533,533,825159810542,106.601,2.000000,38.031002000,127.258800000,813.000000,1629.435777,16325.265503,14695.829726,901.896837,92.447535,224.227282,239.326901,13.672871,82.439713,139.916692,239.326901,38.043896000,127.260120000,38.043896000,127.260120000,38.044178000,127.259964000,38.046191445,127.260037086,38.044010000,127.260350000,38.046145270,127.260668044,38.043602000,127.260260000,38.043498194,127.260343365,38.043777000,127.259890000,38.043041630,127.259778771
534,534,825159810745,106.804,2.000000,38.031002000,127.258800000,813.000000,1629.435777,16325.265503,14695.829726,901.896837,92.447535,224.227282,239.326901,13.672871,82.439713,139.916692,239.326901,38.043896000,127.260120000,38.043896000,127.260120000,38.044178000,127.259964000,38.046191445,127.260037086,38.044010000,127.260350000,38.046145270,127.260668044,38.043602000,127.260260000,38.043498194,127.260343365,38.043777000,127.259890000,38.043041630,127.259778771
535,535,825159810934,106.993,2.000000,38.031075000,127.258804000,813.000000,1641.693091,16118.337062,14476.643971,881.811835,89.406850,220.162227,235.300334,14.854673,84.394017,138.677813,235.300334,38.043907000,127.260130000,38.043907000,127.260130000,38.044190000,127.259990000,38.046167235,127.260047346,38.044018000,127.260370000,38.046118091,127.260674513,38.043613000,127.260280000,38.043491393,127.260349763,38.043793000,127.259900000,38.043040030,127.259787932
536,536,825159811133,107.192,2.000000,38.031150000,127.258820000,813.000000,1597.727598,15949.224537,14351.496939,898.244291,86.892392,217.065619,232.359537,16.815984,86.122872,138.091003,232.359537,38.043920000,127.260130000,38.043920000,127.260130000,38.044200000,127.259990000,38.046149467,127.260044166,38.044025000,127.260360000,38.046098203,127.260667749,38.043625000,127.260280000,38.043483274,127.260346381,38.043808000,127.259900000,38.043039340,127.259788549
537,537,825159811336,107.395,2.000000,38.031150000,127.258820000,813.000000,1597.727598,15949.224537,14351.496939,898.244291,86.892392,217.065619,232.359537,16.815984,86.122872,138.091003,232.359537,38.043920000,127.260130000,38.043920000,127.260130000,38.044200000,127.259990000,38.046149467,127.260044166,38.044025000,127.260360000,38.046098203,127.260667749,38.043625000,127.260280000,38.043483274,127.260346381,38.043808000,127.259900000,38.043039340,127.259788549
538,538,825159811538,107.597,2.000000,38.031300000,127.258850000,813.000000,1564.838792,15544.715487,13979.876696,893.374881,82.521319,211.236655,225.648582,19.414138,88.559790,136.214791,225.648582,38.043934000,127.260140000,38.043934000,127.260140000,38.044216000,127.259995000,38.046113054,127.260051274,38.044037000,127.260370000,38.046050511,127.260666834,38.043644000,127.260280000,38.043479068,127.260351976,38.043835000,127.259910000,38.043044132,127.259800606
539,539,825159811738,107.797,2.000000,38.031376000,127.258870000,813.000000,1519.214411,15325.448417,13806.234006,908.774555,80.406999,207.159989,223.434914,20.634198,89.409656,135.159689,223.434914,38.043940000,127.260140000,38.043940000,127.260140000,38.044224000,127.259995000,38.046084491,127.260047490,38.044040000,127.260370000,38.046034051,127.260660701,38.043655000,127.260280000,38.043478107,127.260350325,38.043846000,127.259920000,38.043048157,127.259802621
540,540,825159811943,108.002,2.000000,38.031452000,127.258890000,812.000000,1519.311733,15034.853084,13515.541351,889.583162,76.788513,200.505635,218.972446,22.265303,91.158501,133.225471,218.972446,38.043953000,127.260150000,38.043953000,127.260150000,38.044235000,127.260000000,38.046035689,127.260053007,38.044050000,127.260376000,38.046003964,127.260663767,38.043663000,127.260284000,38.043471414,127.260356940,38.043860000,127.259926000,38.043045977,127.259812792
541,541,825159812133,108.192,2.000000,38.031452000,127.258890000,812.000000,1519.311733,15034.853084,13515.541351,889.583162,76.788513,200.505635,218.972446,22.265303,91.158501,133.225471,218.972446,38.043953000,127.260150000,38.043953000,127.260150000,38.044235000,127.260000000,38.046035689,127.260053007,38.044050000,127.260376000,38.046003964,127.260663767,38.043663000,127.260284000,38.043471414,127.260356940,38.043860000,127.259926000,38.043045977,127.259812792
542,542,825159812336,108.395,2.000000,38.031600000,127.258930000,812.000000,1477.420160,14535.132301,13057.712141,883.818462,72.259838,191.667690,212.936313,24.054193,92.207132,130.216332,212.936313,38.043964000,127.260160000,38.043964000,127.260160000,38.044243000,127.260025000,38.045964605,127.260056156,38.044060000,127.260390000,38.045960788,127.260662219,38.043682000,127.260300000,38.043471854,127.260363875,38.043877000,127.259940000,38.043053557,127.259826136
543,543,825159812545,108.604,2.000000,38.031666000,127.258940000,812.000000,1469.246713,14553.876580,13084.629866,890.567237,72.906533,192.986766,214.562229,25.266831,91.285579,131.025351,214.562229,38.043970000,127.260130000,38.043970000,127.260130000,38.044243000,127.259995000,38.045976497,127.260022253,38.044067000,127.260360000,38.045982908,127.260627386,38.043690000,127.260270000,38.043468497,127.260332910,38.043877000,127.259910000,38.043061556,127.259800009
544,544,825159812734,108.793,2.000000,38.031666000,127.258940000,812.000000,1469.246713,14553.876580,13084.629866,890.567237,72.906533,192.986766,214.562229,25.266831,91.285579,131.025351,214.562229,38.043970000,127.260130000,38.043970000,127.260130000,38.044243000,127.259995000,38.045976497,127.260022253,38.044067000,127.260360000,38.045982908,127.260627386,38.043690000,127.260270000,38.043468497,127.260332910,38.043877000,127.259910000,38.043061556,127.259800009
545,545,825159812939,108.998,2.000000,38.031815000,127.258980000,812.000000,1542.771181,6228.019712,4685.248532,303.690436,78.397712,145.696815,88.671998,91.247119,165.545898,122.790457,165.545898,38.044495000,127.260640000,38.044495000,127.260640000,38.044760000,127.260506000,38.043466035,127.260256343,38.044586000,127.260880000,38.045371824,127.261045459,38.044205000,127.260780000,38.043385781,127.260744837,38.044376000,127.260414000,38.042899154,127.260192375
546,546,825159813140,109.199,2.000000,38.031890000,127.259000000,811.000000,2623.125265,5428.721044,2805.595779,106.956226,3.297402,11.338707,44.379095,15.100910,37.055947,26.968665,44.379095,38.048050000,127.262580000,38.048050000,127.262580000,38.048477000,127.262440000,38.048443340,127.262317923,38.048150000,127.262870000,38.048525965,127.263038387,38.047630000,127.262710000,38.047715464,127.262843774,38.047947000,127.262300000,38.047634683,127.262153736
547,547,825159813342,109.401,2.000000,38.032040000,127.259050000,811.000000,20916.993907,81238.887431,60321.893524,288.387011,11.850011,118.952684,283.325581,131.028265,316.693637,212.500042,316.693637,38.067646000,127.268480000,38.067646000,127.268480000,38.069202000,127.268370000,38.070270347,127.268397742,38.068080000,127.269140000,38.070526699,127.270030481,38.066177000,127.268555000,38.065002522,127.268456274,38.067074000,127.267784000,38.064308137,127.266938106
548,548,825159813544,109.603,2.000000,38.032040000,127.259050000,811.000000,20916.993907,81238.887431,60321.893524,288.387011,11.850011,118.952684,283.325581,131.028265,316.693637,212.500042,316.693637,38.067646000,127.268480000,38.067646000,127.268480000,38.069202000,127.268370000,38.070270347,127.268397742,38.068080000,127.269140000,38.070526699,127.270030481,38.066177000,127.268555000,38.065002522,127.268456274,38.067074000,127.267784000,38.064308137,127.266938106
549,549,825159813735,109.794,2.000000,38.032116000,127.259070000,811.000000,93829.827947,119917.642862,26087.814915,27.803328,47.478080,164.327853,22.839050,106.364462,137.224243,107.688902,164.327853,38.076770000,127.271080000,38.076770000,127.271080000,38.081730000,127.271720000,38.080347097,127.271063962,38.080044000,127.272680000,38.080049740,127.272940531,38.072643000,127.270530000,38.073506701,127.271049102,38.074554000,127.269844000,38.073389104,127.269331777
550,550,825159813938,109.997,2.000000,38.032190000,127.259094000,811.000000,93853.360686,119514.493817,25661.133131,27.341731,47.208409,158.753446,21.499108,102.781221,131.577257,103.652758,158.753446,38.076782000,127.271080000,38.076782000,127.271080000,38.081680000,127.271706000,38.080347134,127.271061684,38.080105000,127.272700000,38.080051437,127.272935718,38.072685000,127.270546000,38.073519270,127.271048512,38.074516000,127.269840000,38.073403125,127.269334114
551,551,825159814139,110.198,2.000000,38.032190000,127.259094000,811.000000,93853.360686,119514.493817,25661.133131,27.341731,47.208409,158.753446,21.499108,102.781221,131.577257,103.652758,158.753446,38.076782000,127.271080000,38.076782000,127.271080000,38.081680000,127.271706000,38.080347134,127.271061684,38.080105000,127.272700000,38.080051437,127.272935718,38.072685000,127.270546000,38.073519270,127.271048512,38.074516000,127.269840000,38.073403125,127.269334114
552,552,825159814330,110.389,2.000000,38.032337000,127.259150000,811.000000,93039.298111,118578.043188,25538.745078,27.449417,46.757609,155.806898,22.549671,100.695718,127.678514,101.682700,155.806898,38.076800000,127.271090000,38.076800000,127.271090000,38.081650000,127.271700000,38.080341871,127.271067647,38.080130000,127.272700000,38.080050737,127.272936813,38.072730000,127.270560000,38.073544873,127.271058876,38.074516000,127.269844000,38.073436568,127.269351450
553,553,825159814538,110.597,2.000000,38.032413000,127.259170000,811.000000,92995.018035,118149.167216,25154.149180,27.048921,46.601591,155.089700,22.201006,99.858842,127.088657,101.059551,155.089700,38.076810000,127.271090000,38.076810000,127.271090000,38.081640000,127.271700000,38.080339358,127.271065689,38.080130000,127.272700000,38.080050489,127.272932347,38.072746000,127.270570000,38.073556562,127.271058190,38.074524000,127.269844000,38.073449563,127.269353696
554,554,825159814746,110.805,2.000000,38.032562000,127.259220000,810.000000,91995.226783,116392.300233,24397.073450,26.519934,47.224411,153.479576,25.262327,96.483661,119.895974,98.780385,153.479576,38.076733000,127.271090000,38.076733000,127.271090000,38.081528000,127.271690000,38.080239911,127.271065427,38.080116000,127.272710000,38.079966178,127.272926530,38.072750000,127.270590000,38.073530889,127.271067740,38.074440000,127.269850000,38.073430866,127.269371850
555,555,825159814943,111.002,2.000000,38.032562000,127.259220000,810.000000,91995.226783,116392.300233,24397.073450,26.519934,47.224411,153.479576,25.262327,96.483661,119.895974,98.780385,153.479576,38.076733000,127.271090000,38.076733000,127.271090000,38.081528000,127.271690000,38.080239911,127.271065427,38.080116000,127.272710000,38.079966178,127.272926530,38.072750000,127.270590000,38.073530889,127.271067740,38.074440000,127.269850000,38.073430866,127.269371850
556,556,825159815137,111.196,2.000000,38.032635000,127.259250000,810.000000,91791.667954,115828.561050,24036.893095,26.186356,47.136063,148.382396,29.091767,93.394899,115.476951,96.586503,148.382396,38.076733000,127.271095000,38.076733000,127.271095000,38.081474000,127.271675000,38.080229380,127.271068876,38.080160000,127.272720000,38.079955379,127.272926511,38.072784000,127.270610000,38.073539279,127.271074054,38.074413000,127.269850000,38.073443323,127.269381836
557,557,825159815343,111.402,2.000000,38.032784000,127.259290000,810.000000,91301.696371,115663.988512,24362.292141,26.683285,48.652193,141.487620,35.043705,85.786398,112.433580,93.687826,141.487620,38.076820000,127.271110000,38.076820000,127.271110000,38.081474000,127.271670000,38.080291415,127.271078303,38.080303000,127.272750000,38.080023566,127.272934169,38.072910000,127.270640000,38.073598298,127.271080283,38.074448000,127.269860000,38.073507263,127.269393019
558,558,825159815541,111.600,2.000000,38.032784000,127.259290000,810.000000,91301.696371,115663.988512,24362.292141,26.683285,48.652193,141.487620,35.043705,85.786398,112.433580,93.687826,141.487620,38.076820000,127.271110000,38.076820000,127.271110000,38.081474000,127.271670000,38.080291415,127.271078303,38.080303000,127.272750000,38.080023566,127.272934169,38.072910000,127.270640000,38.073598298,127.271080283,38.074448000,127.269860000,38.073507263,127.269393019
559,559,825159815731,111.790,2.000000,38.032860000,127.259315000,810.000000,91120.487172,115534.910625,24414.423454,26.793561,48.064581,139.800585,35.661398,86.314270,111.363758,93.285003,139.800585,38.076870000,127.271126000,38.076870000,127.271126000,38.081510000,127.271675000,38.080340270,127.271094390,38.080345000,127.272760000,38.080059878,127.272945534,38.072956000,127.270645000,38.073645672,127.271095138,38.074482000,127.269870000,38.073550074,127.269407918
560,560,825159815944,112.003,2.000000,38.032932000,127.259346000,810.000000,91075.565242,115361.706188,24286.140945,26.665924,47.561219,137.362320,36.081938,86.653208,111.562921,92.915097,137.362320,38.076910000,127.271130000,38.076910000,127.271130000,38.081520000,127.271680000,38.080374780,127.271096334,38.080380000,127.272770000,38.080086025,127.272943433,38.072987000,127.270660000,38.073684367,127.271099357,38.074510000,127.269880000,38.073578255,127.269411123
561,561,825159816141,112.200,2.000000,38.032932000,127.259346000,810.000000,91075.565242,115361.706188,24286.140945,26.665924,47.561219,137.362320,36.081938,86.653208,111.562921,92.915097,137.362320,38.076910000,127.271130000,38.076910000,127.271130000,38.081520000,127.271680000,38.080374780,127.271096334,38.080380000,127.272770000,38.080086025,127.272943433,38.072987000,127.270660000,38.073684367,127.271099357,38.074510000,127.269880000,38.073578255,127.269411123
562,562,825159816330,112.389,2.000000,38.033080000,127.259390000,810.000000,90497.812328,114398.332866,23900.520538,26.410053,46.493884,130.683911,42.697473,86.250348,105.978697,91.402607,130.683911,38.076930000,127.271150000,38.076930000,127.271150000,38.081470000,127.271670000,38.080380059,127.271115982,38.080452000,127.272790000,38.080091844,127.272957591,38.073040000,127.270680000,38.073731520,127.271123925,38.074500000,127.269890000,38.073617119,127.269437517
563,563,825159816530,112.589,2.000000,38.033142000,127.259415000,810.000000,89072.472675,113829.614354,24757.141680,27.794380,47.575068,128.355740,42.984088,81.352530,107.471337,90.040924,128.355740,38.076904000,127.271120000,38.076904000,127.271120000,38.081394000,127.271630000,38.080325816,127.271078481,38.080418000,127.272750000,38.080055940,127.272920488,38.073055000,127.270660000,38.073701413,127.271093080,38.074486000,127.269870000,38.073590516,127.269411676
564,564,825159816736,112.795,2.000000,38.033142000,127.259415000,810.000000,89072.472675,113829.614354,24757.141680,27.794380,47.575068,128.355740,42.984088,81.352530,107.471337,90.040924,128.355740,38.076904000,127.271120000,38.076904000,127.271120000,38.081394000,127.271630000,38.080325816,127.271078481,38.080418000,127.272750000,38.080055940,127.272920488,38.073055000,127.270660000,38.073701413,127.271093080,38.074486000,127.269870000,38.073590516,127.269411676
565,565,825159816941,113.000,2.000000,38.033290000,127.259470000,810.000000,88955.996724,112922.874579,23966.877855,26.942397,46.445056,125.735779,42.338087,81.517026,106.361769,88.988165,125.735779,38.076923000,127.271126000,38.076923000,127.271126000,38.081370000,127.271620000,38.080323312,127.271080700,38.080414000,127.272750000,38.080057311,127.272917683,38.073086000,127.270676000,38.073736902,127.271102204,38.074505000,127.269875000,38.073618084,127.269423549
566,566,825159817141,113.200,2.000000,38.033363000,127.259490000,810.000000,88614.843357,112483.520540,23868.677183,26.935304,46.435853,125.287576,43.069858,81.550767,105.878390,88.946648,125.287576,38.076930000,127.271126000,38.076930000,127.271126000,38.081360000,127.271620000,38.080318248,127.271078867,38.080420000,127.272750000,38.080055142,127.272913538,38.073100000,127.270676000,38.073750899,127.271103050,38.074510000,127.269875000,38.073627126,127.269425563
567,567,825159817332,113.391,2.000000,38.033363000,127.259490000,810.000000,88614.843357,112483.520540,23868.677183,26.935304,46.435853,125.287576,43.069858,81.550767,105.878390,88.946648,125.287576,38.076930000,127.271126000,38.076930000,127.271126000,38.081360000,127.271620000,38.080318248,127.271078867,38.080420000,127.272750000,38.080055142,127.272913538,38.073100000,127.270676000,38.073750899,127.271103050,38.074510000,127.269875000,38.073627126,127.269425563
568,568,825159817545,113.604,2.000000,38.033512000,127.259544000,810.000000,87950.810095,111618.653202,23667.843107,26.910318,45.948216,120.061890,46.327218,79.762514,103.555975,87.426899,120.061890,38.076950000,127.271130000,38.076950000,127.271130000,38.081310000,127.271610000,38.080315825,127.271078798,38.080456000,127.272760000,38.080056565,127.272908391,38.073150000,127.270690000,38.073785775,127.271109773,38.074512000,127.269880000,38.073650461,127.269434230
569,569,825159817735,113.794,2.000000,38.033585000,127.259575000,810.000000,87250.698773,111181.416143,23930.717370,27.427537,45.844901,119.850564,46.156322,79.689794,104.051820,87.437125,119.850564,38.076958000,127.271130000,38.076958000,127.271130000,38.081303000,127.271610000,38.080311765,127.271076152,38.080452000,127.272750000,38.080055336,127.272903366,38.073162000,127.270700000,38.073800465,127.271111300,38.074524000,127.269890000,38.073659975,127.269437016
570,570,825159817941,114.000,2.000000,38.033657000,127.259600000,810.000000,87014.179469,110732.974649,23718.795179,27.258540,44.590030,118.356883,45.065054,81.203606,103.027462,86.913251,118.356883,38.076970000,127.271140000,38.076970000,127.271140000,38.081295000,127.271610000,38.080315279,127.271085328,38.080444000,127.272750000,38.080059244,127.272909920,38.073177000,127.270700000,38.073825699,127.271123825,38.074535000,127.269890000,38.073676947,127.269449357
571,571,825159818143,114.202,2.000000,38.033657000,127.259600000,810.000000,87014.179469,110732.974649,23718.795179,27.258540,44.590030,118.356883,45.065054,81.203606,103.027462,86.913251,118.356883,38.076970000,127.271140000,38.076970000,127.271140000,38.081295000,127.271610000,38.080315279,127.271085328,38.080444000,127.272750000,38.080059244,127.272909920,38.073177000,127.270700000,38.073825699,127.271123825,38.074535000,127.269890000,38.073676947,127.269449357
572,572,825159818334,114.393,2.000000,38.033806000,127.259650000,810.000000,86132.134481,109830.190702,23698.056222,27.513606,44.642900,115.726702,47.363670,79.944900,102.143764,86.294759,115.726702,38.076984000,127.271140000,38.076984000,127.271140000,38.081260000,127.271600000,38.080304109,127.271080831,38.080463000,127.272750000,38.080054400,127.272900715,38.073215000,127.270710000,38.073854082,127.271126172,38.074543000,127.269900000,38.073695172,127.269454238
573,573,825159818538,114.597,2.000000,38.033880000,127.259674000,810.000000,85708.786813,109367.333702,23658.546888,27.603409,43.542564,114.461634,46.448445,81.405787,101.309949,85.906454,114.461634,38.076996000,127.271150000,38.076996000,127.271150000,38.081253000,127.271600000,38.080306433,127.271089862,38.080456000,127.272750000,38.080057498,127.272907117,38.073230000,127.270710000,38.073878872,127.271138426,38.074554000,127.269905000,38.073711937,127.269466442
574,574,825159818740,114.799,2.000000,38.033880000,127.259674000,810.000000,85708.786813,109367.333702,23658.546888,27.603409,43.542564,114.461634,46.448445,81.405787,101.309949,85.906454,114.461634,38.076996000,127.271150000,38.076996000,127.271150000,38.081253000,127.271600000,38.080306433,127.271089862,38.080456000,127.272750000,38.080057498,127.272907117,38.073230000,127.270710000,38.073878872,127.271138426,38.074554000,127.269905000,38.073711937,127.269466442
575,575,825159818931,114.990,2.000000,38.034027000,127.259730000,809.000000,85103.065355,108548.492119,23445.426764,27.549450,43.122247,111.915478,46.159446,80.238026,101.687827,85.000194,111.915478,38.077015000,127.271150000,38.077015000,127.271150000,38.081230000,127.271590000,38.080306184,127.271086163,38.080456000,127.272740000,38.080060493,127.272898235,38.073277000,127.270730000,38.073920055,127.271143636,38.074574000,127.269910000,38.073728651,127.269470256
576,576,825159819135,115.194,2.000000,38.034100000,127.259760000,809.000000,84942.736117,107903.734791,22960.998674,27.031150,42.158194,110.847834,46.760153,82.287951,100.307780,85.050929,110.847834,38.077023000,127.271160000,38.077023000,127.271160000,38.081220000,127.271590000,38.080303741,127.271094704,38.080460000,127.272740000,38.080060378,127.272904399,38.073300000,127.270740000,38.073960448,127.271161776,38.074580000,127.269910000,38.073743792,127.269483530
577,577,825159819342,115.401,2.000000,38.034100000,127.259760000,809.000000,84942.736117,107903.734791,22960.998674,27.031150,42.158194,110.847834,46.760153,82.287951,100.307780,85.050929,110.847834,38.077023000,127.271160000,38.077023000,127.271160000,38.081220000,127.271590000,38.080303741,127.271094704,38.080460000,127.272740000,38.080060378,127.272904399,38.073300000,127.270740000,38.073960448,127.271161776,38.074580000,127.269910000,38.073743792,127.269483530
578,578,825159819532,115.591,2.000000,38.034245000,127.259810000,809.000000,83953.532404,106825.442356,22871.909952,27.243535,41.067403,109.508696,45.154525,84.551505,101.008694,85.055855,109.508696,38.077040000,127.271164000,38.077040000,127.271164000,38.081203000,127.271580000,38.080296546,127.271094478,38.080444000,127.272740000,38.080058276,127.272899443,38.073340000,127.270744000,38.074019190,127.271175921,38.074604000,127.269930000,38.073764675,127.269492021
579,579,825159819735,115.794,2.000000,38.034320000,127.259834000,809.000000,83824.896079,106266.609680,22441.713601,26.772134,40.861077,108.891981,46.096325,85.778117,101.033702,85.450031,108.891981,38.077057000,127.271170000,38.077057000,127.271170000,38.081200000,127.271590000,38.080301568,127.271098515,38.080460000,127.272750000,38.080063253,127.272900645,38.073370000,127.270760000,38.074062797,127.271188528,38.074620000,127.269936000,38.073780113,127.269499010
580,580,825159819942,116.001,2.000000,38.034320000,127.259834000,809.000000,83824.896079,106266.609680,22441.713601,26.772134,40.861077,108.891981,46.096325,85.778117,101.033702,85.450031,108.891981,38.077057000,127.271170000,38.077057000,127.271170000,38.081200000,127.271590000,38.080301568,127.271098515,38.080460000,127.272750000,38.080063253,127.272900645,38.073370000,127.270760000,38.074062797,127.271188528,38.074620000,127.269936000,38.073780113,127.269499010
581,581,825159820143,116.202,2.000000,38.034466000,127.259890000,809.000000,83042.356005,105286.077332,22243.721328,26.785995,40.352347,106.831712,47.235047,89.642907,103.780679,86.872586,106.831712,38.077110000,127.271180000,38.077110000,127.271180000,38.081210000,127.271590000,38.080330234,127.271102926,38.080494000,127.272750000,38.080086109,127.272898539,38.073437000,127.270775000,38.074165071,127.271212086,38.074680000,127.269950000,38.073815020,127.269508196
582,582,825159820344,116.403,2.000000,38.034540000,127.259910000,809.000000,82096.439904,104567.021580,22470.581676,27.370958,39.310509,106.375037,46.753407,91.651753,102.982888,86.940771,106.375037,38.077106000,127.271190000,38.077106000,127.271190000,38.081192000,127.271590000,38.080313576,127.271112118,38.080475000,127.272740000,38.080075855,127.272906011,38.073450000,127.270780000,38.074193552,127.271229119,38.074684000,127.269960000,38.073825416,127.269522392
583,583,825159820532,116.591,2.000000,38.034610000,127.259940000,809.000000,81966.750155,103999.929995,22033.179840,26.880631,38.582032,105.142022,46.105192,92.637064,102.593879,86.619539,105.142022,38.077106000,127.271190000,38.077106000,127.271190000,38.081170000,127.271580000,38.080301083,127.271109666,38.080463000,127.272740000,38.080068885,127.272901741,38.073463000,127.270780000,38.074214387,127.271234371,38.074688000,127.269960000,38.073831940,127.269526330
584,584,825159820734,116.793,2.000000,38.034610000,127.259940000,809.000000,81966.750155,103999.929995,22033.179840,26.880631,38.582032,105.142022,46.105192,92.637064,102.593879,86.619539,105.142022,38.077106000,127.271190000,38.077106000,127.271190000,38.081170000,127.271580000,38.080301083,127.271109666,38.080463000,127.272740000,38.080068885,127.272901741,38.073463000,127.270780000,38.074214387,127.271234371,38.074688000,127.269960000,38.073831940,127.269526330
585,585,825159820940,116.999,2.000000,38.034748000,127.259990000,809.000000,81213.577466,103047.664761,21834.087295,26.884775,38.257793,105.110060,43.018849,91.604180,103.731516,85.866151,105.110060,38.077103000,127.271180000,38.077103000,127.271180000,38.081140000,127.271576000,38.080274933,127.271095259,38.080420000,127.272730000,38.080052928,127.272883487,38.073490000,127.270790000,38.074236423,127.271230078,38.074703000,127.269966000,38.073838744,127.269523412
586,586,825159821133,117.192,2.000000,38.034820000,127.260010000,809.000000,80639.569431,102514.634691,21875.065260,27.126962,38.093832,104.597020,43.229770,92.408703,104.665135,86.225157,104.665135,38.077110000,127.271180000,38.077110000,127.271180000,38.081130000,127.271576000,38.080270548,127.271093581,38.080418000,127.272720000,38.080050457,127.272879276,38.073510000,127.270800000,38.074266066,127.271235393,38.074720000,127.269970000,38.073847362,127.269525335
587,587,825159821336,117.395,2.000000,38.034820000,127.260010000,809.000000,80639.569431,102514.634691,21875.065260,27.126962,38.093832,104.597020,43.229770,92.408703,104.665135,86.225157,104.665135,38.077110000,127.271180000,38.077110000,127.271180000,38.081130000,127.271576000,38.080270548,127.271093581,38.080418000,127.272720000,38.080050457,127.272879276,38.073510000,127.270800000,38.074266066,127.271235393,38.074720000,127.269970000,38.073847362,127.269525335
588,588,825159821541,117.600,2.000000,38.034966000,127.260060000,809.000000,80040.326308,101243.534219,21203.207911,26.490657,35.926656,102.805612,42.947231,99.083894,104.617331,87.363517,104.617331,38.077130000,127.271190000,38.077130000,127.271190000,38.081112000,127.271570000,38.080265956,127.271099631,38.080414000,127.272720000,38.080049405,127.272880254,38.073540000,127.270805000,38.074353945,127.271262585,38.074745000,127.269980000,38.073871541,127.269539422
589,589,825159821736,117.795,2.000000,38.035038000,127.260090000,809.000000,79258.156640,100603.945651,21345.789011,26.931978,35.029995,103.003764,42.222702,102.714938,105.582633,88.381009,105.582633,38.077137000,127.271194000,38.077137000,127.271194000,38.081110000,127.271570000,38.080261372,127.271101501,38.080402000,127.272710000,38.080046980,127.272879601,38.073550000,127.270805000,38.074395103,127.271275518,38.074764000,127.269990000,38.073882176,127.269546336
590,590,825159821935,117.994,2.000000,38.035038000,127.260090000,809.000000,79258.156640,100603.945651,21345.789011,26.931978,35.029995,103.003764,42.222702,102.714938,105.582633,88.381009,105.582633,38.077137000,127.271194000,38.077137000,127.271194000,38.081110000,127.271570000,38.080261372,127.271101501,38.080402000,127.272710000,38.080046980,127.272879601,38.073550000,127.270805000,38.074395103,127.271275518,38.074764000,127.269990000,38.073882176,127.269546336
591,591,825159822144,118.203,2.000000,38.035183000,127.260150000,809.000000,78469.804354,99573.775871,21103.971517,26.894385,34.011487,101.661898,41.836444,105.956913,106.389215,88.961118,106.389215,38.077156000,127.271194000,38.077156000,127.271194000,38.081090000,127.271570000,38.080256335,127.271096346,38.080400000,127.272710000,38.080045712,127.272869294,38.073580000,127.270810000,38.074454921,127.271286152,38.074790000,127.270000000,38.073901966,127.269551261
592,592,825159822344,118.403,2.000000,38.035255000,127.260170000,809.000000,78153.170619,99118.870336,20965.699717,26.826422,33.678320,100.914282,41.247408,105.929511,106.647817,88.684754,106.647817,38.077164000,127.271200000,38.077164000,127.271200000,38.081080000,127.271570000,38.080252111,127.271100839,38.080390000,127.272705000,38.080043362,127.272871295,38.073597000,127.270820000,38.074472565,127.271293440,38.074806000,127.270004000,38.073914202,127.269559329
593,593,825159822536,118.595,2.000000,38.035255000,127.260170000,809.000000,78153.170619,99118.870336,20965.699717,26.826422,33.678320,100.914282,41.247408,105.929511,106.647817,88.684754,106.647817,38.077164000,127.271200000,38.077164000,127.271200000,38.081080000,127.271570000,38.080252111,127.271100839,38.080390000,127.272705000,38.080043362,127.272871295,38.073597000,127.270820000,38.074472565,127.271293440,38.074806000,127.270004000,38.073914202,127.269559329
594,594,825159822758,118.817,2.000000,38.035404000,127.260220000,809.000000,77920.731582,98296.114579,20375.382997,26.148860,33.756641,100.868274,40.330434,106.063476,107.879512,88.785424,107.879512,38.077180000,127.271200000,38.077180000,127.271200000,38.081070000,127.271570000,38.080244050,127.271096632,38.080380000,127.272705000,38.080039392,127.272861843,38.073620000,127.270830000,38.074499728,127.271294812,38.074837000,127.270010000,38.073933709,127.269564077
595,595,825159822930,118.989,2.000000,38.035477000,127.260250000,809.000000,77413.037361,97778.545654,20365.508292,26.307595,33.386392,99.998132,40.606274,107.025704,107.856772,88.871720,107.856772,38.077187000,127.271210000,38.077187000,127.271210000,38.081062000,127.271560000,38.080238305,127.271104675,38.080376000,127.272700000,38.080035842,127.272867336,38.073635000,127.270830000,38.074519945,127.271307386,38.074852000,127.270020000,38.073947927,127.269577364
596,596,825159823132,119.191,2.000000,38.035477000,127.260250000,809.000000,77413.037361,97778.545654,20365.508292,26.307595,33.386392,99.998132,40.606274,107.025704,107.856772,88.871720,107.856772,38.077187000,127.271210000,38.077187000,127.271210000,38.081062000,127.271560000,38.080238305,127.271104675,38.080376000,127.272700000,38.080035842,127.272867336,38.073635000,127.270830000,38.074519945,127.271307386,38.074852000,127.270020000,38.073947927,127.269577364
597,597,825159823337,119.396,2.000000,38.035620000,127.260300000,809.000000,76225.233434,97012.609188,20787.375754,27.270990,33.295527,99.154645,39.532032,106.518446,109.341365,88.636622,109.341365,38.077206000,127.271210000,38.077206000,127.271210000,38.081047000,127.271560000,38.080233159,127.271100124,38.080364000,127.272690000,38.080034341,127.272857749,38.073666000,127.270836000,38.074547664,127.271308380,38.074883000,127.270035000,38.073967930,127.269581528
598,598,825159823530,119.589,2.000000,38.035694000,127.260330000,809.000000,76162.278659,96489.264879,20326.986220,26.689047,32.898713,99.105320,39.408685,107.392992,108.572894,88.619973,108.572894,38.077213000,127.271220000,38.077213000,127.271220000,38.081043000,127.271560000,38.080226885,127.271108081,38.080357000,127.272690000,38.080030258,127.272863095,38.073680000,127.270840000,38.074567394,127.271320777,38.074894000,127.270035000,38.073982291,127.269594846
599,599,825159823736,119.795,2.000000,38.035840000,127.260380000,809.000000,75538.486251,95844.191013,20305.704762,26.881270,33.269406,98.099116,39.156378,105.392907,109.173517,87.955479,109.173517,38.077260000,127.271225000,38.077260000,127.271225000,38.081050000,127.271570000,38.080247514,127.271107409,38.080380000,127.272700000,38.080050741,127.272857210,38.073746000,127.270860000,38.074618765,127.271326131,38.074932000,127.270050000,38.074017329,127.269600514
600,600,825159823941,120.000,2.000000,38.035840000,127.260380000,809.000000,75538.486251,95844.191013,20305.704762,26.881270,33.269406,98.099116,39.156378,105.392907,109.173517,87.955479,109.173517,38.077260000,127.271225000,38.077260000,127.271225000,38.081050000,127.271570000,38.080247514,127.271107409,38.080380000,127.272700000,38.080050741,127.272857210,38.073746000,127.270860000,38.074618765,127.271326131,38.074932000,127.270050000,38.074017329,127.269600514
601,601,825159824142,120.201,2.000000,38.035910000,127.260410000,808.000000,74833.311899,95495.125873,20661.813974,27.610450,33.247206,97.580245,38.658625,104.387678,109.676809,87.575839,109.676809,38.077263000,127.271230000,38.077263000,127.271230000,38.081043000,127.271570000,38.080244093,127.271111724,38.080370000,127.272690000,38.080049220,127.272859016,38.073765000,127.270870000,38.074629237,127.271332301,38.074944000,127.270060000,38.074025052,127.269608639
602,602,825159824348,120.407,2.000000,38.035984000,127.260440000,808.000000,74649.778789,95085.326955,20435.548166,27.375229,33.306196,97.310509,38.449331,103.805146,109.612485,87.294368,109.612485,38.077270000,127.271230000,38.077270000,127.271230000,38.081036000,127.271570000,38.080240485,127.271109676,38.080368000,127.272690000,38.080047753,127.272854364,38.073784000,127.270874000,38.074643420,127.271333703,38.074955000,127.270060000,38.074035684,127.269611895
603,603,825159824536,120.595,2.000000,38.035984000,127.260440000,808.000000,74649.778789,95085.326955,20435.548166,27.375229,33.306196,97.310509,38.449331,103.805146,109.612485,87.294368,109.612485,38.077270000,127.271230000,38.077270000,127.271230000,38.081036000,127.271570000,38.080240485,127.271109676,38.080368000,127.272690000,38.080047753,127.272854364,38.073784000,127.270874000,38.074643420,127.271333703,38.074955000,127.270060000,38.074035684,127.269611895
604,604,825159824742,120.801,2.000000,38.036133000,127.260480000,808.000000,73935.103795,94152.039596,20216.935801,27.344164,32.337707,95.655711,36.465732,103.316721,109.066905,86.126267,109.066905,38.077263000,127.271230000,38.077263000,127.271230000,38.081000000,127.271550000,38.080214238,127.271108184,38.080326000,127.272675000,38.080027964,127.272847701,38.073803000,127.270874000,38.074656797,127.271336276,38.074963000,127.270065000,38.074048111,127.269619620
605,605,825159824932,120.991,2.000000,38.036205000,127.260510000,808.000000,73654.442682,93757.837810,20103.395127,27.294206,32.330012,95.444256,35.810059,102.638872,109.169402,85.765647,109.169402,38.077270000,127.271230000,38.077270000,127.271230000,38.080994000,127.271550000,38.080211024,127.271106162,38.080320000,127.272675000,38.080026803,127.272843139,38.073822000,127.270880000,38.074670722,127.271337670,38.074974000,127.270070000,38.074058657,127.269622858
606,606,825159825130,121.189,2.000000,38.036205000,127.260510000,808.000000,73654.442682,93757.837810,20103.395127,27.294206,32.330012,95.444256,35.810059,102.638872,109.169402,85.765647,109.169402,38.077270000,127.271230000,38.077270000,127.271230000,38.080994000,127.271550000,38.080211024,127.271106162,38.080320000,127.272675000,38.080026803,127.272843139,38.073822000,127.270880000,38.074670722,127.271337670,38.074974000,127.270070000,38.074058657,127.269622858
607,607,825159825338,121.397,2.000000,38.036340000,127.260560000,808.000000,72789.277601,92939.607732,20150.330131,27.683102,31.892126,94.232937,35.246270,101.941512,108.673380,85.023525,108.673380,38.077286000,127.271240000,38.077286000,127.271240000,38.080980000,127.271550000,38.080206535,127.271113010,38.080310000,127.272670000,38.080024945,127.272845078,38.073864000,127.270890000,38.074704822,127.271350891,38.074997000,127.270080000,38.074084756,127.269638406
608,608,825159825540,121.599,2.000000,38.036410000,127.260590000,808.000000,72808.633815,92555.271821,19746.638006,27.121286,31.937185,94.135849,34.465441,101.098895,108.829227,84.632353,108.829227,38.077293000,127.271240000,38.077293000,127.271240000,38.080975000,127.271550000,38.080203230,127.271110902,38.080303000,127.272670000,38.080024030,127.272840594,38.073883000,127.270900000,38.074718494,127.271352279,38.075010000,127.270080000,38.074095292,127.269641645
609,609,825159825730,121.789,2.000000,38.036410000,127.260590000,808.000000,72808.633815,92555.271821,19746.638006,27.121286,31.937185,94.135849,34.465441,101.098895,108.829227,84.632353,108.829227,38.077293000,127.271240000,38.077293000,127.271240000,38.080975000,127.271550000,38.080203230,127.271110902,38.080303000,127.272670000,38.080024030,127.272840594,38.073883000,127.270900000,38.074718494,127.271352279,38.075010000,127.270080000,38.074095292,127.269641645
610,610,825159825936,121.995,2.000000,38.036556000,127.260640000,808.000000,71529.386914,91706.088908,20176.701994,28.207570,30.810912,92.567848,33.689117,101.701493,107.909126,83.966896,107.909126,38.077312000,127.271250000,38.077312000,127.271250000,38.080960000,127.271550000,38.080201190,127.271117920,38.080290000,127.272660000,38.080023446,127.272842050,38.073917000,127.270905000,38.074755695,127.271365242,38.075030000,127.270096000,38.074124280,127.269657150
611,611,825159826136,122.195,2.000000,38.036633000,127.260666000,808.000000,71416.848321,91295.353244,19878.504924,27.834475,30.608719,91.951863,33.399031,101.753675,107.955970,83.765135,107.955970,38.077320000,127.271250000,38.077320000,127.271250000,38.080950000,127.271550000,38.080197919,127.271116065,38.080288000,127.272660000,38.080022525,127.272837579,38.073930000,127.270910000,38.074770557,127.271366243,38.075043000,127.270096000,38.074135954,127.269660078
612,612,825159826342,122.401,2.000000,38.036777000,127.260720000,808.000000,70862.325158,90478.007143,19615.681985,27.681398,29.895733,91.451008,32.439560,102.213798,107.518224,83.405648,107.518224,38.077335000,127.271255000,38.077335000,127.271255000,38.080940000,127.271550000,38.080192282,127.271117684,38.080273000,127.272650000,38.080020134,127.272833997,38.073956000,127.270920000,38.074801771,127.271374081,38.075066000,127.270100000,38.074161005,127.269671348
613,613,825159826547,122.606,2.000000,38.036777000,127.260720000,808.000000,70862.325158,90478.007143,19615.681985,27.681398,29.895733,91.451008,32.439560,102.213798,107.518224,83.405648,107.518224,38.077335000,127.271255000,38.077335000,127.271255000,38.080940000,127.271550000,38.080192282,127.271117684,38.080273000,127.272650000,38.080020134,127.272833997,38.073956000,127.270920000,38.074801771,127.271374081,38.075066000,127.270100000,38.074161005,127.269671348
614,614,825159826736,122.795,2.000000,38.036850000,127.260740000,808.000000,70100.774256,89875.168301,19774.394045,28.208524,28.883973,91.061363,32.301653,102.245904,104.421232,82.507538,104.421232,38.077343000,127.271255000,38.077343000,127.271255000,38.080933000,127.271550000,38.080189655,127.271116228,38.080270000,127.272644000,38.080019503,127.272830055,38.073970000,127.270920000,38.074815888,127.271374671,38.075077000,127.270110000,38.074201930,127.269680783
615,615,825159826942,123.001,2.000000,38.036995000,127.260796000,808.000000,69457.969219,88213.391761,18755.422542,27.002550,25.055745,89.905523,30.677699,102.755914,92.761996,79.025283,102.755914,38.077360000,127.271260000,38.077360000,127.271260000,38.080920000,127.271545000,38.080185765,127.271117634,38.080254000,127.272644000,38.080018691,127.272826221,38.073997000,127.270930000,38.074848577,127.271382502,38.075110000,127.270130000,38.074342004,127.269719214
616,616,825159827130,123.189,2.000000,38.036995000,127.260796000,808.000000,69457.969219,88213.391761,18755.422542,27.002550,25.055745,89.905523,30.677699,102.755914,92.761996,79.025283,102.755914,38.077360000,127.271260000,38.077360000,127.271260000,38.080920000,127.271545000,38.080185765,127.271117634,38.080254000,127.272644000,38.080018691,127.272826221,38.073997000,127.270930000,38.074848577,127.271382502,38.075110000,127.270130000,38.074342004,127.269719214
617,617,825159827336,123.395,2.000000,38.037067000,127.260826000,808.000000,69152.454772,87475.244587,18322.789815,26.496225,24.084750,90.114864,30.445428,102.336141,88.629700,77.881533,102.336141,38.077366000,127.271260000,38.077366000,127.271260000,38.080917000,127.271545000,38.080181413,127.271115649,38.080250000,127.272640000,38.080016933,127.272821799,38.074013000,127.270935000,38.074861677,127.271383891,38.075130000,127.270134000,38.074398839,127.269733692
618,618,825159827544,123.603,2.000000,38.037140000,127.260850000,808.000000,68991.942709,86752.425342,17760.482633,25.742836,22.607124,89.734259,29.918701,102.700723,83.910583,76.566066,102.700723,38.077374000,127.271260000,38.077374000,127.271260000,38.080910000,127.271545000,38.080178797,127.271113949,38.080246000,127.272640000,38.080016467,127.272817618,38.074024000,127.270935000,38.074875945,127.271384744,38.075146000,127.270134000,38.074456393,127.269747367
619,619,825159827731,123.790,2.000000,38.037140000,127.260850000,808.000000,68991.942709,86752.425342,17760.482633,25.742836,22.607124,89.734259,29.918701,102.700723,83.910583,76.566066,102.700723,38.077374000,127.271260000,38.077374000,127.271260000,38.080910000,127.271545000,38.080178797,127.271113949,38.080246000,127.272640000,38.080016467,127.272817618,38.074024000,127.270935000,38.074875945,127.271384744,38.075146000,127.270134000,38.074456393,127.269747367
620,620,825159827937,123.996,2.000000,38.037285000,127.260900000,808.000000,67928.607493,85231.160202,17302.552709,25.471673,19.308889,88.856437,29.681621,103.466952,73.577138,73.895537,103.466952,38.077390000,127.271270000,38.077390000,127.271270000,38.080900000,127.271545000,38.080174803,127.271121320,38.080235000,127.272630000,38.080013942,127.272819396,38.074050000,127.270940000,38.074907097,127.271396764,38.075176000,127.270150000,38.074580320,127.269786165
621,621,825159828138,124.197,2.000000,38.037357000,127.260930000,808.000000,67409.137763,84625.792029,17216.654266,25.540535,18.383439,88.350673,28.884440,103.559622,71.374153,73.042222,103.559622,38.077396000,127.271270000,38.077396000,127.271270000,38.080890000,127.271545000,38.080170522,127.271119363,38.080227000,127.272630000,38.080012246,127.272814999,38.074062000,127.270940000,38.074919598,127.271397980,38.075195000,127.270160000,38.074621132,127.269796739
622,622,825159828344,124.403,2.000000,38.037357000,127.260930000,808.000000,67409.137763,84625.792029,17216.654266,25.540535,18.383439,88.350673,28.884440,103.559622,71.374153,73.042222,103.559622,38.077396000,127.271270000,38.077396000,127.271270000,38.080890000,127.271545000,38.080170522,127.271119363,38.080227000,127.272630000,38.080012246,127.272814999,38.074062000,127.270940000,38.074919598,127.271397980,38.075195000,127.270160000,38.074621132,127.269796739
623,623,825159828532,124.591,2.000000,38.037506000,127.260980000,808.000000,66869.517273,83306.957341,16437.440068,24.581365,16.226002,87.676903,28.794221,103.659432,64.244008,71.093641,103.659432,38.077410000,127.271280000,38.077410000,127.271280000,38.080880000,127.271545000,38.080164433,127.271126935,38.080215000,127.272620000,38.080007869,127.272816817,38.074090000,127.270950000,38.074948037,127.271409590,38.075230000,127.270164000,38.074716586,127.269829179
624,624,825159828734,124.793,2.000000,38.037580000,127.261010000,808.000000,66684.216952,82877.988462,16193.771510,24.284264,15.646733,86.842430,27.993754,103.510363,63.674722,70.505317,103.510363,38.077420000,127.271280000,38.077420000,127.271280000,38.080870000,127.271545000,38.080163492,127.271124757,38.080210000,127.272620000,38.080009090,127.272812128,38.074104000,127.270960000,38.074963540,127.271410594,38.075245000,127.270170000,38.074737785,127.269834095
625,625,825159828941,125.000,2.000000,38.037580000,127.261010000,808.000000,66684.216952,82877.988462,16193.771510,24.284264,15.646733,86.842430,27.993754,103.510363,63.674722,70.505317,103.510363,38.077420000,127.271280000,38.077420000,127.271280000,38.080870000,127.271545000,38.080163492,127.271124757,38.080210000,127.272620000,38.080009090,127.272812128,38.074104000,127.270960000,38.074963540,127.271410594,38.075245000,127.270170000,38.074737785,127.269834095
626,626,825159829143,125.202,2.000000,38.037724000,127.261060000,808.000000,65910.050598,82040.763573,16130.712975,24.473829,14.370083,85.166477,27.020350,104.309859,62.523590,69.755069,104.309859,38.077454000,127.271290000,38.077454000,127.271290000,38.080868000,127.271545000,38.080175796,127.271131057,38.080210000,127.272620000,38.080020603,127.272812851,38.074142000,127.270970000,38.075008795,127.271422175,38.075287000,127.270190000,38.074792356,127.269852008
627,627,825159829344,125.403,2.000000,38.037796000,127.261086000,808.000000,65659.629772,81483.623805,15823.994033,24.100035,11.080527,81.900121,26.013380,108.154775,58.561386,68.657416,108.154775,38.077500000,127.271300000,38.077500000,127.271300000,38.080870000,127.271545000,38.080207823,127.271137677,38.080223000,127.272620000,38.080047806,127.272816452,38.074173000,127.270980000,38.075075248,127.271437855,38.075306000,127.270195000,38.074848298,127.269865552
628,628,825159829531,125.590,2.000000,38.037796000,127.261086000,808.000000,65659.629772,81483.623805,15823.994033,24.100035,11.080527,81.900121,26.013380,108.154775,58.561386,68.657416,108.154775,38.077500000,127.271300000,38.077500000,127.271300000,38.080870000,127.271545000,38.080207823,127.271137677,38.080223000,127.272620000,38.080047806,127.272816452,38.074173000,127.270980000,38.075075248,127.271437855,38.075306000,127.270195000,38.074848298,127.269865552
629,629,825159829734,125.793,2.000000,38.037940000,127.261140000,808.000000,64922.811111,80299.065626,15376.254515,23.683901,6.648510,78.434105,25.228487,112.296855,51.053132,66.753145,112.296855,38.077550000,127.271320000,38.077550000,127.271320000,38.080868000,127.271545000,38.080234429,127.271153388,38.080220000,127.272610000,38.080070418,127.272826286,38.074220000,127.270990000,38.075156836,127.271465285,38.075336000,127.270200000,38.074943421,127.269898808
630,630,825159829940,125.999,2.000000,38.038013000,127.261170000,808.000000,64471.944156,79796.651032,15324.706876,23.769575,5.657234,77.771201,24.464418,112.692426,49.586778,66.128706,112.692426,38.077560000,127.271320000,38.077560000,127.271320000,38.080860000,127.271545000,38.080233874,127.271151289,38.080215000,127.272610000,38.080071665,127.272821633,38.074238000,127.270996000,38.075179588,127.271468313,38.075344000,127.270210000,38.074968939,127.269904713
631,631,825159830141,126.200,2.000000,38.038013000,127.261170000,808.000000,64471.944156,79796.651032,15324.706876,23.769575,5.657234,77.771201,24.464418,112.692426,49.586778,66.128706,112.692426,38.077560000,127.271320000,38.077560000,127.271320000,38.080860000,127.271545000,38.080233874,127.271151289,38.080215000,127.272610000,38.080071665,127.272821633,38.074238000,127.270996000,38.075179588,127.271468313,38.075344000,127.270210000,38.074968939,127.269904713
632,632,825159830331,126.390,2.000000,38.038162000,127.261215000,808.000000,63704.884184,78797.103963,15092.219779,23.690836,3.478528,75.842079,23.022258,114.020444,46.450262,64.833761,114.020444,38.077580000,127.271324000,38.077580000,127.271324000,38.080840000,127.271545000,38.080232830,127.271152386,38.080200000,127.272610000,38.080072979,127.272817334,38.074272000,127.271000000,38.075224903,127.271477175,38.075363000,127.270220000,38.075019499,127.269919053
633,633,825159830539,126.598,2.000000,38.038235000,127.261246000,808.000000,63585.345054,78342.691397,14757.346343,23.208723,3.224868,75.822980,22.972984,113.747486,45.437427,64.495219,113.747486,38.077580000,127.271324000,38.077580000,127.271324000,38.080830000,127.271545000,38.080223617,127.271150907,38.080193000,127.272606000,38.080066627,127.272813262,38.074284000,127.271010000,38.075236598,127.271479612,38.075367000,127.270220000,38.075031730,127.269924254
634,634,825159830730,126.789,2.000000,38.038235000,127.261246000,808.000000,63585.345054,78342.691397,14757.346343,23.208723,3.224868,75.822980,22.972984,113.747486,45.437427,64.495219,113.747486,38.077580000,127.271324000,38.077580000,127.271324000,38.080830000,127.271545000,38.080223617,127.271150907,38.080193000,127.272606000,38.080066627,127.272813262,38.074284000,127.271010000,38.075236598,127.271479612,38.075367000,127.270220000,38.075031730,127.269924254
635,635,825159830934,126.993,2.000000,38.038380000,127.261300000,808.000000,62991.126649,77472.672532,14481.545883,22.989819,1.134722,73.211227,22.415561,114.898477,41.490920,63.004046,114.898477,38.077620000,127.271340000,38.077620000,127.271340000,38.080826000,127.271545000,38.080241102,127.271163000,38.080193000,127.272606000,38.080082289,127.272819670,38.074330000,127.271020000,38.075291086,127.271498116,38.075394000,127.270230000,38.075094337,127.269948444
636,636,825159831139,127.198,2.000000,38.038452000,127.261320000,808.000000,62959.044562,77134.102333,14175.057772,22.514728,0.826618,72.695891,21.871771,113.794751,40.933774,62.324047,113.794751,38.077630000,127.271340000,38.077630000,127.271340000,38.080820000,127.271545000,38.080240897,127.271161572,38.080190000,127.272606000,38.080083449,127.272815707,38.074350000,127.271030000,38.075303607,127.271497796,38.075405000,127.270230000,38.075109915,127.269951276
637,637,825159831345,127.404,2.000000,38.038452000,127.261320000,808.000000,62959.044562,77134.102333,14175.057772,22.514728,0.826618,72.695891,21.871771,113.794751,40.933774,62.324047,113.794751,38.077630000,127.271340000,38.077630000,127.271340000,38.080820000,127.271545000,38.080240897,127.271161572,38.080190000,127.272606000,38.080083449,127.272815707,38.074350000,127.271030000,38.075303607,127.271497796,38.075405000,127.270230000,38.075109915,127.269951276
638,638,825159831537,127.596,2.000000,38.038586000,127.261370000,808.000000,61751.834947,76355.388633,14603.553687,23.648777,0.973107,71.886961,22.549288,112.629943,40.431912,61.874526,112.629943,38.077620000,127.271340000,38.077620000,127.271340000,38.080788000,127.271540000,38.080215667,127.271160044,38.080170000,127.272590000,38.080064060,127.272809331,38.074368000,127.271030000,38.075309684,127.271500060,38.075413000,127.270240000,38.075123898,127.269960698
639,639,825159831742,127.801,2.000000,38.038660000,127.261400000,808.000000,61572.183832,76003.848426,14431.664594,23.438611,0.646935,71.234795,21.898900,111.862033,39.806388,61.200529,111.862033,38.077630000,127.271340000,38.077630000,127.271340000,38.080780000,127.271540000,38.080215134,127.271158012,38.080166000,127.272590000,38.080065327,127.272804704,38.074387000,127.271034000,38.075322444,127.271500271,38.075424000,127.270240000,38.075139800,127.269964302
640,640,825159831933,127.992,2.000000,38.038660000,127.261400000,808.000000,61572.183832,76003.848426,14431.664594,23.438611,0.646935,71.234795,21.898900,111.862033,39.806388,61.200529,111.862033,38.077630000,127.271340000,38.077630000,127.271340000,38.080780000,127.271540000,38.080215134,127.271158012,38.080166000,127.272590000,38.080065327,127.272804704,38.074387000,127.271034000,38.075322444,127.271500271,38.075424000,127.270240000,38.075139800,127.269964302
641,641,825159832135,128.194,2.000000,38.038803000,127.261450000,808.000000,61053.075451,75248.365003,14195.289552,23.250736,1.114072,70.198426,21.908167,110.766641,38.817271,60.422626,110.766641,38.077644000,127.271350000,38.077644000,127.271350000,38.080772000,127.271530000,38.080210361,127.271165731,38.080160000,127.272590000,38.080062135,127.272806910,38.074420000,127.271040000,38.075343674,127.271510065,38.075450000,127.270256000,38.075175702,127.269982493
642,642,825159832340,128.399,2.000000,38.038876000,127.261475000,808.000000,60718.443430,74905.039189,14186.595759,23.364558,1.064083,69.769477,22.049547,109.559281,38.845133,60.055860,109.559281,38.077652000,127.271350000,38.077652000,127.271350000,38.080765000,127.271530000,38.080208329,127.271164159,38.080154000,127.272580000,38.080061896,127.272802768,38.074440000,127.271050000,38.075355105,127.271510162,38.075466000,127.270256000,38.075189420,127.269985706
643,643,825159832543,128.602,2.000000,38.038876000,127.261475000,808.000000,60718.443430,74905.039189,14186.595759,23.364558,1.064083,69.769477,22.049547,109.559281,38.845133,60.055860,109.559281,38.077652000,127.271350000,38.077652000,127.271350000,38.080765000,127.271530000,38.080208329,127.271164159,38.080154000,127.272580000,38.080061896,127.272802768,38.074440000,127.271050000,38.075355105,127.271510162,38.075466000,127.270256000,38.075189420,127.269985706
644,644,825159832733,128.792,2.000000,38.039020000,127.261530000,808.000000,60067.987493,74197.002991,14129.015498,23.521706,0.890443,68.929490,21.669114,108.168855,38.628808,59.349067,108.168855,38.077667000,127.271355000,38.077667000,127.271355000,38.080753000,127.271530000,38.080204013,127.271166163,38.080150000,127.272580000,38.080060284,127.272799455,38.074474000,127.271060000,38.075377143,127.271515437,38.075493000,127.270270000,38.075219881,127.269998068
645,645,825159832936,128.995,2.000000,38.039093000,127.261560000,808.000000,59673.866645,73857.585611,14183.718966,23.768728,0.652396,68.910671,21.174734,107.239851,39.314652,59.159977,107.239851,38.077675000,127.271355000,38.077675000,127.271355000,38.080750000,127.271530000,38.080201972,127.271164299,38.080147000,127.272580000,38.080060202,127.272795019,38.074493000,127.271065000,38.075388609,127.271515811,38.075510000,127.270280000,38.075233108,127.270001505
646,646,825159833164,129.223,2.000000,38.039093000,127.261560000,808.000000,59673.866645,73857.585611,14183.718966,23.768728,0.652396,68.910671,21.174734,107.239851,39.314652,59.159977,107.239851,38.077675000,127.271355000,38.077675000,127.271355000,38.080750000,127.271530000,38.080201972,127.271164299,38.080147000,127.272580000,38.080060202,127.272795019,38.074493000,127.271065000,38.075388609,127.271515811,38.075510000,127.270280000,38.075233108,127.270001505
647,647,825159833344,129.403,2.000000,38.039238000,127.261604000,808.000000,58821.513259,73172.286538,14350.773279,24.397151,0.744790,67.636039,21.108409,105.684053,39.392828,58.455332,105.684053,38.077690000,127.271360000,38.077690000,127.271360000,38.080734000,127.271530000,38.080197787,127.271167033,38.080140000,127.272575000,38.080058324,127.272792395,38.074530000,127.271070000,38.075410666,127.271520473,38.075540000,127.270290000,38.075261518,127.270012627
648,648,825159833532,129.591,2.000000,38.039310000,127.261635000,808.000000,58732.898426,72848.270957,14115.372531,24.033162,0.345987,67.344322,20.436162,104.914547,39.397663,58.023173,104.914547,38.077700000,127.271360000,38.077700000,127.271360000,38.080730000,127.271530000,38.080197625,127.271164987,38.080135000,127.272575000,38.080059914,127.272787816,38.074547000,127.271080000,38.075423274,127.271520767,38.075554000,127.270294000,38.075275897,127.270015925
649,649,825159833737,129.796,2.000000,38.039310000,127.261635000,808.000000,58732.898426,72848.270957,14115.372531,24.033162,0.345987,67.344322,20.436162,104.914547,39.397663,58.023173,104.914547,38.077700000,127.271360000,38.077700000,127.271360000,38.080730000,127.271530000,38.080197625,127.271164987,38.080135000,127.272575000,38.080059914,127.272787816,38.074547000,127.271080000,38.075423274,127.271520767,38.075554000,127.270294000,38.075275897,127.270015925
650,650,825159833943,130.002,2.000000,38.039455000,127.261690000,808.000000,58159.684284,72101.806726,13942.122443,23.972143,0.813692,66.260350,20.792512,103.387721,37.527543,56.992031,103.387721,38.077717000,127.271370000,38.077717000,127.271370000,38.080720000,127.271530000,38.080195568,127.271172338,38.080130000,127.272570000,38.080059174,127.272789561,38.074585000,127.271090000,38.075446556,127.271530605,38.075580000,127.270300000,38.075315440,127.270034573
651,651,825159834131,130.190,2.000000,38.039528000,127.261710000,808.000000,57579.420761,71756.423638,14177.002877,24.621649,0.556099,65.590388,20.448336,102.537730,38.030326,56.651695,102.537730,38.077724000,127.271370000,38.077724000,127.271370000,38.080710000,127.271530000,38.080192898,127.271171198,38.080128000,127.272570000,38.080058180,127.272785840,38.074604000,127.271090000,38.075457352,127.271530504,38.075596000,127.270310000,38.075329890,127.270037839
652,652,825159834336,130.395,2.000000,38.039528000,127.261710000,808.000000,57579.420761,71756.423638,14177.002877,24.621649,0.556099,65.590388,20.448336,102.537730,38.030326,56.651695,102.537730,38.077724000,127.271370000,38.077724000,127.271370000,38.080710000,127.271530000,38.080192898,127.271171198,38.080128000,127.272570000,38.080058180,127.272785840,38.074604000,127.271090000,38.075457352,127.271530504,38.075596000,127.270310000,38.075329890,127.270037839
653,653,825159834538,130.597,2.000000,38.039673000,127.261765000,808.000000,57047.192191,71070.566173,14023.373981,24.582058,0.124226,65.111933,19.597427,100.659532,38.145300,55.878548,100.659532,38.077740000,127.271370000,38.077740000,127.271370000,38.080700000,127.271530000,38.080189253,127.271167874,38.080124000,127.272570000,38.080058043,127.272777354,38.074642000,127.271100000,38.075480181,127.271530994,38.075626000,127.270320000,38.075360213,127.270045247
654,654,825159834744,130.803,2.000000,38.039745000,127.261790000,808.000000,56738.923765,70733.727242,13994.803477,24.665261,0.814233,64.058783,20.408927,99.433167,37.161348,55.265556,99.433167,38.077766000,127.271385000,38.077766000,127.271385000,38.080710000,127.271530000,38.080204227,127.271181316,38.080135000,127.272570000,38.080069736,127.272787648,38.074677000,127.271110000,38.075502328,127.271543941,38.075657000,127.270330000,38.075397254,127.270063611
655,655,825159834934,130.993,2.000000,38.039745000,127.261790000,808.000000,56738.923765,70733.727242,13994.803477,24.665261,0.814233,64.058783,20.408927,99.433167,37.161348,55.265556,99.433167,38.077766000,127.271385000,38.077766000,127.271385000,38.080710000,127.271530000,38.080204227,127.271181316,38.080135000,127.272570000,38.080069736,127.272787648,38.074677000,127.271110000,38.075502328,127.271543941,38.075657000,127.270330000,38.075397254,127.270063611
656,656,825159835145,131.204,2.000000,38.039890000,127.261840000,808.000000,55968.386410,70082.298238,14113.911828,25.217650,0.508877,63.527090,20.262763,97.843978,37.384312,54.754536,97.843978,38.077785000,127.271385000,38.077785000,127.271385000,38.080704000,127.271530000,38.080204892,127.271178498,38.080130000,127.272560000,38.080073174,127.272779679,38.074715000,127.271120000,38.075528036,127.271544236,38.075690000,127.270340000,38.075429690,127.270070455
657,657,825159835335,131.394,2.000000,38.039967000,127.261870000,808.000000,55556.449837,69649.406208,14092.956372,25.366913,0.630245,63.372188,20.429328,97.002283,36.608094,54.352973,97.002283,38.077780000,127.271390000,38.077780000,127.271390000,38.080690000,127.271530000,38.080190647,127.271182727,38.080120000,127.272560000,38.080061278,127.272780880,38.074726000,127.271126000,38.075530938,127.271549986,38.075690000,127.270350000,38.075438650,127.270080606
658,658,825159835554,131.613,2.000000,38.039967000,127.261870000,808.000000,55556.449837,69649.406208,14092.956372,25.366913,0.630245,63.372188,20.429328,97.002283,36.608094,54.352973,97.002283,38.077780000,127.271390000,38.077780000,127.271390000,38.080690000,127.271530000,38.080190647,127.271182727,38.080120000,127.272560000,38.080061278,127.272780880,38.074726000,127.271126000,38.075530938,127.271549986,38.075690000,127.270350000,38.075438650,127.270080606
659,659,825159835745,131.804,2.000000,38.040110000,127.261925000,807.000000,55108.100343,69168.662001,14060.561658,25.514510,0.698810,61.482103,19.206543,95.704549,36.704329,53.274381,95.704549,38.077812000,127.271390000,38.077812000,127.271390000,38.080690000,127.271530000,38.080211007,127.271180696,38.080120000,127.272560000,38.080080486,127.272773358,38.074770000,127.271130000,38.075563802,127.271549435,38.075733000,127.270355000,38.075479759,127.270086760
660,660,825159835934,131.993,2.000000,38.040184000,127.261950000,807.000000,54658.062111,68821.607721,14163.545611,25.913004,1.162970,60.712399,20.627105,94.542780,36.100072,52.995589,94.542780,38.077820000,127.271400000,38.077820000,127.271400000,38.080685000,127.271530000,38.080209811,127.271189967,38.080120000,127.272550000,38.080080412,127.272779959,38.074790000,127.271140000,38.075572857,127.271558321,38.075752000,127.270360000,38.075499953,127.270100777
661,661,825159836139,132.198,2.000000,38.040184000,127.261950000,807.000000,54658.062111,68821.607721,14163.545611,25.913004,1.162970,60.712399,20.627105,94.542780,36.100072,52.995589,94.542780,38.077820000,127.271400000,38.077820000,127.271400000,38.080685000,127.271530000,38.080209811,127.271189967,38.080120000,127.272550000,38.080080412,127.272779959,38.074790000,127.271140000,38.075572857,127.271558321,38.075752000,127.270360000,38.075499953,127.270100777
662,662,825159836344,132.403,2.000000,38.040318000,127.261990000,807.000000,54226.477377,68111.765061,13885.287684,25.606103,0.548870,60.339447,19.701948,92.803621,36.281368,52.281596,92.803621,38.077805000,127.271390000,38.077805000,127.271390000,38.080650000,127.271520000,38.080179272,127.271178602,38.080097000,127.272545000,38.080053249,127.272762859,38.074806000,127.271140000,38.075574484,127.271550541,38.075752000,127.270360000,38.075499655,127.270097963
663,663,825159836545,132.604,2.000000,38.040462000,127.262050000,807.000000,53714.028479,67468.360813,13754.332334,25.606592,0.530088,59.212945,19.712330,91.143606,36.121240,51.547530,91.143606,38.077820000,127.271400000,38.077820000,127.271400000,38.080640000,127.271520000,38.080177479,127.271186272,38.080090000,127.272545000,38.080053364,127.272765088,38.074837000,127.271160000,38.075592846,127.271559831,38.075783000,127.270380000,38.075533737,127.270116091
664,664,825159836733,132.792,2.000000,38.040462000,127.262050000,807.000000,53714.028479,67468.360813,13754.332334,25.606592,0.530088,59.212945,19.712330,91.143606,36.121240,51.547530,91.143606,38.077820000,127.271400000,38.077820000,127.271400000,38.080640000,127.271520000,38.080177479,127.271186272,38.080090000,127.272545000,38.080053364,127.272765088,38.074837000,127.271160000,38.075592846,127.271559831,38.075783000,127.270380000,38.075533737,127.270116091
665,665,825159836938,132.997,2.000000,38.040535000,127.262080000,807.000000,53493.959952,67134.650984,13640.691032,25.499498,0.488695,59.196244,19.336943,89.996523,36.149331,51.169760,89.996523,38.077824000,127.271400000,38.077824000,127.271400000,38.080635000,127.271520000,38.080173218,127.271185009,38.080086000,127.272545000,38.080049861,127.272760843,38.074856000,127.271160000,38.075600567,127.271560148,38.075798000,127.270380000,38.075545781,127.270120154
666,666,825159837133,133.192,2.000000,38.040535000,127.262080000,807.000000,53493.959952,67134.650984,13640.691032,25.499498,0.488695,59.196244,19.336943,89.996523,36.149331,51.169760,89.996523,38.077824000,127.271400000,38.077824000,127.271400000,38.080635000,127.271520000,38.080173218,127.271185009,38.080086000,127.272545000,38.080049861,127.272760843,38.074856000,127.271160000,38.075600567,127.271560148,38.075798000,127.270380000,38.075545781,127.270120154
667,667,825159837344,133.403,2.000000,38.040680000,127.262130000,807.000000,52661.547413,66532.654070,13871.106657,26.340105,0.193562,57.434142,18.987074,88.436556,36.551948,50.352430,88.436556,38.077840000,127.271400000,38.077840000,127.271400000,38.080616000,127.271520000,38.080173511,127.271182940,38.080082000,127.272540000,38.080050369,127.272752920,38.074890000,127.271164000,38.075620833,127.271559688,38.075830000,127.270390000,38.075575164,127.270126959
668,668,825159837545,133.604,2.000000,38.040752000,127.262150000,807.000000,52262.637457,66194.189912,13931.552455,26.656811,0.786781,56.961328,19.651040,87.079629,36.241453,49.983362,87.079629,38.077843000,127.271410000,38.077843000,127.271410000,38.080610000,127.271520000,38.080167888,127.271192734,38.080080000,127.272540000,38.080046807,127.272760256,38.074910000,127.271170000,38.075626545,127.271568657,38.075844000,127.270400000,38.075590400,127.270140653
669,669,825159837732,133.791,2.000000,38.040752000,127.262150000,807.000000,52262.637457,66194.189912,13931.552455,26.656811,0.786781,56.961328,19.651040,87.079629,36.241453,49.983362,87.079629,38.077843000,127.271410000,38.077843000,127.271410000,38.080610000,127.271520000,38.080167888,127.271192734,38.080080000,127.272540000,38.080046807,127.272760256,38.074910000,127.271170000,38.075626545,127.271568657,38.075844000,127.270400000,38.075590400,127.270140653
670,670,825159837938,133.997,2.000000,38.040897000,127.262210000,807.000000,51554.534818,65575.448492,14020.913673,27.196276,0.531641,55.294436,19.605753,85.275177,36.331990,49.126839,85.275177,38.077858000,127.271410000,38.077858000,127.271410000,38.080593000,127.271515000,38.080167165,127.271190139,38.080070000,127.272530000,38.080046596,127.272751755,38.074944000,127.271180000,38.075646238,127.271568823,38.075874000,127.270410000,38.075620693,127.270148549
671,671,825159838141,134.200,2.000000,38.040970000,127.262230000,807.000000,51266.790660,65259.460728,13992.670068,27.293829,0.643757,54.275194,19.808069,84.424175,36.063015,48.642613,84.424175,38.077866000,127.271416000,38.077866000,127.271416000,38.080585000,127.271515000,38.080167205,127.271195724,38.080067000,127.272530000,38.080047417,127.272754675,38.074960000,127.271190000,38.075655626,127.271573785,38.075890000,127.270420000,38.075639991,127.270158275
672,672,825159838341,134.400,2.000000,38.040970000,127.262230000,807.000000,51266.790660,65259.460728,13992.670068,27.293829,0.643757,54.275194,19.808069,84.424175,36.063015,48.642613,84.424175,38.077866000,127.271416000,38.077866000,127.271416000,38.080585000,127.271515000,38.080167205,127.271195724,38.080067000,127.272530000,38.080047417,127.272754675,38.074960000,127.271190000,38.075655626,127.271573785,38.075890000,127.270420000,38.075639991,127.270158275
673,673,825159838535,134.594,2.000000,38.041115000,127.262280000,807.000000,50757.637775,64621.408537,13863.770762,27.313664,0.389645,53.386457,19.131956,82.259643,35.983285,47.690335,82.259643,38.077877000,127.271416000,38.077877000,127.271416000,38.080570000,127.271515000,38.080162469,127.271193834,38.080063000,127.272530000,38.080043617,127.272746939,38.074997000,127.271194000,38.075672811,127.271573684,38.075920000,127.270424000,38.075668510,127.270166022
674,674,825159838732,134.791,2.000000,38.041187000,127.262314000,807.000000,50209.106048,64282.958687,14073.852638,28.030478,0.346648,52.990769,19.635018,81.256709,35.817219,47.424929,81.256709,38.077880000,127.271416000,38.077880000,127.271416000,38.080560000,127.271515000,38.080157368,127.271192401,38.080060000,127.272520000,38.080039505,127.272742555,38.075012000,127.271200000,38.075679833,127.271574304,38.075930000,127.270430000,38.075681271,127.270170714
675,675,825159838938,134.997,2.000000,38.041187000,127.262314000,807.000000,50209.106048,64282.958687,14073.852638,28.030478,0.346648,52.990769,19.635018,81.256709,35.817219,47.424929,81.256709,38.077880000,127.271416000,38.077880000,127.271416000,38.080560000,127.271515000,38.080157368,127.271192401,38.080060000,127.272520000,38.080039505,127.272742555,38.075012000,127.271200000,38.075679833,127.271574304,38.075930000,127.270430000,38.075681271,127.270170714
676,676,825159839142,135.201,2.000000,38.041332000,127.262370000,807.000000,49665.808675,63644.805268,13978.996593,28.146117,0.319602,51.109727,19.233713,78.361952,35.133230,45.959656,78.361952,38.077896000,127.271420000,38.077896000,127.271420000,38.080544000,127.271510000,38.080157937,127.271194313,38.080055000,127.272520000,38.080040838,127.272738755,38.075058000,127.271210000,38.075699628,127.271577841,38.075962000,127.270440000,38.075719367,127.270183596
677,677,825159839344,135.403,2.000000,38.041405000,127.262390000,807.000000,49313.174629,63316.353676,14003.179047,28.396426,0.560400,51.128571,18.912833,76.033477,35.555734,45.407653,76.033477,38.077900000,127.271420000,38.077900000,127.271420000,38.080540000,127.271510000,38.080154039,127.271193715,38.080050000,127.272520000,38.080037592,127.272735255,38.075085000,127.271220000,38.075707312,127.271577614,38.075977000,127.270450000,38.075733477,127.270187447
678,678,825159839535,135.594,2.000000,38.041405000,127.262390000,807.000000,49313.174629,63316.353676,14003.179047,28.396426,0.560400,51.128571,18.912833,76.033477,35.555734,45.407653,76.033477,38.077900000,127.271420000,38.077900000,127.271420000,38.080540000,127.271510000,38.080154039,127.271193715,38.080050000,127.272520000,38.080037592,127.272735255,38.075085000,127.271220000,38.075707312,127.271577614,38.075977000,127.270450000,38.075733477,127.270187447
679,679,825159839746,135.805,2.000000,38.041550000,127.262440000,807.000000,48665.271194,62718.390382,14053.119188,28.877100,0.904536,49.734121,19.123600,70.554212,33.745210,43.289286,70.554212,38.077934000,127.271430000,38.077934000,127.271430000,38.080547000,127.271515000,38.080174270,127.271202079,38.080060000,127.272520000,38.080056471,127.272738191,38.075165000,127.271240000,38.075737630,127.271585103,38.076027000,127.270460000,38.075798174,127.270207418
680,680,825159839941,136.000,2.000000,38.041695000,127.262500000,807.000000,47988.743111,61944.343537,13955.600426,29.080988,0.667445,48.248968,19.884052,68.681890,30.822438,41.909337,68.681890,38.077946000,127.271440000,38.077946000,127.271440000,38.080532000,127.271515000,38.080170993,127.271210287,38.080055000,127.272514000,38.080055274,127.272740915,38.075200000,127.271250000,38.075754149,127.271594603,38.076057000,127.270470000,38.075853829,127.270231029
681,681,825159840135,136.194,2.000000,38.041695000,127.262500000,807.000000,47988.743111,61944.343537,13955.600426,29.080988,0.667445,48.248968,19.884052,68.681890,30.822438,41.909337,68.681890,38.077946000,127.271440000,38.077946000,127.271440000,38.080532000,127.271515000,38.080170993,127.271210287,38.080055000,127.272514000,38.080055274,127.272740915,38.075200000,127.271250000,38.075754149,127.271594603,38.076057000,127.270470000,38.075853829,127.270231029
682,682,825159840341,136.400,2.000000,38.041767000,127.262520000,807.000000,47634.558407,61578.697666,13944.139259,29.273157,0.559816,48.427162,19.583503,67.243110,30.693458,41.486808,67.243110,38.077950000,127.271440000,38.077950000,127.271440000,38.080530000,127.271515000,38.080167367,127.271209722,38.080050000,127.272514000,38.080052194,127.272737468,38.075220000,127.271255000,38.075761764,127.271594392,38.076073000,127.270480000,38.075874853,127.270236429
683,683,825159840531,136.590,2.000000,38.041767000,127.262520000,807.000000,47634.558407,61578.697666,13944.139259,29.273157,0.559816,48.427162,19.583503,67.243110,30.693458,41.486808,67.243110,38.077950000,127.271440000,38.077950000,127.271440000,38.080530000,127.271515000,38.080167367,127.271209722,38.080050000,127.272514000,38.080052194,127.272737468,38.075220000,127.271255000,38.075761764,127.271594392,38.076073000,127.270480000,38.075874853,127.270236429
684,684,825159840737,136.796,2.000000,38.041912000,127.262570000,807.000000,46951.823084,60782.866997,13831.043913,29.457949,1.065201,47.251799,20.235711,65.636693,27.398470,40.130668,65.636693,38.077960000,127.271450000,38.077960000,127.271450000,38.080517000,127.271515000,38.080162393,127.271218623,38.080048000,127.272510000,38.080049319,127.272740922,38.075253000,127.271260000,38.075776982,127.271603469,38.076100000,127.270490000,38.075932939,127.270260390
685,685,825159840941,137.000,2.000000,38.041985000,127.262596000,807.000000,46768.550972,60443.187517,13674.636545,29.238957,1.244340,46.675120,19.912104,65.081362,26.182953,39.462885,65.081362,38.077970000,127.271450000,38.077970000,127.271450000,38.080513000,127.271515000,38.080165127,127.271217645,38.080044000,127.272510000,38.080051879,127.272737015,38.075270000,127.271260000,38.075788477,127.271603189,38.076115000,127.270490000,38.075959350,127.270265986
686,686,825159841133,137.192,2.000000,38.041985000,127.262596000,807.000000,46768.550972,60443.187517,13674.636545,29.238957,1.244340,46.675120,19.912104,65.081362,26.182953,39.462885,65.081362,38.077970000,127.271450000,38.077970000,127.271450000,38.080513000,127.271515000,38.080165127,127.271217645,38.080044000,127.272510000,38.080051879,127.272737015,38.075270000,127.271260000,38.075788477,127.271603189,38.076115000,127.270490000,38.075959350,127.270265986
687,687,825159841340,137.399,2.000000,38.042130000,127.262650000,807.000000,46205.944586,59753.789188,13547.844602,29.320566,0.702959,46.051751,19.254968,62.363823,26.177886,38.462107,62.363823,38.077980000,127.271450000,38.077980000,127.271450000,38.080500000,127.271515000,38.080159935,127.271215734,38.080036000,127.272510000,38.080047712,127.272729232,38.075306000,127.271280000,38.075805044,127.271603397,38.076145000,127.270510000,38.075998355,127.270276461
688,688,825159841540,137.599,2.000000,38.042202000,127.262680000,807.000000,46014.845771,59410.591929,13395.746158,29.111792,1.094800,45.633692,19.295334,61.585499,24.521987,37.759128,61.585499,38.077988000,127.271454000,38.077988000,127.271454000,38.080498000,127.271515000,38.080160817,127.271218828,38.080036000,127.272510000,38.080049157,127.272729562,38.075325000,127.271280000,38.075814653,127.271607118,38.076157000,127.270510000,38.076024507,127.270286433
689,689,825159841730,137.789,2.000000,38.042202000,127.262680000,807.000000,46014.845771,59410.591929,13395.746158,29.111792,1.094800,45.633692,19.295334,61.585499,24.521987,37.759128,61.585499,38.077988000,127.271454000,38.077988000,127.271454000,38.080498000,127.271515000,38.080160817,127.271218828,38.080036000,127.272510000,38.080049157,127.272729562,38.075325000,127.271280000,38.075814653,127.271607118,38.076157000,127.270510000,38.076024507,127.270286433
690,690,825159841932,137.991,2.000000,38.042347000,127.262730000,807.000000,45244.230080,58759.284595,13515.054514,29.871333,1.329429,44.887725,19.549355,60.040131,23.788464,37.066419,60.040131,38.078000000,127.271454000,38.078000000,127.271454000,38.080486000,127.271515000,38.080157936,127.271217150,38.080030000,127.272500000,38.080046977,127.272722051,38.075356000,127.271286000,38.075832503,127.271606986,38.076183000,127.270520000,38.076062373,127.270295914
691,691,825159842132,138.191,2.000000,38.042420000,127.262760000,807.000000,45162.130565,58424.759449,13262.628884,29.366703,1.234381,44.987344,19.253094,59.109100,23.359051,36.677147,59.109100,38.078007000,127.271454000,38.078007000,127.271454000,38.080486000,127.271515000,38.080157472,127.271216019,38.080025000,127.272500000,38.080046810,127.272717961,38.075375000,127.271290000,38.075843492,127.271607494,38.076202000,127.270520000,38.076082403,127.270300964
692,692,825159842339,138.398,2.000000,38.042420000,127.262760000,807.000000,45162.130565,58424.759449,13262.628884,29.366703,1.234381,44.987344,19.253094,59.109100,23.359051,36.677147,59.109100,38.078007000,127.271454000,38.078007000,127.271454000,38.080486000,127.271515000,38.080157472,127.271216019,38.080025000,127.272500000,38.080046810,127.272717961,38.075375000,127.271290000,38.075843492,127.271607494,38.076202000,127.270520000,38.076082403,127.270300964
693,693,825159842531,138.590,2.000000,38.042553000,127.262800000,807.000000,44215.931315,57773.318129,13557.386814,30.661769,1.352506,44.537277,20.227618,57.872361,23.346606,36.495966,57.872361,38.077995000,127.271454000,38.077995000,127.271454000,38.080456000,127.271510000,38.080130101,127.271215180,38.079994000,127.272484000,38.080023432,127.272711788,38.075390000,127.271290000,38.075845406,127.271608549,38.076206000,127.270530000,38.076089577,127.270308392
694,694,825159842736,138.795,2.000000,38.042625000,127.262830000,807.000000,44193.461504,57451.444533,13257.983029,29.999875,1.552262,44.167668,20.042330,56.667621,22.587794,35.866353,56.667621,38.078003000,127.271454000,38.078003000,127.271454000,38.080452000,127.271510000,38.080130839,127.271214034,38.079987000,127.272484000,38.080024373,127.272707740,38.075410000,127.271300000,38.075857157,127.271609060,38.076220000,127.270530000,38.076110108,127.270313306
