2026-05-21T04:25:43.666446Z [PATH] DB root changed: C:\Users\TRL98\Desktop\LAH_MUMT\Logs\Scenario_2026-05-21T132425\SBC3 -> C:\Users\TRL98\Desktop\LAH_MUMT\Logs\Scenario_2026-05-21T132543\SBC3
2026-05-21T04:25:43.667268Z [LOG] Mission planning log rebound: C:\Users\TRL98\Desktop\LAH_MUMT\Logs\Scenario_2026-05-21T132543\SBC3\DSS_Internal\mission_planning_gui_20260521T042543_665609Z.log
2026-05-21T04:25:43.707118Z [MODE] 슬라이더 변경 → 대기모드
2026-05-21T04:25:43.708068Z [0101/POLL] 모드 동기화 code=1
2026-05-21T04:27:28.805001Z [INFO] Latest 0203 ID updated → 1
2026-05-21T04:27:28.811820Z [INFO] Latest 0201 ID updated → 1
2026-05-21T04:27:28.954378Z [REPLAN][TIME] 0902_received_ms=0.1 wall_ms=1779337648954 trigger=general_or_unknown replanLevel=1 optionCount=1 forceDirect=0
2026-05-21T04:27:28.955343Z [REPLAN][TIME] 0902_archived_ms=1.1 wall_ms=1779337648955 path=replan_request_832652848903.json
2026-05-21T04:27:28.956341Z [AUTO] 0902 received (planIds=700000001)
2026-05-21T04:27:28.956989Z [REPLAN][TIME] pipeline_scheduled_ms=2.6 wall_ms=1779337648956 delay_ms=100
2026-05-21T04:27:28.957739Z [AUTO] replan pipeline scheduled after 0.1s delay
2026-05-21T04:27:28.985874Z [MODE] 슬라이더 변경 → 초기 임무 계획
2026-05-21T04:27:28.986923Z [0101/POLL] 모드 동기화 code=2
2026-05-21T04:27:29.063787Z [REPLAN][TIME] scheduled_start_ms=109.4 wall_ms=1779337649063
2026-05-21T04:27:29.084117Z [REPLAN][TIME] 0305_status_1_ms=129.7 wall_ms=1779337649083 reason=초기임무재계획
2026-05-21T04:27:29.084755Z [0305] status=1, reason=초기임무재계획 전송
2026-05-21T04:27:29.089058Z [INFO] Using latest 0201 ID 1 for inputMissionPackageID (fallback)
2026-05-21T04:27:29.089845Z [INFO] Using latest 0203 ID 1 for missionReferencePackageID (fallback)
2026-05-21T04:27:29.090478Z [STEP 0] Replan pipeline start (reason=초기임무재계획)
2026-05-21T04:27:29.091669Z [INFO] UAV params loaded (cruise=40.00, turn_step=15.0)
2026-05-21T04:27:29.092256Z [INFO] Latest input snapshot → 0201:ID=1,ts=832652848738,src=-, 0203:ID=1,ts=832652848760,src=-
2026-05-21T04:27:29.092999Z [STEP 0] Using latest 0201 ID 1 (1.json)
2026-05-21T04:27:29.093726Z [STEP 0] Using latest 0203 ID 1 (1.json)
2026-05-21T04:27:29.095439Z [CHECK] 0201/0203 필수 데이터 확인 시작
2026-05-21T04:27:29.096137Z [OK] 0201 inputMissionList 확인됨 (count=3) → 진행
2026-05-21T04:27:29.096782Z [OK] 0201 availableAircraftList 확인됨 (count=6) → 진행
2026-05-21T04:27:29.097364Z [OK] 0201 inputMissionPackageType=1 확인
2026-05-21T04:27:29.097854Z [OK] 0201 mainSensor=1 확인
2026-05-21T04:27:29.098287Z [CHECK] 0201 기체 수=6 (UAV=3, LAH=3)
2026-05-21T04:27:29.098757Z [CHECK] 0201 임무: total=3 missingID=0 missingDetail=0 missingShape=0 unknownType=0 typeZeroAuto=0 typeZeroInvalid=0 lineOnlyViolation=0 skippedSinglePoint=0
2026-05-21T04:27:29.099870Z [OK] 0203 takeOverInfoList 확인됨 (count=3) → 진행
2026-05-21T04:27:29.100608Z [OK] 0203 handOverInfoList 확인됨 (count=3) → 진행
2026-05-21T04:27:29.101519Z [OK] 0203 flightAreaList 확인됨 (count=1) → 진행
2026-05-21T04:27:29.102130Z [CHECK] 0203 flightAreaList count=1
2026-05-21T04:27:29.104954Z [variant 1] 일반 재계획 모드 적용
2026-05-21T04:27:29.105388Z [REPLAN][TIME] variant_started_ms=146.9 wall_ms=1779337649101 variant=1 option=1 mode=sequential
2026-05-21T04:27:29.105787Z [STEP 1.1] Divide & Pattern start
2026-05-21T04:27:29.107613Z [variant 1] [ENHANCED][1] split start: uavs=[4, 5, 6]
2026-05-21T04:27:29.117817Z [variant 1] [ENHANCED][1] split done: pieces=9
2026-05-21T04:27:29.119962Z [variant 1] [ENHANCED][2] type-decider done: profile=6 changed=9/9
2026-05-21T04:27:29.249962Z [variant 1] [ENHANCED][3] expected-path done: count=9
2026-05-21T04:27:29.251421Z [variant 1] [ENHANCED][4] area-review done: overflow=0 targets=0 pieces=9->9
2026-05-21T04:27:29.411893Z [variant 1] [ENHANCED][5] expected-velocity done: pieces=9 dbRows=7010
2026-05-21T04:27:29.703088Z [variant 1] [ENHANCED][6] 0302 export done: files=6
2026-05-21T04:27:29.703912Z [variant 1] [ENHANCED] total=601.6 ms
2026-05-21T04:27:29.704711Z [TIME] divide_and_pattern (variant=1): 601.7 ms
2026-05-21T04:27:29.705493Z [OK] IMP generated: 6 file(s) (variant=1)
2026-05-21T04:27:29.715230Z [TIME] build_0301+load (variant=1): 11.9 ms
2026-05-21T04:27:29.716484Z [OK] MissionPlan built: MissionPlan_1779337649702.json (variant=1)
2026-05-21T04:27:29.721663Z [TIME] collect_missions (variant=1): 6.2 ms, count=18
2026-05-21T04:27:29.799112Z [TIME] pathID_mapping (variant=1): 77.3 ms
2026-05-21T04:27:29.801825Z [INFO] pathID mapping done for 0302/0303/0304 (variant=1)
2026-05-21T04:27:32.952020Z [INFO] FlightPath build mode (variant=1): 0303=aircraft_parallel workers=2 aircraft=3, 0304=sequential
2026-05-21T04:27:32.953202Z [REPLAN][METRIC] flightpath_build_0303 variant=1 option=1 recon=0 mode=sequential buildMode=aircraft_parallel workers=2 aircraft=3 paths=9 reassignedWaypoints=21 elapsed_ms=3116.667 fallback=- worker_ms=4:2371.148|5:2168.863|6:807.551
2026-05-21T04:27:32.954366Z [INFO] FlightPath build time: 0303=3116.7 ms, 0304=33.6 ms
2026-05-21T04:27:32.955832Z [INFO] Applied LAH-UAV ETA follow speed plan (variant=1)
2026-05-21T04:27:32.962680Z [OK] FlightPath counts (variant=1): 0303=9 / 0304=9
2026-05-21T04:27:32.963213Z [REPLAN][METRIC] flightpath_counts variant=1 option=1 recon=0 mode=sequential paths0303=9 paths0304=9 pathsTotal=18 waypoints0303=21 waypoints0304=18 waypointsTotal=39 maxWaypointsPerPath=3 emptyPaths=0 formationPaths=0
2026-05-21T04:27:33.001036Z [TIME] build_0302 (variant=1): 35.6 ms, packages=6
2026-05-21T04:27:33.003038Z [INFO] FlightPath individualMissionID synced (variant=1): fixed=18
2026-05-21T04:27:33.007879Z [TIME] write_0302 (variant=1): 6.9 ms, files=6
2026-05-21T04:27:33.097032Z [TIME] write_FlightPath (variant=1): 67.2 ms, files=18
2026-05-21T04:27:33.098217Z [REPLAN][METRIC] flightpath_write variant=1 option=1 recon=0 mode=sequential files0303=9 files0304=9 filesTotal=18 write_ms=67.199
2026-05-21T04:27:33.101481Z [TIME] write_0301 (variant=1): 0.9 ms
2026-05-21T04:27:33.102332Z [OK] Stored variant 1: MissionPlanID=700000001, IMP=6, FlightPath=18
2026-05-21T04:27:33.102959Z [REPLAN][TIME] variant_finished_ms=4147.0 wall_ms=1779337653101 variant=1 option=1 mode=sequential status=success duration_ms=4000.046
2026-05-21T04:27:33.103489Z [TIME] variant_total (variant=1): 4000.0 ms
2026-05-21T04:27:33.103886Z [INFO] Option mapping #1: planID=700000001, optionCode=1(시스템 추천)
2026-05-21T04:27:33.104816Z [OK] Stored mission data: MissionPlan=1, IndividualMission=6, FlightPath=18
2026-05-21T04:27:33.105668Z [REPLAN][TIME] id_tab_update_deferred_ms=4150.2 wall_ms=1779337653104
2026-05-21T04:27:33.106575Z [REPLAN][TIME] pipeline_done_ms=4150.2 wall_ms=1779337653104 plans=1 force_direct=False
2026-05-21T04:27:33.108491Z [REPLAN][TIME] 0301_queued_ms=4150.3 wall_ms=1779337653104 plans=1
2026-05-21T04:27:33.109105Z [STEP 4] 0301 push queued (planIds=700000001)
2026-05-21T04:27:33.127690Z [0301] missionPlanID=700000001 전송
2026-05-21T04:27:33.128718Z [PUSH] 0301 direct batch send
2026-05-21T04:27:33.129335Z [REPLAN][TIME] 0301_sent_ms=4175.1 wall_ms=1779337653129 plans=1
2026-05-21T04:27:33.129965Z [REPLAN][TIME] post_0301_delivery_queued_ms=4175.7 wall_ms=1779337653129 grace_ms=0 timeout_ms=20 force_direct=0 mode=option_or_0901
2026-05-21T04:27:33.130566Z [INFO] Post-0301 apply queued (mode=option_or_0901, grace=0ms, timeout=20ms, plans=1)
2026-05-21T04:27:33.133075Z [REPLAN][TIME] 0305_status_2_ms=4178.8 wall_ms=1779337653132 reason=초기임무재계획
2026-05-21T04:27:33.133607Z [0305] status=2, reason=초기임무재계획, elapsed=4.07s 전송
2026-05-21T04:27:33.134235Z [REPLAN][TIME] post_0301_completion_ready_ms=4180.0 wall_ms=1779337653134 mode=option_or_0901
2026-05-21T04:27:33.134821Z [REPLAN][METRIC] source_artifact_cache entries=8 hits=0 misses=8
2026-05-21T04:27:33.156494Z [INFO] Post-0301 ready (timeout) -> sending 0903
2026-05-21T04:27:33.157263Z [REPLAN][TIME] post_0301_flushed_ms=4203.0 wall_ms=1779337653157 delivery=0903 trigger=timeout plans=1
2026-05-21T04:27:33.157950Z [REPLAN][TIME] id_tab_update_flushed_ms=4203.7 wall_ms=1779337653157
2026-05-21T04:27:33.377028Z [REPLAN][TIME] 0903_sent_ms=4422.6 wall_ms=1779337653376 missionPlanID=700000001
2026-05-21T04:27:33.378142Z [0903] request sent (missionPlanID=700000001)
2026-05-21T04:27:33.485742Z [MODE] 슬라이더 변경 → 대기모드
2026-05-21T04:27:33.486589Z [0101/POLL] 모드 동기화 code=1
2026-05-21T04:31:45.105612Z [MODE] 슬라이더 변경 → 임무 수행
2026-05-21T04:31:45.107138Z [0101/POLL] 모드 동기화 code=3
2026-05-21T04:31:52.288843Z [REPLAN][TIME] 0902_received_ms=0.2 wall_ms=1779337912288 trigger=next_collab_direct replanLevel=3 optionCount=1 forceDirect=0
2026-05-21T04:31:52.289706Z [REPLAN][TIME] 0902_archived_ms=1.1 wall_ms=1779337912289 path=replan_request_832653111976.json
2026-05-21T04:31:52.290154Z [AUTO] 0902 received (planIds=700000002)
2026-05-21T04:31:52.290635Z [REPLAN][TIME] pipeline_scheduled_ms=2.0 wall_ms=1779337912290 delay_ms=100
2026-05-21T04:31:52.291171Z [AUTO] replan pipeline scheduled after 0.1s delay
2026-05-21T04:31:52.406401Z [REPLAN][TIME] scheduled_start_ms=117.7 wall_ms=1779337912406
2026-05-21T04:31:52.408494Z [REPLAN][TIME] 0305_status_1_ms=119.8 wall_ms=1779337912408 reason=_협업 기저 전환으로 인한 재계획
2026-05-21T04:31:52.409114Z [0305] status=1, reason=_협업 기저 전환으로 인한 재계획 전송
2026-05-21T04:31:52.412422Z [INFO] Using latest 0203 ID 1 for missionReferencePackageID (fallback)
2026-05-21T04:31:52.413311Z [STEP 0] Replan pipeline start (reason=_협업 기저 전환으로 인한 재계획)
2026-05-21T04:31:52.427889Z [NEXTCOLLAB] Level-3 next collaborative mission request detected. Using dedicated pipeline.
2026-05-21T04:31:52.477917Z [NEXTCOLLAB] division planner area-division pieces=3
2026-05-21T04:31:52.869291Z [NEXTCOLLAB] division planner final workflow=no_split paths=3
2026-05-21T04:31:54.780417Z [NEXTCOLLAB] LAH 0304 regeneration incomplete; missing pathIDs=[100000004, 200000004, 300000004]
2026-05-21T04:31:54.800178Z [NEXTCOLLAB] stored replanned artifacts -> plan:700000002.json, input:reuse(1.json), imp:6, fp:3 (17.3 ms)
2026-05-21T04:31:54.801488Z [NEXTCOLLAB][TIME] timingMs={'load_source': 2.978, 'prepare_replacements': 2289.278, 'build_artifacts': 60.301, 'write_artifacts': 19.771, 'total': 2372.339}
2026-05-21T04:31:54.802879Z [NEXTCOLLAB] log captured -> C:\Users\TRL98\Desktop\LAH_MUMT\Logs\Scenario_2026-05-21T132543\SBC3\DSS_Internal\NextCollab_2_832653112428.json
2026-05-21T04:31:54.805230Z [NEXTCOLLAB][DELIVERY] direct push start (planIds=700000002)
2026-05-21T04:31:54.806379Z [REPLAN][TIME] pipeline_done_ms=2516.2 wall_ms=1779337914804 plans=1 force_direct=True
2026-05-21T04:31:54.806819Z [REPLAN][TIME] 0301_queued_ms=2516.4 wall_ms=1779337914804 plans=1
2026-05-21T04:31:54.807819Z [STEP 4] 0301 push queued (planIds=700000002)
2026-05-21T04:31:54.808335Z [INFO] Direct delivery -> skip 0901/0701, send 0301+0903 only
2026-05-21T04:31:54.810194Z [0301] missionPlanID=700000002 전송
2026-05-21T04:31:54.810938Z [PUSH] 0301 direct batch send
2026-05-21T04:31:54.811595Z [REPLAN][TIME] 0301_sent_ms=2523.0 wall_ms=1779337914811 plans=1
2026-05-21T04:31:54.812163Z [REPLAN][TIME] post_0301_delivery_queued_ms=2523.6 wall_ms=1779337914812 grace_ms=0 timeout_ms=1200 force_direct=1 mode=direct_0903
2026-05-21T04:31:54.812720Z [INFO] Post-0301 apply queued (mode=direct_0903, grace=0ms, timeout=1200ms, plans=1)
2026-05-21T04:31:54.814607Z [REPLAN][TIME] 0305_status_2_ms=2526.0 wall_ms=1779337914814 reason=_협업 기저 전환으로 인한 재계획
2026-05-21T04:31:54.815227Z [0305] status=2, reason=_협업 기저 전환으로 인한 재계획, elapsed=2.41s 전송
2026-05-21T04:31:54.815847Z [REPLAN][TIME] post_0301_completion_ready_ms=2527.2 wall_ms=1779337914815 mode=direct_0903
2026-05-21T04:31:54.816360Z [INFO] Post-0301 ready (0305_status_2) -> sending 0903
2026-05-21T04:31:54.816879Z [REPLAN][TIME] post_0301_flushed_ms=2528.3 wall_ms=1779337914816 delivery=0903 trigger=0305_status_2 plans=1
2026-05-21T04:31:54.817423Z [REPLAN][TIME] id_tab_update_flushed_ms=2528.8 wall_ms=1779337914817
2026-05-21T04:31:54.939684Z [REPLAN][TIME] id_tab_update_deferred_ms=2516.5 wall_ms=1779337914804
2026-05-21T04:31:54.940416Z [NEXTCOLLAB] Next collaborative mission pipeline complete (planIds=[700000002], log=C:\Users\TRL98\Desktop\LAH_MUMT\Logs\Scenario_2026-05-21T132543\SBC3\DSS_Internal\NextCollab_2_832653112428.json)
2026-05-21T04:31:54.941083Z [REPLAN][METRIC] source_artifact_cache entries=15 hits=0 misses=15
2026-05-21T04:31:54.945767Z [REPLAN][TIME] 0903_sent_ms=2657.1 wall_ms=1779337914945 missionPlanID=700000002
2026-05-21T04:31:54.946406Z [0903] request sent (missionPlanID=700000002)
2026-05-21T04:35:08.460888Z [REPLAN][TIME] 0902_received_ms=0.3 wall_ms=1779338108460 trigger=attack_2_option replanLevel=2 optionCount=2 forceDirect=0
2026-05-21T04:35:08.462083Z [REPLAN][TIME] 0902_archived_ms=1.5 wall_ms=1779338108461 path=replan_request_832653307453.json
2026-05-21T04:35:08.462903Z [AUTO] 0902 received (planIds=700000003, 700000004)
2026-05-21T04:35:08.463671Z [REPLAN][TIME] pipeline_scheduled_ms=3.1 wall_ms=1779338108463 delay_ms=0
2026-05-21T04:35:08.464869Z [REPLAN][TIME] scheduled_start_ms=4.3 wall_ms=1779338108464
2026-05-21T04:35:08.467467Z [REPLAN][TIME] 0305_status_1_ms=6.9 wall_ms=1779338108467 reason=표적77 발견 재계획
2026-05-21T04:35:08.468146Z [0305] status=1, reason=표적77 발견 재계획 전송
2026-05-21T04:35:08.473101Z [INFO] Using latest 0203 ID 1 for missionReferencePackageID (fallback)
2026-05-21T04:35:08.474635Z [STEP 0] Replan pipeline start (reason=표적77 발견 재계획)
2026-05-21T04:35:08.475435Z [REPLAN][TIME] attack_exclusion_parallel_started_ms=13.2 wall_ms=1779338108473 option_index=2 sourcePlanID=700000002
2026-05-21T04:35:08.476271Z [ATTACK-EXCLUDE] parallel generation started (sourcePlanID=700000002, optionIndex=2)
2026-05-21T04:35:08.477250Z [ATTACK] 공격 특화 재계획 요청 감지 → 전용 파이프라인 실행
2026-05-21T04:35:08.484846Z [ATTACK] [TIME] select_manned_aircraft=11ms
2026-05-21T04:35:08.485533Z [ATTACK] STEP1 Selected manned aircraft: aircraft 2 (fuel=1200.0, coord=(37.82909393310547, 128.2113037109375, alt=1202))
2026-05-21T04:35:08.493440Z [ATTACK] [TIME] load_target_entries=7ms
2026-05-21T04:35:08.494156Z [ATTACK] STEP2 UAV tracking summary: watcher 4?’target 77, watcher 4?’target unknown-10, watcher 4?’target unknown-13, watcher 4?’target unknown-2, watcher 5?’target unknown-12, watcher 5?’target unknown-3, watcher 5?’target unknown-4, watcher 5?’target unknown-6, watcher 5?’target unknown-7, watcher 5?’target unknown-8, watcher 5?’target unknown-9, watcher 6?’target unknown-1, watcher 6?’target unknown-11, watcher 6?’target unknown-5
2026-05-21T04:35:08.494918Z [ATTACK] STEP2.5 Using bundled 0402 targets: target=77 watcher=4
2026-05-21T04:35:08.505020Z [ATTACK] [ATTACK] Selected target id=77 type=4 weaponType=3 (preferred=3, ammo={'type1': 500, 'type2': 7, 'type3': 2})
2026-05-21T04:35:08.514982Z [ATTACK] [TIME] compute_attack_point=9ms
2026-05-21T04:35:08.515740Z [ATTACK] STEP3 Attack plan completed: lat=37.897570, lon=128.168753, alt=1085m
2026-05-21T04:35:08.520858Z [ATTACK] [ATTACK] Weapon choice aircraft=2 preferred=3 selected=3 ammo={'type1': 500, 'type2': 7, 'type3': 2}
2026-05-21T04:35:08.521632Z [ATTACK] [ATTACK][ETA] Tracking ETA computed with LAH max attack speed (dist=8481.1m, speed=73.61m/s, +30s) -> 145s
2026-05-21T04:35:08.533291Z [ATTACK] [ATTACK] Using requested missionPlanID 700000003 (sourcePlanID=700000002)
2026-05-21T04:35:08.544495Z [ATTACK] [ATTACK][POINT] Primary target adaptive standoff mode=candidate_within_standoff currentDist=10481.066248384028m candidateDist=1999.9999999991758m standoff=300.0/2000.0m.
2026-05-21T04:35:08.557571Z [ATTACK] [ATTACK][ETA] UAV 5 remaining mission time: 0.0s
2026-05-21T04:35:08.568420Z [ATTACK] [ATTACK][ETA] UAV 6 remaining mission time: 0.0s
2026-05-21T04:35:08.569182Z [ATTACK] [ATTACK][ETA] Non-tracking UAV ETA selected: UAV 5 with 0s remaining
2026-05-21T04:35:08.569979Z [ATTACK] [ATTACK][ETA] All tracking ETAs unified to 0s
2026-05-21T04:35:08.616938Z [ATTACK] [ATTACK][COLLAB] Remaining UAV entry lookahead applied: 9.0s (pathFollow=3, linearFallback=3, currentOnly=0)
2026-05-21T04:35:08.619081Z [ATTACK] [PRIOR] Falling back to first mission for aircraft 2 (current waypoint not found in plan).
2026-05-21T04:35:09.033320Z [ATTACK] [ATTACK][LAH] Using max attack speed 73.61m/s (265.0km/h) for aircraft 2.
2026-05-21T04:35:09.049317Z [ATTACK] [ATTACK][LAH] Inferred current waypoint from position -> 77.
2026-05-21T04:35:09.051312Z [ATTACK] [ATTACK][LAH] Dropped current waypoint from resume path (currentWP=77, nextWP=78).
2026-05-21T04:35:09.405297Z [ATTACK] [ATTACK][LAH] Preserved completed prefix, inserted attack, and reattached 2 follow-up mission(s).
2026-05-21T04:35:09.415420Z [ATTACK] [ATTACK][LAH] Generated attack/resume missions -> IMP:800000014.json PATHS:200000005.json/200000006.json (followUps=2)
2026-05-21T04:35:09.416849Z [ATTACK] [PRIOR] Falling back to first mission for aircraft 1 (current waypoint not found in plan).
2026-05-21T04:35:09.481157Z [ATTACK] [ATTACK][LAH] Inferred current waypoint from position -> 71.
2026-05-21T04:35:09.482590Z [ATTACK] [ATTACK][LAH] Dropped current waypoint from resume path (currentWP=71, nextWP=72).
2026-05-21T04:35:09.835842Z [ATTACK] [ATTACK][LAH] Preserved completed prefix, inserted hold, and reattached 2 follow-up mission(s).
2026-05-21T04:35:09.847602Z [ATTACK] [ATTACK][LAH] Generated hold/resume missions -> IMP:800000015.json PATHS:100000005.json/100000006.json (followUps=2)
2026-05-21T04:35:09.850246Z [ATTACK] [PRIOR] Falling back to first mission for aircraft 3 (current waypoint not found in plan).
2026-05-21T04:35:09.921343Z [ATTACK] [ATTACK][LAH] Inferred current waypoint from position -> 83.
2026-05-21T04:35:09.922428Z [ATTACK] [ATTACK][LAH] Dropped current waypoint from resume path (currentWP=83, nextWP=84).
2026-05-21T04:35:10.559161Z [ATTACK] [ATTACK][LAH] Preserved completed prefix, inserted hold, and reattached 2 follow-up mission(s).
2026-05-21T04:35:10.573842Z [ATTACK] [ATTACK][LAH] Generated hold/resume missions -> IMP:800000017.json PATHS:300000005.json/300000006.json (followUps=2)
2026-05-21T04:35:11.356261Z [ATTACK] [NEXTCOLLAB] division planner area-division pieces=2
2026-05-21T04:35:11.357096Z [ATTACK] [NEXTCOLLAB] division planner final workflow=no_split paths=2
2026-05-21T04:35:11.357960Z [ATTACK] [ATTACK][COLLAB] Collaborative replacement IMP written (aircraft=5, imp=800000019.json, missions=1).
2026-05-21T04:35:11.358758Z [ATTACK] [ATTACK][COLLAB] Collaborative replacement IMP written (aircraft=6, imp=800000020.json, missions=1).
2026-05-21T04:35:11.359455Z [ATTACK] [ATTACK][COLLAB] First sweep searchSpeed boosted (aircraft=5, pathID=500000005, waypointID=137, factor=1.30, old=801.44, new=1041.87).
2026-05-21T04:35:11.360268Z [ATTACK] [ATTACK][COLLAB] First sweep searchSpeed boosted (aircraft=6, pathID=600000005, waypointID=152, factor=1.30, old=461.78, new=600.31).
2026-05-21T04:35:11.360988Z [ATTACK] [ATTACK][COLLAB] Collaborative remaining mission replanned (inputMissionID=2, unavailable=[4], remaining=[5, 6], workflow=no_split).
2026-05-21T04:35:11.460048Z [ATTACK] [ATTACK][UAV] Resume trimmed by currentWP (lastRemovedWP=91).
2026-05-21T04:35:11.511884Z [ATTACK] [ATTACK][UAV] Added replan anchor waypoint to done path (anchorWP=154).
2026-05-21T04:35:11.512890Z [ATTACK] [ATTACK][UAV] Resume sweep trim applied (cutPoints=83, rawCutPoints=83, doneSweepPoints=0, pathID=400000004).
2026-05-21T04:35:11.567159Z [ATTACK] [ATTACK][UAV] Resume searchSpeed scaled (factor=1.30, waypoints=1).
2026-05-21T04:35:11.736173Z [ATTACK] [ATTACK][COLLAB] Tracking UAV resume replaced with release transit (aircraft=4, targetFinishEta=91, speed=58.0m/s).
2026-05-21T04:35:11.738507Z [ATTACK] [ATTACK][UAV] Preserved completed prefix, inserted tracking, and reattached 1 follow-up mission(s).
2026-05-21T04:35:11.794616Z [ATTACK] [ATTACK][UAV] Generated tracking/resume missions -> IMP:800000021.json PATHS:400000009.json/400000010.json (followUps=1)
2026-05-21T04:35:11.797314Z [ATTACK] [ATTACK][UAV] Tracking assignment state saved (aircraft=4, sourcePlan=700000002, attackPlan=700000003).
2026-05-21T04:35:11.798448Z [ATTACK] [ATTACK][COLLAB] Aircraft 5 handled by collaborative remaining replan (inputMissionID=2).
2026-05-21T04:35:11.799590Z [ATTACK] [ATTACK][COLLAB] Aircraft 6 handled by collaborative remaining replan (inputMissionID=2).
2026-05-21T04:35:11.806991Z [ATTACK] [ATTACK][PLAN] carried area remaining snapshot -> mission_area_snapshot_700000003.json (sourcePlanID=700000002, planID=700000003)
2026-05-21T04:35:11.807673Z [ATTACK] [ATTACK][PLAN] MissionPlan saved -> 700000003.json (planID=700000003)
2026-05-21T04:35:11.808943Z [ATTACK] [ATTACK][TIME] override_detail={"phases": {"metadata_normalize": {"elapsedMs": 0.012, "attackTargetCount": 1, "selectedMannedCount": 1}, "agent_index": {"elapsedMs": 0.128, "aircraftCount": 6}, "weapon_choice": {"elapsedMs": 4.159, "selectedWeaponType": 3, "ammoAvailable": true}, "initial_tracking_eta": {"elapsedMs": 0.777, "useDetectionTracking": true, "trackingEtaS": 145}, "resolve_source_plan": {"elapsedMs": 0.777, "sourcePlanID": 700000002}, "source_plan_load": {"elapsedMs": 0.56, "sourcePlanID": 700000002, "aircraftCount": 6}, "sweep_progress_load": {"elapsedMs": 9.196, "entries": 12}, "plan_id_resolve": {"elapsedMs": 0.051, "requested": true, "missionPlanID": 700000003}, "source_artifact_cache_build": {"elapsedMs": 0.037, "aircraftEntries": 6}, "done_input_ids_load": {"elapsedMs": 1.101, "count": 1}, "plan_deepcopy": {"elapsedMs": 0.058}, "target_uav_assignment": {"elapsedMs": 0.619, "assignedTargetCount": 1, "usedTrackingUavCount": 1}, "manned_sequence_assignment": {"elapsedMs": 5.763, "aircraftCount": 1, "error": null}, "attack_coordinate_resolution": {"elapsedMs": 3.515, "resolvedCount": 1, "mannedSequenceCount": 1}, "remaining_eta": {"elapsedMs": 24.585, "allUavCount": 3, "trackingUavCount": 1, "computedEtaCount": 1, "adjustedEtaS": 0}, "descriptor_list_build": {"elapsedMs": 0.066, "descriptorCount": 6, "activeMannedCount": 1, "otherLahCount": 2, "otherUavCount": 2}, "collab_tracking_scan": {"elapsedMs": 7.263, "inputCount": 1, "unavailableUavCount": 1}, "collab_agent_state_map": {"elapsedMs": 39.936, "aircraftCount": 6}, "collab_parallel_started": {"elapsedMs": 0.797, "inputCount": 1, "workers": 1}, "collab_parallel_join": {"elapsedMs": 783.971, "waitReason": "UAV_TRACK", "inputCount": 1}, "descriptor_loop": {"elapsedMs": 3181.352, "descriptorCount": 6, "updateCount": 4}, "final_collab_plan_update": {"elapsedMs": 0.017, "collabInputCount": 1}, "mission_plan_write": {"elapsedMs": 7.307, "missionPlanID": 700000003}, "option_meta_build": {"elapsedMs": 0.061, "targetCount": 1, "collabInputCount": 1}}, "collabRuns": [{"inputMissionID": 2, "unavailableAircraftIDs": [4], "elapsedMs": 2736.684, "status": "ok", "replacementAircraftIDs": [5, 6], "generatedPathCount": 2, "finishEtaS": 91, "workflow": "no_split"}], "descriptorDetails": [{"aircraftID": 2, "label": "manned", "mode": "LAH_ATTACK", "resolveArtifacts": {"elapsedMs": 1.019, "currentWaypointID": null, "sourcePathID": 200000001, "sourceImpID": 800000008}, "loadArtifacts": {"elapsedMs": 0.007, "impLoaded": true, "fpLoaded": true}, "cloneAndLocateMission": {"elapsedMs": 0.152, "missionCount": 3, "targetIndex": 0}, "allocateAndPlanUpdate": {"elapsedMs": 19.614, "newImpID": 800000014}, "builder": {"elapsedMs": 776.646, "builderMode": "LAH_ATTACK"}, "builderDetail": {"allocate_ids": {"elapsedMs": 390.638, "attackPathID": 200000005, "resumePathID": 200000006, "attackIndividualID": 900000024, "resumeIndividualID": 900000025, "entryWaypointID": 106, "attackWaypointID": 108}, "split_lah_resume": {"elapsedMs": 182.478, "resumeWaypointCount": 1, "removedWaypointID": 77}, "clone_followups": {"elapsedMs": 139.236, "followUpMissionCount": 2, "followUpPathCount": 2}, "payload_build": {"elapsedMs": 48.285, "hasResume": true, "followUpMissionCount": 2, "attackSpeedMps": 73.61}, "write_json": {"elapsedMs": 7.682, "fileCount": 5}, "totalMs": 773.986}, "status": "ok", "elapsedMs": 797.588}, {"aircraftID": 1, "label": "lah_hold_1", "mode": "LAH_HOLD_RESUME", "resolveArtifacts": {"elapsedMs": 0.894, "currentWaypointID": null, "sourcePathID": 100000001, "sourceImpID": 800000007}, "loadArtifacts": {"elapsedMs": 0.009, "impLoaded": true, "fpLoaded": true}, "cloneAndLocateMission": {"elapsedMs": 0.189, "missionCount": 3, "targetIndex": 0}, "allocateAndPlanUpdate": {"elapsedMs": 21.706, "newImpID": 800000015}, "builder": {"elapsedMs": 410.377, "builderMode": "LAH_HOLD_RESUME"}, "builderDetail": {"allocate_ids": {"elapsedMs": 35.204, "holdPathID": 100000005, "resumePathID": 100000006, "holdIndividualID": 900000030, "resumeIndividualID": 900000031}, "split_lah_resume": {"elapsedMs": 173.168, "resumeWaypointCount": 1, "removedWaypointID": 71}, "clone_followups": {"elapsedMs": 124.444, "followUpMissionCount": 2, "followUpPathCount": 2}, "payload_build": {"elapsedMs": 187.615, "hasResume": true, "followUpMissionCount": 2}, "write_json": {"elapsedMs": 8.489, "fileCount": 5}, "totalMs": 410.324}, "status": "ok", "elapsedMs": 433.333}, {"aircraftID": 3, "label": "lah_hold_3", "mode": "LAH_HOLD_RESUME", "resolveArtifacts": {"elapsedMs": 1.062, "currentWaypointID": null, "sourcePathID": 300000001, "sourceImpID": 800000009}, "loadArtifacts": {"elapsedMs": 0.005, "impLoaded": true, "fpLoaded": true}, "cloneAndLocateMission": {"elapsedMs": 0.122, "missionCount": 3, "targetIndex": 0}, "allocateAndPlanUpdate": {"elapsedMs": 15.916, "newImpID": 800000017}, "builder": {"elapsedMs": 710.223, "builderMode": "LAH_HOLD_RESUME"}, "builderDetail": {"allocate_ids": {"elapsedMs": 48.94, "holdPathID": 300000005, "resumePathID": 300000006, "holdIndividualID": 900000036, "resumeIndividualID": 900000037}, "split_lah_resume": {"elapsedMs": 284.004, "resumeWaypointCount": 1, "removedWaypointID": 83}, "clone_followups": {"elapsedMs": 295.285, "followUpMissionCount": 2, "followUpPathCount": 2}, "payload_build": {"elapsedMs": 358.642, "hasResume": true, "followUpMissionCount": 2}, "write_json": {"elapsedMs": 10.776, "fileCount": 5}, "totalMs": 710.176}, "status": "ok", "elapsedMs": 727.462}, {"aircraftID": 4, "label": "uav_tracking_4", "mode": "UAV_TRACK", "resolveArtifacts": {"elapsedMs": 0.029, "currentWaypointID": 92, "sourcePathID": 400000004, "sourceImpID": 800000010}, "loadArtifacts": {"elapsedMs": 0.005, "impLoaded": true, "fpLoaded": true}, "cloneAndLocateMission": {"elapsedMs": 0.235, "missionCount": 3, "targetIndex": 1}, "allocateAndPlanUpdate": {"elapsedMs": 10.012, "newImpID": 800000021}, "builder": {"elapsedMs": 423.402, "builderMode": "UAV_TRACK"}, "builderDetail": {"allocate_ids": {"elapsedMs": 82.613, "donePathID": 400000008, "attackPathID": 400000009, "resumePathID": 400000010, "trackingIndividualID": 900000042, "resumeIndividualID": 900000043, "targetWaypointID": 153}, "split_done_resume": {"elapsedMs": 149.358, "sourceSinglePoint": false, "doneWaypointCount": 2, "resumeWaypointCount": 1, "removedWaypointID": 91}, "clone_followups": {"elapsedMs": 84.167, "followUpMissionCount": 1, "followUpPathCount": 1}, "release_resume": {"elapsedMs": 42.96, "releaseWaypointCount": 2, "targetFinishEtaS": 91}, "write_json": {"elapsedMs": 54.051, "fileCount": 5}, "totalMs": 419.196}, "trackingState": {"elapsedMs": 1.744}, "status": "ok", "elapsedMs": 436.277}, {"aircraftID": 5, "label": "uav_resume_5", "mode": "UAV_RESUME", "resolveArtifacts": {"elapsedMs": 0.033, "currentWaypointID": 96, "sourcePathID": 500000004, "sourceImpID": 800000011}, "loadArtifacts": {"elapsedMs": 0.004, "impLoaded": true, "fpLoaded": true}, "cloneAndLocateMission": {"elapsedMs": 0.252, "missionCount": 3, "targetIndex": 1}, "status": "handled_by_collab", "elapsedMs": 1.003}, {"aircraftID": 6, "label": "uav_resume_6", "mode": "UAV_RESUME", "resolveArtifacts": {"elapsedMs": 0.029, "currentWaypointID": 100, "sourcePathID": 600000004, "sourceImpID": 800000012}, "loadArtifacts": {"elapsedMs": 0.004, "impLoaded": true, "fpLoaded": true}, "cloneAndLocateMission": {"elapsedMs": 0.296, "missionCount": 3, "targetIndex": 1}, "status": "handled_by_collab", "elapsedMs": 1.029}], "totalMs": 3285}
2026-05-21T04:35:11.809639Z [ATTACK] [ATTACK][TIME] override_total=3285ms
2026-05-21T04:35:11.810640Z [ATTACK] [TIME] apply_attack_plan_overrides=3294ms
2026-05-21T04:35:11.820450Z [ATTACK] [TIME] timingMs={"read_source": 20.282, "descriptor_build": 10.841, "write_artifacts": 3306.361, "delivery_wait": 8.993}
2026-05-21T04:35:11.821261Z [ATTACK] [TIME] total=3347ms
2026-05-21T04:35:11.830743Z [ATTACK] 분석 로그 저장: C:\Users\TRL98\Desktop\LAH_MUMT\Logs\Scenario_2026-05-21T132543\SBC3\DSS_Internal\log_attack_algorithm_20260521T043511_823605.json
2026-05-21T04:35:11.836057Z [ATTACK] mark target used: targetIDs=77
2026-05-21T04:35:11.851306Z [ATTACK-EXCLUDE] ATTACK-EXCLUDE using requested missionPlanID 700000004 (sourcePlanID=700000002)
2026-05-21T04:35:11.852477Z [ATTACK-EXCLUDE] [PRIOR][UAV] Resume trimmed by currentWP (lastRemovedWP=91).
2026-05-21T04:35:11.853333Z [ATTACK-EXCLUDE] [PRIOR][UAV] Added replan anchor waypoint to done path (anchorWP=103).
2026-05-21T04:35:11.854232Z [ATTACK-EXCLUDE] [PRIOR][UAV] Resume sweep trim applied (cutPoints=83, rawCutPoints=83, doneSweepPoints=0, pathID=400000004).
2026-05-21T04:35:11.855088Z [ATTACK-EXCLUDE] [PRIOR][UAV] Resume searchSpeed scaled (factor=1.30, waypoints=1).
2026-05-21T04:35:11.855876Z [ATTACK-EXCLUDE] [PRIOR][UAV] Generated done/resume mission -> aircraft=4 IMP:800000013.json PATHS:400000005.json/400000006.json
2026-05-21T04:35:11.856825Z [ATTACK-EXCLUDE] [PRIOR][UAV] Resume trimmed by currentWP (lastRemovedWP=95).
2026-05-21T04:35:11.857540Z [ATTACK-EXCLUDE] [PRIOR][UAV] Added replan anchor waypoint to done path (anchorWP=131).
2026-05-21T04:35:11.858147Z [ATTACK-EXCLUDE] [PRIOR][UAV] Resume sweep trim applied (cutPoints=81, rawCutPoints=81, doneSweepPoints=0, pathID=500000004).
2026-05-21T04:35:11.858730Z [ATTACK-EXCLUDE] [PRIOR][UAV] Resume searchSpeed scaled (factor=1.30, waypoints=1).
2026-05-21T04:35:11.859226Z [ATTACK-EXCLUDE] [PRIOR][UAV] Generated done/resume mission -> aircraft=5 IMP:800000016.json PATHS:500000006.json/500000007.json
2026-05-21T04:35:11.859674Z [ATTACK-EXCLUDE] [PRIOR][UAV] Resume trimmed by currentWP (lastRemovedWP=99).
2026-05-21T04:35:11.860095Z [ATTACK-EXCLUDE] [PRIOR][UAV] Added replan anchor waypoint to done path (anchorWP=147).
2026-05-21T04:35:11.860506Z [ATTACK-EXCLUDE] [PRIOR][UAV] Resume sweep trim applied (cutPoints=70, rawCutPoints=70, doneSweepPoints=0, pathID=600000004).
2026-05-21T04:35:11.861030Z [ATTACK-EXCLUDE] [PRIOR][UAV] Resume searchSpeed scaled (factor=1.30, waypoints=1).
2026-05-21T04:35:11.861442Z [ATTACK-EXCLUDE] [PRIOR][UAV] Generated done/resume mission -> aircraft=6 IMP:800000018.json PATHS:600000006.json/600000007.json
2026-05-21T04:35:11.861974Z [ATTACK-EXCLUDE] 공격 배제 MissionPlan 저장 -> 700000004.json (planID=700000004)
2026-05-21T04:35:11.862564Z [ATTACK-EXCLUDE] ATTACK-EXCLUDE carried area remaining snapshot -> mission_area_snapshot_700000004.json (sourcePlanID=700000002, planID=700000004)
2026-05-21T04:35:12.031726Z [ATTACK] 공격 임무 계획 완료 (planIds=700000003)
2026-05-21T04:35:12.033975Z [INFO] UAV params loaded (cruise=40.00, turn_step=15.0)
2026-05-21T04:35:12.034692Z [INFO] Latest input snapshot → 0201:ID=1,ts=832652848738,src=-, 0203:ID=1,ts=832652848760,src=-
2026-05-21T04:35:12.035396Z [STEP 0] Using latest 0201 ID 1 (1.json)
2026-05-21T04:35:12.036082Z [STEP 0] Using latest 0203 ID 1 (1.json)
2026-05-21T04:35:12.036692Z [CHECK] 0201/0203 필수 데이터 확인 시작
2026-05-21T04:35:12.037256Z [OK] 0201 inputMissionList 확인됨 (count=3) → 진행
2026-05-21T04:35:12.037806Z [OK] 0201 availableAircraftList 확인됨 (count=6) → 진행
2026-05-21T04:35:12.038436Z [OK] 0201 inputMissionPackageType=1 확인
2026-05-21T04:35:12.038993Z [OK] 0201 mainSensor=1 확인
2026-05-21T04:35:12.039575Z [CHECK] 0201 기체 수=6 (UAV=3, LAH=3)
2026-05-21T04:35:12.040117Z [CHECK] 0201 임무: total=3 missingID=0 missingDetail=0 missingShape=0 unknownType=0 typeZeroAuto=0 typeZeroInvalid=0 lineOnlyViolation=0 skippedSinglePoint=0
2026-05-21T04:35:12.040621Z [OK] 0203 takeOverInfoList 확인됨 (count=3) → 진행
2026-05-21T04:35:12.041244Z [OK] 0203 handOverInfoList 확인됨 (count=3) → 진행
2026-05-21T04:35:12.041729Z [OK] 0203 flightAreaList 확인됨 (count=1) → 진행
2026-05-21T04:35:12.042245Z [CHECK] 0203 flightAreaList count=1
2026-05-21T04:35:12.042698Z [INFO] 임무 진행영역 스냅샷 적용: sourcePlan=700000002, updated=2, done=0
2026-05-21T04:35:12.043161Z [INFO] 임무 진행영역 재계획 collapse 적용: groups=2, normalized=2, 3
2026-05-21T04:35:12.043722Z [INFO] Filtered completed input missions (removed=1, converted=-, widthAdjusted=-, skippedSinglePoint=-, snapshot=updated=2, done=0, collapse=groups=2, normalized=2,3)
2026-05-21T04:35:12.044325Z [REPLAN][TIME] variant_started_ms=3390.6 wall_ms=1779338111850 variant=1 option=3 mode=attack_exclusion
2026-05-21T04:35:12.044897Z [variant 1] 공격 배제 병렬 결과 병합
2026-05-21T04:35:12.045433Z [REPLAN][TIME] attack_exclusion_parallel_joined_ms=3402.7 wall_ms=1779338111863 variant=1 duration_ms=3131.995 wait_ms=0.011
2026-05-21T04:35:12.045878Z [OK] 공격 배제 variant 저장: MissionPlanID=700000004 (elapsed=3132.0 ms)
2026-05-21T04:35:12.046294Z [INFO] Option mapping #1: planID=700000004, optionCode=3(공격배제)
2026-05-21T04:35:12.046683Z [REPLAN][TIME] variant_finished_ms=3402.8 wall_ms=1779338111863 variant=1 option=3 mode=attack_exclusion status=success duration_ms=3131.995
2026-05-21T04:35:12.047052Z [OK] Stored mission data: MissionPlan=1, IndividualMission=0, FlightPath=0
2026-05-21T04:35:12.047423Z [REPLAN][TIME] id_tab_update_deferred_ms=3404.3 wall_ms=1779338111864
2026-05-21T04:35:12.047827Z [REPLAN][TIME] pipeline_done_ms=3404.4 wall_ms=1779338111864 plans=2 force_direct=False
2026-05-21T04:35:12.048236Z [REPLAN][TIME] 0301_queued_ms=3404.5 wall_ms=1779338111864 plans=2
2026-05-21T04:35:12.048635Z [STEP 4] 0301 push queued (planIds=700000003, 700000004)
2026-05-21T04:35:12.058526Z [0402] delivery suppressed before 0301: Target 정보 변경으로 인한 재계획 중단
2026-05-21T04:35:12.065752Z [0001] notice sent: Target 정보 변경으로 인한 재계획 중단
2026-05-21T04:35:12.066871Z [REPLAN][METRIC] source_artifact_cache entries=27 hits=42 misses=27
2026-05-21T04:35:12.480065Z [REPLAN][TIME] 0902_received_ms=0.2 wall_ms=1779338112479 trigger=attack_2_option replanLevel=2 optionCount=2 forceDirect=0
2026-05-21T04:35:12.481083Z [REPLAN][TIME] 0902_archived_ms=1.2 wall_ms=1779338112480 path=replan_request_832653311699.json
2026-05-21T04:35:12.481764Z [AUTO] 0902 received (planIds=700000005, 700000006)
2026-05-21T04:35:12.482439Z [REPLAN][TIME] pipeline_scheduled_ms=2.6 wall_ms=1779338112482 delay_ms=0
2026-05-21T04:35:12.483484Z [REPLAN][TIME] scheduled_start_ms=3.7 wall_ms=1779338112483
2026-05-21T04:35:12.485678Z [REPLAN][TIME] 0305_status_1_ms=5.8 wall_ms=1779338112485 reason=표적78 등 2개 발견
2026-05-21T04:35:12.486321Z [0305] status=1, reason=표적78 등 2개 발견 전송
2026-05-21T04:35:12.493619Z [INFO] Using latest 0203 ID 1 for missionReferencePackageID (fallback)
2026-05-21T04:35:12.494742Z [STEP 0] Replan pipeline start (reason=표적78 등 2개 발견)
2026-05-21T04:35:12.495447Z [REPLAN][TIME] attack_exclusion_parallel_started_ms=14.1 wall_ms=1779338112493 option_index=2 sourcePlanID=700000002
2026-05-21T04:35:12.496213Z [ATTACK-EXCLUDE] parallel generation started (sourcePlanID=700000002, optionIndex=2)
2026-05-21T04:35:12.497531Z [ATTACK] 공격 특화 재계획 요청 감지 → 전용 파이프라인 실행
2026-05-21T04:35:12.507518Z [ATTACK] [TIME] select_manned_aircraft=13ms
2026-05-21T04:35:12.508359Z [ATTACK] STEP1 Selected manned aircraft: aircraft 3 (fuel=1200.0, coord=(37.78498840332031, 128.1812744140625, alt=1206))
2026-05-21T04:35:12.509674Z [ATTACK] [TIME] load_target_entries=1ms
2026-05-21T04:35:12.510376Z [ATTACK] STEP2 UAV tracking summary: watcher 4?’target 77, watcher 6?’target 78, watcher 4?’target unknown-10, watcher 4?’target unknown-13, watcher 4?’target unknown-2, watcher 5?’target unknown-12, watcher 5?’target unknown-15, watcher 5?’target unknown-3, watcher 5?’target unknown-4, watcher 5?’target unknown-6, watcher 5?’target unknown-7, watcher 5?’target unknown-8, watcher 5?’target unknown-9, watcher 6?’target unknown-1, watcher 6?’target unknown-11, watcher 6?’target unknown-14, watcher 6?’target unknown-5
2026-05-21T04:35:12.511176Z [ATTACK] STEP2.5 Using bundled 0402 targets: target=78 watcher=6, target=77 watcher=4
2026-05-21T04:35:12.515933Z [ATTACK] STEP2.6 Multi-target manned selection: 2, 3
2026-05-21T04:35:12.520563Z [ATTACK] [ATTACK] Selected target id=78 type=4 weaponType=3 (preferred=3, ammo={'type1': 500, 'type2': 7, 'type3': 2})
2026-05-21T04:35:12.533494Z [ATTACK] [TIME] compute_attack_point=12ms
2026-05-21T04:35:12.534387Z [ATTACK] STEP3 Attack plan completed: lat=37.890953, lon=128.196079, alt=994m
2026-05-21T04:35:12.535356Z [ATTACK] [ATTACK] Using remembered waypoint 100 for watcher 6 while auto-tracking.
2026-05-21T04:35:12.538578Z [ATTACK] [ATTACK] Weapon choice aircraft=2 preferred=3 selected=3 ammo={'type1': 500, 'type2': 7, 'type3': 2}
2026-05-21T04:35:12.539134Z [ATTACK] [ATTACK][ETA] Tracking ETA computed with LAH max attack speed (dist=6873.1m, speed=73.61m/s, +30s) -> 123s
2026-05-21T04:35:12.541155Z [ATTACK] [ATTACK] Using requested missionPlanID 700000005 (sourcePlanID=700000002)
2026-05-21T04:35:12.568841Z [ATTACK] [ATTACK][POINT] Primary target adaptive standoff mode=candidate_within_standoff currentDist=8873.141397315787m candidateDist=1999.9999999994086m standoff=300.0/2000.0m.
2026-05-21T04:35:12.588026Z [ATTACK] [ATTACK][ETA] UAV 5 remaining mission time: 0.0s
2026-05-21T04:35:12.588885Z [ATTACK] [ATTACK][ETA] Non-tracking UAV ETA selected: UAV 5 with 0s remaining
2026-05-21T04:35:12.589553Z [ATTACK] [ATTACK][ETA] All tracking ETAs unified to 0s
2026-05-21T04:35:12.644234Z [ATTACK] [ATTACK][COLLAB] Remaining UAV entry lookahead applied: 9.0s (pathFollow=3, linearFallback=3, currentOnly=0)
2026-05-21T04:35:12.648225Z [ATTACK] [PRIOR] Falling back to first mission for aircraft 2 (current waypoint not found in plan).
2026-05-21T04:35:13.135641Z [ATTACK] [ATTACK][LAH] Using max attack speed 73.61m/s (265.0km/h) for aircraft 2.
2026-05-21T04:35:13.147661Z [ATTACK] [ATTACK][LAH] Inferred current waypoint from position -> 77.
2026-05-21T04:35:13.148815Z [ATTACK] [ATTACK][LAH] Dropped current waypoint from resume path (currentWP=77, nextWP=78).
2026-05-21T04:35:13.661927Z [ATTACK] [ATTACK][LAH] Preserved completed prefix, inserted attack, and reattached 2 follow-up mission(s).
2026-05-21T04:35:13.673165Z [ATTACK] [ATTACK][LAH] Generated attack/resume missions -> IMP:800000023.json PATHS:200000009.json/200000010.json (followUps=2)
2026-05-21T04:35:13.674405Z [ATTACK] [PRIOR] Falling back to first mission for aircraft 3 (current waypoint not found in plan).
2026-05-21T04:35:13.984333Z [ATTACK] [ATTACK][LAH] Using max attack speed 73.61m/s (265.0km/h) for aircraft 3.
2026-05-21T04:35:13.987523Z [ATTACK] [ATTACK][LAH] Inferred current waypoint from position -> 83.
2026-05-21T04:35:13.988130Z [ATTACK] [ATTACK][LAH] Dropped current waypoint from resume path (currentWP=83, nextWP=84).
2026-05-21T04:35:14.537567Z [ATTACK] [ATTACK][LAH] Preserved completed prefix, inserted attack, and reattached 2 follow-up mission(s).
2026-05-21T04:35:14.546754Z [ATTACK] [ATTACK][LAH] Generated attack/resume missions -> IMP:800000025.json PATHS:300000009.json/300000010.json (followUps=2)
2026-05-21T04:35:14.547707Z [ATTACK] [PRIOR] Falling back to first mission for aircraft 1 (current waypoint not found in plan).
2026-05-21T04:35:14.578603Z [ATTACK] [ATTACK][LAH] Inferred current waypoint from position -> 71.
2026-05-21T04:35:14.579201Z [ATTACK] [ATTACK][LAH] Dropped current waypoint from resume path (currentWP=71, nextWP=72).
2026-05-21T04:35:14.914226Z [ATTACK] [ATTACK][LAH] Preserved completed prefix, inserted hold, and reattached 2 follow-up mission(s).
2026-05-21T04:35:14.921729Z [ATTACK] [ATTACK][LAH] Generated hold/resume missions -> IMP:800000028.json PATHS:100000009.json/100000010.json (followUps=2)
2026-05-21T04:35:14.923543Z [ATTACK] [NEXTCOLLAB] division planner area-division pieces=1
2026-05-21T04:35:14.924045Z [ATTACK] [NEXTCOLLAB] division planner final workflow=no_split paths=1
2026-05-21T04:35:14.924491Z [ATTACK] [ATTACK][COLLAB] Collaborative replacement IMP written (aircraft=5, imp=800000027.json, missions=1).
2026-05-21T04:35:14.924918Z [ATTACK] [ATTACK][COLLAB] First sweep searchSpeed boosted (aircraft=5, pathID=500000009, waypointID=191, factor=1.30, old=1327.82, new=1726.17).
2026-05-21T04:35:14.925341Z [ATTACK] [ATTACK][COLLAB] Collaborative remaining mission replanned (inputMissionID=2, unavailable=[4, 6], remaining=[5], workflow=no_split).
2026-05-21T04:35:14.935183Z [ATTACK] [ATTACK][UAV] Tracking target altitude kept for sensor only; flight altitude replaced 694m -> 1971m.
2026-05-21T04:35:15.020199Z [ATTACK] [ATTACK][UAV] Resume trimmed by currentWP (lastRemovedWP=99).
2026-05-21T04:35:15.058741Z [ATTACK] [ATTACK][UAV] Added replan anchor waypoint to done path (anchorWP=213).
2026-05-21T04:35:15.059434Z [ATTACK] [ATTACK][UAV] Resume sweep trim applied (cutPoints=70, rawCutPoints=70, doneSweepPoints=0, pathID=600000004).
2026-05-21T04:35:15.101865Z [ATTACK] [ATTACK][UAV] Resume searchSpeed scaled (factor=1.30, waypoints=1).
2026-05-21T04:35:15.257276Z [ATTACK] [ATTACK][COLLAB] Tracking UAV resume replaced with release transit (aircraft=6, targetFinishEta=58, speed=58.0m/s).
2026-05-21T04:35:15.259294Z [ATTACK] [ATTACK][UAV] Preserved completed prefix, inserted tracking, and reattached 1 follow-up mission(s).
2026-05-21T04:35:15.308509Z [ATTACK] [ATTACK][UAV] Generated tracking/resume missions -> IMP:800000029.json PATHS:600000013.json/600000014.json (followUps=1)
2026-05-21T04:35:15.311635Z [ATTACK] [ATTACK][UAV] Tracking assignment state saved (aircraft=6, sourcePlan=700000002, attackPlan=700000005).
2026-05-21T04:35:15.414121Z [ATTACK] [ATTACK][UAV] Resume trimmed by currentWP (lastRemovedWP=91).
2026-05-21T04:35:15.465421Z [ATTACK] [ATTACK][UAV] Added replan anchor waypoint to done path (anchorWP=222).
2026-05-21T04:35:15.465995Z [ATTACK] [ATTACK][UAV] Resume sweep trim applied (cutPoints=83, rawCutPoints=83, doneSweepPoints=0, pathID=400000004).
2026-05-21T04:35:15.507660Z [ATTACK] [ATTACK][UAV] Resume searchSpeed scaled (factor=1.30, waypoints=1).
2026-05-21T04:35:15.661762Z [ATTACK] [ATTACK][COLLAB] Tracking UAV resume replaced with release transit (aircraft=4, targetFinishEta=58, speed=58.0m/s).
2026-05-21T04:35:15.663414Z [ATTACK] [ATTACK][UAV] Preserved completed prefix, inserted tracking, and reattached 1 follow-up mission(s).
2026-05-21T04:35:15.701660Z [ATTACK] [ATTACK][UAV] Generated tracking/resume missions -> IMP:800000030.json PATHS:400000016.json/400000017.json (followUps=1)
2026-05-21T04:35:15.710090Z [ATTACK] [ATTACK][UAV] Tracking assignment state saved (aircraft=4, sourcePlan=700000002, attackPlan=700000005).
2026-05-21T04:35:15.710933Z [ATTACK] [ATTACK][COLLAB] Aircraft 5 handled by collaborative remaining replan (inputMissionID=2).
2026-05-21T04:35:15.724877Z [ATTACK] [ATTACK][PLAN] carried area remaining snapshot -> mission_area_snapshot_700000005.json (sourcePlanID=700000002, planID=700000005)
2026-05-21T04:35:15.725415Z [ATTACK] [ATTACK][PLAN] MissionPlan saved -> 700000005.json (planID=700000005)
2026-05-21T04:35:15.726360Z [ATTACK] [ATTACK][TIME] override_detail={"phases": {"metadata_normalize": {"elapsedMs": 0.008, "attackTargetCount": 2, "selectedMannedCount": 2}, "agent_index": {"elapsedMs": 0.08, "aircraftCount": 6}, "weapon_choice": {"elapsedMs": 2.574, "selectedWeaponType": 3, "ammoAvailable": true}, "initial_tracking_eta": {"elapsedMs": 0.528, "useDetectionTracking": true, "trackingEtaS": 123}, "resolve_source_plan": {"elapsedMs": 0.632, "sourcePlanID": 700000002}, "source_plan_load": {"elapsedMs": 0.366, "sourcePlanID": 700000002, "aircraftCount": 6}, "sweep_progress_load": {"elapsedMs": 0.409, "entries": 12}, "plan_id_resolve": {"elapsedMs": 0.018, "requested": true, "missionPlanID": 700000005}, "source_artifact_cache_build": {"elapsedMs": 0.012, "aircraftEntries": 6}, "done_input_ids_load": {"elapsedMs": 4.794, "count": 1}, "plan_deepcopy": {"elapsedMs": 0.095}, "target_uav_assignment": {"elapsedMs": 1.158, "assignedTargetCount": 2, "usedTrackingUavCount": 2}, "manned_sequence_assignment": {"elapsedMs": 19.085, "aircraftCount": 2, "error": null}, "attack_coordinate_resolution": {"elapsedMs": 10.024, "resolvedCount": 2, "mannedSequenceCount": 2}, "remaining_eta": {"elapsedMs": 12.466, "allUavCount": 3, "trackingUavCount": 2, "computedEtaCount": 2, "adjustedEtaS": 0}, "descriptor_list_build": {"elapsedMs": 0.053, "descriptorCount": 6, "activeMannedCount": 2, "otherLahCount": 1, "otherUavCount": 1}, "collab_tracking_scan": {"elapsedMs": 20.825, "inputCount": 1, "unavailableUavCount": 2}, "collab_agent_state_map": {"elapsedMs": 34.852, "aircraftCount": 6}, "collab_parallel_started": {"elapsedMs": 1.957, "inputCount": 1, "workers": 1}, "collab_parallel_join": {"elapsedMs": 2.303, "waitReason": "UAV_TRACK", "inputCount": 1}, "descriptor_loop": {"elapsedMs": 3063.436, "descriptorCount": 6, "updateCount": 5}, "final_collab_plan_update": {"elapsedMs": 0.01, "collabInputCount": 1}, "mission_plan_write": {"elapsedMs": 13.919, "missionPlanID": 700000005}, "option_meta_build": {"elapsedMs": 0.056, "targetCount": 2, "collabInputCount": 1}}, "collabRuns": [{"inputMissionID": 2, "unavailableAircraftIDs": [4, 6], "elapsedMs": 1573.236, "status": "ok", "replacementAircraftIDs": [5], "generatedPathCount": 1, "finishEtaS": 58, "workflow": "no_split"}], "descriptorDetails": [{"aircraftID": 2, "label": "manned", "mode": "LAH_ATTACK", "resolveArtifacts": {"elapsedMs": 5.392, "currentWaypointID": null, "sourcePathID": 200000001, "sourceImpID": 800000008}, "loadArtifacts": {"elapsedMs": 0.006, "impLoaded": true, "fpLoaded": true}, "cloneAndLocateMission": {"elapsedMs": 0.111, "missionCount": 3, "targetIndex": 0}, "allocateAndPlanUpdate": {"elapsedMs": 21.793, "newImpID": 800000023}, "builder": {"elapsedMs": 998.675, "builderMode": "LAH_ATTACK"}, "builderDetail": {"allocate_ids": {"elapsedMs": 456.327, "attackPathID": 200000009, "resumePathID": 200000010, "attackIndividualID": 900000047, "resumeIndividualID": 900000048, "entryWaypointID": 167, "attackWaypointID": 169}, "split_lah_resume": {"elapsedMs": 229.79, "resumeWaypointCount": 1, "removedWaypointID": 77}, "clone_followups": {"elapsedMs": 215.784, "followUpMissionCount": 2, "followUpPathCount": 2}, "payload_build": {"elapsedMs": 78.734, "hasResume": true, "followUpMissionCount": 2, "attackSpeedMps": 73.61}, "write_json": {"elapsedMs": 8.124, "fileCount": 5}, "totalMs": 995.095}, "status": "ok", "elapsedMs": 1026.12}, {"aircraftID": 3, "label": "manned", "mode": "LAH_ATTACK", "resolveArtifacts": {"elapsedMs": 0.886, "currentWaypointID": null, "sourcePathID": 300000001, "sourceImpID": 800000009}, "loadArtifacts": {"elapsedMs": 0.004, "impLoaded": true, "fpLoaded": true}, "cloneAndLocateMission": {"elapsedMs": 0.117, "missionCount": 3, "targetIndex": 0}, "allocateAndPlanUpdate": {"elapsedMs": 44.774, "newImpID": 800000025}, "builder": {"elapsedMs": 827.316, "builderMode": "LAH_ATTACK"}, "builderDetail": {"allocate_ids": {"elapsedMs": 262.438, "attackPathID": 300000009, "resumePathID": 300000010, "attackIndividualID": 900000054, "resumeIndividualID": 900000055, "entryWaypointID": 186, "attackWaypointID": 187}, "split_lah_resume": {"elapsedMs": 179.872, "resumeWaypointCount": 1, "removedWaypointID": 83}, "clone_followups": {"elapsedMs": 276.133, "followUpMissionCount": 2, "followUpPathCount": 2}, "payload_build": {"elapsedMs": 96.23, "hasResume": true, "followUpMissionCount": 2, "attackSpeedMps": 73.61}, "write_json": {"elapsedMs": 7.291, "fileCount": 5}, "totalMs": 825.72}, "status": "ok", "elapsedMs": 873.226}, {"aircraftID": 1, "label": "lah_hold_1", "mode": "LAH_HOLD_RESUME", "resolveArtifacts": {"elapsedMs": 0.885, "currentWaypointID": null, "sourcePathID": 100000001, "sourceImpID": 800000007}, "loadArtifacts": {"elapsedMs": 0.006, "impLoaded": true, "fpLoaded": true}, "cloneAndLocateMission": {"elapsedMs": 0.123, "missionCount": 3, "targetIndex": 0}, "allocateAndPlanUpdate": {"elapsedMs": 7.042, "newImpID": 800000028}, "builder": {"elapsedMs": 367.59, "builderMode": "LAH_HOLD_RESUME"}, "builderDetail": {"allocate_ids": {"elapsedMs": 20.892, "holdPathID": 100000009, "resumePathID": 100000010, "holdIndividualID": 900000060, "resumeIndividualID": 900000061}, "split_lah_resume": {"elapsedMs": 167.059, "resumeWaypointCount": 1, "removedWaypointID": 71}, "clone_followups": {"elapsedMs": 120.528, "followUpMissionCount": 2, "followUpPathCount": 2}, "payload_build": {"elapsedMs": 170.357, "hasResume": true, "followUpMissionCount": 2}, "write_json": {"elapsedMs": 6.126, "fileCount": 5}, "totalMs": 367.545}, "status": "ok", "elapsedMs": 375.774}, {"aircraftID": 6, "label": "uav_tracking_6", "mode": "UAV_TRACK", "resolveArtifacts": {"elapsedMs": 0.023, "currentWaypointID": 100, "sourcePathID": 600000004, "sourceImpID": 800000012}, "loadArtifacts": {"elapsedMs": 0.003, "impLoaded": true, "fpLoaded": true}, "cloneAndLocateMission": {"elapsedMs": 0.177, "missionCount": 3, "targetIndex": 1}, "allocateAndPlanUpdate": {"elapsedMs": 8.902, "newImpID": 800000029}, "builder": {"elapsedMs": 374.225, "builderMode": "UAV_TRACK"}, "builderDetail": {"allocate_ids": {"elapsedMs": 81.154, "donePathID": 600000012, "attackPathID": 600000013, "resumePathID": 600000014, "trackingIndividualID": 900000064, "resumeIndividualID": 900000065, "targetWaypointID": 212}, "split_done_resume": {"elapsedMs": 118.761, "sourceSinglePoint": false, "doneWaypointCount": 2, "resumeWaypointCount": 1, "removedWaypointID": 99}, "clone_followups": {"elapsedMs": 70.916, "followUpMissionCount": 1, "followUpPathCount": 1}, "release_resume": {"elapsedMs": 47.36, "releaseWaypointCount": 2, "targetFinishEtaS": 58}, "write_json": {"elapsedMs": 47.566, "fileCount": 5}, "totalMs": 371.097}, "trackingState": {"elapsedMs": 2.284}, "status": "ok", "elapsedMs": 386.487}, {"aircraftID": 4, "label": "uav_tracking_4", "mode": "UAV_TRACK", "resolveArtifacts": {"elapsedMs": 0.063, "currentWaypointID": 92, "sourcePathID": 400000004, "sourceImpID": 800000010}, "loadArtifacts": {"elapsedMs": 0.006, "impLoaded": true, "fpLoaded": true}, "cloneAndLocateMission": {"elapsedMs": 0.38, "missionCount": 3, "targetIndex": 1}, "allocateAndPlanUpdate": {"elapsedMs": 9.893, "newImpID": 800000030}, "builder": {"elapsedMs": 379.373, "builderMode": "UAV_TRACK"}, "builderDetail": {"allocate_ids": {"elapsedMs": 87.848, "donePathID": 400000015, "attackPathID": 400000016, "resumePathID": 400000017, "trackingIndividualID": 900000067, "resumeIndividualID": 900000068, "targetWaypointID": 221}, "split_done_resume": {"elapsedMs": 135.874, "sourceSinglePoint": false, "doneWaypointCount": 2, "resumeWaypointCount": 1, "removedWaypointID": 91}, "clone_followups": {"elapsedMs": 67.441, "followUpMissionCount": 1, "followUpPathCount": 1}, "release_resume": {"elapsedMs": 44.119, "releaseWaypointCount": 2, "targetFinishEtaS": 58}, "write_json": {"elapsedMs": 36.952, "fileCount": 5}, "totalMs": 376.881}, "trackingState": {"elapsedMs": 7.7}, "status": "ok", "elapsedMs": 398.163}, {"aircraftID": 5, "label": "uav_resume_5", "mode": "UAV_RESUME", "resolveArtifacts": {"elapsedMs": 0.025, "currentWaypointID": 96, "sourcePathID": 500000004, "sourceImpID": 800000011}, "loadArtifacts": {"elapsedMs": 0.004, "impLoaded": true, "fpLoaded": true}, "cloneAndLocateMission": {"elapsedMs": 0.18, "missionCount": 3, "targetIndex": 1}, "status": "handled_by_collab", "elapsedMs": 0.702}], "totalMs": 3186}
2026-05-21T04:35:15.726860Z [ATTACK] [ATTACK][TIME] override_total=3186ms
2026-05-21T04:35:15.727618Z [ATTACK] [TIME] apply_attack_plan_overrides=3193ms
2026-05-21T04:35:15.736171Z [ATTACK] [TIME] timingMs={"read_source": 16.406, "descriptor_build": 10.204, "write_artifacts": 3207.553, "delivery_wait": 7.968}
2026-05-21T04:35:15.737124Z [ATTACK] [TIME] total=3243ms
2026-05-21T04:35:15.743123Z [ATTACK] 분석 로그 저장: C:\Users\TRL98\Desktop\LAH_MUMT\Logs\Scenario_2026-05-21T132543\SBC3\DSS_Internal\log_attack_algorithm_20260521T043515_738326.json
2026-05-21T04:35:15.749522Z [ATTACK] mark target used: targetIDs=78, 77
2026-05-21T04:35:15.765027Z [ATTACK-EXCLUDE] ATTACK-EXCLUDE using requested missionPlanID 700000006 (sourcePlanID=700000002)
2026-05-21T04:35:15.765849Z [ATTACK-EXCLUDE] [PRIOR][UAV] Resume trimmed by currentWP (lastRemovedWP=91).
2026-05-21T04:35:15.766634Z [ATTACK-EXCLUDE] [PRIOR][UAV] Added replan anchor waypoint to done path (anchorWP=164).
2026-05-21T04:35:15.767477Z [ATTACK-EXCLUDE] [PRIOR][UAV] Resume sweep trim applied (cutPoints=83, rawCutPoints=83, doneSweepPoints=0, pathID=400000004).
2026-05-21T04:35:15.768114Z [ATTACK-EXCLUDE] [PRIOR][UAV] Resume searchSpeed scaled (factor=1.30, waypoints=1).
2026-05-21T04:35:15.768631Z [ATTACK-EXCLUDE] [PRIOR][UAV] Generated done/resume mission -> aircraft=4 IMP:800000022.json PATHS:400000012.json/400000013.json
2026-05-21T04:35:15.769133Z [ATTACK-EXCLUDE] [PRIOR][UAV] Resume trimmed by currentWP (lastRemovedWP=95).
2026-05-21T04:35:15.769637Z [ATTACK-EXCLUDE] [PRIOR][UAV] Added replan anchor waypoint to done path (anchorWP=179).
2026-05-21T04:35:15.770114Z [ATTACK-EXCLUDE] [PRIOR][UAV] Resume sweep trim applied (cutPoints=84, rawCutPoints=84, doneSweepPoints=0, pathID=500000004).
2026-05-21T04:35:15.770639Z [ATTACK-EXCLUDE] [PRIOR][UAV] Resume searchSpeed scaled (factor=1.30, waypoints=1).
2026-05-21T04:35:15.771131Z [ATTACK-EXCLUDE] [PRIOR][UAV] Generated done/resume mission -> aircraft=5 IMP:800000024.json PATHS:500000010.json/500000011.json
2026-05-21T04:35:15.771654Z [ATTACK-EXCLUDE] [PRIOR][UAV] Resume trimmed by currentWP (lastRemovedWP=99).
2026-05-21T04:35:15.772202Z [ATTACK-EXCLUDE] [PRIOR][UAV] Added replan anchor waypoint to done path (anchorWP=195).
2026-05-21T04:35:15.772722Z [ATTACK-EXCLUDE] [PRIOR][UAV] Resume sweep trim applied (cutPoints=70, rawCutPoints=70, doneSweepPoints=0, pathID=600000004).
2026-05-21T04:35:15.773160Z [ATTACK-EXCLUDE] [PRIOR][UAV] Resume searchSpeed scaled (factor=1.30, waypoints=1).
2026-05-21T04:35:15.773589Z [ATTACK-EXCLUDE] [PRIOR][UAV] Generated done/resume mission -> aircraft=6 IMP:800000026.json PATHS:600000009.json/600000010.json
2026-05-21T04:35:15.774037Z [ATTACK-EXCLUDE] 공격 배제 MissionPlan 저장 -> 700000006.json (planID=700000006)
2026-05-21T04:35:15.774534Z [ATTACK-EXCLUDE] ATTACK-EXCLUDE carried area remaining snapshot -> mission_area_snapshot_700000006.json (sourcePlanID=700000002, planID=700000006)
2026-05-21T04:35:15.976786Z [ATTACK] 공격 임무 계획 완료 (planIds=700000005)
2026-05-21T04:35:15.978278Z [INFO] UAV params loaded (cruise=40.00, turn_step=15.0)
2026-05-21T04:35:15.978910Z [INFO] Latest input snapshot → 0201:ID=1,ts=832652848738,src=-, 0203:ID=1,ts=832652848760,src=-
2026-05-21T04:35:15.979445Z [STEP 0] Using latest 0201 ID 1 (1.json)
2026-05-21T04:35:15.979876Z [STEP 0] Using latest 0203 ID 1 (1.json)
2026-05-21T04:35:15.980278Z [CHECK] 0201/0203 필수 데이터 확인 시작
2026-05-21T04:35:15.980691Z [OK] 0201 inputMissionList 확인됨 (count=3) → 진행
2026-05-21T04:35:15.981085Z [OK] 0201 availableAircraftList 확인됨 (count=6) → 진행
2026-05-21T04:35:15.981483Z [OK] 0201 inputMissionPackageType=1 확인
2026-05-21T04:35:15.981873Z [OK] 0201 mainSensor=1 확인
2026-05-21T04:35:15.982266Z [CHECK] 0201 기체 수=6 (UAV=3, LAH=3)
2026-05-21T04:35:15.982690Z [CHECK] 0201 임무: total=3 missingID=0 missingDetail=0 missingShape=0 unknownType=0 typeZeroAuto=0 typeZeroInvalid=0 lineOnlyViolation=0 skippedSinglePoint=0
2026-05-21T04:35:15.983085Z [OK] 0203 takeOverInfoList 확인됨 (count=3) → 진행
2026-05-21T04:35:15.983561Z [OK] 0203 handOverInfoList 확인됨 (count=3) → 진행
2026-05-21T04:35:15.984008Z [OK] 0203 flightAreaList 확인됨 (count=1) → 진행
2026-05-21T04:35:15.984446Z [CHECK] 0203 flightAreaList count=1
2026-05-21T04:35:15.984834Z [INFO] 임무 진행영역 스냅샷 적용: sourcePlan=700000002, updated=2, done=0
2026-05-21T04:35:15.985212Z [INFO] 임무 진행영역 재계획 collapse 적용: groups=2, normalized=2, 3
2026-05-21T04:35:15.985586Z [INFO] Filtered completed input missions (removed=1, converted=-, widthAdjusted=-, skippedSinglePoint=-, snapshot=updated=2, done=0, collapse=groups=2, normalized=2,3)
2026-05-21T04:35:15.985956Z [REPLAN][TIME] variant_started_ms=3285.1 wall_ms=1779338115764 variant=1 option=3 mode=attack_exclusion
2026-05-21T04:35:15.986324Z [variant 1] 공격 배제 병렬 결과 병합
2026-05-21T04:35:15.986683Z [REPLAN][TIME] attack_exclusion_parallel_joined_ms=3295.5 wall_ms=1779338115775 variant=1 duration_ms=2056.241 wait_ms=0.011
2026-05-21T04:35:15.987053Z [OK] 공격 배제 variant 저장: MissionPlanID=700000006 (elapsed=2056.2 ms)
2026-05-21T04:35:15.987423Z [INFO] Option mapping #1: planID=700000006, optionCode=3(공격배제)
2026-05-21T04:35:15.987827Z [REPLAN][TIME] variant_finished_ms=3296.1 wall_ms=1779338115775 variant=1 option=3 mode=attack_exclusion status=success duration_ms=2056.241
2026-05-21T04:35:15.988201Z [OK] Stored mission data: MissionPlan=1, IndividualMission=0, FlightPath=0
2026-05-21T04:35:15.988563Z [REPLAN][TIME] id_tab_update_deferred_ms=3297.2 wall_ms=1779338115776
2026-05-21T04:35:15.988937Z [REPLAN][TIME] pipeline_done_ms=3297.3 wall_ms=1779338115776 plans=2 force_direct=False
2026-05-21T04:35:15.989310Z [REPLAN][TIME] 0301_queued_ms=3297.4 wall_ms=1779338115777 plans=2
2026-05-21T04:35:15.989690Z [STEP 4] 0301 push queued (planIds=700000005, 700000006)
2026-05-21T04:35:15.990793Z [0402] delivery suppressed before 0301: Target 정보 변경으로 인한 재계획 중단
2026-05-21T04:35:15.992637Z [0001] notice sent: Target 정보 변경으로 인한 재계획 중단
2026-05-21T04:35:15.993574Z [REPLAN][METRIC] source_artifact_cache entries=27 hits=42 misses=27
2026-05-21T04:35:16.485531Z [REPLAN][TIME] 0902_received_ms=0.3 wall_ms=1779338116485 trigger=attack_2_option replanLevel=2 optionCount=2 forceDirect=0
2026-05-21T04:35:16.486915Z [REPLAN][TIME] 0902_archived_ms=1.7 wall_ms=1779338116486 path=replan_request_832653312721.json
2026-05-21T04:35:16.487491Z [AUTO] 0902 received (planIds=700000007, 700000008)
2026-05-21T04:35:16.488027Z [REPLAN][TIME] pipeline_scheduled_ms=2.8 wall_ms=1779338116487 delay_ms=0
2026-05-21T04:35:16.488921Z [REPLAN][TIME] scheduled_start_ms=3.8 wall_ms=1779338116488
2026-05-21T04:35:16.490719Z [REPLAN][TIME] 0305_status_1_ms=5.5 wall_ms=1779338116490 reason=표적79 등 3개 발견
2026-05-21T04:35:16.491189Z [0305] status=1, reason=표적79 등 3개 발견 전송
2026-05-21T04:35:16.496891Z [INFO] Using latest 0203 ID 1 for missionReferencePackageID (fallback)
2026-05-21T04:35:16.498073Z [STEP 0] Replan pipeline start (reason=표적79 등 3개 발견)
2026-05-21T04:35:16.499824Z [REPLAN][TIME] attack_exclusion_parallel_started_ms=11.4 wall_ms=1779338116496 option_index=2 sourcePlanID=700000002
2026-05-21T04:35:16.500271Z [ATTACK-EXCLUDE] parallel generation started (sourcePlanID=700000002, optionIndex=2)
2026-05-21T04:35:16.500663Z [ATTACK] 공격 특화 재계획 요청 감지 → 전용 파이프라인 실행
2026-05-21T04:35:16.506856Z [ATTACK] [TIME] select_manned_aircraft=10ms
2026-05-21T04:35:16.507303Z [ATTACK] STEP1 Selected manned aircraft: aircraft 2 (fuel=1200.0, coord=(37.831851959228516, 128.21351623535156, alt=1202))
2026-05-21T04:35:16.508264Z [ATTACK] [TIME] load_target_entries=1ms
2026-05-21T04:35:16.508694Z [ATTACK] STEP2 UAV tracking summary: watcher 4?’target 77, watcher 6?’target 78, watcher 5?’target 79, watcher 4?’target unknown-10, watcher 4?’target unknown-13, watcher 4?’target unknown-2, watcher 5?’target unknown-12, watcher 5?’target unknown-15, watcher 5?’target unknown-3, watcher 5?’target unknown-4, watcher 5?’target unknown-6, watcher 5?’target unknown-7, watcher 5?’target unknown-8, watcher 5?’target unknown-9, watcher 6?’target unknown-1, watcher 6?’target unknown-11, watcher 6?’target unknown-5
2026-05-21T04:35:16.509210Z [ATTACK] STEP2.5 Using bundled 0402 targets: target=79 watcher=5, target=78 watcher=6, target=77 watcher=4
2026-05-21T04:35:16.513419Z [ATTACK] STEP2.6 Multi-target manned selection: 2, 3
2026-05-21T04:35:16.518748Z [ATTACK] [ATTACK] Selected target id=79 type=5 weaponType=2 (preferred=2, ammo={'type1': 500, 'type2': 7, 'type3': 2})
2026-05-21T04:35:16.526197Z [ATTACK] [TIME] compute_attack_point=7ms
2026-05-21T04:35:16.526653Z [ATTACK] STEP3 Attack plan completed: lat=37.893559, lon=128.191743, alt=964m
2026-05-21T04:35:16.527338Z [ATTACK] [ATTACK] Using remembered waypoint 96 for watcher 5 while auto-tracking.
2026-05-21T04:35:16.531712Z [ATTACK] [ATTACK] Weapon choice aircraft=2 preferred=2 selected=2 ammo={'type1': 500, 'type2': 7, 'type3': 2}
2026-05-21T04:35:16.532501Z [ATTACK] [ATTACK][ETA] Tracking ETA computed with LAH max attack speed (dist=7122.7m, speed=73.61m/s, +30s) -> 127s
2026-05-21T04:35:16.535061Z [ATTACK] [ATTACK] Using requested missionPlanID 700000007 (sourcePlanID=700000002)
2026-05-21T04:35:16.562115Z [ATTACK] [ATTACK][POINT] Primary target adaptive standoff mode=far_projected_to_preferred_standoff currentDist=9122.738763148573m candidateDist=2000.0000000006862m standoff=300.0/2000.0m.
2026-05-21T04:35:16.584206Z [ATTACK] [ATTACK][ETA] All UAVs tracking; using average ETA: 155s (from 3 values: [127, 188, 149])
2026-05-21T04:35:16.584995Z [ATTACK] [ATTACK][ETA] All tracking ETAs unified to 155s
2026-05-21T04:35:16.638883Z [ATTACK] [ATTACK][COLLAB] Remaining UAV entry lookahead applied: 9.0s (pathFollow=3, linearFallback=3, currentOnly=0)
2026-05-21T04:35:16.640578Z [ATTACK] [PRIOR] Falling back to first mission for aircraft 2 (current waypoint not found in plan).
2026-05-21T04:35:16.666910Z [ATTACK] [ATTACK][LAH] Inferred current waypoint from position -> 77.
2026-05-21T04:35:16.667676Z [ATTACK] [ATTACK][LAH] Dropped current waypoint from resume path (currentWP=77, nextWP=78).
2026-05-21T04:35:17.047047Z [ATTACK] [ATTACK][LAH] Using max attack speed 73.61m/s (265.0km/h) for aircraft 2.
2026-05-21T04:35:17.696832Z [ATTACK] [ATTACK][LAH] Preserved completed prefix, built sequential attack missions, and reattached 2 follow-up mission(s) for aircraft 2.
2026-05-21T04:35:17.704022Z [ATTACK] [ATTACK][LAH] Generated sequential attack/resume missions -> IMP:800000032.json attacks=2 resume=200000015.json (followUps=2)
2026-05-21T04:35:17.704948Z [ATTACK] [PRIOR] Falling back to first mission for aircraft 3 (current waypoint not found in plan).
2026-05-21T04:35:18.005488Z [ATTACK] [ATTACK][LAH] Using max attack speed 73.61m/s (265.0km/h) for aircraft 3.
2026-05-21T04:35:18.008004Z [ATTACK] [ATTACK][LAH] Inferred current waypoint from position -> 83.
2026-05-21T04:35:18.008545Z [ATTACK] [ATTACK][LAH] Dropped current waypoint from resume path (currentWP=83, nextWP=84).
2026-05-21T04:35:18.472228Z [ATTACK] [ATTACK][LAH] Preserved completed prefix, inserted attack, and reattached 2 follow-up mission(s).
2026-05-21T04:35:18.478062Z [ATTACK] [ATTACK][LAH] Generated attack/resume missions -> IMP:800000035.json PATHS:300000013.json/300000014.json (followUps=2)
2026-05-21T04:35:18.478727Z [ATTACK] [PRIOR] Falling back to first mission for aircraft 1 (current waypoint not found in plan).
2026-05-21T04:35:18.505008Z [ATTACK] [ATTACK][LAH] Inferred current waypoint from position -> 71.
2026-05-21T04:35:18.505676Z [ATTACK] [ATTACK][LAH] Dropped current waypoint from resume path (currentWP=71, nextWP=72).
2026-05-21T04:35:18.844068Z [ATTACK] [ATTACK][LAH] Preserved completed prefix, inserted hold, and reattached 2 follow-up mission(s).
2026-05-21T04:35:18.850335Z [ATTACK] [ATTACK][LAH] Generated hold/resume missions -> IMP:800000036.json PATHS:100000013.json/100000014.json (followUps=2)
2026-05-21T04:35:18.852276Z [ATTACK] [ATTACK][COLLAB] Collaborative replan skipped: no remaining source UAVs for current input.
2026-05-21T04:35:18.861829Z [ATTACK] [ATTACK][UAV] Tracking target altitude kept for sensor only; flight altitude replaced 664m -> 1981m.
2026-05-21T04:35:18.953161Z [ATTACK] [ATTACK][UAV] Resume trimmed by currentWP (lastRemovedWP=95).
2026-05-21T04:35:19.003484Z [ATTACK] [ATTACK][UAV] Added replan anchor waypoint to done path (anchorWP=279).
2026-05-21T04:35:19.004049Z [ATTACK] [ATTACK][UAV] Resume sweep trim applied (cutPoints=84, rawCutPoints=84, doneSweepPoints=0, pathID=500000004).
2026-05-21T04:35:19.051380Z [ATTACK] [ATTACK][UAV] Resume searchSpeed scaled (factor=1.30, waypoints=1).
2026-05-21T04:35:19.168270Z [ATTACK] [ATTACK][UAV] Preserved completed prefix, inserted tracking, and reattached 1 follow-up mission(s).
2026-05-21T04:35:19.206025Z [ATTACK] [ATTACK][UAV] Generated tracking/resume missions -> IMP:800000037.json PATHS:500000017.json/500000018.json (followUps=1)
2026-05-21T04:35:19.208289Z [ATTACK] [ATTACK][UAV] Tracking assignment state saved (aircraft=5, sourcePlan=700000002, attackPlan=700000007).
2026-05-21T04:35:19.216258Z [ATTACK] [ATTACK][UAV] Tracking target altitude kept for sensor only; flight altitude replaced 694m -> 1971m.
2026-05-21T04:35:19.335161Z [ATTACK] [ATTACK][UAV] Resume trimmed by currentWP (lastRemovedWP=99).
2026-05-21T04:35:19.392903Z [ATTACK] [ATTACK][UAV] Added replan anchor waypoint to done path (anchorWP=286).
2026-05-21T04:35:19.393492Z [ATTACK] [ATTACK][UAV] Resume sweep trim applied (cutPoints=70, rawCutPoints=70, doneSweepPoints=0, pathID=600000004).
2026-05-21T04:35:19.468242Z [ATTACK] [ATTACK][UAV] Resume searchSpeed scaled (factor=1.30, waypoints=1).
2026-05-21T04:35:19.589680Z [ATTACK] [ATTACK][UAV] Preserved completed prefix, inserted tracking, and reattached 1 follow-up mission(s).
2026-05-21T04:35:19.626995Z [ATTACK] [ATTACK][UAV] Generated tracking/resume missions -> IMP:800000038.json PATHS:600000020.json/600000021.json (followUps=1)
2026-05-21T04:35:19.636863Z [ATTACK] [ATTACK][UAV] Tracking assignment state saved (aircraft=6, sourcePlan=700000002, attackPlan=700000007).
2026-05-21T04:35:19.755490Z [ATTACK] [ATTACK][UAV] Resume trimmed by currentWP (lastRemovedWP=91).
2026-05-21T04:35:19.823064Z [ATTACK] [ATTACK][UAV] Added replan anchor waypoint to done path (anchorWP=293).
2026-05-21T04:35:19.823887Z [ATTACK] [ATTACK][UAV] Resume sweep trim applied (cutPoints=83, rawCutPoints=83, doneSweepPoints=0, pathID=400000004).
2026-05-21T04:35:19.882679Z [ATTACK] [ATTACK][UAV] Resume searchSpeed scaled (factor=1.30, waypoints=1).
2026-05-21T04:35:20.058501Z [ATTACK] [ATTACK][UAV] Preserved completed prefix, inserted tracking, and reattached 1 follow-up mission(s).
2026-05-21T04:35:20.097162Z [ATTACK] [ATTACK][UAV] Generated tracking/resume missions -> IMP:800000039.json PATHS:400000023.json/400000024.json (followUps=1)
2026-05-21T04:35:20.106562Z [ATTACK] [ATTACK][UAV] Tracking assignment state saved (aircraft=4, sourcePlan=700000002, attackPlan=700000007).
2026-05-21T04:35:20.120701Z [ATTACK] [ATTACK][PLAN] carried area remaining snapshot -> mission_area_snapshot_700000007.json (sourcePlanID=700000002, planID=700000007)
2026-05-21T04:35:20.121322Z [ATTACK] [ATTACK][PLAN] MissionPlan saved -> 700000007.json (planID=700000007)
2026-05-21T04:35:20.122261Z [ATTACK] [ATTACK][TIME] override_detail={"phases": {"metadata_normalize": {"elapsedMs": 0.007, "attackTargetCount": 3, "selectedMannedCount": 2}, "agent_index": {"elapsedMs": 0.083, "aircraftCount": 6}, "weapon_choice": {"elapsedMs": 3.606, "selectedWeaponType": 2, "ammoAvailable": true}, "initial_tracking_eta": {"elapsedMs": 0.647, "useDetectionTracking": true, "trackingEtaS": 127}, "resolve_source_plan": {"elapsedMs": 1.044, "sourcePlanID": 700000002}, "source_plan_load": {"elapsedMs": 0.399, "sourcePlanID": 700000002, "aircraftCount": 6}, "sweep_progress_load": {"elapsedMs": 0.528, "entries": 12}, "plan_id_resolve": {"elapsedMs": 0.019, "requested": true, "missionPlanID": 700000007}, "source_artifact_cache_build": {"elapsedMs": 0.011, "aircraftEntries": 6}, "done_input_ids_load": {"elapsedMs": 0.984, "count": 1}, "plan_deepcopy": {"elapsedMs": 0.053}, "target_uav_assignment": {"elapsedMs": 0.486, "assignedTargetCount": 3, "usedTrackingUavCount": 3}, "manned_sequence_assignment": {"elapsedMs": 21.672, "aircraftCount": 2, "error": null}, "attack_coordinate_resolution": {"elapsedMs": 25.264, "resolvedCount": 3, "mannedSequenceCount": 3}, "remaining_eta": {"elapsedMs": 0.642, "allUavCount": 3, "trackingUavCount": 3, "computedEtaCount": 3, "adjustedEtaS": 155}, "descriptor_list_build": {"elapsedMs": 0.032, "descriptorCount": 6, "activeMannedCount": 2, "otherLahCount": 1, "otherUavCount": 0}, "collab_tracking_scan": {"elapsedMs": 21.561, "inputCount": 1, "unavailableUavCount": 3}, "collab_agent_state_map": {"elapsedMs": 32.194, "aircraftCount": 6}, "collab_parallel_started": {"elapsedMs": 0.968, "inputCount": 1, "workers": 1}, "collab_parallel_join": {"elapsedMs": 0.644, "waitReason": "UAV_TRACK", "inputCount": 1}, "descriptor_loop": {"elapsedMs": 3466.8, "descriptorCount": 6, "updateCount": 6}, "mission_plan_write": {"elapsedMs": 14.036, "missionPlanID": 700000007}, "option_meta_build": {"elapsedMs": 0.04, "targetCount": 3, "collabInputCount": 0}}, "collabRuns": [{"inputMissionID": 2, "unavailableAircraftIDs": [4, 5, 6], "elapsedMs": 26.617, "status": "skipped"}], "descriptorDetails": [{"aircraftID": 2, "label": "manned", "mode": "LAH_ATTACK", "resolveArtifacts": {"elapsedMs": 1.569, "currentWaypointID": null, "sourcePathID": 200000001, "sourceImpID": 800000008}, "loadArtifacts": {"elapsedMs": 0.005, "impLoaded": true, "fpLoaded": true}, "cloneAndLocateMission": {"elapsedMs": 0.105, "missionCount": 3, "targetIndex": 0}, "allocateAndPlanUpdate": {"elapsedMs": 20.544, "newImpID": 800000032}, "builder": {"elapsedMs": 1041.952, "builderMode": "LAH_ATTACK"}, "status": "ok", "elapsedMs": 1064.301}, {"aircraftID": 3, "label": "manned", "mode": "LAH_ATTACK", "resolveArtifacts": {"elapsedMs": 0.971, "currentWaypointID": null, "sourcePathID": 300000001, "sourceImpID": 800000009}, "loadArtifacts": {"elapsedMs": 0.006, "impLoaded": true, "fpLoaded": true}, "cloneAndLocateMission": {"elapsedMs": 0.121, "missionCount": 3, "targetIndex": 0}, "allocateAndPlanUpdate": {"elapsedMs": 13.156, "newImpID": 800000035}, "builder": {"elapsedMs": 759.365, "builderMode": "LAH_ATTACK"}, "builderDetail": {"allocate_ids": {"elapsedMs": 284.841, "attackPathID": 300000013, "resumePathID": 300000014, "attackIndividualID": 900000081, "resumeIndividualID": 900000082, "entryWaypointID": 256, "attackWaypointID": 258}, "split_lah_resume": {"elapsedMs": 260.3, "resumeWaypointCount": 1, "removedWaypointID": 83}, "clone_followups": {"elapsedMs": 141.806, "followUpMissionCount": 2, "followUpPathCount": 2}, "payload_build": {"elapsedMs": 63.796, "hasResume": true, "followUpMissionCount": 2, "attackSpeedMps": 73.61}, "write_json": {"elapsedMs": 4.526, "fileCount": 5}, "totalMs": 758.105}, "status": "ok", "elapsedMs": 773.741}, {"aircraftID": 1, "label": "lah_hold_1", "mode": "LAH_HOLD_RESUME", "resolveArtifacts": {"elapsedMs": 0.514, "currentWaypointID": null, "sourcePathID": 100000001, "sourceImpID": 800000007}, "loadArtifacts": {"elapsedMs": 0.005, "impLoaded": true, "fpLoaded": true}, "cloneAndLocateMission": {"elapsedMs": 0.113, "missionCount": 3, "targetIndex": 0}, "allocateAndPlanUpdate": {"elapsedMs": 6.298, "newImpID": 800000036}, "builder": {"elapsedMs": 366.407, "builderMode": "LAH_HOLD_RESUME"}, "builderDetail": {"allocate_ids": {"elapsedMs": 17.368, "holdPathID": 100000013, "resumePathID": 100000014, "holdIndividualID": 900000085, "resumeIndividualID": 900000086}, "split_lah_resume": {"elapsedMs": 159.127, "resumeWaypointCount": 1, "removedWaypointID": 71}, "clone_followups": {"elapsedMs": 118.462, "followUpMissionCount": 2, "followUpPathCount": 2}, "payload_build": {"elapsedMs": 181.657, "hasResume": true, "followUpMissionCount": 2}, "write_json": {"elapsedMs": 4.847, "fileCount": 5}, "totalMs": 366.363}, "status": "ok", "elapsedMs": 373.445}, {"aircraftID": 5, "label": "uav_tracking_5", "mode": "UAV_TRACK", "resolveArtifacts": {"elapsedMs": 0.028, "currentWaypointID": 96, "sourcePathID": 500000004, "sourceImpID": 800000011}, "loadArtifacts": {"elapsedMs": 0.004, "impLoaded": true, "fpLoaded": true}, "cloneAndLocateMission": {"elapsedMs": 0.225, "missionCount": 3, "targetIndex": 1}, "allocateAndPlanUpdate": {"elapsedMs": 8.465, "newImpID": 800000037}, "builder": {"elapsedMs": 344.917, "builderMode": "UAV_TRACK"}, "builderDetail": {"allocate_ids": {"elapsedMs": 87.228, "donePathID": 500000016, "attackPathID": 500000017, "resumePathID": 500000018, "trackingIndividualID": 900000089, "resumeIndividualID": 900000090, "targetWaypointID": 278}, "split_done_resume": {"elapsedMs": 142.354, "sourceSinglePoint": false, "doneWaypointCount": 2, "resumeWaypointCount": 1, "removedWaypointID": 95}, "clone_followups": {"elapsedMs": 70.87, "followUpMissionCount": 1, "followUpPathCount": 1}, "write_json": {"elapsedMs": 36.24, "fileCount": 5}, "totalMs": 341.623}, "trackingState": {"elapsedMs": 1.593}, "status": "ok", "elapsedMs": 355.937}, {"aircraftID": 6, "label": "uav_tracking_6", "mode": "UAV_TRACK", "resolveArtifacts": {"elapsedMs": 0.025, "currentWaypointID": 100, "sourcePathID": 600000004, "sourceImpID": 800000012}, "loadArtifacts": {"elapsedMs": 0.003, "impLoaded": true, "fpLoaded": true}, "cloneAndLocateMission": {"elapsedMs": 0.171, "missionCount": 3, "targetIndex": 1}, "allocateAndPlanUpdate": {"elapsedMs": 6.929, "newImpID": 800000038}, "builder": {"elapsedMs": 411.468, "builderMode": "UAV_TRACK"}, "builderDetail": {"allocate_ids": {"elapsedMs": 114.877, "donePathID": 600000019, "attackPathID": 600000020, "resumePathID": 600000021, "trackingIndividualID": 900000092, "resumeIndividualID": 900000093, "targetWaypointID": 285}, "split_done_resume": {"elapsedMs": 181.783, "sourceSinglePoint": false, "doneWaypointCount": 2, "resumeWaypointCount": 1, "removedWaypointID": 99}, "clone_followups": {"elapsedMs": 70.965, "followUpMissionCount": 1, "followUpPathCount": 1}, "write_json": {"elapsedMs": 35.766, "fileCount": 5}, "totalMs": 408.916}, "trackingState": {"elapsedMs": 9.198}, "status": "ok", "elapsedMs": 430.002}, {"aircraftID": 4, "label": "uav_tracking_4", "mode": "UAV_TRACK", "resolveArtifacts": {"elapsedMs": 0.026, "currentWaypointID": 92, "sourcePathID": 400000004, "sourceImpID": 800000010}, "loadArtifacts": {"elapsedMs": 0.004, "impLoaded": true, "fpLoaded": true}, "cloneAndLocateMission": {"elapsedMs": 0.177, "missionCount": 3, "targetIndex": 1}, "allocateAndPlanUpdate": {"elapsedMs": 6.594, "newImpID": 800000039}, "builder": {"elapsedMs": 451.963, "builderMode": "UAV_TRACK"}, "builderDetail": {"allocate_ids": {"elapsedMs": 106.147, "donePathID": 400000022, "attackPathID": 400000023, "resumePathID": 400000024, "trackingIndividualID": 900000095, "resumeIndividualID": 900000096, "targetWaypointID": 292}, "split_done_resume": {"elapsedMs": 200.518, "sourceSinglePoint": false, "doneWaypointCount": 2, "resumeWaypointCount": 1, "removedWaypointID": 91}, "clone_followups": {"elapsedMs": 99.479, "followUpMissionCount": 1, "followUpPathCount": 1}, "write_json": {"elapsedMs": 37.063, "fileCount": 5}, "totalMs": 449.302}, "trackingState": {"elapsedMs": 8.633}, "status": "ok", "elapsedMs": 468.155}], "totalMs": 3588}
2026-05-21T04:35:20.122734Z [ATTACK] [ATTACK][TIME] override_total=3588ms
2026-05-21T04:35:20.123450Z [ATTACK] [TIME] apply_attack_plan_overrides=3596ms
2026-05-21T04:35:20.126592Z [ATTACK] [TIME] timingMs={"read_source": 11.927, "descriptor_build": 10.025, "write_artifacts": 3605.202, "delivery_wait": 2.67}
2026-05-21T04:35:20.127013Z [ATTACK] [TIME] total=3630ms
2026-05-21T04:35:20.130622Z [ATTACK] 분석 로그 저장: C:\Users\TRL98\Desktop\LAH_MUMT\Logs\Scenario_2026-05-21T132543\SBC3\DSS_Internal\log_attack_algorithm_20260521T043520_127516.json
2026-05-21T04:35:20.131728Z [ATTACK] mark target used: targetIDs=79, 78, 77
2026-05-21T04:35:20.146358Z [ATTACK-EXCLUDE] ATTACK-EXCLUDE using requested missionPlanID 700000008 (sourcePlanID=700000002)
2026-05-21T04:35:20.146961Z [ATTACK-EXCLUDE] [PRIOR][UAV] Resume trimmed by currentWP (lastRemovedWP=91).
2026-05-21T04:35:20.147425Z [ATTACK-EXCLUDE] [PRIOR][UAV] Added replan anchor waypoint to done path (anchorWP=232).
2026-05-21T04:35:20.147818Z [ATTACK-EXCLUDE] [PRIOR][UAV] Resume sweep trim applied (cutPoints=83, rawCutPoints=83, doneSweepPoints=0, pathID=400000004).
2026-05-21T04:35:20.148401Z [ATTACK-EXCLUDE] [PRIOR][UAV] Resume searchSpeed scaled (factor=1.30, waypoints=1).
2026-05-21T04:35:20.148770Z [ATTACK-EXCLUDE] [PRIOR][UAV] Generated done/resume mission -> aircraft=4 IMP:800000031.json PATHS:400000019.json/400000020.json
2026-05-21T04:35:20.149542Z [ATTACK-EXCLUDE] [PRIOR][UAV] Resume trimmed by currentWP (lastRemovedWP=95).
2026-05-21T04:35:20.150610Z [ATTACK-EXCLUDE] [PRIOR][UAV] Added replan anchor waypoint to done path (anchorWP=244).
2026-05-21T04:35:20.151442Z [ATTACK-EXCLUDE] [PRIOR][UAV] Resume sweep trim applied (cutPoints=84, rawCutPoints=84, doneSweepPoints=0, pathID=500000004).
2026-05-21T04:35:20.152214Z [ATTACK-EXCLUDE] [PRIOR][UAV] Resume searchSpeed scaled (factor=1.30, waypoints=1).
2026-05-21T04:35:20.152993Z [ATTACK-EXCLUDE] [PRIOR][UAV] Generated done/resume mission -> aircraft=5 IMP:800000033.json PATHS:500000013.json/500000014.json
2026-05-21T04:35:20.153679Z [ATTACK-EXCLUDE] [PRIOR][UAV] Resume trimmed by currentWP (lastRemovedWP=99).
2026-05-21T04:35:20.154301Z [ATTACK-EXCLUDE] [PRIOR][UAV] Added replan anchor waypoint to done path (anchorWP=257).
2026-05-21T04:35:20.154945Z [ATTACK-EXCLUDE] [PRIOR][UAV] Resume sweep trim applied (cutPoints=70, rawCutPoints=70, doneSweepPoints=0, pathID=600000004).
2026-05-21T04:35:20.155579Z [ATTACK-EXCLUDE] [PRIOR][UAV] Resume searchSpeed scaled (factor=1.30, waypoints=1).
2026-05-21T04:35:20.156157Z [ATTACK-EXCLUDE] [PRIOR][UAV] Generated done/resume mission -> aircraft=6 IMP:800000034.json PATHS:600000016.json/600000017.json
2026-05-21T04:35:20.156773Z [ATTACK-EXCLUDE] 공격 배제 MissionPlan 저장 -> 700000008.json (planID=700000008)
2026-05-21T04:35:20.157479Z [ATTACK-EXCLUDE] ATTACK-EXCLUDE carried area remaining snapshot -> mission_area_snapshot_700000008.json (sourcePlanID=700000002, planID=700000008)
2026-05-21T04:35:20.366746Z [ATTACK] 공격 임무 계획 완료 (planIds=700000007)
2026-05-21T04:35:20.367496Z [INFO] UAV params loaded (cruise=40.00, turn_step=15.0)
2026-05-21T04:35:20.368075Z [INFO] Latest input snapshot → 0201:ID=1,ts=832652848738,src=-, 0203:ID=1,ts=832652848760,src=-
2026-05-21T04:35:20.368523Z [STEP 0] Using latest 0201 ID 1 (1.json)
2026-05-21T04:35:20.368946Z [STEP 0] Using latest 0203 ID 1 (1.json)
2026-05-21T04:35:20.369511Z [CHECK] 0201/0203 필수 데이터 확인 시작
2026-05-21T04:35:20.370182Z [OK] 0201 inputMissionList 확인됨 (count=3) → 진행
2026-05-21T04:35:20.370780Z [OK] 0201 availableAircraftList 확인됨 (count=6) → 진행
2026-05-21T04:35:20.371367Z [OK] 0201 inputMissionPackageType=1 확인
2026-05-21T04:35:20.371932Z [OK] 0201 mainSensor=1 확인
2026-05-21T04:35:20.372455Z [CHECK] 0201 기체 수=6 (UAV=3, LAH=3)
2026-05-21T04:35:20.373006Z [CHECK] 0201 임무: total=3 missingID=0 missingDetail=0 missingShape=0 unknownType=0 typeZeroAuto=0 typeZeroInvalid=0 lineOnlyViolation=0 skippedSinglePoint=0
2026-05-21T04:35:20.373522Z [OK] 0203 takeOverInfoList 확인됨 (count=3) → 진행
2026-05-21T04:35:20.374039Z [OK] 0203 handOverInfoList 확인됨 (count=3) → 진행
2026-05-21T04:35:20.374558Z [OK] 0203 flightAreaList 확인됨 (count=1) → 진행
2026-05-21T04:35:20.375128Z [CHECK] 0203 flightAreaList count=1
2026-05-21T04:35:20.375618Z [INFO] 임무 진행영역 스냅샷 적용: sourcePlan=700000002, updated=2, done=0
2026-05-21T04:35:20.376088Z [INFO] 임무 진행영역 재계획 collapse 적용: groups=2, normalized=2, 3
2026-05-21T04:35:20.377981Z [INFO] Filtered completed input missions (removed=1, converted=-, widthAdjusted=-, skippedSinglePoint=-, snapshot=updated=2, done=0, collapse=groups=2, normalized=2,3)
2026-05-21T04:35:20.378443Z [REPLAN][TIME] variant_started_ms=3661.1 wall_ms=1779338120146 variant=1 option=3 mode=attack_exclusion
2026-05-21T04:35:20.378885Z [variant 1] 공격 배제 병렬 결과 병합
2026-05-21T04:35:20.379282Z [REPLAN][TIME] attack_exclusion_parallel_joined_ms=3673.0 wall_ms=1779338120157 variant=1 duration_ms=1709.214 wait_ms=0.008
2026-05-21T04:35:20.379664Z [OK] 공격 배제 variant 저장: MissionPlanID=700000008 (elapsed=1709.2 ms)
2026-05-21T04:35:20.380059Z [INFO] Option mapping #1: planID=700000008, optionCode=3(공격배제)
2026-05-21T04:35:20.380441Z [REPLAN][TIME] variant_finished_ms=3673.1 wall_ms=1779338120158 variant=1 option=3 mode=attack_exclusion status=success duration_ms=1709.214
2026-05-21T04:35:20.380818Z [OK] Stored mission data: MissionPlan=1, IndividualMission=0, FlightPath=0
2026-05-21T04:35:20.381200Z [REPLAN][TIME] id_tab_update_deferred_ms=3674.3 wall_ms=1779338120159
2026-05-21T04:35:20.381609Z [REPLAN][TIME] pipeline_done_ms=3674.4 wall_ms=1779338120159 plans=2 force_direct=False
2026-05-21T04:35:20.381991Z [REPLAN][TIME] 0301_queued_ms=3674.4 wall_ms=1779338120159 plans=2
2026-05-21T04:35:20.382369Z [STEP 4] 0301 push queued (planIds=700000007, 700000008)
2026-05-21T04:35:20.384198Z [0301] missionPlanID=700000007 전송
2026-05-21T04:35:20.385768Z [0301] missionPlanID=700000008 전송
2026-05-21T04:35:20.386629Z [PUSH] 0301 direct batch send
2026-05-21T04:35:20.387344Z [REPLAN][TIME] 0301_sent_ms=3902.1 wall_ms=1779338120387 plans=2
2026-05-21T04:35:20.388186Z [REPLAN][TIME] post_0301_delivery_queued_ms=3903.0 wall_ms=1779338120387 grace_ms=0 timeout_ms=20 force_direct=0 mode=option_or_0901
2026-05-21T04:35:20.388904Z [INFO] Post-0301 apply queued (mode=option_or_0901, grace=0ms, timeout=20ms, plans=2)
2026-05-21T04:35:20.392142Z [REPLAN][TIME] 0305_status_2_ms=3906.9 wall_ms=1779338120391 reason=표적79 등 3개 발견
2026-05-21T04:35:20.393074Z [0305] status=2, reason=표적79 등 3개 발견, elapsed=3.90s 전송
2026-05-21T04:35:20.393698Z [REPLAN][TIME] post_0301_completion_ready_ms=3908.5 wall_ms=1779338120393 mode=option_or_0901
2026-05-21T04:35:20.394271Z [REPLAN][METRIC] source_artifact_cache entries=27 hits=42 misses=27
2026-05-21T04:35:20.433335Z [INFO] Post-0301 ready (timeout) -> sending 0901
2026-05-21T04:35:20.434202Z [REPLAN][TIME] post_0301_flushed_ms=3949.0 wall_ms=1779338120433 delivery=0901 trigger=timeout
2026-05-21T04:35:20.455356Z [REPLAN][TIME] 0901_sent_ms=3970.1 wall_ms=1779338120455 options=2
2026-05-21T04:35:20.456163Z [0901] option request sent (count=2, codes=2(공격특화), 3(공격배제))
2026-05-21T04:35:20.456905Z [REPLAN][TIME] id_tab_update_flushed_ms=3971.7 wall_ms=1779338120456
2026-05-21T04:35:29.458921Z [REPLAN][TIME] 0902_received_ms=0.2 wall_ms=1779338129458 trigger=attack_2_option replanLevel=2 optionCount=2 forceDirect=0
2026-05-21T04:35:29.460056Z [REPLAN][TIME] 0902_archived_ms=1.4 wall_ms=1779338129459 path=replan_request_832653328455.json
2026-05-21T04:35:29.460636Z [AUTO] 0902 received (planIds=700000009, 700000010)
2026-05-21T04:35:29.461185Z [REPLAN][TIME] pipeline_scheduled_ms=2.6 wall_ms=1779338129461 delay_ms=0
2026-05-21T04:35:29.462167Z [REPLAN][TIME] scheduled_start_ms=3.5 wall_ms=1779338129462
2026-05-21T04:35:29.464104Z [REPLAN][TIME] 0305_status_1_ms=5.5 wall_ms=1779338129463 reason=표적80 발견 재계획
2026-05-21T04:35:29.464789Z [0305] status=1, reason=표적80 발견 재계획 전송
2026-05-21T04:35:29.468704Z [INFO] Using latest 0203 ID 1 for missionReferencePackageID (fallback)
2026-05-21T04:35:29.469779Z [STEP 0] Replan pipeline start (reason=표적80 발견 재계획)
2026-05-21T04:35:29.470404Z [REPLAN][TIME] attack_exclusion_parallel_started_ms=10.5 wall_ms=1779338129468 option_index=2 sourcePlanID=700000008
2026-05-21T04:35:29.470987Z [ATTACK-EXCLUDE] parallel generation started (sourcePlanID=700000008, optionIndex=2)
2026-05-21T04:35:29.471589Z [ATTACK] 공격 특화 재계획 요청 감지 → 전용 파이프라인 실행
2026-05-21T04:35:29.480731Z [ATTACK] [TIME] select_manned_aircraft=11ms
2026-05-21T04:35:29.481321Z [ATTACK] STEP1 Selected manned aircraft: aircraft 2 (fuel=1200.0, coord=(37.83628463745117, 128.2170867919922, alt=1201))
2026-05-21T04:35:29.487758Z [ATTACK] [TIME] load_target_entries=6ms
2026-05-21T04:35:29.488582Z [ATTACK] STEP2 UAV tracking summary: watcher 5?’target 80, watcher 4?’target unknown-10, watcher 4?’target unknown-13, watcher 4?’target unknown-17, watcher 4?’target unknown-2, watcher 5?’target unknown-12, watcher 5?’target unknown-15, watcher 5?’target unknown-16, watcher 5?’target unknown-3, watcher 5?’target unknown-4, watcher 5?’target unknown-6, watcher 5?’target unknown-7, watcher 5?’target unknown-8, watcher 5?’target unknown-9, watcher 6?’target unknown-1, watcher 6?’target unknown-11, watcher 6?’target unknown-5, watcher 4?’target 77, watcher 6?’target 78, watcher 5?’target 79
2026-05-21T04:35:29.489391Z [ATTACK] STEP2.5 Using bundled 0402 targets: target=80 watcher=5
2026-05-21T04:35:29.495954Z [ATTACK] [ATTACK] Selected target id=80 type=1 weaponType=2 (preferred=2, ammo={'type1': 500, 'type2': 7, 'type3': 2})
2026-05-21T04:35:29.504116Z [ATTACK] [TIME] compute_attack_point=7ms
2026-05-21T04:35:29.504702Z [ATTACK] STEP3 Attack plan completed: lat=37.899301, lon=128.185066, alt=967m
2026-05-21T04:35:29.505348Z [ATTACK] [ATTACK] Using remembered waypoint 248 for watcher 5 while auto-tracking.
2026-05-21T04:35:29.508589Z [ATTACK] [ATTACK] Weapon choice aircraft=2 preferred=2 selected=2 ammo={'type1': 500, 'type2': 7, 'type3': 2}
2026-05-21T04:35:29.509080Z [ATTACK] [ATTACK][ETA] Tracking ETA computed with LAH max attack speed (dist=7549.8m, speed=73.61m/s, +30s) -> 133s
2026-05-21T04:35:29.517802Z [ATTACK] [ATTACK] Using requested missionPlanID 700000009 (sourcePlanID=700000008)
2026-05-21T04:35:29.533840Z [ATTACK] [ATTACK][POINT] Primary target adaptive standoff mode=far_projected_to_preferred_standoff currentDist=9549.799718126947m candidateDist=2000.000000000453m standoff=300.0/2000.0m.
2026-05-21T04:35:29.536693Z [ATTACK] [ATTACK][ETA] UAV 4 remaining mission time: 0.0s
2026-05-21T04:35:29.541309Z [ATTACK] [ATTACK][ETA] UAV 6 remaining mission time: 0.0s
2026-05-21T04:35:29.541881Z [ATTACK] [ATTACK][ETA] Non-tracking UAV ETA selected: UAV 4 with 0s remaining
2026-05-21T04:35:29.542405Z [ATTACK] [ATTACK][ETA] All tracking ETAs unified to 0s
2026-05-21T04:35:29.564832Z [ATTACK] [ATTACK][COLLAB] Remaining UAV entry lookahead applied: 9.0s (pathFollow=3, linearFallback=3, currentOnly=0)
2026-05-21T04:35:29.566485Z [ATTACK] [PRIOR] Falling back to first mission for aircraft 2 (current waypoint not found in plan).
2026-05-21T04:35:30.142923Z [ATTACK] [ATTACK][LAH] Using max attack speed 73.61m/s (265.0km/h) for aircraft 2.
2026-05-21T04:35:30.145970Z [ATTACK] [ATTACK][LAH] Inferred current waypoint from position -> 77.
2026-05-21T04:35:30.146718Z [ATTACK] [ATTACK][LAH] Dropped current waypoint from resume path (currentWP=77, nextWP=78).
2026-05-21T04:35:30.950207Z [ATTACK] [ATTACK][LAH] Preserved completed prefix, inserted attack, and reattached 2 follow-up mission(s).
2026-05-21T04:35:30.963119Z [ATTACK] [ATTACK][LAH] Generated attack/resume missions -> IMP:800000041.json PATHS:200000018.json/200000019.json (followUps=2)
2026-05-21T04:35:30.963784Z [ATTACK] [PRIOR] Falling back to first mission for aircraft 1 (current waypoint not found in plan).
2026-05-21T04:35:31.211512Z [ATTACK] [ATTACK][LAH] Inferred current waypoint from position -> 71.
2026-05-21T04:35:31.212751Z [ATTACK] [ATTACK][LAH] Dropped current waypoint from resume path (currentWP=71, nextWP=72).
2026-05-21T04:35:31.940949Z [ATTACK] [ATTACK][LAH] Preserved completed prefix, inserted hold, and reattached 2 follow-up mission(s).
2026-05-21T04:35:31.953283Z [ATTACK] [ATTACK][LAH] Generated hold/resume missions -> IMP:800000044.json PATHS:100000017.json/100000018.json (followUps=2)
2026-05-21T04:35:31.956161Z [ATTACK] [PRIOR] Falling back to first mission for aircraft 3 (current waypoint not found in plan).
2026-05-21T04:35:31.987679Z [ATTACK] [ATTACK][LAH] Inferred current waypoint from position -> 83.
2026-05-21T04:35:31.988594Z [ATTACK] [ATTACK][LAH] Dropped current waypoint from resume path (currentWP=83, nextWP=84).
2026-05-21T04:35:32.637512Z [ATTACK] [ATTACK][LAH] Preserved completed prefix, inserted hold, and reattached 2 follow-up mission(s).
2026-05-21T04:35:32.644191Z [ATTACK] [ATTACK][LAH] Generated hold/resume missions -> IMP:800000045.json PATHS:300000017.json/300000018.json (followUps=2)
2026-05-21T04:35:32.645882Z [ATTACK] [NEXTCOLLAB] division planner area-division pieces=2
2026-05-21T04:35:32.646536Z [ATTACK] [NEXTCOLLAB] division planner final workflow=no_split paths=2
2026-05-21T04:35:32.647183Z [ATTACK] [ATTACK][COLLAB] Collaborative replacement IMP written (aircraft=4, imp=800000046.json, missions=1).
2026-05-21T04:35:32.647851Z [ATTACK] [ATTACK][COLLAB] Collaborative replacement IMP written (aircraft=6, imp=800000047.json, missions=1).
2026-05-21T04:35:32.648449Z [ATTACK] [ATTACK][COLLAB] First sweep searchSpeed boosted (aircraft=4, pathID=400000029, waypointID=323, factor=1.30, old=658.66, new=856.26).
2026-05-21T04:35:32.649052Z [ATTACK] [ATTACK][COLLAB] First sweep searchSpeed boosted (aircraft=6, pathID=600000026, waypointID=336, factor=1.30, old=931.19, new=1210.55).
2026-05-21T04:35:32.649772Z [ATTACK] [ATTACK][COLLAB] Collaborative remaining mission replanned (inputMissionID=2, unavailable=[5], remaining=[4, 6], workflow=no_split).
2026-05-21T04:35:32.657908Z [ATTACK] [ATTACK][UAV] Tracking target altitude kept for sensor only; flight altitude replaced 667m -> 1886m.
2026-05-21T04:35:32.770983Z [ATTACK] [ATTACK][UAV] Source path has a single waypoint; preserving it as done and skipping done/resume split.
2026-05-21T04:35:32.945528Z [ATTACK] [ATTACK][COLLAB] Tracking UAV resume replaced with release transit (aircraft=5, targetFinishEta=93, speed=58.0m/s).
2026-05-21T04:35:32.947865Z [ATTACK] [ATTACK][UAV] Preserved completed prefix, inserted tracking, and reattached 1 follow-up mission(s).
2026-05-21T04:35:33.001818Z [ATTACK] [ATTACK][UAV] Generated tracking/resume missions -> IMP:800000048.json PATHS:500000024.json/500000025.json (followUps=1)
2026-05-21T04:35:33.010430Z [ATTACK] [ATTACK][UAV] Tracking assignment state saved (aircraft=5, sourcePlan=700000008, attackPlan=700000009).
2026-05-21T04:35:33.011266Z [ATTACK] [ATTACK][COLLAB] Aircraft 4 handled by collaborative remaining replan (inputMissionID=2).
2026-05-21T04:35:33.011959Z [ATTACK] [ATTACK][COLLAB] Aircraft 6 handled by collaborative remaining replan (inputMissionID=2).
2026-05-21T04:35:33.022287Z [ATTACK] [ATTACK][PLAN] carried area remaining snapshot -> mission_area_snapshot_700000009.json (sourcePlanID=700000008, planID=700000009)
2026-05-21T04:35:33.022787Z [ATTACK] [ATTACK][PLAN] MissionPlan saved -> 700000009.json (planID=700000009)
2026-05-21T04:35:33.023729Z [ATTACK] [ATTACK][TIME] override_detail={"phases": {"metadata_normalize": {"elapsedMs": 0.007, "attackTargetCount": 1, "selectedMannedCount": 1}, "agent_index": {"elapsedMs": 0.082, "aircraftCount": 6}, "weapon_choice": {"elapsedMs": 2.773, "selectedWeaponType": 2, "ammoAvailable": true}, "initial_tracking_eta": {"elapsedMs": 0.497, "useDetectionTracking": true, "trackingEtaS": 133}, "resolve_source_plan": {"elapsedMs": 1.013, "sourcePlanID": 700000008}, "source_plan_load": {"elapsedMs": 0.574, "sourcePlanID": 700000008, "aircraftCount": 6}, "sweep_progress_load": {"elapsedMs": 6.514, "entries": 18}, "plan_id_resolve": {"elapsedMs": 0.019, "requested": true, "missionPlanID": 700000009}, "source_artifact_cache_build": {"elapsedMs": 0.016, "aircraftEntries": 6}, "done_input_ids_load": {"elapsedMs": 1.54, "count": 1}, "plan_deepcopy": {"elapsedMs": 0.052}, "target_uav_assignment": {"elapsedMs": 7.858, "assignedTargetCount": 1, "usedTrackingUavCount": 1}, "manned_sequence_assignment": {"elapsedMs": 3.693, "aircraftCount": 1, "error": null}, "attack_coordinate_resolution": {"elapsedMs": 2.915, "resolvedCount": 1, "mannedSequenceCount": 1}, "remaining_eta": {"elapsedMs": 7.768, "allUavCount": 3, "trackingUavCount": 1, "computedEtaCount": 1, "adjustedEtaS": 0}, "descriptor_list_build": {"elapsedMs": 0.042, "descriptorCount": 6, "activeMannedCount": 1, "otherLahCount": 2, "otherUavCount": 2}, "collab_tracking_scan": {"elapsedMs": 2.415, "inputCount": 1, "unavailableUavCount": 1}, "collab_agent_state_map": {"elapsedMs": 20.017, "aircraftCount": 6}, "collab_parallel_started": {"elapsedMs": 0.661, "inputCount": 1, "workers": 1}, "collab_parallel_join": {"elapsedMs": 4.562, "waitReason": "UAV_TRACK", "inputCount": 1}, "descriptor_loop": {"elapsedMs": 3446.161, "descriptorCount": 6, "updateCount": 4}, "final_collab_plan_update": {"elapsedMs": 0.01, "collabInputCount": 1}, "mission_plan_write": {"elapsedMs": 10.301, "missionPlanID": 700000009}, "option_meta_build": {"elapsedMs": 0.038, "targetCount": 1, "collabInputCount": 1}}, "collabRuns": [{"inputMissionID": 2, "unavailableAircraftIDs": [5], "elapsedMs": 2873.091, "status": "ok", "replacementAircraftIDs": [4, 6], "generatedPathCount": 2, "finishEtaS": 93, "workflow": "no_split"}], "descriptorDetails": [{"aircraftID": 2, "label": "manned", "mode": "LAH_ATTACK", "resolveArtifacts": {"elapsedMs": 0.889, "currentWaypointID": null, "sourcePathID": 200000001, "sourceImpID": 800000008}, "loadArtifacts": {"elapsedMs": 0.004, "impLoaded": true, "fpLoaded": true}, "cloneAndLocateMission": {"elapsedMs": 0.142, "missionCount": 3, "targetIndex": 0}, "allocateAndPlanUpdate": {"elapsedMs": 85.493, "newImpID": 800000041}, "builder": {"elapsedMs": 1310.678, "builderMode": "LAH_ATTACK"}, "builderDetail": {"allocate_ids": {"elapsedMs": 486.856, "attackPathID": 200000018, "resumePathID": 200000019, "attackIndividualID": 900000100, "resumeIndividualID": 900000101, "entryWaypointID": 302, "attackWaypointID": 303}, "split_lah_resume": {"elapsedMs": 272.158, "resumeWaypointCount": 1, "removedWaypointID": 77}, "clone_followups": {"elapsedMs": 440.844, "followUpMissionCount": 2, "followUpPathCount": 2}, "payload_build": {"elapsedMs": 93.412, "hasResume": true, "followUpMissionCount": 2, "attackSpeedMps": 73.61}, "write_json": {"elapsedMs": 10.287, "fileCount": 5}, "totalMs": 1307.721}, "status": "ok", "elapsedMs": 1397.328}, {"aircraftID": 1, "label": "lah_hold_1", "mode": "LAH_HOLD_RESUME", "resolveArtifacts": {"elapsedMs": 0.524, "currentWaypointID": null, "sourcePathID": 100000001, "sourceImpID": 800000007}, "loadArtifacts": {"elapsedMs": 0.004, "impLoaded": true, "fpLoaded": true}, "cloneAndLocateMission": {"elapsedMs": 0.129, "missionCount": 3, "targetIndex": 0}, "allocateAndPlanUpdate": {"elapsedMs": 114.368, "newImpID": 800000044}, "builder": {"elapsedMs": 876.991, "builderMode": "LAH_HOLD_RESUME"}, "builderDetail": {"allocate_ids": {"elapsedMs": 128.621, "holdPathID": 100000017, "resumePathID": 100000018, "holdIndividualID": 900000110, "resumeIndividualID": 900000111}, "split_lah_resume": {"elapsedMs": 394.523, "resumeWaypointCount": 1, "removedWaypointID": 71}, "clone_followups": {"elapsedMs": 245.506, "followUpMissionCount": 2, "followUpPathCount": 2}, "payload_build": {"elapsedMs": 338.712, "hasResume": true, "followUpMissionCount": 2}, "write_json": {"elapsedMs": 6.307, "fileCount": 5}, "totalMs": 876.939}, "status": "ok", "elapsedMs": 992.155}, {"aircraftID": 3, "label": "lah_hold_3", "mode": "LAH_HOLD_RESUME", "resolveArtifacts": {"elapsedMs": 1.067, "currentWaypointID": null, "sourcePathID": 300000001, "sourceImpID": 800000009}, "loadArtifacts": {"elapsedMs": 0.01, "impLoaded": true, "fpLoaded": true}, "cloneAndLocateMission": {"elapsedMs": 0.181, "missionCount": 3, "targetIndex": 0}, "allocateAndPlanUpdate": {"elapsedMs": 8.969, "newImpID": 800000045}, "builder": {"elapsedMs": 679.415, "builderMode": "LAH_HOLD_RESUME"}, "builderDetail": {"allocate_ids": {"elapsedMs": 18.505, "holdPathID": 300000017, "resumePathID": 300000018, "holdIndividualID": 900000114, "resumeIndividualID": 900000115}, "split_lah_resume": {"elapsedMs": 303.428, "resumeWaypointCount": 1, "removedWaypointID": 83}, "clone_followups": {"elapsedMs": 281.153, "followUpMissionCount": 2, "followUpPathCount": 2}, "payload_build": {"elapsedMs": 348.992, "hasResume": true, "followUpMissionCount": 2}, "write_json": {"elapsedMs": 5.239, "fileCount": 5}, "totalMs": 679.372}, "status": "ok", "elapsedMs": 689.792}, {"aircraftID": 5, "label": "uav_tracking_5", "mode": "UAV_TRACK", "resolveArtifacts": {"elapsedMs": 0.026, "currentWaypointID": 248, "sourcePathID": 500000014, "sourceImpID": 800000033}, "loadArtifacts": {"elapsedMs": 0.005, "impLoaded": true, "fpLoaded": true}, "cloneAndLocateMission": {"elapsedMs": 0.194, "missionCount": 2, "targetIndex": 0}, "allocateAndPlanUpdate": {"elapsedMs": 7.063, "newImpID": 800000048}, "builder": {"elapsedMs": 344.677, "builderMode": "UAV_TRACK"}, "builderDetail": {"allocate_ids": {"elapsedMs": 109.492, "donePathID": 500000023, "attackPathID": 500000024, "resumePathID": 500000025, "trackingIndividualID": 900000118, "resumeIndividualID": 900000119, "targetWaypointID": 342}, "split_done_resume": {"elapsedMs": 1.612, "sourceSinglePoint": true, "doneWaypointCount": 1, "resumeWaypointCount": 0, "removedWaypointID": 248}, "clone_followups": {"elapsedMs": 101.642, "followUpMissionCount": 1, "followUpPathCount": 1}, "release_resume": {"elapsedMs": 71.319, "releaseWaypointCount": 2, "targetFinishEtaS": 93}, "write_json": {"elapsedMs": 52.19, "fileCount": 5}, "totalMs": 342.082}, "trackingState": {"elapsedMs": 7.843}, "status": "ok", "elapsedMs": 360.503}, {"aircraftID": 4, "label": "uav_resume_4", "mode": "UAV_RESUME", "resolveArtifacts": {"elapsedMs": 0.023, "currentWaypointID": 237, "sourcePathID": 400000020, "sourceImpID": 800000031}, "loadArtifacts": {"elapsedMs": 0.004, "impLoaded": true, "fpLoaded": true}, "cloneAndLocateMission": {"elapsedMs": 0.137, "missionCount": 2, "targetIndex": 0}, "status": "handled_by_collab", "elapsedMs": 0.677}, {"aircraftID": 6, "label": "uav_resume_6", "mode": "UAV_RESUME", "resolveArtifacts": {"elapsedMs": 0.016, "currentWaypointID": 262, "sourcePathID": 600000017, "sourceImpID": 800000034}, "loadArtifacts": {"elapsedMs": 0.002, "impLoaded": true, "fpLoaded": true}, "cloneAndLocateMission": {"elapsedMs": 0.128, "missionCount": 2, "targetIndex": 0}, "status": "handled_by_collab", "elapsedMs": 0.618}], "totalMs": 3513}
2026-05-21T04:35:33.024191Z [ATTACK] [ATTACK][TIME] override_total=3513ms
2026-05-21T04:35:33.024739Z [ATTACK] [TIME] apply_attack_plan_overrides=3520ms
2026-05-21T04:35:33.031623Z [ATTACK] [TIME] timingMs={"read_source": 19.421, "descriptor_build": 7.337, "write_artifacts": 3529.287, "delivery_wait": 6.434}
2026-05-21T04:35:33.032114Z [ATTACK] [TIME] total=3563ms
2026-05-21T04:35:33.036158Z [ATTACK] 분석 로그 저장: C:\Users\TRL98\Desktop\LAH_MUMT\Logs\Scenario_2026-05-21T132543\SBC3\DSS_Internal\log_attack_algorithm_20260521T043533_032643.json
2026-05-21T04:35:33.037374Z [ATTACK] mark target used: targetIDs=80
2026-05-21T04:35:33.055453Z [ATTACK-EXCLUDE] ATTACK-EXCLUDE using requested missionPlanID 700000010 (sourcePlanID=700000008)
2026-05-21T04:35:33.056084Z [ATTACK-EXCLUDE] [PRIOR][UAV] Resume sweep trim applied (cutPoints=5, rawCutPoints=5, doneSweepPoints=0, pathID=400000020).
2026-05-21T04:35:33.056867Z [ATTACK-EXCLUDE] [PRIOR][UAV] Resume searchSpeed scaled (factor=1.30, waypoints=1).
2026-05-21T04:35:33.057365Z [ATTACK-EXCLUDE] [PRIOR][UAV] Generated done/resume mission -> aircraft=4 IMP:800000040.json PATHS:400000027.json
2026-05-21T04:35:33.058180Z [ATTACK-EXCLUDE] [PRIOR][UAV] Resume sweep trim applied (cutPoints=5, rawCutPoints=5, doneSweepPoints=0, pathID=500000014).
2026-05-21T04:35:33.058865Z [ATTACK-EXCLUDE] [PRIOR][UAV] Resume searchSpeed scaled (factor=1.30, waypoints=1).
2026-05-21T04:35:33.059528Z [ATTACK-EXCLUDE] [PRIOR][UAV] Generated done/resume mission -> aircraft=5 IMP:800000042.json PATHS:500000021.json
2026-05-21T04:35:33.060184Z [ATTACK-EXCLUDE] [PRIOR][UAV] Resume sweep trim applied (cutPoints=11, rawCutPoints=11, doneSweepPoints=0, pathID=600000017).
2026-05-21T04:35:33.060764Z [ATTACK-EXCLUDE] [PRIOR][UAV] Resume searchSpeed scaled (factor=1.30, waypoints=1).
2026-05-21T04:35:33.061368Z [ATTACK-EXCLUDE] [PRIOR][UAV] Generated done/resume mission -> aircraft=6 IMP:800000043.json PATHS:600000024.json
2026-05-21T04:35:33.062000Z [ATTACK-EXCLUDE] 공격 배제 MissionPlan 저장 -> 700000010.json (planID=700000010)
2026-05-21T04:35:33.062578Z [ATTACK-EXCLUDE] ATTACK-EXCLUDE carried area remaining snapshot -> mission_area_snapshot_700000010.json (sourcePlanID=700000008, planID=700000010)
2026-05-21T04:35:33.279422Z [ATTACK] 공격 임무 계획 완료 (planIds=700000009)
2026-05-21T04:35:33.280615Z [INFO] UAV params loaded (cruise=40.00, turn_step=15.0)
2026-05-21T04:35:33.281147Z [INFO] Latest input snapshot → 0201:ID=1,ts=832652848738,src=-, 0203:ID=1,ts=832652848760,src=-
2026-05-21T04:35:33.281644Z [STEP 0] Using latest 0201 ID 1 (1.json)
2026-05-21T04:35:33.282180Z [STEP 0] Using latest 0203 ID 1 (1.json)
2026-05-21T04:35:33.282639Z [CHECK] 0201/0203 필수 데이터 확인 시작
2026-05-21T04:35:33.283052Z [OK] 0201 inputMissionList 확인됨 (count=3) → 진행
2026-05-21T04:35:33.283427Z [OK] 0201 availableAircraftList 확인됨 (count=6) → 진행
2026-05-21T04:35:33.283794Z [OK] 0201 inputMissionPackageType=1 확인
2026-05-21T04:35:33.284189Z [OK] 0201 mainSensor=1 확인
2026-05-21T04:35:33.284617Z [CHECK] 0201 기체 수=6 (UAV=3, LAH=3)
2026-05-21T04:35:33.285204Z [CHECK] 0201 임무: total=3 missingID=0 missingDetail=0 missingShape=0 unknownType=0 typeZeroAuto=0 typeZeroInvalid=0 lineOnlyViolation=0 skippedSinglePoint=0
2026-05-21T04:35:33.285659Z [OK] 0203 takeOverInfoList 확인됨 (count=3) → 진행
2026-05-21T04:35:33.286068Z [OK] 0203 handOverInfoList 확인됨 (count=3) → 진행
2026-05-21T04:35:33.286500Z [OK] 0203 flightAreaList 확인됨 (count=1) → 진행
2026-05-21T04:35:33.287051Z [CHECK] 0203 flightAreaList count=1
2026-05-21T04:35:33.287482Z [INFO] 임무 진행영역 스냅샷 적용: sourcePlan=700000008, updated=2, done=0
2026-05-21T04:35:33.287911Z [INFO] 임무 진행영역 재계획 collapse 적용: groups=2, normalized=2, 3
2026-05-21T04:35:33.289741Z [INFO] Filtered completed input missions (removed=1, converted=-, widthAdjusted=-, skippedSinglePoint=-, snapshot=updated=2, done=0, collapse=groups=2, normalized=2,3)
2026-05-21T04:35:33.290222Z [REPLAN][TIME] variant_started_ms=3596.7 wall_ms=1779338133055 variant=1 option=3 mode=attack_exclusion
2026-05-21T04:35:33.290679Z [variant 1] 공격 배제 병렬 결과 병합
2026-05-21T04:35:33.291103Z [REPLAN][TIME] attack_exclusion_parallel_joined_ms=3604.6 wall_ms=1779338133063 variant=1 duration_ms=1950.346 wait_ms=0.012
2026-05-21T04:35:33.291496Z [OK] 공격 배제 variant 저장: MissionPlanID=700000010 (elapsed=1950.3 ms)
2026-05-21T04:35:33.291880Z [INFO] Option mapping #1: planID=700000010, optionCode=3(공격배제)
2026-05-21T04:35:33.292259Z [REPLAN][TIME] variant_finished_ms=3604.8 wall_ms=1779338133063 variant=1 option=3 mode=attack_exclusion status=success duration_ms=1950.346
2026-05-21T04:35:33.292637Z [OK] Stored mission data: MissionPlan=1, IndividualMission=0, FlightPath=0
2026-05-21T04:35:33.293021Z [REPLAN][TIME] id_tab_update_deferred_ms=3606.0 wall_ms=1779338133064
2026-05-21T04:35:33.293394Z [REPLAN][TIME] pipeline_done_ms=3606.0 wall_ms=1779338133064 plans=2 force_direct=False
2026-05-21T04:35:33.293772Z [REPLAN][TIME] 0301_queued_ms=3606.1 wall_ms=1779338133064 plans=2
2026-05-21T04:35:33.294148Z [STEP 4] 0301 push queued (planIds=700000009, 700000010)
2026-05-21T04:35:33.295134Z [0402] delivery suppressed before 0301: Target 정보 변경으로 인한 재계획 중단
2026-05-21T04:35:33.296537Z [0001] notice sent: Target 정보 변경으로 인한 재계획 중단
2026-05-21T04:35:33.297451Z [REPLAN][METRIC] source_artifact_cache entries=24 hits=42 misses=24
2026-05-21T04:35:33.715784Z [REPLAN][TIME] 0902_received_ms=0.3 wall_ms=1779338133715 trigger=attack_2_option replanLevel=2 optionCount=2 forceDirect=0
2026-05-21T04:35:33.716912Z [REPLAN][TIME] 0902_archived_ms=1.5 wall_ms=1779338133716 path=replan_request_832653331950.json
2026-05-21T04:35:33.717542Z [AUTO] 0902 received (planIds=700000011, 700000012)
2026-05-21T04:35:33.718204Z [REPLAN][TIME] pipeline_scheduled_ms=2.8 wall_ms=1779338133718 delay_ms=0
2026-05-21T04:35:33.719525Z [REPLAN][TIME] scheduled_start_ms=3.9 wall_ms=1779338133719
2026-05-21T04:35:33.721907Z [REPLAN][TIME] 0305_status_1_ms=6.4 wall_ms=1779338133721 reason=표적81 등 2개 발견
2026-05-21T04:35:33.722648Z [0305] status=1, reason=표적81 등 2개 발견 전송
2026-05-21T04:35:33.729812Z [INFO] Using latest 0203 ID 1 for missionReferencePackageID (fallback)
2026-05-21T04:35:33.730761Z [STEP 0] Replan pipeline start (reason=표적81 등 2개 발견)
2026-05-21T04:35:33.733185Z [REPLAN][TIME] attack_exclusion_parallel_started_ms=14.0 wall_ms=1779338133729 option_index=2 sourcePlanID=700000008
2026-05-21T04:35:33.733788Z [ATTACK-EXCLUDE] parallel generation started (sourcePlanID=700000008, optionIndex=2)
2026-05-21T04:35:33.734387Z [ATTACK] 공격 특화 재계획 요청 감지 → 전용 파이프라인 실행
2026-05-21T04:35:33.740563Z [ATTACK] [TIME] select_manned_aircraft=11ms
2026-05-21T04:35:33.741167Z [ATTACK] STEP1 Selected manned aircraft: aircraft 3 (fuel=1200.0, coord=(37.79005432128906, 128.18545532226562, alt=1206))
2026-05-21T04:35:33.742426Z [ATTACK] [TIME] load_target_entries=1ms
2026-05-21T04:35:33.742968Z [ATTACK] STEP2 UAV tracking summary: watcher 5?’target 80, watcher 4?’target 81, watcher 4?’target unknown-10, watcher 4?’target unknown-13, watcher 4?’target unknown-17, watcher 4?’target unknown-2, watcher 5?’target unknown-12, watcher 5?’target unknown-15, watcher 5?’target unknown-16, watcher 5?’target unknown-3, watcher 5?’target unknown-4, watcher 5?’target unknown-6, watcher 5?’target unknown-7, watcher 5?’target unknown-8, watcher 5?’target unknown-9, watcher 6?’target unknown-1, watcher 6?’target unknown-11, watcher 6?’target unknown-5, watcher 4?’target 77, watcher 6?’target 78, watcher 5?’target 79
2026-05-21T04:35:33.743669Z [ATTACK] STEP2.5 Using bundled 0402 targets: target=81 watcher=4, target=80 watcher=5
2026-05-21T04:35:33.748202Z [ATTACK] STEP2.6 Multi-target manned selection: 2, 3
2026-05-21T04:35:33.753792Z [ATTACK] [ATTACK] Selected target id=81 type=1 weaponType=2 (preferred=2, ammo={'type1': 500, 'type2': 7, 'type3': 2})
2026-05-21T04:35:33.760910Z [ATTACK] [TIME] compute_attack_point=6ms
2026-05-21T04:35:33.761480Z [ATTACK] STEP3 Attack plan completed: lat=37.899923, lon=128.181693, alt=983m
2026-05-21T04:35:33.762176Z [ATTACK] [ATTACK] Using remembered waypoint 237 for watcher 4 while auto-tracking.
2026-05-21T04:35:33.766209Z [ATTACK] [ATTACK] Weapon choice aircraft=2 preferred=2 selected=2 ammo={'type1': 500, 'type2': 7, 'type3': 2}
2026-05-21T04:35:33.767072Z [ATTACK] [ATTACK][ETA] Tracking ETA computed with LAH max attack speed (dist=7625.9m, speed=73.61m/s, +30s) -> 134s
2026-05-21T04:35:33.777327Z [ATTACK] [ATTACK] Using requested missionPlanID 700000011 (sourcePlanID=700000008)
2026-05-21T04:35:33.799706Z [ATTACK] [ATTACK][POINT] Primary target adaptive standoff mode=candidate_within_standoff currentDist=9625.940672493613m candidateDist=1999.9999999997808m standoff=300.0/2000.0m.
2026-05-21T04:35:33.818324Z [ATTACK] [ATTACK][ETA] UAV 6 remaining mission time: 0.0s
2026-05-21T04:35:33.818997Z [ATTACK] [ATTACK][ETA] Non-tracking UAV ETA selected: UAV 6 with 0s remaining
2026-05-21T04:35:33.819688Z [ATTACK] [ATTACK][ETA] All tracking ETAs unified to 0s
2026-05-21T04:35:33.854973Z [ATTACK] [ATTACK][COLLAB] Remaining UAV entry lookahead applied: 9.0s (pathFollow=3, linearFallback=3, currentOnly=0)
2026-05-21T04:35:33.858181Z [ATTACK] [PRIOR] Falling back to first mission for aircraft 2 (current waypoint not found in plan).
2026-05-21T04:35:34.419704Z [ATTACK] [ATTACK][LAH] Using max attack speed 73.61m/s (265.0km/h) for aircraft 2.
2026-05-21T04:35:34.425349Z [ATTACK] [ATTACK][LAH] Inferred current waypoint from position -> 77.
2026-05-21T04:35:34.428417Z [ATTACK] [ATTACK][LAH] Dropped current waypoint from resume path (currentWP=77, nextWP=78).
2026-05-21T04:35:35.439014Z [ATTACK] [ATTACK][LAH] Preserved completed prefix, inserted attack, and reattached 2 follow-up mission(s).
2026-05-21T04:35:35.448270Z [ATTACK] [ATTACK][LAH] Generated attack/resume missions -> IMP:800000050.json PATHS:200000022.json/200000023.json (followUps=2)
2026-05-21T04:35:35.449298Z [ATTACK] [PRIOR] Falling back to first mission for aircraft 3 (current waypoint not found in plan).
2026-05-21T04:35:35.924741Z [ATTACK] [ATTACK][LAH] Using max attack speed 73.61m/s (265.0km/h) for aircraft 3.
2026-05-21T04:35:35.928806Z [ATTACK] [ATTACK][LAH] Inferred current waypoint from position -> 83.
2026-05-21T04:35:35.929619Z [ATTACK] [ATTACK][LAH] Dropped current waypoint from resume path (currentWP=83, nextWP=84).
2026-05-21T04:35:36.427709Z [ATTACK] [ATTACK][LAH] Preserved completed prefix, inserted attack, and reattached 2 follow-up mission(s).
2026-05-21T04:35:36.439575Z [ATTACK] [ATTACK][LAH] Generated attack/resume missions -> IMP:800000053.json PATHS:300000021.json/300000022.json (followUps=2)
2026-05-21T04:35:36.440482Z [ATTACK] [PRIOR] Falling back to first mission for aircraft 1 (current waypoint not found in plan).
2026-05-21T04:35:36.473597Z [ATTACK] [ATTACK][LAH] Inferred current waypoint from position -> 71.
2026-05-21T04:35:36.474279Z [ATTACK] [ATTACK][LAH] Dropped current waypoint from resume path (currentWP=71, nextWP=72).
2026-05-21T04:35:36.968767Z [ATTACK] [ATTACK][LAH] Preserved completed prefix, inserted hold, and reattached 2 follow-up mission(s).
2026-05-21T04:35:36.974969Z [ATTACK] [ATTACK][LAH] Generated hold/resume missions -> IMP:800000055.json PATHS:100000021.json/100000022.json (followUps=2)
2026-05-21T04:35:36.976788Z [ATTACK] [NEXTCOLLAB] division planner area-division pieces=1
2026-05-21T04:35:36.977280Z [ATTACK] [NEXTCOLLAB] division planner final workflow=no_split paths=1
2026-05-21T04:35:36.977807Z [ATTACK] [ATTACK][COLLAB] Collaborative replacement IMP written (aircraft=6, imp=800000054.json, missions=1).
2026-05-21T04:35:36.978256Z [ATTACK] [ATTACK][COLLAB] First sweep searchSpeed boosted (aircraft=6, pathID=600000027, waypointID=369, factor=1.30, old=905.62, new=1177.31).
2026-05-21T04:35:36.978640Z [ATTACK] [ATTACK][COLLAB] Collaborative remaining mission replanned (inputMissionID=2, unavailable=[4, 5], remaining=[6], workflow=no_split).
2026-05-21T04:35:36.985914Z [ATTACK] [ATTACK][UAV] Tracking target altitude kept for sensor only; flight altitude replaced 683m -> 1947m.
2026-05-21T04:35:37.107015Z [ATTACK] [ATTACK][UAV] Source path has a single waypoint; preserving it as done and skipping done/resume split.
2026-05-21T04:35:37.303891Z [ATTACK] [ATTACK][COLLAB] Tracking UAV resume replaced with release transit (aircraft=4, targetFinishEta=87, speed=58.0m/s).
2026-05-21T04:35:37.306066Z [ATTACK] [ATTACK][UAV] Preserved completed prefix, inserted tracking, and reattached 1 follow-up mission(s).
2026-05-21T04:35:37.350405Z [ATTACK] [ATTACK][UAV] Generated tracking/resume missions -> IMP:800000056.json PATHS:400000034.json/400000035.json (followUps=1)
2026-05-21T04:35:37.361455Z [ATTACK] [ATTACK][UAV] Tracking assignment state saved (aircraft=4, sourcePlan=700000008, attackPlan=700000011).
2026-05-21T04:35:37.369079Z [ATTACK] [ATTACK][UAV] Tracking target altitude kept for sensor only; flight altitude replaced 667m -> 1886m.
2026-05-21T04:35:37.493729Z [ATTACK] [ATTACK][UAV] Source path has a single waypoint; preserving it as done and skipping done/resume split.
2026-05-21T04:35:37.684205Z [ATTACK] [ATTACK][COLLAB] Tracking UAV resume replaced with release transit (aircraft=5, targetFinishEta=87, speed=58.0m/s).
2026-05-21T04:35:37.685763Z [ATTACK] [ATTACK][UAV] Preserved completed prefix, inserted tracking, and reattached 1 follow-up mission(s).
2026-05-21T04:35:37.724335Z [ATTACK] [ATTACK][UAV] Generated tracking/resume missions -> IMP:800000057.json PATHS:500000031.json/500000032.json (followUps=1)
2026-05-21T04:35:37.727823Z [ATTACK] [ATTACK][UAV] Tracking assignment state saved (aircraft=5, sourcePlan=700000008, attackPlan=700000011).
2026-05-21T04:35:37.728894Z [ATTACK] [ATTACK][COLLAB] Aircraft 6 handled by collaborative remaining replan (inputMissionID=2).
2026-05-21T04:35:37.740383Z [ATTACK] [ATTACK][PLAN] carried area remaining snapshot -> mission_area_snapshot_700000011.json (sourcePlanID=700000008, planID=700000011)
2026-05-21T04:35:37.740954Z [ATTACK] [ATTACK][PLAN] MissionPlan saved -> 700000011.json (planID=700000011)
2026-05-21T04:35:37.742671Z [ATTACK] [ATTACK][TIME] override_detail={"phases": {"metadata_normalize": {"elapsedMs": 0.008, "attackTargetCount": 2, "selectedMannedCount": 2}, "agent_index": {"elapsedMs": 0.1, "aircraftCount": 6}, "weapon_choice": {"elapsedMs": 3.4, "selectedWeaponType": 2, "ammoAvailable": true}, "initial_tracking_eta": {"elapsedMs": 0.885, "useDetectionTracking": true, "trackingEtaS": 134}, "resolve_source_plan": {"elapsedMs": 1.316, "sourcePlanID": 700000008}, "source_plan_load": {"elapsedMs": 0.592, "sourcePlanID": 700000008, "aircraftCount": 6}, "sweep_progress_load": {"elapsedMs": 7.408, "entries": 18}, "plan_id_resolve": {"elapsedMs": 0.023, "requested": true, "missionPlanID": 700000011}, "source_artifact_cache_build": {"elapsedMs": 0.014, "aircraftEntries": 6}, "done_input_ids_load": {"elapsedMs": 1.084, "count": 1}, "plan_deepcopy": {"elapsedMs": 0.068}, "target_uav_assignment": {"elapsedMs": 6.896, "assignedTargetCount": 2, "usedTrackingUavCount": 2}, "manned_sequence_assignment": {"elapsedMs": 11.173, "aircraftCount": 2, "error": null}, "attack_coordinate_resolution": {"elapsedMs": 17.809, "resolvedCount": 2, "mannedSequenceCount": 2}, "remaining_eta": {"elapsedMs": 4.469, "allUavCount": 3, "trackingUavCount": 2, "computedEtaCount": 2, "adjustedEtaS": 0}, "descriptor_list_build": {"elapsedMs": 0.045, "descriptorCount": 6, "activeMannedCount": 2, "otherLahCount": 1, "otherUavCount": 1}, "collab_tracking_scan": {"elapsedMs": 5.07, "inputCount": 1, "unavailableUavCount": 2}, "collab_agent_state_map": {"elapsedMs": 31.667, "aircraftCount": 6}, "collab_parallel_started": {"elapsedMs": 0.702, "inputCount": 1, "workers": 1}, "collab_parallel_join": {"elapsedMs": 2.307, "waitReason": "UAV_TRACK", "inputCount": 1}, "descriptor_loop": {"elapsedMs": 3871.727, "descriptorCount": 6, "updateCount": 5}, "final_collab_plan_update": {"elapsedMs": 0.013, "collabInputCount": 1}, "mission_plan_write": {"elapsedMs": 11.192, "missionPlanID": 700000011}, "option_meta_build": {"elapsedMs": 0.051, "targetCount": 2, "collabInputCount": 1}}, "collabRuns": [{"inputMissionID": 2, "unavailableAircraftIDs": [4, 5], "elapsedMs": 2099.653, "status": "ok", "replacementAircraftIDs": [6], "generatedPathCount": 1, "finishEtaS": 87, "workflow": "no_split"}], "descriptorDetails": [{"aircraftID": 2, "label": "manned", "mode": "LAH_ATTACK", "resolveArtifacts": {"elapsedMs": 3.293, "currentWaypointID": null, "sourcePathID": 200000001, "sourceImpID": 800000008}, "loadArtifacts": {"elapsedMs": 0.006, "impLoaded": true, "fpLoaded": true}, "cloneAndLocateMission": {"elapsedMs": 0.183, "missionCount": 3, "targetIndex": 0}, "allocateAndPlanUpdate": {"elapsedMs": 65.9, "newImpID": 800000050}, "builder": {"elapsedMs": 1521.451, "builderMode": "LAH_ATTACK"}, "builderDetail": {"allocate_ids": {"elapsedMs": 488.062, "attackPathID": 200000022, "resumePathID": 200000023, "attackIndividualID": 900000123, "resumeIndividualID": 900000124, "entryWaypointID": 350, "attackWaypointID": 351}, "split_lah_resume": {"elapsedMs": 308.95, "resumeWaypointCount": 1, "removedWaypointID": 77}, "clone_followups": {"elapsedMs": 504.882, "followUpMissionCount": 2, "followUpPathCount": 2}, "payload_build": {"elapsedMs": 204.484, "hasResume": true, "followUpMissionCount": 2, "attackSpeedMps": 73.61}, "write_json": {"elapsedMs": 7.008, "fileCount": 5}, "totalMs": 1517.549}, "status": "ok", "elapsedMs": 1590.985}, {"aircraftID": 3, "label": "manned", "mode": "LAH_ATTACK", "resolveArtifacts": {"elapsedMs": 0.667, "currentWaypointID": null, "sourcePathID": 300000001, "sourceImpID": 800000009}, "loadArtifacts": {"elapsedMs": 0.006, "impLoaded": true, "fpLoaded": true}, "cloneAndLocateMission": {"elapsedMs": 0.121, "missionCount": 3, "targetIndex": 0}, "allocateAndPlanUpdate": {"elapsedMs": 7.305, "newImpID": 800000053}, "builder": {"elapsedMs": 982.939, "builderMode": "LAH_ATTACK"}, "builderDetail": {"allocate_ids": {"elapsedMs": 465.427, "attackPathID": 300000021, "resumePathID": 300000022, "attackIndividualID": 900000132, "resumeIndividualID": 900000133, "entryWaypointID": 367, "attackWaypointID": 371}, "split_lah_resume": {"elapsedMs": 260.974, "resumeWaypointCount": 1, "removedWaypointID": 83}, "clone_followups": {"elapsedMs": 164.439, "followUpMissionCount": 2, "followUpPathCount": 2}, "payload_build": {"elapsedMs": 76.617, "hasResume": true, "followUpMissionCount": 2, "attackSpeedMps": 73.61}, "write_json": {"elapsedMs": 10.256, "fileCount": 5}, "totalMs": 981.087}, "status": "ok", "elapsedMs": 991.167}, {"aircraftID": 1, "label": "lah_hold_1", "mode": "LAH_HOLD_RESUME", "resolveArtifacts": {"elapsedMs": 0.706, "currentWaypointID": null, "sourcePathID": 100000001, "sourceImpID": 800000007}, "loadArtifacts": {"elapsedMs": 0.006, "impLoaded": true, "fpLoaded": true}, "cloneAndLocateMission": {"elapsedMs": 0.167, "missionCount": 3, "targetIndex": 0}, "allocateAndPlanUpdate": {"elapsedMs": 7.691, "newImpID": 800000055}, "builder": {"elapsedMs": 527.572, "builderMode": "LAH_HOLD_RESUME"}, "builderDetail": {"allocate_ids": {"elapsedMs": 21.717, "holdPathID": 100000021, "resumePathID": 100000022, "holdIndividualID": 900000136, "resumeIndividualID": 900000137}, "split_lah_resume": {"elapsedMs": 255.701, "resumeWaypointCount": 1, "removedWaypointID": 71}, "clone_followups": {"elapsedMs": 164.007, "followUpMissionCount": 2, "followUpPathCount": 2}, "payload_build": {"elapsedMs": 242.102, "hasResume": true, "followUpMissionCount": 2}, "write_json": {"elapsedMs": 4.908, "fileCount": 5}, "totalMs": 527.525}, "status": "ok", "elapsedMs": 536.276}, {"aircraftID": 4, "label": "uav_tracking_4", "mode": "UAV_TRACK", "resolveArtifacts": {"elapsedMs": 0.019, "currentWaypointID": 237, "sourcePathID": 400000020, "sourceImpID": 800000031}, "loadArtifacts": {"elapsedMs": 0.003, "impLoaded": true, "fpLoaded": true}, "cloneAndLocateMission": {"elapsedMs": 0.138, "missionCount": 2, "targetIndex": 0}, "allocateAndPlanUpdate": {"elapsedMs": 6.518, "newImpID": 800000056}, "builder": {"elapsedMs": 365.348, "builderMode": "UAV_TRACK"}, "builderDetail": {"allocate_ids": {"elapsedMs": 118.333, "donePathID": 400000033, "attackPathID": 400000034, "resumePathID": 400000035, "trackingIndividualID": 900000140, "resumeIndividualID": 900000141, "targetWaypointID": 388}, "split_done_resume": {"elapsedMs": 0.873, "sourceSinglePoint": true, "doneWaypointCount": 1, "resumeWaypointCount": 0, "removedWaypointID": 237}, "clone_followups": {"elapsedMs": 104.302, "followUpMissionCount": 1, "followUpPathCount": 1}, "release_resume": {"elapsedMs": 92.155, "releaseWaypointCount": 2, "targetFinishEtaS": 87}, "write_json": {"elapsedMs": 42.872, "fileCount": 5}, "totalMs": 362.851}, "trackingState": {"elapsedMs": 10.183}, "status": "ok", "elapsedMs": 382.918}, {"aircraftID": 5, "label": "uav_tracking_5", "mode": "UAV_TRACK", "resolveArtifacts": {"elapsedMs": 0.025, "currentWaypointID": 248, "sourcePathID": 500000014, "sourceImpID": 800000033}, "loadArtifacts": {"elapsedMs": 0.004, "impLoaded": true, "fpLoaded": true}, "cloneAndLocateMission": {"elapsedMs": 0.181, "missionCount": 2, "targetIndex": 0}, "allocateAndPlanUpdate": {"elapsedMs": 6.601, "newImpID": 800000057}, "builder": {"elapsedMs": 356.084, "builderMode": "UAV_TRACK"}, "builderDetail": {"allocate_ids": {"elapsedMs": 121.781, "donePathID": 500000030, "attackPathID": 500000031, "resumePathID": 500000032, "trackingIndividualID": 900000143, "resumeIndividualID": 900000144, "targetWaypointID": 393}, "split_done_resume": {"elapsedMs": 0.915, "sourceSinglePoint": true, "doneWaypointCount": 1, "resumeWaypointCount": 0, "removedWaypointID": 248}, "clone_followups": {"elapsedMs": 102.157, "followUpMissionCount": 1, "followUpPathCount": 1}, "release_resume": {"elapsedMs": 87.555, "releaseWaypointCount": 2, "targetFinishEtaS": 87}, "write_json": {"elapsedMs": 37.207, "fileCount": 5}, "totalMs": 353.575}, "trackingState": {"elapsedMs": 2.632}, "status": "ok", "elapsedMs": 366.38}, {"aircraftID": 6, "label": "uav_resume_6", "mode": "UAV_RESUME", "resolveArtifacts": {"elapsedMs": 0.026, "currentWaypointID": 262, "sourcePathID": 600000017, "sourceImpID": 800000034}, "loadArtifacts": {"elapsedMs": 0.005, "impLoaded": true, "fpLoaded": true}, "cloneAndLocateMission": {"elapsedMs": 0.178, "missionCount": 2, "targetIndex": 0}, "status": "handled_by_collab", "elapsedMs": 1.026}], "totalMs": 3973}
2026-05-21T04:35:37.743464Z [ATTACK] [ATTACK][TIME] override_total=3973ms
2026-05-21T04:35:37.744132Z [ATTACK] [TIME] apply_attack_plan_overrides=3982ms
2026-05-21T04:35:37.751607Z [ATTACK] [TIME] timingMs={"read_source": 13.507, "descriptor_build": 10.673, "write_artifacts": 3991.015, "delivery_wait": 6.937}
2026-05-21T04:35:37.752116Z [ATTACK] [TIME] total=4023ms
2026-05-21T04:35:37.756023Z [ATTACK] 분석 로그 저장: C:\Users\TRL98\Desktop\LAH_MUMT\Logs\Scenario_2026-05-21T132543\SBC3\DSS_Internal\log_attack_algorithm_20260521T043537_752741.json
2026-05-21T04:35:37.762939Z [ATTACK] mark target used: targetIDs=81, 80
2026-05-21T04:35:37.774877Z [ATTACK-EXCLUDE] ATTACK-EXCLUDE using requested missionPlanID 700000012 (sourcePlanID=700000008)
2026-05-21T04:35:37.775581Z [ATTACK-EXCLUDE] [PRIOR][UAV] Resume sweep trim applied (cutPoints=6, rawCutPoints=6, doneSweepPoints=0, pathID=400000020).
2026-05-21T04:35:37.776260Z [ATTACK-EXCLUDE] [PRIOR][UAV] Resume searchSpeed scaled (factor=1.30, waypoints=1).
2026-05-21T04:35:37.776892Z [ATTACK-EXCLUDE] [PRIOR][UAV] Generated done/resume mission -> aircraft=4 IMP:800000049.json PATHS:400000031.json
2026-05-21T04:35:37.777517Z [ATTACK-EXCLUDE] [PRIOR][UAV] Resume sweep trim applied (cutPoints=5, rawCutPoints=5, doneSweepPoints=0, pathID=500000014).
2026-05-21T04:35:37.778104Z [ATTACK-EXCLUDE] [PRIOR][UAV] Resume searchSpeed scaled (factor=1.30, waypoints=1).
2026-05-21T04:35:37.778692Z [ATTACK-EXCLUDE] [PRIOR][UAV] Generated done/resume mission -> aircraft=5 IMP:800000051.json PATHS:500000028.json
2026-05-21T04:35:37.779394Z [ATTACK-EXCLUDE] [PRIOR][UAV] Resume sweep trim applied (cutPoints=14, rawCutPoints=14, doneSweepPoints=0, pathID=600000017).
2026-05-21T04:35:37.780127Z [ATTACK-EXCLUDE] [PRIOR][UAV] Resume searchSpeed scaled (factor=1.30, waypoints=1).
2026-05-21T04:35:37.780726Z [ATTACK-EXCLUDE] [PRIOR][UAV] Generated done/resume mission -> aircraft=6 IMP:800000052.json PATHS:600000029.json
2026-05-21T04:35:37.781356Z [ATTACK-EXCLUDE] 공격 배제 MissionPlan 저장 -> 700000012.json (planID=700000012)
2026-05-21T04:35:37.782241Z [ATTACK-EXCLUDE] ATTACK-EXCLUDE carried area remaining snapshot -> mission_area_snapshot_700000012.json (sourcePlanID=700000008, planID=700000012)
2026-05-21T04:35:38.003877Z [ATTACK] 공격 임무 계획 완료 (planIds=700000011)
2026-05-21T04:35:38.005585Z [INFO] UAV params loaded (cruise=40.00, turn_step=15.0)
2026-05-21T04:35:38.006229Z [INFO] Latest input snapshot → 0201:ID=1,ts=832652848738,src=-, 0203:ID=1,ts=832652848760,src=-
2026-05-21T04:35:38.006825Z [STEP 0] Using latest 0201 ID 1 (1.json)
2026-05-21T04:35:38.007413Z [STEP 0] Using latest 0203 ID 1 (1.json)
2026-05-21T04:35:38.007893Z [CHECK] 0201/0203 필수 데이터 확인 시작
2026-05-21T04:35:38.008339Z [OK] 0201 inputMissionList 확인됨 (count=3) → 진행
2026-05-21T04:35:38.008756Z [OK] 0201 availableAircraftList 확인됨 (count=6) → 진행
2026-05-21T04:35:38.009176Z [OK] 0201 inputMissionPackageType=1 확인
2026-05-21T04:35:38.009589Z [OK] 0201 mainSensor=1 확인
2026-05-21T04:35:38.009995Z [CHECK] 0201 기체 수=6 (UAV=3, LAH=3)
2026-05-21T04:35:38.010393Z [CHECK] 0201 임무: total=3 missingID=0 missingDetail=0 missingShape=0 unknownType=0 typeZeroAuto=0 typeZeroInvalid=0 lineOnlyViolation=0 skippedSinglePoint=0
2026-05-21T04:35:38.010854Z [OK] 0203 takeOverInfoList 확인됨 (count=3) → 진행
2026-05-21T04:35:38.011261Z [OK] 0203 handOverInfoList 확인됨 (count=3) → 진행
2026-05-21T04:35:38.011690Z [OK] 0203 flightAreaList 확인됨 (count=1) → 진행
2026-05-21T04:35:38.012088Z [CHECK] 0203 flightAreaList count=1
2026-05-21T04:35:38.012489Z [INFO] 임무 진행영역 스냅샷 적용: sourcePlan=700000008, updated=2, done=0
2026-05-21T04:35:38.012888Z [INFO] 임무 진행영역 재계획 collapse 적용: groups=2, normalized=2, 3
2026-05-21T04:35:38.013291Z [INFO] Filtered completed input missions (removed=1, converted=-, widthAdjusted=-, skippedSinglePoint=-, snapshot=updated=2, done=0, collapse=groups=2, normalized=2,3)
2026-05-21T04:35:38.013797Z [REPLAN][TIME] variant_started_ms=4059.5 wall_ms=1779338137774 variant=1 option=3 mode=attack_exclusion
2026-05-21T04:35:38.014237Z [variant 1] 공격 배제 병렬 결과 병합
2026-05-21T04:35:38.014659Z [REPLAN][TIME] attack_exclusion_parallel_joined_ms=4067.6 wall_ms=1779338137782 variant=1 duration_ms=2167.553 wait_ms=0.007
2026-05-21T04:35:38.015058Z [OK] 공격 배제 variant 저장: MissionPlanID=700000012 (elapsed=2167.6 ms)
2026-05-21T04:35:38.015473Z [INFO] Option mapping #1: planID=700000012, optionCode=3(공격배제)
2026-05-21T04:35:38.015901Z [REPLAN][TIME] variant_finished_ms=4067.7 wall_ms=1779338137782 variant=1 option=3 mode=attack_exclusion status=success duration_ms=2167.553
2026-05-21T04:35:38.016295Z [OK] Stored mission data: MissionPlan=1, IndividualMission=0, FlightPath=0
2026-05-21T04:35:38.016688Z [REPLAN][TIME] id_tab_update_deferred_ms=4069.0 wall_ms=1779338137784
2026-05-21T04:35:38.017095Z [REPLAN][TIME] pipeline_done_ms=4069.0 wall_ms=1779338137784 plans=2 force_direct=False
2026-05-21T04:35:38.017488Z [REPLAN][TIME] 0301_queued_ms=4069.0 wall_ms=1779338137784 plans=2
2026-05-21T04:35:38.017880Z [STEP 4] 0301 push queued (planIds=700000011, 700000012)
2026-05-21T04:35:38.019364Z [0301] missionPlanID=700000011 전송
2026-05-21T04:35:38.021140Z [0301] missionPlanID=700000012 전송
2026-05-21T04:35:38.022036Z [PUSH] 0301 direct batch send
2026-05-21T04:35:38.022859Z [REPLAN][TIME] 0301_sent_ms=4307.5 wall_ms=1779338138022 plans=2
2026-05-21T04:35:38.024615Z [REPLAN][TIME] post_0301_delivery_queued_ms=4309.2 wall_ms=1779338138024 grace_ms=0 timeout_ms=20 force_direct=0 mode=option_or_0901
2026-05-21T04:35:38.025252Z [INFO] Post-0301 apply queued (mode=option_or_0901, grace=0ms, timeout=20ms, plans=2)
2026-05-21T04:35:38.027758Z [REPLAN][TIME] 0305_status_2_ms=4312.4 wall_ms=1779338138027 reason=표적81 등 2개 발견
2026-05-21T04:35:38.028399Z [0305] status=2, reason=표적81 등 2개 발견, elapsed=4.31s 전송
2026-05-21T04:35:38.028907Z [REPLAN][TIME] post_0301_completion_ready_ms=4313.6 wall_ms=1779338138028 mode=option_or_0901
2026-05-21T04:35:38.029338Z [REPLAN][METRIC] source_artifact_cache entries=24 hits=42 misses=24
2026-05-21T04:35:38.054212Z [INFO] Post-0301 ready (timeout) -> sending 0901
2026-05-21T04:35:38.054846Z [REPLAN][TIME] post_0301_flushed_ms=4339.5 wall_ms=1779338138054 delivery=0901 trigger=timeout
2026-05-21T04:35:38.057645Z [REPLAN][TIME] 0901_sent_ms=4342.3 wall_ms=1779338138057 options=2
2026-05-21T04:35:38.058298Z [0901] option request sent (count=2, codes=2(공격특화), 3(공격배제))
2026-05-21T04:35:38.058902Z [REPLAN][TIME] id_tab_update_flushed_ms=4343.6 wall_ms=1779338138058
2026-05-21T04:35:47.195408Z [REPLAN][TIME] 0902_received_ms=0.2 wall_ms=1779338147195 trigger=attack_2_option replanLevel=2 optionCount=2 forceDirect=0
2026-05-21T04:35:47.196355Z [REPLAN][TIME] 0902_archived_ms=1.2 wall_ms=1779338147196 path=replan_request_832653345950.json
2026-05-21T04:35:47.196901Z [AUTO] 0902 received (planIds=700000013, 700000014)
2026-05-21T04:35:47.197396Z [REPLAN][TIME] pipeline_scheduled_ms=2.2 wall_ms=1779338147197 delay_ms=0
2026-05-21T04:35:47.198254Z [REPLAN][TIME] scheduled_start_ms=3.1 wall_ms=1779338147198
2026-05-21T04:35:47.200148Z [REPLAN][TIME] 0305_status_1_ms=4.9 wall_ms=1779338147199 reason=표적82 발견 재계획
2026-05-21T04:35:47.200860Z [0305] status=1, reason=표적82 발견 재계획 전송
2026-05-21T04:35:47.207190Z [INFO] Using latest 0203 ID 1 for missionReferencePackageID (fallback)
2026-05-21T04:35:47.208552Z [STEP 0] Replan pipeline start (reason=표적82 발견 재계획)
2026-05-21T04:35:47.209272Z [REPLAN][TIME] attack_exclusion_parallel_started_ms=11.2 wall_ms=1779338147206 option_index=2 sourcePlanID=700000012
2026-05-21T04:35:47.209957Z [ATTACK-EXCLUDE] parallel generation started (sourcePlanID=700000012, optionIndex=2)
2026-05-21T04:35:47.210625Z [ATTACK] 공격 특화 재계획 요청 감지 → 전용 파이프라인 실행
2026-05-21T04:35:47.216423Z [ATTACK] [TIME] select_manned_aircraft=10ms
2026-05-21T04:35:47.216920Z [ATTACK] STEP1 Selected manned aircraft: aircraft 2 (fuel=1200.0, coord=(37.842201232910156, 128.22183227539062, alt=1201))
2026-05-21T04:35:47.224018Z [ATTACK] [TIME] load_target_entries=7ms
2026-05-21T04:35:47.224763Z [ATTACK] STEP2 UAV tracking summary: watcher 5?’target 82, watcher 4?’target unknown-10, watcher 4?’target unknown-13, watcher 4?’target unknown-17, watcher 4?’target unknown-2, watcher 5?’target unknown-12, watcher 5?’target unknown-15, watcher 5?’target unknown-16, watcher 5?’target unknown-18, watcher 5?’target unknown-3, watcher 5?’target unknown-4, watcher 5?’target unknown-6, watcher 5?’target unknown-7, watcher 5?’target unknown-8, watcher 5?’target unknown-9, watcher 6?’target unknown-1, watcher 6?’target unknown-11, watcher 6?’target unknown-5, watcher 4?’target 77, watcher 6?’target 78, watcher 5?’target 79, watcher 5?’target 80, watcher 4?’target 81
2026-05-21T04:35:47.225555Z [ATTACK] STEP2.5 Using bundled 0402 targets: target=82 watcher=5
2026-05-21T04:35:47.230206Z [ATTACK] [ATTACK] Selected target id=82 type=1 weaponType=2 (preferred=2, ammo={'type1': 500, 'type2': 7, 'type3': 2})
2026-05-21T04:35:47.237064Z [ATTACK] [TIME] compute_attack_point=6ms
2026-05-21T04:35:47.238034Z [ATTACK] STEP3 Attack plan completed: lat=37.898686, lon=128.188988, alt=960m
2026-05-21T04:35:47.239032Z [ATTACK] [ATTACK] Using remembered waypoint 357 for watcher 5 while auto-tracking.
2026-05-21T04:35:47.242374Z [ATTACK] [ATTACK] Weapon choice aircraft=2 preferred=2 selected=2 ammo={'type1': 500, 'type2': 7, 'type3': 2}
2026-05-21T04:35:47.243045Z [ATTACK] [ATTACK][ETA] Tracking ETA computed with LAH max attack speed (dist=6910.9m, speed=73.61m/s, +30s) -> 124s
2026-05-21T04:35:47.248865Z [ATTACK] [ATTACK] Using requested missionPlanID 700000013 (sourcePlanID=700000012)
2026-05-21T04:35:47.259093Z [ATTACK] [ATTACK][POINT] Primary target adaptive standoff mode=candidate_within_standoff currentDist=8910.92103678347m candidateDist=1999.9999999994786m standoff=300.0/2000.0m.
2026-05-21T04:35:47.262410Z [ATTACK] [ATTACK][ETA] UAV 4 remaining mission time: 0.0s
2026-05-21T04:35:47.265132Z [ATTACK] [ATTACK][ETA] UAV 6 remaining mission time: 0.0s
2026-05-21T04:35:47.265579Z [ATTACK] [ATTACK][ETA] Non-tracking UAV ETA selected: UAV 4 with 0s remaining
2026-05-21T04:35:47.266093Z [ATTACK] [ATTACK][ETA] All tracking ETAs unified to 0s
2026-05-21T04:35:47.279197Z [ATTACK] [ATTACK][COLLAB] Remaining UAV entry lookahead applied: 9.0s (pathFollow=3, linearFallback=3, currentOnly=0)
2026-05-21T04:35:47.280929Z [ATTACK] [PRIOR] Falling back to first mission for aircraft 2 (current waypoint not found in plan).
2026-05-21T04:35:48.016244Z [ATTACK] [ATTACK][LAH] Using max attack speed 73.61m/s (265.0km/h) for aircraft 2.
2026-05-21T04:35:48.021531Z [ATTACK] [ATTACK][LAH] Inferred current waypoint from position -> 77.
2026-05-21T04:35:48.022982Z [ATTACK] [ATTACK][LAH] Dropped current waypoint from resume path (currentWP=77, nextWP=78).
2026-05-21T04:35:49.062329Z [ATTACK] [ATTACK][LAH] Preserved completed prefix, inserted attack, and reattached 2 follow-up mission(s).
2026-05-21T04:35:49.068136Z [ATTACK] [ATTACK][LAH] Generated attack/resume missions -> IMP:800000059.json PATHS:200000026.json/200000027.json (followUps=2)
2026-05-21T04:35:49.068916Z [ATTACK] [PRIOR] Falling back to first mission for aircraft 1 (current waypoint not found in plan).
2026-05-21T04:35:49.120727Z [ATTACK] [ATTACK][LAH] Inferred current waypoint from position -> 71.
2026-05-21T04:35:49.121550Z [ATTACK] [ATTACK][LAH] Dropped current waypoint from resume path (currentWP=71, nextWP=72).
2026-05-21T04:35:49.891200Z [ATTACK] [ATTACK][LAH] Preserved completed prefix, inserted hold, and reattached 2 follow-up mission(s).
2026-05-21T04:35:49.897654Z [ATTACK] [ATTACK][LAH] Generated hold/resume missions -> IMP:800000063.json PATHS:100000025.json/100000026.json (followUps=2)
2026-05-21T04:35:49.899354Z [ATTACK] [PRIOR] Falling back to first mission for aircraft 3 (current waypoint not found in plan).
2026-05-21T04:35:49.927308Z [ATTACK] [ATTACK][LAH] Inferred current waypoint from position -> 83.
2026-05-21T04:35:49.927890Z [ATTACK] [ATTACK][LAH] Dropped current waypoint from resume path (currentWP=83, nextWP=84).
2026-05-21T04:35:50.477263Z [ATTACK] [ATTACK][LAH] Preserved completed prefix, inserted hold, and reattached 2 follow-up mission(s).
2026-05-21T04:35:50.483639Z [ATTACK] [ATTACK][LAH] Generated hold/resume missions -> IMP:800000064.json PATHS:300000025.json/300000026.json (followUps=2)
2026-05-21T04:35:50.485389Z [ATTACK] [NEXTCOLLAB] division planner area-division pieces=2
2026-05-21T04:35:50.485884Z [ATTACK] [NEXTCOLLAB] division planner final workflow=no_split paths=1
2026-05-21T04:35:50.486348Z [ATTACK] [ATTACK][COLLAB] Collaborative replacement IMP written (aircraft=4, imp=800000061.json, missions=1).
2026-05-21T04:35:50.486760Z [ATTACK] [ATTACK][COLLAB] First sweep searchSpeed boosted (aircraft=4, pathID=400000040, waypointID=409, factor=1.30, old=1495.76, new=1944.48).
2026-05-21T04:35:50.487148Z [ATTACK] [ATTACK][COLLAB] Collaborative remaining mission replanned (inputMissionID=2, unavailable=[5], remaining=[4], workflow=no_split).
2026-05-21T04:35:50.494364Z [ATTACK] [ATTACK][UAV] Tracking target altitude kept for sensor only; flight altitude replaced 660m -> 1886m.
2026-05-21T04:35:50.616144Z [ATTACK] [ATTACK][UAV] Source path has a single waypoint; preserving it as done and skipping done/resume split.
2026-05-21T04:35:50.820696Z [ATTACK] [ATTACK][COLLAB] Tracking UAV resume replaced with release transit (aircraft=5, targetFinishEta=21, speed=58.0m/s).
2026-05-21T04:35:50.822973Z [ATTACK] [ATTACK][UAV] Preserved completed prefix, inserted tracking, and reattached 1 follow-up mission(s).
2026-05-21T04:35:50.882110Z [ATTACK] [ATTACK][UAV] Generated tracking/resume missions -> IMP:800000065.json PATHS:500000038.json/500000039.json (followUps=1)
2026-05-21T04:35:50.891851Z [ATTACK] [ATTACK][UAV] Tracking assignment state saved (aircraft=5, sourcePlan=700000012, attackPlan=700000013).
2026-05-21T04:35:50.892818Z [ATTACK] [ATTACK][COLLAB] Aircraft 4 handled by collaborative remaining replan (inputMissionID=2).
2026-05-21T04:35:50.924054Z [ATTACK] [ATTACK][UAV] Resume sweep trim applied (cutPoints=8, rawCutPoints=8, doneSweepPoints=0, pathID=600000029).
2026-05-21T04:35:50.925483Z [ATTACK] [ATTACK][UAV] Resume searchSpeed scaled (factor=1.30, waypoints=1).
2026-05-21T04:35:51.153294Z [ATTACK] [ATTACK][UAV] Preserved completed prefix, inserted resume, and reattached 1 follow-up mission(s).
2026-05-21T04:35:51.175437Z [ATTACK] [ATTACK][UAV] Generated resume-only mission -> IMP:800000066.json PATH:600000035.json (followUps=1)
2026-05-21T04:35:51.186599Z [ATTACK] [ATTACK][PLAN] carried area remaining snapshot -> mission_area_snapshot_700000013.json (sourcePlanID=700000012, planID=700000013)
2026-05-21T04:35:51.187165Z [ATTACK] [ATTACK][PLAN] MissionPlan saved -> 700000013.json (planID=700000013)
2026-05-21T04:35:51.188082Z [ATTACK] [ATTACK][TIME] override_detail={"phases": {"metadata_normalize": {"elapsedMs": 0.008, "attackTargetCount": 1, "selectedMannedCount": 1}, "agent_index": {"elapsedMs": 0.084, "aircraftCount": 6}, "weapon_choice": {"elapsedMs": 2.663, "selectedWeaponType": 2, "ammoAvailable": true}, "initial_tracking_eta": {"elapsedMs": 0.536, "useDetectionTracking": true, "trackingEtaS": 124}, "resolve_source_plan": {"elapsedMs": 1.305, "sourcePlanID": 700000012}, "source_plan_load": {"elapsedMs": 1.721, "sourcePlanID": 700000012, "aircraftCount": 6}, "sweep_progress_load": {"elapsedMs": 2.185, "entries": 24}, "plan_id_resolve": {"elapsedMs": 0.019, "requested": true, "missionPlanID": 700000013}, "source_artifact_cache_build": {"elapsedMs": 0.017, "aircraftEntries": 6}, "done_input_ids_load": {"elapsedMs": 1.678, "count": 1}, "plan_deepcopy": {"elapsedMs": 0.052}, "target_uav_assignment": {"elapsedMs": 0.688, "assignedTargetCount": 1, "usedTrackingUavCount": 1}, "manned_sequence_assignment": {"elapsedMs": 4.242, "aircraftCount": 1, "error": null}, "attack_coordinate_resolution": {"elapsedMs": 3.512, "resolvedCount": 1, "mannedSequenceCount": 1}, "remaining_eta": {"elapsedMs": 6.162, "allUavCount": 3, "trackingUavCount": 1, "computedEtaCount": 1, "adjustedEtaS": 0}, "descriptor_list_build": {"elapsedMs": 0.034, "descriptorCount": 6, "activeMannedCount": 1, "otherLahCount": 2, "otherUavCount": 2}, "collab_tracking_scan": {"elapsedMs": 2.449, "inputCount": 1, "unavailableUavCount": 1}, "collab_agent_state_map": {"elapsedMs": 10.734, "aircraftCount": 6}, "collab_parallel_started": {"elapsedMs": 0.792, "inputCount": 1, "workers": 1}, "collab_parallel_join": {"elapsedMs": 2.247, "waitReason": "UAV_TRACK", "inputCount": 1}, "descriptor_loop": {"elapsedMs": 3895.452, "descriptorCount": 6, "updateCount": 5}, "final_collab_plan_update": {"elapsedMs": 0.009, "collabInputCount": 1}, "mission_plan_write": {"elapsedMs": 10.881, "missionPlanID": 700000013}, "option_meta_build": {"elapsedMs": 0.038, "targetCount": 1, "collabInputCount": 1}}, "collabRuns": [{"inputMissionID": 2, "unavailableAircraftIDs": [5], "elapsedMs": 1368.677, "status": "ok", "replacementAircraftIDs": [4], "generatedPathCount": 1, "finishEtaS": 21, "workflow": "no_split"}], "descriptorDetails": [{"aircraftID": 2, "label": "manned", "mode": "LAH_ATTACK", "resolveArtifacts": {"elapsedMs": 0.726, "currentWaypointID": null, "sourcePathID": 200000001, "sourceImpID": 800000008}, "loadArtifacts": {"elapsedMs": 0.004, "impLoaded": true, "fpLoaded": true}, "cloneAndLocateMission": {"elapsedMs": 0.145, "missionCount": 3, "targetIndex": 0}, "allocateAndPlanUpdate": {"elapsedMs": 27.212, "newImpID": 800000059}, "builder": {"elapsedMs": 1759.726, "builderMode": "LAH_ATTACK"}, "builderDetail": {"allocate_ids": {"elapsedMs": 704.134, "attackPathID": 200000026, "resumePathID": 200000027, "attackIndividualID": 900000148, "resumeIndividualID": 900000149, "entryWaypointID": 401, "attackWaypointID": 402}, "split_lah_resume": {"elapsedMs": 419.046, "resumeWaypointCount": 1, "removedWaypointID": 77}, "clone_followups": {"elapsedMs": 526.515, "followUpMissionCount": 2, "followUpPathCount": 2}, "payload_build": {"elapsedMs": 99.392, "hasResume": true, "followUpMissionCount": 2, "attackSpeedMps": 73.61}, "write_json": {"elapsedMs": 4.208, "fileCount": 5}, "totalMs": 1756.919}, "status": "ok", "elapsedMs": 1787.949}, {"aircraftID": 1, "label": "lah_hold_1", "mode": "LAH_HOLD_RESUME", "resolveArtifacts": {"elapsedMs": 0.866, "currentWaypointID": null, "sourcePathID": 100000001, "sourceImpID": 800000007}, "loadArtifacts": {"elapsedMs": 0.005, "impLoaded": true, "fpLoaded": true}, "cloneAndLocateMission": {"elapsedMs": 0.121, "missionCount": 3, "targetIndex": 0}, "allocateAndPlanUpdate": {"elapsedMs": 7.738, "newImpID": 800000063}, "builder": {"elapsedMs": 821.553, "builderMode": "LAH_HOLD_RESUME"}, "builderDetail": {"allocate_ids": {"elapsedMs": 40.437, "holdPathID": 100000025, "resumePathID": 100000026, "holdIndividualID": 900000157, "resumeIndividualID": 900000158}, "split_lah_resume": {"elapsedMs": 490.048, "resumeWaypointCount": 1, "removedWaypointID": 71}, "clone_followups": {"elapsedMs": 200.247, "followUpMissionCount": 2, "followUpPathCount": 2}, "payload_build": {"elapsedMs": 282.75, "hasResume": true, "followUpMissionCount": 2}, "write_json": {"elapsedMs": 4.704, "fileCount": 5}, "totalMs": 821.511}, "status": "ok", "elapsedMs": 830.403}, {"aircraftID": 3, "label": "lah_hold_3", "mode": "LAH_HOLD_RESUME", "resolveArtifacts": {"elapsedMs": 0.548, "currentWaypointID": null, "sourcePathID": 300000001, "sourceImpID": 800000009}, "loadArtifacts": {"elapsedMs": 0.008, "impLoaded": true, "fpLoaded": true}, "cloneAndLocateMission": {"elapsedMs": 0.123, "missionCount": 3, "targetIndex": 0}, "allocateAndPlanUpdate": {"elapsedMs": 6.727, "newImpID": 800000064}, "builder": {"elapsedMs": 578.417, "builderMode": "LAH_HOLD_RESUME"}, "builderDetail": {"allocate_ids": {"elapsedMs": 18.036, "holdPathID": 300000025, "resumePathID": 300000026, "holdIndividualID": 900000161, "resumeIndividualID": 900000162}, "split_lah_resume": {"elapsedMs": 266.411, "resumeWaypointCount": 1, "removedWaypointID": 83}, "clone_followups": {"elapsedMs": 191.556, "followUpMissionCount": 2, "followUpPathCount": 2}, "payload_build": {"elapsedMs": 285.714, "hasResume": true, "followUpMissionCount": 2}, "write_json": {"elapsedMs": 4.881, "fileCount": 5}, "totalMs": 578.375}, "status": "ok", "elapsedMs": 585.955}, {"aircraftID": 5, "label": "uav_tracking_5", "mode": "UAV_TRACK", "resolveArtifacts": {"elapsedMs": 0.02, "currentWaypointID": 357, "sourcePathID": 500000028, "sourceImpID": 800000051}, "loadArtifacts": {"elapsedMs": 0.003, "impLoaded": true, "fpLoaded": true}, "cloneAndLocateMission": {"elapsedMs": 0.133, "missionCount": 2, "targetIndex": 0}, "allocateAndPlanUpdate": {"elapsedMs": 6.379, "newImpID": 800000065}, "builder": {"elapsedMs": 388.526, "builderMode": "UAV_TRACK"}, "builderDetail": {"allocate_ids": {"elapsedMs": 118.398, "donePathID": 500000037, "attackPathID": 500000038, "resumePathID": 500000039, "trackingIndividualID": 900000165, "resumeIndividualID": 900000166, "targetWaypointID": 437}, "split_done_resume": {"elapsedMs": 1.09, "sourceSinglePoint": true, "doneWaypointCount": 1, "resumeWaypointCount": 0, "removedWaypointID": 357}, "clone_followups": {"elapsedMs": 115.364, "followUpMissionCount": 1, "followUpPathCount": 1}, "release_resume": {"elapsedMs": 88.142, "releaseWaypointCount": 2, "targetFinishEtaS": 21}, "write_json": {"elapsedMs": 53.498, "fileCount": 5}, "totalMs": 385.644}, "trackingState": {"elapsedMs": 9.005}, "status": "ok", "elapsedMs": 404.798}, {"aircraftID": 4, "label": "uav_resume_4", "mode": "UAV_RESUME", "resolveArtifacts": {"elapsedMs": 0.026, "currentWaypointID": 349, "sourcePathID": 400000031, "sourceImpID": 800000049}, "loadArtifacts": {"elapsedMs": 0.004, "impLoaded": true, "fpLoaded": true}, "cloneAndLocateMission": {"elapsedMs": 0.182, "missionCount": 2, "targetIndex": 0}, "status": "handled_by_collab", "elapsedMs": 0.815}, {"aircraftID": 6, "label": "uav_resume_6", "mode": "UAV_RESUME", "resolveArtifacts": {"elapsedMs": 0.018, "currentWaypointID": 370, "sourcePathID": 600000029, "sourceImpID": 800000052}, "loadArtifacts": {"elapsedMs": 0.003, "impLoaded": true, "fpLoaded": true}, "cloneAndLocateMission": {"elapsedMs": 0.177, "missionCount": 2, "targetIndex": 0}, "allocateAndPlanUpdate": {"elapsedMs": 6.553, "newImpID": 800000066}, "builder": {"elapsedMs": 275.855, "builderMode": "UAV_RESUME"}, "status": "ok", "elapsedMs": 282.746}], "totalMs": 3943}
2026-05-21T04:35:51.188547Z [ATTACK] [ATTACK][TIME] override_total=3943ms
2026-05-21T04:35:51.189091Z [ATTACK] [TIME] apply_attack_plan_overrides=3950ms
2026-05-21T04:35:51.195935Z [ATTACK] [TIME] timingMs={"read_source": 18.101, "descriptor_build": 5.517, "write_artifacts": 3959.383, "delivery_wait": 6.343}
2026-05-21T04:35:51.196372Z [ATTACK] [TIME] total=3990ms
2026-05-21T04:35:51.200407Z [ATTACK] 분석 로그 저장: C:\Users\TRL98\Desktop\LAH_MUMT\Logs\Scenario_2026-05-21T132543\SBC3\DSS_Internal\log_attack_algorithm_20260521T043551_196921.json
2026-05-21T04:35:51.201290Z [ATTACK] mark target used: targetIDs=82
2026-05-21T04:35:51.215920Z [ATTACK-EXCLUDE] ATTACK-EXCLUDE using requested missionPlanID 700000014 (sourcePlanID=700000012)
2026-05-21T04:35:51.216454Z [ATTACK-EXCLUDE] [PRIOR][UAV] Resume sweep trim applied (cutPoints=6, rawCutPoints=6, doneSweepPoints=0, pathID=400000031).
2026-05-21T04:35:51.216929Z [ATTACK-EXCLUDE] [PRIOR][UAV] Resume searchSpeed scaled (factor=1.30, waypoints=1).
2026-05-21T04:35:51.217369Z [ATTACK-EXCLUDE] [PRIOR][UAV] Generated done/resume mission -> aircraft=4 IMP:800000058.json PATHS:400000038.json
2026-05-21T04:35:51.217777Z [ATTACK-EXCLUDE] [PRIOR][UAV] Resume sweep trim applied (cutPoints=5, rawCutPoints=5, doneSweepPoints=0, pathID=500000028).
2026-05-21T04:35:51.218167Z [ATTACK-EXCLUDE] [PRIOR][UAV] Resume searchSpeed scaled (factor=1.30, waypoints=1).
2026-05-21T04:35:51.218548Z [ATTACK-EXCLUDE] [PRIOR][UAV] Generated done/resume mission -> aircraft=5 IMP:800000060.json PATHS:500000035.json
2026-05-21T04:35:51.218923Z [ATTACK-EXCLUDE] [PRIOR][UAV] Resume sweep trim applied (cutPoints=8, rawCutPoints=8, doneSweepPoints=0, pathID=600000029).
2026-05-21T04:35:51.219438Z [ATTACK-EXCLUDE] [PRIOR][UAV] Resume searchSpeed scaled (factor=1.30, waypoints=1).
2026-05-21T04:35:51.219816Z [ATTACK-EXCLUDE] [PRIOR][UAV] Generated done/resume mission -> aircraft=6 IMP:800000062.json PATHS:600000032.json
2026-05-21T04:35:51.220222Z [ATTACK-EXCLUDE] 공격 배제 MissionPlan 저장 -> 700000014.json (planID=700000014)
2026-05-21T04:35:51.220598Z [ATTACK-EXCLUDE] ATTACK-EXCLUDE carried area remaining snapshot -> mission_area_snapshot_700000014.json (sourcePlanID=700000012, planID=700000014)
2026-05-21T04:35:51.472467Z [ATTACK] 공격 임무 계획 완료 (planIds=700000013)
2026-05-21T04:35:51.473308Z [INFO] UAV params loaded (cruise=40.00, turn_step=15.0)
2026-05-21T04:35:51.473791Z [INFO] Latest input snapshot → 0201:ID=1,ts=832652848738,src=-, 0203:ID=1,ts=832652848760,src=-
2026-05-21T04:35:51.474222Z [STEP 0] Using latest 0201 ID 1 (1.json)
2026-05-21T04:35:51.474634Z [STEP 0] Using latest 0203 ID 1 (1.json)
2026-05-21T04:35:51.475213Z [CHECK] 0201/0203 필수 데이터 확인 시작
2026-05-21T04:35:51.476031Z [OK] 0201 inputMissionList 확인됨 (count=3) → 진행
2026-05-21T04:35:51.476663Z [OK] 0201 availableAircraftList 확인됨 (count=6) → 진행
2026-05-21T04:35:51.477360Z [OK] 0201 inputMissionPackageType=1 확인
2026-05-21T04:35:51.477954Z [OK] 0201 mainSensor=1 확인
2026-05-21T04:35:51.478581Z [CHECK] 0201 기체 수=6 (UAV=3, LAH=3)
2026-05-21T04:35:51.479211Z [CHECK] 0201 임무: total=3 missingID=0 missingDetail=0 missingShape=0 unknownType=0 typeZeroAuto=0 typeZeroInvalid=0 lineOnlyViolation=0 skippedSinglePoint=0
2026-05-21T04:35:51.479873Z [OK] 0203 takeOverInfoList 확인됨 (count=3) → 진행
2026-05-21T04:35:51.480445Z [OK] 0203 handOverInfoList 확인됨 (count=3) → 진행
2026-05-21T04:35:51.481016Z [OK] 0203 flightAreaList 확인됨 (count=1) → 진행
2026-05-21T04:35:51.481666Z [CHECK] 0203 flightAreaList count=1
2026-05-21T04:35:51.482219Z [INFO] 임무 진행영역 스냅샷 적용: sourcePlan=700000012, updated=2, done=0
2026-05-21T04:35:51.482700Z [INFO] 임무 진행영역 재계획 collapse 적용: groups=2, normalized=2, 3
2026-05-21T04:35:51.483127Z [INFO] Filtered completed input missions (removed=1, converted=-, widthAdjusted=-, skippedSinglePoint=-, snapshot=updated=2, done=0, collapse=groups=2, normalized=2,3)
2026-05-21T04:35:51.483567Z [REPLAN][TIME] variant_started_ms=4020.7 wall_ms=1779338151215 variant=1 option=3 mode=attack_exclusion
2026-05-21T04:35:51.483971Z [variant 1] 공격 배제 병렬 결과 병합
2026-05-21T04:35:51.484375Z [REPLAN][TIME] attack_exclusion_parallel_joined_ms=4025.9 wall_ms=1779338151220 variant=1 duration_ms=2256.629 wait_ms=0.008
2026-05-21T04:35:51.484770Z [OK] 공격 배제 variant 저장: MissionPlanID=700000014 (elapsed=2256.6 ms)
2026-05-21T04:35:51.485173Z [INFO] Option mapping #1: planID=700000014, optionCode=3(공격배제)
2026-05-21T04:35:51.485566Z [REPLAN][TIME] variant_finished_ms=4026.1 wall_ms=1779338151221 variant=1 option=3 mode=attack_exclusion status=success duration_ms=2256.629
2026-05-21T04:35:51.485960Z [OK] Stored mission data: MissionPlan=1, IndividualMission=0, FlightPath=0
2026-05-21T04:35:51.486353Z [REPLAN][TIME] id_tab_update_deferred_ms=4027.6 wall_ms=1779338151222
2026-05-21T04:35:51.486746Z [REPLAN][TIME] pipeline_done_ms=4027.7 wall_ms=1779338151222 plans=2 force_direct=False
2026-05-21T04:35:51.487184Z [REPLAN][TIME] 0301_queued_ms=4027.8 wall_ms=1779338151222 plans=2
2026-05-21T04:35:51.487617Z [STEP 4] 0301 push queued (planIds=700000013, 700000014)
2026-05-21T04:35:51.489309Z [0301] missionPlanID=700000013 전송
2026-05-21T04:35:51.491119Z [0301] missionPlanID=700000014 전송
2026-05-21T04:35:51.492192Z [PUSH] 0301 direct batch send
2026-05-21T04:35:51.492845Z [REPLAN][TIME] 0301_sent_ms=4297.7 wall_ms=1779338151492 plans=2
2026-05-21T04:35:51.493373Z [REPLAN][TIME] post_0301_delivery_queued_ms=4298.2 wall_ms=1779338151493 grace_ms=0 timeout_ms=20 force_direct=0 mode=option_or_0901
2026-05-21T04:35:51.493851Z [INFO] Post-0301 apply queued (mode=option_or_0901, grace=0ms, timeout=20ms, plans=2)
2026-05-21T04:35:51.496175Z [REPLAN][TIME] 0305_status_2_ms=4300.9 wall_ms=1779338151495 reason=표적82 발견 재계획
2026-05-21T04:35:51.496762Z [0305] status=2, reason=표적82 발견 재계획, elapsed=4.30s 전송
2026-05-21T04:35:51.497274Z [REPLAN][TIME] post_0301_completion_ready_ms=4302.1 wall_ms=1779338151497 mode=option_or_0901
2026-05-21T04:35:51.497769Z [REPLAN][METRIC] source_artifact_cache entries=24 hits=43 misses=24
2026-05-21T04:35:51.523708Z [INFO] Post-0301 ready (timeout) -> sending 0901
2026-05-21T04:35:51.524528Z [REPLAN][TIME] post_0301_flushed_ms=4329.3 wall_ms=1779338151524 delivery=0901 trigger=timeout
2026-05-21T04:35:51.527082Z [REPLAN][TIME] 0901_sent_ms=4331.9 wall_ms=1779338151526 options=2
2026-05-21T04:35:51.527728Z [0901] option request sent (count=2, codes=2(공격특화), 3(공격배제))
2026-05-21T04:35:51.528385Z [REPLAN][TIME] id_tab_update_flushed_ms=4333.2 wall_ms=1779338151528
2026-05-21T04:36:00.963042Z [REPLAN][TIME] 0902_received_ms=0.2 wall_ms=1779338160962 trigger=attack_2_option replanLevel=2 optionCount=2 forceDirect=0
2026-05-21T04:36:00.964101Z [REPLAN][TIME] 0902_archived_ms=1.3 wall_ms=1779338160963 path=replan_request_832653359949.json
2026-05-21T04:36:00.964547Z [AUTO] 0902 received (planIds=700000015, 700000016)
2026-05-21T04:36:00.965088Z [REPLAN][TIME] pipeline_scheduled_ms=2.3 wall_ms=1779338160964 delay_ms=0
2026-05-21T04:36:00.966657Z [REPLAN][TIME] scheduled_start_ms=3.8 wall_ms=1779338160966
2026-05-21T04:36:00.968789Z [REPLAN][TIME] 0305_status_1_ms=6.0 wall_ms=1779338160968 reason=표적83 발견 재계획
2026-05-21T04:36:00.969356Z [0305] status=1, reason=표적83 발견 재계획 전송
2026-05-21T04:36:00.973642Z [INFO] Using latest 0203 ID 1 for missionReferencePackageID (fallback)
2026-05-21T04:36:00.974396Z [STEP 0] Replan pipeline start (reason=표적83 발견 재계획)
2026-05-21T04:36:00.974955Z [REPLAN][TIME] attack_exclusion_parallel_started_ms=10.7 wall_ms=1779338160973 option_index=2 sourcePlanID=700000014
2026-05-21T04:36:00.975485Z [ATTACK-EXCLUDE] parallel generation started (sourcePlanID=700000014, optionIndex=2)
2026-05-21T04:36:00.976030Z [ATTACK] 공격 특화 재계획 요청 감지 → 전용 파이프라인 실행
2026-05-21T04:36:00.986043Z [ATTACK] [TIME] select_manned_aircraft=12ms
2026-05-21T04:36:00.986797Z [ATTACK] STEP1 Selected manned aircraft: aircraft 3 (fuel=1200.0, coord=(37.7964973449707, 128.1907501220703, alt=1205))
2026-05-21T04:36:00.988573Z [ATTACK] [TIME] load_target_entries=1ms
2026-05-21T04:36:00.989273Z [ATTACK] STEP2 UAV tracking summary: watcher 5?’target 83, watcher 4?’target unknown-10, watcher 4?’target unknown-13, watcher 4?’target unknown-17, watcher 4?’target unknown-2, watcher 5?’target unknown-12, watcher 5?’target unknown-15, watcher 5?’target unknown-16, watcher 5?’target unknown-18, watcher 5?’target unknown-19, watcher 5?’target unknown-3, watcher 5?’target unknown-4, watcher 5?’target unknown-6, watcher 5?’target unknown-7, watcher 5?’target unknown-8, watcher 5?’target unknown-9, watcher 6?’target unknown-1, watcher 6?’target unknown-11, watcher 6?’target unknown-5, watcher 4?’target 77, watcher 6?’target 78, watcher 5?’target 79, watcher 5?’target 80, watcher 4?’target 81, watcher 5?’target 82
2026-05-21T04:36:00.989864Z [ATTACK] STEP2.5 Using bundled 0402 targets: target=83 watcher=5
2026-05-21T04:36:00.994204Z [ATTACK] [ATTACK] Selected target id=83 type=4 weaponType=3 (preferred=3, ammo={'type1': 500, 'type2': 7, 'type3': 2})
2026-05-21T04:36:01.001962Z [ATTACK] [TIME] compute_attack_point=7ms
2026-05-21T04:36:01.002998Z [ATTACK] STEP3 Attack plan completed: lat=37.898267, lon=128.182619, alt=948m
2026-05-21T04:36:01.003622Z [ATTACK] [ATTACK] Using remembered waypoint 412 for watcher 5 while auto-tracking.
2026-05-21T04:36:01.008145Z [ATTACK] [ATTACK] Weapon choice aircraft=3 preferred=3 selected=3 ammo={'type1': 500, 'type2': 7, 'type3': 2}
2026-05-21T04:36:01.009004Z [ATTACK] [ATTACK][ETA] Tracking ETA computed with LAH max attack speed (dist=11338.8m, speed=73.61m/s, +30s) -> 184s
2026-05-21T04:36:01.018863Z [ATTACK] [ATTACK] Using requested missionPlanID 700000015 (sourcePlanID=700000014)
2026-05-21T04:36:01.038793Z [ATTACK] [ATTACK][POINT] Primary target adaptive standoff mode=candidate_within_standoff currentDist=13338.77991317861m candidateDist=1999.9999999992988m standoff=300.0/2000.0m.
2026-05-21T04:36:01.042121Z [ATTACK] [ATTACK][ETA] UAV 4 remaining mission time: 0.0s
2026-05-21T04:36:01.045520Z [ATTACK] [ATTACK][ETA] UAV 6 remaining mission time: 0.0s
2026-05-21T04:36:01.046050Z [ATTACK] [ATTACK][ETA] Non-tracking UAV ETA selected: UAV 4 with 0s remaining
2026-05-21T04:36:01.046515Z [ATTACK] [ATTACK][ETA] All tracking ETAs unified to 0s
2026-05-21T04:36:01.057607Z [ATTACK] [ATTACK][COLLAB] Remaining UAV entry lookahead applied: 9.0s (pathFollow=3, linearFallback=3, currentOnly=0)
2026-05-21T04:36:01.059304Z [ATTACK] [PRIOR] Falling back to first mission for aircraft 3 (current waypoint not found in plan).
2026-05-21T04:36:01.764348Z [ATTACK] [ATTACK][LAH] Using max attack speed 73.61m/s (265.0km/h) for aircraft 3.
2026-05-21T04:36:01.767817Z [ATTACK] [ATTACK][LAH] Inferred current waypoint from position -> 83.
2026-05-21T04:36:01.768527Z [ATTACK] [ATTACK][LAH] Dropped current waypoint from resume path (currentWP=83, nextWP=84).
2026-05-21T04:36:03.015227Z [ATTACK] [ATTACK][LAH] Preserved completed prefix, inserted attack, and reattached 2 follow-up mission(s).
2026-05-21T04:36:03.024730Z [ATTACK] [ATTACK][LAH] Generated attack/resume missions -> IMP:800000068.json PATHS:300000029.json/300000030.json (followUps=2)
2026-05-21T04:36:03.025667Z [ATTACK] [PRIOR] Falling back to first mission for aircraft 1 (current waypoint not found in plan).
2026-05-21T04:36:03.302314Z [ATTACK] [ATTACK][LAH] Inferred current waypoint from position -> 71.
2026-05-21T04:36:03.303392Z [ATTACK] [ATTACK][LAH] Dropped current waypoint from resume path (currentWP=71, nextWP=72).
2026-05-21T04:36:04.147534Z [ATTACK] [ATTACK][LAH] Preserved completed prefix, inserted hold, and reattached 2 follow-up mission(s).
2026-05-21T04:36:04.154960Z [ATTACK] [ATTACK][LAH] Generated hold/resume missions -> IMP:800000071.json PATHS:100000029.json/100000030.json (followUps=2)
2026-05-21T04:36:04.156638Z [ATTACK] [PRIOR] Falling back to first mission for aircraft 2 (current waypoint not found in plan).
2026-05-21T04:36:04.184485Z [ATTACK] [ATTACK][LAH] Inferred current waypoint from position -> 77.
2026-05-21T04:36:04.185166Z [ATTACK] [ATTACK][LAH] Dropped current waypoint from resume path (currentWP=77, nextWP=78).
2026-05-21T04:36:04.821965Z [ATTACK] [ATTACK][LAH] Preserved completed prefix, inserted hold, and reattached 2 follow-up mission(s).
2026-05-21T04:36:04.827618Z [ATTACK] [ATTACK][LAH] Generated hold/resume missions -> IMP:800000074.json PATHS:200000030.json/200000031.json (followUps=2)
2026-05-21T04:36:04.829330Z [ATTACK] [NEXTCOLLAB] division planner area-division pieces=2
2026-05-21T04:36:04.829900Z [ATTACK] [NEXTCOLLAB] division planner final workflow=no_split paths=2
2026-05-21T04:36:04.830470Z [ATTACK] [ATTACK][COLLAB] Collaborative replacement IMP written (aircraft=4, imp=800000072.json, missions=1).
2026-05-21T04:36:04.831043Z [ATTACK] [ATTACK][COLLAB] Collaborative replacement IMP written (aircraft=6, imp=800000073.json, missions=1).
2026-05-21T04:36:04.831643Z [ATTACK] [ATTACK][COLLAB] First sweep searchSpeed boosted (aircraft=4, pathID=400000044, waypointID=458, factor=1.30, old=602.02, new=782.63).
2026-05-21T04:36:04.832219Z [ATTACK] [ATTACK][COLLAB] First sweep searchSpeed boosted (aircraft=6, pathID=600000037, waypointID=470, factor=1.30, old=409.71, new=532.62).
2026-05-21T04:36:04.832822Z [ATTACK] [ATTACK][COLLAB] Collaborative remaining mission replanned (inputMissionID=2, unavailable=[5], remaining=[4, 6], workflow=no_split).
2026-05-21T04:36:04.842731Z [ATTACK] [ATTACK][UAV] Tracking target altitude kept for sensor only; flight altitude replaced 648m -> 1886m.
2026-05-21T04:36:04.991098Z [ATTACK] [ATTACK][UAV] Source path has a single waypoint; preserving it as done and skipping done/resume split.
2026-05-21T04:36:05.220590Z [ATTACK] [ATTACK][COLLAB] Tracking UAV resume replaced with release transit (aircraft=5, targetFinishEta=50, speed=58.0m/s).
2026-05-21T04:36:05.225096Z [ATTACK] [ATTACK][UAV] Preserved completed prefix, inserted tracking, and reattached 1 follow-up mission(s).
2026-05-21T04:36:05.265488Z [ATTACK] [ATTACK][UAV] Generated tracking/resume missions -> IMP:800000075.json PATHS:500000045.json/500000046.json (followUps=1)
2026-05-21T04:36:05.268404Z [ATTACK] [ATTACK][UAV] Tracking assignment state saved (aircraft=5, sourcePlan=700000014, attackPlan=700000015).
2026-05-21T04:36:05.269450Z [ATTACK] [ATTACK][COLLAB] Aircraft 4 handled by collaborative remaining replan (inputMissionID=2).
2026-05-21T04:36:05.270351Z [ATTACK] [ATTACK][COLLAB] Aircraft 6 handled by collaborative remaining replan (inputMissionID=2).
2026-05-21T04:36:05.280387Z [ATTACK] [ATTACK][PLAN] carried area remaining snapshot -> mission_area_snapshot_700000015.json (sourcePlanID=700000014, planID=700000015)
2026-05-21T04:36:05.280999Z [ATTACK] [ATTACK][PLAN] MissionPlan saved -> 700000015.json (planID=700000015)
2026-05-21T04:36:05.282034Z [ATTACK] [ATTACK][TIME] override_detail={"phases": {"metadata_normalize": {"elapsedMs": 0.005, "attackTargetCount": 1, "selectedMannedCount": 1}, "agent_index": {"elapsedMs": 0.08, "aircraftCount": 6}, "weapon_choice": {"elapsedMs": 3.9, "selectedWeaponType": 3, "ammoAvailable": true}, "initial_tracking_eta": {"elapsedMs": 1.077, "useDetectionTracking": true, "trackingEtaS": 184}, "resolve_source_plan": {"elapsedMs": 1.038, "sourcePlanID": 700000014}, "source_plan_load": {"elapsedMs": 0.382, "sourcePlanID": 700000014, "aircraftCount": 6}, "sweep_progress_load": {"elapsedMs": 7.423, "entries": 30}, "plan_id_resolve": {"elapsedMs": 0.023, "requested": true, "missionPlanID": 700000015}, "source_artifact_cache_build": {"elapsedMs": 0.014, "aircraftEntries": 6}, "done_input_ids_load": {"elapsedMs": 1.125, "count": 1}, "plan_deepcopy": {"elapsedMs": 0.053}, "target_uav_assignment": {"elapsedMs": 5.762, "assignedTargetCount": 1, "usedTrackingUavCount": 1}, "manned_sequence_assignment": {"elapsedMs": 9.163, "aircraftCount": 1, "error": null}, "attack_coordinate_resolution": {"elapsedMs": 3.978, "resolvedCount": 1, "mannedSequenceCount": 1}, "remaining_eta": {"elapsedMs": 6.813, "allUavCount": 3, "trackingUavCount": 1, "computedEtaCount": 1, "adjustedEtaS": 0}, "descriptor_list_build": {"elapsedMs": 0.029, "descriptorCount": 6, "activeMannedCount": 1, "otherLahCount": 2, "otherUavCount": 2}, "collab_tracking_scan": {"elapsedMs": 1.869, "inputCount": 1, "unavailableUavCount": 1}, "collab_agent_state_map": {"elapsedMs": 9.482, "aircraftCount": 6}, "collab_parallel_started": {"elapsedMs": 0.719, "inputCount": 1, "workers": 1}, "collab_parallel_join": {"elapsedMs": 4.14, "waitReason": "UAV_TRACK", "inputCount": 1}, "descriptor_loop": {"elapsedMs": 4211.817, "descriptorCount": 6, "updateCount": 4}, "final_collab_plan_update": {"elapsedMs": 0.01, "collabInputCount": 1}, "mission_plan_write": {"elapsedMs": 9.941, "missionPlanID": 700000015}, "option_meta_build": {"elapsedMs": 0.041, "targetCount": 1, "collabInputCount": 1}}, "collabRuns": [{"inputMissionID": 2, "unavailableAircraftIDs": [5], "elapsedMs": 2729.847, "status": "ok", "replacementAircraftIDs": [4, 6], "generatedPathCount": 2, "finishEtaS": 50, "workflow": "no_split"}], "descriptorDetails": [{"aircraftID": 3, "label": "manned", "mode": "LAH_ATTACK", "resolveArtifacts": {"elapsedMs": 0.805, "currentWaypointID": null, "sourcePathID": 300000001, "sourceImpID": 800000009}, "loadArtifacts": {"elapsedMs": 0.005, "impLoaded": true, "fpLoaded": true}, "cloneAndLocateMission": {"elapsedMs": 0.108, "missionCount": 3, "targetIndex": 0}, "allocateAndPlanUpdate": {"elapsedMs": 16.85, "newImpID": 800000068}, "builder": {"elapsedMs": 1948.38, "builderMode": "LAH_ATTACK"}, "builderDetail": {"allocate_ids": {"elapsedMs": 685.098, "attackPathID": 300000029, "resumePathID": 300000030, "attackIndividualID": 900000172, "resumeIndividualID": 900000173, "entryWaypointID": 448, "attackWaypointID": 449}, "split_lah_resume": {"elapsedMs": 415.586, "resumeWaypointCount": 1, "removedWaypointID": 83}, "clone_followups": {"elapsedMs": 699.019, "followUpMissionCount": 2, "followUpPathCount": 2}, "payload_build": {"elapsedMs": 135.272, "hasResume": true, "followUpMissionCount": 2, "attackSpeedMps": 73.61}, "write_json": {"elapsedMs": 7.339, "fileCount": 5}, "totalMs": 1946.43}, "status": "ok", "elapsedMs": 1966.267}, {"aircraftID": 1, "label": "lah_hold_1", "mode": "LAH_HOLD_RESUME", "resolveArtifacts": {"elapsedMs": 0.573, "currentWaypointID": null, "sourcePathID": 100000001, "sourceImpID": 800000007}, "loadArtifacts": {"elapsedMs": 0.005, "impLoaded": true, "fpLoaded": true}, "cloneAndLocateMission": {"elapsedMs": 0.114, "missionCount": 3, "targetIndex": 0}, "allocateAndPlanUpdate": {"elapsedMs": 19.18, "newImpID": 800000071}, "builder": {"elapsedMs": 1110.998, "builderMode": "LAH_HOLD_RESUME"}, "builderDetail": {"allocate_ids": {"elapsedMs": 251.885, "holdPathID": 100000029, "resumePathID": 100000030, "holdIndividualID": 900000182, "resumeIndividualID": 900000183}, "split_lah_resume": {"elapsedMs": 562.444, "resumeWaypointCount": 1, "removedWaypointID": 71}, "clone_followups": {"elapsedMs": 195.459, "followUpMissionCount": 2, "followUpPathCount": 2}, "payload_build": {"elapsedMs": 287.391, "hasResume": true, "followUpMissionCount": 2}, "write_json": {"elapsedMs": 5.503, "fileCount": 5}, "totalMs": 1110.955}, "status": "ok", "elapsedMs": 1130.998}, {"aircraftID": 2, "label": "lah_hold_2", "mode": "LAH_HOLD_RESUME", "resolveArtifacts": {"elapsedMs": 0.561, "currentWaypointID": null, "sourcePathID": 200000001, "sourceImpID": 800000008}, "loadArtifacts": {"elapsedMs": 0.005, "impLoaded": true, "fpLoaded": true}, "cloneAndLocateMission": {"elapsedMs": 0.119, "missionCount": 3, "targetIndex": 0}, "allocateAndPlanUpdate": {"elapsedMs": 6.702, "newImpID": 800000074}, "builder": {"elapsedMs": 665.111, "builderMode": "LAH_HOLD_RESUME"}, "builderDetail": {"allocate_ids": {"elapsedMs": 18.336, "holdPathID": 200000030, "resumePathID": 200000031, "holdIndividualID": 900000186, "resumeIndividualID": 900000187}, "split_lah_resume": {"elapsedMs": 339.553, "resumeWaypointCount": 1, "removedWaypointID": 77}, "clone_followups": {"elapsedMs": 203.91, "followUpMissionCount": 2, "followUpPathCount": 2}, "payload_build": {"elapsedMs": 299.786, "hasResume": true, "followUpMissionCount": 2}, "write_json": {"elapsedMs": 4.269, "fileCount": 5}, "totalMs": 665.072}, "status": "ok", "elapsedMs": 672.618}, {"aircraftID": 5, "label": "uav_tracking_5", "mode": "UAV_TRACK", "resolveArtifacts": {"elapsedMs": 0.03, "currentWaypointID": 412, "sourcePathID": 500000035, "sourceImpID": 800000060}, "loadArtifacts": {"elapsedMs": 0.005, "impLoaded": true, "fpLoaded": true}, "cloneAndLocateMission": {"elapsedMs": 0.203, "missionCount": 2, "targetIndex": 0}, "allocateAndPlanUpdate": {"elapsedMs": 8.762, "newImpID": 800000075}, "builder": {"elapsedMs": 423.528, "builderMode": "UAV_TRACK"}, "builderDetail": {"allocate_ids": {"elapsedMs": 145.055, "donePathID": 500000044, "attackPathID": 500000045, "resumePathID": 500000046, "trackingIndividualID": 900000190, "resumeIndividualID": 900000191, "targetWaypointID": 488}, "split_done_resume": {"elapsedMs": 0.917, "sourceSinglePoint": true, "doneWaypointCount": 1, "resumeWaypointCount": 0, "removedWaypointID": 412}, "clone_followups": {"elapsedMs": 127.831, "followUpMissionCount": 1, "followUpPathCount": 1}, "release_resume": {"elapsedMs": 101.02, "releaseWaypointCount": 2, "targetFinishEtaS": 50}, "write_json": {"elapsedMs": 38.945, "fileCount": 5}, "totalMs": 420.483}, "trackingState": {"elapsedMs": 2.198}, "status": "ok", "elapsedMs": 435.471}, {"aircraftID": 4, "label": "uav_resume_4", "mode": "UAV_RESUME", "resolveArtifacts": {"elapsedMs": 0.028, "currentWaypointID": 400, "sourcePathID": 400000038, "sourceImpID": 800000058}, "loadArtifacts": {"elapsedMs": 0.004, "impLoaded": true, "fpLoaded": true}, "cloneAndLocateMission": {"elapsedMs": 0.21, "missionCount": 2, "targetIndex": 0}, "status": "handled_by_collab", "elapsedMs": 0.983}, {"aircraftID": 6, "label": "uav_resume_6", "mode": "UAV_RESUME", "resolveArtifacts": {"elapsedMs": 0.019, "currentWaypointID": 421, "sourcePathID": 600000032, "sourceImpID": 800000062}, "loadArtifacts": {"elapsedMs": 0.003, "impLoaded": true, "fpLoaded": true}, "cloneAndLocateMission": {"elapsedMs": 0.146, "missionCount": 2, "targetIndex": 0}, "status": "handled_by_collab", "elapsedMs": 0.802}], "totalMs": 4271}
2026-05-21T04:36:05.282648Z [ATTACK] [ATTACK][TIME] override_total=4271ms
2026-05-21T04:36:05.283538Z [ATTACK] [TIME] apply_attack_plan_overrides=4280ms
2026-05-21T04:36:05.291150Z [ATTACK] [TIME] timingMs={"read_source": 15.728, "descriptor_build": 4.974, "write_artifacts": 4290.031, "delivery_wait": 6.895}
2026-05-21T04:36:05.291678Z [ATTACK] [TIME] total=4318ms
2026-05-21T04:36:05.296247Z [ATTACK] 분석 로그 저장: C:\Users\TRL98\Desktop\LAH_MUMT\Logs\Scenario_2026-05-21T132543\SBC3\DSS_Internal\log_attack_algorithm_20260521T043605_292267.json
2026-05-21T04:36:05.301387Z [ATTACK] mark target used: targetIDs=83
2026-05-21T04:36:05.316889Z [ATTACK-EXCLUDE] ATTACK-EXCLUDE using requested missionPlanID 700000016 (sourcePlanID=700000014)
2026-05-21T04:36:05.317552Z [ATTACK-EXCLUDE] [PRIOR][UAV] Resume sweep trim applied (cutPoints=7, rawCutPoints=7, doneSweepPoints=0, pathID=400000038).
2026-05-21T04:36:05.318153Z [ATTACK-EXCLUDE] [PRIOR][UAV] Resume searchSpeed scaled (factor=1.30, waypoints=1).
2026-05-21T04:36:05.318669Z [ATTACK-EXCLUDE] [PRIOR][UAV] Generated done/resume mission -> aircraft=4 IMP:800000067.json PATHS:400000042.json
2026-05-21T04:36:05.319319Z [ATTACK-EXCLUDE] [PRIOR][UAV] Resume sweep trim applied (cutPoints=5, rawCutPoints=5, doneSweepPoints=0, pathID=500000035).
2026-05-21T04:36:05.319747Z [ATTACK-EXCLUDE] [PRIOR][UAV] Resume searchSpeed scaled (factor=1.30, waypoints=1).
2026-05-21T04:36:05.320218Z [ATTACK-EXCLUDE] [PRIOR][UAV] Generated done/resume mission -> aircraft=5 IMP:800000069.json PATHS:500000042.json
2026-05-21T04:36:05.320706Z [ATTACK-EXCLUDE] [PRIOR][UAV] Resume sweep trim applied (cutPoints=9, rawCutPoints=9, doneSweepPoints=0, pathID=600000032).
2026-05-21T04:36:05.321269Z [ATTACK-EXCLUDE] [PRIOR][UAV] Resume searchSpeed scaled (factor=1.30, waypoints=1).
2026-05-21T04:36:05.321715Z [ATTACK-EXCLUDE] [PRIOR][UAV] Generated done/resume mission -> aircraft=6 IMP:800000070.json PATHS:600000039.json
2026-05-21T04:36:05.322106Z [ATTACK-EXCLUDE] 공격 배제 MissionPlan 저장 -> 700000016.json (planID=700000016)
2026-05-21T04:36:05.322486Z [ATTACK-EXCLUDE] ATTACK-EXCLUDE carried area remaining snapshot -> mission_area_snapshot_700000016.json (sourcePlanID=700000014, planID=700000016)
2026-05-21T04:36:05.603109Z [ATTACK] 공격 임무 계획 완료 (planIds=700000015)
2026-05-21T04:36:05.603733Z [INFO] UAV params loaded (cruise=40.00, turn_step=15.0)
2026-05-21T04:36:05.604287Z [INFO] Latest input snapshot → 0201:ID=1,ts=832652848738,src=-, 0203:ID=1,ts=832652848760,src=-
2026-05-21T04:36:05.605006Z [STEP 0] Using latest 0201 ID 1 (1.json)
2026-05-21T04:36:05.605742Z [STEP 0] Using latest 0203 ID 1 (1.json)
2026-05-21T04:36:05.606458Z [CHECK] 0201/0203 필수 데이터 확인 시작
2026-05-21T04:36:05.607097Z [OK] 0201 inputMissionList 확인됨 (count=3) → 진행
2026-05-21T04:36:05.607761Z [OK] 0201 availableAircraftList 확인됨 (count=6) → 진행
2026-05-21T04:36:05.608404Z [OK] 0201 inputMissionPackageType=1 확인
2026-05-21T04:36:05.609058Z [OK] 0201 mainSensor=1 확인
2026-05-21T04:36:05.609718Z [CHECK] 0201 기체 수=6 (UAV=3, LAH=3)
2026-05-21T04:36:05.610220Z [CHECK] 0201 임무: total=3 missingID=0 missingDetail=0 missingShape=0 unknownType=0 typeZeroAuto=0 typeZeroInvalid=0 lineOnlyViolation=0 skippedSinglePoint=0
2026-05-21T04:36:05.610673Z [OK] 0203 takeOverInfoList 확인됨 (count=3) → 진행
2026-05-21T04:36:05.611083Z [OK] 0203 handOverInfoList 확인됨 (count=3) → 진행
2026-05-21T04:36:05.611487Z [OK] 0203 flightAreaList 확인됨 (count=1) → 진행
2026-05-21T04:36:05.611881Z [CHECK] 0203 flightAreaList count=1
2026-05-21T04:36:05.612324Z [INFO] 임무 진행영역 스냅샷 적용: sourcePlan=700000014, updated=2, done=0
2026-05-21T04:36:05.612721Z [INFO] 임무 진행영역 재계획 collapse 적용: groups=2, normalized=2, 3
2026-05-21T04:36:05.613111Z [INFO] Filtered completed input missions (removed=1, converted=-, widthAdjusted=-, skippedSinglePoint=-, snapshot=updated=2, done=0, collapse=groups=2, normalized=2,3)
2026-05-21T04:36:05.614117Z [REPLAN][TIME] variant_started_ms=4354.0 wall_ms=1779338165316 variant=1 option=3 mode=attack_exclusion
2026-05-21T04:36:05.614578Z [variant 1] 공격 배제 병렬 결과 병합
2026-05-21T04:36:05.614991Z [REPLAN][TIME] attack_exclusion_parallel_joined_ms=4360.2 wall_ms=1779338165322 variant=1 duration_ms=2592.314 wait_ms=0.012
2026-05-21T04:36:05.615380Z [OK] 공격 배제 variant 저장: MissionPlanID=700000016 (elapsed=2592.3 ms)
2026-05-21T04:36:05.615771Z [INFO] Option mapping #1: planID=700000016, optionCode=3(공격배제)
2026-05-21T04:36:05.616160Z [REPLAN][TIME] variant_finished_ms=4360.3 wall_ms=1779338165322 variant=1 option=3 mode=attack_exclusion status=success duration_ms=2592.314
2026-05-21T04:36:05.616548Z [OK] Stored mission data: MissionPlan=1, IndividualMission=0, FlightPath=0
2026-05-21T04:36:05.616936Z [REPLAN][TIME] id_tab_update_deferred_ms=4361.1 wall_ms=1779338165323
2026-05-21T04:36:05.617317Z [REPLAN][TIME] pipeline_done_ms=4361.2 wall_ms=1779338165323 plans=2 force_direct=False
2026-05-21T04:36:05.617733Z [REPLAN][TIME] 0301_queued_ms=4361.2 wall_ms=1779338165323 plans=2
2026-05-21T04:36:05.618114Z [STEP 4] 0301 push queued (planIds=700000015, 700000016)
2026-05-21T04:36:05.619670Z [0301] missionPlanID=700000015 전송
2026-05-21T04:36:05.621262Z [0301] missionPlanID=700000016 전송
2026-05-21T04:36:05.622104Z [PUSH] 0301 direct batch send
2026-05-21T04:36:05.622673Z [REPLAN][TIME] 0301_sent_ms=4659.9 wall_ms=1779338165622 plans=2
2026-05-21T04:36:05.623270Z [REPLAN][TIME] post_0301_delivery_queued_ms=4660.5 wall_ms=1779338165623 grace_ms=0 timeout_ms=20 force_direct=0 mode=option_or_0901
2026-05-21T04:36:05.623743Z [INFO] Post-0301 apply queued (mode=option_or_0901, grace=0ms, timeout=20ms, plans=2)
2026-05-21T04:36:05.625714Z [REPLAN][TIME] 0305_status_2_ms=4662.9 wall_ms=1779338165625 reason=표적83 발견 재계획
2026-05-21T04:36:05.626244Z [0305] status=2, reason=표적83 발견 재계획, elapsed=4.66s 전송
2026-05-21T04:36:05.626706Z [REPLAN][TIME] post_0301_completion_ready_ms=4664.0 wall_ms=1779338165626 mode=option_or_0901
2026-05-21T04:36:05.627142Z [REPLAN][METRIC] source_artifact_cache entries=24 hits=42 misses=24
2026-05-21T04:36:05.662214Z [INFO] Post-0301 ready (timeout) -> sending 0901
2026-05-21T04:36:05.663038Z [REPLAN][TIME] post_0301_flushed_ms=4700.2 wall_ms=1779338165662 delivery=0901 trigger=timeout
2026-05-21T04:36:05.665854Z [REPLAN][TIME] 0901_sent_ms=4703.1 wall_ms=1779338165665 options=2
2026-05-21T04:36:05.666534Z [0901] option request sent (count=2, codes=2(공격특화), 3(공격배제))
2026-05-21T04:36:05.667156Z [REPLAN][TIME] id_tab_update_flushed_ms=4704.4 wall_ms=1779338165666
2026-05-21T04:36:55.555241Z [INFO] Latest 0201 ID updated → 2
2026-05-21T04:36:55.923089Z [REPLAN][TIME] 0902_received_ms=0.2 wall_ms=1779338215922 trigger=general_3_option replanLevel=1 optionCount=3 forceDirect=0
2026-05-21T04:36:55.924917Z [REPLAN][TIME] 0902_archived_ms=2.0 wall_ms=1779338215924 path=replan_request_832653415724.json
2026-05-21T04:36:55.925733Z [AUTO] 0902 received (planIds=700000017, 700000018, 700000019)
2026-05-21T04:36:55.926468Z [REPLAN][TIME] pipeline_scheduled_ms=3.5 wall_ms=1779338215926 delay_ms=100
2026-05-21T04:36:55.927209Z [AUTO] replan pipeline scheduled after 0.1s delay
2026-05-21T04:36:56.032845Z [REPLAN][TIME] scheduled_start_ms=109.8 wall_ms=1779338216032
2026-05-21T04:36:56.036879Z [REPLAN][TIME] 0305_status_1_ms=112.5 wall_ms=1779338216035 reason=협업기저임무 재수행 요청
2026-05-21T04:36:56.037593Z [0305] status=1, reason=협업기저임무 재수행 요청 전송
2026-05-21T04:36:56.042908Z [INFO] Using latest 0203 ID 1 for missionReferencePackageID (fallback)
2026-05-21T04:36:56.043688Z [STEP 0] Replan pipeline start (reason=협업기저임무 재수행 요청)
2026-05-21T04:36:56.050387Z [INFO] UAV params loaded (cruise=40.00, turn_step=15.0)
2026-05-21T04:36:56.051363Z [INFO] Latest input snapshot → 0201:ID=2,ts=832653415542,src=-, 0203:ID=1,ts=832652848760,src=-
2026-05-21T04:36:56.052002Z [STEP 0] Using latest 0201 ID 2 (2.json)
2026-05-21T04:36:56.052532Z [STEP 0] Using latest 0203 ID 1 (1.json)
2026-05-21T04:36:56.059437Z [CHECK] 0201/0203 필수 데이터 확인 시작
2026-05-21T04:36:56.060401Z [OK] 0201 inputMissionList 확인됨 (count=4) → 진행
2026-05-21T04:36:56.061335Z [OK] 0201 availableAircraftList 확인됨 (count=6) → 진행
2026-05-21T04:36:56.061977Z [OK] 0201 inputMissionPackageType=1 확인
2026-05-21T04:36:56.062617Z [OK] 0201 mainSensor=1 확인
2026-05-21T04:36:56.063489Z [CHECK] 0201 기체 수=6 (UAV=3, LAH=3)
2026-05-21T04:36:56.064531Z [CHECK] 0201 임무: total=4 missingID=0 missingDetail=0 missingShape=0 unknownType=0 typeZeroAuto=0 typeZeroInvalid=0 lineOnlyViolation=0 skippedSinglePoint=0
2026-05-21T04:36:56.065505Z [OK] 0203 takeOverInfoList 확인됨 (count=3) → 진행
2026-05-21T04:36:56.066241Z [OK] 0203 handOverInfoList 확인됨 (count=3) → 진행
2026-05-21T04:36:56.067912Z [OK] 0203 flightAreaList 확인됨 (count=1) → 진행
2026-05-21T04:36:56.068348Z [CHECK] 0203 flightAreaList count=1
2026-05-21T04:36:56.068990Z [INFO] 임무 진행영역 스냅샷 미적용: sourcePlan=700000016, reason=fresh collabReexecuteInputRefresh trigger
2026-05-21T04:36:56.069507Z [INFO] 현재 임무 collaborative hybrid armed: inputMissionID=4, sourcePlan=700000016, mode=reexecute_first_mission, aircraft=[4, 5, 6], options=all
2026-05-21T04:36:56.070136Z [INFO] Filtered completed input missions (removed=1, 2, converted=-, widthAdjusted=-, skippedSinglePoint=-, snapshot=-, collapse=-)
2026-05-21T04:36:56.070741Z [REPLAN][TIME] parallel_safety_gate_ms=144.8 wall_ms=1779338216067 enabled=True workers=3 waypoint_block_size=50000 reasons=-
2026-05-21T04:36:56.071375Z [INFO] 현재임무 재수행 옵션 병렬 생성 활성화: variant별 hybrid 요청 격리 적용
2026-05-21T04:36:56.072060Z [INFO] 일반 재계획 옵션 병렬 생성 활성화: variants=3, workers=3
2026-05-21T04:36:56.272404Z [INFO] variant 1 waypointID blocks reserved: 0303=493-50492, 0304=50493-100492
2026-05-21T04:36:56.485097Z [INFO] variant 2 waypointID blocks reserved: 0303=100493-150492, 0304=150493-200492
2026-05-21T04:36:56.691007Z [INFO] variant 3 waypointID blocks reserved: 0303=200493-250492, 0304=250493-300492
2026-05-21T04:37:00.326308Z [REPLAN][TIME] variant_started_ms=770.7 wall_ms=1779338216693 variant=1 option=6 mode=parallel_core
2026-05-21T04:37:00.328459Z [REPLAN][TIME] variant_core_finished_ms=4402.2 wall_ms=1779338220324 variant=1 option=6 mode=parallel_core status=success duration_ms=3631.525
2026-05-21T04:37:00.330385Z [STEP 1.1] Divide & Pattern start
2026-05-21T04:37:00.331304Z [variant 1] [ENHANCED][1] split start: uavs=[4, 5, 6]
2026-05-21T04:37:00.332161Z [variant 1] [ENHANCED][1] split done: pieces=6
2026-05-21T04:37:00.332907Z [variant 1] [ENHANCED][2] type-decider done: profile=6 changed=6/6
2026-05-21T04:37:00.333905Z [variant 1] [ENHANCED][3] expected-path done: count=6
2026-05-21T04:37:00.334590Z [variant 1] [ENHANCED][4] area-review done: overflow=0 targets=0 pieces=6->6
2026-05-21T04:37:00.335362Z [variant 1] [ENHANCED][5] expected-velocity done: pieces=6 dbRows=7010
2026-05-21T04:37:00.336159Z [variant 1] [ENHANCED][6] 0302 export done: files=6
2026-05-21T04:37:00.337031Z [variant 1] [ENHANCED] total=1228.7 ms
2026-05-21T04:37:00.337769Z [TIME] divide_and_pattern (variant=1): 1228.9 ms
2026-05-21T04:37:00.338610Z [OK] IMP generated: 6 file(s) (variant=1)
2026-05-21T04:37:00.339469Z [TIME] build_0301+load (variant=1): 155.8 ms
2026-05-21T04:37:00.340263Z [OK] MissionPlan built: MissionPlan_1779338217922.json (variant=1)
2026-05-21T04:37:00.341228Z [TIME] collect_missions (variant=1): 123.7 ms, count=12
2026-05-21T04:37:00.342006Z [variant 1] [REEXEC-FIRST] current-position first mission builder armed: sourcePlan=700000016, inputMissionID=4, sourceTemplateInputID=2, aircraft=[4, 5, 6], entries=A4=37.9255934,128.1637684,alt=1978.0, A5=37.9258429,128.1861974,alt=1892.0, A6=37.9311366,128.2097804,alt=1969.0
2026-05-21T04:37:00.342732Z [variant 1] [REEXEC-FIRST] division planner area-division pieces=3
2026-05-21T04:37:00.343785Z [variant 1] [REEXEC-FIRST] division planner final workflow=no_split paths=3
2026-05-21T04:37:00.345159Z [variant 1] current remaining generic 0303 skipped: inputMissionID=4, missions=3, aircraft=[4, 5, 6], pathIDs=[400000001, 500000001, 600000001]
2026-05-21T04:37:00.346177Z [INFO] FlightPath build mode (variant=1): 0303=aircraft_parallel workers=2 aircraft=3, 0304=sequential
2026-05-21T04:37:00.346939Z [REPLAN][METRIC] flightpath_build_0303 variant=1 option=6 recon=0 mode=parallel_core buildMode=aircraft_parallel workers=2 aircraft=3 paths=3 reassignedWaypoints=9 elapsed_ms=370.693 fallback=- worker_ms=4:136.407|5:168.760|6:231.765
2026-05-21T04:37:00.348015Z [INFO] FlightPath build time: 0303=370.7 ms, 0304=7.5 ms
2026-05-21T04:37:00.349196Z [variant 1] current remaining collaborative hybrid applied: inputMissionID=4, aircraft=[4, 5, 6], removedPaths=3, workflow=reexecute_first_mission:no_split
2026-05-21T04:37:00.350063Z [INFO] Applied LAH-UAV ETA follow speed plan (variant=1)
2026-05-21T04:37:00.350786Z [OK] FlightPath counts (variant=1): 0303=6 / 0304=6
2026-05-21T04:37:00.351593Z [REPLAN][METRIC] flightpath_counts variant=1 option=6 recon=0 mode=parallel_core paths0303=6 paths0304=6 pathsTotal=12 waypoints0303=15 waypoints0304=12 waypointsTotal=27 maxWaypointsPerPath=3 emptyPaths=0 formationPaths=0
2026-05-21T04:37:01.772000Z [REPLAN][TIME] variant_started_ms=772.5 wall_ms=1779338216695 variant=3 option=5 mode=parallel_core
2026-05-21T04:37:01.835686Z [REPLAN][TIME] variant_core_finished_ms=5840.4 wall_ms=1779338221763 variant=3 option=5 mode=parallel_core status=success duration_ms=5067.949
2026-05-21T04:37:01.836576Z [STEP 1.3] Divide & Pattern start
2026-05-21T04:37:01.837364Z [variant 3] [ENHANCED][1] split start: uavs=[4, 5, 6]
2026-05-21T04:37:01.846001Z [variant 3] [ENHANCED][1] split done: pieces=6
2026-05-21T04:37:01.848040Z [variant 3] [ENHANCED][2] type-decider done: profile=6 changed=6/6
2026-05-21T04:37:01.849175Z [variant 3] [ENHANCED][3] expected-path done: count=6
2026-05-21T04:37:01.850143Z [variant 3] [ENHANCED][4] area-review done: overflow=0 targets=0 pieces=6->6
2026-05-21T04:37:01.853593Z [variant 3] [ENHANCED][5] expected-velocity done: pieces=6 dbRows=7010
2026-05-21T04:37:01.854601Z [variant 3] [ENHANCED][6] 0302 export done: files=6
2026-05-21T04:37:01.855437Z [variant 3] [ENHANCED] total=1242.8 ms
2026-05-21T04:37:01.856183Z [TIME] divide_and_pattern (variant=3): 1243.1 ms
2026-05-21T04:37:01.857022Z [OK] IMP generated: 6 file(s) (variant=3)
2026-05-21T04:37:01.857882Z [TIME] build_0301+load (variant=3): 165.1 ms
2026-05-21T04:37:01.858833Z [OK] MissionPlan built: MissionPlan_1779338217938.json (variant=3)
2026-05-21T04:37:01.859668Z [TIME] collect_missions (variant=3): 103.6 ms, count=12
2026-05-21T04:37:01.861044Z [variant 3] [REEXEC-FIRST] current-position first mission builder armed: sourcePlan=700000016, inputMissionID=4, sourceTemplateInputID=2, aircraft=[4, 5, 6], entries=A4=37.9255934,128.1637684,alt=1978.0, A5=37.9258429,128.1861974,alt=1892.0, A6=37.9311366,128.2097804,alt=1969.0
2026-05-21T04:37:01.862122Z [variant 3] [REEXEC-FIRST] division planner area-division pieces=3
2026-05-21T04:37:01.863200Z [variant 3] [REEXEC-FIRST] division planner final workflow=no_split paths=3
2026-05-21T04:37:01.864121Z [variant 3] current remaining generic 0303 skipped: inputMissionID=4, missions=3, aircraft=[4, 5, 6], pathIDs=[400000001, 500000001, 600000001]
2026-05-21T04:37:01.864899Z [INFO] FlightPath build mode (variant=3): 0303=aircraft_parallel workers=2 aircraft=3, 0304=sequential
2026-05-21T04:37:01.865907Z [REPLAN][METRIC] flightpath_build_0303 variant=3 option=5 recon=0 mode=parallel_core buildMode=aircraft_parallel workers=2 aircraft=3 paths=3 reassignedWaypoints=9 elapsed_ms=261.372 fallback=- worker_ms=4:119.163|5:137.487|6:128.269
2026-05-21T04:37:01.866889Z [INFO] FlightPath build time: 0303=261.4 ms, 0304=5.1 ms
2026-05-21T04:37:01.867777Z [variant 3] current remaining collaborative hybrid applied: inputMissionID=4, aircraft=[4, 5, 6], removedPaths=3, workflow=reexecute_first_mission:no_split
2026-05-21T04:37:01.868742Z [INFO] Applied LAH-UAV ETA follow speed plan (variant=3)
2026-05-21T04:37:01.869578Z [OK] FlightPath counts (variant=3): 0303=6 / 0304=6
2026-05-21T04:37:01.870415Z [REPLAN][METRIC] flightpath_counts variant=3 option=5 recon=0 mode=parallel_core paths0303=6 paths0304=6 pathsTotal=12 waypoints0303=15 waypoints0304=12 waypointsTotal=27 maxWaypointsPerPath=3 emptyPaths=0 formationPaths=0
2026-05-21T04:37:05.747152Z [REPLAN][TIME] variant_started_ms=772.2 wall_ms=1779338216694 variant=2 option=4 mode=parallel_core
2026-05-21T04:37:05.748688Z [REPLAN][TIME] variant_core_finished_ms=9823.0 wall_ms=1779338225745 variant=2 option=4 mode=parallel_core status=success duration_ms=9050.839
2026-05-21T04:37:05.749316Z [STEP 1.2] Divide & Pattern start
2026-05-21T04:37:05.749750Z [variant 2] [ENHANCED][1] split start: uavs=[4, 5, 6]
2026-05-21T04:37:05.750182Z [variant 2] [ENHANCED][1] split done: pieces=6
2026-05-21T04:37:05.750572Z [variant 2] [REPLAN][METRIC] recon_area_review_before option=4 pieces=6 areaPieces=3 maxSegmentM=600.000 maxSplitCountLimit=0 minSegmentM=0.000 fixedFovDeg=2.400 areaFovDeg=2.400 sweepSeparationM=1000.000 sweepSeparationScale=1.000 turnRadiusM=800.000
2026-05-21T04:37:05.751062Z [variant 2] [REPLAN][METRIC] recon_area_review option=4 elapsed_ms=675.033 maxSegmentM=600.000 maxSplitCountLimit=0 minSegmentM=0.000 pieces_before=6 pieces_after=16 area_before=3 area_after=13 targets=3 localized=3 changed_details=3 detail_count=3 split_count_sum=13 raw_split_count_sum=13 max_split_count=5 max_raw_split_count=5 split_capped_count=0 max_projected_span_m=2497.311 max_total_len_m=0.000 max_segment_len_m=538.930 fixedFovDeg=2.400 areaFovDeg=2.400 sweepSeparationM=1000.000 sweepSeparationScale=1.000 turnRadiusM=800.000 reasons=-
2026-05-21T04:37:05.751535Z [variant 2] [ENHANCED][1R] recon-area-review done: targets=3 localized=3 pieces=6->16
2026-05-21T04:37:05.752078Z [variant 2] [ENHANCED][2] type-decider done: profile=6 changed=16/16
2026-05-21T04:37:05.752527Z [variant 2] [ENHANCED][3] expected-path done: count=16
2026-05-21T04:37:05.753072Z [variant 2] [ENHANCED][4] area-review done: overflow=0 targets=0 pieces=16->16
2026-05-21T04:37:05.753512Z [variant 2] [ENHANCED][5] expected-velocity done: pieces=16 dbRows=7010
2026-05-21T04:37:05.754733Z [variant 2] [ENHANCED][6] 0302 export done: files=6
2026-05-21T04:37:05.755746Z [variant 2] [ENHANCED] total=1513.8 ms
2026-05-21T04:37:05.756352Z [TIME] divide_and_pattern (variant=2): 1514.1 ms
2026-05-21T04:37:05.756931Z [OK] IMP generated: 6 file(s) (variant=2)
2026-05-21T04:37:05.757327Z [TIME] build_0301+load (variant=2): 17.5 ms
2026-05-21T04:37:05.757746Z [OK] MissionPlan built: MissionPlan_1779338218208.json (variant=2)
2026-05-21T04:37:05.758149Z [TIME] collect_missions (variant=2): 10.4 ms, count=22
2026-05-21T04:37:05.758582Z [variant 2] [REEXEC-FIRST] current-position first mission builder armed: sourcePlan=700000016, inputMissionID=4, sourceTemplateInputID=2, aircraft=[4, 5, 6], entries=A4=37.9255934,128.1637684,alt=1978.0, A5=37.9258429,128.1861974,alt=1892.0, A6=37.9311366,128.2097804,alt=1969.0
2026-05-21T04:37:05.758985Z [variant 2] [REEXEC-FIRST] division planner area-division pieces=3
2026-05-21T04:37:05.759371Z [variant 2] [REEXEC-FIRST] division planner final workflow=no_split paths=3
2026-05-21T04:37:05.759751Z [variant 2] current remaining generic 0303 skipped: inputMissionID=4, missions=13, aircraft=[4, 5, 6], pathIDs=[400000001, 400000002, 400000003, 400000004, 500000001, 500000002, 500000003, 500000004, 600000001, 600000002, 600000003, 600000004, 600000005]
2026-05-21T04:37:05.760200Z [INFO] FlightPath build mode (variant=2): 0303=aircraft_parallel workers=2 aircraft=3, 0304=sequential
2026-05-21T04:37:05.761515Z [REPLAN][METRIC] flightpath_build_0303 variant=2 option=4 recon=1 mode=parallel_core buildMode=aircraft_parallel workers=2 aircraft=3 paths=3 reassignedWaypoints=9 elapsed_ms=902.039 fallback=- worker_ms=4:639.758|5:668.227|6:260.390
2026-05-21T04:37:05.762300Z [INFO] FlightPath build time: 0303=902.0 ms, 0304=5.1 ms
2026-05-21T04:37:05.763006Z [variant 2] current remaining collaborative hybrid applied: inputMissionID=4, aircraft=[4, 5, 6], removedPaths=13, workflow=reexecute_first_mission:no_split
2026-05-21T04:37:05.763623Z [INFO] Applied LAH-UAV ETA follow speed plan (variant=2)
2026-05-21T04:37:05.764128Z [OK] FlightPath counts (variant=2): 0303=6 / 0304=6
2026-05-21T04:37:05.764621Z [REPLAN][METRIC] flightpath_counts variant=2 option=4 recon=1 mode=parallel_core paths0303=6 paths0304=6 pathsTotal=12 waypoints0303=15 waypoints0304=12 waypointsTotal=27 maxWaypointsPerPath=3 emptyPaths=0 formationPaths=0
2026-05-21T04:37:05.830211Z [TIME] pathID_mapping (variant=1, current_remaining_parallel_store): 81.3 ms
2026-05-21T04:37:05.831071Z [INFO] pathID mapping done after current remaining hybrid merge (variant=1, parallel_store)
2026-05-21T04:37:05.832053Z [INFO] FlightPath pathID enforced (variant=1): 0303=6, 0304=6
2026-05-21T04:37:05.889941Z [TIME] build_0302 (variant=1): 40.3 ms, packages=6
2026-05-21T04:37:05.891587Z [INFO] FlightPath individualMissionID synced (variant=1): fixed=12
2026-05-21T04:37:05.896087Z [TIME] write_0302 (variant=1): 7.3 ms, files=6
2026-05-21T04:37:05.962101Z [TIME] write_FlightPath (variant=1): 51.2 ms, files=12
2026-05-21T04:37:05.962898Z [REPLAN][METRIC] flightpath_write variant=1 option=6 recon=0 mode=parallel_store files0303=6 files0304=6 filesTotal=12 write_ms=51.195
2026-05-21T04:37:05.965130Z [TIME] write_0301 (variant=1): 1.1 ms
2026-05-21T04:37:05.965857Z [OK] Stored variant 1: MissionPlanID=700000017, IMP=6, FlightPath=12
2026-05-21T04:37:05.966778Z [REPLAN][TIME] variant_finished_ms=10042.2 wall_ms=1779338225964 variant=1 option=6 mode=parallel_store status=success duration_ms=3846.716
2026-05-21T04:37:05.967570Z [TIME] variant_total (variant=1): 3846.7 ms
2026-05-21T04:37:05.968201Z [INFO] Option mapping #1: planID=700000017, optionCode=6(정찰/시간 균형)
2026-05-21T04:37:06.047748Z [TIME] pathID_mapping (variant=2, current_remaining_parallel_store): 79.9 ms
2026-05-21T04:37:06.048699Z [INFO] pathID mapping done after current remaining hybrid merge (variant=2, parallel_store)
2026-05-21T04:37:06.049980Z [INFO] FlightPath pathID enforced (variant=2): 0303=6, 0304=6
2026-05-21T04:37:06.113366Z [TIME] build_0302 (variant=2): 46.6 ms, packages=6
2026-05-21T04:37:06.115301Z [INFO] FlightPath individualMissionID synced (variant=2): fixed=12
2026-05-21T04:37:06.121513Z [TIME] write_0302 (variant=2): 7.7 ms, files=6
2026-05-21T04:37:06.200722Z [TIME] write_FlightPath (variant=2): 63.4 ms, files=12
2026-05-21T04:37:06.201737Z [REPLAN][METRIC] flightpath_write variant=2 option=4 recon=1 mode=parallel_store files0303=6 files0304=6 filesTotal=12 write_ms=63.448
2026-05-21T04:37:06.204475Z [TIME] write_0301 (variant=2): 1.2 ms
2026-05-21T04:37:06.205069Z [OK] Stored variant 2: MissionPlanID=700000018, IMP=6, FlightPath=12
2026-05-21T04:37:06.205726Z [REPLAN][TIME] variant_finished_ms=10281.6 wall_ms=1779338226204 variant=2 option=4 mode=parallel_store status=success duration_ms=9286.255
2026-05-21T04:37:06.206461Z [TIME] variant_total (variant=2): 9286.3 ms
2026-05-21T04:37:06.207013Z [INFO] Option mapping #2: planID=700000018, optionCode=4(정찰특화)
2026-05-21T04:37:06.287918Z [TIME] pathID_mapping (variant=3, current_remaining_parallel_store): 81.3 ms
2026-05-21T04:37:06.288878Z [INFO] pathID mapping done after current remaining hybrid merge (variant=3, parallel_store)
2026-05-21T04:37:06.289990Z [INFO] FlightPath pathID enforced (variant=3): 0303=6, 0304=6
2026-05-21T04:37:06.357950Z [TIME] build_0302 (variant=3): 48.4 ms, packages=6
2026-05-21T04:37:06.359511Z [INFO] FlightPath individualMissionID synced (variant=3): fixed=12
2026-05-21T04:37:06.366499Z [TIME] write_0302 (variant=3): 8.5 ms, files=6
2026-05-21T04:37:06.434920Z [TIME] write_FlightPath (variant=3): 52.2 ms, files=12
2026-05-21T04:37:06.435752Z [REPLAN][METRIC] flightpath_write variant=3 option=5 recon=0 mode=parallel_store files0303=6 files0304=6 filesTotal=12 write_ms=52.180
2026-05-21T04:37:06.440342Z [TIME] write_0301 (variant=3): 2.7 ms
2026-05-21T04:37:06.441092Z [OK] Stored variant 3: MissionPlanID=700000019, IMP=6, FlightPath=12
2026-05-21T04:37:06.441818Z [REPLAN][TIME] variant_finished_ms=10517.4 wall_ms=1779338226440 variant=3 option=5 mode=parallel_store status=success duration_ms=5298.987
2026-05-21T04:37:06.442568Z [TIME] variant_total (variant=3): 5299.0 ms
2026-05-21T04:37:06.443211Z [INFO] Option mapping #3: planID=700000019, optionCode=5(최소시간)
2026-05-21T04:37:06.445203Z [OK] Stored mission data: MissionPlan=3, IndividualMission=18, FlightPath=36
2026-05-21T04:37:06.445957Z [REPLAN][TIME] id_tab_update_deferred_ms=10520.7 wall_ms=1779338226443
2026-05-21T04:37:06.447535Z [REPLAN][TIME] pipeline_done_ms=10520.8 wall_ms=1779338226443 plans=3 force_direct=False
2026-05-21T04:37:06.448257Z [REPLAN][TIME] 0301_queued_ms=10520.8 wall_ms=1779338226443 plans=3
2026-05-21T04:37:06.449970Z [STEP 4] 0301 push queued (planIds=700000017, 700000018, 700000019)
2026-05-21T04:37:06.453939Z [0301] missionPlanID=700000017 전송
2026-05-21T04:37:06.455932Z [0301] missionPlanID=700000018 전송
2026-05-21T04:37:06.458089Z [0301] missionPlanID=700000019 전송
2026-05-21T04:37:06.459095Z [PUSH] 0301 direct batch send
2026-05-21T04:37:06.459793Z [REPLAN][TIME] 0301_sent_ms=10537.0 wall_ms=1779338226459 plans=3
2026-05-21T04:37:06.460575Z [REPLAN][TIME] post_0301_delivery_queued_ms=10537.7 wall_ms=1779338226460 grace_ms=0 timeout_ms=20 force_direct=0 mode=option_or_0901
2026-05-21T04:37:06.461145Z [INFO] Post-0301 apply queued (mode=option_or_0901, grace=0ms, timeout=20ms, plans=3)
2026-05-21T04:37:06.463332Z [REPLAN][TIME] 0305_status_2_ms=10540.5 wall_ms=1779338226463 reason=협업기저임무 재수행 요청
2026-05-21T04:37:06.464009Z [0305] status=2, reason=협업기저임무 재수행 요청, elapsed=10.43s 전송
2026-05-21T04:37:06.464627Z [REPLAN][TIME] post_0301_completion_ready_ms=10541.8 wall_ms=1779338226464 mode=option_or_0901
2026-05-21T04:37:06.465173Z [REPLAN][METRIC] source_artifact_cache entries=34 hits=28 misses=34
2026-05-21T04:37:06.485407Z [INFO] Post-0301 ready (timeout) -> sending 0901
2026-05-21T04:37:06.486371Z [REPLAN][TIME] post_0301_flushed_ms=10563.5 wall_ms=1779338226486 delivery=0901 trigger=timeout
2026-05-21T04:37:06.488662Z [REPLAN][TIME] 0901_sent_ms=10565.8 wall_ms=1779338226488 options=3
2026-05-21T04:37:06.489449Z [0901] option request sent (count=3, codes=6(정찰/시간 균형), 4(정찰특화), 5(최소시간))
2026-05-21T04:37:06.490255Z [REPLAN][TIME] id_tab_update_flushed_ms=10567.4 wall_ms=1779338226490
2026-05-21T04:37:54.491781Z [REPLAN][TIME] 0902_received_ms=0.2 wall_ms=1779338274491 trigger=attack_2_option replanLevel=2 optionCount=2 forceDirect=0
2026-05-21T04:37:54.493183Z [REPLAN][TIME] 0902_archived_ms=1.6 wall_ms=1779338274492 path=replan_request_832653473474.json
2026-05-21T04:37:54.493735Z [AUTO] 0902 received (planIds=700000020, 700000021)
2026-05-21T04:37:54.494351Z [REPLAN][TIME] pipeline_scheduled_ms=2.8 wall_ms=1779338274494 delay_ms=0
2026-05-21T04:37:54.495207Z [REPLAN][TIME] scheduled_start_ms=3.7 wall_ms=1779338274495
2026-05-21T04:37:54.496994Z [REPLAN][TIME] 0305_status_1_ms=5.5 wall_ms=1779338274496 reason=표적84 발견 재계획
2026-05-21T04:37:54.497479Z [0305] status=1, reason=표적84 발견 재계획 전송
2026-05-21T04:37:54.501255Z [INFO] Using latest 0203 ID 1 for missionReferencePackageID (fallback)
2026-05-21T04:37:54.502443Z [STEP 0] Replan pipeline start (reason=표적84 발견 재계획)
2026-05-21T04:37:54.503051Z [REPLAN][TIME] attack_exclusion_parallel_started_ms=10.3 wall_ms=1779338274501 option_index=2 sourcePlanID=700000017
2026-05-21T04:37:54.503559Z [ATTACK-EXCLUDE] parallel generation started (sourcePlanID=700000017, optionIndex=2)
2026-05-21T04:37:54.503975Z [ATTACK] 공격 특화 재계획 요청 감지 → 전용 파이프라인 실행
2026-05-21T04:37:54.511281Z [ATTACK] [TIME] select_manned_aircraft=9ms
2026-05-21T04:37:54.511747Z [ATTACK] STEP1 Selected manned aircraft: aircraft 2 (fuel=1200.0, coord=(37.85672378540039, 128.23350524902344, alt=1199))
2026-05-21T04:37:54.512933Z [ATTACK] [TIME] load_target_entries=1ms
2026-05-21T04:37:54.513416Z [ATTACK] STEP2 UAV tracking summary: watcher 5?’target 84, watcher 4?’target unknown-10, watcher 4?’target unknown-13, watcher 4?’target unknown-17, watcher 4?’target unknown-2, watcher 4?’target unknown-22, watcher 4?’target unknown-24, watcher 5?’target unknown-12, watcher 5?’target unknown-15, watcher 5?’target unknown-16, watcher 5?’target unknown-18, watcher 5?’target unknown-19, watcher 5?’target unknown-20, watcher 5?’target unknown-3, watcher 5?’target unknown-4, watcher 5?’target unknown-6, watcher 5?’target unknown-7, watcher 5?’target unknown-8, watcher 5?’target unknown-9, watcher 6?’target unknown-1, watcher 6?’target unknown-11, watcher 6?’target unknown-21, watcher 6?’target unknown-23, watcher 6?’target unknown-25, watcher 6?’target unknown-5, watcher 4?’target 77, watcher 6?’target 78, watcher 5?’target 79, watcher 5?’target 80, watcher 4?’target 81, watcher 5?’target 82, watcher 5?’target 83
2026-05-21T04:37:54.513919Z [ATTACK] STEP2.5 Using bundled 0402 targets: target=84 watcher=5
2026-05-21T04:37:54.517789Z [ATTACK] [ATTACK] Selected target id=84 type=1 weaponType=2 (preferred=2, ammo={'type1': 500, 'type2': 7, 'type3': 2})
2026-05-21T04:37:54.524553Z [ATTACK] [TIME] compute_attack_point=6ms
2026-05-21T04:37:54.526550Z [ATTACK] STEP3 Attack plan completed: lat=37.901547, lon=128.192529, alt=952m
2026-05-21T04:37:54.533614Z [ATTACK] [ATTACK] Weapon choice aircraft=2 preferred=2 selected=2 ammo={'type1': 500, 'type2': 7, 'type3': 2}
2026-05-21T04:37:54.534369Z [ATTACK] [ATTACK][ETA] Tracking ETA computed with LAH max attack speed (dist=6146.2m, speed=73.61m/s, +30s) -> 113s
2026-05-21T04:37:54.538511Z [ATTACK] [ATTACK] Using requested missionPlanID 700000020 (sourcePlanID=700000017)
2026-05-21T04:37:54.551550Z [ATTACK] [ATTACK][POINT] Primary target adaptive standoff mode=candidate_within_standoff currentDist=8146.203861093476m candidateDist=1999.9999999994m standoff=300.0/2000.0m.
2026-05-21T04:37:54.554614Z [ATTACK] [ATTACK][ETA] UAV 4 remaining mission time: 0.0s
2026-05-21T04:37:54.566864Z [ATTACK] [ATTACK][ETA] UAV 6 remaining mission time: 0.0s
2026-05-21T04:37:54.567574Z [ATTACK] [ATTACK][ETA] Non-tracking UAV ETA selected: UAV 4 with 0s remaining
2026-05-21T04:37:54.568335Z [ATTACK] [ATTACK][ETA] All tracking ETAs unified to 0s
2026-05-21T04:37:54.585455Z [ATTACK] [ATTACK][COLLAB] Remaining UAV entry lookahead applied: 9.0s (pathFollow=3, linearFallback=3, currentOnly=0)
2026-05-21T04:37:54.586774Z [ATTACK] [PRIOR] Falling back to first mission for aircraft 2 (current waypoint not found in plan).
2026-05-21T04:37:55.294876Z [ATTACK] [ATTACK][LAH] Using max attack speed 73.61m/s (265.0km/h) for aircraft 2.
2026-05-21T04:37:55.295576Z [ATTACK] [ATTACK][LAH] Inferred current waypoint from position -> 50497.
2026-05-21T04:37:55.296502Z [ATTACK] [ATTACK][LAH] Dropped current waypoint from resume path (currentWP=50497, nextWP=50498).
2026-05-21T04:37:56.649376Z [ATTACK] [ATTACK][LAH] Preserved completed prefix, inserted attack, and reattached 1 follow-up mission(s).
2026-05-21T04:37:56.655166Z [ATTACK] [ATTACK][LAH] Generated attack/resume missions -> IMP:800000095.json PATHS:200000040.json/200000041.json (followUps=1)
2026-05-21T04:37:56.655913Z [ATTACK] [PRIOR] Falling back to first mission for aircraft 1 (current waypoint not found in plan).
2026-05-21T04:37:57.316941Z [ATTACK] [ATTACK][LAH] Inferred current waypoint from position -> 50493.
2026-05-21T04:37:57.317605Z [ATTACK] [ATTACK][LAH] Dropped current waypoint from resume path (currentWP=50493, nextWP=50494).
2026-05-21T04:37:58.325271Z [ATTACK] [ATTACK][LAH] Preserved completed prefix, inserted hold, and reattached 1 follow-up mission(s).
2026-05-21T04:37:58.330210Z [ATTACK] [ATTACK][LAH] Generated hold/resume missions -> IMP:800000097.json PATHS:100000039.json/100000040.json (followUps=1)
2026-05-21T04:37:58.331882Z [ATTACK] [PRIOR] Falling back to first mission for aircraft 3 (current waypoint not found in plan).
2026-05-21T04:37:58.719331Z [ATTACK] [ATTACK][LAH] Inferred current waypoint from position -> 50501.
2026-05-21T04:37:58.720671Z [ATTACK] [ATTACK][LAH] Dropped current waypoint from resume path (currentWP=50501, nextWP=50502).
2026-05-21T04:37:59.408576Z [ATTACK] [ATTACK][LAH] Preserved completed prefix, inserted hold, and reattached 1 follow-up mission(s).
2026-05-21T04:37:59.413743Z [ATTACK] [ATTACK][LAH] Generated hold/resume missions -> IMP:800000101.json PATHS:300000039.json/300000040.json (followUps=1)
2026-05-21T04:37:59.415487Z [ATTACK] [NEXTCOLLAB] division planner area-division pieces=2
2026-05-21T04:37:59.415994Z [ATTACK] [NEXTCOLLAB] division planner final workflow=no_split paths=2
2026-05-21T04:37:59.416548Z [ATTACK] [ATTACK][COLLAB] Collaborative replacement IMP written (aircraft=4, imp=800000098.json, missions=1).
2026-05-21T04:37:59.417050Z [ATTACK] [ATTACK][COLLAB] Collaborative replacement IMP written (aircraft=6, imp=800000099.json, missions=1).
2026-05-21T04:37:59.417505Z [ATTACK] [ATTACK][COLLAB] First sweep searchSpeed boosted (aircraft=4, pathID=400000057, waypointID=300544, factor=1.30, old=784.35, new=1019.66).
2026-05-21T04:37:59.417941Z [ATTACK] [ATTACK][COLLAB] First sweep searchSpeed boosted (aircraft=6, pathID=600000050, waypointID=300555, factor=1.30, old=446.00, new=579.80).
2026-05-21T04:37:59.418359Z [ATTACK] [ATTACK][COLLAB] Collaborative remaining mission replanned (inputMissionID=4, unavailable=[5], remaining=[4, 6], workflow=no_split).
2026-05-21T04:37:59.429427Z [ATTACK] [ATTACK][UAV] Tracking target altitude kept for sensor only; flight altitude replaced 652m -> 1910m.
2026-05-21T04:37:59.604253Z [ATTACK] [ATTACK][UAV] Resume trimmed by currentWP (lastRemovedWP=300499).
2026-05-21T04:37:59.741462Z [ATTACK] [ATTACK][UAV] Added replan anchor waypoint to done path (anchorWP=300579).
2026-05-21T04:37:59.742051Z [ATTACK] [ATTACK][UAV] Resume sweep trim applied (cutPoints=57, rawCutPoints=57, doneSweepPoints=0, pathID=500000051).
2026-05-21T04:37:59.868759Z [ATTACK] [ATTACK][UAV] Resume searchSpeed scaled (factor=1.30, waypoints=1).
2026-05-21T04:38:00.271644Z [ATTACK] [ATTACK][COLLAB] Tracking UAV resume replaced with release transit (aircraft=5, targetFinishEta=44, speed=58.0m/s).
2026-05-21T04:38:00.273591Z [ATTACK] [ATTACK][UAV] Preserved completed prefix, inserted tracking, and reattached 1 follow-up mission(s).
2026-05-21T04:38:00.323329Z [ATTACK] [ATTACK][UAV] Generated tracking/resume missions -> IMP:800000102.json PATHS:500000061.json/500000062.json (followUps=1)
2026-05-21T04:38:00.333360Z [ATTACK] [ATTACK][UAV] Tracking assignment state saved (aircraft=5, sourcePlan=700000017, attackPlan=700000020).
2026-05-21T04:38:00.334299Z [ATTACK] [ATTACK][COLLAB] Aircraft 4 handled by collaborative remaining replan (inputMissionID=4).
2026-05-21T04:38:00.335148Z [ATTACK] [ATTACK][COLLAB] Aircraft 6 handled by collaborative remaining replan (inputMissionID=4).
2026-05-21T04:38:00.348370Z [ATTACK] [ATTACK][PLAN] carried area remaining snapshot -> mission_area_snapshot_700000020.json (sourcePlanID=700000017, planID=700000020)
2026-05-21T04:38:00.348971Z [ATTACK] [ATTACK][PLAN] MissionPlan saved -> 700000020.json (planID=700000020)
2026-05-21T04:38:00.350005Z [ATTACK] [ATTACK][TIME] override_detail={"phases": {"metadata_normalize": {"elapsedMs": 0.008, "attackTargetCount": 1, "selectedMannedCount": 1}, "agent_index": {"elapsedMs": 0.082, "aircraftCount": 6}, "weapon_choice": {"elapsedMs": 5.704, "selectedWeaponType": 2, "ammoAvailable": true}, "initial_tracking_eta": {"elapsedMs": 0.694, "useDetectionTracking": true, "trackingEtaS": 113}, "resolve_source_plan": {"elapsedMs": 1.989, "sourcePlanID": 700000017}, "source_plan_load": {"elapsedMs": 0.619, "sourcePlanID": 700000017, "aircraftCount": 6}, "sweep_progress_load": {"elapsedMs": 0.731, "entries": 42}, "plan_id_resolve": {"elapsedMs": 0.025, "requested": true, "missionPlanID": 700000020}, "source_artifact_cache_build": {"elapsedMs": 0.019, "aircraftEntries": 6}, "done_input_ids_load": {"elapsedMs": 1.189, "count": 2}, "plan_deepcopy": {"elapsedMs": 0.075}, "target_uav_assignment": {"elapsedMs": 0.953, "assignedTargetCount": 1, "usedTrackingUavCount": 1}, "manned_sequence_assignment": {"elapsedMs": 6.841, "aircraftCount": 1, "error": null}, "attack_coordinate_resolution": {"elapsedMs": 3.902, "resolvedCount": 1, "mannedSequenceCount": 1}, "remaining_eta": {"elapsedMs": 16.061, "allUavCount": 3, "trackingUavCount": 1, "computedEtaCount": 1, "adjustedEtaS": 0}, "descriptor_list_build": {"elapsedMs": 0.043, "descriptorCount": 6, "activeMannedCount": 1, "otherLahCount": 2, "otherUavCount": 2}, "collab_tracking_scan": {"elapsedMs": 9.836, "inputCount": 1, "unavailableUavCount": 1}, "collab_agent_state_map": {"elapsedMs": 7.113, "aircraftCount": 6}, "collab_parallel_started": {"elapsedMs": 0.605, "inputCount": 1, "workers": 1}, "collab_parallel_join": {"elapsedMs": 3.392, "waitReason": "UAV_TRACK", "inputCount": 1}, "descriptor_loop": {"elapsedMs": 5749.166, "descriptorCount": 6, "updateCount": 4}, "final_collab_plan_update": {"elapsedMs": 0.015, "collabInputCount": 1}, "mission_plan_write": {"elapsedMs": 13.103, "missionPlanID": 700000020}, "option_meta_build": {"elapsedMs": 0.064, "targetCount": 1, "collabInputCount": 1}}, "collabRuns": [{"inputMissionID": 4, "unavailableAircraftIDs": [5], "elapsedMs": 3027.363, "status": "ok", "replacementAircraftIDs": [4, 6], "generatedPathCount": 2, "finishEtaS": 44, "workflow": "no_split"}], "descriptorDetails": [{"aircraftID": 2, "label": "manned", "mode": "LAH_ATTACK", "resolveArtifacts": {"elapsedMs": 0.58, "currentWaypointID": null, "sourcePathID": 200000034, "sourceImpID": 800000077}, "loadArtifacts": {"elapsedMs": 0.005, "impLoaded": true, "fpLoaded": true}, "cloneAndLocateMission": {"elapsedMs": 0.077, "missionCount": 2, "targetIndex": 0}, "allocateAndPlanUpdate": {"elapsedMs": 18.6, "newImpID": 800000095}, "builder": {"elapsedMs": 2049.715, "builderMode": "LAH_ATTACK"}, "builderDetail": {"allocate_ids": {"elapsedMs": 687.269, "attackPathID": 200000040, "resumePathID": 200000041, "attackIndividualID": 900000240, "resumeIndividualID": 900000241, "entryWaypointID": 300532, "attackWaypointID": 300534}, "split_lah_resume": {"elapsedMs": 852.433, "resumeWaypointCount": 1, "removedWaypointID": 50497}, "clone_followups": {"elapsedMs": 339.037, "followUpMissionCount": 1, "followUpPathCount": 1}, "payload_build": {"elapsedMs": 162.021, "hasResume": true, "followUpMissionCount": 1, "attackSpeedMps": 73.61}, "write_json": {"elapsedMs": 4.026, "fileCount": 4}, "totalMs": 2048.282}, "status": "ok", "elapsedMs": 2069.093}, {"aircraftID": 1, "label": "lah_hold_1", "mode": "LAH_HOLD_RESUME", "resolveArtifacts": {"elapsedMs": 0.59, "currentWaypointID": null, "sourcePathID": 100000033, "sourceImpID": 800000076}, "loadArtifacts": {"elapsedMs": 0.006, "impLoaded": true, "fpLoaded": true}, "cloneAndLocateMission": {"elapsedMs": 0.094, "missionCount": 2, "targetIndex": 0}, "allocateAndPlanUpdate": {"elapsedMs": 260.986, "newImpID": 800000097}, "builder": {"elapsedMs": 1414.088, "builderMode": "LAH_HOLD_RESUME"}, "builderDetail": {"allocate_ids": {"elapsedMs": 397.319, "holdPathID": 100000039, "resumePathID": 100000040, "holdIndividualID": 900000247, "resumeIndividualID": 900000248}, "split_lah_resume": {"elapsedMs": 598.958, "resumeWaypointCount": 1, "removedWaypointID": 50493}, "clone_followups": {"elapsedMs": 167.427, "followUpMissionCount": 1, "followUpPathCount": 1}, "payload_build": {"elapsedMs": 411.118, "hasResume": true, "followUpMissionCount": 1}, "write_json": {"elapsedMs": 3.378, "fileCount": 4}, "totalMs": 1414.052}, "status": "ok", "elapsedMs": 1675.896}, {"aircraftID": 3, "label": "lah_hold_3", "mode": "LAH_HOLD_RESUME", "resolveArtifacts": {"elapsedMs": 0.656, "currentWaypointID": null, "sourcePathID": 300000033, "sourceImpID": 800000078}, "loadArtifacts": {"elapsedMs": 0.006, "impLoaded": true, "fpLoaded": true}, "cloneAndLocateMission": {"elapsedMs": 0.115, "missionCount": 2, "targetIndex": 0}, "allocateAndPlanUpdate": {"elapsedMs": 134.526, "newImpID": 800000101}, "builder": {"elapsedMs": 948.138, "builderMode": "LAH_HOLD_RESUME"}, "builderDetail": {"allocate_ids": {"elapsedMs": 247.063, "holdPathID": 300000039, "resumePathID": 300000040, "holdIndividualID": 900000252, "resumeIndividualID": 900000253}, "split_lah_resume": {"elapsedMs": 418.419, "resumeWaypointCount": 1, "removedWaypointID": 50501}, "clone_followups": {"elapsedMs": 148.986, "followUpMissionCount": 1, "followUpPathCount": 1}, "payload_build": {"elapsedMs": 275.697, "hasResume": true, "followUpMissionCount": 1}, "write_json": {"elapsedMs": 3.871, "fileCount": 4}, "totalMs": 948.099}, "status": "ok", "elapsedMs": 1083.569}, {"aircraftID": 5, "label": "uav_tracking_5", "mode": "UAV_TRACK", "resolveArtifacts": {"elapsedMs": 0.023, "currentWaypointID": 300500, "sourcePathID": 500000051, "sourceImpID": 800000080}, "loadArtifacts": {"elapsedMs": 0.004, "impLoaded": true, "fpLoaded": true}, "cloneAndLocateMission": {"elapsedMs": 0.173, "missionCount": 2, "targetIndex": 0}, "allocateAndPlanUpdate": {"elapsedMs": 10.061, "newImpID": 800000102}, "builder": {"elapsedMs": 894.879, "builderMode": "UAV_TRACK"}, "builderDetail": {"allocate_ids": {"elapsedMs": 171.239, "donePathID": 500000060, "attackPathID": 500000061, "resumePathID": 500000062, "trackingIndividualID": 900000255, "resumeIndividualID": 900000256, "targetWaypointID": 300578}, "split_done_resume": {"elapsedMs": 401.262, "sourceSinglePoint": false, "doneWaypointCount": 2, "resumeWaypointCount": 1, "removedWaypointID": 300499}, "clone_followups": {"elapsedMs": 146.47, "followUpMissionCount": 1, "followUpPathCount": 1}, "release_resume": {"elapsedMs": 118.319, "releaseWaypointCount": 2, "targetFinishEtaS": 44}, "write_json": {"elapsedMs": 48.091, "fileCount": 5}, "totalMs": 891.896}, "trackingState": {"elapsedMs": 9.139}, "status": "ok", "elapsedMs": 915.09}, {"aircraftID": 4, "label": "uav_resume_4", "mode": "UAV_RESUME", "resolveArtifacts": {"elapsedMs": 0.023, "currentWaypointID": 300496, "sourcePathID": 400000048, "sourceImpID": 800000079}, "loadArtifacts": {"elapsedMs": 0.004, "impLoaded": true, "fpLoaded": true}, "cloneAndLocateMission": {"elapsedMs": 0.136, "missionCount": 2, "targetIndex": 0}, "status": "handled_by_collab", "elapsedMs": 0.822}, {"aircraftID": 6, "label": "uav_resume_6", "mode": "UAV_RESUME", "resolveArtifacts": {"elapsedMs": 0.018, "currentWaypointID": 300504, "sourcePathID": 600000044, "sourceImpID": 800000081}, "loadArtifacts": {"elapsedMs": 0.003, "impLoaded": true, "fpLoaded": true}, "cloneAndLocateMission": {"elapsedMs": 0.123, "missionCount": 2, "targetIndex": 0}, "status": "handled_by_collab", "elapsedMs": 0.77}], "totalMs": 5813}
2026-05-21T04:38:00.350592Z [ATTACK] [ATTACK][TIME] override_total=5813ms
2026-05-21T04:38:00.351285Z [ATTACK] [TIME] apply_attack_plan_overrides=5824ms
2026-05-21T04:38:00.360892Z [ATTACK] [TIME] timingMs={"read_source": 11.505, "descriptor_build": 4.386, "write_artifacts": 5834.095, "delivery_wait": 8.915}
2026-05-21T04:38:00.361458Z [ATTACK] [TIME] total=5860ms
2026-05-21T04:38:00.365609Z [ATTACK] 분석 로그 저장: C:\Users\TRL98\Desktop\LAH_MUMT\Logs\Scenario_2026-05-21T132543\SBC3\DSS_Internal\log_attack_algorithm_20260521T043800_362047.json
2026-05-21T04:38:00.373524Z [ATTACK] mark target used: targetIDs=84
2026-05-21T04:38:00.390066Z [ATTACK-EXCLUDE] ATTACK-EXCLUDE using requested missionPlanID 700000021 (sourcePlanID=700000017)
2026-05-21T04:38:00.390893Z [ATTACK-EXCLUDE] [PRIOR][UAV] Resume trimmed by currentWP (lastRemovedWP=300495).
2026-05-21T04:38:00.391535Z [ATTACK-EXCLUDE] [PRIOR][UAV] Added replan anchor waypoint to done path (anchorWP=300533).
2026-05-21T04:38:00.392066Z [ATTACK-EXCLUDE] [PRIOR][UAV] Resume sweep trim applied (cutPoints=57, rawCutPoints=57, doneSweepPoints=0, pathID=400000048).
2026-05-21T04:38:00.392520Z [ATTACK-EXCLUDE] [PRIOR][UAV] Resume searchSpeed scaled (factor=1.30, waypoints=1).
2026-05-21T04:38:00.393179Z [ATTACK-EXCLUDE] [PRIOR][UAV] Generated done/resume mission -> aircraft=4 IMP:800000094.json PATHS:400000054.json/400000055.json
2026-05-21T04:38:00.393797Z [ATTACK-EXCLUDE] [PRIOR][UAV] Resume trimmed by currentWP (lastRemovedWP=300499).
2026-05-21T04:38:00.394419Z [ATTACK-EXCLUDE] [PRIOR][UAV] Added replan anchor waypoint to done path (anchorWP=300553).
2026-05-21T04:38:00.394945Z [ATTACK-EXCLUDE] [PRIOR][UAV] Resume sweep trim applied (cutPoints=57, rawCutPoints=57, doneSweepPoints=0, pathID=500000051).
2026-05-21T04:38:00.395517Z [ATTACK-EXCLUDE] [PRIOR][UAV] Resume searchSpeed scaled (factor=1.30, waypoints=1).
2026-05-21T04:38:00.396066Z [ATTACK-EXCLUDE] [PRIOR][UAV] Generated done/resume mission -> aircraft=5 IMP:800000096.json PATHS:500000057.json/500000058.json
2026-05-21T04:38:00.396670Z [ATTACK-EXCLUDE] [PRIOR][UAV] Resume trimmed by currentWP (lastRemovedWP=300503).
2026-05-21T04:38:00.397182Z [ATTACK-EXCLUDE] [PRIOR][UAV] Added replan anchor waypoint to done path (anchorWP=300568).
2026-05-21T04:38:00.397622Z [ATTACK-EXCLUDE] [PRIOR][UAV] Resume sweep trim applied (cutPoints=55, rawCutPoints=55, doneSweepPoints=0, pathID=600000044).
2026-05-21T04:38:00.398357Z [ATTACK-EXCLUDE] [PRIOR][UAV] Resume searchSpeed scaled (factor=1.30, waypoints=1).
2026-05-21T04:38:00.398897Z [ATTACK-EXCLUDE] [PRIOR][UAV] Generated done/resume mission -> aircraft=6 IMP:800000100.json PATHS:600000051.json/600000052.json
2026-05-21T04:38:00.399508Z [ATTACK-EXCLUDE] 공격 배제 MissionPlan 저장 -> 700000021.json (planID=700000021)
2026-05-21T04:38:00.400138Z [ATTACK-EXCLUDE] ATTACK-EXCLUDE carried area remaining snapshot -> mission_area_snapshot_700000021.json (sourcePlanID=700000017, planID=700000021)
2026-05-21T04:38:00.793546Z [ATTACK] 공격 임무 계획 완료 (planIds=700000020)
2026-05-21T04:38:00.794784Z [INFO] UAV params loaded (cruise=40.00, turn_step=15.0)
2026-05-21T04:38:00.795568Z [INFO] Latest input snapshot → 0201:ID=2,ts=832653415542,src=-, 0203:ID=1,ts=832652848760,src=-
2026-05-21T04:38:00.796808Z [STEP 0] Using latest 0201 ID 2 (2.json)
2026-05-21T04:38:00.797278Z [STEP 0] Using latest 0203 ID 1 (1.json)
2026-05-21T04:38:00.797770Z [CHECK] 0201/0203 필수 데이터 확인 시작
2026-05-21T04:38:00.798304Z [OK] 0201 inputMissionList 확인됨 (count=4) → 진행
2026-05-21T04:38:00.798824Z [OK] 0201 availableAircraftList 확인됨 (count=6) → 진행
2026-05-21T04:38:00.799293Z [OK] 0201 inputMissionPackageType=1 확인
2026-05-21T04:38:00.799856Z [OK] 0201 mainSensor=1 확인
2026-05-21T04:38:00.800316Z [CHECK] 0201 기체 수=6 (UAV=3, LAH=3)
2026-05-21T04:38:00.800904Z [CHECK] 0201 임무: total=4 missingID=0 missingDetail=0 missingShape=0 unknownType=0 typeZeroAuto=0 typeZeroInvalid=0 lineOnlyViolation=0 skippedSinglePoint=0
2026-05-21T04:38:00.801457Z [OK] 0203 takeOverInfoList 확인됨 (count=3) → 진행
2026-05-21T04:38:00.802073Z [OK] 0203 handOverInfoList 확인됨 (count=3) → 진행
2026-05-21T04:38:00.802561Z [OK] 0203 flightAreaList 확인됨 (count=1) → 진행
2026-05-21T04:38:00.803012Z [CHECK] 0203 flightAreaList count=1
2026-05-21T04:38:00.803452Z [INFO] 임무 진행영역 스냅샷 적용: sourcePlan=700000017, updated=2, done=0
2026-05-21T04:38:00.803907Z [INFO] 임무 진행영역 재계획 collapse 적용: groups=2, normalized=3, 4
2026-05-21T04:38:00.804547Z [INFO] Filtered completed input missions (removed=1, 2, converted=-, widthAdjusted=-, skippedSinglePoint=-, snapshot=updated=2, done=0, collapse=groups=2, normalized=3,4)
2026-05-21T04:38:00.805069Z [REPLAN][TIME] variant_started_ms=5898.5 wall_ms=1779338280389 variant=1 option=3 mode=attack_exclusion
2026-05-21T04:38:00.805573Z [variant 1] 공격 배제 병렬 결과 병합
2026-05-21T04:38:00.806299Z [REPLAN][TIME] attack_exclusion_parallel_joined_ms=5909.3 wall_ms=1779338280400 variant=1 duration_ms=4252.819 wait_ms=0.011
2026-05-21T04:38:00.807005Z [OK] 공격 배제 variant 저장: MissionPlanID=700000021 (elapsed=4252.8 ms)
2026-05-21T04:38:00.807607Z [INFO] Option mapping #1: planID=700000021, optionCode=3(공격배제)
2026-05-21T04:38:00.808220Z [REPLAN][TIME] variant_finished_ms=5909.4 wall_ms=1779338280400 variant=1 option=3 mode=attack_exclusion status=success duration_ms=4252.819
2026-05-21T04:38:00.808809Z [OK] Stored mission data: MissionPlan=1, IndividualMission=0, FlightPath=0
2026-05-21T04:38:00.809329Z [REPLAN][TIME] id_tab_update_deferred_ms=5910.7 wall_ms=1779338280402
2026-05-21T04:38:00.809936Z [REPLAN][TIME] pipeline_done_ms=5910.8 wall_ms=1779338280402 plans=2 force_direct=False
2026-05-21T04:38:00.810568Z [REPLAN][TIME] 0301_queued_ms=5910.8 wall_ms=1779338280402 plans=2
2026-05-21T04:38:00.811145Z [STEP 4] 0301 push queued (planIds=700000020, 700000021)
2026-05-21T04:38:00.812538Z [0402] delivery suppressed before 0301: Target 정보 변경으로 인한 재계획 중단
2026-05-21T04:38:00.814996Z [0001] notice sent: Target 정보 변경으로 인한 재계획 중단
2026-05-21T04:38:00.816365Z [REPLAN][METRIC] source_artifact_cache entries=21 hits=39 misses=21
2026-05-21T04:38:01.564918Z [REPLAN][TIME] 0902_received_ms=0.2 wall_ms=1779338281564 trigger=attack_2_option replanLevel=2 optionCount=2 forceDirect=0
2026-05-21T04:38:01.565929Z [REPLAN][TIME] 0902_archived_ms=1.2 wall_ms=1779338281565 path=replan_request_832653475972.json
2026-05-21T04:38:01.566821Z [AUTO] 0902 received (planIds=700000022, 700000023)
2026-05-21T04:38:01.567519Z [REPLAN][TIME] pipeline_scheduled_ms=2.8 wall_ms=1779338281567 delay_ms=0
2026-05-21T04:38:01.568557Z [REPLAN][TIME] scheduled_start_ms=3.9 wall_ms=1779338281568
2026-05-21T04:38:01.570697Z [REPLAN][TIME] 0305_status_1_ms=5.9 wall_ms=1779338281570 reason=표적85 등 2개 발견
2026-05-21T04:38:01.571350Z [0305] status=1, reason=표적85 등 2개 발견 전송
2026-05-21T04:38:01.578517Z [INFO] Using latest 0203 ID 1 for missionReferencePackageID (fallback)
2026-05-21T04:38:01.579558Z [STEP 0] Replan pipeline start (reason=표적85 등 2개 발견)
2026-05-21T04:38:01.581707Z [REPLAN][TIME] attack_exclusion_parallel_started_ms=13.5 wall_ms=1779338281578 option_index=2 sourcePlanID=700000017
2026-05-21T04:38:01.582798Z [ATTACK-EXCLUDE] parallel generation started (sourcePlanID=700000017, optionIndex=2)
2026-05-21T04:38:01.583786Z [ATTACK] 공격 특화 재계획 요청 감지 → 전용 파이프라인 실행
2026-05-21T04:38:01.591400Z [ATTACK] [TIME] select_manned_aircraft=13ms
2026-05-21T04:38:01.592059Z [ATTACK] STEP1 Selected manned aircraft: aircraft 3 (fuel=1200.0, coord=(37.824951171875, 128.2141876220703, alt=1202))
2026-05-21T04:38:01.593455Z [ATTACK] [TIME] load_target_entries=1ms
2026-05-21T04:38:01.593951Z [ATTACK] STEP2 UAV tracking summary: watcher 5?’target 84, watcher 4?’target 85, watcher 4?’target unknown-10, watcher 4?’target unknown-13, watcher 4?’target unknown-17, watcher 4?’target unknown-2, watcher 4?’target unknown-22, watcher 5?’target unknown-12, watcher 5?’target unknown-15, watcher 5?’target unknown-16, watcher 5?’target unknown-18, watcher 5?’target unknown-19, watcher 5?’target unknown-20, watcher 5?’target unknown-3, watcher 5?’target unknown-4, watcher 5?’target unknown-6, watcher 5?’target unknown-7, watcher 5?’target unknown-8, watcher 5?’target unknown-9, watcher 6?’target unknown-1, watcher 6?’target unknown-11, watcher 6?’target unknown-21, watcher 6?’target unknown-23, watcher 6?’target unknown-25, watcher 6?’target unknown-5, watcher 4?’target 77, watcher 6?’target 78, watcher 5?’target 79, watcher 5?’target 80, watcher 4?’target 81, watcher 5?’target 82, watcher 5?’target 83
2026-05-21T04:38:01.594529Z [ATTACK] STEP2.5 Using bundled 0402 targets: target=85 watcher=4, target=84 watcher=5
2026-05-21T04:38:01.598640Z [ATTACK] STEP2.6 Multi-target manned selection: 2, 3
2026-05-21T04:38:01.601800Z [ATTACK] [ATTACK] Selected target id=85 type=2 weaponType=2 (preferred=2, ammo={'type1': 500, 'type2': 7, 'type3': 2})
2026-05-21T04:38:01.612632Z [ATTACK] [TIME] compute_attack_point=10ms
2026-05-21T04:38:01.613413Z [ATTACK] STEP3 Attack plan completed: lat=37.902170, lon=128.183854, alt=1011m
2026-05-21T04:38:01.614673Z [ATTACK] [ATTACK] Using remembered waypoint 300496 for watcher 4 while auto-tracking.
2026-05-21T04:38:01.619237Z [ATTACK] [ATTACK] Weapon choice aircraft=2 preferred=2 selected=2 ammo={'type1': 500, 'type2': 7, 'type3': 2}
2026-05-21T04:38:01.619762Z [ATTACK] [ATTACK][ETA] Tracking ETA computed with LAH max attack speed (dist=6672.8m, speed=73.61m/s, +30s) -> 121s
2026-05-21T04:38:01.625599Z [ATTACK] [ATTACK] Using requested missionPlanID 700000022 (sourcePlanID=700000017)
2026-05-21T04:38:01.647401Z [ATTACK] [ATTACK][POINT] Primary target adaptive standoff mode=far_projected_to_preferred_standoff currentDist=8672.766552652265m candidateDist=2000.0000000006983m standoff=300.0/2000.0m.
2026-05-21T04:38:01.657423Z [ATTACK] [ATTACK][ETA] UAV 6 remaining mission time: 0.0s
2026-05-21T04:38:01.658277Z [ATTACK] [ATTACK][ETA] Non-tracking UAV ETA selected: UAV 6 with 0s remaining
2026-05-21T04:38:01.658812Z [ATTACK] [ATTACK][ETA] All tracking ETAs unified to 0s
2026-05-21T04:38:01.679201Z [ATTACK] [ATTACK][COLLAB] Remaining UAV entry lookahead applied: 9.0s (pathFollow=3, linearFallback=3, currentOnly=0)
2026-05-21T04:38:01.680724Z [ATTACK] [PRIOR] Falling back to first mission for aircraft 2 (current waypoint not found in plan).
2026-05-21T04:38:02.827297Z [ATTACK] [ATTACK][LAH] Using max attack speed 73.61m/s (265.0km/h) for aircraft 2.
2026-05-21T04:38:02.828586Z [ATTACK] [ATTACK][LAH] Inferred current waypoint from position -> 50497.
2026-05-21T04:38:02.829574Z [ATTACK] [ATTACK][LAH] Dropped current waypoint from resume path (currentWP=50497, nextWP=50498).
2026-05-21T04:38:04.190628Z [ATTACK] [ATTACK][LAH] Preserved completed prefix, inserted attack, and reattached 1 follow-up mission(s).
2026-05-21T04:38:04.196284Z [ATTACK] [ATTACK][LAH] Generated attack/resume missions -> IMP:800000104.json PATHS:200000043.json/200000044.json (followUps=1)
2026-05-21T04:38:04.196996Z [ATTACK] [PRIOR] Falling back to first mission for aircraft 3 (current waypoint not found in plan).
2026-05-21T04:38:04.887321Z [ATTACK] [ATTACK][LAH] Using max attack speed 73.61m/s (265.0km/h) for aircraft 3.
2026-05-21T04:38:04.891197Z [ATTACK] [ATTACK][LAH] Inferred current waypoint from position -> 50501.
2026-05-21T04:38:04.892064Z [ATTACK] [ATTACK][LAH] Dropped current waypoint from resume path (currentWP=50501, nextWP=50502).
2026-05-21T04:38:06.145950Z [ATTACK] [ATTACK][LAH] Preserved completed prefix, inserted attack, and reattached 1 follow-up mission(s).
2026-05-21T04:38:06.151350Z [ATTACK] [ATTACK][LAH] Generated attack/resume missions -> IMP:800000107.json PATHS:300000042.json/300000043.json (followUps=1)
2026-05-21T04:38:06.152345Z [ATTACK] [PRIOR] Falling back to first mission for aircraft 1 (current waypoint not found in plan).
2026-05-21T04:38:06.364393Z [ATTACK] [ATTACK][LAH] Inferred current waypoint from position -> 50493.
2026-05-21T04:38:06.365214Z [ATTACK] [ATTACK][LAH] Dropped current waypoint from resume path (currentWP=50493, nextWP=50494).
2026-05-21T04:38:07.184465Z [ATTACK] [ATTACK][LAH] Preserved completed prefix, inserted hold, and reattached 1 follow-up mission(s).
2026-05-21T04:38:07.189837Z [ATTACK] [ATTACK][LAH] Generated hold/resume missions -> IMP:800000109.json PATHS:100000042.json/100000043.json (followUps=1)
2026-05-21T04:38:07.192370Z [ATTACK] [NEXTCOLLAB] division planner area-division pieces=1
2026-05-21T04:38:07.193153Z [ATTACK] [NEXTCOLLAB] division planner final workflow=no_split paths=1
2026-05-21T04:38:07.193787Z [ATTACK] [ATTACK][COLLAB] Collaborative replacement IMP written (aircraft=6, imp=800000106.json, missions=1).
2026-05-21T04:38:07.194326Z [ATTACK] [ATTACK][COLLAB] First sweep searchSpeed boosted (aircraft=6, pathID=600000054, waypointID=300602, factor=1.30, old=786.07, new=1021.89).
2026-05-21T04:38:07.194872Z [ATTACK] [ATTACK][COLLAB] Collaborative remaining mission replanned (inputMissionID=4, unavailable=[4, 5], remaining=[6], workflow=no_split).
2026-05-21T04:38:07.416497Z [ATTACK] [ATTACK][UAV] Resume trimmed by currentWP (lastRemovedWP=300495).
2026-05-21T04:38:07.597022Z [ATTACK] [ATTACK][UAV] Added replan anchor waypoint to done path (anchorWP=300636).
2026-05-21T04:38:07.597759Z [ATTACK] [ATTACK][UAV] Resume sweep trim applied (cutPoints=57, rawCutPoints=57, doneSweepPoints=0, pathID=400000048).
2026-05-21T04:38:07.760686Z [ATTACK] [ATTACK][UAV] Resume searchSpeed scaled (factor=1.30, waypoints=1).
2026-05-21T04:38:08.315298Z [ATTACK] [ATTACK][COLLAB] Tracking UAV resume replaced with release transit (aircraft=4, targetFinishEta=54, speed=58.0m/s).
2026-05-21T04:38:08.317737Z [ATTACK] [ATTACK][UAV] Preserved completed prefix, inserted tracking, and reattached 1 follow-up mission(s).
2026-05-21T04:38:08.372079Z [ATTACK] [ATTACK][UAV] Generated tracking/resume missions -> IMP:800000110.json PATHS:400000062.json/400000063.json (followUps=1)
2026-05-21T04:38:08.382742Z [ATTACK] [ATTACK][UAV] Tracking assignment state saved (aircraft=4, sourcePlan=700000017, attackPlan=700000022).
2026-05-21T04:38:08.390406Z [ATTACK] [ATTACK][UAV] Tracking target altitude kept for sensor only; flight altitude replaced 652m -> 1910m.
2026-05-21T04:38:08.606668Z [ATTACK] [ATTACK][UAV] Resume trimmed by currentWP (lastRemovedWP=300499).
2026-05-21T04:38:08.745816Z [ATTACK] [ATTACK][UAV] Added replan anchor waypoint to done path (anchorWP=300646).
2026-05-21T04:38:08.746446Z [ATTACK] [ATTACK][UAV] Resume sweep trim applied (cutPoints=57, rawCutPoints=57, doneSweepPoints=0, pathID=500000051).
2026-05-21T04:38:08.893437Z [ATTACK] [ATTACK][UAV] Resume searchSpeed scaled (factor=1.30, waypoints=1).
2026-05-21T04:38:09.395616Z [ATTACK] [ATTACK][COLLAB] Tracking UAV resume replaced with release transit (aircraft=5, targetFinishEta=54, speed=58.0m/s).
2026-05-21T04:38:09.397612Z [ATTACK] [ATTACK][UAV] Preserved completed prefix, inserted tracking, and reattached 1 follow-up mission(s).
2026-05-21T04:38:09.452748Z [ATTACK] [ATTACK][UAV] Generated tracking/resume missions -> IMP:800000111.json PATHS:500000068.json/500000069.json (followUps=1)
2026-05-21T04:38:09.464485Z [ATTACK] [ATTACK][UAV] Tracking assignment state saved (aircraft=5, sourcePlan=700000017, attackPlan=700000022).
2026-05-21T04:38:09.465486Z [ATTACK] [ATTACK][COLLAB] Aircraft 6 handled by collaborative remaining replan (inputMissionID=4).
2026-05-21T04:38:09.477877Z [ATTACK] [ATTACK][PLAN] carried area remaining snapshot -> mission_area_snapshot_700000022.json (sourcePlanID=700000017, planID=700000022)
2026-05-21T04:38:09.478598Z [ATTACK] [ATTACK][PLAN] MissionPlan saved -> 700000022.json (planID=700000022)
2026-05-21T04:38:09.480139Z [ATTACK] [ATTACK][TIME] override_detail={"phases": {"metadata_normalize": {"elapsedMs": 0.008, "attackTargetCount": 2, "selectedMannedCount": 2}, "agent_index": {"elapsedMs": 0.087, "aircraftCount": 6}, "weapon_choice": {"elapsedMs": 3.131, "selectedWeaponType": 2, "ammoAvailable": true}, "initial_tracking_eta": {"elapsedMs": 0.465, "useDetectionTracking": true, "trackingEtaS": 121}, "resolve_source_plan": {"elapsedMs": 1.841, "sourcePlanID": 700000017}, "source_plan_load": {"elapsedMs": 1.179, "sourcePlanID": 700000017, "aircraftCount": 6}, "sweep_progress_load": {"elapsedMs": 1.143, "entries": 42}, "plan_id_resolve": {"elapsedMs": 0.024, "requested": true, "missionPlanID": 700000022}, "source_artifact_cache_build": {"elapsedMs": 0.019, "aircraftEntries": 6}, "done_input_ids_load": {"elapsedMs": 1.464, "count": 2}, "plan_deepcopy": {"elapsedMs": 0.054}, "target_uav_assignment": {"elapsedMs": 0.859, "assignedTargetCount": 2, "usedTrackingUavCount": 2}, "manned_sequence_assignment": {"elapsedMs": 14.449, "aircraftCount": 2, "error": null}, "attack_coordinate_resolution": {"elapsedMs": 8.385, "resolvedCount": 2, "mannedSequenceCount": 2}, "remaining_eta": {"elapsedMs": 4.771, "allUavCount": 3, "trackingUavCount": 2, "computedEtaCount": 2, "adjustedEtaS": 0}, "descriptor_list_build": {"elapsedMs": 0.037, "descriptorCount": 6, "activeMannedCount": 2, "otherLahCount": 1, "otherUavCount": 1}, "collab_tracking_scan": {"elapsedMs": 4.052, "inputCount": 1, "unavailableUavCount": 2}, "collab_agent_state_map": {"elapsedMs": 16.412, "aircraftCount": 6}, "collab_parallel_started": {"elapsedMs": 0.618, "inputCount": 1, "workers": 1}, "collab_parallel_join": {"elapsedMs": 3.222, "waitReason": "UAV_TRACK", "inputCount": 1}, "descriptor_loop": {"elapsedMs": 7785.719, "descriptorCount": 6, "updateCount": 5}, "final_collab_plan_update": {"elapsedMs": 0.015, "collabInputCount": 1}, "mission_plan_write": {"elapsedMs": 12.259, "missionPlanID": 700000022}, "option_meta_build": {"elapsedMs": 0.086, "targetCount": 2, "collabInputCount": 1}}, "collabRuns": [{"inputMissionID": 4, "unavailableAircraftIDs": [4, 5], "elapsedMs": 1916.572, "status": "ok", "replacementAircraftIDs": [6], "generatedPathCount": 1, "finishEtaS": 54, "workflow": "no_split"}], "descriptorDetails": [{"aircraftID": 2, "label": "manned", "mode": "LAH_ATTACK", "resolveArtifacts": {"elapsedMs": 0.772, "currentWaypointID": null, "sourcePathID": 200000034, "sourceImpID": 800000077}, "loadArtifacts": {"elapsedMs": 0.003, "impLoaded": true, "fpLoaded": true}, "cloneAndLocateMission": {"elapsedMs": 0.077, "missionCount": 2, "targetIndex": 0}, "allocateAndPlanUpdate": {"elapsedMs": 364.561, "newImpID": 800000104}, "builder": {"elapsedMs": 2150.757, "builderMode": "LAH_ATTACK"}, "builderDetail": {"allocate_ids": {"elapsedMs": 777.742, "attackPathID": 200000043, "resumePathID": 200000044, "attackIndividualID": 900000260, "resumeIndividualID": 900000261, "entryWaypointID": 300594, "attackWaypointID": 300596}, "split_lah_resume": {"elapsedMs": 740.511, "resumeWaypointCount": 1, "removedWaypointID": 50497}, "clone_followups": {"elapsedMs": 358.75, "followUpMissionCount": 1, "followUpPathCount": 1}, "payload_build": {"elapsedMs": 262.797, "hasResume": true, "followUpMissionCount": 1, "attackSpeedMps": 73.61}, "write_json": {"elapsedMs": 4.156, "fileCount": 4}, "totalMs": 2147.601}, "status": "ok", "elapsedMs": 2516.304}, {"aircraftID": 3, "label": "manned", "mode": "LAH_ATTACK", "resolveArtifacts": {"elapsedMs": 0.629, "currentWaypointID": null, "sourcePathID": 300000033, "sourceImpID": 800000078}, "loadArtifacts": {"elapsedMs": 0.004, "impLoaded": true, "fpLoaded": true}, "cloneAndLocateMission": {"elapsedMs": 0.088, "missionCount": 2, "targetIndex": 0}, "allocateAndPlanUpdate": {"elapsedMs": 161.332, "newImpID": 800000107}, "builder": {"elapsedMs": 1793.029, "builderMode": "LAH_ATTACK"}, "builderDetail": {"allocate_ids": {"elapsedMs": 526.649, "attackPathID": 300000042, "resumePathID": 300000043, "attackIndividualID": 900000266, "resumeIndividualID": 900000267, "entryWaypointID": 300614, "attackWaypointID": 300615}, "split_lah_resume": {"elapsedMs": 495.633, "resumeWaypointCount": 1, "removedWaypointID": 50501}, "clone_followups": {"elapsedMs": 488.398, "followUpMissionCount": 1, "followUpPathCount": 1}, "payload_build": {"elapsedMs": 273.52, "hasResume": true, "followUpMissionCount": 1, "attackSpeedMps": 73.61}, "write_json": {"elapsedMs": 3.778, "fileCount": 4}, "totalMs": 1791.584}, "status": "ok", "elapsedMs": 1955.208}, {"aircraftID": 1, "label": "lah_hold_1", "mode": "LAH_HOLD_RESUME", "resolveArtifacts": {"elapsedMs": 1.003, "currentWaypointID": null, "sourcePathID": 100000033, "sourceImpID": 800000076}, "loadArtifacts": {"elapsedMs": 0.007, "impLoaded": true, "fpLoaded": true}, "cloneAndLocateMission": {"elapsedMs": 0.157, "missionCount": 2, "targetIndex": 0}, "allocateAndPlanUpdate": {"elapsedMs": 170.808, "newImpID": 800000109}, "builder": {"elapsedMs": 867.791, "builderMode": "LAH_HOLD_RESUME"}, "builderDetail": {"allocate_ids": {"elapsedMs": 34.135, "holdPathID": 100000042, "resumePathID": 100000043, "holdIndividualID": 900000271, "resumeIndividualID": 900000272}, "split_lah_resume": {"elapsedMs": 487.716, "resumeWaypointCount": 1, "removedWaypointID": 50493}, "clone_followups": {"elapsedMs": 192.974, "followUpMissionCount": 1, "followUpPathCount": 1}, "payload_build": {"elapsedMs": 338.061, "hasResume": true, "followUpMissionCount": 1}, "write_json": {"elapsedMs": 3.769, "fileCount": 4}, "totalMs": 867.742}, "status": "ok", "elapsedMs": 1039.92}, {"aircraftID": 4, "label": "uav_tracking_4", "mode": "UAV_TRACK", "resolveArtifacts": {"elapsedMs": 0.028, "currentWaypointID": 300496, "sourcePathID": 400000048, "sourceImpID": 800000079}, "loadArtifacts": {"elapsedMs": 0.005, "impLoaded": true, "fpLoaded": true}, "cloneAndLocateMission": {"elapsedMs": 0.212, "missionCount": 2, "targetIndex": 0}, "allocateAndPlanUpdate": {"elapsedMs": 9.323, "newImpID": 800000110}, "builder": {"elapsedMs": 1167.677, "builderMode": "UAV_TRACK"}, "builderDetail": {"allocate_ids": {"elapsedMs": 206.986, "donePathID": 400000061, "attackPathID": 400000062, "resumePathID": 400000063, "trackingIndividualID": 900000274, "resumeIndividualID": 900000275, "targetWaypointID": 300635}, "split_done_resume": {"elapsedMs": 506.84, "sourceSinglePoint": false, "doneWaypointCount": 2, "resumeWaypointCount": 1, "removedWaypointID": 300495}, "clone_followups": {"elapsedMs": 223.919, "followUpMissionCount": 1, "followUpPathCount": 1}, "release_resume": {"elapsedMs": 167.563, "releaseWaypointCount": 2, "targetFinishEtaS": 54}, "write_json": {"elapsedMs": 52.428, "fileCount": 5}, "totalMs": 1164.472}, "trackingState": {"elapsedMs": 9.771}, "status": "ok", "elapsedMs": 1187.809}, {"aircraftID": 5, "label": "uav_tracking_5", "mode": "UAV_TRACK", "resolveArtifacts": {"elapsedMs": 0.031, "currentWaypointID": 300500, "sourcePathID": 500000051, "sourceImpID": 800000080}, "loadArtifacts": {"elapsedMs": 0.005, "impLoaded": true, "fpLoaded": true}, "cloneAndLocateMission": {"elapsedMs": 0.226, "missionCount": 2, "targetIndex": 0}, "allocateAndPlanUpdate": {"elapsedMs": 6.518, "newImpID": 800000111}, "builder": {"elapsedMs": 1063.092, "builderMode": "UAV_TRACK"}, "builderDetail": {"allocate_ids": {"elapsedMs": 212.566, "donePathID": 500000067, "attackPathID": 500000068, "resumePathID": 500000069, "trackingIndividualID": 900000277, "resumeIndividualID": 900000278, "targetWaypointID": 300645}, "split_done_resume": {"elapsedMs": 444.212, "sourceSinglePoint": false, "doneWaypointCount": 2, "resumeWaypointCount": 1, "removedWaypointID": 300499}, "clone_followups": {"elapsedMs": 180.184, "followUpMissionCount": 1, "followUpPathCount": 1}, "release_resume": {"elapsedMs": 164.411, "releaseWaypointCount": 2, "targetFinishEtaS": 54}, "write_json": {"elapsedMs": 53.36, "fileCount": 5}, "totalMs": 1060.13}, "trackingState": {"elapsedMs": 10.961}, "status": "ok", "elapsedMs": 1081.682}, {"aircraftID": 6, "label": "uav_resume_6", "mode": "UAV_RESUME", "resolveArtifacts": {"elapsedMs": 0.027, "currentWaypointID": 300504, "sourcePathID": 600000044, "sourceImpID": 800000081}, "loadArtifacts": {"elapsedMs": 0.004, "impLoaded": true, "fpLoaded": true}, "cloneAndLocateMission": {"elapsedMs": 0.183, "missionCount": 2, "targetIndex": 0}, "status": "handled_by_collab", "elapsedMs": 0.899}], "totalMs": 7857}
2026-05-21T04:38:09.480958Z [ATTACK] [ATTACK][TIME] override_total=7857ms
2026-05-21T04:38:09.481898Z [ATTACK] [TIME] apply_attack_plan_overrides=7867ms
2026-05-21T04:38:09.492947Z [ATTACK] [TIME] timingMs={"read_source": 15.501, "descriptor_build": 7.852, "write_artifacts": 7880.769, "delivery_wait": 10.332}
2026-05-21T04:38:09.493624Z [ATTACK] [TIME] total=7915ms
2026-05-21T04:38:09.499124Z [ATTACK] 분석 로그 저장: C:\Users\TRL98\Desktop\LAH_MUMT\Logs\Scenario_2026-05-21T132543\SBC3\DSS_Internal\log_attack_algorithm_20260521T043809_494439.json
2026-05-21T04:38:09.501004Z [ATTACK] mark target used: targetIDs=85, 84
2026-05-21T04:38:09.532353Z [ATTACK-EXCLUDE] ATTACK-EXCLUDE using requested missionPlanID 700000023 (sourcePlanID=700000017)
2026-05-21T04:38:09.533072Z [ATTACK-EXCLUDE] [PRIOR][UAV] Resume trimmed by currentWP (lastRemovedWP=300495).
2026-05-21T04:38:09.533628Z [ATTACK-EXCLUDE] [PRIOR][UAV] Added replan anchor waypoint to done path (anchorWP=300591).
2026-05-21T04:38:09.534399Z [ATTACK-EXCLUDE] [PRIOR][UAV] Resume sweep trim applied (cutPoints=57, rawCutPoints=57, doneSweepPoints=0, pathID=400000048).
2026-05-21T04:38:09.535012Z [ATTACK-EXCLUDE] [PRIOR][UAV] Resume searchSpeed scaled (factor=1.30, waypoints=1).
2026-05-21T04:38:09.537260Z [ATTACK-EXCLUDE] [PRIOR][UAV] Generated done/resume mission -> aircraft=4 IMP:800000103.json PATHS:400000058.json/400000059.json
2026-05-21T04:38:09.538181Z [ATTACK-EXCLUDE] [PRIOR][UAV] Resume trimmed by currentWP (lastRemovedWP=300499).
2026-05-21T04:38:09.539149Z [ATTACK-EXCLUDE] [PRIOR][UAV] Added replan anchor waypoint to done path (anchorWP=300609).
2026-05-21T04:38:09.540220Z [ATTACK-EXCLUDE] [PRIOR][UAV] Resume sweep trim applied (cutPoints=57, rawCutPoints=57, doneSweepPoints=0, pathID=500000051).
2026-05-21T04:38:09.541274Z [ATTACK-EXCLUDE] [PRIOR][UAV] Resume searchSpeed scaled (factor=1.30, waypoints=1).
2026-05-21T04:38:09.542532Z [ATTACK-EXCLUDE] [PRIOR][UAV] Generated done/resume mission -> aircraft=5 IMP:800000105.json PATHS:500000064.json/500000065.json
2026-05-21T04:38:09.543600Z [ATTACK-EXCLUDE] [PRIOR][UAV] Resume trimmed by currentWP (lastRemovedWP=300503).
2026-05-21T04:38:09.544710Z [ATTACK-EXCLUDE] [PRIOR][UAV] Added replan anchor waypoint to done path (anchorWP=300622).
2026-05-21T04:38:09.545441Z [ATTACK-EXCLUDE] [PRIOR][UAV] Resume sweep trim applied (cutPoints=60, rawCutPoints=60, doneSweepPoints=0, pathID=600000044).
2026-05-21T04:38:09.546240Z [ATTACK-EXCLUDE] [PRIOR][UAV] Resume searchSpeed scaled (factor=1.30, waypoints=1).
2026-05-21T04:38:09.547147Z [ATTACK-EXCLUDE] [PRIOR][UAV] Generated done/resume mission -> aircraft=6 IMP:800000108.json PATHS:600000055.json/600000056.json
2026-05-21T04:38:09.548117Z [ATTACK-EXCLUDE] 공격 배제 MissionPlan 저장 -> 700000023.json (planID=700000023)
2026-05-21T04:38:09.549292Z [ATTACK-EXCLUDE] ATTACK-EXCLUDE carried area remaining snapshot -> mission_area_snapshot_700000023.json (sourcePlanID=700000017, planID=700000023)
2026-05-21T04:38:09.898128Z [ATTACK] 공격 임무 계획 완료 (planIds=700000022)
2026-05-21T04:38:09.899697Z [INFO] UAV params loaded (cruise=40.00, turn_step=15.0)
2026-05-21T04:38:09.900555Z [INFO] Latest input snapshot → 0201:ID=2,ts=832653415542,src=-, 0203:ID=1,ts=832652848760,src=-
2026-05-21T04:38:09.901118Z [STEP 0] Using latest 0201 ID 2 (2.json)
2026-05-21T04:38:09.901676Z [STEP 0] Using latest 0203 ID 1 (1.json)
2026-05-21T04:38:09.902251Z [CHECK] 0201/0203 필수 데이터 확인 시작
2026-05-21T04:38:09.902882Z [OK] 0201 inputMissionList 확인됨 (count=4) → 진행
2026-05-21T04:38:09.903540Z [OK] 0201 availableAircraftList 확인됨 (count=6) → 진행
2026-05-21T04:38:09.904216Z [OK] 0201 inputMissionPackageType=1 확인
2026-05-21T04:38:09.904774Z [OK] 0201 mainSensor=1 확인
2026-05-21T04:38:09.905282Z [CHECK] 0201 기체 수=6 (UAV=3, LAH=3)
2026-05-21T04:38:09.905822Z [CHECK] 0201 임무: total=4 missingID=0 missingDetail=0 missingShape=0 unknownType=0 typeZeroAuto=0 typeZeroInvalid=0 lineOnlyViolation=0 skippedSinglePoint=0
2026-05-21T04:38:09.906342Z [OK] 0203 takeOverInfoList 확인됨 (count=3) → 진행
2026-05-21T04:38:09.906847Z [OK] 0203 handOverInfoList 확인됨 (count=3) → 진행
2026-05-21T04:38:09.907311Z [OK] 0203 flightAreaList 확인됨 (count=1) → 진행
2026-05-21T04:38:09.907750Z [CHECK] 0203 flightAreaList count=1
2026-05-21T04:38:09.908202Z [INFO] 임무 진행영역 스냅샷 적용: sourcePlan=700000017, updated=2, done=0
2026-05-21T04:38:09.908635Z [INFO] 임무 진행영역 재계획 collapse 적용: groups=2, normalized=3, 4
2026-05-21T04:38:09.909072Z [INFO] Filtered completed input missions (removed=1, 2, converted=-, widthAdjusted=-, skippedSinglePoint=-, snapshot=updated=2, done=0, collapse=groups=2, normalized=3,4)
2026-05-21T04:38:09.909544Z [REPLAN][TIME] variant_started_ms=7967.7 wall_ms=1779338289532 variant=1 option=3 mode=attack_exclusion
2026-05-21T04:38:09.909985Z [variant 1] 공격 배제 병렬 결과 병합
2026-05-21T04:38:09.910412Z [REPLAN][TIME] attack_exclusion_parallel_joined_ms=7985.5 wall_ms=1779338289549 variant=1 duration_ms=4807.269 wait_ms=0.01
2026-05-21T04:38:09.910851Z [OK] 공격 배제 variant 저장: MissionPlanID=700000023 (elapsed=4807.3 ms)
2026-05-21T04:38:09.911361Z [INFO] Option mapping #1: planID=700000023, optionCode=3(공격배제)
2026-05-21T04:38:09.911812Z [REPLAN][TIME] variant_finished_ms=7985.7 wall_ms=1779338289550 variant=1 option=3 mode=attack_exclusion status=success duration_ms=4807.269
2026-05-21T04:38:09.912383Z [OK] Stored mission data: MissionPlan=1, IndividualMission=0, FlightPath=0
2026-05-21T04:38:09.913024Z [REPLAN][TIME] id_tab_update_deferred_ms=7987.3 wall_ms=1779338289551
2026-05-21T04:38:09.913699Z [REPLAN][TIME] pipeline_done_ms=7987.4 wall_ms=1779338289551 plans=2 force_direct=False
2026-05-21T04:38:09.914281Z [REPLAN][TIME] 0301_queued_ms=7987.4 wall_ms=1779338289551 plans=2
2026-05-21T04:38:09.914874Z [STEP 4] 0301 push queued (planIds=700000022, 700000023)
2026-05-21T04:38:09.917055Z [0301] missionPlanID=700000022 전송
2026-05-21T04:38:09.919217Z [0301] missionPlanID=700000023 전송
2026-05-21T04:38:09.920331Z [PUSH] 0301 direct batch send
2026-05-21T04:38:09.920990Z [REPLAN][TIME] 0301_sent_ms=8356.4 wall_ms=1779338289920 plans=2
2026-05-21T04:38:09.921665Z [REPLAN][TIME] post_0301_delivery_queued_ms=8357.1 wall_ms=1779338289921 grace_ms=0 timeout_ms=20 force_direct=0 mode=option_or_0901
2026-05-21T04:38:09.922281Z [INFO] Post-0301 apply queued (mode=option_or_0901, grace=0ms, timeout=20ms, plans=2)
2026-05-21T04:38:09.924905Z [REPLAN][TIME] 0305_status_2_ms=8360.3 wall_ms=1779338289924 reason=표적85 등 2개 발견
2026-05-21T04:38:09.925520Z [0305] status=2, reason=표적85 등 2개 발견, elapsed=8.35s 전송
2026-05-21T04:38:09.926152Z [REPLAN][TIME] post_0301_completion_ready_ms=8361.6 wall_ms=1779338289925 mode=option_or_0901
2026-05-21T04:38:09.926767Z [REPLAN][METRIC] source_artifact_cache entries=21 hits=39 misses=21
2026-05-21T04:38:09.961384Z [INFO] Post-0301 ready (timeout) -> sending 0901
2026-05-21T04:38:09.962197Z [REPLAN][TIME] post_0301_flushed_ms=8397.5 wall_ms=1779338289961 delivery=0901 trigger=timeout
2026-05-21T04:38:09.965230Z [REPLAN][TIME] 0901_sent_ms=8400.6 wall_ms=1779338289964 options=2
2026-05-21T04:38:09.965952Z [0901] option request sent (count=2, codes=2(공격특화), 3(공격배제))
2026-05-21T04:38:09.966605Z [REPLAN][TIME] id_tab_update_flushed_ms=8402.0 wall_ms=1779338289966
2026-05-21T04:38:19.970667Z [REPLAN][TIME] 0902_received_ms=0.3 wall_ms=1779338299970 trigger=attack_2_option replanLevel=2 optionCount=2 forceDirect=0
2026-05-21T04:38:19.971708Z [REPLAN][TIME] 0902_archived_ms=1.4 wall_ms=1779338299971 path=replan_request_832653499489.json
2026-05-21T04:38:19.972422Z [AUTO] 0902 received (planIds=700000026, 700000027)
2026-05-21T04:38:19.973139Z [REPLAN][TIME] pipeline_scheduled_ms=2.8 wall_ms=1779338299972 delay_ms=0
2026-05-21T04:38:19.974340Z [REPLAN][TIME] scheduled_start_ms=4.1 wall_ms=1779338299974
2026-05-21T04:38:19.976887Z [REPLAN][TIME] 0305_status_1_ms=6.5 wall_ms=1779338299976 reason=표적87 등 2개 발견
2026-05-21T04:38:19.977579Z [0305] status=1, reason=표적87 등 2개 발견 전송
2026-05-21T04:38:19.983664Z [INFO] Using latest 0203 ID 1 for missionReferencePackageID (fallback)
2026-05-21T04:38:19.984477Z [STEP 0] Replan pipeline start (reason=표적87 등 2개 발견)
2026-05-21T04:38:19.985414Z [REPLAN][TIME] attack_exclusion_parallel_started_ms=12.7 wall_ms=1779338299982 option_index=2 sourcePlanID=700000023
2026-05-21T04:38:19.986055Z [ATTACK-EXCLUDE] parallel generation started (sourcePlanID=700000023, optionIndex=2)
2026-05-21T04:38:19.986659Z [ATTACK] 공격 특화 재계획 요청 감지 → 전용 파이프라인 실행
2026-05-21T04:38:19.993394Z [ATTACK] [TIME] select_manned_aircraft=10ms
2026-05-21T04:38:19.994085Z [ATTACK] STEP1 Selected manned aircraft: aircraft 2 (fuel=1200.0, coord=(37.85672378540039, 128.23350524902344, alt=1199))
2026-05-21T04:38:19.996191Z [ATTACK] [TIME] load_target_entries=1ms
2026-05-21T04:38:19.996998Z [ATTACK] STEP2 UAV tracking summary: watcher 4?’target 86, watcher 5?’target 87, watcher 4?’target unknown-10, watcher 4?’target unknown-13, watcher 4?’target unknown-17, watcher 4?’target unknown-2, watcher 4?’target unknown-22, watcher 4?’target unknown-27, watcher 5?’target unknown-12, watcher 5?’target unknown-15, watcher 5?’target unknown-16, watcher 5?’target unknown-18, watcher 5?’target unknown-19, watcher 5?’target unknown-20, watcher 5?’target unknown-26, watcher 5?’target unknown-3, watcher 5?’target unknown-4, watcher 5?’target unknown-6, watcher 5?’target unknown-7, watcher 5?’target unknown-8, watcher 5?’target unknown-9, watcher 6?’target unknown-1, watcher 6?’target unknown-11, watcher 6?’target unknown-21, watcher 6?’target unknown-23, watcher 6?’target unknown-25, watcher 6?’target unknown-5, watcher 4?’target 77, watcher 6?’target 78, watcher 5?’target 79, watcher 5?’target 80, watcher 4?’target 81, watcher 5?’target 82, watcher 5?’target 83, watcher 5?’target 84, watcher 4?’target 85
2026-05-21T04:38:19.998032Z [ATTACK] STEP2.5 Using bundled 0402 targets: target=87 watcher=5, target=86 watcher=4
2026-05-21T04:38:20.004042Z [ATTACK] STEP2.6 Multi-target manned selection: 2, 3
2026-05-21T04:38:20.007404Z [ATTACK] [ATTACK] Selected target id=87 type=1 weaponType=2 (preferred=2, ammo={'type1': 500, 'type2': 7, 'type3': 2})
2026-05-21T04:38:20.020219Z [ATTACK] [TIME] compute_attack_point=12ms
2026-05-21T04:38:20.021259Z [ATTACK] STEP3 Attack plan completed: lat=37.902410, lon=128.189022, alt=968m
2026-05-21T04:38:20.026581Z [ATTACK] [ATTACK] Weapon choice aircraft=2 preferred=2 selected=2 ammo={'type1': 500, 'type2': 7, 'type3': 2}
2026-05-21T04:38:20.027309Z [ATTACK] [ATTACK][ETA] Tracking ETA computed with LAH max attack speed (dist=6407.0m, speed=73.61m/s, +30s) -> 117s
2026-05-21T04:38:20.032634Z [ATTACK] [ATTACK] Using requested missionPlanID 700000026 (sourcePlanID=700000023)
2026-05-21T04:38:20.058282Z [ATTACK] [ATTACK][POINT] Primary target adaptive standoff mode=far_projected_to_preferred_standoff currentDist=8406.96944250207m candidateDist=2000.000000000043m standoff=300.0/2000.0m.
2026-05-21T04:38:20.075655Z [ATTACK] [ATTACK][ETA] UAV 6 remaining mission time: 0.0s
2026-05-21T04:38:20.076326Z [ATTACK] [ATTACK][ETA] Non-tracking UAV ETA selected: UAV 6 with 0s remaining
2026-05-21T04:38:20.077051Z [ATTACK] [ATTACK][ETA] All tracking ETAs unified to 0s
2026-05-21T04:38:20.094990Z [ATTACK] [ATTACK][COLLAB] Remaining UAV entry lookahead applied: 9.0s (pathFollow=3, linearFallback=3, currentOnly=0)
2026-05-21T04:38:20.096944Z [ATTACK] [PRIOR] Falling back to first mission for aircraft 2 (current waypoint not found in plan).
2026-05-21T04:38:21.253837Z [ATTACK] [ATTACK][LAH] Using max attack speed 73.61m/s (265.0km/h) for aircraft 2.
2026-05-21T04:38:21.254530Z [ATTACK] [ATTACK][LAH] Inferred current waypoint from position -> 50497.
2026-05-21T04:38:21.255338Z [ATTACK] [ATTACK][LAH] Dropped current waypoint from resume path (currentWP=50497, nextWP=50498).
2026-05-21T04:38:22.877406Z [ATTACK] [ATTACK][LAH] Preserved completed prefix, inserted attack, and reattached 1 follow-up mission(s).
2026-05-21T04:38:22.883285Z [ATTACK] [ATTACK][LAH] Generated attack/resume missions -> IMP:800000113.json PATHS:200000046.json/200000047.json (followUps=1)
2026-05-21T04:38:22.884038Z [ATTACK] [PRIOR] Falling back to first mission for aircraft 3 (current waypoint not found in plan).
2026-05-21T04:38:23.469091Z [ATTACK] [ATTACK][LAH] Using max attack speed 73.61m/s (265.0km/h) for aircraft 3.
2026-05-21T04:38:23.473085Z [ATTACK] [ATTACK][LAH] Inferred current waypoint from position -> 50501.
2026-05-21T04:38:23.473950Z [ATTACK] [ATTACK][LAH] Dropped current waypoint from resume path (currentWP=50501, nextWP=50502).
2026-05-21T04:38:24.486029Z [ATTACK] [ATTACK][LAH] Preserved completed prefix, inserted attack, and reattached 1 follow-up mission(s).
2026-05-21T04:38:24.492796Z [ATTACK] [ATTACK][LAH] Generated attack/resume missions -> IMP:800000117.json PATHS:300000045.json/300000046.json (followUps=1)
2026-05-21T04:38:24.493777Z [ATTACK] [PRIOR] Falling back to first mission for aircraft 1 (current waypoint not found in plan).
2026-05-21T04:38:24.525314Z [ATTACK] [ATTACK][LAH] Inferred current waypoint from position -> 50493.
2026-05-21T04:38:24.526162Z [ATTACK] [ATTACK][LAH] Dropped current waypoint from resume path (currentWP=50493, nextWP=50494).
2026-05-21T04:38:25.393954Z [ATTACK] [ATTACK][LAH] Preserved completed prefix, inserted hold, and reattached 1 follow-up mission(s).
2026-05-21T04:38:25.400748Z [ATTACK] [ATTACK][LAH] Generated hold/resume missions -> IMP:800000118.json PATHS:100000045.json/100000046.json (followUps=1)
2026-05-21T04:38:25.402890Z [ATTACK] [NEXTCOLLAB] division planner area-division pieces=1
2026-05-21T04:38:25.403502Z [ATTACK] [NEXTCOLLAB] division planner final workflow=no_split paths=1
2026-05-21T04:38:25.404120Z [ATTACK] [ATTACK][COLLAB] Collaborative replacement IMP written (aircraft=6, imp=800000115.json, missions=1).
2026-05-21T04:38:25.404694Z [ATTACK] [ATTACK][COLLAB] First sweep searchSpeed boosted (aircraft=6, pathID=600000058, waypointID=300666, factor=1.30, old=889.58, new=1156.46).
2026-05-21T04:38:25.405398Z [ATTACK] [ATTACK][COLLAB] Collaborative remaining mission replanned (inputMissionID=4, unavailable=[4, 5], remaining=[6], workflow=no_split).
2026-05-21T04:38:25.417458Z [ATTACK] [ATTACK][UAV] Tracking target altitude kept for sensor only; flight altitude replaced 668m -> 1910m.
2026-05-21T04:38:25.657651Z [ATTACK] [ATTACK][UAV] Source path has a single waypoint; preserving it as done and skipping done/resume split.
2026-05-21T04:38:26.058314Z [ATTACK] [ATTACK][COLLAB] Tracking UAV resume replaced with release transit (aircraft=5, targetFinishEta=44, speed=58.0m/s).
2026-05-21T04:38:26.063525Z [ATTACK] [ATTACK][UAV] Preserved completed prefix, inserted tracking, and reattached 1 follow-up mission(s).
2026-05-21T04:38:26.113853Z [ATTACK] [ATTACK][UAV] Generated tracking/resume missions -> IMP:800000119.json PATHS:500000075.json/500000076.json (followUps=1)
2026-05-21T04:38:26.116521Z [ATTACK] [ATTACK][UAV] Tracking assignment state saved (aircraft=5, sourcePlan=700000023, attackPlan=700000026).
2026-05-21T04:38:26.353985Z [ATTACK] [ATTACK][UAV] Source path has a single waypoint; preserving it as done and skipping done/resume split.
2026-05-21T04:38:26.748606Z [ATTACK] [ATTACK][COLLAB] Tracking UAV resume replaced with release transit (aircraft=4, targetFinishEta=44, speed=58.0m/s).
2026-05-21T04:38:26.751104Z [ATTACK] [ATTACK][UAV] Preserved completed prefix, inserted tracking, and reattached 1 follow-up mission(s).
2026-05-21T04:38:26.796734Z [ATTACK] [ATTACK][UAV] Generated tracking/resume missions -> IMP:800000120.json PATHS:400000069.json/400000070.json (followUps=1)
2026-05-21T04:38:26.800446Z [ATTACK] [ATTACK][UAV] Tracking assignment state saved (aircraft=4, sourcePlan=700000023, attackPlan=700000026).
2026-05-21T04:38:26.801922Z [ATTACK] [ATTACK][COLLAB] Aircraft 6 handled by collaborative remaining replan (inputMissionID=4).
2026-05-21T04:38:26.814826Z [ATTACK] [ATTACK][PLAN] carried area remaining snapshot -> mission_area_snapshot_700000026.json (sourcePlanID=700000023, planID=700000026)
2026-05-21T04:38:26.815619Z [ATTACK] [ATTACK][PLAN] MissionPlan saved -> 700000026.json (planID=700000026)
2026-05-21T04:38:26.817368Z [ATTACK] [ATTACK][TIME] override_detail={"phases": {"metadata_normalize": {"elapsedMs": 0.006, "attackTargetCount": 2, "selectedMannedCount": 2}, "agent_index": {"elapsedMs": 0.079, "aircraftCount": 6}, "weapon_choice": {"elapsedMs": 4.261, "selectedWeaponType": 2, "ammoAvailable": true}, "initial_tracking_eta": {"elapsedMs": 0.678, "useDetectionTracking": true, "trackingEtaS": 117}, "resolve_source_plan": {"elapsedMs": 2.421, "sourcePlanID": 700000023}, "source_plan_load": {"elapsedMs": 0.72, "sourcePlanID": 700000023, "aircraftCount": 6}, "sweep_progress_load": {"elapsedMs": 1.255, "entries": 48}, "plan_id_resolve": {"elapsedMs": 0.027, "requested": true, "missionPlanID": 700000026}, "source_artifact_cache_build": {"elapsedMs": 0.016, "aircraftEntries": 6}, "done_input_ids_load": {"elapsedMs": 1.854, "count": 2}, "plan_deepcopy": {"elapsedMs": 0.084}, "target_uav_assignment": {"elapsedMs": 0.835, "assignedTargetCount": 2, "usedTrackingUavCount": 2}, "manned_sequence_assignment": {"elapsedMs": 18.781, "aircraftCount": 2, "error": null}, "attack_coordinate_resolution": {"elapsedMs": 16.147, "resolvedCount": 2, "mannedSequenceCount": 2}, "remaining_eta": {"elapsedMs": 5.564, "allUavCount": 3, "trackingUavCount": 2, "computedEtaCount": 2, "adjustedEtaS": 0}, "descriptor_list_build": {"elapsedMs": 0.045, "descriptorCount": 6, "activeMannedCount": 2, "otherLahCount": 1, "otherUavCount": 1}, "collab_tracking_scan": {"elapsedMs": 4.855, "inputCount": 1, "unavailableUavCount": 2}, "collab_agent_state_map": {"elapsedMs": 13.191, "aircraftCount": 6}, "collab_parallel_started": {"elapsedMs": 0.727, "inputCount": 1, "workers": 1}, "collab_parallel_join": {"elapsedMs": 3.221, "waitReason": "UAV_TRACK", "inputCount": 1}, "descriptor_loop": {"elapsedMs": 6705.949, "descriptorCount": 6, "updateCount": 5}, "final_collab_plan_update": {"elapsedMs": 0.01, "collabInputCount": 1}, "mission_plan_write": {"elapsedMs": 12.843, "missionPlanID": 700000026}, "option_meta_build": {"elapsedMs": 0.121, "targetCount": 2, "collabInputCount": 1}}, "collabRuns": [{"inputMissionID": 4, "unavailableAircraftIDs": [4, 5], "elapsedMs": 2090.328, "status": "ok", "replacementAircraftIDs": [6], "generatedPathCount": 1, "finishEtaS": 44, "workflow": "no_split"}], "descriptorDetails": [{"aircraftID": 2, "label": "manned", "mode": "LAH_ATTACK", "resolveArtifacts": {"elapsedMs": 0.895, "currentWaypointID": null, "sourcePathID": 200000034, "sourceImpID": 800000077}, "loadArtifacts": {"elapsedMs": 0.005, "impLoaded": true, "fpLoaded": true}, "cloneAndLocateMission": {"elapsedMs": 0.081, "missionCount": 2, "targetIndex": 0}, "allocateAndPlanUpdate": {"elapsedMs": 16.836, "newImpID": 800000113}, "builder": {"elapsedMs": 2769.157, "builderMode": "LAH_ATTACK"}, "builderDetail": {"allocate_ids": {"elapsedMs": 1136.911, "attackPathID": 200000046, "resumePathID": 200000047, "attackIndividualID": 900000283, "resumeIndividualID": 900000284, "entryWaypointID": 300659, "attackWaypointID": 300660}, "split_lah_resume": {"elapsedMs": 880.838, "resumeWaypointCount": 1, "removedWaypointID": 50497}, "clone_followups": {"elapsedMs": 569.862, "followUpMissionCount": 1, "followUpPathCount": 1}, "payload_build": {"elapsedMs": 171.741, "hasResume": true, "followUpMissionCount": 1, "attackSpeedMps": 73.61}, "write_json": {"elapsedMs": 4.283, "fileCount": 4}, "totalMs": 2767.173}, "status": "ok", "elapsedMs": 2787.112}, {"aircraftID": 3, "label": "manned", "mode": "LAH_ATTACK", "resolveArtifacts": {"elapsedMs": 0.718, "currentWaypointID": null, "sourcePathID": 300000033, "sourceImpID": 800000078}, "loadArtifacts": {"elapsedMs": 0.005, "impLoaded": true, "fpLoaded": true}, "cloneAndLocateMission": {"elapsedMs": 0.089, "missionCount": 2, "targetIndex": 0}, "allocateAndPlanUpdate": {"elapsedMs": 17.631, "newImpID": 800000117}, "builder": {"elapsedMs": 1591.052, "builderMode": "LAH_ATTACK"}, "builderDetail": {"allocate_ids": {"elapsedMs": 564.741, "attackPathID": 300000045, "resumePathID": 300000046, "attackIndividualID": 900000290, "resumeIndividualID": 900000291, "entryWaypointID": 300675, "attackWaypointID": 300679}, "split_lah_resume": {"elapsedMs": 667.278, "resumeWaypointCount": 1, "removedWaypointID": 50501}, "clone_followups": {"elapsedMs": 176.963, "followUpMissionCount": 1, "followUpPathCount": 1}, "payload_build": {"elapsedMs": 171.376, "hasResume": true, "followUpMissionCount": 1, "attackSpeedMps": 73.61}, "write_json": {"elapsedMs": 4.778, "fileCount": 4}, "totalMs": 1589.463}, "status": "ok", "elapsedMs": 1609.64}, {"aircraftID": 1, "label": "lah_hold_1", "mode": "LAH_HOLD_RESUME", "resolveArtifacts": {"elapsedMs": 0.726, "currentWaypointID": null, "sourcePathID": 100000033, "sourceImpID": 800000076}, "loadArtifacts": {"elapsedMs": 0.007, "impLoaded": true, "fpLoaded": true}, "cloneAndLocateMission": {"elapsedMs": 0.152, "missionCount": 2, "targetIndex": 0}, "allocateAndPlanUpdate": {"elapsedMs": 6.878, "newImpID": 800000118}, "builder": {"elapsedMs": 901.083, "builderMode": "LAH_HOLD_RESUME"}, "builderDetail": {"allocate_ids": {"elapsedMs": 20.727, "holdPathID": 100000045, "resumePathID": 100000046, "holdIndividualID": 900000293, "resumeIndividualID": 900000294}, "split_lah_resume": {"elapsedMs": 495.153, "resumeWaypointCount": 1, "removedWaypointID": 50493}, "clone_followups": {"elapsedMs": 201.735, "followUpMissionCount": 1, "followUpPathCount": 1}, "payload_build": {"elapsedMs": 376.249, "hasResume": true, "followUpMissionCount": 1}, "write_json": {"elapsedMs": 5.014, "fileCount": 4}, "totalMs": 901.025}, "status": "ok", "elapsedMs": 909.004}, {"aircraftID": 5, "label": "uav_tracking_5", "mode": "UAV_TRACK", "resolveArtifacts": {"elapsedMs": 0.027, "currentWaypointID": 300613, "sourcePathID": 500000065, "sourceImpID": 800000105}, "loadArtifacts": {"elapsedMs": 0.005, "impLoaded": true, "fpLoaded": true}, "cloneAndLocateMission": {"elapsedMs": 0.189, "missionCount": 2, "targetIndex": 0}, "allocateAndPlanUpdate": {"elapsedMs": 10.937, "newImpID": 800000119}, "builder": {"elapsedMs": 697.337, "builderMode": "UAV_TRACK"}, "builderDetail": {"allocate_ids": {"elapsedMs": 236.416, "donePathID": 500000074, "attackPathID": 500000075, "resumePathID": 500000076, "trackingIndividualID": 900000296, "resumeIndividualID": 900000297, "targetWaypointID": 300693}, "split_done_resume": {"elapsedMs": 1.384, "sourceSinglePoint": true, "doneWaypointCount": 1, "resumeWaypointCount": 0, "removedWaypointID": 300613}, "clone_followups": {"elapsedMs": 221.352, "followUpMissionCount": 1, "followUpPathCount": 1}, "release_resume": {"elapsedMs": 178.446, "releaseWaypointCount": 2, "targetFinishEtaS": 44}, "write_json": {"elapsedMs": 48.452, "fileCount": 5}, "totalMs": 694.155}, "trackingState": {"elapsedMs": 1.805}, "status": "ok", "elapsedMs": 711.071}, {"aircraftID": 4, "label": "uav_tracking_4", "mode": "UAV_TRACK", "resolveArtifacts": {"elapsedMs": 0.022, "currentWaypointID": 300595, "sourcePathID": 400000059, "sourceImpID": 800000103}, "loadArtifacts": {"elapsedMs": 0.004, "impLoaded": true, "fpLoaded": true}, "cloneAndLocateMission": {"elapsedMs": 0.134, "missionCount": 2, "targetIndex": 0}, "allocateAndPlanUpdate": {"elapsedMs": 7.442, "newImpID": 800000120}, "builder": {"elapsedMs": 672.745, "builderMode": "UAV_TRACK"}, "builderDetail": {"allocate_ids": {"elapsedMs": 224.354, "donePathID": 400000068, "attackPathID": 400000069, "resumePathID": 400000070, "trackingIndividualID": 900000299, "resumeIndividualID": 900000300, "targetWaypointID": 300699}, "split_done_resume": {"elapsedMs": 1.317, "sourceSinglePoint": true, "doneWaypointCount": 1, "resumeWaypointCount": 0, "removedWaypointID": 300595}, "clone_followups": {"elapsedMs": 221.368, "followUpMissionCount": 1, "followUpPathCount": 1}, "release_resume": {"elapsedMs": 172.123, "releaseWaypointCount": 2, "targetFinishEtaS": 44}, "write_json": {"elapsedMs": 43.832, "fileCount": 5}, "totalMs": 668.784}, "trackingState": {"elapsedMs": 2.683}, "status": "ok", "elapsedMs": 684.012}, {"aircraftID": 6, "label": "uav_resume_6", "mode": "UAV_RESUME", "resolveArtifacts": {"elapsedMs": 0.032, "currentWaypointID": 300628, "sourcePathID": 600000056, "sourceImpID": 800000108}, "loadArtifacts": {"elapsedMs": 0.006, "impLoaded": true, "fpLoaded": true}, "cloneAndLocateMission": {"elapsedMs": 0.244, "missionCount": 2, "targetIndex": 0}, "status": "handled_by_collab", "elapsedMs": 1.259}], "totalMs": 6786}
2026-05-21T04:38:26.818214Z [ATTACK] [ATTACK][TIME] override_total=6786ms
2026-05-21T04:38:26.819023Z [ATTACK] [TIME] apply_attack_plan_overrides=6797ms
2026-05-21T04:38:26.825658Z [ATTACK] [TIME] timingMs={"read_source": 13.657, "descriptor_build": 10.489, "write_artifacts": 6812.828, "delivery_wait": 5.412}
2026-05-21T04:38:26.826421Z [ATTACK] [TIME] total=6843ms
2026-05-21T04:38:26.837523Z [ATTACK] 분석 로그 저장: C:\Users\TRL98\Desktop\LAH_MUMT\Logs\Scenario_2026-05-21T132543\SBC3\DSS_Internal\log_attack_algorithm_20260521T043826_831211.json
2026-05-21T04:38:26.847313Z [ATTACK] mark target used: targetIDs=87, 86
2026-05-21T04:38:26.867039Z [ATTACK-EXCLUDE] ATTACK-EXCLUDE using requested missionPlanID 700000027 (sourcePlanID=700000023)
2026-05-21T04:38:26.867715Z [ATTACK-EXCLUDE] [PRIOR][UAV] Resume sweep trim applied (cutPoints=5, rawCutPoints=5, doneSweepPoints=0, pathID=400000059).
2026-05-21T04:38:26.868315Z [ATTACK-EXCLUDE] [PRIOR][UAV] Resume searchSpeed scaled (factor=1.30, waypoints=1).
2026-05-21T04:38:26.868845Z [ATTACK-EXCLUDE] [PRIOR][UAV] Generated done/resume mission -> aircraft=4 IMP:800000112.json PATHS:400000066.json
2026-05-21T04:38:26.869434Z [ATTACK-EXCLUDE] [PRIOR][UAV] Resume sweep trim applied (cutPoints=6, rawCutPoints=6, doneSweepPoints=0, pathID=500000065).
2026-05-21T04:38:26.870314Z [ATTACK-EXCLUDE] [PRIOR][UAV] Resume searchSpeed scaled (factor=1.30, waypoints=1).
2026-05-21T04:38:26.870982Z [ATTACK-EXCLUDE] [PRIOR][UAV] Generated done/resume mission -> aircraft=5 IMP:800000114.json PATHS:500000072.json
2026-05-21T04:38:26.871611Z [ATTACK-EXCLUDE] [PRIOR][UAV] Resume sweep trim applied (cutPoints=9, rawCutPoints=9, doneSweepPoints=0, pathID=600000056).
2026-05-21T04:38:26.872177Z [ATTACK-EXCLUDE] [PRIOR][UAV] Resume searchSpeed scaled (factor=1.30, waypoints=1).
2026-05-21T04:38:26.872712Z [ATTACK-EXCLUDE] [PRIOR][UAV] Generated done/resume mission -> aircraft=6 IMP:800000116.json PATHS:600000060.json
2026-05-21T04:38:26.873293Z [ATTACK-EXCLUDE] 공격 배제 MissionPlan 저장 -> 700000027.json (planID=700000027)
2026-05-21T04:38:26.874305Z [ATTACK-EXCLUDE] ATTACK-EXCLUDE carried area remaining snapshot -> mission_area_snapshot_700000027.json (sourcePlanID=700000023, planID=700000027)
2026-05-21T04:38:27.252905Z [ATTACK] 공격 임무 계획 완료 (planIds=700000026)
2026-05-21T04:38:27.254838Z [INFO] UAV params loaded (cruise=40.00, turn_step=15.0)
2026-05-21T04:38:27.255391Z [INFO] Latest input snapshot → 0201:ID=2,ts=832653415542,src=-, 0203:ID=1,ts=832652848760,src=-
2026-05-21T04:38:27.256107Z [STEP 0] Using latest 0201 ID 2 (2.json)
2026-05-21T04:38:27.256720Z [STEP 0] Using latest 0203 ID 1 (1.json)
2026-05-21T04:38:27.257330Z [CHECK] 0201/0203 필수 데이터 확인 시작
2026-05-21T04:38:27.258017Z [OK] 0201 inputMissionList 확인됨 (count=4) → 진행
2026-05-21T04:38:27.258634Z [OK] 0201 availableAircraftList 확인됨 (count=6) → 진행
2026-05-21T04:38:27.259202Z [OK] 0201 inputMissionPackageType=1 확인
2026-05-21T04:38:27.259884Z [OK] 0201 mainSensor=1 확인
2026-05-21T04:38:27.260506Z [CHECK] 0201 기체 수=6 (UAV=3, LAH=3)
2026-05-21T04:38:27.261052Z [CHECK] 0201 임무: total=4 missingID=0 missingDetail=0 missingShape=0 unknownType=0 typeZeroAuto=0 typeZeroInvalid=0 lineOnlyViolation=0 skippedSinglePoint=0
2026-05-21T04:38:27.261608Z [OK] 0203 takeOverInfoList 확인됨 (count=3) → 진행
2026-05-21T04:38:27.262169Z [OK] 0203 handOverInfoList 확인됨 (count=3) → 진행
2026-05-21T04:38:27.262727Z [OK] 0203 flightAreaList 확인됨 (count=1) → 진행
2026-05-21T04:38:27.263291Z [CHECK] 0203 flightAreaList count=1
2026-05-21T04:38:27.263844Z [INFO] 임무 진행영역 스냅샷 적용: sourcePlan=700000023, updated=2, done=0
2026-05-21T04:38:27.264404Z [INFO] 임무 진행영역 재계획 collapse 적용: groups=2, normalized=3, 4
2026-05-21T04:38:27.264984Z [INFO] Filtered completed input missions (removed=1, 2, converted=-, widthAdjusted=-, skippedSinglePoint=-, snapshot=updated=2, done=0, collapse=groups=2, normalized=3,4)
2026-05-21T04:38:27.265536Z [REPLAN][TIME] variant_started_ms=6896.7 wall_ms=1779338306866 variant=1 option=3 mode=attack_exclusion
2026-05-21T04:38:27.266062Z [variant 1] 공격 배제 병렬 결과 병합
2026-05-21T04:38:27.266618Z [REPLAN][TIME] attack_exclusion_parallel_joined_ms=6904.8 wall_ms=1779338306874 variant=1 duration_ms=3716.961 wait_ms=0.011
2026-05-21T04:38:27.267212Z [OK] 공격 배제 variant 저장: MissionPlanID=700000027 (elapsed=3717.0 ms)
2026-05-21T04:38:27.267777Z [INFO] Option mapping #1: planID=700000027, optionCode=3(공격배제)
2026-05-21T04:38:27.268352Z [REPLAN][TIME] variant_finished_ms=6905.1 wall_ms=1779338306875 variant=1 option=3 mode=attack_exclusion status=success duration_ms=3716.961
2026-05-21T04:38:27.268964Z [OK] Stored mission data: MissionPlan=1, IndividualMission=0, FlightPath=0
2026-05-21T04:38:27.269521Z [REPLAN][TIME] id_tab_update_deferred_ms=6906.2 wall_ms=1779338306876
2026-05-21T04:38:27.270090Z [REPLAN][TIME] pipeline_done_ms=6906.3 wall_ms=1779338306876 plans=2 force_direct=False
2026-05-21T04:38:27.270631Z [REPLAN][TIME] 0301_queued_ms=6906.4 wall_ms=1779338306876 plans=2
2026-05-21T04:38:27.271179Z [STEP 4] 0301 push queued (planIds=700000026, 700000027)
2026-05-21T04:38:27.272450Z [0402] delivery suppressed before 0301: Target 정보 변경으로 인한 재계획 중단
2026-05-21T04:38:27.274220Z [0001] notice sent: Target 정보 변경으로 인한 재계획 중단
2026-05-21T04:38:27.275288Z [REPLAN][METRIC] source_artifact_cache entries=21 hits=39 misses=21
2026-05-21T04:38:28.055093Z [REPLAN][TIME] 0902_received_ms=0.3 wall_ms=1779338308054 trigger=attack_2_option replanLevel=2 optionCount=2 forceDirect=0
2026-05-21T04:38:28.056220Z [REPLAN][TIME] 0902_archived_ms=1.5 wall_ms=1779338308056 path=replan_request_832653503494.json
2026-05-21T04:38:28.056856Z [AUTO] 0902 received (planIds=700000028, 700000029)
2026-05-21T04:38:28.057482Z [REPLAN][TIME] pipeline_scheduled_ms=2.7 wall_ms=1779338308057 delay_ms=0
2026-05-21T04:38:28.058672Z [REPLAN][TIME] scheduled_start_ms=3.9 wall_ms=1779338308058
2026-05-21T04:38:28.060684Z [REPLAN][TIME] 0305_status_1_ms=5.9 wall_ms=1779338308060 reason=표적88 등 3개 발견
2026-05-21T04:38:28.061380Z [0305] status=1, reason=표적88 등 3개 발견 전송
2026-05-21T04:38:28.066476Z [INFO] Using latest 0203 ID 1 for missionReferencePackageID (fallback)
2026-05-21T04:38:28.067606Z [STEP 0] Replan pipeline start (reason=표적88 등 3개 발견)
2026-05-21T04:38:28.068240Z [REPLAN][TIME] attack_exclusion_parallel_started_ms=12.1 wall_ms=1779338308066 option_index=2 sourcePlanID=700000023
2026-05-21T04:38:28.069109Z [ATTACK-EXCLUDE] parallel generation started (sourcePlanID=700000023, optionIndex=2)
2026-05-21T04:38:28.069877Z [ATTACK] 공격 특화 재계획 요청 감지 → 전용 파이프라인 실행
2026-05-21T04:38:28.076621Z [ATTACK] [TIME] select_manned_aircraft=10ms
2026-05-21T04:38:28.077201Z [ATTACK] STEP1 Selected manned aircraft: aircraft 2 (fuel=1200.0, coord=(37.85672378540039, 128.23350524902344, alt=1199))
2026-05-21T04:38:28.078593Z [ATTACK] [TIME] load_target_entries=1ms
2026-05-21T04:38:28.079191Z [ATTACK] STEP2 UAV tracking summary: watcher 4?’target 86, watcher 5?’target 87, watcher 6?’target 88, watcher 4?’target unknown-10, watcher 4?’target unknown-13, watcher 4?’target unknown-17, watcher 4?’target unknown-2, watcher 4?’target unknown-22, watcher 4?’target unknown-27, watcher 5?’target unknown-12, watcher 5?’target unknown-15, watcher 5?’target unknown-16, watcher 5?’target unknown-18, watcher 5?’target unknown-19, watcher 5?’target unknown-20, watcher 5?’target unknown-26, watcher 5?’target unknown-3, watcher 5?’target unknown-4, watcher 5?’target unknown-6, watcher 5?’target unknown-7, watcher 5?’target unknown-8, watcher 5?’target unknown-9, watcher 6?’target unknown-1, watcher 6?’target unknown-11, watcher 6?’target unknown-21, watcher 6?’target unknown-23, watcher 6?’target unknown-25, watcher 6?’target unknown-5, watcher 4?’target 77, watcher 6?’target 78, watcher 5?’target 79, watcher 5?’target 80, watcher 4?’target 81, watcher 5?’target 82, watcher 5?’target 83, watcher 5?’target 84, watcher 4?’target 85
2026-05-21T04:38:28.079815Z [ATTACK] STEP2.5 Using bundled 0402 targets: target=88 watcher=6, target=87 watcher=5, target=86 watcher=4
2026-05-21T04:38:28.084934Z [ATTACK] STEP2.6 Multi-target manned selection: 2, 3
2026-05-21T04:38:28.090675Z [ATTACK] [ATTACK] Selected target id=88 type=4 weaponType=3 (preferred=3, ammo={'type1': 500, 'type2': 7, 'type3': 2})
2026-05-21T04:38:28.099884Z [ATTACK] [TIME] compute_attack_point=9ms
2026-05-21T04:38:28.100521Z [ATTACK] STEP3 Attack plan completed: lat=37.894023, lon=128.202462, alt=983m
2026-05-21T04:38:28.101411Z [ATTACK] [ATTACK] Using remembered waypoint 300628 for watcher 6 while auto-tracking.
2026-05-21T04:38:28.106207Z [ATTACK] [ATTACK] Weapon choice aircraft=2 preferred=3 selected=3 ammo={'type1': 500, 'type2': 7, 'type3': 2}
2026-05-21T04:38:28.106904Z [ATTACK] [ATTACK][ETA] Tracking ETA computed with LAH max attack speed (dist=4962.5m, speed=73.61m/s, +30s) -> 97s
2026-05-21T04:38:28.112312Z [ATTACK] [ATTACK] Using requested missionPlanID 700000028 (sourcePlanID=700000023)
2026-05-21T04:38:28.144336Z [ATTACK] [ATTACK][POINT] Primary target adaptive standoff mode=candidate_within_standoff currentDist=6962.487231850504m candidateDist=1999.9999999997056m standoff=300.0/2000.0m.
2026-05-21T04:38:28.174289Z [ATTACK] [ATTACK][ETA] All UAVs tracking; using average ETA: 129s (from 3 values: [97, 142, 148])
2026-05-21T04:38:28.175123Z [ATTACK] [ATTACK][ETA] All tracking ETAs unified to 129s
2026-05-21T04:38:28.194274Z [ATTACK] [ATTACK][COLLAB] Remaining UAV entry lookahead applied: 9.0s (pathFollow=3, linearFallback=3, currentOnly=0)
2026-05-21T04:38:28.196037Z [ATTACK] [PRIOR] Falling back to first mission for aircraft 2 (current waypoint not found in plan).
2026-05-21T04:38:28.880281Z [ATTACK] [ATTACK][LAH] Using max attack speed 73.61m/s (265.0km/h) for aircraft 2.
2026-05-21T04:38:28.880977Z [ATTACK] [ATTACK][LAH] Inferred current waypoint from position -> 50497.
2026-05-21T04:38:28.881651Z [ATTACK] [ATTACK][LAH] Dropped current waypoint from resume path (currentWP=50497, nextWP=50498).
2026-05-21T04:38:30.186691Z [ATTACK] [ATTACK][LAH] Preserved completed prefix, inserted attack, and reattached 1 follow-up mission(s).
2026-05-21T04:38:30.193563Z [ATTACK] [ATTACK][LAH] Generated attack/resume missions -> IMP:800000122.json PATHS:200000049.json/200000050.json (followUps=1)
2026-05-21T04:38:30.194461Z [ATTACK] [PRIOR] Falling back to first mission for aircraft 3 (current waypoint not found in plan).
2026-05-21T04:38:30.213453Z [ATTACK] [ATTACK][LAH] Inferred current waypoint from position -> 50501.
2026-05-21T04:38:30.214350Z [ATTACK] [ATTACK][LAH] Dropped current waypoint from resume path (currentWP=50501, nextWP=50502).
2026-05-21T04:38:31.154915Z [ATTACK] [ATTACK][LAH] Using max attack speed 73.61m/s (265.0km/h) for aircraft 3.
2026-05-21T04:38:32.201947Z [ATTACK] [ATTACK][LAH] Preserved completed prefix, built sequential attack missions, and reattached 1 follow-up mission(s) for aircraft 3.
2026-05-21T04:38:32.208626Z [ATTACK] [ATTACK][LAH] Generated sequential attack/resume missions -> IMP:800000125.json attacks=2 resume=300000050.json (followUps=1)
2026-05-21T04:38:32.209363Z [ATTACK] [PRIOR] Falling back to first mission for aircraft 1 (current waypoint not found in plan).
2026-05-21T04:38:32.247017Z [ATTACK] [ATTACK][LAH] Inferred current waypoint from position -> 50493.
2026-05-21T04:38:32.247731Z [ATTACK] [ATTACK][LAH] Dropped current waypoint from resume path (currentWP=50493, nextWP=50494).
2026-05-21T04:38:33.168899Z [ATTACK] [ATTACK][LAH] Preserved completed prefix, inserted hold, and reattached 1 follow-up mission(s).
2026-05-21T04:38:33.175603Z [ATTACK] [ATTACK][LAH] Generated hold/resume missions -> IMP:800000126.json PATHS:100000048.json/100000049.json (followUps=1)
2026-05-21T04:38:33.177633Z [ATTACK] [ATTACK][COLLAB] Collaborative replan skipped: no remaining source UAVs for current input.
2026-05-21T04:38:33.186492Z [ATTACK] [ATTACK][UAV] Tracking target altitude kept for sensor only; flight altitude replaced 683m -> 1921m.
2026-05-21T04:38:33.385478Z [ATTACK] [ATTACK][UAV] Source path has a single waypoint; preserving it as done and skipping done/resume split.
2026-05-21T04:38:33.609725Z [ATTACK] [ATTACK][UAV] Preserved completed prefix, inserted tracking, and reattached 1 follow-up mission(s).
2026-05-21T04:38:33.656030Z [ATTACK] [ATTACK][UAV] Generated tracking-only mission -> IMP:800000127.json PATH:600000066.json (followUps=1, resumeSkipped=true)
2026-05-21T04:38:33.659420Z [ATTACK] [ATTACK][UAV] Tracking assignment state saved (aircraft=6, sourcePlan=700000023, attackPlan=700000028).
2026-05-21T04:38:33.669468Z [ATTACK] [ATTACK][UAV] Tracking target altitude kept for sensor only; flight altitude replaced 667m -> 1910m.
2026-05-21T04:38:33.883115Z [ATTACK] [ATTACK][UAV] Source path has a single waypoint; preserving it as done and skipping done/resume split.
2026-05-21T04:38:34.090411Z [ATTACK] [ATTACK][UAV] Preserved completed prefix, inserted tracking, and reattached 1 follow-up mission(s).
2026-05-21T04:38:34.123674Z [ATTACK] [ATTACK][UAV] Generated tracking-only mission -> IMP:800000128.json PATH:500000082.json (followUps=1, resumeSkipped=true)
2026-05-21T04:38:34.133894Z [ATTACK] [ATTACK][UAV] Tracking assignment state saved (aircraft=5, sourcePlan=700000023, attackPlan=700000028).
2026-05-21T04:38:34.365123Z [ATTACK] [ATTACK][UAV] Source path has a single waypoint; preserving it as done and skipping done/resume split.
2026-05-21T04:38:34.568892Z [ATTACK] [ATTACK][UAV] Preserved completed prefix, inserted tracking, and reattached 1 follow-up mission(s).
2026-05-21T04:38:34.606799Z [ATTACK] [ATTACK][UAV] Generated tracking-only mission -> IMP:800000129.json PATH:400000076.json (followUps=1, resumeSkipped=true)
2026-05-21T04:38:34.615484Z [ATTACK] [ATTACK][UAV] Tracking assignment state saved (aircraft=4, sourcePlan=700000023, attackPlan=700000028).
2026-05-21T04:38:34.629146Z [ATTACK] [ATTACK][PLAN] carried area remaining snapshot -> mission_area_snapshot_700000028.json (sourcePlanID=700000023, planID=700000028)
2026-05-21T04:38:34.629879Z [ATTACK] [ATTACK][PLAN] MissionPlan saved -> 700000028.json (planID=700000028)
2026-05-21T04:38:34.631305Z [ATTACK] [ATTACK][TIME] override_detail={"phases": {"metadata_normalize": {"elapsedMs": 0.008, "attackTargetCount": 3, "selectedMannedCount": 2}, "agent_index": {"elapsedMs": 0.119, "aircraftCount": 6}, "weapon_choice": {"elapsedMs": 4.146, "selectedWeaponType": 3, "ammoAvailable": true}, "initial_tracking_eta": {"elapsedMs": 0.888, "useDetectionTracking": true, "trackingEtaS": 97}, "resolve_source_plan": {"elapsedMs": 2.745, "sourcePlanID": 700000023}, "source_plan_load": {"elapsedMs": 0.594, "sourcePlanID": 700000023, "aircraftCount": 6}, "sweep_progress_load": {"elapsedMs": 1.059, "entries": 48}, "plan_id_resolve": {"elapsedMs": 0.025, "requested": true, "missionPlanID": 700000028}, "source_artifact_cache_build": {"elapsedMs": 0.016, "aircraftEntries": 6}, "done_input_ids_load": {"elapsedMs": 1.065, "count": 2}, "plan_deepcopy": {"elapsedMs": 0.049}, "target_uav_assignment": {"elapsedMs": 0.488, "assignedTargetCount": 3, "usedTrackingUavCount": 3}, "manned_sequence_assignment": {"elapsedMs": 23.566, "aircraftCount": 2, "error": null}, "attack_coordinate_resolution": {"elapsedMs": 36.003, "resolvedCount": 3, "mannedSequenceCount": 3}, "remaining_eta": {"elapsedMs": 0.921, "allUavCount": 3, "trackingUavCount": 3, "computedEtaCount": 3, "adjustedEtaS": 129}, "descriptor_list_build": {"elapsedMs": 0.03, "descriptorCount": 6, "activeMannedCount": 2, "otherLahCount": 1, "otherUavCount": 0}, "collab_tracking_scan": {"elapsedMs": 6.763, "inputCount": 1, "unavailableUavCount": 3}, "collab_agent_state_map": {"elapsedMs": 12.26, "aircraftCount": 6}, "collab_parallel_started": {"elapsedMs": 0.721, "inputCount": 1, "workers": 1}, "collab_parallel_join": {"elapsedMs": 0.634, "waitReason": "UAV_TRACK", "inputCount": 1}, "descriptor_loop": {"elapsedMs": 6420.344, "descriptorCount": 6, "updateCount": 6}, "mission_plan_write": {"elapsedMs": 13.603, "missionPlanID": 700000028}, "option_meta_build": {"elapsedMs": 0.058, "targetCount": 3, "collabInputCount": 0}}, "collabRuns": [{"inputMissionID": 4, "unavailableAircraftIDs": [4, 5, 6], "elapsedMs": 22.241, "status": "skipped"}], "descriptorDetails": [{"aircraftID": 2, "label": "manned", "mode": "LAH_ATTACK", "resolveArtifacts": {"elapsedMs": 0.653, "currentWaypointID": null, "sourcePathID": 200000034, "sourceImpID": 800000077}, "loadArtifacts": {"elapsedMs": 0.006, "impLoaded": true, "fpLoaded": true}, "cloneAndLocateMission": {"elapsedMs": 0.084, "missionCount": 2, "targetIndex": 0}, "allocateAndPlanUpdate": {"elapsedMs": 165.515, "newImpID": 800000122}, "builder": {"elapsedMs": 1831.922, "builderMode": "LAH_ATTACK"}, "builderDetail": {"allocate_ids": {"elapsedMs": 515.093, "attackPathID": 200000049, "resumePathID": 200000050, "attackIndividualID": 900000304, "resumeIndividualID": 900000305, "entryWaypointID": 300709, "attackWaypointID": 300710}, "split_lah_resume": {"elapsedMs": 518.335, "resumeWaypointCount": 1, "removedWaypointID": 50497}, "clone_followups": {"elapsedMs": 606.069, "followUpMissionCount": 1, "followUpPathCount": 1}, "payload_build": {"elapsedMs": 181.128, "hasResume": true, "followUpMissionCount": 1, "attackSpeedMps": 73.61}, "write_json": {"elapsedMs": 5.036, "fileCount": 4}, "totalMs": 1829.246}, "status": "ok", "elapsedMs": 1998.333}, {"aircraftID": 3, "label": "manned", "mode": "LAH_ATTACK", "resolveArtifacts": {"elapsedMs": 0.798, "currentWaypointID": null, "sourcePathID": 300000033, "sourceImpID": 800000078}, "loadArtifacts": {"elapsedMs": 0.006, "impLoaded": true, "fpLoaded": true}, "cloneAndLocateMission": {"elapsedMs": 0.099, "missionCount": 2, "targetIndex": 0}, "allocateAndPlanUpdate": {"elapsedMs": 15.142, "newImpID": 800000125}, "builder": {"elapsedMs": 1998.724, "builderMode": "LAH_ATTACK"}, "status": "ok", "elapsedMs": 2014.912}, {"aircraftID": 1, "label": "lah_hold_1", "mode": "LAH_HOLD_RESUME", "resolveArtifacts": {"elapsedMs": 0.617, "currentWaypointID": null, "sourcePathID": 100000033, "sourceImpID": 800000076}, "loadArtifacts": {"elapsedMs": 0.006, "impLoaded": true, "fpLoaded": true}, "cloneAndLocateMission": {"elapsedMs": 0.093, "missionCount": 2, "targetIndex": 0}, "allocateAndPlanUpdate": {"elapsedMs": 8.94, "newImpID": 800000126}, "builder": {"elapsedMs": 958.361, "builderMode": "LAH_HOLD_RESUME"}, "builderDetail": {"allocate_ids": {"elapsedMs": 25.445, "holdPathID": 100000048, "resumePathID": 100000049, "holdIndividualID": 900000315, "resumeIndividualID": 900000316}, "split_lah_resume": {"elapsedMs": 588.785, "resumeWaypointCount": 1, "removedWaypointID": 50493}, "clone_followups": {"elapsedMs": 168.358, "followUpMissionCount": 1, "followUpPathCount": 1}, "payload_build": {"elapsedMs": 335.335, "hasResume": true, "followUpMissionCount": 1}, "write_json": {"elapsedMs": 4.996, "fileCount": 4}, "totalMs": 958.308}, "status": "ok", "elapsedMs": 968.166}, {"aircraftID": 6, "label": "uav_tracking_6", "mode": "UAV_TRACK", "resolveArtifacts": {"elapsedMs": 0.024, "currentWaypointID": 300628, "sourcePathID": 600000056, "sourceImpID": 800000108}, "loadArtifacts": {"elapsedMs": 0.004, "impLoaded": true, "fpLoaded": true}, "cloneAndLocateMission": {"elapsedMs": 0.167, "missionCount": 2, "targetIndex": 0}, "allocateAndPlanUpdate": {"elapsedMs": 7.866, "newImpID": 800000127}, "builder": {"elapsedMs": 470.434, "builderMode": "UAV_TRACK"}, "builderDetail": {"allocate_ids": {"elapsedMs": 195.257, "donePathID": 600000065, "attackPathID": 600000066, "resumePathID": 600000067, "trackingIndividualID": 900000318, "resumeIndividualID": 900000319, "targetWaypointID": 300741}, "split_done_resume": {"elapsedMs": 1.258, "sourceSinglePoint": true, "doneWaypointCount": 1, "resumeWaypointCount": 0, "removedWaypointID": 300628}, "clone_followups": {"elapsedMs": 221.436, "followUpMissionCount": 1, "followUpPathCount": 1}, "write_json": {"elapsedMs": 44.745, "fileCount": 4}, "totalMs": 467.312}, "trackingState": {"elapsedMs": 2.501}, "status": "ok", "elapsedMs": 481.799}, {"aircraftID": 5, "label": "uav_tracking_5", "mode": "UAV_TRACK", "resolveArtifacts": {"elapsedMs": 0.029, "currentWaypointID": 300613, "sourcePathID": 500000065, "sourceImpID": 800000105}, "loadArtifacts": {"elapsedMs": 0.005, "impLoaded": true, "fpLoaded": true}, "cloneAndLocateMission": {"elapsedMs": 0.217, "missionCount": 2, "targetIndex": 0}, "allocateAndPlanUpdate": {"elapsedMs": 8.817, "newImpID": 800000128}, "builder": {"elapsedMs": 455.491, "builderMode": "UAV_TRACK"}, "builderDetail": {"allocate_ids": {"elapsedMs": 209.735, "donePathID": 500000081, "attackPathID": 500000082, "resumePathID": 500000083, "trackingIndividualID": 900000321, "resumeIndividualID": 900000322, "targetWaypointID": 300745}, "split_done_resume": {"elapsedMs": 1.325, "sourceSinglePoint": true, "doneWaypointCount": 1, "resumeWaypointCount": 0, "removedWaypointID": 300613}, "clone_followups": {"elapsedMs": 204.047, "followUpMissionCount": 1, "followUpPathCount": 1}, "write_json": {"elapsedMs": 31.987, "fileCount": 4}, "totalMs": 452.347}, "trackingState": {"elapsedMs": 8.971}, "status": "ok", "elapsedMs": 474.397}, {"aircraftID": 4, "label": "uav_tracking_4", "mode": "UAV_TRACK", "resolveArtifacts": {"elapsedMs": 0.026, "currentWaypointID": 300595, "sourcePathID": 400000059, "sourceImpID": 800000103}, "loadArtifacts": {"elapsedMs": 0.005, "impLoaded": true, "fpLoaded": true}, "cloneAndLocateMission": {"elapsedMs": 0.186, "missionCount": 2, "targetIndex": 0}, "allocateAndPlanUpdate": {"elapsedMs": 6.799, "newImpID": 800000129}, "builder": {"elapsedMs": 465.806, "builderMode": "UAV_TRACK"}, "builderDetail": {"allocate_ids": {"elapsedMs": 220.943, "donePathID": 400000075, "attackPathID": 400000076, "resumePathID": 400000077, "trackingIndividualID": 900000324, "resumeIndividualID": 900000325, "targetWaypointID": 300749}, "split_done_resume": {"elapsedMs": 1.015, "sourceSinglePoint": true, "doneWaypointCount": 1, "resumeWaypointCount": 0, "removedWaypointID": 300595}, "clone_followups": {"elapsedMs": 197.698, "followUpMissionCount": 1, "followUpPathCount": 1}, "write_json": {"elapsedMs": 36.407, "fileCount": 4}, "totalMs": 463.784}, "trackingState": {"elapsedMs": 7.861}, "status": "ok", "elapsedMs": 481.455}], "totalMs": 6520}
2026-05-21T04:38:34.631949Z [ATTACK] [ATTACK][TIME] override_total=6520ms
2026-05-21T04:38:34.632645Z [ATTACK] [TIME] apply_attack_plan_overrides=6532ms
2026-05-21T04:38:34.636830Z [ATTACK] [TIME] timingMs={"read_source": 12.216, "descriptor_build": 11.498, "write_artifacts": 6542.624, "delivery_wait": 3.545}
2026-05-21T04:38:34.637403Z [ATTACK] [TIME] total=6571ms
2026-05-21T04:38:34.644305Z [ATTACK] 분석 로그 저장: C:\Users\TRL98\Desktop\LAH_MUMT\Logs\Scenario_2026-05-21T132543\SBC3\DSS_Internal\log_attack_algorithm_20260521T043834_638182.json
2026-05-21T04:38:34.653884Z [ATTACK] mark target used: targetIDs=88, 87, 86
2026-05-21T04:38:34.674383Z [ATTACK-EXCLUDE] ATTACK-EXCLUDE using requested missionPlanID 700000029 (sourcePlanID=700000023)
2026-05-21T04:38:34.675186Z [ATTACK-EXCLUDE] [PRIOR][UAV] Resume sweep trim applied (cutPoints=5, rawCutPoints=5, doneSweepPoints=0, pathID=400000059).
2026-05-21T04:38:34.675729Z [ATTACK-EXCLUDE] [PRIOR][UAV] Resume searchSpeed scaled (factor=1.30, waypoints=1).
2026-05-21T04:38:34.676254Z [ATTACK-EXCLUDE] [PRIOR][UAV] Generated done/resume mission -> aircraft=4 IMP:800000121.json PATHS:400000073.json
2026-05-21T04:38:34.676730Z [ATTACK-EXCLUDE] [PRIOR][UAV] Resume sweep trim applied (cutPoints=6, rawCutPoints=6, doneSweepPoints=0, pathID=500000065).
2026-05-21T04:38:34.677230Z [ATTACK-EXCLUDE] [PRIOR][UAV] Resume searchSpeed scaled (factor=1.30, waypoints=1).
2026-05-21T04:38:34.677702Z [ATTACK-EXCLUDE] [PRIOR][UAV] Generated done/resume mission -> aircraft=5 IMP:800000123.json PATHS:500000079.json
2026-05-21T04:38:34.678185Z [ATTACK-EXCLUDE] [PRIOR][UAV] Resume sweep trim applied (cutPoints=10, rawCutPoints=10, doneSweepPoints=0, pathID=600000056).
2026-05-21T04:38:34.678640Z [ATTACK-EXCLUDE] [PRIOR][UAV] Resume searchSpeed scaled (factor=1.30, waypoints=1).
2026-05-21T04:38:34.679192Z [ATTACK-EXCLUDE] [PRIOR][UAV] Generated done/resume mission -> aircraft=6 IMP:800000124.json PATHS:600000063.json
2026-05-21T04:38:34.679657Z [ATTACK-EXCLUDE] 공격 배제 MissionPlan 저장 -> 700000029.json (planID=700000029)
2026-05-21T04:38:34.680218Z [ATTACK-EXCLUDE] ATTACK-EXCLUDE carried area remaining snapshot -> mission_area_snapshot_700000029.json (sourcePlanID=700000023, planID=700000029)
2026-05-21T04:38:35.077986Z [ATTACK] 공격 임무 계획 완료 (planIds=700000028)
2026-05-21T04:38:35.078713Z [INFO] UAV params loaded (cruise=40.00, turn_step=15.0)
2026-05-21T04:38:35.079318Z [INFO] Latest input snapshot → 0201:ID=2,ts=832653415542,src=-, 0203:ID=1,ts=832652848760,src=-
2026-05-21T04:38:35.079865Z [STEP 0] Using latest 0201 ID 2 (2.json)
2026-05-21T04:38:35.080394Z [STEP 0] Using latest 0203 ID 1 (1.json)
2026-05-21T04:38:35.080962Z [CHECK] 0201/0203 필수 데이터 확인 시작
2026-05-21T04:38:35.081470Z [OK] 0201 inputMissionList 확인됨 (count=4) → 진행
2026-05-21T04:38:35.081999Z [OK] 0201 availableAircraftList 확인됨 (count=6) → 진행
2026-05-21T04:38:35.082654Z [OK] 0201 inputMissionPackageType=1 확인
2026-05-21T04:38:35.083251Z [OK] 0201 mainSensor=1 확인
2026-05-21T04:38:35.083913Z [CHECK] 0201 기체 수=6 (UAV=3, LAH=3)
2026-05-21T04:38:35.084518Z [CHECK] 0201 임무: total=4 missingID=0 missingDetail=0 missingShape=0 unknownType=0 typeZeroAuto=0 typeZeroInvalid=0 lineOnlyViolation=0 skippedSinglePoint=0
2026-05-21T04:38:35.085164Z [OK] 0203 takeOverInfoList 확인됨 (count=3) → 진행
2026-05-21T04:38:35.085761Z [OK] 0203 handOverInfoList 확인됨 (count=3) → 진행
2026-05-21T04:38:35.086309Z [OK] 0203 flightAreaList 확인됨 (count=1) → 진행
2026-05-21T04:38:35.086821Z [CHECK] 0203 flightAreaList count=1
2026-05-21T04:38:35.087349Z [INFO] 임무 진행영역 스냅샷 적용: sourcePlan=700000023, updated=2, done=0
2026-05-21T04:38:35.087906Z [INFO] 임무 진행영역 재계획 collapse 적용: groups=2, normalized=3, 4
2026-05-21T04:38:35.089400Z [INFO] Filtered completed input missions (removed=1, 2, converted=-, widthAdjusted=-, skippedSinglePoint=-, snapshot=updated=2, done=0, collapse=groups=2, normalized=3,4)
2026-05-21T04:38:35.089986Z [REPLAN][TIME] variant_started_ms=6619.5 wall_ms=1779338314674 variant=1 option=3 mode=attack_exclusion
2026-05-21T04:38:35.090551Z [variant 1] 공격 배제 병렬 결과 병합
2026-05-21T04:38:35.091104Z [REPLAN][TIME] attack_exclusion_parallel_joined_ms=6626.3 wall_ms=1779338314680 variant=1 duration_ms=3092.022 wait_ms=0.011
2026-05-21T04:38:35.091717Z [OK] 공격 배제 variant 저장: MissionPlanID=700000029 (elapsed=3092.0 ms)
2026-05-21T04:38:35.092310Z [INFO] Option mapping #1: planID=700000029, optionCode=3(공격배제)
2026-05-21T04:38:35.093006Z [REPLAN][TIME] variant_finished_ms=6626.5 wall_ms=1779338314681 variant=1 option=3 mode=attack_exclusion status=success duration_ms=3092.022
2026-05-21T04:38:35.093586Z [OK] Stored mission data: MissionPlan=1, IndividualMission=0, FlightPath=0
2026-05-21T04:38:35.094164Z [REPLAN][TIME] id_tab_update_deferred_ms=6627.6 wall_ms=1779338314682
2026-05-21T04:38:35.094830Z [REPLAN][TIME] pipeline_done_ms=6627.6 wall_ms=1779338314682 plans=2 force_direct=False
2026-05-21T04:38:35.095467Z [REPLAN][TIME] 0301_queued_ms=6627.7 wall_ms=1779338314682 plans=2
2026-05-21T04:38:35.096134Z [STEP 4] 0301 push queued (planIds=700000028, 700000029)
2026-05-21T04:38:35.097962Z [0301] missionPlanID=700000028 전송
2026-05-21T04:38:35.099842Z [0301] missionPlanID=700000029 전송
2026-05-21T04:38:35.100866Z [PUSH] 0301 direct batch send
2026-05-21T04:38:35.101544Z [REPLAN][TIME] 0301_sent_ms=7046.8 wall_ms=1779338315101 plans=2
2026-05-21T04:38:35.102248Z [REPLAN][TIME] post_0301_delivery_queued_ms=7047.5 wall_ms=1779338315102 grace_ms=0 timeout_ms=20 force_direct=0 mode=option_or_0901
2026-05-21T04:38:35.102855Z [INFO] Post-0301 apply queued (mode=option_or_0901, grace=0ms, timeout=20ms, plans=2)
2026-05-21T04:38:35.105237Z [REPLAN][TIME] 0305_status_2_ms=7050.5 wall_ms=1779338315105 reason=표적88 등 3개 발견
2026-05-21T04:38:35.105912Z [0305] status=2, reason=표적88 등 3개 발견, elapsed=7.04s 전송
2026-05-21T04:38:35.106515Z [REPLAN][TIME] post_0301_completion_ready_ms=7051.8 wall_ms=1779338315106 mode=option_or_0901
2026-05-21T04:38:35.107190Z [REPLAN][METRIC] source_artifact_cache entries=21 hits=39 misses=21
2026-05-21T04:38:35.120945Z [INFO] Post-0301 ready (timeout) -> sending 0901
2026-05-21T04:38:35.121651Z [REPLAN][TIME] post_0301_flushed_ms=7066.9 wall_ms=1779338315121 delivery=0901 trigger=timeout
2026-05-21T04:38:35.124573Z [REPLAN][TIME] 0901_sent_ms=7069.8 wall_ms=1779338315124 options=2
2026-05-21T04:38:35.125195Z [0901] option request sent (count=2, codes=2(공격특화), 3(공격배제))
2026-05-21T04:38:35.125782Z [REPLAN][TIME] id_tab_update_flushed_ms=7071.1 wall_ms=1779338315125
2026-05-21T04:38:44.463390Z [REPLAN][TIME] 0902_received_ms=0.2 wall_ms=1779338324463 trigger=attack_2_option replanLevel=2 optionCount=2 forceDirect=0
2026-05-21T04:38:44.464695Z [REPLAN][TIME] 0902_archived_ms=1.5 wall_ms=1779338324464 path=replan_request_832653523256.json
2026-05-21T04:38:44.465656Z [AUTO] 0902 received (planIds=700000030, 700000031)
2026-05-21T04:38:44.466415Z [REPLAN][TIME] pipeline_scheduled_ms=3.2 wall_ms=1779338324466 delay_ms=0
2026-05-21T04:38:44.467578Z [REPLAN][TIME] scheduled_start_ms=4.4 wall_ms=1779338324467
2026-05-21T04:38:44.470097Z [REPLAN][TIME] 0305_status_1_ms=6.9 wall_ms=1779338324469 reason=표적89 발견 재계획
2026-05-21T04:38:44.470807Z [0305] status=1, reason=표적89 발견 재계획 전송
2026-05-21T04:38:44.476238Z [INFO] Using latest 0203 ID 1 for missionReferencePackageID (fallback)
2026-05-21T04:38:44.477125Z [STEP 0] Replan pipeline start (reason=표적89 발견 재계획)
2026-05-21T04:38:44.477816Z [REPLAN][TIME] attack_exclusion_parallel_started_ms=12.6 wall_ms=1779338324475 option_index=2 sourcePlanID=700000029
2026-05-21T04:38:44.478700Z [ATTACK-EXCLUDE] parallel generation started (sourcePlanID=700000029, optionIndex=2)
2026-05-21T04:38:44.479448Z [ATTACK] 공격 특화 재계획 요청 감지 → 전용 파이프라인 실행
2026-05-21T04:38:44.486862Z [ATTACK] [TIME] select_manned_aircraft=11ms
2026-05-21T04:38:44.487504Z [ATTACK] STEP1 Selected manned aircraft: aircraft 2 (fuel=1200.0, coord=(37.85672378540039, 128.23350524902344, alt=1199))
2026-05-21T04:38:44.489399Z [ATTACK] [TIME] load_target_entries=1ms
2026-05-21T04:38:44.489965Z [ATTACK] STEP2 UAV tracking summary: watcher 5?’target 89, watcher 4?’target unknown-10, watcher 4?’target unknown-13, watcher 4?’target unknown-17, watcher 4?’target unknown-2, watcher 4?’target unknown-22, watcher 4?’target unknown-27, watcher 5?’target unknown-12, watcher 5?’target unknown-15, watcher 5?’target unknown-16, watcher 5?’target unknown-18, watcher 5?’target unknown-19, watcher 5?’target unknown-20, watcher 5?’target unknown-28, watcher 5?’target unknown-3, watcher 5?’target unknown-4, watcher 5?’target unknown-6, watcher 5?’target unknown-7, watcher 5?’target unknown-8, watcher 5?’target unknown-9, watcher 6?’target unknown-1, watcher 6?’target unknown-11, watcher 6?’target unknown-21, watcher 6?’target unknown-23, watcher 6?’target unknown-25, watcher 6?’target unknown-29, watcher 6?’target unknown-5, watcher 4?’target 77, watcher 6?’target 78, watcher 5?’target 79, watcher 5?’target 80, watcher 4?’target 81, watcher 5?’target 82, watcher 5?’target 83, watcher 5?’target 84, watcher 4?’target 85, watcher 4?’target 86, watcher 5?’target 87, watcher 6?’target 88
2026-05-21T04:38:44.490657Z [ATTACK] STEP2.5 Using bundled 0402 targets: target=89 watcher=5
2026-05-21T04:38:44.495956Z [ATTACK] [ATTACK] Selected target id=89 type=4 weaponType=3 (preferred=3, ammo={'type1': 500, 'type2': 7, 'type3': 2})
2026-05-21T04:38:44.507678Z [ATTACK] [TIME] compute_attack_point=11ms
2026-05-21T04:38:44.508458Z [ATTACK] STEP3 Attack plan completed: lat=37.899597, lon=128.194114, alt=958m
2026-05-21T04:38:44.509485Z [ATTACK] [ATTACK] Using remembered waypoint 300717 for watcher 5 while auto-tracking.
2026-05-21T04:38:44.517475Z [ATTACK] [ATTACK] Weapon choice aircraft=2 preferred=3 selected=3 ammo={'type1': 500, 'type2': 7, 'type3': 2}
2026-05-21T04:38:44.518455Z [ATTACK] [ATTACK][ETA] Tracking ETA computed with LAH max attack speed (dist=5888.9m, speed=73.61m/s, +30s) -> 110s
2026-05-21T04:38:44.525227Z [ATTACK] [ATTACK] Using requested missionPlanID 700000030 (sourcePlanID=700000029)
2026-05-21T04:38:44.535963Z [ATTACK] [ATTACK][POINT] Primary target adaptive standoff mode=candidate_within_standoff currentDist=7888.94540769008m candidateDist=1999.9999999995462m standoff=300.0/2000.0m.
2026-05-21T04:38:44.540082Z [ATTACK] [ATTACK][ETA] UAV 4 remaining mission time: 0.0s
2026-05-21T04:38:44.544411Z [ATTACK] [ATTACK][ETA] UAV 6 remaining mission time: 0.0s
2026-05-21T04:38:44.545014Z [ATTACK] [ATTACK][ETA] Non-tracking UAV ETA selected: UAV 4 with 0s remaining
2026-05-21T04:38:44.545561Z [ATTACK] [ATTACK][ETA] All tracking ETAs unified to 0s
2026-05-21T04:38:44.561257Z [ATTACK] [ATTACK][COLLAB] Remaining UAV entry lookahead applied: 9.0s (pathFollow=3, linearFallback=3, currentOnly=0)
2026-05-21T04:38:44.563191Z [ATTACK] [PRIOR] Falling back to first mission for aircraft 2 (current waypoint not found in plan).
2026-05-21T04:38:45.696302Z [ATTACK] [ATTACK][LAH] Using max attack speed 73.61m/s (265.0km/h) for aircraft 2.
2026-05-21T04:38:45.696994Z [ATTACK] [ATTACK][LAH] Inferred current waypoint from position -> 50497.
2026-05-21T04:38:45.697659Z [ATTACK] [ATTACK][LAH] Dropped current waypoint from resume path (currentWP=50497, nextWP=50498).
2026-05-21T04:38:47.984313Z [ATTACK] [ATTACK][LAH] Preserved completed prefix, inserted attack, and reattached 1 follow-up mission(s).
2026-05-21T04:38:47.989887Z [ATTACK] [ATTACK][LAH] Generated attack/resume missions -> IMP:800000131.json PATHS:200000052.json/200000053.json (followUps=1)
2026-05-21T04:38:47.990698Z [ATTACK] [PRIOR] Falling back to first mission for aircraft 1 (current waypoint not found in plan).
2026-05-21T04:38:48.310233Z [ATTACK] [ATTACK][LAH] Inferred current waypoint from position -> 50493.
2026-05-21T04:38:48.311328Z [ATTACK] [ATTACK][LAH] Dropped current waypoint from resume path (currentWP=50493, nextWP=50494).
2026-05-21T04:38:49.726054Z [ATTACK] [ATTACK][LAH] Preserved completed prefix, inserted hold, and reattached 1 follow-up mission(s).
2026-05-21T04:38:49.735290Z [ATTACK] [ATTACK][LAH] Generated hold/resume missions -> IMP:800000134.json PATHS:100000051.json/100000052.json (followUps=1)
2026-05-21T04:38:49.737935Z [ATTACK] [PRIOR] Falling back to first mission for aircraft 3 (current waypoint not found in plan).
2026-05-21T04:38:49.773464Z [ATTACK] [ATTACK][LAH] Inferred current waypoint from position -> 50501.
2026-05-21T04:38:49.774242Z [ATTACK] [ATTACK][LAH] Dropped current waypoint from resume path (currentWP=50501, nextWP=50502).
2026-05-21T04:38:50.727681Z [ATTACK] [ATTACK][LAH] Preserved completed prefix, inserted hold, and reattached 1 follow-up mission(s).
2026-05-21T04:38:50.733150Z [ATTACK] [ATTACK][LAH] Generated hold/resume missions -> IMP:800000137.json PATHS:300000052.json/300000053.json (followUps=1)
2026-05-21T04:38:50.735368Z [ATTACK] [NEXTCOLLAB] division planner area-division pieces=2
2026-05-21T04:38:50.735978Z [ATTACK] [NEXTCOLLAB] division planner final workflow=no_split paths=2
2026-05-21T04:38:50.736525Z [ATTACK] [ATTACK][COLLAB] Collaborative replacement IMP written (aircraft=4, imp=800000135.json, missions=1).
2026-05-21T04:38:50.737032Z [ATTACK] [ATTACK][COLLAB] Collaborative replacement IMP written (aircraft=6, imp=800000136.json, missions=1).
2026-05-21T04:38:50.737531Z [ATTACK] [ATTACK][COLLAB] First sweep searchSpeed boosted (aircraft=4, pathID=400000082, waypointID=300764, factor=1.30, old=297.69, new=386.99).
2026-05-21T04:38:50.738048Z [ATTACK] [ATTACK][COLLAB] First sweep searchSpeed boosted (aircraft=6, pathID=600000069, waypointID=300776, factor=1.30, old=522.60, new=679.38).
2026-05-21T04:38:50.738537Z [ATTACK] [ATTACK][COLLAB] Collaborative remaining mission replanned (inputMissionID=4, unavailable=[5], remaining=[4, 6], workflow=no_split).
2026-05-21T04:38:50.748991Z [ATTACK] [ATTACK][UAV] Tracking target altitude kept for sensor only; flight altitude replaced 658m -> 1910m.
2026-05-21T04:38:50.983291Z [ATTACK] [ATTACK][UAV] Source path has a single waypoint; preserving it as done and skipping done/resume split.
2026-05-21T04:38:51.384395Z [ATTACK] [ATTACK][COLLAB] Tracking UAV resume replaced with release transit (aircraft=5, targetFinishEta=61, speed=58.0m/s).
2026-05-21T04:38:51.386349Z [ATTACK] [ATTACK][UAV] Preserved completed prefix, inserted tracking, and reattached 1 follow-up mission(s).
2026-05-21T04:38:51.445492Z [ATTACK] [ATTACK][UAV] Generated tracking/resume missions -> IMP:800000138.json PATHS:500000089.json/500000090.json (followUps=1)
2026-05-21T04:38:51.455225Z [ATTACK] [ATTACK][UAV] Tracking assignment state saved (aircraft=5, sourcePlan=700000029, attackPlan=700000030).
2026-05-21T04:38:51.456163Z [ATTACK] [ATTACK][COLLAB] Aircraft 4 handled by collaborative remaining replan (inputMissionID=4).
2026-05-21T04:38:51.456963Z [ATTACK] [ATTACK][COLLAB] Aircraft 6 handled by collaborative remaining replan (inputMissionID=4).
2026-05-21T04:38:51.468894Z [ATTACK] [ATTACK][PLAN] carried area remaining snapshot -> mission_area_snapshot_700000030.json (sourcePlanID=700000029, planID=700000030)
2026-05-21T04:38:51.469499Z [ATTACK] [ATTACK][PLAN] MissionPlan saved -> 700000030.json (planID=700000030)
2026-05-21T04:38:51.470625Z [ATTACK] [ATTACK][TIME] override_detail={"phases": {"metadata_normalize": {"elapsedMs": 0.008, "attackTargetCount": 1, "selectedMannedCount": 1}, "agent_index": {"elapsedMs": 0.165, "aircraftCount": 6}, "weapon_choice": {"elapsedMs": 7.009, "selectedWeaponType": 3, "ammoAvailable": true}, "initial_tracking_eta": {"elapsedMs": 1.059, "useDetectionTracking": true, "trackingEtaS": 110}, "resolve_source_plan": {"elapsedMs": 3.992, "sourcePlanID": 700000029}, "source_plan_load": {"elapsedMs": 0.603, "sourcePlanID": 700000029, "aircraftCount": 6}, "sweep_progress_load": {"elapsedMs": 1.223, "entries": 54}, "plan_id_resolve": {"elapsedMs": 0.028, "requested": true, "missionPlanID": 700000030}, "source_artifact_cache_build": {"elapsedMs": 0.013, "aircraftEntries": 6}, "done_input_ids_load": {"elapsedMs": 1.575, "count": 2}, "plan_deepcopy": {"elapsedMs": 0.104}, "target_uav_assignment": {"elapsedMs": 0.916, "assignedTargetCount": 1, "usedTrackingUavCount": 1}, "manned_sequence_assignment": {"elapsedMs": 4.498, "aircraftCount": 1, "error": null}, "attack_coordinate_resolution": {"elapsedMs": 3.489, "resolvedCount": 1, "mannedSequenceCount": 1}, "remaining_eta": {"elapsedMs": 8.855, "allUavCount": 3, "trackingUavCount": 1, "computedEtaCount": 1, "adjustedEtaS": 0}, "descriptor_list_build": {"elapsedMs": 0.043, "descriptorCount": 6, "activeMannedCount": 1, "otherLahCount": 2, "otherUavCount": 2}, "collab_tracking_scan": {"elapsedMs": 2.951, "inputCount": 1, "unavailableUavCount": 1}, "collab_agent_state_map": {"elapsedMs": 12.774, "aircraftCount": 6}, "collab_parallel_started": {"elapsedMs": 0.838, "inputCount": 1, "workers": 1}, "collab_parallel_join": {"elapsedMs": 3.803, "waitReason": "UAV_TRACK", "inputCount": 1}, "descriptor_loop": {"elapsedMs": 6894.63, "descriptorCount": 6, "updateCount": 4}, "final_collab_plan_update": {"elapsedMs": 0.012, "collabInputCount": 1}, "mission_plan_write": {"elapsedMs": 11.897, "missionPlanID": 700000030}, "option_meta_build": {"elapsedMs": 0.044, "targetCount": 1, "collabInputCount": 1}}, "collabRuns": [{"inputMissionID": 4, "unavailableAircraftIDs": [5], "elapsedMs": 3771.081, "status": "ok", "replacementAircraftIDs": [4, 6], "generatedPathCount": 2, "finishEtaS": 61, "workflow": "no_split"}], "descriptorDetails": [{"aircraftID": 2, "label": "manned", "mode": "LAH_ATTACK", "resolveArtifacts": {"elapsedMs": 1.003, "currentWaypointID": null, "sourcePathID": 200000034, "sourceImpID": 800000077}, "loadArtifacts": {"elapsedMs": 0.006, "impLoaded": true, "fpLoaded": true}, "cloneAndLocateMission": {"elapsedMs": 0.116, "missionCount": 2, "targetIndex": 0}, "allocateAndPlanUpdate": {"elapsedMs": 12.475, "newImpID": 800000131}, "builder": {"elapsedMs": 3413.809, "builderMode": "LAH_ATTACK"}, "builderDetail": {"allocate_ids": {"elapsedMs": 1117.136, "attackPathID": 200000052, "resumePathID": 200000053, "attackIndividualID": 900000329, "resumeIndividualID": 900000330, "entryWaypointID": 300756, "attackWaypointID": 300758}, "split_lah_resume": {"elapsedMs": 1001.39, "resumeWaypointCount": 1, "removedWaypointID": 50497}, "clone_followups": {"elapsedMs": 631.454, "followUpMissionCount": 1, "followUpPathCount": 1}, "payload_build": {"elapsedMs": 654.205, "hasResume": true, "followUpMissionCount": 1, "attackSpeedMps": 73.61}, "write_json": {"elapsedMs": 3.948, "fileCount": 4}, "totalMs": 3411.526}, "status": "ok", "elapsedMs": 3427.57}, {"aircraftID": 1, "label": "lah_hold_1", "mode": "LAH_HOLD_RESUME", "resolveArtifacts": {"elapsedMs": 0.693, "currentWaypointID": null, "sourcePathID": 100000033, "sourceImpID": 800000076}, "loadArtifacts": {"elapsedMs": 0.005, "impLoaded": true, "fpLoaded": true}, "cloneAndLocateMission": {"elapsedMs": 0.116, "missionCount": 2, "targetIndex": 0}, "allocateAndPlanUpdate": {"elapsedMs": 245.08, "newImpID": 800000134}, "builder": {"elapsedMs": 1501.121, "builderMode": "LAH_HOLD_RESUME"}, "builderDetail": {"allocate_ids": {"elapsedMs": 65.877, "holdPathID": 100000051, "resumePathID": 100000052, "holdIndividualID": 900000337, "resumeIndividualID": 900000338}, "split_lah_resume": {"elapsedMs": 804.511, "resumeWaypointCount": 1, "removedWaypointID": 50493}, "clone_followups": {"elapsedMs": 429.965, "followUpMissionCount": 1, "followUpPathCount": 1}, "payload_build": {"elapsedMs": 618.801, "hasResume": true, "followUpMissionCount": 1}, "write_json": {"elapsedMs": 7.475, "fileCount": 4}, "totalMs": 1501.072}, "status": "ok", "elapsedMs": 1747.139}, {"aircraftID": 3, "label": "lah_hold_3", "mode": "LAH_HOLD_RESUME", "resolveArtifacts": {"elapsedMs": 0.675, "currentWaypointID": null, "sourcePathID": 300000033, "sourceImpID": 800000078}, "loadArtifacts": {"elapsedMs": 0.006, "impLoaded": true, "fpLoaded": true}, "cloneAndLocateMission": {"elapsedMs": 0.116, "missionCount": 2, "targetIndex": 0}, "allocateAndPlanUpdate": {"elapsedMs": 8.006, "newImpID": 800000137}, "builder": {"elapsedMs": 988.464, "builderMode": "LAH_HOLD_RESUME"}, "builderDetail": {"allocate_ids": {"elapsedMs": 24.579, "holdPathID": 300000052, "resumePathID": 300000053, "holdIndividualID": 900000341, "resumeIndividualID": 900000342}, "split_lah_resume": {"elapsedMs": 582.138, "resumeWaypointCount": 1, "removedWaypointID": 50501}, "clone_followups": {"elapsedMs": 199.895, "followUpMissionCount": 1, "followUpPathCount": 1}, "payload_build": {"elapsedMs": 374.023, "hasResume": true, "followUpMissionCount": 1}, "write_json": {"elapsedMs": 4.158, "fileCount": 4}, "totalMs": 988.425}, "status": "ok", "elapsedMs": 997.391}, {"aircraftID": 5, "label": "uav_tracking_5", "mode": "UAV_TRACK", "resolveArtifacts": {"elapsedMs": 0.02, "currentWaypointID": 300717, "sourcePathID": 500000079, "sourceImpID": 800000123}, "loadArtifacts": {"elapsedMs": 0.003, "impLoaded": true, "fpLoaded": true}, "cloneAndLocateMission": {"elapsedMs": 0.124, "missionCount": 2, "targetIndex": 0}, "allocateAndPlanUpdate": {"elapsedMs": 9.466, "newImpID": 800000138}, "builder": {"elapsedMs": 697.452, "builderMode": "UAV_TRACK"}, "builderDetail": {"allocate_ids": {"elapsedMs": 227.217, "donePathID": 500000088, "attackPathID": 500000089, "resumePathID": 500000090, "trackingIndividualID": 900000344, "resumeIndividualID": 900000345, "targetWaypointID": 300793}, "split_done_resume": {"elapsedMs": 1.268, "sourceSinglePoint": true, "doneWaypointCount": 1, "resumeWaypointCount": 0, "removedWaypointID": 300717}, "clone_followups": {"elapsedMs": 227.597, "followUpMissionCount": 1, "followUpPathCount": 1}, "release_resume": {"elapsedMs": 172.198, "releaseWaypointCount": 2, "targetFinishEtaS": 61}, "write_json": {"elapsedMs": 56.772, "fileCount": 5}, "totalMs": 691.022}, "trackingState": {"elapsedMs": 8.825}, "status": "ok", "elapsedMs": 716.65}, {"aircraftID": 4, "label": "uav_resume_4", "mode": "UAV_RESUME", "resolveArtifacts": {"elapsedMs": 0.026, "currentWaypointID": 300708, "sourcePathID": 400000073, "sourceImpID": 800000121}, "loadArtifacts": {"elapsedMs": 0.004, "impLoaded": true, "fpLoaded": true}, "cloneAndLocateMission": {"elapsedMs": 0.177, "missionCount": 2, "targetIndex": 0}, "status": "handled_by_collab", "elapsedMs": 0.788}, {"aircraftID": 6, "label": "uav_resume_6", "mode": "UAV_RESUME", "resolveArtifacts": {"elapsedMs": 0.017, "currentWaypointID": 300727, "sourcePathID": 600000063, "sourceImpID": 800000124}, "loadArtifacts": {"elapsedMs": 0.003, "impLoaded": true, "fpLoaded": true}, "cloneAndLocateMission": {"elapsedMs": 0.164, "missionCount": 2, "targetIndex": 0}, "status": "handled_by_collab", "elapsedMs": 0.728}], "totalMs": 6947}
2026-05-21T04:38:51.471214Z [ATTACK] [ATTACK][TIME] override_total=6947ms
2026-05-21T04:38:51.471870Z [ATTACK] [TIME] apply_attack_plan_overrides=6963ms
2026-05-21T04:38:51.480990Z [ATTACK] [TIME] timingMs={"read_source": 14.066, "descriptor_build": 5.992, "write_artifacts": 6976.54, "delivery_wait": 8.501}
2026-05-21T04:38:51.481619Z [ATTACK] [TIME] total=7006ms
2026-05-21T04:38:51.488364Z [ATTACK] 분석 로그 저장: C:\Users\TRL98\Desktop\LAH_MUMT\Logs\Scenario_2026-05-21T132543\SBC3\DSS_Internal\log_attack_algorithm_20260521T043851_482409.json
2026-05-21T04:38:51.498211Z [ATTACK] mark target used: targetIDs=89
2026-05-21T04:38:51.528594Z [ATTACK-EXCLUDE] ATTACK-EXCLUDE using requested missionPlanID 700000031 (sourcePlanID=700000029)
2026-05-21T04:38:51.529506Z [ATTACK-EXCLUDE] [PRIOR][UAV] Resume sweep trim applied (cutPoints=10, rawCutPoints=10, doneSweepPoints=0, pathID=400000073).
2026-05-21T04:38:51.530177Z [ATTACK-EXCLUDE] [PRIOR][UAV] Resume searchSpeed scaled (factor=1.30, waypoints=1).
2026-05-21T04:38:51.530827Z [ATTACK-EXCLUDE] [PRIOR][UAV] Generated done/resume mission -> aircraft=4 IMP:800000130.json PATHS:400000080.json
2026-05-21T04:38:51.532810Z [ATTACK-EXCLUDE] [PRIOR][UAV] Resume sweep trim applied (cutPoints=5, rawCutPoints=5, doneSweepPoints=0, pathID=500000079).
2026-05-21T04:38:51.533707Z [ATTACK-EXCLUDE] [PRIOR][UAV] Resume searchSpeed scaled (factor=1.30, waypoints=1).
2026-05-21T04:38:51.534558Z [ATTACK-EXCLUDE] [PRIOR][UAV] Generated done/resume mission -> aircraft=5 IMP:800000132.json PATHS:500000086.json
2026-05-21T04:38:51.535409Z [ATTACK-EXCLUDE] [PRIOR][UAV] Resume sweep trim applied (cutPoints=9, rawCutPoints=9, doneSweepPoints=0, pathID=600000063).
2026-05-21T04:38:51.536274Z [ATTACK-EXCLUDE] [PRIOR][UAV] Resume searchSpeed scaled (factor=1.30, waypoints=1).
2026-05-21T04:38:51.537108Z [ATTACK-EXCLUDE] [PRIOR][UAV] Generated done/resume mission -> aircraft=6 IMP:800000133.json PATHS:600000071.json
2026-05-21T04:38:51.538159Z [ATTACK-EXCLUDE] 공격 배제 MissionPlan 저장 -> 700000031.json (planID=700000031)
2026-05-21T04:38:51.539018Z [ATTACK-EXCLUDE] ATTACK-EXCLUDE carried area remaining snapshot -> mission_area_snapshot_700000031.json (sourcePlanID=700000029, planID=700000031)
2026-05-21T04:38:51.976993Z [ATTACK] 공격 임무 계획 완료 (planIds=700000030)
2026-05-21T04:38:51.978850Z [INFO] UAV params loaded (cruise=40.00, turn_step=15.0)
2026-05-21T04:38:51.979456Z [INFO] Latest input snapshot → 0201:ID=2,ts=832653415542,src=-, 0203:ID=1,ts=832652848760,src=-
2026-05-21T04:38:51.980035Z [STEP 0] Using latest 0201 ID 2 (2.json)
2026-05-21T04:38:51.980559Z [STEP 0] Using latest 0203 ID 1 (1.json)
2026-05-21T04:38:51.981081Z [CHECK] 0201/0203 필수 데이터 확인 시작
2026-05-21T04:38:51.981631Z [OK] 0201 inputMissionList 확인됨 (count=4) → 진행
2026-05-21T04:38:51.982170Z [OK] 0201 availableAircraftList 확인됨 (count=6) → 진행
2026-05-21T04:38:51.982733Z [OK] 0201 inputMissionPackageType=1 확인
2026-05-21T04:38:51.983310Z [OK] 0201 mainSensor=1 확인
2026-05-21T04:38:51.983820Z [CHECK] 0201 기체 수=6 (UAV=3, LAH=3)
2026-05-21T04:38:51.984375Z [CHECK] 0201 임무: total=4 missingID=0 missingDetail=0 missingShape=0 unknownType=0 typeZeroAuto=0 typeZeroInvalid=0 lineOnlyViolation=0 skippedSinglePoint=0
2026-05-21T04:38:51.985041Z [OK] 0203 takeOverInfoList 확인됨 (count=3) → 진행
2026-05-21T04:38:51.985693Z [OK] 0203 handOverInfoList 확인됨 (count=3) → 진행
2026-05-21T04:38:51.986317Z [OK] 0203 flightAreaList 확인됨 (count=1) → 진행
2026-05-21T04:38:51.986936Z [CHECK] 0203 flightAreaList count=1
2026-05-21T04:38:51.988534Z [INFO] 임무 진행영역 스냅샷 적용: sourcePlan=700000029, updated=2, done=0
2026-05-21T04:38:51.989096Z [INFO] 임무 진행영역 재계획 collapse 적용: groups=2, normalized=3, 4
2026-05-21T04:38:51.989688Z [INFO] Filtered completed input missions (removed=1, 2, converted=-, widthAdjusted=-, skippedSinglePoint=-, snapshot=updated=2, done=0, collapse=groups=2, normalized=3,4)
2026-05-21T04:38:51.990219Z [REPLAN][TIME] variant_started_ms=7065.2 wall_ms=1779338331528 variant=1 option=3 mode=attack_exclusion
2026-05-21T04:38:51.990739Z [variant 1] 공격 배제 병렬 결과 병합
2026-05-21T04:38:51.991253Z [REPLAN][TIME] attack_exclusion_parallel_joined_ms=7076.7 wall_ms=1779338331539 variant=1 duration_ms=4883.856 wait_ms=0.012
2026-05-21T04:38:51.991762Z [OK] 공격 배제 variant 저장: MissionPlanID=700000031 (elapsed=4883.9 ms)
2026-05-21T04:38:51.992273Z [INFO] Option mapping #1: planID=700000031, optionCode=3(공격배제)
2026-05-21T04:38:51.992792Z [REPLAN][TIME] variant_finished_ms=7076.9 wall_ms=1779338331539 variant=1 option=3 mode=attack_exclusion status=success duration_ms=4883.856
2026-05-21T04:38:51.993441Z [OK] Stored mission data: MissionPlan=1, IndividualMission=0, FlightPath=0
2026-05-21T04:38:51.994017Z [REPLAN][TIME] id_tab_update_deferred_ms=7078.7 wall_ms=1779338331541
2026-05-21T04:38:51.994534Z [REPLAN][TIME] pipeline_done_ms=7078.8 wall_ms=1779338331541 plans=2 force_direct=False
2026-05-21T04:38:51.995064Z [REPLAN][TIME] 0301_queued_ms=7078.8 wall_ms=1779338331541 plans=2
2026-05-21T04:38:51.995485Z [STEP 4] 0301 push queued (planIds=700000030, 700000031)
2026-05-21T04:38:51.997281Z [0402] delivery suppressed before 0301: Target 정보 변경으로 인한 재계획 중단
2026-05-21T04:38:51.998742Z [0001] notice sent: Target 정보 변경으로 인한 재계획 중단
2026-05-21T04:38:51.999939Z [REPLAN][METRIC] source_artifact_cache entries=21 hits=39 misses=21
2026-05-21T04:38:52.759483Z [REPLAN][TIME] 0902_received_ms=0.3 wall_ms=1779338332759 trigger=attack_2_option replanLevel=2 optionCount=2 forceDirect=0
2026-05-21T04:38:52.760659Z [REPLAN][TIME] 0902_archived_ms=1.5 wall_ms=1779338332760 path=replan_request_832653525503.json
2026-05-21T04:38:52.761270Z [AUTO] 0902 received (planIds=700000032, 700000033)
2026-05-21T04:38:52.761965Z [REPLAN][TIME] pipeline_scheduled_ms=2.8 wall_ms=1779338332761 delay_ms=0
2026-05-21T04:38:52.763008Z [REPLAN][TIME] scheduled_start_ms=3.9 wall_ms=1779338332762
2026-05-21T04:38:52.765208Z [REPLAN][TIME] 0305_status_1_ms=6.0 wall_ms=1779338332765 reason=표적90 등 2개 발견
2026-05-21T04:38:52.765755Z [0305] status=1, reason=표적90 등 2개 발견 전송
2026-05-21T04:38:52.773193Z [INFO] Using latest 0203 ID 1 for missionReferencePackageID (fallback)
2026-05-21T04:38:52.773989Z [STEP 0] Replan pipeline start (reason=표적90 등 2개 발견)
2026-05-21T04:38:52.774655Z [REPLAN][TIME] attack_exclusion_parallel_started_ms=11.9 wall_ms=1779338332770 option_index=2 sourcePlanID=700000029
2026-05-21T04:38:52.775470Z [ATTACK-EXCLUDE] parallel generation started (sourcePlanID=700000029, optionIndex=2)
2026-05-21T04:38:52.777272Z [ATTACK] 공격 특화 재계획 요청 감지 → 전용 파이프라인 실행
2026-05-21T04:38:52.785099Z [ATTACK] [TIME] select_manned_aircraft=12ms
2026-05-21T04:38:52.785700Z [ATTACK] STEP1 Selected manned aircraft: aircraft 3 (fuel=1200.0, coord=(37.837074279785156, 128.22418212890625, alt=1201))
2026-05-21T04:38:52.787252Z [ATTACK] [TIME] load_target_entries=1ms
2026-05-21T04:38:52.787966Z [ATTACK] STEP2 UAV tracking summary: watcher 5?’target 89, watcher 6?’target 90, watcher 4?’target unknown-10, watcher 4?’target unknown-13, watcher 4?’target unknown-17, watcher 4?’target unknown-2, watcher 4?’target unknown-22, watcher 4?’target unknown-27, watcher 5?’target unknown-12, watcher 5?’target unknown-15, watcher 5?’target unknown-16, watcher 5?’target unknown-18, watcher 5?’target unknown-19, watcher 5?’target unknown-20, watcher 5?’target unknown-28, watcher 5?’target unknown-3, watcher 5?’target unknown-4, watcher 5?’target unknown-6, watcher 5?’target unknown-7, watcher 5?’target unknown-8, watcher 5?’target unknown-9, watcher 6?’target unknown-1, watcher 6?’target unknown-11, watcher 6?’target unknown-21, watcher 6?’target unknown-23, watcher 6?’target unknown-25, watcher 6?’target unknown-29, watcher 6?’target unknown-5, watcher 4?’target 77, watcher 6?’target 78, watcher 5?’target 79, watcher 5?’target 80, watcher 4?’target 81, watcher 5?’target 82, watcher 5?’target 83, watcher 5?’target 84, watcher 4?’target 85, watcher 4?’target 86, watcher 5?’target 87, watcher 6?’target 88
2026-05-21T04:38:52.788534Z [ATTACK] STEP2.5 Using bundled 0402 targets: target=90 watcher=6, target=89 watcher=5
2026-05-21T04:38:52.792671Z [ATTACK] STEP2.6 Multi-target manned selection: 2, 3
2026-05-21T04:38:52.795941Z [ATTACK] [ATTACK] Selected target id=90 type=1 weaponType=2 (preferred=2, ammo={'type1': 500, 'type2': 7, 'type3': 2})
2026-05-21T04:38:52.804137Z [ATTACK] [TIME] compute_attack_point=8ms
2026-05-21T04:38:52.804878Z [ATTACK] STEP3 Attack plan completed: lat=37.892447, lon=128.206321, alt=1029m
2026-05-21T04:38:52.805870Z [ATTACK] [ATTACK] Using remembered waypoint 300727 for watcher 6 while auto-tracking.
2026-05-21T04:38:52.813299Z [ATTACK] [ATTACK] Weapon choice aircraft=2 preferred=2 selected=2 ammo={'type1': 500, 'type2': 7, 'type3': 2}
2026-05-21T04:38:52.814318Z [ATTACK] [ATTACK][ETA] Tracking ETA computed with LAH max attack speed (dist=4633.7m, speed=73.61m/s, +30s) -> 93s
2026-05-21T04:38:52.820605Z [ATTACK] [ATTACK] Using requested missionPlanID 700000032 (sourcePlanID=700000029)
2026-05-21T04:38:52.852511Z [ATTACK] [ATTACK][POINT] Primary target adaptive standoff mode=candidate_within_standoff currentDist=6633.745812986837m candidateDist=1999.9999999997294m standoff=300.0/2000.0m.
2026-05-21T04:38:52.862306Z [ATTACK] [ATTACK][ETA] UAV 4 remaining mission time: 0.0s
2026-05-21T04:38:52.862953Z [ATTACK] [ATTACK][ETA] Non-tracking UAV ETA selected: UAV 4 with 0s remaining
2026-05-21T04:38:52.863685Z [ATTACK] [ATTACK][ETA] All tracking ETAs unified to 0s
2026-05-21T04:38:52.884571Z [ATTACK] [ATTACK][COLLAB] Remaining UAV entry lookahead applied: 9.0s (pathFollow=3, linearFallback=3, currentOnly=0)
2026-05-21T04:38:52.886533Z [ATTACK] [PRIOR] Falling back to first mission for aircraft 2 (current waypoint not found in plan).
2026-05-21T04:38:54.089321Z [ATTACK] [ATTACK][LAH] Using max attack speed 73.61m/s (265.0km/h) for aircraft 2.
2026-05-21T04:38:54.090025Z [ATTACK] [ATTACK][LAH] Inferred current waypoint from position -> 50497.
2026-05-21T04:38:54.090740Z [ATTACK] [ATTACK][LAH] Dropped current waypoint from resume path (currentWP=50497, nextWP=50498).
2026-05-21T04:38:56.000576Z [ATTACK] [ATTACK][LAH] Preserved completed prefix, inserted attack, and reattached 1 follow-up mission(s).
2026-05-21T04:38:56.007526Z [ATTACK] [ATTACK][LAH] Generated attack/resume missions -> IMP:800000140.json PATHS:200000055.json/200000056.json (followUps=1)
2026-05-21T04:38:56.008599Z [ATTACK] [PRIOR] Falling back to first mission for aircraft 3 (current waypoint not found in plan).
2026-05-21T04:38:56.667587Z [ATTACK] [ATTACK][LAH] Using max attack speed 73.61m/s (265.0km/h) for aircraft 3.
2026-05-21T04:38:56.670456Z [ATTACK] [ATTACK][LAH] Inferred current waypoint from position -> 50501.
2026-05-21T04:38:56.671108Z [ATTACK] [ATTACK][LAH] Dropped current waypoint from resume path (currentWP=50501, nextWP=50502).
2026-05-21T04:38:57.851413Z [ATTACK] [ATTACK][LAH] Preserved completed prefix, inserted attack, and reattached 1 follow-up mission(s).
2026-05-21T04:38:57.857635Z [ATTACK] [ATTACK][LAH] Generated attack/resume missions -> IMP:800000144.json PATHS:300000055.json/300000056.json (followUps=1)
2026-05-21T04:38:57.858568Z [ATTACK] [PRIOR] Falling back to first mission for aircraft 1 (current waypoint not found in plan).
2026-05-21T04:38:57.888045Z [ATTACK] [ATTACK][LAH] Inferred current waypoint from position -> 50493.
2026-05-21T04:38:57.888780Z [ATTACK] [ATTACK][LAH] Dropped current waypoint from resume path (currentWP=50493, nextWP=50494).
2026-05-21T04:38:58.913509Z [ATTACK] [ATTACK][LAH] Preserved completed prefix, inserted hold, and reattached 1 follow-up mission(s).
2026-05-21T04:38:58.919310Z [ATTACK] [ATTACK][LAH] Generated hold/resume missions -> IMP:800000145.json PATHS:100000054.json/100000055.json (followUps=1)
2026-05-21T04:38:58.921022Z [ATTACK] [NEXTCOLLAB] division planner area-division pieces=1
2026-05-21T04:38:58.921602Z [ATTACK] [NEXTCOLLAB] division planner final workflow=no_split paths=1
2026-05-21T04:38:58.922115Z [ATTACK] [ATTACK][COLLAB] Collaborative replacement IMP written (aircraft=4, imp=800000142.json, missions=1).
2026-05-21T04:38:58.923151Z [ATTACK] [ATTACK][COLLAB] First sweep searchSpeed boosted (aircraft=4, pathID=400000086, waypointID=300809, factor=1.30, old=738.77, refBase=754.14, refDist=2111.3m, new=980.38).
2026-05-21T04:38:58.923773Z [ATTACK] [ATTACK][COLLAB] Collaborative remaining mission replanned (inputMissionID=4, unavailable=[5, 6], remaining=[4], workflow=no_split).
2026-05-21T04:38:59.167078Z [ATTACK] [ATTACK][UAV] Source path has a single waypoint; preserving it as done and skipping done/resume split.
2026-05-21T04:38:59.611582Z [ATTACK] [ATTACK][COLLAB] Tracking UAV resume replaced with release transit (aircraft=6, targetFinishEta=55, speed=58.0m/s).
2026-05-21T04:38:59.613316Z [ATTACK] [ATTACK][UAV] Preserved completed prefix, inserted tracking, and reattached 1 follow-up mission(s).
2026-05-21T04:38:59.671630Z [ATTACK] [ATTACK][UAV] Generated tracking/resume missions -> IMP:800000146.json PATHS:600000077.json/600000078.json (followUps=1)
2026-05-21T04:38:59.680635Z [ATTACK] [ATTACK][UAV] Tracking assignment state saved (aircraft=6, sourcePlan=700000029, attackPlan=700000032).
2026-05-21T04:38:59.689222Z [ATTACK] [ATTACK][UAV] Tracking target altitude kept for sensor only; flight altitude replaced 658m -> 1910m.
2026-05-21T04:38:59.899162Z [ATTACK] [ATTACK][UAV] Source path has a single waypoint; preserving it as done and skipping done/resume split.
2026-05-21T04:39:00.299930Z [ATTACK] [ATTACK][COLLAB] Tracking UAV resume replaced with release transit (aircraft=5, targetFinishEta=55, speed=58.0m/s).
2026-05-21T04:39:00.302036Z [ATTACK] [ATTACK][UAV] Preserved completed prefix, inserted tracking, and reattached 1 follow-up mission(s).
2026-05-21T04:39:00.351096Z [ATTACK] [ATTACK][UAV] Generated tracking/resume missions -> IMP:800000147.json PATHS:500000096.json/500000097.json (followUps=1)
2026-05-21T04:39:00.362817Z [ATTACK] [ATTACK][UAV] Tracking assignment state saved (aircraft=5, sourcePlan=700000029, attackPlan=700000032).
2026-05-21T04:39:00.365286Z [ATTACK] [ATTACK][COLLAB] Aircraft 4 handled by collaborative remaining replan (inputMissionID=4).
2026-05-21T04:39:00.379142Z [ATTACK] [ATTACK][PLAN] carried area remaining snapshot -> mission_area_snapshot_700000032.json (sourcePlanID=700000029, planID=700000032)
2026-05-21T04:39:00.379788Z [ATTACK] [ATTACK][PLAN] MissionPlan saved -> 700000032.json (planID=700000032)
2026-05-21T04:39:00.380935Z [ATTACK] [ATTACK][TIME] override_detail={"phases": {"metadata_normalize": {"elapsedMs": 0.006, "attackTargetCount": 2, "selectedMannedCount": 2}, "agent_index": {"elapsedMs": 0.112, "aircraftCount": 6}, "weapon_choice": {"elapsedMs": 6.755, "selectedWeaponType": 2, "ammoAvailable": true}, "initial_tracking_eta": {"elapsedMs": 0.894, "useDetectionTracking": true, "trackingEtaS": 93}, "resolve_source_plan": {"elapsedMs": 3.805, "sourcePlanID": 700000029}, "source_plan_load": {"elapsedMs": 0.676, "sourcePlanID": 700000029, "aircraftCount": 6}, "sweep_progress_load": {"elapsedMs": 0.764, "entries": 54}, "plan_id_resolve": {"elapsedMs": 0.028, "requested": true, "missionPlanID": 700000032}, "source_artifact_cache_build": {"elapsedMs": 0.015, "aircraftEntries": 6}, "done_input_ids_load": {"elapsedMs": 1.061, "count": 2}, "plan_deepcopy": {"elapsedMs": 0.051}, "target_uav_assignment": {"elapsedMs": 6.06, "assignedTargetCount": 2, "usedTrackingUavCount": 2}, "manned_sequence_assignment": {"elapsedMs": 21.61, "aircraftCount": 2, "error": null}, "attack_coordinate_resolution": {"elapsedMs": 9.887, "resolvedCount": 2, "mannedSequenceCount": 2}, "remaining_eta": {"elapsedMs": 3.623, "allUavCount": 3, "trackingUavCount": 2, "computedEtaCount": 2, "adjustedEtaS": 0}, "descriptor_list_build": {"elapsedMs": 0.035, "descriptorCount": 6, "activeMannedCount": 2, "otherLahCount": 1, "otherUavCount": 1}, "collab_tracking_scan": {"elapsedMs": 11.011, "inputCount": 1, "unavailableUavCount": 2}, "collab_agent_state_map": {"elapsedMs": 9.964, "aircraftCount": 6}, "collab_parallel_started": {"elapsedMs": 0.73, "inputCount": 1, "workers": 1}, "collab_parallel_join": {"elapsedMs": 3.431, "waitReason": "UAV_TRACK", "inputCount": 1}, "descriptor_loop": {"elapsedMs": 7481.048, "descriptorCount": 6, "updateCount": 5}, "final_collab_plan_update": {"elapsedMs": 0.013, "collabInputCount": 1}, "mission_plan_write": {"elapsedMs": 12.569, "missionPlanID": 700000032}, "option_meta_build": {"elapsedMs": 0.058, "targetCount": 2, "collabInputCount": 1}}, "collabRuns": [{"inputMissionID": 4, "unavailableAircraftIDs": [5, 6], "elapsedMs": 2095.709, "status": "ok", "replacementAircraftIDs": [4], "generatedPathCount": 1, "finishEtaS": 55, "workflow": "no_split"}], "descriptorDetails": [{"aircraftID": 2, "label": "manned", "mode": "LAH_ATTACK", "resolveArtifacts": {"elapsedMs": 0.99, "currentWaypointID": null, "sourcePathID": 200000034, "sourceImpID": 800000077}, "loadArtifacts": {"elapsedMs": 0.006, "impLoaded": true, "fpLoaded": true}, "cloneAndLocateMission": {"elapsedMs": 0.142, "missionCount": 2, "targetIndex": 0}, "allocateAndPlanUpdate": {"elapsedMs": 441.861, "newImpID": 800000140}, "builder": {"elapsedMs": 2679.025, "builderMode": "LAH_ATTACK"}, "builderDetail": {"allocate_ids": {"elapsedMs": 757.636, "attackPathID": 200000055, "resumePathID": 200000056, "attackIndividualID": 900000350, "resumeIndividualID": 900000351, "entryWaypointID": 300803, "attackWaypointID": 300804}, "split_lah_resume": {"elapsedMs": 1061.875, "resumeWaypointCount": 1, "removedWaypointID": 50497}, "clone_followups": {"elapsedMs": 659.002, "followUpMissionCount": 1, "followUpPathCount": 1}, "payload_build": {"elapsedMs": 189.408, "hasResume": true, "followUpMissionCount": 1, "attackSpeedMps": 73.61}, "write_json": {"elapsedMs": 4.937, "fileCount": 4}, "totalMs": 2676.783}, "status": "ok", "elapsedMs": 3122.185}, {"aircraftID": 3, "label": "manned", "mode": "LAH_ATTACK", "resolveArtifacts": {"elapsedMs": 0.852, "currentWaypointID": null, "sourcePathID": 300000033, "sourceImpID": 800000078}, "loadArtifacts": {"elapsedMs": 0.006, "impLoaded": true, "fpLoaded": true}, "cloneAndLocateMission": {"elapsedMs": 0.145, "missionCount": 2, "targetIndex": 0}, "allocateAndPlanUpdate": {"elapsedMs": 15.974, "newImpID": 800000144}, "builder": {"elapsedMs": 1832.819, "builderMode": "LAH_ATTACK"}, "builderDetail": {"allocate_ids": {"elapsedMs": 640.184, "attackPathID": 300000055, "resumePathID": 300000056, "attackIndividualID": 900000357, "resumeIndividualID": 900000358, "entryWaypointID": 300819, "attackWaypointID": 300823}, "split_lah_resume": {"elapsedMs": 749.002, "resumeWaypointCount": 1, "removedWaypointID": 50501}, "clone_followups": {"elapsedMs": 221.046, "followUpMissionCount": 1, "followUpPathCount": 1}, "payload_build": {"elapsedMs": 212.725, "hasResume": true, "followUpMissionCount": 1, "attackSpeedMps": 73.61}, "write_json": {"elapsedMs": 4.602, "fileCount": 4}, "totalMs": 1831.108}, "status": "ok", "elapsedMs": 1849.952}, {"aircraftID": 1, "label": "lah_hold_1", "mode": "LAH_HOLD_RESUME", "resolveArtifacts": {"elapsedMs": 0.696, "currentWaypointID": null, "sourcePathID": 100000033, "sourceImpID": 800000076}, "loadArtifacts": {"elapsedMs": 0.005, "impLoaded": true, "fpLoaded": true}, "cloneAndLocateMission": {"elapsedMs": 0.127, "missionCount": 2, "targetIndex": 0}, "allocateAndPlanUpdate": {"elapsedMs": 6.585, "newImpID": 800000145}, "builder": {"elapsedMs": 1054.871, "builderMode": "LAH_HOLD_RESUME"}, "builderDetail": {"allocate_ids": {"elapsedMs": 19.156, "holdPathID": 100000054, "resumePathID": 100000055, "holdIndividualID": 900000360, "resumeIndividualID": 900000361}, "split_lah_resume": {"elapsedMs": 618.816, "resumeWaypointCount": 1, "removedWaypointID": 50493}, "clone_followups": {"elapsedMs": 218.108, "followUpMissionCount": 1, "followUpPathCount": 1}, "payload_build": {"elapsedMs": 409.282, "hasResume": true, "followUpMissionCount": 1}, "write_json": {"elapsedMs": 4.414, "fileCount": 4}, "totalMs": 1054.835}, "status": "ok", "elapsedMs": 1062.414}, {"aircraftID": 6, "label": "uav_tracking_6", "mode": "UAV_TRACK", "resolveArtifacts": {"elapsedMs": 0.026, "currentWaypointID": 300727, "sourcePathID": 600000063, "sourceImpID": 800000124}, "loadArtifacts": {"elapsedMs": 0.005, "impLoaded": true, "fpLoaded": true}, "cloneAndLocateMission": {"elapsedMs": 0.204, "missionCount": 2, "targetIndex": 0}, "allocateAndPlanUpdate": {"elapsedMs": 7.434, "newImpID": 800000146}, "builder": {"elapsedMs": 740.124, "builderMode": "UAV_TRACK"}, "builderDetail": {"allocate_ids": {"elapsedMs": 231.119, "donePathID": 600000076, "attackPathID": 600000077, "resumePathID": 600000078, "trackingIndividualID": 900000363, "resumeIndividualID": 900000364, "targetWaypointID": 300837}, "split_done_resume": {"elapsedMs": 1.098, "sourceSinglePoint": true, "doneWaypointCount": 1, "resumeWaypointCount": 0, "removedWaypointID": 300727}, "clone_followups": {"elapsedMs": 238.622, "followUpMissionCount": 1, "followUpPathCount": 1}, "release_resume": {"elapsedMs": 204.986, "releaseWaypointCount": 2, "targetFinishEtaS": 55}, "write_json": {"elapsedMs": 56.233, "fileCount": 5}, "totalMs": 736.95}, "trackingState": {"elapsedMs": 8.155}, "status": "ok", "elapsedMs": 756.896}, {"aircraftID": 5, "label": "uav_tracking_5", "mode": "UAV_TRACK", "resolveArtifacts": {"elapsedMs": 0.031, "currentWaypointID": 300717, "sourcePathID": 500000079, "sourceImpID": 800000123}, "loadArtifacts": {"elapsedMs": 0.005, "impLoaded": true, "fpLoaded": true}, "cloneAndLocateMission": {"elapsedMs": 0.227, "missionCount": 2, "targetIndex": 0}, "allocateAndPlanUpdate": {"elapsedMs": 7.229, "newImpID": 800000147}, "builder": {"elapsedMs": 662.767, "builderMode": "UAV_TRACK"}, "builderDetail": {"allocate_ids": {"elapsedMs": 205.871, "donePathID": 500000095, "attackPathID": 500000096, "resumePathID": 500000097, "trackingIndividualID": 900000366, "resumeIndividualID": 900000367, "targetWaypointID": 300843}, "split_done_resume": {"elapsedMs": 0.938, "sourceSinglePoint": true, "doneWaypointCount": 1, "resumeWaypointCount": 0, "removedWaypointID": 300717}, "clone_followups": {"elapsedMs": 199.783, "followUpMissionCount": 1, "followUpPathCount": 1}, "release_resume": {"elapsedMs": 200.404, "releaseWaypointCount": 2, "targetFinishEtaS": 55}, "write_json": {"elapsedMs": 47.103, "fileCount": 5}, "totalMs": 658.988}, "trackingState": {"elapsedMs": 10.849}, "status": "ok", "elapsedMs": 682.08}, {"aircraftID": 4, "label": "uav_resume_4", "mode": "UAV_RESUME", "resolveArtifacts": {"elapsedMs": 0.031, "currentWaypointID": 300708, "sourcePathID": 400000073, "sourceImpID": 800000121}, "loadArtifacts": {"elapsedMs": 0.005, "impLoaded": true, "fpLoaded": true}, "cloneAndLocateMission": {"elapsedMs": 0.224, "missionCount": 2, "targetIndex": 0}, "status": "handled_by_collab", "elapsedMs": 3.366}], "totalMs": 7561}
2026-05-21T04:39:00.381479Z [ATTACK] [ATTACK][TIME] override_total=7561ms
2026-05-21T04:39:00.382161Z [ATTACK] [TIME] apply_attack_plan_overrides=7577ms
2026-05-21T04:39:00.386365Z [ATTACK] [TIME] timingMs={"read_source": 14.934, "descriptor_build": 8.21, "write_artifacts": 7586.82, "delivery_wait": 3.537}
2026-05-21T04:39:00.387114Z [ATTACK] [TIME] total=7614ms
2026-05-21T04:39:00.393973Z [ATTACK] 분석 로그 저장: C:\Users\TRL98\Desktop\LAH_MUMT\Logs\Scenario_2026-05-21T132543\SBC3\DSS_Internal\log_attack_algorithm_20260521T043900_387972.json
2026-05-21T04:39:00.395895Z [ATTACK] mark target used: targetIDs=90, 89
2026-05-21T04:39:00.425158Z [ATTACK-EXCLUDE] ATTACK-EXCLUDE using requested missionPlanID 700000033 (sourcePlanID=700000029)
2026-05-21T04:39:00.425766Z [ATTACK-EXCLUDE] [PRIOR][UAV] Resume sweep trim applied (cutPoints=22, rawCutPoints=22, doneSweepPoints=0, pathID=400000073).
2026-05-21T04:39:00.426246Z [ATTACK-EXCLUDE] [PRIOR][UAV] Resume searchSpeed scaled (factor=1.30, waypoints=1).
2026-05-21T04:39:00.426669Z [ATTACK-EXCLUDE] [PRIOR][UAV] Generated done/resume mission -> aircraft=4 IMP:800000139.json PATHS:400000084.json
2026-05-21T04:39:00.427264Z [ATTACK-EXCLUDE] [PRIOR][UAV] Resume sweep trim applied (cutPoints=5, rawCutPoints=5, doneSweepPoints=0, pathID=500000079).
2026-05-21T04:39:00.427793Z [ATTACK-EXCLUDE] [PRIOR][UAV] Resume searchSpeed scaled (factor=1.30, waypoints=1).
2026-05-21T04:39:00.428395Z [ATTACK-EXCLUDE] [PRIOR][UAV] Generated done/resume mission -> aircraft=5 IMP:800000141.json PATHS:500000093.json
2026-05-21T04:39:00.429132Z [ATTACK-EXCLUDE] [PRIOR][UAV] Resume sweep trim applied (cutPoints=9, rawCutPoints=9, doneSweepPoints=0, pathID=600000063).
2026-05-21T04:39:00.429736Z [ATTACK-EXCLUDE] [PRIOR][UAV] Resume searchSpeed scaled (factor=1.30, waypoints=1).
2026-05-21T04:39:00.430315Z [ATTACK-EXCLUDE] [PRIOR][UAV] Generated done/resume mission -> aircraft=6 IMP:800000143.json PATHS:600000074.json
2026-05-21T04:39:00.430889Z [ATTACK-EXCLUDE] 공격 배제 MissionPlan 저장 -> 700000033.json (planID=700000033)
2026-05-21T04:39:00.431402Z [ATTACK-EXCLUDE] ATTACK-EXCLUDE carried area remaining snapshot -> mission_area_snapshot_700000033.json (sourcePlanID=700000029, planID=700000033)
2026-05-21T04:39:00.826968Z [ATTACK] 공격 임무 계획 완료 (planIds=700000032)
2026-05-21T04:39:00.828505Z [INFO] UAV params loaded (cruise=40.00, turn_step=15.0)
2026-05-21T04:39:00.829093Z [INFO] Latest input snapshot → 0201:ID=2,ts=832653415542,src=-, 0203:ID=1,ts=832652848760,src=-
2026-05-21T04:39:00.829766Z [STEP 0] Using latest 0201 ID 2 (2.json)
2026-05-21T04:39:00.830446Z [STEP 0] Using latest 0203 ID 1 (1.json)
2026-05-21T04:39:00.831054Z [CHECK] 0201/0203 필수 데이터 확인 시작
2026-05-21T04:39:00.831602Z [OK] 0201 inputMissionList 확인됨 (count=4) → 진행
2026-05-21T04:39:00.832141Z [OK] 0201 availableAircraftList 확인됨 (count=6) → 진행
2026-05-21T04:39:00.832696Z [OK] 0201 inputMissionPackageType=1 확인
2026-05-21T04:39:00.833192Z [OK] 0201 mainSensor=1 확인
2026-05-21T04:39:00.833989Z [CHECK] 0201 기체 수=6 (UAV=3, LAH=3)
2026-05-21T04:39:00.834812Z [CHECK] 0201 임무: total=4 missingID=0 missingDetail=0 missingShape=0 unknownType=0 typeZeroAuto=0 typeZeroInvalid=0 lineOnlyViolation=0 skippedSinglePoint=0
2026-05-21T04:39:00.835495Z [OK] 0203 takeOverInfoList 확인됨 (count=3) → 진행
2026-05-21T04:39:00.836301Z [OK] 0203 handOverInfoList 확인됨 (count=3) → 진행
2026-05-21T04:39:00.836994Z [OK] 0203 flightAreaList 확인됨 (count=1) → 진행
2026-05-21T04:39:00.837642Z [CHECK] 0203 flightAreaList count=1
2026-05-21T04:39:00.838282Z [INFO] 임무 진행영역 스냅샷 적용: sourcePlan=700000029, updated=2, done=0
2026-05-21T04:39:00.838905Z [INFO] 임무 진행영역 재계획 collapse 적용: groups=2, normalized=3, 4
2026-05-21T04:39:00.841969Z [INFO] Filtered completed input missions (removed=1, 2, converted=-, widthAdjusted=-, skippedSinglePoint=-, snapshot=updated=2, done=0, collapse=groups=2, normalized=3,4)
2026-05-21T04:39:00.842578Z [REPLAN][TIME] variant_started_ms=7666.0 wall_ms=1779338340424 variant=1 option=3 mode=attack_exclusion
2026-05-21T04:39:00.843195Z [variant 1] 공격 배제 병렬 결과 병합
2026-05-21T04:39:00.843757Z [REPLAN][TIME] attack_exclusion_parallel_joined_ms=7672.9 wall_ms=1779338340431 variant=1 duration_ms=4127.054 wait_ms=0.01
2026-05-21T04:39:00.844309Z [OK] 공격 배제 variant 저장: MissionPlanID=700000033 (elapsed=4127.1 ms)
2026-05-21T04:39:00.844880Z [INFO] Option mapping #1: planID=700000033, optionCode=3(공격배제)
2026-05-21T04:39:00.845503Z [REPLAN][TIME] variant_finished_ms=7673.2 wall_ms=1779338340432 variant=1 option=3 mode=attack_exclusion status=success duration_ms=4127.054
2026-05-21T04:39:00.846060Z [OK] Stored mission data: MissionPlan=1, IndividualMission=0, FlightPath=0
2026-05-21T04:39:00.846594Z [REPLAN][TIME] id_tab_update_deferred_ms=7674.3 wall_ms=1779338340433
2026-05-21T04:39:00.847195Z [REPLAN][TIME] pipeline_done_ms=7674.4 wall_ms=1779338340433 plans=2 force_direct=False
2026-05-21T04:39:00.847795Z [REPLAN][TIME] 0301_queued_ms=7674.4 wall_ms=1779338340433 plans=2
2026-05-21T04:39:00.848335Z [STEP 4] 0301 push queued (planIds=700000032, 700000033)
2026-05-21T04:39:00.850275Z [0301] missionPlanID=700000032 전송
2026-05-21T04:39:00.852223Z [0301] missionPlanID=700000033 전송
2026-05-21T04:39:00.853238Z [PUSH] 0301 direct batch send
2026-05-21T04:39:00.853939Z [REPLAN][TIME] 0301_sent_ms=8094.8 wall_ms=1779338340853 plans=2
2026-05-21T04:39:00.854586Z [REPLAN][TIME] post_0301_delivery_queued_ms=8095.5 wall_ms=1779338340854 grace_ms=0 timeout_ms=20 force_direct=0 mode=option_or_0901
2026-05-21T04:39:00.855157Z [INFO] Post-0301 apply queued (mode=option_or_0901, grace=0ms, timeout=20ms, plans=2)
2026-05-21T04:39:00.857536Z [REPLAN][TIME] 0305_status_2_ms=8098.5 wall_ms=1779338340857 reason=표적90 등 2개 발견
2026-05-21T04:39:00.858265Z [0305] status=2, reason=표적90 등 2개 발견, elapsed=8.09s 전송
2026-05-21T04:39:00.858906Z [REPLAN][TIME] post_0301_completion_ready_ms=8099.8 wall_ms=1779338340858 mode=option_or_0901
2026-05-21T04:39:00.859560Z [REPLAN][METRIC] source_artifact_cache entries=21 hits=39 misses=21
2026-05-21T04:39:00.897763Z [INFO] Post-0301 ready (timeout) -> sending 0901
2026-05-21T04:39:00.898565Z [REPLAN][TIME] post_0301_flushed_ms=8139.4 wall_ms=1779338340898 delivery=0901 trigger=timeout
2026-05-21T04:39:00.901506Z [REPLAN][TIME] 0901_sent_ms=8142.4 wall_ms=1779338340901 options=2
2026-05-21T04:39:00.902266Z [0901] option request sent (count=2, codes=2(공격특화), 3(공격배제))
2026-05-21T04:39:00.902954Z [REPLAN][TIME] id_tab_update_flushed_ms=8143.9 wall_ms=1779338340902
2026-05-21T04:39:51.037377Z [INFO] Latest 0201 ID updated → 3
2026-05-21T04:39:51.625843Z [REPLAN][TIME] 0902_received_ms=0.2 wall_ms=1779338391624 trigger=general_3_option replanLevel=1 optionCount=3 forceDirect=0
2026-05-21T04:39:51.626808Z [REPLAN][TIME] 0902_archived_ms=2.6 wall_ms=1779338391626 path=replan_request_832653591251.json
2026-05-21T04:39:51.627421Z [AUTO] 0902 received (planIds=700000034, 700000035, 700000036)
2026-05-21T04:39:51.628104Z [REPLAN][TIME] pipeline_scheduled_ms=3.9 wall_ms=1779338391627 delay_ms=100
2026-05-21T04:39:51.628827Z [AUTO] replan pipeline scheduled after 0.1s delay
2026-05-21T04:39:51.731691Z [REPLAN][TIME] scheduled_start_ms=107.2 wall_ms=1779338391731
2026-05-21T04:39:51.734301Z [REPLAN][TIME] 0305_status_1_ms=110.0 wall_ms=1779338391734 reason=협업기저임무 재수행 요청
2026-05-21T04:39:51.734963Z [0305] status=1, reason=협업기저임무 재수행 요청 전송
2026-05-21T04:39:51.739080Z [INFO] Using latest 0203 ID 1 for missionReferencePackageID (fallback)
2026-05-21T04:39:51.740301Z [STEP 0] Replan pipeline start (reason=협업기저임무 재수행 요청)
2026-05-21T04:39:51.746300Z [INFO] UAV params loaded (cruise=40.00, turn_step=15.0)
2026-05-21T04:39:51.747893Z [INFO] Latest input snapshot → 0201:ID=3,ts=832653591020,src=-, 0203:ID=1,ts=832652848760,src=-
2026-05-21T04:39:51.748754Z [STEP 0] Using latest 0201 ID 3 (3.json)
2026-05-21T04:39:51.749452Z [STEP 0] Using latest 0203 ID 1 (1.json)
2026-05-21T04:39:51.756302Z [CHECK] 0201/0203 필수 데이터 확인 시작
2026-05-21T04:39:51.757239Z [OK] 0201 inputMissionList 확인됨 (count=5) → 진행
2026-05-21T04:39:51.758265Z [OK] 0201 availableAircraftList 확인됨 (count=6) → 진행
2026-05-21T04:39:51.758991Z [OK] 0201 inputMissionPackageType=1 확인
2026-05-21T04:39:51.760008Z [OK] 0201 mainSensor=1 확인
2026-05-21T04:39:51.761074Z [CHECK] 0201 기체 수=6 (UAV=3, LAH=3)
2026-05-21T04:39:51.761778Z [CHECK] 0201 임무: total=5 missingID=0 missingDetail=0 missingShape=0 unknownType=0 typeZeroAuto=0 typeZeroInvalid=0 lineOnlyViolation=0 skippedSinglePoint=0
2026-05-21T04:39:51.763392Z [OK] 0203 takeOverInfoList 확인됨 (count=3) → 진행
2026-05-21T04:39:51.764326Z [OK] 0203 handOverInfoList 확인됨 (count=3) → 진행
2026-05-21T04:39:51.766018Z [OK] 0203 flightAreaList 확인됨 (count=1) → 진행
2026-05-21T04:39:51.767185Z [CHECK] 0203 flightAreaList count=1
2026-05-21T04:39:51.768012Z [INFO] 임무 진행영역 스냅샷 미적용: sourcePlan=700000033, reason=fresh collabReexecuteInputRefresh trigger
2026-05-21T04:39:51.768769Z [INFO] 현재 임무 collaborative hybrid armed: inputMissionID=5, sourcePlan=700000033, mode=reexecute_first_mission, aircraft=[4, 5, 6], options=all
2026-05-21T04:39:51.769458Z [INFO] Filtered completed input missions (removed=1, 2, 4, converted=-, widthAdjusted=-, skippedSinglePoint=-, snapshot=-, collapse=-)
2026-05-21T04:39:51.770827Z [REPLAN][TIME] parallel_safety_gate_ms=142.1 wall_ms=1779338391766 enabled=True workers=3 waypoint_block_size=50000 reasons=-
2026-05-21T04:39:51.771503Z [INFO] 현재임무 재수행 옵션 병렬 생성 활성화: variant별 hybrid 요청 격리 적용
2026-05-21T04:39:51.772372Z [INFO] 일반 재계획 옵션 병렬 생성 활성화: variants=3, workers=3
2026-05-21T04:39:52.195518Z [INFO] variant 1 waypointID blocks reserved: 0303=300849-350848, 0304=350849-400848
2026-05-21T04:39:52.574255Z [INFO] variant 2 waypointID blocks reserved: 0303=400849-450848, 0304=450849-500848
2026-05-21T04:39:52.979770Z [INFO] variant 3 waypointID blocks reserved: 0303=500849-550848, 0304=550849-600848
2026-05-21T04:39:57.328320Z [REPLAN][TIME] variant_started_ms=1357.8 wall_ms=1779338392981 variant=1 option=6 mode=parallel_core
2026-05-21T04:39:57.331060Z [REPLAN][TIME] variant_core_finished_ms=5702.3 wall_ms=1779338397326 variant=1 option=6 mode=parallel_core status=success duration_ms=4344.449
2026-05-21T04:39:57.332105Z [STEP 1.1] Divide & Pattern start
2026-05-21T04:39:57.333236Z [variant 1] [ENHANCED][1] split start: uavs=[4, 5, 6]
2026-05-21T04:39:57.334584Z [variant 1] [ENHANCED][1] split done: pieces=6
2026-05-21T04:39:57.336948Z [variant 1] [ENHANCED][2] type-decider done: profile=6 changed=6/6
2026-05-21T04:39:57.337900Z [variant 1] [ENHANCED][3] expected-path done: count=6
2026-05-21T04:39:57.338811Z [variant 1] [ENHANCED][4] area-review done: overflow=0 targets=0 pieces=6->6
2026-05-21T04:39:57.339687Z [variant 1] [ENHANCED][5] expected-velocity done: pieces=6 dbRows=7010
2026-05-21T04:39:57.346343Z [variant 1] [ENHANCED][6] 0302 export done: files=6
2026-05-21T04:39:57.367517Z [variant 1] [ENHANCED] total=1206.2 ms
2026-05-21T04:39:57.381282Z [TIME] divide_and_pattern (variant=1): 1206.4 ms
2026-05-21T04:39:57.389863Z [OK] IMP generated: 6 file(s) (variant=1)
2026-05-21T04:39:57.419945Z [TIME] build_0301+load (variant=1): 132.3 ms
2026-05-21T04:39:57.485568Z [OK] MissionPlan built: MissionPlan_1779338394188.json (variant=1)
2026-05-21T04:39:57.500029Z [TIME] collect_missions (variant=1): 84.9 ms, count=12
2026-05-21T04:39:57.500975Z [variant 1] [REEXEC-FIRST] current-position first mission builder armed: sourcePlan=700000033, inputMissionID=5, sourceTemplateInputID=4, aircraft=[4, 5, 6], entries=A4=37.8977069,128.1604747,alt=1996.0, A5=37.8989378,128.1767784,alt=1909.0, A6=37.9035649,128.1941301,alt=1885.0
2026-05-21T04:39:57.501932Z [variant 1] [REEXEC-FIRST] division planner area-division pieces=3
2026-05-21T04:39:57.513109Z [variant 1] [REEXEC-FIRST] division planner final workflow=no_split paths=3
2026-05-21T04:39:57.513993Z [variant 1] current remaining generic 0303 skipped: inputMissionID=5, missions=3, aircraft=[4, 5, 6], pathIDs=[400000001, 500000001, 600000001]
2026-05-21T04:39:57.514775Z [INFO] FlightPath build mode (variant=1): 0303=aircraft_parallel workers=2 aircraft=3, 0304=sequential
2026-05-21T04:39:57.515452Z [REPLAN][METRIC] flightpath_build_0303 variant=1 option=6 recon=0 mode=parallel_core buildMode=aircraft_parallel workers=2 aircraft=3 paths=3 reassignedWaypoints=9 elapsed_ms=224.278 fallback=- worker_ms=4:152.763|5:175.197|6:69.080
2026-05-21T04:39:57.519138Z [INFO] FlightPath build time: 0303=224.3 ms, 0304=5.9 ms
2026-05-21T04:39:57.519886Z [variant 1] current remaining collaborative hybrid applied: inputMissionID=5, aircraft=[4, 5, 6], removedPaths=3, workflow=reexecute_first_mission:no_split
2026-05-21T04:39:57.521122Z [INFO] Applied LAH-UAV ETA follow speed plan (variant=1)
2026-05-21T04:39:57.522285Z [OK] FlightPath counts (variant=1): 0303=6 / 0304=6
2026-05-21T04:39:57.523537Z [REPLAN][METRIC] flightpath_counts variant=1 option=6 recon=0 mode=parallel_core paths0303=6 paths0304=6 pathsTotal=12 waypoints0303=15 waypoints0304=12 waypointsTotal=27 maxWaypointsPerPath=3 emptyPaths=0 formationPaths=0
2026-05-21T04:39:59.682787Z [REPLAN][TIME] variant_started_ms=1359.1 wall_ms=1779338392983 variant=3 option=5 mode=parallel_core
2026-05-21T04:39:59.686332Z [REPLAN][TIME] variant_core_finished_ms=8055.0 wall_ms=1779338399678 variant=3 option=5 mode=parallel_core status=success duration_ms=6695.902
2026-05-21T04:39:59.688071Z [STEP 1.3] Divide & Pattern start
2026-05-21T04:39:59.689285Z [variant 3] [ENHANCED][1] split start: uavs=[4, 5, 6]
2026-05-21T04:39:59.690723Z [variant 3] [ENHANCED][1] split done: pieces=6
2026-05-21T04:39:59.691871Z [variant 3] [ENHANCED][2] type-decider done: profile=6 changed=6/6
2026-05-21T04:39:59.693065Z [variant 3] [ENHANCED][3] expected-path done: count=6
2026-05-21T04:39:59.694083Z [variant 3] [ENHANCED][4] area-review done: overflow=0 targets=0 pieces=6->6
2026-05-21T04:39:59.695115Z [variant 3] [ENHANCED][5] expected-velocity done: pieces=6 dbRows=7010
2026-05-21T04:39:59.696326Z [variant 3] [ENHANCED][6] 0302 export done: files=6
2026-05-21T04:39:59.697536Z [variant 3] [ENHANCED] total=1287.4 ms
2026-05-21T04:39:59.698800Z [TIME] divide_and_pattern (variant=3): 1287.7 ms
2026-05-21T04:39:59.699939Z [OK] IMP generated: 6 file(s) (variant=3)
2026-05-21T04:39:59.701293Z [TIME] build_0301+load (variant=3): 129.7 ms
2026-05-21T04:39:59.702851Z [OK] MissionPlan built: MissionPlan_1779338394270.json (variant=3)
2026-05-21T04:39:59.703942Z [TIME] collect_missions (variant=3): 72.6 ms, count=12
2026-05-21T04:39:59.705264Z [variant 3] [REEXEC-FIRST] current-position first mission builder armed: sourcePlan=700000033, inputMissionID=5, sourceTemplateInputID=4, aircraft=[4, 5, 6], entries=A4=37.8977069,128.1604747,alt=1996.0, A5=37.8989378,128.1767784,alt=1909.0, A6=37.9035649,128.1941301,alt=1885.0
2026-05-21T04:39:59.706384Z [variant 3] [REEXEC-FIRST] division planner area-division pieces=3
2026-05-21T04:39:59.707974Z [variant 3] [REEXEC-FIRST] division planner final workflow=no_split paths=3
2026-05-21T04:39:59.709107Z [variant 3] current remaining generic 0303 skipped: inputMissionID=5, missions=3, aircraft=[4, 5, 6], pathIDs=[400000001, 500000001, 600000001]
2026-05-21T04:39:59.710039Z [INFO] FlightPath build mode (variant=3): 0303=aircraft_parallel workers=2 aircraft=3, 0304=sequential
2026-05-21T04:39:59.711386Z [REPLAN][METRIC] flightpath_build_0303 variant=3 option=5 recon=0 mode=parallel_core buildMode=aircraft_parallel workers=2 aircraft=3 paths=3 reassignedWaypoints=9 elapsed_ms=427.896 fallback=- worker_ms=4:181.899|5:146.017|6:274.203
2026-05-21T04:39:59.712847Z [INFO] FlightPath build time: 0303=427.9 ms, 0304=8.3 ms
2026-05-21T04:39:59.713971Z [variant 3] current remaining collaborative hybrid applied: inputMissionID=5, aircraft=[4, 5, 6], removedPaths=3, workflow=reexecute_first_mission:no_split
2026-05-21T04:39:59.715087Z [INFO] Applied LAH-UAV ETA follow speed plan (variant=3)
2026-05-21T04:39:59.716939Z [OK] FlightPath counts (variant=3): 0303=6 / 0304=6
2026-05-21T04:39:59.717981Z [REPLAN][METRIC] flightpath_counts variant=3 option=5 recon=0 mode=parallel_core paths0303=6 paths0304=6 pathsTotal=12 waypoints0303=15 waypoints0304=12 waypointsTotal=27 maxWaypointsPerPath=3 emptyPaths=0 formationPaths=0
2026-05-21T04:40:02.829065Z [REPLAN][TIME] variant_started_ms=1358.8 wall_ms=1779338392982 variant=2 option=4 mode=parallel_core
2026-05-21T04:40:02.831273Z [REPLAN][TIME] variant_core_finished_ms=11203.6 wall_ms=1779338402827 variant=2 option=4 mode=parallel_core status=success duration_ms=9844.782
2026-05-21T04:40:02.834120Z [STEP 1.2] Divide & Pattern start
2026-05-21T04:40:02.834870Z [variant 2] [ENHANCED][1] split start: uavs=[4, 5, 6]
2026-05-21T04:40:02.835455Z [variant 2] [ENHANCED][1] split done: pieces=6
2026-05-21T04:40:02.836086Z [variant 2] [REPLAN][METRIC] recon_area_review_before option=4 pieces=6 areaPieces=3 maxSegmentM=600.000 maxSplitCountLimit=0 minSegmentM=0.000 fixedFovDeg=2.400 areaFovDeg=2.400 sweepSeparationM=1000.000 sweepSeparationScale=1.000 turnRadiusM=800.000
2026-05-21T04:40:02.836802Z [variant 2] [REPLAN][METRIC] recon_area_review option=4 elapsed_ms=736.794 maxSegmentM=600.000 maxSplitCountLimit=0 minSegmentM=0.000 pieces_before=6 pieces_after=16 area_before=3 area_after=13 targets=3 localized=3 changed_details=3 detail_count=3 split_count_sum=13 raw_split_count_sum=13 max_split_count=5 max_raw_split_count=5 split_capped_count=0 max_projected_span_m=2497.311 max_total_len_m=0.000 max_segment_len_m=538.930 fixedFovDeg=2.400 areaFovDeg=2.400 sweepSeparationM=1000.000 sweepSeparationScale=1.000 turnRadiusM=800.000 reasons=-
2026-05-21T04:40:02.837413Z [variant 2] [ENHANCED][1R] recon-area-review done: targets=3 localized=3 pieces=6->16
2026-05-21T04:40:02.838033Z [variant 2] [ENHANCED][2] type-decider done: profile=6 changed=16/16
2026-05-21T04:40:02.838669Z [variant 2] [ENHANCED][3] expected-path done: count=16
2026-05-21T04:40:02.839371Z [variant 2] [ENHANCED][4] area-review done: overflow=0 targets=0 pieces=16->16
2026-05-21T04:40:02.840286Z [variant 2] [ENHANCED][5] expected-velocity done: pieces=16 dbRows=7010
2026-05-21T04:40:02.841369Z [variant 2] [ENHANCED][6] 0302 export done: files=6
2026-05-21T04:40:02.842126Z [variant 2] [ENHANCED] total=1557.3 ms
2026-05-21T04:40:02.842806Z [TIME] divide_and_pattern (variant=2): 1557.6 ms
2026-05-21T04:40:02.843390Z [OK] IMP generated: 6 file(s) (variant=2)
2026-05-21T04:40:02.843895Z [TIME] build_0301+load (variant=2): 16.9 ms
2026-05-21T04:40:02.844484Z [OK] MissionPlan built: MissionPlan_1779338394540.json (variant=2)
2026-05-21T04:40:02.845223Z [TIME] collect_missions (variant=2): 12.8 ms, count=22
2026-05-21T04:40:02.845850Z [variant 2] [REEXEC-FIRST] current-position first mission builder armed: sourcePlan=700000033, inputMissionID=5, sourceTemplateInputID=4, aircraft=[4, 5, 6], entries=A4=37.8977069,128.1604747,alt=1996.0, A5=37.8989378,128.1767784,alt=1909.0, A6=37.9035649,128.1941301,alt=1885.0
2026-05-21T04:40:02.846571Z [variant 2] [REEXEC-FIRST] division planner area-division pieces=3
2026-05-21T04:40:02.847251Z [variant 2] [REEXEC-FIRST] division planner final workflow=no_split paths=3
2026-05-21T04:40:02.847876Z [variant 2] current remaining generic 0303 skipped: inputMissionID=5, missions=13, aircraft=[4, 5, 6], pathIDs=[400000001, 400000002, 400000003, 400000004, 500000001, 500000002, 500000003, 500000004, 600000001, 600000002, 600000003, 600000004, 600000005]
2026-05-21T04:40:02.848490Z [INFO] FlightPath build mode (variant=2): 0303=aircraft_parallel workers=2 aircraft=3, 0304=sequential
2026-05-21T04:40:02.849104Z [REPLAN][METRIC] flightpath_build_0303 variant=2 option=4 recon=1 mode=parallel_core buildMode=aircraft_parallel workers=2 aircraft=3 paths=3 reassignedWaypoints=9 elapsed_ms=220.723 fallback=- worker_ms=4:155.609|5:127.671|6:89.386
2026-05-21T04:40:02.850236Z [INFO] FlightPath build time: 0303=220.7 ms, 0304=5.2 ms
2026-05-21T04:40:02.851150Z [variant 2] current remaining collaborative hybrid applied: inputMissionID=5, aircraft=[4, 5, 6], removedPaths=13, workflow=reexecute_first_mission:no_split
2026-05-21T04:40:02.851746Z [INFO] Applied LAH-UAV ETA follow speed plan (variant=2)
2026-05-21T04:40:02.852400Z [OK] FlightPath counts (variant=2): 0303=6 / 0304=6
2026-05-21T04:40:02.852982Z [REPLAN][METRIC] flightpath_counts variant=2 option=4 recon=1 mode=parallel_core paths0303=6 paths0304=6 pathsTotal=12 waypoints0303=15 waypoints0304=12 waypointsTotal=27 maxWaypointsPerPath=3 emptyPaths=0 formationPaths=0
2026-05-21T04:40:02.927996Z [TIME] pathID_mapping (variant=1, current_remaining_parallel_store): 96.3 ms
2026-05-21T04:40:02.928962Z [INFO] pathID mapping done after current remaining hybrid merge (variant=1, parallel_store)
2026-05-21T04:40:02.930109Z [INFO] FlightPath pathID enforced (variant=1): 0303=6, 0304=6
2026-05-21T04:40:02.997003Z [TIME] build_0302 (variant=1): 46.7 ms, packages=6
2026-05-21T04:40:02.998531Z [INFO] FlightPath individualMissionID synced (variant=1): fixed=12
2026-05-21T04:40:03.004375Z [TIME] write_0302 (variant=1): 7.4 ms, files=6
2026-05-21T04:40:03.072339Z [TIME] write_FlightPath (variant=1): 56.9 ms, files=12
2026-05-21T04:40:03.073271Z [REPLAN][METRIC] flightpath_write variant=1 option=6 recon=0 mode=parallel_store files0303=6 files0304=6 filesTotal=12 write_ms=56.859
2026-05-21T04:40:03.075736Z [TIME] write_0301 (variant=1): 1.1 ms
2026-05-21T04:40:03.076413Z [OK] Stored variant 1: MissionPlanID=700000034, IMP=6, FlightPath=12
2026-05-21T04:40:03.077097Z [REPLAN][TIME] variant_finished_ms=11451.5 wall_ms=1779338403075 variant=1 option=6 mode=parallel_store status=success duration_ms=4587.662
2026-05-21T04:40:03.077793Z [TIME] variant_total (variant=1): 4587.7 ms
2026-05-21T04:40:03.078415Z [INFO] Option mapping #1: planID=700000034, optionCode=6(정찰/시간 균형)
2026-05-21T04:40:03.167233Z [TIME] pathID_mapping (variant=2, current_remaining_parallel_store): 89.0 ms
2026-05-21T04:40:03.168480Z [INFO] pathID mapping done after current remaining hybrid merge (variant=2, parallel_store)
2026-05-21T04:40:03.169826Z [INFO] FlightPath pathID enforced (variant=2): 0303=6, 0304=6
2026-05-21T04:40:03.234921Z [TIME] build_0302 (variant=2): 46.9 ms, packages=6
2026-05-21T04:40:03.236524Z [INFO] FlightPath individualMissionID synced (variant=2): fixed=12
2026-05-21T04:40:03.243411Z [TIME] write_0302 (variant=2): 8.6 ms, files=6
2026-05-21T04:40:03.318337Z [TIME] write_FlightPath (variant=2): 61.8 ms, files=12
2026-05-21T04:40:03.319285Z [REPLAN][METRIC] flightpath_write variant=2 option=4 recon=1 mode=parallel_store files0303=6 files0304=6 filesTotal=12 write_ms=61.769
2026-05-21T04:40:03.322299Z [TIME] write_0301 (variant=2): 1.3 ms
2026-05-21T04:40:03.322985Z [OK] Stored variant 2: MissionPlanID=700000035, IMP=6, FlightPath=12
2026-05-21T04:40:03.323688Z [REPLAN][TIME] variant_finished_ms=11698.1 wall_ms=1779338403321 variant=2 option=4 mode=parallel_store status=success duration_ms=10087.694
2026-05-21T04:40:03.324485Z [TIME] variant_total (variant=2): 10087.7 ms
2026-05-21T04:40:03.325073Z [INFO] Option mapping #2: planID=700000035, optionCode=4(정찰특화)
2026-05-21T04:40:03.428851Z [TIME] pathID_mapping (variant=3, current_remaining_parallel_store): 103.8 ms
2026-05-21T04:40:03.433629Z [INFO] pathID mapping done after current remaining hybrid merge (variant=3, parallel_store)
2026-05-21T04:40:03.435592Z [INFO] FlightPath pathID enforced (variant=3): 0303=6, 0304=6
2026-05-21T04:40:03.501958Z [TIME] build_0302 (variant=3): 47.5 ms, packages=6
2026-05-21T04:40:03.503417Z [INFO] FlightPath individualMissionID synced (variant=3): fixed=12
2026-05-21T04:40:03.509265Z [TIME] write_0302 (variant=3): 7.2 ms, files=6
2026-05-21T04:40:03.576057Z [TIME] write_FlightPath (variant=3): 53.8 ms, files=12
2026-05-21T04:40:03.577059Z [REPLAN][METRIC] flightpath_write variant=3 option=5 recon=0 mode=parallel_store files0303=6 files0304=6 filesTotal=12 write_ms=53.818
2026-05-21T04:40:03.580285Z [TIME] write_0301 (variant=3): 1.4 ms
2026-05-21T04:40:03.581020Z [OK] Stored variant 3: MissionPlanID=700000036, IMP=6, FlightPath=12
2026-05-21T04:40:03.581764Z [REPLAN][TIME] variant_finished_ms=11956.0 wall_ms=1779338403579 variant=3 option=5 mode=parallel_store status=success duration_ms=6950.064
2026-05-21T04:40:03.582468Z [TIME] variant_total (variant=3): 6950.1 ms
2026-05-21T04:40:03.583127Z [INFO] Option mapping #3: planID=700000036, optionCode=5(최소시간)
2026-05-21T04:40:03.584316Z [OK] Stored mission data: MissionPlan=3, IndividualMission=18, FlightPath=36
2026-05-21T04:40:03.585955Z [REPLAN][TIME] id_tab_update_deferred_ms=11959.8 wall_ms=1779338403583
2026-05-21T04:40:03.586504Z [REPLAN][TIME] pipeline_done_ms=11960.0 wall_ms=1779338403583 plans=3 force_direct=False
2026-05-21T04:40:03.587938Z [REPLAN][TIME] 0301_queued_ms=11960.0 wall_ms=1779338403583 plans=3
2026-05-21T04:40:03.588690Z [STEP 4] 0301 push queued (planIds=700000034, 700000035, 700000036)
2026-05-21T04:40:03.590779Z [0301] missionPlanID=700000034 전송
2026-05-21T04:40:03.594259Z [0301] missionPlanID=700000035 전송
2026-05-21T04:40:03.596098Z [0301] missionPlanID=700000036 전송
2026-05-21T04:40:03.597291Z [PUSH] 0301 direct batch send
2026-05-21T04:40:03.597998Z [REPLAN][TIME] 0301_sent_ms=11973.9 wall_ms=1779338403597 plans=3
2026-05-21T04:40:03.598740Z [REPLAN][TIME] post_0301_delivery_queued_ms=11974.6 wall_ms=1779338403598 grace_ms=0 timeout_ms=20 force_direct=0 mode=option_or_0901
2026-05-21T04:40:03.599395Z [INFO] Post-0301 apply queued (mode=option_or_0901, grace=0ms, timeout=20ms, plans=3)
2026-05-21T04:40:03.602004Z [REPLAN][TIME] 0305_status_2_ms=11977.9 wall_ms=1779338403601 reason=협업기저임무 재수행 요청
2026-05-21T04:40:03.602683Z [0305] status=2, reason=협업기저임무 재수행 요청, elapsed=11.87s 전송
2026-05-21T04:40:03.603323Z [REPLAN][TIME] post_0301_completion_ready_ms=11979.2 wall_ms=1779338403603 mode=option_or_0901
2026-05-21T04:40:03.603871Z [REPLAN][METRIC] source_artifact_cache entries=34 hits=28 misses=34
2026-05-21T04:40:03.627113Z [INFO] Post-0301 ready (timeout) -> sending 0901
2026-05-21T04:40:03.627967Z [REPLAN][TIME] post_0301_flushed_ms=12003.7 wall_ms=1779338403627 delivery=0901 trigger=timeout
2026-05-21T04:40:03.631682Z [REPLAN][TIME] 0901_sent_ms=12007.5 wall_ms=1779338403631 options=3
2026-05-21T04:40:03.632482Z [0901] option request sent (count=3, codes=6(정찰/시간 균형), 4(정찰특화), 5(최소시간))
2026-05-21T04:40:03.633227Z [REPLAN][TIME] id_tab_update_flushed_ms=12009.1 wall_ms=1779338403633
2026-05-21T04:40:40.113180Z [REPLAN][TIME] 0902_received_ms=0.3 wall_ms=1779338440112 trigger=attack_2_option replanLevel=2 optionCount=2 forceDirect=0
2026-05-21T04:40:40.114513Z [REPLAN][TIME] 0902_archived_ms=1.7 wall_ms=1779338440114 path=replan_request_832653638759.json
2026-05-21T04:40:40.115236Z [AUTO] 0902 received (planIds=700000037, 700000038)
2026-05-21T04:40:40.116037Z [REPLAN][TIME] pipeline_scheduled_ms=3.3 wall_ms=1779338440115 delay_ms=0
2026-05-21T04:40:40.117152Z [REPLAN][TIME] scheduled_start_ms=4.4 wall_ms=1779338440116
2026-05-21T04:40:40.119788Z [REPLAN][TIME] 0305_status_1_ms=7.0 wall_ms=1779338440119 reason=표적91 발견 재계획
2026-05-21T04:40:40.120528Z [0305] status=1, reason=표적91 발견 재계획 전송
2026-05-21T04:40:40.125956Z [INFO] Using latest 0203 ID 1 for missionReferencePackageID (fallback)
2026-05-21T04:40:40.127199Z [STEP 0] Replan pipeline start (reason=표적91 발견 재계획)
2026-05-21T04:40:40.128110Z [REPLAN][TIME] attack_exclusion_parallel_started_ms=13.2 wall_ms=1779338440125 option_index=2 sourcePlanID=700000034
2026-05-21T04:40:40.129063Z [ATTACK-EXCLUDE] parallel generation started (sourcePlanID=700000034, optionIndex=2)
2026-05-21T04:40:40.129826Z [ATTACK] 공격 특화 재계획 요청 감지 → 전용 파이프라인 실행
2026-05-21T04:40:40.137826Z [ATTACK] [TIME] select_manned_aircraft=11ms
2026-05-21T04:40:40.138626Z [ATTACK] STEP1 Selected manned aircraft: aircraft 2 (fuel=1200.0, coord=(37.85672378540039, 128.23350524902344, alt=1199))
2026-05-21T04:40:40.145394Z [ATTACK] [TIME] load_target_entries=6ms
2026-05-21T04:40:40.146338Z [ATTACK] STEP2 UAV tracking summary: watcher 5?’target 91, watcher 4?’target unknown-10, watcher 4?’target unknown-13, watcher 4?’target unknown-17, watcher 4?’target unknown-2, watcher 4?’target unknown-22, watcher 4?’target unknown-27, watcher 4?’target unknown-31, watcher 5?’target unknown-12, watcher 5?’target unknown-15, watcher 5?’target unknown-16, watcher 5?’target unknown-18, watcher 5?’target unknown-19, watcher 5?’target unknown-20, watcher 5?’target unknown-28, watcher 5?’target unknown-3, watcher 5?’target unknown-32, watcher 5?’target unknown-4, watcher 5?’target unknown-6, watcher 5?’target unknown-7, watcher 5?’target unknown-8, watcher 5?’target unknown-9, watcher 6?’target unknown-1, watcher 6?’target unknown-11, watcher 6?’target unknown-21, watcher 6?’target unknown-23, watcher 6?’target unknown-25, watcher 6?’target unknown-29, watcher 6?’target unknown-30, watcher 6?’target unknown-5, watcher 4?’target 77, watcher 6?’target 78, watcher 5?’target 79, watcher 5?’target 80, watcher 4?’target 81, watcher 5?’target 82, watcher 5?’target 83, watcher 5?’target 84, watcher 4?’target 85, watcher 4?’target 86, watcher 5?’target 87, watcher 6?’target 88, watcher 5?’target 89, watcher 6?’target 90
2026-05-21T04:40:40.147181Z [ATTACK] STEP2.5 Using bundled 0402 targets: target=91 watcher=5
2026-05-21T04:40:40.151829Z [ATTACK] [ATTACK] Selected target id=91 type=4 weaponType=3 (preferred=3, ammo={'type1': 500, 'type2': 7, 'type3': 2})
2026-05-21T04:40:40.163647Z [ATTACK] [TIME] compute_attack_point=11ms
2026-05-21T04:40:40.165117Z [ATTACK] STEP3 Attack plan completed: lat=37.894022, lon=128.202474, alt=983m
2026-05-21T04:40:40.166180Z [ATTACK] [ATTACK] Using remembered waypoint 600856 for watcher 5 while auto-tracking.
2026-05-21T04:40:40.172671Z [ATTACK] [ATTACK] Weapon choice aircraft=2 preferred=3 selected=3 ammo={'type1': 500, 'type2': 7, 'type3': 2}
2026-05-21T04:40:40.173400Z [ATTACK] [ATTACK][ETA] Tracking ETA computed with LAH max attack speed (dist=4961.8m, speed=73.61m/s, +30s) -> 97s
2026-05-21T04:40:40.179827Z [ATTACK] [ATTACK] Using requested missionPlanID 700000037 (sourcePlanID=700000034)
2026-05-21T04:40:40.191480Z [ATTACK] [ATTACK][POINT] Primary target adaptive standoff mode=candidate_within_standoff currentDist=6961.751961597453m candidateDist=1999.9999999991023m standoff=300.0/2000.0m.
2026-05-21T04:40:40.195635Z [ATTACK] [ATTACK][ETA] UAV 4 remaining mission time: 0.0s
2026-05-21T04:40:40.202786Z [ATTACK] [ATTACK][ETA] UAV 6 remaining mission time: 54.0s
2026-05-21T04:40:40.203899Z [ATTACK] [ATTACK][ETA] Non-tracking UAV ETA selected: UAV 6 with 54s remaining
2026-05-21T04:40:40.204599Z [ATTACK] [ATTACK][ETA] All tracking ETAs unified to 54s
2026-05-21T04:40:40.217140Z [ATTACK] [ATTACK][COLLAB] Remaining UAV entry lookahead applied: 9.0s (pathFollow=3, linearFallback=3, currentOnly=0)
2026-05-21T04:40:40.218953Z [ATTACK] [PRIOR] Falling back to first mission for aircraft 2 (current waypoint not found in plan).
2026-05-21T04:40:42.380871Z [ATTACK] [ATTACK][LAH] Using max attack speed 73.61m/s (265.0km/h) for aircraft 2.
2026-05-21T04:40:42.381661Z [ATTACK] [ATTACK][LAH] Inferred current waypoint from position -> 350853.
2026-05-21T04:40:42.382376Z [ATTACK] [ATTACK][LAH] Dropped current waypoint from resume path (currentWP=350853, nextWP=350854).
2026-05-21T04:40:45.064159Z [ATTACK] [ATTACK][LAH] Preserved completed prefix, inserted attack, and reattached 1 follow-up mission(s).
2026-05-21T04:40:45.070979Z [ATTACK] [ATTACK][LAH] Generated attack/resume missions -> IMP:800000167.json PATHS:200000064.json/200000065.json (followUps=1)
2026-05-21T04:40:45.072014Z [ATTACK] [PRIOR] Falling back to first mission for aircraft 1 (current waypoint not found in plan).
2026-05-21T04:40:46.037447Z [ATTACK] [ATTACK][LAH] Inferred current waypoint from position -> 350849.
2026-05-21T04:40:46.038866Z [ATTACK] [ATTACK][LAH] Dropped current waypoint from resume path (currentWP=350849, nextWP=350850).
2026-05-21T04:40:47.956856Z [ATTACK] [ATTACK][LAH] Preserved completed prefix, inserted hold, and reattached 1 follow-up mission(s).
2026-05-21T04:40:47.963134Z [ATTACK] [ATTACK][LAH] Generated hold/resume missions -> IMP:800000169.json PATHS:100000063.json/100000064.json (followUps=1)
2026-05-21T04:40:47.965872Z [ATTACK] [PRIOR] Falling back to first mission for aircraft 3 (current waypoint not found in plan).
2026-05-21T04:40:48.260095Z [ATTACK] [ATTACK][LAH] Inferred current waypoint from position -> 350857.
2026-05-21T04:40:48.260887Z [ATTACK] [ATTACK][LAH] Dropped current waypoint from resume path (currentWP=350857, nextWP=350858).
2026-05-21T04:40:49.559730Z [ATTACK] [ATTACK][LAH] Preserved completed prefix, inserted hold, and reattached 1 follow-up mission(s).
2026-05-21T04:40:49.566242Z [ATTACK] [ATTACK][LAH] Generated hold/resume missions -> IMP:800000173.json PATHS:300000064.json/300000065.json (followUps=1)
2026-05-21T04:40:49.568886Z [ATTACK] [NEXTCOLLAB] division planner area-division pieces=2
2026-05-21T04:40:49.569739Z [ATTACK] [NEXTCOLLAB] division planner final workflow=no_split paths=2
2026-05-21T04:40:49.570523Z [ATTACK] [ATTACK][COLLAB] Collaborative replacement IMP written (aircraft=4, imp=800000171.json, missions=1).
2026-05-21T04:40:49.571246Z [ATTACK] [ATTACK][COLLAB] Collaborative replacement IMP written (aircraft=6, imp=800000172.json, missions=1).
2026-05-21T04:40:49.571904Z [ATTACK] [ATTACK][COLLAB] First sweep searchSpeed boosted (aircraft=4, pathID=400000099, waypointID=600899, factor=1.30, old=833.07, new=1082.99).
2026-05-21T04:40:49.572569Z [ATTACK] [ATTACK][COLLAB] First sweep searchSpeed boosted (aircraft=6, pathID=600000089, waypointID=600915, factor=1.30, old=2181.54, new=2836.00).
2026-05-21T04:40:49.573205Z [ATTACK] [ATTACK][COLLAB] Collaborative remaining mission replanned (inputMissionID=5, unavailable=[5], remaining=[4, 6], workflow=no_split).
2026-05-21T04:40:49.581741Z [ATTACK] [ATTACK][UAV] Tracking target altitude kept for sensor only; flight altitude replaced 683m -> 1946m.
2026-05-21T04:40:49.853525Z [ATTACK] [ATTACK][UAV] Resume trimmed by currentWP (lastRemovedWP=600855).
2026-05-21T04:40:50.106957Z [ATTACK] [ATTACK][UAV] Added replan anchor waypoint to done path (anchorWP=600933).
2026-05-21T04:40:50.107645Z [ATTACK] [ATTACK][UAV] Resume sweep trim applied (cutPoints=37, rawCutPoints=37, doneSweepPoints=0, pathID=500000102).
2026-05-21T04:40:50.378801Z [ATTACK] [ATTACK][UAV] Resume searchSpeed scaled (factor=1.30, waypoints=1).
2026-05-21T04:40:51.151909Z [ATTACK] [ATTACK][COLLAB] Tracking UAV resume replaced with release transit (aircraft=5, targetFinishEta=83, speed=58.0m/s).
2026-05-21T04:40:51.154115Z [ATTACK] [ATTACK][UAV] Preserved completed prefix, inserted tracking, and reattached 1 follow-up mission(s).
2026-05-21T04:40:51.205560Z [ATTACK] [ATTACK][UAV] Generated tracking/resume missions -> IMP:800000174.json PATHS:500000112.json/500000113.json (followUps=1)
2026-05-21T04:40:51.215625Z [ATTACK] [ATTACK][UAV] Tracking assignment state saved (aircraft=5, sourcePlan=700000034, attackPlan=700000037).
2026-05-21T04:40:51.216706Z [ATTACK] [ATTACK][COLLAB] Aircraft 4 handled by collaborative remaining replan (inputMissionID=5).
2026-05-21T04:40:51.217691Z [ATTACK] [ATTACK][COLLAB] Aircraft 6 handled by collaborative remaining replan (inputMissionID=5).
2026-05-21T04:40:51.233485Z [ATTACK] [ATTACK][PLAN] carried area remaining snapshot -> mission_area_snapshot_700000037.json (sourcePlanID=700000034, planID=700000037)
2026-05-21T04:40:51.234204Z [ATTACK] [ATTACK][PLAN] MissionPlan saved -> 700000037.json (planID=700000037)
2026-05-21T04:40:51.235570Z [ATTACK] [ATTACK][TIME] override_detail={"phases": {"metadata_normalize": {"elapsedMs": 0.008, "attackTargetCount": 1, "selectedMannedCount": 1}, "agent_index": {"elapsedMs": 0.087, "aircraftCount": 6}, "weapon_choice": {"elapsedMs": 5.48, "selectedWeaponType": 3, "ammoAvailable": true}, "initial_tracking_eta": {"elapsedMs": 0.71, "useDetectionTracking": true, "trackingEtaS": 97}, "resolve_source_plan": {"elapsedMs": 3.65, "sourcePlanID": 700000034}, "source_plan_load": {"elapsedMs": 0.717, "sourcePlanID": 700000034, "aircraftCount": 6}, "sweep_progress_load": {"elapsedMs": 1.193, "entries": 66}, "plan_id_resolve": {"elapsedMs": 0.034, "requested": true, "missionPlanID": 700000037}, "source_artifact_cache_build": {"elapsedMs": 0.025, "aircraftEntries": 6}, "done_input_ids_load": {"elapsedMs": 1.826, "count": 3}, "plan_deepcopy": {"elapsedMs": 0.095}, "target_uav_assignment": {"elapsedMs": 0.773, "assignedTargetCount": 1, "usedTrackingUavCount": 1}, "manned_sequence_assignment": {"elapsedMs": 4.927, "aircraftCount": 1, "error": null}, "attack_coordinate_resolution": {"elapsedMs": 3.907, "resolvedCount": 1, "mannedSequenceCount": 1}, "remaining_eta": {"elapsedMs": 12.324, "allUavCount": 3, "trackingUavCount": 1, "computedEtaCount": 1, "adjustedEtaS": 54}, "descriptor_list_build": {"elapsedMs": 0.046, "descriptorCount": 6, "activeMannedCount": 1, "otherLahCount": 2, "otherUavCount": 2}, "collab_tracking_scan": {"elapsedMs": 2.891, "inputCount": 1, "unavailableUavCount": 1}, "collab_agent_state_map": {"elapsedMs": 9.714, "aircraftCount": 6}, "collab_parallel_started": {"elapsedMs": 0.709, "inputCount": 1, "workers": 1}, "collab_parallel_join": {"elapsedMs": 5.127, "waitReason": "UAV_TRACK", "inputCount": 1}, "descriptor_loop": {"elapsedMs": 10999.657, "descriptorCount": 6, "updateCount": 4}, "final_collab_plan_update": {"elapsedMs": 0.014, "collabInputCount": 1}, "mission_plan_write": {"elapsedMs": 15.746, "missionPlanID": 700000037}, "option_meta_build": {"elapsedMs": 0.07, "targetCount": 1, "collabInputCount": 1}}, "collabRuns": [{"inputMissionID": 5, "unavailableAircraftIDs": [5], "elapsedMs": 6953.582, "status": "ok", "replacementAircraftIDs": [4, 6], "generatedPathCount": 2, "finishEtaS": 83, "workflow": "no_split"}], "descriptorDetails": [{"aircraftID": 2, "label": "manned", "mode": "LAH_ATTACK", "resolveArtifacts": {"elapsedMs": 1.19, "currentWaypointID": null, "sourcePathID": 200000058, "sourceImpID": 800000149}, "loadArtifacts": {"elapsedMs": 0.009, "impLoaded": true, "fpLoaded": true}, "cloneAndLocateMission": {"elapsedMs": 0.138, "missionCount": 2, "targetIndex": 0}, "allocateAndPlanUpdate": {"elapsedMs": 34.763, "newImpID": 800000167}, "builder": {"elapsedMs": 4816.718, "builderMode": "LAH_ATTACK"}, "builderDetail": {"allocate_ids": {"elapsedMs": 2122.868, "attackPathID": 200000064, "resumePathID": 200000065, "attackIndividualID": 900000416, "resumeIndividualID": 900000417, "entryWaypointID": 600891, "attackWaypointID": 600893}, "split_lah_resume": {"elapsedMs": 1369.922, "resumeWaypointCount": 1, "removedWaypointID": 350853}, "clone_followups": {"elapsedMs": 794.538, "followUpMissionCount": 1, "followUpPathCount": 1}, "payload_build": {"elapsedMs": 517.725, "hasResume": true, "followUpMissionCount": 1, "attackSpeedMps": 73.61}, "write_json": {"elapsedMs": 4.816, "fileCount": 4}, "totalMs": 4813.954}, "status": "ok", "elapsedMs": 4852.973}, {"aircraftID": 1, "label": "lah_hold_1", "mode": "LAH_HOLD_RESUME", "resolveArtifacts": {"elapsedMs": 0.836, "currentWaypointID": null, "sourcePathID": 100000057, "sourceImpID": 800000148}, "loadArtifacts": {"elapsedMs": 0.006, "impLoaded": true, "fpLoaded": true}, "cloneAndLocateMission": {"elapsedMs": 0.09, "missionCount": 2, "targetIndex": 0}, "allocateAndPlanUpdate": {"elapsedMs": 573.062, "newImpID": 800000169}, "builder": {"elapsedMs": 2319.668, "builderMode": "LAH_HOLD_RESUME"}, "builderDetail": {"allocate_ids": {"elapsedMs": 375.06, "holdPathID": 100000063, "resumePathID": 100000064, "holdIndividualID": 900000423, "resumeIndividualID": 900000424}, "split_lah_resume": {"elapsedMs": 1094.542, "resumeWaypointCount": 1, "removedWaypointID": 350849}, "clone_followups": {"elapsedMs": 342.043, "followUpMissionCount": 1, "followUpPathCount": 1}, "payload_build": {"elapsedMs": 841.09, "hasResume": true, "followUpMissionCount": 1}, "write_json": {"elapsedMs": 4.321, "fileCount": 4}, "totalMs": 2319.618}, "status": "ok", "elapsedMs": 2893.808}, {"aircraftID": 3, "label": "lah_hold_3", "mode": "LAH_HOLD_RESUME", "resolveArtifacts": {"elapsedMs": 0.86, "currentWaypointID": null, "sourcePathID": 300000058, "sourceImpID": 800000150}, "loadArtifacts": {"elapsedMs": 0.007, "impLoaded": true, "fpLoaded": true}, "cloneAndLocateMission": {"elapsedMs": 0.145, "missionCount": 2, "targetIndex": 0}, "allocateAndPlanUpdate": {"elapsedMs": 265.098, "newImpID": 800000173}, "builder": {"elapsedMs": 1336.577, "builderMode": "LAH_HOLD_RESUME"}, "builderDetail": {"allocate_ids": {"elapsedMs": 27.848, "holdPathID": 300000064, "resumePathID": 300000065, "holdIndividualID": 900000428, "resumeIndividualID": 900000429}, "split_lah_resume": {"elapsedMs": 776.037, "resumeWaypointCount": 1, "removedWaypointID": 350857}, "clone_followups": {"elapsedMs": 261.84, "followUpMissionCount": 1, "followUpPathCount": 1}, "payload_build": {"elapsedMs": 523.518, "hasResume": true, "followUpMissionCount": 1}, "write_json": {"elapsedMs": 4.74, "fileCount": 4}, "totalMs": 1336.514}, "status": "ok", "elapsedMs": 1602.88}, {"aircraftID": 5, "label": "uav_tracking_5", "mode": "UAV_TRACK", "resolveArtifacts": {"elapsedMs": 0.029, "currentWaypointID": 600856, "sourcePathID": 500000102, "sourceImpID": 800000152}, "loadArtifacts": {"elapsedMs": 0.004, "impLoaded": true, "fpLoaded": true}, "cloneAndLocateMission": {"elapsedMs": 0.13, "missionCount": 2, "targetIndex": 0}, "allocateAndPlanUpdate": {"elapsedMs": 7.399, "newImpID": 800000174}, "builder": {"elapsedMs": 1624.84, "builderMode": "UAV_TRACK"}, "builderDetail": {"allocate_ids": {"elapsedMs": 267.825, "donePathID": 500000111, "attackPathID": 500000112, "resumePathID": 500000113, "trackingIndividualID": 900000431, "resumeIndividualID": 900000432, "targetWaypointID": 600932}, "split_done_resume": {"elapsedMs": 772.0, "sourceSinglePoint": false, "doneWaypointCount": 2, "resumeWaypointCount": 1, "removedWaypointID": 600855}, "clone_followups": {"elapsedMs": 277.099, "followUpMissionCount": 1, "followUpPathCount": 1}, "release_resume": {"elapsedMs": 248.818, "releaseWaypointCount": 2, "targetFinishEtaS": 83}, "write_json": {"elapsedMs": 49.568, "fileCount": 5}, "totalMs": 1621.69}, "trackingState": {"elapsedMs": 9.151}, "status": "ok", "elapsedMs": 1642.366}, {"aircraftID": 4, "label": "uav_resume_4", "mode": "UAV_RESUME", "resolveArtifacts": {"elapsedMs": 0.03, "currentWaypointID": 600852, "sourcePathID": 400000090, "sourceImpID": 800000151}, "loadArtifacts": {"elapsedMs": 0.005, "impLoaded": true, "fpLoaded": true}, "cloneAndLocateMission": {"elapsedMs": 0.188, "missionCount": 2, "targetIndex": 0}, "status": "handled_by_collab", "elapsedMs": 0.948}, {"aircraftID": 6, "label": "uav_resume_6", "mode": "UAV_RESUME", "resolveArtifacts": {"elapsedMs": 0.019, "currentWaypointID": 600859, "sourcePathID": 600000083, "sourceImpID": 800000153}, "loadArtifacts": {"elapsedMs": 0.003, "impLoaded": true, "fpLoaded": true}, "cloneAndLocateMission": {"elapsedMs": 0.182, "missionCount": 2, "targetIndex": 0}, "status": "handled_by_collab", "elapsedMs": 0.873}], "totalMs": 11057}
2026-05-21T04:40:51.236278Z [ATTACK] [ATTACK][TIME] override_total=11057ms
2026-05-21T04:40:51.237088Z [ATTACK] [TIME] apply_attack_plan_overrides=11071ms
2026-05-21T04:40:51.245586Z [ATTACK] [TIME] timingMs={"read_source": 20.036, "descriptor_build": 5.541, "write_artifacts": 11085.961, "delivery_wait": 7.824}
2026-05-21T04:40:51.246324Z [ATTACK] [TIME] total=11120ms
2026-05-21T04:40:51.252298Z [ATTACK] 분석 로그 저장: C:\Users\TRL98\Desktop\LAH_MUMT\Logs\Scenario_2026-05-21T132543\SBC3\DSS_Internal\log_attack_algorithm_20260521T044051_247087.json
2026-05-21T04:40:51.264700Z [ATTACK] mark target used: targetIDs=91
2026-05-21T04:40:51.284879Z [ATTACK-EXCLUDE] ATTACK-EXCLUDE using requested missionPlanID 700000038 (sourcePlanID=700000034)
2026-05-21T04:40:51.285587Z [ATTACK-EXCLUDE] [PRIOR][UAV] Resume trimmed by currentWP (lastRemovedWP=600851).
2026-05-21T04:40:51.286243Z [ATTACK-EXCLUDE] [PRIOR][UAV] Added replan anchor waypoint to done path (anchorWP=600888).
2026-05-21T04:40:51.286883Z [ATTACK-EXCLUDE] [PRIOR][UAV] Resume sweep trim applied (cutPoints=51, rawCutPoints=51, doneSweepPoints=0, pathID=400000090).
2026-05-21T04:40:51.287497Z [ATTACK-EXCLUDE] [PRIOR][UAV] Resume searchSpeed scaled (factor=1.30, waypoints=1).
2026-05-21T04:40:51.288222Z [ATTACK-EXCLUDE] [PRIOR][UAV] Generated done/resume mission -> aircraft=4 IMP:800000166.json PATHS:400000096.json/400000097.json
2026-05-21T04:40:51.288892Z [ATTACK-EXCLUDE] [PRIOR][UAV] Resume trimmed by currentWP (lastRemovedWP=600855).
2026-05-21T04:40:51.289521Z [ATTACK-EXCLUDE] [PRIOR][UAV] Added replan anchor waypoint to done path (anchorWP=600906).
2026-05-21T04:40:51.290098Z [ATTACK-EXCLUDE] [PRIOR][UAV] Resume sweep trim applied (cutPoints=37, rawCutPoints=37, doneSweepPoints=0, pathID=500000102).
2026-05-21T04:40:51.290713Z [ATTACK-EXCLUDE] [PRIOR][UAV] Resume searchSpeed scaled (factor=1.30, waypoints=1).
2026-05-21T04:40:51.291279Z [ATTACK-EXCLUDE] [PRIOR][UAV] Generated done/resume mission -> aircraft=5 IMP:800000168.json PATHS:500000108.json/500000109.json
2026-05-21T04:40:51.291784Z [ATTACK-EXCLUDE] [PRIOR][UAV] Resume sweep trim applied (cutPoints=12, rawCutPoints=12, doneSweepPoints=0, pathID=600000083).
2026-05-21T04:40:51.292225Z [ATTACK-EXCLUDE] [PRIOR][UAV] Resume searchSpeed scaled (factor=1.30, waypoints=1).
2026-05-21T04:40:51.292844Z [ATTACK-EXCLUDE] [PRIOR][UAV] Generated done/resume mission -> aircraft=6 IMP:800000170.json PATHS:600000091.json
2026-05-21T04:40:51.293347Z [ATTACK-EXCLUDE] 공격 배제 MissionPlan 저장 -> 700000038.json (planID=700000038)
2026-05-21T04:40:51.294200Z [ATTACK-EXCLUDE] ATTACK-EXCLUDE carried area remaining snapshot -> mission_area_snapshot_700000038.json (sourcePlanID=700000034, planID=700000038)
2026-05-21T04:40:51.786383Z [ATTACK] 공격 임무 계획 완료 (planIds=700000037)
2026-05-21T04:40:51.787466Z [INFO] UAV params loaded (cruise=40.00, turn_step=15.0)
2026-05-21T04:40:51.788246Z [INFO] Latest input snapshot → 0201:ID=3,ts=832653591020,src=-, 0203:ID=1,ts=832652848760,src=-
2026-05-21T04:40:51.788984Z [STEP 0] Using latest 0201 ID 3 (3.json)
2026-05-21T04:40:51.789624Z [STEP 0] Using latest 0203 ID 1 (1.json)
2026-05-21T04:40:51.790275Z [CHECK] 0201/0203 필수 데이터 확인 시작
2026-05-21T04:40:51.790988Z [OK] 0201 inputMissionList 확인됨 (count=5) → 진행
2026-05-21T04:40:51.791945Z [OK] 0201 availableAircraftList 확인됨 (count=6) → 진행
2026-05-21T04:40:51.792467Z [OK] 0201 inputMissionPackageType=1 확인
2026-05-21T04:40:51.793137Z [OK] 0201 mainSensor=1 확인
2026-05-21T04:40:51.793930Z [CHECK] 0201 기체 수=6 (UAV=3, LAH=3)
2026-05-21T04:40:51.794651Z [CHECK] 0201 임무: total=5 missingID=0 missingDetail=0 missingShape=0 unknownType=0 typeZeroAuto=0 typeZeroInvalid=0 lineOnlyViolation=0 skippedSinglePoint=0
2026-05-21T04:40:51.795477Z [OK] 0203 takeOverInfoList 확인됨 (count=3) → 진행
2026-05-21T04:40:51.795979Z [OK] 0203 handOverInfoList 확인됨 (count=3) → 진행
2026-05-21T04:40:51.796662Z [OK] 0203 flightAreaList 확인됨 (count=1) → 진행
2026-05-21T04:40:51.797689Z [CHECK] 0203 flightAreaList count=1
2026-05-21T04:40:51.798385Z [INFO] 임무 진행영역 스냅샷 적용: sourcePlan=700000034, updated=2, done=0
2026-05-21T04:40:51.799010Z [INFO] 임무 진행영역 재계획 collapse 적용: groups=2, normalized=3, 5
2026-05-21T04:40:51.801238Z [INFO] Filtered completed input missions (removed=1, 2, 4, converted=-, widthAdjusted=-, skippedSinglePoint=-, snapshot=updated=2, done=0, collapse=groups=2, normalized=3,5)
2026-05-21T04:40:51.803503Z [REPLAN][TIME] variant_started_ms=11172.1 wall_ms=1779338451284 variant=1 option=3 mode=attack_exclusion
2026-05-21T04:40:51.804245Z [variant 1] 공격 배제 병렬 결과 병합
2026-05-21T04:40:51.804911Z [REPLAN][TIME] attack_exclusion_parallel_joined_ms=11182.3 wall_ms=1779338451294 variant=1 duration_ms=8152.11 wait_ms=0.01
2026-05-21T04:40:51.805496Z [OK] 공격 배제 variant 저장: MissionPlanID=700000038 (elapsed=8152.1 ms)
2026-05-21T04:40:51.806181Z [INFO] Option mapping #1: planID=700000038, optionCode=3(공격배제)
2026-05-21T04:40:51.806833Z [REPLAN][TIME] variant_finished_ms=11182.5 wall_ms=1779338451294 variant=1 option=3 mode=attack_exclusion status=success duration_ms=8152.11
2026-05-21T04:40:51.807480Z [OK] Stored mission data: MissionPlan=1, IndividualMission=0, FlightPath=0
2026-05-21T04:40:51.808095Z [REPLAN][TIME] id_tab_update_deferred_ms=11183.7 wall_ms=1779338451296
2026-05-21T04:40:51.808661Z [REPLAN][TIME] pipeline_done_ms=11183.7 wall_ms=1779338451296 plans=2 force_direct=False
2026-05-21T04:40:51.809211Z [REPLAN][TIME] 0301_queued_ms=11183.8 wall_ms=1779338451296 plans=2
2026-05-21T04:40:51.809811Z [STEP 4] 0301 push queued (planIds=700000037, 700000038)
2026-05-21T04:40:51.811684Z [0301] missionPlanID=700000037 전송
2026-05-21T04:40:51.814272Z [0301] missionPlanID=700000038 전송
2026-05-21T04:40:51.815622Z [PUSH] 0301 direct batch send
2026-05-21T04:40:51.816507Z [REPLAN][TIME] 0301_sent_ms=11703.8 wall_ms=1779338451816 plans=2
2026-05-21T04:40:51.817284Z [REPLAN][TIME] post_0301_delivery_queued_ms=11704.6 wall_ms=1779338451817 grace_ms=0 timeout_ms=20 force_direct=0 mode=option_or_0901
2026-05-21T04:40:51.818013Z [INFO] Post-0301 apply queued (mode=option_or_0901, grace=0ms, timeout=20ms, plans=2)
2026-05-21T04:40:51.820486Z [REPLAN][TIME] 0305_status_2_ms=11707.8 wall_ms=1779338451820 reason=표적91 발견 재계획
2026-05-21T04:40:51.821131Z [0305] status=2, reason=표적91 발견 재계획, elapsed=11.70s 전송
2026-05-21T04:40:51.821822Z [REPLAN][TIME] post_0301_completion_ready_ms=11709.2 wall_ms=1779338451821 mode=option_or_0901
2026-05-21T04:40:51.822623Z [REPLAN][METRIC] source_artifact_cache entries=21 hits=39 misses=21
2026-05-21T04:40:51.841069Z [INFO] Post-0301 ready (timeout) -> sending 0901
2026-05-21T04:40:51.841819Z [REPLAN][TIME] post_0301_flushed_ms=11729.2 wall_ms=1779338451841 delivery=0901 trigger=timeout
2026-05-21T04:40:51.844583Z [REPLAN][TIME] 0901_sent_ms=11731.9 wall_ms=1779338451844 options=2
2026-05-21T04:40:51.845277Z [0901] option request sent (count=2, codes=2(공격특화), 3(공격배제))
2026-05-21T04:40:51.845978Z [REPLAN][TIME] id_tab_update_flushed_ms=11733.3 wall_ms=1779338451845
2026-05-21T04:41:11.110056Z [REPLAN][TIME] 0902_received_ms=0.2 wall_ms=1779338471109 trigger=attack_2_option replanLevel=2 optionCount=2 forceDirect=0
2026-05-21T04:41:11.111044Z [REPLAN][TIME] 0902_archived_ms=1.2 wall_ms=1779338471110 path=replan_request_832653669762.json
2026-05-21T04:41:11.111642Z [AUTO] 0902 received (planIds=700000039, 700000040)
2026-05-21T04:41:11.112279Z [REPLAN][TIME] pipeline_scheduled_ms=2.4 wall_ms=1779338471112 delay_ms=0
2026-05-21T04:41:11.113300Z [REPLAN][TIME] scheduled_start_ms=3.5 wall_ms=1779338471113
2026-05-21T04:41:11.115422Z [REPLAN][TIME] 0305_status_1_ms=5.6 wall_ms=1779338471115 reason=표적92 발견 재계획
2026-05-21T04:41:11.116070Z [0305] status=1, reason=표적92 발견 재계획 전송
2026-05-21T04:41:11.122203Z [INFO] Using latest 0203 ID 1 for missionReferencePackageID (fallback)
2026-05-21T04:41:11.123905Z [STEP 0] Replan pipeline start (reason=표적92 발견 재계획)
2026-05-21T04:41:11.124661Z [REPLAN][TIME] attack_exclusion_parallel_started_ms=13.3 wall_ms=1779338471122 option_index=2 sourcePlanID=700000038
2026-05-21T04:41:11.125253Z [ATTACK-EXCLUDE] parallel generation started (sourcePlanID=700000038, optionIndex=2)
2026-05-21T04:41:11.126187Z [ATTACK] 공격 특화 재계획 요청 감지 → 전용 파이프라인 실행
2026-05-21T04:41:11.132737Z [ATTACK] [TIME] select_manned_aircraft=9ms
2026-05-21T04:41:11.133356Z [ATTACK] STEP1 Selected manned aircraft: aircraft 3 (fuel=1200.0, coord=(37.8477783203125, 128.23300170898438, alt=1199))
2026-05-21T04:41:11.135571Z [ATTACK] [TIME] load_target_entries=1ms
2026-05-21T04:41:11.136379Z [ATTACK] STEP2 UAV tracking summary: watcher 5?’target 92, watcher 4?’target unknown-10, watcher 4?’target unknown-13, watcher 4?’target unknown-17, watcher 4?’target unknown-2, watcher 4?’target unknown-22, watcher 4?’target unknown-27, watcher 4?’target unknown-31, watcher 4?’target unknown-33, watcher 4?’target unknown-34, watcher 5?’target unknown-12, watcher 5?’target unknown-15, watcher 5?’target unknown-16, watcher 5?’target unknown-18, watcher 5?’target unknown-19, watcher 5?’target unknown-20, watcher 5?’target unknown-28, watcher 5?’target unknown-3, watcher 5?’target unknown-32, watcher 5?’target unknown-4, watcher 5?’target unknown-6, watcher 5?’target unknown-7, watcher 5?’target unknown-8, watcher 5?’target unknown-9, watcher 6?’target unknown-1, watcher 6?’target unknown-11, watcher 6?’target unknown-21, watcher 6?’target unknown-23, watcher 6?’target unknown-25, watcher 6?’target unknown-29, watcher 6?’target unknown-30, watcher 6?’target unknown-5, watcher 4?’target 77, watcher 6?’target 78, watcher 5?’target 79, watcher 5?’target 80, watcher 4?’target 81, watcher 5?’target 82, watcher 5?’target 83, watcher 5?’target 84, watcher 4?’target 85, watcher 4?’target 86, watcher 5?’target 87, watcher 6?’target 88, watcher 5?’target 89, watcher 6?’target 90, watcher 5?’target 91
2026-05-21T04:41:11.137226Z [ATTACK] STEP2.5 Using bundled 0402 targets: target=92 watcher=5
2026-05-21T04:41:11.144406Z [ATTACK] [ATTACK] Selected target id=92 type=3 weaponType=3 (preferred=3, ammo={'type1': 500, 'type2': 7, 'type3': 2})
2026-05-21T04:41:11.156266Z [ATTACK] [TIME] compute_attack_point=11ms
2026-05-21T04:41:11.158705Z [ATTACK] STEP3 Attack plan completed: lat=37.895522, lon=128.200482, alt=988m
2026-05-21T04:41:11.159900Z [ATTACK] [ATTACK] Using remembered waypoint 600912 for watcher 5 while auto-tracking.
2026-05-21T04:41:11.165419Z [ATTACK] [ATTACK] Weapon choice aircraft=3 preferred=3 selected=3 ammo={'type1': 500, 'type2': 7, 'type3': 2}
2026-05-21T04:41:11.166379Z [ATTACK] [ATTACK][ETA] Tracking ETA computed with LAH max attack speed (dist=6027.6m, speed=73.61m/s, +30s) -> 112s
2026-05-21T04:41:11.172893Z [ATTACK] [ATTACK] Using requested missionPlanID 700000039 (sourcePlanID=700000038)
2026-05-21T04:41:11.184480Z [ATTACK] [ATTACK][POINT] Primary target adaptive standoff mode=candidate_within_standoff currentDist=8027.598750118677m candidateDist=1999.9999999999716m standoff=300.0/2000.0m.
2026-05-21T04:41:11.187892Z [ATTACK] [ATTACK][ETA] UAV 4 remaining mission time: 0.0s
2026-05-21T04:41:11.191791Z [ATTACK] [ATTACK][ETA] UAV 6 remaining mission time: 0.0s
2026-05-21T04:41:11.192720Z [ATTACK] [ATTACK][ETA] Non-tracking UAV ETA selected: UAV 4 with 0s remaining
2026-05-21T04:41:11.193548Z [ATTACK] [ATTACK][ETA] All tracking ETAs unified to 0s
2026-05-21T04:41:11.207528Z [ATTACK] [ATTACK][COLLAB] Remaining UAV entry lookahead applied: 9.0s (pathFollow=3, linearFallback=3, currentOnly=0)
2026-05-21T04:41:11.209262Z [ATTACK] [PRIOR] Falling back to first mission for aircraft 3 (current waypoint not found in plan).
2026-05-21T04:41:12.783490Z [ATTACK] [ATTACK][LAH] Using max attack speed 73.61m/s (265.0km/h) for aircraft 3.
2026-05-21T04:41:12.784323Z [ATTACK] [ATTACK][LAH] Inferred current waypoint from position -> 350857.
2026-05-21T04:41:12.785083Z [ATTACK] [ATTACK][LAH] Dropped current waypoint from resume path (currentWP=350857, nextWP=350858).
2026-05-21T04:41:15.814555Z [ATTACK] [ATTACK][LAH] Preserved completed prefix, inserted attack, and reattached 1 follow-up mission(s).
2026-05-21T04:41:15.821447Z [ATTACK] [ATTACK][LAH] Generated attack/resume missions -> IMP:800000176.json PATHS:300000067.json/300000068.json (followUps=1)
2026-05-21T04:41:15.822391Z [ATTACK] [PRIOR] Falling back to first mission for aircraft 1 (current waypoint not found in plan).
2026-05-21T04:41:15.910752Z [ATTACK] [ATTACK][LAH] Inferred current waypoint from position -> 350849.
2026-05-21T04:41:15.911654Z [ATTACK] [ATTACK][LAH] Dropped current waypoint from resume path (currentWP=350849, nextWP=350850).
2026-05-21T04:41:18.232173Z [ATTACK] [ATTACK][LAH] Preserved completed prefix, inserted hold, and reattached 1 follow-up mission(s).
2026-05-21T04:41:18.238958Z [ATTACK] [ATTACK][LAH] Generated hold/resume missions -> IMP:800000180.json PATHS:100000066.json/100000067.json (followUps=1)
2026-05-21T04:41:18.241354Z [ATTACK] [PRIOR] Falling back to first mission for aircraft 2 (current waypoint not found in plan).
2026-05-21T04:41:18.273551Z [ATTACK] [ATTACK][LAH] Inferred current waypoint from position -> 350853.
2026-05-21T04:41:18.274558Z [ATTACK] [ATTACK][LAH] Dropped current waypoint from resume path (currentWP=350853, nextWP=350854).
2026-05-21T04:41:19.525078Z [ATTACK] [ATTACK][LAH] Preserved completed prefix, inserted hold, and reattached 1 follow-up mission(s).
2026-05-21T04:41:19.530710Z [ATTACK] [ATTACK][LAH] Generated hold/resume missions -> IMP:800000182.json PATHS:200000067.json/200000068.json (followUps=1)
2026-05-21T04:41:19.532675Z [ATTACK] [NEXTCOLLAB] division planner area-division pieces=2
2026-05-21T04:41:19.533231Z [ATTACK] [NEXTCOLLAB] division planner final workflow=no_split paths=2
2026-05-21T04:41:19.533761Z [ATTACK] [ATTACK][COLLAB] Collaborative replacement IMP written (aircraft=4, imp=800000179.json, missions=1).
2026-05-21T04:41:19.534238Z [ATTACK] [ATTACK][COLLAB] Collaborative replacement IMP written (aircraft=6, imp=800000181.json, missions=1).
2026-05-21T04:41:19.534711Z [ATTACK] [ATTACK][COLLAB] First sweep searchSpeed boosted (aircraft=4, pathID=400000103, waypointID=600952, factor=1.30, old=738.04, new=959.46).
2026-05-21T04:41:19.535180Z [ATTACK] [ATTACK][COLLAB] First sweep searchSpeed boosted (aircraft=6, pathID=600000093, waypointID=600964, factor=1.30, old=1097.84, new=1427.19).
2026-05-21T04:41:19.535799Z [ATTACK] [ATTACK][COLLAB] Collaborative remaining mission replanned (inputMissionID=5, unavailable=[5], remaining=[4, 6], workflow=no_split).
2026-05-21T04:41:19.545271Z [ATTACK] [ATTACK][UAV] Tracking target altitude kept for sensor only; flight altitude replaced 688m -> 1915m.
2026-05-21T04:41:19.820051Z [ATTACK] [ATTACK][UAV] Source path has a single waypoint; preserving it as done and skipping done/resume split.
2026-05-21T04:41:20.344734Z [ATTACK] [ATTACK][COLLAB] Tracking UAV resume replaced with release transit (aircraft=5, targetFinishEta=44, speed=58.0m/s).
2026-05-21T04:41:20.346875Z [ATTACK] [ATTACK][UAV] Preserved completed prefix, inserted tracking, and reattached 1 follow-up mission(s).
2026-05-21T04:41:20.405171Z [ATTACK] [ATTACK][UAV] Generated tracking/resume missions -> IMP:800000183.json PATHS:500000119.json/500000120.json (followUps=1)
2026-05-21T04:41:20.414360Z [ATTACK] [ATTACK][UAV] Tracking assignment state saved (aircraft=5, sourcePlan=700000038, attackPlan=700000039).
2026-05-21T04:41:20.415335Z [ATTACK] [ATTACK][COLLAB] Aircraft 4 handled by collaborative remaining replan (inputMissionID=5).
2026-05-21T04:41:20.416449Z [ATTACK] [ATTACK][COLLAB] Aircraft 6 handled by collaborative remaining replan (inputMissionID=5).
2026-05-21T04:41:20.429215Z [ATTACK] [ATTACK][PLAN] carried area remaining snapshot -> mission_area_snapshot_700000039.json (sourcePlanID=700000038, planID=700000039)
2026-05-21T04:41:20.433461Z [ATTACK] [ATTACK][PLAN] MissionPlan saved -> 700000039.json (planID=700000039)
2026-05-21T04:41:20.434985Z [ATTACK] [ATTACK][TIME] override_detail={"phases": {"metadata_normalize": {"elapsedMs": 0.009, "attackTargetCount": 1, "selectedMannedCount": 1}, "agent_index": {"elapsedMs": 0.123, "aircraftCount": 6}, "weapon_choice": {"elapsedMs": 4.763, "selectedWeaponType": 3, "ammoAvailable": true}, "initial_tracking_eta": {"elapsedMs": 0.893, "useDetectionTracking": true, "trackingEtaS": 112}, "resolve_source_plan": {"elapsedMs": 3.571, "sourcePlanID": 700000038}, "source_plan_load": {"elapsedMs": 0.727, "sourcePlanID": 700000038, "aircraftCount": 6}, "sweep_progress_load": {"elapsedMs": 1.328, "entries": 72}, "plan_id_resolve": {"elapsedMs": 0.027, "requested": true, "missionPlanID": 700000039}, "source_artifact_cache_build": {"elapsedMs": 0.017, "aircraftEntries": 6}, "done_input_ids_load": {"elapsedMs": 1.671, "count": 3}, "plan_deepcopy": {"elapsedMs": 0.086}, "target_uav_assignment": {"elapsedMs": 0.7, "assignedTargetCount": 1, "usedTrackingUavCount": 1}, "manned_sequence_assignment": {"elapsedMs": 4.479, "aircraftCount": 1, "error": null}, "attack_coordinate_resolution": {"elapsedMs": 4.674, "resolvedCount": 1, "mannedSequenceCount": 1}, "remaining_eta": {"elapsedMs": 8.052, "allUavCount": 3, "trackingUavCount": 1, "computedEtaCount": 1, "adjustedEtaS": 0}, "descriptor_list_build": {"elapsedMs": 0.046, "descriptorCount": 6, "activeMannedCount": 1, "otherLahCount": 2, "otherUavCount": 2}, "collab_tracking_scan": {"elapsedMs": 3.183, "inputCount": 1, "unavailableUavCount": 1}, "collab_agent_state_map": {"elapsedMs": 10.785, "aircraftCount": 6}, "collab_parallel_started": {"elapsedMs": 0.663, "inputCount": 1, "workers": 1}, "collab_parallel_join": {"elapsedMs": 3.792, "waitReason": "UAV_TRACK", "inputCount": 1}, "descriptor_loop": {"elapsedMs": 9208.126, "descriptorCount": 6, "updateCount": 4}, "final_collab_plan_update": {"elapsedMs": 0.016, "collabInputCount": 1}, "mission_plan_write": {"elapsedMs": 14.194, "missionPlanID": 700000039}, "option_meta_build": {"elapsedMs": 0.09, "targetCount": 1, "collabInputCount": 1}}, "collabRuns": [{"inputMissionID": 5, "unavailableAircraftIDs": [5], "elapsedMs": 4687.864, "status": "ok", "replacementAircraftIDs": [4, 6], "generatedPathCount": 2, "finishEtaS": 44, "workflow": "no_split"}], "descriptorDetails": [{"aircraftID": 3, "label": "manned", "mode": "LAH_ATTACK", "resolveArtifacts": {"elapsedMs": 0.864, "currentWaypointID": null, "sourcePathID": 300000058, "sourceImpID": 800000150}, "loadArtifacts": {"elapsedMs": 0.005, "impLoaded": true, "fpLoaded": true}, "cloneAndLocateMission": {"elapsedMs": 0.08, "missionCount": 2, "targetIndex": 0}, "allocateAndPlanUpdate": {"elapsedMs": 28.186, "newImpID": 800000176}, "builder": {"elapsedMs": 4583.861, "builderMode": "LAH_ATTACK"}, "builderDetail": {"allocate_ids": {"elapsedMs": 1543.024, "attackPathID": 300000067, "resumePathID": 300000068, "attackIndividualID": 900000436, "resumeIndividualID": 900000437, "entryWaypointID": 600946, "attackWaypointID": 600947}, "split_lah_resume": {"elapsedMs": 1406.119, "resumeWaypointCount": 1, "removedWaypointID": 350857}, "clone_followups": {"elapsedMs": 1095.782, "followUpMissionCount": 1, "followUpPathCount": 1}, "payload_build": {"elapsedMs": 527.981, "hasResume": true, "followUpMissionCount": 1, "attackSpeedMps": 73.61}, "write_json": {"elapsedMs": 5.048, "fileCount": 4}, "totalMs": 4581.925}, "status": "ok", "elapsedMs": 4613.134}, {"aircraftID": 1, "label": "lah_hold_1", "mode": "LAH_HOLD_RESUME", "resolveArtifacts": {"elapsedMs": 0.76, "currentWaypointID": null, "sourcePathID": 100000057, "sourceImpID": 800000148}, "loadArtifacts": {"elapsedMs": 0.007, "impLoaded": true, "fpLoaded": true}, "cloneAndLocateMission": {"elapsedMs": 0.143, "missionCount": 2, "targetIndex": 0}, "allocateAndPlanUpdate": {"elapsedMs": 26.956, "newImpID": 800000180}, "builder": {"elapsedMs": 2390.876, "builderMode": "LAH_HOLD_RESUME"}, "builderDetail": {"allocate_ids": {"elapsedMs": 57.41, "holdPathID": 100000066, "resumePathID": 100000067, "holdIndividualID": 900000445, "resumeIndividualID": 900000446}, "split_lah_resume": {"elapsedMs": 1288.976, "resumeWaypointCount": 1, "removedWaypointID": 350849}, "clone_followups": {"elapsedMs": 792.096, "followUpMissionCount": 1, "followUpPathCount": 1}, "payload_build": {"elapsedMs": 1035.249, "hasResume": true, "followUpMissionCount": 1}, "write_json": {"elapsedMs": 5.015, "fileCount": 4}, "totalMs": 2390.823}, "status": "ok", "elapsedMs": 2418.896}, {"aircraftID": 2, "label": "lah_hold_2", "mode": "LAH_HOLD_RESUME", "resolveArtifacts": {"elapsedMs": 0.761, "currentWaypointID": null, "sourcePathID": 200000058, "sourceImpID": 800000149}, "loadArtifacts": {"elapsedMs": 0.007, "impLoaded": true, "fpLoaded": true}, "cloneAndLocateMission": {"elapsedMs": 0.145, "missionCount": 2, "targetIndex": 0}, "allocateAndPlanUpdate": {"elapsedMs": 9.497, "newImpID": 800000182}, "builder": {"elapsedMs": 1280.69, "builderMode": "LAH_HOLD_RESUME"}, "builderDetail": {"allocate_ids": {"elapsedMs": 21.455, "holdPathID": 200000067, "resumePathID": 200000068, "holdIndividualID": 900000448, "resumeIndividualID": 900000449}, "split_lah_resume": {"elapsedMs": 723.728, "resumeWaypointCount": 1, "removedWaypointID": 350853}, "clone_followups": {"elapsedMs": 286.557, "followUpMissionCount": 1, "followUpPathCount": 1}, "payload_build": {"elapsedMs": 527.813, "hasResume": true, "followUpMissionCount": 1}, "write_json": {"elapsedMs": 3.962, "fileCount": 4}, "totalMs": 1280.645}, "status": "ok", "elapsedMs": 1291.273}, {"aircraftID": 5, "label": "uav_tracking_5", "mode": "UAV_TRACK", "resolveArtifacts": {"elapsedMs": 0.029, "currentWaypointID": 600912, "sourcePathID": 500000109, "sourceImpID": 800000168}, "loadArtifacts": {"elapsedMs": 0.004, "impLoaded": true, "fpLoaded": true}, "cloneAndLocateMission": {"elapsedMs": 0.185, "missionCount": 2, "targetIndex": 0}, "allocateAndPlanUpdate": {"elapsedMs": 8.329, "newImpID": 800000183}, "builder": {"elapsedMs": 860.79, "builderMode": "UAV_TRACK"}, "builderDetail": {"allocate_ids": {"elapsedMs": 270.027, "donePathID": 500000118, "attackPathID": 500000119, "resumePathID": 500000120, "trackingIndividualID": 900000451, "resumeIndividualID": 900000452, "targetWaypointID": 600985}, "split_done_resume": {"elapsedMs": 1.843, "sourceSinglePoint": true, "doneWaypointCount": 1, "resumeWaypointCount": 0, "removedWaypointID": 600912}, "clone_followups": {"elapsedMs": 279.311, "followUpMissionCount": 1, "followUpPathCount": 1}, "release_resume": {"elapsedMs": 243.498, "releaseWaypointCount": 2, "targetFinishEtaS": 44}, "write_json": {"elapsedMs": 56.334, "fileCount": 5}, "totalMs": 856.718}, "trackingState": {"elapsedMs": 8.352}, "status": "ok", "elapsedMs": 878.536}, {"aircraftID": 4, "label": "uav_resume_4", "mode": "UAV_RESUME", "resolveArtifacts": {"elapsedMs": 0.021, "currentWaypointID": 600892, "sourcePathID": 400000097, "sourceImpID": 800000166}, "loadArtifacts": {"elapsedMs": 0.003, "impLoaded": true, "fpLoaded": true}, "cloneAndLocateMission": {"elapsedMs": 0.145, "missionCount": 2, "targetIndex": 0}, "status": "handled_by_collab", "elapsedMs": 0.924}, {"aircraftID": 6, "label": "uav_resume_6", "mode": "UAV_RESUME", "resolveArtifacts": {"elapsedMs": 0.024, "currentWaypointID": 600925, "sourcePathID": 600000091, "sourceImpID": 800000170}, "loadArtifacts": {"elapsedMs": 0.004, "impLoaded": true, "fpLoaded": true}, "cloneAndLocateMission": {"elapsedMs": 0.225, "missionCount": 2, "targetIndex": 0}, "status": "handled_by_collab", "elapsedMs": 0.97}], "totalMs": 9264}
2026-05-21T04:41:20.435653Z [ATTACK] [ATTACK][TIME] override_total=9264ms
2026-05-21T04:41:20.436433Z [ATTACK] [TIME] apply_attack_plan_overrides=9277ms
2026-05-21T04:41:20.447350Z [ATTACK] [TIME] timingMs={"read_source": 13.055, "descriptor_build": 8.106, "write_artifacts": 9292.716, "delivery_wait": 10.204}
2026-05-21T04:41:20.448061Z [ATTACK] [TIME] total=9325ms
2026-05-21T04:41:20.454483Z [ATTACK] 분석 로그 저장: C:\Users\TRL98\Desktop\LAH_MUMT\Logs\Scenario_2026-05-21T132543\SBC3\DSS_Internal\log_attack_algorithm_20260521T044120_448958.json
2026-05-21T04:41:20.466372Z [ATTACK] mark target used: targetIDs=92
2026-05-21T04:41:20.489725Z [ATTACK-EXCLUDE] ATTACK-EXCLUDE using requested missionPlanID 700000040 (sourcePlanID=700000038)
2026-05-21T04:41:20.490468Z [ATTACK-EXCLUDE] [PRIOR][UAV] Resume sweep trim applied (cutPoints=16, rawCutPoints=16, doneSweepPoints=0, pathID=400000097).
2026-05-21T04:41:20.491214Z [ATTACK-EXCLUDE] [PRIOR][UAV] Resume searchSpeed scaled (factor=1.30, waypoints=1).
2026-05-21T04:41:20.491848Z [ATTACK-EXCLUDE] [PRIOR][UAV] Generated done/resume mission -> aircraft=4 IMP:800000175.json PATHS:400000101.json
2026-05-21T04:41:20.492470Z [ATTACK-EXCLUDE] [PRIOR][UAV] Resume sweep trim applied (cutPoints=13, rawCutPoints=13, doneSweepPoints=0, pathID=500000109).
2026-05-21T04:41:20.493050Z [ATTACK-EXCLUDE] [PRIOR][UAV] Resume searchSpeed scaled (factor=1.30, waypoints=1).
2026-05-21T04:41:20.493630Z [ATTACK-EXCLUDE] [PRIOR][UAV] Generated done/resume mission -> aircraft=5 IMP:800000177.json PATHS:500000116.json
2026-05-21T04:41:20.494223Z [ATTACK-EXCLUDE] [PRIOR][UAV] Resume trimmed by currentWP (lastRemovedWP=600924).
2026-05-21T04:41:20.494766Z [ATTACK-EXCLUDE] [PRIOR][UAV] Added replan anchor waypoint to done path (anchorWP=600971).
2026-05-21T04:41:20.495337Z [ATTACK-EXCLUDE] [PRIOR][UAV] Resume sweep trim applied (cutPoints=11, rawCutPoints=11, doneSweepPoints=0, pathID=600000091).
2026-05-21T04:41:20.495922Z [ATTACK-EXCLUDE] [PRIOR][UAV] Resume searchSpeed scaled (factor=1.30, waypoints=1).
2026-05-21T04:41:20.496481Z [ATTACK-EXCLUDE] [PRIOR][UAV] Generated done/resume mission -> aircraft=6 IMP:800000178.json PATHS:600000094.json/600000095.json
2026-05-21T04:41:20.497003Z [ATTACK-EXCLUDE] 공격 배제 MissionPlan 저장 -> 700000040.json (planID=700000040)
2026-05-21T04:41:20.497855Z [ATTACK-EXCLUDE] ATTACK-EXCLUDE carried area remaining snapshot -> mission_area_snapshot_700000040.json (sourcePlanID=700000038, planID=700000040)
2026-05-21T04:41:20.947105Z [ATTACK] 공격 임무 계획 완료 (planIds=700000039)
2026-05-21T04:41:20.949379Z [INFO] UAV params loaded (cruise=40.00, turn_step=15.0)
2026-05-21T04:41:20.950057Z [INFO] Latest input snapshot → 0201:ID=3,ts=832653591020,src=-, 0203:ID=1,ts=832652848760,src=-
2026-05-21T04:41:20.950670Z [STEP 0] Using latest 0201 ID 3 (3.json)
2026-05-21T04:41:20.951289Z [STEP 0] Using latest 0203 ID 1 (1.json)
2026-05-21T04:41:20.951827Z [CHECK] 0201/0203 필수 데이터 확인 시작
2026-05-21T04:41:20.952365Z [OK] 0201 inputMissionList 확인됨 (count=5) → 진행
2026-05-21T04:41:20.952900Z [OK] 0201 availableAircraftList 확인됨 (count=6) → 진행
2026-05-21T04:41:20.953406Z [OK] 0201 inputMissionPackageType=1 확인
2026-05-21T04:41:20.953856Z [OK] 0201 mainSensor=1 확인
2026-05-21T04:41:20.954314Z [CHECK] 0201 기체 수=6 (UAV=3, LAH=3)
2026-05-21T04:41:20.954726Z [CHECK] 0201 임무: total=5 missingID=0 missingDetail=0 missingShape=0 unknownType=0 typeZeroAuto=0 typeZeroInvalid=0 lineOnlyViolation=0 skippedSinglePoint=0
2026-05-21T04:41:20.955154Z [OK] 0203 takeOverInfoList 확인됨 (count=3) → 진행
2026-05-21T04:41:20.955572Z [OK] 0203 handOverInfoList 확인됨 (count=3) → 진행
2026-05-21T04:41:20.955988Z [OK] 0203 flightAreaList 확인됨 (count=1) → 진행
2026-05-21T04:41:20.956403Z [CHECK] 0203 flightAreaList count=1
2026-05-21T04:41:20.956818Z [INFO] 임무 진행영역 스냅샷 적용: sourcePlan=700000038, updated=2, done=0
2026-05-21T04:41:20.957279Z [INFO] 임무 진행영역 재계획 collapse 적용: groups=2, normalized=3, 5
2026-05-21T04:41:20.957712Z [INFO] Filtered completed input missions (removed=1, 2, 4, converted=-, widthAdjusted=-, skippedSinglePoint=-, snapshot=updated=2, done=0, collapse=groups=2, normalized=3,5)
2026-05-21T04:41:20.958986Z [REPLAN][TIME] variant_started_ms=9379.9 wall_ms=1779338480489 variant=1 option=3 mode=attack_exclusion
2026-05-21T04:41:20.959496Z [variant 1] 공격 배제 병렬 결과 병합
2026-05-21T04:41:20.960001Z [REPLAN][TIME] attack_exclusion_parallel_joined_ms=9388.7 wall_ms=1779338480498 variant=1 duration_ms=6629.798 wait_ms=0.012
2026-05-21T04:41:20.960508Z [OK] 공격 배제 variant 저장: MissionPlanID=700000040 (elapsed=6629.8 ms)
2026-05-21T04:41:20.961309Z [INFO] Option mapping #1: planID=700000040, optionCode=3(공격배제)
2026-05-21T04:41:20.961972Z [REPLAN][TIME] variant_finished_ms=9389.0 wall_ms=1779338480498 variant=1 option=3 mode=attack_exclusion status=success duration_ms=6629.798
2026-05-21T04:41:20.962564Z [OK] Stored mission data: MissionPlan=1, IndividualMission=0, FlightPath=0
2026-05-21T04:41:20.963230Z [REPLAN][TIME] id_tab_update_deferred_ms=9391.7 wall_ms=1779338480501
2026-05-21T04:41:20.963777Z [REPLAN][TIME] pipeline_done_ms=9391.8 wall_ms=1779338480501 plans=2 force_direct=False
2026-05-21T04:41:20.964283Z [REPLAN][TIME] 0301_queued_ms=9391.8 wall_ms=1779338480501 plans=2
2026-05-21T04:41:20.964809Z [STEP 4] 0301 push queued (planIds=700000039, 700000040)
2026-05-21T04:41:20.966388Z [0402] delivery suppressed before 0301: Target 정보 변경으로 인한 재계획 중단
2026-05-21T04:41:20.968307Z [0001] notice sent: Target 정보 변경으로 인한 재계획 중단
2026-05-21T04:41:20.969264Z [REPLAN][METRIC] source_artifact_cache entries=21 hits=39 misses=21
2026-05-21T04:41:21.685420Z [REPLAN][TIME] 0902_received_ms=0.4 wall_ms=1779338481685 trigger=attack_2_option replanLevel=2 optionCount=2 forceDirect=0
2026-05-21T04:41:21.686692Z [REPLAN][TIME] 0902_archived_ms=1.8 wall_ms=1779338481686 path=replan_request_832653674769.json
2026-05-21T04:41:21.687333Z [AUTO] 0902 received (planIds=700000041, 700000042)
2026-05-21T04:41:21.688089Z [REPLAN][TIME] pipeline_scheduled_ms=3.1 wall_ms=1779338481687 delay_ms=0
2026-05-21T04:41:21.689779Z [REPLAN][TIME] scheduled_start_ms=4.5 wall_ms=1779338481689
2026-05-21T04:41:21.692170Z [REPLAN][TIME] 0305_status_1_ms=7.2 wall_ms=1779338481691 reason=표적93 등 2개 발견
2026-05-21T04:41:21.692930Z [0305] status=1, reason=표적93 등 2개 발견 전송
2026-05-21T04:41:21.700770Z [INFO] Using latest 0203 ID 1 for missionReferencePackageID (fallback)
2026-05-21T04:41:21.701807Z [STEP 0] Replan pipeline start (reason=표적93 등 2개 발견)
2026-05-21T04:41:21.704076Z [REPLAN][TIME] attack_exclusion_parallel_started_ms=15.3 wall_ms=1779338481700 option_index=2 sourcePlanID=700000038
2026-05-21T04:41:21.705005Z [ATTACK-EXCLUDE] parallel generation started (sourcePlanID=700000038, optionIndex=2)
2026-05-21T04:41:21.705911Z [ATTACK] 공격 특화 재계획 요청 감지 → 전용 파이프라인 실행
2026-05-21T04:41:21.710560Z [ATTACK] [TIME] select_manned_aircraft=10ms
2026-05-21T04:41:21.711137Z [ATTACK] STEP1 Selected manned aircraft: aircraft 2 (fuel=1200.0, coord=(37.85672378540039, 128.23350524902344, alt=1199))
2026-05-21T04:41:21.712740Z [ATTACK] [TIME] load_target_entries=1ms
2026-05-21T04:41:21.713350Z [ATTACK] STEP2 UAV tracking summary: watcher 5?’target 92, watcher 4?’target 93, watcher 4?’target unknown-10, watcher 4?’target unknown-13, watcher 4?’target unknown-17, watcher 4?’target unknown-2, watcher 4?’target unknown-22, watcher 4?’target unknown-27, watcher 4?’target unknown-31, watcher 4?’target unknown-33, watcher 4?’target unknown-34, watcher 4?’target unknown-35, watcher 5?’target unknown-12, watcher 5?’target unknown-15, watcher 5?’target unknown-16, watcher 5?’target unknown-18, watcher 5?’target unknown-19, watcher 5?’target unknown-20, watcher 5?’target unknown-28, watcher 5?’target unknown-3, watcher 5?’target unknown-32, watcher 5?’target unknown-4, watcher 5?’target unknown-6, watcher 5?’target unknown-7, watcher 5?’target unknown-8, watcher 5?’target unknown-9, watcher 6?’target unknown-1, watcher 6?’target unknown-11, watcher 6?’target unknown-21, watcher 6?’target unknown-23, watcher 6?’target unknown-25, watcher 6?’target unknown-29, watcher 6?’target unknown-30, watcher 6?’target unknown-5, watcher 4?’target 77, watcher 6?’target 78, watcher 5?’target 79, watcher 5?’target 80, watcher 4?’target 81, watcher 5?’target 82, watcher 5?’target 83, watcher 5?’target 84, watcher 4?’target 85, watcher 4?’target 86, watcher 5?’target 87, watcher 6?’target 88, watcher 5?’target 89, watcher 6?’target 90, watcher 5?’target 91
2026-05-21T04:41:21.714074Z [ATTACK] STEP2.5 Using bundled 0402 targets: target=93 watcher=4, target=92 watcher=5
2026-05-21T04:41:21.720380Z [ATTACK] STEP2.6 Multi-target manned selection: 2, 3
2026-05-21T04:41:21.725660Z [ATTACK] [ATTACK] Selected target id=93 type=1 weaponType=2 (preferred=2, ammo={'type1': 500, 'type2': 7, 'type3': 2})
2026-05-21T04:41:21.735625Z [ATTACK] [TIME] compute_attack_point=9ms
2026-05-21T04:41:21.736825Z [ATTACK] STEP3 Attack plan completed: lat=37.900847, lon=128.180211, alt=1048m
2026-05-21T04:41:21.738222Z [ATTACK] [ATTACK] Using remembered waypoint 600892 for watcher 4 while auto-tracking.
2026-05-21T04:41:21.748452Z [ATTACK] [ATTACK] Weapon choice aircraft=2 preferred=2 selected=2 ammo={'type1': 500, 'type2': 7, 'type3': 2}
2026-05-21T04:41:21.749853Z [ATTACK] [ATTACK][ETA] Tracking ETA computed with LAH max attack speed (dist=6778.7m, speed=73.61m/s, +30s) -> 122s
2026-05-21T04:41:21.756535Z [ATTACK] [ATTACK] Using requested missionPlanID 700000041 (sourcePlanID=700000038)
2026-05-21T04:41:21.780310Z [ATTACK] [ATTACK][POINT] Primary target adaptive standoff mode=candidate_within_standoff currentDist=8778.673426694744m candidateDist=1999.9999999988834m standoff=300.0/2000.0m.
2026-05-21T04:41:21.795182Z [ATTACK] [ATTACK][ETA] UAV 6 remaining mission time: 0.0s
2026-05-21T04:41:21.796268Z [ATTACK] [ATTACK][ETA] Non-tracking UAV ETA selected: UAV 6 with 0s remaining
2026-05-21T04:41:21.796886Z [ATTACK] [ATTACK][ETA] All tracking ETAs unified to 0s
2026-05-21T04:41:21.823665Z [ATTACK] [ATTACK][COLLAB] Remaining UAV entry lookahead applied: 9.0s (pathFollow=3, linearFallback=3, currentOnly=0)
2026-05-21T04:41:21.825979Z [ATTACK] [PRIOR] Falling back to first mission for aircraft 2 (current waypoint not found in plan).
2026-05-21T04:41:23.441850Z [ATTACK] [ATTACK][LAH] Using max attack speed 73.61m/s (265.0km/h) for aircraft 2.
2026-05-21T04:41:23.442575Z [ATTACK] [ATTACK][LAH] Inferred current waypoint from position -> 350853.
2026-05-21T04:41:23.443255Z [ATTACK] [ATTACK][LAH] Dropped current waypoint from resume path (currentWP=350853, nextWP=350854).
2026-05-21T04:41:25.791100Z [ATTACK] [ATTACK][LAH] Preserved completed prefix, inserted attack, and reattached 1 follow-up mission(s).
2026-05-21T04:41:25.798006Z [ATTACK] [ATTACK][LAH] Generated attack/resume missions -> IMP:800000185.json PATHS:200000070.json/200000071.json (followUps=1)
2026-05-21T04:41:25.800163Z [ATTACK] [PRIOR] Falling back to first mission for aircraft 3 (current waypoint not found in plan).
2026-05-21T04:41:26.692567Z [ATTACK] [ATTACK][LAH] Using max attack speed 73.61m/s (265.0km/h) for aircraft 3.
2026-05-21T04:41:26.693328Z [ATTACK] [ATTACK][LAH] Inferred current waypoint from position -> 350857.
2026-05-21T04:41:26.694179Z [ATTACK] [ATTACK][LAH] Dropped current waypoint from resume path (currentWP=350857, nextWP=350858).
2026-05-21T04:41:28.797738Z [ATTACK] [ATTACK][LAH] Preserved completed prefix, inserted attack, and reattached 1 follow-up mission(s).
2026-05-21T04:41:28.803129Z [ATTACK] [ATTACK][LAH] Generated attack/resume missions -> IMP:800000189.json PATHS:300000070.json/300000071.json (followUps=1)
2026-05-21T04:41:28.803959Z [ATTACK] [PRIOR] Falling back to first mission for aircraft 1 (current waypoint not found in plan).
2026-05-21T04:41:28.839684Z [ATTACK] [ATTACK][LAH] Inferred current waypoint from position -> 350849.
2026-05-21T04:41:28.840384Z [ATTACK] [ATTACK][LAH] Dropped current waypoint from resume path (currentWP=350849, nextWP=350850).
2026-05-21T04:41:30.103659Z [ATTACK] [ATTACK][LAH] Preserved completed prefix, inserted hold, and reattached 1 follow-up mission(s).
2026-05-21T04:41:30.110319Z [ATTACK] [ATTACK][LAH] Generated hold/resume missions -> IMP:800000190.json PATHS:100000069.json/100000070.json (followUps=1)
2026-05-21T04:41:30.115601Z [ATTACK] [NEXTCOLLAB] division planner area-division pieces=1
2026-05-21T04:41:30.116415Z [ATTACK] [NEXTCOLLAB] division planner final workflow=no_split paths=1
2026-05-21T04:41:30.117065Z [ATTACK] [ATTACK][COLLAB] Collaborative replacement IMP written (aircraft=6, imp=800000187.json, missions=1).
2026-05-21T04:41:30.117675Z [ATTACK] [ATTACK][COLLAB] First sweep searchSpeed boosted (aircraft=6, pathID=600000097, waypointID=601002, factor=1.30, old=813.38, new=1057.39).
2026-05-21T04:41:30.118330Z [ATTACK] [ATTACK][COLLAB] Collaborative remaining mission replanned (inputMissionID=5, unavailable=[4, 5], remaining=[6], workflow=no_split).
2026-05-21T04:41:30.415436Z [ATTACK] [ATTACK][UAV] Source path has a single waypoint; preserving it as done and skipping done/resume split.
2026-05-21T04:41:30.945902Z [ATTACK] [ATTACK][COLLAB] Tracking UAV resume replaced with release transit (aircraft=4, targetFinishEta=78, speed=58.0m/s).
2026-05-21T04:41:30.947896Z [ATTACK] [ATTACK][UAV] Preserved completed prefix, inserted tracking, and reattached 1 follow-up mission(s).
2026-05-21T04:41:30.996922Z [ATTACK] [ATTACK][UAV] Generated tracking/resume missions -> IMP:800000191.json PATHS:400000108.json/400000109.json (followUps=1)
2026-05-21T04:41:31.006526Z [ATTACK] [ATTACK][UAV] Tracking assignment state saved (aircraft=4, sourcePlan=700000038, attackPlan=700000041).
2026-05-21T04:41:31.014261Z [ATTACK] [ATTACK][UAV] Tracking target altitude kept for sensor only; flight altitude replaced 688m -> 1915m.
2026-05-21T04:41:31.301056Z [ATTACK] [ATTACK][UAV] Source path has a single waypoint; preserving it as done and skipping done/resume split.
2026-05-21T04:41:31.853894Z [ATTACK] [ATTACK][COLLAB] Tracking UAV resume replaced with release transit (aircraft=5, targetFinishEta=78, speed=58.0m/s).
2026-05-21T04:41:31.856103Z [ATTACK] [ATTACK][UAV] Preserved completed prefix, inserted tracking, and reattached 1 follow-up mission(s).
2026-05-21T04:41:31.906442Z [ATTACK] [ATTACK][UAV] Generated tracking/resume missions -> IMP:800000192.json PATHS:500000126.json/500000127.json (followUps=1)
2026-05-21T04:41:31.919692Z [ATTACK] [ATTACK][UAV] Tracking assignment state saved (aircraft=5, sourcePlan=700000038, attackPlan=700000041).
2026-05-21T04:41:31.920817Z [ATTACK] [ATTACK][COLLAB] Aircraft 6 handled by collaborative remaining replan (inputMissionID=5).
2026-05-21T04:41:31.933760Z [ATTACK] [ATTACK][PLAN] carried area remaining snapshot -> mission_area_snapshot_700000041.json (sourcePlanID=700000038, planID=700000041)
2026-05-21T04:41:31.934438Z [ATTACK] [ATTACK][PLAN] MissionPlan saved -> 700000041.json (planID=700000041)
2026-05-21T04:41:31.935931Z [ATTACK] [ATTACK][TIME] override_detail={"phases": {"metadata_normalize": {"elapsedMs": 0.008, "attackTargetCount": 2, "selectedMannedCount": 2}, "agent_index": {"elapsedMs": 0.117, "aircraftCount": 6}, "weapon_choice": {"elapsedMs": 8.97, "selectedWeaponType": 2, "ammoAvailable": true}, "initial_tracking_eta": {"elapsedMs": 1.019, "useDetectionTracking": true, "trackingEtaS": 122}, "resolve_source_plan": {"elapsedMs": 3.781, "sourcePlanID": 700000038}, "source_plan_load": {"elapsedMs": 0.544, "sourcePlanID": 700000038, "aircraftCount": 6}, "sweep_progress_load": {"elapsedMs": 1.289, "entries": 72}, "plan_id_resolve": {"elapsedMs": 0.027, "requested": true, "missionPlanID": 700000041}, "source_artifact_cache_build": {"elapsedMs": 0.016, "aircraftEntries": 6}, "done_input_ids_load": {"elapsedMs": 1.856, "count": 3}, "plan_deepcopy": {"elapsedMs": 0.081}, "target_uav_assignment": {"elapsedMs": 0.883, "assignedTargetCount": 2, "usedTrackingUavCount": 2}, "manned_sequence_assignment": {"elapsedMs": 17.445, "aircraftCount": 2, "error": null}, "attack_coordinate_resolution": {"elapsedMs": 11.403, "resolvedCount": 2, "mannedSequenceCount": 2}, "remaining_eta": {"elapsedMs": 7.642, "allUavCount": 3, "trackingUavCount": 2, "computedEtaCount": 2, "adjustedEtaS": 0}, "descriptor_list_build": {"elapsedMs": 0.043, "descriptorCount": 6, "activeMannedCount": 2, "otherLahCount": 1, "otherUavCount": 1}, "collab_tracking_scan": {"elapsedMs": 4.771, "inputCount": 1, "unavailableUavCount": 2}, "collab_agent_state_map": {"elapsedMs": 22.011, "aircraftCount": 6}, "collab_parallel_started": {"elapsedMs": 1.078, "inputCount": 1, "workers": 1}, "collab_parallel_join": {"elapsedMs": 3.496, "waitReason": "UAV_TRACK", "inputCount": 1}, "descriptor_loop": {"elapsedMs": 10095.95, "descriptorCount": 6, "updateCount": 5}, "final_collab_plan_update": {"elapsedMs": 0.011, "collabInputCount": 1}, "mission_plan_write": {"elapsedMs": 12.843, "missionPlanID": 700000041}, "option_meta_build": {"elapsedMs": 0.066, "targetCount": 2, "collabInputCount": 1}}, "collabRuns": [{"inputMissionID": 5, "unavailableAircraftIDs": [4, 5], "elapsedMs": 2969.855, "status": "ok", "replacementAircraftIDs": [6], "generatedPathCount": 1, "finishEtaS": 78, "workflow": "no_split"}], "descriptorDetails": [{"aircraftID": 2, "label": "manned", "mode": "LAH_ATTACK", "resolveArtifacts": {"elapsedMs": 3.554, "currentWaypointID": null, "sourcePathID": 200000058, "sourceImpID": 800000149}, "loadArtifacts": {"elapsedMs": 0.005, "impLoaded": true, "fpLoaded": true}, "cloneAndLocateMission": {"elapsedMs": 0.077, "missionCount": 2, "targetIndex": 0}, "allocateAndPlanUpdate": {"elapsedMs": 550.821, "newImpID": 800000185}, "builder": {"elapsedMs": 3418.618, "builderMode": "LAH_ATTACK"}, "builderDetail": {"allocate_ids": {"elapsedMs": 1058.081, "attackPathID": 200000070, "resumePathID": 200000071, "attackIndividualID": 900000457, "resumeIndividualID": 900000458, "entryWaypointID": 600995, "attackWaypointID": 600996}, "split_lah_resume": {"elapsedMs": 1306.646, "resumeWaypointCount": 1, "removedWaypointID": 350853}, "clone_followups": {"elapsedMs": 803.226, "followUpMissionCount": 1, "followUpPathCount": 1}, "payload_build": {"elapsedMs": 238.233, "hasResume": true, "followUpMissionCount": 1, "attackSpeedMps": 73.61}, "write_json": {"elapsedMs": 5.023, "fileCount": 4}, "totalMs": 3415.264}, "status": "ok", "elapsedMs": 3973.201}, {"aircraftID": 3, "label": "manned", "mode": "LAH_ATTACK", "resolveArtifacts": {"elapsedMs": 2.141, "currentWaypointID": null, "sourcePathID": 300000058, "sourceImpID": 800000150}, "loadArtifacts": {"elapsedMs": 0.007, "impLoaded": true, "fpLoaded": true}, "cloneAndLocateMission": {"elapsedMs": 0.141, "missionCount": 2, "targetIndex": 0}, "allocateAndPlanUpdate": {"elapsedMs": 14.847, "newImpID": 800000189}, "builder": {"elapsedMs": 2987.541, "builderMode": "LAH_ATTACK"}, "builderDetail": {"allocate_ids": {"elapsedMs": 874.475, "attackPathID": 300000070, "resumePathID": 300000071, "attackIndividualID": 900000464, "resumeIndividualID": 900000465, "entryWaypointID": 601011, "attackWaypointID": 601015}, "split_lah_resume": {"elapsedMs": 1550.388, "resumeWaypointCount": 1, "removedWaypointID": 350857}, "clone_followups": {"elapsedMs": 304.879, "followUpMissionCount": 1, "followUpPathCount": 1}, "payload_build": {"elapsedMs": 249.001, "hasResume": true, "followUpMissionCount": 1, "attackSpeedMps": 73.61}, "write_json": {"elapsedMs": 3.96, "fileCount": 4}, "totalMs": 2985.836}, "status": "ok", "elapsedMs": 3004.847}, {"aircraftID": 1, "label": "lah_hold_1", "mode": "LAH_HOLD_RESUME", "resolveArtifacts": {"elapsedMs": 0.803, "currentWaypointID": null, "sourcePathID": 100000057, "sourceImpID": 800000148}, "loadArtifacts": {"elapsedMs": 0.007, "impLoaded": true, "fpLoaded": true}, "cloneAndLocateMission": {"elapsedMs": 0.142, "missionCount": 2, "targetIndex": 0}, "allocateAndPlanUpdate": {"elapsedMs": 7.72, "newImpID": 800000190}, "builder": {"elapsedMs": 1302.627, "builderMode": "LAH_HOLD_RESUME"}, "builderDetail": {"allocate_ids": {"elapsedMs": 24.574, "holdPathID": 100000069, "resumePathID": 100000070, "holdIndividualID": 900000467, "resumeIndividualID": 900000468}, "split_lah_resume": {"elapsedMs": 710.71, "resumeWaypointCount": 1, "removedWaypointID": 350849}, "clone_followups": {"elapsedMs": 309.728, "followUpMissionCount": 1, "followUpPathCount": 1}, "payload_build": {"elapsedMs": 555.428, "hasResume": true, "followUpMissionCount": 1}, "write_json": {"elapsedMs": 4.815, "fileCount": 4}, "totalMs": 1302.57}, "status": "ok", "elapsedMs": 1311.473}, {"aircraftID": 4, "label": "uav_tracking_4", "mode": "UAV_TRACK", "resolveArtifacts": {"elapsedMs": 0.028, "currentWaypointID": 600892, "sourcePathID": 400000097, "sourceImpID": 800000166}, "loadArtifacts": {"elapsedMs": 0.005, "impLoaded": true, "fpLoaded": true}, "cloneAndLocateMission": {"elapsedMs": 0.199, "missionCount": 2, "targetIndex": 0}, "allocateAndPlanUpdate": {"elapsedMs": 7.203, "newImpID": 800000191}, "builder": {"elapsedMs": 871.261, "builderMode": "UAV_TRACK"}, "builderDetail": {"allocate_ids": {"elapsedMs": 285.6, "donePathID": 400000107, "attackPathID": 400000108, "resumePathID": 400000109, "trackingIndividualID": 900000470, "resumeIndividualID": 900000471, "targetWaypointID": 601032}, "split_done_resume": {"elapsedMs": 1.464, "sourceSinglePoint": true, "doneWaypointCount": 1, "resumeWaypointCount": 0, "removedWaypointID": 600892}, "clone_followups": {"elapsedMs": 286.117, "followUpMissionCount": 1, "followUpPathCount": 1}, "release_resume": {"elapsedMs": 243.44, "releaseWaypointCount": 2, "targetFinishEtaS": 78}, "write_json": {"elapsedMs": 47.307, "fileCount": 5}, "totalMs": 868.844}, "trackingState": {"elapsedMs": 8.625}, "status": "ok", "elapsedMs": 888.228}, {"aircraftID": 5, "label": "uav_tracking_5", "mode": "UAV_TRACK", "resolveArtifacts": {"elapsedMs": 0.029, "currentWaypointID": 600912, "sourcePathID": 500000109, "sourceImpID": 800000168}, "loadArtifacts": {"elapsedMs": 0.005, "impLoaded": true, "fpLoaded": true}, "cloneAndLocateMission": {"elapsedMs": 0.218, "missionCount": 2, "targetIndex": 0}, "allocateAndPlanUpdate": {"elapsedMs": 6.479, "newImpID": 800000192}, "builder": {"elapsedMs": 892.986, "builderMode": "UAV_TRACK"}, "builderDetail": {"allocate_ids": {"elapsedMs": 283.438, "donePathID": 500000125, "attackPathID": 500000126, "resumePathID": 500000127, "trackingIndividualID": 900000473, "resumeIndividualID": 900000474, "targetWaypointID": 601038}, "split_done_resume": {"elapsedMs": 1.116, "sourceSinglePoint": true, "doneWaypointCount": 1, "resumeWaypointCount": 0, "removedWaypointID": 600912}, "clone_followups": {"elapsedMs": 288.808, "followUpMissionCount": 1, "followUpPathCount": 1}, "release_resume": {"elapsedMs": 262.66, "releaseWaypointCount": 2, "targetFinishEtaS": 78}, "write_json": {"elapsedMs": 48.399, "fileCount": 5}, "totalMs": 890.032}, "trackingState": {"elapsedMs": 12.445}, "status": "ok", "elapsedMs": 913.063}, {"aircraftID": 6, "label": "uav_resume_6", "mode": "UAV_RESUME", "resolveArtifacts": {"elapsedMs": 0.029, "currentWaypointID": 600925, "sourcePathID": 600000091, "sourceImpID": 800000170}, "loadArtifacts": {"elapsedMs": 0.005, "impLoaded": true, "fpLoaded": true}, "cloneAndLocateMission": {"elapsedMs": 0.191, "missionCount": 2, "targetIndex": 0}, "status": "handled_by_collab", "elapsedMs": 0.905}], "totalMs": 10181}
2026-05-21T04:41:31.936591Z [ATTACK] [ATTACK][TIME] override_total=10181ms
2026-05-21T04:41:31.937381Z [ATTACK] [TIME] apply_attack_plan_overrides=10199ms
2026-05-21T04:41:31.947728Z [ATTACK] [TIME] timingMs={"read_source": 13.031, "descriptor_build": 12.365, "write_artifacts": 10212.452, "delivery_wait": 9.597}
2026-05-21T04:41:31.948348Z [ATTACK] [TIME] total=10248ms
2026-05-21T04:41:31.954649Z [ATTACK] 분석 로그 저장: C:\Users\TRL98\Desktop\LAH_MUMT\Logs\Scenario_2026-05-21T132543\SBC3\DSS_Internal\log_attack_algorithm_20260521T044131_949049.json
2026-05-21T04:41:31.956735Z [ATTACK] mark target used: targetIDs=93, 92
2026-05-21T04:41:31.988163Z [ATTACK-EXCLUDE] ATTACK-EXCLUDE using requested missionPlanID 700000042 (sourcePlanID=700000038)
2026-05-21T04:41:31.988794Z [ATTACK-EXCLUDE] [PRIOR][UAV] Resume sweep trim applied (cutPoints=19, rawCutPoints=19, doneSweepPoints=0, pathID=400000097).
2026-05-21T04:41:31.989376Z [ATTACK-EXCLUDE] [PRIOR][UAV] Resume searchSpeed scaled (factor=1.30, waypoints=1).
2026-05-21T04:41:31.989911Z [ATTACK-EXCLUDE] [PRIOR][UAV] Generated done/resume mission -> aircraft=4 IMP:800000184.json PATHS:400000105.json
2026-05-21T04:41:31.990472Z [ATTACK-EXCLUDE] [PRIOR][UAV] Resume sweep trim applied (cutPoints=13, rawCutPoints=13, doneSweepPoints=0, pathID=500000109).
2026-05-21T04:41:31.990989Z [ATTACK-EXCLUDE] [PRIOR][UAV] Resume searchSpeed scaled (factor=1.30, waypoints=1).
2026-05-21T04:41:31.991514Z [ATTACK-EXCLUDE] [PRIOR][UAV] Generated done/resume mission -> aircraft=5 IMP:800000186.json PATHS:500000123.json
2026-05-21T04:41:31.992030Z [ATTACK-EXCLUDE] [PRIOR][UAV] Resume trimmed by currentWP (lastRemovedWP=600924).
2026-05-21T04:41:31.992545Z [ATTACK-EXCLUDE] [PRIOR][UAV] Added replan anchor waypoint to done path (anchorWP=601016).
2026-05-21T04:41:31.993176Z [ATTACK-EXCLUDE] [PRIOR][UAV] Resume sweep trim applied (cutPoints=25, rawCutPoints=25, doneSweepPoints=0, pathID=600000091).
2026-05-21T04:41:31.993781Z [ATTACK-EXCLUDE] [PRIOR][UAV] Resume searchSpeed scaled (factor=1.30, waypoints=1).
2026-05-21T04:41:31.994347Z [ATTACK-EXCLUDE] [PRIOR][UAV] Generated done/resume mission -> aircraft=6 IMP:800000188.json PATHS:600000098.json/600000099.json
2026-05-21T04:41:31.994864Z [ATTACK-EXCLUDE] 공격 배제 MissionPlan 저장 -> 700000042.json (planID=700000042)
2026-05-21T04:41:31.995372Z [ATTACK-EXCLUDE] ATTACK-EXCLUDE carried area remaining snapshot -> mission_area_snapshot_700000042.json (sourcePlanID=700000038, planID=700000042)
2026-05-21T04:41:32.510020Z [ATTACK] 공격 임무 계획 완료 (planIds=700000041)
2026-05-21T04:41:32.511597Z [INFO] UAV params loaded (cruise=40.00, turn_step=15.0)
2026-05-21T04:41:32.512226Z [INFO] Latest input snapshot → 0201:ID=3,ts=832653591020,src=-, 0203:ID=1,ts=832652848760,src=-
2026-05-21T04:41:32.512790Z [STEP 0] Using latest 0201 ID 3 (3.json)
2026-05-21T04:41:32.513344Z [STEP 0] Using latest 0203 ID 1 (1.json)
2026-05-21T04:41:32.513959Z [CHECK] 0201/0203 필수 데이터 확인 시작
2026-05-21T04:41:32.514499Z [OK] 0201 inputMissionList 확인됨 (count=5) → 진행
2026-05-21T04:41:32.515015Z [OK] 0201 availableAircraftList 확인됨 (count=6) → 진행
2026-05-21T04:41:32.515536Z [OK] 0201 inputMissionPackageType=1 확인
2026-05-21T04:41:32.516204Z [OK] 0201 mainSensor=1 확인
2026-05-21T04:41:32.516811Z [CHECK] 0201 기체 수=6 (UAV=3, LAH=3)
2026-05-21T04:41:32.517364Z [CHECK] 0201 임무: total=5 missingID=0 missingDetail=0 missingShape=0 unknownType=0 typeZeroAuto=0 typeZeroInvalid=0 lineOnlyViolation=0 skippedSinglePoint=0
2026-05-21T04:41:32.517917Z [OK] 0203 takeOverInfoList 확인됨 (count=3) → 진행
2026-05-21T04:41:32.518502Z [OK] 0203 handOverInfoList 확인됨 (count=3) → 진행
2026-05-21T04:41:32.519030Z [OK] 0203 flightAreaList 확인됨 (count=1) → 진행
2026-05-21T04:41:32.519564Z [CHECK] 0203 flightAreaList count=1
2026-05-21T04:41:32.520084Z [INFO] 임무 진행영역 스냅샷 적용: sourcePlan=700000038, updated=2, done=0
2026-05-21T04:41:32.520611Z [INFO] 임무 진행영역 재계획 collapse 적용: groups=2, normalized=3, 5
2026-05-21T04:41:32.521137Z [INFO] Filtered completed input missions (removed=1, 2, 4, converted=-, widthAdjusted=-, skippedSinglePoint=-, snapshot=updated=2, done=0, collapse=groups=2, normalized=3,5)
2026-05-21T04:41:32.521663Z [REPLAN][TIME] variant_started_ms=10303.2 wall_ms=1779338491987 variant=1 option=3 mode=attack_exclusion
2026-05-21T04:41:32.522479Z [variant 1] 공격 배제 병렬 결과 병합
2026-05-21T04:41:32.523177Z [REPLAN][TIME] attack_exclusion_parallel_joined_ms=10311.1 wall_ms=1779338491995 variant=1 duration_ms=6340.077 wait_ms=0.011
2026-05-21T04:41:32.523775Z [OK] 공격 배제 variant 저장: MissionPlanID=700000042 (elapsed=6340.1 ms)
2026-05-21T04:41:32.524279Z [INFO] Option mapping #1: planID=700000042, optionCode=3(공격배제)
2026-05-21T04:41:32.524749Z [REPLAN][TIME] variant_finished_ms=10311.3 wall_ms=1779338491995 variant=1 option=3 mode=attack_exclusion status=success duration_ms=6340.077
2026-05-21T04:41:32.525241Z [OK] Stored mission data: MissionPlan=1, IndividualMission=0, FlightPath=0
2026-05-21T04:41:32.525679Z [REPLAN][TIME] id_tab_update_deferred_ms=10313.3 wall_ms=1779338491997
2026-05-21T04:41:32.526101Z [REPLAN][TIME] pipeline_done_ms=10313.4 wall_ms=1779338491998 plans=2 force_direct=False
2026-05-21T04:41:32.526517Z [REPLAN][TIME] 0301_queued_ms=10313.5 wall_ms=1779338491998 plans=2
2026-05-21T04:41:32.526931Z [STEP 4] 0301 push queued (planIds=700000041, 700000042)
2026-05-21T04:41:32.528545Z [0301] missionPlanID=700000041 전송
2026-05-21T04:41:32.530316Z [0301] missionPlanID=700000042 전송
2026-05-21T04:41:32.531451Z [PUSH] 0301 direct batch send
2026-05-21T04:41:32.532119Z [REPLAN][TIME] 0301_sent_ms=10847.3 wall_ms=1779338492531 plans=2
2026-05-21T04:41:32.532818Z [REPLAN][TIME] post_0301_delivery_queued_ms=10848.0 wall_ms=1779338492532 grace_ms=0 timeout_ms=20 force_direct=0 mode=option_or_0901
2026-05-21T04:41:32.533519Z [INFO] Post-0301 apply queued (mode=option_or_0901, grace=0ms, timeout=20ms, plans=2)
2026-05-21T04:41:32.536111Z [REPLAN][TIME] 0305_status_2_ms=10851.3 wall_ms=1779338492535 reason=표적93 등 2개 발견
2026-05-21T04:41:32.536657Z [0305] status=2, reason=표적93 등 2개 발견, elapsed=10.84s 전송
2026-05-21T04:41:32.537287Z [REPLAN][TIME] post_0301_completion_ready_ms=10852.5 wall_ms=1779338492537 mode=option_or_0901
2026-05-21T04:41:32.538082Z [REPLAN][METRIC] source_artifact_cache entries=21 hits=39 misses=21
2026-05-21T04:41:32.557064Z [INFO] Post-0301 ready (timeout) -> sending 0901
2026-05-21T04:41:32.557816Z [REPLAN][TIME] post_0301_flushed_ms=10873.0 wall_ms=1779338492557 delivery=0901 trigger=timeout
2026-05-21T04:41:32.560824Z [REPLAN][TIME] 0901_sent_ms=10876.0 wall_ms=1779338492560 options=2
2026-05-21T04:41:32.561519Z [0901] option request sent (count=2, codes=2(공격특화), 3(공격배제))
2026-05-21T04:41:32.562095Z [REPLAN][TIME] id_tab_update_flushed_ms=10877.3 wall_ms=1779338492561
2026-05-21T04:41:40.964282Z [REPLAN][TIME] 0902_received_ms=0.3 wall_ms=1779338500964 trigger=attack_2_option replanLevel=2 optionCount=2 forceDirect=0
2026-05-21T04:41:40.965439Z [REPLAN][TIME] 0902_archived_ms=1.5 wall_ms=1779338500965 path=replan_request_832653700028.json
2026-05-21T04:41:40.966032Z [AUTO] 0902 received (planIds=700000043, 700000044)
2026-05-21T04:41:40.966651Z [REPLAN][TIME] pipeline_scheduled_ms=2.7 wall_ms=1779338500966 delay_ms=0
2026-05-21T04:41:40.967662Z [REPLAN][TIME] scheduled_start_ms=3.7 wall_ms=1779338500967
2026-05-21T04:41:40.969916Z [REPLAN][TIME] 0305_status_1_ms=6.0 wall_ms=1779338500969 reason=표적94 발견 재계획
2026-05-21T04:41:40.970588Z [0305] status=1, reason=표적94 발견 재계획 전송
2026-05-21T04:41:40.976738Z [INFO] Using latest 0203 ID 1 for missionReferencePackageID (fallback)
2026-05-21T04:41:40.977518Z [STEP 0] Replan pipeline start (reason=표적94 발견 재계획)
2026-05-21T04:41:40.978327Z [REPLAN][TIME] attack_exclusion_parallel_started_ms=12.5 wall_ms=1779338500976 option_index=2 sourcePlanID=700000042
2026-05-21T04:41:40.978984Z [ATTACK-EXCLUDE] parallel generation started (sourcePlanID=700000042, optionIndex=2)
2026-05-21T04:41:40.979917Z [ATTACK] 공격 특화 재계획 요청 감지 → 전용 파이프라인 실행
2026-05-21T04:41:40.988440Z [ATTACK] [TIME] select_manned_aircraft=12ms
2026-05-21T04:41:40.989113Z [ATTACK] STEP1 Selected manned aircraft: aircraft 2 (fuel=1200.0, coord=(37.85672378540039, 128.23350524902344, alt=1199))
2026-05-21T04:41:40.990668Z [ATTACK] [TIME] load_target_entries=1ms
2026-05-21T04:41:40.991345Z [ATTACK] STEP2 UAV tracking summary: watcher 5?’target 94, watcher 4?’target unknown-10, watcher 4?’target unknown-13, watcher 4?’target unknown-17, watcher 4?’target unknown-2, watcher 4?’target unknown-22, watcher 4?’target unknown-27, watcher 4?’target unknown-31, watcher 4?’target unknown-33, watcher 4?’target unknown-34, watcher 4?’target unknown-35, watcher 5?’target unknown-12, watcher 5?’target unknown-15, watcher 5?’target unknown-16, watcher 5?’target unknown-18, watcher 5?’target unknown-19, watcher 5?’target unknown-20, watcher 5?’target unknown-28, watcher 5?’target unknown-3, watcher 5?’target unknown-32, watcher 5?’target unknown-36, watcher 5?’target unknown-4, watcher 5?’target unknown-6, watcher 5?’target unknown-7, watcher 5?’target unknown-8, watcher 5?’target unknown-9, watcher 6?’target unknown-1, watcher 6?’target unknown-11, watcher 6?’target unknown-21, watcher 6?’target unknown-23, watcher 6?’target unknown-25, watcher 6?’target unknown-29, watcher 6?’target unknown-30, watcher 6?’target unknown-37, watcher 6?’target unknown-5, watcher 4?’target 77, watcher 6?’target 78, watcher 5?’target 79, watcher 5?’target 80, watcher 4?’target 81, watcher 5?’target 82, watcher 5?’target 83, watcher 5?’target 84, watcher 4?’target 85, watcher 4?’target 86, watcher 5?’target 87, watcher 6?’target 88, watcher 5?’target 89, watcher 6?’target 90, watcher 5?’target 91, watcher 5?’target 92, watcher 4?’target 93
2026-05-21T04:41:40.992164Z [ATTACK] STEP2.5 Using bundled 0402 targets: target=94 watcher=5
2026-05-21T04:41:40.997122Z [ATTACK] [ATTACK] Selected target id=94 type=1 weaponType=2 (preferred=2, ammo={'type1': 500, 'type2': 7, 'type3': 2})
2026-05-21T04:41:41.006379Z [ATTACK] [TIME] compute_attack_point=9ms
2026-05-21T04:41:41.007187Z [ATTACK] STEP3 Attack plan completed: lat=37.896817, lon=128.200154, alt=975m
2026-05-21T04:41:41.008146Z [ATTACK] [ATTACK] Using remembered waypoint 601007 for watcher 5 while auto-tracking.
2026-05-21T04:41:41.014924Z [ATTACK] [ATTACK] Weapon choice aircraft=2 preferred=2 selected=2 ammo={'type1': 500, 'type2': 7, 'type3': 2}
2026-05-21T04:41:41.015931Z [ATTACK] [ATTACK][ETA] Tracking ETA computed with LAH max attack speed (dist=5333.3m, speed=73.61m/s, +30s) -> 102s
2026-05-21T04:41:41.028511Z [ATTACK] [ATTACK] Using requested missionPlanID 700000043 (sourcePlanID=700000042)
2026-05-21T04:41:41.038964Z [ATTACK] [ATTACK][POINT] Primary target adaptive standoff mode=far_projected_to_preferred_standoff currentDist=7333.333505266336m candidateDist=2000.0000000003165m standoff=300.0/2000.0m.
2026-05-21T04:41:41.043327Z [ATTACK] [ATTACK][ETA] UAV 4 remaining mission time: 0.0s
2026-05-21T04:41:41.049487Z [ATTACK] [ATTACK][ETA] UAV 6 remaining mission time: 0.0s
2026-05-21T04:41:41.050329Z [ATTACK] [ATTACK][ETA] Non-tracking UAV ETA selected: UAV 4 with 0s remaining
2026-05-21T04:41:41.051017Z [ATTACK] [ATTACK][ETA] All tracking ETAs unified to 0s
2026-05-21T04:41:41.065626Z [ATTACK] [ATTACK][COLLAB] Remaining UAV entry lookahead applied: 9.0s (pathFollow=3, linearFallback=3, currentOnly=0)
2026-05-21T04:41:41.068409Z [ATTACK] [PRIOR] Falling back to first mission for aircraft 2 (current waypoint not found in plan).
2026-05-21T04:41:42.510503Z [ATTACK] [ATTACK][LAH] Using max attack speed 73.61m/s (265.0km/h) for aircraft 2.
2026-05-21T04:41:42.511259Z [ATTACK] [ATTACK][LAH] Inferred current waypoint from position -> 350853.
2026-05-21T04:41:42.512014Z [ATTACK] [ATTACK][LAH] Dropped current waypoint from resume path (currentWP=350853, nextWP=350854).
2026-05-21T04:41:45.498743Z [ATTACK] [ATTACK][LAH] Preserved completed prefix, inserted attack, and reattached 1 follow-up mission(s).
2026-05-21T04:41:45.505159Z [ATTACK] [ATTACK][LAH] Generated attack/resume missions -> IMP:800000194.json PATHS:200000073.json/200000074.json (followUps=1)
2026-05-21T04:41:45.506075Z [ATTACK] [PRIOR] Falling back to first mission for aircraft 1 (current waypoint not found in plan).
2026-05-21T04:41:45.871008Z [ATTACK] [ATTACK][LAH] Inferred current waypoint from position -> 350849.
2026-05-21T04:41:45.871942Z [ATTACK] [ATTACK][LAH] Dropped current waypoint from resume path (currentWP=350849, nextWP=350850).
2026-05-21T04:41:48.155817Z [ATTACK] [ATTACK][LAH] Preserved completed prefix, inserted hold, and reattached 1 follow-up mission(s).
2026-05-21T04:41:48.161705Z [ATTACK] [ATTACK][LAH] Generated hold/resume missions -> IMP:800000197.json PATHS:100000072.json/100000073.json (followUps=1)
2026-05-21T04:41:48.163816Z [ATTACK] [PRIOR] Falling back to first mission for aircraft 3 (current waypoint not found in plan).
2026-05-21T04:41:48.196576Z [ATTACK] [ATTACK][LAH] Inferred current waypoint from position -> 350857.
2026-05-21T04:41:48.197387Z [ATTACK] [ATTACK][LAH] Dropped current waypoint from resume path (currentWP=350857, nextWP=350858).
2026-05-21T04:41:49.561760Z [ATTACK] [ATTACK][LAH] Preserved completed prefix, inserted hold, and reattached 1 follow-up mission(s).
2026-05-21T04:41:49.568264Z [ATTACK] [ATTACK][LAH] Generated hold/resume missions -> IMP:800000200.json PATHS:300000073.json/300000074.json (followUps=1)
2026-05-21T04:41:49.570056Z [ATTACK] [NEXTCOLLAB] division planner area-division pieces=2
2026-05-21T04:41:49.570585Z [ATTACK] [NEXTCOLLAB] division planner final workflow=no_split paths=2
2026-05-21T04:41:49.571053Z [ATTACK] [ATTACK][COLLAB] Collaborative replacement IMP written (aircraft=4, imp=800000198.json, missions=1).
2026-05-21T04:41:49.571619Z [ATTACK] [ATTACK][COLLAB] Collaborative replacement IMP written (aircraft=6, imp=800000199.json, missions=1).
2026-05-21T04:41:49.572304Z [ATTACK] [ATTACK][COLLAB] First sweep searchSpeed boosted (aircraft=4, pathID=400000114, waypointID=601059, factor=1.30, old=749.11, new=973.85).
2026-05-21T04:41:49.572945Z [ATTACK] [ATTACK][COLLAB] First sweep searchSpeed boosted (aircraft=6, pathID=600000101, waypointID=601071, factor=1.30, old=682.03, new=886.64).
2026-05-21T04:41:49.573526Z [ATTACK] [ATTACK][COLLAB] Collaborative remaining mission replanned (inputMissionID=5, unavailable=[5], remaining=[4, 6], workflow=no_split).
2026-05-21T04:41:49.584107Z [ATTACK] [ATTACK][UAV] Tracking target altitude kept for sensor only; flight altitude replaced 675m -> 1887m.
2026-05-21T04:41:49.890114Z [ATTACK] [ATTACK][UAV] Source path has a single waypoint; preserving it as done and skipping done/resume split.
2026-05-21T04:41:50.464537Z [ATTACK] [ATTACK][COLLAB] Tracking UAV resume replaced with release transit (aircraft=5, targetFinishEta=77, speed=58.0m/s).
2026-05-21T04:41:50.466563Z [ATTACK] [ATTACK][UAV] Preserved completed prefix, inserted tracking, and reattached 1 follow-up mission(s).
2026-05-21T04:41:50.514598Z [ATTACK] [ATTACK][UAV] Generated tracking/resume missions -> IMP:800000201.json PATHS:500000133.json/500000134.json (followUps=1)
2026-05-21T04:41:50.525992Z [ATTACK] [ATTACK][UAV] Tracking assignment state saved (aircraft=5, sourcePlan=700000042, attackPlan=700000043).
2026-05-21T04:41:50.527165Z [ATTACK] [ATTACK][COLLAB] Aircraft 4 handled by collaborative remaining replan (inputMissionID=5).
2026-05-21T04:41:50.528192Z [ATTACK] [ATTACK][COLLAB] Aircraft 6 handled by collaborative remaining replan (inputMissionID=5).
2026-05-21T04:41:50.541792Z [ATTACK] [ATTACK][PLAN] carried area remaining snapshot -> mission_area_snapshot_700000043.json (sourcePlanID=700000042, planID=700000043)
2026-05-21T04:41:50.542490Z [ATTACK] [ATTACK][PLAN] MissionPlan saved -> 700000043.json (planID=700000043)
2026-05-21T04:41:50.543855Z [ATTACK] [ATTACK][TIME] override_detail={"phases": {"metadata_normalize": {"elapsedMs": 0.007, "attackTargetCount": 1, "selectedMannedCount": 1}, "agent_index": {"elapsedMs": 0.091, "aircraftCount": 6}, "weapon_choice": {"elapsedMs": 5.877, "selectedWeaponType": 2, "ammoAvailable": true}, "initial_tracking_eta": {"elapsedMs": 0.991, "useDetectionTracking": true, "trackingEtaS": 102}, "resolve_source_plan": {"elapsedMs": 5.125, "sourcePlanID": 700000042}, "source_plan_load": {"elapsedMs": 0.623, "sourcePlanID": 700000042, "aircraftCount": 6}, "sweep_progress_load": {"elapsedMs": 3.269, "entries": 78}, "plan_id_resolve": {"elapsedMs": 0.027, "requested": true, "missionPlanID": 700000043}, "source_artifact_cache_build": {"elapsedMs": 0.019, "aircraftEntries": 6}, "done_input_ids_load": {"elapsedMs": 2.149, "count": 3}, "plan_deepcopy": {"elapsedMs": 0.085}, "target_uav_assignment": {"elapsedMs": 0.866, "assignedTargetCount": 1, "usedTrackingUavCount": 1}, "manned_sequence_assignment": {"elapsedMs": 4.28, "aircraftCount": 1, "error": null}, "attack_coordinate_resolution": {"elapsedMs": 2.867, "resolvedCount": 1, "mannedSequenceCount": 1}, "remaining_eta": {"elapsedMs": 10.857, "allUavCount": 3, "trackingUavCount": 1, "computedEtaCount": 1, "adjustedEtaS": 0}, "descriptor_list_build": {"elapsedMs": 0.039, "descriptorCount": 6, "activeMannedCount": 1, "otherLahCount": 2, "otherUavCount": 2}, "collab_tracking_scan": {"elapsedMs": 2.774, "inputCount": 1, "unavailableUavCount": 1}, "collab_agent_state_map": {"elapsedMs": 11.947, "aircraftCount": 6}, "collab_parallel_started": {"elapsedMs": 0.823, "inputCount": 1, "workers": 1}, "collab_parallel_join": {"elapsedMs": 4.272, "waitReason": "UAV_TRACK", "inputCount": 1}, "descriptor_loop": {"elapsedMs": 9461.319, "descriptorCount": 6, "updateCount": 4}, "final_collab_plan_update": {"elapsedMs": 0.013, "collabInputCount": 1}, "mission_plan_write": {"elapsedMs": 13.484, "missionPlanID": 700000043}, "option_meta_build": {"elapsedMs": 0.055, "targetCount": 1, "collabInputCount": 1}}, "collabRuns": [{"inputMissionID": 5, "unavailableAircraftIDs": [5], "elapsedMs": 6521.669, "status": "ok", "replacementAircraftIDs": [4, 6], "generatedPathCount": 2, "finishEtaS": 77, "workflow": "no_split"}], "descriptorDetails": [{"aircraftID": 2, "label": "manned", "mode": "LAH_ATTACK", "resolveArtifacts": {"elapsedMs": 1.462, "currentWaypointID": null, "sourcePathID": 200000058, "sourceImpID": 800000149}, "loadArtifacts": {"elapsedMs": 0.006, "impLoaded": true, "fpLoaded": true}, "cloneAndLocateMission": {"elapsedMs": 0.126, "missionCount": 2, "targetIndex": 0}, "allocateAndPlanUpdate": {"elapsedMs": 29.373, "newImpID": 800000194}, "builder": {"elapsedMs": 4407.184, "builderMode": "LAH_ATTACK"}, "builderDetail": {"allocate_ids": {"elapsedMs": 1409.074, "attackPathID": 200000073, "resumePathID": 200000074, "attackIndividualID": 900000478, "resumeIndividualID": 900000479, "entryWaypointID": 601048, "attackWaypointID": 601049}, "split_lah_resume": {"elapsedMs": 1401.036, "resumeWaypointCount": 1, "removedWaypointID": 350853}, "clone_followups": {"elapsedMs": 1247.359, "followUpMissionCount": 1, "followUpPathCount": 1}, "payload_build": {"elapsedMs": 338.856, "hasResume": true, "followUpMissionCount": 1, "attackSpeedMps": 73.61}, "write_json": {"elapsedMs": 4.704, "fileCount": 4}, "totalMs": 4404.662}, "status": "ok", "elapsedMs": 4438.315}, {"aircraftID": 1, "label": "lah_hold_1", "mode": "LAH_HOLD_RESUME", "resolveArtifacts": {"elapsedMs": 0.799, "currentWaypointID": null, "sourcePathID": 100000057, "sourceImpID": 800000148}, "loadArtifacts": {"elapsedMs": 0.006, "impLoaded": true, "fpLoaded": true}, "cloneAndLocateMission": {"elapsedMs": 0.146, "missionCount": 2, "targetIndex": 0}, "allocateAndPlanUpdate": {"elapsedMs": 316.656, "newImpID": 800000197}, "builder": {"elapsedMs": 2339.916, "builderMode": "LAH_HOLD_RESUME"}, "builderDetail": {"allocate_ids": {"elapsedMs": 42.52, "holdPathID": 100000072, "resumePathID": 100000073, "holdIndividualID": 900000487, "resumeIndividualID": 900000488}, "split_lah_resume": {"elapsedMs": 1661.497, "resumeWaypointCount": 1, "removedWaypointID": 350849}, "clone_followups": {"elapsedMs": 332.208, "followUpMissionCount": 1, "followUpPathCount": 1}, "payload_build": {"elapsedMs": 627.832, "hasResume": true, "followUpMissionCount": 1}, "write_json": {"elapsedMs": 4.212, "fileCount": 4}, "totalMs": 2339.875}, "status": "ok", "elapsedMs": 2657.666}, {"aircraftID": 3, "label": "lah_hold_3", "mode": "LAH_HOLD_RESUME", "resolveArtifacts": {"elapsedMs": 0.629, "currentWaypointID": null, "sourcePathID": 300000058, "sourceImpID": 800000150}, "loadArtifacts": {"elapsedMs": 0.006, "impLoaded": true, "fpLoaded": true}, "cloneAndLocateMission": {"elapsedMs": 0.117, "missionCount": 2, "targetIndex": 0}, "allocateAndPlanUpdate": {"elapsedMs": 8.609, "newImpID": 800000200}, "builder": {"elapsedMs": 1396.685, "builderMode": "LAH_HOLD_RESUME"}, "builderDetail": {"allocate_ids": {"elapsedMs": 23.129, "holdPathID": 300000073, "resumePathID": 300000074, "holdIndividualID": 900000490, "resumeIndividualID": 900000491}, "split_lah_resume": {"elapsedMs": 825.002, "resumeWaypointCount": 1, "removedWaypointID": 350857}, "clone_followups": {"elapsedMs": 281.451, "followUpMissionCount": 1, "followUpPathCount": 1}, "payload_build": {"elapsedMs": 540.12, "hasResume": true, "followUpMissionCount": 1}, "write_json": {"elapsedMs": 4.785, "fileCount": 4}, "totalMs": 1396.644}, "status": "ok", "elapsedMs": 1406.184}, {"aircraftID": 5, "label": "uav_tracking_5", "mode": "UAV_TRACK", "resolveArtifacts": {"elapsedMs": 0.028, "currentWaypointID": 601007, "sourcePathID": 500000123, "sourceImpID": 800000186}, "loadArtifacts": {"elapsedMs": 0.005, "impLoaded": true, "fpLoaded": true}, "cloneAndLocateMission": {"elapsedMs": 0.214, "missionCount": 2, "targetIndex": 0}, "allocateAndPlanUpdate": {"elapsedMs": 9.272, "newImpID": 800000201}, "builder": {"elapsedMs": 931.369, "builderMode": "UAV_TRACK"}, "builderDetail": {"allocate_ids": {"elapsedMs": 301.85, "donePathID": 500000132, "attackPathID": 500000133, "resumePathID": 500000134, "trackingIndividualID": 900000493, "resumeIndividualID": 900000494, "targetWaypointID": 601084}, "split_done_resume": {"elapsedMs": 1.008, "sourceSinglePoint": true, "doneWaypointCount": 1, "resumeWaypointCount": 0, "removedWaypointID": 601007}, "clone_followups": {"elapsedMs": 310.956, "followUpMissionCount": 1, "followUpPathCount": 1}, "release_resume": {"elapsedMs": 262.243, "releaseWaypointCount": 2, "targetFinishEtaS": 77}, "write_json": {"elapsedMs": 46.135, "fileCount": 5}, "totalMs": 927.478}, "trackingState": {"elapsedMs": 10.577}, "status": "ok", "elapsedMs": 952.325}, {"aircraftID": 4, "label": "uav_resume_4", "mode": "UAV_RESUME", "resolveArtifacts": {"elapsedMs": 0.039, "currentWaypointID": 600994, "sourcePathID": 400000105, "sourceImpID": 800000184}, "loadArtifacts": {"elapsedMs": 0.005, "impLoaded": true, "fpLoaded": true}, "cloneAndLocateMission": {"elapsedMs": 0.233, "missionCount": 2, "targetIndex": 0}, "status": "handled_by_collab", "elapsedMs": 1.032}, {"aircraftID": 6, "label": "uav_resume_6", "mode": "UAV_RESUME", "resolveArtifacts": {"elapsedMs": 0.027, "currentWaypointID": 601021, "sourcePathID": 600000099, "sourceImpID": 800000188}, "loadArtifacts": {"elapsedMs": 0.004, "impLoaded": true, "fpLoaded": true}, "cloneAndLocateMission": {"elapsedMs": 0.196, "missionCount": 2, "targetIndex": 0}, "status": "handled_by_collab", "elapsedMs": 0.887}], "totalMs": 9521}
2026-05-21T04:41:50.544559Z [ATTACK] [ATTACK][TIME] override_total=9521ms
2026-05-21T04:41:50.545358Z [ATTACK] [TIME] apply_attack_plan_overrides=9537ms
2026-05-21T04:41:50.556731Z [ATTACK] [TIME] timingMs={"read_source": 14.768, "descriptor_build": 5.892, "write_artifacts": 9548.911, "delivery_wait": 10.591}
2026-05-21T04:41:50.559989Z [ATTACK] [TIME] total=9584ms
2026-05-21T04:41:50.565205Z [ATTACK] 분석 로그 저장: C:\Users\TRL98\Desktop\LAH_MUMT\Logs\Scenario_2026-05-21T132543\SBC3\DSS_Internal\log_attack_algorithm_20260521T044150_560729.json
2026-05-21T04:41:50.579415Z [ATTACK] mark target used: targetIDs=94
2026-05-21T04:41:50.601478Z [ATTACK-EXCLUDE] ATTACK-EXCLUDE using requested missionPlanID 700000044 (sourcePlanID=700000042)
2026-05-21T04:41:50.602157Z [ATTACK-EXCLUDE] [PRIOR][UAV] Resume sweep trim applied (cutPoints=7, rawCutPoints=7, doneSweepPoints=0, pathID=400000105).
2026-05-21T04:41:50.603149Z [ATTACK-EXCLUDE] [PRIOR][UAV] Resume searchSpeed scaled (factor=1.30, waypoints=1).
2026-05-21T04:41:50.603895Z [ATTACK-EXCLUDE] [PRIOR][UAV] Generated done/resume mission -> aircraft=4 IMP:800000193.json PATHS:400000112.json
2026-05-21T04:41:50.604484Z [ATTACK-EXCLUDE] [PRIOR][UAV] Resume sweep trim applied (cutPoints=4, rawCutPoints=4, doneSweepPoints=0, pathID=500000123).
2026-05-21T04:41:50.605079Z [ATTACK-EXCLUDE] [PRIOR][UAV] Resume searchSpeed scaled (factor=1.30, waypoints=1).
2026-05-21T04:41:50.605613Z [ATTACK-EXCLUDE] [PRIOR][UAV] Generated done/resume mission -> aircraft=5 IMP:800000195.json PATHS:500000130.json
2026-05-21T04:41:50.606238Z [ATTACK-EXCLUDE] [PRIOR][UAV] Resume sweep trim applied (cutPoints=16, rawCutPoints=16, doneSweepPoints=0, pathID=600000099).
2026-05-21T04:41:50.606804Z [ATTACK-EXCLUDE] [PRIOR][UAV] Resume searchSpeed scaled (factor=1.30, waypoints=1).
2026-05-21T04:41:50.607384Z [ATTACK-EXCLUDE] [PRIOR][UAV] Generated done/resume mission -> aircraft=6 IMP:800000196.json PATHS:600000103.json
2026-05-21T04:41:50.607909Z [ATTACK-EXCLUDE] 공격 배제 MissionPlan 저장 -> 700000044.json (planID=700000044)
2026-05-21T04:41:50.608438Z [ATTACK-EXCLUDE] ATTACK-EXCLUDE carried area remaining snapshot -> mission_area_snapshot_700000044.json (sourcePlanID=700000042, planID=700000044)
2026-05-21T04:41:51.140317Z [ATTACK] 공격 임무 계획 완료 (planIds=700000043)
2026-05-21T04:41:51.143318Z [INFO] UAV params loaded (cruise=40.00, turn_step=15.0)
2026-05-21T04:41:51.143926Z [INFO] Latest input snapshot → 0201:ID=3,ts=832653591020,src=-, 0203:ID=1,ts=832652848760,src=-
2026-05-21T04:41:51.144499Z [STEP 0] Using latest 0201 ID 3 (3.json)
2026-05-21T04:41:51.145045Z [STEP 0] Using latest 0203 ID 1 (1.json)
2026-05-21T04:41:51.145561Z [CHECK] 0201/0203 필수 데이터 확인 시작
2026-05-21T04:41:51.146088Z [OK] 0201 inputMissionList 확인됨 (count=5) → 진행
2026-05-21T04:41:51.146586Z [OK] 0201 availableAircraftList 확인됨 (count=6) → 진행
2026-05-21T04:41:51.147247Z [OK] 0201 inputMissionPackageType=1 확인
2026-05-21T04:41:51.147934Z [OK] 0201 mainSensor=1 확인
2026-05-21T04:41:51.148559Z [CHECK] 0201 기체 수=6 (UAV=3, LAH=3)
2026-05-21T04:41:51.149702Z [CHECK] 0201 임무: total=5 missingID=0 missingDetail=0 missingShape=0 unknownType=0 typeZeroAuto=0 typeZeroInvalid=0 lineOnlyViolation=0 skippedSinglePoint=0
2026-05-21T04:41:51.150627Z [OK] 0203 takeOverInfoList 확인됨 (count=3) → 진행
2026-05-21T04:41:51.151411Z [OK] 0203 handOverInfoList 확인됨 (count=3) → 진행
2026-05-21T04:41:51.152083Z [OK] 0203 flightAreaList 확인됨 (count=1) → 진행
2026-05-21T04:41:51.152699Z [CHECK] 0203 flightAreaList count=1
2026-05-21T04:41:51.153205Z [INFO] 임무 진행영역 스냅샷 적용: sourcePlan=700000042, updated=2, done=0
2026-05-21T04:41:51.153690Z [INFO] 임무 진행영역 재계획 collapse 적용: groups=2, normalized=3, 5
2026-05-21T04:41:51.154243Z [INFO] Filtered completed input missions (removed=1, 2, 4, converted=-, widthAdjusted=-, skippedSinglePoint=-, snapshot=updated=2, done=0, collapse=groups=2, normalized=3,5)
2026-05-21T04:41:51.154897Z [REPLAN][TIME] variant_started_ms=9637.6 wall_ms=1779338510601 variant=1 option=3 mode=attack_exclusion
2026-05-21T04:41:51.155526Z [variant 1] 공격 배제 병렬 결과 병합
2026-05-21T04:41:51.156131Z [REPLAN][TIME] attack_exclusion_parallel_joined_ms=9645.3 wall_ms=1779338510609 variant=1 duration_ms=6309.025 wait_ms=0.011
2026-05-21T04:41:51.156785Z [OK] 공격 배제 variant 저장: MissionPlanID=700000044 (elapsed=6309.0 ms)
2026-05-21T04:41:51.157453Z [INFO] Option mapping #1: planID=700000044, optionCode=3(공격배제)
2026-05-21T04:41:51.158076Z [REPLAN][TIME] variant_finished_ms=9645.6 wall_ms=1779338510609 variant=1 option=3 mode=attack_exclusion status=success duration_ms=6309.025
2026-05-21T04:41:51.158663Z [OK] Stored mission data: MissionPlan=1, IndividualMission=0, FlightPath=0
2026-05-21T04:41:51.159221Z [REPLAN][TIME] id_tab_update_deferred_ms=9646.6 wall_ms=1779338510610
2026-05-21T04:41:51.159766Z [REPLAN][TIME] pipeline_done_ms=9646.7 wall_ms=1779338510610 plans=2 force_direct=False
2026-05-21T04:41:51.160352Z [REPLAN][TIME] 0301_queued_ms=9646.7 wall_ms=1779338510610 plans=2
2026-05-21T04:41:51.160949Z [STEP 4] 0301 push queued (planIds=700000043, 700000044)
2026-05-21T04:41:51.163332Z [0301] missionPlanID=700000043 전송
2026-05-21T04:41:51.165373Z [0301] missionPlanID=700000044 전송
2026-05-21T04:41:51.166623Z [PUSH] 0301 direct batch send
2026-05-21T04:41:51.167340Z [REPLAN][TIME] 0301_sent_ms=10203.5 wall_ms=1779338511167 plans=2
2026-05-21T04:41:51.168027Z [REPLAN][TIME] post_0301_delivery_queued_ms=10204.2 wall_ms=1779338511167 grace_ms=0 timeout_ms=20 force_direct=0 mode=option_or_0901
2026-05-21T04:41:51.168728Z [INFO] Post-0301 apply queued (mode=option_or_0901, grace=0ms, timeout=20ms, plans=2)
2026-05-21T04:41:51.171359Z [REPLAN][TIME] 0305_status_2_ms=10207.5 wall_ms=1779338511171 reason=표적94 발견 재계획
2026-05-21T04:41:51.171991Z [0305] status=2, reason=표적94 발견 재계획, elapsed=10.20s 전송
2026-05-21T04:41:51.172618Z [REPLAN][TIME] post_0301_completion_ready_ms=10208.8 wall_ms=1779338511172 mode=option_or_0901
2026-05-21T04:41:51.173169Z [REPLAN][METRIC] source_artifact_cache entries=21 hits=39 misses=21
2026-05-21T04:41:51.210554Z [INFO] Post-0301 ready (timeout) -> sending 0901
2026-05-21T04:41:51.211264Z [REPLAN][TIME] post_0301_flushed_ms=10247.4 wall_ms=1779338511211 delivery=0901 trigger=timeout
2026-05-21T04:41:51.213662Z [REPLAN][TIME] 0901_sent_ms=10249.8 wall_ms=1779338511213 options=2
2026-05-21T04:41:51.214564Z [0901] option request sent (count=2, codes=2(공격특화), 3(공격배제))
2026-05-21T04:41:51.215389Z [REPLAN][TIME] id_tab_update_flushed_ms=10251.5 wall_ms=1779338511215
2026-05-21T04:42:01.624604Z [REPLAN][TIME] 0902_received_ms=0.2 wall_ms=1779338521623 trigger=attack_2_option replanLevel=2 optionCount=2 forceDirect=0
2026-05-21T04:42:01.625918Z [REPLAN][TIME] 0902_archived_ms=2.5 wall_ms=1779338521625 path=replan_request_832653720282.json
2026-05-21T04:42:01.626555Z [AUTO] 0902 received (planIds=700000045, 700000046)
2026-05-21T04:42:01.627230Z [REPLAN][TIME] pipeline_scheduled_ms=3.8 wall_ms=1779338521627 delay_ms=0
2026-05-21T04:42:01.628371Z [REPLAN][TIME] scheduled_start_ms=5.0 wall_ms=1779338521628
2026-05-21T04:42:01.630804Z [REPLAN][TIME] 0305_status_1_ms=7.4 wall_ms=1779338521630 reason=표적96 발견 재계획
2026-05-21T04:42:01.631425Z [0305] status=1, reason=표적96 발견 재계획 전송
2026-05-21T04:42:01.639279Z [INFO] Using latest 0203 ID 1 for missionReferencePackageID (fallback)
2026-05-21T04:42:01.640130Z [STEP 0] Replan pipeline start (reason=표적96 발견 재계획)
2026-05-21T04:42:01.640785Z [REPLAN][TIME] attack_exclusion_parallel_started_ms=14.0 wall_ms=1779338521637 option_index=2 sourcePlanID=700000044
2026-05-21T04:42:01.642271Z [ATTACK-EXCLUDE] parallel generation started (sourcePlanID=700000044, optionIndex=2)
2026-05-21T04:42:01.643015Z [ATTACK] 공격 특화 재계획 요청 감지 → 전용 파이프라인 실행
2026-05-21T04:42:01.649573Z [ATTACK] [TIME] select_manned_aircraft=11ms
2026-05-21T04:42:01.650303Z [ATTACK] STEP1 Selected manned aircraft: aircraft 3 (fuel=1200.0, coord=(37.8477783203125, 128.23300170898438, alt=1199))
2026-05-21T04:42:01.652717Z [ATTACK] [TIME] load_target_entries=2ms
2026-05-21T04:42:01.653490Z [ATTACK] STEP2 UAV tracking summary: watcher 6?’target 96, watcher 4?’target unknown-10, watcher 4?’target unknown-13, watcher 4?’target unknown-17, watcher 4?’target unknown-2, watcher 4?’target unknown-22, watcher 4?’target unknown-27, watcher 4?’target unknown-31, watcher 4?’target unknown-33, watcher 4?’target unknown-34, watcher 4?’target unknown-35, watcher 4?’target unknown-38, watcher 5?’target unknown-12, watcher 5?’target unknown-15, watcher 5?’target unknown-16, watcher 5?’target unknown-18, watcher 5?’target unknown-19, watcher 5?’target unknown-20, watcher 5?’target unknown-28, watcher 5?’target unknown-3, watcher 5?’target unknown-32, watcher 5?’target unknown-36, watcher 5?’target unknown-4, watcher 5?’target unknown-6, watcher 5?’target unknown-7, watcher 5?’target unknown-8, watcher 5?’target unknown-9, watcher 6?’target unknown-1, watcher 6?’target unknown-11, watcher 6?’target unknown-21, watcher 6?’target unknown-23, watcher 6?’target unknown-25, watcher 6?’target unknown-29, watcher 6?’target unknown-30, watcher 6?’target unknown-37, watcher 6?’target unknown-39, watcher 6?’target unknown-5, watcher 4?’target 77, watcher 6?’target 78, watcher 5?’target 79, watcher 5?’target 80, watcher 4?’target 81, watcher 5?’target 82, watcher 5?’target 83, watcher 5?’target 84, watcher 4?’target 85, watcher 4?’target 86, watcher 5?’target 87, watcher 6?’target 88, watcher 5?’target 89, watcher 6?’target 90, watcher 5?’target 91, watcher 5?’target 92, watcher 4?’target 93, watcher 5?’target 94
2026-05-21T04:42:01.654344Z [ATTACK] STEP2.5 Using bundled 0402 targets: target=96 watcher=6
2026-05-21T04:42:01.660093Z [ATTACK] [ATTACK] Selected target id=96 type=4 weaponType=3 (preferred=3, ammo={'type1': 500, 'type2': 7, 'type3': 2})
2026-05-21T04:42:01.669668Z [ATTACK] [TIME] compute_attack_point=9ms
2026-05-21T04:42:01.670452Z [ATTACK] STEP3 Attack plan completed: lat=37.891197, lon=128.206365, alt=1068m
2026-05-21T04:42:01.671331Z [ATTACK] [ATTACK] Using remembered waypoint 601073 for watcher 6 while auto-tracking.
2026-05-21T04:42:01.677287Z [ATTACK] [ATTACK] Weapon choice aircraft=3 preferred=3 selected=3 ammo={'type1': 500, 'type2': 7, 'type3': 2}
2026-05-21T04:42:01.678082Z [ATTACK] [ATTACK][ETA] Tracking ETA computed with LAH max attack speed (dist=5364.2m, speed=73.61m/s, +30s) -> 103s
2026-05-21T04:42:01.686603Z [ATTACK] [ATTACK] Using requested missionPlanID 700000045 (sourcePlanID=700000044)
2026-05-21T04:42:01.695374Z [ATTACK] [ATTACK][POINT] Primary target adaptive standoff mode=far_projected_to_preferred_standoff currentDist=7364.242996161572m candidateDist=2000.0000000004454m standoff=300.0/2000.0m.
2026-05-21T04:42:01.698199Z [ATTACK] [ATTACK][ETA] UAV 4 remaining mission time: 0.0s
2026-05-21T04:42:01.703018Z [ATTACK] [ATTACK][ETA] UAV 5 remaining mission time: 0.0s
2026-05-21T04:42:01.703757Z [ATTACK] [ATTACK][ETA] Non-tracking UAV ETA selected: UAV 4 with 0s remaining
2026-05-21T04:42:01.704385Z [ATTACK] [ATTACK][ETA] All tracking ETAs unified to 0s
2026-05-21T04:42:01.716974Z [ATTACK] [ATTACK][COLLAB] Remaining UAV entry lookahead applied: 9.0s (pathFollow=3, linearFallback=3, currentOnly=0)
2026-05-21T04:42:01.718725Z [ATTACK] [PRIOR] Falling back to first mission for aircraft 3 (current waypoint not found in plan).
2026-05-21T04:42:03.397761Z [ATTACK] [ATTACK][LAH] Using max attack speed 73.61m/s (265.0km/h) for aircraft 3.
2026-05-21T04:42:03.398803Z [ATTACK] [ATTACK][LAH] Inferred current waypoint from position -> 350857.
2026-05-21T04:42:03.400004Z [ATTACK] [ATTACK][LAH] Dropped current waypoint from resume path (currentWP=350857, nextWP=350858).
2026-05-21T04:42:06.513150Z [ATTACK] [ATTACK][LAH] Preserved completed prefix, inserted attack, and reattached 1 follow-up mission(s).
2026-05-21T04:42:06.519973Z [ATTACK] [ATTACK][LAH] Generated attack/resume missions -> IMP:800000203.json PATHS:300000076.json/300000077.json (followUps=1)
2026-05-21T04:42:06.521098Z [ATTACK] [PRIOR] Falling back to first mission for aircraft 1 (current waypoint not found in plan).
2026-05-21T04:42:06.880388Z [ATTACK] [ATTACK][LAH] Inferred current waypoint from position -> 350849.
2026-05-21T04:42:06.881774Z [ATTACK] [ATTACK][LAH] Dropped current waypoint from resume path (currentWP=350849, nextWP=350850).
2026-05-21T04:42:08.902764Z [ATTACK] [ATTACK][LAH] Preserved completed prefix, inserted hold, and reattached 1 follow-up mission(s).
2026-05-21T04:42:08.909155Z [ATTACK] [ATTACK][LAH] Generated hold/resume missions -> IMP:800000206.json PATHS:100000075.json/100000076.json (followUps=1)
2026-05-21T04:42:08.911444Z [ATTACK] [PRIOR] Falling back to first mission for aircraft 2 (current waypoint not found in plan).
2026-05-21T04:42:08.941164Z [ATTACK] [ATTACK][LAH] Inferred current waypoint from position -> 350853.
2026-05-21T04:42:08.942008Z [ATTACK] [ATTACK][LAH] Dropped current waypoint from resume path (currentWP=350853, nextWP=350854).
2026-05-21T04:42:10.382615Z [ATTACK] [ATTACK][LAH] Preserved completed prefix, inserted hold, and reattached 1 follow-up mission(s).
2026-05-21T04:42:10.390996Z [ATTACK] [ATTACK][LAH] Generated hold/resume missions -> IMP:800000209.json PATHS:200000076.json/200000077.json (followUps=1)
2026-05-21T04:42:10.394443Z [ATTACK] [NEXTCOLLAB] division planner area-division pieces=2
2026-05-21T04:42:10.395134Z [ATTACK] [NEXTCOLLAB] division planner final workflow=no_split paths=2
2026-05-21T04:42:10.395747Z [ATTACK] [ATTACK][COLLAB] Collaborative replacement IMP written (aircraft=4, imp=800000207.json, missions=1).
2026-05-21T04:42:10.396326Z [ATTACK] [ATTACK][COLLAB] Collaborative replacement IMP written (aircraft=5, imp=800000208.json, missions=1).
2026-05-21T04:42:10.396895Z [ATTACK] [ATTACK][COLLAB] First sweep searchSpeed boosted (aircraft=4, pathID=400000118, waypointID=601102, factor=1.30, old=311.82, new=405.36).
2026-05-21T04:42:10.397495Z [ATTACK] [ATTACK][COLLAB] First sweep searchSpeed boosted (aircraft=5, pathID=500000139, waypointID=601113, factor=1.30, old=530.89, new=690.15).
2026-05-21T04:42:10.398076Z [ATTACK] [ATTACK][COLLAB] Collaborative remaining mission replanned (inputMissionID=5, unavailable=[6], remaining=[4, 5], workflow=no_split).
2026-05-21T04:42:10.701495Z [ATTACK] [ATTACK][UAV] Source path has a single waypoint; preserving it as done and skipping done/resume split.
2026-05-21T04:42:11.245197Z [ATTACK] [ATTACK][COLLAB] Tracking UAV resume replaced with release transit (aircraft=6, targetFinishEta=85, speed=58.0m/s).
2026-05-21T04:42:11.247017Z [ATTACK] [ATTACK][UAV] Preserved completed prefix, inserted tracking, and reattached 1 follow-up mission(s).
2026-05-21T04:42:11.302608Z [ATTACK] [ATTACK][UAV] Generated tracking/resume missions -> IMP:800000210.json PATHS:600000109.json/600000110.json (followUps=1)
2026-05-21T04:42:11.311678Z [ATTACK] [ATTACK][UAV] Tracking assignment state saved (aircraft=6, sourcePlan=700000044, attackPlan=700000045).
2026-05-21T04:42:11.312553Z [ATTACK] [ATTACK][COLLAB] Aircraft 4 handled by collaborative remaining replan (inputMissionID=5).
2026-05-21T04:42:11.313327Z [ATTACK] [ATTACK][COLLAB] Aircraft 5 handled by collaborative remaining replan (inputMissionID=5).
2026-05-21T04:42:11.330663Z [ATTACK] [ATTACK][PLAN] carried area remaining snapshot -> mission_area_snapshot_700000045.json (sourcePlanID=700000044, planID=700000045)
2026-05-21T04:42:11.331372Z [ATTACK] [ATTACK][PLAN] MissionPlan saved -> 700000045.json (planID=700000045)
2026-05-21T04:42:11.332515Z [ATTACK] [ATTACK][TIME] override_detail={"phases": {"metadata_normalize": {"elapsedMs": 0.007, "attackTargetCount": 1, "selectedMannedCount": 1}, "agent_index": {"elapsedMs": 0.124, "aircraftCount": 6}, "weapon_choice": {"elapsedMs": 5.099, "selectedWeaponType": 3, "ammoAvailable": true}, "initial_tracking_eta": {"elapsedMs": 0.902, "useDetectionTracking": true, "trackingEtaS": 103}, "resolve_source_plan": {"elapsedMs": 5.577, "sourcePlanID": 700000044}, "source_plan_load": {"elapsedMs": 0.59, "sourcePlanID": 700000044, "aircraftCount": 6}, "sweep_progress_load": {"elapsedMs": 1.26, "entries": 84}, "plan_id_resolve": {"elapsedMs": 0.027, "requested": true, "missionPlanID": 700000045}, "source_artifact_cache_build": {"elapsedMs": 0.019, "aircraftEntries": 6}, "done_input_ids_load": {"elapsedMs": 1.928, "count": 3}, "plan_deepcopy": {"elapsedMs": 0.087}, "target_uav_assignment": {"elapsedMs": 0.968, "assignedTargetCount": 1, "usedTrackingUavCount": 1}, "manned_sequence_assignment": {"elapsedMs": 3.203, "aircraftCount": 1, "error": null}, "attack_coordinate_resolution": {"elapsedMs": 2.432, "resolvedCount": 1, "mannedSequenceCount": 1}, "remaining_eta": {"elapsedMs": 8.18, "allUavCount": 3, "trackingUavCount": 1, "computedEtaCount": 1, "adjustedEtaS": 0}, "descriptor_list_build": {"elapsedMs": 0.031, "descriptorCount": 6, "activeMannedCount": 1, "otherLahCount": 2, "otherUavCount": 2}, "collab_tracking_scan": {"elapsedMs": 1.923, "inputCount": 1, "unavailableUavCount": 1}, "collab_agent_state_map": {"elapsedMs": 10.615, "aircraftCount": 6}, "collab_parallel_started": {"elapsedMs": 0.736, "inputCount": 1, "workers": 1}, "collab_parallel_join": {"elapsedMs": 4.368, "waitReason": "UAV_TRACK", "inputCount": 1}, "descriptor_loop": {"elapsedMs": 9595.611, "descriptorCount": 6, "updateCount": 4}, "final_collab_plan_update": {"elapsedMs": 0.014, "collabInputCount": 1}, "mission_plan_write": {"elapsedMs": 17.223, "missionPlanID": 700000045}, "option_meta_build": {"elapsedMs": 0.049, "targetCount": 1, "collabInputCount": 1}}, "collabRuns": [{"inputMissionID": 5, "unavailableAircraftIDs": [6], "elapsedMs": 5176.228, "status": "ok", "replacementAircraftIDs": [4, 5], "generatedPathCount": 2, "finishEtaS": 85, "workflow": "no_split"}], "descriptorDetails": [{"aircraftID": 3, "label": "manned", "mode": "LAH_ATTACK", "resolveArtifacts": {"elapsedMs": 0.796, "currentWaypointID": null, "sourcePathID": 300000058, "sourceImpID": 800000150}, "loadArtifacts": {"elapsedMs": 0.004, "impLoaded": true, "fpLoaded": true}, "cloneAndLocateMission": {"elapsedMs": 0.078, "missionCount": 2, "targetIndex": 0}, "allocateAndPlanUpdate": {"elapsedMs": 12.566, "newImpID": 800000203}, "builder": {"elapsedMs": 4788.79, "builderMode": "LAH_ATTACK"}, "builderDetail": {"allocate_ids": {"elapsedMs": 1663.25, "attackPathID": 300000076, "resumePathID": 300000077, "attackIndividualID": 900000498, "resumeIndividualID": 900000499, "entryWaypointID": 601093, "attackWaypointID": 601095}, "split_lah_resume": {"elapsedMs": 1264.684, "resumeWaypointCount": 1, "removedWaypointID": 350857}, "clone_followups": {"elapsedMs": 946.231, "followUpMissionCount": 1, "followUpPathCount": 1}, "payload_build": {"elapsedMs": 903.161, "hasResume": true, "followUpMissionCount": 1, "attackSpeedMps": 73.61}, "write_json": {"elapsedMs": 4.463, "fileCount": 4}, "totalMs": 4786.53}, "status": "ok", "elapsedMs": 4802.361}, {"aircraftID": 1, "label": "lah_hold_1", "mode": "LAH_HOLD_RESUME", "resolveArtifacts": {"elapsedMs": 0.882, "currentWaypointID": null, "sourcePathID": 100000057, "sourceImpID": 800000148}, "loadArtifacts": {"elapsedMs": 0.006, "impLoaded": true, "fpLoaded": true}, "cloneAndLocateMission": {"elapsedMs": 0.095, "missionCount": 2, "targetIndex": 0}, "allocateAndPlanUpdate": {"elapsedMs": 282.596, "newImpID": 800000206}, "builder": {"elapsedMs": 2106.609, "builderMode": "LAH_HOLD_RESUME"}, "builderDetail": {"allocate_ids": {"elapsedMs": 66.646, "holdPathID": 100000075, "resumePathID": 100000076, "holdIndividualID": 900000506, "resumeIndividualID": 900000507}, "split_lah_resume": {"elapsedMs": 1148.855, "resumeWaypointCount": 1, "removedWaypointID": 350849}, "clone_followups": {"elapsedMs": 626.812, "followUpMissionCount": 1, "followUpPathCount": 1}, "payload_build": {"elapsedMs": 882.351, "hasResume": true, "followUpMissionCount": 1}, "write_json": {"elapsedMs": 4.648, "fileCount": 4}, "totalMs": 2106.562}, "status": "ok", "elapsedMs": 2390.325}, {"aircraftID": 2, "label": "lah_hold_2", "mode": "LAH_HOLD_RESUME", "resolveArtifacts": {"elapsedMs": 0.62, "currentWaypointID": null, "sourcePathID": 200000058, "sourceImpID": 800000149}, "loadArtifacts": {"elapsedMs": 0.005, "impLoaded": true, "fpLoaded": true}, "cloneAndLocateMission": {"elapsedMs": 0.092, "missionCount": 2, "targetIndex": 0}, "allocateAndPlanUpdate": {"elapsedMs": 7.372, "newImpID": 800000209}, "builder": {"elapsedMs": 1474.66, "builderMode": "LAH_HOLD_RESUME"}, "builderDetail": {"allocate_ids": {"elapsedMs": 21.363, "holdPathID": 200000076, "resumePathID": 200000077, "holdIndividualID": 900000510, "resumeIndividualID": 900000511}, "split_lah_resume": {"elapsedMs": 855.299, "resumeWaypointCount": 1, "removedWaypointID": 350853}, "clone_followups": {"elapsedMs": 314.882, "followUpMissionCount": 1, "followUpPathCount": 1}, "payload_build": {"elapsedMs": 586.153, "hasResume": true, "followUpMissionCount": 1}, "write_json": {"elapsedMs": 6.668, "fileCount": 4}, "totalMs": 1474.604}, "status": "ok", "elapsedMs": 1482.884}, {"aircraftID": 6, "label": "uav_tracking_6", "mode": "UAV_TRACK", "resolveArtifacts": {"elapsedMs": 0.02, "currentWaypointID": 601073, "sourcePathID": 600000103, "sourceImpID": 800000196}, "loadArtifacts": {"elapsedMs": 0.004, "impLoaded": true, "fpLoaded": true}, "cloneAndLocateMission": {"elapsedMs": 0.17, "missionCount": 2, "targetIndex": 0}, "allocateAndPlanUpdate": {"elapsedMs": 7.567, "newImpID": 800000210}, "builder": {"elapsedMs": 896.794, "builderMode": "UAV_TRACK"}, "builderDetail": {"allocate_ids": {"elapsedMs": 291.354, "donePathID": 600000108, "attackPathID": 600000109, "resumePathID": 600000110, "trackingIndividualID": 900000513, "resumeIndividualID": 900000514, "targetWaypointID": 601130}, "split_done_resume": {"elapsedMs": 1.036, "sourceSinglePoint": true, "doneWaypointCount": 1, "resumeWaypointCount": 0, "removedWaypointID": 601073}, "clone_followups": {"elapsedMs": 293.493, "followUpMissionCount": 1, "followUpPathCount": 1}, "release_resume": {"elapsedMs": 249.329, "releaseWaypointCount": 2, "targetFinishEtaS": 85}, "write_json": {"elapsedMs": 54.038, "fileCount": 5}, "totalMs": 893.823}, "trackingState": {"elapsedMs": 8.181}, "status": "ok", "elapsedMs": 913.475}, {"aircraftID": 4, "label": "uav_resume_4", "mode": "UAV_RESUME", "resolveArtifacts": {"elapsedMs": 0.023, "currentWaypointID": 601047, "sourcePathID": 400000112, "sourceImpID": 800000193}, "loadArtifacts": {"elapsedMs": 0.003, "impLoaded": true, "fpLoaded": true}, "cloneAndLocateMission": {"elapsedMs": 0.135, "missionCount": 2, "targetIndex": 0}, "status": "handled_by_collab", "elapsedMs": 0.752}, {"aircraftID": 5, "label": "uav_resume_5", "mode": "UAV_RESUME", "resolveArtifacts": {"elapsedMs": 0.016, "currentWaypointID": 601060, "sourcePathID": 500000130, "sourceImpID": 800000195}, "loadArtifacts": {"elapsedMs": 0.003, "impLoaded": true, "fpLoaded": true}, "cloneAndLocateMission": {"elapsedMs": 0.127, "missionCount": 2, "targetIndex": 0}, "status": "handled_by_collab", "elapsedMs": 0.796}], "totalMs": 9648}
2026-05-21T04:42:11.333183Z [ATTACK] [ATTACK][TIME] override_total=9648ms
2026-05-21T04:42:11.334171Z [ATTACK] [TIME] apply_attack_plan_overrides=9663ms
2026-05-21T04:42:11.344972Z [ATTACK] [TIME] timingMs={"read_source": 14.443, "descriptor_build": 6.682, "write_artifacts": 9674.693, "delivery_wait": 10.193}
2026-05-21T04:42:11.345586Z [ATTACK] [TIME] total=9707ms
2026-05-21T04:42:11.351580Z [ATTACK] 분석 로그 저장: C:\Users\TRL98\Desktop\LAH_MUMT\Logs\Scenario_2026-05-21T132543\SBC3\DSS_Internal\log_attack_algorithm_20260521T044211_346282.json
2026-05-21T04:42:11.366532Z [ATTACK] mark target used: targetIDs=96
2026-05-21T04:42:11.386762Z [ATTACK-EXCLUDE] ATTACK-EXCLUDE using requested missionPlanID 700000046 (sourcePlanID=700000044)
2026-05-21T04:42:11.387538Z [ATTACK-EXCLUDE] [PRIOR][UAV] Resume sweep trim applied (cutPoints=8, rawCutPoints=8, doneSweepPoints=0, pathID=400000112).
2026-05-21T04:42:11.388093Z [ATTACK-EXCLUDE] [PRIOR][UAV] Resume searchSpeed scaled (factor=1.30, waypoints=1).
2026-05-21T04:42:11.388740Z [ATTACK-EXCLUDE] [PRIOR][UAV] Generated done/resume mission -> aircraft=4 IMP:800000202.json PATHS:400000116.json
2026-05-21T04:42:11.389383Z [ATTACK-EXCLUDE] [PRIOR][UAV] Resume sweep trim applied (cutPoints=3, rawCutPoints=3, doneSweepPoints=0, pathID=500000130).
2026-05-21T04:42:11.389857Z [ATTACK-EXCLUDE] [PRIOR][UAV] Resume searchSpeed scaled (factor=1.30, waypoints=1).
2026-05-21T04:42:11.390298Z [ATTACK-EXCLUDE] [PRIOR][UAV] Generated done/resume mission -> aircraft=5 IMP:800000204.json PATHS:500000137.json
2026-05-21T04:42:11.390742Z [ATTACK-EXCLUDE] [PRIOR][UAV] Resume sweep trim applied (cutPoints=13, rawCutPoints=13, doneSweepPoints=0, pathID=600000103).
2026-05-21T04:42:11.391200Z [ATTACK-EXCLUDE] [PRIOR][UAV] Resume searchSpeed scaled (factor=1.30, waypoints=1).
2026-05-21T04:42:11.391657Z [ATTACK-EXCLUDE] [PRIOR][UAV] Generated done/resume mission -> aircraft=6 IMP:800000205.json PATHS:600000106.json
2026-05-21T04:42:11.392178Z [ATTACK-EXCLUDE] 공격 배제 MissionPlan 저장 -> 700000046.json (planID=700000046)
2026-05-21T04:42:11.392701Z [ATTACK-EXCLUDE] ATTACK-EXCLUDE carried area remaining snapshot -> mission_area_snapshot_700000046.json (sourcePlanID=700000044, planID=700000046)
2026-05-21T04:42:11.921581Z [ATTACK] 공격 임무 계획 완료 (planIds=700000045)
2026-05-21T04:42:11.922336Z [INFO] UAV params loaded (cruise=40.00, turn_step=15.0)
2026-05-21T04:42:11.923026Z [INFO] Latest input snapshot → 0201:ID=3,ts=832653591020,src=-, 0203:ID=1,ts=832652848760,src=-
2026-05-21T04:42:11.923639Z [STEP 0] Using latest 0201 ID 3 (3.json)
2026-05-21T04:42:11.924205Z [STEP 0] Using latest 0203 ID 1 (1.json)
2026-05-21T04:42:11.924815Z [CHECK] 0201/0203 필수 데이터 확인 시작
2026-05-21T04:42:11.925353Z [OK] 0201 inputMissionList 확인됨 (count=5) → 진행
2026-05-21T04:42:11.925883Z [OK] 0201 availableAircraftList 확인됨 (count=6) → 진행
2026-05-21T04:42:11.926429Z [OK] 0201 inputMissionPackageType=1 확인
2026-05-21T04:42:11.926960Z [OK] 0201 mainSensor=1 확인
2026-05-21T04:42:11.927537Z [CHECK] 0201 기체 수=6 (UAV=3, LAH=3)
2026-05-21T04:42:11.928166Z [CHECK] 0201 임무: total=5 missingID=0 missingDetail=0 missingShape=0 unknownType=0 typeZeroAuto=0 typeZeroInvalid=0 lineOnlyViolation=0 skippedSinglePoint=0
2026-05-21T04:42:11.929047Z [OK] 0203 takeOverInfoList 확인됨 (count=3) → 진행
2026-05-21T04:42:11.929698Z [OK] 0203 handOverInfoList 확인됨 (count=3) → 진행
2026-05-21T04:42:11.930336Z [OK] 0203 flightAreaList 확인됨 (count=1) → 진행
2026-05-21T04:42:11.931040Z [CHECK] 0203 flightAreaList count=1
2026-05-21T04:42:11.931715Z [INFO] 임무 진행영역 스냅샷 적용: sourcePlan=700000044, updated=2, done=0
2026-05-21T04:42:11.932427Z [INFO] 임무 진행영역 재계획 collapse 적용: groups=2, normalized=3, 5
2026-05-21T04:42:11.933177Z [INFO] Filtered completed input missions (removed=1, 2, 4, converted=-, widthAdjusted=-, skippedSinglePoint=-, snapshot=updated=2, done=0, collapse=groups=2, normalized=3,5)
2026-05-21T04:42:11.933823Z [REPLAN][TIME] variant_started_ms=9763.4 wall_ms=1779338531386 variant=1 option=3 mode=attack_exclusion
2026-05-21T04:42:11.934495Z [variant 1] 공격 배제 병렬 결과 병합
2026-05-21T04:42:11.935087Z [REPLAN][TIME] attack_exclusion_parallel_joined_ms=9770.0 wall_ms=1779338531393 variant=1 duration_ms=6709.737 wait_ms=0.009
2026-05-21T04:42:11.935727Z [OK] 공격 배제 variant 저장: MissionPlanID=700000046 (elapsed=6709.7 ms)
2026-05-21T04:42:11.936282Z [INFO] Option mapping #1: planID=700000046, optionCode=3(공격배제)
2026-05-21T04:42:11.936853Z [REPLAN][TIME] variant_finished_ms=9770.2 wall_ms=1779338531393 variant=1 option=3 mode=attack_exclusion status=success duration_ms=6709.737
2026-05-21T04:42:11.937438Z [OK] Stored mission data: MissionPlan=1, IndividualMission=0, FlightPath=0
2026-05-21T04:42:11.938045Z [REPLAN][TIME] id_tab_update_deferred_ms=9771.0 wall_ms=1779338531394
2026-05-21T04:42:11.938594Z [REPLAN][TIME] pipeline_done_ms=9771.0 wall_ms=1779338531394 plans=2 force_direct=False
2026-05-21T04:42:11.939190Z [REPLAN][TIME] 0301_queued_ms=9771.1 wall_ms=1779338531394 plans=2
2026-05-21T04:42:11.939744Z [STEP 4] 0301 push queued (planIds=700000045, 700000046)
2026-05-21T04:42:11.941446Z [0402] delivery suppressed before 0301: Target 정보 변경으로 인한 재계획 중단
2026-05-21T04:42:11.942894Z [0001] notice sent: Target 정보 변경으로 인한 재계획 중단
2026-05-21T04:42:11.943867Z [REPLAN][METRIC] source_artifact_cache entries=21 hits=39 misses=21
2026-05-21T04:42:12.329107Z [REPLAN][TIME] 0902_received_ms=0.2 wall_ms=1779338532328 trigger=attack_2_option replanLevel=2 optionCount=2 forceDirect=0
2026-05-21T04:42:12.330045Z [REPLAN][TIME] 0902_archived_ms=1.2 wall_ms=1779338532329 path=replan_request_832653727531.json
2026-05-21T04:42:12.330547Z [AUTO] 0902 received (planIds=700000047, 700000048)
2026-05-21T04:42:12.331141Z [REPLAN][TIME] pipeline_scheduled_ms=2.3 wall_ms=1779338532331 delay_ms=0
2026-05-21T04:42:12.332040Z [REPLAN][TIME] scheduled_start_ms=3.2 wall_ms=1779338532331
2026-05-21T04:42:12.334467Z [REPLAN][TIME] 0305_status_1_ms=5.3 wall_ms=1779338532333 reason=표적97 등 2개 발견
2026-05-21T04:42:12.335127Z [0305] status=1, reason=표적97 등 2개 발견 전송
2026-05-21T04:42:12.344592Z [INFO] Using latest 0203 ID 1 for missionReferencePackageID (fallback)
2026-05-21T04:42:12.345715Z [STEP 0] Replan pipeline start (reason=표적97 등 2개 발견)
2026-05-21T04:42:12.347584Z [REPLAN][TIME] attack_exclusion_parallel_started_ms=15.1 wall_ms=1779338532343 option_index=2 sourcePlanID=700000044
2026-05-21T04:42:12.348281Z [ATTACK-EXCLUDE] parallel generation started (sourcePlanID=700000044, optionIndex=2)
2026-05-21T04:42:12.348921Z [ATTACK] 공격 특화 재계획 요청 감지 → 전용 파이프라인 실행
2026-05-21T04:42:12.357301Z [ATTACK] [TIME] select_manned_aircraft=13ms
2026-05-21T04:42:12.357951Z [ATTACK] STEP1 Selected manned aircraft: aircraft 2 (fuel=1200.0, coord=(37.85672378540039, 128.23350524902344, alt=1199))
2026-05-21T04:42:12.359844Z [ATTACK] [TIME] load_target_entries=1ms
2026-05-21T04:42:12.360437Z [ATTACK] STEP2 UAV tracking summary: watcher 6?’target 96, watcher 5?’target 97, watcher 4?’target unknown-10, watcher 4?’target unknown-13, watcher 4?’target unknown-17, watcher 4?’target unknown-2, watcher 4?’target unknown-22, watcher 4?’target unknown-27, watcher 4?’target unknown-31, watcher 4?’target unknown-33, watcher 4?’target unknown-34, watcher 4?’target unknown-35, watcher 4?’target unknown-38, watcher 4?’target unknown-41, watcher 5?’target unknown-12, watcher 5?’target unknown-15, watcher 5?’target unknown-16, watcher 5?’target unknown-18, watcher 5?’target unknown-19, watcher 5?’target unknown-20, watcher 5?’target unknown-28, watcher 5?’target unknown-3, watcher 5?’target unknown-32, watcher 5?’target unknown-36, watcher 5?’target unknown-4, watcher 5?’target unknown-6, watcher 5?’target unknown-7, watcher 5?’target unknown-8, watcher 5?’target unknown-9, watcher 6?’target unknown-1, watcher 6?’target unknown-11, watcher 6?’target unknown-21, watcher 6?’target unknown-23, watcher 6?’target unknown-25, watcher 6?’target unknown-29, watcher 6?’target unknown-30, watcher 6?’target unknown-37, watcher 6?’target unknown-39, watcher 6?’target unknown-5, watcher 4?’target 77, watcher 6?’target 78, watcher 5?’target 79, watcher 5?’target 80, watcher 4?’target 81, watcher 5?’target 82, watcher 5?’target 83, watcher 5?’target 84, watcher 4?’target 85, watcher 4?’target 86, watcher 5?’target 87, watcher 6?’target 88, watcher 5?’target 89, watcher 6?’target 90, watcher 5?’target 91, watcher 5?’target 92, watcher 4?’target 93, watcher 5?’target 94
2026-05-21T04:42:12.361130Z [ATTACK] STEP2.5 Using bundled 0402 targets: target=97 watcher=5, target=96 watcher=6
2026-05-21T04:42:12.367112Z [ATTACK] STEP2.6 Multi-target manned selection: 2, 3
2026-05-21T04:42:12.372208Z [ATTACK] [ATTACK] Selected target id=97 type=1 weaponType=2 (preferred=2, ammo={'type1': 500, 'type2': 7, 'type3': 2})
2026-05-21T04:42:12.381803Z [ATTACK] [TIME] compute_attack_point=9ms
2026-05-21T04:42:12.383618Z [ATTACK] STEP3 Attack plan completed: lat=37.902302, lon=128.186475, alt=983m
2026-05-21T04:42:12.384838Z [ATTACK] [ATTACK] Using remembered waypoint 601060 for watcher 5 while auto-tracking.
2026-05-21T04:42:12.392507Z [ATTACK] [ATTACK] Weapon choice aircraft=2 preferred=2 selected=2 ammo={'type1': 500, 'type2': 7, 'type3': 2}
2026-05-21T04:42:12.393716Z [ATTACK] [ATTACK][ETA] Tracking ETA computed with LAH max attack speed (dist=6536.3m, speed=73.61m/s, +30s) -> 119s
2026-05-21T04:42:12.399701Z [ATTACK] [ATTACK] Using requested missionPlanID 700000047 (sourcePlanID=700000044)
2026-05-21T04:42:12.419070Z [ATTACK] [ATTACK][POINT] Primary target adaptive standoff mode=far_projected_to_preferred_standoff currentDist=8536.2634649m candidateDist=2000.0000000004222m standoff=300.0/2000.0m.
2026-05-21T04:42:12.427826Z [ATTACK] [ATTACK][ETA] UAV 4 remaining mission time: 0.0s
2026-05-21T04:42:12.428475Z [ATTACK] [ATTACK][ETA] Non-tracking UAV ETA selected: UAV 4 with 0s remaining
2026-05-21T04:42:12.429158Z [ATTACK] [ATTACK][ETA] All tracking ETAs unified to 0s
2026-05-21T04:42:12.444708Z [ATTACK] [ATTACK][COLLAB] Remaining UAV entry lookahead applied: 9.0s (pathFollow=3, linearFallback=3, currentOnly=0)
2026-05-21T04:42:12.446927Z [ATTACK] [PRIOR] Falling back to first mission for aircraft 2 (current waypoint not found in plan).
2026-05-21T04:42:14.373403Z [ATTACK] [ATTACK][LAH] Using max attack speed 73.61m/s (265.0km/h) for aircraft 2.
2026-05-21T04:42:14.376070Z [ATTACK] [ATTACK][LAH] Inferred current waypoint from position -> 350853.
2026-05-21T04:42:14.377064Z [ATTACK] [ATTACK][LAH] Dropped current waypoint from resume path (currentWP=350853, nextWP=350854).
2026-05-21T04:42:17.169535Z [ATTACK] [ATTACK][LAH] Preserved completed prefix, inserted attack, and reattached 1 follow-up mission(s).
2026-05-21T04:42:17.177109Z [ATTACK] [ATTACK][LAH] Generated attack/resume missions -> IMP:800000212.json PATHS:200000079.json/200000080.json (followUps=1)
2026-05-21T04:42:17.178120Z [ATTACK] [PRIOR] Falling back to first mission for aircraft 3 (current waypoint not found in plan).
2026-05-21T04:42:18.153680Z [ATTACK] [ATTACK][LAH] Using max attack speed 73.61m/s (265.0km/h) for aircraft 3.
2026-05-21T04:42:18.155064Z [ATTACK] [ATTACK][LAH] Inferred current waypoint from position -> 350857.
2026-05-21T04:42:18.155882Z [ATTACK] [ATTACK][LAH] Dropped current waypoint from resume path (currentWP=350857, nextWP=350858).
2026-05-21T04:42:19.851997Z [ATTACK] [ATTACK][LAH] Preserved completed prefix, inserted attack, and reattached 1 follow-up mission(s).
2026-05-21T04:42:19.858418Z [ATTACK] [ATTACK][LAH] Generated attack/resume missions -> IMP:800000216.json PATHS:300000079.json/300000080.json (followUps=1)
2026-05-21T04:42:19.859369Z [ATTACK] [PRIOR] Falling back to first mission for aircraft 1 (current waypoint not found in plan).
2026-05-21T04:42:19.889949Z [ATTACK] [ATTACK][LAH] Inferred current waypoint from position -> 350849.
2026-05-21T04:42:19.890658Z [ATTACK] [ATTACK][LAH] Dropped current waypoint from resume path (currentWP=350849, nextWP=350850).
2026-05-21T04:42:21.332771Z [ATTACK] [ATTACK][LAH] Preserved completed prefix, inserted hold, and reattached 1 follow-up mission(s).
2026-05-21T04:42:21.338182Z [ATTACK] [ATTACK][LAH] Generated hold/resume missions -> IMP:800000217.json PATHS:100000078.json/100000079.json (followUps=1)
2026-05-21T04:42:21.340462Z [ATTACK] [NEXTCOLLAB] division planner area-division pieces=1
2026-05-21T04:42:21.341162Z [ATTACK] [NEXTCOLLAB] division planner final workflow=no_split paths=1
2026-05-21T04:42:21.341761Z [ATTACK] [ATTACK][COLLAB] Collaborative replacement IMP written (aircraft=4, imp=800000214.json, missions=1).
2026-05-21T04:42:21.342336Z [ATTACK] [ATTACK][COLLAB] First sweep searchSpeed boosted (aircraft=4, pathID=400000122, waypointID=601147, factor=1.30, old=544.30, new=707.59).
2026-05-21T04:42:21.342904Z [ATTACK] [ATTACK][COLLAB] Collaborative remaining mission replanned (inputMissionID=5, unavailable=[5, 6], remaining=[4], workflow=no_split).
2026-05-21T04:42:21.353406Z [ATTACK] [ATTACK][UAV] Tracking target altitude kept for sensor only; flight altitude replaced 683m -> 1878m.
2026-05-21T04:42:21.684079Z [ATTACK] [ATTACK][UAV] Source path has a single waypoint; preserving it as done and skipping done/resume split.
2026-05-21T04:42:22.278485Z [ATTACK] [ATTACK][COLLAB] Tracking UAV resume replaced with release transit (aircraft=5, targetFinishEta=91, speed=58.0m/s).
2026-05-21T04:42:22.280639Z [ATTACK] [ATTACK][UAV] Preserved completed prefix, inserted tracking, and reattached 1 follow-up mission(s).
2026-05-21T04:42:22.342786Z [ATTACK] [ATTACK][UAV] Generated tracking/resume missions -> IMP:800000218.json PATHS:500000144.json/500000145.json (followUps=1)
2026-05-21T04:42:22.351773Z [ATTACK] [ATTACK][UAV] Tracking assignment state saved (aircraft=5, sourcePlan=700000044, attackPlan=700000047).
2026-05-21T04:42:22.684223Z [ATTACK] [ATTACK][UAV] Source path has a single waypoint; preserving it as done and skipping done/resume split.
2026-05-21T04:42:23.278728Z [ATTACK] [ATTACK][COLLAB] Tracking UAV resume replaced with release transit (aircraft=6, targetFinishEta=91, speed=58.0m/s).
2026-05-21T04:42:23.280744Z [ATTACK] [ATTACK][UAV] Preserved completed prefix, inserted tracking, and reattached 1 follow-up mission(s).
2026-05-21T04:42:23.326896Z [ATTACK] [ATTACK][UAV] Generated tracking/resume missions -> IMP:800000219.json PATHS:600000116.json/600000117.json (followUps=1)
2026-05-21T04:42:23.336709Z [ATTACK] [ATTACK][UAV] Tracking assignment state saved (aircraft=6, sourcePlan=700000044, attackPlan=700000047).
2026-05-21T04:42:23.337609Z [ATTACK] [ATTACK][COLLAB] Aircraft 4 handled by collaborative remaining replan (inputMissionID=5).
2026-05-21T04:42:23.350512Z [ATTACK] [ATTACK][PLAN] carried area remaining snapshot -> mission_area_snapshot_700000047.json (sourcePlanID=700000044, planID=700000047)
2026-05-21T04:42:23.351125Z [ATTACK] [ATTACK][PLAN] MissionPlan saved -> 700000047.json (planID=700000047)
2026-05-21T04:42:23.352150Z [ATTACK] [ATTACK][TIME] override_detail={"phases": {"metadata_normalize": {"elapsedMs": 0.007, "attackTargetCount": 2, "selectedMannedCount": 2}, "agent_index": {"elapsedMs": 0.09, "aircraftCount": 6}, "weapon_choice": {"elapsedMs": 6.746, "selectedWeaponType": 2, "ammoAvailable": true}, "initial_tracking_eta": {"elapsedMs": 0.778, "useDetectionTracking": true, "trackingEtaS": 119}, "resolve_source_plan": {"elapsedMs": 3.822, "sourcePlanID": 700000044}, "source_plan_load": {"elapsedMs": 0.426, "sourcePlanID": 700000044, "aircraftCount": 6}, "sweep_progress_load": {"elapsedMs": 0.865, "entries": 84}, "plan_id_resolve": {"elapsedMs": 0.02, "requested": true, "missionPlanID": 700000047}, "source_artifact_cache_build": {"elapsedMs": 0.016, "aircraftEntries": 6}, "done_input_ids_load": {"elapsedMs": 1.146, "count": 3}, "plan_deepcopy": {"elapsedMs": 0.059}, "target_uav_assignment": {"elapsedMs": 0.519, "assignedTargetCount": 2, "usedTrackingUavCount": 2}, "manned_sequence_assignment": {"elapsedMs": 14.04, "aircraftCount": 2, "error": null}, "attack_coordinate_resolution": {"elapsedMs": 9.373, "resolvedCount": 2, "mannedSequenceCount": 2}, "remaining_eta": {"elapsedMs": 3.51, "allUavCount": 3, "trackingUavCount": 2, "computedEtaCount": 2, "adjustedEtaS": 0}, "descriptor_list_build": {"elapsedMs": 0.059, "descriptorCount": 6, "activeMannedCount": 2, "otherLahCount": 1, "otherUavCount": 1}, "collab_tracking_scan": {"elapsedMs": 8.493, "inputCount": 1, "unavailableUavCount": 2}, "collab_agent_state_map": {"elapsedMs": 6.975, "aircraftCount": 6}, "collab_parallel_started": {"elapsedMs": 1.191, "inputCount": 1, "workers": 1}, "collab_parallel_join": {"elapsedMs": 3.077, "waitReason": "UAV_TRACK", "inputCount": 1}, "descriptor_loop": {"elapsedMs": 10891.594, "descriptorCount": 6, "updateCount": 5}, "final_collab_plan_update": {"elapsedMs": 0.008, "collabInputCount": 1}, "mission_plan_write": {"elapsedMs": 12.832, "missionPlanID": 700000047}, "option_meta_build": {"elapsedMs": 0.052, "targetCount": 2, "collabInputCount": 1}}, "collabRuns": [{"inputMissionID": 5, "unavailableAircraftIDs": [5, 6], "elapsedMs": 3530.086, "status": "ok", "replacementAircraftIDs": [4], "generatedPathCount": 1, "finishEtaS": 91, "workflow": "no_split"}], "descriptorDetails": [{"aircraftID": 2, "label": "manned", "mode": "LAH_ATTACK", "resolveArtifacts": {"elapsedMs": 6.664, "currentWaypointID": null, "sourcePathID": 200000058, "sourceImpID": 800000149}, "loadArtifacts": {"elapsedMs": 0.006, "impLoaded": true, "fpLoaded": true}, "cloneAndLocateMission": {"elapsedMs": 0.076, "missionCount": 2, "targetIndex": 0}, "allocateAndPlanUpdate": {"elapsedMs": 634.416, "newImpID": 800000212}, "builder": {"elapsedMs": 4089.889, "builderMode": "LAH_ATTACK"}, "builderDetail": {"allocate_ids": {"elapsedMs": 1282.553, "attackPathID": 200000079, "resumePathID": 200000080, "attackIndividualID": 900000519, "resumeIndividualID": 900000520, "entryWaypointID": 601140, "attackWaypointID": 601141}, "split_lah_resume": {"elapsedMs": 1552.406, "resumeWaypointCount": 1, "removedWaypointID": 350853}, "clone_followups": {"elapsedMs": 929.255, "followUpMissionCount": 1, "followUpPathCount": 1}, "payload_build": {"elapsedMs": 311.597, "hasResume": true, "followUpMissionCount": 1, "attackSpeedMps": 73.61}, "write_json": {"elapsedMs": 5.508, "fileCount": 4}, "totalMs": 4087.598}, "status": "ok", "elapsedMs": 4731.209}, {"aircraftID": 3, "label": "manned", "mode": "LAH_ATTACK", "resolveArtifacts": {"elapsedMs": 0.999, "currentWaypointID": null, "sourcePathID": 300000058, "sourceImpID": 800000150}, "loadArtifacts": {"elapsedMs": 0.008, "impLoaded": true, "fpLoaded": true}, "cloneAndLocateMission": {"elapsedMs": 0.142, "missionCount": 2, "targetIndex": 0}, "allocateAndPlanUpdate": {"elapsedMs": 18.328, "newImpID": 800000216}, "builder": {"elapsedMs": 2661.536, "builderMode": "LAH_ATTACK"}, "builderDetail": {"allocate_ids": {"elapsedMs": 954.343, "attackPathID": 300000079, "resumePathID": 300000080, "attackIndividualID": 900000526, "resumeIndividualID": 900000527, "entryWaypointID": 601156, "attackWaypointID": 601160}, "split_lah_resume": {"elapsedMs": 1119.633, "resumeWaypointCount": 1, "removedWaypointID": 350857}, "clone_followups": {"elapsedMs": 284.593, "followUpMissionCount": 1, "followUpPathCount": 1}, "payload_build": {"elapsedMs": 292.475, "hasResume": true, "followUpMissionCount": 1, "attackSpeedMps": 73.61}, "write_json": {"elapsedMs": 4.905, "fileCount": 4}, "totalMs": 2660.023}, "status": "ok", "elapsedMs": 2681.179}, {"aircraftID": 1, "label": "lah_hold_1", "mode": "LAH_HOLD_RESUME", "resolveArtifacts": {"elapsedMs": 0.667, "currentWaypointID": null, "sourcePathID": 100000057, "sourceImpID": 800000148}, "loadArtifacts": {"elapsedMs": 0.006, "impLoaded": true, "fpLoaded": true}, "cloneAndLocateMission": {"elapsedMs": 0.145, "missionCount": 2, "targetIndex": 0}, "allocateAndPlanUpdate": {"elapsedMs": 7.185, "newImpID": 800000217}, "builder": {"elapsedMs": 1472.91, "builderMode": "LAH_HOLD_RESUME"}, "builderDetail": {"allocate_ids": {"elapsedMs": 19.884, "holdPathID": 100000078, "resumePathID": 100000079, "holdIndividualID": 900000529, "resumeIndividualID": 900000530}, "split_lah_resume": {"elapsedMs": 888.057, "resumeWaypointCount": 1, "removedWaypointID": 350849}, "clone_followups": {"elapsedMs": 308.965, "followUpMissionCount": 1, "followUpPathCount": 1}, "payload_build": {"elapsedMs": 557.215, "hasResume": true, "followUpMissionCount": 1}, "write_json": {"elapsedMs": 3.82, "fileCount": 4}, "totalMs": 1472.868}, "status": "ok", "elapsedMs": 1481.056}, {"aircraftID": 5, "label": "uav_tracking_5", "mode": "UAV_TRACK", "resolveArtifacts": {"elapsedMs": 0.027, "currentWaypointID": 601060, "sourcePathID": 500000130, "sourceImpID": 800000195}, "loadArtifacts": {"elapsedMs": 0.004, "impLoaded": true, "fpLoaded": true}, "cloneAndLocateMission": {"elapsedMs": 0.198, "missionCount": 2, "targetIndex": 0}, "allocateAndPlanUpdate": {"elapsedMs": 9.438, "newImpID": 800000218}, "builder": {"elapsedMs": 990.321, "builderMode": "UAV_TRACK"}, "builderDetail": {"allocate_ids": {"elapsedMs": 326.849, "donePathID": 500000143, "attackPathID": 500000144, "resumePathID": 500000145, "trackingIndividualID": 900000532, "resumeIndividualID": 900000533, "targetWaypointID": 601174}, "split_done_resume": {"elapsedMs": 1.008, "sourceSinglePoint": true, "doneWaypointCount": 1, "resumeWaypointCount": 0, "removedWaypointID": 601060}, "clone_followups": {"elapsedMs": 305.654, "followUpMissionCount": 1, "followUpPathCount": 1}, "release_resume": {"elapsedMs": 288.153, "releaseWaypointCount": 2, "targetFinishEtaS": 91}, "write_json": {"elapsedMs": 60.409, "fileCount": 5}, "totalMs": 986.888}, "trackingState": {"elapsedMs": 8.076}, "status": "ok", "elapsedMs": 1008.907}, {"aircraftID": 6, "label": "uav_tracking_6", "mode": "UAV_TRACK", "resolveArtifacts": {"elapsedMs": 0.03, "currentWaypointID": 601073, "sourcePathID": 600000103, "sourceImpID": 800000196}, "loadArtifacts": {"elapsedMs": 0.005, "impLoaded": true, "fpLoaded": true}, "cloneAndLocateMission": {"elapsedMs": 0.239, "missionCount": 2, "targetIndex": 0}, "allocateAndPlanUpdate": {"elapsedMs": 7.676, "newImpID": 800000219}, "builder": {"elapsedMs": 967.054, "builderMode": "UAV_TRACK"}, "builderDetail": {"allocate_ids": {"elapsedMs": 319.991, "donePathID": 600000115, "attackPathID": 600000116, "resumePathID": 600000117, "trackingIndividualID": 900000535, "resumeIndividualID": 900000536, "targetWaypointID": 601180}, "split_done_resume": {"elapsedMs": 1.431, "sourceSinglePoint": true, "doneWaypointCount": 1, "resumeWaypointCount": 0, "removedWaypointID": 601073}, "clone_followups": {"elapsedMs": 303.094, "followUpMissionCount": 1, "followUpPathCount": 1}, "release_resume": {"elapsedMs": 289.536, "releaseWaypointCount": 2, "targetFinishEtaS": 91}, "write_json": {"elapsedMs": 44.092, "fileCount": 5}, "totalMs": 964.271}, "trackingState": {"elapsedMs": 9.003}, "status": "ok", "elapsedMs": 984.781}, {"aircraftID": 4, "label": "uav_resume_4", "mode": "UAV_RESUME", "resolveArtifacts": {"elapsedMs": 0.021, "currentWaypointID": 601047, "sourcePathID": 400000112, "sourceImpID": 800000193}, "loadArtifacts": {"elapsedMs": 0.003, "impLoaded": true, "fpLoaded": true}, "cloneAndLocateMission": {"elapsedMs": 0.138, "missionCount": 2, "targetIndex": 0}, "status": "handled_by_collab", "elapsedMs": 0.772}], "totalMs": 10954}
2026-05-21T04:42:23.352696Z [ATTACK] [ATTACK][TIME] override_total=10954ms
2026-05-21T04:42:23.353295Z [ATTACK] [TIME] apply_attack_plan_overrides=10969ms
2026-05-21T04:42:23.356650Z [ATTACK] [TIME] timingMs={"read_source": 16.312, "descriptor_build": 11.59, "write_artifacts": 10981.91, "delivery_wait": 2.853}
2026-05-21T04:42:23.357422Z [ATTACK] [TIME] total=11013ms
2026-05-21T04:42:23.363610Z [ATTACK] 분석 로그 저장: C:\Users\TRL98\Desktop\LAH_MUMT\Logs\Scenario_2026-05-21T132543\SBC3\DSS_Internal\log_attack_algorithm_20260521T044223_358472.json
2026-05-21T04:42:23.365886Z [ATTACK] mark target used: targetIDs=97, 96
2026-05-21T04:42:23.401439Z [ATTACK-EXCLUDE] ATTACK-EXCLUDE using requested missionPlanID 700000048 (sourcePlanID=700000044)
2026-05-21T04:42:23.402149Z [ATTACK-EXCLUDE] [PRIOR][UAV] Resume sweep trim applied (cutPoints=14, rawCutPoints=14, doneSweepPoints=0, pathID=400000112).
2026-05-21T04:42:23.402690Z [ATTACK-EXCLUDE] [PRIOR][UAV] Resume searchSpeed scaled (factor=1.30, waypoints=1).
2026-05-21T04:42:23.403287Z [ATTACK-EXCLUDE] [PRIOR][UAV] Generated done/resume mission -> aircraft=4 IMP:800000211.json PATHS:400000120.json
2026-05-21T04:42:23.403909Z [ATTACK-EXCLUDE] [PRIOR][UAV] Resume sweep trim applied (cutPoints=4, rawCutPoints=4, doneSweepPoints=0, pathID=500000130).
2026-05-21T04:42:23.404558Z [ATTACK-EXCLUDE] [PRIOR][UAV] Resume searchSpeed scaled (factor=1.30, waypoints=1).
2026-05-21T04:42:23.405251Z [ATTACK-EXCLUDE] [PRIOR][UAV] Generated done/resume mission -> aircraft=5 IMP:800000213.json PATHS:500000141.json
2026-05-21T04:42:23.405873Z [ATTACK-EXCLUDE] [PRIOR][UAV] Resume sweep trim applied (cutPoints=13, rawCutPoints=13, doneSweepPoints=0, pathID=600000103).
2026-05-21T04:42:23.406435Z [ATTACK-EXCLUDE] [PRIOR][UAV] Resume searchSpeed scaled (factor=1.30, waypoints=1).
2026-05-21T04:42:23.406969Z [ATTACK-EXCLUDE] [PRIOR][UAV] Generated done/resume mission -> aircraft=6 IMP:800000215.json PATHS:600000113.json
2026-05-21T04:42:23.407622Z [ATTACK-EXCLUDE] 공격 배제 MissionPlan 저장 -> 700000048.json (planID=700000048)
2026-05-21T04:42:23.408300Z [ATTACK-EXCLUDE] ATTACK-EXCLUDE carried area remaining snapshot -> mission_area_snapshot_700000048.json (sourcePlanID=700000044, planID=700000048)
2026-05-21T04:42:23.932524Z [ATTACK] 공격 임무 계획 완료 (planIds=700000047)
2026-05-21T04:42:23.935889Z [INFO] UAV params loaded (cruise=40.00, turn_step=15.0)
2026-05-21T04:42:23.936581Z [INFO] Latest input snapshot → 0201:ID=3,ts=832653591020,src=-, 0203:ID=1,ts=832652848760,src=-
2026-05-21T04:42:23.937132Z [STEP 0] Using latest 0201 ID 3 (3.json)
2026-05-21T04:42:23.937652Z [STEP 0] Using latest 0203 ID 1 (1.json)
2026-05-21T04:42:23.938153Z [CHECK] 0201/0203 필수 데이터 확인 시작
2026-05-21T04:42:23.938684Z [OK] 0201 inputMissionList 확인됨 (count=5) → 진행
2026-05-21T04:42:23.939257Z [OK] 0201 availableAircraftList 확인됨 (count=6) → 진행
2026-05-21T04:42:23.939748Z [OK] 0201 inputMissionPackageType=1 확인
2026-05-21T04:42:23.940280Z [OK] 0201 mainSensor=1 확인
2026-05-21T04:42:23.940841Z [CHECK] 0201 기체 수=6 (UAV=3, LAH=3)
2026-05-21T04:42:23.941366Z [CHECK] 0201 임무: total=5 missingID=0 missingDetail=0 missingShape=0 unknownType=0 typeZeroAuto=0 typeZeroInvalid=0 lineOnlyViolation=0 skippedSinglePoint=0
2026-05-21T04:42:23.941876Z [OK] 0203 takeOverInfoList 확인됨 (count=3) → 진행
2026-05-21T04:42:23.942394Z [OK] 0203 handOverInfoList 확인됨 (count=3) → 진행
2026-05-21T04:42:23.943331Z [OK] 0203 flightAreaList 확인됨 (count=1) → 진행
2026-05-21T04:42:23.944008Z [CHECK] 0203 flightAreaList count=1
2026-05-21T04:42:23.944692Z [INFO] 임무 진행영역 스냅샷 적용: sourcePlan=700000044, updated=2, done=0
2026-05-21T04:42:23.945309Z [INFO] 임무 진행영역 재계획 collapse 적용: groups=2, normalized=3, 5
2026-05-21T04:42:23.945992Z [INFO] Filtered completed input missions (removed=1, 2, 4, converted=-, widthAdjusted=-, skippedSinglePoint=-, snapshot=updated=2, done=0, collapse=groups=2, normalized=3,5)
2026-05-21T04:42:23.950518Z [REPLAN][TIME] variant_started_ms=11072.6 wall_ms=1779338543401 variant=1 option=3 mode=attack_exclusion
2026-05-21T04:42:23.951236Z [variant 1] 공격 배제 병렬 결과 병합
2026-05-21T04:42:23.951959Z [REPLAN][TIME] attack_exclusion_parallel_joined_ms=11080.3 wall_ms=1779338543408 variant=1 duration_ms=6109.308 wait_ms=0.01
2026-05-21T04:42:23.952523Z [OK] 공격 배제 variant 저장: MissionPlanID=700000048 (elapsed=6109.3 ms)
2026-05-21T04:42:23.953107Z [INFO] Option mapping #1: planID=700000048, optionCode=3(공격배제)
2026-05-21T04:42:23.953720Z [REPLAN][TIME] variant_finished_ms=11080.5 wall_ms=1779338543409 variant=1 option=3 mode=attack_exclusion status=success duration_ms=6109.308
2026-05-21T04:42:23.954262Z [OK] Stored mission data: MissionPlan=1, IndividualMission=0, FlightPath=0
2026-05-21T04:42:23.954879Z [REPLAN][TIME] id_tab_update_deferred_ms=11081.3 wall_ms=1779338543409
2026-05-21T04:42:23.955465Z [REPLAN][TIME] pipeline_done_ms=11081.3 wall_ms=1779338543409 plans=2 force_direct=False
2026-05-21T04:42:23.955997Z [REPLAN][TIME] 0301_queued_ms=11081.4 wall_ms=1779338543409 plans=2
2026-05-21T04:42:23.956563Z [STEP 4] 0301 push queued (planIds=700000047, 700000048)
2026-05-21T04:42:23.958215Z [0301] missionPlanID=700000047 전송
2026-05-21T04:42:23.960058Z [0301] missionPlanID=700000048 전송
2026-05-21T04:42:23.961319Z [PUSH] 0301 direct batch send
2026-05-21T04:42:23.962071Z [REPLAN][TIME] 0301_sent_ms=11633.3 wall_ms=1779338543961 plans=2
2026-05-21T04:42:23.962780Z [REPLAN][TIME] post_0301_delivery_queued_ms=11634.0 wall_ms=1779338543962 grace_ms=0 timeout_ms=20 force_direct=0 mode=option_or_0901
2026-05-21T04:42:23.963495Z [INFO] Post-0301 apply queued (mode=option_or_0901, grace=0ms, timeout=20ms, plans=2)
2026-05-21T04:42:23.967373Z [REPLAN][TIME] 0305_status_2_ms=11638.4 wall_ms=1779338543966 reason=표적97 등 2개 발견
2026-05-21T04:42:23.968179Z [0305] status=2, reason=표적97 등 2개 발견, elapsed=11.63s 전송
2026-05-21T04:42:23.968844Z [REPLAN][TIME] post_0301_completion_ready_ms=11640.1 wall_ms=1779338543968 mode=option_or_0901
2026-05-21T04:42:23.969502Z [REPLAN][METRIC] source_artifact_cache entries=21 hits=39 misses=21
2026-05-21T04:42:23.997228Z [INFO] Post-0301 ready (timeout) -> sending 0901
2026-05-21T04:42:23.998137Z [REPLAN][TIME] post_0301_flushed_ms=11669.3 wall_ms=1779338543997 delivery=0901 trigger=timeout
2026-05-21T04:42:24.001357Z [REPLAN][TIME] 0901_sent_ms=11672.5 wall_ms=1779338544001 options=2
2026-05-21T04:42:24.002100Z [0901] option request sent (count=2, codes=2(공격특화), 3(공격배제))
2026-05-21T04:42:24.002705Z [REPLAN][TIME] id_tab_update_flushed_ms=11673.9 wall_ms=1779338544002
2026-05-21T04:44:09.182691Z [INFO] Latest 0201 ID updated → 4
2026-05-21T04:44:09.591266Z [REPLAN][TIME] 0902_received_ms=0.1 wall_ms=1779338649591 trigger=general_3_option replanLevel=1 optionCount=3 forceDirect=0
2026-05-21T04:44:09.592223Z [REPLAN][TIME] 0902_archived_ms=1.1 wall_ms=1779338649592 path=replan_request_832653849300.json
2026-05-21T04:44:09.592793Z [AUTO] 0902 received (planIds=700000049, 700000050, 700000051)
2026-05-21T04:44:09.593361Z [REPLAN][TIME] pipeline_scheduled_ms=2.3 wall_ms=1779338649593 delay_ms=100
2026-05-21T04:44:09.593911Z [AUTO] replan pipeline scheduled after 0.1s delay
2026-05-21T04:44:09.695533Z [REPLAN][TIME] scheduled_start_ms=104.3 wall_ms=1779338649695
2026-05-21T04:44:09.699329Z [REPLAN][TIME] 0305_status_1_ms=108.1 wall_ms=1779338649699 reason=협업기저임무 재수행 요청
2026-05-21T04:44:09.700088Z [0305] status=1, reason=협업기저임무 재수행 요청 전송
2026-05-21T04:44:09.704888Z [INFO] Using latest 0203 ID 1 for missionReferencePackageID (fallback)
2026-05-21T04:44:09.705924Z [STEP 0] Replan pipeline start (reason=협업기저임무 재수행 요청)
2026-05-21T04:44:09.709546Z [INFO] UAV params loaded (cruise=40.00, turn_step=15.0)
2026-05-21T04:44:09.710838Z [INFO] Latest input snapshot → 0201:ID=4,ts=832653849166,src=-, 0203:ID=1,ts=832652848760,src=-
2026-05-21T04:44:09.711420Z [STEP 0] Using latest 0201 ID 4 (4.json)
2026-05-21T04:44:09.711972Z [STEP 0] Using latest 0203 ID 1 (1.json)
2026-05-21T04:44:09.719574Z [CHECK] 0201/0203 필수 데이터 확인 시작
2026-05-21T04:44:09.720773Z [OK] 0201 inputMissionList 확인됨 (count=6) → 진행
2026-05-21T04:44:09.721950Z [OK] 0201 availableAircraftList 확인됨 (count=6) → 진행
2026-05-21T04:44:09.722756Z [OK] 0201 inputMissionPackageType=1 확인
2026-05-21T04:44:09.723749Z [OK] 0201 mainSensor=1 확인
2026-05-21T04:44:09.724649Z [CHECK] 0201 기체 수=6 (UAV=3, LAH=3)
2026-05-21T04:44:09.725407Z [CHECK] 0201 임무: total=6 missingID=0 missingDetail=0 missingShape=0 unknownType=0 typeZeroAuto=0 typeZeroInvalid=0 lineOnlyViolation=0 skippedSinglePoint=0
2026-05-21T04:44:09.727142Z [OK] 0203 takeOverInfoList 확인됨 (count=3) → 진행
2026-05-21T04:44:09.728177Z [OK] 0203 handOverInfoList 확인됨 (count=3) → 진행
2026-05-21T04:44:09.728932Z [OK] 0203 flightAreaList 확인됨 (count=1) → 진행
2026-05-21T04:44:09.730364Z [CHECK] 0203 flightAreaList count=1
2026-05-21T04:44:09.731401Z [INFO] 임무 진행영역 스냅샷 미적용: sourcePlan=700000048, reason=fresh collabReexecuteInputRefresh trigger
2026-05-21T04:44:09.732625Z [INFO] 현재 임무 collaborative hybrid armed: inputMissionID=6, sourcePlan=700000048, mode=reexecute_first_mission, aircraft=[4, 5, 6], options=all
2026-05-21T04:44:09.733586Z [INFO] Filtered completed input missions (removed=1, 2, 4, 5, converted=-, widthAdjusted=-, skippedSinglePoint=-, snapshot=-, collapse=-)
2026-05-21T04:44:09.734576Z [REPLAN][TIME] parallel_safety_gate_ms=139.7 wall_ms=1779338649730 enabled=True workers=3 waypoint_block_size=50000 reasons=-
2026-05-21T04:44:09.735248Z [INFO] 현재임무 재수행 옵션 병렬 생성 활성화: variant별 hybrid 요청 격리 적용
2026-05-21T04:44:09.736126Z [INFO] 일반 재계획 옵션 병렬 생성 활성화: variants=3, workers=3
2026-05-21T04:44:10.298307Z [INFO] variant 1 waypointID blocks reserved: 0303=601186-651185, 0304=651186-701185
2026-05-21T04:44:10.927002Z [INFO] variant 2 waypointID blocks reserved: 0303=701186-751185, 0304=751186-801185
2026-05-21T04:44:11.526629Z [INFO] variant 3 waypointID blocks reserved: 0303=801186-851185, 0304=851186-901185
2026-05-21T04:44:16.394153Z [REPLAN][TIME] variant_started_ms=1937.3 wall_ms=1779338651528 variant=1 option=6 mode=parallel_core
2026-05-21T04:44:16.395211Z [REPLAN][TIME] variant_core_finished_ms=6802.1 wall_ms=1779338656392 variant=1 option=6 mode=parallel_core status=success duration_ms=4864.731
2026-05-21T04:44:16.395990Z [STEP 1.1] Divide & Pattern start
2026-05-21T04:44:16.407543Z [variant 1] [ENHANCED][1] split start: uavs=[4, 5, 6]
2026-05-21T04:44:16.425120Z [variant 1] [ENHANCED][1] split done: pieces=6
2026-05-21T04:44:16.445654Z [variant 1] [ENHANCED][2] type-decider done: profile=6 changed=6/6
2026-05-21T04:44:16.464819Z [variant 1] [ENHANCED][3] expected-path done: count=6
2026-05-21T04:44:16.485315Z [variant 1] [ENHANCED][4] area-review done: overflow=0 targets=0 pieces=6->6
2026-05-21T04:44:16.567810Z [variant 1] [ENHANCED][5] expected-velocity done: pieces=6 dbRows=7010
2026-05-21T04:44:16.568982Z [variant 1] [ENHANCED][6] 0302 export done: files=6
2026-05-21T04:44:16.569817Z [variant 1] [ENHANCED] total=1333.5 ms
2026-05-21T04:44:16.580287Z [TIME] divide_and_pattern (variant=1): 1333.7 ms
2026-05-21T04:44:16.581958Z [OK] IMP generated: 6 file(s) (variant=1)
2026-05-21T04:44:16.582846Z [TIME] build_0301+load (variant=1): 128.8 ms
2026-05-21T04:44:16.583779Z [OK] MissionPlan built: MissionPlan_1779338652861.json (variant=1)
2026-05-21T04:44:16.587627Z [TIME] collect_missions (variant=1): 38.6 ms, count=12
2026-05-21T04:44:16.588837Z [variant 1] [REEXEC-FIRST] current-position first mission builder armed: sourcePlan=700000048, inputMissionID=6, sourceTemplateInputID=5, aircraft=[4, 5, 6], entries=A4=37.9339185,128.1755449,alt=1943.0, A5=37.9269766,128.1944788,alt=1875.0, A6=37.9246304,128.2048407,alt=1967.0
2026-05-21T04:44:16.590092Z [variant 1] [REEXEC-FIRST] division planner area-division pieces=3
2026-05-21T04:44:16.591555Z [variant 1] [REEXEC-FIRST] division planner final workflow=no_split paths=3
2026-05-21T04:44:16.592832Z [variant 1] current remaining generic 0303 skipped: inputMissionID=6, missions=3, aircraft=[4, 5, 6], pathIDs=[400000001, 500000001, 600000001]
2026-05-21T04:44:16.594135Z [INFO] FlightPath build mode (variant=1): 0303=aircraft_parallel workers=2 aircraft=3, 0304=sequential
2026-05-21T04:44:16.595462Z [REPLAN][METRIC] flightpath_build_0303 variant=1 option=6 recon=0 mode=parallel_core buildMode=aircraft_parallel workers=2 aircraft=3 paths=3 reassignedWaypoints=9 elapsed_ms=235.426 fallback=- worker_ms=4:140.759|5:173.667|6:91.687
2026-05-21T04:44:16.597002Z [INFO] FlightPath build time: 0303=235.4 ms, 0304=9.4 ms
2026-05-21T04:44:16.598534Z [variant 1] current remaining collaborative hybrid applied: inputMissionID=6, aircraft=[4, 5, 6], removedPaths=3, workflow=reexecute_first_mission:no_split
2026-05-21T04:44:16.599942Z [INFO] Applied LAH-UAV ETA follow speed plan (variant=1)
2026-05-21T04:44:16.600974Z [OK] FlightPath counts (variant=1): 0303=6 / 0304=6
2026-05-21T04:44:16.602170Z [REPLAN][METRIC] flightpath_counts variant=1 option=6 recon=0 mode=parallel_core paths0303=6 paths0304=6 pathsTotal=12 waypoints0303=15 waypoints0304=12 waypointsTotal=27 maxWaypointsPerPath=3 emptyPaths=0 formationPaths=0
2026-05-21T04:44:19.152863Z [REPLAN][TIME] variant_started_ms=1939.7 wall_ms=1779338651530 variant=3 option=5 mode=parallel_core
2026-05-21T04:44:19.153984Z [REPLAN][TIME] variant_core_finished_ms=9559.4 wall_ms=1779338659150 variant=3 option=5 mode=parallel_core status=success duration_ms=7619.739
2026-05-21T04:44:19.155833Z [STEP 1.3] Divide & Pattern start
2026-05-21T04:44:19.156800Z [variant 3] [ENHANCED][1] split start: uavs=[4, 5, 6]
2026-05-21T04:44:19.157521Z [variant 3] [ENHANCED][1] split done: pieces=6
2026-05-21T04:44:19.158125Z [variant 3] [ENHANCED][2] type-decider done: profile=6 changed=6/6
2026-05-21T04:44:19.161805Z [variant 3] [ENHANCED][3] expected-path done: count=6
2026-05-21T04:44:19.179018Z [variant 3] [ENHANCED][4] area-review done: overflow=0 targets=0 pieces=6->6
2026-05-21T04:44:19.199077Z [variant 3] [ENHANCED][5] expected-velocity done: pieces=6 dbRows=7010
2026-05-21T04:44:19.217839Z [variant 3] [ENHANCED][6] 0302 export done: files=6
2026-05-21T04:44:19.234765Z [variant 3] [ENHANCED] total=1339.9 ms
2026-05-21T04:44:19.249754Z [TIME] divide_and_pattern (variant=3): 1340.2 ms
2026-05-21T04:44:19.292737Z [OK] IMP generated: 6 file(s) (variant=3)
2026-05-21T04:44:19.312497Z [TIME] build_0301+load (variant=3): 147.2 ms
2026-05-21T04:44:19.313804Z [OK] MissionPlan built: MissionPlan_1779338652870.json (variant=3)
2026-05-21T04:44:19.314729Z [TIME] collect_missions (variant=3): 55.4 ms, count=12
2026-05-21T04:44:19.326959Z [variant 3] [REEXEC-FIRST] current-position first mission builder armed: sourcePlan=700000048, inputMissionID=6, sourceTemplateInputID=5, aircraft=[4, 5, 6], entries=A4=37.9339185,128.1755449,alt=1943.0, A5=37.9269766,128.1944788,alt=1875.0, A6=37.9246304,128.2048407,alt=1967.0
2026-05-21T04:44:19.327907Z [variant 3] [REEXEC-FIRST] division planner area-division pieces=3
2026-05-21T04:44:19.328876Z [variant 3] [REEXEC-FIRST] division planner final workflow=no_split paths=3
2026-05-21T04:44:19.329789Z [variant 3] current remaining generic 0303 skipped: inputMissionID=6, missions=3, aircraft=[4, 5, 6], pathIDs=[400000001, 500000001, 600000001]
2026-05-21T04:44:19.334613Z [INFO] FlightPath build mode (variant=3): 0303=aircraft_parallel workers=2 aircraft=3, 0304=sequential
2026-05-21T04:44:19.335619Z [REPLAN][METRIC] flightpath_build_0303 variant=3 option=5 recon=0 mode=parallel_core buildMode=aircraft_parallel workers=2 aircraft=3 paths=3 reassignedWaypoints=9 elapsed_ms=231.047 fallback=- worker_ms=4:166.362|5:141.750|6:84.999
2026-05-21T04:44:19.336484Z [INFO] FlightPath build time: 0303=231.0 ms, 0304=5.8 ms
2026-05-21T04:44:19.337843Z [variant 3] current remaining collaborative hybrid applied: inputMissionID=6, aircraft=[4, 5, 6], removedPaths=3, workflow=reexecute_first_mission:no_split
2026-05-21T04:44:19.339610Z [INFO] Applied LAH-UAV ETA follow speed plan (variant=3)
2026-05-21T04:44:19.340450Z [OK] FlightPath counts (variant=3): 0303=6 / 0304=6
2026-05-21T04:44:19.341422Z [REPLAN][METRIC] flightpath_counts variant=3 option=5 recon=0 mode=parallel_core paths0303=6 paths0304=6 pathsTotal=12 waypoints0303=15 waypoints0304=12 waypointsTotal=27 maxWaypointsPerPath=3 emptyPaths=0 formationPaths=0
2026-05-21T04:44:24.069057Z [REPLAN][TIME] variant_started_ms=1939.3 wall_ms=1779338651530 variant=2 option=4 mode=parallel_core
2026-05-21T04:44:24.070029Z [REPLAN][TIME] variant_core_finished_ms=14475.1 wall_ms=1779338664065 variant=2 option=4 mode=parallel_core status=success duration_ms=12535.8
2026-05-21T04:44:24.071664Z [STEP 1.2] Divide & Pattern start
2026-05-21T04:44:24.072200Z [variant 2] [ENHANCED][1] split start: uavs=[4, 5, 6]
2026-05-21T04:44:24.072822Z [variant 2] [ENHANCED][1] split done: pieces=6
2026-05-21T04:44:24.073793Z [variant 2] [REPLAN][METRIC] recon_area_review_before option=4 pieces=6 areaPieces=3 maxSegmentM=600.000 maxSplitCountLimit=0 minSegmentM=0.000 fixedFovDeg=2.400 areaFovDeg=2.400 sweepSeparationM=1000.000 sweepSeparationScale=1.000 turnRadiusM=800.000
2026-05-21T04:44:24.074325Z [variant 2] [REPLAN][METRIC] recon_area_review option=4 elapsed_ms=746.670 maxSegmentM=600.000 maxSplitCountLimit=0 minSegmentM=0.000 pieces_before=6 pieces_after=16 area_before=3 area_after=13 targets=3 localized=3 changed_details=3 detail_count=3 split_count_sum=13 raw_split_count_sum=13 max_split_count=5 max_raw_split_count=5 split_capped_count=0 max_projected_span_m=2497.311 max_total_len_m=0.000 max_segment_len_m=538.930 fixedFovDeg=2.400 areaFovDeg=2.400 sweepSeparationM=1000.000 sweepSeparationScale=1.000 turnRadiusM=800.000 reasons=-
2026-05-21T04:44:24.074937Z [variant 2] [ENHANCED][1R] recon-area-review done: targets=3 localized=3 pieces=6->16
2026-05-21T04:44:24.075553Z [variant 2] [ENHANCED][2] type-decider done: profile=6 changed=16/16
2026-05-21T04:44:24.076375Z [variant 2] [ENHANCED][3] expected-path done: count=16
2026-05-21T04:44:24.077186Z [variant 2] [ENHANCED][4] area-review done: overflow=0 targets=0 pieces=16->16
2026-05-21T04:44:24.078349Z [variant 2] [ENHANCED][5] expected-velocity done: pieces=16 dbRows=7010
2026-05-21T04:44:24.079204Z [variant 2] [ENHANCED][6] 0302 export done: files=6
2026-05-21T04:44:24.079928Z [variant 2] [ENHANCED] total=1642.6 ms
2026-05-21T04:44:24.080540Z [TIME] divide_and_pattern (variant=2): 1643.0 ms
2026-05-21T04:44:24.081132Z [OK] IMP generated: 6 file(s) (variant=2)
2026-05-21T04:44:24.082315Z [TIME] build_0301+load (variant=2): 18.3 ms
2026-05-21T04:44:24.082924Z [OK] MissionPlan built: MissionPlan_1779338653173.json (variant=2)
2026-05-21T04:44:24.083618Z [TIME] collect_missions (variant=2): 11.4 ms, count=22
2026-05-21T04:44:24.084343Z [variant 2] [REEXEC-FIRST] current-position first mission builder armed: sourcePlan=700000048, inputMissionID=6, sourceTemplateInputID=5, aircraft=[4, 5, 6], entries=A4=37.9339185,128.1755449,alt=1943.0, A5=37.9269766,128.1944788,alt=1875.0, A6=37.9246304,128.2048407,alt=1967.0
2026-05-21T04:44:24.085102Z [variant 2] [REEXEC-FIRST] division planner area-division pieces=3
2026-05-21T04:44:24.086062Z [variant 2] [REEXEC-FIRST] division planner final workflow=no_split paths=3
2026-05-21T04:44:24.087221Z [variant 2] current remaining generic 0303 skipped: inputMissionID=6, missions=13, aircraft=[4, 5, 6], pathIDs=[400000001, 400000002, 400000003, 400000004, 500000001, 500000002, 500000003, 500000004, 600000001, 600000002, 600000003, 600000004, 600000005]
2026-05-21T04:44:24.087920Z [INFO] FlightPath build mode (variant=2): 0303=aircraft_parallel workers=2 aircraft=3, 0304=sequential
2026-05-21T04:44:24.088778Z [REPLAN][METRIC] flightpath_build_0303 variant=2 option=4 recon=1 mode=parallel_core buildMode=aircraft_parallel workers=2 aircraft=3 paths=3 reassignedWaypoints=9 elapsed_ms=218.089 fallback=- worker_ms=4:126.981|5:159.236|6:88.520
2026-05-21T04:44:24.089383Z [INFO] FlightPath build time: 0303=218.1 ms, 0304=5.1 ms
2026-05-21T04:44:24.089930Z [variant 2] current remaining collaborative hybrid applied: inputMissionID=6, aircraft=[4, 5, 6], removedPaths=13, workflow=reexecute_first_mission:no_split
2026-05-21T04:44:24.090766Z [INFO] Applied LAH-UAV ETA follow speed plan (variant=2)
2026-05-21T04:44:24.091223Z [OK] FlightPath counts (variant=2): 0303=6 / 0304=6
2026-05-21T04:44:24.091777Z [REPLAN][METRIC] flightpath_counts variant=2 option=4 recon=1 mode=parallel_core paths0303=6 paths0304=6 pathsTotal=12 waypoints0303=15 waypoints0304=12 waypointsTotal=27 maxWaypointsPerPath=3 emptyPaths=0 formationPaths=0
2026-05-21T04:44:24.156757Z [TIME] pathID_mapping (variant=1, current_remaining_parallel_store): 87.0 ms
2026-05-21T04:44:24.157835Z [INFO] pathID mapping done after current remaining hybrid merge (variant=1, parallel_store)
2026-05-21T04:44:24.159212Z [INFO] FlightPath pathID enforced (variant=1): 0303=6, 0304=6
2026-05-21T04:44:24.217533Z [TIME] build_0302 (variant=1): 43.0 ms, packages=6
2026-05-21T04:44:24.219206Z [INFO] FlightPath individualMissionID synced (variant=1): fixed=12
2026-05-21T04:44:24.224882Z [TIME] write_0302 (variant=1): 7.3 ms, files=6
2026-05-21T04:44:24.292005Z [TIME] write_FlightPath (variant=1): 55.4 ms, files=12
2026-05-21T04:44:24.293002Z [REPLAN][METRIC] flightpath_write variant=1 option=6 recon=0 mode=parallel_store files0303=6 files0304=6 filesTotal=12 write_ms=55.444
2026-05-21T04:44:24.295488Z [TIME] write_0301 (variant=1): 1.2 ms
2026-05-21T04:44:24.296200Z [OK] Stored variant 1: MissionPlanID=700000049, IMP=6, FlightPath=12
2026-05-21T04:44:24.296925Z [REPLAN][TIME] variant_finished_ms=14704.5 wall_ms=1779338664295 variant=1 option=6 mode=parallel_store status=success duration_ms=5089.502
2026-05-21T04:44:24.297550Z [TIME] variant_total (variant=1): 5089.5 ms
2026-05-21T04:44:24.298280Z [INFO] Option mapping #1: planID=700000049, optionCode=6(정찰/시간 균형)
2026-05-21T04:44:24.393185Z [TIME] pathID_mapping (variant=2, current_remaining_parallel_store): 94.5 ms
2026-05-21T04:44:24.394459Z [INFO] pathID mapping done after current remaining hybrid merge (variant=2, parallel_store)
2026-05-21T04:44:24.395610Z [INFO] FlightPath pathID enforced (variant=2): 0303=6, 0304=6
2026-05-21T04:44:24.453139Z [TIME] build_0302 (variant=2): 42.9 ms, packages=6
2026-05-21T04:44:24.454292Z [INFO] FlightPath individualMissionID synced (variant=2): fixed=12
2026-05-21T04:44:24.461560Z [TIME] write_0302 (variant=2): 8.5 ms, files=6
2026-05-21T04:44:24.540508Z [TIME] write_FlightPath (variant=2): 59.6 ms, files=12
2026-05-21T04:44:24.541756Z [REPLAN][METRIC] flightpath_write variant=2 option=4 recon=1 mode=parallel_store files0303=6 files0304=6 filesTotal=12 write_ms=59.577
2026-05-21T04:44:24.547102Z [TIME] write_0301 (variant=2): 1.4 ms
2026-05-21T04:44:24.547840Z [OK] Stored variant 2: MissionPlanID=700000050, IMP=6, FlightPath=12
2026-05-21T04:44:24.549082Z [REPLAN][TIME] variant_finished_ms=14955.8 wall_ms=1779338664546 variant=2 option=4 mode=parallel_store status=success duration_ms=12783.054
2026-05-21T04:44:24.549934Z [TIME] variant_total (variant=2): 12783.1 ms
2026-05-21T04:44:24.550520Z [INFO] Option mapping #2: planID=700000050, optionCode=4(정찰특화)
2026-05-21T04:44:24.644544Z [TIME] pathID_mapping (variant=3, current_remaining_parallel_store): 94.7 ms
2026-05-21T04:44:24.645560Z [INFO] pathID mapping done after current remaining hybrid merge (variant=3, parallel_store)
2026-05-21T04:44:24.646595Z [INFO] FlightPath pathID enforced (variant=3): 0303=6, 0304=6
2026-05-21T04:44:24.707865Z [TIME] build_0302 (variant=3): 43.5 ms, packages=6
2026-05-21T04:44:24.709670Z [INFO] FlightPath individualMissionID synced (variant=3): fixed=12
2026-05-21T04:44:24.716255Z [TIME] write_0302 (variant=3): 8.3 ms, files=6
2026-05-21T04:44:24.788766Z [TIME] write_FlightPath (variant=3): 58.4 ms, files=12
2026-05-21T04:44:24.789634Z [REPLAN][METRIC] flightpath_write variant=3 option=5 recon=0 mode=parallel_store files0303=6 files0304=6 filesTotal=12 write_ms=58.434
2026-05-21T04:44:24.792664Z [TIME] write_0301 (variant=3): 1.4 ms
2026-05-21T04:44:24.793308Z [OK] Stored variant 3: MissionPlanID=700000051, IMP=6, FlightPath=12
2026-05-21T04:44:24.793905Z [REPLAN][TIME] variant_finished_ms=15201.5 wall_ms=1779338664792 variant=3 option=5 mode=parallel_store status=success duration_ms=7861.159
2026-05-21T04:44:24.794489Z [TIME] variant_total (variant=3): 7861.2 ms
2026-05-21T04:44:24.795146Z [INFO] Option mapping #3: planID=700000051, optionCode=5(최소시간)
2026-05-21T04:44:24.796248Z [OK] Stored mission data: MissionPlan=3, IndividualMission=18, FlightPath=36
2026-05-21T04:44:24.797899Z [REPLAN][TIME] id_tab_update_deferred_ms=15205.2 wall_ms=1779338664796
2026-05-21T04:44:24.798752Z [REPLAN][TIME] pipeline_done_ms=15205.4 wall_ms=1779338664796 plans=3 force_direct=False
2026-05-21T04:44:24.800950Z [REPLAN][TIME] 0301_queued_ms=15205.4 wall_ms=1779338664796 plans=3
2026-05-21T04:44:24.801782Z [STEP 4] 0301 push queued (planIds=700000049, 700000050, 700000051)
2026-05-21T04:44:24.807886Z [0301] missionPlanID=700000049 전송
2026-05-21T04:44:24.810475Z [0301] missionPlanID=700000050 전송
2026-05-21T04:44:24.812934Z [0301] missionPlanID=700000051 전송
2026-05-21T04:44:24.814231Z [PUSH] 0301 direct batch send
2026-05-21T04:44:24.815092Z [REPLAN][TIME] 0301_sent_ms=15224.0 wall_ms=1779338664814 plans=3
2026-05-21T04:44:24.815935Z [REPLAN][TIME] post_0301_delivery_queued_ms=15224.9 wall_ms=1779338664815 grace_ms=0 timeout_ms=20 force_direct=0 mode=option_or_0901
2026-05-21T04:44:24.816992Z [INFO] Post-0301 apply queued (mode=option_or_0901, grace=0ms, timeout=20ms, plans=3)
2026-05-21T04:44:24.821187Z [REPLAN][TIME] 0305_status_2_ms=15230.0 wall_ms=1779338664820 reason=협업기저임무 재수행 요청
2026-05-21T04:44:24.821963Z [0305] status=2, reason=협업기저임무 재수행 요청, elapsed=15.12s 전송
2026-05-21T04:44:24.822612Z [REPLAN][TIME] post_0301_completion_ready_ms=15231.6 wall_ms=1779338664822 mode=option_or_0901
2026-05-21T04:44:24.823242Z [REPLAN][METRIC] source_artifact_cache entries=34 hits=28 misses=34
2026-05-21T04:44:24.846873Z [INFO] Post-0301 ready (timeout) -> sending 0901
2026-05-21T04:44:24.847857Z [REPLAN][TIME] post_0301_flushed_ms=15256.8 wall_ms=1779338664847 delivery=0901 trigger=timeout
2026-05-21T04:44:24.850873Z [REPLAN][TIME] 0901_sent_ms=15259.8 wall_ms=1779338664850 options=3
2026-05-21T04:44:24.851719Z [0901] option request sent (count=3, codes=6(정찰/시간 균형), 4(정찰특화), 5(최소시간))
2026-05-21T04:44:24.852510Z [REPLAN][TIME] id_tab_update_flushed_ms=15261.5 wall_ms=1779338664852
2026-05-21T04:44:33.573233Z [REPLAN][TIME] 0902_received_ms=0.3 wall_ms=1779338673572 trigger=attack_2_option replanLevel=2 optionCount=2 forceDirect=0
2026-05-21T04:44:33.574383Z [REPLAN][TIME] 0902_archived_ms=1.5 wall_ms=1779338673574 path=replan_request_832653872539.json
2026-05-21T04:44:33.575029Z [AUTO] 0902 received (planIds=700000052, 700000053)
2026-05-21T04:44:33.575742Z [REPLAN][TIME] pipeline_scheduled_ms=2.8 wall_ms=1779338673575 delay_ms=0
2026-05-21T04:44:33.576762Z [REPLAN][TIME] scheduled_start_ms=3.9 wall_ms=1779338673576
2026-05-21T04:44:33.579489Z [REPLAN][TIME] 0305_status_1_ms=6.5 wall_ms=1779338673579 reason=표적98 발견 재계획
2026-05-21T04:44:33.580319Z [0305] status=1, reason=표적98 발견 재계획 전송
2026-05-21T04:44:33.586060Z [INFO] Using latest 0203 ID 1 for missionReferencePackageID (fallback)
2026-05-21T04:44:33.587676Z [STEP 0] Replan pipeline start (reason=표적98 발견 재계획)
2026-05-21T04:44:33.588603Z [REPLAN][TIME] attack_exclusion_parallel_started_ms=13.7 wall_ms=1779338673586 option_index=2 sourcePlanID=700000049
2026-05-21T04:44:33.589350Z [ATTACK-EXCLUDE] parallel generation started (sourcePlanID=700000049, optionIndex=2)
2026-05-21T04:44:33.589990Z [ATTACK] 공격 특화 재계획 요청 감지 → 전용 파이프라인 실행
2026-05-21T04:44:33.601040Z [ATTACK] [TIME] select_manned_aircraft=14ms
2026-05-21T04:44:33.601829Z [ATTACK] STEP1 Selected manned aircraft: aircraft 2 (fuel=1200.0, coord=(37.85672378540039, 128.23350524902344, alt=1199))
2026-05-21T04:44:33.604391Z [ATTACK] [TIME] load_target_entries=2ms
2026-05-21T04:44:33.605145Z [ATTACK] STEP2 UAV tracking summary: watcher 5?’target 98, watcher 4?’target unknown-10, watcher 4?’target unknown-13, watcher 4?’target unknown-17, watcher 4?’target unknown-2, watcher 4?’target unknown-22, watcher 4?’target unknown-27, watcher 4?’target unknown-31, watcher 4?’target unknown-33, watcher 4?’target unknown-34, watcher 4?’target unknown-35, watcher 4?’target unknown-38, watcher 4?’target unknown-41, watcher 5?’target unknown-12, watcher 5?’target unknown-15, watcher 5?’target unknown-16, watcher 5?’target unknown-18, watcher 5?’target unknown-19, watcher 5?’target unknown-20, watcher 5?’target unknown-28, watcher 5?’target unknown-3, watcher 5?’target unknown-32, watcher 5?’target unknown-36, watcher 5?’target unknown-4, watcher 5?’target unknown-43, watcher 5?’target unknown-6, watcher 5?’target unknown-7, watcher 5?’target unknown-8, watcher 5?’target unknown-9, watcher 6?’target unknown-1, watcher 6?’target unknown-11, watcher 6?’target unknown-21, watcher 6?’target unknown-23, watcher 6?’target unknown-25, watcher 6?’target unknown-29, watcher 6?’target unknown-30, watcher 6?’target unknown-37, watcher 6?’target unknown-39, watcher 6?’target unknown-42, watcher 6?’target unknown-5, watcher 4?’target 77, watcher 6?’target 78, watcher 5?’target 79, watcher 5?’target 80, watcher 4?’target 81, watcher 5?’target 82, watcher 5?’target 83, watcher 5?’target 84, watcher 4?’target 85, watcher 4?’target 86, watcher 5?’target 87, watcher 6?’target 88, watcher 5?’target 89, watcher 6?’target 90, watcher 5?’target 91, watcher 5?’target 92, watcher 4?’target 93, watcher 5?’target 94, watcher 6?’target 96, watcher 5?’target 97
2026-05-21T04:44:33.606003Z [ATTACK] STEP2.5 Using bundled 0402 targets: target=98 watcher=5
2026-05-21T04:44:33.611733Z [ATTACK] [ATTACK] Selected target id=98 type=1 weaponType=2 (preferred=2, ammo={'type1': 500, 'type2': 7, 'type3': 2})
2026-05-21T04:44:33.621129Z [ATTACK] [TIME] compute_attack_point=9ms
2026-05-21T04:44:33.621865Z [ATTACK] STEP3 Attack plan completed: lat=37.898815, lon=128.195005, alt=957m
2026-05-21T04:44:33.633717Z [ATTACK] [ATTACK] Weapon choice aircraft=2 preferred=2 selected=2 ammo={'type1': 500, 'type2': 7, 'type3': 2}
2026-05-21T04:44:33.634568Z [ATTACK] [ATTACK][ETA] Tracking ETA computed with LAH max attack speed (dist=5772.7m, speed=73.61m/s, +30s) -> 108s
2026-05-21T04:44:33.641836Z [ATTACK] [ATTACK] Using requested missionPlanID 700000052 (sourcePlanID=700000049)
2026-05-21T04:44:33.655438Z [ATTACK] [ATTACK][POINT] Primary target adaptive standoff mode=candidate_within_standoff currentDist=7772.686632004333m candidateDist=1999.9999999996976m standoff=300.0/2000.0m.
2026-05-21T04:44:33.660834Z [ATTACK] [ATTACK][ETA] UAV 4 remaining mission time: 0.0s
2026-05-21T04:44:33.673683Z [ATTACK] [ATTACK][ETA] UAV 6 remaining mission time: 0.0s
2026-05-21T04:44:33.674359Z [ATTACK] [ATTACK][ETA] Non-tracking UAV ETA selected: UAV 4 with 0s remaining
2026-05-21T04:44:33.674925Z [ATTACK] [ATTACK][ETA] All tracking ETAs unified to 0s
2026-05-21T04:44:33.698403Z [ATTACK] [ATTACK][COLLAB] Remaining UAV entry lookahead applied: 9.0s (pathFollow=3, linearFallback=3, currentOnly=0)
2026-05-21T04:44:33.700481Z [ATTACK] [PRIOR] Falling back to first mission for aircraft 2 (current waypoint not found in plan).
2026-05-21T04:44:36.305912Z [ATTACK] [ATTACK][LAH] Using max attack speed 73.61m/s (265.0km/h) for aircraft 2.
2026-05-21T04:44:36.306879Z [ATTACK] [ATTACK][LAH] Inferred current waypoint from position -> 651190.
2026-05-21T04:44:36.308075Z [ATTACK] [ATTACK][LAH] Dropped current waypoint from resume path (currentWP=651190, nextWP=651191).
2026-05-21T04:44:40.212648Z [ATTACK] [ATTACK][LAH] Preserved completed prefix, inserted attack, and reattached 1 follow-up mission(s).
2026-05-21T04:44:40.225836Z [ATTACK] [ATTACK][LAH] Generated attack/resume missions -> IMP:800000239.json PATHS:200000088.json/200000089.json (followUps=1)
2026-05-21T04:44:40.227019Z [ATTACK] [PRIOR] Falling back to first mission for aircraft 1 (current waypoint not found in plan).
2026-05-21T04:44:41.232382Z [ATTACK] [ATTACK][LAH] Inferred current waypoint from position -> 651186.
2026-05-21T04:44:41.233048Z [ATTACK] [ATTACK][LAH] Dropped current waypoint from resume path (currentWP=651186, nextWP=651187).
2026-05-21T04:44:43.320292Z [ATTACK] [ATTACK][LAH] Preserved completed prefix, inserted hold, and reattached 1 follow-up mission(s).
2026-05-21T04:44:43.327431Z [ATTACK] [ATTACK][LAH] Generated hold/resume missions -> IMP:800000241.json PATHS:100000087.json/100000088.json (followUps=1)
2026-05-21T04:44:43.329879Z [ATTACK] [PRIOR] Falling back to first mission for aircraft 3 (current waypoint not found in plan).
2026-05-21T04:44:44.342290Z [ATTACK] [ATTACK][LAH] Inferred current waypoint from position -> 651194.
2026-05-21T04:44:44.343552Z [ATTACK] [ATTACK][LAH] Dropped current waypoint from resume path (currentWP=651194, nextWP=651195).
2026-05-21T04:44:46.049686Z [ATTACK] [ATTACK][LAH] Preserved completed prefix, inserted hold, and reattached 1 follow-up mission(s).
2026-05-21T04:44:46.056299Z [ATTACK] [ATTACK][LAH] Generated hold/resume missions -> IMP:800000245.json PATHS:300000088.json/300000089.json (followUps=1)
2026-05-21T04:44:46.058321Z [ATTACK] [NEXTCOLLAB] division planner area-division pieces=2
2026-05-21T04:44:46.058848Z [ATTACK] [NEXTCOLLAB] division planner final workflow=no_split paths=2
2026-05-21T04:44:46.059325Z [ATTACK] [ATTACK][COLLAB] Collaborative replacement IMP written (aircraft=4, imp=800000242.json, missions=1).
2026-05-21T04:44:46.059952Z [ATTACK] [ATTACK][COLLAB] Collaborative replacement IMP written (aircraft=6, imp=800000243.json, missions=1).
2026-05-21T04:44:46.060470Z [ATTACK] [ATTACK][COLLAB] First sweep searchSpeed boosted (aircraft=4, pathID=400000135, waypointID=901236, factor=1.30, old=948.43, new=1232.96).
2026-05-21T04:44:46.060933Z [ATTACK] [ATTACK][COLLAB] First sweep searchSpeed boosted (aircraft=6, pathID=600000128, waypointID=901250, factor=1.30, old=782.95, new=1017.83).
2026-05-21T04:44:46.061407Z [ATTACK] [ATTACK][COLLAB] Collaborative remaining mission replanned (inputMissionID=6, unavailable=[5], remaining=[4, 6], workflow=no_split).
2026-05-21T04:44:46.070427Z [ATTACK] [ATTACK][UAV] Tracking target altitude kept for sensor only; flight altitude replaced 657m -> 1953m.
2026-05-21T04:44:46.409452Z [ATTACK] [ATTACK][UAV] Resume trimmed by currentWP (lastRemovedWP=901192).
2026-05-21T04:44:46.773159Z [ATTACK] [ATTACK][UAV] Added replan anchor waypoint to done path (anchorWP=901272).
2026-05-21T04:44:46.773819Z [ATTACK] [ATTACK][UAV] Resume sweep trim applied (cutPoints=12, rawCutPoints=12, doneSweepPoints=0, pathID=500000150).
2026-05-21T04:44:47.088563Z [ATTACK] [ATTACK][UAV] Resume searchSpeed scaled (factor=1.30, waypoints=1).
2026-05-21T04:44:48.115729Z [ATTACK] [ATTACK][COLLAB] Tracking UAV resume replaced with release transit (aircraft=5, targetFinishEta=115, speed=58.0m/s).
2026-05-21T04:44:48.118190Z [ATTACK] [ATTACK][UAV] Preserved completed prefix, inserted tracking, and reattached 1 follow-up mission(s).
2026-05-21T04:44:48.177396Z [ATTACK] [ATTACK][UAV] Generated tracking/resume missions -> IMP:800000246.json PATHS:500000160.json/500000161.json (followUps=1)
2026-05-21T04:44:48.189832Z [ATTACK] [ATTACK][UAV] Tracking assignment state saved (aircraft=5, sourcePlan=700000049, attackPlan=700000052).
2026-05-21T04:44:48.191033Z [ATTACK] [ATTACK][COLLAB] Aircraft 4 handled by collaborative remaining replan (inputMissionID=6).
2026-05-21T04:44:48.192198Z [ATTACK] [ATTACK][COLLAB] Aircraft 6 handled by collaborative remaining replan (inputMissionID=6).
2026-05-21T04:44:48.205411Z [ATTACK] [ATTACK][PLAN] carried area remaining snapshot -> mission_area_snapshot_700000052.json (sourcePlanID=700000049, planID=700000052)
2026-05-21T04:44:48.206099Z [ATTACK] [ATTACK][PLAN] MissionPlan saved -> 700000052.json (planID=700000052)
2026-05-21T04:44:48.207445Z [ATTACK] [ATTACK][TIME] override_detail={"phases": {"metadata_normalize": {"elapsedMs": 0.011, "attackTargetCount": 1, "selectedMannedCount": 1}, "agent_index": {"elapsedMs": 0.12, "aircraftCount": 6}, "weapon_choice": {"elapsedMs": 10.911, "selectedWeaponType": 2, "ammoAvailable": true}, "initial_tracking_eta": {"elapsedMs": 0.723, "useDetectionTracking": true, "trackingEtaS": 108}, "resolve_source_plan": {"elapsedMs": 5.053, "sourcePlanID": 700000049}, "source_plan_load": {"elapsedMs": 0.437, "sourcePlanID": 700000049, "aircraftCount": 6}, "sweep_progress_load": {"elapsedMs": 0.942, "entries": 96}, "plan_id_resolve": {"elapsedMs": 0.025, "requested": true, "missionPlanID": 700000052}, "source_artifact_cache_build": {"elapsedMs": 0.024, "aircraftEntries": 6}, "done_input_ids_load": {"elapsedMs": 3.056, "count": 4}, "plan_deepcopy": {"elapsedMs": 0.089}, "target_uav_assignment": {"elapsedMs": 1.396, "assignedTargetCount": 1, "usedTrackingUavCount": 1}, "manned_sequence_assignment": {"elapsedMs": 5.765, "aircraftCount": 1, "error": null}, "attack_coordinate_resolution": {"elapsedMs": 3.219, "resolvedCount": 1, "mannedSequenceCount": 1}, "remaining_eta": {"elapsedMs": 18.616, "allUavCount": 3, "trackingUavCount": 1, "computedEtaCount": 1, "adjustedEtaS": 0}, "descriptor_list_build": {"elapsedMs": 0.053, "descriptorCount": 6, "activeMannedCount": 1, "otherLahCount": 2, "otherUavCount": 2}, "collab_tracking_scan": {"elapsedMs": 12.113, "inputCount": 1, "unavailableUavCount": 1}, "collab_agent_state_map": {"elapsedMs": 11.533, "aircraftCount": 6}, "collab_parallel_started": {"elapsedMs": 0.833, "inputCount": 1, "workers": 1}, "collab_parallel_join": {"elapsedMs": 3.67, "waitReason": "UAV_TRACK", "inputCount": 1}, "descriptor_loop": {"elapsedMs": 14492.803, "descriptorCount": 6, "updateCount": 4}, "final_collab_plan_update": {"elapsedMs": 0.021, "collabInputCount": 1}, "mission_plan_write": {"elapsedMs": 13.044, "missionPlanID": 700000052}, "option_meta_build": {"elapsedMs": 0.069, "targetCount": 1, "collabInputCount": 1}}, "collabRuns": [{"inputMissionID": 6, "unavailableAircraftIDs": [5], "elapsedMs": 7595.637, "status": "ok", "replacementAircraftIDs": [4, 6], "generatedPathCount": 2, "finishEtaS": 115, "workflow": "no_split"}], "descriptorDetails": [{"aircraftID": 2, "label": "manned", "mode": "LAH_ATTACK", "resolveArtifacts": {"elapsedMs": 0.89, "currentWaypointID": null, "sourcePathID": 200000082, "sourceImpID": 800000221}, "loadArtifacts": {"elapsedMs": 0.009, "impLoaded": true, "fpLoaded": true}, "cloneAndLocateMission": {"elapsedMs": 0.134, "missionCount": 2, "targetIndex": 0}, "allocateAndPlanUpdate": {"elapsedMs": 15.704, "newImpID": 800000239}, "builder": {"elapsedMs": 6509.586, "builderMode": "LAH_ATTACK"}, "builderDetail": {"allocate_ids": {"elapsedMs": 2585.296, "attackPathID": 200000088, "resumePathID": 200000089, "attackIndividualID": 900000585, "resumeIndividualID": 900000586, "entryWaypointID": 901228, "attackWaypointID": 901230}, "split_lah_resume": {"elapsedMs": 1777.628, "resumeWaypointCount": 1, "removedWaypointID": 651190}, "clone_followups": {"elapsedMs": 1023.781, "followUpMissionCount": 1, "followUpPathCount": 1}, "payload_build": {"elapsedMs": 1104.22, "hasResume": true, "followUpMissionCount": 1, "attackSpeedMps": 73.61}, "write_json": {"elapsedMs": 10.506, "fileCount": 4}, "totalMs": 6506.535}, "status": "ok", "elapsedMs": 6526.49}, {"aircraftID": 1, "label": "lah_hold_1", "mode": "LAH_HOLD_RESUME", "resolveArtifacts": {"elapsedMs": 1.066, "currentWaypointID": null, "sourcePathID": 100000081, "sourceImpID": 800000220}, "loadArtifacts": {"elapsedMs": 0.009, "impLoaded": true, "fpLoaded": true}, "cloneAndLocateMission": {"elapsedMs": 0.151, "missionCount": 2, "targetIndex": 0}, "allocateAndPlanUpdate": {"elapsedMs": 353.636, "newImpID": 800000241}, "builder": {"elapsedMs": 2747.88, "builderMode": "LAH_HOLD_RESUME"}, "builderDetail": {"allocate_ids": {"elapsedMs": 645.454, "holdPathID": 100000087, "resumePathID": 100000088, "holdIndividualID": 900000592, "resumeIndividualID": 900000593}, "split_lah_resume": {"elapsedMs": 1049.462, "resumeWaypointCount": 1, "removedWaypointID": 651186}, "clone_followups": {"elapsedMs": 390.575, "followUpMissionCount": 1, "followUpPathCount": 1}, "payload_build": {"elapsedMs": 1043.276, "hasResume": true, "followUpMissionCount": 1}, "write_json": {"elapsedMs": 5.189, "fileCount": 4}, "totalMs": 2747.832}, "status": "ok", "elapsedMs": 3102.902}, {"aircraftID": 3, "label": "lah_hold_3", "mode": "LAH_HOLD_RESUME", "resolveArtifacts": {"elapsedMs": 0.801, "currentWaypointID": null, "sourcePathID": 300000082, "sourceImpID": 800000222}, "loadArtifacts": {"elapsedMs": 0.005, "impLoaded": true, "fpLoaded": true}, "cloneAndLocateMission": {"elapsedMs": 0.091, "missionCount": 2, "targetIndex": 0}, "allocateAndPlanUpdate": {"elapsedMs": 347.385, "newImpID": 800000245}, "builder": {"elapsedMs": 2379.989, "builderMode": "LAH_HOLD_RESUME"}, "builderDetail": {"allocate_ids": {"elapsedMs": 663.762, "holdPathID": 300000088, "resumePathID": 300000089, "holdIndividualID": 900000597, "resumeIndividualID": 900000598}, "split_lah_resume": {"elapsedMs": 984.358, "resumeWaypointCount": 1, "removedWaypointID": 651194}, "clone_followups": {"elapsedMs": 365.172, "followUpMissionCount": 1, "followUpPathCount": 1}, "payload_build": {"elapsedMs": 723.162, "hasResume": true, "followUpMissionCount": 1}, "write_json": {"elapsedMs": 4.98, "fileCount": 4}, "totalMs": 2379.94}, "status": "ok", "elapsedMs": 2728.408}, {"aircraftID": 5, "label": "uav_tracking_5", "mode": "UAV_TRACK", "resolveArtifacts": {"elapsedMs": 0.024, "currentWaypointID": 901193, "sourcePathID": 500000150, "sourceImpID": 800000224}, "loadArtifacts": {"elapsedMs": 0.004, "impLoaded": true, "fpLoaded": true}, "cloneAndLocateMission": {"elapsedMs": 0.172, "missionCount": 2, "targetIndex": 0}, "allocateAndPlanUpdate": {"elapsedMs": 8.001, "newImpID": 800000246}, "builder": {"elapsedMs": 2107.933, "builderMode": "UAV_TRACK"}, "builderDetail": {"allocate_ids": {"elapsedMs": 334.58, "donePathID": 500000159, "attackPathID": 500000160, "resumePathID": 500000161, "trackingIndividualID": 900000600, "resumeIndividualID": 900000601, "targetWaypointID": 901271}, "split_done_resume": {"elapsedMs": 985.249, "sourceSinglePoint": false, "doneWaypointCount": 2, "resumeWaypointCount": 1, "removedWaypointID": 901192}, "clone_followups": {"elapsedMs": 384.219, "followUpMissionCount": 1, "followUpPathCount": 1}, "release_resume": {"elapsedMs": 337.128, "releaseWaypointCount": 2, "targetFinishEtaS": 115}, "write_json": {"elapsedMs": 57.193, "fileCount": 5}, "totalMs": 2104.311}, "trackingState": {"elapsedMs": 11.516}, "status": "ok", "elapsedMs": 2128.564}, {"aircraftID": 4, "label": "uav_resume_4", "mode": "UAV_RESUME", "resolveArtifacts": {"elapsedMs": 0.03, "currentWaypointID": 901189, "sourcePathID": 400000126, "sourceImpID": 800000223}, "loadArtifacts": {"elapsedMs": 0.01, "impLoaded": true, "fpLoaded": true}, "cloneAndLocateMission": {"elapsedMs": 0.212, "missionCount": 2, "targetIndex": 0}, "status": "handled_by_collab", "elapsedMs": 1.101}, {"aircraftID": 6, "label": "uav_resume_6", "mode": "UAV_RESUME", "resolveArtifacts": {"elapsedMs": 0.027, "currentWaypointID": 901197, "sourcePathID": 600000122, "sourceImpID": 800000225}, "loadArtifacts": {"elapsedMs": 0.004, "impLoaded": true, "fpLoaded": true}, "cloneAndLocateMission": {"elapsedMs": 0.224, "missionCount": 2, "targetIndex": 0}, "status": "handled_by_collab", "elapsedMs": 1.038}], "totalMs": 14567}
2026-05-21T04:44:48.208440Z [ATTACK] [ATTACK][TIME] override_total=14567ms
2026-05-21T04:44:48.210150Z [ATTACK] [TIME] apply_attack_plan_overrides=14588ms
2026-05-21T04:44:48.225318Z [ATTACK] [TIME] timingMs={"read_source": 18.283, "descriptor_build": 6.645, "write_artifacts": 14599.319, "delivery_wait": 14.304}
2026-05-21T04:44:48.226235Z [ATTACK] [TIME] total=14640ms
2026-05-21T04:44:48.233999Z [ATTACK] 분석 로그 저장: C:\Users\TRL98\Desktop\LAH_MUMT\Logs\Scenario_2026-05-21T132543\SBC3\DSS_Internal\log_attack_algorithm_20260521T044448_227011.json
2026-05-21T04:44:48.252607Z [ATTACK] mark target used: targetIDs=98
2026-05-21T04:44:48.274732Z [ATTACK-EXCLUDE] ATTACK-EXCLUDE using requested missionPlanID 700000053 (sourcePlanID=700000049)
2026-05-21T04:44:48.275777Z [ATTACK-EXCLUDE] [PRIOR][UAV] Resume trimmed by currentWP (lastRemovedWP=901188).
2026-05-21T04:44:48.276654Z [ATTACK-EXCLUDE] [PRIOR][UAV] Added replan anchor waypoint to done path (anchorWP=901225).
2026-05-21T04:44:48.277389Z [ATTACK-EXCLUDE] [PRIOR][UAV] Resume sweep trim applied (cutPoints=10, rawCutPoints=10, doneSweepPoints=0, pathID=400000126).
2026-05-21T04:44:48.277984Z [ATTACK-EXCLUDE] [PRIOR][UAV] Resume searchSpeed scaled (factor=1.30, waypoints=1).
2026-05-21T04:44:48.278571Z [ATTACK-EXCLUDE] [PRIOR][UAV] Generated done/resume mission -> aircraft=4 IMP:800000238.json PATHS:400000132.json/400000133.json
2026-05-21T04:44:48.279068Z [ATTACK-EXCLUDE] [PRIOR][UAV] Resume trimmed by currentWP (lastRemovedWP=901192).
2026-05-21T04:44:48.279580Z [ATTACK-EXCLUDE] [PRIOR][UAV] Added replan anchor waypoint to done path (anchorWP=901243).
2026-05-21T04:44:48.280147Z [ATTACK-EXCLUDE] [PRIOR][UAV] Resume sweep trim applied (cutPoints=12, rawCutPoints=12, doneSweepPoints=0, pathID=500000150).
2026-05-21T04:44:48.280665Z [ATTACK-EXCLUDE] [PRIOR][UAV] Resume searchSpeed scaled (factor=1.30, waypoints=1).
2026-05-21T04:44:48.281252Z [ATTACK-EXCLUDE] [PRIOR][UAV] Generated done/resume mission -> aircraft=5 IMP:800000240.json PATHS:500000156.json/500000157.json
2026-05-21T04:44:48.281835Z [ATTACK-EXCLUDE] [PRIOR][UAV] Resume trimmed by currentWP (lastRemovedWP=901196).
2026-05-21T04:44:48.282466Z [ATTACK-EXCLUDE] [PRIOR][UAV] Added replan anchor waypoint to done path (anchorWP=901261).
2026-05-21T04:44:48.283088Z [ATTACK-EXCLUDE] [PRIOR][UAV] Resume sweep trim applied (cutPoints=10, rawCutPoints=10, doneSweepPoints=0, pathID=600000122).
2026-05-21T04:44:48.283649Z [ATTACK-EXCLUDE] [PRIOR][UAV] Resume searchSpeed scaled (factor=1.30, waypoints=1).
2026-05-21T04:44:48.284174Z [ATTACK-EXCLUDE] [PRIOR][UAV] Generated done/resume mission -> aircraft=6 IMP:800000244.json PATHS:600000129.json/600000130.json
2026-05-21T04:44:48.284891Z [ATTACK-EXCLUDE] 공격 배제 MissionPlan 저장 -> 700000053.json (planID=700000053)
2026-05-21T04:44:48.285591Z [ATTACK-EXCLUDE] ATTACK-EXCLUDE carried area remaining snapshot -> mission_area_snapshot_700000053.json (sourcePlanID=700000049, planID=700000053)
2026-05-21T04:44:48.906696Z [ATTACK] 공격 임무 계획 완료 (planIds=700000052)
2026-05-21T04:44:48.907850Z [INFO] UAV params loaded (cruise=40.00, turn_step=15.0)
2026-05-21T04:44:48.908457Z [INFO] Latest input snapshot → 0201:ID=4,ts=832653849166,src=-, 0203:ID=1,ts=832652848760,src=-
2026-05-21T04:44:48.909016Z [STEP 0] Using latest 0201 ID 4 (4.json)
2026-05-21T04:44:48.909552Z [STEP 0] Using latest 0203 ID 1 (1.json)
2026-05-21T04:44:48.910078Z [CHECK] 0201/0203 필수 데이터 확인 시작
2026-05-21T04:44:48.910606Z [OK] 0201 inputMissionList 확인됨 (count=6) → 진행
2026-05-21T04:44:48.911129Z [OK] 0201 availableAircraftList 확인됨 (count=6) → 진행
2026-05-21T04:44:48.911649Z [OK] 0201 inputMissionPackageType=1 확인
2026-05-21T04:44:48.912167Z [OK] 0201 mainSensor=1 확인
2026-05-21T04:44:48.912680Z [CHECK] 0201 기체 수=6 (UAV=3, LAH=3)
2026-05-21T04:44:48.913256Z [CHECK] 0201 임무: total=6 missingID=0 missingDetail=0 missingShape=0 unknownType=0 typeZeroAuto=0 typeZeroInvalid=0 lineOnlyViolation=0 skippedSinglePoint=0
2026-05-21T04:44:48.913804Z [OK] 0203 takeOverInfoList 확인됨 (count=3) → 진행
2026-05-21T04:44:48.914346Z [OK] 0203 handOverInfoList 확인됨 (count=3) → 진행
2026-05-21T04:44:48.914889Z [OK] 0203 flightAreaList 확인됨 (count=1) → 진행
2026-05-21T04:44:48.915431Z [CHECK] 0203 flightAreaList count=1
2026-05-21T04:44:48.915981Z [INFO] 임무 진행영역 스냅샷 적용: sourcePlan=700000049, updated=2, done=0
2026-05-21T04:44:48.916536Z [INFO] 임무 진행영역 재계획 collapse 적용: groups=2, normalized=3, 6
2026-05-21T04:44:48.917079Z [INFO] Filtered completed input missions (removed=1, 2, 4, 5, converted=-, widthAdjusted=-, skippedSinglePoint=-, snapshot=updated=2, done=0, collapse=groups=2, normalized=3,6)
2026-05-21T04:44:48.917624Z [REPLAN][TIME] variant_started_ms=14701.8 wall_ms=1779338688274 variant=1 option=3 mode=attack_exclusion
2026-05-21T04:44:48.918141Z [variant 1] 공격 배제 병렬 결과 병합
2026-05-21T04:44:48.918721Z [REPLAN][TIME] attack_exclusion_parallel_joined_ms=14713.4 wall_ms=1779338688286 variant=1 duration_ms=10815.587 wait_ms=0.011
2026-05-21T04:44:48.919629Z [OK] 공격 배제 variant 저장: MissionPlanID=700000053 (elapsed=10815.6 ms)
2026-05-21T04:44:48.920305Z [INFO] Option mapping #1: planID=700000053, optionCode=3(공격배제)
2026-05-21T04:44:48.921254Z [REPLAN][TIME] variant_finished_ms=14713.6 wall_ms=1779338688286 variant=1 option=3 mode=attack_exclusion status=success duration_ms=10815.587
2026-05-21T04:44:48.921823Z [OK] Stored mission data: MissionPlan=1, IndividualMission=0, FlightPath=0
2026-05-21T04:44:48.922387Z [REPLAN][TIME] id_tab_update_deferred_ms=14714.9 wall_ms=1779338688287
2026-05-21T04:44:48.922926Z [REPLAN][TIME] pipeline_done_ms=14715.0 wall_ms=1779338688287 plans=2 force_direct=False
2026-05-21T04:44:48.923609Z [REPLAN][TIME] 0301_queued_ms=14715.0 wall_ms=1779338688287 plans=2
2026-05-21T04:44:48.924382Z [STEP 4] 0301 push queued (planIds=700000052, 700000053)
2026-05-21T04:44:48.927099Z [0301] missionPlanID=700000052 전송
2026-05-21T04:44:48.929343Z [0301] missionPlanID=700000053 전송
2026-05-21T04:44:48.930661Z [PUSH] 0301 direct batch send
2026-05-21T04:44:48.931395Z [REPLAN][TIME] 0301_sent_ms=15358.6 wall_ms=1779338688931 plans=2
2026-05-21T04:44:48.932073Z [REPLAN][TIME] post_0301_delivery_queued_ms=15359.3 wall_ms=1779338688931 grace_ms=0 timeout_ms=20 force_direct=0 mode=option_or_0901
2026-05-21T04:44:48.932645Z [INFO] Post-0301 apply queued (mode=option_or_0901, grace=0ms, timeout=20ms, plans=2)
2026-05-21T04:44:48.935736Z [REPLAN][TIME] 0305_status_2_ms=15362.8 wall_ms=1779338688935 reason=표적98 발견 재계획
2026-05-21T04:44:48.936447Z [0305] status=2, reason=표적98 발견 재계획, elapsed=15.36s 전송
2026-05-21T04:44:48.937191Z [REPLAN][TIME] post_0301_completion_ready_ms=15364.4 wall_ms=1779338688936 mode=option_or_0901
2026-05-21T04:44:48.937818Z [REPLAN][METRIC] source_artifact_cache entries=21 hits=39 misses=21
2026-05-21T04:44:48.966276Z [INFO] Post-0301 ready (timeout) -> sending 0901
2026-05-21T04:44:48.966949Z [REPLAN][TIME] post_0301_flushed_ms=15394.2 wall_ms=1779338688966 delivery=0901 trigger=timeout
2026-05-21T04:44:48.969762Z [REPLAN][TIME] 0901_sent_ms=15397.0 wall_ms=1779338688969 options=2
2026-05-21T04:44:48.970473Z [0901] option request sent (count=2, codes=2(공격특화), 3(공격배제))
2026-05-21T04:44:48.971214Z [REPLAN][TIME] id_tab_update_flushed_ms=15398.4 wall_ms=1779338688971
2026-05-21T04:45:38.966120Z [REPLAN][TIME] 0902_received_ms=0.3 wall_ms=1779338738965 trigger=attack_2_option replanLevel=2 optionCount=2 forceDirect=0
2026-05-21T04:45:38.967583Z [REPLAN][TIME] 0902_archived_ms=1.8 wall_ms=1779338738967 path=replan_request_832653937571.json
2026-05-21T04:45:38.968409Z [AUTO] 0902 received (planIds=700000054, 700000055)
2026-05-21T04:45:38.969217Z [REPLAN][TIME] pipeline_scheduled_ms=3.5 wall_ms=1779338738969 delay_ms=0
2026-05-21T04:45:38.970520Z [REPLAN][TIME] scheduled_start_ms=4.8 wall_ms=1779338738970
2026-05-21T04:45:38.973245Z [REPLAN][TIME] 0305_status_1_ms=7.5 wall_ms=1779338738973 reason=표적99 발견 재계획
2026-05-21T04:45:38.973933Z [0305] status=1, reason=표적99 발견 재계획 전송
2026-05-21T04:45:38.979773Z [INFO] Using latest 0203 ID 1 for missionReferencePackageID (fallback)
2026-05-21T04:45:38.981392Z [STEP 0] Replan pipeline start (reason=표적99 발견 재계획)
2026-05-21T04:45:38.982101Z [REPLAN][TIME] attack_exclusion_parallel_started_ms=14.7 wall_ms=1779338738980 option_index=2 sourcePlanID=700000053
2026-05-21T04:45:38.982755Z [ATTACK-EXCLUDE] parallel generation started (sourcePlanID=700000053, optionIndex=2)
2026-05-21T04:45:38.983758Z [ATTACK] 공격 특화 재계획 요청 감지 → 전용 파이프라인 실행
2026-05-21T04:45:38.990340Z [ATTACK] [TIME] select_manned_aircraft=10ms
2026-05-21T04:45:38.991072Z [ATTACK] STEP1 Selected manned aircraft: aircraft 3 (fuel=1200.0, coord=(37.8477783203125, 128.23300170898438, alt=1199))
2026-05-21T04:45:38.993859Z [ATTACK] [TIME] load_target_entries=2ms
2026-05-21T04:45:38.994704Z [ATTACK] STEP2 UAV tracking summary: watcher 5?’target 99, watcher 4?’target unknown-10, watcher 4?’target unknown-13, watcher 4?’target unknown-17, watcher 4?’target unknown-2, watcher 4?’target unknown-22, watcher 4?’target unknown-27, watcher 4?’target unknown-31, watcher 4?’target unknown-33, watcher 4?’target unknown-34, watcher 4?’target unknown-35, watcher 4?’target unknown-38, watcher 4?’target unknown-41, watcher 4?’target unknown-44, watcher 4?’target unknown-45, watcher 4?’target unknown-49, watcher 4?’target unknown-51, watcher 5?’target unknown-12, watcher 5?’target unknown-15, watcher 5?’target unknown-16, watcher 5?’target unknown-18, watcher 5?’target unknown-19, watcher 5?’target unknown-20, watcher 5?’target unknown-28, watcher 5?’target unknown-3, watcher 5?’target unknown-32, watcher 5?’target unknown-36, watcher 5?’target unknown-4, watcher 5?’target unknown-43, watcher 5?’target unknown-47, watcher 5?’target unknown-50, watcher 5?’target unknown-52, watcher 5?’target unknown-6, watcher 5?’target unknown-7, watcher 5?’target unknown-8, watcher 5?’target unknown-9, watcher 6?’target unknown-1, watcher 6?’target unknown-11, watcher 6?’target unknown-21, watcher 6?’target unknown-23, watcher 6?’target unknown-25, watcher 6?’target unknown-29, watcher 6?’target unknown-30, watcher 6?’target unknown-37, watcher 6?’target unknown-39, watcher 6?’target unknown-42, watcher 6?’target unknown-46, watcher 6?’target unknown-48, watcher 6?’target unknown-5, watcher 4?’target 77, watcher 6?’target 78, watcher 5?’target 79, watcher 5?’target 80, watcher 4?’target 81, watcher 5?’target 82, watcher 5?’target 83, watcher 5?’target 84, watcher 4?’target 85, watcher 4?’target 86, watcher 5?’target 87, watcher 6?’target 88, watcher 5?’target 89, watcher 6?’target 90, watcher 5?’target 91, watcher 5?’target 92, watcher 4?’target 93, watcher 5?’target 94, watcher 6?’target 96, watcher 5?’target 97, watcher 5?’target 98
2026-05-21T04:45:38.995819Z [ATTACK] STEP2.5 Using bundled 0402 targets: target=99 watcher=5
2026-05-21T04:45:39.001717Z [ATTACK] [ATTACK] Selected target id=99 type=5 weaponType=2 (preferred=2, ammo={'type1': 500, 'type2': 7, 'type3': 2})
2026-05-21T04:45:39.011763Z [ATTACK] [TIME] compute_attack_point=9ms
2026-05-21T04:45:39.012591Z [ATTACK] STEP3 Attack plan completed: lat=37.899421, lon=128.194616, alt=948m
2026-05-21T04:45:39.013436Z [ATTACK] [ATTACK] Using remembered waypoint 901251 for watcher 5 while auto-tracking.
2026-05-21T04:45:39.019590Z [ATTACK] [ATTACK] Weapon choice aircraft=3 preferred=2 selected=2 ammo={'type1': 500, 'type2': 7, 'type3': 2}
2026-05-21T04:45:39.020548Z [ATTACK] [ATTACK][ETA] Tracking ETA computed with LAH max attack speed (dist=6657.9m, speed=73.61m/s, +30s) -> 120s
2026-05-21T04:45:39.034529Z [ATTACK] [ATTACK] Using requested missionPlanID 700000054 (sourcePlanID=700000053)
2026-05-21T04:45:39.043403Z [ATTACK] [ATTACK][POINT] Primary target adaptive standoff mode=far_projected_to_preferred_standoff currentDist=8657.875259663453m candidateDist=2000.00000000058m standoff=300.0/2000.0m.
2026-05-21T04:45:39.047501Z [ATTACK] [ATTACK][ETA] UAV 4 remaining mission time: 0.0s
2026-05-21T04:45:39.054156Z [ATTACK] [ATTACK][ETA] UAV 6 remaining mission time: 0.0s
2026-05-21T04:45:39.054941Z [ATTACK] [ATTACK][ETA] Non-tracking UAV ETA selected: UAV 4 with 0s remaining
2026-05-21T04:45:39.055689Z [ATTACK] [ATTACK][ETA] All tracking ETAs unified to 0s
2026-05-21T04:45:39.070439Z [ATTACK] [ATTACK][COLLAB] Remaining UAV entry lookahead applied: 9.0s (pathFollow=3, linearFallback=3, currentOnly=0)
2026-05-21T04:45:39.072086Z [ATTACK] [PRIOR] Falling back to first mission for aircraft 3 (current waypoint not found in plan).
2026-05-21T04:45:41.364882Z [ATTACK] [ATTACK][LAH] Using max attack speed 73.61m/s (265.0km/h) for aircraft 3.
2026-05-21T04:45:41.365947Z [ATTACK] [ATTACK][LAH] Inferred current waypoint from position -> 651194.
2026-05-21T04:45:41.366668Z [ATTACK] [ATTACK][LAH] Dropped current waypoint from resume path (currentWP=651194, nextWP=651195).
2026-05-21T04:45:45.067596Z [ATTACK] [ATTACK][LAH] Preserved completed prefix, inserted attack, and reattached 1 follow-up mission(s).
2026-05-21T04:45:45.073266Z [ATTACK] [ATTACK][LAH] Generated attack/resume missions -> IMP:800000248.json PATHS:300000091.json/300000092.json (followUps=1)
2026-05-21T04:45:45.074132Z [ATTACK] [PRIOR] Falling back to first mission for aircraft 1 (current waypoint not found in plan).
2026-05-21T04:45:45.138690Z [ATTACK] [ATTACK][LAH] Inferred current waypoint from position -> 651186.
2026-05-21T04:45:45.139573Z [ATTACK] [ATTACK][LAH] Dropped current waypoint from resume path (currentWP=651186, nextWP=651187).
2026-05-21T04:45:47.561677Z [ATTACK] [ATTACK][LAH] Preserved completed prefix, inserted hold, and reattached 1 follow-up mission(s).
2026-05-21T04:45:47.566885Z [ATTACK] [ATTACK][LAH] Generated hold/resume missions -> IMP:800000253.json PATHS:100000090.json/100000091.json (followUps=1)
2026-05-21T04:45:47.568556Z [ATTACK] [PRIOR] Falling back to first mission for aircraft 2 (current waypoint not found in plan).
2026-05-21T04:45:47.598370Z [ATTACK] [ATTACK][LAH] Inferred current waypoint from position -> 651190.
2026-05-21T04:45:47.599120Z [ATTACK] [ATTACK][LAH] Dropped current waypoint from resume path (currentWP=651190, nextWP=651191).
2026-05-21T04:45:49.282926Z [ATTACK] [ATTACK][LAH] Preserved completed prefix, inserted hold, and reattached 1 follow-up mission(s).
2026-05-21T04:45:49.289493Z [ATTACK] [ATTACK][LAH] Generated hold/resume missions -> IMP:800000254.json PATHS:200000091.json/200000092.json (followUps=1)
2026-05-21T04:45:49.291798Z [ATTACK] [NEXTCOLLAB] division planner area-division pieces=2
2026-05-21T04:45:49.292526Z [ATTACK] [NEXTCOLLAB] division planner final workflow=no_split paths=2
2026-05-21T04:45:49.293196Z [ATTACK] [ATTACK][COLLAB] Collaborative replacement IMP written (aircraft=4, imp=800000250.json, missions=1).
2026-05-21T04:45:49.293804Z [ATTACK] [ATTACK][COLLAB] Collaborative replacement IMP written (aircraft=6, imp=800000251.json, missions=1).
2026-05-21T04:45:49.294382Z [ATTACK] [ATTACK][COLLAB] First sweep searchSpeed boosted (aircraft=4, pathID=400000139, waypointID=901290, factor=1.30, old=472.98, new=614.88).
2026-05-21T04:45:49.294973Z [ATTACK] [ATTACK][COLLAB] First sweep searchSpeed boosted (aircraft=6, pathID=600000132, waypointID=901297, factor=1.30, old=511.58, new=665.06).
2026-05-21T04:45:49.295645Z [ATTACK] [ATTACK][COLLAB] Collaborative remaining mission replanned (inputMissionID=6, unavailable=[5], remaining=[4, 6], workflow=no_split).
2026-05-21T04:45:49.304615Z [ATTACK] [ATTACK][UAV] Tracking target altitude kept for sensor only; flight altitude replaced 648m -> 1953m.
2026-05-21T04:45:49.709403Z [ATTACK] [ATTACK][UAV] Source path has a single waypoint; preserving it as done and skipping done/resume split.
2026-05-21T04:45:50.433158Z [ATTACK] [ATTACK][COLLAB] Tracking UAV resume replaced with release transit (aircraft=5, targetFinishEta=57, speed=58.0m/s).
2026-05-21T04:45:50.435043Z [ATTACK] [ATTACK][UAV] Preserved completed prefix, inserted tracking, and reattached 1 follow-up mission(s).
2026-05-21T04:45:50.495194Z [ATTACK] [ATTACK][UAV] Generated tracking/resume missions -> IMP:800000255.json PATHS:500000167.json/500000168.json (followUps=1)
2026-05-21T04:45:50.506746Z [ATTACK] [ATTACK][UAV] Tracking assignment state saved (aircraft=5, sourcePlan=700000053, attackPlan=700000054).
2026-05-21T04:45:50.507880Z [ATTACK] [ATTACK][COLLAB] Aircraft 4 handled by collaborative remaining replan (inputMissionID=6).
2026-05-21T04:45:50.508912Z [ATTACK] [ATTACK][COLLAB] Aircraft 6 handled by collaborative remaining replan (inputMissionID=6).
2026-05-21T04:45:50.520582Z [ATTACK] [ATTACK][PLAN] carried area remaining snapshot -> mission_area_snapshot_700000054.json (sourcePlanID=700000053, planID=700000054)
2026-05-21T04:45:50.521384Z [ATTACK] [ATTACK][PLAN] MissionPlan saved -> 700000054.json (planID=700000054)
2026-05-21T04:45:50.522945Z [ATTACK] [ATTACK][TIME] override_detail={"phases": {"metadata_normalize": {"elapsedMs": 0.009, "attackTargetCount": 1, "selectedMannedCount": 1}, "agent_index": {"elapsedMs": 0.119, "aircraftCount": 6}, "weapon_choice": {"elapsedMs": 5.433, "selectedWeaponType": 2, "ammoAvailable": true}, "initial_tracking_eta": {"elapsedMs": 0.871, "useDetectionTracking": true, "trackingEtaS": 120}, "resolve_source_plan": {"elapsedMs": 11.031, "sourcePlanID": 700000053}, "source_plan_load": {"elapsedMs": 0.573, "sourcePlanID": 700000053, "aircraftCount": 6}, "sweep_progress_load": {"elapsedMs": 1.303, "entries": 102}, "plan_id_resolve": {"elapsedMs": 0.025, "requested": true, "missionPlanID": 700000054}, "source_artifact_cache_build": {"elapsedMs": 0.015, "aircraftEntries": 6}, "done_input_ids_load": {"elapsedMs": 2.077, "count": 4}, "plan_deepcopy": {"elapsedMs": 0.051}, "target_uav_assignment": {"elapsedMs": 0.767, "assignedTargetCount": 1, "usedTrackingUavCount": 1}, "manned_sequence_assignment": {"elapsedMs": 2.893, "aircraftCount": 1, "error": null}, "attack_coordinate_resolution": {"elapsedMs": 2.907, "resolvedCount": 1, "mannedSequenceCount": 1}, "remaining_eta": {"elapsedMs": 11.345, "allUavCount": 3, "trackingUavCount": 1, "computedEtaCount": 1, "adjustedEtaS": 0}, "descriptor_list_build": {"elapsedMs": 0.048, "descriptorCount": 6, "activeMannedCount": 1, "otherLahCount": 2, "otherUavCount": 2}, "collab_tracking_scan": {"elapsedMs": 3.865, "inputCount": 1, "unavailableUavCount": 1}, "collab_agent_state_map": {"elapsedMs": 10.585, "aircraftCount": 6}, "collab_parallel_started": {"elapsedMs": 0.77, "inputCount": 1, "workers": 1}, "collab_parallel_join": {"elapsedMs": 4.572, "waitReason": "UAV_TRACK", "inputCount": 1}, "descriptor_loop": {"elapsedMs": 11437.739, "descriptorCount": 6, "updateCount": 4}, "final_collab_plan_update": {"elapsedMs": 0.013, "collabInputCount": 1}, "mission_plan_write": {"elapsedMs": 11.668, "missionPlanID": 700000054}, "option_meta_build": {"elapsedMs": 0.059, "targetCount": 1, "collabInputCount": 1}}, "collabRuns": [{"inputMissionID": 6, "unavailableAircraftIDs": [5], "elapsedMs": 5010.131, "status": "ok", "replacementAircraftIDs": [4, 6], "generatedPathCount": 2, "finishEtaS": 57, "workflow": "no_split"}], "descriptorDetails": [{"aircraftID": 3, "label": "manned", "mode": "LAH_ATTACK", "resolveArtifacts": {"elapsedMs": 0.746, "currentWaypointID": null, "sourcePathID": 300000082, "sourceImpID": 800000222}, "loadArtifacts": {"elapsedMs": 0.007, "impLoaded": true, "fpLoaded": true}, "cloneAndLocateMission": {"elapsedMs": 0.13, "missionCount": 2, "targetIndex": 0}, "allocateAndPlanUpdate": {"elapsedMs": 32.035, "newImpID": 800000248}, "builder": {"elapsedMs": 5968.908, "builderMode": "LAH_ATTACK"}, "builderDetail": {"allocate_ids": {"elapsedMs": 2257.293, "attackPathID": 300000091, "resumePathID": 300000092, "attackIndividualID": 900000607, "resumeIndividualID": 900000608, "entryWaypointID": 901285, "attackWaypointID": 901288}, "split_lah_resume": {"elapsedMs": 1925.692, "resumeWaypointCount": 1, "removedWaypointID": 651194}, "clone_followups": {"elapsedMs": 1447.318, "followUpMissionCount": 1, "followUpPathCount": 1}, "payload_build": {"elapsedMs": 328.361, "hasResume": true, "followUpMissionCount": 1, "attackSpeedMps": 73.61}, "write_json": {"elapsedMs": 4.369, "fileCount": 4}, "totalMs": 5966.613}, "status": "ok", "elapsedMs": 6001.997}, {"aircraftID": 1, "label": "lah_hold_1", "mode": "LAH_HOLD_RESUME", "resolveArtifacts": {"elapsedMs": 0.926, "currentWaypointID": null, "sourcePathID": 100000081, "sourceImpID": 800000220}, "loadArtifacts": {"elapsedMs": 0.005, "impLoaded": true, "fpLoaded": true}, "cloneAndLocateMission": {"elapsedMs": 0.121, "missionCount": 2, "targetIndex": 0}, "allocateAndPlanUpdate": {"elapsedMs": 18.239, "newImpID": 800000253}, "builder": {"elapsedMs": 2475.003, "builderMode": "LAH_HOLD_RESUME"}, "builderDetail": {"allocate_ids": {"elapsedMs": 42.269, "holdPathID": 100000090, "resumePathID": 100000091, "holdIndividualID": 900000614, "resumeIndividualID": 900000615}, "split_lah_resume": {"elapsedMs": 1686.378, "resumeWaypointCount": 1, "removedWaypointID": 651186}, "clone_followups": {"elapsedMs": 371.536, "followUpMissionCount": 1, "followUpPathCount": 1}, "payload_build": {"elapsedMs": 739.408, "hasResume": true, "followUpMissionCount": 1}, "write_json": {"elapsedMs": 3.982, "fileCount": 4}, "totalMs": 2474.963}, "status": "ok", "elapsedMs": 2494.428}, {"aircraftID": 2, "label": "lah_hold_2", "mode": "LAH_HOLD_RESUME", "resolveArtifacts": {"elapsedMs": 0.601, "currentWaypointID": null, "sourcePathID": 200000082, "sourceImpID": 800000221}, "loadArtifacts": {"elapsedMs": 0.007, "impLoaded": true, "fpLoaded": true}, "cloneAndLocateMission": {"elapsedMs": 0.094, "missionCount": 2, "targetIndex": 0}, "allocateAndPlanUpdate": {"elapsedMs": 7.259, "newImpID": 800000254}, "builder": {"elapsedMs": 1714.981, "builderMode": "LAH_HOLD_RESUME"}, "builderDetail": {"allocate_ids": {"elapsedMs": 21.507, "holdPathID": 200000091, "resumePathID": 200000092, "holdIndividualID": 900000617, "resumeIndividualID": 900000618}, "split_lah_resume": {"elapsedMs": 1016.769, "resumeWaypointCount": 1, "removedWaypointID": 651190}, "clone_followups": {"elapsedMs": 347.716, "followUpMissionCount": 1, "followUpPathCount": 1}, "payload_build": {"elapsedMs": 667.825, "hasResume": true, "followUpMissionCount": 1}, "write_json": {"elapsedMs": 4.835, "fileCount": 4}, "totalMs": 1714.932}, "status": "ok", "elapsedMs": 1723.089}, {"aircraftID": 5, "label": "uav_tracking_5", "mode": "UAV_TRACK", "resolveArtifacts": {"elapsedMs": 0.026, "currentWaypointID": 901251, "sourcePathID": 500000157, "sourceImpID": 800000240}, "loadArtifacts": {"elapsedMs": 0.005, "impLoaded": true, "fpLoaded": true}, "cloneAndLocateMission": {"elapsedMs": 0.197, "missionCount": 2, "targetIndex": 0}, "allocateAndPlanUpdate": {"elapsedMs": 7.754, "newImpID": 800000255}, "builder": {"elapsedMs": 1191.663, "builderMode": "UAV_TRACK"}, "builderDetail": {"allocate_ids": {"elapsedMs": 400.879, "donePathID": 500000166, "attackPathID": 500000167, "resumePathID": 500000168, "trackingIndividualID": 900000620, "resumeIndividualID": 900000621, "targetWaypointID": 901321}, "split_done_resume": {"elapsedMs": 1.526, "sourceSinglePoint": true, "doneWaypointCount": 1, "resumeWaypointCount": 0, "removedWaypointID": 901251}, "clone_followups": {"elapsedMs": 404.276, "followUpMissionCount": 1, "followUpPathCount": 1}, "release_resume": {"elapsedMs": 317.926, "releaseWaypointCount": 2, "targetFinishEtaS": 57}, "write_json": {"elapsedMs": 58.538, "fileCount": 5}, "totalMs": 1188.337}, "trackingState": {"elapsedMs": 10.555}, "status": "ok", "elapsedMs": 1211.136}, {"aircraftID": 4, "label": "uav_resume_4", "mode": "UAV_RESUME", "resolveArtifacts": {"elapsedMs": 0.028, "currentWaypointID": 901229, "sourcePathID": 400000133, "sourceImpID": 800000238}, "loadArtifacts": {"elapsedMs": 0.005, "impLoaded": true, "fpLoaded": true}, "cloneAndLocateMission": {"elapsedMs": 0.191, "missionCount": 2, "targetIndex": 0}, "status": "handled_by_collab", "elapsedMs": 1.007}, {"aircraftID": 6, "label": "uav_resume_6", "mode": "UAV_RESUME", "resolveArtifacts": {"elapsedMs": 0.022, "currentWaypointID": 901264, "sourcePathID": 600000130, "sourceImpID": 800000244}, "loadArtifacts": {"elapsedMs": 0.004, "impLoaded": true, "fpLoaded": true}, "cloneAndLocateMission": {"elapsedMs": 0.162, "missionCount": 2, "targetIndex": 0}, "status": "handled_by_collab", "elapsedMs": 0.888}], "totalMs": 11490}
2026-05-21T04:45:50.523813Z [ATTACK] [ATTACK][TIME] override_total=11490ms
2026-05-21T04:45:50.524754Z [ATTACK] [TIME] apply_attack_plan_overrides=11512ms
2026-05-21T04:45:50.535093Z [ATTACK] [TIME] timingMs={"read_source": 14.039, "descriptor_build": 7.14, "write_artifacts": 11523.806, "delivery_wait": 9.619}
2026-05-21T04:45:50.535799Z [ATTACK] [TIME] total=11555ms
2026-05-21T04:45:50.542968Z [ATTACK] 분석 로그 저장: C:\Users\TRL98\Desktop\LAH_MUMT\Logs\Scenario_2026-05-21T132543\SBC3\DSS_Internal\log_attack_algorithm_20260521T044550_536555.json
2026-05-21T04:45:50.561250Z [ATTACK] mark target used: targetIDs=99
2026-05-21T04:45:50.594086Z [ATTACK-EXCLUDE] ATTACK-EXCLUDE using requested missionPlanID 700000055 (sourcePlanID=700000053)
2026-05-21T04:45:50.594853Z [ATTACK-EXCLUDE] [PRIOR][UAV] Resume sweep trim applied (cutPoints=52, rawCutPoints=52, doneSweepPoints=0, pathID=400000133).
2026-05-21T04:45:50.595539Z [ATTACK-EXCLUDE] [PRIOR][UAV] Resume searchSpeed scaled (factor=1.30, waypoints=1).
2026-05-21T04:45:50.596197Z [ATTACK-EXCLUDE] [PRIOR][UAV] Generated done/resume mission -> aircraft=4 IMP:800000247.json PATHS:400000137.json
2026-05-21T04:45:50.596927Z [ATTACK-EXCLUDE] [PRIOR][UAV] Resume sweep trim applied (cutPoints=43, rawCutPoints=43, doneSweepPoints=0, pathID=500000157).
2026-05-21T04:45:50.597526Z [ATTACK-EXCLUDE] [PRIOR][UAV] Resume searchSpeed scaled (factor=1.30, waypoints=1).
2026-05-21T04:45:50.598425Z [ATTACK-EXCLUDE] [PRIOR][UAV] Generated done/resume mission -> aircraft=5 IMP:800000249.json PATHS:500000164.json
2026-05-21T04:45:50.599130Z [ATTACK-EXCLUDE] [PRIOR][UAV] Resume sweep trim applied (cutPoints=64, rawCutPoints=64, doneSweepPoints=0, pathID=600000130).
2026-05-21T04:45:50.599766Z [ATTACK-EXCLUDE] [PRIOR][UAV] Resume searchSpeed scaled (factor=1.30, waypoints=1).
2026-05-21T04:45:50.600316Z [ATTACK-EXCLUDE] [PRIOR][UAV] Generated done/resume mission -> aircraft=6 IMP:800000252.json PATHS:600000134.json
2026-05-21T04:45:50.600894Z [ATTACK-EXCLUDE] 공격 배제 MissionPlan 저장 -> 700000055.json (planID=700000055)
2026-05-21T04:45:50.601768Z [ATTACK-EXCLUDE] ATTACK-EXCLUDE carried area remaining snapshot -> mission_area_snapshot_700000055.json (sourcePlanID=700000053, planID=700000055)
2026-05-21T04:45:51.241540Z [ATTACK] 공격 임무 계획 완료 (planIds=700000054)
2026-05-21T04:45:51.243939Z [INFO] UAV params loaded (cruise=40.00, turn_step=15.0)
2026-05-21T04:45:51.244575Z [INFO] Latest input snapshot → 0201:ID=4,ts=832653849166,src=-, 0203:ID=1,ts=832652848760,src=-
2026-05-21T04:45:51.245215Z [STEP 0] Using latest 0201 ID 4 (4.json)
2026-05-21T04:45:51.245783Z [STEP 0] Using latest 0203 ID 1 (1.json)
2026-05-21T04:45:51.246364Z [CHECK] 0201/0203 필수 데이터 확인 시작
2026-05-21T04:45:51.246973Z [OK] 0201 inputMissionList 확인됨 (count=6) → 진행
2026-05-21T04:45:51.247532Z [OK] 0201 availableAircraftList 확인됨 (count=6) → 진행
2026-05-21T04:45:51.248129Z [OK] 0201 inputMissionPackageType=1 확인
2026-05-21T04:45:51.248671Z [OK] 0201 mainSensor=1 확인
2026-05-21T04:45:51.249220Z [CHECK] 0201 기체 수=6 (UAV=3, LAH=3)
2026-05-21T04:45:51.249791Z [CHECK] 0201 임무: total=6 missingID=0 missingDetail=0 missingShape=0 unknownType=0 typeZeroAuto=0 typeZeroInvalid=0 lineOnlyViolation=0 skippedSinglePoint=0
2026-05-21T04:45:51.250487Z [OK] 0203 takeOverInfoList 확인됨 (count=3) → 진행
2026-05-21T04:45:51.251141Z [OK] 0203 handOverInfoList 확인됨 (count=3) → 진행
2026-05-21T04:45:51.251740Z [OK] 0203 flightAreaList 확인됨 (count=1) → 진행
2026-05-21T04:45:51.252382Z [CHECK] 0203 flightAreaList count=1
2026-05-21T04:45:51.252965Z [INFO] 임무 진행영역 스냅샷 적용: sourcePlan=700000053, updated=2, done=0
2026-05-21T04:45:51.253488Z [INFO] 임무 진행영역 재계획 collapse 적용: groups=2, normalized=3, 6
2026-05-21T04:45:51.254022Z [INFO] Filtered completed input missions (removed=1, 2, 4, 5, converted=-, widthAdjusted=-, skippedSinglePoint=-, snapshot=updated=2, done=0, collapse=groups=2, normalized=3,6)
2026-05-21T04:45:51.254558Z [REPLAN][TIME] variant_started_ms=11628.3 wall_ms=1779338750593 variant=1 option=3 mode=attack_exclusion
2026-05-21T04:45:51.255142Z [variant 1] 공격 배제 병렬 결과 병합
2026-05-21T04:45:51.257221Z [REPLAN][TIME] attack_exclusion_parallel_joined_ms=11636.8 wall_ms=1779338750602 variant=1 duration_ms=7554.654 wait_ms=0.011
2026-05-21T04:45:51.257787Z [OK] 공격 배제 variant 저장: MissionPlanID=700000055 (elapsed=7554.7 ms)
2026-05-21T04:45:51.258370Z [INFO] Option mapping #1: planID=700000055, optionCode=3(공격배제)
2026-05-21T04:45:51.258981Z [REPLAN][TIME] variant_finished_ms=11637.0 wall_ms=1779338750602 variant=1 option=3 mode=attack_exclusion status=success duration_ms=7554.654
2026-05-21T04:45:51.259579Z [OK] Stored mission data: MissionPlan=1, IndividualMission=0, FlightPath=0
2026-05-21T04:45:51.260180Z [REPLAN][TIME] id_tab_update_deferred_ms=11638.4 wall_ms=1779338750603
2026-05-21T04:45:51.260781Z [REPLAN][TIME] pipeline_done_ms=11638.5 wall_ms=1779338750603 plans=2 force_direct=False
2026-05-21T04:45:51.261384Z [REPLAN][TIME] 0301_queued_ms=11638.5 wall_ms=1779338750603 plans=2
2026-05-21T04:45:51.261986Z [STEP 4] 0301 push queued (planIds=700000054, 700000055)
2026-05-21T04:45:51.263201Z [0402] delivery suppressed before 0301: Target 정보 변경으로 인한 재계획 중단
2026-05-21T04:45:51.264909Z [0001] notice sent: Target 정보 변경으로 인한 재계획 중단
2026-05-21T04:45:51.265910Z [REPLAN][METRIC] source_artifact_cache entries=21 hits=39 misses=21
2026-05-21T04:45:51.599283Z [REPLAN][TIME] 0902_received_ms=0.3 wall_ms=1779338751599 trigger=attack_2_option replanLevel=2 optionCount=2 forceDirect=0
2026-05-21T04:45:51.600702Z [REPLAN][TIME] 0902_archived_ms=1.8 wall_ms=1779338751600 path=replan_request_832653944322.json
2026-05-21T04:45:51.601421Z [AUTO] 0902 received (planIds=700000056, 700000057)
2026-05-21T04:45:51.602158Z [REPLAN][TIME] pipeline_scheduled_ms=3.3 wall_ms=1779338751601 delay_ms=0
2026-05-21T04:45:51.603393Z [REPLAN][TIME] scheduled_start_ms=4.5 wall_ms=1779338751603
2026-05-21T04:45:51.605786Z [REPLAN][TIME] 0305_status_1_ms=6.9 wall_ms=1779338751605 reason=표적100 등 2개 발견
2026-05-21T04:45:51.606445Z [0305] status=1, reason=표적100 등 2개 발견 전송
2026-05-21T04:45:51.611657Z [INFO] Using latest 0203 ID 1 for missionReferencePackageID (fallback)
2026-05-21T04:45:51.612861Z [STEP 0] Replan pipeline start (reason=표적100 등 2개 발견)
2026-05-21T04:45:51.613672Z [REPLAN][TIME] attack_exclusion_parallel_started_ms=13.2 wall_ms=1779338751611 option_index=2 sourcePlanID=700000053
2026-05-21T04:45:51.614331Z [ATTACK-EXCLUDE] parallel generation started (sourcePlanID=700000053, optionIndex=2)
2026-05-21T04:45:51.615288Z [ATTACK] 공격 특화 재계획 요청 감지 → 전용 파이프라인 실행
2026-05-21T04:45:51.624702Z [ATTACK] [TIME] select_manned_aircraft=12ms
2026-05-21T04:45:51.625571Z [ATTACK] STEP1 Selected manned aircraft: aircraft 2 (fuel=1200.0, coord=(37.85672378540039, 128.23350524902344, alt=1199))
2026-05-21T04:45:51.631778Z [ATTACK] [TIME] load_target_entries=5ms
2026-05-21T04:45:51.632754Z [ATTACK] STEP2 UAV tracking summary: watcher 5?’target 99, watcher 4?’target 100, watcher 4?’target unknown-10, watcher 4?’target unknown-13, watcher 4?’target unknown-17, watcher 4?’target unknown-2, watcher 4?’target unknown-22, watcher 4?’target unknown-27, watcher 4?’target unknown-31, watcher 4?’target unknown-33, watcher 4?’target unknown-34, watcher 4?’target unknown-35, watcher 4?’target unknown-38, watcher 4?’target unknown-41, watcher 4?’target unknown-44, watcher 4?’target unknown-45, watcher 4?’target unknown-49, watcher 4?’target unknown-51, watcher 4?’target unknown-53, watcher 5?’target unknown-12, watcher 5?’target unknown-15, watcher 5?’target unknown-16, watcher 5?’target unknown-18, watcher 5?’target unknown-19, watcher 5?’target unknown-20, watcher 5?’target unknown-28, watcher 5?’target unknown-3, watcher 5?’target unknown-32, watcher 5?’target unknown-36, watcher 5?’target unknown-4, watcher 5?’target unknown-43, watcher 5?’target unknown-47, watcher 5?’target unknown-50, watcher 5?’target unknown-52, watcher 5?’target unknown-6, watcher 5?’target unknown-7, watcher 5?’target unknown-8, watcher 5?’target unknown-9, watcher 6?’target unknown-1, watcher 6?’target unknown-11, watcher 6?’target unknown-21, watcher 6?’target unknown-23, watcher 6?’target unknown-25, watcher 6?’target unknown-29, watcher 6?’target unknown-30, watcher 6?’target unknown-37, watcher 6?’target unknown-39, watcher 6?’target unknown-42, watcher 6?’target unknown-46, watcher 6?’target unknown-48, watcher 6?’target unknown-5, watcher 4?’target 77, watcher 6?’target 78, watcher 5?’target 79, watcher 5?’target 80, watcher 4?’target 81, watcher 5?’target 82, watcher 5?’target 83, watcher 5?’target 84, watcher 4?’target 85, watcher 4?’target 86, watcher 5?’target 87, watcher 6?’target 88, watcher 5?’target 89, watcher 6?’target 90, watcher 5?’target 91, watcher 5?’target 92, watcher 4?’target 93, watcher 5?’target 94, watcher 6?’target 96, watcher 5?’target 97, watcher 5?’target 98
2026-05-21T04:45:51.633557Z [ATTACK] STEP2.5 Using bundled 0402 targets: target=100 watcher=4, target=99 watcher=5
2026-05-21T04:45:51.637816Z [ATTACK] STEP2.6 Multi-target manned selection: 2, 3
2026-05-21T04:45:51.643784Z [ATTACK] [ATTACK] Selected target id=100 type=1 weaponType=2 (preferred=2, ammo={'type1': 500, 'type2': 7, 'type3': 2})
2026-05-21T04:45:51.654680Z [ATTACK] [TIME] compute_attack_point=10ms
2026-05-21T04:45:51.655396Z [ATTACK] STEP3 Attack plan completed: lat=37.901835, lon=128.182550, alt=1018m
2026-05-21T04:45:51.656282Z [ATTACK] [ATTACK] Using remembered waypoint 901229 for watcher 4 while auto-tracking.
2026-05-21T04:45:51.660858Z [ATTACK] [ATTACK] Weapon choice aircraft=2 preferred=2 selected=2 ammo={'type1': 500, 'type2': 7, 'type3': 2}
2026-05-21T04:45:51.661697Z [ATTACK] [ATTACK][ETA] Tracking ETA computed with LAH max attack speed (dist=6720.3m, speed=73.61m/s, +30s) -> 121s
2026-05-21T04:45:51.667847Z [ATTACK] [ATTACK] Using requested missionPlanID 700000056 (sourcePlanID=700000053)
2026-05-21T04:45:51.689529Z [ATTACK] [ATTACK][POINT] Primary target adaptive standoff mode=candidate_within_standoff currentDist=8720.27763719291m candidateDist=1999.9999999997294m standoff=300.0/2000.0m.
2026-05-21T04:45:51.714720Z [ATTACK] [ATTACK][ETA] UAV 6 remaining mission time: 0.0s
2026-05-21T04:45:51.715427Z [ATTACK] [ATTACK][ETA] Non-tracking UAV ETA selected: UAV 6 with 0s remaining
2026-05-21T04:45:51.716099Z [ATTACK] [ATTACK][ETA] All tracking ETAs unified to 0s
2026-05-21T04:45:51.731069Z [ATTACK] [ATTACK][COLLAB] Remaining UAV entry lookahead applied: 9.0s (pathFollow=3, linearFallback=3, currentOnly=0)
2026-05-21T04:45:51.733676Z [ATTACK] [PRIOR] Falling back to first mission for aircraft 2 (current waypoint not found in plan).
2026-05-21T04:45:53.991964Z [ATTACK] [ATTACK][LAH] Using max attack speed 73.61m/s (265.0km/h) for aircraft 2.
2026-05-21T04:45:53.992786Z [ATTACK] [ATTACK][LAH] Inferred current waypoint from position -> 651190.
2026-05-21T04:45:53.993418Z [ATTACK] [ATTACK][LAH] Dropped current waypoint from resume path (currentWP=651190, nextWP=651191).
2026-05-21T04:45:56.809698Z [ATTACK] [ATTACK][LAH] Preserved completed prefix, inserted attack, and reattached 1 follow-up mission(s).
2026-05-21T04:45:56.814929Z [ATTACK] [ATTACK][LAH] Generated attack/resume missions -> IMP:800000257.json PATHS:200000094.json/200000095.json (followUps=1)
2026-05-21T04:45:56.815919Z [ATTACK] [PRIOR] Falling back to first mission for aircraft 3 (current waypoint not found in plan).
2026-05-21T04:45:57.960105Z [ATTACK] [ATTACK][LAH] Using max attack speed 73.61m/s (265.0km/h) for aircraft 3.
2026-05-21T04:45:57.960900Z [ATTACK] [ATTACK][LAH] Inferred current waypoint from position -> 651194.
2026-05-21T04:45:57.961795Z [ATTACK] [ATTACK][LAH] Dropped current waypoint from resume path (currentWP=651194, nextWP=651195).
2026-05-21T04:46:00.011595Z [ATTACK] [ATTACK][LAH] Preserved completed prefix, inserted attack, and reattached 1 follow-up mission(s).
2026-05-21T04:46:00.021850Z [ATTACK] [ATTACK][LAH] Generated attack/resume missions -> IMP:800000261.json PATHS:300000094.json/300000095.json (followUps=1)
2026-05-21T04:46:00.022858Z [ATTACK] [PRIOR] Falling back to first mission for aircraft 1 (current waypoint not found in plan).
2026-05-21T04:46:00.055411Z [ATTACK] [ATTACK][LAH] Inferred current waypoint from position -> 651186.
2026-05-21T04:46:00.056292Z [ATTACK] [ATTACK][LAH] Dropped current waypoint from resume path (currentWP=651186, nextWP=651187).
2026-05-21T04:46:01.804388Z [ATTACK] [ATTACK][LAH] Preserved completed prefix, inserted hold, and reattached 1 follow-up mission(s).
2026-05-21T04:46:01.810847Z [ATTACK] [ATTACK][LAH] Generated hold/resume missions -> IMP:800000262.json PATHS:100000093.json/100000094.json (followUps=1)
2026-05-21T04:46:01.813097Z [ATTACK] [NEXTCOLLAB] division planner area-division pieces=1
2026-05-21T04:46:01.813822Z [ATTACK] [NEXTCOLLAB] division planner final workflow=no_split paths=1
2026-05-21T04:46:01.814403Z [ATTACK] [ATTACK][COLLAB] Collaborative replacement IMP written (aircraft=6, imp=800000259.json, missions=1).
2026-05-21T04:46:01.815010Z [ATTACK] [ATTACK][COLLAB] First sweep searchSpeed boosted (aircraft=6, pathID=600000136, waypointID=901336, factor=1.30, old=933.07, new=1213.00).
2026-05-21T04:46:01.815681Z [ATTACK] [ATTACK][COLLAB] Collaborative remaining mission replanned (inputMissionID=6, unavailable=[4, 5], remaining=[6], workflow=no_split).
2026-05-21T04:46:02.196781Z [ATTACK] [ATTACK][UAV] Source path has a single waypoint; preserving it as done and skipping done/resume split.
2026-05-21T04:46:02.891995Z [ATTACK] [ATTACK][COLLAB] Tracking UAV resume replaced with release transit (aircraft=4, targetFinishEta=52, speed=58.0m/s).
2026-05-21T04:46:02.893824Z [ATTACK] [ATTACK][UAV] Preserved completed prefix, inserted tracking, and reattached 1 follow-up mission(s).
2026-05-21T04:46:02.946237Z [ATTACK] [ATTACK][UAV] Generated tracking/resume missions -> IMP:800000263.json PATHS:400000144.json/400000145.json (followUps=1)
2026-05-21T04:46:02.954570Z [ATTACK] [ATTACK][UAV] Tracking assignment state saved (aircraft=4, sourcePlan=700000053, attackPlan=700000056).
2026-05-21T04:46:02.962322Z [ATTACK] [ATTACK][UAV] Tracking target altitude kept for sensor only; flight altitude replaced 648m -> 1953m.
2026-05-21T04:46:03.378286Z [ATTACK] [ATTACK][UAV] Source path has a single waypoint; preserving it as done and skipping done/resume split.
2026-05-21T04:46:04.052052Z [ATTACK] [ATTACK][COLLAB] Tracking UAV resume replaced with release transit (aircraft=5, targetFinishEta=52, speed=58.0m/s).
2026-05-21T04:46:04.054291Z [ATTACK] [ATTACK][UAV] Preserved completed prefix, inserted tracking, and reattached 1 follow-up mission(s).
2026-05-21T04:46:04.102886Z [ATTACK] [ATTACK][UAV] Generated tracking/resume missions -> IMP:800000264.json PATHS:500000174.json/500000175.json (followUps=1)
2026-05-21T04:46:04.111906Z [ATTACK] [ATTACK][UAV] Tracking assignment state saved (aircraft=5, sourcePlan=700000053, attackPlan=700000056).
2026-05-21T04:46:04.113057Z [ATTACK] [ATTACK][COLLAB] Aircraft 6 handled by collaborative remaining replan (inputMissionID=6).
2026-05-21T04:46:04.125543Z [ATTACK] [ATTACK][PLAN] carried area remaining snapshot -> mission_area_snapshot_700000056.json (sourcePlanID=700000053, planID=700000056)
2026-05-21T04:46:04.128349Z [ATTACK] [ATTACK][PLAN] MissionPlan saved -> 700000056.json (planID=700000056)
2026-05-21T04:46:04.129914Z [ATTACK] [ATTACK][TIME] override_detail={"phases": {"metadata_normalize": {"elapsedMs": 0.008, "attackTargetCount": 2, "selectedMannedCount": 2}, "agent_index": {"elapsedMs": 0.122, "aircraftCount": 6}, "weapon_choice": {"elapsedMs": 3.902, "selectedWeaponType": 2, "ammoAvailable": true}, "initial_tracking_eta": {"elapsedMs": 0.873, "useDetectionTracking": true, "trackingEtaS": 121}, "resolve_source_plan": {"elapsedMs": 3.844, "sourcePlanID": 700000053}, "source_plan_load": {"elapsedMs": 0.405, "sourcePlanID": 700000053, "aircraftCount": 6}, "sweep_progress_load": {"elapsedMs": 0.967, "entries": 102}, "plan_id_resolve": {"elapsedMs": 0.02, "requested": true, "missionPlanID": 700000056}, "source_artifact_cache_build": {"elapsedMs": 0.017, "aircraftEntries": 6}, "done_input_ids_load": {"elapsedMs": 1.721, "count": 4}, "plan_deepcopy": {"elapsedMs": 0.083}, "target_uav_assignment": {"elapsedMs": 0.975, "assignedTargetCount": 2, "usedTrackingUavCount": 2}, "manned_sequence_assignment": {"elapsedMs": 15.41, "aircraftCount": 2, "error": null}, "attack_coordinate_resolution": {"elapsedMs": 12.024, "resolvedCount": 2, "mannedSequenceCount": 2}, "remaining_eta": {"elapsedMs": 17.114, "allUavCount": 3, "trackingUavCount": 2, "computedEtaCount": 2, "adjustedEtaS": 0}, "descriptor_list_build": {"elapsedMs": 0.044, "descriptorCount": 6, "activeMannedCount": 2, "otherLahCount": 1, "otherUavCount": 1}, "collab_tracking_scan": {"elapsedMs": 4.325, "inputCount": 1, "unavailableUavCount": 2}, "collab_agent_state_map": {"elapsedMs": 10.862, "aircraftCount": 6}, "collab_parallel_started": {"elapsedMs": 1.294, "inputCount": 1, "workers": 1}, "collab_parallel_join": {"elapsedMs": 3.252, "waitReason": "UAV_TRACK", "inputCount": 1}, "descriptor_loop": {"elapsedMs": 12380.554, "descriptorCount": 6, "updateCount": 5}, "final_collab_plan_update": {"elapsedMs": 0.017, "collabInputCount": 1}, "mission_plan_write": {"elapsedMs": 14.309, "missionPlanID": 700000056}, "option_meta_build": {"elapsedMs": 0.064, "targetCount": 2, "collabInputCount": 1}}, "collabRuns": [{"inputMissionID": 6, "unavailableAircraftIDs": [4, 5], "elapsedMs": 2985.557, "status": "ok", "replacementAircraftIDs": [6], "generatedPathCount": 1, "finishEtaS": 52, "workflow": "no_split"}], "descriptorDetails": [{"aircraftID": 2, "label": "manned", "mode": "LAH_ATTACK", "resolveArtifacts": {"elapsedMs": 1.298, "currentWaypointID": null, "sourcePathID": 200000082, "sourceImpID": 800000221}, "loadArtifacts": {"elapsedMs": 0.007, "impLoaded": true, "fpLoaded": true}, "cloneAndLocateMission": {"elapsedMs": 0.133, "missionCount": 2, "targetIndex": 0}, "allocateAndPlanUpdate": {"elapsedMs": 568.655, "newImpID": 800000257}, "builder": {"elapsedMs": 4511.913, "builderMode": "LAH_ATTACK"}, "builderDetail": {"allocate_ids": {"elapsedMs": 1685.376, "attackPathID": 200000094, "resumePathID": 200000095, "attackIndividualID": 900000626, "resumeIndividualID": 900000627, "entryWaypointID": 901331, "attackWaypointID": 901334}, "split_lah_resume": {"elapsedMs": 1401.113, "resumeWaypointCount": 1, "removedWaypointID": 651190}, "clone_followups": {"elapsedMs": 1072.13, "followUpMissionCount": 1, "followUpPathCount": 1}, "payload_build": {"elapsedMs": 343.428, "hasResume": true, "followUpMissionCount": 1, "attackSpeedMps": 73.61}, "write_json": {"elapsedMs": 3.576, "fileCount": 4}, "totalMs": 4509.247}, "status": "ok", "elapsedMs": 5082.18}, {"aircraftID": 3, "label": "manned", "mode": "LAH_ATTACK", "resolveArtifacts": {"elapsedMs": 1.028, "currentWaypointID": null, "sourcePathID": 300000082, "sourceImpID": 800000222}, "loadArtifacts": {"elapsedMs": 0.005, "impLoaded": true, "fpLoaded": true}, "cloneAndLocateMission": {"elapsedMs": 0.088, "missionCount": 2, "targetIndex": 0}, "allocateAndPlanUpdate": {"elapsedMs": 17.754, "newImpID": 800000261}, "builder": {"elapsedMs": 3187.931, "builderMode": "LAH_ATTACK"}, "builderDetail": {"allocate_ids": {"elapsedMs": 1123.6, "attackPathID": 300000094, "resumePathID": 300000095, "attackIndividualID": 900000633, "resumeIndividualID": 900000634, "entryWaypointID": 901347, "attackWaypointID": 901351}, "split_lah_resume": {"elapsedMs": 1370.37, "resumeWaypointCount": 1, "removedWaypointID": 651194}, "clone_followups": {"elapsedMs": 362.125, "followUpMissionCount": 1, "followUpPathCount": 1}, "payload_build": {"elapsedMs": 317.957, "hasResume": true, "followUpMissionCount": 1, "attackSpeedMps": 73.61}, "write_json": {"elapsedMs": 8.711, "fileCount": 4}, "totalMs": 3186.25}, "status": "ok", "elapsedMs": 3206.954}, {"aircraftID": 1, "label": "lah_hold_1", "mode": "LAH_HOLD_RESUME", "resolveArtifacts": {"elapsedMs": 0.641, "currentWaypointID": null, "sourcePathID": 100000081, "sourceImpID": 800000220}, "loadArtifacts": {"elapsedMs": 0.005, "impLoaded": true, "fpLoaded": true}, "cloneAndLocateMission": {"elapsedMs": 0.12, "missionCount": 2, "targetIndex": 0}, "allocateAndPlanUpdate": {"elapsedMs": 9.033, "newImpID": 800000262}, "builder": {"elapsedMs": 1780.266, "builderMode": "LAH_HOLD_RESUME"}, "builderDetail": {"allocate_ids": {"elapsedMs": 20.716, "holdPathID": 100000093, "resumePathID": 100000094, "holdIndividualID": 900000636, "resumeIndividualID": 900000637}, "split_lah_resume": {"elapsedMs": 1014.408, "resumeWaypointCount": 1, "removedWaypointID": 651186}, "clone_followups": {"elapsedMs": 356.109, "followUpMissionCount": 1, "followUpPathCount": 1}, "payload_build": {"elapsedMs": 736.35, "hasResume": true, "followUpMissionCount": 1}, "write_json": {"elapsedMs": 4.578, "fileCount": 4}, "totalMs": 1780.221}, "status": "ok", "elapsedMs": 1790.201}, {"aircraftID": 4, "label": "uav_tracking_4", "mode": "UAV_TRACK", "resolveArtifacts": {"elapsedMs": 0.03, "currentWaypointID": 901229, "sourcePathID": 400000133, "sourceImpID": 800000238}, "loadArtifacts": {"elapsedMs": 0.005, "impLoaded": true, "fpLoaded": true}, "cloneAndLocateMission": {"elapsedMs": 0.203, "missionCount": 2, "targetIndex": 0}, "allocateAndPlanUpdate": {"elapsedMs": 8.51, "newImpID": 800000263}, "builder": {"elapsedMs": 1121.718, "builderMode": "UAV_TRACK"}, "builderDetail": {"allocate_ids": {"elapsedMs": 368.67, "donePathID": 400000143, "attackPathID": 400000144, "resumePathID": 400000145, "trackingIndividualID": 900000639, "resumeIndividualID": 900000640, "targetWaypointID": 901365}, "split_done_resume": {"elapsedMs": 1.3, "sourceSinglePoint": true, "doneWaypointCount": 1, "resumeWaypointCount": 0, "removedWaypointID": 901229}, "clone_followups": {"elapsedMs": 363.14, "followUpMissionCount": 1, "followUpPathCount": 1}, "release_resume": {"elapsedMs": 330.183, "releaseWaypointCount": 2, "targetFinishEtaS": 52}, "write_json": {"elapsedMs": 50.713, "fileCount": 5}, "totalMs": 1119.49}, "trackingState": {"elapsedMs": 7.581}, "status": "ok", "elapsedMs": 1138.844}, {"aircraftID": 5, "label": "uav_tracking_5", "mode": "UAV_TRACK", "resolveArtifacts": {"elapsedMs": 0.027, "currentWaypointID": 901251, "sourcePathID": 500000157, "sourceImpID": 800000240}, "loadArtifacts": {"elapsedMs": 0.004, "impLoaded": true, "fpLoaded": true}, "cloneAndLocateMission": {"elapsedMs": 0.174, "missionCount": 2, "targetIndex": 0}, "allocateAndPlanUpdate": {"elapsedMs": 6.66, "newImpID": 800000264}, "builder": {"elapsedMs": 1141.267, "builderMode": "UAV_TRACK"}, "builderDetail": {"allocate_ids": {"elapsedMs": 412.104, "donePathID": 500000173, "attackPathID": 500000174, "resumePathID": 500000175, "trackingIndividualID": 900000642, "resumeIndividualID": 900000643, "targetWaypointID": 901371}, "split_done_resume": {"elapsedMs": 1.383, "sourceSinglePoint": true, "doneWaypointCount": 1, "resumeWaypointCount": 0, "removedWaypointID": 901251}, "clone_followups": {"elapsedMs": 374.19, "followUpMissionCount": 1, "followUpPathCount": 1}, "release_resume": {"elapsedMs": 297.995, "releaseWaypointCount": 2, "targetFinishEtaS": 52}, "write_json": {"elapsedMs": 46.428, "fileCount": 5}, "totalMs": 1138.236}, "trackingState": {"elapsedMs": 8.348}, "status": "ok", "elapsedMs": 1157.299}, {"aircraftID": 6, "label": "uav_resume_6", "mode": "UAV_RESUME", "resolveArtifacts": {"elapsedMs": 0.03, "currentWaypointID": 901264, "sourcePathID": 600000130, "sourceImpID": 800000244}, "loadArtifacts": {"elapsedMs": 0.006, "impLoaded": true, "fpLoaded": true}, "cloneAndLocateMission": {"elapsedMs": 0.24, "missionCount": 2, "targetIndex": 0}, "status": "handled_by_collab", "elapsedMs": 1.148}], "totalMs": 12463}
2026-05-21T04:46:04.130585Z [ATTACK] [ATTACK][TIME] override_total=12463ms
2026-05-21T04:46:04.131438Z [ATTACK] [TIME] apply_attack_plan_overrides=12475ms
2026-05-21T04:46:04.135821Z [ATTACK] [TIME] timingMs={"read_source": 20.551, "descriptor_build": 11.054, "write_artifacts": 12488.401, "delivery_wait": 3.715}
2026-05-21T04:46:04.136417Z [ATTACK] [TIME] total=12524ms
2026-05-21T04:46:04.143627Z [ATTACK] 분석 로그 저장: C:\Users\TRL98\Desktop\LAH_MUMT\Logs\Scenario_2026-05-21T132543\SBC3\DSS_Internal\log_attack_algorithm_20260521T044604_137207.json
2026-05-21T04:46:04.162522Z [ATTACK] mark target used: targetIDs=100, 99
2026-05-21T04:46:04.185013Z [ATTACK-EXCLUDE] ATTACK-EXCLUDE using requested missionPlanID 700000057 (sourcePlanID=700000053)
2026-05-21T04:46:04.185823Z [ATTACK-EXCLUDE] [PRIOR][UAV] Resume sweep trim applied (cutPoints=55, rawCutPoints=55, doneSweepPoints=0, pathID=400000133).
2026-05-21T04:46:04.186569Z [ATTACK-EXCLUDE] [PRIOR][UAV] Resume searchSpeed scaled (factor=1.30, waypoints=1).
2026-05-21T04:46:04.187319Z [ATTACK-EXCLUDE] [PRIOR][UAV] Generated done/resume mission -> aircraft=4 IMP:800000256.json PATHS:400000141.json
2026-05-21T04:46:04.187962Z [ATTACK-EXCLUDE] [PRIOR][UAV] Resume sweep trim applied (cutPoints=43, rawCutPoints=43, doneSweepPoints=0, pathID=500000157).
2026-05-21T04:46:04.188569Z [ATTACK-EXCLUDE] [PRIOR][UAV] Resume searchSpeed scaled (factor=1.30, waypoints=1).
2026-05-21T04:46:04.189205Z [ATTACK-EXCLUDE] [PRIOR][UAV] Generated done/resume mission -> aircraft=5 IMP:800000258.json PATHS:500000171.json
2026-05-21T04:46:04.189789Z [ATTACK-EXCLUDE] [PRIOR][UAV] Resume sweep trim applied (cutPoints=76, rawCutPoints=76, doneSweepPoints=0, pathID=600000130).
2026-05-21T04:46:04.190343Z [ATTACK-EXCLUDE] [PRIOR][UAV] Resume searchSpeed scaled (factor=1.30, waypoints=1).
2026-05-21T04:46:04.190955Z [ATTACK-EXCLUDE] [PRIOR][UAV] Generated done/resume mission -> aircraft=6 IMP:800000260.json PATHS:600000138.json
2026-05-21T04:46:04.191537Z [ATTACK-EXCLUDE] 공격 배제 MissionPlan 저장 -> 700000057.json (planID=700000057)
2026-05-21T04:46:04.192113Z [ATTACK-EXCLUDE] ATTACK-EXCLUDE carried area remaining snapshot -> mission_area_snapshot_700000057.json (sourcePlanID=700000053, planID=700000057)
2026-05-21T04:46:04.976611Z [ATTACK] 공격 임무 계획 완료 (planIds=700000056)
2026-05-21T04:46:04.979704Z [INFO] UAV params loaded (cruise=40.00, turn_step=15.0)
2026-05-21T04:46:04.980369Z [INFO] Latest input snapshot → 0201:ID=4,ts=832653849166,src=-, 0203:ID=1,ts=832652848760,src=-
2026-05-21T04:46:04.981042Z [STEP 0] Using latest 0201 ID 4 (4.json)
2026-05-21T04:46:04.981604Z [STEP 0] Using latest 0203 ID 1 (1.json)
2026-05-21T04:46:04.982162Z [CHECK] 0201/0203 필수 데이터 확인 시작
2026-05-21T04:46:04.982727Z [OK] 0201 inputMissionList 확인됨 (count=6) → 진행
2026-05-21T04:46:04.983253Z [OK] 0201 availableAircraftList 확인됨 (count=6) → 진행
2026-05-21T04:46:04.983793Z [OK] 0201 inputMissionPackageType=1 확인
2026-05-21T04:46:04.984410Z [OK] 0201 mainSensor=1 확인
2026-05-21T04:46:04.985129Z [CHECK] 0201 기체 수=6 (UAV=3, LAH=3)
2026-05-21T04:46:04.985780Z [CHECK] 0201 임무: total=6 missingID=0 missingDetail=0 missingShape=0 unknownType=0 typeZeroAuto=0 typeZeroInvalid=0 lineOnlyViolation=0 skippedSinglePoint=0
2026-05-21T04:46:04.986373Z [OK] 0203 takeOverInfoList 확인됨 (count=3) → 진행
2026-05-21T04:46:04.986995Z [OK] 0203 handOverInfoList 확인됨 (count=3) → 진행
2026-05-21T04:46:04.987603Z [OK] 0203 flightAreaList 확인됨 (count=1) → 진행
2026-05-21T04:46:04.988179Z [CHECK] 0203 flightAreaList count=1
2026-05-21T04:46:04.988752Z [INFO] 임무 진행영역 스냅샷 적용: sourcePlan=700000053, updated=2, done=0
2026-05-21T04:46:04.989263Z [INFO] 임무 진행영역 재계획 collapse 적용: groups=2, normalized=3, 6
2026-05-21T04:46:04.989754Z [INFO] Filtered completed input missions (removed=1, 2, 4, 5, converted=-, widthAdjusted=-, skippedSinglePoint=-, snapshot=updated=2, done=0, collapse=groups=2, normalized=3,6)
2026-05-21T04:46:04.990246Z [REPLAN][TIME] variant_started_ms=12586.2 wall_ms=1779338764184 variant=1 option=3 mode=attack_exclusion
2026-05-21T04:46:04.990743Z [variant 1] 공격 배제 병렬 결과 병합
2026-05-21T04:46:04.991239Z [REPLAN][TIME] attack_exclusion_parallel_joined_ms=12594.0 wall_ms=1779338764192 variant=1 duration_ms=6783.626 wait_ms=0.01
2026-05-21T04:46:04.991722Z [OK] 공격 배제 variant 저장: MissionPlanID=700000057 (elapsed=6783.6 ms)
2026-05-21T04:46:04.992209Z [INFO] Option mapping #1: planID=700000057, optionCode=3(공격배제)
2026-05-21T04:46:04.992709Z [REPLAN][TIME] variant_finished_ms=12594.2 wall_ms=1779338764192 variant=1 option=3 mode=attack_exclusion status=success duration_ms=6783.626
2026-05-21T04:46:04.993191Z [OK] Stored mission data: MissionPlan=1, IndividualMission=0, FlightPath=0
2026-05-21T04:46:04.993676Z [REPLAN][TIME] id_tab_update_deferred_ms=12595.1 wall_ms=1779338764193
2026-05-21T04:46:04.994154Z [REPLAN][TIME] pipeline_done_ms=12595.2 wall_ms=1779338764193 plans=2 force_direct=False
2026-05-21T04:46:04.994718Z [REPLAN][TIME] 0301_queued_ms=12595.2 wall_ms=1779338764193 plans=2
2026-05-21T04:46:04.995249Z [STEP 4] 0301 push queued (planIds=700000056, 700000057)
2026-05-21T04:46:04.996945Z [0301] missionPlanID=700000056 전송
2026-05-21T04:46:04.999063Z [0301] missionPlanID=700000057 전송
2026-05-21T04:46:05.000397Z [PUSH] 0301 direct batch send
2026-05-21T04:46:05.001066Z [REPLAN][TIME] 0301_sent_ms=13402.3 wall_ms=1779338765000 plans=2
2026-05-21T04:46:05.001753Z [REPLAN][TIME] post_0301_delivery_queued_ms=13403.0 wall_ms=1779338765001 grace_ms=0 timeout_ms=20 force_direct=0 mode=option_or_0901
2026-05-21T04:46:05.002262Z [INFO] Post-0301 apply queued (mode=option_or_0901, grace=0ms, timeout=20ms, plans=2)
2026-05-21T04:46:05.004661Z [REPLAN][TIME] 0305_status_2_ms=13405.9 wall_ms=1779338765004 reason=표적100 등 2개 발견
2026-05-21T04:46:05.005334Z [0305] status=2, reason=표적100 등 2개 발견, elapsed=13.40s 전송
2026-05-21T04:46:05.006120Z [REPLAN][TIME] post_0301_completion_ready_ms=13407.3 wall_ms=1779338765005 mode=option_or_0901
2026-05-21T04:46:05.006799Z [REPLAN][METRIC] source_artifact_cache entries=21 hits=39 misses=21
2026-05-21T04:46:05.031255Z [INFO] Post-0301 ready (timeout) -> sending 0901
2026-05-21T04:46:05.032173Z [REPLAN][TIME] post_0301_flushed_ms=13433.4 wall_ms=1779338765031 delivery=0901 trigger=timeout
2026-05-21T04:46:05.035032Z [REPLAN][TIME] 0901_sent_ms=13436.2 wall_ms=1779338765034 options=2
2026-05-21T04:46:05.035736Z [0901] option request sent (count=2, codes=2(공격특화), 3(공격배제))
2026-05-21T04:46:05.036452Z [REPLAN][TIME] id_tab_update_flushed_ms=13437.7 wall_ms=1779338765036
2026-05-21T04:46:16.720892Z [REPLAN][TIME] 0902_received_ms=0.2 wall_ms=1779338776720 trigger=attack_2_option replanLevel=2 optionCount=2 forceDirect=0
2026-05-21T04:46:16.722051Z [REPLAN][TIME] 0902_archived_ms=1.4 wall_ms=1779338776721 path=replan_request_832653975326.json
2026-05-21T04:46:16.722655Z [AUTO] 0902 received (planIds=700000058, 700000059)
2026-05-21T04:46:16.723266Z [REPLAN][TIME] pipeline_scheduled_ms=2.6 wall_ms=1779338776723 delay_ms=0
2026-05-21T04:46:16.724329Z [REPLAN][TIME] scheduled_start_ms=3.7 wall_ms=1779338776724
2026-05-21T04:46:16.726885Z [REPLAN][TIME] 0305_status_1_ms=6.2 wall_ms=1779338776726 reason=표적101 발견 재계획
2026-05-21T04:46:16.727491Z [0305] status=1, reason=표적101 발견 재계획 전송
2026-05-21T04:46:16.734250Z [INFO] Using latest 0203 ID 1 for missionReferencePackageID (fallback)
2026-05-21T04:46:16.734859Z [STEP 0] Replan pipeline start (reason=표적101 발견 재계획)
2026-05-21T04:46:16.735627Z [REPLAN][TIME] attack_exclusion_parallel_started_ms=12.4 wall_ms=1779338776732 option_index=2 sourcePlanID=700000057
2026-05-21T04:46:16.736460Z [ATTACK-EXCLUDE] parallel generation started (sourcePlanID=700000057, optionIndex=2)
2026-05-21T04:46:16.737618Z [ATTACK] 공격 특화 재계획 요청 감지 → 전용 파이프라인 실행
2026-05-21T04:46:16.743750Z [ATTACK] [TIME] select_manned_aircraft=10ms
2026-05-21T04:46:16.744567Z [ATTACK] STEP1 Selected manned aircraft: aircraft 2 (fuel=1200.0, coord=(37.85672378540039, 128.23350524902344, alt=1199))
2026-05-21T04:46:16.747938Z [ATTACK] [TIME] load_target_entries=2ms
2026-05-21T04:46:16.749434Z [ATTACK] STEP2 UAV tracking summary: watcher 5?’target 101, watcher 4?’target unknown-10, watcher 4?’target unknown-13, watcher 4?’target unknown-17, watcher 4?’target unknown-2, watcher 4?’target unknown-22, watcher 4?’target unknown-27, watcher 4?’target unknown-31, watcher 4?’target unknown-33, watcher 4?’target unknown-34, watcher 4?’target unknown-35, watcher 4?’target unknown-38, watcher 4?’target unknown-41, watcher 4?’target unknown-44, watcher 4?’target unknown-45, watcher 4?’target unknown-49, watcher 4?’target unknown-51, watcher 4?’target unknown-53, watcher 5?’target unknown-12, watcher 5?’target unknown-15, watcher 5?’target unknown-16, watcher 5?’target unknown-18, watcher 5?’target unknown-19, watcher 5?’target unknown-20, watcher 5?’target unknown-28, watcher 5?’target unknown-3, watcher 5?’target unknown-32, watcher 5?’target unknown-36, watcher 5?’target unknown-4, watcher 5?’target unknown-43, watcher 5?’target unknown-47, watcher 5?’target unknown-50, watcher 5?’target unknown-54, watcher 5?’target unknown-6, watcher 5?’target unknown-7, watcher 5?’target unknown-8, watcher 5?’target unknown-9, watcher 6?’target unknown-1, watcher 6?’target unknown-11, watcher 6?’target unknown-21, watcher 6?’target unknown-23, watcher 6?’target unknown-25, watcher 6?’target unknown-29, watcher 6?’target unknown-30, watcher 6?’target unknown-37, watcher 6?’target unknown-39, watcher 6?’target unknown-42, watcher 6?’target unknown-46, watcher 6?’target unknown-48, watcher 6?’target unknown-5, watcher 6?’target unknown-55, watcher 4?’target 77, watcher 6?’target 78, watcher 5?’target 79, watcher 5?’target 80, watcher 4?’target 81, watcher 5?’target 82, watcher 5?’target 83, watcher 5?’target 84, watcher 4?’target 85, watcher 4?’target 86, watcher 5?’target 87, watcher 6?’target 88, watcher 5?’target 89, watcher 6?’target 90, watcher 5?’target 91, watcher 5?’target 92, watcher 4?’target 93, watcher 5?’target 94, watcher 6?’target 96, watcher 5?’target 97, watcher 5?’target 98, watcher 5?’target 99, watcher 4?’target 100
2026-05-21T04:46:16.750253Z [ATTACK] STEP2.5 Using bundled 0402 targets: target=101 watcher=5
2026-05-21T04:46:16.754432Z [ATTACK] [ATTACK] Selected target id=101 type=2 weaponType=2 (preferred=2, ammo={'type1': 500, 'type2': 7, 'type3': 2})
2026-05-21T04:46:16.761649Z [ATTACK] [TIME] compute_attack_point=7ms
2026-05-21T04:46:16.762376Z [ATTACK] STEP3 Attack plan completed: lat=37.897563, lon=128.197295, alt=954m
2026-05-21T04:46:16.763285Z [ATTACK] [ATTACK] Using remembered waypoint 901343 for watcher 5 while auto-tracking.
2026-05-21T04:46:16.768461Z [ATTACK] [ATTACK] Weapon choice aircraft=2 preferred=2 selected=2 ammo={'type1': 500, 'type2': 7, 'type3': 2}
2026-05-21T04:46:16.769113Z [ATTACK] [ATTACK][ETA] Tracking ETA computed with LAH max attack speed (dist=5542.8m, speed=73.61m/s, +30s) -> 105s
2026-05-21T04:46:16.776236Z [ATTACK] [ATTACK] Using requested missionPlanID 700000058 (sourcePlanID=700000057)
2026-05-21T04:46:16.788682Z [ATTACK] [ATTACK][POINT] Primary target adaptive standoff mode=candidate_within_standoff currentDist=7542.776875365416m candidateDist=1999.9999999994413m standoff=300.0/2000.0m.
2026-05-21T04:46:16.792223Z [ATTACK] [ATTACK][ETA] UAV 4 remaining mission time: 0.0s
2026-05-21T04:46:16.795274Z [ATTACK] [ATTACK][ETA] UAV 6 remaining mission time: 0.0s
2026-05-21T04:46:16.795987Z [ATTACK] [ATTACK][ETA] Non-tracking UAV ETA selected: UAV 4 with 0s remaining
2026-05-21T04:46:16.796638Z [ATTACK] [ATTACK][ETA] All tracking ETAs unified to 0s
2026-05-21T04:46:16.808012Z [ATTACK] [ATTACK][COLLAB] Remaining UAV entry lookahead applied: 9.0s (pathFollow=3, linearFallback=3, currentOnly=0)
2026-05-21T04:46:16.809865Z [ATTACK] [PRIOR] Falling back to first mission for aircraft 2 (current waypoint not found in plan).
2026-05-21T04:46:18.680353Z [ATTACK] [ATTACK][LAH] Using max attack speed 73.61m/s (265.0km/h) for aircraft 2.
2026-05-21T04:46:18.681242Z [ATTACK] [ATTACK][LAH] Inferred current waypoint from position -> 651190.
2026-05-21T04:46:18.682054Z [ATTACK] [ATTACK][LAH] Dropped current waypoint from resume path (currentWP=651190, nextWP=651191).
2026-05-21T04:46:22.804799Z [ATTACK] [ATTACK][LAH] Preserved completed prefix, inserted attack, and reattached 1 follow-up mission(s).
2026-05-21T04:46:22.811293Z [ATTACK] [ATTACK][LAH] Generated attack/resume missions -> IMP:800000266.json PATHS:200000097.json/200000098.json (followUps=1)
2026-05-21T04:46:22.812368Z [ATTACK] [PRIOR] Falling back to first mission for aircraft 1 (current waypoint not found in plan).
2026-05-21T04:46:23.290943Z [ATTACK] [ATTACK][LAH] Inferred current waypoint from position -> 651186.
2026-05-21T04:46:23.294339Z [ATTACK] [ATTACK][LAH] Dropped current waypoint from resume path (currentWP=651186, nextWP=651187).
2026-05-21T04:46:25.779469Z [ATTACK] [ATTACK][LAH] Preserved completed prefix, inserted hold, and reattached 1 follow-up mission(s).
2026-05-21T04:46:25.784885Z [ATTACK] [ATTACK][LAH] Generated hold/resume missions -> IMP:800000269.json PATHS:100000096.json/100000097.json (followUps=1)
2026-05-21T04:46:25.787268Z [ATTACK] [PRIOR] Falling back to first mission for aircraft 3 (current waypoint not found in plan).
2026-05-21T04:46:25.818828Z [ATTACK] [ATTACK][LAH] Inferred current waypoint from position -> 651194.
2026-05-21T04:46:25.819719Z [ATTACK] [ATTACK][LAH] Dropped current waypoint from resume path (currentWP=651194, nextWP=651195).
2026-05-21T04:46:27.601677Z [ATTACK] [ATTACK][LAH] Preserved completed prefix, inserted hold, and reattached 1 follow-up mission(s).
2026-05-21T04:46:27.606734Z [ATTACK] [ATTACK][LAH] Generated hold/resume missions -> IMP:800000272.json PATHS:300000097.json/300000098.json (followUps=1)
2026-05-21T04:46:27.609082Z [ATTACK] [NEXTCOLLAB] division planner area-division pieces=2
2026-05-21T04:46:27.609790Z [ATTACK] [NEXTCOLLAB] division planner final workflow=no_split paths=2
2026-05-21T04:46:27.610347Z [ATTACK] [ATTACK][COLLAB] Collaborative replacement IMP written (aircraft=4, imp=800000270.json, missions=1).
2026-05-21T04:46:27.610881Z [ATTACK] [ATTACK][COLLAB] Collaborative replacement IMP written (aircraft=6, imp=800000271.json, missions=1).
2026-05-21T04:46:27.611413Z [ATTACK] [ATTACK][COLLAB] First sweep searchSpeed boosted (aircraft=4, pathID=400000150, waypointID=901388, factor=1.30, old=687.82, new=894.16).
2026-05-21T04:46:27.611921Z [ATTACK] [ATTACK][COLLAB] First sweep searchSpeed boosted (aircraft=6, pathID=600000140, waypointID=901400, factor=1.30, old=438.07, refBase=448.40, refDist=1692.0m, new=582.92).
2026-05-21T04:46:27.612458Z [ATTACK] [ATTACK][COLLAB] Collaborative remaining mission replanned (inputMissionID=6, unavailable=[5], remaining=[4, 6], workflow=no_split).
2026-05-21T04:46:27.624983Z [ATTACK] [ATTACK][UAV] Tracking target altitude kept for sensor only; flight altitude replaced 654m -> 1953m.
2026-05-21T04:46:28.010841Z [ATTACK] [ATTACK][UAV] Source path has a single waypoint; preserving it as done and skipping done/resume split.
2026-05-21T04:46:28.758206Z [ATTACK] [ATTACK][COLLAB] Tracking UAV resume replaced with release transit (aircraft=5, targetFinishEta=54, speed=58.0m/s).
2026-05-21T04:46:28.760021Z [ATTACK] [ATTACK][UAV] Preserved completed prefix, inserted tracking, and reattached 1 follow-up mission(s).
2026-05-21T04:46:28.810400Z [ATTACK] [ATTACK][UAV] Generated tracking/resume missions -> IMP:800000273.json PATHS:500000181.json/500000182.json (followUps=1)
2026-05-21T04:46:28.822611Z [ATTACK] [ATTACK][UAV] Tracking assignment state saved (aircraft=5, sourcePlan=700000057, attackPlan=700000058).
2026-05-21T04:46:28.823485Z [ATTACK] [ATTACK][COLLAB] Aircraft 4 handled by collaborative remaining replan (inputMissionID=6).
2026-05-21T04:46:28.824253Z [ATTACK] [ATTACK][COLLAB] Aircraft 6 handled by collaborative remaining replan (inputMissionID=6).
2026-05-21T04:46:28.836699Z [ATTACK] [ATTACK][PLAN] carried area remaining snapshot -> mission_area_snapshot_700000058.json (sourcePlanID=700000057, planID=700000058)
2026-05-21T04:46:28.837278Z [ATTACK] [ATTACK][PLAN] MissionPlan saved -> 700000058.json (planID=700000058)
2026-05-21T04:46:28.838263Z [ATTACK] [ATTACK][TIME] override_detail={"phases": {"metadata_normalize": {"elapsedMs": 0.008, "attackTargetCount": 1, "selectedMannedCount": 1}, "agent_index": {"elapsedMs": 0.091, "aircraftCount": 6}, "weapon_choice": {"elapsedMs": 4.337, "selectedWeaponType": 2, "ammoAvailable": true}, "initial_tracking_eta": {"elapsedMs": 0.724, "useDetectionTracking": true, "trackingEtaS": 105}, "resolve_source_plan": {"elapsedMs": 3.724, "sourcePlanID": 700000057}, "source_plan_load": {"elapsedMs": 0.397, "sourcePlanID": 700000057, "aircraftCount": 6}, "sweep_progress_load": {"elapsedMs": 1.933, "entries": 108}, "plan_id_resolve": {"elapsedMs": 0.019, "requested": true, "missionPlanID": 700000058}, "source_artifact_cache_build": {"elapsedMs": 0.014, "aircraftEntries": 6}, "done_input_ids_load": {"elapsedMs": 3.065, "count": 4}, "plan_deepcopy": {"elapsedMs": 0.083}, "target_uav_assignment": {"elapsedMs": 0.992, "assignedTargetCount": 1, "usedTrackingUavCount": 1}, "manned_sequence_assignment": {"elapsedMs": 4.923, "aircraftCount": 1, "error": null}, "attack_coordinate_resolution": {"elapsedMs": 3.258, "resolvedCount": 1, "mannedSequenceCount": 1}, "remaining_eta": {"elapsedMs": 7.118, "allUavCount": 3, "trackingUavCount": 1, "computedEtaCount": 1, "adjustedEtaS": 0}, "descriptor_list_build": {"elapsedMs": 0.039, "descriptorCount": 6, "activeMannedCount": 1, "otherLahCount": 2, "otherUavCount": 2}, "collab_tracking_scan": {"elapsedMs": 2.745, "inputCount": 1, "unavailableUavCount": 1}, "collab_agent_state_map": {"elapsedMs": 8.523, "aircraftCount": 6}, "collab_parallel_started": {"elapsedMs": 0.886, "inputCount": 1, "workers": 1}, "collab_parallel_join": {"elapsedMs": 4.018, "waitReason": "UAV_TRACK", "inputCount": 1}, "descriptor_loop": {"elapsedMs": 12015.288, "descriptorCount": 6, "updateCount": 4}, "final_collab_plan_update": {"elapsedMs": 0.009, "collabInputCount": 1}, "mission_plan_write": {"elapsedMs": 12.381, "missionPlanID": 700000058}, "option_meta_build": {"elapsedMs": 0.045, "targetCount": 1, "collabInputCount": 1}}, "collabRuns": [{"inputMissionID": 6, "unavailableAircraftIDs": [5], "elapsedMs": 6500.194, "status": "ok", "replacementAircraftIDs": [4, 6], "generatedPathCount": 2, "finishEtaS": 54, "workflow": "no_split"}], "descriptorDetails": [{"aircraftID": 2, "label": "manned", "mode": "LAH_ATTACK", "resolveArtifacts": {"elapsedMs": 1.146, "currentWaypointID": null, "sourcePathID": 200000082, "sourceImpID": 800000221}, "loadArtifacts": {"elapsedMs": 0.006, "impLoaded": true, "fpLoaded": true}, "cloneAndLocateMission": {"elapsedMs": 0.134, "missionCount": 2, "targetIndex": 0}, "allocateAndPlanUpdate": {"elapsedMs": 7.813, "newImpID": 800000266}, "builder": {"elapsedMs": 5993.158, "builderMode": "LAH_ATTACK"}, "builderDetail": {"allocate_ids": {"elapsedMs": 1858.135, "attackPathID": 200000097, "resumePathID": 200000098, "attackIndividualID": 900000647, "resumeIndividualID": 900000648, "entryWaypointID": 901380, "attackWaypointID": 901382}, "split_lah_resume": {"elapsedMs": 2104.571, "resumeWaypointCount": 1, "removedWaypointID": 651190}, "clone_followups": {"elapsedMs": 914.422, "followUpMissionCount": 1, "followUpPathCount": 1}, "payload_build": {"elapsedMs": 1104.367, "hasResume": true, "followUpMissionCount": 1, "attackSpeedMps": 73.61}, "write_json": {"elapsedMs": 4.516, "fileCount": 4}, "totalMs": 5990.048}, "status": "ok", "elapsedMs": 6002.422}, {"aircraftID": 1, "label": "lah_hold_1", "mode": "LAH_HOLD_RESUME", "resolveArtifacts": {"elapsedMs": 0.871, "currentWaypointID": null, "sourcePathID": 100000081, "sourceImpID": 800000220}, "loadArtifacts": {"elapsedMs": 0.006, "impLoaded": true, "fpLoaded": true}, "cloneAndLocateMission": {"elapsedMs": 0.128, "missionCount": 2, "targetIndex": 0}, "allocateAndPlanUpdate": {"elapsedMs": 400.8, "newImpID": 800000269}, "builder": {"elapsedMs": 2572.987, "builderMode": "LAH_HOLD_RESUME"}, "builderDetail": {"allocate_ids": {"elapsedMs": 72.068, "holdPathID": 100000096, "resumePathID": 100000097, "holdIndividualID": 900000655, "resumeIndividualID": 900000656}, "split_lah_resume": {"elapsedMs": 1434.053, "resumeWaypointCount": 1, "removedWaypointID": 651186}, "clone_followups": {"elapsedMs": 702.754, "followUpMissionCount": 1, "followUpPathCount": 1}, "payload_build": {"elapsedMs": 1059.022, "hasResume": true, "followUpMissionCount": 1}, "write_json": {"elapsedMs": 4.132, "fileCount": 4}, "totalMs": 2572.939}, "status": "ok", "elapsedMs": 2974.949}, {"aircraftID": 3, "label": "lah_hold_3", "mode": "LAH_HOLD_RESUME", "resolveArtifacts": {"elapsedMs": 0.78, "currentWaypointID": null, "sourcePathID": 300000082, "sourceImpID": 800000222}, "loadArtifacts": {"elapsedMs": 0.006, "impLoaded": true, "fpLoaded": true}, "cloneAndLocateMission": {"elapsedMs": 0.139, "missionCount": 2, "targetIndex": 0}, "allocateAndPlanUpdate": {"elapsedMs": 9.036, "newImpID": 800000272}, "builder": {"elapsedMs": 1811.6, "builderMode": "LAH_HOLD_RESUME"}, "builderDetail": {"allocate_ids": {"elapsedMs": 21.353, "holdPathID": 300000097, "resumePathID": 300000098, "holdIndividualID": 900000659, "resumeIndividualID": 900000660}, "split_lah_resume": {"elapsedMs": 1049.471, "resumeWaypointCount": 1, "removedWaypointID": 651194}, "clone_followups": {"elapsedMs": 397.797, "followUpMissionCount": 1, "followUpPathCount": 1}, "payload_build": {"elapsedMs": 733.398, "hasResume": true, "followUpMissionCount": 1}, "write_json": {"elapsedMs": 3.584, "fileCount": 4}, "totalMs": 1811.552}, "status": "ok", "elapsedMs": 1821.714}, {"aircraftID": 5, "label": "uav_tracking_5", "mode": "UAV_TRACK", "resolveArtifacts": {"elapsedMs": 0.027, "currentWaypointID": 901343, "sourcePathID": 500000171, "sourceImpID": 800000258}, "loadArtifacts": {"elapsedMs": 0.005, "impLoaded": true, "fpLoaded": true}, "cloneAndLocateMission": {"elapsedMs": 0.208, "missionCount": 2, "targetIndex": 0}, "allocateAndPlanUpdate": {"elapsedMs": 11.363, "newImpID": 800000273}, "builder": {"elapsedMs": 1186.389, "builderMode": "UAV_TRACK"}, "builderDetail": {"allocate_ids": {"elapsedMs": 381.423, "donePathID": 500000180, "attackPathID": 500000181, "resumePathID": 500000182, "trackingIndividualID": 900000662, "resumeIndividualID": 900000663, "targetWaypointID": 901417}, "split_done_resume": {"elapsedMs": 1.363, "sourceSinglePoint": true, "doneWaypointCount": 1, "resumeWaypointCount": 0, "removedWaypointID": 901343}, "clone_followups": {"elapsedMs": 388.762, "followUpMissionCount": 1, "followUpPathCount": 1}, "release_resume": {"elapsedMs": 357.437, "releaseWaypointCount": 2, "targetFinishEtaS": 54}, "write_json": {"elapsedMs": 48.709, "fileCount": 5}, "totalMs": 1182.631}, "trackingState": {"elapsedMs": 11.361}, "status": "ok", "elapsedMs": 1210.118}, {"aircraftID": 4, "label": "uav_resume_4", "mode": "UAV_RESUME", "resolveArtifacts": {"elapsedMs": 0.024, "currentWaypointID": 901330, "sourcePathID": 400000141, "sourceImpID": 800000256}, "loadArtifacts": {"elapsedMs": 0.003, "impLoaded": true, "fpLoaded": true}, "cloneAndLocateMission": {"elapsedMs": 0.133, "missionCount": 2, "targetIndex": 0}, "status": "handled_by_collab", "elapsedMs": 0.757}, {"aircraftID": 6, "label": "uav_resume_6", "mode": "UAV_RESUME", "resolveArtifacts": {"elapsedMs": 0.016, "currentWaypointID": 901352, "sourcePathID": 600000138, "sourceImpID": 800000260}, "loadArtifacts": {"elapsedMs": 0.003, "impLoaded": true, "fpLoaded": true}, "cloneAndLocateMission": {"elapsedMs": 0.124, "missionCount": 2, "targetIndex": 0}, "status": "handled_by_collab", "elapsedMs": 0.709}], "totalMs": 12064}
2026-05-21T04:46:28.838861Z [ATTACK] [ATTACK][TIME] override_total=12064ms
2026-05-21T04:46:28.839536Z [ATTACK] [TIME] apply_attack_plan_overrides=12077ms
2026-05-21T04:46:28.849113Z [ATTACK] [TIME] timingMs={"read_source": 16.045, "descriptor_build": 5.126, "write_artifacts": 12085.879, "delivery_wait": 8.803}
2026-05-21T04:46:28.849777Z [ATTACK] [TIME] total=12117ms
2026-05-21T04:46:28.857292Z [ATTACK] 분석 로그 저장: C:\Users\TRL98\Desktop\LAH_MUMT\Logs\Scenario_2026-05-21T132543\SBC3\DSS_Internal\log_attack_algorithm_20260521T044628_850569.json
2026-05-21T04:46:28.875189Z [ATTACK] mark target used: targetIDs=101
2026-05-21T04:46:28.897716Z [ATTACK-EXCLUDE] ATTACK-EXCLUDE using requested missionPlanID 700000059 (sourcePlanID=700000057)
2026-05-21T04:46:28.898492Z [ATTACK-EXCLUDE] [PRIOR][UAV] Resume sweep trim applied (cutPoints=7, rawCutPoints=7, doneSweepPoints=0, pathID=400000141).
2026-05-21T04:46:28.899165Z [ATTACK-EXCLUDE] [PRIOR][UAV] Resume searchSpeed scaled (factor=1.30, waypoints=1).
2026-05-21T04:46:28.899893Z [ATTACK-EXCLUDE] [PRIOR][UAV] Generated done/resume mission -> aircraft=4 IMP:800000265.json PATHS:400000148.json
2026-05-21T04:46:28.900619Z [ATTACK-EXCLUDE] [PRIOR][UAV] Resume sweep trim applied (cutPoints=10, rawCutPoints=10, doneSweepPoints=0, pathID=500000171).
2026-05-21T04:46:28.901371Z [ATTACK-EXCLUDE] [PRIOR][UAV] Resume searchSpeed scaled (factor=1.30, waypoints=1).
2026-05-21T04:46:28.902128Z [ATTACK-EXCLUDE] [PRIOR][UAV] Generated done/resume mission -> aircraft=5 IMP:800000267.json PATHS:500000178.json
2026-05-21T04:46:28.902887Z [ATTACK-EXCLUDE] [PRIOR][UAV] Resume sweep trim applied (cutPoints=18, rawCutPoints=18, doneSweepPoints=0, pathID=600000138).
2026-05-21T04:46:28.903582Z [ATTACK-EXCLUDE] [PRIOR][UAV] Resume searchSpeed scaled (factor=1.30, waypoints=1).
2026-05-21T04:46:28.904151Z [ATTACK-EXCLUDE] [PRIOR][UAV] Generated done/resume mission -> aircraft=6 IMP:800000268.json PATHS:600000142.json
2026-05-21T04:46:28.904939Z [ATTACK-EXCLUDE] 공격 배제 MissionPlan 저장 -> 700000059.json (planID=700000059)
2026-05-21T04:46:28.905552Z [ATTACK-EXCLUDE] ATTACK-EXCLUDE carried area remaining snapshot -> mission_area_snapshot_700000059.json (sourcePlanID=700000057, planID=700000059)
2026-05-21T04:46:29.549237Z [ATTACK] 공격 임무 계획 완료 (planIds=700000058)
2026-05-21T04:46:29.552395Z [INFO] UAV params loaded (cruise=40.00, turn_step=15.0)
2026-05-21T04:46:29.553057Z [INFO] Latest input snapshot → 0201:ID=4,ts=832653849166,src=-, 0203:ID=1,ts=832652848760,src=-
2026-05-21T04:46:29.553637Z [STEP 0] Using latest 0201 ID 4 (4.json)
2026-05-21T04:46:29.554198Z [STEP 0] Using latest 0203 ID 1 (1.json)
2026-05-21T04:46:29.554780Z [CHECK] 0201/0203 필수 데이터 확인 시작
2026-05-21T04:46:29.555342Z [OK] 0201 inputMissionList 확인됨 (count=6) → 진행
2026-05-21T04:46:29.555974Z [OK] 0201 availableAircraftList 확인됨 (count=6) → 진행
2026-05-21T04:46:29.556550Z [OK] 0201 inputMissionPackageType=1 확인
2026-05-21T04:46:29.557149Z [OK] 0201 mainSensor=1 확인
2026-05-21T04:46:29.557795Z [CHECK] 0201 기체 수=6 (UAV=3, LAH=3)
2026-05-21T04:46:29.558430Z [CHECK] 0201 임무: total=6 missingID=0 missingDetail=0 missingShape=0 unknownType=0 typeZeroAuto=0 typeZeroInvalid=0 lineOnlyViolation=0 skippedSinglePoint=0
2026-05-21T04:46:29.559016Z [OK] 0203 takeOverInfoList 확인됨 (count=3) → 진행
2026-05-21T04:46:29.559635Z [OK] 0203 handOverInfoList 확인됨 (count=3) → 진행
2026-05-21T04:46:29.560178Z [OK] 0203 flightAreaList 확인됨 (count=1) → 진행
2026-05-21T04:46:29.560771Z [CHECK] 0203 flightAreaList count=1
2026-05-21T04:46:29.561373Z [INFO] 임무 진행영역 스냅샷 적용: sourcePlan=700000057, updated=2, done=0
2026-05-21T04:46:29.562074Z [INFO] 임무 진행영역 재계획 collapse 적용: groups=2, normalized=3, 6
2026-05-21T04:46:29.562693Z [INFO] Filtered completed input missions (removed=1, 2, 4, 5, converted=-, widthAdjusted=-, skippedSinglePoint=-, snapshot=updated=2, done=0, collapse=groups=2, normalized=3,6)
2026-05-21T04:46:29.563369Z [REPLAN][TIME] variant_started_ms=12177.1 wall_ms=1779338788897 variant=1 option=3 mode=attack_exclusion
2026-05-21T04:46:29.564076Z [variant 1] 공격 배제 병렬 결과 병합
2026-05-21T04:46:29.564677Z [REPLAN][TIME] attack_exclusion_parallel_joined_ms=12185.7 wall_ms=1779338788906 variant=1 duration_ms=8355.127 wait_ms=0.012
2026-05-21T04:46:29.565292Z [OK] 공격 배제 variant 저장: MissionPlanID=700000059 (elapsed=8355.1 ms)
2026-05-21T04:46:29.565957Z [INFO] Option mapping #1: planID=700000059, optionCode=3(공격배제)
2026-05-21T04:46:29.566623Z [REPLAN][TIME] variant_finished_ms=12185.9 wall_ms=1779338788906 variant=1 option=3 mode=attack_exclusion status=success duration_ms=8355.127
2026-05-21T04:46:29.567217Z [OK] Stored mission data: MissionPlan=1, IndividualMission=0, FlightPath=0
2026-05-21T04:46:29.567862Z [REPLAN][TIME] id_tab_update_deferred_ms=12186.7 wall_ms=1779338788907
2026-05-21T04:46:29.568493Z [REPLAN][TIME] pipeline_done_ms=12186.8 wall_ms=1779338788907 plans=2 force_direct=False
2026-05-21T04:46:29.569088Z [REPLAN][TIME] 0301_queued_ms=12186.8 wall_ms=1779338788907 plans=2
2026-05-21T04:46:29.569721Z [STEP 4] 0301 push queued (planIds=700000058, 700000059)
2026-05-21T04:46:29.571552Z [0301] missionPlanID=700000058 전송
2026-05-21T04:46:29.573612Z [0301] missionPlanID=700000059 전송
2026-05-21T04:46:29.574918Z [PUSH] 0301 direct batch send
2026-05-21T04:46:29.575648Z [REPLAN][TIME] 0301_sent_ms=12855.1 wall_ms=1779338789575 plans=2
2026-05-21T04:46:29.576515Z [REPLAN][TIME] post_0301_delivery_queued_ms=12855.9 wall_ms=1779338789576 grace_ms=0 timeout_ms=20 force_direct=0 mode=option_or_0901
2026-05-21T04:46:29.577176Z [INFO] Post-0301 apply queued (mode=option_or_0901, grace=0ms, timeout=20ms, plans=2)
2026-05-21T04:46:29.579879Z [REPLAN][TIME] 0305_status_2_ms=12859.3 wall_ms=1779338789579 reason=표적101 발견 재계획
2026-05-21T04:46:29.580592Z [0305] status=2, reason=표적101 발견 재계획, elapsed=12.85s 전송
2026-05-21T04:46:29.581228Z [REPLAN][TIME] post_0301_completion_ready_ms=12860.7 wall_ms=1779338789581 mode=option_or_0901
2026-05-21T04:46:29.581857Z [REPLAN][METRIC] source_artifact_cache entries=21 hits=39 misses=21
2026-05-21T04:46:29.601362Z [INFO] Post-0301 ready (timeout) -> sending 0901
2026-05-21T04:46:29.602473Z [REPLAN][TIME] post_0301_flushed_ms=12881.9 wall_ms=1779338789602 delivery=0901 trigger=timeout
2026-05-21T04:46:29.605139Z [REPLAN][TIME] 0901_sent_ms=12884.6 wall_ms=1779338789604 options=2
2026-05-21T04:46:29.605921Z [0901] option request sent (count=2, codes=2(공격특화), 3(공격배제))
2026-05-21T04:46:29.606673Z [REPLAN][TIME] id_tab_update_flushed_ms=12886.1 wall_ms=1779338789606
2026-05-21T04:46:42.008334Z [REPLAN][TIME] 0902_received_ms=0.2 wall_ms=1779338802008 trigger=attack_2_option replanLevel=2 optionCount=2 forceDirect=0
2026-05-21T04:46:42.009511Z [REPLAN][TIME] 0902_archived_ms=1.4 wall_ms=1779338802009 path=replan_request_832654000581.json
2026-05-21T04:46:42.010128Z [AUTO] 0902 received (planIds=700000060, 700000061)
2026-05-21T04:46:42.010762Z [REPLAN][TIME] pipeline_scheduled_ms=2.6 wall_ms=1779338802010 delay_ms=0
2026-05-21T04:46:42.011873Z [REPLAN][TIME] scheduled_start_ms=3.8 wall_ms=1779338802011
2026-05-21T04:46:42.014543Z [REPLAN][TIME] 0305_status_1_ms=6.4 wall_ms=1779338802014 reason=표적102 발견 재계획
2026-05-21T04:46:42.015580Z [0305] status=1, reason=표적102 발견 재계획 전송
2026-05-21T04:46:42.027211Z [INFO] Using latest 0203 ID 1 for missionReferencePackageID (fallback)
2026-05-21T04:46:42.028193Z [STEP 0] Replan pipeline start (reason=표적102 발견 재계획)
2026-05-21T04:46:42.028930Z [REPLAN][TIME] attack_exclusion_parallel_started_ms=15.6 wall_ms=1779338802023 option_index=2 sourcePlanID=700000059
2026-05-21T04:46:42.029884Z [ATTACK-EXCLUDE] parallel generation started (sourcePlanID=700000059, optionIndex=2)
2026-05-21T04:46:42.030893Z [ATTACK] 공격 특화 재계획 요청 감지 → 전용 파이프라인 실행
2026-05-21T04:46:42.037629Z [ATTACK] [TIME] select_manned_aircraft=14ms
2026-05-21T04:46:42.038315Z [ATTACK] STEP1 Selected manned aircraft: aircraft 3 (fuel=1200.0, coord=(37.8477783203125, 128.23300170898438, alt=1199))
2026-05-21T04:46:42.040131Z [ATTACK] [TIME] load_target_entries=1ms
2026-05-21T04:46:42.040933Z [ATTACK] STEP2 UAV tracking summary: watcher 5?’target 102, watcher 4?’target unknown-10, watcher 4?’target unknown-13, watcher 4?’target unknown-17, watcher 4?’target unknown-2, watcher 4?’target unknown-22, watcher 4?’target unknown-27, watcher 4?’target unknown-31, watcher 4?’target unknown-33, watcher 4?’target unknown-34, watcher 4?’target unknown-35, watcher 4?’target unknown-38, watcher 4?’target unknown-41, watcher 4?’target unknown-44, watcher 4?’target unknown-45, watcher 4?’target unknown-49, watcher 4?’target unknown-51, watcher 4?’target unknown-53, watcher 5?’target unknown-12, watcher 5?’target unknown-15, watcher 5?’target unknown-16, watcher 5?’target unknown-18, watcher 5?’target unknown-19, watcher 5?’target unknown-20, watcher 5?’target unknown-28, watcher 5?’target unknown-3, watcher 5?’target unknown-32, watcher 5?’target unknown-36, watcher 5?’target unknown-4, watcher 5?’target unknown-43, watcher 5?’target unknown-47, watcher 5?’target unknown-50, watcher 5?’target unknown-54, watcher 5?’target unknown-57, watcher 5?’target unknown-6, watcher 5?’target unknown-7, watcher 5?’target unknown-8, watcher 5?’target unknown-9, watcher 6?’target unknown-1, watcher 6?’target unknown-11, watcher 6?’target unknown-21, watcher 6?’target unknown-23, watcher 6?’target unknown-25, watcher 6?’target unknown-29, watcher 6?’target unknown-30, watcher 6?’target unknown-37, watcher 6?’target unknown-39, watcher 6?’target unknown-42, watcher 6?’target unknown-46, watcher 6?’target unknown-48, watcher 6?’target unknown-5, watcher 6?’target unknown-55, watcher 6?’target unknown-56, watcher 4?’target 77, watcher 6?’target 78, watcher 5?’target 79, watcher 5?’target 80, watcher 4?’target 81, watcher 5?’target 82, watcher 5?’target 83, watcher 5?’target 84, watcher 4?’target 85, watcher 4?’target 86, watcher 5?’target 87, watcher 6?’target 88, watcher 5?’target 89, watcher 6?’target 90, watcher 5?’target 91, watcher 5?’target 92, watcher 4?’target 93, watcher 5?’target 94, watcher 6?’target 96, watcher 5?’target 97, watcher 5?’target 98, watcher 5?’target 99, watcher 4?’target 100, watcher 5?’target 101
2026-05-21T04:46:42.041908Z [ATTACK] STEP2.5 Using bundled 0402 targets: target=102 watcher=5
2026-05-21T04:46:42.047766Z [ATTACK] [ATTACK] Selected target id=102 type=4 weaponType=3 (preferred=3, ammo={'type1': 500, 'type2': 7, 'type3': 2})
2026-05-21T04:46:42.055301Z [ATTACK] [TIME] compute_attack_point=7ms
2026-05-21T04:46:42.056036Z [ATTACK] STEP3 Attack plan completed: lat=37.892720, lon=128.202173, alt=994m
2026-05-21T04:46:42.056821Z [ATTACK] [ATTACK] Using remembered waypoint 901397 for watcher 5 while auto-tracking.
2026-05-21T04:46:42.060913Z [ATTACK] [ATTACK] Weapon choice aircraft=3 preferred=3 selected=3 ammo={'type1': 500, 'type2': 7, 'type3': 2}
2026-05-21T04:46:42.061561Z [ATTACK] [ATTACK][ETA] Tracking ETA computed with LAH max attack speed (dist=5683.0m, speed=73.61m/s, +30s) -> 107s
2026-05-21T04:46:42.074005Z [ATTACK] [ATTACK] Using requested missionPlanID 700000060 (sourcePlanID=700000059)
2026-05-21T04:46:42.085692Z [ATTACK] [ATTACK][POINT] Primary target adaptive standoff mode=far_projected_to_preferred_standoff currentDist=7682.972715950213m candidateDist=2000.0000000008708m standoff=300.0/2000.0m.
2026-05-21T04:46:42.089455Z [ATTACK] [ATTACK][ETA] UAV 4 remaining mission time: 0.0s
2026-05-21T04:46:42.093089Z [ATTACK] [ATTACK][ETA] UAV 6 remaining mission time: 0.0s
2026-05-21T04:46:42.094026Z [ATTACK] [ATTACK][ETA] Non-tracking UAV ETA selected: UAV 4 with 0s remaining
2026-05-21T04:46:42.094816Z [ATTACK] [ATTACK][ETA] All tracking ETAs unified to 0s
2026-05-21T04:46:42.108272Z [ATTACK] [ATTACK][COLLAB] Remaining UAV entry lookahead applied: 9.0s (pathFollow=3, linearFallback=3, currentOnly=0)
2026-05-21T04:46:42.111456Z [ATTACK] [PRIOR] Falling back to first mission for aircraft 3 (current waypoint not found in plan).
2026-05-21T04:46:44.495250Z [ATTACK] [ATTACK][LAH] Using max attack speed 73.61m/s (265.0km/h) for aircraft 3.
2026-05-21T04:46:44.496029Z [ATTACK] [ATTACK][LAH] Inferred current waypoint from position -> 651194.
2026-05-21T04:46:44.498214Z [ATTACK] [ATTACK][LAH] Dropped current waypoint from resume path (currentWP=651194, nextWP=651195).
2026-05-21T04:46:48.467723Z [ATTACK] [ATTACK][LAH] Preserved completed prefix, inserted attack, and reattached 1 follow-up mission(s).
2026-05-21T04:46:48.474816Z [ATTACK] [ATTACK][LAH] Generated attack/resume missions -> IMP:800000275.json PATHS:300000100.json/300000101.json (followUps=1)
2026-05-21T04:46:48.475743Z [ATTACK] [PRIOR] Falling back to first mission for aircraft 1 (current waypoint not found in plan).
2026-05-21T04:46:48.535166Z [ATTACK] [ATTACK][LAH] Inferred current waypoint from position -> 651186.
2026-05-21T04:46:48.536001Z [ATTACK] [ATTACK][LAH] Dropped current waypoint from resume path (currentWP=651186, nextWP=651187).
2026-05-21T04:46:51.112460Z [ATTACK] [ATTACK][LAH] Preserved completed prefix, inserted hold, and reattached 1 follow-up mission(s).
2026-05-21T04:46:51.119237Z [ATTACK] [ATTACK][LAH] Generated hold/resume missions -> IMP:800000280.json PATHS:100000099.json/100000100.json (followUps=1)
2026-05-21T04:46:51.121317Z [ATTACK] [PRIOR] Falling back to first mission for aircraft 2 (current waypoint not found in plan).
2026-05-21T04:46:51.156626Z [ATTACK] [ATTACK][LAH] Inferred current waypoint from position -> 651190.
2026-05-21T04:46:51.158042Z [ATTACK] [ATTACK][LAH] Dropped current waypoint from resume path (currentWP=651190, nextWP=651191).
2026-05-21T04:46:53.107779Z [ATTACK] [ATTACK][LAH] Preserved completed prefix, inserted hold, and reattached 1 follow-up mission(s).
2026-05-21T04:46:53.115757Z [ATTACK] [ATTACK][LAH] Generated hold/resume missions -> IMP:800000281.json PATHS:200000100.json/200000101.json (followUps=1)
2026-05-21T04:46:53.118224Z [ATTACK] [NEXTCOLLAB] division planner area-division pieces=2
2026-05-21T04:46:53.118964Z [ATTACK] [NEXTCOLLAB] division planner final workflow=no_split paths=2
2026-05-21T04:46:53.119559Z [ATTACK] [ATTACK][COLLAB] Collaborative replacement IMP written (aircraft=4, imp=800000277.json, missions=1).
2026-05-21T04:46:53.120231Z [ATTACK] [ATTACK][COLLAB] Collaborative replacement IMP written (aircraft=6, imp=800000278.json, missions=1).
2026-05-21T04:46:53.120841Z [ATTACK] [ATTACK][COLLAB] First sweep searchSpeed boosted (aircraft=4, pathID=400000154, waypointID=901432, factor=1.30, old=466.78, new=606.81).
2026-05-21T04:46:53.121477Z [ATTACK] [ATTACK][COLLAB] First sweep searchSpeed boosted (aircraft=6, pathID=600000144, waypointID=901439, factor=1.30, old=312.95, new=406.84).
2026-05-21T04:46:53.122029Z [ATTACK] [ATTACK][COLLAB] Collaborative remaining mission replanned (inputMissionID=6, unavailable=[5], remaining=[4, 6], workflow=no_split).
2026-05-21T04:46:53.132549Z [ATTACK] [ATTACK][UAV] Tracking target altitude kept for sensor only; flight altitude replaced 694m -> 1953m.
2026-05-21T04:46:53.492120Z [ATTACK] [ATTACK][UAV] Source path has a single waypoint; preserving it as done and skipping done/resume split.
2026-05-21T04:46:54.231355Z [ATTACK] [ATTACK][COLLAB] Tracking UAV resume replaced with release transit (aircraft=5, targetFinishEta=48, speed=58.0m/s).
2026-05-21T04:46:54.233329Z [ATTACK] [ATTACK][UAV] Preserved completed prefix, inserted tracking, and reattached 1 follow-up mission(s).
2026-05-21T04:46:54.287045Z [ATTACK] [ATTACK][UAV] Generated tracking/resume missions -> IMP:800000282.json PATHS:500000188.json/500000189.json (followUps=1)
2026-05-21T04:46:54.295563Z [ATTACK] [ATTACK][UAV] Tracking assignment state saved (aircraft=5, sourcePlan=700000059, attackPlan=700000060).
2026-05-21T04:46:54.296546Z [ATTACK] [ATTACK][COLLAB] Aircraft 4 handled by collaborative remaining replan (inputMissionID=6).
2026-05-21T04:46:54.297376Z [ATTACK] [ATTACK][COLLAB] Aircraft 6 handled by collaborative remaining replan (inputMissionID=6).
2026-05-21T04:46:54.307638Z [ATTACK] [ATTACK][PLAN] carried area remaining snapshot -> mission_area_snapshot_700000060.json (sourcePlanID=700000059, planID=700000060)
2026-05-21T04:46:54.308292Z [ATTACK] [ATTACK][PLAN] MissionPlan saved -> 700000060.json (planID=700000060)
2026-05-21T04:46:54.309316Z [ATTACK] [ATTACK][TIME] override_detail={"phases": {"metadata_normalize": {"elapsedMs": 0.007, "attackTargetCount": 1, "selectedMannedCount": 1}, "agent_index": {"elapsedMs": 0.082, "aircraftCount": 6}, "weapon_choice": {"elapsedMs": 3.423, "selectedWeaponType": 3, "ammoAvailable": true}, "initial_tracking_eta": {"elapsedMs": 0.69, "useDetectionTracking": true, "trackingEtaS": 107}, "resolve_source_plan": {"elapsedMs": 9.205, "sourcePlanID": 700000059}, "source_plan_load": {"elapsedMs": 0.553, "sourcePlanID": 700000059, "aircraftCount": 6}, "sweep_progress_load": {"elapsedMs": 1.828, "entries": 114}, "plan_id_resolve": {"elapsedMs": 0.025, "requested": true, "missionPlanID": 700000060}, "source_artifact_cache_build": {"elapsedMs": 0.016, "aircraftEntries": 6}, "done_input_ids_load": {"elapsedMs": 2.057, "count": 4}, "plan_deepcopy": {"elapsedMs": 0.091}, "target_uav_assignment": {"elapsedMs": 1.06, "assignedTargetCount": 1, "usedTrackingUavCount": 1}, "manned_sequence_assignment": {"elapsedMs": 4.317, "aircraftCount": 1, "error": null}, "attack_coordinate_resolution": {"elapsedMs": 3.979, "resolvedCount": 1, "mannedSequenceCount": 1}, "remaining_eta": {"elapsedMs": 8.316, "allUavCount": 3, "trackingUavCount": 1, "computedEtaCount": 1, "adjustedEtaS": 0}, "descriptor_list_build": {"elapsedMs": 0.04, "descriptorCount": 6, "activeMannedCount": 1, "otherLahCount": 2, "otherUavCount": 2}, "collab_tracking_scan": {"elapsedMs": 2.628, "inputCount": 1, "unavailableUavCount": 1}, "collab_agent_state_map": {"elapsedMs": 11.369, "aircraftCount": 6}, "collab_parallel_started": {"elapsedMs": 1.336, "inputCount": 1, "workers": 1}, "collab_parallel_join": {"elapsedMs": 4.485, "waitReason": "UAV_TRACK", "inputCount": 1}, "descriptor_loop": {"elapsedMs": 12187.009, "descriptorCount": 6, "updateCount": 4}, "final_collab_plan_update": {"elapsedMs": 0.011, "collabInputCount": 1}, "mission_plan_write": {"elapsedMs": 10.268, "missionPlanID": 700000060}, "option_meta_build": {"elapsedMs": 0.04, "targetCount": 1, "collabInputCount": 1}}, "collabRuns": [{"inputMissionID": 6, "unavailableAircraftIDs": [5], "elapsedMs": 5263.301, "status": "ok", "replacementAircraftIDs": [4, 6], "generatedPathCount": 2, "finishEtaS": 48, "workflow": "no_split"}], "descriptorDetails": [{"aircraftID": 3, "label": "manned", "mode": "LAH_ATTACK", "resolveArtifacts": {"elapsedMs": 1.15, "currentWaypointID": null, "sourcePathID": 300000082, "sourceImpID": 800000222}, "loadArtifacts": {"elapsedMs": 0.006, "impLoaded": true, "fpLoaded": true}, "cloneAndLocateMission": {"elapsedMs": 0.13, "missionCount": 2, "targetIndex": 0}, "allocateAndPlanUpdate": {"elapsedMs": 30.902, "newImpID": 800000275}, "builder": {"elapsedMs": 6332.185, "builderMode": "LAH_ATTACK"}, "builderDetail": {"allocate_ids": {"elapsedMs": 2349.36, "attackPathID": 300000100, "resumePathID": 300000101, "attackIndividualID": 900000669, "resumeIndividualID": 900000670, "entryWaypointID": 901427, "attackWaypointID": 901430}, "split_lah_resume": {"elapsedMs": 2012.518, "resumeWaypointCount": 1, "removedWaypointID": 651194}, "clone_followups": {"elapsedMs": 1601.517, "followUpMissionCount": 1, "followUpPathCount": 1}, "payload_build": {"elapsedMs": 357.367, "hasResume": true, "followUpMissionCount": 1, "attackSpeedMps": 73.61}, "write_json": {"elapsedMs": 5.219, "fileCount": 4}, "totalMs": 6329.851}, "status": "ok", "elapsedMs": 6364.526}, {"aircraftID": 1, "label": "lah_hold_1", "mode": "LAH_HOLD_RESUME", "resolveArtifacts": {"elapsedMs": 0.966, "currentWaypointID": null, "sourcePathID": 100000081, "sourceImpID": 800000220}, "loadArtifacts": {"elapsedMs": 0.005, "impLoaded": true, "fpLoaded": true}, "cloneAndLocateMission": {"elapsedMs": 0.09, "missionCount": 2, "targetIndex": 0}, "allocateAndPlanUpdate": {"elapsedMs": 18.922, "newImpID": 800000280}, "builder": {"elapsedMs": 2625.414, "builderMode": "LAH_HOLD_RESUME"}, "builderDetail": {"allocate_ids": {"elapsedMs": 36.955, "holdPathID": 100000099, "resumePathID": 100000100, "holdIndividualID": 900000676, "resumeIndividualID": 900000677}, "split_lah_resume": {"elapsedMs": 1815.691, "resumeWaypointCount": 1, "removedWaypointID": 651186}, "clone_followups": {"elapsedMs": 367.498, "followUpMissionCount": 1, "followUpPathCount": 1}, "payload_build": {"elapsedMs": 763.836, "hasResume": true, "followUpMissionCount": 1}, "write_json": {"elapsedMs": 5.128, "fileCount": 4}, "totalMs": 2625.366}, "status": "ok", "elapsedMs": 2645.534}, {"aircraftID": 2, "label": "lah_hold_2", "mode": "LAH_HOLD_RESUME", "resolveArtifacts": {"elapsedMs": 0.615, "currentWaypointID": null, "sourcePathID": 200000082, "sourceImpID": 800000221}, "loadArtifacts": {"elapsedMs": 0.006, "impLoaded": true, "fpLoaded": true}, "cloneAndLocateMission": {"elapsedMs": 0.124, "missionCount": 2, "targetIndex": 0}, "allocateAndPlanUpdate": {"elapsedMs": 7.941, "newImpID": 800000281}, "builder": {"elapsedMs": 1987.928, "builderMode": "LAH_HOLD_RESUME"}, "builderDetail": {"allocate_ids": {"elapsedMs": 26.315, "holdPathID": 200000100, "resumePathID": 200000101, "holdIndividualID": 900000679, "resumeIndividualID": 900000680}, "split_lah_resume": {"elapsedMs": 1087.75, "resumeWaypointCount": 1, "removedWaypointID": 651190}, "clone_followups": {"elapsedMs": 462.832, "followUpMissionCount": 1, "followUpPathCount": 1}, "payload_build": {"elapsedMs": 863.393, "hasResume": true, "followUpMissionCount": 1}, "write_json": {"elapsedMs": 5.919, "fileCount": 4}, "totalMs": 1987.872}, "status": "ok", "elapsedMs": 1996.76}, {"aircraftID": 5, "label": "uav_tracking_5", "mode": "UAV_TRACK", "resolveArtifacts": {"elapsedMs": 0.03, "currentWaypointID": 901397, "sourcePathID": 500000178, "sourceImpID": 800000267}, "loadArtifacts": {"elapsedMs": 0.005, "impLoaded": true, "fpLoaded": true}, "cloneAndLocateMission": {"elapsedMs": 0.234, "missionCount": 2, "targetIndex": 0}, "allocateAndPlanUpdate": {"elapsedMs": 9.413, "newImpID": 800000282}, "builder": {"elapsedMs": 1155.415, "builderMode": "UAV_TRACK"}, "builderDetail": {"allocate_ids": {"elapsedMs": 356.233, "donePathID": 500000187, "attackPathID": 500000188, "resumePathID": 500000189, "trackingIndividualID": 900000682, "resumeIndividualID": 900000683, "targetWaypointID": 901463}, "split_done_resume": {"elapsedMs": 1.109, "sourceSinglePoint": true, "doneWaypointCount": 1, "resumeWaypointCount": 0, "removedWaypointID": 901397}, "clone_followups": {"elapsedMs": 369.638, "followUpMissionCount": 1, "followUpPathCount": 1}, "release_resume": {"elapsedMs": 368.63, "releaseWaypointCount": 2, "targetFinishEtaS": 48}, "write_json": {"elapsedMs": 52.211, "fileCount": 5}, "totalMs": 1152.58}, "trackingState": {"elapsedMs": 7.634}, "status": "ok", "elapsedMs": 1173.51}, {"aircraftID": 4, "label": "uav_resume_4", "mode": "UAV_RESUME", "resolveArtifacts": {"elapsedMs": 0.029, "currentWaypointID": 901381, "sourcePathID": 400000148, "sourceImpID": 800000265}, "loadArtifacts": {"elapsedMs": 0.005, "impLoaded": true, "fpLoaded": true}, "cloneAndLocateMission": {"elapsedMs": 0.184, "missionCount": 2, "targetIndex": 0}, "status": "handled_by_collab", "elapsedMs": 0.842}, {"aircraftID": 6, "label": "uav_resume_6", "mode": "UAV_RESUME", "resolveArtifacts": {"elapsedMs": 0.019, "currentWaypointID": 901407, "sourcePathID": 600000142, "sourceImpID": 800000268}, "loadArtifacts": {"elapsedMs": 0.003, "impLoaded": true, "fpLoaded": true}, "cloneAndLocateMission": {"elapsedMs": 0.139, "missionCount": 2, "targetIndex": 0}, "status": "handled_by_collab", "elapsedMs": 0.727}], "totalMs": 12238}
2026-05-21T04:46:54.309844Z [ATTACK] [ATTACK][TIME] override_total=12238ms
2026-05-21T04:46:54.310560Z [ATTACK] [TIME] apply_attack_plan_overrides=12254ms
2026-05-21T04:46:54.319046Z [ATTACK] [TIME] timingMs={"read_source": 16.984, "descriptor_build": 6.946, "write_artifacts": 12263.528, "delivery_wait": 7.798}
2026-05-21T04:46:54.319670Z [ATTACK] [TIME] total=12296ms
2026-05-21T04:46:54.328247Z [ATTACK] 분석 로그 저장: C:\Users\TRL98\Desktop\LAH_MUMT\Logs\Scenario_2026-05-21T132543\SBC3\DSS_Internal\log_attack_algorithm_20260521T044654_320392.json
2026-05-21T04:46:54.331869Z [ATTACK] mark target used: targetIDs=102
2026-05-21T04:46:54.369300Z [ATTACK-EXCLUDE] ATTACK-EXCLUDE using requested missionPlanID 700000061 (sourcePlanID=700000059)
2026-05-21T04:46:54.370260Z [ATTACK-EXCLUDE] [PRIOR][UAV] Resume sweep trim applied (cutPoints=9, rawCutPoints=9, doneSweepPoints=0, pathID=400000148).
2026-05-21T04:46:54.371117Z [ATTACK-EXCLUDE] [PRIOR][UAV] Resume searchSpeed scaled (factor=1.30, waypoints=1).
2026-05-21T04:46:54.371975Z [ATTACK-EXCLUDE] [PRIOR][UAV] Generated done/resume mission -> aircraft=4 IMP:800000274.json PATHS:400000152.json
2026-05-21T04:46:54.372830Z [ATTACK-EXCLUDE] [PRIOR][UAV] Resume sweep trim applied (cutPoints=7, rawCutPoints=7, doneSweepPoints=0, pathID=500000178).
2026-05-21T04:46:54.373596Z [ATTACK-EXCLUDE] [PRIOR][UAV] Resume searchSpeed scaled (factor=1.30, waypoints=1).
2026-05-21T04:46:54.374419Z [ATTACK-EXCLUDE] [PRIOR][UAV] Generated done/resume mission -> aircraft=5 IMP:800000276.json PATHS:500000185.json
2026-05-21T04:46:54.375220Z [ATTACK-EXCLUDE] [PRIOR][UAV] Resume sweep trim applied (cutPoints=4, rawCutPoints=4, doneSweepPoints=0, pathID=600000142).
2026-05-21T04:46:54.375958Z [ATTACK-EXCLUDE] [PRIOR][UAV] Resume searchSpeed scaled (factor=1.30, waypoints=1).
2026-05-21T04:46:54.376573Z [ATTACK-EXCLUDE] [PRIOR][UAV] Generated done/resume mission -> aircraft=6 IMP:800000279.json PATHS:600000146.json
2026-05-21T04:46:54.377258Z [ATTACK-EXCLUDE] 공격 배제 MissionPlan 저장 -> 700000061.json (planID=700000061)
2026-05-21T04:46:54.377944Z [ATTACK-EXCLUDE] ATTACK-EXCLUDE carried area remaining snapshot -> mission_area_snapshot_700000061.json (sourcePlanID=700000059, planID=700000061)
2026-05-21T04:46:55.034183Z [ATTACK] 공격 임무 계획 완료 (planIds=700000060)
2026-05-21T04:46:55.035914Z [INFO] UAV params loaded (cruise=40.00, turn_step=15.0)
2026-05-21T04:46:55.036466Z [INFO] Latest input snapshot → 0201:ID=4,ts=832653849166,src=-, 0203:ID=1,ts=832652848760,src=-
2026-05-21T04:46:55.036975Z [STEP 0] Using latest 0201 ID 4 (4.json)
2026-05-21T04:46:55.037475Z [STEP 0] Using latest 0203 ID 1 (1.json)
2026-05-21T04:46:55.037927Z [CHECK] 0201/0203 필수 데이터 확인 시작
2026-05-21T04:46:55.038455Z [OK] 0201 inputMissionList 확인됨 (count=6) → 진행
2026-05-21T04:46:55.038940Z [OK] 0201 availableAircraftList 확인됨 (count=6) → 진행
2026-05-21T04:46:55.039420Z [OK] 0201 inputMissionPackageType=1 확인
2026-05-21T04:46:55.039891Z [OK] 0201 mainSensor=1 확인
2026-05-21T04:46:55.040338Z [CHECK] 0201 기체 수=6 (UAV=3, LAH=3)
2026-05-21T04:46:55.040784Z [CHECK] 0201 임무: total=6 missingID=0 missingDetail=0 missingShape=0 unknownType=0 typeZeroAuto=0 typeZeroInvalid=0 lineOnlyViolation=0 skippedSinglePoint=0
2026-05-21T04:46:55.041268Z [OK] 0203 takeOverInfoList 확인됨 (count=3) → 진행
2026-05-21T04:46:55.041700Z [OK] 0203 handOverInfoList 확인됨 (count=3) → 진행
2026-05-21T04:46:55.042214Z [OK] 0203 flightAreaList 확인됨 (count=1) → 진행
2026-05-21T04:46:55.042869Z [CHECK] 0203 flightAreaList count=1
2026-05-21T04:46:55.043516Z [INFO] 임무 진행영역 스냅샷 적용: sourcePlan=700000059, updated=2, done=0
2026-05-21T04:46:55.044109Z [INFO] 임무 진행영역 재계획 collapse 적용: groups=2, normalized=3, 6
2026-05-21T04:46:55.044624Z [INFO] Filtered completed input missions (removed=1, 2, 4, 5, converted=-, widthAdjusted=-, skippedSinglePoint=-, snapshot=updated=2, done=0, collapse=groups=2, normalized=3,6)
2026-05-21T04:46:55.045960Z [REPLAN][TIME] variant_started_ms=12361.1 wall_ms=1779338814368 variant=1 option=3 mode=attack_exclusion
2026-05-21T04:46:55.046524Z [variant 1] 공격 배제 병렬 결과 병합
2026-05-21T04:46:55.047032Z [REPLAN][TIME] attack_exclusion_parallel_joined_ms=12370.6 wall_ms=1779338814378 variant=1 duration_ms=7984.267 wait_ms=0.012
2026-05-21T04:46:55.047517Z [OK] 공격 배제 variant 저장: MissionPlanID=700000061 (elapsed=7984.3 ms)
2026-05-21T04:46:55.048047Z [INFO] Option mapping #1: planID=700000061, optionCode=3(공격배제)
2026-05-21T04:46:55.048515Z [REPLAN][TIME] variant_finished_ms=12370.8 wall_ms=1779338814378 variant=1 option=3 mode=attack_exclusion status=success duration_ms=7984.267
2026-05-21T04:46:55.048962Z [OK] Stored mission data: MissionPlan=1, IndividualMission=0, FlightPath=0
2026-05-21T04:46:55.049564Z [REPLAN][TIME] id_tab_update_deferred_ms=12371.8 wall_ms=1779338814379
2026-05-21T04:46:55.050104Z [REPLAN][TIME] pipeline_done_ms=12371.8 wall_ms=1779338814379 plans=2 force_direct=False
2026-05-21T04:46:55.050928Z [REPLAN][TIME] 0301_queued_ms=12371.9 wall_ms=1779338814379 plans=2
2026-05-21T04:46:55.051514Z [STEP 4] 0301 push queued (planIds=700000060, 700000061)
2026-05-21T04:46:55.053245Z [0301] missionPlanID=700000060 전송
2026-05-21T04:46:55.055562Z [0301] missionPlanID=700000061 전송
2026-05-21T04:46:55.056896Z [PUSH] 0301 direct batch send
2026-05-21T04:46:55.057580Z [REPLAN][TIME] 0301_sent_ms=13049.5 wall_ms=1779338815057 plans=2
2026-05-21T04:46:55.058366Z [REPLAN][TIME] post_0301_delivery_queued_ms=13050.3 wall_ms=1779338815058 grace_ms=0 timeout_ms=20 force_direct=0 mode=option_or_0901
2026-05-21T04:46:55.058976Z [INFO] Post-0301 apply queued (mode=option_or_0901, grace=0ms, timeout=20ms, plans=2)
2026-05-21T04:46:55.061823Z [REPLAN][TIME] 0305_status_2_ms=13053.8 wall_ms=1779338815061 reason=표적102 발견 재계획
2026-05-21T04:46:55.062807Z [0305] status=2, reason=표적102 발견 재계획, elapsed=13.05s 전송
2026-05-21T04:46:55.063401Z [REPLAN][TIME] post_0301_completion_ready_ms=13055.4 wall_ms=1779338815063 mode=option_or_0901
2026-05-21T04:46:55.063994Z [REPLAN][METRIC] source_artifact_cache entries=21 hits=39 misses=21
2026-05-21T04:46:55.086523Z [INFO] Post-0301 ready (timeout) -> sending 0901
2026-05-21T04:46:55.087225Z [REPLAN][TIME] post_0301_flushed_ms=13079.2 wall_ms=1779338815087 delivery=0901 trigger=timeout
2026-05-21T04:46:55.090087Z [REPLAN][TIME] 0901_sent_ms=13082.0 wall_ms=1779338815089 options=2
2026-05-21T04:46:55.090860Z [0901] option request sent (count=2, codes=2(공격특화), 3(공격배제))
2026-05-21T04:46:55.091518Z [REPLAN][TIME] id_tab_update_flushed_ms=13083.5 wall_ms=1779338815091
2026-05-21T04:47:35.212345Z [INFO] Latest 0201 ID updated → 5
2026-05-21T04:47:35.891686Z [REPLAN][TIME] 0902_received_ms=0.2 wall_ms=1779338855891 trigger=general_3_option replanLevel=1 optionCount=3 forceDirect=0
2026-05-21T04:47:35.892669Z [REPLAN][TIME] 0902_archived_ms=1.2 wall_ms=1779338855892 path=replan_request_832654055605.json
2026-05-21T04:47:35.893226Z [AUTO] 0902 received (planIds=700000062, 700000063, 700000064)
2026-05-21T04:47:35.893768Z [REPLAN][TIME] pipeline_scheduled_ms=2.3 wall_ms=1779338855893 delay_ms=100
2026-05-21T04:47:35.894334Z [AUTO] replan pipeline scheduled after 0.1s delay
2026-05-21T04:47:35.990794Z [REPLAN][TIME] scheduled_start_ms=99.2 wall_ms=1779338855990
2026-05-21T04:47:35.993433Z [REPLAN][TIME] 0305_status_1_ms=101.9 wall_ms=1779338855993 reason=협업기저임무 재수행 요청
2026-05-21T04:47:35.994118Z [0305] status=1, reason=협업기저임무 재수행 요청 전송
2026-05-21T04:47:35.998689Z [INFO] Using latest 0203 ID 1 for missionReferencePackageID (fallback)
2026-05-21T04:47:35.999391Z [STEP 0] Replan pipeline start (reason=협업기저임무 재수행 요청)
2026-05-21T04:47:36.003435Z [INFO] UAV params loaded (cruise=40.00, turn_step=15.0)
2026-05-21T04:47:36.004298Z [INFO] Latest input snapshot → 0201:ID=5,ts=832654055195,src=-, 0203:ID=1,ts=832652848760,src=-
2026-05-21T04:47:36.005010Z [STEP 0] Using latest 0201 ID 5 (5.json)
2026-05-21T04:47:36.005710Z [STEP 0] Using latest 0203 ID 1 (1.json)
2026-05-21T04:47:36.013641Z [CHECK] 0201/0203 필수 데이터 확인 시작
2026-05-21T04:47:36.014689Z [OK] 0201 inputMissionList 확인됨 (count=7) → 진행
2026-05-21T04:47:36.015690Z [OK] 0201 availableAircraftList 확인됨 (count=6) → 진행
2026-05-21T04:47:36.016351Z [OK] 0201 inputMissionPackageType=1 확인
2026-05-21T04:47:36.017337Z [OK] 0201 mainSensor=1 확인
2026-05-21T04:47:36.018083Z [CHECK] 0201 기체 수=6 (UAV=3, LAH=3)
2026-05-21T04:47:36.018701Z [CHECK] 0201 임무: total=7 missingID=0 missingDetail=0 missingShape=0 unknownType=0 typeZeroAuto=0 typeZeroInvalid=0 lineOnlyViolation=0 skippedSinglePoint=0
2026-05-21T04:47:36.019326Z [OK] 0203 takeOverInfoList 확인됨 (count=3) → 진행
2026-05-21T04:47:36.019952Z [OK] 0203 handOverInfoList 확인됨 (count=3) → 진행
2026-05-21T04:47:36.021304Z [OK] 0203 flightAreaList 확인됨 (count=1) → 진행
2026-05-21T04:47:36.022200Z [CHECK] 0203 flightAreaList count=1
2026-05-21T04:47:36.023241Z [INFO] 임무 진행영역 스냅샷 미적용: sourcePlan=700000061, reason=fresh collabReexecuteInputRefresh trigger
2026-05-21T04:47:36.026286Z [INFO] 현재 임무 collaborative hybrid armed: inputMissionID=7, sourcePlan=700000061, mode=reexecute_first_mission, aircraft=[4, 5, 6], options=all
2026-05-21T04:47:36.027215Z [INFO] Filtered completed input missions (removed=1, 2, 4, 5, 6, converted=-, widthAdjusted=-, skippedSinglePoint=-, snapshot=-, collapse=-)
2026-05-21T04:47:36.030395Z [REPLAN][TIME] parallel_safety_gate_ms=134.3 wall_ms=1779338856025 enabled=True workers=3 waypoint_block_size=50000 reasons=-
2026-05-21T04:47:36.031051Z [INFO] 현재임무 재수행 옵션 병렬 생성 활성화: variant별 hybrid 요청 격리 적용
2026-05-21T04:47:36.031790Z [INFO] 일반 재계획 옵션 병렬 생성 활성화: variants=3, workers=3
2026-05-21T04:47:36.704500Z [INFO] variant 1 waypointID blocks reserved: 0303=901469-951468, 0304=951469-1001468
2026-05-21T04:47:37.395006Z [INFO] variant 2 waypointID blocks reserved: 0303=1001469-1051468, 0304=1051469-1101468
2026-05-21T04:47:38.070353Z [INFO] variant 3 waypointID blocks reserved: 0303=1101469-1151468, 0304=1151469-1201468
2026-05-21T04:47:43.539604Z [REPLAN][TIME] variant_started_ms=2183.1 wall_ms=1779338858074 variant=3 option=5 mode=parallel_core
2026-05-21T04:47:43.541690Z [REPLAN][TIME] variant_core_finished_ms=7647.0 wall_ms=1779338863538 variant=3 option=5 mode=parallel_core status=success duration_ms=5463.907
2026-05-21T04:47:43.542608Z [STEP 1.3] Divide & Pattern start
2026-05-21T04:47:43.543537Z [variant 3] [ENHANCED][1] split start: uavs=[4, 5, 6]
2026-05-21T04:47:43.549244Z [variant 3] [ENHANCED][1] split done: pieces=6
2026-05-21T04:47:43.550879Z [variant 3] [ENHANCED][2] type-decider done: profile=6 changed=6/6
2026-05-21T04:47:43.552434Z [variant 3] [ENHANCED][3] expected-path done: count=6
2026-05-21T04:47:43.553488Z [variant 3] [ENHANCED][4] area-review done: overflow=0 targets=0 pieces=6->6
2026-05-21T04:47:43.554854Z [variant 3] [ENHANCED][5] expected-velocity done: pieces=6 dbRows=7010
2026-05-21T04:47:43.555906Z [variant 3] [ENHANCED][6] 0302 export done: files=6
2026-05-21T04:47:43.557355Z [variant 3] [ENHANCED] total=1344.1 ms
2026-05-21T04:47:43.558354Z [TIME] divide_and_pattern (variant=3): 1344.3 ms
2026-05-21T04:47:43.559683Z [OK] IMP generated: 6 file(s) (variant=3)
2026-05-21T04:47:43.560942Z [TIME] build_0301+load (variant=3): 140.2 ms
2026-05-21T04:47:43.562040Z [OK] MissionPlan built: MissionPlan_1779338859418.json (variant=3)
2026-05-21T04:47:43.562979Z [TIME] collect_missions (variant=3): 113.9 ms, count=12
2026-05-21T04:47:43.564029Z [variant 3] [REEXEC-FIRST] current-position first mission builder armed: sourcePlan=700000061, inputMissionID=7, sourceTemplateInputID=6, aircraft=[4, 5, 6], entries=A4=37.9023887,128.1597605,alt=2000.0, A5=37.9035332,128.1751928,alt=1953.0, A6=37.8913038,128.1889703,alt=1901.0
2026-05-21T04:47:43.564974Z [variant 3] [REEXEC-FIRST] division planner area-division pieces=3
2026-05-21T04:47:43.566096Z [variant 3] [REEXEC-FIRST] division planner final workflow=no_split paths=3
2026-05-21T04:47:43.566919Z [variant 3] current remaining generic 0303 skipped: inputMissionID=7, missions=3, aircraft=[4, 5, 6], pathIDs=[400000001, 500000001, 600000001]
2026-05-21T04:47:43.567694Z [INFO] FlightPath build mode (variant=3): 0303=aircraft_parallel workers=2 aircraft=3, 0304=sequential
2026-05-21T04:47:43.568591Z [REPLAN][METRIC] flightpath_build_0303 variant=3 option=5 recon=0 mode=parallel_core buildMode=aircraft_parallel workers=2 aircraft=3 paths=3 reassignedWaypoints=9 elapsed_ms=382.137 fallback=- worker_ms=4:175.818|5:143.754|6:234.758
2026-05-21T04:47:43.569459Z [INFO] FlightPath build time: 0303=382.1 ms, 0304=9.4 ms
2026-05-21T04:47:43.570663Z [variant 3] current remaining collaborative hybrid applied: inputMissionID=7, aircraft=[4, 5, 6], removedPaths=3, workflow=reexecute_first_mission:no_split
2026-05-21T04:47:43.571821Z [INFO] Applied LAH-UAV ETA follow speed plan (variant=3)
2026-05-21T04:47:43.572748Z [OK] FlightPath counts (variant=3): 0303=6 / 0304=6
2026-05-21T04:47:43.573698Z [REPLAN][METRIC] flightpath_counts variant=3 option=5 recon=0 mode=parallel_core paths0303=6 paths0304=6 pathsTotal=12 waypoints0303=15 waypoints0304=12 waypointsTotal=27 maxWaypointsPerPath=3 emptyPaths=0 formationPaths=0
2026-05-21T04:47:46.632301Z [REPLAN][TIME] variant_started_ms=2180.5 wall_ms=1779338858071 variant=1 option=6 mode=parallel_core
2026-05-21T04:47:46.643250Z [REPLAN][TIME] variant_core_finished_ms=10738.2 wall_ms=1779338866629 variant=1 option=6 mode=parallel_core status=success duration_ms=8557.622
2026-05-21T04:47:46.647036Z [STEP 1.1] Divide & Pattern start
2026-05-21T04:47:46.648121Z [variant 1] [ENHANCED][1] split start: uavs=[4, 5, 6]
2026-05-21T04:47:46.649268Z [variant 1] [ENHANCED][1] split done: pieces=6
2026-05-21T04:47:46.653279Z [variant 1] [ENHANCED][2] type-decider done: profile=6 changed=6/6
2026-05-21T04:47:46.654879Z [variant 1] [ENHANCED][3] expected-path done: count=6
2026-05-21T04:47:46.656447Z [variant 1] [ENHANCED][4] area-review done: overflow=0 targets=0 pieces=6->6
2026-05-21T04:47:46.657524Z [variant 1] [ENHANCED][5] expected-velocity done: pieces=6 dbRows=7010
2026-05-21T04:47:46.659085Z [variant 1] [ENHANCED][6] 0302 export done: files=6
2026-05-21T04:47:46.660099Z [variant 1] [ENHANCED] total=1363.1 ms
2026-05-21T04:47:46.661487Z [TIME] divide_and_pattern (variant=1): 1363.4 ms
2026-05-21T04:47:46.662431Z [OK] IMP generated: 6 file(s) (variant=1)
2026-05-21T04:47:46.663731Z [TIME] build_0301+load (variant=1): 141.2 ms
2026-05-21T04:47:46.664917Z [OK] MissionPlan built: MissionPlan_1779338859435.json (variant=1)
2026-05-21T04:47:46.666736Z [TIME] collect_missions (variant=1): 103.3 ms, count=12
2026-05-21T04:47:46.667723Z [variant 1] [REEXEC-FIRST] current-position first mission builder armed: sourcePlan=700000061, inputMissionID=7, sourceTemplateInputID=6, aircraft=[4, 5, 6], entries=A4=37.9023887,128.1597605,alt=2000.0, A5=37.9035332,128.1751928,alt=1953.0, A6=37.8913038,128.1889703,alt=1901.0
2026-05-21T04:47:46.668698Z [variant 1] [REEXEC-FIRST] division planner area-division pieces=3
2026-05-21T04:47:46.670507Z [variant 1] [REEXEC-FIRST] division planner final workflow=no_split paths=3
2026-05-21T04:47:46.671967Z [variant 1] current remaining generic 0303 skipped: inputMissionID=7, missions=3, aircraft=[4, 5, 6], pathIDs=[400000001, 500000001, 600000001]
2026-05-21T04:47:46.673074Z [INFO] FlightPath build mode (variant=1): 0303=aircraft_parallel workers=2 aircraft=3, 0304=sequential
2026-05-21T04:47:46.674062Z [REPLAN][METRIC] flightpath_build_0303 variant=1 option=6 recon=0 mode=parallel_core buildMode=aircraft_parallel workers=2 aircraft=3 paths=3 reassignedWaypoints=9 elapsed_ms=406.319 fallback=- worker_ms=4:179.283|5:144.379|6:258.234
2026-05-21T04:47:46.675423Z [INFO] FlightPath build time: 0303=406.3 ms, 0304=6.5 ms
2026-05-21T04:47:46.676555Z [variant 1] current remaining collaborative hybrid applied: inputMissionID=7, aircraft=[4, 5, 6], removedPaths=3, workflow=reexecute_first_mission:no_split
2026-05-21T04:47:46.677656Z [INFO] Applied LAH-UAV ETA follow speed plan (variant=1)
2026-05-21T04:47:46.678433Z [OK] FlightPath counts (variant=1): 0303=6 / 0304=6
2026-05-21T04:47:46.679767Z [REPLAN][METRIC] flightpath_counts variant=1 option=6 recon=0 mode=parallel_core paths0303=6 paths0304=6 pathsTotal=12 waypoints0303=15 waypoints0304=12 waypointsTotal=27 maxWaypointsPerPath=3 emptyPaths=0 formationPaths=0
2026-05-21T04:47:51.098042Z [REPLAN][TIME] variant_started_ms=2182.7 wall_ms=1779338858074 variant=2 option=4 mode=parallel_core
2026-05-21T04:47:51.099641Z [REPLAN][TIME] variant_core_finished_ms=15205.9 wall_ms=1779338871097 variant=2 option=4 mode=parallel_core status=success duration_ms=13023.123
2026-05-21T04:47:51.100518Z [STEP 1.2] Divide & Pattern start
2026-05-21T04:47:51.101160Z [variant 2] [ENHANCED][1] split start: uavs=[4, 5, 6]
2026-05-21T04:47:51.101768Z [variant 2] [ENHANCED][1] split done: pieces=6
2026-05-21T04:47:51.102332Z [variant 2] [REPLAN][METRIC] recon_area_review_before option=4 pieces=6 areaPieces=3 maxSegmentM=600.000 maxSplitCountLimit=0 minSegmentM=0.000 fixedFovDeg=2.400 areaFovDeg=2.400 sweepSeparationM=1000.000 sweepSeparationScale=1.000 turnRadiusM=800.000
2026-05-21T04:47:51.102885Z [variant 2] [REPLAN][METRIC] recon_area_review option=4 elapsed_ms=774.922 maxSegmentM=600.000 maxSplitCountLimit=0 minSegmentM=0.000 pieces_before=6 pieces_after=16 area_before=3 area_after=13 targets=3 localized=3 changed_details=3 detail_count=3 split_count_sum=13 raw_split_count_sum=13 max_split_count=5 max_raw_split_count=5 split_capped_count=0 max_projected_span_m=2497.311 max_total_len_m=0.000 max_segment_len_m=538.930 fixedFovDeg=2.400 areaFovDeg=2.400 sweepSeparationM=1000.000 sweepSeparationScale=1.000 turnRadiusM=800.000 reasons=-
2026-05-21T04:47:51.103520Z [variant 2] [ENHANCED][1R] recon-area-review done: targets=3 localized=3 pieces=6->16
2026-05-21T04:47:51.104079Z [variant 2] [ENHANCED][2] type-decider done: profile=6 changed=16/16
2026-05-21T04:47:51.104607Z [variant 2] [ENHANCED][3] expected-path done: count=16
2026-05-21T04:47:51.105134Z [variant 2] [ENHANCED][4] area-review done: overflow=0 targets=0 pieces=16->16
2026-05-21T04:47:51.105752Z [variant 2] [ENHANCED][5] expected-velocity done: pieces=16 dbRows=7010
2026-05-21T04:47:51.106421Z [variant 2] [ENHANCED][6] 0302 export done: files=6
2026-05-21T04:47:51.107119Z [variant 2] [ENHANCED] total=1607.6 ms
2026-05-21T04:47:51.107883Z [TIME] divide_and_pattern (variant=2): 1608.4 ms
2026-05-21T04:47:51.108513Z [OK] IMP generated: 6 file(s) (variant=2)
2026-05-21T04:47:51.109102Z [TIME] build_0301+load (variant=2): 16.1 ms
2026-05-21T04:47:51.109707Z [OK] MissionPlan built: MissionPlan_1779338859682.json (variant=2)
2026-05-21T04:47:51.110246Z [TIME] collect_missions (variant=2): 10.8 ms, count=22
2026-05-21T04:47:51.110746Z [variant 2] [REEXEC-FIRST] current-position first mission builder armed: sourcePlan=700000061, inputMissionID=7, sourceTemplateInputID=6, aircraft=[4, 5, 6], entries=A4=37.9023887,128.1597605,alt=2000.0, A5=37.9035332,128.1751928,alt=1953.0, A6=37.8913038,128.1889703,alt=1901.0
2026-05-21T04:47:51.111232Z [variant 2] [REEXEC-FIRST] division planner area-division pieces=3
2026-05-21T04:47:51.111728Z [variant 2] [REEXEC-FIRST] division planner final workflow=no_split paths=3
2026-05-21T04:47:51.112240Z [variant 2] current remaining generic 0303 skipped: inputMissionID=7, missions=13, aircraft=[4, 5, 6], pathIDs=[400000001, 400000002, 400000003, 400000004, 500000001, 500000002, 500000003, 500000004, 600000001, 600000002, 600000003, 600000004, 600000005]
2026-05-21T04:47:51.112728Z [INFO] FlightPath build mode (variant=2): 0303=aircraft_parallel workers=2 aircraft=3, 0304=sequential
2026-05-21T04:47:51.113185Z [REPLAN][METRIC] flightpath_build_0303 variant=2 option=4 recon=1 mode=parallel_core buildMode=aircraft_parallel workers=2 aircraft=3 paths=3 reassignedWaypoints=9 elapsed_ms=211.744 fallback=- worker_ms=4:114.514|5:178.203|6:95.165
2026-05-21T04:47:51.113692Z [INFO] FlightPath build time: 0303=211.7 ms, 0304=7.4 ms
2026-05-21T04:47:51.114347Z [variant 2] current remaining collaborative hybrid applied: inputMissionID=7, aircraft=[4, 5, 6], removedPaths=13, workflow=reexecute_first_mission:no_split
2026-05-21T04:47:51.115063Z [INFO] Applied LAH-UAV ETA follow speed plan (variant=2)
2026-05-21T04:47:51.115943Z [OK] FlightPath counts (variant=2): 0303=6 / 0304=6
2026-05-21T04:47:51.116570Z [REPLAN][METRIC] flightpath_counts variant=2 option=4 recon=1 mode=parallel_core paths0303=6 paths0304=6 pathsTotal=12 waypoints0303=15 waypoints0304=12 waypointsTotal=27 maxWaypointsPerPath=3 emptyPaths=0 formationPaths=0
2026-05-21T04:47:51.190058Z [TIME] pathID_mapping (variant=1, current_remaining_parallel_store): 90.0 ms
2026-05-21T04:47:51.191039Z [INFO] pathID mapping done after current remaining hybrid merge (variant=1, parallel_store)
2026-05-21T04:47:51.192220Z [INFO] FlightPath pathID enforced (variant=1): 0303=6, 0304=6
2026-05-21T04:47:51.253870Z [TIME] build_0302 (variant=1): 42.7 ms, packages=6
2026-05-21T04:47:51.255297Z [INFO] FlightPath individualMissionID synced (variant=1): fixed=12
2026-05-21T04:47:51.261913Z [TIME] write_0302 (variant=1): 8.0 ms, files=6
2026-05-21T04:47:51.323335Z [TIME] write_FlightPath (variant=1): 51.1 ms, files=12
2026-05-21T04:47:51.324267Z [REPLAN][METRIC] flightpath_write variant=1 option=6 recon=0 mode=parallel_store files0303=6 files0304=6 filesTotal=12 write_ms=51.114
2026-05-21T04:47:51.326857Z [TIME] write_0301 (variant=1): 1.0 ms
2026-05-21T04:47:51.327597Z [OK] Stored variant 1: MissionPlanID=700000062, IMP=6, FlightPath=12
2026-05-21T04:47:51.328429Z [REPLAN][TIME] variant_finished_ms=15435.4 wall_ms=1779338871326 variant=1 option=6 mode=parallel_store status=success duration_ms=8783.557
2026-05-21T04:47:51.329218Z [TIME] variant_total (variant=1): 8783.6 ms
2026-05-21T04:47:51.329971Z [INFO] Option mapping #1: planID=700000062, optionCode=6(정찰/시간 균형)
2026-05-21T04:47:51.418118Z [TIME] pathID_mapping (variant=2, current_remaining_parallel_store): 88.6 ms
2026-05-21T04:47:51.419297Z [INFO] pathID mapping done after current remaining hybrid merge (variant=2, parallel_store)
2026-05-21T04:47:51.420462Z [INFO] FlightPath pathID enforced (variant=2): 0303=6, 0304=6
2026-05-21T04:47:51.483837Z [TIME] build_0302 (variant=2): 41.1 ms, packages=6
2026-05-21T04:47:51.484941Z [INFO] FlightPath individualMissionID synced (variant=2): fixed=12
2026-05-21T04:47:51.491511Z [TIME] write_0302 (variant=2): 7.7 ms, files=6
2026-05-21T04:47:51.571968Z [TIME] write_FlightPath (variant=2): 59.7 ms, files=12
2026-05-21T04:47:51.572928Z [REPLAN][METRIC] flightpath_write variant=2 option=4 recon=1 mode=parallel_store files0303=6 files0304=6 filesTotal=12 write_ms=59.683
2026-05-21T04:47:51.575558Z [TIME] write_0301 (variant=2): 1.2 ms
2026-05-21T04:47:51.576241Z [OK] Stored variant 2: MissionPlanID=700000063, IMP=6, FlightPath=12
2026-05-21T04:47:51.576949Z [REPLAN][TIME] variant_finished_ms=15684.1 wall_ms=1779338871575 variant=2 option=4 mode=parallel_store status=success duration_ms=13268.1
2026-05-21T04:47:51.577784Z [TIME] variant_total (variant=2): 13268.1 ms
2026-05-21T04:47:51.578451Z [INFO] Option mapping #2: planID=700000063, optionCode=4(정찰특화)
2026-05-21T04:47:51.667967Z [TIME] pathID_mapping (variant=3, current_remaining_parallel_store): 90.0 ms
2026-05-21T04:47:51.668975Z [INFO] pathID mapping done after current remaining hybrid merge (variant=3, parallel_store)
2026-05-21T04:47:51.670068Z [INFO] FlightPath pathID enforced (variant=3): 0303=6, 0304=6
2026-05-21T04:47:51.731509Z [TIME] build_0302 (variant=3): 44.0 ms, packages=6
2026-05-21T04:47:51.732674Z [INFO] FlightPath individualMissionID synced (variant=3): fixed=12
2026-05-21T04:47:51.747696Z [TIME] write_0302 (variant=3): 8.3 ms, files=6
2026-05-21T04:47:51.803811Z [TIME] write_FlightPath (variant=3): 51.9 ms, files=12
2026-05-21T04:47:51.804965Z [REPLAN][METRIC] flightpath_write variant=3 option=5 recon=0 mode=parallel_store files0303=6 files0304=6 filesTotal=12 write_ms=51.903
2026-05-21T04:47:51.808292Z [TIME] write_0301 (variant=3): 1.3 ms
2026-05-21T04:47:51.808946Z [OK] Stored variant 3: MissionPlanID=700000064, IMP=6, FlightPath=12
2026-05-21T04:47:51.809670Z [REPLAN][TIME] variant_finished_ms=15916.8 wall_ms=1779338871807 variant=3 option=5 mode=parallel_store status=success duration_ms=5693.108
2026-05-21T04:47:51.810452Z [TIME] variant_total (variant=3): 5693.1 ms
2026-05-21T04:47:51.811111Z [INFO] Option mapping #3: planID=700000064, optionCode=5(최소시간)
2026-05-21T04:47:51.812229Z [OK] Stored mission data: MissionPlan=3, IndividualMission=18, FlightPath=36
2026-05-21T04:47:51.814342Z [REPLAN][TIME] id_tab_update_deferred_ms=15920.5 wall_ms=1779338871811
2026-05-21T04:47:51.817161Z [REPLAN][TIME] pipeline_done_ms=15920.6 wall_ms=1779338871811 plans=3 force_direct=False
2026-05-21T04:47:51.819180Z [REPLAN][TIME] 0301_queued_ms=15920.7 wall_ms=1779338871811 plans=3
2026-05-21T04:47:51.820067Z [STEP 4] 0301 push queued (planIds=700000062, 700000063, 700000064)
2026-05-21T04:47:51.822684Z [0301] missionPlanID=700000062 전송
2026-05-21T04:47:51.826492Z [0301] missionPlanID=700000063 전송
2026-05-21T04:47:51.828889Z [0301] missionPlanID=700000064 전송
2026-05-21T04:47:51.830587Z [PUSH] 0301 direct batch send
2026-05-21T04:47:51.831328Z [REPLAN][TIME] 0301_sent_ms=15940.0 wall_ms=1779338871831 plans=3
2026-05-21T04:47:51.832078Z [REPLAN][TIME] post_0301_delivery_queued_ms=15940.7 wall_ms=1779338871831 grace_ms=0 timeout_ms=20 force_direct=0 mode=option_or_0901
2026-05-21T04:47:51.832740Z [INFO] Post-0301 apply queued (mode=option_or_0901, grace=0ms, timeout=20ms, plans=3)
2026-05-21T04:47:51.835501Z [REPLAN][TIME] 0305_status_2_ms=15944.2 wall_ms=1779338871835 reason=협업기저임무 재수행 요청
2026-05-21T04:47:51.836172Z [0305] status=2, reason=협업기저임무 재수행 요청, elapsed=15.84s 전송
2026-05-21T04:47:51.836902Z [REPLAN][TIME] post_0301_completion_ready_ms=15945.6 wall_ms=1779338871836 mode=option_or_0901
2026-05-21T04:47:51.837749Z [REPLAN][METRIC] source_artifact_cache entries=34 hits=28 misses=34
2026-05-21T04:47:51.876697Z [INFO] Post-0301 ready (timeout) -> sending 0901
2026-05-21T04:47:51.877505Z [REPLAN][TIME] post_0301_flushed_ms=15986.2 wall_ms=1779338871877 delivery=0901 trigger=timeout
2026-05-21T04:47:51.879637Z [REPLAN][TIME] 0901_sent_ms=15988.3 wall_ms=1779338871879 options=3
2026-05-21T04:47:51.880383Z [0901] option request sent (count=3, codes=6(정찰/시간 균형), 4(정찰특화), 5(최소시간))
2026-05-21T04:47:51.881129Z [REPLAN][TIME] id_tab_update_flushed_ms=15989.8 wall_ms=1779338871880
2026-05-21T04:48:49.311898Z [REPLAN][TIME] 0902_received_ms=0.3 wall_ms=1779338929311 trigger=attack_2_option replanLevel=2 optionCount=2 forceDirect=0
2026-05-21T04:48:49.312952Z [REPLAN][TIME] 0902_archived_ms=1.5 wall_ms=1779338929312 path=replan_request_832654127864.json
2026-05-21T04:48:49.313734Z [AUTO] 0902 received (planIds=700000065, 700000066)
2026-05-21T04:48:49.314566Z [REPLAN][TIME] pipeline_scheduled_ms=3.0 wall_ms=1779338929314 delay_ms=0
2026-05-21T04:48:49.315970Z [REPLAN][TIME] scheduled_start_ms=4.4 wall_ms=1779338929315
2026-05-21T04:48:49.318746Z [REPLAN][TIME] 0305_status_1_ms=7.2 wall_ms=1779338929318 reason=표적103 발견 재계획
2026-05-21T04:48:49.319462Z [0305] status=1, reason=표적103 발견 재계획 전송
2026-05-21T04:48:49.325726Z [INFO] Using latest 0203 ID 1 for missionReferencePackageID (fallback)
2026-05-21T04:48:49.327106Z [STEP 0] Replan pipeline start (reason=표적103 발견 재계획)
2026-05-21T04:48:49.327896Z [REPLAN][TIME] attack_exclusion_parallel_started_ms=14.7 wall_ms=1779338929326 option_index=2 sourcePlanID=700000062
2026-05-21T04:48:49.328654Z [ATTACK-EXCLUDE] parallel generation started (sourcePlanID=700000062, optionIndex=2)
2026-05-21T04:48:49.329561Z [ATTACK] 공격 특화 재계획 요청 감지 → 전용 파이프라인 실행
2026-05-21T04:48:49.342003Z [ATTACK] [TIME] select_manned_aircraft=16ms
2026-05-21T04:48:49.342736Z [ATTACK] STEP1 Selected manned aircraft: aircraft 2 (fuel=1200.0, coord=(37.85672378540039, 128.23350524902344, alt=1199))
2026-05-21T04:48:49.345849Z [ATTACK] [TIME] load_target_entries=2ms
2026-05-21T04:48:49.348196Z [ATTACK] STEP2 UAV tracking summary: watcher 5?’target 103, watcher 4?’target unknown-10, watcher 4?’target unknown-13, watcher 4?’target unknown-17, watcher 4?’target unknown-2, watcher 4?’target unknown-22, watcher 4?’target unknown-27, watcher 4?’target unknown-31, watcher 4?’target unknown-33, watcher 4?’target unknown-34, watcher 4?’target unknown-35, watcher 4?’target unknown-38, watcher 4?’target unknown-41, watcher 4?’target unknown-44, watcher 4?’target unknown-45, watcher 4?’target unknown-49, watcher 4?’target unknown-51, watcher 4?’target unknown-53, watcher 4?’target unknown-61, watcher 5?’target unknown-12, watcher 5?’target unknown-15, watcher 5?’target unknown-16, watcher 5?’target unknown-18, watcher 5?’target unknown-19, watcher 5?’target unknown-20, watcher 5?’target unknown-28, watcher 5?’target unknown-3, watcher 5?’target unknown-32, watcher 5?’target unknown-36, watcher 5?’target unknown-4, watcher 5?’target unknown-43, watcher 5?’target unknown-47, watcher 5?’target unknown-50, watcher 5?’target unknown-54, watcher 5?’target unknown-57, watcher 5?’target unknown-58, watcher 5?’target unknown-59, watcher 5?’target unknown-6, watcher 5?’target unknown-7, watcher 5?’target unknown-8, watcher 5?’target unknown-9, watcher 6?’target unknown-1, watcher 6?’target unknown-11, watcher 6?’target unknown-21, watcher 6?’target unknown-23, watcher 6?’target unknown-25, watcher 6?’target unknown-29, watcher 6?’target unknown-30, watcher 6?’target unknown-37, watcher 6?’target unknown-39, watcher 6?’target unknown-42, watcher 6?’target unknown-46, watcher 6?’target unknown-48, watcher 6?’target unknown-5, watcher 6?’target unknown-55, watcher 6?’target unknown-56, watcher 6?’target unknown-60, watcher 4?’target 77, watcher 6?’target 78, watcher 5?’target 79, watcher 5?’target 80, watcher 4?’target 81, watcher 5?’target 82, watcher 5?’target 83, watcher 5?’target 84, watcher 4?’target 85, watcher 4?’target 86, watcher 5?’target 87, watcher 6?’target 88, watcher 5?’target 89, watcher 6?’target 90, watcher 5?’target 91, watcher 5?’target 92, watcher 4?’target 93, watcher 5?’target 94, watcher 6?’target 96, watcher 5?’target 97, watcher 5?’target 98, watcher 5?’target 99, watcher 4?’target 100, watcher 5?’target 101, watcher 5?’target 102
2026-05-21T04:48:49.349381Z [ATTACK] STEP2.5 Using bundled 0402 targets: target=103 watcher=5
2026-05-21T04:48:49.354254Z [ATTACK] [ATTACK] Selected target id=103 type=3 weaponType=3 (preferred=3, ammo={'type1': 500, 'type2': 7, 'type3': 2})
2026-05-21T04:48:49.364053Z [ATTACK] [TIME] compute_attack_point=9ms
2026-05-21T04:48:49.364940Z [ATTACK] STEP3 Attack plan completed: lat=37.897530, lon=128.196661, alt=956m
2026-05-21T04:48:49.366222Z [ATTACK] [ATTACK] Using remembered waypoint 1201488 for watcher 5 while auto-tracking.
2026-05-21T04:48:49.373570Z [ATTACK] [ATTACK] Weapon choice aircraft=2 preferred=3 selected=3 ammo={'type1': 500, 'type2': 7, 'type3': 2}
2026-05-21T04:48:49.375027Z [ATTACK] [ATTACK][ETA] Tracking ETA computed with LAH max attack speed (dist=5571.9m, speed=73.61m/s, +30s) -> 106s
2026-05-21T04:48:49.387636Z [ATTACK] [ATTACK] Using requested missionPlanID 700000065 (sourcePlanID=700000062)
2026-05-21T04:48:49.399561Z [ATTACK] [ATTACK][POINT] Primary target adaptive standoff mode=far_projected_to_preferred_standoff currentDist=7571.867781775113m candidateDist=2000.0000000002067m standoff=300.0/2000.0m.
2026-05-21T04:48:49.405182Z [ATTACK] [ATTACK][ETA] UAV 4 remaining mission time: 0.0s
2026-05-21T04:48:49.412276Z [ATTACK] [ATTACK][ETA] UAV 6 remaining mission time: 0.0s
2026-05-21T04:48:49.413068Z [ATTACK] [ATTACK][ETA] Non-tracking UAV ETA selected: UAV 4 with 0s remaining
2026-05-21T04:48:49.413798Z [ATTACK] [ATTACK][ETA] All tracking ETAs unified to 0s
2026-05-21T04:48:49.428489Z [ATTACK] [ATTACK][COLLAB] Remaining UAV entry lookahead applied: 9.0s (pathFollow=3, linearFallback=3, currentOnly=0)
2026-05-21T04:48:49.430552Z [ATTACK] [PRIOR] Falling back to first mission for aircraft 2 (current waypoint not found in plan).
2026-05-21T04:48:52.906470Z [ATTACK] [ATTACK][LAH] Using max attack speed 73.61m/s (265.0km/h) for aircraft 2.
2026-05-21T04:48:52.907259Z [ATTACK] [ATTACK][LAH] Inferred current waypoint from position -> 951473.
2026-05-21T04:48:52.907918Z [ATTACK] [ATTACK][LAH] Dropped current waypoint from resume path (currentWP=951473, nextWP=951474).
2026-05-21T04:48:57.154503Z [ATTACK] [ATTACK][LAH] Preserved completed prefix, inserted attack, and reattached 1 follow-up mission(s).
2026-05-21T04:48:57.161431Z [ATTACK] [ATTACK][LAH] Generated attack/resume missions -> IMP:800000302.json PATHS:200000109.json/200000110.json (followUps=1)
2026-05-21T04:48:57.162411Z [ATTACK] [PRIOR] Falling back to first mission for aircraft 1 (current waypoint not found in plan).
2026-05-21T04:48:57.956890Z [ATTACK] [ATTACK][LAH] Inferred current waypoint from position -> 951469.
2026-05-21T04:48:57.958326Z [ATTACK] [ATTACK][LAH] Dropped current waypoint from resume path (currentWP=951469, nextWP=951470).
2026-05-21T04:49:00.302894Z [ATTACK] [ATTACK][LAH] Preserved completed prefix, inserted hold, and reattached 1 follow-up mission(s).
2026-05-21T04:49:00.309884Z [ATTACK] [ATTACK][LAH] Generated hold/resume missions -> IMP:800000306.json PATHS:100000108.json/100000109.json (followUps=1)
2026-05-21T04:49:00.312577Z [ATTACK] [PRIOR] Falling back to first mission for aircraft 3 (current waypoint not found in plan).
2026-05-21T04:49:01.571611Z [ATTACK] [ATTACK][LAH] Inferred current waypoint from position -> 951477.
2026-05-21T04:49:01.572764Z [ATTACK] [ATTACK][LAH] Dropped current waypoint from resume path (currentWP=951477, nextWP=951478).
2026-05-21T04:49:03.511855Z [ATTACK] [ATTACK][LAH] Preserved completed prefix, inserted hold, and reattached 1 follow-up mission(s).
2026-05-21T04:49:03.518105Z [ATTACK] [ATTACK][LAH] Generated hold/resume missions -> IMP:800000308.json PATHS:300000109.json/300000110.json (followUps=1)
2026-05-21T04:49:03.520110Z [ATTACK] [NEXTCOLLAB] division planner area-division pieces=2
2026-05-21T04:49:03.520703Z [ATTACK] [NEXTCOLLAB] division planner final workflow=no_split paths=2
2026-05-21T04:49:03.521281Z [ATTACK] [ATTACK][COLLAB] Collaborative replacement IMP written (aircraft=4, imp=800000304.json, missions=1).
2026-05-21T04:49:03.521901Z [ATTACK] [ATTACK][COLLAB] Collaborative replacement IMP written (aircraft=6, imp=800000305.json, missions=1).
2026-05-21T04:49:03.522501Z [ATTACK] [ATTACK][COLLAB] First sweep searchSpeed boosted (aircraft=4, pathID=400000167, waypointID=1201517, factor=1.30, old=821.26, new=1067.63).
2026-05-21T04:49:03.523007Z [ATTACK] [ATTACK][COLLAB] First sweep searchSpeed boosted (aircraft=6, pathID=600000157, waypointID=1201524, factor=1.30, old=336.28, new=437.16).
2026-05-21T04:49:03.523490Z [ATTACK] [ATTACK][COLLAB] Collaborative remaining mission replanned (inputMissionID=7, unavailable=[5], remaining=[4, 6], workflow=no_split).
2026-05-21T04:49:03.532410Z [ATTACK] [ATTACK][UAV] Tracking target altitude kept for sensor only; flight altitude replaced 656m -> 2007m.
2026-05-21T04:49:03.945513Z [ATTACK] [ATTACK][UAV] Resume trimmed by currentWP (lastRemovedWP=1201487).
2026-05-21T04:49:04.359600Z [ATTACK] [ATTACK][UAV] Added replan anchor waypoint to done path (anchorWP=1201555).
2026-05-21T04:49:04.360390Z [ATTACK] [ATTACK][UAV] Resume sweep trim applied (cutPoints=42, rawCutPoints=42, doneSweepPoints=0, pathID=500000194).
2026-05-21T04:49:04.723243Z [ATTACK] [ATTACK][UAV] Resume searchSpeed scaled (factor=1.30, waypoints=1).
2026-05-21T04:49:05.918393Z [ATTACK] [ATTACK][COLLAB] Tracking UAV resume replaced with release transit (aircraft=5, targetFinishEta=71, speed=58.0m/s).
2026-05-21T04:49:05.920334Z [ATTACK] [ATTACK][UAV] Preserved completed prefix, inserted tracking, and reattached 1 follow-up mission(s).
2026-05-21T04:49:05.980446Z [ATTACK] [ATTACK][UAV] Generated tracking/resume missions -> IMP:800000309.json PATHS:500000204.json/500000205.json (followUps=1)
2026-05-21T04:49:05.989533Z [ATTACK] [ATTACK][UAV] Tracking assignment state saved (aircraft=5, sourcePlan=700000062, attackPlan=700000065).
2026-05-21T04:49:05.990471Z [ATTACK] [ATTACK][COLLAB] Aircraft 4 handled by collaborative remaining replan (inputMissionID=7).
2026-05-21T04:49:05.991290Z [ATTACK] [ATTACK][COLLAB] Aircraft 6 handled by collaborative remaining replan (inputMissionID=7).
2026-05-21T04:49:06.001625Z [ATTACK] [ATTACK][PLAN] carried area remaining snapshot -> mission_area_snapshot_700000065.json (sourcePlanID=700000062, planID=700000065)
2026-05-21T04:49:06.002627Z [ATTACK] [ATTACK][PLAN] MissionPlan saved -> 700000065.json (planID=700000065)
2026-05-21T04:49:06.004150Z [ATTACK] [ATTACK][TIME] override_detail={"phases": {"metadata_normalize": {"elapsedMs": 0.014, "attackTargetCount": 1, "selectedMannedCount": 1}, "agent_index": {"elapsedMs": 0.136, "aircraftCount": 6}, "weapon_choice": {"elapsedMs": 6.476, "selectedWeaponType": 3, "ammoAvailable": true}, "initial_tracking_eta": {"elapsedMs": 1.732, "useDetectionTracking": true, "trackingEtaS": 106}, "resolve_source_plan": {"elapsedMs": 8.432, "sourcePlanID": 700000062}, "source_plan_load": {"elapsedMs": 0.547, "sourcePlanID": 700000062, "aircraftCount": 6}, "sweep_progress_load": {"elapsedMs": 2.064, "entries": 126}, "plan_id_resolve": {"elapsedMs": 0.035, "requested": true, "missionPlanID": 700000065}, "source_artifact_cache_build": {"elapsedMs": 0.027, "aircraftEntries": 6}, "done_input_ids_load": {"elapsedMs": 2.224, "count": 5}, "plan_deepcopy": {"elapsedMs": 0.094}, "target_uav_assignment": {"elapsedMs": 1.4, "assignedTargetCount": 1, "usedTrackingUavCount": 1}, "manned_sequence_assignment": {"elapsedMs": 4.19, "aircraftCount": 1, "error": null}, "attack_coordinate_resolution": {"elapsedMs": 3.779, "resolvedCount": 1, "mannedSequenceCount": 1}, "remaining_eta": {"elapsedMs": 13.17, "allUavCount": 3, "trackingUavCount": 1, "computedEtaCount": 1, "adjustedEtaS": 0}, "descriptor_list_build": {"elapsedMs": 0.062, "descriptorCount": 6, "activeMannedCount": 1, "otherLahCount": 2, "otherUavCount": 2}, "collab_tracking_scan": {"elapsedMs": 4.057, "inputCount": 1, "unavailableUavCount": 1}, "collab_agent_state_map": {"elapsedMs": 10.636, "aircraftCount": 6}, "collab_parallel_started": {"elapsedMs": 0.767, "inputCount": 1, "workers": 1}, "collab_parallel_join": {"elapsedMs": 3.99, "waitReason": "UAV_TRACK", "inputCount": 1}, "descriptor_loop": {"elapsedMs": 16561.85, "descriptorCount": 6, "updateCount": 4}, "final_collab_plan_update": {"elapsedMs": 0.018, "collabInputCount": 1}, "mission_plan_write": {"elapsedMs": 10.454, "missionPlanID": 700000065}, "option_meta_build": {"elapsedMs": 0.068, "targetCount": 1, "collabInputCount": 1}}, "collabRuns": [{"inputMissionID": 7, "unavailableAircraftIDs": [5], "elapsedMs": 6612.656, "status": "ok", "replacementAircraftIDs": [4, 6], "generatedPathCount": 2, "finishEtaS": 71, "workflow": "no_split"}], "descriptorDetails": [{"aircraftID": 2, "label": "manned", "mode": "LAH_ATTACK", "resolveArtifacts": {"elapsedMs": 1.237, "currentWaypointID": null, "sourcePathID": 200000103, "sourceImpID": 800000284}, "loadArtifacts": {"elapsedMs": 0.009, "impLoaded": true, "fpLoaded": true}, "cloneAndLocateMission": {"elapsedMs": 0.136, "missionCount": 2, "targetIndex": 0}, "allocateAndPlanUpdate": {"elapsedMs": 36.902, "newImpID": 800000302}, "builder": {"elapsedMs": 7693.562, "builderMode": "LAH_ATTACK"}, "builderDetail": {"allocate_ids": {"elapsedMs": 3434.707, "attackPathID": 200000109, "resumePathID": 200000110, "attackIndividualID": 900000734, "resumeIndividualID": 900000735, "entryWaypointID": 1201511, "attackWaypointID": 1201515}, "split_lah_resume": {"elapsedMs": 2228.493, "resumeWaypointCount": 1, "removedWaypointID": 951473}, "clone_followups": {"elapsedMs": 1250.09, "followUpMissionCount": 1, "followUpPathCount": 1}, "payload_build": {"elapsedMs": 768.372, "hasResume": true, "followUpMissionCount": 1, "attackSpeedMps": 73.61}, "write_json": {"elapsedMs": 5.155, "fileCount": 4}, "totalMs": 7690.621}, "status": "ok", "elapsedMs": 7732.024}, {"aircraftID": 1, "label": "lah_hold_1", "mode": "LAH_HOLD_RESUME", "resolveArtifacts": {"elapsedMs": 0.768, "currentWaypointID": null, "sourcePathID": 100000102, "sourceImpID": 800000283}, "loadArtifacts": {"elapsedMs": 0.007, "impLoaded": true, "fpLoaded": true}, "cloneAndLocateMission": {"elapsedMs": 0.092, "missionCount": 2, "targetIndex": 0}, "allocateAndPlanUpdate": {"elapsedMs": 392.468, "newImpID": 800000306}, "builder": {"elapsedMs": 2756.417, "builderMode": "LAH_HOLD_RESUME"}, "builderDetail": {"allocate_ids": {"elapsedMs": 390.261, "holdPathID": 100000108, "resumePathID": 100000109, "holdIndividualID": 900000739, "resumeIndividualID": 900000740}, "split_lah_resume": {"elapsedMs": 1185.668, "resumeWaypointCount": 1, "removedWaypointID": 951469}, "clone_followups": {"elapsedMs": 408.097, "followUpMissionCount": 1, "followUpPathCount": 1}, "payload_build": {"elapsedMs": 1171.025, "hasResume": true, "followUpMissionCount": 1}, "write_json": {"elapsedMs": 4.873, "fileCount": 4}, "totalMs": 2756.363}, "status": "ok", "elapsedMs": 3149.906}, {"aircraftID": 3, "label": "lah_hold_3", "mode": "LAH_HOLD_RESUME", "resolveArtifacts": {"elapsedMs": 0.849, "currentWaypointID": null, "sourcePathID": 300000103, "sourceImpID": 800000285}, "loadArtifacts": {"elapsedMs": 0.007, "impLoaded": true, "fpLoaded": true}, "cloneAndLocateMission": {"elapsedMs": 0.127, "missionCount": 2, "targetIndex": 0}, "allocateAndPlanUpdate": {"elapsedMs": 412.227, "newImpID": 800000308}, "builder": {"elapsedMs": 2794.295, "builderMode": "LAH_HOLD_RESUME"}, "builderDetail": {"allocate_ids": {"elapsedMs": 845.727, "holdPathID": 300000109, "resumePathID": 300000110, "holdIndividualID": 900000744, "resumeIndividualID": 900000745}, "split_lah_resume": {"elapsedMs": 1173.262, "resumeWaypointCount": 1, "removedWaypointID": 951477}, "clone_followups": {"elapsedMs": 401.155, "followUpMissionCount": 1, "followUpPathCount": 1}, "payload_build": {"elapsedMs": 766.993, "hasResume": true, "followUpMissionCount": 1}, "write_json": {"elapsedMs": 4.725, "fileCount": 4}, "totalMs": 2794.242}, "status": "ok", "elapsedMs": 3207.677}, {"aircraftID": 5, "label": "uav_tracking_5", "mode": "UAV_TRACK", "resolveArtifacts": {"elapsedMs": 0.027, "currentWaypointID": 1201488, "sourcePathID": 500000194, "sourceImpID": 800000287}, "loadArtifacts": {"elapsedMs": 0.005, "impLoaded": true, "fpLoaded": true}, "cloneAndLocateMission": {"elapsedMs": 0.174, "missionCount": 2, "targetIndex": 0}, "allocateAndPlanUpdate": {"elapsedMs": 7.915, "newImpID": 800000309}, "builder": {"elapsedMs": 2448.927, "builderMode": "UAV_TRACK"}, "builderDetail": {"allocate_ids": {"elapsedMs": 409.344, "donePathID": 500000203, "attackPathID": 500000204, "resumePathID": 500000205, "trackingIndividualID": 900000747, "resumeIndividualID": 900000748, "targetWaypointID": 1201554}, "split_done_resume": {"elapsedMs": 1174.18, "sourceSinglePoint": false, "doneWaypointCount": 2, "resumeWaypointCount": 1, "removedWaypointID": 1201487}, "clone_followups": {"elapsedMs": 427.264, "followUpMissionCount": 1, "followUpPathCount": 1}, "release_resume": {"elapsedMs": 371.113, "releaseWaypointCount": 2, "targetFinishEtaS": 71}, "write_json": {"elapsedMs": 58.684, "fileCount": 5}, "totalMs": 2445.794}, "trackingState": {"elapsedMs": 8.262}, "status": "ok", "elapsedMs": 2466.08}, {"aircraftID": 4, "label": "uav_resume_4", "mode": "UAV_RESUME", "resolveArtifacts": {"elapsedMs": 0.024, "currentWaypointID": 1201484, "sourcePathID": 400000158, "sourceImpID": 800000286}, "loadArtifacts": {"elapsedMs": 0.005, "impLoaded": true, "fpLoaded": true}, "cloneAndLocateMission": {"elapsedMs": 0.145, "missionCount": 2, "targetIndex": 0}, "status": "handled_by_collab", "elapsedMs": 0.82}, {"aircraftID": 6, "label": "uav_resume_6", "mode": "UAV_RESUME", "resolveArtifacts": {"elapsedMs": 0.018, "currentWaypointID": 1201492, "sourcePathID": 600000151, "sourceImpID": 800000288}, "loadArtifacts": {"elapsedMs": 0.004, "impLoaded": true, "fpLoaded": true}, "cloneAndLocateMission": {"elapsedMs": 0.136, "missionCount": 2, "targetIndex": 0}, "status": "handled_by_collab", "elapsedMs": 0.722}], "totalMs": 16619}
2026-05-21T04:49:06.004854Z [ATTACK] [ATTACK][TIME] override_total=16619ms
2026-05-21T04:49:06.005678Z [ATTACK] [TIME] apply_attack_plan_overrides=16640ms
2026-05-21T04:49:06.014191Z [ATTACK] [TIME] timingMs={"read_source": 20.288, "descriptor_build": 7.64, "write_artifacts": 16652.203, "delivery_wait": 7.827}
2026-05-21T04:49:06.014801Z [ATTACK] [TIME] total=16689ms
2026-05-21T04:49:06.025302Z [ATTACK] 분석 로그 저장: C:\Users\TRL98\Desktop\LAH_MUMT\Logs\Scenario_2026-05-21T132543\SBC3\DSS_Internal\log_attack_algorithm_20260521T044906_015528.json
2026-05-21T04:49:06.046925Z [ATTACK] mark target used: targetIDs=103
2026-05-21T04:49:06.067897Z [ATTACK-EXCLUDE] ATTACK-EXCLUDE using requested missionPlanID 700000066 (sourcePlanID=700000062)
2026-05-21T04:49:06.069020Z [ATTACK-EXCLUDE] [PRIOR][UAV] Resume trimmed by currentWP (lastRemovedWP=1201483).
2026-05-21T04:49:06.069828Z [ATTACK-EXCLUDE] [PRIOR][UAV] Added replan anchor waypoint to done path (anchorWP=1201508).
2026-05-21T04:49:06.070565Z [ATTACK-EXCLUDE] [PRIOR][UAV] Resume sweep trim applied (cutPoints=82, rawCutPoints=82, doneSweepPoints=0, pathID=400000158).
2026-05-21T04:49:06.071222Z [ATTACK-EXCLUDE] [PRIOR][UAV] Resume searchSpeed scaled (factor=1.30, waypoints=1).
2026-05-21T04:49:06.071880Z [ATTACK-EXCLUDE] [PRIOR][UAV] Generated done/resume mission -> aircraft=4 IMP:800000301.json PATHS:400000164.json/400000165.json
2026-05-21T04:49:06.072637Z [ATTACK-EXCLUDE] [PRIOR][UAV] Resume trimmed by currentWP (lastRemovedWP=1201487).
2026-05-21T04:49:06.073368Z [ATTACK-EXCLUDE] [PRIOR][UAV] Added replan anchor waypoint to done path (anchorWP=1201530).
2026-05-21T04:49:06.074176Z [ATTACK-EXCLUDE] [PRIOR][UAV] Resume sweep trim applied (cutPoints=42, rawCutPoints=42, doneSweepPoints=0, pathID=500000194).
2026-05-21T04:49:06.075065Z [ATTACK-EXCLUDE] [PRIOR][UAV] Resume searchSpeed scaled (factor=1.30, waypoints=1).
2026-05-21T04:49:06.075820Z [ATTACK-EXCLUDE] [PRIOR][UAV] Generated done/resume mission -> aircraft=5 IMP:800000303.json PATHS:500000200.json/500000201.json
2026-05-21T04:49:06.076589Z [ATTACK-EXCLUDE] [PRIOR][UAV] Resume trimmed by currentWP (lastRemovedWP=1201491).
2026-05-21T04:49:06.077341Z [ATTACK-EXCLUDE] [PRIOR][UAV] Added replan anchor waypoint to done path (anchorWP=1201544).
2026-05-21T04:49:06.077967Z [ATTACK-EXCLUDE] [PRIOR][UAV] Resume sweep trim applied (cutPoints=60, rawCutPoints=60, doneSweepPoints=0, pathID=600000151).
2026-05-21T04:49:06.078583Z [ATTACK-EXCLUDE] [PRIOR][UAV] Resume searchSpeed scaled (factor=1.30, waypoints=1).
2026-05-21T04:49:06.079156Z [ATTACK-EXCLUDE] [PRIOR][UAV] Generated done/resume mission -> aircraft=6 IMP:800000307.json PATHS:600000158.json/600000159.json
2026-05-21T04:49:06.079713Z [ATTACK-EXCLUDE] 공격 배제 MissionPlan 저장 -> 700000066.json (planID=700000066)
2026-05-21T04:49:06.080296Z [ATTACK-EXCLUDE] ATTACK-EXCLUDE carried area remaining snapshot -> mission_area_snapshot_700000066.json (sourcePlanID=700000062, planID=700000066)
2026-05-21T04:49:06.780079Z [ATTACK] 공격 임무 계획 완료 (planIds=700000065)
2026-05-21T04:49:06.781328Z [INFO] UAV params loaded (cruise=40.00, turn_step=15.0)
2026-05-21T04:49:06.781954Z [INFO] Latest input snapshot → 0201:ID=5,ts=832654055195,src=-, 0203:ID=1,ts=832652848760,src=-
2026-05-21T04:49:06.782482Z [STEP 0] Using latest 0201 ID 5 (5.json)
2026-05-21T04:49:06.782979Z [STEP 0] Using latest 0203 ID 1 (1.json)
2026-05-21T04:49:06.783544Z [CHECK] 0201/0203 필수 데이터 확인 시작
2026-05-21T04:49:06.784061Z [OK] 0201 inputMissionList 확인됨 (count=7) → 진행
2026-05-21T04:49:06.784707Z [OK] 0201 availableAircraftList 확인됨 (count=6) → 진행
2026-05-21T04:49:06.785300Z [OK] 0201 inputMissionPackageType=1 확인
2026-05-21T04:49:06.785845Z [OK] 0201 mainSensor=1 확인
2026-05-21T04:49:06.786433Z [CHECK] 0201 기체 수=6 (UAV=3, LAH=3)
2026-05-21T04:49:06.787021Z [CHECK] 0201 임무: total=7 missingID=0 missingDetail=0 missingShape=0 unknownType=0 typeZeroAuto=0 typeZeroInvalid=0 lineOnlyViolation=0 skippedSinglePoint=0
2026-05-21T04:49:06.787553Z [OK] 0203 takeOverInfoList 확인됨 (count=3) → 진행
2026-05-21T04:49:06.788081Z [OK] 0203 handOverInfoList 확인됨 (count=3) → 진행
2026-05-21T04:49:06.788687Z [OK] 0203 flightAreaList 확인됨 (count=1) → 진행
2026-05-21T04:49:06.789272Z [CHECK] 0203 flightAreaList count=1
2026-05-21T04:49:06.789825Z [INFO] 임무 진행영역 스냅샷 적용: sourcePlan=700000062, updated=2, done=0
2026-05-21T04:49:06.790378Z [INFO] 임무 진행영역 재계획 collapse 적용: groups=2, normalized=3, 7
2026-05-21T04:49:06.790878Z [INFO] Filtered completed input missions (removed=1, 2, 4, 5, 6, converted=-, widthAdjusted=-, skippedSinglePoint=-, snapshot=updated=2, done=0, collapse=groups=2, normalized=3,7)
2026-05-21T04:49:06.791379Z [REPLAN][TIME] variant_started_ms=16756.4 wall_ms=1779338946067 variant=1 option=3 mode=attack_exclusion
2026-05-21T04:49:06.791883Z [variant 1] 공격 배제 병렬 결과 병합
2026-05-21T04:49:06.792370Z [REPLAN][TIME] attack_exclusion_parallel_joined_ms=16769.6 wall_ms=1779338946080 variant=1 duration_ms=12308.678 wait_ms=0.011
2026-05-21T04:49:06.792884Z [OK] 공격 배제 variant 저장: MissionPlanID=700000066 (elapsed=12308.7 ms)
2026-05-21T04:49:06.793374Z [INFO] Option mapping #1: planID=700000066, optionCode=3(공격배제)
2026-05-21T04:49:06.793861Z [REPLAN][TIME] variant_finished_ms=16770.1 wall_ms=1779338946081 variant=1 option=3 mode=attack_exclusion status=success duration_ms=12308.678
2026-05-21T04:49:06.794365Z [OK] Stored mission data: MissionPlan=1, IndividualMission=0, FlightPath=0
2026-05-21T04:49:06.794931Z [REPLAN][TIME] id_tab_update_deferred_ms=16771.0 wall_ms=1779338946082
2026-05-21T04:49:06.795414Z [REPLAN][TIME] pipeline_done_ms=16771.1 wall_ms=1779338946082 plans=2 force_direct=False
2026-05-21T04:49:06.795958Z [REPLAN][TIME] 0301_queued_ms=16771.1 wall_ms=1779338946082 plans=2
2026-05-21T04:49:06.796452Z [STEP 4] 0301 push queued (planIds=700000065, 700000066)
2026-05-21T04:49:06.798410Z [0301] missionPlanID=700000065 전송
2026-05-21T04:49:06.800737Z [0301] missionPlanID=700000066 전송
2026-05-21T04:49:06.802249Z [PUSH] 0301 direct batch send
2026-05-21T04:49:06.803008Z [REPLAN][TIME] 0301_sent_ms=17491.6 wall_ms=1779338946802 plans=2
2026-05-21T04:49:06.803726Z [REPLAN][TIME] post_0301_delivery_queued_ms=17492.3 wall_ms=1779338946803 grace_ms=0 timeout_ms=20 force_direct=0 mode=option_or_0901
2026-05-21T04:49:06.804366Z [INFO] Post-0301 apply queued (mode=option_or_0901, grace=0ms, timeout=20ms, plans=2)
2026-05-21T04:49:06.807360Z [REPLAN][TIME] 0305_status_2_ms=17495.9 wall_ms=1779338946807 reason=표적103 발견 재계획
2026-05-21T04:49:06.808045Z [0305] status=2, reason=표적103 발견 재계획, elapsed=17.49s 전송
2026-05-21T04:49:06.808707Z [REPLAN][TIME] post_0301_completion_ready_ms=17497.4 wall_ms=1779338946808 mode=option_or_0901
2026-05-21T04:49:06.809287Z [REPLAN][METRIC] source_artifact_cache entries=21 hits=39 misses=21
2026-05-21T04:49:06.845712Z [INFO] Post-0301 ready (timeout) -> sending 0901
2026-05-21T04:49:06.846556Z [REPLAN][TIME] post_0301_flushed_ms=17535.2 wall_ms=1779338946846 delivery=0901 trigger=timeout
2026-05-21T04:49:06.849191Z [REPLAN][TIME] 0901_sent_ms=17537.8 wall_ms=1779338946849 options=2
2026-05-21T04:49:06.849857Z [0901] option request sent (count=2, codes=2(공격특화), 3(공격배제))
2026-05-21T04:49:06.850575Z [REPLAN][TIME] id_tab_update_flushed_ms=17539.2 wall_ms=1779338946850
2026-05-21T04:51:24.488688Z [REPLAN][TIME] 0902_received_ms=0.1 wall_ms=1779339084488 trigger=post_attack_direct replanLevel=2 optionCount=1 forceDirect=1
2026-05-21T04:51:24.489648Z [REPLAN][TIME] 0902_archived_ms=1.1 wall_ms=1779339084489 path=replan_request_832654284126.json
2026-05-21T04:51:24.490174Z [AUTO] 0902 received (planIds=700000067)
2026-05-21T04:51:24.490768Z [REPLAN][TIME] pipeline_scheduled_ms=2.2 wall_ms=1779339084490 delay_ms=0
2026-05-21T04:51:24.491714Z [REPLAN][TIME] scheduled_start_ms=3.2 wall_ms=1779339084491
2026-05-21T04:51:24.494919Z [REPLAN][TIME] 0305_status_1_ms=6.3 wall_ms=1779339084494 reason=표적103 격파 후 복귀
2026-05-21T04:51:24.495630Z [0305] status=1, reason=표적103 격파 후 복귀 전송
2026-05-21T04:51:24.501155Z [INFO] Using latest 0203 ID 1 for missionReferencePackageID (fallback)
2026-05-21T04:51:24.501922Z [STEP 0] Replan pipeline start (reason=표적103 격파 후 복귀)
2026-05-21T04:51:24.502926Z [POSTATTACK] 공격 종료 재계획 요청 감지 → 복귀 협업 재계획 평가 실행
2026-05-21T04:51:24.585664Z [POSTATTACK] [PRIOR] Falling back to first pending mission for aircraft 2 (current waypoint not found in plan).
2026-05-21T04:51:25.779580Z [POSTATTACK] [POSTATTACK][LAH] returning LAH resume package written (aircraft=2, imp=800000310.json, missions=2).
2026-05-21T04:51:25.780563Z [POSTATTACK] [POSTATTACK][ACTIVE-DONE] completion hold extended for returning UAV rejoin (hold=34s).
2026-05-21T04:51:26.708507Z [POSTATTACK] [POSTATTACK][ACTIVE-DONE] completed current input preserved as active boundary marker (aircraft=6, inputMissionID=7, imp=800000311.json, donePath=600000161.json, hold=34s, followUps=1).
2026-05-21T04:51:27.163385Z [POSTATTACK] [POSTATTACK][ACTIVE-SUFFIX] Resume trimmed by currentWP (lastRemovedWP=1201516).
2026-05-21T04:51:27.593786Z [POSTATTACK] [POSTATTACK][ACTIVE-SUFFIX] Added replan anchor waypoint to done path (anchorWP=1201577).
2026-05-21T04:51:27.594614Z [POSTATTACK] [POSTATTACK][ACTIVE-SUFFIX] Resume sweep trim applied (cutPoints=75, rawCutPoints=75, doneSweepPoints=0, pathID=400000167).
2026-05-21T04:51:28.008156Z [POSTATTACK] [POSTATTACK][ACTIVE-SUFFIX] Resume searchSpeed scaled (factor=1.30, waypoints=1).
2026-05-21T04:51:28.414050Z [POSTATTACK] [POSTATTACK][ACTIVE-SUFFIX] Generated done/resume mission -> aircraft=4 IMP:800000312.json PATHS:400000168.json/400000169.json
2026-05-21T04:51:28.838116Z [POSTATTACK] [POSTATTACK][TRACK-RETURN] short return path collapsed (aircraft=5, distance=1222.6m, threshold=2000.0m).
2026-05-21T04:51:29.323174Z [POSTATTACK] [POSTATTACK][TRACK-RETURN] tracking branch replaced with return-only package (aircraft=5, imp=800000313.json, path=500000207.json, hold=34s, followUps=1, speed=58.0).
2026-05-21T04:51:29.344596Z [POSTATTACK] [ATTACK-SLOT] released manned attack slots after closed tracking assignments -> inputMissionPackageID=5, aircraft=[2].
2026-05-21T04:51:29.356296Z [POSTATTACK] carried area remaining snapshot -> mission_area_snapshot_700000067.json (sourcePlan=700000065, plan=700000067).
2026-05-21T04:51:29.357429Z [POSTATTACK] MissionPlan updated for post-attack rejoin -> 700000067.json (sourcePlan=700000065, updatedAircraft=[2, 4, 5, 6]).
2026-05-21T04:51:29.361523Z [REPLAN][TIME] pipeline_done_ms=4871.5 wall_ms=1779339089359 plans=1 force_direct=True
2026-05-21T04:51:29.362451Z [REPLAN][TIME] 0301_queued_ms=4871.6 wall_ms=1779339089359 plans=1
2026-05-21T04:51:29.363913Z [STEP 4] 0301 push queued (planIds=700000067)
2026-05-21T04:51:29.364815Z [INFO] Direct delivery -> skip 0901/0701, send 0301+0903 only
2026-05-21T04:51:29.366955Z [0301] missionPlanID=700000067 전송
2026-05-21T04:51:29.368448Z [PUSH] 0301 direct batch send
2026-05-21T04:51:29.369189Z [REPLAN][TIME] 0301_sent_ms=4880.7 wall_ms=1779339089369 plans=1
2026-05-21T04:51:29.370001Z [REPLAN][TIME] post_0301_delivery_queued_ms=4881.5 wall_ms=1779339089369 grace_ms=0 timeout_ms=1200 force_direct=1 mode=direct_0903
2026-05-21T04:51:29.370732Z [INFO] Post-0301 apply queued (mode=direct_0903, grace=0ms, timeout=1200ms, plans=1)
2026-05-21T04:51:29.373902Z [REPLAN][TIME] 0305_status_2_ms=4885.3 wall_ms=1779339089373 reason=표적103 격파 후 복귀
2026-05-21T04:51:29.374741Z [0305] status=2, reason=표적103 격파 후 복귀, elapsed=4.88s 전송
2026-05-21T04:51:29.375367Z [REPLAN][TIME] post_0301_completion_ready_ms=4886.9 wall_ms=1779339089375 mode=direct_0903
2026-05-21T04:51:29.376302Z [INFO] Post-0301 ready (0305_status_2) -> sending 0903
2026-05-21T04:51:29.377044Z [REPLAN][TIME] post_0301_flushed_ms=4888.5 wall_ms=1779339089376 delivery=0903 trigger=0305_status_2 plans=1
2026-05-21T04:51:29.377821Z [REPLAN][TIME] id_tab_update_flushed_ms=4889.3 wall_ms=1779339089377
2026-05-21T04:51:30.253990Z [REPLAN][TIME] id_tab_update_deferred_ms=4871.6 wall_ms=1779339089359
2026-05-21T04:51:30.254667Z [REPLAN][METRIC] source_artifact_cache entries=16 hits=30 misses=16
2026-05-21T04:51:30.259927Z [REPLAN][TIME] 0903_sent_ms=5771.3 wall_ms=1779339090259 missionPlanID=700000067
2026-05-21T04:51:30.260631Z [0903] request sent (missionPlanID=700000067)
2026-05-21T04:54:20.104203Z [REPLAN][TIME] 0902_received_ms=0.3 wall_ms=1779339260103 trigger=general_3_option replanLevel=1 optionCount=3 forceDirect=0
2026-05-21T04:54:20.105321Z [REPLAN][TIME] 0902_archived_ms=1.6 wall_ms=1779339260105 path=replan_request_832654459613.json
2026-05-21T04:54:20.105902Z [AUTO] 0902 received (planIds=700000068, 700000069, 700000070)
2026-05-21T04:54:20.106592Z [REPLAN][TIME] pipeline_scheduled_ms=2.9 wall_ms=1779339260106 delay_ms=100
2026-05-21T04:54:20.107233Z [AUTO] replan pipeline scheduled after 0.1s delay
2026-05-21T04:54:20.209785Z [REPLAN][TIME] scheduled_start_ms=105.9 wall_ms=1779339260209
2026-05-21T04:54:20.213662Z [REPLAN][TIME] 0305_status_1_ms=109.7 wall_ms=1779339260213 reason=무인기 1번 고장 재계획
2026-05-21T04:54:20.214368Z [0305] status=1, reason=무인기 1번 고장 재계획 전송
2026-05-21T04:54:20.219531Z [INFO] Using latest 0203 ID 1 for missionReferencePackageID (fallback)
2026-05-21T04:54:20.220211Z [STEP 0] Replan pipeline start (reason=무인기 1번 고장 재계획)
2026-05-21T04:54:20.226743Z [INFO] UAV params loaded (cruise=40.00, turn_step=15.0)
2026-05-21T04:54:20.227817Z [INFO] Latest input snapshot → 0201:ID=5,ts=832654055195,src=-, 0203:ID=1,ts=832652848760,src=-
2026-05-21T04:54:20.228852Z [STEP 0] Using latest 0201 ID 5 (5.json)
2026-05-21T04:54:20.230418Z [STEP 0] Using latest 0203 ID 1 (1.json)
2026-05-21T04:54:20.231852Z [CHECK] 0201/0203 필수 데이터 확인 시작
2026-05-21T04:54:20.232477Z [OK] 0201 inputMissionList 확인됨 (count=7) → 진행
2026-05-21T04:54:20.233244Z [OK] 0201 availableAircraftList 확인됨 (count=6) → 진행
2026-05-21T04:54:20.233927Z [OK] 0201 inputMissionPackageType=1 확인
2026-05-21T04:54:20.234862Z [OK] 0201 mainSensor=1 확인
2026-05-21T04:54:20.235688Z [CHECK] 0201 기체 수=6 (UAV=3, LAH=3)
2026-05-21T04:54:20.236260Z [CHECK] 0201 임무: total=7 missingID=0 missingDetail=0 missingShape=0 unknownType=0 typeZeroAuto=0 typeZeroInvalid=0 lineOnlyViolation=0 skippedSinglePoint=0
2026-05-21T04:54:20.236801Z [OK] 0203 takeOverInfoList 확인됨 (count=3) → 진행
2026-05-21T04:54:20.237361Z [OK] 0203 handOverInfoList 확인됨 (count=3) → 진행
2026-05-21T04:54:20.237969Z [OK] 0203 flightAreaList 확인됨 (count=1) → 진행
2026-05-21T04:54:20.238578Z [CHECK] 0203 flightAreaList count=1
2026-05-21T04:54:20.241440Z [INFO] 임무 진행영역 스냅샷 적용: sourcePlan=700000067, updated=1, done=0
2026-05-21T04:54:20.242840Z [INFO] 현재 임무 collaborative hybrid armed: inputMissionID=7, sourcePlan=700000067, mode=current_remaining, aircraft=[4, 5, 6], options=all
2026-05-21T04:54:20.245124Z [INFO] Filtered completed input missions (removed=1, 2, 4, 5, 6, converted=-, widthAdjusted=-, skippedSinglePoint=-, snapshot=updated=1, done=0, collapse=-)
2026-05-21T04:54:20.251233Z [REPLAN][TIME] parallel_safety_gate_ms=146.9 wall_ms=1779339260250 enabled=False workers=1 waypoint_block_size=50000 reasons=remaining_snapshot_mutated
2026-05-21T04:54:20.252422Z [INFO] 일반 재계획 옵션 병렬 생성 비활성화(safety gate): remaining_snapshot_mutated
2026-05-21T04:54:20.253795Z [variant 1] 일반 재계획 모드 적용
2026-05-21T04:54:20.254445Z [REPLAN][TIME] variant_started_ms=149.5 wall_ms=1779339260253 variant=1 option=6 mode=sequential
2026-05-21T04:54:20.255012Z [STEP 1.1] Divide & Pattern start
2026-05-21T04:54:20.268356Z [variant 1] [ENHANCED] VehicleStatus filter removed aircraft [4, 5, 6]
2026-05-21T04:54:20.269500Z [variant 1] [ENHANCED][1] split start: uavs=[4, 5, 6]
2026-05-21T04:54:20.277114Z [variant 1] [ENHANCED][1] split done: pieces=6
2026-05-21T04:54:20.279790Z [variant 1] [ENHANCED][2] type-decider done: profile=6 changed=6/6
2026-05-21T04:54:20.456343Z [variant 1] [ENHANCED][3] expected-path done: count=6
2026-05-21T04:54:20.457415Z [variant 1] [ENHANCED][4] area-review done: overflow=0 targets=0 pieces=6->6
2026-05-21T04:54:20.602308Z [variant 1] [ENHANCED][5] expected-velocity done: pieces=6 dbRows=7010
2026-05-21T04:54:20.786824Z [variant 1] [ENHANCED][6] 0302 export done: files=6
2026-05-21T04:54:20.787784Z [variant 1] [ENHANCED] total=533.2 ms
2026-05-21T04:54:20.789156Z [TIME] divide_and_pattern (variant=1): 533.4 ms
2026-05-21T04:54:20.790347Z [OK] IMP generated: 6 file(s) (variant=1)
2026-05-21T04:54:20.801354Z [TIME] build_0301+load (variant=1): 14.3 ms
2026-05-21T04:54:20.802685Z [OK] MissionPlan built: MissionPlan_1779339260786.json (variant=1)
2026-05-21T04:54:20.808258Z [TIME] collect_missions (variant=1): 6.9 ms, count=12
2026-05-21T04:54:20.809015Z [INFO] pathID mapping delayed until current remaining hybrid merge (variant=1)
2026-05-21T04:54:20.827632Z [variant 1] [NEXTCOLLAB] division planner area-division pieces=3
2026-05-21T04:54:21.117267Z [variant 1] [NEXTCOLLAB] division planner final workflow=no_split paths=2
2026-05-21T04:54:22.789117Z [variant 1] current remaining generic 0303 skipped: inputMissionID=7, missions=2, aircraft=[5, 6], pathIDs=[500000001, 600000001]
2026-05-21T04:54:27.487179Z [INFO] FlightPath build mode (variant=1): 0303=aircraft_parallel workers=2 aircraft=3, 0304=sequential
2026-05-21T04:54:27.487983Z [REPLAN][METRIC] flightpath_build_0303 variant=1 option=6 recon=0 mode=sequential buildMode=aircraft_parallel workers=2 aircraft=3 paths=4 reassignedWaypoints=10 elapsed_ms=4262.034 fallback=- worker_ms=4:236.642|5:128.376|6:70.474
2026-05-21T04:54:27.488662Z [INFO] FlightPath build time: 0303=4262.0 ms, 0304=425.8 ms
2026-05-21T04:54:27.489430Z [variant 1] current remaining collaborative hybrid applied: inputMissionID=7, aircraft=[5, 6], removedPaths=2, workflow=current_remaining:no_split
2026-05-21T04:54:27.581641Z [TIME] pathID_mapping (variant=1, current_remaining): 92.1 ms
2026-05-21T04:54:27.582560Z [INFO] pathID mapping done after current remaining hybrid merge (variant=1)
2026-05-21T04:54:27.583896Z [INFO] Applied LAH-UAV ETA follow speed plan (variant=1)
2026-05-21T04:54:27.584791Z [INFO] FlightPath pathID enforced (variant=1): 0303=6, 0304=6
2026-05-21T04:54:27.595264Z [OK] FlightPath counts (variant=1): 0303=6 / 0304=6
2026-05-21T04:54:27.595871Z [REPLAN][METRIC] flightpath_counts variant=1 option=6 recon=0 mode=sequential paths0303=6 paths0304=6 pathsTotal=12 waypoints0303=14 waypoints0304=12 waypointsTotal=26 maxWaypointsPerPath=3 emptyPaths=0 formationPaths=0
2026-05-21T04:54:27.651561Z [TIME] build_0302 (variant=1): 48.8 ms, packages=6
2026-05-21T04:54:27.653048Z [INFO] FlightPath individualMissionID synced (variant=1): fixed=12
2026-05-21T04:54:27.659337Z [TIME] write_0302 (variant=1): 7.8 ms, files=6
2026-05-21T04:54:27.721118Z [TIME] write_FlightPath (variant=1): 47.0 ms, files=12
2026-05-21T04:54:27.722120Z [REPLAN][METRIC] flightpath_write variant=1 option=6 recon=0 mode=sequential files0303=6 files0304=6 filesTotal=12 write_ms=46.972
2026-05-21T04:54:27.725515Z [TIME] write_0301 (variant=1): 1.4 ms
2026-05-21T04:54:27.726248Z [OK] Stored variant 1: MissionPlanID=700000068, IMP=6, FlightPath=12
2026-05-21T04:54:27.726912Z [REPLAN][TIME] variant_finished_ms=7621.5 wall_ms=1779339267724 variant=1 option=6 mode=sequential status=success duration_ms=7471.968
2026-05-21T04:54:27.728063Z [TIME] variant_total (variant=1): 7472.0 ms
2026-05-21T04:54:27.730412Z [INFO] Option mapping #1: planID=700000068, optionCode=6(정찰/시간 균형)
2026-05-21T04:54:27.731680Z [variant 2] 정찰특화 전용 runtime 적용 (areaWidth=600.0m, areaFov=2.4deg, areaSep=1000.0m, turnR=800.0m, splitCap=0, minSeg=0.0m)
2026-05-21T04:54:27.733052Z [REPLAN][TIME] variant_started_ms=7626.1 wall_ms=1779339267729 variant=2 option=4 mode=sequential
2026-05-21T04:54:27.733694Z [STEP 1.2] Divide & Pattern start
2026-05-21T04:54:27.739613Z [variant 2] [ENHANCED] VehicleStatus filter removed aircraft [4, 5, 6]
2026-05-21T04:54:27.740917Z [variant 2] [ENHANCED][1] split start: uavs=[4, 5, 6]
2026-05-21T04:54:27.746974Z [variant 2] [ENHANCED][1] split done: pieces=6
2026-05-21T04:54:27.748132Z [variant 2] [REPLAN][METRIC] recon_area_review_before option=4 pieces=6 areaPieces=3 maxSegmentM=600.000 maxSplitCountLimit=0 minSegmentM=0.000 fixedFovDeg=2.400 areaFovDeg=2.400 sweepSeparationM=1000.000 sweepSeparationScale=1.000 turnRadiusM=800.000
2026-05-21T04:54:27.750047Z [variant 2] [REPLAN][METRIC] recon_area_review option=4 elapsed_ms=2.487 maxSegmentM=600.000 maxSplitCountLimit=0 minSegmentM=0.000 pieces_before=6 pieces_after=6 area_before=3 area_after=3 targets=3 localized=3 changed_details=0 detail_count=3 split_count_sum=3 raw_split_count_sum=3 max_split_count=1 max_raw_split_count=1 split_capped_count=0 max_projected_span_m=108.019 max_total_len_m=0.000 max_segment_len_m=0.000 fixedFovDeg=2.400 areaFovDeg=2.400 sweepSeparationM=1000.000 sweepSeparationScale=1.000 turnRadiusM=800.000 reasons=-
2026-05-21T04:54:27.750939Z [variant 2] [ENHANCED][1R] recon-area-review done: targets=3 localized=3 pieces=6->6
2026-05-21T04:54:27.751869Z [variant 2] [ENHANCED][2] type-decider done: profile=6 changed=6/6
2026-05-21T04:54:27.914314Z [variant 2] [ENHANCED][3] expected-path done: count=6
2026-05-21T04:54:27.915452Z [variant 2] [ENHANCED][4] area-review done: overflow=0 targets=0 pieces=6->6
2026-05-21T04:54:28.091124Z [variant 2] [ENHANCED][5] expected-velocity done: pieces=6 dbRows=7010
2026-05-21T04:54:28.100845Z [variant 2] [ENHANCED][6] 0302 export done: files=6
2026-05-21T04:54:28.101801Z [variant 2] [ENHANCED] total=370.8 ms
2026-05-21T04:54:28.102753Z [TIME] divide_and_pattern (variant=2): 371.0 ms
2026-05-21T04:54:28.103617Z [OK] IMP generated: 6 file(s) (variant=2)
2026-05-21T04:54:28.116217Z [TIME] build_0301+load (variant=2): 15.1 ms
2026-05-21T04:54:28.117893Z [OK] MissionPlan built: MissionPlan_1779339268100.json (variant=2)
2026-05-21T04:54:28.123674Z [TIME] collect_missions (variant=2): 7.0 ms, count=12
2026-05-21T04:54:28.124557Z [INFO] pathID mapping delayed until current remaining hybrid merge (variant=2)
2026-05-21T04:54:28.143282Z [variant 2] [NEXTCOLLAB] division planner area-division pieces=3
2026-05-21T04:54:28.431171Z [variant 2] [NEXTCOLLAB] division planner final workflow=no_split paths=2
2026-05-21T04:54:30.135243Z [variant 2] current remaining generic 0303 skipped: inputMissionID=7, missions=2, aircraft=[5, 6], pathIDs=[500000001, 600000001]
2026-05-21T04:54:34.899591Z [INFO] FlightPath build mode (variant=2): 0303=aircraft_parallel workers=2 aircraft=3, 0304=sequential
2026-05-21T04:54:34.900451Z [REPLAN][METRIC] flightpath_build_0303 variant=2 option=4 recon=1 mode=sequential buildMode=aircraft_parallel workers=2 aircraft=3 paths=4 reassignedWaypoints=10 elapsed_ms=4318.877 fallback=- worker_ms=4:241.600|5:141.424|6:71.218
2026-05-21T04:54:34.901043Z [INFO] FlightPath build time: 0303=4318.9 ms, 0304=435.5 ms
2026-05-21T04:54:34.901558Z [variant 2] current remaining collaborative hybrid applied: inputMissionID=7, aircraft=[5, 6], removedPaths=2, workflow=current_remaining:no_split
2026-05-21T04:54:34.988045Z [TIME] pathID_mapping (variant=2, current_remaining): 86.6 ms
2026-05-21T04:54:34.988969Z [INFO] pathID mapping done after current remaining hybrid merge (variant=2)
2026-05-21T04:54:34.989721Z [INFO] Applied LAH-UAV ETA follow speed plan (variant=2)
2026-05-21T04:54:34.990712Z [INFO] FlightPath pathID enforced (variant=2): 0303=6, 0304=6
2026-05-21T04:54:34.999929Z [OK] FlightPath counts (variant=2): 0303=6 / 0304=6
2026-05-21T04:54:35.001015Z [REPLAN][METRIC] flightpath_counts variant=2 option=4 recon=1 mode=sequential paths0303=6 paths0304=6 pathsTotal=12 waypoints0303=14 waypoints0304=12 waypointsTotal=26 maxWaypointsPerPath=3 emptyPaths=0 formationPaths=0
2026-05-21T04:54:35.059443Z [TIME] build_0302 (variant=2): 50.6 ms, packages=6
2026-05-21T04:54:35.060842Z [INFO] FlightPath individualMissionID synced (variant=2): fixed=12
2026-05-21T04:54:35.067593Z [TIME] write_0302 (variant=2): 8.1 ms, files=6
2026-05-21T04:54:35.126063Z [TIME] write_FlightPath (variant=2): 48.9 ms, files=12
2026-05-21T04:54:35.126844Z [REPLAN][METRIC] flightpath_write variant=2 option=4 recon=1 mode=sequential files0303=6 files0304=6 filesTotal=12 write_ms=48.913
2026-05-21T04:54:35.129772Z [TIME] write_0301 (variant=2): 1.2 ms
2026-05-21T04:54:35.130550Z [OK] Stored variant 2: MissionPlanID=700000069, IMP=6, FlightPath=12
2026-05-21T04:54:35.131235Z [REPLAN][TIME] variant_finished_ms=15026.0 wall_ms=1779339275129 variant=2 option=4 mode=sequential status=success duration_ms=7399.972
2026-05-21T04:54:35.132367Z [TIME] variant_total (variant=2): 7400.0 ms
2026-05-21T04:54:35.134093Z [INFO] Option mapping #2: planID=700000069, optionCode=4(정찰특화)
2026-05-21T04:54:35.135026Z [variant 3] 일반 재계획 모드 적용
2026-05-21T04:54:35.135663Z [REPLAN][TIME] variant_started_ms=15030.4 wall_ms=1779339275133 variant=3 option=5 mode=sequential
2026-05-21T04:54:35.136181Z [STEP 1.3] Divide & Pattern start
2026-05-21T04:54:35.142039Z [variant 3] [ENHANCED] VehicleStatus filter removed aircraft [4, 5, 6]
2026-05-21T04:54:35.142951Z [variant 3] [ENHANCED][1] split start: uavs=[4, 5, 6]
2026-05-21T04:54:35.151452Z [variant 3] [ENHANCED][1] split done: pieces=6
2026-05-21T04:54:35.153930Z [variant 3] [ENHANCED][2] type-decider done: profile=6 changed=6/6
2026-05-21T04:54:35.307673Z [variant 3] [ENHANCED][3] expected-path done: count=6
2026-05-21T04:54:35.308906Z [variant 3] [ENHANCED][4] area-review done: overflow=0 targets=0 pieces=6->6
2026-05-21T04:54:35.480327Z [variant 3] [ENHANCED][5] expected-velocity done: pieces=6 dbRows=7010
2026-05-21T04:54:35.692011Z [variant 3] [ENHANCED][6] 0302 export done: files=6
2026-05-21T04:54:35.693084Z [variant 3] [ENHANCED] total=557.6 ms
2026-05-21T04:54:35.694240Z [TIME] divide_and_pattern (variant=3): 557.7 ms
2026-05-21T04:54:35.695139Z [OK] IMP generated: 6 file(s) (variant=3)
2026-05-21T04:54:35.705988Z [TIME] build_0301+load (variant=3): 13.8 ms
2026-05-21T04:54:35.707336Z [OK] MissionPlan built: MissionPlan_1779339275691.json (variant=3)
2026-05-21T04:54:35.713749Z [TIME] collect_missions (variant=3): 7.6 ms, count=12
2026-05-21T04:54:35.714704Z [INFO] pathID mapping delayed until current remaining hybrid merge (variant=3)
2026-05-21T04:54:35.731429Z [variant 3] [NEXTCOLLAB] division planner area-division pieces=3
2026-05-21T04:54:36.016907Z [variant 3] [NEXTCOLLAB] division planner final workflow=no_split paths=2
2026-05-21T04:54:37.760167Z [variant 3] current remaining generic 0303 skipped: inputMissionID=7, missions=2, aircraft=[5, 6], pathIDs=[500000001, 600000001]
2026-05-21T04:54:42.434300Z [INFO] FlightPath build mode (variant=3): 0303=aircraft_parallel workers=2 aircraft=3, 0304=sequential
2026-05-21T04:54:42.435503Z [REPLAN][METRIC] flightpath_build_0303 variant=3 option=5 recon=0 mode=sequential buildMode=aircraft_parallel workers=2 aircraft=3 paths=4 reassignedWaypoints=10 elapsed_ms=4243.220 fallback=- worker_ms=4:221.463|5:149.557|6:101.984
2026-05-21T04:54:42.436176Z [INFO] FlightPath build time: 0303=4243.2 ms, 0304=420.0 ms
2026-05-21T04:54:42.436838Z [variant 3] current remaining collaborative hybrid applied: inputMissionID=7, aircraft=[5, 6], removedPaths=2, workflow=current_remaining:no_split
2026-05-21T04:54:42.529407Z [TIME] pathID_mapping (variant=3, current_remaining): 92.7 ms
2026-05-21T04:54:42.530391Z [INFO] pathID mapping done after current remaining hybrid merge (variant=3)
2026-05-21T04:54:42.531467Z [INFO] Applied LAH-UAV ETA follow speed plan (variant=3)
2026-05-21T04:54:42.532288Z [INFO] FlightPath pathID enforced (variant=3): 0303=6, 0304=6
2026-05-21T04:54:42.539676Z [OK] FlightPath counts (variant=3): 0303=6 / 0304=6
2026-05-21T04:54:42.540308Z [REPLAN][METRIC] flightpath_counts variant=3 option=5 recon=0 mode=sequential paths0303=6 paths0304=6 pathsTotal=12 waypoints0303=14 waypoints0304=12 waypointsTotal=26 maxWaypointsPerPath=3 emptyPaths=0 formationPaths=0
2026-05-21T04:54:42.599791Z [TIME] build_0302 (variant=3): 50.5 ms, packages=6
2026-05-21T04:54:42.601368Z [INFO] FlightPath individualMissionID synced (variant=3): fixed=12
2026-05-21T04:54:42.607595Z [TIME] write_0302 (variant=3): 7.9 ms, files=6
2026-05-21T04:54:42.674226Z [TIME] write_FlightPath (variant=3): 56.4 ms, files=12
2026-05-21T04:54:42.675239Z [REPLAN][METRIC] flightpath_write variant=3 option=5 recon=0 mode=sequential files0303=6 files0304=6 filesTotal=12 write_ms=56.360
2026-05-21T04:54:42.677396Z [TIME] write_0301 (variant=3): 1.1 ms
2026-05-21T04:54:42.678063Z [OK] Stored variant 3: MissionPlanID=700000070, IMP=6, FlightPath=12
2026-05-21T04:54:42.678669Z [REPLAN][TIME] variant_finished_ms=22573.7 wall_ms=1779339282677 variant=3 option=5 mode=sequential status=success duration_ms=7543.269
2026-05-21T04:54:42.679366Z [TIME] variant_total (variant=3): 7543.3 ms
2026-05-21T04:54:42.680047Z [INFO] Option mapping #3: planID=700000070, optionCode=5(최소시간)
2026-05-21T04:54:42.681119Z [OK] Stored mission data: MissionPlan=3, IndividualMission=18, FlightPath=36
2026-05-21T04:54:42.682766Z [REPLAN][TIME] id_tab_update_deferred_ms=22577.2 wall_ms=1779339282680
2026-05-21T04:54:42.683526Z [REPLAN][TIME] pipeline_done_ms=22577.2 wall_ms=1779339282680 plans=3 force_direct=False
2026-05-21T04:54:42.684957Z [REPLAN][TIME] 0301_queued_ms=22577.3 wall_ms=1779339282680 plans=3
2026-05-21T04:54:42.685567Z [STEP 4] 0301 push queued (planIds=700000068, 700000069, 700000070)
2026-05-21T04:54:42.688187Z [0301] missionPlanID=700000068 전송
2026-05-21T04:54:42.691802Z [0301] missionPlanID=700000069 전송
2026-05-21T04:54:42.694270Z [0301] missionPlanID=700000070 전송
2026-05-21T04:54:42.695726Z [PUSH] 0301 direct batch send
2026-05-21T04:54:42.696422Z [REPLAN][TIME] 0301_sent_ms=22592.8 wall_ms=1779339282696 plans=3
2026-05-21T04:54:42.697259Z [REPLAN][TIME] post_0301_delivery_queued_ms=22593.7 wall_ms=1779339282697 grace_ms=0 timeout_ms=20 force_direct=0 mode=option_or_0901
2026-05-21T04:54:42.697941Z [INFO] Post-0301 apply queued (mode=option_or_0901, grace=0ms, timeout=20ms, plans=3)
2026-05-21T04:54:42.700797Z [REPLAN][TIME] 0305_status_2_ms=22597.1 wall_ms=1779339282700 reason=무인기 1번 고장 재계획
2026-05-21T04:54:42.701517Z [0305] status=2, reason=무인기 1번 고장 재계획, elapsed=22.49s 전송
2026-05-21T04:54:42.702477Z [REPLAN][TIME] post_0301_completion_ready_ms=22598.6 wall_ms=1779339282702 mode=option_or_0901
2026-05-21T04:54:42.703660Z [REPLAN][METRIC] source_artifact_cache entries=35 hits=33 misses=35
2026-05-21T04:54:42.720596Z [INFO] Post-0301 ready (timeout) -> sending 0901
2026-05-21T04:54:42.721543Z [REPLAN][TIME] post_0301_flushed_ms=22617.9 wall_ms=1779339282721 delivery=0901 trigger=timeout
2026-05-21T04:54:42.724457Z [REPLAN][TIME] 0901_sent_ms=22620.8 wall_ms=1779339282724 options=3
2026-05-21T04:54:42.725523Z [0901] option request sent (count=3, codes=6(정찰/시간 균형), 4(정찰특화), 5(최소시간))
2026-05-21T04:54:42.726375Z [REPLAN][TIME] id_tab_update_flushed_ms=22622.8 wall_ms=1779339282726
2026-05-21T04:55:05.456530Z [REPLAN][TIME] 0902_received_ms=0.3 wall_ms=1779339305456 trigger=general_3_option replanLevel=1 optionCount=3 forceDirect=0
2026-05-21T04:55:05.457538Z [REPLAN][TIME] 0902_archived_ms=1.4 wall_ms=1779339305457 path=replan_request_832654459613.json
2026-05-21T04:55:05.458153Z [AUTO] 0902 received (planIds=700000071, 700000072, 700000073)
2026-05-21T04:55:05.458874Z [REPLAN][TIME] pipeline_scheduled_ms=2.7 wall_ms=1779339305458 delay_ms=100
2026-05-21T04:55:05.459563Z [AUTO] replan pipeline scheduled after 0.1s delay
2026-05-21T04:55:05.564471Z [REPLAN][TIME] scheduled_start_ms=108.3 wall_ms=1779339305564
2026-05-21T04:55:05.567139Z [REPLAN][TIME] 0305_status_1_ms=111.0 wall_ms=1779339305566 reason=무인기 2번 고장 재계획
2026-05-21T04:55:05.567803Z [0305] status=1, reason=무인기 2번 고장 재계획 전송
2026-05-21T04:55:05.572579Z [INFO] Using latest 0203 ID 1 for missionReferencePackageID (fallback)
2026-05-21T04:55:05.573329Z [STEP 0] Replan pipeline start (reason=무인기 2번 고장 재계획)
2026-05-21T04:55:05.577365Z [INFO] UAV params loaded (cruise=40.00, turn_step=15.0)
2026-05-21T04:55:05.578289Z [INFO] Latest input snapshot → 0201:ID=5,ts=832654055195,src=-, 0203:ID=1,ts=832652848760,src=-
2026-05-21T04:55:05.579516Z [STEP 0] Using latest 0201 ID 5 (5.json)
2026-05-21T04:55:05.580668Z [STEP 0] Using latest 0203 ID 1 (1.json)
2026-05-21T04:55:05.581323Z [CHECK] 0201/0203 필수 데이터 확인 시작
2026-05-21T04:55:05.581900Z [OK] 0201 inputMissionList 확인됨 (count=7) → 진행
2026-05-21T04:55:05.582429Z [OK] 0201 availableAircraftList 확인됨 (count=6) → 진행
2026-05-21T04:55:05.583067Z [OK] 0201 inputMissionPackageType=1 확인
2026-05-21T04:55:05.583800Z [OK] 0201 mainSensor=1 확인
2026-05-21T04:55:05.584429Z [CHECK] 0201 기체 수=6 (UAV=3, LAH=3)
2026-05-21T04:55:05.585026Z [CHECK] 0201 임무: total=7 missingID=0 missingDetail=0 missingShape=0 unknownType=0 typeZeroAuto=0 typeZeroInvalid=0 lineOnlyViolation=0 skippedSinglePoint=0
2026-05-21T04:55:05.585689Z [OK] 0203 takeOverInfoList 확인됨 (count=3) → 진행
2026-05-21T04:55:05.586396Z [OK] 0203 handOverInfoList 확인됨 (count=3) → 진행
2026-05-21T04:55:05.587075Z [OK] 0203 flightAreaList 확인됨 (count=1) → 진행
2026-05-21T04:55:05.587688Z [CHECK] 0203 flightAreaList count=1
2026-05-21T04:55:05.589102Z [INFO] 임무 진행영역 스냅샷 적용: sourcePlan=700000067, updated=1, done=0
2026-05-21T04:55:05.590250Z [INFO] 현재 임무 collaborative hybrid armed: inputMissionID=7, sourcePlan=700000067, mode=current_remaining, aircraft=[4, 5, 6], options=all
2026-05-21T04:55:05.592380Z [INFO] Filtered completed input missions (removed=1, 2, 4, 5, 6, converted=-, widthAdjusted=-, skippedSinglePoint=-, snapshot=updated=1, done=0, collapse=-)
2026-05-21T04:55:05.597275Z [REPLAN][TIME] parallel_safety_gate_ms=140.8 wall_ms=1779339305596 enabled=False workers=1 waypoint_block_size=50000 reasons=remaining_snapshot_mutated
2026-05-21T04:55:05.599465Z [INFO] 일반 재계획 옵션 병렬 생성 비활성화(safety gate): remaining_snapshot_mutated
2026-05-21T04:55:05.600148Z [variant 1] 일반 재계획 모드 적용
2026-05-21T04:55:05.601016Z [REPLAN][TIME] variant_started_ms=143.2 wall_ms=1779339305599 variant=1 option=6 mode=sequential
2026-05-21T04:55:05.601763Z [STEP 1.1] Divide & Pattern start
2026-05-21T04:55:05.607732Z [variant 1] [ENHANCED] VehicleStatus filter removed aircraft [4, 5, 6]
2026-05-21T04:55:05.608908Z [variant 1] [ENHANCED][1] split start: uavs=[4, 5, 6]
2026-05-21T04:55:05.615836Z [variant 1] [ENHANCED][1] split done: pieces=6
2026-05-21T04:55:05.621654Z [variant 1] [ENHANCED][2] type-decider done: profile=6 changed=6/6
2026-05-21T04:55:05.785184Z [variant 1] [ENHANCED][3] expected-path done: count=6
2026-05-21T04:55:05.786908Z [variant 1] [ENHANCED][4] area-review done: overflow=0 targets=0 pieces=6->6
2026-05-21T04:55:05.987824Z [variant 1] [ENHANCED][5] expected-velocity done: pieces=6 dbRows=7010
2026-05-21T04:55:06.195199Z [variant 1] [ENHANCED][6] 0302 export done: files=6
2026-05-21T04:55:06.196200Z [variant 1] [ENHANCED] total=595.4 ms
2026-05-21T04:55:06.197108Z [TIME] divide_and_pattern (variant=1): 595.7 ms
2026-05-21T04:55:06.198001Z [OK] IMP generated: 6 file(s) (variant=1)
2026-05-21T04:55:06.209547Z [TIME] build_0301+load (variant=1): 14.1 ms
2026-05-21T04:55:06.211514Z [OK] MissionPlan built: MissionPlan_1779339306195.json (variant=1)
2026-05-21T04:55:06.216427Z [TIME] collect_missions (variant=1): 6.8 ms, count=12
2026-05-21T04:55:06.217178Z [INFO] pathID mapping delayed until current remaining hybrid merge (variant=1)
2026-05-21T04:55:06.242416Z [variant 1] [NEXTCOLLAB] division planner area-division pieces=3
2026-05-21T04:55:06.513873Z [variant 1] [NEXTCOLLAB] division planner final workflow=no_split paths=2
2026-05-21T04:55:08.197745Z [variant 1] current remaining generic 0303 skipped: inputMissionID=7, missions=2, aircraft=[5, 6], pathIDs=[500000001, 600000001]
2026-05-21T04:55:12.899418Z [INFO] FlightPath build mode (variant=1): 0303=aircraft_parallel workers=2 aircraft=3, 0304=sequential
2026-05-21T04:55:12.900276Z [REPLAN][METRIC] flightpath_build_0303 variant=1 option=6 recon=0 mode=sequential buildMode=aircraft_parallel workers=2 aircraft=3 paths=4 reassignedWaypoints=10 elapsed_ms=4234.508 fallback=- worker_ms=4:189.797|5:125.536|6:83.010
2026-05-21T04:55:12.900916Z [INFO] FlightPath build time: 0303=4234.5 ms, 0304=451.2 ms
2026-05-21T04:55:12.901947Z [variant 1] current remaining collaborative hybrid applied: inputMissionID=7, aircraft=[5, 6], removedPaths=2, workflow=current_remaining:no_split
2026-05-21T04:55:12.999476Z [TIME] pathID_mapping (variant=1, current_remaining): 97.5 ms
2026-05-21T04:55:13.000429Z [INFO] pathID mapping done after current remaining hybrid merge (variant=1)
2026-05-21T04:55:13.001582Z [INFO] Applied LAH-UAV ETA follow speed plan (variant=1)
2026-05-21T04:55:13.002456Z [INFO] FlightPath pathID enforced (variant=1): 0303=6, 0304=6
2026-05-21T04:55:13.018551Z [OK] FlightPath counts (variant=1): 0303=6 / 0304=6
2026-05-21T04:55:13.019330Z [REPLAN][METRIC] flightpath_counts variant=1 option=6 recon=0 mode=sequential paths0303=6 paths0304=6 pathsTotal=12 waypoints0303=14 waypoints0304=12 waypointsTotal=26 maxWaypointsPerPath=3 emptyPaths=0 formationPaths=0
2026-05-21T04:55:13.071380Z [TIME] build_0302 (variant=1): 44.1 ms, packages=6
2026-05-21T04:55:13.073266Z [INFO] FlightPath individualMissionID synced (variant=1): fixed=12
2026-05-21T04:55:13.079015Z [TIME] write_0302 (variant=1): 7.8 ms, files=6
2026-05-21T04:55:13.131368Z [TIME] write_FlightPath (variant=1): 39.9 ms, files=12
2026-05-21T04:55:13.132405Z [REPLAN][METRIC] flightpath_write variant=1 option=6 recon=0 mode=sequential files0303=6 files0304=6 filesTotal=12 write_ms=39.894
2026-05-21T04:55:13.134854Z [TIME] write_0301 (variant=1): 1.4 ms
2026-05-21T04:55:13.135495Z [OK] Stored variant 1: MissionPlanID=700000071, IMP=6, FlightPath=12
2026-05-21T04:55:13.136304Z [REPLAN][TIME] variant_finished_ms=7678.7 wall_ms=1779339313134 variant=1 option=6 mode=sequential status=success duration_ms=7535.571
2026-05-21T04:55:13.137184Z [TIME] variant_total (variant=1): 7535.6 ms
2026-05-21T04:55:13.138015Z [INFO] Option mapping #1: planID=700000071, optionCode=6(정찰/시간 균형)
2026-05-21T04:55:13.139796Z [variant 2] 정찰특화 전용 runtime 적용 (areaWidth=600.0m, areaFov=2.4deg, areaSep=1000.0m, turnR=800.0m, splitCap=0, minSeg=0.0m)
2026-05-21T04:55:13.140710Z [REPLAN][TIME] variant_started_ms=7683.6 wall_ms=1779339313139 variant=2 option=4 mode=sequential
2026-05-21T04:55:13.141420Z [STEP 1.2] Divide & Pattern start
2026-05-21T04:55:13.147667Z [variant 2] [ENHANCED] VehicleStatus filter removed aircraft [4, 5, 6]
2026-05-21T04:55:13.148499Z [variant 2] [ENHANCED][1] split start: uavs=[4, 5, 6]
2026-05-21T04:55:13.155255Z [variant 2] [ENHANCED][1] split done: pieces=6
2026-05-21T04:55:13.156408Z [variant 2] [REPLAN][METRIC] recon_area_review_before option=4 pieces=6 areaPieces=3 maxSegmentM=600.000 maxSplitCountLimit=0 minSegmentM=0.000 fixedFovDeg=2.400 areaFovDeg=2.400 sweepSeparationM=1000.000 sweepSeparationScale=1.000 turnRadiusM=800.000
2026-05-21T04:55:13.158671Z [variant 2] [REPLAN][METRIC] recon_area_review option=4 elapsed_ms=2.222 maxSegmentM=600.000 maxSplitCountLimit=0 minSegmentM=0.000 pieces_before=6 pieces_after=6 area_before=3 area_after=3 targets=3 localized=3 changed_details=0 detail_count=3 split_count_sum=3 raw_split_count_sum=3 max_split_count=1 max_raw_split_count=1 split_capped_count=0 max_projected_span_m=108.019 max_total_len_m=0.000 max_segment_len_m=0.000 fixedFovDeg=2.400 areaFovDeg=2.400 sweepSeparationM=1000.000 sweepSeparationScale=1.000 turnRadiusM=800.000 reasons=-
2026-05-21T04:55:13.159606Z [variant 2] [ENHANCED][1R] recon-area-review done: targets=3 localized=3 pieces=6->6
2026-05-21T04:55:13.163277Z [variant 2] [ENHANCED][2] type-decider done: profile=6 changed=6/6
2026-05-21T04:55:13.337591Z [variant 2] [ENHANCED][3] expected-path done: count=6
2026-05-21T04:55:13.338906Z [variant 2] [ENHANCED][4] area-review done: overflow=0 targets=0 pieces=6->6
2026-05-21T04:55:13.528831Z [variant 2] [ENHANCED][5] expected-velocity done: pieces=6 dbRows=7010
2026-05-21T04:55:13.542022Z [variant 2] [ENHANCED][6] 0302 export done: files=6
2026-05-21T04:55:13.542972Z [variant 2] [ENHANCED] total=402.0 ms
2026-05-21T04:55:13.543997Z [TIME] divide_and_pattern (variant=2): 402.1 ms
2026-05-21T04:55:13.544832Z [OK] IMP generated: 6 file(s) (variant=2)
2026-05-21T04:55:13.556827Z [TIME] build_0301+load (variant=2): 14.5 ms
2026-05-21T04:55:13.558102Z [OK] MissionPlan built: MissionPlan_1779339313541.json (variant=2)
2026-05-21T04:55:13.564041Z [TIME] collect_missions (variant=2): 7.0 ms, count=12
2026-05-21T04:55:13.564820Z [INFO] pathID mapping delayed until current remaining hybrid merge (variant=2)
2026-05-21T04:55:13.582572Z [variant 2] [NEXTCOLLAB] division planner area-division pieces=3
2026-05-21T04:55:13.877814Z [variant 2] [NEXTCOLLAB] division planner final workflow=no_split paths=2
2026-05-21T04:55:15.572531Z [variant 2] current remaining generic 0303 skipped: inputMissionID=7, missions=2, aircraft=[5, 6], pathIDs=[500000001, 600000001]
2026-05-21T04:55:20.508961Z [INFO] FlightPath build mode (variant=2): 0303=aircraft_parallel workers=2 aircraft=3, 0304=sequential
2026-05-21T04:55:20.510025Z [REPLAN][METRIC] flightpath_build_0303 variant=2 option=4 recon=1 mode=sequential buildMode=aircraft_parallel workers=2 aircraft=3 paths=4 reassignedWaypoints=10 elapsed_ms=4455.880 fallback=- worker_ms=4:198.176|5:146.344|6:93.668
2026-05-21T04:55:20.510707Z [INFO] FlightPath build time: 0303=4455.9 ms, 0304=469.6 ms
2026-05-21T04:55:20.511714Z [variant 2] current remaining collaborative hybrid applied: inputMissionID=7, aircraft=[5, 6], removedPaths=2, workflow=current_remaining:no_split
2026-05-21T04:55:20.608817Z [TIME] pathID_mapping (variant=2, current_remaining): 98.1 ms
2026-05-21T04:55:20.609894Z [INFO] pathID mapping done after current remaining hybrid merge (variant=2)
2026-05-21T04:55:20.611698Z [INFO] Applied LAH-UAV ETA follow speed plan (variant=2)
2026-05-21T04:55:20.614286Z [INFO] FlightPath pathID enforced (variant=2): 0303=6, 0304=6
2026-05-21T04:55:20.628153Z [OK] FlightPath counts (variant=2): 0303=6 / 0304=6
2026-05-21T04:55:20.628983Z [REPLAN][METRIC] flightpath_counts variant=2 option=4 recon=1 mode=sequential paths0303=6 paths0304=6 pathsTotal=12 waypoints0303=14 waypoints0304=12 waypointsTotal=26 maxWaypointsPerPath=3 emptyPaths=0 formationPaths=0
2026-05-21T04:55:20.677621Z [TIME] build_0302 (variant=2): 41.6 ms, packages=6
2026-05-21T04:55:20.679027Z [INFO] FlightPath individualMissionID synced (variant=2): fixed=12
2026-05-21T04:55:20.685447Z [TIME] write_0302 (variant=2): 7.8 ms, files=6
2026-05-21T04:55:20.749950Z [TIME] write_FlightPath (variant=2): 53.2 ms, files=12
2026-05-21T04:55:20.750930Z [REPLAN][METRIC] flightpath_write variant=2 option=4 recon=1 mode=sequential files0303=6 files0304=6 filesTotal=12 write_ms=53.169
2026-05-21T04:55:20.756092Z [TIME] write_0301 (variant=2): 2.3 ms
2026-05-21T04:55:20.757218Z [OK] Stored variant 2: MissionPlanID=700000072, IMP=6, FlightPath=12
2026-05-21T04:55:20.758843Z [REPLAN][TIME] variant_finished_ms=15298.5 wall_ms=1779339320754 variant=2 option=4 mode=sequential status=success duration_ms=7614.852
2026-05-21T04:55:20.759644Z [TIME] variant_total (variant=2): 7614.9 ms
2026-05-21T04:55:20.760230Z [INFO] Option mapping #2: planID=700000072, optionCode=4(정찰특화)
2026-05-21T04:55:20.760799Z [variant 3] 일반 재계획 모드 적용
2026-05-21T04:55:20.761339Z [REPLAN][TIME] variant_started_ms=15302.2 wall_ms=1779339320758 variant=3 option=5 mode=sequential
2026-05-21T04:55:20.761955Z [STEP 1.3] Divide & Pattern start
2026-05-21T04:55:20.766384Z [variant 3] [ENHANCED] VehicleStatus filter removed aircraft [4, 5, 6]
2026-05-21T04:55:20.767269Z [variant 3] [ENHANCED][1] split start: uavs=[4, 5, 6]
2026-05-21T04:55:20.773888Z [variant 3] [ENHANCED][1] split done: pieces=6
2026-05-21T04:55:20.776483Z [variant 3] [ENHANCED][2] type-decider done: profile=6 changed=6/6
2026-05-21T04:55:20.931369Z [variant 3] [ENHANCED][3] expected-path done: count=6
2026-05-21T04:55:20.938984Z [variant 3] [ENHANCED][4] area-review done: overflow=0 targets=0 pieces=6->6
2026-05-21T04:55:21.107851Z [variant 3] [ENHANCED][5] expected-velocity done: pieces=6 dbRows=7010
2026-05-21T04:55:21.311060Z [variant 3] [ENHANCED][6] 0302 export done: files=6
2026-05-21T04:55:21.312021Z [variant 3] [ENHANCED] total=552.4 ms
2026-05-21T04:55:21.313092Z [TIME] divide_and_pattern (variant=3): 552.5 ms
2026-05-21T04:55:21.314443Z [OK] IMP generated: 6 file(s) (variant=3)
2026-05-21T04:55:21.326119Z [TIME] build_0301+load (variant=3): 14.9 ms
2026-05-21T04:55:21.327661Z [OK] MissionPlan built: MissionPlan_1779339321310.json (variant=3)
2026-05-21T04:55:21.337591Z [TIME] collect_missions (variant=3): 10.5 ms, count=12
2026-05-21T04:55:21.338963Z [INFO] pathID mapping delayed until current remaining hybrid merge (variant=3)
2026-05-21T04:55:21.352435Z [variant 3] [NEXTCOLLAB] division planner area-division pieces=3
2026-05-21T04:55:21.643611Z [variant 3] [NEXTCOLLAB] division planner final workflow=no_split paths=2
2026-05-21T04:55:23.394456Z [variant 3] current remaining generic 0303 skipped: inputMissionID=7, missions=2, aircraft=[5, 6], pathIDs=[500000001, 600000001]
2026-05-21T04:55:28.360303Z [INFO] FlightPath build mode (variant=3): 0303=aircraft_parallel workers=2 aircraft=3, 0304=sequential
2026-05-21T04:55:28.361096Z [REPLAN][METRIC] flightpath_build_0303 variant=3 option=5 recon=0 mode=sequential buildMode=aircraft_parallel workers=2 aircraft=3 paths=4 reassignedWaypoints=10 elapsed_ms=4505.165 fallback=- worker_ms=4:208.657|5:168.099|6:80.819
2026-05-21T04:55:28.361764Z [INFO] FlightPath build time: 0303=4505.2 ms, 0304=449.8 ms
2026-05-21T04:55:28.362451Z [variant 3] current remaining collaborative hybrid applied: inputMissionID=7, aircraft=[5, 6], removedPaths=2, workflow=current_remaining:no_split
2026-05-21T04:55:28.449199Z [TIME] pathID_mapping (variant=3, current_remaining): 86.7 ms
2026-05-21T04:55:28.450073Z [INFO] pathID mapping done after current remaining hybrid merge (variant=3)
2026-05-21T04:55:28.451284Z [INFO] Applied LAH-UAV ETA follow speed plan (variant=3)
2026-05-21T04:55:28.452376Z [INFO] FlightPath pathID enforced (variant=3): 0303=6, 0304=6
2026-05-21T04:55:28.463850Z [OK] FlightPath counts (variant=3): 0303=6 / 0304=6
2026-05-21T04:55:28.464537Z [REPLAN][METRIC] flightpath_counts variant=3 option=5 recon=0 mode=sequential paths0303=6 paths0304=6 pathsTotal=12 waypoints0303=14 waypoints0304=12 waypointsTotal=26 maxWaypointsPerPath=3 emptyPaths=0 formationPaths=0
2026-05-21T04:55:28.519502Z [TIME] build_0302 (variant=3): 44.4 ms, packages=6
2026-05-21T04:55:28.521179Z [INFO] FlightPath individualMissionID synced (variant=3): fixed=12
2026-05-21T04:55:28.527250Z [TIME] write_0302 (variant=3): 7.9 ms, files=6
2026-05-21T04:55:28.588646Z [TIME] write_FlightPath (variant=3): 48.9 ms, files=12
2026-05-21T04:55:28.589726Z [REPLAN][METRIC] flightpath_write variant=3 option=5 recon=0 mode=sequential files0303=6 files0304=6 filesTotal=12 write_ms=48.879
2026-05-21T04:55:28.592889Z [TIME] write_0301 (variant=3): 1.3 ms
2026-05-21T04:55:28.593683Z [OK] Stored variant 3: MissionPlanID=700000073, IMP=6, FlightPath=12
2026-05-21T04:55:28.594300Z [REPLAN][TIME] variant_finished_ms=23136.6 wall_ms=1779339328592 variant=3 option=5 mode=sequential status=success duration_ms=7834.357
2026-05-21T04:55:28.595087Z [TIME] variant_total (variant=3): 7834.4 ms
2026-05-21T04:55:28.595770Z [INFO] Option mapping #3: planID=700000073, optionCode=5(최소시간)
2026-05-21T04:55:28.596938Z [OK] Stored mission data: MissionPlan=3, IndividualMission=18, FlightPath=36
2026-05-21T04:55:28.598931Z [REPLAN][TIME] id_tab_update_deferred_ms=23140.9 wall_ms=1779339328596
2026-05-21T04:55:28.599826Z [REPLAN][TIME] pipeline_done_ms=23141.1 wall_ms=1779339328596 plans=3 force_direct=False
2026-05-21T04:55:28.601359Z [REPLAN][TIME] 0301_queued_ms=23141.1 wall_ms=1779339328596 plans=3
2026-05-21T04:55:28.602154Z [STEP 4] 0301 push queued (planIds=700000071, 700000072, 700000073)
2026-05-21T04:55:28.604546Z [0301] missionPlanID=700000071 전송
2026-05-21T04:55:28.607238Z [0301] missionPlanID=700000072 전송
2026-05-21T04:55:28.611215Z [0301] missionPlanID=700000073 전송
2026-05-21T04:55:28.613013Z [PUSH] 0301 direct batch send
2026-05-21T04:55:28.613815Z [REPLAN][TIME] 0301_sent_ms=23157.8 wall_ms=1779339328613 plans=3
2026-05-21T04:55:28.614588Z [REPLAN][TIME] post_0301_delivery_queued_ms=23158.6 wall_ms=1779339328614 grace_ms=0 timeout_ms=20 force_direct=0 mode=option_or_0901
2026-05-21T04:55:28.615252Z [INFO] Post-0301 apply queued (mode=option_or_0901, grace=0ms, timeout=20ms, plans=3)
2026-05-21T04:55:28.618212Z [REPLAN][TIME] 0305_status_2_ms=23162.2 wall_ms=1779339328617 reason=무인기 2번 고장 재계획
2026-05-21T04:55:28.618985Z [0305] status=2, reason=무인기 2번 고장 재계획, elapsed=23.05s 전송
2026-05-21T04:55:28.620915Z [REPLAN][TIME] post_0301_completion_ready_ms=23165.0 wall_ms=1779339328620 mode=option_or_0901
2026-05-21T04:55:28.621593Z [REPLAN][METRIC] source_artifact_cache entries=35 hits=33 misses=35
2026-05-21T04:55:28.656604Z [INFO] Post-0301 ready (timeout) -> sending 0901
2026-05-21T04:55:28.657616Z [REPLAN][TIME] post_0301_flushed_ms=23201.6 wall_ms=1779339328657 delivery=0901 trigger=timeout
2026-05-21T04:55:28.659825Z [REPLAN][TIME] 0901_sent_ms=23203.8 wall_ms=1779339328659 options=3
2026-05-21T04:55:28.660691Z [0901] option request sent (count=3, codes=6(정찰/시간 균형), 4(정찰특화), 5(최소시간))
2026-05-21T04:55:28.661430Z [REPLAN][TIME] id_tab_update_flushed_ms=23205.5 wall_ms=1779339328661
2026-05-21T04:55:50.956374Z [REPLAN][TIME] 0902_received_ms=0.2 wall_ms=1779339350956 trigger=general_3_option replanLevel=1 optionCount=3 forceDirect=0
2026-05-21T04:55:50.957547Z [REPLAN][TIME] 0902_archived_ms=1.4 wall_ms=1779339350957 path=replan_request_832654459613.json
2026-05-21T04:55:50.958147Z [AUTO] 0902 received (planIds=700000074, 700000075, 700000076)
2026-05-21T04:55:50.958759Z [REPLAN][TIME] pipeline_scheduled_ms=2.7 wall_ms=1779339350958 delay_ms=100
2026-05-21T04:55:50.959360Z [AUTO] replan pipeline scheduled after 0.1s delay
2026-05-21T04:55:51.070752Z [REPLAN][TIME] scheduled_start_ms=114.5 wall_ms=1779339351070
2026-05-21T04:55:51.074021Z [REPLAN][TIME] 0305_status_1_ms=117.9 wall_ms=1779339351073 reason=무인기 3번 고장 재계획
2026-05-21T04:55:51.074694Z [0305] status=1, reason=무인기 3번 고장 재계획 전송
2026-05-21T04:55:51.079404Z [INFO] Using latest 0203 ID 1 for missionReferencePackageID (fallback)
2026-05-21T04:55:51.080555Z [STEP 0] Replan pipeline start (reason=무인기 3번 고장 재계획)
2026-05-21T04:55:51.085712Z [INFO] UAV params loaded (cruise=40.00, turn_step=15.0)
2026-05-21T04:55:51.088637Z [INFO] Latest input snapshot → 0201:ID=5,ts=832654055195,src=-, 0203:ID=1,ts=832652848760,src=-
2026-05-21T04:55:51.089581Z [STEP 0] Using latest 0201 ID 5 (5.json)
2026-05-21T04:55:51.090185Z [STEP 0] Using latest 0203 ID 1 (1.json)
2026-05-21T04:55:51.090826Z [CHECK] 0201/0203 필수 데이터 확인 시작
2026-05-21T04:55:51.091414Z [OK] 0201 inputMissionList 확인됨 (count=7) → 진행
2026-05-21T04:55:51.092025Z [OK] 0201 availableAircraftList 확인됨 (count=6) → 진행
2026-05-21T04:55:51.092548Z [OK] 0201 inputMissionPackageType=1 확인
2026-05-21T04:55:51.093057Z [OK] 0201 mainSensor=1 확인
2026-05-21T04:55:51.093552Z [CHECK] 0201 기체 수=6 (UAV=3, LAH=3)
2026-05-21T04:55:51.094027Z [CHECK] 0201 임무: total=7 missingID=0 missingDetail=0 missingShape=0 unknownType=0 typeZeroAuto=0 typeZeroInvalid=0 lineOnlyViolation=0 skippedSinglePoint=0
2026-05-21T04:55:51.094628Z [OK] 0203 takeOverInfoList 확인됨 (count=3) → 진행
2026-05-21T04:55:51.095189Z [OK] 0203 handOverInfoList 확인됨 (count=3) → 진행
2026-05-21T04:55:51.095726Z [OK] 0203 flightAreaList 확인됨 (count=1) → 진행
2026-05-21T04:55:51.096244Z [CHECK] 0203 flightAreaList count=1
2026-05-21T04:55:51.098846Z [INFO] 임무 진행영역 스냅샷 적용: sourcePlan=700000067, updated=1, done=0
2026-05-21T04:55:51.100172Z [INFO] 현재 임무 collaborative hybrid armed: inputMissionID=7, sourcePlan=700000067, mode=current_remaining, aircraft=[4, 5, 6], options=all
2026-05-21T04:55:51.102260Z [INFO] Filtered completed input missions (removed=1, 2, 4, 5, 6, converted=-, widthAdjusted=-, skippedSinglePoint=-, snapshot=updated=1, done=0, collapse=-)
2026-05-21T04:55:51.108844Z [REPLAN][TIME] parallel_safety_gate_ms=152.3 wall_ms=1779339351108 enabled=False workers=1 waypoint_block_size=50000 reasons=remaining_snapshot_mutated
2026-05-21T04:55:51.109949Z [INFO] 일반 재계획 옵션 병렬 생성 비활성화(safety gate): remaining_snapshot_mutated
2026-05-21T04:55:51.111180Z [variant 1] 일반 재계획 모드 적용
2026-05-21T04:55:51.111652Z [REPLAN][TIME] variant_started_ms=154.6 wall_ms=1779339351110 variant=1 option=6 mode=sequential
2026-05-21T04:55:51.112432Z [STEP 1.1] Divide & Pattern start
2026-05-21T04:55:51.121656Z [variant 1] [ENHANCED] VehicleStatus filter removed aircraft [4, 5, 6]
2026-05-21T04:55:51.122676Z [variant 1] [ENHANCED][1] split start: uavs=[4, 5, 6]
2026-05-21T04:55:51.129015Z [variant 1] [ENHANCED][1] split done: pieces=6
2026-05-21T04:55:51.131517Z [variant 1] [ENHANCED][2] type-decider done: profile=6 changed=6/6
2026-05-21T04:55:51.290978Z [variant 1] [ENHANCED][3] expected-path done: count=6
2026-05-21T04:55:51.292620Z [variant 1] [ENHANCED][4] area-review done: overflow=0 targets=0 pieces=6->6
2026-05-21T04:55:51.475310Z [variant 1] [ENHANCED][5] expected-velocity done: pieces=6 dbRows=7010
2026-05-21T04:55:51.676536Z [variant 1] [ENHANCED][6] 0302 export done: files=6
2026-05-21T04:55:51.677575Z [variant 1] [ENHANCED] total=565.4 ms
2026-05-21T04:55:51.678547Z [TIME] divide_and_pattern (variant=1): 565.6 ms
2026-05-21T04:55:51.679400Z [OK] IMP generated: 6 file(s) (variant=1)
2026-05-21T04:55:51.690599Z [TIME] build_0301+load (variant=1): 13.8 ms
2026-05-21T04:55:51.692305Z [OK] MissionPlan built: MissionPlan_1779339351676.json (variant=1)
2026-05-21T04:55:51.699655Z [TIME] collect_missions (variant=1): 8.4 ms, count=12
2026-05-21T04:55:51.700435Z [INFO] pathID mapping delayed until current remaining hybrid merge (variant=1)
2026-05-21T04:55:51.722909Z [variant 1] [NEXTCOLLAB] division planner area-division pieces=3
2026-05-21T04:55:52.000319Z [variant 1] [NEXTCOLLAB] division planner final workflow=no_split paths=2
2026-05-21T04:55:53.793777Z [variant 1] current remaining generic 0303 skipped: inputMissionID=7, missions=2, aircraft=[5, 6], pathIDs=[500000001, 600000001]
2026-05-21T04:55:58.662078Z [INFO] FlightPath build mode (variant=1): 0303=aircraft_parallel workers=2 aircraft=3, 0304=sequential
2026-05-21T04:55:58.662889Z [REPLAN][METRIC] flightpath_build_0303 variant=1 option=6 recon=0 mode=sequential buildMode=aircraft_parallel workers=2 aircraft=3 paths=4 reassignedWaypoints=10 elapsed_ms=4420.868 fallback=- worker_ms=4:201.318|5:121.278|6:97.577
2026-05-21T04:55:58.663530Z [INFO] FlightPath build time: 0303=4420.9 ms, 0304=438.6 ms
2026-05-21T04:55:58.664171Z [variant 1] current remaining collaborative hybrid applied: inputMissionID=7, aircraft=[5, 6], removedPaths=2, workflow=current_remaining:no_split
2026-05-21T04:55:58.751544Z [TIME] pathID_mapping (variant=1, current_remaining): 86.9 ms
2026-05-21T04:55:58.752565Z [INFO] pathID mapping done after current remaining hybrid merge (variant=1)
2026-05-21T04:55:58.753496Z [INFO] Applied LAH-UAV ETA follow speed plan (variant=1)
2026-05-21T04:55:58.754627Z [INFO] FlightPath pathID enforced (variant=1): 0303=6, 0304=6
2026-05-21T04:55:58.767346Z [OK] FlightPath counts (variant=1): 0303=6 / 0304=6
2026-05-21T04:55:58.768097Z [REPLAN][METRIC] flightpath_counts variant=1 option=6 recon=0 mode=sequential paths0303=6 paths0304=6 pathsTotal=12 waypoints0303=14 waypoints0304=12 waypointsTotal=26 maxWaypointsPerPath=3 emptyPaths=0 formationPaths=0
2026-05-21T04:55:58.820924Z [TIME] build_0302 (variant=1): 45.7 ms, packages=6
2026-05-21T04:55:58.822016Z [INFO] FlightPath individualMissionID synced (variant=1): fixed=12
2026-05-21T04:55:58.829028Z [TIME] write_0302 (variant=1): 8.1 ms, files=6
2026-05-21T04:55:58.886255Z [TIME] write_FlightPath (variant=1): 46.0 ms, files=12
2026-05-21T04:55:58.887062Z [REPLAN][METRIC] flightpath_write variant=1 option=6 recon=0 mode=sequential files0303=6 files0304=6 filesTotal=12 write_ms=45.984
2026-05-21T04:55:58.891126Z [TIME] write_0301 (variant=1): 2.5 ms
2026-05-21T04:55:58.891811Z [OK] Stored variant 1: MissionPlanID=700000074, IMP=6, FlightPath=12
2026-05-21T04:55:58.892754Z [REPLAN][TIME] variant_finished_ms=7934.4 wall_ms=1779339358890 variant=1 option=6 mode=sequential status=success duration_ms=7779.765
2026-05-21T04:55:58.894793Z [TIME] variant_total (variant=1): 7779.8 ms
2026-05-21T04:55:58.895644Z [INFO] Option mapping #1: planID=700000074, optionCode=6(정찰/시간 균형)
2026-05-21T04:55:58.896255Z [variant 2] 정찰특화 전용 runtime 적용 (areaWidth=600.0m, areaFov=2.4deg, areaSep=1000.0m, turnR=800.0m, splitCap=0, minSeg=0.0m)
2026-05-21T04:55:58.896719Z [REPLAN][TIME] variant_started_ms=7938.7 wall_ms=1779339358894 variant=2 option=4 mode=sequential
2026-05-21T04:55:58.897213Z [STEP 1.2] Divide & Pattern start
2026-05-21T04:55:58.902066Z [variant 2] [ENHANCED] VehicleStatus filter removed aircraft [4, 5, 6]
2026-05-21T04:55:58.903051Z [variant 2] [ENHANCED][1] split start: uavs=[4, 5, 6]
2026-05-21T04:55:58.909481Z [variant 2] [ENHANCED][1] split done: pieces=6
2026-05-21T04:55:58.910990Z [variant 2] [REPLAN][METRIC] recon_area_review_before option=4 pieces=6 areaPieces=3 maxSegmentM=600.000 maxSplitCountLimit=0 minSegmentM=0.000 fixedFovDeg=2.400 areaFovDeg=2.400 sweepSeparationM=1000.000 sweepSeparationScale=1.000 turnRadiusM=800.000
2026-05-21T04:55:58.912630Z [variant 2] [REPLAN][METRIC] recon_area_review option=4 elapsed_ms=2.114 maxSegmentM=600.000 maxSplitCountLimit=0 minSegmentM=0.000 pieces_before=6 pieces_after=6 area_before=3 area_after=3 targets=3 localized=3 changed_details=0 detail_count=3 split_count_sum=3 raw_split_count_sum=3 max_split_count=1 max_raw_split_count=1 split_capped_count=0 max_projected_span_m=108.019 max_total_len_m=0.000 max_segment_len_m=0.000 fixedFovDeg=2.400 areaFovDeg=2.400 sweepSeparationM=1000.000 sweepSeparationScale=1.000 turnRadiusM=800.000 reasons=-
2026-05-21T04:55:58.913494Z [variant 2] [ENHANCED][1R] recon-area-review done: targets=3 localized=3 pieces=6->6
2026-05-21T04:55:58.916566Z [variant 2] [ENHANCED][2] type-decider done: profile=6 changed=6/6
2026-05-21T04:55:59.084342Z [variant 2] [ENHANCED][3] expected-path done: count=6
2026-05-21T04:55:59.085525Z [variant 2] [ENHANCED][4] area-review done: overflow=0 targets=0 pieces=6->6
2026-05-21T04:55:59.289463Z [variant 2] [ENHANCED][5] expected-velocity done: pieces=6 dbRows=7010
2026-05-21T04:55:59.297041Z [variant 2] [ENHANCED][6] 0302 export done: files=6
2026-05-21T04:55:59.298029Z [variant 2] [ENHANCED] total=402.0 ms
2026-05-21T04:55:59.299112Z [TIME] divide_and_pattern (variant=2): 402.2 ms
2026-05-21T04:55:59.299900Z [OK] IMP generated: 6 file(s) (variant=2)
2026-05-21T04:55:59.311655Z [TIME] build_0301+load (variant=2): 14.3 ms
2026-05-21T04:55:59.312955Z [OK] MissionPlan built: MissionPlan_1779339359296.json (variant=2)
2026-05-21T04:55:59.318185Z [TIME] collect_missions (variant=2): 6.5 ms, count=12
2026-05-21T04:55:59.318989Z [INFO] pathID mapping delayed until current remaining hybrid merge (variant=2)
2026-05-21T04:55:59.335629Z [variant 2] [NEXTCOLLAB] division planner area-division pieces=3
2026-05-21T04:55:59.669672Z [variant 2] [NEXTCOLLAB] division planner final workflow=no_split paths=2
2026-05-21T04:56:01.505901Z [variant 2] current remaining generic 0303 skipped: inputMissionID=7, missions=2, aircraft=[5, 6], pathIDs=[500000001, 600000001]
2026-05-21T04:56:06.567931Z [INFO] FlightPath build mode (variant=2): 0303=aircraft_parallel workers=2 aircraft=3, 0304=sequential
2026-05-21T04:56:06.568683Z [REPLAN][METRIC] flightpath_build_0303 variant=2 option=4 recon=1 mode=sequential buildMode=aircraft_parallel workers=2 aircraft=3 paths=4 reassignedWaypoints=10 elapsed_ms=4593.449 fallback=- worker_ms=4:210.598|5:146.898|6:93.439
2026-05-21T04:56:06.569385Z [INFO] FlightPath build time: 0303=4593.4 ms, 0304=458.3 ms
2026-05-21T04:56:06.571074Z [variant 2] current remaining collaborative hybrid applied: inputMissionID=7, aircraft=[5, 6], removedPaths=2, workflow=current_remaining:no_split
2026-05-21T04:56:06.659382Z [TIME] pathID_mapping (variant=2, current_remaining): 88.9 ms
2026-05-21T04:56:06.660357Z [INFO] pathID mapping done after current remaining hybrid merge (variant=2)
2026-05-21T04:56:06.661596Z [INFO] Applied LAH-UAV ETA follow speed plan (variant=2)
2026-05-21T04:56:06.662639Z [INFO] FlightPath pathID enforced (variant=2): 0303=6, 0304=6
2026-05-21T04:56:06.670855Z [OK] FlightPath counts (variant=2): 0303=6 / 0304=6
2026-05-21T04:56:06.671805Z [REPLAN][METRIC] flightpath_counts variant=2 option=4 recon=1 mode=sequential paths0303=6 paths0304=6 pathsTotal=12 waypoints0303=14 waypoints0304=12 waypointsTotal=26 maxWaypointsPerPath=3 emptyPaths=0 formationPaths=0
2026-05-21T04:56:06.721460Z [TIME] build_0302 (variant=2): 42.4 ms, packages=6
2026-05-21T04:56:06.723159Z [INFO] FlightPath individualMissionID synced (variant=2): fixed=12
2026-05-21T04:56:06.730809Z [TIME] write_0302 (variant=2): 9.4 ms, files=6
2026-05-21T04:56:06.793809Z [TIME] write_FlightPath (variant=2): 51.7 ms, files=12
2026-05-21T04:56:06.795091Z [REPLAN][METRIC] flightpath_write variant=2 option=4 recon=1 mode=sequential files0303=6 files0304=6 filesTotal=12 write_ms=51.691
2026-05-21T04:56:06.798208Z [TIME] write_0301 (variant=2): 1.3 ms
2026-05-21T04:56:06.798884Z [OK] Stored variant 2: MissionPlanID=700000075, IMP=6, FlightPath=12
2026-05-21T04:56:06.799623Z [REPLAN][TIME] variant_finished_ms=15842.1 wall_ms=1779339366797 variant=2 option=4 mode=sequential status=success duration_ms=7903.429
2026-05-21T04:56:06.800290Z [TIME] variant_total (variant=2): 7903.4 ms
2026-05-21T04:56:06.801133Z [INFO] Option mapping #2: planID=700000075, optionCode=4(정찰특화)
2026-05-21T04:56:06.802663Z [variant 3] 일반 재계획 모드 적용
2026-05-21T04:56:06.803537Z [REPLAN][TIME] variant_started_ms=15846.6 wall_ms=1779339366802 variant=3 option=5 mode=sequential
2026-05-21T04:56:06.804192Z [STEP 1.3] Divide & Pattern start
2026-05-21T04:56:06.811841Z [variant 3] [ENHANCED] VehicleStatus filter removed aircraft [4, 5, 6]
2026-05-21T04:56:06.812682Z [variant 3] [ENHANCED][1] split start: uavs=[4, 5, 6]
2026-05-21T04:56:06.819005Z [variant 3] [ENHANCED][1] split done: pieces=6
2026-05-21T04:56:06.822214Z [variant 3] [ENHANCED][2] type-decider done: profile=6 changed=6/6
2026-05-21T04:56:07.013656Z [variant 3] [ENHANCED][3] expected-path done: count=6
2026-05-21T04:56:07.014801Z [variant 3] [ENHANCED][4] area-review done: overflow=0 targets=0 pieces=6->6
2026-05-21T04:56:07.163265Z [variant 3] [ENHANCED][5] expected-velocity done: pieces=6 dbRows=7010
2026-05-21T04:56:07.390297Z [variant 3] [ENHANCED][6] 0302 export done: files=6
2026-05-21T04:56:07.391159Z [variant 3] [ENHANCED] total=587.4 ms
2026-05-21T04:56:07.392070Z [TIME] divide_and_pattern (variant=3): 587.6 ms
2026-05-21T04:56:07.392974Z [OK] IMP generated: 6 file(s) (variant=3)
2026-05-21T04:56:07.404009Z [TIME] build_0301+load (variant=3): 13.5 ms
2026-05-21T04:56:07.405222Z [OK] MissionPlan built: MissionPlan_1779339367390.json (variant=3)
2026-05-21T04:56:07.410541Z [TIME] collect_missions (variant=3): 6.4 ms, count=12
2026-05-21T04:56:07.411414Z [INFO] pathID mapping delayed until current remaining hybrid merge (variant=3)
2026-05-21T04:56:07.430377Z [variant 3] [NEXTCOLLAB] division planner area-division pieces=3
2026-05-21T04:56:07.713112Z [variant 3] [NEXTCOLLAB] division planner final workflow=no_split paths=2
2026-05-21T04:56:09.507367Z [variant 3] current remaining generic 0303 skipped: inputMissionID=7, missions=2, aircraft=[5, 6], pathIDs=[500000001, 600000001]
2026-05-21T04:56:14.653786Z [INFO] FlightPath build mode (variant=3): 0303=aircraft_parallel workers=2 aircraft=3, 0304=sequential
2026-05-21T04:56:14.654657Z [REPLAN][METRIC] flightpath_build_0303 variant=3 option=5 recon=0 mode=sequential buildMode=aircraft_parallel workers=2 aircraft=3 paths=4 reassignedWaypoints=10 elapsed_ms=4661.580 fallback=- worker_ms=4:205.068|5:132.740|6:89.351
2026-05-21T04:56:14.655428Z [INFO] FlightPath build time: 0303=4661.6 ms, 0304=476.1 ms
2026-05-21T04:56:14.656085Z [variant 3] current remaining collaborative hybrid applied: inputMissionID=7, aircraft=[5, 6], removedPaths=2, workflow=current_remaining:no_split
2026-05-21T04:56:14.741608Z [TIME] pathID_mapping (variant=3, current_remaining): 84.9 ms
2026-05-21T04:56:14.742652Z [INFO] pathID mapping done after current remaining hybrid merge (variant=3)
2026-05-21T04:56:14.744087Z [INFO] Applied LAH-UAV ETA follow speed plan (variant=3)
2026-05-21T04:56:14.745484Z [INFO] FlightPath pathID enforced (variant=3): 0303=6, 0304=6
2026-05-21T04:56:14.759793Z [OK] FlightPath counts (variant=3): 0303=6 / 0304=6
2026-05-21T04:56:14.761971Z [REPLAN][METRIC] flightpath_counts variant=3 option=5 recon=0 mode=sequential paths0303=6 paths0304=6 pathsTotal=12 waypoints0303=14 waypoints0304=12 waypointsTotal=26 maxWaypointsPerPath=3 emptyPaths=0 formationPaths=0
2026-05-21T04:56:14.816156Z [TIME] build_0302 (variant=3): 47.9 ms, packages=6
2026-05-21T04:56:14.817667Z [INFO] FlightPath individualMissionID synced (variant=3): fixed=12
2026-05-21T04:56:14.824991Z [TIME] write_0302 (variant=3): 7.8 ms, files=6
2026-05-21T04:56:14.885247Z [TIME] write_FlightPath (variant=3): 46.3 ms, files=12
2026-05-21T04:56:14.886199Z [REPLAN][METRIC] flightpath_write variant=3 option=5 recon=0 mode=sequential files0303=6 files0304=6 filesTotal=12 write_ms=46.327
2026-05-21T04:56:14.888978Z [TIME] write_0301 (variant=3): 1.2 ms
2026-05-21T04:56:14.889780Z [OK] Stored variant 3: MissionPlanID=700000076, IMP=6, FlightPath=12
2026-05-21T04:56:14.890578Z [REPLAN][TIME] variant_finished_ms=23933.0 wall_ms=1779339374888 variant=3 option=5 mode=sequential status=success duration_ms=8086.363
2026-05-21T04:56:14.891300Z [TIME] variant_total (variant=3): 8086.4 ms
2026-05-21T04:56:14.891889Z [INFO] Option mapping #3: planID=700000076, optionCode=5(최소시간)
2026-05-21T04:56:14.892750Z [OK] Stored mission data: MissionPlan=3, IndividualMission=18, FlightPath=36
2026-05-21T04:56:14.894284Z [REPLAN][TIME] id_tab_update_deferred_ms=23936.7 wall_ms=1779339374892
2026-05-21T04:56:14.895117Z [REPLAN][TIME] pipeline_done_ms=23936.8 wall_ms=1779339374892 plans=3 force_direct=False
2026-05-21T04:56:14.896781Z [REPLAN][TIME] 0301_queued_ms=23936.9 wall_ms=1779339374892 plans=3
2026-05-21T04:56:14.897492Z [STEP 4] 0301 push queued (planIds=700000074, 700000075, 700000076)
2026-05-21T04:56:14.900061Z [0301] missionPlanID=700000074 전송
2026-05-21T04:56:14.903232Z [0301] missionPlanID=700000075 전송
2026-05-21T04:56:14.905816Z [0301] missionPlanID=700000076 전송
2026-05-21T04:56:14.907301Z [PUSH] 0301 direct batch send
2026-05-21T04:56:14.907931Z [REPLAN][TIME] 0301_sent_ms=23952.0 wall_ms=1779339374907 plans=3
2026-05-21T04:56:14.908519Z [REPLAN][TIME] post_0301_delivery_queued_ms=23952.6 wall_ms=1779339374908 grace_ms=0 timeout_ms=20 force_direct=0 mode=option_or_0901
2026-05-21T04:56:14.909040Z [INFO] Post-0301 apply queued (mode=option_or_0901, grace=0ms, timeout=20ms, plans=3)
2026-05-21T04:56:14.911645Z [REPLAN][TIME] 0305_status_2_ms=23955.7 wall_ms=1779339374911 reason=무인기 3번 고장 재계획
2026-05-21T04:56:14.912387Z [0305] status=2, reason=무인기 3번 고장 재계획, elapsed=23.84s 전송
2026-05-21T04:56:14.913095Z [REPLAN][TIME] post_0301_completion_ready_ms=23957.2 wall_ms=1779339374912 mode=option_or_0901
2026-05-21T04:56:14.913692Z [REPLAN][METRIC] source_artifact_cache entries=35 hits=33 misses=35
2026-05-21T04:56:14.951796Z [INFO] Post-0301 ready (timeout) -> sending 0901
2026-05-21T04:56:14.952642Z [REPLAN][TIME] post_0301_flushed_ms=23996.7 wall_ms=1779339374952 delivery=0901 trigger=timeout
2026-05-21T04:56:14.954995Z [REPLAN][TIME] 0901_sent_ms=23999.0 wall_ms=1779339374954 options=3
2026-05-21T04:56:14.955744Z [0901] option request sent (count=3, codes=6(정찰/시간 균형), 4(정찰특화), 5(최소시간))
2026-05-21T04:56:14.956453Z [REPLAN][TIME] id_tab_update_flushed_ms=24000.6 wall_ms=1779339374956
